  5.999999999999999E-012  1.502271923838194E-008
  1.200000000000000E-011  1.493048188833964E-008
  1.800000000000000E-011  1.483920263090043E-008
  2.400000000000000E-011  1.474886781392455E-008
  3.000000000000000E-011  1.465946400516888E-008
  3.600000000000000E-011  1.457097798860475E-008
  4.200000000000000E-011  1.448339676079812E-008
  4.800000000000000E-011  1.439670752735105E-008
  5.399999999999999E-011  1.431089769940345E-008
  6.000000000000000E-011  1.422595489019415E-008
  6.599999999999999E-011  1.414186691168013E-008
  7.200000000000000E-011  1.405862177121303E-008
  7.800000000000000E-011  1.397620766827196E-008
  8.399999999999999E-011  1.389461299125165E-008
  9.000000000000000E-011  1.381382631430491E-008
  9.599999999999999E-011  1.373383639423863E-008
  1.020000000000000E-010  1.365463216746230E-008
  1.080000000000000E-010  1.357620274698822E-008
  1.140000000000000E-010  1.349853741948236E-008
  1.200000000000000E-010  1.342162564236537E-008
  1.260000000000000E-010  1.334545704096243E-008
  1.320000000000000E-010  1.327002140570148E-008
  1.380000000000000E-010  1.319530868935881E-008
  1.440000000000000E-010  1.312130900435124E-008
  1.500000000000000E-010  1.304801262007421E-008
  1.560000000000000E-010  1.297540996028476E-008
  1.620000000000000E-010  1.290349160052896E-008
  1.680000000000000E-010  1.283224826561268E-008
  1.740000000000000E-010  1.276167082711532E-008
  1.800000000000000E-010  1.269175030094545E-008
  1.860000000000000E-010  1.262247784493785E-008
  1.920000000000000E-010  1.255384475649123E-008
  1.980000000000000E-010  1.248584247024580E-008
  2.040000000000000E-010  1.241846255580021E-008
  2.100000000000000E-010  1.235169671546701E-008
  2.160000000000000E-010  1.228553678206612E-008
  2.220000000000000E-010  1.221997471675554E-008
  2.280000000000000E-010  1.215500260689879E-008
  2.340000000000000E-010  1.209061266396834E-008
  2.400000000000000E-010  1.202679722148454E-008
  2.460000000000000E-010  1.196354873298928E-008
  2.520000000000000E-010  1.190085977005398E-008
  2.580000000000000E-010  1.183872302032122E-008
  2.640000000000000E-010  1.177713128557938E-008
  2.699999999999999E-010  1.171607747986995E-008
  2.760000000000000E-010  1.165555462762662E-008
  2.820000000000000E-010  1.159555586184603E-008
  2.880000000000000E-010  1.153607442228916E-008
  2.940000000000000E-010  1.147710365371330E-008
  3.000000000000000E-010  1.141863700413376E-008
  3.060000000000000E-010  1.136066802311497E-008
  3.120000000000000E-010  1.130319036009041E-008
  3.179999999999999E-010  1.124619776271090E-008
  3.240000000000000E-010  1.118968407522080E-008
  3.299999999999999E-010  1.113364323686155E-008
  3.360000000000000E-010  1.107806928030220E-008
  3.420000000000000E-010  1.102295633009643E-008
  3.480000000000000E-010  1.096829860116553E-008
  3.540000000000000E-010  1.091409039730708E-008
  3.600000000000000E-010  1.086032610972867E-008
  3.659999999999999E-010  1.080700021560641E-008
  3.720000000000000E-010  1.075410727666777E-008
  3.779999999999999E-010  1.070164193779825E-008
  3.840000000000000E-010  1.064959892567160E-008
  3.900000000000000E-010  1.059797304740309E-008
  3.960000000000000E-010  1.054675918922550E-008
  4.020000000000000E-010  1.049595231518742E-008
  4.080000000000000E-010  1.044554746587350E-008
  4.140000000000000E-010  1.039553975714621E-008
  4.199999999999999E-010  1.034592437890887E-008
  4.260000000000000E-010  1.029669659388949E-008
  4.320000000000000E-010  1.024785173644504E-008
  4.380000000000000E-010  1.019938521138594E-008
  4.440000000000000E-010  1.015129249282028E-008
  4.500000000000000E-010  1.010356912301757E-008
  4.560000000000000E-010  1.005621071129152E-008
  4.620000000000000E-010  1.000921293290171E-008
  4.679999999999999E-010  9.962571527973700E-009
  4.740000000000000E-010  9.916282300437327E-009
  4.800000000000000E-010  9.870341116982855E-009
  4.860000000000000E-010  9.824743906034698E-009
  4.920000000000000E-010  9.779486656742395E-009
  4.979999999999999E-010  9.734565417988557E-009
  5.039999999999999E-010  9.689976297413491E-009
  5.100000000000000E-010  9.645715460456235E-009
  5.160000000000000E-010  9.601779129411695E-009
  5.220000000000000E-010  9.558163582503651E-009
  5.279999999999999E-010  9.514865152973311E-009
  5.340000000000000E-010  9.471880228183212E-009
  5.399999999999999E-010  9.429205248736162E-009
  5.460000000000000E-010  9.386836707608962E-009
  5.520000000000000E-010  9.344771149300706E-009
  5.579999999999999E-010  9.303005168995369E-009
  5.639999999999999E-010  9.261535411738450E-009
  5.700000000000000E-010  9.220358571627443E-009
  5.760000000000000E-010  9.179471391015886E-009
  5.820000000000000E-010  9.138870659730777E-009
  5.880000000000000E-010  9.098553214303117E-009
  5.939999999999999E-010  9.058515937211340E-009
  6.000000000000000E-010  9.018755756137472E-009
  6.060000000000000E-010  8.979269643235717E-009
  6.120000000000000E-010  8.940054614413339E-009
  6.179999999999999E-010  8.901107728623585E-009
  6.240000000000000E-010  8.862426087170457E-009
  6.300000000000000E-010  8.824006833025139E-009
  6.359999999999999E-010  8.785847150153862E-009
  6.420000000000000E-010  8.747944262857038E-009
  6.479999999999999E-010  8.710295435119476E-009
  6.540000000000000E-010  8.672897969971441E-009
  6.599999999999999E-010  8.635749208860428E-009
  6.660000000000000E-010  8.598846531033461E-009
  6.720000000000000E-010  8.562187352929712E-009
  6.780000000000000E-010  8.525769127583273E-009
  6.839999999999999E-010  8.489589344035959E-009
  6.899999999999999E-010  8.453645526759857E-009
  6.960000000000000E-010  8.417935235089613E-009
  7.020000000000000E-010  8.382456062664144E-009
  7.079999999999999E-010  8.347205636877710E-009
  7.139999999999999E-010  8.312181618340143E-009
  7.200000000000000E-010  8.277381700346107E-009
  7.260000000000000E-010  8.242803608353224E-009
  7.319999999999999E-010  8.208445099468872E-009
  7.379999999999999E-010  8.174303961945604E-009
  7.439999999999999E-010  8.140378014684962E-009
  7.500000000000000E-010  8.106665106749561E-009
  7.559999999999999E-010  8.073163116883323E-009
  7.620000000000000E-010  8.039869953039720E-009
  7.679999999999999E-010  8.006783551917854E-009
  7.740000000000000E-010  7.973901878506312E-009
  7.800000000000000E-010  7.941222925634573E-009
  7.859999999999999E-010  7.908744713531925E-009
  7.920000000000000E-010  7.876465289393713E-009
  7.979999999999999E-010  7.844382726954812E-009
  8.040000000000000E-010  7.812495126070205E-009
  8.099999999999999E-010  7.780800612302521E-009
  8.160000000000000E-010  7.749297336516473E-009
  8.220000000000000E-010  7.717983474479989E-009
  8.280000000000000E-010  7.686857226472035E-009
  8.339999999999999E-010  7.655916816896905E-009
  8.399999999999999E-010  7.625160493904958E-009
  8.460000000000000E-010  7.594586529019623E-009
  8.520000000000000E-010  7.564193216770640E-009
  8.579999999999999E-010  7.533978874333345E-009
  8.639999999999999E-010  7.503941841173979E-009
  8.700000000000000E-010  7.474080478700869E-009
  8.760000000000000E-010  7.444393169921386E-009
  8.819999999999998E-010  7.414878319104615E-009
  8.879999999999999E-010  7.385534351449588E-009
  8.939999999999999E-010  7.356359712759040E-009
  9.000000000000000E-010  7.327352869118566E-009
  9.059999999999999E-010  7.298512306581080E-009
  9.120000000000000E-010  7.269836530856512E-009
  9.179999999999999E-010  7.241324067006624E-009
  9.240000000000000E-010  7.212973459144903E-009
  9.299999999999999E-010  7.184783270141393E-009
  9.359999999999999E-010  7.156752081332414E-009
  9.419999999999998E-010  7.128878492235092E-009
  9.480000000000000E-010  7.101161120266581E-009
  9.539999999999998E-010  7.073598600467951E-009
  9.600000000000000E-010  7.046189585232619E-009
  9.660000000000000E-010  7.018932744039255E-009
  9.720000000000000E-010  6.991826763189117E-009
  9.779999999999999E-010  6.964870345547707E-009
  9.839999999999999E-010  6.938062210290669E-009
  9.899999999999999E-010  6.911401092653914E-009
  9.959999999999999E-010  6.884885743687824E-009
  1.002000000000000E-009  6.858514930015526E-009
  1.008000000000000E-009  6.832287433595131E-009
  1.014000000000000E-009  6.806202051485908E-009
  1.020000000000000E-009  6.780257595618272E-009
  1.026000000000000E-009  6.754452892567584E-009
  1.032000000000000E-009  6.728786783331641E-009
  1.038000000000000E-009  6.703258123111857E-009
  1.044000000000000E-009  6.677865781097995E-009
  1.050000000000000E-009  6.652608640256469E-009
  1.056000000000000E-009  6.627485597122097E-009
  1.062000000000000E-009  6.602495561593281E-009
  1.068000000000000E-009  6.577637456730535E-009
  1.074000000000000E-009  6.552910218558326E-009
  1.080000000000000E-009  6.528312795870150E-009
  1.086000000000000E-009  6.503844150036804E-009
  1.092000000000000E-009  6.479503254817798E-009
  1.098000000000000E-009  6.455289096175842E-009
  1.104000000000000E-009  6.431200672094377E-009
  1.110000000000000E-009  6.407236992398081E-009
  1.116000000000000E-009  6.383397078576308E-009
  1.122000000000000E-009  6.359679963609409E-009
  1.128000000000000E-009  6.336084691797887E-009
  1.134000000000000E-009  6.312610318594344E-009
  1.140000000000000E-009  6.289255910438147E-009
  1.146000000000000E-009  6.266020544592823E-009
  1.152000000000000E-009  6.242903308986064E-009
  1.158000000000000E-009  6.219903302052359E-009
  1.164000000000000E-009  6.197019632578180E-009
  1.170000000000000E-009  6.174251419549686E-009
  1.176000000000000E-009  6.151597792002897E-009
  1.182000000000000E-009  6.129057888876303E-009
  1.188000000000000E-009  6.106630858865876E-009
  1.194000000000000E-009  6.084315860282412E-009
  1.200000000000000E-009  6.062112060911207E-009
  1.206000000000000E-009  6.040018637873999E-009
  1.212000000000000E-009  6.018034777493134E-009
  1.218000000000000E-009  5.996159675157959E-009
  1.224000000000000E-009  5.974392535193340E-009
  1.230000000000000E-009  5.952732570730343E-009
  1.236000000000000E-009  5.931179003578968E-009
  1.242000000000000E-009  5.909731064102962E-009
  1.248000000000000E-009  5.888387991096651E-009
  1.254000000000000E-009  5.867149031663746E-009
  1.260000000000000E-009  5.846013441098106E-009
  1.266000000000000E-009  5.824980482766431E-009
  1.272000000000000E-009  5.804049427992835E-009
  1.278000000000000E-009  5.783219555945267E-009
  1.284000000000000E-009  5.762490153523784E-009
  1.290000000000000E-009  5.741860515250583E-009
  1.296000000000000E-009  5.721329943161834E-009
  1.302000000000000E-009  5.700897746701224E-009
  1.308000000000000E-009  5.680563242615210E-009
  1.314000000000000E-009  5.660325754849967E-009
  1.320000000000000E-009  5.640184614449963E-009
  1.326000000000000E-009  5.620139159458174E-009
  1.332000000000000E-009  5.600188734817886E-009
  1.338000000000000E-009  5.580332692276058E-009
  1.344000000000000E-009  5.560570390288256E-009
  1.350000000000000E-009  5.540901193925065E-009
  1.356000000000000E-009  5.521324474780019E-009
  1.362000000000000E-009  5.501839610878990E-009
  1.368000000000000E-009  5.482445986591021E-009
  1.374000000000000E-009  5.463142992540565E-009
  1.380000000000000E-009  5.443930025521143E-009
  1.386000000000000E-009  5.424806488410343E-009
  1.392000000000000E-009  5.405771790086200E-009
  1.398000000000000E-009  5.386825345344859E-009
  1.404000000000000E-009  5.367966574819590E-009
  1.410000000000000E-009  5.349194904901055E-009
  1.416000000000000E-009  5.330509767658836E-009
  1.422000000000000E-009  5.311910600764214E-009
  1.428000000000000E-009  5.293396847414167E-009
  1.434000000000000E-009  5.274967956256546E-009
  1.440000000000000E-009  5.256623381316466E-009
  1.446000000000000E-009  5.238362581923826E-009
  1.452000000000000E-009  5.220185022641971E-009
  1.458000000000000E-009  5.202090173197498E-009
  1.464000000000000E-009  5.184077508411145E-009
  1.470000000000000E-009  5.166146508129754E-009
  1.476000000000000E-009  5.148296657159339E-009
  1.482000000000000E-009  5.130527445199159E-009
  1.488000000000000E-009  5.112838366776849E-009
  1.494000000000000E-009  5.095228921184555E-009
  1.500000000000000E-009  5.077698612416068E-009
  1.506000000000000E-009  5.060246949104941E-009
  1.512000000000000E-009  5.042873444463563E-009
  1.518000000000000E-009  5.025577616223191E-009
  1.524000000000000E-009  5.008358986574909E-009
  1.530000000000000E-009  4.991217082111505E-009
  1.536000000000000E-009  4.974151433770249E-009
  1.542000000000000E-009  4.957161576776562E-009
  1.548000000000000E-009  4.940247050588551E-009
  1.554000000000000E-009  4.923407398842412E-009
  1.560000000000000E-009  4.906642169298667E-009
  1.566000000000000E-009  4.889950913789229E-009
  1.572000000000000E-009  4.873333188165308E-009
  1.578000000000000E-009  4.856788552246077E-009
  1.584000000000000E-009  4.840316569768167E-009
  1.590000000000000E-009  4.823916808335917E-009
  1.596000000000000E-009  4.807588839372396E-009
  1.602000000000000E-009  4.791332238071173E-009
  1.608000000000000E-009  4.775146583348825E-009
  1.614000000000000E-009  4.759031457798172E-009
  1.620000000000000E-009  4.742986447642234E-009
  1.626000000000000E-009  4.727011142688872E-009
  1.632000000000000E-009  4.711105136286148E-009
  1.638000000000000E-009  4.695268025278337E-009
  1.644000000000000E-009  4.679499409962624E-009
  1.650000000000000E-009  4.663798894046462E-009
  1.656000000000000E-009  4.648166084605557E-009
  1.662000000000000E-009  4.632600592042514E-009
  1.668000000000000E-009  4.617102030046091E-009
  1.674000000000000E-009  4.601670015551075E-009
  1.680000000000000E-009  4.586304168698768E-009
  1.686000000000000E-009  4.571004112798057E-009
  1.692000000000000E-009  4.555769474287082E-009
  1.698000000000000E-009  4.540599882695476E-009
  1.704000000000000E-009  4.525494970607165E-009
  1.710000000000000E-009  4.510454373623740E-009
  1.716000000000000E-009  4.495477730328357E-009
  1.722000000000000E-009  4.480564682250202E-009
  1.728000000000000E-009  4.465714873829465E-009
  1.734000000000000E-009  4.450927952382845E-009
  1.740000000000000E-009  4.436203568069569E-009
  1.746000000000000E-009  4.421541373857915E-009
  1.752000000000000E-009  4.406941025492229E-009
  1.758000000000000E-009  4.392402181460440E-009
  1.764000000000000E-009  4.377924502962039E-009
  1.770000000000000E-009  4.363507653876552E-009
  1.776000000000000E-009  4.349151300732459E-009
  1.782000000000000E-009  4.334855112676589E-009
  1.788000000000000E-009  4.320618761443942E-009
  1.794000000000000E-009  4.306441921327983E-009
  1.800000000000000E-009  4.292324269151342E-009
  1.806000000000000E-009  4.278265484236969E-009
  1.812000000000000E-009  4.264265248379694E-009
  1.818000000000000E-009  4.250323245818205E-009
  1.824000000000000E-009  4.236439163207443E-009
  1.830000000000000E-009  4.222612689591379E-009
  1.836000000000000E-009  4.208843516376217E-009
  1.842000000000000E-009  4.195131337303951E-009
  1.848000000000000E-009  4.181475848426330E-009
  1.854000000000000E-009  4.167876748079192E-009
  1.860000000000000E-009  4.154333736857158E-009
  1.866000000000000E-009  4.140846517588707E-009
  1.872000000000000E-009  4.127414795311601E-009
  1.878000000000000E-009  4.114038277248654E-009
  1.884000000000000E-009  4.100716672783869E-009
  1.890000000000000E-009  4.087449693438893E-009
  1.896000000000000E-009  4.074237052849830E-009
  1.902000000000000E-009  4.061078466744366E-009
  1.908000000000000E-009  4.047973652919225E-009
  1.914000000000000E-009  4.034922331217952E-009
  1.920000000000000E-009  4.021924223509007E-009
  1.926000000000000E-009  4.008979053664157E-009
  1.932000000000000E-009  3.996086547537197E-009
  1.938000000000000E-009  3.983246432942943E-009
  1.944000000000000E-009  3.970458439636541E-009
  1.950000000000000E-009  3.957722299293064E-009
  1.956000000000000E-009  3.945037745487379E-009
  1.962000000000000E-009  3.932404513674317E-009
  1.968000000000000E-009  3.919822341169103E-009
  1.974000000000000E-009  3.907290967128066E-009
  1.980000000000000E-009  3.894810132529616E-009
  1.986000000000000E-009  3.882379580155486E-009
  1.992000000000000E-009  3.869999054572227E-009
  1.998000000000000E-009  3.857668302112970E-009
  2.004000000000000E-009  3.845387070859425E-009
  2.010000000000000E-009  3.833155110624143E-009
  2.016000000000000E-009  3.820972172933008E-009
  2.022000000000000E-009  3.808838011007972E-009
  2.028000000000000E-009  3.796752379750038E-009
  2.034000000000000E-009  3.784715035722456E-009
  2.040000000000000E-009  3.772725737134156E-009
  2.046000000000000E-009  3.760784243823420E-009
  2.052000000000000E-009  3.748890317241736E-009
  2.058000000000000E-009  3.737043720437925E-009
  2.064000000000000E-009  3.725244218042429E-009
  2.070000000000000E-009  3.713491576251847E-009
  2.076000000000000E-009  3.701785562813664E-009
  2.082000000000000E-009  3.690125947011181E-009
  2.088000000000000E-009  3.678512499648654E-009
  2.094000000000000E-009  3.666944993036632E-009
  2.100000000000000E-009  3.655423200977477E-009
  2.106000000000000E-009  3.643946898751098E-009
  2.112000000000000E-009  3.632515863100849E-009
  2.118000000000000E-009  3.621129872219632E-009
  2.124000000000000E-009  3.609788705736179E-009
  2.130000000000000E-009  3.598492144701497E-009
  2.136000000000000E-009  3.587239971575525E-009
  2.142000000000000E-009  3.576031970213932E-009
  2.148000000000000E-009  3.564867925855102E-009
  2.154000000000000E-009  3.553747625107294E-009
  2.160000000000000E-009  3.542670855935954E-009
  2.166000000000000E-009  3.531637407651200E-009
  2.172000000000000E-009  3.520647070895475E-009
  2.178000000000000E-009  3.509699637631336E-009
  2.184000000000000E-009  3.498794901129434E-009
  2.190000000000000E-009  3.487932655956612E-009
  2.196000000000000E-009  3.477112697964178E-009
  2.202000000000000E-009  3.466334824276333E-009
  2.208000000000000E-009  3.455598833278713E-009
  2.214000000000000E-009  3.444904524607115E-009
  2.220000000000000E-009  3.434251699136341E-009
  2.226000000000000E-009  3.423640158969190E-009
  2.232000000000000E-009  3.413069707425592E-009
  2.238000000000000E-009  3.402540149031871E-009
  2.244000000000000E-009  3.392051289510146E-009
  2.250000000000000E-009  3.381602935767865E-009
  2.256000000000000E-009  3.371194895887469E-009
  2.262000000000000E-009  3.360826979116180E-009
  2.268000000000000E-009  3.350498995855923E-009
  2.274000000000000E-009  3.340210757653363E-009
  2.280000000000000E-009  3.329962077190075E-009
  2.286000000000000E-009  3.319752768272820E-009
  2.292000000000000E-009  3.309582645823957E-009
  2.298000000000000E-009  3.299451525871961E-009
  2.304000000000000E-009  3.289359225542057E-009
  2.310000000000000E-009  3.279305563046970E-009
  2.316000000000000E-009  3.269290357677786E-009
  2.322000000000000E-009  3.259313429794923E-009
  2.328000000000000E-009  3.249374600819213E-009
  2.334000000000000E-009  3.239473693223083E-009
  2.340000000000000E-009  3.229610530521852E-009
  2.346000000000000E-009  3.219784937265124E-009
  2.352000000000000E-009  3.209996739028283E-009
  2.358000000000000E-009  3.200245762404093E-009
  2.364000000000000E-009  3.190531834994400E-009
  2.370000000000000E-009  3.180854785401916E-009
  2.376000000000000E-009  3.171214443222120E-009
  2.382000000000000E-009  3.161610639035235E-009
  2.388000000000000E-009  3.152043204398318E-009
  2.394000000000000E-009  3.142511971837417E-009
  2.400000000000000E-009  3.133016774839845E-009
  2.406000000000000E-009  3.123557447846525E-009
  2.412000000000000E-009  3.114133826244430E-009
  2.418000000000000E-009  3.104745746359106E-009
  2.424000000000000E-009  3.095393045447291E-009
  2.430000000000000E-009  3.086075561689600E-009
  2.436000000000000E-009  3.076793134183309E-009
  2.442000000000000E-009  3.067545602935218E-009
  2.448000000000000E-009  3.058332808854584E-009
  2.454000000000000E-009  3.049154593746147E-009
  2.460000000000000E-009  3.040010800303224E-009
  2.466000000000000E-009  3.030901272100889E-009
  2.472000000000000E-009  3.021825853589222E-009
  2.478000000000000E-009  3.012784390086630E-009
  2.484000000000000E-009  3.003776727773260E-009
  2.490000000000000E-009  2.994802713684458E-009
  2.496000000000000E-009  2.985862195704325E-009
  2.502000000000000E-009  2.976955022559321E-009
  2.508000000000000E-009  2.968081043811962E-009
  2.514000000000000E-009  2.959240109854564E-009
  2.520000000000000E-009  2.950432071903071E-009
  2.526000000000000E-009  2.941656781990940E-009
  2.532000000000000E-009  2.932914092963093E-009
  2.538000000000000E-009  2.924203858469946E-009
  2.543999999999999E-009  2.915525932961475E-009
  2.550000000000000E-009  2.906880171681378E-009
  2.556000000000000E-009  2.898266430661275E-009
  2.562000000000000E-009  2.889684566714981E-009
  2.568000000000000E-009  2.881134437432830E-009
  2.574000000000000E-009  2.872615901176072E-009
  2.580000000000000E-009  2.864128817071318E-009
  2.586000000000000E-009  2.855673045005043E-009
  2.592000000000000E-009  2.847248445618158E-009
  2.598000000000000E-009  2.838854880300620E-009
  2.604000000000000E-009  2.830492211186116E-009
  2.609999999999999E-009  2.822160301146781E-009
  2.616000000000000E-009  2.813859013787999E-009
  2.622000000000000E-009  2.805588213443225E-009
  2.628000000000000E-009  2.797347765168888E-009
  2.634000000000000E-009  2.789137534739322E-009
  2.640000000000000E-009  2.780957388641764E-009
  2.646000000000000E-009  2.772807194071396E-009
  2.652000000000000E-009  2.764686818926445E-009
  2.658000000000000E-009  2.756596131803314E-009
  2.664000000000000E-009  2.748535001991783E-009
  2.670000000000000E-009  2.740503299470240E-009
  2.675999999999999E-009  2.732500894900969E-009
  2.682000000000000E-009  2.724527659625488E-009
  2.688000000000000E-009  2.716583465659917E-009
  2.694000000000000E-009  2.708668185690410E-009
  2.700000000000000E-009  2.700781693068618E-009
  2.706000000000000E-009  2.692923861807200E-009
  2.712000000000000E-009  2.685094566575382E-009
  2.718000000000000E-009  2.677293682694558E-009
  2.724000000000000E-009  2.669521086133920E-009
  2.730000000000000E-009  2.661776653506152E-009
  2.736000000000000E-009  2.654060262063145E-009
  2.742000000000000E-009  2.646371789691765E-009
  2.748000000000000E-009  2.638711114909662E-009
  2.754000000000000E-009  2.631078116861102E-009
  2.760000000000000E-009  2.623472675312864E-009
  2.766000000000000E-009  2.615894670650150E-009
  2.772000000000000E-009  2.608343983872549E-009
  2.778000000000000E-009  2.600820496590039E-009
  2.784000000000000E-009  2.593324091019018E-009
  2.790000000000000E-009  2.585854649978368E-009
  2.796000000000000E-009  2.578412056885574E-009
  2.802000000000000E-009  2.570996195752858E-009
  2.808000000000000E-009  2.563606951183362E-009
  2.814000000000000E-009  2.556244208367361E-009
  2.820000000000000E-009  2.548907853078505E-009
  2.826000000000000E-009  2.541597771670109E-009
  2.832000000000000E-009  2.534313851071455E-009
  2.838000000000000E-009  2.527055978784153E-009
  2.844000000000000E-009  2.519824042878512E-009
  2.850000000000000E-009  2.512617931989957E-009
  2.856000000000000E-009  2.505437535315473E-009
  2.861999999999999E-009  2.498282742610076E-009
  2.868000000000000E-009  2.491153444183326E-009
  2.874000000000000E-009  2.484049530895864E-009
  2.880000000000000E-009  2.476970894155973E-009
  2.886000000000000E-009  2.469917425916185E-009
  2.892000000000000E-009  2.462889018669898E-009
  2.898000000000000E-009  2.455885565448043E-009
  2.904000000000000E-009  2.448906959815760E-009
  2.910000000000000E-009  2.441953095869115E-009
  2.916000000000000E-009  2.435023868231847E-009
  2.922000000000000E-009  2.428119172052123E-009
  2.927999999999999E-009  2.421238902999353E-009
  2.934000000000000E-009  2.414382957260999E-009
  2.940000000000000E-009  2.407551231539436E-009
  2.946000000000000E-009  2.400743623048821E-009
  2.952000000000000E-009  2.393960029512002E-009
  2.958000000000000E-009  2.387200349157447E-009
  2.964000000000000E-009  2.380464480716191E-009
  2.970000000000000E-009  2.373752323418828E-009
  2.976000000000000E-009  2.367063776992508E-009
  2.982000000000000E-009  2.360398741657966E-009
  2.988000000000000E-009  2.353757118126578E-009
  2.994000000000000E-009  2.347138807597438E-009
  3.000000000000000E-009  2.340543711754462E-009
  3.006000000000000E-009  2.333971732763510E-009
  3.012000000000000E-009  2.327422773269534E-009
  3.018000000000000E-009  2.320896736393751E-009
  3.023999999999999E-009  2.314393525730836E-009
  3.030000000000000E-009  2.307913045346138E-009
  3.036000000000000E-009  2.301455199772922E-009
  3.042000000000000E-009  2.295019894009624E-009
  3.048000000000000E-009  2.288607033517134E-009
  3.054000000000000E-009  2.282216524216103E-009
  3.060000000000000E-009  2.275848272484264E-009
  3.066000000000000E-009  2.269502185153783E-009
  3.072000000000000E-009  2.263178169508617E-009
  3.078000000000000E-009  2.256876133281909E-009
  3.084000000000000E-009  2.250595984653386E-009
  3.090000000000000E-009  2.244337632246795E-009
  3.096000000000000E-009  2.238100985127347E-009
  3.102000000000000E-009  2.231885952799180E-009
  3.108000000000000E-009  2.225692445202849E-009
  3.114000000000000E-009  2.219520372712828E-009
  3.120000000000000E-009  2.213369646135033E-009
  3.126000000000000E-009  2.207240176704372E-009
  3.132000000000000E-009  2.201131876082296E-009
  3.138000000000000E-009  2.195044656354385E-009
  3.143999999999999E-009  2.188978430027941E-009
  3.150000000000000E-009  2.182933110029611E-009
  3.156000000000000E-009  2.176908609703011E-009
  3.162000000000000E-009  2.170904842806384E-009
  3.168000000000000E-009  2.164921723510264E-009
  3.174000000000000E-009  2.158959166395162E-009
  3.179999999999999E-009  2.153017086449269E-009
  3.186000000000000E-009  2.147095399066177E-009
  3.192000000000000E-009  2.141194020042613E-009
  3.198000000000000E-009  2.135312865576188E-009
  3.204000000000000E-009  2.129451852263174E-009
  3.209999999999999E-009  2.123610897096277E-009
  3.216000000000000E-009  2.117789917462450E-009
  3.222000000000000E-009  2.111988831140700E-009
  3.228000000000000E-009  2.106207556299926E-009
  3.234000000000000E-009  2.100446011496763E-009
  3.240000000000000E-009  2.094704115673445E-009
  3.245999999999999E-009  2.088981788155687E-009
  3.252000000000000E-009  2.083278948650573E-009
  3.258000000000000E-009  2.077595517244467E-009
  3.264000000000000E-009  2.071931414400936E-009
  3.270000000000000E-009  2.066286560958682E-009
  3.275999999999999E-009  2.060660878129501E-009
  3.282000000000000E-009  2.055054287496244E-009
  3.288000000000000E-009  2.049466711010799E-009
  3.294000000000000E-009  2.043898070992083E-009
  3.300000000000000E-009  2.038348290124051E-009
  3.306000000000000E-009  2.032817291453719E-009
  3.312000000000000E-009  2.027304998389196E-009
  3.318000000000000E-009  2.021811334697735E-009
  3.324000000000000E-009  2.016336224503794E-009
  3.330000000000000E-009  2.010879592287109E-009
  3.336000000000000E-009  2.005441362880787E-009
  3.342000000000000E-009  2.000021461469401E-009
  3.348000000000000E-009  1.994619813587110E-009
  3.354000000000000E-009  1.989236345115781E-009
  3.360000000000000E-009  1.983870982283129E-009
  3.366000000000000E-009  1.978523651660870E-009
  3.372000000000000E-009  1.973194280162881E-009
  3.378000000000000E-009  1.967882795043383E-009
  3.384000000000000E-009  1.962589123895125E-009
  3.390000000000000E-009  1.957313194647581E-009
  3.395999999999999E-009  1.952054935565165E-009
  3.402000000000000E-009  1.946814275245460E-009
  3.408000000000000E-009  1.941591142617443E-009
  3.414000000000000E-009  1.936385466939743E-009
  3.420000000000000E-009  1.931197177798889E-009
  3.426000000000000E-009  1.926026205107588E-009
  3.432000000000000E-009  1.920872479103001E-009
  3.438000000000000E-009  1.915735930345037E-009
  3.444000000000000E-009  1.910616489714657E-009
  3.450000000000000E-009  1.905514088412188E-009
  3.456000000000000E-009  1.900428657955644E-009
  3.461999999999999E-009  1.895360130179068E-009
  3.468000000000000E-009  1.890308437230872E-009
  3.474000000000000E-009  1.885273511572201E-009
  3.480000000000000E-009  1.880255285975293E-009
  3.486000000000000E-009  1.875253693521861E-009
  3.492000000000000E-009  1.870268667601481E-009
  3.498000000000000E-009  1.865300141909988E-009
  3.504000000000000E-009  1.860348050447885E-009
  3.510000000000000E-009  1.855412327518761E-009
  3.516000000000000E-009  1.850492907727724E-009
  3.522000000000000E-009  1.845589725979828E-009
  3.527999999999999E-009  1.840702717478532E-009
  3.534000000000000E-009  1.835831817724152E-009
  3.540000000000000E-009  1.830976962512328E-009
  3.546000000000000E-009  1.826138087932503E-009
  3.552000000000000E-009  1.821315130366403E-009
  3.558000000000000E-009  1.816508026486542E-009
  3.564000000000000E-009  1.811716713254717E-009
  3.570000000000000E-009  1.806941127920525E-009
  3.576000000000000E-009  1.802181208019890E-009
  3.582000000000000E-009  1.797436891373589E-009
  3.588000000000000E-009  1.792708116085795E-009
  3.593999999999999E-009  1.787994820542625E-009
  3.600000000000000E-009  1.783296943410702E-009
  3.606000000000000E-009  1.778614423635722E-009
  3.612000000000000E-009  1.773947200441025E-009
  3.618000000000000E-009  1.769295213326182E-009
  3.623999999999999E-009  1.764658402065592E-009
  3.630000000000000E-009  1.760036706707077E-009
  3.636000000000000E-009  1.755430067570498E-009
  3.642000000000000E-009  1.750838425246368E-009
  3.648000000000000E-009  1.746261720594478E-009
  3.654000000000000E-009  1.741699894742540E-009
  3.660000000000000E-009  1.737152889084817E-009
  3.666000000000000E-009  1.732620645280787E-009
  3.672000000000000E-009  1.728103105253790E-009
  3.677999999999999E-009  1.723600211189703E-009
  3.684000000000000E-009  1.719111905535610E-009
  3.690000000000000E-009  1.714638130998488E-009
  3.696000000000000E-009  1.710178830543892E-009
  3.702000000000000E-009  1.705733947394659E-009
  3.708000000000000E-009  1.701303425029609E-009
  3.714000000000000E-009  1.696887207182258E-009
  3.720000000000000E-009  1.692485237839543E-009
  3.726000000000000E-009  1.688097461240542E-009
  3.732000000000000E-009  1.683723821875220E-009
  3.738000000000000E-009  1.679364264483163E-009
  3.743999999999999E-009  1.675018734052330E-009
  3.750000000000000E-009  1.670687175817811E-009
  3.756000000000000E-009  1.666369535260595E-009
  3.762000000000000E-009  1.662065758106336E-009
  3.767999999999999E-009  1.657775790324131E-009
  3.774000000000000E-009  1.653499578125311E-009
  3.780000000000000E-009  1.649237067962233E-009
  3.786000000000000E-009  1.644988206527070E-009
  3.792000000000000E-009  1.640752940750635E-009
  3.797999999999999E-009  1.636531217801173E-009
  3.804000000000000E-009  1.632322985083200E-009
  3.810000000000000E-009  1.628128190236316E-009
  3.815999999999999E-009  1.623946781134045E-009
  3.822000000000000E-009  1.619778705882674E-009
  3.828000000000000E-009  1.615623912820100E-009
  3.834000000000000E-009  1.611482350514678E-009
  3.840000000000000E-009  1.607353967764089E-009
  3.845999999999999E-009  1.603238713594197E-009
  3.852000000000000E-009  1.599136537257926E-009
  3.858000000000000E-009  1.595047388234140E-009
  3.864000000000000E-009  1.590971216226525E-009
  3.869999999999999E-009  1.586907971162479E-009
  3.875999999999999E-009  1.582857603192012E-009
  3.882000000000000E-009  1.578820062686649E-009
  3.888000000000000E-009  1.574795300238339E-009
  3.894000000000000E-009  1.570783266658371E-009
  3.899999999999999E-009  1.566783912976293E-009
  3.906000000000000E-009  1.562797190438845E-009
  3.912000000000000E-009  1.558823050508887E-009
  3.918000000000000E-009  1.554861444864343E-009
  3.924000000000000E-009  1.550912325397144E-009
  3.929999999999999E-009  1.546975644212177E-009
  3.936000000000000E-009  1.543051353626245E-009
  3.942000000000000E-009  1.539139406167033E-009
  3.948000000000000E-009  1.535239754572068E-009
  3.954000000000000E-009  1.531352351787699E-009
  3.960000000000000E-009  1.527477150968074E-009
  3.966000000000000E-009  1.523614105474128E-009
  3.971999999999999E-009  1.519763168872570E-009
  3.978000000000000E-009  1.515924294934882E-009
  3.983999999999999E-009  1.512097437636322E-009
  3.990000000000000E-009  1.508282551154926E-009
  3.996000000000000E-009  1.504479589870527E-009
  4.001999999999999E-009  1.500688508363765E-009
  4.008000000000000E-009  1.496909261415121E-009
  4.014000000000000E-009  1.493141804003937E-009
  4.020000000000000E-009  1.489386091307451E-009
  4.026000000000000E-009  1.485642078699839E-009
  4.031999999999999E-009  1.481909721751258E-009
  4.038000000000000E-009  1.478188976226894E-009
  4.044000000000000E-009  1.474479798086020E-009
  4.050000000000000E-009  1.470782143481051E-009
  4.056000000000000E-009  1.467095968756611E-009
  4.061999999999999E-009  1.463421230448603E-009
  4.068000000000000E-009  1.459757885283284E-009
  4.074000000000000E-009  1.456105890176343E-009
  4.080000000000000E-009  1.452465202231988E-009
  4.085999999999999E-009  1.448835778742031E-009
  4.092000000000000E-009  1.445217577184987E-009
  4.098000000000000E-009  1.441610555225172E-009
  4.104000000000000E-009  1.438014670711804E-009
  4.110000000000000E-009  1.434429881678115E-009
  4.115999999999999E-009  1.430856146340467E-009
  4.122000000000000E-009  1.427293423097458E-009
  4.128000000000000E-009  1.423741670529061E-009
  4.134000000000000E-009  1.420200847395740E-009
  4.140000000000000E-009  1.416670912637588E-009
  4.146000000000000E-009  1.413151825373460E-009
  4.152000000000000E-009  1.409643544900116E-009
  4.158000000000000E-009  1.406146030691366E-009
  4.163999999999999E-009  1.402659242397222E-009
  4.170000000000000E-009  1.399183139843051E-009
  4.176000000000000E-009  1.395717683028735E-009
  4.182000000000000E-009  1.392262832127835E-009
  4.187999999999999E-009  1.388818547486755E-009
  4.193999999999999E-009  1.385384789623923E-009
  4.200000000000000E-009  1.381961519228958E-009
  4.206000000000000E-009  1.378548697161859E-009
  4.212000000000000E-009  1.375146284452185E-009
  4.217999999999999E-009  1.371754242298246E-009
  4.223999999999999E-009  1.368372532066298E-009
  4.230000000000000E-009  1.365001115289741E-009
  4.236000000000000E-009  1.361639953668319E-009
  4.242000000000000E-009  1.358289009067329E-009
  4.247999999999999E-009  1.354948243516831E-009
  4.254000000000000E-009  1.351617619210860E-009
  4.260000000000000E-009  1.348297098506647E-009
  4.266000000000000E-009  1.344986643923844E-009
  4.272000000000000E-009  1.341686218143746E-009
  4.277999999999999E-009  1.338395784008524E-009
  4.284000000000000E-009  1.335115304520459E-009
  4.290000000000000E-009  1.331844742841185E-009
  4.296000000000000E-009  1.328584062290923E-009
  4.301999999999999E-009  1.325333226347739E-009
  4.308000000000000E-009  1.322092198646782E-009
  4.314000000000000E-009  1.318860942979550E-009
  4.319999999999999E-009  1.315639423293139E-009
  4.326000000000000E-009  1.312427603689510E-009
  4.332000000000000E-009  1.309225448424755E-009
  4.338000000000000E-009  1.306032921908364E-009
  4.344000000000000E-009  1.302849988702499E-009
  4.349999999999999E-009  1.299676613521273E-009
  4.356000000000000E-009  1.296512761230030E-009
  4.362000000000000E-009  1.293358396844627E-009
  4.368000000000000E-009  1.290213485530725E-009
  4.374000000000000E-009  1.287077992603082E-009
  4.379999999999999E-009  1.283951883524843E-009
  4.386000000000000E-009  1.280835123906845E-009
  4.392000000000000E-009  1.277727679506915E-009
  4.398000000000000E-009  1.274629516229180E-009
  4.403999999999999E-009  1.271540600123376E-009
  4.409999999999999E-009  1.268460897384156E-009
  4.416000000000000E-009  1.265390374350416E-009
  4.422000000000000E-009  1.262328997504605E-009
  4.428000000000000E-009  1.259276733472060E-009
  4.433999999999999E-009  1.256233549020322E-009
  4.440000000000000E-009  1.253199411058473E-009
  4.446000000000000E-009  1.250174286636471E-009
  4.452000000000000E-009  1.247158142944480E-009
  4.458000000000000E-009  1.244150947312221E-009
  4.463999999999999E-009  1.241152667208307E-009
  4.470000000000000E-009  1.238163270239596E-009
  4.476000000000000E-009  1.235182724150538E-009
  4.482000000000000E-009  1.232210996822533E-009
  4.488000000000000E-009  1.229248056273284E-009
  4.494000000000000E-009  1.226293870656161E-009
  4.500000000000000E-009  1.223348408259561E-009
  4.506000000000000E-009  1.220411637506280E-009
  4.511999999999999E-009  1.217483526952878E-009
  4.517999999999999E-009  1.214564045289057E-009
  4.524000000000000E-009  1.211653161337032E-009
  4.530000000000000E-009  1.208750844050916E-009
  4.535999999999999E-009  1.205857062516099E-009
  4.541999999999999E-009  1.202971785948638E-009
  4.548000000000000E-009  1.200094983694640E-009
  4.554000000000000E-009  1.197226625229660E-009
  4.560000000000000E-009  1.194366680158092E-009
  4.565999999999999E-009  1.191515118212567E-009
  4.572000000000000E-009  1.188671909253359E-009
  4.578000000000000E-009  1.185837023267784E-009
  4.584000000000000E-009  1.183010430369609E-009
  4.590000000000000E-009  1.180192100798463E-009
  4.595999999999999E-009  1.177382004919247E-009
  4.602000000000000E-009  1.174580113221554E-009
  4.608000000000000E-009  1.171786396319086E-009
  4.614000000000000E-009  1.169000824949076E-009
  4.619999999999999E-009  1.166223369971710E-009
  4.626000000000000E-009  1.163454002369562E-009
  4.632000000000000E-009  1.160692693247017E-009
  4.637999999999999E-009  1.157939413829706E-009
  4.644000000000000E-009  1.155194135463943E-009
  4.649999999999999E-009  1.152456829616169E-009
  4.656000000000000E-009  1.149727467872384E-009
  4.662000000000000E-009  1.147006021937597E-009
  4.667999999999999E-009  1.144292463635274E-009
  4.674000000000000E-009  1.141586764906788E-009
  4.680000000000000E-009  1.138888897810867E-009
  4.686000000000000E-009  1.136198834523057E-009
  4.692000000000000E-009  1.133516547335173E-009
  4.697999999999999E-009  1.130842008654766E-009
  4.704000000000000E-009  1.128175191004582E-009
  4.710000000000000E-009  1.125516067022031E-009
  4.716000000000000E-009  1.122864609458656E-009
  4.722000000000000E-009  1.120220791179601E-009
  4.727999999999999E-009  1.117584585163089E-009
  4.734000000000000E-009  1.114955964499900E-009
  4.740000000000000E-009  1.112334902392844E-009
  4.746000000000000E-009  1.109721372156250E-009
  4.751999999999999E-009  1.107115347215446E-009
  4.757999999999999E-009  1.104516801106246E-009
  4.764000000000000E-009  1.101925707474445E-009
  4.770000000000000E-009  1.099342040075304E-009
  4.776000000000000E-009  1.096765772773049E-009
  4.781999999999999E-009  1.094196879540367E-009
  4.788000000000000E-009  1.091635334457906E-009
  4.794000000000000E-009  1.089081111713775E-009
  4.800000000000000E-009  1.086534185603053E-009
  4.806000000000000E-009  1.083994530527293E-009
  4.812000000000000E-009  1.081462120994029E-009
  4.818000000000000E-009  1.078936931616292E-009
  4.824000000000000E-009  1.076418937112126E-009
  4.830000000000000E-009  1.073908112304097E-009
  4.836000000000000E-009  1.071404432118819E-009
  4.842000000000000E-009  1.068907871586472E-009
  4.848000000000000E-009  1.066418405840329E-009
  4.853999999999999E-009  1.063936010116276E-009
  4.859999999999999E-009  1.061460659752347E-009
  4.866000000000000E-009  1.058992330188252E-009
  4.872000000000000E-009  1.056530996964911E-009
  4.878000000000000E-009  1.054076635723984E-009
  4.883999999999999E-009  1.051629222207418E-009
  4.889999999999999E-009  1.049188732256980E-009
  4.896000000000000E-009  1.046755141813802E-009
  4.902000000000000E-009  1.044328426917923E-009
  4.908000000000000E-009  1.041908563707839E-009
  4.913999999999999E-009  1.039495528420049E-009
  4.920000000000000E-009  1.037089297388607E-009
  4.926000000000000E-009  1.034689847044677E-009
  4.932000000000000E-009  1.032297153916086E-009
  4.938000000000000E-009  1.029911194626882E-009
  4.943999999999999E-009  1.027531945896896E-009
  4.950000000000000E-009  1.025159384541300E-009
  4.955999999999999E-009  1.022793487470175E-009
  4.962000000000000E-009  1.020434231688078E-009
  4.967999999999999E-009  1.018081594293603E-009
  4.974000000000000E-009  1.015735552478960E-009
  4.980000000000000E-009  1.013396083529544E-009
  4.985999999999999E-009  1.011063164823509E-009
  4.992000000000000E-009  1.008736773831346E-009
  4.997999999999999E-009  1.006416888115460E-009
  5.004000000000000E-009  1.004103485329754E-009
  5.010000000000000E-009  1.001796543219209E-009
  5.015999999999999E-009  9.994960396194713E-010
  5.022000000000000E-009  9.972019524564355E-010
  5.028000000000000E-009  9.949142597458396E-010
  5.034000000000000E-009  9.926329395928489E-010
  5.040000000000000E-009  9.903579701916556E-010
  5.045999999999999E-009  9.880893298250697E-010
  5.052000000000000E-009  9.858269968641157E-010
  5.057999999999999E-009  9.835709497676351E-010
  5.064000000000000E-009  9.813211670818823E-010
  5.070000000000000E-009  9.790776274401319E-010
  5.075999999999999E-009  9.768403095622809E-010
  5.082000000000000E-009  9.746091922544548E-010
  5.087999999999999E-009  9.723842544086194E-010
  5.094000000000000E-009  9.701654750021858E-010
  5.100000000000000E-009  9.679528330976296E-010
  5.106000000000000E-009  9.657463078420992E-010
  5.112000000000000E-009  9.635458784670342E-010
  5.117999999999999E-009  9.613515242877847E-010
  5.124000000000000E-009  9.591632247032275E-010
  5.129999999999999E-009  9.569809591953928E-010
  5.136000000000000E-009  9.548047073290821E-010
  5.142000000000000E-009  9.526344487514979E-010
  5.147999999999999E-009  9.504701631918696E-010
  5.154000000000000E-009  9.483118304610795E-010
  5.160000000000000E-009  9.461594304512987E-010
  5.166000000000000E-009  9.440129431356153E-010
  5.172000000000000E-009  9.418723485676713E-010
  5.177999999999999E-009  9.397376268812976E-010
  5.183999999999999E-009  9.376087582901499E-010
  5.189999999999999E-009  9.354857230873540E-010
  5.196000000000000E-009  9.333685016451396E-010
  5.202000000000000E-009  9.312570744144893E-010
  5.207999999999999E-009  9.291514219247816E-010
  5.214000000000000E-009  9.270515247834348E-010
  5.219999999999999E-009  9.249573636755602E-010
  5.226000000000000E-009  9.228689193636062E-010
  5.232000000000000E-009  9.207861726870151E-010
  5.237999999999999E-009  9.187091045618738E-010
  5.244000000000000E-009  9.166376959805678E-010
  5.249999999999999E-009  9.145719280114409E-010
  5.256000000000000E-009  9.125117817984500E-010
  5.262000000000000E-009  9.104572385608285E-010
  5.268000000000000E-009  9.084082795927440E-010
  5.274000000000000E-009  9.063648862629644E-010
  5.279999999999999E-009  9.043270400145229E-010
  5.285999999999999E-009  9.022947223643806E-010
  5.292000000000000E-009  9.002679149031006E-010
  5.298000000000000E-009  8.982465992945121E-010
  5.304000000000000E-009  8.962307572753833E-010
  5.309999999999999E-009  8.942203706550967E-010
  5.315999999999999E-009  8.922154213153193E-010
  5.322000000000000E-009  8.902158912096825E-010
  5.328000000000000E-009  8.882217623634573E-010
  5.334000000000000E-009  8.862330168732319E-010
  5.339999999999999E-009  8.842496369065979E-010
  5.346000000000000E-009  8.822716047018245E-010
  5.351999999999999E-009  8.802989025675500E-010
  5.358000000000000E-009  8.783315128824605E-010
  5.364000000000000E-009  8.763694180949813E-010
  5.369999999999999E-009  8.744126007229626E-010
  5.376000000000000E-009  8.724610433533691E-010
  5.381999999999999E-009  8.705147286419731E-010
  5.387999999999999E-009  8.685736393130442E-010
  5.394000000000000E-009  8.666377581590473E-010
  5.400000000000000E-009  8.647070680403341E-010
  5.406000000000000E-009  8.627815518848420E-010
  5.411999999999999E-009  8.608611926877948E-010
  5.417999999999999E-009  8.589459735113976E-010
  5.424000000000000E-009  8.570358774845432E-010
  5.430000000000000E-009  8.551308878025121E-010
  5.436000000000000E-009  8.532309877266764E-010
  5.441999999999999E-009  8.513361605842083E-010
  5.447999999999999E-009  8.494463897677838E-010
  5.454000000000000E-009  8.475616587352935E-010
  5.460000000000000E-009  8.456819510095520E-010
  5.466000000000000E-009  8.438072501780066E-010
  5.471999999999999E-009  8.419375398924553E-010
  5.477999999999999E-009  8.400728038687545E-010
  5.484000000000001E-009  8.382130258865395E-010
  5.489999999999999E-009  8.363581897889392E-010
  5.496000000000000E-009  8.345082794822922E-010
  5.501999999999999E-009  8.326632789358704E-010
  5.508000000000000E-009  8.308231721815958E-010
  5.514000000000000E-009  8.289879433137657E-010
  5.519999999999999E-009  8.271575764887748E-010
  5.526000000000000E-009  8.253320559248378E-010
  5.532000000000000E-009  8.235113659017201E-010
  5.538000000000000E-009  8.216954907604608E-010
  5.544000000000000E-009  8.198844149031043E-010
  5.549999999999999E-009  8.180781227924292E-010
  5.556000000000000E-009  8.162765989516777E-010
  5.562000000000000E-009  8.144798279642922E-010
  5.568000000000000E-009  8.126877944736453E-010
  5.574000000000000E-009  8.109004831827768E-010
  5.579999999999999E-009  8.091178788541302E-010
  5.586000000000000E-009  8.073399663092873E-010
  5.592000000000000E-009  8.055667304287129E-010
  5.598000000000000E-009  8.037981561514883E-010
  5.603999999999999E-009  8.020342284750574E-010
  5.609999999999999E-009  8.002749324549668E-010
  5.616000000000000E-009  7.985202532046099E-010
  5.621999999999999E-009  7.967701758949739E-010
  5.628000000000000E-009  7.950246857543823E-010
  5.633999999999999E-009  7.932837680682456E-010
  5.640000000000000E-009  7.915474081788078E-010
  5.646000000000000E-009  7.898155914848978E-010
  5.651999999999999E-009  7.880883034416798E-010
  5.658000000000000E-009  7.863655295604032E-010
  5.663999999999999E-009  7.846472554081612E-010
  5.670000000000000E-009  7.829334666076395E-010
  5.676000000000000E-009  7.812241488368760E-010
  5.681999999999999E-009  7.795192878290160E-010
  5.688000000000000E-009  7.778188693720695E-010
  5.694000000000000E-009  7.761228793086729E-010
  5.700000000000000E-009  7.744313035358457E-010
  5.706000000000000E-009  7.727441280047559E-010
  5.711999999999999E-009  7.710613387204794E-010
  5.717999999999999E-009  7.693829217417639E-010
  5.723999999999999E-009  7.677088631807965E-010
  5.730000000000000E-009  7.660391492029661E-010
  5.736000000000000E-009  7.643737660266327E-010
  5.741999999999999E-009  7.627126999228950E-010
  5.748000000000000E-009  7.610559372153583E-010
  5.753999999999999E-009  7.594034642799072E-010
  5.760000000000000E-009  7.577552675444742E-010
  5.766000000000000E-009  7.561113334888155E-010
  5.772000000000000E-009  7.544716486442819E-010
  5.778000000000000E-009  7.528361995935926E-010
  5.783999999999999E-009  7.512049729706155E-010
  5.790000000000000E-009  7.495779554601381E-010
  5.796000000000000E-009  7.479551337976503E-010
  5.802000000000000E-009  7.463364947691205E-010
  5.808000000000000E-009  7.447220252107743E-010
  5.813999999999999E-009  7.431117120088805E-010
  5.819999999999999E-009  7.415055420995262E-010
  5.825999999999999E-009  7.399035024684065E-010
  5.832000000000000E-009  7.383055801506034E-010
  5.838000000000000E-009  7.367117622303729E-010
  5.843999999999999E-009  7.351220358409328E-010
  5.849999999999999E-009  7.335363881642447E-010
  5.855999999999999E-009  7.319548064308087E-010
  5.862000000000000E-009  7.303772779194469E-010
  5.868000000000000E-009  7.288037899570953E-010
  5.873999999999999E-009  7.272343299185978E-010
  5.880000000000000E-009  7.256688852264918E-010
  5.885999999999999E-009  7.241074433508084E-010
  5.892000000000000E-009  7.225499918088604E-010
  5.898000000000000E-009  7.209965181650412E-010
  5.903999999999999E-009  7.194470100306193E-010
  5.910000000000000E-009  7.179014550635337E-010
  5.915999999999999E-009  7.163598409681958E-010
  5.922000000000000E-009  7.148221554952825E-010
  5.928000000000000E-009  7.132883864415416E-010
  5.934000000000000E-009  7.117585216495893E-010
  5.940000000000000E-009  7.102325490077105E-010
  5.945999999999999E-009  7.087104564496665E-010
  5.951999999999999E-009  7.071922319544915E-010
  5.958000000000000E-009  7.056778635463040E-010
  5.964000000000000E-009  7.041673392941072E-010
  5.970000000000000E-009  7.026606473115958E-010
  5.975999999999999E-009  7.011577757569671E-010
  5.981999999999999E-009  6.996587128327224E-010
  5.988000000000000E-009  6.981634467854828E-010
  5.994000000000000E-009  6.966719659057941E-010
  6.000000000000000E-009  6.951842585279387E-010
  6.005999999999999E-009  6.937003130297504E-010
  6.012000000000000E-009  6.922201178324207E-010
  6.018000000000001E-009  6.907436614003190E-010
  6.024000000000000E-009  6.892709322408015E-010
  6.030000000000000E-009  6.878019189040286E-010
  6.035999999999999E-009  6.863366099827821E-010
  6.042000000000000E-009  6.848749941122781E-010
  6.047999999999999E-009  6.834170599699901E-010
  6.053999999999999E-009  6.819627962754623E-010
  6.060000000000000E-009  6.805121917901323E-010
  6.066000000000000E-009  6.790652353171513E-010
  6.072000000000000E-009  6.776219157012019E-010
  6.077999999999999E-009  6.761822218283252E-010
  6.083999999999999E-009  6.747461426257386E-010
  6.090000000000000E-009  6.733136670616623E-010
  6.096000000000000E-009  6.718847841451441E-010
  6.102000000000000E-009  6.704594829258810E-010
  6.107999999999999E-009  6.690377524940506E-010
  6.113999999999999E-009  6.676195819801325E-010
  6.120000000000000E-009  6.662049605547397E-010
  6.126000000000000E-009  6.647938774284470E-010
  6.132000000000000E-009  6.633863218516167E-010
  6.137999999999999E-009  6.619822831142340E-010
  6.143999999999999E-009  6.605817505457321E-010
  6.150000000000000E-009  6.591847135148294E-010
  6.155999999999999E-009  6.577911614293578E-010
  6.162000000000000E-009  6.564010837360970E-010
  6.167999999999999E-009  6.550144699206110E-010
  6.174000000000000E-009  6.536313095070778E-010
  6.180000000000000E-009  6.522515920581305E-010
  6.185999999999999E-009  6.508753071746898E-010
  6.192000000000000E-009  6.495024444958016E-010
  6.197999999999999E-009  6.481329936984778E-010
  6.204000000000000E-009  6.467669444975290E-010
  6.210000000000000E-009  6.454042866454108E-010
  6.215999999999999E-009  6.440450099320589E-010
  6.222000000000000E-009  6.426891041847304E-010
  6.228000000000000E-009  6.413365592678490E-010
  6.234000000000000E-009  6.399873650828415E-010
  6.240000000000000E-009  6.386415115679874E-010
  6.245999999999999E-009  6.372989886982567E-010
  6.252000000000000E-009  6.359597864851576E-010
  6.257999999999999E-009  6.346238949765822E-010
  6.264000000000000E-009  6.332913042566490E-010
  6.269999999999999E-009  6.319620044455548E-010
  6.275999999999999E-009  6.306359856994161E-010
  6.282000000000000E-009  6.293132382101216E-010
  6.287999999999999E-009  6.279937522051798E-010
  6.294000000000000E-009  6.266775179475668E-010
  6.299999999999999E-009  6.253645257355797E-010
  6.306000000000000E-009  6.240547659026831E-010
  6.312000000000000E-009  6.227482288173651E-010
  6.317999999999999E-009  6.214449048829869E-010
  6.324000000000000E-009  6.201447845376354E-010
  6.329999999999999E-009  6.188478582539797E-010
  6.336000000000000E-009  6.175541165391212E-010
  6.342000000000000E-009  6.162635499344520E-010
  6.347999999999999E-009  6.149761490155094E-010
  6.354000000000000E-009  6.136919043918308E-010
  6.359999999999999E-009  6.124108067068139E-010
  6.366000000000000E-009  6.111328466375704E-010
  6.372000000000000E-009  6.098580148947869E-010
  6.377999999999999E-009  6.085863022225840E-010
  6.383999999999999E-009  6.073176993983731E-010
  6.389999999999999E-009  6.060521972327206E-010
  6.396000000000000E-009  6.047897865692044E-010
  6.402000000000000E-009  6.035304582842804E-010
  6.407999999999999E-009  6.022742032871402E-010
  6.414000000000000E-009  6.010210125195752E-010
  6.419999999999999E-009  5.997708769558421E-010
  6.426000000000000E-009  5.985237876025237E-010
  6.432000000000000E-009  5.972797354983971E-010
  6.437999999999999E-009  5.960387117142957E-010
  6.444000000000000E-009  5.948007073529760E-010
  6.449999999999999E-009  5.935657135489867E-010
  6.456000000000000E-009  5.923337214685318E-010
  6.462000000000000E-009  5.911047223093418E-010
  6.468000000000000E-009  5.898787073005403E-010
  6.474000000000000E-009  5.886556677025128E-010
  6.479999999999999E-009  5.874355948067775E-010
  6.485999999999999E-009  5.862184799358547E-010
  6.491999999999999E-009  5.850043144431377E-010
  6.498000000000000E-009  5.837930897127640E-010
  6.504000000000000E-009  5.825847971594878E-010
  6.509999999999999E-009  5.813794282285518E-010
  6.515999999999999E-009  5.801769743955616E-010
  6.521999999999999E-009  5.789774271663576E-010
  6.528000000000000E-009  5.777807780768907E-010
  6.534000000000000E-009  5.765870186930974E-010
  6.539999999999999E-009  5.753961406107735E-010
  6.546000000000000E-009  5.742081354554523E-010
  6.551999999999999E-009  5.730229948822795E-010
  6.558000000000000E-009  5.718407105758915E-010
  6.564000000000000E-009  5.706612742502924E-010
  6.569999999999999E-009  5.694846776487327E-010
  6.576000000000000E-009  5.683109125435877E-010
  6.581999999999999E-009  5.671399707362380E-010
  6.587999999999999E-009  5.659718440569477E-010
  6.594000000000000E-009  5.648065243647459E-010
  6.600000000000000E-009  5.636440035473090E-010
  6.606000000000000E-009  5.624842735208394E-010
  6.611999999999999E-009  5.613273262299504E-010
  6.617999999999999E-009  5.601731536475470E-010
  6.624000000000000E-009  5.590217477747098E-010
  6.630000000000000E-009  5.578731006405798E-010
  6.636000000000000E-009  5.567272043022405E-010
  6.641999999999999E-009  5.555840508446047E-010
  6.647999999999999E-009  5.544436323802983E-010
  6.654000000000000E-009  5.533059410495473E-010
  6.660000000000000E-009  5.521709690200639E-010
  6.666000000000000E-009  5.510387084869326E-010
  6.671999999999999E-009  5.499091516724991E-010
  6.677999999999999E-009  5.487822908262563E-010
  6.684000000000000E-009  5.476581182247352E-010
  6.689999999999999E-009  5.465366261713915E-010
  6.696000000000000E-009  5.454178069964957E-010
  6.701999999999999E-009  5.443016530570250E-010
  6.708000000000000E-009  5.431881567365504E-010
  6.713999999999999E-009  5.420773104451303E-010
  6.719999999999999E-009  5.409691066192010E-010
  6.726000000000000E-009  5.398635377214680E-010
  6.732000000000000E-009  5.387605962408006E-010
  6.738000000000000E-009  5.376602746921220E-010
  6.743999999999999E-009  5.365625656163049E-010
  6.749999999999999E-009  5.354674615800643E-010
  6.756000000000000E-009  5.343749551758520E-010
  6.762000000000000E-009  5.332850390217524E-010
  6.768000000000000E-009  5.321977057613763E-010
  6.773999999999999E-009  5.311129480637579E-010
  6.779999999999999E-009  5.300307586232510E-010
  6.786000000000000E-009  5.289511301594245E-010
  6.791999999999999E-009  5.278740554169620E-010
  6.798000000000000E-009  5.267995271655569E-010
  6.803999999999999E-009  5.257275381998127E-010
  6.809999999999999E-009  5.246580813391403E-010
  6.816000000000000E-009  5.235911494276570E-010
  6.821999999999999E-009  5.225267353340877E-010
  6.828000000000000E-009  5.214648319516626E-010
  6.833999999999999E-009  5.204054321980196E-010
  6.840000000000000E-009  5.193485290151040E-010
  6.846000000000000E-009  5.182941153690698E-010
  6.851999999999999E-009  5.172421842501836E-010
  6.858000000000000E-009  5.161927286727227E-010
  6.863999999999999E-009  5.151457416748826E-010
  6.870000000000000E-009  5.141012163186766E-010
  6.876000000000000E-009  5.130591456898402E-010
  6.881999999999999E-009  5.120195228977371E-010
  6.888000000000000E-009  5.109823410752598E-010
  6.894000000000000E-009  5.099475933787386E-010
  6.900000000000000E-009  5.089152729878437E-010
  6.906000000000000E-009  5.078853731054928E-010
  6.911999999999999E-009  5.068578869577566E-010
  6.917999999999999E-009  5.058328077937648E-010
  6.923999999999999E-009  5.048101288856146E-010
  6.930000000000000E-009  5.037898435282765E-010
  6.936000000000000E-009  5.027719450395032E-010
  6.941999999999999E-009  5.017564267597378E-010
  6.948000000000000E-009  5.007432820520206E-010
  6.953999999999999E-009  4.997325043019020E-010
  6.960000000000000E-009  4.987240869173477E-010
  6.965999999999999E-009  4.977180233286521E-010
  6.971999999999999E-009  4.967143069883462E-010
  6.978000000000000E-009  4.957129313711090E-010
  6.983999999999999E-009  4.947138899736803E-010
  6.990000000000000E-009  4.937171763147681E-010
  6.995999999999999E-009  4.927227839349657E-010
  7.002000000000000E-009  4.917307063966600E-010
  7.008000000000000E-009  4.907409372839455E-010
  7.013999999999999E-009  4.897534702025383E-010
  7.019999999999999E-009  4.887682987796874E-010
  7.025999999999999E-009  4.877854166640917E-010
  7.032000000000000E-009  4.868048175258107E-010
  7.038000000000000E-009  4.858264950561816E-010
  7.043999999999999E-009  4.848504429677341E-010
  7.049999999999999E-009  4.838766549941039E-010
  7.055999999999999E-009  4.829051248899517E-010
  7.062000000000000E-009  4.819358464308756E-010
  7.068000000000000E-009  4.809688134133307E-010
  7.073999999999999E-009  4.800040196545449E-010
  7.080000000000000E-009  4.790414589924350E-010
  7.085999999999999E-009  4.780811252855273E-010
  7.092000000000000E-009  4.771230124128717E-010
  7.098000000000000E-009  4.761671142739633E-010
  7.103999999999999E-009  4.752134247886606E-010
  7.110000000000000E-009  4.742619378971021E-010
  7.115999999999999E-009  4.733126475596299E-010
  7.121999999999999E-009  4.723655477567056E-010
  7.128000000000000E-009  4.714206324888326E-010
  7.134000000000000E-009  4.704778957764776E-010
  7.140000000000000E-009  4.695373316599874E-010
  7.145999999999999E-009  4.685989341995160E-010
  7.151999999999999E-009  4.676626974749407E-010
  7.158000000000000E-009  4.667286155857875E-010
  7.164000000000000E-009  4.657966826511530E-010
  7.170000000000000E-009  4.648668928096243E-010
  7.175999999999999E-009  4.639392402192069E-010
  7.181999999999999E-009  4.630137190572424E-010
  7.187999999999999E-009  4.620903235203376E-010
  7.194000000000000E-009  4.611690478242840E-010
  7.200000000000000E-009  4.602498862039848E-010
  7.205999999999999E-009  4.593328329133797E-010
  7.211999999999999E-009  4.584178822253672E-010
  7.217999999999999E-009  4.575050284317344E-010
  7.224000000000000E-009  4.565942658430776E-010
  7.230000000000000E-009  4.556855887887323E-010
  7.235999999999999E-009  4.547789916166988E-010
  7.242000000000000E-009  4.538744686935662E-010
  7.247999999999999E-009  4.529720144044437E-010
  7.253999999999999E-009  4.520716231528836E-010
  7.260000000000000E-009  4.511732893608122E-010
  7.266000000000000E-009  4.502770074684570E-010
  7.272000000000000E-009  4.493827719342731E-010
  7.277999999999999E-009  4.484905772348749E-010
  7.283999999999999E-009  4.476004178649620E-010
  7.290000000000000E-009  4.467122883372508E-010
  7.296000000000000E-009  4.458261831824028E-010
  7.302000000000000E-009  4.449420969489546E-010
  7.307999999999999E-009  4.440600242032491E-010
  7.313999999999999E-009  4.431799595293637E-010
  7.320000000000000E-009  4.423018975290436E-010
  7.326000000000000E-009  4.414258328216321E-010
  7.332000000000000E-009  4.405517600440002E-010
  7.337999999999999E-009  4.396796738504819E-010
  7.343999999999999E-009  4.388095689128022E-010
  7.350000000000000E-009  4.379414399200129E-010
  7.355999999999999E-009  4.370752815784229E-010
  7.362000000000000E-009  4.362110886115317E-010
  7.367999999999999E-009  4.353488557599639E-010
  7.374000000000000E-009  4.344885777814000E-010
  7.380000000000000E-009  4.336302494505128E-010
  7.385999999999999E-009  4.327738655589004E-010
  7.392000000000000E-009  4.319194209150199E-010
  7.397999999999999E-009  4.310669103441243E-010
  7.404000000000000E-009  4.302163286881938E-010
  7.409999999999999E-009  4.293676708058753E-010
  7.415999999999999E-009  4.285209315724141E-010
  7.422000000000000E-009  4.276761058795923E-010
  7.428000000000000E-009  4.268331886356640E-010
  7.434000000000000E-009  4.259921747652907E-010
  7.439999999999999E-009  4.251530592094806E-010
  7.445999999999999E-009  4.243158369255219E-010
  7.451999999999999E-009  4.234805028869231E-010
  7.458000000000000E-009  4.226470520833493E-010
  7.464000000000000E-009  4.218154795205589E-010
  7.469999999999998E-009  4.209857802203446E-010
  7.476000000000000E-009  4.201579492204675E-010
  7.482000000000000E-009  4.193319815745993E-010
  7.487999999999999E-009  4.185078723522599E-010
  7.493999999999999E-009  4.176856166387551E-010
  7.499999999999999E-009  4.168652095351191E-010
  7.506000000000000E-009  4.160466461580506E-010
  7.512000000000000E-009  4.152299216398551E-010
  7.518000000000000E-009  4.144150311283848E-010
  7.524000000000000E-009  4.136019697869775E-010
  7.529999999999999E-009  4.127907327943994E-010
  7.535999999999999E-009  4.119813153447841E-010
  7.542000000000001E-009  4.111737126475753E-010
  7.547999999999999E-009  4.103679199274676E-010
  7.553999999999999E-009  4.095639324243480E-010
  7.560000000000000E-009  4.087617453932388E-010
  7.566000000000000E-009  4.079613541042382E-010
  7.572000000000000E-009  4.071627538424644E-010
  7.578000000000000E-009  4.063659399079977E-010
  7.584000000000000E-009  4.055709076158232E-010
  7.589999999999999E-009  4.047776522957743E-010
  7.595999999999999E-009  4.039861692924762E-010
  7.602000000000001E-009  4.031964539652896E-010
  7.607999999999999E-009  4.024085016882548E-010
  7.614000000000000E-009  4.016223078500351E-010
  7.620000000000000E-009  4.008378678538628E-010
  7.626000000000000E-009  4.000551771174819E-010
  7.631999999999998E-009  3.992742310730955E-010
  7.637999999999999E-009  3.984950251673079E-010
  7.644000000000000E-009  3.977175548610729E-010
  7.649999999999999E-009  3.969418156296381E-010
  7.655999999999999E-009  3.961678029624904E-010
  7.661999999999999E-009  3.953955123633030E-010
  7.668000000000000E-009  3.946249393498811E-010
  7.674000000000000E-009  3.938560794541088E-010
  7.680000000000000E-009  3.930889282218965E-010
  7.686000000000000E-009  3.923234812131264E-010
  7.691999999999999E-009  3.915597340016012E-010
  7.697999999999999E-009  3.907976821749909E-010
  7.704000000000001E-009  3.900373213347808E-010
  7.709999999999999E-009  3.892786470962194E-010
  7.715999999999999E-009  3.885216550882664E-010
  7.722000000000000E-009  3.877663409535416E-010
  7.728000000000000E-009  3.870127003482727E-010
  7.734000000000000E-009  3.862607289422449E-010
  7.739999999999999E-009  3.855104224187499E-010
  7.746000000000000E-009  3.847617764745344E-010
  7.751999999999999E-009  3.840147868197508E-010
  7.757999999999999E-009  3.832694491779061E-010
  7.763999999999999E-009  3.825257592858116E-010
  7.769999999999999E-009  3.817837128935347E-010
  7.776000000000000E-009  3.810433057643467E-010
  7.782000000000000E-009  3.803045336746761E-010
  7.788000000000000E-009  3.795673924140572E-010
  7.794000000000000E-009  3.788318777850817E-010
  7.799999999999999E-009  3.780979856033515E-010
  7.806000000000001E-009  3.773657116974277E-010
  7.811999999999999E-009  3.766350519087841E-010
  7.817999999999999E-009  3.759060020917579E-010
  7.823999999999999E-009  3.751785581135020E-010
  7.830000000000000E-009  3.744527158539383E-010
  7.836000000000000E-009  3.737284712057087E-010
  7.841999999999998E-009  3.730058200741286E-010
  7.848000000000000E-009  3.722847583771393E-010
  7.853999999999999E-009  3.715652820452615E-010
  7.859999999999999E-009  3.708473870215485E-010
  7.865999999999999E-009  3.701310692615398E-010
  7.871999999999999E-009  3.694163247332140E-010
  7.877999999999999E-009  3.687031494169437E-010
  7.884000000000000E-009  3.679915393054491E-010
  7.890000000000000E-009  3.672814904037520E-010
  7.896000000000000E-009  3.665729987291306E-010
  7.901999999999999E-009  3.658660603110747E-010
  7.908000000000000E-009  3.651606711912389E-010
  7.913999999999999E-009  3.644568274233999E-010
  7.919999999999999E-009  3.637545250734095E-010
  7.925999999999999E-009  3.630537602191515E-010
  7.931999999999999E-009  3.623545289504971E-010
  7.938000000000000E-009  3.616568273692601E-010
  7.943999999999998E-009  3.609606515891538E-010
  7.950000000000000E-009  3.602659977357459E-010
  7.956000000000000E-009  3.595728619464161E-010
  7.961999999999999E-009  3.588812403703125E-010
  7.967999999999999E-009  3.581911291683075E-010
  7.973999999999999E-009  3.575025245129558E-010
  7.979999999999999E-009  3.568154225884502E-010
  7.986000000000000E-009  3.561298195905800E-010
  7.992000000000000E-009  3.554457117266888E-010
  7.998000000000000E-009  3.547630952156305E-010
  8.003999999999998E-009  3.540819662877287E-010
  8.010000000000000E-009  3.534023211847339E-010
  8.016000000000000E-009  3.527241561597816E-010
  8.021999999999999E-009  3.520474674773521E-010
  8.027999999999999E-009  3.513722514132262E-010
  8.033999999999999E-009  3.506985042544476E-010
  8.040000000000000E-009  3.500262222992783E-010
  8.046000000000000E-009  3.493554018571594E-010
  8.052000000000000E-009  3.486860392486712E-010
  8.058000000000000E-009  3.480181308054902E-010
  8.063999999999999E-009  3.473516728703511E-010
  8.069999999999999E-009  3.466866617970048E-010
  8.076000000000001E-009  3.460230939501792E-010
  8.081999999999999E-009  3.453609657055396E-010
  8.087999999999999E-009  3.447002734496474E-010
  8.094000000000000E-009  3.440410135799231E-010
  8.100000000000000E-009  3.433831825046039E-010
  8.105999999999998E-009  3.427267766427067E-010
  8.112000000000000E-009  3.420717924239886E-010
  8.118000000000000E-009  3.414182262889069E-010
  8.123999999999999E-009  3.407660746885822E-010
  8.129999999999999E-009  3.401153340847573E-010
  8.135999999999999E-009  3.394660009497618E-010
  8.141999999999999E-009  3.388180717664715E-010
  8.148000000000000E-009  3.381715430282707E-010
  8.154000000000000E-009  3.375264112390159E-010
  8.160000000000000E-009  3.368826729129955E-010
  8.165999999999998E-009  3.362403245748945E-010
  8.171999999999999E-009  3.355993627597553E-010
  8.178000000000001E-009  3.349597840129413E-010
  8.183999999999999E-009  3.343215848901001E-010
  8.189999999999999E-009  3.336847619571250E-010
  8.195999999999999E-009  3.330493117901203E-010
  8.202000000000000E-009  3.324152309753625E-010
  8.208000000000000E-009  3.317825161092651E-010
  8.214000000000000E-009  3.311511637983424E-010
  8.220000000000000E-009  3.305211706591714E-010
  8.225999999999999E-009  3.298925333183589E-010
  8.231999999999999E-009  3.292652484125022E-010
  8.238000000000001E-009  3.286393125881555E-010
  8.243999999999999E-009  3.280147225017943E-010
  8.249999999999999E-009  3.273914748197779E-010
  8.256000000000000E-009  3.267695662183169E-010
  8.262000000000000E-009  3.261489933834356E-010
  8.268000000000000E-009  3.255297530109383E-010
  8.273999999999999E-009  3.249118418063748E-010
  8.280000000000000E-009  3.242952564850035E-010
  8.285999999999999E-009  3.236799937717598E-010
  8.291999999999999E-009  3.230660504012190E-010
  8.297999999999999E-009  3.224534231175634E-010
  8.303999999999999E-009  3.218421086745486E-010
  8.310000000000000E-009  3.212321038354676E-010
  8.316000000000000E-009  3.206234053731189E-010
  8.322000000000000E-009  3.200160100697712E-010
  8.327999999999999E-009  3.194099147171312E-010
  8.333999999999999E-009  3.188051161163091E-010
  8.340000000000001E-009  3.182016110777856E-010
  8.345999999999999E-009  3.175993964213791E-010
  8.351999999999999E-009  3.169984689762118E-010
  8.357999999999999E-009  3.163988255806777E-010
  8.364000000000000E-009  3.158004630824092E-010
  8.370000000000000E-009  3.152033783382448E-010
  8.375999999999998E-009  3.146075682141968E-010
  8.382000000000000E-009  3.140130295854178E-010
  8.387999999999999E-009  3.134197593361705E-010
  8.393999999999999E-009  3.128277543597929E-010
  8.399999999999999E-009  3.122370115586692E-010
  8.405999999999999E-009  3.116475278441961E-010
  8.411999999999999E-009  3.110593001367510E-010
  8.418000000000000E-009  3.104723253656622E-010
  8.424000000000000E-009  3.098866004691752E-010
  8.430000000000000E-009  3.093021223944229E-010
  8.435999999999999E-009  3.087188880973945E-010
  8.442000000000000E-009  3.081368945429026E-010
  8.447999999999999E-009  3.075561387045552E-010
  8.453999999999999E-009  3.069766175647218E-010
  8.459999999999999E-009  3.063983281145053E-010
  8.466000000000000E-009  3.058212673537102E-010
  8.472000000000000E-009  3.052454322908115E-010
  8.477999999999998E-009  3.046708199429267E-010
  8.484000000000000E-009  3.040974273357828E-010
  8.490000000000000E-009  3.035252515036883E-010
  8.495999999999999E-009  3.029542894895028E-010
  8.501999999999999E-009  3.023845383446064E-010
  8.507999999999999E-009  3.018159951288714E-010
  8.513999999999999E-009  3.012486569106310E-010
  8.520000000000000E-009  3.006825207666516E-010
  8.526000000000000E-009  3.001175837821026E-010
  8.532000000000000E-009  2.995538430505267E-010
  8.537999999999998E-009  2.989912956738126E-010
  8.544000000000000E-009  2.984299387621633E-010
  8.549999999999999E-009  2.978697694340702E-010
  8.555999999999999E-009  2.973107848162823E-010
  8.561999999999999E-009  2.967529820437784E-010
  8.567999999999999E-009  2.961963582597390E-010
  8.574000000000000E-009  2.956409106155164E-010
  8.580000000000000E-009  2.950866362706085E-010
  8.586000000000000E-009  2.945335323926288E-010
  8.592000000000000E-009  2.939815961572799E-010
  8.597999999999999E-009  2.934308247483246E-010
  8.603999999999999E-009  2.928812153575581E-010
  8.609999999999999E-009  2.923327651847810E-010
  8.615999999999999E-009  2.917854714377710E-010
  8.621999999999999E-009  2.912393313322562E-010
  8.628000000000000E-009  2.906943420918868E-010
  8.634000000000000E-009  2.901505009482084E-010
  8.639999999999998E-009  2.896078051406355E-010
  8.646000000000000E-009  2.890662519164229E-010
  8.652000000000000E-009  2.885258385306400E-010
  8.657999999999999E-009  2.879865622461441E-010
  8.663999999999999E-009  2.874484203335525E-010
  8.669999999999999E-009  2.869114100712179E-010
  8.675999999999999E-009  2.863755287451994E-010
  8.682000000000000E-009  2.858407736492382E-010
  8.688000000000000E-009  2.853071420847306E-010
  8.694000000000000E-009  2.847746313607015E-010
  8.699999999999998E-009  2.842432387937793E-010
  8.705999999999999E-009  2.837129617081684E-010
  8.712000000000001E-009  2.831837974356251E-010
  8.717999999999999E-009  2.826557433154307E-010
  8.723999999999999E-009  2.821287966943662E-010
  8.729999999999999E-009  2.816029549266870E-010
  8.736000000000000E-009  2.810782153740968E-010
  8.742000000000000E-009  2.805545754057232E-010
  8.748000000000000E-009  2.800320323980921E-010
  8.754000000000000E-009  2.795105837351016E-010
  8.759999999999999E-009  2.789902268079989E-010
  8.765999999999999E-009  2.784709590153536E-010
  8.771999999999999E-009  2.779527777630342E-010
  8.777999999999999E-009  2.774356804641819E-010
  8.783999999999999E-009  2.769196645391879E-010
  8.790000000000000E-009  2.764047274156672E-010
  8.796000000000000E-009  2.758908665284348E-010
  8.801999999999998E-009  2.753780793194817E-010
  8.807999999999999E-009  2.748663632379500E-010
  8.814000000000000E-009  2.743557157401093E-010
  8.819999999999999E-009  2.738461342893324E-010
  8.825999999999999E-009  2.733376163560715E-010
  8.831999999999999E-009  2.728301594178341E-010
  8.837999999999999E-009  2.723237609591596E-010
  8.844000000000000E-009  2.718184184715954E-010
  8.850000000000000E-009  2.713141294536735E-010
  8.856000000000000E-009  2.708108914108869E-010
  8.861999999999999E-009  2.703087018556658E-010
  8.867999999999999E-009  2.698075583073556E-010
  8.874000000000001E-009  2.693074582921923E-010
  8.879999999999999E-009  2.688083993432801E-010
  8.885999999999999E-009  2.683103790005685E-010
  8.891999999999999E-009  2.678133948108290E-010
  8.898000000000000E-009  2.673174443276322E-010
  8.904000000000000E-009  2.668225251113257E-010
  8.910000000000000E-009  2.663286347290112E-010
  8.916000000000000E-009  2.658357707545211E-010
  8.921999999999999E-009  2.653439307683976E-010
  8.927999999999999E-009  2.648531123578688E-010
  8.933999999999999E-009  2.643633131168275E-010
  8.939999999999999E-009  2.638745306458086E-010
  8.946000000000000E-009  2.633867625519666E-010
  8.952000000000000E-009  2.629000064490544E-010
  8.958000000000000E-009  2.624142599574009E-010
  8.964000000000000E-009  2.619295207038886E-010
  8.969999999999999E-009  2.614457857572811E-010
  8.976000000000000E-009  2.609633314767924E-010
  8.981999999999999E-009  2.604824298364725E-010
  8.987999999999999E-009  2.600030744562912E-010
  8.993999999999999E-009  2.595252589853787E-010
  9.000000000000000E-009  2.590489771018729E-010
  9.006000000000000E-009  2.585742225127673E-010
  9.012000000000000E-009  2.581009889537585E-010
  9.018000000000000E-009  2.576292701890959E-010
  9.023999999999999E-009  2.571590600114330E-010
  9.029999999999999E-009  2.566903522416770E-010
  9.035999999999999E-009  2.562231407288417E-010
  9.041999999999999E-009  2.557574193499003E-010
  9.047999999999999E-009  2.552931820096384E-010
  9.054000000000000E-009  2.548304226405094E-010
  9.060000000000000E-009  2.543691352024894E-010
  9.066000000000000E-009  2.539093136829330E-010
  9.071999999999998E-009  2.534509520964312E-010
  9.078000000000000E-009  2.529940444846682E-010
  9.083999999999999E-009  2.525385849162806E-010
  9.089999999999999E-009  2.520845674867176E-010
  9.095999999999999E-009  2.516319863180991E-010
  9.101999999999999E-009  2.511808355590791E-010
  9.108000000000000E-009  2.507311093847058E-010
  9.114000000000000E-009  2.502828019962856E-010
  9.120000000000000E-009  2.498359076212457E-010
  9.126000000000000E-009  2.493904205129976E-010
  9.131999999999999E-009  2.489463349508041E-010
  9.137999999999999E-009  2.485036452396429E-010
  9.143999999999999E-009  2.480623457100748E-010
  9.149999999999999E-009  2.476224307181098E-010
  9.155999999999999E-009  2.471838946450752E-010
  9.162000000000000E-009  2.467467318974858E-010
  9.168000000000000E-009  2.463109369069112E-010
  9.173999999999998E-009  2.458765041298478E-010
  9.180000000000000E-009  2.454434280475891E-010
  9.186000000000000E-009  2.450117031660973E-010
  9.191999999999999E-009  2.445813240158767E-010
  9.197999999999999E-009  2.441522851518449E-010
  9.203999999999999E-009  2.437245811532096E-010
  9.209999999999999E-009  2.432982066233404E-010
  9.216000000000000E-009  2.428731561896456E-010
  9.222000000000000E-009  2.424494245034487E-010
  9.228000000000000E-009  2.420270062398635E-010
  9.233999999999999E-009  2.416058960976733E-010
  9.239999999999999E-009  2.411860887992076E-010
  9.245999999999999E-009  2.407675790902220E-010
  9.251999999999999E-009  2.403503617397769E-010
  9.257999999999999E-009  2.399344315401184E-010
  9.263999999999999E-009  2.395197833065590E-010
  9.270000000000000E-009  2.391064118773582E-010
  9.275999999999998E-009  2.386943121136067E-010
  9.282000000000000E-009  2.382834788991069E-010
  9.288000000000000E-009  2.378739071402583E-010
  9.293999999999999E-009  2.374655917659415E-010
  9.299999999999999E-009  2.370585277274014E-010
  9.305999999999999E-009  2.366527099981346E-010
  9.311999999999999E-009  2.362481335737749E-010
  9.317999999999999E-009  2.358447934719797E-010
  9.324000000000000E-009  2.354426847323185E-010
  9.330000000000000E-009  2.350418024161591E-010
  9.335999999999998E-009  2.346421416065584E-010
  9.342000000000000E-009  2.342436974081500E-010
  9.348000000000000E-009  2.338464649470355E-010
  9.353999999999999E-009  2.334504393706741E-010
  9.359999999999999E-009  2.330556158477739E-010
  9.365999999999999E-009  2.326619895681845E-010
  9.371999999999999E-009  2.322695557427881E-010
  9.378000000000000E-009  2.318783096033933E-010
  9.384000000000000E-009  2.314882464026294E-010
  9.390000000000000E-009  2.310993614138383E-010
  9.395999999999999E-009  2.307116499309721E-010
  9.401999999999999E-009  2.303251072684864E-010
  9.408000000000001E-009  2.299397287612367E-010
  9.413999999999999E-009  2.295555097643763E-010
  9.419999999999999E-009  2.291724456532514E-010
  9.426000000000000E-009  2.287905318233000E-010
  9.432000000000000E-009  2.284097636899499E-010
  9.438000000000000E-009  2.280301366885174E-010
  9.444000000000000E-009  2.276516462741074E-010
  9.450000000000000E-009  2.272742879215121E-010
  9.455999999999999E-009  2.268980571251126E-010
  9.461999999999999E-009  2.265229493987795E-010
  9.467999999999999E-009  2.261489602757748E-010
  9.473999999999999E-009  2.257760853086538E-010
  9.480000000000000E-009  2.254043200691675E-010
  9.486000000000000E-009  2.250336601481672E-010
  9.492000000000000E-009  2.246641011555067E-010
  9.497999999999998E-009  2.242956387199473E-010
  9.503999999999999E-009  2.239282684890634E-010
  9.510000000000000E-009  2.235619861291464E-010
  9.515999999999999E-009  2.231967873251119E-010
  9.521999999999999E-009  2.228326677804056E-010
  9.527999999999999E-009  2.224696232169100E-010
  9.534000000000000E-009  2.221076493748529E-010
  9.540000000000000E-009  2.217467420127142E-010
  9.546000000000000E-009  2.213868969071353E-010
  9.552000000000000E-009  2.210281098528271E-010
  9.557999999999999E-009  2.206703766624809E-010
  9.563999999999999E-009  2.203136931666774E-010
  9.569999999999999E-009  2.199580552137976E-010
  9.575999999999999E-009  2.196034586699334E-010
  9.581999999999999E-009  2.192498994187997E-010
  9.588000000000000E-009  2.188973733616463E-010
  9.594000000000000E-009  2.185458764171699E-010
  9.600000000000000E-009  2.181954045214278E-010
  9.605999999999998E-009  2.178459536277502E-010
  9.612000000000000E-009  2.174975197066555E-010
  9.617999999999999E-009  2.171500987457641E-010
  9.623999999999999E-009  2.168036867497128E-010
  9.629999999999999E-009  2.164582797400707E-010
  9.635999999999999E-009  2.161138737552554E-010
  9.642000000000000E-009  2.157704648504480E-010
  9.648000000000000E-009  2.154280490975112E-010
  9.654000000000000E-009  2.150866225849056E-010
  9.660000000000000E-009  2.147461814176080E-010
  9.665999999999999E-009  2.144067217170288E-010
  9.672000000000001E-009  2.140682396209310E-010
  9.677999999999999E-009  2.137307312833492E-010
  9.683999999999999E-009  2.133941928745093E-010
  9.689999999999999E-009  2.130586205807472E-010
  9.696000000000000E-009  2.127240106044312E-010
  9.702000000000000E-009  2.123903591638805E-010
  9.707999999999998E-009  2.120576624932880E-010
  9.714000000000000E-009  2.117259168426418E-010
  9.719999999999999E-009  2.113951184776459E-010
  9.725999999999999E-009  2.110652636796447E-010
  9.731999999999999E-009  2.107363487455441E-010
  9.737999999999999E-009  2.104083699877364E-010
  9.743999999999999E-009  2.100813237340229E-010
  9.750000000000000E-009  2.097552063275384E-010
  9.756000000000000E-009  2.094300141266764E-010
  9.762000000000000E-009  2.091057435050128E-010
  9.767999999999999E-009  2.087823908512332E-010
  9.774000000000000E-009  2.084599525690567E-010
  9.779999999999999E-009  2.081384250771637E-010
  9.785999999999999E-009  2.078178048091216E-010
  9.791999999999999E-009  2.074980882133125E-010
  9.797999999999999E-009  2.071792717528600E-010
  9.804000000000000E-009  2.068613519055574E-010
  9.809999999999998E-009  2.065443251637963E-010
  9.816000000000000E-009  2.062281880344939E-010
  9.822000000000000E-009  2.059129370390238E-010
  9.827999999999999E-009  2.055985687131440E-010
  9.833999999999999E-009  2.052850796069273E-010
  9.839999999999999E-009  2.049724662846914E-010
  9.845999999999999E-009  2.046607253249293E-010
  9.851999999999999E-009  2.043498533202401E-010
  9.858000000000000E-009  2.040398468772611E-010
  9.864000000000000E-009  2.037307026165984E-010
  9.869999999999998E-009  2.034224171727591E-010
  9.876000000000000E-009  2.031149871940848E-010
  9.882000000000000E-009  2.028084093426832E-010
  9.887999999999999E-009  2.025026802943617E-010
  9.893999999999999E-009  2.021977967385607E-010
  9.899999999999999E-009  2.018937553782880E-010
  9.905999999999999E-009  2.015905529300522E-010
  9.911999999999998E-009  2.012881861237982E-010
  9.918000000000000E-009  2.009866517028412E-010
  9.924000000000000E-009  2.006859464238031E-010
  9.929999999999999E-009  2.003860670565471E-010
  9.935999999999999E-009  2.000870103841140E-010
  9.941999999999999E-009  1.997887732026590E-010
  9.947999999999999E-009  1.994913523213878E-010
  9.953999999999999E-009  1.991947445624943E-010
  9.960000000000000E-009  1.988989467610970E-010
  9.966000000000000E-009  1.986039557651773E-010
  9.971999999999998E-009  1.983097684355178E-010
  9.978000000000000E-009  1.980163816456405E-010
  9.984000000000000E-009  1.977237922817449E-010
  9.989999999999999E-009  1.974319972426476E-010
  9.995999999999999E-009  1.971409934397221E-010
  1.000200000000000E-008  1.968507777968374E-010
  1.000800000000000E-008  1.965613472502991E-010
  1.001400000000000E-008  1.962726987487891E-010
  1.002000000000000E-008  1.959848292533061E-010
  1.002600000000000E-008  1.956977357371078E-010
  1.003200000000000E-008  1.954114151856508E-010
  1.003800000000000E-008  1.951258645965324E-010
  1.004400000000000E-008  1.948410809794338E-010
  1.005000000000000E-008  1.945570613560610E-010
  1.005600000000000E-008  1.942738027600880E-010
  1.006200000000000E-008  1.939913022370993E-010
  1.006800000000000E-008  1.937095568445334E-010
  1.007400000000000E-008  1.934285636516267E-010
  1.008000000000000E-008  1.931483197393559E-010
  1.008600000000000E-008  1.928688222003836E-010
  1.009200000000000E-008  1.925900681390022E-010
  1.009800000000000E-008  1.923120546710778E-010
  1.010400000000000E-008  1.920347789239964E-010
  1.011000000000000E-008  1.917582380366087E-010
  1.011600000000000E-008  1.914824291591758E-010
  1.012200000000000E-008  1.912073494533137E-010
  1.012800000000000E-008  1.909329960919423E-010
  1.013400000000000E-008  1.906593662592295E-010
  1.014000000000000E-008  1.903864571505384E-010
  1.014600000000000E-008  1.901142659723751E-010
  1.015200000000000E-008  1.898427899423352E-010
  1.015800000000000E-008  1.895720262890518E-010
  1.016400000000000E-008  1.893019722521433E-010
  1.017000000000000E-008  1.890326250821616E-010
  1.017600000000000E-008  1.887639820405405E-010
  1.018200000000000E-008  1.884960403995440E-010
  1.018800000000000E-008  1.882287974422157E-010
  1.019400000000000E-008  1.879622504623290E-010
  1.020000000000000E-008  1.876963967643339E-010
  1.020600000000000E-008  1.874312336633100E-010
  1.021200000000000E-008  1.871667584849147E-010
  1.021800000000000E-008  1.869029685653334E-010
  1.022400000000000E-008  1.866398612512313E-010
  1.023000000000000E-008  1.863774338997031E-010
  1.023600000000000E-008  1.861156838782252E-010
  1.024200000000000E-008  1.858546085646055E-010
  1.024800000000000E-008  1.855942053469372E-010
  1.025400000000000E-008  1.853344716235490E-010
  1.026000000000000E-008  1.850754048029575E-010
  1.026600000000000E-008  1.848170023038203E-010
  1.027200000000000E-008  1.845592615548885E-010
  1.027800000000000E-008  1.843021799949590E-010
  1.028400000000000E-008  1.840457550728279E-010
  1.029000000000000E-008  1.837899842472450E-010
  1.029600000000000E-008  1.835348649868658E-010
  1.030200000000000E-008  1.832803947702063E-010
  1.030800000000000E-008  1.830265710855972E-010
  1.031400000000000E-008  1.827733914311384E-010
  1.032000000000000E-008  1.825208533146529E-010
  1.032600000000000E-008  1.822689542536425E-010
  1.033200000000000E-008  1.820176917752427E-010
  1.033800000000000E-008  1.817670634161782E-010
  1.034400000000000E-008  1.815170667227175E-010
  1.035000000000000E-008  1.812676992506306E-010
  1.035600000000000E-008  1.810189585651436E-010
  1.036200000000000E-008  1.807708422408950E-010
  1.036800000000000E-008  1.805233478618938E-010
  1.037400000000000E-008  1.802764730214740E-010
  1.038000000000000E-008  1.800302153222537E-010
  1.038600000000000E-008  1.797845723760908E-010
  1.039200000000000E-008  1.795395418040416E-010
  1.039800000000000E-008  1.792951212363176E-010
  1.040400000000000E-008  1.790513083122438E-010
  1.041000000000000E-008  1.788081006802171E-010
  1.041600000000000E-008  1.785654959976642E-010
  1.042200000000000E-008  1.783234919310004E-010
  1.042800000000000E-008  1.780820861555882E-010
  1.043400000000000E-008  1.778412763556969E-010
  1.044000000000000E-008  1.776010602244610E-010
  1.044600000000000E-008  1.773614354638400E-010
  1.045200000000000E-008  1.771223997845788E-010
  1.045800000000000E-008  1.768839509061662E-010
  1.046400000000000E-008  1.766460865567959E-010
  1.047000000000000E-008  1.764088044733269E-010
  1.047600000000000E-008  1.761721024012434E-010
  1.048200000000000E-008  1.759359780946159E-010
  1.048800000000000E-008  1.757004293160621E-010
  1.049400000000000E-008  1.754654538367084E-010
  1.050000000000000E-008  1.752310494361503E-010
  1.050600000000000E-008  1.749972139024148E-010
  1.051200000000000E-008  1.747639450319217E-010
  1.051800000000000E-008  1.745312406294462E-010
  1.052400000000000E-008  1.742990985080800E-010
  1.053000000000000E-008  1.740675164891944E-010
  1.053600000000000E-008  1.738364924024032E-010
  1.054200000000000E-008  1.736060240855242E-010
  1.054800000000000E-008  1.733761093845435E-010
  1.055400000000000E-008  1.731467461535775E-010
  1.056000000000000E-008  1.729179322548375E-010
  1.056600000000000E-008  1.726896655585917E-010
  1.057200000000000E-008  1.724619439431307E-010
  1.057800000000000E-008  1.722347652947298E-010
  1.058400000000000E-008  1.720081275076140E-010
  1.059000000000000E-008  1.717820284839220E-010
  1.059600000000000E-008  1.715564661336711E-010
  1.060200000000000E-008  1.713314383747212E-010
  1.060800000000000E-008  1.711069431327400E-010
  1.061400000000000E-008  1.708829783411688E-010
  1.062000000000000E-008  1.706595419411863E-010
  1.062600000000000E-008  1.704366318816746E-010
  1.063200000000000E-008  1.702142461191857E-010
  1.063800000000000E-008  1.699923826179059E-010
  1.064400000000000E-008  1.697710393496224E-010
  1.065000000000000E-008  1.695502142936899E-010
  1.065600000000000E-008  1.693299054369961E-010
  1.066200000000000E-008  1.691101107739285E-010
  1.066800000000000E-008  1.688908283063411E-010
  1.067400000000000E-008  1.686720560435216E-010
  1.068000000000000E-008  1.684537920021581E-010
  1.068600000000000E-008  1.682360342063055E-010
  1.069200000000000E-008  1.680187806873547E-010
  1.069800000000000E-008  1.678020294839988E-010
  1.070400000000000E-008  1.675857786422010E-010
  1.071000000000000E-008  1.673700262151624E-010
  1.071600000000000E-008  1.671547702632907E-010
  1.072200000000000E-008  1.669400088541681E-010
  1.072800000000000E-008  1.667257400625192E-010
  1.073400000000000E-008  1.665119619701803E-010
  1.074000000000000E-008  1.662986726660676E-010
  1.074600000000000E-008  1.660858702461464E-010
  1.075200000000000E-008  1.658735528133998E-010
  1.075800000000000E-008  1.656617184777986E-010
  1.076400000000000E-008  1.654503653562699E-010
  1.077000000000000E-008  1.652394915726668E-010
  1.077600000000000E-008  1.650290952577389E-010
  1.078200000000000E-008  1.648191745491013E-010
  1.078800000000000E-008  1.646097275912043E-010
  1.079400000000000E-008  1.644007525353048E-010
  1.080000000000000E-008  1.641922475394360E-010
  1.080600000000000E-008  1.639842107683774E-010
  1.081200000000000E-008  1.637766403936261E-010
  1.081800000000000E-008  1.635695345933679E-010
  1.082400000000000E-008  1.633628915524471E-010
  1.083000000000000E-008  1.631567094623384E-010
  1.083600000000000E-008  1.629509865211186E-010
  1.084200000000000E-008  1.627457209334370E-010
  1.084800000000000E-008  1.625409109104871E-010
  1.085400000000000E-008  1.623365546699797E-010
  1.086000000000000E-008  1.621326504361130E-010
  1.086600000000000E-008  1.619291964395448E-010
  1.087200000000000E-008  1.617261909173663E-010
  1.087800000000000E-008  1.615236321130727E-010
  1.088400000000000E-008  1.613215182765363E-010
  1.089000000000000E-008  1.611198476639787E-010
  1.089600000000000E-008  1.609186185379445E-010
  1.090200000000000E-008  1.607178291672733E-010
  1.090800000000000E-008  1.605174778270728E-010
  1.091400000000000E-008  1.603175627986922E-010
  1.092000000000000E-008  1.601180823696959E-010
  1.092600000000000E-008  1.599190348338360E-010
  1.093200000000000E-008  1.597204184910263E-010
  1.093800000000000E-008  1.595222316473172E-010
  1.094400000000000E-008  1.593244726148670E-010
  1.095000000000000E-008  1.591271397119185E-010
  1.095600000000000E-008  1.589302312627718E-010
  1.096200000000000E-008  1.587337455977588E-010
  1.096800000000000E-008  1.585376810532174E-010
  1.097400000000000E-008  1.583420359714670E-010
  1.098000000000000E-008  1.581468087007818E-010
  1.098600000000000E-008  1.579519975953665E-010
  1.099200000000000E-008  1.577576010153314E-010
  1.099800000000000E-008  1.575636173266669E-010
  1.100400000000000E-008  1.573700449012188E-010
  1.101000000000000E-008  1.571768821166640E-010
  1.101600000000000E-008  1.569841273564862E-010
  1.102200000000000E-008  1.567917790099507E-010
  1.102800000000000E-008  1.565998354720799E-010
  1.103400000000000E-008  1.564082951436312E-010
  1.104000000000000E-008  1.562171564310705E-010
  1.104600000000000E-008  1.560264177465497E-010
  1.105200000000000E-008  1.558360775078827E-010
  1.105800000000000E-008  1.556461341385218E-010
  1.106400000000000E-008  1.554565860675341E-010
  1.107000000000000E-008  1.552674317295778E-010
  1.107600000000000E-008  1.550786695648796E-010
  1.108200000000000E-008  1.548902980192114E-010
  1.108800000000000E-008  1.547023155438665E-010
  1.109400000000000E-008  1.545147205956378E-010
  1.110000000000000E-008  1.543275116367945E-010
  1.110600000000000E-008  1.541406871350595E-010
  1.111200000000000E-008  1.539542455635865E-010
  1.111800000000000E-008  1.537681854009386E-010
  1.112400000000000E-008  1.535825051310650E-010
  1.113000000000000E-008  1.533972032432787E-010
  1.113600000000000E-008  1.532122782322361E-010
  1.114200000000000E-008  1.530277285979130E-010
  1.114800000000000E-008  1.528435528455837E-010
  1.115400000000000E-008  1.526597494857995E-010
  1.116000000000000E-008  1.524763170343668E-010
  1.116600000000000E-008  1.522932540123256E-010
  1.117200000000000E-008  1.521105589459283E-010
  1.117800000000000E-008  1.519282303666183E-010
  1.118400000000000E-008  1.517462668110090E-010
  1.119000000000000E-008  1.515646668208623E-010
  1.119600000000000E-008  1.513834289430683E-010
  1.120200000000000E-008  1.512025517296247E-010
  1.120800000000000E-008  1.510220337376148E-010
  1.121400000000000E-008  1.508418735291882E-010
  1.122000000000000E-008  1.506620696715401E-010
  1.122600000000000E-008  1.504826207368900E-010
  1.123200000000000E-008  1.503035253024632E-010
  1.123800000000000E-008  1.501247819504686E-010
  1.124400000000000E-008  1.499463892680801E-010
  1.125000000000000E-008  1.497683458474162E-010
  1.125600000000000E-008  1.495906502855201E-010
  1.126200000000000E-008  1.494133011843401E-010
  1.126800000000000E-008  1.492362971507097E-010
  1.127400000000000E-008  1.490596367963286E-010
  1.128000000000000E-008  1.488833187377426E-010
  1.128600000000000E-008  1.487073415963251E-010
  1.129200000000000E-008  1.485317039982570E-010
  1.129800000000000E-008  1.483564045745082E-010
  1.130400000000000E-008  1.481814419608188E-010
  1.131000000000000E-008  1.480068147976790E-010
  1.131600000000000E-008  1.478325217303119E-010
  1.132200000000000E-008  1.476585614086535E-010
  1.132800000000000E-008  1.474849324873347E-010
  1.133400000000000E-008  1.473116336256629E-010
  1.134000000000000E-008  1.471386634876031E-010
  1.134600000000000E-008  1.469660207417601E-010
  1.135200000000000E-008  1.467937040613598E-010
  1.135800000000000E-008  1.466217121242315E-010
  1.136400000000000E-008  1.464500436127897E-010
  1.137000000000000E-008  1.462786972140161E-010
  1.137600000000000E-008  1.461076716194418E-010
  1.138200000000000E-008  1.459369655251299E-010
  1.138800000000000E-008  1.457665776316573E-010
  1.139400000000000E-008  1.455965066440975E-010
  1.140000000000000E-008  1.454267512720032E-010
  1.140600000000000E-008  1.452573102293887E-010
  1.141200000000000E-008  1.450881822347128E-010
  1.141800000000000E-008  1.449193660108617E-010
  1.142400000000000E-008  1.447508602851316E-010
  1.143000000000000E-008  1.445826637892120E-010
  1.143600000000000E-008  1.444147752591686E-010
  1.144200000000000E-008  1.442471934354270E-010
  1.144800000000000E-008  1.440799170627551E-010
  1.145400000000000E-008  1.439129448902473E-010
  1.146000000000000E-008  1.437462756713074E-010
  1.146600000000000E-008  1.435799081636326E-010
  1.147200000000000E-008  1.434138411291965E-010
  1.147800000000000E-008  1.432480733342337E-010
  1.148400000000000E-008  1.430826035492229E-010
  1.149000000000000E-008  1.429174305488709E-010
  1.149600000000000E-008  1.427525531120970E-010
  1.150200000000000E-008  1.425879700220165E-010
  1.150800000000000E-008  1.424236800659254E-010
  1.151400000000000E-008  1.422596820352844E-010
  1.152000000000000E-008  1.420959747257027E-010
  1.152600000000000E-008  1.419325569369238E-010
  1.153200000000000E-008  1.417694274728082E-010
  1.153800000000000E-008  1.416065851413195E-010
  1.154400000000000E-008  1.414440287545084E-010
  1.155000000000000E-008  1.412817571284971E-010
  1.155600000000000E-008  1.411197690834648E-010
  1.156200000000000E-008  1.409580634436325E-010
  1.156800000000000E-008  1.407966390372476E-010
  1.157400000000000E-008  1.406354946965688E-010
  1.158000000000000E-008  1.404746292578524E-010
  1.158600000000000E-008  1.403140415613364E-010
  1.159200000000000E-008  1.401537304512259E-010
  1.159800000000000E-008  1.399936947756792E-010
  1.160400000000000E-008  1.398339333867927E-010
  1.161000000000000E-008  1.396744451405862E-010
  1.161600000000000E-008  1.395152288969895E-010
  1.162200000000000E-008  1.393562835198271E-010
  1.162800000000000E-008  1.391976078768046E-010
  1.163400000000000E-008  1.390392008394939E-010
  1.164000000000000E-008  1.388810612833202E-010
  1.164600000000000E-008  1.387231880875470E-010
  1.165200000000000E-008  1.385655801352624E-010
  1.165800000000000E-008  1.384082363133657E-010
  1.166400000000000E-008  1.382511555125536E-010
  1.167000000000000E-008  1.380943366273056E-010
  1.167600000000000E-008  1.379377785558715E-010
  1.168200000000000E-008  1.377814802002575E-010
  1.168800000000000E-008  1.376254404662123E-010
  1.169400000000000E-008  1.374696582632141E-010
  1.170000000000000E-008  1.373141325044575E-010
  1.170600000000000E-008  1.371588621068399E-010
  1.171200000000000E-008  1.370038459909479E-010
  1.171800000000000E-008  1.368490830810454E-010
  1.172400000000000E-008  1.366945723050597E-010
  1.173000000000000E-008  1.365403125945681E-010
  1.173600000000000E-008  1.363863028847864E-010
  1.174200000000000E-008  1.362325421145547E-010
  1.174800000000000E-008  1.360790292263257E-010
  1.175400000000000E-008  1.359257631661511E-010
  1.176000000000000E-008  1.357727428836697E-010
  1.176600000000000E-008  1.356199673320946E-010
  1.177200000000000E-008  1.354674354682006E-010
  1.177800000000000E-008  1.353151462523118E-010
  1.178400000000000E-008  1.351630986482896E-010
  1.179000000000000E-008  1.350112916235204E-010
  1.179600000000000E-008  1.348597241489024E-010
  1.180200000000000E-008  1.347083951988350E-010
  1.180800000000000E-008  1.345573037512059E-010
  1.181400000000000E-008  1.344064487873787E-010
  1.182000000000000E-008  1.342558292921819E-010
  1.182600000000000E-008  1.341054442538965E-010
  1.183200000000000E-008  1.339552926642441E-010
  1.183800000000000E-008  1.338053735183752E-010
  1.184400000000000E-008  1.336556858148583E-010
  1.185000000000000E-008  1.335062285556669E-010
  1.185600000000000E-008  1.333570007461687E-010
  1.186200000000000E-008  1.332080013951145E-010
  1.186800000000000E-008  1.330592295146265E-010
  1.187400000000000E-008  1.329106841201861E-010
  1.188000000000000E-008  1.327623642306236E-010
  1.188600000000000E-008  1.326142688681071E-010
  1.189200000000000E-008  1.324663970581305E-010
  1.189800000000000E-008  1.323187478295027E-010
  1.190400000000000E-008  1.321713202143370E-010
  1.191000000000000E-008  1.320241132480393E-010
  1.191600000000000E-008  1.318771259692980E-010
  1.192200000000000E-008  1.317303574200727E-010
  1.192800000000000E-008  1.315838066455835E-010
  1.193400000000000E-008  1.314374726942997E-010
  1.194000000000000E-008  1.312913546179301E-010
  1.194600000000000E-008  1.311454514714120E-010
  1.195200000000000E-008  1.309997623129003E-010
  1.195800000000000E-008  1.308542862037569E-010
  1.196400000000000E-008  1.307090222085413E-010
  1.197000000000000E-008  1.305639693949987E-010
  1.197600000000000E-008  1.304191268340509E-010
  1.198200000000000E-008  1.302744935997855E-010
  1.198800000000000E-008  1.301300687694456E-010
  1.199400000000000E-008  1.299858514234199E-010
  1.200000000000000E-008  1.298418406452323E-010
  1.200600000000000E-008  1.296980355215320E-010
  1.201200000000000E-008  1.295544351420840E-010
  1.201800000000000E-008  1.294110385997579E-010
  1.202400000000000E-008  1.292678449905194E-010
  1.203000000000000E-008  1.291248534134197E-010
  1.203600000000000E-008  1.289820629705857E-010
  1.204200000000000E-008  1.288394727672109E-010
  1.204800000000000E-008  1.286970819115448E-010
  1.205400000000000E-008  1.285548895148844E-010
  1.206000000000000E-008  1.284128946915633E-010
  1.206600000000000E-008  1.282710965589439E-010
  1.207200000000000E-008  1.281294942374061E-010
  1.207800000000000E-008  1.279880868503393E-010
  1.208400000000000E-008  1.278468735241326E-010
  1.209000000000000E-008  1.277058533881652E-010
  1.209600000000000E-008  1.275650255747977E-010
  1.210200000000000E-008  1.274243892193625E-010
  1.210800000000000E-008  1.272839434601550E-010
  1.211400000000000E-008  1.271436874384242E-010
  1.212000000000000E-008  1.270036202983637E-010
  1.212600000000000E-008  1.268637411871030E-010
  1.213200000000000E-008  1.267240492546987E-010
  1.213800000000000E-008  1.265845436541245E-010
  1.214400000000000E-008  1.264452235412643E-010
  1.215000000000000E-008  1.263060880749014E-010
  1.215600000000000E-008  1.261671364167111E-010
  1.216200000000000E-008  1.260283677312515E-010
  1.216800000000000E-008  1.258897811859553E-010
  1.217400000000000E-008  1.257513759511204E-010
  1.218000000000000E-008  1.256131511999022E-010
  1.218600000000000E-008  1.254751061083050E-010
  1.219200000000000E-008  1.253372398551729E-010
  1.219800000000000E-008  1.251995516221820E-010
  1.220400000000000E-008  1.250620405938323E-010
  1.221000000000000E-008  1.249247059574385E-010
  1.221600000000000E-008  1.247875469031227E-010
  1.222200000000000E-008  1.246505626238056E-010
  1.222800000000000E-008  1.245137523151988E-010
  1.223400000000000E-008  1.243771151757962E-010
  1.224000000000000E-008  1.242406504068661E-010
  1.224600000000000E-008  1.241043572124437E-010
  1.225200000000000E-008  1.239682347993224E-010
  1.225800000000000E-008  1.238322823770463E-010
  1.226400000000000E-008  1.236964991579022E-010
  1.227000000000000E-008  1.235608843569119E-010
  1.227600000000000E-008  1.234254371918239E-010
  1.228200000000000E-008  1.232901568831067E-010
  1.228800000000000E-008  1.231550426539399E-010
  1.229400000000000E-008  1.230200937302077E-010
  1.230000000000000E-008  1.228853093404900E-010
  1.230600000000000E-008  1.227506887160564E-010
  1.231200000000000E-008  1.226162310908570E-010
  1.231800000000000E-008  1.224819357015163E-010
  1.232400000000000E-008  1.223478017873251E-010
  1.233000000000000E-008  1.222138285902331E-010
  1.233600000000000E-008  1.220800153548420E-010
  1.234200000000000E-008  1.219463613283974E-010
  1.234800000000000E-008  1.218128657607824E-010
  1.235400000000000E-008  1.216795279045100E-010
  1.236000000000000E-008  1.215463470147155E-010
  1.236600000000000E-008  1.214133223491504E-010
  1.237200000000000E-008  1.212804531681743E-010
  1.237800000000000E-008  1.211477387347481E-010
  1.238400000000000E-008  1.210151783144274E-010
  1.239000000000000E-008  1.208827711753551E-010
  1.239600000000000E-008  1.207505165882546E-010
  1.240200000000000E-008  1.206184138264230E-010
  1.240800000000000E-008  1.204864621657241E-010
  1.241400000000000E-008  1.203546608845817E-010
  1.242000000000000E-008  1.202230092639724E-010
  1.242600000000000E-008  1.200915065874198E-010
  1.243200000000000E-008  1.199601521409870E-010
  1.243800000000000E-008  1.198289452132700E-010
  1.244400000000000E-008  1.196978850953914E-010
  1.245000000000000E-008  1.195669710809938E-010
  1.245600000000000E-008  1.194362024662330E-010
  1.246200000000000E-008  1.193055785497716E-010
  1.246800000000000E-008  1.191750986327728E-010
  1.247400000000000E-008  1.190447620188934E-010
  1.248000000000000E-008  1.189145680142782E-010
  1.248600000000000E-008  1.187845159275525E-010
  1.249200000000000E-008  1.186546050698176E-010
  1.249800000000000E-008  1.185248347546422E-010
  1.250400000000000E-008  1.183952042980581E-010
  1.251000000000000E-008  1.182657130185531E-010
  1.251600000000000E-008  1.181363602370651E-010
  1.252200000000000E-008  1.180071452769755E-010
  1.252800000000000E-008  1.178780674641039E-010
  1.253400000000000E-008  1.177491261267013E-010
  1.254000000000000E-008  1.176203205954446E-010
  1.254600000000000E-008  1.174916502034302E-010
  1.255200000000000E-008  1.173631142861684E-010
  1.255800000000000E-008  1.172347121815770E-010
  1.256400000000000E-008  1.171064432299763E-010
  1.257000000000000E-008  1.169783067740820E-010
  1.257600000000000E-008  1.168503021590007E-010
  1.258200000000000E-008  1.167224287322229E-010
  1.258800000000000E-008  1.165946858436184E-010
  1.259400000000000E-008  1.164670728454296E-010
  1.260000000000000E-008  1.163395890922663E-010
  1.260600000000000E-008  1.162122339411001E-010
  1.261200000000000E-008  1.160850067512586E-010
  1.261800000000000E-008  1.159579068844200E-010
  1.262400000000000E-008  1.158309337046073E-010
  1.263000000000000E-008  1.157040865781831E-010
  1.263600000000000E-008  1.155773648738438E-010
  1.264200000000000E-008  1.154507679626143E-010
  1.264800000000000E-008  1.153242952178426E-010
  1.265400000000000E-008  1.151979460151946E-010
  1.266000000000000E-008  1.150717197326483E-010
  1.266600000000000E-008  1.149456157504885E-010
  1.267200000000000E-008  1.148196334513025E-010
  1.267800000000000E-008  1.146937722199732E-010
  1.268400000000000E-008  1.145680314436751E-010
  1.269000000000000E-008  1.144424105118689E-010
  1.269600000000000E-008  1.143169088162960E-010
  1.270200000000000E-008  1.141915257509734E-010
  1.270800000000000E-008  1.140662607121889E-010
  1.271400000000000E-008  1.139411130984958E-010
  1.272000000000000E-008  1.138160823107079E-010
  1.272600000000000E-008  1.136911677518946E-010
  1.273200000000000E-008  1.135663688273756E-010
  1.273800000000000E-008  1.134416849447161E-010
  1.274400000000000E-008  1.133171155137221E-010
  1.275000000000000E-008  1.131926599464355E-010
  1.275600000000000E-008  1.130683176571284E-010
  1.276200000000000E-008  1.129440880622995E-010
  1.276800000000000E-008  1.128199705806683E-010
  1.277400000000000E-008  1.126959646331711E-010
  1.278000000000000E-008  1.125720696429553E-010
  1.278600000000000E-008  1.124482850353757E-010
  1.279200000000000E-008  1.123246102379893E-010
  1.279800000000000E-008  1.122010446805502E-010
  1.280400000000000E-008  1.120775877950058E-010
  1.281000000000000E-008  1.119542390154917E-010
  1.281600000000000E-008  1.118309977783271E-010
  1.282200000000000E-008  1.117078635220103E-010
  1.282800000000000E-008  1.115848356872144E-010
  1.283400000000000E-008  1.114619137167825E-010
  1.284000000000000E-008  1.113390970557230E-010
  1.284600000000000E-008  1.112163851512059E-010
  1.285200000000000E-008  1.110937774525576E-010
  1.285800000000000E-008  1.109712734112570E-010
  1.286400000000000E-008  1.108488724809308E-010
  1.287000000000000E-008  1.107265741173493E-010
  1.287600000000000E-008  1.106043777784222E-010
  1.288200000000000E-008  1.104822829241938E-010
  1.288800000000000E-008  1.103602890168394E-010
  1.289400000000000E-008  1.102383955206606E-010
  1.290000000000000E-008  1.101166019020812E-010
  1.290600000000000E-008  1.099949076296431E-010
  1.291200000000000E-008  1.098733121740018E-010
  1.291800000000000E-008  1.097518150079228E-010
  1.292400000000000E-008  1.096304156062766E-010
  1.293000000000000E-008  1.095091134460358E-010
  1.293600000000000E-008  1.093879080062699E-010
  1.294200000000000E-008  1.092667987681418E-010
  1.294800000000000E-008  1.091457852149037E-010
  1.295400000000000E-008  1.090248668318933E-010
  1.296000000000000E-008  1.089040431065290E-010
  1.296600000000000E-008  1.087833135283070E-010
  1.297200000000000E-008  1.086626775887970E-010
  1.297800000000000E-008  1.085421347816376E-010
  1.298400000000000E-008  1.084216846025333E-010
  1.299000000000000E-008  1.083013265492504E-010
  1.299600000000000E-008  1.081810601216129E-010
  1.300200000000000E-008  1.080608848214989E-010
  1.300800000000000E-008  1.079408001528365E-010
  1.301400000000000E-008  1.078208056216007E-010
  1.302000000000000E-008  1.077009007358088E-010
  1.302600000000000E-008  1.075810850055172E-010
  1.303200000000000E-008  1.074613579428175E-010
  1.303800000000000E-008  1.073417190618329E-010
  1.304400000000000E-008  1.072221678787144E-010
  1.305000000000000E-008  1.071027039116370E-010
  1.305600000000000E-008  1.069833266807970E-010
  1.306200000000000E-008  1.068640357084068E-010
  1.306800000000000E-008  1.067448305186926E-010
  1.307400000000000E-008  1.066257106378906E-010
  1.308000000000000E-008  1.065066755942430E-010
  1.308600000000000E-008  1.063877249179946E-010
  1.309200000000000E-008  1.062688581413900E-010
  1.309800000000000E-008  1.061500747986690E-010
  1.310400000000000E-008  1.060313744260639E-010
  1.311000000000000E-008  1.059127565617958E-010
  1.311600000000000E-008  1.057942207460712E-010
  1.312200000000000E-008  1.056757665210786E-010
  1.312800000000000E-008  1.055573934309851E-010
  1.313400000000000E-008  1.054391010219330E-010
  1.314000000000000E-008  1.053208888420367E-010
  1.314600000000000E-008  1.052027564413787E-010
  1.315200000000000E-008  1.050847033720072E-010
  1.315800000000000E-008  1.049667291879321E-010
  1.316400000000000E-008  1.048488334451219E-010
  1.317000000000000E-008  1.047310157015007E-010
  1.317600000000000E-008  1.046132755169446E-010
  1.318200000000000E-008  1.044956124532788E-010
  1.318800000000000E-008  1.043780260742739E-010
  1.319400000000000E-008  1.042605159456435E-010
  1.320000000000000E-008  1.041430816350404E-010
  1.320600000000000E-008  1.040257227120533E-010
  1.321200000000000E-008  1.039084387482045E-010
  1.321800000000000E-008  1.037912293169459E-010
  1.322400000000000E-008  1.036740939936565E-010
  1.323000000000000E-008  1.035570323556389E-010
  1.323600000000000E-008  1.034400439821165E-010
  1.324200000000000E-008  1.033231284542306E-010
  1.324800000000000E-008  1.032062853550365E-010
  1.325400000000000E-008  1.030895142695019E-010
  1.326000000000000E-008  1.029728147845026E-010
  1.326600000000000E-008  1.028561864888202E-010
  1.327200000000000E-008  1.027396289731388E-010
  1.327800000000000E-008  1.026231418300426E-010
  1.328400000000000E-008  1.025067246540121E-010
  1.329000000000000E-008  1.023903770414218E-010
  1.329600000000000E-008  1.022740985905374E-010
  1.330200000000000E-008  1.021578889015124E-010
  1.330800000000000E-008  1.020417475763853E-010
  1.331400000000000E-008  1.019256742190773E-010
  1.332000000000000E-008  1.018096684353889E-010
  1.332600000000000E-008  1.016937298329972E-010
  1.333200000000000E-008  1.015778580214529E-010
  1.333800000000000E-008  1.014620526121783E-010
  1.334400000000000E-008  1.013463132184634E-010
  1.335000000000000E-008  1.012306394554636E-010
  1.335600000000000E-008  1.011150309401975E-010
  1.336200000000000E-008  1.009994872915434E-010
  1.336800000000000E-008  1.008840081302363E-010
  1.337400000000000E-008  1.007685930788666E-010
  1.338000000000000E-008  1.006532417618758E-010
  1.338600000000000E-008  1.005379538055548E-010
  1.339200000000000E-008  1.004227288380407E-010
  1.339800000000000E-008  1.003075664893147E-010
  1.340400000000000E-008  1.001924663911987E-010
  1.341000000000000E-008  1.000774281773534E-010
  1.341600000000000E-008  9.996245148327516E-011
  1.342200000000000E-008  9.984753594629360E-011
  1.342800000000000E-008  9.973268120556886E-011
  1.343400000000000E-008  9.961788690208919E-011
  1.344000000000000E-008  9.950315267866854E-011
  1.344600000000000E-008  9.938847817994326E-011
  1.345200000000000E-008  9.927386305237039E-011
  1.345800000000000E-008  9.915930694422484E-011
  1.346400000000000E-008  9.904480950559645E-011
  1.347000000000000E-008  9.893037038838803E-011
  1.347600000000000E-008  9.881598924631274E-011
  1.348200000000000E-008  9.870166573489136E-011
  1.348800000000000E-008  9.858739951144989E-011
  1.349400000000000E-008  9.847319023511721E-011
  1.350000000000000E-008  9.835903756682273E-011
  1.350600000000000E-008  9.824494116929339E-011
  1.351200000000000E-008  9.813090070705185E-011
  1.351800000000000E-008  9.801691584641384E-011
  1.352400000000000E-008  9.790298625548556E-011
  1.353000000000000E-008  9.778911160416140E-011
  1.353600000000000E-008  9.767529156412170E-011
  1.354200000000000E-008  9.756152580883030E-011
  1.354800000000000E-008  9.744781401353180E-011
  1.355400000000000E-008  9.733415585524972E-011
  1.356000000000000E-008  9.722055101278392E-011
  1.356600000000000E-008  9.710699916670814E-011
  1.357200000000000E-008  9.699349999936777E-011
  1.357800000000000E-008  9.688005319487773E-011
  1.358400000000000E-008  9.676665843911983E-011
  1.359000000000000E-008  9.665331541974036E-011
  1.359600000000000E-008  9.654002382614841E-011
  1.360200000000000E-008  9.642678334951306E-011
  1.360800000000000E-008  9.631359368276095E-011
  1.361400000000000E-008  9.620045452057463E-011
  1.362000000000000E-008  9.608736555938995E-011
  1.362600000000000E-008  9.597432649739349E-011
  1.363200000000000E-008  9.586133703452088E-011
  1.363800000000000E-008  9.574839687245434E-011
  1.364400000000000E-008  9.563550571462038E-011
  1.365000000000000E-008  9.552266326618747E-011
  1.365600000000000E-008  9.540986923406420E-011
  1.366200000000000E-008  9.529712332689688E-011
  1.366800000000000E-008  9.518442525506705E-011
  1.367400000000000E-008  9.507177473068971E-011
  1.368000000000000E-008  9.495917146761122E-011
  1.368600000000000E-008  9.484661518140648E-011
  1.369200000000000E-008  9.473410558937738E-011
  1.369800000000000E-008  9.462164241055057E-011
  1.370400000000000E-008  9.450922536567507E-011
  1.371000000000000E-008  9.439685417722003E-011
  1.371600000000000E-008  9.428452856937299E-011
  1.372200000000000E-008  9.417224826803769E-011
  1.372800000000000E-008  9.406001300083152E-011
  1.373400000000000E-008  9.394782249708371E-011
  1.374000000000000E-008  9.383567648783351E-011
  1.374600000000000E-008  9.372357470582734E-011
  1.375200000000000E-008  9.361151688551733E-011
  1.375800000000000E-008  9.349950276305913E-011
  1.376400000000000E-008  9.338753207630949E-011
  1.377000000000000E-008  9.327560456482446E-011
  1.377600000000000E-008  9.316371996985722E-011
  1.378200000000000E-008  9.305187803435620E-011
  1.378800000000000E-008  9.294007850296258E-011
  1.379400000000000E-008  9.282832112200866E-011
  1.380000000000000E-008  9.271660563951577E-011
  1.380600000000000E-008  9.260493180519188E-011
  1.381200000000000E-008  9.249329937042982E-011
  1.381800000000000E-008  9.238170808830528E-011
  1.382400000000000E-008  9.227015771357469E-011
  1.383000000000000E-008  9.215864800267309E-011
  1.383600000000000E-008  9.204717871371222E-011
  1.384200000000000E-008  9.193574960647870E-011
  1.384800000000000E-008  9.182436044243152E-011
  1.385400000000000E-008  9.171301098470045E-011
  1.386000000000000E-008  9.160170099808396E-011
  1.386600000000000E-008  9.149043024904711E-011
  1.387200000000000E-008  9.137919850571942E-011
  1.387800000000000E-008  9.126800553789344E-011
  1.388400000000000E-008  9.115685111702201E-011
  1.389000000000000E-008  9.104573501621677E-011
  1.389600000000000E-008  9.093465701024600E-011
  1.390200000000000E-008  9.082361687553296E-011
  1.390800000000000E-008  9.071261439015318E-011
  1.391400000000000E-008  9.060164933383325E-011
  1.392000000000000E-008  9.049072148794852E-011
  1.392600000000000E-008  9.037983063552119E-011
  1.393200000000000E-008  9.026897656121806E-011
  1.393800000000000E-008  9.015815905134918E-011
  1.394400000000000E-008  9.004737789386537E-011
  1.395000000000000E-008  8.993663287835640E-011
  1.395600000000000E-008  8.982592379604913E-011
  1.396200000000000E-008  8.971525043980557E-011
  1.396800000000000E-008  8.960461260412077E-011
  1.397400000000000E-008  8.949401008512095E-011
  1.398000000000000E-008  8.938344268056173E-011
  1.398600000000000E-008  8.927291018982596E-011
  1.399200000000000E-008  8.916241241392185E-011
  1.399800000000000E-008  8.905194915548095E-011
  1.400400000000000E-008  8.894152021875663E-011
  1.401000000000000E-008  8.883112540962147E-011
  1.401600000000000E-008  8.872076453556587E-011
  1.402200000000000E-008  8.861043740569600E-011
  1.402800000000000E-008  8.850014383073170E-011
  1.403400000000000E-008  8.838988362300463E-011
  1.404000000000000E-008  8.827965659645658E-011
  1.404600000000000E-008  8.816946256663719E-011
  1.405200000000000E-008  8.805930135070214E-011
  1.405800000000000E-008  8.794917276741138E-011
  1.406400000000000E-008  8.783907663712718E-011
  1.407000000000000E-008  8.772901278181192E-011
  1.407600000000000E-008  8.761898102502643E-011
  1.408200000000000E-008  8.750898119192821E-011
  1.408800000000000E-008  8.739901310926916E-011
  1.409400000000000E-008  8.728907660539382E-011
  1.410000000000000E-008  8.717917151023749E-011
  1.410600000000000E-008  8.706929765532437E-011
  1.411200000000000E-008  8.695945487376537E-011
  1.411800000000000E-008  8.684964300025650E-011
  1.412400000000000E-008  8.673986187107687E-011
  1.413000000000000E-008  8.663011132408653E-011
  1.413600000000000E-008  8.652039119872491E-011
  1.414200000000000E-008  8.641070133600878E-011
  1.414800000000000E-008  8.630104157853024E-011
  1.415400000000000E-008  8.619141177045473E-011
  1.416000000000000E-008  8.608181175751935E-011
  1.416600000000000E-008  8.597224138703090E-011
  1.417200000000000E-008  8.586270050786371E-011
  1.417800000000000E-008  8.575318897045799E-011
  1.418400000000000E-008  8.564370662681786E-011
  1.419000000000000E-008  8.553425333050921E-011
  1.419600000000000E-008  8.542482893665798E-011
  1.420200000000000E-008  8.531543330194837E-011
  1.420800000000000E-008  8.520606628462051E-011
  1.421400000000000E-008  8.509672774446878E-011
  1.422000000000000E-008  8.498741754283992E-011
  1.422600000000000E-008  8.487813554263114E-011
  1.423200000000000E-008  8.476888160828771E-011
  1.423800000000000E-008  8.465965560580167E-011
  1.424400000000000E-008  8.455045740270967E-011
  1.425000000000000E-008  8.444128686809070E-011
  1.425600000000000E-008  8.433214387256452E-011
  1.426200000000000E-008  8.422302828828973E-011
  1.426800000000000E-008  8.411393998896164E-011
  1.427400000000000E-008  8.400487884981026E-011
  1.428000000000000E-008  8.389584474759849E-011
  1.428600000000000E-008  8.378683756062041E-011
  1.429200000000000E-008  8.367785716869874E-011
  1.429800000000000E-008  8.356890345318330E-011
  1.430400000000000E-008  8.345997629694910E-011
  1.431000000000000E-008  8.335107558439406E-011
  1.431600000000000E-008  8.324220120143715E-011
  1.432200000000000E-008  8.313335303551676E-011
  1.432800000000000E-008  8.302453097558815E-011
  1.433400000000000E-008  8.291573491212191E-011
  1.434000000000000E-008  8.280696473710174E-011
  1.434600000000000E-008  8.269822034402275E-011
  1.435200000000000E-008  8.258950162788908E-011
  1.435800000000000E-008  8.248080848521221E-011
  1.436400000000000E-008  8.237214081400893E-011
  1.437000000000000E-008  8.226349851379924E-011
  1.437600000000000E-008  8.215488148560428E-011
  1.438200000000000E-008  8.204628963194451E-011
  1.438800000000000E-008  8.193772285683782E-011
  1.439400000000000E-008  8.182918106579706E-011
  1.440000000000000E-008  8.172066416582839E-011
  1.440600000000000E-008  8.161217206542924E-011
  1.441200000000000E-008  8.150370467458610E-011
  1.441800000000000E-008  8.139526190477255E-011
  1.442400000000000E-008  8.128684366894747E-011
  1.443000000000000E-008  8.117844988155271E-011
  1.443600000000000E-008  8.107008045851103E-011
  1.444200000000000E-008  8.096173531722421E-011
  1.444800000000000E-008  8.085341437657120E-011
  1.445400000000000E-008  8.074511755690542E-011
  1.446000000000000E-008  8.063684478005333E-011
  1.446600000000000E-008  8.052859596931219E-011
  1.447200000000000E-008  8.042037104944770E-011
  1.447800000000000E-008  8.031216994669232E-011
  1.448400000000000E-008  8.020399258874300E-011
  1.449000000000000E-008  8.009583890475909E-011
  1.449600000000000E-008  7.998770882536024E-011
  1.450200000000000E-008  7.987960228262435E-011
  1.450800000000000E-008  7.977151921008558E-011
  1.451400000000000E-008  7.966345954273184E-011
  1.452000000000000E-008  7.955542321700316E-011
  1.452600000000000E-008  7.944741017078941E-011
  1.453200000000000E-008  7.933942034342796E-011
  1.453800000000000E-008  7.923145367570169E-011
  1.454400000000000E-008  7.912351010983708E-011
  1.455000000000000E-008  7.901558958950181E-011
  1.455600000000000E-008  7.890769205980243E-011
  1.456200000000000E-008  7.879981746728272E-011
  1.456800000000000E-008  7.869196575992127E-011
  1.457400000000000E-008  7.858413688712905E-011
  1.458000000000000E-008  7.847633079974758E-011
  1.458600000000000E-008  7.836854745004681E-011
  1.459200000000000E-008  7.826078679172266E-011
  1.459800000000000E-008  7.815304877989487E-011
  1.460400000000000E-008  7.804533337110497E-011
  1.461000000000000E-008  7.793764052331402E-011
  1.461600000000000E-008  7.782997019590024E-011
  1.462200000000000E-008  7.772232234965701E-011
  1.462800000000000E-008  7.761469694679053E-011
  1.463400000000000E-008  7.750709395091753E-011
  1.464000000000000E-008  7.739951332706322E-011
  1.464600000000000E-008  7.729195504165882E-011
  1.465200000000000E-008  7.718441906253953E-011
  1.465800000000000E-008  7.707690535894202E-011
  1.466400000000000E-008  7.696941390150235E-011
  1.467000000000000E-008  7.686194466225378E-011
  1.467600000000000E-008  7.675449761462407E-011
  1.468200000000000E-008  7.664707273343369E-011
  1.468800000000000E-008  7.653966999489330E-011
  1.469400000000000E-008  7.643228937660135E-011
  1.470000000000000E-008  7.632493085754180E-011
  1.470600000000000E-008  7.621759441808211E-011
  1.471200000000000E-008  7.611028003997052E-011
  1.471800000000000E-008  7.600298770633384E-011
  1.472400000000000E-008  7.589571740167511E-011
  1.473000000000000E-008  7.578846911187147E-011
  1.473600000000000E-008  7.568124282417138E-011
  1.474200000000000E-008  7.557403852719251E-011
  1.474800000000000E-008  7.546685621091955E-011
  1.475400000000000E-008  7.535969586670130E-011
  1.476000000000000E-008  7.525255748724874E-011
  1.476600000000000E-008  7.514544106663257E-011
  1.477200000000000E-008  7.503834660028057E-011
  1.477800000000000E-008  7.493127408497533E-011
  1.478400000000000E-008  7.482422351885186E-011
  1.479000000000000E-008  7.471719490139523E-011
  1.479600000000000E-008  7.461018823343778E-011
  1.480200000000000E-008  7.450320351715709E-011
  1.480800000000000E-008  7.439624075607333E-011
  1.481400000000000E-008  7.428929995504682E-011
  1.482000000000000E-008  7.418238112027542E-011
  1.482600000000000E-008  7.407548425929218E-011
  1.483200000000000E-008  7.396860938096300E-011
  1.483800000000000E-008  7.386175649548382E-011
  1.484400000000000E-008  7.375492561437826E-011
  1.485000000000000E-008  7.364811675049522E-011
  1.485600000000000E-008  7.354132991800600E-011
  1.486200000000000E-008  7.343456513240210E-011
  1.486800000000000E-008  7.332782241049267E-011
  1.487400000000000E-008  7.322110177040171E-011
  1.488000000000000E-008  7.311440323156562E-011
  1.488600000000000E-008  7.300772681473065E-011
  1.489200000000000E-008  7.290107254195046E-011
  1.489800000000000E-008  7.279444043658321E-011
  1.490400000000000E-008  7.268783052328910E-011
  1.491000000000000E-008  7.258124282802801E-011
  1.491600000000000E-008  7.247467737805640E-011
  1.492200000000000E-008  7.236813420192500E-011
  1.492800000000000E-008  7.226161332947622E-011
  1.493400000000000E-008  7.215511479184126E-011
  1.494000000000000E-008  7.204863862143758E-011
  1.494600000000000E-008  7.194218485196619E-011
  1.495200000000000E-008  7.183575351840918E-011
  1.495800000000000E-008  7.172934465702657E-011
  1.496400000000000E-008  7.162295830535409E-011
  1.497000000000000E-008  7.151659450220027E-011
  1.497600000000000E-008  7.141025328764362E-011
  1.498200000000000E-008  7.130393470303004E-011
  1.498800000000000E-008  7.119763879097019E-011
  1.499400000000000E-008  7.109136559533638E-011
  1.500000000000000E-008  7.098511516126011E-011
  1.500600000000000E-008  7.087888753512926E-011
  1.501200000000000E-008  7.077268276458532E-011
  1.501800000000000E-008  7.066650089852040E-011
  1.502400000000000E-008  7.056034198707465E-011
  1.503000000000000E-008  7.045420608163339E-011
  1.503600000000000E-008  7.034809323482439E-011
  1.504200000000000E-008  7.024200350051472E-011
  1.504800000000000E-008  7.013593693380818E-011
  1.505400000000000E-008  7.002989359104254E-011
  1.506000000000000E-008  6.992387352978633E-011
  1.506600000000000E-008  6.981787680883625E-011
  1.507200000000000E-008  6.971190348821432E-011
  1.507800000000000E-008  6.960595362916458E-011
  1.508400000000000E-008  6.950002729415066E-011
  1.509000000000000E-008  6.939412454685272E-011
  1.509600000000000E-008  6.928824545216439E-011
  1.510200000000000E-008  6.918239007618991E-011
  1.510800000000000E-008  6.907655848624120E-011
  1.511400000000000E-008  6.897075075083504E-011
  1.512000000000000E-008  6.886496693968976E-011
  1.512600000000000E-008  6.875920712372252E-011
  1.513200000000000E-008  6.865347137504645E-011
  1.513800000000000E-008  6.854775976696712E-011
  1.514400000000000E-008  6.844207237398010E-011
  1.515000000000000E-008  6.833640927176770E-011
  1.515600000000000E-008  6.823077053719589E-011
  1.516200000000000E-008  6.812515624831124E-011
  1.516800000000000E-008  6.801956648433797E-011
  1.517400000000000E-008  6.791400132567498E-011
  1.518000000000000E-008  6.780846085389242E-011
  1.518600000000000E-008  6.770294515172886E-011
  1.519200000000000E-008  6.759745430308834E-011
  1.519800000000000E-008  6.749198839303674E-011
  1.520400000000000E-008  6.738654750779916E-011
  1.521000000000000E-008  6.728113173475670E-011
  1.521600000000000E-008  6.717574116244303E-011
  1.522200000000000E-008  6.707037588054148E-011
  1.522800000000000E-008  6.696503597988173E-011
  1.523400000000000E-008  6.685972155243700E-011
  1.524000000000000E-008  6.675443269132021E-011
  1.524600000000000E-008  6.664916949078130E-011
  1.525200000000000E-008  6.654393204620394E-011
  1.525800000000000E-008  6.643872045410210E-011
  1.526400000000000E-008  6.633353481211697E-011
  1.527000000000000E-008  6.622837521901358E-011
  1.527600000000000E-008  6.612324177467791E-011
  1.528200000000000E-008  6.601813458011305E-011
  1.528800000000000E-008  6.591305373743634E-011
  1.529400000000000E-008  6.580799934987599E-011
  1.530000000000000E-008  6.570297152176765E-011
  1.530600000000000E-008  6.559797035855116E-011
  1.531200000000000E-008  6.549299596676741E-011
  1.531800000000000E-008  6.538804845405469E-011
  1.532400000000000E-008  6.528312792914549E-011
  1.533000000000000E-008  6.517823450186310E-011
  1.533600000000000E-008  6.507336828311837E-011
  1.534200000000000E-008  6.496852938490613E-011
  1.534800000000000E-008  6.486371792030183E-011
  1.535400000000000E-008  6.475893400345837E-011
  1.536000000000000E-008  6.465417774960228E-011
  1.536600000000000E-008  6.454944927503059E-011
  1.537200000000000E-008  6.444474869710728E-011
  1.537800000000000E-008  6.434007613425989E-011
  1.538400000000000E-008  6.423543170597582E-011
  1.539000000000000E-008  6.413081553279918E-011
  1.539600000000000E-008  6.402622773632721E-011
  1.540200000000000E-008  6.392166843920647E-011
  1.540800000000000E-008  6.381713776512972E-011
  1.541400000000000E-008  6.371263583883234E-011
  1.542000000000000E-008  6.360816278608848E-011
  1.542600000000000E-008  6.350371873370782E-011
  1.543200000000000E-008  6.339930380953198E-011
  1.543800000000000E-008  6.329491814243079E-011
  1.544400000000000E-008  6.319056186229874E-011
  1.545000000000000E-008  6.308623510005156E-011
  1.545600000000000E-008  6.298193798762249E-011
  1.546200000000000E-008  6.287767065795852E-011
  1.546800000000000E-008  6.277343324501698E-011
  1.547400000000000E-008  6.266922588376189E-011
  1.548000000000000E-008  6.256504871016005E-011
  1.548600000000000E-008  6.246090186117769E-011
  1.549200000000000E-008  6.235678547477655E-011
  1.549800000000000E-008  6.225269968991040E-011
  1.550400000000000E-008  6.214864464652110E-011
  1.551000000000000E-008  6.204462048553507E-011
  1.551600000000000E-008  6.194062734885959E-011
  1.552200000000000E-008  6.183666537937879E-011
  1.552800000000000E-008  6.173273472095015E-011
  1.553400000000000E-008  6.162883551840083E-011
  1.554000000000000E-008  6.152496791752358E-011
  1.554600000000000E-008  6.142113206507308E-011
  1.555200000000000E-008  6.131732810876227E-011
  1.555800000000000E-008  6.121355619725852E-011
  1.556400000000000E-008  6.110981648017957E-011
  1.557000000000000E-008  6.100610910808997E-011
  1.557600000000000E-008  6.090243423249717E-011
  1.558200000000000E-008  6.079879200584748E-011
  1.558800000000000E-008  6.069518258152249E-011
  1.559400000000000E-008  6.059160611383506E-011
  1.560000000000000E-008  6.048806275802536E-011
  1.560600000000000E-008  6.038455267025700E-011
  1.561200000000000E-008  6.028107600761321E-011
  1.561800000000000E-008  6.017763292809292E-011
  1.562400000000000E-008  6.007422359060658E-011
  1.563000000000000E-008  5.997084815497248E-011
  1.563600000000000E-008  5.986750678191281E-011
  1.564200000000000E-008  5.976419963304940E-011
  1.564800000000000E-008  5.966092687089995E-011
  1.565400000000000E-008  5.955768865887408E-011
  1.566000000000000E-008  5.945448516126922E-011
  1.566600000000000E-008  5.935131654326652E-011
  1.567200000000000E-008  5.924818297092701E-011
  1.567800000000000E-008  5.914508461118747E-011
  1.568400000000000E-008  5.904202163185629E-011
  1.569000000000000E-008  5.893899420160956E-011
  1.569600000000000E-008  5.883600248998693E-011
  1.570200000000000E-008  5.873304666738748E-011
  1.570800000000000E-008  5.863012690506562E-011
  1.571400000000000E-008  5.852724337512709E-011
  1.572000000000000E-008  5.842439625052483E-011
  1.572600000000000E-008  5.832158570505464E-011
  1.573200000000000E-008  5.821881191335120E-011
  1.573800000000000E-008  5.811607505088407E-011
  1.574400000000000E-008  5.801337529395318E-011
  1.575000000000000E-008  5.791071281968483E-011
  1.575600000000000E-008  5.780808780602765E-011
  1.576200000000000E-008  5.770550043174817E-011
  1.576800000000000E-008  5.760295087642661E-011
  1.577400000000000E-008  5.750043932045279E-011
  1.578000000000000E-008  5.739796594502194E-011
  1.578600000000000E-008  5.729553093213022E-011
  1.579200000000000E-008  5.719313446457065E-011
  1.579800000000000E-008  5.709077672592895E-011
  1.580400000000000E-008  5.698845790057885E-011
  1.581000000000000E-008  5.688617817367825E-011
  1.581600000000000E-008  5.678393773116474E-011
  1.582200000000000E-008  5.668173675975123E-011
  1.582800000000000E-008  5.657957544692165E-011
  1.583400000000000E-008  5.647745398092671E-011
  1.584000000000000E-008  5.637537255077959E-011
  1.584600000000000E-008  5.627333134625132E-011
  1.585200000000000E-008  5.617133055786673E-011
  1.585800000000000E-008  5.606937037689998E-011
  1.586400000000000E-008  5.596745099536997E-011
  1.587000000000000E-008  5.586557260603623E-011
  1.587600000000000E-008  5.576373540239444E-011
  1.588200000000000E-008  5.566193957867193E-011
  1.588800000000000E-008  5.556018532982322E-011
  1.589400000000000E-008  5.545847285152571E-011
  1.590000000000000E-008  5.535680234017527E-011
  1.590600000000000E-008  5.525517399288153E-011
  1.591200000000000E-008  5.515358800746362E-011
  1.591800000000000E-008  5.505204458244579E-011
  1.592400000000000E-008  5.495054391705258E-011
  1.593000000000000E-008  5.484908621120459E-011
  1.593600000000000E-008  5.474767166551385E-011
  1.594200000000000E-008  5.464630048127949E-011
  1.594800000000000E-008  5.454497286048286E-011
  1.595400000000000E-008  5.444368900578328E-011
  1.596000000000000E-008  5.434244912051352E-011
  1.596600000000000E-008  5.424125340867491E-011
  1.597200000000000E-008  5.414010207493306E-011
  1.597800000000000E-008  5.403899532461335E-011
  1.598400000000000E-008  5.393793336369597E-011
  1.599000000000000E-008  5.383691639881162E-011
  1.599600000000000E-008  5.373594463723685E-011
  1.600200000000000E-008  5.363501828688947E-011
  1.600800000000000E-008  5.353413755632370E-011
  1.601400000000000E-008  5.343330265472577E-011
  1.602000000000000E-008  5.333251379190934E-011
  1.602600000000000E-008  5.323177117831047E-011
  1.603200000000000E-008  5.313107502498326E-011
  1.603800000000000E-008  5.303042554359521E-011
  1.604400000000000E-008  5.292982294642227E-011
  1.605000000000000E-008  5.282926744634432E-011
  1.605600000000000E-008  5.272875925684047E-011
  1.606200000000000E-008  5.262829859198441E-011
  1.606800000000000E-008  5.252788566643935E-011
  1.607400000000000E-008  5.242752069545371E-011
  1.608000000000000E-008  5.232720389485624E-011
  1.608600000000000E-008  5.222693548105105E-011
  1.609200000000000E-008  5.212671567101313E-011
  1.609800000000000E-008  5.202654468228354E-011
  1.610400000000000E-008  5.192642273296451E-011
  1.611000000000000E-008  5.182635004171464E-011
  1.611600000000000E-008  5.172632682774428E-011
  1.612200000000000E-008  5.162635331081071E-011
  1.612800000000000E-008  5.152642971121304E-011
  1.613400000000000E-008  5.142655624978774E-011
  1.614000000000000E-008  5.132673314790371E-011
  1.614600000000000E-008  5.122696062745724E-011
  1.615200000000000E-008  5.112723891086744E-011
  1.615800000000000E-008  5.102756822107130E-011
  1.616400000000000E-008  5.092794878151878E-011
  1.617000000000000E-008  5.082838081616785E-011
  1.617600000000000E-008  5.072886454947986E-011
  1.618200000000000E-008  5.062940020641452E-011
  1.618800000000000E-008  5.052998801242487E-011
  1.619400000000000E-008  5.043062819345263E-011
  1.620000000000000E-008  5.033132097592316E-011
  1.620600000000000E-008  5.023206658674051E-011
  1.621200000000000E-008  5.013286525328251E-011
  1.621800000000000E-008  5.003371720339594E-011
  1.622400000000000E-008  4.993462266539155E-011
  1.623000000000000E-008  4.983558186803888E-011
  1.623600000000000E-008  4.973659504056164E-011
  1.624200000000000E-008  4.963766241263270E-011
  1.624800000000000E-008  4.953878421436879E-011
  1.625400000000000E-008  4.943996067632583E-011
  1.626000000000000E-008  4.934119202949405E-011
  1.626600000000000E-008  4.924247850529265E-011
  1.627200000000000E-008  4.914382033556494E-011
  1.627800000000000E-008  4.904521775257339E-011
  1.628400000000000E-008  4.894667098899474E-011
  1.629000000000000E-008  4.884818027791461E-011
  1.629600000000000E-008  4.874974585282278E-011
  1.630200000000000E-008  4.865136794760817E-011
  1.630800000000000E-008  4.855304679655354E-011
  1.631400000000000E-008  4.845478263433060E-011
  1.632000000000000E-008  4.835657569599515E-011
  1.632600000000000E-008  4.825842621698168E-011
  1.633200000000000E-008  4.816033443309841E-011
  1.633800000000000E-008  4.806230058052232E-011
  1.634400000000000E-008  4.796432489579411E-011
  1.635000000000000E-008  4.786640761581283E-011
  1.635600000000000E-008  4.776854897783105E-011
  1.636200000000000E-008  4.767074921944981E-011
  1.636800000000000E-008  4.757300857861323E-011
  1.637400000000000E-008  4.747532729360359E-011
  1.638000000000000E-008  4.737770560303632E-011
  1.638600000000000E-008  4.728014374585469E-011
  1.639200000000000E-008  4.718264196132463E-011
  1.639800000000000E-008  4.708520048902989E-011
  1.640400000000000E-008  4.698781956886674E-011
  1.641000000000000E-008  4.689049944103862E-011
  1.641600000000000E-008  4.679324034605138E-011
  1.642200000000000E-008  4.669604252470799E-011
  1.642800000000000E-008  4.659890621810315E-011
  1.643400000000000E-008  4.650183166761841E-011
  1.644000000000000E-008  4.640481911491694E-011
  1.644600000000000E-008  4.630786880193834E-011
  1.645200000000000E-008  4.621098097089337E-011
  1.645800000000000E-008  4.611415586425888E-011
  1.646400000000000E-008  4.601739372477271E-011
  1.647000000000000E-008  4.592069479542820E-011
  1.647600000000000E-008  4.582405931946928E-011
  1.648200000000000E-008  4.572748754038530E-011
  1.648800000000000E-008  4.563097970190543E-011
  1.649400000000000E-008  4.553453604799392E-011
  1.650000000000000E-008  4.543815682284464E-011
  1.650600000000000E-008  4.534184227087600E-011
  1.651200000000000E-008  4.524559263672550E-011
  1.651800000000000E-008  4.514940816524472E-011
  1.652400000000000E-008  4.505328910149417E-011
  1.653000000000000E-008  4.495723569073769E-011
  1.653600000000000E-008  4.486124817843756E-011
  1.654200000000000E-008  4.476532681024926E-011
  1.654800000000000E-008  4.466947183201597E-011
  1.655400000000000E-008  4.457368348976352E-011
  1.656000000000000E-008  4.447796202969510E-011
  1.656600000000000E-008  4.438230769818609E-011
  1.657200000000000E-008  4.428672074177866E-011
  1.657800000000000E-008  4.419120140717651E-011
  1.658400000000000E-008  4.409574994123997E-011
  1.659000000000000E-008  4.400036659098010E-011
  1.659600000000000E-008  4.390505160355399E-011
  1.660200000000000E-008  4.380980522625934E-011
  1.660800000000000E-008  4.371462770652901E-011
  1.661400000000000E-008  4.361951929192591E-011
  1.662000000000000E-008  4.352448023013766E-011
  1.662600000000000E-008  4.342951076897158E-011
  1.663200000000000E-008  4.333461115634888E-011
  1.663800000000000E-008  4.323978164029982E-011
  1.664400000000000E-008  4.314502246895846E-011
  1.665000000000000E-008  4.305033389055687E-011
  1.665600000000000E-008  4.295571615342049E-011
  1.666200000000000E-008  4.286116950596238E-011
  1.666800000000000E-008  4.276669419667823E-011
  1.667400000000000E-008  4.267229047414083E-011
  1.668000000000000E-008  4.257795858699487E-011
  1.668600000000000E-008  4.248369878395186E-011
  1.669200000000000E-008  4.238951131378442E-011
  1.669800000000000E-008  4.229539642532131E-011
  1.670400000000000E-008  4.220135436744215E-011
  1.671000000000000E-008  4.210738538907185E-011
  1.671600000000000E-008  4.201348973917553E-011
  1.672200000000000E-008  4.191966766675323E-011
  1.672800000000000E-008  4.182591942083459E-011
  1.673400000000000E-008  4.173224525047340E-011
  1.674000000000000E-008  4.163864540474251E-011
  1.674600000000000E-008  4.154512013272852E-011
  1.675200000000000E-008  4.145166968352629E-011
  1.675800000000000E-008  4.135829430623380E-011
  1.676400000000000E-008  4.126499424994693E-011
  1.677000000000000E-008  4.117176976375400E-011
  1.677600000000000E-008  4.107862109673040E-011
  1.678200000000000E-008  4.098554849793359E-011
  1.678800000000000E-008  4.089255221639767E-011
  1.679400000000000E-008  4.079963250112793E-011
  1.680000000000000E-008  4.070678960109572E-011
  1.680600000000000E-008  4.061402376523322E-011
  1.681200000000000E-008  4.052133524242794E-011
  1.681800000000000E-008  4.042872428151753E-011
  1.682400000000000E-008  4.033619113128469E-011
  1.683000000000000E-008  4.024373604045152E-011
  1.683600000000000E-008  4.015135925767440E-011
  1.684200000000000E-008  4.005906103153879E-011
  1.684800000000000E-008  3.996684161055394E-011
  1.685400000000000E-008  3.987470124314739E-011
  1.686000000000000E-008  3.978264017765987E-011
  1.686600000000000E-008  3.969065866234016E-011
  1.687200000000000E-008  3.959875694533944E-011
  1.687800000000000E-008  3.950693527470633E-011
  1.688400000000000E-008  3.941519389838147E-011
  1.689000000000000E-008  3.932353306419244E-011
  1.689600000000000E-008  3.923195301984814E-011
  1.690200000000000E-008  3.914045401293382E-011
  1.690800000000000E-008  3.904903629090587E-011
  1.691400000000000E-008  3.895770010108621E-011
  1.692000000000000E-008  3.886644569065735E-011
  1.692600000000000E-008  3.877527330665718E-011
  1.693200000000000E-008  3.868418319597332E-011
  1.693800000000000E-008  3.859317560533834E-011
  1.694400000000000E-008  3.850225078132420E-011
  1.695000000000000E-008  3.841140897033731E-011
  1.695600000000000E-008  3.832065041861283E-011
  1.696200000000000E-008  3.822997537220992E-011
  1.696800000000000E-008  3.813938407700634E-011
  1.697400000000000E-008  3.804887677869307E-011
  1.698000000000000E-008  3.795845372276922E-011
  1.698600000000000E-008  3.786811515453702E-011
  1.699200000000000E-008  3.777786131909616E-011
  1.699800000000000E-008  3.768769246133893E-011
  1.700400000000000E-008  3.759760882594490E-011
  1.701000000000000E-008  3.750761065737586E-011
  1.701600000000000E-008  3.741769819987028E-011
  1.702200000000000E-008  3.732787169743847E-011
  1.702800000000000E-008  3.723813139385735E-011
  1.703400000000000E-008  3.714847753266501E-011
  1.704000000000000E-008  3.705891035715585E-011
  1.704600000000000E-008  3.696943011037529E-011
  1.705200000000000E-008  3.688003703511457E-011
  1.705800000000000E-008  3.679073137390559E-011
  1.706400000000000E-008  3.670151336901577E-011
  1.707000000000000E-008  3.661238326244311E-011
  1.707600000000000E-008  3.652334129591063E-011
  1.708200000000000E-008  3.643438771086156E-011
  1.708800000000000E-008  3.634552274845428E-011
  1.709400000000000E-008  3.625674664955681E-011
  1.710000000000000E-008  3.616805965474202E-011
  1.710600000000000E-008  3.607946200428244E-011
  1.711200000000000E-008  3.599095393814522E-011
  1.711800000000000E-008  3.590253569598680E-011
  1.712400000000000E-008  3.581420751714805E-011
  1.713000000000000E-008  3.572596964064923E-011
  1.713600000000000E-008  3.563782230518464E-011
  1.714200000000000E-008  3.554976574911774E-011
  1.714800000000000E-008  3.546180021047622E-011
  1.715400000000000E-008  3.537392592694658E-011
  1.716000000000000E-008  3.528614313586938E-011
  1.716600000000000E-008  3.519845207423416E-011
  1.717200000000000E-008  3.511085297867436E-011
  1.717800000000000E-008  3.502334608546217E-011
  1.718400000000000E-008  3.493593163050377E-011
  1.719000000000000E-008  3.484860984933421E-011
  1.719600000000000E-008  3.476138097711229E-011
  1.720200000000000E-008  3.467424524861571E-011
  1.720800000000000E-008  3.458720289823616E-011
  1.721400000000000E-008  3.450025415997405E-011
  1.722000000000000E-008  3.441339926743386E-011
  1.722600000000000E-008  3.432663845381900E-011
  1.723200000000000E-008  3.423997195192701E-011
  1.723800000000000E-008  3.415339999414433E-011
  1.724400000000000E-008  3.406692281244170E-011
  1.725000000000000E-008  3.398054063836917E-011
  1.725600000000000E-008  3.389425370305092E-011
  1.726200000000000E-008  3.380806223718064E-011
  1.726800000000000E-008  3.372196647101665E-011
  1.727400000000000E-008  3.363596663437682E-011
  1.728000000000000E-008  3.355006295663375E-011
  1.728600000000000E-008  3.346425566670999E-011
  1.729200000000000E-008  3.337854499307326E-011
  1.729800000000000E-008  3.329293116373127E-011
  1.730400000000000E-008  3.320741440622718E-011
  1.731000000000000E-008  3.312199494763488E-011
  1.731600000000000E-008  3.303667301455371E-011
  1.732200000000000E-008  3.295144883310409E-011
  1.732800000000000E-008  3.286632262892254E-011
  1.733400000000000E-008  3.278129462715702E-011
  1.734000000000000E-008  3.269636505246192E-011
  1.734600000000000E-008  3.261153412899350E-011
  1.735200000000000E-008  3.252680208040524E-011
  1.735800000000000E-008  3.244216912984270E-011
  1.736400000000000E-008  3.235763549993922E-011
  1.737000000000000E-008  3.227320141281105E-011
  1.737600000000000E-008  3.218886709005244E-011
  1.738200000000000E-008  3.210463275273132E-011
  1.738800000000000E-008  3.202049862138430E-011
  1.739400000000000E-008  3.193646491601228E-011
  1.740000000000000E-008  3.185253185607545E-011
  1.740600000000000E-008  3.176869966048896E-011
  1.741200000000000E-008  3.168496854761819E-011
  1.741800000000000E-008  3.160133873527398E-011
  1.742400000000000E-008  3.151781044070823E-011
  1.743000000000000E-008  3.143438388060926E-011
  1.743600000000000E-008  3.135105927109705E-011
  1.744200000000000E-008  3.126783682771890E-011
  1.744800000000000E-008  3.118471676544472E-011
  1.745400000000000E-008  3.110169929866266E-011
  1.746000000000000E-008  3.101878464117427E-011
  1.746600000000000E-008  3.093597300619026E-011
  1.747200000000000E-008  3.085326460632599E-011
  1.747800000000000E-008  3.077065965359672E-011
  1.748400000000000E-008  3.068815835941335E-011
  1.749000000000000E-008  3.060576093457806E-011
  1.749600000000000E-008  3.052346758927945E-011
  1.750200000000000E-008  3.044127853308855E-011
  1.750800000000000E-008  3.035919397495404E-011
  1.751400000000000E-008  3.027721412319820E-011
  1.752000000000000E-008  3.019533918551212E-011
  1.752600000000000E-008  3.011356936895155E-011
  1.753200000000000E-008  3.003190487993265E-011
  1.753800000000000E-008  2.995034592422727E-011
  1.754400000000000E-008  2.986889270695891E-011
  1.755000000000000E-008  2.978754543259831E-011
  1.755600000000000E-008  2.970630430495920E-011
  1.756200000000000E-008  2.962516952719380E-011
  1.756800000000000E-008  2.954414130178874E-011
  1.757400000000000E-008  2.946321983056088E-011
  1.758000000000000E-008  2.938240531465269E-011
  1.758600000000000E-008  2.930169795452835E-011
  1.759200000000000E-008  2.922109794996952E-011
  1.759800000000000E-008  2.914060550007088E-011
  1.760400000000000E-008  2.906022080323618E-011
  1.761000000000000E-008  2.897994405717401E-011
  1.761600000000000E-008  2.889977545889365E-011
  1.762200000000000E-008  2.881971520470081E-011
  1.762800000000000E-008  2.873976349019365E-011
  1.763400000000000E-008  2.865992051025874E-011
  1.764000000000000E-008  2.858018645906665E-011
  1.764600000000000E-008  2.850056153006817E-011
  1.765200000000000E-008  2.842104591599028E-011
  1.765800000000000E-008  2.834163980883176E-011
  1.766400000000000E-008  2.826234339985954E-011
  1.767000000000000E-008  2.818315687960447E-011
  1.767600000000000E-008  2.810408043785750E-011
  1.768200000000000E-008  2.802511426366544E-011
  1.768800000000000E-008  2.794625854532727E-011
  1.769400000000000E-008  2.786751347039014E-011
  1.770000000000000E-008  2.778887922564523E-011
  1.770600000000000E-008  2.771035599712412E-011
  1.771200000000000E-008  2.763194397009483E-011
  1.771800000000000E-008  2.755364332905780E-011
  1.772400000000000E-008  2.747545425774219E-011
  1.773000000000000E-008  2.739737693910197E-011
  1.773600000000000E-008  2.731941155531223E-011
  1.774200000000000E-008  2.724155828776511E-011
  1.774800000000000E-008  2.716381731706627E-011
  1.775400000000000E-008  2.708618882303109E-011
  1.776000000000000E-008  2.700867298468073E-011
  1.776600000000000E-008  2.693126998023864E-011
  1.777200000000000E-008  2.685397998712666E-011
  1.777800000000000E-008  2.677680318196160E-011
  1.778400000000000E-008  2.669973974055115E-011
  1.779000000000000E-008  2.662278983789054E-011
  1.779600000000000E-008  2.654595364815894E-011
  1.780200000000000E-008  2.646923134471555E-011
  1.780800000000000E-008  2.639262310009621E-011
  1.781400000000000E-008  2.631612908600993E-011
  1.782000000000000E-008  2.623974947333497E-011
  1.782600000000000E-008  2.616348443211563E-011
  1.783200000000000E-008  2.608733413155859E-011
  1.783800000000000E-008  2.601129874002949E-011
  1.784400000000000E-008  2.593537842504922E-011
  1.785000000000000E-008  2.585957335329075E-011
  1.785600000000000E-008  2.578388369057557E-011
  1.786200000000000E-008  2.570830960187014E-011
  1.786800000000000E-008  2.563285125128265E-011
  1.787400000000000E-008  2.555750880205966E-011
  1.788000000000000E-008  2.548228241658250E-011
  1.788600000000000E-008  2.540717225636418E-011
  1.789200000000000E-008  2.533217848204592E-011
  1.789800000000000E-008  2.525730125339398E-011
  1.790400000000000E-008  2.518254072929616E-011
  1.791000000000000E-008  2.510789706775870E-011
  1.791600000000000E-008  2.503337042590310E-011
  1.792200000000000E-008  2.495896095996262E-011
  1.792800000000000E-008  2.488466882527936E-011
  1.793400000000000E-008  2.481049417630100E-011
  1.794000000000000E-008  2.473643716657752E-011
  1.794600000000000E-008  2.466249794875819E-011
  1.795200000000000E-008  2.458867667458838E-011
  1.795800000000000E-008  2.451497349490662E-011
  1.796400000000000E-008  2.444138855964120E-011
  1.797000000000000E-008  2.436792201780739E-011
  1.797600000000000E-008  2.429457401750446E-011
  1.798200000000000E-008  2.422134470591227E-011
  1.798800000000000E-008  2.414823422928874E-011
  1.799400000000000E-008  2.407524273296661E-011
  1.800000000000000E-008  2.400237036135055E-011
  1.800600000000000E-008  2.392961725791425E-011
  1.801200000000000E-008  2.385698356519749E-011
  1.801800000000000E-008  2.378446942480336E-011
  1.802400000000000E-008  2.371207497739518E-011
  1.803000000000000E-008  2.363980036269382E-011
  1.803600000000000E-008  2.356764571947499E-011
  1.804200000000000E-008  2.349561118556609E-011
  1.804800000000000E-008  2.342369689784380E-011
  1.805400000000000E-008  2.335190299223111E-011
  1.806000000000000E-008  2.328022960369476E-011
  1.806600000000000E-008  2.320867686624228E-011
  1.807200000000000E-008  2.313724491291953E-011
  1.807800000000000E-008  2.306593387580807E-011
  1.808400000000000E-008  2.299474388602223E-011
  1.809000000000000E-008  2.292367507370677E-011
  1.809600000000000E-008  2.285272756803427E-011
  1.810200000000000E-008  2.278190149720232E-011
  1.810800000000000E-008  2.271119698843125E-011
  1.811400000000000E-008  2.264061416796143E-011
  1.812000000000000E-008  2.257015316105091E-011
  1.812600000000000E-008  2.249981409197274E-011
  1.813200000000000E-008  2.242959708401267E-011
  1.813800000000000E-008  2.235950225946675E-011
  1.814400000000000E-008  2.228952973963868E-011
  1.815000000000000E-008  2.221967964483770E-011
  1.815600000000000E-008  2.214995209437617E-011
  1.816200000000000E-008  2.208034720656698E-011
  1.816800000000000E-008  2.201086509872156E-011
  1.817400000000000E-008  2.194150588714738E-011
  1.818000000000000E-008  2.187226968714586E-011
  1.818600000000000E-008  2.180315661300983E-011
  1.819200000000000E-008  2.173416677802158E-011
  1.819800000000000E-008  2.166530029445065E-011
  1.820400000000000E-008  2.159655727355139E-011
  1.821000000000000E-008  2.152793782556110E-011
  1.821600000000000E-008  2.145944205969777E-011
  1.822200000000000E-008  2.139107008415797E-011
  1.822800000000000E-008  2.132282200611483E-011
  1.823400000000000E-008  2.125469793171588E-011
  1.824000000000000E-008  2.118669796608119E-011
  1.824600000000000E-008  2.111882221330114E-011
  1.825200000000000E-008  2.105107077643458E-011
  1.825800000000000E-008  2.098344375750693E-011
  1.826400000000000E-008  2.091594125750800E-011
  1.827000000000000E-008  2.084856337639035E-011
  1.827600000000000E-008  2.078131021306720E-011
  1.828200000000000E-008  2.071418186541078E-011
  1.828800000000000E-008  2.064717843025020E-011
  1.829400000000000E-008  2.058030000336985E-011
  1.830000000000000E-008  2.051354667950768E-011
  1.830600000000000E-008  2.044691855235312E-011
  1.831200000000000E-008  2.038041571454562E-011
  1.831800000000000E-008  2.031403825767293E-011
  1.832400000000000E-008  2.024778627226916E-011
  1.833000000000000E-008  2.018165984781337E-011
  1.833600000000000E-008  2.011565907272781E-011
  1.834200000000000E-008  2.004978403437641E-011
  1.834800000000000E-008  1.998403481906295E-011
  1.835400000000000E-008  1.991841151202974E-011
  1.836000000000000E-008  1.985291419745604E-011
  1.836600000000000E-008  1.978754295845634E-011
  1.837200000000000E-008  1.972229787707912E-011
  1.837800000000000E-008  1.965717903430529E-011
  1.838400000000000E-008  1.959218651004664E-011
  1.839000000000000E-008  1.952732038314459E-011
  1.839600000000000E-008  1.946258073136865E-011
  1.840200000000000E-008  1.939796763141527E-011
  1.840800000000000E-008  1.933348115890618E-011
  1.841400000000000E-008  1.926912138838730E-011
  1.842000000000000E-008  1.920488839332748E-011
  1.842600000000000E-008  1.914078224611702E-011
  1.843200000000000E-008  1.907680301806659E-011
  1.843800000000000E-008  1.901295077940606E-011
  1.844400000000000E-008  1.894922559928309E-011
  1.845000000000000E-008  1.888562754576218E-011
  1.845600000000000E-008  1.882215668582340E-011
  1.846200000000000E-008  1.875881308536145E-011
  1.846800000000000E-008  1.869559680918425E-011
  1.847400000000000E-008  1.863250792101217E-011
  1.848000000000000E-008  1.856954648347694E-011
  1.848600000000000E-008  1.850671255812048E-011
  1.849200000000000E-008  1.844400620539407E-011
  1.849800000000000E-008  1.838142748465732E-011
  1.850400000000000E-008  1.831897645417727E-011
  1.851000000000000E-008  1.825665317112742E-011
  1.851600000000000E-008  1.819445769158686E-011
  1.852200000000000E-008  1.813239007053956E-011
  1.852800000000000E-008  1.807045036187322E-011
  1.853400000000000E-008  1.800863861837873E-011
  1.854000000000000E-008  1.794695489174935E-011
  1.854600000000000E-008  1.788539923257979E-011
  1.855200000000000E-008  1.782397169036564E-011
  1.855800000000000E-008  1.776267231350262E-011
  1.856400000000000E-008  1.770150114928591E-011
  1.857000000000000E-008  1.764045824390938E-011
  1.857600000000000E-008  1.757954364246512E-011
  1.858200000000000E-008  1.751875738894281E-011
  1.858800000000000E-008  1.745809952622897E-011
  1.859400000000000E-008  1.739757009610661E-011
  1.860000000000000E-008  1.733716913925468E-011
  1.860600000000000E-008  1.727689669524738E-011
  1.861200000000000E-008  1.721675280255391E-011
  1.861800000000000E-008  1.715673749853789E-011
  1.862400000000000E-008  1.709685081945704E-011
  1.863000000000000E-008  1.703709280046258E-011
  1.863600000000000E-008  1.697746347559905E-011
  1.864200000000000E-008  1.691796287780398E-011
  1.864800000000000E-008  1.685859103890733E-011
  1.865400000000000E-008  1.679934798963143E-011
  1.866000000000000E-008  1.674023375959069E-011
  1.866600000000000E-008  1.668124837729115E-011
  1.867200000000000E-008  1.662239187013048E-011
  1.867800000000000E-008  1.656366426439768E-011
  1.868400000000000E-008  1.650506558527302E-011
  1.869000000000000E-008  1.644659585682767E-011
  1.869600000000000E-008  1.638825510202380E-011
  1.870200000000000E-008  1.633004334271447E-011
  1.870800000000000E-008  1.627196059964338E-011
  1.871400000000000E-008  1.621400689244504E-011
  1.872000000000000E-008  1.615618223964467E-011
  1.872600000000000E-008  1.609848665865815E-011
  1.873200000000000E-008  1.604092016579219E-011
  1.873800000000000E-008  1.598348277624423E-011
  1.874400000000000E-008  1.592617450410274E-011
  1.875000000000000E-008  1.586899536234706E-011
  1.875600000000000E-008  1.581194536284775E-011
  1.876200000000000E-008  1.575502451636673E-011
  1.876800000000000E-008  1.569823283255734E-011
  1.877400000000000E-008  1.564157031996467E-011
  1.878000000000000E-008  1.558503698602577E-011
  1.878600000000000E-008  1.552863283706995E-011
  1.879200000000000E-008  1.547235787831895E-011
  1.879800000000000E-008  1.541621211388737E-011
  1.880400000000000E-008  1.536019554678305E-011
  1.881000000000000E-008  1.530430817890724E-011
  1.881600000000000E-008  1.524855001105515E-011
  1.882200000000000E-008  1.519292104291643E-011
  1.882800000000000E-008  1.513742127307536E-011
  1.883400000000000E-008  1.508205069901158E-011
  1.884000000000000E-008  1.502680931710039E-011
  1.884600000000000E-008  1.497169712261346E-011
  1.885200000000000E-008  1.491671410971911E-011
  1.885800000000000E-008  1.486186027148312E-011
  1.886400000000000E-008  1.480713559986926E-011
  1.887000000000000E-008  1.475254008573976E-011
  1.887600000000000E-008  1.469807371885615E-011
  1.888200000000000E-008  1.464373648787987E-011
  1.888800000000000E-008  1.458952838037284E-011
  1.889400000000000E-008  1.453544938279834E-011
  1.890000000000000E-008  1.448149948052165E-011
  1.890600000000000E-008  1.442767865781094E-011
  1.891200000000000E-008  1.437398689783784E-011
  1.891800000000000E-008  1.432042418267844E-011
  1.892400000000000E-008  1.426699049331416E-011
  1.893000000000000E-008  1.421368580963238E-011
  1.893600000000000E-008  1.416051011042762E-011
  1.894200000000000E-008  1.410746337340223E-011
  1.894800000000000E-008  1.405454557516746E-011
  1.895400000000000E-008  1.400175669124436E-011
  1.896000000000000E-008  1.394909669606478E-011
  1.896600000000000E-008  1.389656556297246E-011
  1.897200000000000E-008  1.384416326422387E-011
  1.897800000000000E-008  1.379188977098946E-011
  1.898400000000000E-008  1.373974505335475E-011
  1.899000000000000E-008  1.368772908032124E-011
  1.899600000000000E-008  1.363584181980775E-011
  1.900200000000000E-008  1.358408323865147E-011
  1.900800000000000E-008  1.353245330260924E-011
  1.901400000000000E-008  1.348095197635857E-011
  1.902000000000000E-008  1.342957922349904E-011
  1.902600000000000E-008  1.337833500655358E-011
  1.903200000000000E-008  1.332721928696951E-011
  1.903800000000000E-008  1.327623202512009E-011
  1.904400000000000E-008  1.322537318030580E-011
  1.905000000000000E-008  1.317464271075549E-011
  1.905600000000000E-008  1.312404057362804E-011
  1.906200000000000E-008  1.307356672501352E-011
  1.906800000000000E-008  1.302322111993481E-011
  1.907400000000000E-008  1.297300371234880E-011
  1.908000000000000E-008  1.292291445514808E-011
  1.908600000000000E-008  1.287295330016238E-011
  1.909200000000000E-008  1.282312019815992E-011
  1.909800000000000E-008  1.277341509884914E-011
  1.910400000000000E-008  1.272383795088024E-011
  1.911000000000000E-008  1.267438870184660E-011
  1.911600000000000E-008  1.262506729828654E-011
  1.912200000000000E-008  1.257587368568491E-011
  1.912800000000000E-008  1.252680780847476E-011
  1.913400000000000E-008  1.247786961003890E-011
  1.914000000000000E-008  1.242905903271174E-011
  1.914600000000000E-008  1.238037601778096E-011
  1.915200000000000E-008  1.233182050548919E-011
  1.915800000000000E-008  1.228339243503585E-011
  1.916400000000000E-008  1.223509174457891E-011
  1.917000000000000E-008  1.218691837123669E-011
  1.917600000000000E-008  1.213887225108972E-011
  1.918200000000000E-008  1.209095331918253E-011
  1.918800000000000E-008  1.204316150952565E-011
  1.919400000000000E-008  1.199549675509731E-011
  1.920000000000000E-008  1.194795898784555E-011
  1.920600000000000E-008  1.190054813869011E-011
  1.921200000000000E-008  1.185326413752429E-011
  1.921800000000000E-008  1.180610691321707E-011
  1.922400000000000E-008  1.175907639361504E-011
  1.923000000000000E-008  1.171217250554447E-011
  1.923600000000000E-008  1.166539517481332E-011
  1.924200000000000E-008  1.161874432621335E-011
  1.924800000000000E-008  1.157221988352221E-011
  1.925400000000000E-008  1.152582176950549E-011
  1.926000000000000E-008  1.147954990591893E-011
  1.926600000000000E-008  1.143340421351061E-011
  1.927200000000000E-008  1.138738461202298E-011
  1.927800000000000E-008  1.134149102019520E-011
  1.928400000000000E-008  1.129572335576529E-011
  1.929000000000000E-008  1.125008153547246E-011
  1.929600000000000E-008  1.120456547505920E-011
  1.930200000000000E-008  1.115917508927372E-011
  1.930800000000000E-008  1.111391029187223E-011
  1.931400000000000E-008  1.106877099562116E-011
  1.932000000000000E-008  1.102375711229961E-011
  1.932600000000000E-008  1.097886855270175E-011
  1.933200000000000E-008  1.093410522663901E-011
  1.933800000000000E-008  1.088946704294269E-011
  1.934400000000000E-008  1.084495390946628E-011
  1.935000000000000E-008  1.080056573308798E-011
  1.935600000000000E-008  1.075630241971304E-011
  1.936200000000000E-008  1.071216387427633E-011
  1.936800000000000E-008  1.066815000074493E-011
  1.937400000000000E-008  1.062426070212044E-011
  1.938000000000000E-008  1.058049588044169E-011
  1.938600000000000E-008  1.053685543678726E-011
  1.939200000000000E-008  1.049333927127805E-011
  1.939800000000000E-008  1.044994728307988E-011
  1.940400000000000E-008  1.040667937040613E-011
  1.941000000000000E-008  1.036353543052040E-011
  1.941600000000000E-008  1.032051535973907E-011
  1.942200000000000E-008  1.027761905343406E-011
  1.942800000000000E-008  1.023484640603560E-011
  1.943400000000000E-008  1.019219731103472E-011
  1.944000000000000E-008  1.014967166098621E-011
  1.944600000000000E-008  1.010726934751127E-011
  1.945200000000000E-008  1.006499026130027E-011
  1.945800000000000E-008  1.002283429211557E-011
  1.946400000000000E-008  9.980801328794328E-012
  1.947000000000000E-008  9.938891259251341E-012
  1.947600000000000E-008  9.897155152484770E-012
  1.948200000000000E-008  9.855643712706835E-012
  1.948800000000000E-008  9.814356278533794E-012
  1.949400000000000E-008  9.773292187592659E-012
  1.950000000000000E-008  9.732450776411279E-012
  1.950600000000000E-008  9.691831380418229E-012
  1.951200000000000E-008  9.651433333942913E-012
  1.951800000000000E-008  9.611255970215415E-012
  1.952400000000000E-008  9.571298621366615E-012
  1.953000000000000E-008  9.531560618428221E-012
  1.953600000000000E-008  9.492041291332598E-012
  1.954200000000000E-008  9.452739968912939E-012
  1.954800000000000E-008  9.413655978903232E-012
  1.955400000000000E-008  9.374788647938151E-012
  1.956000000000000E-008  9.336137301553187E-012
  1.956600000000000E-008  9.297701264184574E-012
  1.957200000000000E-008  9.259479859169364E-012
  1.957800000000000E-008  9.221472408745291E-012
  1.958400000000000E-008  9.183678234050890E-012
  1.959000000000000E-008  9.146096655125514E-012
  1.959600000000000E-008  9.108726990909190E-012
  1.960200000000000E-008  9.071568559242766E-012
  1.960800000000000E-008  9.034620676867847E-012
  1.961400000000000E-008  8.997882659426798E-012
  1.962000000000000E-008  8.961353821462747E-012
  1.962600000000000E-008  8.925033476419581E-012
  1.963200000000000E-008  8.888920936642001E-012
  1.963800000000000E-008  8.853015513375391E-012
  1.964400000000000E-008  8.817316516765946E-012
  1.965000000000000E-008  8.781823255860664E-012
  1.965600000000000E-008  8.746535038607222E-012
  1.966200000000000E-008  8.711451171854125E-012
  1.966800000000000E-008  8.676570961350625E-012
  1.967400000000000E-008  8.641893711746738E-012
  1.968000000000000E-008  8.607418726593252E-012
  1.968600000000000E-008  8.573145308341695E-012
  1.969200000000000E-008  8.539072758344423E-012
  1.969800000000000E-008  8.505200376854473E-012
  1.970400000000000E-008  8.471527463025691E-012
  1.971000000000000E-008  8.438053314912723E-012
  1.971600000000000E-008  8.404777229470907E-012
  1.972200000000000E-008  8.371698502556388E-012
  1.972800000000000E-008  8.338816428926077E-012
  1.973400000000000E-008  8.306130302237640E-012
  1.974000000000000E-008  8.273639415049509E-012
  1.974600000000000E-008  8.241343058820877E-012
  1.975200000000000E-008  8.209240523911744E-012
  1.975800000000000E-008  8.177331099582797E-012
  1.976400000000000E-008  8.145614073995537E-012
  1.977000000000000E-008  8.114088734212263E-012
  1.977600000000000E-008  8.082754366195957E-012
  1.978200000000000E-008  8.051610254810423E-012
  1.978800000000000E-008  8.020655683820211E-012
  1.979400000000000E-008  7.989889935890670E-012
  1.980000000000000E-008  7.959312292587852E-012
  1.980600000000000E-008  7.928922034378609E-012
  1.981200000000000E-008  7.898718440630593E-012
  1.981800000000000E-008  7.868700789612149E-012
  1.982400000000000E-008  7.838868358492437E-012
  1.983000000000000E-008  7.809220423341362E-012
  1.983600000000000E-008  7.779756259129613E-012
  1.984200000000000E-008  7.750475139728621E-012
  1.984800000000000E-008  7.721376337910589E-012
  1.985400000000000E-008  7.692459125348514E-012
  1.986000000000000E-008  7.663722772616113E-012
  1.986600000000000E-008  7.635166549187879E-012
  1.987200000000000E-008  7.606789723439114E-012
  1.987800000000000E-008  7.578591562645818E-012
  1.988400000000000E-008  7.550571332984802E-012
  1.989000000000000E-008  7.522728299533630E-012
  1.989600000000000E-008  7.495061726270625E-012
  1.990200000000000E-008  7.467570876074886E-012
  1.990800000000000E-008  7.440255010726262E-012
  1.991400000000000E-008  7.413113390905400E-012
  1.992000000000000E-008  7.386145276193664E-012
  1.992600000000000E-008  7.359349925073205E-012
  1.993200000000000E-008  7.332726594926980E-012
  1.993800000000000E-008  7.306274542038630E-012
  1.994400000000000E-008  7.279993021592626E-012
  1.995000000000000E-008  7.253881287674181E-012
  1.995600000000000E-008  7.227938593269271E-012
  1.996200000000000E-008  7.202164190264643E-012
  1.996800000000000E-008  7.176557329447797E-012
  1.997400000000000E-008  7.151117260507025E-012
  1.998000000000000E-008  7.125843232031363E-012
  1.998600000000000E-008  7.100734491510605E-012
  1.999200000000000E-008  7.075790285335349E-012
  1.999800000000000E-008  7.051009858796902E-012
  2.000400000000000E-008  7.026392456087371E-012
  2.001000000000000E-008  7.001937320299631E-012
  2.001600000000000E-008  6.977643693427311E-012
  2.002200000000000E-008  6.953510816364826E-012
  2.002800000000000E-008  6.929537928907295E-012
  2.003400000000000E-008  6.905724269750671E-012
  2.004000000000000E-008  6.882069076491623E-012
  2.004600000000000E-008  6.858571585627643E-012
  2.005200000000000E-008  6.835231032556939E-012
  2.005800000000000E-008  6.812046651578497E-012
  2.006400000000000E-008  6.789017675892087E-012
  2.007000000000000E-008  6.766143337598189E-012
  2.007600000000000E-008  6.743422867698110E-012
  2.008200000000000E-008  6.720855496093876E-012
  2.008800000000000E-008  6.698440451588333E-012
  2.009400000000000E-008  6.676176961885048E-012
  2.010000000000000E-008  6.654064253588356E-012
  2.010600000000000E-008  6.632101552203387E-012
  2.011200000000000E-008  6.610288082135986E-012
  2.011800000000000E-008  6.588623066692785E-012
  2.012400000000000E-008  6.567105728081226E-012
  2.013000000000000E-008  6.545735287409456E-012
  2.013600000000000E-008  6.524510964686415E-012
  2.014200000000000E-008  6.503431978821817E-012
  2.014800000000000E-008  6.482497547626092E-012
  2.015400000000000E-008  6.461706887810489E-012
  2.016000000000000E-008  6.441059214986984E-012
  2.016600000000000E-008  6.420553743668372E-012
  2.017200000000000E-008  6.400189687268161E-012
  2.017800000000000E-008  6.379966258100643E-012
  2.018400000000000E-008  6.359882667380886E-012
  2.019000000000000E-008  6.339938125224684E-012
  2.019600000000000E-008  6.320131840648631E-012
  2.020200000000000E-008  6.300463021570070E-012
  2.020800000000000E-008  6.280930874807147E-012
  2.021400000000000E-008  6.261534606078725E-012
  2.022000000000000E-008  6.242273420004452E-012
  2.022600000000000E-008  6.223146520104753E-012
  2.023200000000000E-008  6.204153108800776E-012
  2.023800000000000E-008  6.185292387414469E-012
  2.024400000000000E-008  6.166563556168557E-012
  2.025000000000000E-008  6.147965814186507E-012
  2.025600000000000E-008  6.129498359492551E-012
  2.026200000000000E-008  6.111160389011694E-012
  2.026800000000000E-008  6.092951098569717E-012
  2.027400000000000E-008  6.074869682893126E-012
  2.028000000000000E-008  6.056915335609218E-012
  2.028600000000000E-008  6.039087249246084E-012
  2.029200000000000E-008  6.021384615232540E-012
  2.029800000000000E-008  6.003806623898175E-012
  2.030400000000000E-008  5.986352464473365E-012
  2.031000000000000E-008  5.969021325089209E-012
  2.031600000000000E-008  5.951812392777605E-012
  2.032200000000000E-008  5.934724853471193E-012
  2.032800000000000E-008  5.917757892003421E-012
  2.033400000000000E-008  5.900910692108463E-012
  2.034000000000000E-008  5.884182436421261E-012
  2.034600000000000E-008  5.867572306477550E-012
  2.035200000000000E-008  5.851079482713781E-012
  2.035800000000000E-008  5.834703144467213E-012
  2.036400000000000E-008  5.818442469975842E-012
  2.037000000000000E-008  5.802296636378468E-012
  2.037600000000000E-008  5.786264819714620E-012
  2.038200000000000E-008  5.770346194924605E-012
  2.038800000000000E-008  5.754539935849502E-012
  2.039400000000000E-008  5.738845215231128E-012
  2.040000000000000E-008  5.723261204712078E-012
  2.040600000000000E-008  5.707787074835747E-012
  2.041200000000000E-008  5.692421995046255E-012
  2.041800000000000E-008  5.677165133688493E-012
  2.042400000000000E-008  5.662015658008139E-012
  2.043000000000000E-008  5.646972734151593E-012
  2.043600000000000E-008  5.632035527166060E-012
  2.044200000000000E-008  5.617203200999490E-012
  2.044800000000000E-008  5.602474918500622E-012
  2.045400000000000E-008  5.587849841418935E-012
  2.046000000000000E-008  5.573327130404681E-012
  2.046600000000000E-008  5.558905945008885E-012
  2.047200000000000E-008  5.544585443683317E-012
  2.047800000000000E-008  5.530364783780528E-012
  2.048400000000000E-008  5.516243121553824E-012
  2.049000000000000E-008  5.502219612157302E-012
  2.049600000000000E-008  5.488293409645797E-012
  2.050200000000000E-008  5.474463666974918E-012
  2.050800000000000E-008  5.460729536001049E-012
  2.051400000000000E-008  5.447090167481305E-012
  2.052000000000000E-008  5.433544711073604E-012
  2.052600000000000E-008  5.420092315336605E-012
  2.053200000000000E-008  5.406732127729759E-012
  2.053800000000000E-008  5.393463294613260E-012
  2.054400000000000E-008  5.380284961248070E-012
  2.055000000000000E-008  5.367196271795928E-012
  2.055600000000000E-008  5.354196369319313E-012
  2.056200000000000E-008  5.341284395781483E-012
  2.056800000000000E-008  5.328459492046482E-012
  2.057400000000000E-008  5.315720797879090E-012
  2.058000000000000E-008  5.303067451944864E-012
  2.058600000000000E-008  5.290498591810135E-012
  2.059200000000000E-008  5.278013353941972E-012
  2.059800000000000E-008  5.265610873708230E-012
  2.060400000000000E-008  5.253290285377516E-012
  2.061000000000000E-008  5.241050722119236E-012
  2.061600000000000E-008  5.228891316003522E-012
  2.062200000000000E-008  5.216811198001291E-012
  2.062800000000000E-008  5.204809497984219E-012
  2.063400000000000E-008  5.192885344724742E-012
  2.064000000000000E-008  5.181037865896065E-012
  2.064600000000000E-008  5.169266188072160E-012
  2.065200000000000E-008  5.157569436727779E-012
  2.065800000000000E-008  5.145946736238415E-012
  2.066400000000000E-008  5.134397209880334E-012
  2.067000000000000E-008  5.122919979830583E-012
  2.067600000000000E-008  5.111514167166938E-012
  2.068200000000000E-008  5.100178891867962E-012
  2.068800000000000E-008  5.088913272813003E-012
  2.069400000000000E-008  5.077716427782148E-012
  2.070000000000000E-008  5.066587473456248E-012
  2.070600000000000E-008  5.055525525416942E-012
  2.071200000000000E-008  5.044529698146600E-012
  2.071800000000000E-008  5.033599105028386E-012
  2.072400000000000E-008  5.022732858346207E-012
  2.073000000000000E-008  5.011930069284768E-012
  2.073600000000000E-008  5.001189847929506E-012
  2.074200000000000E-008  4.990511303266642E-012
  2.074800000000000E-008  4.979893543183157E-012
  2.075400000000000E-008  4.969335674466785E-012
  2.076000000000000E-008  4.958836802806043E-012
  2.076600000000000E-008  4.948396032790195E-012
  2.077200000000000E-008  4.938012467909302E-012
  2.077800000000000E-008  4.927685210554157E-012
  2.078400000000000E-008  4.917413362016336E-012
  2.079000000000000E-008  4.907196022488181E-012
  2.079600000000000E-008  4.897032291062774E-012
  2.080200000000000E-008  4.886921265733993E-012
  2.080800000000000E-008  4.876862043396460E-012
  2.081400000000000E-008  4.866853719845585E-012
  2.082000000000000E-008  4.856895389777527E-012
  2.082600000000000E-008  4.846986146789208E-012
  2.083200000000000E-008  4.837125083378331E-012
  2.083800000000000E-008  4.827311290943335E-012
  2.084400000000000E-008  4.817543859783445E-012
  2.085000000000000E-008  4.807821879098660E-012
  2.085600000000000E-008  4.798144436989730E-012
  2.086200000000000E-008  4.788510620458169E-012
  2.086800000000000E-008  4.778919515406265E-012
  2.087400000000000E-008  4.769370206637057E-012
  2.088000000000000E-008  4.759861777854363E-012
  2.088600000000000E-008  4.750393311662755E-012
  2.089200000000000E-008  4.740963889567589E-012
  2.089800000000000E-008  4.731572591974968E-012
  2.090400000000000E-008  4.722218498191764E-012
  2.091000000000000E-008  4.712900686425624E-012
  2.091600000000000E-008  4.703618233784941E-012
  2.092200000000000E-008  4.694370216278887E-012
  2.092800000000000E-008  4.685155708817389E-012
  2.093400000000000E-008  4.675973785211164E-012
  2.094000000000000E-008  4.666823518171669E-012
  2.094600000000000E-008  4.657703979311133E-012
  2.095200000000000E-008  4.648614239142554E-012
  2.095800000000000E-008  4.639553367079687E-012
  2.096400000000000E-008  4.630520431437057E-012
  2.097000000000000E-008  4.621514499429950E-012
  2.097600000000000E-008  4.612534779601785E-012
  2.098200000000000E-008  4.603581049431570E-012
  2.098800000000000E-008  4.594653228621445E-012
  2.099400000000000E-008  4.585751236750658E-012
  2.100000000000000E-008  4.576874993275613E-012
  2.100600000000000E-008  4.568024417529826E-012
  2.101200000000000E-008  4.559199428723965E-012
  2.101800000000000E-008  4.550399945945815E-012
  2.102400000000000E-008  4.541625888160290E-012
  2.103000000000000E-008  4.532877174209443E-012
  2.103600000000000E-008  4.524153722812445E-012
  2.104200000000000E-008  4.515455452565607E-012
  2.104800000000000E-008  4.506782281942369E-012
  2.105400000000000E-008  4.498134129293313E-012
  2.106000000000000E-008  4.489510912846136E-012
  2.106600000000000E-008  4.480912550705672E-012
  2.107200000000000E-008  4.472338960853891E-012
  2.107800000000000E-008  4.463790061149876E-012
  2.108400000000000E-008  4.455265769329859E-012
  2.109000000000000E-008  4.446766003007191E-012
  2.109600000000000E-008  4.438290679672373E-012
  2.110200000000000E-008  4.429839716693017E-012
  2.110800000000000E-008  4.421413031313871E-012
  2.111400000000000E-008  4.413010540656826E-012
  2.112000000000000E-008  4.404632161720877E-012
  2.112600000000000E-008  4.396277811382169E-012
  2.113200000000000E-008  4.387947406393986E-012
  2.113800000000000E-008  4.379640863386724E-012
  2.114400000000000E-008  4.371358098867922E-012
  2.115000000000000E-008  4.363099029222249E-012
  2.115600000000000E-008  4.354863570711489E-012
  2.116200000000000E-008  4.346651639474579E-012
  2.116800000000000E-008  4.338463151527566E-012
  2.117400000000000E-008  4.330298022763654E-012
  2.118000000000000E-008  4.322156168953157E-012
  2.118600000000000E-008  4.314037505743526E-012
  2.119200000000000E-008  4.305941948659347E-012
  2.119800000000000E-008  4.297869413102327E-012
  2.120400000000000E-008  4.289819814351305E-012
  2.121000000000000E-008  4.281793067562257E-012
  2.121600000000000E-008  4.273789087768298E-012
  2.122200000000000E-008  4.265807789879657E-012
  2.122800000000000E-008  4.257849088683703E-012
  2.123400000000000E-008  4.249912898844940E-012
  2.124000000000000E-008  4.241999134904982E-012
  2.124600000000000E-008  4.234107711282595E-012
  2.125200000000000E-008  4.226238542273666E-012
  2.125800000000000E-008  4.218391542051225E-012
  2.126400000000000E-008  4.210566624665420E-012
  2.127000000000000E-008  4.202763704043532E-012
  2.127600000000000E-008  4.194982693989986E-012
  2.128200000000000E-008  4.187223508186307E-012
  2.128800000000000E-008  4.179486060191178E-012
  2.129400000000000E-008  4.171770263440412E-012
  2.130000000000000E-008  4.164076031246943E-012
  2.130600000000000E-008  4.156403276800840E-012
  2.131200000000000E-008  4.148751913169303E-012
  2.131800000000000E-008  4.141121853296655E-012
  2.132400000000000E-008  4.133513010004363E-012
  2.133000000000000E-008  4.125925295991006E-012
  2.133600000000000E-008  4.118358623832327E-012
  2.134200000000000E-008  4.110812905981169E-012
  2.134800000000000E-008  4.103288054767515E-012
  2.135400000000000E-008  4.095783982398486E-012
  2.136000000000000E-008  4.088300600958322E-012
  2.136600000000000E-008  4.080837822408399E-012
  2.137200000000000E-008  4.073395558587220E-012
  2.137800000000000E-008  4.065973721210439E-012
  2.138400000000000E-008  4.058572221870813E-012
  2.139000000000000E-008  4.051190972038248E-012
  2.139600000000000E-008  4.043829883059779E-012
  2.140200000000000E-008  4.036488866159556E-012
  2.140800000000000E-008  4.029167832438880E-012
  2.141400000000000E-008  4.021866692876165E-012
  2.142000000000000E-008  4.014585358326979E-012
  2.142600000000000E-008  4.007323739524001E-012
  2.143200000000000E-008  4.000081747077055E-012
  2.143800000000000E-008  3.992859291473073E-012
  2.144400000000000E-008  3.985656283076142E-012
  2.145000000000000E-008  3.978472632127466E-012
  2.145600000000000E-008  3.971308248745393E-012
  2.146200000000000E-008  3.964163042925388E-012
  2.146800000000000E-008  3.957036924540054E-012
  2.147400000000000E-008  3.949929803339127E-012
  2.148000000000000E-008  3.942841588949463E-012
  2.148600000000000E-008  3.935772190875059E-012
  2.149200000000000E-008  3.928721518497035E-012
  2.149800000000000E-008  3.921689481073657E-012
  2.150400000000000E-008  3.914675987740306E-012
  2.151000000000000E-008  3.907680947509498E-012
  2.151600000000000E-008  3.900704269270891E-012
  2.152200000000000E-008  3.893745861791250E-012
  2.152800000000000E-008  3.886805633714492E-012
  2.153400000000000E-008  3.879883493561653E-012
  2.154000000000000E-008  3.872979349730914E-012
  2.154600000000000E-008  3.866093110497573E-012
  2.155200000000000E-008  3.859224684014066E-012
  2.155800000000000E-008  3.852373978309956E-012
  2.156400000000000E-008  3.845540901291934E-012
  2.157000000000000E-008  3.838725360743826E-012
  2.157600000000000E-008  3.831927264326598E-012
  2.158200000000000E-008  3.825146519578329E-012
  2.158800000000000E-008  3.818383033914242E-012
  2.159400000000000E-008  3.811636714626692E-012
  2.160000000000000E-008  3.804907468885147E-012
  2.160600000000000E-008  3.798195203736226E-012
  2.161200000000000E-008  3.791499826103662E-012
  2.161800000000000E-008  3.784821242788344E-012
  2.162400000000000E-008  3.778159360468265E-012
  2.163000000000000E-008  3.771514085698563E-012
  2.163600000000000E-008  3.764885324911507E-012
  2.164200000000000E-008  3.758272984416485E-012
  2.164800000000000E-008  3.751676970400030E-012
  2.165400000000000E-008  3.745097188925793E-012
  2.166000000000000E-008  3.738533545934572E-012
  2.166600000000000E-008  3.731985947244289E-012
  2.167200000000000E-008  3.725454298549986E-012
  2.167800000000000E-008  3.718938505423855E-012
  2.168400000000000E-008  3.712438473315197E-012
  2.169000000000000E-008  3.705954107550461E-012
  2.169600000000000E-008  3.699485313333215E-012
  2.170200000000000E-008  3.693031995744175E-012
  2.170800000000000E-008  3.686594059741173E-012
  2.171400000000000E-008  3.680171410159178E-012
  2.172000000000000E-008  3.673763951710280E-012
  2.172600000000000E-008  3.667371588983713E-012
  2.173200000000000E-008  3.660994226445831E-012
  2.173800000000000E-008  3.654631768440132E-012
  2.174400000000000E-008  3.648284119187234E-012
  2.175000000000000E-008  3.641951182784893E-012
  2.175600000000000E-008  3.635632863207987E-012
  2.176200000000000E-008  3.629329064308531E-012
  2.176800000000000E-008  3.623039689815667E-012
  2.177400000000000E-008  3.616764643335667E-012
  2.178000000000000E-008  3.610503828351951E-012
  2.178600000000000E-008  3.604257148225045E-012
  2.179200000000000E-008  3.598024506192624E-012
  2.179800000000000E-008  3.591805805369486E-012
  2.180400000000000E-008  3.585600948747554E-012
  2.181000000000000E-008  3.579409839195895E-012
  2.181600000000000E-008  3.573232379460692E-012
  2.182200000000000E-008  3.567068472165277E-012
  2.182800000000000E-008  3.560918019810103E-012
  2.183400000000000E-008  3.554780924772751E-012
  2.184000000000000E-008  3.548657089307939E-012
  2.184600000000000E-008  3.542546415547509E-012
  2.185200000000000E-008  3.536448805500437E-012
  2.185800000000000E-008  3.530364161052827E-012
  2.186400000000000E-008  3.524292383967929E-012
  2.187000000000000E-008  3.518233375886104E-012
  2.187600000000000E-008  3.512187038324862E-012
  2.188200000000000E-008  3.506153272678820E-012
  2.188800000000000E-008  3.500131980219748E-012
  2.189400000000000E-008  3.494123062096531E-012
  2.190000000000000E-008  3.488126419335206E-012
  2.190600000000000E-008  3.482141952838918E-012
  2.191200000000000E-008  3.476169563387955E-012
  2.191800000000000E-008  3.470209151639737E-012
  2.192400000000000E-008  3.464260618128803E-012
  2.193000000000000E-008  3.458323863266835E-012
  2.193600000000000E-008  3.452398787342638E-012
  2.194200000000000E-008  3.446485290522159E-012
  2.194800000000000E-008  3.440583272848465E-012
  2.195400000000000E-008  3.434692634241758E-012
  2.196000000000000E-008  3.428813274499373E-012
  2.196600000000000E-008  3.422945093295767E-012
  2.197200000000000E-008  3.417087990676521E-012
  2.197800000000000E-008  3.411241896212133E-012
  2.198400000000000E-008  3.405406785348877E-012
  2.199000000000000E-008  3.399582637448250E-012
  2.199600000000000E-008  3.393769431836182E-012
  2.200200000000000E-008  3.387967147803008E-012
  2.200800000000000E-008  3.382175764603511E-012
  2.201400000000000E-008  3.376395261456877E-012
  2.202000000000000E-008  3.370625617546740E-012
  2.202600000000000E-008  3.364866812021133E-012
  2.203200000000000E-008  3.359118823992530E-012
  2.203800000000000E-008  3.353381632537821E-012
  2.204400000000000E-008  3.347655216698313E-012
  2.205000000000000E-008  3.341939555479751E-012
  2.205600000000000E-008  3.336234627852291E-012
  2.206200000000000E-008  3.330540412750528E-012
  2.206800000000000E-008  3.324856889073468E-012
  2.207400000000000E-008  3.319184035684542E-012
  2.208000000000000E-008  3.313521831411615E-012
  2.208600000000000E-008  3.307870255046956E-012
  2.209200000000000E-008  3.302229285347278E-012
  2.209800000000000E-008  3.296598901033702E-012
  2.210400000000000E-008  3.290979080791789E-012
  2.211000000000000E-008  3.285369803271511E-012
  2.211600000000000E-008  3.279771047087270E-012
  2.212200000000000E-008  3.274182790817890E-012
  2.212800000000000E-008  3.268605013006610E-012
  2.213399999999999E-008  3.263037692161109E-012
  2.214000000000000E-008  3.257480806753473E-012
  2.214600000000000E-008  3.251934335220231E-012
  2.215200000000000E-008  3.246398255962322E-012
  2.215800000000000E-008  3.240872547345115E-012
  2.216400000000000E-008  3.235357187698391E-012
  2.217000000000000E-008  3.229852155316365E-012
  2.217600000000000E-008  3.224357428457675E-012
  2.218200000000000E-008  3.218872985345389E-012
  2.218800000000000E-008  3.213398804166985E-012
  2.219400000000000E-008  3.207934863074374E-012
  2.220000000000000E-008  3.202481140183890E-012
  2.220600000000000E-008  3.197037613576282E-012
  2.221200000000000E-008  3.191604261296735E-012
  2.221800000000000E-008  3.186181061354846E-012
  2.222400000000000E-008  3.180767991724653E-012
  2.223000000000000E-008  3.175365030344597E-012
  2.223600000000000E-008  3.169972155117560E-012
  2.224200000000000E-008  3.164589343910841E-012
  2.224800000000000E-008  3.159216574556154E-012
  2.225400000000000E-008  3.153853824849649E-012
  2.226000000000000E-008  3.148501072551890E-012
  2.226600000000000E-008  3.143158295387883E-012
  2.227200000000000E-008  3.137825471047037E-012
  2.227800000000000E-008  3.132502577183193E-012
  2.228400000000000E-008  3.127189591414622E-012
  2.229000000000000E-008  3.121886491324004E-012
  2.229600000000000E-008  3.116593254458450E-012
  2.230200000000000E-008  3.111309858329505E-012
  2.230800000000000E-008  3.106036280413122E-012
  2.231400000000000E-008  3.100772498149687E-012
  2.232000000000000E-008  3.095518488944010E-012
  2.232600000000000E-008  3.090274230165316E-012
  2.233200000000000E-008  3.085039699147259E-012
  2.233800000000000E-008  3.079814873187918E-012
  2.234400000000000E-008  3.074599729549801E-012
  2.235000000000000E-008  3.069394245459830E-012
  2.235600000000000E-008  3.064198398109354E-012
  2.236200000000000E-008  3.059012164654152E-012
  2.236800000000000E-008  3.053835522214412E-012
  2.237400000000000E-008  3.048668447874759E-012
  2.238000000000000E-008  3.043510918684234E-012
  2.238600000000000E-008  3.038362911656312E-012
  2.239200000000000E-008  3.033224403768885E-012
  2.239800000000000E-008  3.028095371964263E-012
  2.240400000000000E-008  3.022975793149194E-012
  2.241000000000000E-008  3.017865644194831E-012
  2.241600000000000E-008  3.012764901936766E-012
  2.242200000000000E-008  3.007673543175006E-012
  2.242800000000000E-008  3.002591544673994E-012
  2.243400000000000E-008  2.997518883162582E-012
  2.244000000000000E-008  2.992455535334060E-012
  2.244600000000000E-008  2.987401477846122E-012
  2.245200000000000E-008  2.982356687320903E-012
  2.245800000000000E-008  2.977321140344955E-012
  2.246400000000000E-008  2.972294813469259E-012
  2.247000000000000E-008  2.967277683209213E-012
  2.247600000000000E-008  2.962269726044642E-012
  2.248200000000000E-008  2.957270918419799E-012
  2.248800000000000E-008  2.952281236743347E-012
  2.249400000000000E-008  2.947300657388385E-012
  2.250000000000000E-008  2.942329156692431E-012
  2.250600000000000E-008  2.937366710957435E-012
  2.251200000000000E-008  2.932413296449760E-012
  2.251800000000000E-008  2.927468889400197E-012
  2.252400000000000E-008  2.922533466003964E-012
  2.253000000000000E-008  2.917607002420692E-012
  2.253600000000000E-008  2.912689474774447E-012
  2.254200000000000E-008  2.907780859153711E-012
  2.254800000000000E-008  2.902881131611400E-012
  2.255400000000000E-008  2.897990268164846E-012
  2.256000000000000E-008  2.893108244795803E-012
  2.256600000000000E-008  2.888235037450457E-012
  2.257200000000000E-008  2.883370622039407E-012
  2.257800000000000E-008  2.878514974437680E-012
  2.258400000000000E-008  2.873668070484730E-012
  2.259000000000000E-008  2.868829885984437E-012
  2.259600000000000E-008  2.864000396705097E-012
  2.260200000000000E-008  2.859179578379437E-012
  2.260800000000000E-008  2.854367406704599E-012
  2.261400000000000E-008  2.849563857342154E-012
  2.262000000000000E-008  2.844768905918094E-012
  2.262600000000000E-008  2.839982528022846E-012
  2.263200000000000E-008  2.835204699211246E-012
  2.263800000000000E-008  2.830435395002562E-012
  2.264400000000000E-008  2.825674590880485E-012
  2.265000000000000E-008  2.820922262293125E-012
  2.265600000000000E-008  2.816178384653018E-012
  2.266200000000000E-008  2.811442933337123E-012
  2.266800000000000E-008  2.806715883686831E-012
  2.267400000000000E-008  2.801997211007949E-012
  2.268000000000000E-008  2.797286890570707E-012
  2.268600000000000E-008  2.792584897609764E-012
  2.269200000000000E-008  2.787891207324193E-012
  2.269800000000000E-008  2.783205794877500E-012
  2.270400000000000E-008  2.778528635397612E-012
  2.271000000000000E-008  2.773859703976882E-012
  2.271600000000000E-008  2.769198975672084E-012
  2.272200000000000E-008  2.764546425504419E-012
  2.272800000000000E-008  2.759902028459501E-012
  2.273400000000000E-008  2.755265759487380E-012
  2.274000000000000E-008  2.750637593502522E-012
  2.274600000000000E-008  2.746017505383828E-012
  2.275200000000000E-008  2.741405469974610E-012
  2.275800000000000E-008  2.736801462082611E-012
  2.276400000000000E-008  2.732205456479996E-012
  2.277000000000000E-008  2.727617427903348E-012
  2.277600000000000E-008  2.723037351053682E-012
  2.278200000000000E-008  2.718465200596431E-012
  2.278800000000000E-008  2.713900951161460E-012
  2.279400000000000E-008  2.709344577343050E-012
  2.280000000000000E-008  2.704796053699906E-012
  2.280600000000000E-008  2.700255354755165E-012
  2.281200000000000E-008  2.695722454996372E-012
  2.281800000000000E-008  2.691197328875513E-012
  2.282400000000000E-008  2.686679950808982E-012
  2.283000000000000E-008  2.682170295177611E-012
  2.283600000000000E-008  2.677668336326649E-012
  2.284200000000000E-008  2.673174048565769E-012
  2.284800000000000E-008  2.668687406169070E-012
  2.285400000000000E-008  2.664208383375065E-012
  2.286000000000000E-008  2.659736954386706E-012
  2.286600000000000E-008  2.655273093371353E-012
  2.287200000000000E-008  2.650816774460807E-012
  2.287800000000000E-008  2.646367971751281E-012
  2.288400000000000E-008  2.641926659303417E-012
  2.289000000000000E-008  2.637492811142270E-012
  2.289600000000000E-008  2.633066401257332E-012
  2.290200000000000E-008  2.628647403602511E-012
  2.290800000000000E-008  2.624235792096145E-012
  2.291400000000000E-008  2.619831540620992E-012
  2.292000000000000E-008  2.615434623024234E-012
  2.292600000000000E-008  2.611045013117478E-012
  2.293200000000000E-008  2.606662684676746E-012
  2.293800000000000E-008  2.602287611442499E-012
  2.294400000000000E-008  2.597919767119605E-012
  2.295000000000000E-008  2.593559125377375E-012
  2.295600000000000E-008  2.589205659849530E-012
  2.296200000000000E-008  2.584859344134216E-012
  2.296800000000000E-008  2.580520151794008E-012
  2.297400000000000E-008  2.576188056707988E-012
  2.298000000000000E-008  2.571863036814133E-012
  2.298600000000000E-008  2.567545072661525E-012
  2.299200000000000E-008  2.563234144815113E-012
  2.299800000000000E-008  2.558930233811705E-012
  2.300400000000000E-008  2.554633320159967E-012
  2.301000000000000E-008  2.550343384340436E-012
  2.301600000000000E-008  2.546060406805500E-012
  2.302200000000000E-008  2.541784367979418E-012
  2.302800000000000E-008  2.537515248258305E-012
  2.303400000000000E-008  2.533253028010149E-012
  2.304000000000000E-008  2.528997687574790E-012
  2.304600000000000E-008  2.524749207263936E-012
  2.305200000000000E-008  2.520507567361149E-012
  2.305800000000000E-008  2.516272748121862E-012
  2.306400000000000E-008  2.512044729773364E-012
  2.307000000000000E-008  2.507823492514815E-012
  2.307600000000000E-008  2.503609016517228E-012
  2.308200000000000E-008  2.499401281923484E-012
  2.308800000000000E-008  2.495200268848325E-012
  2.309400000000000E-008  2.491005957378350E-012
  2.310000000000000E-008  2.486818327572028E-012
  2.310600000000000E-008  2.482637359459680E-012
  2.311200000000000E-008  2.478463033043506E-012
  2.311800000000000E-008  2.474295328297555E-012
  2.312400000000000E-008  2.470134225167740E-012
  2.313000000000000E-008  2.465979703571842E-012
  2.313600000000000E-008  2.461831743399495E-012
  2.314200000000000E-008  2.457690324512201E-012
  2.314800000000000E-008  2.453555426743321E-012
  2.315400000000000E-008  2.449427029898088E-012
  2.316000000000000E-008  2.445305113753589E-012
  2.316600000000000E-008  2.441189658058772E-012
  2.317200000000000E-008  2.437080642534448E-012
  2.317800000000000E-008  2.432978046873294E-012
  2.318400000000000E-008  2.428881850739842E-012
  2.319000000000000E-008  2.424792033770499E-012
  2.319600000000000E-008  2.420708575573525E-012
  2.320200000000000E-008  2.416631455729041E-012
  2.320800000000000E-008  2.412560653789038E-012
  2.321400000000000E-008  2.408496149277356E-012
  2.322000000000000E-008  2.404437921689712E-012
  2.322600000000000E-008  2.400385950493674E-012
  2.323200000000000E-008  2.396340215128683E-012
  2.323800000000000E-008  2.392300695006032E-012
  2.324400000000000E-008  2.388267369508883E-012
  2.325000000000000E-008  2.384240217992260E-012
  2.325600000000000E-008  2.380219219783040E-012
  2.326200000000000E-008  2.376204354179974E-012
  2.326800000000000E-008  2.372195600453665E-012
  2.327400000000000E-008  2.368192937846592E-012
  2.328000000000000E-008  2.364196345573086E-012
  2.328600000000000E-008  2.360205802819339E-012
  2.329200000000000E-008  2.356221288743414E-012
  2.329800000000000E-008  2.352242782475224E-012
  2.330399999999999E-008  2.348270263116553E-012
  2.331000000000000E-008  2.344303709741044E-012
  2.331600000000000E-008  2.340343101394210E-012
  2.332200000000000E-008  2.336388417093412E-012
  2.332800000000000E-008  2.332439635827891E-012
  2.333400000000000E-008  2.328496736558730E-012
  2.334000000000000E-008  2.324559698218888E-012
  2.334600000000000E-008  2.320628499713180E-012
  2.335200000000000E-008  2.316703119918291E-012
  2.335800000000000E-008  2.312783537682763E-012
  2.336400000000000E-008  2.308869731826999E-012
  2.337000000000000E-008  2.304961681143267E-012
  2.337600000000000E-008  2.301059364395692E-012
  2.338200000000000E-008  2.297162760320268E-012
  2.338800000000000E-008  2.293271847624846E-012
  2.339400000000000E-008  2.289386604989146E-012
  2.340000000000000E-008  2.285507011064744E-012
  2.340600000000000E-008  2.281633044475081E-012
  2.341200000000000E-008  2.277764683815461E-012
  2.341800000000000E-008  2.273901907653042E-012
  2.342400000000000E-008  2.270044694526857E-012
  2.343000000000000E-008  2.266193022947791E-012
  2.343600000000000E-008  2.262346871398598E-012
  2.344200000000000E-008  2.258506218333894E-012
  2.344800000000000E-008  2.254671042180155E-012
  2.345400000000000E-008  2.250841321335714E-012
  2.346000000000000E-008  2.247017034170774E-012
  2.346600000000000E-008  2.243198159027399E-012
  2.347200000000000E-008  2.239384674219509E-012
  2.347800000000000E-008  2.235576558032897E-012
  2.348400000000000E-008  2.231773788725212E-012
  2.349000000000000E-008  2.227976344525967E-012
  2.349600000000000E-008  2.224184203636529E-012
  2.350200000000000E-008  2.220397344230140E-012
  2.350800000000000E-008  2.216615744451892E-012
  2.351400000000000E-008  2.212839382418754E-012
  2.352000000000000E-008  2.209068236219545E-012
  2.352600000000000E-008  2.205302283914952E-012
  2.353200000000000E-008  2.201541503537521E-012
  2.353800000000000E-008  2.197785873091661E-012
  2.354400000000000E-008  2.194035370553642E-012
  2.355000000000000E-008  2.190289973871601E-012
  2.355600000000000E-008  2.186549660965534E-012
  2.356200000000000E-008  2.182814409727300E-012
  2.356800000000000E-008  2.179084198020620E-012
  2.357400000000000E-008  2.175359003681079E-012
  2.358000000000000E-008  2.171638804516118E-012
  2.358600000000000E-008  2.167923578305046E-012
  2.359200000000000E-008  2.164213302799031E-012
  2.359800000000000E-008  2.160507955721110E-012
  2.360400000000000E-008  2.156807514766175E-012
  2.361000000000000E-008  2.153111957600985E-012
  2.361600000000000E-008  2.149421261864154E-012
  2.362200000000000E-008  2.145735405166165E-012
  2.362800000000000E-008  2.142054365089360E-012
  2.363400000000000E-008  2.138378119187949E-012
  2.364000000000000E-008  2.134706644987998E-012
  2.364600000000000E-008  2.131039919987435E-012
  2.365200000000000E-008  2.127377921656059E-012
  2.365800000000000E-008  2.123720627435515E-012
  2.366400000000000E-008  2.120068014739324E-012
  2.367000000000000E-008  2.116420060952864E-012
  2.367600000000000E-008  2.112776743433379E-012
  2.368200000000000E-008  2.109138039509972E-012
  2.368800000000000E-008  2.105503926483608E-012
  2.369400000000000E-008  2.101874381627119E-012
  2.370000000000000E-008  2.098249382185187E-012
  2.370600000000000E-008  2.094628905374370E-012
  2.371200000000000E-008  2.091012928383078E-012
  2.371800000000000E-008  2.087401428371596E-012
  2.372400000000000E-008  2.083794382472059E-012
  2.373000000000000E-008  2.080191767788471E-012
  2.373600000000000E-008  2.076593561396691E-012
  2.374200000000000E-008  2.072999740344449E-012
  2.374800000000000E-008  2.069410281651332E-012
  2.375400000000000E-008  2.065825162308786E-012
  2.376000000000000E-008  2.062244359280132E-012
  2.376600000000000E-008  2.058667849500543E-012
  2.377200000000000E-008  2.055095609877054E-012
  2.377800000000000E-008  2.051527617288564E-012
  2.378400000000000E-008  2.047963848585836E-012
  2.379000000000000E-008  2.044404280591493E-012
  2.379600000000000E-008  2.040848890100023E-012
  2.380200000000000E-008  2.037297653877775E-012
  2.380800000000000E-008  2.033750548662957E-012
  2.381400000000000E-008  2.030207551165647E-012
  2.382000000000000E-008  2.026668638067775E-012
  2.382600000000000E-008  2.023133786023140E-012
  2.383200000000000E-008  2.019602971657399E-012
  2.383800000000000E-008  2.016076171568080E-012
  2.384400000000000E-008  2.012553362324565E-012
  2.385000000000000E-008  2.009034520468099E-012
  2.385600000000000E-008  2.005519622511795E-012
  2.386200000000000E-008  2.002008644940617E-012
  2.386800000000000E-008  1.998501564211404E-012
  2.387400000000000E-008  1.994998356752844E-012
  2.388000000000000E-008  1.991498998965504E-012
  2.388600000000000E-008  1.988003467221799E-012
  2.389200000000000E-008  1.984511737866017E-012
  2.389800000000000E-008  1.981023787214295E-012
  2.390400000000000E-008  1.977539591554640E-012
  2.391000000000000E-008  1.974059127146925E-012
  2.391600000000000E-008  1.970582370222877E-012
  2.392200000000000E-008  1.967109296986096E-012
  2.392800000000000E-008  1.963639883612032E-012
  2.393400000000000E-008  1.960174106248009E-012
  2.394000000000000E-008  1.956711941013199E-012
  2.394600000000000E-008  1.953253363998649E-012
  2.395200000000000E-008  1.949798351267260E-012
  2.395800000000000E-008  1.946346878853806E-012
  2.396400000000000E-008  1.942898922764913E-012
  2.397000000000000E-008  1.939454458979071E-012
  2.397600000000000E-008  1.936013468774358E-012
  2.398200000000000E-008  1.932575954722252E-012
  2.398800000000000E-008  1.929141924723116E-012
  2.399400000000000E-008  1.925711386681129E-012
  2.400000000000000E-008  1.922284348504298E-012
  2.400600000000000E-008  1.918860818104442E-012
  2.401200000000000E-008  1.915440803397204E-012
  2.401800000000000E-008  1.912024312302053E-012
  2.402400000000000E-008  1.908611352742267E-012
  2.403000000000000E-008  1.905201932644953E-012
  2.403600000000000E-008  1.901796059941034E-012
  2.404200000000000E-008  1.898393742565262E-012
  2.404800000000000E-008  1.894994988456200E-012
  2.405400000000000E-008  1.891599805556239E-012
  2.406000000000000E-008  1.888208201811582E-012
  2.406600000000000E-008  1.884820185172260E-012
  2.407200000000000E-008  1.881435763592118E-012
  2.407800000000000E-008  1.878054945028833E-012
  2.408400000000000E-008  1.874677737443892E-012
  2.409000000000000E-008  1.871304148802606E-012
  2.409600000000000E-008  1.867934187074109E-012
  2.410200000000000E-008  1.864567860231346E-012
  2.410800000000000E-008  1.861205176251096E-012
  2.411400000000000E-008  1.857846143113947E-012
  2.412000000000000E-008  1.854490768804318E-012
  2.412600000000000E-008  1.851139061310444E-012
  2.413200000000000E-008  1.847791028624377E-012
  2.413800000000000E-008  1.844446678741995E-012
  2.414400000000000E-008  1.841106019662992E-012
  2.415000000000000E-008  1.837769059390883E-012
  2.415600000000000E-008  1.834435805933007E-012
  2.416200000000000E-008  1.831106267300525E-012
  2.416800000000000E-008  1.827780451508415E-012
  2.417400000000000E-008  1.824458366575476E-012
  2.418000000000000E-008  1.821140020524324E-012
  2.418600000000000E-008  1.817825421381402E-012
  2.419200000000000E-008  1.814514577176972E-012
  2.419800000000000E-008  1.811207495945112E-012
  2.420400000000000E-008  1.807904185723729E-012
  2.421000000000000E-008  1.804604654554543E-012
  2.421600000000000E-008  1.801308910483101E-012
  2.422200000000000E-008  1.798016961558761E-012
  2.422800000000000E-008  1.794728815834709E-012
  2.423400000000000E-008  1.791444481367951E-012
  2.424000000000000E-008  1.788163966219315E-012
  2.424600000000000E-008  1.784887278453446E-012
  2.425200000000000E-008  1.781614426138810E-012
  2.425800000000000E-008  1.778345417347697E-012
  2.426400000000000E-008  1.775080260156211E-012
  2.426999999999999E-008  1.771818962644282E-012
  2.427600000000000E-008  1.768561532895658E-012
  2.428200000000000E-008  1.765307978997914E-012
  2.428800000000000E-008  1.762058309042436E-012
  2.429400000000000E-008  1.758812531124438E-012
  2.430000000000000E-008  1.755570653342951E-012
  2.430600000000000E-008  1.752332683800824E-012
  2.431200000000000E-008  1.749098630604732E-012
  2.431800000000000E-008  1.745868501865166E-012
  2.432400000000000E-008  1.742642305696446E-012
  2.433000000000000E-008  1.739420050216702E-012
  2.433600000000000E-008  1.736201743547893E-012
  2.434200000000000E-008  1.732987393815790E-012
  2.434800000000000E-008  1.729777009149992E-012
  2.435400000000000E-008  1.726570597683913E-012
  2.436000000000000E-008  1.723368167554793E-012
  2.436600000000000E-008  1.720169726903692E-012
  2.437200000000000E-008  1.716975283875486E-012
  2.437800000000000E-008  1.713784846618879E-012
  2.438400000000000E-008  1.710598423286384E-012
  2.439000000000000E-008  1.707416022034345E-012
  2.439600000000000E-008  1.704237651022920E-012
  2.440200000000000E-008  1.701063318416096E-012
  2.440800000000000E-008  1.697893032381672E-012
  2.441400000000000E-008  1.694726801091273E-012
  2.442000000000000E-008  1.691564632720344E-012
  2.442600000000000E-008  1.688406535448143E-012
  2.443200000000000E-008  1.685252517457759E-012
  2.443800000000000E-008  1.682102586936093E-012
  2.444400000000000E-008  1.678956752073876E-012
  2.445000000000000E-008  1.675815021065654E-012
  2.445600000000000E-008  1.672677402109793E-012
  2.446200000000000E-008  1.669543903408480E-012
  2.446800000000000E-008  1.666414533167722E-012
  2.447399999999999E-008  1.663289299597349E-012
  2.448000000000000E-008  1.660168210911009E-012
  2.448600000000000E-008  1.657051275326176E-012
  2.449200000000000E-008  1.653938501064138E-012
  2.449800000000000E-008  1.650829896350009E-012
  2.450400000000000E-008  1.647725469412715E-012
  2.451000000000000E-008  1.644625228485013E-012
  2.451600000000000E-008  1.641529181803472E-012
  2.452200000000000E-008  1.638437337608489E-012
  2.452800000000000E-008  1.635349704144279E-012
  2.453400000000000E-008  1.632266289658875E-012
  2.454000000000000E-008  1.629187102404133E-012
  2.454600000000000E-008  1.626112150635727E-012
  2.455200000000000E-008  1.623041442613155E-012
  2.455800000000000E-008  1.619974986599731E-012
  2.456400000000000E-008  1.616912790862598E-012
  2.457000000000000E-008  1.613854863672713E-012
  2.457600000000000E-008  1.610801213304853E-012
  2.458200000000000E-008  1.607751848037619E-012
  2.458800000000000E-008  1.604706776153430E-012
  2.459400000000000E-008  1.601666005938526E-012
  2.460000000000000E-008  1.598629545682967E-012
  2.460600000000000E-008  1.595597403680639E-012
  2.461200000000000E-008  1.592569588229243E-012
  2.461800000000000E-008  1.589546107630304E-012
  2.462400000000000E-008  1.586526970189161E-012
  2.463000000000000E-008  1.583512184214980E-012
  2.463600000000000E-008  1.580501758020745E-012
  2.464200000000000E-008  1.577495699923262E-012
  2.464800000000000E-008  1.574494018243159E-012
  2.465400000000000E-008  1.571496721304881E-012
  2.466000000000000E-008  1.568503817436698E-012
  2.466600000000000E-008  1.565515314970693E-012
  2.467200000000000E-008  1.562531222242776E-012
  2.467800000000000E-008  1.559551547592674E-012
  2.468400000000000E-008  1.556576299363942E-012
  2.469000000000000E-008  1.553605485903946E-012
  2.469600000000000E-008  1.550639115563878E-012
  2.470200000000000E-008  1.547677196698752E-012
  2.470800000000000E-008  1.544719737667394E-012
  2.471400000000000E-008  1.541766746832460E-012
  2.472000000000000E-008  1.538818232560420E-012
  2.472600000000000E-008  1.535874203221572E-012
  2.473200000000000E-008  1.532934667190030E-012
  2.473800000000000E-008  1.529999632843729E-012
  2.474400000000000E-008  1.527069108564420E-012
  2.475000000000000E-008  1.524143102737683E-012
  2.475600000000000E-008  1.521221623752913E-012
  2.476200000000000E-008  1.518304680003327E-012
  2.476800000000000E-008  1.515392279885965E-012
  2.477400000000000E-008  1.512484431801683E-012
  2.478000000000000E-008  1.509581144155164E-012
  2.478600000000000E-008  1.506682425354902E-012
  2.479200000000000E-008  1.503788283813222E-012
  2.479800000000000E-008  1.500898727946259E-012
  2.480400000000000E-008  1.498013766173981E-012
  2.481000000000000E-008  1.495133406920167E-012
  2.481600000000000E-008  1.492257658612419E-012
  2.482200000000000E-008  1.489386529682163E-012
  2.482800000000000E-008  1.486520028564639E-012
  2.483400000000000E-008  1.483658163698913E-012
  2.484000000000000E-008  1.480800943527868E-012
  2.484600000000000E-008  1.477948376498213E-012
  2.485200000000000E-008  1.475100471060472E-012
  2.485800000000000E-008  1.472257235668994E-012
  2.486400000000000E-008  1.469418678781946E-012
  2.487000000000000E-008  1.466584808861311E-012
  2.487600000000000E-008  1.463755634372902E-012
  2.488200000000000E-008  1.460931163786345E-012
  2.488800000000000E-008  1.458111405575094E-012
  2.489400000000000E-008  1.455296368216416E-012
  2.490000000000000E-008  1.452486060191407E-012
  2.490600000000000E-008  1.449680489984970E-012
  2.491200000000000E-008  1.446879666085842E-012
  2.491800000000000E-008  1.444083596986575E-012
  2.492400000000000E-008  1.441292291183540E-012
  2.493000000000000E-008  1.438505757176936E-012
  2.493600000000000E-008  1.435724003470774E-012
  2.494200000000000E-008  1.432947038572892E-012
  2.494800000000000E-008  1.430174870994940E-012
  2.495400000000000E-008  1.427407509252397E-012
  2.496000000000000E-008  1.424644961864560E-012
  2.496600000000000E-008  1.421887237354547E-012
  2.497200000000000E-008  1.419134344030877E-012
  2.497800000000000E-008  1.416386277097455E-012
  2.498400000000000E-008  1.413643011426590E-012
  2.499000000000000E-008  1.410904520113517E-012
  2.499600000000000E-008  1.408170776223331E-012
  2.500200000000000E-008  1.405441752790978E-012
  2.500800000000000E-008  1.402717422821265E-012
  2.501400000000000E-008  1.399997759288848E-012
  2.502000000000000E-008  1.397282735138240E-012
  2.502600000000000E-008  1.394572323283812E-012
  2.503200000000000E-008  1.391866496609781E-012
  2.503800000000000E-008  1.389165227970228E-012
  2.504400000000000E-008  1.386468490189084E-012
  2.505000000000000E-008  1.383776256060139E-012
  2.505600000000000E-008  1.381088498347035E-012
  2.506200000000000E-008  1.378405189783271E-012
  2.506800000000000E-008  1.375726303072195E-012
  2.507400000000000E-008  1.373051810887018E-012
  2.508000000000000E-008  1.370381685870800E-012
  2.508600000000000E-008  1.367715900636458E-012
  2.509200000000000E-008  1.365054427766768E-012
  2.509800000000000E-008  1.362397239814355E-012
  2.510400000000000E-008  1.359744309301703E-012
  2.511000000000000E-008  1.357095608721144E-012
  2.511600000000000E-008  1.354451110534873E-012
  2.512200000000000E-008  1.351810787174935E-012
  2.512800000000000E-008  1.349174611043235E-012
  2.513400000000000E-008  1.346542554511530E-012
  2.514000000000000E-008  1.343914589921428E-012
  2.514600000000000E-008  1.341290689584401E-012
  2.515200000000000E-008  1.338670825781765E-012
  2.515800000000000E-008  1.336054970764697E-012
  2.516400000000000E-008  1.333443096754230E-012
  2.517000000000000E-008  1.330835175941253E-012
  2.517600000000000E-008  1.328231180486503E-012
  2.518200000000000E-008  1.325631082520580E-012
  2.518800000000000E-008  1.323034854143933E-012
  2.519400000000000E-008  1.320442467426867E-012
  2.520000000000000E-008  1.317853894409545E-012
  2.520600000000000E-008  1.315269107101980E-012
  2.521200000000000E-008  1.312688077484048E-012
  2.521800000000000E-008  1.310110777505471E-012
  2.522400000000000E-008  1.307537179085834E-012
  2.523000000000000E-008  1.304967254114568E-012
  2.523600000000000E-008  1.302400974450965E-012
  2.524200000000000E-008  1.299838311924169E-012
  2.524800000000000E-008  1.297279238333184E-012
  2.525400000000000E-008  1.294723725446865E-012
  2.526000000000000E-008  1.292171745003922E-012
  2.526600000000000E-008  1.289623268712920E-012
  2.527200000000000E-008  1.287078268252279E-012
  2.527800000000000E-008  1.284536715270274E-012
  2.528400000000000E-008  1.281998581385033E-012
  2.529000000000000E-008  1.279463838184546E-012
  2.529600000000000E-008  1.276932457226650E-012
  2.530200000000000E-008  1.274404410039042E-012
  2.530800000000000E-008  1.271879668119272E-012
  2.531400000000000E-008  1.269358202934742E-012
  2.532000000000000E-008  1.266839985922712E-012
  2.532600000000000E-008  1.264324988490298E-012
  2.533200000000000E-008  1.261813182014470E-012
  2.533800000000000E-008  1.259304537842053E-012
  2.534400000000000E-008  1.256799027289728E-012
  2.535000000000000E-008  1.254296621644024E-012
  2.535600000000000E-008  1.251797292161335E-012
  2.536200000000000E-008  1.249301010067903E-012
  2.536800000000000E-008  1.246807746559828E-012
  2.537400000000000E-008  1.244317472803065E-012
  2.538000000000000E-008  1.241830159933424E-012
  2.538600000000000E-008  1.239345779056569E-012
  2.539200000000000E-008  1.236864301248016E-012
  2.539800000000000E-008  1.234385697553141E-012
  2.540400000000000E-008  1.231909938987170E-012
  2.541000000000000E-008  1.229436996535192E-012
  2.541600000000000E-008  1.226966841152144E-012
  2.542200000000000E-008  1.224499443762819E-012
  2.542800000000000E-008  1.222034775261867E-012
  2.543400000000000E-008  1.219572806513788E-012
  2.543999999999999E-008  1.217113508352944E-012
  2.544600000000000E-008  1.214656851583545E-012
  2.545200000000000E-008  1.212202806979664E-012
  2.545800000000000E-008  1.209751345285221E-012
  2.546400000000000E-008  1.207302437213998E-012
  2.547000000000000E-008  1.204856053449623E-012
  2.547600000000000E-008  1.202412164645587E-012
  2.548200000000000E-008  1.199970741425233E-012
  2.548800000000000E-008  1.197531754381757E-012
  2.549400000000000E-008  1.195095174078215E-012
  2.550000000000000E-008  1.192660971047514E-012
  2.550600000000000E-008  1.190229115792418E-012
  2.551200000000000E-008  1.187799578785542E-012
  2.551800000000000E-008  1.185372330469360E-012
  2.552400000000000E-008  1.182947341256198E-012
  2.553000000000000E-008  1.180524581528240E-012
  2.553600000000000E-008  1.178104021637525E-012
  2.554200000000000E-008  1.175685631905944E-012
  2.554800000000000E-008  1.173269382625246E-012
  2.555400000000000E-008  1.170855244057030E-012
  2.556000000000000E-008  1.168443186432756E-012
  2.556600000000000E-008  1.166033179953733E-012
  2.557200000000000E-008  1.163625194791133E-012
  2.557800000000000E-008  1.161219201085974E-012
  2.558400000000000E-008  1.158815168949135E-012
  2.559000000000000E-008  1.156413068461349E-012
  2.559600000000000E-008  1.154012869673201E-012
  2.560200000000000E-008  1.151614542605132E-012
  2.560800000000000E-008  1.149218057247438E-012
  2.561400000000000E-008  1.146823383560274E-012
  2.562000000000000E-008  1.144430491473646E-012
  2.562600000000000E-008  1.142039350887416E-012
  2.563200000000000E-008  1.139649931671298E-012
  2.563800000000000E-008  1.137262203664865E-012
  2.564399999999999E-008  1.134876136677542E-012
  2.565000000000000E-008  1.132491700488610E-012
  2.565600000000000E-008  1.130108864847209E-012
  2.566200000000000E-008  1.127727599472328E-012
  2.566800000000000E-008  1.125347874052814E-012
  2.567400000000000E-008  1.122969658247366E-012
  2.568000000000000E-008  1.120592921684540E-012
  2.568600000000000E-008  1.118217633962747E-012
  2.569200000000000E-008  1.115843764650255E-012
  2.569800000000000E-008  1.113471283285184E-012
  2.570400000000000E-008  1.111100159375509E-012
  2.571000000000000E-008  1.108730362399063E-012
  2.571600000000000E-008  1.106361861803528E-012
  2.572200000000000E-008  1.103994627006446E-012
  2.572800000000000E-008  1.101628627395211E-012
  2.573400000000000E-008  1.099263832327078E-012
  2.574000000000000E-008  1.096900211129147E-012
  2.574600000000000E-008  1.094537733098385E-012
  2.575200000000000E-008  1.092176367501600E-012
  2.575800000000000E-008  1.089816083575465E-012
  2.576399999999999E-008  1.087456850526506E-012
  2.577000000000000E-008  1.085098637531101E-012
  2.577600000000000E-008  1.082741413735487E-012
  2.578200000000000E-008  1.080385148255754E-012
  2.578800000000000E-008  1.078029810177847E-012
  2.579400000000000E-008  1.075675368557564E-012
  2.580000000000000E-008  1.073321792420560E-012
  2.580600000000000E-008  1.070969050762346E-012
  2.581200000000000E-008  1.068617112548284E-012
  2.581800000000000E-008  1.066265946713597E-012
  2.582400000000000E-008  1.063915522163357E-012
  2.583000000000000E-008  1.061565807772498E-012
  2.583600000000000E-008  1.059216772385798E-012
  2.584200000000000E-008  1.056868384817899E-012
  2.584800000000000E-008  1.054520613853293E-012
  2.585400000000000E-008  1.052173428246334E-012
  2.586000000000000E-008  1.049826796721222E-012
  2.586600000000000E-008  1.047480687972019E-012
  2.587200000000000E-008  1.045135070662638E-012
  2.587800000000000E-008  1.042789913426846E-012
  2.588400000000000E-008  1.040445184868269E-012
  2.589000000000000E-008  1.038100853560382E-012
  2.589600000000000E-008  1.035756888046524E-012
  2.590200000000000E-008  1.033413256839882E-012
  2.590800000000000E-008  1.031069928423500E-012
  2.591400000000000E-008  1.028726871250274E-012
  2.592000000000000E-008  1.026384053742959E-012
  2.592600000000000E-008  1.024041444294163E-012
  2.593200000000000E-008  1.021699011266348E-012
  2.593800000000000E-008  1.019356722991835E-012
  2.594400000000000E-008  1.017014547772797E-012
  2.595000000000000E-008  1.014672453881263E-012
  2.595600000000000E-008  1.012330409559113E-012
  2.596200000000000E-008  1.009988383018086E-012
  2.596799999999999E-008  1.007646342439776E-012
  2.597400000000000E-008  1.005304258550936E-012
  2.598000000000000E-008  1.002962131995430E-012
  2.598600000000000E-008  1.000619982740707E-012
  2.599200000000000E-008  9.982778310940438E-013
  2.599800000000000E-008  9.959356973806977E-013
  2.600400000000000E-008  9.935936019439179E-013
  2.601000000000000E-008  9.912515651449368E-013
  2.601600000000000E-008  9.889096073629766E-013
  2.602200000000000E-008  9.865677489952405E-013
  2.602800000000000E-008  9.842260104569213E-013
  2.603400000000000E-008  9.818844121811968E-013
  2.604000000000000E-008  9.795429746192273E-013
  2.604600000000000E-008  9.772017182401642E-013
  2.605200000000000E-008  9.748606635311411E-013
  2.605800000000000E-008  9.725198309972821E-013
  2.606400000000000E-008  9.701792411616935E-013
  2.607000000000000E-008  9.678389145654696E-013
  2.607600000000000E-008  9.654988717676876E-013
  2.608200000000000E-008  9.631591333454131E-013
  2.608800000000000E-008  9.608197198936985E-013
  2.609400000000000E-008  9.584806520255785E-013
  2.610000000000000E-008  9.561419503720807E-013
  2.610600000000000E-008  9.538036355822120E-013
  2.611200000000000E-008  9.514657283229692E-013
  2.611800000000000E-008  9.491282492793312E-013
  2.612400000000000E-008  9.467912191542659E-013
  2.613000000000000E-008  9.444546586687255E-013
  2.613600000000000E-008  9.421185885616524E-013
  2.614200000000000E-008  9.397830295899707E-013
  2.614800000000000E-008  9.374480025285910E-013
  2.615400000000000E-008  9.351135281704119E-013
  2.616000000000000E-008  9.327796273263148E-013
  2.616600000000000E-008  9.304463208251684E-013
  2.617200000000000E-008  9.281136295138287E-013
  2.617800000000000E-008  9.257815742571377E-013
  2.618400000000000E-008  9.234501759379230E-013
  2.619000000000000E-008  9.211194554569987E-013
  2.619600000000000E-008  9.187894337331607E-013
  2.620200000000000E-008  9.164601317031956E-013
  2.620800000000000E-008  9.141315703218752E-013
  2.621400000000000E-008  9.118037705619544E-013
  2.622000000000000E-008  9.094767534141798E-013
  2.622600000000000E-008  9.071505398872796E-013
  2.623200000000000E-008  9.048251510079703E-013
  2.623800000000000E-008  9.025006078209491E-013
  2.624400000000000E-008  9.001769313889053E-013
  2.625000000000000E-008  8.978541427925115E-013
  2.625600000000000E-008  8.955322631304267E-013
  2.626200000000000E-008  8.932113135192975E-013
  2.626800000000000E-008  8.908913150937548E-013
  2.627400000000000E-008  8.885722890064165E-013
  2.628000000000000E-008  8.862542564278827E-013
  2.628600000000000E-008  8.839372385467444E-013
  2.629200000000000E-008  8.816212565695746E-013
  2.629800000000000E-008  8.793063317209378E-013
  2.630400000000000E-008  8.769924852433797E-013
  2.631000000000000E-008  8.746797383974332E-013
  2.631600000000000E-008  8.723681124616195E-013
  2.632200000000000E-008  8.700576287324395E-013
  2.632800000000000E-008  8.677483085243869E-013
  2.633400000000000E-008  8.654401731699357E-013
  2.634000000000000E-008  8.631332440195537E-013
  2.634600000000000E-008  8.608275424416882E-013
  2.635200000000000E-008  8.585230898227749E-013
  2.635800000000000E-008  8.562199075672321E-013
  2.636400000000000E-008  8.539180170974690E-013
  2.637000000000000E-008  8.516174398538772E-013
  2.637600000000000E-008  8.493181972948353E-013
  2.638200000000000E-008  8.470203108967113E-013
  2.638800000000000E-008  8.447238021538549E-013
  2.639400000000000E-008  8.424286925786043E-013
  2.640000000000000E-008  8.401350037012793E-013
  2.640600000000000E-008  8.378427570701906E-013
  2.641200000000000E-008  8.355519742516326E-013
  2.641800000000000E-008  8.332626768298857E-013
  2.642400000000000E-008  8.309748864072191E-013
  2.643000000000000E-008  8.286886246038854E-013
  2.643600000000000E-008  8.264039130581241E-013
  2.644200000000000E-008  8.241207734261568E-013
  2.644800000000000E-008  8.218392273821967E-013
  2.645400000000000E-008  8.195592966184389E-013
  2.646000000000000E-008  8.172810028450700E-013
  2.646600000000000E-008  8.150043677902569E-013
  2.647200000000000E-008  8.127294132001561E-013
  2.647800000000000E-008  8.104561608389056E-013
  2.648400000000000E-008  8.081846324886332E-013
  2.649000000000000E-008  8.059148499494525E-013
  2.649600000000000E-008  8.036468350394606E-013
  2.650200000000000E-008  8.013806095947456E-013
  2.650800000000000E-008  7.991161954693768E-013
  2.651400000000000E-008  7.968536145354127E-013
  2.652000000000000E-008  7.945928886828929E-013
  2.652600000000000E-008  7.923340398198478E-013
  2.653200000000000E-008  7.900770898722926E-013
  2.653800000000000E-008  7.878220607842262E-013
  2.654400000000000E-008  7.855689745176392E-013
  2.655000000000000E-008  7.833178530525021E-013
  2.655600000000000E-008  7.810687183867759E-013
  2.656200000000000E-008  7.788215925364017E-013
  2.656800000000000E-008  7.765764975353126E-013
  2.657400000000000E-008  7.743334554354234E-013
  2.658000000000000E-008  7.720924883066398E-013
  2.658600000000000E-008  7.698536182368498E-013
  2.659200000000000E-008  7.676168673319279E-013
  2.659800000000000E-008  7.653822577157364E-013
  2.660400000000000E-008  7.631498115301186E-013
  2.661000000000000E-008  7.609195509349095E-013
  2.661600000000000E-008  7.586914981079257E-013
  2.662200000000000E-008  7.564656752449759E-013
  2.662800000000000E-008  7.542421045598484E-013
  2.663400000000000E-008  7.520208082843222E-013
  2.664000000000000E-008  7.498018086681566E-013
  2.664600000000000E-008  7.475851279791022E-013
  2.665200000000000E-008  7.453707885028935E-013
  2.665800000000000E-008  7.431588125432495E-013
  2.666400000000000E-008  7.409492224218806E-013
  2.667000000000000E-008  7.387420404784779E-013
  2.667600000000000E-008  7.365372890707208E-013
  2.668200000000000E-008  7.343349905742717E-013
  2.668800000000000E-008  7.321351673827827E-013
  2.669400000000000E-008  7.299378419078909E-013
  2.670000000000000E-008  7.277430365792168E-013
  2.670600000000000E-008  7.255507738443723E-013
  2.671200000000000E-008  7.233610761689510E-013
  2.671800000000000E-008  7.211739660365347E-013
  2.672400000000000E-008  7.189894659486871E-013
  2.673000000000000E-008  7.168075984249623E-013
  2.673600000000000E-008  7.146283860028976E-013
  2.674200000000000E-008  7.124518512380209E-013
  2.674800000000000E-008  7.102780167038409E-013
  2.675400000000000E-008  7.081069049918544E-013
  2.676000000000000E-008  7.059385387115457E-013
  2.676600000000000E-008  7.037729404903800E-013
  2.677200000000000E-008  7.016101329738140E-013
  2.677800000000000E-008  6.994501388252866E-013
  2.678400000000000E-008  6.972929807262274E-013
  2.679000000000000E-008  6.951386813760473E-013
  2.679600000000000E-008  6.929872634921466E-013
  2.680200000000000E-008  6.908387498099070E-013
  2.680800000000000E-008  6.886931630827010E-013
  2.681400000000000E-008  6.865505260818834E-013
  2.682000000000000E-008  6.844108615967972E-013
  2.682600000000000E-008  6.822741924347736E-013
  2.683200000000000E-008  6.801405414211248E-013
  2.683800000000000E-008  6.780099313991537E-013
  2.684400000000000E-008  6.758823852301436E-013
  2.685000000000000E-008  6.737579257933688E-013
  2.685600000000000E-008  6.716365759860874E-013
  2.686200000000000E-008  6.695183587235425E-013
  2.686800000000000E-008  6.674032969389677E-013
  2.687400000000000E-008  6.652914135835784E-013
  2.688000000000000E-008  6.631827316265780E-013
  2.688600000000000E-008  6.610772740551524E-013
  2.689200000000000E-008  6.589750638744774E-013
  2.689800000000000E-008  6.568761241077123E-013
  2.690400000000000E-008  6.547804777960062E-013
  2.691000000000000E-008  6.526881479984905E-013
  2.691600000000000E-008  6.505991577922848E-013
  2.692200000000000E-008  6.485135302724911E-013
  2.692800000000000E-008  6.464312885522008E-013
  2.693399999999999E-008  6.443524557624907E-013
  2.694000000000000E-008  6.422770550524215E-013
  2.694600000000000E-008  6.402051095890448E-013
  2.695200000000000E-008  6.381366425573938E-013
  2.695800000000000E-008  6.360716771604900E-013
  2.696400000000000E-008  6.340102366193372E-013
  2.697000000000000E-008  6.319523441729292E-013
  2.697600000000000E-008  6.298980180857205E-013
  2.698200000000000E-008  6.278472566611818E-013
  2.698800000000000E-008  6.258000532038481E-013
  2.699400000000000E-008  6.237564010096151E-013
  2.700000000000000E-008  6.217162933657463E-013
  2.700600000000000E-008  6.196797235508657E-013
  2.701200000000000E-008  6.176466848349677E-013
  2.701800000000000E-008  6.156171704794078E-013
  2.702400000000000E-008  6.135911737369117E-013
  2.703000000000000E-008  6.115686878515656E-013
  2.703600000000000E-008  6.095497060588227E-013
  2.704200000000000E-008  6.075342215855023E-013
  2.704800000000000E-008  6.055222276497842E-013
  2.705400000000000E-008  6.035137174612184E-013
  2.706000000000000E-008  6.015086842207165E-013
  2.706600000000000E-008  5.995071211205599E-013
  2.707200000000000E-008  5.975090213443912E-013
  2.707800000000000E-008  5.955143780672198E-013
  2.708400000000000E-008  5.935231844554167E-013
  2.709000000000000E-008  5.915354336667223E-013
  2.709600000000000E-008  5.895511188502410E-013
  2.710200000000000E-008  5.875702331464398E-013
  2.710800000000000E-008  5.855927696871565E-013
  2.711400000000000E-008  5.836187215955885E-013
  2.712000000000000E-008  5.816480819863022E-013
  2.712600000000000E-008  5.796808439652235E-013
  2.713200000000000E-008  5.777170006296496E-013
  2.713799999999999E-008  5.757565450682395E-013
  2.714400000000000E-008  5.737994703610169E-013
  2.715000000000000E-008  5.718457695793752E-013
  2.715600000000000E-008  5.698954357860671E-013
  2.716200000000000E-008  5.679484620352156E-013
  2.716800000000000E-008  5.660048413723024E-013
  2.717400000000000E-008  5.640645668341795E-013
  2.718000000000000E-008  5.621276314490614E-013
  2.718600000000000E-008  5.601940282365315E-013
  2.719200000000000E-008  5.582637502075345E-013
  2.719800000000000E-008  5.563367903643826E-013
  2.720400000000000E-008  5.544131417007486E-013
  2.721000000000000E-008  5.524927972016764E-013
  2.721600000000000E-008  5.505757498435710E-013
  2.722200000000000E-008  5.486619925942034E-013
  2.722800000000000E-008  5.467515184127123E-013
  2.723400000000000E-008  5.448443202495983E-013
  2.724000000000000E-008  5.429403910467298E-013
  2.724600000000000E-008  5.410397237373355E-013
  2.725200000000000E-008  5.391423112460141E-013
  2.725800000000000E-008  5.372481464887277E-013
  2.726400000000000E-008  5.353572223728023E-013
  2.727000000000000E-008  5.334695317969328E-013
  2.727600000000000E-008  5.315850676511751E-013
  2.728200000000000E-008  5.297038228169542E-013
  2.728800000000000E-008  5.278257901670539E-013
  2.729400000000000E-008  5.259509625656291E-013
  2.730000000000000E-008  5.240793328681968E-013
  2.730600000000000E-008  5.222108939216414E-013
  2.731200000000000E-008  5.203456385642111E-013
  2.731800000000000E-008  5.184835596255184E-013
  2.732400000000000E-008  5.166246499265435E-013
  2.733000000000000E-008  5.147689022796274E-013
  2.733600000000000E-008  5.129163094884794E-013
  2.734200000000000E-008  5.110668643481728E-013
  2.734800000000000E-008  5.092205596451489E-013
  2.735400000000000E-008  5.073773881572100E-013
  2.736000000000000E-008  5.055373426535268E-013
  2.736600000000000E-008  5.037004158946312E-013
  2.737200000000000E-008  5.018666006324233E-013
  2.737800000000000E-008  5.000358896101680E-013
  2.738400000000000E-008  4.982082755624937E-013
  2.739000000000000E-008  4.963837512153971E-013
  2.739600000000000E-008  4.945623092862373E-013
  2.740200000000000E-008  4.927439424837405E-013
  2.740800000000000E-008  4.909286435079941E-013
  2.741400000000000E-008  4.891164050504547E-013
  2.742000000000000E-008  4.873072197939421E-013
  2.742600000000000E-008  4.855010804126406E-013
  2.743200000000000E-008  4.836979795721038E-013
  2.743800000000000E-008  4.818979099292457E-013
  2.744400000000000E-008  4.801008641323485E-013
  2.745000000000000E-008  4.783068348210553E-013
  2.745600000000000E-008  4.765158146263784E-013
  2.746200000000000E-008  4.747277961706928E-013
  2.746800000000000E-008  4.729427720677423E-013
  2.747400000000000E-008  4.711607349226316E-013
  2.748000000000000E-008  4.693816773318338E-013
  2.748600000000000E-008  4.676055918831828E-013
  2.749200000000000E-008  4.658324711558816E-013
  2.749800000000000E-008  4.640623077204975E-013
  2.750400000000000E-008  4.622950941389600E-013
  2.751000000000000E-008  4.605308229645697E-013
  2.751600000000000E-008  4.587694867419869E-013
  2.752200000000000E-008  4.570110780072407E-013
  2.752800000000000E-008  4.552555892877205E-013
  2.753400000000000E-008  4.535030131021853E-013
  2.754000000000000E-008  4.517533419607574E-013
  2.754600000000000E-008  4.500065683649237E-013
  2.755200000000000E-008  4.482626848075400E-013
  2.755800000000000E-008  4.465216837728217E-013
  2.756400000000000E-008  4.447835577363544E-013
  2.757000000000000E-008  4.430482991650828E-013
  2.757600000000000E-008  4.413159005173224E-013
  2.758200000000000E-008  4.395863542427510E-013
  2.758800000000000E-008  4.378596527824115E-013
  2.759400000000000E-008  4.361357885687146E-013
  2.760000000000000E-008  4.344147540254327E-013
  2.760600000000000E-008  4.326965415677066E-013
  2.761200000000000E-008  4.309811436020371E-013
  2.761800000000000E-008  4.292685525262952E-013
  2.762400000000000E-008  4.275587607297133E-013
  2.763000000000000E-008  4.258517605928944E-013
  2.763600000000000E-008  4.241475444878002E-013
  2.764200000000000E-008  4.224461047777627E-013
  2.764800000000000E-008  4.207474338174735E-013
  2.765400000000000E-008  4.190515239529941E-013
  2.766000000000000E-008  4.173583675217495E-013
  2.766600000000000E-008  4.156679568525281E-013
  2.767200000000000E-008  4.139802842654876E-013
  2.767800000000000E-008  4.122953420721478E-013
  2.768400000000000E-008  4.106131225753946E-013
  2.769000000000000E-008  4.089336180694760E-013
  2.769600000000000E-008  4.072568208400096E-013
  2.770200000000000E-008  4.055827231639758E-013
  2.770800000000000E-008  4.039113173097192E-013
  2.771400000000000E-008  4.022425955369532E-013
  2.772000000000000E-008  4.005765500967529E-013
  2.772600000000000E-008  3.989131732315608E-013
  2.773200000000000E-008  3.972524571751804E-013
  2.773800000000000E-008  3.955943941527850E-013
  2.774400000000000E-008  3.939389763809096E-013
  2.775000000000000E-008  3.922861960674580E-013
  2.775600000000000E-008  3.906360454116966E-013
  2.776200000000000E-008  3.889885166042570E-013
  2.776800000000000E-008  3.873436018271372E-013
  2.777400000000000E-008  3.857012932536970E-013
  2.778000000000000E-008  3.840615830486652E-013
  2.778600000000000E-008  3.824244633681330E-013
  2.779200000000000E-008  3.807899263595600E-013
  2.779800000000000E-008  3.791579641617679E-013
  2.780400000000000E-008  3.775285689049458E-013
  2.781000000000000E-008  3.759017327106436E-013
  2.781600000000000E-008  3.742774476917810E-013
  2.782200000000000E-008  3.726557059526411E-013
  2.782800000000000E-008  3.710364995888703E-013
  2.783400000000000E-008  3.694198206874855E-013
  2.784000000000000E-008  3.678056613268626E-013
  2.784600000000000E-008  3.661940135767475E-013
  2.785200000000000E-008  3.645848694982457E-013
  2.785800000000000E-008  3.629782211438327E-013
  2.786400000000000E-008  3.613740605573468E-013
  2.787000000000000E-008  3.597723797739920E-013
  2.787600000000000E-008  3.581731708203389E-013
  2.788200000000000E-008  3.565764257143207E-013
  2.788800000000000E-008  3.549821364652381E-013
  2.789400000000000E-008  3.533902950737531E-013
  2.790000000000000E-008  3.518008935318968E-013
  2.790600000000000E-008  3.502139238230624E-013
  2.791200000000000E-008  3.486293779220123E-013
  2.791800000000000E-008  3.470472477948704E-013
  2.792400000000000E-008  3.454675253991278E-013
  2.793000000000000E-008  3.438902026836372E-013
  2.793600000000000E-008  3.423152715886205E-013
  2.794200000000000E-008  3.407427240456627E-013
  2.794800000000000E-008  3.391725519777136E-013
  2.795400000000000E-008  3.376047472990908E-013
  2.796000000000000E-008  3.360393019154744E-013
  2.796600000000000E-008  3.344762077239109E-013
  2.797200000000000E-008  3.329154566774014E-013
  2.797800000000000E-008  3.313570445967219E-013
  2.798400000000000E-008  3.298009733070211E-013
  2.799000000000000E-008  3.282472451504052E-013
  2.799600000000000E-008  3.266958624693176E-013
  2.800200000000000E-008  3.251468276065326E-013
  2.800800000000000E-008  3.236001429051590E-013
  2.801400000000000E-008  3.220558107086363E-013
  2.802000000000000E-008  3.205138333607418E-013
  2.802600000000000E-008  3.189742132055830E-013
  2.803200000000000E-008  3.174369525876018E-013
  2.803800000000000E-008  3.159020538515769E-013
  2.804400000000000E-008  3.143695193426160E-013
  2.805000000000000E-008  3.128393514061639E-013
  2.805600000000000E-008  3.113115523879940E-013
  2.806200000000000E-008  3.097861246342185E-013
  2.806800000000000E-008  3.082630704912792E-013
  2.807400000000000E-008  3.067423923059560E-013
  2.808000000000000E-008  3.052240924253581E-013
  2.808600000000000E-008  3.037081731969311E-013
  2.809200000000000E-008  3.021946369684506E-013
  2.809800000000000E-008  3.006834860880291E-013
  2.810399999999999E-008  2.991747229041113E-013
  2.811000000000000E-008  2.976683497654744E-013
  2.811600000000000E-008  2.961643690212329E-013
  2.812200000000000E-008  2.946627830208311E-013
  2.812800000000000E-008  2.931635941140488E-013
  2.813400000000000E-008  2.916668046509967E-013
  2.814000000000000E-008  2.901724169821219E-013
  2.814600000000000E-008  2.886804334582044E-013
  2.815200000000000E-008  2.871908564303557E-013
  2.815800000000000E-008  2.857036882500251E-013
  2.816400000000000E-008  2.842189312689914E-013
  2.817000000000000E-008  2.827365878393700E-013
  2.817600000000000E-008  2.812566603136058E-013
  2.818200000000000E-008  2.797791510444808E-013
  2.818800000000000E-008  2.783040623851079E-013
  2.819400000000000E-008  2.768313966889381E-013
  2.820000000000000E-008  2.753611563097507E-013
  2.820600000000000E-008  2.738933436016631E-013
  2.821200000000000E-008  2.724279609191208E-013
  2.821800000000000E-008  2.709650106169073E-013
  2.822400000000000E-008  2.695044950501382E-013
  2.823000000000000E-008  2.680464165742616E-013
  2.823600000000000E-008  2.665907775450624E-013
  2.824200000000000E-008  2.651375803186557E-013
  2.824800000000000E-008  2.636868272514924E-013
  2.825400000000000E-008  2.622385207003539E-013
  2.826000000000000E-008  2.607926630223576E-013
  2.826600000000000E-008  2.593492565749548E-013
  2.827200000000000E-008  2.579083037159276E-013
  2.827800000000000E-008  2.564698068033960E-013
  2.828400000000000E-008  2.550337681958098E-013
  2.829000000000000E-008  2.536001902519551E-013
  2.829600000000000E-008  2.521690753309473E-013
  2.830200000000000E-008  2.507404257922394E-013
  2.830799999999999E-008  2.493142439956162E-013
  2.831400000000000E-008  2.478905323011960E-013
  2.832000000000000E-008  2.464692930694329E-013
  2.832600000000000E-008  2.450505286611115E-013
  2.833200000000000E-008  2.436342414373526E-013
  2.833800000000000E-008  2.422204337596066E-013
  2.834400000000000E-008  2.408091079896610E-013
  2.835000000000000E-008  2.394002664896349E-013
  2.835600000000000E-008  2.379939116219836E-013
  2.836200000000000E-008  2.365900457494934E-013
  2.836800000000000E-008  2.351886712352858E-013
  2.837400000000000E-008  2.337897904428126E-013
  2.838000000000000E-008  2.323934057358630E-013
  2.838600000000000E-008  2.309995194785579E-013
  2.839200000000000E-008  2.296081340353510E-013
  2.839800000000000E-008  2.282192517710324E-013
  2.840400000000000E-008  2.268328750507234E-013
  2.841000000000000E-008  2.254490062398800E-013
  2.841600000000000E-008  2.240676477042893E-013
  2.842200000000000E-008  2.226888018100744E-013
  2.842799999999999E-008  2.213124709236913E-013
  2.843400000000000E-008  2.199386574119287E-013
  2.844000000000000E-008  2.185673636419119E-013
  2.844600000000000E-008  2.171985919810959E-013
  2.845200000000000E-008  2.158323447972722E-013
  2.845800000000000E-008  2.144686244585623E-013
  2.846400000000000E-008  2.131074333334246E-013
  2.847000000000000E-008  2.117487737906494E-013
  2.847600000000000E-008  2.103926481993601E-013
  2.848200000000000E-008  2.090390589290172E-013
  2.848800000000000E-008  2.076880083494110E-013
  2.849400000000000E-008  2.063394988306651E-013
  2.850000000000000E-008  2.049935327432386E-013
  2.850600000000000E-008  2.036501124579238E-013
  2.851200000000000E-008  2.023092403458446E-013
  2.851800000000000E-008  2.009709187784629E-013
  2.852400000000000E-008  1.996351501275698E-013
  2.853000000000000E-008  1.983019367652920E-013
  2.853600000000000E-008  1.969712810640879E-013
  2.854200000000000E-008  1.956431853967514E-013
  2.854800000000000E-008  1.943176521364091E-013
  2.855400000000000E-008  1.929946836565204E-013
  2.856000000000000E-008  1.916742823308810E-013
  2.856600000000000E-008  1.903564505336175E-013
  2.857200000000000E-008  1.890411906391917E-013
  2.857800000000000E-008  1.877285050223961E-013
  2.858400000000000E-008  1.864183960583593E-013
  2.859000000000000E-008  1.851108661225431E-013
  2.859600000000000E-008  1.838059175907414E-013
  2.860200000000000E-008  1.825035528390852E-013
  2.860800000000000E-008  1.812037742440351E-013
  2.861400000000000E-008  1.799065841823881E-013
  2.862000000000000E-008  1.786119850312712E-013
  2.862600000000000E-008  1.773199791681480E-013
  2.863200000000000E-008  1.760305689708142E-013
  2.863800000000000E-008  1.747437568174015E-013
  2.864400000000000E-008  1.734595450863719E-013
  2.865000000000000E-008  1.721779361565239E-013
  2.865600000000000E-008  1.708989324069856E-013
  2.866200000000000E-008  1.696225362172217E-013
  2.866800000000000E-008  1.683487499670296E-013
  2.867400000000000E-008  1.670775760365404E-013
  2.868000000000000E-008  1.658090168062197E-013
  2.868600000000000E-008  1.645430746568650E-013
  2.869200000000000E-008  1.632797519696090E-013
  2.869800000000000E-008  1.620190511259145E-013
  2.870400000000000E-008  1.607609745075815E-013
  2.871000000000000E-008  1.595055244967428E-013
  2.871600000000000E-008  1.582527034758622E-013
  2.872200000000000E-008  1.570025138277420E-013
  2.872800000000000E-008  1.557549579355134E-013
  2.873400000000000E-008  1.545100381826443E-013
  2.874000000000000E-008  1.532677569529326E-013
  2.874600000000000E-008  1.520281166305121E-013
  2.875200000000000E-008  1.507911195998511E-013
  2.875800000000000E-008  1.495567682457483E-013
  2.876400000000000E-008  1.483250649533401E-013
  2.877000000000000E-008  1.470960121080930E-013
  2.877600000000000E-008  1.458696120958095E-013
  2.878200000000000E-008  1.446458673026223E-013
  2.878800000000000E-008  1.434247801150004E-013
  2.879400000000000E-008  1.422063529197448E-013
  2.880000000000000E-008  1.409905881039930E-013
  2.880600000000000E-008  1.397774880552127E-013
  2.881200000000000E-008  1.385670551612073E-013
  2.881800000000000E-008  1.373592918101107E-013
  2.882400000000000E-008  1.361542003903940E-013
  2.883000000000000E-008  1.349517832908595E-013
  2.883600000000000E-008  1.337520429006436E-013
  2.884200000000000E-008  1.325549816092176E-013
  2.884800000000000E-008  1.313606018063845E-013
  2.885400000000000E-008  1.301689058822826E-013
  2.886000000000000E-008  1.289798962273806E-013
  2.886600000000000E-008  1.277935752324834E-013
  2.887200000000000E-008  1.266099452887296E-013
  2.887800000000000E-008  1.254290087875890E-013
  2.888400000000000E-008  1.242507681208690E-013
  2.889000000000000E-008  1.230752256807066E-013
  2.889600000000000E-008  1.219023838595744E-013
  2.890200000000000E-008  1.207322450502765E-013
  2.890800000000000E-008  1.195648116459531E-013
  2.891400000000000E-008  1.184000860400766E-013
  2.892000000000000E-008  1.172380706264520E-013
  2.892600000000000E-008  1.160787677992208E-013
  2.893200000000000E-008  1.149221799528564E-013
  2.893800000000000E-008  1.137683094821641E-013
  2.894400000000000E-008  1.126171587822846E-013
  2.895000000000000E-008  1.114687302486915E-013
  2.895600000000000E-008  1.103230262771918E-013
  2.896200000000000E-008  1.091800492639278E-013
  2.896800000000000E-008  1.080398016053734E-013
  2.897400000000000E-008  1.069022856983371E-013
  2.898000000000000E-008  1.057675039399588E-013
  2.898600000000000E-008  1.046354587277149E-013
  2.899200000000000E-008  1.035061524594134E-013
  2.899800000000000E-008  1.023795875331960E-013
  2.900400000000000E-008  1.012557663475394E-013
  2.901000000000000E-008  1.001346913012525E-013
  2.901600000000000E-008  9.901636479347904E-014
  2.902200000000000E-008  9.790078922369298E-014
  2.902800000000000E-008  9.678796699170569E-014
  2.903400000000000E-008  9.567790049766050E-014
  2.904000000000000E-008  9.457059214203310E-014
  2.904600000000000E-008  9.346604432563527E-014
  2.905200000000000E-008  9.236425944961112E-014
  2.905800000000000E-008  9.126523991543837E-014
  2.906400000000000E-008  9.016898812492645E-014
  2.906999999999999E-008  8.907550648022084E-014
  2.907600000000000E-008  8.798479738379918E-014
  2.908200000000000E-008  8.689686323847450E-014
  2.908800000000000E-008  8.581170644739082E-014
  2.909400000000000E-008  8.472932941402873E-014
  2.910000000000000E-008  8.364973454219782E-014
  2.910600000000000E-008  8.257292423604532E-014
  2.911200000000000E-008  8.149890090005046E-014
  2.911800000000000E-008  8.042766693902513E-014
  2.912400000000000E-008  7.935922475811820E-014
  2.913000000000000E-008  7.829357676280761E-014
  2.913600000000000E-008  7.723072535890869E-014
  2.914200000000000E-008  7.617067295256657E-014
  2.914800000000000E-008  7.511342195026241E-014
  2.915400000000000E-008  7.405897475881089E-014
  2.916000000000000E-008  7.300733378535835E-014
  2.916600000000000E-008  7.195850143738791E-014
  2.917200000000000E-008  7.091248012271349E-014
  2.917800000000000E-008  6.986927224948402E-014
  2.918400000000000E-008  6.882888022617962E-014
  2.919000000000000E-008  6.779130646161708E-014
  2.919600000000000E-008  6.675655336494493E-014
  2.920200000000000E-008  6.572462334564471E-014
  2.920800000000000E-008  6.469551881353418E-014
  2.921400000000000E-008  6.366924217876282E-014
  2.922000000000000E-008  6.264579585181203E-014
  2.922600000000000E-008  6.162518224349921E-014
  2.923200000000000E-008  6.060740376497465E-014
  2.923800000000000E-008  5.959246282772119E-014
  2.924400000000000E-008  5.858036184355756E-014
  2.925000000000000E-008  5.757110322463344E-014
  2.925600000000000E-008  5.656468938343474E-014
  2.926200000000000E-008  5.556112273277686E-014
  2.926800000000000E-008  5.456040568581286E-014
  2.927399999999999E-008  5.356254065602675E-014
  2.928000000000000E-008  5.256753005723650E-014
  2.928600000000000E-008  5.157537630359579E-014
  2.929200000000000E-008  5.058608180958953E-014
  2.929800000000000E-008  4.959964899003709E-014
  2.930400000000000E-008  4.861608026008984E-014
  2.931000000000000E-008  4.763537803523438E-014
  2.931600000000000E-008  4.665754473129109E-014
  2.932200000000000E-008  4.568258276441191E-014
  2.932800000000000E-008  4.471049455108515E-014
  2.933400000000000E-008  4.374128250813063E-014
  2.934000000000000E-008  4.277494905270272E-014
  2.934600000000000E-008  4.181149660228666E-014
  2.935200000000000E-008  4.085092757470578E-014
  2.935800000000000E-008  3.989324438811248E-014
  2.936400000000000E-008  3.893844946099590E-014
  2.937000000000000E-008  3.798654521217766E-014
  2.937600000000000E-008  3.703753406081379E-014
  2.938200000000000E-008  3.609141842639071E-014
  2.938800000000000E-008  3.514820072873187E-014
  2.939400000000000E-008  3.420788338799235E-014
  2.940000000000000E-008  3.327046882466132E-014
  2.940600000000000E-008  3.233595945956248E-014
  2.941200000000000E-008  3.140435771385149E-014
  2.941800000000000E-008  3.047566600901926E-014
  2.942400000000000E-008  2.954988676688749E-014
  2.943000000000000E-008  2.862702240961370E-014
  2.943600000000000E-008  2.770707535968856E-014
  2.944200000000000E-008  2.679004803993506E-014
  2.944800000000000E-008  2.587594287351264E-014
  2.945400000000000E-008  2.496476228391141E-014
  2.946000000000000E-008  2.405650869495649E-014
  2.946600000000000E-008  2.315118453080485E-014
  2.947200000000000E-008  2.224879221594863E-014
  2.947799999999999E-008  2.134933417521357E-014
  2.948400000000000E-008  2.045281283375740E-014
  2.949000000000000E-008  1.955923061707366E-014
  2.949600000000000E-008  1.866858995098843E-014
  2.950200000000000E-008  1.778089326165981E-014
  2.950800000000000E-008  1.689614297558102E-014
  2.951400000000000E-008  1.601434151957876E-014
  2.952000000000000E-008  1.513549132081255E-014
  2.952600000000000E-008  1.425959480677719E-014
  2.953200000000000E-008  1.338665440529870E-014
  2.953800000000000E-008  1.251667254453894E-014
  2.954400000000000E-008  1.164965165298991E-014
  2.955000000000000E-008  1.078559415948091E-014
  2.955600000000000E-008  9.924502493172608E-015
  2.956200000000000E-008  9.066379083559242E-015
  2.956800000000000E-008  8.211226360470299E-015
  2.957400000000000E-008  7.359046754067615E-015
  2.958000000000000E-008  6.509842694846390E-015
  2.958600000000000E-008  5.663616613634657E-015
  2.959200000000000E-008  4.820370941595543E-015
  2.959799999999999E-008  3.980108110224627E-015
  2.960400000000000E-008  3.142830551351593E-015
  2.961000000000000E-008  2.308540697140270E-015
  2.961600000000000E-008  1.477240980086494E-015
  2.962200000000000E-008  6.489338330212672E-016
  2.962800000000000E-008 -1.763783108929031E-016
  2.963400000000000E-008 -9.986930181578022E-016
  2.964000000000000E-008 -1.818007854943742E-015
  2.964600000000000E-008 -2.634320387085790E-015
  2.965200000000000E-008 -3.447628180085445E-015
  2.965800000000000E-008 -4.257928799111815E-015
  2.966400000000000E-008 -5.065219809000476E-015
  2.967000000000000E-008 -5.869498774252325E-015
  2.967600000000000E-008 -6.670763259035581E-015
  2.968200000000000E-008 -7.469010827185521E-015
  2.968800000000000E-008 -8.264239042201513E-015
  2.969400000000000E-008 -9.056445467251759E-015
  2.970000000000000E-008 -9.845627665169472E-015
  2.970600000000000E-008 -1.063178319845563E-014
  2.971200000000000E-008 -1.141490962927750E-014
  2.971800000000000E-008 -1.219500451946753E-014
  2.972400000000000E-008 -1.297206543052595E-014
  2.973000000000000E-008 -1.374608992361792E-014
  2.973600000000000E-008 -1.451707555957659E-014
  2.974200000000000E-008 -1.528501989890076E-014
  2.974800000000000E-008 -1.604992050175665E-014
  2.975400000000000E-008 -1.681177492797592E-014
  2.976000000000000E-008 -1.757058073705705E-014
  2.976600000000000E-008 -1.832633548816528E-014
  2.977200000000000E-008 -1.907903674013150E-014
  2.977800000000000E-008 -1.982868205145320E-014
  2.978400000000000E-008 -2.057526898029463E-014
  2.979000000000000E-008 -2.131879508448740E-014
  2.979600000000000E-008 -2.205925792152877E-014
  2.980200000000000E-008 -2.279665504858244E-014
  2.980800000000000E-008 -2.353098402247744E-014
  2.981400000000000E-008 -2.426224239971128E-014
  2.982000000000000E-008 -2.499042773644639E-014
  2.982600000000000E-008 -2.571553758851306E-014
  2.983200000000000E-008 -2.643756951140698E-014
  2.983800000000000E-008 -2.715652106029051E-014
  2.984400000000000E-008 -2.787238978999356E-014
  2.985000000000000E-008 -2.858517325500969E-014
  2.985600000000000E-008 -2.929486900950172E-014
  2.986200000000000E-008 -3.000147460729731E-014
  2.986800000000000E-008 -3.070498760189230E-014
  2.987400000000000E-008 -3.140540554644743E-014
  2.987999999999999E-008 -3.210272599379024E-014
  2.988600000000000E-008 -3.279694649641535E-014
  2.989200000000000E-008 -3.348806460648259E-014
  2.989800000000000E-008 -3.417607787581945E-014
  2.990400000000000E-008 -3.486098385591873E-014
  2.990999999999999E-008 -3.554278009794170E-014
  2.991599999999999E-008 -3.622146415271412E-014
  2.992199999999999E-008 -3.689703357072926E-014
  2.992800000000000E-008 -3.756948590214626E-014
  2.993400000000000E-008 -3.823881869679096E-014
  2.994000000000000E-008 -3.890502950415471E-014
  2.994600000000000E-008 -3.956811587339781E-014
  2.995200000000000E-008 -4.022807535334481E-014
  2.995800000000000E-008 -4.088490549248723E-014
  2.996400000000000E-008 -4.153860383898417E-014
  2.997000000000000E-008 -4.218916794065871E-014
  2.997600000000000E-008 -4.283659688071563E-014
  2.998200000000000E-008 -4.348089588733317E-014
  2.998800000000000E-008 -4.412207173082588E-014
  2.999400000000000E-008 -4.476013118854353E-014
  3.000000000000000E-008 -4.539508104487307E-014
  3.000600000000000E-008 -4.602692809123766E-014
  3.001200000000000E-008 -4.665567912609600E-014
  3.001800000000000E-008 -4.728134095494457E-014
  3.002400000000000E-008 -4.790392039031513E-014
  3.003000000000000E-008 -4.852342425177676E-014
  3.003600000000000E-008 -4.913985936593472E-014
  3.004200000000000E-008 -4.975323256643035E-014
  3.004800000000000E-008 -5.036355069394212E-014
  3.005400000000000E-008 -5.097082059618345E-014
  3.006000000000000E-008 -5.157504912790501E-014
  3.006600000000000E-008 -5.217624315089436E-014
  3.007200000000000E-008 -5.277440953397519E-014
  3.007800000000000E-008 -5.336955515300760E-014
  3.008399999999999E-008 -5.396168689088769E-014
  3.009000000000000E-008 -5.455081163754846E-014
  3.009600000000000E-008 -5.513693628995880E-014
  3.010200000000000E-008 -5.572006775212356E-014
  3.010800000000000E-008 -5.630021293508620E-014
  3.011399999999999E-008 -5.687737875692473E-014
  3.011999999999999E-008 -5.745157214275384E-014
  3.012600000000000E-008 -5.802280002472501E-014
  3.013200000000000E-008 -5.859106934202517E-014
  3.013800000000000E-008 -5.915638704087872E-014
  3.014400000000000E-008 -5.971876007454577E-014
  3.015000000000000E-008 -6.027819540332442E-014
  3.015600000000000E-008 -6.083469999454693E-014
  3.016200000000000E-008 -6.138828082258343E-014
  3.016800000000000E-008 -6.193894486883994E-014
  3.017400000000000E-008 -6.248669912175884E-014
  3.018000000000000E-008 -6.303155057681908E-014
  3.018600000000000E-008 -6.357350623653537E-014
  3.019200000000000E-008 -6.411257311046058E-014
  3.019800000000000E-008 -6.464875821518236E-014
  3.020400000000000E-008 -6.518206857432556E-014
  3.021000000000000E-008 -6.571251121855102E-014
  3.021600000000000E-008 -6.624009318555564E-014
  3.022200000000000E-008 -6.676482152007314E-014
  3.022800000000000E-008 -6.728670327387435E-014
  3.023400000000000E-008 -6.780574550576612E-014
  3.024000000000000E-008 -6.832195528159064E-014
  3.024600000000000E-008 -6.883533967422790E-014
  3.025200000000000E-008 -6.934590576359369E-014
  3.025800000000000E-008 -6.985366063663969E-014
  3.026400000000000E-008 -7.035861138735453E-014
  3.027000000000000E-008 -7.086076511676431E-014
  3.027600000000000E-008 -7.136012893292990E-014
  3.028200000000000E-008 -7.185670995094905E-014
  3.028800000000000E-008 -7.235051529295645E-014
  3.029400000000000E-008 -7.284155208812241E-014
  3.030000000000000E-008 -7.332982747265399E-014
  3.030600000000000E-008 -7.381534858979456E-014
  3.031200000000000E-008 -7.429812258982473E-014
  3.031799999999999E-008 -7.477815663006047E-014
  3.032399999999999E-008 -7.525545787485464E-014
  3.033000000000000E-008 -7.573003349559627E-014
  3.033600000000000E-008 -7.620189067071102E-014
  3.034200000000000E-008 -7.667103658566031E-014
  3.034799999999999E-008 -7.713747843294306E-014
  3.035400000000000E-008 -7.760122341209422E-014
  3.036000000000000E-008 -7.806227872968486E-014
  3.036600000000000E-008 -7.852065159932229E-014
  3.037200000000000E-008 -7.897634924165120E-014
  3.037800000000000E-008 -7.942937888435109E-014
  3.038400000000000E-008 -7.987974776213900E-014
  3.039000000000000E-008 -8.032746311676886E-014
  3.039600000000000E-008 -8.077253219702989E-014
  3.040200000000000E-008 -8.121496225874807E-014
  3.040800000000000E-008 -8.165476056478637E-014
  3.041400000000000E-008 -8.209193438504291E-014
  3.042000000000000E-008 -8.252649099645349E-014
  3.042600000000000E-008 -8.295843768298924E-014
  3.043200000000000E-008 -8.338778173565942E-014
  3.043800000000000E-008 -8.381453045250751E-014
  3.044400000000000E-008 -8.423869113861474E-014
  3.045000000000000E-008 -8.466027110609895E-014
  3.045600000000000E-008 -8.507927767411296E-014
  3.046200000000000E-008 -8.549571816884773E-014
  3.046800000000000E-008 -8.590959992352890E-014
  3.047400000000000E-008 -8.632093027842057E-014
  3.048000000000000E-008 -8.672971658082147E-014
  3.048600000000000E-008 -8.713596618506762E-014
  3.049200000000000E-008 -8.753968645253130E-014
  3.049800000000000E-008 -8.794088475162098E-014
  3.050400000000000E-008 -8.833956845778144E-014
  3.051000000000000E-008 -8.873574495349400E-014
  3.051600000000000E-008 -8.912942162827738E-014
  3.052199999999999E-008 -8.952060587868509E-014
  3.052799999999999E-008 -8.990930510830813E-014
  3.053400000000000E-008 -9.029552672777359E-014
  3.054000000000000E-008 -9.067927815474474E-014
  3.054600000000000E-008 -9.106056681392114E-014
  3.055199999999999E-008 -9.143940013703975E-014
  3.055799999999999E-008 -9.181578556287320E-014
  3.056399999999999E-008 -9.218973053723021E-014
  3.057000000000000E-008 -9.256124251295697E-014
  3.057600000000000E-008 -9.293032894993449E-014
  3.058200000000000E-008 -9.329699731508162E-014
  3.058800000000000E-008 -9.366125508235285E-014
  3.059400000000000E-008 -9.402310973273989E-014
  3.060000000000000E-008 -9.438256875426991E-014
  3.060600000000000E-008 -9.473963964200712E-014
  3.061200000000000E-008 -9.509432989805208E-014
  3.061800000000000E-008 -9.544664703154093E-014
  3.062400000000000E-008 -9.579659855864705E-014
  3.063000000000000E-008 -9.614419200258019E-014
  3.063600000000000E-008 -9.648943489358664E-014
  3.064200000000000E-008 -9.683233476894872E-014
  3.064800000000000E-008 -9.717289917298517E-014
  3.065400000000000E-008 -9.751113565705141E-014
  3.066000000000000E-008 -9.784705177953883E-014
  3.066600000000000E-008 -9.818065510587525E-014
  3.067200000000000E-008 -9.851195320852591E-014
  3.067800000000000E-008 -9.884095366699133E-014
  3.068400000000000E-008 -9.916766406780875E-014
  3.069000000000000E-008 -9.949209200455226E-014
  3.069600000000000E-008 -9.981424507783132E-014
  3.070200000000000E-008 -1.001341308952929E-013
  3.070800000000000E-008 -1.004517570716197E-013
  3.071400000000000E-008 -1.007671312285313E-013
  3.072000000000000E-008 -1.010802609947833E-013
  3.072599999999999E-008 -1.013911540061682E-013
  3.073200000000000E-008 -1.016998179055144E-013
  3.073800000000000E-008 -1.020062603426867E-013
  3.074400000000000E-008 -1.023104889745864E-013
  3.075000000000000E-008 -1.026125114651514E-013
  3.075599999999999E-008 -1.029123354853563E-013
  3.076199999999999E-008 -1.032099687132114E-013
  3.076799999999999E-008 -1.035054188337638E-013
  3.077400000000000E-008 -1.037986935390971E-013
  3.078000000000000E-008 -1.040898005283309E-013
  3.078600000000000E-008 -1.043787475076214E-013
  3.079200000000000E-008 -1.046655421901611E-013
  3.079800000000000E-008 -1.049501922961798E-013
  3.080400000000000E-008 -1.052327055529424E-013
  3.081000000000000E-008 -1.055130896947510E-013
  3.081600000000000E-008 -1.057913524629442E-013
  3.082200000000000E-008 -1.060675016058961E-013
  3.082800000000000E-008 -1.063415448790180E-013
  3.083400000000000E-008 -1.066134900447576E-013
  3.084000000000000E-008 -1.068833448725988E-013
  3.084600000000000E-008 -1.071511171390621E-013
  3.085200000000000E-008 -1.074168146277043E-013
  3.085800000000000E-008 -1.076804451291181E-013
  3.086400000000000E-008 -1.079420164409333E-013
  3.087000000000000E-008 -1.082015363678159E-013
  3.087600000000000E-008 -1.084590127214685E-013
  3.088200000000000E-008 -1.087144533206297E-013
  3.088800000000000E-008 -1.089678659910749E-013
  3.089400000000000E-008 -1.092192585656156E-013
  3.090000000000000E-008 -1.094686388841000E-013
  3.090600000000000E-008 -1.097160147934120E-013
  3.091200000000000E-008 -1.099613941474729E-013
  3.091800000000000E-008 -1.102047848072402E-013
  3.092400000000000E-008 -1.104461946407070E-013
  3.092999999999999E-008 -1.106856315229038E-013
  3.093600000000000E-008 -1.109231033358970E-013
  3.094200000000000E-008 -1.111586179687895E-013
  3.094800000000000E-008 -1.113921833177203E-013
  3.095400000000000E-008 -1.116238072858657E-013
  3.095999999999999E-008 -1.118534977834374E-013
  3.096599999999999E-008 -1.120812627276842E-013
  3.097199999999999E-008 -1.123071100428908E-013
  3.097800000000000E-008 -1.125310476603786E-013
  3.098400000000000E-008 -1.127530835185056E-013
  3.098999999999999E-008 -1.129732255626655E-013
  3.099600000000000E-008 -1.131914817452895E-013
  3.100200000000000E-008 -1.134078600258441E-013
  3.100800000000000E-008 -1.136223683708329E-013
  3.101400000000000E-008 -1.138350147537961E-013
  3.102000000000000E-008 -1.140458071553090E-013
  3.102600000000000E-008 -1.142547535629850E-013
  3.103200000000000E-008 -1.144618619714729E-013
  3.103800000000000E-008 -1.146671403824580E-013
  3.104400000000000E-008 -1.148705968046625E-013
  3.105000000000000E-008 -1.150722392538443E-013
  3.105600000000000E-008 -1.152720757527985E-013
  3.106200000000000E-008 -1.154701143313560E-013
  3.106800000000000E-008 -1.156663630263839E-013
  3.107400000000000E-008 -1.158608298817865E-013
  3.108000000000000E-008 -1.160535229485040E-013
  3.108600000000000E-008 -1.162444502845134E-013
  3.109200000000000E-008 -1.164336199548277E-013
  3.109800000000000E-008 -1.166210400314962E-013
  3.110400000000000E-008 -1.168067185936050E-013
  3.111000000000000E-008 -1.169906637272763E-013
  3.111600000000000E-008 -1.171728835256693E-013
  3.112200000000000E-008 -1.173533860889791E-013
  3.112800000000000E-008 -1.175321795244367E-013
  3.113400000000000E-008 -1.177092719463108E-013
  3.114000000000000E-008 -1.178846714759054E-013
  3.114600000000000E-008 -1.180583862415615E-013
  3.115200000000000E-008 -1.182304243786560E-013
  3.115800000000000E-008 -1.184007940296031E-013
  3.116399999999999E-008 -1.185695033438525E-013
  3.116999999999999E-008 -1.187365604778906E-013
  3.117600000000000E-008 -1.189019735952406E-013
  3.118200000000000E-008 -1.190657508664613E-013
  3.118800000000000E-008 -1.192279004691487E-013
  3.119399999999999E-008 -1.193884305879347E-013
  3.119999999999999E-008 -1.195473494144881E-013
  3.120600000000000E-008 -1.197046651475134E-013
  3.121200000000000E-008 -1.198603859927522E-013
  3.121800000000000E-008 -1.200145201629824E-013
  3.122400000000000E-008 -1.201670758780176E-013
  3.123000000000000E-008 -1.203180613647087E-013
  3.123600000000000E-008 -1.204674848569426E-013
  3.124200000000000E-008 -1.206153545956428E-013
  3.124800000000000E-008 -1.207616788287687E-013
  3.125400000000000E-008 -1.209064658113169E-013
  3.126000000000000E-008 -1.210497238053200E-013
  3.126600000000000E-008 -1.211914610798467E-013
  3.127200000000000E-008 -1.213316859110024E-013
  3.127800000000000E-008 -1.214704065819291E-013
  3.128400000000000E-008 -1.216076313828049E-013
  3.129000000000000E-008 -1.217433686108447E-013
  3.129600000000000E-008 -1.218776265702995E-013
  3.130200000000000E-008 -1.220104135724564E-013
  3.130800000000000E-008 -1.221417379356395E-013
  3.131400000000000E-008 -1.222716079852092E-013
  3.132000000000000E-008 -1.224000320535620E-013
  3.132600000000000E-008 -1.225270184801310E-013
  3.133200000000000E-008 -1.226525756113859E-013
  3.133800000000000E-008 -1.227767118008323E-013
  3.134400000000000E-008 -1.228994354090129E-013
  3.135000000000000E-008 -1.230207548035062E-013
  3.135600000000000E-008 -1.231406783589272E-013
  3.136200000000000E-008 -1.232592144569278E-013
  3.136799999999999E-008 -1.233763714861958E-013
  3.137399999999999E-008 -1.234921578424554E-013
  3.138000000000000E-008 -1.236065819284676E-013
  3.138600000000000E-008 -1.237196521540296E-013
  3.139200000000000E-008 -1.238313769359747E-013
  3.139800000000000E-008 -1.239417646981732E-013
  3.140399999999999E-008 -1.240508238715317E-013
  3.140999999999999E-008 -1.241585628939926E-013
  3.141599999999999E-008 -1.242649902105352E-013
  3.142200000000000E-008 -1.243701142731754E-013
  3.142800000000000E-008 -1.244739435409651E-013
  3.143400000000000E-008 -1.245764864799927E-013
  3.144000000000000E-008 -1.246777515633830E-013
  3.144600000000000E-008 -1.247777472712976E-013
  3.145200000000000E-008 -1.248764820909338E-013
  3.145800000000000E-008 -1.249739645165262E-013
  3.146400000000000E-008 -1.250702030493449E-013
  3.147000000000000E-008 -1.251652061976967E-013
  3.147600000000000E-008 -1.252589824769254E-013
  3.148200000000000E-008 -1.253515404094103E-013
  3.148800000000000E-008 -1.254428885245678E-013
  3.149400000000000E-008 -1.255330353588505E-013
  3.150000000000000E-008 -1.256219894557473E-013
  3.150600000000000E-008 -1.257097593657833E-013
  3.151200000000000E-008 -1.257963536465207E-013
  3.151800000000000E-008 -1.258817808625574E-013
  3.152400000000000E-008 -1.259660495855282E-013
  3.153000000000000E-008 -1.260491683941040E-013
  3.153600000000000E-008 -1.261311458739922E-013
  3.154200000000000E-008 -1.262119906179365E-013
  3.154800000000000E-008 -1.262917112257177E-013
  3.155400000000000E-008 -1.263703163041517E-013
  3.156000000000000E-008 -1.264478144670920E-013
  3.156600000000000E-008 -1.265242143354281E-013
  3.157199999999999E-008 -1.265995245370857E-013
  3.157800000000000E-008 -1.266737537070271E-013
  3.158400000000000E-008 -1.267469104872508E-013
  3.159000000000000E-008 -1.268190035267925E-013
  3.159600000000000E-008 -1.268900414817232E-013
  3.160200000000000E-008 -1.269600330151509E-013
  3.160799999999999E-008 -1.270289867972201E-013
  3.161399999999999E-008 -1.270969115051113E-013
  3.162000000000000E-008 -1.271638158230420E-013
  3.162600000000000E-008 -1.272297084422655E-013
  3.163200000000000E-008 -1.272945980610717E-013
  3.163800000000000E-008 -1.273584933847869E-013
  3.164400000000000E-008 -1.274214031257743E-013
  3.165000000000000E-008 -1.274833360034330E-013
  3.165600000000000E-008 -1.275443007441983E-013
  3.166200000000000E-008 -1.276043060815425E-013
  3.166800000000000E-008 -1.276633607559740E-013
  3.167400000000000E-008 -1.277214735150373E-013
  3.168000000000000E-008 -1.277786531133140E-013
  3.168600000000000E-008 -1.278349083124216E-013
  3.169200000000000E-008 -1.278902478810144E-013
  3.169800000000000E-008 -1.279446805947824E-013
  3.170400000000000E-008 -1.279982152364531E-013
  3.171000000000000E-008 -1.280508605957892E-013
  3.171600000000000E-008 -1.281026254695907E-013
  3.172200000000000E-008 -1.281535186616935E-013
  3.172800000000000E-008 -1.282035489829704E-013
  3.173400000000000E-008 -1.282527252513302E-013
  3.174000000000000E-008 -1.283010562917183E-013
  3.174600000000000E-008 -1.283485509361162E-013
  3.175200000000000E-008 -1.283952180235424E-013
  3.175800000000000E-008 -1.284410664000513E-013
  3.176400000000000E-008 -1.284861049187339E-013
  3.177000000000000E-008 -1.285303424397172E-013
  3.177599999999999E-008 -1.285737878301658E-013
  3.178200000000000E-008 -1.286164499642791E-013
  3.178800000000000E-008 -1.286583377232941E-013
  3.179400000000000E-008 -1.286994599954838E-013
  3.180000000000000E-008 -1.287398256761577E-013
  3.180600000000000E-008 -1.287794436676614E-013
  3.181199999999999E-008 -1.288183228793773E-013
  3.181799999999999E-008 -1.288564722277239E-013
  3.182400000000000E-008 -1.288939006361567E-013
  3.183000000000000E-008 -1.289306170351667E-013
  3.183600000000000E-008 -1.289666303622818E-013
  3.184199999999999E-008 -1.290019495620667E-013
  3.184800000000000E-008 -1.290365835861217E-013
  3.185400000000000E-008 -1.290705413930842E-013
  3.186000000000000E-008 -1.291038319486274E-013
  3.186600000000000E-008 -1.291364642254616E-013
  3.187200000000000E-008 -1.291684472033326E-013
  3.187800000000000E-008 -1.291997898690239E-013
  3.188400000000000E-008 -1.292305012163541E-013
  3.189000000000000E-008 -1.292605902461790E-013
  3.189600000000000E-008 -1.292900659663903E-013
  3.190200000000000E-008 -1.293189373919167E-013
  3.190800000000000E-008 -1.293472135447229E-013
  3.191400000000000E-008 -1.293749034538099E-013
  3.192000000000000E-008 -1.294020161552157E-013
  3.192600000000000E-008 -1.294285606920143E-013
  3.193200000000000E-008 -1.294545461143156E-013
  3.193800000000000E-008 -1.294799814792670E-013
  3.194400000000000E-008 -1.295048758510514E-013
  3.195000000000000E-008 -1.295292383008887E-013
  3.195600000000000E-008 -1.295530779070349E-013
  3.196200000000000E-008 -1.295764037547824E-013
  3.196800000000000E-008 -1.295992249364601E-013
  3.197400000000000E-008 -1.296215505514335E-013
  3.197999999999999E-008 -1.296433897061039E-013
  3.198600000000000E-008 -1.296647515139098E-013
  3.199200000000000E-008 -1.296856450953255E-013
  3.199800000000000E-008 -1.297060795778621E-013
  3.200400000000000E-008 -1.297260640960669E-013
  3.201000000000000E-008 -1.297456077915234E-013
  3.201599999999999E-008 -1.297647198128521E-013
  3.202200000000000E-008 -1.297834093157095E-013
  3.202800000000000E-008 -1.298016854627884E-013
  3.203400000000000E-008 -1.298195574238185E-013
  3.204000000000000E-008 -1.298370343755654E-013
  3.204599999999999E-008 -1.298541255018311E-013
  3.205199999999999E-008 -1.298708399934546E-013
  3.205799999999999E-008 -1.298871870483108E-013
  3.206400000000000E-008 -1.299031758713110E-013
  3.207000000000000E-008 -1.299188156744032E-013
  3.207600000000000E-008 -1.299341156765715E-013
  3.208200000000000E-008 -1.299490851038370E-013
  3.208800000000000E-008 -1.299637331892560E-013
  3.209400000000000E-008 -1.299780691729227E-013
  3.210000000000000E-008 -1.299921023019666E-013
  3.210600000000000E-008 -1.300058418305541E-013
  3.211200000000000E-008 -1.300192970198879E-013
  3.211800000000000E-008 -1.300324771382073E-013
  3.212400000000000E-008 -1.300453914607878E-013
  3.213000000000000E-008 -1.300580492699408E-013
  3.213600000000000E-008 -1.300704598550153E-013
  3.214200000000000E-008 -1.300826325123957E-013
  3.214800000000000E-008 -1.300945765455034E-013
  3.215400000000000E-008 -1.301063012647958E-013
  3.216000000000000E-008 -1.301178159877669E-013
  3.216600000000000E-008 -1.301291300389472E-013
  3.217200000000000E-008 -1.301402527499034E-013
  3.217800000000000E-008 -1.301511934592389E-013
  3.218400000000000E-008 -1.301619615125928E-013
  3.219000000000000E-008 -1.301725662626418E-013
  3.219600000000000E-008 -1.301830170690979E-013
  3.220200000000000E-008 -1.301933232987102E-013
  3.220800000000000E-008 -1.302034943252639E-013
  3.221400000000000E-008 -1.302135395295804E-013
  3.221999999999999E-008 -1.302234682995182E-013
  3.222600000000000E-008 -1.302332900299715E-013
  3.223200000000000E-008 -1.302430141228713E-013
  3.223800000000000E-008 -1.302526499871849E-013
  3.224400000000000E-008 -1.302622070389158E-013
  3.224999999999999E-008 -1.302716947011046E-013
  3.225599999999999E-008 -1.302811224038274E-013
  3.226199999999999E-008 -1.302904995841975E-013
  3.226800000000000E-008 -1.302998356863637E-013
  3.227400000000000E-008 -1.303091401615123E-013
  3.228000000000000E-008 -1.303184224678653E-013
  3.228600000000000E-008 -1.303276920706811E-013
  3.229200000000000E-008 -1.303369584422550E-013
  3.229800000000000E-008 -1.303462310619183E-013
  3.230400000000000E-008 -1.303555194160384E-013
  3.231000000000000E-008 -1.303648329980203E-013
  3.231600000000000E-008 -1.303741813083040E-013
  3.232200000000000E-008 -1.303835738543666E-013
  3.232800000000000E-008 -1.303930201507219E-013
  3.233400000000000E-008 -1.304025297189194E-013
  3.234000000000000E-008 -1.304121120875455E-013
  3.234600000000000E-008 -1.304217767922228E-013
  3.235200000000000E-008 -1.304315333756106E-013
  3.235800000000000E-008 -1.304413913874040E-013
  3.236400000000000E-008 -1.304513603843352E-013
  3.237000000000000E-008 -1.304614499301726E-013
  3.237600000000000E-008 -1.304716695957206E-013
  3.238200000000000E-008 -1.304820289588204E-013
  3.238800000000000E-008 -1.304925376043499E-013
  3.239400000000000E-008 -1.305032051242226E-013
  3.240000000000000E-008 -1.305140411173891E-013
  3.240600000000000E-008 -1.305250551898359E-013
  3.241200000000000E-008 -1.305362569545865E-013
  3.241800000000000E-008 -1.305476560317005E-013
  3.242399999999999E-008 -1.305592620482734E-013
  3.243000000000000E-008 -1.305710846384382E-013
  3.243600000000000E-008 -1.305831334433633E-013
  3.244200000000000E-008 -1.305954181112542E-013
  3.244800000000000E-008 -1.306079482973523E-013
  3.245399999999999E-008 -1.306207336639358E-013
  3.245999999999999E-008 -1.306337838803191E-013
  3.246600000000000E-008 -1.306471086228528E-013
  3.247200000000000E-008 -1.306607175749247E-013
  3.247800000000000E-008 -1.306746204269580E-013
  3.248399999999999E-008 -1.306888268764131E-013
  3.249000000000000E-008 -1.307033466277863E-013
  3.249600000000000E-008 -1.307181893926106E-013
  3.250200000000000E-008 -1.307333648894552E-013
  3.250800000000000E-008 -1.307488828439262E-013
  3.251400000000000E-008 -1.307647529886650E-013
  3.252000000000000E-008 -1.307809850633510E-013
  3.252600000000000E-008 -1.307975888146985E-013
  3.253200000000000E-008 -1.308145739964591E-013
  3.253800000000000E-008 -1.308319503694206E-013
  3.254400000000000E-008 -1.308497277014072E-013
  3.255000000000000E-008 -1.308679157672793E-013
  3.255600000000000E-008 -1.308865243489340E-013
  3.256200000000000E-008 -1.309055632353048E-013
  3.256800000000000E-008 -1.309250422223613E-013
  3.257400000000000E-008 -1.309449711131099E-013
  3.258000000000000E-008 -1.309653597175934E-013
  3.258600000000000E-008 -1.309862178528905E-013
  3.259200000000000E-008 -1.310075553431167E-013
  3.259800000000000E-008 -1.310293820194242E-013
  3.260400000000000E-008 -1.310517077200009E-013
  3.261000000000000E-008 -1.310745422900716E-013
  3.261600000000000E-008 -1.310978955818974E-013
  3.262200000000000E-008 -1.311217774547757E-013
  3.262800000000000E-008 -1.311461977750407E-013
  3.263400000000000E-008 -1.311711664160623E-013
  3.264000000000000E-008 -1.311966932582475E-013
  3.264600000000000E-008 -1.312227881890394E-013
  3.265200000000000E-008 -1.312494611029177E-013
  3.265799999999999E-008 -1.312767219013979E-013
  3.266399999999999E-008 -1.313045804930329E-013
  3.267000000000000E-008 -1.313330467934111E-013
  3.267600000000000E-008 -1.313621307251577E-013
  3.268200000000000E-008 -1.313918422179345E-013
  3.268799999999999E-008 -1.314221912084393E-013
  3.269399999999999E-008 -1.314531876404066E-013
  3.270000000000000E-008 -1.314848414646074E-013
  3.270600000000000E-008 -1.315171626388485E-013
  3.271200000000000E-008 -1.315501611279740E-013
  3.271800000000000E-008 -1.315838469038637E-013
  3.272400000000000E-008 -1.316182299454340E-013
  3.273000000000000E-008 -1.316533202386378E-013
  3.273600000000000E-008 -1.316891277764646E-013
  3.274200000000000E-008 -1.317256625589398E-013
  3.274800000000000E-008 -1.317629345931256E-013
  3.275400000000000E-008 -1.318009538931206E-013
  3.276000000000000E-008 -1.318397304800596E-013
  3.276600000000000E-008 -1.318792743821137E-013
  3.277200000000000E-008 -1.319195956344912E-013
  3.277800000000000E-008 -1.319607042794357E-013
  3.278400000000000E-008 -1.320026103662281E-013
  3.279000000000000E-008 -1.320453239511852E-013
  3.279600000000000E-008 -1.320888550976603E-013
  3.280200000000000E-008 -1.321332138760432E-013
  3.280800000000000E-008 -1.321784103637603E-013
  3.281400000000000E-008 -1.322244546452741E-013
  3.282000000000000E-008 -1.322713568120834E-013
  3.282600000000000E-008 -1.323191269627238E-013
  3.283200000000000E-008 -1.323677752027673E-013
  3.283800000000000E-008 -1.324173116448216E-013
  3.284400000000000E-008 -1.324677464085318E-013
  3.285000000000000E-008 -1.325190896205787E-013
  3.285600000000000E-008 -1.325713514146800E-013
  3.286199999999999E-008 -1.326245419315894E-013
  3.286799999999999E-008 -1.326786713190972E-013
  3.287400000000000E-008 -1.327337497320302E-013
  3.288000000000000E-008 -1.327897873322512E-013
  3.288600000000000E-008 -1.328467942886600E-013
  3.289199999999999E-008 -1.329047807771925E-013
  3.289799999999999E-008 -1.329637569808211E-013
  3.290399999999999E-008 -1.330237330895542E-013
  3.291000000000000E-008 -1.330847193004372E-013
  3.291600000000000E-008 -1.331467258175514E-013
  3.292200000000000E-008 -1.332097628520151E-013
  3.292800000000000E-008 -1.332738406219825E-013
  3.293400000000000E-008 -1.333389693526444E-013
  3.294000000000000E-008 -1.334051592762280E-013
  3.294600000000000E-008 -1.334724206319970E-013
  3.295200000000000E-008 -1.335407636662511E-013
  3.295800000000000E-008 -1.336101986323271E-013
  3.296400000000000E-008 -1.336807357905974E-013
  3.297000000000000E-008 -1.337523854084718E-013
  3.297600000000000E-008 -1.338251556437768E-013
  3.298200000000000E-008 -1.338990461918231E-013
  3.298800000000000E-008 -1.339740546298749E-013
  3.299400000000000E-008 -1.340501785329972E-013
  3.300000000000000E-008 -1.341274154740575E-013
  3.300600000000000E-008 -1.342057630237252E-013
  3.301200000000000E-008 -1.342852187504716E-013
  3.301800000000000E-008 -1.343657802205700E-013
  3.302400000000000E-008 -1.344474449980957E-013
  3.303000000000000E-008 -1.345302106449254E-013
  3.303600000000000E-008 -1.346140747207386E-013
  3.304200000000000E-008 -1.346990347830159E-013
  3.304800000000000E-008 -1.347850883870406E-013
  3.305400000000000E-008 -1.348722330858972E-013
  3.306000000000000E-008 -1.349604664304728E-013
  3.306599999999999E-008 -1.350497859694559E-013
  3.307200000000000E-008 -1.351401892493371E-013
  3.307800000000000E-008 -1.352316738144091E-013
  3.308400000000000E-008 -1.353242372067665E-013
  3.309000000000000E-008 -1.354178769663055E-013
  3.309599999999999E-008 -1.355125906307247E-013
  3.310199999999999E-008 -1.356083757355245E-013
  3.310799999999999E-008 -1.357052298140069E-013
  3.311400000000000E-008 -1.358031503972763E-013
  3.312000000000000E-008 -1.359021350142386E-013
  3.312600000000000E-008 -1.360021811916021E-013
  3.313200000000000E-008 -1.361032864538766E-013
  3.313800000000000E-008 -1.362054483233742E-013
  3.314400000000000E-008 -1.363086643202087E-013
  3.315000000000000E-008 -1.364129319622958E-013
  3.315600000000000E-008 -1.365182487653534E-013
  3.316200000000000E-008 -1.366246122429012E-013
  3.316800000000000E-008 -1.367320199062603E-013
  3.317400000000000E-008 -1.368404692645547E-013
  3.318000000000000E-008 -1.369499578247100E-013
  3.318600000000000E-008 -1.370604830914532E-013
  3.319200000000000E-008 -1.371720425673138E-013
  3.319800000000000E-008 -1.372846337526232E-013
  3.320400000000000E-008 -1.373982541455145E-013
  3.321000000000000E-008 -1.375129012419225E-013
  3.321600000000000E-008 -1.376285725355850E-013
  3.322200000000000E-008 -1.377452655180405E-013
  3.322800000000000E-008 -1.378629776786298E-013
  3.323400000000000E-008 -1.379817065044963E-013
  3.324000000000000E-008 -1.381014494805844E-013
  3.324600000000000E-008 -1.382222040896409E-013
  3.325200000000000E-008 -1.383439678122147E-013
  3.325800000000000E-008 -1.384667381266561E-013
  3.326400000000000E-008 -1.385905125091179E-013
  3.326999999999999E-008 -1.387152884335544E-013
  3.327600000000000E-008 -1.388410633717223E-013
  3.328200000000000E-008 -1.389678347931797E-013
  3.328800000000000E-008 -1.390956001652867E-013
  3.329400000000000E-008 -1.392243569532061E-013
  3.329999999999999E-008 -1.393541026199013E-013
  3.330599999999999E-008 -1.394848346261391E-013
  3.331199999999999E-008 -1.396165504304871E-013
  3.331800000000000E-008 -1.397492474893155E-013
  3.332400000000000E-008 -1.398829232567960E-013
  3.333000000000000E-008 -1.400175751849024E-013
  3.333599999999999E-008 -1.401532007234104E-013
  3.334200000000000E-008 -1.402897973198980E-013
  3.334800000000000E-008 -1.404273624197446E-013
  3.335400000000000E-008 -1.405658934661320E-013
  3.336000000000000E-008 -1.407053879000434E-013
  3.336600000000000E-008 -1.408458431602641E-013
  3.337200000000000E-008 -1.409872566833818E-013
  3.337800000000000E-008 -1.411296259037859E-013
  3.338400000000000E-008 -1.412729482536672E-013
  3.339000000000000E-008 -1.414172211630194E-013
  3.339600000000000E-008 -1.415624420596372E-013
  3.340200000000000E-008 -1.417086083691175E-013
  3.340800000000000E-008 -1.418557175148596E-013
  3.341400000000000E-008 -1.420037669180642E-013
  3.342000000000000E-008 -1.421527539977344E-013
  3.342600000000000E-008 -1.423026761706747E-013
  3.343200000000000E-008 -1.424535308514920E-013
  3.343800000000000E-008 -1.426053154525949E-013
  3.344400000000000E-008 -1.427580273841938E-013
  3.345000000000000E-008 -1.429116640543012E-013
  3.345600000000000E-008 -1.430662228687320E-013
  3.346200000000000E-008 -1.432217012311019E-013
  3.346800000000000E-008 -1.433780965428297E-013
  3.347399999999999E-008 -1.435354062031356E-013
  3.348000000000000E-008 -1.436936276090418E-013
  3.348600000000000E-008 -1.438527581553720E-013
  3.349200000000000E-008 -1.440127952347525E-013
  3.349800000000000E-008 -1.441737362376115E-013
  3.350399999999999E-008 -1.443355785521787E-013
  3.350999999999999E-008 -1.444983195644859E-013
  3.351600000000000E-008 -1.446619566583673E-013
  3.352200000000000E-008 -1.448264872154580E-013
  3.352800000000000E-008 -1.449919086151960E-013
  3.353400000000000E-008 -1.451582182348208E-013
  3.353999999999999E-008 -1.453254134493739E-013
  3.354599999999999E-008 -1.454934916316988E-013
  3.355199999999999E-008 -1.456624501524412E-013
  3.355800000000000E-008 -1.458322863800480E-013
  3.356400000000000E-008 -1.460029976807684E-013
  3.357000000000000E-008 -1.461745814186539E-013
  3.357600000000000E-008 -1.463470349555575E-013
  3.358200000000000E-008 -1.465203556511343E-013
  3.358800000000000E-008 -1.466945408628412E-013
  3.359400000000000E-008 -1.468695879459372E-013
  3.360000000000000E-008 -1.470454942534831E-013
  3.360600000000000E-008 -1.472222571363419E-013
  3.361200000000000E-008 -1.473998739431778E-013
  3.361800000000000E-008 -1.475783420204582E-013
  3.362400000000000E-008 -1.477576587124513E-013
  3.363000000000000E-008 -1.479378213612276E-013
  3.363600000000000E-008 -1.481188273066598E-013
  3.364200000000000E-008 -1.483006738864221E-013
  3.364800000000000E-008 -1.484833584359908E-013
  3.365400000000000E-008 -1.486668782886441E-013
  3.366000000000000E-008 -1.488512307754625E-013
  3.366600000000000E-008 -1.490364132253283E-013
  3.367200000000000E-008 -1.492224229649250E-013
  3.367800000000000E-008 -1.494092573187390E-013
  3.368400000000000E-008 -1.495969136090582E-013
  3.369000000000000E-008 -1.497853891559721E-013
  3.369600000000000E-008 -1.499746812773730E-013
  3.370200000000000E-008 -1.501647872889545E-013
  3.370799999999999E-008 -1.503557045042123E-013
  3.371399999999999E-008 -1.505474302344438E-013
  3.372000000000000E-008 -1.507399617887491E-013
  3.372600000000000E-008 -1.509332964740290E-013
  3.373200000000000E-008 -1.511274315949871E-013
  3.373800000000000E-008 -1.513223644541288E-013
  3.374399999999999E-008 -1.515180923517618E-013
  3.374999999999999E-008 -1.517146125859947E-013
  3.375599999999999E-008 -1.519119224527391E-013
  3.376200000000000E-008 -1.521100192457081E-013
  3.376800000000000E-008 -1.523089002564162E-013
  3.377400000000000E-008 -1.525085627741806E-013
  3.378000000000000E-008 -1.527090040861204E-013
  3.378600000000000E-008 -1.529102214771563E-013
  3.379200000000000E-008 -1.531122122300111E-013
  3.379800000000000E-008 -1.533149736252097E-013
  3.380400000000000E-008 -1.535185029410782E-013
  3.381000000000000E-008 -1.537227974537455E-013
  3.381600000000000E-008 -1.539278544371419E-013
  3.382200000000000E-008 -1.541336711630001E-013
  3.382800000000000E-008 -1.543402449008543E-013
  3.383400000000000E-008 -1.545475729180410E-013
  3.384000000000000E-008 -1.547556524796982E-013
  3.384600000000000E-008 -1.549644808487661E-013
  3.385200000000000E-008 -1.551740552859866E-013
  3.385800000000000E-008 -1.553843730499042E-013
  3.386400000000000E-008 -1.555954313968646E-013
  3.387000000000000E-008 -1.558072275810158E-013
  3.387600000000000E-008 -1.560197588543077E-013
  3.388200000000000E-008 -1.562330224664919E-013
  3.388800000000000E-008 -1.564470156651222E-013
  3.389400000000000E-008 -1.566617356955539E-013
  3.390000000000000E-008 -1.568771798009451E-013
  3.390600000000000E-008 -1.570933452222550E-013
  3.391199999999999E-008 -1.573102291982452E-013
  3.391799999999999E-008 -1.575278289654791E-013
  3.392400000000000E-008 -1.577461417583221E-013
  3.393000000000000E-008 -1.579651648089409E-013
  3.393600000000000E-008 -1.581848953473051E-013
  3.394200000000000E-008 -1.584053306011858E-013
  3.394799999999999E-008 -1.586264677961559E-013
  3.395399999999999E-008 -1.588483041555908E-013
  3.396000000000000E-008 -1.590708369006671E-013
  3.396600000000000E-008 -1.592940632503637E-013
  3.397200000000000E-008 -1.595179804214610E-013
  3.397799999999999E-008 -1.597425856285423E-013
  3.398400000000000E-008 -1.599678760839919E-013
  3.399000000000000E-008 -1.601938489979967E-013
  3.399600000000000E-008 -1.604205015785449E-013
  3.400200000000000E-008 -1.606478310314275E-013
  3.400800000000000E-008 -1.608758345602361E-013
  3.401400000000000E-008 -1.611045093663654E-013
  3.402000000000000E-008 -1.613338526490116E-013
  3.402600000000000E-008 -1.615638616051733E-013
  3.403200000000000E-008 -1.617945334296501E-013
  3.403800000000000E-008 -1.620258653150442E-013
  3.404400000000000E-008 -1.622578544517601E-013
  3.405000000000000E-008 -1.624904980280029E-013
  3.405600000000000E-008 -1.627237932297808E-013
  3.406200000000000E-008 -1.629577372409038E-013
  3.406800000000000E-008 -1.631923272429835E-013
  3.407400000000000E-008 -1.634275604154335E-013
  3.408000000000000E-008 -1.636634339354697E-013
  3.408600000000000E-008 -1.638999449781093E-013
  3.409200000000000E-008 -1.641370907161717E-013
  3.409800000000000E-008 -1.643748683202785E-013
  3.410400000000000E-008 -1.646132749588529E-013
  3.411000000000000E-008 -1.648523077981205E-013
  3.411600000000000E-008 -1.650919640021083E-013
  3.412200000000000E-008 -1.653322407326456E-013
  3.412800000000000E-008 -1.655731351493630E-013
  3.413400000000000E-008 -1.658146444096938E-013
  3.414000000000000E-008 -1.660567656688731E-013
  3.414600000000000E-008 -1.662994960799376E-013
  3.415199999999999E-008 -1.665428327937263E-013
  3.415799999999999E-008 -1.667867729588798E-013
  3.416400000000000E-008 -1.670313137218407E-013
  3.417000000000000E-008 -1.672764522268538E-013
  3.417600000000000E-008 -1.675221856159653E-013
  3.418199999999999E-008 -1.677685110290241E-013
  3.418799999999999E-008 -1.680154256036806E-013
  3.419400000000000E-008 -1.682629264753869E-013
  3.420000000000000E-008 -1.685110107773975E-013
  3.420600000000000E-008 -1.687596756407684E-013
  3.421200000000000E-008 -1.690089181943580E-013
  3.421800000000000E-008 -1.692587355648260E-013
  3.422400000000000E-008 -1.695091248766349E-013
  3.423000000000000E-008 -1.697600832520484E-013
  3.423600000000000E-008 -1.700116078111324E-013
  3.424200000000000E-008 -1.702636956717550E-013
  3.424800000000000E-008 -1.705163439495856E-013
  3.425400000000000E-008 -1.707695497580958E-013
  3.426000000000000E-008 -1.710233102085595E-013
  3.426600000000000E-008 -1.712776224100525E-013
  3.427200000000000E-008 -1.715324834694518E-013
  3.427800000000000E-008 -1.717878904914371E-013
  3.428400000000000E-008 -1.720438405784898E-013
  3.429000000000000E-008 -1.723003308308931E-013
  3.429600000000000E-008 -1.725573583467321E-013
  3.430200000000000E-008 -1.728149202218941E-013
  3.430800000000000E-008 -1.730730135500685E-013
  3.431400000000000E-008 -1.733316354227460E-013
  3.432000000000000E-008 -1.735907829292194E-013
  3.432600000000000E-008 -1.738504531565842E-013
  3.433200000000000E-008 -1.741106431897367E-013
  3.433800000000000E-008 -1.743713501113755E-013
  3.434400000000000E-008 -1.746325710020021E-013
  3.435000000000000E-008 -1.748943029399185E-013
  3.435599999999999E-008 -1.751565430012296E-013
  3.436199999999999E-008 -1.754192882598417E-013
  3.436800000000000E-008 -1.756825357874636E-013
  3.437400000000000E-008 -1.759462826536053E-013
  3.438000000000000E-008 -1.762105259255789E-013
  3.438599999999999E-008 -1.764752626684992E-013
  3.439199999999999E-008 -1.767404899452822E-013
  3.439799999999999E-008 -1.770062048166460E-013
  3.440400000000000E-008 -1.772724043411109E-013
  3.441000000000000E-008 -1.775390855749983E-013
  3.441600000000000E-008 -1.778062455724323E-013
  3.442200000000000E-008 -1.780738813853390E-013
  3.442800000000000E-008 -1.783419900634462E-013
  3.443400000000000E-008 -1.786105686542835E-013
  3.444000000000000E-008 -1.788796142031825E-013
  3.444600000000000E-008 -1.791491237532771E-013
  3.445200000000000E-008 -1.794190943455022E-013
  3.445800000000000E-008 -1.796895230185957E-013
  3.446400000000000E-008 -1.799604068090969E-013
  3.447000000000000E-008 -1.802317427513473E-013
  3.447600000000000E-008 -1.805035278774900E-013
  3.448200000000000E-008 -1.807757592174700E-013
  3.448800000000000E-008 -1.810484337990352E-013
  3.449400000000000E-008 -1.813215486477336E-013
  3.450000000000000E-008 -1.815951007869167E-013
  3.450600000000000E-008 -1.818690872377375E-013
  3.451200000000000E-008 -1.821435050191510E-013
  3.451800000000000E-008 -1.824183511479136E-013
  3.452400000000000E-008 -1.826936226385846E-013
  3.453000000000000E-008 -1.829693165035240E-013
  3.453600000000000E-008 -1.832454297528948E-013
  3.454200000000000E-008 -1.835219593946612E-013
  3.454800000000000E-008 -1.837989024345902E-013
  3.455400000000000E-008 -1.840762558762499E-013
  3.455999999999999E-008 -1.843540167210107E-013
  3.456600000000000E-008 -1.846321819680450E-013
  3.457200000000000E-008 -1.849107486143267E-013
  3.457800000000000E-008 -1.851897136546319E-013
  3.458400000000000E-008 -1.854690740815391E-013
  3.458999999999999E-008 -1.857488268854280E-013
  3.459599999999999E-008 -1.860289690544808E-013
  3.460199999999999E-008 -1.863094975746811E-013
  3.460800000000000E-008 -1.865904094298151E-013
  3.461400000000000E-008 -1.868717016014701E-013
  3.462000000000000E-008 -1.871533710690358E-013
  3.462600000000000E-008 -1.874354148097041E-013
  3.463200000000000E-008 -1.877178297984685E-013
  3.463800000000000E-008 -1.880006130081245E-013
  3.464400000000000E-008 -1.882837614092694E-013
  3.465000000000000E-008 -1.885672719703028E-013
  3.465600000000000E-008 -1.888511416574255E-013
  3.466200000000000E-008 -1.891353674346408E-013
  3.466800000000000E-008 -1.894199462637545E-013
  3.467400000000000E-008 -1.897048751043731E-013
  3.468000000000000E-008 -1.899901509139058E-013
  3.468600000000000E-008 -1.902757706475638E-013
  3.469200000000000E-008 -1.905617312583594E-013
  3.469800000000000E-008 -1.908480296971078E-013
  3.470400000000000E-008 -1.911346629124258E-013
  3.471000000000000E-008 -1.914216278507321E-013
  3.471600000000000E-008 -1.917089214562472E-013
  3.472200000000000E-008 -1.919965406709939E-013
  3.472800000000000E-008 -1.922844824347965E-013
  3.473400000000000E-008 -1.925727436852813E-013
  3.474000000000000E-008 -1.928613213578768E-013
  3.474600000000000E-008 -1.931502123858134E-013
  3.475200000000000E-008 -1.934394137001233E-013
  3.475800000000000E-008 -1.937289222296407E-013
  3.476399999999999E-008 -1.940187349010015E-013
  3.477000000000000E-008 -1.943088486386443E-013
  3.477600000000000E-008 -1.945992603648084E-013
  3.478200000000000E-008 -1.948899669995357E-013
  3.478800000000000E-008 -1.951809654606705E-013
  3.479399999999999E-008 -1.954722526638584E-013
  3.479999999999999E-008 -1.957638255225472E-013
  3.480600000000000E-008 -1.960556809479865E-013
  3.481200000000000E-008 -1.963478158492277E-013
  3.481800000000000E-008 -1.966402271331245E-013
  3.482399999999999E-008 -1.969329117043321E-013
  3.482999999999999E-008 -1.972258664653080E-013
  3.483600000000000E-008 -1.975190883163118E-013
  3.484200000000000E-008 -1.978125741554046E-013
  3.484800000000000E-008 -1.981063208784497E-013
  3.485400000000000E-008 -1.984003253791117E-013
  3.486000000000000E-008 -1.986945845488577E-013
  3.486600000000000E-008 -1.989890952769574E-013
  3.487200000000000E-008 -1.992838544504813E-013
  3.487800000000000E-008 -1.995788589543021E-013
  3.488400000000000E-008 -1.998741056710947E-013
  3.489000000000000E-008 -2.001695914813362E-013
  3.489600000000000E-008 -2.004653132633048E-013
  3.490200000000000E-008 -2.007612678930809E-013
  3.490800000000000E-008 -2.010574522445475E-013
  3.491400000000000E-008 -2.013538631893890E-013
  3.492000000000000E-008 -2.016504975970918E-013
  3.492600000000000E-008 -2.019473523349439E-013
  3.493200000000000E-008 -2.022444242680362E-013
  3.493800000000000E-008 -2.025417102592601E-013
  3.494400000000000E-008 -2.028392071693100E-013
  3.495000000000000E-008 -2.031369118566823E-013
  3.495600000000000E-008 -2.034348211776747E-013
  3.496200000000000E-008 -2.037329319863874E-013
  3.496800000000000E-008 -2.040312411347222E-013
  3.497400000000000E-008 -2.043297454723826E-013
  3.498000000000000E-008 -2.046284418468745E-013
  3.498600000000000E-008 -2.049273271035056E-013
  3.499200000000000E-008 -2.052263980853857E-013
  3.499799999999999E-008 -2.055256516334260E-013
  3.500399999999999E-008 -2.058250845863401E-013
  3.501000000000000E-008 -2.061246937806437E-013
  3.501600000000000E-008 -2.064244760506537E-013
  3.502200000000000E-008 -2.067244282284893E-013
  3.502799999999999E-008 -2.070245471440723E-013
  3.503399999999999E-008 -2.073248296251254E-013
  3.503999999999999E-008 -2.076252724971738E-013
  3.504599999999999E-008 -2.079258725835446E-013
  3.505200000000000E-008 -2.082266267053668E-013
  3.505800000000000E-008 -2.085275316815710E-013
  3.506400000000000E-008 -2.088285843288897E-013
  3.507000000000000E-008 -2.091297814618586E-013
  3.507600000000000E-008 -2.094311198928138E-013
  3.508200000000000E-008 -2.097325964318940E-013
  3.508800000000000E-008 -2.100342078870398E-013
  3.509400000000000E-008 -2.103359510639938E-013
  3.510000000000000E-008 -2.106378227663002E-013
  3.510600000000000E-008 -2.109398197953051E-013
  3.511200000000000E-008 -2.112419389501574E-013
  3.511800000000000E-008 -2.115441770278070E-013
  3.512400000000000E-008 -2.118465308230062E-013
  3.513000000000000E-008 -2.121489971283091E-013
  3.513600000000000E-008 -2.124515727340716E-013
  3.514200000000000E-008 -2.127542544284514E-013
  3.514800000000000E-008 -2.130570389974088E-013
  3.515400000000000E-008 -2.133599232247056E-013
  3.516000000000000E-008 -2.136629038919056E-013
  3.516600000000000E-008 -2.139659777783742E-013
  3.517200000000000E-008 -2.142691416612795E-013
  3.517800000000000E-008 -2.145723923155905E-013
  3.518400000000000E-008 -2.148757265140789E-013
  3.519000000000000E-008 -2.151791410273183E-013
  3.519600000000000E-008 -2.154826326236842E-013
  3.520199999999999E-008 -2.157861980693535E-013
  3.520799999999999E-008 -2.160898341283057E-013
  3.521400000000000E-008 -2.163935375623221E-013
  3.522000000000000E-008 -2.166973051309854E-013
  3.522600000000000E-008 -2.170011335916807E-013
  3.523199999999999E-008 -2.173050196995953E-013
  3.523799999999999E-008 -2.176089602077180E-013
  3.524399999999999E-008 -2.179129518668395E-013
  3.525000000000000E-008 -2.182169914255528E-013
  3.525600000000000E-008 -2.185210756302525E-013
  3.526200000000000E-008 -2.188252012251351E-013
  3.526800000000000E-008 -2.191293649521991E-013
  3.527400000000000E-008 -2.194335635512455E-013
  3.528000000000000E-008 -2.197377937598764E-013
  3.528600000000000E-008 -2.200420523134961E-013
  3.529200000000000E-008 -2.203463359453115E-013
  3.529800000000000E-008 -2.206506413863301E-013
  3.530400000000000E-008 -2.209549653653623E-013
  3.531000000000000E-008 -2.212593046090203E-013
  3.531600000000000E-008 -2.215636558417184E-013
  3.532200000000000E-008 -2.218680157856725E-013
  3.532800000000000E-008 -2.221723811609002E-013
  3.533400000000000E-008 -2.224767486852218E-013
  3.534000000000000E-008 -2.227811150742587E-013
  3.534600000000000E-008 -2.230854770414343E-013
  3.535200000000000E-008 -2.233898312979752E-013
  3.535800000000000E-008 -2.236941745529085E-013
  3.536400000000000E-008 -2.239985035130637E-013
  3.537000000000000E-008 -2.243028148830724E-013
  3.537600000000000E-008 -2.246071053653679E-013
  3.538200000000000E-008 -2.249113716601857E-013
  3.538800000000000E-008 -2.252156104655625E-013
  3.539400000000000E-008 -2.255198184773380E-013
  3.540000000000000E-008 -2.258239923891534E-013
  3.540599999999999E-008 -2.261281288924516E-013
  3.541200000000000E-008 -2.264322246764777E-013
  3.541800000000000E-008 -2.267362764282786E-013
  3.542400000000000E-008 -2.270402808327027E-013
  3.543000000000000E-008 -2.273442345724014E-013
  3.543599999999999E-008 -2.276481343278275E-013
  3.544199999999999E-008 -2.279519767772351E-013
  3.544799999999999E-008 -2.282557585966814E-013
  3.545400000000000E-008 -2.285594764600250E-013
  3.546000000000000E-008 -2.288631270389257E-013
  3.546600000000000E-008 -2.291667070028461E-013
  3.547199999999999E-008 -2.294702130190509E-013
  3.547800000000000E-008 -2.297736417526062E-013
  3.548400000000000E-008 -2.300769898663803E-013
  3.549000000000000E-008 -2.303802540210432E-013
  3.549600000000000E-008 -2.306834308750674E-013
  3.550200000000000E-008 -2.309865170847261E-013
  3.550800000000000E-008 -2.312895093040956E-013
  3.551400000000000E-008 -2.315924041850542E-013
  3.552000000000000E-008 -2.318951983772814E-013
  3.552600000000000E-008 -2.321978885282588E-013
  3.553200000000000E-008 -2.325004712832704E-013
  3.553800000000000E-008 -2.328029432854020E-013
  3.554400000000000E-008 -2.331053011755403E-013
  3.555000000000000E-008 -2.334075415923754E-013
  3.555600000000000E-008 -2.337096611723988E-013
  3.556200000000000E-008 -2.340116565499036E-013
  3.556800000000000E-008 -2.343135243569854E-013
  3.557400000000000E-008 -2.346152612235411E-013
  3.558000000000000E-008 -2.349168637772700E-013
  3.558600000000000E-008 -2.352183286436730E-013
  3.559200000000000E-008 -2.355196524460535E-013
  3.559800000000000E-008 -2.358208318055162E-013
  3.560400000000000E-008 -2.361218633409682E-013
  3.560999999999999E-008 -2.364227436691182E-013
  3.561600000000000E-008 -2.367234694044771E-013
  3.562200000000000E-008 -2.370240371593573E-013
  3.562800000000000E-008 -2.373244435438733E-013
  3.563400000000000E-008 -2.376246851659422E-013
  3.564000000000000E-008 -2.379247586312826E-013
  3.564599999999999E-008 -2.382246605434141E-013
  3.565199999999999E-008 -2.385243875036598E-013
  3.565800000000000E-008 -2.388239361111443E-013
  3.566400000000000E-008 -2.391233029627928E-013
  3.567000000000000E-008 -2.394224846533340E-013
  3.567599999999999E-008 -2.397214777752981E-013
  3.568199999999999E-008 -2.400202789190171E-013
  3.568800000000000E-008 -2.403188846726249E-013
  3.569400000000000E-008 -2.406172916220577E-013
  3.570000000000000E-008 -2.409154963510529E-013
  3.570600000000000E-008 -2.412134954411502E-013
  3.571200000000000E-008 -2.415112854716919E-013
  3.571800000000000E-008 -2.418088630198213E-013
  3.572400000000000E-008 -2.421062246604840E-013
  3.573000000000000E-008 -2.424033669664276E-013
  3.573600000000000E-008 -2.427002865082017E-013
  3.574200000000000E-008 -2.429969798541573E-013
  3.574800000000000E-008 -2.432934435704475E-013
  3.575400000000000E-008 -2.435896742210283E-013
  3.576000000000000E-008 -2.438856683676565E-013
  3.576600000000000E-008 -2.441814225698913E-013
  3.577200000000000E-008 -2.444769333850938E-013
  3.577800000000000E-008 -2.447721973684269E-013
  3.578400000000000E-008 -2.450672110728555E-013
  3.579000000000000E-008 -2.453619710491462E-013
  3.579600000000000E-008 -2.456564738458684E-013
  3.580200000000000E-008 -2.459507160093925E-013
  3.580800000000000E-008 -2.462446940838910E-013
  3.581399999999999E-008 -2.465384046113389E-013
  3.582000000000000E-008 -2.468318441315126E-013
  3.582600000000000E-008 -2.471250091819902E-013
  3.583200000000000E-008 -2.474178962981523E-013
  3.583800000000000E-008 -2.477105020131814E-013
  3.584400000000000E-008 -2.480028228580618E-013
  3.584999999999999E-008 -2.482948553615795E-013
  3.585600000000000E-008 -2.485865960503229E-013
  3.586200000000000E-008 -2.488780414486817E-013
  3.586800000000000E-008 -2.491691880788477E-013
  3.587400000000000E-008 -2.494600324608156E-013
  3.587999999999999E-008 -2.497505711123809E-013
  3.588599999999999E-008 -2.500408005491413E-013
  3.589199999999999E-008 -2.503307172844967E-013
  3.589800000000000E-008 -2.506203178296489E-013
  3.590400000000000E-008 -2.509095986936013E-013
  3.591000000000000E-008 -2.511985563831591E-013
  3.591600000000000E-008 -2.514871874029303E-013
  3.592200000000000E-008 -2.517754882553242E-013
  3.592800000000000E-008 -2.520634554405523E-013
  3.593400000000000E-008 -2.523510854566274E-013
  3.594000000000000E-008 -2.526383747993653E-013
  3.594600000000000E-008 -2.529253199623828E-013
  3.595200000000000E-008 -2.532119174370986E-013
  3.595800000000000E-008 -2.534981637127346E-013
  3.596400000000000E-008 -2.537840552763130E-013
  3.597000000000000E-008 -2.540695886126593E-013
  3.597600000000000E-008 -2.543547602043998E-013
  3.598200000000000E-008 -2.546395665319638E-013
  3.598800000000000E-008 -2.549240040735812E-013
  3.599400000000000E-008 -2.552080693052853E-013
  3.600000000000000E-008 -2.554917587009105E-013
  3.600600000000000E-008 -2.557750687320931E-013
  3.601200000000000E-008 -2.560579958682717E-013
  3.601800000000000E-008 -2.563405365766870E-013
  3.602400000000000E-008 -2.566226873223804E-013
  3.603000000000000E-008 -2.569044445681967E-013
  3.603600000000000E-008 -2.571858047747820E-013
  3.604200000000000E-008 -2.574667644005846E-013
  3.604800000000000E-008 -2.577473199018542E-013
  3.605399999999999E-008 -2.580274677326429E-013
  3.606000000000000E-008 -2.583072043448048E-013
  3.606600000000000E-008 -2.585865261879954E-013
  3.607200000000000E-008 -2.588654297096724E-013
  3.607800000000000E-008 -2.591439113550957E-013
  3.608399999999999E-008 -2.594219675673272E-013
  3.608999999999999E-008 -2.596995947872301E-013
  3.609599999999999E-008 -2.599767894534701E-013
  3.610200000000000E-008 -2.602535480025147E-013
  3.610800000000000E-008 -2.605298668686329E-013
  3.611400000000000E-008 -2.608057424838960E-013
  3.612000000000000E-008 -2.610811712781776E-013
  3.612600000000000E-008 -2.613561496791529E-013
  3.613200000000000E-008 -2.616306741122988E-013
  3.613800000000000E-008 -2.619047410008948E-013
  3.614400000000000E-008 -2.621783467660211E-013
  3.615000000000000E-008 -2.624514878265609E-013
  3.615600000000000E-008 -2.627241605991993E-013
  3.616200000000000E-008 -2.629963614984230E-013
  3.616800000000000E-008 -2.632680869365205E-013
  3.617400000000000E-008 -2.635393333235827E-013
  3.618000000000000E-008 -2.638100970675024E-013
  3.618600000000000E-008 -2.640803745739735E-013
  3.619200000000000E-008 -2.643501622464924E-013
  3.619800000000000E-008 -2.646194564863583E-013
  3.620400000000000E-008 -2.648882536926708E-013
  3.621000000000000E-008 -2.651565502623327E-013
  3.621600000000000E-008 -2.654243425900477E-013
  3.622200000000000E-008 -2.656916270683224E-013
  3.622800000000000E-008 -2.659584000874644E-013
  3.623400000000000E-008 -2.662246580355838E-013
  3.624000000000000E-008 -2.664903972985927E-013
  3.624600000000000E-008 -2.667556142602048E-013
  3.625200000000000E-008 -2.670203053019361E-013
  3.625799999999999E-008 -2.672844668031042E-013
  3.626400000000000E-008 -2.675480951408289E-013
  3.627000000000000E-008 -2.678111866900314E-013
  3.627600000000000E-008 -2.680737378234354E-013
  3.628200000000000E-008 -2.683357449115666E-013
  3.628799999999999E-008 -2.685972043227524E-013
  3.629399999999999E-008 -2.688581124231219E-013
  3.630000000000000E-008 -2.691184655766066E-013
  3.630600000000000E-008 -2.693782601449394E-013
  3.631200000000000E-008 -2.696374924876555E-013
  3.631799999999999E-008 -2.698961589620923E-013
  3.632399999999999E-008 -2.701542559233883E-013
  3.633000000000000E-008 -2.704117797244851E-013
  3.633600000000000E-008 -2.706687267161250E-013
  3.634200000000000E-008 -2.709250932468531E-013
  3.634800000000000E-008 -2.711808756630161E-013
  3.635400000000000E-008 -2.714360703087624E-013
  3.636000000000000E-008 -2.716906735260428E-013
  3.636600000000000E-008 -2.719446816546100E-013
  3.637200000000000E-008 -2.721980910320186E-013
  3.637800000000000E-008 -2.724508979936245E-013
  3.638400000000000E-008 -2.727030988725867E-013
  3.639000000000000E-008 -2.729546899998648E-013
  3.639600000000000E-008 -2.732056677042211E-013
  3.640200000000000E-008 -2.734560283122204E-013
  3.640800000000000E-008 -2.737057681482281E-013
  3.641400000000000E-008 -2.739548835344127E-013
  3.642000000000000E-008 -2.742033707907438E-013
  3.642600000000000E-008 -2.744512262349936E-013
  3.643200000000000E-008 -2.746984461827355E-013
  3.643800000000000E-008 -2.749450269473456E-013
  3.644400000000000E-008 -2.751909648400016E-013
  3.645000000000000E-008 -2.754362561696830E-013
  3.645600000000000E-008 -2.756808972431713E-013
  3.646200000000000E-008 -2.759248843650504E-013
  3.646800000000000E-008 -2.761682138377050E-013
  3.647400000000000E-008 -2.764108819613229E-013
  3.648000000000000E-008 -2.766528850338934E-013
  3.648600000000000E-008 -2.768942193512078E-013
  3.649199999999999E-008 -2.771348812068591E-013
  3.649799999999999E-008 -2.773748668922425E-013
  3.650400000000000E-008 -2.776141726965552E-013
  3.651000000000000E-008 -2.778527949067957E-013
  3.651600000000000E-008 -2.780907298077651E-013
  3.652199999999999E-008 -2.783279736820662E-013
  3.652799999999999E-008 -2.785645228101042E-013
  3.653399999999999E-008 -2.788003734700853E-013
  3.654000000000000E-008 -2.790355219380183E-013
  3.654600000000000E-008 -2.792699644877140E-013
  3.655200000000000E-008 -2.795036973907845E-013
  3.655800000000000E-008 -2.797367169166442E-013
  3.656400000000000E-008 -2.799690193325100E-013
  3.657000000000000E-008 -2.802006009033998E-013
  3.657600000000000E-008 -2.804314578921340E-013
  3.658200000000000E-008 -2.806615865593350E-013
  3.658800000000000E-008 -2.808909831634264E-013
  3.659400000000000E-008 -2.811196439606343E-013
  3.660000000000000E-008 -2.813475652049872E-013
  3.660600000000000E-008 -2.815747431483145E-013
  3.661200000000000E-008 -2.818011740402484E-013
  3.661800000000000E-008 -2.820268541282224E-013
  3.662400000000000E-008 -2.822517796574726E-013
  3.663000000000000E-008 -2.824759468710363E-013
  3.663600000000000E-008 -2.826993520097528E-013
  3.664200000000000E-008 -2.829219913122643E-013
  3.664800000000000E-008 -2.831438610150140E-013
  3.665400000000000E-008 -2.833649573522472E-013
  3.666000000000000E-008 -2.835852765560114E-013
  3.666600000000000E-008 -2.838048148561558E-013
  3.667200000000000E-008 -2.840235684803312E-013
  3.667800000000000E-008 -2.842415336539910E-013
  3.668400000000000E-008 -2.844587066003904E-013
  3.669000000000000E-008 -2.846750835405865E-013
  3.669599999999999E-008 -2.848906606934380E-013
  3.670199999999999E-008 -2.851054342756057E-013
  3.670800000000000E-008 -2.853194005015526E-013
  3.671400000000000E-008 -2.855325555835431E-013
  3.672000000000000E-008 -2.857448957316443E-013
  3.672599999999999E-008 -2.859564171537244E-013
  3.673199999999999E-008 -2.861671160554543E-013
  3.673799999999999E-008 -2.863769886403063E-013
  3.674400000000000E-008 -2.865860311095549E-013
  3.675000000000000E-008 -2.867942396622761E-013
  3.675600000000000E-008 -2.870016104953482E-013
  3.676200000000000E-008 -2.872081398034520E-013
  3.676800000000000E-008 -2.874138237790692E-013
  3.677400000000000E-008 -2.876186586124837E-013
  3.678000000000000E-008 -2.878226404917820E-013
  3.678600000000000E-008 -2.880257656028517E-013
  3.679200000000000E-008 -2.882280301293827E-013
  3.679800000000000E-008 -2.884294302528667E-013
  3.680400000000000E-008 -2.886299621525978E-013
  3.681000000000000E-008 -2.888296220056714E-013
  3.681600000000000E-008 -2.890284059869852E-013
  3.682200000000000E-008 -2.892263102692388E-013
  3.682800000000000E-008 -2.894233310229338E-013
  3.683400000000000E-008 -2.896194644163733E-013
  3.684000000000000E-008 -2.898147066156625E-013
  3.684600000000000E-008 -2.900090537847092E-013
  3.685200000000000E-008 -2.902025020852225E-013
  3.685800000000000E-008 -2.903950476767134E-013
  3.686400000000000E-008 -2.905866867164951E-013
  3.687000000000000E-008 -2.907774153596824E-013
  3.687600000000000E-008 -2.909672297591924E-013
  3.688200000000000E-008 -2.911561260657441E-013
  3.688800000000000E-008 -2.913441004278582E-013
  3.689400000000000E-008 -2.915311489918576E-013
  3.689999999999999E-008 -2.917172679018667E-013
  3.690600000000000E-008 -2.919024532998125E-013
  3.691200000000000E-008 -2.920867013254233E-013
  3.691800000000000E-008 -2.922700081162296E-013
  3.692400000000000E-008 -2.924523698075638E-013
  3.692999999999999E-008 -2.926337825325606E-013
  3.693599999999999E-008 -2.928142424221558E-013
  3.694199999999999E-008 -2.929937456050880E-013
  3.694800000000000E-008 -2.931722882078975E-013
  3.695400000000000E-008 -2.933498663549259E-013
  3.695999999999999E-008 -2.935264761683173E-013
  3.696599999999999E-008 -2.937021137680181E-013
  3.697200000000000E-008 -2.938767753022072E-013
  3.697800000000000E-008 -2.940504587430544E-013
  3.698400000000000E-008 -2.942231648927561E-013
  3.699000000000000E-008 -2.943948947979190E-013
  3.699600000000000E-008 -2.945656495061485E-013
  3.700200000000000E-008 -2.947354300660503E-013
  3.700800000000000E-008 -2.949042375272293E-013
  3.701400000000000E-008 -2.950720729402896E-013
  3.702000000000000E-008 -2.952389373568354E-013
  3.702600000000000E-008 -2.954048318294699E-013
  3.703200000000000E-008 -2.955697574117960E-013
  3.703800000000000E-008 -2.957337151584158E-013
  3.704400000000000E-008 -2.958967061249317E-013
  3.705000000000000E-008 -2.960587313679449E-013
  3.705600000000000E-008 -2.962197919450564E-013
  3.706200000000000E-008 -2.963798889148666E-013
  3.706800000000000E-008 -2.965390233369754E-013
  3.707400000000000E-008 -2.966971962719820E-013
  3.708000000000000E-008 -2.968544087814856E-013
  3.708600000000000E-008 -2.970106619280847E-013
  3.709200000000000E-008 -2.971659567753772E-013
  3.709800000000000E-008 -2.973202943879605E-013
  3.710399999999999E-008 -2.974736758314315E-013
  3.711000000000000E-008 -2.976261021723871E-013
  3.711600000000000E-008 -2.977775744784226E-013
  3.712200000000000E-008 -2.979280938181338E-013
  3.712800000000000E-008 -2.980776612611160E-013
  3.713399999999999E-008 -2.982262778779632E-013
  3.713999999999999E-008 -2.983739447402697E-013
  3.714599999999999E-008 -2.985206629206290E-013
  3.715200000000000E-008 -2.986664334926341E-013
  3.715800000000000E-008 -2.988112575308773E-013
  3.716400000000000E-008 -2.989551361109509E-013
  3.716999999999999E-008 -2.990980703094465E-013
  3.717599999999999E-008 -2.992400612039548E-013
  3.718200000000000E-008 -2.993811098730668E-013
  3.718800000000000E-008 -2.995212173963723E-013
  3.719400000000000E-008 -2.996603848544606E-013
  3.720000000000000E-008 -2.997986133289213E-013
  3.720600000000000E-008 -2.999359039023426E-013
  3.721200000000000E-008 -3.000722576583127E-013
  3.721800000000000E-008 -3.002076756814193E-013
  3.722400000000000E-008 -3.003421590572493E-013
  3.723000000000000E-008 -3.004757088723896E-013
  3.723600000000000E-008 -3.006083262144259E-013
  3.724200000000000E-008 -3.007400121719439E-013
  3.724800000000000E-008 -3.008707678345291E-013
  3.725400000000000E-008 -3.010005942927657E-013
  3.726000000000000E-008 -3.011294926382381E-013
  3.726600000000000E-008 -3.012574639635298E-013
  3.727200000000000E-008 -3.013845093622241E-013
  3.727800000000000E-008 -3.015106299289035E-013
  3.728400000000000E-008 -3.016358267591501E-013
  3.729000000000000E-008 -3.017601009495456E-013
  3.729600000000000E-008 -3.018834535976714E-013
  3.730200000000000E-008 -3.020058858021080E-013
  3.730800000000000E-008 -3.021273986624357E-013
  3.731400000000000E-008 -3.022479932792339E-013
  3.732000000000000E-008 -3.023676707540820E-013
  3.732600000000000E-008 -3.024864321895589E-013
  3.733200000000000E-008 -3.026042786892424E-013
  3.733799999999999E-008 -3.027212113577106E-013
  3.734399999999999E-008 -3.028372313005405E-013
  3.735000000000000E-008 -3.029523396243088E-013
  3.735600000000000E-008 -3.030665374365921E-013
  3.736200000000000E-008 -3.031798258459655E-013
  3.736800000000000E-008 -3.032922059620047E-013
  3.737399999999999E-008 -3.034036788952844E-013
  3.737999999999999E-008 -3.035142457573790E-013
  3.738599999999999E-008 -3.036239076608620E-013
  3.739200000000000E-008 -3.037326657193068E-013
  3.739800000000000E-008 -3.038405210472860E-013
  3.740400000000000E-008 -3.039474747603721E-013
  3.741000000000000E-008 -3.040535279751369E-013
  3.741600000000000E-008 -3.041586818091516E-013
  3.742200000000000E-008 -3.042629373809872E-013
  3.742800000000000E-008 -3.043662958102137E-013
  3.743400000000000E-008 -3.044687582174012E-013
  3.744000000000000E-008 -3.045703257241187E-013
  3.744600000000000E-008 -3.046709994529353E-013
  3.745200000000000E-008 -3.047707805274194E-013
  3.745800000000000E-008 -3.048696700721386E-013
  3.746400000000000E-008 -3.049676692126605E-013
  3.747000000000000E-008 -3.050647790755517E-013
  3.747600000000000E-008 -3.051610007883789E-013
  3.748200000000000E-008 -3.052563354797075E-013
  3.748800000000000E-008 -3.053507842791032E-013
  3.749400000000000E-008 -3.054443483171310E-013
  3.750000000000000E-008 -3.055370287253550E-013
  3.750600000000000E-008 -3.056288266363392E-013
  3.751200000000000E-008 -3.057197431836472E-013
  3.751800000000000E-008 -3.058097795018415E-013
  3.752400000000000E-008 -3.058989367264849E-013
  3.753000000000000E-008 -3.059872159941392E-013
  3.753600000000000E-008 -3.060746184423657E-013
  3.754199999999999E-008 -3.061611452097254E-013
  3.754799999999999E-008 -3.062467974357788E-013
  3.755400000000000E-008 -3.063315762610859E-013
  3.756000000000000E-008 -3.064154828272060E-013
  3.756600000000000E-008 -3.064985182766981E-013
  3.757200000000000E-008 -3.065806837531207E-013
  3.757799999999999E-008 -3.066619804010318E-013
  3.758399999999999E-008 -3.067424093659890E-013
  3.758999999999999E-008 -3.068219717945489E-013
  3.759600000000000E-008 -3.069006688342685E-013
  3.760200000000000E-008 -3.069785016337034E-013
  3.760800000000000E-008 -3.070554713424092E-013
  3.761400000000000E-008 -3.071315791109410E-013
  3.762000000000000E-008 -3.072068260908532E-013
  3.762600000000000E-008 -3.072812134347000E-013
  3.763200000000000E-008 -3.073547422960348E-013
  3.763800000000000E-008 -3.074274138294108E-013
  3.764400000000000E-008 -3.074992291903801E-013
  3.765000000000000E-008 -3.075701895354952E-013
  3.765600000000000E-008 -3.076402960223075E-013
  3.766200000000000E-008 -3.077095498093682E-013
  3.766800000000000E-008 -3.077779520562277E-013
  3.767400000000000E-008 -3.078455039234361E-013
  3.768000000000000E-008 -3.079122065725429E-013
  3.768600000000000E-008 -3.079780611660975E-013
  3.769200000000000E-008 -3.080430688676481E-013
  3.769800000000000E-008 -3.081072308417431E-013
  3.770400000000000E-008 -3.081705482539299E-013
  3.771000000000000E-008 -3.082330222707558E-013
  3.771600000000000E-008 -3.082946540597674E-013
  3.772200000000000E-008 -3.083554447895106E-013
  3.772800000000000E-008 -3.084153956295313E-013
  3.773400000000000E-008 -3.084745077503745E-013
  3.774000000000000E-008 -3.085327823235849E-013
  3.774599999999999E-008 -3.085902205217066E-013
  3.775200000000000E-008 -3.086468235182834E-013
  3.775800000000000E-008 -3.087025924878582E-013
  3.776400000000000E-008 -3.087575286059739E-013
  3.777000000000000E-008 -3.088116330491727E-013
  3.777600000000000E-008 -3.088649069949960E-013
  3.778199999999999E-008 -3.089173516219854E-013
  3.778799999999999E-008 -3.089689681096812E-013
  3.779400000000000E-008 -3.090197576386239E-013
  3.780000000000000E-008 -3.090697213903532E-013
  3.780600000000000E-008 -3.091188605474080E-013
  3.781199999999999E-008 -3.091671762933272E-013
  3.781799999999999E-008 -3.092146698126493E-013
  3.782400000000000E-008 -3.092613422909117E-013
  3.783000000000000E-008 -3.093071949146517E-013
  3.783600000000000E-008 -3.093522288714062E-013
  3.784200000000000E-008 -3.093964453497113E-013
  3.784800000000000E-008 -3.094398455391027E-013
  3.785400000000000E-008 -3.094824306301159E-013
  3.786000000000000E-008 -3.095242018142855E-013
  3.786600000000000E-008 -3.095651602841459E-013
  3.787200000000000E-008 -3.096053072332307E-013
  3.787800000000000E-008 -3.096446438560735E-013
  3.788400000000000E-008 -3.096831713482068E-013
  3.789000000000000E-008 -3.097208909061629E-013
  3.789600000000000E-008 -3.097578037274740E-013
  3.790200000000000E-008 -3.097939110106709E-013
  3.790800000000000E-008 -3.098292139552848E-013
  3.791400000000000E-008 -3.098637137618459E-013
  3.792000000000000E-008 -3.098974116318841E-013
  3.792600000000000E-008 -3.099303087679286E-013
  3.793200000000000E-008 -3.099624063735085E-013
  3.793800000000000E-008 -3.099937056531518E-013
  3.794400000000000E-008 -3.100242078123867E-013
  3.794999999999999E-008 -3.100539140577405E-013
  3.795600000000000E-008 -3.100828255967399E-013
  3.796200000000000E-008 -3.101109436379113E-013
  3.796800000000000E-008 -3.101382693907810E-013
  3.797400000000000E-008 -3.101648040658738E-013
  3.798000000000000E-008 -3.101905488747150E-013
  3.798599999999999E-008 -3.102155050298288E-013
  3.799199999999999E-008 -3.102396737447394E-013
  3.799800000000000E-008 -3.102630562339699E-013
  3.800400000000000E-008 -3.102856537130433E-013
  3.801000000000000E-008 -3.103074673984822E-013
  3.801599999999999E-008 -3.103284985078083E-013
  3.802199999999999E-008 -3.103487482595434E-013
  3.802799999999999E-008 -3.103682178732080E-013
  3.803400000000000E-008 -3.103869085693229E-013
  3.804000000000000E-008 -3.104048215694080E-013
  3.804600000000000E-008 -3.104219580959827E-013
  3.805200000000000E-008 -3.104383193725662E-013
  3.805800000000000E-008 -3.104539066236765E-013
  3.806400000000000E-008 -3.104687210748321E-013
  3.807000000000000E-008 -3.104827639525501E-013
  3.807600000000000E-008 -3.104960364843477E-013
  3.808200000000000E-008 -3.105085398987417E-013
  3.808800000000000E-008 -3.105202754252475E-013
  3.809400000000000E-008 -3.105312442943811E-013
  3.810000000000000E-008 -3.105414477376573E-013
  3.810600000000000E-008 -3.105508869875909E-013
  3.811200000000000E-008 -3.105595632776956E-013
  3.811800000000000E-008 -3.105674778424851E-013
  3.812400000000000E-008 -3.105746319174725E-013
  3.813000000000000E-008 -3.105810267391703E-013
  3.813600000000000E-008 -3.105866635450906E-013
  3.814200000000000E-008 -3.105915435737450E-013
  3.814800000000000E-008 -3.105956680646446E-013
  3.815399999999999E-008 -3.105990382582999E-013
  3.816000000000000E-008 -3.106016553962210E-013
  3.816600000000000E-008 -3.106035207209175E-013
  3.817200000000000E-008 -3.106046354758987E-013
  3.817800000000000E-008 -3.106050009056730E-013
  3.818400000000000E-008 -3.106046182557486E-013
  3.818999999999999E-008 -3.106034887726329E-013
  3.819600000000000E-008 -3.106016137038334E-013
  3.820200000000000E-008 -3.105989942978566E-013
  3.820800000000000E-008 -3.105956318042085E-013
  3.821400000000000E-008 -3.105915274733951E-013
  3.821999999999999E-008 -3.105866825569211E-013
  3.822599999999999E-008 -3.105810983072915E-013
  3.823199999999999E-008 -3.105747759780104E-013
  3.823800000000000E-008 -3.105677168235814E-013
  3.824400000000000E-008 -3.105599220995077E-013
  3.825000000000000E-008 -3.105513930622921E-013
  3.825600000000000E-008 -3.105421309694366E-013
  3.826200000000000E-008 -3.105321370794431E-013
  3.826800000000000E-008 -3.105214126518127E-013
  3.827400000000000E-008 -3.105099589470462E-013
  3.828000000000000E-008 -3.104977772266437E-013
  3.828600000000000E-008 -3.104848687531050E-013
  3.829200000000000E-008 -3.104712347899295E-013
  3.829800000000000E-008 -3.104568766016156E-013
  3.830400000000000E-008 -3.104417954536617E-013
  3.831000000000000E-008 -3.104259926125657E-013
  3.831600000000000E-008 -3.104094693458247E-013
  3.832200000000000E-008 -3.103922269219354E-013
  3.832800000000000E-008 -3.103742666103944E-013
  3.833400000000000E-008 -3.103555896816971E-013
  3.834000000000000E-008 -3.103361974073389E-013
  3.834600000000000E-008 -3.103160910598148E-013
  3.835200000000000E-008 -3.102952719126188E-013
  3.835800000000000E-008 -3.102737412402450E-013
  3.836400000000000E-008 -3.102515003181863E-013
  3.837000000000000E-008 -3.102285504229360E-013
  3.837600000000000E-008 -3.102048928319862E-013
  3.838200000000000E-008 -3.101805288238287E-013
  3.838800000000000E-008 -3.101554596779548E-013
  3.839399999999999E-008 -3.101296866748555E-013
  3.840000000000000E-008 -3.101032110960210E-013
  3.840600000000000E-008 -3.100760342239411E-013
  3.841200000000000E-008 -3.100481573421055E-013
  3.841800000000000E-008 -3.100195817350028E-013
  3.842399999999999E-008 -3.099903086881214E-013
  3.842999999999999E-008 -3.099603394879492E-013
  3.843599999999999E-008 -3.099296754219737E-013
  3.844200000000000E-008 -3.098983177786815E-013
  3.844800000000000E-008 -3.098662678475594E-013
  3.845399999999999E-008 -3.098335269190931E-013
  3.845999999999999E-008 -3.098000962847679E-013
  3.846600000000000E-008 -3.097659772370689E-013
  3.847200000000000E-008 -3.097311710694804E-013
  3.847800000000000E-008 -3.096956790764865E-013
  3.848400000000000E-008 -3.096595025535705E-013
  3.849000000000000E-008 -3.096226427972155E-013
  3.849600000000000E-008 -3.095851011049037E-013
  3.850200000000000E-008 -3.095468787751173E-013
  3.850800000000000E-008 -3.095079771073375E-013
  3.851400000000000E-008 -3.094683974020455E-013
  3.852000000000000E-008 -3.094281409607218E-013
  3.852600000000000E-008 -3.093872090858463E-013
  3.853200000000000E-008 -3.093456030808985E-013
  3.853800000000000E-008 -3.093033242503573E-013
  3.854400000000000E-008 -3.092603738997015E-013
  3.855000000000000E-008 -3.092167533354087E-013
  3.855600000000000E-008 -3.091724638649568E-013
  3.856200000000000E-008 -3.091275067968224E-013
  3.856800000000000E-008 -3.090818834404825E-013
  3.857400000000000E-008 -3.090355951064129E-013
  3.858000000000000E-008 -3.089886431060891E-013
  3.858600000000000E-008 -3.089410287519862E-013
  3.859200000000000E-008 -3.088927533575788E-013
  3.859799999999999E-008 -3.088438182373409E-013
  3.860400000000000E-008 -3.087942247067460E-013
  3.861000000000000E-008 -3.087439740822675E-013
  3.861600000000000E-008 -3.086930676813775E-013
  3.862200000000000E-008 -3.086415068225485E-013
  3.862799999999999E-008 -3.085892928252519E-013
  3.863399999999999E-008 -3.085364270099587E-013
  3.864000000000000E-008 -3.084829106981397E-013
  3.864600000000000E-008 -3.084287452122650E-013
  3.865200000000000E-008 -3.083739318758042E-013
  3.865799999999999E-008 -3.083184720132264E-013
  3.866399999999999E-008 -3.082623669500002E-013
  3.866999999999999E-008 -3.082056180125937E-013
  3.867600000000000E-008 -3.081482265284747E-013
  3.868200000000000E-008 -3.080901938261102E-013
  3.868800000000000E-008 -3.080315212349668E-013
  3.869400000000000E-008 -3.079722100855111E-013
  3.870000000000000E-008 -3.079122617092082E-013
  3.870600000000000E-008 -3.078516774385237E-013
  3.871200000000000E-008 -3.077904586069219E-013
  3.871800000000000E-008 -3.077286065488674E-013
  3.872400000000000E-008 -3.076661225998235E-013
  3.873000000000000E-008 -3.076030080962538E-013
  3.873600000000000E-008 -3.075392643756208E-013
  3.874200000000000E-008 -3.074748927763866E-013
  3.874800000000000E-008 -3.074098946380131E-013
  3.875400000000000E-008 -3.073442713009616E-013
  3.876000000000000E-008 -3.072780241066925E-013
  3.876600000000000E-008 -3.072111543976664E-013
  3.877200000000000E-008 -3.071436635173429E-013
  3.877800000000000E-008 -3.070755528101812E-013
  3.878400000000000E-008 -3.070068236216400E-013
  3.879000000000000E-008 -3.069374772981780E-013
  3.879600000000000E-008 -3.068675151872524E-013
  3.880200000000000E-008 -3.067969386373209E-013
  3.880800000000000E-008 -3.067257489978400E-013
  3.881400000000000E-008 -3.066539476192661E-013
  3.882000000000000E-008 -3.065815358530550E-013
  3.882600000000000E-008 -3.065085150516621E-013
  3.883199999999999E-008 -3.064348865685421E-013
  3.883799999999999E-008 -3.063606517581494E-013
  3.884400000000000E-008 -3.062858119759376E-013
  3.885000000000000E-008 -3.062103685783604E-013
  3.885600000000000E-008 -3.061343229228704E-013
  3.886199999999999E-008 -3.060576763679199E-013
  3.886799999999999E-008 -3.059804302729609E-013
  3.887399999999999E-008 -3.059025859984447E-013
  3.887999999999999E-008 -3.058241449058221E-013
  3.888600000000000E-008 -3.057451083575434E-013
  3.889200000000000E-008 -3.056654777170589E-013
  3.889800000000000E-008 -3.055852543488175E-013
  3.890400000000000E-008 -3.055044396182682E-013
  3.891000000000000E-008 -3.054230348918595E-013
  3.891600000000000E-008 -3.053410415370394E-013
  3.892200000000000E-008 -3.052584609222550E-013
  3.892800000000000E-008 -3.051752944169534E-013
  3.893400000000000E-008 -3.050915433915811E-013
  3.894000000000000E-008 -3.050072092175838E-013
  3.894600000000000E-008 -3.049222932674071E-013
  3.895200000000000E-008 -3.048367969144961E-013
  3.895800000000000E-008 -3.047507215332948E-013
  3.896400000000000E-008 -3.046640684992475E-013
  3.897000000000000E-008 -3.045768391887975E-013
  3.897600000000000E-008 -3.044890349793880E-013
  3.898200000000000E-008 -3.044006572494611E-013
  3.898800000000000E-008 -3.043117073784590E-013
  3.899400000000000E-008 -3.042221867468232E-013
  3.900000000000000E-008 -3.041320967359948E-013
  3.900600000000000E-008 -3.040414387284139E-013
  3.901200000000000E-008 -3.039502141075208E-013
  3.901800000000000E-008 -3.038584242577551E-013
  3.902400000000000E-008 -3.037660705645556E-013
  3.903000000000000E-008 -3.036731544143609E-013
  3.903599999999999E-008 -3.035796771946089E-013
  3.904199999999999E-008 -3.034856402937374E-013
  3.904800000000000E-008 -3.033910451011832E-013
  3.905400000000000E-008 -3.032958930073831E-013
  3.906000000000000E-008 -3.032001854037729E-013
  3.906599999999999E-008 -3.031039236827884E-013
  3.907199999999999E-008 -3.030071092378644E-013
  3.907799999999999E-008 -3.029097434634358E-013
  3.908400000000000E-008 -3.028118277549362E-013
  3.909000000000000E-008 -3.027133635087995E-013
  3.909600000000000E-008 -3.026143521224591E-013
  3.910200000000000E-008 -3.025147949943471E-013
  3.910800000000000E-008 -3.024146935238957E-013
  3.911400000000000E-008 -3.023140491115365E-013
  3.912000000000000E-008 -3.022128631587009E-013
  3.912600000000000E-008 -3.021111370678192E-013
  3.913200000000000E-008 -3.020088722423218E-013
  3.913800000000000E-008 -3.019060700866383E-013
  3.914400000000000E-008 -3.018027320061975E-013
  3.915000000000000E-008 -3.016988594074284E-013
  3.915600000000000E-008 -3.015944536977591E-013
  3.916200000000000E-008 -3.014895162856171E-013
  3.916800000000000E-008 -3.013840485804298E-013
  3.917400000000000E-008 -3.012780519926237E-013
  3.918000000000000E-008 -3.011715279336250E-013
  3.918600000000000E-008 -3.010644778158596E-013
  3.919200000000000E-008 -3.009569030527524E-013
  3.919800000000000E-008 -3.008488050587283E-013
  3.920400000000000E-008 -3.007401852492114E-013
  3.921000000000000E-008 -3.006310450406254E-013
  3.921600000000000E-008 -3.005213858503937E-013
  3.922200000000000E-008 -3.004112090969388E-013
  3.922800000000000E-008 -3.003005161996832E-013
  3.923400000000000E-008 -3.001893085790483E-013
  3.923999999999999E-008 -3.000775876564557E-013
  3.924600000000000E-008 -2.999653548543258E-013
  3.925200000000000E-008 -2.998526115960791E-013
  3.925800000000000E-008 -2.997393593061355E-013
  3.926400000000000E-008 -2.996255994099138E-013
  3.926999999999999E-008 -2.995113333338332E-013
  3.927599999999999E-008 -2.993965625053119E-013
  3.928199999999999E-008 -2.992812883527675E-013
  3.928800000000000E-008 -2.991655123056175E-013
  3.929400000000000E-008 -2.990492357942785E-013
  3.930000000000000E-008 -2.989324602501672E-013
  3.930599999999999E-008 -2.988151871056990E-013
  3.931199999999999E-008 -2.986974177942895E-013
  3.931800000000000E-008 -2.985791537503533E-013
  3.932400000000000E-008 -2.984603964093049E-013
  3.933000000000000E-008 -2.983411472075581E-013
  3.933600000000000E-008 -2.982214075825263E-013
  3.934200000000000E-008 -2.981011789726222E-013
  3.934800000000000E-008 -2.979804628172583E-013
  3.935400000000000E-008 -2.978592605568464E-013
  3.936000000000000E-008 -2.977375736327981E-013
  3.936600000000000E-008 -2.976154034875238E-013
  3.937200000000000E-008 -2.974927515644343E-013
  3.937800000000000E-008 -2.973696193079396E-013
  3.938400000000000E-008 -2.972460081634486E-013
  3.939000000000000E-008 -2.971219195773705E-013
  3.939600000000000E-008 -2.969973549971137E-013
  3.940200000000000E-008 -2.968723158710863E-013
  3.940800000000000E-008 -2.967468036486952E-013
  3.941400000000000E-008 -2.966208197803478E-013
  3.942000000000000E-008 -2.964943657174506E-013
  3.942600000000000E-008 -2.963674429124093E-013
  3.943200000000000E-008 -2.962400528186293E-013
  3.943800000000000E-008 -2.961121968905157E-013
  3.944399999999999E-008 -2.959838765834729E-013
  3.945000000000000E-008 -2.958550933539048E-013
  3.945600000000000E-008 -2.957258486592152E-013
  3.946200000000000E-008 -2.955961439578068E-013
  3.946800000000000E-008 -2.954659807090821E-013
  3.947399999999999E-008 -2.953353603734432E-013
  3.947999999999999E-008 -2.952042844122915E-013
  3.948599999999999E-008 -2.950727542880281E-013
  3.949200000000000E-008 -2.949407714640533E-013
  3.949800000000000E-008 -2.948083374047675E-013
  3.950400000000000E-008 -2.946754535755699E-013
  3.950999999999999E-008 -2.945421214428599E-013
  3.951599999999999E-008 -2.944083424740355E-013
  3.952199999999999E-008 -2.942741181374952E-013
  3.952800000000000E-008 -2.941394499026364E-013
  3.953400000000000E-008 -2.940043392398560E-013
  3.954000000000000E-008 -2.938687876205511E-013
  3.954600000000000E-008 -2.937327965171171E-013
  3.955200000000000E-008 -2.935963674029500E-013
  3.955800000000000E-008 -2.934595017524446E-013
  3.956400000000000E-008 -2.933222010409959E-013
  3.957000000000000E-008 -2.931844667449975E-013
  3.957600000000000E-008 -2.930463003418435E-013
  3.958200000000000E-008 -2.929077033099267E-013
  3.958800000000000E-008 -2.927686771286398E-013
  3.959400000000000E-008 -2.926292232783750E-013
  3.960000000000000E-008 -2.924893432405238E-013
  3.960600000000000E-008 -2.923490384974772E-013
  3.961200000000000E-008 -2.922083105326261E-013
  3.961800000000000E-008 -2.920671608303608E-013
  3.962400000000000E-008 -2.919255908760706E-013
  3.963000000000000E-008 -2.917836021561449E-013
  3.963600000000000E-008 -2.916411961579721E-013
  3.964200000000000E-008 -2.914983743699407E-013
  3.964799999999999E-008 -2.913551382814381E-013
  3.965400000000000E-008 -2.912114893828516E-013
  3.966000000000000E-008 -2.910674291655681E-013
  3.966600000000000E-008 -2.909229591219735E-013
  3.967200000000000E-008 -2.907780807454537E-013
  3.967799999999999E-008 -2.906327955303937E-013
  3.968399999999999E-008 -2.904871049721784E-013
  3.969000000000000E-008 -2.903410105671920E-013
  3.969600000000000E-008 -2.901945138128182E-013
  3.970200000000000E-008 -2.900476162074404E-013
  3.970800000000000E-008 -2.899003192504410E-013
  3.971399999999999E-008 -2.897526244422026E-013
  3.971999999999999E-008 -2.896045332841067E-013
  3.972599999999999E-008 -2.894560472785347E-013
  3.973200000000000E-008 -2.893071679288674E-013
  3.973800000000000E-008 -2.891578967394851E-013
  3.974400000000000E-008 -2.890082352157674E-013
  3.975000000000000E-008 -2.888581848640938E-013
  3.975600000000000E-008 -2.887077471918429E-013
  3.976200000000000E-008 -2.885569237073932E-013
  3.976800000000000E-008 -2.884057159201223E-013
  3.977400000000000E-008 -2.882541253404076E-013
  3.978000000000000E-008 -2.881021534796262E-013
  3.978600000000000E-008 -2.879498018501541E-013
  3.979200000000000E-008 -2.877970719653671E-013
  3.979800000000000E-008 -2.876439653396407E-013
  3.980400000000000E-008 -2.874904834883497E-013
  3.981000000000000E-008 -2.873366279278685E-013
  3.981600000000000E-008 -2.871824001755708E-013
  3.982200000000000E-008 -2.870278017498304E-013
  3.982800000000000E-008 -2.868728341700197E-013
  3.983400000000000E-008 -2.867174989565112E-013
  3.984000000000000E-008 -2.865617976306769E-013
  3.984600000000000E-008 -2.864057317148881E-013
  3.985200000000000E-008 -2.862493027325157E-013
  3.985800000000000E-008 -2.860925122079302E-013
  3.986400000000000E-008 -2.859353616665015E-013
  3.987000000000000E-008 -2.857778526345989E-013
  3.987600000000000E-008 -2.856199866395914E-013
  3.988199999999999E-008 -2.854617652098474E-013
  3.988799999999999E-008 -2.853031898747349E-013
  3.989400000000000E-008 -2.851442621646211E-013
  3.990000000000000E-008 -2.849849836108735E-013
  3.990600000000000E-008 -2.848253557458581E-013
  3.991200000000000E-008 -2.846653801029410E-013
  3.991799999999999E-008 -2.845050582164876E-013
  3.992399999999999E-008 -2.843443916218629E-013
  3.992999999999999E-008 -2.841833818554315E-013
  3.993600000000000E-008 -2.840220304545571E-013
  3.994200000000000E-008 -2.838603389576036E-013
  3.994799999999999E-008 -2.836983089039337E-013
  3.995399999999999E-008 -2.835359418339101E-013
  3.996000000000000E-008 -2.833732392888947E-013
  3.996600000000000E-008 -2.832102028112490E-013
  3.997200000000000E-008 -2.830468339443339E-013
  3.997800000000000E-008 -2.828831342325102E-013
  3.998400000000000E-008 -2.827191052211379E-013
  3.999000000000000E-008 -2.825547484565765E-013
  3.999600000000000E-008 -2.823900654861849E-013
  4.000200000000000E-008 -2.822250578583220E-013
  4.000800000000000E-008 -2.820597271223452E-013
  4.001400000000000E-008 -2.818940748286132E-013
  4.002000000000000E-008 -2.817281025284819E-013
  4.002599999999999E-008 -2.815618117743089E-013
  4.003200000000000E-008 -2.813952041194491E-013
  4.003800000000000E-008 -2.812282811182592E-013
  4.004400000000000E-008 -2.810610443260943E-013
  4.005000000000000E-008 -2.808934952993078E-013
  4.005599999999999E-008 -2.807256355952554E-013
  4.006200000000000E-008 -2.805574667722894E-013
  4.006799999999999E-008 -2.803889903897640E-013
  4.007400000000000E-008 -2.802202080080307E-013
  4.008000000000000E-008 -2.800511211884426E-013
  4.008600000000000E-008 -2.798817314933512E-013
  4.009200000000000E-008 -2.797120404861071E-013
  4.009799999999999E-008 -2.795420497310618E-013
  4.010400000000000E-008 -2.793717607935644E-013
  4.010999999999999E-008 -2.792011752399658E-013
  4.011600000000000E-008 -2.790302946376140E-013
  4.012200000000000E-008 -2.788591205548584E-013
  4.012799999999999E-008 -2.786876545610475E-013
  4.013400000000000E-008 -2.785158982265279E-013
  4.013999999999999E-008 -2.783438531226480E-013
  4.014600000000000E-008 -2.781715208217534E-013
  4.015199999999999E-008 -2.779989028971915E-013
  4.015799999999999E-008 -2.778260009233067E-013
  4.016400000000000E-008 -2.776528164754454E-013
  4.017000000000000E-008 -2.774793511299521E-013
  4.017600000000000E-008 -2.773056064641703E-013
  4.018200000000000E-008 -2.771315840564448E-013
  4.018800000000000E-008 -2.769572854861178E-013
  4.019400000000000E-008 -2.767827123335328E-013
  4.020000000000000E-008 -2.766078661800319E-013
  4.020600000000000E-008 -2.764327486079568E-013
  4.021200000000000E-008 -2.762573612006493E-013
  4.021800000000000E-008 -2.760817055424491E-013
  4.022400000000000E-008 -2.759057832186976E-013
  4.023000000000000E-008 -2.757295958157335E-013
  4.023600000000000E-008 -2.755531449208971E-013
  4.024200000000000E-008 -2.753764321225272E-013
  4.024800000000000E-008 -2.751994590099612E-013
  4.025400000000000E-008 -2.750222271735380E-013
  4.026000000000000E-008 -2.748447382045938E-013
  4.026599999999999E-008 -2.746669936954667E-013
  4.027200000000000E-008 -2.744889952394919E-013
  4.027800000000000E-008 -2.743107444310062E-013
  4.028400000000000E-008 -2.741322428653446E-013
  4.029000000000000E-008 -2.739534921388414E-013
  4.029599999999999E-008 -2.737744938488321E-013
  4.030200000000000E-008 -2.735952495936493E-013
  4.030799999999999E-008 -2.734157609726276E-013
  4.031400000000000E-008 -2.732360295860989E-013
  4.032000000000000E-008 -2.730560570353963E-013
  4.032599999999999E-008 -2.728758449228517E-013
  4.033200000000000E-008 -2.726953948517955E-013
  4.033799999999999E-008 -2.725147084265601E-013
  4.034400000000000E-008 -2.723337872524748E-013
  4.034999999999999E-008 -2.721526329358703E-013
  4.035599999999999E-008 -2.719712470840751E-013
  4.036200000000000E-008 -2.717896313054191E-013
  4.036799999999999E-008 -2.716077872092305E-013
  4.037400000000000E-008 -2.714257164058367E-013
  4.037999999999999E-008 -2.712434205065661E-013
  4.038600000000000E-008 -2.710609011237446E-013
  4.039200000000000E-008 -2.708781598706998E-013
  4.039800000000000E-008 -2.706951983617564E-013
  4.040400000000000E-008 -2.705120182122410E-013
  4.041000000000000E-008 -2.703286210384784E-013
  4.041600000000000E-008 -2.701450084577924E-013
  4.042200000000000E-008 -2.699611820885082E-013
  4.042800000000000E-008 -2.697771435499479E-013
  4.043399999999999E-008 -2.695928944624358E-013
  4.044000000000000E-008 -2.694084364472933E-013
  4.044600000000000E-008 -2.692237711268434E-013
  4.045200000000000E-008 -2.690389001244073E-013
  4.045800000000000E-008 -2.688538250643056E-013
  4.046399999999999E-008 -2.686685475718597E-013
  4.047000000000000E-008 -2.684830692733887E-013
  4.047600000000000E-008 -2.682973917962129E-013
  4.048200000000000E-008 -2.681115167686512E-013
  4.048800000000000E-008 -2.679254458200221E-013
  4.049400000000000E-008 -2.677391805806439E-013
  4.050000000000000E-008 -2.675527226818335E-013
  4.050599999999999E-008 -2.673660737559090E-013
  4.051200000000000E-008 -2.671792354361860E-013
  4.051800000000000E-008 -2.669922093569813E-013
  4.052400000000000E-008 -2.668049971536105E-013
  4.053000000000000E-008 -2.666176004623883E-013
  4.053599999999999E-008 -2.664300209206299E-013
  4.054200000000000E-008 -2.662422601666486E-013
  4.054799999999999E-008 -2.660543198397591E-013
  4.055400000000000E-008 -2.658662015802735E-013
  4.056000000000000E-008 -2.656779070295052E-013
  4.056599999999999E-008 -2.654894378297663E-013
  4.057200000000000E-008 -2.653007956243678E-013
  4.057799999999999E-008 -2.651119820576220E-013
  4.058400000000000E-008 -2.649229987748382E-013
  4.058999999999999E-008 -2.647338474223280E-013
  4.059600000000000E-008 -2.645445296473999E-013
  4.060200000000000E-008 -2.643550470983638E-013
  4.060800000000000E-008 -2.641654014245285E-013
  4.061400000000000E-008 -2.639755942762015E-013
  4.062000000000000E-008 -2.637856273046913E-013
  4.062600000000000E-008 -2.635955021623044E-013
  4.063200000000000E-008 -2.634052205023485E-013
  4.063800000000000E-008 -2.632147839791286E-013
  4.064400000000000E-008 -2.630241942479514E-013
  4.065000000000000E-008 -2.628334529651222E-013
  4.065600000000000E-008 -2.626425617879448E-013
  4.066200000000000E-008 -2.624515223747246E-013
  4.066800000000000E-008 -2.622603363847643E-013
  4.067399999999999E-008 -2.620690054783683E-013
  4.068000000000000E-008 -2.618775313168381E-013
  4.068600000000000E-008 -2.616859155624772E-013
  4.069200000000000E-008 -2.614941598785869E-013
  4.069800000000000E-008 -2.613022659294681E-013
  4.070399999999999E-008 -2.611102353804226E-013
  4.071000000000000E-008 -2.609180698977495E-013
  4.071599999999999E-008 -2.607257711487497E-013
  4.072200000000000E-008 -2.605333408017217E-013
  4.072800000000000E-008 -2.603407805259649E-013
  4.073399999999999E-008 -2.601480919917776E-013
  4.074000000000000E-008 -2.599552768704570E-013
  4.074599999999999E-008 -2.597623368343017E-013
  4.075200000000000E-008 -2.595692735566069E-013
  4.075799999999999E-008 -2.593760887116707E-013
  4.076399999999999E-008 -2.591827839747874E-013
  4.077000000000000E-008 -2.589893610222535E-013
  4.077599999999999E-008 -2.587958215313638E-013
  4.078200000000000E-008 -2.586021671804118E-013
  4.078799999999999E-008 -2.584083996486925E-013
  4.079399999999999E-008 -2.582145206164983E-013
  4.080000000000000E-008 -2.580205317651229E-013
  4.080599999999999E-008 -2.578264347768584E-013
  4.081200000000000E-008 -2.576322313349967E-013
  4.081800000000000E-008 -2.574379231238296E-013
  4.082400000000000E-008 -2.572435118286472E-013
  4.083000000000000E-008 -2.570489991357411E-013
  4.083600000000000E-008 -2.568543867323998E-013
  4.084200000000000E-008 -2.566596763069141E-013
  4.084800000000000E-008 -2.564648695485726E-013
  4.085400000000000E-008 -2.562699681476631E-013
  4.086000000000000E-008 -2.560749737954746E-013
  4.086600000000000E-008 -2.558798881842934E-013
  4.087199999999999E-008 -2.556847130074078E-013
  4.087800000000000E-008 -2.554894499591030E-013
  4.088400000000000E-008 -2.552941007346661E-013
  4.089000000000000E-008 -2.550986670303824E-013
  4.089600000000000E-008 -2.549031505435360E-013
  4.090200000000000E-008 -2.547075529724127E-013
  4.090800000000000E-008 -2.545118760162952E-013
  4.091399999999999E-008 -2.543161213754685E-013
  4.092000000000000E-008 -2.541202907512142E-013
  4.092600000000000E-008 -2.539243858458158E-013
  4.093200000000000E-008 -2.537284083625555E-013
  4.093800000000000E-008 -2.535323600057138E-013
  4.094399999999999E-008 -2.533362424805729E-013
  4.095000000000000E-008 -2.531400574934125E-013
  4.095599999999999E-008 -2.529438067515133E-013
  4.096200000000000E-008 -2.527474919631543E-013
  4.096800000000000E-008 -2.525511148376151E-013
  4.097399999999999E-008 -2.523546770851745E-013
  4.098000000000000E-008 -2.521581804171096E-013
  4.098599999999999E-008 -2.519616265456993E-013
  4.099200000000000E-008 -2.517650171842193E-013
  4.099799999999999E-008 -2.515683540469478E-013
  4.100399999999999E-008 -2.513716388491593E-013
  4.101000000000000E-008 -2.511748733071307E-013
  4.101599999999999E-008 -2.509780591381368E-013
  4.102200000000000E-008 -2.507811980604516E-013
  4.102800000000000E-008 -2.505842917933504E-013
  4.103400000000000E-008 -2.503873420571057E-013
  4.104000000000000E-008 -2.501903505729917E-013
  4.104600000000000E-008 -2.499933190632801E-013
  4.105200000000000E-008 -2.497962492512438E-013
  4.105800000000000E-008 -2.495991428611546E-013
  4.106400000000000E-008 -2.494020016182826E-013
  4.107000000000000E-008 -2.492048272489001E-013
  4.107600000000000E-008 -2.490076214802756E-013
  4.108200000000000E-008 -2.488103860406801E-013
  4.108800000000000E-008 -2.486131226593824E-013
  4.109400000000000E-008 -2.484158330666511E-013
  4.110000000000000E-008 -2.482185189937549E-013
  4.110600000000000E-008 -2.480211821729605E-013
  4.111199999999999E-008 -2.478238243375366E-013
  4.111800000000000E-008 -2.476264472217484E-013
  4.112400000000000E-008 -2.474290525608632E-013
  4.113000000000000E-008 -2.472316420911469E-013
  4.113600000000000E-008 -2.470342175498638E-013
  4.114199999999999E-008 -2.468367806752798E-013
  4.114800000000000E-008 -2.466393332066579E-013
  4.115399999999999E-008 -2.464418768842632E-013
  4.116000000000000E-008 -2.462444134493580E-013
  4.116600000000000E-008 -2.460469446442057E-013
  4.117199999999999E-008 -2.458494722120687E-013
  4.117800000000000E-008 -2.456519978972079E-013
  4.118399999999999E-008 -2.454545234448860E-013
  4.119000000000000E-008 -2.452570506013623E-013
  4.119599999999999E-008 -2.450595811138985E-013
  4.120199999999999E-008 -2.448621167307534E-013
  4.120800000000000E-008 -2.446646592011871E-013
  4.121399999999999E-008 -2.444672102754583E-013
  4.122000000000000E-008 -2.442697717048247E-013
  4.122599999999999E-008 -2.440723452415453E-013
  4.123200000000000E-008 -2.438749326388762E-013
  4.123800000000000E-008 -2.436775356510755E-013
  4.124400000000000E-008 -2.434801560333984E-013
  4.125000000000000E-008 -2.432827955421017E-013
  4.125600000000000E-008 -2.430854559344409E-013
  4.126200000000000E-008 -2.428881389686698E-013
  4.126800000000000E-008 -2.426908464040443E-013
  4.127400000000000E-008 -2.424935800008167E-013
  4.128000000000000E-008 -2.422963415202419E-013
  4.128600000000000E-008 -2.420991327245717E-013
  4.129200000000000E-008 -2.419019553770591E-013
  4.129800000000000E-008 -2.417048112419566E-013
  4.130400000000000E-008 -2.415077020845143E-013
  4.131000000000000E-008 -2.413106296709843E-013
  4.131600000000000E-008 -2.411135957686161E-013
  4.132199999999999E-008 -2.409166021456608E-013
  4.132800000000000E-008 -2.407196505713667E-013
  4.133400000000000E-008 -2.405227428159837E-013
  4.134000000000000E-008 -2.403258806507602E-013
  4.134600000000000E-008 -2.401290658479433E-013
  4.135199999999999E-008 -2.399323001807819E-013
  4.135800000000000E-008 -2.397355854235214E-013
  4.136400000000000E-008 -2.395389233514095E-013
  4.137000000000000E-008 -2.393423157406920E-013
  4.137600000000000E-008 -2.391457643686143E-013
  4.138199999999999E-008 -2.389492710134217E-013
  4.138800000000000E-008 -2.387528374543577E-013
  4.139399999999999E-008 -2.385564654716680E-013
  4.140000000000000E-008 -2.383601568465945E-013
  4.140600000000000E-008 -2.381639133613812E-013
  4.141199999999999E-008 -2.379677367992710E-013
  4.141800000000000E-008 -2.377716289445049E-013
  4.142399999999999E-008 -2.375755915823255E-013
  4.143000000000000E-008 -2.373796264989729E-013
  4.143599999999999E-008 -2.371837354816887E-013
  4.144199999999999E-008 -2.369879203187120E-013
  4.144800000000000E-008 -2.367921827992832E-013
  4.145400000000000E-008 -2.365965247136414E-013
  4.146000000000000E-008 -2.364009478530244E-013
  4.146600000000000E-008 -2.362054540096713E-013
  4.147200000000000E-008 -2.360100449768189E-013
  4.147800000000000E-008 -2.358147225487053E-013
  4.148400000000000E-008 -2.356194885205658E-013
  4.149000000000000E-008 -2.354243446886376E-013
  4.149600000000000E-008 -2.352292928501564E-013
  4.150200000000000E-008 -2.350343348033566E-013
  4.150800000000000E-008 -2.348394723474736E-013
  4.151400000000000E-008 -2.346447072827409E-013
  4.151999999999999E-008 -2.344500414103930E-013
  4.152600000000000E-008 -2.342554765326621E-013
  4.153200000000000E-008 -2.340610144527818E-013
  4.153800000000000E-008 -2.338666569749841E-013
  4.154400000000000E-008 -2.336724059045000E-013
  4.154999999999999E-008 -2.334782630475616E-013
  4.155600000000000E-008 -2.332842302113989E-013
  4.156199999999999E-008 -2.330903092042430E-013
  4.156800000000000E-008 -2.328965018353226E-013
  4.157400000000000E-008 -2.327028099148676E-013
  4.157999999999999E-008 -2.325092352541070E-013
  4.158600000000000E-008 -2.323157796652680E-013
  4.159199999999999E-008 -2.321224449615796E-013
  4.159800000000000E-008 -2.319292329572678E-013
  4.160399999999999E-008 -2.317361454675606E-013
  4.161000000000000E-008 -2.315431843086832E-013
  4.161600000000000E-008 -2.313503512978622E-013
  4.162199999999999E-008 -2.311576482533228E-013
  4.162800000000000E-008 -2.309650769942890E-013
  4.163399999999999E-008 -2.307726393409863E-013
  4.164000000000000E-008 -2.305803371146372E-013
  4.164599999999999E-008 -2.303881721374663E-013
  4.165199999999999E-008 -2.301961462326953E-013
  4.165800000000000E-008 -2.300042612245473E-013
  4.166400000000000E-008 -2.298125189382441E-013
  4.167000000000000E-008 -2.296209212000062E-013
  4.167600000000000E-008 -2.294294698370558E-013
  4.168200000000000E-008 -2.292381666776118E-013
  4.168800000000000E-008 -2.290470135508951E-013
  4.169400000000000E-008 -2.288560122871250E-013
  4.170000000000000E-008 -2.286651647175195E-013
  4.170600000000000E-008 -2.284744726742982E-013
  4.171200000000000E-008 -2.282839379906778E-013
  4.171800000000000E-008 -2.280935625008767E-013
  4.172400000000000E-008 -2.279033480401110E-013
  4.173000000000000E-008 -2.277132964445976E-013
  4.173600000000000E-008 -2.275234095515526E-013
  4.174200000000000E-008 -2.273336891991906E-013
  4.174800000000000E-008 -2.271441372267273E-013
  4.175400000000000E-008 -2.269547554743765E-013
  4.175999999999999E-008 -2.267655457833530E-013
  4.176600000000000E-008 -2.265765099958691E-013
  4.177200000000000E-008 -2.263876499551387E-013
  4.177800000000000E-008 -2.261989675053742E-013
  4.178400000000000E-008 -2.260104644917867E-013
  4.178999999999999E-008 -2.258221427605887E-013
  4.179600000000000E-008 -2.256340041589903E-013
  4.180199999999999E-008 -2.254460505352029E-013
  4.180800000000000E-008 -2.252582837384355E-013
  4.181400000000000E-008 -2.250707056188982E-013
  4.181999999999999E-008 -2.248833180278003E-013
  4.182600000000000E-008 -2.246961228173493E-013
  4.183199999999999E-008 -2.245091218407543E-013
  4.183800000000000E-008 -2.243223169522217E-013
  4.184399999999999E-008 -2.241357100069599E-013
  4.184999999999999E-008 -2.239493028611740E-013
  4.185600000000000E-008 -2.237630973720709E-013
  4.186199999999999E-008 -2.235770953978563E-013
  4.186800000000000E-008 -2.233912987977345E-013
  4.187399999999999E-008 -2.232057094319109E-013
  4.188000000000000E-008 -2.230203291615886E-013
  4.188600000000000E-008 -2.228351598489722E-013
  4.189200000000000E-008 -2.226502033572637E-013
  4.189800000000000E-008 -2.224654615506666E-013
  4.190400000000000E-008 -2.222809362943828E-013
  4.191000000000000E-008 -2.220966294546133E-013
  4.191600000000000E-008 -2.219125428985602E-013
  4.192200000000000E-008 -2.217286784944230E-013
  4.192799999999999E-008 -2.215450381114028E-013
  4.193400000000000E-008 -2.213616236196984E-013
  4.194000000000000E-008 -2.211784368905095E-013
  4.194600000000000E-008 -2.209954797960348E-013
  4.195200000000000E-008 -2.208127542094717E-013
  4.195799999999999E-008 -2.206302620050188E-013
  4.196400000000000E-008 -2.204480050578724E-013
  4.197000000000000E-008 -2.202659852442297E-013
  4.197600000000000E-008 -2.200842040856587E-013
  4.198200000000000E-008 -2.199026616818063E-013
  4.198799999999999E-008 -2.197213577765750E-013
  4.199400000000000E-008 -2.195402921136456E-013
  4.199999999999999E-008 -2.193594644364811E-013
  4.200600000000000E-008 -2.191788744883233E-013
  4.201200000000000E-008 -2.189985220121958E-013
  4.201800000000000E-008 -2.188184067509019E-013
  4.202400000000000E-008 -2.186385284470246E-013
  4.202999999999999E-008 -2.184588868429289E-013
  4.203600000000000E-008 -2.182794816807584E-013
  4.204199999999999E-008 -2.181003127024390E-013
  4.204800000000000E-008 -2.179213796496747E-013
  4.205400000000000E-008 -2.177426822639522E-013
  4.205999999999999E-008 -2.175642202865374E-013
  4.206600000000000E-008 -2.173859934584758E-013
  4.207199999999999E-008 -2.172080015205954E-013
  4.207800000000000E-008 -2.170302442135021E-013
  4.208399999999999E-008 -2.168527212775847E-013
  4.209000000000000E-008 -2.166754324530100E-013
  4.209600000000000E-008 -2.164983774797271E-013
  4.210200000000000E-008 -2.163215560974647E-013
  4.210800000000000E-008 -2.161449680457311E-013
  4.211400000000000E-008 -2.159686130638168E-013
  4.212000000000000E-008 -2.157924908907906E-013
  4.212600000000000E-008 -2.156166012655039E-013
  4.213200000000000E-008 -2.154409439265861E-013
  4.213800000000000E-008 -2.152655186124490E-013
  4.214400000000000E-008 -2.150903250612840E-013
  4.215000000000000E-008 -2.149153630110622E-013
  4.215600000000000E-008 -2.147406321995367E-013
  4.216200000000000E-008 -2.145661323642391E-013
  4.216799999999999E-008 -2.143918632424831E-013
  4.217400000000000E-008 -2.142178245713611E-013
  4.218000000000000E-008 -2.140440160877477E-013
  4.218600000000000E-008 -2.138704375282968E-013
  4.219200000000000E-008 -2.136970886294420E-013
  4.219799999999999E-008 -2.135239691273994E-013
  4.220400000000000E-008 -2.133510787581630E-013
  4.220999999999999E-008 -2.131784172575096E-013
  4.221600000000000E-008 -2.130059843609940E-013
  4.222200000000000E-008 -2.128337798039533E-013
  4.222799999999999E-008 -2.126618033215044E-013
  4.223400000000000E-008 -2.124900546485438E-013
  4.223999999999999E-008 -2.123185335197497E-013
  4.224600000000000E-008 -2.121472396695791E-013
  4.225200000000000E-008 -2.119761728322711E-013
  4.225799999999999E-008 -2.118053327418441E-013
  4.226400000000000E-008 -2.116347191320972E-013
  4.226999999999999E-008 -2.114643317366100E-013
  4.227600000000000E-008 -2.112941702887416E-013
  4.228199999999999E-008 -2.111242345216333E-013
  4.228799999999999E-008 -2.109545241682044E-013
  4.229400000000000E-008 -2.107850389611570E-013
  4.229999999999999E-008 -2.106157786329723E-013
  4.230600000000000E-008 -2.104467429159110E-013
  4.231200000000000E-008 -2.102779315420167E-013
  4.231800000000000E-008 -2.101093442431106E-013
  4.232400000000000E-008 -2.099409807507967E-013
  4.233000000000000E-008 -2.097728407964573E-013
  4.233600000000000E-008 -2.096049241112566E-013
  4.234200000000000E-008 -2.094372304261388E-013
  4.234800000000000E-008 -2.092697594718277E-013
  4.235400000000000E-008 -2.091025109788288E-013
  4.236000000000000E-008 -2.089354846774265E-013
  4.236599999999999E-008 -2.087686802976873E-013
  4.237200000000000E-008 -2.086020975694562E-013
  4.237800000000000E-008 -2.084357362223603E-013
  4.238400000000000E-008 -2.082695959858062E-013
  4.239000000000000E-008 -2.081036765889804E-013
  4.239599999999999E-008 -2.079379777608512E-013
  4.240200000000000E-008 -2.077724992301657E-013
  4.240799999999999E-008 -2.076072407254530E-013
  4.241400000000000E-008 -2.074422019750209E-013
  4.242000000000000E-008 -2.072773827069590E-013
  4.242600000000000E-008 -2.071127826491368E-013
  4.243200000000000E-008 -2.069484015292034E-013
  4.243799999999999E-008 -2.067842390745897E-013
  4.244400000000000E-008 -2.066202950125057E-013
  4.244999999999999E-008 -2.064565690699429E-013
  4.245600000000000E-008 -2.062930609736719E-013
  4.246200000000000E-008 -2.061297704502450E-013
  4.246799999999999E-008 -2.059666972259944E-013
  4.247400000000000E-008 -2.058038410270318E-013
  4.247999999999999E-008 -2.056412015792510E-013
  4.248600000000000E-008 -2.054787786083244E-013
  4.249199999999999E-008 -2.053165718397064E-013
  4.249799999999999E-008 -2.051545809986301E-013
  4.250400000000000E-008 -2.049928058101107E-013
  4.250999999999999E-008 -2.048312459989430E-013
  4.251600000000000E-008 -2.046699012897013E-013
  4.252200000000000E-008 -2.045087714067422E-013
  4.252800000000000E-008 -2.043478560742006E-013
  4.253400000000000E-008 -2.041871550159936E-013
  4.254000000000000E-008 -2.040266679558176E-013
  4.254600000000000E-008 -2.038663946171498E-013
  4.255200000000000E-008 -2.037063347232477E-013
  4.255800000000000E-008 -2.035464879971485E-013
  4.256400000000000E-008 -2.033868541616714E-013
  4.257000000000000E-008 -2.032274329394141E-013
  4.257600000000000E-008 -2.030682240527563E-013
  4.258200000000000E-008 -2.029092272238573E-013
  4.258800000000000E-008 -2.027504421746563E-013
  4.259400000000000E-008 -2.025918686268742E-013
  4.260000000000000E-008 -2.024335063020106E-013
  4.260599999999999E-008 -2.022753549213476E-013
  4.261200000000000E-008 -2.021174142059453E-013
  4.261800000000000E-008 -2.019596838766461E-013
  4.262400000000000E-008 -2.018021636540722E-013
  4.263000000000000E-008 -2.016448532586253E-013
  4.263599999999999E-008 -2.014877524104891E-013
  4.264200000000000E-008 -2.013308608296259E-013
  4.264799999999999E-008 -2.011741782357803E-013
  4.265400000000000E-008 -2.010177043484752E-013
  4.266000000000000E-008 -2.008614388870158E-013
  4.266599999999999E-008 -2.007053815704868E-013
  4.267200000000000E-008 -2.005495321177527E-013
  4.267799999999999E-008 -2.003938902474598E-013
  4.268400000000000E-008 -2.002384556780332E-013
  4.268999999999999E-008 -2.000832281276800E-013
  4.269599999999999E-008 -1.999282073143860E-013
  4.270200000000000E-008 -1.997733929559189E-013
  4.270799999999999E-008 -1.996187847698262E-013
  4.271400000000000E-008 -1.994643824734350E-013
  4.271999999999999E-008 -1.993101857838544E-013
  4.272599999999999E-008 -1.991561944179720E-013
  4.273200000000000E-008 -1.990024080924579E-013
  4.273800000000000E-008 -1.988488265237602E-013
  4.274400000000000E-008 -1.986954494281096E-013
  4.275000000000000E-008 -1.985422765215161E-013
  4.275600000000000E-008 -1.983893075197695E-013
  4.276200000000000E-008 -1.982365421384417E-013
  4.276800000000000E-008 -1.980839800928829E-013
  4.277399999999999E-008 -1.979316210982258E-013
  4.278000000000000E-008 -1.977794648693815E-013
  4.278600000000000E-008 -1.976275111210430E-013
  4.279200000000000E-008 -1.974757595676832E-013
  4.279800000000000E-008 -1.973242099235545E-013
  4.280400000000000E-008 -1.971728619026915E-013
  4.281000000000000E-008 -1.970217152189072E-013
  4.281599999999999E-008 -1.968707695857967E-013
  4.282200000000000E-008 -1.967200247167340E-013
  4.282800000000000E-008 -1.965694803248749E-013
  4.283400000000000E-008 -1.964191361231547E-013
  4.284000000000000E-008 -1.962689918242888E-013
  4.284599999999999E-008 -1.961190471407741E-013
  4.285200000000000E-008 -1.959693017848866E-013
  4.285800000000000E-008 -1.958197554686838E-013
  4.286400000000000E-008 -1.956704079040032E-013
  4.287000000000000E-008 -1.955212588024619E-013
  4.287599999999999E-008 -1.953723078754589E-013
  4.288200000000000E-008 -1.952235548341721E-013
  4.288799999999999E-008 -1.950749993895609E-013
  4.289400000000000E-008 -1.949266412523641E-013
  4.290000000000000E-008 -1.947784801331018E-013
  4.290599999999999E-008 -1.946305157420744E-013
  4.291200000000000E-008 -1.944827477893615E-013
  4.291799999999999E-008 -1.943351759848247E-013
  4.292400000000000E-008 -1.941878000381047E-013
  4.292999999999999E-008 -1.940406196586238E-013
  4.293599999999999E-008 -1.938936345555831E-013
  4.294200000000000E-008 -1.937468444379657E-013
  4.294800000000000E-008 -1.936002490145344E-013
  4.295400000000000E-008 -1.934538479938316E-013
  4.296000000000000E-008 -1.933076410841818E-013
  4.296600000000000E-008 -1.931616279936881E-013
  4.297200000000000E-008 -1.930158084302355E-013
  4.297800000000000E-008 -1.928701821014880E-013
  4.298400000000000E-008 -1.927247487148912E-013
  4.299000000000000E-008 -1.925795079776706E-013
  4.299600000000000E-008 -1.924344595968314E-013
  4.300200000000000E-008 -1.922896032791607E-013
  4.300800000000000E-008 -1.921449387312241E-013
  4.301399999999999E-008 -1.920004656593697E-013
  4.302000000000000E-008 -1.918561837697239E-013
  4.302600000000000E-008 -1.917120927681950E-013
  4.303200000000000E-008 -1.915681923604712E-013
  4.303800000000000E-008 -1.914244822520205E-013
  4.304399999999999E-008 -1.912809621480925E-013
  4.305000000000000E-008 -1.911376317537158E-013
  4.305599999999999E-008 -1.909944907737007E-013
  4.306200000000000E-008 -1.908515389126366E-013
  4.306800000000000E-008 -1.907087758748945E-013
  4.307399999999999E-008 -1.905662013646252E-013
  4.308000000000000E-008 -1.904238150857594E-013
  4.308599999999999E-008 -1.902816167420094E-013
  4.309200000000000E-008 -1.901396060368663E-013
  4.309799999999999E-008 -1.899977826736035E-013
  4.310399999999999E-008 -1.898561463552727E-013
  4.311000000000000E-008 -1.897146967847079E-013
  4.311599999999999E-008 -1.895734336645222E-013
  4.312200000000000E-008 -1.894323566971093E-013
  4.312799999999999E-008 -1.892914655846441E-013
  4.313400000000000E-008 -1.891507600290804E-013
  4.314000000000000E-008 -1.890102397321539E-013
  4.314599999999999E-008 -1.888699043953801E-013
  4.315200000000000E-008 -1.887297537200541E-013
  4.315800000000000E-008 -1.885897874072529E-013
  4.316400000000000E-008 -1.884500051578323E-013
  4.317000000000000E-008 -1.883104066724302E-013
  4.317600000000000E-008 -1.881709916514629E-013
  4.318200000000000E-008 -1.880317597951289E-013
  4.318800000000000E-008 -1.878927108034063E-013
  4.319400000000000E-008 -1.877538443760529E-013
  4.320000000000000E-008 -1.876151602126084E-013
  4.320600000000000E-008 -1.874766580123913E-013
  4.321200000000000E-008 -1.873383374745021E-013
  4.321800000000000E-008 -1.872001982978199E-013
  4.322400000000000E-008 -1.870622401810058E-013
  4.323000000000000E-008 -1.869244628225006E-013
  4.323600000000000E-008 -1.867868659205248E-013
  4.324200000000000E-008 -1.866494491730808E-013
  4.324800000000000E-008 -1.865122122779499E-013
  4.325399999999999E-008 -1.863751549326949E-013
  4.326000000000000E-008 -1.862382768346580E-013
  4.326600000000000E-008 -1.861015776809628E-013
  4.327200000000000E-008 -1.859650571685127E-013
  4.327800000000000E-008 -1.858287149939911E-013
  4.328399999999999E-008 -1.856925508538630E-013
  4.329000000000000E-008 -1.855565644443722E-013
  4.329599999999999E-008 -1.854207554615445E-013
  4.330200000000000E-008 -1.852851236011846E-013
  4.330800000000000E-008 -1.851496685588788E-013
  4.331399999999999E-008 -1.850143900299933E-013
  4.332000000000000E-008 -1.848792877096739E-013
  4.332599999999999E-008 -1.847443612928485E-013
  4.333200000000000E-008 -1.846096104742237E-013
  4.333799999999999E-008 -1.844750349482877E-013
  4.334399999999999E-008 -1.843406344093080E-013
  4.335000000000000E-008 -1.842064085513337E-013
  4.335599999999999E-008 -1.840723570681935E-013
  4.336200000000000E-008 -1.839384796534960E-013
  4.336799999999999E-008 -1.838047760006319E-013
  4.337400000000000E-008 -1.836712458027701E-013
  4.338000000000000E-008 -1.835378887528619E-013
  4.338600000000000E-008 -1.834047045436373E-013
  4.339200000000000E-008 -1.832716928676080E-013
  4.339800000000000E-008 -1.831388534170655E-013
  4.340400000000000E-008 -1.830061858840811E-013
  4.341000000000000E-008 -1.828736899605081E-013
  4.341600000000000E-008 -1.827413653379782E-013
  4.342200000000000E-008 -1.826092117079051E-013
  4.342800000000000E-008 -1.824772287614822E-013
  4.343400000000000E-008 -1.823454161896829E-013
  4.344000000000000E-008 -1.822137736832620E-013
  4.344600000000000E-008 -1.820823009327536E-013
  4.345199999999999E-008 -1.819509976284732E-013
  4.345800000000000E-008 -1.818198634605154E-013
  4.346400000000000E-008 -1.816888981187567E-013
  4.347000000000000E-008 -1.815581012928531E-013
  4.347600000000000E-008 -1.814274726722406E-013
  4.348199999999999E-008 -1.812970119461369E-013
  4.348800000000000E-008 -1.811667188035385E-013
  4.349399999999999E-008 -1.810365929332238E-013
  4.350000000000000E-008 -1.809066340237501E-013
  4.350600000000000E-008 -1.807768417634564E-013
  4.351199999999999E-008 -1.806472158404616E-013
  4.351800000000000E-008 -1.805177559426641E-013
  4.352399999999999E-008 -1.803884617577445E-013
  4.353000000000000E-008 -1.802593329731620E-013
  4.353599999999999E-008 -1.801303692761575E-013
  4.354200000000000E-008 -1.800015703537512E-013
  4.354800000000000E-008 -1.798729358927447E-013
  4.355399999999999E-008 -1.797444655797195E-013
  4.356000000000000E-008 -1.796161591010369E-013
  4.356599999999999E-008 -1.794880161428400E-013
  4.357200000000000E-008 -1.793600363910506E-013
  4.357799999999999E-008 -1.792322195313726E-013
  4.358400000000000E-008 -1.791045652492886E-013
  4.359000000000000E-008 -1.789770732300630E-013
  4.359600000000000E-008 -1.788497431587399E-013
  4.360200000000000E-008 -1.787225747201435E-013
  4.360800000000000E-008 -1.785955675988793E-013
  4.361400000000000E-008 -1.784687214793320E-013
  4.362000000000000E-008 -1.783420360456681E-013
  4.362600000000000E-008 -1.782155109818328E-013
  4.363200000000000E-008 -1.780891459715534E-013
  4.363800000000000E-008 -1.779629406983365E-013
  4.364400000000000E-008 -1.778368948454690E-013
  4.365000000000000E-008 -1.777110080960192E-013
  4.365600000000000E-008 -1.775852801328344E-013
  4.366199999999999E-008 -1.774597106385437E-013
  4.366800000000000E-008 -1.773342992955553E-013
  4.367400000000000E-008 -1.772090457860588E-013
  4.368000000000000E-008 -1.770839497920237E-013
  4.368600000000000E-008 -1.769590109951995E-013
  4.369199999999999E-008 -1.768342290771173E-013
  4.369800000000000E-008 -1.767096037190869E-013
  4.370399999999999E-008 -1.765851346022003E-013
  4.371000000000000E-008 -1.764608214073283E-013
  4.371600000000000E-008 -1.763366638151229E-013
  4.372199999999999E-008 -1.762126615060167E-013
  4.372800000000000E-008 -1.760888141602217E-013
  4.373399999999999E-008 -1.759651214577317E-013
  4.374000000000000E-008 -1.758415830783193E-013
  4.374600000000000E-008 -1.757181987015388E-013
  4.375199999999999E-008 -1.755949680067244E-013
  4.375800000000000E-008 -1.754718906729901E-013
  4.376399999999999E-008 -1.753489663792315E-013
  4.377000000000000E-008 -1.752261948041232E-013
  4.377599999999999E-008 -1.751035756261217E-013
  4.378199999999999E-008 -1.749811085234623E-013
  4.378800000000000E-008 -1.748587931741619E-013
  4.379399999999999E-008 -1.747366292560175E-013
  4.380000000000000E-008 -1.746146164466057E-013
  4.380600000000000E-008 -1.744927544232848E-013
  4.381200000000000E-008 -1.743710428631922E-013
  4.381800000000000E-008 -1.742494814432470E-013
  4.382400000000000E-008 -1.741280698401471E-013
  4.383000000000000E-008 -1.740068077303723E-013
  4.383600000000000E-008 -1.738856947901820E-013
  4.384200000000000E-008 -1.737647306956157E-013
  4.384800000000000E-008 -1.736439151224944E-013
  4.385400000000000E-008 -1.735232477464180E-013
  4.385999999999999E-008 -1.734027282427683E-013
  4.386600000000000E-008 -1.732823562867060E-013
  4.387200000000000E-008 -1.731621315531736E-013
  4.387800000000000E-008 -1.730420537168932E-013
  4.388400000000000E-008 -1.729221224523669E-013
  4.388999999999999E-008 -1.728023374338784E-013
  4.389600000000000E-008 -1.726826983354902E-013
  4.390199999999999E-008 -1.725632048310470E-013
  4.390800000000000E-008 -1.724438565941721E-013
  4.391400000000000E-008 -1.723246532982705E-013
  4.391999999999999E-008 -1.722055946165272E-013
  4.392600000000000E-008 -1.720866802219069E-013
  4.393199999999999E-008 -1.719679097871559E-013
  4.393800000000000E-008 -1.718492829847997E-013
  4.394399999999999E-008 -1.717307994871453E-013
  4.395000000000000E-008 -1.716124589662788E-013
  4.395600000000000E-008 -1.714942610940681E-013
  4.396199999999999E-008 -1.713762055421606E-013
  4.396800000000000E-008 -1.712582919819839E-013
  4.397399999999999E-008 -1.711405200847469E-013
  4.398000000000000E-008 -1.710228895214377E-013
  4.398599999999999E-008 -1.709053999628261E-013
  4.399199999999999E-008 -1.707880510794611E-013
  4.399800000000000E-008 -1.706708425416725E-013
  4.400399999999999E-008 -1.705537740195713E-013
  4.401000000000000E-008 -1.704368451830471E-013
  4.401600000000000E-008 -1.703200557017720E-013
  4.402200000000000E-008 -1.702034052451965E-013
  4.402800000000000E-008 -1.700868934825530E-013
  4.403400000000000E-008 -1.699705200828537E-013
  4.404000000000000E-008 -1.698542847148906E-013
  4.404600000000000E-008 -1.697381870472373E-013
  4.405200000000000E-008 -1.696222267482465E-013
  4.405800000000000E-008 -1.695064034860527E-013
  4.406400000000000E-008 -1.693907169285691E-013
  4.407000000000000E-008 -1.692751667434909E-013
  4.407600000000000E-008 -1.691597525982929E-013
  4.408200000000000E-008 -1.690444741602298E-013
  4.408800000000000E-008 -1.689293310963379E-013
  4.409400000000000E-008 -1.688143230734327E-013
  4.409999999999999E-008 -1.686994497581111E-013
  4.410600000000000E-008 -1.685847108167492E-013
  4.411200000000000E-008 -1.684701059155049E-013
  4.411800000000000E-008 -1.683556347203155E-013
  4.412400000000000E-008 -1.682412968968986E-013
  4.412999999999999E-008 -1.681270921107531E-013
  4.413600000000000E-008 -1.680130200271571E-013
  4.414199999999999E-008 -1.678990803111703E-013
  4.414800000000000E-008 -1.677852726276314E-013
  4.415400000000000E-008 -1.676715966411610E-013
  4.415999999999999E-008 -1.675580520161592E-013
  4.416600000000000E-008 -1.674446384168061E-013
  4.417199999999999E-008 -1.673313555070635E-013
  4.417800000000000E-008 -1.672182029506719E-013
  4.418399999999999E-008 -1.671051804111540E-013
  4.418999999999999E-008 -1.669922875518110E-013
  4.419600000000000E-008 -1.668795240357262E-013
  4.420199999999999E-008 -1.667668895257623E-013
  4.420800000000000E-008 -1.666543836845623E-013
  4.421399999999999E-008 -1.665420061745505E-013
  4.421999999999999E-008 -1.664297566579303E-013
  4.422600000000000E-008 -1.663176347966867E-013
  4.423200000000000E-008 -1.662056402525840E-013
  4.423800000000000E-008 -1.660937726871680E-013
  4.424400000000000E-008 -1.659820317617640E-013
  4.425000000000000E-008 -1.658704171374779E-013
  4.425600000000000E-008 -1.657589284751964E-013
  4.426200000000000E-008 -1.656475654355859E-013
  4.426799999999999E-008 -1.655363276790938E-013
  4.427400000000000E-008 -1.654252148659473E-013
  4.428000000000000E-008 -1.653142266561547E-013
  4.428600000000000E-008 -1.652033627095043E-013
  4.429200000000000E-008 -1.650926226855643E-013
  4.429799999999999E-008 -1.649820062436843E-013
  4.430400000000000E-008 -1.648715130429932E-013
  4.431000000000000E-008 -1.647611427424013E-013
  4.431600000000000E-008 -1.646508950005987E-013
  4.432200000000000E-008 -1.645407694760557E-013
  4.432800000000000E-008 -1.644307658270238E-013
  4.433400000000000E-008 -1.643208837115338E-013
  4.433999999999999E-008 -1.642111227873979E-013
  4.434600000000000E-008 -1.641014827122077E-013
  4.435200000000000E-008 -1.639919631433363E-013
  4.435800000000000E-008 -1.638825637379364E-013
  4.436400000000000E-008 -1.637732841529409E-013
  4.436999999999999E-008 -1.636641240450641E-013
  4.437600000000000E-008 -1.635550830707993E-013
  4.438199999999999E-008 -1.634461608864217E-013
  4.438800000000000E-008 -1.633373571479855E-013
  4.439400000000000E-008 -1.632286715113262E-013
  4.439999999999999E-008 -1.631201036320596E-013
  4.440600000000000E-008 -1.630116531655809E-013
  4.441199999999999E-008 -1.629033197670673E-013
  4.441800000000000E-008 -1.627951030914749E-013
  4.442399999999999E-008 -1.626870027935413E-013
  4.442999999999999E-008 -1.625790185277834E-013
  4.443600000000000E-008 -1.624711499484997E-013
  4.444200000000000E-008 -1.623633967097682E-013
  4.444800000000000E-008 -1.622557584654474E-013
  4.445400000000000E-008 -1.621482348691767E-013
  4.446000000000000E-008 -1.620408255743749E-013
  4.446600000000000E-008 -1.619335302342426E-013
  4.447200000000000E-008 -1.618263485017592E-013
  4.447800000000000E-008 -1.617192800296857E-013
  4.448400000000000E-008 -1.616123244705632E-013
  4.449000000000000E-008 -1.615054814767125E-013
  4.449600000000000E-008 -1.613987507002359E-013
  4.450200000000000E-008 -1.612921317930149E-013
  4.450799999999999E-008 -1.611856244067125E-013
  4.451400000000000E-008 -1.610792281927712E-013
  4.452000000000000E-008 -1.609729428024145E-013
  4.452600000000000E-008 -1.608667678866460E-013
  4.453200000000000E-008 -1.607607030962493E-013
  4.453799999999999E-008 -1.606547480817896E-013
  4.454400000000000E-008 -1.605489024936109E-013
  4.454999999999999E-008 -1.604431659818389E-013
  4.455600000000000E-008 -1.603375381963787E-013
  4.456200000000000E-008 -1.602320187869165E-013
  4.456799999999999E-008 -1.601266074029188E-013
  4.457400000000000E-008 -1.600213036936318E-013
  4.457999999999999E-008 -1.599161073080832E-013
  4.458600000000000E-008 -1.598110178950797E-013
  4.459200000000000E-008 -1.597060351032098E-013
  4.459799999999999E-008 -1.596011585808417E-013
  4.460400000000000E-008 -1.594963879761235E-013
  4.460999999999999E-008 -1.593917229369848E-013
  4.461600000000000E-008 -1.592871631111344E-013
  4.462199999999999E-008 -1.591827081460628E-013
  4.462799999999999E-008 -1.590783576890393E-013
  4.463400000000000E-008 -1.589741113871150E-013
  4.463999999999999E-008 -1.588699688871209E-013
  4.464600000000000E-008 -1.587659298356678E-013
  4.465200000000000E-008 -1.586619938791478E-013
  4.465800000000000E-008 -1.585581606637327E-013
  4.466400000000000E-008 -1.584544298353753E-013
  4.467000000000000E-008 -1.583508010398079E-013
  4.467600000000000E-008 -1.582472739225443E-013
  4.468200000000000E-008 -1.581438481288778E-013
  4.468800000000000E-008 -1.580405233038823E-013
  4.469400000000000E-008 -1.579372990924125E-013
  4.470000000000000E-008 -1.578341751391026E-013
  4.470599999999999E-008 -1.577311510883685E-013
  4.471200000000000E-008 -1.576282265844049E-013
  4.471800000000000E-008 -1.575254012711883E-013
  4.472400000000000E-008 -1.574226747924749E-013
  4.473000000000000E-008 -1.573200467918010E-013
  4.473600000000000E-008 -1.572175169124842E-013
  4.474200000000000E-008 -1.571150847976213E-013
  4.474799999999999E-008 -1.570127500900908E-013
  4.475400000000000E-008 -1.569105124325503E-013
  4.476000000000000E-008 -1.568083714674388E-013
  4.476600000000000E-008 -1.567063268369752E-013
  4.477200000000000E-008 -1.566043781831586E-013
  4.477799999999999E-008 -1.565025251477691E-013
  4.478400000000000E-008 -1.564007673723664E-013
  4.478999999999999E-008 -1.562991044982916E-013
  4.479600000000000E-008 -1.561975361666648E-013
  4.480200000000000E-008 -1.560960620183880E-013
  4.480799999999999E-008 -1.559946816941426E-013
  4.481400000000000E-008 -1.558933948343904E-013
  4.481999999999999E-008 -1.557922010793743E-013
  4.482600000000000E-008 -1.556911000691165E-013
  4.483199999999999E-008 -1.555900914434208E-013
  4.483799999999999E-008 -1.554891748418702E-013
  4.484400000000000E-008 -1.553883499038291E-013
  4.484999999999999E-008 -1.552876162684418E-013
  4.485600000000000E-008 -1.551869735746326E-013
  4.486200000000000E-008 -1.550864214611074E-013
  4.486800000000000E-008 -1.549859595663507E-013
  4.487400000000000E-008 -1.548855875286293E-013
  4.488000000000000E-008 -1.547853049859888E-013
  4.488600000000000E-008 -1.546851115762559E-013
  4.489200000000000E-008 -1.545850069370381E-013
  4.489800000000000E-008 -1.544849907057223E-013
  4.490400000000000E-008 -1.543850625194769E-013
  4.491000000000000E-008 -1.542852220152492E-013
  4.491600000000000E-008 -1.541854688297684E-013
  4.492200000000000E-008 -1.540858025995435E-013
  4.492800000000000E-008 -1.539862229608632E-013
  4.493400000000000E-008 -1.538867295497979E-013
  4.494000000000000E-008 -1.537873220021972E-013
  4.494599999999999E-008 -1.536879999536921E-013
  4.495200000000000E-008 -1.535887630396927E-013
  4.495800000000000E-008 -1.534896108953909E-013
  4.496400000000000E-008 -1.533905431557583E-013
  4.497000000000000E-008 -1.532915594555463E-013
  4.497599999999999E-008 -1.531926594292881E-013
  4.498200000000000E-008 -1.530938427112958E-013
  4.498799999999999E-008 -1.529951089356631E-013
  4.499400000000000E-008 -1.528964577362629E-013
  4.500000000000000E-008 -1.527978887467498E-013
  4.500599999999999E-008 -1.526994016005580E-013
  4.501200000000000E-008 -1.526009959309016E-013
  4.501799999999999E-008 -1.525026713707764E-013
  4.502400000000000E-008 -1.524044275529573E-013
  4.502999999999999E-008 -1.523062641100008E-013
  4.503599999999999E-008 -1.522081806742423E-013
  4.504200000000000E-008 -1.521101768777990E-013
  4.504799999999999E-008 -1.520122523525679E-013
  4.505400000000000E-008 -1.519144067302260E-013
  4.505999999999999E-008 -1.518166396422315E-013
  4.506600000000000E-008 -1.517189507198220E-013
  4.507199999999999E-008 -1.516213395940167E-013
  4.507800000000000E-008 -1.515238058956138E-013
  4.508400000000000E-008 -1.514263492551932E-013
  4.509000000000000E-008 -1.513289693031144E-013
  4.509600000000000E-008 -1.512316656695172E-013
  4.510200000000000E-008 -1.511344379843225E-013
  4.510800000000000E-008 -1.510372858772306E-013
  4.511399999999999E-008 -1.509402089777232E-013
  4.512000000000000E-008 -1.508432069150615E-013
  4.512600000000000E-008 -1.507462793182879E-013
  4.513200000000000E-008 -1.506494258162245E-013
  4.513800000000000E-008 -1.505526460374739E-013
  4.514400000000000E-008 -1.504559396104197E-013
  4.515000000000000E-008 -1.503593061632248E-013
  4.515599999999999E-008 -1.502627453238337E-013
  4.516200000000000E-008 -1.501662567199703E-013
  4.516800000000000E-008 -1.500698399791393E-013
  4.517400000000000E-008 -1.499734947286260E-013
  4.518000000000000E-008 -1.498772205954954E-013
  4.518599999999999E-008 -1.497810172065938E-013
  4.519200000000000E-008 -1.496848841885469E-013
  4.519800000000000E-008 -1.495888211677618E-013
  4.520400000000000E-008 -1.494928277704253E-013
  4.521000000000000E-008 -1.493969036225044E-013
  4.521599999999999E-008 -1.493010483497473E-013
  4.522200000000000E-008 -1.492052615776817E-013
  4.522799999999999E-008 -1.491095429316166E-013
  4.523400000000000E-008 -1.490138920366403E-013
  4.524000000000000E-008 -1.489183085176225E-013
  4.524599999999999E-008 -1.488227919992129E-013
  4.525200000000000E-008 -1.487273421058411E-013
  4.525799999999999E-008 -1.486319584617179E-013
  4.526400000000000E-008 -1.485366406908339E-013
  4.526999999999999E-008 -1.484413884169605E-013
  4.527599999999999E-008 -1.483462012636489E-013
  4.528200000000000E-008 -1.482510788542313E-013
  4.528799999999999E-008 -1.481560208118202E-013
  4.529400000000000E-008 -1.480610267593079E-013
  4.530000000000000E-008 -1.479660963193680E-013
  4.530600000000000E-008 -1.478712291144534E-013
  4.531200000000000E-008 -1.477764247667986E-013
  4.531800000000000E-008 -1.476816828984172E-013
  4.532400000000000E-008 -1.475870031311044E-013
  4.533000000000000E-008 -1.474923850864351E-013
  4.533600000000000E-008 -1.473978283857643E-013
  4.534200000000000E-008 -1.473033326502283E-013
  4.534800000000000E-008 -1.472088975007429E-013
  4.535399999999999E-008 -1.471145225580050E-013
  4.536000000000000E-008 -1.470202074424910E-013
  4.536600000000000E-008 -1.469259517744588E-013
  4.537200000000000E-008 -1.468317551739460E-013
  4.537800000000000E-008 -1.467376172607703E-013
  4.538399999999999E-008 -1.466435376545306E-013
  4.539000000000000E-008 -1.465495159746054E-013
  4.539599999999999E-008 -1.464555518401544E-013
  4.540200000000000E-008 -1.463616448701166E-013
  4.540800000000000E-008 -1.462677946832125E-013
  4.541399999999999E-008 -1.461740008979424E-013
  4.542000000000000E-008 -1.460802631325869E-013
  4.542599999999999E-008 -1.459865810052074E-013
  4.543200000000000E-008 -1.458929541336450E-013
  4.543799999999999E-008 -1.457993821355223E-013
  4.544399999999999E-008 -1.457058646282410E-013
  4.545000000000000E-008 -1.456124012289839E-013
  4.545599999999999E-008 -1.455189915547145E-013
  4.546200000000000E-008 -1.454256352221757E-013
  4.546799999999999E-008 -1.453323318478917E-013
  4.547400000000000E-008 -1.452390810481665E-013
  4.548000000000000E-008 -1.451458824390849E-013
  4.548599999999999E-008 -1.450527356365120E-013
  4.549200000000000E-008 -1.449596402560926E-013
  4.549799999999999E-008 -1.448665959132531E-013
  4.550400000000000E-008 -1.447736022231992E-013
  4.551000000000000E-008 -1.446806588009178E-013
  4.551600000000000E-008 -1.445877652611754E-013
  4.552200000000000E-008 -1.444949212185196E-013
  4.552800000000000E-008 -1.444021262872781E-013
  4.553400000000000E-008 -1.443093800815586E-013
  4.554000000000000E-008 -1.442166822152501E-013
  4.554600000000000E-008 -1.441240323020207E-013
  4.555200000000000E-008 -1.440314299553203E-013
  4.555800000000000E-008 -1.439388747883780E-013
  4.556400000000000E-008 -1.438463664142041E-013
  4.557000000000000E-008 -1.437539044455890E-013
  4.557600000000000E-008 -1.436614884951030E-013
  4.558200000000000E-008 -1.435691181750977E-013
  4.558800000000000E-008 -1.434767930977042E-013
  4.559399999999999E-008 -1.433845128748349E-013
  4.560000000000000E-008 -1.432922771181815E-013
  4.560600000000000E-008 -1.432000854392171E-013
  4.561200000000000E-008 -1.431079374491947E-013
  4.561800000000000E-008 -1.430158327591474E-013
  4.562399999999999E-008 -1.429237709798894E-013
  4.563000000000000E-008 -1.428317517220145E-013
  4.563599999999999E-008 -1.427397745958978E-013
  4.564200000000000E-008 -1.426478392116937E-013
  4.564800000000000E-008 -1.425559451793379E-013
  4.565399999999999E-008 -1.424640921085462E-013
  4.566000000000000E-008 -1.423722796088142E-013
  4.566599999999999E-008 -1.422805072894191E-013
  4.567200000000000E-008 -1.421887747594172E-013
  4.567799999999999E-008 -1.420970816276462E-013
  4.568399999999999E-008 -1.420054275027232E-013
  4.569000000000000E-008 -1.419138119930468E-013
  4.569599999999999E-008 -1.418222347067952E-013
  4.570200000000000E-008 -1.417306952519270E-013
  4.570799999999999E-008 -1.416391932361817E-013
  4.571399999999999E-008 -1.415477282670785E-013
  4.572000000000000E-008 -1.414562999519179E-013
  4.572600000000000E-008 -1.413649078977797E-013
  4.573200000000000E-008 -1.412735517115247E-013
  4.573800000000000E-008 -1.411822309997943E-013
  4.574400000000000E-008 -1.410909453690096E-013
  4.575000000000000E-008 -1.409996944253728E-013
  4.575600000000000E-008 -1.409084777748658E-013
  4.576199999999999E-008 -1.408172950232516E-013
  4.576800000000000E-008 -1.407261457760730E-013
  4.577400000000000E-008 -1.406350296386533E-013
  4.578000000000000E-008 -1.405439462160967E-013
  4.578600000000000E-008 -1.404528951132868E-013
  4.579199999999999E-008 -1.403618759348887E-013
  4.579800000000000E-008 -1.402708882853468E-013
  4.580400000000000E-008 -1.401799317688868E-013
  4.581000000000000E-008 -1.400890059895144E-013
  4.581600000000000E-008 -1.399981105510153E-013
  4.582199999999999E-008 -1.399072450569565E-013
  4.582800000000000E-008 -1.398164091106844E-013
  4.583399999999999E-008 -1.397256023153266E-013
  4.584000000000000E-008 -1.396348242737902E-013
  4.584600000000000E-008 -1.395440745887637E-013
  4.585200000000000E-008 -1.394533528627155E-013
  4.585800000000000E-008 -1.393626586978939E-013
  4.586399999999999E-008 -1.392719916963286E-013
  4.587000000000000E-008 -1.391813514598286E-013
  4.587599999999999E-008 -1.390907375899843E-013
  4.588200000000000E-008 -1.390001496881655E-013
  4.588800000000000E-008 -1.389095873555234E-013
  4.589399999999999E-008 -1.388190501929889E-013
  4.590000000000000E-008 -1.387285378012732E-013
  4.590599999999999E-008 -1.386380497808685E-013
  4.591200000000000E-008 -1.385475857320466E-013
  4.591799999999999E-008 -1.384571452548606E-013
  4.592399999999999E-008 -1.383667279491430E-013
  4.593000000000000E-008 -1.382763334145075E-013
  4.593600000000000E-008 -1.381859612503480E-013
  4.594200000000000E-008 -1.380956110558380E-013
  4.594800000000000E-008 -1.380052824299327E-013
  4.595400000000000E-008 -1.379149749713665E-013
  4.596000000000000E-008 -1.378246882786551E-013
  4.596600000000000E-008 -1.377344219500937E-013
  4.597200000000000E-008 -1.376441755837588E-013
  4.597800000000000E-008 -1.375539487775067E-013
  4.598400000000000E-008 -1.374637411289740E-013
  4.599000000000000E-008 -1.373735522355783E-013
  4.599600000000000E-008 -1.372833816945168E-013
  4.600199999999999E-008 -1.371932291027678E-013
  4.600800000000000E-008 -1.371030940570892E-013
  4.601400000000000E-008 -1.370129761540203E-013
  4.602000000000000E-008 -1.369228749898800E-013
  4.602600000000000E-008 -1.368327901607676E-013
  4.603199999999999E-008 -1.367427212625633E-013
  4.603800000000000E-008 -1.366526678909270E-013
  4.604399999999999E-008 -1.365626296412999E-013
  4.605000000000000E-008 -1.364726061089025E-013
  4.605600000000000E-008 -1.363825968887363E-013
  4.606199999999999E-008 -1.362926015755836E-013
  4.606800000000000E-008 -1.362026197640059E-013
  4.607399999999999E-008 -1.361126510483464E-013
  4.608000000000000E-008 -1.360226950227275E-013
  4.608600000000000E-008 -1.359327512810530E-013
  4.609199999999999E-008 -1.358428194170065E-013
  4.609800000000000E-008 -1.357528990240517E-013
  4.610399999999999E-008 -1.356629896954338E-013
  4.611000000000000E-008 -1.355730910241770E-013
  4.611599999999999E-008 -1.354832026030871E-013
  4.612199999999999E-008 -1.353933240247493E-013
  4.612800000000000E-008 -1.353034548815299E-013
  4.613399999999999E-008 -1.352135947655754E-013
  4.614000000000000E-008 -1.351237432688121E-013
  4.614600000000000E-008 -1.350338999829479E-013
  4.615200000000000E-008 -1.349440644994695E-013
  4.615800000000000E-008 -1.348542364096457E-013
  4.616400000000000E-008 -1.347644153045242E-013
  4.617000000000000E-008 -1.346746007749340E-013
  4.617600000000000E-008 -1.345847924114842E-013
  4.618200000000000E-008 -1.344949898045640E-013
  4.618800000000000E-008 -1.344051925443437E-013
  4.619400000000000E-008 -1.343154002207731E-013
  4.619999999999999E-008 -1.342256124235833E-013
  4.620600000000000E-008 -1.341358287422847E-013
  4.621200000000000E-008 -1.340460487661692E-013
  4.621800000000000E-008 -1.339562720843086E-013
  4.622400000000000E-008 -1.338664982855546E-013
  4.622999999999999E-008 -1.337767269585402E-013
  4.623600000000000E-008 -1.336869576916779E-013
  4.624199999999999E-008 -1.335971900731616E-013
  4.624800000000000E-008 -1.335074236909644E-013
  4.625400000000000E-008 -1.334176581328407E-013
  4.626000000000000E-008 -1.333278929863250E-013
  4.626600000000000E-008 -1.332381278387318E-013
  4.627199999999999E-008 -1.331483622771568E-013
  4.627800000000000E-008 -1.330585958884752E-013
  4.628399999999999E-008 -1.329688282593433E-013
  4.629000000000000E-008 -1.328790589761972E-013
  4.629600000000000E-008 -1.327892876252539E-013
  4.630199999999999E-008 -1.326995137925106E-013
  4.630800000000000E-008 -1.326097370637445E-013
  4.631399999999999E-008 -1.325199570245139E-013
  4.632000000000000E-008 -1.324301732601566E-013
  4.632599999999999E-008 -1.323403853557918E-013
  4.633199999999999E-008 -1.322505928963184E-013
  4.633800000000000E-008 -1.321607954664155E-013
  4.634399999999999E-008 -1.320709926505435E-013
  4.635000000000000E-008 -1.319811840329421E-013
  4.635600000000000E-008 -1.318913691976324E-013
  4.636200000000000E-008 -1.318015477284148E-013
  4.636800000000000E-008 -1.317117192088712E-013
  4.637400000000000E-008 -1.316218832223632E-013
  4.638000000000000E-008 -1.315320393520326E-013
  4.638600000000000E-008 -1.314421871808024E-013
  4.639200000000000E-008 -1.313523262913750E-013
  4.639800000000000E-008 -1.312624562662343E-013
  4.640400000000000E-008 -1.311725766876433E-013
  4.641000000000000E-008 -1.310826871376465E-013
  4.641600000000000E-008 -1.309927871980684E-013
  4.642200000000000E-008 -1.309028764505132E-013
  4.642800000000000E-008 -1.308129544763669E-013
  4.643400000000000E-008 -1.307230208567944E-013
  4.643999999999999E-008 -1.306330751727422E-013
  4.644600000000000E-008 -1.305431170049362E-013
  4.645200000000000E-008 -1.304531459338835E-013
  4.645800000000000E-008 -1.303631615398711E-013
  4.646400000000000E-008 -1.302731634029663E-013
  4.646999999999999E-008 -1.301831511030174E-013
  4.647600000000000E-008 -1.300931242196520E-013
  4.648199999999999E-008 -1.300030823322796E-013
  4.648800000000000E-008 -1.299130250200885E-013
  4.649400000000000E-008 -1.298229518620485E-013
  4.649999999999999E-008 -1.297328624369095E-013
  4.650600000000000E-008 -1.296427563232013E-013
  4.651199999999999E-008 -1.295526330992348E-013
  4.651800000000000E-008 -1.294624923431006E-013
  4.652399999999999E-008 -1.293723336326706E-013
  4.652999999999999E-008 -1.292821565455959E-013
  4.653600000000000E-008 -1.291919606593089E-013
  4.654199999999999E-008 -1.291017455510223E-013
  4.654800000000000E-008 -1.290115107977285E-013
  4.655399999999999E-008 -1.289212559762012E-013
  4.655999999999999E-008 -1.288309806629936E-013
  4.656599999999999E-008 -1.287406844344402E-013
  4.657200000000000E-008 -1.286503668666548E-013
  4.657800000000000E-008 -1.285600275355328E-013
  4.658400000000000E-008 -1.284696660167492E-013
  4.659000000000000E-008 -1.283792818857592E-013
  4.659600000000000E-008 -1.282888747177992E-013
  4.660200000000000E-008 -1.281984440878851E-013
  4.660799999999999E-008 -1.281079895708141E-013
  4.661400000000000E-008 -1.280175107411629E-013
  4.662000000000000E-008 -1.279270071732889E-013
  4.662600000000000E-008 -1.278364784413304E-013
  4.663200000000000E-008 -1.277459241192052E-013
  4.663799999999999E-008 -1.276553437806123E-013
  4.664400000000000E-008 -1.275647369990302E-013
  4.664999999999999E-008 -1.274741033477189E-013
  4.665600000000000E-008 -1.273834423997177E-013
  4.666200000000000E-008 -1.272927537278469E-013
  4.666800000000000E-008 -1.272020369047072E-013
  4.667400000000000E-008 -1.271112915026792E-013
  4.667999999999999E-008 -1.270205170939246E-013
  4.668600000000000E-008 -1.269297132503846E-013
  4.669200000000000E-008 -1.268388795437817E-013
  4.669800000000000E-008 -1.267480155456184E-013
  4.670400000000000E-008 -1.266571208271770E-013
  4.670999999999999E-008 -1.265661949595214E-013
  4.671600000000000E-008 -1.264752375134946E-013
  4.672199999999999E-008 -1.263842480597211E-013
  4.672800000000000E-008 -1.262932261686049E-013
  4.673400000000000E-008 -1.262021714103309E-013
  4.673999999999999E-008 -1.261110833548644E-013
  4.674600000000000E-008 -1.260199615719506E-013
  4.675199999999999E-008 -1.259288056311158E-013
  4.675800000000000E-008 -1.258376151016658E-013
  4.676399999999999E-008 -1.257463895526877E-013
  4.676999999999999E-008 -1.256551285530483E-013
  4.677600000000000E-008 -1.255638316713952E-013
  4.678199999999999E-008 -1.254724984761563E-013
  4.678800000000000E-008 -1.253811285355395E-013
  4.679400000000000E-008 -1.252897214175338E-013
  4.680000000000000E-008 -1.251982766899076E-013
  4.680600000000000E-008 -1.251067939202110E-013
  4.681200000000000E-008 -1.250152726757730E-013
  4.681800000000000E-008 -1.249237125237043E-013
  4.682400000000000E-008 -1.248321130308952E-013
  4.683000000000000E-008 -1.247404737640164E-013
  4.683600000000000E-008 -1.246487942895196E-013
  4.684200000000000E-008 -1.245570741736360E-013
  4.684799999999999E-008 -1.244653129823781E-013
  4.685400000000000E-008 -1.243735102815378E-013
  4.686000000000000E-008 -1.242816656366884E-013
  4.686600000000000E-008 -1.241897786131830E-013
  4.687200000000000E-008 -1.240978487761548E-013
  4.687799999999999E-008 -1.240058756905184E-013
  4.688400000000000E-008 -1.239138589209674E-013
  4.688999999999999E-008 -1.238217980319773E-013
  4.689600000000000E-008 -1.237296925878025E-013
  4.690200000000000E-008 -1.236375421524789E-013
  4.690799999999999E-008 -1.235453462898225E-013
  4.691400000000000E-008 -1.234531045634291E-013
  4.691999999999999E-008 -1.233608165366758E-013
  4.692600000000000E-008 -1.232684817727193E-013
  4.693199999999999E-008 -1.231760998344973E-013
  4.693799999999999E-008 -1.230836702847274E-013
  4.694400000000000E-008 -1.229911926859076E-013
  4.694999999999999E-008 -1.228986666003171E-013
  4.695600000000000E-008 -1.228060915900141E-013
  4.696199999999999E-008 -1.227134672168386E-013
  4.696799999999999E-008 -1.226207930424096E-013
  4.697400000000000E-008 -1.225280686559482E-013
  4.697999999999999E-008 -1.224352939699234E-013
  4.698600000000000E-008 -1.223424691054697E-013
  4.699199999999999E-008 -1.222495941872682E-013
  4.699800000000000E-008 -1.221566693400665E-013
  4.700400000000000E-008 -1.220636946886817E-013
  4.701000000000000E-008 -1.219706703579976E-013
  4.701600000000000E-008 -1.218775964729670E-013
  4.702200000000000E-008 -1.217844731586105E-013
  4.702800000000000E-008 -1.216913005400160E-013
  4.703400000000000E-008 -1.215980787423408E-013
  4.704000000000000E-008 -1.215048078908090E-013
  4.704599999999999E-008 -1.214114881107135E-013
  4.705200000000000E-008 -1.213181195274146E-013
  4.705800000000000E-008 -1.212247022663413E-013
  4.706400000000000E-008 -1.211312364529904E-013
  4.707000000000000E-008 -1.210377222129262E-013
  4.707600000000000E-008 -1.209441596717820E-013
  4.708200000000000E-008 -1.208505489552581E-013
  4.708799999999999E-008 -1.207568901891240E-013
  4.709400000000000E-008 -1.206631834992159E-013
  4.710000000000000E-008 -1.205694290114393E-013
  4.710600000000000E-008 -1.204756268517669E-013
  4.711200000000000E-008 -1.203817771462396E-013
  4.711799999999999E-008 -1.202878800209668E-013
  4.712400000000000E-008 -1.201939356021249E-013
  4.712999999999999E-008 -1.200999440159598E-013
  4.713600000000000E-008 -1.200059053887840E-013
  4.714200000000000E-008 -1.199118198469789E-013
  4.714799999999999E-008 -1.198176875169939E-013
  4.715400000000000E-008 -1.197235085253458E-013
  4.715999999999999E-008 -1.196292829986203E-013
  4.716600000000000E-008 -1.195350110634703E-013
  4.717199999999999E-008 -1.194406928466176E-013
  4.717799999999999E-008 -1.193463284748511E-013
  4.718400000000000E-008 -1.192519180750283E-013
  4.718999999999999E-008 -1.191574617740750E-013
  4.719600000000000E-008 -1.190629596989842E-013
  4.720199999999999E-008 -1.189684119768178E-013
  4.720799999999999E-008 -1.188738187347050E-013
  4.721400000000000E-008 -1.187791800998437E-013
  4.722000000000000E-008 -1.186844961994993E-013
  4.722600000000000E-008 -1.185897671610053E-013
  4.723200000000000E-008 -1.184949931117638E-013
  4.723800000000000E-008 -1.184001741792441E-013
  4.724400000000000E-008 -1.183053104909843E-013
  4.725000000000000E-008 -1.182104021745897E-013
  4.725600000000000E-008 -1.181154493577346E-013
  4.726200000000000E-008 -1.180204521681608E-013
  4.726800000000000E-008 -1.179254107336777E-013
  4.727400000000000E-008 -1.178303251821639E-013
  4.728000000000000E-008 -1.177351956415647E-013
  4.728599999999999E-008 -1.176400222398947E-013
  4.729200000000000E-008 -1.175448051052352E-013
  4.729800000000000E-008 -1.174495443657369E-013
  4.730400000000000E-008 -1.173542401496178E-013
  4.731000000000000E-008 -1.172588925851635E-013
  4.731599999999999E-008 -1.171635018007288E-013
  4.732200000000000E-008 -1.170680679247354E-013
  4.732799999999999E-008 -1.169725910856739E-013
  4.733400000000000E-008 -1.168770714121021E-013
  4.734000000000000E-008 -1.167815090326468E-013
  4.734599999999999E-008 -1.166859040760022E-013
  4.735200000000000E-008 -1.165902566709303E-013
  4.735799999999999E-008 -1.164945669462620E-013
  4.736400000000000E-008 -1.163988350308952E-013
  4.736999999999999E-008 -1.163030610537968E-013
  4.737600000000000E-008 -1.162072451440010E-013
  4.738200000000000E-008 -1.161113874306106E-013
  4.738799999999999E-008 -1.160154880427961E-013
  4.739400000000000E-008 -1.159195471097958E-013
  4.739999999999999E-008 -1.158235647609168E-013
  4.740600000000000E-008 -1.157275411255332E-013
  4.741199999999999E-008 -1.156314763330884E-013
  4.741799999999999E-008 -1.155353705130924E-013
  4.742400000000000E-008 -1.154392237951245E-013
  4.743000000000000E-008 -1.153430363088314E-013
  4.743600000000000E-008 -1.152468081839277E-013
  4.744200000000000E-008 -1.151505395501966E-013
  4.744800000000000E-008 -1.150542305374886E-013
  4.745400000000000E-008 -1.149578812757232E-013
  4.746000000000000E-008 -1.148614918948869E-013
  4.746600000000000E-008 -1.147650625250347E-013
  4.747200000000000E-008 -1.146685932962900E-013
  4.747800000000000E-008 -1.145720843388435E-013
  4.748400000000000E-008 -1.144755357829547E-013
  4.749000000000000E-008 -1.143789477589503E-013
  4.749599999999999E-008 -1.142823203972260E-013
  4.750200000000000E-008 -1.141856538282446E-013
  4.750800000000000E-008 -1.140889481825372E-013
  4.751400000000000E-008 -1.139922035907037E-013
  4.752000000000000E-008 -1.138954201834108E-013
  4.752599999999999E-008 -1.137985980913944E-013
  4.753200000000000E-008 -1.137017374454573E-013
  4.753800000000000E-008 -1.136048383764713E-013
  4.754400000000000E-008 -1.135079010153759E-013
  4.755000000000000E-008 -1.134109254931783E-013
  4.755599999999999E-008 -1.133139119409543E-013
  4.756200000000000E-008 -1.132168604898471E-013
  4.756799999999999E-008 -1.131197712710687E-013
  4.757400000000000E-008 -1.130226444158984E-013
  4.758000000000000E-008 -1.129254800556840E-013
  4.758599999999999E-008 -1.128282783218414E-013
  4.759200000000000E-008 -1.127310393458537E-013
  4.759799999999999E-008 -1.126337632592735E-013
  4.760400000000000E-008 -1.125364501937197E-013
  4.760999999999999E-008 -1.124391002808809E-013
  4.761599999999999E-008 -1.123417136525124E-013
  4.762200000000000E-008 -1.122442904404385E-013
  4.762799999999999E-008 -1.121468307765510E-013
  4.763400000000000E-008 -1.120493347928096E-013
  4.764000000000000E-008 -1.119518026212428E-013
  4.764600000000000E-008 -1.118542343939460E-013
  4.765200000000000E-008 -1.117566302430840E-013
  4.765800000000000E-008 -1.116589903008882E-013
  4.766400000000000E-008 -1.115613146996592E-013
  4.767000000000000E-008 -1.114636035717651E-013
  4.767600000000000E-008 -1.113658570496417E-013
  4.768200000000000E-008 -1.112680752657939E-013
  4.768800000000000E-008 -1.111702583527934E-013
  4.769399999999999E-008 -1.110724064432810E-013
  4.770000000000000E-008 -1.109745196699644E-013
  4.770600000000000E-008 -1.108765981656205E-013
  4.771200000000000E-008 -1.107786420630937E-013
  4.771800000000000E-008 -1.106806514952960E-013
  4.772399999999999E-008 -1.105826265952085E-013
  4.773000000000000E-008 -1.104845674958790E-013
  4.773599999999999E-008 -1.103864743304247E-013
  4.774200000000000E-008 -1.102883472320298E-013
  4.774800000000000E-008 -1.101901863339468E-013
  4.775399999999999E-008 -1.100919917694969E-013
  4.776000000000000E-008 -1.099937636720681E-013
  4.776599999999999E-008 -1.098955021751178E-013
  4.777200000000000E-008 -1.097972074121700E-013
  4.777799999999999E-008 -1.096988795168182E-013
  4.778400000000000E-008 -1.096005186227227E-013
  4.779000000000000E-008 -1.095021248636125E-013
  4.779599999999999E-008 -1.094036983732847E-013
  4.780200000000000E-008 -1.093052392856038E-013
  4.780799999999999E-008 -1.092067477345033E-013
  4.781400000000000E-008 -1.091082238539836E-013
  4.781999999999999E-008 -1.090096677781143E-013
  4.782599999999999E-008 -1.089110796410319E-013
  4.783200000000000E-008 -1.088124595769417E-013
  4.783799999999999E-008 -1.087138077201171E-013
  4.784400000000000E-008 -1.086151242048988E-013
  4.785000000000000E-008 -1.085164091656964E-013
  4.785600000000000E-008 -1.084176627369868E-013
  4.786200000000000E-008 -1.083188850533155E-013
  4.786800000000000E-008 -1.082200762492958E-013
  4.787400000000000E-008 -1.081212364596086E-013
  4.788000000000000E-008 -1.080223658190040E-013
  4.788600000000000E-008 -1.079234644622986E-013
  4.789200000000000E-008 -1.078245325243785E-013
  4.789800000000000E-008 -1.077255701401966E-013
  4.790400000000000E-008 -1.076265774447749E-013
  4.791000000000000E-008 -1.075275545732027E-013
  4.791600000000000E-008 -1.074285016606374E-013
  4.792200000000000E-008 -1.073294188423051E-013
  4.792800000000000E-008 -1.072303062534988E-013
  4.793399999999999E-008 -1.071311640295807E-013
  4.794000000000000E-008 -1.070319923059800E-013
  4.794600000000000E-008 -1.069327912181950E-013
  4.795200000000000E-008 -1.068335609017912E-013
  4.795800000000000E-008 -1.067343014924022E-013
  4.796399999999999E-008 -1.066350131257303E-013
  4.797000000000000E-008 -1.065356959375448E-013
  4.797599999999999E-008 -1.064363500636842E-013
  4.798200000000000E-008 -1.063369756400539E-013
  4.798800000000000E-008 -1.062375728026284E-013
  4.799399999999999E-008 -1.061381416874495E-013
  4.800000000000000E-008 -1.060386824306269E-013
  4.800599999999999E-008 -1.059391951683393E-013
  4.801200000000000E-008 -1.058396800368322E-013
  4.801799999999999E-008 -1.057401371724203E-013
  4.802399999999999E-008 -1.056405667114852E-013
  4.803000000000000E-008 -1.055409687904776E-013
  4.803599999999999E-008 -1.054413435459158E-013
  4.804200000000000E-008 -1.053416911143855E-013
  4.804799999999999E-008 -1.052420116325417E-013
  4.805399999999999E-008 -1.051423052371062E-013
  4.805999999999999E-008 -1.050425720648698E-013
  4.806600000000000E-008 -1.049428122526907E-013
  4.807200000000000E-008 -1.048430259374952E-013
  4.807800000000000E-008 -1.047432132562783E-013
  4.808400000000000E-008 -1.046433743461019E-013
  4.809000000000000E-008 -1.045435093440972E-013
  4.809600000000000E-008 -1.044436183874622E-013
  4.810199999999999E-008 -1.043437016134640E-013
  4.810800000000000E-008 -1.042437591594369E-013
  4.811400000000000E-008 -1.041437911627836E-013
  4.812000000000000E-008 -1.040437977609753E-013
  4.812600000000000E-008 -1.039437790915501E-013
  4.813199999999999E-008 -1.038437352921154E-013
  4.813800000000000E-008 -1.037436665003454E-013
  4.814400000000000E-008 -1.036435728539836E-013
  4.815000000000000E-008 -1.035434544908406E-013
  4.815600000000000E-008 -1.034433115487952E-013
  4.816199999999999E-008 -1.033431441657947E-013
  4.816800000000000E-008 -1.032429524798536E-013
  4.817399999999999E-008 -1.031427366290556E-013
  4.818000000000000E-008 -1.030424967515511E-013
  4.818600000000000E-008 -1.029422329855597E-013
  4.819200000000000E-008 -1.028419454693685E-013
  4.819800000000000E-008 -1.027416343413321E-013
  4.820399999999999E-008 -1.026412997398746E-013
  4.821000000000000E-008 -1.025409418034864E-013
  4.821599999999999E-008 -1.024405606707274E-013
  4.822200000000000E-008 -1.023401564802244E-013
  4.822800000000000E-008 -1.022397293706731E-013
  4.823399999999999E-008 -1.021392794808370E-013
  4.824000000000000E-008 -1.020388069495469E-013
  4.824599999999999E-008 -1.019383119157029E-013
  4.825200000000000E-008 -1.018377945182720E-013
  4.825799999999999E-008 -1.017372548962902E-013
  4.826399999999999E-008 -1.016366931888603E-013
  4.827000000000000E-008 -1.015361095351546E-013
  4.827600000000000E-008 -1.014355040744127E-013
  4.828200000000000E-008 -1.013348769459416E-013
  4.828800000000000E-008 -1.012342282891177E-013
  4.829400000000000E-008 -1.011335582433841E-013
  4.830000000000000E-008 -1.010328669482531E-013
  4.830600000000000E-008 -1.009321545433040E-013
  4.831200000000000E-008 -1.008314211681850E-013
  4.831800000000000E-008 -1.007306669626120E-013
  4.832400000000000E-008 -1.006298920663683E-013
  4.833000000000000E-008 -1.005290966193066E-013
  4.833600000000000E-008 -1.004282807613462E-013
  4.834199999999999E-008 -1.003274446324756E-013
  4.834800000000000E-008 -1.002265883727505E-013
  4.835400000000000E-008 -1.001257121222949E-013
  4.836000000000000E-008 -1.000248160213013E-013
  4.836600000000000E-008 -9.992390021002927E-014
  4.837199999999999E-008 -9.982296482880759E-014
  4.837800000000000E-008 -9.972201001803184E-014
  4.838399999999999E-008 -9.962103591816684E-014
  4.839000000000000E-008 -9.952004266974440E-014
  4.839600000000000E-008 -9.941903041336484E-014
  4.840199999999999E-008 -9.931799928969694E-014
  4.840800000000000E-008 -9.921694943947644E-014
  4.841399999999999E-008 -9.911588100350834E-014
  4.842000000000000E-008 -9.901479412266450E-014
  4.842600000000000E-008 -9.891368893788579E-014
  4.843199999999999E-008 -9.881256559018079E-014
  4.843800000000000E-008 -9.871142422062552E-014
  4.844399999999999E-008 -9.861026497036519E-014
  4.845000000000000E-008 -9.850908798061178E-014
  4.845599999999999E-008 -9.840789339264652E-014
  4.846199999999999E-008 -9.830668134781752E-014
  4.846800000000000E-008 -9.820545198754190E-014
  4.847399999999999E-008 -9.810420545330443E-014
  4.848000000000000E-008 -9.800294188665741E-014
  4.848599999999999E-008 -9.790166142922225E-014
  4.849200000000000E-008 -9.780036422268722E-014
  4.849800000000000E-008 -9.769905040880978E-014
  4.850400000000000E-008 -9.759772012941426E-014
  4.851000000000000E-008 -9.749637352639401E-014
  4.851600000000000E-008 -9.739501074171005E-014
  4.852200000000000E-008 -9.729363191739094E-014
  4.852800000000000E-008 -9.719223719553432E-014
  4.853400000000000E-008 -9.709082671830465E-014
  4.853999999999999E-008 -9.698940062793570E-014
  4.854600000000000E-008 -9.688795906672798E-014
  4.855200000000000E-008 -9.678650217705113E-014
  4.855800000000000E-008 -9.668503010134237E-014
  4.856400000000000E-008 -9.658354298210652E-014
  4.856999999999999E-008 -9.648204096191746E-014
  4.857600000000000E-008 -9.638052418341587E-014
  4.858199999999999E-008 -9.627899278931175E-014
  4.858800000000000E-008 -9.617744692238189E-014
  4.859400000000000E-008 -9.607588672547216E-014
  4.860000000000000E-008 -9.597431234149602E-014
  4.860600000000000E-008 -9.587272391343448E-014
  4.861199999999999E-008 -9.577112158433770E-014
  4.861800000000000E-008 -9.566950549732261E-014
  4.862399999999999E-008 -9.556787579557544E-014
  4.863000000000000E-008 -9.546623262234935E-014
  4.863600000000000E-008 -9.536457612096601E-014
  4.864199999999999E-008 -9.526290643481553E-014
  4.864800000000000E-008 -9.516122370735509E-014
  4.865399999999999E-008 -9.505952808211103E-014
  4.866000000000000E-008 -9.495781970267657E-014
  4.866599999999999E-008 -9.485609871271413E-014
  4.867199999999999E-008 -9.475436525595312E-014
  4.867800000000000E-008 -9.465261947619141E-014
  4.868399999999999E-008 -9.455086151729548E-014
  4.869000000000000E-008 -9.444909152319860E-014
  4.869599999999999E-008 -9.434730963790344E-014
  4.870199999999999E-008 -9.424551600547939E-014
  4.870800000000000E-008 -9.414371077006517E-014
  4.871400000000000E-008 -9.404189407586639E-014
  4.872000000000000E-008 -9.394006606715721E-014
  4.872600000000000E-008 -9.383822688828026E-014
  4.873200000000000E-008 -9.373637668364517E-014
  4.873800000000000E-008 -9.363451559773073E-014
  4.874400000000000E-008 -9.353264377508265E-014
  4.875000000000000E-008 -9.343076136031567E-014
  4.875600000000000E-008 -9.332886849811218E-014
  4.876200000000000E-008 -9.322696533322206E-014
  4.876800000000000E-008 -9.312505201046434E-014
  4.877400000000000E-008 -9.302312867472487E-014
  4.877999999999999E-008 -9.292119547095875E-014
  4.878600000000000E-008 -9.281925254418787E-014
  4.879200000000000E-008 -9.271730003950321E-014
  4.879800000000000E-008 -9.261533810206341E-014
  4.880400000000000E-008 -9.251336687709458E-014
  4.880999999999999E-008 -9.241138650989203E-014
  4.881600000000000E-008 -9.230939714581780E-014
  4.882199999999999E-008 -9.220739893030326E-014
  4.882800000000000E-008 -9.210539200884648E-014
  4.883400000000000E-008 -9.200337652701478E-014
  4.883999999999999E-008 -9.190135263044296E-014
  4.884600000000000E-008 -9.179932046483340E-014
  4.885199999999999E-008 -9.169728017595763E-014
  4.885800000000000E-008 -9.159523190965394E-014
  4.886399999999999E-008 -9.149317581182993E-014
  4.886999999999999E-008 -9.139111202845995E-014
  4.887600000000000E-008 -9.128904070558749E-014
  4.888199999999999E-008 -9.118696198932365E-014
  4.888800000000000E-008 -9.108487602584703E-014
  4.889399999999999E-008 -9.098278296140537E-014
  4.890000000000000E-008 -9.088068294231324E-014
  4.890599999999999E-008 -9.077857611495444E-014
  4.891199999999999E-008 -9.067646262577974E-014
  4.891800000000000E-008 -9.057434262130843E-014
  4.892400000000000E-008 -9.047221624812824E-014
  4.893000000000000E-008 -9.037008365289391E-014
  4.893600000000000E-008 -9.026794498232940E-014
  4.894200000000000E-008 -9.016580038322556E-014
  4.894799999999999E-008 -9.006365000244236E-014
  4.895400000000000E-008 -8.996149398690686E-014
  4.896000000000000E-008 -8.985933248361455E-014
  4.896600000000000E-008 -8.975716563962944E-014
  4.897200000000000E-008 -8.965499360208247E-014
  4.897800000000000E-008 -8.955281651817389E-014
  4.898400000000000E-008 -8.945063453517070E-014
  4.898999999999999E-008 -8.934844780040922E-014
  4.899600000000000E-008 -8.924625646129269E-014
  4.900200000000000E-008 -8.914406066529282E-014
  4.900800000000000E-008 -8.904186055994989E-014
  4.901400000000000E-008 -8.893965629287107E-014
  4.901999999999999E-008 -8.883744801173286E-014
  4.902600000000000E-008 -8.873523586427848E-014
  4.903200000000000E-008 -8.863301999832035E-014
  4.903800000000000E-008 -8.853080056173838E-014
  4.904400000000000E-008 -8.842857770248011E-014
  4.904999999999999E-008 -8.832635156856220E-014
  4.905600000000000E-008 -8.822412230806802E-014
  4.906199999999999E-008 -8.812189006915033E-014
  4.906800000000000E-008 -8.801965500002861E-014
  4.907400000000000E-008 -8.791741724899147E-014
  4.907999999999999E-008 -8.781517696439511E-014
  4.908600000000000E-008 -8.771293429466329E-014
  4.909199999999999E-008 -8.761068938828887E-014
  4.909800000000000E-008 -8.750844239383155E-014
  4.910399999999999E-008 -8.740619345992023E-014
  4.910999999999999E-008 -8.730394273525070E-014
  4.911600000000000E-008 -8.720169036858778E-014
  4.912199999999999E-008 -8.709943650876390E-014
  4.912800000000000E-008 -8.699718130467910E-014
  4.913400000000000E-008 -8.689492490530242E-014
  4.914000000000000E-008 -8.679266745966982E-014
  4.914600000000000E-008 -8.669040911688648E-014
  4.915200000000000E-008 -8.658815002612438E-014
  4.915800000000000E-008 -8.648589033662458E-014
  4.916400000000000E-008 -8.638363019769578E-014
  4.917000000000000E-008 -8.628136975871424E-014
  4.917600000000000E-008 -8.617910916912525E-014
  4.918200000000000E-008 -8.607684857844100E-014
  4.918799999999999E-008 -8.597458813624291E-014
  4.919400000000000E-008 -8.587232799217932E-014
  4.920000000000000E-008 -8.577006829596714E-014
  4.920600000000000E-008 -8.566780919739173E-014
  4.921200000000000E-008 -8.556555084630538E-014
  4.921799999999999E-008 -8.546329339262973E-014
  4.922400000000000E-008 -8.536103698635313E-014
  4.922999999999999E-008 -8.525878177753326E-014
  4.923600000000000E-008 -8.515652791629472E-014
  4.924200000000000E-008 -8.505427555283064E-014
  4.924799999999999E-008 -8.495202483740259E-014
  4.925400000000000E-008 -8.484977592033915E-014
  4.925999999999999E-008 -8.474752895203815E-014
  4.926600000000000E-008 -8.464528408296422E-014
  4.927199999999999E-008 -8.454304146365129E-014
  4.927799999999999E-008 -8.444080124470013E-014
  4.928400000000000E-008 -8.433856357678017E-014
  4.928999999999999E-008 -8.423632861062921E-014
  4.929600000000000E-008 -8.413409649705205E-014
  4.930199999999999E-008 -8.403186738692280E-014
  4.930800000000000E-008 -8.392964143118227E-014
  4.931400000000000E-008 -8.382741878084048E-014
  4.931999999999999E-008 -8.372519958697497E-014
  4.932600000000000E-008 -8.362298400073086E-014
  4.933199999999999E-008 -8.352077217332238E-014
  4.933800000000000E-008 -8.341856425603062E-014
  4.934400000000000E-008 -8.331636040020581E-014
  4.935000000000000E-008 -8.321416075726512E-014
  4.935600000000000E-008 -8.311196547869476E-014
  4.936200000000000E-008 -8.300977471604850E-014
  4.936800000000000E-008 -8.290758862094769E-014
  4.937400000000000E-008 -8.280540734508285E-014
  4.938000000000000E-008 -8.270323104021124E-014
  4.938600000000000E-008 -8.260105985815938E-014
  4.939200000000000E-008 -8.249889395082066E-014
  4.939800000000000E-008 -8.239673347015751E-014
  4.940400000000000E-008 -8.229457856819998E-014
  4.941000000000000E-008 -8.219242939704563E-014
  4.941600000000000E-008 -8.209028610886125E-014
  4.942200000000000E-008 -8.198814885588029E-014
  4.942799999999999E-008 -8.188601779040557E-014
  4.943400000000000E-008 -8.178389306480665E-014
  4.944000000000000E-008 -8.168177483152225E-014
  4.944600000000000E-008 -8.157966324305862E-014
  4.945200000000000E-008 -8.147755845198961E-014
  4.945799999999999E-008 -8.137546061095819E-014
  4.946400000000000E-008 -8.127336987267410E-014
  4.946999999999999E-008 -8.117128638991637E-014
  4.947600000000000E-008 -8.106921031553096E-014
  4.948200000000000E-008 -8.096714180243238E-014
  4.948799999999999E-008 -8.086508100360356E-014
  4.949400000000000E-008 -8.076302807209446E-014
  4.949999999999999E-008 -8.066098316102424E-014
  4.950600000000000E-008 -8.055894642357893E-014
  4.951199999999999E-008 -8.045691801301377E-014
  4.951799999999999E-008 -8.035489808265098E-014
  4.952400000000000E-008 -8.025288678588128E-014
  4.952999999999999E-008 -8.015088427616388E-014
  4.953600000000000E-008 -8.004889070702495E-014
  4.954199999999999E-008 -7.994690623205990E-014
  4.954799999999999E-008 -7.984493100493097E-014
  4.955399999999999E-008 -7.974296517936969E-014
  4.956000000000000E-008 -7.964100890917447E-014
  4.956600000000000E-008 -7.953906234821232E-014
  4.957200000000000E-008 -7.943712565041863E-014
  4.957800000000000E-008 -7.933519896979583E-014
  4.958400000000000E-008 -7.923328246041560E-014
  4.959000000000000E-008 -7.913137627641639E-014
  4.959600000000000E-008 -7.902948057200580E-014
  4.960200000000000E-008 -7.892759550145901E-014
  4.960800000000000E-008 -7.882572121911870E-014
  4.961400000000000E-008 -7.872385787939674E-014
  4.962000000000000E-008 -7.862200563677179E-014
  4.962599999999999E-008 -7.852016464579170E-014
  4.963200000000000E-008 -7.841833506107126E-014
  4.963800000000000E-008 -7.831651703729424E-014
  4.964400000000000E-008 -7.821471072921205E-014
  4.965000000000000E-008 -7.811291629164366E-014
  4.965599999999999E-008 -7.801113387947713E-014
  4.966200000000000E-008 -7.790936364766740E-014
  4.966799999999999E-008 -7.780760575123856E-014
  4.967400000000000E-008 -7.770586034528160E-014
  4.968000000000000E-008 -7.760412758495654E-014
  4.968599999999999E-008 -7.750240762549107E-014
  4.969200000000000E-008 -7.740070062218034E-014
  4.969799999999999E-008 -7.729900673038870E-014
  4.970400000000000E-008 -7.719732610554727E-014
  4.970999999999999E-008 -7.709565890315644E-014
  4.971600000000000E-008 -7.699400527878341E-014
  4.972200000000000E-008 -7.689236538806443E-014
  4.972799999999999E-008 -7.679073938670343E-014
  4.973400000000000E-008 -7.668912743047184E-014
  4.973999999999999E-008 -7.658752967521021E-014
  4.974600000000000E-008 -7.648594627682590E-014
  4.975199999999999E-008 -7.638437739129556E-014
  4.975799999999999E-008 -7.628282317466257E-014
  4.976400000000000E-008 -7.618128378303952E-014
  4.977000000000000E-008 -7.607975937260650E-014
  4.977600000000000E-008 -7.597825009961119E-014
  4.978200000000000E-008 -7.587675612037040E-014
  4.978800000000000E-008 -7.577527759126774E-014
  4.979400000000000E-008 -7.567381466875604E-014
  4.980000000000000E-008 -7.557236750935514E-014
  4.980600000000000E-008 -7.547093626965337E-014
  4.981200000000000E-008 -7.536952110630752E-014
  4.981800000000000E-008 -7.526812217604137E-014
  4.982400000000000E-008 -7.516673963564795E-014
  4.983000000000000E-008 -7.506537364198714E-014
  4.983599999999999E-008 -7.496402435198797E-014
  4.984200000000000E-008 -7.486269192264656E-014
  4.984800000000000E-008 -7.476137651102746E-014
  4.985400000000000E-008 -7.466007827426369E-014
  4.986000000000000E-008 -7.455879736955530E-014
  4.986599999999999E-008 -7.445753395417152E-014
  4.987200000000000E-008 -7.435628818544847E-014
  4.987799999999999E-008 -7.425506022079145E-014
  4.988400000000000E-008 -7.415385021767279E-014
  4.989000000000000E-008 -7.405265833363328E-014
  4.989599999999999E-008 -7.395148472628224E-014
  4.990200000000000E-008 -7.385032955329585E-014
  4.990799999999999E-008 -7.374919297241966E-014
  4.991400000000000E-008 -7.364807514146600E-014
  4.992000000000000E-008 -7.354697621831627E-014
  4.992599999999999E-008 -7.344589636091948E-014
  4.993200000000000E-008 -7.334483572729224E-014
  4.993799999999999E-008 -7.324379447552018E-014
  4.994400000000000E-008 -7.314277276375580E-014
  4.994999999999999E-008 -7.304177075022088E-014
  4.995599999999999E-008 -7.294078859320394E-014
  4.996200000000000E-008 -7.283982645106269E-014
  4.996799999999999E-008 -7.273888448222230E-014
  4.997400000000000E-008 -7.263796284517565E-014
  4.997999999999999E-008 -7.253706169848461E-014
  4.998600000000000E-008 -7.243618120077797E-014
  4.999200000000000E-008 -7.233532151075364E-014
  4.999800000000000E-008 -7.223448278717648E-014
  5.000400000000000E-008 -7.213366518888038E-014
  5.001000000000000E-008 -7.203286887476678E-014
  5.001600000000000E-008 -7.193209400380480E-014
  5.002200000000000E-008 -7.183134073503251E-014
  5.002800000000000E-008 -7.173060922755497E-014
  5.003399999999999E-008 -7.162989964054634E-014
  5.004000000000000E-008 -7.152921213324771E-014
  5.004600000000000E-008 -7.142854686496918E-014
  5.005200000000000E-008 -7.132790399508846E-014
  5.005800000000000E-008 -7.122728368305090E-014
  5.006399999999999E-008 -7.112668608837081E-014
  5.007000000000000E-008 -7.102611137062947E-014
  5.007599999999999E-008 -7.092555968947734E-014
  5.008200000000000E-008 -7.082503120463181E-014
  5.008800000000000E-008 -7.072452607587885E-014
  5.009399999999999E-008 -7.062404446307280E-014
  5.010000000000000E-008 -7.052358652613511E-014
  5.010599999999999E-008 -7.042315242505640E-014
  5.011200000000000E-008 -7.032274231989410E-014
  5.011799999999999E-008 -7.022235637077489E-014
  5.012400000000000E-008 -7.012199473789252E-014
  5.013000000000000E-008 -7.002165758150907E-014
  5.013599999999999E-008 -6.992134506195521E-014
  5.014200000000000E-008 -6.982105733962859E-014
  5.014799999999999E-008 -6.972079457499604E-014
  5.015400000000000E-008 -6.962055692859132E-014
  5.015999999999999E-008 -6.952034456101727E-014
  5.016599999999999E-008 -6.942015763294386E-014
  5.017200000000000E-008 -6.931999630510949E-014
  5.017799999999999E-008 -6.921986073832103E-014
  5.018400000000000E-008 -6.911975109345236E-014
  5.018999999999999E-008 -6.901966753144655E-014
  5.019599999999999E-008 -6.891961021331360E-014
  5.020200000000000E-008 -6.881957930013245E-014
  5.020800000000000E-008 -6.871957495304978E-014
  5.021400000000000E-008 -6.861959733327971E-014
  5.022000000000000E-008 -6.851964660210554E-014
  5.022600000000000E-008 -6.841972292087741E-014
  5.023200000000000E-008 -6.831982645101462E-014
  5.023800000000000E-008 -6.821995735400338E-014
  5.024400000000000E-008 -6.812011579139888E-014
  5.025000000000000E-008 -6.802030192482402E-014
  5.025600000000000E-008 -6.792051591596923E-014
  5.026200000000000E-008 -6.782075792659400E-014
  5.026800000000000E-008 -6.772102811852470E-014
  5.027399999999999E-008 -6.762132665365688E-014
  5.028000000000000E-008 -6.752165369395297E-014
  5.028600000000000E-008 -6.742200940144445E-014
  5.029200000000000E-008 -6.732239393823042E-014
  5.029800000000000E-008 -6.722280746647754E-014
  5.030399999999999E-008 -6.712325014842157E-014
  5.031000000000000E-008 -6.702372214636510E-014
  5.031599999999999E-008 -6.692422362267991E-014
  5.032200000000000E-008 -6.682475473980470E-014
  5.032800000000000E-008 -6.672531566024716E-014
  5.033399999999999E-008 -6.662590654658266E-014
  5.034000000000000E-008 -6.652652756145405E-014
  5.034599999999999E-008 -6.642717886757336E-014
  5.035200000000000E-008 -6.632786062771943E-014
  5.035799999999999E-008 -6.622857300474027E-014
  5.036399999999999E-008 -6.612931616155094E-014
  5.037000000000000E-008 -6.603009026113498E-014
  5.037599999999999E-008 -6.593089546654435E-014
  5.038200000000000E-008 -6.583173194089812E-014
  5.038799999999999E-008 -6.573259984738446E-014
  5.039399999999999E-008 -6.563349934925847E-014
  5.039999999999999E-008 -6.553443060984442E-014
  5.040599999999999E-008 -6.543539379253358E-014
  5.041200000000000E-008 -6.533638906078575E-014
  5.041800000000000E-008 -6.523741657812915E-014
  5.042400000000000E-008 -6.513847650815904E-014
  5.043000000000000E-008 -6.503956901453986E-014
  5.043600000000000E-008 -6.494069426100292E-014
  5.044199999999999E-008 -6.484185241134877E-014
  5.044800000000000E-008 -6.474304362944489E-014
  5.045400000000000E-008 -6.464426807922735E-014
  5.046000000000000E-008 -6.454552592470056E-014
  5.046600000000000E-008 -6.444681732993604E-014
  5.047199999999999E-008 -6.434814245907450E-014
  5.047800000000000E-008 -6.424950147632345E-014
  5.048400000000000E-008 -6.415089454595954E-014
  5.049000000000000E-008 -6.405232183232696E-014
  5.049600000000000E-008 -6.395378349983753E-014
  5.050200000000000E-008 -6.385527971297206E-014
  5.050800000000000E-008 -6.375681063627835E-014
  5.051399999999999E-008 -6.365837643437329E-014
  5.052000000000000E-008 -6.355997727194067E-014
  5.052600000000000E-008 -6.346161331373335E-014
  5.053200000000000E-008 -6.336328472457177E-014
  5.053800000000000E-008 -6.326499166934399E-014
  5.054399999999999E-008 -6.316673431300709E-014
  5.055000000000000E-008 -6.306851282058505E-014
  5.055599999999999E-008 -6.297032735717103E-014
  5.056200000000000E-008 -6.287217808792507E-014
  5.056800000000000E-008 -6.277406517807626E-014
  5.057399999999999E-008 -6.267598879292129E-014
  5.058000000000000E-008 -6.257794909782441E-014
  5.058599999999999E-008 -6.247994625821900E-014
  5.059200000000000E-008 -6.238198043960525E-014
  5.059799999999999E-008 -6.228405180755255E-014
  5.060399999999999E-008 -6.218616052769719E-014
  5.061000000000000E-008 -6.208830676574450E-014
  5.061599999999999E-008 -6.199049068746739E-014
  5.062200000000000E-008 -6.189271245870640E-014
  5.062800000000000E-008 -6.179497224537110E-014
  5.063400000000000E-008 -6.169727021343792E-014
  5.064000000000000E-008 -6.159960652895254E-014
  5.064600000000000E-008 -6.150198135802757E-014
  5.065200000000000E-008 -6.140439486684417E-014
  5.065800000000000E-008 -6.130684722165194E-014
  5.066400000000000E-008 -6.120933858876749E-014
  5.067000000000000E-008 -6.111186913457663E-014
  5.067600000000000E-008 -6.101443902553206E-014
  5.068199999999999E-008 -6.091704842815565E-014
  5.068800000000000E-008 -6.081969750903629E-014
  5.069400000000000E-008 -6.072238643483137E-014
  5.070000000000000E-008 -6.062511537226671E-014
  5.070600000000000E-008 -6.052788448813517E-014
  5.071199999999999E-008 -6.043069394929881E-014
  5.071800000000000E-008 -6.033354392268654E-014
  5.072399999999999E-008 -6.023643457529651E-014
  5.073000000000000E-008 -6.013936607419382E-014
  5.073600000000000E-008 -6.004233858651210E-014
  5.074199999999999E-008 -5.994535227945342E-014
  5.074800000000000E-008 -5.984840732028688E-014
  5.075399999999999E-008 -5.975150387635077E-014
  5.076000000000000E-008 -5.965464211505024E-014
  5.076599999999999E-008 -5.955782220385966E-014
  5.077199999999999E-008 -5.946104431032041E-014
  5.077800000000000E-008 -5.936430860204234E-014
  5.078399999999999E-008 -5.926761524670374E-014
  5.079000000000000E-008 -5.917096441204998E-014
  5.079599999999999E-008 -5.907435626589557E-014
  5.080199999999999E-008 -5.897779097612192E-014
  5.080800000000000E-008 -5.888126871067946E-014
  5.081399999999999E-008 -5.878478963758625E-014
  5.082000000000000E-008 -5.868835392492798E-014
  5.082599999999999E-008 -5.859196174085930E-014
  5.083200000000000E-008 -5.849561325360180E-014
  5.083800000000000E-008 -5.839930863144624E-014
  5.084400000000000E-008 -5.830304804275030E-014
  5.085000000000000E-008 -5.820683165594063E-014
  5.085600000000000E-008 -5.811065963951152E-014
  5.086200000000000E-008 -5.801453216202486E-014
  5.086800000000000E-008 -5.791844939211163E-014
  5.087400000000000E-008 -5.782241149846961E-014
  5.087999999999999E-008 -5.772641864986578E-014
  5.088600000000000E-008 -5.763047101513406E-014
  5.089200000000000E-008 -5.753456876317738E-014
  5.089800000000000E-008 -5.743871206296626E-014
  5.090400000000000E-008 -5.734290108353880E-014
  5.091000000000000E-008 -5.724713599400224E-014
  5.091600000000000E-008 -5.715141696353057E-014
  5.092199999999999E-008 -5.705574416136707E-014
  5.092800000000000E-008 -5.696011775682198E-014
  5.093400000000000E-008 -5.686453791927407E-014
  5.094000000000000E-008 -5.676900481817051E-014
  5.094600000000000E-008 -5.667351862302553E-014
  5.095199999999999E-008 -5.657807950342255E-014
  5.095800000000000E-008 -5.648268762901187E-014
  5.096399999999999E-008 -5.638734316951296E-014
  5.097000000000000E-008 -5.629204629471233E-014
  5.097600000000000E-008 -5.619679717446494E-014
  5.098199999999999E-008 -5.610159597869425E-014
  5.098800000000000E-008 -5.600644287739071E-014
  5.099399999999999E-008 -5.591133804061398E-014
  5.100000000000000E-008 -5.581628163849058E-014
  5.100599999999999E-008 -5.572127384121625E-014
  5.101199999999999E-008 -5.562631481905372E-014
  5.101800000000000E-008 -5.553140474233420E-014
  5.102399999999999E-008 -5.543654378145739E-014
  5.103000000000000E-008 -5.534173210688996E-014
  5.103599999999999E-008 -5.524696988916784E-014
  5.104199999999999E-008 -5.515225729889374E-014
  5.104799999999999E-008 -5.505759450673969E-014
  5.105400000000000E-008 -5.496298168344463E-014
  5.106000000000000E-008 -5.486841899981602E-014
  5.106600000000000E-008 -5.477390662672979E-014
  5.107200000000000E-008 -5.467944473512886E-014
  5.107800000000000E-008 -5.458503349602538E-014
  5.108400000000000E-008 -5.449067308049833E-014
  5.109000000000000E-008 -5.439636365969581E-014
  5.109600000000000E-008 -5.430210540483343E-014
  5.110200000000000E-008 -5.420789848719448E-014
  5.110800000000000E-008 -5.411374307813124E-014
  5.111400000000000E-008 -5.401963934906289E-014
  5.111999999999999E-008 -5.392558747147782E-014
  5.112600000000000E-008 -5.383158761693127E-014
  5.113200000000000E-008 -5.373763995704752E-014
  5.113800000000000E-008 -5.364374466351846E-014
  5.114400000000000E-008 -5.354990190810361E-014
  5.114999999999999E-008 -5.345611186263148E-014
  5.115600000000000E-008 -5.336237469899754E-014
  5.116199999999999E-008 -5.326869058916633E-014
  5.116800000000000E-008 -5.317505970516940E-014
  5.117400000000000E-008 -5.308148221910724E-014
  5.117999999999999E-008 -5.298795830314798E-014
  5.118600000000000E-008 -5.289448812952740E-014
  5.119199999999999E-008 -5.280107187055023E-014
  5.119800000000000E-008 -5.270770969858817E-014
  5.120399999999999E-008 -5.261440178608201E-014
  5.120999999999999E-008 -5.252114830553968E-014
  5.121600000000000E-008 -5.242794942953749E-014
  5.122199999999999E-008 -5.233480533072022E-014
  5.122800000000000E-008 -5.224171618179976E-014
  5.123399999999999E-008 -5.214868215555708E-014
  5.124000000000000E-008 -5.205570342484011E-014
  5.124599999999999E-008 -5.196278016256589E-014
  5.125199999999999E-008 -5.186991254171857E-014
  5.125800000000000E-008 -5.177710073535071E-014
  5.126400000000000E-008 -5.168434491658335E-014
  5.127000000000000E-008 -5.159164525860459E-014
  5.127600000000000E-008 -5.149900193467162E-014
  5.128200000000000E-008 -5.140641511810865E-014
  5.128799999999999E-008 -5.131388498230897E-014
  5.129400000000000E-008 -5.122141170073291E-014
  5.130000000000000E-008 -5.112899544690933E-014
  5.130600000000000E-008 -5.103663639443545E-014
  5.131200000000000E-008 -5.094433471697566E-014
  5.131800000000000E-008 -5.085209058826338E-014
  5.132400000000000E-008 -5.075990418209904E-014
  5.132999999999999E-008 -5.066777567235214E-014
  5.133600000000000E-008 -5.057570523295933E-014
  5.134200000000000E-008 -5.048369303792566E-014
  5.134800000000000E-008 -5.039173926132459E-014
  5.135400000000000E-008 -5.029984407729675E-014
  5.135999999999999E-008 -5.020800766005179E-014
  5.136600000000000E-008 -5.011623018386640E-014
  5.137200000000000E-008 -5.002451182308618E-014
  5.137800000000000E-008 -4.993285275212442E-014
  5.138400000000000E-008 -4.984125314546198E-014
  5.138999999999999E-008 -4.974971317764874E-014
  5.139600000000000E-008 -4.965823302330152E-014
  5.140199999999999E-008 -4.956681285710626E-014
  5.140800000000000E-008 -4.947545285381585E-014
  5.141400000000000E-008 -4.938415318825216E-014
  5.141999999999999E-008 -4.929291403530467E-014
  5.142600000000000E-008 -4.920173556993053E-014
  5.143199999999999E-008 -4.911061796715583E-014
  5.143800000000000E-008 -4.901956140207365E-014
  5.144399999999999E-008 -4.892856604984614E-014
  5.144999999999999E-008 -4.883763208570245E-014
  5.145600000000000E-008 -4.874675968494068E-014
  5.146199999999999E-008 -4.865594902292656E-014
  5.146800000000000E-008 -4.856520027509347E-014
  5.147399999999999E-008 -4.847451361694376E-014
  5.148000000000000E-008 -4.838388922404669E-014
  5.148600000000000E-008 -4.829332727204072E-014
  5.149200000000000E-008 -4.820282793663133E-014
  5.149800000000000E-008 -4.811239139359246E-014
  5.150400000000000E-008 -4.802201781876651E-014
  5.151000000000000E-008 -4.793170738806293E-014
  5.151600000000000E-008 -4.784146027746031E-014
  5.152200000000000E-008 -4.775127666300420E-014
  5.152799999999999E-008 -4.766115672080922E-014
  5.153400000000000E-008 -4.757110062705714E-014
  5.154000000000000E-008 -4.748110855799815E-014
  5.154600000000000E-008 -4.739118068995085E-014
  5.155200000000000E-008 -4.730131719930094E-014
  5.155799999999999E-008 -4.721151826250327E-014
  5.156400000000000E-008 -4.712178405607959E-014
  5.156999999999999E-008 -4.703211475662081E-014
  5.157600000000000E-008 -4.694251054078492E-014
  5.158200000000000E-008 -4.685297158529831E-014
  5.158799999999999E-008 -4.676349806695586E-014
  5.159400000000000E-008 -4.667409016261951E-014
  5.159999999999999E-008 -4.658474804922033E-014
  5.160600000000000E-008 -4.649547190375632E-014
  5.161199999999999E-008 -4.640626190329463E-014
  5.161799999999999E-008 -4.631711822496945E-014
  5.162400000000000E-008 -4.622804104598349E-014
  5.162999999999999E-008 -4.613903054360780E-014
  5.163600000000000E-008 -4.605008689518058E-014
  5.164199999999999E-008 -4.596121027810915E-014
  5.164800000000000E-008 -4.587240086986773E-014
  5.165400000000000E-008 -4.578365884799958E-014
  5.165999999999999E-008 -4.569498439011555E-014
  5.166600000000000E-008 -4.560637767389416E-014
  5.167199999999999E-008 -4.551783887708284E-014
  5.167800000000000E-008 -4.542936817749604E-014
  5.168399999999999E-008 -4.534096575301730E-014
  5.169000000000000E-008 -4.525263178159711E-014
  5.169600000000000E-008 -4.516436644125494E-014
  5.170200000000000E-008 -4.507616991007789E-014
  5.170800000000000E-008 -4.498804236622072E-014
  5.171400000000000E-008 -4.489998398790709E-014
  5.172000000000000E-008 -4.481199495342772E-014
  5.172600000000000E-008 -4.472407544114233E-014
  5.173200000000000E-008 -4.463622562947770E-014
  5.173800000000000E-008 -4.454844569692952E-014
  5.174400000000000E-008 -4.446073582206114E-014
  5.175000000000000E-008 -4.437309618350354E-014
  5.175600000000000E-008 -4.428552695995664E-014
  5.176200000000000E-008 -4.419802833018736E-014
  5.176799999999999E-008 -4.411060047303171E-014
  5.177400000000000E-008 -4.402324356739270E-014
  5.178000000000000E-008 -4.393595779224222E-014
  5.178600000000000E-008 -4.384874332661989E-014
  5.179200000000000E-008 -4.376160034963291E-014
  5.179799999999999E-008 -4.367452904045746E-014
  5.180400000000000E-008 -4.358752957833670E-014
  5.180999999999999E-008 -4.350060214258287E-014
  5.181600000000000E-008 -4.341374691257533E-014
  5.182200000000000E-008 -4.332696406776186E-014
  5.182799999999999E-008 -4.324025378765867E-014
  5.183400000000000E-008 -4.315361625184909E-014
  5.183999999999999E-008 -4.306705163998554E-014
  5.184600000000000E-008 -4.298056013178740E-014
  5.185199999999999E-008 -4.289414190704317E-014
  5.185799999999999E-008 -4.280779714560843E-014
  5.186400000000000E-008 -4.272152602740722E-014
  5.186999999999999E-008 -4.263532873243197E-014
  5.187600000000000E-008 -4.254920544074226E-014
  5.188199999999999E-008 -4.246315633246674E-014
  5.188799999999999E-008 -4.237718158780106E-014
  5.189399999999999E-008 -4.229128138700990E-014
  5.189999999999999E-008 -4.220545591042514E-014
  5.190600000000000E-008 -4.211970533844701E-014
  5.191200000000000E-008 -4.203402985154421E-014
  5.191800000000000E-008 -4.194842963025254E-014
  5.192400000000000E-008 -4.186290485517691E-014
  5.193000000000000E-008 -4.177745570698919E-014
  5.193599999999999E-008 -4.169208236643032E-014
  5.194200000000000E-008 -4.160678501430839E-014
  5.194800000000000E-008 -4.152156383149988E-014
  5.195400000000000E-008 -4.143641899894975E-014
  5.196000000000000E-008 -4.135135069767003E-014
  5.196599999999999E-008 -4.126635910874184E-014
  5.197200000000000E-008 -4.118144441331330E-014
  5.197800000000000E-008 -4.109660679260149E-014
  5.198400000000000E-008 -4.101184642789109E-014
  5.199000000000000E-008 -4.092716350053447E-014
  5.199599999999999E-008 -4.084255819195291E-014
  5.200200000000000E-008 -4.075803068363471E-014
  5.200799999999999E-008 -4.067358115713723E-014
  5.201400000000000E-008 -4.058920979408483E-014
  5.202000000000000E-008 -4.050491677617081E-014
  5.202600000000000E-008 -4.042070228515608E-014
  5.203200000000000E-008 -4.033656650286930E-014
  5.203799999999999E-008 -4.025250961120795E-014
  5.204400000000000E-008 -4.016853179213657E-014
  5.204999999999999E-008 -4.008463322768876E-014
  5.205600000000000E-008 -4.000081409996512E-014
  5.206200000000000E-008 -3.991707459113521E-014
  5.206799999999999E-008 -3.983341488343616E-014
  5.207400000000000E-008 -3.974983515917286E-014
  5.207999999999999E-008 -3.966633560071904E-014
  5.208600000000000E-008 -3.958291639051549E-014
  5.209199999999999E-008 -3.949957771107203E-014
  5.209799999999999E-008 -3.941631974496564E-014
  5.210400000000000E-008 -3.933314267484171E-014
  5.210999999999999E-008 -3.925004668341405E-014
  5.211600000000000E-008 -3.916703195346359E-014
  5.212200000000000E-008 -3.908409866784034E-014
  5.212800000000000E-008 -3.900124700946132E-014
  5.213400000000000E-008 -3.891847716131260E-014
  5.214000000000000E-008 -3.883578930644738E-014
  5.214600000000000E-008 -3.875318362798730E-014
  5.215200000000000E-008 -3.867066030912239E-014
  5.215800000000000E-008 -3.858821953310986E-014
  5.216400000000000E-008 -3.850586148327592E-014
  5.217000000000000E-008 -3.842358634301386E-014
  5.217599999999999E-008 -3.834139429578594E-014
  5.218200000000000E-008 -3.825928552512167E-014
  5.218800000000000E-008 -3.817726021461888E-014
  5.219400000000000E-008 -3.809531854794383E-014
  5.220000000000000E-008 -3.801346070883000E-014
  5.220599999999999E-008 -3.793168688107983E-014
  5.221200000000000E-008 -3.784999724856282E-014
  5.221799999999999E-008 -3.776839199521753E-014
  5.222400000000000E-008 -3.768687130504964E-014
  5.223000000000000E-008 -3.760543536213327E-014
  5.223599999999999E-008 -3.752408435061091E-014
  5.224200000000000E-008 -3.744281845469226E-014
  5.224799999999999E-008 -3.736163785865600E-014
  5.225400000000000E-008 -3.728054274684790E-014
  5.226000000000000E-008 -3.719953330368260E-014
  5.226599999999999E-008 -3.711860971364240E-014
  5.227200000000000E-008 -3.703777216127729E-014
  5.227799999999999E-008 -3.695702083120612E-014
  5.228400000000000E-008 -3.687635590811484E-014
  5.228999999999999E-008 -3.679577757675837E-014
  5.229599999999999E-008 -3.671528602195870E-014
  5.230200000000000E-008 -3.663488142860672E-014
  5.230799999999999E-008 -3.655456398166096E-014
  5.231400000000000E-008 -3.647433386614766E-014
  5.231999999999999E-008 -3.639419126716193E-014
  5.232599999999999E-008 -3.631413636986591E-014
  5.233200000000000E-008 -3.623416935949078E-014
  5.233800000000000E-008 -3.615429042133479E-014
  5.234400000000000E-008 -3.607449974076504E-014
  5.235000000000000E-008 -3.599479750321631E-014
  5.235600000000000E-008 -3.591518389419109E-014
  5.236200000000000E-008 -3.583565909926068E-014
  5.236800000000000E-008 -3.575622330406353E-014
  5.237399999999999E-008 -3.567687669430703E-014
  5.238000000000000E-008 -3.559761945576577E-014
  5.238600000000000E-008 -3.551845177428276E-014
  5.239200000000000E-008 -3.543937383576934E-014
  5.239800000000000E-008 -3.536038582620417E-014
  5.240399999999999E-008 -3.528148793163475E-014
  5.241000000000000E-008 -3.520268033817577E-014
  5.241599999999999E-008 -3.512396323201087E-014
  5.242200000000000E-008 -3.504533679939087E-014
  5.242800000000000E-008 -3.496680122663503E-014
  5.243400000000000E-008 -3.488835670013094E-014
  5.244000000000000E-008 -3.481000340633347E-014
  5.244599999999999E-008 -3.473174153176638E-014
  5.245200000000000E-008 -3.465357126302058E-014
  5.245799999999999E-008 -3.457549278675597E-014
  5.246400000000000E-008 -3.449750628969960E-014
  5.247000000000000E-008 -3.441961195864696E-014
  5.247599999999999E-008 -3.434180998046190E-014
  5.248200000000000E-008 -3.426410054207549E-014
  5.248799999999999E-008 -3.418648383048778E-014
  5.249400000000000E-008 -3.410896003276590E-014
  5.249999999999999E-008 -3.403152933604595E-014
  5.250599999999999E-008 -3.395419192753128E-014
  5.251200000000000E-008 -3.387694799449358E-014
  5.251799999999999E-008 -3.379979772427295E-014
  5.252400000000000E-008 -3.372274130427671E-014
  5.252999999999999E-008 -3.364577892198112E-014
  5.253599999999999E-008 -3.356891076492956E-014
  5.254200000000000E-008 -3.349213702073429E-014
  5.254800000000000E-008 -3.341545787707519E-014
  5.255400000000000E-008 -3.333887352169988E-014
  5.256000000000000E-008 -3.326238414242479E-014
  5.256600000000000E-008 -3.318598992713349E-014
  5.257200000000000E-008 -3.310969106377849E-014
  5.257800000000000E-008 -3.303348774037941E-014
  5.258400000000000E-008 -3.295738014502471E-014
  5.259000000000000E-008 -3.288136846587054E-014
  5.259600000000000E-008 -3.280545289114077E-014
  5.260200000000000E-008 -3.272963360912804E-014
  5.260800000000000E-008 -3.265391080819219E-014
  5.261399999999999E-008 -3.257828467676193E-014
  5.262000000000000E-008 -3.250275540333316E-014
  5.262600000000000E-008 -3.242732317647055E-014
  5.263200000000000E-008 -3.235198818480651E-014
  5.263800000000000E-008 -3.227675061704113E-014
  5.264399999999999E-008 -3.220161066194330E-014
  5.265000000000000E-008 -3.212656850834908E-014
  5.265599999999999E-008 -3.205162434516345E-014
  5.266200000000000E-008 -3.197677836135863E-014
  5.266800000000000E-008 -3.190203074597523E-014
  5.267399999999999E-008 -3.182738168812219E-014
  5.268000000000000E-008 -3.175283137697576E-014
  5.268599999999999E-008 -3.167838000178105E-014
  5.269200000000000E-008 -3.160402775185039E-014
  5.269799999999999E-008 -3.152977481656496E-014
  5.270399999999999E-008 -3.145562138537324E-014
  5.271000000000000E-008 -3.138156764779206E-014
  5.271599999999999E-008 -3.130761379340663E-014
  5.272200000000000E-008 -3.123376001186942E-014
  5.272799999999999E-008 -3.116000649290178E-014
  5.273399999999999E-008 -3.108635342629227E-014
  5.273999999999999E-008 -3.101280100189833E-014
  5.274599999999999E-008 -3.093934940964467E-014
  5.275200000000000E-008 -3.086599883952435E-014
  5.275800000000000E-008 -3.079274948159882E-014
  5.276400000000000E-008 -3.071960152599680E-014
  5.277000000000000E-008 -3.064655516291588E-014
  5.277600000000000E-008 -3.057361058262084E-014
  5.278199999999999E-008 -3.050076797544538E-014
  5.278800000000000E-008 -3.042802753179043E-014
  5.279400000000000E-008 -3.035538944212532E-014
  5.280000000000000E-008 -3.028285389698770E-014
  5.280600000000000E-008 -3.021042108698255E-014
  5.281199999999999E-008 -3.013809120278369E-014
  5.281800000000000E-008 -3.006586443513216E-014
  5.282399999999999E-008 -2.999374097483787E-014
  5.283000000000000E-008 -2.992172101277800E-014
  5.283600000000000E-008 -2.984980473989812E-014
  5.284200000000000E-008 -2.977799234721214E-014
  5.284800000000000E-008 -2.970628402580125E-014
  5.285399999999999E-008 -2.963467996681551E-014
  5.286000000000000E-008 -2.956318036147221E-014
  5.286600000000000E-008 -2.949178540105739E-014
  5.287200000000000E-008 -2.942049527692479E-014
  5.287800000000000E-008 -2.934931018049590E-014
  5.288399999999999E-008 -2.927823030326096E-014
  5.289000000000000E-008 -2.920725583677741E-014
  5.289599999999999E-008 -2.913638697267158E-014
  5.290200000000000E-008 -2.906562390263694E-014
  5.290800000000000E-008 -2.899496681843580E-014
  5.291399999999999E-008 -2.892441591189814E-014
  5.292000000000000E-008 -2.885397137492170E-014
  5.292599999999999E-008 -2.878363339947293E-014
  5.293200000000000E-008 -2.871340217758553E-014
  5.293799999999999E-008 -2.864327790136204E-014
  5.294399999999999E-008 -2.857326076297233E-014
  5.295000000000000E-008 -2.850335095465458E-014
  5.295599999999999E-008 -2.843354866871535E-014
  5.296200000000000E-008 -2.836385409752850E-014
  5.296799999999999E-008 -2.829426743353674E-014
  5.297400000000000E-008 -2.822478885655460E-014
  5.298000000000000E-008 -2.815541839885909E-014
  5.298600000000000E-008 -2.808615599748500E-014
  5.299200000000000E-008 -2.801700158783227E-014
  5.299800000000000E-008 -2.794795510525281E-014
  5.300400000000000E-008 -2.787901648504941E-014
  5.301000000000000E-008 -2.781018566247733E-014
  5.301600000000000E-008 -2.774146257274265E-014
  5.302199999999999E-008 -2.767284715100387E-014
  5.302800000000000E-008 -2.760433933237040E-014
  5.303400000000000E-008 -2.753593905190363E-014
  5.304000000000000E-008 -2.746764624461683E-014
  5.304600000000000E-008 -2.739946084547421E-014
  5.305199999999999E-008 -2.733138278939244E-014
  5.305800000000000E-008 -2.726341201123898E-014
  5.306399999999999E-008 -2.719554844583373E-014
  5.307000000000000E-008 -2.712779202794752E-014
  5.307600000000000E-008 -2.706014269230312E-014
  5.308199999999999E-008 -2.699260037357520E-014
  5.308800000000000E-008 -2.692516500638940E-014
  5.309399999999999E-008 -2.685783652532374E-014
  5.310000000000000E-008 -2.679061486490712E-014
  5.310599999999999E-008 -2.672349995962083E-014
  5.311199999999999E-008 -2.665649174389709E-014
  5.311800000000000E-008 -2.658959015212008E-014
  5.312399999999999E-008 -2.652279511862588E-014
  5.313000000000000E-008 -2.645610657770150E-014
  5.313599999999999E-008 -2.638952446358639E-014
  5.314199999999999E-008 -2.632304871047084E-014
  5.314800000000000E-008 -2.625667925249742E-014
  5.315399999999999E-008 -2.619041602376008E-014
  5.316000000000000E-008 -2.612425895830408E-014
  5.316599999999999E-008 -2.605820799012701E-014
  5.317200000000000E-008 -2.599226305317729E-014
  5.317799999999999E-008 -2.592642408135575E-014
  5.318400000000000E-008 -2.586069100851407E-014
  5.319000000000000E-008 -2.579506376845626E-014
  5.319600000000000E-008 -2.572954229493764E-014
  5.320200000000000E-008 -2.566412652166488E-014
  5.320800000000000E-008 -2.559881638229696E-014
  5.321400000000000E-008 -2.553361181044371E-014
  5.322000000000000E-008 -2.546851273966735E-014
  5.322600000000000E-008 -2.540351910348109E-014
  5.323200000000000E-008 -2.533863083535000E-014
  5.323800000000000E-008 -2.527384786869113E-014
  5.324400000000000E-008 -2.520917013687243E-014
  5.325000000000000E-008 -2.514459757321428E-014
  5.325600000000000E-008 -2.508013011098793E-014
  5.326199999999999E-008 -2.501576768341699E-014
  5.326800000000000E-008 -2.495151022367606E-014
  5.327400000000000E-008 -2.488735766489162E-014
  5.328000000000000E-008 -2.482330994014211E-014
  5.328600000000000E-008 -2.475936698245690E-014
  5.329199999999999E-008 -2.469552872481776E-014
  5.329800000000000E-008 -2.463179510015733E-014
  5.330399999999999E-008 -2.456816604136063E-014
  5.331000000000000E-008 -2.450464148126364E-014
  5.331600000000000E-008 -2.444122135265429E-014
  5.332199999999999E-008 -2.437790558827237E-014
  5.332800000000000E-008 -2.431469412080867E-014
  5.333399999999999E-008 -2.425158688290636E-014
  5.334000000000000E-008 -2.418858380715947E-014
  5.334599999999999E-008 -2.412568482611442E-014
  5.335199999999999E-008 -2.406288987226862E-014
  5.335800000000000E-008 -2.400019887807137E-014
  5.336399999999999E-008 -2.393761177592386E-014
  5.337000000000000E-008 -2.387512849817830E-014
  5.337599999999999E-008 -2.381274897713924E-014
  5.338199999999999E-008 -2.375047314506212E-014
  5.338799999999999E-008 -2.368830093415477E-014
  5.339399999999999E-008 -2.362623227657597E-014
  5.340000000000000E-008 -2.356426710443644E-014
  5.340600000000000E-008 -2.350240534979878E-014
  5.341200000000000E-008 -2.344064694467658E-014
  5.341800000000000E-008 -2.337899182103579E-014
  5.342400000000000E-008 -2.331743991079328E-014
  5.343000000000000E-008 -2.325599114581815E-014
  5.343600000000000E-008 -2.319464545793087E-014
  5.344200000000000E-008 -2.313340277890330E-014
  5.344800000000000E-008 -2.307226304045950E-014
  5.345400000000000E-008 -2.301122617427449E-014
  5.345999999999999E-008 -2.295029211197561E-014
  5.346600000000000E-008 -2.288946078514112E-014
  5.347200000000000E-008 -2.282873212530152E-014
  5.347800000000000E-008 -2.276810606393871E-014
  5.348400000000000E-008 -2.270758253248592E-014
  5.348999999999999E-008 -2.264716146232861E-014
  5.349600000000000E-008 -2.258684278480322E-014
  5.350199999999999E-008 -2.252662643119847E-014
  5.350800000000000E-008 -2.246651233275403E-014
  5.351400000000000E-008 -2.240650042066181E-014
  5.351999999999999E-008 -2.234659062606508E-014
  5.352600000000000E-008 -2.228678288005849E-014
  5.353199999999999E-008 -2.222707711368891E-014
  5.353800000000000E-008 -2.216747325795416E-014
  5.354399999999999E-008 -2.210797124380437E-014
  5.355000000000000E-008 -2.204857100214070E-014
  5.355600000000000E-008 -2.198927246381619E-014
  5.356199999999999E-008 -2.193007555963578E-014
  5.356800000000000E-008 -2.187098022035542E-014
  5.357399999999999E-008 -2.181198637668339E-014
  5.358000000000000E-008 -2.175309395927891E-014
  5.358599999999999E-008 -2.169430289875351E-014
  5.359199999999999E-008 -2.163561312566975E-014
  5.359800000000000E-008 -2.157702457054206E-014
  5.360399999999999E-008 -2.151853716383680E-014
  5.361000000000000E-008 -2.146015083597130E-014
  5.361600000000000E-008 -2.140186551731526E-014
  5.362200000000000E-008 -2.134368113818927E-014
  5.362800000000000E-008 -2.128559762886630E-014
  5.363400000000000E-008 -2.122761491957026E-014
  5.364000000000000E-008 -2.116973294047704E-014
  5.364600000000000E-008 -2.111195162171435E-014
  5.365200000000000E-008 -2.105427089336094E-014
  5.365800000000000E-008 -2.099669068544791E-014
  5.366400000000000E-008 -2.093921092795726E-014
  5.366999999999999E-008 -2.088183155082332E-014
  5.367600000000000E-008 -2.082455248393146E-014
  5.368200000000000E-008 -2.076737365711892E-014
  5.368800000000000E-008 -2.071029500017483E-014
  5.369400000000000E-008 -2.065331644283935E-014
  5.369999999999999E-008 -2.059643791480496E-014
  5.370600000000000E-008 -2.053965934571507E-014
  5.371199999999999E-008 -2.048298066516541E-014
  5.371800000000000E-008 -2.042640180270275E-014
  5.372400000000000E-008 -2.036992268782572E-014
  5.372999999999999E-008 -2.031354324998487E-014
  5.373600000000000E-008 -2.025726341858174E-014
  5.374199999999999E-008 -2.020108312297022E-014
  5.374800000000000E-008 -2.014500229245512E-014
  5.375400000000000E-008 -2.008902085629349E-014
  5.375999999999999E-008 -2.003313874369374E-014
  5.376600000000000E-008 -1.997735588381566E-014
  5.377199999999999E-008 -1.992167220577127E-014
  5.377800000000000E-008 -1.986608763862353E-014
  5.378399999999999E-008 -1.981060211138771E-014
  5.378999999999999E-008 -1.975521555303004E-014
  5.379600000000000E-008 -1.969992789246894E-014
  5.380199999999999E-008 -1.964473905857425E-014
  5.380800000000000E-008 -1.958964898016716E-014
  5.381399999999999E-008 -1.953465758602106E-014
  5.381999999999999E-008 -1.947976480486035E-014
  5.382600000000000E-008 -1.942497056536166E-014
  5.383200000000000E-008 -1.937027479615272E-014
  5.383800000000000E-008 -1.931567742581312E-014
  5.384400000000000E-008 -1.926117838287432E-014
  5.385000000000000E-008 -1.920677759581884E-014
  5.385600000000000E-008 -1.915247499308147E-014
  5.386200000000000E-008 -1.909827050304801E-014
  5.386799999999999E-008 -1.904416405405649E-014
  5.387400000000000E-008 -1.899015557439604E-014
  5.388000000000000E-008 -1.893624499230765E-014
  5.388600000000000E-008 -1.888243223598417E-014
  5.389200000000000E-008 -1.882871723356953E-014
  5.389799999999999E-008 -1.877509991315993E-014
  5.390400000000000E-008 -1.872158020280255E-014
  5.390999999999999E-008 -1.866815803049683E-014
  5.391600000000000E-008 -1.861483332419330E-014
  5.392200000000000E-008 -1.856160601179435E-014
  5.392799999999999E-008 -1.850847602115424E-014
  5.393400000000000E-008 -1.845544328007828E-014
  5.393999999999999E-008 -1.840250771632407E-014
  5.394600000000000E-008 -1.834966925760020E-014
  5.395199999999999E-008 -1.829692783156752E-014
  5.395800000000000E-008 -1.824428336583795E-014
  5.396400000000000E-008 -1.819173578797528E-014
  5.396999999999999E-008 -1.813928502549515E-014
  5.397600000000000E-008 -1.808693100586431E-014
  5.398199999999999E-008 -1.803467365650173E-014
  5.398800000000000E-008 -1.798251290477742E-014
  5.399399999999999E-008 -1.793044867801361E-014
  5.399999999999999E-008 -1.787848090348363E-014
  5.400600000000000E-008 -1.782660950841266E-014
  5.401199999999999E-008 -1.777483441997776E-014
  5.401800000000000E-008 -1.772315556530707E-014
  5.402399999999999E-008 -1.767157287148096E-014
  5.402999999999999E-008 -1.762008626553084E-014
  5.403600000000000E-008 -1.756869567444025E-014
  5.404200000000000E-008 -1.751740102514417E-014
  5.404800000000000E-008 -1.746620224452895E-014
  5.405400000000000E-008 -1.741509925943312E-014
  5.406000000000000E-008 -1.736409199664621E-014
  5.406600000000000E-008 -1.731318038291000E-014
  5.407200000000000E-008 -1.726236434491730E-014
  5.407800000000000E-008 -1.721164380931306E-014
  5.408400000000000E-008 -1.716101870269364E-014
  5.409000000000000E-008 -1.711048895160680E-014
  5.409600000000000E-008 -1.706005448255247E-014
  5.410200000000000E-008 -1.700971522198158E-014
  5.410799999999999E-008 -1.695947109629731E-014
  5.411400000000000E-008 -1.690932203185394E-014
  5.412000000000000E-008 -1.685926795495761E-014
  5.412600000000000E-008 -1.680930879186628E-014
  5.413200000000000E-008 -1.675944446878907E-014
  5.413799999999999E-008 -1.670967491188727E-014
  5.414400000000000E-008 -1.666000004727324E-014
  5.414999999999999E-008 -1.661041980101154E-014
  5.415600000000000E-008 -1.656093409911787E-014
  5.416200000000000E-008 -1.651154286755975E-014
  5.416799999999999E-008 -1.646224603225656E-014
  5.417400000000000E-008 -1.641304351907880E-014
  5.417999999999999E-008 -1.636393525384918E-014
  5.418600000000000E-008 -1.631492116234144E-014
  5.419199999999999E-008 -1.626600117028156E-014
  5.419799999999999E-008 -1.621717520334663E-014
  5.420400000000000E-008 -1.616844318716556E-014
  5.420999999999999E-008 -1.611980504731914E-014
  5.421600000000000E-008 -1.607126070933928E-014
  5.422199999999999E-008 -1.602281009871006E-014
  5.422799999999999E-008 -1.597445314086666E-014
  5.423399999999999E-008 -1.592618976119643E-014
  5.423999999999999E-008 -1.587801988503787E-014
  5.424600000000000E-008 -1.582994343768129E-014
  5.425200000000000E-008 -1.578196034436889E-014
  5.425800000000000E-008 -1.573407053029396E-014
  5.426400000000000E-008 -1.568627392060199E-014
  5.427000000000000E-008 -1.563857044038956E-014
  5.427599999999999E-008 -1.559096001470542E-014
  5.428200000000000E-008 -1.554344256854947E-014
  5.428800000000000E-008 -1.549601802687343E-014
  5.429400000000000E-008 -1.544868631458087E-014
  5.430000000000000E-008 -1.540144735652651E-014
  5.430599999999999E-008 -1.535430107751724E-014
  5.431200000000000E-008 -1.530724740231102E-014
  5.431800000000000E-008 -1.526028625561794E-014
  5.432400000000000E-008 -1.521341756209951E-014
  5.433000000000000E-008 -1.516664124636864E-014
  5.433599999999999E-008 -1.511995723299038E-014
  5.434200000000000E-008 -1.507336544648082E-014
  5.434799999999999E-008 -1.502686581130828E-014
  5.435400000000000E-008 -1.498045825189212E-014
  5.436000000000000E-008 -1.493414269260381E-014
  5.436600000000000E-008 -1.488791905776626E-014
  5.437200000000000E-008 -1.484178727165381E-014
  5.437799999999999E-008 -1.479574725849287E-014
  5.438400000000000E-008 -1.474979894246097E-014
  5.438999999999999E-008 -1.470394224768780E-014
  5.439600000000000E-008 -1.465817709825419E-014
  5.440200000000000E-008 -1.461250341819283E-014
  5.440799999999999E-008 -1.456692113148822E-014
  5.441400000000000E-008 -1.452143016207602E-014
  5.441999999999999E-008 -1.447603043384405E-014
  5.442600000000000E-008 -1.443072187063125E-014
  5.443199999999999E-008 -1.438550439622869E-014
  5.443799999999999E-008 -1.434037793437861E-014
  5.444400000000000E-008 -1.429534240877510E-014
  5.444999999999999E-008 -1.425039774306407E-014
  5.445600000000000E-008 -1.420554386084256E-014
  5.446199999999999E-008 -1.416078068565981E-014
  5.446800000000000E-008 -1.411610814101613E-014
  5.447400000000000E-008 -1.407152615036403E-014
  5.448000000000000E-008 -1.402703463710713E-014
  5.448600000000000E-008 -1.398263352460092E-014
  5.449200000000000E-008 -1.393832273615269E-014
  5.449800000000000E-008 -1.389410219502092E-014
  5.450400000000000E-008 -1.384997182441622E-014
  5.451000000000000E-008 -1.380593154750033E-014
  5.451599999999999E-008 -1.376198128738712E-014
  5.452200000000000E-008 -1.371812096714164E-014
  5.452800000000000E-008 -1.367435050978077E-014
  5.453400000000000E-008 -1.363066983827320E-014
  5.454000000000000E-008 -1.358707887553881E-014
  5.454599999999999E-008 -1.354357754444961E-014
  5.455200000000000E-008 -1.350016576782874E-014
  5.455799999999999E-008 -1.345684346845146E-014
  5.456400000000000E-008 -1.341361056904425E-014
  5.457000000000000E-008 -1.337046699228536E-014
  5.457599999999999E-008 -1.332741266080489E-014
  5.458200000000000E-008 -1.328444749718412E-014
  5.458799999999999E-008 -1.324157142395646E-014
  5.459400000000000E-008 -1.319878436360646E-014
  5.460000000000000E-008 -1.315608623857071E-014
  5.460599999999999E-008 -1.311347697123725E-014
  5.461200000000000E-008 -1.307095648394559E-014
  5.461799999999999E-008 -1.302852469898726E-014
  5.462400000000000E-008 -1.298618153860497E-014
  5.462999999999999E-008 -1.294392692499349E-014
  5.463599999999999E-008 -1.290176078029880E-014
  5.464200000000000E-008 -1.285968302661887E-014
  5.464799999999999E-008 -1.281769358600317E-014
  5.465400000000000E-008 -1.277579238045257E-014
  5.465999999999999E-008 -1.273397933192004E-014
  5.466599999999999E-008 -1.269225436230965E-014
  5.467199999999999E-008 -1.265061739347761E-014
  5.467800000000000E-008 -1.260906834723133E-014
  5.468400000000000E-008 -1.256760714533002E-014
  5.469000000000000E-008 -1.252623370948471E-014
  5.469600000000000E-008 -1.248494796135763E-014
  5.470200000000000E-008 -1.244374982256313E-014
  5.470800000000000E-008 -1.240263921466670E-014
  5.471399999999999E-008 -1.236161605918594E-014
  5.472000000000000E-008 -1.232068027758965E-014
  5.472600000000000E-008 -1.227983179129846E-014
  5.473200000000000E-008 -1.223907052168479E-014
  5.473800000000000E-008 -1.219839639007227E-014
  5.474400000000000E-008 -1.215780931773665E-014
  5.475000000000000E-008 -1.211730922590483E-014
  5.475599999999999E-008 -1.207689603575579E-014
  5.476200000000000E-008 -1.203656966841974E-014
  5.476800000000000E-008 -1.199633004497872E-014
  5.477400000000000E-008 -1.195617708646653E-014
  5.478000000000000E-008 -1.191611071386822E-014
  5.478599999999999E-008 -1.187613084812093E-014
  5.479200000000000E-008 -1.183623741011295E-014
  5.479799999999999E-008 -1.179643032068468E-014
  5.480400000000000E-008 -1.175670950062773E-014
  5.481000000000000E-008 -1.171707487068552E-014
  5.481599999999999E-008 -1.167752635155327E-014
  5.482200000000000E-008 -1.163806386387742E-014
  5.482799999999999E-008 -1.159868732825650E-014
  5.483400000000000E-008 -1.155939666524022E-014
  5.483999999999999E-008 -1.152019179533036E-014
  5.484599999999999E-008 -1.148107263897995E-014
  5.485200000000000E-008 -1.144203911659380E-014
  5.485799999999999E-008 -1.140309114852852E-014
  5.486400000000000E-008 -1.136422865509198E-014
  5.486999999999999E-008 -1.132545155654408E-014
  5.487599999999999E-008 -1.128675977309594E-014
  5.488199999999999E-008 -1.124815322491076E-014
  5.488799999999999E-008 -1.120963183210293E-014
  5.489400000000000E-008 -1.117119551473869E-014
  5.490000000000000E-008 -1.113284419283604E-014
  5.490600000000000E-008 -1.109457778636425E-014
  5.491200000000000E-008 -1.105639621524462E-014
  5.491800000000000E-008 -1.101829939934968E-014
  5.492400000000000E-008 -1.098028725850395E-014
  5.493000000000000E-008 -1.094235971248341E-014
  5.493600000000000E-008 -1.090451668101553E-014
  5.494200000000000E-008 -1.086675808377976E-014
  5.494800000000000E-008 -1.082908384040676E-014
  5.495399999999999E-008 -1.079149387047926E-014
  5.496000000000000E-008 -1.075398809353121E-014
  5.496600000000000E-008 -1.071656642904839E-014
  5.497200000000000E-008 -1.067922879646834E-014
  5.497800000000000E-008 -1.064197511517986E-014
  5.498399999999999E-008 -1.060480530452382E-014
  5.499000000000000E-008 -1.056771928379227E-014
  5.499599999999999E-008 -1.053071697222934E-014
  5.500200000000000E-008 -1.049379828903038E-014
  5.500800000000000E-008 -1.045696315334258E-014
  5.501399999999999E-008 -1.042021148426486E-014
  5.502000000000000E-008 -1.038354320084744E-014
  5.502599999999999E-008 -1.034695822209257E-014
  5.503200000000000E-008 -1.031045646695373E-014
  5.503799999999999E-008 -1.027403785433641E-014
  5.504399999999999E-008 -1.023770230309740E-014
  5.505000000000000E-008 -1.020144973204526E-014
  5.505599999999999E-008 -1.016528005994032E-014
  5.506200000000000E-008 -1.012919320549421E-014
  5.506799999999999E-008 -1.009318908737057E-014
  5.507400000000000E-008 -1.005726762418428E-014
  5.507999999999999E-008 -1.002142873450223E-014
  5.508599999999999E-008 -9.985672336842616E-015
  5.509200000000000E-008 -9.949998349675387E-015
  5.509799999999999E-008 -9.914406691422290E-015
  5.510400000000000E-008 -9.878897280456335E-015
  5.511000000000000E-008 -9.843470035102579E-015
  5.511600000000000E-008 -9.808124873637283E-015
  5.512199999999999E-008 -9.772861714288762E-015
  5.512800000000000E-008 -9.737680475236590E-015
  5.513400000000000E-008 -9.702581074612129E-015
  5.514000000000000E-008 -9.667563430498519E-015
  5.514600000000000E-008 -9.632627460930177E-015
  5.515200000000000E-008 -9.597773083893549E-015
  5.515800000000000E-008 -9.563000217326309E-015
  5.516399999999999E-008 -9.528308779118164E-015
  5.517000000000000E-008 -9.493698687110088E-015
  5.517600000000000E-008 -9.459169859094845E-015
  5.518200000000000E-008 -9.424722212816978E-015
  5.518800000000000E-008 -9.390355665972298E-015
  5.519399999999999E-008 -9.356070136208652E-015
  5.520000000000000E-008 -9.321865541125121E-015
  5.520600000000000E-008 -9.287741798272751E-015
  5.521200000000000E-008 -9.253698825154076E-015
  5.521800000000000E-008 -9.219736539223107E-015
  5.522399999999999E-008 -9.185854857885834E-015
  5.523000000000000E-008 -9.152053698499470E-015
  5.523599999999999E-008 -9.118332978373265E-015
  5.524200000000000E-008 -9.084692614767741E-015
  5.524800000000000E-008 -9.051132524895203E-015
  5.525399999999999E-008 -9.017652625919734E-015
  5.526000000000000E-008 -8.984252834956689E-015
  5.526599999999999E-008 -8.950933069073461E-015
  5.527200000000000E-008 -8.917693245288669E-015
  5.527799999999999E-008 -8.884533280572955E-015
  5.528399999999999E-008 -8.851453091848243E-015
  5.529000000000000E-008 -8.818452595988245E-015
  5.529599999999999E-008 -8.785531709818429E-015
  5.530200000000000E-008 -8.752690350115569E-015
  5.530799999999999E-008 -8.719928433608441E-015
  5.531399999999999E-008 -8.687245876977073E-015
  5.532000000000000E-008 -8.654642596853505E-015
  5.532600000000000E-008 -8.622118509821064E-015
  5.533200000000000E-008 -8.589673532414853E-015
  5.533800000000000E-008 -8.557307581121751E-015
  5.534400000000000E-008 -8.525020572379925E-015
  5.535000000000000E-008 -8.492812422579555E-015
  5.535600000000000E-008 -8.460683048062068E-015
  5.536199999999999E-008 -8.428632365120899E-015
  5.536800000000000E-008 -8.396660290000782E-015
  5.537400000000000E-008 -8.364766738898220E-015
  5.538000000000000E-008 -8.332951627961485E-015
  5.538600000000000E-008 -8.301214873290150E-015
  5.539199999999999E-008 -8.269556390935793E-015
  5.539800000000000E-008 -8.237976096901240E-015
  5.540399999999999E-008 -8.206473907141329E-015
  5.541000000000000E-008 -8.175049737562190E-015
  5.541600000000000E-008 -8.143703504021731E-015
  5.542199999999999E-008 -8.112435122329620E-015
  5.542800000000000E-008 -8.081244508246833E-015
  5.543399999999999E-008 -8.050131577486343E-015
  5.544000000000000E-008 -8.019096245712384E-015
  5.544599999999999E-008 -7.988138428541183E-015
  5.545199999999999E-008 -7.957258041540284E-015
  5.545800000000000E-008 -7.926455000228983E-015
  5.546399999999999E-008 -7.895729220078353E-015
  5.547000000000000E-008 -7.865080616510768E-015
  5.547599999999999E-008 -7.834509104900603E-015
  5.548200000000000E-008 -7.804014600573493E-015
  5.548800000000000E-008 -7.773597018807019E-015
  5.549399999999999E-008 -7.743256274830256E-015
  5.550000000000000E-008 -7.712992283823772E-015
  5.550599999999999E-008 -7.682804960920078E-015
  5.551200000000000E-008 -7.652694221202958E-015
  5.551799999999999E-008 -7.622659979708174E-015
  5.552399999999999E-008 -7.592702151422772E-015
  5.553000000000000E-008 -7.562820651285726E-015
  5.553600000000000E-008 -7.533015394187514E-015
  5.554200000000000E-008 -7.503286294970104E-015
  5.554800000000000E-008 -7.473633268427408E-015
  5.555400000000000E-008 -7.444056229304606E-015
  5.556000000000000E-008 -7.414555092298863E-015
  5.556600000000000E-008 -7.385129772058668E-015
  5.557200000000000E-008 -7.355780183184268E-015
  5.557800000000000E-008 -7.326506240227664E-015
  5.558400000000000E-008 -7.297307857692189E-015
  5.559000000000000E-008 -7.268184950033144E-015
  5.559600000000000E-008 -7.239137431657122E-015
  5.560199999999999E-008 -7.210165216922679E-015
  5.560800000000000E-008 -7.181268220139707E-015
  5.561400000000000E-008 -7.152446355569851E-015
  5.562000000000000E-008 -7.123699537426518E-015
  5.562600000000000E-008 -7.095027679874432E-015
  5.563199999999999E-008 -7.066430697030301E-015
  5.563800000000000E-008 -7.037908502962117E-015
  5.564399999999999E-008 -7.009461011689834E-015
  5.565000000000000E-008 -6.981088137184744E-015
  5.565600000000000E-008 -6.952789793369895E-015
  5.566199999999999E-008 -6.924565894120088E-015
  5.566800000000000E-008 -6.896416353261456E-015
  5.567399999999999E-008 -6.868341084572099E-015
  5.568000000000000E-008 -6.840340001781411E-015
  5.568599999999999E-008 -6.812413018570748E-015
  5.569199999999999E-008 -6.784560048572801E-015
  5.569800000000000E-008 -6.756781005372019E-015
  5.570399999999999E-008 -6.729075802504598E-015
  5.571000000000000E-008 -6.701444353458079E-015
  5.571599999999999E-008 -6.673886571671955E-015
  5.572199999999999E-008 -6.646402370537026E-015
  5.572799999999999E-008 -6.618991663396043E-015
  5.573399999999999E-008 -6.591654363543100E-015
  5.574000000000000E-008 -6.564390384224045E-015
  5.574600000000000E-008 -6.537199638636474E-015
  5.575200000000000E-008 -6.510082039929326E-015
  5.575800000000000E-008 -6.483037501203499E-015
  5.576400000000000E-008 -6.456065935511189E-015
  5.576999999999999E-008 -6.429167255856546E-015
  5.577600000000000E-008 -6.402341375195068E-015
  5.578200000000000E-008 -6.375588206434002E-015
  5.578800000000000E-008 -6.348907662432340E-015
  5.579400000000000E-008 -6.322299656000429E-015
  5.579999999999999E-008 -6.295764099900558E-015
  5.580600000000000E-008 -6.269300906846330E-015
  5.581200000000000E-008 -6.242909989503250E-015
  5.581800000000000E-008 -6.216591260488339E-015
  5.582400000000000E-008 -6.190344632370123E-015
  5.582999999999999E-008 -6.164170017669035E-015
  5.583600000000000E-008 -6.138067328856820E-015
  5.584199999999999E-008 -6.112036478357168E-015
  5.584800000000000E-008 -6.086077378545121E-015
  5.585400000000000E-008 -6.060189941747472E-015
  5.585999999999999E-008 -6.034374080242749E-015
  5.586600000000000E-008 -6.008629706260847E-015
  5.587199999999999E-008 -5.982956731983593E-015
  5.587800000000000E-008 -5.957355069544140E-015
  5.588399999999999E-008 -5.931824631027570E-015
  5.589000000000000E-008 -5.906365328470330E-015
  5.589600000000000E-008 -5.880977073860609E-015
  5.590199999999999E-008 -5.855659779138338E-015
  5.590800000000000E-008 -5.830413356194814E-015
  5.591399999999999E-008 -5.805237716873260E-015
  5.592000000000000E-008 -5.780132772968230E-015
  5.592599999999999E-008 -5.755098436226205E-015
  5.593199999999999E-008 -5.730134618345035E-015
  5.593800000000000E-008 -5.705241230974308E-015
  5.594399999999999E-008 -5.680418185715354E-015
  5.595000000000000E-008 -5.655665394120870E-015
  5.595599999999999E-008 -5.630982767695479E-015
  5.596200000000000E-008 -5.606370217895137E-015
  5.596800000000000E-008 -5.581827656127722E-015
  5.597400000000000E-008 -5.557354993752486E-015
  5.598000000000000E-008 -5.532952142080419E-015
  5.598600000000000E-008 -5.508619012374244E-015
  5.599200000000000E-008 -5.484355515848067E-015
  5.599800000000000E-008 -5.460161563667904E-015
  5.600400000000000E-008 -5.436037066951114E-015
  5.600999999999999E-008 -5.411981936766975E-015
  5.601600000000000E-008 -5.387996084136138E-015
  5.602200000000000E-008 -5.364079420030995E-015
  5.602800000000000E-008 -5.340231855375666E-015
  5.603400000000000E-008 -5.316453301045658E-015
  5.603999999999999E-008 -5.292743667868388E-015
  5.604600000000000E-008 -5.269102866622617E-015
  5.605199999999999E-008 -5.245530808039019E-015
  5.605800000000000E-008 -5.222027402799647E-015
  5.606400000000000E-008 -5.198592561538292E-015
  5.606999999999999E-008 -5.175226194840474E-015
  5.607600000000000E-008 -5.151928213243105E-015
  5.608199999999999E-008 -5.128698527234994E-015
  5.608800000000000E-008 -5.105537047256307E-015
  5.609400000000000E-008 -5.082443683699081E-015
  5.609999999999999E-008 -5.059418346906874E-015
  5.610600000000000E-008 -5.036460947174776E-015
  5.611199999999999E-008 -5.013571394749737E-015
  5.611800000000000E-008 -4.990749599830070E-015
  5.612399999999999E-008 -4.967995472565983E-015
  5.612999999999999E-008 -4.945308923059082E-015
  5.613600000000000E-008 -4.922689861362696E-015
  5.614199999999999E-008 -4.900138197481887E-015
  5.614800000000000E-008 -4.877653841373111E-015
  5.615399999999999E-008 -4.855236702944718E-015
  5.615999999999999E-008 -4.832886692056421E-015
  5.616599999999999E-008 -4.810603718519829E-015
  5.617200000000000E-008 -4.788387692097945E-015
  5.617800000000000E-008 -4.766238522505501E-015
  5.618400000000000E-008 -4.744156119408956E-015
  5.619000000000000E-008 -4.722140392426170E-015
  5.619600000000000E-008 -4.700191251126890E-015
  5.620200000000000E-008 -4.678308605032231E-015
  5.620799999999999E-008 -4.656492363615199E-015
  5.621400000000000E-008 -4.634742436300201E-015
  5.622000000000000E-008 -4.613058732463368E-015
  5.622600000000000E-008 -4.591441161432557E-015
  5.623200000000000E-008 -4.569889632487028E-015
  5.623799999999999E-008 -4.548404054857930E-015
  5.624400000000000E-008 -4.526984337727778E-015
  5.624999999999999E-008 -4.505630390230976E-015
  5.625600000000000E-008 -4.484342121453331E-015
  5.626200000000000E-008 -4.463119440432377E-015
  5.626800000000000E-008 -4.441962256157368E-015
  5.627400000000000E-008 -4.420870477568967E-015
  5.627999999999999E-008 -4.399844013559718E-015
  5.628600000000000E-008 -4.378882772973542E-015
  5.629199999999999E-008 -4.357986664606238E-015
  5.629800000000000E-008 -4.337155597205017E-015
  5.630400000000000E-008 -4.316389479468811E-015
  5.630999999999999E-008 -4.295688220048273E-015
  5.631600000000000E-008 -4.275051727545470E-015
  5.632199999999999E-008 -4.254479910514340E-015
  5.632800000000000E-008 -4.233972677460209E-015
  5.633399999999999E-008 -4.213529936840273E-015
  5.633999999999999E-008 -4.193151597063146E-015
  5.634600000000000E-008 -4.172837566489159E-015
  5.635199999999999E-008 -4.152587753430362E-015
  5.635800000000000E-008 -4.132402066150225E-015
  5.636399999999999E-008 -4.112280412864086E-015
  5.636999999999999E-008 -4.092222701738670E-015
  5.637600000000000E-008 -4.072228840892545E-015
  5.638199999999999E-008 -4.052298738395810E-015
  5.638800000000000E-008 -4.032432302270111E-015
  5.639400000000000E-008 -4.012629440488927E-015
  5.640000000000000E-008 -3.992890060977127E-015
  5.640600000000000E-008 -3.973214071611449E-015
  5.641200000000000E-008 -3.953601380220050E-015
  5.641800000000000E-008 -3.934051894582804E-015
  5.642400000000000E-008 -3.914565522431304E-015
  5.643000000000000E-008 -3.895142171448566E-015
  5.643600000000000E-008 -3.875781749269464E-015
  5.644200000000000E-008 -3.856484163480274E-015
  5.644799999999999E-008 -3.837249321619127E-015
  5.645400000000000E-008 -3.818077131175585E-015
  5.646000000000000E-008 -3.798967499590923E-015
  5.646600000000000E-008 -3.779920334258130E-015
  5.647200000000000E-008 -3.760935542521622E-015
  5.647799999999999E-008 -3.742013031677675E-015
  5.648400000000000E-008 -3.723152708973967E-015
  5.648999999999999E-008 -3.704354481610025E-015
  5.649600000000000E-008 -3.685618256736813E-015
  5.650200000000000E-008 -3.666943941457005E-015
  5.650799999999999E-008 -3.648331442824989E-015
  5.651400000000000E-008 -3.629780667846587E-015
  5.651999999999999E-008 -3.611291523479468E-015
  5.652600000000000E-008 -3.592863916632712E-015
  5.653199999999999E-008 -3.574497754167247E-015
  5.653799999999999E-008 -3.556192942895438E-015
  5.654400000000000E-008 -3.537949389581359E-015
  5.654999999999999E-008 -3.519767000940795E-015
  5.655600000000000E-008 -3.501645683640969E-015
  5.656199999999999E-008 -3.483585344300951E-015
  5.656799999999999E-008 -3.465585889491223E-015
  5.657399999999999E-008 -3.447647225734108E-015
  5.657999999999999E-008 -3.429769259503375E-015
  5.658600000000000E-008 -3.411951897224497E-015
  5.659199999999999E-008 -3.394195045274658E-015
  5.659800000000000E-008 -3.376498609982484E-015
  5.660400000000000E-008 -3.358862497628441E-015
  5.661000000000000E-008 -3.341286614444413E-015
  5.661599999999999E-008 -3.323770866614123E-015
  5.662200000000000E-008 -3.306315160272739E-015
  5.662800000000000E-008 -3.288919401507137E-015
  5.663400000000000E-008 -3.271583496355897E-015
  5.664000000000000E-008 -3.254307350809049E-015
  5.664599999999999E-008 -3.237090870808455E-015
  5.665200000000000E-008 -3.219933962247402E-015
  5.665800000000000E-008 -3.202836530970987E-015
  5.666400000000000E-008 -3.185798482775853E-015
  5.667000000000000E-008 -3.168819723410201E-015
  5.667600000000000E-008 -3.151900158574035E-015
  5.668200000000000E-008 -3.135039693918787E-015
  5.668799999999999E-008 -3.118238235047717E-015
  5.669400000000000E-008 -3.101495687515540E-015
  5.670000000000000E-008 -3.084811956828674E-015
  5.670600000000000E-008 -3.068186948445241E-015
  5.671200000000000E-008 -3.051620567774814E-015
  5.671799999999999E-008 -3.035112720178798E-015
  5.672400000000000E-008 -3.018663310970026E-015
  5.672999999999999E-008 -3.002272245413156E-015
  5.673600000000000E-008 -2.985939428724305E-015
  5.674200000000000E-008 -2.969664766071291E-015
  5.674799999999999E-008 -2.953448162573633E-015
  5.675400000000000E-008 -2.937289523302308E-015
  5.675999999999999E-008 -2.921188753280117E-015
  5.676600000000000E-008 -2.905145757481298E-015
  5.677199999999999E-008 -2.889160440831904E-015
  5.677799999999999E-008 -2.873232708209456E-015
  5.678400000000000E-008 -2.857362464443170E-015
  5.678999999999999E-008 -2.841549614313963E-015
  5.679600000000000E-008 -2.825794062554217E-015
  5.680199999999999E-008 -2.810095713848130E-015
  5.680799999999999E-008 -2.794454472831339E-015
  5.681400000000000E-008 -2.778870244091299E-015
  5.682000000000000E-008 -2.763342932166929E-015
  5.682600000000000E-008 -2.747872441548848E-015
  5.683200000000000E-008 -2.732458676679371E-015
  5.683800000000000E-008 -2.717101541952281E-015
  5.684400000000000E-008 -2.701800941713174E-015
  5.685000000000000E-008 -2.686556780259090E-015
  5.685599999999999E-008 -2.671368961838881E-015
  5.686200000000000E-008 -2.656237390652868E-015
  5.686800000000000E-008 -2.641161970853070E-015
  5.687400000000000E-008 -2.626142606543200E-015
  5.688000000000000E-008 -2.611179201778443E-015
  5.688599999999999E-008 -2.596271660565794E-015
  5.689200000000000E-008 -2.581419886863695E-015
  5.689799999999999E-008 -2.566623784582394E-015
  5.690400000000000E-008 -2.551883257583617E-015
  5.691000000000000E-008 -2.537198209680780E-015
  5.691599999999999E-008 -2.522568544638996E-015
  5.692200000000000E-008 -2.507994166174852E-015
  5.692799999999999E-008 -2.493474977956740E-015
  5.693400000000000E-008 -2.479010883604505E-015
  5.693999999999999E-008 -2.464601786689792E-015
  5.694599999999999E-008 -2.450247590735728E-015
  5.695200000000000E-008 -2.435948199217132E-015
  5.695799999999999E-008 -2.421703515560513E-015
  5.696400000000000E-008 -2.407513443143861E-015
  5.696999999999999E-008 -2.393377885296964E-015
  5.697599999999999E-008 -2.379296745301092E-015
  5.698200000000000E-008 -2.365269926389206E-015
  5.698799999999999E-008 -2.351297331745957E-015
  5.699400000000000E-008 -2.337378864507481E-015
  5.699999999999999E-008 -2.323514427761706E-015
  5.700600000000000E-008 -2.309703924548025E-015
  5.701199999999999E-008 -2.295947257857625E-015
  5.701799999999999E-008 -2.282244330633175E-015
  5.702400000000000E-008 -2.268595045769038E-015
  5.703000000000000E-008 -2.254999306111262E-015
  5.703600000000000E-008 -2.241457014457386E-015
  5.704200000000000E-008 -2.227968073556736E-015
  5.704800000000000E-008 -2.214532386110108E-015
  5.705399999999999E-008 -2.201149854770084E-015
  5.706000000000000E-008 -2.187820382140737E-015
  5.706600000000000E-008 -2.174543870777829E-015
  5.707200000000000E-008 -2.161320223188807E-015
  5.707800000000000E-008 -2.148149341832613E-015
  5.708400000000000E-008 -2.135031129119969E-015
  5.709000000000000E-008 -2.121965487413074E-015
  5.709599999999999E-008 -2.108952319025907E-015
  5.710200000000000E-008 -2.095991526223945E-015
  5.710800000000000E-008 -2.083083011224348E-015
  5.711400000000000E-008 -2.070226676195962E-015
  5.712000000000000E-008 -2.057422423259130E-015
  5.712599999999999E-008 -2.044670154485974E-015
  5.713200000000000E-008 -2.031969771900093E-015
  5.713799999999999E-008 -2.019321177476867E-015
  5.714400000000000E-008 -2.006724273143171E-015
  5.715000000000000E-008 -1.994178960777566E-015
  5.715599999999999E-008 -1.981685142210298E-015
  5.716200000000000E-008 -1.969242719223111E-015
  5.716799999999999E-008 -1.956851593549525E-015
  5.717400000000000E-008 -1.944511666874541E-015
  5.717999999999999E-008 -1.932222840834937E-015
  5.718599999999999E-008 -1.919985017018990E-015
  5.719200000000000E-008 -1.907798096966661E-015
  5.719799999999999E-008 -1.895661982169593E-015
  5.720400000000000E-008 -1.883576574070934E-015
  5.720999999999999E-008 -1.871541774065600E-015
  5.721599999999999E-008 -1.859557483499997E-015
  5.722199999999999E-008 -1.847623603672297E-015
  5.722799999999999E-008 -1.835740035832183E-015
  5.723400000000000E-008 -1.823906681181012E-015
  5.724000000000000E-008 -1.812123440871828E-015
  5.724600000000000E-008 -1.800390216009180E-015
  5.725200000000000E-008 -1.788706907649383E-015
  5.725800000000000E-008 -1.777073416800243E-015
  5.726400000000000E-008 -1.765489644421316E-015
  5.727000000000000E-008 -1.753955491423734E-015
  5.727600000000000E-008 -1.742470858670206E-015
  5.728200000000000E-008 -1.731035646975190E-015
  5.728800000000000E-008 -1.719649757104637E-015
  5.729399999999999E-008 -1.708313089776260E-015
  5.730000000000000E-008 -1.697025545659285E-015
  5.730600000000000E-008 -1.685787025374615E-015
  5.731200000000000E-008 -1.674597429494833E-015
  5.731800000000000E-008 -1.663456658544032E-015
  5.732399999999999E-008 -1.652364612998069E-015
  5.733000000000000E-008 -1.641321193284295E-015
  5.733599999999999E-008 -1.630326299781824E-015
  5.734200000000000E-008 -1.619379832821281E-015
  5.734800000000000E-008 -1.608481692684970E-015
  5.735399999999999E-008 -1.597631779606872E-015
  5.736000000000000E-008 -1.586829993772484E-015
  5.736599999999999E-008 -1.576076235319058E-015
  5.737200000000000E-008 -1.565370404335351E-015
  5.737799999999999E-008 -1.554712400861870E-015
  5.738399999999999E-008 -1.544102124890645E-015
  5.739000000000000E-008 -1.533539476365379E-015
  5.739599999999999E-008 -1.523024355181451E-015
  5.740200000000000E-008 -1.512556661185761E-015
  5.740799999999999E-008 -1.502136294176959E-015
  5.741400000000000E-008 -1.491763153905202E-015
  5.741999999999999E-008 -1.481437140072399E-015
  5.742599999999999E-008 -1.471158152331978E-015
  5.743200000000000E-008 -1.460926090289043E-015
  5.743799999999999E-008 -1.450740853500372E-015
  5.744400000000000E-008 -1.440602341474266E-015
  5.744999999999999E-008 -1.430510453670775E-015
  5.745600000000000E-008 -1.420465089501456E-015
  5.746200000000000E-008 -1.410466148329616E-015
  5.746800000000000E-008 -1.400513529470085E-015
  5.747400000000000E-008 -1.390607132189368E-015
  5.748000000000000E-008 -1.380746855705641E-015
  5.748600000000000E-008 -1.370932599188607E-015
  5.749200000000000E-008 -1.361164261759713E-015
  5.749800000000000E-008 -1.351441742491919E-015
  5.750399999999999E-008 -1.341764940409929E-015
  5.751000000000000E-008 -1.332133754489977E-015
  5.751600000000000E-008 -1.322548083659966E-015
  5.752200000000000E-008 -1.313007826799470E-015
  5.752800000000000E-008 -1.303512882739594E-015
  5.753399999999999E-008 -1.294063150263185E-015
  5.754000000000000E-008 -1.284658528104604E-015
  5.754600000000000E-008 -1.275298914949940E-015
  5.755200000000000E-008 -1.265984209436867E-015
  5.755800000000000E-008 -1.256714310154650E-015
  5.756399999999999E-008 -1.247489115644274E-015
  5.757000000000000E-008 -1.238308524398246E-015
  5.757599999999999E-008 -1.229172434860810E-015
  5.758200000000000E-008 -1.220080745427743E-015
  5.758800000000000E-008 -1.211033354446494E-015
  5.759399999999999E-008 -1.202030160216176E-015
  5.760000000000000E-008 -1.193071060987440E-015
  5.760599999999999E-008 -1.184155954962672E-015
  5.761200000000000E-008 -1.175284740295781E-015
  5.761799999999999E-008 -1.166457315092407E-015
  5.762399999999999E-008 -1.157673577409731E-015
  5.763000000000000E-008 -1.148933425256599E-015
  5.763599999999999E-008 -1.140236756593524E-015
  5.764200000000000E-008 -1.131583469332560E-015
  5.764799999999999E-008 -1.122973461337491E-015
  5.765399999999999E-008 -1.114406630423625E-015
  5.765999999999999E-008 -1.105882874358004E-015
  5.766600000000000E-008 -1.097402090859207E-015
  5.767200000000000E-008 -1.088964177597482E-015
  5.767800000000000E-008 -1.080569032194741E-015
  5.768400000000000E-008 -1.072216552224439E-015
  5.769000000000000E-008 -1.063906635211757E-015
  5.769600000000000E-008 -1.055639178633408E-015
  5.770199999999999E-008 -1.047414079917829E-015
  5.770800000000000E-008 -1.039231236445002E-015
  5.771400000000000E-008 -1.031090545546575E-015
  5.772000000000000E-008 -1.022991904505859E-015
  5.772600000000000E-008 -1.014935210557709E-015
  5.773199999999999E-008 -1.006920360888705E-015
  5.773800000000000E-008 -9.989472526369627E-016
  5.774399999999999E-008 -9.910157828923171E-016
  5.775000000000000E-008 -9.831258486961518E-016
  5.775600000000000E-008 -9.752773470415135E-016
  5.776199999999999E-008 -9.674701748731122E-016
  5.776800000000000E-008 -9.597042290872059E-016
  5.777399999999999E-008 -9.519794065317731E-016
  5.778000000000000E-008 -9.442956040063287E-016
  5.778599999999999E-008 -9.366527182621079E-016
  5.779200000000000E-008 -9.290506460018952E-016
  5.779800000000000E-008 -9.214892838801374E-016
  5.780399999999999E-008 -9.139685285029434E-016
  5.781000000000000E-008 -9.064882764279727E-016
  5.781599999999999E-008 -8.990484241646016E-016
  5.782200000000000E-008 -8.916488681737478E-016
  5.782799999999999E-008 -8.842895048680442E-016
  5.783399999999999E-008 -8.769702306116764E-016
  5.784000000000000E-008 -8.696909417204916E-016
  5.784599999999999E-008 -8.624515344619973E-016
  5.785200000000000E-008 -8.552519050552545E-016
  5.785799999999999E-008 -8.480919496710383E-016
  5.786399999999999E-008 -8.409715644316781E-016
  5.787000000000000E-008 -8.338906454111633E-016
  5.787599999999999E-008 -8.268490886351439E-016
  5.788200000000000E-008 -8.198467900808250E-016
  5.788800000000000E-008 -8.128836456771231E-016
  5.789400000000000E-008 -8.059595513045016E-016
  5.790000000000000E-008 -7.990744027951335E-016
  5.790600000000000E-008 -7.922280959327490E-016
  5.791200000000000E-008 -7.854205264527386E-016
  5.791800000000000E-008 -7.786515900421502E-016
  5.792400000000000E-008 -7.719211823395909E-016
  5.793000000000000E-008 -7.652291989353756E-016
  5.793600000000000E-008 -7.585755353713688E-016
  5.794199999999999E-008 -7.519600871411424E-016
  5.794800000000000E-008 -7.453827496898282E-016
  5.795400000000000E-008 -7.388434184142159E-016
  5.796000000000000E-008 -7.323419886627526E-016
  5.796600000000000E-008 -7.258783557354469E-016
  5.797199999999999E-008 -7.194524148840124E-016
  5.797800000000000E-008 -7.130640613117151E-016
  5.798399999999999E-008 -7.067131901735250E-016
  5.799000000000000E-008 -7.003996965759754E-016
  5.799600000000000E-008 -6.941234755772561E-016
  5.800199999999999E-008 -6.878844221872127E-016
  5.800800000000000E-008 -6.816824313672557E-016
  5.801399999999999E-008 -6.755173980304970E-016
  5.802000000000000E-008 -6.693892170416038E-016
  5.802599999999999E-008 -6.632977832169455E-016
  5.803199999999999E-008 -6.572429913244557E-016
  5.803800000000000E-008 -6.512247360837244E-016
  5.804399999999999E-008 -6.452429121659966E-016
  5.805000000000000E-008 -6.392974141940837E-016
  5.805599999999999E-008 -6.333881367424961E-016
  5.806199999999999E-008 -6.275149743373032E-016
  5.806799999999999E-008 -6.216778214562720E-016
  5.807399999999999E-008 -6.158765725287382E-016
  5.808000000000000E-008 -6.101111219356908E-016
  5.808599999999999E-008 -6.043813640097745E-016
  5.809200000000000E-008 -5.986871930352017E-016
  5.809800000000000E-008 -5.930285032478817E-016
  5.810400000000000E-008 -5.874051888352851E-016
  5.810999999999999E-008 -5.818171439365779E-016
  5.811600000000000E-008 -5.762642626424959E-016
  5.812200000000000E-008 -5.707464389954295E-016
  5.812800000000000E-008 -5.652635669894212E-016
  5.813400000000000E-008 -5.598155405700853E-016
  5.813999999999999E-008 -5.544022536347300E-016
  5.814600000000000E-008 -5.490236000322346E-016
  5.815200000000000E-008 -5.436794735631322E-016
  5.815800000000000E-008 -5.383697679796076E-016
  5.816400000000000E-008 -5.330943769854190E-016
  5.816999999999999E-008 -5.278531942360161E-016
  5.817600000000000E-008 -5.226461133384146E-016
  5.818199999999999E-008 -5.174730278513210E-016
  5.818800000000000E-008 -5.123338312850162E-016
  5.819400000000000E-008 -5.072284171014330E-016
  5.820000000000000E-008 -5.021566787141551E-016
  5.820600000000000E-008 -4.971185094883423E-016
  5.821199999999999E-008 -4.921138027408427E-016
  5.821800000000000E-008 -4.871424517400737E-016
  5.822399999999999E-008 -4.822043497061401E-016
  5.823000000000000E-008 -4.772993898107240E-016
  5.823600000000000E-008 -4.724274651771582E-016
  5.824199999999999E-008 -4.675884688804254E-016
  5.824800000000000E-008 -4.627822939470868E-016
  5.825399999999999E-008 -4.580088333553891E-016
  5.826000000000000E-008 -4.532679800351512E-016
  5.826599999999999E-008 -4.485596268678762E-016
  5.827199999999999E-008 -4.438836666866477E-016
  5.827800000000000E-008 -4.392399922761983E-016
  5.828399999999999E-008 -4.346284963729097E-016
  5.829000000000000E-008 -4.300490716647443E-016
  5.829599999999999E-008 -4.255016107913478E-016
  5.830199999999999E-008 -4.209860063439400E-016
  5.830800000000000E-008 -4.165021508654234E-016
  5.831400000000000E-008 -4.120499368502819E-016
  5.832000000000000E-008 -4.076292567446483E-016
  5.832600000000000E-008 -4.032400029463035E-016
  5.833200000000000E-008 -3.988820678046111E-016
  5.833800000000000E-008 -3.945553436206155E-016
  5.834400000000000E-008 -3.902597226469380E-016
  5.834999999999999E-008 -3.859950970878795E-016
  5.835600000000000E-008 -3.817613590993250E-016
  5.836200000000000E-008 -3.775584007888075E-016
  5.836800000000000E-008 -3.733861142155067E-016
  5.837400000000000E-008 -3.692443913901878E-016
  5.837999999999999E-008 -3.651331242752937E-016
  5.838600000000000E-008 -3.610522047848468E-016
  5.839199999999999E-008 -3.570015247845471E-016
  5.839800000000000E-008 -3.529809760916805E-016
  5.840400000000000E-008 -3.489904504751798E-016
  5.840999999999999E-008 -3.450298396556240E-016
  5.841600000000000E-008 -3.410990353051794E-016
  5.842199999999999E-008 -3.371979290476877E-016
  5.842800000000000E-008 -3.333264124585786E-016
  5.843400000000000E-008 -3.294843770649275E-016
  5.843999999999999E-008 -3.256717143454557E-016
  5.844600000000000E-008 -3.218883157304734E-016
  5.845199999999999E-008 -3.181340726019641E-016
  5.845800000000000E-008 -3.144088762934955E-016
  5.846399999999999E-008 -3.107126180903081E-016
  5.846999999999999E-008 -3.070451892292322E-016
  5.847600000000000E-008 -3.034064808987437E-016
  5.848199999999999E-008 -2.997963842389628E-016
  5.848800000000000E-008 -2.962147903416008E-016
  5.849399999999999E-008 -2.926615902500402E-016
  5.849999999999999E-008 -2.891366749592498E-016
  5.850599999999999E-008 -2.856399354158689E-016
  5.851199999999999E-008 -2.821712625181289E-016
  5.851800000000000E-008 -2.787305471159055E-016
  5.852400000000000E-008 -2.753176800107181E-016
  5.853000000000000E-008 -2.719325519556792E-016
  5.853600000000000E-008 -2.685750536555700E-016
  5.854200000000000E-008 -2.652450757667607E-016
  5.854799999999999E-008 -2.619425088972893E-016
  5.855400000000000E-008 -2.586672436067882E-016
  5.856000000000000E-008 -2.554191704065331E-016
  5.856600000000000E-008 -2.521981797594424E-016
  5.857200000000000E-008 -2.490041620800298E-016
  5.857799999999999E-008 -2.458370077344756E-016
  5.858400000000000E-008 -2.426966070405508E-016
  5.858999999999999E-008 -2.395828502676927E-016
  5.859600000000000E-008 -2.364956276369341E-016
  5.860200000000000E-008 -2.334348293209509E-016
  5.860800000000000E-008 -2.304003454440608E-016
  5.861400000000000E-008 -2.273920660821786E-016
  5.861999999999999E-008 -2.244098812628833E-016
  5.862600000000000E-008 -2.214536809653473E-016
  5.863199999999999E-008 -2.185233551204065E-016
  5.863800000000000E-008 -2.156187936104948E-016
  5.864400000000000E-008 -2.127398862696880E-016
  5.864999999999999E-008 -2.098865228837031E-016
  5.865600000000000E-008 -2.070585931898557E-016
  5.866199999999999E-008 -2.042559868771242E-016
  5.866800000000000E-008 -2.014785935860816E-016
  5.867399999999999E-008 -1.987263029089630E-016
  5.867999999999999E-008 -1.959990043896032E-016
  5.868600000000000E-008 -1.932965875234779E-016
  5.869199999999999E-008 -1.906189417577031E-016
  5.869800000000000E-008 -1.879659564909960E-016
  5.870399999999999E-008 -1.853375210737333E-016
  5.870999999999999E-008 -1.827335248078935E-016
  5.871599999999999E-008 -1.801538569470989E-016
  5.872199999999999E-008 -1.775984066965965E-016
  5.872800000000000E-008 -1.750670632132582E-016
  5.873400000000000E-008 -1.725597156055995E-016
  5.874000000000000E-008 -1.700762529337383E-016
  5.874600000000000E-008 -1.676165642094506E-016
  5.875200000000000E-008 -1.651805383961154E-016
  5.875800000000000E-008 -1.627680644087513E-016
  5.876400000000000E-008 -1.603790311140161E-016
  5.877000000000000E-008 -1.580133273301712E-016
  5.877600000000000E-008 -1.556708418271349E-016
  5.878200000000000E-008 -1.533514633264261E-016
  5.878799999999999E-008 -1.510550805012200E-016
  5.879400000000000E-008 -1.487815819762961E-016
  5.880000000000000E-008 -1.465308563280731E-016
  5.880600000000000E-008 -1.443027920846082E-016
  5.881200000000000E-008 -1.420972777255636E-016
  5.881799999999999E-008 -1.399142016822567E-016
  5.882400000000000E-008 -1.377534523376075E-016
  5.882999999999999E-008 -1.356149180261900E-016
  5.883600000000000E-008 -1.334984870341848E-016
  5.884200000000000E-008 -1.314040475994103E-016
  5.884799999999999E-008 -1.293314879113230E-016
  5.885400000000000E-008 -1.272806961109863E-016
  5.885999999999999E-008 -1.252515602911166E-016
  5.886600000000000E-008 -1.232439684960346E-016
  5.887199999999999E-008 -1.212578087217137E-016
  5.887799999999999E-008 -1.192929689157350E-016
  5.888400000000000E-008 -1.173493369773170E-016
  5.888999999999999E-008 -1.154268007573155E-016
  5.889600000000000E-008 -1.135252480581949E-016
  5.890199999999999E-008 -1.116445666340705E-016
  5.890799999999999E-008 -1.097846441906642E-016
  5.891399999999999E-008 -1.079453683853483E-016
  5.891999999999999E-008 -1.061266268271046E-016
  5.892600000000000E-008 -1.043283070765518E-016
  5.893199999999999E-008 -1.025502966459449E-016
  5.893800000000000E-008 -1.007924829991491E-016
  5.894399999999999E-008 -9.905475355167905E-017
  5.895000000000000E-008 -9.733699567065735E-017
  5.895599999999999E-008 -9.563909667485559E-017
  5.896200000000000E-008 -9.396094383465613E-017
  5.896800000000000E-008 -9.230242437207771E-017
  5.897400000000000E-008 -9.066342546077473E-017
  5.898000000000000E-008 -8.904383422601323E-017
  5.898600000000000E-008 -8.744353774470705E-017
  5.899200000000000E-008 -8.586242304538192E-017
  5.899799999999999E-008 -8.430037710820168E-017
  5.900400000000000E-008 -8.275728686495630E-017
  5.901000000000000E-008 -8.123303919906216E-017
  5.901600000000000E-008 -7.972752094557309E-017
  5.902200000000000E-008 -7.824061889115595E-017
  5.902799999999999E-008 -7.677221977412380E-017
  5.903400000000000E-008 -7.532221028440299E-017
  5.904000000000000E-008 -7.389047706355504E-017
  5.904600000000000E-008 -7.247690670477628E-017
  5.905200000000000E-008 -7.108138575287693E-017
  5.905799999999999E-008 -6.970380070431242E-017
  5.906400000000000E-008 -6.834403800715035E-017
  5.906999999999999E-008 -6.700198406110305E-017
  5.907600000000000E-008 -6.567752521749744E-017
  5.908200000000000E-008 -6.437054777929504E-017
  5.908799999999999E-008 -6.308093800109167E-017
  5.909400000000000E-008 -6.180858208909828E-017
  5.909999999999999E-008 -6.055336620116957E-017
  5.910600000000000E-008 -5.931517644677390E-017
  5.911199999999999E-008 -5.809389888702289E-017
  5.911799999999999E-008 -5.688941953464400E-017
  5.912400000000000E-008 -5.570162435399877E-017
  5.912999999999999E-008 -5.453039926108250E-017
  5.913600000000000E-008 -5.337563012350684E-017
  5.914199999999999E-008 -5.223720276052584E-017
  5.914799999999999E-008 -5.111500294300852E-017
  5.915399999999999E-008 -5.000891639346588E-017
  5.916000000000000E-008 -4.891882878602586E-017
  5.916600000000000E-008 -4.784462574645003E-017
  5.917200000000000E-008 -4.678619285213317E-017
  5.917800000000000E-008 -4.574341563208767E-017
  5.918400000000000E-008 -4.471617956696688E-017
  5.919000000000000E-008 -4.370437008904051E-017
  5.919599999999999E-008 -4.270787258221893E-017
  5.920200000000000E-008 -4.172657238203056E-017
  5.920800000000000E-008 -4.076035477563697E-017
  5.921400000000000E-008 -3.980910500183252E-017
  5.922000000000000E-008 -3.887270825103021E-017
  5.922599999999999E-008 -3.795104966528279E-017
  5.923200000000000E-008 -3.704401433826060E-017
  5.923799999999999E-008 -3.615148731527338E-017
  5.924400000000000E-008 -3.527335359325008E-017
  5.925000000000000E-008 -3.440949812075225E-017
  5.925599999999999E-008 -3.355980579797380E-017
  5.926200000000000E-008 -3.272416147672834E-017
  5.926799999999999E-008 -3.190244996046807E-017
  5.927400000000000E-008 -3.109455600426390E-017
  5.927999999999999E-008 -3.030036431482502E-017
  5.928599999999999E-008 -2.951975955048081E-017
  5.929200000000000E-008 -2.875262632119285E-017
  5.929799999999999E-008 -2.799884918855463E-017
  5.930400000000000E-008 -2.725831266578034E-017
  5.930999999999999E-008 -2.653090121772162E-017
  5.931600000000000E-008 -2.581649926085101E-017
  5.932200000000000E-008 -2.511499116327297E-017
  5.932799999999999E-008 -2.442626124472356E-017
  5.933400000000000E-008 -2.375019377656022E-017
  5.933999999999999E-008 -2.308667298177708E-017
  5.934600000000000E-008 -2.243558303498889E-017
  5.935199999999999E-008 -2.179680806244675E-017
  5.935799999999999E-008 -2.117023214202363E-017
  5.936400000000000E-008 -2.055573930322400E-017
  5.936999999999999E-008 -1.995321352718353E-017
  5.937600000000000E-008 -1.936253874666019E-017
  5.938200000000000E-008 -1.878359884604762E-017
  5.938800000000000E-008 -1.821627766136108E-017
  5.939400000000000E-008 -1.766045898025120E-017
  5.940000000000000E-008 -1.711602654199133E-017
  5.940600000000000E-008 -1.658286403748592E-017
  5.941200000000000E-008 -1.606085510927033E-017
  5.941800000000000E-008 -1.554988335150301E-017
  5.942400000000000E-008 -1.504983230997713E-017
  5.943000000000000E-008 -1.456058548210843E-017
  5.943599999999999E-008 -1.408202631694710E-017
  5.944200000000000E-008 -1.361403821516685E-017
  5.944800000000000E-008 -1.315650452907214E-017
  5.945400000000000E-008 -1.270930856259799E-017
  5.946000000000000E-008 -1.227233357130332E-017
  5.946599999999999E-008 -1.184546276238088E-017
  5.947200000000000E-008 -1.142857929464685E-017
  5.947799999999999E-008 -1.102156627855100E-017
  5.948400000000000E-008 -1.062430677616737E-017
  5.949000000000000E-008 -1.023668380120045E-017
  5.949599999999999E-008 -9.858580318984940E-018
  5.950200000000000E-008 -9.489879246480200E-018
  5.950799999999999E-008 -9.130463452278571E-018
  5.951400000000000E-008 -8.780215756596663E-018
  5.951999999999999E-008 -8.439018931283853E-018
  5.952599999999999E-008 -8.106755699814492E-018
  5.953200000000000E-008 -7.783308737293069E-018
  5.953799999999999E-008 -7.468560670454033E-018
  5.954400000000000E-008 -7.162394077657117E-018
  5.954999999999999E-008 -6.864691488894312E-018
  5.955599999999999E-008 -6.575335385782603E-018
  5.956199999999999E-008 -6.294208201571020E-018
  5.956799999999999E-008 -6.021192321134194E-018
  5.957400000000000E-008 -5.756170080976625E-018
  5.957999999999999E-008 -5.499023769232516E-018
  5.958600000000000E-008 -5.249635625661958E-018
  5.959200000000000E-008 -5.007887841656613E-018
  5.959800000000000E-008 -4.773662560234154E-018
  5.960400000000000E-008 -4.546841876041943E-018
  5.960999999999999E-008 -4.327307835356882E-018
  5.961600000000000E-008 -4.114942436082150E-018
  5.962199999999999E-008 -3.909627627752057E-018
  5.962800000000000E-008 -3.711245311527016E-018
  5.963399999999999E-008 -3.519677340198400E-018
  5.964000000000000E-008 -3.334805518184116E-018
  5.964600000000000E-008 -3.156511601531541E-018
  5.965200000000000E-008 -2.984677297917373E-018
  5.965800000000000E-008 -2.819184266645085E-018
  5.966400000000000E-008 -2.659914118648726E-018
  5.966999999999999E-008 -2.506748416488991E-018
  5.967600000000000E-008 -2.359568674357000E-018
  5.968199999999999E-008 -2.218256358070873E-018
  5.968800000000000E-008 -2.082692885077994E-018
  5.969399999999999E-008 -1.952759624454886E-018
  5.970000000000000E-008 -1.828337896905284E-018
  5.970599999999999E-008 -1.709308974763006E-018
  5.971200000000000E-008 -1.595554081988998E-018
  5.971799999999999E-008 -1.486954394174160E-018
  5.972400000000000E-008 -1.383391038536797E-018
  5.973000000000001E-008 -1.284745093924304E-018
  5.973600000000000E-008 -1.190897590813053E-018
  5.974199999999999E-008 -1.101729511307008E-018
  5.974800000000000E-008 -1.017121789139788E-018
  5.975399999999999E-008 -9.369553096725573E-019
  5.975999999999999E-008 -8.611109098960297E-019
  5.976599999999999E-008 -7.894693784286706E-019
  5.977200000000000E-008 -7.219114555178836E-019
  5.977799999999999E-008 -6.583178330399178E-019
  5.978400000000000E-008 -5.985691544989283E-019
  5.978999999999999E-008 -5.425460150283738E-019
  5.979600000000000E-008 -4.901289613896006E-019
  5.980200000000000E-008 -4.411984919731707E-019
  5.980800000000000E-008 -3.956350567976839E-019
  5.981400000000000E-008 -3.533190575105528E-019
  5.981999999999999E-008 -3.141308473879293E-019
  5.982600000000000E-008 -2.779507313341257E-019
  5.983199999999999E-008 -2.446589658824741E-019
  5.983800000000000E-008 -2.141357591944684E-019
  5.984399999999999E-008 -1.862612710605535E-019
  5.985000000000000E-008 -1.609156128994376E-019
  5.985600000000000E-008 -1.379788477585422E-019
  5.986200000000000E-008 -1.173309903139483E-019
  5.986800000000000E-008 -9.885200687009053E-020
  5.987400000000000E-008 -8.242181536020922E-020
  5.987999999999999E-008 -6.792028534593074E-020
  5.988600000000000E-008 -5.522723801755804E-020
  5.989199999999999E-008 -4.422244619394148E-020
  5.989800000000000E-008 -3.478563432249186E-020
  5.990399999999999E-008 -2.679647847924468E-020
  5.991000000000000E-008 -2.013460636872255E-020
  5.991599999999999E-008 -1.467959732410861E-020
  5.992200000000000E-008 -1.031098230709275E-020
  5.992800000000001E-008 -6.908243907969481E-021
  5.993400000000000E-008 -4.350816345615186E-021
  5.993999999999999E-008 -2.518085467450984E-021
  5.994600000000000E-008 -1.289388749497726E-021
  5.995199999999999E-008 -5.440152963309257E-022
  5.995799999999999E-008 -1.612058411115289E-022
  5.996399999999999E-008 -2.015274556667754E-023
  5.997000000000000E-008  0.000000000000000E+000
  5.997599999999999E-008  2.308255352730483E-040
  5.998200000000000E-008  0.000000000000000E+000
  5.998799999999999E-008  1.687147323366136E-041
  5.999400000000000E-008  0.000000000000000E+000
  5.999999999999999E-008  5.628374430970631E-042
