  5.999999999999999E-004  0.000000000000000E+000
  1.200000000000000E-003   16114862.8736271     
  1.800000000000000E-003   8006364.26553503     
  2.400000000000000E-003   5303895.58788040     
  3.000000000000000E-003   3952930.42494365     
  3.600000000000000E-003   3142563.54539214     
  4.200000000000000E-003   2602493.24789330     
  4.800000000000000E-003   2216875.98192730     
  5.399999999999999E-003   1927790.00299937     
  5.999999999999999E-003   1703056.59105204     
  6.599999999999999E-003   1523368.53783710     
  7.200000000000000E-003   1376439.45936380     
  7.800000000000000E-003   1254078.45212871     
  8.399999999999999E-003   1150614.90801387     
  8.999999999999999E-003   1061998.40851909     
  9.599999999999999E-003   985258.661305707     
  1.020000000000000E-002   918167.960540408     
  1.080000000000000E-002   859022.778886142     
  1.140000000000000E-002   806498.162166182     
  1.200000000000000E-002   759548.104663788     
  1.260000000000000E-002   717335.811834977     
  1.320000000000000E-002   679183.887963299     
  1.380000000000000E-002   644538.109002309     
  1.440000000000000E-002   612940.645983354     
  1.500000000000000E-002   584009.982573732     
  1.560000000000000E-002   557425.652423100     
  1.620000000000000E-002   532916.498662786     
  1.680000000000000E-002   510251.542407221     
  1.740000000000000E-002   489232.808006930     
  1.800000000000000E-002   469689.632733702     
  1.860000000000000E-002   451474.114530415     
  1.920000000000000E-002   434457.440843131     
  1.980000000000000E-002   418526.905798696     
  2.040000000000000E-002   403583.469715141     
  2.100000000000000E-002   389539.749288099     
  2.160000000000000E-002   376318.352318007     
  2.220000000000000E-002   363850.489984050     
  2.280000000000000E-002   352074.814155961     
  2.340000000000000E-002   340936.438289324     
  2.400000000000000E-002   330386.108953475     
  2.460000000000000E-002   320379.501631285     
  2.520000000000000E-002   310876.619573638     
  2.580000000000000E-002   301841.278532823     
  2.640000000000000E-002   293240.663394531     
  2.700000000000000E-002   285044.945270016     
  2.760000000000000E-002   277226.949643504     
  2.820000000000000E-002   269761.867805555     
  2.880000000000000E-002   262627.005125514     
  2.940000000000000E-002   255801.560790675     
  3.000000000000000E-002   249266.434516906     
  3.060000000000000E-002   243004.056454704     
  3.120000000000000E-002   236998.237106996     
  3.179999999999999E-002   231234.034564774     
  3.240000000000000E-002   225697.636773305     
  3.299999999999999E-002   220376.256880476     
  3.360000000000000E-002   215258.040002296     
  3.419999999999999E-002   210331.979978363     
  3.480000000000000E-002   205587.844890484     
  3.539999999999999E-002   201016.110286791     
  3.600000000000000E-002   196607.899197144     
  3.659999999999999E-002   192354.928147498     
  3.720000000000000E-002   188249.458484809     
  3.779999999999999E-002   184284.252412904     
  3.840000000000000E-002   180452.533215865     
  3.900000000000000E-002   176747.949210903     
  3.960000000000000E-002   173164.541029084     
  4.020000000000000E-002   169696.711870949     
  4.080000000000000E-002   166339.200426197     
  4.140000000000000E-002   163087.056183203     
  4.200000000000000E-002   159935.616885895     
  4.260000000000000E-002   156880.487923270     
  4.320000000000000E-002   153917.523460980     
  4.380000000000000E-002   151042.809145634     
  4.440000000000000E-002   148252.646230984     
  4.500000000000000E-002   145543.536991502     
  4.559999999999999E-002   142912.171303175     
  4.620000000000000E-002   140355.414284010     
  4.679999999999999E-002   137870.294897911     
  4.740000000000000E-002   135453.995435458     
  4.799999999999999E-002   133103.841793892     
  4.860000000000000E-002   130817.294486357     
  4.919999999999999E-002   128591.940317399     
  4.980000000000000E-002   126425.484667804     
  5.039999999999999E-002   124315.744337418     
  5.100000000000000E-002   122260.640899420     
  5.159999999999999E-002   120258.194523941     
  5.220000000000000E-002   118306.518232808     
  5.279999999999999E-002   116403.812550738     
  5.340000000000000E-002   114548.360521425     
  5.399999999999999E-002   112738.523059830     
  5.460000000000000E-002   110972.734614514     
  5.519999999999999E-002   109249.499116168     
  5.580000000000000E-002   107567.386190553     
  5.639999999999999E-002   105925.027615947     
  5.700000000000000E-002   104321.114006898     
  5.760000000000000E-002   102754.391707585     
  5.819999999999999E-002   101223.659879523     
  5.880000000000000E-002   99727.7677695630     
  5.939999999999999E-002   98265.6121453248     
  6.000000000000000E-002   96836.1348862057     
  6.059999999999999E-002   95438.3207190823     
  6.120000000000000E-002   94071.1950886709     
  6.179999999999999E-002   92733.8221533023     
  6.240000000000000E-002   91425.3028975865     
  6.300000000000000E-002   90144.7733540969     
  6.359999999999999E-002   88891.4029268038     
  6.419999999999999E-002   87664.3928095358     
  6.480000000000000E-002   86462.9744932493     
  6.540000000000000E-002   85286.4083563497     
  6.599999999999999E-002   84133.9823327266     
  6.659999999999999E-002   83005.0106525571     
  6.720000000000000E-002   81898.8326512856     
  6.780000000000000E-002   80814.8116425170     
  6.839999999999999E-002   79752.3338508630     
  6.899999999999999E-002   78710.8074010572     
  6.960000000000000E-002   77689.6613599135     
  7.020000000000000E-002   76688.3448279361     
  7.079999999999999E-002   75706.3260776097     
  7.139999999999999E-002   74743.0917355983     
  7.199999999999999E-002   73798.1460062694     
  7.260000000000000E-002   72871.0099341296     
  7.319999999999999E-002   71961.2207029208     
  7.379999999999999E-002   71068.3309692713     
  7.439999999999999E-002   70191.9082289330     
  7.500000000000000E-002   69331.5342137655     
  7.559999999999999E-002   68486.8043177431     
  7.619999999999999E-002   67657.3270503696     
  7.679999999999999E-002   66842.7235159920     
  7.740000000000000E-002   66042.6269175926     
  7.800000000000000E-002   65256.6820837312     
  7.859999999999999E-002   64484.5450173901     
  7.919999999999999E-002   63725.8824655498     
  7.980000000000000E-002   62980.3715083940     
  8.040000000000000E-002   62247.6991671121     
  8.099999999999999E-002   61527.5620293240     
  8.159999999999999E-002   60819.6658912139     
  8.220000000000000E-002   60123.7254155116     
  8.280000000000000E-002   59439.4638045109     
  8.339999999999999E-002   58766.6124873607     
  8.399999999999999E-002   58104.9108209096     
  8.459999999999999E-002   57454.1058034254     
  8.520000000000000E-002   56813.9518005492     
  8.579999999999999E-002   56184.2102828800     
  8.639999999999999E-002   55564.6495746201     
  8.699999999999999E-002   54955.0446127420     
  8.760000000000000E-002   54355.1767161689     
  8.819999999999999E-002   53764.8333644872     
  8.879999999999999E-002   53183.8079857366     
  8.939999999999999E-002   52611.8997528481     
  9.000000000000000E-002   52048.9133883214     
  9.059999999999999E-002   51494.6589767588     
  9.119999999999999E-002   50948.9517848883     
  9.179999999999999E-002   50411.6120887318     
  9.240000000000000E-002   49882.4650075904     
  9.299999999999999E-002   49361.3403445364     
  9.359999999999999E-002   48848.0724331169     
  9.419999999999999E-002   48342.4999899903     
  9.480000000000000E-002   47844.4659732305     
  9.539999999999998E-002   47353.8174460468     
  9.599999999999999E-002   46870.4054456806     
  9.659999999999999E-002   46394.0848572517     
  9.719999999999999E-002   45924.7142923391     
  9.780000000000000E-002   45462.1559720897     
  9.839999999999999E-002   45006.2756146622     
  9.899999999999999E-002   44556.9423268179     
  9.959999999999999E-002   44114.0284994844     
  0.100200000000000        43677.4097071223     
  0.100800000000000        43246.9646107371     
  0.101400000000000        42822.5748643806     
  0.102000000000000        42404.1250250010     
  0.102600000000000        41991.5024655002     
  0.103200000000000        41584.5972908667     
  0.103800000000000        41183.3022572616     
  0.104400000000000        40787.5126939333     
  0.105000000000000        40397.1264278502     
  0.105600000000000        40012.0437109407     
  0.106200000000000        39632.1671498364     
  0.106800000000000        39257.4016380202     
  0.107400000000000        38887.6542902825     
  0.108000000000000        38522.8343793967     
  0.108600000000000        38162.8532749266     
  0.109200000000000        37807.6243840820     
  0.109800000000000        37457.0630945452     
  0.110400000000000        37111.0867191914     
  0.111000000000000        36769.6144426304     
  0.111600000000000        36432.5672695018     
  0.112200000000000        36099.8679744555     
  0.112800000000000        35771.4410537559     
  0.113400000000000        35447.2126784475     
  0.114000000000000        35127.1106490251     
  0.114600000000000        34811.0643515519     
  0.115200000000000        34499.0047151726     
  0.115800000000000        34190.8641709701     
  0.116400000000000        33886.5766121173     
  0.117000000000000        33586.0773552767     
  0.117600000000000        33289.3031032022     
  0.118200000000000        32996.1919085008     
  0.118800000000000        32706.6831385127     
  0.119400000000000        32420.7174412690     
  0.120000000000000        32138.2367124899     
  0.120600000000000        31859.1840635866     
  0.121200000000000        31583.5037906312     
  0.121800000000000        31311.1413442612     
  0.122400000000000        31042.0433004861     
  0.123000000000000        30776.1573323652     
  0.123600000000000        30513.4321825261     
  0.124200000000000        30253.8176364954     
  0.124800000000000        29997.2644968141     
  0.125400000000000        29743.7245579110     
  0.126000000000000        29493.1505817083     
  0.126600000000000        29245.4962739348     
  0.127200000000000        29000.7162611238     
  0.127800000000000        28758.7660682720     
  0.128400000000000        28519.6020971374     
  0.129000000000000        28283.1816051564     
  0.129600000000000        28049.4626849586     
  0.130200000000000        27818.4042444595     
  0.130800000000000        27589.9659875140     
  0.131400000000000        27364.1083951107     
  0.132000000000000        27140.7927070903     
  0.132600000000000        26919.9809043718     
  0.133200000000000        26701.6356916691     
  0.133800000000000        26485.7204806835     
  0.134400000000000        26272.1993737565     
  0.135000000000000        26061.0371479681     
  0.135600000000000        25852.1992396676     
  0.136200000000000        25645.6517294217     
  0.136800000000000        25441.3613273694     
  0.137400000000000        25239.2953589679     
  0.138000000000000        25039.4217511206     
  0.138600000000000        24841.7090186732     
  0.139200000000000        24646.1262512674     
  0.139800000000000        24452.6431005419     
  0.140400000000000        24261.2297676686     
  0.141000000000000        24071.8569912160     
  0.141600000000000        23884.4960353278     
  0.142200000000000        23699.1186782085     
  0.142800000000000        23515.6972009071     
  0.143400000000000        23334.2043763883     
  0.144000000000000        23154.6134588852     
  0.144600000000000        22976.8981735227     
  0.145200000000000        22801.0327062055     
  0.145800000000000        22626.9916937622     
  0.146400000000000        22454.7502143377     
  0.147000000000000        22284.2837780273     
  0.147600000000000        22115.5683177451     
  0.148200000000000        21948.5801803207     
  0.148800000000000        21783.2961178163     
  0.149400000000000        21619.6932790589     
  0.150000000000000        21457.7492013818     
  0.150600000000000        21297.4418025677     
  0.151200000000000        21138.7493729904     
  0.151800000000000        20981.6505679468     
  0.152400000000000        20826.1244001755     
  0.153000000000000        20672.1502325565     
  0.153600000000000        20519.7077709864     
  0.154200000000000        20368.7770574254     
  0.154800000000000        20219.3384631095     
  0.155400000000000        20071.3726819257     
  0.156000000000000        19924.8607239432     
  0.156600000000000        19779.7839090986     
  0.157200000000000        19636.1238610296     
  0.157800000000000        19493.8625010532     
  0.158400000000000        19352.9820422853     
  0.159000000000000        19213.4649838970     
  0.159600000000000        19075.2941055046     
  0.160200000000000        18938.4524616891     
  0.160800000000000        18802.9233766421     
  0.161400000000000        18668.6904389355     
  0.162000000000000        18535.7374964098     
  0.162600000000000        18404.0486511799     
  0.163200000000000        18273.6082547539     
  0.163800000000000        18144.4009032630     
  0.164400000000000        18016.4114327987     
  0.165000000000000        17889.6249148550     
  0.165600000000000        17764.0266518728     
  0.166200000000000        17639.6021728842     
  0.166800000000000        17516.3372292527     
  0.167400000000000        17394.2177905097     
  0.168000000000000        17273.2300402809     
  0.168600000000000        17153.3603723048     
  0.169200000000000        17034.5953865362     
  0.169800000000000        16916.9218853373     
  0.170400000000000        16800.3268697501     
  0.171000000000000        16684.7975358510     
  0.171600000000000        16570.3212711837     
  0.172200000000000        16456.8856512692     
  0.172800000000000        16344.4784361916     
  0.173400000000000        16233.0875672561     
  0.174000000000000        16122.7011637192     
  0.174600000000000        16013.3075195883     
  0.175200000000000        15904.8951004894     
  0.175800000000000        15797.4525406007     
  0.176400000000000        15690.9686396518     
  0.177000000000000        15585.4323599848     
  0.177600000000000        15480.8328236780     
  0.178200000000000        15377.1593097293     
  0.178800000000000        15274.4012512981     
  0.179400000000000        15172.5482330048     
  0.180000000000000        15071.5899882863     
  0.180600000000000        14971.5163968052     
  0.181200000000000        14872.3174819132     
  0.181800000000000        14773.9834081663     
  0.182400000000000        14676.5044788903     
  0.183000000000000        14579.8711337962     
  0.183600000000000        14484.0739466442     
  0.184200000000000        14389.1036229546     
  0.184800000000000        14294.9509977654     
  0.185400000000000        14201.6070334340     
  0.186000000000000        14109.0628174842     
  0.186600000000000        14017.3095604955     
  0.187200000000000        13926.3385940347     
  0.187800000000000        13836.1413686282     
  0.188400000000000        13746.7094517751     
  0.189000000000000        13658.0345259988     
  0.189600000000000        13570.1083869379     
  0.190200000000000        13482.9229414734     
  0.190800000000000        13396.4702058934     
  0.191400000000000        13310.7423040932     
  0.192000000000000        13225.7314658108     
  0.192600000000000        13141.4300248957     
  0.193200000000000        13057.8304176124     
  0.193800000000000        12974.9251809756     
  0.194400000000000        12892.7069511177     
  0.195000000000000        12811.1684616879     
  0.195600000000000        12730.3025422812     
  0.196200000000000        12650.1021168979     
  0.196800000000000        12570.5602024320     
  0.197400000000000        12491.6699071885     
  0.198000000000000        12413.4244294283     
  0.198600000000000        12335.8170559408     
  0.199200000000000        12258.8411606431     
  0.199800000000000        12182.4902032056     
  0.200400000000000        12106.7577277030     
  0.201000000000000        12031.6373612905     
  0.201600000000000        11957.1228129044     
  0.202200000000000        11883.2078719871     
  0.202800000000000        11809.8864072354     
  0.203400000000000        11737.1523653715     
  0.204000000000000        11664.9997699369     
  0.204600000000000        11593.4227201083     
  0.205200000000000        11522.4153895352     
  0.205800000000000        11451.9720251982     
  0.206400000000000        11382.0869462883     
  0.207000000000000        11312.7545431065     
  0.207600000000000        11243.9692759829     
  0.208200000000000        11175.7256742160     
  0.208800000000000        11108.0183350297     
  0.209400000000000        11040.8419225502     
  0.210000000000000        10974.1911668008     
  0.210600000000000        10908.0608627136     
  0.211200000000000        10842.4458691605     
  0.211800000000000        10777.3411079995     
  0.212400000000000        10712.7415631391     
  0.213000000000000        10648.6422796187     
  0.213600000000000        10585.0383627047     
  0.214200000000000        10521.9249770032     
  0.214800000000000        10459.2973455874     
  0.215400000000000        10397.1507491410     
  0.216000000000000        10335.4805251154     
  0.216600000000000        10274.2820669025     
  0.217200000000000        10213.5508230210     
  0.217800000000000        10153.2822963173     
  0.218400000000000        10093.4720431793     
  0.219000000000000        10034.1156727647     
  0.219600000000000        9975.20884624168     
  0.220200000000000        9916.74727604246     
  0.220800000000000        9858.72672513019     
  0.221400000000000        9801.14300627756     
  0.222000000000000        9743.99198135798     
  0.222600000000000        9687.26956064853     
  0.223200000000000        9630.97170214461     
  0.223800000000000        9575.09441088616     
  0.224400000000000        9519.63373829504     
  0.225000000000000        9464.58578152346     
  0.225600000000000        9409.94668281324     
  0.226200000000000        9355.71262886573     
  0.226800000000000        9301.87985022204     
  0.227400000000000        9248.44462065359     
  0.228000000000000        9195.40325656260     
  0.228600000000000        9142.75211639245     
  0.229200000000000        9090.48760004767     
  0.229800000000000        9038.60614832337     
  0.230400000000000        8987.10424234400     
  0.231000000000000        8935.97840301114     
  0.231600000000000        8885.22519046034     
  0.232200000000000        8834.84120352659     
  0.232800000000000        8784.82307921854     
  0.233400000000000        8735.16749220102     
  0.234000000000000        8685.87115428599     
  0.234600000000000        8636.93081393152     
  0.235200000000000        8588.34325574878     
  0.235800000000000        8540.10530001695     
  0.236400000000000        8492.21380220565     
  0.237000000000000        8444.66565250515     
  0.237600000000000        8397.45777536377     
  0.238200000000000        8350.58712903273     
  0.238800000000000        8304.05070511806     
  0.239400000000000        8257.84552813953     
  0.240000000000000        8211.96865509653     
  0.240600000000000        8166.41717504066     
  0.241200000000000        8121.18820865497     
  0.241800000000000        8076.27890783974     
  0.242400000000000        8031.68645530468     
  0.243000000000000        7987.40806416740     
  0.243600000000000        7943.44097755806     
  0.244200000000000        7899.78246823011     
  0.244800000000000        7856.42983817698     
  0.245400000000000        7813.38041825464     
  0.246000000000000        7770.63156780991     
  0.246600000000000        7728.18067431438     
  0.247200000000000        7686.02515300399     
  0.247800000000000        7644.16244652394     
  0.248400000000000        7602.59002457905     
  0.249000000000000        7561.30538358934     
  0.249600000000000        7520.30604635082     
  0.250200000000000        7479.58956170134     
  0.250800000000000        7439.15350419144     
  0.251400000000000        7398.99547376013     
  0.252000000000000        7359.11309541546     
  0.252600000000000        7319.50401891986     
  0.253200000000000        7280.16591848017     
  0.253800000000000        7241.09649244217     
  0.254400000000000        7202.29346298969     
  0.255000000000000        7163.75457584813     
  0.255600000000000        7125.47759999228     
  0.256200000000000        7087.46032735849     
  0.256800000000000        7049.70057256101     
  0.257400000000000        7012.19617261245     
  0.258000000000000        6974.94498664835     
  0.258600000000000        6937.94489565567     
  0.259200000000000        6901.19380220531     
  0.259800000000000        6864.68963018840     
  0.260400000000000        6828.43032455646     
  0.261000000000000        6792.41385106523     
  0.261600000000000        6756.63819602223     
  0.262200000000000        6721.10136603789     
  0.262800000000000        6685.80138778029     
  0.263400000000000        6650.73630773332     
  0.264000000000000        6615.90419195829     
  0.264600000000000        6581.30312585903     
  0.265200000000000        6546.93121395012     
  0.265800000000000        6512.78657962857     
  0.266400000000000        6478.86736494864     
  0.267000000000000        6445.17173039976     
  0.267600000000000        6411.69785468771     
  0.268200000000000        6378.44393451875     
  0.268800000000000        6345.40818438678     
  0.269400000000000        6312.58883636352     
  0.270000000000000        6279.98413989151     
  0.270600000000000        6247.59236158009     
  0.271200000000000        6215.41178500413     
  0.271800000000000        6183.44071050553     
  0.272400000000000        6151.67745499753     
  0.273000000000000        6120.12035177162     
  0.273600000000000        6088.76775030716     
  0.274200000000000        6057.61801608360     
  0.274800000000000        6026.66953039519     
  0.275400000000000        5995.92069016836     
  0.276000000000000        5965.36990778142     
  0.276600000000000        5935.01561088683     
  0.277200000000000        5904.85624223579     
  0.277800000000000        5874.89025950531     
  0.278400000000000        5845.11613512744     
  0.279000000000000        5815.53235612097     
  0.279600000000000        5786.13742392531     
  0.280200000000000        5756.92985423654     
  0.280800000000000        5727.90817684580     
  0.281400000000000        5699.07093547968     
  0.282000000000000        5670.41668764283     
  0.282600000000000        5641.94400446260     
  0.283200000000000        5613.65147053585     
  0.283800000000000        5585.53768377759     
  0.284400000000000        5557.60125527183     
  0.285000000000000        5529.84080912425     
  0.285600000000000        5502.25498231688     
  0.286200000000000        5474.84242456462     
  0.286800000000000        5447.60179817373     
  0.287400000000000        5420.53177790207     
  0.288000000000000        5393.63105082124     
  0.288600000000000        5366.89831618045     
  0.289200000000000        5340.33228527220     
  0.289800000000000        5313.93168129973     
  0.290400000000000        5287.69523924604     
  0.291000000000000        5261.62170574481     
  0.291600000000000        5235.70983895280     
  0.292200000000000        5209.95840842398     
  0.292800000000000        5184.36619498525     
  0.293400000000000        5158.93199061379     
  0.294000000000000        5133.65459831589     
  0.294600000000000        5108.53283200739     
  0.295200000000000        5083.56551639566     
  0.295800000000000        5058.75148686300     
  0.296400000000000        5034.08958935157     
  0.297000000000000        5009.57868024980     
  0.297600000000000        4985.21762628014     
  0.298200000000000        4961.00530438834     
  0.298800000000000        4936.94060163402     
  0.299400000000000        4913.02241508268     
  0.300000000000000        4889.24965169902     
  0.300600000000000        4865.62122824163     
  0.301200000000000        4842.13607115897     
  0.301800000000000        4818.79311648661     
  0.302400000000000        4795.59130974585     
  0.303000000000000        4772.52960584345     
  0.303600000000000        4749.60696897278     
  0.304200000000000        4726.82237251597     
  0.304800000000000        4704.17479894750     
  0.305400000000000        4681.66323973879     
  0.306000000000000        4659.28669526406     
  0.306600000000000        4637.04417470732     
  0.307200000000000        4614.93469597047     
  0.307800000000000        4592.95728558258     
  0.308400000000000        4571.11097861021     
  0.309000000000000        4549.39481856887     
  0.309600000000000        4527.80785733553     
  0.310200000000000        4506.34915506218     
  0.310800000000000        4485.01778009047     
  0.311400000000000        4463.81280886736     
  0.312000000000000        4442.73332586178     
  0.312600000000000        4421.77842348228     
  0.313200000000000        4400.94720199570     
  0.313800000000000        4380.23876944682     
  0.314400000000000        4359.65224157891     
  0.315000000000000        4339.18674175528     
  0.315600000000000        4318.84140088179     
  0.316200000000000        4298.61535733016     
  0.316800000000000        4278.50775686237     
  0.317400000000000        4258.51775255579     
  0.318000000000000        4238.64450472927     
  0.318600000000000        4218.88718087012     
  0.319200000000000        4199.24495556192     
  0.319800000000000        4179.71701041316     
  0.320400000000000        4160.30253398676     
  0.321000000000000        4141.00072173039     
  0.321600000000000        4121.81077590761     
  0.322200000000000        4102.73190552983     
  0.322800000000000        4083.76332628901     
  0.323400000000000        4064.90426049121     
  0.324000000000000        4046.15393699088     
  0.324600000000000        4027.51159112590     
  0.325200000000000        4008.97646465338     
  0.325800000000000        3990.54780568622     
  0.326400000000000        3972.22486863037     
  0.327000000000000        3954.00691412285     
  0.327600000000000        3935.89320897042     
  0.328200000000000        3917.88302608902     
  0.328800000000000        3899.97564444388     
  0.329400000000000        3882.17034899029     
  0.330000000000000        3864.46643061506     
  0.330600000000000        3846.86318607869     
  0.331200000000000        3829.35991795810     
  0.331800000000000        3811.95593459011     
  0.332400000000000        3794.65055001550     
  0.333000000000000        3777.44308392373     
  0.333600000000000        3760.33286159824     
  0.334200000000000        3743.31921386246     
  0.334800000000000        3726.40147702629     
  0.335400000000000        3709.57899283333     
  0.336000000000000        3692.85110840857     
  0.336600000000000        3676.21717620677     
  0.337200000000000        3659.67655396131     
  0.337800000000000        3643.22860463375     
  0.338400000000000        3626.87269636381     
  0.339000000000000        3610.60820241996     
  0.339600000000000        3594.43450115062     
  0.340200000000000        3578.35097593581     
  0.340800000000000        3562.35701513935     
  0.341400000000000        3546.45201206167     
  0.342000000000000        3530.63536489300     
  0.342600000000000        3514.90647666720     
  0.343200000000000        3499.26475521604     
  0.343800000000000        3483.70961312400     
  0.344400000000000        3468.24046768351     
  0.345000000000000        3452.85674085078     
  0.345600000000000        3437.55785920202     
  0.346200000000000        3422.34325389018     
  0.346800000000000        3407.21236060216     
  0.347400000000000        3392.16461951645     
  0.348000000000000        3377.19947526129     
  0.348600000000000        3362.31637687324     
  0.349200000000000        3347.51477775618     
  0.349800000000000        3332.79413564079     
  0.350400000000000        3318.15391254447     
  0.351000000000000        3303.59357473167     
  0.351600000000000        3289.11259267462     
  0.352200000000000        3274.71044101454     
  0.352800000000000        3260.38659852324     
  0.353400000000000        3246.14054806509     
  0.354000000000000        3231.97177655947     
  0.354600000000000        3217.87977494356     
  0.355200000000000        3203.86403813553     
  0.355800000000000        3189.92406499819     
  0.356400000000000        3176.05935830290     
  0.357000000000000        3162.26942469399     
  0.357600000000000        3148.55377465348     
  0.358200000000000        3134.91192246617     
  0.358800000000000        3121.34338618515     
  0.359400000000000        3107.84768759763     
  0.360000000000000        3094.42435219111     
  0.360600000000000        3081.07290911998     
  0.361200000000000        3067.79289117240     
  0.361800000000000        3054.58383473754     
  0.362400000000000        3041.44527977319     
  0.363000000000000        3028.37676977366     
  0.363600000000000        3015.37785173807     
  0.364200000000000        3002.44807613892     
  0.364800000000000        2989.58699689103     
  0.365400000000000        2976.79417132073     
  0.366000000000000        2964.06916013548     
  0.366600000000000        2951.41152739367     
  0.367200000000000        2938.82084047485     
  0.367800000000000        2926.29667005021     
  0.368400000000000        2913.83859005334     
  0.369000000000000        2901.44617765135     
  0.369600000000000        2889.11901321623     
  0.370200000000000        2876.85668029656     
  0.370800000000000        2864.65876558942     
  0.371400000000000        2852.52485891272     
  0.372000000000000        2840.45455317765     
  0.372600000000000        2828.44744436157     
  0.373200000000000        2816.50313148103     
  0.373800000000000        2804.62121656519     
  0.374400000000000        2792.80130462941     
  0.375000000000000        2781.04300364916     
  0.375600000000000        2769.34592453421     
  0.376200000000000        2757.70968110300     
  0.376800000000000        2746.13389005735     
  0.377400000000000        2734.61817095737     
  0.378000000000000        2723.16214619668     
  0.378600000000000        2711.76544097781     
  0.379200000000000        2700.42768328789     
  0.379800000000000        2689.14850387456     
  0.380400000000000        2677.92753622215     
  0.381000000000000        2666.76441652805     
  0.381600000000000        2655.65878367938     
  0.382200000000000        2644.61027922980     
  0.382800000000000        2633.61854737667     
  0.383400000000000        2622.68323493832     
  0.384000000000000        2611.80399133160     
  0.384600000000000        2600.98046854967     
  0.385200000000000        2590.21232113997     
  0.385800000000000        2579.49920618240     
  0.386400000000000        2568.84078326778     
  0.387000000000000        2558.23671447645     
  0.387600000000000        2547.68666435711     
  0.388200000000000        2537.19029990585     
  0.388800000000000        2526.74729054543     
  0.389400000000000        2516.35730810472     
  0.390000000000000        2506.02002679832     
  0.390600000000000        2495.73512320645     
  0.391200000000000        2485.50227625499     
  0.391800000000000        2475.32116719570     
  0.392400000000000        2465.19147958663     
  0.393000000000000        2455.11289927281     
  0.393600000000000        2445.08511436699     
  0.394200000000000        2435.10781523066     
  0.394800000000000        2425.18069445522     
  0.395400000000000        2415.30344684333     
  0.396000000000000        2405.47576939046     
  0.396600000000000        2395.69736126659     
  0.397200000000000        2385.96792379810     
  0.397800000000000        2376.28716044984     
  0.398400000000000        2366.65477680733     
  0.399000000000000        2357.07048055920     
  0.399600000000000        2347.53398147976     
  0.400200000000000        2338.04499141170     
  0.400800000000000        2328.60322424901     
  0.401400000000000        2319.20839592005     
  0.402000000000000        2309.86022437076     
  0.402600000000000        2300.55842954804     
  0.403200000000000        2291.30273338331     
  0.403800000000000        2282.09285977617     
  0.404400000000000        2272.92853457827     
  0.405000000000000        2263.80948557730     
  0.405600000000000        2254.73544248114     
  0.406200000000000        2245.70613690218     
  0.406800000000000        2236.72130234174     
  0.407400000000000        2227.78067417465     
  0.408000000000000        2218.88398963403     
  0.408600000000000        2210.03098779614     
  0.409200000000000        2201.22140956540     
  0.409800000000000        2192.45499765954     
  0.410400000000000        2183.73149659494     
  0.411000000000000        2175.05065267201     
  0.411600000000000        2166.41221396079     
  0.412200000000000        2157.81593028663     
  0.412800000000000        2149.26155321607     
  0.413400000000000        2140.74883604276     
  0.414000000000000        2132.27753377357     
  0.414600000000000        2123.84740311481     
  0.415200000000000        2115.45820245861     
  0.415800000000000        2107.10969186934     
  0.416400000000000        2098.80163307028     
  0.417000000000000        2090.53378943027     
  0.417600000000000        2082.30592595062     
  0.418200000000000        2074.11780925203     
  0.418800000000000        2065.96920756170     
  0.419400000000000        2057.85989070052     
  0.420000000000000        2049.78963007039     
  0.420600000000000        2041.75819864166     
  0.421200000000000        2033.76537094069     
  0.421800000000000        2025.81092303747     
  0.422400000000000        2017.89463253345     
  0.423000000000000        2010.01627854938     
  0.423600000000000        2002.17564171333     
  0.424200000000000        1994.37250414876     
  0.424800000000000        1986.60664946279     
  0.425400000000000        1978.87786273446     
  0.426000000000000        1971.18593050317     
  0.426600000000000        1963.53064075721     
  0.427200000000000        1955.91178292238     
  0.427800000000000        1948.32914785074     
  0.428400000000000        1940.78252780942     
  0.429000000000000        1933.27171646955     
  0.429600000000000        1925.79650889532     
  0.430200000000000        1918.35670153308     
  0.430800000000000        1910.95209220057     
  0.431400000000000        1903.58248007624     
  0.432000000000000        1896.24766568870     
  0.432600000000000        1888.94745090616     
  0.433200000000000        1881.68163892612     
  0.433800000000000        1874.45003426497     
  0.434400000000000        1867.25244274789     
  0.435000000000000        1860.08867149860     
  0.435600000000000        1852.95852892945     
  0.436200000000000        1845.86182473137     
  0.436800000000000        1838.79836986408     
  0.437400000000000        1831.76797654630     
  0.438000000000000        1824.77045824606     
  0.438600000000000        1817.80562967110     
  0.439200000000000        1810.87330675936     
  0.439800000000000        1803.97330666954     
  0.440400000000000        1797.10544777177     
  0.441000000000000        1790.26954963831     
  0.441600000000000        1783.46543303439     
  0.442200000000000        1776.69291990909     
  0.442800000000000        1769.95183338632     
  0.443400000000000        1763.24199775585     
  0.444000000000000        1756.56323846449     
  0.444600000000000        1749.91538210720     
  0.445200000000000        1743.29825641850     
  0.445800000000000        1736.71169026370     
  0.446400000000000        1730.15551363042     
  0.447000000000000        1723.62955762005     
  0.447600000000000        1717.13365443937     
  0.448200000000000        1710.66763739215     
  0.448800000000000        1704.23134087091     
  0.449400000000000        1697.82460034869     
  0.450000000000000        1691.44725237095     
  0.450600000000000        1685.09913454748     
  0.451200000000000        1678.78008554439     
  0.451800000000000        1672.48994507621     
  0.452400000000000        1666.22855389803     
  0.453000000000000        1659.99575379769     
  0.453600000000000        1653.79138758805     
  0.454200000000000        1647.61529909935     
  0.454800000000000        1641.46733317162     
  0.455400000000000        1635.34733564710     
  0.456000000000000        1629.25515336283     
  0.456600000000000        1623.19063414322     
  0.457200000000000        1617.15362679273     
  0.457800000000000        1611.14398108853     
  0.458400000000000        1605.16154777337     
  0.459000000000000        1599.20617854836     
  0.459600000000000        1593.27772606591     
  0.460200000000000        1587.37604392266     
  0.460800000000000        1581.50098665254     
  0.461400000000000        1575.65240971981     
  0.462000000000000        1569.83016951226     
  0.462600000000000        1564.03412333434     
  0.463200000000000        1558.26412940047     
  0.463800000000000        1552.52004682829     
  0.464400000000000        1546.80173563212     
  0.465000000000000        1541.10905671626     
  0.465600000000000        1535.44187186859     
  0.466200000000000        1529.80004375402     
  0.466800000000000        1524.18343590809     
  0.467400000000000        1518.59191273063     
  0.468000000000000        1513.02533947945     
  0.468600000000000        1507.48358226405     
  0.469200000000000        1501.96650803945     
  0.469800000000000        1496.47398460004     
  0.470400000000000        1491.00588057344     
  0.471000000000000        1485.56206541449     
  0.471600000000000        1480.14240939922     
  0.472200000000000        1474.74678361892     
  0.472800000000000        1469.37505997422     
  0.473400000000000        1464.02711116924     
  0.474000000000000        1458.70281070578     
  0.474600000000000        1453.40203287757     
  0.475200000000000        1448.12465276456     
  0.475800000000000        1442.87054622724     
  0.476400000000000        1437.63958990104     
  0.477000000000000        1432.43166119072     
  0.477600000000000        1427.24663826492     
  0.478200000000000        1422.08440005059     
  0.478800000000000        1416.94482622760     
  0.479400000000000        1411.82779722335     
  0.480000000000000        1406.73319420739     
  0.480600000000000        1401.66089908616     
  0.481200000000000        1396.61079449769     
  0.481800000000000        1391.58276380638     
  0.482400000000000        1386.57669109785     
  0.483000000000000        1381.59246117377     
  0.483600000000000        1376.62995954681     
  0.484200000000000        1371.68907243554     
  0.484800000000000        1366.76968675945     
  0.485400000000000        1361.87169013395     
  0.486000000000000        1356.99497086548     
  0.486600000000000        1352.13941794656     
  0.487200000000000        1347.30492105100     
  0.487800000000000        1342.49137052904     
  0.488400000000000        1337.69865740260     
  0.489000000000000        1332.92667336050     
  0.489600000000000        1328.17531075384     
  0.490200000000000        1323.44446259125     
  0.490800000000000        1318.73402253435     
  0.491400000000000        1314.04388489307     
  0.492000000000000        1309.37394462119     
  0.492600000000000        1304.72409731175     
  0.493200000000000        1300.09423919264     
  0.493800000000000        1295.48426712208     
  0.494400000000000        1290.89407858429     
  0.495000000000000        1286.32357168506     
  0.495600000000000        1281.77264514744     
  0.496200000000000        1277.24119830741     
  0.496800000000000        1272.72913110965     
  0.497400000000000        1268.23634410327     
  0.498000000000000        1263.76273843760     
  0.498600000000000        1259.30821585808     
  0.499200000000000        1254.87267870204     
  0.499800000000000        1250.45602989465     
  0.500400000000000        1246.05817294485     
  0.501000000000000        1241.67901194126     
  0.501600000000000        1237.31845154823     
  0.502200000000000        1232.97639700184     
  0.502800000000000        1228.65275410594     
  0.503400000000000        1224.34742922825     
  0.504000000000000        1220.06032929646     
  0.504600000000000        1215.79136179442     
  0.505200000000000        1211.54043475825     
  0.505800000000000        1207.30745677259     
  0.506400000000000        1203.09233696684     
  0.507000000000000        1198.89498501139     
  0.507600000000000        1194.71531111394     
  0.508200000000000        1190.55322601580     
  0.508800000000000        1186.40864098828     
  0.509400000000000        1182.28146782903     
  0.510000000000000        1178.17161885845     
  0.510600000000000        1174.07900691617     
  0.511200000000000        1170.00354535743     
  0.511800000000000        1165.94514804965     
  0.512400000000000        1161.90372936892     
  0.513000000000000        1157.87920419651     
  0.513600000000000        1153.87148791549     
  0.514200000000000        1149.88049640729     
  0.514800000000000        1145.90614604835     
  0.515400000000000        1141.94835370674     
  0.516000000000000        1138.00703673886     
  0.516600000000000        1134.08211298613     
  0.517200000000000        1130.17350077170     
  0.517800000000000        1126.28111889724     
  0.518400000000000        1122.40488663966     
  0.519000000000000        1118.54472374795     
  0.519600000000000        1114.70055043999     
  0.520200000000000        1110.87228739941     
  0.520800000000000        1107.05985577244     
  0.521400000000000        1103.26317716482     
  0.522000000000000        1099.48217363872     
  0.522600000000000        1095.71676770966     
  0.523200000000000        1091.96688234352     
  0.523800000000000        1088.23244095350     
  0.524400000000000        1084.51336739712     
  0.525000000000000        1080.80958597328     
  0.525600000000000        1077.12102141930     
  0.526200000000000        1073.44759890802     
  0.526800000000000        1069.78924404487     
  0.527400000000000        1066.14588286501     
  0.528000000000000        1062.51744183048     
  0.528600000000000        1058.90384782735     
  0.529200000000000        1055.30502816291     
  0.529800000000000        1051.72091056291     
  0.530400000000000        1048.15142316874     
  0.531000000000000        1044.59649453469     
  0.531600000000000        1041.05605362527     
  0.532200000000000        1037.53002981243     
  0.532800000000000        1034.01835287292     
  0.533400000000000        1030.52095298560     
  0.534000000000000        1027.03776072881     
  0.534600000000000        1023.56870707771     
  0.535200000000000        1020.11372340170     
  0.535800000000000        1016.67274146181     
  0.536400000000000        1013.24569340813     
  0.537000000000000        1009.83251177729     
  0.537600000000000        1006.43312948988     
  0.538200000000000        1003.04747984795     
  0.538800000000000        999.675496532550     
  0.539400000000000        996.317113601204     
  0.540000000000000        992.972265485476     
  0.540600000000000        989.640886988527     
  0.541200000000000        986.322913282688     
  0.541800000000000        983.018279907061     
  0.542400000000000        979.726922765126     
  0.543000000000000        976.448778122373     
  0.543600000000000        973.183782603953     
  0.544200000000000        969.931873192339     
  0.544800000000000        966.692987225013     
  0.545400000000000        963.467062392158     
  0.546000000000000        960.254036734382     
  0.546600000000000        957.053848640447     
  0.547200000000000        953.866436845018     
  0.547800000000000        950.691740426430     
  0.548400000000000        947.529698804469     
  0.549000000000000        944.380251738173     
  0.549600000000000        941.243339323643     
  0.550200000000000        938.118901991877     
  0.550800000000000        935.006880506610     
  0.551400000000000        931.907215962184     
  0.552000000000000        928.819849781419     
  0.552600000000000        925.744723713508     
  0.553200000000000        922.681779831924     
  0.553800000000000        919.630960532346     
  0.554400000000000        916.592208530592     
  0.555000000000000        913.565466860577     
  0.555600000000000        910.550678872278     
  0.556200000000000        907.547788229718     
  0.556800000000000        904.556738908962     
  0.557400000000000        901.577475196127     
  0.558000000000000        898.609941685414     
  0.558600000000000        895.654083277139     
  0.559200000000000        892.709845175796     
  0.559800000000000        889.777172888119     
  0.560400000000000        886.856012221164     
  0.561000000000000        883.946309280411     
  0.561600000000000        881.048010467864     
  0.562200000000000        878.161062480182     
  0.562800000000000        875.285412306812     
  0.563400000000000        872.421007228138     
  0.564000000000000        869.567794813643     
  0.564600000000000        866.725722920089     
  0.565200000000000        863.894739689703     
  0.565800000000000        861.074793548377     
  0.566400000000000        858.265833203887     
  0.567000000000000        855.467807644118     
  0.567600000000000        852.680666135303     
  0.568200000000000        849.904358220278     
  0.568800000000000        847.138833716746     
  0.569400000000000        844.384042715548     
  0.570000000000000        841.639935578965     
  0.570600000000000        838.906462939007     
  0.571200000000000        836.183575695735     
  0.571800000000000        833.471225015579     
  0.572400000000000        830.769362329683     
  0.573000000000000        828.077939332247     
  0.573600000000000        825.396907978891     
  0.574200000000000        822.726220485028     
  0.574800000000000        820.065829324244     
  0.575400000000000        817.415687226694     
  0.576000000000000        814.775747177512     
  0.576600000000000        812.145962415222     
  0.577200000000000        809.526286430170     
  0.577800000000000        806.916672962966     
  0.578400000000000        804.317076002927     
  0.579000000000000        801.727449786546     
  0.579600000000000        799.147748795957     
  0.580200000000000        796.577927757424     
  0.580800000000000        794.017941639830     
  0.581400000000000        791.467745653181     
  0.582000000000000        788.927295247122     
  0.582600000000000        786.396546109460     
  0.583200000000000        783.875454164699     
  0.583800000000000        781.363975572585     
  0.584400000000000        778.862066726661     
  0.585000000000000        776.369684252832     
  0.585600000000000        773.886785007940     
  0.586200000000000        771.413326078348     
  0.586800000000000        768.949264778537     
  0.587400000000000        766.494558649707     
  0.588000000000000        764.049165458394     
  0.588600000000000        761.613043195092     
  0.589200000000000        759.186150072885     
  0.589800000000000        756.768444526093     
  0.590400000000000        754.359885208920     
  0.591000000000000        751.960430994116     
  0.591600000000000        749.570040971650     
  0.592200000000000        747.188674447388     
  0.592800000000000        744.816290941778     
  0.593400000000000        742.452850188551     
  0.594000000000000        740.098312133430     
  0.594600000000000        737.752636932839     
  0.595200000000000        735.415784952632     
  0.595800000000000        733.087716766822     
  0.596400000000000        730.768393156327     
  0.597000000000000        728.457775107717     
  0.597600000000000        726.155823811972     
  0.598200000000000        723.862500663251     
  0.598800000000000        721.577767257666     
  0.599400000000000        719.301585392068     
  0.600000000000000        717.033917062837     
  0.600600000000000        714.774724464682     
  0.601200000000000        712.523969989450     
  0.601800000000000        710.281616224943     
  0.602400000000000        708.047625953743     
  0.603000000000000        705.821962152044     
  0.603600000000000        703.604587988490     
  0.604200000000000        701.395466823026     
  0.604800000000000        699.194562205755     
  0.605400000000000        697.001837875797     
  0.606000000000000        694.817257760168     
  0.606600000000000        692.640785972648     
  0.607200000000000        690.472386812680     
  0.607800000000000        688.312024764254     
  0.608400000000000        686.159664494815     
  0.609000000000000        684.015270854168     
  0.609600000000000        681.878808873397     
  0.610200000000000        679.750243763785     
  0.610800000000000        677.629540915749     
  0.611400000000000        675.516665897774     
  0.612000000000000        673.411584455362     
  0.612600000000000        671.314262509978     
  0.613200000000000        669.224666158016     
  0.613800000000000        667.142761669760     
  0.614400000000000        665.068515488360     
  0.615000000000000        663.001894228810     
  0.615600000000000        660.942864676934     
  0.616200000000000        658.891393788381     
  0.616800000000000        656.847448687624     
  0.617400000000000        654.810996666968     
  0.618000000000000        652.782005185560     
  0.618600000000000        650.760441868413     
  0.619200000000000        648.746274505430     
  0.619800000000000        646.739471050436     
  0.620400000000000        644.739999620219     
  0.621000000000000        642.747828493575     
  0.621600000000000        640.762926110359     
  0.622200000000000        638.785261070544     
  0.622800000000000        636.814802133285     
  0.623400000000000        634.851518215989     
  0.624000000000000        632.895378393394     
  0.624600000000000        630.946351896648     
  0.625200000000000        629.004408112400     
  0.625800000000000        627.069516581896     
  0.626400000000000        625.141647000077     
  0.627000000000000        623.220769214686     
  0.627600000000000        621.306853225382     
  0.628200000000000        619.399869182859     
  0.628800000000000        617.499787387966     
  0.629400000000000        615.606578290841     
  0.630000000000000        613.720212490047     
  0.630600000000000        611.840660731706     
  0.631200000000000        609.967893908656     
  0.631800000000000        608.101883059597     
  0.632400000000000        606.242599368248     
  0.633000000000000        604.390014162515     
  0.633600000000000        602.544098913656     
  0.634200000000000        600.704825235460     
  0.634800000000000        598.872164883418     
  0.635400000000000        597.046089753917     
  0.636000000000000        595.226571883427     
  0.636600000000000        593.413583447693     
  0.637200000000000        591.607096760941     
  0.637800000000000        589.807084275081     
  0.638400000000000        588.013518578920     
  0.639000000000000        586.226372397374     
  0.639600000000000        584.445618590696     
  0.640200000000000        582.671230153694     
  0.640800000000000        580.903180214971     
  0.641400000000000        579.141442036154     
  0.642000000000000        577.385989011139     
  0.642600000000000        575.636794665336     
  0.643200000000000        573.893832654920     
  0.643800000000000        572.157076766086     
  0.644400000000000        570.426500914311     
  0.645000000000000        568.702079143619     
  0.645600000000000        566.983785625850     
  0.646200000000000        565.271594659932     
  0.646800000000000        563.565480671170     
  0.647400000000000        561.865418210516     
  0.648000000000000        560.171381953870     
  0.648600000000000        558.483346701365     
  0.649200000000000        556.801287376669     
  0.649800000000000        555.125179026286     
  0.650400000000000        553.454996818859     
  0.651000000000000        551.790716044488     
  0.651600000000000        550.132312114038     
  0.652200000000000        548.479760558464     
  0.652800000000000        546.833037028133     
  0.653400000000000        545.192117292151     
  0.654000000000000        543.556977237698     
  0.654600000000000        541.927592869364     
  0.655200000000000        540.303940308490     
  0.655800000000000        538.685995792512     
  0.656400000000000        537.073735674313     
  0.657000000000000        535.467136421573     
  0.657600000000000        533.866174616131     
  0.658200000000000        532.270826953343     
  0.658800000000000        530.681070241448     
  0.659400000000000        529.096881400941     
  0.660000000000000        527.518237463942     
  0.660600000000000        525.945115573577     
  0.661200000000000        524.377492983359     
  0.661800000000000        522.815347056573     
  0.662400000000000        521.258655265662     
  0.663000000000000        519.707395191627     
  0.663600000000000        518.161544523420     
  0.664200000000000        516.621081057344     
  0.664800000000000        515.085982696458     
  0.665400000000000        513.556227449987     
  0.666000000000000        512.031793432733     
  0.666600000000000        510.512658864489     
  0.667200000000000        508.998802069461     
  0.667800000000000        507.490201475689     
  0.668400000000000        505.986835614475     
  0.669000000000000        504.488683119810     
  0.669600000000000        502.995722727813     
  0.670200000000000        501.507933276162     
  0.670800000000000        500.025293703540     
  0.671400000000000        498.547783049076     
  0.672000000000000        497.075380451795     
  0.672600000000000        495.608065150065     
  0.673200000000000        494.145816481057     
  0.673800000000000        492.688613880198     
  0.674400000000000        491.236436880635     
  0.675000000000000        489.789265112699     
  0.675600000000000        488.347078303373     
  0.676200000000000        486.909856275762     
  0.676800000000000        485.477578948569     
  0.677400000000000        484.050226335573     
  0.678000000000000        482.627778545108     
  0.678600000000000        481.210215779547     
  0.679200000000000        479.797518334793     
  0.679800000000000        478.389666599764     
  0.680400000000000        476.986641055894     
  0.681000000000000        475.588422276621     
  0.681600000000000        474.194990926893     
  0.682200000000000        472.806327762669     
  0.682800000000000        471.422413630425     
  0.683400000000000        470.043229466663     
  0.684000000000000        468.668756297424     
  0.684600000000000        467.298975237800     
  0.685200000000000        465.933867491456     
  0.685800000000000        464.573414350147     
  0.686400000000000        463.217597193246     
  0.687000000000000        461.866397487268     
  0.687600000000000        460.519796785399     
  0.688200000000000        459.177776727032     
  0.688800000000000        457.840319037297     
  0.689400000000000        456.507405526604     
  0.690000000000000        455.179018090185     
  0.690600000000000        453.855138707630     
  0.691200000000000        452.535749442444     
  0.691800000000000        451.220832441587     
  0.692400000000000        449.910369935033     
  0.693000000000000        448.604344235321     
  0.693600000000000        447.302737737115     
  0.694200000000000        446.005532916760     
  0.694800000000000        444.712712331850     
  0.695400000000000        443.424258620791     
  0.696000000000000        442.140154502368     
  0.696600000000000        440.860382775319     
  0.697200000000000        439.584926317904     
  0.697800000000000        438.313768087486     
  0.698400000000000        437.046891120105     
  0.699000000000000        435.784278530061     
  0.699600000000000        434.525913509499     
  0.700200000000000        433.271779327991     
  0.700800000000000        432.021859332129     
  0.701400000000000        430.776136945114     
  0.702000000000000        429.534595666348     
  0.702600000000000        428.297219071032     
  0.703200000000000        427.063990809764     
  0.703800000000000        425.834894608140     
  0.704400000000000        424.609914266358     
  0.705000000000000        423.389033658817     
  0.705600000000000        422.172236733736     
  0.706200000000000        420.959507512756     
  0.706800000000000        419.750830090553     
  0.707400000000000        418.546188634459     
  0.708000000000000        417.345567384070     
  0.708600000000000        416.148950650875     
  0.709200000000000        414.956322817870     
  0.709800000000000        413.767668339186     
  0.710400000000000        412.582971739715     
  0.711000000000000        411.402217614736     
  0.711600000000000        410.225390629551     
  0.712200000000000        409.052475519110     
  0.712800000000000        407.883457087653     
  0.713400000000000        406.718320208344     
  0.714000000000000        405.557049822910     
  0.714600000000000        404.399630941283     
  0.715200000000000        403.246048641247     
  0.715800000000000        402.096288068076     
  0.716400000000000        400.950334434190     
  0.717000000000000        399.808173018801     
  0.717600000000000        398.669789167562     
  0.718200000000000        397.535168292229     
  0.718800000000000        396.404295870308     
  0.719400000000000        395.277157444721     
  0.720000000000000        394.153738623460     
  0.720600000000000        393.034025079253     
  0.721200000000000        391.918002549225     
  0.721800000000000        390.805656834568     
  0.722400000000000        389.696973800205     
  0.723000000000000        388.591939374462     
  0.723600000000000        387.490539548741     
  0.724200000000000        386.392760377189     
  0.724800000000000        385.298587976381     
  0.725400000000000        384.208008524992     
  0.726000000000000        383.121008263479     
  0.726600000000000        382.037573493759     
  0.727200000000000        380.957690578898     
  0.727800000000000        379.881345942793     
  0.728400000000000        378.808526069857     
  0.729000000000000        377.739217504711     
  0.729600000000000        376.673406851872     
  0.730200000000000        375.611080775449     
  0.730800000000000        374.552225998834     
  0.731400000000000        373.496829304396     
  0.732000000000000        372.444877533186     
  0.732600000000000        371.396357584629     
  0.733200000000000        370.351256416229     
  0.733800000000000        369.309561043272     
  0.734400000000000        368.271258538527     
  0.735000000000000        367.236336031959     
  0.735600000000000        366.204780710431     
  0.736200000000000        365.176579817416     
  0.736800000000000        364.151720652709     
  0.737400000000000        363.130190572140     
  0.738000000000000        362.111976987288     
  0.738600000000000        361.097067365197     
  0.739200000000000        360.085449228097     
  0.739800000000000        359.077110153118     
  0.740400000000000        358.072037772017     
  0.741000000000000        357.070219770900     
  0.741600000000000        356.071643889943     
  0.742200000000000        355.076297923120     
  0.742800000000000        354.084169717933     
  0.743400000000000        353.095247175137     
  0.744000000000000        352.109518248474     
  0.744600000000000        351.126970944403     
  0.745200000000000        350.147593321837     
  0.745800000000000        349.171373491875     
  0.746400000000000        348.198299617539     
  0.747000000000000        347.228359913516     
  0.747600000000000        346.261542645893     
  0.748200000000000        345.297836131904     
  0.748800000000000        344.337228739667     
  0.749400000000000        343.379708887930     
  0.750000000000000        342.425265045822     
  0.750600000000000        341.473885732591     
  0.751200000000000        340.525559517362     
  0.751800000000000        339.580275018878     
  0.752400000000000        338.638020905259     
  0.753000000000000        337.698785893752     
  0.753600000000000        336.762558750485     
  0.754200000000000        335.829328290222     
  0.754800000000000        334.899083376122     
  0.755400000000000        333.971812919496     
  0.756000000000000        333.047505879568     
  0.756600000000000        332.126151263234     
  0.757200000000000        331.207738124829     
  0.757800000000000        330.292255565885     
  0.758400000000000        329.379692734901     
  0.759000000000000        328.470038827106     
  0.759600000000000        327.563283084231     
  0.760200000000000        326.659414794273     
  0.760800000000000        325.758423291270     
  0.761400000000000        324.860297955070     
  0.762000000000000        323.965028211105     
  0.762600000000000        323.072603530167     
  0.763200000000000        322.183013428179     
  0.763800000000000        321.296247465976     
  0.764400000000000        320.412295249083     
  0.765000000000000        319.531146427491     
  0.765600000000000        318.652790695440     
  0.766200000000000        317.777217791202     
  0.766800000000000        316.904417496861     
  0.767400000000000        316.034379638099     
  0.768000000000000        315.167094083982     
  0.768600000000000        314.302550746744     
  0.769200000000000        313.440739581580     
  0.769800000000000        312.581650586427     
  0.770400000000000        311.725273801762     
  0.771000000000000        310.871599310390     
  0.771600000000000        310.020617237235     
  0.772200000000000        309.172317749137     
  0.772800000000000        308.326691054645     
  0.773400000000000        307.483727403812     
  0.774000000000000        306.643417087994     
  0.774600000000000        305.805750439648     
  0.775200000000000        304.970717832129     
  0.775800000000000        304.138309679494     
  0.776400000000000        303.308516436301     
  0.777000000000000        302.481328597414     
  0.777600000000000        301.656736697801     
  0.778200000000000        300.834731312349     
  0.778800000000000        300.015303055658     
  0.779400000000000        299.198442581857     
  0.780000000000000        298.384140584410     
  0.780600000000000        297.572387795921     
  0.781200000000000        296.763174987949     
  0.781800000000000        295.956492970817     
  0.782400000000000        295.152332593426     
  0.783000000000000        294.350684743063     
  0.783600000000000        293.551540345224     
  0.784200000000000        292.754890363420     
  0.784800000000000        291.960725799003     
  0.785400000000000        291.169037690972     
  0.786000000000000        290.379817115803     
  0.786600000000000        289.593055187260     
  0.787200000000000        288.808743056218     
  0.787800000000000        288.026871910485     
  0.788400000000000        287.247432974625     
  0.789000000000000        286.470417509778     
  0.789600000000000        285.695816813487     
  0.790200000000000        284.923622219523     
  0.790800000000000        284.153825097709     
  0.791400000000000        283.386416853751     
  0.792000000000000        282.621388929061     
  0.792600000000000        281.858732800590     
  0.793200000000000        281.098439980657     
  0.793800000000000        280.340502016778     
  0.794400000000000        279.584910491499     
  0.795000000000000        278.831657022230     
  0.795600000000000        278.080733261076     
  0.796200000000000        277.332130894673     
  0.796800000000000        276.585841644024     
  0.797400000000000        275.841857264332     
  0.798000000000000        275.100169544841     
  0.798600000000000        274.360770308673     
  0.799200000000000        273.623651412665     
  0.799800000000000        272.888804747210     
  0.800400000000000        272.156222236099     
  0.801000000000000        271.425895836360     
  0.801600000000000        270.697817538103     
  0.802200000000000        269.971979364359     
  0.802800000000000        269.248373370929     
  0.803400000000000        268.526991646226     
  0.804000000000000        267.807826311121     
  0.804600000000000        267.090869518791     
  0.805200000000000        266.376113454563     
  0.805800000000000        265.663550335766     
  0.806400000000000        264.953172411578     
  0.807000000000000        264.244971962877     
  0.807600000000000        263.538941302089     
  0.808200000000000        262.835072773044     
  0.808800000000000        262.133358750821     
  0.809400000000000        261.433791641611     
  0.810000000000000        260.736363882560     
  0.810600000000000        260.041067941631     
  0.811200000000000        259.347896317459     
  0.811800000000000        258.656841539202     
  0.812400000000000        257.967896166403     
  0.813000000000000        257.281052788844     
  0.813600000000000        256.596304026407     
  0.814200000000000        255.913642528934     
  0.814800000000000        255.233060976083     
  0.815400000000000        254.554552077191     
  0.816000000000000        253.878108571136     
  0.816600000000000        253.203723226198     
  0.817200000000000        252.531388839922     
  0.817800000000000        251.861098238982     
  0.818400000000000        251.192844279045     
  0.819000000000000        250.526619844635     
  0.819600000000000        249.862417849002     
  0.820200000000000        249.200231233985     
  0.820800000000000        248.540052969880     
  0.821400000000000        247.881876055309     
  0.822000000000000        247.225693517088     
  0.822600000000000        246.571498410094     
  0.823200000000000        245.919283817141     
  0.823800000000000        245.269042848842     
  0.824400000000000        244.620768643489     
  0.825000000000000        243.974454366918     
  0.825600000000000        243.330093212385     
  0.826200000000000        242.687678400441     
  0.826800000000000        242.047203178802     
  0.827400000000000        241.408660822225     
  0.828000000000000        240.772044632385     
  0.828600000000000        240.137347937750     
  0.829200000000000        239.504564093456     
  0.829800000000000        238.873686481186     
  0.830400000000000        238.244708509049     
  0.831000000000000        237.617623611456     
  0.831600000000000        236.992425248999     
  0.832200000000000        236.369106908334     
  0.832800000000000        235.747662102059     
  0.833400000000000        235.128084368595     
  0.834000000000000        234.510367272068     
  0.834600000000000        233.894504402193     
  0.835200000000000        233.280489374153     
  0.835800000000000        232.668315828486     
  0.836400000000000        232.057977430970     
  0.837000000000000        231.449467872502     
  0.837600000000000        230.842780868991     
  0.838200000000000        230.237910161236     
  0.838800000000000        229.634849514820     
  0.839400000000000        229.033592719991     
  0.840000000000000        228.434133591554     
  0.840600000000000        227.836465968756     
  0.841200000000000        227.240583715178     
  0.841800000000000        226.646480718622     
  0.842400000000000        226.054150891000     
  0.843000000000000        225.463588168230     
  0.843600000000000        224.874786510121     
  0.844200000000000        224.287739900267     
  0.844800000000000        223.702442345940     
  0.845400000000000        223.118887877983     
  0.846000000000000        222.537070550700     
  0.846600000000000        221.956984441756     
  0.847200000000000        221.378623652064     
  0.847800000000000        220.801982305686     
  0.848400000000000        220.227054549727     
  0.849000000000000        219.653834554229     
  0.849600000000000        219.082316512069     
  0.850200000000000        218.512494638857     
  0.850800000000000        217.944363172832     
  0.851400000000000        217.377916374761     
  0.852000000000000        216.813148527839     
  0.852600000000000        216.250053937586     
  0.853200000000000        215.688626931746     
  0.853800000000000        215.128861860191     
  0.854400000000000        214.570753094819     
  0.855000000000000        214.014295029457     
  0.855600000000000        213.459482079758     
  0.856200000000000        212.906308683111     
  0.856800000000000        212.354769298538     
  0.857400000000000        211.804858406598     
  0.858000000000000        211.256570509293     
  0.858600000000000        210.709900129971     
  0.859200000000000        210.164841813229     
  0.859800000000000        209.621390124822     
  0.860400000000000        209.079539651564     
  0.861000000000000        208.539285001239     
  0.861600000000000        208.000620802504     
  0.862200000000000        207.463541704798     
  0.862800000000000        206.928042378250     
  0.863400000000000        206.394117513583     
  0.864000000000000        205.861761822029     
  0.864600000000000        205.330970035233     
  0.865200000000000        204.801736905163     
  0.865800000000000        204.274057204024     
  0.866400000000000        203.747925724163     
  0.867000000000000        203.223337277981     
  0.867600000000000        202.700286697849     
  0.868200000000000        202.178768836012     
  0.868800000000000        201.658778564509     
  0.869400000000000        201.140310775078     
  0.870000000000000        200.623360379076     
  0.870600000000000        200.107922307388     
  0.871200000000000        199.593991510341     
  0.871800000000000        199.081562957621     
  0.872400000000000        198.570631638186     
  0.873000000000000        198.061192560182     
  0.873600000000000        197.553240750856     
  0.874200000000000        197.046771256477     
  0.874800000000000        196.541779142247     
  0.875400000000000        196.038259492221     
  0.876000000000000        195.536207409226     
  0.876600000000000        195.035618014772     
  0.877200000000000        194.536486448979     
  0.877800000000000        194.038807870488     
  0.878400000000000        193.542577456384     
  0.879000000000000        193.047790402115     
  0.879600000000000        192.554441921410     
  0.880200000000000        192.062527246200     
  0.880800000000000        191.572041626540     
  0.881400000000000        191.082980330528     
  0.882000000000000        190.595338644224     
  0.882600000000000        190.109111871581     
  0.883200000000000        189.624295334354     
  0.883800000000000        189.140884372033     
  0.884400000000000        188.658874341762     
  0.885000000000000        188.178260618261     
  0.885600000000000        187.699038593751     
  0.886200000000000        187.221203677879     
  0.886800000000000        186.744751297640     
  0.887400000000000        186.269676897303     
  0.888000000000000        185.795975938339     
  0.888600000000000        185.323643899340     
  0.889200000000000        184.852676275951     
  0.889800000000000        184.383068580792     
  0.890400000000000        183.914816343387     
  0.891000000000000        183.447915110092     
  0.891600000000000        182.982360444017     
  0.892200000000000        182.518147924961     
  0.892800000000000        182.055273149333     
  0.893400000000000        181.593731730088     
  0.894000000000000        181.133519296646     
  0.894600000000000        180.674631494831     
  0.895200000000000        180.217063986793     
  0.895800000000000        179.760812450942     
  0.896400000000000        179.305872581877     
  0.897000000000000        178.852240090316     
  0.897600000000000        178.399910703026     
  0.898200000000000        177.948880162756     
  0.898800000000000        177.499144228169     
  0.899400000000000        177.050698673769     
  0.900000000000000        176.603539289841     
  0.900600000000000        176.157661882375     
  0.901200000000000        175.713062273005     
  0.901800000000000        175.269736298940     
  0.902400000000000        174.827679812897     
  0.903000000000000        174.386888683034     
  0.903600000000000        173.947358792887     
  0.904200000000000        173.509086041303     
  0.904800000000000        173.072066342373     
  0.905400000000000        172.636295625369     
  0.906000000000000        172.201769834679     
  0.906600000000000        171.768484929743     
  0.907200000000000        171.336436884987     
  0.907800000000000        170.905621689762     
  0.908400000000000        170.476035348280     
  0.909000000000000        170.047673879549     
  0.909600000000000        169.620533317313     
  0.910200000000000        169.194609709986     
  0.910800000000000        168.769899120594     
  0.911400000000000        168.346397626710     
  0.912000000000000        167.924101320393     
  0.912600000000000        167.503006308129     
  0.913200000000000        167.083108710767     
  0.913800000000000        166.664404663459     
  0.914400000000000        166.246890315600     
  0.915000000000000        165.830561830770     
  0.915600000000000        165.415415386670     
  0.916200000000000        165.001447175066     
  0.916800000000000        164.588653401727     
  0.917400000000000        164.177030286368     
  0.918000000000000        163.766574062593     
  0.918600000000000        163.357280977830     
  0.919200000000000        162.949147293281     
  0.919800000000000        162.542169283859     
  0.920400000000000        162.136343238130     
  0.921000000000000        161.731665458261     
  0.921600000000000        161.328132259957     
  0.922200000000000        160.925739972407     
  0.922800000000000        160.524484938228     
  0.923400000000000        160.124363513409     
  0.924000000000000        159.725372067251     
  0.924600000000000        159.327506982318     
  0.925200000000000        158.930764654376     
  0.925800000000000        158.535141492339     
  0.926400000000000        158.140633918218     
  0.927000000000000        157.747238367061     
  0.927600000000000        157.354951286902     
  0.928200000000000        156.963769138705     
  0.928800000000000        156.573688396313     
  0.929400000000000        156.184705546391     
  0.930000000000000        155.796817088373     
  0.930600000000000        155.410019534413     
  0.931200000000000        155.024309409328     
  0.931800000000000        154.639683250546     
  0.932400000000000        154.256137608054     
  0.933000000000000        153.873669044347     
  0.933600000000000        153.492274134377     
  0.934200000000000        153.111949465496     
  0.934800000000000        152.732691637412     
  0.935400000000000        152.354497262131     
  0.936000000000000        151.977362963914     
  0.936600000000000        151.601285379217     
  0.937200000000000        151.226261156648     
  0.937800000000000        150.852286956913     
  0.938400000000000        150.479359452770     
  0.939000000000000        150.107475328973     
  0.939600000000000        149.736631282229     
  0.940200000000000        149.366824021143     
  0.940800000000000        148.998050266176     
  0.941400000000000        148.630306749589     
  0.942000000000000        148.263590215399     
  0.942600000000000        147.897897419329     
  0.943200000000000        147.533225128759     
  0.943800000000000        147.169570122683     
  0.944400000000000        146.806929191654     
  0.945000000000000        146.445299137742     
  0.945600000000000        146.084676774485     
  0.946200000000000        145.725058926843     
  0.946800000000000        145.366442431149     
  0.947400000000000        145.008824135066     
  0.948000000000000        144.652200897535     
  0.948600000000000        144.296569588737     
  0.949200000000000        143.941927090039     
  0.949800000000000        143.588270293953     
  0.950400000000000        143.235596104092     
  0.951000000000000        142.883901435118     
  0.951600000000000        142.533183212704     
  0.952200000000000        142.183438373486     
  0.952800000000000        141.834663865018     
  0.953400000000000        141.486856645728     
  0.954000000000000        141.140013684875     
  0.954600000000000        140.794131962505     
  0.955200000000000        140.449208469404     
  0.955800000000000        140.105240207059     
  0.956400000000000        139.762224187609     
  0.957000000000000        139.420157433810     
  0.957600000000000        139.079036978982     
  0.958200000000000        138.738859866974     
  0.958800000000000        138.399623152119     
  0.959400000000000        138.061323899190     
  0.960000000000000        137.723959183360     
  0.960600000000000        137.387526090158     
  0.961200000000000        137.052021715429     
  0.961800000000000        136.717443165291     
  0.962400000000000        136.383787556095     
  0.963000000000000        136.051052014383     
  0.963600000000000        135.719233676844     
  0.964200000000000        135.388329690280     
  0.964800000000000        135.058337211559     
  0.965400000000000        134.729253407576     
  0.966000000000000        134.401075455215     
  0.966600000000000        134.073800541307     
  0.967200000000000        133.747425862590     
  0.967800000000000        133.421948625668     
  0.968400000000000        133.097366046977     
  0.969000000000000        132.773675352738     
  0.969600000000000        132.450873778922     
  0.970200000000000        132.128958571211     
  0.970800000000000        131.807926984959     
  0.971400000000000        131.487776285150     
  0.972000000000000        131.168503746367     
  0.972600000000000        130.850106652743     
  0.973200000000000        130.532582297933     
  0.973800000000000        130.215927985071     
  0.974400000000000        129.900141026731     
  0.975000000000000        129.585218744894     
  0.975600000000000        129.271158470905     
  0.976200000000000        128.957957545440     
  0.976800000000000        128.645613318467     
  0.977400000000000        128.334123149209     
  0.978000000000000        128.023484406109     
  0.978600000000000        127.713694466790     
  0.979200000000000        127.404750718022     
  0.979800000000000        127.096650555682     
  0.980400000000000        126.789391384721     
  0.981000000000000        126.482970619129     
  0.981600000000000        126.177385681894     
  0.982200000000000        125.872634004972     
  0.982800000000000        125.568713029247     
  0.983400000000000        125.265620204498     
  0.984000000000000        124.963352989365     
  0.984600000000000        124.661908851312     
  0.985200000000000        124.361285266591     
  0.985800000000000        124.061479720210     
  0.986400000000000        123.762489705898     
  0.987000000000000        123.464312726069     
  0.987600000000000        123.166946291790     
  0.988200000000000        122.870387922742     
  0.988800000000000        122.574635147195     
  0.989400000000000        122.279685501964     
  0.990000000000000        121.985536532384     
  0.990600000000000        121.692185792271     
  0.991200000000000        121.399630843890     
  0.991800000000000        121.107869257923     
  0.992400000000000        120.816898613435     
  0.993000000000000        120.526716497843     
  0.993600000000000        120.237320506878     
  0.994200000000000        119.948708244559     
  0.994800000000000        119.660877323156     
  0.995400000000000        119.373825363161     
  0.996000000000000        119.087549993251     
  0.996600000000000        118.802048850263     
  0.997200000000000        118.517319579155     
  0.997800000000000        118.233359832979     
  0.998400000000000        117.950167272847     
  0.999000000000000        117.667739567901     
  0.999600000000000        117.386074395280     
   1.00020000000000        117.105169440092     
   1.00080000000000        116.825022395379     
   1.00140000000000        116.545630962089     
   1.00200000000000        116.266992849043     
   1.00260000000000        115.989105772906     
   1.00320000000000        115.711967458157     
   1.00380000000000        115.435575637056     
   1.00440000000000        115.159928049618     
   1.00500000000000        114.885022443578     
   1.00560000000000        114.610856574365     
   1.00620000000000        114.337428205068     
   1.00680000000000        114.064735106413     
   1.00740000000000        113.792775056726     
   1.00800000000000        113.521545841907     
   1.00860000000000        113.251045255404     
   1.00920000000000        112.981271098176     
   1.00980000000000        112.712221178671     
   1.01040000000000        112.443893312793     
   1.01100000000000        112.176285323877     
   1.01160000000000        111.909395042655     
   1.01220000000000        111.643220307232     
   1.01280000000000        111.377758963056     
   1.01340000000000        111.113008862891     
   1.01400000000000        110.848967866784     
   1.01460000000000        110.585633842043     
   1.01520000000000        110.323004663207     
   1.01580000000000        110.061078212016     
   1.01640000000000        109.799852377386     
   1.01700000000000        109.539325055382     
   1.01760000000000        109.279494149187     
   1.01820000000000        109.020357569076     
   1.01880000000000        108.761913232393     
   1.01940000000000        108.504159063517     
   1.02000000000000        108.247092993840     
   1.02060000000000        107.990712961740     
   1.02120000000000        107.735016912551     
   1.02180000000000        107.480002798538     
   1.02240000000000        107.225668578872     
   1.02300000000000        106.972012219603     
   1.02360000000000        106.719031693632     
   1.02420000000000        106.466724980687     
   1.02480000000000        106.215090067294     
   1.02540000000000        105.964124946754     
   1.02600000000000        105.713827619118     
   1.02660000000000        105.464196091158     
   1.02720000000000        105.215228376342     
   1.02780000000000        104.966922494811     
   1.02840000000000        104.719276473351     
   1.02900000000000        104.472288345369     
   1.02960000000000        104.225956150869     
   1.03020000000000        103.980277936423     
   1.03080000000000        103.735251755152     
   1.03140000000000        103.490875666693     
   1.03200000000000        103.247147737185     
   1.03260000000000        103.004066039233     
   1.03320000000000        102.761628651893     
   1.03380000000000        102.519833660641     
   1.03440000000000        102.278679157352     
   1.03500000000000        102.038163240275     
   1.03560000000000        101.798284014010     
   1.03620000000000        101.559039589481     
   1.03680000000000        101.320428083916     
   1.03740000000000        101.082447620819     
   1.03800000000000        100.845096329950     
   1.03860000000000        100.608372347301     
   1.03920000000000        100.372273815070     
   1.03980000000000        100.136798881638     
   1.04040000000000        99.9019457015502     
   1.04100000000000        99.6677124354866     
   1.04160000000000        99.4340972502429     
   1.04220000000000        99.2010983187061     
   1.04280000000000        98.9687138198320     
   1.04340000000000        98.7369419386222     
   1.04400000000000        98.5057808661017     
   1.04460000000000        98.2752287992959     
   1.04520000000000        98.0452839412084     
   1.04580000000000        97.8159445007984     
   1.04640000000000        97.5872086929587     
   1.04700000000000        97.3590747384929     
   1.04760000000000        97.1315408640939     
   1.04820000000000        96.9046053023216     
   1.04880000000000        96.6782662915810     
   1.04940000000000        96.4525220761001     
   1.05000000000000        96.2273709059088     
   1.05060000000000        96.0028110368164     
   1.05120000000000        95.7788407303908     
   1.05180000000000        95.5554582539363     
   1.05240000000000        95.3326618804731     
   1.05300000000000        95.1104498887150     
   1.05360000000000        94.8888205630492     
   1.05420000000000        94.6677721935143     
   1.05480000000000        94.4473030757797     
   1.05540000000000        94.2274115111249     
   1.05600000000000        94.0080958064181     
   1.05660000000000        93.7893542740958     
   1.05720000000000        93.5711852321421     
   1.05780000000000        93.3535870040679     
   1.05840000000000        93.1365579188907     
   1.05900000000000        92.9200963111139     
   1.05960000000000        92.7042005207069     
   1.06020000000000        92.4888688930842     
   1.06080000000000        92.2740997790858     
   1.06140000000000        92.0598915349568     
   1.06200000000000        91.8462425223279     
   1.06260000000000        91.6331511081945     
   1.06320000000000        91.4206156648980     
   1.06380000000000        91.2086345701056     
   1.06440000000000        90.9972062067903     
   1.06500000000000        90.7863289632117     
   1.06560000000000        90.5760012328968     
   1.06620000000000        90.3662214146198     
   1.06680000000000        90.1569879123833     
   1.06740000000000        89.9482991353991     
   1.06800000000000        89.7401534980688     
   1.06860000000000        89.5325494199647     
   1.06920000000000        89.3254853258109     
   1.06980000000000        89.1189596454644     
   1.07040000000000        88.9129708138963     
   1.07100000000000        88.7075172711726     
   1.07160000000000        88.5025974624361     
   1.07220000000000        88.2982098378872     
   1.07280000000000        88.0943528527661     
   1.07340000000000        87.8910249673334     
   1.07400000000000        87.6882246468525     
   1.07460000000000        87.4859503615708     
   1.07520000000000        87.2842005867018     
   1.07580000000000        87.0829738024068     
   1.07640000000000        86.8822684937765     
   1.07700000000000        86.6820831508137     
   1.07760000000000        86.4824162684147     
   1.07820000000000        86.2832663463517     
   1.07880000000000        86.0846318892549     
   1.07940000000000        85.8865114065952     
   1.08000000000000        85.6889034126659     
   1.08060000000000        85.4918064265657     
   1.08120000000000        85.2952189721807     
   1.08180000000000        85.0991395781676     
   1.08240000000000        84.9035667779356     
   1.08300000000000        84.7084991096298     
   1.08360000000000        84.5139351161135     
   1.08420000000000        84.3198733449514     
   1.08480000000000        84.1263123483922     
   1.08540000000000        83.9332506833519     
   1.08600000000000        83.7406869113968     
   1.08660000000000        83.5486195987263     
   1.08720000000000        83.3570473161568     
   1.08780000000000        83.1659686391042     
   1.08840000000000        82.9753821475679     
   1.08900000000000        82.7852864261137     
   1.08960000000000        82.5956800638575     
   1.09020000000000        82.4065616544491     
   1.09080000000000        82.2179297960553     
   1.09140000000000        82.0297830913440     
   1.09200000000000        81.8421201474676     
   1.09260000000000        81.6549395760474     
   1.09320000000000        81.4682399931567     
   1.09380000000000        81.2820200193053     
   1.09440000000000        81.0962782794233     
   1.09500000000000        80.9110134028453     
   1.09560000000000        80.7262240232945     
   1.09620000000000        80.5419087788667     
   1.09680000000000        80.3580663120149     
   1.09740000000000        80.1746952695333     
   1.09800000000000        79.9917943025423     
   1.09860000000000        79.8093620664720     
   1.09920000000000        79.6273972210476     
   1.09980000000000        79.4458984302735     
   1.10040000000000        79.2648643624182     
   1.10100000000000        79.0842936899989     
   1.10160000000000        78.9041850897661     
   1.10220000000000        78.7245372426890     
   1.10280000000000        78.5453488339395     
   1.10340000000000        78.3666185528782     
   1.10400000000000        78.1883450930385     
   1.10460000000000        78.0105271521124     
   1.10520000000000        77.8331634319348     
   1.10580000000000        77.6562526384697     
   1.10640000000000        77.4797934817948     
   1.10700000000000        77.3037846760869     
   1.10760000000000        77.1282249396075     
   1.10820000000000        76.9531129946879     
   1.10880000000000        76.7784475677151     
   1.10940000000000        76.6042273891171     
   1.11000000000000        76.4304511933483     
   1.11060000000000        76.2571177188758     
   1.11120000000000        76.0842257081644     
   1.11180000000000        75.9117739076631     
   1.11240000000000        75.7397610677901     
   1.11300000000000        75.5681859429195     
   1.11360000000000        75.3970472913669     
   1.11420000000000        75.2263438753754     
   1.11480000000000        75.0560744611015     
   1.11540000000000        74.8862378186018     
   1.11600000000000        74.7168327218183     
   1.11660000000000        74.5478579485655     
   1.11720000000000        74.3793122805162     
   1.11780000000000        74.2111945031880     
   1.11840000000000        74.0435034059295     
   1.11900000000000        73.8762377819071     
   1.11960000000000        73.7093964280911     
   1.12020000000000        73.5429781452427     
   1.12080000000000        73.3769817379001     
   1.12140000000000        73.2114060143656     
   1.12200000000000        73.0462497866922     
   1.12260000000000        72.8815118706702     
   1.12320000000000        72.7171910858142     
   1.12380000000000        72.5532862553501     
   1.12440000000000        72.3897962062015     
   1.12500000000000        72.2267197689773     
   1.12560000000000        72.0640557779584     
   1.12620000000000        71.9018030710849     
   1.12680000000000        71.7399604899430     
   1.12740000000000        71.5785268797527     
   1.12800000000000        71.4175010893544     
   1.12860000000000        71.2568819711965     
   1.12920000000000        71.0966683813230     
   1.12980000000000        70.9368591793603     
   1.13040000000000        70.7774532285051     
   1.13100000000000        70.6184493955119     
   1.13160000000000        70.4598465506800     
   1.13220000000000        70.3016435678418     
   1.13280000000000        70.1438393243498     
   1.13340000000000        69.9864327010648     
   1.13400000000000        69.8294225823433     
   1.13460000000000        69.6728078560254     
   1.13520000000000        69.5165874134226     
   1.13580000000000        69.3607601493057     
   1.13640000000000        69.2053249618927     
   1.13700000000000        69.0502807528368     
   1.13760000000000        68.8956264272143     
   1.13820000000000        68.7413608935129     
   1.13880000000000        68.5874830636196     
   1.13940000000000        68.4339918528088     
   1.14000000000000        68.2808861797309     
   1.14060000000000        68.1281649664001     
   1.14120000000000        67.9758271381829     
   1.14180000000000        67.8238716237864     
   1.14240000000000        67.6722973552468     
   1.14300000000000        67.5211032679177     
   1.14360000000000        67.3702883004585     
   1.14420000000000        67.2198513948233     
   1.14480000000000        67.0697914962489     
   1.14540000000000        66.9201075532440     
   1.14600000000000        66.7707985175775     
   1.14660000000000        66.6218633442671     
   1.14720000000000        66.4733009915686     
   1.14780000000000        66.3251104209638     
   1.14840000000000        66.1772905971504     
   1.14900000000000        66.0298404880300     
   1.14960000000000        65.8827590646974     
   1.15020000000000        65.7360453014296     
   1.15080000000000        65.5896981756745     
   1.15140000000000        65.4437166680405     
   1.15200000000000        65.2980997622849     
   1.15260000000000        65.1528464453037     
   1.15320000000000        65.0079557071203     
   1.15380000000000        64.8634265408747     
   1.15440000000000        64.7192579428134     
   1.15500000000000        64.5754489122778     
   1.15560000000000        64.4319984516943     
   1.15620000000000        64.2889055665632     
   1.15680000000000        64.1461692654481     
   1.15740000000000        64.0037885599660     
   1.15800000000000        63.8617624647761     
   1.15860000000000        63.7200899975695     
   1.15920000000000        63.5787701790592     
   1.15980000000000        63.4378020329691     
   1.16040000000000        63.2971845860243     
   1.16100000000000        63.1569168679401     
   1.16160000000000        63.0169979114126     
   1.16220000000000        62.8774267521076     
   1.16280000000000        62.7382024286511     
   1.16340000000000        62.5993239826190     
   1.16400000000000        62.4607904585265     
   1.16460000000000        62.3226009038190     
   1.16520000000000        62.1847543688611     
   1.16580000000000        62.0472499069274     
   1.16640000000000        61.9100865741918     
   1.16700000000000        61.7732634297185     
   1.16760000000000        61.6367795354513     
   1.16820000000000        61.5006339562042     
   1.16880000000000        61.3648257596516     
   1.16940000000000        61.2293540163185     
   1.17000000000000        61.0942177995705     
   1.17060000000000        60.9594161856046     
   1.17120000000000        60.8249482534394     
   1.17180000000000        60.6908130849052     
   1.17240000000000        60.5570097646348     
   1.17300000000000        60.4235373800539     
   1.17360000000000        60.2903950213713     
   1.17420000000000        60.1575817815699     
   1.17480000000000        60.0250967563969     
   1.17540000000000        59.8929390443547     
   1.17600000000000        59.7611077466912     
   1.17660000000000        59.6296019673909     
   1.17720000000000        59.4984208131653     
   1.17780000000000        59.3675633934438     
   1.17840000000000        59.2370288203645     
   1.17900000000000        59.1068162087650     
   1.17960000000000        58.9769246761730     
   1.18020000000000        58.8473533427977     
   1.18080000000000        58.7181013315204     
   1.18140000000000        58.5891677678854     
   1.18200000000000        58.4605517800914     
   1.18260000000000        58.3322524989819     
   1.18320000000000        58.2042690580369     
   1.18380000000000        58.0766005933636     
   1.18440000000000        57.9492462436876     
   1.18500000000000        57.8222051503443     
   1.18560000000000        57.6954764572697     
   1.18620000000000        57.5690593109920     
   1.18680000000000        57.4429528606227     
   1.18740000000000        57.3171562578478     
   1.18800000000000        57.1916686569194     
   1.18860000000000        57.0664892146469     
   1.18920000000000        56.9416170903883     
   1.18980000000000        56.8170514460418     
   1.19040000000000        56.6927914460371     
   1.19100000000000        56.5688362573273     
   1.19160000000000        56.4451850493798     
   1.19220000000000        56.3218369941682     
   1.19280000000000        56.1987912661641     
   1.19340000000000        56.0760470423283     
   1.19400000000000        55.9536035021027     
   1.19460000000000        55.8314598274020     
   1.19520000000000        55.7096152026051     
   1.19580000000000        55.5880688145473     
   1.19640000000000        55.4668198525118     
   1.19700000000000        55.3458675082217     
   1.19760000000000        55.2252109758314     
   1.19820000000000        55.1048494519191     
   1.19880000000000        54.9847821354782     
   1.19940000000000        54.8650082279094     
   1.20000000000000        54.7455269330129     
   1.20060000000000        54.6263374569799     
   1.20120000000000        54.5074390083848     
   1.20180000000000        54.3888307981778     
   1.20240000000000        54.2705120396760     
   1.20300000000000        54.1524819485562     
   1.20360000000000        54.0347397428470     
   1.20420000000000        53.9172846429206     
   1.20480000000000        53.8001158714853     
   1.20540000000000        53.6832326535778     
   1.20600000000000        53.5666342165551     
   1.20660000000000        53.4503197900869     
   1.20720000000000        53.3342886061484     
   1.20780000000000        53.2185398990117     
   1.20840000000000        53.1030729052392     
   1.20900000000000        52.9878868636752     
   1.20960000000000        52.8729810154388     
   1.21020000000000        52.7583546039160     
   1.21080000000000        52.6440068747526     
   1.21140000000000        52.5299370758461     
   1.21200000000000        52.4161444573391     
   1.21260000000000        52.3026282716111     
   1.21320000000000        52.1893877732713     
   1.21380000000000        52.0764222191515     
   1.21440000000000        51.9637308682984     
   1.21500000000000        51.8513129819665     
   1.21560000000000        51.7391678236106     
   1.21620000000000        51.6272946588787     
   1.21680000000000        51.5156927556047     
   1.21740000000000        51.4043613838012     
   1.21800000000000        51.2932998156524     
   1.21860000000000        51.1825073255065     
   1.21920000000000        51.0719831898691     
   1.21980000000000        50.9617266873960     
   1.22040000000000        50.8517370988857     
   1.22100000000000        50.7420137072730     
   1.22160000000000        50.6325557976211     
   1.22220000000000        50.5233626571154     
   1.22280000000000        50.4144335750563     
   1.22340000000000        50.3057678428518     
   1.22400000000000        50.1973647540114     
   1.22460000000000        50.0892236041381     
   1.22520000000000        49.9813436909227     
   1.22580000000000        49.8737243141360     
   1.22640000000000        49.7663647756226     
   1.22700000000000        49.6592643792936     
   1.22760000000000        49.5524224311202     
   1.22820000000000        49.4458382391268     
   1.22880000000000        49.3395111133842     
   1.22940000000000        49.2334403660031     
   1.23000000000000        49.1276253111272     
   1.23060000000000        49.0220652649266     
   1.23120000000000        48.9167595455913     
   1.23180000000000        48.8117074733243     
   1.23240000000000        48.7069083703354     
   1.23300000000000        48.6023615608344     
   1.23360000000000        48.4980663710245     
   1.23420000000000        48.3940221290960     
   1.23480000000000        48.2902281652197     
   1.23540000000000        48.1866838115404     
   1.23600000000000        48.0833884021705     
   1.23660000000000        47.9803412731836     
   1.23720000000000        47.8775417626081     
   1.23780000000000        47.7749892104208     
   1.23840000000000        47.6726829585405     
   1.23900000000000        47.5706223508218     
   1.23960000000000        47.4688067330488     
   1.24020000000000        47.3672354529286     
   1.24080000000000        47.2659078600853     
   1.24140000000000        47.1648233060538     
   1.24200000000000        47.0639811442731     
   1.24260000000000        46.9633807300807     
   1.24320000000000        46.8630214207064     
   1.24380000000000        46.7629025752654     
   1.24440000000000        46.6630235547532     
   1.24500000000000        46.5633837220390     
   1.24560000000000        46.4639824418593     
   1.24620000000000        46.3648190808126     
   1.24680000000000        46.2658930073527     
   1.24740000000000        46.1672035917832     
   1.24800000000000        46.0687502062509     
   1.24860000000000        45.9705322247405     
   1.24920000000000        45.8725490230683     
   1.24980000000000        45.7747999788761     
   1.25040000000000        45.6772844716257     
   1.25100000000000        45.5800018825929     
   1.25160000000000        45.4829515948613     
   1.25220000000000        45.3861329933171     
   1.25280000000000        45.2895454646424     
   1.25340000000000        45.1931883973104     
   1.25400000000000        45.0970611815788     
   1.25460000000000        45.0011632094846     
   1.25520000000000        44.9054938748378     
   1.25580000000000        44.8100525732164     
   1.25640000000000        44.7148387019601     
   1.25700000000000        44.6198516601648     
   1.25760000000000        44.5250908486771     
   1.25820000000000        44.4305556700886     
   1.25880000000000        44.3362455287301     
   1.25940000000000        44.2421598306662     
   1.26000000000000        44.1482979836896     
   1.26060000000000        44.0546593973157     
   1.26120000000000        43.9612434827770     
   1.26180000000000        43.8680496530175     
   1.26240000000000        43.7750773226872     
   1.26300000000000        43.6823259081368     
   1.26360000000000        43.5897948274121     
   1.26420000000000        43.4974835002486     
   1.26480000000000        43.4053913480661     
   1.26540000000000        43.3135177939632     
   1.26600000000000        43.2218622627121     
   1.26660000000000        43.1304241807530     
   1.26720000000000        43.0392029761891     
   1.26780000000000        42.9481980787809     
   1.26840000000000        42.8574089199413     
   1.26900000000000        42.7668349327297     
   1.26960000000000        42.6764755518475     
   1.27020000000000        42.5863302136324     
   1.27080000000000        42.4963983560530     
   1.27140000000000        42.4066794187043     
   1.27200000000000        42.3171728428016     
   1.27260000000000        42.2278780711760     
   1.27320000000000        42.1387945482691     
   1.27380000000000        42.0499217201276     
   1.27440000000000        41.9612590343984     
   1.27500000000000        41.8728059403237     
   1.27560000000000        41.7845618887353     
   1.27620000000000        41.6965263320503     
   1.27680000000000        41.6086987242655     
   1.27740000000000        41.5210785209526     
   1.27800000000000        41.4336651792530     
   1.27860000000000        41.3464581578732     
   1.27920000000000        41.2594569170793     
   1.27980000000000        41.1726609186926     
   1.28040000000000        41.0860696260843     
   1.28100000000000        40.9996825041704     
   1.28160000000000        40.9134990194073     
   1.28220000000000        40.8275186397867     
   1.28280000000000        40.7417408348306     
   1.28340000000000        40.6561650755865     
   1.28400000000000        40.5707908346226     
   1.28460000000000        40.4856175860231     
   1.28520000000000        40.4006448053833     
   1.28580000000000        40.3158719698045     
   1.28640000000000        40.2312985578899     
   1.28700000000000        40.1469240497392     
   1.28760000000000        40.0627479269444     
   1.28820000000000        39.9787696725846     
   1.28880000000000        39.8949887712215     
   1.28940000000000        39.8114047088950     
   1.29000000000000        39.7280169731179     
   1.29060000000000        39.6448250528720     
   1.29120000000000        39.5618284386028     
   1.29180000000000        39.4790266222152     
   1.29240000000000        39.3964190970690     
   1.29300000000000        39.3140053579739     
   1.29360000000000        39.2317849011854     
   1.29420000000000        39.1497572243999     
   1.29480000000000        39.0679218267506     
   1.29540000000000        38.9862782088022     
   1.29600000000000        38.9048258725473     
   1.29660000000000        38.8235643214011     
   1.29720000000000        38.7424930601975     
   1.29780000000000        38.6616115951845     
   1.29840000000000        38.5809194340195     
   1.29900000000000        38.5004160857652     
   1.29960000000000        38.4201010608848     
   1.30020000000000        38.3399738712382     
   1.30080000000000        38.2600340300769     
   1.30140000000000        38.1802810520403     
   1.30200000000000        38.1007144531509     
   1.30260000000000        38.0213337508100     
   1.30320000000000        37.9421384637935     
   1.30380000000000        37.8631281122477     
   1.30440000000000        37.7843022176847     
   1.30500000000000        37.7056603029785     
   1.30560000000000        37.6272018923602     
   1.30620000000000        37.5489265114144     
   1.30680000000000        37.4708336870745     
   1.30740000000000        37.3929229476186     
   1.30800000000000        37.3151938226652     
   1.30860000000000        37.2376458431695     
   1.30920000000000        37.1602785414185     
   1.30980000000000        37.0830914510273     
   1.31040000000000        37.0060841069347     
   1.31100000000000        36.9292560453996     
   1.31160000000000        36.8526068039961     
   1.31220000000000        36.7761359216099     
   1.31280000000000        36.6998429384341     
   1.31340000000000        36.6237273959651     
   1.31400000000000        36.5477888369987     
   1.31460000000000        36.4720268056257     
   1.31520000000000        36.3964408472281     
   1.31580000000000        36.3210305084751     
   1.31640000000000        36.2457953373192     
   1.31700000000000        36.1707348829917     
   1.31760000000000        36.0958486959994     
   1.31820000000000        36.0211363281201     
   1.31880000000000        35.9465973323990     
   1.31940000000000        35.8722312631445     
   1.32000000000000        35.7980376759245     
   1.32060000000000        35.7240161275622     
   1.32120000000000        35.6501661761326     
   1.32180000000000        35.5764873809584     
   1.32240000000000        35.5029793026058     
   1.32300000000000        35.4296415028815     
   1.32360000000000        35.3564735448277     
   1.32420000000000        35.2834749927195     
   1.32480000000000        35.2106454120601     
   1.32540000000000        35.1379843695775     
   1.32600000000000        35.0654914332205     
   1.32660000000000        34.9931661721551     
   1.32720000000000        34.9210081567607     
   1.32780000000000        34.8490169586259     
   1.32840000000000        34.7771921505457     
   1.32900000000000        34.7055333065168     
   1.32960000000000        34.6340400017344     
   1.33020000000000        34.5627118125884     
   1.33080000000000        34.4915483166598     
   1.33140000000000        34.4205490927169     
   1.33200000000000        34.3497137207114     
   1.33260000000000        34.2790417817755     
   1.33320000000000        34.2085328582173     
   1.33380000000000        34.1381865335180     
   1.33440000000000        34.0680023923276     
   1.33500000000000        33.9979800204619     
   1.33560000000000        33.9281190048986     
   1.33620000000000        33.8584189337736     
   1.33680000000000        33.7888793963777     
   1.33740000000000        33.7194999831530     
   1.33800000000000        33.6502802856891     
   1.33860000000000        33.5812198967201     
   1.33920000000000        33.5123184101203     
   1.33980000000000        33.4435754209016     
   1.34040000000000        33.3749905252092     
   1.34100000000000        33.3065633203186     
   1.34160000000000        33.2382934046321     
   1.34220000000000        33.1701803776750     
   1.34280000000000        33.1022238400927     
   1.34340000000000        33.0344233936467     
   1.34400000000000        32.9667786412115     
   1.34460000000000        32.8992891867711     
   1.34520000000000        32.8319546354158     
   1.34580000000000        32.7647745933384     
   1.34640000000000        32.6977486678311     
   1.34700000000000        32.6308764672822     
   1.34760000000000        32.5641576011725     
   1.34820000000000        32.4975916800723     
   1.34880000000000        32.4311783156375     
   1.34940000000000        32.3649171206070     
   1.35000000000000        32.2988077087988     
   1.35060000000000        32.2328496951071     
   1.35120000000000        32.1670426954986     
   1.35180000000000        32.1013863270096     
   1.35240000000000        32.0358802077428     
   1.35300000000000        31.9705239568634     
   1.35360000000000        31.9053171945967     
   1.35420000000000        31.8402595422242     
   1.35480000000000        31.7753506220809     
   1.35540000000000        31.7105900575516     
   1.35600000000000        31.6459774730681     
   1.35660000000000        31.5815124941056     
   1.35720000000000        31.5171947471802     
   1.35780000000000        31.4530238598448     
   1.35840000000000        31.3889994606868     
   1.35900000000000        31.3251211793245     
   1.35960000000000        31.2613886464039     
   1.36020000000000        31.1978014935961     
   1.36080000000000        31.1343593535934     
   1.36140000000000        31.0710618601068     
   1.36200000000000        31.0079086478628     
   1.36260000000000        30.9448993526001     
   1.36320000000000        30.8820336110668     
   1.36380000000000        30.8193110610170     
   1.36440000000000        30.7567313412081     
   1.36500000000000        30.6942940913976     
   1.36560000000000        30.6319989523399     
   1.36620000000000        30.5698455657837     
   1.36680000000000        30.5078335744685     
   1.36740000000000        30.4459626221220     
   1.36800000000000        30.3842323534568     
   1.36860000000000        30.3226424141676     
   1.36920000000000        30.2611924509283     
   1.36980000000000        30.1998821113887     
   1.37040000000000        30.1387110441720     
   1.37100000000000        30.0776788988715     
   1.37160000000000        30.0167853260477     
   1.37220000000000        29.9560299772256     
   1.37280000000000        29.8954125048917     
   1.37340000000000        29.8349325624908     
   1.37400000000000        29.7745898044237     
   1.37460000000000        29.7143838860436     
   1.37520000000000        29.6543144636539     
   1.37580000000000        29.5943811945048     
   1.37640000000000        29.5345837367909     
   1.37700000000000        29.4749217496479     
   1.37760000000000        29.4153948931501     
   1.37820000000000        29.3560028283074     
   1.37880000000000        29.2967452170626     
   1.37940000000000        29.2376217222886     
   1.38000000000000        29.1786320077853     
   1.38060000000000        29.1197757382773     
   1.38120000000000        29.0610525794106     
   1.38180000000000        29.0024621977503     
   1.38240000000000        28.9440042607776     
   1.38300000000000        28.8856784368869     
   1.38360000000000        28.8274843953834     
   1.38420000000000        28.7694218064801     
   1.38480000000000        28.7114903412951     
   1.38540000000000        28.6536896718492     
   1.38600000000000        28.5960194710626     
   1.38660000000000        28.5384794127529     
   1.38720000000000        28.4810691716316     
   1.38780000000000        28.4237884233022     
   1.38840000000000        28.3666368442571     
   1.38900000000000        28.3096141118749     
   1.38960000000000        28.2527199044181     
   1.39020000000000        28.1959539010301     
   1.39080000000000        28.1393157817326     
   1.39140000000000        28.0828052274232     
   1.39200000000000        28.0264219198726     
   1.39260000000000        27.9701655417218     
   1.39320000000000        27.9140357764799     
   1.39380000000000        27.8580323085216     
   1.39440000000000        27.8021548230837     
   1.39500000000000        27.7464030062637     
   1.39560000000000        27.6907765450165     
   1.39620000000000        27.6352751271519     
   1.39680000000000        27.5798984413323     
   1.39740000000000        27.5246461770701     
   1.39800000000000        27.4695180247249     
   1.39860000000000        27.4145136755013     
   1.39920000000000        27.3596328214462     
   1.39980000000000        27.3048751554464     
   1.40040000000000        27.2502403712258     
   1.40100000000000        27.1957281633433     
   1.40160000000000        27.1413382271903     
   1.40220000000000        27.0870702589878     
   1.40280000000000        27.0329239557843     
   1.40340000000000        26.9788990154532     
   1.40400000000000        26.9249951366905     
   1.40460000000000        26.8712120190120     
   1.40520000000000        26.8175493627514     
   1.40580000000000        26.7640068690574     
   1.40640000000000        26.7105842398912     
   1.40700000000000        26.6572811780248     
   1.40760000000000        26.6040973870379     
   1.40820000000000        26.5510325713155     
   1.40880000000000        26.4980864360461     
   1.40940000000000        26.4452586872187     
   1.41000000000000        26.3925490316208     
   1.41060000000000        26.3399571768358     
   1.41120000000000        26.2874828312408     
   1.41180000000000        26.2351257040042     
   1.41240000000000        26.1828855050833     
   1.41300000000000        26.1307619452220     
   1.41360000000000        26.0787547359486     
   1.41420000000000        26.0268635895731     
   1.41480000000000        25.9750882191854     
   1.41540000000000        25.9234283386526     
   1.41600000000000        25.8718836626168     
   1.41660000000000        25.8204539064930     
   1.41720000000000        25.7691387864664     
   1.41780000000000        25.7179380194907     
   1.41840000000000        25.6668513232853     
   1.41900000000000        25.6158784163332     
   1.41960000000000        25.5650190178789     
   1.42020000000000        25.5142728479260     
   1.42080000000000        25.4636396272350     
   1.42140000000000        25.4131190773212     
   1.42200000000000        25.3627109204520     
   1.42260000000000        25.3124148796455     
   1.42320000000000        25.2622306786673     
   1.42380000000000        25.2121580420292     
   1.42440000000000        25.1621966949865     
   1.42500000000000        25.1123463635357     
   1.42560000000000        25.0626067744128     
   1.42620000000000        25.0129776550908     
   1.42680000000000        24.9634587337776     
   1.42740000000000        24.9140497394136     
   1.42800000000000        24.8647504016700     
   1.42860000000000        24.8155604509464     
   1.42920000000000        24.7664796183687     
   1.42980000000000        24.7175076357868     
   1.43040000000000        24.6686442357727     
   1.43100000000000        24.6198891516183     
   1.43160000000000        24.5712421173332     
   1.43220000000000        24.5227028676429     
   1.43280000000000        24.4742711379862     
   1.43340000000000        24.4259466645135     
   1.43400000000000        24.3777291840846     
   1.43460000000000        24.3296184342666     
   1.43520000000000        24.2816141533318     
   1.43580000000000        24.2337160802557     
   1.43640000000000        24.1859239547149     
   1.43700000000000        24.1382375170850     
   1.43760000000000        24.0906565084388     
   1.43820000000000        24.0431806705438     
   1.43880000000000        23.9958097458606     
   1.43940000000000        23.9485434775407     
   1.44000000000000        23.9013816094244     
   1.44060000000000        23.8543238860389     
   1.44120000000000        23.8073700525963     
   1.44180000000000        23.7605198549915     
   1.44240000000000        23.7137730398003     
   1.44300000000000        23.6671293542773     
   1.44360000000000        23.6205885463541     
   1.44420000000000        23.5741503646372     
   1.44480000000000        23.5278145584059     
   1.44540000000000        23.4815808776106     
   1.44600000000000        23.4354490728708     
   1.44660000000000        23.3894188954728     
   1.44720000000000        23.3434900973683     
   1.44780000000000        23.2976624311721     
   1.44840000000000        23.2519356501601     
   1.44900000000000        23.2063095082678     
   1.44960000000000        23.1607837600879     
   1.45020000000000        23.1153581608686     
   1.45080000000000        23.0700324665118     
   1.45140000000000        23.0248064335709     
   1.45200000000000        22.9796798192493     
   1.45260000000000        22.9346523813981     
   1.45320000000000        22.8897238785146     
   1.45380000000000        22.8448940697400     
   1.45440000000000        22.8001627148580     
   1.45500000000000        22.7555295742924     
   1.45560000000000        22.7109944091059     
   1.45620000000000        22.6665569809975     
   1.45680000000000        22.6222170523014     
   1.45740000000000        22.5779743859844     
   1.45800000000000        22.5338287456448     
   1.45860000000000        22.4897798955100     
   1.45920000000000        22.4458276004349     
   1.45980000000000        22.4019716259002     
   1.46040000000000        22.3582117380104     
   1.46100000000000        22.3145477034919     
   1.46160000000000        22.2709792896917     
   1.46220000000000        22.2275062645748     
   1.46280000000000        22.1841283967233     
   1.46340000000000        22.1408454553338     
   1.46400000000000        22.0976572102163     
   1.46460000000000        22.0545634317920     
   1.46520000000000        22.0115638910915     
   1.46580000000000        21.9686583597535     
   1.46640000000000        21.9258466100225     
   1.46700000000000        21.8831284147474     
   1.46760000000000        21.8405035473795     
   1.46820000000000        21.7979717819710     
   1.46880000000000        21.7555328931732     
   1.46940000000000        21.7131866562347     
   1.47000000000000        21.6709328469996     
   1.47060000000000        21.6287712419061     
   1.47120000000000        21.5867016179843     
   1.47180000000000        21.5447237528549     
   1.47240000000000        21.5028374247275     
   1.47300000000000        21.4610424123985     
   1.47360000000000        21.4193384952500     
   1.47420000000000        21.3777254532474     
   1.47480000000000        21.3362030669384     
   1.47540000000000        21.2947711174510     
   1.47600000000000        21.2534293864916     
   1.47660000000000        21.2121776563440     
   1.47720000000000        21.1710157098670     
   1.47780000000000        21.1299433304933     
   1.47840000000000        21.0889603022273     
   1.47900000000000        21.0480664096443     
   1.47960000000000        21.0072614378879     
   1.48020000000000        20.9665451726690     
   1.48080000000000        20.9259174002639     
   1.48140000000000        20.8853779075128     
   1.48200000000000        20.8449264818182     
   1.48260000000000        20.8045629111431     
   1.48320000000000        20.7642869840096     
   1.48380000000000        20.7240984894972     
   1.48440000000000        20.6839972172412     
   1.48500000000000        20.6439829574310     
   1.48560000000000        20.6040555008088     
   1.48620000000000        20.5642146386678     
   1.48680000000000        20.5244601628506     
   1.48740000000000        20.4847918657478     
   1.48800000000000        20.4452095402962     
   1.48860000000000        20.4057129799774     
   1.48920000000000        20.3663019788163     
   1.48980000000000        20.3269763313792     
   1.49040000000000        20.2877358327727     
   1.49100000000000        20.2485802786418     
   1.49160000000000        20.2095094651688     
   1.49220000000000        20.1705231890712     
   1.49280000000000        20.1316212476004     
   1.49340000000000        20.0928034385403     
   1.49400000000000        20.0540695602059     
   1.49460000000000        20.0154194114413     
   1.49520000000000        19.9768527916185     
   1.49580000000000        19.9383695006361     
   1.49640000000000        19.8999693389172     
   1.49700000000000        19.8616521074084     
   1.49760000000000        19.8234176075784     
   1.49820000000000        19.7852656414160     
   1.49880000000000        19.7471960114289     
   1.49940000000000        19.7092085206424     
   1.50000000000000        19.6713029725976     
   1.50060000000000        19.6334791713502     
   1.50120000000000        19.5957369214686     
   1.50180000000000        19.5580760280331     
   1.50240000000000        19.5204962966340     
   1.50300000000000        19.4829975333701     
   1.50360000000000        19.4455795448475     
   1.50420000000000        19.4082421381781     
   1.50480000000000        19.3709851209779     
   1.50540000000000        19.3338083013660     
   1.50600000000000        19.2967114879628     
   1.50660000000000        19.2596944898889     
   1.50720000000000        19.2227571167632     
   1.50780000000000        19.1858991787021     
   1.50840000000000        19.1491204863176     
   1.50900000000000        19.1124208507161     
   1.50960000000000        19.0758000834970     
   1.51020000000000        19.0392579967511     
   1.51080000000000        19.0027944030596     
   1.51140000000000        18.9664091154924     
   1.51200000000000        18.9301019476067     
   1.51260000000000        18.8938727134457     
   1.51320000000000        18.8577212275375     
   1.51380000000000        18.8216473048932     
   1.51440000000000        18.7856507610057     
   1.51500000000000        18.7497314118489     
   1.51560000000000        18.7138890738753     
   1.51620000000000        18.6781235640155     
   1.51680000000000        18.6424346996767     
   1.51740000000000        18.6068222987408     
   1.51800000000000        18.5712861795638     
   1.51860000000000        18.5358261609741     
   1.51920000000000        18.5004420622711     
   1.51980000000000        18.4651337032239     
   1.52040000000000        18.4299009040702     
   1.52100000000000        18.3947434855147     
   1.52160000000000        18.3596612687278     
   1.52220000000000        18.3246540753446     
   1.52280000000000        18.2897217274633     
   1.52340000000000        18.2548640476438     
   1.52400000000000        18.2200808589068     
   1.52460000000000        18.1853719847319     
   1.52520000000000        18.1507372490571     
   1.52580000000000        18.1161764762767     
   1.52640000000000        18.0816894912406     
   1.52700000000000        18.0472761192527     
   1.52760000000000        18.0129361860698     
   1.52820000000000        17.9786695179001     
   1.52880000000000        17.9444759414022     
   1.52940000000000        17.9103552836836     
   1.53000000000000        17.8763073722997     
   1.53060000000000        17.8423320352523     
   1.53120000000000        17.8084291009883     
   1.53180000000000        17.7745983983988     
   1.53240000000000        17.7408397568174     
   1.53300000000000        17.7071530060193     
   1.53360000000000        17.6735379762200     
   1.53420000000000        17.6399944980739     
   1.53480000000000        17.6065224026732     
   1.53540000000000        17.5731215215466     
   1.53600000000000        17.5397916866582     
   1.53660000000000        17.5065327304060     
   1.53720000000000        17.4733444856212     
   1.53780000000000        17.4402267855664     
   1.53840000000000        17.4071794639347     
   1.53900000000000        17.3742023548485     
   1.53960000000000        17.3412952928582     
   1.54020000000000        17.3084581129409     
   1.54080000000000        17.2756906504997     
   1.54140000000000        17.2429927413618     
   1.54200000000000        17.2103642217778     
   1.54260000000000        17.1778049284204     
   1.54320000000000        17.1453146983832     
   1.54380000000000        17.1128933691793     
   1.54440000000000        17.0805407787408     
   1.54500000000000        17.0482567654166     
   1.54560000000000        17.0160411679722     
   1.54620000000000        16.9838938255881     
   1.54680000000000        16.9518145778585     
   1.54740000000000        16.9198032647905     
   1.54800000000000        16.8878597268027     
   1.54860000000000        16.8559838047241     
   1.54920000000000        16.8241753397930     
   1.54980000000000        16.7924341736557     
   1.55040000000000        16.7607601483658     
   1.55100000000000        16.7291531063825     
   1.55160000000000        16.6976128905697     
   1.55220000000000        16.6661393441951     
   1.55280000000000        16.6347323109287     
   1.55340000000000        16.6033916348419     
   1.55400000000000        16.5721171604063     
   1.55460000000000        16.5409087324926     
   1.55520000000000        16.5097661963697     
   1.55580000000000        16.4786893977031     
   1.55640000000000        16.4476781825541     
   1.55700000000000        16.4167323973790     
   1.55760000000000        16.3858518890274     
   1.55820000000000        16.3550365047415     
   1.55880000000000        16.3242860921547     
   1.55940000000000        16.2936004992911     
   1.56000000000000        16.2629795745637     
   1.56060000000000        16.2324231667737     
   1.56120000000000        16.2019311251094     
   1.56180000000000        16.1715032991451     
   1.56240000000000        16.1411395388401     
   1.56300000000000        16.1108396945373     
   1.56360000000000        16.0806036169626     
   1.56420000000000        16.0504311572235     
   1.56480000000000        16.0203221668083     
   1.56540000000000        15.9902764975846     
   1.56600000000000        15.9602940017989     
   1.56660000000000        15.9303745320750     
   1.56720000000000        15.9005179414132     
   1.56780000000000        15.8707240831892     
   1.56840000000000        15.8409928111530     
   1.56900000000000        15.8113239794280     
   1.56960000000000        15.7817174425100     
   1.57020000000000        15.7521730552658     
   1.57080000000000        15.7226906729327     
   1.57140000000000        15.6932701511169     
   1.57200000000000        15.6639113457932     
   1.57260000000000        15.6346141133032     
   1.57320000000000        15.6053783103549     
   1.57380000000000        15.5762037940213     
   1.57440000000000        15.5470904217395     
   1.57500000000000        15.5180380513098     
   1.57560000000000        15.4890465408947     
   1.57620000000000        15.4601157490176     
   1.57680000000000        15.4312455345623     
   1.57740000000000        15.4024357567714     
   1.57800000000000        15.3736862752460     
   1.57860000000000        15.3449969499440     
   1.57920000000000        15.3163676411796     
   1.57980000000000        15.2877982096224     
   1.58040000000000        15.2592885162957     
   1.58100000000000        15.2308384225765     
   1.58160000000000        15.2024477901938     
   1.58220000000000        15.1741164812280     
   1.58280000000000        15.1458443581095     
   1.58340000000000        15.1176312836185     
   1.58400000000000        15.0894771208833     
   1.58460000000000        15.0613817333796     
   1.58520000000000        15.0333449849297     
   1.58580000000000        15.0053667397013     
   1.58640000000000        14.9774468622066     
   1.58700000000000        14.9495852173017     
   1.58760000000000        14.9217816701850     
   1.58820000000000        14.8940360863969     
   1.58880000000000        14.8663483318184     
   1.58940000000000        14.8387182726704     
   1.59000000000000        14.8111457755127     
   1.59060000000000        14.7836307072431     
   1.59120000000000        14.7561729350965     
   1.59180000000000        14.7287723266438     
   1.59240000000000        14.7014287497912     
   1.59300000000000        14.6741420727791     
   1.59360000000000        14.6469121641814     
   1.59420000000000        14.6197388929042     
   1.59480000000000        14.5926221281854     
   1.59540000000000        14.5655617395933     
   1.59600000000000        14.5385575970261     
   1.59660000000000        14.5116095707108     
   1.59720000000000        14.4847175312021     
   1.59780000000000        14.4578813493820     
   1.59840000000000        14.4311008964585     
   1.59900000000000        14.4043760439646     
   1.59960000000000        14.3777066637580     
   1.60020000000000        14.3510926280197     
   1.60080000000000        14.3245338092532     
   1.60140000000000        14.2980300802836     
   1.60200000000000        14.2715813142571     
   1.60260000000000        14.2451873846396     
   1.60320000000000        14.2188481652160     
   1.60380000000000        14.1925635300894     
   1.60440000000000        14.1663333536804     
   1.60500000000000        14.1401575107258     
   1.60560000000000        14.1140358762780     
   1.60620000000000        14.0879683257042     
   1.60680000000000        14.0619547346854     
   1.60740000000000        14.0359949792156     
   1.60800000000000        14.0100889356008     
   1.60860000000000        13.9842364804586     
   1.60920000000000        13.9584374907168     
   1.60980000000000        13.9326918436127     
   1.61040000000000        13.9069994166925     
   1.61100000000000        13.8813600878104     
   1.61160000000000        13.8557737351274     
   1.61220000000000        13.8302402371108     
   1.61280000000000        13.8047594725335     
   1.61340000000000        13.7793313204726     
   1.61400000000000        13.7539556603092     
   1.61460000000000        13.7286323717273     
   1.61520000000000        13.7033613347128     
   1.61580000000000        13.6781424295529     
   1.61640000000000        13.6529755368353     
   1.61700000000000        13.6278605374473     
   1.61760000000000        13.6027973125750     
   1.61820000000000        13.5777857437024     
   1.61880000000000        13.5528257126108     
   1.61940000000000        13.5279171013778     
   1.62000000000000        13.5030597923765     
   1.62060000000000        13.4782536682749     
   1.62120000000000        13.4534986120349     
   1.62180000000000        13.4287945069115     
   1.62240000000000        13.4041412364521     
   1.62300000000000        13.3795386844957     
   1.62360000000000        13.3549867351721     
   1.62420000000000        13.3304852729009     
   1.62480000000000        13.3060341823911     
   1.62540000000000        13.2816333486401     
   1.62600000000000        13.2572826569328     
   1.62660000000000        13.2329819928412     
   1.62720000000000        13.2087312422230     
   1.62780000000000        13.1845302912216     
   1.62840000000000        13.1603790262646     
   1.62900000000000        13.1362773340637     
   1.62960000000000        13.1122251016132     
   1.63020000000000        13.0882222161898     
   1.63080000000000        13.0642685653519     
   1.63140000000000        13.0403640369381     
   1.63200000000000        13.0165085190673     
   1.63260000000000        12.9927019001375     
   1.63320000000000        12.9689440688251     
   1.63380000000000        12.9452349140841     
   1.63440000000000        12.9215743251455     
   1.63500000000000        12.8979621915166     
   1.63560000000000        12.8743984029798     
   1.63620000000000        12.8508828495924     
   1.63680000000000        12.8274154216856     
   1.63740000000000        12.8039960098639     
   1.63800000000000        12.7806245050040     
   1.63860000000000        12.7573007982545     
   1.63920000000000        12.7340247810351     
   1.63980000000000        12.7107963450354     
   1.64040000000000        12.6876153822150     
   1.64100000000000        12.6644817848019     
   1.64160000000000        12.6413954452923     
   1.64220000000000        12.6183562564499     
   1.64280000000000        12.5953641113049     
   1.64340000000000        12.5724189031534     
   1.64400000000000        12.5495205255567     
   1.64460000000000        12.5266688723407     
   1.64520000000000        12.5038638375949     
   1.64580000000000        12.4811053156720     
   1.64640000000000        12.4583932011871     
   1.64700000000000        12.4357273890166     
   1.64760000000000        12.4131077742984     
   1.64820000000000        12.3905342524300     
   1.64880000000000        12.3680067190691     
   1.64940000000000        12.3455250701316     
   1.65000000000000        12.3230892017921     
   1.65060000000000        12.3006990104823     
   1.65120000000000        12.2783543928908     
   1.65180000000000        12.2560552459622     
   1.65240000000000        12.2338014668965     
   1.65300000000000        12.2115929531486     
   1.65360000000000        12.1894296024270     
   1.65420000000000        12.1673113126939     
   1.65480000000000        12.1452379821639     
   1.65540000000000        12.1232095093038     
   1.65600000000000        12.1012257928315     
   1.65660000000000        12.0792867317156     
   1.65720000000000        12.0573922251747     
   1.65780000000000        12.0355421726765     
   1.65840000000000        12.0137364739376     
   1.65900000000000        11.9919750289223     
   1.65960000000000        11.9702577378422     
   1.66020000000000        11.9485845011557     
   1.66080000000000        11.9269552195669     
   1.66140000000000        11.9053697940254     
   1.66200000000000        11.8838281257254     
   1.66260000000000        11.8623301161050     
   1.66320000000000        11.8408756668458     
   1.66380000000000        11.8194646798718     
   1.66440000000000        11.7980970573493     
   1.66500000000000        11.7767727016859     
   1.66560000000000        11.7554915155299     
   1.66620000000000        11.7342534017697     
   1.66680000000000        11.7130582635333     
   1.66740000000000        11.6919060041872     
   1.66800000000000        11.6707965273365     
   1.66860000000000        11.6497297368234     
   1.66920000000000        11.6287055367273     
   1.66980000000000        11.6077238313638     
   1.67040000000000        11.5867845252842     
   1.67100000000000        11.5658875232746     
   1.67160000000000        11.5450327303557     
   1.67220000000000        11.5242200517819     
   1.67280000000000        11.5034493930407     
   1.67340000000000        11.4827206598522     
   1.67400000000000        11.4620337581683     
   1.67460000000000        11.4413885941722     
   1.67520000000000        11.4207850742777     
   1.67580000000000        11.4002231051289     
   1.67640000000000        11.3797025935991     
   1.67700000000000        11.3592234467904     
   1.67760000000000        11.3387855720332     
   1.67820000000000        11.3183888768855     
   1.67880000000000        11.2980332691324     
   1.67940000000000        11.2777186567852     
   1.68000000000000        11.2574449480811     
   1.68060000000000        11.2372120514824     
   1.68120000000000        11.2170198756762     
   1.68180000000000        11.1968683295734     
   1.68240000000000        11.1767573223084     
   1.68300000000000        11.1566867632383     
   1.68360000000000        11.1366565619425     
   1.68420000000000        11.1166666282221     
   1.68480000000000        11.0967168720990     
   1.68540000000000        11.0768072038158     
   1.68600000000000        11.0569375338349     
   1.68660000000000        11.0371077728378     
   1.68720000000000        11.0173178317250     
   1.68780000000000        10.9975676216148     
   1.68840000000000        10.9778570538432     
   1.68900000000000        10.9581860399632     
   1.68960000000000        10.9385544917442     
   1.69020000000000        10.9189623211713     
   1.69080000000000        10.8994094404448     
   1.69140000000000        10.8798957619799     
   1.69200000000000        10.8604211984057     
   1.69260000000000        10.8409856625649     
   1.69320000000000        10.8215890675131     
   1.69380000000000        10.8022313265184     
   1.69440000000000        10.7829123530608     
   1.69500000000000        10.7636320608314     
   1.69560000000000        10.7443903637321     
   1.69620000000000        10.7251871758751     
   1.69680000000000        10.7060224115820     
   1.69740000000000        10.6868959853834     
   1.69800000000000        10.6678078120188     
   1.69860000000000        10.6487578064353     
   1.69920000000000        10.6297458837874     
   1.69980000000000        10.6107719594366     
   1.70040000000000        10.5918359489507     
   1.70100000000000        10.5729377681031     
   1.70160000000000        10.5540773328726     
   1.70220000000000        10.5352545594426     
   1.70280000000000        10.5164693642007     
   1.70340000000000        10.4977216637380     
   1.70400000000000        10.4790113748486     
   1.70460000000000        10.4603384145293     
   1.70520000000000        10.4417026999788     
   1.70580000000000        10.4231041485972     
   1.70640000000000        10.4045426779857     
   1.70700000000000        10.3860182059458     
   1.70760000000000        10.3675306504787     
   1.70820000000000        10.3490799297852     
   1.70880000000000        10.3306659622648     
   1.70940000000000        10.3122886665153     
   1.71000000000000        10.2939479613323     
   1.71060000000000        10.2756437657086     
   1.71120000000000        10.2573759988337     
   1.71180000000000        10.2391445800933     
   1.71240000000000        10.2209494290691     
   1.71300000000000        10.2027904655375     
   1.71360000000000        10.1846676094700     
   1.71420000000000        10.1665807810319     
   1.71480000000000        10.1485299005824     
   1.71540000000000        10.1305148886737     
   1.71600000000000        10.1125356660507     
   1.71660000000000        10.0945921536504     
   1.71720000000000        10.0766842726014     
   1.71780000000000        10.0588119442234     
   1.71840000000000        10.0409750900268     
   1.71900000000000        10.0231736317120     
   1.71960000000000        10.0054074911691     
   1.72020000000000        9.98767659047733     
   1.72080000000000        9.96998085190439     
   1.72140000000000        9.95232019790623     
   1.72200000000000        9.93469455112644     
   1.72260000000000        9.91710383439569     
   1.72320000000000        9.89954797073134     
   1.72380000000000        9.88202688333688     
   1.72440000000000        9.86454049560149     
   1.72500000000000        9.84708873109953     
   1.72560000000000        9.82967151359005     
   1.72620000000000        9.81228876701635     
   1.72680000000000        9.79494041550541     
   1.72740000000000        9.77762638336751     
   1.72800000000000        9.76034659509567     
   1.72860000000000        9.74310097536524     
   1.72920000000000        9.72588944903334     
   1.72980000000000        9.70871194113849     
   1.73040000000000        9.69156837690002     
   1.73100000000000        9.67445868171768     
   1.73160000000000        9.65738278117117     
   1.73220000000000        9.64034060101958     
   1.73280000000000        9.62333206720106     
   1.73340000000000        9.60635710583222     
   1.73400000000000        9.58941564320773     
   1.73460000000000        9.57250760579987     
   1.73520000000000        9.55563292025801     
   1.73580000000000        9.53879151340819     
   1.73640000000000        9.52198331225267     
   1.73700000000000        9.50520824396940     
   1.73760000000000        9.48846623591166     
   1.73820000000000        9.47175721560753     
   1.73880000000000        9.45508111075944     
   1.73940000000000        9.43843784924376     
   1.74000000000000        9.42182735911030     
   1.74060000000000        9.40524956858189     
   1.74120000000000        9.38870440605390     
   1.74180000000000        9.37219180009381     
   1.74240000000000        9.35571167944076     
   1.74300000000000        9.33926397300510     
   1.74360000000000        9.32284860986795     
   1.74420000000000        9.30646551928074     
   1.74480000000000        9.29011463066479     
   1.74540000000000        9.27379587361083     
   1.74600000000000        9.25750917787860     
   1.74660000000000        9.24125447339640     
   1.74720000000000        9.22503169026064     
   1.74780000000000        9.20884075873539     
   1.74840000000000        9.19268160925200     
   1.74900000000000        9.17655417240860     
   1.74960000000000        9.16045837896969     
   1.75020000000000        9.14439415986574     
   1.75080000000000        9.12836144619271     
   1.75140000000000        9.11236016921163     
   1.75200000000000        9.09639026034820     
   1.75260000000000        9.08045165119237     
   1.75320000000000        9.06454427349782     
   1.75380000000000        9.04866805918168     
   1.75440000000000        9.03282294032398     
   1.75500000000000        9.01700884916729     
   1.75560000000000        9.00122571811628     
   1.75620000000000        8.98547347973733     
   1.75680000000000        8.96975206675806     
   1.75740000000000        8.95406141206694     
   1.75800000000000        8.93840144871288     
   1.75860000000000        8.92277210990480     
   1.75920000000000        8.90717332901123     
   1.75980000000000        8.89160503955987     
   1.76040000000000        8.87606717523722     
   1.76100000000000        8.86055966988812     
   1.76160000000000        8.84508245751538     
   1.76220000000000        8.82963547227935     
   1.76280000000000        8.81421864849750     
   1.76340000000000        8.79883192064407     
   1.76400000000000        8.78347522334959     
   1.76460000000000        8.76814849140054     
   1.76520000000000        8.75285165973890     
   1.76580000000000        8.73758466346177     
   1.76640000000000        8.72234743782096     
   1.76700000000000        8.70713991822262     
   1.76760000000000        8.69196204022678     
   1.76820000000000        8.67681373954703     
   1.76880000000000        8.66169495205005     
   1.76940000000000        8.64660561375526     
   1.77000000000000        8.63154566083443     
   1.77060000000000        8.61651502961124     
   1.77120000000000        8.60151365656094     
   1.77180000000000        8.58654147830994     
   1.77240000000000        8.57159843163539     
   1.77300000000000        8.55668445346485     
   1.77360000000000        8.54179948087585     
   1.77420000000000        8.52694345109553     
   1.77480000000000        8.51211630150027     
   1.77540000000000        8.49731796961525     
   1.77600000000000        8.48254839311412     
   1.77660000000000        8.46780750981859     
   1.77720000000000        8.45309525769807     
   1.77780000000000        8.43841157486927     
   1.77840000000000        8.42375639959582     
   1.77900000000000        8.40912967028790     
   1.77960000000000        8.39453132550189     
   1.78020000000000        8.37996130393992     
   1.78080000000000        8.36541954444958     
   1.78140000000000        8.35090598602349     
   1.78200000000000        8.33642056779894     
   1.78260000000000        8.32196322905754     
   1.78320000000000        8.30753390922481     
   1.78380000000000        8.29313254786985     
   1.78440000000000        8.27875908470494     
   1.78500000000000        8.26441345958518     
   1.78560000000000        8.25009561250816     
   1.78620000000000        8.23580548361352     
   1.78680000000000        8.22154301318265     
   1.78740000000000        8.20730814163831     
   1.78800000000000        8.19310080954425     
   1.78860000000000        8.17892095760484     
   1.78920000000000        8.16476852666478     
   1.78980000000000        8.15064345770864     
   1.79040000000000        8.13654569186056     
   1.79100000000000        8.12247517038389     
   1.79160000000000        8.10843183468084     
   1.79220000000000        8.09441562629207     
   1.79280000000000        8.08042648689642     
   1.79340000000000        8.06646435831047     
   1.79400000000000        8.05252918248824     
   1.79460000000000        8.03862090152085     
   1.79520000000000        8.02473945763610     
   1.79580000000000        8.01088479319820     
   1.79640000000000        7.99705685070739     
   1.79700000000000        7.98325557279955     
   1.79760000000000        7.96948090224592     
   1.79820000000000        7.95573278195272     
   1.79880000000000        7.94201115496079     
   1.79940000000000        7.92831596444530     
   1.80000000000000        7.91464715371534     
   1.80060000000000        7.90100466621363     
   1.80120000000000        7.88738844551614     
   1.80180000000000        7.87379843533177     
   1.80240000000000        7.86023457950202     
   1.80300000000000        7.84669682200063     
   1.80360000000000        7.83318510693325     
   1.80420000000000        7.81969937853712     
   1.80480000000000        7.80623958118069     
   1.80540000000000        7.79280565936332     
   1.80600000000000        7.77939755771497     
   1.80660000000000        7.76601522099580     
   1.80720000000000        7.75265859409591     
   1.80780000000000        7.73932762203492     
   1.80840000000000        7.72602224996175     
   1.80900000000000        7.71274242315421     
   1.80960000000000        7.69948808701867     
   1.81020000000000        7.68625918708980     
   1.81080000000000        7.67305566903018     
   1.81140000000000        7.65987747862999     
   1.81200000000000        7.64672456180668     
   1.81260000000000        7.63359686460470     
   1.81320000000000        7.62049433319508     
   1.81380000000000        7.60741691387518     
   1.81440000000000        7.59436455306837     
   1.81500000000000        7.58133719732365     
   1.81560000000000        7.56833479331539     
   1.81620000000000        7.55535728784300     
   1.81680000000000        7.54240462783056     
   1.81740000000000        7.52947676032660     
   1.81800000000000        7.51657363250368     
   1.81860000000000        7.50369519165816     
   1.81920000000000        7.49084138520982     
   1.81980000000000        7.47801216070159     
   1.82040000000000        7.46520746579921     
   1.82100000000000        7.45242724829096     
   1.82160000000000        7.43967145608729     
   1.82220000000000        7.42694003722053     
   1.82280000000000        7.41423293984464     
   1.82340000000000        7.40155011223479     
   1.82400000000000        7.38889150278715     
   1.82460000000000        7.37625706001855     
   1.82520000000000        7.36364673256615     
   1.82580000000000        7.35106046918716     
   1.82640000000000        7.33849821875855     
   1.82700000000000        7.32595993027670     
   1.82760000000000        7.31344555285714     
   1.82820000000000        7.30095503573425     
   1.82880000000000        7.28848832826090     
   1.82940000000000        7.27604537990824     
   1.83000000000000        7.26362614026532     
   1.83060000000000        7.25123055903882     
   1.83120000000000        7.23885858605279     
   1.83180000000000        7.22651017124829     
   1.83240000000000        7.21418526468313     
   1.83300000000000        7.20188381653158     
   1.83360000000000        7.18960577708405     
   1.83420000000000        7.17735109674681     
   1.83480000000000        7.16511972604171     
   1.83540000000000        7.15291161560584     
   1.83600000000000        7.14072671619133     
   1.83660000000000        7.12856497866495     
   1.83720000000000        7.11642635400790     
   1.83780000000000        7.10431079331549     
   1.83840000000000        7.09221824779685     
   1.83900000000000        7.08014866877466     
   1.83960000000000        7.06810200768483     
   1.84020000000000        7.05607821607626     
   1.84080000000000        7.04407724561051     
   1.84140000000000        7.03209904806156     
   1.84200000000000        7.02014357531549     
   1.84260000000000        7.00821077937019     
   1.84320000000000        6.99630061233515     
   1.84380000000000        6.98441302643107     
   1.84440000000000        6.97254797398967     
   1.84500000000000        6.96070540745337     
   1.84560000000000        6.94888527937502     
   1.84620000000000        6.93708754241762     
   1.84680000000000        6.92531214935403     
   1.84740000000000        6.91355905306671     
   1.84800000000000        6.90182820654745     
   1.84860000000000        6.89011956289708     
   1.84920000000000        6.87843307532520     
   1.84980000000000        6.86676869714989     
   1.85040000000000        6.85512638179749     
   1.85100000000000        6.84350608280225     
   1.85160000000000        6.83190775380613     
   1.85220000000000        6.82033134855848     
   1.85280000000000        6.80877682091580     
   1.85340000000000        6.79724412484146     
   1.85400000000000        6.78573321440541     
   1.85460000000000        6.77424404378397     
   1.85520000000000        6.76277656725948     
   1.85580000000000        6.75133073922013     
   1.85640000000000        6.73990651415960     
   1.85700000000000        6.72850384667687     
   1.85760000000000        6.71712269147591     
   1.85820000000000        6.70576300336542     
   1.85880000000000        6.69442473725860     
   1.85940000000000        6.68310784817285     
   1.86000000000000        6.67181229122954     
   1.86060000000000        6.66053802165373     
   1.86120000000000        6.64928499477390     
   1.86180000000000        6.63805316602171     
   1.86240000000000        6.62684249093175     
   1.86300000000000        6.61565292514126     
   1.86360000000000        6.60448442438987     
   1.86420000000000        6.59333694451936     
   1.86480000000000        6.58221044147342     
   1.86540000000000        6.57110487129734     
   1.86600000000000        6.56002019013780     
   1.86660000000000        6.54895635424263     
   1.86720000000000        6.53791331996049     
   1.86780000000000        6.52689104374070     
   1.86840000000000        6.51588948213291     
   1.86900000000000        6.50490859178692     
   1.86960000000000        6.49394832945236     
   1.87020000000000        6.48300865197853     
   1.87080000000000        6.47208951631404     
   1.87140000000000        6.46119087950667     
   1.87200000000000        6.45031269870302     
   1.87260000000000        6.43945493114837     
   1.87320000000000        6.42861753418632     
   1.87380000000000        6.41780046525866     
   1.87440000000000        6.40700368190503     
   1.87500000000000        6.39622714176271     
   1.87560000000000        6.38547080256641     
   1.87620000000000        6.37473462214797     
   1.87680000000000        6.36401855843616     
   1.87740000000000        6.35332256945640     
   1.87800000000000        6.34264661333057     
   1.87860000000000        6.33199064827672     
   1.87920000000000        6.32135463260885     
   1.87980000000000        6.31073852473668     
   1.88040000000000        6.30014228316540     
   1.88100000000000        6.28956586649544     
   1.88160000000000        6.27900923342222     
   1.88220000000000        6.26847234273591     
   1.88280000000000        6.25795515332123     
   1.88340000000000        6.24745762415718     
   1.88400000000000        6.23697971431680     
   1.88460000000000        6.22652138296698     
   1.88520000000000        6.21608258936816     
   1.88580000000000        6.20566329287416     
   1.88640000000000        6.19526345293192     
   1.88700000000000        6.18488302908126     
   1.88760000000000        6.17452198095467     
   1.88820000000000        6.16418026827706     
   1.88880000000000        6.15385785086555     
   1.88940000000000        6.14355468862921     
   1.89000000000000        6.13327074156887     
   1.89060000000000        6.12300596977687     
   1.89120000000000        6.11276033343682     
   1.89180000000000        6.10253379282342     
   1.89240000000000        6.09232630830218     
   1.89300000000000        6.08213784032922     
   1.89360000000000        6.07196834945104     
   1.89420000000000        6.06181779630432     
   1.89480000000000        6.05168614161565     
   1.89540000000000        6.04157334620134     
   1.89600000000000        6.03147937096719     
   1.89660000000000        6.02140417690826     
   1.89720000000000        6.01134772510868     
   1.89780000000000        6.00130997674137     
   1.89840000000000        5.99129089306788     
   1.89900000000000        5.98129043543813     
   1.89960000000000        5.97130856529023     
   1.90020000000000        5.96134524415020     
   1.90080000000000        5.95140043363182     
   1.90140000000000        5.94147409543638     
   1.90200000000000        5.93156619135244     
   1.90260000000000        5.92167668325568     
   1.90320000000000        5.91180553310861     
   1.90380000000000        5.90195270296041     
   1.90440000000000        5.89211815494669     
   1.90500000000000        5.88230185128926     
   1.90560000000000        5.87250375429599     
   1.90620000000000        5.86272382636048     
   1.90680000000000        5.85296202996197     
   1.90740000000000        5.84321832766503     
   1.90800000000000        5.83349268211941     
   1.90860000000000        5.82378505605981     
   1.90920000000000        5.81409541230567     
   1.90980000000000        5.80442371376096     
   1.91040000000000        5.79476992341397     
   1.91100000000000        5.78513400433710     
   1.91160000000000        5.77551591968667     
   1.91220000000000        5.76591563270268     
   1.91280000000000        5.75633310670863     
   1.91340000000000        5.74676830511133     
   1.91400000000000        5.73722119140063     
   1.91460000000000        5.72769172914929     
   1.91520000000000        5.71817988201272     
   1.91580000000000        5.70868561372882     
   1.91640000000000        5.69920888811773     
   1.91700000000000        5.68974966908167     
   1.91760000000000        5.68030792060472     
   1.91820000000000        5.67088360675260     
   1.91880000000000        5.66147669167251     
   1.91940000000000        5.65208713959288     
   1.92000000000000        5.64271491482323     
   1.92060000000000        5.63335998175391     
   1.92120000000000        5.62402230485595     
   1.92180000000000        5.61470184868080     
   1.92240000000000        5.60539857786021     
   1.92300000000000        5.59611245710598     
   1.92360000000000        5.58684345120978     
   1.92420000000000        5.57759152504295     
   1.92480000000000        5.56835664355629     
   1.92540000000000        5.55913877177991     
   1.92600000000000        5.54993787482297     
   1.92660000000000        5.54075391787355     
   1.92720000000000        5.53158686619841     
   1.92780000000000        5.52243668514280     
   1.92840000000000        5.51330334013031     
   1.92900000000000        5.50418679666263     
   1.92960000000000        5.49508702031938     
   1.93020000000000        5.48600397675791     
   1.93080000000000        5.47693763171312     
   1.93140000000000        5.46788795099726     
   1.93200000000000        5.45885490049975     
   1.93260000000000        5.44983844618697     
   1.93320000000000        5.44083855410209     
   1.93380000000000        5.43185519036490     
   1.93440000000000        5.42288832117158     
   1.93500000000000        5.41393791279453     
   1.93560000000000        5.40500393158218     
   1.93620000000000        5.39608634395884     
   1.93680000000000        5.38718511642445     
   1.93740000000000        5.37830021555445     
   1.93800000000000        5.36943160799955     
   1.93860000000000        5.36057926048560     
   1.93920000000000        5.35174313981335     
   1.93980000000000        5.34292321285831     
   1.94040000000000        5.33411944657052     
   1.94100000000000        5.32533180797444     
   1.94160000000000        5.31656026416868     
   1.94220000000000        5.30780478232590     
   1.94280000000000        5.29906532969257     
   1.94340000000000        5.29034187358881     
   1.94400000000000        5.28163438140823     
   1.94460000000000        5.27294282061771     
   1.94520000000000        5.26426715875725     
   1.94580000000000        5.25560736343981     
   1.94640000000000        5.24696340235105     
   1.94700000000000        5.23833524324927     
   1.94760000000000        5.22972285396514     
   1.94820000000000        5.22112620240154     
   1.94880000000000        5.21254525653343     
   1.94940000000000        5.20397998440762     
   1.95000000000000        5.19543035414263     
   1.95060000000000        5.18689633392850     
   1.95120000000000        5.17837789202661     
   1.95180000000000        5.16987499676952     
   1.95240000000000        5.16138761656078     
   1.95300000000000        5.15291571987478     
   1.95360000000000        5.14445927525657     
   1.95420000000000        5.13601825132165     
   1.95480000000000        5.12759261675587     
   1.95540000000000        5.11918234031519     
   1.95600000000000        5.11078739082556     
   1.95660000000000        5.10240773718270     
   1.95720000000000        5.09404334835200     
   1.95780000000000        5.08569419336826     
   1.95840000000000        5.07736024133560     
   1.95900000000000        5.06904146142727     
   1.95960000000000        5.06073782288544     
   1.96020000000000        5.05244929502108     
   1.96080000000000        5.04417584721379     
   1.96140000000000        5.03591744891161     
   1.96200000000000        5.02767406963086     
   1.96260000000000        5.01944567895598     
   1.96320000000000        5.01123224653938     
   1.96380000000000        5.00303374210123     
   1.96440000000000        4.99485013542934     
   1.96500000000000        4.98668139637898     
   1.96560000000000        4.97852749487271     
   1.96620000000000        4.97038840090023     
   1.96680000000000        4.96226408451819     
   1.96740000000000        4.95415451585006     
   1.96800000000000        4.94605966508595     
   1.96860000000000        4.93797950248246     
   1.96920000000000        4.92991399836250     
   1.96980000000000        4.92186312311515     
   1.97040000000000        4.91382684719549     
   1.97100000000000        4.90580514112443     
   1.97160000000000        4.89779797548855     
   1.97220000000000        4.88980532093999     
   1.97280000000000        4.88182714819622     
   1.97340000000000        4.87386342803991     
   1.97400000000000        4.86591413131880     
   1.97460000000000        4.85797922894552     
   1.97520000000000        4.85005869189739     
   1.97580000000000        4.84215249121634     
   1.97640000000000        4.83426059800872     
   1.97700000000000        4.82638298344513     
   1.97760000000000        4.81851961876027     
   1.97820000000000        4.81067047525281     
   1.97880000000000        4.80283552428521     
   1.97940000000000        4.79501473728357     
   1.98000000000000        4.78720808573748     
   1.98060000000000        4.77941554119985     
   1.98120000000000        4.77163707528682     
   1.98180000000000        4.76387265967750     
   1.98240000000000        4.75612226611391     
   1.98300000000000        4.74838586640080     
   1.98360000000000        4.74066343240547     
   1.98420000000000        4.73295493605767     
   1.98480000000000        4.72526034934941     
   1.98540000000000        4.71757964433481     
   1.98600000000000        4.70991279312998     
   1.98660000000000        4.70225976791284     
   1.98720000000000        4.69462054092300     
   1.98780000000000        4.68699508446156     
   1.98840000000000        4.67938337089104     
   1.98900000000000        4.67178537263516     
   1.98960000000000        4.66420106217873     
   1.99020000000000        4.65663041206749     
   1.99080000000000        4.64907339490795     
   1.99140000000000        4.64152998336730     
   1.99200000000000        4.63400015017319     
   1.99260000000000        4.62648386811363     
   1.99320000000000        4.61898111003683     
   1.99380000000000        4.61149184885105     
   1.99440000000000        4.60401605752448     
   1.99500000000000        4.59655370908508     
   1.99560000000000        4.58910477662041     
   1.99620000000000        4.58166923327753     
   1.99680000000000        4.57424705226285     
   1.99740000000000        4.56683820684194     
   1.99800000000000        4.55944267033945     
   1.99860000000000        4.55206041613896     
   1.99920000000000        4.54469141768276     
   1.99980000000000        4.53733564847184     
   2.00040000000000        4.52999308206561     
   2.00100000000000        4.52266369208189     
   2.00160000000000        4.51534745219666     
   2.00220000000000        4.50804433614398     
   2.00280000000000        4.50075431771585     
   2.00340000000000        4.49347737076205     
   2.00400000000000        4.48621346919000     
   2.00460000000000        4.47896258696466     
   2.00520000000000        4.47172469810833     
   2.00580000000000        4.46449977670058     
   2.00640000000000        4.45728779687804     
   2.00700000000000        4.45008873283432     
   2.00760000000000        4.44290255881987     
   2.00820000000000        4.43572924914181     
   2.00880000000000        4.42856877816382     
   2.00940000000000        4.42142112030600     
   2.01000000000000        4.41428625004472     
   2.01060000000000        4.40716414191250     
   2.01120000000000        4.40005477049790     
   2.01180000000000        4.39295811044532     
   2.01240000000000        4.38587413645492     
   2.01300000000000        4.37880282328248     
   2.01360000000000        4.37174414573926     
   2.01420000000000        4.36469807869184     
   2.01480000000000        4.35766459706204     
   2.01540000000000        4.35064367582676     
   2.01600000000000        4.34363529001783     
   2.01660000000000        4.33663941472191     
   2.01720000000000        4.32965602508036     
   2.01780000000000        4.32268509628906     
   2.01840000000000        4.31572660359835     
   2.01900000000000        4.30878052231286     
   2.01960000000000        4.30184682779136     
   2.02020000000000        4.29492549544670     
   2.02080000000000        4.28801650074560     
   2.02140000000000        4.28111981920857     
   2.02200000000000        4.27423542640978     
   2.02260000000000        4.26736329797691     
   2.02320000000000        4.26050340959105     
   2.02380000000000        4.25365573698653     
   2.02440000000000        4.24682025595085     
   2.02500000000000        4.23999694232451     
   2.02560000000000        4.23318577200089     
   2.02620000000000        4.22638672092614     
   2.02680000000000        4.21959976509904     
   2.02740000000000        4.21282488057089     
   2.02800000000000        4.20606204344536     
   2.02860000000000        4.19931122987839     
   2.02920000000000        4.19257241607805     
   2.02980000000000        4.18584557830442     
   2.03040000000000        4.17913069286946     
   2.03100000000000        4.17242773613692     
   2.03160000000000        4.16573668452216     
   2.03220000000000        4.15905751449208     
   2.03280000000000        4.15239020256494     
   2.03340000000000        4.14573472531033     
   2.03400000000000        4.13909105934894     
   2.03460000000000        4.13245918135250     
   2.03520000000000        4.12583906804366     
   2.03580000000000        4.11923069619584     
   2.03640000000000        4.11263404263316     
   2.03700000000000        4.10604908423023     
   2.03760000000000        4.09947579791213     
   2.03820000000000        4.09291416065424     
   2.03880000000000        4.08636414948209     
   2.03940000000000        4.07982574147132     
   2.04000000000000        4.07329891374749     
   2.04060000000000        4.06678364348601     
   2.04120000000000        4.06027990791199     
   2.04180000000000        4.05378768430012     
   2.04240000000000        4.04730694997459     
   2.04300000000000        4.04083768230892     
   2.04360000000000        4.03437985872591     
   2.04420000000000        4.02793345669744     
   2.04480000000000        4.02149845374442     
   2.04540000000000        4.01507482743665     
   2.04600000000000        4.00866255539271     
   2.04660000000000        4.00226161527982     
   2.04720000000000        3.99587198481376     
   2.04780000000000        3.98949364175875     
   2.04840000000000        3.98312656392730     
   2.04900000000000        3.97677072918013     
   2.04960000000000        3.97042611542606     
   2.05020000000000        3.96409270062185     
   2.05080000000000        3.95777046277215     
   2.05140000000000        3.95145937992934     
   2.05200000000000        3.94515943019343     
   2.05260000000000        3.93887059171198     
   2.05320000000000        3.93259284267990     
   2.05380000000000        3.92632616133945     
   2.05440000000000        3.92007052598005     
   2.05500000000000        3.91382591493818     
   2.05560000000000        3.90759230659731     
   2.05620000000000        3.90136967938774     
   2.05680000000000        3.89515801178650     
   2.05740000000000        3.88895728231727     
   2.05800000000000        3.88276746955023     
   2.05860000000000        3.87658855210199     
   2.05920000000000        3.87042050863545     
   2.05980000000000        3.86426331785968     
   2.06040000000000        3.85811695852985     
   2.06100000000000        3.85198140944711     
   2.06160000000000        3.84585664945845     
   2.06220000000000        3.83974265745662     
   2.06280000000000        3.83363941238005     
   2.06340000000000        3.82754689321265     
   2.06400000000000        3.82146507898383     
   2.06460000000000        3.81539394876826     
   2.06520000000000        3.80933348168588     
   2.06580000000000        3.80328365690171     
   2.06640000000000        3.79724445362579     
   2.06700000000000        3.79121585111306     
   2.06760000000000        3.78519782866324     
   2.06820000000000        3.77919036562076     
   2.06880000000000        3.77319344137461     
   2.06940000000000        3.76720703535827     
   2.07000000000000        3.76123112704960     
   2.07060000000000        3.75526569597071     
   2.07120000000000        3.74931072168788     
   2.07180000000000        3.74336618381148     
   2.07240000000000        3.73743206199580     
   2.07300000000000        3.73150833593899     
   2.07360000000000        3.72559498538298     
   2.07420000000000        3.71969199011330     
   2.07480000000000        3.71379932995907     
   2.07540000000000        3.70791698479284     
   2.07600000000000        3.70204493453047     
   2.07660000000000        3.69618315913111     
   2.07720000000000        3.69033163859702     
   2.07780000000000        3.68449035297349     
   2.07840000000000        3.67865928234875     
   2.07900000000000        3.67283840685389     
   2.07960000000000        3.66702770666269     
   2.08020000000000        3.66122716199160     
   2.08080000000000        3.65543675309959     
   2.08140000000000        3.64965646028806     
   2.08200000000000        3.64388626390076     
   2.08260000000000        3.63812614432365     
   2.08320000000000        3.63237608198484     
   2.08380000000000        3.62663605735449     
   2.08440000000000        3.62090605094468     
   2.08500000000000        3.61518604330934     
   2.08560000000000        3.60947601504413     
   2.08620000000000        3.60377594678638     
   2.08680000000000        3.59808581921494     
   2.08740000000000        3.59240561305013     
   2.08800000000000        3.58673530905361     
   2.08860000000000        3.58107488802831     
   2.08920000000000        3.57542433081831     
   2.08980000000000        3.56978361830874     
   2.09040000000000        3.56415273142573     
   2.09100000000000        3.55853165113625     
   2.09160000000000        3.55292035844807     
   2.09220000000000        3.54731883440962     
   2.09280000000000        3.54172706010993     
   2.09340000000000        3.53614501667852     
   2.09400000000000        3.53057268528530     
   2.09460000000000        3.52501004714049     
   2.09520000000000        3.51945708349449     
   2.09580000000000        3.51391377563786     
   2.09640000000000        3.50838010490114     
   2.09700000000000        3.50285605265482     
   2.09760000000000        3.49734160030922     
   2.09820000000000        3.49183672931438     
   2.09880000000000        3.48634142116000     
   2.09940000000000        3.48085565737536     
   2.10000000000000        3.47537941952917     
   2.10060000000000        3.46991268922952     
   2.10120000000000        3.46445544812378     
   2.10180000000000        3.45900767789851     
   2.10240000000000        3.45356936027936     
   2.10300000000000        3.44814047703100     
   2.10360000000000        3.44272100995699     
   2.10420000000000        3.43731094089974     
   2.10480000000000        3.43191025174037     
   2.10540000000000        3.42651892439866     
   2.10600000000000        3.42113694083294     
   2.10660000000000        3.41576428303998     
   2.10720000000000        3.41040093305496     
   2.10780000000000        3.40504687295132     
   2.10840000000000        3.39970208484070     
   2.10900000000000        3.39436655087286     
   2.10960000000000        3.38904025323555     
   2.11020000000000        3.38372317415447     
   2.11080000000000        3.37841529589316     
   2.11140000000000        3.37311660075291     
   2.11200000000000        3.36782707107267     
   2.11260000000000        3.36254668922899     
   2.11320000000000        3.35727543763586     
   2.11380000000000        3.35201329874474     
   2.11440000000000        3.34676025504435     
   2.11500000000000        3.34151628906068     
   2.11560000000000        3.33628138335684     
   2.11620000000000        3.33105552053300     
   2.11680000000000        3.32583868322631     
   2.11740000000000        3.32063085411080     
   2.11800000000000        3.31543201589731     
   2.11860000000000        3.31024215133337     
   2.11920000000000        3.30506124320317     
   2.11980000000000        3.29988927432741     
   2.12040000000000        3.29472622756329     
   2.12100000000000        3.28957208580436     
   2.12160000000000        3.28442683198045     
   2.12220000000000        3.27929044905762     
   2.12280000000000        3.27416292003806     
   2.12340000000000        3.26904422795997     
   2.12400000000000        3.26393435589752     
   2.12460000000000        3.25883328696075     
   2.12520000000000        3.25374100429550     
   2.12580000000000        3.24865749108330     
   2.12640000000000        3.24358273054133     
   2.12700000000000        3.23851670592227     
   2.12760000000000        3.23345940051431     
   2.12820000000000        3.22841079764097     
   2.12880000000000        3.22337088066110     
   2.12940000000000        3.21833963296874     
   2.13000000000000        3.21331703799308     
   2.13060000000000        3.20830307919835     
   2.13120000000000        3.20329774008377     
   2.13180000000000        3.19830100418341     
   2.13240000000000        3.19331285506619     
   2.13300000000000        3.18833327633574     
   2.13360000000000        3.18336225163033     
   2.13420000000000        3.17839976462283     
   2.13480000000000        3.17344579902055     
   2.13540000000000        3.16850033856525     
   2.13600000000000        3.16356336703301     
   2.13660000000000        3.15863486823415     
   2.13720000000000        3.15371482601316     
   2.13780000000000        3.14880322424864     
   2.13840000000000        3.14390004685318     
   2.13900000000000        3.13900527777334     
   2.13960000000000        3.13411890098950     
   2.14020000000000        3.12924090051584     
   2.14080000000000        3.12437126040023     
   2.14140000000000        3.11950996472418     
   2.14200000000000        3.11465699760273     
   2.14260000000000        3.10981234318440     
   2.14320000000000        3.10497598565110     
   2.14380000000000        3.10014790921804     
   2.14440000000000        3.09532809813369     
   2.14500000000000        3.09051653667967     
   2.14560000000000        3.08571320917068     
   2.14620000000000        3.08091809995446     
   2.14680000000000        3.07613119341164     
   2.14740000000000        3.07135247395573     
   2.14800000000000        3.06658192603303     
   2.14860000000000        3.06181953412254     
   2.14920000000000        3.05706528273587     
   2.14980000000000        3.05231915641723     
   2.15040000000000        3.04758113974328     
   2.15100000000000        3.04285121732308     
   2.15160000000000        3.03812937379806     
   2.15220000000000        3.03341559384187     
   2.15280000000000        3.02870986216038     
   2.15340000000000        3.02401216349153     
   2.15400000000000        3.01932248260533     
   2.15460000000000        3.01464080430373     
   2.15520000000000        3.00996711342060     
   2.15580000000000        3.00530139482160     
   2.15640000000000        3.00064363340414     
   2.15700000000000        2.99599381409731     
   2.15760000000000        2.99135192186178     
   2.15820000000000        2.98671794168977     
   2.15880000000000        2.98209185860493     
   2.15940000000000        2.97747365766232     
   2.16000000000000        2.97286332394828     
   2.16060000000000        2.96826084258041     
   2.16120000000000        2.96366619870745     
   2.16180000000000        2.95907937750928     
   2.16240000000000        2.95450036419676     
   2.16300000000000        2.94992914401172     
   2.16360000000000        2.94536570222687     
   2.16420000000000        2.94081002414575     
   2.16480000000000        2.93626209510261     
   2.16540000000000        2.93172190046238     
   2.16600000000000        2.92718942562061     
   2.16660000000000        2.92266465600336     
   2.16720000000000        2.91814757706715     
   2.16780000000000        2.91363817429890     
   2.16840000000000        2.90913643321586     
   2.16900000000000        2.90464233936551     
   2.16960000000000        2.90015587832553     
   2.17020000000000        2.89567703570371     
   2.17080000000000        2.89120579713787     
   2.17140000000000        2.88674214829585     
   2.17200000000000        2.88228607487534     
   2.17260000000000        2.87783756260392     
   2.17320000000000        2.87339659723891     
   2.17380000000000        2.86896316456735     
   2.17440000000000        2.86453725040592     
   2.17500000000000        2.86011884060084     
   2.17560000000000        2.85570792102788     
   2.17620000000000        2.85130447759220     
   2.17680000000000        2.84690849622835     
   2.17740000000000        2.84251996290016     
   2.17800000000000        2.83813886360073     
   2.17860000000000        2.83376518435228     
   2.17920000000000        2.82939891120617     
   2.17980000000000        2.82504003024277     
   2.18040000000000        2.82068852757143     
   2.18100000000000        2.81634438933039     
   2.18160000000000        2.81200760168674     
   2.18220000000000        2.80767815083632     
   2.18280000000000        2.80335602300371     
   2.18340000000000        2.79904120444210     
   2.18400000000000        2.79473368143326     
   2.18460000000000        2.79043344028747     
   2.18520000000000        2.78614046734345     
   2.18580000000000        2.78185474896833     
   2.18640000000000        2.77757627155751     
   2.18700000000000        2.77330502153467     
   2.18760000000000        2.76904098535168     
   2.18820000000000        2.76478414948851     
   2.18880000000000        2.76053450045320     
   2.18940000000000        2.75629202478180     
   2.19000000000000        2.75205670903828     
   2.19060000000000        2.74782853981446     
   2.19120000000000        2.74360750373000     
   2.19180000000000        2.73939358743227     
   2.19240000000000        2.73518677759635     
   2.19300000000000        2.73098706092490     
   2.19360000000000        2.72679442414817     
   2.19420000000000        2.72260885402387     
   2.19480000000000        2.71843033733716     
   2.19540000000000        2.71425886090056     
   2.19600000000000        2.71009441155389     
   2.19660000000000        2.70593697616422     
   2.19720000000000        2.70178654162579     
   2.19780000000000        2.69764309485998     
   2.19840000000000        2.69350662281520     
   2.19900000000000        2.68937711246688     
   2.19960000000000        2.68525455081736     
   2.20020000000000        2.68113892489590     
   2.20080000000000        2.67703022175852     
   2.20140000000000        2.67292842848802     
   2.20200000000000        2.66883353219390     
   2.20260000000000        2.66474552001227     
   2.20320000000000        2.66066437910584     
   2.20380000000000        2.65659009666380     
   2.20440000000000        2.65252265990181     
   2.20500000000000        2.64846205606193     
   2.20560000000000        2.64440827241252     
   2.20620000000000        2.64036129624826     
   2.20680000000000        2.63632111489000     
   2.20740000000000        2.63228771568476     
   2.20800000000000        2.62826108600567     
   2.20860000000000        2.62424121325188     
   2.20920000000000        2.62022808484852     
   2.20980000000000        2.61622168824664     
   2.21040000000000        2.61222201092314     
   2.21100000000000        2.60822904038074     
   2.21160000000000        2.60424276414790     
   2.21220000000000        2.60026316977876     
   2.21280000000000        2.59629024485308     
   2.21340000000000        2.59232397697621     
   2.21400000000000        2.58836435377900     
   2.21460000000000        2.58441136291774     
   2.21520000000000        2.58046499207416     
   2.21580000000000        2.57652522895529     
   2.21640000000000        2.57259206129345     
   2.21700000000000        2.56866547684621     
   2.21760000000000        2.56474546339628     
   2.21820000000000        2.56083200875149     
   2.21880000000000        2.55692510074475     
   2.21940000000000        2.55302472723394     
   2.22000000000000        2.54913087610190     
   2.22060000000000        2.54524353525634     
   2.22120000000000        2.54136269262983     
   2.22180000000000        2.53748833617968     
   2.22240000000000        2.53362045388796     
   2.22300000000000        2.52975903376136     
   2.22360000000000        2.52590406383122     
   2.22420000000000        2.52205553215341     
   2.22480000000000        2.51821342680830     
   2.22540000000000        2.51437773590070     
   2.22600000000000        2.51054844755983     
   2.22660000000000        2.50672554993922     
   2.22720000000000        2.50290903121670     
   2.22780000000000        2.49909887959429     
   2.22840000000000        2.49529508329821     
   2.22900000000000        2.49149763057879     
   2.22960000000000        2.48770650971043     
   2.23020000000000        2.48392170899151     
   2.23080000000000        2.48014321674439     
   2.23140000000000        2.47637102131531     
   2.23200000000000        2.47260511107438     
   2.23260000000000        2.46884547441548     
   2.23320000000000        2.46509209975625     
   2.23380000000000        2.46134497553800     
   2.23440000000000        2.45760409022568     
   2.23500000000000        2.45386943230782     
   2.23560000000000        2.45014099029648     
   2.23620000000000        2.44641875272719     
   2.23680000000000        2.44270270815891     
   2.23740000000000        2.43899284517396     
   2.23800000000000        2.43528915237799     
   2.23860000000000        2.43159161839989     
   2.23920000000000        2.42790023189181     
   2.23980000000000        2.42421498152901     
   2.24040000000000        2.42053585600989     
   2.24100000000000        2.41686284405590     
   2.24160000000000        2.41319593441150     
   2.24220000000000        2.40953511584410     
   2.24280000000000        2.40588037714401     
   2.24340000000000        2.40223170712441     
   2.24400000000000        2.39858909462126     
   2.24460000000000        2.39495252849329     
   2.24520000000000        2.39132199762190     
   2.24580000000000        2.38769749091118     
   2.24640000000000        2.38407899728778     
   2.24700000000000        2.38046650570093     
   2.24760000000000        2.37686000512233     
   2.24820000000000        2.37325948454615     
   2.24880000000000        2.36966493298894     
   2.24940000000000        2.36607633948961     
   2.25000000000000        2.36249369310936     
   2.25060000000000        2.35891698293163     
   2.25120000000000        2.35534619806209     
   2.25180000000000        2.35178132762852     
   2.25240000000000        2.34822236078082     
   2.25300000000000        2.34466928669094     
   2.25360000000000        2.34112209455282     
   2.25420000000000        2.33758077358237     
   2.25480000000000        2.33404531301738     
   2.25540000000000        2.33051570211752     
   2.25600000000000        2.32699193016424     
   2.25660000000000        2.32347398646076     
   2.25720000000000        2.31996186033202     
   2.25780000000000        2.31645554112460     
   2.25840000000000        2.31295501820670     
   2.25900000000000        2.30946028096809     
   2.25960000000000        2.30597131882005     
   2.26020000000000        2.30248812119533     
   2.26080000000000        2.29901067754809     
   2.26140000000000        2.29553897735389     
   2.26200000000000        2.29207301010958     
   2.26260000000000        2.28861276533332     
   2.26320000000000        2.28515823256448     
   2.26380000000000        2.28170940136362     
   2.26440000000000        2.27826626131244     
   2.26500000000000        2.27482880201374     
   2.26560000000000        2.27139701309133     
   2.26620000000000        2.26797088419005     
   2.26680000000000        2.26455040497566     
   2.26740000000000        2.26113556513486     
   2.26800000000000        2.25772635437518     
   2.26860000000000        2.25432276242495     
   2.26920000000000        2.25092477903330     
   2.26980000000000        2.24753239397005     
   2.27040000000000        2.24414559702571     
   2.27100000000000        2.24076437801139     
   2.27160000000000        2.23738872675882     
   2.27220000000000        2.23401863312022     
   2.27280000000000        2.23065408696835     
   2.27340000000000        2.22729507819636     
   2.27400000000000        2.22394159671785     
   2.27460000000000        2.22059363246674     
   2.27520000000000        2.21725117539727     
   2.27580000000000        2.21391421548395     
   2.27640000000000        2.21058274272150     
   2.27700000000000        2.20725674712481     
   2.27760000000000        2.20393621872892     
   2.27820000000000        2.20062114758893     
   2.27880000000000        2.19731152378000     
   2.27940000000000        2.19400733739728     
   2.28000000000000        2.19070857855586     
   2.28060000000000        2.18741523739076     
   2.28120000000000        2.18412730405686     
   2.28180000000000        2.18084476872884     
   2.28240000000000        2.17756762160118     
   2.28300000000000        2.17429585288809     
   2.28360000000000        2.17102945282345     
   2.28420000000000        2.16776841166080     
   2.28480000000000        2.16451271967329     
   2.28540000000000        2.16126236715361     
   2.28600000000000        2.15801734441399     
   2.28660000000000        2.15477764178611     
   2.28720000000000        2.15154324962109     
   2.28780000000000        2.14831415828945     
   2.28840000000000        2.14509035818102     
   2.28900000000000        2.14187183970497     
   2.28960000000000        2.13865859328971     
   2.29020000000000        2.13545060938286     
   2.29080000000000        2.13224787845123     
   2.29140000000000        2.12905039098076     
   2.29200000000000        2.12585813747648     
   2.29260000000000        2.12267110846245     
   2.29320000000000        2.11948929448176     
   2.29380000000000        2.11631268609645     
   2.29440000000000        2.11314127388749     
   2.29500000000000        2.10997504845474     
   2.29560000000000        2.10681400041687     
   2.29620000000000        2.10365812041137     
   2.29680000000000        2.10050739909449     
   2.29740000000000        2.09736182714118     
   2.29800000000000        2.09422139524508     
   2.29860000000000        2.09108609411845     
   2.29920000000000        2.08795591449215     
   2.29980000000000        2.08483084711558     
   2.30040000000000        2.08171088275667     
   2.30100000000000        2.07859601220181     
   2.30160000000000        2.07548622625581     
   2.30220000000000        2.07238151574189     
   2.30280000000000        2.06928187150159     
   2.30340000000000        2.06618728439479     
   2.30400000000000        2.06309774529962     
   2.30460000000000        2.06001324511244     
   2.30520000000000        2.05693377474779     
   2.30580000000000        2.05385932513838     
   2.30640000000000        2.05078988723501     
   2.30700000000000        2.04772545200656     
   2.30760000000000        2.04466601043992     
   2.30820000000000        2.04161155353999     
   2.30880000000000        2.03856207232962     
   2.30940000000000        2.03551755784956     
   2.31000000000000        2.03247800115843     
   2.31060000000000        2.02944339333269     
   2.31120000000000        2.02641372546660     
   2.31180000000000        2.02338898867215     
   2.31240000000000        2.02036917407907     
   2.31300000000000        2.01735427283476     
   2.31360000000000        2.01434427610426     
   2.31420000000000        2.01133917507019     
   2.31480000000000        2.00833896093277     
   2.31540000000000        2.00534362490969     
   2.31600000000000        2.00235315823618     
   2.31660000000000        1.99936755216488     
   2.31720000000000        1.99638679796584     
   2.31780000000000        1.99341088692650     
   2.31840000000000        1.99043981035161     
   2.31900000000000        1.98747355956323     
   2.31960000000000        1.98451212590067     
   2.32020000000000        1.98155550072045     
   2.32080000000000        1.97860367539630     
   2.32140000000000        1.97565664131905     
   2.32200000000000        1.97271438989667     
   2.32260000000000        1.96977691255419     
   2.32320000000000        1.96684420073366     
   2.32380000000000        1.96391624589415     
   2.32440000000000        1.96099303951166     
   2.32500000000000        1.95807457307912     
   2.32560000000000        1.95516083810636     
   2.32620000000000        1.95225182612002     
   2.32680000000000        1.94934752866360     
   2.32740000000000        1.94644793729732     
   2.32800000000000        1.94355304359817     
   2.32860000000000        1.94066283915983     
   2.32920000000000        1.93777731559266     
   2.32980000000000        1.93489646452361     
   2.33040000000000        1.93202027759627     
   2.33100000000000        1.92914874647075     
   2.33160000000000        1.92628186282369     
   2.33220000000000        1.92341961834821     
   2.33280000000000        1.92056200475389     
   2.33340000000000        1.91770901376670     
   2.33400000000000        1.91486063712901     
   2.33460000000000        1.91201686659952     
   2.33520000000000        1.90917769395323     
   2.33580000000000        1.90634311098141     
   2.33640000000000        1.90351310949157     
   2.33700000000000        1.90068768130742     
   2.33760000000000        1.89786681826883     
   2.33820000000000        1.89505051223179     
   2.33880000000000        1.89223875506840     
   2.33940000000000        1.88943153866682     
   2.34000000000000        1.88662885493121     
   2.34060000000000        1.88383069578174     
   2.34120000000000        1.88103705315453     
   2.34180000000000        1.87824791900161     
   2.34240000000000        1.87546328529091     
   2.34300000000000        1.87268314400620     
   2.34360000000000        1.86990748714707     
   2.34420000000000        1.86713630672890     
   2.34480000000000        1.86436959478280     
   2.34540000000000        1.86160734335560     
   2.34600000000000        1.85884954450982     
   2.34660000000000        1.85609619032362     
   2.34720000000000        1.85334727289076     
   2.34780000000000        1.85060278432060     
   2.34840000000000        1.84786271673802     
   2.34900000000000        1.84512706228344     
   2.34960000000000        1.84239581311273     
   2.35020000000000        1.83966896139721     
   2.35080000000000        1.83694649932362     
   2.35140000000000        1.83422841909406     
   2.35200000000000        1.83151471292600     
   2.35260000000000        1.82880537305219     
   2.35320000000000        1.82610039172069     
   2.35380000000000        1.82339976119476     
   2.35440000000000        1.82070347375291     
   2.35500000000000        1.81801152168882     
   2.35560000000000        1.81532389731130     
   2.35620000000000        1.81264059294430     
   2.35680000000000        1.80996160092681     
   2.35740000000000        1.80728691361291     
   2.35800000000000        1.80461652337167     
   2.35860000000000        1.80195042258716     
   2.35920000000000        1.79928860365837     
   2.35980000000000        1.79663105899924     
   2.36040000000000        1.79397778103858     
   2.36100000000000        1.79132876222006     
   2.36160000000000        1.78868399500217     
   2.36220000000000        1.78604347185820     
   2.36280000000000        1.78340718527616     
   2.36340000000000        1.78077512775884     
   2.36400000000000        1.77814729182369     
   2.36460000000000        1.77552367000283     
   2.36520000000000        1.77290425484301     
   2.36580000000000        1.77028903890558     
   2.36640000000000        1.76767801476647     
   2.36700000000000        1.76507117501613     
   2.36760000000000        1.76246851225952     
   2.36820000000000        1.75987001911608     
   2.36880000000000        1.75727568821969     
   2.36940000000000        1.75468551221865     
   2.37000000000000        1.75209948377562     
   2.37060000000000        1.74951759556763     
   2.37120000000000        1.74693984028603     
   2.37180000000000        1.74436621063644     
   2.37240000000000        1.74179669933875     
   2.37300000000000        1.73923129912708     
   2.37360000000000        1.73667000274975     
   2.37420000000000        1.73411280296923     
   2.37480000000000        1.73155969256213     
   2.37540000000000        1.72901066431919     
   2.37600000000000        1.72646571104519     
   2.37660000000000        1.72392482555897     
   2.37720000000000        1.72138800069339     
   2.37780000000000        1.71885522929529     
   2.37840000000000        1.71632650422547     
   2.37900000000000        1.71380181835864     
   2.37960000000000        1.71128116458341     
   2.38020000000000        1.70876453580227     
   2.38080000000000        1.70625192493153     
   2.38140000000000        1.70374332490130     
   2.38200000000000        1.70123872865549     
   2.38260000000000        1.69873812915174     
   2.38320000000000        1.69624151936140     
   2.38380000000000        1.69374889226952     
   2.38440000000000        1.69126024087482     
   2.38500000000000        1.68877555818961     
   2.38560000000000        1.68629483723984     
   2.38620000000000        1.68381807106502     
   2.38680000000000        1.68134525271818     
   2.38740000000000        1.67887637526590     
   2.38800000000000        1.67641143178821     
   2.38860000000000        1.67395041537861     
   2.38920000000000        1.67149331914403     
   2.38980000000000        1.66904013620478     
   2.39040000000000        1.66659085969457     
   2.39100000000000        1.66414548276042     
   2.39160000000000        1.66170399856268     
   2.39220000000000        1.65926640027497     
   2.39280000000000        1.65683268108418     
   2.39340000000000        1.65440283419042     
   2.39400000000000        1.65197685280698     
   2.39460000000000        1.64955473016036     
   2.39520000000000        1.64713645949017     
   2.39580000000000        1.64472203404914     
   2.39640000000000        1.64231144710310     
   2.39700000000000        1.63990469193092     
   2.39760000000000        1.63750176182452     
   2.39820000000000        1.63510265008879     
   2.39880000000000        1.63270735004164     
   2.39940000000000        1.63031585501389     
   2.40000000000000        1.62792815834929     
   2.40060000000000        1.62554425340449     
   2.40120000000000        1.62316413354901     
   2.40180000000000        1.62078779216518     
   2.40240000000000        1.61841522264816     
   2.40300000000000        1.61604641840589     
   2.40360000000000        1.61368137285907     
   2.40420000000000        1.61132007944112     
   2.40480000000000        1.60896253159816     
   2.40540000000000        1.60660872278899     
   2.40600000000000        1.60425864648506     
   2.40660000000000        1.60191229617043     
   2.40720000000000        1.59956966534175     
   2.40780000000000        1.59723074750826     
   2.40840000000000        1.59489553619172     
   2.40900000000000        1.59256402492640     
   2.40960000000000        1.59023620725907     
   2.41020000000000        1.58791207674896     
   2.41080000000000        1.58559162696772     
   2.41140000000000        1.58327485149942     
   2.41200000000000        1.58096174394050     
   2.41260000000000        1.57865229789976     
   2.41320000000000        1.57634650699834     
   2.41380000000000        1.57404436486966     
   2.41440000000000        1.57174586515943     
   2.41500000000000        1.56945100152562     
   2.41560000000000        1.56715976763839     
   2.41620000000000        1.56487215718013     
   2.41680000000000        1.56258816384538     
   2.41740000000000        1.56030778134086     
   2.41800000000000        1.55803100338537     
   2.41860000000000        1.55575782370983     
   2.41920000000000        1.55348823605722     
   2.41980000000000        1.55122223418256     
   2.42040000000000        1.54895981185291     
   2.42100000000000        1.54670096284730     
   2.42160000000000        1.54444568095672     
   2.42220000000000        1.54219395998414     
   2.42280000000000        1.53994579374441     
   2.42340000000000        1.53770117606428     
   2.42400000000000        1.53546010078239     
   2.42460000000000        1.53322256174918     
   2.42520000000000        1.53098855282695     
   2.42580000000000        1.52875806788975     
   2.42640000000000        1.52653110082343     
   2.42700000000000        1.52430764552555     
   2.42760000000000        1.52208769590543     
   2.42820000000000        1.51987124588404     
   2.42880000000000        1.51765828939403     
   2.42940000000000        1.51544882037970     
   2.43000000000000        1.51324283279697     
   2.43060000000000        1.51104032061334     
   2.43120000000000        1.50884127780789     
   2.43180000000000        1.50664569837123     
   2.43240000000000        1.50445357630551     
   2.43300000000000        1.50226490562435     
   2.43360000000000        1.50007968035288     
   2.43420000000000        1.49789789452765     
   2.43480000000000        1.49571954219662     
   2.43540000000000        1.49354461741918     
   2.43600000000000        1.49137311426609     
   2.43660000000000        1.48920502681944     
   2.43720000000000        1.48704034917266     
   2.43780000000000        1.48487907543048     
   2.43840000000000        1.48272119970893     
   2.43900000000000        1.48056671613527     
   2.43960000000000        1.47841561884800     
   2.44020000000000        1.47626790199682     
   2.44080000000000        1.47412355974264     
   2.44140000000000        1.47198258625750     
   2.44200000000000        1.46984497572460     
   2.44260000000000        1.46771072233825     
   2.44320000000000        1.46557982030384     
   2.44380000000000        1.46345226383784     
   2.44440000000000        1.46132804716776     
   2.44500000000000        1.45920716453212     
   2.44560000000000        1.45708961018047     
   2.44620000000000        1.45497537837329     
   2.44680000000000        1.45286446338206     
   2.44740000000000        1.45075685948914     
   2.44800000000000        1.44865256098783     
   2.44860000000000        1.44655156218230     
   2.44920000000000        1.44445385738759     
   2.44980000000000        1.44235944092956     
   2.45040000000000        1.44026830714490     
   2.45100000000000        1.43818045038109     
   2.45160000000000        1.43609586499636     
   2.45220000000000        1.43401454535971     
   2.45280000000000        1.43193648585086     
   2.45340000000000        1.42986168086022     
   2.45400000000000        1.42779012478889     
   2.45460000000000        1.42572181204862     
   2.45520000000000        1.42365673706180     
   2.45580000000000        1.42159489426142     
   2.45640000000000        1.41953627809108     
   2.45700000000000        1.41748088300493     
   2.45760000000000        1.41542870346768     
   2.45820000000000        1.41337973395454     
   2.45880000000000        1.41133396895125     
   2.45940000000000        1.40929140295401     
   2.46000000000000        1.40725203046949     
   2.46060000000000        1.40521584601478     
   2.46120000000000        1.40318284411740     
   2.46180000000000        1.40115301931524     
   2.46240000000000        1.39912636615660     
   2.46300000000000        1.39710287920008     
   2.46360000000000        1.39508255301464     
   2.46420000000000        1.39306538217954     
   2.46480000000000        1.39105136128432     
   2.46540000000000        1.38904048492876     
   2.46600000000000        1.38703274772293     
   2.46660000000000        1.38502814428708     
   2.46720000000000        1.38302666925167     
   2.46780000000000        1.38102831725734     
   2.46840000000000        1.37903308295488     
   2.46900000000000        1.37704096100521     
   2.46960000000000        1.37505194607938     
   2.47020000000000        1.37306603285852     
   2.47080000000000        1.37108321603383     
   2.47140000000000        1.36910349030657     
   2.47200000000000        1.36712685038801     
   2.47260000000000        1.36515329099946     
   2.47320000000000        1.36318280687218     
   2.47380000000000        1.36121539274742     
   2.47440000000000        1.35925104337637     
   2.47500000000000        1.35728975352015     
   2.47560000000000        1.35533151794977     
   2.47620000000000        1.35337633144614     
   2.47680000000000        1.35142418880003     
   2.47740000000000        1.34947508481204     
   2.47800000000000        1.34752901429261     
   2.47860000000000        1.34558597206197     
   2.47920000000000        1.34364595295013     
   2.47980000000000        1.34170895179686     
   2.48040000000000        1.33977496345169     
   2.48100000000000        1.33784398277386     
   2.48160000000000        1.33591600463228     
   2.48220000000000        1.33399102390559     
   2.48280000000000        1.33206903548206     
   2.48340000000000        1.33015003425960     
   2.48400000000000        1.32823401514575     
   2.48460000000000        1.32632097305765     
   2.48520000000000        1.32441090292201     
   2.48580000000000        1.32250379967511     
   2.48640000000000        1.32059965826276     
   2.48700000000000        1.31869847364030     
   2.48760000000000        1.31680024077256     
   2.48820000000000        1.31490495463387     
   2.48880000000000        1.31301261020800     
   2.48940000000000        1.31112320248816     
   2.49000000000000        1.30923672647702     
   2.49060000000000        1.30735317718659     
   2.49120000000000        1.30547254963833     
   2.49180000000000        1.30359483886301     
   2.49240000000000        1.30172003990077     
   2.49300000000000        1.29984814780107     
   2.49360000000000        1.29797915762268     
   2.49420000000000        1.29611306443365     
   2.49480000000000        1.29424986331129     
   2.49540000000000        1.29238954934218     
   2.49600000000000        1.29053211762210     
   2.49660000000000        1.28867756325606     
   2.49720000000000        1.28682588135826     
   2.49780000000000        1.28497706705206     
   2.49840000000000        1.28313111546998     
   2.49900000000000        1.28128802175366     
   2.49960000000000        1.27944778105389     
   2.50020000000000        1.27761038853052     
   2.50080000000000        1.27577583935249     
   2.50140000000000        1.27394412869779     
   2.50200000000000        1.27211525175347     
   2.50260000000000        1.27028920371559     
   2.50320000000000        1.26846597978919     
   2.50380000000000        1.26664557518833     
   2.50440000000000        1.26482798513602     
   2.50500000000000        1.26301320486420     
   2.50560000000000        1.26120122961377     
   2.50620000000000        1.25939205463452     
   2.50680000000000        1.25758567518513     
   2.50740000000000        1.25578208653316     
   2.50800000000000        1.25398128395502     
   2.50860000000000        1.25218326273596     
   2.50920000000000        1.25038801817004     
   2.50980000000000        1.24859554556014     
   2.51040000000000        1.24680584021789     
   2.51100000000000        1.24501889746373     
   2.51160000000000        1.24323471262679     
   2.51220000000000        1.24145328104497     
   2.51280000000000        1.23967459806486     
   2.51340000000000        1.23789865904175     
   2.51400000000000        1.23612545933960     
   2.51460000000000        1.23435499433103     
   2.51520000000000        1.23258725939729     
   2.51580000000000        1.23082224992826     
   2.51640000000000        1.22905996132241     
   2.51700000000000        1.22730038898682     
   2.51760000000000        1.22554352833711     
   2.51820000000000        1.22378937479746     
   2.51880000000000        1.22203792380059     
   2.51940000000000        1.22028917078771     
   2.52000000000000        1.21854311120857     
   2.52060000000000        1.21679974052135     
   2.52120000000000        1.21505905419274     
   2.52180000000000        1.21332104769783     
   2.52240000000000        1.21158571652017     
   2.52300000000000        1.20985305615171     
   2.52360000000000        1.20812306209279     
   2.52420000000000        1.20639572985213     
   2.52480000000000        1.20467105494681     
   2.52540000000000        1.20294903290223     
   2.52600000000000        1.20122965925216     
   2.52660000000000        1.19951292953863     
   2.52720000000000        1.19779883931198     
   2.52780000000000        1.19608738413083     
   2.52840000000000        1.19437855956205     
   2.52900000000000        1.19267236118075     
   2.52960000000000        1.19096878457026     
   2.53020000000000        1.18926782532211     
   2.53080000000000        1.18756947903603     
   2.53140000000000        1.18587374131992     
   2.53200000000000        1.18418060778983     
   2.53260000000000        1.18249007406995     
   2.53320000000000        1.18080213579261     
   2.53380000000000        1.17911678859821     
   2.53440000000000        1.17743402813526     
   2.53500000000000        1.17575385006035     
   2.53560000000000        1.17407625003811     
   2.53620000000000        1.17240122374121     
   2.53680000000000        1.17072876685036     
   2.53740000000000        1.16905887505426     
   2.53800000000000        1.16739154404960     
   2.53860000000000        1.16572676954105     
   2.53920000000000        1.16406454724124     
   2.53980000000000        1.16240487287073     
   2.54040000000000        1.16074774215801     
   2.54100000000000        1.15909315083949     
   2.54160000000000        1.15744109465946     
   2.54220000000000        1.15579156937009     
   2.54280000000000        1.15414457073140     
   2.54340000000000        1.15250009451129     
   2.54400000000000        1.15085813648543     
   2.54460000000000        1.14921869243736     
   2.54520000000000        1.14758175815839     
   2.54580000000000        1.14594732944760     
   2.54640000000000        1.14431540211186     
   2.54700000000000        1.14268597196577     
   2.54760000000000        1.14105903483167     
   2.54820000000000        1.13943458653963     
   2.54880000000000        1.13781262292739     
   2.54940000000000        1.13619313984040     
   2.55000000000000        1.13457613313178     
   2.55060000000000        1.13296159866230     
   2.55120000000000        1.13134953230037     
   2.55180000000000        1.12973992992202     
   2.55240000000000        1.12813278741089     
   2.55300000000000        1.12652810065822     
   2.55360000000000        1.12492586556281     
   2.55420000000000        1.12332607803105     
   2.55480000000000        1.12172873397684     
   2.55540000000000        1.12013382932164     
   2.55600000000000        1.11854135999442     
   2.55660000000000        1.11695132193164     
   2.55720000000000        1.11536371107725     
   2.55780000000000        1.11377852338268     
   2.55840000000000        1.11219575480679     
   2.55900000000000        1.11061540131592     
   2.55960000000000        1.10903745888380     
   2.56020000000000        1.10746192349158     
   2.56080000000000        1.10588879112781     
   2.56140000000000        1.10431805778841     
   2.56200000000000        1.10274971947667     
   2.56260000000000        1.10118377220323     
   2.56320000000000        1.09962021198607     
   2.56380000000000        1.09805903485047     
   2.56440000000000        1.09650023682904     
   2.56500000000000        1.09494381396167     
   2.56560000000000        1.09338976229552     
   2.56620000000000        1.09183807788502     
   2.56680000000000        1.09028875679184     
   2.56740000000000        1.08874179508487     
   2.56800000000000        1.08719718884025     
   2.56860000000000        1.08565493414129     
   2.56920000000000        1.08411502707850     
   2.56980000000000        1.08257746374957     
   2.57040000000000        1.08104224025933     
   2.57100000000000        1.07950935271976     
   2.57160000000000        1.07797879724999     
   2.57220000000000        1.07645056997625     
   2.57280000000000        1.07492466703185     
   2.57340000000000        1.07340108455722     
   2.57400000000000        1.07187981869985     
   2.57460000000000        1.07036086561428     
   2.57520000000000        1.06884422146211     
   2.57580000000000        1.06732988241194     
   2.57640000000000        1.06581784463942     
   2.57700000000000        1.06430810432718     
   2.57760000000000        1.06280065766484     
   2.57820000000000        1.06129550084900     
   2.57880000000000        1.05979263008321     
   2.57940000000000        1.05829204157796     
   2.58000000000000        1.05679373155069     
   2.58060000000000        1.05529769622574     
   2.58120000000000        1.05380393183436     
   2.58180000000000        1.05231243461468     
   2.58240000000000        1.05082320081172     
   2.58300000000000        1.04933622667734     
   2.58360000000000        1.04785150847027     
   2.58420000000000        1.04636904245605     
   2.58480000000000        1.04488882490707     
   2.58540000000000        1.04341085210249     
   2.58600000000000        1.04193512032830     
   2.58660000000000        1.04046162587723     
   2.58720000000000        1.03899036504880     
   2.58780000000000        1.03752133414927     
   2.58840000000000        1.03605452949165     
   2.58900000000000        1.03458994739567     
   2.58960000000000        1.03312758418776     
   2.59020000000000        1.03166743620105     
   2.59080000000000        1.03020949977537     
   2.59140000000000        1.02875377125719     
   2.59200000000000        1.02730024699967     
   2.59260000000000        1.02584892336260     
   2.59320000000000        1.02439979671238     
   2.59380000000000        1.02295286342206     
   2.59440000000000        1.02150811987128     
   2.59500000000000        1.02006556244626     
   2.59560000000000        1.01862518753980     
   2.59620000000000        1.01718699155128     
   2.59680000000000        1.01575097088662     
   2.59740000000000        1.01431712195828     
   2.59800000000000        1.01288544118523     
   2.59860000000000        1.01145592499296     
   2.59920000000000        1.01002856981348     
   2.59980000000000        1.00860337208525     
   2.60040000000000        1.00718032825322     
   2.60100000000000        1.00575943476880     
   2.60160000000000        1.00434068808985     
   2.60220000000000        1.00292408468064     
   2.60280000000000        1.00150962101190     
   2.60340000000000        1.00009729356072     
   2.60400000000000       0.998687098810631     
   2.60460000000000       0.997279033251512     
   2.60520000000000       0.995873093379627     
   2.60580000000000       0.994469275697593     
   2.60640000000000       0.993067576714371     
   2.60700000000000       0.991667992945253     
   2.60760000000000       0.990270520911848     
   2.60820000000000       0.988875157142072     
   2.60880000000000       0.987481898170135     
   2.60940000000000       0.986090740536525     
   2.61000000000000       0.984701680788000     
   2.61060000000000       0.983314715477574     
   2.61120000000000       0.981929841164499     
   2.61180000000000       0.980547054414266     
   2.61240000000000       0.979166351798576     
   2.61300000000000       0.977787729895341     
   2.61360000000000       0.976411185288663     
   2.61420000000000       0.975036714568824     
   2.61480000000000       0.973664314332280     
   2.61540000000000       0.972293981181637     
   2.61600000000000       0.970925711725649     
   2.61660000000000       0.969559502579199     
   2.61720000000000       0.968195350363292     
   2.61780000000000       0.966833251705038     
   2.61840000000000       0.965473203237644     
   2.61900000000000       0.964115201600398     
   2.61960000000000       0.962759243438660     
   2.62020000000000       0.961405325403849     
   2.62080000000000       0.960053444153428     
   2.62140000000000       0.958703596350900     
   2.62200000000000       0.957355778665785     
   2.62260000000000       0.956009987773616     
   2.62320000000000       0.954666220355927     
   2.62380000000000       0.953324473100233     
   2.62440000000000       0.951984742700027     
   2.62500000000000       0.950647025854766     
   2.62560000000000       0.949311319269856     
   2.62620000000000       0.947977619656644     
   2.62680000000000       0.946645923732403     
   2.62740000000000       0.945316228220322     
   2.62800000000000       0.943988529849493     
   2.62860000000000       0.942662825354902     
   2.62920000000000       0.941339111477414     
   2.62980000000000       0.940017384963762     
   2.63040000000000       0.938697642566538     
   2.63100000000000       0.937379881044179     
   2.63160000000000       0.936064097160955     
   2.63220000000000       0.934750287686957     
   2.63280000000000       0.933438449398091     
   2.63340000000000       0.932128579076057     
   2.63400000000000       0.930820673508347     
   2.63460000000000       0.929514729488226     
   2.63520000000000       0.928210743814724     
   2.63580000000000       0.926908713292627     
   2.63640000000000       0.925608634732460     
   2.63700000000000       0.924310504950481     
   2.63760000000000       0.923014320768664     
   2.63820000000000       0.921720079014693     
   2.63880000000000       0.920427776521948     
   2.63940000000000       0.919137410129494     
   2.64000000000000       0.917848976682072     
   2.64060000000000       0.916562473030082     
   2.64120000000000       0.915277896029578     
   2.64180000000000       0.913995242542254     
   2.64240000000000       0.912714509435433     
   2.64300000000000       0.911435693582055     
   2.64360000000000       0.910158791860669     
   2.64420000000000       0.908883801155418     
   2.64480000000000       0.907610718356032     
   2.64540000000000       0.906339540357811     
   2.64600000000000       0.905070264061621     
   2.64660000000000       0.903802886373878     
   2.64720000000000       0.902537404206540     
   2.64780000000000       0.901273814477093     
   2.64840000000000       0.900012114108545     
   2.64900000000000       0.898752300029408     
   2.64960000000000       0.897494369173694     
   2.65020000000000       0.896238318480901     
   2.65080000000000       0.894984144896001     
   2.65140000000000       0.893731845369431     
   2.65200000000000       0.892481416857083     
   2.65260000000000       0.891232856320291     
   2.65320000000000       0.889986160725821     
   2.65380000000000       0.888741327045862     
   2.65440000000000       0.887498352258013     
   2.65500000000000       0.886257233345273     
   2.65560000000000       0.885017967296033     
   2.65620000000000       0.883780551104058     
   2.65680000000000       0.882544981768486     
   2.65740000000000       0.881311256293811     
   2.65800000000000       0.880079371689876     
   2.65860000000000       0.878849324971857     
   2.65920000000000       0.877621113160260     
   2.65980000000000       0.876394733280906     
   2.66040000000000       0.875170182364920     
   2.66100000000000       0.873947457448722     
   2.66160000000000       0.872726555574018     
   2.66220000000000       0.871507473787786     
   2.66280000000000       0.870290209142271     
   2.66340000000000       0.869074758694966     
   2.66400000000000       0.867861119508612     
   2.66460000000000       0.866649288651181     
   2.66520000000000       0.865439263195866     
   2.66580000000000       0.864231040221075     
   2.66640000000000       0.863024616810415     
   2.66700000000000       0.861819990052687     
   2.66760000000000       0.860617157041871     
   2.66820000000000       0.859416114877121     
   2.66880000000000       0.858216860662752     
   2.66940000000000       0.857019391508228     
   2.67000000000000       0.855823704528155     
   2.67060000000000       0.854629796842271     
   2.67120000000000       0.853437665575433     
   2.67180000000000       0.852247307857610     
   2.67240000000000       0.851058720823872     
   2.67300000000000       0.849871901614377     
   2.67360000000000       0.848686847374368     
   2.67420000000000       0.847503555254156     
   2.67480000000000       0.846322022409113     
   2.67540000000000       0.845142245999664     
   2.67600000000000       0.843964223191272     
   2.67660000000000       0.842787951154434     
   2.67720000000000       0.841613427064666     
   2.67780000000000       0.840440648102496     
   2.67840000000000       0.839269611453457     
   2.67900000000000       0.838100314308071     
   2.67960000000000       0.836932753861840     
   2.68020000000000       0.835766927315244     
   2.68080000000000       0.834602831873721     
   2.68140000000000       0.833440464747663     
   2.68200000000000       0.832279823152408     
   2.68260000000000       0.831120904308224     
   2.68320000000000       0.829963705440305     
   2.68380000000000       0.828808223778759     
   2.68440000000000       0.827654456558599     
   2.68500000000000       0.826502401019733     
   2.68560000000000       0.825352054406955     
   2.68620000000000       0.824203413969933     
   2.68680000000000       0.823056476963206     
   2.68740000000000       0.821911240646167     
   2.68800000000000       0.820767702283055     
   2.68860000000000       0.819625859142951     
   2.68920000000000       0.818485708499763     
   2.68980000000000       0.817347247632218     
   2.69040000000000       0.816210473823853     
   2.69100000000000       0.815075384363006     
   2.69160000000000       0.813941976542806     
   2.69220000000000       0.812810247661163     
   2.69280000000000       0.811680195020761     
   2.69340000000000       0.810551815929048     
   2.69400000000000       0.809425107698222     
   2.69460000000000       0.808300067645230     
   2.69520000000000       0.807176693091751     
   2.69580000000000       0.806054981364193     
   2.69640000000000       0.804934929793680     
   2.69700000000000       0.803816535716044     
   2.69760000000000       0.802699796471816     
   2.69820000000000       0.801584709406214     
   2.69880000000000       0.800471271869140     
   2.69940000000000       0.799359481215166     
   2.70000000000000       0.798249334803526     
   2.70060000000000       0.797140829998106     
   2.70120000000000       0.796033964167440     
   2.70180000000000       0.794928734684693     
   2.70240000000000       0.793825138927658     
   2.70300000000000       0.792723174278746     
   2.70360000000000       0.791622838124973     
   2.70420000000000       0.790524127857958     
   2.70480000000000       0.789427040873909     
   2.70540000000000       0.788331574573613     
   2.70600000000000       0.787237726362434     
   2.70660000000000       0.786145493650296     
   2.70720000000000       0.785054873851678     
   2.70780000000000       0.783965864385608     
   2.70840000000000       0.782878462675648     
   2.70900000000000       0.781792666149890     
   2.70960000000000       0.780708472240943     
   2.71020000000000       0.779625878385932     
   2.71080000000000       0.778544882026478     
   2.71140000000000       0.777465480608700     
   2.71200000000000       0.776387671583199     
   2.71260000000000       0.775311452405053     
   2.71320000000000       0.774236820533807     
   2.71380000000000       0.773163773433465     
   2.71440000000000       0.772092308572481     
   2.71500000000000       0.771022423423749     
   2.71560000000000       0.769954115464598     
   2.71620000000000       0.768887382176780     
   2.71680000000000       0.767822221046463     
   2.71740000000000       0.766758629564222     
   2.71800000000000       0.765696605225030     
   2.71860000000000       0.764636145528251     
   2.71920000000000       0.763577247977631     
   2.71980000000000       0.762519910081288     
   2.72040000000000       0.761464129351705     
   2.72100000000000       0.760409903305723     
   2.72160000000000       0.759357229464528     
   2.72220000000000       0.758306105353647     
   2.72280000000000       0.757256528502938     
   2.72340000000000       0.756208496446582     
   2.72400000000000       0.755162006723075     
   2.72460000000000       0.754117056875217     
   2.72520000000000       0.753073644450108     
   2.72580000000000       0.752031766999136     
   2.72640000000000       0.750991422077970     
   2.72700000000000       0.749952607246554     
   2.72760000000000       0.748915320069094     
   2.72820000000000       0.747879558114056     
   2.72880000000000       0.746845318954150     
   2.72940000000000       0.745812600166328     
   2.73000000000000       0.744781399331778     
   2.73060000000000       0.743751714035904     
   2.73120000000000       0.742723541868331     
   2.73180000000000       0.741696880422891     
   2.73240000000000       0.740671727297614     
   2.73300000000000       0.739648080094722     
   2.73360000000000       0.738625936420621     
   2.73420000000000       0.737605293885891     
   2.73480000000000       0.736586150105281     
   2.73540000000000       0.735568502697696     
   2.73600000000000       0.734552349286197     
   2.73660000000000       0.733537687497983     
   2.73720000000000       0.732524514964392     
   2.73780000000000       0.731512829320889     
   2.73840000000000       0.730502628207056     
   2.73900000000000       0.729493909266589     
   2.73960000000000       0.728486670147287     
   2.74020000000000       0.727480908501044     
   2.74080000000000       0.726476621983841     
   2.74140000000000       0.725473808255741     
   2.74200000000000       0.724472464980880     
   2.74260000000000       0.723472589827454     
   2.74320000000000       0.722474180467720     
   2.74380000000000       0.721477234577981     
   2.74440000000000       0.720481749838584     
   2.74500000000000       0.719487723933905     
   2.74560000000000       0.718495154552349     
   2.74620000000000       0.717504039386338     
   2.74680000000000       0.716514376132304     
   2.74740000000000       0.715526162490680     
   2.74800000000000       0.714539396165897     
   2.74860000000000       0.713554074866369     
   2.74920000000000       0.712570196304493     
   2.74980000000000       0.711587758196637     
   2.75040000000000       0.710606758263132     
   2.75100000000000       0.709627194228267     
   2.75160000000000       0.708649063820278     
   2.75220000000000       0.707672364771346     
   2.75280000000000       0.706697094817584     
   2.75340000000000       0.705723251699031     
   2.75400000000000       0.704750833159645     
   2.75460000000000       0.703779836947298     
   2.75520000000000       0.702810260813762     
   2.75580000000000       0.701842102514710     
   2.75640000000000       0.700875359809700     
   2.75700000000000       0.699910030462174     
   2.75760000000000       0.698946112239448     
   2.75820000000000       0.697983602912704     
   2.75880000000000       0.697022500256986     
   2.75940000000000       0.696062802051186     
   2.76000000000000       0.695104506078044     
   2.76060000000000       0.694147610124137     
   2.76120000000000       0.693192111979870     
   2.76180000000000       0.692238009439474     
   2.76240000000000       0.691285300300993     
   2.76300000000000       0.690333982366281     
   2.76360000000000       0.689384053440990     
   2.76420000000000       0.688435511334569     
   2.76480000000000       0.687488353860254     
   2.76540000000000       0.686542578835056     
   2.76600000000000       0.685598184079762     
   2.76660000000000       0.684655167418923     
   2.76720000000000       0.683713526680845     
   2.76780000000000       0.682773259697590     
   2.76840000000000       0.681834364304960     
   2.76900000000000       0.680896838342491     
   2.76960000000000       0.679960679653454     
   2.77020000000000       0.679025886084838     
   2.77080000000000       0.678092455487347     
   2.77140000000000       0.677160385715395     
   2.77200000000000       0.676229674627096     
   2.77260000000000       0.675300320084258     
   2.77320000000000       0.674372319952374     
   2.77380000000000       0.673445672100621     
   2.77440000000000       0.672520374401844     
   2.77500000000000       0.671596424732558     
   2.77560000000000       0.670673820972934     
   2.77620000000000       0.669752561006797     
   2.77680000000000       0.668832642721615     
   2.77740000000000       0.667914064008497     
   2.77800000000000       0.666996822762181     
   2.77860000000000       0.666080916881030     
   2.77920000000000       0.665166344267023     
   2.77980000000000       0.664253102825752     
   2.78040000000000       0.663341190466412     
   2.78100000000000       0.662430605101793     
   2.78160000000000       0.661521344648278     
   2.78220000000000       0.660613407025831     
   2.78280000000000       0.659706790157995     
   2.78340000000000       0.658801491971878     
   2.78400000000000       0.657897510398157     
   2.78460000000000       0.656994843371060     
   2.78520000000000       0.656093488828368     
   2.78580000000000       0.655193444711403     
   2.78640000000000       0.654294708965023     
   2.78700000000000       0.653397279537617     
   2.78760000000000       0.652501154381094     
   2.78820000000000       0.651606331450882     
   2.78880000000000       0.650712808705915     
   2.78940000000000       0.649820584108634     
   2.79000000000000       0.648929655624971     
   2.79060000000000       0.648040021224351     
   2.79120000000000       0.647151678879681     
   2.79180000000000       0.646264626567345     
   2.79240000000000       0.645378862267194     
   2.79300000000000       0.644494383962546     
   2.79360000000000       0.643611189640174     
   2.79420000000000       0.642729277290299     
   2.79480000000000       0.641848644906588     
   2.79540000000000       0.640969290486146     
   2.79600000000000       0.640091212029505     
   2.79660000000000       0.639214407540624     
   2.79720000000000       0.638338875026880     
   2.79780000000000       0.637464612499059     
   2.79840000000000       0.636591617971354     
   2.79900000000000       0.635719889461353     
   2.79960000000000       0.634849424990041     
   2.80020000000000       0.633980222581783     
   2.80080000000000       0.633112280264329     
   2.80140000000000       0.632245596068796     
   2.80200000000000       0.631380168029672     
   2.80260000000000       0.630515994184802     
   2.80320000000000       0.629653072575387     
   2.80380000000000       0.628791401245974     
   2.80440000000000       0.627930978244453     
   2.80500000000000       0.627071801622046     
   2.80560000000000       0.626213869433305     
   2.80620000000000       0.625357179736106     
   2.80680000000000       0.624501730591639     
   2.80740000000000       0.623647520064405     
   2.80800000000000       0.622794546222207     
   2.80860000000000       0.621942807136147     
   2.80920000000000       0.621092300880617     
   2.80980000000000       0.620243025533296     
   2.81040000000000       0.619394979175140     
   2.81100000000000       0.618548159890379     
   2.81160000000000       0.617702565766507     
   2.81220000000000       0.616858194894282     
   2.81280000000000       0.616015045367714     
   2.81340000000000       0.615173115284061     
   2.81400000000000       0.614332402743824     
   2.81460000000000       0.613492905850741     
   2.81520000000000       0.612654622711777     
   2.81580000000000       0.611817551437123     
   2.81640000000000       0.610981690140188     
   2.81700000000000       0.610147036937592     
   2.81760000000000       0.609313589949160     
   2.81820000000000       0.608481347297918     
   2.81880000000000       0.607650307110086     
   2.81940000000000       0.606820467515070     
   2.82000000000000       0.605991826645459     
   2.82060000000000       0.605164382637019     
   2.82120000000000       0.604338133628683     
   2.82180000000000       0.603513077762551     
   2.82240000000000       0.602689213183879     
   2.82300000000000       0.601866538041075     
   2.82360000000000       0.601045050485695     
   2.82420000000000       0.600224748672433     
   2.82480000000000       0.599405630759119     
   2.82540000000000       0.598587694906711     
   2.82600000000000       0.597770939279291     
   2.82660000000000       0.596955362044056     
   2.82720000000000       0.596140961371314     
   2.82780000000000       0.595327735434481     
   2.82840000000000       0.594515682410068     
   2.82900000000000       0.593704800477685     
   2.82960000000000       0.592895087820025     
   2.83020000000000       0.592086542622867     
   2.83080000000000       0.591279163075062     
   2.83140000000000       0.590472947368536     
   2.83200000000000       0.589667893698277     
   2.83260000000000       0.588864000262333     
   2.83320000000000       0.588061265261807     
   2.83380000000000       0.587259686900846     
   2.83440000000000       0.586459263386643     
   2.83500000000000       0.585659992929425     
   2.83560000000000       0.584861873742450     
   2.83620000000000       0.584064904042003     
   2.83680000000000       0.583269082047385     
   2.83740000000000       0.582474405980914     
   2.83800000000000       0.581680874067914     
   2.83860000000000       0.580888484536713     
   2.83920000000000       0.580097235618634     
   2.83980000000000       0.579307125547995     
   2.84040000000000       0.578518152562096     
   2.84100000000000       0.577730314901220     
   2.84160000000000       0.576943610808622     
   2.84220000000000       0.576158038530530     
   2.84280000000000       0.575373596316131     
   2.84340000000000       0.574590282417574     
   2.84400000000000       0.573808095089960     
   2.84460000000000       0.573027032591334     
   2.84520000000000       0.572247093182687     
   2.84580000000000       0.571468275127944     
   2.84640000000000       0.570690576693960     
   2.84700000000000       0.569913996150517     
   2.84760000000000       0.569138531770317     
   2.84820000000000       0.568364181828974     
   2.84880000000000       0.567590944605013     
   2.84940000000000       0.566818818379862     
   2.85000000000000       0.566047801437849     
   2.85060000000000       0.565277892066191     
   2.85120000000000       0.564509088554996     
   2.85180000000000       0.563741389197254     
   2.85240000000000       0.562974792288828     
   2.85300000000000       0.562209296128457     
   2.85360000000000       0.561444899017744     
   2.85420000000000       0.560681599261153     
   2.85480000000000       0.559919395166003     
   2.85540000000000       0.559158285042463     
   2.85600000000000       0.558398267203550     
   2.85660000000000       0.557639339965115     
   2.85720000000000       0.556881501645849     
   2.85780000000000       0.556124750567269     
   2.85840000000000       0.555369085053717     
   2.85900000000000       0.554614503432353     
   2.85960000000000       0.553861004033150     
   2.86020000000000       0.553108585188891     
   2.86080000000000       0.552357245235160     
   2.86140000000000       0.551606982510341     
   2.86200000000000       0.550857795355609     
   2.86260000000000       0.550109682114927     
   2.86320000000000       0.549362641135041     
   2.86380000000000       0.548616670765472     
   2.86440000000000       0.547871769358516     
   2.86500000000000       0.547127935269234     
   2.86560000000000       0.546385166855450     
   2.86620000000000       0.545643462477745     
   2.86680000000000       0.544902820499448     
   2.86740000000000       0.544163239286640     
   2.86800000000000       0.543424717208140     
   2.86860000000000       0.542687252635504     
   2.86920000000000       0.541950843943020     
   2.86980000000000       0.541215489507702     
   2.87040000000000       0.540481187709286     
   2.87100000000000       0.539747936930222     
   2.87160000000000       0.539015735555674     
   2.87220000000000       0.538284581973510     
   2.87280000000000       0.537554474574302     
   2.87340000000000       0.536825411751316     
   2.87400000000000       0.536097391900509     
   2.87460000000000       0.535370413420527     
   2.87520000000000       0.534644474712695     
   2.87580000000000       0.533919574181015     
   2.87640000000000       0.533195710232161     
   2.87700000000000       0.532472881275474     
   2.87760000000000       0.531751085722956     
   2.87820000000000       0.531030321989266     
   2.87880000000000       0.530310588491714     
   2.87940000000000       0.529591883650259     
   2.88000000000000       0.528874205887500     
   2.88060000000000       0.528157553628676     
   2.88120000000000       0.527441925301655     
   2.88180000000000       0.526727319336937     
   2.88240000000000       0.526013734167640     
   2.88300000000000       0.525301168229503     
   2.88360000000000       0.524589619960877     
   2.88420000000000       0.523879087802724     
   2.88480000000000       0.523169570198604     
   2.88540000000000       0.522461065594682     
   2.88600000000000       0.521753572439712     
   2.88660000000000       0.521047089185040     
   2.88720000000000       0.520341614284597     
   2.88780000000000       0.519637146194891     
   2.88840000000000       0.518933683375008     
   2.88900000000000       0.518231224286602     
   2.88960000000000       0.517529767393894     
   2.89020000000000       0.516829311163665     
   2.89080000000000       0.516129854065252     
   2.89140000000000       0.515431394570545     
   2.89200000000000       0.514733931153978     
   2.89260000000000       0.514037462292531     
   2.89320000000000       0.513341986465718     
   2.89380000000000       0.512647502155587     
   2.89440000000000       0.511954007846716     
   2.89500000000000       0.511261502026203     
   2.89560000000000       0.510569983183668     
   2.89620000000000       0.509879449811244     
   2.89680000000000       0.509189900403573     
   2.89740000000000       0.508501333457804     
   2.89800000000000       0.507813747473585     
   2.89860000000000       0.507127140953061     
   2.89920000000000       0.506441512400868     
   2.89980000000000       0.505756860324128     
   2.90040000000000       0.505073183232446     
   2.90100000000000       0.504390479637905     
   2.90160000000000       0.503708748055061     
   2.90220000000000       0.503027987000938     
   2.90280000000000       0.502348194995026     
   2.90340000000000       0.501669370559273     
   2.90400000000000       0.500991512218082     
   2.90460000000000       0.500314618498309     
   2.90520000000000       0.499638687929253     
   2.90580000000000       0.498963719042658     
   2.90640000000000       0.498289710372702     
   2.90700000000000       0.497616660456000     
   2.90760000000000       0.496944567831591     
   2.90820000000000       0.496273431040940     
   2.90880000000000       0.495603248627933     
   2.90940000000000       0.494934019138869     
   2.91000000000000       0.494265741122458     
   2.91060000000000       0.493598413129818     
   2.91120000000000       0.492932033714467     
   2.91180000000000       0.492266601432321     
   2.91240000000000       0.491602114841690     
   2.91300000000000       0.490938572503273     
   2.91360000000000       0.490275972980153     
   2.91420000000000       0.489614314837791     
   2.91480000000000       0.488953596644030     
   2.91540000000000       0.488293816969077     
   2.91600000000000       0.487634974385512     
   2.91660000000000       0.486977067468274     
   2.91720000000000       0.486320094794663     
   2.91780000000000       0.485664054944333     
   2.91840000000000       0.485008946499286     
   2.91900000000000       0.484354768043873     
   2.91960000000000       0.483701518164783     
   2.92020000000000       0.483049195451044     
   2.92080000000000       0.482397798494019     
   2.92140000000000       0.481747325887395     
   2.92200000000000       0.481097776227188     
   2.92260000000000       0.480449148111731     
   2.92320000000000       0.479801440141676     
   2.92380000000000       0.479154650919983     
   2.92440000000000       0.478508779051924     
   2.92500000000000       0.477863823145072     
   2.92560000000000       0.477219781809299     
   2.92620000000000       0.476576653656774     
   2.92680000000000       0.475934437301954     
   2.92740000000000       0.475293131361587     
   2.92800000000000       0.474652734454699     
   2.92860000000000       0.474013245202598     
   2.92920000000000       0.473374662228864     
   2.92980000000000       0.472736984159349     
   2.93040000000000       0.472100209622171     
   2.93100000000000       0.471464337247709     
   2.93160000000000       0.470829365668600     
   2.93220000000000       0.470195293519737     
   2.93280000000000       0.469562119438259     
   2.93340000000000       0.468929842063553     
   2.93400000000000       0.468298460037248     
   2.93460000000000       0.467667972003211     
   2.93520000000000       0.467038376607540     
   2.93580000000000       0.466409672498563     
   2.93640000000000       0.465781858326837     
   2.93700000000000       0.465154932745136     
   2.93760000000000       0.464528894408453     
   2.93820000000000       0.463903741973996     
   2.93880000000000       0.463279474101180     
   2.93940000000000       0.462656089451626     
   2.94000000000000       0.462033586689157     
   2.94060000000000       0.461411964479793     
   2.94120000000000       0.460791221491749     
   2.94180000000000       0.460171356395426     
   2.94240000000000       0.459552367863415     
   2.94300000000000       0.458934254570484     
   2.94360000000000       0.458317015193582     
   2.94420000000000       0.457700648411831     
   2.94480000000000       0.457085152906522     
   2.94540000000000       0.456470527361112     
   2.94600000000000       0.455856770461221     
   2.94660000000000       0.455243880894626     
   2.94720000000000       0.454631857351258     
   2.94780000000000       0.454020698523201     
   2.94840000000000       0.453410403104681     
   2.94900000000000       0.452800969792070     
   2.94960000000000       0.452192397283878     
   2.95020000000000       0.451584684280748     
   2.95080000000000       0.450977829485457     
   2.95140000000000       0.450371831602907     
   2.95200000000000       0.449766689340124     
   2.95260000000000       0.449162401406253     
   2.95320000000000       0.448558966512556     
   2.95380000000000       0.447956383372405     
   2.95440000000000       0.447354650701282     
   2.95500000000000       0.446753767216771     
   2.95560000000000       0.446153731638560     
   2.95620000000000       0.445554542688431     
   2.95680000000000       0.444956199090258     
   2.95740000000000       0.444358699570008     
   2.95800000000000       0.443762042855730     
   2.95860000000000       0.443166227677556     
   2.95920000000000       0.442571252767696     
   2.95980000000000       0.441977116860435     
   2.96040000000000       0.441383818692126     
   2.96100000000000       0.440791357001191     
   2.96160000000000       0.440199730528115     
   2.96220000000000       0.439608938015441     
   2.96280000000000       0.439018978207770     
   2.96340000000000       0.438429849851751     
   2.96400000000000       0.437841551696085     
   2.96460000000000       0.437254082491517     
   2.96520000000000       0.436667440990831     
   2.96580000000000       0.436081625948850     
   2.96640000000000       0.435496636122431     
   2.96700000000000       0.434912470270459     
   2.96760000000000       0.434329127153847     
   2.96820000000000       0.433746605535531     
   2.96880000000000       0.433164904180464     
   2.96940000000000       0.432584021855617     
   2.97000000000000       0.432003957329971     
   2.97060000000000       0.431424709374515     
   2.97120000000000       0.430846276762246     
   2.97180000000000       0.430268658268158     
   2.97240000000000       0.429691852669245     
   2.97300000000000       0.429115858744494     
   2.97360000000000       0.428540675274882     
   2.97420000000000       0.427966301043373     
   2.97480000000000       0.427392734834916     
   2.97540000000000       0.426819975436437     
   2.97600000000000       0.426248021636839     
   2.97660000000000       0.425676872226999     
   2.97720000000000       0.425106525999761     
   2.97780000000000       0.424536981749937     
   2.97840000000000       0.423968238274298     
   2.97900000000000       0.423400294371578     
   2.97960000000000       0.422833148842460     
   2.98020000000000       0.422266800489584     
   2.98080000000000       0.421701248117535     
   2.98140000000000       0.421136490532844     
   2.98200000000000       0.420572526543983     
   2.98260000000000       0.420009354961361     
   2.98320000000000       0.419446974597322     
   2.98380000000000       0.418885384266140     
   2.98440000000000       0.418324582784016     
   2.98500000000000       0.417764568969077     
   2.98560000000000       0.417205341641368     
   2.98620000000000       0.416646899622852     
   2.98680000000000       0.416089241737406     
   2.98740000000000       0.415532366810817     
   2.98800000000000       0.414976273670779     
   2.98860000000000       0.414420961146888     
   2.98920000000000       0.413866428070642     
   2.98980000000000       0.413312673275434     
   2.99040000000000       0.412759695596552     
   2.99100000000000       0.412207493871171     
   2.99160000000000       0.411656066938355     
   2.99220000000000       0.411105413639052     
   2.99280000000000       0.410555532816087     
   2.99340000000000       0.410006423314162     
   2.99400000000000       0.409458083979855     
   2.99460000000000       0.408910513661609     
   2.99520000000000       0.408363711209739     
   2.99580000000000       0.407817675476419     
   2.99640000000000       0.407272405315683     
   2.99700000000000       0.406727899583425     
   2.99760000000000       0.406184157137388     
   2.99820000000000       0.405641176837168     
   2.99880000000000       0.405098957544206     
   2.99940000000000       0.404557498121787     
   3.00000000000000       0.404016797435036     
   3.00060000000000       0.403476854350915     
   3.00120000000000       0.402937667738220     
   3.00180000000000       0.402399236467575     
   3.00240000000000       0.401861559411435     
   3.00300000000000       0.401324635444076     
   3.00360000000000       0.400788463441594     
   3.00420000000000       0.400253042281905     
   3.00480000000000       0.399718370844738     
   3.00540000000000       0.399184448011632     
   3.00600000000000       0.398651272665935     
   3.00660000000000       0.398118843692798     
   3.00720000000000       0.397587159979176     
   3.00780000000000       0.397056220413819     
   3.00840000000000       0.396526023887275     
   3.00900000000000       0.395996569291880     
   3.00960000000000       0.395467855521763     
   3.01020000000000       0.394939881472835     
   3.01080000000000       0.394412646042791     
   3.01140000000000       0.393886148131105     
   3.01200000000000       0.393360386639026     
   3.01260000000000       0.392835360469576     
   3.01320000000000       0.392311068527547     
   3.01380000000000       0.391787509719499     
   3.01440000000000       0.391264682953754     
   3.01500000000000       0.390742587140393     
   3.01560000000000       0.390221221191258     
   3.01620000000000       0.389700584019940     
   3.01680000000000       0.389180674541786     
   3.01740000000000       0.388661491673888     
   3.01800000000000       0.388143034335084     
   3.01860000000000       0.387625301445952     
   3.01920000000000       0.387108291928812     
   3.01980000000000       0.386592004707715     
   3.02040000000000       0.386076438708449     
   3.02100000000000       0.385561592858530     
   3.02160000000000       0.385047466087198     
   3.02220000000000       0.384534057325421     
   3.02280000000000       0.384021365505882     
   3.02340000000000       0.383509389562986     
   3.02400000000000       0.382998128432850     
   3.02460000000000       0.382487581053303     
   3.02520000000000       0.381977746363881     
   3.02580000000000       0.381468623305826     
   3.02640000000000       0.380960210822084     
   3.02700000000000       0.380452507857297     
   3.02760000000000       0.379945513357805     
   3.02820000000000       0.379439226271641     
   3.02880000000000       0.378933645548530     
   3.02940000000000       0.378428770139881     
   3.03000000000000       0.377924598998789     
   3.03060000000000       0.377421131080031     
   3.03120000000000       0.376918365340062     
   3.03180000000000       0.376416300737012     
   3.03240000000000       0.375914936230683     
   3.03300000000000       0.375414270782548     
   3.03360000000000       0.374914303355746     
   3.03420000000000       0.374415032915079     
   3.03480000000000       0.373916458427011     
   3.03540000000000       0.373418578859663     
   3.03600000000000       0.372921393182811     
   3.03660000000000       0.372424900367884     
   3.03720000000000       0.371929099387958     
   3.03780000000000       0.371433989217758     
   3.03840000000000       0.370939568833651     
   3.03900000000000       0.370445837213644     
   3.03960000000000       0.369952793337381     
   3.04020000000000       0.369460436186144     
   3.04080000000000       0.368968764742842     
   3.04140000000000       0.368477777992018     
   3.04200000000000       0.367987474919837     
   3.04260000000000       0.367497854514089     
   3.04320000000000       0.367008915764186     
   3.04380000000000       0.366520657661155     
   3.04440000000000       0.366033079197638     
   3.04500000000000       0.365546179367891     
   3.04560000000000       0.365059957167776     
   3.04620000000000       0.364574411594765     
   3.04680000000000       0.364089541647931     
   3.04740000000000       0.363605346327947     
   3.04800000000000       0.363121824637087     
   3.04860000000000       0.362638975579216     
   3.04920000000000       0.362156798159794     
   3.04980000000000       0.361675291385871     
   3.05040000000000       0.361194454266081     
   3.05100000000000       0.360714285810644     
   3.05160000000000       0.360234785031361     
   3.05220000000000       0.359755950941610     
   3.05280000000000       0.359277782556347     
   3.05340000000000       0.358800278892098     
   3.05400000000000       0.358323438966963     
   3.05460000000000       0.357847261800604     
   3.05520000000000       0.357371746414252     
   3.05580000000000       0.356896891830698     
   3.05640000000000       0.356422697074294     
   3.05700000000000       0.355949161170946     
   3.05760000000000       0.355476283148115     
   3.05820000000000       0.355004062034814     
   3.05880000000000       0.354532496861602     
   3.05940000000000       0.354061586660586     
   3.06000000000000       0.353591330465414     
   3.06060000000000       0.353121727311275     
   3.06120000000000       0.352652776234896     
   3.06180000000000       0.352184476274538     
   3.06240000000000       0.351716826469996     
   3.06300000000000       0.351249825862591     
   3.06360000000000       0.350783473495174     
   3.06420000000000       0.350317768412120     
   3.06480000000000       0.349852709659323     
   3.06540000000000       0.349388296284200     
   3.06600000000000       0.348924527335679     
   3.06660000000000       0.348461401864206     
   3.06720000000000       0.347998918921737     
   3.06780000000000       0.347537077561734     
   3.06840000000000       0.347075876839168     
   3.06900000000000       0.346615315810510     
   3.06960000000000       0.346155393533734     
   3.07020000000000       0.345696109068311     
   3.07080000000000       0.345237461475206     
   3.07140000000000       0.344779449816879     
   3.07200000000000       0.344322073157278     
   3.07260000000000       0.343865330561839     
   3.07320000000000       0.343409221097484     
   3.07380000000000       0.342953743832615     
   3.07440000000000       0.342498897837117     
   3.07500000000000       0.342044682182349     
   3.07560000000000       0.341591095941147     
   3.07620000000000       0.341138138187817     
   3.07680000000000       0.340685807998135     
   3.07740000000000       0.340234104449345     
   3.07800000000000       0.339783026620155     
   3.07860000000000       0.339332573590733     
   3.07920000000000       0.338882744442710     
   3.07980000000000       0.338433538259169     
   3.08040000000000       0.337984954124652     
   3.08100000000000       0.337536991125150     
   3.08160000000000       0.337089648348103     
   3.08220000000000       0.336642924882399     
   3.08280000000000       0.336196819818369     
   3.08340000000000       0.335751332247786     
   3.08400000000000       0.335306461263864     
   3.08460000000000       0.334862205961250     
   3.08520000000000       0.334418565436029     
   3.08580000000000       0.333975538785715     
   3.08640000000000       0.333533125109253     
   3.08700000000000       0.333091323507013     
   3.08760000000000       0.332650133080790     
   3.08820000000000       0.332209552933803     
   3.08880000000000       0.331769582170686     
   3.08940000000000       0.331330219897494     
   3.09000000000000       0.330891465221694     
   3.09060000000000       0.330453317252166     
   3.09120000000000       0.330015775099200     
   3.09180000000000       0.329578837874491     
   3.09240000000000       0.329142504691141     
   3.09300000000000       0.328706774663654     
   3.09360000000000       0.328271646907933     
   3.09420000000000       0.327837120541277     
   3.09480000000000       0.327403194682384     
   3.09540000000000       0.326969868451340     
   3.09600000000000       0.326537140969626     
   3.09660000000000       0.326105011360107     
   3.09720000000000       0.325673478747035     
   3.09780000000000       0.325242542256044     
   3.09840000000000       0.324812201014149     
   3.09900000000000       0.324382454149745     
   3.09960000000000       0.323953300792600     
   3.10020000000000       0.323524740073858     
   3.10080000000000       0.323096771126033     
   3.10140000000000       0.322669393083006     
   3.10200000000000       0.322242605080028     
   3.10260000000000       0.321816406253712     
   3.10320000000000       0.321390795742032     
   3.10380000000000       0.320965772684323     
   3.10440000000000       0.320541336221275     
   3.10500000000000       0.320117485494935     
   3.10560000000000       0.319694219648701     
   3.10620000000000       0.319271537827321     
   3.10680000000000       0.318849439176891     
   3.10740000000000       0.318427922844852     
   3.10800000000000       0.318006987979989     
   3.10860000000000       0.317586633732426     
   3.10920000000000       0.317166859253626     
   3.10980000000000       0.316747663696390     
   3.11040000000000       0.316329046214851     
   3.11100000000000       0.315911005964473     
   3.11160000000000       0.315493542102051     
   3.11220000000000       0.315076653785705     
   3.11280000000000       0.314660340174882     
   3.11340000000000       0.314244600430349     
   3.11400000000000       0.313829433714195     
   3.11460000000000       0.313414839189826     
   3.11520000000000       0.313000816021963     
   3.11580000000000       0.312587363376642     
   3.11640000000000       0.312174480421209     
   3.11700000000000       0.311762166324318     
   3.11760000000000       0.311350420255932     
   3.11820000000000       0.310939241387315     
   3.11880000000000       0.310528628891036     
   3.11940000000000       0.310118581940963     
   3.12000000000000       0.309709099712261     
   3.12060000000000       0.309300181381391     
   3.12120000000000       0.308891826126106     
   3.12180000000000       0.308484033125453     
   3.12240000000000       0.308076801559764     
   3.12300000000000       0.307670130610661     
   3.12360000000000       0.307264019461047     
   3.12420000000000       0.306858467295110     
   3.12480000000000       0.306453473298316     
   3.12540000000000       0.306049036657409     
   3.12600000000000       0.305645156560411     
   3.12660000000000       0.305241832196613     
   3.12720000000000       0.304839062756582     
   3.12780000000000       0.304436847432150     
   3.12840000000000       0.304035185416418     
   3.12900000000000       0.303634075903752     
   3.12960000000000       0.303233518089779     
   3.13020000000000       0.302833511171387     
   3.13080000000000       0.302434054346722     
   3.13140000000000       0.302035146815188     
   3.13200000000000       0.301636787777439     
   3.13260000000000       0.301238976435385     
   3.13320000000000       0.300841711992183     
   3.13380000000000       0.300444993652238     
   3.13440000000000       0.300048820621201     
   3.13500000000000       0.299653192105966     
   3.13560000000000       0.299258107314666     
   3.13620000000000       0.298863565456677     
   3.13680000000000       0.298469565742609     
   3.13740000000000       0.298076107384308     
   3.13800000000000       0.297683189594851     
   3.13860000000000       0.297290811588548     
   3.13920000000000       0.296898972580936     
   3.13980000000000       0.296507671788777     
   3.14040000000000       0.296116908430061     
   3.14100000000000       0.295726681723996     
   3.14160000000000       0.295336990891014     
   3.14220000000000       0.294947835152762     
   3.14280000000000       0.294559213732104     
   3.14340000000000       0.294171125853119     
   3.14400000000000       0.293783570741095     
   3.14460000000000       0.293396547622533     
   3.14520000000000       0.293010055725140     
   3.14580000000000       0.292624094277827     
   3.14640000000000       0.292238662510712     
   3.14700000000000       0.291853759655113     
   3.14760000000000       0.291469384943546     
   3.14820000000000       0.291085537609727     
   3.14880000000000       0.290702216888565     
   3.14940000000000       0.290319422016164     
   3.15000000000000       0.289937152229820     
   3.15060000000000       0.289555406768014     
   3.15120000000000       0.289174184870421     
   3.15180000000000       0.288793485777895     
   3.15240000000000       0.288413308732477     
   3.15300000000000       0.288033652977389     
   3.15360000000000       0.287654517757029     
   3.15420000000000       0.287275902316977     
   3.15480000000000       0.286897805903984     
   3.15540000000000       0.286520227765978     
   3.15600000000000       0.286143167152054     
   3.15660000000000       0.285766623312480     
   3.15720000000000       0.285390595498689     
   3.15780000000000       0.285015082963281     
   3.15840000000000       0.284640084960017     
   3.15900000000000       0.284265600743822     
   3.15960000000000       0.283891629570779     
   3.16020000000000       0.283518170698127     
   3.16080000000000       0.283145223384264     
   3.16140000000000       0.282772786888738     
   3.16200000000000       0.282400860472250     
   3.16260000000000       0.282029443396650     
   3.16320000000000       0.281658534924937     
   3.16380000000000       0.281288134321254     
   3.16440000000000       0.280918240850889     
   3.16500000000000       0.280548853780271     
   3.16560000000000       0.280179972376969     
   3.16620000000000       0.279811595909690     
   3.16680000000000       0.279443723648277     
   3.16740000000000       0.279076354863707     
   3.16800000000000       0.278709488828090     
   3.16860000000000       0.278343124814665     
   3.16920000000000       0.277977262097799     
   3.16980000000000       0.277611899952987     
   3.17040000000000       0.277247037656848     
   3.17100000000000       0.276882674487123     
   3.17160000000000       0.276518809722675     
   3.17220000000000       0.276155442643483     
   3.17280000000000       0.275792572530647     
   3.17340000000000       0.275430198666378     
   3.17400000000000       0.275068320334003     
   3.17460000000000       0.274706936817960     
   3.17520000000000       0.274346047403794     
   3.17580000000000       0.273985651378161     
   3.17640000000000       0.273625748028819     
   3.17700000000000       0.273266336644633     
   3.17760000000000       0.272907416515569     
   3.17820000000000       0.272548986932692     
   3.17880000000000       0.272191047188165     
   3.17940000000000       0.271833596575249     
   3.18000000000000       0.271476634388300     
   3.18060000000000       0.271120159922764     
   3.18120000000000       0.270764172475179     
   3.18180000000000       0.270408671343173     
   3.18240000000000       0.270053655825460     
   3.18300000000000       0.269699125221840     
   3.18360000000000       0.269345078833195     
   3.18420000000000       0.268991515961491     
   3.18480000000000       0.268638435909772     
   3.18540000000000       0.268285837982161     
   3.18600000000000       0.267933721483857     
   3.18660000000000       0.267582085721133     
   3.18720000000000       0.267230930001334     
   3.18780000000000       0.266880253632877     
   3.18840000000000       0.266530055925249     
   3.18900000000000       0.266180336189000     
   3.18960000000000       0.265831093735750     
   3.19020000000000       0.265482327878181     
   3.19080000000000       0.265134037930035     
   3.19140000000000       0.264786223206116     
   3.19200000000000       0.264438883022286     
   3.19260000000000       0.264092016695463     
   3.19320000000000       0.263745623543619     
   3.19380000000000       0.263399702885781     
   3.19440000000000       0.263054254042024     
   3.19500000000000       0.262709276333477     
   3.19560000000000       0.262364769082311     
   3.19620000000000       0.262020731611747     
   3.19680000000000       0.261677163246048     
   3.19740000000000       0.261334063310521     
   3.19800000000000       0.260991431131511     
   3.19860000000000       0.260649266036405     
   3.19920000000000       0.260307567353625     
   3.19980000000000       0.259966334412629     
   3.20040000000000       0.259625566543909     
   3.20100000000000       0.259285263078987     
   3.20160000000000       0.258945423350417     
   3.20220000000000       0.258606046691781     
   3.20280000000000       0.258267132437688     
   3.20340000000000       0.257928679923771     
   3.20400000000000       0.257590688486688     
   3.20460000000000       0.257253157464116     
   3.20520000000000       0.256916086194754     
   3.20580000000000       0.256579474018318     
   3.20640000000000       0.256243320275541     
   3.20700000000000       0.255907624308171     
   3.20760000000000       0.255572385458967     
   3.20820000000000       0.255237603071702     
   3.20880000000000       0.254903276491158     
   3.20940000000000       0.254569405063123     
   3.21000000000000       0.254235988134393     
   3.21060000000000       0.253903025052769     
   3.21120000000000       0.253570515167053     
   3.21180000000000       0.253238457827050     
   3.21240000000000       0.252906852383564     
   3.21300000000000       0.252575698188396     
   3.21360000000000       0.252244994594345     
   3.21420000000000       0.251914740955202     
   3.21480000000000       0.251584936625753     
   3.21540000000000       0.251255580961774     
   3.21600000000000       0.250926673320032     
   3.21660000000000       0.250598213058281     
   3.21720000000000       0.250270199535260     
   3.21780000000000       0.249942632110695     
   3.21840000000000       0.249615510145293     
   3.21900000000000       0.249288833000743     
   3.21960000000000       0.248962600039714     
   3.22020000000000       0.248636810625854     
   3.22080000000000       0.248311464123784     
   3.22140000000000       0.247986559899104     
   3.22200000000000       0.247662097318384     
   3.22260000000000       0.247338075749167     
   3.22320000000000       0.247014494559966     
   3.22380000000000       0.246691353120261     
   3.22440000000000       0.246368650800502     
   3.22500000000000       0.246046386972098     
   3.22560000000000       0.245724561007428     
   3.22620000000000       0.245403172279829     
   3.22680000000000       0.245082220163599     
   3.22740000000000       0.244761704033996     
   3.22800000000000       0.244441623267233     
   3.22860000000000       0.244121977240479     
   3.22920000000000       0.243802765331859     
   3.22980000000000       0.243483986920448     
   3.23040000000000       0.243165641386272     
   3.23100000000000       0.242847728110306     
   3.23160000000000       0.242530246474474     
   3.23220000000000       0.242213195861645     
   3.23280000000000       0.241896575655632     
   3.23340000000000       0.241580385241190     
   3.23400000000000       0.241264624004019     
   3.23460000000000       0.240949291330755     
   3.23520000000000       0.240634386608972     
   3.23580000000000       0.240319909227184     
   3.23640000000000       0.240005858574836     
   3.23700000000000       0.239692234042310     
   3.23760000000000       0.239379035020917     
   3.23820000000000       0.239066260902900     
   3.23880000000000       0.238753911081431     
   3.23940000000000       0.238441984950608     
   3.24000000000000       0.238130481905456     
   3.24060000000000       0.237819401341923     
   3.24120000000000       0.237508742656881     
   3.24180000000000       0.237198505248122     
   3.24240000000000       0.236888688514359     
   3.24300000000000       0.236579291855221     
   3.24360000000000       0.236270314671255     
   3.24420000000000       0.235961756363923     
   3.24480000000000       0.235653616335601     
   3.24540000000000       0.235345893989574     
   3.24600000000000       0.235038588730043     
   3.24660000000000       0.234731699962113     
   3.24720000000000       0.234425227091798     
   3.24780000000000       0.234119169526018     
   3.24840000000000       0.233813526672599     
   3.24900000000000       0.233508297940269     
   3.24960000000000       0.233203482738655     
   3.25020000000000       0.232899080478289     
   3.25080000000000       0.232595090570597     
   3.25140000000000       0.232291512427903     
   3.25200000000000       0.231988345463429     
   3.25260000000000       0.231685589091289     
   3.25320000000000       0.231383242726490     
   3.25380000000000       0.231081305784929     
   3.25440000000000       0.230779777683394     
   3.25500000000000       0.230478657839561     
   3.25560000000000       0.230177945671992     
   3.25620000000000       0.229877640600136     
   3.25680000000000       0.229577742044323     
   3.25740000000000       0.229278249425768     
   3.25800000000000       0.228979162166565     
   3.25860000000000       0.228680479689687     
   3.25920000000000       0.228382201418987     
   3.25980000000000       0.228084326779193     
   3.26040000000000       0.227786855195908     
   3.26100000000000       0.227489786095610     
   3.26160000000000       0.227193118905648     
   3.26220000000000       0.226896853054241     
   3.26280000000000       0.226600987970479     
   3.26340000000000       0.226305523084319     
   3.26400000000000       0.226010457826583     
   3.26460000000000       0.225715791628961     
   3.26520000000000       0.225421523924004     
   3.26580000000000       0.225127654145126     
   3.26640000000000       0.224834181726603     
   3.26700000000000       0.224541106103567     
   3.26760000000000       0.224248426712012     
   3.26820000000000       0.223956142988784     
   3.26880000000000       0.223664254371589     
   3.26940000000000       0.223372760298982     
   3.27000000000000       0.223081660210373     
   3.27060000000000       0.222790953546022     
   3.27120000000000       0.222500639747039     
   3.27180000000000       0.222210718255381     
   3.27240000000000       0.221921188513853     
   3.27300000000000       0.221632049966104     
   3.27360000000000       0.221343302056627     
   3.27420000000000       0.221054944230758     
   3.27480000000000       0.220766975934674     
   3.27540000000000       0.220479396615391     
   3.27600000000000       0.220192205720764     
   3.27660000000000       0.219905402699486     
   3.27720000000000       0.219618987001083     
   3.27780000000000       0.219332958075917     
   3.27840000000000       0.219047315375182     
   3.27900000000000       0.218762058350904     
   3.27960000000000       0.218477186455939     
   3.28020000000000       0.218192699143972     
   3.28080000000000       0.217908595869514     
   3.28140000000000       0.217624876087904     
   3.28200000000000       0.217341539255304     
   3.28260000000000       0.217058584828700     
   3.28320000000000       0.216776012265900     
   3.28380000000000       0.216493821025531     
   3.28440000000000       0.216212010567043     
   3.28500000000000       0.215930580350701     
   3.28560000000000       0.215649529837586     
   3.28620000000000       0.215368858489596     
   3.28680000000000       0.215088565769441     
   3.28740000000000       0.214808651140647     
   3.28800000000000       0.214529114067548     
   3.28860000000000       0.214249954015289     
   3.28920000000000       0.213971170449823     
   3.28980000000000       0.213692762837910     
   3.29040000000000       0.213414730647118     
   3.29100000000000       0.213137073345818     
   3.29160000000000       0.212859790403183     
   3.29220000000000       0.212582881289191     
   3.29280000000000       0.212306345474619     
   3.29340000000000       0.212030182431042     
   3.29400000000000       0.211754391630835     
   3.29460000000000       0.211478972547170     
   3.29520000000000       0.211203924654013     
   3.29580000000000       0.210929247426125     
   3.29640000000000       0.210654940339058     
   3.29700000000000       0.210381002869159     
   3.29760000000000       0.210107434493561     
   3.29820000000000       0.209834234690190     
   3.29880000000000       0.209561402937758     
   3.29940000000000       0.209288938715762     
   3.30000000000000       0.209016841504485     
   3.30060000000000       0.208745110784996     
   3.30120000000000       0.208473746039142     
   3.30180000000000       0.208202746749556     
   3.30240000000000       0.207932112399647     
   3.30300000000000       0.207661842473605     
   3.30360000000000       0.207391936456397     
   3.30420000000000       0.207122393833767     
   3.30480000000000       0.206853214092231     
   3.30540000000000       0.206584396719081     
   3.30600000000000       0.206315941202381     
   3.30660000000000       0.206047847030966     
   3.30720000000000       0.205780113694441     
   3.30780000000000       0.205512740683178     
   3.30840000000000       0.205245727488319     
   3.30900000000000       0.204979073601771     
   3.30960000000000       0.204712778516204     
   3.31020000000000       0.204446841725054     
   3.31080000000000       0.204181262722518     
   3.31140000000000       0.203916041003555     
   3.31200000000000       0.203651176063882     
   3.31260000000000       0.203386667399978     
   3.31320000000000       0.203122514509077     
   3.31380000000000       0.202858716889168     
   3.31440000000000       0.202595274038997     
   3.31500000000000       0.202332185458064     
   3.31560000000000       0.202069450646620     
   3.31620000000000       0.201807069105668     
   3.31680000000000       0.201545040336960     
   3.31740000000000       0.201283363842998     
   3.31800000000000       0.201022039127031     
   3.31860000000000       0.200761065693055     
   3.31920000000000       0.200500443045810     
   3.31980000000000       0.200240170690782     
   3.32040000000000       0.199980248134196     
   3.32100000000000       0.199720674883023     
   3.32160000000000       0.199461450444971     
   3.32220000000000       0.199202574328488     
   3.32280000000000       0.198944046042761     
   3.32340000000000       0.198685865097712     
   3.32400000000000       0.198428031004000     
   3.32460000000000       0.198170543273017     
   3.32520000000000       0.197913401416890     
   3.32580000000000       0.197656604948475     
   3.32640000000000       0.197400153381362     
   3.32700000000000       0.197144046229868     
   3.32760000000000       0.196888283009040     
   3.32820000000000       0.196632863234652     
   3.32880000000000       0.196377786423202     
   3.32940000000000       0.196123052091916     
   3.33000000000000       0.195868659758742     
   3.33060000000000       0.195614608942350     
   3.33120000000000       0.195360899162132     
   3.33180000000000       0.195107529938200     
   3.33240000000000       0.194854500791386     
   3.33300000000000       0.194601811243238     
   3.33360000000000       0.194349460816021     
   3.33420000000000       0.194097449032717     
   3.33480000000000       0.193845775417022     
   3.33540000000000       0.193594439493342     
   3.33600000000000       0.193343440786800     
   3.33660000000000       0.193092778823226     
   3.33720000000000       0.192842453129162     
   3.33780000000000       0.192592463231857     
   3.33840000000000       0.192342808659269     
   3.33900000000000       0.192093488940061     
   3.33960000000000       0.191844503603601     
   3.34020000000000       0.191595852179962     
   3.34080000000000       0.191347534199919     
   3.34140000000000       0.191099549194950     
   3.34200000000000       0.190851896697232     
   3.34260000000000       0.190604576239642     
   3.34320000000000       0.190357587355756     
   3.34380000000000       0.190110929579846     
   3.34440000000000       0.189864602446882     
   3.34500000000000       0.189618605492526     
   3.34560000000000       0.189372938253137     
   3.34620000000000       0.189127600265764     
   3.34680000000000       0.188882591068149     
   3.34740000000000       0.188637910198725     
   3.34800000000000       0.188393557196613     
   3.34860000000000       0.188149531601623     
   3.34920000000000       0.187905832954252     
   3.34980000000000       0.187662460795683     
   3.35040000000000       0.187419414667784     
   3.35100000000000       0.187176694113106     
   3.35160000000000       0.186934298674884     
   3.35220000000000       0.186692227897035     
   3.35280000000000       0.186450481324153     
   3.35340000000000       0.186209058501516     
   3.35400000000000       0.185967958975077     
   3.35460000000000       0.185727182291468     
   3.35520000000000       0.185486727997997     
   3.35580000000000       0.185246595642646     
   3.35640000000000       0.185006784774071     
   3.35700000000000       0.184767294941603     
   3.35760000000000       0.184528125695242     
   3.35820000000000       0.184289276585660     
   3.35880000000000       0.184050747164199     
   3.35940000000000       0.183812536982869     
   3.36000000000000       0.183574645594347     
   3.36060000000000       0.183337072551977     
   3.36120000000000       0.183099817409769     
   3.36180000000000       0.182862879722395     
   3.36240000000000       0.182626259045194     
   3.36300000000000       0.182389954934162     
   3.36360000000000       0.182153966945962     
   3.36420000000000       0.181918294637911     
   3.36480000000000       0.181682937567989     
   3.36540000000000       0.181447895294832     
   3.36600000000000       0.181213167377734     
   3.36660000000000       0.180978753376644     
   3.36720000000000       0.180744652852166     
   3.36780000000000       0.180510865365558     
   3.36840000000000       0.180277390478728     
   3.36900000000000       0.180044227754241     
   3.36960000000000       0.179811376755306     
   3.37020000000000       0.179578837045786     
   3.37080000000000       0.179346608190192     
   3.37140000000000       0.179114689753680     
   3.37200000000000       0.178883081302054     
   3.37260000000000       0.178651782401764     
   3.37320000000000       0.178420792619902     
   3.37380000000000       0.178190111524205     
   3.37440000000000       0.177959738683052     
   3.37500000000000       0.177729673665463     
   3.37560000000000       0.177499916041098     
   3.37620000000000       0.177270465380257     
   3.37680000000000       0.177041321253875     
   3.37740000000000       0.176812483233529     
   3.37800000000000       0.176583950891427     
   3.37860000000000       0.176355723800417     
   3.37920000000000       0.176127801533976     
   3.37980000000000       0.175900183666218     
   3.38040000000000       0.175672869771887     
   3.38100000000000       0.175445859426358     
   3.38160000000000       0.175219152205637     
   3.38220000000000       0.174992747686358     
   3.38280000000000       0.174766645445783     
   3.38340000000000       0.174540845061801     
   3.38400000000000       0.174315346112928     
   3.38460000000000       0.174090148178304     
   3.38520000000000       0.173865250837693     
   3.38580000000000       0.173640653671481     
   3.38640000000000       0.173416356260678     
   3.38700000000000       0.173192358186913     
   3.38760000000000       0.172968659032437     
   3.38820000000000       0.172745258380117     
   3.38880000000000       0.172522155813441     
   3.38940000000000       0.172299350916513     
   3.39000000000000       0.172076843274052     
   3.39060000000000       0.171854632471392     
   3.39120000000000       0.171632718094484     
   3.39180000000000       0.171411099729888     
   3.39240000000000       0.171189776964778     
   3.39300000000000       0.170968749386940     
   3.39360000000000       0.170748016584769     
   3.39420000000000       0.170527578147269     
   3.39480000000000       0.170307433664052     
   3.39540000000000       0.170087582725338     
   3.39600000000000       0.169868024921954     
   3.39660000000000       0.169648759845329     
   3.39720000000000       0.169429787087501     
   3.39780000000000       0.169211106241107     
   3.39840000000000       0.168992716899389     
   3.39900000000000       0.168774618656189     
   3.39960000000000       0.168556811105951     
   3.40020000000000       0.168339293843718     
   3.40080000000000       0.168122066465130     
   3.40140000000000       0.167905128566426     
   3.40200000000000       0.167688479744441     
   3.40260000000000       0.167472119596608     
   3.40320000000000       0.167256047720951     
   3.40380000000000       0.167040263716090     
   3.40440000000000       0.166824767181239     
   3.40500000000000       0.166609557716200     
   3.40560000000000       0.166394634921370     
   3.40620000000000       0.166179998397734     
   3.40680000000000       0.165965647746866     
   3.40740000000000       0.165751582570930     
   3.40800000000000       0.165537802472674     
   3.40860000000000       0.165324307055436     
   3.40920000000000       0.165111095923137     
   3.40980000000000       0.164898168680282     
   3.41040000000000       0.164685524931961     
   3.41100000000000       0.164473164283846     
   3.41160000000000       0.164261086342191     
   3.41220000000000       0.164049290713830     
   3.41280000000000       0.163837777006177     
   3.41340000000000       0.163626544827225     
   3.41400000000000       0.163415593785545     
   3.41460000000000       0.163204923490284     
   3.41520000000000       0.162994533551168     
   3.41580000000000       0.162784423578496     
   3.41640000000000       0.162574593183140     
   3.41700000000000       0.162365041976547     
   3.41760000000000       0.162155769570738     
   3.41820000000000       0.161946775578303     
   3.41880000000000       0.161738059612404     
   3.41940000000000       0.161529621286772     
   3.42000000000000       0.161321460215707     
   3.42060000000000       0.161113576014078     
   3.42120000000000       0.160905968297319     
   3.42180000000000       0.160698636681433     
   3.42240000000000       0.160491580782985     
   3.42300000000000       0.160284800219106     
   3.42360000000000       0.160078294607491     
   3.42420000000000       0.159872063566396     
   3.42480000000000       0.159666106714641     
   3.42540000000000       0.159460423671604     
   3.42600000000000       0.159255014057226     
   3.42660000000000       0.159049877492003     
   3.42720000000000       0.158845013596993     
   3.42780000000000       0.158640421993809     
   3.42840000000000       0.158436102304621     
   3.42900000000000       0.158232054152155     
   3.42960000000000       0.158028277159690     
   3.43020000000000       0.157824770951060     
   3.43080000000000       0.157621535150652     
   3.43140000000000       0.157418569383405     
   3.43200000000000       0.157215873274807     
   3.43260000000000       0.157013446450899     
   3.43320000000000       0.156811288538271     
   3.43380000000000       0.156609399164059     
   3.43440000000000       0.156407777955949     
   3.43500000000000       0.156206424542173     
   3.43560000000000       0.156005338551509     
   3.43620000000000       0.155804519613280     
   3.43680000000000       0.155603967357354     
   3.43740000000000       0.155403681414140     
   3.43800000000000       0.155203661414591     
   3.43860000000000       0.155003906990202     
   3.43920000000000       0.154804417773008     
   3.43980000000000       0.154605193395584     
   3.44040000000000       0.154406233491045     
   3.44100000000000       0.154207537693042     
   3.44160000000000       0.154009105635765     
   3.44220000000000       0.153810936953940     
   3.44280000000000       0.153613031282829     
   3.44340000000000       0.153415388258228     
   3.44400000000000       0.153218007516469     
   3.44460000000000       0.153020888694413     
   3.44520000000000       0.152824031429458     
   3.44580000000000       0.152627435359530     
   3.44640000000000       0.152431100123087     
   3.44700000000000       0.152235025359117     
   3.44760000000000       0.152039210707137     
   3.44820000000000       0.151843655807190     
   3.44880000000000       0.151648360299848     
   3.44940000000000       0.151453323826211     
   3.45000000000000       0.151258546027901     
   3.45060000000000       0.151064026547068     
   3.45120000000000       0.150869765026383     
   3.45180000000000       0.150675761109042     
   3.45240000000000       0.150482014438764     
   3.45300000000000       0.150288524659788     
   3.45360000000000       0.150095291416873     
   3.45420000000000       0.149902314355300     
   3.45480000000000       0.149709593120867     
   3.45540000000000       0.149517127359891     
   3.45600000000000       0.149324916719208     
   3.45660000000000       0.149132960846167     
   3.45720000000000       0.148941259388636     
   3.45780000000000       0.148749811994996     
   3.45840000000000       0.148558618314143     
   3.45900000000000       0.148367677995487     
   3.45960000000000       0.148176990688948     
   3.46020000000000       0.147986556044960     
   3.46080000000000       0.147796373714468     
   3.46140000000000       0.147606443348926     
   3.46200000000000       0.147416764600298     
   3.46260000000000       0.147227337121055     
   3.46320000000000       0.147038160564177     
   3.46380000000000       0.146849234583152     
   3.46440000000000       0.146660558831973     
   3.46500000000000       0.146472132965137     
   3.46560000000000       0.146283956637647     
   3.46620000000000       0.146096029505010     
   3.46680000000000       0.145908351223235     
   3.46740000000000       0.145720921448835     
   3.46800000000000       0.145533739838820     
   3.46860000000000       0.145346806050706     
   3.46920000000000       0.145160119742506     
   3.46980000000000       0.144973680572732     
   3.47040000000000       0.144787488200394     
   3.47100000000000       0.144601542285001     
   3.47160000000000       0.144415842486556     
   3.47220000000000       0.144230388465562     
   3.47280000000000       0.144045179883013     
   3.47340000000000       0.143860216400400     
   3.47400000000000       0.143675497679706     
   3.47460000000000       0.143491023383408     
   3.47520000000000       0.143306793174473     
   3.47580000000000       0.143122806716363     
   3.47640000000000       0.142939063673026     
   3.47700000000000       0.142755563708902     
   3.47760000000000       0.142572306488921     
   3.47820000000000       0.142389291678500     
   3.47880000000000       0.142206518943543     
   3.47940000000000       0.142023987950440     
   3.48000000000000       0.141841698366070     
   3.48060000000000       0.141659649857794     
   3.48120000000000       0.141477842093458     
   3.48180000000000       0.141296274741393     
   3.48240000000000       0.141114947470411     
   3.48300000000000       0.140933859949808     
   3.48360000000000       0.140753011849360     
   3.48420000000000       0.140572402839325     
   3.48480000000000       0.140392032590438     
   3.48540000000000       0.140211900773917     
   3.48600000000000       0.140032007061455     
   3.48660000000000       0.139852351125224     
   3.48720000000000       0.139672932637873     
   3.48780000000000       0.139493751272528     
   3.48840000000000       0.139314806702788     
   3.48900000000000       0.139136098602729     
   3.48960000000000       0.138957626646899     
   3.49020000000000       0.138779390510320     
   3.49080000000000       0.138601389868486     
   3.49140000000000       0.138423624397365     
   3.49200000000000       0.138246093773392     
   3.49260000000000       0.138068797673475     
   3.49320000000000       0.137891735774991     
   3.49380000000000       0.137714907755785     
   3.49440000000000       0.137538313294170     
   3.49500000000000       0.137361952068928     
   3.49560000000000       0.137185823759306     
   3.49620000000000       0.137009928045016     
   3.49680000000000       0.136834264606238     
   3.49740000000000       0.136658833123613     
   3.49800000000000       0.136483633278249     
   3.49860000000000       0.136308664751713     
   3.49920000000000       0.136133927226038     
   3.49980000000000       0.135959420383716     
   3.50040000000000       0.135785143907701     
   3.50100000000000       0.135611097481408     
   3.50160000000000       0.135437280788708     
   3.50220000000000       0.135263693513934     
   3.50280000000000       0.135090335341874     
   3.50340000000000       0.134917205957777     
   3.50400000000000       0.134744305047346     
   3.50460000000000       0.134571632296738     
   3.50520000000000       0.134399187392569     
   3.50580000000000       0.134226970021907     
   3.50640000000000       0.134054979872274     
   3.50700000000000       0.133883216631646     
   3.50760000000000       0.133711679988449     
   3.50820000000000       0.133540369631562     
   3.50880000000000       0.133369285250316     
   3.50940000000000       0.133198426534490     
   3.51000000000000       0.133027793174313     
   3.51060000000000       0.132857384860464     
   3.51120000000000       0.132687201284068     
   3.51180000000000       0.132517242136700     
   3.51240000000000       0.132347507110378     
   3.51300000000000       0.132177995897570     
   3.51360000000000       0.132008708191187     
   3.51420000000000       0.131839643684584     
   3.51480000000000       0.131670802071562     
   3.51540000000000       0.131502183046362     
   3.51600000000000       0.131333786303672     
   3.51660000000000       0.131165611538618     
   3.51720000000000       0.130997658446770     
   3.51780000000000       0.130829926724135     
   3.51840000000000       0.130662416067162     
   3.51900000000000       0.130495126172740     
   3.51960000000000       0.130328056738195     
   3.52020000000000       0.130161207461290     
   3.52080000000000       0.129994578040227     
   3.52140000000000       0.129828168173643     
   3.52200000000000       0.129661977560611     
   3.52260000000000       0.129496005900640     
   3.52320000000000       0.129330252893672     
   3.52380000000000       0.129164718240083     
   3.52440000000000       0.128999401640683     
   3.52500000000000       0.128834302796712     
   3.52560000000000       0.128669421409844     
   3.52620000000000       0.128504757182184     
   3.52680000000000       0.128340309816265     
   3.52740000000000       0.128176079015053     
   3.52800000000000       0.128012064481940     
   3.52860000000000       0.127848265920747     
   3.52920000000000       0.127684683035725     
   3.52980000000000       0.127521315531549     
   3.53040000000000       0.127358163113323     
   3.53100000000000       0.127195225486573     
   3.53160000000000       0.127032502357255     
   3.53220000000000       0.126869993431744     
   3.53280000000000       0.126707698416844     
   3.53340000000000       0.126545617019778     
   3.53400000000000       0.126383748948193     
   3.53460000000000       0.126222093910159     
   3.53520000000000       0.126060651614164     
   3.53580000000000       0.125899421769120     
   3.53640000000000       0.125738404084356     
   3.53700000000000       0.125577598269621     
   3.53760000000000       0.125417004035084     
   3.53820000000000       0.125256621091330     
   3.53880000000000       0.125096449149362     
   3.53940000000000       0.124936487920600     
   3.54000000000000       0.124776737116879     
   3.54060000000000       0.124617196450449     
   3.54120000000000       0.124457865633976     
   3.54180000000000       0.124298744380540     
   3.54240000000000       0.124139832403632     
   3.54300000000000       0.123981129417160     
   3.54360000000000       0.123822635135440     
   3.54420000000000       0.123664349273202     
   3.54480000000000       0.123506271545585     
   3.54540000000000       0.123348401668139     
   3.54600000000000       0.123190739356825     
   3.54660000000000       0.123033284328011     
   3.54720000000000       0.122876036298474     
   3.54780000000000       0.122718994985399     
   3.54840000000000       0.122562160106377     
   3.54900000000000       0.122405531379406     
   3.54960000000000       0.122249108522891     
   3.55020000000000       0.122092891255640     
   3.55080000000000       0.121936879296868     
   3.55140000000000       0.121781072366192     
   3.55200000000000       0.121625470183632     
   3.55260000000000       0.121470072469613     
   3.55320000000000       0.121314878944959     
   3.55380000000000       0.121159889330899     
   3.55440000000000       0.121005103349060     
   3.55500000000000       0.120850520721471     
   3.55560000000000       0.120696141170558     
   3.55620000000000       0.120541964419150     
   3.55680000000000       0.120387990190470     
   3.55740000000000       0.120234218208142     
   3.55800000000000       0.120080648196186     
   3.55860000000000       0.119927279879019     
   3.55920000000000       0.119774112981453     
   3.55980000000000       0.119621147228695     
   3.56040000000000       0.119468382346349     
   3.56100000000000       0.119315818060411     
   3.56160000000000       0.119163454097271     
   3.56220000000000       0.119011290183713     
   3.56280000000000       0.118859326046911     
   3.56340000000000       0.118707561414433     
   3.56400000000000       0.118555996014237     
   3.56460000000000       0.118404629574671     
   3.56520000000000       0.118253461824475     
   3.56580000000000       0.118102492492775     
   3.56640000000000       0.117951721309088     
   3.56700000000000       0.117801148003320     
   3.56760000000000       0.117650772305761     
   3.56820000000000       0.117500593947092     
   3.56880000000000       0.117350612658377     
   3.56940000000000       0.117200828171068     
   3.57000000000000       0.117051240217000     
   3.57060000000000       0.116901848528395     
   3.57120000000000       0.116752652837857     
   3.57180000000000       0.116603652878375     
   3.57240000000000       0.116454848383318     
   3.57300000000000       0.116306239086441     
   3.57360000000000       0.116157824721878     
   3.57420000000000       0.116009605024144     
   3.57480000000000       0.115861579728136     
   3.57540000000000       0.115713748569130     
   3.57600000000000       0.115566111282781     
   3.57660000000000       0.115418667605122     
   3.57720000000000       0.115271417272566     
   3.57780000000000       0.115124360021903     
   3.57840000000000       0.114977495590299     
   3.57900000000000       0.114830823715297     
   3.57960000000000       0.114684344134815     
   3.58020000000000       0.114538056587149     
   3.58080000000000       0.114391960810965     
   3.58140000000000       0.114246056545308     
   3.58200000000000       0.114100343529593     
   3.58260000000000       0.113954821503609     
   3.58320000000000       0.113809490207518     
   3.58380000000000       0.113664349381854     
   3.58440000000000       0.113519398767520     
   3.58500000000000       0.113374638105793     
   3.58560000000000       0.113230067138317     
   3.58620000000000       0.113085685607107     
   3.58680000000000       0.112941493254548     
   3.58740000000000       0.112797489823391     
   3.58800000000000       0.112653675056756     
   3.58860000000000       0.112510048698132     
   3.58920000000000       0.112366610491371     
   3.58980000000000       0.112223360180695     
   3.59040000000000       0.112080297510688     
   3.59100000000000       0.111937422226303     
   3.59160000000000       0.111794734072854     
   3.59220000000000       0.111652232796021     
   3.59280000000000       0.111509918141847     
   3.59340000000000       0.111367789856736     
   3.59400000000000       0.111225847687457     
   3.59460000000000       0.111084091381140     
   3.59520000000000       0.110942520685275     
   3.59580000000000       0.110801135347712     
   3.59640000000000       0.110659935116665     
   3.59700000000000       0.110518919740703     
   3.59760000000000       0.110378088968756     
   3.59820000000000       0.110237442550113     
   3.59880000000000       0.110096980234420     
   3.59940000000000       0.109956701771680     
   3.60000000000000       0.109816606912253     
   3.60060000000000       0.109676695406856     
   3.60120000000000       0.109536967006562     
   3.60180000000000       0.109397421462797     
   3.60240000000000       0.109258058527343     
   3.60300000000000       0.109118877952338     
   3.60360000000000       0.108979879490269     
   3.60420000000000       0.108841062893980     
   3.60480000000000       0.108702427916665     
   3.60540000000000       0.108563974311873     
   3.60600000000000       0.108425701833500     
   3.60660000000000       0.108287610235797     
   3.60720000000000       0.108149699273363     
   3.60780000000000       0.108011968701147     
   3.60840000000000       0.107874418274448     
   3.60900000000000       0.107737047748913     
   3.60960000000000       0.107599856880538     
   3.61020000000000       0.107462845425665     
   3.61080000000000       0.107326013140986     
   3.61140000000000       0.107189359783537     
   3.61200000000000       0.107052885110701     
   3.61260000000000       0.106916588880207     
   3.61320000000000       0.106780470850128     
   3.61380000000000       0.106644530778883     
   3.61440000000000       0.106508768425233     
   3.61500000000000       0.106373183548285     
   3.61560000000000       0.106237775907487     
   3.61620000000000       0.106102545262629     
   3.61680000000000       0.105967491373845     
   3.61740000000000       0.105832614001609     
   3.61800000000000       0.105697912906736     
   3.61860000000000       0.105563387850381     
   3.61920000000000       0.105429038594040     
   3.61980000000000       0.105294864899547     
   3.62040000000000       0.105160866529076     
   3.62100000000000       0.105027043245139     
   3.62160000000000       0.104893394810585     
   3.62220000000000       0.104759920988600     
   3.62280000000000       0.104626621542708     
   3.62340000000000       0.104493496236770     
   3.62400000000000       0.104360544834980     
   3.62460000000000       0.104227767101869     
   3.62520000000000       0.104095162802303     
   3.62580000000000       0.103962731701480     
   3.62640000000000       0.103830473564936     
   3.62700000000000       0.103698388158535     
   3.62760000000000       0.103566475248478     
   3.62820000000000       0.103434734601295     
   3.62880000000000       0.103303165983851     
   3.62940000000000       0.103171769163338     
   3.63000000000000       0.103040543907282     
   3.63060000000000       0.102909489983538     
   3.63120000000000       0.102778607160292     
   3.63180000000000       0.102647895206056     
   3.63240000000000       0.102517353889674     
   3.63300000000000       0.102386982980316     
   3.63360000000000       0.102256782247482     
   3.63420000000000       0.102126751460996     
   3.63480000000000       0.101996890391012     
   3.63540000000000       0.101867198808008     
   3.63600000000000       0.101737676482788     
   3.63660000000000       0.101608323186482     
   3.63720000000000       0.101479138690544     
   3.63780000000000       0.101350122766754     
   3.63840000000000       0.101221275187213     
   3.63900000000000       0.101092595724346     
   3.63960000000000       0.100964084150903     
   3.64020000000000       0.100835740239953     
   3.64080000000000       0.100707563764890     
   3.64140000000000       0.100579554499427     
   3.64200000000000       0.100451712217599     
   3.64260000000000       0.100324036693760     
   3.64320000000000       0.100196527702585     
   3.64380000000000       0.100069185019069     
   3.64440000000000       9.994200841852394E-002
   3.64500000000000       9.981499767658215E-002
   3.64560000000000       9.968815256919272E-002
   3.64620000000000       9.956147287262249E-002
   3.64680000000000       9.943495836345519E-002
   3.64740000000000       9.930860881859122E-002
   3.64800000000000       9.918242401524686E-002
   3.64860000000000       9.905640373095399E-002
   3.64920000000000       9.893054774355954E-002
   3.64980000000000       9.880485583122510E-002
   3.65040000000000       9.867932777242615E-002
   3.65100000000000       9.855396334595204E-002
   3.65160000000000       9.842876233090518E-002
   3.65220000000000       9.830372450670083E-002
   3.65280000000000       9.817884965306622E-002
   3.65340000000000       9.805413755004060E-002
   3.65400000000000       9.792958797797427E-002
   3.65460000000000       9.780520071752853E-002
   3.65520000000000       9.768097554967496E-002
   3.65580000000000       9.755691225569499E-002
   3.65640000000000       9.743301061717953E-002
   3.65700000000000       9.730927041602840E-002
   3.65760000000000       9.718569143444986E-002
   3.65820000000000       9.706227345496032E-002
   3.65880000000000       9.693901626038361E-002
   3.65940000000000       9.681591963385076E-002
   3.66000000000000       9.669298335879932E-002
   3.66060000000000       9.657020721897315E-002
   3.66120000000000       9.644759099842171E-002
   3.66180000000000       9.632513448149968E-002
   3.66240000000000       9.620283745286669E-002
   3.66300000000000       9.608069969748662E-002
   3.66360000000000       9.595872100062715E-002
   3.66420000000000       9.583690114785952E-002
   3.66480000000000       9.571523992505776E-002
   3.66540000000000       9.559373711839857E-002
   3.66600000000000       9.547239251436060E-002
   3.66660000000000       9.535120589972416E-002
   3.66720000000000       9.523017706157068E-002
   3.66780000000000       9.510930578728224E-002
   3.66840000000000       9.498859186454123E-002
   3.66900000000000       9.486803508132984E-002
   3.66960000000000       9.474763522592951E-002
   3.67020000000000       9.462739208692068E-002
   3.67080000000000       9.450730545318210E-002
   3.67140000000000       9.438737511389074E-002
   3.67200000000000       9.426760085852083E-002
   3.67260000000000       9.414798247684379E-002
   3.67320000000000       9.402851975892790E-002
   3.67380000000000       9.390921249513738E-002
   3.67440000000000       9.379006047613239E-002
   3.67500000000000       9.367106349286831E-002
   3.67560000000000       9.355222133659546E-002
   3.67620000000000       9.343353379885859E-002
   3.67680000000000       9.331500067149638E-002
   3.67740000000000       9.319662174664112E-002
   3.67800000000000       9.307839681671827E-002
   3.67860000000000       9.296032567444583E-002
   3.67920000000000       9.284240811283410E-002
   3.67980000000000       9.272464392518524E-002
   3.68040000000000       9.260703290509266E-002
   3.68100000000000       9.248957484644071E-002
   3.68160000000000       9.237226954340437E-002
   3.68220000000000       9.225511679044855E-002
   3.68280000000000       9.213811638232773E-002
   3.68340000000000       9.202126811408574E-002
   3.68400000000000       9.190457178105491E-002
   3.68460000000000       9.178802717885617E-002
   3.68520000000000       9.167163410339815E-002
   3.68580000000000       9.155539235087704E-002
   3.68640000000000       9.143930171777592E-002
   3.68700000000000       9.132336200086469E-002
   3.68760000000000       9.120757299719918E-002
   3.68820000000000       9.109193450412109E-002
   3.68880000000000       9.097644631925744E-002
   3.68940000000000       9.086110824052007E-002
   3.69000000000000       9.074592006610532E-002
   3.69060000000000       9.063088159449360E-002
   3.69120000000000       9.051599262444886E-002
   3.69180000000000       9.040125295501819E-002
   3.69240000000000       9.028666238553175E-002
   3.69300000000000       9.017222071560149E-002
   3.69360000000000       9.005792774512177E-002
   3.69420000000000       8.994378327426820E-002
   3.69480000000000       8.982978710349758E-002
   3.69540000000000       8.971593903354730E-002
   3.69600000000000       8.960223886543500E-002
   3.69660000000000       8.948868640045814E-002
   3.69720000000000       8.937528144019362E-002
   3.69780000000000       8.926202378649725E-002
   3.69840000000000       8.914891324150344E-002
   3.69900000000000       8.903594960762473E-002
   3.69960000000000       8.892313268755146E-002
   3.70020000000000       8.881046228425112E-002
   3.70080000000000       8.869793820096843E-002
   3.70140000000000       8.858556024122428E-002
   3.70200000000000       8.847332820881579E-002
   3.70260000000000       8.836124190781569E-002
   3.70320000000000       8.824930114257208E-002
   3.70380000000000       8.813750571770775E-002
   3.70440000000000       8.802585543812000E-002
   3.70500000000000       8.791435010898020E-002
   3.70560000000000       8.780298953573328E-002
   3.70620000000000       8.769177352409739E-002
   3.70680000000000       8.758070188006349E-002
   3.70740000000000       8.746977440989497E-002
   3.70800000000000       8.735899092012715E-002
   3.70860000000000       8.724835121756698E-002
   3.70920000000000       8.713785510929258E-002
   3.70980000000000       8.702750240265279E-002
   3.71040000000000       8.691729290526697E-002
   3.71100000000000       8.680722642502425E-002
   3.71160000000000       8.669730277008354E-002
   3.71220000000000       8.658752174887274E-002
   3.71280000000000       8.647788317008863E-002
   3.71340000000000       8.636838684269627E-002
   3.71400000000000       8.625903257592886E-002
   3.71460000000000       8.614982017928685E-002
   3.71520000000000       8.604074946253813E-002
   3.71580000000000       8.593182023571727E-002
   3.71640000000000       8.582303230912525E-002
   3.71700000000000       8.571438549332899E-002
   3.71760000000000       8.560587959916102E-002
   3.71820000000000       8.549751443771902E-002
   3.71880000000000       8.538928982036542E-002
   3.71940000000000       8.528120555872727E-002
   3.72000000000000       8.517326146469541E-002
   3.72060000000000       8.506545735042433E-002
   3.72120000000000       8.495779302833180E-002
   3.72180000000000       8.485026831109838E-002
   3.72240000000000       8.474288301166706E-002
   3.72300000000000       8.463563694324289E-002
   3.72360000000000       8.452852991929263E-002
   3.72420000000000       8.442156175354425E-002
   3.72480000000000       8.431473225998663E-002
   3.72540000000000       8.420804125286914E-002
   3.72600000000000       8.410148854670126E-002
   3.72660000000000       8.399507395625218E-002
   3.72720000000000       8.388879729655044E-002
   3.72780000000000       8.378265838288354E-002
   3.72840000000000       8.367665703079755E-002
   3.72900000000000       8.357079305609669E-002
   3.72960000000000       8.346506627484303E-002
   3.73020000000000       8.335947650335604E-002
   3.73080000000000       8.325402355821215E-002
   3.73140000000000       8.314870725624456E-002
   3.73200000000000       8.304352741454271E-002
   3.73260000000000       8.293848385045187E-002
   3.73320000000000       8.283357638157283E-002
   3.73380000000000       8.272880482576173E-002
   3.73440000000000       8.262416900112918E-002
   3.73500000000000       8.251966872604044E-002
   3.73560000000000       8.241530381911434E-002
   3.73620000000000       8.231107409922374E-002
   3.73680000000000       8.220697938549458E-002
   3.73740000000000       8.210301949730582E-002
   3.73800000000000       8.199919425428860E-002
   3.73860000000000       8.189550347632667E-002
   3.73920000000000       8.179194698355510E-002
   3.73980000000000       8.168852459636051E-002
   3.74040000000000       8.158523613538056E-002
   3.74100000000000       8.148208142150346E-002
   3.74160000000000       8.137906027586775E-002
   3.74220000000000       8.127617251986176E-002
   3.74280000000000       8.117341797512348E-002
   3.74340000000000       8.107079646353998E-002
   3.74400000000000       8.096830780724712E-002
   3.74460000000000       8.086595182862914E-002
   3.74520000000000       8.076372835031846E-002
   3.74580000000000       8.066163719519499E-002
   3.74640000000000       8.055967818638611E-002
   3.74700000000000       8.045785114726607E-002
   3.74760000000000       8.035615590145571E-002
   3.74820000000000       8.025459227282215E-002
   3.74880000000000       8.015316008547829E-002
   3.74940000000000       8.005185916378255E-002
   3.75000000000000       7.995068933233847E-002
   3.75060000000000       7.984965041599436E-002
   3.75120000000000       7.974874223984299E-002
   3.75180000000000       7.964796462922100E-002
   3.75240000000000       7.954731740970901E-002
   3.75300000000000       7.944680040713070E-002
   3.75360000000000       7.934641344755275E-002
   3.75420000000000       7.924615635728453E-002
   3.75480000000000       7.914602896287767E-002
   3.75540000000000       7.904603109112553E-002
   3.75600000000000       7.894616256906317E-002
   3.75660000000000       7.884642322396680E-002
   3.75720000000000       7.874681288335326E-002
   3.75780000000000       7.864733137498010E-002
   3.75840000000000       7.854797852684482E-002
   3.75900000000000       7.844875416718475E-002
   3.75960000000000       7.834965812447657E-002
   3.76020000000000       7.825069022743604E-002
   3.76080000000000       7.815185030501759E-002
   3.76140000000000       7.805313818641402E-002
   3.76200000000000       7.795455370105603E-002
   3.76260000000000       7.785609667861210E-002
   3.76320000000000       7.775776694898787E-002
   3.76380000000000       7.765956434232596E-002
   3.76440000000000       7.756148868900561E-002
   3.76500000000000       7.746353981964227E-002
   3.76560000000000       7.736571756508726E-002
   3.76620000000000       7.726802175642748E-002
   3.76680000000000       7.717045222498500E-002
   3.76740000000000       7.707300880231673E-002
   3.76800000000000       7.697569132021413E-002
   3.76860000000000       7.687849961070276E-002
   3.76920000000000       7.678143350604201E-002
   3.76980000000000       7.668449283872475E-002
   3.77040000000000       7.658767744147697E-002
   3.77100000000000       7.649098714725737E-002
   3.77160000000000       7.639442178925730E-002
   3.77220000000000       7.629798120089996E-002
   3.77280000000000       7.620166521584044E-002
   3.77340000000000       7.610547366796519E-002
   3.77400000000000       7.600940639139173E-002
   3.77460000000000       7.591346322046832E-002
   3.77520000000000       7.581764398977364E-002
   3.77580000000000       7.572194853411640E-002
   3.77640000000000       7.562637668853497E-002
   3.77700000000000       7.553092828829726E-002
   3.77760000000000       7.543560316890005E-002
   3.77820000000000       7.534040116606880E-002
   3.77880000000000       7.524532211575752E-002
   3.77940000000000       7.515036585414807E-002
   3.78000000000000       7.505553221765010E-002
   3.78060000000000       7.496082104290061E-002
   3.78120000000000       7.486623216676362E-002
   3.78180000000000       7.477176542632982E-002
   3.78240000000000       7.467742065891626E-002
   3.78300000000000       7.458319770206605E-002
   3.78360000000000       7.448909639354796E-002
   3.78420000000000       7.439511657135608E-002
   3.78480000000000       7.430125807370964E-002
   3.78540000000000       7.420752073905253E-002
   3.78600000000000       7.411390440605291E-002
   3.78660000000000       7.402040891360312E-002
   3.78720000000000       7.392703410081912E-002
   3.78780000000000       7.383377980704030E-002
   3.78840000000000       7.374064587182907E-002
   3.78900000000000       7.364763213497061E-002
   3.78960000000000       7.355473843647244E-002
   3.79020000000000       7.346196461656422E-002
   3.79080000000000       7.336931051569733E-002
   3.79140000000000       7.327677597454457E-002
   3.79200000000000       7.318436083399982E-002
   3.79260000000000       7.309206493517775E-002
   3.79320000000000       7.299988811941349E-002
   3.79380000000000       7.290783022826228E-002
   3.79440000000000       7.281589110349915E-002
   3.79500000000000       7.272407058711863E-002
   3.79560000000000       7.263236852133444E-002
   3.79620000000000       7.254078474857906E-002
   3.79680000000000       7.244931911150360E-002
   3.79740000000000       7.235797145297720E-002
   3.79800000000000       7.226674161608705E-002
   3.79860000000000       7.217562944413780E-002
   3.79920000000000       7.208463478065140E-002
   3.79980000000000       7.199375746936656E-002
   3.80040000000000       7.190299735423879E-002
   3.80100000000000       7.181235427943980E-002
   3.80160000000000       7.172182808935725E-002
   3.80220000000000       7.163141862859450E-002
   3.80280000000000       7.154112574197020E-002
   3.80340000000000       7.145094927451807E-002
   3.80400000000000       7.136088907148652E-002
   3.80460000000000       7.127094497833826E-002
   3.80520000000000       7.118111684075022E-002
   3.80580000000000       7.109140450461306E-002
   3.80640000000000       7.100180781603077E-002
   3.80700000000000       7.091232662132063E-002
   3.80760000000000       7.082296076701267E-002
   3.80820000000000       7.073371009984945E-002
   3.80880000000000       7.064457446678571E-002
   3.80940000000000       7.055555371498819E-002
   3.81000000000000       7.046664769183507E-002
   3.81060000000000       7.037785624491590E-002
   3.81120000000000       7.028917922203118E-002
   3.81180000000000       7.020061647119200E-002
   3.81240000000000       7.011216784061988E-002
   3.81300000000000       7.002383317874637E-002
   3.81360000000000       6.993561233421274E-002
   3.81420000000000       6.984750515586965E-002
   3.81480000000000       6.975951149277697E-002
   3.81540000000000       6.967163119420330E-002
   3.81600000000000       6.958386410962583E-002
   3.81660000000000       6.949621008872986E-002
   3.81720000000000       6.940866898140871E-002
   3.81780000000000       6.932124063776318E-002
   3.81840000000000       6.923392490810149E-002
   3.81900000000000       6.914672164293872E-002
   3.81960000000000       6.905963069299675E-002
   3.82020000000000       6.897265190920389E-002
   3.82080000000000       6.888578514269426E-002
   3.82140000000000       6.879903024480809E-002
   3.82200000000000       6.871238706709093E-002
   3.82260000000000       6.862585546129359E-002
   3.82320000000000       6.853943527937170E-002
   3.82380000000000       6.845312637348552E-002
   3.82440000000000       6.836692859599963E-002
   3.82500000000000       6.828084179948253E-002
   3.82560000000000       6.819486583670645E-002
   3.82620000000000       6.810900056064702E-002
   3.82680000000000       6.802324582448295E-002
   3.82740000000000       6.793760148159582E-002
   3.82800000000000       6.785206738556955E-002
   3.82860000000000       6.776664339019056E-002
   3.82920000000000       6.768132934944693E-002
   3.82980000000000       6.759612511752848E-002
   3.83040000000000       6.751103054882635E-002
   3.83100000000000       6.742604549793264E-002
   3.83160000000000       6.734116981964032E-002
   3.83220000000000       6.725640336894274E-002
   3.83280000000000       6.717174600103341E-002
   3.83340000000000       6.708719757130571E-002
   3.83400000000000       6.700275793535264E-002
   3.83460000000000       6.691842694896642E-002
   3.83520000000000       6.683420446813830E-002
   3.83580000000000       6.675009034905825E-002
   3.83640000000000       6.666608444811463E-002
   3.83700000000000       6.658218662189395E-002
   3.83760000000000       6.649839672718057E-002
   3.83820000000000       6.641471462095633E-002
   3.83880000000000       6.633114016040041E-002
   3.83940000000000       6.624767320288898E-002
   3.84000000000000       6.616431360599481E-002
   3.84060000000000       6.608106122748715E-002
   3.84120000000000       6.599791592533136E-002
   3.84180000000000       6.591487755768868E-002
   3.84240000000000       6.583194598291571E-002
   3.84300000000000       6.574912105956453E-002
   3.84360000000000       6.566640264638206E-002
   3.84420000000000       6.558379060231000E-002
   3.84480000000000       6.550128478648448E-002
   3.84540000000000       6.541888505823565E-002
   3.84600000000000       6.533659127708763E-002
   3.84660000000000       6.525440330275796E-002
   3.84720000000000       6.517232099515773E-002
   3.84780000000000       6.509034421439071E-002
   3.84840000000000       6.500847282075364E-002
   3.84900000000000       6.492670667473559E-002
   3.84960000000000       6.484504563701780E-002
   3.85020000000000       6.476348956847344E-002
   3.85080000000000       6.468203833016725E-002
   3.85140000000000       6.460069178335533E-002
   3.85200000000000       6.451944978948478E-002
   3.85260000000000       6.443831221019354E-002
   3.85320000000000       6.435727890731002E-002
   3.85380000000000       6.427634974285280E-002
   3.85440000000000       6.419552457903052E-002
   3.85500000000000       6.411480327824137E-002
   3.85560000000000       6.403418570307300E-002
   3.85620000000000       6.395367171630215E-002
   3.85680000000000       6.387326118089443E-002
   3.85740000000000       6.379295396000398E-002
   3.85800000000000       6.371274991697330E-002
   3.85860000000000       6.363264891533284E-002
   3.85920000000000       6.355265081880088E-002
   3.85980000000000       6.347275549128308E-002
   3.86040000000000       6.339296279687234E-002
   3.86100000000000       6.331327259984865E-002
   3.86160000000000       6.323368476467843E-002
   3.86220000000000       6.315419915601465E-002
   3.86280000000000       6.307481563869642E-002
   3.86340000000000       6.299553407774842E-002
   3.86400000000000       6.291635433838126E-002
   3.86460000000000       6.283727628599070E-002
   3.86520000000000       6.275829978615761E-002
   3.86580000000000       6.267942470464756E-002
   3.86640000000000       6.260065090741078E-002
   3.86700000000000       6.252197826058160E-002
   3.86760000000000       6.244340663047836E-002
   3.86820000000000       6.236493588360312E-002
   3.86880000000000       6.228656588664144E-002
   3.86940000000000       6.220829650646195E-002
   3.87000000000000       6.213012761011630E-002
   3.87060000000000       6.205205906483870E-002
   3.87120000000000       6.197409073804584E-002
   3.87180000000000       6.189622249733646E-002
   3.87240000000000       6.181845421049115E-002
   3.87300000000000       6.174078574547216E-002
   3.87360000000000       6.166321697042302E-002
   3.87420000000000       6.158574775366834E-002
   3.87480000000000       6.150837796371355E-002
   3.87540000000000       6.143110746924461E-002
   3.87600000000000       6.135393613912778E-002
   3.87660000000000       6.127686384240932E-002
   3.87720000000000       6.119989044831531E-002
   3.87780000000000       6.112301582625125E-002
   3.87840000000000       6.104623984580197E-002
   3.87900000000000       6.096956237673120E-002
   3.87960000000000       6.089298328898141E-002
   3.88020000000000       6.081650245267367E-002
   3.88080000000000       6.074011973810715E-002
   3.88140000000000       6.066383501575893E-002
   3.88200000000000       6.058764815628386E-002
   3.88260000000000       6.051155903051419E-002
   3.88320000000000       6.043556750945942E-002
   3.88380000000000       6.035967346430587E-002
   3.88440000000000       6.028387676641671E-002
   3.88500000000000       6.020817728733124E-002
   3.88560000000000       6.013257489876516E-002
   3.88620000000000       6.005706947261001E-002
   3.88680000000000       5.998166088093299E-002
   3.88740000000000       5.990634899597667E-002
   3.88800000000000       5.983113369015882E-002
   3.88860000000000       5.975601483607201E-002
   3.88920000000000       5.968099230648357E-002
   3.88980000000000       5.960606597433513E-002
   3.89040000000000       5.953123571274249E-002
   3.89100000000000       5.945650139499537E-002
   3.89160000000000       5.938186289455705E-002
   3.89220000000000       5.930732008506424E-002
   3.89280000000000       5.923287284032682E-002
   3.89340000000000       5.915852103432748E-002
   3.89400000000000       5.908426454122159E-002
   3.89460000000000       5.901010323533691E-002
   3.89520000000000       5.893603699117336E-002
   3.89580000000000       5.886206568340265E-002
   3.89640000000000       5.878818918686829E-002
   3.89700000000000       5.871440737658504E-002
   3.89760000000000       5.864072012773888E-002
   3.89820000000000       5.856712731568673E-002
   3.89880000000000       5.849362881595602E-002
   3.89940000000000       5.842022450424478E-002
   3.90000000000000       5.834691425642111E-002
   3.90060000000000       5.827369794852299E-002
   3.90120000000000       5.820057545675814E-002
   3.90180000000000       5.812754665750368E-002
   3.90240000000000       5.805461142730593E-002
   3.90300000000000       5.798176964288014E-002
   3.90360000000000       5.790902118111027E-002
   3.90420000000000       5.783636591904874E-002
   3.90480000000000       5.776380373391615E-002
   3.90540000000000       5.769133450310120E-002
   3.90600000000000       5.761895810416009E-002
   3.90660000000000       5.754667441481668E-002
   3.90720000000000       5.747448331296205E-002
   3.90780000000000       5.740238467665430E-002
   3.90840000000000       5.733037838411822E-002
   3.90900000000000       5.725846431374523E-002
   3.90960000000000       5.718664234409297E-002
   3.91020000000000       5.711491235388514E-002
   3.91080000000000       5.704327422201127E-002
   3.91140000000000       5.697172782752644E-002
   3.91200000000000       5.690027304965109E-002
   3.91260000000000       5.682890976777070E-002
   3.91320000000000       5.675763786143569E-002
   3.91380000000000       5.668645721036104E-002
   3.91440000000000       5.661536769442613E-002
   3.91500000000000       5.654436919367451E-002
   3.91560000000000       5.647346158831361E-002
   3.91620000000000       5.640264475871454E-002
   3.91680000000000       5.633191858541190E-002
   3.91740000000000       5.626128294910338E-002
   3.91800000000000       5.619073773064985E-002
   3.91860000000000       5.612028281107476E-002
   3.91920000000000       5.604991807156404E-002
   3.91980000000000       5.597964339346600E-002
   3.92040000000000       5.590945865829094E-002
   3.92100000000000       5.583936374771095E-002
   3.92160000000000       5.576935854355974E-002
   3.92220000000000       5.569944292783229E-002
   3.92280000000000       5.562961678268478E-002
   3.92340000000000       5.555987999043422E-002
   3.92400000000000       5.549023243355824E-002
   3.92460000000000       5.542067399469495E-002
   3.92520000000000       5.535120455664260E-002
   3.92580000000000       5.528182400235945E-002
   3.92640000000000       5.521253221496350E-002
   3.92700000000000       5.514332907773206E-002
   3.92760000000000       5.507421447410194E-002
   3.92820000000000       5.500518828766892E-002
   3.92880000000000       5.493625040218757E-002
   3.92940000000000       5.486740070157108E-002
   3.93000000000000       5.479863906989093E-002
   3.93060000000000       5.472996539137686E-002
   3.93120000000000       5.466137955041638E-002
   3.93180000000000       5.459288143155473E-002
   3.93240000000000       5.452447091949465E-002
   3.93300000000000       5.445614789909606E-002
   3.93360000000000       5.438791225537588E-002
   3.93420000000000       5.431976387350785E-002
   3.93480000000000       5.425170263882219E-002
   3.93540000000000       5.418372843680551E-002
   3.93600000000000       5.411584115310052E-002
   3.93660000000000       5.404804067350572E-002
   3.93720000000000       5.398032688397549E-002
   3.93780000000000       5.391269967061944E-002
   3.93840000000000       5.384515891970240E-002
   3.93900000000000       5.377770451764431E-002
   3.93960000000000       5.371033635101979E-002
   3.94020000000000       5.364305430655803E-002
   3.94080000000000       5.357585827114254E-002
   3.94140000000000       5.350874813181098E-002
   3.94200000000000       5.344172377575481E-002
   3.94260000000000       5.337478509031923E-002
   3.94320000000000       5.330793196300286E-002
   3.94380000000000       5.324116428145753E-002
   3.94440000000000       5.317448193348809E-002
   3.94500000000000       5.310788480705218E-002
   3.94560000000000       5.304137279026000E-002
   3.94620000000000       5.297494577137411E-002
   3.94680000000000       5.290860363880921E-002
   3.94740000000000       5.284234628113187E-002
   3.94800000000000       5.277617358706047E-002
   3.94860000000000       5.271008544546468E-002
   3.94920000000000       5.264408174536560E-002
   3.94980000000000       5.257816237593532E-002
   3.95040000000000       5.251232722649680E-002
   3.95100000000000       5.244657618652355E-002
   3.95160000000000       5.238090914563953E-002
   3.95220000000000       5.231532599361887E-002
   3.95280000000000       5.224982662038570E-002
   3.95340000000000       5.218441091601385E-002
   3.95400000000000       5.211907877072676E-002
   3.95460000000000       5.205383007489717E-002
   3.95520000000000       5.198866471904693E-002
   3.95580000000000       5.192358259384675E-002
   3.95640000000000       5.185858359011621E-002
   3.95700000000000       5.179366759882317E-002
   3.95760000000000       5.172883451108386E-002
   3.95820000000000       5.166408421816251E-002
   3.95880000000000       5.159941661147126E-002
   3.95940000000000       5.153483158256983E-002
   3.96000000000000       5.147032902316540E-002
   3.96060000000000       5.140590882511233E-002
   3.96120000000000       5.134157088041202E-002
   3.96180000000000       5.127731508121263E-002
   3.96240000000000       5.121314131980893E-002
   3.96300000000000       5.114904948864203E-002
   3.96360000000000       5.108503948029926E-002
   3.96420000000000       5.102111118751387E-002
   3.96480000000000       5.095726450316485E-002
   3.96540000000000       5.089349932027677E-002
   3.96600000000000       5.082981553201948E-002
   3.96660000000000       5.076621303170804E-002
   3.96720000000000       5.070269171280237E-002
   3.96780000000000       5.063925146890708E-002
   3.96840000000000       5.057589219377136E-002
   3.96900000000000       5.051261378128873E-002
   3.96960000000000       5.044941612549658E-002
   3.97020000000000       5.038629912057645E-002
   3.97080000000000       5.032326266085347E-002
   3.97140000000000       5.026030664079622E-002
   3.97200000000000       5.019743095501662E-002
   3.97260000000000       5.013463549826962E-002
   3.97320000000000       5.007192016545303E-002
   3.97380000000000       5.000928485160738E-002
   3.97440000000000       4.994672945191554E-002
   3.97500000000000       4.988425386170284E-002
   3.97560000000000       4.982185797643652E-002
   3.97620000000000       4.975954169172570E-002
   3.97680000000000       4.969730490332117E-002
   3.97740000000000       4.963514750711515E-002
   3.97800000000000       4.957306939914113E-002
   3.97860000000000       4.951107047557367E-002
   3.97920000000000       4.944915063272812E-002
   3.97980000000000       4.938730976706052E-002
   3.98040000000000       4.932554777516736E-002
   3.98100000000000       4.926386455378537E-002
   3.98160000000000       4.920225999979132E-002
   3.98220000000000       4.914073401020183E-002
   3.98280000000000       4.907928648217322E-002
   3.98340000000000       4.901791731300115E-002
   3.98400000000000       4.895662640012066E-002
   3.98460000000000       4.889541364110581E-002
   3.98520000000000       4.883427893366944E-002
   3.98580000000000       4.877322217566316E-002
   3.98640000000000       4.871224326507697E-002
   3.98700000000000       4.865134210003919E-002
   3.98760000000000       4.859051857881615E-002
   3.98820000000000       4.852977259981210E-002
   3.98880000000000       4.846910406156898E-002
   3.98940000000000       4.840851286276621E-002
   3.99000000000000       4.834799890222043E-002
   3.99060000000000       4.828756207888556E-002
   3.99120000000000       4.822720229185207E-002
   3.99180000000000       4.816691944034745E-002
   3.99240000000000       4.810671342373559E-002
   3.99300000000000       4.804658414151671E-002
   3.99360000000000       4.798653149332710E-002
   3.99420000000000       4.792655537893912E-002
   3.99480000000000       4.786665569826072E-002
   3.99540000000000       4.780683235133544E-002
   3.99600000000000       4.774708523834219E-002
   3.99660000000000       4.768741425959502E-002
   3.99720000000000       4.762781931554296E-002
   3.99780000000000       4.756830030676979E-002
   3.99840000000000       4.750885713399392E-002
   3.99900000000000       4.744948969806812E-002
   3.99960000000000       4.739019789997938E-002
   4.00020000000000       4.733098164084868E-002
   4.00080000000000       4.727184082193087E-002
   4.00140000000000       4.721277534461438E-002
   4.00200000000000       4.715378511042109E-002
   4.00260000000000       4.709487002100620E-002
   4.00320000000000       4.703602997815790E-002
   4.00380000000000       4.697726488379726E-002
   4.00440000000000       4.691857463997812E-002
   4.00500000000000       4.685995914888672E-002
   4.00560000000000       4.680141831284168E-002
   4.00620000000000       4.674295203429371E-002
   4.00680000000000       4.668456021582548E-002
   4.00740000000000       4.662624276015136E-002
   4.00800000000000       4.656799957011740E-002
   4.00860000000000       4.650983054870095E-002
   4.00920000000000       4.645173559901052E-002
   4.00980000000000       4.639371462428568E-002
   4.01040000000000       4.633576752789682E-002
   4.01100000000000       4.627789421334493E-002
   4.01160000000000       4.622009458426158E-002
   4.01220000000000       4.616236854440827E-002
   4.01280000000000       4.610471599767699E-002
   4.01340000000000       4.604713684808940E-002
   4.01400000000000       4.598963099979694E-002
   4.01460000000000       4.593219835708055E-002
   4.01520000000000       4.587483882435053E-002
   4.01580000000000       4.581755230614634E-002
   4.01640000000000       4.576033870713645E-002
   4.01700000000000       4.570319793211809E-002
   4.01760000000000       4.564612988601710E-002
   4.01820000000000       4.558913447388781E-002
   4.01880000000000       4.553221160091275E-002
   4.01940000000000       4.547536117240254E-002
   4.02000000000000       4.541858309379571E-002
   4.02060000000000       4.536187727065846E-002
   4.02120000000000       4.530524360868455E-002
   4.02180000000000       4.524868201369508E-002
   4.02240000000000       4.519219239163829E-002
   4.02300000000000       4.513577464858949E-002
   4.02360000000000       4.507942869075071E-002
   4.02420000000000       4.502315442445064E-002
   4.02480000000000       4.496695175614444E-002
   4.02540000000000       4.491082059241355E-002
   4.02600000000000       4.485476083996544E-002
   4.02660000000000       4.479877240563355E-002
   4.02720000000000       4.474285519637711E-002
   4.02780000000000       4.468700911928080E-002
   4.02840000000000       4.463123408155472E-002
   4.02900000000000       4.457552999053424E-002
   4.02960000000000       4.451989675367967E-002
   4.03020000000000       4.446433427857623E-002
   4.03080000000000       4.440884247293379E-002
   4.03140000000000       4.435342124458674E-002
   4.03200000000000       4.429807050149377E-002
   4.03260000000000       4.424279015173775E-002
   4.03320000000000       4.418758010352554E-002
   4.03380000000000       4.413244026518771E-002
   4.03440000000000       4.407737054517852E-002
   4.03500000000000       4.402237085207567E-002
   4.03560000000000       4.396744109458017E-002
   4.03620000000000       4.391258118151608E-002
   4.03680000000000       4.385779102183041E-002
   4.03740000000000       4.380307052459295E-002
   4.03800000000000       4.374841959899602E-002
   4.03860000000000       4.369383815435435E-002
   4.03920000000000       4.363932610010499E-002
   4.03980000000000       4.358488334580697E-002
   4.04040000000000       4.353050980114123E-002
   4.04100000000000       4.347620537591045E-002
   4.04160000000000       4.342196998003883E-002
   4.04220000000000       4.336780352357197E-002
   4.04280000000000       4.331370591667668E-002
   4.04340000000000       4.325967706964078E-002
   4.04400000000000       4.320571689287298E-002
   4.04460000000000       4.315182529690267E-002
   4.04520000000000       4.309800219237971E-002
   4.04580000000000       4.304424749007450E-002
   4.04640000000000       4.299056110087740E-002
   4.04700000000000       4.293694293579893E-002
   4.04760000000000       4.288339290596938E-002
   4.04820000000000       4.282991092263876E-002
   4.04880000000000       4.277649689717658E-002
   4.04940000000000       4.272315074107167E-002
   4.05000000000000       4.266987236593207E-002
   4.05060000000000       4.261666168348482E-002
   4.05120000000000       4.256351860557574E-002
   4.05180000000000       4.251044304416941E-002
   4.05240000000000       4.245743491134884E-002
   4.05300000000000       4.240449411931542E-002
   4.05360000000000       4.235162058038867E-002
   4.05420000000000       4.229881420700621E-002
   4.05480000000000       4.224607491172333E-002
   4.05540000000000       4.219340260721312E-002
   4.05600000000000       4.214079720626619E-002
   4.05660000000000       4.208825862179037E-002
   4.05720000000000       4.203578676681079E-002
   4.05780000000000       4.198338155446955E-002
   4.05840000000000       4.193104289802557E-002
   4.05900000000000       4.187877071085448E-002
   4.05960000000000       4.182656490644841E-002
   4.06020000000000       4.177442539841587E-002
   4.06080000000000       4.172235210048154E-002
   4.06140000000000       4.167034492648612E-002
   4.06200000000000       4.161840379038621E-002
   4.06260000000000       4.156652860625409E-002
   4.06320000000000       4.151471928827757E-002
   4.06380000000000       4.146297575075984E-002
   4.06440000000000       4.141129790811929E-002
   4.06500000000000       4.135968567488943E-002
   4.06560000000000       4.130813896571860E-002
   4.06620000000000       4.125665769536987E-002
   4.06680000000000       4.120524177872090E-002
   4.06740000000000       4.115389113076377E-002
   4.06800000000000       4.110260566660475E-002
   4.06860000000000       4.105138530146425E-002
   4.06920000000000       4.100022995067659E-002
   4.06980000000000       4.094913952968985E-002
   4.07040000000000       4.089811395406573E-002
   4.07100000000000       4.084715313947936E-002
   4.07160000000000       4.079625700171917E-002
   4.07220000000000       4.074542545668672E-002
   4.07280000000000       4.069465842039653E-002
   4.07340000000000       4.064395580897596E-002
   4.07400000000000       4.059331753866496E-002
   4.07460000000000       4.054274352581604E-002
   4.07520000000000       4.049223368689404E-002
   4.07580000000000       4.044178793847598E-002
   4.07640000000000       4.039140619725080E-002
   4.07700000000000       4.034108838001944E-002
   4.07760000000000       4.029083440369449E-002
   4.07820000000000       4.024064418530013E-002
   4.07880000000000       4.019051764197186E-002
   4.07940000000000       4.014045469095651E-002
   4.08000000000000       4.009045524961190E-002
   4.08060000000000       4.004051923540687E-002
   4.08120000000000       3.999064656592095E-002
   4.08180000000000       3.994083715884436E-002
   4.08240000000000       3.989109093197771E-002
   4.08300000000000       3.984140780323197E-002
   4.08360000000000       3.979178769062820E-002
   4.08420000000000       3.974223051229758E-002
   4.08480000000000       3.969273618648100E-002
   4.08540000000000       3.964330463152912E-002
   4.08600000000000       3.959393576590209E-002
   4.08660000000000       3.954462950816947E-002
   4.08720000000000       3.949538577701003E-002
   4.08780000000000       3.944620449121166E-002
   4.08840000000000       3.939708556967110E-002
   4.08900000000000       3.934802893139394E-002
   4.08960000000000       3.929903449549433E-002
   4.09020000000000       3.925010218119490E-002
   4.09080000000000       3.920123190782662E-002
   4.09140000000000       3.915242359482863E-002
   4.09200000000000       3.910367716174801E-002
   4.09260000000000       3.905499252823977E-002
   4.09320000000000       3.900636961406660E-002
   4.09380000000000       3.895780833909875E-002
   4.09440000000000       3.890930862331392E-002
   4.09500000000000       3.886087038679701E-002
   4.09560000000000       3.881249354974006E-002
   4.09620000000000       3.876417803244204E-002
   4.09680000000000       3.871592375530881E-002
   4.09740000000000       3.866773063885274E-002
   4.09800000000000       3.861959860369282E-002
   4.09860000000000       3.857152757055442E-002
   4.09920000000000       3.852351746026903E-002
   4.09980000000000       3.847556819377429E-002
   4.10040000000000       3.842767969211371E-002
   4.10100000000000       3.837985187643655E-002
   4.10160000000000       3.833208466799777E-002
   4.10220000000000       3.828437798815768E-002
   4.10280000000000       3.823673175838205E-002
   4.10340000000000       3.818914590024174E-002
   4.10400000000000       3.814162033541263E-002
   4.10460000000000       3.809415498567555E-002
   4.10520000000000       3.804674977291602E-002
   4.10580000000000       3.799940461912414E-002
   4.10640000000000       3.795211944639451E-002
   4.10700000000000       3.790489417692595E-002
   4.10760000000000       3.785772873302153E-002
   4.10820000000000       3.781062303708823E-002
   4.10880000000000       3.776357701163695E-002
   4.10940000000000       3.771659057928231E-002
   4.11000000000000       3.766966366274246E-002
   4.11060000000000       3.762279618483902E-002
   4.11120000000000       3.757598806849687E-002
   4.11180000000000       3.752923923674403E-002
   4.11240000000000       3.748254961271153E-002
   4.11300000000000       3.743591911963324E-002
   4.11360000000000       3.738934768084572E-002
   4.11420000000000       3.734283521978814E-002
   4.11480000000000       3.729638166000206E-002
   4.11540000000000       3.724998692513131E-002
   4.11600000000000       3.720365093892185E-002
   4.11660000000000       3.715737362522171E-002
   4.11720000000000       3.711115490798068E-002
   4.11780000000000       3.706499471125029E-002
   4.11840000000000       3.701889295918372E-002
   4.11900000000000       3.697284957603533E-002
   4.11960000000000       3.692686448616100E-002
   4.12020000000000       3.688093761401772E-002
   4.12080000000000       3.683506888416339E-002
   4.12140000000000       3.678925822125681E-002
   4.12200000000000       3.674350555005759E-002
   4.12260000000000       3.669781079542580E-002
   4.12320000000000       3.665217388232197E-002
   4.12380000000000       3.660659473580698E-002
   4.12440000000000       3.656107328104184E-002
   4.12500000000000       3.651560944328754E-002
   4.12560000000000       3.647020314790504E-002
   4.12620000000000       3.642485432035494E-002
   4.12680000000000       3.637956288619756E-002
   4.12740000000000       3.633432877109256E-002
   4.12800000000000       3.628915190079901E-002
   4.12860000000000       3.624403220117515E-002
   4.12920000000000       3.619896959817823E-002
   4.12980000000000       3.615396401786446E-002
   4.13040000000000       3.610901538638880E-002
   4.13100000000000       3.606412363000486E-002
   4.13160000000000       3.601928867506471E-002
   4.13220000000000       3.597451044801882E-002
   4.13280000000000       3.592978887541587E-002
   4.13340000000000       3.588512388390263E-002
   4.13400000000000       3.584051540022383E-002
   4.13460000000000       3.579596335122198E-002
   4.13520000000000       3.575146766383727E-002
   4.13580000000000       3.570702826510753E-002
   4.13640000000000       3.566264508216788E-002
   4.13700000000000       3.561831804225074E-002
   4.13760000000000       3.557404707268570E-002
   4.13820000000000       3.552983210089931E-002
   4.13880000000000       3.548567305441501E-002
   4.13940000000000       3.544156986085304E-002
   4.14000000000000       3.539752244792999E-002
   4.14060000000000       3.535353074345919E-002
   4.14120000000000       3.530959467535020E-002
   4.14180000000000       3.526571417160873E-002
   4.14240000000000       3.522188916033661E-002
   4.14300000000000       3.517811956973156E-002
   4.14360000000000       3.513440532808710E-002
   4.14420000000000       3.509074636379243E-002
   4.14480000000000       3.504714260533225E-002
   4.14540000000000       3.500359398128667E-002
   4.14600000000000       3.496010042033105E-002
   4.14660000000000       3.491666185123590E-002
   4.14720000000000       3.487327820286670E-002
   4.14780000000000       3.482994940418383E-002
   4.14840000000000       3.478667538424237E-002
   4.14900000000000       3.474345607219202E-002
   4.14960000000000       3.470029139727693E-002
   4.15020000000000       3.465718128883563E-002
   4.15080000000000       3.461412567630082E-002
   4.15140000000000       3.457112448919927E-002
   4.15200000000000       3.452817765715174E-002
   4.15260000000000       3.448528510987278E-002
   4.15320000000000       3.444244677717063E-002
   4.15380000000000       3.439966258894707E-002
   4.15440000000000       3.435693247519730E-002
   4.15500000000000       3.431425636600989E-002
   4.15560000000000       3.427163419156650E-002
   4.15620000000000       3.422906588214185E-002
   4.15680000000000       3.418655136810356E-002
   4.15740000000000       3.414409057991204E-002
   4.15800000000000       3.410168344812035E-002
   4.15860000000000       3.405932990337408E-002
   4.15920000000000       3.401702987641118E-002
   4.15980000000000       3.397478329806192E-002
   4.16040000000000       3.393259009924865E-002
   4.16100000000000       3.389045021098581E-002
   4.16160000000000       3.384836356437958E-002
   4.16220000000000       3.380633009062804E-002
   4.16280000000000       3.376434972102081E-002
   4.16340000000000       3.372242238693908E-002
   4.16400000000000       3.368054801985534E-002
   4.16460000000000       3.363872655133338E-002
   4.16520000000000       3.359695791302808E-002
   4.16580000000000       3.355524203668533E-002
   4.16640000000000       3.351357885414189E-002
   4.16700000000000       3.347196829732524E-002
   4.16760000000000       3.343041029825351E-002
   4.16820000000000       3.338890478903526E-002
   4.16880000000000       3.334745170186951E-002
   4.16940000000000       3.330605096904543E-002
   4.17000000000000       3.326470252294235E-002
   4.17060000000000       3.322340629602959E-002
   4.17120000000000       3.318216222086631E-002
   4.17180000000000       3.314097023010142E-002
   4.17240000000000       3.309983025647349E-002
   4.17300000000000       3.305874223281048E-002
   4.17360000000000       3.301770609202985E-002
   4.17420000000000       3.297672176713822E-002
   4.17480000000000       3.293578919123136E-002
   4.17540000000000       3.289490829749400E-002
   4.17600000000000       3.285407901919978E-002
   4.17660000000000       3.281330128971109E-002
   4.17720000000000       3.277257504247895E-002
   4.17780000000000       3.273190021104284E-002
   4.17840000000000       3.269127672903072E-002
   4.17900000000000       3.265070453015870E-002
   4.17960000000000       3.261018354823111E-002
   4.18020000000000       3.256971371714026E-002
   4.18080000000000       3.252929497086636E-002
   4.18140000000000       3.248892724347741E-002
   4.18200000000000       3.244861046912906E-002
   4.18260000000000       3.240834458206444E-002
   4.18320000000000       3.236812951661413E-002
   4.18380000000000       3.232796520719604E-002
   4.18440000000000       3.228785158831517E-002
   4.18500000000000       3.224778859456362E-002
   4.18560000000000       3.220777616062040E-002
   4.18620000000000       3.216781422125134E-002
   4.18680000000000       3.212790271130892E-002
   4.18740000000000       3.208804156573224E-002
   4.18800000000000       3.204823071954681E-002
   4.18860000000000       3.200847010786446E-002
   4.18920000000000       3.196875966588329E-002
   4.18980000000000       3.192909932888740E-002
   4.19040000000000       3.188948903224693E-002
   4.19100000000000       3.184992871141785E-002
   4.19160000000000       3.181041830194186E-002
   4.19220000000000       3.177095773944626E-002
   4.19280000000000       3.173154695964388E-002
   4.19340000000000       3.169218589833293E-002
   4.19400000000000       3.165287449139684E-002
   4.19460000000000       3.161361267480420E-002
   4.19520000000000       3.157440038460863E-002
   4.19580000000000       3.153523755694868E-002
   4.19640000000000       3.149612412804762E-002
   4.19700000000000       3.145706003421349E-002
   4.19760000000000       3.141804521183881E-002
   4.19820000000000       3.137907959740056E-002
   4.19880000000000       3.134016312746007E-002
   4.19940000000000       3.130129573866283E-002
   4.20000000000000       3.126247736773847E-002
   4.20060000000000       3.122370795150054E-002
   4.20120000000000       3.118498742684651E-002
   4.20180000000000       3.114631573075755E-002
   4.20240000000000       3.110769280029845E-002
   4.20300000000000       3.106911857261758E-002
   4.20360000000000       3.103059298494660E-002
   4.20420000000000       3.099211597460051E-002
   4.20480000000000       3.095368747897749E-002
   4.20540000000000       3.091530743555874E-002
   4.20600000000000       3.087697578190843E-002
   4.20660000000000       3.083869245567354E-002
   4.20720000000000       3.080045739458374E-002
   4.20780000000000       3.076227053645130E-002
   4.20840000000000       3.072413181917099E-002
   4.20900000000000       3.068604118071993E-002
   4.20960000000000       3.064799855915751E-002
   4.21020000000000       3.061000389262523E-002
   4.21080000000000       3.057205711934665E-002
   4.21140000000000       3.053415817762719E-002
   4.21200000000000       3.049630700585417E-002
   4.21260000000000       3.045850354249650E-002
   4.21320000000000       3.042074772610471E-002
   4.21380000000000       3.038303949531079E-002
   4.21440000000000       3.034537878882807E-002
   4.21500000000000       3.030776554545113E-002
   4.21560000000000       3.027019970405565E-002
   4.21620000000000       3.023268120359836E-002
   4.21680000000000       3.019520998311689E-002
   4.21740000000000       3.015778598172963E-002
   4.21800000000000       3.012040913863569E-002
   4.21860000000000       3.008307939311472E-002
   4.21920000000000       3.004579668452684E-002
   4.21980000000000       3.000856095231251E-002
   4.22040000000000       2.997137213599245E-002
   4.22100000000000       2.993423017516747E-002
   4.22160000000000       2.989713500951844E-002
   4.22220000000000       2.986008657880610E-002
   4.22280000000000       2.982308482287099E-002
   4.22340000000000       2.978612968163336E-002
   4.22400000000000       2.974922109509301E-002
   4.22460000000000       2.971235900332926E-002
   4.22520000000000       2.967554334650067E-002
   4.22580000000000       2.963877406484517E-002
   4.22640000000000       2.960205109867977E-002
   4.22700000000000       2.956537438840055E-002
   4.22760000000000       2.952874387448245E-002
   4.22820000000000       2.949215949747928E-002
   4.22880000000000       2.945562119802354E-002
   4.22940000000000       2.941912891682631E-002
   4.23000000000000       2.938268259467715E-002
   4.23060000000000       2.934628217244406E-002
   4.23120000000000       2.930992759107326E-002
   4.23180000000000       2.927361879158914E-002
   4.23240000000000       2.923735571509416E-002
   4.23300000000000       2.920113830276872E-002
   4.23360000000000       2.916496649587107E-002
   4.23420000000000       2.912884023573720E-002
   4.23480000000000       2.909275946378072E-002
   4.23540000000000       2.905672412149277E-002
   4.23600000000000       2.902073415044189E-002
   4.23660000000000       2.898478949227396E-002
   4.23720000000000       2.894889008871203E-002
   4.23780000000000       2.891303588155627E-002
   4.23840000000000       2.887722681268384E-002
   4.23900000000000       2.884146282404877E-002
   4.23960000000000       2.880574385768188E-002
   4.24020000000000       2.877006985569067E-002
   4.24080000000000       2.873444076025920E-002
   4.24140000000000       2.869885651364799E-002
   4.24200000000000       2.866331705819394E-002
   4.24260000000000       2.862782233631019E-002
   4.24320000000000       2.859237229048600E-002
   4.24380000000000       2.855696686328673E-002
   4.24440000000000       2.852160599735366E-002
   4.24500000000000       2.848628963540389E-002
   4.24560000000000       2.845101772023033E-002
   4.24620000000000       2.841579019470133E-002
   4.24680000000000       2.838060700176094E-002
   4.24740000000000       2.834546808442858E-002
   4.24800000000000       2.831037338579897E-002
   4.24860000000000       2.827532284904208E-002
   4.24920000000000       2.824031641740292E-002
   4.24980000000000       2.820535403420160E-002
   4.25040000000000       2.817043564283310E-002
   4.25100000000000       2.813556118676715E-002
   4.25160000000000       2.810073060954825E-002
   4.25220000000000       2.806594385479544E-002
   4.25280000000000       2.803120086620229E-002
   4.25340000000000       2.799650158753677E-002
   4.25400000000000       2.796184596264109E-002
   4.25460000000000       2.792723393543171E-002
   4.25520000000000       2.789266544989914E-002
   4.25580000000000       2.785814045010787E-002
   4.25640000000000       2.782365888019631E-002
   4.25700000000000       2.778922068437661E-002
   4.25760000000000       2.775482580693462E-002
   4.25820000000000       2.772047419222976E-002
   4.25880000000000       2.768616578469496E-002
   4.25940000000000       2.765190052883649E-002
   4.26000000000000       2.761767836923393E-002
   4.26060000000000       2.758349925054000E-002
   4.26120000000000       2.754936311748054E-002
   4.26180000000000       2.751526991485433E-002
   4.26240000000000       2.748121958753305E-002
   4.26300000000000       2.744721208046113E-002
   4.26360000000000       2.741324733865574E-002
   4.26420000000000       2.737932530720656E-002
   4.26480000000000       2.734544593127579E-002
   4.26540000000000       2.731160915609797E-002
   4.26600000000000       2.727781492697995E-002
   4.26660000000000       2.724406318930076E-002
   4.26720000000000       2.721035388851157E-002
   4.26780000000000       2.717668697013532E-002
   4.26840000000000       2.714306237976710E-002
   4.26900000000000       2.710948006307363E-002
   4.26960000000000       2.707593996579338E-002
   4.27020000000000       2.704244203373638E-002
   4.27080000000000       2.700898621278417E-002
   4.27140000000000       2.697557244888967E-002
   4.27200000000000       2.694220068807710E-002
   4.27260000000000       2.690887087644189E-002
   4.27320000000000       2.687558296015056E-002
   4.27380000000000       2.684233688544064E-002
   4.27440000000000       2.680913259862056E-002
   4.27500000000000       2.677597004606958E-002
   4.27560000000000       2.674284917423764E-002
   4.27620000000000       2.670976992964532E-002
   4.27680000000000       2.667673225888373E-002
   4.27740000000000       2.664373610861436E-002
   4.27800000000000       2.661078142556908E-002
   4.27860000000000       2.657786815654995E-002
   4.27920000000000       2.654499624842920E-002
   4.27980000000000       2.651216564814907E-002
   4.28040000000000       2.647937630272175E-002
   4.28100000000000       2.644662815922928E-002
   4.28160000000000       2.641392116482346E-002
   4.28220000000000       2.638125526672572E-002
   4.28280000000000       2.634863041222710E-002
   4.28340000000000       2.631604654868808E-002
   4.28400000000000       2.628350362353849E-002
   4.28460000000000       2.625100158427746E-002
   4.28520000000000       2.621854037847330E-002
   4.28580000000000       2.618611995376341E-002
   4.28640000000000       2.615374025785417E-002
   4.28700000000000       2.612140123852087E-002
   4.28760000000000       2.608910284360761E-002
   4.28820000000000       2.605684502102721E-002
   4.28880000000000       2.602462771876103E-002
   4.28940000000000       2.599245088485906E-002
   4.29000000000000       2.596031446743965E-002
   4.29060000000000       2.592821841468953E-002
   4.29120000000000       2.589616267486363E-002
   4.29180000000000       2.586414719628505E-002
   4.29240000000000       2.583217192734497E-002
   4.29300000000000       2.580023681650249E-002
   4.29360000000000       2.576834181228461E-002
   4.29420000000000       2.573648686328609E-002
   4.29480000000000       2.570467191816940E-002
   4.29540000000000       2.567289692566457E-002
   4.29600000000000       2.564116183456915E-002
   4.29660000000000       2.560946659374811E-002
   4.29720000000000       2.557781115213372E-002
   4.29780000000000       2.554619545872547E-002
   4.29840000000000       2.551461946259000E-002
   4.29900000000000       2.548308311286098E-002
   4.29960000000000       2.545158635873904E-002
   4.30020000000000       2.542012914949166E-002
   4.30080000000000       2.538871143445306E-002
   4.30140000000000       2.535733316302421E-002
   4.30200000000000       2.532599428467262E-002
   4.30260000000000       2.529469474893227E-002
   4.30320000000000       2.526343450540359E-002
   4.30380000000000       2.523221350375330E-002
   4.30440000000000       2.520103169371432E-002
   4.30500000000000       2.516988902508578E-002
   4.30560000000000       2.513878544773277E-002
   4.30620000000000       2.510772091158637E-002
   4.30680000000000       2.507669536664351E-002
   4.30740000000000       2.504570876296691E-002
   4.30800000000000       2.501476105068497E-002
   4.30860000000000       2.498385217999165E-002
   4.30920000000000       2.495298210114647E-002
   4.30980000000000       2.492215076447435E-002
   4.31040000000000       2.489135812036547E-002
   4.31100000000000       2.486060411927531E-002
   4.31160000000000       2.482988871172451E-002
   4.31220000000000       2.479921184829874E-002
   4.31280000000000       2.476857347964864E-002
   4.31340000000000       2.473797355648973E-002
   4.31400000000000       2.470741202960235E-002
   4.31460000000000       2.467688884983150E-002
   4.31520000000000       2.464640396808685E-002
   4.31580000000000       2.461595733534257E-002
   4.31640000000000       2.458554890263726E-002
   4.31700000000000       2.455517862107390E-002
   4.31760000000000       2.452484644181972E-002
   4.31820000000000       2.449455231610613E-002
   4.31880000000000       2.446429619522864E-002
   4.31940000000000       2.443407803054673E-002
   4.32000000000000       2.440389777348384E-002
   4.32060000000000       2.437375537552725E-002
   4.32120000000000       2.434365078822792E-002
   4.32180000000000       2.431358396320053E-002
   4.32240000000000       2.428355485212328E-002
   4.32300000000000       2.425356340673788E-002
   4.32360000000000       2.422360957884944E-002
   4.32420000000000       2.419369332032635E-002
   4.32480000000000       2.416381458310026E-002
   4.32540000000000       2.413397331916594E-002
   4.32600000000000       2.410416948058121E-002
   4.32660000000000       2.407440301946687E-002
   4.32720000000000       2.404467388800658E-002
   4.32780000000000       2.401498203844683E-002
   4.32840000000000       2.398532742309677E-002
   4.32900000000000       2.395570999432822E-002
   4.32960000000000       2.392612970457550E-002
   4.33020000000000       2.389658650633542E-002
   4.33080000000000       2.386708035216718E-002
   4.33140000000000       2.383761119469215E-002
   4.33200000000000       2.380817898659402E-002
   4.33260000000000       2.377878368061857E-002
   4.33320000000000       2.374942522957357E-002
   4.33380000000000       2.372010358632877E-002
   4.33440000000000       2.369081870381578E-002
   4.33500000000000       2.366157053502796E-002
   4.33560000000000       2.363235903302042E-002
   4.33620000000000       2.360318415090982E-002
   4.33680000000000       2.357404584187439E-002
   4.33740000000000       2.354494405915378E-002
   4.33800000000000       2.351587875604899E-002
   4.33860000000000       2.348684988592235E-002
   4.33920000000000       2.345785740219729E-002
   4.33980000000000       2.342890125835847E-002
   4.34040000000000       2.339998140795148E-002
   4.34100000000000       2.337109780458290E-002
   4.34160000000000       2.334225040192013E-002
   4.34220000000000       2.331343915369140E-002
   4.34280000000000       2.328466401368562E-002
   4.34340000000000       2.325592493575228E-002
   4.34400000000000       2.322722187380145E-002
   4.34460000000000       2.319855478180361E-002
   4.34520000000000       2.316992361378965E-002
   4.34580000000000       2.314132832385069E-002
   4.34640000000000       2.311276886613809E-002
   4.34700000000000       2.308424519486334E-002
   4.34760000000000       2.305575726429794E-002
   4.34820000000000       2.302730502877336E-002
   4.34880000000000       2.299888844268096E-002
   4.34940000000000       2.297050746047188E-002
   4.35000000000000       2.294216203665697E-002
   4.35060000000000       2.291385212580675E-002
   4.35120000000000       2.288557768255125E-002
   4.35180000000000       2.285733866157999E-002
   4.35240000000000       2.282913501764191E-002
   4.35300000000000       2.280096670554516E-002
   4.35360000000000       2.277283368015725E-002
   4.35420000000000       2.274473589640476E-002
   4.35480000000000       2.271667330927337E-002
   4.35540000000000       2.268864587380773E-002
   4.35600000000000       2.266065354511142E-002
   4.35660000000000       2.263269627834684E-002
   4.35720000000000       2.260477402873514E-002
   4.35780000000000       2.257688675155611E-002
   4.35840000000000       2.254903440214821E-002
   4.35900000000000       2.252121693590834E-002
   4.35960000000000       2.249343430829186E-002
   4.36020000000000       2.246568647481248E-002
   4.36080000000000       2.243797339104217E-002
   4.36140000000000       2.241029501261111E-002
   4.36200000000000       2.238265129520760E-002
   4.36260000000000       2.235504219457796E-002
   4.36320000000000       2.232746766652648E-002
   4.36380000000000       2.229992766691533E-002
   4.36440000000000       2.227242215166447E-002
   4.36500000000000       2.224495107675161E-002
   4.36560000000000       2.221751439821208E-002
   4.36620000000000       2.219011207213878E-002
   4.36680000000000       2.216274405468210E-002
   4.36740000000000       2.213541030204985E-002
   4.36800000000000       2.210811077050718E-002
   4.36860000000000       2.208084541637646E-002
   4.36920000000000       2.205361419603728E-002
   4.36980000000000       2.202641706592631E-002
   4.37040000000000       2.199925398253724E-002
   4.37100000000000       2.197212490242071E-002
   4.37160000000000       2.194502978218424E-002
   4.37220000000000       2.191796857849213E-002
   4.37280000000000       2.189094124806541E-002
   4.37340000000000       2.186394774768176E-002
   4.37400000000000       2.183698803417533E-002
   4.37460000000000       2.181006206443687E-002
   4.37520000000000       2.178316979541347E-002
   4.37580000000000       2.175631118410860E-002
   4.37640000000000       2.172948618758195E-002
   4.37700000000000       2.170269476294939E-002
   4.37760000000000       2.167593686738294E-002
   4.37820000000000       2.164921245811059E-002
   4.37880000000000       2.162252149241631E-002
   4.37940000000000       2.159586392763996E-002
   4.38000000000000       2.156923972117717E-002
   4.38060000000000       2.154264883047931E-002
   4.38120000000000       2.151609121305340E-002
   4.38180000000000       2.148956682646205E-002
   4.38240000000000       2.146307562832334E-002
   4.38300000000000       2.143661757631079E-002
   4.38360000000000       2.141019262815329E-002
   4.38420000000000       2.138380074163496E-002
   4.38480000000000       2.135744187459517E-002
   4.38540000000000       2.133111598492837E-002
   4.38600000000000       2.130482303058410E-002
   4.38660000000000       2.127856296956685E-002
   4.38720000000000       2.125233575993602E-002
   4.38780000000000       2.122614135980586E-002
   4.38840000000000       2.119997972734533E-002
   4.38900000000000       2.117385082077810E-002
   4.38960000000000       2.114775459838245E-002
   4.39020000000000       2.112169101849118E-002
   4.39080000000000       2.109566003949152E-002
   4.39140000000000       2.106966161982517E-002
   4.39200000000000       2.104369571798807E-002
   4.39260000000000       2.101776229253041E-002
   4.39320000000000       2.099186130205657E-002
   4.39380000000000       2.096599270522499E-002
   4.39440000000000       2.094015646074812E-002
   4.39500000000000       2.091435252739240E-002
   4.39560000000000       2.088858086397814E-002
   4.39620000000000       2.086284142937940E-002
   4.39680000000000       2.083713418252402E-002
   4.39740000000000       2.081145908239346E-002
   4.39800000000000       2.078581608802280E-002
   4.39860000000000       2.076020515850059E-002
   4.39920000000000       2.073462625296884E-002
   4.39980000000000       2.070907933062292E-002
   4.40040000000000       2.068356435071150E-002
   4.40100000000000       2.065808127253646E-002
   4.40160000000000       2.063263005545284E-002
   4.40220000000000       2.060721065886877E-002
   4.40280000000000       2.058182304224535E-002
   4.40340000000000       2.055646716509665E-002
   4.40400000000000       2.053114298698959E-002
   4.40460000000000       2.050585046754389E-002
   4.40520000000000       2.048058956643197E-002
   4.40580000000000       2.045536024337893E-002
   4.40640000000000       2.043016245816243E-002
   4.40700000000000       2.040499617061264E-002
   4.40760000000000       2.037986134061217E-002
   4.40820000000000       2.035475792809600E-002
   4.40880000000000       2.032968589305140E-002
   4.40940000000000       2.030464519551786E-002
   4.41000000000000       2.027963579558705E-002
   4.41060000000000       2.025465765340269E-002
   4.41120000000000       2.022971072916054E-002
   4.41180000000000       2.020479498310829E-002
   4.41240000000000       2.017991037554553E-002
   4.41300000000000       2.015505686682360E-002
   4.41360000000000       2.013023441734564E-002
   4.41420000000000       2.010544298756641E-002
   4.41480000000000       2.008068253799228E-002
   4.41540000000000       2.005595302918114E-002
   4.41600000000000       2.003125442174236E-002
   4.41660000000000       2.000658667633665E-002
   4.41720000000000       1.998194975367609E-002
   4.41780000000000       1.995734361452395E-002
   4.41840000000000       1.993276821969475E-002
   4.41900000000000       1.990822353005406E-002
   4.41960000000000       1.988370950651852E-002
   4.42020000000000       1.985922611005574E-002
   4.42080000000000       1.983477330168422E-002
   4.42140000000000       1.981035104247331E-002
   4.42200000000000       1.978595929354314E-002
   4.42260000000000       1.976159801606451E-002
   4.42320000000000       1.973726717125885E-002
   4.42380000000000       1.971296672039819E-002
   4.42440000000000       1.968869662480501E-002
   4.42500000000000       1.966445684585224E-002
   4.42560000000000       1.964024734496316E-002
   4.42620000000000       1.961606808361135E-002
   4.42680000000000       1.959191902332060E-002
   4.42740000000000       1.956780012566487E-002
   4.42800000000000       1.954371135226819E-002
   4.42860000000000       1.951965266480461E-002
   4.42920000000000       1.949562402499816E-002
   4.42980000000000       1.947162539462273E-002
   4.43040000000000       1.944765673550203E-002
   4.43100000000000       1.942371800950954E-002
   4.43160000000000       1.939980917856839E-002
   4.43220000000000       1.937593020465137E-002
   4.43280000000000       1.935208104978080E-002
   4.43340000000000       1.932826167602846E-002
   4.43400000000000       1.930447204551559E-002
   4.43460000000000       1.928071212041278E-002
   4.43520000000000       1.925698186293984E-002
   4.43580000000000       1.923328123536585E-002
   4.43640000000000       1.920961020000909E-002
   4.43700000000000       1.918596871923684E-002
   4.43760000000000       1.916235675546548E-002
   4.43820000000000       1.913877427116022E-002
   4.43880000000000       1.911522122883527E-002
   4.43940000000000       1.909169759105362E-002
   4.44000000000000       1.906820332042705E-002
   4.44060000000000       1.904473837961599E-002
   4.44120000000000       1.902130273132951E-002
   4.44180000000000       1.899789633832526E-002
   4.44240000000000       1.897451916340936E-002
   4.44300000000000       1.895117116943637E-002
   4.44360000000000       1.892785231930921E-002
   4.44420000000000       1.890456257597910E-002
   4.44480000000000       1.888130190244552E-002
   4.44540000000000       1.885807026175607E-002
   4.44600000000000       1.883486761700652E-002
   4.44660000000000       1.881169393134061E-002
   4.44720000000000       1.878854916795011E-002
   4.44780000000000       1.876543329007469E-002
   4.44840000000000       1.874234626100184E-002
   4.44900000000000       1.871928804406688E-002
   4.44960000000000       1.869625860265281E-002
   4.45020000000000       1.867325790019029E-002
   4.45080000000000       1.865028590015760E-002
   4.45140000000000       1.862734256608051E-002
   4.45200000000000       1.860442786153228E-002
   4.45260000000000       1.858154175013356E-002
   4.45320000000000       1.855868419555232E-002
   4.45380000000000       1.853585516150383E-002
   4.45440000000000       1.851305461175055E-002
   4.45500000000000       1.849028251010207E-002
   4.45560000000000       1.846753882041513E-002
   4.45620000000000       1.844482350659342E-002
   4.45680000000000       1.842213653258762E-002
   4.45740000000000       1.839947786239526E-002
   4.45800000000000       1.837684746006075E-002
   4.45860000000000       1.835424528967528E-002
   4.45920000000000       1.833167131537665E-002
   4.45980000000000       1.830912550134937E-002
   4.46040000000000       1.828660781182456E-002
   4.46100000000000       1.826411821107978E-002
   4.46160000000000       1.824165666343911E-002
   4.46220000000000       1.821922313327298E-002
   4.46280000000000       1.819681758499817E-002
   4.46340000000000       1.817443998307771E-002
   4.46400000000000       1.815209029202085E-002
   4.46460000000000       1.812976847638299E-002
   4.46520000000000       1.810747450076558E-002
   4.46580000000000       1.808520832981612E-002
   4.46640000000000       1.806296992822806E-002
   4.46700000000000       1.804075926074074E-002
   4.46760000000000       1.801857629213933E-002
   4.46820000000000       1.799642098725479E-002
   4.46880000000000       1.797429331096378E-002
   4.46940000000000       1.795219322818861E-002
   4.47000000000000       1.793012070389719E-002
   4.47060000000000       1.790807570310294E-002
   4.47120000000000       1.788605819086476E-002
   4.47180000000000       1.786406813228696E-002
   4.47240000000000       1.784210549251919E-002
   4.47300000000000       1.782017023675637E-002
   4.47360000000000       1.779826233023864E-002
   4.47420000000000       1.777638173825137E-002
   4.47480000000000       1.775452842612496E-002
   4.47540000000000       1.773270235923488E-002
   4.47600000000000       1.771090350300156E-002
   4.47660000000000       1.768913182289039E-002
   4.47720000000000       1.766738728441159E-002
   4.47780000000000       1.764566985312018E-002
   4.47840000000000       1.762397949461596E-002
   4.47900000000000       1.760231617454335E-002
   4.47960000000000       1.758067985859146E-002
   4.48020000000000       1.755907051249393E-002
   4.48080000000000       1.753748810202885E-002
   4.48140000000000       1.751593259301883E-002
   4.48200000000000       1.749440395133085E-002
   4.48260000000000       1.747290214287617E-002
   4.48320000000000       1.745142713361036E-002
   4.48380000000000       1.742997888953318E-002
   4.48440000000000       1.740855737668852E-002
   4.48500000000000       1.738716256116438E-002
   4.48560000000000       1.736579440909278E-002
   4.48620000000000       1.734445288664969E-002
   4.48680000000000       1.732313796005503E-002
   4.48740000000000       1.730184959557252E-002
   4.48800000000000       1.728058775950971E-002
   4.48860000000000       1.725935241821788E-002
   4.48920000000000       1.723814353809197E-002
   4.48980000000000       1.721696108557054E-002
   4.49040000000000       1.719580502713573E-002
   4.49100000000000       1.717467532931314E-002
   4.49160000000000       1.715357195867185E-002
   4.49220000000000       1.713249488182431E-002
   4.49280000000000       1.711144406542625E-002
   4.49340000000000       1.709041947617678E-002
   4.49400000000000       1.706942108081812E-002
   4.49460000000000       1.704844884613568E-002
   4.49520000000000       1.702750273895795E-002
   4.49580000000000       1.700658272615648E-002
   4.49640000000000       1.698568877464576E-002
   4.49700000000000       1.696482085138325E-002
   4.49760000000000       1.694397892336922E-002
   4.49820000000000       1.692316295764681E-002
   4.49880000000000       1.690237292130186E-002
   4.49940000000000       1.688160878146291E-002
   4.50000000000000       1.686087050530116E-002
   4.50060000000000       1.684015806003037E-002
   4.50120000000000       1.681947141290685E-002
   4.50180000000000       1.679881053122929E-002
   4.50240000000000       1.677817538233888E-002
   4.50300000000000       1.675756593361911E-002
   4.50360000000000       1.673698215249583E-002
   4.50420000000000       1.671642400643703E-002
   4.50480000000000       1.669589146295296E-002
   4.50540000000000       1.667538448959596E-002
   4.50600000000000       1.665490305396045E-002
   4.50660000000000       1.663444712368286E-002
   4.50720000000000       1.661401666644157E-002
   4.50780000000000       1.659361164995688E-002
   4.50840000000000       1.657323204199091E-002
   4.50900000000000       1.655287781034758E-002
   4.50960000000000       1.653254892287256E-002
   4.51020000000000       1.651224534745317E-002
   4.51080000000000       1.649196705201835E-002
   4.51140000000000       1.647171400453861E-002
   4.51200000000000       1.645148617302603E-002
   4.51260000000000       1.643128352553406E-002
   4.51320000000000       1.641110603015758E-002
   4.51380000000000       1.639095365503283E-002
   4.51440000000000       1.637082636833732E-002
   4.51500000000000       1.635072413828980E-002
   4.51560000000000       1.633064693315020E-002
   4.51620000000000       1.631059472121957E-002
   4.51680000000000       1.629056747084004E-002
   4.51740000000000       1.627056515039474E-002
   4.51800000000000       1.625058772830778E-002
   4.51860000000000       1.623063517304414E-002
   4.51920000000000       1.621070745310968E-002
   4.51980000000000       1.619080453705106E-002
   4.52040000000000       1.617092639345566E-002
   4.52100000000000       1.615107299095155E-002
   4.52160000000000       1.613124429820743E-002
   4.52220000000000       1.611144028393265E-002
   4.52280000000000       1.609166091687692E-002
   4.52340000000000       1.607190616583058E-002
   4.52400000000000       1.605217599962432E-002
   4.52460000000000       1.603247038712920E-002
   4.52520000000000       1.601278929725658E-002
   4.52580000000000       1.599313269895809E-002
   4.52640000000000       1.597350056122555E-002
   4.52700000000000       1.595389285309093E-002
   4.52760000000000       1.593430954362630E-002
   4.52820000000000       1.591475060194377E-002
   4.52880000000000       1.589521599719542E-002
   4.52940000000000       1.587570569857328E-002
   4.53000000000000       1.585621967530926E-002
   4.53060000000000       1.583675789667506E-002
   4.53120000000000       1.581732033198226E-002
   4.53180000000000       1.579790695058204E-002
   4.53240000000000       1.577851772186531E-002
   4.53300000000000       1.575915261526257E-002
   4.53360000000000       1.573981160024390E-002
   4.53420000000000       1.572049464631890E-002
   4.53480000000000       1.570120172303659E-002
   4.53540000000000       1.568193279998543E-002
   4.53600000000000       1.566268784679322E-002
   4.53660000000000       1.564346683312704E-002
   4.53720000000000       1.562426972869325E-002
   4.53780000000000       1.560509650323740E-002
   4.53840000000000       1.558594712654415E-002
   4.53900000000000       1.556682156843728E-002
   4.53960000000000       1.554771979877960E-002
   4.54020000000000       1.552864178747292E-002
   4.54080000000000       1.550958750445797E-002
   4.54140000000000       1.549055691971435E-002
   4.54200000000000       1.547155000326053E-002
   4.54260000000000       1.545256672515371E-002
   4.54320000000000       1.543360705548986E-002
   4.54380000000000       1.541467096440363E-002
   4.54440000000000       1.539575842206822E-002
   4.54500000000000       1.537686939869548E-002
   4.54560000000000       1.535800386453576E-002
   4.54620000000000       1.533916178987789E-002
   4.54680000000000       1.532034314504908E-002
   4.54740000000000       1.530154790041496E-002
   4.54800000000000       1.528277602637944E-002
   4.54860000000000       1.526402749338471E-002
   4.54920000000000       1.524530227191118E-002
   4.54980000000000       1.522660033247738E-002
   4.55040000000000       1.520792164564005E-002
   4.55100000000000       1.518926618199391E-002
   4.55160000000000       1.517063391217170E-002
   4.55220000000000       1.515202480684416E-002
   4.55280000000000       1.513343883671989E-002
   4.55340000000000       1.511487597254539E-002
   4.55400000000000       1.509633618510497E-002
   4.55460000000000       1.507781944522067E-002
   4.55520000000000       1.505932572375226E-002
   4.55580000000000       1.504085499159716E-002
   4.55640000000000       1.502240721969043E-002
   4.55700000000000       1.500398237900463E-002
   4.55760000000000       1.498558044054989E-002
   4.55820000000000       1.496720137537376E-002
   4.55880000000000       1.494884515456122E-002
   4.55940000000000       1.493051174923459E-002
   4.56000000000000       1.491220113055353E-002
   4.56060000000000       1.489391326971492E-002
   4.56120000000000       1.487564813795290E-002
   4.56180000000000       1.485740570653872E-002
   4.56240000000000       1.483918594678078E-002
   4.56300000000000       1.482098883002454E-002
   4.56360000000000       1.480281432765244E-002
   4.56420000000000       1.478466241108392E-002
   4.56480000000000       1.476653305177535E-002
   4.56540000000000       1.474842622121988E-002
   4.56600000000000       1.473034189094756E-002
   4.56660000000000       1.471228003252520E-002
   4.56720000000000       1.469424061755629E-002
   4.56780000000000       1.467622361768103E-002
   4.56840000000000       1.465822900457619E-002
   4.56900000000000       1.464025674995520E-002
   4.56960000000000       1.462230682556794E-002
   4.57020000000000       1.460437920320079E-002
   4.57080000000000       1.458647385467655E-002
   4.57140000000000       1.456859075185441E-002
   4.57200000000000       1.455072986662988E-002
   4.57260000000000       1.453289117093476E-002
   4.57320000000000       1.451507463673708E-002
   4.57380000000000       1.449728023604106E-002
   4.57440000000000       1.447950794088706E-002
   4.57500000000000       1.446175772335152E-002
   4.57560000000000       1.444402955554693E-002
   4.57620000000000       1.442632340962178E-002
   4.57680000000000       1.440863925776049E-002
   4.57740000000000       1.439097707218339E-002
   4.57800000000000       1.437333682514666E-002
   4.57860000000000       1.435571848894228E-002
   4.57920000000000       1.433812203589799E-002
   4.57980000000000       1.432054743837724E-002
   4.58040000000000       1.430299466877913E-002
   4.58100000000000       1.428546369953839E-002
   4.58160000000000       1.426795450312530E-002
   4.58220000000000       1.425046705204568E-002
   4.58280000000000       1.423300131884080E-002
   4.58340000000000       1.421555727608736E-002
   4.58400000000000       1.419813489639746E-002
   4.58460000000000       1.418073415241849E-002
   4.58520000000000       1.416335501683317E-002
   4.58580000000000       1.414599746235942E-002
   4.58640000000000       1.412866146175040E-002
   4.58700000000000       1.411134698779432E-002
   4.58760000000000       1.409405401331455E-002
   4.58820000000000       1.407678251116957E-002
   4.58880000000000       1.405953245425276E-002
   4.58940000000000       1.404230381549250E-002
   4.59000000000000       1.402509656785210E-002
   4.59060000000000       1.400791068432970E-002
   4.59120000000000       1.399074613795828E-002
   4.59180000000000       1.397360290180559E-002
   4.59240000000000       1.395648094897410E-002
   4.59300000000000       1.393938025260097E-002
   4.59360000000000       1.392230078585798E-002
   4.59420000000000       1.390524252195152E-002
   4.59480000000000       1.388820543412250E-002
   4.59540000000000       1.387118949564635E-002
   4.59600000000000       1.385419467983293E-002
   4.59660000000000       1.383722096002652E-002
   4.59720000000000       1.382026830960575E-002
   4.59780000000000       1.380333670198357E-002
   4.59840000000000       1.378642611060720E-002
   4.59900000000000       1.376953650895809E-002
   4.59960000000000       1.375266787055185E-002
   4.60020000000000       1.373582016893823E-002
   4.60080000000000       1.371899337770107E-002
   4.60140000000000       1.370218747045826E-002
   4.60200000000000       1.368540242086168E-002
   4.60260000000000       1.366863820259716E-002
   4.60320000000000       1.365189478938444E-002
   4.60380000000000       1.363517215497712E-002
   4.60440000000000       1.361847027316262E-002
   4.60500000000000       1.360178911776213E-002
   4.60560000000000       1.358512866263058E-002
   4.60620000000000       1.356848888165656E-002
   4.60680000000000       1.355186974876232E-002
   4.60740000000000       1.353527123790370E-002
   4.60800000000000       1.351869332307008E-002
   4.60860000000000       1.350213597828435E-002
   4.60920000000000       1.348559917760286E-002
   4.60980000000000       1.346908289511539E-002
   4.61040000000000       1.345258710494508E-002
   4.61100000000000       1.343611178124838E-002
   4.61160000000000       1.341965689821507E-002
   4.61220000000000       1.340322243006812E-002
   4.61280000000000       1.338680835106373E-002
   4.61340000000000       1.337041463549123E-002
   4.61400000000000       1.335404125767308E-002
   4.61460000000000       1.333768819196480E-002
   4.61520000000000       1.332135541275490E-002
   4.61580000000000       1.330504289446491E-002
   4.61640000000000       1.328875061154927E-002
   4.61700000000000       1.327247853849531E-002
   4.61760000000000       1.325622664982320E-002
   4.61820000000000       1.323999492008593E-002
   4.61880000000000       1.322378332386925E-002
   4.61940000000000       1.320759183579160E-002
   4.62000000000000       1.319142043050411E-002
   4.62060000000000       1.317526908269055E-002
   4.62120000000000       1.315913776706725E-002
   4.62180000000000       1.314302645838311E-002
   4.62240000000000       1.312693513141951E-002
   4.62300000000000       1.311086376099030E-002
   4.62360000000000       1.309481232194172E-002
   4.62420000000000       1.307878078915242E-002
   4.62480000000000       1.306276913753335E-002
   4.62540000000000       1.304677734202775E-002
   4.62600000000000       1.303080537761111E-002
   4.62660000000000       1.301485321929112E-002
   4.62720000000000       1.299892084210761E-002
   4.62780000000000       1.298300822113255E-002
   4.62840000000000       1.296711533146997E-002
   4.62900000000000       1.295124214825594E-002
   4.62960000000000       1.293538864665849E-002
   4.63020000000000       1.291955480187763E-002
   4.63080000000000       1.290374058914525E-002
   4.63140000000000       1.288794598372512E-002
   4.63200000000000       1.287217096091282E-002
   4.63260000000000       1.285641549603569E-002
   4.63320000000000       1.284067956445284E-002
   4.63380000000000       1.282496314155504E-002
   4.63440000000000       1.280926620276474E-002
   4.63500000000000       1.279358872353597E-002
   4.63560000000000       1.277793067935435E-002
   4.63620000000000       1.276229204573702E-002
   4.63680000000000       1.274667279823260E-002
   4.63740000000000       1.273107291242116E-002
   4.63800000000000       1.271549236391416E-002
   4.63860000000000       1.269993112835443E-002
   4.63920000000000       1.268438918141612E-002
   4.63980000000000       1.266886649880464E-002
   4.64040000000000       1.265336305625665E-002
   4.64100000000000       1.263787882954001E-002
   4.64160000000000       1.262241379445372E-002
   4.64220000000000       1.260696792682789E-002
   4.64280000000000       1.259154120252371E-002
   4.64340000000000       1.257613359743340E-002
   4.64400000000000       1.256074508748016E-002
   4.64460000000000       1.254537564861815E-002
   4.64520000000000       1.253002525683242E-002
   4.64580000000000       1.251469388813891E-002
   4.64640000000000       1.249938151858436E-002
   4.64700000000000       1.248408812424632E-002
   4.64760000000000       1.246881368123306E-002
   4.64820000000000       1.245355816568357E-002
   4.64880000000000       1.243832155376749E-002
   4.64940000000000       1.242310382168510E-002
   4.65000000000000       1.240790494566726E-002
   4.65060000000000       1.239272490197534E-002
   4.65120000000000       1.237756366690125E-002
   4.65180000000000       1.236242121676735E-002
   4.65240000000000       1.234729752792641E-002
   4.65300000000000       1.233219257676158E-002
   4.65360000000000       1.231710633968639E-002
   4.65420000000000       1.230203879314461E-002
   4.65480000000000       1.228698991361031E-002
   4.65540000000000       1.227195967758778E-002
   4.65600000000000       1.225694806161147E-002
   4.65660000000000       1.224195504224599E-002
   4.65720000000000       1.222698059608605E-002
   4.65780000000000       1.221202469975640E-002
   4.65840000000000       1.219708732991185E-002
   4.65900000000000       1.218216846323716E-002
   4.65960000000000       1.216726807644705E-002
   4.66020000000000       1.215238614628612E-002
   4.66080000000000       1.213752264952888E-002
   4.66140000000000       1.212267756297961E-002
   4.66200000000000       1.210785086347242E-002
   4.66260000000000       1.209304252787114E-002
   4.66320000000000       1.207825253306931E-002
   4.66380000000000       1.206348085599015E-002
   4.66440000000000       1.204872747358648E-002
   4.66500000000000       1.203399236284076E-002
   4.66560000000000       1.201927550076495E-002
   4.66620000000000       1.200457686440054E-002
   4.66680000000000       1.198989643081850E-002
   4.66740000000000       1.197523417711923E-002
   4.66800000000000       1.196059008043252E-002
   4.66860000000000       1.194596411791752E-002
   4.66920000000000       1.193135626676269E-002
   4.66980000000000       1.191676650418579E-002
   4.67040000000000       1.190219480743378E-002
   4.67100000000000       1.188764115378286E-002
   4.67160000000000       1.187310552053839E-002
   4.67220000000000       1.185858788503483E-002
   4.67280000000000       1.184408822463575E-002
   4.67340000000000       1.182960651673375E-002
   4.67400000000000       1.181514273875046E-002
   4.67460000000000       1.180069686813647E-002
   4.67520000000000       1.178626888237130E-002
   4.67580000000000       1.177185875896337E-002
   4.67640000000000       1.175746647544995E-002
   4.67700000000000       1.174309200939715E-002
   4.67760000000000       1.172873533839984E-002
   4.67820000000000       1.171439644008164E-002
   4.67880000000000       1.170007529209488E-002
   4.67940000000000       1.168577187212056E-002
   4.68000000000000       1.167148615786829E-002
   4.68060000000000       1.165721812707630E-002
   4.68120000000000       1.164296775751135E-002
   4.68180000000000       1.162873502696874E-002
   4.68240000000000       1.161451991327223E-002
   4.68300000000000       1.160032239427403E-002
   4.68360000000000       1.158614244785476E-002
   4.68420000000000       1.157198005192340E-002
   4.68480000000000       1.155783518441726E-002
   4.68540000000000       1.154370782330194E-002
   4.68600000000000       1.152959794657131E-002
   4.68660000000000       1.151550553224744E-002
   4.68720000000000       1.150143055838059E-002
   4.68780000000000       1.148737300304916E-002
   4.68840000000000       1.147333284435967E-002
   4.68900000000000       1.145931006044669E-002
   4.68960000000000       1.144530462947284E-002
   4.69020000000000       1.143131652962871E-002
   4.69080000000000       1.141734573913289E-002
   4.69140000000000       1.140339223623184E-002
   4.69200000000000       1.138945599919998E-002
   4.69260000000000       1.137553700633954E-002
   4.69320000000000       1.136163523598050E-002
   4.69380000000000       1.134775066648070E-002
   4.69440000000000       1.133388327622571E-002
   4.69500000000000       1.132003304362875E-002
   4.69560000000000       1.130619994713078E-002
   4.69620000000000       1.129238396520033E-002
   4.69680000000000       1.127858507633354E-002
   4.69740000000000       1.126480325905413E-002
   4.69800000000000       1.125103849191332E-002
   4.69860000000000       1.123729075348981E-002
   4.69920000000000       1.122356002238976E-002
   4.69980000000000       1.120984627724675E-002
   4.70040000000000       1.119614949672172E-002
   4.70100000000000       1.118246965950295E-002
   4.70160000000000       1.116880674430604E-002
   4.70220000000000       1.115516072987385E-002
   4.70280000000000       1.114153159497648E-002
   4.70340000000000       1.112791931841121E-002
   4.70400000000000       1.111432387900250E-002
   4.70460000000000       1.110074525560192E-002
   4.70520000000000       1.108718342708815E-002
   4.70580000000000       1.107363837236691E-002
   4.70640000000000       1.106011007037094E-002
   4.70700000000000       1.104659850005997E-002
   4.70760000000000       1.103310364042067E-002
   4.70820000000000       1.101962547046662E-002
   4.70880000000000       1.100616396923828E-002
   4.70940000000000       1.099271911580298E-002
   4.71000000000000       1.097929088925480E-002
   4.71060000000000       1.096587926871463E-002
   4.71120000000000       1.095248423333011E-002
   4.71180000000000       1.093910576227555E-002
   4.71240000000000       1.092574383475193E-002
   4.71300000000000       1.091239842998688E-002
   4.71360000000000       1.089906952723461E-002
   4.71420000000000       1.088575710577590E-002
   4.71480000000000       1.087246114491802E-002
   4.71540000000000       1.085918162399479E-002
   4.71600000000000       1.084591852236645E-002
   4.71660000000000       1.083267181941967E-002
   4.71720000000000       1.081944149456751E-002
   4.71780000000000       1.080622752724938E-002
   4.71840000000000       1.079302989693102E-002
   4.71900000000000       1.077984858310443E-002
   4.71960000000000       1.076668356528786E-002
   4.72020000000000       1.075353482302581E-002
   4.72080000000000       1.074040233588892E-002
   4.72140000000000       1.072728608347399E-002
   4.72200000000000       1.071418604540393E-002
   4.72260000000000       1.070110220132774E-002
   4.72320000000000       1.068803453092044E-002
   4.72380000000000       1.067498301388308E-002
   4.72440000000000       1.066194762994267E-002
   4.72500000000000       1.064892835885217E-002
   4.72560000000000       1.063592518039043E-002
   4.72620000000000       1.062293807436220E-002
   4.72680000000000       1.060996702059804E-002
   4.72740000000000       1.059701199895434E-002
   4.72800000000000       1.058407298931323E-002
   4.72860000000000       1.057114997158260E-002
   4.72920000000000       1.055824292569603E-002
   4.72980000000000       1.054535183161281E-002
   4.73040000000000       1.053247666931780E-002
   4.73100000000000       1.051961741882151E-002
   4.73160000000000       1.050677406016000E-002
   4.73220000000000       1.049394657339487E-002
   4.73280000000000       1.048113493861321E-002
   4.73340000000000       1.046833913592760E-002
   4.73400000000000       1.045555914547604E-002
   4.73460000000000       1.044279494742192E-002
   4.73520000000000       1.043004652195405E-002
   4.73580000000000       1.041731384928648E-002
   4.73640000000000       1.040459690965865E-002
   4.73700000000000       1.039189568333524E-002
   4.73760000000000       1.037921015060614E-002
   4.73820000000000       1.036654029178649E-002
   4.73880000000000       1.035388608721655E-002
   4.73940000000000       1.034124751726175E-002
   4.74000000000000       1.032862456231261E-002
   4.74060000000000       1.031601720278471E-002
   4.74120000000000       1.030342541911870E-002
   4.74180000000000       1.029084919178020E-002
   4.74240000000000       1.027828850125981E-002
   4.74300000000000       1.026574332807310E-002
   4.74360000000000       1.025321365276049E-002
   4.74420000000000       1.024069945588731E-002
   4.74480000000000       1.022820071804374E-002
   4.74540000000000       1.021571741984475E-002
   4.74600000000000       1.020324954193009E-002
   4.74660000000000       1.019079706496424E-002
   4.74720000000000       1.017835996963642E-002
   4.74780000000000       1.016593823666050E-002
   4.74840000000000       1.015353184677501E-002
   4.74900000000000       1.014114078074312E-002
   4.74960000000000       1.012876501935253E-002
   4.75020000000000       1.011640454341553E-002
   4.75080000000000       1.010405933376891E-002
   4.75140000000000       1.009172937127394E-002
   4.75200000000000       1.007941463681636E-002
   4.75260000000000       1.006711511130633E-002
   4.75320000000000       1.005483077567837E-002
   4.75380000000000       1.004256161089141E-002
   4.75440000000000       1.003030759792866E-002
   4.75500000000000       1.001806871779764E-002
   4.75560000000000       1.000584495153013E-002
   4.75620000000000       9.993636280182145E-003
   4.75680000000000       9.981442684833912E-003
   4.75740000000000       9.969264146589775E-003
   4.75800000000000       9.957100646578261E-003
   4.75860000000000       9.944952165951985E-003
   4.75920000000000       9.932818685887636E-003
   4.75980000000000       9.920700187585941E-003
   4.76040000000000       9.908596652271633E-003
   4.76100000000000       9.896508061193436E-003
   4.76160000000000       9.884434395624000E-003
   4.76220000000000       9.872375636859904E-003
   4.76280000000000       9.860331766221609E-003
   4.76340000000000       9.848302765053421E-003
   4.76400000000000       9.836288614723477E-003
   4.76460000000000       9.824289296623696E-003
   4.76520000000000       9.812304792169758E-003
   4.76580000000000       9.800335082801072E-003
   4.76640000000000       9.788380149980744E-003
   4.76700000000000       9.776439975195528E-003
   4.76760000000000       9.764514539955860E-003
   4.76820000000000       9.752603825795736E-003
   4.76880000000000       9.740707814272732E-003
   4.76940000000000       9.728826486967976E-003
   4.77000000000000       9.716959825486100E-003
   4.77060000000000       9.705107811455225E-003
   4.77120000000000       9.693270426526911E-003
   4.77180000000000       9.681447652376142E-003
   4.77240000000000       9.669639470701296E-003
   4.77300000000000       9.657845863224096E-003
   4.77360000000000       9.646066811689606E-003
   4.77420000000000       9.634302297866177E-003
   4.77480000000000       9.622552303545435E-003
   4.77540000000000       9.610816810542230E-003
   4.77600000000000       9.599095800694634E-003
   4.77660000000000       9.587389255863875E-003
   4.77720000000000       9.575697157934342E-003
   4.77780000000000       9.564019488813547E-003
   4.77840000000000       9.552356230432043E-003
   4.77900000000000       9.540707364743474E-003
   4.77960000000000       9.529072873724509E-003
   4.78020000000000       9.517452739374797E-003
   4.78080000000000       9.505846943716959E-003
   4.78140000000000       9.494255468796547E-003
   4.78200000000000       9.482678296682015E-003
   4.78260000000000       9.471115409464700E-003
   4.78320000000000       9.459566789258770E-003
   4.78380000000000       9.448032418201214E-003
   4.78440000000000       9.436512278451811E-003
   4.78500000000000       9.425006352193085E-003
   4.78560000000000       9.413514621630292E-003
   4.78620000000000       9.402037068991361E-003
   4.78680000000000       9.390573676526947E-003
   4.78740000000000       9.379124426510272E-003
   4.78800000000000       9.367689301237202E-003
   4.78860000000000       9.356268283026169E-003
   4.78920000000000       9.344861354218153E-003
   4.78980000000000       9.333468497176653E-003
   4.79040000000000       9.322089694287657E-003
   4.79100000000000       9.310724927959617E-003
   4.79160000000000       9.299374180623403E-003
   4.79220000000000       9.288037434732299E-003
   4.79280000000000       9.276714672761949E-003
   4.79340000000000       9.265405877210349E-003
   4.79400000000000       9.254111030597801E-003
   4.79460000000000       9.242830115466892E-003
   4.79520000000000       9.231563114382467E-003
   4.79580000000000       9.220310009931593E-003
   4.79640000000000       9.209070784723538E-003
   4.79700000000000       9.197845421389734E-003
   4.79760000000000       9.186633902583749E-003
   4.79820000000000       9.175436210981268E-003
   4.79880000000000       9.164252329280070E-003
   4.79940000000000       9.153082240199938E-003
   4.80000000000000       9.141925926482723E-003
   4.80060000000000       9.130783370892260E-003
   4.80120000000000       9.119654556214347E-003
   4.80180000000000       9.108539465256719E-003
   4.80240000000000       9.097438080849023E-003
   4.80300000000000       9.086350385842783E-003
   4.80360000000000       9.075276363111378E-003
   4.80420000000000       9.064215995550001E-003
   4.80480000000000       9.053169266075647E-003
   4.80540000000000       9.042136157627063E-003
   4.80600000000000       9.031116653164774E-003
   4.80660000000000       9.020110735670977E-003
   4.80720000000000       9.009118388149551E-003
   4.80780000000000       8.998139593626045E-003
   4.80840000000000       8.987174335147620E-003
   4.80900000000000       8.976222595783035E-003
   4.80960000000000       8.965284358622625E-003
   4.81020000000000       8.954359606778253E-003
   4.81080000000000       8.943448323383302E-003
   4.81140000000000       8.932550491592637E-003
   4.81200000000000       8.921666094582580E-003
   4.81260000000000       8.910795115550877E-003
   4.81320000000000       8.899937537716679E-003
   4.81380000000000       8.889093344320503E-003
   4.81440000000000       8.878262518624216E-003
   4.81500000000000       8.867445043910994E-003
   4.81560000000000       8.856640903485312E-003
   4.81620000000000       8.845850080672894E-003
   4.81680000000000       8.835072558820710E-003
   4.81740000000000       8.824308321296919E-003
   4.81800000000000       8.813557351490871E-003
   4.81860000000000       8.802819632813061E-003
   4.81920000000000       8.792095148695108E-003
   4.81980000000000       8.781383882589727E-003
   4.82040000000000       8.770685817970711E-003
   4.82100000000000       8.760000938332849E-003
   4.82160000000000       8.749329227191991E-003
   4.82220000000000       8.738670668084952E-003
   4.82280000000000       8.728025244569511E-003
   4.82340000000000       8.717392940224378E-003
   4.82400000000000       8.706773738649141E-003
   4.82460000000000       8.696167623464320E-003
   4.82520000000000       8.685574578311232E-003
   4.82580000000000       8.674994586852039E-003
   4.82640000000000       8.664427632769684E-003
   4.82700000000000       8.653873699767891E-003
   4.82760000000000       8.643332771571118E-003
   4.82820000000000       8.632804831924532E-003
   4.82880000000000       8.622289864593997E-003
   4.82940000000000       8.611787853366030E-003
   4.83000000000000       8.601298782047779E-003
   4.83060000000000       8.590822634466999E-003
   4.83120000000000       8.580359394472031E-003
   4.83180000000000       8.569909045931755E-003
   4.83240000000000       8.559471572735585E-003
   4.83300000000000       8.549046958793433E-003
   4.83360000000000       8.538635188035680E-003
   4.83420000000000       8.528236244413153E-003
   4.83480000000000       8.517850111897096E-003
   4.83540000000000       8.507476774479149E-003
   4.83600000000000       8.497116216171319E-003
   4.83660000000000       8.486768421005944E-003
   4.83720000000000       8.476433373035677E-003
   4.83780000000000       8.466111056333461E-003
   4.83840000000000       8.455801454992496E-003
   4.83900000000000       8.445504553126211E-003
   4.83960000000000       8.435220334868253E-003
   4.84020000000000       8.424948784372435E-003
   4.84080000000000       8.414689885812739E-003
   4.84140000000000       8.404443623383278E-003
   4.84200000000000       8.394209981298226E-003
   4.84260000000000       8.383988943791882E-003
   4.84320000000000       8.373780495118558E-003
   4.84380000000000       8.363584619552637E-003
   4.84440000000000       8.353401301388454E-003
   4.84500000000000       8.343230524940338E-003
   4.84560000000000       8.333072274542545E-003
   4.84620000000000       8.322926534549271E-003
   4.84680000000000       8.312793289334590E-003
   4.84740000000000       8.302672523292453E-003
   4.84800000000000       8.292564220836653E-003
   4.84860000000000       8.282468366400786E-003
   4.84920000000000       8.272384944438256E-003
   4.84980000000000       8.262313939422221E-003
   4.85040000000000       8.252255335845579E-003
   4.85100000000000       8.242209118220942E-003
   4.85160000000000       8.232175271080611E-003
   4.85220000000000       8.222153778976546E-003
   4.85280000000000       8.212144626480344E-003
   4.85340000000000       8.202147798183214E-003
   4.85400000000000       8.192163278695951E-003
   4.85460000000000       8.182191052648904E-003
   4.85520000000000       8.172231104691962E-003
   4.85580000000000       8.162283419494525E-003
   4.85640000000000       8.152347981745467E-003
   4.85700000000000       8.142424776153134E-003
   4.85760000000000       8.132513787445287E-003
   4.85820000000000       8.122615000369111E-003
   4.85880000000000       8.112728399691163E-003
   4.85940000000000       8.102853970197365E-003
   4.86000000000000       8.092991696692965E-003
   4.86060000000000       8.083141564002520E-003
   4.86120000000000       8.073303556969866E-003
   4.86180000000000       8.063477660458106E-003
   4.86240000000000       8.053663859349563E-003
   4.86300000000000       8.043862138545769E-003
   4.86360000000000       8.034072482967444E-003
   4.86420000000000       8.024294877554454E-003
   4.86480000000000       8.014529307265809E-003
   4.86540000000000       8.004775757079620E-003
   4.86600000000000       7.995034211993079E-003
   4.86660000000000       7.985304657022437E-003
   4.86720000000000       7.975587077202983E-003
   4.86780000000000       7.965881457589002E-003
   4.86840000000000       7.956187783253774E-003
   4.86900000000000       7.946506039289532E-003
   4.86960000000000       7.936836210807440E-003
   4.87020000000000       7.927178282937578E-003
   4.87080000000000       7.917532240828909E-003
   4.87140000000000       7.907898069649253E-003
   4.87200000000000       7.898275754585271E-003
   4.87260000000000       7.888665280842425E-003
   4.87320000000000       7.879066633644979E-003
   4.87380000000000       7.869479798235948E-003
   4.87440000000000       7.859904759877091E-003
   4.87500000000000       7.850341503848874E-003
   4.87560000000000       7.840790015450459E-003
   4.87620000000000       7.831250279999672E-003
   4.87680000000000       7.821722282832981E-003
   4.87740000000000       7.812206009305466E-003
   4.87800000000000       7.802701444790801E-003
   4.87860000000000       7.793208574681233E-003
   4.87920000000000       7.783727384387547E-003
   4.87980000000000       7.774257859339054E-003
   4.88040000000000       7.764799984983558E-003
   4.88100000000000       7.755353746787335E-003
   4.88160000000000       7.745919130235111E-003
   4.88220000000000       7.736496120830036E-003
   4.88280000000000       7.727084704093660E-003
   4.88340000000000       7.717684865565904E-003
   4.88400000000000       7.708296590805056E-003
   4.88460000000000       7.698919865387711E-003
   4.88520000000000       7.689554674908792E-003
   4.88580000000000       7.680201004981491E-003
   4.88640000000000       7.670858841237257E-003
   4.88700000000000       7.661528169325776E-003
   4.88760000000000       7.652208974914944E-003
   4.88820000000000       7.642901243690841E-003
   4.88880000000000       7.633604961357716E-003
   4.88940000000000       7.624320113637948E-003
   4.89000000000000       7.615046686272040E-003
   4.89060000000000       7.605784665018590E-003
   4.89120000000000       7.596534035654248E-003
   4.89180000000000       7.587294783973729E-003
   4.89240000000000       7.578066895789759E-003
   4.89300000000000       7.568850356933065E-003
   4.89360000000000       7.559645153252351E-003
   4.89420000000000       7.550451270614272E-003
   4.89480000000000       7.541268694903413E-003
   4.89540000000000       7.532097412022259E-003
   4.89600000000000       7.522937407891183E-003
   4.89660000000000       7.513788668448415E-003
   4.89720000000000       7.504651179650022E-003
   4.89780000000000       7.495524927469886E-003
   4.89840000000000       7.486409897899667E-003
   4.89900000000000       7.477306076948807E-003
   4.89960000000000       7.468213450644481E-003
   4.90020000000000       7.459132005031590E-003
   4.90080000000000       7.450061726172730E-003
   4.90140000000000       7.441002600148175E-003
   4.90200000000000       7.431954613055844E-003
   4.90260000000000       7.422917751011287E-003
   4.90320000000000       7.413892000147670E-003
   4.90380000000000       7.404877346615727E-003
   4.90440000000000       7.395873776583763E-003
   4.90500000000000       7.386881276237613E-003
   4.90560000000000       7.377899831780636E-003
   4.90620000000000       7.368929429433672E-003
   4.90680000000000       7.359970055435042E-003
   4.90740000000000       7.351021696040502E-003
   4.90800000000000       7.342084337523244E-003
   4.90860000000000       7.333157966173855E-003
   4.90920000000000       7.324242568300301E-003
   4.90980000000000       7.315338130227904E-003
   4.91040000000000       7.306444638299326E-003
   4.91100000000000       7.297562078874536E-003
   4.91160000000000       7.288690438330787E-003
   4.91220000000000       7.279829703062610E-003
   4.91280000000000       7.270979859481776E-003
   4.91340000000000       7.262140894017272E-003
   4.91400000000000       7.253312793115295E-003
   4.91460000000000       7.244495543239212E-003
   4.91520000000000       7.235689130869546E-003
   4.91580000000000       7.226893542503957E-003
   4.91640000000000       7.218108764657213E-003
   4.91700000000000       7.209334783861171E-003
   4.91760000000000       7.200571586664755E-003
   4.91820000000000       7.191819159633931E-003
   4.91880000000000       7.183077489351694E-003
   4.91940000000000       7.174346562418029E-003
   4.92000000000000       7.165626365449910E-003
   4.92060000000000       7.156916885081260E-003
   4.92120000000000       7.148218107962939E-003
   4.92180000000000       7.139530020762721E-003
   4.92240000000000       7.130852610165266E-003
   4.92300000000000       7.122185862872107E-003
   4.92360000000000       7.113529765601622E-003
   4.92420000000000       7.104884305089017E-003
   4.92480000000000       7.096249468086293E-003
   4.92540000000000       7.087625241362241E-003
   4.92600000000000       7.079011611702411E-003
   4.92660000000000       7.070408565909085E-003
   4.92720000000000       7.061816090801268E-003
   4.92780000000000       7.053234173214654E-003
   4.92840000000000       7.044662800001617E-003
   4.92900000000000       7.036101958031177E-003
   4.92960000000000       7.027551634188985E-003
   4.93020000000000       7.019011815377301E-003
   4.93080000000000       7.010482488514974E-003
   4.93140000000000       7.001963640537416E-003
   4.93200000000000       6.993455258396585E-003
   4.93260000000000       6.984957329060959E-003
   4.93320000000000       6.976469839515520E-003
   4.93380000000000       6.967992776761728E-003
   4.93440000000000       6.959526127817504E-003
   4.93500000000000       6.951069879717204E-003
   4.93560000000000       6.942624019511600E-003
   4.93620000000000       6.934188534267863E-003
   4.93680000000000       6.925763411069532E-003
   4.93740000000000       6.917348637016502E-003
   4.93800000000000       6.908944199225000E-003
   4.93860000000000       6.900550084827558E-003
   4.93920000000000       6.892166280973003E-003
   4.93980000000000       6.883792774826427E-003
   4.94040000000000       6.875429553569169E-003
   4.94100000000000       6.867076604398796E-003
   4.94160000000000       6.858733914529079E-003
   4.94220000000000       6.850401471189969E-003
   4.94280000000000       6.842079261627589E-003
   4.94340000000000       6.833767273104194E-003
   4.94400000000000       6.825465492898169E-003
   4.94460000000000       6.817173908303993E-003
   4.94520000000000       6.808892506632228E-003
   4.94580000000000       6.800621275209498E-003
   4.94640000000000       6.792360201378459E-003
   4.94700000000000       6.784109272497771E-003
   4.94760000000000       6.775868475942135E-003
   4.94820000000000       6.767637799102200E-003
   4.94880000000000       6.759417229384541E-003
   4.94940000000000       6.751206754211715E-003
   4.95000000000000       6.743006361022169E-003
   4.95060000000000       6.734816037270251E-003
   4.95120000000000       6.726635770426182E-003
   4.95180000000000       6.718465547976033E-003
   4.95240000000000       6.710305357421707E-003
   4.95300000000000       6.702155186280918E-003
   4.95360000000000       6.694015022087174E-003
   4.95420000000000       6.685884852389755E-003
   4.95480000000000       6.677764664753681E-003
   4.95540000000000       6.669654446759717E-003
   4.95600000000000       6.661554186004327E-003
   4.95660000000000       6.653463870099666E-003
   4.95720000000000       6.645383486673562E-003
   4.95780000000000       6.637313023369488E-003
   4.95840000000000       6.629252467846547E-003
   4.95900000000000       6.621201807779450E-003
   4.95960000000000       6.613161030858498E-003
   4.96020000000000       6.605130124789560E-003
   4.96080000000000       6.597109077294046E-003
   4.96140000000000       6.589097876108907E-003
   4.96200000000000       6.581096508986589E-003
   4.96260000000000       6.573104963695036E-003
   4.96320000000000       6.565123228017650E-003
   4.96380000000000       6.557151289753292E-003
   4.96440000000000       6.549189136716243E-003
   4.96500000000000       6.541236756736192E-003
   4.96560000000000       6.533294137658222E-003
   4.96620000000000       6.525361267342765E-003
   4.96680000000000       6.517438133665642E-003
   4.96740000000000       6.509524724517966E-003
   4.96800000000000       6.501621027806171E-003
   4.96860000000000       6.493727031451978E-003
   4.96920000000000       6.485842723392389E-003
   4.96980000000000       6.477968091579624E-003
   4.97040000000000       6.470103123981164E-003
   4.97100000000000       6.462247808579690E-003
   4.97160000000000       6.454402133373076E-003
   4.97220000000000       6.446566086374362E-003
   4.97280000000000       6.438739655611743E-003
   4.97340000000000       6.430922829128545E-003
   4.97400000000000       6.423115594983208E-003
   4.97460000000000       6.415317941249260E-003
   4.97520000000000       6.407529856015305E-003
   4.97580000000000       6.399751327385003E-003
   4.97640000000000       6.391982343477047E-003
   4.97700000000000       6.384222892425144E-003
   4.97760000000000       6.376472962377994E-003
   4.97820000000000       6.368732541499284E-003
   4.97880000000000       6.361001617967642E-003
   4.97940000000000       6.353280179976647E-003
   4.98000000000000       6.345568215734790E-003
   4.98060000000000       6.337865713465466E-003
   4.98120000000000       6.330172661406942E-003
   4.98180000000000       6.322489047812354E-003
   4.98240000000000       6.314814860949672E-003
   4.98300000000000       6.307150089101697E-003
   4.98360000000000       6.299494720566026E-003
   4.98420000000000       6.291848743655045E-003
   4.98480000000000       6.284212146695889E-003
   4.98540000000000       6.276584918030476E-003
   4.98600000000000       6.268967046015419E-003
   4.98660000000000       6.261358519022048E-003
   4.98720000000000       6.253759325436382E-003
   4.98780000000000       6.246169453659110E-003
   4.98840000000000       6.238588892105572E-003
   4.98900000000000       6.231017629205742E-003
   4.98960000000000       6.223455653404208E-003
   4.99020000000000       6.215902953160151E-003
   4.99080000000000       6.208359516947337E-003
   4.99140000000000       6.200825333254059E-003
   4.99200000000000       6.193300390583182E-003
   4.99260000000000       6.185784677452077E-003
   4.99320000000000       6.178278182392615E-003
   4.99380000000000       6.170780893951152E-003
   4.99440000000000       6.163292800688505E-003
   4.99500000000000       6.155813891179941E-003
   4.99560000000000       6.148344154015144E-003
   4.99620000000000       6.140883577798216E-003
   4.99680000000000       6.133432151147637E-003
   4.99740000000000       6.125989862696269E-003
   4.99800000000000       6.118556701091317E-003
   4.99860000000000       6.111132654994320E-003
   4.99920000000000       6.103717713081139E-003
   4.99980000000000       6.096311864041925E-003
   5.00040000000000       6.088915096581110E-003
   5.00100000000000       6.081527399417383E-003
   5.00160000000000       6.074148761283678E-003
   5.00220000000000       6.066779170927149E-003
   5.00280000000000       6.059418617109156E-003
   5.00340000000000       6.052067088605247E-003
   5.00400000000000       6.044724574205119E-003
   5.00460000000000       6.037391062712665E-003
   5.00520000000000       6.030066542945865E-003
   5.00580000000000       6.022751003736829E-003
   5.00640000000000       6.015444433931761E-003
   5.00700000000000       6.008146822390942E-003
   5.00760000000000       6.000858157988714E-003
   5.00820000000000       5.993578429613454E-003
   5.00880000000000       5.986307626167567E-003
   5.00940000000000       5.979045736567462E-003
   5.01000000000000       5.971792749743532E-003
   5.01060000000000       5.964548654640142E-003
   5.01120000000000       5.957313440215602E-003
   5.01180000000000       5.950087095442176E-003
   5.01240000000000       5.942869609305996E-003
   5.01300000000000       5.935660970807135E-003
   5.01360000000000       5.928461168959528E-003
   5.01420000000000       5.921270192790973E-003
   5.01480000000000       5.914088031343113E-003
   5.01540000000000       5.906914673671411E-003
   5.01600000000000       5.899750108845143E-003
   5.01660000000000       5.892594325947372E-003
   5.01720000000000       5.885447314074932E-003
   5.01780000000000       5.878309062338413E-003
   5.01840000000000       5.871179559862143E-003
   5.01900000000000       5.864058795784167E-003
   5.01960000000000       5.856946759256230E-003
   5.02020000000000       5.849843439443763E-003
   5.02080000000000       5.842748825525861E-003
   5.02140000000000       5.835662906695268E-003
   5.02200000000000       5.828585672158362E-003
   5.02260000000000       5.821517111135117E-003
   5.02320000000000       5.814457212859139E-003
   5.02380000000000       5.807405966577583E-003
   5.02440000000000       5.800363361551168E-003
   5.02500000000000       5.793329387054161E-003
   5.02560000000000       5.786304032374357E-003
   5.02620000000000       5.779287286813053E-003
   5.02680000000000       5.772279139685046E-003
   5.02740000000000       5.765279580318598E-003
   5.02800000000000       5.758288598055431E-003
   5.02860000000000       5.751306182250708E-003
   5.02920000000000       5.744332322273013E-003
   5.02980000000000       5.737367007504328E-003
   5.03040000000000       5.730410227340032E-003
   5.03100000000000       5.723461971188871E-003
   5.03160000000000       5.716522228472940E-003
   5.03220000000000       5.709590988627672E-003
   5.03280000000000       5.702668241101822E-003
   5.03340000000000       5.695753975357452E-003
   5.03400000000000       5.688848180869879E-003
   5.03460000000000       5.681950847127719E-003
   5.03520000000000       5.675061963632826E-003
   5.03580000000000       5.668181519900288E-003
   5.03640000000000       5.661309505458410E-003
   5.03700000000000       5.654445909848697E-003
   5.03760000000000       5.647590722625832E-003
   5.03820000000000       5.640743933357666E-003
   5.03880000000000       5.633905531625199E-003
   5.03940000000000       5.627075507022562E-003
   5.04000000000000       5.620253849156997E-003
   5.04060000000000       5.613440547648847E-003
   5.04120000000000       5.606635592131539E-003
   5.04180000000000       5.599838972251545E-003
   5.04240000000000       5.593050677668421E-003
   5.04300000000000       5.586270698054722E-003
   5.04360000000000       5.579499023096025E-003
   5.04420000000000       5.572735642490906E-003
   5.04480000000000       5.565980545950922E-003
   5.04540000000000       5.559233723200589E-003
   5.04600000000000       5.552495163977372E-003
   5.04660000000000       5.545764858031667E-003
   5.04720000000000       5.539042795126788E-003
   5.04780000000000       5.532328965038935E-003
   5.04840000000000       5.525623357557198E-003
   5.04900000000000       5.518925962483528E-003
   5.04960000000000       5.512236769632720E-003
   5.05020000000000       5.505555768832405E-003
   5.05080000000000       5.498882949923026E-003
   5.05140000000000       5.492218302757824E-003
   5.05200000000000       5.485561817202818E-003
   5.05260000000000       5.478913483136801E-003
   5.05320000000000       5.472273290451303E-003
   5.05380000000000       5.465641229050596E-003
   5.05440000000000       5.459017288851674E-003
   5.05500000000000       5.452401459784199E-003
   5.05560000000000       5.445793731790547E-003
   5.05620000000000       5.439194094825753E-003
   5.05680000000000       5.432602538857499E-003
   5.05740000000000       5.426019053866106E-003
   5.05800000000000       5.419443629844510E-003
   5.05860000000000       5.412876256798250E-003
   5.05920000000000       5.406316924745450E-003
   5.05980000000000       5.399765623716803E-003
   5.06040000000000       5.393222343755558E-003
   5.06100000000000       5.386687074917492E-003
   5.06160000000000       5.380159807270924E-003
   5.06220000000000       5.373640530896663E-003
   5.06280000000000       5.367129235888006E-003
   5.06340000000000       5.360625912350725E-003
   5.06400000000000       5.354130550403053E-003
   5.06460000000000       5.347643140175660E-003
   5.06520000000000       5.341163671811643E-003
   5.06580000000000       5.334692135466509E-003
   5.06640000000000       5.328228521308155E-003
   5.06700000000000       5.321772819516856E-003
   5.06760000000000       5.315325020285254E-003
   5.06820000000000       5.308885113818327E-003
   5.06880000000000       5.302453090333390E-003
   5.06940000000000       5.296028940060071E-003
   5.07000000000000       5.289612653240294E-003
   5.07060000000000       5.283204220128263E-003
   5.07120000000000       5.276803630990455E-003
   5.07180000000000       5.270410876105591E-003
   5.07240000000000       5.264025945764634E-003
   5.07300000000000       5.257648830270758E-003
   5.07360000000000       5.251279519939347E-003
   5.07420000000000       5.244918005097973E-003
   5.07480000000000       5.238564276086376E-003
   5.07540000000000       5.232218323256464E-003
   5.07600000000000       5.225880136972260E-003
   5.07660000000000       5.219549707609937E-003
   5.07720000000000       5.213227025557776E-003
   5.07780000000000       5.206912081216142E-003
   5.07840000000000       5.200604864997484E-003
   5.07900000000000       5.194305367326317E-003
   5.07960000000000       5.188013578639192E-003
   5.08020000000000       5.181729489384718E-003
   5.08080000000000       5.175453090023498E-003
   5.08140000000000       5.169184371028143E-003
   5.08200000000000       5.162923322883251E-003
   5.08260000000000       5.156669936085390E-003
   5.08320000000000       5.150424201143084E-003
   5.08380000000000       5.144186108576800E-003
   5.08440000000000       5.137955648918923E-003
   5.08500000000000       5.131732812713755E-003
   5.08560000000000       5.125517590517490E-003
   5.08620000000000       5.119309972898197E-003
   5.08680000000000       5.113109950435813E-003
   5.08740000000000       5.106917513722122E-003
   5.08800000000000       5.100732653360746E-003
   5.08860000000000       5.094555359967115E-003
   5.08920000000000       5.088385624168473E-003
   5.08980000000000       5.082223436603845E-003
   5.09040000000000       5.076068787924031E-003
   5.09100000000000       5.069921668791590E-003
   5.09160000000000       5.063782069880820E-003
   5.09220000000000       5.057649981877751E-003
   5.09280000000000       5.051525395480125E-003
   5.09340000000000       5.045408301397374E-003
   5.09400000000000       5.039298690350625E-003
   5.09460000000000       5.033196553072663E-003
   5.09520000000000       5.027101880307930E-003
   5.09580000000000       5.021014662812503E-003
   5.09640000000000       5.014934891354083E-003
   5.09700000000000       5.008862556711990E-003
   5.09760000000000       5.002797649677108E-003
   5.09820000000000       4.996740161051925E-003
   5.09880000000000       4.990690081650476E-003
   5.09940000000000       4.984647402298371E-003
   5.10000000000000       4.978612113832725E-003
   5.10060000000000       4.972584207102185E-003
   5.10120000000000       4.966563672966897E-003
   5.10180000000000       4.960550502298500E-003
   5.10240000000000       4.954544685980109E-003
   5.10300000000000       4.948546214906293E-003
   5.10360000000000       4.942555079983072E-003
   5.10420000000000       4.936571272127893E-003
   5.10480000000000       4.930594782269624E-003
   5.10540000000000       4.924625601348527E-003
   5.10600000000000       4.918663720316254E-003
   5.10660000000000       4.912709130135834E-003
   5.10720000000000       4.906761821781645E-003
   5.10780000000000       4.900821786239414E-003
   5.10840000000000       4.894889014506196E-003
   5.10900000000000       4.888963497590358E-003
   5.10960000000000       4.883045226511566E-003
   5.11020000000000       4.877134192300773E-003
   5.11080000000000       4.871230386000202E-003
   5.11140000000000       4.865333798663334E-003
   5.11200000000000       4.859444421354886E-003
   5.11260000000000       4.853562245150808E-003
   5.11320000000000       4.847687261138261E-003
   5.11380000000000       4.841819460415606E-003
   5.11440000000000       4.835958834092383E-003
   5.11500000000000       4.830105373289311E-003
   5.11560000000000       4.824259069138254E-003
   5.11620000000000       4.818419912782226E-003
   5.11680000000000       4.812587895375364E-003
   5.11740000000000       4.806763008082918E-003
   5.11800000000000       4.800945242081239E-003
   5.11860000000000       4.795134588557758E-003
   5.11920000000000       4.789331038710980E-003
   5.11980000000000       4.783534583750464E-003
   5.12040000000000       4.777745214896813E-003
   5.12100000000000       4.771962923381657E-003
   5.12160000000000       4.766187700447636E-003
   5.12220000000000       4.760419537348396E-003
   5.12280000000000       4.754658425348565E-003
   5.12340000000000       4.748904355723737E-003
   5.12400000000000       4.743157319760475E-003
   5.12460000000000       4.737417308756276E-003
   5.12520000000000       4.731684314019570E-003
   5.12580000000000       4.725958326869701E-003
   5.12640000000000       4.720239338636916E-003
   5.12700000000000       4.714527340662348E-003
   5.12760000000000       4.708822324298004E-003
   5.12820000000000       4.703124280906749E-003
   5.12880000000000       4.697433201862298E-003
   5.12940000000000       4.691749078549193E-003
   5.13000000000000       4.686071902362795E-003
   5.13060000000000       4.680401664709271E-003
   5.13120000000000       4.674738357005577E-003
   5.13180000000000       4.669081970679447E-003
   5.13240000000000       4.663432497169375E-003
   5.13300000000000       4.657789927924604E-003
   5.13360000000000       4.652154254405115E-003
   5.13420000000000       4.646525468081609E-003
   5.13480000000000       4.640903560435492E-003
   5.13540000000000       4.635288522958868E-003
   5.13600000000000       4.629680347154523E-003
   5.13660000000000       4.624079024535900E-003
   5.13720000000000       4.618484546627106E-003
   5.13780000000000       4.612896904962882E-003
   5.13840000000000       4.607316091088594E-003
   5.13900000000000       4.601742096560226E-003
   5.13960000000000       4.596174912944351E-003
   5.14020000000000       4.590614531818138E-003
   5.14080000000000       4.585060944769318E-003
   5.14140000000000       4.579514143396184E-003
   5.14200000000000       4.573974119307576E-003
   5.14260000000000       4.568440864122863E-003
   5.14320000000000       4.562914369471928E-003
   5.14380000000000       4.557394626995164E-003
   5.14440000000000       4.551881628343452E-003
   5.14500000000000       4.546375365178150E-003
   5.14560000000000       4.540875829171080E-003
   5.14620000000000       4.535383012004514E-003
   5.14680000000000       4.529896905371165E-003
   5.14740000000000       4.524417500974162E-003
   5.14800000000000       4.518944790527052E-003
   5.14860000000000       4.513478765753778E-003
   5.14920000000000       4.508019418388660E-003
   5.14980000000000       4.502566740176400E-003
   5.15040000000000       4.497120722872046E-003
   5.15100000000000       4.491681358240999E-003
   5.15160000000000       4.486248638058987E-003
   5.15220000000000       4.480822554112054E-003
   5.15280000000000       4.475403098196550E-003
   5.15340000000000       4.469990262119121E-003
   5.15400000000000       4.464584037696682E-003
   5.15460000000000       4.459184416756422E-003
   5.15520000000000       4.453791391135775E-003
   5.15580000000000       4.448404952682419E-003
   5.15640000000000       4.443025093254255E-003
   5.15700000000000       4.437651804719395E-003
   5.15760000000000       4.432285078956157E-003
   5.15820000000000       4.426924907853039E-003
   5.15880000000000       4.421571283308715E-003
   5.15940000000000       4.416224197232020E-003
   5.16000000000000       4.410883641541937E-003
   5.16060000000000       4.405549608167583E-003
   5.16120000000000       4.400222089048196E-003
   5.16180000000000       4.394901076133125E-003
   5.16240000000000       4.389586561381813E-003
   5.16300000000000       4.384278536763781E-003
   5.16360000000000       4.378976994258633E-003
   5.16420000000000       4.373681925856020E-003
   5.16480000000000       4.368393323555641E-003
   5.16540000000000       4.363111179367222E-003
   5.16600000000000       4.357835485310514E-003
   5.16660000000000       4.352566233415273E-003
   5.16720000000000       4.347303415721242E-003
   5.16780000000000       4.342047024278153E-003
   5.16840000000000       4.336797051145700E-003
   5.16900000000000       4.331553488393531E-003
   5.16960000000000       4.326316328101243E-003
   5.17020000000000       4.321085562358357E-003
   5.17080000000000       4.315861183264312E-003
   5.17140000000000       4.310643182928450E-003
   5.17200000000000       4.305431553470006E-003
   5.17260000000000       4.300226287018096E-003
   5.17320000000000       4.295027375711698E-003
   5.17380000000000       4.289834811699644E-003
   5.17440000000000       4.284648587140614E-003
   5.17500000000000       4.279468694203108E-003
   5.17560000000000       4.274295125065448E-003
   5.17620000000000       4.269127871915754E-003
   5.17680000000000       4.263966926951941E-003
   5.17740000000000       4.258812282381702E-003
   5.17800000000000       4.253663930422495E-003
   5.17860000000000       4.248521863301533E-003
   5.17920000000000       4.243386073255768E-003
   5.17980000000000       4.238256552531882E-003
   5.18040000000000       4.233133293386274E-003
   5.18100000000000       4.228016288085045E-003
   5.18160000000000       4.222905528903987E-003
   5.18220000000000       4.217801008128576E-003
   5.18280000000000       4.212702718053949E-003
   5.18340000000000       4.207610650984897E-003
   5.18400000000000       4.202524799235860E-003
   5.18460000000000       4.197445155130900E-003
   5.18520000000000       4.192371711003703E-003
   5.18580000000000       4.187304459197555E-003
   5.18640000000000       4.182243392065339E-003
   5.18700000000000       4.177188501969515E-003
   5.18760000000000       4.172139781282114E-003
   5.18820000000000       4.167097222384722E-003
   5.18880000000000       4.162060817668472E-003
   5.18940000000000       4.157030559534024E-003
   5.19000000000000       4.152006440391563E-003
   5.19060000000000       4.146988452660777E-003
   5.19120000000000       4.141976588770853E-003
   5.19180000000000       4.136970841160460E-003
   5.19240000000000       4.131971202277740E-003
   5.19300000000000       4.126977664580287E-003
   5.19360000000000       4.121990220535155E-003
   5.19420000000000       4.117008862618820E-003
   5.19480000000000       4.112033583317192E-003
   5.19540000000000       4.107064375125583E-003
   5.19600000000000       4.102101230548709E-003
   5.19660000000000       4.097144142100675E-003
   5.19720000000000       4.092193102304954E-003
   5.19780000000000       4.087248103694389E-003
   5.19840000000000       4.082309138811171E-003
   5.19900000000000       4.077376200206833E-003
   5.19960000000000       4.072449280442230E-003
   5.20020000000000       4.067528372087538E-003
   5.20080000000000       4.062613467722233E-003
   5.20140000000000       4.057704559935086E-003
   5.20200000000000       4.052801641324146E-003
   5.20260000000000       4.047904704496719E-003
   5.20320000000000       4.043013742069407E-003
   5.20380000000000       4.038128746668001E-003
   5.20440000000000       4.033249710927561E-003
   5.20500000000000       4.028376627492357E-003
   5.20560000000000       4.023509489015872E-003
   5.20620000000000       4.018648288160783E-003
   5.20680000000000       4.013793017598952E-003
   5.20740000000000       4.008943670011421E-003
   5.20800000000000       4.004100238088387E-003
   5.20860000000000       3.999262714529201E-003
   5.20920000000000       3.994431092042353E-003
   5.20980000000000       3.989605363345462E-003
   5.21040000000000       3.984785521165258E-003
   5.21100000000000       3.979971558237577E-003
   5.21160000000000       3.975163467307353E-003
   5.21220000000000       3.970361241128593E-003
   5.21280000000000       3.965564872464378E-003
   5.21340000000000       3.960774354086843E-003
   5.21400000000000       3.955989678777173E-003
   5.21460000000000       3.951210839325587E-003
   5.21520000000000       3.946437828531325E-003
   5.21580000000000       3.941670639202639E-003
   5.21640000000000       3.936909264156785E-003
   5.21700000000000       3.932153696220003E-003
   5.21760000000000       3.927403928227514E-003
   5.21820000000000       3.922659953023503E-003
   5.21880000000000       3.917921763461108E-003
   5.21940000000000       3.913189352402414E-003
   5.22000000000000       3.908462712718433E-003
   5.22060000000000       3.903741837289101E-003
   5.22120000000000       3.899026719003261E-003
   5.22180000000000       3.894317350758646E-003
   5.22240000000000       3.889613725461901E-003
   5.22300000000000       3.884915836028518E-003
   5.22360000000000       3.880223675382862E-003
   5.22420000000000       3.875537236458154E-003
   5.22480000000000       3.870856512196459E-003
   5.22540000000000       3.866181495548651E-003
   5.22600000000000       3.861512179474446E-003
   5.22660000000000       3.856848556942358E-003
   5.22720000000000       3.852190620929698E-003
   5.22780000000000       3.847538364422563E-003
   5.22840000000000       3.842891780415821E-003
   5.22900000000000       3.838250861913105E-003
   5.22960000000000       3.833615601926799E-003
   5.23020000000000       3.828985993478026E-003
   5.23080000000000       3.824362029596639E-003
   5.23140000000000       3.819743703321209E-003
   5.23200000000000       3.815131007699015E-003
   5.23260000000000       3.810523935786030E-003
   5.23320000000000       3.805922480646911E-003
   5.23380000000000       3.801326635354992E-003
   5.23440000000000       3.796736392992268E-003
   5.23500000000000       3.792151746649385E-003
   5.23560000000000       3.787572689425630E-003
   5.23620000000000       3.782999214428919E-003
   5.23680000000000       3.778431314775790E-003
   5.23740000000000       3.773868983591383E-003
   5.23800000000000       3.769312214009441E-003
   5.23860000000000       3.764760999172287E-003
   5.23920000000000       3.760215332230824E-003
   5.23980000000000       3.755675206344514E-003
   5.24040000000000       3.751140614681370E-003
   5.24100000000000       3.746611550417965E-003
   5.24160000000000       3.742088006739382E-003
   5.24220000000000       3.737569976839233E-003
   5.24280000000000       3.733057453919641E-003
   5.24340000000000       3.728550431191223E-003
   5.24400000000000       3.724048901873088E-003
   5.24460000000000       3.719552859192823E-003
   5.24520000000000       3.715062296386477E-003
   5.24580000000000       3.710577206698565E-003
   5.24640000000000       3.706097583382025E-003
   5.24700000000000       3.701623419698251E-003
   5.24760000000000       3.697154708917052E-003
   5.24820000000000       3.692691444316649E-003
   5.24880000000000       3.688233619183668E-003
   5.24940000000000       3.683781226813122E-003
   5.25000000000000       3.679334260508411E-003
   5.25060000000000       3.674892713581297E-003
   5.25120000000000       3.670456579351909E-003
   5.25180000000000       3.666025851148717E-003
   5.25240000000000       3.661600522308536E-003
   5.25300000000000       3.657180586176507E-003
   5.25360000000000       3.652766036106081E-003
   5.25420000000000       3.648356865459028E-003
   5.25480000000000       3.643953067605401E-003
   5.25540000000000       3.639554635923547E-003
   5.25600000000000       3.635161563800083E-003
   5.25660000000000       3.630773844629890E-003
   5.25720000000000       3.626391471816108E-003
   5.25780000000000       3.622014438770112E-003
   5.25840000000000       3.617642738911519E-003
   5.25900000000000       3.613276365668159E-003
   5.25960000000000       3.608915312476072E-003
   5.26020000000000       3.604559572779519E-003
   5.26080000000000       3.600209140030932E-003
   5.26140000000000       3.595864007690930E-003
   5.26200000000000       3.591524169228299E-003
   5.26260000000000       3.587189618119991E-003
   5.26320000000000       3.582860347851100E-003
   5.26380000000000       3.578536351914865E-003
   5.26440000000000       3.574217623812651E-003
   5.26500000000000       3.569904157053940E-003
   5.26560000000000       3.565595945156325E-003
   5.26620000000000       3.561292981645494E-003
   5.26680000000000       3.556995260055222E-003
   5.26740000000000       3.552702773927372E-003
   5.26800000000000       3.548415516811850E-003
   5.26860000000000       3.544133482266640E-003
   5.26920000000000       3.539856663857765E-003
   5.26980000000000       3.535585055159283E-003
   5.27040000000000       3.531318649753280E-003
   5.27100000000000       3.527057441229857E-003
   5.27160000000000       3.522801423187121E-003
   5.27220000000000       3.518550589231173E-003
   5.27280000000000       3.514304932976100E-003
   5.27340000000000       3.510064448043965E-003
   5.27400000000000       3.505829128064795E-003
   5.27460000000000       3.501598966676569E-003
   5.27520000000000       3.497373957525217E-003
   5.27580000000000       3.493154094264597E-003
   5.27640000000000       3.488939370556497E-003
   5.27700000000000       3.484729780070615E-003
   5.27760000000000       3.480525316484557E-003
   5.27820000000000       3.476325973483815E-003
   5.27880000000000       3.472131744761783E-003
   5.27940000000000       3.467942624019713E-003
   5.28000000000000       3.463758604966728E-003
   5.28060000000000       3.459579681319802E-003
   5.28120000000000       3.455405846803757E-003
   5.28180000000000       3.451237095151247E-003
   5.28240000000000       3.447073420102751E-003
   5.28300000000000       3.442914815406563E-003
   5.28360000000000       3.438761274818781E-003
   5.28420000000000       3.434612792103298E-003
   5.28480000000000       3.430469361031792E-003
   5.28540000000000       3.426330975383716E-003
   5.28600000000000       3.422197628946287E-003
   5.28660000000000       3.418069315514476E-003
   5.28720000000000       3.413946028891005E-003
   5.28780000000000       3.409827762886325E-003
   5.28840000000000       3.405714511318622E-003
   5.28900000000000       3.401606268013778E-003
   5.28960000000000       3.397503026805402E-003
   5.29020000000000       3.393404781534789E-003
   5.29080000000000       3.389311526050925E-003
   5.29140000000000       3.385223254210470E-003
   5.29200000000000       3.381139959877751E-003
   5.29260000000000       3.377061636924754E-003
   5.29320000000000       3.372988279231111E-003
   5.29380000000000       3.368919880684092E-003
   5.29440000000000       3.364856435178596E-003
   5.29500000000000       3.360797936617140E-003
   5.29560000000000       3.356744378909848E-003
   5.29620000000000       3.352695755974448E-003
   5.29680000000000       3.348652061736252E-003
   5.29740000000000       3.344613290128149E-003
   5.29800000000000       3.340579435090614E-003
   5.29860000000000       3.336550490571670E-003
   5.29920000000000       3.332526450526889E-003
   5.29980000000000       3.328507308919391E-003
   5.30040000000000       3.324493059719825E-003
   5.30100000000000       3.320483696906363E-003
   5.30160000000000       3.316479214464689E-003
   5.30220000000000       3.312479606387992E-003
   5.30280000000000       3.308484866676954E-003
   5.30340000000000       3.304494989339738E-003
   5.30400000000000       3.300509968391988E-003
   5.30460000000000       3.296529797856809E-003
   5.30520000000000       3.292554471764763E-003
   5.30580000000000       3.288583984153856E-003
   5.30640000000000       3.284618329069536E-003
   5.30700000000000       3.280657500564672E-003
   5.30760000000000       3.276701492699558E-003
   5.30820000000000       3.272750299541890E-003
   5.30880000000000       3.268803915166769E-003
   5.30940000000000       3.264862333656682E-003
   5.31000000000000       3.260925549101503E-003
   5.31060000000000       3.256993555598460E-003
   5.31120000000000       3.253066347252161E-003
   5.31180000000000       3.249143918174559E-003
   5.31240000000000       3.245226262484952E-003
   5.31300000000000       3.241313374309970E-003
   5.31360000000000       3.237405247783568E-003
   5.31420000000000       3.233501877047018E-003
   5.31480000000000       3.229603256248894E-003
   5.31540000000000       3.225709379545072E-003
   5.31600000000000       3.221820241098710E-003
   5.31660000000000       3.217935835080242E-003
   5.31720000000000       3.214056155667387E-003
   5.31780000000000       3.210181197045107E-003
   5.31840000000000       3.206310953405618E-003
   5.31900000000000       3.202445418948382E-003
   5.31960000000000       3.198584587880087E-003
   5.32020000000000       3.194728454414650E-003
   5.32080000000000       3.190877012773197E-003
   5.32140000000000       3.187030257184063E-003
   5.32200000000000       3.183188181882774E-003
   5.32260000000000       3.179350781112047E-003
   5.32320000000000       3.175518049121773E-003
   5.32380000000000       3.171689980169011E-003
   5.32440000000000       3.167866568517982E-003
   5.32500000000000       3.164047808440056E-003
   5.32560000000000       3.160233694213742E-003
   5.32620000000000       3.156424220124683E-003
   5.32680000000000       3.152619380465645E-003
   5.32740000000000       3.148819169536506E-003
   5.32800000000000       3.145023581644250E-003
   5.32860000000000       3.141232611102959E-003
   5.32920000000000       3.137446252233797E-003
   5.32980000000000       3.133664499365012E-003
   5.33040000000000       3.129887346831914E-003
   5.33100000000000       3.126114788976885E-003
   5.33160000000000       3.122346820149337E-003
   5.33220000000000       3.118583434705743E-003
   5.33280000000000       3.114824627009601E-003
   5.33340000000000       3.111070391431439E-003
   5.33400000000000       3.107320722348792E-003
   5.33460000000000       3.103575614146209E-003
   5.33520000000000       3.099835061215227E-003
   5.33580000000000       3.096099057954389E-003
   5.33640000000000       3.092367598769203E-003
   5.33700000000000       3.088640678072150E-003
   5.33760000000000       3.084918290282676E-003
   5.33820000000000       3.081200429827182E-003
   5.33880000000000       3.077487091139008E-003
   5.33940000000000       3.073778268658435E-003
   5.34000000000000       3.070073956832668E-003
   5.34060000000000       3.066374150115833E-003
   5.34120000000000       3.062678842968962E-003
   5.34180000000000       3.058988029859991E-003
   5.34240000000000       3.055301705263745E-003
   5.34300000000000       3.051619863661933E-003
   5.34360000000000       3.047942499543143E-003
   5.34420000000000       3.044269607402821E-003
   5.34480000000000       3.040601181743275E-003
   5.34540000000000       3.036937217073662E-003
   5.34600000000000       3.033277707909976E-003
   5.34660000000000       3.029622648775044E-003
   5.34720000000000       3.025972034198515E-003
   5.34780000000000       3.022325858716850E-003
   5.34840000000000       3.018684116873320E-003
   5.34900000000000       3.015046803217987E-003
   5.34960000000000       3.011413912307705E-003
   5.35020000000000       3.007785438706105E-003
   5.35080000000000       3.004161376983589E-003
   5.35140000000000       3.000541721717322E-003
   5.35200000000000       2.996926467491230E-003
   5.35260000000000       2.993315608895963E-003
   5.35320000000000       2.989709140528929E-003
   5.35380000000000       2.986107056994254E-003
   5.35440000000000       2.982509352902782E-003
   5.35500000000000       2.978916022872082E-003
   5.35560000000000       2.975327061526410E-003
   5.35620000000000       2.971742463496720E-003
   5.35680000000000       2.968162223420656E-003
   5.35740000000000       2.964586335942533E-003
   5.35800000000000       2.961014795713340E-003
   5.35860000000000       2.957447597390722E-003
   5.35920000000000       2.953884735638979E-003
   5.35980000000000       2.950326205129054E-003
   5.36040000000000       2.946772000538522E-003
   5.36100000000000       2.943222116551588E-003
   5.36160000000000       2.939676547859074E-003
   5.36220000000000       2.936135289158409E-003
   5.36280000000000       2.932598335153630E-003
   5.36340000000000       2.929065680555361E-003
   5.36400000000000       2.925537320080813E-003
   5.36460000000000       2.922013248453775E-003
   5.36520000000000       2.918493460404601E-003
   5.36580000000000       2.914977950670208E-003
   5.36640000000000       2.911466713994059E-003
   5.36700000000000       2.907959745126169E-003
   5.36760000000000       2.904457038823079E-003
   5.36820000000000       2.900958589847863E-003
   5.36880000000000       2.897464392970110E-003
   5.36940000000000       2.893974442965920E-003
   5.37000000000000       2.890488734617896E-003
   5.37060000000000       2.887007262715134E-003
   5.37120000000000       2.883530022053213E-003
   5.37180000000000       2.880057007434194E-003
   5.37240000000000       2.876588213666605E-003
   5.37300000000000       2.873123635565433E-003
   5.37360000000000       2.869663267952119E-003
   5.37420000000000       2.866207105654551E-003
   5.37480000000000       2.862755143507050E-003
   5.37540000000000       2.859307376350367E-003
   5.37600000000000       2.855863799031673E-003
   5.37660000000000       2.852424406404550E-003
   5.37720000000000       2.848989193328986E-003
   5.37780000000000       2.845558154671363E-003
   5.37840000000000       2.842131285304451E-003
   5.37900000000000       2.838708580107401E-003
   5.37960000000000       2.835290033965735E-003
   5.38020000000000       2.831875641771336E-003
   5.38080000000000       2.828465398422447E-003
   5.38140000000000       2.825059298823656E-003
   5.38200000000000       2.821657337885889E-003
   5.38260000000000       2.818259510526407E-003
   5.38320000000000       2.814865811668792E-003
   5.38380000000000       2.811476236242941E-003
   5.38440000000000       2.808090779185061E-003
   5.38500000000000       2.804709435437655E-003
   5.38560000000000       2.801332199949520E-003
   5.38620000000000       2.797959067675737E-003
   5.38680000000000       2.794590033577661E-003
   5.38740000000000       2.791225092622915E-003
   5.38800000000000       2.787864239785383E-003
   5.38860000000000       2.784507470045198E-003
   5.38920000000000       2.781154778388739E-003
   5.38980000000000       2.777806159808624E-003
   5.39040000000000       2.774461609303692E-003
   5.39100000000000       2.771121121879009E-003
   5.39160000000000       2.767784692545850E-003
   5.39220000000000       2.764452316321696E-003
   5.39280000000000       2.761123988230223E-003
   5.39340000000000       2.757799703301298E-003
   5.39400000000000       2.754479456570968E-003
   5.39460000000000       2.751163243081453E-003
   5.39520000000000       2.747851057881140E-003
   5.39580000000000       2.744542896024572E-003
   5.39640000000000       2.741238752572443E-003
   5.39700000000000       2.737938622591588E-003
   5.39760000000000       2.734642501154978E-003
   5.39820000000000       2.731350383341710E-003
   5.39880000000000       2.728062264236999E-003
   5.39940000000000       2.724778138932172E-003
   5.40000000000000       2.721498002524660E-003
   5.40060000000000       2.718221850117988E-003
   5.40120000000000       2.714949676821773E-003
   5.40180000000000       2.711681477751705E-003
   5.40240000000000       2.708417248029554E-003
   5.40300000000000       2.705156982783151E-003
   5.40360000000000       2.701900677146387E-003
   5.40420000000000       2.698648326259201E-003
   5.40480000000000       2.695399925267572E-003
   5.40540000000000       2.692155469323519E-003
   5.40600000000000       2.688914953585081E-003
   5.40660000000000       2.685678373216322E-003
   5.40720000000000       2.682445723387315E-003
   5.40780000000000       2.679216999274137E-003
   5.40840000000000       2.675992196058861E-003
   5.40900000000000       2.672771308929550E-003
   5.40960000000000       2.669554333080248E-003
   5.41020000000000       2.666341263710973E-003
   5.41080000000000       2.663132096027706E-003
   5.41140000000000       2.659926825242392E-003
   5.41200000000000       2.656725446572924E-003
   5.41260000000000       2.653527955243139E-003
   5.41320000000000       2.650334346482808E-003
   5.41380000000000       2.647144615527636E-003
   5.41440000000000       2.643958757619245E-003
   5.41500000000000       2.640776768005170E-003
   5.41560000000000       2.637598641938855E-003
   5.41620000000000       2.634424374679640E-003
   5.41680000000000       2.631253961492759E-003
   5.41740000000000       2.628087397649330E-003
   5.41800000000000       2.624924678426343E-003
   5.41860000000000       2.621765799106661E-003
   5.41920000000000       2.618610754979009E-003
   5.41980000000000       2.615459541337962E-003
   5.42040000000000       2.612312153483949E-003
   5.42100000000000       2.609168586723229E-003
   5.42160000000000       2.606028836367900E-003
   5.42220000000000       2.602892897735883E-003
   5.42280000000000       2.599760766150918E-003
   5.42340000000000       2.596632436942550E-003
   5.42400000000000       2.593507905446131E-003
   5.42460000000000       2.590387167002807E-003
   5.42520000000000       2.587270216959512E-003
   5.42580000000000       2.584157050668961E-003
   5.42640000000000       2.581047663489643E-003
   5.42700000000000       2.577942050785811E-003
   5.42760000000000       2.574840207927479E-003
   5.42820000000000       2.571742130290412E-003
   5.42880000000000       2.568647813256119E-003
   5.42940000000000       2.565557252211847E-003
   5.43000000000000       2.562470442550572E-003
   5.43060000000000       2.559387379670992E-003
   5.43120000000000       2.556308058977523E-003
   5.43180000000000       2.553232475880286E-003
   5.43240000000000       2.550160625795105E-003
   5.43300000000000       2.547092504143497E-003
   5.43360000000000       2.544028106352666E-003
   5.43420000000000       2.540967427855496E-003
   5.43480000000000       2.537910464090542E-003
   5.43540000000000       2.534857210502025E-003
   5.43600000000000       2.531807662539823E-003
   5.43660000000000       2.528761815659468E-003
   5.43720000000000       2.525719665322131E-003
   5.43780000000000       2.522681206994623E-003
   5.43840000000000       2.519646436149383E-003
   5.43900000000000       2.516615348264472E-003
   5.43960000000000       2.513587938823570E-003
   5.44020000000000       2.510564203315959E-003
   5.44080000000000       2.507544137236529E-003
   5.44140000000000       2.504527736085757E-003
   5.44200000000000       2.501514995369713E-003
   5.44260000000000       2.498505910600045E-003
   5.44320000000000       2.495500477293972E-003
   5.44380000000000       2.492498690974282E-003
   5.44440000000000       2.489500547169319E-003
   5.44500000000000       2.486506041412982E-003
   5.44560000000000       2.483515169244712E-003
   5.44620000000000       2.480527926209488E-003
   5.44680000000000       2.477544307857824E-003
   5.44740000000000       2.474564309745753E-003
   5.44800000000000       2.471587927434828E-003
   5.44860000000000       2.468615156492110E-003
   5.44920000000000       2.465645992490165E-003
   5.44980000000000       2.462680431007054E-003
   5.45040000000000       2.459718467626327E-003
   5.45100000000000       2.456760097937018E-003
   5.45160000000000       2.453805317533634E-003
   5.45220000000000       2.450854122016152E-003
   5.45280000000000       2.447906506990010E-003
   5.45340000000000       2.444962468066101E-003
   5.45400000000000       2.442022000860766E-003
   5.45460000000000       2.439085100995787E-003
   5.45520000000000       2.436151764098380E-003
   5.45580000000000       2.433221985801188E-003
   5.45640000000000       2.430295761742273E-003
   5.45700000000000       2.427373087565114E-003
   5.45760000000000       2.424453958918595E-003
   5.45820000000000       2.421538371456994E-003
   5.45880000000000       2.418626320840002E-003
   5.45940000000000       2.415717802732669E-003
   5.46000000000000       2.412812812805443E-003
   5.46060000000000       2.409911346734139E-003
   5.46120000000000       2.407013400199938E-003
   5.46180000000000       2.404118968889383E-003
   5.46240000000000       2.401228048494365E-003
   5.46300000000000       2.398340634712125E-003
   5.46360000000000       2.395456723245240E-003
   5.46420000000000       2.392576309801623E-003
   5.46480000000000       2.389699390094507E-003
   5.46540000000000       2.386825959842449E-003
   5.46600000000000       2.383956014769316E-003
   5.46660000000000       2.381089550604279E-003
   5.46720000000000       2.378226563081811E-003
   5.46780000000000       2.375367047941676E-003
   5.46840000000000       2.372511000928921E-003
   5.46900000000000       2.369658417793875E-003
   5.46960000000000       2.366809294292139E-003
   5.47020000000000       2.363963626184576E-003
   5.47080000000000       2.361121409237311E-003
   5.47140000000000       2.358282639221723E-003
   5.47200000000000       2.355447311914431E-003
   5.47260000000000       2.352615423097298E-003
   5.47320000000000       2.349786968557417E-003
   5.47380000000000       2.346961944087107E-003
   5.47440000000000       2.344140345483908E-003
   5.47500000000000       2.341322168550570E-003
   5.47560000000000       2.338507409095051E-003
   5.47620000000000       2.335696062930509E-003
   5.47680000000000       2.332888125875288E-003
   5.47740000000000       2.330083593752935E-003
   5.47800000000000       2.327282462392161E-003
   5.47860000000000       2.324484727626856E-003
   5.47920000000000       2.321690385296077E-003
   5.47980000000000       2.318899431244046E-003
   5.48040000000000       2.316111861320124E-003
   5.48100000000000       2.313327671378836E-003
   5.48160000000000       2.310546857279840E-003
   5.48220000000000       2.307769414887930E-003
   5.48280000000000       2.304995340073029E-003
   5.48340000000000       2.302224628710179E-003
   5.48400000000000       2.299457276679539E-003
   5.48460000000000       2.296693279866378E-003
   5.48520000000000       2.293932634161062E-003
   5.48580000000000       2.291175335459059E-003
   5.48640000000000       2.288421379660923E-003
   5.48700000000000       2.285670762672291E-003
   5.48760000000000       2.282923480403877E-003
   5.48820000000000       2.280179528771468E-003
   5.48880000000000       2.277438903695909E-003
   5.48940000000000       2.274701601103107E-003
   5.49000000000000       2.271967616924018E-003
   5.49060000000000       2.269236947094644E-003
   5.49120000000000       2.266509587556025E-003
   5.49180000000000       2.263785534254232E-003
   5.49240000000000       2.261064783140363E-003
   5.49300000000000       2.258347330170535E-003
   5.49360000000000       2.255633171305878E-003
   5.49420000000000       2.252922302512528E-003
   5.49480000000000       2.250214719761623E-003
   5.49540000000000       2.247510419029293E-003
   5.49600000000000       2.244809396296653E-003
   5.49660000000000       2.242111647549815E-003
   5.49720000000000       2.239417168779847E-003
   5.49780000000000       2.236725955982796E-003
   5.49840000000000       2.234038005159669E-003
   5.49900000000000       2.231353312316432E-003
   5.49960000000000       2.228671873463998E-003
   5.50020000000000       2.225993684618227E-003
   5.50080000000000       2.223318741799915E-003
   5.50140000000000       2.220647041034795E-003
   5.50200000000000       2.217978578353513E-003
   5.50260000000000       2.215313349791647E-003
   5.50320000000000       2.212651351389680E-003
   5.50380000000000       2.209992579193010E-003
   5.50440000000000       2.207337029251926E-003
   5.50500000000000       2.204684697621620E-003
   5.50560000000000       2.202035580362167E-003
   5.50620000000000       2.199389673538527E-003
   5.50680000000000       2.196746973220534E-003
   5.50740000000000       2.194107475482896E-003
   5.50800000000000       2.191471176405179E-003
   5.50860000000000       2.188838072071811E-003
   5.50920000000000       2.186208158572070E-003
   5.50980000000000       2.183581432000082E-003
   5.51040000000000       2.180957888454809E-003
   5.51100000000000       2.178337524040046E-003
   5.51160000000000       2.175720334864420E-003
   5.51220000000000       2.173106317041375E-003
   5.51280000000000       2.170495466689171E-003
   5.51340000000000       2.167887779930879E-003
   5.51400000000000       2.165283252894370E-003
   5.51460000000000       2.162681881712314E-003
   5.51520000000000       2.160083662522168E-003
   5.51580000000000       2.157488591466185E-003
   5.51640000000000       2.154896664691385E-003
   5.51700000000000       2.152307878349566E-003
   5.51760000000000       2.149722228597292E-003
   5.51820000000000       2.147139711595888E-003
   5.51880000000000       2.144560323511435E-003
   5.51940000000000       2.141984060514760E-003
   5.52000000000000       2.139410918781437E-003
   5.52060000000000       2.136840894491775E-003
   5.52120000000000       2.134273983830813E-003
   5.52180000000000       2.131710182988318E-003
   5.52240000000000       2.129149488158776E-003
   5.52300000000000       2.126591895541379E-003
   5.52360000000000       2.124037401340036E-003
   5.52420000000000       2.121486001763353E-003
   5.52480000000000       2.118937693024631E-003
   5.52540000000000       2.116392471341862E-003
   5.52600000000000       2.113850332937723E-003
   5.52660000000000       2.111311274039566E-003
   5.52720000000000       2.108775290879415E-003
   5.52780000000000       2.106242379693964E-003
   5.52840000000000       2.103712536724562E-003
   5.52900000000000       2.101185758217215E-003
   5.52960000000000       2.098662040422579E-003
   5.53020000000000       2.096141379595949E-003
   5.53080000000000       2.093623771997261E-003
   5.53140000000000       2.091109213891077E-003
   5.53200000000000       2.088597701546589E-003
   5.53260000000000       2.086089231237606E-003
   5.53320000000000       2.083583799242551E-003
   5.53380000000000       2.081081401844449E-003
   5.53440000000000       2.078582035330943E-003
   5.53500000000000       2.076085695994257E-003
   5.53560000000000       2.073592380131211E-003
   5.53620000000000       2.071102084043208E-003
   5.53680000000000       2.068614804036231E-003
   5.53740000000000       2.066130536420836E-003
   5.53800000000000       2.063649277512147E-003
   5.53860000000000       2.061171023629849E-003
   5.53920000000000       2.058695771098184E-003
   5.53980000000000       2.056223516245941E-003
   5.54040000000000       2.053754255406457E-003
   5.54100000000000       2.051287984917607E-003
   5.54160000000000       2.048824701121799E-003
   5.54220000000000       2.046364400365966E-003
   5.54280000000000       2.043907079001568E-003
   5.54340000000000       2.041452733384574E-003
   5.54400000000000       2.039001359875474E-003
   5.54460000000000       2.036552954839248E-003
   5.54520000000000       2.034107514645385E-003
   5.54580000000000       2.031665035667866E-003
   5.54640000000000       2.029225514285160E-003
   5.54700000000000       2.026788946880216E-003
   5.54760000000000       2.024355329840461E-003
   5.54820000000000       2.021924659557793E-003
   5.54880000000000       2.019496932428573E-003
   5.54940000000000       2.017072144853626E-003
   5.55000000000000       2.014650293238227E-003
   5.55060000000000       2.012231373992100E-003
   5.55120000000000       2.009815383529415E-003
   5.55180000000000       2.007402318268775E-003
   5.55240000000000       2.004992174633217E-003
   5.55300000000000       2.002584949050200E-003
   5.55360000000000       2.000180637951617E-003
   5.55420000000000       1.997779237773760E-003
   5.55480000000000       1.995380744957339E-003
   5.55540000000000       1.992985155947465E-003
   5.55600000000000       1.990592467193648E-003
   5.55660000000000       1.988202675149793E-003
   5.55720000000000       1.985815776274188E-003
   5.55780000000000       1.983431767029508E-003
   5.55840000000000       1.981050643882801E-003
   5.55900000000000       1.978672403305487E-003
   5.55960000000000       1.976297041773352E-003
   5.56020000000000       1.973924555766540E-003
   5.56080000000000       1.971554941769551E-003
   5.56140000000000       1.969188196271234E-003
   5.56200000000000       1.966824315764781E-003
   5.56260000000000       1.964463296747723E-003
   5.56320000000000       1.962105135721922E-003
   5.56380000000000       1.959749829193568E-003
   5.56440000000000       1.957397373673174E-003
   5.56500000000000       1.955047765675571E-003
   5.56560000000000       1.952701001719892E-003
   5.56620000000000       1.950357078329584E-003
   5.56680000000000       1.948015992032392E-003
   5.56740000000000       1.945677739360357E-003
   5.56800000000000       1.943342316849806E-003
   5.56860000000000       1.941009721041353E-003
   5.56920000000000       1.938679948479889E-003
   5.56980000000000       1.936352995714579E-003
   5.57040000000000       1.934028859298855E-003
   5.57100000000000       1.931707535790413E-003
   5.57160000000000       1.929389021751203E-003
   5.57220000000000       1.927073313747428E-003
   5.57280000000000       1.924760408349543E-003
   5.57340000000000       1.922450302132238E-003
   5.57400000000000       1.920142991674440E-003
   5.57460000000000       1.917838473559306E-003
   5.57520000000000       1.915536744374219E-003
   5.57580000000000       1.913237800710783E-003
   5.57640000000000       1.910941639164815E-003
   5.57700000000000       1.908648256336342E-003
   5.57760000000000       1.906357648829594E-003
   5.57820000000000       1.904069813253003E-003
   5.57880000000000       1.901784746219190E-003
   5.57940000000000       1.899502444344967E-003
   5.58000000000000       1.897222904251329E-003
   5.58060000000000       1.894946122563448E-003
   5.58120000000000       1.892672095910669E-003
   5.58180000000000       1.890400820926503E-003
   5.58240000000000       1.888132294248624E-003
   5.58300000000000       1.885866512518865E-003
   5.58360000000000       1.883603472383205E-003
   5.58420000000000       1.881343170491777E-003
   5.58480000000000       1.879085603498847E-003
   5.58540000000000       1.876830768062823E-003
   5.58600000000000       1.874578660846241E-003
   5.58660000000000       1.872329278515769E-003
   5.58720000000000       1.870082617742182E-003
   5.58780000000000       1.867838675200381E-003
   5.58840000000000       1.865597447569374E-003
   5.58900000000000       1.863358931532277E-003
   5.58960000000000       1.861123123776301E-003
   5.59020000000000       1.858890020992756E-003
   5.59080000000000       1.856659619877034E-003
   5.59140000000000       1.854431917128625E-003
   5.59200000000000       1.852206909451087E-003
   5.59260000000000       1.849984593552055E-003
   5.59320000000000       1.847764966143235E-003
   5.59380000000000       1.845548023940394E-003
   5.59440000000000       1.843333763663362E-003
   5.59500000000000       1.841122182036017E-003
   5.59560000000000       1.838913275786292E-003
   5.59620000000000       1.836707041646160E-003
   5.59680000000000       1.834503476351633E-003
   5.59740000000000       1.832302576642757E-003
   5.59800000000000       1.830104339263607E-003
   5.59860000000000       1.827908760962281E-003
   5.59920000000000       1.825715838490894E-003
   5.59980000000000       1.823525568605577E-003
   5.60040000000000       1.821337948066467E-003
   5.60100000000000       1.819152973637706E-003
   5.60160000000000       1.816970642087432E-003
   5.60220000000000       1.814790950187781E-003
   5.60280000000000       1.812613894714871E-003
   5.60340000000000       1.810439472448807E-003
   5.60400000000000       1.808267680173672E-003
   5.60460000000000       1.806098514677523E-003
   5.60520000000000       1.803931972752382E-003
   5.60580000000000       1.801768051194237E-003
   5.60640000000000       1.799606746803035E-003
   5.60700000000000       1.797448056382675E-003
   5.60760000000000       1.795291976741009E-003
   5.60820000000000       1.793138504689819E-003
   5.60880000000000       1.790987637044841E-003
   5.60940000000000       1.788839370625737E-003
   5.61000000000000       1.786693702256097E-003
   5.61060000000000       1.784550628763442E-003
   5.61120000000000       1.782410146979205E-003
   5.61180000000000       1.780272253738735E-003
   5.61240000000000       1.778136945881288E-003
   5.61300000000000       1.776004220250028E-003
   5.61360000000000       1.773874073692017E-003
   5.61420000000000       1.771746503058209E-003
   5.61480000000000       1.769621505203450E-003
   5.61540000000000       1.767499076986470E-003
   5.61600000000000       1.765379215269878E-003
   5.61660000000000       1.763261916920160E-003
   5.61720000000000       1.761147178807670E-003
   5.61780000000000       1.759034997806627E-003
   5.61840000000000       1.756925370795113E-003
   5.61900000000000       1.754818294655062E-003
   5.61960000000000       1.752713766272262E-003
   5.62020000000000       1.750611782536345E-003
   5.62080000000000       1.748512340340783E-003
   5.62140000000000       1.746415436582888E-003
   5.62200000000000       1.744321068163801E-003
   5.62260000000000       1.742229231988487E-003
   5.62320000000000       1.740139924965739E-003
   5.62380000000000       1.738053144008163E-003
   5.62440000000000       1.735968886032177E-003
   5.62500000000000       1.733887147958009E-003
   5.62560000000000       1.731807926709688E-003
   5.62620000000000       1.729731219215040E-003
   5.62680000000000       1.727657022405688E-003
   5.62740000000000       1.725585333217039E-003
   5.62800000000000       1.723516148588287E-003
   5.62860000000000       1.721449465462404E-003
   5.62920000000000       1.719385280786137E-003
   5.62980000000000       1.717323591510000E-003
   5.63040000000000       1.715264394588274E-003
   5.63100000000000       1.713207686979000E-003
   5.63160000000000       1.711153465643975E-003
   5.63220000000000       1.709101727548745E-003
   5.63280000000000       1.707052469662603E-003
   5.63340000000000       1.705005688958582E-003
   5.63400000000000       1.702961382413456E-003
   5.63460000000000       1.700919547007725E-003
   5.63520000000000       1.698880179725620E-003
   5.63580000000000       1.696843277555094E-003
   5.63640000000000       1.694808837487817E-003
   5.63700000000000       1.692776856519175E-003
   5.63760000000000       1.690747331648260E-003
   5.63820000000000       1.688720259877868E-003
   5.63880000000000       1.686695638214495E-003
   5.63940000000000       1.684673463668332E-003
   5.64000000000000       1.682653733253262E-003
   5.64060000000000       1.680636443986850E-003
   5.64120000000000       1.678621592890345E-003
   5.64180000000000       1.676609176988669E-003
   5.64240000000000       1.674599193310419E-003
   5.64300000000000       1.672591638887857E-003
   5.64360000000000       1.670586510756908E-003
   5.64420000000000       1.668583805957156E-003
   5.64480000000000       1.666583521531838E-003
   5.64540000000000       1.664585654527838E-003
   5.64600000000000       1.662590201995687E-003
   5.64660000000000       1.660597160989553E-003
   5.64720000000000       1.658606528567242E-003
   5.64780000000000       1.656618301790187E-003
   5.64840000000000       1.654632477723449E-003
   5.64900000000000       1.652649053435713E-003
   5.64960000000000       1.650668025999276E-003
   5.65020000000000       1.648689392490052E-003
   5.65080000000000       1.646713149987558E-003
   5.65140000000000       1.644739295574920E-003
   5.65200000000000       1.642767826338858E-003
   5.65260000000000       1.640798739369690E-003
   5.65320000000000       1.638832031761321E-003
   5.65380000000000       1.636867700611244E-003
   5.65440000000000       1.634905743020532E-003
   5.65500000000000       1.632946156093832E-003
   5.65560000000000       1.630988936939368E-003
   5.65620000000000       1.629034082668927E-003
   5.65680000000000       1.627081590397861E-003
   5.65740000000000       1.625131457245080E-003
   5.65800000000000       1.623183680333050E-003
   5.65860000000000       1.621238256787782E-003
   5.65920000000000       1.619295183738839E-003
   5.65980000000000       1.617354458319319E-003
   5.66040000000000       1.615416077665859E-003
   5.66100000000000       1.613480038918627E-003
   5.66160000000000       1.611546339221320E-003
   5.66220000000000       1.609614975721157E-003
   5.66280000000000       1.607685945568876E-003
   5.66340000000000       1.605759245918729E-003
   5.66400000000000       1.603834873928479E-003
   5.66460000000000       1.601912826759393E-003
   5.66520000000000       1.599993101576241E-003
   5.66580000000000       1.598075695547287E-003
   5.66640000000000       1.596160605844290E-003
   5.66700000000000       1.594247829642497E-003
   5.66760000000000       1.592337364120638E-003
   5.66820000000000       1.590429206460921E-003
   5.66880000000000       1.588523353849032E-003
   5.66940000000000       1.586619803474124E-003
   5.67000000000000       1.584718552528819E-003
   5.67060000000000       1.582819598209201E-003
   5.67120000000000       1.580922937714809E-003
   5.67180000000000       1.579028568248639E-003
   5.67240000000000       1.577136487017133E-003
   5.67300000000000       1.575246691230180E-003
   5.67360000000000       1.573359178101107E-003
   5.67420000000000       1.571473944846680E-003
   5.67480000000000       1.569590988687093E-003
   5.67540000000000       1.567710306845971E-003
   5.67600000000000       1.565831896550360E-003
   5.67660000000000       1.563955755030727E-003
   5.67720000000000       1.562081879520951E-003
   5.67780000000000       1.560210267258324E-003
   5.67840000000000       1.558340915483543E-003
   5.67900000000000       1.556473821440706E-003
   5.67960000000000       1.554608982377310E-003
   5.68020000000000       1.552746395544245E-003
   5.68080000000000       1.550886058195790E-003
   5.68140000000000       1.549027967589609E-003
   5.68200000000000       1.547172120986747E-003
   5.68260000000000       1.545318515651624E-003
   5.68320000000000       1.543467148852035E-003
   5.68380000000000       1.541618017859140E-003
   5.68440000000000       1.539771119947464E-003
   5.68500000000000       1.537926452394893E-003
   5.68560000000000       1.536084012482666E-003
   5.68620000000000       1.534243797495376E-003
   5.68680000000000       1.532405804720959E-003
   5.68740000000000       1.530570031450699E-003
   5.68800000000000       1.528736474979214E-003
   5.68860000000000       1.526905132604460E-003
   5.68920000000000       1.525076001627721E-003
   5.68980000000000       1.523249079353608E-003
   5.69040000000000       1.521424363090054E-003
   5.69100000000000       1.519601850148310E-003
   5.69160000000000       1.517781537842941E-003
   5.69220000000000       1.515963423491821E-003
   5.69280000000000       1.514147504416130E-003
   5.69340000000000       1.512333777940348E-003
   5.69400000000000       1.510522241392255E-003
   5.69460000000000       1.508712892102921E-003
   5.69520000000000       1.506905727406707E-003
   5.69580000000000       1.505100744641257E-003
   5.69640000000000       1.503297941147499E-003
   5.69700000000000       1.501497314269633E-003
   5.69760000000000       1.499698861355137E-003
   5.69820000000000       1.497902579754752E-003
   5.69880000000000       1.496108466822488E-003
   5.69940000000000       1.494316519915612E-003
   5.70000000000000       1.492526736394650E-003
   5.70060000000000       1.490739113623378E-003
   5.70120000000000       1.488953648968821E-003
   5.70180000000000       1.487170339801249E-003
   5.70240000000000       1.485389183494170E-003
   5.70300000000000       1.483610177424329E-003
   5.70360000000000       1.481833318971704E-003
   5.70420000000000       1.480058605519498E-003
   5.70480000000000       1.478286034454142E-003
   5.70540000000000       1.476515603165284E-003
   5.70600000000000       1.474747309045787E-003
   5.70660000000000       1.472981149491729E-003
   5.70720000000000       1.471217121902393E-003
   5.70780000000000       1.469455223680268E-003
   5.70840000000000       1.467695452231040E-003
   5.70900000000000       1.465937804963593E-003
   5.70960000000000       1.464182279290004E-003
   5.71020000000000       1.462428872625534E-003
   5.71080000000000       1.460677582388630E-003
   5.71140000000000       1.458928406000920E-003
   5.71200000000000       1.457181340887206E-003
   5.71260000000000       1.455436384475462E-003
   5.71320000000000       1.453693534196832E-003
   5.71380000000000       1.451952787485622E-003
   5.71440000000000       1.450214141779299E-003
   5.71500000000000       1.448477594518485E-003
   5.71560000000000       1.446743143146956E-003
   5.71620000000000       1.445010785111635E-003
   5.71680000000000       1.443280517862590E-003
   5.71740000000000       1.441552338853028E-003
   5.71800000000000       1.439826245539295E-003
   5.71860000000000       1.438102235380867E-003
   5.71920000000000       1.436380305840351E-003
   5.71980000000000       1.434660454383475E-003
   5.72040000000000       1.432942678479094E-003
   5.72100000000000       1.431226975599174E-003
   5.72160000000000       1.429513343218796E-003
   5.72220000000000       1.427801778816152E-003
   5.72280000000000       1.426092279872538E-003
   5.72340000000000       1.424384843872351E-003
   5.72400000000000       1.422679468303085E-003
   5.72460000000000       1.420976150655330E-003
   5.72520000000000       1.419274888422765E-003
   5.72580000000000       1.417575679102152E-003
   5.72640000000000       1.415878520193340E-003
   5.72700000000000       1.414183409199253E-003
   5.72760000000000       1.412490343625890E-003
   5.72820000000000       1.410799320982321E-003
   5.72880000000000       1.409110338780684E-003
   5.72940000000000       1.407423394536177E-003
   5.73000000000000       1.405738485767060E-003
   5.73060000000000       1.404055609994647E-003
   5.73120000000000       1.402374764743303E-003
   5.73180000000000       1.400695947540443E-003
   5.73240000000000       1.399019155916519E-003
   5.73300000000000       1.397344387405037E-003
   5.73360000000000       1.395671639542525E-003
   5.73420000000000       1.394000909868551E-003
   5.73480000000000       1.392332195925709E-003
   5.73540000000000       1.390665495259623E-003
   5.73600000000000       1.389000805418928E-003
   5.73660000000000       1.387338123955284E-003
   5.73720000000000       1.385677448423365E-003
   5.73780000000000       1.384018776380852E-003
   5.73840000000000       1.382362105388434E-003
   5.73900000000000       1.380707433009802E-003
   5.73960000000000       1.379054756811645E-003
   5.74020000000000       1.377404074363646E-003
   5.74080000000000       1.375755383238482E-003
   5.74140000000000       1.374108681011814E-003
   5.74200000000000       1.372463965262291E-003
   5.74260000000000       1.370821233571538E-003
   5.74320000000000       1.369180483524158E-003
   5.74380000000000       1.367541712707728E-003
   5.74440000000000       1.365904918712789E-003
   5.74500000000000       1.364270099132854E-003
   5.74560000000000       1.362637251564393E-003
   5.74620000000000       1.361006373606834E-003
   5.74680000000000       1.359377462862559E-003
   5.74740000000000       1.357750516936904E-003
   5.74800000000000       1.356125533438147E-003
   5.74860000000000       1.354502509977511E-003
   5.74920000000000       1.352881444169159E-003
   5.74980000000000       1.351262333630190E-003
   5.75040000000000       1.349645175980632E-003
   5.75100000000000       1.348029968843446E-003
   5.75160000000000       1.346416709844511E-003
   5.75220000000000       1.344805396612638E-003
   5.75280000000000       1.343196026779545E-003
   5.75340000000000       1.341588597979869E-003
   5.75400000000000       1.339983107851156E-003
   5.75460000000000       1.338379554033857E-003
   5.75520000000000       1.336777934171330E-003
   5.75580000000000       1.335178245909828E-003
   5.75640000000000       1.333580486898505E-003
   5.75700000000000       1.331984654789397E-003
   5.75760000000000       1.330390747237440E-003
   5.75820000000000       1.328798761900449E-003
   5.75880000000000       1.327208696439122E-003
   5.75940000000000       1.325620548517033E-003
   5.76000000000000       1.324034315800633E-003
   5.76060000000000       1.322449995959240E-003
   5.76120000000000       1.320867586665042E-003
   5.76180000000000       1.319287085593088E-003
   5.76240000000000       1.317708490421290E-003
   5.76300000000000       1.316131798830412E-003
   5.76360000000000       1.314557008504074E-003
   5.76420000000000       1.312984117128745E-003
   5.76480000000000       1.311413122393738E-003
   5.76540000000000       1.309844021991209E-003
   5.76600000000000       1.308276813616152E-003
   5.76660000000000       1.306711494966397E-003
   5.76720000000000       1.305148063742604E-003
   5.76780000000000       1.303586517648262E-003
   5.76840000000000       1.302026854389684E-003
   5.76900000000000       1.300469071676004E-003
   5.76960000000000       1.298913167219175E-003
   5.77020000000000       1.297359138733959E-003
   5.77080000000000       1.295806983937932E-003
   5.77140000000000       1.294256700551480E-003
   5.77200000000000       1.292708286297786E-003
   5.77260000000000       1.291161738902836E-003
   5.77320000000000       1.289617056095412E-003
   5.77380000000000       1.288074235607090E-003
   5.77440000000000       1.286533275172232E-003
   5.77500000000000       1.284994172527990E-003
   5.77560000000000       1.283456925414296E-003
   5.77620000000000       1.281921531573862E-003
   5.77680000000000       1.280387988752175E-003
   5.77740000000000       1.278856294697495E-003
   5.77800000000000       1.277326447160851E-003
   5.77860000000000       1.275798443896032E-003
   5.77920000000000       1.274272282659596E-003
   5.77980000000000       1.272747961210855E-003
   5.78040000000000       1.271225477311878E-003
   5.78100000000000       1.269704828727484E-003
   5.78160000000000       1.268186013225240E-003
   5.78220000000000       1.266669028575459E-003
   5.78280000000000       1.265153872551193E-003
   5.78340000000000       1.263640542928234E-003
   5.78400000000000       1.262129037485107E-003
   5.78460000000000       1.260619354003068E-003
   5.78520000000000       1.259111490266101E-003
   5.78580000000000       1.257605444060915E-003
   5.78640000000000       1.256101213176936E-003
   5.78700000000000       1.254598795406312E-003
   5.78760000000000       1.253098188543903E-003
   5.78820000000000       1.251599390387279E-003
   5.78880000000000       1.250102398736718E-003
   5.78940000000000       1.248607211395199E-003
   5.79000000000000       1.247113826168410E-003
   5.79060000000000       1.245622240864726E-003
   5.79120000000000       1.244132453295222E-003
   5.79180000000000       1.242644461273661E-003
   5.79240000000000       1.241158262616492E-003
   5.79300000000000       1.239673855142851E-003
   5.79360000000000       1.238191236674552E-003
   5.79420000000000       1.236710405036087E-003
   5.79480000000000       1.235231358054621E-003
   5.79540000000000       1.233754093559991E-003
   5.79600000000000       1.232278609384697E-003
   5.79660000000000       1.230804903363908E-003
   5.79720000000000       1.229332973335451E-003
   5.79780000000000       1.227862817139809E-003
   5.79840000000000       1.226394432620120E-003
   5.79900000000000       1.224927817622175E-003
   5.79960000000000       1.223462969994405E-003
   5.80020000000000       1.221999887587892E-003
   5.80080000000000       1.220538568256355E-003
   5.80140000000000       1.219079009856153E-003
   5.80200000000000       1.217621210246278E-003
   5.80260000000000       1.216165167288349E-003
   5.80320000000000       1.214710878846619E-003
   5.80380000000000       1.213258342787961E-003
   5.80440000000000       1.211807556981869E-003
   5.80500000000000       1.210358519300458E-003
   5.80560000000000       1.208911227618452E-003
   5.80620000000000       1.207465679813191E-003
   5.80680000000000       1.206021873764622E-003
   5.80740000000000       1.204579807355294E-003
   5.80800000000000       1.203139478470361E-003
   5.80860000000000       1.201700884997571E-003
   5.80920000000000       1.200264024827273E-003
   5.80980000000000       1.198828895852403E-003
   5.81040000000000       1.197395495968486E-003
   5.81100000000000       1.195963823073634E-003
   5.81160000000000       1.194533875068541E-003
   5.81220000000000       1.193105649856477E-003
   5.81280000000000       1.191679145343292E-003
   5.81340000000000       1.190254359437405E-003
   5.81400000000000       1.188831290049805E-003
   5.81460000000000       1.187409935094049E-003
   5.81520000000000       1.185990292486256E-003
   5.81580000000000       1.184572360145102E-003
   5.81640000000000       1.183156135991823E-003
   5.81700000000000       1.181741617950207E-003
   5.81760000000000       1.180328803946591E-003
   5.81820000000000       1.178917691909862E-003
   5.81880000000000       1.177508279771448E-003
   5.81940000000000       1.176100565465319E-003
   5.82000000000000       1.174694546927982E-003
   5.82060000000000       1.173290222098480E-003
   5.82120000000000       1.171887588918382E-003
   5.82180000000000       1.170486645331790E-003
   5.82240000000000       1.169087389285330E-003
   5.82300000000000       1.167689818728150E-003
   5.82360000000000       1.166293931611915E-003
   5.82420000000000       1.164899725890806E-003
   5.82480000000000       1.163507199521518E-003
   5.82540000000000       1.162116350463253E-003
   5.82600000000000       1.160727176677720E-003
   5.82660000000000       1.159339676129132E-003
   5.82720000000000       1.157953846784200E-003
   5.82780000000000       1.156569686612131E-003
   5.82840000000000       1.155187193584631E-003
   5.82900000000000       1.153806365675891E-003
   5.82960000000000       1.152427200862592E-003
   5.83020000000000       1.151049697123898E-003
   5.83080000000000       1.149673852441455E-003
   5.83140000000000       1.148299664799388E-003
   5.83200000000000       1.146927132184296E-003
   5.83260000000000       1.145556252585251E-003
   5.83320000000000       1.144187023993792E-003
   5.83380000000000       1.142819444403926E-003
   5.83440000000000       1.141453511812122E-003
   5.83500000000000       1.140089224217309E-003
   5.83560000000000       1.138726579620872E-003
   5.83620000000000       1.137365576026652E-003
   5.83680000000000       1.136006211440937E-003
   5.83740000000000       1.134648483872464E-003
   5.83800000000000       1.133292391332418E-003
   5.83860000000000       1.131937931834419E-003
   5.83920000000000       1.130585103394530E-003
   5.83980000000000       1.129233904031249E-003
   5.84040000000000       1.127884331765505E-003
   5.84100000000000       1.126536384620657E-003
   5.84160000000000       1.125190060622493E-003
   5.84220000000000       1.123845357799217E-003
   5.84280000000000       1.122502274181460E-003
   5.84340000000000       1.121160807802269E-003
   5.84400000000000       1.119820956697104E-003
   5.84460000000000       1.118482718903837E-003
   5.84520000000000       1.117146092462749E-003
   5.84580000000000       1.115811075416525E-003
   5.84640000000000       1.114477665810250E-003
   5.84700000000000       1.113145861691417E-003
   5.84760000000000       1.111815661109906E-003
   5.84820000000000       1.110487062117995E-003
   5.84880000000000       1.109160062770351E-003
   5.84940000000000       1.107834661124029E-003
   5.85000000000000       1.106510855238468E-003
   5.85060000000000       1.105188643175489E-003
   5.85120000000000       1.103868022999291E-003
   5.85180000000000       1.102548992776450E-003
   5.85240000000000       1.101231550575912E-003
   5.85300000000000       1.099915694468996E-003
   5.85360000000000       1.098601422529384E-003
   5.85420000000000       1.097288732833125E-003
   5.85480000000000       1.095977623458629E-003
   5.85540000000000       1.094668092486660E-003
   5.85600000000000       1.093360138000341E-003
   5.85660000000000       1.092053758085146E-003
   5.85720000000000       1.090748950828897E-003
   5.85780000000000       1.089445714321764E-003
   5.85840000000000       1.088144046656259E-003
   5.85900000000000       1.086843945927236E-003
   5.85960000000000       1.085545410231883E-003
   5.86020000000000       1.084248437669727E-003
   5.86080000000000       1.082953026342624E-003
   5.86140000000000       1.081659174354760E-003
   5.86200000000000       1.080366879812646E-003
   5.86260000000000       1.079076140825116E-003
   5.86320000000000       1.077786955503327E-003
   5.86380000000000       1.076499321960748E-003
   5.86440000000000       1.075213238313165E-003
   5.86500000000000       1.073928702678678E-003
   5.86560000000000       1.072645713177690E-003
   5.86620000000000       1.071364267932918E-003
   5.86680000000000       1.070084365069373E-003
   5.86740000000000       1.068806002714373E-003
   5.86800000000000       1.067529178997529E-003
   5.86860000000000       1.066253892050748E-003
   5.86920000000000       1.064980140008228E-003
   5.86980000000000       1.063707921006454E-003
   5.87040000000000       1.062437233184202E-003
   5.87100000000000       1.061168074682525E-003
   5.87160000000000       1.059900443644760E-003
   5.87220000000000       1.058634338216519E-003
   5.87280000000000       1.057369756545689E-003
   5.87340000000000       1.056106696782431E-003
   5.87400000000000       1.054845157079171E-003
   5.87460000000000       1.053585135590605E-003
   5.87520000000000       1.052326630473688E-003
   5.87580000000000       1.051069639887638E-003
   5.87640000000000       1.049814161993931E-003
   5.87700000000000       1.048560194956296E-003
   5.87760000000000       1.047307736940716E-003
   5.87820000000000       1.046056786115420E-003
   5.87880000000000       1.044807340650887E-003
   5.87940000000000       1.043559398719837E-003
   5.88000000000000       1.042312958497232E-003
   5.88060000000000       1.041068018160273E-003
   5.88120000000000       1.039824575888394E-003
   5.88180000000000       1.038582629863262E-003
   5.88240000000000       1.037342178268775E-003
   5.88300000000000       1.036103219291058E-003
   5.88360000000000       1.034865751118458E-003
   5.88420000000000       1.033629771941546E-003
   5.88480000000000       1.032395279953109E-003
   5.88540000000000       1.031162273348152E-003
   5.88600000000000       1.029930750323893E-003
   5.88660000000000       1.028700709079760E-003
   5.88720000000000       1.027472147817388E-003
   5.88780000000000       1.026245064740617E-003
   5.88840000000000       1.025019458055491E-003
   5.88900000000000       1.023795325970251E-003
   5.88960000000000       1.022572666695337E-003
   5.89020000000000       1.021351478443380E-003
   5.89080000000000       1.020131759429206E-003
   5.89140000000000       1.018913507869827E-003
   5.89200000000000       1.017696721984441E-003
   5.89260000000000       1.016481399994431E-003
   5.89320000000000       1.015267540123358E-003
   5.89380000000000       1.014055140596962E-003
   5.89440000000000       1.012844199643157E-003
   5.89500000000000       1.011634715492031E-003
   5.89560000000000       1.010426686375842E-003
   5.89620000000000       1.009220110529011E-003
   5.89680000000000       1.008014986188127E-003
   5.89740000000000       1.006811311591940E-003
   5.89800000000000       1.005609084981358E-003
   5.89860000000000       1.004408304599444E-003
   5.89920000000000       1.003208968691419E-003
   5.89980000000000       1.002011075504649E-003
   5.90040000000000       1.000814623288652E-003
   5.90100000000000       9.996196102950911E-004
   5.90160000000000       9.984260347777711E-004
   5.90220000000000       9.972338949926372E-004
   5.90280000000000       9.960431891977734E-004
   5.90340000000000       9.948539156533968E-004
   5.90400000000000       9.936660726218580E-004
   5.90460000000000       9.924796583676368E-004
   5.90520000000000       9.912946711573400E-004
   5.90580000000000       9.901111092596984E-004
   5.90640000000000       9.889289709455646E-004
   5.90700000000000       9.877482544879109E-004
   5.90760000000000       9.865689581618250E-004
   5.90820000000000       9.853910802445085E-004
   5.90880000000000       9.842146190152756E-004
   5.90940000000000       9.830395727555470E-004
   5.91000000000000       9.818659397488507E-004
   5.91060000000000       9.806937182808178E-004
   5.91120000000000       9.795229066391798E-004
   5.91180000000000       9.783535031137659E-004
   5.91240000000000       9.771855059965016E-004
   5.91300000000000       9.760189135814059E-004
   5.91360000000000       9.748537241645863E-004
   5.91420000000000       9.736899360442392E-004
   5.91480000000000       9.725275475206462E-004
   5.91540000000000       9.713665568961707E-004
   5.91600000000000       9.702069624752570E-004
   5.91660000000000       9.690487625644259E-004
   5.91720000000000       9.678919554722737E-004
   5.91780000000000       9.667365395094681E-004
   5.91840000000000       9.655825129887476E-004
   5.91900000000000       9.644298742249170E-004
   5.91960000000000       9.632786215348458E-004
   5.92020000000000       9.621287532374657E-004
   5.92080000000000       9.609802676537669E-004
   5.92140000000000       9.598331631067982E-004
   5.92200000000000       9.586874379216611E-004
   5.92260000000000       9.575430904255096E-004
   5.92320000000000       9.564001189475466E-004
   5.92380000000000       9.552585218190226E-004
   5.92440000000000       9.541182973732306E-004
   5.92500000000000       9.529794439455064E-004
   5.92560000000000       9.518419598732252E-004
   5.92620000000000       9.507058434957972E-004
   5.92680000000000       9.495710931546684E-004
   5.92740000000000       9.484377071933152E-004
   5.92800000000000       9.473056839572433E-004
   5.92860000000000       9.461750217939847E-004
   5.92920000000000       9.450457190530961E-004
   5.92980000000000       9.439177740861544E-004
   5.93040000000000       9.427911852467566E-004
   5.93100000000000       9.416659508905154E-004
   5.93160000000000       9.405420693750580E-004
   5.93220000000000       9.394195390600224E-004
   5.93280000000000       9.382983583070562E-004
   5.93340000000000       9.371785254798131E-004
   5.93400000000000       9.360600389439510E-004
   5.93460000000000       9.349428970671290E-004
   5.93520000000000       9.338270982190057E-004
   5.93580000000000       9.327126407712355E-004
   5.93640000000000       9.315995230974674E-004
   5.93700000000000       9.304877435733421E-004
   5.93760000000000       9.293773005764893E-004
   5.93820000000000       9.282681924865249E-004
   5.93880000000000       9.271604176850495E-004
   5.93940000000000       9.260539745556455E-004
   5.94000000000000       9.249488614838742E-004
   5.94060000000000       9.238450768572738E-004
   5.94120000000000       9.227426190653574E-004
   5.94180000000000       9.216414864996093E-004
   5.94240000000000       9.205416775534838E-004
   5.94300000000000       9.194431906224019E-004
   5.94360000000000       9.183460241037497E-004
   5.94420000000000       9.172501763968749E-004
   5.94480000000000       9.161556459030852E-004
   5.94540000000000       9.150624310256462E-004
   5.94600000000000       9.139705301697773E-004
   5.94660000000000       9.128799417426510E-004
   5.94720000000000       9.117906641533897E-004
   5.94780000000000       9.107026958130641E-004
   5.94840000000000       9.096160351346886E-004
   5.94900000000000       9.085306805332222E-004
   5.94960000000000       9.074466304255630E-004
   5.95020000000000       9.063638832305477E-004
   5.95080000000000       9.052824373689486E-004
   5.95140000000000       9.042022912634708E-004
   5.95200000000000       9.031234433387511E-004
   5.95260000000000       9.020458920213532E-004
   5.95320000000000       9.009696357397688E-004
   5.95380000000000       8.998946729244113E-004
   5.95440000000000       8.988210020076171E-004
   5.95500000000000       8.977486214236399E-004
   5.95560000000000       8.966775296086512E-004
   5.95620000000000       8.956077250007359E-004
   5.95680000000000       8.945392060398907E-004
   5.95740000000000       8.934719711680222E-004
   5.95800000000000       8.924060188289437E-004
   5.95860000000000       8.913413474683728E-004
   5.95920000000000       8.902779555339297E-004
   5.95980000000000       8.892158414751354E-004
   5.96040000000000       8.881550037434070E-004
   5.96100000000000       8.870954407920580E-004
   5.96160000000000       8.860371510762943E-004
   5.96220000000000       8.849801330532121E-004
   5.96280000000000       8.839243851817971E-004
   5.96340000000000       8.828699059229187E-004
   5.96400000000000       8.818166937393321E-004
   5.96460000000000       8.807647470956720E-004
   5.96520000000000       8.797140644584536E-004
   5.96580000000000       8.786646442960668E-004
   5.96640000000000       8.776164850787775E-004
   5.96700000000000       8.765695852787219E-004
   5.96760000000000       8.755239433699076E-004
   5.96820000000000       8.744795578282077E-004
   5.96880000000000       8.734364271313615E-004
   5.96940000000000       8.723945497589685E-004
   5.97000000000000       8.713539241924957E-004
   5.97060000000000       8.703145489152567E-004
   5.97120000000000       8.692764224124334E-004
   5.97180000000000       8.682395431710488E-004
   5.97240000000000       8.672039096799895E-004
   5.97300000000000       8.661695204299778E-004
   5.97360000000000       8.651363739135967E-004
   5.97420000000000       8.641044686252589E-004
   5.97480000000000       8.630738030612338E-004
   5.97540000000000       8.620443757196164E-004
   5.97600000000000       8.610161851003521E-004
   5.97660000000000       8.599892297052093E-004
   5.97720000000000       8.589635080378013E-004
   5.97780000000000       8.579390186035602E-004
   5.97840000000000       8.569157599097584E-004
   5.97900000000000       8.558937304654821E-004
   5.97960000000000       8.548729287816540E-004
   5.98020000000000       8.538533533710073E-004
   5.98080000000000       8.528350027481001E-004
   5.98140000000000       8.518178754293078E-004
   5.98200000000000       8.508019699328188E-004
   5.98260000000000       8.497872847786353E-004
   5.98320000000000       8.487738184885692E-004
   5.98380000000000       8.477615695862412E-004
   5.98440000000000       8.467505365970762E-004
   5.98500000000000       8.457407180483053E-004
   5.98560000000000       8.447321124689585E-004
   5.98620000000000       8.437247183898668E-004
   5.98680000000000       8.427185343436570E-004
   5.98740000000000       8.417135588647517E-004
   5.98800000000000       8.407097904893631E-004
   5.98860000000000       8.397072277555011E-004
   5.98920000000000       8.387058692029522E-004
   5.98980000000000       8.377057133733012E-004
   5.99040000000000       8.367067588099044E-004
   5.99100000000000       8.357090040579116E-004
   5.99160000000000       8.347124476642400E-004
   5.99220000000000       8.337170881775954E-004
   5.99280000000000       8.327229241484466E-004
   5.99340000000000       8.317299541290475E-004
   5.99400000000000       8.307381766734099E-004
   5.99460000000000       8.297475903373263E-004
   5.99520000000000       8.287581936783425E-004
   5.99580000000000       8.277699852557810E-004
   5.99640000000000       8.267829636307139E-004
   5.99700000000000       8.257971273659846E-004
   5.99760000000000       8.248124750261814E-004
   5.99820000000000       8.238290051776608E-004
   5.99880000000000       8.228467163885196E-004
   5.99940000000000       8.218656072286176E-004
   6.00000000000000       8.208856762695515E-004
