 Process            0  of            1  is alive
 nom fichier din=
 Febulk.din                                                                     
  
 
 -------- caracteristiques du run DM--------88
      PCst en LANGEVIN
 generation du crystal ; puis run
 
      ANALYSES 
 itetemp=         100  iteprtsigma=         100
 
      CONTROLES 
tstep=  0.100D-14
 itmax=        5000 timemax=    10000000000.0000       itab=           1 
  itetimestep=          -1
tinit=     600.0
tempdeplainit=      -1.0
debyetemp=      -1.0
  ----------------------------------
 
 
 nb de potentiels           1
 ipotentiel          10
 fmt_cin           1
 rang readdm iseed            0  1579109213
 
 -*-*-*-*-*-*-*POTENTIELS*-*-*-*-*-
 
 
 POTENTIEL EAM
 
 NTYP NPAIR            1           1
 Types d_atomes pour ce potentiel:
 CM, masse,type, NUMERO DU TYPE D ATOME
   1   55.847   26.000  Fe 
 nb of readed pairs           1
 nptmax in the max number of points on grid        249999
 EAM           1           1
 EAM number of points in potin and the step      249999  6.817837029000000E-004
 dens           1           1
 RHO potin points and the step:       249999  2.400000000000000E-005
 paire eam ; paire complete           1           1
 rep
 
  *-*-*-*-*-*CONSTRUCTION DE LA BOITE*-*-*-*-*-*-
 imm,imm_glob,nprocspace         150         150           1
 
 **********construction du reseau************
 repetition de mailles           4           4           4
  .gin with 0 coordinates; creates FAILURES,  POSITIONS SHIFTED By +2e-7
 nox,noy,noz dans .din =          -1          -1          -1
 calcul de nox noy noz !!!
nox noy noz calcules a partir de ru
  nox = Int(   0.1080E-06/  0.6000E-07) = 1
  noy = Int(   0.1080E-06/  0.6000E-07) = 1
  noz = Int(   0.1080E-06/  0.6000E-07) = 1
celsizes   0.1080000E-06  0.1080000E-06  0.1080000E-06
Febulk.gin                                                                      volume= 0.12597120D-20 cm3  0.12597120D+04 Ang3
 natperc im/noxyz         300         128
 ltabvois F
 
 -------- boite de simulation ------
 nombre d atomes =         128
vecteur  1      10.800000       0.000000       0.000000
vecteur  2       0.000000      10.800000       0.000000
vecteur  3       0.000000       0.000000      10.800000
         128  atomes de type           1
 
  -------------------------------------------------------------------
              2nd step of potential initialization , dependancy on box size
 calpoeam ktorho and the inverse:   8.522228107257609E-003
   117.340205802329     
 random velocities at TINIT =    600.000000000000      K
 temperature fin initspeed    647.963863623784     
 ***** PREMIERE ITERATION LPR  ****        5000   10000000000.0000     
 
 Algorithme deP cst Langevin Parrinello-Rahman 
  -> la vitesse de la boîte ne prend pas en compte la dérivée du tenseur h à t=0
 
Repère actuel  (A):
 h (1:3,1) = 10.80000 .00000 .00000
 h (1:3,2) = .00000 10.80000 .00000
 h (1:3,3) = .00000 .00000 10.80000
Masse de la boîte pour Parrinello-Rahman: wbox=  0.593338543565E-20
Initialisation de la vitesse de la boîte pour la température 600.000 K
      0 0.000D+00*Kcell =    0.696952427195D+00  eV   (1797.323 K)
 
 
<<<<<<<<  ITERATION =    100  time =   0.1000000E-12
 
 
 --------- Temperatures et Pression--------
 ----------valeurs instantanees------------
       100 0.100E-12*Epot =    -520.1989646462982      eV 
    *energie PAIRE EAM =     56.0180853202      eV 
    *energie GLUE  =    -576.217049967      eV 
       100 0.100E-12*Ec =     5.87479272809      eV   (355.081 K)
       100 0.100E-12*Etot =    -514.3241719182053      eV 
 
       100 0.100E-12*Epot/at =    -4.06405441130      eV 
 
       100 0.100E-12*Temp instantanee = 355.081
 NPT With Parrinello-Rahman
       100 0.100E-12*Kcell =     18.5704918848      eV   (47890.178 K)
 Box tensor
 a  1.117503102939573E-007  4.706021348061793E-010  5.681256254018431E-010
 b  5.593944233716450E-010  1.117297975505992E-007  5.528350253665699E-010
 c  5.428523378006910E-010  6.110928506274284E-010  1.115939574284538E-007
 H0(1)  1.080000000000000E-007  0.000000000000000E+000  0.000000000000000E+000
 H0(2)  0.000000000000000E+000  1.080000000000000E-007  0.000000000000000E+000
 H0(3)  0.000000000000000E+000  0.000000000000000E+000  1.080000000000000E-007
Strain (Lagrange def.):
  e(1:3,1) =   0.353541E-01  0.494782E-02  0.533164E-02
  e(1:3,2) =   0.494782E-02  0.351570E-01  0.558255E-02
  e(1:3,3) =   0.533164E-02  0.558255E-02  0.338580E-01
Rotation:
  r(1:3,1) =    0.00000     -0.411075E-03  0.117006E-03
  r(1:3,2) =   0.411075E-03   0.00000     -0.269712E-03
  r(1:3,3) =  -0.117006E-03  0.269712E-03   0.00000    
       100 0.100E-12*l_a,m      11.1752745        11.1752745    
       100 0.100E-12*l_b,m      11.1732566        11.1732566    
       100 0.100E-12*l_c,m      11.1596951        11.1596951    
       100 0.100E-12*ang_bc,m      89.4014    89.4014
       100 0.100E-12*ang_ca,m      89.4287    89.4287
       100 0.100E-12*ang_ab,m      89.4704    89.4704
       100 0.100E-12*volume      1393.24299337        1393.24299337    
 
*temp instantanee des atomes de type 1 =       355.08
 
 * stress en kbar 
1 sigma potentiel (1,1) (2,1) (3,1) =   99.97139352      -12.61036551      -14.19179493    
2 sigma potentiel (1,2) (2,2) (3,2) =  -12.61036551       95.55231938      -15.86459961    
3 sigma potentiel (1,3) (2,3) (3,3) =  -14.19179493      -15.86459961       100.9073287    
 
1 sigma cinetique (1,1) (2,1) (3,1) =   4.813259265      0.1091726014     -0.2054226367    
2 sigma cinetique (1,2) (2,2) (3,2) =  0.1091726014       4.184669319     -0.3897630266    
3 sigma cinetique (1,3) (2,3) (3,3) = -0.2054226367     -0.3897630266       4.513647903    
 
1 sigma total (1,1) (2,1) (3,1) =   104.7846528      -12.50119291      -14.39721757    
2 sigma total (1,2) (2,2) (3,2) =  -12.50119291       99.73698870      -16.25436264    
3 sigma total (1,3) (2,3) (3,3) =  -14.39721757      -16.25436264       105.4209766    
 
       100 0.100E-12*Pression =     103.31    
 pression totale  potentiel = cinetique =
    103.31        98.810        4.5039    
 ----------valeurs moyennes------------
*temperature moyenne =       355.08
*pression moyenne =     103.31    
 --------------------------------------
 
 
<<<<<<<<  ITERATION =    200  time =   0.2000000E-12
 
 
 --------- Temperatures et Pression--------
 ----------valeurs instantanees------------
       200 0.200E-12*Epot =    -512.3671144467451      eV 
    *energie PAIRE EAM =     2.05068956295      eV 
    *energie GLUE  =    -514.417804010      eV 
       200 0.200E-12*Ec =     6.70635092817      eV   (405.341 K)
       200 0.200E-12*Etot =    -505.6607635185794      eV 
 
       200 0.200E-12*Epot/at =    -4.00286808162      eV 
 
       200 0.200E-12*Temp instantanee = 405.341
 NPT With Parrinello-Rahman
       200 0.200E-12*Kcell =     13.0626273253      eV   (33686.321 K)
 Box tensor
 a  1.174510640219840E-007  6.455594448563591E-010  7.268824156454303E-010
 b  9.335227038303042E-010  1.175064472888360E-007  7.614544778435368E-010
 c  9.722913274038073E-010  1.020435788364498E-009  1.172328358783789E-007
 H0(1)  1.080000000000000E-007  0.000000000000000E+000  0.000000000000000E+000
 H0(2)  0.000000000000000E+000  1.080000000000000E-007  0.000000000000000E+000
 H0(3)  0.000000000000000E+000  0.000000000000000E+000  1.080000000000000E-007
Strain (Lagrange def.):
  e(1:3,1) =   0.914167E-01  0.799506E-02  0.857632E-02
  e(1:3,2) =   0.799506E-02  0.919592E-01  0.898378E-02
  e(1:3,3) =   0.857632E-02  0.898378E-02  0.891909E-01
Rotation:
  r(1:3,1) =    0.00000     -0.133316E-02 -0.113615E-02
  r(1:3,2) =   0.133316E-02   0.00000     -0.119899E-02
  r(1:3,3) =   0.113615E-02  0.119899E-02   0.00000    
       200 0.200E-12*l_a,m      11.7455087        11.4603916    
       200 0.200E-12*l_b,m      11.7512622        11.4622594    
       200 0.200E-12*l_c,m      11.7241309        11.4419130    
       200 0.200E-12*ang_bc,m      89.1263    89.2638
       200 0.200E-12*ang_ca,m      89.1675    89.2981
       200 0.200E-12*ang_ab,m      89.2276    89.3490
       200 0.200E-12*volume      1617.71674038        1505.47986688    
 
*temp instantanee des atomes de type 1 =       405.34
 
 * stress en kbar 
1 sigma potentiel (1,1) (2,1) (3,1) =  -114.8048246      -6.983069240      -7.053200377    
2 sigma potentiel (1,2) (2,2) (3,2) =  -6.983069240      -115.9951861      -9.183719300    
3 sigma potentiel (1,3) (2,3) (3,3) =  -7.053200377      -9.183719300      -114.5382422    
 
1 sigma cinetique (1,1) (2,1) (3,1) =   4.664877189      0.8793891305     -0.3263477217    
2 sigma cinetique (1,2) (2,2) (3,2) =  0.8793891305       4.880417532     -0.1227142944    
3 sigma cinetique (1,3) (2,3) (3,3) = -0.3263477217     -0.1227142944       3.738560656    
 
1 sigma total (1,1) (2,1) (3,1) =  -110.1399474      -6.103680110      -7.379548099    
2 sigma total (1,2) (2,2) (3,2) =  -6.103680110      -111.1147686      -9.306433594    
3 sigma total (1,3) (2,3) (3,3) =  -7.379548099      -9.306433594      -110.7996816    
 
       200 0.200E-12*Pression =    -110.68    
 pression totale  potentiel = cinetique =
   -110.68       -115.11        4.4280    
 ----------valeurs moyennes------------
*temperature moyenne =       380.21
*pression moyenne =    -3.6853    
 --------------------------------------
 
 
<<<<<<<<  ITERATION =    300  time =   0.3000000E-12
 
 
 --------- Temperatures et Pression--------
 ----------valeurs instantanees------------
       300 0.300E-12*Epot =    -497.5028534427547      eV 
    *energie PAIRE EAM =    -15.1904396156      eV 
    *energie GLUE  =    -482.312413827      eV 
       300 0.300E-12*Ec =     7.30689773192      eV   (441.639 K)
       300 0.300E-12*Etot =    -490.1959557108326      eV 
 
       300 0.300E-12*Epot/at =    -3.88674104252      eV 
 
       300 0.300E-12*Temp instantanee = 441.639
 NPT With Parrinello-Rahman
       300 0.300E-12*Kcell =     1.15432499667      eV   (2976.810 K)
 Box tensor
 a  1.204998349594633E-007  6.944316338419520E-010  6.505964210948596E-010
 b  1.172704725987307E-009  1.208099559986923E-007  6.759822362237806E-010
 c  1.198249804774442E-009  1.206000375383713E-009  1.203905505956065E-007
 H0(1)  1.080000000000000E-007  0.000000000000000E+000  0.000000000000000E+000
 H0(2)  0.000000000000000E+000  1.080000000000000E-007  0.000000000000000E+000
 H0(3)  0.000000000000000E+000  0.000000000000000E+000  1.080000000000000E-007
Strain (Lagrange def.):
  e(1:3,1) =   0.122557      0.972215E-02  0.957851E-02
  e(1:3,2) =   0.972215E-02  0.125728      0.974401E-02
  e(1:3,3) =   0.957851E-02  0.974401E-02  0.121346    
Rotation:
  r(1:3,1) =    0.00000     -0.221423E-02 -0.253543E-02
  r(1:3,2) =   0.221423E-02   0.00000     -0.245379E-02
  r(1:3,3) =   0.253543E-02  0.245379E-02   0.00000    
       300 0.300E-12*l_a,m      12.0503592        11.6570475    
       300 0.300E-12*l_b,m      12.0817539        11.6687576    
       300 0.300E-12*l_c,m      12.0402554        11.6413604    
       300 0.300E-12*ang_bc,m      89.1000    89.2092
       300 0.300E-12*ang_ca,m      89.1172    89.2378
       300 0.300E-12*ang_ab,m      89.1120    89.2700
       300 0.300E-12*volume      1752.30606720        1587.75526699    
 
*temp instantanee des atomes de type 1 =       441.64
 
 * stress en kbar 
1 sigma potentiel (1,1) (2,1) (3,1) =  -156.7382867      -3.247492155      -5.782321445    
2 sigma potentiel (1,2) (2,2) (3,2) =  -3.247492155      -152.9534490      -7.047130797    
3 sigma potentiel (1,3) (2,3) (3,3) =  -5.782321445      -7.047130797      -155.1989948    
 
1 sigma cinetique (1,1) (2,1) (3,1) =   4.940347679     -0.1073840479      -1.092391384    
2 sigma cinetique (1,2) (2,2) (3,2) = -0.1073840479       3.293937330     -0.4791140829    
3 sigma cinetique (1,3) (2,3) (3,3) =  -1.092391384     -0.4791140829       5.127467009    
 
1 sigma total (1,1) (2,1) (3,1) =  -151.7979391      -3.354876203      -6.874712830    
2 sigma total (1,2) (2,2) (3,2) =  -3.354876203      -149.6595116      -7.526244880    
3 sigma total (1,3) (2,3) (3,3) =  -6.874712830      -7.526244880      -150.0715278    
 
       300 0.300E-12*Pression =    -150.51    
 pression totale  potentiel = cinetique =
   -150.51       -154.96        4.4539    
 ----------valeurs moyennes------------
*temperature moyenne =       400.69
*pression moyenne =    -52.627    
 --------------------------------------
 
 
<<<<<<<<  ITERATION =    400  time =   0.4000000E-12
 
 
 --------- Temperatures et Pression--------
 ----------valeurs instantanees------------
       400 0.400E-12*Epot =    -498.8009075605105      eV 
    *energie PAIRE EAM =    -11.9905945256      eV 
    *energie GLUE  =    -486.810313035      eV 
       400 0.400E-12*Ec =     8.62787291786      eV   (521.480 K)
       400 0.400E-12*Etot =    -490.1730346426500      eV 
 
       400 0.400E-12*Epot/at =    -3.89688209032      eV 
 
       400 0.400E-12*Temp instantanee = 521.480
 NPT With Parrinello-Rahman
       400 0.400E-12*Kcell =     2.68983306765      eV   (6936.627 K)
 Box tensor
 a  1.198329510372399E-007  5.191356283055271E-010  3.831387813385723E-010
 b  1.079406590270874E-009  1.205566596648854E-007  3.767320819511920E-010
 c  1.189463341072038E-009  1.175701845078193E-009  1.199503520701351E-007
 H0(1)  1.080000000000000E-007  0.000000000000000E+000  0.000000000000000E+000
 H0(2)  0.000000000000000E+000  1.080000000000000E-007  0.000000000000000E+000
 H0(3)  0.000000000000000E+000  0.000000000000000E+000  1.080000000000000E-007
Strain (Lagrange def.):
  e(1:3,1) =   0.115677      0.830494E-02  0.810167E-02
  e(1:3,2) =   0.830494E-02  0.123095      0.800079E-02
  e(1:3,3) =   0.810167E-02  0.800079E-02  0.116786    
Rotation:
  r(1:3,1) =    0.00000     -0.259385E-02 -0.373298E-02
  r(1:3,2) =   0.259385E-02   0.00000     -0.369893E-02
  r(1:3,3) =   0.373298E-02  0.369893E-02   0.00000    
       400 0.400E-12*l_a,m      11.9834688        11.7386528    
       400 0.400E-12*l_b,m      12.0562080        11.7656202    
       400 0.400E-12*l_c,m      11.9962011        11.7300706    
       400 0.400E-12*ang_bc,m      89.2544    89.2205
       400 0.400E-12*ang_ca,m      89.2463    89.2399
       400 0.400E-12*ang_ab,m      89.2382    89.2621
       400 0.400E-12*volume      1732.70747408        1623.99331876    
 
*temp instantanee des atomes de type 1 =       521.48
 
 * stress en kbar 
1 sigma potentiel (1,1) (2,1) (3,1) =  -137.7863263      -4.262126968      -5.051713897    
2 sigma potentiel (1,2) (2,2) (3,2) =  -4.262126968      -139.6503928      -3.842626166    
3 sigma potentiel (1,3) (2,3) (3,3) =  -5.051713897      -3.842626166      -145.1619150    
 
1 sigma cinetique (1,1) (2,1) (3,1) =   5.585036670      0.2366492196      0.2112378885    
2 sigma cinetique (1,2) (2,2) (3,2) =  0.2366492196       5.516637724      0.2339426880    
3 sigma cinetique (1,3) (2,3) (3,3) =  0.2112378885      0.2339426880       4.854134792    
 
1 sigma total (1,1) (2,1) (3,1) =  -132.2012896      -4.025477748      -4.840476008    
2 sigma total (1,2) (2,2) (3,2) =  -4.025477748      -134.1337551      -3.608683478    
3 sigma total (1,3) (2,3) (3,3) =  -4.840476008      -3.608683478      -140.3077802    
 
       400 0.400E-12*Pression =    -135.55    
 pression totale  potentiel = cinetique =
   -135.55       -140.87        5.3186    
 ----------valeurs moyennes------------
*temperature moyenne =       430.89
*pression moyenne =    -73.357    
 --------------------------------------
 
 
<<<<<<<<  ITERATION =    500  time =   0.5000000E-12
 
 
 --------- Temperatures et Pression--------
 ----------valeurs instantanees------------
       500 0.500E-12*Epot =    -509.1250750050289      eV 
    *energie PAIRE EAM =     13.5649796635      eV 
    *energie GLUE  =    -522.690054669      eV 
       500 0.500E-12*Ec =     9.73790470870      eV   (588.572 K)
       500 0.500E-12*Etot =    -499.3871702963249      eV 
 
       500 0.500E-12*Epot/at =    -3.97753964848      eV 
 
       500 0.500E-12*Temp instantanee = 588.572
 NPT With Parrinello-Rahman
       500 0.500E-12*Kcell =     10.6203683001      eV   (27388.145 K)
 Box tensor
 a  1.162824957221752E-007  3.179939302440748E-010  1.118810075241707E-011
 b  7.990740055642448E-010  1.172526600102228E-007  1.299145665371207E-010
 c  1.022487855679606E-009  9.107325953207457E-010  1.165764925987010E-007
 H0(1)  1.080000000000000E-007  0.000000000000000E+000  0.000000000000000E+000
 H0(2)  0.000000000000000E+000  1.080000000000000E-007  0.000000000000000E+000
 H0(3)  0.000000000000000E+000  0.000000000000000E+000  1.080000000000000E-007
Strain (Lagrange def.):
  e(1:3,1) =   0.797026E-01  0.564137E-02  0.516987E-02
  e(1:3,2) =   0.564137E-02  0.893826E-01  0.520432E-02
  e(1:3,3) =   0.516987E-02  0.520432E-02  0.825658E-01
Rotation:
  r(1:3,1) =    0.00000     -0.222722E-02 -0.468194E-02
  r(1:3,2) =   0.222722E-02   0.00000     -0.361490E-02
  r(1:3,3) =   0.468194E-02  0.361490E-02   0.00000    
       500 0.500E-12*l_a,m      11.6282931        11.7165809    
       500 0.500E-12*l_b,m      11.7255455        11.7576052    
       500 0.500E-12*l_c,m      11.6584534        11.7157472    
       500 0.500E-12*ang_bc,m      89.4855    89.2735
       500 0.500E-12*ang_ca,m      89.4908    89.2901
       500 0.500E-12*ang_ab,m      89.4528    89.3002
       500 0.500E-12*volume      1589.40958232        1617.07657147    
 
*temp instantanee des atomes de type 1 =       588.57
 
 * stress en kbar 
1 sigma potentiel (1,1) (2,1) (3,1) =  -64.41546857      -6.757395456      -5.224003057    
2 sigma potentiel (1,2) (2,2) (3,2) =  -6.757395456      -68.92045642      -5.356390765    
3 sigma potentiel (1,3) (2,3) (3,3) =  -5.224003057      -5.356390765      -67.77928386    
 
1 sigma cinetique (1,1) (2,1) (3,1) =   7.213510509      0.3775224228      0.8424598757    
2 sigma cinetique (1,2) (2,2) (3,2) =  0.3775224228       6.626091018       1.474694305    
3 sigma cinetique (1,3) (2,3) (3,3) =  0.8424598757       1.474694305       5.792646697    
 
1 sigma total (1,1) (2,1) (3,1) =  -57.20195806      -6.379873034      -4.381543182    
2 sigma total (1,2) (2,2) (3,2) =  -6.379873034      -62.29436540      -3.881696460    
3 sigma total (1,3) (2,3) (3,3) =  -4.381543182      -3.881696460      -61.98663717    
 
       500 0.500E-12*Pression =    -60.494    
 pression totale  potentiel = cinetique =
   -60.494       -67.038        6.5441    
 ----------valeurs moyennes------------
*temperature moyenne =       462.42
*pression moyenne =    -70.784    
 --------------------------------------
 
 
<<<<<<<<  ITERATION =    600  time =   0.6000000E-12
 
 
 --------- Temperatures et Pression--------
 ----------valeurs instantanees------------
       600 0.600E-12*Epot =    -515.8199169330613      eV 
    *energie PAIRE EAM =     56.7731889132      eV 
    *energie GLUE  =    -572.593105846      eV 
       600 0.600E-12*Ec =     13.0002448957      eV   (785.753 K)
       600 0.600E-12*Etot =    -502.8196720373559      eV 
 
       600 0.600E-12*Epot/at =    -4.02984310104      eV 
 
       600 0.600E-12*Temp instantanee = 785.753
 NPT With Parrinello-Rahman
       600 0.600E-12*Kcell =     8.76236610909      eV   (22596.670 K)
 Box tensor
 a  1.117408828552075E-007 -5.196849715122494E-011 -4.635139241363832E-010
 b  5.165815585451783E-010  1.128852449279011E-007  5.287858270548207E-012
 c  9.391706485164900E-010  6.389288133786648E-010  1.121701138704511E-007
 H0(1)  1.080000000000000E-007  0.000000000000000E+000  0.000000000000000E+000
 H0(2)  0.000000000000000E+000  1.080000000000000E-007  0.000000000000000E+000
 H0(3)  0.000000000000000E+000  0.000000000000000E+000  1.080000000000000E-007
Strain (Lagrange def.):
  e(1:3,1) =   0.352869E-01  0.227656E-02  0.229579E-02
  e(1:3,2) =   0.227656E-02  0.462744E-01  0.309884E-02
  e(1:3,3) =   0.229579E-02  0.309884E-02  0.393668E-01
Rotation:
  r(1:3,1) =    0.00000     -0.263218E-02 -0.649391E-02
  r(1:3,2) =   0.263218E-02   0.00000     -0.293352E-02
  r(1:3,3) =   0.649391E-02  0.293352E-02   0.00000    
       600 0.600E-12*l_a,m      11.1741856        11.6261817    
       600 0.600E-12*l_b,m      11.2886427        11.6794448    
       600 0.600E-12*l_c,m      11.2175865        11.6327204    
       600 0.600E-12*ang_bc,m      89.6688    89.3394
       600 0.600E-12*ang_ca,m      89.7581    89.3681
       600 0.600E-12*ang_ab,m      89.7645    89.3776
       600 0.600E-12*volume      1414.95387654        1583.38945565    
 
*temp instantanee des atomes de type 1 =       785.75
 
 * stress en kbar 
1 sigma potentiel (1,1) (2,1) (3,1) =   88.65037252      -5.109346518      -4.051215550    
2 sigma potentiel (1,2) (2,2) (3,2) =  -5.109346518       85.59757162      -10.74504583    
3 sigma potentiel (1,3) (2,3) (3,3) =  -4.051215550      -10.74504583       86.83242628    
 
1 sigma cinetique (1,1) (2,1) (3,1) =   11.09587573       1.654692498      0.6014825777    
2 sigma cinetique (1,2) (2,2) (3,2) =   1.654692498       9.933496604       1.583347123    
3 sigma cinetique (1,3) (2,3) (3,3) =  0.6014825777       1.583347123       8.411426739    
 
1 sigma total (1,1) (2,1) (3,1) =   99.74624825      -3.454654021      -3.449732972    
2 sigma total (1,2) (2,2) (3,2) =  -3.454654021       95.53106823      -9.161698709    
3 sigma total (1,3) (2,3) (3,3) =  -3.449732972      -9.161698709       95.24385302    
 
       600 0.600E-12*Pression =     96.840    
 pression totale  potentiel = cinetique =
    96.840        87.027        9.8136    
 ----------valeurs moyennes------------
*temperature moyenne =       516.31
*pression moyenne =    -42.847    
 --------------------------------------
 
 
<<<<<<<<  ITERATION =    700  time =   0.7000000E-12
 
 
 --------- Temperatures et Pression--------
 ----------valeurs instantanees------------
       700 0.700E-12*Epot =    -510.0935857674124      eV 
    *energie PAIRE EAM =     90.5388000885      eV 
    *energie GLUE  =    -600.632385856      eV 
       700 0.700E-12*Ec =     12.0338036383      eV   (727.340 K)
       700 0.700E-12*Etot =    -498.0597821291252      eV 
 
       700 0.700E-12*Epot/at =    -3.98510613881      eV 
 
       700 0.700E-12*Temp instantanee = 727.340
 NPT With Parrinello-Rahman
       700 0.700E-12*Kcell =    0.228734426701      eV   (589.868 K)
 Box tensor
 a  1.094998408357906E-007 -5.454495815328783E-010 -1.116518598385672E-009
 b  3.065352354938011E-010  1.107871346731753E-007 -1.102470007811613E-010
 c  8.341353010705287E-010  9.841773100728682E-011  1.098818519848737E-007
 H0(1)  1.080000000000000E-007  0.000000000000000E+000  0.000000000000000E+000
 H0(2)  0.000000000000000E+000  1.080000000000000E-007  0.000000000000000E+000
 H0(3)  0.000000000000000E+000  0.000000000000000E+000  1.080000000000000E-007
Strain (Lagrange def.):
  e(1:3,1) =   0.140177E-01 -0.110101E-02 -0.131327E-02
  e(1:3,2) =  -0.110101E-02  0.261530E-01 -0.338916E-04
  e(1:3,3) =  -0.131327E-02 -0.338916E-04  0.176303E-01
Rotation:
  r(1:3,1) =    0.00000     -0.394437E-02 -0.903081E-02
  r(1:3,2) =   0.394437E-02   0.00000     -0.966040E-03
  r(1:3,3) =   0.903081E-02  0.966040E-03   0.00000    
       700 0.700E-12*l_a,m      10.9506891        11.5296827    
       700 0.700E-12*l_b,m      11.0787614        11.5936329    
       700 0.700E-12*l_c,m      10.9885062        11.5406898    
       700 0.700E-12*ang_bc,m      90.0045    89.4344
       700 0.700E-12*ang_ca,m      90.1495    89.4797
       700 0.700E-12*ang_ab,m      90.1263    89.4846
       700 0.700E-12*volume      1333.11857927        1547.63647331    
 
*temp instantanee des atomes de type 1 =       727.34
 
 * stress en kbar 
1 sigma potentiel (1,1) (2,1) (3,1) =   220.3651779       1.726627594       3.334113656    
2 sigma potentiel (1,2) (2,2) (3,2) =   1.726627594       220.9303114      -5.485135883    
3 sigma potentiel (1,3) (2,3) (3,3) =   3.334113656      -5.485135883       220.1802314    
 
1 sigma cinetique (1,1) (2,1) (3,1) =   10.91717262      0.5970938619      0.2419066029    
2 sigma cinetique (1,2) (2,2) (3,2) =  0.5970938619       9.813501273     -0.7982173597    
3 sigma cinetique (1,3) (2,3) (3,3) =  0.2419066029     -0.7982173597       8.194400369    
 
1 sigma total (1,1) (2,1) (3,1) =   231.2823505       2.323721456       3.576020259    
2 sigma total (1,2) (2,2) (3,2) =   2.323721456       230.7438127      -6.283353243    
3 sigma total (1,3) (2,3) (3,3) =   3.576020259      -6.283353243       228.3746318    
 
       700 0.700E-12*Pression =     230.13    
 pression totale  potentiel = cinetique =
    230.13        220.49        9.6417    
 ----------valeurs moyennes------------
*temperature moyenne =       546.46
*pression moyenne =    -3.8497    
 --------------------------------------
 
 
<<<<<<<<  ITERATION =    800  time =   0.8000000E-12
 
 
 --------- Temperatures et Pression--------
 ----------valeurs instantanees------------
       800 0.800E-12*Epot =    -515.6176892951426      eV 
    *energie PAIRE EAM =     58.6348185730      eV 
    *energie GLUE  =    -574.252507868      eV 
       800 0.800E-12*Ec =     9.00473238149      eV   (544.258 K)
       800 0.800E-12*Etot =    -506.6129569136562      eV 
 
       800 0.800E-12*Epot/at =    -4.02826319762      eV 
 
       800 0.800E-12*Temp instantanee = 544.258
 NPT With Parrinello-Rahman
       800 0.800E-12*Kcell =     7.36494938730      eV   (18992.967 K)
 Box tensor
 a  1.113569412485807E-007 -9.797980137786296E-010 -1.743985721506640E-009
 b  1.611540193726031E-010  1.129158139169131E-007 -2.539830362170423E-010
 c  8.185892697240495E-010 -3.809736329672981E-010  1.118418823785492E-007
 H0(1)  1.080000000000000E-007  0.000000000000000E+000  0.000000000000000E+000
 H0(2)  0.000000000000000E+000  1.080000000000000E-007  0.000000000000000E+000
 H0(3)  0.000000000000000E+000  0.000000000000000E+000  1.080000000000000E-007
Strain (Lagrange def.):
  e(1:3,1) =   0.315957E-01 -0.391042E-02 -0.440215E-02
  e(1:3,2) =  -0.391042E-02  0.466001E-01 -0.298263E-02
  e(1:3,3) =  -0.440215E-02 -0.298263E-02  0.363388E-01
Rotation:
  r(1:3,1) =    0.00000     -0.528219E-02 -0.118638E-01
  r(1:3,2) =   0.528219E-02   0.00000      0.587919E-03
  r(1:3,3) =   0.118638E-01 -0.587919E-03   0.00000    
       800 0.800E-12*l_a,m      11.1374907        11.4806587    
       800 0.800E-12*l_b,m      11.2916215        11.5558815    
       800 0.800E-12*l_c,m      11.1845527        11.4961727    
       800 0.800E-12*ang_bc,m      90.3234    89.5455
       800 0.800E-12*ang_ca,m      90.4762    89.6043
       800 0.800E-12*ang_ab,m      90.4203    89.6015
       800 0.800E-12*volume      1406.46371188        1529.98987813    
 
*temp instantanee des atomes de type 1 =       544.26
 
 * stress en kbar 
1 sigma potentiel (1,1) (2,1) (3,1) =   97.40556747       12.93375858       12.17655899    
2 sigma potentiel (1,2) (2,2) (3,2) =   12.93375858       89.05831740       3.411515670    
3 sigma potentiel (1,3) (2,3) (3,3) =   12.17655899       3.411515670       96.38674921    
 
1 sigma cinetique (1,1) (2,1) (3,1) =   6.180097859     -0.7770146565     -0.2322297943    
2 sigma cinetique (1,2) (2,2) (3,2) = -0.7770146565       7.255669214      0.1150421779    
3 sigma cinetique (1,3) (2,3) (3,3) = -0.2322297943      0.1150421779       7.079757298    
 
1 sigma total (1,1) (2,1) (3,1) =   103.5856653       12.15674392       11.94432920    
2 sigma total (1,2) (2,2) (3,2) =   12.15674392       96.31398661       3.526557848    
3 sigma total (1,3) (2,3) (3,3) =   11.94432920       3.526557848       103.4665065    
 
       800 0.800E-12*Pression =     101.12    
 pression totale  potentiel = cinetique =
    101.12        94.284        6.8385    
 ----------valeurs moyennes------------
*temperature moyenne =       546.18
*pression moyenne =     9.2717    
 --------------------------------------
 
 
<<<<<<<<  ITERATION =    900  time =   0.9000000E-12
 
 
 --------- Temperatures et Pression--------
 ----------valeurs instantanees------------
       900 0.900E-12*Epot =    -514.5039290165316      eV 
    *energie PAIRE EAM =     15.1676005437      eV 
    *energie GLUE  =    -529.671529560      eV 
       900 0.900E-12*Ec =     8.67412974245      eV   (524.276 K)
       900 0.900E-12*Etot =    -505.8297992740860      eV 
 
       900 0.900E-12*Epot/at =    -4.01956194544      eV 
 
       900 0.900E-12*Temp instantanee = 524.276
 NPT With Parrinello-Rahman
       900 0.900E-12*Kcell =     7.08757454884      eV   (18277.664 K)
 Box tensor
 a  1.152055926518384E-007 -1.261834567160000E-009 -2.241155414886669E-009
 b  1.816385591625099E-010  1.168076873094601E-007 -2.138355156623581E-010
 c  9.660310103206964E-010 -8.091572264202797E-010  1.157452973631389E-007
 H0(1)  1.080000000000000E-007  0.000000000000000E+000  0.000000000000000E+000
 H0(2)  0.000000000000000E+000  1.080000000000000E-007  0.000000000000000E+000
 H0(3)  0.000000000000000E+000  0.000000000000000E+000  1.080000000000000E-007
Strain (Lagrange def.):
  e(1:3,1) =   0.689855E-01 -0.535559E-02 -0.627653E-02
  e(1:3,2) =  -0.535559E-02  0.849744E-01 -0.496424E-02
  e(1:3,3) =  -0.627653E-02 -0.496424E-02  0.745046E-01
Rotation:
  r(1:3,1) =    0.00000     -0.668275E-02 -0.148481E-01
  r(1:3,2) =   0.668275E-02   0.00000      0.275612E-02
  r(1:3,3) =   0.148481E-01 -0.275612E-02   0.00000    
       900 0.900E-12*l_a,m      11.5234299        11.4854111    
       900 0.900E-12*l_b,m      11.6808024        11.5697616    
       900 0.900E-12*l_c,m      11.5752157        11.5049552    
       900 0.900E-12*ang_bc,m      90.5047    89.6521
       900 0.900E-12*ang_ca,m      90.6318    89.7184
       900 0.900E-12*ang_ab,m      90.5363    89.7054
       900 0.900E-12*volume      1557.83283477        1533.08353998    
 
*temp instantanee des atomes de type 1 =       524.28
 
 * stress en kbar 
1 sigma potentiel (1,1) (2,1) (3,1) =  -65.09165092       6.197073881       6.993953434    
2 sigma potentiel (1,2) (2,2) (3,2) =   6.197073881      -74.70907037       8.213490680    
3 sigma potentiel (1,3) (2,3) (3,3) =   6.993953434       8.213490680      -68.19907883    
 
1 sigma cinetique (1,1) (2,1) (3,1) =   4.727134940      0.4702262657     -0.5466702519    
2 sigma cinetique (1,2) (2,2) (3,2) =  0.4702262657       5.002712981      0.5022231392    
3 sigma cinetique (1,3) (2,3) (3,3) = -0.5466702519      0.5022231392       8.112228843    
 
1 sigma total (1,1) (2,1) (3,1) =  -60.36451598       6.667300147       6.447283182    
2 sigma total (1,2) (2,2) (3,2) =   6.667300147      -69.70635739       8.715713819    
3 sigma total (1,3) (2,3) (3,3) =   6.447283182       8.715713819      -60.08684999    
 
       900 0.900E-12*Pression =    -63.386    
 pression totale  potentiel = cinetique =
   -63.386       -69.333        5.9474    
 ----------valeurs moyennes------------
*temperature moyenne =       543.75
*pression moyenne =     1.1987    
 --------------------------------------
 
 
<<<<<<<<  ITERATION =   1000  time =   0.1000000E-11
 
 
 --------- Temperatures et Pression--------
 ----------valeurs instantanees------------
      1000 0.100E-11*Epot =    -506.3488312783841      eV 
    *energie PAIRE EAM =    -2.62712193528      eV 
    *energie GLUE  =    -503.721709343      eV 
      1000 0.100E-11*Ec =     8.73016733812      eV   (527.663 K)
      1000 0.100E-11*Etot =    -497.6186639402630      eV 
 
      1000 0.100E-11*Epot/at =    -3.95585024436      eV 
 
      1000 0.100E-11*Temp instantanee = 527.663
 NPT With Parrinello-Rahman
      1000 0.100E-11*Kcell =    0.964990424009      eV   (2488.548 K)
 Box tensor
 a  1.178357394983169E-007 -1.495150094099553E-009 -2.652798520262792E-009
 b  7.424240378963338E-010  1.192227150175210E-007  3.372956747757631E-011
 c  1.175447104735425E-009 -9.381296058918872E-010  1.182012505206015E-007
 H0(1)  1.080000000000000E-007  0.000000000000000E+000  0.000000000000000E+000
 H0(2)  0.000000000000000E+000  1.080000000000000E-007  0.000000000000000E+000
 H0(3)  0.000000000000000E+000  0.000000000000000E+000  1.080000000000000E-007
Strain (Lagrange def.):
  e(1:3,1) =   0.953015E-01 -0.380534E-02 -0.744299E-02
  e(1:3,2) =  -0.380534E-02  0.109447     -0.441103E-02
  e(1:3,3) =  -0.744299E-02 -0.441103E-02  0.992187E-01
Rotation:
  r(1:3,1) =    0.00000     -0.103591E-01 -0.177234E-01
  r(1:3,2) =   0.103591E-01   0.00000      0.449935E-02
  r(1:3,3) =   0.177234E-01 -0.449935E-02   0.00000    
      1000 0.100E-11*l_a,m      11.7875079        11.5156208    
      1000 0.100E-11*l_b,m      11.9225031        11.6050357    
      1000 0.100E-11*l_c,m      11.8210818        11.5365679    
      1000 0.100E-11*ang_bc,m      90.4349    89.7304
      1000 0.100E-11*ang_ca,m      90.7141    89.8180
      1000 0.100E-11*ang_ab,m      90.3704    89.7719
      1000 0.100E-11*volume      1661.08201641        1545.88338762    
 
*temp instantanee des atomes de type 1 =       527.66
 
 * stress en kbar 
1 sigma potentiel (1,1) (2,1) (3,1) =  -120.2235035       7.945426410       6.320989740    
2 sigma potentiel (1,2) (2,2) (3,2) =   7.945426410      -123.9291688       3.376047297    
3 sigma potentiel (1,3) (2,3) (3,3) =   6.320989740       3.376047297      -122.2256040    
 
1 sigma cinetique (1,1) (2,1) (3,1) =   6.028653722      0.1878018473     -0.4818356484    
2 sigma cinetique (1,2) (2,2) (3,2) =  0.1878018473       4.948184598      0.3527788016    
3 sigma cinetique (1,3) (2,3) (3,3) = -0.4818356484      0.3527788016       5.864315206    
 
1 sigma total (1,1) (2,1) (3,1) =  -114.1948498       8.133228258       5.839154092    
2 sigma total (1,2) (2,2) (3,2) =   8.133228258      -118.9809842       3.728826099    
3 sigma total (1,3) (2,3) (3,3) =   5.839154092       3.728826099      -116.3612888    
 
      1000 0.100E-11*Pression =    -116.51    
 pression totale  potentiel = cinetique =
   -116.51       -122.13        5.6137    
 ----------valeurs moyennes------------
*temperature moyenne =       542.14
*pression moyenne =    -10.572    
 --------------------------------------
 
 
<<<<<<<<  ITERATION =   1100  time =   0.1100000E-11
 
 
 --------- Temperatures et Pression--------
 ----------valeurs instantanees------------
      1100 0.110E-11*Epot =    -505.7517259837951      eV 
    *energie PAIRE EAM =   -0.197913543424      eV 
    *energie GLUE  =    -505.553812440      eV 
      1100 0.110E-11*Ec =     9.08089695652      eV   (548.862 K)
      1100 0.110E-11*Etot =    -496.6708290272790      eV 
 
      1100 0.110E-11*Epot/at =    -3.95118535925      eV 
 
      1100 0.110E-11*Temp instantanee = 548.862
 NPT With Parrinello-Rahman
      1100 0.110E-11*Kcell =     1.37393187531      eV   (3543.139 K)
 Box tensor
 a  1.178022473595200E-007 -1.573329589440508E-009 -2.869539624545063E-009
 b  1.507419948600431E-009  1.188896112940886E-007  4.126401556012437E-010
 c  1.494595993327733E-009 -8.251159199031037E-010  1.180464552629177E-007
 H0(1)  1.080000000000000E-007  0.000000000000000E+000  0.000000000000000E+000
 H0(2)  0.000000000000000E+000  1.080000000000000E-007  0.000000000000000E+000
 H0(3)  0.000000000000000E+000  0.000000000000000E+000  1.080000000000000E-007
Strain (Lagrange def.):
  e(1:3,1) =   0.950735E-01 -0.315432E-03 -0.690091E-02
  e(1:3,2) =  -0.315432E-03  0.106048     -0.187880E-02
  e(1:3,3) =  -0.690091E-02 -0.187880E-02  0.977096E-01
Rotation:
  r(1:3,1) =    0.00000     -0.142627E-01 -0.202043E-01
  r(1:3,2) =   0.142627E-01   0.00000      0.573035E-02
  r(1:3,3) =   0.202043E-01 -0.573035E-02   0.00000    
      1100 0.110E-11*l_a,m      11.7847695        11.5400888    
      1100 0.110E-11*l_b,m      11.8899883        11.6309405    
      1100 0.110E-11*l_c,m      11.8058800        11.5610508    
      1100 0.110E-11*ang_bc,m      90.1924    89.7724
      1100 0.110E-11*ang_ca,m      90.6646    89.8950
      1100 0.110E-11*ang_ab,m      90.0436    89.7966
      1100 0.110E-11*volume      1654.12787720        1555.72379577    
 
*temp instantanee des atomes de type 1 =       548.86
 
 * stress en kbar 
1 sigma potentiel (1,1) (2,1) (3,1) =  -104.7360626       3.314674412       4.072619434    
2 sigma potentiel (1,2) (2,2) (3,2) =   3.314674412      -106.7634998       4.232324555    
3 sigma potentiel (1,3) (2,3) (3,3) =   4.072619434       4.232324555      -104.6987548    
 
1 sigma cinetique (1,1) (2,1) (3,1) =   4.695717771     -0.4497600357     -0.9423088176E-01
2 sigma cinetique (1,2) (2,2) (3,2) = -0.4497600357       7.368979280      0.9386427882    
3 sigma cinetique (1,3) (2,3) (3,3) = -0.9423088176E-01  0.9386427882       5.526686988    
 
1 sigma total (1,1) (2,1) (3,1) =  -100.0403449       2.864914376       3.978388552    
2 sigma total (1,2) (2,2) (3,2) =   2.864914376      -99.39452049       5.170967343    
3 sigma total (1,3) (2,3) (3,3) =   3.978388552       5.170967343      -99.17206784    
 
      1100 0.110E-11*Pression =    -99.536    
 pression totale  potentiel = cinetique =
   -99.536       -105.40        5.8638    
 ----------valeurs moyennes------------
*temperature moyenne =       542.75
*pression moyenne =    -18.660    
 --------------------------------------
 
 
<<<<<<<<  ITERATION =   1200  time =   0.1200000E-11
 
 
 --------- Temperatures et Pression--------
 ----------valeurs instantanees------------
      1200 0.120E-11*Epot =    -513.1754892994794      eV 
    *energie PAIRE EAM =     18.5816752846      eV 
    *energie GLUE  =    -531.757164584      eV 
      1200 0.120E-11*Ec =     10.6793359285      eV   (645.474 K)
      1200 0.120E-11*Etot =    -502.4961533709554      eV 
 
      1200 0.120E-11*Epot/at =    -4.00918351015      eV 
 
      1200 0.120E-11*Temp instantanee = 645.474
 NPT With Parrinello-Rahman
      1200 0.120E-11*Kcell =     5.84523303199      eV   (15073.874 K)
 Box tensor
 a  1.153279712824937E-007 -1.643907723539472E-009 -2.948756703313282E-009
 b  2.124239294141032E-009  1.163030579577822E-007  8.652335075097748E-010
 c  1.845462821026055E-009 -5.268587961584320E-010  1.156905647575646E-007
 H0(1)  1.080000000000000E-007  0.000000000000000E+000  0.000000000000000E+000
 H0(2)  0.000000000000000E+000  1.080000000000000E-007  0.000000000000000E+000
 H0(3)  0.000000000000000E+000  0.000000000000000E+000  1.080000000000000E-007
Strain (Lagrange def.):
  e(1:3,1) =   0.704929E-01  0.242175E-02 -0.534694E-02
  e(1:3,2) =   0.242175E-02  0.799632E-01  0.190862E-02
  e(1:3,3) =  -0.534694E-02  0.190862E-02  0.741491E-01
Rotation:
  r(1:3,1) =    0.00000     -0.174451E-01 -0.221955E-01
  r(1:3,2) =   0.174451E-01   0.00000      0.644487E-02
  r(1:3,3) =   0.221955E-01 -0.644487E-02   0.00000    
      1200 0.120E-11*l_a,m      11.5377375        11.5398929    
      1200 0.120E-11*l_b,m      11.6325673        11.6310761    
      1200 0.120E-11*l_c,m      11.5706482        11.5618506    
      1200 0.120E-11*ang_bc,m      89.8180    89.7762
      1200 0.120E-11*ang_ca,m      90.5470    89.9493
      1200 0.120E-11*ang_ab,m      89.7813    89.7953
      1200 0.120E-11*volume      1552.84719711        1555.48407921    
 
*temp instantanee des atomes de type 1 =       645.47
 
 * stress en kbar 
1 sigma potentiel (1,1) (2,1) (3,1) =  -49.54849340      -1.732519279       5.932540686    
2 sigma potentiel (1,2) (2,2) (3,2) =  -1.732519279      -55.51165849     -0.5179984519    
3 sigma potentiel (1,3) (2,3) (3,3) =   5.932540686     -0.5179984519      -56.94246433    
 
1 sigma cinetique (1,1) (2,1) (3,1) =   6.413947242     -0.5945528766     -0.3053860686E-01
2 sigma cinetique (1,2) (2,2) (3,2) = -0.5945528766       8.308238633      0.3615639160    
3 sigma cinetique (1,3) (2,3) (3,3) = -0.3053860686E-01  0.3615639160       7.314986486    
 
1 sigma total (1,1) (2,1) (3,1) =  -43.13454616      -2.327072155       5.902002079    
2 sigma total (1,2) (2,2) (3,2) =  -2.327072155      -47.20341986     -0.1564345358    
3 sigma total (1,3) (2,3) (3,3) =   5.902002079     -0.1564345358      -49.62747785    
 
      1200 0.120E-11*Pression =    -46.655    
 pression totale  potentiel = cinetique =
   -46.655       -54.001        7.3457    
 ----------valeurs moyennes------------
*temperature moyenne =       551.31
*pression moyenne =    -20.993    
 --------------------------------------
 
 
<<<<<<<<  ITERATION =   1300  time =   0.1300000E-11
 
 
 --------- Temperatures et Pression--------
 ----------valeurs instantanees------------
      1300 0.130E-11*Epot =    -515.9773962333661      eV 
    *energie PAIRE EAM =     54.0177624636      eV 
    *energie GLUE  =    -569.995158697      eV 
      1300 0.130E-11*Ec =     11.6957425613      eV   (706.907 K)
      1300 0.130E-11*Etot =    -504.2816536720738      eV 
 
      1300 0.130E-11*Epot/at =    -4.03107340807      eV 
 
      1300 0.130E-11*Temp instantanee = 706.907
 NPT With Parrinello-Rahman
      1300 0.130E-11*Kcell =     4.68142411864      eV   (12072.606 K)
 Box tensor
 a  1.120721375461176E-007 -1.589455662873066E-009 -2.907082746569150E-009
 b  2.727300582772430E-009  1.128185625788160E-007  1.320625179777463E-009
 c  2.366133088950946E-009 -1.818800777246944E-010  1.125287376438732E-007
 H0(1)  1.080000000000000E-007  0.000000000000000E+000  0.000000000000000E+000
 H0(2)  0.000000000000000E+000  1.080000000000000E-007  0.000000000000000E+000
 H0(3)  0.000000000000000E+000  0.000000000000000E+000  1.080000000000000E-007
Strain (Lagrange def.):
  e(1:3,1) =   0.389747E-01  0.553524E-02 -0.239812E-02
  e(1:3,2) =   0.553524E-02  0.457213E-01  0.570752E-02
  e(1:3,3) =  -0.239812E-02  0.570752E-02  0.432490E-01
Rotation:
  r(1:3,1) =    0.00000     -0.199850E-01 -0.244130E-01
  r(1:3,2) =   0.199850E-01   0.00000      0.695604E-02
  r(1:3,3) =   0.244130E-01 -0.695604E-02   0.00000    
      1300 0.130E-11*l_a,m      11.2121102        11.5146788    
      1300 0.130E-11*l_b,m      11.2859250        11.6045260    
      1300 0.130E-11*l_c,m      11.2553758        11.5382756    
      1300 0.130E-11*ang_bc,m      89.3931    89.7467
      1300 0.130E-11*ang_ca,m      90.2800    89.9747
      1300 0.130E-11*ang_ab,m      89.4453    89.7684
      1300 0.130E-11*volume      1424.08004365        1545.37607648    
 
*temp instantanee des atomes de type 1 =       706.91
 
 * stress en kbar 
1 sigma potentiel (1,1) (2,1) (3,1) =   79.53817848      -16.92759120       8.163658626    
2 sigma potentiel (1,2) (2,2) (3,2) =  -16.92759120       77.59457988      -14.62873158    
3 sigma potentiel (1,3) (2,3) (3,3) =   8.163658626      -14.62873158       78.01648719    
 
1 sigma cinetique (1,1) (2,1) (3,1) =   9.569441044      0.7495680516       2.435051059    
2 sigma cinetique (1,2) (2,2) (3,2) =  0.7495680516       6.782548736      0.9643745369    
3 sigma cinetique (1,3) (2,3) (3,3) =   2.435051059      0.9643745369       9.964850393    
 
1 sigma total (1,1) (2,1) (3,1) =   89.10761952      -16.17802315       10.59870968    
2 sigma total (1,2) (2,2) (3,2) =  -16.17802315       84.37712861      -13.66435705    
3 sigma total (1,3) (2,3) (3,3) =   10.59870968      -13.66435705       87.98133759    
 
      1300 0.130E-11*Pression =     87.155    
 pression totale  potentiel = cinetique =
    87.155        78.383        8.7723    
 ----------valeurs moyennes------------
*temperature moyenne =       563.28
*pression moyenne =    -12.674    
 --------------------------------------
 
 
<<<<<<<<  ITERATION =   1400  time =   0.1400000E-11
 
 
 --------- Temperatures et Pression--------
 ----------valeurs instantanees------------
      1400 0.140E-11*Epot =    -513.1445655266974      eV 
    *energie PAIRE EAM =     75.5513935491      eV 
    *energie GLUE  =    -588.695959076      eV 
      1400 0.140E-11*Ec =     11.8591287231      eV   (716.782 K)
      1400 0.140E-11*Etot =    -501.2854368035873      eV 
 
      1400 0.140E-11*Epot/at =    -4.00894191818      eV 
 
      1400 0.140E-11*Temp instantanee = 716.782
 NPT With Parrinello-Rahman
      1400 0.140E-11*Kcell =    0.201138608631      eV   (518.703 K)
 Box tensor
 a  1.106255133113540E-007 -1.869003787712941E-009 -2.744906998738526E-009
 b  2.970671522167090E-009  1.111221989792131E-007  1.480157071398914E-009
 c  3.070906421888303E-009 -9.931197781910311E-012  1.112152786231677E-007
 H0(1)  1.080000000000000E-007  0.000000000000000E+000  0.000000000000000E+000
 H0(2)  0.000000000000000E+000  1.080000000000000E-007  0.000000000000000E+000
 H0(3)  0.000000000000000E+000  0.000000000000000E+000  1.080000000000000E-007
Strain (Lagrange def.):
  e(1:3,1) =   0.253884E-01  0.528625E-02  0.181207E-02
  e(1:3,2) =   0.528625E-02  0.294769E-01  0.722325E-02
  e(1:3,3) =   0.181207E-02  0.722325E-02  0.306312E-01
Rotation:
  r(1:3,1) =    0.00000     -0.224059E-01 -0.269251E-01
  r(1:3,2) =   0.224059E-01   0.00000      0.689856E-02
  r(1:3,3) =   0.269251E-01 -0.689856E-02   0.00000    
      1400 0.140E-11*l_a,m      11.0675345        11.4827399    
      1400 0.140E-11*l_b,m      11.1171754        11.5697152    
      1400 0.140E-11*l_c,m      11.1257668        11.5088107    
      1400 0.140E-11*ang_bc,m      89.2003    89.7077
      1400 0.140E-11*ang_ca,m      89.8396    89.9651
      1400 0.140E-11*ang_ab,m      89.4557    89.7461
      1400 0.140E-11*volume      1368.71128196        1532.75716258    
 
*temp instantanee des atomes de type 1 =       716.78
 
 * stress en kbar 
1 sigma potentiel (1,1) (2,1) (3,1) =   162.4961543      -15.30037689      -1.691397145    
2 sigma potentiel (1,2) (2,2) (3,2) =  -15.30037689       159.1975283      -15.17296766    
3 sigma potentiel (1,3) (2,3) (3,3) =  -1.691397145      -15.17296766       161.9519636    
 
1 sigma cinetique (1,1) (2,1) (3,1) =   8.850555037     -0.3800862710     -0.6934158674    
2 sigma cinetique (1,2) (2,2) (3,2) = -0.3800862710       9.348136796      0.5877868676    
3 sigma cinetique (1,3) (2,3) (3,3) = -0.6934158674      0.5877868676       9.565259797    
 
1 sigma total (1,1) (2,1) (3,1) =   171.3467094      -15.68046316      -2.384813013    
2 sigma total (1,2) (2,2) (3,2) =  -15.68046316       168.5456651      -14.58518079    
3 sigma total (1,3) (2,3) (3,3) =  -2.384813013      -14.58518079       171.5172234    
 
      1400 0.140E-11*Pression =     170.47    
 pression totale  potentiel = cinetique =
    170.47        161.22        9.2547    
 ----------valeurs moyennes------------
*temperature moyenne =       574.24
*pression moyenne =    0.40786    
 --------------------------------------
 
 
<<<<<<<<  ITERATION =   1500  time =   0.1500000E-11
 
 
 --------- Temperatures et Pression--------
 ----------valeurs instantanees------------
      1500 0.150E-11*Epot =    -517.0439322650392      eV 
    *energie PAIRE EAM =     48.3405994732      eV 
    *energie GLUE  =    -565.384531738      eV 
      1500 0.150E-11*Ec =     11.1943483898      eV   (676.602 K)
      1500 0.150E-11*Etot =    -505.8495838752590      eV 
 
      1500 0.150E-11*Epot/at =    -4.03940572082      eV 
 
      1500 0.150E-11*Temp instantanee = 676.602
 NPT With Parrinello-Rahman
      1500 0.150E-11*Kcell =     4.81927683871      eV   (12428.105 K)
 Box tensor
 a  1.123649271085193E-007 -2.662542963264429E-009 -2.836072309857297E-009
 b  3.090260853484083E-009  1.125809603440764E-007  1.173934966116254E-009
 c  3.709471504671034E-009 -2.990864605223773E-010  1.131566874654464E-007
 H0(1)  1.080000000000000E-007  0.000000000000000E+000  0.000000000000000E+000
 H0(2)  0.000000000000000E+000  1.080000000000000E-007  0.000000000000000E+000
 H0(3)  0.000000000000000E+000  0.000000000000000E+000  1.080000000000000E-007
Strain (Lagrange def.):
  e(1:3,1) =   0.422319E-01  0.204127E-02  0.448835E-02
  e(1:3,2) =   0.204127E-02  0.436236E-01  0.453833E-02
  e(1:3,3) =   0.448835E-02  0.453833E-02  0.492909E-01
Rotation:
  r(1:3,1) =    0.00000     -0.266334E-01 -0.303034E-01
  r(1:3,2) =   0.266334E-01   0.00000      0.681954E-02
  r(1:3,3) =   0.303034E-01 -0.681954E-02   0.00000    
      1500 0.150E-11*l_a,m      11.2432243        11.4667722    
      1500 0.150E-11*l_b,m      11.2629483        11.5492641    
      1500 0.150E-11*l_c,m      11.3217868        11.4963424    
      1500 0.150E-11*ang_bc,m      89.5029    89.6940
      1500 0.150E-11*ang_ca,m      89.5648    89.9384
      1500 0.150E-11*ang_ab,m      89.8002    89.7497
      1500 0.150E-11*volume      1433.59514427        1526.14636136    
 
*temp instantanee des atomes de type 1 =       676.60
 
 * stress en kbar 
1 sigma potentiel (1,1) (2,1) (3,1) =   52.27973261      -8.164350849      -10.30218489    
2 sigma potentiel (1,2) (2,2) (3,2) =  -8.164350849       59.35310042      -10.49660993    
3 sigma potentiel (1,3) (2,3) (3,3) =  -10.30218489      -10.49660993       54.37722791    
 
1 sigma cinetique (1,1) (2,1) (3,1) =   9.840988567     -0.1924314244     -0.6465953816    
2 sigma cinetique (1,2) (2,2) (3,2) = -0.1924314244       7.371334301      0.5810242652    
3 sigma cinetique (1,3) (2,3) (3,3) = -0.6465953816      0.5810242652       7.809136757    
 
1 sigma total (1,1) (2,1) (3,1) =   62.12072118      -8.356782274      -10.94878027    
2 sigma total (1,2) (2,2) (3,2) =  -8.356782274       66.72443472      -9.915585665    
3 sigma total (1,3) (2,3) (3,3) =  -10.94878027      -9.915585665       62.18636467    
 
      1500 0.150E-11*Pression =     63.677    
 pression totale  potentiel = cinetique =
    63.677        55.337        8.3405    
 ----------valeurs moyennes------------
*temperature moyenne =       581.07
*pression moyenne =     4.6258    
 --------------------------------------
 
 
<<<<<<<<  ITERATION =   1600  time =   0.1600000E-11
 
 
 --------- Temperatures et Pression--------
 ----------valeurs instantanees------------
      1600 0.160E-11*Epot =    -513.9689905139224      eV 
    *energie PAIRE EAM =     18.5780410685      eV 
    *energie GLUE  =    -532.547031582      eV 
      1600 0.160E-11*Ec =     9.43773421799      eV   (570.430 K)
      1600 0.160E-11*Etot =    -504.5312562959304      eV 
 
      1600 0.160E-11*Epot/at =    -4.01538273839      eV 
 
      1600 0.160E-11*Temp instantanee = 570.430
 NPT With Parrinello-Rahman
      1600 0.160E-11*Kcell =     4.42352445343      eV   (11407.526 K)
 Box tensor
 a  1.152669876639042E-007 -3.756058313787882E-009 -3.290980160411281E-009
 b  3.056486245466914E-009  1.154331670349152E-007  8.123583327914336E-010
 c  4.156314042486749E-009 -8.902599875765455E-010  1.163045337621580E-007
 H0(1)  1.080000000000000E-007  0.000000000000000E+000  0.000000000000000E+000
 H0(2)  0.000000000000000E+000  1.080000000000000E-007  0.000000000000000E+000
 H0(3)  0.000000000000000E+000  0.000000000000000E+000  1.080000000000000E-007
Strain (Lagrange def.):
  e(1:3,1) =   0.706917E-01 -0.359353E-02  0.456703E-02
  e(1:3,2) =  -0.359353E-02  0.718328E-01  0.111151E-03
  e(1:3,3) =   0.456703E-02  0.111151E-03  0.803427E-01
Rotation:
  r(1:3,1) =    0.00000     -0.315396E-01 -0.344782E-01
  r(1:3,2) =   0.315396E-01   0.00000      0.788249E-02
  r(1:3,3) =   0.344782E-01 -0.788249E-02   0.00000    
      1600 0.160E-11*l_a,m      11.5375114        11.4711934    
      1600 0.160E-11*l_b,m      11.5476483        11.5491631    
      1600 0.160E-11*l_c,m      11.6382181        11.5052096    
      1600 0.160E-11*ang_bc,m      89.9812    89.7120
      1600 0.160E-11*ang_ca,m      89.5747    89.9157
      1600 0.160E-11*ang_ab,m      90.3610    89.7879
      1600 0.160E-11*volume      1550.49927951        1527.66841875    
 
*temp instantanee des atomes de type 1 =       570.43
 
 * stress en kbar 
1 sigma potentiel (1,1) (2,1) (3,1) =  -54.44743298       5.651646954      -4.316188339    
2 sigma potentiel (1,2) (2,2) (3,2) =   5.651646954      -55.56695156       2.179121743    
3 sigma potentiel (1,3) (2,3) (3,3) =  -4.316188339       2.179121743      -57.95820877    
 
1 sigma cinetique (1,1) (2,1) (3,1) =   5.948629967      0.8187164016E-01  0.3021666686    
2 sigma cinetique (1,2) (2,2) (3,2) =  0.8187164016E-01   6.795409138      0.1123179794    
3 sigma cinetique (1,3) (2,3) (3,3) =  0.3021666686      0.1123179794       6.760537039    
 
1 sigma total (1,1) (2,1) (3,1) =  -48.49880302       5.733518594      -4.014021671    
2 sigma total (1,2) (2,2) (3,2) =   5.733518594      -48.77154242       2.291439723    
3 sigma total (1,3) (2,3) (3,3) =  -4.014021671       2.291439723      -51.19767173    
 
      1600 0.160E-11*Pression =    -49.489    
 pression totale  potentiel = cinetique =
   -49.489       -55.991        6.5015    
 ----------valeurs moyennes------------
*temperature moyenne =       580.40
*pression moyenne =     1.2436    
 --------------------------------------
 
 
<<<<<<<<  ITERATION =   1700  time =   0.1700000E-11
 
 
 --------- Temperatures et Pression--------
 ----------valeurs instantanees------------
      1700 0.170E-11*Epot =    -508.7302759541809      eV 
    *energie PAIRE EAM =     4.18416513333      eV 
    *energie GLUE  =    -512.914441088      eV 
      1700 0.170E-11*Ec =     8.53719492391      eV   (516.000 K)
      1700 0.170E-11*Etot =    -500.1930810302744      eV 
 
      1700 0.170E-11*Epot/at =    -3.97445528089      eV 
 
      1700 0.170E-11*Temp instantanee = 516.000
 NPT With Parrinello-Rahman
      1700 0.170E-11*Kcell =    0.689005413366      eV   (1776.829 K)
 Box tensor
 a  1.171671434267757E-007 -4.824146707709052E-009 -3.871732785247400E-009
 b  2.929720978781016E-009  1.170779990392849E-007  4.119708162633973E-010
 c  4.538676706499430E-009 -1.518394287610849E-009  1.181674911119111E-007
 H0(1)  1.080000000000000E-007  0.000000000000000E+000  0.000000000000000E+000
 H0(2)  0.000000000000000E+000  1.080000000000000E-007  0.000000000000000E+000
 H0(3)  0.000000000000000E+000  0.000000000000000E+000  1.080000000000000E-007
Strain (Lagrange def.):
  e(1:3,1) =   0.897343E-01 -0.982155E-02  0.359616E-02
  e(1:3,2) =  -0.982155E-02  0.886847E-01 -0.482314E-02
  e(1:3,3) =   0.359616E-02 -0.482314E-02  0.992248E-01
Rotation:
  r(1:3,1) =    0.00000     -0.358975E-01 -0.389371E-01
  r(1:3,2) =   0.358975E-01   0.00000      0.893688E-02
  r(1:3,3) =   0.389371E-01 -0.893688E-02   0.00000    
      1700 0.170E-11*l_a,m      11.7330312        11.4865957    
      1700 0.170E-11*l_b,m      11.7115374        11.5587145    
      1700 0.170E-11*l_c,m      11.8264369        11.5241054    
      1700 0.170E-11*ang_bc,m      90.4790    89.7571
      1700 0.170E-11*ang_ca,m      89.6631    89.9008
      1700 0.170E-11*ang_ab,m      90.9304    89.8551
      1700 0.170E-11*volume      1624.79452942        1533.38171937    
 
*temp instantanee des atomes de type 1 =       516.00
 
 * stress en kbar 
1 sigma potentiel (1,1) (2,1) (3,1) =  -101.2394823       13.89821775      -4.939771420    
2 sigma potentiel (1,2) (2,2) (3,2) =   13.89821775      -100.6861610       5.188766174    
3 sigma potentiel (1,3) (2,3) (3,3) =  -4.939771420       5.188766174      -106.7078813    
 
1 sigma cinetique (1,1) (2,1) (3,1) =   5.896677560      0.3047533877      0.6228726043    
2 sigma cinetique (1,2) (2,2) (3,2) =  0.3047533877       4.763266107      0.1973685264    
3 sigma cinetique (1,3) (2,3) (3,3) =  0.6228726043      0.1973685264       6.176760938    
 
1 sigma total (1,1) (2,1) (3,1) =  -95.34280472       14.20297114      -4.316898815    
2 sigma total (1,2) (2,2) (3,2) =   14.20297114      -95.92289488       5.386134700    
3 sigma total (1,3) (2,3) (3,3) =  -4.316898815       5.386134700      -100.5311204    
 
      1700 0.170E-11*Pression =    -97.266    
 pression totale  potentiel = cinetique =
   -97.266       -102.88        5.6122    
 ----------valeurs moyennes------------
*temperature moyenne =       576.62
*pression moyenne =    -4.5510    
 --------------------------------------
 
 
<<<<<<<<  ITERATION =   1800  time =   0.1800000E-11
 
 
 --------- Temperatures et Pression--------
 ----------valeurs instantanees------------
      1800 0.180E-11*Epot =    -510.3674703626048      eV 
    *energie PAIRE EAM =     6.10906638365      eV 
    *energie GLUE  =    -516.476536746      eV 
      1800 0.180E-11*Ec =     8.68750853707      eV   (525.085 K)
      1800 0.180E-11*Etot =    -501.6799618255386      eV 
 
      1800 0.180E-11*Epot/at =    -3.98724586221      eV 
 
      1800 0.180E-11*Temp instantanee = 525.085
 NPT With Parrinello-Rahman
      1800 0.180E-11*Kcell =     1.29333973517      eV   (3335.306 K)
 Box tensor
 a  1.170023786715170E-007 -5.506647873905759E-009 -4.388102358107994E-009
 b  2.768828886302264E-009  1.165656779855349E-007  8.571148783187774E-012
 c  4.841802333325050E-009 -1.976834613231889E-009  1.177841007263112E-007
 H0(1)  1.080000000000000E-007  0.000000000000000E+000  0.000000000000000E+000
 H0(2)  0.000000000000000E+000  1.080000000000000E-007  0.000000000000000E+000
 H0(3)  0.000000000000000E+000  0.000000000000000E+000  1.080000000000000E-007
Strain (Lagrange def.):
  e(1:3,1) =   0.881630E-01 -0.141938E-01  0.243881E-02
  e(1:3,2) =  -0.141938E-01  0.839244E-01 -0.890247E-02
  e(1:3,3) =   0.243881E-02 -0.890247E-02  0.955225E-01
Rotation:
  r(1:3,1) =    0.00000     -0.383124E-01 -0.427310E-01
  r(1:3,2) =   0.383124E-01   0.00000      0.919169E-02
  r(1:3,3) =   0.427310E-01 -0.919169E-02   0.00000    
      1800 0.180E-11*l_a,m      11.7214057        11.4996407    
      1800 0.180E-11*l_b,m      11.6598558        11.5643335    
      1800 0.180E-11*l_c,m      11.7900150        11.5388781    
      1800 0.180E-11*ang_bc,m      90.9004    89.8206
      1800 0.180E-11*ang_ca,m      89.7490    89.8924
      1800 0.180E-11*ang_ab,m      91.3331    89.9372
      1800 0.180E-11*volume      1610.69214897        1537.67674324    
 
*temp instantanee des atomes de type 1 =       525.08
 
 * stress en kbar 
1 sigma potentiel (1,1) (2,1) (3,1) =  -93.92308243       12.06200500      0.9223377714    
2 sigma potentiel (1,2) (2,2) (3,2) =   12.06200500      -93.79051137       11.48363526    
3 sigma potentiel (1,3) (2,3) (3,3) =  0.9223377714       11.48363526      -97.92191647    
 
1 sigma cinetique (1,1) (2,1) (3,1) =   6.338529002      0.7639498269      0.4647116416    
2 sigma cinetique (1,2) (2,2) (3,2) =  0.7639498269       5.781988180      0.8454306270    
3 sigma cinetique (1,3) (2,3) (3,3) =  0.4647116416      0.8454306270       5.162638646    
 
1 sigma total (1,1) (2,1) (3,1) =  -87.58455343       12.82595483       1.387049413    
2 sigma total (1,2) (2,2) (3,2) =   12.82595483      -88.00852319       12.32906589    
3 sigma total (1,3) (2,3) (3,3) =   1.387049413       12.32906589      -92.75927782    
 
      1800 0.180E-11*Pression =    -89.451    
 pression totale  potentiel = cinetique =
   -89.451       -95.212        5.7611    
 ----------valeurs moyennes------------
*temperature moyenne =       573.75
*pression moyenne =    -9.2677    
 --------------------------------------
 
 
<<<<<<<<  ITERATION =   1900  time =   0.1900000E-11
 
 
 --------- Temperatures et Pression--------
 ----------valeurs instantanees------------
      1900 0.190E-11*Epot =    -514.0793712670534      eV 
    *energie PAIRE EAM =     27.2343975832      eV 
    *energie GLUE  =    -541.313768850      eV 
      1900 0.190E-11*Ec =     10.3358184150      eV   (624.711 K)
      1900 0.190E-11*Etot =    -503.7435528521008      eV 
 
      1900 0.190E-11*Epot/at =    -4.01624508802      eV 
 
      1900 0.190E-11*Temp instantanee = 624.711
 NPT With Parrinello-Rahman
      1900 0.190E-11*Kcell =     4.30347175901      eV   (11097.931 K)
 Box tensor
 a  1.149896044579844E-007 -5.768331393813120E-009 -4.756565485104193E-009
 b  2.806191338606229E-009  1.141750012061121E-007 -1.218025018595608E-010
 c  5.121294088088449E-009 -2.223743081513588E-009  1.154735717420614E-007
 H0(1)  1.080000000000000E-007  0.000000000000000E+000  0.000000000000000E+000
 H0(2)  0.000000000000000E+000  1.080000000000000E-007  0.000000000000000E+000
 H0(3)  0.000000000000000E+000  0.000000000000000E+000  1.080000000000000E-007
Strain (Lagrange def.):
  e(1:3,1) =   0.682747E-01 -0.151873E-01  0.188943E-02
  e(1:3,2) =  -0.151873E-01  0.604488E-01 -0.104275E-01
  e(1:3,3) =   0.188943E-02 -0.104275E-01  0.725645E-01
Rotation:
  r(1:3,1) =    0.00000     -0.396969E-01 -0.457308E-01
  r(1:3,2) =   0.396969E-01   0.00000      0.973121E-02
  r(1:3,3) =   0.457308E-01 -0.973121E-02   0.00000    
      1900 0.190E-11*l_a,m      11.5232407        11.5008828    
      1900 0.190E-11*l_b,m      11.4209546        11.5567873    
      1900 0.190E-11*l_c,m      11.5608471        11.5400344    
      1900 0.190E-11*ang_bc,m      91.1005    89.8880
      1900 0.190E-11*ang_ca,m      89.7744    89.8862
      1900 0.190E-11*ang_ab,m      91.4601    90.0173
      1900 0.190E-11*volume      1520.69797725        1536.78312398    
 
*temp instantanee des atomes de type 1 =       624.71
 
 * stress en kbar 
1 sigma potentiel (1,1) (2,1) (3,1) =  -22.71283499       21.40169298      -2.521061167    
2 sigma potentiel (1,2) (2,2) (3,2) =   21.40169298      -28.21867709       16.01624958    
3 sigma potentiel (1,3) (2,3) (3,3) =  -2.521061167       16.01624958      -25.86951508    
 
1 sigma cinetique (1,1) (2,1) (3,1) =   7.006527845      0.1454760406      0.3307369741    
2 sigma cinetique (1,2) (2,2) (3,2) =  0.1454760406       7.463789763     -0.5302389776    
3 sigma cinetique (1,3) (2,3) (3,3) =  0.3307369741     -0.5302389776       7.308898567    
 
1 sigma total (1,1) (2,1) (3,1) =  -15.70630714       21.54716902      -2.190324193    
2 sigma total (1,2) (2,2) (3,2) =   21.54716902      -20.75488733       15.48601060    
3 sigma total (1,3) (2,3) (3,3) =  -2.190324193       15.48601060      -18.56061651    
 
      1900 0.190E-11*Pression =    -18.341    
 pression totale  potentiel = cinetique =
   -18.341       -25.600        7.2597    
 ----------valeurs moyennes------------
*temperature moyenne =       576.43
*pression moyenne =    -9.7452    
 --------------------------------------
 
 
<<<<<<<<  ITERATION =   2000  time =   0.2000000E-11
 
 
 --------- Temperatures et Pression--------
 ----------valeurs instantanees------------
      2000 0.200E-11*Epot =    -515.9899332310036      eV 
    *energie PAIRE EAM =     54.2156577765      eV 
    *energie GLUE  =    -570.205591008      eV 
      2000 0.200E-11*Ec =     12.7343244595      eV   (769.680 K)
      2000 0.200E-11*Etot =    -503.2556087714705      eV 
 
      2000 0.200E-11*Epot/at =    -4.03117135337      eV 
 
      2000 0.200E-11*Temp instantanee = 769.680
 NPT With Parrinello-Rahman
      2000 0.200E-11*Kcell =     2.28492459690      eV   (5892.437 K)
 Box tensor
 a  1.127024672195513E-007 -5.544883553911995E-009 -5.090618837319796E-009
 b  3.260996344241674E-009  1.114639743361490E-007  2.056338295818735E-010
 c  5.354295592152942E-009 -2.105143922039569E-009  1.128648324472116E-007
 H0(1)  1.080000000000000E-007  0.000000000000000E+000  0.000000000000000E+000
 H0(2)  0.000000000000000E+000  1.080000000000000E-007  0.000000000000000E+000
 H0(3)  0.000000000000000E+000  0.000000000000000E+000  1.080000000000000E-007
Strain (Lagrange def.):
  e(1:3,1) =   0.461741E-01 -0.116902E-01  0.133989E-02
  e(1:3,2) =  -0.116902E-01  0.340961E-01 -0.799250E-02
  e(1:3,3) =   0.133989E-02 -0.799250E-02  0.471719E-01
Rotation:
  r(1:3,1) =    0.00000     -0.407680E-01 -0.483561E-01
  r(1:3,2) =   0.407680E-01   0.00000      0.106980E-01
  r(1:3,3) =   0.483561E-01 -0.106980E-01   0.00000    
      2000 0.200E-11*l_a,m      11.2953558        11.4906064    
      2000 0.200E-11*l_b,m      11.1511856        11.5365072    
      2000 0.200E-11*l_c,m      11.3011373        11.5280895    
      2000 0.200E-11*ang_bc,m      90.8820    89.9377
      2000 0.200E-11*ang_ca,m      89.8179    89.8828
      2000 0.200E-11*ang_ab,m      91.1445    90.0737
      2000 0.200E-11*volume      1422.99449572        1531.09369256    
 
*temp instantanee des atomes de type 1 =       769.68
 
 * stress en kbar 
1 sigma potentiel (1,1) (2,1) (3,1) =   75.30216910       25.80583451       2.742414350    
2 sigma potentiel (1,2) (2,2) (3,2) =   25.80583451       77.72953121       18.81626664    
3 sigma potentiel (1,3) (2,3) (3,3) =   2.742414350       18.81626664       75.81726539    
 
1 sigma cinetique (1,1) (2,1) (3,1) =   8.776006380     -0.1594720439      0.2789988613    
2 sigma cinetique (1,2) (2,2) (3,2) = -0.1594720439       9.547988764     -0.1957993981    
3 sigma cinetique (1,3) (2,3) (3,3) =  0.2789988613     -0.1957993981       10.35163921    
 
1 sigma total (1,1) (2,1) (3,1) =   84.07817548       25.64636247       3.021413211    
2 sigma total (1,2) (2,2) (3,2) =   25.64636247       87.27751997       18.62046724    
3 sigma total (1,3) (2,3) (3,3) =   3.021413211       18.62046724       86.16890460    
 
      2000 0.200E-11*Pression =     85.842    
 pression totale  potentiel = cinetique =
    85.842        76.283        9.5585    
 ----------valeurs moyennes------------
*temperature moyenne =       586.10
*pression moyenne =    -4.9659    
 --------------------------------------
 
 
<<<<<<<<  ITERATION =   2100  time =   0.2100000E-11
 
 
 --------- Temperatures et Pression--------
 ----------valeurs instantanees------------
      2100 0.210E-11*Epot =    -514.4217670495067      eV 
    *energie PAIRE EAM =     64.1945216908      eV 
    *energie GLUE  =    -578.616288740      eV 
      2100 0.210E-11*Ec =     11.2055873858      eV   (677.281 K)
      2100 0.210E-11*Etot =    -503.2161796637445      eV 
 
      2100 0.210E-11*Epot/at =    -4.01892005507      eV 
 
      2100 0.210E-11*Temp instantanee = 677.281
 NPT With Parrinello-Rahman
      2100 0.210E-11*Kcell =    0.810030266167      eV   (2088.932 K)
 Box tensor
 a  1.121928585832742E-007 -4.884999774971987E-009 -5.488342847884279E-009
 b  4.198167208991183E-009  1.105974990448477E-007  9.056177613072885E-010
 c  5.583639015596582E-009 -1.589503059087549E-009  1.120423115765466E-007
 H0(1)  1.080000000000000E-007  0.000000000000000E+000  0.000000000000000E+000
 H0(2)  0.000000000000000E+000  1.080000000000000E-007  0.000000000000000E+000
 H0(3)  0.000000000000000E+000  0.000000000000000E+000  1.080000000000000E-007
Strain (Lagrange def.):
  e(1:3,1) =   0.416683E-01 -0.397079E-02  0.585257E-03
  e(1:3,2) =  -0.397079E-02  0.254714E-01 -0.219144E-02
  e(1:3,3) =   0.585257E-03 -0.219144E-02  0.394557E-01
Rotation:
  r(1:3,1) =    0.00000     -0.420517E-01 -0.512592E-01
  r(1:3,2) =   0.420517E-01   0.00000      0.115515E-01
  r(1:3,3) =   0.512592E-01 -0.115515E-01   0.00000    
      2100 0.210E-11*l_a,m      11.2433192        11.4788308    
      2100 0.210E-11*l_b,m      11.0680854        11.5142014    
      2100 0.210E-11*l_c,m      11.2192616        11.5133834    
      2100 0.210E-11*ang_bc,m      90.2348    89.9518
      2100 0.210E-11*ang_ca,m      89.9124    89.8842
      2100 0.210E-11*ang_ab,m      90.3418    90.0865
      2100 0.210E-11*volume      1396.10940703        1524.66586944    
 
*temp instantanee des atomes de type 1 =       677.28
 
 * stress en kbar 
1 sigma potentiel (1,1) (2,1) (3,1) =   114.1970322       4.433686029      -1.336278334    
2 sigma potentiel (1,2) (2,2) (3,2) =   4.433686029       117.3913183      0.3739557060    
3 sigma potentiel (1,3) (2,3) (3,3) =  -1.336278334      0.3739557060       116.8996049    
 
1 sigma cinetique (1,1) (2,1) (3,1) =   9.578484287      -1.558053937     -0.2679103499    
2 sigma cinetique (1,2) (2,2) (3,2) =  -1.558053937       9.118399205      0.9986542473    
3 sigma cinetique (1,3) (2,3) (3,3) = -0.2679103499      0.9986542473       7.022201667    
 
1 sigma total (1,1) (2,1) (3,1) =   123.7755165       2.875632091      -1.604188684    
2 sigma total (1,2) (2,2) (3,2) =   2.875632091       126.5097175       1.372609953    
3 sigma total (1,3) (2,3) (3,3) =  -1.604188684       1.372609953       123.9218065    
 
      2100 0.210E-11*Pression =     124.74    
 pression totale  potentiel = cinetique =
    124.74        116.16        8.5730    
 ----------valeurs moyennes------------
*temperature moyenne =       590.44
*pression moyenne =     1.2104    
 --------------------------------------
 
 
<<<<<<<<  ITERATION =   2200  time =   0.2200000E-11
 
 
 --------- Temperatures et Pression--------
 ----------valeurs instantanees------------
      2200 0.220E-11*Epot =    -516.3332809287460      eV 
    *energie PAIRE EAM =     41.7588809273      eV 
    *energie GLUE  =    -558.092161856      eV 
      2200 0.220E-11*Ec =     9.63911597649      eV   (582.601 K)
      2200 0.220E-11*Etot =    -506.6941649522556      eV 
 
      2200 0.220E-11*Epot/at =    -4.03385375726      eV 
 
      2200 0.220E-11*Temp instantanee = 582.601
 NPT With Parrinello-Rahman
      2200 0.220E-11*Kcell =     3.66036168740      eV   (9439.458 K)
 Box tensor
 a  1.139600713825752E-007 -4.209951568433225E-009 -6.003396729695661E-009
 b  5.288353690579044E-009  1.122331159081956E-007  1.744802053731473E-009
 c  5.919394770225973E-009 -9.922722027120322E-010  1.135317386526984E-007
 H0(1)  1.080000000000000E-007  0.000000000000000E+000  0.000000000000000E+000
 H0(2)  0.000000000000000E+000  1.080000000000000E-007  0.000000000000000E+000
 H0(3)  0.000000000000000E+000  0.000000000000000E+000  1.080000000000000E-007
Strain (Lagrange def.):
  e(1:3,1) =   0.594095E-01  0.462484E-02 -0.123509E-03
  e(1:3,2) =   0.462484E-02  0.407656E-01  0.464867E-02
  e(1:3,3) =  -0.123509E-03  0.464867E-02  0.542070E-01
Rotation:
  r(1:3,1) =    0.00000     -0.439736E-01 -0.551981E-01
  r(1:3,2) =   0.439736E-01   0.00000      0.126716E-01
  r(1:3,3) =   0.551981E-01 -0.126716E-01   0.00000    
      2200 0.220E-11*l_a,m      11.4195719        11.4761373    
      2200 0.220E-11*l_b,m      11.2371185        11.5016067    
      2200 0.220E-11*l_c,m      11.3690279        11.5068218    
      2200 0.220E-11*ang_bc,m      89.4707    89.9300
      2200 0.220E-11*ang_ca,m      90.0125    89.8900
      2200 0.220E-11*ang_ab,m      89.4656    90.0582
      2200 0.220E-11*volume      1458.78292825        1521.67119030    
 
*temp instantanee des atomes de type 1 =       582.60
 
 * stress en kbar 
1 sigma potentiel (1,1) (2,1) (3,1) =   21.93238921      -14.16967219       1.585456742    
2 sigma potentiel (1,2) (2,2) (3,2) =  -14.16967219       34.04826910      -14.05324546    
3 sigma potentiel (1,3) (2,3) (3,3) =   1.585456742      -14.05324546       29.44179983    
 
1 sigma cinetique (1,1) (2,1) (3,1) =   7.544912522     -0.1138015565      0.3526489642E-02
2 sigma cinetique (1,2) (2,2) (3,2) = -0.1138015565       6.535101343     -0.9069363498    
3 sigma cinetique (1,3) (2,3) (3,3) =  0.3526489642E-02 -0.9069363498       7.093204500    
 
1 sigma total (1,1) (2,1) (3,1) =   29.47730174      -14.28347374       1.588983232    
2 sigma total (1,2) (2,2) (3,2) =  -14.28347374       40.58337044      -14.96018181    
3 sigma total (1,3) (2,3) (3,3) =   1.588983232      -14.96018181       36.53500433    
 
      2200 0.220E-11*Pression =     35.532    
 pression totale  potentiel = cinetique =
    35.532        28.474        7.0577    
 ----------valeurs moyennes------------
*temperature moyenne =       590.08
*pression moyenne =     2.7705    
 --------------------------------------
 
 
<<<<<<<<  ITERATION =   2300  time =   0.2300000E-11
 
 
 --------- Temperatures et Pression--------
 ----------valeurs instantanees------------
      2300 0.230E-11*Epot =    -514.5546933358524      eV 
    *energie PAIRE EAM =     16.9807808838      eV 
    *energie GLUE  =    -531.535474220      eV 
      2300 0.230E-11*Ec =     8.75179453986      eV   (528.970 K)
      2300 0.230E-11*Etot =    -505.8028987959910      eV 
 
      2300 0.230E-11*Epot/at =    -4.01995854169      eV 
 
      2300 0.230E-11*Temp instantanee = 528.970
 NPT With Parrinello-Rahman
      2300 0.230E-11*Kcell =     2.51248058238      eV   (6479.265 K)
 Box tensor
 a  1.164681437092542E-007 -3.692408561143502E-009 -6.554237337684049E-009
 b  6.075211840151619E-009  1.146428074422790E-007  2.188127449187159E-009
 c  6.375749967305981E-009 -6.851842839927789E-010  1.157010270121892E-007
 H0(1)  1.080000000000000E-007  0.000000000000000E+000  0.000000000000000E+000
 H0(2)  0.000000000000000E+000  1.080000000000000E-007  0.000000000000000E+000
 H0(3)  0.000000000000000E+000  0.000000000000000E+000  1.080000000000000E-007
Strain (Lagrange def.):
  e(1:3,1) =   0.848074E-01  0.112338E-01 -0.530937E-03
  e(1:3,2) =   0.112338E-01  0.640036E-01  0.839238E-02
  e(1:3,3) =  -0.530937E-03  0.839238E-02  0.758948E-01
Rotation:
  r(1:3,1) =    0.00000     -0.452205E-01 -0.598611E-01
  r(1:3,2) =   0.452205E-01   0.00000      0.133024E-01
  r(1:3,3) =   0.598611E-01 -0.133024E-01   0.00000    
      2300 0.230E-11*l_a,m      11.6710841        11.4846132    
      2300 0.230E-11*l_b,m      11.4824516        11.5007739    
      2300 0.230E-11*l_c,m      11.5878589        11.5103452    
      2300 0.230E-11*ang_bc,m      89.0812    89.8931
      2300 0.230E-11*ang_ca,m      90.0561    89.8972
      2300 0.230E-11*ang_ab,m      88.8459    90.0055
      2300 0.230E-11*volume      1552.40382532        1523.00739182    
 
*temp instantanee des atomes de type 1 =       528.97
 
 * stress en kbar 
1 sigma potentiel (1,1) (2,1) (3,1) =  -61.69170978      -15.97522519       4.654562934    
2 sigma potentiel (1,2) (2,2) (3,2) =  -15.97522519      -52.11283496      -11.72611210    
3 sigma potentiel (1,3) (2,3) (3,3) =   4.654562934      -11.72611210      -59.73027586    
 
1 sigma cinetique (1,1) (2,1) (3,1) =   6.140626245      0.5358809548     -0.3030138571    
2 sigma cinetique (1,2) (2,2) (3,2) =  0.5358809548       5.753574974      0.2799665445    
3 sigma cinetique (1,3) (2,3) (3,3) = -0.3030138571      0.2799665445       6.170581918    
 
1 sigma total (1,1) (2,1) (3,1) =  -55.55108354      -15.43934423       4.351549077    
2 sigma total (1,2) (2,2) (3,2) =  -15.43934423      -46.35925999      -11.44614556    
3 sigma total (1,3) (2,3) (3,3) =   4.351549077      -11.44614556      -53.55969394    
 
      2300 0.230E-11*Pression =    -51.823    
 pression totale  potentiel = cinetique =
   -51.823       -57.845        6.0216    
 ----------valeurs moyennes------------
*temperature moyenne =       587.43
*pression moyenne =    0.39681    
 --------------------------------------
 
 
<<<<<<<<  ITERATION =   2400  time =   0.2400000E-11
 
 
 --------- Temperatures et Pression--------
 ----------valeurs instantanees------------
      2400 0.240E-11*Epot =    -511.2831966581736      eV 
    *energie PAIRE EAM =     8.03478251990      eV 
    *energie GLUE  =    -519.317979178      eV 
      2400 0.240E-11*Ec =     9.60130959113      eV   (580.316 K)
      2400 0.240E-11*Etot =    -501.6818870670434      eV 
 
      2400 0.240E-11*Epot/at =    -3.99439997389      eV 
 
      2400 0.240E-11*Temp instantanee = 580.316
 NPT With Parrinello-Rahman
      2400 0.240E-11*Kcell =    0.731835733452E-01  eV   (188.728 K)
 Box tensor
 a  1.177992815678517E-007 -3.482698074810309E-009 -6.907022938903413E-009
 b  6.342960356513019E-009  1.159435544109026E-007  2.246083974899699E-009
 c  6.732305375102063E-009 -5.559019894595513E-010  1.166134743908016E-007
 H0(1)  1.080000000000000E-007  0.000000000000000E+000  0.000000000000000E+000
 H0(2)  0.000000000000000E+000  1.080000000000000E-007  0.000000000000000E+000
 H0(3)  0.000000000000000E+000  0.000000000000000E+000  1.080000000000000E-007
Strain (Lagrange def.):
  e(1:3,1) =   0.985180E-01  0.137784E-01 -0.613769E-03
  e(1:3,2) =   0.137784E-01  0.767895E-01  0.941565E-02
  e(1:3,3) =  -0.613769E-03  0.941565E-02  0.851961E-01
Rotation:
  r(1:3,1) =    0.00000     -0.454892E-01 -0.631450E-01
  r(1:3,2) =   0.454892E-01   0.00000      0.129722E-01
  r(1:3,3) =   0.631450E-01 -0.129722E-01   0.00000    
      2400 0.240E-11*l_a,m      11.8052983        11.4979751    
      2400 0.240E-11*l_b,m      11.6138649        11.5054860    
      2400 0.240E-11*l_c,m      11.6808970        11.5174515    
      2400 0.240E-11*ang_bc,m      88.9856    89.8552
      2400 0.240E-11*ang_ca,m      90.0434    89.9033
      2400 0.240E-11*ang_ab,m      88.6296    89.9482
      2400 0.240E-11*volume      1600.80093097        1526.24878929    
 
*temp instantanee des atomes de type 1 =       580.32
 
 * stress en kbar 
1 sigma potentiel (1,1) (2,1) (3,1) =  -96.95707362      -18.58840487       2.554505796    
2 sigma potentiel (1,2) (2,2) (3,2) =  -18.58840487      -86.08411881      -13.47681419    
3 sigma potentiel (1,3) (2,3) (3,3) =   2.554505796      -13.47681419      -90.11959250    
 
1 sigma cinetique (1,1) (2,1) (3,1) =   6.667152453       1.003306992     -0.4153916304    
2 sigma cinetique (1,2) (2,2) (3,2) =   1.003306992       5.168692886     -0.3093736751    
3 sigma cinetique (1,3) (2,3) (3,3) = -0.4153916304     -0.3093736751       7.383274222    
 
1 sigma total (1,1) (2,1) (3,1) =  -90.28992117      -17.58509788       2.139114166    
2 sigma total (1,2) (2,2) (3,2) =  -17.58509788      -80.91542593      -13.78618787    
3 sigma total (1,3) (2,3) (3,3) =   2.139114166      -13.78618787      -82.73631827    
 
      2400 0.240E-11*Pression =    -84.647    
 pression totale  potentiel = cinetique =
   -84.647       -91.054        6.4064    
 ----------valeurs moyennes------------
*temperature moyenne =       587.13
*pression moyenne =    -3.1467    
 --------------------------------------
 
 
<<<<<<<<  ITERATION =   2500  time =   0.2500000E-11
 
 
 --------- Temperatures et Pression--------
 ----------valeurs instantanees------------
      2500 0.250E-11*Epot =    -512.2869339799881      eV 
    *energie PAIRE EAM =     14.1327559755      eV 
    *energie GLUE  =    -526.419689955      eV 
      2500 0.250E-11*Ec =     8.95280093201      eV   (541.120 K)
      2500 0.250E-11*Etot =    -503.3341330479739      eV 
 
      2500 0.250E-11*Epot/at =    -4.00224167172      eV 
 
      2500 0.250E-11*Temp instantanee = 541.120
 NPT With Parrinello-Rahman
      2500 0.250E-11*Kcell =     1.30110214861      eV   (3355.324 K)
 Box tensor
 a  1.172474659605576E-007 -3.560148808628244E-009 -6.969639576911705E-009
 b  6.154854899893749E-009  1.154586341369709E-007  2.159772465255801E-009
 c  6.848589137364700E-009 -7.246832158965983E-010  1.155991150631351E-007
 H0(1)  1.080000000000000E-007  0.000000000000000E+000  0.000000000000000E+000
 H0(2)  0.000000000000000E+000  1.080000000000000E-007  0.000000000000000E+000
 H0(3)  0.000000000000000E+000  0.000000000000000E+000  1.080000000000000E-007
Strain (Lagrange def.):
  e(1:3,1) =   0.929250E-01  0.123564E-01 -0.522490E-03
  e(1:3,2) =   0.123564E-01  0.720120E-01  0.816206E-02
  e(1:3,3) =  -0.522490E-03  0.816206E-02  0.751199E-01
Rotation:
  r(1:3,1) =    0.00000     -0.449769E-01 -0.639733E-01
  r(1:3,2) =   0.449769E-01   0.00000      0.133540E-01
  r(1:3,3) =   0.639733E-01 -0.133540E-01   0.00000    
      2500 0.250E-11*l_a,m      11.7508378        11.5080896    
      2500 0.250E-11*l_b,m      11.5642739        11.5078375    
      2500 0.250E-11*l_c,m      11.5804075        11.5199697    
      2500 0.250E-11*ang_bc,m      89.1094    89.8254
      2500 0.250E-11*ang_ca,m      90.0005    89.9072
      2500 0.250E-11*ang_ab,m      88.7538    89.9004
      2500 0.250E-11*volume      1573.09813395        1528.12276307    
 
*temp instantanee des atomes de type 1 =       541.12
 
 * stress en kbar 
1 sigma potentiel (1,1) (2,1) (3,1) =  -75.67237413      -19.10423462       3.840080378    
2 sigma potentiel (1,2) (2,2) (3,2) =  -19.10423462      -62.88737614      -9.615840586    
3 sigma potentiel (1,3) (2,3) (3,3) =   3.840080378      -9.615840586      -69.70782776    
 
1 sigma cinetique (1,1) (2,1) (3,1) =   5.206863238      0.1440977023      0.5105165476    
2 sigma cinetique (1,2) (2,2) (3,2) =  0.1440977023       6.664035822     -0.5251001747    
3 sigma cinetique (1,3) (2,3) (3,3) =  0.5105165476     -0.5251001747       6.365683418    
 
1 sigma total (1,1) (2,1) (3,1) =  -70.46551089      -18.96013692       4.350596926    
2 sigma total (1,2) (2,2) (3,2) =  -18.96013692      -56.22334032      -10.14094076    
3 sigma total (1,3) (2,3) (3,3) =   4.350596926      -10.14094076      -63.34214434    
 
      2500 0.250E-11*Pression =    -63.344    
 pression totale  potentiel = cinetique =
   -63.344       -69.423        6.0789    
 ----------valeurs moyennes------------
*temperature moyenne =       585.29
*pression moyenne =    -5.5546    
 --------------------------------------
 
 
<<<<<<<<  ITERATION =   2600  time =   0.2600000E-11
 
 
 --------- Temperatures et Pression--------
 ----------valeurs instantanees------------
      2600 0.260E-11*Epot =    -515.5446886227713      eV 
    *energie PAIRE EAM =     33.5803967075      eV 
    *energie GLUE  =    -549.125085330      eV 
      2600 0.260E-11*Ec =     9.89637004456      eV   (598.150 K)
      2600 0.260E-11*Etot =    -505.6483185782115      eV 
 
      2600 0.260E-11*Epot/at =    -4.02769287987      eV 
 
      2600 0.260E-11*Temp instantanee = 598.150
 NPT With Parrinello-Rahman
      2600 0.260E-11*Kcell =     2.97428314984      eV   (7670.176 K)
 Box tensor
 a  1.152289654482374E-007 -3.918845458088406E-009 -6.810567039717791E-009
 b  5.590536118082150E-009  1.138123324694757E-007  1.935812575536799E-009
 c  6.814326207979857E-009 -1.162419390038748E-009  1.133631717440704E-007
 H0(1)  1.080000000000000E-007  0.000000000000000E+000  0.000000000000000E+000
 H0(2)  0.000000000000000E+000  1.080000000000000E-007  0.000000000000000E+000
 H0(3)  0.000000000000000E+000  0.000000000000000E+000  1.080000000000000E-007
Strain (Lagrange def.):
  e(1:3,1) =   0.725053E-01  0.757829E-02 -0.625314E-04
  e(1:3,2) =   0.757829E-02  0.559823E-01  0.493970E-02
  e(1:3,3) =  -0.625314E-04  0.493970E-02  0.530410E-01
Rotation:
  r(1:3,1) =    0.00000     -0.440249E-01 -0.630782E-01
  r(1:3,2) =   0.440249E-01   0.00000      0.143437E-01
  r(1:3,3) =   0.630782E-01 -0.143437E-01   0.00000    
      2600 0.260E-11*l_a,m      11.5496561        11.5096883    
      2600 0.260E-11*l_b,m      11.3965997        11.5035591    
      2600 0.260E-11*l_c,m      11.3573742        11.5137161    
      2600 0.260E-11*ang_bc,m      89.4456    89.8108
      2600 0.260E-11*ang_ca,m      89.9227    89.9078
      2600 0.260E-11*ang_ab,m      89.1947    89.8733
      2600 0.260E-11*volume      1494.71617693        1526.83789437    
 
*temp instantanee des atomes de type 1 =       598.15
 
 * stress en kbar 
1 sigma potentiel (1,1) (2,1) (3,1) =  -12.84915038      -12.65489833      0.4974275380    
2 sigma potentiel (1,2) (2,2) (3,2) =  -12.65489833      0.2302972349      -8.236649382    
3 sigma potentiel (1,3) (2,3) (3,3) =  0.4974275380      -8.236649382      0.6104038919    
 
1 sigma cinetique (1,1) (2,1) (3,1) =   7.166643941      0.3045474280     -0.7774206221    
2 sigma cinetique (1,2) (2,2) (3,2) =  0.3045474280       6.702420000      0.2405468981    
3 sigma cinetique (1,3) (2,3) (3,3) = -0.7774206221      0.2405468981       7.346644299    
 
1 sigma total (1,1) (2,1) (3,1) =  -5.682506434      -12.35035090     -0.2799930841    
2 sigma total (1,2) (2,2) (3,2) =  -12.35035090       6.932717235      -7.996102484    
3 sigma total (1,3) (2,3) (3,3) = -0.2799930841      -7.996102484       7.957048191    
 
      2600 0.260E-11*Pression =     3.0691    
 pression totale  potentiel = cinetique =
    3.0691       -4.0028        7.0719    
 ----------valeurs moyennes------------
*temperature moyenne =       585.78
*pression moyenne =    -5.2229    
 --------------------------------------
 
 
<<<<<<<<  ITERATION =   2700  time =   0.2700000E-11
 
 
 --------- Temperatures et Pression--------
 ----------valeurs instantanees------------
      2700 0.270E-11*Epot =    -517.8022369764959      eV 
    *energie PAIRE EAM =     51.2005926788      eV 
    *energie GLUE  =    -569.002829655      eV 
      2700 0.270E-11*Ec =     9.85314271867      eV   (595.537 K)
      2700 0.270E-11*Etot =    -507.9490942578292      eV 
 
      2700 0.270E-11*Epot/at =    -4.04532997638      eV 
 
      2700 0.270E-11*Temp instantanee = 595.537
 NPT With Parrinello-Rahman
      2700 0.270E-11*Kcell =     1.25629750093      eV   (3239.780 K)
 Box tensor
 a  1.131783657925075E-007 -4.551367211754467E-009 -6.672860615783874E-009
 b  4.897581414440893E-009  1.122671004279705E-007  1.568492646980105E-009
 c  6.691564169415895E-009 -1.765519391189500E-009  1.112595623365843E-007
 H0(1)  1.080000000000000E-007  0.000000000000000E+000  0.000000000000000E+000
 H0(2)  0.000000000000000E+000  1.080000000000000E-007  0.000000000000000E+000
 H0(3)  0.000000000000000E+000  0.000000000000000E+000  1.080000000000000E-007
Strain (Lagrange def.):
  e(1:3,1) =   0.520450E-01  0.981948E-03 -0.130364E-03
  e(1:3,2) =   0.981948E-03  0.413123E-01  0.429949E-03
  e(1:3,3) =  -0.130364E-03  0.429949E-03  0.326508E-01
Rotation:
  r(1:3,1) =    0.00000     -0.437451E-01 -0.618723E-01
  r(1:3,2) =   0.437451E-01   0.00000      0.154352E-01
  r(1:3,3) =   0.618723E-01 -0.154352E-01   0.00000    
      2700 0.270E-11*l_a,m      11.3466226        11.5036488    
      2700 0.270E-11*l_b,m      11.2384822        11.4937415    
      2700 0.270E-11*l_c,m      11.1474590        11.5001510    
      2700 0.270E-11*ang_bc,m      89.9585    89.8163
      2700 0.270E-11*ang_ca,m      89.8960    89.9074
      2700 0.270E-11*ang_ab,m      89.8523    89.8725
      2700 0.270E-11*volume      1421.50335738        1522.93661523    
 
*temp instantanee des atomes de type 1 =       595.54
 
 * stress en kbar 
1 sigma potentiel (1,1) (2,1) (3,1) =   64.43881724     -0.1786701168      -6.048945316    
2 sigma potentiel (1,2) (2,2) (3,2) = -0.1786701168       74.46433269      -1.103751635    
3 sigma potentiel (1,3) (2,3) (3,3) =  -6.048945316      -1.103751635       74.94494250    
 
1 sigma cinetique (1,1) (2,1) (3,1) =   8.954188625     -0.6790783241E-01 -0.6342404523    
2 sigma cinetique (1,2) (2,2) (3,2) = -0.6790783241E-01   6.947192121       1.372569076    
3 sigma cinetique (1,3) (2,3) (3,3) = -0.6342404523       1.372569076       6.309573974    
 
1 sigma total (1,1) (2,1) (3,1) =   73.39300586     -0.2465779492      -6.683185769    
2 sigma total (1,2) (2,2) (3,2) = -0.2465779492       81.41152481      0.2688174406    
3 sigma total (1,3) (2,3) (3,3) =  -6.683185769      0.2688174406       81.25451647    
 
      2700 0.270E-11*Pression =     78.686    
 pression totale  potentiel = cinetique =
    78.686        71.283        7.4037    
 ----------valeurs moyennes------------
*temperature moyenne =       586.14
*pression moyenne =    -2.1151    
 --------------------------------------
 
 
<<<<<<<<  ITERATION =   2800  time =   0.2800000E-11
 
 
 --------- Temperatures et Pression--------
 ----------valeurs instantanees------------
      2800 0.280E-11*Epot =    -517.1027718759012      eV 
    *energie PAIRE EAM =     56.1411564371      eV 
    *energie GLUE  =    -573.243928313      eV 
      2800 0.280E-11*Ec =     9.34757047208      eV   (564.980 K)
      2800 0.280E-11*Etot =    -507.7552014038162      eV 
 
      2800 0.280E-11*Epot/at =    -4.03986540528      eV 
 
      2800 0.280E-11*Temp instantanee = 564.980
 NPT With Parrinello-Rahman
      2800 0.280E-11*Kcell =    0.619254588629      eV   (1596.954 K)
 Box tensor
 a  1.125867341773730E-007 -5.174474373549132E-009 -6.708089992040824E-009
 b  4.352291209046759E-009  1.124756743829824E-007  1.199395063306026E-009
 c  6.559888954593230E-009 -2.336993681233758E-009  1.109467207228165E-007
 H0(1)  1.080000000000000E-007  0.000000000000000E+000  0.000000000000000E+000
 H0(2)  0.000000000000000E+000  1.080000000000000E-007  0.000000000000000E+000
 H0(3)  0.000000000000000E+000  0.000000000000000E+000  1.080000000000000E-007
Strain (Lagrange def.):
  e(1:3,1) =   0.460283E-01 -0.464595E-02 -0.952660E-03
  e(1:3,2) =  -0.464595E-02  0.436820E-01 -0.384380E-02
  e(1:3,3) =  -0.952660E-03 -0.384380E-02  0.296473E-01
Rotation:
  r(1:3,1) =    0.00000     -0.441054E-01 -0.614258E-01
  r(1:3,2) =   0.441054E-01   0.00000      0.163722E-01
  r(1:3,3) =   0.614258E-01 -0.163722E-01   0.00000    
      2800 0.280E-11*l_a,m      11.2905033        11.4960365    
      2800 0.280E-11*l_b,m      11.2566240        11.4852730    
      2800 0.280E-11*l_c,m      11.1165051        11.4864494    
      2800 0.280E-11*ang_bc,m      90.4635    89.8394
      2800 0.280E-11*ang_ca,m      89.9707    89.9096
      2800 0.280E-11*ang_ab,m      90.4510    89.8932
      2800 0.280E-11*volume      1412.73927594        1519.00099597    
 
*temp instantanee des atomes de type 1 =       564.98
 
 * stress en kbar 
1 sigma potentiel (1,1) (2,1) (3,1) =   87.45105203       14.79545162     -0.1858038976    
2 sigma potentiel (1,2) (2,2) (3,2) =   14.79545162       87.19874105       15.66399959    
3 sigma potentiel (1,3) (2,3) (3,3) = -0.1858038976       15.66399959       90.04998216    
 
1 sigma cinetique (1,1) (2,1) (3,1) =   6.575870714      0.2058666485      0.2945702700    
2 sigma cinetique (1,2) (2,2) (3,2) =  0.2058666485       6.094747904      0.1721433692    
3 sigma cinetique (1,3) (2,3) (3,3) =  0.2945702700      0.1721433692       8.531393180    
 
1 sigma total (1,1) (2,1) (3,1) =   94.02692274       15.00131827      0.1087663723    
2 sigma total (1,2) (2,2) (3,2) =   15.00131827       93.29348895       15.83614296    
3 sigma total (1,3) (2,3) (3,3) =  0.1087663723       15.83614296       98.58137534    
 
      2800 0.280E-11*Pression =     95.301    
 pression totale  potentiel = cinetique =
    95.301        88.233        7.0673    
 ----------valeurs moyennes------------
*temperature moyenne =       585.39
*pression moyenne =     1.3640    
 --------------------------------------
 
 
<<<<<<<<  ITERATION =   2900  time =   0.2900000E-11
 
 
 --------- Temperatures et Pression--------
 ----------valeurs instantanees------------
      2900 0.290E-11*Epot =    -517.5420825854874      eV 
    *energie PAIRE EAM =     36.6741196175      eV 
    *energie GLUE  =    -554.216202203      eV 
      2900 0.290E-11*Ec =     8.68870641217      eV   (525.157 K)
      2900 0.290E-11*Etot =    -508.8533761733217      eV 
 
      2900 0.290E-11*Epot/at =    -4.04329752020      eV 
 
      2900 0.290E-11*Temp instantanee = 525.157
 NPT With Parrinello-Rahman
      2900 0.290E-11*Kcell =     2.36110497333      eV   (6088.893 K)
 Box tensor
 a  1.136191819817135E-007 -5.691154973937800E-009 -6.785048291364954E-009
 b  4.114316671339890E-009  1.144516332700022E-007  1.080537830233774E-009
 c  6.697650698487507E-009 -2.694246593850154E-009  1.124872182210192E-007
 H0(1)  1.080000000000000E-007  0.000000000000000E+000  0.000000000000000E+000
 H0(2)  0.000000000000000E+000  1.080000000000000E-007  0.000000000000000E+000
 H0(3)  0.000000000000000E+000  0.000000000000000E+000  1.080000000000000E-007
Strain (Lagrange def.):
  e(1:3,1) =   0.560316E-01 -0.830672E-02 -0.560094E-03
  e(1:3,2) =  -0.830672E-02  0.632212E-01 -0.603499E-02
  e(1:3,3) =  -0.560094E-03 -0.603499E-02  0.444350E-01
Rotation:
  r(1:3,1) =    0.00000     -0.453957E-01 -0.624199E-01
  r(1:3,2) =   0.453957E-01   0.00000      0.174759E-01
  r(1:3,3) =   0.624199E-01 -0.174759E-01   0.00000    
      2900 0.290E-11*l_a,m      11.3963787        11.4926000    
      2900 0.290E-11*l_b,m      11.4530658        11.4841624    
      2900 0.290E-11*l_c,m      11.2718640        11.4790499    
      2900 0.290E-11*ang_bc,m      90.7068    89.8693
      2900 0.290E-11*ang_ca,m      89.9416    89.9107
      2900 0.290E-11*ang_ab,m      90.8395    89.9258
      2900 0.290E-11*volume      1470.97247975        1517.34484023    
 
*temp instantanee des atomes de type 1 =       525.16
 
 * stress en kbar 
1 sigma potentiel (1,1) (2,1) (3,1) =   12.94432958       17.68325413       4.011432234    
2 sigma potentiel (1,2) (2,2) (3,2) =   17.68325413       7.853856200       11.94097310    
3 sigma potentiel (1,3) (2,3) (3,3) =   4.011432234       11.94097310       13.66162100    
 
1 sigma cinetique (1,1) (2,1) (3,1) =   6.490705160     -0.3239002215      0.3616482743    
2 sigma cinetique (1,2) (2,2) (3,2) = -0.3239002215       6.888308328      0.3823947249    
3 sigma cinetique (1,3) (2,3) (3,3) =  0.3616482743      0.3823947249       5.548384679    
 
1 sigma total (1,1) (2,1) (3,1) =   19.43503474       17.35935391       4.373080508    
2 sigma total (1,2) (2,2) (3,2) =   17.35935391       14.74216453       12.32336782    
3 sigma total (1,3) (2,3) (3,3) =   4.373080508       12.32336782       19.21000568    
 
      2900 0.290E-11*Pression =     17.796    
 pression totale  potentiel = cinetique =
    17.796        11.487        6.3091    
 ----------valeurs moyennes------------
*temperature moyenne =       583.31
*pression moyenne =     1.9306    
 --------------------------------------
 
 
<<<<<<<<  ITERATION =   3000  time =   0.3000000E-11
 
 
 --------- Temperatures et Pression--------
 ----------valeurs instantanees------------
      3000 0.300E-11*Epot =    -516.3217176924736      eV 
    *energie PAIRE EAM =     18.5528109002      eV 
    *energie GLUE  =    -534.874528593      eV 
      3000 0.300E-11*Ec =     9.37731757672      eV   (566.778 K)
      3000 0.300E-11*Etot =    -506.9444001157503      eV 
 
      3000 0.300E-11*Epot/at =    -4.03376341947      eV 
 
      3000 0.300E-11*Temp instantanee = 566.778
 NPT With Parrinello-Rahman
      3000 0.300E-11*Kcell =     1.00420413886      eV   (2589.674 K)
 Box tensor
 a  1.149056081615791E-007 -5.923274100710157E-009 -6.853609657254121E-009
 b  4.139293123624655E-009  1.166407845032169E-007  1.182063224977993E-009
 c  6.867793578481094E-009 -2.768758376819394E-009  1.143897714767185E-007
 H0(1)  1.080000000000000E-007  0.000000000000000E+000  0.000000000000000E+000
 H0(2)  0.000000000000000E+000  1.080000000000000E-007  0.000000000000000E+000
 H0(3)  0.000000000000000E+000  0.000000000000000E+000  1.080000000000000E-007
Strain (Lagrange def.):
  e(1:3,1) =   0.687414E-01 -0.929451E-02  0.127746E-03
  e(1:3,2) =  -0.929451E-02  0.850405E-01 -0.592614E-02
  e(1:3,3) =   0.127746E-03 -0.592614E-02  0.629882E-01
Rotation:
  r(1:3,1) =    0.00000     -0.465860E-01 -0.635250E-01
  r(1:3,2) =   0.465860E-01   0.00000      0.182908E-01
  r(1:3,3) =   0.635250E-01 -0.182908E-01   0.00000    
      3000 0.300E-11*l_a,m      11.5262118        11.4937204    
      3000 0.300E-11*l_b,m      11.6720194        11.4904243    
      3000 0.300E-11*l_c,m      11.4629195        11.4785122    
      3000 0.300E-11*ang_bc,m      90.6822    89.8964
      3000 0.300E-11*ang_ca,m      89.9065    89.9106
      3000 0.300E-11*ang_ab,m      90.9513    89.9600
      3000 0.300E-11*volume      1541.83087723        1518.16104147    
 
*temp instantanee des atomes de type 1 =       566.78
 
 * stress en kbar 
1 sigma potentiel (1,1) (2,1) (3,1) =  -52.91318862       18.72994638       2.340344211    
2 sigma potentiel (1,2) (2,2) (3,2) =   18.72994638      -62.70458268       8.683126962    
3 sigma potentiel (1,3) (2,3) (3,3) =   2.340344211       8.683126962      -47.83551463    
 
1 sigma cinetique (1,1) (2,1) (3,1) =   6.164955999     -0.1885123679     -0.5486469709    
2 sigma cinetique (1,2) (2,2) (3,2) = -0.1885123679       7.578294540      0.2113836056E-01
3 sigma cinetique (1,3) (2,3) (3,3) = -0.5486469709      0.2113836056E-01   5.745420665    
 
1 sigma total (1,1) (2,1) (3,1) =  -46.74823262       18.54143401       1.791697241    
2 sigma total (1,2) (2,2) (3,2) =   18.54143401      -55.12628814       8.704265323    
3 sigma total (1,3) (2,3) (3,3) =   1.791697241       8.704265323      -42.09009397    
 
      3000 0.300E-11*Pression =    -47.988    
 pression totale  potentiel = cinetique =
   -47.988       -54.484        6.4962    
 ----------valeurs moyennes------------
*temperature moyenne =       582.76
*pression moyenne =    0.26664    
 --------------------------------------
 
 
<<<<<<<<  ITERATION =   3100  time =   0.3100000E-11
 
 
 --------- Temperatures et Pression--------
 ----------valeurs instantanees------------
      3100 0.310E-11*Epot =    -513.9589079660714      eV 
    *energie PAIRE EAM =     14.5559894570      eV 
    *energie GLUE  =    -528.514897423      eV 
      3100 0.310E-11*Ec =     8.51854915120      eV   (514.873 K)
      3100 0.310E-11*Etot =    -505.4403588148709      eV 
 
      3100 0.310E-11*Epot/at =    -4.01530396848      eV 
 
      3100 0.310E-11*Temp instantanee = 514.873
 NPT With Parrinello-Rahman
      3100 0.310E-11*Kcell =    0.135300406366      eV   (348.917 K)
 Box tensor
 a  1.151347029715257E-007 -5.827237999365627E-009 -6.940489606869793E-009
 b  4.296600735440096E-009  1.173998999776539E-007  1.283527744965472E-009
 c  7.020657936245713E-009 -2.447467392004310E-009  1.151488720504274E-007
 H0(1)  1.080000000000000E-007  0.000000000000000E+000  0.000000000000000E+000
 H0(2)  0.000000000000000E+000  1.080000000000000E-007  0.000000000000000E+000
 H0(3)  0.000000000000000E+000  0.000000000000000E+000  1.080000000000000E-007
Strain (Lagrange def.):
  e(1:3,1) =   0.711484E-01 -0.787378E-02  0.636336E-03
  e(1:3,2) =  -0.787378E-02  0.925362E-01 -0.388774E-02
  e(1:3,3) =   0.636336E-03 -0.388774E-02  0.705196E-01
Rotation:
  r(1:3,1) =    0.00000     -0.468696E-01 -0.646349E-01
  r(1:3,2) =   0.468696E-01   0.00000      0.172731E-01
  r(1:3,3) =   0.646349E-01 -0.172731E-01   0.00000    
      3100 0.310E-11*l_a,m      11.5490809        11.4955062    
      3100 0.310E-11*l_b,m      11.7485509        11.4987510    
      3100 0.310E-11*l_c,m      11.5388658        11.4804591    
      3100 0.310E-11*ang_bc,m      90.4623    89.9147
      3100 0.310E-11*ang_ca,m      89.8994    89.9102
      3100 0.310E-11*ang_ab,m      90.8376    89.9883
      3100 0.310E-11*volume      1565.43027258        1519.68585537    
 
*temp instantanee des atomes de type 1 =       514.87
 
 * stress en kbar 
1 sigma potentiel (1,1) (2,1) (3,1) =  -66.92733276       14.01427938      0.7635920145    
2 sigma potentiel (1,2) (2,2) (3,2) =   14.01427938      -76.57549947       6.232658630    
3 sigma potentiel (1,3) (2,3) (3,3) =  0.7635920145       6.232658630      -69.43003495    
 
1 sigma cinetique (1,1) (2,1) (3,1) =   6.130014198      0.9519030138E-02 -0.9225251889E-01
2 sigma cinetique (1,2) (2,2) (3,2) =  0.9519030138E-02   5.238570675     -0.9119150706E-01
3 sigma cinetique (1,3) (2,3) (3,3) = -0.9225251889E-01 -0.9119150706E-01   6.068434443    
 
1 sigma total (1,1) (2,1) (3,1) =  -60.79731857       14.02379841      0.6713394956    
2 sigma total (1,2) (2,2) (3,2) =   14.02379841      -71.33692880       6.141467123    
3 sigma total (1,3) (2,3) (3,3) =  0.6713394956       6.141467123      -63.36160051    
 
      3100 0.310E-11*Pression =    -65.165    
 pression totale  potentiel = cinetique =
   -65.165       -70.978        5.8123    
 ----------valeurs moyennes------------
*temperature moyenne =       580.57
*pression moyenne =    -1.8441    
 --------------------------------------
 
 
<<<<<<<<  ITERATION =   3200  time =   0.3200000E-11
 
 
 --------- Temperatures et Pression--------
 ----------valeurs instantanees------------
      3200 0.320E-11*Epot =    -516.4646711601443      eV 
    *energie PAIRE EAM =     20.6482101507      eV 
    *energie GLUE  =    -537.112881311      eV 
      3200 0.320E-11*Ec =     9.49480353531      eV   (573.879 K)
      3200 0.320E-11*Etot =    -506.9698676248329      eV 
 
      3200 0.320E-11*Epot/at =    -4.03488024344      eV 
 
      3200 0.320E-11*Temp instantanee = 573.879
 NPT With Parrinello-Rahman
      3200 0.320E-11*Kcell =     1.39277859984      eV   (3591.742 K)
 Box tensor
 a  1.140873981669116E-007 -5.393838803249892E-009 -7.020946115891621E-009
 b  4.615207638488376E-009  1.163561088413244E-007  1.318811823510844E-009
 c  7.104782708145381E-009 -1.822705669232102E-009  1.146215765070657E-007
 H0(1)  1.080000000000000E-007  0.000000000000000E+000  0.000000000000000E+000
 H0(2)  0.000000000000000E+000  1.080000000000000E-007  0.000000000000000E+000
 H0(3)  0.000000000000000E+000  0.000000000000000E+000  1.080000000000000E-007
Strain (Lagrange def.):
  e(1:3,1) =   0.610302E-01 -0.391424E-02  0.833612E-03
  e(1:3,2) =  -0.391424E-02  0.817541E-01 -0.754447E-03
  e(1:3,3) =   0.833612E-03 -0.754447E-03  0.653780E-01
Rotation:
  r(1:3,1) =    0.00000     -0.463382E-01 -0.653969E-01
  r(1:3,2) =   0.463382E-01   0.00000      0.145441E-01
  r(1:3,3) =   0.653969E-01 -0.145441E-01   0.00000    
      3200 0.320E-11*l_a,m      11.4430423        11.4938667    
      3200 0.320E-11*l_b,m      11.6455071        11.5033371    
      3200 0.320E-11*l_c,m      11.4856023        11.4806198    
      3200 0.320E-11*ang_bc,m      90.1205    89.9211
      3200 0.320E-11*ang_ca,m      89.9318    89.9109
      3200 0.320E-11*ang_ab,m      90.4744    90.0035
      3200 0.320E-11*volume      1530.51480362        1520.02426001    
 
*temp instantanee des atomes de type 1 =       573.88
 
 * stress en kbar 
1 sigma potentiel (1,1) (2,1) (3,1) =  -44.65869874       7.801297845      -1.035743814    
2 sigma potentiel (1,2) (2,2) (3,2) =   7.801297845      -55.48878457       5.492126432    
3 sigma potentiel (1,3) (2,3) (3,3) =  -1.035743814       5.492126432      -47.28355817    
 
1 sigma cinetique (1,1) (2,1) (3,1) =   6.232073658     -0.2473302555E-01  0.7707345794    
2 sigma cinetique (1,2) (2,2) (3,2) = -0.2473302555E-01   6.668928217      0.3496657839    
3 sigma cinetique (1,3) (2,3) (3,3) =  0.7707345794      0.3496657839       6.977735279    
 
1 sigma total (1,1) (2,1) (3,1) =  -38.42662508       7.776564819     -0.2650092342    
2 sigma total (1,2) (2,2) (3,2) =   7.776564819      -48.81985636       5.841792216    
3 sigma total (1,3) (2,3) (3,3) = -0.2650092342       5.841792216      -40.30582289    
 
      3200 0.320E-11*Pression =    -42.517    
 pression totale  potentiel = cinetique =
   -42.517       -49.144        6.6262    
 ----------valeurs moyennes------------
*temperature moyenne =       580.36
*pression moyenne =    -3.1151    
 --------------------------------------
 
 
<<<<<<<<  ITERATION =   3300  time =   0.3300000E-11
 
 
 --------- Temperatures et Pression--------
 ----------valeurs instantanees------------
      3300 0.330E-11*Epot =    -518.4548119699218      eV 
    *energie PAIRE EAM =     36.7195007138      eV 
    *energie GLUE  =    -555.174312684      eV 
      3300 0.330E-11*Ec =     10.1809512456      eV   (615.351 K)
      3300 0.330E-11*Etot =    -508.2738607242979      eV 
 
      3300 0.330E-11*Epot/at =    -4.05042821852      eV 
 
      3300 0.330E-11*Temp instantanee = 615.351
 NPT With Parrinello-Rahman
      3300 0.330E-11*Kcell =     1.53739581123      eV   (3964.685 K)
 Box tensor
 a  1.122687332900007E-007 -4.799195711284221E-009 -7.002397648486645E-009
 b  5.181045114020849E-009  1.144532273528063E-007  1.260635184265837E-009
 c  7.103145176957150E-009 -1.187329589276370E-009  1.135009882558195E-007
 H0(1)  1.080000000000000E-007  0.000000000000000E+000  0.000000000000000E+000
 H0(2)  0.000000000000000E+000  1.080000000000000E-007  0.000000000000000E+000
 H0(3)  0.000000000000000E+000  0.000000000000000E+000  1.080000000000000E-007
Strain (Lagrange def.):
  e(1:3,1) =   0.436200E-01  0.196133E-02  0.114005E-02
  e(1:3,2) =   0.196133E-02  0.625850E-01  0.184870E-02
  e(1:3,3) =   0.114005E-02  0.184870E-02  0.544023E-01
Rotation:
  r(1:3,1) =    0.00000     -0.462048E-01 -0.653034E-01
  r(1:3,2) =   0.462048E-01   0.00000      0.113332E-01
  r(1:3,3) =   0.653034E-01 -0.113332E-01   0.00000    
      3300 0.330E-11*l_a,m      11.2589228        11.4867472    
      3300 0.330E-11*l_b,m      11.4577370        11.5019553    
      3300 0.330E-11*l_c,m      11.3729234        11.4773563    
      3300 0.330E-11*ang_bc,m      89.8066    89.9176
      3300 0.330E-11*ang_ca,m      89.9625    89.9125
      3300 0.330E-11*ang_ab,m      89.8954    90.0002
      3300 0.330E-11*volume      1467.11621259        1518.42098584    
 
*temp instantanee des atomes de type 1 =       615.35
 
 * stress en kbar 
1 sigma potentiel (1,1) (2,1) (3,1) =   20.28859702      -5.154374837      0.3639832557    
2 sigma potentiel (1,2) (2,2) (3,2) =  -5.154374837       8.634552189       2.082954377    
3 sigma potentiel (1,3) (2,3) (3,3) =  0.3639832557       2.082954377       8.239846781    
 
1 sigma cinetique (1,1) (2,1) (3,1) =   6.760535466     -0.1572694701      0.2845818503    
2 sigma cinetique (1,2) (2,2) (3,2) = -0.1572694701       8.038765855      0.6405890902    
3 sigma cinetique (1,3) (2,3) (3,3) =  0.2845818503      0.6405890902       7.437083661    
 
1 sigma total (1,1) (2,1) (3,1) =   27.04913249      -5.311644307      0.6485651059    
2 sigma total (1,2) (2,2) (3,2) =  -5.311644307       16.67331804       2.723543467    
3 sigma total (1,3) (2,3) (3,3) =  0.6485651059       2.723543467       15.67693044    
 
      3300 0.330E-11*Pression =     19.800    
 pression totale  potentiel = cinetique =
    19.800        12.388        7.4121    
 ----------valeurs moyennes------------
*temperature moyenne =       581.42
*pression moyenne =    -2.4207    
 --------------------------------------
 
 
<<<<<<<<  ITERATION =   3400  time =   0.3400000E-11
 
 
 --------- Temperatures et Pression--------
 ----------valeurs instantanees------------
      3400 0.340E-11*Epot =    -516.8535967542651      eV 
    *energie PAIRE EAM =     51.8424432346      eV 
    *energie GLUE  =    -568.696039989      eV 
      3400 0.340E-11*Ec =     10.4667500719      eV   (632.625 K)
      3400 0.340E-11*Etot =    -506.3868466823653      eV 
 
      3400 0.340E-11*Epot/at =    -4.03791872464      eV 
 
      3400 0.340E-11*Temp instantanee = 632.625
 NPT With Parrinello-Rahman
      3400 0.340E-11*Kcell =    0.252355199012      eV   (650.782 K)
 Box tensor
 a  1.111702510062913E-007 -4.207362789952304E-009 -7.054977751150306E-009
 b  5.716206066609854E-009  1.131250608595675E-007  1.231149733418962E-009
 c  7.214401962465212E-009 -6.264210893594815E-010  1.128618372058551E-007
 H0(1)  1.080000000000000E-007  0.000000000000000E+000  0.000000000000000E+000
 H0(2)  0.000000000000000E+000  1.080000000000000E-007  0.000000000000000E+000
 H0(3)  0.000000000000000E+000  0.000000000000000E+000  1.080000000000000E-007
Strain (Lagrange def.):
  e(1:3,1) =   0.334168E-01  0.747571E-02  0.158456E-02
  e(1:3,2) =   0.747571E-02  0.493559E-01  0.421201E-02
  e(1:3,3) =   0.158456E-02  0.421201E-02  0.482289E-01
Rotation:
  r(1:3,1) =    0.00000     -0.459424E-01 -0.660619E-01
  r(1:3,2) =   0.459424E-01   0.00000      0.859986E-02
  r(1:3,3) =   0.660619E-01 -0.859986E-02   0.00000    
      3400 0.340E-11*l_a,m      11.1473312        11.4767644    
      3400 0.340E-11*l_b,m      11.3276079        11.4968274    
      3400 0.340E-11*l_c,m      11.3093918        11.4724161    
      3400 0.340E-11*ang_bc,m      89.5110    89.9057
      3400 0.340E-11*ang_ca,m      89.9617    89.9139
      3400 0.340E-11*ang_ab,m      89.3156    89.9801
      3400 0.340E-11*volume      1427.91217442        1515.75896198    
 
*temp instantanee des atomes de type 1 =       632.62
 
 * stress en kbar 
1 sigma potentiel (1,1) (2,1) (3,1) =   70.57833595      -11.33299365      -4.686925253    
2 sigma potentiel (1,2) (2,2) (3,2) =  -11.33299365       69.08449314      -13.76758266    
3 sigma potentiel (1,3) (2,3) (3,3) =  -4.686925253      -13.76758266       65.08171658    
 
1 sigma cinetique (1,1) (2,1) (3,1) =   7.601474312      0.1164399233E-02 -0.9082302233    
2 sigma cinetique (1,2) (2,2) (3,2) =  0.1164399233E-02   7.031310588       1.105016335    
3 sigma cinetique (1,3) (2,3) (3,3) = -0.9082302233       1.105016335       8.855467265    
 
1 sigma total (1,1) (2,1) (3,1) =   78.17981026      -11.33182925      -5.595155476    
2 sigma total (1,2) (2,2) (3,2) =  -11.33182925       76.11580373      -12.66256632    
3 sigma total (1,3) (2,3) (3,3) =  -5.595155476      -12.66256632       73.93718385    
 
      3400 0.340E-11*Pression =     76.078    
 pression totale  potentiel = cinetique =
    76.078        68.248        7.8294    
 ----------valeurs moyennes------------
*temperature moyenne =       582.93
*pression moyenne =   -0.11194    
 --------------------------------------
 
 
<<<<<<<<  ITERATION =   3500  time =   0.3500000E-11
 
 
 --------- Temperatures et Pression--------
 ----------valeurs instantanees------------
      3500 0.350E-11*Epot =    -516.7358014748183      eV 
    *energie PAIRE EAM =     46.9797636285      eV 
    *energie GLUE  =    -563.715565103      eV 
      3500 0.350E-11*Ec =     10.3094381555      eV   (623.117 K)
      3500 0.350E-11*Etot =    -506.4263633193040      eV 
 
      3500 0.350E-11*Epot/at =    -4.03699844902      eV 
 
      3500 0.350E-11*Temp instantanee = 623.117
 NPT With Parrinello-Rahman
      3500 0.350E-11*Kcell =    0.712085331195      eV   (1836.348 K)
 Box tensor
 a  1.115389405029963E-007 -3.916347837744191E-009 -7.359100525636176E-009
 b  5.964566662447734E-009  1.133625249425923E-007  9.625425800020603E-010
 c  7.224060650562478E-009 -2.831401979096295E-010  1.134567497627306E-007
 H0(1)  1.080000000000000E-007  0.000000000000000E+000  0.000000000000000E+000
 H0(2)  0.000000000000000E+000  1.080000000000000E-007  0.000000000000000E+000
 H0(3)  0.000000000000000E+000  0.000000000000000E+000  1.080000000000000E-007
Strain (Lagrange def.):
  e(1:3,1) =   0.370670E-01  0.101718E-01  0.194329E-03
  e(1:3,2) =   0.101718E-01  0.515466E-01  0.453587E-02
  e(1:3,3) =   0.194329E-03  0.453587E-02  0.541631E-01
Rotation:
  r(1:3,1) =    0.00000     -0.457450E-01 -0.675146E-01
  r(1:3,2) =   0.457450E-01   0.00000      0.576705E-02
  r(1:3,3) =   0.675146E-01 -0.576705E-02   0.00000    
      3500 0.350E-11*l_a,m      11.1850031        11.4684284    
      3500 0.350E-11*l_b,m      11.3523410        11.4926992    
      3500 0.350E-11*l_c,m      11.3686856        11.4694524    
      3500 0.350E-11*ang_bc,m      89.4664    89.8931
      3500 0.350E-11*ang_ca,m      90.1265    89.9200
      3500 0.350E-11*ang_ab,m      89.0333    89.9530
      3500 0.350E-11*volume      1443.27776861        1513.68807074    
 
*temp instantanee des atomes de type 1 =       623.12
 
 * stress en kbar 
1 sigma potentiel (1,1) (2,1) (3,1) =   52.43568306      -18.59257005      -1.809451340    
2 sigma potentiel (1,2) (2,2) (3,2) =  -18.59257005       45.68396656      -9.688632567    
3 sigma potentiel (1,3) (2,3) (3,3) =  -1.809451340      -9.688632567       48.45078246    
 
1 sigma cinetique (1,1) (2,1) (3,1) =   6.192745489      0.7817137518     -0.3203260370    
2 sigma cinetique (1,2) (2,2) (3,2) =  0.7817137518       9.300713561     -0.4497967669    
3 sigma cinetique (1,3) (2,3) (3,3) = -0.3203260370     -0.4497967669       7.395467143    
 
1 sigma total (1,1) (2,1) (3,1) =   58.62842855      -17.81085629      -2.129777377    
2 sigma total (1,2) (2,2) (3,2) =  -17.81085629       54.98468012      -10.13842933    
3 sigma total (1,3) (2,3) (3,3) =  -2.129777377      -10.13842933       55.84624960    
 
      3500 0.350E-11*Pression =     56.486    
 pression totale  potentiel = cinetique =
    56.486        48.857        7.6296    
 ----------valeurs moyennes------------
*temperature moyenne =       584.08
*pression moyenne =     1.5052    
 --------------------------------------
 
 
<<<<<<<<  ITERATION =   3600  time =   0.3600000E-11
 
 
 --------- Temperatures et Pression--------
 ----------valeurs instantanees------------
      3600 0.360E-11*Epot =    -516.3808797229759      eV 
    *energie PAIRE EAM =     29.7860496314      eV 
    *energie GLUE  =    -546.166929354      eV 
      3600 0.360E-11*Ec =     9.82161029774      eV   (593.632 K)
      3600 0.360E-11*Etot =    -506.5592694252405      eV 
 
      3600 0.360E-11*Epot/at =    -4.03422562284      eV 
 
      3600 0.360E-11*Temp instantanee = 593.632
 NPT With Parrinello-Rahman
      3600 0.360E-11*Kcell =     1.45796120402      eV   (3759.837 K)
 Box tensor
 a  1.129326779093102E-007 -4.133857046585430E-009 -7.618657015427049E-009
 b  5.860684962332291E-009  1.146751506894683E-007  4.901528752459144E-010
 c  7.480042723292743E-009 -1.374726739760808E-010  1.150554490958132E-007
 H0(1)  1.080000000000000E-007  0.000000000000000E+000  0.000000000000000E+000
 H0(2)  0.000000000000000E+000  1.080000000000000E-007  0.000000000000000E+000
 H0(3)  0.000000000000000E+000  0.000000000000000E+000  1.080000000000000E-007
Strain (Lagrange def.):
  e(1:3,1) =   0.505868E-01  0.875339E-02  0.132758E-03
  e(1:3,2) =   0.875339E-02  0.644504E-01  0.308152E-02
  e(1:3,3) =   0.132758E-03  0.308152E-02  0.699606E-01
Rotation:
  r(1:3,1) =    0.00000     -0.462710E-01 -0.699014E-01
  r(1:3,2) =   0.462710E-01   0.00000      0.290567E-02
  r(1:3,3) =   0.699014E-01 -0.290567E-02   0.00000    
      3600 0.360E-11*l_a,m      11.3264833        11.4644854    
      3600 0.360E-11*l_b,m      11.4825860        11.4924183    
      3600 0.360E-11*l_c,m      11.5298423        11.4711299    
      3600 0.360E-11*ang_bc,m      89.6344    89.8859
      3600 0.360E-11*ang_ca,m      90.1371    89.9260
      3600 0.360E-11*ang_ab,m      89.1890    89.9318
      3600 0.360E-11*volume      1499.35502175        1513.28993049    
 
*temp instantanee des atomes de type 1 =       593.63
 
 * stress en kbar 
1 sigma potentiel (1,1) (2,1) (3,1) =  -11.21831515      -13.55127479       5.851498578    
2 sigma potentiel (1,2) (2,2) (3,2) =  -13.55127479      -14.97061400      0.3881144728    
3 sigma potentiel (1,3) (2,3) (3,3) =   5.851498578      0.3881144728      -18.72085957    
 
1 sigma cinetique (1,1) (2,1) (3,1) =   7.562814217      0.3311796439      0.5168526906    
2 sigma cinetique (1,2) (2,2) (3,2) =  0.3311796439       6.354828290      0.7139891362    
3 sigma cinetique (1,3) (2,3) (3,3) =  0.5168526906      0.7139891362       7.072653481    
 
1 sigma total (1,1) (2,1) (3,1) =  -3.655500930      -13.22009514       6.368351268    
2 sigma total (1,2) (2,2) (3,2) =  -13.22009514      -8.615785709       1.102103609    
3 sigma total (1,3) (2,3) (3,3) =   6.368351268       1.102103609      -11.64820609    
 
      3600 0.360E-11*Pression =    -7.9732    
 pression totale  potentiel = cinetique =
   -7.9732       -14.970        6.9968    
 ----------valeurs moyennes------------
*temperature moyenne =       584.34
*pression moyenne =     1.2419    
 --------------------------------------
 
 
<<<<<<<<  ITERATION =   3700  time =   0.3700000E-11
 
 
 --------- Temperatures et Pression--------
 ----------valeurs instantanees------------
      3700 0.370E-11*Epot =    -513.0972181104089      eV 
    *energie PAIRE EAM =     19.4674812248      eV 
    *energie GLUE  =    -532.564699335      eV 
      3700 0.370E-11*Ec =     8.59890319574      eV   (519.730 K)
      3700 0.370E-11*Etot =    -504.4983149146706      eV 
 
      3700 0.370E-11*Epot/at =    -4.00857201649      eV 
 
      3700 0.370E-11*Temp instantanee = 519.730
 NPT With Parrinello-Rahman
      3700 0.370E-11*Kcell =    0.569183545685      eV   (1467.829 K)
 Box tensor
 a  1.142611609665327E-007 -4.713367271913231E-009 -7.513961446989731E-009
 b  5.481614141989342E-009  1.158028981016210E-007  8.663211605650289E-011
 c  7.893268851348996E-009 -1.022549942050711E-010  1.164208950110787E-007
 H0(1)  1.080000000000000E-007  0.000000000000000E+000  0.000000000000000E+000
 H0(2)  0.000000000000000E+000  1.080000000000000E-007  0.000000000000000E+000
 H0(3)  0.000000000000000E+000  0.000000000000000E+000  1.080000000000000E-007
Strain (Lagrange def.):
  e(1:3,1) =   0.636130E-01  0.409057E-02  0.260898E-02
  e(1:3,2) =   0.409057E-02  0.758118E-01  0.143792E-02
  e(1:3,3) =   0.260898E-02  0.143792E-02  0.834316E-01
Rotation:
  r(1:3,1) =    0.00000     -0.471990E-01 -0.713298E-01
  r(1:3,2) =   0.471990E-01   0.00000      0.874477E-03
  r(1:3,3) =   0.713298E-01 -0.874477E-03   0.00000    
      3700 0.370E-11*l_a,m      11.4604923        11.4643775    
      3700 0.370E-11*l_b,m      11.5932596        11.4951437    
      3700 0.370E-11*l_c,m      11.6688213        11.4764729    
      3700 0.370E-11*ang_bc,m      89.8242    89.8843
      3700 0.370E-11*ang_ca,m      89.8818    89.9248
      3700 0.370E-11*ang_ab,m      89.6556    89.9243
      3700 0.370E-11*volume      1550.33311135        1514.29109754    
 
*temp instantanee des atomes de type 1 =       519.73
 
 * stress en kbar 
1 sigma potentiel (1,1) (2,1) (3,1) =  -48.86955529      -5.773698301      0.8323050108    
2 sigma potentiel (1,2) (2,2) (3,2) =  -5.773698301      -55.64767720     -0.8033015785    
3 sigma potentiel (1,3) (2,3) (3,3) =  0.8323050108     -0.8033015785      -57.89034427    
 
1 sigma cinetique (1,1) (2,1) (3,1) =   5.853025774      0.4900265701     -0.7463358604    
2 sigma cinetique (1,2) (2,2) (3,2) =  0.4900265701       5.722931828     -0.3606013461    
3 sigma cinetique (1,3) (2,3) (3,3) = -0.7463358604     -0.3606013461       6.196945793    
 
1 sigma total (1,1) (2,1) (3,1) =  -43.01652952      -5.283671731      0.8596915041E-01
2 sigma total (1,2) (2,2) (3,2) =  -5.283671731      -49.92474538      -1.163902925    
3 sigma total (1,3) (2,3) (3,3) =  0.8596915041E-01  -1.163902925      -51.69339848    
 
      3700 0.370E-11*Pression =    -48.212    
 pression totale  potentiel = cinetique =
   -48.212       -54.136        5.9243    
 ----------valeurs moyennes------------
*temperature moyenne =       582.60
*pression moyenne =   -0.94711E-01
 --------------------------------------
 
 
<<<<<<<<  ITERATION =   3800  time =   0.3800000E-11
 
 
 --------- Temperatures et Pression--------
 ----------valeurs instantanees------------
      3800 0.380E-11*Epot =    -514.3193756596853      eV 
    *energie PAIRE EAM =     16.3793256847      eV 
    *energie GLUE  =    -530.698701344      eV 
      3800 0.380E-11*Ec =     10.2557979582      eV   (619.875 K)
      3800 0.380E-11*Etot =    -504.0635777014486      eV 
 
      3800 0.380E-11*Epot/at =    -4.01812012234      eV 
 
      3800 0.380E-11*Temp instantanee = 619.875
 NPT With Parrinello-Rahman
      3800 0.380E-11*Kcell =    0.358698772806      eV   (925.024 K)
 Box tensor
 a  1.146350107745651E-007 -5.412159123828843E-009 -7.235815703448386E-009
 b  5.164366487644631E-009  1.157454365590210E-007 -3.184452531990016E-010
 c  8.228866301922486E-009 -1.580690608931367E-010  1.165328596645344E-007
 H0(1)  1.080000000000000E-007  0.000000000000000E+000  0.000000000000000E+000
 H0(2)  0.000000000000000E+000  1.080000000000000E-007  0.000000000000000E+000
 H0(3)  0.000000000000000E+000  0.000000000000000E+000  1.080000000000000E-007
Strain (Lagrange def.):
  e(1:3,1) =   0.673684E-01 -0.102760E-02  0.547886E-02
  e(1:3,2) =  -0.102760E-02  0.755454E-01 -0.690905E-03
  e(1:3,3) =   0.547886E-02 -0.690905E-03  0.843778E-01
Rotation:
  r(1:3,1) =    0.00000     -0.489654E-01 -0.715958E-01
  r(1:3,2) =   0.489654E-01   0.00000     -0.742482E-03
  r(1:3,3) =   0.715958E-01  0.742482E-03   0.00000    
      3800 0.380E-11*l_a,m      11.4990583        11.4652902    
      3800 0.380E-11*l_b,m      11.5861030        11.4975374    
      3800 0.380E-11*l_c,m      11.6823142        11.4818898    
      3800 0.380E-11*ang_bc,m      90.0546    89.8887
      3800 0.380E-11*ang_ca,m      89.5694    89.9155
      3800 0.380E-11*ang_ab,m      90.1381    89.9300
      3800 0.380E-11*volume      1556.37707930        1515.39862338    
 
*temp instantanee des atomes de type 1 =       619.87
 
 * stress en kbar 
1 sigma potentiel (1,1) (2,1) (3,1) =  -58.18879509      0.2630525018E-01  -6.001211487    
2 sigma potentiel (1,2) (2,2) (3,2) =  0.2630525018E-01  -63.09654079       3.508717482    
3 sigma potentiel (1,3) (2,3) (3,3) =  -6.001211487       3.508717482      -64.06427807    
 
1 sigma cinetique (1,1) (2,1) (3,1) =   8.183191423      0.6635323723      0.4487480102    
2 sigma cinetique (1,2) (2,2) (3,2) =  0.6635323723       7.007187749     -0.2399482199    
3 sigma cinetique (1,3) (2,3) (3,3) =  0.4487480102     -0.2399482199       5.924809838    
 
1 sigma total (1,1) (2,1) (3,1) =  -50.00560367      0.6898376224      -5.552463477    
2 sigma total (1,2) (2,2) (3,2) =  0.6898376224      -56.08935304       3.268769262    
3 sigma total (1,3) (2,3) (3,3) =  -5.552463477       3.268769262      -58.13946824    
 
      3800 0.380E-11*Pression =    -54.745    
 pression totale  potentiel = cinetique =
   -54.745       -61.783        7.0384    
 ----------valeurs moyennes------------
*temperature moyenne =       583.58
*pression moyenne =    -1.5329    
 --------------------------------------
 
 
<<<<<<<<  ITERATION =   3900  time =   0.3900000E-11
 
 
 --------- Temperatures et Pression--------
 ----------valeurs instantanees------------
      3900 0.390E-11*Epot =    -515.4535208918182      eV 
    *energie PAIRE EAM =     26.7162589098      eV 
    *energie GLUE  =    -542.169779802      eV 
      3900 0.390E-11*Ec =     11.4318904239      eV   (690.959 K)
      3900 0.390E-11*Etot =    -504.0216304678991      eV 
 
      3900 0.390E-11*Epot/at =    -4.02698063197      eV 
 
      3900 0.390E-11*Temp instantanee = 690.959
 NPT With Parrinello-Rahman
      3900 0.390E-11*Kcell =     1.10806574445      eV   (2857.515 K)
 Box tensor
 a  1.138616938644368E-007 -5.970140330850199E-009 -6.821920149384109E-009
 b  4.857942253301419E-009  1.145023188871210E-007 -6.966993006011672E-010
 c  8.401395213706999E-009 -1.450241368916894E-010  1.154758564500188E-007
 H0(1)  1.080000000000000E-007  0.000000000000000E+000  0.000000000000000E+000
 H0(2)  0.000000000000000E+000  1.080000000000000E-007  0.000000000000000E+000
 H0(3)  0.000000000000000E+000  0.000000000000000E+000  1.080000000000000E-007
Strain (Lagrange def.):
  e(1:3,1) =   0.597852E-01 -0.534735E-02  0.814551E-02
  e(1:3,2) =  -0.534735E-02  0.635479E-01 -0.239166E-02
  e(1:3,3) =   0.814551E-02 -0.239166E-02  0.736324E-01
Rotation:
  r(1:3,1) =    0.00000     -0.501300E-01 -0.704783E-01
  r(1:3,2) =   0.501300E-01   0.00000     -0.255405E-02
  r(1:3,3) =   0.704783E-01  0.255405E-02   0.00000    
      3900 0.390E-11*l_a,m      11.4222005        11.4641853    
      3900 0.390E-11*l_b,m      11.4607443        11.4965940    
      3900 0.390E-11*l_c,m      11.5781164        11.4843571    
      3900 0.390E-11*ang_bc,m      90.2429    89.8978
      3900 0.390E-11*ang_ca,m      89.2648    89.8988
      3900 0.390E-11*ang_ab,m      90.5502    89.9459
      3900 0.390E-11*volume      1515.44805362        1515.39989082    
 
*temp instantanee des atomes de type 1 =       690.96
 
 * stress en kbar 
1 sigma potentiel (1,1) (2,1) (3,1) =  -23.21943787       6.557870881      -13.61547250    
2 sigma potentiel (1,2) (2,2) (3,2) =   6.557870881      -24.38297305       4.095386011    
3 sigma potentiel (1,3) (2,3) (3,3) =  -13.61547250       4.095386011      -30.11135512    
 
1 sigma cinetique (1,1) (2,1) (3,1) =   8.058528654     -0.4771177977       1.196885474    
2 sigma cinetique (1,2) (2,2) (3,2) = -0.4771177977       9.569954309     -0.3342786686    
3 sigma cinetique (1,3) (2,3) (3,3) =   1.196885474     -0.3342786686       6.543781765    
 
1 sigma total (1,1) (2,1) (3,1) =  -15.16090921       6.080753083      -12.41858703    
2 sigma total (1,2) (2,2) (3,2) =   6.080753083      -14.81301874       3.761107342    
3 sigma total (1,3) (2,3) (3,3) =  -12.41858703       3.761107342      -23.56757335    
 
      3900 0.390E-11*Pression =    -17.847    
 pression totale  potentiel = cinetique =
   -17.847       -25.905        8.0574    
 ----------valeurs moyennes------------
*temperature moyenne =       586.33
*pression moyenne =    -1.9512    
 --------------------------------------
 
 
<<<<<<<<  ITERATION =   4000  time =   0.4000000E-11
 
 
 --------- Temperatures et Pression--------
 ----------valeurs instantanees------------
      4000 0.400E-11*Epot =    -516.4873590966401      eV 
    *energie PAIRE EAM =     40.6165800015      eV 
    *energie GLUE  =    -557.103939098      eV 
      4000 0.400E-11*Ec =     10.3301063784      eV   (624.366 K)
      4000 0.400E-11*Etot =    -506.1572527182609      eV 
 
      4000 0.400E-11*Epot/at =    -4.03505749294      eV 
 
      4000 0.400E-11*Temp instantanee = 624.366
 NPT With Parrinello-Rahman
      4000 0.400E-11*Kcell =    0.783391682925      eV   (2020.236 K)
 Box tensor
 a  1.129176572774614E-007 -6.223240181127570E-009 -6.529188445582893E-009
 b  4.643205301720649E-009  1.129557931200206E-007 -1.012453603282405E-009
 c  8.308479812320392E-009 -3.572820749113707E-011  1.141151685568307E-007
 H0(1)  1.080000000000000E-007  0.000000000000000E+000  0.000000000000000E+000
 H0(2)  0.000000000000000E+000  1.080000000000000E-007  0.000000000000000E+000
 H0(3)  0.000000000000000E+000  0.000000000000000E+000  1.080000000000000E-007
Strain (Lagrange def.):
  e(1:3,1) =   0.504539E-01 -0.765319E-02  0.883753E-02
  e(1:3,2) =  -0.765319E-02  0.486000E-01 -0.333534E-02
  e(1:3,3) =   0.883753E-02 -0.333534E-02  0.600963E-01
Rotation:
  r(1:3,1) =    0.00000     -0.503076E-01 -0.686929E-01
  r(1:3,2) =   0.503076E-01   0.00000     -0.452188E-02
  r(1:3,3) =   0.686929E-01  0.452188E-02   0.00000    
      4000 0.400E-11*l_a,m      11.3277343        11.4607740    
      4000 0.400E-11*l_b,m      11.3055719        11.4918184    
      4000 0.400E-11*l_c,m      11.4417236        11.4832913    
      4000 0.400E-11*ang_bc,m      90.3588    89.9093
      4000 0.400E-11*ang_ca,m      89.1454    89.8799
      4000 0.400E-11*ang_ab,m      90.7697    89.9665
      4000 0.400E-11*volume      1464.97952307        1514.13938162    
 
*temp instantanee des atomes de type 1 =       624.37
 
 * stress en kbar 
1 sigma potentiel (1,1) (2,1) (3,1) =   25.74149222       14.74048159      -13.76943820    
2 sigma potentiel (1,2) (2,2) (3,2) =   14.74048159       20.77298712       5.545121660    
3 sigma potentiel (1,3) (2,3) (3,3) =  -13.76943820       5.545121660       21.39232527    
 
1 sigma cinetique (1,1) (2,1) (3,1) =   7.461029487     -0.2649890246      0.1807111892    
2 sigma cinetique (1,2) (2,2) (3,2) = -0.2649890246       6.957095599     -0.2544938514    
3 sigma cinetique (1,3) (2,3) (3,3) =  0.1807111892     -0.2544938514       8.176939269    
 
1 sigma total (1,1) (2,1) (3,1) =   33.20252170       14.47549257      -13.58872701    
2 sigma total (1,2) (2,2) (3,2) =   14.47549257       27.73008272       5.290627809    
3 sigma total (1,3) (2,3) (3,3) =  -13.58872701       5.290627809       29.56926454    
 
      4000 0.400E-11*Pression =     30.167    
 pression totale  potentiel = cinetique =
    30.167        22.636        7.5317    
 ----------valeurs moyennes------------
*temperature moyenne =       587.28
*pression moyenne =    -1.1482    
 --------------------------------------
 
 
<<<<<<<<  ITERATION =   4100  time =   0.4100000E-11
 
 
 --------- Temperatures et Pression--------
 ----------valeurs instantanees------------
      4100 0.410E-11*Epot =    -516.5365273473365      eV 
    *energie PAIRE EAM =     47.2936898654      eV 
    *energie GLUE  =    -563.830217213      eV 
      4100 0.410E-11*Ec =     10.4858563287      eV   (633.780 K)
      4100 0.410E-11*Etot =    -506.0506710186556      eV 
 
      4100 0.410E-11*Epot/at =    -4.03544161990      eV 
 
      4100 0.410E-11*Temp instantanee = 633.780
 NPT With Parrinello-Rahman
      4100 0.410E-11*Kcell =    0.195314672223      eV   (503.684 K)
 Box tensor
 a  1.126844390608115E-007 -6.005436116404342E-009 -6.662948492048639E-009
 b  4.701527220924685E-009  1.119565533601741E-007 -1.294876178667627E-009
 c  8.017617428872106E-009  1.249432177183616E-010  1.134848795035792E-007
 H0(1)  1.080000000000000E-007  0.000000000000000E+000  0.000000000000000E+000
 H0(2)  0.000000000000000E+000  1.080000000000000E-007  0.000000000000000E+000
 H0(3)  0.000000000000000E+000  0.000000000000000E+000  1.080000000000000E-007
Strain (Lagrange def.):
  e(1:3,1) =   0.480182E-01 -0.640221E-02  0.655778E-02
  e(1:3,2) =  -0.640221E-02  0.388525E-01 -0.389132E-02
  e(1:3,3) =   0.655778E-02 -0.389132E-02  0.540505E-01
Rotation:
  r(1:3,1) =    0.00000     -0.495693E-01 -0.679656E-01
  r(1:3,2) =   0.495693E-01   0.00000     -0.657324E-02
  r(1:3,3) =   0.679656E-01  0.657324E-02   0.00000    
      4100 0.410E-11*l_a,m      11.3040891        11.4569524    
      4100 0.410E-11*l_b,m      11.2062710        11.4848539    
      4100 0.410E-11*l_c,m      11.3767815        11.4806935    
      4100 0.410E-11*ang_bc,m      90.4281    89.9220
      4100 0.410E-11*ang_ca,m      89.3470    89.8669
      4100 0.410E-11*ang_ab,m      90.6058    89.9821
      4100 0.410E-11*volume      1440.95986999        1512.35451549    
 
*temp instantanee des atomes de type 1 =       633.78
 
 * stress en kbar 
1 sigma potentiel (1,1) (2,1) (3,1) =   47.09213530       9.642790203      -12.15914879    
2 sigma potentiel (1,2) (2,2) (3,2) =   9.642790203       54.18311977       6.629078130    
3 sigma potentiel (1,3) (2,3) (3,3) =  -12.15914879       6.629078130       51.93582341    
 
1 sigma cinetique (1,1) (2,1) (3,1) =   8.034729131      0.8886881737     -0.5456512058    
2 sigma cinetique (1,2) (2,2) (3,2) =  0.8886881737       7.787863047     -0.4486484477    
3 sigma cinetique (1,3) (2,3) (3,3) = -0.5456512058     -0.4486484477       7.495464842    
 
1 sigma total (1,1) (2,1) (3,1) =   55.12686443       10.53147838      -12.70480000    
2 sigma total (1,2) (2,2) (3,2) =   10.53147838       61.97098282       6.180429683    
3 sigma total (1,3) (2,3) (3,3) =  -12.70480000       6.180429683       59.43128825    
 
      4100 0.410E-11*Pression =     58.843    
 pression totale  potentiel = cinetique =
    58.843        51.070        7.7727    
 ----------valeurs moyennes------------
*temperature moyenne =       588.41
*pression moyenne =    0.31498    
 --------------------------------------
 
 
<<<<<<<<  ITERATION =   4200  time =   0.4200000E-11
 
 
 --------- Temperatures et Pression--------
 ----------valeurs instantanees------------
      4200 0.420E-11*Epot =    -516.9627886833689      eV 
    *energie PAIRE EAM =     40.2739172012      eV 
    *energie GLUE  =    -557.236705885      eV 
      4200 0.420E-11*Ec =     10.2796577961      eV   (621.317 K)
      4200 0.420E-11*Etot =    -506.6831308872565      eV 
 
      4200 0.420E-11*Epot/at =    -4.03877178659      eV 
 
      4200 0.420E-11*Temp instantanee = 621.317
 NPT With Parrinello-Rahman
      4200 0.420E-11*Kcell =    0.829350845615      eV   (2138.756 K)
 Box tensor
 a  1.136887292896291E-007 -5.503544628585280E-009 -7.177136503137870E-009
 b  4.975789654237632E-009  1.120801640979977E-007 -1.444306803382757E-009
 c  7.338866806286883E-009  4.822068739213790E-010  1.140608017186729E-007
 H0(1)  1.080000000000000E-007  0.000000000000000E+000  0.000000000000000E+000
 H0(2)  0.000000000000000E+000  1.080000000000000E-007  0.000000000000000E+000
 H0(3)  0.000000000000000E+000  0.000000000000000E+000  1.080000000000000E-007
Strain (Lagrange def.):
  e(1:3,1) =   0.574308E-01 -0.276341E-02  0.597177E-03
  e(1:3,2) =  -0.276341E-02  0.398013E-01 -0.288827E-02
  e(1:3,3) =   0.597177E-03 -0.288827E-02  0.599907E-01
Rotation:
  r(1:3,1) =    0.00000     -0.485154E-01 -0.672037E-01
  r(1:3,2) =   0.485154E-01   0.00000     -0.891904E-02
  r(1:3,3) =   0.672037E-01  0.891904E-02   0.00000    
      4200 0.420E-11*l_a,m      11.4047917        11.4557105    
      4200 0.420E-11*l_b,m      11.2199856        11.4785475    
      4200 0.420E-11*l_c,m      11.4297673        11.4794810    
      4200 0.420E-11*ang_bc,m      90.3314    89.9317
      4200 0.420E-11*ang_ca,m      89.9426    89.8688
      4200 0.420E-11*ang_ab,m      90.1826    89.9868
      4200 0.420E-11*volume      1462.53869578        1511.16842454    
 
*temp instantanee des atomes de type 1 =       621.32
 
 * stress en kbar 
1 sigma potentiel (1,1) (2,1) (3,1) =   21.37906091       7.833070933       3.518481256    
2 sigma potentiel (1,2) (2,2) (3,2) =   7.833070933       28.67025631       10.09767006    
3 sigma potentiel (1,3) (2,3) (3,3) =   3.518481256       10.09767006       18.70083993    
 
1 sigma cinetique (1,1) (2,1) (3,1) =   7.987582837     -0.3103000908     -0.5358795927    
2 sigma cinetique (1,2) (2,2) (3,2) = -0.3103000908       7.963206549     -0.6645959247    
3 sigma cinetique (1,3) (2,3) (3,3) = -0.5358795927     -0.6645959247       6.571453366    
 
1 sigma total (1,1) (2,1) (3,1) =   29.36664374       7.522770843       2.982601663    
2 sigma total (1,2) (2,2) (3,2) =   7.522770843       36.63346286       9.433074134    
3 sigma total (1,3) (2,3) (3,3) =   2.982601663       9.433074134       25.27229330    
 
      4200 0.420E-11*Pression =     30.424    
 pression totale  potentiel = cinetique =
    30.424        22.917        7.5074    
 ----------valeurs moyennes------------
*temperature moyenne =       589.20
*pression moyenne =     1.0319    
 --------------------------------------
 
 
<<<<<<<<  ITERATION =   4300  time =   0.4300000E-11
 
 
 --------- Temperatures et Pression--------
 ----------valeurs instantanees------------
      4300 0.430E-11*Epot =    -515.9886008714918      eV 
    *energie PAIRE EAM =     29.2191032305      eV 
    *energie GLUE  =    -545.207704102      eV 
      4300 0.430E-11*Ec =     9.06763615364      eV   (548.060 K)
      4300 0.430E-11*Etot =    -506.9209647178521      eV 
 
      4300 0.430E-11*Epot/at =    -4.03116094431      eV 
 
      4300 0.430E-11*Temp instantanee = 548.060
 NPT With Parrinello-Rahman
      4300 0.430E-11*Kcell =    0.892073053289      eV   (2300.507 K)
 Box tensor
 a  1.151387544387504E-007 -4.895918269983852E-009 -7.707517985010295E-009
 b  5.385643587017470E-009  1.128789706203377E-007 -1.352676095795515E-009
 c  6.625052221681560E-009  8.887309200372738E-010  1.152323726737454E-007
 H0(1)  1.080000000000000E-007  0.000000000000000E+000  0.000000000000000E+000
 H0(2)  0.000000000000000E+000  1.080000000000000E-007  0.000000000000000E+000
 H0(3)  0.000000000000000E+000  0.000000000000000E+000  1.080000000000000E-007
Strain (Lagrange def.):
  e(1:3,1) =   0.714090E-01  0.214780E-02 -0.562837E-02
  e(1:3,2) =   0.214780E-02  0.472575E-01 -0.537669E-03
  e(1:3,3) =  -0.562837E-02 -0.537669E-03  0.718336E-01
Rotation:
  r(1:3,1) =    0.00000     -0.475998E-01 -0.663545E-01
  r(1:3,2) =   0.475998E-01   0.00000     -0.103769E-01
  r(1:3,3) =   0.663545E-01  0.103769E-01   0.00000    
      4300 0.430E-11*l_a,m      11.5500254        11.4579039    
      4300 0.430E-11*l_b,m      11.3015472        11.4744312    
      4300 0.430E-11*l_c,m      11.5426084        11.4809491    
      4300 0.430E-11*ang_bc,m      90.0873    89.9354
      4300 0.430E-11*ang_ca,m      90.5574    89.8848
      4300 0.430E-11*ang_ab,m      89.6582    89.9792
      4300 0.430E-11*volume      1506.59337227        1511.06202798    
 
*temp instantanee des atomes de type 1 =       548.06
 
 * stress en kbar 
1 sigma potentiel (1,1) (2,1) (3,1) =  -24.65984509       1.192923584       10.45315742    
2 sigma potentiel (1,2) (2,2) (3,2) =   1.192923584      -13.68382785     -0.7323968216    
3 sigma potentiel (1,3) (2,3) (3,3) =   10.45315742     -0.7323968216      -25.55676084    
 
1 sigma cinetique (1,1) (2,1) (3,1) =   7.129045048      0.5400325190      0.9556426153    
2 sigma cinetique (1,2) (2,2) (3,2) =  0.5400325190       5.042600334      0.5084230992E-01
3 sigma cinetique (1,3) (2,3) (3,3) =  0.9556426153      0.5084230992E-01   7.114186468    
 
1 sigma total (1,1) (2,1) (3,1) =  -17.53080004       1.732956103       11.40880003    
2 sigma total (1,2) (2,2) (3,2) =   1.732956103      -8.641227518     -0.6815545117    
3 sigma total (1,3) (2,3) (3,3) =   11.40880003     -0.6815545117      -18.44257437    
 
      4300 0.430E-11*Pression =    -14.872    
 pression totale  potentiel = cinetique =
   -14.872       -21.300        6.4286    
 ----------valeurs moyennes------------
*temperature moyenne =       588.24
*pression moyenne =    0.66202    
 --------------------------------------
 
 
<<<<<<<<  ITERATION =   4400  time =   0.4400000E-11
 
 
 --------- Temperatures et Pression--------
 ----------valeurs instantanees------------
      4400 0.440E-11*Epot =    -515.5510782954264      eV 
    *energie PAIRE EAM =     20.5729703142      eV 
    *energie GLUE  =    -536.124048610      eV 
      4400 0.440E-11*Ec =     9.98795984482      eV   (603.686 K)
      4400 0.440E-11*Etot =    -505.5631184506026      eV 
 
      4400 0.440E-11*Epot/at =    -4.02774279918      eV 
 
      4400 0.440E-11*Temp instantanee = 603.686
 NPT With Parrinello-Rahman
      4400 0.440E-11*Kcell =    0.181595559379      eV   (468.304 K)
 Box tensor
 a  1.159576843708505E-007 -4.458970160545858E-009 -7.849574339082632E-009
 b  5.717177169456537E-009  1.135065645447570E-007 -1.230654716226409E-009
 c  6.141610884054768E-009  1.233772871743936E-009  1.160249727306600E-007
 H0(1)  1.080000000000000E-007  0.000000000000000E+000  0.000000000000000E+000
 H0(2)  0.000000000000000E+000  1.080000000000000E-007  0.000000000000000E+000
 H0(3)  0.000000000000000E+000  0.000000000000000E+000  1.080000000000000E-007
Strain (Lagrange def.):
  e(1:3,1) =   0.794149E-01  0.597834E-02 -0.877375E-02
  e(1:3,2) =   0.597834E-02  0.532041E-01  0.164875E-02
  e(1:3,3) =  -0.877375E-02  0.164875E-02  0.797721E-01
Rotation:
  r(1:3,1) =    0.00000     -0.471118E-01 -0.647740E-01
  r(1:3,2) =   0.471118E-01   0.00000     -0.114094E-01
  r(1:3,3) =   0.647740E-01  0.114094E-01   0.00000    
      4400 0.440E-11*l_a,m      11.6308567        11.4618346    
      4400 0.440E-11*l_b,m      11.3657120        11.4719603    
      4400 0.440E-11*l_c,m      11.6193958        11.4840956    
      4400 0.440E-11*ang_bc,m      89.8596    89.9336
      4400 0.440E-11*ang_ca,m      90.8653    89.9071
      4400 0.440E-11*ang_ab,m      89.2784    89.9633
      4400 0.440E-11*volume      1535.70009413        1511.62198403    
 
*temp instantanee des atomes de type 1 =       603.69
 
 * stress en kbar 
1 sigma potentiel (1,1) (2,1) (3,1) =  -56.07774792      -12.35316852       11.76176279    
2 sigma potentiel (1,2) (2,2) (3,2) =  -12.35316852      -37.83894877     -0.1986242355    
3 sigma potentiel (1,3) (2,3) (3,3) =   11.76176279     -0.1986242355      -53.55966729    
 
1 sigma cinetique (1,1) (2,1) (3,1) =   6.841611072     -0.8396258767      0.8532575370E-01
2 sigma cinetique (1,2) (2,2) (3,2) = -0.8396258767       7.658823512      0.9801574271    
3 sigma cinetique (1,3) (2,3) (3,3) =  0.8532575370E-01  0.9801574271       6.340189494    
 
1 sigma total (1,1) (2,1) (3,1) =  -49.23613684      -13.19279440       11.84708854    
2 sigma total (1,2) (2,2) (3,2) =  -13.19279440      -30.18012526      0.7815331916    
3 sigma total (1,3) (2,3) (3,3) =   11.84708854      0.7815331916      -47.21947780    
 
      4400 0.440E-11*Pression =    -42.212    
 pression totale  potentiel = cinetique =
   -42.212       -49.159        6.9469    
 ----------valeurs moyennes------------
*temperature moyenne =       588.59
*pression moyenne =   -0.31239    
 --------------------------------------
 
 
<<<<<<<<  ITERATION =   4500  time =   0.4500000E-11
 
 
 --------- Temperatures et Pression--------
 ----------valeurs instantanees------------
      4500 0.450E-11*Epot =    -514.3553058839666      eV 
    *energie PAIRE EAM =     22.6838591912      eV 
    *energie GLUE  =    -537.039165075      eV 
      4500 0.450E-11*Ec =     9.86367691793      eV   (596.174 K)
      4500 0.450E-11*Etot =    -504.4916289660361      eV 
 
      4500 0.450E-11*Epot/at =    -4.01840082722      eV 
 
      4500 0.450E-11*Temp instantanee = 596.174
 NPT With Parrinello-Rahman
      4500 0.450E-11*Kcell =    0.147442293163      eV   (380.229 K)
 Box tensor
 a  1.158695158219251E-007 -4.313155657017883E-009 -7.670934281631881E-009
 b  5.736594562412928E-009  1.134784140244167E-007 -1.131810132927496E-009
 c  5.843661728910709E-009  1.483151965663667E-009  1.159389814600418E-007
 H0(1)  1.080000000000000E-007  0.000000000000000E+000  0.000000000000000E+000
 H0(2)  0.000000000000000E+000  1.080000000000000E-007  0.000000000000000E+000
 H0(3)  0.000000000000000E+000  0.000000000000000E+000  1.080000000000000E-007
Strain (Lagrange def.):
  e(1:3,1) =   0.783951E-01  0.685371E-02 -0.933693E-02
  e(1:3,2) =   0.685371E-02  0.529044E-01  0.328382E-02
  e(1:3,3) =  -0.933693E-02  0.328382E-02  0.787882E-01
Rotation:
  r(1:3,1) =    0.00000     -0.465266E-01 -0.625676E-01
  r(1:3,2) =   0.465266E-01   0.00000     -0.121063E-01
  r(1:3,3) =   0.625676E-01  0.121063E-01   0.00000    
      4500 0.450E-11*l_a,m      11.6203232        11.4653566    
      4500 0.450E-11*l_b,m      11.3628957        11.4695366    
      4500 0.450E-11*l_c,m      11.6095631        11.4868837    
      4500 0.450E-11*ang_bc,m      89.6933    89.9283
      4500 0.450E-11*ang_ca,m      90.9287    89.9298
      4500 0.450E-11*ang_ab,m      89.2019    89.9463
      4500 0.450E-11*volume      1532.55884250        1512.08724755    
 
*temp instantanee des atomes de type 1 =       596.17
 
 * stress en kbar 
1 sigma potentiel (1,1) (2,1) (3,1) =  -46.44762220      -10.40433099       11.98879249    
2 sigma potentiel (1,2) (2,2) (3,2) =  -10.40433099      -35.20476498      -3.987296726    
3 sigma potentiel (1,3) (2,3) (3,3) =   11.98879249      -3.987296726      -47.58462864    
 
1 sigma cinetique (1,1) (2,1) (3,1) =   7.249880554     -0.6446859446      0.1257520074    
2 sigma cinetique (1,2) (2,2) (3,2) = -0.6446859446       6.452313847     -0.1435753116    
3 sigma cinetique (1,3) (2,3) (3,3) =  0.1257520074     -0.1435753116       6.921289096    
 
1 sigma total (1,1) (2,1) (3,1) =  -39.19774165      -11.04901693       12.11454450    
2 sigma total (1,2) (2,2) (3,2) =  -11.04901693      -28.75245113      -4.130872038    
3 sigma total (1,3) (2,3) (3,3) =   12.11454450      -4.130872038      -40.66333954    
 
      4500 0.450E-11*Pression =    -36.205    
 pression totale  potentiel = cinetique =
   -36.205       -43.079        6.8745    
 ----------valeurs moyennes------------
*temperature moyenne =       588.76
*pression moyenne =    -1.1100    
 --------------------------------------
 
 
<<<<<<<<  ITERATION =   4600  time =   0.4600000E-11
 
 
 --------- Temperatures et Pression--------
 ----------valeurs instantanees------------
      4600 0.460E-11*Epot =    -515.6004280605308      eV 
    *energie PAIRE EAM =     29.3040689614      eV 
    *energie GLUE  =    -544.904497022      eV 
      4600 0.460E-11*Ec =     10.4749751493      eV   (633.122 K)
      4600 0.460E-11*Etot =    -505.1254529112013      eV 
 
      4600 0.460E-11*Epot/at =    -4.02812834422      eV 
 
      4600 0.460E-11*Temp instantanee = 633.122
 NPT With Parrinello-Rahman
      4600 0.460E-11*Kcell =    0.552947670352      eV   (1425.959 K)
 Box tensor
 a  1.151661693895631E-007 -4.483946399529312E-009 -7.154794301736523E-009
 b  5.414084411969520E-009  1.130319015021250E-007 -1.117691133468677E-009
 c  5.810972206230264E-009  1.566826347707014E-009  1.150836783465031E-007
 H0(1)  1.080000000000000E-007  0.000000000000000E+000  0.000000000000000E+000
 H0(2)  0.000000000000000E+000  1.080000000000000E-007  0.000000000000000E+000
 H0(3)  0.000000000000000E+000  0.000000000000000E+000  1.080000000000000E-007
Strain (Lagrange def.):
  e(1:3,1) =   0.712588E-01  0.448689E-02 -0.691416E-02
  e(1:3,2) =   0.448689E-02  0.486442E-01  0.368926E-02
  e(1:3,3) =  -0.691416E-02  0.368926E-02  0.699886E-01
Rotation:
  r(1:3,1) =    0.00000     -0.458242E-01 -0.600267E-01
  r(1:3,2) =   0.458242E-01   0.00000     -0.124283E-01
  r(1:3,3) =   0.600267E-01  0.124283E-01   0.00000    
      4600 0.460E-11*l_a,m      11.5475294        11.4671430    
      4600 0.460E-11*l_b,m      11.3167011        11.4662141    
      4600 0.460E-11*l_c,m      11.5240945        11.4876927    
      4600 0.460E-11*ang_bc,m      89.6488    89.9222
      4600 0.460E-11*ang_ca,m      90.6941    89.9464
      4600 0.460E-11*ang_ab,m      89.4533    89.9356
      4600 0.460E-11*volume      1505.75954252        1511.94968874    
 
*temp instantanee des atomes de type 1 =       633.12
 
 * stress en kbar 
1 sigma potentiel (1,1) (2,1) (3,1) =  -20.95596111      -9.691688040       8.051791171    
2 sigma potentiel (1,2) (2,2) (3,2) =  -9.691688040      -11.47752000      -5.099884046    
3 sigma potentiel (1,3) (2,3) (3,3) =   8.051791171      -5.099884046      -19.46579274    
 
1 sigma cinetique (1,1) (2,1) (3,1) =   7.378527064      -1.291539819      0.8930955561    
2 sigma cinetique (1,2) (2,2) (3,2) =  -1.291539819       7.621908880      -1.494759804    
3 sigma cinetique (1,3) (2,3) (3,3) =  0.8930955561      -1.494759804       7.290983320    
 
1 sigma total (1,1) (2,1) (3,1) =  -13.57743405      -10.98322786       8.944886727    
2 sigma total (1,2) (2,2) (3,2) =  -10.98322786      -3.855611116      -6.594643850    
3 sigma total (1,3) (2,3) (3,3) =   8.944886727      -6.594643850      -12.17480942    
 
      4600 0.460E-11*Pression =    -9.8693    
 pression totale  potentiel = cinetique =
   -9.8693       -17.300        7.4305    
 ----------valeurs moyennes------------
*temperature moyenne =       589.73
*pression moyenne =    -1.3004    
 --------------------------------------
 
 
<<<<<<<<  ITERATION =   4700  time =   0.4700000E-11
 
 
 --------- Temperatures et Pression--------
 ----------valeurs instantanees------------
      4700 0.470E-11*Epot =    -516.8900455338452      eV 
    *energie PAIRE EAM =     37.7325573085      eV 
    *energie GLUE  =    -554.622602842      eV 
      4700 0.470E-11*Ec =     9.74567509512      eV   (589.042 K)
      4700 0.470E-11*Etot =    -507.1443704387267      eV 
 
      4700 0.470E-11*Epot/at =    -4.03820348073      eV 
 
      4700 0.470E-11*Temp instantanee = 589.042
 NPT With Parrinello-Rahman
      4700 0.470E-11*Kcell =    0.608288165002      eV   (1568.673 K)
 Box tensor
 a  1.142974266237374E-007 -4.819600188328140E-009 -6.432748087660310E-009
 b  4.815261748123395E-009  1.126465007381994E-007 -1.066387199632688E-009
 c  5.937667013904067E-009  1.600637896724893E-009  1.138743081242996E-007
 H0(1)  1.080000000000000E-007  0.000000000000000E+000  0.000000000000000E+000
 H0(2)  0.000000000000000E+000  1.080000000000000E-007  0.000000000000000E+000
 H0(3)  0.000000000000000E+000  0.000000000000000E+000  1.080000000000000E-007
Strain (Lagrange def.):
  e(1:3,1) =   0.625148E-01  0.453765E-04 -0.275350E-02
  e(1:3,2) =   0.453765E-04  0.450542E-01  0.399306E-02
  e(1:3,3) =  -0.275350E-02  0.399306E-02  0.576936E-01
Rotation:
  r(1:3,1) =    0.00000     -0.446058E-01 -0.572704E-01
  r(1:3,2) =   0.446058E-01   0.00000     -0.123473E-01
  r(1:3,3) =   0.572704E-01  0.123473E-01   0.00000    
      4700 0.470E-11*l_a,m      11.4579713        11.4669478    
      4700 0.470E-11*l_b,m      11.2754415        11.4621551    
      4700 0.470E-11*l_c,m      11.4040238        11.4859125    
      4700 0.470E-11*ang_bc,m      89.6103    89.9156
      4700 0.470E-11*ang_ca,m      90.2700    89.9533
      4700 0.470E-11*ang_ab,m      89.9365    89.9356
      4700 0.470E-11*volume      1473.27645438        1511.12685397    
 
*temp instantanee des atomes de type 1 =       589.04
 
 * stress en kbar 
1 sigma potentiel (1,1) (2,1) (3,1) =   7.802611673      -4.694642071       8.516228712    
2 sigma potentiel (1,2) (2,2) (3,2) =  -4.694642071       18.11974877      -7.129691239    
3 sigma potentiel (1,3) (2,3) (3,3) =   8.516228712      -7.129691239       11.73312467    
 
1 sigma cinetique (1,1) (2,1) (3,1) =   7.436587910     -0.3717407561      0.2471036311    
2 sigma cinetique (1,2) (2,2) (3,2) = -0.3717407561       6.673471962     -0.8115124815    
3 sigma cinetique (1,3) (2,3) (3,3) =  0.2471036311     -0.8115124815       7.086628921    
 
1 sigma total (1,1) (2,1) (3,1) =   15.23919958      -5.066382827       8.763332343    
2 sigma total (1,2) (2,2) (3,2) =  -5.066382827       24.79322073      -7.941203720    
3 sigma total (1,3) (2,3) (3,3) =   8.763332343      -7.941203720       18.81975359    
 
      4700 0.470E-11*Pression =     19.617    
 pression totale  potentiel = cinetique =
    19.617        12.552        7.0656    
 ----------valeurs moyennes------------
*temperature moyenne =       589.71
*pression moyenne =   -0.85535    
 --------------------------------------
 
 
<<<<<<<<  ITERATION =   4800  time =   0.4800000E-11
 
 
 --------- Temperatures et Pression--------
 ----------valeurs instantanees------------
      4800 0.480E-11*Epot =    -516.5942828151391      eV 
    *energie PAIRE EAM =     42.3729552627      eV 
    *energie GLUE  =    -558.967238078      eV 
      4800 0.480E-11*Ec =     9.57677312337      eV   (578.833 K)
      4800 0.480E-11*Etot =    -507.0175096917699      eV 
 
      4800 0.480E-11*Epot/at =    -4.03589283449      eV 
 
      4800 0.480E-11*Temp instantanee = 578.833
 NPT With Parrinello-Rahman
      4800 0.480E-11*Kcell =    0.267700767870      eV   (690.355 K)
 Box tensor
 a  1.137435175639597E-007 -5.036430183586135E-009 -5.591775172270272E-009
 b  4.200517245945006E-009  1.128016866476625E-007 -1.010543415755745E-009
 c  6.157661632160635E-009  1.457589475008332E-009  1.131537871452226E-007
 H0(1)  1.080000000000000E-007  0.000000000000000E+000  0.000000000000000E+000
 H0(2)  0.000000000000000E+000  1.080000000000000E-007  0.000000000000000E+000
 H0(3)  0.000000000000000E+000  0.000000000000000E+000  1.080000000000000E-007
Strain (Lagrange def.):
  e(1:3,1) =   0.569765E-01 -0.386062E-02  0.242154E-02
  e(1:3,2) =  -0.386062E-02  0.466268E-01  0.339092E-02
  e(1:3,3) =   0.242154E-02  0.339092E-02  0.502430E-01
Rotation:
  r(1:3,1) =    0.00000     -0.427636E-01 -0.543955E-01
  r(1:3,2) =   0.427636E-01   0.00000     -0.114265E-01
  r(1:3,3) =   0.543955E-01  0.114265E-01   0.00000    
      4800 0.480E-11*l_a,m      11.3992199        11.4655368    
      4800 0.480E-11*l_b,m      11.2884392        11.4585361    
      4800 0.480E-11*l_c,m      11.3330582        11.4827280    
      4800 0.480E-11*ang_bc,m      89.6599    89.9103
      4800 0.480E-11*ang_ca,m      89.7325    89.9487
      4800 0.480E-11*ang_ab,m      90.3771    89.9448
      4800 0.480E-11*volume      1458.25770784        1510.02541342    
 
*temp instantanee des atomes de type 1 =       578.83
 
 * stress en kbar 
1 sigma potentiel (1,1) (2,1) (3,1) =   29.06192172       9.191167898      -6.279077915    
2 sigma potentiel (1,2) (2,2) (3,2) =   9.191167898       32.96311884      -7.187184718    
3 sigma potentiel (1,3) (2,3) (3,3) =  -6.279077915      -7.187184718       35.67852950    
 
1 sigma cinetique (1,1) (2,1) (3,1) =   6.748011076      0.3749252451E-01 -0.1329813610    
2 sigma cinetique (1,2) (2,2) (3,2) =  0.3749252451E-01   7.074405417      0.4628901783    
3 sigma cinetique (1,3) (2,3) (3,3) = -0.1329813610      0.4628901783       7.221436605    
 
1 sigma total (1,1) (2,1) (3,1) =   35.80993280       9.228660422      -6.412059276    
2 sigma total (1,2) (2,2) (3,2) =   9.228660422       40.03752426      -6.724294540    
3 sigma total (1,3) (2,3) (3,3) =  -6.412059276      -6.724294540       42.89996610    
 
      4800 0.480E-11*Pression =     39.582    
 pression totale  potentiel = cinetique =
    39.582        32.568        7.0146    
 ----------valeurs moyennes------------
*temperature moyenne =       589.48
*pression moyenne =   -0.12900E-01
 --------------------------------------
 
 
<<<<<<<<  ITERATION =   4900  time =   0.4900000E-11
 
 
 --------- Temperatures et Pression--------
 ----------valeurs instantanees------------
      4900 0.490E-11*Epot =    -517.3523403376764      eV 
    *energie PAIRE EAM =     36.8567584955      eV 
    *energie GLUE  =    -554.209098833      eV 
      4900 0.490E-11*Ec =     9.85014576753      eV   (595.356 K)
      4900 0.490E-11*Etot =    -507.5021945701451      eV 
 
      4900 0.490E-11*Epot/at =    -4.04181515889      eV 
 
      4900 0.490E-11*Temp instantanee = 595.356
 NPT With Parrinello-Rahman
      4900 0.490E-11*Kcell =    0.463770126984      eV   (1195.985 K)
 Box tensor
 a  1.138347110497319E-007 -5.024125662749877E-009 -4.949114902540274E-009
 b  3.779183734418009E-009  1.137589011834258E-007 -9.665710393145855E-010
 c  6.201372529677116E-009  1.209556393842913E-009  1.133857624890019E-007
 H0(1)  1.080000000000000E-007  0.000000000000000E+000  0.000000000000000E+000
 H0(2)  0.000000000000000E+000  1.080000000000000E-007  0.000000000000000E+000
 H0(3)  0.000000000000000E+000  0.000000000000000E+000  1.080000000000000E-007
Strain (Lagrange def.):
  e(1:3,1) =   0.577452E-01 -0.576574E-02  0.583477E-02
  e(1:3,2) =  -0.576574E-02  0.558896E-01  0.223146E-02
  e(1:3,3) =   0.583477E-02  0.223146E-02  0.522016E-01
Rotation:
  r(1:3,1) =    0.00000     -0.407561E-01 -0.516226E-01
  r(1:3,2) =   0.407561E-01   0.00000     -0.100747E-01
  r(1:3,3) =   0.516226E-01  0.100747E-01   0.00000    
      4900 0.490E-11*l_a,m      11.4052957        11.4643074    
      4900 0.490E-11*l_b,m      11.3825762        11.4569859    
      4900 0.490E-11*l_c,m      11.3561662        11.4801451    
      4900 0.490E-11*ang_bc,m      89.7720    89.9074
      4900 0.490E-11*ang_ca,m      89.3864    89.9372
      4900 0.490E-11*ang_ab,m      90.6027    89.9583
      4900 0.490E-11*volume      1474.09778278        1509.29219647    
 
*temp instantanee des atomes de type 1 =       595.36
 
 * stress en kbar 
1 sigma potentiel (1,1) (2,1) (3,1) =   11.12647034       10.74245195      -9.420520973    
2 sigma potentiel (1,2) (2,2) (3,2) =   10.74245195       13.59429668      -4.235116539    
3 sigma potentiel (1,3) (2,3) (3,3) =  -9.420520973      -4.235116539       14.70625695    
 
1 sigma cinetique (1,1) (2,1) (3,1) =   6.316273010      0.5887069524      0.5395681638    
2 sigma cinetique (1,2) (2,2) (3,2) =  0.5887069524       7.671084365      0.4369321328    
3 sigma cinetique (1,3) (2,3) (3,3) =  0.5395681638      0.4369321328       7.424616637    
 
1 sigma total (1,1) (2,1) (3,1) =   17.44274335       11.33115890      -8.880952810    
2 sigma total (1,2) (2,2) (3,2) =   11.33115890       21.26538105      -3.798184406    
3 sigma total (1,3) (2,3) (3,3) =  -8.880952810      -3.798184406       22.13087358    
 
      4900 0.490E-11*Pression =     20.280    
 pression totale  potentiel = cinetique =
    20.280        13.142        7.1373    
 ----------valeurs moyennes------------
*temperature moyenne =       589.60
*pression moyenne =    0.40123    
 --------------------------------------
 
 
<<<<<<<<  ITERATION =   5000  time =   0.5000000E-11
 
 
 --------- Temperatures et Pression--------
 ----------valeurs instantanees------------
      5000 0.500E-11*Epot =    -517.7440902548007      eV 
    *energie PAIRE EAM =     27.0619465203      eV 
    *energie GLUE  =    -544.806036775      eV 
      5000 0.500E-11*Ec =     9.48829060729      eV   (573.485 K)
      5000 0.500E-11*Etot =    -508.2557996475120      eV 
 
      5000 0.500E-11*Epot/at =    -4.04487570512      eV 
 
      5000 0.500E-11*Temp instantanee = 573.485
 NPT With Parrinello-Rahman
      5000 0.500E-11*Kcell =    0.424400470434      eV   (1094.457 K)
 Box tensor
 a  1.142477689575109E-007 -4.815274042597137E-009 -4.678764341283972E-009
 b  3.592880731240452E-009  1.151083968282148E-007 -9.798749417576454E-010
 c  6.101216072953989E-009  8.896779990308929E-010  1.140293368377451E-007
 H0(1)  1.080000000000000E-007  0.000000000000000E+000  0.000000000000000E+000
 H0(2)  0.000000000000000E+000  1.080000000000000E-007  0.000000000000000E+000
 H0(3)  0.000000000000000E+000  0.000000000000000E+000  1.080000000000000E-007
Strain (Lagrange def.):
  e(1:3,1) =   0.616721E-01 -0.562138E-02  0.675834E-02
  e(1:3,2) =  -0.562138E-02  0.690124E-01  0.479556E-03
  e(1:3,3) =   0.675834E-02  0.479556E-03  0.583651E-01
Rotation:
  r(1:3,1) =    0.00000     -0.389266E-01 -0.499073E-01
  r(1:3,2) =   0.389266E-01   0.00000     -0.865534E-02
  r(1:3,3) =   0.499073E-01  0.865534E-02   0.00000    
      5000 0.500E-11*l_a,m      11.4444879        11.4639110    
      5000 0.500E-11*l_b,m      11.5168624        11.4581834    
      5000 0.500E-11*l_c,m      11.4195911        11.4789340    
      5000 0.500E-11*ang_bc,m      89.9451    89.9082
      5000 0.500E-11*ang_ca,m      89.3018    89.9245
      5000 0.500E-11*ang_ab,m      90.6052    89.9712
      5000 0.500E-11*volume      1504.95796309        1509.20551180    
 
*temp instantanee des atomes de type 1 =       573.49
 
 * stress en kbar 
1 sigma potentiel (1,1) (2,1) (3,1) =  -23.49466843       10.77752105      -9.448149565    
2 sigma potentiel (1,2) (2,2) (3,2) =   10.77752105      -27.46919395      -2.155349825    
3 sigma potentiel (1,3) (2,3) (3,3) =  -9.448149565      -2.155349825      -19.28662027    
 
1 sigma cinetique (1,1) (2,1) (3,1) =   5.878211036     -0.5611547921     -0.2109838711E-01
2 sigma cinetique (1,2) (2,2) (3,2) = -0.5611547921       7.197546901      0.5111477425    
3 sigma cinetique (1,3) (2,3) (3,3) = -0.2109838711E-01  0.5111477425       7.126687924    
 
1 sigma total (1,1) (2,1) (3,1) =  -17.61645740       10.21636626      -9.469247952    
2 sigma total (1,2) (2,2) (3,2) =   10.21636626      -20.27164705      -1.644202082    
3 sigma total (1,3) (2,3) (3,3) =  -9.469247952      -1.644202082      -12.15993235    
 
      5000 0.500E-11*Pression =    -16.683    
 pression totale  potentiel = cinetique =
   -16.683       -23.417        6.7341    
 ----------valeurs moyennes------------
*temperature moyenne =       589.28
*pression moyenne =    0.59556E-01
 --------------------------------------
 *******Derniere iteration **** 
 
 
 ####### END OF RUN  ######## =         5001   time =   5.000999999999841E-012
