 Process            0  of            1  is alive
 nom fichier din=
 Febulk.din                                                                     
  
 
 -------- caracteristiques du run DM--------88
      PCst en LANGEVIN
 generation du crystal ; puis run
 
      ANALYSES 
 itetemp=         100  iteprtsigma=         100
 
      CONTROLES 
tstep=  0.100D-14
 itmax=       20000 timemax=    10000000000.0000       itab=           1 
  itetimestep=          -1
tinit=     600.0
tempdeplainit=      -1.0
debyetemp=      -1.0
  ----------------------------------
 
 
 nb de potentiels           1
 ipotentiel          10
 fmt_cin           1
 rang readdm iseed            0  1514795885
 
 -*-*-*-*-*-*-*POTENTIELS*-*-*-*-*-
 
 
 POTENTIEL EAM
 
 NTYP NPAIR            1           1
 Types d_atomes pour ce potentiel:
 CM, masse,type, NUMERO DU TYPE D ATOME
   1   55.847   26.000  Fe 
 nb of readed pairs           1
 nptmax in the max number of points on grid        249999
 EAM           1           1
 EAM number of points in potin and the step      249999  6.817837029000000E-004
 dens           1           1
 RHO potin points and the step:       249999  2.400000000000000E-005
 paire eam ; paire complete           1           1
 rep
 
  *-*-*-*-*-*CONSTRUCTION DE LA BOITE*-*-*-*-*-*-
 imm,imm_glob,nprocspace         150         150           1
 
 **********construction du reseau************
 repetition de mailles           4           4           4
  .gin with 0 coordinates; creates FAILURES,  POSITIONS SHIFTED By +2e-7
 nox,noy,noz dans .din =          -1          -1          -1
 calcul de nox noy noz !!!
nox noy noz calcules a partir de ru
  nox = Int(   0.1080E-06/  0.6000E-07) = 1
  noy = Int(   0.1080E-06/  0.6000E-07) = 1
  noz = Int(   0.1080E-06/  0.6000E-07) = 1
celsizes   0.1080000E-06  0.1080000E-06  0.1080000E-06
Febulk.gin                                                                      volume= 0.12597120D-20 cm3  0.12597120D+04 Ang3
 natperc im/noxyz         384         128
 ltabvois F
 
 -------- boite de simulation ------
 nombre d atomes =         128
vecteur  1      10.800000       0.000000       0.000000
vecteur  2       0.000000      10.800000       0.000000
vecteur  3       0.000000       0.000000      10.800000
         128  atomes de type           1
 
  -------------------------------------------------------------------
              2nd step of potential initialization , dependancy on box size
 calpoeam ktorho and the inverse:   8.522228107257609E-003
   117.340205802329     
 random velocities at TINIT =    600.000000000000      K
 temperature fin initspeed    620.220264127776     
 ***** PREMIERE ITERATION LPR  ****       20000   10000000000.0000     
 
 Algorithme deP cst Langevin Parrinello-Rahman 
  -> la vitesse de la boîte ne prend pas en compte la dérivée du tenseur h à t=0
 
Repère actuel  (A):
 h (1:3,1) = 10.80000 .00000 .00000
 h (1:3,2) = .00000 10.80000 .00000
 h (1:3,3) = .00000 .00000 10.80000
Masse de la boîte pour Parrinello-Rahman: wbox=  0.593338543565E-20
Initialisation de la vitesse de la boîte pour la température 600.000 K
      0 0.000D+00*Kcell =    0.298142786815D+00  eV   (768.860 K)
 
 
<<<<<<<<  ITERATION =    100  time =   0.1000000E-12
 
 
 --------- Temperatures et Pression--------
 ----------valeurs instantanees------------
       100 0.100E-12*Epot =    -520.0920991557589      eV 
    *energie PAIRE EAM =     57.8011986613      eV 
    *energie GLUE  =    -577.893297817      eV 
       100 0.100E-12*Ec =     5.96393495259      eV   (360.468 K)
       100 0.100E-12*Etot =    -514.1281642031726      eV 
 
       100 0.100E-12*Epot/at =    -4.06321952465      eV 
 
       100 0.100E-12*Temp instantanee = 360.468
 NPT With Parrinello-Rahman
       100 0.100E-12*Kcell =     17.8205921737      eV   (45956.313 K)
 Box tensor
 a  1.115665500247007E-007  3.784442792058626E-010  3.085906203457993E-010
 b  3.404875641732022E-010  1.115688396185744E-007  4.262940111916453E-010
 c  3.874972244067017E-010  4.407837325255916E-010  1.115173845835413E-007
 H0(1)  1.080000000000000E-007  0.000000000000000E+000  0.000000000000000E+000
 H0(2)  0.000000000000000E+000  1.080000000000000E-007  0.000000000000000E+000
 H0(3)  0.000000000000000E+000  0.000000000000000E+000  1.080000000000000E-007
Strain (Lagrange def.):
  e(1:3,1) =   0.335803E-01  0.344566E-02  0.333446E-02
  e(1:3,2) =   0.344566E-02  0.336053E-01  0.415093E-02
  e(1:3,3) =   0.333446E-02  0.415093E-02  0.331106E-01
Rotation:
  r(1:3,1) =    0.00000      0.175726E-03 -0.365308E-03
  r(1:3,2) =  -0.175726E-03   0.00000     -0.670820E-04
  r(1:3,3) =   0.365308E-03  0.670820E-04   0.00000    
       100 0.100E-12*l_a,m      11.1567619        11.1567619    
       100 0.100E-12*l_b,m      11.1570174        11.1570174    
       100 0.100E-12*l_c,m      11.1518929        11.1518929    
       100 0.100E-12*ang_bc,m      89.5540    89.5540
       100 0.100E-12*ang_ca,m      89.6417    89.6417
       100 0.100E-12*ang_ab,m      89.6302    89.6302
       100 0.100E-12*volume      1388.04740998        1388.04740998    
 
*temp instantanee des atomes de type 1 =       360.47
 
 * stress en kbar 
1 sigma potentiel (1,1) (2,1) (3,1) =   103.3540165      -14.09105129      -10.07667421    
2 sigma potentiel (1,2) (2,2) (3,2) =  -14.09105129       103.8322028      -7.056778755    
3 sigma potentiel (1,3) (2,3) (3,3) =  -10.07667421      -7.056778755       106.8386986    
 
1 sigma cinetique (1,1) (2,1) (3,1) =   4.851496437     -0.3486914458     -0.1986770039    
2 sigma cinetique (1,2) (2,2) (3,2) = -0.3486914458       4.687762246      0.4138408892    
3 sigma cinetique (1,3) (2,3) (3,3) = -0.1986770039      0.4138408892       4.228680568    
 
1 sigma total (1,1) (2,1) (3,1) =   108.2055129      -14.43974274      -10.27535121    
2 sigma total (1,2) (2,2) (3,2) =  -14.43974274       108.5199651      -6.642937865    
3 sigma total (1,3) (2,3) (3,3) =  -10.27535121      -6.642937865       111.0673791    
 
       100 0.100E-12*Pression =     109.26    
 pression totale  potentiel = cinetique =
    109.26        104.67        4.5893    
 ----------valeurs moyennes------------
*temperature moyenne =       360.47
*pression moyenne =     109.26    
 --------------------------------------
 
 
<<<<<<<<  ITERATION =    200  time =   0.2000000E-12
 
 
 --------- Temperatures et Pression--------
 ----------valeurs instantanees------------
       200 0.200E-12*Epot =    -513.3677313689155      eV 
    *energie PAIRE EAM =     2.51789864579      eV 
    *energie GLUE  =    -515.885630015      eV 
       200 0.200E-12*Ec =     6.87869670903      eV   (415.758 K)
       200 0.200E-12*Etot =    -506.4890346598872      eV 
 
       200 0.200E-12*Epot/at =    -4.01068540132      eV 
 
       200 0.200E-12*Temp instantanee = 415.758
 NPT With Parrinello-Rahman
       200 0.200E-12*Kcell =     13.7621236353      eV   (35490.204 K)
 Box tensor
 a  1.173506446810598E-007  5.312445997079287E-010  4.027307133756453E-010
 b  4.756934370348556E-010  1.172982117755456E-007  6.111655865881514E-010
 c  6.360884058924546E-010  7.608587505715628E-010  1.170901642035346E-007
 H0(1)  1.080000000000000E-007  0.000000000000000E+000  0.000000000000000E+000
 H0(2)  0.000000000000000E+000  1.080000000000000E-007  0.000000000000000E+000
 H0(3)  0.000000000000000E+000  0.000000000000000E+000  1.080000000000000E-007
Strain (Lagrange def.):
  e(1:3,1) =   0.903551E-01  0.508504E-02  0.523110E-02
  e(1:3,2) =   0.508504E-02  0.898376E-01  0.690122E-02
  e(1:3,3) =   0.523110E-02  0.690122E-02  0.877333E-01
Rotation:
  r(1:3,1) =    0.00000      0.257181E-03 -0.108036E-02
  r(1:3,2) =  -0.257181E-03   0.00000     -0.693024E-03
  r(1:3,3) =   0.108036E-02  0.693024E-03   0.00000    
       200 0.200E-12*l_a,m      11.7352538        11.4460078    
       200 0.200E-12*l_b,m      11.7300769        11.4435471    
       200 0.200E-12*l_c,m      11.7094364        11.4306646    
       200 0.200E-12*ang_bc,m      89.3279    89.4410
       200 0.200E-12*ang_ca,m      89.4904    89.5661
       200 0.200E-12*ang_ab,m      89.5073    89.5687
       200 0.200E-12*volume      1611.63468706        1499.84104852    
 
*temp instantanee des atomes de type 1 =       415.76
 
 * stress en kbar 
1 sigma potentiel (1,1) (2,1) (3,1) =  -115.2368105      -6.514917741      -5.156634544    
2 sigma potentiel (1,2) (2,2) (3,2) =  -6.514917741      -110.5409983      -8.336874227    
3 sigma potentiel (1,3) (2,3) (3,3) =  -5.156634544      -8.336874227      -110.8197681    
 
1 sigma cinetique (1,1) (2,1) (3,1) =   4.733655493     -0.7493213338     -0.2790793941E-01
2 sigma cinetique (1,2) (2,2) (3,2) = -0.7493213338       4.441813860      0.1534867626    
3 sigma cinetique (1,3) (2,3) (3,3) = -0.2790793941E-01  0.1534867626       4.501185851    
 
1 sigma total (1,1) (2,1) (3,1) =  -110.5031550      -7.264239075      -5.184542483    
2 sigma total (1,2) (2,2) (3,2) =  -7.264239075      -106.0991844      -8.183387465    
3 sigma total (1,3) (2,3) (3,3) =  -5.184542483      -8.183387465      -106.3185822    
 
       200 0.200E-12*Pression =    -107.64    
 pression totale  potentiel = cinetique =
   -107.64       -112.20        4.5589    
 ----------valeurs moyennes------------
*temperature moyenne =       388.11
*pression moyenne =    0.81199    
 --------------------------------------
 
 
<<<<<<<<  ITERATION =    300  time =   0.3000000E-12
 
 
 --------- Temperatures et Pression--------
 ----------valeurs instantanees------------
       300 0.300E-12*Epot =    -498.9032208062961      eV 
    *energie PAIRE EAM =    -16.6746934875      eV 
    *energie GLUE  =    -482.228527319      eV 
       300 0.300E-12*Ec =     6.98451524629      eV   (422.154 K)
       300 0.300E-12*Etot =    -491.9187055600099      eV 
 
       300 0.300E-12*Epot/at =    -3.89768141255      eV 
 
       300 0.300E-12*Temp instantanee = 422.154
 NPT With Parrinello-Rahman
       300 0.300E-12*Kcell =     1.32431024376      eV   (3415.174 K)
 Box tensor
 a  1.207270699725398E-007  4.952616548609158E-010  2.508249735281989E-010
 b  4.367812713782119E-010  1.207234957632041E-007  5.475310540562774E-010
 c  7.106771175210913E-010  9.736432306317063E-010  1.201774233323231E-007
 H0(1)  1.080000000000000E-007  0.000000000000000E+000  0.000000000000000E+000
 H0(2)  0.000000000000000E+000  1.080000000000000E-007  0.000000000000000E+000
 H0(3)  0.000000000000000E+000  0.000000000000000E+000  1.080000000000000E-007
Strain (Lagrange def.):
  e(1:3,1) =   0.124817      0.485310E-02  0.496947E-02
  e(1:3,2) =   0.485310E-02  0.124801      0.785468E-02
  e(1:3,3) =   0.496947E-02  0.785468E-02  0.119126    
Rotation:
  r(1:3,1) =    0.00000      0.270743E-03 -0.212895E-02
  r(1:3,2) =  -0.270743E-03   0.00000     -0.197274E-02
  r(1:3,3) =   0.212895E-02  0.197274E-02   0.00000    
       300 0.300E-12*l_a,m      12.0728346        11.6549501    
       300 0.300E-12*l_b,m      12.0725528        11.6532157    
       300 0.300E-12*l_c,m      12.0183469        11.6265587    
       300 0.300E-12*ang_bc,m      89.2747    89.3856
       300 0.300E-12*ang_ca,m      89.5403    89.5575
       300 0.300E-12*ang_ab,m      89.5571    89.5649
       300 0.300E-12*volume      1751.42556672        1583.70255458    
 
*temp instantanee des atomes de type 1 =       422.15
 
 * stress en kbar 
1 sigma potentiel (1,1) (2,1) (3,1) =  -157.8827743      -5.032211176      -4.260726519    
2 sigma potentiel (1,2) (2,2) (3,2) =  -5.032211176      -152.3526045      -5.680472691    
3 sigma potentiel (1,3) (2,3) (3,3) =  -4.260726519      -5.680472691      -153.3338130    
 
1 sigma cinetique (1,1) (2,1) (3,1) =   4.509924609     -0.4160503893      0.5388323400    
2 sigma cinetique (1,2) (2,2) (3,2) = -0.4160503893       4.471346582     -0.5369209368    
3 sigma cinetique (1,3) (2,3) (3,3) =  0.5388323400     -0.5369209368       3.797377410    
 
1 sigma total (1,1) (2,1) (3,1) =  -153.3728497      -5.448261565      -3.721894179    
2 sigma total (1,2) (2,2) (3,2) =  -5.448261565      -147.8812579      -6.217393628    
3 sigma total (1,3) (2,3) (3,3) =  -3.721894179      -6.217393628      -149.5364356    
 
       300 0.300E-12*Pression =    -150.26    
 pression totale  potentiel = cinetique =
   -150.26       -154.52        4.2595    
 ----------valeurs moyennes------------
*temperature moyenne =       399.46
*pression moyenne =    -49.547    
 --------------------------------------
 
 
<<<<<<<<  ITERATION =    400  time =   0.4000000E-12
 
 
 --------- Temperatures et Pression--------
 ----------valeurs instantanees------------
       400 0.400E-12*Epot =    -497.9545530911063      eV 
    *energie PAIRE EAM =    -13.0078478800      eV 
    *energie GLUE  =    -484.946705211      eV 
       400 0.400E-12*Ec =     7.27108371980      eV   (439.474 K)
       400 0.400E-12*Etot =    -490.6834693713111      eV 
 
       400 0.400E-12*Epot/at =    -3.89026994602      eV 
 
       400 0.400E-12*Temp instantanee = 439.474
 NPT With Parrinello-Rahman
       400 0.400E-12*Kcell =     2.20381488522      eV   (5683.268 K)
 Box tensor
 a  1.205148740352273E-007  2.149441294253817E-010  4.100953359076148E-011
 b  3.281440503092505E-010  1.205743090952576E-007  4.299398381552933E-010
 c  5.863341802205760E-010  1.078370865624770E-009  1.197848672666159E-007
 H0(1)  1.080000000000000E-007  0.000000000000000E+000  0.000000000000000E+000
 H0(2)  0.000000000000000E+000  1.080000000000000E-007  0.000000000000000E+000
 H0(3)  0.000000000000000E+000  0.000000000000000E+000  1.080000000000000E-007
Strain (Lagrange def.):
  e(1:3,1) =   0.122612      0.283359E-02  0.322862E-02
  e(1:3,2) =   0.283359E-02  0.123258      0.775982E-02
  e(1:3,3) =   0.322862E-02  0.775982E-02  0.115081    
Rotation:
  r(1:3,1) =    0.00000     -0.524074E-03 -0.252465E-02
  r(1:3,2) =   0.524074E-03   0.00000     -0.300200E-02
  r(1:3,3) =   0.252465E-02  0.300200E-02   0.00000    
       400 0.400E-12*l_a,m      12.0515073        11.7540894    
       400 0.400E-12*l_b,m      12.0575522        11.7542998    
       400 0.400E-12*l_c,m      11.9791156        11.7146979    
       400 0.400E-12*ang_bc,m      89.2792    89.3590
       400 0.400E-12*ang_ca,m      89.6991    89.5929
       400 0.400E-12*ang_ab,m      89.7418    89.6091
       400 0.400E-12*volume      1740.52647330        1622.90853426    
 
*temp instantanee des atomes de type 1 =       439.47
 
 * stress en kbar 
1 sigma potentiel (1,1) (2,1) (3,1) =  -136.6959940      -4.997476114      -3.611919691    
2 sigma potentiel (1,2) (2,2) (3,2) =  -4.997476114      -128.1348504      -8.205884937    
3 sigma potentiel (1,3) (2,3) (3,3) =  -3.611919691      -8.205884937      -131.6954261    
 
1 sigma cinetique (1,1) (2,1) (3,1) =   4.732855983     -0.7074664788      0.2202462604    
2 sigma cinetique (1,2) (2,2) (3,2) = -0.7074664788       4.044953134      0.4194981733    
3 sigma cinetique (1,3) (2,3) (3,3) =  0.2202462604      0.4194981733       4.608438523    
 
1 sigma total (1,1) (2,1) (3,1) =  -131.9631381      -5.704942593      -3.391673431    
2 sigma total (1,2) (2,2) (3,2) =  -5.704942593      -124.0898972      -7.786386764    
3 sigma total (1,3) (2,3) (3,3) =  -3.391673431      -7.786386764      -127.0869876    
 
       400 0.400E-12*Pression =    -127.71    
 pression totale  potentiel = cinetique =
   -127.71       -132.18        4.4621    
 ----------valeurs moyennes------------
*temperature moyenne =       409.46
*pression moyenne =    -69.088    
 --------------------------------------
 
 
<<<<<<<<  ITERATION =    500  time =   0.5000000E-12
 
 
 --------- Temperatures et Pression--------
 ----------valeurs instantanees------------
       500 0.500E-12*Epot =    -509.0485507769925      eV 
    *energie PAIRE EAM =     9.77434830176      eV 
    *energie GLUE  =    -518.822899079      eV 
       500 0.500E-12*Ec =     10.8418106492      eV   (655.294 K)
       500 0.500E-12*Etot =    -498.2067401278117      eV 
 
       500 0.500E-12*Epot/at =    -3.97694180295      eV 
 
       500 0.500E-12*Temp instantanee = 655.294
 NPT With Parrinello-Rahman
       500 0.500E-12*Kcell =     9.92834729786      eV   (25603.539 K)
 Box tensor
 a  1.172606735198245E-007 -1.857985003361652E-010 -1.644981717110043E-010
 b  9.853635234613226E-011  1.175816197046989E-007  1.425808704830719E-010
 c  2.625826200078045E-010  1.027555199550912E-009  1.163757683314569E-007
 H0(1)  1.080000000000000E-007  0.000000000000000E+000  0.000000000000000E+000
 H0(2)  0.000000000000000E+000  1.080000000000000E-007  0.000000000000000E+000
 H0(3)  0.000000000000000E+000  0.000000000000000E+000  1.080000000000000E-007
Strain (Lagrange def.):
  e(1:3,1) =   0.894266E-01 -0.425711E-03  0.483674E-03
  e(1:3,2) =  -0.425711E-03  0.927009E-01  0.584611E-02
  e(1:3,3) =   0.483674E-03  0.584611E-02  0.805627E-01
Rotation:
  r(1:3,1) =    0.00000     -0.131637E-02 -0.197723E-02
  r(1:3,2) =   0.131637E-02   0.00000     -0.409710E-02
  r(1:3,3) =   0.197723E-02  0.409710E-02   0.00000    
       500 0.500E-12*l_a,m      11.7260936        11.7484902    
       500 0.500E-12*l_b,m      11.7581747        11.7550748    
       500 0.500E-12*l_c,m      11.6380601        11.6993704    
       500 0.500E-12*ang_bc,m      89.4245    89.3721
       500 0.500E-12*ang_ca,m      89.9519    89.6647
       500 0.500E-12*ang_ab,m      90.0429    89.6958
       500 0.500E-12*volume      1604.54417775        1619.23566296    
 
*temp instantanee des atomes de type 1 =       655.29
 
 * stress en kbar 
1 sigma potentiel (1,1) (2,1) (3,1) =  -78.61921062      -3.479581637      -2.436670618    
2 sigma potentiel (1,2) (2,2) (3,2) =  -3.479581637      -82.41719544      -5.104495050    
3 sigma potentiel (1,3) (2,3) (3,3) =  -2.436670618      -5.104495050      -79.03562654    
 
1 sigma cinetique (1,1) (2,1) (3,1) =   6.657897538      0.8590712441      0.1010772946    
2 sigma cinetique (1,2) (2,2) (3,2) =  0.8590712441       7.370981997      0.4305220124    
3 sigma cinetique (1,3) (2,3) (3,3) =  0.1010772946      0.4305220124       7.622744746    
 
1 sigma total (1,1) (2,1) (3,1) =  -71.96131309      -2.620510393      -2.335593323    
2 sigma total (1,2) (2,2) (3,2) =  -2.620510393      -75.04621344      -4.673973037    
3 sigma total (1,3) (2,3) (3,3) =  -2.335593323      -4.673973037      -71.41288180    
 
       500 0.500E-12*Pression =    -72.807    
 pression totale  potentiel = cinetique =
   -72.807       -80.024        7.2172    
 ----------valeurs moyennes------------
*temperature moyenne =       458.63
*pression moyenne =    -69.832    
 --------------------------------------
 
 
<<<<<<<<  ITERATION =    600  time =   0.6000000E-12
 
 
 --------- Temperatures et Pression--------
 ----------valeurs instantanees------------
       600 0.600E-12*Epot =    -514.1491511410627      eV 
    *energie PAIRE EAM =     53.4954868943      eV 
    *energie GLUE  =    -567.644638035      eV 
       600 0.600E-12*Ec =     12.0516285571      eV   (728.417 K)
       600 0.600E-12*Etot =    -502.0975225839426      eV 
 
       600 0.600E-12*Epot/at =    -4.01679024329      eV 
 
       600 0.600E-12*Temp instantanee = 728.417
 NPT With Parrinello-Rahman
       600 0.600E-12*Kcell =     9.29525456151      eV   (23970.900 K)
 Box tensor
 a  1.128437618744856E-007 -7.419433308112472E-010 -3.099018492620387E-010
 b -2.279465753961434E-010  1.133129822143049E-007 -2.015176951688257E-010
 c -1.227614653022444E-010  9.495912844786993E-010  1.118395251721105E-007
 H0(1)  1.080000000000000E-007  0.000000000000000E+000  0.000000000000000E+000
 H0(2)  0.000000000000000E+000  1.080000000000000E-007  0.000000000000000E+000
 H0(3)  0.000000000000000E+000  0.000000000000000E+000  1.080000000000000E-007
Strain (Lagrange def.):
  e(1:3,1) =   0.458583E-01 -0.470120E-02 -0.208565E-02
  e(1:3,2) =  -0.470120E-02  0.504666E-01  0.358356E-02
  e(1:3,3) =  -0.208565E-02  0.358356E-02  0.361890E-01
Rotation:
  r(1:3,1) =    0.00000     -0.237961E-02 -0.866391E-03
  r(1:3,2) =   0.237961E-02   0.00000     -0.532921E-02
  r(1:3,3) =   0.866391E-03  0.532921E-02   0.00000    
       600 0.600E-12*l_a,m      11.2846627        11.6711856    
       600 0.600E-12*l_b,m      11.3313391        11.6844522    
       600 0.600E-12*l_c,m      11.1843624        11.6135357    
       600 0.600E-12*ang_bc,m      89.6153    89.4126
       600 0.600E-12*ang_ca,m      90.2234    89.7578
       600 0.600E-12*ang_ab,m      90.4917    89.8285
       600 0.600E-12*volume      1430.05275572        1587.70517842    
 
*temp instantanee des atomes de type 1 =       728.42
 
 * stress en kbar 
1 sigma potentiel (1,1) (2,1) (3,1) =   72.33858428       12.01830839       4.643221305    
2 sigma potentiel (1,2) (2,2) (3,2) =   12.01830839       68.86785398      -1.090550590    
3 sigma potentiel (1,3) (2,3) (3,3) =   4.643221305      -1.090550590       75.41910535    
 
1 sigma cinetique (1,1) (2,1) (3,1) =   8.058927713     -0.1679661531     -0.1258272626    
2 sigma cinetique (1,2) (2,2) (3,2) = -0.1679661531       7.302659124     -0.4981219536    
3 sigma cinetique (1,3) (2,3) (3,3) = -0.1258272626     -0.4981219536       11.64278141    
 
1 sigma total (1,1) (2,1) (3,1) =   80.39751199       11.85034224       4.517394042    
2 sigma total (1,2) (2,2) (3,2) =   11.85034224       76.17051311      -1.588672544    
3 sigma total (1,3) (2,3) (3,3) =   4.517394042      -1.588672544       87.06188676    
 
       600 0.600E-12*Pression =     81.210    
 pression totale  potentiel = cinetique =
    81.210        72.209        9.0015    
 ----------valeurs moyennes------------
*temperature moyenne =       503.59
*pression moyenne =    -44.658    
 --------------------------------------
 
 
<<<<<<<<  ITERATION =    700  time =   0.7000000E-12
 
 
 --------- Temperatures et Pression--------
 ----------valeurs instantanees------------
       700 0.700E-12*Epot =    -509.4410102312602      eV 
    *energie PAIRE EAM =     92.2456766210      eV 
    *energie GLUE  =    -601.686686852      eV 
       700 0.700E-12*Ec =     12.2592352102      eV   (740.965 K)
       700 0.700E-12*Etot =    -497.1817750210622      eV 
 
       700 0.700E-12*Epot/at =    -3.98000789243      eV 
 
       700 0.700E-12*Temp instantanee = 740.965
 NPT With Parrinello-Rahman
       700 0.700E-12*Kcell =    0.154965666824      eV   (399.630 K)
 Box tensor
 a  1.102859592388862E-007 -9.758489547001721E-010 -2.750872798940772E-010
 b -3.044313881948960E-010  1.107889011527579E-007 -5.175393819666706E-010
 c -4.090209638520914E-010  9.111598521177806E-010  1.092903940534744E-007
 H0(1)  1.080000000000000E-007  0.000000000000000E+000  0.000000000000000E+000
 H0(2)  0.000000000000000E+000  1.080000000000000E-007  0.000000000000000E+000
 H0(3)  0.000000000000000E+000  0.000000000000000E+000  1.080000000000000E-007
Strain (Lagrange def.):
  e(1:3,1) =   0.214014E-01 -0.607522E-02 -0.321000E-02
  e(1:3,2) =  -0.607522E-02  0.262330E-01  0.182235E-02
  e(1:3,3) =  -0.321000E-02  0.182235E-02  0.120342E-01
Rotation:
  r(1:3,1) =    0.00000     -0.310841E-02  0.620063E-03
  r(1:3,2) =   0.310841E-02   0.00000     -0.661435E-02
  r(1:3,3) =  -0.620063E-03  0.661435E-02   0.00000    
       700 0.700E-12*l_a,m      11.0290620        11.5794537    
       700 0.700E-12*l_b,m      11.0790528        11.5979665    
       700 0.700E-12*l_c,m      10.9294958        11.5158157    
       700 0.700E-12*ang_bc,m      89.7894    89.4664
       700 0.700E-12*ang_ca,m      90.3615    89.8441
       700 0.700E-12*ang_ab,m      90.6637    89.9478
       700 0.700E-12*volume      1335.36727683        1551.65690676    
 
*temp instantanee des atomes de type 1 =       740.97
 
 * stress en kbar 
1 sigma potentiel (1,1) (2,1) (3,1) =   229.3532207       20.38415349       13.82016046    
2 sigma potentiel (1,2) (2,2) (3,2) =   20.38415349       228.3214080      -9.400236522    
3 sigma potentiel (1,3) (2,3) (3,3) =   13.82016046      -9.400236522       229.7895399    
 
1 sigma cinetique (1,1) (2,1) (3,1) =   9.942106437     -0.5449418291     -0.2407969329E-01
2 sigma cinetique (1,2) (2,2) (3,2) = -0.5449418291       10.37174070      0.4706506820    
3 sigma cinetique (1,3) (2,3) (3,3) = -0.2407969329E-01  0.4706506820       9.103465162    
 
1 sigma total (1,1) (2,1) (3,1) =   239.2953271       19.83921166       13.79608077    
2 sigma total (1,2) (2,2) (3,2) =   19.83921166       238.6931487      -8.929585840    
3 sigma total (1,3) (2,3) (3,3) =   13.79608077      -8.929585840       238.8930050    
 
       700 0.700E-12*Pression =     238.96    
 pression totale  potentiel = cinetique =
    238.96        229.15        9.8058    
 ----------valeurs moyennes------------
*temperature moyenne =       537.50
*pression moyenne =    -4.1413    
 --------------------------------------
 
 
<<<<<<<<  ITERATION =    800  time =   0.8000000E-12
 
 
 --------- Temperatures et Pression--------
 ----------valeurs instantanees------------
       800 0.800E-12*Epot =    -515.7227236158122      eV 
    *energie PAIRE EAM =     61.1068547112      eV 
    *energie GLUE  =    -576.829578327      eV 
       800 0.800E-12*Ec =     11.2689628303      eV   (681.112 K)
       800 0.800E-12*Etot =    -504.4537607854843      eV 
 
       800 0.800E-12*Epot/at =    -4.02908377825      eV 
 
       800 0.800E-12*Temp instantanee = 681.112
 NPT With Parrinello-Rahman
       800 0.800E-12*Kcell =     6.60539463260      eV   (17034.203 K)
 Box tensor
 a  1.120421099354439E-007 -8.723956558759048E-010 -3.495474896025987E-011
 b  7.124112804750837E-011  1.125498587686443E-007 -9.388754843824301E-010
 c -4.073263910454218E-010  8.739431453339832E-010  1.110057254063711E-007
 H0(1)  1.080000000000000E-007  0.000000000000000E+000  0.000000000000000E+000
 H0(2)  0.000000000000000E+000  1.080000000000000E-007  0.000000000000000E+000
 H0(3)  0.000000000000000E+000  0.000000000000000E+000  1.080000000000000E-007
Strain (Lagrange def.):
  e(1:3,1) =   0.381347E-01 -0.386158E-02 -0.210900E-02
  e(1:3,2) =  -0.386158E-02  0.430811E-01 -0.369818E-03
  e(1:3,3) =  -0.210900E-02 -0.369818E-03  0.282559E-01
Rotation:
  r(1:3,1) =    0.00000     -0.436869E-02  0.172394E-02
  r(1:3,2) =   0.436869E-02   0.00000     -0.839268E-02
  r(1:3,3) =  -0.172394E-02  0.839268E-02   0.00000    
       800 0.800E-12*l_a,m      11.2045512        11.5325909    
       800 0.800E-12*l_b,m      11.2553797        11.5551432    
       800 0.800E-12*l_c,m      11.1009913        11.4639627    
       800 0.800E-12*ang_bc,m      90.0270    89.5365
       800 0.800E-12*ang_ca,m      90.2316    89.8925
       800 0.800E-12*ang_ab,m      90.4097    90.0055
       800 0.800E-12*volume      1399.91501829        1532.68917071    
 
*temp instantanee des atomes de type 1 =       681.11
 
 * stress en kbar 
1 sigma potentiel (1,1) (2,1) (3,1) =   105.8526274       7.971233938       3.377189065    
2 sigma potentiel (1,2) (2,2) (3,2) =   7.971233938       106.9176891      -1.246441454    
3 sigma potentiel (1,3) (2,3) (3,3) =   3.377189065      -1.246441454       106.9976716    
 
1 sigma cinetique (1,1) (2,1) (3,1) =   7.072543020     -0.7233278053      0.5414172350    
2 sigma cinetique (1,2) (2,2) (3,2) = -0.7233278053       9.479936107     -0.2289940191    
3 sigma cinetique (1,3) (2,3) (3,3) =  0.5414172350     -0.2289940191       9.241753772    
 
1 sigma total (1,1) (2,1) (3,1) =   112.9251705       7.247906133       3.918606300    
2 sigma total (1,2) (2,2) (3,2) =   7.247906133       116.3976252      -1.475435473    
3 sigma total (1,3) (2,3) (3,3) =   3.918606300      -1.475435473       116.2394253    
 
       800 0.800E-12*Pression =     115.19    
 pression totale  potentiel = cinetique =
    115.19        106.59        8.5981    
 ----------valeurs moyennes------------
*temperature moyenne =       555.46
*pression moyenne =     10.775    
 --------------------------------------
 
 
<<<<<<<<  ITERATION =    900  time =   0.9000000E-12
 
 
 --------- Temperatures et Pression--------
 ----------valeurs instantanees------------
       900 0.900E-12*Epot =    -514.7946864743101      eV 
    *energie PAIRE EAM =     17.9685353672      eV 
    *energie GLUE  =    -532.763221842      eV 
       900 0.900E-12*Ec =     7.64869745908      eV   (462.298 K)
       900 0.900E-12*Etot =    -507.1459890152317      eV 
 
       900 0.900E-12*Epot/at =    -4.02183348808      eV 
 
       900 0.900E-12*Temp instantanee = 462.298
 NPT With Parrinello-Rahman
       900 0.900E-12*Kcell =     7.80439240663      eV   (20126.217 K)
 Box tensor
 a  1.158491242899883E-007 -5.719649369982043E-010  3.587762760909223E-010
 b  5.574754016091560E-010  1.162229932813456E-007 -1.339918169416033E-009
 c -1.415339631345641E-010  9.428128193014368E-010  1.150295203537073E-007
 H0(1)  1.080000000000000E-007  0.000000000000000E+000  0.000000000000000E+000
 H0(2)  0.000000000000000E+000  1.080000000000000E-007  0.000000000000000E+000
 H0(3)  0.000000000000000E+000  0.000000000000000E+000  1.080000000000000E-007
Strain (Lagrange def.):
  e(1:3,1) =   0.753322E-01 -0.687422E-04  0.105180E-02
  e(1:3,2) =  -0.687422E-04  0.790895E-01 -0.203546E-02
  e(1:3,3) =   0.105180E-02 -0.203546E-02  0.672889E-01
Rotation:
  r(1:3,1) =    0.00000     -0.522889E-02  0.231625E-02
  r(1:3,2) =   0.522889E-02   0.00000     -0.105682E-01
  r(1:3,3) =  -0.231625E-02  0.105682E-01   0.00000    
       900 0.900E-12*l_a,m      11.5851092        11.5384262    
       900 0.900E-12*l_b,m      11.6232054        11.5627057    
       900 0.900E-12*l_c,m      11.5033471        11.4683387    
       900 0.900E-12*ang_bc,m      90.1913    89.6093
       900 0.900E-12*ang_ca,m      89.8954    89.8928
       900 0.900E-12*ang_ab,m      90.0101    90.0060
       900 0.900E-12*volume      1548.98466212        1534.49978086    
 
*temp instantanee des atomes de type 1 =       462.30
 
 * stress en kbar 
1 sigma potentiel (1,1) (2,1) (3,1) =  -54.39075747     -0.2747653878E-01 -0.2775596403    
2 sigma potentiel (1,2) (2,2) (3,2) = -0.2747653878E-01  -59.58848370       2.302040188    
3 sigma potentiel (1,3) (2,3) (3,3) = -0.2775596403       2.302040188      -51.99111803    
 
1 sigma cinetique (1,1) (2,1) (3,1) =   6.099041415     -0.6754098821     -0.2421583233    
2 sigma cinetique (1,2) (2,2) (3,2) = -0.6754098821       5.477152936     -0.5424047553    
3 sigma cinetique (1,3) (2,3) (3,3) = -0.2421583233     -0.5424047553       4.246509828    
 
1 sigma total (1,1) (2,1) (3,1) =  -48.29171605     -0.7028864209     -0.5197179636    
2 sigma total (1,2) (2,2) (3,2) = -0.7028864209      -54.11133076       1.759635432    
3 sigma total (1,3) (2,3) (3,3) = -0.5197179636       1.759635432      -47.74460821    
 
       900 0.900E-12*Pression =    -50.049    
 pression totale  potentiel = cinetique =
   -50.049       -55.323        5.2742    
 ----------valeurs moyennes------------
*temperature moyenne =       545.10
*pression moyenne =     4.0166    
 --------------------------------------
 
 
<<<<<<<<  ITERATION =   1000  time =   0.1000000E-11
 
 
 --------- Temperatures et Pression--------
 ----------valeurs instantanees------------
      1000 0.100E-11*Epot =    -506.9816510220522      eV 
    *energie PAIRE EAM =    -2.72608522354      eV 
    *energie GLUE  =    -504.255565799      eV 
      1000 0.100E-11*Ec =     8.44613550229      eV   (510.496 K)
      1000 0.100E-11*Etot =    -498.5355155197614      eV 
 
      1000 0.100E-11*Epot/at =    -3.96079414861      eV 
 
      1000 0.100E-11*Temp instantanee = 510.496
 NPT With Parrinello-Rahman
      1000 0.100E-11*Kcell =     1.24639178369      eV   (3214.235 K)
 Box tensor
 a  1.184964414830278E-007 -1.444327550542257E-010  9.103962189275306E-010
 b  9.160657121556744E-010  1.187230407098244E-007 -1.599262932697279E-009
 c  2.829681446213114E-011  1.175568426196122E-009  1.179066897533358E-007
 H0(1)  1.080000000000000E-007  0.000000000000000E+000  0.000000000000000E+000
 H0(2)  0.000000000000000E+000  1.080000000000000E-007  0.000000000000000E+000
 H0(3)  0.000000000000000E+000  0.000000000000000E+000  1.080000000000000E-007
Strain (Lagrange def.):
  e(1:3,1) =   0.101948      0.392990E-02  0.470465E-02
  e(1:3,2) =   0.392990E-02  0.104277     -0.220308E-02
  e(1:3,3) =   0.470465E-02 -0.220308E-02  0.960808E-01
Rotation:
  r(1:3,1) =    0.00000     -0.490972E-02  0.408379E-02
  r(1:3,2) =   0.490972E-02   0.00000     -0.128464E-01
  r(1:3,3) =  -0.408379E-02  0.128464E-01   0.00000    
      1000 0.100E-11*l_a,m      11.8500027        11.5695839    
      1000 0.100E-11*l_b,m      11.8737345        11.5938085    
      1000 0.100E-11*l_c,m      11.7912553        11.5006304    
      1000 0.100E-11*ang_bc,m      90.2004    89.6684
      1000 0.100E-11*ang_ca,m      89.5468    89.8582
      1000 0.100E-11*ang_ab,m      89.6337    89.9688
      1000 0.100E-11*volume      1658.97802034        1546.94760481    
 
*temp instantanee des atomes de type 1 =       510.50
 
 * stress en kbar 
1 sigma potentiel (1,1) (2,1) (3,1) =  -119.5361317      -3.604585368      -4.127080975    
2 sigma potentiel (1,2) (2,2) (3,2) =  -3.604585368      -121.9388190       1.574418049    
3 sigma potentiel (1,3) (2,3) (3,3) =  -4.127080975       1.574418049      -117.2598851    
 
1 sigma cinetique (1,1) (2,1) (3,1) =   5.747416465      0.2256820165     -0.4855488948E-01
2 sigma cinetique (1,2) (2,2) (3,2) =  0.2256820165       5.335026181     -0.3372631026E-01
3 sigma cinetique (1,3) (2,3) (3,3) = -0.4855488948E-01 -0.3372631026E-01   5.231455839    
 
1 sigma total (1,1) (2,1) (3,1) =  -113.7887152      -3.378903352      -4.175635865    
2 sigma total (1,2) (2,2) (3,2) =  -3.378903352      -116.6037929       1.540691739    
3 sigma total (1,3) (2,3) (3,3) =  -4.175635865       1.540691739      -112.0284293    
 
      1000 0.100E-11*Pression =    -114.14    
 pression totale  potentiel = cinetique =
   -114.14       -119.58        5.4380    
 ----------valeurs moyennes------------
*temperature moyenne =       541.64
*pression moyenne =    -7.7991    
 --------------------------------------
 
 
<<<<<<<<  ITERATION =   1100  time =   0.1100000E-11
 
 
 --------- Temperatures et Pression--------
 ----------valeurs instantanees------------
      1100 0.110E-11*Epot =    -506.4117243599459      eV 
    *energie PAIRE EAM =    -1.14332758665      eV 
    *energie GLUE  =    -505.268396773      eV 
      1100 0.110E-11*Ec =     9.04247925576      eV   (546.540 K)
      1100 0.110E-11*Etot =    -497.3692451041902      eV 
 
      1100 0.110E-11*Epot/at =    -3.95634159656      eV 
 
      1100 0.110E-11*Temp instantanee = 546.540
 NPT With Parrinello-Rahman
      1100 0.110E-11*Kcell =     1.27114757478      eV   (3278.076 K)
 Box tensor
 a  1.185617002766679E-007  2.646211665561996E-010  1.487139800205016E-009
 b  1.021935986601198E-009  1.185854352392087E-007 -1.636784073634353E-009
 c  1.729059613003959E-010  1.692532579532128E-009  1.179046926059400E-007
 H0(1)  1.080000000000000E-007  0.000000000000000E+000  0.000000000000000E+000
 H0(2)  0.000000000000000E+000  1.080000000000000E-007  0.000000000000000E+000
 H0(3)  0.000000000000000E+000  0.000000000000000E+000  1.080000000000000E-007
Strain (Lagrange def.):
  e(1:3,1) =   0.102621      0.655235E-02  0.836041E-02
  e(1:3,2) =   0.655235E-02  0.102942      0.250871E-03
  e(1:3,3) =   0.836041E-02  0.250871E-03  0.961251E-01
Rotation:
  r(1:3,1) =    0.00000     -0.350609E-02  0.608442E-02
  r(1:3,2) =   0.350609E-02   0.00000     -0.154135E-01
  r(1:3,3) =  -0.608442E-02  0.154135E-01   0.00000    
      1100 0.110E-11*l_a,m      11.8571322        11.5957246    
      1100 0.110E-11*l_b,m      11.8601133        11.6180181    
      1100 0.110E-11*l_c,m      11.7916967        11.5270909    
      1100 0.110E-11*ang_bc,m      89.9676    89.6956
      1100 0.110E-11*ang_ca,m      89.1956    89.7980
      1100 0.110E-11*ang_ab,m      89.3884    89.9161
      1100 0.110E-11*volume      1657.97209852        1557.04074060    
 
*temp instantanee des atomes de type 1 =       546.54
 
 * stress en kbar 
1 sigma potentiel (1,1) (2,1) (3,1) =  -111.8982987      -5.557144075      -7.968209928    
2 sigma potentiel (1,2) (2,2) (3,2) =  -5.557144075      -116.5883174     -0.1311970539    
3 sigma potentiel (1,3) (2,3) (3,3) =  -7.968209928     -0.1311970539      -110.6478235    
 
1 sigma cinetique (1,1) (2,1) (3,1) =   6.160937600     -0.1617484853     -0.4983662471    
2 sigma cinetique (1,2) (2,2) (3,2) = -0.1617484853       6.572055527     -0.3407386683    
3 sigma cinetique (1,3) (2,3) (3,3) = -0.4983662471     -0.3407386683       4.743353363    
 
1 sigma total (1,1) (2,1) (3,1) =  -105.7373611      -5.718892561      -8.466576175    
2 sigma total (1,2) (2,2) (3,2) =  -5.718892561      -110.0162619     -0.4719357222    
3 sigma total (1,3) (2,3) (3,3) =  -8.466576175     -0.4719357222      -105.9044702    
 
      1100 0.110E-11*Pression =    -107.22    
 pression totale  potentiel = cinetique =
   -107.22       -113.04        5.8254    
 ----------valeurs moyennes------------
*temperature moyenne =       542.09
*pression moyenne =    -16.837    
 --------------------------------------
 
 
<<<<<<<<  ITERATION =   1200  time =   0.1200000E-11
 
 
 --------- Temperatures et Pression--------
 ----------valeurs instantanees------------
      1200 0.120E-11*Epot =    -513.0013269701568      eV 
    *energie PAIRE EAM =     17.6720055695      eV 
    *energie GLUE  =    -530.673332540      eV 
      1200 0.120E-11*Ec =     9.96664715965      eV   (602.398 K)
      1200 0.120E-11*Etot =    -503.0346798105058      eV 
 
      1200 0.120E-11*Epot/at =    -4.00782286695      eV 
 
      1200 0.120E-11*Temp instantanee = 602.398
 NPT With Parrinello-Rahman
      1200 0.120E-11*Kcell =     5.77986900025      eV   (14905.311 K)
 Box tensor
 a  1.163819066047160E-007  5.891105092891263E-010  1.994638142577279E-009
 b  8.756851335374214E-010  1.159245256503332E-007 -1.627520164767827E-009
 c  1.974889533581563E-010  2.334667478586076E-009  1.154840043111331E-007
 H0(1)  1.080000000000000E-007  0.000000000000000E+000  0.000000000000000E+000
 H0(2)  0.000000000000000E+000  1.080000000000000E-007  0.000000000000000E+000
 H0(3)  0.000000000000000E+000  0.000000000000000E+000  1.080000000000000E-007
Strain (Lagrange def.):
  e(1:3,1) =   0.806565E-01  0.731037E-02  0.108677E-01
  e(1:3,2) =   0.731037E-02  0.763157E-01  0.352033E-02
  e(1:3,3) =   0.108677E-01  0.352033E-02  0.719814E-01
Rotation:
  r(1:3,1) =    0.00000     -0.132673E-02  0.832014E-02
  r(1:3,2) =   0.132673E-02   0.00000     -0.183435E-01
  r(1:3,3) =  -0.832014E-02  0.183435E-01   0.00000    
      1200 0.120E-11*l_a,m      11.6400489        11.5994183    
      1200 0.120E-11*l_b,m      11.5939257        11.6160104    
      1200 0.120E-11*l_c,m      11.5507770        11.5290648    
      1200 0.120E-11*ang_bc,m      89.6455    89.6914
      1200 0.120E-11*ang_ca,m      88.9145    89.7244
      1200 0.120E-11*ang_ab,m      89.2911    89.8640
      1200 0.120E-11*volume      1558.39531086        1557.15362146    
 
*temp instantanee des atomes de type 1 =       602.40
 
 * stress en kbar 
1 sigma potentiel (1,1) (2,1) (3,1) =  -62.58579211      -9.902743518      -13.36714510    
2 sigma potentiel (1,2) (2,2) (3,2) =  -9.902743518      -59.81207717      -6.225375876    
3 sigma potentiel (1,3) (2,3) (3,3) =  -13.36714510      -6.225375876      -52.51509644    
 
1 sigma cinetique (1,1) (2,1) (3,1) =   6.585866182      0.5620479487      0.9450761030    
2 sigma cinetique (1,2) (2,2) (3,2) =  0.5620479487       6.766459514     -0.7910158010    
3 sigma cinetique (1,3) (2,3) (3,3) =  0.9450761030     -0.7910158010       7.140969407    
 
1 sigma total (1,1) (2,1) (3,1) =  -55.99992592      -9.340695570      -12.42206900    
2 sigma total (1,2) (2,2) (3,2) =  -9.340695570      -53.04561765      -7.016391677    
3 sigma total (1,3) (2,3) (3,3) =  -12.42206900      -7.016391677      -45.37412704    
 
      1200 0.120E-11*Pression =    -51.473    
 pression totale  potentiel = cinetique =
   -51.473       -58.304        6.8311    
 ----------valeurs moyennes------------
*temperature moyenne =       547.11
*pression moyenne =    -19.724    
 --------------------------------------
 
 
<<<<<<<<  ITERATION =   1300  time =   0.1300000E-11
 
 
 --------- Temperatures et Pression--------
 ----------valeurs instantanees------------
      1300 0.130E-11*Epot =    -516.8692977004656      eV 
    *energie PAIRE EAM =     49.9170838736      eV 
    *energie GLUE  =    -566.786381574      eV 
      1300 0.130E-11*Ec =     11.8063862733      eV   (713.594 K)
      1300 0.130E-11*Etot =    -505.0629114271525      eV 
 
      1300 0.130E-11*Epot/at =    -4.03804138828      eV 
 
      1300 0.130E-11*Temp instantanee = 713.594
 NPT With Parrinello-Rahman
      1300 0.130E-11*Kcell =     4.70229799858      eV   (12126.436 K)
 Box tensor
 a  1.134184674249666E-007  8.719838868557450E-010  2.113826117573042E-009
 b  4.353950649259156E-010  1.122824659334458E-007 -1.638609683743404E-009
 c -2.212418234580216E-010  2.885046185436671E-009  1.124014212148844E-007
 H0(1)  1.080000000000000E-007  0.000000000000000E+000  0.000000000000000E+000
 H0(2)  0.000000000000000E+000  1.080000000000000E-007  0.000000000000000E+000
 H0(3)  0.000000000000000E+000  0.000000000000000E+000  1.080000000000000E-007
Strain (Lagrange def.):
  e(1:3,1) =   0.514398E-01  0.630779E-02  0.918062E-02
  e(1:3,2) =   0.630779E-02  0.408280E-01  0.609308E-02
  e(1:3,3) =   0.918062E-02  0.609308E-02  0.418910E-01
Rotation:
  r(1:3,1) =    0.00000      0.202124E-02  0.108105E-01
  r(1:3,2) =  -0.202124E-02   0.00000     -0.209429E-01
  r(1:3,3) =  -0.108105E-01  0.209429E-01   0.00000    
      1300 0.130E-11*l_a,m      11.3441515        11.5797824    
      1300 0.130E-11*l_b,m      11.2295266        11.5862809    
      1300 0.130E-11*l_c,m      11.2438659        11.5071264    
      1300 0.130E-11*ang_bc,m      89.3662    89.6664
      1300 0.130E-11*ang_ca,m      89.0341    89.6713
      1300 0.130E-11*ang_ab,m      89.3531    89.8247
      1300 0.130E-11*volume      1431.97043396        1547.52414550    
 
*temp instantanee des atomes de type 1 =       713.59
 
 * stress en kbar 
1 sigma potentiel (1,1) (2,1) (3,1) =   62.37708066      -12.35931609      -16.05736442    
2 sigma potentiel (1,2) (2,2) (3,2) =  -12.35931609       64.52452134      -14.12745157    
3 sigma potentiel (1,3) (2,3) (3,3) =  -16.05736442      -14.12745157       64.88508974    
 
1 sigma cinetique (1,1) (2,1) (3,1) =   10.38927567       1.111800850     -0.1504770712    
2 sigma cinetique (1,2) (2,2) (3,2) =   1.111800850       8.214552993       1.696875972    
3 sigma cinetique (1,3) (2,3) (3,3) = -0.1504770712       1.696875972       7.815591393    
 
1 sigma total (1,1) (2,1) (3,1) =   72.76635633      -11.24751524      -16.20784149    
2 sigma total (1,2) (2,2) (3,2) =  -11.24751524       72.73907433      -12.43057560    
3 sigma total (1,3) (2,3) (3,3) =  -16.20784149      -12.43057560       72.70068113    
 
      1300 0.130E-11*Pression =     72.735    
 pression totale  potentiel = cinetique =
    72.735        63.929        8.8065    
 ----------valeurs moyennes------------
*temperature moyenne =       559.92
*pression moyenne =    -12.611    
 --------------------------------------
 
 
<<<<<<<<  ITERATION =   1400  time =   0.1400000E-11
 
 
 --------- Temperatures et Pression--------
 ----------valeurs instantanees------------
      1400 0.140E-11*Epot =    -512.4809115094837      eV 
    *energie PAIRE EAM =     75.3622416481      eV 
    *energie GLUE  =    -587.843153158      eV 
      1400 0.140E-11*Ec =     12.6463858753      eV   (764.365 K)
      1400 0.140E-11*Etot =    -499.8345256341383      eV 
 
      1400 0.140E-11*Epot/at =    -4.00375712117      eV 
 
      1400 0.140E-11*Temp instantanee = 764.365
 NPT With Parrinello-Rahman
      1400 0.140E-11*Kcell =    0.437322874052      eV   (1127.782 K)
 Box tensor
 a  1.119520081825415E-007  7.880212980504710E-010  1.924659156346791E-009
 b -2.800938714982308E-010  1.102775061665279E-007 -1.928758298578783E-009
 c -1.033450664144079E-009  3.220719790946222E-009  1.110905143543323E-007
 H0(1)  1.080000000000000E-007  0.000000000000000E+000  0.000000000000000E+000
 H0(2)  0.000000000000000E+000  1.080000000000000E-007  0.000000000000000E+000
 H0(3)  0.000000000000000E+000  0.000000000000000E+000  1.080000000000000E-007
Strain (Lagrange def.):
  e(1:3,1) =   0.373113E-01  0.231499E-02  0.433827E-02
  e(1:3,2) =   0.231499E-02  0.217817E-01  0.628470E-02
  e(1:3,3) =   0.433827E-02  0.628470E-02  0.293436E-01
Rotation:
  r(1:3,1) =    0.00000      0.494498E-02  0.136950E-01
  r(1:3,2) =  -0.494498E-02   0.00000     -0.238402E-01
  r(1:3,3) =  -0.136950E-01  0.238402E-01   0.00000    
      1400 0.140E-11*l_a,m      11.1971324        11.5524503    
      1400 0.140E-11*l_b,m      11.0294728        11.5465088    
      1400 0.140E-11*l_c,m      11.1141997        11.4790602    
      1400 0.140E-11*ang_bc,m      89.3400    89.6431
      1400 0.140E-11*ang_ca,m      89.5366    89.6616
      1400 0.140E-11*ang_ab,m      89.7595    89.8200
      1400 0.140E-11*volume      1372.43911488        1535.01807188    
 
*temp instantanee des atomes de type 1 =       764.36
 
 * stress en kbar 
1 sigma potentiel (1,1) (2,1) (3,1) =   153.3902129      -4.876958889      -8.353197086    
2 sigma potentiel (1,2) (2,2) (3,2) =  -4.876958889       155.4187295      -21.66600294    
3 sigma potentiel (1,3) (2,3) (3,3) =  -8.353197086      -21.66600294       156.2972855    
 
1 sigma cinetique (1,1) (2,1) (3,1) =   8.363866187     -0.1873076763     -0.5778758957E-01
2 sigma cinetique (1,2) (2,2) (3,2) = -0.1873076763       9.833320693       1.617037469    
3 sigma cinetique (1,3) (2,3) (3,3) = -0.5778758957E-01   1.617037469       11.32942975    
 
1 sigma total (1,1) (2,1) (3,1) =   161.7540791      -5.064266565      -8.410984676    
2 sigma total (1,2) (2,2) (3,2) =  -5.064266565       165.2520502      -20.04896547    
3 sigma total (1,3) (2,3) (3,3) =  -8.410984676      -20.04896547       167.6267153    
 
      1400 0.140E-11*Pression =     164.88    
 pression totale  potentiel = cinetique =
    164.88        155.04        9.8422    
 ----------valeurs moyennes------------
*temperature moyenne =       574.52
*pression moyenne =    0.66361E-01
 --------------------------------------
 
 
<<<<<<<<  ITERATION =   1500  time =   0.1500000E-11
 
 
 --------- Temperatures et Pression--------
 ----------valeurs instantanees------------
      1500 0.150E-11*Epot =    -516.5175843213417      eV 
    *energie PAIRE EAM =     52.1783731158      eV 
    *energie GLUE  =    -568.695957437      eV 
      1500 0.150E-11*Ec =     10.4454112809      eV   (631.335 K)
      1500 0.150E-11*Etot =    -506.0721730404840      eV 
 
      1500 0.150E-11*Epot/at =    -4.03529362751      eV 
 
      1500 0.150E-11*Temp instantanee = 631.335
 NPT With Parrinello-Rahman
      1500 0.150E-11*Kcell =     4.29893787481      eV   (11086.238 K)
 Box tensor
 a  1.134535455448518E-007  5.725467628155580E-010  1.554832014651990E-009
 b -1.065133380215281E-009  1.113644166920101E-007 -2.608349684248354E-009
 c -2.024819855549487E-009  3.339458883067296E-009  1.128655908020418E-007
 H0(1)  1.080000000000000E-007  0.000000000000000E+000  0.000000000000000E+000
 H0(2)  0.000000000000000E+000  1.080000000000000E-007  0.000000000000000E+000
 H0(3)  0.000000000000000E+000  0.000000000000000E+000  1.080000000000000E-007
Strain (Lagrange def.):
  e(1:3,1) =   0.519951E-01 -0.259012E-02 -0.211561E-02
  e(1:3,2) =  -0.259012E-02  0.321293E-01  0.374326E-02
  e(1:3,3) =  -0.211561E-02  0.374326E-02  0.464619E-01
Rotation:
  r(1:3,1) =    0.00000      0.758185E-02  0.165725E-01
  r(1:3,2) =  -0.758185E-02   0.00000     -0.275362E-01
  r(1:3,3) =  -0.165725E-01  0.275362E-01   0.00000    
      1500 0.150E-11*l_a,m      11.3465644        11.5387245    
      1500 0.150E-11*l_b,m      11.1400051        11.5194086    
      1500 0.150E-11*l_c,m      11.2933137        11.4666771    
      1500 0.150E-11*ang_bc,m      89.6372    89.6427
      1500 0.150E-11*ang_ca,m      90.2340    89.6998
      1500 0.150E-11*ang_ab,m      90.2771    89.8505
      1500 0.150E-11*volume      1427.42667801        1527.84531229    
 
*temp instantanee des atomes de type 1 =       631.34
 
 * stress en kbar 
1 sigma potentiel (1,1) (2,1) (3,1) =   64.80915000       5.452247703       6.030950623    
2 sigma potentiel (1,2) (2,2) (3,2) =   5.452247703       71.90541756      -8.790081460    
3 sigma potentiel (1,3) (2,3) (3,3) =   6.030950623      -8.790081460       69.76987337    
 
1 sigma cinetique (1,1) (2,1) (3,1) =   7.666337602      0.6792503897     -0.2311268868    
2 sigma cinetique (1,2) (2,2) (3,2) =  0.6792503897       7.117878911      0.3704017831    
3 sigma cinetique (1,3) (2,3) (3,3) = -0.2311268868      0.3704017831       8.664122179    
 
1 sigma total (1,1) (2,1) (3,1) =   72.47548760       6.131498093       5.799823737    
2 sigma total (1,2) (2,2) (3,2) =   6.131498093       79.02329647      -8.419679677    
3 sigma total (1,3) (2,3) (3,3) =   5.799823737      -8.419679677       78.43399555    
 
      1500 0.150E-11*Pression =     76.644    
 pression totale  potentiel = cinetique =
    76.644        68.828        7.8161    
 ----------valeurs moyennes------------
*temperature moyenne =       578.31
*pression moyenne =     5.1716    
 --------------------------------------
 
 
<<<<<<<<  ITERATION =   1600  time =   0.1600000E-11
 
 
 --------- Temperatures et Pression--------
 ----------valeurs instantanees------------
      1600 0.160E-11*Epot =    -514.1047114404371      eV 
    *energie PAIRE EAM =     22.0933240841      eV 
    *energie GLUE  =    -536.198035524      eV 
      1600 0.160E-11*Ec =     10.0229753386      eV   (605.802 K)
      1600 0.160E-11*Etot =    -504.0817361018143      eV 
 
      1600 0.160E-11*Epot/at =    -4.01644305813      eV 
 
      1600 0.160E-11*Temp instantanee = 605.802
 NPT With Parrinello-Rahman
      1600 0.160E-11*Kcell =     4.48381430879      eV   (11563.004 K)
 Box tensor
 a  1.162771695085206E-007  5.129123929213715E-010  1.370130008529658E-009
 b -1.675149919169721E-009  1.138830964701544E-007 -3.407868370876997E-009
 c -3.010007708189465E-009  3.456069102998227E-009  1.160595049438737E-007
 H0(1)  1.080000000000000E-007  0.000000000000000E+000  0.000000000000000E+000
 H0(2)  0.000000000000000E+000  1.080000000000000E-007  0.000000000000000E+000
 H0(3)  0.000000000000000E+000  0.000000000000000E+000  1.080000000000000E-007
Strain (Lagrange def.):
  e(1:3,1) =   0.800860E-01 -0.606713E-02 -0.790108E-02
  e(1:3,2) =  -0.606713E-02  0.564801E-01  0.587870E-03
  e(1:3,3) =  -0.790108E-02  0.587870E-03  0.779878E-01
Rotation:
  r(1:3,1) =    0.00000      0.101299E-01  0.202784E-01
  r(1:3,2) =  -0.101299E-01   0.00000     -0.317775E-01
  r(1:3,3) =  -0.202784E-01  0.317775E-01   0.00000    
      1600 0.160E-11*l_a,m      11.6286373        11.5443441    
      1600 0.160E-11*l_b,m      11.3946388        11.5116105    
      1600 0.160E-11*l_c,m      11.6149960        11.4759470    
      1600 0.160E-11*ang_bc,m      89.9865    89.6642
      1600 0.160E-11*ang_ca,m      90.8026    89.7687
      1600 0.160E-11*ang_ab,m      90.6099    89.8980
      1600 0.160E-11*volume      1538.79664777        1528.52977076    
 
*temp instantanee des atomes de type 1 =       605.80
 
 * stress en kbar 
1 sigma potentiel (1,1) (2,1) (3,1) =  -47.80444759       15.34903422       9.520044168    
2 sigma potentiel (1,2) (2,2) (3,2) =   15.34903422      -35.10653968      -2.044825020    
3 sigma potentiel (1,3) (2,3) (3,3) =   9.520044168      -2.044825020      -46.04407735    
 
1 sigma cinetique (1,1) (2,1) (3,1) =   6.962200549      0.5615334341       1.037195427    
2 sigma cinetique (1,2) (2,2) (3,2) =  0.5615334341       7.160458631      0.3368732290    
3 sigma cinetique (1,3) (2,3) (3,3) =   1.037195427      0.3368732290       6.748942278    
 
1 sigma total (1,1) (2,1) (3,1) =  -40.84224704       15.91056765       10.55723960    
2 sigma total (1,2) (2,2) (3,2) =   15.91056765      -27.94608105      -1.707951791    
3 sigma total (1,3) (2,3) (3,3) =   10.55723960      -1.707951791      -39.29513508    
 
      1600 0.160E-11*Pression =    -36.028    
 pression totale  potentiel = cinetique =
   -36.028       -42.985        6.9572    
 ----------valeurs moyennes------------
*temperature moyenne =       580.03
*pression moyenne =     2.5966    
 --------------------------------------
 
 
<<<<<<<<  ITERATION =   1700  time =   0.1700000E-11
 
 
 --------- Temperatures et Pression--------
 ----------valeurs instantanees------------
      1700 0.170E-11*Epot =    -509.4317727686178      eV 
    *energie PAIRE EAM =     5.11868412408      eV 
    *energie GLUE  =    -514.550456893      eV 
      1700 0.170E-11*Ec =     10.3797341901      eV   (627.365 K)
      1700 0.170E-11*Etot =    -499.0520385784804      eV 
 
      1700 0.170E-11*Epot/at =    -3.97993572475      eV 
 
      1700 0.170E-11*Temp instantanee = 627.365
 NPT With Parrinello-Rahman
      1700 0.170E-11*Kcell =    0.901292029575      eV   (2324.281 K)
 Box tensor
 a  1.180759643750991E-007  5.126240379673857E-010  1.554044302194091E-009
 b -2.110560814534529E-009  1.157156314511516E-007 -4.218756719091176E-009
 c -3.871474357428031E-009  3.641400785598682E-009  1.183831602366403E-007
 H0(1)  1.080000000000000E-007  0.000000000000000E+000  0.000000000000000E+000
 H0(2)  0.000000000000000E+000  1.080000000000000E-007  0.000000000000000E+000
 H0(3)  0.000000000000000E+000  0.000000000000000E+000  1.080000000000000E-007
Strain (Lagrange def.):
  e(1:3,1) =   0.984815E-01 -0.847882E-02 -0.113991E-01
  e(1:3,2) =  -0.847882E-02  0.745726E-01 -0.241336E-02
  e(1:3,3) =  -0.113991E-01 -0.241336E-02  0.101628    
Rotation:
  r(1:3,1) =    0.00000      0.121444E-01  0.251181E-01
  r(1:3,2) =  -0.121444E-01   0.00000     -0.363896E-01
  r(1:3,3) =  -0.251181E-01  0.363896E-01   0.00000    
      1700 0.170E-11*l_a,m      11.8087303        11.5598962    
      1700 0.170E-11*l_b,m      11.5811743        11.5157025    
      1700 0.170E-11*l_c,m      11.8502408        11.4979643    
      1700 0.170E-11*ang_bc,m      90.2918    89.7011
      1700 0.170E-11*ang_ca,m      91.1108    89.8477
      1700 0.170E-11*ang_ab,m      90.8230    89.9524
      1700 0.170E-11*volume      1620.13152385        1533.91810917    
 
*temp instantanee des atomes de type 1 =       627.37
 
 * stress en kbar 
1 sigma potentiel (1,1) (2,1) (3,1) =  -101.5447332       13.53478492       12.70918727    
2 sigma potentiel (1,2) (2,2) (3,2) =   13.53478492      -89.36402867       2.906364707    
3 sigma potentiel (1,3) (2,3) (3,3) =   12.70918727       2.906364707      -103.9291406    
 
1 sigma cinetique (1,1) (2,1) (3,1) =   6.488250237      0.3736998286     -0.7727701765    
2 sigma cinetique (1,2) (2,2) (3,2) =  0.3736998286       6.665705413     -0.6147484123    
3 sigma cinetique (1,3) (2,3) (3,3) = -0.7727701765     -0.6147484123       7.375446523    
 
1 sigma total (1,1) (2,1) (3,1) =  -95.05648300       13.90848475       11.93641709    
2 sigma total (1,2) (2,2) (3,2) =   13.90848475      -82.69832326       2.291616295    
3 sigma total (1,3) (2,3) (3,3) =   11.93641709       2.291616295      -96.55369405    
 
      1700 0.170E-11*Pression =    -91.436    
 pression totale  potentiel = cinetique =
   -91.436       -98.279        6.8431    
 ----------valeurs moyennes------------
*temperature moyenne =       582.81
*pression moyenne =    -2.9347    
 --------------------------------------
 
 
<<<<<<<<  ITERATION =   1800  time =   0.1800000E-11
 
 
 --------- Temperatures et Pression--------
 ----------valeurs instantanees------------
      1800 0.180E-11*Epot =    -508.8101730401311      eV 
    *energie PAIRE EAM =     6.45605762765      eV 
    *energie GLUE  =    -515.266230668      eV 
      1800 0.180E-11*Ec =     9.90787644007      eV   (598.846 K)
      1800 0.180E-11*Etot =    -498.9022966000650      eV 
 
      1800 0.180E-11*Epot/at =    -3.97507947688      eV 
 
      1800 0.180E-11*Temp instantanee = 598.846
 NPT With Parrinello-Rahman
      1800 0.180E-11*Kcell =     1.00839227111      eV   (2600.474 K)
 Box tensor
 a  1.176959370082485E-007  7.537432135767822E-010  1.994894592642014E-009
 b -2.333547509210343E-009  1.154938750608828E-007 -4.904490769505483E-009
 c -4.537068734258754E-009  3.903733416966941E-009  1.186814435515310E-007
 H0(1)  1.080000000000000E-007  0.000000000000000E+000  0.000000000000000E+000
 H0(2)  0.000000000000000E+000  1.080000000000000E-007  0.000000000000000E+000
 H0(3)  0.000000000000000E+000  0.000000000000000E+000  1.080000000000000E-007
Strain (Lagrange def.):
  e(1:3,1) =   0.949230E-01 -0.850949E-02 -0.125270E-01
  e(1:3,2) =  -0.850949E-02  0.724727E-01 -0.435675E-02
  e(1:3,3) =  -0.125270E-01 -0.435675E-02  0.104995    
Rotation:
  r(1:3,1) =    0.00000      0.142930E-01  0.302406E-01
  r(1:3,2) =  -0.142930E-01   0.00000     -0.407788E-01
  r(1:3,3) =  -0.302406E-01  0.407788E-01   0.00000    
      1800 0.180E-11*l_a,m      11.7715255        11.5716534    
      1800 0.180E-11*l_b,m      11.5621515        11.5182830    
      1800 0.180E-11*l_c,m      11.8832273        11.5193678    
      1800 0.180E-11*ang_bc,m      90.5030    89.7456
      1800 0.180E-11*ang_ca,m      91.2055    89.9231
      1800 0.180E-11*ang_ab,m      90.8309    90.0012
      1800 0.180E-11*volume      1616.76189850        1538.52054191    
 
*temp instantanee des atomes de type 1 =       598.85
 
 * stress en kbar 
1 sigma potentiel (1,1) (2,1) (3,1) =  -93.94701269       8.570440830       13.99754862    
2 sigma potentiel (1,2) (2,2) (3,2) =   8.570440830      -87.10350764       7.243213260    
3 sigma potentiel (1,3) (2,3) (3,3) =   13.99754862       7.243213260      -95.65274418    
 
1 sigma cinetique (1,1) (2,1) (3,1) =   6.804015348      0.6563451271     -0.5329715274    
2 sigma cinetique (1,2) (2,2) (3,2) =  0.6563451271       6.190316647      0.8577590143    
3 sigma cinetique (1,3) (2,3) (3,3) = -0.5329715274      0.8577590143       6.642655303    
 
1 sigma total (1,1) (2,1) (3,1) =  -87.14299735       9.226785957       13.46457709    
2 sigma total (1,2) (2,2) (3,2) =   9.226785957      -80.91319099       8.100972274    
3 sigma total (1,3) (2,3) (3,3) =   13.46457709       8.100972274      -89.01008887    
 
      1800 0.180E-11*Pression =    -85.689    
 pression totale  potentiel = cinetique =
   -85.689       -92.234        6.5457    
 ----------valeurs moyennes------------
*temperature moyenne =       583.70
*pression moyenne =    -7.5322    
 --------------------------------------
 
 
<<<<<<<<  ITERATION =   1900  time =   0.1900000E-11
 
 
 --------- Temperatures et Pression--------
 ----------valeurs instantanees------------
      1900 0.190E-11*Epot =    -512.4719729474592      eV 
    *energie PAIRE EAM =     24.1806689827      eV 
    *energie GLUE  =    -536.652641930      eV 
      1900 0.190E-11*Ec =     10.2596578989      eV   (620.108 K)
      1900 0.190E-11*Etot =    -502.2123150485758      eV 
 
      1900 0.190E-11*Epot/at =    -4.00368728865      eV 
 
      1900 0.190E-11*Temp instantanee = 620.108
 NPT With Parrinello-Rahman
      1900 0.190E-11*Kcell =     3.82271310770      eV   (9858.135 K)
 Box tensor
 a  1.153213537220482E-007  1.417902623163779E-009  2.752767982424229E-009
 b -2.285980437396941E-009  1.136012959176184E-007 -5.153886230378358E-009
 c -4.917275939403873E-009  4.255942595587982E-009  1.170395014402280E-007
 H0(1)  1.080000000000000E-007  0.000000000000000E+000  0.000000000000000E+000
 H0(2)  0.000000000000000E+000  1.080000000000000E-007  0.000000000000000E+000
 H0(3)  0.000000000000000E+000  0.000000000000000E+000  1.080000000000000E-007
Strain (Lagrange def.):
  e(1:3,1) =   0.713486E-01 -0.501987E-02 -0.105573E-01
  e(1:3,2) =  -0.501987E-02  0.540714E-01 -0.357817E-02
  e(1:3,3) =  -0.105573E-01 -0.357817E-02  0.886653E-01
Rotation:
  r(1:3,1) =    0.00000      0.171476E-01  0.355095E-01
  r(1:3,2) =  -0.171476E-01   0.00000     -0.435640E-01
  r(1:3,3) =  -0.355095E-01  0.435640E-01   0.00000    
      1900 0.190E-11*l_a,m      11.5362918        11.5697923    
      1900 0.190E-11*l_b,m      11.3741121        11.5106950    
      1900 0.190E-11*l_c,m      11.7220039        11.5300329    
      1900 0.190E-11*ang_bc,m      90.4662    89.7836
      1900 0.190E-11*ang_ca,m      91.0121    89.9804
      1900 0.190E-11*ang_ab,m      90.5097    90.0280
      1900 0.190E-11*volume      1537.74992241        1538.47998299    
 
*temp instantanee des atomes de type 1 =       620.11
 
 * stress en kbar 
1 sigma potentiel (1,1) (2,1) (3,1) =  -38.25387202       5.207032409       12.08060290    
2 sigma potentiel (1,2) (2,2) (3,2) =   5.207032409      -31.61998461       7.535485136    
3 sigma potentiel (1,3) (2,3) (3,3) =   12.08060290       7.535485136      -42.37245548    
 
1 sigma cinetique (1,1) (2,1) (3,1) =   6.114021781      0.1803872965      0.5855752369    
2 sigma cinetique (1,2) (2,2) (3,2) =  0.1803872965       8.264162015     -0.1876471919    
3 sigma cinetique (1,3) (2,3) (3,3) =  0.5855752369     -0.1876471919       7.000822200    
 
1 sigma total (1,1) (2,1) (3,1) =  -32.13985024       5.387419705       12.66617813    
2 sigma total (1,2) (2,2) (3,2) =   5.387419705      -23.35582260       7.347837944    
3 sigma total (1,3) (2,3) (3,3) =   12.66617813       7.347837944      -35.37163328    
 
      1900 0.190E-11*Pression =    -30.289    
 pression totale  potentiel = cinetique =
   -30.289       -37.415        7.1263    
 ----------valeurs moyennes------------
*temperature moyenne =       585.62
*pression moyenne =    -8.7299    
 --------------------------------------
 
 
<<<<<<<<  ITERATION =   2000  time =   0.2000000E-11
 
 
 --------- Temperatures et Pression--------
 ----------valeurs instantanees------------
      2000 0.200E-11*Epot =    -515.0576826894924      eV 
    *energie PAIRE EAM =     49.4533070873      eV 
    *energie GLUE  =    -564.510989777      eV 
      2000 0.200E-11*Ec =     10.5211422843      eV   (635.912 K)
      2000 0.200E-11*Etot =    -504.5365404052033      eV 
 
      2000 0.200E-11*Epot/at =    -4.02388814601      eV 
 
      2000 0.200E-11*Temp instantanee = 635.912
 NPT With Parrinello-Rahman
      2000 0.200E-11*Kcell =     2.87131604342      eV   (7404.642 K)
 Box tensor
 a  1.123678726552949E-007  2.161389198899905E-009  3.596378296494131E-009
 b -2.080991879962712E-009  1.114499850102277E-007 -5.170443323810588E-009
 c -4.879904404552426E-009  4.884385538004622E-009  1.147493109149264E-007
 H0(1)  1.080000000000000E-007  0.000000000000000E+000  0.000000000000000E+000
 H0(2)  0.000000000000000E+000  1.080000000000000E-007  0.000000000000000E+000
 H0(3)  0.000000000000000E+000  0.000000000000000E+000  1.080000000000000E-007
Strain (Lagrange def.):
  e(1:3,1) =   0.424675E-01 -0.552604E-03 -0.621951E-02
  e(1:3,2) =  -0.552604E-03  0.336775E-01 -0.342626E-03
  e(1:3,3) =  -0.621951E-02 -0.342626E-03  0.661468E-01
Rotation:
  r(1:3,1) =    0.00000      0.196407E-01  0.392420E-01
  r(1:3,2) =  -0.196407E-01   0.00000     -0.465501E-01
  r(1:3,3) =  -0.392420E-01  0.465501E-01   0.00000    
      2000 0.200E-11*l_a,m      11.2446184        11.5535336    
      2000 0.200E-11*l_b,m      11.1589261        11.4931066    
      2000 0.200E-11*l_c,m      11.4956840        11.5283154    
      2000 0.200E-11*ang_bc,m      90.1732    89.8031
      2000 0.200E-11*ang_ca,m      90.5545    90.0091
      2000 0.200E-11*ang_ab,m      90.0527    90.0292
      2000 0.200E-11*volume      1442.37909480        1533.67493858    
 
*temp instantanee des atomes de type 1 =       635.91
 
 * stress en kbar 
1 sigma potentiel (1,1) (2,1) (3,1) =   58.92732422       1.581314855       9.613328169    
2 sigma potentiel (1,2) (2,2) (3,2) =   1.581314855       62.62044335       6.036276451    
3 sigma potentiel (1,3) (2,3) (3,3) =   9.613328169       6.036276451       52.43516308    
 
1 sigma cinetique (1,1) (2,1) (3,1) =   6.977038549      0.7641271381     -0.5624583421E-01
2 sigma cinetique (1,2) (2,2) (3,2) =  0.7641271381       6.614947841       1.207972071    
3 sigma cinetique (1,3) (2,3) (3,3) = -0.5624583421E-01   1.207972071       9.781517282    
 
1 sigma total (1,1) (2,1) (3,1) =   65.90436277       2.345441993       9.557082335    
2 sigma total (1,2) (2,2) (3,2) =   2.345441993       69.23539119       7.244248523    
3 sigma total (1,3) (2,3) (3,3) =   9.557082335       7.244248523       62.21668036    
 
      2000 0.200E-11*Pression =     65.785    
 pression totale  potentiel = cinetique =
    65.785        57.994        7.7912    
 ----------valeurs moyennes------------
*temperature moyenne =       588.14
*pression moyenne =    -5.0042    
 --------------------------------------
 
 
<<<<<<<<  ITERATION =   2100  time =   0.2100000E-11
 
 
 --------- Temperatures et Pression--------
 ----------valeurs instantanees------------
      2100 0.210E-11*Epot =    -515.3114052457521      eV 
    *energie PAIRE EAM =     61.3579110665      eV 
    *energie GLUE  =    -576.669316312      eV 
      2100 0.210E-11*Ec =     10.8997703918      eV   (658.797 K)
      2100 0.210E-11*Etot =    -504.4116348539420      eV 
 
      2100 0.210E-11*Epot/at =    -4.02587035348      eV 
 
      2100 0.210E-11*Temp instantanee = 658.797
 NPT With Parrinello-Rahman
      2100 0.210E-11*Kcell =    0.501196438678      eV   (1292.501 K)
 Box tensor
 a  1.108029034382411E-007  2.859146892899156E-009  4.599172822050350E-009
 b -1.961066951346649E-009  1.106652687866039E-007 -5.175222665570899E-009
 c -4.607754234186038E-009  5.731472993936254E-009  1.138709003748044E-007
 H0(1)  1.080000000000000E-007  0.000000000000000E+000  0.000000000000000E+000
 H0(2)  0.000000000000000E+000  1.080000000000000E-007  0.000000000000000E+000
 H0(3)  0.000000000000000E+000  0.000000000000000E+000  1.080000000000000E-007
Strain (Lagrange def.):
  e(1:3,1) =   0.273646E-01  0.314517E-02 -0.211697E-03
  e(1:3,2) =   0.314517E-02  0.267415E-01  0.399007E-02
  e(1:3,3) =  -0.211697E-03  0.399007E-02  0.578925E-01
Rotation:
  r(1:3,1) =    0.00000      0.223158E-01  0.426247E-01
  r(1:3,2) =  -0.223158E-01   0.00000     -0.504940E-01
  r(1:3,3) =  -0.426247E-01  0.504940E-01   0.00000    
      2100 0.210E-11*l_a,m      11.0935164        11.5316280    
      2100 0.210E-11*l_b,m      11.0803567        11.4734518    
      2100 0.210E-11*l_c,m      11.4108120        11.5227200    
      2100 0.210E-11*ang_bc,m      89.7553    89.8008
      2100 0.210E-11*ang_ca,m      89.8663    90.0023
      2100 0.210E-11*ang_ab,m      89.6489    90.0111
      2100 0.210E-11*volume      1402.57550558        1527.43210844    
 
*temp instantanee des atomes de type 1 =       658.80
 
 * stress en kbar 
1 sigma potentiel (1,1) (2,1) (3,1) =   109.4678666      -7.484566702      -3.229305799    
2 sigma potentiel (1,2) (2,2) (3,2) =  -7.484566702       106.0247413      -10.74792725    
3 sigma potentiel (1,3) (2,3) (3,3) =  -3.229305799      -10.74792725       95.96270396    
 
1 sigma cinetique (1,1) (2,1) (3,1) =   8.104895452      0.9556052233     -0.6046298177    
2 sigma cinetique (1,2) (2,2) (3,2) =  0.9556052233       9.819478504      0.4000314474    
3 sigma cinetique (1,3) (2,3) (3,3) = -0.6046298177      0.4000314474       6.977466275    
 
1 sigma total (1,1) (2,1) (3,1) =   117.5727620      -6.528961479      -3.833935617    
2 sigma total (1,2) (2,2) (3,2) =  -6.528961479       115.8442198      -10.34789580    
3 sigma total (1,3) (2,3) (3,3) =  -3.833935617      -10.34789580       102.9401702    
 
      2100 0.210E-11*Pression =     112.12    
 pression totale  potentiel = cinetique =
    112.12        103.82        8.3006    
 ----------valeurs moyennes------------
*temperature moyenne =       591.50
*pression moyenne =    0.57314    
 --------------------------------------
 
 
<<<<<<<<  ITERATION =   2200  time =   0.2200000E-11
 
 
 --------- Temperatures et Pression--------
 ----------valeurs instantanees------------
      2200 0.220E-11*Epot =    -517.4320227746908      eV 
    *energie PAIRE EAM =     45.2948995805      eV 
    *energie GLUE  =    -562.726922355      eV 
      2200 0.220E-11*Ec =     9.85026298902      eV   (595.363 K)
      2200 0.220E-11*Etot =    -507.5817597856714      eV 
 
      2200 0.220E-11*Epot/at =    -4.04243767793      eV 
 
      2200 0.220E-11*Temp instantanee = 595.363
 NPT With Parrinello-Rahman
      2200 0.220E-11*Kcell =     2.18897757412      eV   (5645.005 K)
 Box tensor
 a  1.114613363985749E-007  3.428501056515940E-009  5.567791594040871E-009
 b -1.955188587417555E-009  1.119942566722229E-007 -5.669934027350166E-009
 c -4.394293040564651E-009  6.520887527853634E-009  1.149585442825611E-007
 H0(1)  1.080000000000000E-007  0.000000000000000E+000  0.000000000000000E+000
 H0(2)  0.000000000000000E+000  1.080000000000000E-007  0.000000000000000E+000
 H0(3)  0.000000000000000E+000  0.000000000000000E+000  1.080000000000000E-007
Strain (Lagrange def.):
  e(1:3,1) =   0.335546E-01  0.576649E-02  0.542343E-02
  e(1:3,2) =   0.576649E-02  0.399944E-01  0.573220E-02
  e(1:3,3) =   0.542343E-02  0.573220E-02  0.692136E-01
Rotation:
  r(1:3,1) =    0.00000      0.249245E-01  0.461208E-01
  r(1:3,2) =  -0.249245E-01   0.00000     -0.564390E-01
  r(1:3,3) =  -0.461208E-01  0.564390E-01   0.00000    
      2200 0.220E-11*l_a,m      11.1652964        11.5149766    
      2200 0.220E-11*l_b,m      11.2154734        11.4617255    
      2200 0.220E-11*l_c,m      11.5227161        11.5227199    
      2200 0.220E-11*ang_bc,m      89.6139    89.7923
      2200 0.220E-11*ang_ca,m      89.2312    89.9673
      2200 0.220E-11*ang_ab,m      89.3847    89.9826
      2200 0.220E-11*volume      1442.67711477        1523.57960873    
 
*temp instantanee des atomes de type 1 =       595.36
 
 * stress en kbar 
1 sigma potentiel (1,1) (2,1) (3,1) =   51.49931238      -11.98632812      -17.99992064    
2 sigma potentiel (1,2) (2,2) (3,2) =  -11.98632812       48.33329903      -4.496580155    
3 sigma potentiel (1,3) (2,3) (3,3) =  -17.99992064      -4.496580155       32.91398034    
 
1 sigma cinetique (1,1) (2,1) (3,1) =   8.695971762     -0.8751420618     -0.7797944777    
2 sigma cinetique (1,2) (2,2) (3,2) = -0.8751420618       6.772149420      0.7790482570    
3 sigma cinetique (1,3) (2,3) (3,3) = -0.7797944777      0.7790482570       6.410453525    
 
1 sigma total (1,1) (2,1) (3,1) =   60.19528414      -12.86147018      -18.77971512    
2 sigma total (1,2) (2,2) (3,2) =  -12.86147018       55.10544846      -3.717531898    
3 sigma total (1,3) (2,3) (3,3) =  -18.77971512      -3.717531898       39.32443387    
 
      2200 0.220E-11*Pression =     51.542    
 pression totale  potentiel = cinetique =
    51.542        44.249        7.2929    
 ----------valeurs moyennes------------
*temperature moyenne =       591.68
*pression moyenne =     2.8899    
 --------------------------------------
 
 
<<<<<<<<  ITERATION =   2300  time =   0.2300000E-11
 
 
 --------- Temperatures et Pression--------
 ----------valeurs instantanees------------
      2300 0.230E-11*Epot =    -516.8437525270670      eV 
    *energie PAIRE EAM =     23.1009450636      eV 
    *energie GLUE  =    -539.944697591      eV 
      2300 0.230E-11*Ec =     10.4208610001      eV   (629.851 K)
      2300 0.230E-11*Etot =    -506.4228915269341      eV 
 
      2300 0.230E-11*Epot/at =    -4.03784181662      eV 
 
      2300 0.230E-11*Temp instantanee = 629.851
 NPT With Parrinello-Rahman
      2300 0.230E-11*Kcell =     2.31064080628      eV   (5958.754 K)
 Box tensor
 a  1.132113533806433E-007  3.680541997114964E-009  6.186326790018017E-009
 b -2.170749724023208E-009  1.144367223952633E-007 -6.386042162132771E-009
 c -4.491469438406248E-009  7.206943810401120E-009  1.167032173159175E-007
 H0(1)  1.080000000000000E-007  0.000000000000000E+000  0.000000000000000E+000
 H0(2)  0.000000000000000E+000  1.080000000000000E-007  0.000000000000000E+000
 H0(3)  0.000000000000000E+000  0.000000000000000E+000  1.080000000000000E-007
Strain (Lagrange def.):
  e(1:3,1) =   0.504842E-01  0.582544E-02  0.814712E-02
  e(1:3,2) =   0.582544E-02  0.641825E-01  0.570322E-02
  e(1:3,3) =   0.814712E-02  0.570322E-02  0.872211E-01
Rotation:
  r(1:3,1) =    0.00000      0.270893E-01  0.494342E-01
  r(1:3,2) =  -0.270893E-01   0.00000     -0.629305E-01
  r(1:3,3) =  -0.494342E-01  0.629305E-01   0.00000    
      2300 0.230E-11*l_a,m      11.3439973        11.5075427    
      2300 0.230E-11*l_b,m      11.4635322        11.4618041    
      2300 0.230E-11*l_c,m      11.7011770        11.5304789    
      2300 0.230E-11*ang_bc,m      89.6189    89.7847
      2300 0.230E-11*ang_ca,m      88.9640    89.9236
      2300 0.230E-11*ang_ab,m      89.4011    89.9573
      2300 0.230E-11*volume      1521.28407559        1523.47980294    
 
*temp instantanee des atomes de type 1 =       629.85
 
 * stress en kbar 
1 sigma potentiel (1,1) (2,1) (3,1) =  -31.05680394      -10.13095360      -13.07344940    
2 sigma potentiel (1,2) (2,2) (3,2) =  -10.13095360      -37.85322161      -3.111167663    
3 sigma potentiel (1,3) (2,3) (3,3) =  -13.07344940      -3.111167663      -47.74418731    
 
1 sigma cinetique (1,1) (2,1) (3,1) =   6.690174900     -0.8780980981      0.4098630470    
2 sigma cinetique (1,2) (2,2) (3,2) = -0.8780980981       8.340791856     -0.3938217131    
3 sigma cinetique (1,3) (2,3) (3,3) =  0.4098630470     -0.3938217131       6.918987875    
 
1 sigma total (1,1) (2,1) (3,1) =  -24.36662904      -11.00905170      -12.66358635    
2 sigma total (1,2) (2,2) (3,2) =  -11.00905170      -29.51242976      -3.504989376    
3 sigma total (1,3) (2,3) (3,3) =  -12.66358635      -3.504989376      -40.82519944    
 
      2300 0.230E-11*Pression =    -31.568    
 pression totale  potentiel = cinetique =
   -31.568       -38.885        7.3167    
 ----------valeurs moyennes------------
*temperature moyenne =       593.34
*pression moyenne =     1.3917    
 --------------------------------------
 
 
<<<<<<<<  ITERATION =   2400  time =   0.2400000E-11
 
 
 --------- Temperatures et Pression--------
 ----------valeurs instantanees------------
      2400 0.240E-11*Epot =    -513.6933714242494      eV 
    *energie PAIRE EAM =     12.1092649007      eV 
    *energie GLUE  =    -525.802636325      eV 
      2400 0.240E-11*Ec =     9.01324612017      eV   (544.773 K)
      2400 0.240E-11*Etot =    -504.6801253040816      eV 
 
      2400 0.240E-11*Epot/at =    -4.01322946425      eV 
 
      2400 0.240E-11*Temp instantanee = 544.773
 NPT With Parrinello-Rahman
      2400 0.240E-11*Kcell =    0.532161997162      eV   (1372.356 K)
 Box tensor
 a  1.144326349659403E-007  3.661520317668596E-009  6.496593317517122E-009
 b -2.568062932018194E-009  1.163383258968227E-007 -7.168673844927604E-009
 c -4.855330513363360E-009  7.657550339606793E-009  1.174239781266435E-007
 H0(1)  1.080000000000000E-007  0.000000000000000E+000  0.000000000000000E+000
 H0(2)  0.000000000000000E+000  1.080000000000000E-007  0.000000000000000E+000
 H0(3)  0.000000000000000E+000  0.000000000000000E+000  1.080000000000000E-007
Strain (Lagrange def.):
  e(1:3,1) =   0.626285E-01  0.356024E-02  0.821758E-02
  e(1:3,2) =   0.356024E-02  0.832755E-01  0.381413E-02
  e(1:3,3) =   0.821758E-02  0.381413E-02  0.950783E-01
Rotation:
  r(1:3,1) =    0.00000      0.288407E-01  0.525552E-01
  r(1:3,2) =  -0.288407E-01   0.00000     -0.686399E-01
  r(1:3,3) =  -0.525552E-01  0.686399E-01   0.00000    
      2400 0.240E-11*l_a,m      11.4675370        11.5058758    
      2400 0.240E-11*l_b,m      11.6587267        11.4700092    
      2400 0.240E-11*l_c,m      11.7773524        11.5407653    
      2400 0.240E-11*ang_bc,m      89.7431    89.7830
      2400 0.240E-11*ang_ca,m      89.0018    89.8852
      2400 0.240E-11*ang_ab,m      89.6334    89.9438
      2400 0.240E-11*volume      1574.30903670        1525.59768768    
 
*temp instantanee des atomes de type 1 =       544.77
 
 * stress en kbar 
1 sigma potentiel (1,1) (2,1) (3,1) =  -68.84420866      -3.720964881      -8.935121147    
2 sigma potentiel (1,2) (2,2) (3,2) =  -3.720964881      -83.03930378      -3.128975463    
3 sigma potentiel (1,3) (2,3) (3,3) =  -8.935121147      -3.128975463      -87.94857576    
 
1 sigma cinetique (1,1) (2,1) (3,1) =   5.784036447      0.6967551997     -0.8958724911E-01
2 sigma cinetique (1,2) (2,2) (3,2) =  0.6967551997       6.954600036     -0.4670725905    
3 sigma cinetique (1,3) (2,3) (3,3) = -0.8958724911E-01 -0.4670725905       5.606949363    
 
1 sigma total (1,1) (2,1) (3,1) =  -63.06017222      -3.024209682      -9.024708396    
2 sigma total (1,2) (2,2) (3,2) =  -3.024209682      -76.08470374      -3.596048054    
3 sigma total (1,3) (2,3) (3,3) =  -9.024708396      -3.596048054      -82.34162640    
 
      2400 0.240E-11*Pression =    -73.829    
 pression totale  potentiel = cinetique =
   -73.829       -79.944        6.1152    
 ----------valeurs moyennes------------
*temperature moyenne =       591.31
*pression moyenne =    -1.7425    
 --------------------------------------
 
 
<<<<<<<<  ITERATION =   2500  time =   0.2500000E-11
 
 
 --------- Temperatures et Pression--------
 ----------valeurs instantanees------------
      2500 0.250E-11*Epot =    -513.8386839621720      eV 
    *energie PAIRE EAM =     14.2944541373      eV 
    *energie GLUE  =    -528.133138100      eV 
      2500 0.250E-11*Ec =     8.74159643582      eV   (528.354 K)
      2500 0.250E-11*Etot =    -505.0970875263498      eV 
 
      2500 0.250E-11*Epot/at =    -4.01436471845      eV 
 
      2500 0.250E-11*Temp instantanee = 528.354
 NPT With Parrinello-Rahman
      2500 0.250E-11*Kcell =    0.949700498248      eV   (2449.118 K)
 Box tensor
 a  1.143882508356476E-007  3.400044710760075E-009  6.533802790226248E-009
 b -3.063249882583338E-009  1.166260348719408E-007 -7.929704252091910E-009
 c -5.440368399390611E-009  7.837552979264055E-009  1.164452777209625E-007
 H0(1)  1.080000000000000E-007  0.000000000000000E+000  0.000000000000000E+000
 H0(2)  0.000000000000000E+000  1.080000000000000E-007  0.000000000000000E+000
 H0(3)  0.000000000000000E+000  0.000000000000000E+000  1.080000000000000E-007
Strain (Lagrange def.):
  e(1:3,1) =   0.625709E-01 -0.470194E-03  0.592317E-02
  e(1:3,2) =  -0.470194E-03  0.861891E-01  0.430868E-03
  e(1:3,3) =   0.592317E-02  0.430868E-03  0.857799E-01
Rotation:
  r(1:3,1) =    0.00000      0.299227E-01  0.554360E-01
  r(1:3,2) =  -0.299227E-01   0.00000     -0.729966E-01
  r(1:3,3) =  -0.554360E-01  0.729966E-01   0.00000    
      2500 0.250E-11*l_a,m      11.4625140        11.5041413    
      2500 0.250E-11*l_b,m      11.6935434        11.4789506    
      2500 0.250E-11*l_c,m      11.6835472        11.5464765    
      2500 0.250E-11*ang_bc,m      89.9692    89.7905
      2500 0.250E-11*ang_ca,m      89.2934    89.8616
      2500 0.250E-11*ang_ab,m      90.0243    89.9470
      2500 0.250E-11*volume      1565.91288284        1527.21029549    
 
*temp instantanee des atomes de type 1 =       528.35
 
 * stress en kbar 
1 sigma potentiel (1,1) (2,1) (3,1) =  -61.56850922      0.8776533904E-01  -10.95385259    
2 sigma potentiel (1,2) (2,2) (3,2) =  0.8776533904E-01  -71.66455052       1.570487374    
3 sigma potentiel (1,3) (2,3) (3,3) =  -10.95385259       1.570487374      -71.62833480    
 
1 sigma cinetique (1,1) (2,1) (3,1) =   5.702478423      0.7241020802      0.4091099339E-01
2 sigma cinetique (1,2) (2,2) (3,2) =  0.7241020802       6.802269735     -0.4046263006E-01
3 sigma cinetique (1,3) (2,3) (3,3) =  0.4091099339E-01 -0.4046263006E-01   5.383322389    
 
1 sigma total (1,1) (2,1) (3,1) =  -55.86603080      0.8118674193      -10.91294160    
2 sigma total (1,2) (2,2) (3,2) =  0.8118674193      -64.86228078       1.530024744    
3 sigma total (1,3) (2,3) (3,3) =  -10.91294160       1.530024744      -66.24501241    
 
      2500 0.250E-11*Pression =    -62.324    
 pression totale  potentiel = cinetique =
   -62.324       -68.287        5.9627    
 ----------valeurs moyennes------------
*temperature moyenne =       588.79
*pression moyenne =    -4.1657    
 --------------------------------------
 
 
<<<<<<<<  ITERATION =   2600  time =   0.2600000E-11
 
 
 --------- Temperatures et Pression--------
 ----------valeurs instantanees------------
      2600 0.260E-11*Epot =    -516.2039951328101      eV 
    *energie PAIRE EAM =     29.0020900908      eV 
    *energie GLUE  =    -545.206085224      eV 
      2600 0.260E-11*Ec =     8.43455134918      eV   (509.796 K)
      2600 0.260E-11*Etot =    -507.7694437836323      eV 
 
      2600 0.260E-11*Epot/at =    -4.03284371198      eV 
 
      2600 0.260E-11*Temp instantanee = 509.796
 NPT With Parrinello-Rahman
      2600 0.260E-11*Kcell =     2.33912612479      eV   (6032.213 K)
 Box tensor
 a  1.130390117926276E-007  3.184361952265273E-009  6.164012990819047E-009
 b -3.365206504119055E-009  1.155044099561580E-007 -8.556195554387223E-009
 c -6.070422464229218E-009  8.027466644531111E-009  1.141431324499518E-007
 H0(1)  1.080000000000000E-007  0.000000000000000E+000  0.000000000000000E+000
 H0(2)  0.000000000000000E+000  1.080000000000000E-007  0.000000000000000E+000
 H0(3)  0.000000000000000E+000  0.000000000000000E+000  1.080000000000000E-007
Strain (Lagrange def.):
  e(1:3,1) =   0.498111E-01 -0.332087E-02  0.140047E-02
  e(1:3,2) =  -0.332087E-02  0.750964E-01 -0.224493E-02
  e(1:3,3) =   0.140047E-02 -0.224493E-02  0.632655E-01
Rotation:
  r(1:3,1) =    0.00000      0.303221E-01  0.566409E-01
  r(1:3,2) =  -0.303221E-01   0.00000     -0.767762E-01
  r(1:3,3) =  -0.566409E-01  0.767762E-01   0.00000    
      2600 0.260E-11*l_a,m      11.3251726        11.4972579    
      2600 0.260E-11*l_b,m      11.5869762        11.4831054    
      2600 0.260E-11*l_c,m      11.4585972        11.5430966    
      2600 0.260E-11*ang_bc,m      90.1251    89.8033
      2600 0.260E-11*ang_ca,m      89.8104    89.8596
      2600 0.260E-11*ang_ab,m      90.2853    89.9601
      2600 0.260E-11*volume      1503.61834723        1526.30291286    
 
*temp instantanee des atomes de type 1 =       509.80
 
 * stress en kbar 
1 sigma potentiel (1,1) (2,1) (3,1) =  -12.45423592       9.597594991      -3.367193527    
2 sigma potentiel (1,2) (2,2) (3,2) =   9.597594991      -24.13224866       4.332094605    
3 sigma potentiel (1,3) (2,3) (3,3) =  -3.367193527       4.332094605      -14.64650154    
 
1 sigma cinetique (1,1) (2,1) (3,1) =   5.832830369     -0.6411531660     -0.5382226830E-01
2 sigma cinetique (1,2) (2,2) (3,2) = -0.6411531660       5.818546121     -0.2573470206    
3 sigma cinetique (1,3) (2,3) (3,3) = -0.5382226830E-01 -0.2573470206       6.323450266    
 
1 sigma total (1,1) (2,1) (3,1) =  -6.621405552       8.956441824      -3.421015795    
2 sigma total (1,2) (2,2) (3,2) =   8.956441824      -18.31370254       4.074747585    
3 sigma total (1,3) (2,3) (3,3) =  -3.421015795       4.074747585      -8.323051274    
 
      2600 0.260E-11*Pression =    -11.086    
 pression totale  potentiel = cinetique =
   -11.086       -17.078        5.9916    
 ----------valeurs moyennes------------
*temperature moyenne =       585.76
*pression moyenne =    -4.4319    
 --------------------------------------
 
 
<<<<<<<<  ITERATION =   2700  time =   0.2700000E-11
 
 
 --------- Temperatures et Pression--------
 ----------valeurs instantanees------------
      2700 0.270E-11*Epot =    -517.6946967188212      eV 
    *energie PAIRE EAM =     46.3432650601      eV 
    *energie GLUE  =    -564.037961779      eV 
      2700 0.270E-11*Ec =     10.6564605436      eV   (644.091 K)
      2700 0.270E-11*Etot =    -507.0382361752219      eV 
 
      2700 0.270E-11*Epot/at =    -4.04448981812      eV 
 
      2700 0.270E-11*Temp instantanee = 644.091
 NPT With Parrinello-Rahman
      2700 0.270E-11*Kcell =     1.16344304266      eV   (3000.324 K)
 Box tensor
 a  1.115897062810888E-007  3.065415656626052E-009  5.684953235631249E-009
 b -3.584652225065121E-009  1.141618998536127E-007 -9.095486941081615E-009
 c -6.817959862381663E-009  8.025485344432546E-009  1.118080890798914E-007
 H0(1)  1.080000000000000E-007  0.000000000000000E+000  0.000000000000000E+000
 H0(2)  0.000000000000000E+000  1.080000000000000E-007  0.000000000000000E+000
 H0(3)  0.000000000000000E+000  0.000000000000000E+000  1.080000000000000E-007
Strain (Lagrange def.):
  e(1:3,1) =   0.363339E-01 -0.522459E-02 -0.408593E-02
  e(1:3,2) =  -0.522459E-02  0.618460E-01 -0.529909E-02
  e(1:3,3) =  -0.408593E-02 -0.529909E-02  0.408134E-01
Rotation:
  r(1:3,1) =    0.00000      0.307874E-01  0.578839E-01
  r(1:3,2) =  -0.307874E-01   0.00000     -0.792638E-01
  r(1:3,3) =  -0.578839E-01  0.792638E-01   0.00000    
      2700 0.270E-11*l_a,m      11.1776464        11.4854204    
      2700 0.270E-11*l_b,m      11.4579741        11.4821746    
      2700 0.270E-11*l_c,m      11.2302902        11.5315111    
      2700 0.270E-11*ang_bc,m      90.3398    89.8232
      2700 0.270E-11*ang_ca,m      90.4591    89.8818
      2700 0.270E-11*ang_ab,m      90.4553    89.9784
      2700 0.270E-11*volume      1438.18159533        1523.03916036    
 
*temp instantanee des atomes de type 1 =       644.09
 
 * stress en kbar 
1 sigma potentiel (1,1) (2,1) (3,1) =   52.94112434       6.506223218       9.532875434    
2 sigma potentiel (1,2) (2,2) (3,2) =   6.506223218       42.51061292       7.198603070    
3 sigma potentiel (1,3) (2,3) (3,3) =   9.532875434       7.198603070       52.06233085    
 
1 sigma cinetique (1,1) (2,1) (3,1) =   9.146997360      0.6550550185      0.9125077855    
2 sigma cinetique (1,2) (2,2) (3,2) =  0.6550550185       8.243197158     -0.3331631459    
3 sigma cinetique (1,3) (2,3) (3,3) =  0.9125077855     -0.3331631459       6.353024446    
 
1 sigma total (1,1) (2,1) (3,1) =   62.08812170       7.161278236       10.44538322    
2 sigma total (1,2) (2,2) (3,2) =   7.161278236       50.75381007       6.865439924    
3 sigma total (1,3) (2,3) (3,3) =   10.44538322       6.865439924       58.41535530    
 
      2700 0.270E-11*Pression =     57.086    
 pression totale  potentiel = cinetique =
    57.086        49.171        7.9144    
 ----------valeurs moyennes------------
*temperature moyenne =       587.92
*pression moyenne =    -2.1535    
 --------------------------------------
 
 
<<<<<<<<  ITERATION =   2800  time =   0.2800000E-11
 
 
 --------- Temperatures et Pression--------
 ----------valeurs instantanees------------
      2800 0.280E-11*Epot =    -517.2966450453755      eV 
    *energie PAIRE EAM =     52.5418914396      eV 
    *energie GLUE  =    -569.838536485      eV 
      2800 0.280E-11*Ec =     9.81132675136      eV   (593.010 K)
      2800 0.280E-11*Etot =    -507.4853182940178      eV 
 
      2800 0.280E-11*Epot/at =    -4.04138003942      eV 
 
      2800 0.280E-11*Temp instantanee = 593.010
 NPT With Parrinello-Rahman
      2800 0.280E-11*Kcell =    0.311650000090      eV   (803.693 K)
 Box tensor
 a  1.114005636935177E-007  3.236665927603233E-009  5.606031775513996E-009
 b -3.577091017735891E-009  1.140117639668565E-007 -9.526566033473998E-009
 c -7.353060131430537E-009  8.339264946388090E-009  1.107269129718260E-007
 H0(1)  1.080000000000000E-007  0.000000000000000E+000  0.000000000000000E+000
 H0(2)  0.000000000000000E+000  1.080000000000000E-007  0.000000000000000E+000
 H0(3)  0.000000000000000E+000  0.000000000000000E+000  1.080000000000000E-007
Strain (Lagrange def.):
  e(1:3,1) =   0.348486E-01 -0.465463E-02 -0.666963E-02
  e(1:3,2) =  -0.465463E-02  0.606439E-01 -0.619919E-02
  e(1:3,3) =  -0.666963E-02 -0.619919E-02  0.308056E-01
Rotation:
  r(1:3,1) =    0.00000      0.315452E-01  0.599958E-01
  r(1:3,2) =  -0.315452E-01   0.00000     -0.827122E-01
  r(1:3,3) =  -0.599958E-01  0.827122E-01   0.00000    
      2800 0.280E-11*l_a,m      11.1588481        11.4737571    
      2800 0.280E-11*l_b,m      11.4464987        11.4809005    
      2800 0.280E-11*l_c,m      11.1283692        11.5171132    
      2800 0.280E-11*ang_bc,m      90.3498    89.8420
      2800 0.280E-11*ang_ca,m      90.7909    89.9143
      2800 0.280E-11*ang_ab,m      90.3718    89.9924
      2800 0.280E-11*volume      1421.23110794        1519.40315849    
 
*temp instantanee des atomes de type 1 =       593.01
 
 * stress en kbar 
1 sigma potentiel (1,1) (2,1) (3,1) =   77.41389363       9.170255350       14.87648553    
2 sigma potentiel (1,2) (2,2) (3,2) =   9.170255350       66.86966075       13.76331979    
3 sigma potentiel (1,3) (2,3) (3,3) =   14.87648553       13.76331979       81.39956085    
 
1 sigma cinetique (1,1) (2,1) (3,1) =   8.788219429     -0.1115874048     -0.5190288226    
2 sigma cinetique (1,2) (2,2) (3,2) = -0.1115874048       5.422743033     -0.3624700924    
3 sigma cinetique (1,3) (2,3) (3,3) = -0.5190288226     -0.3624700924       7.909967351    
 
1 sigma total (1,1) (2,1) (3,1) =   86.20211306       9.058667946       14.35745671    
2 sigma total (1,2) (2,2) (3,2) =   9.058667946       72.29240378       13.40084970    
3 sigma total (1,3) (2,3) (3,3) =   14.35745671       13.40084970       89.30952820    
 
      2800 0.280E-11*Pression =     82.601    
 pression totale  potentiel = cinetique =
    82.601        75.228        7.3736    
 ----------valeurs moyennes------------
*temperature moyenne =       588.10
*pression moyenne =    0.87348    
 --------------------------------------
 
 
<<<<<<<<  ITERATION =   2900  time =   0.2900000E-11
 
 
 --------- Temperatures et Pression--------
 ----------valeurs instantanees------------
      2900 0.290E-11*Epot =    -516.8352959194871      eV 
    *energie PAIRE EAM =     39.2639895856      eV 
    *energie GLUE  =    -556.099285505      eV 
      2900 0.290E-11*Ec =     8.17524595345      eV   (494.123 K)
      2900 0.290E-11*Etot =    -508.6600499660339      eV 
 
      2900 0.290E-11*Epot/at =    -4.03777574937      eV 
 
      2900 0.290E-11*Temp instantanee = 494.123
 NPT With Parrinello-Rahman
      2900 0.290E-11*Kcell =     1.87412772664      eV   (4833.060 K)
 Box tensor
 a  1.129692982239186E-007  3.710494879406253E-009  5.776799605984391E-009
 b -3.478662202639819E-009  1.152727854096439E-007 -9.788672177698591E-009
 c -7.504347705214598E-009  9.023063708904318E-009  1.114393957214938E-007
 H0(1)  1.080000000000000E-007  0.000000000000000E+000  0.000000000000000E+000
 H0(2)  0.000000000000000E+000  1.080000000000000E-007  0.000000000000000E+000
 H0(3)  0.000000000000000E+000  0.000000000000000E+000  1.080000000000000E-007
Strain (Lagrange def.):
  e(1:3,1) =   0.500034E-01 -0.212343E-02 -0.641407E-02
  e(1:3,2) =  -0.212343E-02  0.736882E-01 -0.434705E-02
  e(1:3,3) =  -0.641407E-02 -0.434705E-02  0.378913E-01
Rotation:
  r(1:3,1) =    0.00000      0.332831E-01  0.614868E-01
  r(1:3,2) =  -0.332831E-01   0.00000     -0.870914E-01
  r(1:3,3) =  -0.614868E-01  0.870914E-01   0.00000    
      2900 0.290E-11*l_a,m      11.3177743        11.4683784    
      2900 0.290E-11*l_b,m      11.5739942        11.4841106    
      2900 0.290E-11*l_c,m      11.2055655        11.5063702    
      2900 0.290E-11*ang_bc,m      90.1088    89.8512
      2900 0.290E-11*ang_ca,m      90.7704    89.9438
      2900 0.290E-11*ang_ab,m      90.0954    89.9960
      2900 0.290E-11*volume      1467.70038013        1517.62030406    
 
*temp instantanee des atomes de type 1 =       494.12
 
 * stress en kbar 
1 sigma potentiel (1,1) (2,1) (3,1) =   21.68751052      0.7837327591       14.46515876    
2 sigma potentiel (1,2) (2,2) (3,2) =  0.7837327591       6.984878894       3.844114323    
3 sigma potentiel (1,3) (2,3) (3,3) =   14.46515876       3.844114323       27.77787045    
 
1 sigma cinetique (1,1) (2,1) (3,1) =   6.193618898     -0.7178139986     -0.3626760423    
2 sigma cinetique (1,2) (2,2) (3,2) = -0.7178139986       5.693510929      0.2405246583    
3 sigma cinetique (1,3) (2,3) (3,3) = -0.3626760423      0.2405246583       5.961454018    
 
1 sigma total (1,1) (2,1) (3,1) =   27.88112942      0.6591876045E-01   14.10248272    
2 sigma total (1,2) (2,2) (3,2) =  0.6591876045E-01   12.67838982       4.084638981    
3 sigma total (1,3) (2,3) (3,3) =   14.10248272       4.084638981       33.73932447    
 
      2900 0.290E-11*Pression =     24.766    
 pression totale  potentiel = cinetique =
    24.766        18.817        5.9495    
 ----------valeurs moyennes------------
*temperature moyenne =       584.86
*pression moyenne =     1.6974    
 --------------------------------------
 
 
<<<<<<<<  ITERATION =   3000  time =   0.3000000E-11
 
 
 --------- Temperatures et Pression--------
 ----------valeurs instantanees------------
      3000 0.300E-11*Epot =    -516.0790341962206      eV 
    *energie PAIRE EAM =     21.1625608654      eV 
    *energie GLUE  =    -537.241595062      eV 
      3000 0.300E-11*Ec =     10.0399067144      eV   (606.826 K)
      3000 0.300E-11*Etot =    -506.0391274818037      eV 
 
      3000 0.300E-11*Epot/at =    -4.03186745466      eV 
 
      3000 0.300E-11*Temp instantanee = 606.826
 NPT With Parrinello-Rahman
      3000 0.300E-11*Kcell =     1.21829589461      eV   (3141.780 K)
 Box tensor
 a  1.149901987770878E-007  4.378081806506632E-009  6.009819568943038E-009
 b -3.379619842074766E-009  1.166777224758971E-007 -9.805412041851296E-009
 c -7.369323751103432E-009  9.835872228639964E-009  1.127999109783421E-007
 H0(1)  1.080000000000000E-007  0.000000000000000E+000  0.000000000000000E+000
 H0(2)  0.000000000000000E+000  1.080000000000000E-007  0.000000000000000E+000
 H0(3)  0.000000000000000E+000  0.000000000000000E+000  1.080000000000000E-007
Strain (Lagrange def.):
  e(1:3,1) =   0.696363E-01  0.157006E-02 -0.458891E-02
  e(1:3,2) =   0.157006E-02  0.885461E-01 -0.354773E-03
  e(1:3,3) =  -0.458891E-02 -0.354773E-03  0.511010E-01
Rotation:
  r(1:3,1) =    0.00000      0.359153E-01  0.619405E-01
  r(1:3,2) =  -0.359153E-01   0.00000     -0.909319E-01
  r(1:3,3) =  -0.619405E-01  0.909319E-01   0.00000    
      3000 0.300E-11*l_a,m      11.5230340        11.4702003    
      3000 0.300E-11*l_b,m      11.7137777        11.4917662    
      3000 0.300E-11*l_c,m      11.3467490        11.5010495    
      3000 0.300E-11*ang_bc,m      89.7134    89.8466
      3000 0.300E-11*ang_ca,m      90.5540    89.9641
      3000 0.300E-11*ang_ab,m      89.7314    89.9872
      3000 0.300E-11*volume      1531.45648575        1518.08151012    
 
*temp instantanee des atomes de type 1 =       606.83
 
 * stress en kbar 
1 sigma potentiel (1,1) (2,1) (3,1) =  -41.39840735      -3.727758605       6.914320665    
2 sigma potentiel (1,2) (2,2) (3,2) =  -3.727758605      -54.09590456      -1.518970207    
3 sigma potentiel (1,3) (2,3) (3,3) =   6.914320665      -1.518970207      -33.39226151    
 
1 sigma cinetique (1,1) (2,1) (3,1) =   6.297261439     -0.4735142850     -0.2820494872    
2 sigma cinetique (1,2) (2,2) (3,2) = -0.4735142850       7.881317339     -0.9915008223    
3 sigma cinetique (1,3) (2,3) (3,3) = -0.2820494872     -0.9915008223       6.828485255    
 
1 sigma total (1,1) (2,1) (3,1) =  -35.10114591      -4.201272890       6.632271177    
2 sigma total (1,2) (2,2) (3,2) =  -4.201272890      -46.21458722      -2.510471029    
3 sigma total (1,3) (2,3) (3,3) =   6.632271177      -2.510471029      -26.56377625    
 
      3000 0.300E-11*Pression =    -35.960    
 pression totale  potentiel = cinetique =
   -35.960       -42.962        7.0024    
 ----------valeurs moyennes------------
*temperature moyenne =       585.59
*pression moyenne =    0.44213    
 --------------------------------------
 
 
<<<<<<<<  ITERATION =   3100  time =   0.3100000E-11
 
 
 --------- Temperatures et Pression--------
 ----------valeurs instantanees------------
      3100 0.310E-11*Epot =    -513.0525402631015      eV 
    *energie PAIRE EAM =     16.4263292988      eV 
    *energie GLUE  =    -529.478869562      eV 
      3100 0.310E-11*Ec =     9.12894906615      eV   (551.766 K)
      3100 0.310E-11*Etot =    -503.9235911969502      eV 
 
      3100 0.310E-11*Epot/at =    -4.00822297081      eV 
 
      3100 0.310E-11*Temp instantanee = 551.766
 NPT With Parrinello-Rahman
      3100 0.310E-11*Kcell =    0.228863886470      eV   (590.202 K)
 Box tensor
 a  1.161917807670268E-007  4.995975908079096E-009  6.197210660801236E-009
 b -3.417499192003671E-009  1.170625457580331E-007 -9.761323305302090E-009
 c -7.032177374992969E-009  1.059895208096545E-008  1.133661361472617E-007
 H0(1)  1.080000000000000E-007  0.000000000000000E+000  0.000000000000000E+000
 H0(2)  0.000000000000000E+000  1.080000000000000E-007  0.000000000000000E+000
 H0(3)  0.000000000000000E+000  0.000000000000000E+000  1.080000000000000E-007
Strain (Lagrange def.):
  e(1:3,1) =   0.813469E-01  0.453946E-02 -0.187699E-02
  e(1:3,2) =   0.453946E-02  0.933186E-01  0.385108E-02
  e(1:3,3) =  -0.187699E-02  0.385108E-02  0.566516E-01
Rotation:
  r(1:3,1) =    0.00000      0.389513E-01  0.612472E-01
  r(1:3,2) =  -0.389513E-01   0.00000     -0.942605E-01
  r(1:3,3) =  -0.612472E-01  0.942605E-01   0.00000    
      3100 0.310E-11*l_a,m      11.6464137        11.4758846    
      3100 0.310E-11*l_b,m      11.7518519        11.5001560    
      3100 0.310E-11*l_c,m      11.4077474        11.4980397    
      3100 0.310E-11*ang_bc,m      89.3240    89.8298
      3100 0.310E-11*ang_ca,m      90.2655    89.9739
      3100 0.310E-11*ang_ab,m      89.4672    89.9704
      3100 0.310E-11*volume      1561.14961536        1519.47080384    
 
*temp instantanee des atomes de type 1 =       551.77
 
 * stress en kbar 
1 sigma potentiel (1,1) (2,1) (3,1) =  -63.48551863      -9.321134570       3.681582173    
2 sigma potentiel (1,2) (2,2) (3,2) =  -9.321134570      -73.56930123      -7.704141143    
3 sigma potentiel (1,3) (2,3) (3,3) =   3.681582173      -7.704141143      -47.54793119    
 
1 sigma cinetique (1,1) (2,1) (3,1) =   5.945098519     -0.4320304903     -0.1912102408    
2 sigma cinetique (1,2) (2,2) (3,2) = -0.4320304903       6.079453815      0.1930930600    
3 sigma cinetique (1,3) (2,3) (3,3) = -0.1912102408      0.1930930600       6.713161442    
 
1 sigma total (1,1) (2,1) (3,1) =  -57.54042011      -9.753165060       3.490371932    
2 sigma total (1,2) (2,2) (3,2) =  -9.753165060      -67.48984741      -7.511048083    
3 sigma total (1,3) (2,3) (3,3) =   3.490371932      -7.511048083      -40.83476975    
 
      3100 0.310E-11*Pression =    -55.288    
 pression totale  potentiel = cinetique =
   -55.288       -61.534        6.2459    
 ----------valeurs moyennes------------
*temperature moyenne =       584.50
*pression moyenne =    -1.3556    
 --------------------------------------
 
 
<<<<<<<<  ITERATION =   3200  time =   0.3200000E-11
 
 
 --------- Temperatures et Pression--------
 ----------valeurs instantanees------------
      3200 0.320E-11*Epot =    -515.0076684970886      eV 
    *energie PAIRE EAM =     20.5312113330      eV 
    *energie GLUE  =    -535.538879830      eV 
      3200 0.320E-11*Ec =     9.79895162038      eV   (592.262 K)
      3200 0.320E-11*Etot =    -505.2087168767064      eV 
 
      3200 0.320E-11*Epot/at =    -4.02349741013      eV 
 
      3200 0.320E-11*Temp instantanee = 592.262
 NPT With Parrinello-Rahman
      3200 0.320E-11*Kcell =    0.969930964540      eV   (2501.289 K)
 Box tensor
 a  1.162909723396696E-007  5.477868566241123E-009  6.201436344107562E-009
 b -3.563616678977318E-009  1.159962767688390E-007 -9.880596382270030E-009
 c -6.510212608626370E-009  1.089188201316257E-008  1.126930978796123E-007
 H0(1)  1.080000000000000E-007  0.000000000000000E+000  0.000000000000000E+000
 H0(2)  0.000000000000000E+000  1.080000000000000E-007  0.000000000000000E+000
 H0(3)  0.000000000000000E+000  0.000000000000000E+000  1.080000000000000E-007
Strain (Lagrange def.):
  e(1:3,1) =   0.820762E-01  0.654801E-02  0.974181E-03
  e(1:3,2) =   0.654801E-02  0.831523E-01  0.494248E-02
  e(1:3,3) =   0.974181E-03  0.494248E-02  0.502323E-01
Rotation:
  r(1:3,1) =    0.00000      0.418587E-01  0.588502E-01
  r(1:3,2) =  -0.418587E-01   0.00000     -0.961689E-01
  r(1:3,3) =  -0.588502E-01  0.961689E-01   0.00000    
      3200 0.320E-11*l_a,m      11.6584969        11.4815912    
      3200 0.320E-11*l_b,m      11.6470862        11.5047476    
      3200 0.320E-11*l_c,m      11.3405248        11.4931174    
      3200 0.320E-11*ang_bc,m      89.2489    89.8116
      3200 0.320E-11*ang_ca,m      89.9937    89.9745
      3200 0.320E-11*ang_ab,m      89.3260    89.9503
      3200 0.320E-11*volume      1539.66289467        1520.10180667    
 
*temp instantanee des atomes de type 1 =       592.26
 
 * stress en kbar 
1 sigma potentiel (1,1) (2,1) (3,1) =  -53.75806341      -6.543667785     -0.8410108759    
2 sigma potentiel (1,2) (2,2) (3,2) =  -6.543667785      -56.43199907      -9.548104950    
3 sigma potentiel (1,3) (2,3) (3,3) = -0.8410108759      -9.548104950      -35.72643598    
 
1 sigma cinetique (1,1) (2,1) (3,1) =   6.818937292      0.7111511329      -1.089897504    
2 sigma cinetique (1,2) (2,2) (3,2) =  0.7111511329       6.358345820      0.2365751470    
3 sigma cinetique (1,3) (2,3) (3,3) =  -1.089897504      0.2365751470       7.216336431    
 
1 sigma total (1,1) (2,1) (3,1) =  -46.93912612      -5.832516652      -1.930908380    
2 sigma total (1,2) (2,2) (3,2) =  -5.832516652      -50.07365325      -9.311529803    
3 sigma total (1,3) (2,3) (3,3) =  -1.930908380      -9.311529803      -28.51009954    
 
      3200 0.320E-11*Pression =    -41.841    
 pression totale  potentiel = cinetique =
   -41.841       -48.639        6.7979    
 ----------valeurs moyennes------------
*temperature moyenne =       584.74
*pression moyenne =    -2.6208    
 --------------------------------------
 
 
<<<<<<<<  ITERATION =   3300  time =   0.3300000E-11
 
 
 --------- Temperatures et Pression--------
 ----------valeurs instantanees------------
      3300 0.330E-11*Epot =    -516.2569969180959      eV 
    *energie PAIRE EAM =     34.8745643623      eV 
    *energie GLUE  =    -551.131561280      eV 
      3300 0.330E-11*Ec =     10.4231742760      eV   (629.991 K)
      3300 0.330E-11*Etot =    -505.8338226420466      eV 
 
      3300 0.330E-11*Epot/at =    -4.03325778842      eV 
 
      3300 0.330E-11*Temp instantanee = 629.991
 NPT With Parrinello-Rahman
      3300 0.330E-11*Kcell =     1.42008847807      eV   (3662.170 K)
 Box tensor
 a  1.154709292971873E-007  5.703638906643376E-009  6.217150639388216E-009
 b -3.839237546345176E-009  1.140249896946432E-007 -1.012563623516365E-008
 c -5.950552742690117E-009  1.092267816931463E-008  1.113408021342113E-007
 H0(1)  1.080000000000000E-007  0.000000000000000E+000  0.000000000000000E+000
 H0(2)  0.000000000000000E+000  1.080000000000000E-007  0.000000000000000E+000
 H0(3)  0.000000000000000E+000  0.000000000000000E+000  1.080000000000000E-007
Strain (Lagrange def.):
  e(1:3,1) =   0.737176E-01  0.668036E-02  0.403959E-02
  e(1:3,2) =   0.668036E-02  0.638518E-01  0.415915E-02
  e(1:3,3) =   0.403959E-02  0.415915E-02  0.374638E-01
Rotation:
  r(1:3,1) =    0.00000      0.441800E-01  0.563320E-01
  r(1:3,2) =  -0.441800E-01   0.00000     -0.974459E-01
  r(1:3,3) =  -0.563320E-01  0.974459E-01   0.00000    
      3300 0.330E-11*l_a,m      11.5778754        11.4845089    
      3300 0.330E-11*l_b,m      11.4538057        11.5032039    
      3300 0.330E-11*l_c,m      11.2033424        11.4843363    
      3300 0.330E-11*ang_bc,m      89.3708    89.7982
      3300 0.330E-11*ang_ca,m      89.7023    89.9662
      3300 0.330E-11*ang_ab,m      89.3775    89.9329
      3300 0.330E-11*volume      1485.48706771        1519.05287519    
 
*temp instantanee des atomes de type 1 =       629.99
 
 * stress en kbar 
1 sigma potentiel (1,1) (2,1) (3,1) =  -6.950111726      -12.95944920      -1.899061142    
2 sigma potentiel (1,2) (2,2) (3,2) =  -12.95944920      -6.070364387      -16.33333287    
3 sigma potentiel (1,3) (2,3) (3,3) =  -1.899061142      -16.33333287       11.67261988    
 
1 sigma cinetique (1,1) (2,1) (3,1) =   7.082227660      0.2221287334     -0.8805699266    
2 sigma cinetique (1,2) (2,2) (3,2) =  0.2221287334       7.739046532      0.2507971826    
3 sigma cinetique (1,3) (2,3) (3,3) = -0.8805699266      0.2507971826       7.662616593    
 
1 sigma total (1,1) (2,1) (3,1) =  0.1321159337      -12.73732047      -2.779631069    
2 sigma total (1,2) (2,2) (3,2) =  -12.73732047       1.668682144      -16.08253568    
3 sigma total (1,3) (2,3) (3,3) =  -2.779631069      -16.08253568       19.33523648    
 
      3300 0.330E-11*Pression =     7.0453    
 pression totale  potentiel = cinetique =
    7.0453      -0.44929        7.4946    
 ----------valeurs moyennes------------
*temperature moyenne =       586.11
*pression moyenne =    -2.3279    
 --------------------------------------
 
 
<<<<<<<<  ITERATION =   3400  time =   0.3400000E-11
 
 
 --------- Temperatures et Pression--------
 ----------valeurs instantanees------------
      3400 0.340E-11*Epot =    -516.0513309203271      eV 
    *energie PAIRE EAM =     47.4815068703      eV 
    *energie GLUE  =    -563.532837791      eV 
      3400 0.340E-11*Ec =     9.96332210819      eV   (602.197 K)
      3400 0.340E-11*Etot =    -506.0880088121389      eV 
 
      3400 0.340E-11*Epot/at =    -4.03165102282      eV 
 
      3400 0.340E-11*Temp instantanee = 602.197
 NPT With Parrinello-Rahman
      3400 0.340E-11*Kcell =    0.544839147695      eV   (1405.049 K)
 Box tensor
 a  1.145521314883078E-007  5.579155645391956E-009  6.301627152358992E-009
 b -4.297898833144210E-009  1.122823302677783E-007 -1.072543981693218E-008
 c -5.522114344703512E-009  1.062204659475328E-008  1.106155699618024E-007
 H0(1)  1.080000000000000E-007  0.000000000000000E+000  0.000000000000000E+000
 H0(2)  0.000000000000000E+000  1.080000000000000E-007  0.000000000000000E+000
 H0(3)  0.000000000000000E+000  0.000000000000000E+000  1.080000000000000E-007
Strain (Lagrange def.):
  e(1:3,1) =   0.646072E-01  0.419538E-02  0.673568E-02
  e(1:3,2) =   0.419538E-02  0.466082E-01  0.250520E-03
  e(1:3,3) =   0.673568E-02  0.250520E-03  0.311450E-01
Rotation:
  r(1:3,1) =    0.00000      0.457271E-01  0.547395E-01
  r(1:3,2) =  -0.457271E-01   0.00000     -0.988310E-01
  r(1:3,3) =  -0.547395E-01  0.988310E-01   0.00000    
      3400 0.340E-11*l_a,m      11.4860909        11.4845554    
      3400 0.340E-11*l_b,m      11.2875279        11.4968605    
      3400 0.340E-11*l_c,m      11.1261520        11.4738015    
      3400 0.340E-11*ang_bc,m      89.8631    89.8002
      3400 0.340E-11*ang_ca,m      89.4452    89.9509
      3400 0.340E-11*ang_ab,m      89.7060    89.9262
      3400 0.340E-11*volume      1442.41027936        1516.79868119    
 
*temp instantanee des atomes de type 1 =       602.20
 
 * stress en kbar 
1 sigma potentiel (1,1) (2,1) (3,1) =   45.05211758      -8.921590458      -9.486192000    
2 sigma potentiel (1,2) (2,2) (3,2) =  -8.921590458       53.73407181      -1.547929785    
3 sigma potentiel (1,3) (2,3) (3,3) =  -9.486192000      -1.547929785       58.02002029    
 
1 sigma cinetique (1,1) (2,1) (3,1) =   7.859630972     -0.7373890429     -0.2173113725    
2 sigma cinetique (1,2) (2,2) (3,2) = -0.7373890429       7.743504876     -0.9030079572    
3 sigma cinetique (1,3) (2,3) (3,3) = -0.2173113725     -0.9030079572       6.530650087    
 
1 sigma total (1,1) (2,1) (3,1) =   52.91174855      -9.658979501      -9.703503373    
2 sigma total (1,2) (2,2) (3,2) =  -9.658979501       61.47757668      -2.450937742    
3 sigma total (1,3) (2,3) (3,3) =  -9.703503373      -2.450937742       64.55067038    
 
      3400 0.340E-11*Pression =     59.647    
 pression totale  potentiel = cinetique =
    59.647        52.269        7.3779    
 ----------valeurs moyennes------------
*temperature moyenne =       586.59
*pression moyenne =   -0.50510    
 --------------------------------------
 
 
<<<<<<<<  ITERATION =   3500  time =   0.3500000E-11
 
 
 --------- Temperatures et Pression--------
 ----------valeurs instantanees------------
      3500 0.350E-11*Epot =    -516.0588150748790      eV 
    *energie PAIRE EAM =     47.1104329160      eV 
    *energie GLUE  =    -563.169247991      eV 
      3500 0.350E-11*Ec =     9.57523086232      eV   (578.740 K)
      3500 0.350E-11*Etot =    -506.4835842125638      eV 
 
      3500 0.350E-11*Epot/at =    -4.03170949277      eV 
 
      3500 0.350E-11*Temp instantanee = 578.740
 NPT With Parrinello-Rahman
      3500 0.350E-11*Kcell =    0.660204442682      eV   (1702.556 K)
 Box tensor
 a  1.145870083646675E-007  5.338169730055374E-009  6.239392077914530E-009
 b -5.061588329457801E-009  1.117025186521455E-007 -1.145479019908927E-008
 c -5.415086320913543E-009  1.047154238839962E-008  1.113095133214543E-007
 H0(1)  1.080000000000000E-007  0.000000000000000E+000  0.000000000000000E+000
 H0(2)  0.000000000000000E+000  1.080000000000000E-007  0.000000000000000E+000
 H0(3)  0.000000000000000E+000  0.000000000000000E+000  1.080000000000000E-007
Strain (Lagrange def.):
  e(1:3,1) =   0.652060E-01 -0.446312E-03  0.729519E-02
  e(1:3,2) =  -0.446312E-03  0.407923E-01 -0.345678E-02
  e(1:3,3) =   0.729519E-02 -0.345678E-02  0.384066E-01
Rotation:
  r(1:3,1) =    0.00000      0.481470E-01  0.539559E-01
  r(1:3,2) =  -0.481470E-01   0.00000     -0.101511    
  r(1:3,3) =  -0.539559E-01  0.101511       0.00000    
      3500 0.350E-11*l_a,m      11.4880845        11.4846563    
      3500 0.350E-11*l_b,m      11.2402333        11.4895283    
      3500 0.350E-11*l_c,m      11.1932051        11.4657845    
      3500 0.350E-11*ang_bc,m      90.3549    89.8160
      3500 0.350E-11*ang_ca,m      89.4212    89.9358
      3500 0.350E-11*ang_ab,m      90.2448    89.9353
      3500 0.350E-11*volume      1445.25030583        1514.75444190    
 
*temp instantanee des atomes de type 1 =       578.74
 
 * stress en kbar 
1 sigma potentiel (1,1) (2,1) (3,1) =   34.28487095       9.464840848      -10.21270699    
2 sigma potentiel (1,2) (2,2) (3,2) =   9.464840848       54.38105426       8.257471737    
3 sigma potentiel (1,3) (2,3) (3,3) =  -10.21270699       8.257471737       50.97192460    
 
1 sigma cinetique (1,1) (2,1) (3,1) =   7.147893255     -0.7788481867      0.8996606901E-01
2 sigma cinetique (1,2) (2,2) (3,2) = -0.7788481867       7.727802416       1.257921564    
3 sigma cinetique (1,3) (2,3) (3,3) =  0.8996606901E-01   1.257921564       6.354134836    
 
1 sigma total (1,1) (2,1) (3,1) =   41.43276420       8.685992661      -10.12274092    
2 sigma total (1,2) (2,2) (3,2) =   8.685992661       62.10885668       9.515393300    
3 sigma total (1,3) (2,3) (3,3) =  -10.12274092       9.515393300       57.32605944    
 
      3500 0.350E-11*Pression =     53.623    
 pression totale  potentiel = cinetique =
    53.623        46.546        7.0766    
 ----------valeurs moyennes------------
*temperature moyenne =       586.36
*pression moyenne =     1.0414    
 --------------------------------------
 
 
<<<<<<<<  ITERATION =   3600  time =   0.3600000E-11
 
 
 --------- Temperatures et Pression--------
 ----------valeurs instantanees------------
      3600 0.360E-11*Epot =    -516.9772077600671      eV 
    *energie PAIRE EAM =     33.0374365871      eV 
    *energie GLUE  =    -550.014644347      eV 
      3600 0.360E-11*Ec =     9.69423208381      eV   (585.933 K)
      3600 0.360E-11*Etot =    -507.2829756762540      eV 
 
      3600 0.360E-11*Epot/at =    -4.03888443563      eV 
 
      3600 0.360E-11*Temp instantanee = 585.933
 NPT With Parrinello-Rahman
      3600 0.360E-11*Kcell =     1.11393305013      eV   (2872.646 K)
 Box tensor
 a  1.154807995613560E-007  5.264736340296363E-009  5.950827805918162E-009
 b -5.763356683945541E-009  1.122931994713260E-007 -1.203728186385757E-008
 c -5.646121624777915E-009  1.042445633772972E-008  1.130170541373248E-007
 H0(1)  1.080000000000000E-007  0.000000000000000E+000  0.000000000000000E+000
 H0(2)  0.000000000000000E+000  1.080000000000000E-007  0.000000000000000E+000
 H0(3)  0.000000000000000E+000  0.000000000000000E+000  1.080000000000000E-007
Strain (Lagrange def.):
  e(1:3,1) =   0.744560E-01 -0.420386E-02  0.507860E-02
  e(1:3,2) =  -0.420386E-02  0.463884E-01 -0.609714E-02
  e(1:3,3) =   0.507860E-02 -0.609714E-02  0.552625E-01
Rotation:
  r(1:3,1) =    0.00000      0.510560E-01  0.536896E-01
  r(1:3,2) =  -0.510560E-01   0.00000     -0.103990    
  r(1:3,3) =  -0.536896E-01  0.103990       0.00000    
      3600 0.360E-11*l_a,m      11.5753811        11.4871764    
      3600 0.360E-11*l_b,m      11.3083487        11.4844955    
      3600 0.360E-11*l_c,m      11.3637153        11.4629492    
      3600 0.360E-11*ang_bc,m      90.7013    89.8406
      3600 0.360E-11*ang_ca,m      89.6715    89.9284
      3600 0.360E-11*ang_ab,m      90.6390    89.9549
      3600 0.360E-11*volume      1487.26544812        1513.99085874    
 
*temp instantanee des atomes de type 1 =       585.93
 
 * stress en kbar 
1 sigma potentiel (1,1) (2,1) (3,1) =  -13.63435677       10.41826584      -4.932505029    
2 sigma potentiel (1,2) (2,2) (3,2) =   10.41826584       7.553343483       10.19537538    
3 sigma potentiel (1,3) (2,3) (3,3) =  -4.932505029       10.19537538      -1.002086408    
 
1 sigma cinetique (1,1) (2,1) (3,1) =   6.681881354      0.8110955796      0.5430918835    
2 sigma cinetique (1,2) (2,2) (3,2) =  0.8110955796       8.363971153      0.7378299466    
3 sigma cinetique (1,3) (2,3) (3,3) =  0.5430918835      0.7378299466       5.840628104    
 
1 sigma total (1,1) (2,1) (3,1) =  -6.952475418       11.22936142      -4.389413146    
2 sigma total (1,2) (2,2) (3,2) =   11.22936142       15.91731464       10.93320533    
3 sigma total (1,3) (2,3) (3,3) =  -4.389413146       10.93320533       4.838541696    
 
      3600 0.360E-11*Pression =     4.6011    
 pression totale  potentiel = cinetique =
    4.6011       -2.3610        6.9622    
 ----------valeurs moyennes------------
*temperature moyenne =       586.35
*pression moyenne =     1.1403    
 --------------------------------------
 
 
<<<<<<<<  ITERATION =   3700  time =   0.3700000E-11
 
 
 --------- Temperatures et Pression--------
 ----------valeurs instantanees------------
      3700 0.370E-11*Epot =    -516.0785835228052      eV 
    *energie PAIRE EAM =     21.9664087032      eV 
    *energie GLUE  =    -538.044992226      eV 
      3700 0.370E-11*Ec =     9.45285657876      eV   (571.344 K)
      3700 0.370E-11*Etot =    -506.6257269440487      eV 
 
      3700 0.370E-11*Epot/at =    -4.03186393377      eV 
 
      3700 0.370E-11*Temp instantanee = 571.344
 NPT With Parrinello-Rahman
      3700 0.370E-11*Kcell =    0.502861745911      eV   (1296.796 K)
 Box tensor
 a  1.163011767426901E-007  5.462165331156736E-009  5.371940657598091E-009
 b -6.358113712065220E-009  1.130490099957508E-007 -1.238866101711223E-008
 c -6.116739218906667E-009  1.052328120414230E-008  1.146059341996206E-007
 H0(1)  1.080000000000000E-007  0.000000000000000E+000  0.000000000000000E+000
 H0(2)  0.000000000000000E+000  1.080000000000000E-007  0.000000000000000E+000
 H0(3)  0.000000000000000E+000  0.000000000000000E+000  1.080000000000000E-007
Strain (Lagrange def.):
  e(1:3,1) =   0.831535E-01 -0.633961E-02  0.107893E-03
  e(1:3,2) =  -0.633961E-02  0.538689E-01 -0.707960E-02
  e(1:3,3) =   0.107893E-03 -0.707960E-02  0.708529E-01
Rotation:
  r(1:3,1) =    0.00000      0.547235E-01  0.531883E-01
  r(1:3,2) =  -0.547235E-01   0.00000     -0.106074    
  r(1:3,3) =  -0.531883E-01  0.106074       0.00000    
      3700 0.370E-11*l_a,m      11.6553236        11.4917209    
      3700 0.370E-11*l_b,m      11.3903394        11.4819508    
      3700 0.370E-11*l_c,m      11.5250484        11.4646276    
      3700 0.370E-11*ang_bc,m      90.8349    89.8675
      3700 0.370E-11*ang_ca,m      90.1631    89.9348
      3700 0.370E-11*ang_ab,m      90.8136    89.9781
      3700 0.370E-11*volume      1529.71961485        1514.41596025    
 
*temp instantanee des atomes de type 1 =       571.34
 
 * stress en kbar 
1 sigma potentiel (1,1) (2,1) (3,1) =  -52.25201428       9.012787530       2.851097043    
2 sigma potentiel (1,2) (2,2) (3,2) =   9.012787530      -33.21536015       15.09801341    
3 sigma potentiel (1,3) (2,3) (3,3) =   2.851097043       15.09801341      -45.87612466    
 
1 sigma cinetique (1,1) (2,1) (3,1) =   7.750027453      0.4042311194      0.3050921571E-01
2 sigma cinetique (1,2) (2,2) (3,2) =  0.4042311194       5.079088702     -0.5428189568E-01
3 sigma cinetique (1,3) (2,3) (3,3) =  0.3050921571E-01 -0.5428189568E-01   6.972086853    
 
1 sigma total (1,1) (2,1) (3,1) =  -44.50198683       9.417018650       2.881606259    
2 sigma total (1,2) (2,2) (3,2) =   9.417018650      -28.13627145       15.04373152    
3 sigma total (1,3) (2,3) (3,3) =   2.881606259       15.04373152      -38.90403780    
 
      3700 0.370E-11*Pression =    -37.181    
 pression totale  potentiel = cinetique =
   -37.181       -43.781        6.6004    
 ----------valeurs moyennes------------
*temperature moyenne =       585.94
*pression moyenne =    0.10458    
 --------------------------------------
 
 
<<<<<<<<  ITERATION =   3800  time =   0.3800000E-11
 
 
 --------- Temperatures et Pression--------
 ----------valeurs instantanees------------
      3800 0.380E-11*Epot =    -515.9887507309835      eV 
    *energie PAIRE EAM =     19.0315001685      eV 
    *energie GLUE  =    -535.020250899      eV 
      3800 0.380E-11*Ec =     8.26066684477      eV   (499.286 K)
      3800 0.380E-11*Etot =    -507.7280838862119      eV 
 
      3800 0.380E-11*Epot/at =    -4.03116211509      eV 
 
      3800 0.380E-11*Temp instantanee = 499.286
 NPT With Parrinello-Rahman
      3800 0.380E-11*Kcell =    0.253925358759      eV   (654.831 K)
 Box tensor
 a  1.162456576894042E-007  5.730142352578769E-009  4.759083009992314E-009
 b -6.734553241524011E-009  1.131547852130854E-007 -1.227094170797887E-008
 c -6.530807587307570E-009  1.060706611706184E-008  1.152450075195119E-007
 H0(1)  1.080000000000000E-007  0.000000000000000E+000  0.000000000000000E+000
 H0(2)  0.000000000000000E+000  1.080000000000000E-007  0.000000000000000E+000
 H0(3)  0.000000000000000E+000  0.000000000000000E+000  1.080000000000000E-007
Strain (Lagrange def.):
  e(1:3,1) =   0.830358E-01 -0.708228E-02 -0.500604E-02
  e(1:3,2) =  -0.708228E-02  0.550990E-01 -0.595139E-02
  e(1:3,3) =  -0.500604E-02 -0.595139E-02  0.767591E-01
Rotation:
  r(1:3,1) =    0.00000      0.577069E-01  0.522680E-01
  r(1:3,2) =  -0.577069E-01   0.00000     -0.105917    
  r(1:3,3) =  -0.522680E-01  0.105917       0.00000    
      3800 0.380E-11*l_a,m      11.6484060        11.4958442    
      3800 0.380E-11*l_b,m      11.4017260        11.4798396    
      3800 0.380E-11*l_c,m      11.5916233        11.4679696    
      3800 0.380E-11*ang_bc,m      90.7368    89.8903
      3800 0.380E-11*ang_ca,m      90.6363    89.9532
      3800 0.380E-11*ang_ab,m      90.8321    90.0006
      3800 0.380E-11*volume      1539.11815296        1515.06601796    
 
*temp instantanee des atomes de type 1 =       499.29
 
 * stress en kbar 
1 sigma potentiel (1,1) (2,1) (3,1) =  -64.72480107       11.99517753       7.232566340    
2 sigma potentiel (1,2) (2,2) (3,2) =   11.99517753      -43.89758736       8.613109385    
3 sigma potentiel (1,3) (2,3) (3,3) =   7.232566340       8.613109385      -60.20118730    
 
1 sigma cinetique (1,1) (2,1) (3,1) =   5.982282210     -0.3720409542     -0.3417038244    
2 sigma cinetique (1,2) (2,2) (3,2) = -0.3720409542       5.618924299      0.1831010975    
3 sigma cinetique (1,3) (2,3) (3,3) = -0.3417038244      0.1831010975       5.597013085    
 
1 sigma total (1,1) (2,1) (3,1) =  -58.74251886       11.62313658       6.890862515    
2 sigma total (1,2) (2,2) (3,2) =   11.62313658      -38.27866306       8.796210483    
3 sigma total (1,3) (2,3) (3,3) =   6.890862515       8.796210483      -54.60417422    
 
      3800 0.380E-11*Pression =    -50.542    
 pression totale  potentiel = cinetique =
   -50.542       -56.275        5.7327    
 ----------valeurs moyennes------------
*temperature moyenne =       583.66
*pression moyenne =    -1.2282    
 --------------------------------------
 
 
<<<<<<<<  ITERATION =   3900  time =   0.3900000E-11
 
 
 --------- Temperatures et Pression--------
 ----------valeurs instantanees------------
      3900 0.390E-11*Epot =    -515.3712150234182      eV 
    *energie PAIRE EAM =     29.0112881310      eV 
    *energie GLUE  =    -544.382503154      eV 
      3900 0.390E-11*Ec =     8.92814332843      eV   (539.629 K)
      3900 0.390E-11*Etot =    -506.4430716949890      eV 
 
      3900 0.390E-11*Epot/at =    -4.02633761737      eV 
 
      3900 0.390E-11*Temp instantanee = 539.629
 NPT With Parrinello-Rahman
      3900 0.390E-11*Kcell =    0.822389038874      eV   (2120.803 K)
 Box tensor
 a  1.149816940405302E-007  6.087562335279938E-009  4.388907101779223E-009
 b -6.761317899763285E-009  1.124781738874217E-007 -1.183479120430962E-008
 c -6.783962609169254E-009  1.082227820267418E-008  1.148873702845863E-007
 H0(1)  1.080000000000000E-007  0.000000000000000E+000  0.000000000000000E+000
 H0(2)  0.000000000000000E+000  1.080000000000000E-007  0.000000000000000E+000
 H0(3)  0.000000000000000E+000  0.000000000000000E+000  1.080000000000000E-007
Strain (Lagrange def.):
  e(1:3,1) =   0.706673E-01 -0.574247E-02 -0.834743E-02
  e(1:3,2) =  -0.574247E-02  0.489335E-01 -0.261895E-02
  e(1:3,3) =  -0.834743E-02 -0.261895E-02  0.726351E-01
Rotation:
  r(1:3,1) =    0.00000      0.594856E-01  0.517262E-01
  r(1:3,2) =  -0.594856E-01   0.00000     -0.104894    
  r(1:3,3) =  -0.517262E-01  0.104894       0.00000    
      3900 0.390E-11*l_a,m      11.5226346        11.4965312    
      3900 0.390E-11*l_b,m      11.3301003        11.4760001    
      3900 0.390E-11*l_c,m      11.5595206        11.4703170    
      3900 0.390E-11*ang_bc,m      90.4223    89.9040
      3900 0.390E-11*ang_ca,m      90.9030    89.9776
      3900 0.390E-11*ang_ab,m      90.6348    90.0168
      3900 0.390E-11*volume      1508.80252186        1514.90541549    
 
*temp instantanee des atomes de type 1 =       539.63
 
 * stress en kbar 
1 sigma potentiel (1,1) (2,1) (3,1) =  -25.31093822       14.83863528       8.125412191    
2 sigma potentiel (1,2) (2,2) (3,2) =   14.83863528      -8.958503058       9.551667516    
3 sigma potentiel (1,3) (2,3) (3,3) =   8.125412191       9.551667516      -26.62722134    
 
1 sigma cinetique (1,1) (2,1) (3,1) =   6.015601184      0.6118835944     -0.4727268623    
2 sigma cinetique (1,2) (2,2) (3,2) =  0.6118835944       6.053715530     -0.6202247925    
3 sigma cinetique (1,3) (2,3) (3,3) = -0.4727268623     -0.6202247925       6.892026330    
 
1 sigma total (1,1) (2,1) (3,1) =  -19.29533704       15.45051888       7.652685329    
2 sigma total (1,2) (2,2) (3,2) =   15.45051888      -2.904787528       8.931442723    
3 sigma total (1,3) (2,3) (3,3) =   7.652685329       8.931442723      -19.73519501    
 
      3900 0.390E-11*Pression =    -13.978    
 pression totale  potentiel = cinetique =
   -13.978       -20.299        6.3204    
 ----------valeurs moyennes------------
*temperature moyenne =       582.53
*pression moyenne =    -1.5551    
 --------------------------------------
 
 
<<<<<<<<  ITERATION =   4000  time =   0.4000000E-11
 
 
 --------- Temperatures et Pression--------
 ----------valeurs instantanees------------
      4000 0.400E-11*Epot =    -516.9250299718813      eV 
    *energie PAIRE EAM =     39.3711131383      eV 
    *energie GLUE  =    -556.296143110      eV 
      4000 0.400E-11*Ec =     9.17780739803      eV   (554.719 K)
      4000 0.400E-11*Etot =    -507.7472225738559      eV 
 
      4000 0.400E-11*Epot/at =    -4.03847679666      eV 
 
      4000 0.400E-11*Temp instantanee = 554.719
 NPT With Parrinello-Rahman
      4000 0.400E-11*Kcell =    0.740230194485      eV   (1908.929 K)
 Box tensor
 a  1.133434292215817E-007  6.700220372054352E-009  4.454354342045209E-009
 b -6.527542171459482E-009  1.117108399938361E-007 -1.124826701306960E-008
 c -6.755269705221623E-009  1.130638283367582E-008  1.141820400059487E-007
 H0(1)  1.080000000000000E-007  0.000000000000000E+000  0.000000000000000E+000
 H0(2)  0.000000000000000E+000  1.080000000000000E-007  0.000000000000000E+000
 H0(3)  0.000000000000000E+000  0.000000000000000E+000  1.080000000000000E-007
Strain (Lagrange def.):
  e(1:3,1) =   0.544828E-01 -0.197826E-02 -0.827483E-02
  e(1:3,2) =  -0.197826E-02  0.423542E-01  0.275539E-02
  e(1:3,3) =  -0.827483E-02  0.275539E-02  0.651536E-01
Rotation:
  r(1:3,1) =    0.00000      0.612396E-01  0.518964E-01
  r(1:3,2) =  -0.612396E-01   0.00000     -0.104420    
  r(1:3,3) =  -0.518964E-01  0.104420       0.00000    
      4000 0.400E-11*l_a,m      11.3628637        11.4931895    
      4000 0.400E-11*l_b,m      11.2465302        11.4702634    
      4000 0.400E-11*l_c,m      11.4939141        11.4709070    
      4000 0.400E-11*ang_bc,m      89.8990    89.9039
      4000 0.400E-11*ang_ca,m      90.7954    89.9980
      4000 0.400E-11*ang_ab,m      90.1859    90.0211
      4000 0.400E-11*volume      1468.68791461        1513.74997797    
 
*temp instantanee des atomes de type 1 =       554.72
 
 * stress en kbar 
1 sigma potentiel (1,1) (2,1) (3,1) =   18.85389167       3.740911921       12.81613563    
2 sigma potentiel (1,2) (2,2) (3,2) =   3.740911921       25.59660030      -4.157266967    
3 sigma potentiel (1,3) (2,3) (3,3) =   12.81613563      -4.157266967       16.39590570    
 
1 sigma cinetique (1,1) (2,1) (3,1) =   7.517282579     -0.8309181440     -0.4602727429    
2 sigma cinetique (1,2) (2,2) (3,2) = -0.8309181440       6.953425148     -0.8266702799    
3 sigma cinetique (1,3) (2,3) (3,3) = -0.4602727429     -0.8266702799       5.553242698    
 
1 sigma total (1,1) (2,1) (3,1) =   26.37117425       2.909993777       12.35586289    
2 sigma total (1,2) (2,2) (3,2) =   2.909993777       32.55002545      -4.983937247    
3 sigma total (1,3) (2,3) (3,3) =   12.35586289      -4.983937247       21.94914840    
 
      4000 0.400E-11*Pression =     26.957    
 pression totale  potentiel = cinetique =
    26.957        20.282        6.6747    
 ----------valeurs moyennes------------
*temperature moyenne =       581.84
*pression moyenne =   -0.84235    
 --------------------------------------
 
 
<<<<<<<<  ITERATION =   4100  time =   0.4100000E-11
 
 
 --------- Temperatures et Pression--------
 ----------valeurs instantanees------------
      4100 0.410E-11*Epot =    -516.7981112339064      eV 
    *energie PAIRE EAM =     44.6008020584      eV 
    *energie GLUE  =    -561.398913292      eV 
      4100 0.410E-11*Ec =     9.48917652654      eV   (573.539 K)
      4100 0.410E-11*Etot =    -507.3089347073653      eV 
 
      4100 0.410E-11*Epot/at =    -4.03748524401      eV 
 
      4100 0.410E-11*Temp instantanee = 573.539
 NPT With Parrinello-Rahman
      4100 0.410E-11*Kcell =    0.281585194503      eV   (726.161 K)
 Box tensor
 a  1.123431378480296E-007  7.485912230099650E-009  4.805621703763998E-009
 b -6.344473625262656E-009  1.115877792244016E-007 -1.097369828466956E-008
 c -6.500545115421123E-009  1.180836512476226E-008  1.137596562553093E-007
 H0(1)  1.080000000000000E-007  0.000000000000000E+000  0.000000000000000E+000
 H0(2)  0.000000000000000E+000  1.080000000000000E-007  0.000000000000000E+000
 H0(3)  0.000000000000000E+000  0.000000000000000E+000  1.080000000000000E-007
Strain (Lagrange def.):
  e(1:3,1) =   0.445598E-01  0.241188E-02 -0.557265E-02
  e(1:3,2) =   0.241188E-02  0.421514E-01  0.663406E-02
  e(1:3,3) =  -0.557265E-02  0.663406E-02  0.609043E-01
Rotation:
  r(1:3,1) =    0.00000      0.640296E-01  0.523434E-01
  r(1:3,2) =  -0.640296E-01   0.00000     -0.105473    
  r(1:3,3) =  -0.523434E-01  0.105473       0.00000    
      4100 0.410E-11*l_a,m      11.2694780        11.4877331    
      4100 0.410E-11*l_b,m      11.2305418        11.4644165    
      4100 0.410E-11*l_c,m      11.4555462        11.4705323    
      4100 0.410E-11*ang_bc,m      89.5077    89.8942
      4100 0.410E-11*ang_ca,m      90.4226    90.0084
      4100 0.410E-11*ang_ab,m      89.6838    90.0128
      4100 0.410E-11*volume      1449.72524099        1512.18839902    
 
*temp instantanee des atomes de type 1 =       573.54
 
 * stress en kbar 
1 sigma potentiel (1,1) (2,1) (3,1) =   44.67486823      -8.980424870       11.58905076    
2 sigma potentiel (1,2) (2,2) (3,2) =  -8.980424870       40.25236668      -16.07382599    
3 sigma potentiel (1,3) (2,3) (3,3) =   11.58905076      -16.07382599       34.58117020    
 
1 sigma cinetique (1,1) (2,1) (3,1) =   7.528688533      0.2753263350      0.2679801928    
2 sigma cinetique (1,2) (2,2) (3,2) =  0.2753263350       7.105206887     -0.4458206875    
3 sigma cinetique (1,3) (2,3) (3,3) =  0.2679801928     -0.4458206875       6.340196575    
 
1 sigma total (1,1) (2,1) (3,1) =   52.20355676      -8.705098535       11.85703095    
2 sigma total (1,2) (2,2) (3,2) =  -8.705098535       47.35757357      -16.51964667    
3 sigma total (1,3) (2,3) (3,3) =   11.85703095      -16.51964667       40.92136677    
 
      4100 0.410E-11*Pression =     46.828    
 pression totale  potentiel = cinetique =
    46.828        39.836        6.9914    
 ----------valeurs moyennes------------
*temperature moyenne =       581.64
*pression moyenne =    0.32033    
 --------------------------------------
 
 
<<<<<<<<  ITERATION =   4200  time =   0.4200000E-11
 
 
 --------- Temperatures et Pression--------
 ----------valeurs instantanees------------
      4200 0.420E-11*Epot =    -518.0900003418915      eV 
    *energie PAIRE EAM =     39.1053501935      eV 
    *energie GLUE  =    -557.195350535      eV 
      4200 0.420E-11*Ec =     10.4645153927      eV   (632.490 K)
      4200 0.420E-11*Etot =    -507.6254849491589      eV 
 
      4200 0.420E-11*Epot/at =    -4.04757812767      eV 
 
      4200 0.420E-11*Temp instantanee = 632.490
 NPT With Parrinello-Rahman
      4200 0.420E-11*Kcell =    0.503345803905      eV   (1298.044 K)
 Box tensor
 a  1.123767008143322E-007  8.108801062355508E-009  5.337658964192543E-009
 b -6.572800206235533E-009  1.122471652504184E-007 -1.126183730482827E-008
 c -6.000427058956718E-009  1.212561034509006E-008  1.139691866912261E-007
 H0(1)  1.080000000000000E-007  0.000000000000000E+000  0.000000000000000E+000
 H0(2)  0.000000000000000E+000  1.080000000000000E-007  0.000000000000000E+000
 H0(3)  0.000000000000000E+000  0.000000000000000E+000  1.080000000000000E-007
Strain (Lagrange def.):
  e(1:3,1) =   0.447415E-01  0.431684E-02 -0.429247E-03
  e(1:3,2) =   0.431684E-02  0.492202E-01  0.690666E-02
  e(1:3,3) =  -0.429247E-03  0.690666E-02  0.634557E-01
Rotation:
  r(1:3,1) =    0.00000      0.679704E-01  0.524911E-01
  r(1:3,2) =  -0.679704E-01   0.00000     -0.108275    
  r(1:3,3) =  -0.524911E-01  0.108275       0.00000    
      4200 0.420E-11*l_a,m      11.2795240        11.4827757    
      4200 0.420E-11*l_b,m      11.3002021        11.4605066    
      4200 0.420E-11*l_c,m      11.4769382        11.4706848    
      4200 0.420E-11*ang_bc,m      89.4831    89.8844
      4200 0.420E-11*ang_ca,m      89.8568    90.0048
      4200 0.420E-11*ang_ab,m      89.4990    90.0006
      4200 0.420E-11*volume      1462.74115025        1511.01108357    
 
*temp instantanee des atomes de type 1 =       632.49
 
 * stress en kbar 
1 sigma potentiel (1,1) (2,1) (3,1) =   28.14821467      -8.961509243     -0.1788631368    
2 sigma potentiel (1,2) (2,2) (3,2) =  -8.961509243       23.33443439      -10.30217514    
3 sigma potentiel (1,3) (2,3) (3,3) = -0.1788631368      -10.30217514       15.51351440    
 
1 sigma cinetique (1,1) (2,1) (3,1) =   7.535527170     -0.5562760375     -0.6830374997    
2 sigma cinetique (1,2) (2,2) (3,2) = -0.5562760375       7.948953007      0.8585620476    
3 sigma cinetique (1,3) (2,3) (3,3) = -0.6830374997      0.8585620476       7.439603496    
 
1 sigma total (1,1) (2,1) (3,1) =   35.68374184      -9.517785281     -0.8619006365    
2 sigma total (1,2) (2,2) (3,2) =  -9.517785281       31.28338739      -9.443613095    
3 sigma total (1,3) (2,3) (3,3) = -0.8619006365      -9.443613095       22.95311790    
 
      4200 0.420E-11*Pression =     29.973    
 pression totale  potentiel = cinetique =
    29.973        22.332        7.6414    
 ----------valeurs moyennes------------
*temperature moyenne =       582.85
*pression moyenne =     1.0264    
 --------------------------------------
 
 
<<<<<<<<  ITERATION =   4300  time =   0.4300000E-11
 
 
 --------- Temperatures et Pression--------
 ----------valeurs instantanees------------
      4300 0.430E-11*Epot =    -516.4742103768860      eV 
    *energie PAIRE EAM =     30.9457767013      eV 
    *energie GLUE  =    -547.419987078      eV 
      4300 0.430E-11*Ec =     8.86266801546      eV   (535.672 K)
      4300 0.430E-11*Etot =    -507.6115423614306      eV 
 
      4300 0.430E-11*Epot/at =    -4.03495476857      eV 
 
      4300 0.430E-11*Temp instantanee = 535.672
 NPT With Parrinello-Rahman
      4300 0.430E-11*Kcell =    0.670538733110      eV   (1729.207 K)
 Box tensor
 a  1.132113326423932E-007  8.468421989928827E-009  5.842262171118943E-009
 b -7.047413716840830E-009  1.133111385731963E-007 -1.185830841016775E-008
 c -5.756418980741389E-009  1.230844188011620E-008  1.145804904398103E-007
 H0(1)  1.080000000000000E-007  0.000000000000000E+000  0.000000000000000E+000
 H0(2)  0.000000000000000E+000  1.080000000000000E-007  0.000000000000000E+000
 H0(3)  0.000000000000000E+000  0.000000000000000E+000  1.080000000000000E-007
Strain (Lagrange def.):
  e(1:3,1) =   0.529667E-01  0.382880E-02  0.366115E-02
  e(1:3,2) =   0.382880E-02  0.599548E-01  0.497701E-02
  e(1:3,3) =   0.366115E-02  0.497701E-02  0.702778E-01
Rotation:
  r(1:3,1) =    0.00000      0.718326E-01  0.536976E-01
  r(1:3,2) =  -0.718326E-01   0.00000     -0.111883    
  r(1:3,3) =  -0.536976E-01  0.111883       0.00000    
      4300 0.430E-11*l_a,m      11.3677843        11.4801015    
      4300 0.430E-11*l_b,m      11.4147710        11.4594430    
      4300 0.430E-11*l_c,m      11.5383374        11.4722581    
      4300 0.430E-11*ang_bc,m      89.6671    89.8794
      4300 0.430E-11*ang_ca,m      89.4673    89.9923
      4300 0.430E-11*ang_ab,m      89.5918    89.9911
      4300 0.430E-11*volume      1497.09480479        1510.68744918    
 
*temp instantanee des atomes de type 1 =       535.67
 
 * stress en kbar 
1 sigma potentiel (1,1) (2,1) (3,1) =  -4.425858985      -6.308835670      -6.906903277    
2 sigma potentiel (1,2) (2,2) (3,2) =  -6.308835670      -12.82015666      -9.981085257    
3 sigma potentiel (1,3) (2,3) (3,3) =  -6.906903277      -9.981085257      -17.58721143    
 
1 sigma cinetique (1,1) (2,1) (3,1) =   6.461055048      0.5361375023      0.6025378888    
2 sigma cinetique (1,2) (2,2) (3,2) =  0.5361375023       6.206706905     -0.6855748423    
3 sigma cinetique (1,3) (2,3) (3,3) =  0.6025378888     -0.6855748423       6.301722210    
 
1 sigma total (1,1) (2,1) (3,1) =   2.035196063      -5.772698168      -6.304365388    
2 sigma total (1,2) (2,2) (3,2) =  -5.772698168      -6.613449759      -10.66666010    
3 sigma total (1,3) (2,3) (3,3) =  -6.304365388      -10.66666010      -11.28548922    
 
      4300 0.430E-11*Pression =    -5.2879    
 pression totale  potentiel = cinetique =
   -5.2879       -11.611        6.3232    
 ----------valeurs moyennes------------
*temperature moyenne =       581.75
*pression moyenne =    0.87951    
 --------------------------------------
 
 
<<<<<<<<  ITERATION =   4400  time =   0.4400000E-11
 
 
 --------- Temperatures et Pression--------
 ----------valeurs instantanees------------
      4400 0.440E-11*Epot =    -515.5259833550687      eV 
    *energie PAIRE EAM =     23.6196411697      eV 
    *energie GLUE  =    -539.145624525      eV 
      4400 0.440E-11*Ec =     9.59639645337      eV   (580.019 K)
      4400 0.440E-11*Etot =    -505.9295869017026      eV 
 
      4400 0.440E-11*Epot/at =    -4.02754674496      eV 
 
      4400 0.440E-11*Temp instantanee = 580.019
 NPT With Parrinello-Rahman
      4400 0.440E-11*Kcell =    0.313002206568      eV   (807.180 K)
 Box tensor
 a  1.140965516140436E-007  8.603869591985922E-009  6.066680805165203E-009
 b -7.632653037957237E-009  1.140592500193258E-007 -1.263492575734557E-008
 c -5.929489489342816E-009  1.228645875577765E-008  1.149272803325204E-007
 H0(1)  1.080000000000000E-007  0.000000000000000E+000  0.000000000000000E+000
 H0(2)  0.000000000000000E+000  1.080000000000000E-007  0.000000000000000E+000
 H0(3)  0.000000000000000E+000  0.000000000000000E+000  1.080000000000000E-007
Strain (Lagrange def.):
  e(1:3,1) =   0.620473E-01  0.163944E-02  0.459385E-02
  e(1:3,2) =   0.163944E-02  0.673224E-01  0.990915E-03
  e(1:3,3) =   0.459385E-02  0.990915E-03  0.746196E-01
Rotation:
  r(1:3,1) =    0.00000      0.751691E-01  0.555378E-01
  r(1:3,2) =  -0.751691E-01   0.00000     -0.115377    
  r(1:3,3) =  -0.555378E-01  0.115377       0.00000    
      4400 0.440E-11*l_a,m      11.4581213        11.4796020    
      4400 0.440E-11*l_b,m      11.5010483        11.4603886    
      4400 0.440E-11*l_c,m      11.5734160        11.4745572    
      4400 0.440E-11*ang_bc,m      90.0235    89.8826
      4400 0.440E-11*ang_ca,m      89.4538    89.9800
      4400 0.440E-11*ang_ab,m      89.8529    89.9880
      4400 0.440E-11*volume      1525.07499558        1511.01443887    
 
*temp instantanee des atomes de type 1 =       580.02
 
 * stress en kbar 
1 sigma potentiel (1,1) (2,1) (3,1) =  -30.44876364      -1.197564934      -7.132215998    
2 sigma potentiel (1,2) (2,2) (3,2) =  -1.197564934      -36.92989420     -0.5298217936    
3 sigma potentiel (1,3) (2,3) (3,3) =  -7.132215998     -0.5298217936      -42.13675126    
 
1 sigma cinetique (1,1) (2,1) (3,1) =   6.595235360     -0.2594623622      0.5133439667    
2 sigma cinetique (1,2) (2,2) (3,2) = -0.2594623622       5.977676541      -1.132224185    
3 sigma cinetique (1,3) (2,3) (3,3) =  0.5133439667      -1.132224185       7.590189026    
 
1 sigma total (1,1) (2,1) (3,1) =  -23.85352828      -1.457027296      -6.618872031    
2 sigma total (1,2) (2,2) (3,2) =  -1.457027296      -30.95221766      -1.662045979    
3 sigma total (1,3) (2,3) (3,3) =  -6.618872031      -1.662045979      -34.54656223    
 
      4400 0.440E-11*Pression =    -29.784    
 pression totale  potentiel = cinetique =
   -29.784       -36.505        6.7210    
 ----------valeurs moyennes------------
*temperature moyenne =       581.71
*pression moyenne =    0.18261    
 --------------------------------------
 
 
<<<<<<<<  ITERATION =   4500  time =   0.4500000E-11
 
 
 --------- Temperatures et Pression--------
 ----------valeurs instantanees------------
      4500 0.450E-11*Epot =    -515.9484534638951      eV 
    *energie PAIRE EAM =     24.0636403527      eV 
    *energie GLUE  =    -540.012093817      eV 
      4500 0.450E-11*Ec =     10.1832538381      eV   (615.490 K)
      4500 0.450E-11*Etot =    -505.7651996257926      eV 
 
      4500 0.450E-11*Epot/at =    -4.03084729269      eV 
 
      4500 0.450E-11*Temp instantanee = 615.490
 NPT With Parrinello-Rahman
      4500 0.450E-11*Kcell =    0.317416488396      eV   (818.564 K)
 Box tensor
 a  1.144812367801465E-007  8.573897984619480E-009  6.217880888275966E-009
 b -8.040981529852098E-009  1.139770356618543E-007 -1.345071827031412E-008
 c -6.253546567677838E-009  1.218243021971290E-008  1.145582258339324E-007
 H0(1)  1.080000000000000E-007  0.000000000000000E+000  0.000000000000000E+000
 H0(2)  0.000000000000000E+000  1.080000000000000E-007  0.000000000000000E+000
 H0(3)  0.000000000000000E+000  0.000000000000000E+000  1.080000000000000E-007
Strain (Lagrange def.):
  e(1:3,1) =   0.662602E-01 -0.476688E-03  0.444069E-02
  e(1:3,2) =  -0.476688E-03  0.663875E-01 -0.360785E-02
  e(1:3,3) =   0.444069E-02 -0.360785E-02  0.719809E-01
Rotation:
  r(1:3,1) =    0.00000      0.769207E-01  0.577381E-01
  r(1:3,2) =  -0.769207E-01   0.00000     -0.118672    
  r(1:3,3) =  -0.577381E-01  0.118672       0.00000    
      4500 0.450E-11*l_a,m      11.4970115        11.4799888    
      4500 0.450E-11*l_b,m      11.5049311        11.4613784    
      4500 0.450E-11*l_c,m      11.5373765        11.4759532    
      4500 0.450E-11*ang_bc,m      90.4407    89.8950
      4500 0.450E-11*ang_ca,m      89.5644    89.9708
      4500 0.450E-11*ang_ab,m      90.1167    89.9908
      4500 0.450E-11*volume      1525.98337667        1511.34708194    
 
*temp instantanee des atomes de type 1 =       615.49
 
 * stress en kbar 
1 sigma potentiel (1,1) (2,1) (3,1) =  -37.11454250      -2.089518616      -6.341511695    
2 sigma potentiel (1,2) (2,2) (3,2) =  -2.089518616      -39.15477994       5.385857636    
3 sigma potentiel (1,3) (2,3) (3,3) =  -6.341511695       5.385857636      -43.23980377    
 
1 sigma cinetique (1,1) (2,1) (3,1) =   7.173566340      0.5333088087      0.6841393272    
2 sigma cinetique (1,2) (2,2) (3,2) =  0.5333088087       6.468727007      0.5888539897    
3 sigma cinetique (1,3) (2,3) (3,3) =  0.6841393272      0.5888539897       7.741123887    
 
1 sigma total (1,1) (2,1) (3,1) =  -29.94097616      -1.556209808      -5.657372368    
2 sigma total (1,2) (2,2) (3,2) =  -1.556209808      -32.68605293       5.974711626    
3 sigma total (1,3) (2,3) (3,3) =  -5.657372368       5.974711626      -35.49867988    
 
      4500 0.450E-11*Pression =    -32.709    
 pression totale  potentiel = cinetique =
   -32.709       -39.836        7.1278    
 ----------valeurs moyennes------------
*temperature moyenne =       582.46
*pression moyenne =   -0.54830    
 --------------------------------------
 
 
<<<<<<<<  ITERATION =   4600  time =   0.4600000E-11
 
 
 --------- Temperatures et Pression--------
 ----------valeurs instantanees------------
      4600 0.460E-11*Epot =    -516.6018419118971      eV 
    *energie PAIRE EAM =     29.8330196935      eV 
    *energie GLUE  =    -546.434861605      eV 
      4600 0.460E-11*Ec =     10.8897145709      eV   (658.189 K)
      4600 0.460E-11*Etot =    -505.7121273410342      eV 
 
      4600 0.460E-11*Epot/at =    -4.03595188994      eV 
 
      4600 0.460E-11*Temp instantanee = 658.189
 NPT With Parrinello-Rahman
      4600 0.460E-11*Kcell =    0.575227057972      eV   (1483.414 K)
 Box tensor
 a  1.143004210897535E-007  8.485408020486091E-009  6.328706570890309E-009
 b -8.338127313849979E-009  1.131232597844697E-007 -1.401010604742449E-008
 c -6.560685837468110E-009  1.208797580989143E-008  1.134632574741420E-007
 H0(1)  1.080000000000000E-007  0.000000000000000E+000  0.000000000000000E+000
 H0(2)  0.000000000000000E+000  1.080000000000000E-007  0.000000000000000E+000
 H0(3)  0.000000000000000E+000  0.000000000000000E+000  1.080000000000000E-007
Strain (Lagrange def.):
  e(1:3,1) =   0.648643E-01 -0.225719E-02  0.410644E-02
  e(1:3,2) =  -0.225719E-02  0.579129E-01 -0.684268E-02
  e(1:3,3) =   0.410644E-02 -0.684268E-02  0.619962E-01
Rotation:
  r(1:3,1) =    0.00000      0.778867E-01  0.596731E-01
  r(1:3,2) =  -0.778867E-01   0.00000     -0.120824    
  r(1:3,3) =  -0.596731E-01  0.120824       0.00000    
      4600 0.460E-11*l_a,m      11.4789551        11.4799664    
      4600 0.460E-11*l_b,m      11.4292079        11.4606791    
      4600 0.460E-11*l_c,m      11.4293799        11.4749407    
      4600 0.460E-11*ang_bc,m      90.7347    89.9133
      4600 0.460E-11*ang_ca,m      89.6910    89.9647
      4600 0.460E-11*ang_ab,m      90.3573    89.9988
      4600 0.460E-11*volume      1499.30806088        1511.08536409    
 
*temp instantanee des atomes de type 1 =       658.19
 
 * stress en kbar 
1 sigma potentiel (1,1) (2,1) (3,1) =  -17.10024695      0.3234297765      -3.236066193    
2 sigma potentiel (1,2) (2,2) (3,2) =  0.3234297765      -11.73873941       12.90000845    
3 sigma potentiel (1,3) (2,3) (3,3) =  -3.236066193       12.90000845      -18.75883748    
 
1 sigma cinetique (1,1) (2,1) (3,1) =   8.026368781      0.5773008425      -1.591819062    
2 sigma cinetique (1,2) (2,2) (3,2) =  0.5773008425       8.527061592     -0.1052099639    
3 sigma cinetique (1,3) (2,3) (3,3) =  -1.591819062     -0.1052099639       6.720298131    
 
1 sigma total (1,1) (2,1) (3,1) =  -9.073878164      0.9007306190      -4.827885255    
2 sigma total (1,2) (2,2) (3,2) =  0.9007306190      -3.211677814       12.79479849    
3 sigma total (1,3) (2,3) (3,3) =  -4.827885255       12.79479849      -12.03853935    
 
      4600 0.460E-11*Pression =    -8.1080    
 pression totale  potentiel = cinetique =
   -8.1080       -15.866        7.7579    
 ----------valeurs moyennes------------
*temperature moyenne =       584.11
*pression moyenne =   -0.71264    
 --------------------------------------
 
 
<<<<<<<<  ITERATION =   4700  time =   0.4700000E-11
 
 
 --------- Temperatures et Pression--------
 ----------valeurs instantanees------------
      4700 0.470E-11*Epot =    -516.0385299073208      eV 
    *energie PAIRE EAM =     40.1922512593      eV 
    *energie GLUE  =    -556.230781167      eV 
      4700 0.470E-11*Ec =     10.2134803146      eV   (617.317 K)
      4700 0.470E-11*Etot =    -505.8250495927654      eV 
 
      4700 0.470E-11*Epot/at =    -4.03155101490      eV 
 
      4700 0.470E-11*Temp instantanee = 617.317
 NPT With Parrinello-Rahman
      4700 0.470E-11*Kcell =    0.452464271573      eV   (1166.829 K)
 Box tensor
 a  1.139697361026345E-007  8.319131481035737E-009  6.293121827146803E-009
 b -8.548302638400924E-009  1.122097048377461E-007 -1.430919865180748E-008
 c -7.139137661048316E-009  1.231936225556890E-008  1.122450602234550E-007
 H0(1)  1.080000000000000E-007  0.000000000000000E+000  0.000000000000000E+000
 H0(2)  0.000000000000000E+000  1.080000000000000E-007  0.000000000000000E+000
 H0(3)  0.000000000000000E+000  0.000000000000000E+000  1.080000000000000E-007
Strain (Lagrange def.):
  e(1:3,1) =   0.621203E-01 -0.424481E-02  0.163803E-02
  e(1:3,2) =  -0.424481E-02  0.492109E-01 -0.730839E-02
  e(1:3,3) =   0.163803E-02 -0.730839E-02  0.505534E-01
Rotation:
  r(1:3,1) =    0.00000      0.780900E-01  0.621864E-01
  r(1:3,2) =  -0.780900E-01   0.00000     -0.123280    
  r(1:3,3) =  -0.621864E-01  0.123280       0.00000    
      4700 0.470E-11*l_a,m      11.4446110        11.4792141    
      4700 0.470E-11*l_b,m      11.3440930        11.4581985    
      4700 0.470E-11*l_c,m      11.3144543        11.4715261    
      4700 0.470E-11*ang_bc,m      90.7266    89.9306
      4700 0.470E-11*ang_ca,m      90.0212    89.9659
      4700 0.470E-11*ang_ab,m      90.5773    90.0111
      4700 0.470E-11*volume      1468.74839435        1510.18457750    
 
*temp instantanee des atomes de type 1 =       617.32
 
 * stress en kbar 
1 sigma potentiel (1,1) (2,1) (3,1) =   16.04340844       8.579058873      -2.781968669    
2 sigma potentiel (1,2) (2,2) (3,2) =   8.579058873       30.31900771       10.58675238    
3 sigma potentiel (1,3) (2,3) (3,3) =  -2.781968669       10.58675238       19.73711331    
 
1 sigma cinetique (1,1) (2,1) (3,1) =   8.497623569      0.3143741317      0.4465942061    
2 sigma cinetique (1,2) (2,2) (3,2) =  0.3143741317       6.956666489      -1.138229694    
3 sigma cinetique (1,3) (2,3) (3,3) =  0.4465942061      -1.138229694       6.828352537    
 
1 sigma total (1,1) (2,1) (3,1) =   24.54103201       8.893433005      -2.335374463    
2 sigma total (1,2) (2,2) (3,2) =   8.893433005       37.27567420       9.448522684    
3 sigma total (1,3) (2,3) (3,3) =  -2.335374463       9.448522684       26.56546585    
 
      4700 0.470E-11*Pression =     29.461    
 pression totale  potentiel = cinetique =
    29.461        22.033        7.4275    
 ----------valeurs moyennes------------
*temperature moyenne =       584.81
*pression moyenne =   -0.70658E-01
 --------------------------------------
 
 
<<<<<<<<  ITERATION =   4800  time =   0.4800000E-11
 
 
 --------- Temperatures et Pression--------
 ----------valeurs instantanees------------
      4800 0.480E-11*Epot =    -516.6922079217991      eV 
    *energie PAIRE EAM =     40.8644383908      eV 
    *energie GLUE  =    -557.556646313      eV 
      4800 0.480E-11*Ec =     10.5003152439      eV   (634.653 K)
      4800 0.480E-11*Etot =    -506.1918926778601      eV 
 
      4800 0.480E-11*Epot/at =    -4.03665787439      eV 
 
      4800 0.480E-11*Temp instantanee = 634.653
 NPT With Parrinello-Rahman
      4800 0.480E-11*Kcell =    0.386377057283      eV   (996.402 K)
 Box tensor
 a  1.141046181645634E-007  8.427742117246241E-009  6.100041758523463E-009
 b -8.682442181940281E-009  1.119344497338032E-007 -1.458146095562647E-008
 c -7.982507610966927E-009  1.293151132068138E-008  1.116348937163104E-007
 H0(1)  1.080000000000000E-007  0.000000000000000E+000  0.000000000000000E+000
 H0(2)  0.000000000000000E+000  1.080000000000000E-007  0.000000000000000E+000
 H0(3)  0.000000000000000E+000  0.000000000000000E+000  1.080000000000000E-007
Strain (Lagrange def.):
  e(1:3,1) =   0.640848E-01 -0.486308E-02 -0.293556E-02
  e(1:3,2) =  -0.486308E-02  0.473067E-01 -0.587922E-02
  e(1:3,3) =  -0.293556E-02 -0.587922E-02  0.449322E-01
Rotation:
  r(1:3,1) =    0.00000      0.792138E-01  0.651970E-01
  r(1:3,2) =  -0.792138E-01   0.00000     -0.127375    
  r(1:3,3) =  -0.651970E-01  0.127375       0.00000    
      4800 0.480E-11*l_a,m      11.4577926        11.4787678    
      4800 0.480E-11*l_b,m      11.3213625        11.4553478    
      4800 0.480E-11*l_c,m      11.2664519        11.4672537    
      4800 0.480E-11*ang_bc,m      90.4987    89.9424
      4800 0.480E-11*ang_ca,m      90.5365    89.9778
      4800 0.480E-11*ang_ab,m      90.6020    90.0234
      4800 0.480E-11*volume      1461.25825962        1509.16527921    
 
*temp instantanee des atomes de type 1 =       634.65
 
 * stress en kbar 
1 sigma potentiel (1,1) (2,1) (3,1) =   19.68622598       7.642108175       7.306937785    
2 sigma potentiel (1,2) (2,2) (3,2) =   7.642108175       32.69925388       15.72017548    
3 sigma potentiel (1,3) (2,3) (3,3) =   7.306937785       15.72017548       29.76925328    
 
1 sigma cinetique (1,1) (2,1) (3,1) =   8.505877463       1.262000369      0.5311199731E-01
2 sigma cinetique (1,2) (2,2) (3,2) =   1.262000369       7.628735617      0.2991934530    
3 sigma cinetique (1,3) (2,3) (3,3) =  0.5311199731E-01  0.2991934530       6.891238550    
 
1 sigma total (1,1) (2,1) (3,1) =   28.19210345       8.904108544       7.360049782    
2 sigma total (1,2) (2,2) (3,2) =   8.904108544       40.32798950       16.01936893    
3 sigma total (1,3) (2,3) (3,3) =   7.360049782       16.01936893       36.66049183    
 
      4800 0.480E-11*Pression =     35.060    
 pression totale  potentiel = cinetique =
    35.060        27.385        7.6753    
 ----------valeurs moyennes------------
*temperature moyenne =       585.85
*pression moyenne =    0.66123    
 --------------------------------------
 
 
<<<<<<<<  ITERATION =   4900  time =   0.4900000E-11
 
 
 --------- Temperatures et Pression--------
 ----------valeurs instantanees------------
      4900 0.490E-11*Epot =    -517.4496791650338      eV 
    *energie PAIRE EAM =     34.6815429785      eV 
    *energie GLUE  =    -552.131222144      eV 
      4900 0.490E-11*Ec =     10.2864420415      eV   (621.727 K)
      4900 0.490E-11*Etot =    -507.1632371235023      eV 
 
      4900 0.490E-11*Epot/at =    -4.04257561848      eV 
 
      4900 0.490E-11*Temp instantanee = 621.727
 NPT With Parrinello-Rahman
      4900 0.490E-11*Kcell =    0.698568752776      eV   (1801.491 K)
 Box tensor
 a  1.148007588934764E-007  8.877252043116475E-009  6.153418285976963E-009
 b -8.621472377369898E-009  1.123453227873270E-007 -1.471568701409220E-008
 c -8.888892230513268E-009  1.401037542945268E-008  1.117657540836361E-007
 H0(1)  1.080000000000000E-007  0.000000000000000E+000  0.000000000000000E+000
 H0(2)  0.000000000000000E+000  1.080000000000000E-007  0.000000000000000E+000
 H0(3)  0.000000000000000E+000  0.000000000000000E+000  1.080000000000000E-007
Strain (Lagrange def.):
  e(1:3,1) =   0.715259E-01 -0.317231E-02 -0.686667E-02
  e(1:3,2) =  -0.317231E-02  0.528364E-01 -0.140316E-02
  e(1:3,3) =  -0.686667E-02 -0.140316E-02  0.463820E-01
Rotation:
  r(1:3,1) =    0.00000      0.810126E-01  0.696403E-01
  r(1:3,2) =  -0.810126E-01   0.00000     -0.132991    
  r(1:3,3) =  -0.696403E-01  0.132991       0.00000    
      4900 0.490E-11*l_a,m      11.5307781        11.4798293    
      4900 0.490E-11*l_b,m      11.3632534        11.4534683    
      4900 0.490E-11*l_c,m      11.2990649        11.4638213    
      4900 0.490E-11*ang_bc,m      89.9736    89.9431
      4900 0.490E-11*ang_ca,m      90.9162    89.9970
      4900 0.490E-11*ang_ab,m      90.3629    90.0303
      4900 0.490E-11*volume      1480.26523892        1508.57548247    
 
*temp instantanee des atomes de type 1 =       621.73
 
 * stress en kbar 
1 sigma potentiel (1,1) (2,1) (3,1) =  -10.06475318       6.456675538       15.76954900    
2 sigma potentiel (1,2) (2,2) (3,2) =   6.456675538       7.783617240       2.361546639    
3 sigma potentiel (1,3) (2,3) (3,3) =   15.76954900       2.361546639       9.502839799    
 
1 sigma cinetique (1,1) (2,1) (3,1) =   7.465469290     -0.7616221359      -1.394480803    
2 sigma cinetique (1,2) (2,2) (3,2) = -0.7616221359       7.296794156      0.9711882031E-01
3 sigma cinetique (1,3) (2,3) (3,3) =  -1.394480803      0.9711882031E-01   7.504955827    
 
1 sigma total (1,1) (2,1) (3,1) =  -2.599283887       5.695053402       14.37506820    
2 sigma total (1,2) (2,2) (3,2) =   5.695053402       15.08041140       2.458665460    
3 sigma total (1,3) (2,3) (3,3) =   14.37506820       2.458665460       17.00779563    
 
      4900 0.490E-11*Pression =     9.8296    
 pression totale  potentiel = cinetique =
    9.8296        2.4072        7.4224    
 ----------valeurs moyennes------------
*temperature moyenne =       586.58
*pression moyenne =    0.84834    
 --------------------------------------
 
 
<<<<<<<<  ITERATION =   5000  time =   0.5000000E-11
 
 
 --------- Temperatures et Pression--------
 ----------valeurs instantanees------------
      5000 0.500E-11*Epot =    -517.2446562173380      eV 
    *energie PAIRE EAM =     26.9817165170      eV 
    *energie GLUE  =    -544.226372734      eV 
      5000 0.500E-11*Ec =     9.12114990410      eV   (551.295 K)
      5000 0.500E-11*Etot =    -508.1235063132368      eV 
 
      5000 0.500E-11*Epot/at =    -4.04097387670      eV 
 
      5000 0.500E-11*Temp instantanee = 551.295
 NPT With Parrinello-Rahman
      5000 0.500E-11*Kcell =    0.449283708329      eV   (1158.627 K)
 Box tensor
 a  1.155845798433881E-007  9.458770094178839E-009  6.485215943609466E-009
 b -8.537437338615772E-009  1.129112073533154E-007 -1.491380733285595E-008
 c -9.332544844521180E-009  1.523379889926274E-008  1.121751184723290E-007
 H0(1)  1.080000000000000E-007  0.000000000000000E+000  0.000000000000000E+000
 H0(2)  0.000000000000000E+000  1.080000000000000E-007  0.000000000000000E+000
 H0(3)  0.000000000000000E+000  0.000000000000000E+000  1.080000000000000E-007
Strain (Lagrange def.):
  e(1:3,1) =   0.795516E-01 -0.551033E-03 -0.728578E-02
  e(1:3,2) =  -0.551033E-03  0.602914E-01  0.369768E-02
  e(1:3,3) =  -0.728578E-02  0.369768E-02  0.507432E-01
Rotation:
  r(1:3,1) =    0.00000      0.833158E-01  0.732304E-01
  r(1:3,2) =  -0.833158E-01   0.00000     -0.139572    
  r(1:3,3) =  -0.732304E-01  0.139572       0.00000    
      5000 0.500E-11*l_a,m      11.6152148        11.4825370    
      5000 0.500E-11*l_b,m      11.4211428        11.4528218    
      5000 0.500E-11*l_c,m      11.3588830        11.4617225    
      5000 0.500E-11*ang_bc,m      89.4400    89.9330
      5000 0.500E-11*ang_ca,m      90.8995    90.0150
      5000 0.500E-11*ang_ab,m      90.0670    90.0311
      5000 0.500E-11*volume      1506.59992712        1508.53597136    
 
*temp instantanee des atomes de type 1 =       551.29
 
 * stress en kbar 
1 sigma potentiel (1,1) (2,1) (3,1) =  -36.59446965      -2.653006094       15.88211379    
2 sigma potentiel (1,2) (2,2) (3,2) =  -2.653006094      -24.06628461      -7.303810258    
3 sigma potentiel (1,3) (2,3) (3,3) =   15.88211379      -7.303810258      -12.99888323    
 
1 sigma cinetique (1,1) (2,1) (3,1) =   6.425675945     -0.6768350337     -0.9540718958E-01
2 sigma cinetique (1,2) (2,2) (3,2) = -0.6768350337       5.998164749     -0.3268548094E-01
3 sigma cinetique (1,3) (2,3) (3,3) = -0.9540718958E-01 -0.3268548094E-01   6.975724419    
 
1 sigma total (1,1) (2,1) (3,1) =  -30.16879370      -3.329841127       15.78670660    
2 sigma total (1,2) (2,2) (3,2) =  -3.329841127      -18.06811986      -7.336495739    
3 sigma total (1,3) (2,3) (3,3) =   15.78670660      -7.336495739      -6.023158810    
 
      5000 0.500E-11*Pression =    -18.087    
 pression totale  potentiel = cinetique =
   -18.087       -24.553        6.4665    
 ----------valeurs moyennes------------
*temperature moyenne =       585.88
*pression moyenne =    0.46964    
 --------------------------------------
 
 
<<<<<<<<  ITERATION =   5100  time =   0.5100000E-11
 
 
 --------- Temperatures et Pression--------
 ----------valeurs instantanees------------
      5100 0.510E-11*Epot =    -516.8688094373874      eV 
    *energie PAIRE EAM =     24.5297928219      eV 
    *energie GLUE  =    -541.398602259      eV 
      5100 0.510E-11*Ec =     9.45988673237      eV   (571.769 K)
      5100 0.510E-11*Etot =    -507.4089227050181      eV 
 
      5100 0.510E-11*Epot/at =    -4.03803757373      eV 
 
      5100 0.510E-11*Temp instantanee = 571.769
 NPT With Parrinello-Rahman
      5100 0.510E-11*Kcell =    0.322111544825      eV   (830.672 K)
 Box tensor
 a  1.157013217377824E-007  9.944195185206241E-009  7.048227771564251E-009
 b -8.556750298256583E-009  1.131357183163599E-007 -1.522258005527125E-008
 c -9.362342864110193E-009  1.620021954204990E-008  1.122483626454590E-007
 H0(1)  1.080000000000000E-007  0.000000000000000E+000  0.000000000000000E+000
 H0(2)  0.000000000000000E+000  1.080000000000000E-007  0.000000000000000E+000
 H0(3)  0.000000000000000E+000  0.000000000000000E+000  1.080000000000000E-007
Strain (Lagrange def.):
  e(1:3,1) =   0.807471E-01  0.132075E-02 -0.450800E-02
  e(1:3,2) =   0.132075E-02  0.641729E-01  0.712961E-02
  e(1:3,3) =  -0.450800E-02  0.712961E-02  0.521733E-01
Rotation:
  r(1:3,1) =    0.00000      0.856525E-01  0.759749E-01
  r(1:3,2) =  -0.856525E-01   0.00000     -0.145476    
  r(1:3,3) =  -0.759749E-01  0.145476       0.00000    
      5100 0.510E-11*l_a,m      11.6341568        11.4855099    
      5100 0.510E-11*l_b,m      11.4475481        11.4527184    
      5100 0.510E-11*l_c,m      11.3797168        11.4601146    
      5100 0.510E-11*ang_bc,m      89.1017    89.9167
      5100 0.510E-11*ang_ca,m      90.5669    90.0258
      5100 0.510E-11*ang_ab,m      89.8807    90.0281
      5100 0.510E-11*volume      1515.31570549        1508.66890732    
 
*temp instantanee des atomes de type 1 =       571.77
 
 * stress en kbar 
1 sigma potentiel (1,1) (2,1) (3,1) =  -42.28407831      -1.122559894       9.208858675    
2 sigma potentiel (1,2) (2,2) (3,2) =  -1.122559894      -32.53452487      -10.90752246    
3 sigma potentiel (1,3) (2,3) (3,3) =   9.208858675      -10.90752246      -20.13729298    
 
1 sigma cinetique (1,1) (2,1) (3,1) =   6.759045058     -0.1380457486     -0.1704860850    
2 sigma cinetique (1,2) (2,2) (3,2) = -0.1380457486       7.398632007      0.1663107675    
3 sigma cinetique (1,3) (2,3) (3,3) = -0.1704860850      0.1663107675       5.846613542    
 
1 sigma total (1,1) (2,1) (3,1) =  -35.52503326      -1.260605643       9.038372590    
2 sigma total (1,2) (2,2) (3,2) =  -1.260605643      -25.13589287      -10.74121169    
3 sigma total (1,3) (2,3) (3,3) =   9.038372590      -10.74121169      -14.29067944    
 
      5100 0.510E-11*Pression =    -24.984    
 pression totale  potentiel = cinetique =
   -24.984       -31.652        6.6681    
 ----------valeurs moyennes------------
*temperature moyenne =       585.60
*pression moyenne =   -0.29444E-01
 --------------------------------------
 
 
<<<<<<<<  ITERATION =   5200  time =   0.5200000E-11
 
 
 --------- Temperatures et Pression--------
 ----------valeurs instantanees------------
      5200 0.520E-11*Epot =    -517.0644464731323      eV 
    *energie PAIRE EAM =     28.9067323087      eV 
    *energie GLUE  =    -545.971178782      eV 
      5200 0.520E-11*Ec =     9.53350729597      eV   (576.218 K)
      5200 0.520E-11*Etot =    -507.5309391771659      eV 
 
      5200 0.520E-11*Epot/at =    -4.03956598807      eV 
 
      5200 0.520E-11*Temp instantanee = 576.218
 NPT With Parrinello-Rahman
      5200 0.520E-11*Kcell =    0.509175358859      eV   (1313.078 K)
 Box tensor
 a  1.150492386386694E-007  1.029779566911282E-008  7.759499183362220E-009
 b -8.728908094418359E-009  1.127687489185975E-007 -1.567471145142878E-008
 c -8.961290752189439E-009  1.689689580978055E-008  1.119339288043758E-007
 H0(1)  1.080000000000000E-007  0.000000000000000E+000  0.000000000000000E+000
 H0(2)  0.000000000000000E+000  1.080000000000000E-007  0.000000000000000E+000
 H0(3)  0.000000000000000E+000  0.000000000000000E+000  1.080000000000000E-007
Strain (Lagrange def.):
  e(1:3,1) =   0.741095E-01  0.209994E-02  0.113491E-02
  e(1:3,2) =   0.209994E-02  0.619145E-01  0.872874E-02
  e(1:3,3) =   0.113491E-02  0.872874E-02  0.502019E-01
Rotation:
  r(1:3,1) =    0.00000      0.880866E-01  0.774111E-01
  r(1:3,2) =  -0.880866E-01   0.00000     -0.150794    
  r(1:3,3) =  -0.774111E-01  0.150794       0.00000    
      5200 0.520E-11*l_a,m      11.5769520        11.4872684    
      5200 0.520E-11*l_b,m      11.4187045        11.4520643    
      5200 0.520E-11*l_c,m      11.3556216        11.4581051    
      5200 0.520E-11*ang_bc,m      88.9875    89.8988
      5200 0.520E-11*ang_ca,m      89.9496    90.0244
      5200 0.520E-11*ang_ab,m      89.8466    90.0246
      5200 0.520E-11*volume      1500.90240766        1508.51955156    
 
*temp instantanee des atomes de type 1 =       576.22
 
 * stress en kbar 
1 sigma potentiel (1,1) (2,1) (3,1) =  -20.85071192       1.766597348      -1.879011119    
2 sigma potentiel (1,2) (2,2) (3,2) =   1.766597348      -17.35726868      -20.40729351    
3 sigma potentiel (1,3) (2,3) (3,3) =  -1.879011119      -20.40729351      -3.894997410    
 
1 sigma cinetique (1,1) (2,1) (3,1) =   6.406301552      0.3956474713      -1.333998564    
2 sigma cinetique (1,2) (2,2) (3,2) =  0.3956474713       7.115185333      0.5974592702E-01
3 sigma cinetique (1,3) (2,3) (3,3) =  -1.333998564      0.5974592702E-01   6.832082971    
 
1 sigma total (1,1) (2,1) (3,1) =  -14.44441037       2.162244820      -3.213009682    
2 sigma total (1,2) (2,2) (3,2) =   2.162244820      -10.24208335      -20.34754758    
3 sigma total (1,3) (2,3) (3,3) =  -3.213009682      -20.34754758       2.937085561    
 
      5200 0.520E-11*Pression =    -7.2498    
 pression totale  potentiel = cinetique =
   -7.2498       -14.034        6.7845    
 ----------valeurs moyennes------------
*temperature moyenne =       585.42
*pression moyenne =   -0.16830    
 --------------------------------------
 
 
<<<<<<<<  ITERATION =   5300  time =   0.5300000E-11
 
 
 --------- Temperatures et Pression--------
 ----------valeurs instantanees------------
      5300 0.530E-11*Epot =    -518.4838178378603      eV 
    *energie PAIRE EAM =     33.4268827373      eV 
    *energie GLUE  =    -551.910700575      eV 
      5300 0.530E-11*Ec =     11.4664084898      eV   (693.045 K)
      5300 0.530E-11*Etot =    -507.0174093480966      eV 
 
      5300 0.530E-11*Epot/at =    -4.05065482686      eV 
 
      5300 0.530E-11*Temp instantanee = 693.045
 NPT With Parrinello-Rahman
      5300 0.530E-11*Kcell =    0.555275550324      eV   (1431.962 K)
 Box tensor
 a  1.140433538203578E-007  1.057016402359911E-008  8.340927436675834E-009
 b -9.016662546201902E-009  1.121904374291160E-007 -1.654180988286731E-008
 c -8.430133587844451E-009  1.718662205519435E-008  1.115454370317891E-007
 H0(1)  1.080000000000000E-007  0.000000000000000E+000  0.000000000000000E+000
 H0(2)  0.000000000000000E+000  1.080000000000000E-007  0.000000000000000E+000
 H0(3)  0.000000000000000E+000  0.000000000000000E+000  1.080000000000000E-007
Strain (Lagrange def.):
  e(1:3,1) =   0.640541E-01  0.209997E-02  0.686027E-02
  e(1:3,2) =   0.209997E-02  0.570046E-01  0.640524E-02
  e(1:3,3) =   0.686027E-02  0.640524E-02  0.480790E-01
Rotation:
  r(1:3,1) =    0.00000      0.906798E-01  0.776438E-01
  r(1:3,2) =  -0.906798E-01   0.00000     -0.156150    
  r(1:3,3) =  -0.776438E-01  0.156150       0.00000    
      5300 0.530E-11*l_a,m      11.4835474        11.4871982    
      5300 0.530E-11*l_b,m      11.3761267        11.4506315    
      5300 0.530E-11*l_c,m      11.3176109        11.4554543    
      5300 0.530E-11*ang_bc,m      89.2923    89.8874
      5300 0.530E-11*ang_ca,m      89.3358    90.0114
      5300 0.530E-11*ang_ab,m      89.9140    90.0225
      5300 0.530E-11*volume      1478.29985876        1507.94936868    
 
*temp instantanee des atomes de type 1 =       693.05
 
 * stress en kbar 
1 sigma potentiel (1,1) (2,1) (3,1) =  -4.206432252      -3.268344967      -8.822692367    
2 sigma potentiel (1,2) (2,2) (3,2) =  -3.268344967      -3.601904195      -15.57737483    
3 sigma potentiel (1,3) (2,3) (3,3) =  -8.822692367      -15.57737483       7.694211935    
 
1 sigma cinetique (1,1) (2,1) (3,1) =   9.474534007      0.2623377269      -2.049441713    
2 sigma cinetique (1,2) (2,2) (3,2) =  0.2623377269       6.151224773     -0.3354691337    
3 sigma cinetique (1,3) (2,3) (3,3) =  -2.049441713     -0.3354691337       9.228751880    
 
1 sigma total (1,1) (2,1) (3,1) =   5.268101755      -3.006007240      -10.87213408    
2 sigma total (1,2) (2,2) (3,2) =  -3.006007240       2.549320578      -15.91284396    
3 sigma total (1,3) (2,3) (3,3) =  -10.87213408      -15.91284396       16.92296381    
 
      5300 0.530E-11*Pression =     8.2468    
 pression totale  potentiel = cinetique =
    8.2468      -0.38042E-01    8.2848    
 ----------valeurs moyennes------------
*temperature moyenne =       587.45
*pression moyenne =   -0.95220E-02
 --------------------------------------
 
 
<<<<<<<<  ITERATION =   5400  time =   0.5400000E-11
 
 
 --------- Temperatures et Pression--------
 ----------valeurs instantanees------------
      5400 0.540E-11*Epot =    -518.3271727539919      eV 
    *energie PAIRE EAM =     36.7428741454      eV 
    *energie GLUE  =    -555.070046899      eV 
      5400 0.540E-11*Ec =     10.5877618172      eV   (639.939 K)
      5400 0.540E-11*Etot =    -507.7394109367931      eV 
 
      5400 0.540E-11*Epot/at =    -4.04943103714      eV 
 
      5400 0.540E-11*Temp instantanee = 639.939
 NPT With Parrinello-Rahman
      5400 0.540E-11*Kcell =    0.279646197864      eV   (721.161 K)
 Box tensor
 a  1.133170522404463E-007  1.073329812813116E-008  8.575687574351349E-009
 b -9.278784783650652E-009  1.120027067957886E-007 -1.756441186270077E-008
 c -8.054712646540327E-009  1.712607614818845E-008  1.114720440600379E-007
 H0(1)  1.080000000000000E-007  0.000000000000000E+000  0.000000000000000E+000
 H0(2)  0.000000000000000E+000  1.080000000000000E-007  0.000000000000000E+000
 H0(3)  0.000000000000000E+000  0.000000000000000E+000  1.080000000000000E-007
Strain (Lagrange def.):
  e(1:3,1) =   0.569157E-01  0.167486E-02  0.101540E-01
  e(1:3,2) =   0.167486E-02  0.552603E-01  0.145158E-02
  e(1:3,3) =   0.101540E-01  0.145158E-02  0.490427E-01
Rotation:
  r(1:3,1) =    0.00000      0.926485E-01  0.769926E-01
  r(1:3,2) =  -0.926485E-01   0.00000     -0.160604    
  r(1:3,3) =  -0.769926E-01  0.160604       0.00000    
      5400 0.540E-11*l_a,m      11.4146837        11.4858554    
      5400 0.540E-11*l_b,m      11.3750652        11.4492321    
      5400 0.540E-11*l_c,m      11.3067226        11.4527000    
      5400 0.540E-11*ang_bc,m      89.8442    89.8866
      5400 0.540E-11*ang_ca,m      88.9921    89.9925
      5400 0.540E-11*ang_ab,m      89.9996    90.0221
      5400 0.540E-11*volume      1467.86360218        1507.20703967    
 
*temp instantanee des atomes de type 1 =       639.94
 
 * stress en kbar 
1 sigma potentiel (1,1) (2,1) (3,1) =   12.94432520      -3.315358658      -19.30719773    
2 sigma potentiel (1,2) (2,2) (3,2) =  -3.315358658       8.898457248      -3.375519477    
3 sigma potentiel (1,3) (2,3) (3,3) =  -19.30719773      -3.375519477       13.42312022    
 
1 sigma cinetique (1,1) (2,1) (3,1) =   7.308016402     -0.7141884527      0.2528918763    
2 sigma cinetique (1,2) (2,2) (3,2) = -0.7141884527       8.108248396      0.1105500664E-02
3 sigma cinetique (1,3) (2,3) (3,3) =  0.2528918763      0.1105500664E-02   7.696867451    
 
1 sigma total (1,1) (2,1) (3,1) =   20.25234160      -4.029547111      -19.05430585    
2 sigma total (1,2) (2,2) (3,2) =  -4.029547111       17.00670564      -3.374413976    
3 sigma total (1,3) (2,3) (3,3) =  -19.05430585      -3.374413976       21.11998767    
 
      5400 0.540E-11*Pression =     19.460    
 pression totale  potentiel = cinetique =
    19.460        11.755        7.7044    
 ----------valeurs moyennes------------
*temperature moyenne =       588.42
*pression moyenne =    0.35102    
 --------------------------------------
 
 
<<<<<<<<  ITERATION =   5500  time =   0.5500000E-11
 
 
 --------- Temperatures et Pression--------
 ----------valeurs instantanees------------
      5500 0.550E-11*Epot =    -518.0004072178797      eV 
    *energie PAIRE EAM =     34.2825759945      eV 
    *energie GLUE  =    -552.282983212      eV 
      5500 0.550E-11*Ec =     9.26599143448      eV   (560.049 K)
      5500 0.550E-11*Etot =    -508.7344157833952      eV 
 
      5500 0.550E-11*Epot/at =    -4.04687818139      eV 
 
      5500 0.550E-11*Temp instantanee = 560.049
 NPT With Parrinello-Rahman
      5500 0.550E-11*Kcell =    0.459987591230      eV   (1186.231 K)
 Box tensor
 a  1.132184302356711E-007  1.067841874784028E-008  8.372458925244743E-009
 b -9.435897065963178E-009  1.124038337248698E-007 -1.872174521833655E-008
 c -8.098801906308604E-009  1.712583326577068E-008  1.119446705967947E-007
 H0(1)  1.080000000000000E-007  0.000000000000000E+000  0.000000000000000E+000
 H0(2)  0.000000000000000E+000  1.080000000000000E-007  0.000000000000000E+000
 H0(3)  0.000000000000000E+000  0.000000000000000E+000  1.080000000000000E-007
Strain (Lagrange def.):
  e(1:3,1) =   0.561145E-01  0.414269E-03  0.934308E-02
  e(1:3,2) =   0.414269E-03  0.590683E-01 -0.419434E-02
  e(1:3,3) =   0.934308E-02 -0.419434E-02  0.552217E-01
Rotation:
  r(1:3,1) =    0.00000      0.931218E-01  0.762558E-01
  r(1:3,2) =  -0.931218E-01   0.00000     -0.165961    
  r(1:3,3) =  -0.762558E-01  0.165961       0.00000    
      5500 0.550E-11*l_a,m      11.4028679        11.4843465    
      5500 0.550E-11*l_b,m      11.4342301        11.4489593    
      5500 0.550E-11*l_c,m      11.3536312        11.4508987    
      5500 0.550E-11*ang_bc,m      90.4165    89.8962
      5500 0.550E-11*ang_ca,m      89.1007    89.9763
      5500 0.550E-11*ang_ab,m      90.1088    90.0237
      5500 0.550E-11*volume      1480.09685269        1506.71412718    
 
*temp instantanee des atomes de type 1 =       560.05
 
 * stress en kbar 
1 sigma potentiel (1,1) (2,1) (3,1) =   7.628423749       1.097721874      -18.71636417    
2 sigma potentiel (1,2) (2,2) (3,2) =   1.097721874       1.118242842       9.798801659    
3 sigma potentiel (1,3) (2,3) (3,3) =  -18.71636417       9.798801659      -5.651595635    
 
1 sigma cinetique (1,1) (2,1) (3,1) =   7.887756732      0.4057859282      0.3637064772    
2 sigma cinetique (1,2) (2,2) (3,2) =  0.4057859282       5.884516895      0.1424420636E-01
3 sigma cinetique (1,3) (2,3) (3,3) =  0.3637064772      0.1424420636E-01   6.288242490    
 
1 sigma total (1,1) (2,1) (3,1) =   15.51618048       1.503507803      -18.35265769    
2 sigma total (1,2) (2,2) (3,2) =   1.503507803       7.002759737       9.813045866    
3 sigma total (1,3) (2,3) (3,3) =  -18.35265769       9.813045866      0.6366468557    
 
      5500 0.550E-11*Pression =     7.7185    
 pression totale  potentiel = cinetique =
    7.7185        1.0317        6.6868    
 ----------valeurs moyennes------------
*temperature moyenne =       587.91
*pression moyenne =    0.48497    
 --------------------------------------
 
 
<<<<<<<<  ITERATION =   5600  time =   0.5600000E-11
 
 
 --------- Temperatures et Pression--------
 ----------valeurs instantanees------------
      5600 0.560E-11*Epot =    -516.5386801974400      eV 
    *energie PAIRE EAM =     30.0371772558      eV 
    *energie GLUE  =    -546.575857453      eV 
      5600 0.560E-11*Ec =     8.67940667067      eV   (524.595 K)
      5600 0.560E-11*Etot =    -507.8592735267733      eV 
 
      5600 0.560E-11*Epot/at =    -4.03545843904      eV 
 
      5600 0.560E-11*Temp instantanee = 524.595
 NPT With Parrinello-Rahman
      5600 0.560E-11*Kcell =    0.363021778488      eV   (936.172 K)
 Box tensor
 a  1.134729524659639E-007  1.057068528861277E-008  7.869602030863989E-009
 b -9.542207502796293E-009  1.129498545400194E-007 -1.973145084576827E-008
 c -8.560486266682083E-009  1.722190046921278E-008  1.125335807463070E-007
 H0(1)  1.080000000000000E-007  0.000000000000000E+000  0.000000000000000E+000
 H0(2)  0.000000000000000E+000  1.080000000000000E-007  0.000000000000000E+000
 H0(3)  0.000000000000000E+000  0.000000000000000E+000  1.080000000000000E-007
Strain (Lagrange def.):
  e(1:3,1) =   0.590041E-01 -0.110305E-02  0.505514E-02
  e(1:3,2) =  -0.110305E-02  0.643863E-01 -0.889212E-02
  e(1:3,3) =   0.505514E-02 -0.889212E-02  0.622028E-01
Rotation:
  r(1:3,1) =    0.00000      0.931152E-01  0.760652E-01
  r(1:3,2) =  -0.931152E-01   0.00000     -0.171080    
  r(1:3,3) =  -0.760652E-01  0.171080       0.00000    
      5600 0.560E-11*l_a,m      11.4235638        11.4832611    
      5600 0.560E-11*l_b,m      11.5056740        11.4499721    
      5600 0.560E-11*l_c,m      11.4165155        11.4502847    
      5600 0.560E-11*ang_bc,m      90.8443    89.9131
      5600 0.560E-11*ang_ca,m      89.5771    89.9692
      5600 0.560E-11*ang_ab,m      90.1923    90.0267
      5600 0.560E-11*volume      1500.32717155        1506.60007440    
 
*temp instantanee des atomes de type 1 =       524.60
 
 * stress en kbar 
1 sigma potentiel (1,1) (2,1) (3,1) =  -10.51930551       2.655361465      -9.598415754    
2 sigma potentiel (1,2) (2,2) (3,2) =   2.655361465      -12.71993934       16.51524956    
3 sigma potentiel (1,3) (2,3) (3,3) =  -9.598415754       16.51524956      -18.44110370    
 
1 sigma cinetique (1,1) (2,1) (3,1) =   5.820502235     -0.3702639884     -0.9475139979E-01
2 sigma cinetique (1,2) (2,2) (3,2) = -0.3702639884       5.115413036      0.1382566611    
3 sigma cinetique (1,3) (2,3) (3,3) = -0.9475139979E-01  0.1382566611       7.601296273    
 
1 sigma total (1,1) (2,1) (3,1) =  -4.698803278       2.285097477      -9.693167153    
2 sigma total (1,2) (2,2) (3,2) =   2.285097477      -7.604526303       16.65350622    
3 sigma total (1,3) (2,3) (3,3) =  -9.693167153       16.65350622      -10.83980742    
 
      5600 0.560E-11*Pression =    -7.7144    
 pression totale  potentiel = cinetique =
   -7.7144       -13.893        6.1791    
 ----------valeurs moyennes------------
*temperature moyenne =       586.78
*pression moyenne =    0.33856    
 --------------------------------------
 
 
<<<<<<<<  ITERATION =   5700  time =   0.5700000E-11
 
 
 --------- Temperatures et Pression--------
 ----------valeurs instantanees------------
      5700 0.570E-11*Epot =    -515.5984542179915      eV 
    *energie PAIRE EAM =     27.4785501024      eV 
    *energie GLUE  =    -543.077004320      eV 
      5700 0.570E-11*Ec =     9.19146467224      eV   (555.545 K)
      5700 0.570E-11*Etot =    -506.4069895457469      eV 
 
      5700 0.570E-11*Epot/at =    -4.02811292358      eV 
 
      5700 0.570E-11*Temp instantanee = 555.545
 NPT With Parrinello-Rahman
      5700 0.570E-11*Kcell =    0.261243460048      eV   (673.703 K)
 Box tensor
 a  1.135653257708641E-007  1.050348705137559E-008  7.281510847154948E-009
 b -9.669587691549659E-009  1.133213344150294E-007 -2.034065743723537E-008
 c -9.177185937719249E-009  1.757079417637366E-008  1.128513133127607E-007
 H0(1)  1.080000000000000E-007  0.000000000000000E+000  0.000000000000000E+000
 H0(2)  0.000000000000000E+000  1.080000000000000E-007  0.000000000000000E+000
 H0(3)  0.000000000000000E+000  0.000000000000000E+000  1.080000000000000E-007
Strain (Lagrange def.):
  e(1:3,1) =   0.604769E-01 -0.275159E-02 -0.516314E-03
  e(1:3,2) =  -0.275159E-02  0.684491E-01 -0.105308E-01
  e(1:3,3) =  -0.516314E-03 -0.105308E-01  0.659371E-01
Rotation:
  r(1:3,1) =    0.00000      0.933939E-01  0.761977E-01
  r(1:3,2) =  -0.933939E-01   0.00000     -0.175516    
  r(1:3,3) =  -0.761977E-01  0.175516       0.00000    
      5700 0.570E-11*l_a,m      11.4282225        11.4822955    
      5700 0.570E-11*l_b,m      11.5537735        11.4517932    
      5700 0.570E-11*l_c,m      11.4579110        11.4504185    
      5700 0.570E-11*ang_bc,m      90.9331    89.9310
      5700 0.570E-11*ang_ca,m      90.1572    89.9725
      5700 0.570E-11*ang_ab,m      90.2429    90.0305
      5700 0.570E-11*volume      1512.67197977        1506.70659905    
 
*temp instantanee des atomes de type 1 =       555.54
 
 * stress en kbar 
1 sigma potentiel (1,1) (2,1) (3,1) =  -23.18234147       4.759164822       4.689035437    
2 sigma potentiel (1,2) (2,2) (3,2) =   4.759164822      -18.73423398       19.69519109    
3 sigma potentiel (1,3) (2,3) (3,3) =   4.689035437       19.69519109      -27.87695838    
 
1 sigma cinetique (1,1) (2,1) (3,1) =   5.984342634     -0.5280049949     -0.9132768168E-01
2 sigma cinetique (1,2) (2,2) (3,2) = -0.5280049949       6.746183703      0.2759835526    
3 sigma cinetique (1,3) (2,3) (3,3) = -0.9132768168E-01  0.2759835526       6.740117076    
 
1 sigma total (1,1) (2,1) (3,1) =  -17.19799883       4.231159827       4.597707755    
2 sigma total (1,2) (2,2) (3,2) =   4.231159827      -11.98805027       19.97117464    
3 sigma total (1,3) (2,3) (3,3) =   4.597707755       19.97117464      -21.13684131    
 
      5700 0.570E-11*Pression =    -16.774    
 pression totale  potentiel = cinetique =
   -16.774       -23.265        6.4902    
 ----------valeurs moyennes------------
*temperature moyenne =       586.23
*pression moyenne =    0.38331E-01
 --------------------------------------
 
 
<<<<<<<<  ITERATION =   5800  time =   0.5800000E-11
 
 
 --------- Temperatures et Pression--------
 ----------valeurs instantanees------------
      5800 0.580E-11*Epot =    -516.0543105449306      eV 
    *energie PAIRE EAM =     28.0092745212      eV 
    *energie GLUE  =    -544.063585066      eV 
      5800 0.580E-11*Ec =     9.44182346957      eV   (570.677 K)
      5800 0.580E-11*Etot =    -506.6124870753575      eV 
 
      5800 0.580E-11*Epot/at =    -4.03167430113      eV 
 
      5800 0.580E-11*Temp instantanee = 570.677
 NPT With Parrinello-Rahman
      5800 0.580E-11*Kcell =    0.303733282665      eV   (783.277 K)
 Box tensor
 a  1.132307556385636E-007  1.069822691036912E-008  6.604893204780536E-009
 b -9.648498169905364E-009  1.133984758428069E-007 -2.054899441362777E-008
 c -9.618112644096206E-009  1.816001486120507E-008  1.127362874231684E-007
 H0(1)  1.080000000000000E-007  0.000000000000000E+000  0.000000000000000E+000
 H0(2)  0.000000000000000E+000  1.080000000000000E-007  0.000000000000000E+000
 H0(3)  0.000000000000000E+000  0.000000000000000E+000  1.080000000000000E-007
Strain (Lagrange def.):
  e(1:3,1) =   0.575620E-01 -0.246149E-02 -0.592277E-02
  e(1:3,2) =  -0.246149E-02  0.702783E-01 -0.909942E-02
  e(1:3,3) =  -0.592277E-02 -0.909942E-02  0.647872E-01
Rotation:
  r(1:3,1) =    0.00000      0.941978E-01  0.751065E-01
  r(1:3,2) =  -0.941978E-01   0.00000     -0.179208    
  r(1:3,3) =  -0.751065E-01  0.179208       0.00000    
      5800 0.580E-11*l_a,m      11.3926646        11.4807501    
      5800 0.580E-11*l_b,m      11.5648472        11.4537424    
      5800 0.580E-11*l_c,m      11.4593912        11.4505732    
      5800 0.580E-11*ang_bc,m      90.7112    89.9445
      5800 0.580E-11*ang_ca,m      90.6591    89.9843
      5800 0.580E-11*ang_ab,m      90.0655    90.0311
      5800 0.580E-11*volume      1509.60805384        1506.75662414    
 
*temp instantanee des atomes de type 1 =       570.68
 
 * stress en kbar 
1 sigma potentiel (1,1) (2,1) (3,1) =  -18.65743157       3.346576294       8.399808182    
2 sigma potentiel (1,2) (2,2) (3,2) =   3.346576294      -21.08892678       15.16402856    
3 sigma potentiel (1,3) (2,3) (3,3) =   8.399808182       15.16402856      -23.81559014    
 
1 sigma cinetique (1,1) (2,1) (3,1) =   5.677898636      0.5943774065      0.7283872895E-01
2 sigma cinetique (1,2) (2,2) (3,2) =  0.5943774065       7.840280464     -0.3317677333    
3 sigma cinetique (1,3) (2,3) (3,3) =  0.7283872895E-01 -0.3317677333       6.523403606    
 
1 sigma total (1,1) (2,1) (3,1) =  -12.97953293       3.940953700       8.472646911    
2 sigma total (1,2) (2,2) (3,2) =   3.940953700      -13.24864631       14.83226083    
3 sigma total (1,3) (2,3) (3,3) =   8.472646911       14.83226083      -17.29218654    
 
      5800 0.580E-11*Pression =    -14.507    
 pression totale  potentiel = cinetique =
   -14.507       -21.187        6.6805    
 ----------valeurs moyennes------------
*temperature moyenne =       585.96
*pression moyenne =   -0.21245    
 --------------------------------------
 
 
<<<<<<<<  ITERATION =   5900  time =   0.5900000E-11
 
 
 --------- Temperatures et Pression--------
 ----------valeurs instantanees------------
      5900 0.590E-11*Epot =    -515.6415475261955      eV 
    *energie PAIRE EAM =     32.9611631927      eV 
    *energie GLUE  =    -548.602710719      eV 
      5900 0.590E-11*Ec =     10.2055486903      eV   (616.837 K)
      5900 0.590E-11*Etot =    -505.4359988359182      eV 
 
      5900 0.590E-11*Epot/at =    -4.02844959005      eV 
 
      5900 0.590E-11*Temp instantanee = 616.837
 NPT With Parrinello-Rahman
      5900 0.590E-11*Kcell =    0.411377568126      eV   (1060.874 K)
 Box tensor
 a  1.126453863798503E-007  1.108547493889333E-008  6.026800050089497E-009
 b -9.503653709946128E-009  1.130628134233105E-007 -2.051627672776852E-008
 c -9.707492224348265E-009  1.897291595206338E-008  1.122657754846622E-007
 H0(1)  1.080000000000000E-007  0.000000000000000E+000  0.000000000000000E+000
 H0(2)  0.000000000000000E+000  1.080000000000000E-007  0.000000000000000E+000
 H0(3)  0.000000000000000E+000  0.000000000000000E+000  1.080000000000000E-007
Strain (Lagrange def.):
  e(1:3,1) =   0.518492E-01 -0.427026E-03 -0.925704E-02
  e(1:3,2) =  -0.427026E-03  0.686754E-01 -0.526444E-02
  e(1:3,3) =  -0.925704E-02 -0.526444E-02  0.598784E-01
Rotation:
  r(1:3,1) =    0.00000      0.953200E-01  0.728439E-01
  r(1:3,2) =  -0.953200E-01   0.00000     -0.182820    
  r(1:3,3) =  -0.728439E-01  0.182820       0.00000    
      5900 0.590E-11*l_a,m      11.3349871        11.4782796    
      5900 0.590E-11*l_b,m      11.5301504        11.4550374    
      5900 0.590E-11*l_c,m      11.4270781        11.4501750    
      5900 0.590E-11*ang_bc,m      90.2865    89.9503
      5900 0.590E-11*ang_ca,m      90.9138    90.0000
      5900 0.590E-11*ang_ab,m      89.7406    90.0262
      5900 0.590E-11*volume      1493.22835222        1506.52733139    
 
*temp instantanee des atomes de type 1 =       616.84
 
 * stress en kbar 
1 sigma potentiel (1,1) (2,1) (3,1) =  -2.718609321       1.187379011       10.40306701    
2 sigma potentiel (1,2) (2,2) (3,2) =   1.187379011      -8.423401492       7.718399464    
3 sigma potentiel (1,3) (2,3) (3,3) =   10.40306701       7.718399464      -8.278004364    
 
1 sigma cinetique (1,1) (2,1) (3,1) =   7.219835165      0.3479858677     -0.5618368867    
2 sigma cinetique (1,2) (2,2) (3,2) =  0.3479858677       7.896311328      0.9010460744    
3 sigma cinetique (1,3) (2,3) (3,3) = -0.5618368867      0.9010460744       6.784174219    
 
1 sigma total (1,1) (2,1) (3,1) =   4.501225844       1.535364879       9.841230128    
2 sigma total (1,2) (2,2) (3,2) =   1.535364879     -0.5270901640       8.619445539    
3 sigma total (1,3) (2,3) (3,3) =   9.841230128       8.619445539      -1.493830145    
 
      5900 0.590E-11*Pression =    0.82677    
 pression totale  potentiel = cinetique =
   0.82677       -6.4733        7.3001    
 ----------valeurs moyennes------------
*temperature moyenne =       586.49
*pression moyenne =   -0.19483    
 --------------------------------------
 
 
<<<<<<<<  ITERATION =   6000  time =   0.6000000E-11
 
 
 --------- Temperatures et Pression--------
 ----------valeurs instantanees------------
      6000 0.600E-11*Epot =    -516.3555006993286      eV 
    *energie PAIRE EAM =     36.8771940680      eV 
    *energie GLUE  =    -553.232694767      eV 
      6000 0.600E-11*Ec =     10.7417501536      eV   (649.246 K)
      6000 0.600E-11*Etot =    -505.6137505457400      eV 
 
      6000 0.600E-11*Epot/at =    -4.03402734921      eV 
 
      6000 0.600E-11*Temp instantanee = 649.246
 NPT With Parrinello-Rahman
      6000 0.600E-11*Kcell =    0.294444592446      eV   (759.323 K)
 Box tensor
 a  1.120884962272921E-007  1.158671135274921E-008  5.718444605961778E-009
 b -9.470686339525219E-009  1.126628255957086E-007 -2.032879801451689E-008
 c -9.478224376056408E-009  1.998095046626955E-008  1.118140883933793E-007
 H0(1)  1.080000000000000E-007  0.000000000000000E+000  0.000000000000000E+000
 H0(2)  0.000000000000000E+000  1.080000000000000E-007  0.000000000000000E+000
 H0(3)  0.000000000000000E+000  0.000000000000000E+000  1.080000000000000E-007
Strain (Lagrange def.):
  e(1:3,1) =   0.462689E-01  0.181579E-02 -0.970077E-02
  e(1:3,2) =   0.181579E-02  0.669754E-01  0.433381E-03
  e(1:3,3) =  -0.970077E-02  0.433381E-03  0.550562E-01
Rotation:
  r(1:3,1) =    0.00000      0.974880E-01  0.703549E-01
  r(1:3,2) =  -0.974880E-01   0.00000     -0.186619    
  r(1:3,3) =  -0.703549E-01  0.186619       0.00000    
      6000 0.600E-11*l_a,m      11.2830774        11.4750262    
      6000 0.600E-11*l_b,m      11.4873261        11.4555756    
      6000 0.600E-11*l_c,m      11.3980110        11.4493056    
      6000 0.600E-11*ang_bc,m      89.7032    89.9462
      6000 0.600E-11*ang_ca,m      90.8531    90.0143
      6000 0.600E-11*ang_ab,m      89.4360    90.0163
      6000 0.600E-11*volume      1477.06714299        1506.03632825    
 
*temp instantanee des atomes de type 1 =       649.25
 
 * stress en kbar 
1 sigma potentiel (1,1) (2,1) (3,1) =   16.99956460      -9.490594006       11.97226205    
2 sigma potentiel (1,2) (2,2) (3,2) =  -9.490594006      0.2298140288      -3.564189416    
3 sigma potentiel (1,3) (2,3) (3,3) =   11.97226205      -3.564189416       14.85739647    
 
1 sigma cinetique (1,1) (2,1) (3,1) =   6.644256140      0.2795988059      0.1850114727E-01
2 sigma cinetique (1,2) (2,2) (3,2) =  0.2795988059       7.256867861      0.6810452777    
3 sigma cinetique (1,3) (2,3) (3,3) =  0.1850114727E-01  0.6810452777       9.402053991    
 
1 sigma total (1,1) (2,1) (3,1) =   23.64382074      -9.210995200       11.99076320    
2 sigma total (1,2) (2,2) (3,2) =  -9.210995200       7.486681890      -2.883144138    
3 sigma total (1,3) (2,3) (3,3) =   11.99076320      -2.883144138       24.25945046    
 
      6000 0.600E-11*Pression =     18.463    
 pression totale  potentiel = cinetique =
    18.463        10.696        7.7677    
 ----------valeurs moyennes------------
*temperature moyenne =       587.53
*pression moyenne =    0.11614    
 --------------------------------------
 
 
<<<<<<<<  ITERATION =   6100  time =   0.6100000E-11
 
 
 --------- Temperatures et Pression--------
 ----------valeurs instantanees------------
      6100 0.610E-11*Epot =    -516.2192755308705      eV 
    *energie PAIRE EAM =     37.9424002554      eV 
    *energie GLUE  =    -554.161675786      eV 
      6100 0.610E-11*Ec =     10.2066254614      eV   (616.902 K)
      6100 0.610E-11*Etot =    -506.0126500694463      eV 
 
      6100 0.610E-11*Epot/at =    -4.03296309008      eV 
 
      6100 0.610E-11*Temp instantanee = 616.902
 NPT With Parrinello-Rahman
      6100 0.610E-11*Kcell =    0.222369549402      eV   (573.454 K)
 Box tensor
 a  1.120540561352982E-007  1.209630765531037E-008  5.636833598479527E-009
 b -9.683292384338523E-009  1.124215240721001E-007 -2.039332820047771E-008
 c -9.034444907808015E-009  2.075996066229850E-008  1.118498013100697E-007
 H0(1)  1.080000000000000E-007  0.000000000000000E+000  0.000000000000000E+000
 H0(2)  0.000000000000000E+000  1.080000000000000E-007  0.000000000000000E+000
 H0(3)  0.000000000000000E+000  0.000000000000000E+000  1.080000000000000E-007
Strain (Lagrange def.):
  e(1:3,1) =   0.457604E-01  0.339828E-02 -0.777590E-02
  e(1:3,2) =   0.339828E-02  0.665250E-01  0.418095E-02
  e(1:3,3) =  -0.777590E-02  0.418095E-02  0.554715E-01
Rotation:
  r(1:3,1) =    0.00000      0.100831      0.679226E-01
  r(1:3,2) =  -0.100831       0.00000     -0.190524    
  r(1:3,3) =  -0.679226E-01  0.190524       0.00000    
      6100 0.610E-11*l_a,m      11.2845939        11.4719044    
      6100 0.610E-11*l_b,m      11.4665832        11.4557560    
      6100 0.610E-11*l_c,m      11.4118251        11.4486912    
      6100 0.610E-11*ang_bc,m      89.3854    89.9370
      6100 0.610E-11*ang_ca,m      90.5817    90.0236
      6100 0.610E-11*ang_ab,m      89.2920    90.0045
      6100 0.610E-11*volume      1476.36571539        1505.54992476    
 
*temp instantanee des atomes de type 1 =       616.90
 
 * stress en kbar 
1 sigma potentiel (1,1) (2,1) (3,1) =   20.41339323      -6.883483085       14.28358539    
2 sigma potentiel (1,2) (2,2) (3,2) =  -6.883483085     -0.1094260637E-01  -16.45970853    
3 sigma potentiel (1,3) (2,3) (3,3) =   14.28358539      -16.45970853       16.41859991    
 
1 sigma cinetique (1,1) (2,1) (3,1) =   7.863337319      0.3455754514     -0.9763905442    
2 sigma cinetique (1,2) (2,2) (3,2) =  0.3455754514       7.165028818      0.6710575948    
3 sigma cinetique (1,3) (2,3) (3,3) = -0.9763905442      0.6710575948       7.124430982    
 
1 sigma total (1,1) (2,1) (3,1) =   28.27673055      -6.537907634       13.30719484    
2 sigma total (1,2) (2,2) (3,2) =  -6.537907634       7.154086211      -15.78865093    
3 sigma total (1,3) (2,3) (3,3) =   13.30719484      -15.78865093       23.54303089    
 
      6100 0.610E-11*Pression =     19.658    
 pression totale  potentiel = cinetique =
    19.658        12.274        7.3843    
 ----------valeurs moyennes------------
*temperature moyenne =       588.01
*pression moyenne =    0.43649    
 --------------------------------------
 
 
<<<<<<<<  ITERATION =   6200  time =   0.6200000E-11
 
 
 --------- Temperatures et Pression--------
 ----------valeurs instantanees------------
      6200 0.620E-11*Epot =    -516.1985870045506      eV 
    *energie PAIRE EAM =     34.3170086700      eV 
    *energie GLUE  =    -550.515595675      eV 
      6200 0.620E-11*Ec =     9.59901181568      eV   (580.177 K)
      6200 0.620E-11*Etot =    -506.5995751888693      eV 
 
      6200 0.620E-11*Epot/at =    -4.03280146097      eV 
 
      6200 0.620E-11*Temp instantanee = 580.177
 NPT With Parrinello-Rahman
      6200 0.620E-11*Kcell =    0.298090639849      eV   (768.726 K)
 Box tensor
 a  1.125243563430360E-007  1.233981888893878E-008  5.690428187032192E-009
 b -9.996852855555352E-009  1.123654741448059E-007 -2.065823231654717E-008
 c -8.442679709162644E-009  2.120428225019439E-008  1.122176462840349E-007
 H0(1)  1.080000000000000E-007  0.000000000000000E+000  0.000000000000000E+000
 H0(2)  0.000000000000000E+000  1.080000000000000E-007  0.000000000000000E+000
 H0(3)  0.000000000000000E+000  0.000000000000000E+000  1.080000000000000E-007
Strain (Lagrange def.):
  e(1:3,1) =   0.501092E-01  0.369548E-02 -0.431192E-02
  e(1:3,2) =   0.369548E-02  0.670393E-01  0.550589E-02
  e(1:3,3) =  -0.431192E-02  0.550589E-02  0.594969E-01
Rotation:
  r(1:3,1) =    0.00000      0.103411      0.654311E-01
  r(1:3,2) =  -0.103411       0.00000     -0.193808    
  r(1:3,3) =  -0.654311E-01  0.193808       0.00000    
      6200 0.620E-11*l_a,m      11.3341885        11.4696831    
      6200 0.620E-11*l_b,m      11.4685219        11.4559619    
      6200 0.620E-11*l_c,m      11.4515067        11.4487366    
      6200 0.620E-11*ang_bc,m      89.3508    89.9275
      6200 0.620E-11*ang_ca,m      90.2198    90.0267
      6200 0.620E-11*ang_ab,m      89.3647    89.9941
      6200 0.620E-11*volume      1488.34126394        1505.27236572    
 
*temp instantanee des atomes de type 1 =       580.18
 
 * stress en kbar 
1 sigma potentiel (1,1) (2,1) (3,1) =   5.468234611      -7.989317334       8.176383419    
2 sigma potentiel (1,2) (2,2) (3,2) =  -7.989317334      -6.408223100      -8.328885338    
3 sigma potentiel (1,3) (2,3) (3,3) =   8.176383419      -8.328885338       2.076025751    
 
1 sigma cinetique (1,1) (2,1) (3,1) =   6.605016795      0.4902142172      0.1128355558    
2 sigma cinetique (1,2) (2,2) (3,2) =  0.4902142172       7.421313021     -0.9696834717E-01
3 sigma cinetique (1,3) (2,3) (3,3) =  0.1128355558     -0.9696834717E-01   6.640047140    
 
1 sigma total (1,1) (2,1) (3,1) =   12.07325141      -7.499103117       8.289218975    
2 sigma total (1,2) (2,2) (3,2) =  -7.499103117       1.013089921      -8.425853686    
3 sigma total (1,3) (2,3) (3,3) =   8.289218975      -8.425853686       8.716072891    
 
      6200 0.620E-11*Pression =     7.2675    
 pression totale  potentiel = cinetique =
    7.2675       0.37868        6.8888    
 ----------valeurs moyennes------------
*temperature moyenne =       587.89
*pression moyenne =    0.54667    
 --------------------------------------
 
 
<<<<<<<<  ITERATION =   6300  time =   0.6300000E-11
 
 
 --------- Temperatures et Pression--------
 ----------valeurs instantanees------------
      6300 0.630E-11*Epot =    -517.1215235123818      eV 
    *energie PAIRE EAM =     28.6344359763      eV 
    *energie GLUE  =    -545.755959489      eV 
      6300 0.630E-11*Ec =     10.1148122777      eV   (611.353 K)
      6300 0.630E-11*Etot =    -507.0067112347213      eV 
 
      6300 0.630E-11*Epot/at =    -4.04001190244      eV 
 
      6300 0.630E-11*Temp instantanee = 611.353
 NPT With Parrinello-Rahman
      6300 0.630E-11*Kcell =    0.444291256143      eV   (1145.752 K)
 Box tensor
 a  1.132554569416152E-007  1.231000608592224E-008  5.845441444110906E-009
 b -1.046923991218946E-008  1.122905100111790E-007 -2.124363324200560E-008
 c -7.569701908372939E-009  2.138009018085496E-008  1.126532738956947E-007
 H0(1)  1.080000000000000E-007  0.000000000000000E+000  0.000000000000000E+000
 H0(2)  0.000000000000000E+000  1.080000000000000E-007  0.000000000000000E+000
 H0(3)  0.000000000000000E+000  0.000000000000000E+000  1.080000000000000E-007
Strain (Lagrange def.):
  e(1:3,1) =   0.570003E-01  0.243219E-02  0.135807E-02
  e(1:3,2) =   0.243219E-02  0.666068E-01  0.407391E-02
  e(1:3,3) =   0.135807E-02  0.407391E-02  0.648243E-01
Rotation:
  r(1:3,1) =    0.00000      0.105459      0.621071E-01
  r(1:3,2) =  -0.105459       0.00000     -0.197332    
  r(1:3,3) =  -0.621071E-01  0.197332       0.00000    
      6300 0.630E-11*l_a,m      11.4072363        11.4686919    
      6300 0.630E-11*l_b,m      11.4760863        11.4562814    
      6300 0.630E-11*l_c,m      11.4913745        11.4494134    
      6300 0.630E-11*ang_bc,m      89.6226    89.9227
      6300 0.630E-11*ang_ca,m      89.7186    90.0218
      6300 0.630E-11*ang_ab,m      89.6830    89.9892
      6300 0.630E-11*volume      1504.26721400        1505.25641093    
 
*temp instantanee des atomes de type 1 =       611.35
 
 * stress en kbar 
1 sigma potentiel (1,1) (2,1) (3,1) =  -14.80293126      -6.069527261      -2.811203051    
2 sigma potentiel (1,2) (2,2) (3,2) =  -6.069527261      -22.31344924      -5.522660865    
3 sigma potentiel (1,3) (2,3) (3,3) =  -2.811203051      -5.522660865      -19.37223182    
 
1 sigma cinetique (1,1) (2,1) (3,1) =   6.245350450     -0.8396097410E-01  0.5280803921    
2 sigma cinetique (1,2) (2,2) (3,2) = -0.8396097410E-01   7.848378777      0.3537993819    
3 sigma cinetique (1,3) (2,3) (3,3) =  0.5280803921      0.3537993819       7.452594471    
 
1 sigma total (1,1) (2,1) (3,1) =  -8.557580806      -6.153488235      -2.283122659    
2 sigma total (1,2) (2,2) (3,2) =  -6.153488235      -14.46507046      -5.168861483    
3 sigma total (1,3) (2,3) (3,3) =  -2.283122659      -5.168861483      -11.91963735    
 
      6300 0.630E-11*Pression =    -11.647    
 pression totale  potentiel = cinetique =
   -11.647       -18.830        7.1821    
 ----------valeurs moyennes------------
*temperature moyenne =       588.26
*pression moyenne =    0.35311    
 --------------------------------------
 
 
<<<<<<<<  ITERATION =   6400  time =   0.6400000E-11
 
 
 --------- Temperatures et Pression--------
 ----------valeurs instantanees------------
      6400 0.640E-11*Epot =    -516.5031126192872      eV 
    *energie PAIRE EAM =     27.6490909496      eV 
    *energie GLUE  =    -544.152203569      eV 
      6400 0.640E-11*Ec =     9.41905317512      eV   (569.301 K)
      6400 0.640E-11*Etot =    -507.0840594441643      eV 
 
      6400 0.640E-11*Epot/at =    -4.03518056734      eV 
 
      6400 0.640E-11*Temp instantanee = 569.301
 NPT With Parrinello-Rahman
      6400 0.640E-11*Kcell =    0.403613206512      eV   (1040.851 K)
 Box tensor
 a  1.136723507903162E-007  1.224114975224130E-008  5.922458291650633E-009
 b -1.118611685777969E-008  1.118913836055797E-007 -2.200160800230609E-008
 c -6.791859781193313E-009  2.146992877283337E-008  1.127247050928384E-007
 H0(1)  1.080000000000000E-007  0.000000000000000E+000  0.000000000000000E+000
 H0(2)  0.000000000000000E+000  1.080000000000000E-007  0.000000000000000E+000
 H0(3)  0.000000000000000E+000  0.000000000000000E+000  1.080000000000000E-007
Strain (Lagrange def.):
  e(1:3,1) =   0.612424E-01 -0.255940E-03  0.658959E-02
  e(1:3,2) =  -0.255940E-03  0.628637E-01  0.132453E-02
  e(1:3,3) =   0.658959E-02  0.132453E-02  0.669584E-01
Rotation:
  r(1:3,1) =    0.00000      0.108460      0.588626E-01
  r(1:3,2) =  -0.108460       0.00000     -0.201257    
  r(1:3,3) =  -0.588626E-01  0.201257       0.00000    
      6400 0.640E-11*l_a,m      11.4482857        11.4683731    
      6400 0.640E-11*l_b,m      11.4581332        11.4563103    
      6400 0.640E-11*l_c,m      11.4951931        11.4501287    
      6400 0.640E-11*ang_bc,m      90.0080    89.9240
      6400 0.640E-11*ang_ca,m      89.3104    90.0107
      6400 0.640E-11*ang_ab,m      90.1405    89.9916
      6400 0.640E-11*volume      1507.77950118        1505.29583421    
 
*temp instantanee des atomes de type 1 =       569.30
 
 * stress en kbar 
1 sigma potentiel (1,1) (2,1) (3,1) =  -21.29148258       2.686473555      -10.62156066    
2 sigma potentiel (1,2) (2,2) (3,2) =   2.686473555      -23.18709045      -1.456709803    
3 sigma potentiel (1,3) (2,3) (3,3) =  -10.62156066      -1.456709803      -27.51772556    
 
1 sigma cinetique (1,1) (2,1) (3,1) =   7.156144457     -0.2909831307     -0.5496141796    
2 sigma cinetique (1,2) (2,2) (3,2) = -0.2909831307       6.626878178      0.2179852300    
3 sigma cinetique (1,3) (2,3) (3,3) = -0.5496141796      0.2179852300       6.234473677    
 
1 sigma total (1,1) (2,1) (3,1) =  -14.13533812       2.395490425      -11.17117484    
2 sigma total (1,2) (2,2) (3,2) =   2.395490425      -16.56021227      -1.238724573    
3 sigma total (1,3) (2,3) (3,3) =  -11.17117484      -1.238724573      -21.28325188    
 
      6400 0.640E-11*Pression =    -17.326    
 pression totale  potentiel = cinetique =
   -17.326       -23.999        6.6725    
 ----------valeurs moyennes------------
*temperature moyenne =       587.96
*pression moyenne =    0.76873E-01
 --------------------------------------
 
 
<<<<<<<<  ITERATION =   6500  time =   0.6500000E-11
 
 
 --------- Temperatures et Pression--------
 ----------valeurs instantanees------------
      6500 0.650E-11*Epot =    -516.6698240293291      eV 
    *energie PAIRE EAM =     31.8554196207      eV 
    *energie GLUE  =    -548.525243650      eV 
      6500 0.650E-11*Ec =     10.2134404714      eV   (617.314 K)
      6500 0.650E-11*Etot =    -506.4563835579225      eV 
 
      6500 0.650E-11*Epot/at =    -4.03648300023      eV 
 
      6500 0.650E-11*Temp instantanee = 617.314
 NPT With Parrinello-Rahman
      6500 0.650E-11*Kcell =    0.405169765314      eV   (1044.865 K)
 Box tensor
 a  1.138108395386613E-007  1.223791410295644E-008  5.673064286000981E-009
 b -1.192212186754171E-008  1.111152781824009E-007 -2.264935411108163E-008
 c -6.327792165134458E-009  2.151988489384654E-008  1.121790376818191E-007
 H0(1)  1.080000000000000E-007  0.000000000000000E+000  0.000000000000000E+000
 H0(2)  0.000000000000000E+000  1.080000000000000E-007  0.000000000000000E+000
 H0(3)  0.000000000000000E+000  0.000000000000000E+000  1.080000000000000E-007
Strain (Lagrange def.):
  e(1:3,1) =   0.630609E-01 -0.291907E-02  0.882369E-02
  e(1:3,2) =  -0.291907E-02  0.555331E-01 -0.142245E-02
  e(1:3,3) =   0.882369E-02 -0.142245E-02  0.628135E-01
Rotation:
  r(1:3,1) =    0.00000      0.111852      0.555595E-01
  r(1:3,2) =  -0.111852       0.00000     -0.204487    
  r(1:3,3) =  -0.555595E-01  0.204487       0.00000    
      6500 0.650E-11*l_a,m      11.4607406        11.4682557    
      6500 0.650E-11*l_b,m      11.4025152        11.4554827    
      6500 0.650E-11*l_c,m      11.4399663        11.4499723    
      6500 0.650E-11*ang_bc,m      90.3257    89.9302
      6500 0.650E-11*ang_ca,m      89.2152    89.9985
      6500 0.650E-11*ang_ab,m      90.5504    90.0002
      6500 0.650E-11*volume      1494.75702493        1505.13369869    
 
*temp instantanee des atomes de type 1 =       617.31
 
 * stress en kbar 
1 sigma potentiel (1,1) (2,1) (3,1) =  -11.83104575       7.531547144      -19.13030485    
2 sigma potentiel (1,2) (2,2) (3,2) =   7.531547144      -2.276202117       4.694425629    
3 sigma potentiel (1,3) (2,3) (3,3) =  -19.13030485       4.694425629      -12.59004609    
 
1 sigma cinetique (1,1) (2,1) (3,1) =   6.463469180      0.2103889716      0.7681126949    
2 sigma cinetique (1,2) (2,2) (3,2) =  0.2103889716       6.157481527     -0.3795232424    
3 sigma cinetique (1,3) (2,3) (3,3) =  0.7681126949     -0.3795232424       9.273890605    
 
1 sigma total (1,1) (2,1) (3,1) =  -5.367576573       7.741936115      -18.36219215    
2 sigma total (1,2) (2,2) (3,2) =   7.741936115       3.881279411       4.314902387    
3 sigma total (1,3) (2,3) (3,3) =  -18.36219215       4.314902387      -3.316155481    
 
      6500 0.650E-11*Pression =    -1.6008    
 pression totale  potentiel = cinetique =
   -1.6008       -8.8991        7.2983    
 ----------valeurs moyennes------------
*temperature moyenne =       588.41
*pression moyenne =    0.51063E-01
 --------------------------------------
 
 
<<<<<<<<  ITERATION =   6600  time =   0.6600000E-11
 
 
 --------- Temperatures et Pression--------
 ----------valeurs instantanees------------
      6600 0.660E-11*Epot =    -517.0677546591623      eV 
    *energie PAIRE EAM =     35.9621481844      eV 
    *energie GLUE  =    -553.029902844      eV 
      6600 0.660E-11*Ec =     9.51489681888      eV   (575.093 K)
      6600 0.660E-11*Etot =    -507.5528578402794      eV 
 
      6600 0.660E-11*Epot/at =    -4.03959183327      eV 
 
      6600 0.660E-11*Temp instantanee = 575.093
 NPT With Parrinello-Rahman
      6600 0.660E-11*Kcell =    0.282666934885      eV   (728.951 K)
 Box tensor
 a  1.137665850385381E-007  1.242236197783851E-008  5.044761820438888E-009
 b -1.236667223774698E-008  1.104440353097952E-007 -2.310072559990855E-008
 c -6.114071073883841E-009  2.149178660294931E-008  1.115086603829921E-007
 H0(1)  1.080000000000000E-007  0.000000000000000E+000  0.000000000000000E+000
 H0(2)  0.000000000000000E+000  1.080000000000000E-007  0.000000000000000E+000
 H0(3)  0.000000000000000E+000  0.000000000000000E+000  1.080000000000000E-007
Strain (Lagrange def.):
  e(1:3,1) =   0.629781E-01 -0.359987E-02  0.762314E-02
  e(1:3,2) =  -0.359987E-02  0.493011E-01 -0.395015E-02
  e(1:3,3) =   0.762314E-02 -0.395015E-02  0.569819E-01
Rotation:
  r(1:3,1) =    0.00000      0.114764      0.516613E-01
  r(1:3,2) =  -0.114764       0.00000     -0.206447    
  r(1:3,3) =  -0.516613E-01  0.206447       0.00000    
      6600 0.660E-11*l_a,m      11.4553920        11.4680607    
      6600 0.660E-11*l_b,m      11.3509749        11.4538992    
      6600 0.660E-11*l_c,m      11.3725371        11.4487991    
      6600 0.660E-11*ang_bc,m      90.5623    89.9398
      6600 0.660E-11*ang_ca,m      89.4109    89.9896
      6600 0.660E-11*ang_ab,m      90.6675    90.0103
      6600 0.660E-11*volume      1478.52150908        1504.73048369    
 
*temp instantanee des atomes de type 1 =       575.09
 
 * stress en kbar 
1 sigma potentiel (1,1) (2,1) (3,1) =   6.214069831       8.509870564      -15.89442162    
2 sigma potentiel (1,2) (2,2) (3,2) =   8.509870564       15.91535321       4.642148605    
3 sigma potentiel (1,3) (2,3) (3,3) =  -15.89442162       4.642148605       4.248970266    
 
1 sigma cinetique (1,1) (2,1) (3,1) =   5.872097697      0.4316217250      0.3974561001    
2 sigma cinetique (1,2) (2,2) (3,2) =  0.4316217250       8.539542062      0.1678516541    
3 sigma cinetique (1,3) (2,3) (3,3) =  0.3974561001      0.1678516541       6.209695323    
 
1 sigma total (1,1) (2,1) (3,1) =   12.08616753       8.941492289      -15.49696552    
2 sigma total (1,2) (2,2) (3,2) =   8.941492289       24.45489527       4.810000259    
3 sigma total (1,3) (2,3) (3,3) =  -15.49696552       4.810000259       10.45866559    
 
      6600 0.660E-11*Pression =     15.667    
 pression totale  potentiel = cinetique =
    15.667        8.7928        6.8738    
 ----------valeurs moyennes------------
*temperature moyenne =       588.21
*pression moyenne =    0.28766    
 --------------------------------------
 
 
<<<<<<<<  ITERATION =   6700  time =   0.6700000E-11
 
 
 --------- Temperatures et Pression--------
 ----------valeurs instantanees------------
      6700 0.670E-11*Epot =    -517.6788082200105      eV 
    *energie PAIRE EAM =     36.8150267437      eV 
    *energie GLUE  =    -554.493834964      eV 
      6700 0.670E-11*Ec =     9.94461080042      eV   (601.066 K)
      6700 0.670E-11*Etot =    -507.7341974195932      eV 
 
      6700 0.670E-11*Epot/at =    -4.04436568922      eV 
 
      6700 0.670E-11*Temp instantanee = 601.066
 NPT With Parrinello-Rahman
      6700 0.670E-11*Kcell =    0.277356882542      eV   (715.257 K)
 Box tensor
 a  1.139211756517052E-007  1.286844926047551E-008  4.311566003269332E-009
 b -1.259397047854734E-008  1.101726531567237E-007 -2.318923832290532E-008
 c -6.193778759480200E-009  2.165690424397107E-008  1.108979216593505E-007
 H0(1)  1.080000000000000E-007  0.000000000000000E+000  0.000000000000000E+000
 H0(2)  0.000000000000000E+000  1.080000000000000E-007  0.000000000000000E+000
 H0(3)  0.000000000000000E+000  0.000000000000000E+000  1.080000000000000E-007
Strain (Lagrange def.):
  e(1:3,1) =   0.647722E-01 -0.238599E-02  0.413006E-02
  e(1:3,2) =  -0.238599E-02  0.475237E-01 -0.418515E-02
  e(1:3,3) =   0.413006E-02 -0.418515E-02  0.510408E-01
Rotation:
  r(1:3,1) =    0.00000      0.117882      0.486359E-01
  r(1:3,2) =  -0.117882       0.00000     -0.207621    
  r(1:3,3) =  -0.486359E-01  0.207621       0.00000    
      6700 0.670E-11*l_a,m      11.4726722        11.4681296    
      6700 0.670E-11*l_b,m      11.3288845        11.4520333    
      6700 0.670E-11*l_c,m      11.3162421        11.4468206    
      6700 0.670E-11*ang_bc,m      90.4811    89.9479
      6700 0.670E-11*ang_ca,m      89.7739    89.9864
      6700 0.670E-11*ang_ab,m      90.5156    90.0178
      6700 0.670E-11*volume      1470.67876078        1504.22224902    
 
*temp instantanee des atomes de type 1 =       601.07
 
 * stress en kbar 
1 sigma potentiel (1,1) (2,1) (3,1) =   4.951302712       10.70794766      -8.118039823    
2 sigma potentiel (1,2) (2,2) (3,2) =   10.70794766       20.23405199       7.703952706    
3 sigma potentiel (1,3) (2,3) (3,3) =  -8.118039823       7.703952706       9.790769908    
 
1 sigma cinetique (1,1) (2,1) (3,1) =   7.294450499     -0.4577095597      -1.020150232    
2 sigma cinetique (1,2) (2,2) (3,2) = -0.4577095597       7.389852667      0.7171544992E-01
3 sigma cinetique (1,3) (2,3) (3,3) =  -1.020150232      0.7171544992E-01   6.983272085    
 
1 sigma total (1,1) (2,1) (3,1) =   12.24575321       10.25023810      -9.138190055    
2 sigma total (1,2) (2,2) (3,2) =   10.25023810       27.62390466       7.775668156    
3 sigma total (1,3) (2,3) (3,3) =  -9.138190055       7.775668156       16.77404199    
 
      6700 0.670E-11*Pression =     18.881    
 pression totale  potentiel = cinetique =
    18.881        11.659        7.2225    
 ----------valeurs moyennes------------
*temperature moyenne =       588.40
*pression moyenne =    0.56518    
 --------------------------------------
 
 
<<<<<<<<  ITERATION =   6800  time =   0.6800000E-11
 
 
 --------- Temperatures et Pression--------
 ----------valeurs instantanees------------
      6800 0.680E-11*Epot =    -518.4124000121441      eV 
    *energie PAIRE EAM =     33.5432872628      eV 
    *energie GLUE  =    -551.955687275      eV 
      6800 0.680E-11*Ec =     10.9167764839      eV   (659.825 K)
      6800 0.680E-11*Etot =    -507.4956235282750      eV 
 
      6800 0.680E-11*Epot/at =    -4.05009687509      eV 
 
      6800 0.680E-11*Temp instantanee = 659.825
 NPT With Parrinello-Rahman
      6800 0.680E-11*Kcell =    0.506735593894      eV   (1306.786 K)
 Box tensor
 a  1.144567907536275E-007  1.362780601781921E-008  3.361777427070899E-009
 b -1.258393793940089E-008  1.103533609280618E-007 -2.301065967778675E-008
 c -6.364191412881918E-009  2.214246322193068E-008  1.106475987183325E-007
 H0(1)  1.080000000000000E-007  0.000000000000000E+000  0.000000000000000E+000
 H0(2)  0.000000000000000E+000  1.080000000000000E-007  0.000000000000000E+000
 H0(3)  0.000000000000000E+000  0.000000000000000E+000  1.080000000000000E-007
Strain (Lagrange def.):
  e(1:3,1) =   0.700967E-01  0.129442E-02 -0.127913E-02
  e(1:3,2) =   0.129442E-02  0.510061E-01 -0.186384E-02
  e(1:3,3) =  -0.127913E-02 -0.186384E-02  0.479974E-01
Rotation:
  r(1:3,1) =    0.00000      0.121351      0.450276E-01
  r(1:3,2) =  -0.121351       0.00000     -0.209042    
  r(1:3,3) =  -0.450276E-01  0.209042       0.00000    
      6800 0.680E-11*l_a,m      11.5314247        11.4690604    
      6800 0.680E-11*l_b,m      11.3427114        11.4504257    
      6800 0.680E-11*l_c,m      11.3020718        11.4446920    
      6800 0.680E-11*ang_bc,m      90.1005    89.9501
      6800 0.680E-11*ang_ca,m      90.2405    89.9901
      6800 0.680E-11*ang_ab,m      90.0604    90.0184
      6800 0.680E-11*volume      1478.26799455        1503.84056881    
 
*temp instantanee des atomes de type 1 =       659.82
 
 * stress en kbar 
1 sigma potentiel (1,1) (2,1) (3,1) =  -6.525752901     -0.2742419057       6.395359722    
2 sigma potentiel (1,2) (2,2) (3,2) = -0.2742419057       3.669340624       1.515447629    
3 sigma potentiel (1,3) (2,3) (3,3) =   6.395359722       1.515447629       4.334682152    
 
1 sigma cinetique (1,1) (2,1) (3,1) =   8.036998622     -0.7416238118     -0.6248927932    
2 sigma cinetique (1,2) (2,2) (3,2) = -0.7416238118       6.712122862     -0.5908182735    
3 sigma cinetique (1,3) (2,3) (3,3) = -0.6248927932     -0.5908182735       8.914520562    
 
1 sigma total (1,1) (2,1) (3,1) =   1.511245722      -1.015865718       5.770466929    
2 sigma total (1,2) (2,2) (3,2) =  -1.015865718       10.38146349      0.9246293560    
3 sigma total (1,3) (2,3) (3,3) =   5.770466929      0.9246293560       13.24920271    
 
      6800 0.680E-11*Pression =     8.3806    
 pression totale  potentiel = cinetique =
    8.3806       0.49276        7.8879    
 ----------valeurs moyennes------------
*temperature moyenne =       589.45
*pression moyenne =    0.68011    
 --------------------------------------
 
 
<<<<<<<<  ITERATION =   6900  time =   0.6900000E-11
 
 
 --------- Temperatures et Pression--------
 ----------valeurs instantanees------------
      6900 0.690E-11*Epot =    -516.5945056991573      eV 
    *energie PAIRE EAM =     32.0713655500      eV 
    *energie GLUE  =    -548.665871249      eV 
      6900 0.690E-11*Ec =     9.94525400724      eV   (601.105 K)
      6900 0.690E-11*Etot =    -506.6492516919126      eV 
 
      6900 0.690E-11*Epot/at =    -4.03589457577      eV 
 
      6900 0.690E-11*Temp instantanee = 601.105
 NPT With Parrinello-Rahman
      6900 0.690E-11*Kcell =    0.396707204705      eV   (1023.041 K)
 Box tensor
 a  1.151243175903991E-007  1.445278943129110E-008  2.634438596017085E-009
 b -1.256948005843505E-008  1.106765076861865E-007 -2.273518053802214E-008
 c -6.430258660066514E-009  2.274587579253297E-008  1.107412223727244E-007
 H0(1)  1.080000000000000E-007  0.000000000000000E+000  0.000000000000000E+000
 H0(2)  0.000000000000000E+000  1.080000000000000E-007  0.000000000000000E+000
 H0(3)  0.000000000000000E+000  0.000000000000000E+000  1.080000000000000E-007
Strain (Lagrange def.):
  e(1:3,1) =   0.766868E-01  0.542093E-02 -0.527424E-02
  e(1:3,2) =   0.542093E-02  0.562220E-01  0.174600E-02
  e(1:3,3) =  -0.527424E-02  0.174600E-02  0.481587E-01
Rotation:
  r(1:3,1) =    0.00000      0.125103      0.419662E-01
  r(1:3,2) =  -0.125103       0.00000     -0.210560    
  r(1:3,3) =  -0.419662E-01  0.210560       0.00000    
      6900 0.690E-11*l_a,m      11.6057882        11.4710419    
      6900 0.690E-11*l_b,m      11.3684518        11.4492376    
      6900 0.690E-11*l_c,m      11.3235778        11.4429367    
      6900 0.690E-11*ang_bc,m      89.6415    89.9456
      6900 0.690E-11*ang_ca,m      90.5223    89.9978
      6900 0.690E-11*ang_ab,m      89.5977    90.0124
      6900 0.690E-11*volume      1493.90233958        1503.69653650    
 
*temp instantanee des atomes de type 1 =       601.10
 
 * stress en kbar 
1 sigma potentiel (1,1) (2,1) (3,1) =  -16.32617998      -5.118424105       7.948733982    
2 sigma potentiel (1,2) (2,2) (3,2) =  -5.118424105      -7.661666262      -5.492404465    
3 sigma potentiel (1,3) (2,3) (3,3) =   7.948733982      -5.492404465      0.3350058498    
 
1 sigma cinetique (1,1) (2,1) (3,1) =   7.294344095      0.3348448895     -0.5526550675    
2 sigma cinetique (1,2) (2,2) (3,2) =  0.3348448895       7.262079476     -0.5844586216    
3 sigma cinetique (1,3) (2,3) (3,3) = -0.5526550675     -0.5844586216       6.775696298    
 
1 sigma total (1,1) (2,1) (3,1) =  -9.031835883      -4.783579215       7.396078915    
2 sigma total (1,2) (2,2) (3,2) =  -4.783579215     -0.3995867856      -6.076863087    
3 sigma total (1,3) (2,3) (3,3) =   7.396078915      -6.076863087       7.110702148    
 
      6900 0.690E-11*Pression =   -0.77357    
 pression totale  potentiel = cinetique =
  -0.77357       -7.8843        7.1107    
 ----------valeurs moyennes------------
*temperature moyenne =       589.62
*pression moyenne =    0.65904    
 --------------------------------------
 
 
<<<<<<<<  ITERATION =   7000  time =   0.7000000E-11
 
 
 --------- Temperatures et Pression--------
 ----------valeurs instantanees------------
      7000 0.700E-11*Epot =    -515.0157925396427      eV 
    *energie PAIRE EAM =     29.8036441909      eV 
    *energie GLUE  =    -544.819436731      eV 
      7000 0.700E-11*Ec =     10.0025092272      eV   (604.565 K)
      7000 0.700E-11*Etot =    -505.0132833124082      eV 
 
      7000 0.700E-11*Epot/at =    -4.02356087922      eV 
 
      7000 0.700E-11*Temp instantanee = 604.565
 NPT With Parrinello-Rahman
      7000 0.700E-11*Kcell =    0.198310721839      eV   (511.410 K)
 Box tensor
 a  1.156582016621683E-007  1.525468350671526E-008  2.291825859604314E-009
 b -1.271051922663211E-008  1.108708678823955E-007 -2.268177320232684E-008
 c -6.312057079654158E-009  2.336528411604372E-008  1.109558211937297E-007
 H0(1)  1.080000000000000E-007  0.000000000000000E+000  0.000000000000000E+000
 H0(2)  0.000000000000000E+000  1.080000000000000E-007  0.000000000000000E+000
 H0(3)  0.000000000000000E+000  0.000000000000000E+000  1.080000000000000E-007
Strain (Lagrange def.):
  e(1:3,1) =   0.820567E-01  0.890003E-02 -0.630118E-02
  e(1:3,2) =   0.890003E-02  0.603134E-01  0.483228E-02
  e(1:3,3) =  -0.630118E-02  0.483228E-02  0.500218E-01
Rotation:
  r(1:3,1) =    0.00000      0.129469      0.398328E-01
  r(1:3,2) =  -0.129469       0.00000     -0.213181    
  r(1:3,3) =  -0.398328E-01  0.213181       0.00000    
      7000 0.700E-11*l_a,m      11.6682378        11.4738590    
      7000 0.700E-11*l_b,m      11.3878749        11.4483610    
      7000 0.700E-11*l_c,m      11.3564840        11.4417016    
      7000 0.700E-11*ang_bc,m      89.3173    89.9367
      7000 0.700E-11*ang_ca,m      90.5159    90.0052
      7000 0.700E-11*ang_ab,m      89.2702    90.0017
      7000 0.700E-11*volume      1508.71631052        1503.76824756    
 
*temp instantanee des atomes de type 1 =       604.57
 
 * stress en kbar 
1 sigma potentiel (1,1) (2,1) (3,1) =  -26.43827906      -10.26604083       14.75202626    
2 sigma potentiel (1,2) (2,2) (3,2) =  -10.26604083      -17.49107533      -7.501425459    
3 sigma potentiel (1,3) (2,3) (3,3) =   14.75202626      -7.501425459      -4.834982620    
 
1 sigma cinetique (1,1) (2,1) (3,1) =   8.116656108      0.2514112181      -1.116979086    
2 sigma cinetique (1,2) (2,2) (3,2) =  0.2514112181       6.673734544     -0.5372576450    
3 sigma cinetique (1,3) (2,3) (3,3) =  -1.116979086     -0.5372576450       6.453874747    
 
1 sigma total (1,1) (2,1) (3,1) =  -18.32162296      -10.01462961       13.63504717    
2 sigma total (1,2) (2,2) (3,2) =  -10.01462961      -10.81734078      -8.038683104    
3 sigma total (1,3) (2,3) (3,3) =   13.63504717      -8.038683104       1.618892126    
 
      7000 0.700E-11*Pression =    -9.1734    
 pression totale  potentiel = cinetique =
   -9.1734       -16.255        7.0814    
 ----------valeurs moyennes------------
*temperature moyenne =       589.84
*pression moyenne =    0.51858    
 --------------------------------------
 
 
<<<<<<<<  ITERATION =   7100  time =   0.7100000E-11
 
 
 --------- Temperatures et Pression--------
 ----------valeurs instantanees------------
      7100 0.710E-11*Epot =    -513.9816246708119      eV 
    *energie PAIRE EAM =     31.2517749872      eV 
    *energie GLUE  =    -545.233399658      eV 
      7100 0.710E-11*Ec =     9.23749638943      eV   (558.327 K)
      7100 0.710E-11*Etot =    -504.7441282813858      eV 
 
      7100 0.710E-11*Epot/at =    -4.01548144274      eV 
 
      7100 0.710E-11*Temp instantanee = 558.327
 NPT With Parrinello-Rahman
      7100 0.710E-11*Kcell =    0.225238579678      eV   (580.852 K)
 Box tensor
 a  1.155507914801335E-007  1.581541073488119E-008  2.021124951738038E-009
 b -1.308587031018443E-008  1.106395395601641E-007 -2.287780981644140E-008
 c -5.945941861266564E-009  2.364846062565525E-008  1.110028892992191E-007
 H0(1)  1.080000000000000E-007  0.000000000000000E+000  0.000000000000000E+000
 H0(2)  0.000000000000000E+000  1.080000000000000E-007  0.000000000000000E+000
 H0(3)  0.000000000000000E+000  0.000000000000000E+000  1.080000000000000E-007
Strain (Lagrange def.):
  e(1:3,1) =   0.812148E-01  0.102476E-01 -0.544831E-02
  e(1:3,2) =   0.102476E-01  0.594344E-01  0.539361E-02
  e(1:3,3) =  -0.544831E-02  0.539361E-02  0.508025E-01
Rotation:
  r(1:3,1) =    0.00000      0.133802      0.368846E-01
  r(1:3,2) =  -0.133802       0.00000     -0.215399    
  r(1:3,3) =  -0.368846E-01  0.215399       0.00000    
      7100 0.710E-11*l_a,m      11.6645607        11.4765450    
      7100 0.710E-11*l_b,m      11.3735403        11.4473072    
      7100 0.710E-11*l_c,m      11.3649661        11.4406209    
      7100 0.710E-11*ang_bc,m      89.3140    89.9279
      7100 0.710E-11*ang_ca,m      90.3834    90.0105
      7100 0.710E-11*ang_ab,m      89.1730    89.9901
      7100 0.710E-11*volume      1507.45929516        1503.82023414    
 
*temp instantanee des atomes de type 1 =       558.33
 
 * stress en kbar 
1 sigma potentiel (1,1) (2,1) (3,1) =  -18.01010289      -11.75247580       8.229336759    
2 sigma potentiel (1,2) (2,2) (3,2) =  -11.75247580      -13.00828518      -10.61684490    
3 sigma potentiel (1,3) (2,3) (3,3) =   8.229336759      -10.61684490      -1.304179932    
 
1 sigma cinetique (1,1) (2,1) (3,1) =   6.825308972      0.3008538080      0.5477438453E-01
2 sigma cinetique (1,2) (2,2) (3,2) =  0.3008538080       5.536170523      0.2974145274    
3 sigma cinetique (1,3) (2,3) (3,3) =  0.5477438453E-01  0.2974145274       7.274339981    
 
1 sigma total (1,1) (2,1) (3,1) =  -11.18479392      -11.45162199       8.284111143    
2 sigma total (1,2) (2,2) (3,2) =  -11.45162199      -7.472114654      -10.31943038    
3 sigma total (1,3) (2,3) (3,3) =   8.284111143      -10.31943038       5.970160049    
 
      7100 0.710E-11*Pression =    -4.2289    
 pression totale  potentiel = cinetique =
   -4.2289       -10.774        6.5453    
 ----------valeurs moyennes------------
*temperature moyenne =       589.39
*pression moyenne =    0.45171    
 --------------------------------------
 
 
<<<<<<<<  ITERATION =   7200  time =   0.7200000E-11
 
 
 --------- Temperatures et Pression--------
 ----------valeurs instantanees------------
      7200 0.720E-11*Epot =    -515.9221630463056      eV 
    *energie PAIRE EAM =     32.1740577538      eV 
    *energie GLUE  =    -548.096220800      eV 
      7200 0.720E-11*Ec =     10.3285010288      eV   (624.269 K)
      7200 0.720E-11*Etot =    -505.5936620175442      eV 
 
      7200 0.720E-11*Epot/at =    -4.03064189880      eV 
 
      7200 0.720E-11*Temp instantanee = 624.269
 NPT With Parrinello-Rahman
      7200 0.720E-11*Kcell =    0.353965723761      eV   (912.818 K)
 Box tensor
 a  1.148444732314748E-007  1.604662024831298E-008  1.993143460588731E-009
 b -1.375697346537946E-008  1.101006367753227E-007 -2.313009982642882E-008
 c -5.439249198954158E-009  2.364587545455246E-008  1.110773904000588E-007
 H0(1)  1.080000000000000E-007  0.000000000000000E+000  0.000000000000000E+000
 H0(2)  0.000000000000000E+000  1.080000000000000E-007  0.000000000000000E+000
 H0(3)  0.000000000000000E+000  0.000000000000000E+000  1.080000000000000E-007
Strain (Lagrange def.):
  e(1:3,1) =   0.747639E-01  0.855617E-02 -0.244667E-02
  e(1:3,2) =   0.855617E-02  0.546456E-01  0.479538E-02
  e(1:3,3) =  -0.244667E-02  0.479538E-02  0.520045E-01
Rotation:
  r(1:3,1) =    0.00000      0.137980      0.344092E-01
  r(1:3,2) =  -0.137980       0.00000     -0.216555    
  r(1:3,3) =  -0.344092E-01  0.216555       0.00000    
      7200 0.720E-11*l_a,m      11.5977238        11.4782280    
      7200 0.720E-11*l_b,m      11.3341987        11.4457363    
      7200 0.720E-11*l_c,m      11.3696524        11.4396352    
      7200 0.720E-11*ang_bc,m      89.5153    89.9222
      7200 0.720E-11*ang_ca,m      90.1036    90.0118
      7200 0.720E-11*ang_ab,m      89.3866    89.9817
      7200 0.720E-11*volume      1494.40927677        1503.68952640    
 
*temp instantanee des atomes de type 1 =       624.27
 
 * stress en kbar 
1 sigma potentiel (1,1) (2,1) (3,1) =  -12.53824505      -13.66903166       3.266694033    
2 sigma potentiel (1,2) (2,2) (3,2) =  -13.66903166      -13.11400651      -8.970072849    
3 sigma potentiel (1,3) (2,3) (3,3) =   3.266694033      -8.970072849      -2.981459946    
 
1 sigma cinetique (1,1) (2,1) (3,1) =   8.439775883     -0.3469097171     -0.5514352762    
2 sigma cinetique (1,2) (2,2) (3,2) = -0.3469097171       6.752033010     -0.8253673866E-02
3 sigma cinetique (1,3) (2,3) (3,3) = -0.5514352762     -0.8253673866E-02   6.954843306    
 
1 sigma total (1,1) (2,1) (3,1) =  -4.098469167      -14.01594138       2.715258756    
2 sigma total (1,2) (2,2) (3,2) =  -14.01594138      -6.361973505      -8.978326523    
3 sigma total (1,3) (2,3) (3,3) =   2.715258756      -8.978326523       3.973383360    
 
      7200 0.720E-11*Pression =    -2.1624    
 pression totale  potentiel = cinetique =
   -2.1624       -9.5446        7.3822    
 ----------valeurs moyennes------------
*temperature moyenne =       589.88
*pression moyenne =    0.41541    
 --------------------------------------
 
 
<<<<<<<<  ITERATION =   7300  time =   0.7300000E-11
 
 
 --------- Temperatures et Pression--------
 ----------valeurs instantanees------------
      7300 0.730E-11*Epot =    -515.8375887291023      eV 
    *energie PAIRE EAM =     36.7596332608      eV 
    *energie GLUE  =    -552.597221990      eV 
      7300 0.730E-11*Ec =     10.2705290211      eV   (620.765 K)
      7300 0.730E-11*Etot =    -505.5670597080473      eV 
 
      7300 0.730E-11*Epot/at =    -4.02998116195      eV 
 
      7300 0.730E-11*Temp instantanee = 620.765
 NPT With Parrinello-Rahman
      7300 0.730E-11*Kcell =    0.377252056949      eV   (972.870 K)
 Box tensor
 a  1.141043586068932E-007  1.592857843807974E-008  2.004343474206492E-009
 b -1.466709444277951E-008  1.095919984978617E-007 -2.356398887008085E-008
 c -4.883758575377182E-009  2.360976563387492E-008  1.111823443874483E-007
 H0(1)  1.080000000000000E-007  0.000000000000000E+000  0.000000000000000E+000
 H0(2)  0.000000000000000E+000  1.080000000000000E-007  0.000000000000000E+000
 H0(3)  0.000000000000000E+000  0.000000000000000E+000  1.080000000000000E-007
Strain (Lagrange def.):
  e(1:3,1) =   0.683633E-01  0.406463E-02  0.134310E-02
  e(1:3,2) =   0.406463E-02  0.496205E-01  0.319319E-02
  e(1:3,3) =   0.134310E-02  0.319319E-02  0.538749E-01
Rotation:
  r(1:3,1) =    0.00000      0.141647      0.318894E-01
  r(1:3,2) =  -0.141647       0.00000     -0.218397    
  r(1:3,3) =  -0.318894E-01  0.218397       0.00000    
      7300 0.730E-11*l_a,m      11.5228216        11.4788389    
      7300 0.730E-11*l_b,m      11.3052162        11.4438113    
      7300 0.730E-11*l_c,m      11.3766365        11.4387722    
      7300 0.730E-11*ang_bc,m      89.8255    89.9208
      7300 0.730E-11*ang_ca,m      89.8179    90.0092
      7300 0.730E-11*ang_ab,m      89.8908    89.9804
      7300 0.730E-11*volume      1481.99453765        1503.39233478    
 
*temp instantanee des atomes de type 1 =       620.76
 
 * stress en kbar 
1 sigma potentiel (1,1) (2,1) (3,1) =   1.242627551      -3.605832058       1.621350431    
2 sigma potentiel (1,2) (2,2) (3,2) =  -3.605832058       9.849917750      -3.593818209    
3 sigma potentiel (1,3) (2,3) (3,3) =   1.621350431      -3.593818209       9.876356771    
 
1 sigma cinetique (1,1) (2,1) (3,1) =   7.855483838     -0.1993023553     -0.1850949912    
2 sigma cinetique (1,2) (2,2) (3,2) = -0.1993023553       7.642131899      0.2620172161    
3 sigma cinetique (1,3) (2,3) (3,3) = -0.1850949912      0.2620172161       6.709213565    
 
1 sigma total (1,1) (2,1) (3,1) =   9.098111389      -3.805134413       1.436255440    
2 sigma total (1,2) (2,2) (3,2) =  -3.805134413       17.49204965      -3.331800993    
3 sigma total (1,3) (2,3) (3,3) =   1.436255440      -3.331800993       16.58557034    
 
      7300 0.730E-11*Pression =     14.392    
 pression totale  potentiel = cinetique =
    14.392        6.9896        7.4023    
 ----------valeurs moyennes------------
*temperature moyenne =       590.30
*pression moyenne =    0.60687    
 --------------------------------------
 
 
<<<<<<<<  ITERATION =   7400  time =   0.7400000E-11
 
 
 --------- Temperatures et Pression--------
 ----------valeurs instantanees------------
      7400 0.740E-11*Epot =    -516.5930956401155      eV 
    *energie PAIRE EAM =     35.5705541611      eV 
    *energie GLUE  =    -552.163649801      eV 
      7400 0.740E-11*Ec =     10.0471685454      eV   (607.265 K)
      7400 0.740E-11*Etot =    -506.5459270946831      eV 
 
      7400 0.740E-11*Epot/at =    -4.03588355969      eV 
 
      7400 0.740E-11*Temp instantanee = 607.265
 NPT With Parrinello-Rahman
      7400 0.740E-11*Kcell =    0.333740878543      eV   (860.662 K)
 Box tensor
 a  1.134581328349191E-007  1.571577892548875E-008  1.929897679195137E-009
 b -1.558435196955057E-008  1.094288753126425E-007 -2.412794259665935E-008
 c -4.382567769905202E-009  2.355929012498087E-008  1.116204528813031E-007
 H0(1)  1.080000000000000E-007  0.000000000000000E+000  0.000000000000000E+000
 H0(2)  0.000000000000000E+000  1.080000000000000E-007  0.000000000000000E+000
 H0(3)  0.000000000000000E+000  0.000000000000000E+000  1.080000000000000E-007
Strain (Lagrange def.):
  e(1:3,1) =   0.630498E-01 -0.109505E-02  0.453518E-02
  e(1:3,2) =  -0.109505E-02  0.476982E-01  0.845973E-03
  e(1:3,3) =   0.453518E-02  0.845973E-03  0.591996E-01
Rotation:
  r(1:3,1) =    0.00000      0.144908      0.292244E-01
  r(1:3,2) =  -0.144908       0.00000     -0.220774    
  r(1:3,3) =  -0.292244E-01  0.220774       0.00000    
      7400 0.740E-11*l_a,m      11.4557663        11.4785271    
      7400 0.740E-11*l_b,m      11.3135796        11.4420514    
      7400 0.740E-11*l_c,m      11.4163797        11.4384696    
      7400 0.740E-11*ang_bc,m      90.2076    89.9247
      7400 0.740E-11*ang_ca,m      89.6126    90.0038
      7400 0.740E-11*ang_ab,m      90.4199    89.9864
      7400 0.740E-11*volume      1479.54515283        1503.07007556    
 
*temp instantanee des atomes de type 1 =       607.26
 
 * stress en kbar 
1 sigma potentiel (1,1) (2,1) (3,1) =   2.739071093       1.711206787      -13.18095151    
2 sigma potentiel (1,2) (2,2) (3,2) =   1.711206787       14.35975600     -0.5288565626    
3 sigma potentiel (1,3) (2,3) (3,3) =  -13.18095151     -0.5288565626       1.097423358    
 
1 sigma cinetique (1,1) (2,1) (3,1) =   5.757412008       1.097171856       1.179441642    
2 sigma cinetique (1,2) (2,2) (3,2) =   1.097171856       8.133613690      0.1628697171    
3 sigma cinetique (1,3) (2,3) (3,3) =   1.179441642      0.1628697171       7.868819798    
 
1 sigma total (1,1) (2,1) (3,1) =   8.496483101       2.808378644      -12.00150987    
2 sigma total (1,2) (2,2) (3,2) =   2.808378644       22.49336969     -0.3659868455    
3 sigma total (1,3) (2,3) (3,3) =  -12.00150987     -0.3659868455       8.966243156    
 
      7400 0.740E-11*Pression =     13.319    
 pression totale  potentiel = cinetique =
    13.319        6.0654        7.2533    
 ----------valeurs moyennes------------
*temperature moyenne =       590.53
*pression moyenne =    0.77865    
 --------------------------------------
 
 
<<<<<<<<  ITERATION =   7500  time =   0.7500000E-11
 
 
 --------- Temperatures et Pression--------
 ----------valeurs instantanees------------
      7500 0.750E-11*Epot =    -516.6723934152735      eV 
    *energie PAIRE EAM =     33.5655458981      eV 
    *energie GLUE  =    -550.237939313      eV 
      7500 0.750E-11*Ec =     10.5295977474      eV   (636.423 K)
      7500 0.750E-11*Etot =    -506.1427956678996      eV 
 
      7500 0.750E-11*Epot/at =    -4.03650307356      eV 
 
      7500 0.750E-11*Temp instantanee = 636.423
 NPT With Parrinello-Rahman
      7500 0.750E-11*Kcell =    0.243137399973      eV   (627.010 K)
 Box tensor
 a  1.131271117819601E-007  1.577581886479193E-008  1.692439152711801E-009
 b -1.626853777472882E-008  1.097551323057126E-007 -2.463312775434224E-008
 c -3.980505366230939E-009  2.347025383124485E-008  1.120745539145916E-007
 H0(1)  1.080000000000000E-007  0.000000000000000E+000  0.000000000000000E+000
 H0(2)  0.000000000000000E+000  1.080000000000000E-007  0.000000000000000E+000
 H0(3)  0.000000000000000E+000  0.000000000000000E+000  1.080000000000000E-007
Strain (Lagrange def.):
  e(1:3,1) =   0.606247E-01 -0.404262E-02  0.626253E-02
  e(1:3,2) =  -0.404262E-02  0.506652E-01 -0.199307E-02
  e(1:3,3) =   0.626253E-02 -0.199307E-02  0.645731E-01
Rotation:
  r(1:3,1) =    0.00000      0.148354      0.262636E-01
  r(1:3,2) =  -0.148354       0.00000     -0.222701    
  r(1:3,3) =  -0.262636E-01  0.222701       0.00000    
      7500 0.750E-11*l_a,m      11.4234339        11.4777925    
      7500 0.750E-11*l_b,m      11.3655820        11.4410318    
      7500 0.750E-11*l_c,m      11.4574879        11.4387232    
      7500 0.750E-11*ang_bc,m      90.5280    89.9327
      7500 0.750E-11*ang_ca,m      89.5200    89.9974
      7500 0.750E-11*ang_ab,m      90.6647    89.9954
      7500 0.750E-11*volume      1487.35703798        1502.86056839    
 
*temp instantanee des atomes de type 1 =       636.42
 
 * stress en kbar 
1 sigma potentiel (1,1) (2,1) (3,1) =  -4.898502997       12.30025506      -12.96709507    
2 sigma potentiel (1,2) (2,2) (3,2) =   12.30025506       8.885127811       6.875267291    
3 sigma potentiel (1,3) (2,3) (3,3) =  -12.96709507       6.875267291      -9.385793255    
 
1 sigma cinetique (1,1) (2,1) (3,1) =   7.816196907      0.8403172224      0.2610054064    
2 sigma cinetique (1,2) (2,2) (3,2) =  0.8403172224       8.281952749     -0.7868187967    
3 sigma cinetique (1,3) (2,3) (3,3) =  0.2610054064     -0.7868187967       6.586751476    
 
1 sigma total (1,1) (2,1) (3,1) =   2.917693910       13.14057228      -12.70608966    
2 sigma total (1,2) (2,2) (3,2) =   13.14057228       17.16708056       6.088448495    
3 sigma total (1,3) (2,3) (3,3) =  -12.70608966       6.088448495      -2.799041779    
 
      7500 0.750E-11*Pression =     5.7619    
 pression totale  potentiel = cinetique =
    5.7619       -1.7997        7.5616    
 ----------valeurs moyennes------------
*temperature moyenne =       591.14
*pression moyenne =    0.84509    
 --------------------------------------
 
 
<<<<<<<<  ITERATION =   7600  time =   0.7600000E-11
 
 
 --------- Temperatures et Pression--------
 ----------valeurs instantanees------------
      7600 0.760E-11*Epot =    -516.3986266629602      eV 
    *energie PAIRE EAM =     29.5503539514      eV 
    *energie GLUE  =    -545.948980614      eV 
      7600 0.760E-11*Ec =     11.0220837993      eV   (666.190 K)
      7600 0.760E-11*Etot =    -505.3765428636281      eV 
 
      7600 0.760E-11*Epot/at =    -4.03436427080      eV 
 
      7600 0.760E-11*Temp instantanee = 666.190
 NPT With Parrinello-Rahman
      7600 0.760E-11*Kcell =    0.281794330706      eV   (726.700 K)
 Box tensor
 a  1.129226164183624E-007  1.626486618780145E-008  1.290158848889981E-009
 b -1.676608130658463E-008  1.103337257503499E-007 -2.500131759890809E-008
 c -3.685938053181122E-009  2.363581266018599E-008  1.125306283515400E-007
 H0(1)  1.080000000000000E-007  0.000000000000000E+000  0.000000000000000E+000
 H0(2)  0.000000000000000E+000  1.080000000000000E-007  0.000000000000000E+000
 H0(3)  0.000000000000000E+000  0.000000000000000E+000  1.080000000000000E-007
Strain (Lagrange def.):
  e(1:3,1) =   0.592509E-01 -0.430012E-02  0.643353E-02
  e(1:3,2) =  -0.430012E-02  0.571300E-01 -0.333297E-02
  e(1:3,3) =   0.643353E-02 -0.333297E-02  0.696962E-01
Rotation:
  r(1:3,1) =    0.00000      0.152921      0.230375E-01
  r(1:3,2) =  -0.152921       0.00000     -0.225172    
  r(1:3,3) =  -0.230375E-01  0.225172       0.00000    
      7600 0.760E-11*l_a,m      11.4095257        11.4768943    
      7600 0.760E-11*l_b,m      11.4366509        11.4409742    
      7600 0.760E-11*l_c,m      11.5045122        11.4395888    
      7600 0.760E-11*ang_bc,m      90.6262    89.9419
      7600 0.760E-11*ang_ca,m      89.5050    89.9909
      7600 0.760E-11*ang_ab,m      90.5751    90.0031
      7600 0.760E-11*volume      1500.96669548        1502.83564901    
 
*temp instantanee des atomes de type 1 =       666.19
 
 * stress en kbar 
1 sigma potentiel (1,1) (2,1) (3,1) =  -13.98595581       8.398184883      -14.40613247    
2 sigma potentiel (1,2) (2,2) (3,2) =   8.398184883      -10.45941290       7.658721251    
3 sigma potentiel (1,3) (2,3) (3,3) =  -14.40613247       7.658721251      -22.02683567    
 
1 sigma cinetique (1,1) (2,1) (3,1) =   7.658409583     -0.3324663465E-01 -0.7033403139    
2 sigma cinetique (1,2) (2,2) (3,2) = -0.3324663465E-01   8.633755908      -1.091574821    
3 sigma cinetique (1,3) (2,3) (3,3) = -0.7033403139      -1.091574821       7.238434210    
 
1 sigma total (1,1) (2,1) (3,1) =  -6.327546226       8.364938248      -15.10947278    
2 sigma total (1,2) (2,2) (3,2) =   8.364938248      -1.825656995       6.567146430    
3 sigma total (1,3) (2,3) (3,3) =  -15.10947278       6.567146430      -14.78840146    
 
      7600 0.760E-11*Pression =    -7.6472    
 pression totale  potentiel = cinetique =
   -7.6472       -15.491        7.8435    
 ----------valeurs moyennes------------
*temperature moyenne =       592.13
*pression moyenne =    0.73335    
 --------------------------------------
 
 
<<<<<<<<  ITERATION =   7700  time =   0.7700000E-11
 
 
 --------- Temperatures et Pression--------
 ----------valeurs instantanees------------
      7700 0.770E-11*Epot =    -516.7745314355363      eV 
    *energie PAIRE EAM =     26.0543069282      eV 
    *energie GLUE  =    -542.828838364      eV 
      7700 0.770E-11*Ec =     10.2068754418      eV   (616.918 K)
      7700 0.770E-11*Etot =    -506.5676559937292      eV 
 
      7700 0.770E-11*Epot/at =    -4.03730102684      eV 
 
      7700 0.770E-11*Temp instantanee = 616.918
 NPT With Parrinello-Rahman
      7700 0.770E-11*Kcell =    0.283615639052      eV   (731.397 K)
 Box tensor
 a  1.126832478116828E-007  1.687442351777162E-008  5.904295225243275E-010
 b -1.711674732893671E-008  1.107903074563734E-007 -2.513110933639728E-008
 c -3.774590137675264E-009  2.385465988898931E-008  1.128110894439115E-007
 H0(1)  1.080000000000000E-007  0.000000000000000E+000  0.000000000000000E+000
 H0(2)  0.000000000000000E+000  1.080000000000000E-007  0.000000000000000E+000
 H0(3)  0.000000000000000E+000  0.000000000000000E+000  1.080000000000000E-007
Strain (Lagrange def.):
  e(1:3,1) =   0.574736E-01 -0.364139E-02  0.303835E-02
  e(1:3,2) =  -0.364139E-02  0.627693E-01 -0.356867E-02
  e(1:3,3) =   0.303835E-02 -0.356867E-02  0.726279E-01
Rotation:
  r(1:3,1) =    0.00000      0.157367      0.202084E-01
  r(1:3,2) =  -0.157367       0.00000     -0.226786    
  r(1:3,3) =  -0.202084E-01  0.226786       0.00000    
      7700 0.770E-11*l_a,m      11.3941253        11.4758193    
      7700 0.770E-11*l_b,m      11.4887109        11.4415942    
      7700 0.770E-11*l_c,m      11.5367388        11.4408505    
      7700 0.770E-11*ang_bc,m      90.5516    89.9498
      7700 0.770E-11*ang_ca,m      89.8091    89.9885
      7700 0.770E-11*ang_ab,m      90.3243    90.0072
      7700 0.770E-11*volume      1510.10080775        1502.93000172    
 
*temp instantanee des atomes de type 1 =       616.92
 
 * stress en kbar 
1 sigma potentiel (1,1) (2,1) (3,1) =  -21.68264080       1.957362748      -5.955994071    
2 sigma potentiel (1,2) (2,2) (3,2) =   1.957362748      -27.36957624       6.379835173    
3 sigma potentiel (1,3) (2,3) (3,3) =  -5.955994071       6.379835173      -32.02314282    
 
1 sigma cinetique (1,1) (2,1) (3,1) =   6.578552954     -0.8654583657     -0.5617483949    
2 sigma cinetique (1,2) (2,2) (3,2) = -0.8654583657       7.412494653      0.4688973487    
3 sigma cinetique (1,3) (2,3) (3,3) = -0.5617483949      0.4688973487       7.667394679    
 
1 sigma total (1,1) (2,1) (3,1) =  -15.10408785       1.091904382      -6.517742466    
2 sigma total (1,2) (2,2) (3,2) =   1.091904382      -19.95708159       6.848732522    
3 sigma total (1,3) (2,3) (3,3) =  -6.517742466       6.848732522      -24.35574814    
 
      7700 0.770E-11*Pression =    -19.806    
 pression totale  potentiel = cinetique =
   -19.806       -27.025        7.2195    
 ----------valeurs moyennes------------
*temperature moyenne =       592.45
*pression moyenne =    0.46661    
 --------------------------------------
 
 
<<<<<<<<  ITERATION =   7800  time =   0.7800000E-11
 
 
 --------- Temperatures et Pression--------
 ----------valeurs instantanees------------
      7800 0.780E-11*Epot =    -516.8124356522372      eV 
    *energie PAIRE EAM =     28.5424772666      eV 
    *energie GLUE  =    -545.354912919      eV 
      7800 0.780E-11*Ec =     9.77044519603      eV   (590.539 K)
      7800 0.780E-11*Etot =    -507.0419904562084      eV 
 
      7800 0.780E-11*Epot/at =    -4.03759715353      eV 
 
      7800 0.780E-11*Temp instantanee = 590.539
 NPT With Parrinello-Rahman
      7800 0.780E-11*Kcell =    0.453431043162      eV   (1169.322 K)
 Box tensor
 a  1.121678301103752E-007  1.746680547553603E-008 -3.311729736605053E-010
 b -1.727844184064553E-008  1.108731251967708E-007 -2.506456018946527E-008
 c -3.884327459150785E-009  2.416973530399152E-008  1.125858272909526E-007
 H0(1)  1.080000000000000E-007  0.000000000000000E+000  0.000000000000000E+000
 H0(2)  0.000000000000000E+000  1.080000000000000E-007  0.000000000000000E+000
 H0(3)  0.000000000000000E+000  0.000000000000000E+000  1.080000000000000E-007
Strain (Lagrange def.):
  e(1:3,1) =   0.527801E-01 -0.215982E-02 -0.177429E-02
  e(1:3,2) =  -0.215982E-02  0.650770E-01 -0.272638E-02
  e(1:3,3) =  -0.177429E-02 -0.272638E-02  0.702979E-01
Rotation:
  r(1:3,1) =    0.00000      0.160858      0.164498E-01
  r(1:3,2) =  -0.160858       0.00000     -0.227937    
  r(1:3,3) =  -0.164498E-01  0.227937       0.00000    
      7800 0.780E-11*l_a,m      11.3520135        11.4742321    
      7800 0.780E-11*l_b,m      11.4976635        11.4423130    
      7800 0.780E-11*l_c,m      11.5216460        11.4418863    
      7800 0.780E-11*ang_bc,m      90.3245    89.9546
      7800 0.780E-11*ang_ca,m      90.2226    89.9915
      7800 0.780E-11*ang_ab,m      89.9701    90.0068
      7800 0.780E-11*volume      1503.78837701        1502.94100654    
 
*temp instantanee des atomes de type 1 =       590.54
 
 * stress en kbar 
1 sigma potentiel (1,1) (2,1) (3,1) =  -14.23737855       1.577318210       1.207152048    
2 sigma potentiel (1,2) (2,2) (3,2) =   1.577318210      -14.86004673       5.369362245    
3 sigma potentiel (1,3) (2,3) (3,3) =   1.207152048       5.369362245      -24.52952021    
 
1 sigma cinetique (1,1) (2,1) (3,1) =   6.619955396     -0.6228239950E-01  0.7529171008    
2 sigma cinetique (1,2) (2,2) (3,2) = -0.6228239950E-01   7.201541459      0.3319915669    
3 sigma cinetique (1,3) (2,3) (3,3) =  0.7529171008      0.3319915669       6.997891787    
 
1 sigma total (1,1) (2,1) (3,1) =  -7.617423156       1.515035810       1.960069149    
2 sigma total (1,2) (2,2) (3,2) =   1.515035810      -7.658505269       5.701353812    
3 sigma total (1,3) (2,3) (3,3) =   1.960069149       5.701353812      -17.53162843    
 
      7800 0.780E-11*Pression =    -10.936    
 pression totale  potentiel = cinetique =
   -10.936       -17.876        6.9398    
 ----------valeurs moyennes------------
*temperature moyenne =       592.43
*pression moyenne =    0.32042    
 --------------------------------------
 
 
<<<<<<<<  ITERATION =   7900  time =   0.7900000E-11
 
 
 --------- Temperatures et Pression--------
 ----------valeurs instantanees------------
      7900 0.790E-11*Epot =    -516.5506689344938      eV 
    *energie PAIRE EAM =     33.1022662248      eV 
    *energie GLUE  =    -549.652935159      eV 
      7900 0.790E-11*Ec =     10.3946304756      eV   (628.266 K)
      7900 0.790E-11*Etot =    -506.1560384588994      eV 
 
      7900 0.790E-11*Epot/at =    -4.03555210105      eV 
 
      7900 0.790E-11*Temp instantanee = 628.266
 NPT With Parrinello-Rahman
      7900 0.790E-11*Kcell =    0.360856474451      eV   (930.588 K)
 Box tensor
 a  1.114159967441531E-007  1.798202440937914E-008 -1.201078880399385E-009
 b -1.740343417543286E-008  1.108880706301325E-007 -2.479614953408452E-008
 c -3.896530754427606E-009  2.466024440698057E-008  1.119892329248532E-007
 H0(1)  1.080000000000000E-007  0.000000000000000E+000  0.000000000000000E+000
 H0(2)  0.000000000000000E+000  1.080000000000000E-007  0.000000000000000E+000
 H0(3)  0.000000000000000E+000  0.000000000000000E+000  1.080000000000000E-007
Strain (Lagrange def.):
  e(1:3,1) =   0.457642E-01 -0.961826E-03 -0.594353E-02
  e(1:3,2) =  -0.961826E-03  0.670287E-01 -0.407800E-03
  e(1:3,3) =  -0.594353E-02 -0.407800E-03  0.640381E-01
Rotation:
  r(1:3,1) =    0.00000      0.163822      0.124789E-01
  r(1:3,2) =  -0.163822       0.00000     -0.228965    
  r(1:3,3) =  -0.124789E-01  0.228965       0.00000    
      7900 0.790E-11*l_a,m      11.2864167        11.4718547    
      7900 0.790E-11*l_b,m      11.4951698        11.4429821    
      7900 0.790E-11*l_c,m      11.4738393        11.4422908    
      7900 0.790E-11*ang_bc,m      89.8895    89.9538
      7900 0.790E-11*ang_ca,m      90.5540    89.9986
      7900 0.790E-11*ang_ab,m      89.6257    90.0019
      7900 0.790E-11*volume      1488.50331123        1502.75825090    
 
*temp instantanee des atomes de type 1 =       628.27
 
 * stress en kbar 
1 sigma potentiel (1,1) (2,1) (3,1) =   5.219577238      -4.025231998       11.29230233    
2 sigma potentiel (1,2) (2,2) (3,2) =  -4.025231998      -8.431107749      -1.554367334    
3 sigma potentiel (1,3) (2,3) (3,3) =   11.29230233      -1.554367334     -0.8174738983    
 
1 sigma cinetique (1,1) (2,1) (3,1) =   7.517288816      0.3144212078E-01 -0.3336029108    
2 sigma cinetique (1,2) (2,2) (3,2) =  0.3144212078E-01   8.096574267      0.7677336163E-01
3 sigma cinetique (1,3) (2,3) (3,3) = -0.3336029108      0.7677336163E-01   6.763020012    
 
1 sigma total (1,1) (2,1) (3,1) =   12.73686605      -3.993789878       10.95869942    
2 sigma total (1,2) (2,2) (3,2) =  -3.993789878     -0.3345334828      -1.477593973    
3 sigma total (1,3) (2,3) (3,3) =   10.95869942      -1.477593973       5.945546114    
 
      7900 0.790E-11*Pression =     6.1160    
 pression totale  potentiel = cinetique =
    6.1160       -1.3430        7.4590    
 ----------valeurs moyennes------------
*temperature moyenne =       592.88
*pression moyenne =    0.39379    
 --------------------------------------
 
 
<<<<<<<<  ITERATION =   8000  time =   0.8000000E-11
 
 
 --------- Temperatures et Pression--------
 ----------valeurs instantanees------------
      8000 0.800E-11*Epot =    -515.9547480604573      eV 
    *energie PAIRE EAM =     37.6366687310      eV 
    *energie GLUE  =    -553.591416791      eV 
      8000 0.800E-11*Ec =     9.71158949087      eV   (586.982 K)
      8000 0.800E-11*Etot =    -506.2431585695830      eV 
 
      8000 0.800E-11*Epot/at =    -4.03089646922      eV 
 
      8000 0.800E-11*Temp instantanee = 586.982
 NPT With Parrinello-Rahman
      8000 0.800E-11*Kcell =    0.208395302305      eV   (537.416 K)
 Box tensor
 a  1.109137837248405E-007  1.840189451894375E-008 -1.776579225088992E-009
 b -1.778146114868154E-008  1.108982805410904E-007 -2.456294258531032E-008
 c -3.747860941476912E-009  2.493889539085165E-008  1.115276265856671E-007
 H0(1)  1.080000000000000E-007  0.000000000000000E+000  0.000000000000000E+000
 H0(2)  0.000000000000000E+000  1.080000000000000E-007  0.000000000000000E+000
 H0(3)  0.000000000000000E+000  0.000000000000000E+000  1.080000000000000E-007
Strain (Lagrange def.):
  e(1:3,1) =   0.414992E-01 -0.104498E-02 -0.764198E-02
  e(1:3,2) =  -0.104498E-02  0.683731E-01  0.105861E-02
  e(1:3,3) =  -0.764198E-02  0.105861E-02  0.591952E-01
Rotation:
  r(1:3,1) =    0.00000      0.167516      0.912630E-02
  r(1:3,2) =  -0.167516       0.00000     -0.229175    
  r(1:3,3) =  -0.912630E-02  0.229175       0.00000    
      8000 0.800E-11*l_a,m      11.2444001        11.4690115    
      8000 0.800E-11*l_b,m      11.4969331        11.4436565    
      8000 0.800E-11*l_c,m      11.4343371        11.4421914    
      8000 0.800E-11*ang_bc,m      89.5952    89.9493
      8000 0.800E-11*ang_ca,m      90.6903    90.0073
      8000 0.800E-11*ang_ab,m      89.5029    89.9957
      8000 0.800E-11*volume      1477.98576770        1502.44859486    
 
*temp instantanee des atomes de type 1 =       586.98
 
 * stress en kbar 
1 sigma potentiel (1,1) (2,1) (3,1) =   20.16356656      -4.091689397       12.37489896    
2 sigma potentiel (1,2) (2,2) (3,2) =  -4.091689397       2.073241266     -0.2465554129    
3 sigma potentiel (1,3) (2,3) (3,3) =   12.37489896     -0.2465554129       13.47646976    
 
1 sigma cinetique (1,1) (2,1) (3,1) =   7.986557013      0.5979797351     -0.1401854196    
2 sigma cinetique (1,2) (2,2) (3,2) =  0.5979797351       5.780875475     -0.1787631274    
3 sigma cinetique (1,3) (2,3) (3,3) = -0.1401854196     -0.1787631274       7.287817762    
 
1 sigma total (1,1) (2,1) (3,1) =   28.15012357      -3.493709662       12.23471354    
2 sigma total (1,2) (2,2) (3,2) =  -3.493709662       7.854116741     -0.4253185403    
3 sigma total (1,3) (2,3) (3,3) =   12.23471354     -0.4253185403       20.76428753    
 
      8000 0.800E-11*Pression =     18.923    
 pression totale  potentiel = cinetique =
    18.923        11.904        7.0184    
 ----------valeurs moyennes------------
*temperature moyenne =       592.81
*pression moyenne =    0.62540    
 --------------------------------------
 
 
<<<<<<<<  ITERATION =   8100  time =   0.8100000E-11
 
 
 --------- Temperatures et Pression--------
 ----------valeurs instantanees------------
      8100 0.810E-11*Epot =    -517.1995561126801      eV 
    *energie PAIRE EAM =     34.7114413341      eV 
    *energie GLUE  =    -551.910997447      eV 
      8100 0.810E-11*Ec =     10.5785359097      eV   (639.381 K)
      8100 0.810E-11*Etot =    -506.6210202029875      eV 
 
      8100 0.810E-11*Epot/at =    -4.04062153213      eV 
 
      8100 0.810E-11*Temp instantanee = 639.381
 NPT With Parrinello-Rahman
      8100 0.810E-11*Kcell =    0.201617050856      eV   (519.936 K)
 Box tensor
 a  1.107606604909255E-007  1.881709514219317E-008 -2.038285568926422E-009
 b -1.830235052983553E-008  1.111042434017380E-007 -2.459271122004800E-008
 c -3.176250604108385E-009  2.519572314326081E-008  1.114066225217742E-007
 H0(1)  1.080000000000000E-007  0.000000000000000E+000  0.000000000000000E+000
 H0(2)  0.000000000000000E+000  1.080000000000000E-007  0.000000000000000E+000
 H0(3)  0.000000000000000E+000  0.000000000000000E+000  1.080000000000000E-007
Strain (Lagrange def.):
  e(1:3,1) =   0.406802E-01 -0.125612E-02 -0.555182E-02
  e(1:3,2) =  -0.125612E-02  0.715475E-01  0.155441E-02
  e(1:3,3) =  -0.555182E-02  0.155441E-02  0.581444E-01
Rotation:
  r(1:3,1) =    0.00000      0.171849      0.526836E-02
  r(1:3,2) =  -0.171849       0.00000     -0.230502    
  r(1:3,3) =  -0.526836E-02  0.230502       0.00000    
      8100 0.810E-11*l_a,m      11.2366194        11.4661425    
      8100 0.810E-11*l_b,m      11.5255934        11.4446680    
      8100 0.810E-11*l_c,m      11.4264380        11.4419969    
      8100 0.810E-11*ang_bc,m      89.4880    89.9436
      8100 0.810E-11*ang_ca,m      90.4675    90.0130
      8100 0.810E-11*ang_ab,m      89.4974    89.9895
      8100 0.810E-11*volume      1479.65695785        1502.16721662    
 
*temp instantanee des atomes de type 1 =       639.38
 
 * stress en kbar 
1 sigma potentiel (1,1) (2,1) (3,1) =   11.91286926      -2.213337397       12.27504997    
2 sigma potentiel (1,2) (2,2) (3,2) =  -2.213337397      -8.321526949      -2.506049690    
3 sigma potentiel (1,3) (2,3) (3,3) =   12.27504997      -2.506049690       4.315565433    
 
1 sigma cinetique (1,1) (2,1) (3,1) =   6.821823398     -0.3657333556      0.3870642200    
2 sigma cinetique (1,2) (2,2) (3,2) = -0.3657333556       9.138264487       1.278253069    
3 sigma cinetique (1,3) (2,3) (3,3) =  0.3870642200       1.278253069       6.948845378    
 
1 sigma total (1,1) (2,1) (3,1) =   18.73469266      -2.579070753       12.66211419    
2 sigma total (1,2) (2,2) (3,2) =  -2.579070753      0.8167375380      -1.227796622    
3 sigma total (1,3) (2,3) (3,3) =   12.66211419      -1.227796622       11.26441081    
 
      8100 0.810E-11*Pression =     10.272    
 pression totale  potentiel = cinetique =
    10.272        2.6356        7.6363    
 ----------valeurs moyennes------------
*temperature moyenne =       593.38
*pression moyenne =    0.74449    
 --------------------------------------
 
 
<<<<<<<<  ITERATION =   8200  time =   0.8200000E-11
 
 
 --------- Temperatures et Pression--------
 ----------valeurs instantanees------------
      8200 0.820E-11*Epot =    -516.5858549878076      eV 
    *energie PAIRE EAM =     32.3769861454      eV 
    *energie GLUE  =    -548.962841133      eV 
      8200 0.820E-11*Ec =     10.3179629491      eV   (623.632 K)
      8200 0.820E-11*Etot =    -506.2678920386903      eV 
 
      8200 0.820E-11*Epot/at =    -4.03582699209      eV 
 
      8200 0.820E-11*Temp instantanee = 623.632
 NPT With Parrinello-Rahman
      8200 0.820E-11*Kcell =    0.350020948401      eV   (902.645 K)
 Box tensor
 a  1.109236211058959E-007  1.899243803128680E-008 -2.106271164701766E-009
 b -1.906718776119074E-008  1.114650239133156E-007 -2.472263873018991E-008
 c -2.390501540516186E-009  2.543941237076909E-008  1.115410364910968E-007
 H0(1)  1.080000000000000E-007  0.000000000000000E+000  0.000000000000000E+000
 H0(2)  0.000000000000000E+000  1.080000000000000E-007  0.000000000000000E+000
 H0(3)  0.000000000000000E+000  0.000000000000000E+000  1.080000000000000E-007
Strain (Lagrange def.):
  e(1:3,1) =   0.432665E-01 -0.340481E-02 -0.123813E-02
  e(1:3,2) =  -0.340481E-02  0.758028E-01  0.179294E-02
  e(1:3,3) =  -0.123813E-02  0.179294E-02  0.597157E-01
Rotation:
  r(1:3,1) =    0.00000      0.176202      0.131588E-02
  r(1:3,2) =  -0.176202       0.00000     -0.232232    
  r(1:3,3) =  -0.131588E-02  0.232232       0.00000    
      8200 0.820E-11*l_a,m      11.2557536        11.4635767    
      8200 0.820E-11*l_b,m      11.5754992        11.4462635    
      8200 0.820E-11*l_c,m      11.4430245        11.4420094    
      8200 0.820E-11*ang_bc,m      89.4654    89.9378
      8200 0.820E-11*ang_ca,m      90.0754    90.0137
      8200 0.820E-11*ang_ab,m      89.7623    89.9868
      8200 0.820E-11*volume      1490.84360828        1502.02912384    
 
*temp instantanee des atomes de type 1 =       623.63
 
 * stress en kbar 
1 sigma potentiel (1,1) (2,1) (3,1) = -0.2852474714       1.224686970       3.648145488    
2 sigma potentiel (1,2) (2,2) (3,2) =   1.224686970      -20.62776688      -4.854583993    
3 sigma potentiel (1,3) (2,3) (3,3) =   3.648145488      -4.854583993      -2.584176181    
 
1 sigma cinetique (1,1) (2,1) (3,1) =   6.373034801      0.2395583863     -0.9212215237    
2 sigma cinetique (1,2) (2,2) (3,2) =  0.2395583863       7.823404526      0.2021978693    
3 sigma cinetique (1,3) (2,3) (3,3) = -0.9212215237      0.2021978693       7.980531205    
 
1 sigma total (1,1) (2,1) (3,1) =   6.087787330       1.464245357       2.726923964    
2 sigma total (1,2) (2,2) (3,2) =   1.464245357      -12.80436236      -4.652386123    
3 sigma total (1,3) (2,3) (3,3) =   2.726923964      -4.652386123       5.396355024    
 
      8200 0.820E-11*Pression =   -0.44007    
 pression totale  potentiel = cinetique =
  -0.44007       -7.8324        7.3923    
 ----------valeurs moyennes------------
*temperature moyenne =       593.75
*pression moyenne =    0.73005    
 --------------------------------------
 
 
<<<<<<<<  ITERATION =   8300  time =   0.8300000E-11
 
 
 --------- Temperatures et Pression--------
 ----------valeurs instantanees------------
      8300 0.830E-11*Epot =    -516.0558991906678      eV 
    *energie PAIRE EAM =     29.5519057475      eV 
    *energie GLUE  =    -545.607804938      eV 
      8300 0.830E-11*Ec =     9.77298190214      eV   (590.692 K)
      8300 0.830E-11*Etot =    -506.2829172885241      eV 
 
      8300 0.830E-11*Epot/at =    -4.03168671243      eV 
 
      8300 0.830E-11*Temp instantanee = 590.692
 NPT With Parrinello-Rahman
      8300 0.830E-11*Kcell =    0.317772403440      eV   (819.482 K)
 Box tensor
 a  1.112912126125572E-007  1.908273640377295E-008 -2.160550103233998E-009
 b -1.997252993265793E-008  1.115269650118164E-007 -2.495797400340347E-008
 c -1.477992458125856E-009  2.557328304417112E-008  1.118363170786253E-007
 H0(1)  1.080000000000000E-007  0.000000000000000E+000  0.000000000000000E+000
 H0(2)  0.000000000000000E+000  1.080000000000000E-007  0.000000000000000E+000
 H0(3)  0.000000000000000E+000  0.000000000000000E+000  1.080000000000000E-007
Strain (Lagrange def.):
  e(1:3,1) =   0.481319E-01 -0.606704E-02  0.397507E-02
  e(1:3,2) =  -0.606704E-02  0.768350E-01  0.151344E-02
  e(1:3,3) =   0.397507E-02  0.151344E-02  0.630543E-01
Rotation:
  r(1:3,1) =    0.00000      0.180811     -0.315999E-02
  r(1:3,2) =  -0.180811       0.00000     -0.233941    
  r(1:3,3) =   0.315999E-02  0.233941       0.00000    
      8300 0.830E-11*l_a,m      11.2936056        11.4615289    
      8300 0.830E-11*l_b,m      11.6017526        11.4481369    
      8300 0.830E-11*l_c,m      11.4732467        11.4423858    
      8300 0.830E-11*ang_bc,m      89.6108    89.9338
      8300 0.830E-11*ang_ca,m      89.6379    90.0092
      8300 0.830E-11*ang_ab,m      90.1776    89.9891
      8300 0.830E-11*volume      1503.21712178        1502.04343707    
 
*temp instantanee des atomes de type 1 =       590.69
 
 * stress en kbar 
1 sigma potentiel (1,1) (2,1) (3,1) =  -10.81965240       1.862623184      -10.17211762    
2 sigma potentiel (1,2) (2,2) (3,2) =   1.862623184      -27.98916155      0.1797000683    
3 sigma potentiel (1,3) (2,3) (3,3) =  -10.17211762      0.1797000683      -17.93093932    
 
1 sigma cinetique (1,1) (2,1) (3,1) =   7.414026862      0.3416335875      0.4405774532    
2 sigma cinetique (1,2) (2,2) (3,2) =  0.3416335875       7.453533924      0.6731132022    
3 sigma cinetique (1,3) (2,3) (3,3) =  0.4405774532      0.6731132022       5.965147080    
 
1 sigma total (1,1) (2,1) (3,1) =  -3.405625533       2.204256772      -9.731540166    
2 sigma total (1,2) (2,2) (3,2) =   2.204256772      -20.53562762      0.8528132705    
3 sigma total (1,3) (2,3) (3,3) =  -9.731540166      0.8528132705      -11.96579224    
 
      8300 0.830E-11*Pression =    -11.969    
 pression totale  potentiel = cinetique =
   -11.969       -18.913        6.9442    
 ----------valeurs moyennes------------
*temperature moyenne =       593.71
*pression moyenne =    0.57705    
 --------------------------------------
 
 
<<<<<<<<  ITERATION =   8400  time =   0.8400000E-11
 
 
 --------- Temperatures et Pression--------
 ----------valeurs instantanees------------
      8400 0.840E-11*Epot =    -516.1060260005023      eV 
    *energie PAIRE EAM =     28.8679773719      eV 
    *energie GLUE  =    -544.974003372      eV 
      8400 0.840E-11*Ec =     10.5688080381      eV   (638.793 K)
      8400 0.840E-11*Etot =    -505.5372179624338      eV 
 
      8400 0.840E-11*Epot/at =    -4.03207832813      eV 
 
      8400 0.840E-11*Temp instantanee = 638.793
 NPT With Parrinello-Rahman
      8400 0.840E-11*Kcell =    0.193578165032      eV   (499.206 K)
 Box tensor
 a  1.115997704499505E-007  1.911888386132431E-008 -2.449344997416751E-009
 b -2.069783685292643E-008  1.111720306625984E-007 -2.509365047441788E-008
 c -8.529282951543236E-010  2.550321544251886E-008  1.119889764424879E-007
 H0(1)  1.080000000000000E-007  0.000000000000000E+000  0.000000000000000E+000
 H0(2)  0.000000000000000E+000  1.080000000000000E-007  0.000000000000000E+000
 H0(3)  0.000000000000000E+000  0.000000000000000E+000  1.080000000000000E-007
Strain (Lagrange def.):
  e(1:3,1) =   0.522821E-01 -0.810656E-02  0.645231E-02
  e(1:3,2) =  -0.810656E-02  0.733525E-01  0.837542E-03
  e(1:3,3) =   0.645231E-02  0.837542E-03  0.648672E-01
Rotation:
  r(1:3,1) =    0.00000      0.184337     -0.739082E-02
  r(1:3,2) =  -0.184337       0.00000     -0.234245    
  r(1:3,3) =   0.739082E-02  0.234245       0.00000    
      8400 0.840E-11*l_a,m      11.3252107        11.4599061    
      8400 0.840E-11*l_b,m      11.5833122        11.4497461    
      8400 0.840E-11*l_c,m      11.4859359        11.4429042    
      8400 0.840E-11*ang_bc,m      89.8162    89.9324
      8400 0.840E-11*ang_ca,m      89.4798    90.0029
      8400 0.840E-11*ang_ab,m      90.5369    89.9956
      8400 0.840E-11*volume      1506.62828164        1502.09801855    
 
*temp instantanee des atomes de type 1 =       638.79
 
 * stress en kbar 
1 sigma potentiel (1,1) (2,1) (3,1) =  -15.89299016       8.772101338      -10.08980992    
2 sigma potentiel (1,2) (2,2) (3,2) =   8.772101338      -25.68385817      -1.925403227    
3 sigma potentiel (1,3) (2,3) (3,3) =  -10.08980992      -1.925403227      -20.68381887    
 
1 sigma cinetique (1,1) (2,1) (3,1) =   7.784264943      0.1010227467E-01 -0.4020272221    
2 sigma cinetique (1,2) (2,2) (3,2) =  0.1010227467E-01   7.558267799      0.3518675166    
3 sigma cinetique (1,3) (2,3) (3,3) = -0.4020272221      0.3518675166       7.135600303    
 
1 sigma total (1,1) (2,1) (3,1) =  -8.108725217       8.782203612      -10.49183714    
2 sigma total (1,2) (2,2) (3,2) =   8.782203612      -18.12559038      -1.573535710    
3 sigma total (1,3) (2,3) (3,3) =  -10.49183714      -1.573535710      -13.54821857    
 
      8400 0.840E-11*Pression =    -13.261    
 pression totale  potentiel = cinetique =
   -13.261       -20.754        7.4927    
 ----------valeurs moyennes------------
*temperature moyenne =       594.25
*pression moyenne =    0.41231    
 --------------------------------------
 
 
<<<<<<<<  ITERATION =   8500  time =   0.8500000E-11
 
 
 --------- Temperatures et Pression--------
 ----------valeurs instantanees------------
      8500 0.850E-11*Epot =    -516.6098982525958      eV 
    *energie PAIRE EAM =     31.1639099836      eV 
    *energie GLUE  =    -547.773808236      eV 
      8500 0.850E-11*Ec =     10.2255223553      eV   (618.045 K)
      8500 0.850E-11*Etot =    -506.3843758972496      eV 
 
      8500 0.850E-11*Epot/at =    -4.03601483010      eV 
 
      8500 0.850E-11*Temp instantanee = 618.045
 NPT With Parrinello-Rahman
      8500 0.850E-11*Kcell =    0.263092658830      eV   (678.472 K)
 Box tensor
 a  1.116765262012914E-007  1.916726181149486E-008 -3.015982694183714E-009
 b -2.112495005627159E-008  1.104114632648572E-007 -2.517491998251958E-008
 c -6.039693282247011E-010  2.529442614519452E-008  1.116888611943659E-007
 H0(1)  1.080000000000000E-007  0.000000000000000E+000  0.000000000000000E+000
 H0(2)  0.000000000000000E+000  1.080000000000000E-007  0.000000000000000E+000
 H0(3)  0.000000000000000E+000  0.000000000000000E+000  1.080000000000000E-007
Strain (Lagrange def.):
  e(1:3,1) =   0.537669E-01 -0.888119E-02  0.546758E-02
  e(1:3,2) =  -0.888119E-02  0.657529E-01 -0.527359E-03
  e(1:3,3) =   0.546758E-02 -0.527359E-03  0.622974E-01
Rotation:
  r(1:3,1) =    0.00000      0.186538     -0.111667E-01
  r(1:3,2) =  -0.186538       0.00000     -0.233654    
  r(1:3,3) =   0.111667E-01  0.233654       0.00000    
      8500 0.850E-11*l_a,m      11.3349577        11.4584361    
      8500 0.850E-11*l_b,m      11.5198660        11.4505711    
      8500 0.850E-11*l_c,m      11.4518883        11.4430099    
      8500 0.850E-11*ang_bc,m      90.0269    89.9335
      8500 0.850E-11*ang_ca,m      89.6446    89.9987
      8500 0.850E-11*ang_ab,m      90.7326    90.0043
      8500 0.850E-11*volume      1495.20432605        1502.01691629    
 
*temp instantanee des atomes de type 1 =       618.04
 
 * stress en kbar 
1 sigma potentiel (1,1) (2,1) (3,1) =  -8.616243512       14.13539051      -10.32337387    
2 sigma potentiel (1,2) (2,2) (3,2) =   14.13539051      -11.09734776       1.488377182    
3 sigma potentiel (1,3) (2,3) (3,3) =  -10.32337387       1.488377182      -8.995685704    
 
1 sigma cinetique (1,1) (2,1) (3,1) =   7.625029967       1.644175024     -0.5366976284E-01
2 sigma cinetique (1,2) (2,2) (3,2) =   1.644175024       8.466412740      0.7141838366    
3 sigma cinetique (1,3) (2,3) (3,3) = -0.5366976284E-01  0.7141838366       5.822741136    
 
1 sigma total (1,1) (2,1) (3,1) = -0.9912135459       15.77956553      -10.37704363    
2 sigma total (1,2) (2,2) (3,2) =   15.77956553      -2.630935015       2.202561018    
3 sigma total (1,3) (2,3) (3,3) =  -10.37704363       2.202561018      -3.172944569    
 
      8500 0.850E-11*Pression =    -2.2650    
 pression totale  potentiel = cinetique =
   -2.2650       -9.5698        7.3047    
 ----------valeurs moyennes------------
*temperature moyenne =       594.53
*pression moyenne =    0.38081    
 --------------------------------------
 
 
<<<<<<<<  ITERATION =   8600  time =   0.8600000E-11
 
 
 --------- Temperatures et Pression--------
 ----------valeurs instantanees------------
      8600 0.860E-11*Epot =    -516.7470640832190      eV 
    *energie PAIRE EAM =     35.9127803530      eV 
    *energie GLUE  =    -552.659844436      eV 
      8600 0.860E-11*Ec =     8.44944946023      eV   (510.696 K)
      8600 0.860E-11*Etot =    -508.2976146229903      eV 
 
      8600 0.860E-11*Epot/at =    -4.03708643815      eV 
 
      8600 0.860E-11*Temp instantanee = 510.696
 NPT With Parrinello-Rahman
      8600 0.860E-11*Kcell =    0.309173567578      eV   (797.307 K)
 Box tensor
 a  1.116819492026576E-007  1.935715674658731E-008 -3.695552822572024E-009
 b -2.119623633393184E-008  1.095068500861216E-007 -2.531809848458410E-008
 c -7.099701146717320E-010  2.528209864420084E-008  1.112514982162684E-007
 H0(1)  1.080000000000000E-007  0.000000000000000E+000  0.000000000000000E+000
 H0(2)  0.000000000000000E+000  1.080000000000000E-007  0.000000000000000E+000
 H0(3)  0.000000000000000E+000  0.000000000000000E+000  1.080000000000000E-007
Strain (Lagrange def.):
  e(1:3,1) =   0.539541E-01 -0.759763E-02  0.192630E-02
  e(1:3,2) =  -0.759763E-02  0.575118E-01 -0.134470E-02
  e(1:3,3) =   0.192630E-02 -0.134470E-02  0.586231E-01
Rotation:
  r(1:3,1) =    0.00000      0.187747     -0.138221E-01
  r(1:3,2) =  -0.187747       0.00000     -0.234260    
  r(1:3,3) =   0.138221E-01  0.234260       0.00000    
      8600 0.860E-11*l_a,m      11.3407294        11.4570674    
      8600 0.860E-11*l_b,m      11.4376732        11.4504211    
      8600 0.860E-11*l_c,m      11.4090247        11.4426148    
      8600 0.860E-11*ang_bc,m      90.1452    89.9360
      8600 0.860E-11*ang_ca,m      90.0046    89.9988
      8600 0.860E-11*ang_ab,m      90.6800    90.0121
      8600 0.860E-11*volume      1479.77338396        1501.75827056    
 
*temp instantanee des atomes de type 1 =       510.70
 
 * stress en kbar 
1 sigma potentiel (1,1) (2,1) (3,1) =  0.9648429032       12.81566149      -2.927010975    
2 sigma potentiel (1,2) (2,2) (3,2) =   12.81566149       9.609673055       5.333286618    
3 sigma potentiel (1,3) (2,3) (3,3) =  -2.927010975       5.333286618      0.8139780722    
 
1 sigma cinetique (1,1) (2,1) (3,1) =   6.774565197     -0.3910591411      0.4053434455    
2 sigma cinetique (1,2) (2,2) (3,2) = -0.3910591411       5.581389802      0.1098969260    
3 sigma cinetique (1,3) (2,3) (3,3) =  0.4053434455      0.1098969260       5.940777728    
 
1 sigma total (1,1) (2,1) (3,1) =   7.739408101       12.42460235      -2.521667530    
2 sigma total (1,2) (2,2) (3,2) =   12.42460235       15.19106286       5.443183544    
3 sigma total (1,3) (2,3) (3,3) =  -2.521667530       5.443183544       6.754755800    
 
      8600 0.860E-11*Pression =     9.8951    
 pression totale  potentiel = cinetique =
    9.8951        3.7962        6.0989    
 ----------valeurs moyennes------------
*temperature moyenne =       593.56
*pression moyenne =    0.49144    
 --------------------------------------
 
 
<<<<<<<<  ITERATION =   8700  time =   0.8700000E-11
 
 
 --------- Temperatures et Pression--------
 ----------valeurs instantanees------------
      8700 0.870E-11*Epot =    -517.6603291846932      eV 
    *energie PAIRE EAM =     36.3932924992      eV 
    *energie GLUE  =    -554.053621684      eV 
      8700 0.870E-11*Ec =     9.54550342430      eV   (576.943 K)
      8700 0.870E-11*Etot =    -508.1148257603924      eV 
 
      8700 0.870E-11*Epot/at =    -4.04422132176      eV 
 
      8700 0.870E-11*Temp instantanee = 576.943
 NPT With Parrinello-Rahman
      8700 0.870E-11*Kcell =    0.201183910359      eV   (518.819 K)
 Box tensor
 a  1.118566443931272E-007  1.971434449932739E-008 -4.341886482768242E-009
 b -2.102634752943840E-008  1.088553344096571E-007 -2.545259131098686E-008
 c -8.773690763884546E-010  2.537632471480431E-008  1.110353844813500E-007
 H0(1)  1.080000000000000E-007  0.000000000000000E+000  0.000000000000000E+000
 H0(2)  0.000000000000000E+000  1.080000000000000E-007  0.000000000000000E+000
 H0(3)  0.000000000000000E+000  0.000000000000000E+000  1.080000000000000E-007
Strain (Lagrange def.):
  e(1:3,1) =   0.553320E-01 -0.454021E-02 -0.205388E-02
  e(1:3,2) =  -0.454021E-02  0.522161E-01 -0.165371E-02
  e(1:3,3) =  -0.205388E-02 -0.165371E-02  0.570792E-01
Rotation:
  r(1:3,1) =    0.00000      0.188614     -0.160394E-01
  r(1:3,2) =  -0.188614       0.00000     -0.235319    
  r(1:3,3) =   0.160394E-01  0.235319       0.00000    
      8700 0.870E-11*l_a,m      11.3663610        11.4560248    
      8700 0.870E-11*l_b,m      11.3751596        11.4495560    
      8700 0.870E-11*l_c,m      11.3901643        11.4420119    
      8700 0.870E-11*ang_bc,m      90.2005    89.9390
      8700 0.870E-11*ang_ca,m      90.3539    90.0028
      8700 0.870E-11*ang_ab,m      90.4228    90.0168
      8700 0.870E-11*volume      1472.60439358        1501.42316853    
 
*temp instantanee des atomes de type 1 =       576.94
 
 * stress en kbar 
1 sigma potentiel (1,1) (2,1) (3,1) =   7.838879617       6.309373311       3.119979450    
2 sigma potentiel (1,2) (2,2) (3,2) =   6.309373311       15.56634412       1.959711820    
3 sigma potentiel (1,3) (2,3) (3,3) =   3.119979450       1.959711820       9.917966329    
 
1 sigma cinetique (1,1) (2,1) (3,1) =   7.557550374      0.3037306977     -0.4534377409    
2 sigma cinetique (1,2) (2,2) (3,2) =  0.3037306977       6.188262016      -1.037475599    
3 sigma cinetique (1,3) (2,3) (3,3) = -0.4534377409      -1.037475599       7.024981154    
 
1 sigma total (1,1) (2,1) (3,1) =   15.39642999       6.613104009       2.666541709    
2 sigma total (1,2) (2,2) (3,2) =   6.613104009       21.75460613      0.9222362213    
3 sigma total (1,3) (2,3) (3,3) =   2.666541709      0.9222362213       16.94294748    
 
      8700 0.870E-11*Pression =     18.031    
 pression totale  potentiel = cinetique =
    18.031        11.108        6.9236    
 ----------valeurs moyennes------------
*temperature moyenne =       593.36
*pression moyenne =    0.69305    
 --------------------------------------
 
 
<<<<<<<<  ITERATION =   8800  time =   0.8800000E-11
 
 
 --------- Temperatures et Pression--------
 ----------valeurs instantanees------------
      8800 0.880E-11*Epot =    -518.0049004914958      eV 
    *energie PAIRE EAM =     33.6788267626      eV 
    *energie GLUE  =    -551.683727254      eV 
      8800 0.880E-11*Ec =     9.70067225421      eV   (586.322 K)
      8800 0.880E-11*Etot =    -508.3042282372857      eV 
 
      8800 0.880E-11*Epot/at =    -4.04691328509      eV 
 
      8800 0.880E-11*Temp instantanee = 586.322
 NPT With Parrinello-Rahman
      8800 0.880E-11*Kcell =    0.207028226541      eV   (533.891 K)
 Box tensor
 a  1.123392611641435E-007  2.025810123043528E-008 -4.874839295275057E-009
 b -2.079024174637911E-008  1.086254664951481E-007 -2.554976647105025E-008
 c -1.017958298888472E-009  2.557898629090058E-008  1.111513850215452E-007
 H0(1)  1.080000000000000E-007  0.000000000000000E+000  0.000000000000000E+000
 H0(2)  0.000000000000000E+000  1.080000000000000E-007  0.000000000000000E+000
 H0(3)  0.000000000000000E+000  0.000000000000000E+000  1.080000000000000E-007
Strain (Lagrange def.):
  e(1:3,1) =   0.595585E-01 -0.368995E-03 -0.555545E-02
  e(1:3,2) =  -0.368995E-03  0.514475E-01 -0.132761E-02
  e(1:3,3) =  -0.555545E-02 -0.132761E-02  0.586070E-01
Rotation:
  r(1:3,1) =    0.00000      0.190039     -0.178559E-01
  r(1:3,2) =  -0.190039       0.00000     -0.236707    
  r(1:3,3) =   0.178559E-01  0.236707       0.00000    
      8800 0.880E-11*l_a,m      11.4255259        11.4556782    
      8800 0.880E-11*l_b,m      11.3509985        11.4484360    
      8800 0.880E-11*l_c,m      11.4061173        11.4416040    
      8800 0.880E-11*ang_bc,m      90.1779    89.9417
      8800 0.880E-11*ang_ca,m      90.6068    90.0097
      8800 0.880E-11*ang_ab,m      90.0462    90.0172
      8800 0.880E-11*volume      1479.18160172        1501.17042345    
 
*temp instantanee des atomes de type 1 =       586.32
 
 * stress en kbar 
1 sigma potentiel (1,1) (2,1) (3,1) =  -1.854357311       2.602027835       10.33597303    
2 sigma potentiel (1,2) (2,2) (3,2) =   2.602027835       5.910213584       3.192246105    
3 sigma potentiel (1,3) (2,3) (3,3) =   10.33597303       3.192246105      -2.684069410    
 
1 sigma cinetique (1,1) (2,1) (3,1) =   7.324072579     -0.2314516505     -0.6623102463    
2 sigma cinetique (1,2) (2,2) (3,2) = -0.2314516505       7.397803183      0.4395364625    
3 sigma cinetique (1,3) (2,3) (3,3) = -0.6623102463      0.4395364625       6.292702494    
 
1 sigma total (1,1) (2,1) (3,1) =   5.469715268       2.370576184       9.673662788    
2 sigma total (1,2) (2,2) (3,2) =   2.370576184       13.30801677       3.631782568    
3 sigma total (1,3) (2,3) (3,3) =   9.673662788       3.631782568       3.608633085    
 
      8800 0.880E-11*Pression =     7.4621    
 pression totale  potentiel = cinetique =
    7.4621       0.45726        7.0049    
 ----------valeurs moyennes------------
*temperature moyenne =       593.28
*pression moyenne =    0.76997    
 --------------------------------------
 
 
<<<<<<<<  ITERATION =   8900  time =   0.8900000E-11
 
 
 --------- Temperatures et Pression--------
 ----------valeurs instantanees------------
      8900 0.890E-11*Epot =    -517.9268928334941      eV 
    *energie PAIRE EAM =     30.7946089947      eV 
    *energie GLUE  =    -548.721501828      eV 
      8900 0.890E-11*Ec =     8.85327123829      eV   (535.104 K)
      8900 0.890E-11*Etot =    -509.0736215952029      eV 
 
      8900 0.890E-11*Epot/at =    -4.04630385026      eV 
 
      8900 0.890E-11*Temp instantanee = 535.104
 NPT With Parrinello-Rahman
      8900 0.890E-11*Kcell =    0.131735604714      eV   (339.724 K)
 Box tensor
 a  1.128198249062966E-007  2.083298436209692E-008 -5.064343140714281E-009
 b -2.065048053153640E-008  1.085724971453855E-007 -2.566518485439716E-008
 c -1.104041001006950E-009  2.593946787652278E-008  1.113777400919647E-007
 H0(1)  1.080000000000000E-007  0.000000000000000E+000  0.000000000000000E+000
 H0(2)  0.000000000000000E+000  1.080000000000000E-007  0.000000000000000E+000
 H0(3)  0.000000000000000E+000  0.000000000000000E+000  1.080000000000000E-007
Strain (Lagrange def.):
  e(1:3,1) =   0.639564E-01  0.341483E-02 -0.704413E-02
  e(1:3,2) =   0.341483E-02  0.527630E-01 -0.126855E-03
  e(1:3,3) =  -0.704413E-02 -0.126855E-03  0.611004E-01
Rotation:
  r(1:3,1) =    0.00000      0.192053     -0.183347E-01
  r(1:3,2) =  -0.192053       0.00000     -0.238910    
  r(1:3,3) =   0.183347E-01  0.238910       0.00000    
      8900 0.890E-11*l_a,m      11.4838903        11.4559952    
      8900 0.890E-11*l_b,m      11.3459822        11.4472849    
      8900 0.890E-11*l_c,m      11.4363787        11.4415453    
      8900 0.890E-11*ang_bc,m      90.0857    89.9434
      8900 0.890E-11*ang_ca,m      90.6466    90.0169
      8900 0.890E-11*ang_ab,m      89.7270    90.0139
      8900 0.890E-11*volume      1490.00121953        1501.04492678    
 
*temp instantanee des atomes de type 1 =       535.10
 
 * stress en kbar 
1 sigma potentiel (1,1) (2,1) (3,1) =  -10.18201186      -2.357314219       9.876303885    
2 sigma potentiel (1,2) (2,2) (3,2) =  -2.357314219      -4.826676498      0.3527959736    
3 sigma potentiel (1,3) (2,3) (3,3) =   9.876303885      0.3527959736      -10.34097829    
 
1 sigma cinetique (1,1) (2,1) (3,1) =   6.549572411      0.1280473007      0.1819124269    
2 sigma cinetique (1,2) (2,2) (3,2) =  0.1280473007       6.932704935     -0.2706410050    
3 sigma cinetique (1,3) (2,3) (3,3) =  0.1819124269     -0.2706410050       5.557308145    
 
1 sigma total (1,1) (2,1) (3,1) =  -3.632439454      -2.229266918       10.05821631    
2 sigma total (1,2) (2,2) (3,2) =  -2.229266918       2.106028437      0.8215496852E-01
3 sigma total (1,3) (2,3) (3,3) =   10.05821631      0.8215496852E-01  -4.783670147    
 
      8900 0.890E-11*Pression =    -2.1034    
 pression totale  potentiel = cinetique =
   -2.1034       -8.4499        6.3465    
 ----------valeurs moyennes------------
*temperature moyenne =       592.63
*pression moyenne =    0.73769    
 --------------------------------------
 
 
<<<<<<<<  ITERATION =   9000  time =   0.9000000E-11
 
 
 --------- Temperatures et Pression--------
 ----------valeurs instantanees------------
      9000 0.900E-11*Epot =    -517.2793301193631      eV 
    *energie PAIRE EAM =     29.9601594994      eV 
    *energie GLUE  =    -547.239489619      eV 
      9000 0.900E-11*Ec =     9.63147956963      eV   (582.140 K)
      9000 0.900E-11*Etot =    -507.6478505497288      eV 
 
      9000 0.900E-11*Epot/at =    -4.04124476656      eV 
 
      9000 0.900E-11*Temp instantanee = 582.140
 NPT With Parrinello-Rahman
      9000 0.900E-11*Kcell =    0.133266707993      eV   (343.672 K)
 Box tensor
 a  1.129940977250319E-007  2.138294645704965E-008 -4.926816319495873E-009
 b -2.073584846613199E-008  1.085461754219608E-007 -2.590670127439320E-008
 c -1.117029986869626E-009  2.647500736986572E-008  1.115169391301950E-007
 H0(1)  1.080000000000000E-007  0.000000000000000E+000  0.000000000000000E+000
 H0(2)  0.000000000000000E+000  1.080000000000000E-007  0.000000000000000E+000
 H0(3)  0.000000000000000E+000  0.000000000000000E+000  1.080000000000000E-007
Strain (Lagrange def.):
  e(1:3,1) =   0.657960E-01  0.582032E-02 -0.617590E-02
  e(1:3,2) =   0.582032E-02  0.547166E-01  0.149985E-02
  e(1:3,3) =  -0.617590E-02  0.149985E-02  0.629055E-01
Rotation:
  r(1:3,1) =    0.00000      0.194994     -0.176379E-01
  r(1:3,2) =  -0.194994       0.00000     -0.242508    
  r(1:3,3) =   0.176379E-01  0.242508       0.00000    
      9000 0.900E-11*l_a,m      11.5105039        11.4566009    
      9000 0.900E-11*l_b,m      11.3505087        11.4462096    
      9000 0.900E-11*l_c,m      11.4621994        11.4417748    
      9000 0.900E-11*ang_bc,m      89.9653    89.9436
      9000 0.900E-11*ang_ca,m      90.4757    90.0220
      9000 0.900E-11*ang_ab,m      89.5367    90.0086
      9000 0.900E-11*volume      1497.43630706        1501.00483100    
 
*temp instantanee des atomes de type 1 =       582.14
 
 * stress en kbar 
1 sigma potentiel (1,1) (2,1) (3,1) =  -14.32873043      -5.035005954       11.56901270    
2 sigma potentiel (1,2) (2,2) (3,2) =  -5.035005954      -11.95177832       1.963981619    
3 sigma potentiel (1,3) (2,3) (3,3) =   11.56901270       1.963981619      -18.65199197    
 
1 sigma cinetique (1,1) (2,1) (3,1) =   6.323134693     -0.4804113789      0.4801758264E-01
2 sigma cinetique (1,2) (2,2) (3,2) = -0.4804113789       7.733922949     -0.4377138553    
3 sigma cinetique (1,3) (2,3) (3,3) =  0.4801758264E-01 -0.4377138553       6.553274563    
 
1 sigma total (1,1) (2,1) (3,1) =  -8.005595732      -5.515417333       11.61703028    
2 sigma total (1,2) (2,2) (3,2) =  -5.515417333      -4.217855367       1.526267764    
3 sigma total (1,3) (2,3) (3,3) =   11.61703028       1.526267764      -12.09871740    
 
      9000 0.900E-11*Pression =    -8.1074    
 pression totale  potentiel = cinetique =
   -8.1074       -14.978        6.8701    
 ----------valeurs moyennes------------
*temperature moyenne =       592.51
*pression moyenne =    0.63941    
 --------------------------------------
 
 
<<<<<<<<  ITERATION =   9100  time =   0.9100000E-11
 
 
 --------- Temperatures et Pression--------
 ----------valeurs instantanees------------
      9100 0.910E-11*Epot =    -515.2527513993039      eV 
    *energie PAIRE EAM =     32.4487934845      eV 
    *energie GLUE  =    -547.701544884      eV 
      9100 0.910E-11*Ec =     9.32009880571      eV   (563.320 K)
      9100 0.910E-11*Etot =    -505.9326525935953      eV 
 
      9100 0.910E-11*Epot/at =    -4.02541212031      eV 
 
      9100 0.910E-11*Temp instantanee = 563.320
 NPT With Parrinello-Rahman
      9100 0.910E-11*Kcell =    0.133855850415      eV   (345.192 K)
 Box tensor
 a  1.128597801760084E-007  2.188071830892516E-008 -4.459479947588436E-009
 b -2.081289259617889E-008  1.084567072806118E-007 -2.613599785791937E-008
 c -1.055742594172998E-009  2.689851213571367E-008  1.115111552104319E-007
 H0(1)  1.080000000000000E-007  0.000000000000000E+000  0.000000000000000E+000
 H0(2)  0.000000000000000E+000  1.080000000000000E-007  0.000000000000000E+000
 H0(3)  0.000000000000000E+000  0.000000000000000E+000  1.080000000000000E-007
Strain (Lagrange def.):
  e(1:3,1) =   0.646271E-01  0.787712E-02 -0.330321E-02
  e(1:3,2) =   0.787712E-02  0.557765E-01  0.288423E-02
  e(1:3,3) =  -0.330321E-02  0.288423E-02  0.631737E-01
Rotation:
  r(1:3,1) =    0.00000      0.197656     -0.157580E-01
  r(1:3,2) =  -0.197656       0.00000     -0.245530    
  r(1:3,3) =   0.157580E-01  0.245530       0.00000    
      9100 0.910E-11*l_a,m      11.5047741        11.4571302    
      9100 0.910E-11*l_b,m      11.3486229        11.4451372    
      9100 0.910E-11*l_c,m      11.4714351        11.4421007    
      9100 0.910E-11*ang_bc,m      89.8907    89.9430
      9100 0.910E-11*ang_ca,m      90.1210    90.0230
      9100 0.910E-11*ang_ab,m      89.3824    90.0017
      9100 0.910E-11*volume      1497.65578527        1500.96802830    
 
*temp instantanee des atomes de type 1 =       563.32
 
 * stress en kbar 
1 sigma potentiel (1,1) (2,1) (3,1) =  -1.258424655      -7.307225896       4.047068674    
2 sigma potentiel (1,2) (2,2) (3,2) =  -7.307225896      -7.145281823      -2.124851960    
3 sigma potentiel (1,3) (2,3) (3,3) =   4.047068674      -2.124851960      -3.790969269    
 
1 sigma cinetique (1,1) (2,1) (3,1) =   6.423869137      0.1147062478      0.6360407547    
2 sigma cinetique (1,2) (2,2) (3,2) =  0.1147062478       6.989921139       1.052314323    
3 sigma cinetique (1,3) (2,3) (3,3) =  0.6360407547       1.052314323       6.527297773    
 
1 sigma total (1,1) (2,1) (3,1) =   5.165444482      -7.192519648       4.683109429    
2 sigma total (1,2) (2,2) (3,2) =  -7.192519648     -0.1553606844      -1.072537637    
3 sigma total (1,3) (2,3) (3,3) =   4.683109429      -1.072537637       2.736328505    
 
      9100 0.910E-11*Pression =     2.5821    
 pression totale  potentiel = cinetique =
    2.5821       -4.0649        6.6470    
 ----------valeurs moyennes------------
*temperature moyenne =       592.19
*pression moyenne =    0.66076    
 --------------------------------------
 
 
<<<<<<<<  ITERATION =   9200  time =   0.9200000E-11
 
 
 --------- Temperatures et Pression--------
 ----------valeurs instantanees------------
      9200 0.920E-11*Epot =    -517.5729947155104      eV 
    *energie PAIRE EAM =     30.3683223837      eV 
    *energie GLUE  =    -547.941317099      eV 
      9200 0.920E-11*Ec =     10.4946799728      eV   (634.313 K)
      9200 0.920E-11*Etot =    -507.0783147427216      eV 
 
      9200 0.920E-11*Epot/at =    -4.04353902121      eV 
 
      9200 0.920E-11*Temp instantanee = 634.313
 NPT With Parrinello-Rahman
      9200 0.920E-11*Kcell =    0.130234521876      eV   (335.853 K)
 Box tensor
 a  1.125949790743832E-007  2.207348837377636E-008 -3.876033424828256E-009
 b -2.090340019078749E-008  1.084902556428957E-007 -2.639797436144125E-008
 c -9.722761613145409E-010  2.713645920252793E-008  1.113574136125461E-007
 H0(1)  1.080000000000000E-007  0.000000000000000E+000  0.000000000000000E+000
 H0(2)  0.000000000000000E+000  1.080000000000000E-007  0.000000000000000E+000
 H0(3)  0.000000000000000E+000  0.000000000000000E+000  1.080000000000000E-007
Strain (Lagrange def.):
  e(1:3,1) =   0.622225E-01  0.819464E-02  0.305014E-03
  e(1:3,2) =   0.819464E-02  0.570028E-01  0.310208E-02
  e(1:3,3) =   0.305014E-03  0.310208E-02  0.620863E-01
Rotation:
  r(1:3,1) =    0.00000      0.198967     -0.134433E-01
  r(1:3,2) =  -0.198967       0.00000     -0.247845    
  r(1:3,3) =   0.134433E-01  0.247845       0.00000    
      9200 0.920E-11*l_a,m      11.4803710        11.4573829    
      9200 0.920E-11*l_b,m      11.3595514        11.4442069    
      9200 0.920E-11*l_c,m      11.4620270        11.4423173    
      9200 0.920E-11*ang_bc,m      89.8911    89.9425
      9200 0.920E-11*ang_ca,m      89.7479    90.0201
      9200 0.920E-11*ang_ab,m      89.3697    89.9949
      9200 0.920E-11*volume      1494.67683012        1500.89964571    
 
*temp instantanee des atomes de type 1 =       634.31
 
 * stress en kbar 
1 sigma potentiel (1,1) (2,1) (3,1) =  -11.35517940      -8.193066822      -1.563427899    
2 sigma potentiel (1,2) (2,2) (3,2) =  -8.193066822      -15.20341857     -0.4684933130    
3 sigma potentiel (1,3) (2,3) (3,3) =  -1.563427899     -0.4684933130      -18.16704171    
 
1 sigma cinetique (1,1) (2,1) (3,1) =   7.414236642      0.5321432640      0.7692500161E-01
2 sigma cinetique (1,2) (2,2) (3,2) =  0.5321432640       7.611782487      0.4663092402    
3 sigma cinetique (1,3) (2,3) (3,3) =  0.7692500161E-01  0.4663092402       7.472930346    
 
1 sigma total (1,1) (2,1) (3,1) =  -3.940942761      -7.660923558      -1.486502897    
2 sigma total (1,2) (2,2) (3,2) =  -7.660923558      -7.591636081     -0.2184072803E-02
3 sigma total (1,3) (2,3) (3,3) =  -1.486502897     -0.2184072803E-02  -10.69411137    
 
      9200 0.920E-11*Pression =    -7.4089    
 pression totale  potentiel = cinetique =
   -7.4089       -14.909        7.4997    
 ----------valeurs moyennes------------
*temperature moyenne =       592.65
*pression moyenne =    0.57304    
 --------------------------------------
 
 
<<<<<<<<  ITERATION =   9300  time =   0.9300000E-11
 
 
 --------- Temperatures et Pression--------
 ----------valeurs instantanees------------
      9300 0.930E-11*Epot =    -515.8639151072081      eV 
    *energie PAIRE EAM =     33.3228501424      eV 
    *energie GLUE  =    -549.186765250      eV 
      9300 0.930E-11*Ec =     9.88657120996      eV   (597.558 K)
      9300 0.930E-11*Etot =    -505.9773438972523      eV 
 
      9300 0.930E-11*Epot/at =    -4.03018683678      eV 
 
      9300 0.930E-11*Temp instantanee = 597.558
 NPT With Parrinello-Rahman
      9300 0.930E-11*Kcell =    0.162417581155      eV   (418.848 K)
 Box tensor
 a  1.123994913980128E-007  2.201378563049851E-008 -3.374572844302741E-009
 b -2.113580502421849E-008  1.086184489719015E-007 -2.697256699700085E-008
 c -7.053358933119878E-010  2.707918623469101E-008  1.110631587075175E-007
 H0(1)  1.080000000000000E-007  0.000000000000000E+000  0.000000000000000E+000
 H0(2)  0.000000000000000E+000  1.080000000000000E-007  0.000000000000000E+000
 H0(3)  0.000000000000000E+000  0.000000000000000E+000  1.080000000000000E-007
Strain (Lagrange def.):
  e(1:3,1) =   0.607367E-01  0.683728E-02  0.482038E-02
  e(1:3,2) =   0.683728E-02  0.579500E-01  0.149796E-03
  e(1:3,3) =   0.482038E-02  0.149796E-03  0.604395E-01
Rotation:
  r(1:3,1) =    0.00000      0.199767     -0.123576E-01
  r(1:3,2) =  -0.199767       0.00000     -0.250240    
  r(1:3,3) =   0.123576E-01  0.250240       0.00000    
      9300 0.930E-11*l_a,m      11.4584642        11.4573945    
      9300 0.930E-11*l_b,m      11.3895606        11.4436193    
      9300 0.930E-11*l_c,m      11.4318874        11.4422051    
      9300 0.930E-11*ang_bc,m      90.1736    89.9449
      9300 0.930E-11*ang_ca,m      89.3787    90.0132
      9300 0.930E-11*ang_ab,m      89.5326    89.9899
      9300 0.930E-11*volume      1491.79525331        1500.80174902    
 
*temp instantanee des atomes de type 1 =       597.56
 
 * stress en kbar 
1 sigma potentiel (1,1) (2,1) (3,1) =  -1.420564453      -7.101683133      -8.121998183    
2 sigma potentiel (1,2) (2,2) (3,2) =  -7.101683133      -3.974512931       1.995376679    
3 sigma potentiel (1,3) (2,3) (3,3) =  -8.121998183       1.995376679      -3.278375505    
 
1 sigma cinetique (1,1) (2,1) (3,1) =   5.971150289       1.170003785      0.7867081632    
2 sigma cinetique (1,2) (2,2) (3,2) =   1.170003785       8.440455302      0.4066053989    
3 sigma cinetique (1,3) (2,3) (3,3) =  0.7867081632      0.4066053989       6.824595100    
 
1 sigma total (1,1) (2,1) (3,1) =   4.550585836      -5.931679348      -7.335290020    
2 sigma total (1,2) (2,2) (3,2) =  -5.931679348       4.465942370       2.401982078    
3 sigma total (1,3) (2,3) (3,3) =  -7.335290020       2.401982078       3.546219594    
 
      9300 0.930E-11*Pression =     4.1876    
 pression totale  potentiel = cinetique =
    4.1876       -2.8912        7.0787    
 ----------valeurs moyennes------------
*temperature moyenne =       592.70
*pression moyenne =    0.61191    
 --------------------------------------
 
 
<<<<<<<<  ITERATION =   9400  time =   0.9400000E-11
 
 
 --------- Temperatures et Pression--------
 ----------valeurs instantanees------------
      9400 0.940E-11*Epot =    -516.3832958661216      eV 
    *energie PAIRE EAM =     32.3807194079      eV 
    *energie GLUE  =    -548.764015274      eV 
      9400 0.940E-11*Ec =     9.39951570025      eV   (568.120 K)
      9400 0.940E-11*Etot =    -506.9837801658734      eV 
 
      9400 0.940E-11*Epot/at =    -4.03424449895      eV 
 
      9400 0.940E-11*Temp instantanee = 568.120
 NPT With Parrinello-Rahman
      9400 0.940E-11*Kcell =    0.117876138872      eV   (303.983 K)
 Box tensor
 a  1.122182579635574E-007  2.193008636880645E-008 -3.109743050917684E-009
 b -2.141682094946420E-008  1.088620135292364E-007 -2.760885547268703E-008
 c -6.115486441763910E-010  2.701885608184243E-008  1.107485966776756E-007
 H0(1)  1.080000000000000E-007  0.000000000000000E+000  0.000000000000000E+000
 H0(2)  0.000000000000000E+000  1.080000000000000E-007  0.000000000000000E+000
 H0(3)  0.000000000000000E+000  0.000000000000000E+000  1.080000000000000E-007
Strain (Lagrange def.):
  e(1:3,1) =   0.594990E-01  0.484201E-02  0.748439E-02
  e(1:3,2) =   0.484201E-02  0.599231E-01 -0.349160E-02
  e(1:3,3) =   0.748439E-02 -0.349160E-02  0.588636E-01
Rotation:
  r(1:3,1) =    0.00000      0.200680     -0.115657E-01
  r(1:3,2) =  -0.200680       0.00000     -0.252906    
  r(1:3,3) =   0.115657E-01  0.252906       0.00000    
      9400 0.940E-11*l_a,m      11.4383288        11.4571917    
      9400 0.940E-11*l_b,m      11.4332266        11.4435088    
      9400 0.940E-11*l_c,m      11.3998440        11.4417545    
      9400 0.940E-11*ang_bc,m      90.4537    89.9504
      9400 0.940E-11*ang_ca,m      89.2113    90.0046
      9400 0.940E-11*ang_ab,m      89.6940    89.9867
      9400 0.940E-11*volume      1490.62730529        1500.69351026    
 
*temp instantanee des atomes de type 1 =       568.12
 
 * stress en kbar 
1 sigma potentiel (1,1) (2,1) (3,1) =   1.858947899      -8.621452453      -11.61735384    
2 sigma potentiel (1,2) (2,2) (3,2) =  -8.621452453      -5.851933755       4.763689047    
3 sigma potentiel (1,3) (2,3) (3,3) =  -11.61735384       4.763689047      -4.843634470    
 
1 sigma cinetique (1,1) (2,1) (3,1) =   7.226732352      0.6394230079      0.7029514155    
2 sigma cinetique (1,2) (2,2) (3,2) =  0.6394230079       6.345031810     -0.1551053223    
3 sigma cinetique (1,3) (2,3) (3,3) =  0.7029514155     -0.1551053223       6.634068331    
 
1 sigma total (1,1) (2,1) (3,1) =   9.085680251      -7.982029445      -10.91440242    
2 sigma total (1,2) (2,2) (3,2) =  -7.982029445      0.4930980555       4.608583725    
3 sigma total (1,3) (2,3) (3,3) =  -10.91440242       4.608583725       1.790433860    
 
      9400 0.940E-11*Pression =     3.7897    
 pression totale  potentiel = cinetique =
    3.7897       -2.9455        6.7353    
 ----------valeurs moyennes------------
*temperature moyenne =       592.44
*pression moyenne =    0.64572    
 --------------------------------------
 
 
<<<<<<<<  ITERATION =   9500  time =   0.9500000E-11
 
 
 --------- Temperatures et Pression--------
 ----------valeurs instantanees------------
      9500 0.950E-11*Epot =    -517.0222326782159      eV 
    *energie PAIRE EAM =     31.5214202447      eV 
    *energie GLUE  =    -548.543652923      eV 
      9500 0.950E-11*Ec =     9.71452853650      eV   (587.159 K)
      9500 0.950E-11*Etot =    -507.3077041417206      eV 
 
      9500 0.950E-11*Epot/at =    -4.03923619280      eV 
 
      9500 0.950E-11*Temp instantanee = 587.159
 NPT With Parrinello-Rahman
      9500 0.950E-11*Kcell =    0.907382514409E-01  eV   (233.999 K)
 Box tensor
 a  1.122165362767281E-007  2.165021969428213E-008 -3.052709806498964E-009
 b -2.167382821037216E-008  1.091208399298214E-007 -2.801088551535949E-008
 c -6.584698203776931E-010  2.710230226819986E-008  1.104571131675609E-007
 H0(1)  1.080000000000000E-007  0.000000000000000E+000  0.000000000000000E+000
 H0(2)  0.000000000000000E+000  1.080000000000000E-007  0.000000000000000E+000
 H0(3)  0.000000000000000E+000  0.000000000000000E+000  1.080000000000000E-007
Strain (Lagrange def.):
  e(1:3,1) =   0.599597E-01  0.199761E-02  0.822213E-02
  e(1:3,2) =   0.199761E-02  0.620124E-01 -0.553074E-02
  e(1:3,3) =   0.822213E-02 -0.553074E-02  0.570431E-01
Rotation:
  r(1:3,1) =    0.00000      0.200574     -0.110844E-01
  r(1:3,2) =  -0.200574       0.00000     -0.255154    
  r(1:3,3) =   0.110844E-01  0.255154       0.00000    
      9500 0.950E-11*l_a,m      11.4326734        11.4569336    
      9500 0.950E-11*l_b,m      11.4724549        11.4438135    
      9500 0.950E-11*l_c,m      11.3735404        11.4410364    
      9500 0.950E-11*ang_bc,m      90.5371    89.9565
      9500 0.950E-11*ang_ca,m      89.2258    89.9964
      9500 0.950E-11*ang_ab,m      89.9308    89.9862
      9500 0.950E-11*volume      1491.55998435        1500.59736788    
 
*temp instantanee des atomes de type 1 =       587.16
 
 * stress en kbar 
1 sigma potentiel (1,1) (2,1) (3,1) =  -5.342530821      -5.453535817      -18.67143257    
2 sigma potentiel (1,2) (2,2) (3,2) =  -5.453535817      -4.331688475       7.164815949    
3 sigma potentiel (1,3) (2,3) (3,3) =  -18.67143257       7.164815949      -7.863272987    
 
1 sigma cinetique (1,1) (2,1) (3,1) =   6.706789947     -0.4154153416E-01  0.8798337692    
2 sigma cinetique (1,2) (2,2) (3,2) = -0.4154153416E-01   7.381538648     -0.7419779823    
3 sigma cinetique (1,3) (2,3) (3,3) =  0.8798337692     -0.7419779823       6.781618487    
 
1 sigma total (1,1) (2,1) (3,1) =   1.364259126      -5.495077351      -17.79159880    
2 sigma total (1,2) (2,2) (3,2) =  -5.495077351       3.049850173       6.422837967    
3 sigma total (1,3) (2,3) (3,3) =  -17.79159880       6.422837967      -1.081654500    
 
      9500 0.950E-11*Pression =     1.1108    
 pression totale  potentiel = cinetique =
    1.1108       -5.8458        6.9566    
 ----------valeurs moyennes------------
*temperature moyenne =       592.39
*pression moyenne =    0.65061    
 --------------------------------------
 
 
<<<<<<<<  ITERATION =   9600  time =   0.9600000E-11
 
 
 --------- Temperatures et Pression--------
 ----------valeurs instantanees------------
      9600 0.960E-11*Epot =    -517.9731193725564      eV 
    *energie PAIRE EAM =     30.3668742958      eV 
    *energie GLUE  =    -548.339993668      eV 
      9600 0.960E-11*Ec =     10.3981519287      eV   (628.479 K)
      9600 0.960E-11*Etot =    -507.5749674438562      eV 
 
      9600 0.960E-11*Epot/at =    -4.04666499510      eV 
 
      9600 0.960E-11*Temp instantanee = 628.479
 NPT With Parrinello-Rahman
      9600 0.960E-11*Kcell =    0.115567904613      eV   (298.030 K)
 Box tensor
 a  1.123114832578290E-007  2.143280703228818E-008 -3.336918385776580E-009
 b -2.190428374533397E-008  1.092327703679914E-007 -2.822913177854431E-008
 c -8.912970095036961E-010  2.743567007011825E-008  1.102257569307876E-007
 H0(1)  1.080000000000000E-007  0.000000000000000E+000  0.000000000000000E+000
 H0(2)  0.000000000000000E+000  1.080000000000000E-007  0.000000000000000E+000
 H0(3)  0.000000000000000E+000  0.000000000000000E+000  1.080000000000000E-007
Strain (Lagrange def.):
  e(1:3,1) =   0.613195E-01 -0.427322E-03  0.622946E-02
  e(1:3,2) =  -0.427322E-03  0.634379E-01 -0.561335E-02
  e(1:3,3) =   0.622946E-02 -0.561335E-02  0.554585E-01
Rotation:
  r(1:3,1) =    0.00000      0.200635     -0.113223E-01
  r(1:3,2) =  -0.200635       0.00000     -0.257707    
  r(1:3,3) =   0.113223E-01  0.257707       0.00000    
      9600 0.960E-11*l_a,m      11.4386929        11.4567436    
      9600 0.960E-11*l_b,m      11.4928150        11.4443239    
      9600 0.960E-11*l_c,m      11.3592376        11.4401844    
      9600 0.960E-11*ang_bc,m      90.4177    89.9613
      9600 0.960E-11*ang_ca,m      89.4704    89.9910
      9600 0.960E-11*ang_ab,m      90.1078    89.9874
      9600 0.960E-11*volume      1493.21102384        1500.52042680    
 
*temp instantanee des atomes de type 1 =       628.48
 
 * stress en kbar 
1 sigma potentiel (1,1) (2,1) (3,1) =  -15.38615496      -1.788703377      -13.66130875    
2 sigma potentiel (1,2) (2,2) (3,2) =  -1.788703377      -8.192520027       11.42578244    
3 sigma potentiel (1,3) (2,3) (3,3) =  -13.66130875       11.42578244      -14.52458643    
 
1 sigma cinetique (1,1) (2,1) (3,1) =   6.015726273      0.4079750066      0.3639903503E-01
2 sigma cinetique (1,2) (2,2) (3,2) =  0.4079750066       7.510393701       1.190005858    
3 sigma cinetique (1,3) (2,3) (3,3) =  0.3639903503E-01   1.190005858       8.787771385    
 
1 sigma total (1,1) (2,1) (3,1) =  -9.370428684      -1.380728370      -13.62490972    
2 sigma total (1,2) (2,2) (3,2) =  -1.380728370     -0.6821263258       12.61578830    
3 sigma total (1,3) (2,3) (3,3) =  -13.62490972       12.61578830      -5.736815050    
 
      9600 0.960E-11*Pression =    -5.2631    
 pression totale  potentiel = cinetique =
   -5.2631       -12.701        7.4380    
 ----------valeurs moyennes------------
*temperature moyenne =       592.76
*pression moyenne =    0.58901    
 --------------------------------------
 
 
<<<<<<<<  ITERATION =   9700  time =   0.9700000E-11
 
 
 --------- Temperatures et Pression--------
 ----------valeurs instantanees------------
      9700 0.970E-11*Epot =    -517.1555975787318      eV 
    *energie PAIRE EAM =     31.2830887116      eV 
    *energie GLUE  =    -548.438686290      eV 
      9700 0.970E-11*Ec =     8.71744504336      eV   (526.894 K)
      9700 0.970E-11*Etot =    -508.4381525353746      eV 
 
      9700 0.970E-11*Epot/at =    -4.04027810608      eV 
 
      9700 0.970E-11*Temp instantanee = 526.894
 NPT With Parrinello-Rahman
      9700 0.970E-11*Kcell =    0.189395206891      eV   (488.418 K)
 Box tensor
 a  1.124228282464878E-007  2.129651176316023E-008 -3.944786145364258E-009
 b -2.184253756276695E-008  1.091419647063894E-007 -2.830821103905376E-008
 c -1.354794864551338E-009  2.793078817936012E-008  1.098818632817466E-007
 H0(1)  1.080000000000000E-007  0.000000000000000E+000  0.000000000000000E+000
 H0(2)  0.000000000000000E+000  1.080000000000000E-007  0.000000000000000E+000
 H0(3)  0.000000000000000E+000  0.000000000000000E+000  1.080000000000000E-007
Strain (Lagrange def.):
  e(1:3,1) =   0.623210E-01 -0.118158E-02  0.111333E-02
  e(1:3,2) =  -0.118158E-02  0.635133E-01 -0.448118E-02
  e(1:3,3) =   0.111333E-02 -0.448118E-02  0.525952E-01
Rotation:
  r(1:3,1) =    0.00000      0.199718     -0.119907E-01
  r(1:3,2) =  -0.199718       0.00000     -0.260366    
  r(1:3,3) =   0.119907E-01  0.260366       0.00000    
      9700 0.970E-11*l_a,m      11.4490153        11.4566639    
      9700 0.970E-11*l_b,m      11.4849553        11.4447428    
      9700 0.970E-11*l_c,m      11.3384251        11.4391353    
      9700 0.970E-11*ang_bc,m      90.1432    89.9632
      9700 0.970E-11*ang_ca,m      89.9600    89.9906
      9700 0.970E-11*ang_ab,m      90.0853    89.9884
      9700 0.970E-11*volume      1490.89903316        1500.42123717    
 
*temp instantanee des atomes de type 1 =       526.89
 
 * stress en kbar 
1 sigma potentiel (1,1) (2,1) (3,1) =  -12.89130831     -0.7026417078     -0.2910903776    
2 sigma potentiel (1,2) (2,2) (3,2) = -0.7026417078      -11.35161542       2.945388858    
3 sigma potentiel (1,3) (2,3) (3,3) = -0.2910903776       2.945388858      -6.941839121    
 
1 sigma cinetique (1,1) (2,1) (3,1) =   6.176256924      0.3156847786      0.9714247227    
2 sigma cinetique (1,2) (2,2) (3,2) =  0.3156847786       6.955286787      0.2862221818    
3 sigma cinetique (1,3) (2,3) (3,3) =  0.9714247227      0.2862221818       5.604648287    
 
1 sigma total (1,1) (2,1) (3,1) =  -6.715051386     -0.3869569293      0.6803343452    
2 sigma total (1,2) (2,2) (3,2) = -0.3869569293      -4.396328635       3.231611039    
3 sigma total (1,3) (2,3) (3,3) =  0.6803343452       3.231611039      -1.337190834    
 
      9700 0.970E-11*Pression =    -4.1495    
 pression totale  potentiel = cinetique =
   -4.1495       -10.395        6.2454    
 ----------valeurs moyennes------------
*temperature moyenne =       592.08
*pression moyenne =    0.54016    
 --------------------------------------
 
 
<<<<<<<<  ITERATION =   9800  time =   0.9800000E-11
 
 
 --------- Temperatures et Pression--------
 ----------valeurs instantanees------------
      9800 0.980E-11*Epot =    -517.3201349070653      eV 
    *energie PAIRE EAM =     32.4378107735      eV 
    *energie GLUE  =    -549.757945681      eV 
      9800 0.980E-11*Ec =     9.36252793996      eV   (565.884 K)
      9800 0.980E-11*Etot =    -507.9576069671078      eV 
 
      9800 0.980E-11*Epot/at =    -4.04156355396      eV 
 
      9800 0.980E-11*Temp instantanee = 565.884
 NPT With Parrinello-Rahman
      9800 0.980E-11*Kcell =    0.111424889053      eV   (287.346 K)
 Box tensor
 a  1.123887053293135E-007  2.116239742045915E-008 -4.519377159849940E-009
 b -2.175739816732903E-008  1.088876782809737E-007 -2.825901439421084E-008
 c -1.802350682768166E-009  2.827588078568794E-008  1.096347320654013E-007
 H0(1)  1.080000000000000E-007  0.000000000000000E+000  0.000000000000000E+000
 H0(2)  0.000000000000000E+000  1.080000000000000E-007  0.000000000000000E+000
 H0(3)  0.000000000000000E+000  0.000000000000000E+000  1.080000000000000E-007
Strain (Lagrange def.):
  e(1:3,1) =   0.618936E-01 -0.178589E-02 -0.388737E-02
  e(1:3,2) =  -0.178589E-02  0.617241E-01 -0.311560E-02
  e(1:3,3) =  -0.388737E-02 -0.311560E-02  0.503588E-01
Rotation:
  r(1:3,1) =    0.00000      0.198703     -0.125788E-01
  r(1:3,2) =  -0.198703       0.00000     -0.261736    
  r(1:3,3) =   0.125788E-01  0.261736       0.00000    
      9800 0.980E-11*l_a,m      11.4453016        11.4565479    
      9800 0.980E-11*l_b,m      11.4579591        11.4448776    
      9800 0.980E-11*l_c,m      11.3236692        11.4379571    
      9800 0.980E-11*ang_bc,m      89.9119    89.9627
      9800 0.980E-11*ang_ca,m      90.4406    89.9952
      9800 0.980E-11*ang_ab,m      90.0579    89.9891
      9800 0.980E-11*volume      1484.93729437        1500.26323775    
 
*temp instantanee des atomes de type 1 =       565.88
 
 * stress en kbar 
1 sigma potentiel (1,1) (2,1) (3,1) =  -6.414358480     -0.7866020061       8.562028927    
2 sigma potentiel (1,2) (2,2) (3,2) = -0.7866020061      -4.086680879       1.222894727    
3 sigma potentiel (1,3) (2,3) (3,3) =   8.562028927       1.222894727       1.540460335    
 
1 sigma cinetique (1,1) (2,1) (3,1) =   6.371962201      0.3982542239      0.2086978863    
2 sigma cinetique (1,2) (2,2) (3,2) =  0.3982542239       6.820151122      -1.500680450    
3 sigma cinetique (1,3) (2,3) (3,3) =  0.2086978863      -1.500680450       7.011328206    
 
1 sigma total (1,1) (2,1) (3,1) = -0.4239627946E-01 -0.3883477821       8.770726813    
2 sigma total (1,2) (2,2) (3,2) = -0.3883477821       2.733470243     -0.2777857232    
3 sigma total (1,3) (2,3) (3,3) =   8.770726813     -0.2777857232       8.551788541    
 
      9800 0.980E-11*Pression =     3.7476    
 pression totale  potentiel = cinetique =
    3.7476       -2.9869        6.7345    
 ----------valeurs moyennes------------
*temperature moyenne =       591.82
*pression moyenne =    0.57289    
 --------------------------------------
 
 
<<<<<<<<  ITERATION =   9900  time =   0.9900000E-11
 
 
 --------- Temperatures et Pression--------
 ----------valeurs instantanees------------
      9900 0.990E-11*Epot =    -517.4735900862361      eV 
    *energie PAIRE EAM =     33.1211017010      eV 
    *energie GLUE  =    -550.594691787      eV 
      9900 0.990E-11*Ec =     9.42013351723      eV   (569.366 K)
      9900 0.990E-11*Etot =    -508.0534565690093      eV 
 
      9900 0.990E-11*Epot/at =    -4.04276242255      eV 
 
      9900 0.990E-11*Temp instantanee = 569.366
 NPT With Parrinello-Rahman
      9900 0.990E-11*Kcell =    0.644557222561E-01  eV   (166.220 K)
 Box tensor
 a  1.123759218804043E-007  2.098998358123648E-008 -4.841734754377842E-009
 b -2.168526516080421E-008  1.087509261174098E-007 -2.824920932640889E-008
 c -2.113384689542981E-009  2.863233261926955E-008  1.097010036985857E-007
 H0(1)  1.080000000000000E-007  0.000000000000000E+000  0.000000000000000E+000
 H0(2)  0.000000000000000E+000  1.080000000000000E-007  0.000000000000000E+000
 H0(3)  0.000000000000000E+000  0.000000000000000E+000  1.080000000000000E-007
Strain (Lagrange def.):
  e(1:3,1) =   0.616883E-01 -0.257352E-02 -0.700202E-02
  e(1:3,2) =  -0.257352E-02  0.610063E-01 -0.140432E-02
  e(1:3,3) =  -0.700202E-02 -0.140432E-02  0.510876E-01
Rotation:
  r(1:3,1) =    0.00000      0.197571     -0.126313E-01
  r(1:3,2) =  -0.197571       0.00000     -0.263340    
  r(1:3,3) =   0.126313E-01  0.263340       0.00000    
      9900 0.990E-11*l_a,m      11.4421893        11.4564029    
      9900 0.990E-11*l_b,m      11.4433529        11.4448622    
      9900 0.990E-11*l_c,m      11.3395710        11.4369633    
      9900 0.990E-11*ang_bc,m      89.7322    89.9604
      9900 0.990E-11*ang_ca,m      90.7403    90.0028
      9900 0.990E-11*ang_ab,m      90.0763    89.9900
      9900 0.990E-11*volume      1484.62816023        1500.10530768    
 
*temp instantanee des atomes de type 1 =       569.37
 
 * stress en kbar 
1 sigma potentiel (1,1) (2,1) (3,1) =  -5.500037732       7.093497264       13.88152663    
2 sigma potentiel (1,2) (2,2) (3,2) =   7.093497264      -3.252654441      -2.516267655    
3 sigma potentiel (1,3) (2,3) (3,3) =   13.88152663      -2.516267655       4.625552031    
 
1 sigma cinetique (1,1) (2,1) (3,1) =   7.387225662      0.4452616407     -0.8748423653E-01
2 sigma cinetique (1,2) (2,2) (3,2) =  0.4452616407       5.834401265     -0.5945827144    
3 sigma cinetique (1,3) (2,3) (3,3) = -0.8748423653E-01 -0.5945827144       7.110354649    
 
1 sigma total (1,1) (2,1) (3,1) =   1.887187931       7.538758904       13.79404239    
2 sigma total (1,2) (2,2) (3,2) =   7.538758904       2.581746824      -3.110850369    
3 sigma total (1,3) (2,3) (3,3) =   13.79404239      -3.110850369       11.73590668    
 
      9900 0.990E-11*Pression =     5.4016    
 pression totale  potentiel = cinetique =
    5.4016       -1.3757        6.7773    
 ----------valeurs moyennes------------
*temperature moyenne =       591.59
*pression moyenne =    0.62166    
 --------------------------------------
 
 
<<<<<<<<  ITERATION =  10000  time =   0.1000000E-10
 
 
 --------- Temperatures et Pression--------
 ----------valeurs instantanees------------
     10000 0.100E-10*Epot =    -518.1213722707217      eV 
    *energie PAIRE EAM =     32.2905522736      eV 
    *energie GLUE  =    -550.411924544      eV 
     10000 0.100E-10*Ec =     10.6605585521      eV   (644.339 K)
     10000 0.100E-10*Etot =    -507.4608137186516      eV 
 
     10000 0.100E-10*Epot/at =    -4.04782322087      eV 
 
     10000 0.100E-10*Temp instantanee = 644.339
 NPT With Parrinello-Rahman
     10000 0.100E-10*Kcell =    0.416993555138E-01  eV   (107.536 K)
 Box tensor
 a  1.123548935145987E-007  2.094505675529568E-008 -4.809392224197540E-009
 b -2.154415437120818E-008  1.085753557457498E-007 -2.835648898229930E-008
 c -2.274182476645751E-009  2.888649808996008E-008  1.099023575227463E-007
 H0(1)  1.080000000000000E-007  0.000000000000000E+000  0.000000000000000E+000
 H0(2)  0.000000000000000E+000  1.080000000000000E-007  0.000000000000000E+000
 H0(3)  0.000000000000000E+000  0.000000000000000E+000  1.080000000000000E-007
Strain (Lagrange def.):
  e(1:3,1) =   0.612545E-01 -0.221098E-02 -0.768948E-02
  e(1:3,2) =  -0.221098E-02  0.599165E-01 -0.208103E-03
  e(1:3,3) =  -0.768948E-02 -0.208103E-03  0.532300E-01
Rotation:
  r(1:3,1) =    0.00000      0.196709     -0.117371E-01
  r(1:3,2) =  -0.196709       0.00000     -0.265014    
  r(1:3,3) =   0.117371E-01  0.265014       0.00000    
     10000 0.100E-10*l_a,m      11.4391642        11.4562305    
     10000 0.100E-10*l_b,m      11.4266570        11.4446802    
     10000 0.100E-10*l_c,m      11.3657951        11.4362516    
     10000 0.100E-10*ang_bc,m      89.6960    89.9577
     10000 0.100E-10*ang_ca,m      90.7891    90.0106
     10000 0.100E-10*ang_ab,m      90.0443    89.9906
     10000 0.100E-10*volume      1485.47689115        1499.95902351    
 
*temp instantanee des atomes de type 1 =       644.34
 
 * stress en kbar 
1 sigma potentiel (1,1) (2,1) (3,1) =  -7.047371019       6.151738092       15.87794414    
2 sigma potentiel (1,2) (2,2) (3,2) =   6.151738092      -6.816738858     -0.6383823760    
3 sigma potentiel (1,3) (2,3) (3,3) =   15.87794414     -0.6383823760      0.9350637058    
 
1 sigma cinetique (1,1) (2,1) (3,1) =   7.657207015      0.8731535233      0.4402048527    
2 sigma cinetique (1,2) (2,2) (3,2) =  0.8731535233       8.325679470     -0.7434964983E-01
3 sigma cinetique (1,3) (2,3) (3,3) =  0.4402048527     -0.7434964983E-01   7.013224862    
 
1 sigma total (1,1) (2,1) (3,1) =  0.6098359960       7.024891615       16.31814900    
2 sigma total (1,2) (2,2) (3,2) =   7.024891615       1.508940612     -0.7127320259    
3 sigma total (1,3) (2,3) (3,3) =   16.31814900     -0.7127320259       7.948288568    
 
     10000 0.100E-10*Pression =     3.3557    
 pression totale  potentiel = cinetique =
    3.3557       -4.3097        7.6654    
 ----------valeurs moyennes------------
*temperature moyenne =       592.12
*pression moyenne =    0.64900    
 --------------------------------------
 
 
<<<<<<<<  ITERATION =  10100  time =   0.1010000E-10
 
 
 --------- Temperatures et Pression--------
 ----------valeurs instantanees------------
     10100 0.101E-10*Epot =    -517.0506098208143      eV 
    *energie PAIRE EAM =     32.9526413612      eV 
    *energie GLUE  =    -550.003251182      eV 
     10100 0.101E-10*Ec =     8.30013373340      eV   (501.671 K)
     10100 0.101E-10*Etot =    -508.7504760874160      eV 
 
     10100 0.101E-10*Epot/at =    -4.03945788923      eV 
 
     10100 0.101E-10*Temp instantanee = 501.671
 NPT With Parrinello-Rahman
     10100 0.101E-10*Kcell =    0.154310219650      eV   (397.940 K)
 Box tensor
 a  1.122933299453608E-007  2.108554314407212E-008 -4.285202310006276E-009
 b -2.141345671921422E-008  1.085063061665869E-007 -2.836930199847842E-008
 c -2.217157519449534E-009  2.903044834363188E-008  1.101439815824700E-007
 H0(1)  1.080000000000000E-007  0.000000000000000E+000  0.000000000000000E+000
 H0(2)  0.000000000000000E+000  1.080000000000000E-007  0.000000000000000E+000
 H0(3)  0.000000000000000E+000  0.000000000000000E+000  1.080000000000000E-007
Strain (Lagrange def.):
  e(1:3,1) =   0.604100E-01 -0.861382E-03 -0.505493E-02
  e(1:3,2) =  -0.861382E-03  0.598845E-01  0.123993E-02
  e(1:3,3) =  -0.505493E-02  0.123993E-02  0.553359E-01
Rotation:
  r(1:3,1) =    0.00000      0.196755     -0.957428E-02
  r(1:3,2) =  -0.196755       0.00000     -0.265740    
  r(1:3,3) =   0.957428E-02  0.265740       0.00000    
     10100 0.101E-10*l_a,m      11.4336149        11.4560066    
     10100 0.101E-10*l_b,m      11.4179560        11.4444156    
     10100 0.101E-10*l_c,m      11.3927079        11.4358205    
     10100 0.101E-10*ang_bc,m      89.6795    89.9550
     10100 0.101E-10*ang_ca,m      90.4787    90.0152
     10100 0.101E-10*ang_ab,m      89.9785    89.9904
     10100 0.101E-10*volume      1487.22575577        1499.83295155    
 
*temp instantanee des atomes de type 1 =       501.67
 
 * stress en kbar 
1 sigma potentiel (1,1) (2,1) (3,1) =  -5.818874894       4.359156247       11.00355557    
2 sigma potentiel (1,2) (2,2) (3,2) =   4.359156247      -6.359119780      -1.403054836    
3 sigma potentiel (1,3) (2,3) (3,3) =   11.00355557      -1.403054836       3.788615910    
 
1 sigma cinetique (1,1) (2,1) (3,1) =   5.274235970      0.3132235719     -0.2515589788    
2 sigma cinetique (1,2) (2,2) (3,2) =  0.3132235719       6.894216231      0.4851964206    
3 sigma cinetique (1,3) (2,3) (3,3) = -0.2515589788      0.4851964206       5.714883745    
 
1 sigma total (1,1) (2,1) (3,1) = -0.5446389242       4.672379819       10.75199659    
2 sigma total (1,2) (2,2) (3,2) =   4.672379819      0.5350964503     -0.9178584151    
3 sigma total (1,3) (2,3) (3,3) =   10.75199659     -0.9178584151       9.503499655    
 
     10100 0.101E-10*Pression =     3.1647    
 pression totale  potentiel = cinetique =
    3.1647       -2.7965        5.9611    
 ----------valeurs moyennes------------
*temperature moyenne =       591.22
*pression moyenne =    0.67391    
 --------------------------------------
 
 
<<<<<<<<  ITERATION =  10200  time =   0.1020000E-10
 
 
 --------- Temperatures et Pression--------
 ----------valeurs instantanees------------
     10200 0.102E-10*Epot =    -517.7569509148198      eV 
    *energie PAIRE EAM =     31.3120509275      eV 
    *energie GLUE  =    -549.069001842      eV 
     10200 0.102E-10*Ec =     8.71472947981      eV   (526.730 K)
     10200 0.102E-10*Etot =    -509.0422214350071      eV 
 
     10200 0.102E-10*Epot/at =    -4.04497617902      eV 
 
     10200 0.102E-10*Temp instantanee = 526.730
 NPT With Parrinello-Rahman
     10200 0.102E-10*Kcell =    0.174359377484      eV   (449.644 K)
 Box tensor
 a  1.122859443268829E-007  2.142100180296235E-008 -3.573645321842820E-009
 b -2.136836019618917E-008  1.082522604241258E-007 -2.844599575799892E-008
 c -2.188317818519187E-009  2.908168131584274E-008  1.105025935082446E-007
 H0(1)  1.080000000000000E-007  0.000000000000000E+000  0.000000000000000E+000
 H0(2)  0.000000000000000E+000  1.080000000000000E-007  0.000000000000000E+000
 H0(3)  0.000000000000000E+000  0.000000000000000E+000  1.080000000000000E-007
Strain (Lagrange def.):
  e(1:3,1) =   0.602507E-01  0.122017E-02 -0.151066E-02
  e(1:3,2) =   0.122017E-02  0.582628E-01  0.247371E-02
  e(1:3,3) =  -0.151066E-02  0.247371E-02  0.586749E-01
Rotation:
  r(1:3,1) =    0.00000      0.198099     -0.641355E-02
  r(1:3,2) =  -0.198099       0.00000     -0.266332    
  r(1:3,3) =   0.641355E-02  0.266332       0.00000    
     10200 0.102E-10*l_a,m      11.4366794        11.4558171    
     10200 0.102E-10*l_b,m      11.3948819        11.4439300    
     10200 0.102E-10*l_c,m      11.4286290        11.4357500    
     10200 0.102E-10*ang_bc,m      89.7731    89.9532
     10200 0.102E-10*ang_ca,m      90.0774    90.0159
     10200 0.102E-10*ang_ab,m      89.9070    89.9896
     10200 0.102E-10*volume      1489.35947835        1499.73027044    
 
*temp instantanee des atomes de type 1 =       526.73
 
 * stress en kbar 
1 sigma potentiel (1,1) (2,1) (3,1) =  -5.253829950      0.1340643071       7.243880427    
2 sigma potentiel (1,2) (2,2) (3,2) =  0.1340643071      -5.490200329      -4.096600105    
3 sigma potentiel (1,3) (2,3) (3,3) =   7.243880427      -4.096600105      -3.371073550    
 
1 sigma cinetique (1,1) (2,1) (3,1) =   6.693283381      0.4396834065      0.8960283646    
2 sigma cinetique (1,2) (2,2) (3,2) =  0.4396834065       6.318292550      0.5045598375    
3 sigma cinetique (1,3) (2,3) (3,3) =  0.8960283646      0.5045598375       5.738141190    
 
1 sigma total (1,1) (2,1) (3,1) =   1.439453431      0.5737477137       8.139908791    
2 sigma total (1,2) (2,2) (3,2) =  0.5737477137      0.8280922212      -3.592040267    
3 sigma total (1,3) (2,3) (3,3) =   8.139908791      -3.592040267       2.367067640    
 
     10200 0.102E-10*Pression =     1.5449    
 pression totale  potentiel = cinetique =
    1.5449       -4.7050        6.2499    
 ----------valeurs moyennes------------
*temperature moyenne =       590.59
*pression moyenne =    0.68245    
 --------------------------------------
 
 
<<<<<<<<  ITERATION =  10300  time =   0.1030000E-10
 
 
 --------- Temperatures et Pression--------
 ----------valeurs instantanees------------
     10300 0.103E-10*Epot =    -517.9586287055814      eV 
    *energie PAIRE EAM =     29.7599448688      eV 
    *energie GLUE  =    -547.718573574      eV 
     10300 0.103E-10*Ec =     9.14778735533      eV   (552.905 K)
     10300 0.103E-10*Etot =    -508.8108413502529      eV 
 
     10300 0.103E-10*Epot/at =    -4.04655178676      eV 
 
     10300 0.103E-10*Temp instantanee = 552.905
 NPT With Parrinello-Rahman
     10300 0.103E-10*Kcell =    0.139245569544      eV   (359.091 K)
 Box tensor
 a  1.122623450936311E-007  2.173584232918758E-008 -2.942991433568363E-009
 b -2.130536215329505E-008  1.080775924728481E-007 -2.862534596448241E-008
 c -2.152247202477748E-009  2.896318441051414E-008  1.109258394465133E-007
 H0(1)  1.080000000000000E-007  0.000000000000000E+000  0.000000000000000E+000
 H0(2)  0.000000000000000E+000  1.080000000000000E-007  0.000000000000000E+000
 H0(3)  0.000000000000000E+000  0.000000000000000E+000  1.080000000000000E-007
Strain (Lagrange def.):
  e(1:3,1) =   0.599016E-01  0.322138E-02  0.174667E-02
  e(1:3,2) =   0.322138E-02  0.569307E-01  0.235934E-02
  e(1:3,3) =   0.174667E-02  0.235934E-02  0.629550E-01
Rotation:
  r(1:3,1) =    0.00000      0.199265     -0.366085E-02
  r(1:3,2) =  -0.199265       0.00000     -0.266614    
  r(1:3,3) =   0.366085E-02  0.266614       0.00000    
     10300 0.103E-10*l_a,m      11.4385061        11.4556491    
     10300 0.103E-10*l_b,m      11.3816057        11.4433249    
     10300 0.103E-10*l_c,m      11.4664903        11.4360484    
     10300 0.103E-10*ang_bc,m      89.9963    89.9536
     10300 0.103E-10*ang_ca,m      89.7315    90.0131
     10300 0.103E-10*ang_ab,m      89.8169    89.9879
     10300 0.103E-10*volume      1492.78191822        1499.66281071    
 
*temp instantanee des atomes de type 1 =       552.90
 
 * stress en kbar 
1 sigma potentiel (1,1) (2,1) (3,1) =  -13.23044297      -1.801933471      -2.023896271    
2 sigma potentiel (1,2) (2,2) (3,2) =  -1.801933471      -14.01021226      -4.807222386    
3 sigma potentiel (1,3) (2,3) (3,3) =  -2.023896271      -4.807222386      -13.40626603    
 
1 sigma cinetique (1,1) (2,1) (3,1) =   6.435222449      0.1895005640     -0.6044101061    
2 sigma cinetique (1,2) (2,2) (3,2) =  0.1895005640       5.814090577      0.2225233857    
3 sigma cinetique (1,3) (2,3) (3,3) = -0.6044101061      0.2225233857       7.387004124    
 
1 sigma total (1,1) (2,1) (3,1) =  -6.795220517      -1.612432907      -2.628306377    
2 sigma total (1,2) (2,2) (3,2) =  -1.612432907      -8.196121682      -4.584699001    
3 sigma total (1,3) (2,3) (3,3) =  -2.628306377      -4.584699001      -6.019261910    
 
     10300 0.103E-10*Pression =    -7.0035    
 pression totale  potentiel = cinetique =
   -7.0035       -13.549        6.5454    
 ----------valeurs moyennes------------
*temperature moyenne =       590.22
*pression moyenne =    0.60783    
 --------------------------------------
 
 
<<<<<<<<  ITERATION =  10400  time =   0.1040000E-10
 
 
 --------- Temperatures et Pression--------
 ----------valeurs instantanees------------
     10400 0.104E-10*Epot =    -518.2808284444469      eV 
    *energie PAIRE EAM =     30.2582105461      eV 
    *energie GLUE  =    -548.539038991      eV 
     10400 0.104E-10*Ec =     8.82725863044      eV   (533.532 K)
     10400 0.104E-10*Etot =    -509.4535698140090      eV 
 
     10400 0.104E-10*Epot/at =    -4.04906897222      eV 
 
     10400 0.104E-10*Temp instantanee = 533.532
 NPT With Parrinello-Rahman
     10400 0.104E-10*Kcell =    0.142337563320      eV   (367.065 K)
 Box tensor
 a  1.121517608852012E-007  2.198010084314488E-008 -2.285164065178902E-009
 b -2.109053010735146E-008  1.077496617725605E-007 -2.883552362114448E-008
 c -2.320430407557092E-009  2.868718869923630E-008  1.111503632164144E-007
 H0(1)  1.080000000000000E-007  0.000000000000000E+000  0.000000000000000E+000
 H0(2)  0.000000000000000E+000  1.080000000000000E-007  0.000000000000000E+000
 H0(3)  0.000000000000000E+000  0.000000000000000E+000  1.080000000000000E-007
Strain (Lagrange def.):
  e(1:3,1) =   0.584796E-01  0.540307E-02  0.402755E-02
  e(1:3,2) =   0.540307E-02  0.536724E-01  0.134368E-02
  e(1:3,3) =   0.402755E-02  0.134368E-02  0.654626E-01
Rotation:
  r(1:3,1) =    0.00000      0.199401      0.163270E-03
  r(1:3,2) =  -0.199401       0.00000     -0.266309    
  r(1:3,3) =  -0.163270E-03  0.266309       0.00000    
     10400 0.104E-10*l_a,m      11.4308199        11.4554103    
     10400 0.104E-10*l_b,m      11.3517785        11.4424446    
     10400 0.104E-10*l_c,m      11.4816124        11.4364865    
     10400 0.104E-10*ang_bc,m      90.2862    89.9568
     10400 0.104E-10*ang_ca,m      89.4922    90.0081
     10400 0.104E-10*ang_ab,m      89.6958    89.9851
     10400 0.104E-10*volume      1489.75713340        1499.56756382    
 
*temp instantanee des atomes de type 1 =       533.53
 
 * stress en kbar 
1 sigma potentiel (1,1) (2,1) (3,1) =  -10.21988567      -10.31587023      -9.101946537    
2 sigma potentiel (1,2) (2,2) (3,2) =  -10.31587023      -11.22794272       1.724392288    
3 sigma potentiel (1,3) (2,3) (3,3) =  -9.101946537       1.724392288      -15.79064025    
 
1 sigma cinetique (1,1) (2,1) (3,1) =   5.724027329      0.7079359214      0.3221601782    
2 sigma cinetique (1,2) (2,2) (3,2) =  0.7079359214       7.356564379      0.9180850240E-01
3 sigma cinetique (1,3) (2,3) (3,3) =  0.3221601782      0.9180850240E-01   5.906162166    
 
1 sigma total (1,1) (2,1) (3,1) =  -4.495858344      -9.607934305      -8.779786358    
2 sigma total (1,2) (2,2) (3,2) =  -9.607934305      -3.871378340       1.816200791    
3 sigma total (1,3) (2,3) (3,3) =  -8.779786358       1.816200791      -9.884478084    
 
     10400 0.104E-10*Pression =    -6.0839    
 pression totale  potentiel = cinetique =
   -6.0839       -12.413        6.3289    
 ----------valeurs moyennes------------
*temperature moyenne =       589.68
*pression moyenne =    0.54349    
 --------------------------------------
 
 
<<<<<<<<  ITERATION =  10500  time =   0.1050000E-10
 
 
 --------- Temperatures et Pression--------
 ----------valeurs instantanees------------
     10500 0.105E-10*Epot =    -518.7015695501271      eV 
    *energie PAIRE EAM =     31.9729138687      eV 
    *energie GLUE  =    -550.674483419      eV 
     10500 0.105E-10*Ec =     10.2667148844      eV   (620.534 K)
     10500 0.105E-10*Etot =    -508.4348546657388      eV 
 
     10500 0.105E-10*Epot/at =    -4.05235601211      eV 
 
     10500 0.105E-10*Temp instantanee = 620.534
 NPT With Parrinello-Rahman
     10500 0.105E-10*Kcell =    0.994511156583E-01  eV   (256.468 K)
 Box tensor
 a  1.119389873609235E-007  2.193594590917480E-008 -1.879283091250499E-009
 b -2.093719772190848E-008  1.074042278691919E-007 -2.907441940371040E-008
 c -2.730253893607962E-009  2.847952219820430E-008  1.111839950064913E-007
 H0(1)  1.080000000000000E-007  0.000000000000000E+000  0.000000000000000E+000
 H0(2)  0.000000000000000E+000  1.080000000000000E-007  0.000000000000000E+000
 H0(3)  0.000000000000000E+000  0.000000000000000E+000  1.080000000000000E-007
Strain (Lagrange def.):
  e(1:3,1) =   0.562482E-01  0.552931E-02  0.406427E-02
  e(1:3,2) =   0.552931E-02  0.498944E-01  0.108352E-03
  e(1:3,3) =   0.406427E-02  0.108352E-03  0.663038E-01
Rotation:
  r(1:3,1) =    0.00000      0.198487      0.393968E-02
  r(1:3,2) =  -0.198487       0.00000     -0.266453    
  r(1:3,3) =  -0.393968E-02  0.266453       0.00000    
     10500 0.105E-10*l_a,m      11.4083541        11.4549622    
     10500 0.105E-10*l_b,m      11.3222596        11.4413000    
     10500 0.105E-10*l_c,m      11.4806003        11.4369067    
     10500 0.105E-10*ang_bc,m      90.5141    89.9621
     10500 0.105E-10*ang_ca,m      89.5181    90.0034
     10500 0.105E-10*ang_ab,m      89.7030    89.9824
     10500 0.105E-10*volume      1482.79750523        1499.40784897    
 
*temp instantanee des atomes de type 1 =       620.53
 
 * stress en kbar 
1 sigma potentiel (1,1) (2,1) (3,1) =  -1.587880620      -9.945980902      -7.231607773    
2 sigma potentiel (1,2) (2,2) (3,2) =  -9.945980902     -0.8295125378       5.335005017    
3 sigma potentiel (1,3) (2,3) (3,3) =  -7.231607773       5.335005017      -12.14015576    
 
1 sigma cinetique (1,1) (2,1) (3,1) =   6.056010216      0.4678644054     -0.3361156451    
2 sigma cinetique (1,2) (2,2) (3,2) =  0.4678644054       7.820480269     -0.4853278357    
3 sigma cinetique (1,3) (2,3) (3,3) = -0.3361156451     -0.4853278357       8.310070909    
 
1 sigma total (1,1) (2,1) (3,1) =   4.468129595      -9.478116497      -7.567723418    
2 sigma total (1,2) (2,2) (3,2) =  -9.478116497       6.990967731       4.849677182    
3 sigma total (1,3) (2,3) (3,3) =  -7.567723418       4.849677182      -3.830084849    
 
     10500 0.105E-10*Pression =     2.5430    
 pression totale  potentiel = cinetique =
    2.5430       -4.8525        7.3955    
 ----------valeurs moyennes------------
*temperature moyenne =       589.97
*pression moyenne =    0.56253    
 --------------------------------------
 
 
<<<<<<<<  ITERATION =  10600  time =   0.1060000E-10
 
 
 --------- Temperatures et Pression--------
 ----------valeurs instantanees------------
     10600 0.106E-10*Epot =    -517.7518041657632      eV 
    *energie PAIRE EAM =     34.8586563929      eV 
    *energie GLUE  =    -552.610460559      eV 
     10600 0.106E-10*Ec =     10.9188975396      eV   (659.953 K)
     10600 0.106E-10*Etot =    -506.8329066261323      eV 
 
     10600 0.106E-10*Epot/at =    -4.04493597005      eV 
 
     10600 0.106E-10*Temp instantanee = 659.953
 NPT With Parrinello-Rahman
     10600 0.106E-10*Kcell =    0.103183589169      eV   (266.093 K)
 Box tensor
 a  1.117680485054664E-007  2.169695946020769E-008 -1.674040913519573E-009
 b -2.085507767600202E-008  1.072778322825160E-007 -2.926298954636358E-008
 c -3.265328698970884E-009  2.839697733101136E-008  1.110836514348237E-007
 H0(1)  1.080000000000000E-007  0.000000000000000E+000  0.000000000000000E+000
 H0(2)  0.000000000000000E+000  1.080000000000000E-007  0.000000000000000E+000
 H0(3)  0.000000000000000E+000  0.000000000000000E+000  1.080000000000000E-007
Strain (Lagrange def.):
  e(1:3,1) =   0.545993E-01  0.407295E-02  0.259144E-02
  e(1:3,2) =   0.407295E-02  0.480830E-01 -0.906711E-03
  e(1:3,3) =   0.259144E-02 -0.906711E-03  0.657880E-01
Rotation:
  r(1:3,1) =    0.00000      0.197000      0.736707E-02
  r(1:3,2) =  -0.197000       0.00000     -0.266944    
  r(1:3,3) =  -0.736707E-02  0.266944       0.00000    
     10600 0.106E-10*l_a,m      11.3866839        11.4543180    
     10600 0.106E-10*l_b,m      11.3136157        11.4400954    
     10600 0.106E-10*l_c,m      11.4702347        11.4372211    
     10600 0.106E-10*ang_bc,m      90.6012    89.9681
     10600 0.106E-10*ang_ca,m      89.7139    90.0007
     10600 0.106E-10*ang_ab,m      89.7969    89.9807
     10600 0.106E-10*volume      1477.53867794        1499.20153604    
 
*temp instantanee des atomes de type 1 =       659.95
 
 * stress en kbar 
1 sigma potentiel (1,1) (2,1) (3,1) =   10.55117308      -6.388269930      -6.613663966    
2 sigma potentiel (1,2) (2,2) (3,2) =  -6.388269930       5.169150946       4.223106708    
3 sigma potentiel (1,3) (2,3) (3,3) =  -6.613663966       4.223106708      -6.259521060    
 
1 sigma cinetique (1,1) (2,1) (3,1) =   8.263886175      0.5618265362     -0.1603349945    
2 sigma cinetique (1,2) (2,2) (3,2) =  0.5618265362       7.878717445      0.3283328853E-01
3 sigma cinetique (1,3) (2,3) (3,3) = -0.1603349945      0.3283328853E-01   7.537318812    
 
1 sigma total (1,1) (2,1) (3,1) =   18.81505925      -5.826443394      -6.773998961    
2 sigma total (1,2) (2,2) (3,2) =  -5.826443394       13.04786839       4.255939997    
3 sigma total (1,3) (2,3) (3,3) =  -6.773998961       4.255939997       1.277797752    
 
     10600 0.106E-10*Pression =     11.047    
 pression totale  potentiel = cinetique =
    11.047        3.1536        7.8933    
 ----------valeurs moyennes------------
*temperature moyenne =       590.63
*pression moyenne =    0.66144    
 --------------------------------------
 
 
<<<<<<<<  ITERATION =  10700  time =   0.1070000E-10
 
 
 --------- Temperatures et Pression--------
 ----------valeurs instantanees------------
     10700 0.107E-10*Epot =    -517.1534247845325      eV 
    *energie PAIRE EAM =     35.6172035065      eV 
    *energie GLUE  =    -552.770628291      eV 
     10700 0.107E-10*Ec =     10.4653864510      eV   (632.542 K)
     10700 0.107E-10*Etot =    -506.6880383335058      eV 
 
     10700 0.107E-10*Epot/at =    -4.04026113113      eV 
 
     10700 0.107E-10*Temp instantanee = 632.542
 NPT With Parrinello-Rahman
     10700 0.107E-10*Kcell =    0.250770295252      eV   (646.694 K)
 Box tensor
 a  1.118381476673029E-007  2.132696373401182E-008 -1.487148486477052E-009
 b -2.086902058151558E-008  1.074847371598877E-007 -2.927467705012400E-008
 c -4.004277798624121E-009  2.849296499913510E-008  1.108365403332695E-007
 H0(1)  1.080000000000000E-007  0.000000000000000E+000  0.000000000000000E+000
 H0(2)  0.000000000000000E+000  1.080000000000000E-007  0.000000000000000E+000
 H0(3)  0.000000000000000E+000  0.000000000000000E+000  1.080000000000000E-007
Strain (Lagrange def.):
  e(1:3,1) =   0.555265E-01  0.119912E-02  0.340196E-04
  e(1:3,2) =   0.119912E-02  0.495395E-01 -0.867441E-03
  e(1:3,3) =   0.340196E-04 -0.867441E-03  0.634412E-01
Rotation:
  r(1:3,1) =    0.00000      0.195352      0.116534E-01
  r(1:3,2) =  -0.195352       0.00000     -0.267443    
  r(1:3,3) =  -0.116534E-01  0.267443       0.00000    
     10700 0.107E-10*l_a,m      11.3863173        11.4536825    
     10700 0.107E-10*l_b,m      11.3337952        11.4391020    
     10700 0.107E-10*l_c,m      11.4510357        11.4373502    
     10700 0.107E-10*ang_bc,m      90.4352    89.9725
     10700 0.107E-10*ang_ca,m      90.0219    90.0009
     10700 0.107E-10*ang_ab,m      89.9915    89.9808
     10700 0.107E-10*volume      1477.71557754        1499.00073269    
 
*temp instantanee des atomes de type 1 =       632.54
 
 * stress en kbar 
1 sigma potentiel (1,1) (2,1) (3,1) =   2.255702327      -1.617970484      -7.692574826    
2 sigma potentiel (1,2) (2,2) (3,2) =  -1.617970484       8.133662160       6.356912124    
3 sigma potentiel (1,3) (2,3) (3,3) =  -7.692574826       6.356912124      -2.967460073    
 
1 sigma cinetique (1,1) (2,1) (3,1) =   6.327584759     -0.3411651712      0.7748003133E-01
2 sigma cinetique (1,2) (2,2) (3,2) = -0.3411651712       8.124834118      -1.157669411    
3 sigma cinetique (1,3) (2,3) (3,3) =  0.7748003133E-01  -1.157669411       8.241252496    
 
1 sigma total (1,1) (2,1) (3,1) =   8.583287086      -1.959135655      -7.615094795    
2 sigma total (1,2) (2,2) (3,2) =  -1.959135655       16.25849628       5.199242714    
3 sigma total (1,3) (2,3) (3,3) =  -7.615094795       5.199242714       5.273792423    
 
     10700 0.107E-10*Pression =     10.039    
 pression totale  potentiel = cinetique =
    10.039        2.4740        7.5646    
 ----------valeurs moyennes------------
*temperature moyenne =       591.02
*pression moyenne =    0.74907    
 --------------------------------------
 
 
<<<<<<<<  ITERATION =  10800  time =   0.1080000E-10
 
 
 --------- Temperatures et Pression--------
 ----------valeurs instantanees------------
     10800 0.108E-10*Epot =    -517.0755167265125      eV 
    *energie PAIRE EAM =     32.5908780111      eV 
    *energie GLUE  =    -549.666394738      eV 
     10800 0.108E-10*Ec =     10.1433755471      eV   (613.080 K)
     10800 0.108E-10*Etot =    -506.9321411793908      eV 
 
     10800 0.108E-10*Epot/at =    -4.03965247443      eV 
 
     10800 0.108E-10*Temp instantanee = 613.080
 NPT With Parrinello-Rahman
     10800 0.108E-10*Kcell =    0.253567566629      eV   (653.908 K)
 Box tensor
 a  1.121619343328077E-007  2.092419979058098E-008 -1.454675117148850E-009
 b -2.097445800208774E-008  1.080922329684513E-007 -2.921575492212475E-008
 c -4.741718298035866E-009  2.877226960817984E-008  1.106166049368415E-007
 H0(1)  1.080000000000000E-007  0.000000000000000E+000  0.000000000000000E+000
 H0(2)  0.000000000000000E+000  1.080000000000000E-007  0.000000000000000E+000
 H0(3)  0.000000000000000E+000  0.000000000000000E+000  1.080000000000000E-007
Strain (Lagrange def.):
  e(1:3,1) =   0.591011E-01 -0.243087E-02 -0.321019E-02
  e(1:3,2) =  -0.243087E-02  0.551096E-01 -0.246199E-03
  e(1:3,3) =  -0.321019E-02 -0.246199E-03  0.612015E-01
Rotation:
  r(1:3,1) =    0.00000      0.193975      0.152178E-01
  r(1:3,2) =  -0.193975       0.00000     -0.268463    
  r(1:3,3) =  -0.152178E-01  0.268463       0.00000    
     10800 0.108E-10*l_a,m      11.4106256        11.4532838    
     10800 0.108E-10*l_b,m      11.3918475        11.4386644    
     10800 0.108E-10*l_c,m      11.4395632        11.4373707    
     10800 0.108E-10*ang_bc,m      90.0978    89.9737
     10800 0.108E-10*ang_ca,m      90.3982    90.0046
     10800 0.108E-10*ang_ab,m      90.2129    89.9829
     10800 0.108E-10*volume      1486.95877385        1498.88923307    
 
*temp instantanee des atomes de type 1 =       613.08
 
 * stress en kbar 
1 sigma potentiel (1,1) (2,1) (3,1) =  -2.291368447       6.733209355       8.412122470    
2 sigma potentiel (1,2) (2,2) (3,2) =   6.733209355      0.5339465200       3.376069463    
3 sigma potentiel (1,3) (2,3) (3,3) =   8.412122470       3.376069463      -6.748368695    
 
1 sigma cinetique (1,1) (2,1) (3,1) =   7.078666414       1.125640756     -0.7917358557    
2 sigma cinetique (1,2) (2,2) (3,2) =   1.125640756       7.695267235     -0.4574639514    
3 sigma cinetique (1,3) (2,3) (3,3) = -0.7917358557     -0.4574639514       7.084745750    
 
1 sigma total (1,1) (2,1) (3,1) =   4.787297967       7.858850111       7.620386615    
2 sigma total (1,2) (2,2) (3,2) =   7.858850111       8.229213755       2.918605511    
3 sigma total (1,3) (2,3) (3,3) =   7.620386615       2.918605511      0.3363770549    
 
     10800 0.108E-10*Pression =     4.4510    
 pression totale  potentiel = cinetique =
    4.4510       -2.8353        7.2862    
 ----------valeurs moyennes------------
*temperature moyenne =       591.23
*pression moyenne =    0.78335    
 --------------------------------------
 
 
<<<<<<<<  ITERATION =  10900  time =   0.1090000E-10
 
 
 --------- Temperatures et Pression--------
 ----------valeurs instantanees------------
     10900 0.109E-10*Epot =    -517.0393077190381      eV 
    *energie PAIRE EAM =     30.0768653600      eV 
    *energie GLUE  =    -547.116173079      eV 
     10900 0.109E-10*Ec =     10.1381471702      eV   (612.764 K)
     10900 0.109E-10*Etot =    -506.9011605488711      eV 
 
     10900 0.109E-10*Epot/at =    -4.03936959155      eV 
 
     10900 0.109E-10*Temp instantanee = 612.764
 NPT With Parrinello-Rahman
     10900 0.109E-10*Kcell =    0.177970830803      eV   (458.957 K)
 Box tensor
 a  1.125030812484397E-007  2.065962012084091E-008 -1.528167020680693E-009
 b -2.088258738707013E-008  1.088745265115248E-007 -2.910725691582653E-008
 c -5.156914547092692E-009  2.905008346851395E-008  1.103301225537600E-007
 H0(1)  1.080000000000000E-007  0.000000000000000E+000  0.000000000000000E+000
 H0(2)  0.000000000000000E+000  1.080000000000000E-007  0.000000000000000E+000
 H0(3)  0.000000000000000E+000  0.000000000000000E+000  1.080000000000000E-007
Strain (Lagrange def.):
  e(1:3,1) =   0.623980E-01 -0.424896E-02 -0.570352E-02
  e(1:3,2) =  -0.424896E-02  0.626024E-01  0.192434E-03
  e(1:3,3) =  -0.570352E-02  0.192434E-03  0.582263E-01
Rotation:
  r(1:3,1) =    0.00000      0.192325      0.167998E-01
  r(1:3,2) =  -0.192325       0.00000     -0.269247    
  r(1:3,3) =  -0.167998E-01  0.269247       0.00000    
     10900 0.109E-10*l_a,m      11.4394486        11.4531569    
     10900 0.109E-10*l_b,m      11.4616654        11.4388754    
     10900 0.109E-10*l_c,m      11.4206992        11.4372177    
     10900 0.109E-10*ang_bc,m      89.7413    89.9715
     10900 0.109E-10*ang_ca,m      90.6517    90.0105
     10900 0.109E-10*ang_ab,m      90.2428    89.9853
     10900 0.109E-10*volume      1497.30123086        1498.87466424    
 
*temp instantanee des atomes de type 1 =       612.76
 
 * stress en kbar 
1 sigma potentiel (1,1) (2,1) (3,1) =  -16.78857088       8.066412289       9.699197427    
2 sigma potentiel (1,2) (2,2) (3,2) =   8.066412289      -17.00873431      -3.700861592    
3 sigma potentiel (1,3) (2,3) (3,3) =   9.699197427      -3.700861592      -10.58998115    
 
1 sigma cinetique (1,1) (2,1) (3,1) =   7.335077933      0.8610466350     -0.3559870670E-01
2 sigma cinetique (1,2) (2,2) (3,2) =  0.8610466350       7.276581729     -0.4351898766    
3 sigma cinetique (1,3) (2,3) (3,3) = -0.3559870670E-01 -0.4351898766       7.084843942    
 
1 sigma total (1,1) (2,1) (3,1) =  -9.453492946       8.927458924       9.663598720    
2 sigma total (1,2) (2,2) (3,2) =   8.927458924      -9.732152580      -4.136051468    
3 sigma total (1,3) (2,3) (3,3) =   9.663598720      -4.136051468      -3.505137208    
 
     10900 0.109E-10*Pression =    -7.5636    
 pression totale  potentiel = cinetique =
   -7.5636       -14.796        7.2322    
 ----------valeurs moyennes------------
*temperature moyenne =       591.43
*pression moyenne =    0.70677    
 --------------------------------------
 
 
<<<<<<<<  ITERATION =  11000  time =   0.1100000E-10
 
 
 --------- Temperatures et Pression--------
 ----------valeurs instantanees------------
     11000 0.110E-10*Epot =    -518.3086815660280      eV 
    *energie PAIRE EAM =     27.1671937872      eV 
    *energie GLUE  =    -545.475875353      eV 
     11000 0.110E-10*Ec =     10.4414559973      eV   (631.096 K)
     11000 0.110E-10*Etot =    -507.8672255686847      eV 
 
     11000 0.110E-10*Epot/at =    -4.04928657473      eV 
 
     11000 0.110E-10*Temp instantanee = 631.096
 NPT With Parrinello-Rahman
     11000 0.110E-10*Kcell =    0.143641011713      eV   (370.426 K)
 Box tensor
 a  1.126883947774956E-007  2.045388100233468E-008 -1.474925235408102E-009
 b -2.057948405184571E-008  1.094824737219549E-007 -2.906504273169524E-008
 c -5.271752923362004E-009  2.923654415473497E-008  1.098965299264539E-007
 H0(1)  1.080000000000000E-007  0.000000000000000E+000  0.000000000000000E+000
 H0(2)  0.000000000000000E+000  1.080000000000000E-007  0.000000000000000E+000
 H0(3)  0.000000000000000E+000  0.000000000000000E+000  1.080000000000000E-007
Strain (Lagrange def.):
  e(1:3,1) =   0.636995E-01 -0.438553E-02 -0.631905E-02
  e(1:3,2) =  -0.438553E-02  0.683963E-01  0.306082E-04
  e(1:3,3) =  -0.631905E-02  0.306082E-04  0.540209E-01
Rotation:
  r(1:3,1) =    0.00000      0.189969      0.175779E-01
  r(1:3,2) =  -0.189969       0.00000     -0.269915    
  r(1:3,3) =  -0.175779E-01  0.269915       0.00000    
     11000 0.110E-10*l_a,m      11.4539124        11.4531638    
     11000 0.110E-10*l_b,m      11.5129075        11.4395485    
     11000 0.110E-10*l_c,m      11.3841180        11.4367350    
     11000 0.110E-10*ang_bc,m      89.4962    89.9672
     11000 0.110E-10*ang_ca,m      90.6950    90.0167
     11000 0.110E-10*ang_ab,m      90.1601    89.9869
     11000 0.110E-10*volume      1501.02510999        1498.89421375    
 
*temp instantanee des atomes de type 1 =       631.10
 
 * stress en kbar 
1 sigma potentiel (1,1) (2,1) (3,1) =  -25.02404302       8.537221895       12.19267099    
2 sigma potentiel (1,2) (2,2) (3,2) =   8.537221895      -29.24248311      -4.133756052    
3 sigma potentiel (1,3) (2,3) (3,3) =   12.19267099      -4.133756052      -15.37051064    
 
1 sigma cinetique (1,1) (2,1) (3,1) =   7.320001880      -1.235580262      0.2596094856E-01
2 sigma cinetique (1,2) (2,2) (3,2) =  -1.235580262       8.163001382      -1.009490322    
3 sigma cinetique (1,3) (2,3) (3,3) =  0.2596094856E-01  -1.009490322       6.807170205    
 
1 sigma total (1,1) (2,1) (3,1) =  -17.70404114       7.301641633       12.21863194    
2 sigma total (1,2) (2,2) (3,2) =   7.301641633      -21.07948172      -5.143246374    
3 sigma total (1,3) (2,3) (3,3) =   12.21863194      -5.143246374      -8.563340439    
 
     11000 0.110E-10*Pression =    -15.782    
 pression totale  potentiel = cinetique =
   -15.782       -23.212        7.4301    
 ----------valeurs moyennes------------
*temperature moyenne =       591.79
*pression moyenne =    0.55687    
 --------------------------------------
 
 
<<<<<<<<  ITERATION =  11100  time =   0.1110000E-10
 
 
 --------- Temperatures et Pression--------
 ----------valeurs instantanees------------
     11100 0.111E-10*Epot =    -517.7999646314861      eV 
    *energie PAIRE EAM =     28.3422458016      eV 
    *energie GLUE  =    -546.142210433      eV 
     11100 0.111E-10*Ec =     10.4588958146      eV   (632.150 K)
     11100 0.111E-10*Etot =    -507.3410688168731      eV 
 
     11100 0.111E-10*Epot/at =    -4.04531222368      eV 
 
     11100 0.111E-10*Temp instantanee = 632.150
 NPT With Parrinello-Rahman
     11100 0.111E-10*Kcell =    0.166941188247      eV   (430.513 K)
 Box tensor
 a  1.128064153964933E-007  2.033171967341176E-008 -1.121295484786402E-009
 b -2.015947676469371E-008  1.097727226697919E-007 -2.920504770977886E-008
 c -5.106039848462003E-009  2.923234177026947E-008  1.093736639395145E-007
 H0(1)  1.080000000000000E-007  0.000000000000000E+000  0.000000000000000E+000
 H0(2)  0.000000000000000E+000  1.080000000000000E-007  0.000000000000000E+000
 H0(3)  0.000000000000000E+000  0.000000000000000E+000  1.080000000000000E-007
Strain (Lagrange def.):
  e(1:3,1) =   0.640331E-01 -0.294383E-02 -0.412368E-02
  e(1:3,2) =  -0.294383E-02  0.709002E-01 -0.134890E-02
  e(1:3,3) =  -0.412368E-02 -0.134890E-02  0.494166E-01
Rotation:
  r(1:3,1) =    0.00000      0.187459      0.184479E-01
  r(1:3,2) =  -0.187459       0.00000     -0.270543    
  r(1:3,3) =  -0.184479E-01  0.270543       0.00000    
     11100 0.111E-10*l_a,m      11.4629505        11.4532519    
     11100 0.111E-10*l_b,m      11.5366329        11.4404231    
     11100 0.111E-10*l_c,m      11.3327842        11.4357985    
     11100 0.111E-10*ang_bc,m      89.4847    89.9629
     11100 0.111E-10*ang_ca,m      90.4600    90.0207
     11100 0.111E-10*ang_ab,m      90.0412    89.9874
     11100 0.111E-10*volume      1498.58182550        1498.89139944    
 
*temp instantanee des atomes de type 1 =       632.15
 
 * stress en kbar 
1 sigma potentiel (1,1) (2,1) (3,1) =  -18.44274831       1.730585960       6.800554119    
2 sigma potentiel (1,2) (2,2) (3,2) =   1.730585960      -25.41694052      -2.997942102    
3 sigma potentiel (1,3) (2,3) (3,3) =   6.800554119      -2.997942102      -11.74814883    
 
1 sigma cinetique (1,1) (2,1) (3,1) =   6.212720010      0.4826424586      0.2051456929    
2 sigma cinetique (1,2) (2,2) (3,2) =  0.4826424586       8.458199542      -1.082526667    
3 sigma cinetique (1,3) (2,3) (3,3) =  0.2051456929      -1.082526667       7.692886575    
 
1 sigma total (1,1) (2,1) (3,1) =  -12.23002830       2.213228418       7.005699812    
2 sigma total (1,2) (2,2) (3,2) =   2.213228418      -16.95874098      -4.080468769    
3 sigma total (1,3) (2,3) (3,3) =   7.005699812      -4.080468769      -4.055262252    
 
     11100 0.111E-10*Pression =    -11.081    
 pression totale  potentiel = cinetique =
   -11.081       -18.536        7.4546    
 ----------valeurs moyennes------------
*temperature moyenne =       592.15
*pression moyenne =    0.45202    
 --------------------------------------
 
 
<<<<<<<<  ITERATION =  11200  time =   0.1120000E-10
 
 
 --------- Temperatures et Pression--------
 ----------valeurs instantanees------------
     11200 0.112E-10*Epot =    -516.5060129272593      eV 
    *energie PAIRE EAM =     32.0661462570      eV 
    *energie GLUE  =    -548.572159184      eV 
     11200 0.112E-10*Ec =     9.20543428731      eV   (556.389 K)
     11200 0.112E-10*Etot =    -507.3005786399470      eV 
 
     11200 0.112E-10*Epot/at =    -4.03520322599      eV 
 
     11200 0.112E-10*Temp instantanee = 556.389
 NPT With Parrinello-Rahman
     11200 0.112E-10*Kcell =    0.195107104097      eV   (503.148 K)
 Box tensor
 a  1.127240339524270E-007  2.029681839067597E-008 -5.647448355468498E-010
 b -1.964431958649226E-008  1.098300005475570E-007 -2.945834987812625E-008
 c -4.665147991850459E-009  2.904861070133204E-008  1.088792772583504E-007
 H0(1)  1.080000000000000E-007  0.000000000000000E+000  0.000000000000000E+000
 H0(2)  0.000000000000000E+000  1.080000000000000E-007  0.000000000000000E+000
 H0(3)  0.000000000000000E+000  0.000000000000000E+000  1.080000000000000E-007
Strain (Lagrange def.):
  e(1:3,1) =   0.621730E-01 -0.219155E-03  0.303969E-03
  e(1:3,2) =  -0.219155E-03  0.709196E-01 -0.360431E-02
  e(1:3,3) =   0.303969E-03 -0.360431E-02  0.453880E-01
Rotation:
  r(1:3,1) =    0.00000      0.184913      0.189833E-01
  r(1:3,2) =  -0.184913       0.00000     -0.270866    
  r(1:3,3) =  -0.189833E-01  0.270866       0.00000    
     11200 0.112E-10*l_a,m      11.4538149        11.4532570    
     11200 0.112E-10*l_b,m      11.5396372        11.4413089    
     11200 0.112E-10*l_c,m      11.2784229        11.4343934    
     11200 0.112E-10*ang_bc,m      89.6714    89.9603
     11200 0.112E-10*ang_ca,m      89.9901    90.0204
     11200 0.112E-10*ang_ab,m      89.8637    89.9863
     11200 0.112E-10*volume      1490.67275602        1498.81801870    
 
*temp instantanee des atomes de type 1 =       556.39
 
 * stress en kbar 
1 sigma potentiel (1,1) (2,1) (3,1) =  -4.484137191      -2.923710918      0.6718871335    
2 sigma potentiel (1,2) (2,2) (3,2) =  -2.923710918      -13.54474423      -1.913745321    
3 sigma potentiel (1,3) (2,3) (3,3) =  0.6718871335      -1.913745321      0.7454091149E-01
 
1 sigma cinetique (1,1) (2,1) (3,1) =   6.578320376     -0.8987344120     -0.5412352135    
2 sigma cinetique (1,2) (2,2) (3,2) = -0.8987344120       7.144417421      -1.144610493    
3 sigma cinetique (1,3) (2,3) (3,3) = -0.5412352135      -1.144610493       6.065280852    
 
1 sigma total (1,1) (2,1) (3,1) =   2.094183185      -3.822445330      0.1306519200    
2 sigma total (1,2) (2,2) (3,2) =  -3.822445330      -6.400326806      -3.058355814    
3 sigma total (1,3) (2,3) (3,3) =  0.1306519200      -3.058355814       6.139821764    
 
     11200 0.112E-10*Pression =    0.61123    
 pression totale  potentiel = cinetique =
   0.61123       -5.9848        6.5960    
 ----------valeurs moyennes------------
*temperature moyenne =       591.83
*pression moyenne =    0.45345    
 --------------------------------------
 
 
<<<<<<<<  ITERATION =  11300  time =   0.1130000E-10
 
 
 --------- Temperatures et Pression--------
 ----------valeurs instantanees------------
     11300 0.113E-10*Epot =    -517.2314445898211      eV 
    *energie PAIRE EAM =     33.5025543614      eV 
    *energie GLUE  =    -550.733998951      eV 
     11300 0.113E-10*Ec =     9.62672147623      eV   (581.852 K)
     11300 0.113E-10*Etot =    -507.6047231135913      eV 
 
     11300 0.113E-10*Epot/at =    -4.04087066086      eV 
 
     11300 0.113E-10*Temp instantanee = 581.852
 NPT With Parrinello-Rahman
     11300 0.113E-10*Kcell =    0.201135757263      eV   (518.695 K)
 Box tensor
 a  1.126315403440152E-007  2.027739148936013E-008  1.231869583926008E-012
 b -1.925141126248910E-008  1.097716294190667E-007 -2.977354130930616E-008
 c -4.257289254396118E-009  2.860766487806333E-008  1.086550573310505E-007
 H0(1)  1.080000000000000E-007  0.000000000000000E+000  0.000000000000000E+000
 H0(2)  0.000000000000000E+000  1.080000000000000E-007  0.000000000000000E+000
 H0(3)  0.000000000000000E+000  0.000000000000000E+000  1.080000000000000E-007
Strain (Lagrange def.):
  e(1:3,1) =   0.604683E-01  0.209293E-02  0.474732E-02
  e(1:3,2) =   0.209293E-02  0.692465E-01 -0.685433E-02
  e(1:3,3) =   0.474732E-02 -0.685433E-02  0.440837E-01
Rotation:
  r(1:3,1) =    0.00000      0.183004      0.197154E-01
  r(1:3,2) =  -0.183004       0.00000     -0.270283    
  r(1:3,3) =  -0.197154E-01  0.270283       0.00000    
     11300 0.113E-10*l_a,m      11.4442285        11.4531771    
     11300 0.113E-10*l_b,m      11.5355499        11.4421429    
     11300 0.113E-10*l_c,m      11.2438625        11.4327073    
     11300 0.113E-10*ang_bc,m      90.0564    89.9611
     11300 0.113E-10*ang_ca,m      89.5515    90.0163
     11300 0.113E-10*ang_ab,m      89.7503    89.9842
     11300 0.113E-10*volume      1484.30344916        1498.68957118    
 
*temp instantanee des atomes de type 1 =       581.85
 
 * stress en kbar 
1 sigma potentiel (1,1) (2,1) (3,1) =  0.7215796728E-01  -8.225724625      -6.782371207    
2 sigma potentiel (1,2) (2,2) (3,2) =  -8.225724625      -9.293185560       3.164939505    
3 sigma potentiel (1,3) (2,3) (3,3) =  -6.782371207       3.164939505       6.421160830    
 
1 sigma cinetique (1,1) (2,1) (3,1) =   7.766487100     -0.7704098196       1.236677406    
2 sigma cinetique (1,2) (2,2) (3,2) = -0.7704098196       6.124903379      0.2596591664    
3 sigma cinetique (1,3) (2,3) (3,3) =   1.236677406      0.2596591664       6.891026453    
 
1 sigma total (1,1) (2,1) (3,1) =   7.838645067      -8.996134444      -5.545693801    
2 sigma total (1,2) (2,2) (3,2) =  -8.996134444      -3.168282182       3.424598671    
3 sigma total (1,3) (2,3) (3,3) =  -5.545693801       3.424598671       13.31218728    
 
     11300 0.113E-10*Pression =     5.9942    
 pression totale  potentiel = cinetique =
    5.9942      -0.93329        6.9275    
 ----------valeurs moyennes------------
*temperature moyenne =       591.74
*pression moyenne =    0.50248    
 --------------------------------------
 
 
<<<<<<<<  ITERATION =  11400  time =   0.1140000E-10
 
 
 --------- Temperatures et Pression--------
 ----------valeurs instantanees------------
     11400 0.114E-10*Epot =    -516.7800471257425      eV 
    *energie PAIRE EAM =     34.2950662305      eV 
    *energie GLUE  =    -551.075113356      eV 
     11400 0.114E-10*Ec =     9.66102441875      eV   (583.926 K)
     11400 0.114E-10*Etot =    -507.1190227069961      eV 
 
     11400 0.114E-10*Epot/at =    -4.03734411817      eV 
 
     11400 0.114E-10*Temp instantanee = 583.926
 NPT With Parrinello-Rahman
     11400 0.114E-10*Kcell =    0.100149540585      eV   (258.269 K)
 Box tensor
 a  1.126354919270963E-007  2.003282946111621E-008  5.933898948463993E-010
 b -1.908885336885800E-008  1.096590764161094E-007 -3.011635031183532E-008
 c -4.121706310306442E-009  2.820544657761893E-008  1.087161065661955E-007
 H0(1)  1.080000000000000E-007  0.000000000000000E+000  0.000000000000000E+000
 H0(2)  0.000000000000000E+000  1.080000000000000E-007  0.000000000000000E+000
 H0(3)  0.000000000000000E+000  0.000000000000000E+000  1.080000000000000E-007
Strain (Lagrange def.):
  e(1:3,1) =   0.601906E-01  0.200990E-02  0.830022E-02
  e(1:3,2) =   0.200990E-02  0.667856E-01 -0.961323E-02
  e(1:3,3) =   0.830022E-02 -0.961323E-02  0.455478E-01
Rotation:
  r(1:3,1) =    0.00000      0.181119      0.218291E-01
  r(1:3,2) =  -0.181119       0.00000     -0.270008    
  r(1:3,3) =  -0.218291E-01  0.270008       0.00000    
     11400 0.114E-10*l_a,m      11.4404635        11.4530655    
     11400 0.114E-10*l_b,m      11.5310415        11.4429227    
     11400 0.114E-10*l_c,m      11.2390958        11.4310089    
     11400 0.114E-10*ang_bc,m      90.4530    89.9654
     11400 0.114E-10*ang_ca,m      89.2634    90.0097
     11400 0.114E-10*ang_ab,m      89.8748    89.9833
     11400 0.114E-10*volume      1482.49394610        1498.54750429    
 
*temp instantanee des atomes de type 1 =       583.93
 
 * stress en kbar 
1 sigma potentiel (1,1) (2,1) (3,1) =  0.2053380566      -5.667933762      -17.94667805    
2 sigma potentiel (1,2) (2,2) (3,2) =  -5.667933762      -2.009973638       11.38162267    
3 sigma potentiel (1,3) (2,3) (3,3) =  -17.94667805       11.38162267       1.166171569    
 
1 sigma cinetique (1,1) (2,1) (3,1) =   5.454692635      -1.085073701      0.5722328112    
2 sigma cinetique (1,2) (2,2) (3,2) =  -1.085073701       7.518457653      0.2440448082    
3 sigma cinetique (1,3) (2,3) (3,3) =  0.5722328112      0.2440448082       7.908777728    
 
1 sigma total (1,1) (2,1) (3,1) =   5.660030691      -6.753007463      -17.37444524    
2 sigma total (1,2) (2,2) (3,2) =  -6.753007463       5.508484016       11.62566748    
3 sigma total (1,3) (2,3) (3,3) =  -17.37444524       11.62566748       9.074949297    
 
     11400 0.114E-10*Pression =     6.7478    
 pression totale  potentiel = cinetique =
    6.7478      -0.21282        6.9606    
 ----------valeurs moyennes------------
*temperature moyenne =       591.67
*pression moyenne =    0.55726    
 --------------------------------------
 
 
<<<<<<<<  ITERATION =  11500  time =   0.1150000E-10
 
 
 --------- Temperatures et Pression--------
 ----------valeurs instantanees------------
     11500 0.115E-10*Epot =    -516.4033078844361      eV 
    *energie PAIRE EAM =     32.5466617793      eV 
    *energie GLUE  =    -548.949969664      eV 
     11500 0.115E-10*Ec =     9.42702653123      eV   (569.782 K)
     11500 0.115E-10*Etot =    -506.9762813532013      eV 
 
     11500 0.115E-10*Epot/at =    -4.03440084285      eV 
 
     11500 0.115E-10*Temp instantanee = 569.782
 NPT With Parrinello-Rahman
     11500 0.115E-10*Kcell =    0.145307714284      eV   (374.724 K)
 Box tensor
 a  1.129376960412840E-007  1.957647124016532E-008  8.760249059653242E-010
 b -1.913936493166185E-008  1.097717924032632E-007 -3.035732110368463E-008
 c -4.349631881053574E-009  2.824951202101325E-008  1.090582492874369E-007
 H0(1)  1.080000000000000E-007  0.000000000000000E+000  0.000000000000000E+000
 H0(2)  0.000000000000000E+000  1.080000000000000E-007  0.000000000000000E+000
 H0(3)  0.000000000000000E+000  0.000000000000000E+000  1.080000000000000E-007
Strain (Lagrange def.):
  e(1:3,1) =   0.632784E-01 -0.553661E-03  0.881314E-02
  e(1:3,2) =  -0.553661E-03  0.671776E-01 -0.100474E-01
  e(1:3,3) =   0.881314E-02 -0.100474E-01  0.493843E-01
Rotation:
  r(1:3,1) =    0.00000      0.179240      0.241929E-01
  r(1:3,2) =  -0.179240       0.00000     -0.271328    
  r(1:3,3) =  -0.241929E-01  0.271328       0.00000    
     11500 0.115E-10*l_a,m      11.4625167        11.4531477    
     11500 0.115E-10*l_b,m      11.5489085        11.4438444    
     11500 0.115E-10*l_c,m      11.2741545        11.4296450    
     11500 0.115E-10*ang_bc,m      90.5565    89.9706
     11500 0.115E-10*ang_ca,m      89.3025    90.0035
     11500 0.115E-10*ang_ab,m      90.1697    89.9849
     11500 0.115E-10*volume      1492.28052802        1498.49300885    
 
*temp instantanee des atomes de type 1 =       569.78
 
 * stress en kbar 
1 sigma potentiel (1,1) (2,1) (3,1) =  -8.474307143      -2.852456026      -17.87699402    
2 sigma potentiel (1,2) (2,2) (3,2) =  -2.852456026      -7.434801247       11.47182089    
3 sigma potentiel (1,3) (2,3) (3,3) =  -17.87699402       11.47182089      -8.124620929    
 
1 sigma cinetique (1,1) (2,1) (3,1) =   8.262566122      0.8682886908      0.3847097657    
2 sigma cinetique (1,2) (2,2) (3,2) =  0.8682886908       6.945865766      0.1461107273    
3 sigma cinetique (1,3) (2,3) (3,3) =  0.3847097657      0.1461107273       5.034089197    
 
1 sigma total (1,1) (2,1) (3,1) = -0.2117410214      -1.984167335      -17.49228425    
2 sigma total (1,2) (2,2) (3,2) =  -1.984167335     -0.4889354812       11.61793162    
3 sigma total (1,3) (2,3) (3,3) =  -17.49228425       11.61793162      -3.090531732    
 
     11500 0.115E-10*Pression =    -1.2637    
 pression totale  potentiel = cinetique =
   -1.2637       -8.0112        6.7475    
 ----------valeurs moyennes------------
*temperature moyenne =       591.48
*pression moyenne =    0.54143    
 --------------------------------------
 
 
<<<<<<<<  ITERATION =  11600  time =   0.1160000E-10
 
 
 --------- Temperatures et Pression--------
 ----------valeurs instantanees------------
     11600 0.116E-10*Epot =    -518.0978349551283      eV 
    *energie PAIRE EAM =     28.1539475895      eV 
    *energie GLUE  =    -546.251782545      eV 
     11600 0.116E-10*Ec =     9.64416212578      eV   (582.906 K)
     11600 0.116E-10*Etot =    -508.4536728293482      eV 
 
     11600 0.116E-10*Epot/at =    -4.04763933559      eV 
 
     11600 0.116E-10*Temp instantanee = 582.906
 NPT With Parrinello-Rahman
     11600 0.116E-10*Kcell =    0.162607899377      eV   (419.338 K)
 Box tensor
 a  1.130721631391770E-007  1.903140225020508E-008  8.125670647782879E-010
 b -1.911971645378301E-008  1.098519473584665E-007 -3.040496598170866E-008
 c -4.840117476648238E-009  2.855100812501676E-008  1.093811465254216E-007
 H0(1)  1.080000000000000E-007  0.000000000000000E+000  0.000000000000000E+000
 H0(2)  0.000000000000000E+000  1.080000000000000E-007  0.000000000000000E+000
 H0(3)  0.000000000000000E+000  0.000000000000000E+000  1.080000000000000E-007
Strain (Lagrange def.):
  e(1:3,1) =   0.647421E-01 -0.371256E-02  0.616407E-02
  e(1:3,2) =  -0.371256E-02  0.677643E-01 -0.864362E-02
  e(1:3,3) =   0.616407E-02 -0.864362E-02  0.525273E-01
Rotation:
  r(1:3,1) =    0.00000      0.176626      0.261698E-01
  r(1:3,2) =  -0.176626       0.00000     -0.272944    
  r(1:3,3) =  -0.261698E-01  0.272944       0.00000    
     11600 0.116E-10*l_a,m      11.4665464        11.4532632    
     11600 0.116E-10*l_b,m      11.5574547        11.4448238    
     11600 0.116E-10*l_c,m      11.3149556        11.4286563    
     11600 0.116E-10*ang_bc,m      90.4241    89.9745
     11600 0.116E-10*ang_ca,m      89.6248    90.0003
     11600 0.116E-10*ang_ab,m      90.4150    89.9886
     11600 0.116E-10*volume      1499.39215735        1498.50076013    
 
*temp instantanee des atomes de type 1 =       582.91
 
 * stress en kbar 
1 sigma potentiel (1,1) (2,1) (3,1) =  -23.78512239       6.529257494      -8.429019112    
2 sigma potentiel (1,2) (2,2) (3,2) =   6.529257494      -16.37003133       10.18137479    
3 sigma potentiel (1,3) (2,3) (3,3) =  -8.429019112       10.18137479      -18.41088338    
 
1 sigma cinetique (1,1) (2,1) (3,1) =   6.367539855     -0.4778319410      0.7349280075E-01
2 sigma cinetique (1,2) (2,2) (3,2) = -0.4778319410       6.399107698      0.1151820279    
3 sigma cinetique (1,3) (2,3) (3,3) =  0.7349280075E-01  0.1151820279       7.843903849    
 
1 sigma total (1,1) (2,1) (3,1) =  -17.41758253       6.051425553      -8.355526312    
2 sigma total (1,2) (2,2) (3,2) =   6.051425553      -9.970923634       10.29655681    
3 sigma total (1,3) (2,3) (3,3) =  -8.355526312       10.29655681      -10.56697953    
 
     11600 0.116E-10*Pression =    -12.652    
 pression totale  potentiel = cinetique =
   -12.652       -19.522        6.8702    
 ----------valeurs moyennes------------
*temperature moyenne =       591.41
*pression moyenne =    0.42769    
 --------------------------------------
 
 
<<<<<<<<  ITERATION =  11700  time =   0.1170000E-10
 
 
 --------- Temperatures et Pression--------
 ----------valeurs instantanees------------
     11700 0.117E-10*Epot =    -517.5626565629333      eV 
    *energie PAIRE EAM =     28.2552696995      eV 
    *energie GLUE  =    -545.817926262      eV 
     11700 0.117E-10*Ec =     9.79962445731      eV   (592.303 K)
     11700 0.117E-10*Etot =    -507.7630321056237      eV 
 
     11700 0.117E-10*Epot/at =    -4.04345825440      eV 
 
     11700 0.117E-10*Temp instantanee = 592.303
 NPT With Parrinello-Rahman
     11700 0.117E-10*Kcell =    0.206466392892      eV   (532.442 K)
 Box tensor
 a  1.129202484909789E-007  1.841762762052732E-008  6.100735135864812E-010
 b -1.903091372361461E-008  1.097069801625056E-007 -3.026758389930434E-008
 c -5.374849149139212E-009  2.892455173208928E-008  1.096797580656372E-007
 H0(1)  1.080000000000000E-007  0.000000000000000E+000  0.000000000000000E+000
 H0(2)  0.000000000000000E+000  1.080000000000000E-007  0.000000000000000E+000
 H0(3)  0.000000000000000E+000  0.000000000000000E+000  1.080000000000000E-007
Strain (Lagrange def.):
  e(1:3,1) =   0.633594E-01 -0.701158E-02  0.237471E-02
  e(1:3,2) =  -0.701158E-02  0.663349E-01 -0.586811E-02
  e(1:3,3) =   0.237471E-02 -0.586811E-02  0.549618E-01
Rotation:
  r(1:3,1) =    0.00000      0.173373      0.277080E-01
  r(1:3,2) =  -0.173373       0.00000     -0.274038    
  r(1:3,3) =  -0.277080E-01  0.274038       0.00000    
     11700 0.117E-10*l_a,m      11.4414001        11.4531618    
     11700 0.117E-10*l_b,m      11.5385978        11.4456252    
     11700 0.117E-10*l_c,m      11.3556893        11.4280326    
     11700 0.117E-10*ang_bc,m      90.1934    89.9763
     11700 0.117E-10*ang_ca,m      90.0322    90.0006
     11700 0.117E-10*ang_ab,m      90.6376    89.9941
     11700 0.117E-10*volume      1499.05052610        1498.50545898    
 
*temp instantanee des atomes de type 1 =       592.30
 
 * stress en kbar 
1 sigma potentiel (1,1) (2,1) (3,1) =  -21.91813887       12.76332488      -3.392738755    
2 sigma potentiel (1,2) (2,2) (3,2) =   12.76332488      -22.60550326       2.462248743    
3 sigma potentiel (1,3) (2,3) (3,3) =  -3.392738755       2.462248743      -14.22804119    
 
1 sigma cinetique (1,1) (2,1) (3,1) =   6.852219584     -0.9706961316E-01  0.9119624958    
2 sigma cinetique (1,2) (2,2) (3,2) = -0.9706961316E-01   6.265789822      0.3801624683    
3 sigma cinetique (1,3) (2,3) (3,3) =  0.9119624958      0.3801624683       7.829553575    
 
1 sigma total (1,1) (2,1) (3,1) =  -15.06591928       12.66625526      -2.480776259    
2 sigma total (1,2) (2,2) (3,2) =   12.66625526      -16.33971344       2.842411212    
3 sigma total (1,3) (2,3) (3,3) =  -2.480776259       2.842411212      -6.398487619    
 
     11700 0.117E-10*Pression =    -12.601    
 pression totale  potentiel = cinetique =
   -12.601       -19.584        6.9825    
 ----------valeurs moyennes------------
*temperature moyenne =       591.42
*pression moyenne =    0.31633    
 --------------------------------------
 
 
<<<<<<<<  ITERATION =  11800  time =   0.1180000E-10
 
 
 --------- Temperatures et Pression--------
 ----------valeurs instantanees------------
     11800 0.118E-10*Epot =    -517.8286364217247      eV 
    *energie PAIRE EAM =     30.3657138612      eV 
    *energie GLUE  =    -548.194350283      eV 
     11800 0.118E-10*Ec =     9.59385474299      eV   (579.866 K)
     11800 0.118E-10*Etot =    -508.2347816787325      eV 
 
     11800 0.118E-10*Epot/at =    -4.04553622204      eV 
 
     11800 0.118E-10*Temp instantanee = 579.866
 NPT With Parrinello-Rahman
     11800 0.118E-10*Kcell =    0.177196332590      eV   (456.960 K)
 Box tensor
 a  1.125811844318399E-007  1.796223401541615E-008  2.831653545865952E-010
 b -1.873166991727054E-008  1.094022526963069E-007 -2.983466467412053E-008
 c -5.650408661443909E-009  2.916887649164273E-008  1.099877186976953E-007
 H0(1)  1.080000000000000E-007  0.000000000000000E+000  0.000000000000000E+000
 H0(2)  0.000000000000000E+000  1.080000000000000E-007  0.000000000000000E+000
 H0(3)  0.000000000000000E+000  0.000000000000000E+000  1.080000000000000E-007
Strain (Lagrange def.):
  e(1:3,1) =   0.597276E-01 -0.822588E-02 -0.131787E-02
  e(1:3,2) =  -0.822588E-02  0.633710E-01 -0.217228E-02
  e(1:3,3) =  -0.131787E-02 -0.217228E-02  0.567338E-01
Rotation:
  r(1:3,1) =    0.00000      0.169879      0.274703E-01
  r(1:3,2) =  -0.169879       0.00000     -0.273165    
  r(1:3,3) =  -0.274703E-01  0.273165       0.00000    
     11800 0.118E-10*l_a,m      11.4005461        11.4527159    
     11800 0.118E-10*l_b,m      11.4934049        11.4460302    
     11800 0.118E-10*l_c,m      11.3930017        11.4277357    
     11800 0.118E-10*ang_bc,m      89.9320    89.9760
     11800 0.118E-10*ang_ca,m      90.3575    90.0036
     11800 0.118E-10*ang_ab,m      90.6654    89.9998
     11800 0.118E-10*volume      1492.70679072        1498.45631772    
 
*temp instantanee des atomes de type 1 =       579.87
 
 * stress en kbar 
1 sigma potentiel (1,1) (2,1) (3,1) =  -13.11573577       13.46066472       3.626004539    
2 sigma potentiel (1,2) (2,2) (3,2) =   13.46066472      -13.54416875      0.7197503108    
3 sigma potentiel (1,3) (2,3) (3,3) =   3.626004539      0.7197503108      -7.381135053    
 
1 sigma cinetique (1,1) (2,1) (3,1) =   7.680593652     -0.3619619178      0.4406221483    
2 sigma cinetique (1,2) (2,2) (3,2) = -0.3619619178       6.476975278      0.4772496964    
3 sigma cinetique (1,3) (2,3) (3,3) =  0.4406221483      0.4772496964       6.437297196    
 
1 sigma total (1,1) (2,1) (3,1) =  -5.435142115       13.09870281       4.066626687    
2 sigma total (1,2) (2,2) (3,2) =   13.09870281      -7.067193473       1.197000007    
3 sigma total (1,3) (2,3) (3,3) =   4.066626687       1.197000007     -0.9438378571    
 
     11800 0.118E-10*Pression =    -4.4821    
 pression totale  potentiel = cinetique =
   -4.4821       -11.347        6.8650    
 ----------valeurs moyennes------------
*temperature moyenne =       591.32
*pression moyenne =    0.27567    
 --------------------------------------
 
 
<<<<<<<<  ITERATION =  11900  time =   0.1190000E-10
 
 
 --------- Temperatures et Pression--------
 ----------valeurs instantanees------------
     11900 0.119E-10*Epot =    -517.2507837006540      eV 
    *energie PAIRE EAM =     33.9860269230      eV 
    *energie GLUE  =    -551.236810624      eV 
     11900 0.119E-10*Ec =     8.83730879442      eV   (534.139 K)
     11900 0.119E-10*Etot =    -508.4134749062388      eV 
 
     11900 0.119E-10*Epot/at =    -4.04102174766      eV 
 
     11900 0.119E-10*Temp instantanee = 534.139
 NPT With Parrinello-Rahman
     11900 0.119E-10*Kcell =    0.218103486971      eV   (562.452 K)
 Box tensor
 a  1.121566721101959E-007  1.790080449542208E-008  1.759981084757639E-010
 b -1.824700555957933E-008  1.088431482662474E-007 -2.938454895861321E-008
 c -5.764995051538235E-009  2.937958336718792E-008  1.103145109191144E-007
 H0(1)  1.080000000000000E-007  0.000000000000000E+000  0.000000000000000E+000
 H0(2)  0.000000000000000E+000  1.080000000000000E-007  0.000000000000000E+000
 H0(3)  0.000000000000000E+000  0.000000000000000E+000  1.080000000000000E-007
Strain (Lagrange def.):
  e(1:3,1) =   0.549257E-01 -0.633316E-02 -0.343121E-02
  e(1:3,2) =  -0.633316E-02  0.585747E-01  0.196494E-02
  e(1:3,3) =  -0.343121E-02  0.196494E-02  0.586752E-01
Rotation:
  r(1:3,1) =    0.00000      0.167351      0.275046E-01
  r(1:3,2) =  -0.167351       0.00000     -0.272056    
  r(1:3,3) =  -0.275046E-01  0.272056       0.00000    
     11900 0.119E-10*l_a,m      11.3576357        11.4519169    
     11900 0.119E-10*l_b,m      11.4206987        11.4458173    
     11900 0.119E-10*l_c,m      11.4305234        11.4277592    
     11900 0.119E-10*ang_bc,m      89.7304    89.9739
     11900 0.119E-10*ang_ca,m      90.4469    90.0073
     11900 0.119E-10*ang_ab,m      90.4564    90.0037
     11900 0.119E-10*volume      1482.56948774        1498.32281495    
 
*temp instantanee des atomes de type 1 =       534.14
 
 * stress en kbar 
1 sigma potentiel (1,1) (2,1) (3,1) =   5.063211902       9.982846863       8.365932171    
2 sigma potentiel (1,2) (2,2) (3,2) =   9.982846863     -0.3124660945      -4.795013255    
3 sigma potentiel (1,3) (2,3) (3,3) =   8.365932171      -4.795013255       6.218438105    
 
1 sigma cinetique (1,1) (2,1) (3,1) =   5.377929083      0.4323746619E-01  0.5561494434    
2 sigma cinetique (1,2) (2,2) (3,2) =  0.4323746619E-01   6.239471512     -0.4279089661    
3 sigma cinetique (1,3) (2,3) (3,3) =  0.5561494434     -0.4279089661       7.483124898    
 
1 sigma total (1,1) (2,1) (3,1) =   10.44114099       10.02608433       8.922081614    
2 sigma total (1,2) (2,2) (3,2) =   10.02608433       5.927005417      -5.222922221    
3 sigma total (1,3) (2,3) (3,3) =   8.922081614      -5.222922221       13.70156300    
 
     11900 0.119E-10*Pression =     10.023    
 pression totale  potentiel = cinetique =
    10.023        3.6564        6.3668    
 ----------valeurs moyennes------------
*temperature moyenne =       590.84
*pression moyenne =    0.35758    
 --------------------------------------
 
 
<<<<<<<<  ITERATION =  12000  time =   0.1200000E-10
 
 
 --------- Temperatures et Pression--------
 ----------valeurs instantanees------------
     12000 0.120E-10*Epot =    -518.2187639823646      eV 
    *energie PAIRE EAM =     33.4028563503      eV 
    *energie GLUE  =    -551.621620333      eV 
     12000 0.120E-10*Ec =     9.13169743864      eV   (551.932 K)
     12000 0.120E-10*Etot =    -509.0870665437212      eV 
 
     12000 0.120E-10*Epot/at =    -4.04858409361      eV 
 
     12000 0.120E-10*Temp instantanee = 551.932
 NPT With Parrinello-Rahman
     12000 0.120E-10*Kcell =    0.213861639428      eV   (551.513 K)
 Box tensor
 a  1.118823186722738E-007  1.821207764181023E-008  1.499068439168419E-010
 b -1.768823237990124E-008  1.083406735558471E-007 -2.916893416842726E-008
 c -5.763020837722823E-009  2.973959749920150E-008  1.107678747076463E-007
 H0(1)  1.080000000000000E-007  0.000000000000000E+000  0.000000000000000E+000
 H0(2)  0.000000000000000E+000  1.080000000000000E-007  0.000000000000000E+000
 H0(3)  0.000000000000000E+000  0.000000000000000E+000  1.080000000000000E-007
Strain (Lagrange def.):
  e(1:3,1) =   0.514291E-01 -0.214915E-02 -0.452841E-02
  e(1:3,2) =  -0.214915E-02  0.552909E-01  0.586163E-02
  e(1:3,3) =  -0.452841E-02  0.586163E-02  0.624302E-01
Rotation:
  r(1:3,1) =    0.00000      0.166205      0.273747E-01
  r(1:3,2) =  -0.166205       0.00000     -0.272725    
  r(1:3,3) =  -0.273747E-01  0.272725       0.00000    
     12000 0.120E-10*l_a,m      11.3354998        11.4509468    
     12000 0.120E-10*l_b,m      11.3584338        11.4450891    
     12000 0.120E-10*l_c,m      11.4835439        11.4282240    
     12000 0.120E-10*ang_bc,m      89.5916    89.9707
     12000 0.120E-10*ang_ca,m      90.3810    90.0104
     12000 0.120E-10*ang_ab,m      90.0457    90.0040
     12000 0.120E-10*volume      1478.47608945        1498.15742557    
 
*temp instantanee des atomes de type 1 =       551.93
 
 * stress en kbar 
1 sigma potentiel (1,1) (2,1) (3,1) =   2.252632281       2.412948164       6.927839598    
2 sigma potentiel (1,2) (2,2) (3,2) =   2.412948164     -0.9254088518      -6.791281288    
3 sigma potentiel (1,3) (2,3) (3,3) =   6.927839598      -6.791281288     -0.9453023287    
 
1 sigma cinetique (1,1) (2,1) (3,1) =   5.502461640      0.3294863365     -0.1202551296    
2 sigma cinetique (1,2) (2,2) (3,2) =  0.3294863365       5.848253203     -0.7671131910    
3 sigma cinetique (1,3) (2,3) (3,3) = -0.1202551296     -0.7671131910       8.440732322    
 
1 sigma total (1,1) (2,1) (3,1) =   7.755093922       2.742434500       6.807584468    
2 sigma total (1,2) (2,2) (3,2) =   2.742434500       4.922844352      -7.558394479    
3 sigma total (1,3) (2,3) (3,3) =   6.807584468      -7.558394479       7.495429993    
 
     12000 0.120E-10*Pression =     6.7245    
 pression totale  potentiel = cinetique =
    6.7245       0.12731        6.5971    
 ----------valeurs moyennes------------
*temperature moyenne =       590.51
*pression moyenne =    0.41064    
 --------------------------------------
 
 
<<<<<<<<  ITERATION =  12100  time =   0.1210000E-10
 
 
 --------- Temperatures et Pression--------
 ----------valeurs instantanees------------
     12100 0.121E-10*Epot =    -517.7634624034413      eV 
    *energie PAIRE EAM =     33.3357726357      eV 
    *energie GLUE  =    -551.099235039      eV 
     12100 0.121E-10*Ec =     8.36111483156      eV   (505.357 K)
     12100 0.121E-10*Etot =    -509.4023475718860      eV 
 
     12100 0.121E-10*Epot/at =    -4.04502705003      eV 
 
     12100 0.121E-10*Temp instantanee = 505.357
 NPT With Parrinello-Rahman
     12100 0.121E-10*Kcell =    0.192037769908      eV   (495.233 K)
 Box tensor
 a  1.117595608811330E-007  1.868926335725410E-008  2.380355425403784E-010
 b -1.729467350905552E-008  1.080706575359727E-007 -2.937429119408749E-008
 c -5.643155539158159E-009  3.008085311393338E-008  1.113053413775829E-007
 H0(1)  1.080000000000000E-007  0.000000000000000E+000  0.000000000000000E+000
 H0(2)  0.000000000000000E+000  1.080000000000000E-007  0.000000000000000E+000
 H0(3)  0.000000000000000E+000  0.000000000000000E+000  1.080000000000000E-007
Strain (Lagrange def.):
  e(1:3,1) =   0.496035E-01  0.213933E-02 -0.400771E-02
  e(1:3,2) =   0.213933E-02  0.544159E-01  0.763500E-02
  e(1:3,3) =  -0.400771E-02  0.763500E-02  0.680635E-01
Rotation:
  r(1:3,1) =    0.00000      0.166592      0.272277E-01
  r(1:3,2) =  -0.166592       0.00000     -0.275255    
  r(1:3,3) =  -0.272277E-01  0.275255       0.00000    
     12100 0.121E-10*l_a,m      11.3311715        11.4499569    
     12100 0.121E-10*l_b,m      11.3319115        11.4441537    
     12100 0.121E-10*l_c,m      11.5436484        11.4291780    
     12100 0.121E-10*ang_bc,m      89.6542    89.9681
     12100 0.121E-10*ang_ca,m      90.1839    90.0118
     12100 0.121E-10*ang_ab,m      89.6434    90.0010
     12100 0.121E-10*volume      1482.18517272        1498.02542348    
 
*temp instantanee des atomes de type 1 =       505.36
 
 * stress en kbar 
1 sigma potentiel (1,1) (2,1) (3,1) =   6.047759469      -3.951527884       6.391614283    
2 sigma potentiel (1,2) (2,2) (3,2) =  -3.951527884       1.274529001      -1.629448743    
3 sigma potentiel (1,3) (2,3) (3,3) =   6.391614283      -1.629448743      -6.584366477    
 
1 sigma cinetique (1,1) (2,1) (3,1) =   7.556192672     -0.1256052947      0.6581230306    
2 sigma cinetique (1,2) (2,2) (3,2) = -0.1256052947       5.838014576      0.1536858365E-01
3 sigma cinetique (1,3) (2,3) (3,3) =  0.6581230306      0.1536858365E-01   4.681781684    
 
1 sigma total (1,1) (2,1) (3,1) =   13.60395214      -4.077133178       7.049737313    
2 sigma total (1,2) (2,2) (3,2) =  -4.077133178       7.112543577      -1.614080159    
3 sigma total (1,3) (2,3) (3,3) =   7.049737313      -1.614080159      -1.902584793    
 
     12100 0.121E-10*Pression =     6.2713    
 pression totale  potentiel = cinetique =
    6.2713       0.24597        6.0253    
 ----------valeurs moyennes------------
*temperature moyenne =       589.81
*pression moyenne =    0.45907    
 --------------------------------------
 
 
<<<<<<<<  ITERATION =  12200  time =   0.1220000E-10
 
 
 --------- Temperatures et Pression--------
 ----------valeurs instantanees------------
     12200 0.122E-10*Epot =    -517.0320830997290      eV 
    *energie PAIRE EAM =     32.3240028542      eV 
    *energie GLUE  =    -549.356085954      eV 
     12200 0.122E-10*Ec =     9.50382831148      eV   (574.424 K)
     12200 0.122E-10*Etot =    -507.5282547882443      eV 
 
     12200 0.122E-10*Epot/at =    -4.03931314922      eV 
 
     12200 0.122E-10*Temp instantanee = 574.424
 NPT With Parrinello-Rahman
     12200 0.122E-10*Kcell =    0.126594377562      eV   (326.466 K)
 Box tensor
 a  1.118784823343753E-007  1.915650275310521E-008  4.618528781914814E-010
 b -1.721543772074851E-008  1.080161268416218E-007 -2.970709360480490E-008
 c -5.298540625534374E-009  3.017125448735641E-008  1.117719870682810E-007
 H0(1)  1.080000000000000E-007  0.000000000000000E+000  0.000000000000000E+000
 H0(2)  0.000000000000000E+000  1.080000000000000E-007  0.000000000000000E+000
 H0(3)  0.000000000000000E+000  0.000000000000000E+000  1.080000000000000E-007
Strain (Lagrange def.):
  e(1:3,1) =   0.504647E-01  0.530658E-02 -0.124899E-02
  e(1:3,2) =   0.530658E-02  0.549023E-01  0.738612E-02
  e(1:3,3) =  -0.124899E-02  0.738612E-02  0.733754E-01
Rotation:
  r(1:3,1) =    0.00000      0.168389      0.266685E-01
  r(1:3,2) =  -0.168389       0.00000     -0.277215    
  r(1:3,3) =  -0.266685E-01  0.277215       0.00000    
     12200 0.122E-10*l_a,m      11.3507620        11.4491439    
     12200 0.122E-10*l_b,m      11.3341812        11.4432523    
     12200 0.122E-10*l_c,m      11.5893728        11.4304910    
     12200 0.122E-10*ang_bc,m      89.8701    89.9673
     12200 0.122E-10*ang_ca,m      89.8397    90.0104
     12200 0.122E-10*ang_ab,m      89.4235    89.9963
     12200 0.122E-10*volume      1490.90621729        1497.96706933    
 
*temp instantanee des atomes de type 1 =       574.42
 
 * stress en kbar 
1 sigma potentiel (1,1) (2,1) (3,1) =   3.688598871      -11.19766278       5.571960395    
2 sigma potentiel (1,2) (2,2) (3,2) =  -11.19766278      -5.774597770      -6.485171045    
3 sigma potentiel (1,3) (2,3) (3,3) =   5.571960395      -6.485171045      -12.01883651    
 
1 sigma cinetique (1,1) (2,1) (3,1) =   7.086305699     -0.1576883453      0.7513843913    
2 sigma cinetique (1,2) (2,2) (3,2) = -0.1576883453       6.336637061      0.5954020316    
3 sigma cinetique (1,3) (2,3) (3,3) =  0.7513843913      0.5954020316       7.003305188    
 
1 sigma total (1,1) (2,1) (3,1) =   10.77490457      -11.35535112       6.323344787    
2 sigma total (1,2) (2,2) (3,2) =  -11.35535112      0.5620392913      -5.889769013    
3 sigma total (1,3) (2,3) (3,3) =   6.323344787      -5.889769013      -5.015531318    
 
     12200 0.122E-10*Pression =     2.1071    
 pression totale  potentiel = cinetique =
    2.1071       -4.7016        6.8087    
 ----------valeurs moyennes------------
*temperature moyenne =       589.68
*pression moyenne =    0.47258    
 --------------------------------------
 
 
<<<<<<<<  ITERATION =  12300  time =   0.1230000E-10
 
 
 --------- Temperatures et Pression--------
 ----------valeurs instantanees------------
     12300 0.123E-10*Epot =    -515.8427426651459      eV 
    *energie PAIRE EAM =     31.5246946944      eV 
    *energie GLUE  =    -547.367437360      eV 
     12300 0.123E-10*Ec =     8.72050651810      eV   (527.079 K)
     12300 0.123E-10*Etot =    -507.1222361470496      eV 
 
     12300 0.123E-10*Epot/at =    -4.03002142707      eV 
 
     12300 0.123E-10*Temp instantanee = 527.079
 NPT With Parrinello-Rahman
     12300 0.123E-10*Kcell =    0.127135568925      eV   (327.861 K)
 Box tensor
 a  1.121762835482013E-007  1.940734568538944E-008  7.085865665679118E-010
 b -1.739856856607656E-008  1.078614002056521E-007 -3.016096377201136E-008
 c -4.949405706423060E-009  3.012325587107728E-008  1.119373550799126E-007
 H0(1)  1.080000000000000E-007  0.000000000000000E+000  0.000000000000000E+000
 H0(2)  0.000000000000000E+000  1.080000000000000E-007  0.000000000000000E+000
 H0(3)  0.000000000000000E+000  0.000000000000000E+000  1.080000000000000E-007
Strain (Lagrange def.):
  e(1:3,1) =   0.534433E-01  0.648653E-02  0.215281E-02
  e(1:3,2) =   0.648653E-02  0.537610E-01  0.567839E-02
  e(1:3,3) =   0.215281E-02  0.567839E-02  0.761384E-01
Rotation:
  r(1:3,1) =    0.00000      0.170398      0.261944E-01
  r(1:3,2) =  -0.170398       0.00000     -0.279094    
  r(1:3,3) =  -0.261944E-01  0.279094       0.00000    
     12300 0.123E-10*l_a,m      11.3844920        11.4486182    
     12300 0.123E-10*l_b,m      11.3342294        11.4423660    
     12300 0.123E-10*l_c,m      11.6025336        11.4318898    
     12300 0.123E-10*ang_bc,m      90.1782    89.9690
     12300 0.123E-10*ang_ca,m      89.5284    90.0065
     12300 0.123E-10*ang_ab,m      89.4662    89.9920
     12300 0.123E-10*volume      1497.00316856        1497.95923274    
 
*temp instantanee des atomes de type 1 =       527.08
 
 * stress en kbar 
1 sigma potentiel (1,1) (2,1) (3,1) = -0.5941952445      -10.84270665      -8.473428783    
2 sigma potentiel (1,2) (2,2) (3,2) =  -10.84270665     -0.9972475193       1.245924400    
3 sigma potentiel (1,3) (2,3) (3,3) =  -8.473428783       1.245924400      -18.97800290    
 
1 sigma cinetique (1,1) (2,1) (3,1) =   5.676575137     -0.5908146868     -0.7574910308E-01
2 sigma cinetique (1,2) (2,2) (3,2) = -0.5908146868       6.525032809     -0.3016306913    
3 sigma cinetique (1,3) (2,3) (3,3) = -0.7574910308E-01 -0.3016306913       6.464739037    
 
1 sigma total (1,1) (2,1) (3,1) =   5.082379893      -11.43352133      -8.549177886    
2 sigma total (1,2) (2,2) (3,2) =  -11.43352133       5.527785290      0.9442937089    
3 sigma total (1,3) (2,3) (3,3) =  -8.549177886      0.9442937089      -12.51326386    
 
     12300 0.123E-10*Pression =   -0.63437    
 pression totale  potentiel = cinetique =
  -0.63437       -6.8565        6.2221    
 ----------valeurs moyennes------------
*temperature moyenne =       589.18
*pression moyenne =    0.46358    
 --------------------------------------
 
 
<<<<<<<<  ITERATION =  12400  time =   0.1240000E-10
 
 
 --------- Temperatures et Pression--------
 ----------valeurs instantanees------------
     12400 0.124E-10*Epot =    -516.4499121009907      eV 
    *energie PAIRE EAM =     31.0776985036      eV 
    *energie GLUE  =    -547.527610605      eV 
     12400 0.124E-10*Ec =     9.09665629632      eV   (549.814 K)
     12400 0.124E-10*Etot =    -507.3532558046692      eV 
 
     12400 0.124E-10*Epot/at =    -4.03476493829      eV 
 
     12400 0.124E-10*Temp instantanee = 549.814
 NPT With Parrinello-Rahman
     12400 0.124E-10*Kcell =    0.120046453477      eV   (309.580 K)
 Box tensor
 a  1.124696236781527E-007  1.946508391542049E-008  8.407272513202290E-010
 b -1.774826899586468E-008  1.076543571007589E-007 -3.051711411013180E-008
 c -4.690206369618101E-009  3.008454187032202E-008  1.117124758944378E-007
 H0(1)  1.080000000000000E-007  0.000000000000000E+000  0.000000000000000E+000
 H0(2)  0.000000000000000E+000  1.080000000000000E-007  0.000000000000000E+000
 H0(3)  0.000000000000000E+000  0.000000000000000E+000  1.080000000000000E-007
Strain (Lagrange def.):
  e(1:3,1) =   0.566879E-01  0.589204E-02  0.481086E-02
  e(1:3,2) =   0.589204E-02  0.518446E-01  0.393875E-02
  e(1:3,3) =   0.481086E-02  0.393875E-02  0.749176E-01
Rotation:
  r(1:3,1) =    0.00000      0.172284      0.256062E-01
  r(1:3,2) =  -0.172284       0.00000     -0.280563    
  r(1:3,3) =  -0.256062E-01  0.280563       0.00000    
     12400 0.124E-10*l_a,m      11.4144700        11.4483428    
     12400 0.124E-10*l_b,m      11.3294995        11.4414557    
     12400 0.124E-10*l_c,m      11.5787542        11.4330741    
     12400 0.124E-10*ang_bc,m      90.3807    89.9723
     12400 0.124E-10*ang_ca,m      89.3410    90.0012
     12400 0.124E-10*ang_ab,m      89.6735    89.9894
     12400 0.124E-10*volume      1497.21011043        1497.95319143    
 
*temp instantanee des atomes de type 1 =       549.81
 
 * stress en kbar 
1 sigma potentiel (1,1) (2,1) (3,1) =  -5.919745023      -3.884653888      -9.416348716    
2 sigma potentiel (1,2) (2,2) (3,2) =  -3.884653888      -2.015087990       4.621831765    
3 sigma potentiel (1,3) (2,3) (3,3) =  -9.416348716       4.621831765      -21.48892077    
 
1 sigma cinetique (1,1) (2,1) (3,1) =   6.077780511     -0.8083197707      -1.862753215    
2 sigma cinetique (1,2) (2,2) (3,2) = -0.8083197707       6.409043315      0.4931837056    
3 sigma cinetique (1,3) (2,3) (3,3) =  -1.862753215      0.4931837056       6.981984874    
 
1 sigma total (1,1) (2,1) (3,1) =  0.1580354884      -4.692973659      -11.27910193    
2 sigma total (1,2) (2,2) (3,2) =  -4.692973659       4.393955324       5.115015471    
3 sigma total (1,3) (2,3) (3,3) =  -11.27910193       5.115015471      -14.50693589    
 
     12400 0.124E-10*Pression =    -3.3183    
 pression totale  potentiel = cinetique =
   -3.3183       -9.8079        6.4896    
 ----------valeurs moyennes------------
*temperature moyenne =       588.86
*pression moyenne =    0.43308    
 --------------------------------------
 
 
<<<<<<<<  ITERATION =  12500  time =   0.1250000E-10
 
 
 --------- Temperatures et Pression--------
 ----------valeurs instantanees------------
     12500 0.125E-10*Epot =    -517.4203311729921      eV 
    *energie PAIRE EAM =     30.6696746711      eV 
    *energie GLUE  =    -548.090005844      eV 
     12500 0.125E-10*Ec =     9.71447499741      eV   (587.156 K)
     12500 0.125E-10*Etot =    -507.7058561755807      eV 
 
     12500 0.125E-10*Epot/at =    -4.04234633729      eV 
 
     12500 0.125E-10*Temp instantanee = 587.156
 NPT With Parrinello-Rahman
     12500 0.125E-10*Kcell =    0.163074916904      eV   (420.543 K)
 Box tensor
 a  1.126526573238557E-007  1.925594350753794E-008  7.542996175883363E-010
 b -1.815400699880346E-008  1.076247741724305E-007 -3.055307528735691E-008
 c -4.534411092244259E-009  3.015738173059810E-008  1.111571925331902E-007
 H0(1)  1.080000000000000E-007  0.000000000000000E+000  0.000000000000000E+000
 H0(2)  0.000000000000000E+000  1.080000000000000E-007  0.000000000000000E+000
 H0(3)  0.000000000000000E+000  0.000000000000000E+000  1.080000000000000E-007
Strain (Lagrange def.):
  e(1:3,1) =   0.590171E-01  0.337219E-02  0.581285E-02
  e(1:3,2) =   0.337219E-02  0.514125E-01  0.336363E-02
  e(1:3,3) =   0.581285E-02  0.336363E-02  0.697008E-01
Rotation:
  r(1:3,1) =    0.00000      0.173194      0.244848E-01
  r(1:3,2) =  -0.173194       0.00000     -0.281067    
  r(1:3,3) =  -0.244848E-01  0.281067       0.00000    
     12500 0.125E-10*l_a,m      11.4289026        11.4481873    
     12500 0.125E-10*l_b,m      11.3340859        11.4405968    
     12500 0.125E-10*l_c,m      11.5264695        11.4338213    
     12500 0.125E-10*ang_bc,m      90.2991    89.9750
     12500 0.125E-10*ang_ca,m      89.3313    89.9958
     12500 0.125E-10*ang_ab,m      89.9811    89.9893
     12500 0.125E-10*volume      1492.97251638        1497.91334603    
 
*temp instantanee des atomes de type 1 =       587.16
 
 * stress en kbar 
1 sigma potentiel (1,1) (2,1) (3,1) =  -8.532029042      -4.513976361      -12.60591370    
2 sigma potentiel (1,2) (2,2) (3,2) =  -4.513976361      -3.553322655      0.4469540567    
3 sigma potentiel (1,3) (2,3) (3,3) =  -12.60591370      0.4469540567      -13.98909632    
 
1 sigma cinetique (1,1) (2,1) (3,1) =   7.113480686      0.8351229113     -0.2729806145    
2 sigma cinetique (1,2) (2,2) (3,2) =  0.8351229113       7.751459956      0.1169519647    
3 sigma cinetique (1,3) (2,3) (3,3) = -0.2729806145      0.1169519647       5.985146044    
 
1 sigma total (1,1) (2,1) (3,1) =  -1.418548356      -3.678853450      -12.87889431    
2 sigma total (1,2) (2,2) (3,2) =  -3.678853450       4.198137301      0.5639060213    
3 sigma total (1,3) (2,3) (3,3) =  -12.87889431      0.5639060213      -8.003950280    
 
     12500 0.125E-10*Pression =    -1.7415    
 pression totale  potentiel = cinetique =
   -1.7415       -8.6915        6.9500    
 ----------valeurs moyennes------------
*temperature moyenne =       588.84
*pression moyenne =    0.41569    
 --------------------------------------
 
 
<<<<<<<<  ITERATION =  12600  time =   0.1260000E-10
 
 
 --------- Temperatures et Pression--------
 ----------valeurs instantanees------------
     12600 0.126E-10*Epot =    -517.0844962820555      eV 
    *energie PAIRE EAM =     33.8757733751      eV 
    *energie GLUE  =    -550.960269657      eV 
     12600 0.126E-10*Ec =     10.3949710573      eV   (628.286 K)
     12600 0.126E-10*Etot =    -506.6895252247806      eV 
 
     12600 0.126E-10*Epot/at =    -4.03972262720      eV 
 
     12600 0.126E-10*Temp instantanee = 628.286
 NPT With Parrinello-Rahman
     12600 0.126E-10*Kcell =    0.258848306307      eV   (667.526 K)
 Box tensor
 a  1.127133215763412E-007  1.886990395699976E-008  3.430997717943333E-010
 b -1.848907959370367E-008  1.076280893342310E-007 -3.045255722373556E-008
 c -4.553261551158821E-009  3.024728678305960E-008  1.103714374409813E-007
 H0(1)  1.080000000000000E-007  0.000000000000000E+000  0.000000000000000E+000
 H0(2)  0.000000000000000E+000  1.080000000000000E-007  0.000000000000000E+000
 H0(3)  0.000000000000000E+000  0.000000000000000E+000  1.080000000000000E-007
Strain (Lagrange def.):
  e(1:3,1) =   0.601368E-01 -0.333747E-04  0.425076E-02
  e(1:3,2) =  -0.333747E-04  0.510450E-01  0.288753E-02
  e(1:3,3) =   0.425076E-02  0.288753E-02  0.619569E-01
Rotation:
  r(1:3,1) =    0.00000      0.172958      0.226683E-01
  r(1:3,2) =  -0.172958       0.00000     -0.281018    
  r(1:3,3) =  -0.226683E-01  0.281018       0.00000    
     12600 0.126E-10*l_a,m      11.4282474        11.4480291    
     12600 0.126E-10*l_b,m      11.3371116        11.4397755    
     12600 0.126E-10*l_c,m      11.4531588        11.4339748    
     12600 0.126E-10*ang_bc,m      90.0946    89.9759
     12600 0.126E-10*ang_ca,m      89.5823    89.9925
     12600 0.126E-10*ang_ab,m      90.2807    89.9917
     12600 0.126E-10*volume      1483.85005752        1497.80173263    
 
*temp instantanee des atomes de type 1 =       628.29
 
 * stress en kbar 
1 sigma potentiel (1,1) (2,1) (3,1) =  -6.109810124       4.219797359      -9.138675957    
2 sigma potentiel (1,2) (2,2) (3,2) =   4.219797359       5.938604046       5.356715656    
3 sigma potentiel (1,3) (2,3) (3,3) =  -9.138675957       5.356715656      -4.919465306    
 
1 sigma cinetique (1,1) (2,1) (3,1) =   6.486249088      0.5818776600E-01  0.9780298876    
2 sigma cinetique (1,2) (2,2) (3,2) =  0.5818776600E-01   8.794209400     -0.4356635419    
3 sigma cinetique (1,3) (2,3) (3,3) =  0.9780298876     -0.4356635419       7.167332485    
 
1 sigma total (1,1) (2,1) (3,1) =  0.3764389636       4.277985125      -8.160646069    
2 sigma total (1,2) (2,2) (3,2) =   4.277985125       14.73281345       4.921052114    
3 sigma total (1,3) (2,3) (3,3) =  -8.160646069       4.921052114       2.247867178    
 
     12600 0.126E-10*Pression =     5.7857    
 pression totale  potentiel = cinetique =
    5.7857       -1.6969        7.4826    
 ----------valeurs moyennes------------
*temperature moyenne =       589.16
*pression moyenne =    0.45831    
 --------------------------------------
 
 
<<<<<<<<  ITERATION =  12700  time =   0.1270000E-10
 
 
 --------- Temperatures et Pression--------
 ----------valeurs instantanees------------
     12700 0.127E-10*Epot =    -517.0222794662117      eV 
    *energie PAIRE EAM =     35.7368433830      eV 
    *energie GLUE  =    -552.759122849      eV 
     12700 0.127E-10*Ec =     10.8823131764      eV   (657.742 K)
     12700 0.127E-10*Etot =    -506.1399662898152      eV 
 
     12700 0.127E-10*Epot/at =    -4.03923655833      eV 
 
     12700 0.127E-10*Temp instantanee = 657.742
 NPT With Parrinello-Rahman
     12700 0.127E-10*Kcell =    0.173194218760      eV   (446.639 K)
 Box tensor
 a  1.128603591551512E-007  1.850417142563776E-008 -1.215306402095520E-010
 b -1.867082929637563E-008  1.078472977506638E-007 -3.045023902982191E-008
 c -4.781144487287799E-009  3.030951666647211E-008  1.095613394285220E-007
 H0(1)  1.080000000000000E-007  0.000000000000000E+000  0.000000000000000E+000
 H0(2)  0.000000000000000E+000  1.080000000000000E-007  0.000000000000000E+000
 H0(3)  0.000000000000000E+000  0.000000000000000E+000  1.080000000000000E-007
Strain (Lagrange def.):
  e(1:3,1) =   0.619393E-01 -0.300605E-02  0.132830E-02
  e(1:3,2) =  -0.300605E-02  0.526454E-01  0.148004E-02
  e(1:3,3) =   0.132830E-02  0.148004E-02  0.543089E-01
Rotation:
  r(1:3,1) =    0.00000      0.172106      0.215723E-01
  r(1:3,2) =  -0.172106       0.00000     -0.281295    
  r(1:3,3) =  -0.215723E-01  0.281295       0.00000    
     12700 0.127E-10*l_a,m      11.4367302        11.4479401    
     12700 0.127E-10*l_b,m      11.3608347        11.4391539    
     12700 0.127E-10*l_c,m      11.3777033        11.4335317    
     12700 0.127E-10*ang_bc,m      89.9029    89.9753
     12700 0.127E-10*ang_ca,m      89.9651    89.9923
     12700 0.127E-10*ang_ab,m      90.4757    89.9955
     12700 0.127E-10*volume      1478.26075412        1497.64786666    
 
*temp instantanee des atomes de type 1 =       657.74
 
 * stress en kbar 
1 sigma potentiel (1,1) (2,1) (3,1) =   4.999527867       7.099101461      -1.696606052    
2 sigma potentiel (1,2) (2,2) (3,2) =   7.099101461       14.15466750       1.408392402    
3 sigma potentiel (1,3) (2,3) (3,3) =  -1.696606052       1.408392402       13.46214809    
 
1 sigma cinetique (1,1) (2,1) (3,1) =   7.103707055     -0.6306403358      0.3798230639    
2 sigma cinetique (1,2) (2,2) (3,2) = -0.6306403358       8.445092107     -0.3279929380    
3 sigma cinetique (1,3) (2,3) (3,3) =  0.3798230639     -0.3279929380       8.040254376    
 
1 sigma total (1,1) (2,1) (3,1) =   12.10323492       6.468461125      -1.316782988    
2 sigma total (1,2) (2,2) (3,2) =   6.468461125       22.59975961       1.080399464    
3 sigma total (1,3) (2,3) (3,3) =  -1.316782988       1.080399464       21.50240247    
 
     12700 0.127E-10*Pression =     18.735    
 pression totale  potentiel = cinetique =
    18.735        10.872        7.8630    
 ----------valeurs moyennes------------
*temperature moyenne =       589.70
*pression moyenne =    0.60222    
 --------------------------------------
 
 
<<<<<<<<  ITERATION =  12800  time =   0.1280000E-10
 
 
 --------- Temperatures et Pression--------
 ----------valeurs instantanees------------
     12800 0.128E-10*Epot =    -517.2889012172827      eV 
    *energie PAIRE EAM =     32.6492101555      eV 
    *energie GLUE  =    -549.938111373      eV 
     12800 0.128E-10*Ec =     10.3231832495      eV   (623.947 K)
     12800 0.128E-10*Etot =    -506.9657179677961      eV 
 
     12800 0.128E-10*Epot/at =    -4.04131954076      eV 
 
     12800 0.128E-10*Temp instantanee = 623.947
 NPT With Parrinello-Rahman
     12800 0.128E-10*Kcell =    0.245251286405      eV   (632.462 K)
 Box tensor
 a  1.132914859354693E-007  1.841932107125327E-008 -6.189181247568264E-010
 b -1.872873721295232E-008  1.084719817998506E-007 -3.059517720212010E-008
 c -4.929266459408173E-009  3.040255837958781E-008  1.090772796658763E-007
 H0(1)  1.080000000000000E-007  0.000000000000000E+000  0.000000000000000E+000
 H0(2)  0.000000000000000E+000  1.080000000000000E-007  0.000000000000000E+000
 H0(3)  0.000000000000000E+000  0.000000000000000E+000  1.080000000000000E-007
Strain (Lagrange def.):
  e(1:3,1) =   0.662733E-01 -0.405750E-02 -0.149092E-02
  e(1:3,2) =  -0.405750E-02  0.585459E-01 -0.595473E-03
  e(1:3,3) =  -0.149092E-02 -0.595473E-03  0.501672E-01
Rotation:
  r(1:3,1) =    0.00000      0.171982      0.199553E-01
  r(1:3,2) =  -0.171982       0.00000     -0.282397    
  r(1:3,3) =  -0.199553E-01  0.282397       0.00000    
     12800 0.128E-10*l_a,m      11.4780727        11.4481755    
     12800 0.128E-10*l_b,m      11.4249732        11.4390431    
     12800 0.128E-10*l_c,m      11.3342252        11.4327559    
     12800 0.128E-10*ang_bc,m      89.7659    89.9737
     12800 0.128E-10*ang_ca,m      90.2905    89.9946
     12800 0.128E-10*ang_ab,m      90.4583    89.9991
     12800 0.128E-10*volume      1486.25377691        1497.55885033    
 
*temp instantanee des atomes de type 1 =       623.95
 
 * stress en kbar 
1 sigma potentiel (1,1) (2,1) (3,1) =  -9.815706124       7.424531102       9.614048675    
2 sigma potentiel (1,2) (2,2) (3,2) =   7.424531102      -5.604740486      0.5643771422    
3 sigma potentiel (1,3) (2,3) (3,3) =   9.614048675      0.5643771422       3.265245048    
 
1 sigma cinetique (1,1) (2,1) (3,1) =   7.772533406      0.8878577779E-01 -0.1121598032    
2 sigma cinetique (1,2) (2,2) (3,2) =  0.8878577779E-01   7.456225960      -1.203904672    
3 sigma cinetique (1,3) (2,3) (3,3) = -0.1121598032      -1.203904672       7.027952757    
 
1 sigma total (1,1) (2,1) (3,1) =  -2.043172718       7.513316880       9.501888871    
2 sigma total (1,2) (2,2) (3,2) =   7.513316880       1.851485474     -0.6395275302    
3 sigma total (1,3) (2,3) (3,3) =   9.501888871     -0.6395275302       10.29319781    
 
     12800 0.128E-10*Pression =     3.3672    
 pression totale  potentiel = cinetique =
    3.3672       -4.0517        7.4189    
 ----------valeurs moyennes------------
*temperature moyenne =       589.97
*pression moyenne =    0.62382    
 --------------------------------------
 
 
<<<<<<<<  ITERATION =  12900  time =   0.1290000E-10
 
 
 --------- Temperatures et Pression--------
 ----------valeurs instantanees------------
     12900 0.129E-10*Epot =    -516.9355315591278      eV 
    *energie PAIRE EAM =     31.1555951049      eV 
    *energie GLUE  =    -548.091126664      eV 
     12900 0.129E-10*Ec =     11.6740882749      eV   (705.598 K)
     12900 0.129E-10*Etot =    -505.2614432842582      eV 
 
     12900 0.129E-10*Epot/at =    -4.03855884031      eV 
 
     12900 0.129E-10*Temp instantanee = 705.598
 NPT With Parrinello-Rahman
     12900 0.129E-10*Kcell =    0.169179705530      eV   (436.286 K)
 Box tensor
 a  1.135682346250409E-007  1.838067180904582E-008 -1.111763549013363E-009
 b -1.854592105633724E-008  1.091500338493481E-007 -3.093170076864928E-008
 c -4.973059170448660E-009  3.039316006852942E-008  1.087634527852010E-007
 H0(1)  1.080000000000000E-007  0.000000000000000E+000  0.000000000000000E+000
 H0(2)  0.000000000000000E+000  1.080000000000000E-007  0.000000000000000E+000
 H0(3)  0.000000000000000E+000  0.000000000000000E+000  1.080000000000000E-007
Strain (Lagrange def.):
  e(1:3,1) =   0.686911E-01 -0.377120E-02 -0.400768E-02
  e(1:3,2) =  -0.377120E-02  0.647858E-01 -0.389944E-02
  e(1:3,3) =  -0.400768E-02 -0.389944E-02  0.481608E-01
Rotation:
  r(1:3,1) =    0.00000      0.170956      0.178764E-01
  r(1:3,2) =  -0.170956       0.00000     -0.283911    
  r(1:3,3) =  -0.178764E-01  0.283911       0.00000    
     12900 0.129E-10*l_a,m      11.5051419        11.4486171    
     12900 0.129E-10*l_b,m      11.4954126        11.4394801    
     12900 0.129E-10*l_c,m      11.3039657        11.4317575    
     12900 0.129E-10*ang_bc,m      89.7998    89.9723
     12900 0.129E-10*ang_ca,m      90.5598    89.9990
     12900 0.129E-10*ang_ab,m      90.2841    90.0013
     12900 0.129E-10*volume      1494.92268924        1497.53841497    
 
*temp instantanee des atomes de type 1 =       705.60
 
 * stress en kbar 
1 sigma potentiel (1,1) (2,1) (3,1) =  -19.53642200       8.955065683       8.321228949    
2 sigma potentiel (1,2) (2,2) (3,2) =   8.955065683      -15.66699739      -1.408125203    
3 sigma potentiel (1,3) (2,3) (3,3) =   8.321228949      -1.408125203      -7.148717561    
 
1 sigma cinetique (1,1) (2,1) (3,1) =   8.290778212      0.9727226074       1.047759119    
2 sigma cinetique (1,2) (2,2) (3,2) =  0.9727226074       9.389376571     -0.5117943855    
3 sigma cinetique (1,3) (2,3) (3,3) =   1.047759119     -0.5117943855       7.343145214    
 
1 sigma total (1,1) (2,1) (3,1) =  -11.24564379       9.927788291       9.368988068    
2 sigma total (1,2) (2,2) (3,2) =   9.927788291      -6.277620819      -1.919919588    
3 sigma total (1,3) (2,3) (3,3) =   9.368988068      -1.919919588      0.1944276533    
 
     12900 0.129E-10*Pression =    -5.7763    
 pression totale  potentiel = cinetique =
   -5.7763       -14.117        8.3411    
 ----------valeurs moyennes------------
*temperature moyenne =       590.86
*pression moyenne =    0.57421    
 --------------------------------------
 
 
<<<<<<<<  ITERATION =  13000  time =   0.1300000E-10
 
 
 --------- Temperatures et Pression--------
 ----------valeurs instantanees------------
     13000 0.130E-10*Epot =    -515.8697605392059      eV 
    *energie PAIRE EAM =     30.7991101371      eV 
    *energie GLUE  =    -546.668870676      eV 
     13000 0.130E-10*Ec =     9.63391590396      eV   (582.287 K)
     13000 0.130E-10*Etot =    -506.2358446352455      eV 
 
     13000 0.130E-10*Epot/at =    -4.03023250421      eV 
 
     13000 0.130E-10*Temp instantanee = 582.287
 NPT With Parrinello-Rahman
     13000 0.130E-10*Kcell =    0.140794549558      eV   (363.085 K)
 Box tensor
 a  1.137107114074935E-007  1.847853633883631E-008 -1.404648042613052E-009
 b -1.823140634545601E-008  1.095837858583320E-007 -3.140244464707111E-008
 c -4.821673023043269E-009  3.024552022535953E-008  1.084840978609562E-007
 H0(1)  1.080000000000000E-007  0.000000000000000E+000  0.000000000000000E+000
 H0(2)  0.000000000000000E+000  1.080000000000000E-007  0.000000000000000E+000
 H0(3)  0.000000000000000E+000  0.000000000000000E+000  1.080000000000000E-007
Strain (Lagrange def.):
  e(1:3,1) =   0.695198E-01 -0.182155E-02 -0.472769E-02
  e(1:3,2) =  -0.182155E-02  0.686237E-01 -0.797311E-02
  e(1:3,3) =  -0.472769E-02 -0.797311E-02  0.468487E-01
Rotation:
  r(1:3,1) =    0.00000      0.169953      0.158196E-01
  r(1:3,2) =  -0.169953       0.00000     -0.285407    
  r(1:3,3) =  -0.158196E-01  0.285407       0.00000    
     13000 0.130E-10*l_a,m      11.5210916        11.4491746    
     13000 0.130E-10*l_b,m      11.5443076        11.4402864    
     13000 0.130E-10*l_c,m      11.2724618        11.4305321    
     13000 0.130E-10*ang_bc,m      90.0191    89.9727
     13000 0.130E-10*ang_ca,m      90.6254    90.0038
     13000 0.130E-10*ang_ab,m      90.0174    90.0014
     13000 0.130E-10*volume      1499.18204816        1497.55105831    
 
*temp instantanee des atomes de type 1 =       582.29
 
 * stress en kbar 
1 sigma potentiel (1,1) (2,1) (3,1) =  -12.15673735       7.386913269       11.91917266    
2 sigma potentiel (1,2) (2,2) (3,2) =   7.386913269      -11.65512682       4.315317552    
3 sigma potentiel (1,3) (2,3) (3,3) =   11.91917266       4.315317552     -0.2705600843    
 
1 sigma cinetique (1,1) (2,1) (3,1) =   7.383436790      0.2513597472      0.3964397084    
2 sigma cinetique (1,2) (2,2) (3,2) =  0.2513597472       6.430831681     -0.3321745603    
3 sigma cinetique (1,3) (2,3) (3,3) =  0.3964397084     -0.3321745603       6.777271199    
 
1 sigma total (1,1) (2,1) (3,1) =  -4.773300557       7.638273016       12.31561237    
2 sigma total (1,2) (2,2) (3,2) =   7.638273016      -5.224295135       3.983142992    
3 sigma total (1,3) (2,3) (3,3) =   12.31561237       3.983142992       6.506711115    
 
     13000 0.130E-10*Pression =    -1.1636    
 pression totale  potentiel = cinetique =
   -1.1636       -8.0275        6.8638    
 ----------valeurs moyennes------------
*temperature moyenne =       590.80
*pression moyenne =    0.56084    
 --------------------------------------
 
 
<<<<<<<<  ITERATION =  13100  time =   0.1310000E-10
 
 
 --------- Temperatures et Pression--------
 ----------valeurs instantanees------------
     13100 0.131E-10*Epot =    -515.2493944521295      eV 
    *energie PAIRE EAM =     32.6128207693      eV 
    *energie GLUE  =    -547.862215221      eV 
     13100 0.131E-10*Ec =     9.43686157783      eV   (570.377 K)
     13100 0.131E-10*Etot =    -505.8125328742971      eV 
 
     13100 0.131E-10*Epot/at =    -4.02538589416      eV 
 
     13100 0.131E-10*Temp instantanee = 570.377
 NPT With Parrinello-Rahman
     13100 0.131E-10*Kcell =    0.192163568153      eV   (495.558 K)
 Box tensor
 a  1.136584901378387E-007  1.853769589354092E-008 -1.601969923376757E-009
 b -1.786052476914773E-008  1.097289016497355E-007 -3.196464020842758E-008
 c -4.397926796766438E-009  3.007826115868014E-008  1.080827363679690E-007
 H0(1)  1.080000000000000E-007  0.000000000000000E+000  0.000000000000000E+000
 H0(2)  0.000000000000000E+000  1.080000000000000E-007  0.000000000000000E+000
 H0(3)  0.000000000000000E+000  0.000000000000000E+000  1.080000000000000E-007
Strain (Lagrange def.):
  e(1:3,1) =   0.682696E-01  0.637379E-03 -0.370851E-02
  e(1:3,2) =   0.637379E-03  0.696493E-01 -0.122686E-01
  e(1:3,3) =  -0.370851E-02 -0.122686E-01  0.446752E-01
Rotation:
  r(1:3,1) =    0.00000      0.168510      0.129442E-01
  r(1:3,2) =  -0.168510       0.00000     -0.287236    
  r(1:3,3) =  -0.129442E-01  0.287236       0.00000    
     13100 0.131E-10*l_a,m      11.5171459        11.4496935    
     13100 0.131E-10*l_b,m      11.5677000        11.4412591    
     13100 0.131E-10*l_c,m      11.2276095        11.4289831    
     13100 0.131E-10*ang_bc,m      90.3345    89.9755
     13100 0.131E-10*ang_ca,m      90.5114    90.0077
     13100 0.131E-10*ang_ab,m      89.7621    89.9996
     13100 0.131E-10*volume      1495.72181642        1497.53709463    
 
*temp instantanee des atomes de type 1 =       570.38
 
 * stress en kbar 
1 sigma potentiel (1,1) (2,1) (3,1) =  -7.031133634      -1.543183828       4.958534188    
2 sigma potentiel (1,2) (2,2) (3,2) =  -1.543183828      -7.701318360       12.31138460    
3 sigma potentiel (1,3) (2,3) (3,3) =   4.958534188       12.31138460      0.2140897772    
 
1 sigma cinetique (1,1) (2,1) (3,1) =   5.476687065       1.047250486     -0.8116051943    
2 sigma cinetique (1,2) (2,2) (3,2) =   1.047250486       6.437515085     -0.4511284523E-03
3 sigma cinetique (1,3) (2,3) (3,3) = -0.8116051943     -0.4511284523E-03   8.302815935    
 
1 sigma total (1,1) (2,1) (3,1) =  -1.554446569     -0.4959333420       4.146928994    
2 sigma total (1,2) (2,2) (3,2) = -0.4959333420      -1.263803275       12.31093347    
3 sigma total (1,3) (2,3) (3,3) =   4.146928994       12.31093347       8.516905712    
 
     13100 0.131E-10*Pression =     1.8996    
 pression totale  potentiel = cinetique =
    1.8996       -4.8395        6.7390    
 ----------valeurs moyennes------------
*temperature moyenne =       590.64
*pression moyenne =    0.57106    
 --------------------------------------
 
 
<<<<<<<<  ITERATION =  13200  time =   0.1320000E-10
 
 
 --------- Temperatures et Pression--------
 ----------valeurs instantanees------------
     13200 0.132E-10*Epot =    -515.9409979377895      eV 
    *energie PAIRE EAM =     32.5457375803      eV 
    *energie GLUE  =    -548.486735518      eV 
     13200 0.132E-10*Ec =     8.71262146686      eV   (526.603 K)
     13200 0.132E-10*Etot =    -507.2283764709290      eV 
 
     13200 0.132E-10*Epot/at =    -4.03078904639      eV 
 
     13200 0.132E-10*Temp instantanee = 526.603
 NPT With Parrinello-Rahman
     13200 0.132E-10*Kcell =    0.111975340357      eV   (288.766 K)
 Box tensor
 a  1.134818791175014E-007  1.867276020615591E-008 -1.718571090854159E-009
 b -1.745956627004336E-008  1.099697205200489E-007 -3.232559821311619E-008
 c -3.879939550217487E-009  3.003316468978084E-008  1.077684209186003E-007
 H0(1)  1.080000000000000E-007  0.000000000000000E+000  0.000000000000000E+000
 H0(2)  0.000000000000000E+000  1.080000000000000E-007  0.000000000000000E+000
 H0(3)  0.000000000000000E+000  0.000000000000000E+000  1.080000000000000E-007
Strain (Lagrange def.):
  e(1:3,1) =   0.657591E-01  0.353521E-02 -0.209065E-02
  e(1:3,2) =   0.353521E-02  0.720166E-01 -0.150163E-01
  e(1:3,3) =  -0.209065E-02 -0.150163E-01  0.427782E-01
Rotation:
  r(1:3,1) =    0.00000      0.167279      0.100063E-01
  r(1:3,2) =  -0.167279       0.00000     -0.288698    
  r(1:3,3) =  -0.100063E-01  0.288698       0.00000    
     13200 0.132E-10*l_a,m      11.5020704        11.4500903    
     13200 0.132E-10*l_b,m      11.5944470        11.4424196    
     13200 0.132E-10*l_c,m      11.1942295        11.4272047    
     13200 0.132E-10*ang_bc,m      90.4997    89.9794
     13200 0.132E-10*ang_ca,m      90.2879    90.0098
     13200 0.132E-10*ang_ab,m      89.4516    89.9954
     13200 0.132E-10*volume      1492.72068640        1497.50060669    
 
*temp instantanee des atomes de type 1 =       526.60
 
 * stress en kbar 
1 sigma potentiel (1,1) (2,1) (3,1) =  -4.006894093      -7.763609171       6.076872903    
2 sigma potentiel (1,2) (2,2) (3,2) =  -7.763609171      -7.511598548       13.30179550    
3 sigma potentiel (1,3) (2,3) (3,3) =   6.076872903       13.30179550      0.3348867302E-01
 
1 sigma cinetique (1,1) (2,1) (3,1) =   6.055444666     -0.2997268508      0.1788041591    
2 sigma cinetique (1,2) (2,2) (3,2) = -0.2997268508       6.165138433      0.5795813699    
3 sigma cinetique (1,3) (2,3) (3,3) =  0.1788041591      0.5795813699       6.482389498    
 
1 sigma total (1,1) (2,1) (3,1) =   2.048550573      -8.063336021       6.255677062    
2 sigma total (1,2) (2,2) (3,2) =  -8.063336021      -1.346460115       13.88137687    
3 sigma total (1,3) (2,3) (3,3) =   6.255677062       13.88137687       6.515878171    
 
     13200 0.132E-10*Pression =     2.4060    
 pression totale  potentiel = cinetique =
    2.4060       -3.8283        6.2343    
 ----------valeurs moyennes------------
*temperature moyenne =       590.15
*pression moyenne =    0.58496    
 --------------------------------------
 
 
<<<<<<<<  ITERATION =  13300  time =   0.1330000E-10
 
 
 --------- Temperatures et Pression--------
 ----------valeurs instantanees------------
     13300 0.133E-10*Epot =    -516.6353805103646      eV 
    *energie PAIRE EAM =     32.1106222218      eV 
    *energie GLUE  =    -548.746002732      eV 
     13300 0.133E-10*Ec =     10.7576061676      eV   (650.204 K)
     13300 0.133E-10*Etot =    -505.8777743427672      eV 
 
     13300 0.133E-10*Epot/at =    -4.03621391024      eV 
 
     13300 0.133E-10*Temp instantanee = 650.204
 NPT With Parrinello-Rahman
     13300 0.133E-10*Kcell =    0.805037496471E-01  eV   (207.606 K)
 Box tensor
 a  1.133118545585049E-007  1.879462777116004E-008 -1.614197942328288E-009
 b -1.716246847621014E-008  1.101018008226097E-007 -3.256462360135458E-008
 c -3.445390672932643E-009  3.023172315264310E-008  1.077263452551227E-007
 H0(1)  1.080000000000000E-007  0.000000000000000E+000  0.000000000000000E+000
 H0(2)  0.000000000000000E+000  1.080000000000000E-007  0.000000000000000E+000
 H0(3)  0.000000000000000E+000  0.000000000000000E+000  1.080000000000000E-007
Strain (Lagrange def.):
  e(1:3,1) =   0.635287E-01  0.582456E-02  0.206714E-03
  e(1:3,2) =   0.582456E-02  0.739713E-01 -0.153896E-01
  e(1:3,3) =   0.206714E-03 -0.153896E-01  0.430395E-01
Rotation:
  r(1:3,1) =    0.00000      0.166468      0.847774E-02
  r(1:3,2) =  -0.166468       0.00000     -0.290724    
  r(1:3,3) =  -0.847774E-02  0.290724       0.00000    
     13300 0.133E-10*l_a,m      11.4871320        11.4503688    
     13300 0.133E-10*l_b,m      11.6092255        11.4436738    
     13300 0.133E-10*l_c,m      11.1941026        11.4254520    
     13300 0.133E-10*ang_bc,m      90.5307    89.9836
     13300 0.133E-10*ang_ca,m      89.9826    90.0096
     13300 0.133E-10*ang_ab,m      89.2387    89.9898
     13300 0.133E-10*volume      1492.61270778        1497.46385557    
 
*temp instantanee des atomes de type 1 =       650.20
 
 * stress en kbar 
1 sigma potentiel (1,1) (2,1) (3,1) =  -8.961230727      -15.81099980      -1.404267134    
2 sigma potentiel (1,2) (2,2) (3,2) =  -15.81099980      -16.50755502       14.28666123    
3 sigma potentiel (1,3) (2,3) (3,3) =  -1.404267134       14.28666123      -7.769636113    
 
1 sigma cinetique (1,1) (2,1) (3,1) =   7.400074658     -0.1868148000      0.5492858054    
2 sigma cinetique (1,2) (2,2) (3,2) = -0.1868148000       6.879824623       1.275210546    
3 sigma cinetique (1,3) (2,3) (3,3) =  0.5492858054       1.275210546       8.814615875    
 
1 sigma total (1,1) (2,1) (3,1) =  -1.561156069      -15.99781460     -0.8549813288    
2 sigma total (1,2) (2,2) (3,2) =  -15.99781460      -9.627730394       15.56187177    
3 sigma total (1,3) (2,3) (3,3) = -0.8549813288       15.56187177       1.044979762    
 
     13300 0.133E-10*Pression =    -3.3813    
 pression totale  potentiel = cinetique =
   -3.3813       -11.079        7.6982    
 ----------valeurs moyennes------------
*temperature moyenne =       590.61
*pression moyenne =    0.55514    
 --------------------------------------
 
 
<<<<<<<<  ITERATION =  13400  time =   0.1340000E-10
 
 
 --------- Temperatures et Pression--------
 ----------valeurs instantanees------------
     13400 0.134E-10*Epot =    -516.4765133053103      eV 
    *energie PAIRE EAM =     31.2627780184      eV 
    *energie GLUE  =    -547.739291324      eV 
     13400 0.134E-10*Ec =     11.6005567540      eV   (701.154 K)
     13400 0.134E-10*Etot =    -504.8759565512674      eV 
 
     13400 0.134E-10*Epot/at =    -4.03497276020      eV 
 
     13400 0.134E-10*Temp instantanee = 701.154
 NPT With Parrinello-Rahman
     13400 0.134E-10*Kcell =    0.184779272655      eV   (476.515 K)
 Box tensor
 a  1.132386553267842E-007  1.871215716461354E-008 -1.444442896395909E-009
 b -1.711372379946594E-008  1.100263551981803E-007 -3.238404159332690E-008
 c -3.107450220138420E-009  3.080371310138309E-008  1.079466470439603E-007
 H0(1)  1.080000000000000E-007  0.000000000000000E+000  0.000000000000000E+000
 H0(2)  0.000000000000000E+000  1.080000000000000E-007  0.000000000000000E+000
 H0(3)  0.000000000000000E+000  0.000000000000000E+000  1.080000000000000E-007
Strain (Lagrange def.):
  e(1:3,1) =   0.626513E-01  0.601243E-02  0.236651E-02
  e(1:3,2) =   0.601243E-02  0.746233E-01 -0.113584E-01
  e(1:3,3) =   0.236651E-02 -0.113584E-01  0.445512E-01
Rotation:
  r(1:3,1) =    0.00000      0.165861      0.769911E-02
  r(1:3,2) =  -0.165861       0.00000     -0.292536    
  r(1:3,3) =  -0.769911E-02  0.292536       0.00000    
     13400 0.134E-10*l_a,m      11.4783380        11.4505775    
     13400 0.134E-10*l_b,m      11.5962945        11.4448127    
     13400 0.134E-10*l_c,m      11.2298725        11.4239925    
     13400 0.134E-10*ang_bc,m      90.2347    89.9855
     13400 0.134E-10*ang_ca,m      89.6951    90.0073
     13400 0.134E-10*ang_ab,m      89.2782    89.9844
     13400 0.134E-10*volume      1494.61278615        1497.44257893    
 
*temp instantanee des atomes de type 1 =       701.15
 
 * stress en kbar 
1 sigma potentiel (1,1) (2,1) (3,1) =  -8.347015872      -7.865398206      -6.976106853    
2 sigma potentiel (1,2) (2,2) (3,2) =  -7.865398206      -15.63727850       8.501968801    
3 sigma potentiel (1,3) (2,3) (3,3) =  -6.976106853       8.501968801      -3.317005608    
 
1 sigma cinetique (1,1) (2,1) (3,1) =   7.533692984     -0.7858923405      -1.100353092    
2 sigma cinetique (1,2) (2,2) (3,2) = -0.7858923405       9.504218685     -0.5608541142    
3 sigma cinetique (1,3) (2,3) (3,3) =  -1.100353092     -0.5608541142       7.832930014    
 
1 sigma total (1,1) (2,1) (3,1) = -0.8133228879      -8.651290547      -8.076459946    
2 sigma total (1,2) (2,2) (3,2) =  -8.651290547      -6.133059815       7.941114687    
3 sigma total (1,3) (2,3) (3,3) =  -8.076459946       7.941114687       4.515924407    
 
     13400 0.134E-10*Pression =   -0.81015    
 pression totale  potentiel = cinetique =
  -0.81015       -9.1004        8.2903    
 ----------valeurs moyennes------------
*temperature moyenne =       591.43
*pression moyenne =    0.54495    
 --------------------------------------
 
 
<<<<<<<<  ITERATION =  13500  time =   0.1350000E-10
 
 
 --------- Temperatures et Pression--------
 ----------valeurs instantanees------------
     13500 0.135E-10*Epot =    -516.8886609868931      eV 
    *energie PAIRE EAM =     29.6720559037      eV 
    *energie GLUE  =    -546.560716891      eV 
     13500 0.135E-10*Ec =     9.68329622882      eV   (585.272 K)
     13500 0.135E-10*Etot =    -507.2053647580769      eV 
 
     13500 0.135E-10*Epot/at =    -4.03819266396      eV 
 
     13500 0.135E-10*Temp instantanee = 585.272
 NPT With Parrinello-Rahman
     13500 0.135E-10*Kcell =    0.349813359212      eV   (902.110 K)
 Box tensor
 a  1.132170273377866E-007  1.845195540741803E-008 -1.398781695322667E-009
 b -1.726376963730967E-008  1.097613718378485E-007 -3.181083077064245E-008
 c -2.901253916232133E-009  3.158020268527566E-008  1.084270534183978E-007
 H0(1)  1.080000000000000E-007  0.000000000000000E+000  0.000000000000000E+000
 H0(2)  0.000000000000000E+000  1.080000000000000E-007  0.000000000000000E+000
 H0(3)  0.000000000000000E+000  0.000000000000000E+000  1.080000000000000E-007
Strain (Lagrange def.):
  e(1:3,1) =   0.626093E-01  0.439636E-02  0.326794E-02
  e(1:3,2) =   0.439636E-02  0.737887E-01 -0.399787E-02
  e(1:3,3) =   0.326794E-02 -0.399787E-02  0.474242E-01
Rotation:
  r(1:3,1) =    0.00000      0.165351      0.695589E-02
  r(1:3,2) =  -0.165351       0.00000     -0.293477    
  r(1:3,3) =  -0.695589E-02  0.293477       0.00000    
     13500 0.135E-10*l_a,m      11.4719338        11.4507357    
     13500 0.135E-10*l_b,m      11.5574761        11.4456473    
     13500 0.135E-10*l_c,m      11.2969697        11.4230516    
     13500 0.135E-10*ang_bc,m      89.7050    89.9834
     13500 0.135E-10*ang_ca,m      89.5465    90.0039
     13500 0.135E-10*ang_ab,m      89.5019    89.9809
     13500 0.135E-10*volume      1497.70397626        1497.44451521    
 
*temp instantanee des atomes de type 1 =       585.27
 
 * stress en kbar 
1 sigma potentiel (1,1) (2,1) (3,1) =  -10.20369647      -6.808628733      -8.452277724    
2 sigma potentiel (1,2) (2,2) (3,2) =  -6.808628733      -22.26974451     -0.6279491539    
3 sigma potentiel (1,3) (2,3) (3,3) =  -8.452277724     -0.6279491539      -5.970057407    
 
1 sigma cinetique (1,1) (2,1) (3,1) =   6.455738098      0.3340771991      0.3059692265    
2 sigma cinetique (1,2) (2,2) (3,2) =  0.3340771991       6.284056317      0.1460602751    
3 sigma cinetique (1,3) (2,3) (3,3) =  0.3059692265      0.1460602751       7.977716588    
 
1 sigma total (1,1) (2,1) (3,1) =  -3.747958368      -6.474551534      -8.146308497    
2 sigma total (1,2) (2,2) (3,2) =  -6.474551534      -15.98568819     -0.4818888788    
3 sigma total (1,3) (2,3) (3,3) =  -8.146308497     -0.4818888788       2.007659181    
 
     13500 0.135E-10*Pression =    -5.9087    
 pression totale  potentiel = cinetique =
   -5.9087       -12.814        6.9058    
 ----------valeurs moyennes------------
*temperature moyenne =       591.39
*pression moyenne =    0.49714    
 --------------------------------------
 
 
<<<<<<<<  ITERATION =  13600  time =   0.1360000E-10
 
 
 --------- Temperatures et Pression--------
 ----------valeurs instantanees------------
     13600 0.136E-10*Epot =    -517.5648090725437      eV 
    *energie PAIRE EAM =     29.5542273983      eV 
    *energie GLUE  =    -547.119036471      eV 
     13600 0.136E-10*Ec =     9.41588073301      eV   (569.109 K)
     13600 0.136E-10*Etot =    -508.1489283395300      eV 
 
     13600 0.136E-10*Epot/at =    -4.04347507088      eV 
 
     13600 0.136E-10*Temp instantanee = 569.109
 NPT With Parrinello-Rahman
     13600 0.136E-10*Kcell =    0.387939349470      eV   (1000.430 K)
 Box tensor
 a  1.130884543577610E-007  1.794264261197568E-008 -1.543315490531970E-009
 b -1.753138284833692E-008  1.092408334941783E-007 -3.111092334585777E-008
 c -2.735086043192908E-009  3.224627018007501E-008  1.090909513637794E-007
 H0(1)  1.080000000000000E-007  0.000000000000000E+000  0.000000000000000E+000
 H0(2)  0.000000000000000E+000  1.080000000000000E-007  0.000000000000000E+000
 H0(3)  0.000000000000000E+000  0.000000000000000E+000  1.080000000000000E-007
Strain (Lagrange def.):
  e(1:3,1) =   0.617210E-01  0.110453E-02  0.310842E-02
  e(1:3,2) =   0.110453E-02  0.699297E-01  0.392241E-02
  e(1:3,3) =   0.310842E-02  0.392241E-02  0.517450E-01
Rotation:
  r(1:3,1) =    0.00000      0.164232      0.551746E-02
  r(1:3,2) =  -0.164232       0.00000     -0.293320    
  r(1:3,3) =  -0.551746E-02  0.293320       0.00000    
     13600 0.136E-10*l_a,m      11.4513400        11.4507401    
     13600 0.136E-10*l_b,m      11.4929538        11.4459951    
     13600 0.136E-10*l_c,m      11.3789887        11.4227276    
     13600 0.136E-10*ang_bc,m      89.2261    89.9778
     13600 0.136E-10*ang_ca,m      89.5563    90.0006
     13600 0.136E-10*ang_ab,m      89.8890    89.9802
     13600 0.136E-10*volume      1497.40149370        1497.44419887    
 
*temp instantanee des atomes de type 1 =       569.11
 
 * stress en kbar 
1 sigma potentiel (1,1) (2,1) (3,1) =  -13.58948206      -2.426828774      -7.664963783    
2 sigma potentiel (1,2) (2,2) (3,2) =  -2.426828774      -24.36287299      -7.986020954    
3 sigma potentiel (1,3) (2,3) (3,3) =  -7.664963783      -7.986020954      -4.067414887    
 
1 sigma cinetique (1,1) (2,1) (3,1) =   7.198626213     -0.4626619803      0.6236904974    
2 sigma cinetique (1,2) (2,2) (3,2) = -0.4626619803       7.459295253      0.2417588951    
3 sigma cinetique (1,3) (2,3) (3,3) =  0.6236904974      0.2417588951       5.491520822    
 
1 sigma total (1,1) (2,1) (3,1) =  -6.390855846      -2.889490754      -7.041273286    
2 sigma total (1,2) (2,2) (3,2) =  -2.889490754      -16.90357773      -7.744262059    
3 sigma total (1,3) (2,3) (3,3) =  -7.041273286      -7.744262059       1.424105935    
 
     13600 0.136E-10*Pression =    -7.2901    
 pression totale  potentiel = cinetique =
   -7.2901       -14.007        6.7165    
 ----------valeurs moyennes------------
*temperature moyenne =       591.22
*pression moyenne =    0.43988    
 --------------------------------------
 
 
<<<<<<<<  ITERATION =  13700  time =   0.1370000E-10
 
 
 --------- Temperatures et Pression--------
 ----------valeurs instantanees------------
     13700 0.137E-10*Epot =    -517.9340750107473      eV 
    *energie PAIRE EAM =     29.9716945591      eV 
    *energie GLUE  =    -547.905769570      eV 
     13700 0.137E-10*Ec =     9.92153209494      eV   (599.671 K)
     13700 0.137E-10*Etot =    -508.0125429158069      eV 
 
     13700 0.137E-10*Epot/at =    -4.04635996102      eV 
 
     13700 0.137E-10*Temp instantanee = 599.671
 NPT With Parrinello-Rahman
     13700 0.137E-10*Kcell =    0.377056656092      eV   (972.366 K)
 Box tensor
 a  1.128587422196873E-007  1.729598288014086E-008 -1.786447448388427E-009
 b -1.787464963401567E-008  1.084531508577997E-007 -3.063457143271364E-008
 c -2.644120692670845E-009  3.262148663088338E-008  1.097832332361324E-007
 H0(1)  1.080000000000000E-007  0.000000000000000E+000  0.000000000000000E+000
 H0(2)  0.000000000000000E+000  1.080000000000000E-007  0.000000000000000E+000
 H0(3)  0.000000000000000E+000  0.000000000000000E+000  1.080000000000000E-007
Strain (Lagrange def.):
  e(1:3,1) =   0.599961E-01 -0.312133E-02  0.238708E-02
  e(1:3,2) =  -0.312133E-02  0.626457E-01  0.977272E-02
  e(1:3,3) =   0.238708E-02  0.977272E-02  0.570142E-01
Rotation:
  r(1:3,1) =    0.00000      0.162827      0.397071E-02
  r(1:3,2) =  -0.162827       0.00000     -0.292852    
  r(1:3,3) =  -0.397071E-02  0.292852       0.00000    
     13700 0.137E-10*l_a,m      11.4190359        11.4505087    
     13700 0.137E-10*l_b,m      11.4105504        11.4457364    
     13700 0.137E-10*l_c,m      11.4557894        11.4229689    
     13700 0.137E-10*ang_bc,m      89.0269    89.9709
     13700 0.137E-10*ang_ca,m      89.6948    89.9983
     13700 0.137E-10*ang_ab,m      90.3816    89.9831
     13700 0.137E-10*volume      1492.39006107        1497.40730736    
 
*temp instantanee des atomes de type 1 =       599.67
 
 * stress en kbar 
1 sigma potentiel (1,1) (2,1) (3,1) =  -10.51659353       2.913391942      -3.424561988    
2 sigma potentiel (1,2) (2,2) (3,2) =   2.913391942      -14.97651670      -18.27885796    
3 sigma potentiel (1,3) (2,3) (3,3) =  -3.424561988      -18.27885796      -2.208196333    
 
1 sigma cinetique (1,1) (2,1) (3,1) =   7.889208691      0.1846722046     -0.8157296512    
2 sigma cinetique (1,2) (2,2) (3,2) =  0.1846722046       6.610122074      0.7303332784    
3 sigma cinetique (1,3) (2,3) (3,3) = -0.8157296512      0.7303332784       6.803471520    
 
1 sigma total (1,1) (2,1) (3,1) =  -2.627384843       3.098064147      -4.240291639    
2 sigma total (1,2) (2,2) (3,2) =   3.098064147      -8.366394629      -17.54852468    
3 sigma total (1,3) (2,3) (3,3) =  -4.240291639      -17.54852468       4.595275187    
 
     13700 0.137E-10*Pression =    -2.1328    
 pression totale  potentiel = cinetique =
   -2.1328       -9.2338        7.1009    
 ----------valeurs moyennes------------
*temperature moyenne =       591.28
*pression moyenne =    0.42111    
 --------------------------------------
 
 
<<<<<<<<  ITERATION =  13800  time =   0.1380000E-10
 
 
 --------- Temperatures et Pression--------
 ----------valeurs instantanees------------
     13800 0.138E-10*Epot =    -517.6884104700823      eV 
    *energie PAIRE EAM =     31.7248853485      eV 
    *energie GLUE  =    -549.413295819      eV 
     13800 0.138E-10*Ec =     9.27451749000      eV   (560.565 K)
     13800 0.138E-10*Etot =    -508.4138929800832      eV 
 
     13800 0.138E-10*Epot/at =    -4.04444070680      eV 
 
     13800 0.138E-10*Temp instantanee = 560.565
 NPT With Parrinello-Rahman
     13800 0.138E-10*Kcell =    0.345482357876      eV   (890.941 K)
 Box tensor
 a  1.125953090861799E-007  1.682008546713122E-008 -2.111022877365330E-009
 b -1.814201478377609E-008  1.077112767427837E-007 -3.063058283886984E-008
 c -2.648438966531057E-009  3.276414940652003E-008  1.105665212097210E-007
 H0(1)  1.080000000000000E-007  0.000000000000000E+000  0.000000000000000E+000
 H0(2)  0.000000000000000E+000  1.080000000000000E-007  0.000000000000000E+000
 H0(3)  0.000000000000000E+000  0.000000000000000E+000  1.080000000000000E-007
Strain (Lagrange def.):
  e(1:3,1) =   0.578640E-01 -0.630190E-02  0.107941E-02
  e(1:3,2) =  -0.630190E-02  0.554751E-01  0.123393E-01
  e(1:3,3) =   0.107941E-02  0.123393E-01  0.644566E-01
Rotation:
  r(1:3,1) =    0.00000      0.161862      0.248804E-02
  r(1:3,2) =  -0.161862       0.00000     -0.293494    
  r(1:3,3) =  -0.248804E-02  0.293494       0.00000    
     13800 0.138E-10*l_a,m      11.3864285        11.4500444    
     13800 0.138E-10*l_b,m      11.3441987        11.4450006    
     13800 0.138E-10*l_c,m      11.5349293        11.4237802    
     13800 0.138E-10*ang_bc,m      89.1663    89.9650
     13800 0.138E-10*ang_ca,m      89.9150    89.9977
     13800 0.138E-10*ang_ab,m      90.7378    89.9886
     13800 0.138E-10*volume      1489.68240788        1497.35132982    
 
*temp instantanee des atomes de type 1 =       560.56
 
 * stress en kbar 
1 sigma potentiel (1,1) (2,1) (3,1) =  -6.661811072       11.79982896      -2.239610974    
2 sigma potentiel (1,2) (2,2) (3,2) =   11.79982896      -8.641208983      -16.77246358    
3 sigma potentiel (1,3) (2,3) (3,3) =  -2.239610974      -16.77246358      -5.279674740    
 
1 sigma cinetique (1,1) (2,1) (3,1) =   6.549573304     -0.6702699788     -0.8312423550E-01
2 sigma cinetique (1,2) (2,2) (3,2) = -0.6702699788       6.971650826       1.093253869    
3 sigma cinetique (1,3) (2,3) (3,3) = -0.8312423550E-01   1.093253869       6.428549797    
 
1 sigma total (1,1) (2,1) (3,1) = -0.1122377685       11.12955898      -2.322735210    
2 sigma total (1,2) (2,2) (3,2) =   11.12955898      -1.669558157      -15.67920971    
3 sigma total (1,3) (2,3) (3,3) =  -2.322735210      -15.67920971       1.148875057    
 
     13800 0.138E-10*Pression =   -0.21097    
 pression totale  potentiel = cinetique =
  -0.21097       -6.8609        6.6499    
 ----------valeurs moyennes------------
*temperature moyenne =       591.06
*pression moyenne =    0.41653    
 --------------------------------------
 
 
<<<<<<<<  ITERATION =  13900  time =   0.1390000E-10
 
 
 --------- Temperatures et Pression--------
 ----------valeurs instantanees------------
     13900 0.139E-10*Epot =    -518.1214156545965      eV 
    *energie PAIRE EAM =     31.0736057348      eV 
    *energie GLUE  =    -549.195021389      eV 
     13900 0.139E-10*Ec =     8.62264946944      eV   (521.165 K)
     13900 0.139E-10*Etot =    -509.4987661851533      eV 
 
     13900 0.139E-10*Epot/at =    -4.04782355980      eV 
 
     13900 0.139E-10*Temp instantanee = 521.165
 NPT With Parrinello-Rahman
     13900 0.139E-10*Kcell =    0.298512515372      eV   (769.814 K)
 Box tensor
 a  1.124076280085394E-007  1.659942339327071E-008 -2.502719494881168E-009
 b -1.810920337936399E-008  1.069097564917381E-007 -3.103248272977812E-008
 c -2.625820806445667E-009  3.262608446273699E-008  1.113593089615751E-007
 H0(1)  1.080000000000000E-007  0.000000000000000E+000  0.000000000000000E+000
 H0(2)  0.000000000000000E+000  1.080000000000000E-007  0.000000000000000E+000
 H0(3)  0.000000000000000E+000  0.000000000000000E+000  1.080000000000000E-007
Strain (Lagrange def.):
  e(1:3,1) =   0.559976E-01 -0.667948E-02 -0.504150E-03
  e(1:3,2) =  -0.667948E-02  0.473979E-01  0.117455E-01
  e(1:3,3) =  -0.504150E-03  0.117455E-01  0.731385E-01
Rotation:
  r(1:3,1) =    0.00000      0.160688      0.569913E-03
  r(1:3,2) =  -0.160688       0.00000     -0.294716    
  r(1:3,3) =  -0.569913E-03  0.294716       0.00000    
     13900 0.139E-10*l_a,m      11.3654209        11.4494356    
     13900 0.139E-10*l_b,m      11.2785878        11.4438034    
     13900 0.139E-10*l_c,m      11.6070031        11.4250984    
     13900 0.139E-10*ang_bc,m      89.6506    89.9628
     13900 0.139E-10*ang_ca,m      90.1402    89.9988
     13900 0.139E-10*ang_ab,m      90.8194    89.9946
     13900 0.139E-10*volume      1487.67015851        1497.28168111    
 
*temp instantanee des atomes de type 1 =       521.16
 
 * stress en kbar 
1 sigma potentiel (1,1) (2,1) (3,1) =  -12.33278030       14.82196457      -3.384294430    
2 sigma potentiel (1,2) (2,2) (3,2) =   14.82196457      -2.226034289      -10.50694912    
3 sigma potentiel (1,3) (2,3) (3,3) =  -3.384294430      -10.50694912      -16.39665773    
 
1 sigma cinetique (1,1) (2,1) (3,1) =   6.005455636     -0.1360284351     -0.2955023398    
2 sigma cinetique (1,2) (2,2) (3,2) = -0.1360284351       6.225523303      0.3082250426    
3 sigma cinetique (1,3) (2,3) (3,3) = -0.2955023398      0.3082250426       6.341694514    
 
1 sigma total (1,1) (2,1) (3,1) =  -6.327324667       14.68593614      -3.679796769    
2 sigma total (1,2) (2,2) (3,2) =   14.68593614       3.999489014      -10.19872408    
3 sigma total (1,3) (2,3) (3,3) =  -3.679796769      -10.19872408      -10.05496321    
 
     13900 0.139E-10*Pression =    -4.1276    
 pression totale  potentiel = cinetique =
   -4.1276       -10.318        6.1909    
 ----------valeurs moyennes------------
*temperature moyenne =       590.56
*pression moyenne =    0.38383    
 --------------------------------------
 
 
<<<<<<<<  ITERATION =  14000  time =   0.1400000E-10
 
 
 --------- Temperatures et Pression--------
 ----------valeurs instantanees------------
     14000 0.140E-10*Epot =    -516.9094556153157      eV 
    *energie PAIRE EAM =     33.9803544569      eV 
    *energie GLUE  =    -550.889810072      eV 
     14000 0.140E-10*Ec =     9.30007944123      eV   (562.110 K)
     14000 0.140E-10*Etot =    -507.6093761740819      eV 
 
     14000 0.140E-10*Epot/at =    -4.03835512199      eV 
 
     14000 0.140E-10*Temp instantanee = 562.110
 NPT With Parrinello-Rahman
     14000 0.140E-10*Kcell =    0.222777998193      eV   (574.507 K)
 Box tensor
 a  1.122139517117460E-007  1.680785293679448E-008 -2.771364795158723E-009
 b -1.780781002051341E-008  1.063307050822128E-007 -3.163242020847122E-008
 c -2.650382531374890E-009  3.232478746380600E-008  1.119324776359953E-007
 H0(1)  1.080000000000000E-007  0.000000000000000E+000  0.000000000000000E+000
 H0(2)  0.000000000000000E+000  1.080000000000000E-007  0.000000000000000E+000
 H0(3)  0.000000000000000E+000  0.000000000000000E+000  1.080000000000000E-007
Strain (Lagrange def.):
  e(1:3,1) =   0.536743E-01 -0.399153E-02 -0.190096E-02
  e(1:3,2) =  -0.399153E-02  0.415644E-01  0.892127E-02
  e(1:3,3) =  -0.190096E-02  0.892127E-02  0.802971E-01
Rotation:
  r(1:3,1) =    0.00000      0.160258     -0.560103E-03
  r(1:3,2) =  -0.160258       0.00000     -0.296098    
  r(1:3,3) =   0.560103E-03  0.296098       0.00000    
     14000 0.140E-10*l_a,m      11.3499583        11.4487250    
     14000 0.140E-10*l_b,m      11.2356339        11.4423165    
     14000 0.140E-10*l_c,m      11.6536672        11.4267310    
     14000 0.140E-10*ang_bc,m      90.2467    89.9648
     14000 0.140E-10*ang_ca,m      90.2786    90.0008
     14000 0.140E-10*ang_ab,m      90.5546    89.9986
     14000 0.140E-10*volume      1486.02072813        1497.20124573    
 
*temp instantanee des atomes de type 1 =       562.11
 
 * stress en kbar 
1 sigma potentiel (1,1) (2,1) (3,1) =   1.210184395       12.73121720     -0.3643981431    
2 sigma potentiel (1,2) (2,2) (3,2) =   12.73121720       11.20552781      -1.344849915    
3 sigma potentiel (1,3) (2,3) (3,3) = -0.3643981431      -1.344849915      -13.37388136    
 
1 sigma cinetique (1,1) (2,1) (3,1) =   6.306256057       1.083309868     -0.2180018232    
2 sigma cinetique (1,2) (2,2) (3,2) =   1.083309868       7.593012510      0.1416635508    
3 sigma cinetique (1,3) (2,3) (3,3) = -0.2180018232      0.1416635508       6.154783310    
 
1 sigma total (1,1) (2,1) (3,1) =   7.516440452       13.81452707     -0.5823999662    
2 sigma total (1,2) (2,2) (3,2) =   13.81452707       18.79854032      -1.203186364    
3 sigma total (1,3) (2,3) (3,3) = -0.5823999662      -1.203186364      -7.219098045    
 
     14000 0.140E-10*Pression =     6.3653    
 pression totale  potentiel = cinetique =
    6.3653      -0.31939        6.6847    
 ----------valeurs moyennes------------
*temperature moyenne =       590.35
*pression moyenne =    0.42656    
 --------------------------------------
 
 
<<<<<<<<  ITERATION =  14100  time =   0.1410000E-10
 
 
 --------- Temperatures et Pression--------
 ----------valeurs instantanees------------
     14100 0.141E-10*Epot =    -517.1167037681337      eV 
    *energie PAIRE EAM =     32.3705960482      eV 
    *energie GLUE  =    -549.487299816      eV 
     14100 0.141E-10*Ec =     9.17324517524      eV   (554.444 K)
     14100 0.141E-10*Etot =    -507.9434585928922      eV 
 
     14100 0.141E-10*Epot/at =    -4.03997424819      eV 
 
     14100 0.141E-10*Temp instantanee = 554.444
 NPT With Parrinello-Rahman
     14100 0.141E-10*Kcell =    0.206734942517      eV   (533.135 K)
 Box tensor
 a  1.122949176401286E-007  1.741616511074552E-008 -2.986057767074533E-009
 b -1.726097264105493E-008  1.062029206656194E-007 -3.215057785672517E-008
 c -2.550346422819937E-009  3.197179830362532E-008  1.120779148068709E-007
 H0(1)  1.080000000000000E-007  0.000000000000000E+000  0.000000000000000E+000
 H0(2)  0.000000000000000E+000  1.080000000000000E-007  0.000000000000000E+000
 H0(3)  0.000000000000000E+000  0.000000000000000E+000  1.080000000000000E-007
Strain (Lagrange def.):
  e(1:3,1) =   0.536091E-01  0.175934E-02 -0.283806E-02
  e(1:3,2) =   0.175934E-02  0.403197E-01  0.500864E-02
  e(1:3,3) =  -0.283806E-02  0.500864E-02  0.831634E-01
Rotation:
  r(1:3,1) =    0.00000      0.160542     -0.201718E-02
  r(1:3,2) =  -0.160542       0.00000     -0.296863    
  r(1:3,3) =   0.201718E-02  0.296863       0.00000    
     14100 0.141E-10*l_a,m      11.3676681        11.4481501    
     14100 0.141E-10*l_b,m      11.2297200        11.4408087    
     14100 0.141E-10*l_c,m      11.6576838        11.4283690    
     14100 0.141E-10*ang_bc,m      90.7171    89.9701
     14100 0.141E-10*ang_ca,m      90.2777    90.0027
     14100 0.141E-10*ang_ab,m      89.9671    89.9983
     14100 0.141E-10*volume      1488.03589716        1497.13624326    
 
*temp instantanee des atomes de type 1 =       554.44
 
 * stress en kbar 
1 sigma potentiel (1,1) (2,1) (3,1) =  -3.696215073       3.808735270       3.311410397    
2 sigma potentiel (1,2) (2,2) (3,2) =   3.808735270       8.576796652       6.240384332    
3 sigma potentiel (1,3) (2,3) (3,3) =   3.311410397       6.240384332      -24.49756572    
 
1 sigma cinetique (1,1) (2,1) (3,1) =   6.623155125      0.8225426071      -1.553815431    
2 sigma cinetique (1,2) (2,2) (3,2) =  0.8225426071       6.446551438      0.1986708823    
3 sigma cinetique (1,3) (2,3) (3,3) =  -1.553815431      0.1986708823       6.684060854    
 
1 sigma total (1,1) (2,1) (3,1) =   2.926940052       4.631277877       1.757594966    
2 sigma total (1,2) (2,2) (3,2) =   4.631277877       15.02334809       6.439055214    
3 sigma total (1,3) (2,3) (3,3) =   1.757594966       6.439055214      -17.81350486    
 
     14100 0.141E-10*Pression =    0.45594E-01
 pression totale  potentiel = cinetique =
   0.45594E-01   -6.5390        6.5846    
 ----------valeurs moyennes------------
*temperature moyenne =       590.10
*pression moyenne =    0.42386    
 --------------------------------------
 
 
<<<<<<<<  ITERATION =  14200  time =   0.1420000E-10
 
 
 --------- Temperatures et Pression--------
 ----------valeurs instantanees------------
     14200 0.142E-10*Epot =    -516.9506915062103      eV 
    *energie PAIRE EAM =     32.1500727056      eV 
    *energie GLUE  =    -549.100764212      eV 
     14200 0.142E-10*Ec =     9.00531524004      eV   (544.294 K)
     14200 0.142E-10*Etot =    -507.9453762661680      eV 
 
     14200 0.142E-10*Epot/at =    -4.03867727739      eV 
 
     14200 0.142E-10*Temp instantanee = 544.294
 NPT With Parrinello-Rahman
     14200 0.142E-10*Kcell =    0.159298282149      eV   (410.804 K)
 Box tensor
 a  1.124219608889674E-007  1.806401019355675E-008 -3.334765185611292E-009
 b -1.672183375382302E-008  1.064886813817466E-007 -3.228358227851425E-008
 c -2.310469755307892E-009  3.167846838746063E-008  1.118567274722828E-007
 H0(1)  1.080000000000000E-007  0.000000000000000E+000  0.000000000000000E+000
 H0(2)  0.000000000000000E+000  1.080000000000000E-007  0.000000000000000E+000
 H0(3)  0.000000000000000E+000  0.000000000000000E+000  1.080000000000000E-007
Strain (Lagrange def.):
  e(1:3,1) =   0.539976E-01  0.758373E-02 -0.400813E-02
  e(1:3,2) =   0.758373E-02  0.431101E-01  0.194506E-02
  e(1:3,3) =  -0.400813E-02  0.194506E-02  0.815020E-01
Rotation:
  r(1:3,1) =    0.00000      0.161046     -0.474211E-02
  r(1:3,2) =  -0.161046       0.00000     -0.296121    
  r(1:3,3) =   0.474211E-02  0.296121       0.00000    
     14200 0.142E-10*l_a,m      11.3912802        11.4477497    
     14200 0.142E-10*l_b,m      11.2524169        11.4394820    
     14200 0.142E-10*l_c,m      11.6278937        11.4297741    
     14200 0.142E-10*ang_bc,m      90.8719    89.9765
     14200 0.142E-10*ang_ca,m      90.2618    90.0045
     14200 0.142E-10*ang_ab,m      89.3234    89.9936
     14200 0.142E-10*volume      1490.16597372        1497.08715685    
 
*temp instantanee des atomes de type 1 =       544.29
 
 * stress en kbar 
1 sigma potentiel (1,1) (2,1) (3,1) =  -2.982207527      -13.09620468       2.426329280    
2 sigma potentiel (1,2) (2,2) (3,2) =  -13.09620468       4.329689308       7.319208074    
3 sigma potentiel (1,3) (2,3) (3,3) =   2.426329280       7.319208074      -24.50335238    
 
1 sigma cinetique (1,1) (2,1) (3,1) =   6.276063493      0.7621387444      0.1652649604    
2 sigma cinetique (1,2) (2,2) (3,2) =  0.7621387444       7.031925118      0.6173776876    
3 sigma cinetique (1,3) (2,3) (3,3) =  0.1652649604      0.6173776876       6.056437064    
 
1 sigma total (1,1) (2,1) (3,1) =   3.293855966      -12.33406593       2.591594240    
2 sigma total (1,2) (2,2) (3,2) =  -12.33406593       11.36161443       7.936585762    
3 sigma total (1,3) (2,3) (3,3) =   2.591594240       7.936585762      -18.44691531    
 
     14200 0.142E-10*Pression =    -1.2638    
 pression totale  potentiel = cinetique =
   -1.2638       -7.7186        6.4548    
 ----------valeurs moyennes------------
*temperature moyenne =       589.78
*pression moyenne =    0.41197    
 --------------------------------------
 
 
<<<<<<<<  ITERATION =  14300  time =   0.1430000E-10
 
 
 --------- Temperatures et Pression--------
 ----------valeurs instantanees------------
     14300 0.143E-10*Epot =    -515.8680470787375      eV 
    *energie PAIRE EAM =     32.8001284809      eV 
    *energie GLUE  =    -548.668175560      eV 
     14300 0.143E-10*Ec =     10.5303155842      eV   (636.467 K)
     14300 0.143E-10*Etot =    -505.3377314945006      eV 
 
     14300 0.143E-10*Epot/at =    -4.03021911780      eV 
 
     14300 0.143E-10*Temp instantanee = 636.467
 NPT With Parrinello-Rahman
     14300 0.143E-10*Kcell =    0.280153007126      eV   (722.468 K)
 Box tensor
 a  1.126286029365469E-007  1.851281949198760E-008 -3.526397561170025E-009
 b -1.648112202185281E-008  1.071045457145418E-007 -3.202950905740481E-008
 c -2.295342272094320E-009  3.172815527901620E-008  1.113373059324935E-007
 H0(1)  1.080000000000000E-007  0.000000000000000E+000  0.000000000000000E+000
 H0(2)  0.000000000000000E+000  1.080000000000000E-007  0.000000000000000E+000
 H0(3)  0.000000000000000E+000  0.000000000000000E+000  1.080000000000000E-007
Strain (Lagrange def.):
  e(1:3,1) =   0.556455E-01  0.105900E-01 -0.535186E-02
  e(1:3,2) =   0.105900E-01  0.495878E-01  0.157484E-02
  e(1:3,3) =  -0.535186E-02  0.157484E-02  0.758882E-01
Rotation:
  r(1:3,1) =    0.00000      0.162009     -0.569933E-02
  r(1:3,2) =  -0.162009       0.00000     -0.295174    
  r(1:3,3) =   0.569933E-02  0.295174       0.00000    
     14300 0.143E-10*l_a,m      11.4194405        11.4475517    
     14300 0.143E-10*l_b,m      11.2999560        11.4385063    
     14300 0.143E-10*l_c,m      11.5792660        11.4308195    
     14300 0.143E-10*ang_bc,m      90.5694    89.9806
     14300 0.143E-10*ang_ca,m      90.2763    90.0064
     14300 0.143E-10*ang_ab,m      88.9365    89.9862
     14300 0.143E-10*volume      1493.83170118        1497.06439143    
 
*temp instantanee des atomes de type 1 =       636.47
 
 * stress en kbar 
1 sigma potentiel (1,1) (2,1) (3,1) =   2.830305863      -15.28622167       6.960844871    
2 sigma potentiel (1,2) (2,2) (3,2) =  -15.28622167       4.982350654       8.767192745    
3 sigma potentiel (1,3) (2,3) (3,3) =   6.960844871       8.767192745      -18.50474536    
 
1 sigma cinetique (1,1) (2,1) (3,1) =   8.094644367     -0.4575991494     -0.5758076260    
2 sigma cinetique (1,2) (2,2) (3,2) = -0.4575991494       7.203486917     -0.3268559143E-01
3 sigma cinetique (1,3) (2,3) (3,3) = -0.5758076260     -0.3268559143E-01   7.289987265    
 
1 sigma total (1,1) (2,1) (3,1) =   10.92495023      -15.74382082       6.385037245    
2 sigma total (1,2) (2,2) (3,2) =  -15.74382082       12.18583757       8.734507153    
3 sigma total (1,3) (2,3) (3,3) =   6.385037245       8.734507153      -11.21475810    
 
     14300 0.143E-10*Pression =     3.9653    
 pression totale  potentiel = cinetique =
    3.9653       -3.5640        7.5294    
 ----------valeurs moyennes------------
*temperature moyenne =       590.10
*pression moyenne =    0.43682    
 --------------------------------------
 
 
<<<<<<<<  ITERATION =  14400  time =   0.1440000E-10
 
 
 --------- Temperatures et Pression--------
 ----------valeurs instantanees------------
     14400 0.144E-10*Epot =    -515.8211527831083      eV 
    *energie PAIRE EAM =     30.4682035018      eV 
    *energie GLUE  =    -546.289356285      eV 
     14400 0.144E-10*Ec =     9.78128564310      eV   (591.194 K)
     14400 0.144E-10*Etot =    -506.0398671400118      eV 
 
     14400 0.144E-10*Epot/at =    -4.02985275612      eV 
 
     14400 0.144E-10*Temp instantanee = 591.194
 NPT With Parrinello-Rahman
     14400 0.144E-10*Kcell =    0.434697237094      eV   (1121.011 K)
 Box tensor
 a  1.130285862881791E-007  1.858229874739340E-008 -3.579271730040280E-009
 b -1.669703069801738E-008  1.079965798928678E-007 -3.157583797399596E-008
 c -2.304757031645761E-009  3.199942568073549E-008  1.106049738233409E-007
 H0(1)  1.080000000000000E-007  0.000000000000000E+000  0.000000000000000E+000
 H0(2)  0.000000000000000E+000  1.080000000000000E-007  0.000000000000000E+000
 H0(3)  0.000000000000000E+000  0.000000000000000E+000  1.080000000000000E-007
Strain (Lagrange def.):
  e(1:3,1) =   0.598236E-01  0.957467E-02 -0.566936E-02
  e(1:3,2) =   0.957467E-02  0.586645E-01  0.268784E-02
  e(1:3,3) =  -0.566936E-02  0.268784E-02  0.677000E-01
Rotation:
  r(1:3,1) =    0.00000      0.163330     -0.590053E-02
  r(1:3,2) =  -0.163330       0.00000     -0.294330    
  r(1:3,3) =   0.590053E-02  0.294330       0.00000    
     14400 0.144E-10*l_a,m      11.4601808        11.4476394    
     14400 0.144E-10*l_b,m      11.3750102        11.4380653    
     14400 0.144E-10*l_c,m      11.5163950        11.4314137    
     14400 0.144E-10*ang_bc,m      89.9918    89.9807
     14400 0.144E-10*ang_ca,m      90.2681    90.0083
     14400 0.144E-10*ang_ab,m      88.9776    89.9792
     14400 0.144E-10*volume      1501.01800635        1497.09184709    
 
*temp instantanee des atomes de type 1 =       591.19
 
 * stress en kbar 
1 sigma potentiel (1,1) (2,1) (3,1) =  -10.17809092      -13.90836471       5.862502904    
2 sigma potentiel (1,2) (2,2) (3,2) =  -13.90836471      -13.68937685     -0.5016104382    
3 sigma potentiel (1,3) (2,3) (3,3) =   5.862502904     -0.5016104382      -14.55205405    
 
1 sigma cinetique (1,1) (2,1) (3,1) =   6.279960285      0.3653285720     -0.9282027917    
2 sigma cinetique (1,2) (2,2) (3,2) =  0.3653285720       7.195464948     -0.3277623201    
3 sigma cinetique (1,3) (2,3) (3,3) = -0.9282027917     -0.3277623201       7.405530986    
 
1 sigma total (1,1) (2,1) (3,1) =  -3.898130630      -13.54303614       4.934300112    
2 sigma total (1,2) (2,2) (3,2) =  -13.54303614      -6.493911906     -0.8293727583    
3 sigma total (1,3) (2,3) (3,3) =   4.934300112     -0.8293727583      -7.146523062    
 
     14400 0.144E-10*Pression =    -5.8462    
 pression totale  potentiel = cinetique =
   -5.8462       -12.807        6.9603    
 ----------valeurs moyennes------------
*temperature moyenne =       590.11
*pression moyenne =    0.39319    
 --------------------------------------
 
 
<<<<<<<<  ITERATION =  14500  time =   0.1450000E-10
 
 
 --------- Temperatures et Pression--------
 ----------valeurs instantanees------------
     14500 0.145E-10*Epot =    -514.6477497595573      eV 
    *energie PAIRE EAM =     33.2026164483      eV 
    *energie GLUE  =    -547.850366208      eV 
     14500 0.145E-10*Ec =     9.26251674334      eV   (559.839 K)
     14500 0.145E-10*Etot =    -505.3852330162139      eV 
 
     14500 0.145E-10*Epot/at =    -4.02068554500      eV 
 
     14500 0.145E-10*Temp instantanee = 559.839
 NPT With Parrinello-Rahman
     14500 0.145E-10*Kcell =    0.426918996977      eV   (1100.952 K)
 Box tensor
 a  1.132383638010200E-007  1.817066592397930E-008 -3.598474922001805E-009
 b -1.727915552585597E-008  1.086534080274831E-007 -3.085996857404817E-008
 c -2.346891395250618E-009  3.221900113520901E-008  1.097398034633504E-007
 H0(1)  1.080000000000000E-007  0.000000000000000E+000  0.000000000000000E+000
 H0(2)  0.000000000000000E+000  1.080000000000000E-007  0.000000000000000E+000
 H0(3)  0.000000000000000E+000  0.000000000000000E+000  1.080000000000000E-007
Strain (Lagrange def.):
  e(1:3,1) =   0.627145E-01  0.448229E-02 -0.564980E-02
  e(1:3,2) =   0.448229E-02  0.647205E-01  0.502741E-02
  e(1:3,3) =  -0.564980E-02  0.502741E-02  0.576179E-01
Rotation:
  r(1:3,1) =    0.00000      0.164120     -0.579437E-02
  r(1:3,2) =  -0.164120       0.00000     -0.292032    
  r(1:3,3) =   0.579437E-02  0.292032       0.00000    
     14500 0.145E-10*l_a,m      11.4743406        11.4478235    
     14500 0.145E-10*l_b,m      11.4264911        11.4379855    
     14500 0.145E-10*l_c,m      11.4395788        11.4314700    
     14500 0.145E-10*ang_bc,m      89.3219    89.9762
     14500 0.145E-10*ang_ca,m      90.3283    90.0105
     14500 0.145E-10*ang_ab,m      89.4376    89.9755
     14500 0.145E-10*volume      1499.65686780        1497.10953689    
 
*temp instantanee des atomes de type 1 =       559.84
 
 * stress en kbar 
1 sigma potentiel (1,1) (2,1) (3,1) =  -3.203566941      -9.102986005       11.87901520    
2 sigma potentiel (1,2) (2,2) (3,2) =  -9.102986005      -12.88928275      -8.077638115    
3 sigma potentiel (1,3) (2,3) (3,3) =   11.87901520      -8.077638115      -1.371983881    
 
1 sigma cinetique (1,1) (2,1) (3,1) =   6.932348087     -0.2683470076      -1.244536039    
2 sigma cinetique (1,2) (2,2) (3,2) = -0.2683470076       5.312583398     -0.4707549214    
3 sigma cinetique (1,3) (2,3) (3,3) =  -1.244536039     -0.4707549214       7.546510990    
 
1 sigma total (1,1) (2,1) (3,1) =   3.728781146      -9.371333012       10.63447916    
2 sigma total (1,2) (2,2) (3,2) =  -9.371333012      -7.576699356      -8.548393036    
3 sigma total (1,3) (2,3) (3,3) =   10.63447916      -8.548393036       6.174527109    
 
     14500 0.145E-10*Pression =    0.77554    
 pression totale  potentiel = cinetique =
   0.77554       -5.8216        6.5971    
 ----------valeurs moyennes------------
*temperature moyenne =       589.90
*pression moyenne =    0.39583    
 --------------------------------------
 
 
<<<<<<<<  ITERATION =  14600  time =   0.1460000E-10
 
 
 --------- Temperatures et Pression--------
 ----------valeurs instantanees------------
     14600 0.146E-10*Epot =    -515.6236319981274      eV 
    *energie PAIRE EAM =     32.1609361595      eV 
    *energie GLUE  =    -547.784568158      eV 
     14600 0.146E-10*Ec =     9.06378308925      eV   (547.828 K)
     14600 0.146E-10*Etot =    -506.5598489088733      eV 
 
     14600 0.146E-10*Epot/at =    -4.02830962499      eV 
 
     14600 0.146E-10*Temp instantanee = 547.828
 NPT With Parrinello-Rahman
     14600 0.146E-10*Kcell =    0.264317653683      eV   (681.631 K)
 Box tensor
 a  1.133383910490628E-007  1.773298960313142E-008 -3.487446919554232E-009
 b -1.798250878115385E-008  1.091884332651720E-007 -3.032012246918459E-008
 c -2.247409780800157E-009  3.215110200187847E-008  1.090625940066276E-007
 H0(1)  1.080000000000000E-007  0.000000000000000E+000  0.000000000000000E+000
 H0(2)  0.000000000000000E+000  1.080000000000000E-007  0.000000000000000E+000
 H0(3)  0.000000000000000E+000  0.000000000000000E+000  1.080000000000000E-007
Strain (Lagrange def.):
  e(1:3,1) =   0.647296E-01 -0.111069E-02 -0.407828E-02
  e(1:3,2) =  -0.111069E-02  0.688557E-01  0.574559E-02
  e(1:3,3) =  -0.407828E-02  0.574559E-02  0.498166E-01
Rotation:
  r(1:3,1) =    0.00000      0.165350     -0.574091E-02
  r(1:3,2) =  -0.165350       0.00000     -0.289219    
  r(1:3,3) =   0.574091E-02  0.289219       0.00000    
     14600 0.146E-10*l_a,m      11.4770258        11.4480235    
     14600 0.146E-10*l_b,m      11.4737938        11.4382308    
     14600 0.146E-10*l_c,m      11.3725079        11.4310662    
     14600 0.146E-10*ang_bc,m      88.9279    89.9690
     14600 0.146E-10*ang_ca,m      90.2850    90.0123
     14600 0.146E-10*ang_ab,m      89.9832    89.9755
     14600 0.146E-10*volume      1497.30819830        1497.11089758    
 
*temp instantanee des atomes de type 1 =       547.83
 
 * stress en kbar 
1 sigma potentiel (1,1) (2,1) (3,1) =  -8.794840573      0.3010919449       9.605590778    
2 sigma potentiel (1,2) (2,2) (3,2) =  0.3010919449      -19.48060249      -13.10887399    
3 sigma potentiel (1,3) (2,3) (3,3) =   9.605590778      -13.10887399       3.093868723    
 
1 sigma cinetique (1,1) (2,1) (3,1) =   5.952033542      0.4957300944      0.7149046711E-01
2 sigma cinetique (1,2) (2,2) (3,2) =  0.4957300944       6.546027235      0.4209964231    
3 sigma cinetique (1,3) (2,3) (3,3) =  0.7149046711E-01  0.4209964231       6.899121379    
 
1 sigma total (1,1) (2,1) (3,1) =  -2.842807030      0.7968220392       9.677081245    
2 sigma total (1,2) (2,2) (3,2) =  0.7968220392      -12.93457525      -12.68787757    
3 sigma total (1,3) (2,3) (3,3) =   9.677081245      -12.68787757       9.992990102    
 
     14600 0.146E-10*Pression =    -1.9281    
 pression totale  potentiel = cinetique =
   -1.9281       -8.3939        6.4657    
 ----------valeurs moyennes------------
*temperature moyenne =       589.61
*pression moyenne =    0.37991    
 --------------------------------------
 
 
<<<<<<<<  ITERATION =  14700  time =   0.1470000E-10
 
 
 --------- Temperatures et Pression--------
 ----------valeurs instantanees------------
     14700 0.147E-10*Epot =    -516.1871570865079      eV 
    *energie PAIRE EAM =     32.3756686402      eV 
    *energie GLUE  =    -548.562825727      eV 
     14700 0.147E-10*Ec =     10.1509665392      eV   (613.538 K)
     14700 0.147E-10*Etot =    -506.0361905473557      eV 
 
     14700 0.147E-10*Epot/at =    -4.03271216474      eV 
 
     14700 0.147E-10*Temp instantanee = 613.538
 NPT With Parrinello-Rahman
     14700 0.147E-10*Kcell =    0.206045854915      eV   (531.358 K)
 Box tensor
 a  1.132794687242144E-007  1.729110064751740E-008 -3.356711955633805E-009
 b -1.860231440131544E-008  1.094474936373030E-007 -3.011239508532059E-008
 c -1.784980987501802E-009  3.186768400680924E-008  1.085857404919172E-007
 H0(1)  1.080000000000000E-007  0.000000000000000E+000  0.000000000000000E+000
 H0(2)  0.000000000000000E+000  1.080000000000000E-007  0.000000000000000E+000
 H0(3)  0.000000000000000E+000  0.000000000000000E+000  1.080000000000000E-007
Strain (Lagrange def.):
  e(1:3,1) =   0.650493E-01 -0.574988E-02 -0.596270E-03
  e(1:3,2) =  -0.574988E-02  0.698425E-01  0.456999E-02
  e(1:3,3) =  -0.596270E-03  0.456999E-02  0.447911E-01
Rotation:
  r(1:3,1) =    0.00000      0.166173     -0.727653E-02
  r(1:3,2) =  -0.166173       0.00000     -0.286945    
  r(1:3,3) =   0.727653E-02  0.286945       0.00000    
     14700 0.147E-10*l_a,m      11.4640690        11.4481327    
     14700 0.147E-10*l_b,m      11.5028502        11.4386704    
     14700 0.147E-10*l_c,m      11.3179497        11.4302967    
     14700 0.147E-10*ang_bc,m      88.8941    89.9617
     14700 0.147E-10*ang_ca,m      90.0692    90.0127
     14700 0.147E-10*ang_ab,m      90.4941    89.9790
     14700 0.147E-10*volume      1492.15771310        1497.07720245    
 
*temp instantanee des atomes de type 1 =       613.54
 
 * stress en kbar 
1 sigma potentiel (1,1) (2,1) (3,1) =  -8.016792202       13.14472522       4.354331770    
2 sigma potentiel (1,2) (2,2) (3,2) =   13.14472522      -12.46202869      -13.09391297    
3 sigma potentiel (1,3) (2,3) (3,3) =   4.354331770      -13.09391297       8.047974111    
 
1 sigma cinetique (1,1) (2,1) (3,1) =   6.871838605      0.5296626738     -0.2574148832    
2 sigma cinetique (1,2) (2,2) (3,2) =  0.5296626738       6.877497341       1.279422772    
3 sigma cinetique (1,3) (2,3) (3,3) = -0.2574148832       1.279422772       8.049485351    
 
1 sigma total (1,1) (2,1) (3,1) =  -1.144953598       13.67438790       4.096916887    
2 sigma total (1,2) (2,2) (3,2) =   13.67438790      -5.584531349      -11.81449019    
3 sigma total (1,3) (2,3) (3,3) =   4.096916887      -11.81449019       16.09745946    
 
     14700 0.147E-10*Pression =     3.1227    
 pression totale  potentiel = cinetique =
    3.1227       -4.1436        7.2663    
 ----------valeurs moyennes------------
*temperature moyenne =       589.78
*pression moyenne =    0.39857    
 --------------------------------------
 
 
<<<<<<<<  ITERATION =  14800  time =   0.1480000E-10
 
 
 --------- Temperatures et Pression--------
 ----------valeurs instantanees------------
     14800 0.148E-10*Epot =    -517.0239296613075      eV 
    *energie PAIRE EAM =     32.3318671279      eV 
    *energie GLUE  =    -549.355796789      eV 
     14800 0.148E-10*Ec =     10.9126660606      eV   (659.577 K)
     14800 0.148E-10*Etot =    -506.1112636007033      eV 
 
     14800 0.148E-10*Epot/at =    -4.03924945048      eV 
 
     14800 0.148E-10*Temp instantanee = 659.577
 NPT With Parrinello-Rahman
     14800 0.148E-10*Kcell =    0.201814831682      eV   (520.447 K)
 Box tensor
 a  1.129724062080640E-007  1.701645331398160E-008 -3.368356391721089E-009
 b -1.904427860085560E-008  1.096603995326180E-007 -3.016206321301978E-008
 c -1.160553421452191E-009  3.138010465921587E-008  1.085255719749744E-007
 H0(1)  1.080000000000000E-007  0.000000000000000E+000  0.000000000000000E+000
 H0(2)  0.000000000000000E+000  1.080000000000000E-007  0.000000000000000E+000
 H0(3)  0.000000000000000E+000  0.000000000000000E+000  1.080000000000000E-007
Strain (Lagrange def.):
  e(1:3,1) =   0.627056E-01 -0.867763E-02  0.291211E-02
  e(1:3,2) =  -0.867763E-02  0.701163E-01  0.174222E-02
  e(1:3,3) =   0.291211E-02  0.174222E-02  0.443628E-01
Rotation:
  r(1:3,1) =    0.00000      0.166948     -0.102213E-01
  r(1:3,2) =  -0.166948       0.00000     -0.284917    
  r(1:3,3) =   0.102213E-01  0.284917       0.00000    
     14800 0.148E-10*l_a,m      11.4296413        11.4480078    
     14800 0.148E-10*l_b,m      11.5316251        11.4392984    
     14800 0.148E-10*l_c,m      11.2977244        11.4294009    
     14800 0.148E-10*ang_bc,m      89.1648    89.9563
     14800 0.148E-10*ang_ca,m      89.8344    90.0115
     14800 0.148E-10*ang_ab,m      90.7992    89.9846
     14800 0.148E-10*volume      1488.75632081        1497.02098027    
 
*temp instantanee des atomes de type 1 =       659.58
 
 * stress en kbar 
1 sigma potentiel (1,1) (2,1) (3,1) =  -8.002195983       8.148343968      -3.119327312    
2 sigma potentiel (1,2) (2,2) (3,2) =   8.148343968      -14.66470221      -9.233837058    
3 sigma potentiel (1,3) (2,3) (3,3) =  -3.119327312      -9.233837058       2.367591896    
 
1 sigma cinetique (1,1) (2,1) (3,1) =   6.863824683     -0.1315916501      0.8312453781    
2 sigma cinetique (1,2) (2,2) (3,2) = -0.1315916501       9.251830361     -0.4149182777    
3 sigma cinetique (1,3) (2,3) (3,3) =  0.8312453781     -0.4149182777       7.372428893    
 
1 sigma total (1,1) (2,1) (3,1) =  -1.138371300       8.016752317      -2.288081933    
2 sigma total (1,2) (2,2) (3,2) =   8.016752317      -5.412871846      -9.648755335    
3 sigma total (1,3) (2,3) (3,3) =  -2.288081933      -9.648755335       9.740020789    
 
     14800 0.148E-10*Pression =     1.0629    
 pression totale  potentiel = cinetique =
    1.0629       -6.7664        7.8294    
 ----------valeurs moyennes------------
*temperature moyenne =       590.25
*pression moyenne =    0.40305    
 --------------------------------------
 
 
<<<<<<<<  ITERATION =  14900  time =   0.1490000E-10
 
 
 --------- Temperatures et Pression--------
 ----------valeurs instantanees------------
     14900 0.149E-10*Epot =    -516.5057587650683      eV 
    *energie PAIRE EAM =     33.0225876641      eV 
    *energie GLUE  =    -549.528346429      eV 
     14900 0.149E-10*Ec =     10.2925638283      eV   (622.097 K)
     14900 0.149E-10*Etot =    -506.2131949367771      eV 
 
     14900 0.149E-10*Epot/at =    -4.03520124035      eV 
 
     14900 0.149E-10*Temp instantanee = 622.097
 NPT With Parrinello-Rahman
     14900 0.149E-10*Kcell =    0.359614987828      eV   (927.387 K)
 Box tensor
 a  1.127654486870999E-007  1.698278122737784E-008 -3.536973415354864E-009
 b -1.918051676488779E-008  1.096614145318114E-007 -3.045501010559149E-008
 c -4.522810302686941E-010  3.062786098621815E-008  1.089163136142560E-007
 H0(1)  1.080000000000000E-007  0.000000000000000E+000  0.000000000000000E+000
 H0(2)  0.000000000000000E+000  1.080000000000000E-007  0.000000000000000E+000
 H0(3)  0.000000000000000E+000  0.000000000000000E+000  1.080000000000000E-007
Strain (Lagrange def.):
  e(1:3,1) =   0.608772E-01 -0.866530E-02  0.583135E-02
  e(1:3,2) =  -0.866530E-02  0.680773E-01 -0.274063E-02
  e(1:3,3) =   0.583135E-02 -0.274063E-02  0.488161E-01
Rotation:
  r(1:3,1) =    0.00000      0.167423     -0.142810E-01
  r(1:3,2) =  -0.167423       0.00000     -0.282791    
  r(1:3,3) =   0.142810E-01  0.282791       0.00000    
     14900 0.149E-10*l_a,m      11.4091943        11.4477473    
     14900 0.149E-10*l_b,m      11.5416748        11.4399855    
     14900 0.149E-10*l_c,m      11.3141654        11.4286275    
     14900 0.149E-10*ang_bc,m      89.7792    89.9551
     14900 0.149E-10*ang_ca,m      89.6276    90.0090
     14900 0.149E-10*ang_ab,m      90.8390    89.9903
     14900 0.149E-10*volume      1489.66015523        1496.97157876    
 
*temp instantanee des atomes de type 1 =       622.10
 
 * stress en kbar 
1 sigma potentiel (1,1) (2,1) (3,1) =  -10.37023772       13.65315200      -11.63050931    
2 sigma potentiel (1,2) (2,2) (3,2) =   13.65315200      -4.942724254      -2.108656003    
3 sigma potentiel (1,3) (2,3) (3,3) =  -11.63050931      -2.108656003      -1.341901738    
 
1 sigma cinetique (1,1) (2,1) (3,1) =   7.606078491      0.3909836714      -1.245641282    
2 sigma cinetique (1,2) (2,2) (3,2) =  0.3909836714       7.040501700     -0.2176488468    
3 sigma cinetique (1,3) (2,3) (3,3) =  -1.245641282     -0.2176488468       7.493373614    
 
1 sigma total (1,1) (2,1) (3,1) =  -2.764159234       14.04413567      -12.87615059    
2 sigma total (1,2) (2,2) (3,2) =   14.04413567       2.097777446      -2.326304850    
3 sigma total (1,3) (2,3) (3,3) =  -12.87615059      -2.326304850       6.151471876    
 
     14900 0.149E-10*Pression =     1.8284    
 pression totale  potentiel = cinetique =
    1.8284       -5.5516        7.3800    
 ----------valeurs moyennes------------
*temperature moyenne =       590.46
*pression moyenne =    0.41262    
 --------------------------------------
 
 
<<<<<<<<  ITERATION =  15000  time =   0.1500000E-10
 
 
 --------- Temperatures et Pression--------
 ----------valeurs instantanees------------
     15000 0.150E-10*Epot =    -515.7739292434348      eV 
    *energie PAIRE EAM =     33.0497367136      eV 
    *energie GLUE  =    -548.823665957      eV 
     15000 0.150E-10*Ec =     10.7169826152      eV   (647.749 K)
     15000 0.150E-10*Etot =    -505.0569466282320      eV 
 
     15000 0.150E-10*Epot/at =    -4.02948382221      eV 
 
     15000 0.150E-10*Temp instantanee = 647.749
 NPT With Parrinello-Rahman
     15000 0.150E-10*Kcell =    0.321157111797      eV   (828.210 K)
 Box tensor
 a  1.127615662321170E-007  1.720556892878768E-008 -3.963311956703334E-009
 b -1.891194838726509E-008  1.096293705509068E-007 -3.072091593248615E-008
 c  8.353679695083445E-012  2.963419611866749E-008  1.094500227771126E-007
 H0(1)  1.080000000000000E-007  0.000000000000000E+000  0.000000000000000E+000
 H0(2)  0.000000000000000E+000  1.080000000000000E-007  0.000000000000000E+000
 H0(3)  0.000000000000000E+000  0.000000000000000E+000  1.080000000000000E-007
Strain (Lagrange def.):
  e(1:3,1) =   0.603923E-01 -0.569833E-02  0.578693E-02
  e(1:3,2) =  -0.569833E-02  0.655357E-01 -0.825798E-02
  e(1:3,3) =   0.578693E-02 -0.825798E-02  0.546463E-01
Rotation:
  r(1:3,1) =    0.00000      0.167211     -0.183873E-01
  r(1:3,2) =  -0.167211       0.00000     -0.279422    
  r(1:3,3) =   0.183873E-01  0.279422       0.00000    
     15000 0.150E-10*l_a,m      11.4135491        11.4475193    
     15000 0.150E-10*l_b,m      11.5412458        11.4406606    
     15000 0.150E-10*l_c,m      11.3390886        11.4280306    
     15000 0.150E-10*ang_bc,m      90.4982    89.9587
     15000 0.150E-10*ang_ca,m      89.6590    90.0066
     15000 0.150E-10*ang_ab,m      90.5417    89.9940
     15000 0.150E-10*volume      1493.51035164        1496.94850392    
 
*temp instantanee des atomes de type 1 =       647.75
 
 * stress en kbar 
1 sigma potentiel (1,1) (2,1) (3,1) =  -8.387425794       4.218384873      -13.88699075    
2 sigma potentiel (1,2) (2,2) (3,2) =   4.218384873      -5.811037498       6.378218034    
3 sigma potentiel (1,3) (2,3) (3,3) =  -13.88699075       6.378218034      -5.137798302    
 
1 sigma cinetique (1,1) (2,1) (3,1) =   8.040751183     -0.5620422103     -0.5915750993E-01
2 sigma cinetique (1,2) (2,2) (3,2) = -0.5620422103       7.091556551      0.3388899178    
3 sigma cinetique (1,3) (2,3) (3,3) = -0.5915750993E-01  0.3388899178       7.861168385    
 
1 sigma total (1,1) (2,1) (3,1) = -0.3466746101       3.656342663      -13.94614826    
2 sigma total (1,2) (2,2) (3,2) =   3.656342663       1.280519053       6.717107952    
3 sigma total (1,3) (2,3) (3,3) =  -13.94614826       6.717107952       2.723370083    
 
     15000 0.150E-10*Pression =     1.2191    
 pression totale  potentiel = cinetique =
    1.2191       -6.4454        7.6645    
 ----------valeurs moyennes------------
*temperature moyenne =       590.84
*pression moyenne =    0.41800    
 --------------------------------------
 
 
<<<<<<<<  ITERATION =  15100  time =   0.1510000E-10
 
 
 --------- Temperatures et Pression--------
 ----------valeurs instantanees------------
     15100 0.151E-10*Epot =    -516.2763235641169      eV 
    *energie PAIRE EAM =     32.0475959787      eV 
    *energie GLUE  =    -548.323919543      eV 
     15100 0.151E-10*Ec =     10.2578034561      eV   (619.996 K)
     15100 0.151E-10*Etot =    -506.0185201080621      eV 
 
     15100 0.151E-10*Epot/at =    -4.03340877784      eV 
 
     15100 0.151E-10*Temp instantanee = 619.996
 NPT With Parrinello-Rahman
     15100 0.151E-10*Kcell =    0.302238098548      eV   (779.421 K)
 Box tensor
 a  1.127780442251676E-007  1.751513481005736E-008 -4.606547064307706E-009
 b -1.848611503091452E-008  1.095604630115444E-007 -3.058604503066749E-008
 c  2.996855628963948E-010  2.888872354711693E-008  1.099026519645853E-007
 H0(1)  1.080000000000000E-007  0.000000000000000E+000  0.000000000000000E+000
 H0(2)  0.000000000000000E+000  1.080000000000000E-007  0.000000000000000E+000
 H0(3)  0.000000000000000E+000  0.000000000000000E+000  1.080000000000000E-007
Strain (Lagrange def.):
  e(1:3,1) =   0.598728E-01 -0.177328E-02  0.337946E-02
  e(1:3,2) =  -0.177328E-02  0.634788E-01 -0.110064E-01
  e(1:3,3) =   0.337946E-02 -0.110064E-01  0.587843E-01
Rotation:
  r(1:3,1) =    0.00000      0.166672     -0.227140E-01
  r(1:3,2) =  -0.166672       0.00000     -0.275346    
  r(1:3,3) =   0.227140E-01  0.275346       0.00000    
     15100 0.151E-10*l_a,m      11.4222973        11.4473522    
     15100 0.151E-10*l_b,m      11.5242083        11.4412139    
     15100 0.151E-10*l_c,m      11.3636443        11.4276042    
     15100 0.151E-10*ang_bc,m      90.8837    89.9649
     15100 0.151E-10*ang_ca,m      89.8521    90.0056
     15100 0.151E-10*ang_ab,m      90.1087    89.9948
     15100 0.151E-10*volume      1495.64435501        1496.93986717    
 
*temp instantanee des atomes de type 1 =       620.00
 
 * stress en kbar 
1 sigma potentiel (1,1) (2,1) (3,1) =  -9.595361696       1.855426412     -0.5605157518    
2 sigma potentiel (1,2) (2,2) (3,2) =   1.855426412     -0.5964897189       16.86047636    
3 sigma potentiel (1,3) (2,3) (3,3) = -0.5605157518       16.86047636      -10.83378161    
 
1 sigma cinetique (1,1) (2,1) (3,1) =   7.425097899     -0.5136504855E-01 -0.3550611572    
2 sigma cinetique (1,2) (2,2) (3,2) = -0.5136504855E-01   7.206088948      0.1612295283E-01
3 sigma cinetique (1,3) (2,3) (3,3) = -0.3550611572      0.1612295283E-01   7.345710543    
 
1 sigma total (1,1) (2,1) (3,1) =  -2.170263797       1.804061363     -0.9155769090    
2 sigma total (1,2) (2,2) (3,2) =   1.804061363       6.609599229       16.87659932    
3 sigma total (1,3) (2,3) (3,3) = -0.9155769090       16.87659932      -3.488071070    
 
     15100 0.151E-10*Pression =    0.31709    
 pression totale  potentiel = cinetique =
   0.31709       -7.0085        7.3256    
 ----------valeurs moyennes------------
*temperature moyenne =       591.04
*pression moyenne =    0.41733    
 --------------------------------------
 
 
<<<<<<<<  ITERATION =  15200  time =   0.1520000E-10
 
 
 --------- Temperatures et Pression--------
 ----------valeurs instantanees------------
     15200 0.152E-10*Epot =    -516.0995224795161      eV 
    *energie PAIRE EAM =     31.8200753530      eV 
    *energie GLUE  =    -547.919597833      eV 
     15200 0.152E-10*Ec =     10.4877688740      eV   (633.895 K)
     15200 0.152E-10*Etot =    -505.6117536055112      eV 
 
     15200 0.152E-10*Epot/at =    -4.03202751937      eV 
 
     15200 0.152E-10*Temp instantanee = 633.895
 NPT With Parrinello-Rahman
     15200 0.152E-10*Kcell =    0.164101380082      eV   (423.190 K)
 Box tensor
 a  1.127709910586786E-007  1.781626689477310E-008 -5.137474684899172E-009
 b -1.800852590381729E-008  1.095595055233406E-007 -3.008166188286137E-008
 c  5.432395039619316E-010  2.846461424151683E-008  1.101683967740071E-007
 H0(1)  1.080000000000000E-007  0.000000000000000E+000  0.000000000000000E+000
 H0(2)  0.000000000000000E+000  1.080000000000000E-007  0.000000000000000E+000
 H0(3)  0.000000000000000E+000  0.000000000000000E+000  1.080000000000000E-007
Strain (Lagrange def.):
  e(1:3,1) =   0.590663E-01  0.221262E-02  0.952336E-03
  e(1:3,2) =   0.221262E-02  0.628832E-01 -0.107751E-01
  e(1:3,3) =   0.952336E-03 -0.107751E-01  0.602013E-01
Rotation:
  r(1:3,1) =    0.00000      0.165856     -0.262996E-01
  r(1:3,2) =  -0.165856       0.00000     -0.271048    
  r(1:3,3) =   0.262996E-01  0.271048       0.00000    
     15200 0.152E-10*l_a,m      11.4285211        11.4472284    
     15200 0.152E-10*l_b,m      11.5032598        11.4416221    
     15200 0.152E-10*l_c,m      11.3787543        11.4272828    
     15200 0.152E-10*ang_bc,m      90.8985    89.9710
     15200 0.152E-10*ang_ca,m      89.9894    90.0055
     15200 0.152E-10*ang_ab,m      89.6703    89.9926
     15200 0.152E-10*volume      1495.70199029        1496.93172324    
 
*temp instantanee des atomes de type 1 =       633.90
 
 * stress en kbar 
1 sigma potentiel (1,1) (2,1) (3,1) =  -5.861944390      -7.787017390      -2.633480095    
2 sigma potentiel (1,2) (2,2) (3,2) =  -7.787017390      -6.126654883       14.50155084    
3 sigma potentiel (1,3) (2,3) (3,3) =  -2.633480095       14.50155084      -15.53811107    
 
1 sigma cinetique (1,1) (2,1) (3,1) =   7.669491845     -0.2863645236      0.1757208783    
2 sigma cinetique (1,2) (2,2) (3,2) = -0.2863645236       7.132065575      0.3428312783    
3 sigma cinetique (1,3) (2,3) (3,3) =  0.1757208783      0.3428312783       7.667165027    
 
1 sigma total (1,1) (2,1) (3,1) =   1.807547454      -8.073381914      -2.457759217    
2 sigma total (1,2) (2,2) (3,2) =  -8.073381914       1.005410692       14.84438212    
3 sigma total (1,3) (2,3) (3,3) =  -2.457759217       14.84438212      -7.870946046    
 
     15200 0.152E-10*Pression =    -1.6860    
 pression totale  potentiel = cinetique =
   -1.6860       -9.1756        7.4896    
 ----------valeurs moyennes------------
*temperature moyenne =       591.32
*pression moyenne =    0.40349    
 --------------------------------------
 
 
<<<<<<<<  ITERATION =  15300  time =   0.1530000E-10
 
 
 --------- Temperatures et Pression--------
 ----------valeurs instantanees------------
     15300 0.153E-10*Epot =    -516.5233492713041      eV 
    *energie PAIRE EAM =     31.4228581062      eV 
    *energie GLUE  =    -547.946207377      eV 
     15300 0.153E-10*Ec =     10.6983314334      eV   (646.622 K)
     15300 0.153E-10*Etot =    -505.8250178378645      eV 
 
     15300 0.153E-10*Epot/at =    -4.03533866618      eV 
 
     15300 0.153E-10*Temp instantanee = 646.622
 NPT With Parrinello-Rahman
     15300 0.153E-10*Kcell =    0.185148243623      eV   (477.466 K)
 Box tensor
 a  1.127547790090104E-007  1.789991640119403E-008 -5.509403595110864E-009
 b -1.774763771265855E-008  1.094734582780850E-007 -2.929121846790615E-008
 c  6.582461492438701E-010  2.844174065786246E-008  1.104040474157326E-007
 H0(1)  1.080000000000000E-007  0.000000000000000E+000  0.000000000000000E+000
 H0(2)  0.000000000000000E+000  1.080000000000000E-007  0.000000000000000E+000
 H0(3)  0.000000000000000E+000  0.000000000000000E+000  1.080000000000000E-007
Strain (Lagrange def.):
  e(1:3,1) =   0.585156E-01  0.403496E-02 -0.122979E-02
  e(1:3,2) =   0.403496E-02  0.621475E-01 -0.707929E-02
  e(1:3,3) =  -0.122979E-02 -0.707929E-02  0.605874E-01
Rotation:
  r(1:3,1) =    0.00000      0.165035     -0.285539E-01
  r(1:3,2) =  -0.165035       0.00000     -0.267282    
  r(1:3,3) =   0.285539E-01  0.267282       0.00000    
     15300 0.153E-10*l_a,m      11.4299609        11.4471155    
     15300 0.153E-10*l_b,m      11.4705676        11.4418113    
     15300 0.153E-10*l_c,m      11.4010612        11.4271115    
     15300 0.153E-10*ang_bc,m      90.5780    89.9750
     15300 0.153E-10*ang_ca,m      90.1096    90.0062
     15300 0.153E-10*ang_ab,m      89.4764    89.9892
     15300 0.153E-10*volume      1494.63096255        1496.91668559    
 
*temp instantanee des atomes de type 1 =       646.62
 
 * stress en kbar 
1 sigma potentiel (1,1) (2,1) (3,1) =  -2.025223836      -8.017319751       5.466369456    
2 sigma potentiel (1,2) (2,2) (3,2) =  -8.017319751      -12.42747060       6.490037388    
3 sigma potentiel (1,3) (2,3) (3,3) =   5.466369456       6.490037388      -7.468119737    
 
1 sigma cinetique (1,1) (2,1) (3,1) =   7.617057748      0.5706137554      0.3739246992E-01
2 sigma cinetique (1,2) (2,2) (3,2) =  0.5706137554       6.655811068     -0.7468105486    
3 sigma cinetique (1,3) (2,3) (3,3) =  0.3739246992E-01 -0.7468105486       8.663381332    
 
1 sigma total (1,1) (2,1) (3,1) =   5.591833912      -7.446705995       5.503761926    
2 sigma total (1,2) (2,2) (3,2) =  -7.446705995      -5.771659535       5.743226840    
3 sigma total (1,3) (2,3) (3,3) =   5.503761926       5.743226840       1.195261595    
 
     15300 0.153E-10*Pression =    0.33848    
 pression totale  potentiel = cinetique =
   0.33848       -7.3069        7.6454    
 ----------valeurs moyennes------------
*temperature moyenne =       591.68
*pression moyenne =    0.40307    
 --------------------------------------
 
 
<<<<<<<<  ITERATION =  15400  time =   0.1540000E-10
 
 
 --------- Temperatures et Pression--------
 ----------valeurs instantanees------------
     15400 0.154E-10*Epot =    -517.1584834800504      eV 
    *energie PAIRE EAM =     30.2440531375      eV 
    *energie GLUE  =    -547.402536618      eV 
     15400 0.154E-10*Ec =     10.2564658038      eV   (619.915 K)
     15400 0.154E-10*Etot =    -506.9020176762268      eV 
 
     15400 0.154E-10*Epot/at =    -4.04030065219      eV 
 
     15400 0.154E-10*Temp instantanee = 619.915
 NPT With Parrinello-Rahman
     15400 0.154E-10*Kcell =    0.161609341838      eV   (416.763 K)
 Box tensor
 a  1.128206733409738E-007  1.778363019466252E-008 -5.731609958127641E-009
 b -1.761814784941270E-008  1.094369211709395E-007 -2.843543623739514E-008
 c  8.044294241280279E-010  2.852168198684902E-008  1.106992349869890E-007
 H0(1)  1.080000000000000E-007  0.000000000000000E+000  0.000000000000000E+000
 H0(2)  0.000000000000000E+000  1.080000000000000E-007  0.000000000000000E+000
 H0(3)  0.000000000000000E+000  0.000000000000000E+000  1.080000000000000E-007
Strain (Lagrange def.):
  e(1:3,1) =   0.589656E-01  0.433938E-02 -0.242690E-02
  e(1:3,2) =   0.433938E-02  0.618220E-01 -0.242143E-02
  e(1:3,3) =  -0.242690E-02 -0.242143E-02  0.613746E-01
Rotation:
  r(1:3,1) =    0.00000      0.163897     -0.302594E-01
  r(1:3,2) =  -0.163897       0.00000     -0.263690    
  r(1:3,3) =   0.302594E-01  0.263690       0.00000    
     15400 0.154E-10*l_a,m      11.4357392        11.4470416    
     15400 0.154E-10*l_b,m      11.4435191        11.4418224    
     15400 0.154E-10*l_c,m      11.4317339        11.4271415    
     15400 0.154E-10*ang_bc,m      90.1779    89.9763
     15400 0.154E-10*ang_ca,m      90.1600    90.0072
     15400 0.154E-10*ang_ab,m      89.4681    89.9859
     15400 0.154E-10*volume      1495.93762372        1496.91032805    
 
*temp instantanee des atomes de type 1 =       619.91
 
 * stress en kbar 
1 sigma potentiel (1,1) (2,1) (3,1) =  -14.97229884      -3.781731161       1.938571934    
2 sigma potentiel (1,2) (2,2) (3,2) =  -3.781731161      -17.99353695      -1.824575081    
3 sigma potentiel (1,3) (2,3) (3,3) =   1.938571934      -1.824575081      -12.75973004    
 
1 sigma cinetique (1,1) (2,1) (3,1) =   7.476675098     -0.6687326538      0.6029358371    
2 sigma cinetique (1,2) (2,2) (3,2) = -0.6687326538       6.356275324     -0.1255342050    
3 sigma cinetique (1,3) (2,3) (3,3) =  0.6029358371     -0.1255342050       8.136773242    
 
1 sigma total (1,1) (2,1) (3,1) =  -7.495623744      -4.450463815       2.541507771    
2 sigma total (1,2) (2,2) (3,2) =  -4.450463815      -11.63726162      -1.950109286    
3 sigma total (1,3) (2,3) (3,3) =   2.541507771      -1.950109286      -4.622956797    
 
     15400 0.154E-10*Pression =    -7.9186    
 pression totale  potentiel = cinetique =
   -7.9186       -15.242        7.3232    
 ----------valeurs moyennes------------
*temperature moyenne =       591.86
*pression moyenne =    0.34903    
 --------------------------------------
 
 
<<<<<<<<  ITERATION =  15500  time =   0.1550000E-10
 
 
 --------- Temperatures et Pression--------
 ----------valeurs instantanees------------
     15500 0.155E-10*Epot =    -516.0034140442827      eV 
    *energie PAIRE EAM =     32.0285323514      eV 
    *energie GLUE  =    -548.031946396      eV 
     15500 0.155E-10*Ec =     9.36614823360      eV   (566.103 K)
     15500 0.155E-10*Etot =    -506.6372658106839      eV 
 
     15500 0.155E-10*Epot/at =    -4.03127667222      eV 
 
     15500 0.155E-10*Temp instantanee = 566.103
 NPT With Parrinello-Rahman
     15500 0.155E-10*Kcell =    0.176842523717      eV   (456.047 K)
 Box tensor
 a  1.129801391969566E-007  1.753652362170772E-008 -5.834388715014646E-009
 b -1.752338423009545E-008  1.093126871918021E-007 -2.768282842380318E-008
 c  9.907346181363886E-010  2.862874881619015E-008  1.109579493514408E-007
 H0(1)  1.080000000000000E-007  0.000000000000000E+000  0.000000000000000E+000
 H0(2)  0.000000000000000E+000  1.080000000000000E-007  0.000000000000000E+000
 H0(3)  0.000000000000000E+000  0.000000000000000E+000  1.080000000000000E-007
Strain (Lagrange def.):
  e(1:3,1) =   0.603808E-01  0.403439E-02 -0.274963E-02
  e(1:3,2) =   0.403439E-02  0.605452E-01  0.206567E-02
  e(1:3,3) =  -0.274963E-02  0.206567E-02  0.620733E-01
Rotation:
  r(1:3,1) =    0.00000      0.162314     -0.315978E-01
  r(1:3,2) =  -0.162314       0.00000     -0.260702    
  r(1:3,3) =   0.315978E-01  0.260702       0.00000    
     15500 0.155E-10*l_a,m      11.4481796        11.4470490    
     15500 0.155E-10*l_b,m      11.4116921        11.4416280    
     15500 0.155E-10*l_c,m      11.4596044        11.4273509    
     15500 0.155E-10*ang_bc,m      89.8226    89.9753
     15500 0.155E-10*ang_ca,m      90.1458    90.0081
     15500 0.155E-10*ang_ab,m      89.5672    89.9832
     15500 0.155E-10*volume      1497.06342085        1496.91131574    
 
*temp instantanee des atomes de type 1 =       566.10
 
 * stress en kbar 
1 sigma potentiel (1,1) (2,1) (3,1) =  -3.892462184      -8.203905359       8.062701357    
2 sigma potentiel (1,2) (2,2) (3,2) =  -8.203905359      -14.05549878      -1.473225492    
3 sigma potentiel (1,3) (2,3) (3,3) =   8.062701357      -1.473225492      -8.331464158    
 
1 sigma cinetique (1,1) (2,1) (3,1) =   6.604182152     -0.1079296380E-01 -0.4534792475    
2 sigma cinetique (1,2) (2,2) (3,2) = -0.1079296380E-01   6.868117293      0.2805055812    
3 sigma cinetique (1,3) (2,3) (3,3) = -0.4534792475      0.2805055812       6.575244355    
 
1 sigma total (1,1) (2,1) (3,1) =   2.711719968      -8.214698323       7.609222109    
2 sigma total (1,2) (2,2) (3,2) =  -8.214698323      -7.187381483      -1.192719911    
3 sigma total (1,3) (2,3) (3,3) =   7.609222109      -1.192719911      -1.756219804    
 
     15500 0.155E-10*Pression =    -2.0773    
 pression totale  potentiel = cinetique =
   -2.0773       -8.7598        6.6825    
 ----------valeurs moyennes------------
*temperature moyenne =       591.70
*pression moyenne =    0.33338    
 --------------------------------------
 
 
<<<<<<<<  ITERATION =  15600  time =   0.1560000E-10
 
 
 --------- Temperatures et Pression--------
 ----------valeurs instantanees------------
     15600 0.156E-10*Epot =    -515.9954546701941      eV 
    *energie PAIRE EAM =     31.9417883505      eV 
    *energie GLUE  =    -547.937243021      eV 
     15600 0.156E-10*Ec =     8.97672630907      eV   (542.566 K)
     15600 0.156E-10*Etot =    -507.0187283611266      eV 
 
     15600 0.156E-10*Epot/at =    -4.03121448961      eV 
 
     15600 0.156E-10*Temp instantanee = 542.566
 NPT With Parrinello-Rahman
     15600 0.156E-10*Kcell =    0.210181872707      eV   (542.024 K)
 Box tensor
 a  1.131761544201912E-007  1.720475489897517E-008 -5.797497432003190E-009
 b -1.751113516818900E-008  1.089891650888273E-007 -2.692625304982455E-008
 c  1.410594172329022E-009  2.866283745092185E-008  1.111483322470475E-007
 H0(1)  1.080000000000000E-007  0.000000000000000E+000  0.000000000000000E+000
 H0(2)  0.000000000000000E+000  1.080000000000000E-007  0.000000000000000E+000
 H0(3)  0.000000000000000E+000  0.000000000000000E+000  1.080000000000000E-007
Strain (Lagrange def.):
  e(1:3,1) =   0.623059E-01  0.338973E-02 -0.119359E-02
  e(1:3,2) =   0.338973E-02  0.571073E-01  0.649058E-02
  e(1:3,3) =  -0.119359E-02  0.649058E-02  0.620964E-01
Rotation:
  r(1:3,1) =    0.00000      0.160722     -0.333708E-01
  r(1:3,2) =  -0.160722       0.00000     -0.257357    
  r(1:3,3) =   0.333708E-01  0.257357       0.00000    
     15600 0.156E-10*l_a,m      11.4623106        11.4471468    
     15600 0.156E-10*l_b,m      11.3623506        11.4411198    
     15600 0.156E-10*l_c,m      11.4793292        11.4276841    
     15600 0.156E-10*ang_bc,m      89.5325    89.9725
     15600 0.156E-10*ang_ca,m      89.9634    90.0078
     15600 0.156E-10*ang_ab,m      89.7827    89.9819
     15600 0.156E-10*volume      1494.99316000        1496.89901987    
 
*temp instantanee des atomes de type 1 =       542.57
 
 * stress en kbar 
1 sigma potentiel (1,1) (2,1) (3,1) =  -8.176806897      -4.398898114       4.929012358    
2 sigma potentiel (1,2) (2,2) (3,2) =  -4.398898114      -11.50791378      -10.82804991    
3 sigma potentiel (1,3) (2,3) (3,3) =   4.929012358      -10.82804991      -7.838146889    
 
1 sigma cinetique (1,1) (2,1) (3,1) =   5.403530160     -0.1384048119      0.1626967663    
2 sigma cinetique (1,2) (2,2) (3,2) = -0.1384048119       7.183306755     -0.8152234995    
3 sigma cinetique (1,3) (2,3) (3,3) =  0.1626967663     -0.8152234995       6.653785709    
 
1 sigma total (1,1) (2,1) (3,1) =  -2.773276736      -4.537302926       5.091709124    
2 sigma total (1,2) (2,2) (3,2) =  -4.537302926      -4.324607026      -11.64327341    
3 sigma total (1,3) (2,3) (3,3) =   5.091709124      -11.64327341      -1.184361181    
 
     15600 0.156E-10*Pression =    -2.7607    
 pression totale  potentiel = cinetique =
   -2.7607       -9.1743        6.4135    
 ----------valeurs moyennes------------
*temperature moyenne =       591.38
*pression moyenne =    0.31354    
 --------------------------------------
 
 
<<<<<<<<  ITERATION =  15700  time =   0.1570000E-10
 
 
 --------- Temperatures et Pression--------
 ----------valeurs instantanees------------
     15700 0.157E-10*Epot =    -516.4173197613361      eV 
    *energie PAIRE EAM =     31.9522120629      eV 
    *energie GLUE  =    -548.369531824      eV 
     15700 0.157E-10*Ec =     9.65311001171      eV   (583.447 K)
     15700 0.157E-10*Etot =    -506.7642097496270      eV 
 
     15700 0.157E-10*Epot/at =    -4.03451031064      eV 
 
     15700 0.157E-10*Temp instantanee = 583.447
 NPT With Parrinello-Rahman
     15700 0.157E-10*Kcell =    0.166981730583      eV   (430.618 K)
 Box tensor
 a  1.133032726827648E-007  1.692843311882645E-008 -5.776182762654661E-009
 b -1.753126135941256E-008  1.087865835160907E-007 -2.628457997246623E-008
 c  2.012142917903512E-009  2.868038197307503E-008  1.112950532759075E-007
 H0(1)  1.080000000000000E-007  0.000000000000000E+000  0.000000000000000E+000
 H0(2)  0.000000000000000E+000  1.080000000000000E-007  0.000000000000000E+000
 H0(3)  0.000000000000000E+000  0.000000000000000E+000  1.080000000000000E-007
Strain (Lagrange def.):
  e(1:3,1) =   0.636585E-01  0.294024E-02  0.129814E-02
  e(1:3,2) =   0.294024E-02  0.548550E-01  0.100649E-01
  e(1:3,3) =   0.129814E-02  0.100649E-01  0.620213E-01
Rotation:
  r(1:3,1) =    0.00000      0.159536     -0.360571E-01
  r(1:3,2) =  -0.159536       0.00000     -0.254467    
  r(1:3,3) =   0.360571E-01  0.254467       0.00000    
     15700 0.157E-10*l_a,m      11.4706442        11.4472965    
     15700 0.157E-10*l_b,m      11.3281706        11.4404004    
     15700 0.157E-10*l_c,m      11.4948693        11.4281120    
     15700 0.157E-10*ang_bc,m      89.2985    89.9682
     15700 0.157E-10*ang_ca,m      89.6931    90.0058
     15700 0.157E-10*ang_ab,m      89.9689    89.9818
     15700 0.157E-10*volume      1493.52602214        1496.87753581    
 
*temp instantanee des atomes de type 1 =       583.45
 
 * stress en kbar 
1 sigma potentiel (1,1) (2,1) (3,1) =  -8.287810570      0.3747839958      -2.297570345    
2 sigma potentiel (1,2) (2,2) (3,2) =  0.3747839958      -7.769710792      -14.50355419    
3 sigma potentiel (1,3) (2,3) (3,3) =  -2.297570345      -14.50355419      -1.975229655    
 
1 sigma cinetique (1,1) (2,1) (3,1) =   6.882125718      0.2424869696      0.1018929915    
2 sigma cinetique (1,2) (2,2) (3,2) =  0.2424869696       6.371085650      0.8711678253    
3 sigma cinetique (1,3) (2,3) (3,3) =  0.1018929915      0.8711678253       7.457489923    
 
1 sigma total (1,1) (2,1) (3,1) =  -1.405684852      0.6172709654      -2.195677353    
2 sigma total (1,2) (2,2) (3,2) =  0.6172709654      -1.398625142      -13.63238636    
3 sigma total (1,3) (2,3) (3,3) =  -2.195677353      -13.63238636       5.482260268    
 
     15700 0.157E-10*Pression =    0.89265    
 pression totale  potentiel = cinetique =
   0.89265       -6.0109        6.9036    
 ----------valeurs moyennes------------
*temperature moyenne =       591.33
*pression moyenne =    0.31723    
 --------------------------------------
 
 
<<<<<<<<  ITERATION =  15800  time =   0.1580000E-10
 
 
 --------- Temperatures et Pression--------
 ----------valeurs instantanees------------
     15800 0.158E-10*Epot =    -517.3046238965892      eV 
    *energie PAIRE EAM =     30.8026901111      eV 
    *energie GLUE  =    -548.107314008      eV 
     15800 0.158E-10*Ec =     10.4702614787      eV   (632.837 K)
     15800 0.158E-10*Etot =    -506.8343624179010      eV 
 
     15800 0.158E-10*Epot/at =    -4.04144237419      eV 
 
     15800 0.158E-10*Temp instantanee = 632.837
 NPT With Parrinello-Rahman
     15800 0.158E-10*Kcell =    0.151361190155      eV   (390.335 K)
 Box tensor
 a  1.135042757175429E-007  1.668758640795940E-008 -5.870374370707467E-009
 b -1.731469987617388E-008  1.086256226105201E-007 -2.582006891426064E-008
 c  2.550545141690164E-009  2.858747953372838E-008  1.113845983483470E-007
 H0(1)  1.080000000000000E-007  0.000000000000000E+000  0.000000000000000E+000
 H0(2)  0.000000000000000E+000  1.080000000000000E-007  0.000000000000000E+000
 H0(3)  0.000000000000000E+000  0.000000000000000E+000  1.080000000000000E-007
Strain (Lagrange def.):
  e(1:3,1) =   0.653946E-01  0.369539E-02  0.277973E-02
  e(1:3,2) =   0.369539E-02  0.527797E-01  0.120680E-01
  e(1:3,3) =   0.277973E-02  0.120680E-01  0.618855E-01
Rotation:
  r(1:3,1) =    0.00000      0.157418     -0.389857E-01
  r(1:3,2) =  -0.157418       0.00000     -0.251887    
  r(1:3,3) =   0.389857E-01  0.251887       0.00000    
     15800 0.158E-10*l_a,m      11.4874529        11.4475506    
     15800 0.158E-10*l_b,m      11.2986728        11.4395034    
     15800 0.158E-10*l_c,m      11.5022946        11.4285815    
     15800 0.158E-10*ang_bc,m      89.1834    89.9632
     15800 0.158E-10*ang_ca,m      89.5114    90.0026
     15800 0.158E-10*ang_ab,m      90.0045    89.9819
     15800 0.158E-10*volume      1492.71106013        1496.85116571    
 
*temp instantanee des atomes de type 1 =       632.84
 
 * stress en kbar 
1 sigma potentiel (1,1) (2,1) (3,1) =  -12.64849791       2.038303791      -4.648791446    
2 sigma potentiel (1,2) (2,2) (3,2) =   2.038303791      -10.79410759      -14.46527444    
3 sigma potentiel (1,3) (2,3) (3,3) =  -4.648791446      -14.46527444      -5.976236714    
 
1 sigma cinetique (1,1) (2,1) (3,1) =   9.283219889     -0.9858643596      0.3911326139    
2 sigma cinetique (1,2) (2,2) (3,2) = -0.9858643596       5.781153119     -0.4359952901    
3 sigma cinetique (1,3) (2,3) (3,3) =  0.3911326139     -0.4359952901       7.411787252    
 
1 sigma total (1,1) (2,1) (3,1) =  -3.365278026       1.052439431      -4.257658832    
2 sigma total (1,2) (2,2) (3,2) =   1.052439431      -5.012954468      -14.90126974    
3 sigma total (1,3) (2,3) (3,3) =  -4.257658832      -14.90126974       1.435550537    
 
     15800 0.158E-10*Pression =    -2.3142    
 pression totale  potentiel = cinetique =
   -2.3142       -9.8063        7.4921    
 ----------valeurs moyennes------------
*temperature moyenne =       591.60
*pression moyenne =    0.30058    
 --------------------------------------
 
 
<<<<<<<<  ITERATION =  15900  time =   0.1590000E-10
 
 
 --------- Temperatures et Pression--------
 ----------valeurs instantanees------------
     15900 0.159E-10*Epot =    -517.1913213687768      eV 
    *energie PAIRE EAM =     31.3734353695      eV 
    *energie GLUE  =    -548.564756738      eV 
     15900 0.159E-10*Ec =     10.8440828173      eV   (655.431 K)
     15900 0.159E-10*Etot =    -506.3472385514302      eV 
 
     15900 0.159E-10*Epot/at =    -4.04055719819      eV 
 
     15900 0.159E-10*Temp instantanee = 655.431
 NPT With Parrinello-Rahman
     15900 0.159E-10*Kcell =    0.199051927147      eV   (513.321 K)
 Box tensor
 a  1.138071733407238E-007  1.624713458220621E-008 -6.135237618013990E-009
 b -1.719438664855139E-008  1.084293215153541E-007 -2.573715642274343E-008
 c  2.847674009571028E-009  2.810286050484817E-008  1.114206001762811E-007
 H0(1)  1.080000000000000E-007  0.000000000000000E+000  0.000000000000000E+000
 H0(2)  0.000000000000000E+000  1.080000000000000E-007  0.000000000000000E+000
 H0(3)  0.000000000000000E+000  0.000000000000000E+000  1.080000000000000E-007
Strain (Lagrange def.):
  e(1:3,1) =   0.682368E-01  0.277317E-02  0.264018E-02
  e(1:3,2) =   0.277317E-02  0.491537E-01  0.103264E-01
  e(1:3,3) =   0.264018E-02  0.103264E-01  0.621825E-01
Rotation:
  r(1:3,1) =    0.00000      0.154822     -0.415876E-01
  r(1:3,2) =  -0.154822       0.00000     -0.249259    
  r(1:3,3) =   0.415876E-01  0.249259       0.00000    
     15900 0.159E-10*l_a,m      11.5124642        11.4479589    
     15900 0.159E-10*l_b,m      11.2760658        11.4384755    
     15900 0.159E-10*l_c,m      11.4945336        11.4289963    
     15900 0.159E-10*ang_bc,m      89.4228    89.9598
     15900 0.159E-10*ang_ca,m      89.5796    90.0000
     15900 0.159E-10*ang_ab,m      90.1645    89.9831
     15900 0.159E-10*volume      1492.04402883        1496.82093214    
 
*temp instantanee des atomes de type 1 =       655.43
 
 * stress en kbar 
1 sigma potentiel (1,1) (2,1) (3,1) =  -14.27336535       2.256375328      -4.396684520    
2 sigma potentiel (1,2) (2,2) (3,2) =   2.256375328      -6.985803830      -9.070277582    
3 sigma potentiel (1,3) (2,3) (3,3) =  -4.396684520      -9.070277582      -9.410874076    
 
1 sigma cinetique (1,1) (2,1) (3,1) =   8.531311748     -0.6094049031     -0.6366418323    
2 sigma cinetique (1,2) (2,2) (3,2) = -0.6094049031       7.284646032     -0.8450059501    
3 sigma cinetique (1,3) (2,3) (3,3) = -0.6366418323     -0.8450059501       7.473079164    
 
1 sigma total (1,1) (2,1) (3,1) =  -5.742053602       1.646970425      -5.033326352    
2 sigma total (1,2) (2,2) (3,2) =   1.646970425      0.2988422013      -9.915283532    
3 sigma total (1,3) (2,3) (3,3) =  -5.033326352      -9.915283532      -1.937794913    
 
     15900 0.159E-10*Pression =    -2.4603    
 pression totale  potentiel = cinetique =
   -2.4603       -10.223        7.7630    
 ----------valeurs moyennes------------
*temperature moyenne =       592.00
*pression moyenne =    0.28321    
 --------------------------------------
 
 
<<<<<<<<  ITERATION =  16000  time =   0.1600000E-10
 
 
 --------- Temperatures et Pression--------
 ----------valeurs instantanees------------
     16000 0.160E-10*Epot =    -515.8121598641942      eV 
    *energie PAIRE EAM =     33.3769247421      eV 
    *energie GLUE  =    -549.189084606      eV 
     16000 0.160E-10*Ec =     10.1124660291      eV   (611.211 K)
     16000 0.160E-10*Etot =    -505.6996938350945      eV 
 
     16000 0.160E-10*Epot/at =    -4.02978249894      eV 
 
     16000 0.160E-10*Temp instantanee = 611.211
 NPT With Parrinello-Rahman
     16000 0.160E-10*Kcell =    0.225143738243      eV   (580.608 K)
 Box tensor
 a  1.139801317793993E-007  1.601728672908450E-008 -6.560319439825094E-009
 b -1.709613682626430E-008  1.082974315626639E-007 -2.571610840417645E-008
 c  3.081881131134986E-009  2.725499661446547E-008  1.114393865733974E-007
 H0(1)  1.080000000000000E-007  0.000000000000000E+000  0.000000000000000E+000
 H0(2)  0.000000000000000E+000  1.080000000000000E-007  0.000000000000000E+000
 H0(3)  0.000000000000000E+000  0.000000000000000E+000  1.080000000000000E-007
Strain (Lagrange def.):
  e(1:3,1) =   0.698408E-01  0.249406E-02  0.151505E-02
  e(1:3,2) =   0.249406E-02  0.455985E-01  0.631058E-02
  e(1:3,3) =   0.151505E-02  0.631058E-02  0.625468E-01
Rotation:
  r(1:3,1) =    0.00000      0.153303     -0.446398E-01
  r(1:3,2) =  -0.153303       0.00000     -0.245237    
  r(1:3,3) =   0.446398E-01  0.245237       0.00000    
     16000 0.160E-10*l_a,m      11.5286867        11.4484634    
     16000 0.160E-10*l_b,m      11.2614075        11.4373688    
     16000 0.160E-10*l_c,m      11.4765281        11.4292934    
     16000 0.160E-10*ang_bc,m      89.8529    89.9591
     16000 0.160E-10*ang_ca,m      89.7543    89.9984
     16000 0.160E-10*ang_ab,m      90.1998    89.9844
     16000 0.160E-10*volume      1489.96117092        1496.77805864    
 
*temp instantanee des atomes de type 1 =       611.21
 
 * stress en kbar 
1 sigma potentiel (1,1) (2,1) (3,1) =  -6.773253849      -1.128656796     -0.4649126079    
2 sigma potentiel (1,2) (2,2) (3,2) =  -1.128656796       1.035868383      -3.081302784    
3 sigma potentiel (1,3) (2,3) (3,3) = -0.4649126079      -3.081302784      -3.702837035    
 
1 sigma cinetique (1,1) (2,1) (3,1) =   6.373182112      0.3326944439     -0.2183365119    
2 sigma cinetique (1,2) (2,2) (3,2) =  0.3326944439       8.704330230      0.8850842637    
3 sigma cinetique (1,3) (2,3) (3,3) = -0.2183365119      0.8850842637       6.670645090    
 
1 sigma total (1,1) (2,1) (3,1) = -0.4000717365     -0.7959623525     -0.6832491198    
2 sigma total (1,2) (2,2) (3,2) = -0.7959623525       9.740198613      -2.196218520    
3 sigma total (1,3) (2,3) (3,3) = -0.6832491198      -2.196218520       2.967808055    
 
     16000 0.160E-10*Pression =     4.1026    
 pression totale  potentiel = cinetique =
    4.1026       -3.1467        7.2494    
 ----------valeurs moyennes------------
*temperature moyenne =       592.12
*pression moyenne =    0.30708    
 --------------------------------------
 
 
<<<<<<<<  ITERATION =  16100  time =   0.1610000E-10
 
 
 --------- Temperatures et Pression--------
 ----------valeurs instantanees------------
     16100 0.161E-10*Epot =    -516.3010610997011      eV 
    *energie PAIRE EAM =     34.2607474775      eV 
    *energie GLUE  =    -550.561808577      eV 
     16100 0.161E-10*Ec =     10.4017693968      eV   (628.697 K)
     16100 0.161E-10*Etot =    -505.8992917029314      eV 
 
     16100 0.161E-10*Epot/at =    -4.03360203984      eV 
 
     16100 0.161E-10*Temp instantanee = 628.697
 NPT With Parrinello-Rahman
     16100 0.161E-10*Kcell =    0.273981340124      eV   (706.552 K)
 Box tensor
 a  1.140027188134655E-007  1.598430204876376E-008 -6.939298214320653E-009
 b -1.693878117614340E-008  1.082296910423845E-007 -2.571763533379356E-008
 c  3.222044343837312E-009  2.627995643133834E-008  1.114670558007053E-007
 H0(1)  1.080000000000000E-007  0.000000000000000E+000  0.000000000000000E+000
 H0(2)  0.000000000000000E+000  1.080000000000000E-007  0.000000000000000E+000
 H0(3)  0.000000000000000E+000  0.000000000000000E+000  1.080000000000000E-007
Strain (Lagrange def.):
  e(1:3,1) =   0.698698E-01  0.315715E-02  0.157679E-03
  e(1:3,2) =   0.315715E-02  0.426869E-01  0.150111E-02
  e(1:3,3) =   0.157679E-03  0.150111E-02  0.630339E-01
Rotation:
  r(1:3,1) =    0.00000      0.152422     -0.470433E-01
  r(1:3,2) =  -0.152422       0.00000     -0.240730    
  r(1:3,3) =   0.470433E-01  0.240730       0.00000    
     16100 0.161E-10*l_a,m      11.5326804        11.4489865    
     16100 0.161E-10*l_b,m      11.2525486        11.4362208    
     16100 0.161E-10*l_c,m      11.4568417        11.4294645    
     16100 0.161E-10*ang_bc,m      90.3421    89.9615
     16100 0.161E-10*ang_ca,m      89.9398    89.9981
     16100 0.161E-10*ang_ab,m      90.0999    89.9852
     16100 0.161E-10*volume      1486.74823313        1496.71576158    
 
*temp instantanee des atomes de type 1 =       628.70
 
 * stress en kbar 
1 sigma potentiel (1,1) (2,1) (3,1) =  -12.67711775       3.689844604      -3.041441020    
2 sigma potentiel (1,2) (2,2) (3,2) =   3.689844604       10.78384796       4.700831114    
3 sigma potentiel (1,3) (2,3) (3,3) =  -3.041441020       4.700831114      -4.681324242    
 
1 sigma cinetique (1,1) (2,1) (3,1) =   7.393285303     -0.6059772827      0.5155801202    
2 sigma cinetique (1,2) (2,2) (3,2) = -0.6059772827       8.169135913      0.1453034130    
3 sigma cinetique (1,3) (2,3) (3,3) =  0.5155801202      0.1453034130       6.856263712    
 
1 sigma total (1,1) (2,1) (3,1) =  -5.283832450       3.083867321      -2.525860899    
2 sigma total (1,2) (2,2) (3,2) =   3.083867321       18.95298388       4.846134527    
3 sigma total (1,3) (2,3) (3,3) =  -2.525860899       4.846134527       2.174939470    
 
     16100 0.161E-10*Pression =     5.2814    
 pression totale  potentiel = cinetique =
    5.2814       -2.1915        7.4729    
 ----------valeurs moyennes------------
*temperature moyenne =       592.34
*pression moyenne =    0.33798    
 --------------------------------------
 
 
<<<<<<<<  ITERATION =  16200  time =   0.1620000E-10
 
 
 --------- Temperatures et Pression--------
 ----------valeurs instantanees------------
     16200 0.162E-10*Epot =    -515.7229809348529      eV 
    *energie PAIRE EAM =     34.3772769359      eV 
    *energie GLUE  =    -550.100257871      eV 
     16200 0.162E-10*Ec =     10.4451408117      eV   (631.319 K)
     16200 0.162E-10*Etot =    -505.2778401231417      eV 
 
     16200 0.162E-10*Epot/at =    -4.02908578855      eV 
 
     16200 0.162E-10*Temp instantanee = 631.319
 NPT With Parrinello-Rahman
     16200 0.162E-10*Kcell =    0.186263894779      eV   (480.343 K)
 Box tensor
 a  1.140348660355701E-007  1.610695204549210E-008 -7.357653198177873E-009
 b -1.682346387994315E-008  1.084683295897406E-007 -2.562266246594140E-008
 c  3.395538286092821E-009  2.530498646264457E-008  1.115643240631765E-007
 H0(1)  1.080000000000000E-007  0.000000000000000E+000  0.000000000000000E+000
 H0(2)  0.000000000000000E+000  1.080000000000000E-007  0.000000000000000E+000
 H0(3)  0.000000000000000E+000  0.000000000000000E+000  1.080000000000000E-007
Strain (Lagrange def.):
  e(1:3,1) =   0.700664E-01  0.419518E-02 -0.124941E-02
  e(1:3,2) =   0.419518E-02  0.429164E-01 -0.319886E-02
  e(1:3,3) =  -0.124941E-02 -0.319886E-02  0.640112E-01
Rotation:
  r(1:3,1) =    0.00000      0.152456     -0.497833E-01
  r(1:3,2) =  -0.152456       0.00000     -0.235776    
  r(1:3,3) =   0.497833E-01  0.235776       0.00000    
     16200 0.162E-10*l_a,m      11.5401558        11.4495493    
     16200 0.162E-10*l_b,m      11.2716140        11.4352047    
     16200 0.162E-10*l_c,m      11.4448549        11.4295595    
     16200 0.162E-10*ang_bc,m      90.7591    89.9664
     16200 0.162E-10*ang_ca,m      90.1130    89.9988
     16200 0.162E-10*ang_ab,m      89.9244    89.9848
     16200 0.162E-10*volume      1488.56823564        1496.66546821    
 
*temp instantanee des atomes de type 1 =       631.32
 
 * stress en kbar 
1 sigma potentiel (1,1) (2,1) (3,1) =  -4.934283828      -3.918478687       4.169075456    
2 sigma potentiel (1,2) (2,2) (3,2) =  -3.918478687       15.62661328       13.04093542    
3 sigma potentiel (1,3) (2,3) (3,3) =   4.169075456       13.04093542      -4.021197416    
 
1 sigma cinetique (1,1) (2,1) (3,1) =   7.658851249       2.621058156     -0.3483865840    
2 sigma cinetique (1,2) (2,2) (3,2) =   2.621058156       8.258386095     -0.6942284364    
3 sigma cinetique (1,3) (2,3) (3,3) = -0.3483865840     -0.6942284364       6.567400394    
 
1 sigma total (1,1) (2,1) (3,1) =   2.724567421      -1.297420531       3.820688872    
2 sigma total (1,2) (2,2) (3,2) =  -1.297420531       23.88499938       12.34670698    
3 sigma total (1,3) (2,3) (3,3) =   3.820688872       12.34670698       2.546202977    
 
     16200 0.162E-10*Pression =     9.7186    
 pression totale  potentiel = cinetique =
    9.7186        2.2237        7.4949    
 ----------valeurs moyennes------------
*temperature moyenne =       592.58
*pression moyenne =    0.39588    
 --------------------------------------
 
 
<<<<<<<<  ITERATION =  16300  time =   0.1630000E-10
 
 
 --------- Temperatures et Pression--------
 ----------valeurs instantanees------------
     16300 0.163E-10*Epot =    -515.0947997790104      eV 
    *energie PAIRE EAM =     32.5239964442      eV 
    *energie GLUE  =    -547.618796223      eV 
     16300 0.163E-10*Ec =     9.72017920669      eV   (587.501 K)
     16300 0.163E-10*Etot =    -505.3746205723198      eV 
 
     16300 0.163E-10*Epot/at =    -4.02417812327      eV 
 
     16300 0.163E-10*Temp instantanee = 587.501
 NPT With Parrinello-Rahman
     16300 0.163E-10*Kcell =    0.150495684243      eV   (388.103 K)
 Box tensor
 a  1.141485921123240E-007  1.620911970580574E-008 -7.691614308714573E-009
 b -1.668841575668816E-008  1.090018928276232E-007 -2.542118886531287E-008
 c  3.474153435907087E-009  2.474899559669011E-008  1.118027983757181E-007
 H0(1)  1.080000000000000E-007  0.000000000000000E+000  0.000000000000000E+000
 H0(2)  0.000000000000000E+000  1.080000000000000E-007  0.000000000000000E+000
 H0(3)  0.000000000000000E+000  0.000000000000000E+000  1.080000000000000E-007
Strain (Lagrange def.):
  e(1:3,1) =   0.710080E-01  0.502234E-02 -0.280039E-02
  e(1:3,2) =   0.502234E-02  0.468390E-01 -0.551376E-02
  e(1:3,3) =  -0.280039E-02 -0.551376E-02  0.660693E-01
Rotation:
  r(1:3,1) =    0.00000      0.152303     -0.516934E-01
  r(1:3,2) =  -0.152303       0.00000     -0.232269    
  r(1:3,3) =   0.516934E-01  0.232269       0.00000    
     16300 0.163E-10*l_a,m      11.5549979        11.4501962    
     16300 0.163E-10*l_b,m      11.3164273        11.4344760    
     16300 0.163E-10*l_c,m      11.4561984        11.4297230    
     16300 0.163E-10*ang_bc,m      90.8948    89.9721
     16300 0.163E-10*ang_ca,m      90.2693    90.0005
     16300 0.163E-10*ang_ab,m      89.7485    89.9833
     16300 0.163E-10*volume      1497.81416283        1496.67251542    
 
*temp instantanee des atomes de type 1 =       587.50
 
 * stress en kbar 
1 sigma potentiel (1,1) (2,1) (3,1) =  -10.15012752      -3.977423411       2.559140685    
2 sigma potentiel (1,2) (2,2) (3,2) =  -3.977423411       2.122204834       12.71624584    
3 sigma potentiel (1,3) (2,3) (3,3) =   2.559140685       12.71624584      -13.57876666    
 
1 sigma cinetique (1,1) (2,1) (3,1) =   6.736958444      0.8315682540     -0.8330309206    
2 sigma cinetique (1,2) (2,2) (3,2) =  0.8315682540       6.292226130      0.1819006281    
3 sigma cinetique (1,3) (2,3) (3,3) = -0.8330309206      0.1819006281       7.765708049    
 
1 sigma total (1,1) (2,1) (3,1) =  -3.413169073      -3.145855157       1.726109764    
2 sigma total (1,2) (2,2) (3,2) =  -3.145855157       8.414430964       12.89814647    
3 sigma total (1,3) (2,3) (3,3) =   1.726109764       12.89814647      -5.813058606    
 
     16300 0.163E-10*Pression =   -0.27060    
 pression totale  potentiel = cinetique =
  -0.27060       -7.2022        6.9316    
 ----------valeurs moyennes------------
*temperature moyenne =       592.55
*pression moyenne =    0.39179    
 --------------------------------------
 
 
<<<<<<<<  ITERATION =  16400  time =   0.1640000E-10
 
 
 --------- Temperatures et Pression--------
 ----------valeurs instantanees------------
     16400 0.164E-10*Epot =    -515.7970137033602      eV 
    *energie PAIRE EAM =     29.6077662870      eV 
    *energie GLUE  =    -545.404779990      eV 
     16400 0.164E-10*Ec =     10.6228941842      eV   (642.062 K)
     16400 0.164E-10*Etot =    -505.1741195191261      eV 
 
     16400 0.164E-10*Epot/at =    -4.02966416956      eV 
 
     16400 0.164E-10*Temp instantanee = 642.062
 NPT With Parrinello-Rahman
     16400 0.164E-10*Kcell =    0.154625831831      eV   (398.754 K)
 Box tensor
 a  1.141936831636766E-007  1.613784639958656E-008 -8.001911762726229E-009
 b -1.668946036653114E-008  1.095659282072752E-007 -2.492200142274320E-008
 c  3.632220876656984E-009  2.451740815447202E-008  1.118516538455295E-007
 H0(1)  1.080000000000000E-007  0.000000000000000E+000  0.000000000000000E+000
 H0(2)  0.000000000000000E+000  1.080000000000000E-007  0.000000000000000E+000
 H0(3)  0.000000000000000E+000  0.000000000000000E+000  1.080000000000000E-007
Strain (Lagrange def.):
  e(1:3,1) =   0.714990E-01  0.442801E-02 -0.392503E-02
  e(1:3,2) =   0.442801E-02  0.515358E-01 -0.503357E-02
  e(1:3,3) =  -0.392503E-02 -0.503357E-02  0.656691E-01
Rotation:
  r(1:3,1) =    0.00000      0.151978     -0.538617E-01
  r(1:3,2) =  -0.151978       0.00000     -0.228886    
  r(1:3,3) =   0.538617E-01  0.228886       0.00000    
     16400 0.164E-10*l_a,m      11.5605614        11.4508692    
     16400 0.164E-10*l_b,m      11.3597257        11.4340202    
     16400 0.164E-10*l_c,m      11.4564780        11.4298861    
     16400 0.164E-10*ang_bc,m      90.7129    89.9766
     16400 0.164E-10*ang_ca,m      90.3660    90.0027
     16400 0.164E-10*ang_ab,m      89.7306    89.9818
     16400 0.164E-10*volume      1504.35655004        1496.71936929    
 
*temp instantanee des atomes de type 1 =       642.06
 
 * stress en kbar 
1 sigma potentiel (1,1) (2,1) (3,1) =  -20.29837348      -3.944475689       4.136887741    
2 sigma potentiel (1,2) (2,2) (3,2) =  -3.944475689      -6.770226159       13.23406755    
3 sigma potentiel (1,3) (2,3) (3,3) =   4.136887741       13.23406755      -22.22173399    
 
1 sigma cinetique (1,1) (2,1) (3,1) =   6.746927940      0.4632941798E-02 -0.4025612163    
2 sigma cinetique (1,2) (2,2) (3,2) =  0.4632941798E-02   8.880247055       1.068055441    
3 sigma cinetique (1,3) (2,3) (3,3) = -0.4025612163       1.068055441       7.000108454    
 
1 sigma total (1,1) (2,1) (3,1) =  -13.55144554      -3.939842747       3.734326525    
2 sigma total (1,2) (2,2) (3,2) =  -3.939842747       2.110020896       14.30212299    
3 sigma total (1,3) (2,3) (3,3) =   3.734326525       14.30212299      -15.22162554    
 
     16400 0.164E-10*Pression =    -8.8877    
 pression totale  potentiel = cinetique =
   -8.8877       -16.430        7.5424    
 ----------valeurs moyennes------------
*temperature moyenne =       592.86
*pression moyenne =    0.33521    
 --------------------------------------
 
 
<<<<<<<<  ITERATION =  16500  time =   0.1650000E-10
 
 
 --------- Temperatures et Pression--------
 ----------valeurs instantanees------------
     16500 0.165E-10*Epot =    -516.7443215724978      eV 
    *energie PAIRE EAM =     27.8017007359      eV 
    *energie GLUE  =    -544.546022308      eV 
     16500 0.165E-10*Ec =     9.66234584479      eV   (584.005 K)
     16500 0.165E-10*Etot =    -507.0819757277065      eV 
 
     16500 0.165E-10*Epot/at =    -4.03706501229      eV 
 
     16500 0.165E-10*Temp instantanee = 584.005
 NPT With Parrinello-Rahman
     16500 0.165E-10*Kcell =    0.240119849007      eV   (619.229 K)
 Box tensor
 a  1.139917257193451E-007  1.576325348559113E-008 -8.124248922265681E-009
 b -1.668025260435598E-008  1.100654508646161E-007 -2.427050112982985E-008
 c  3.750030621761561E-009  2.479173416135334E-008  1.117089254106631E-007
 H0(1)  1.080000000000000E-007  0.000000000000000E+000  0.000000000000000E+000
 H0(2)  0.000000000000000E+000  1.080000000000000E-007  0.000000000000000E+000
 H0(3)  0.000000000000000E+000  0.000000000000000E+000  1.080000000000000E-007
Strain (Lagrange def.):
  e(1:3,1) =   0.695476E-01  0.231184E-02 -0.438731E-02
  e(1:3,2) =   0.231184E-02  0.563063E-01 -0.128388E-02
  e(1:3,3) =  -0.438731E-02 -0.128388E-02  0.630120E-01
Rotation:
  r(1:3,1) =    0.00000      0.150201     -0.549735E-01
  r(1:3,2) =  -0.150201       0.00000     -0.227140    
  r(1:3,3) =   0.549735E-01  0.227140       0.00000    
     16500 0.165E-10*l_a,m      11.5362893        11.4513869    
     16500 0.165E-10*l_b,m      11.3937226        11.4337760    
     16500 0.165E-10*l_c,m      11.4488326        11.4300009    
     16500 0.165E-10*ang_bc,m      90.1980    89.9780
     16500 0.165E-10*ang_ca,m      90.3873    90.0050
     16500 0.165E-10*ang_ab,m      89.8659    89.9811
     16500 0.165E-10*volume      1504.80181821        1496.76835383    
 
*temp instantanee des atomes de type 1 =       584.01
 
 * stress en kbar 
1 sigma potentiel (1,1) (2,1) (3,1) =  -23.79577449       1.022050695       5.670079473    
2 sigma potentiel (1,2) (2,2) (3,2) =   1.022050695      -19.28830007       6.286426444    
3 sigma potentiel (1,3) (2,3) (3,3) =   5.670079473       6.286426444      -21.64479676    
 
1 sigma cinetique (1,1) (2,1) (3,1) =   6.942564639      0.2100203567      0.4989453191    
2 sigma cinetique (1,2) (2,2) (3,2) =  0.2100203567       6.809577477     -0.2811150624    
3 sigma cinetique (1,3) (2,3) (3,3) =  0.4989453191     -0.2811150624       6.823036495    
 
1 sigma total (1,1) (2,1) (3,1) =  -16.85320986       1.232071052       6.169024793    
2 sigma total (1,2) (2,2) (3,2) =   1.232071052      -12.47872260       6.005311381    
3 sigma total (1,3) (2,3) (3,3) =   6.169024793       6.005311381      -14.82176027    
 
     16500 0.165E-10*Pression =    -14.718    
 pression totale  potentiel = cinetique =
   -14.718       -21.576        6.8584    
 ----------valeurs moyennes------------
*temperature moyenne =       592.80
*pression moyenne =    0.24398    
 --------------------------------------
 
 
<<<<<<<<  ITERATION =  16600  time =   0.1660000E-10
 
 
 --------- Temperatures et Pression--------
 ----------valeurs instantanees------------
     16600 0.166E-10*Epot =    -516.9582813373585      eV 
    *energie PAIRE EAM =     30.5003970143      eV 
    *energie GLUE  =    -547.458678352      eV 
     16600 0.166E-10*Ec =     10.6706521220      eV   (644.949 K)
     16600 0.166E-10*Etot =    -506.2876292153985      eV 
 
     16600 0.166E-10*Epot/at =    -4.03873657295      eV 
 
     16600 0.166E-10*Temp instantanee = 644.949
 NPT With Parrinello-Rahman
     16600 0.166E-10*Kcell =    0.376089280591      eV   (969.871 K)
 Box tensor
 a  1.134290396502941E-007  1.512945541525080E-008 -7.955493997353652E-009
 b -1.652896941688945E-008  1.103720653963229E-007 -2.358962810335025E-008
 c  4.011518893648701E-009  2.518636180487048E-008  1.113598613697270E-007
 H0(1)  1.080000000000000E-007  0.000000000000000E+000  0.000000000000000E+000
 H0(2)  0.000000000000000E+000  1.080000000000000E-007  0.000000000000000E+000
 H0(3)  0.000000000000000E+000  0.000000000000000E+000  1.080000000000000E-007
Strain (Lagrange def.):
  e(1:3,1) =   0.639337E-01 -0.307842E-03 -0.281848E-02
  e(1:3,2) =  -0.307842E-03  0.592098E-01  0.346157E-02
  e(1:3,3) =  -0.281848E-02  0.346157E-02  0.581610E-01
Rotation:
  r(1:3,1) =    0.00000      0.146567     -0.554028E-01
  r(1:3,2) =  -0.146567       0.00000     -0.225815    
  r(1:3,3) =   0.554028E-01  0.225815       0.00000    
     16600 0.166E-10*l_a,m      11.4709796        11.4515049    
     16600 0.166E-10*l_b,m      11.4068708        11.4336139    
     16600 0.166E-10*l_c,m      11.4243003        11.4299666    
     16600 0.166E-10*ang_bc,m      89.6191    89.9758
     16600 0.166E-10*ang_ca,m      90.2179    90.0063
     16600 0.166E-10*ang_ab,m      90.0759    89.9817
     16600 0.166E-10*volume      1494.80155220        1496.75650563    
 
*temp instantanee des atomes de type 1 =       644.95
 
 * stress en kbar 
1 sigma potentiel (1,1) (2,1) (3,1) =  -12.71315328       2.448410102       2.074587822    
2 sigma potentiel (1,2) (2,2) (3,2) =   2.448410102      -8.246461505      -1.374648410    
3 sigma potentiel (1,3) (2,3) (3,3) =   2.074587822      -1.374648410      -13.03469291    
 
1 sigma cinetique (1,1) (2,1) (3,1) =   7.921304870      0.1359889258      0.5702628244    
2 sigma cinetique (1,2) (2,2) (3,2) =  0.1359889258       6.745782558     -0.6247464011    
3 sigma cinetique (1,3) (2,3) (3,3) =  0.5702628244     -0.6247464011       8.207210035    
 
1 sigma total (1,1) (2,1) (3,1) =  -4.791848409       2.584399028       2.644850646    
2 sigma total (1,2) (2,2) (3,2) =   2.584399028      -1.500678948      -1.999394811    
3 sigma total (1,3) (2,3) (3,3) =   2.644850646      -1.999394811      -4.827482875    
 
     16600 0.166E-10*Pression =    -3.7067    
 pression totale  potentiel = cinetique =
   -3.7067       -11.331        7.6248    
 ----------valeurs moyennes------------
*temperature moyenne =       593.12
*pression moyenne =    0.22018    
 --------------------------------------
 
 
<<<<<<<<  ITERATION =  16700  time =   0.1670000E-10
 
 
 --------- Temperatures et Pression--------
 ----------valeurs instantanees------------
     16700 0.167E-10*Epot =    -515.4946957199567      eV 
    *energie PAIRE EAM =     36.4236840153      eV 
    *energie GLUE  =    -551.918379735      eV 
     16700 0.167E-10*Ec =     9.82705598308      eV   (593.961 K)
     16700 0.167E-10*Etot =    -505.6676397368786      eV 
 
     16700 0.167E-10*Epot/at =    -4.02730231031      eV 
 
     16700 0.167E-10*Temp instantanee = 593.961
 NPT With Parrinello-Rahman
     16700 0.167E-10*Kcell =    0.234381235086      eV   (604.430 K)
 Box tensor
 a  1.127251438064381E-007  1.443904247421545E-008 -7.809445885764477E-009
 b -1.623745339922402E-008  1.107063893015759E-007 -2.313589976245095E-008
 c  4.319804748857591E-009  2.554549592536752E-008  1.110445790292527E-007
 H0(1)  1.080000000000000E-007  0.000000000000000E+000  0.000000000000000E+000
 H0(2)  0.000000000000000E+000  1.080000000000000E-007  0.000000000000000E+000
 H0(3)  0.000000000000000E+000  0.000000000000000E+000  1.080000000000000E-007
Strain (Lagrange def.):
  e(1:3,1) =   0.568104E-01 -0.255466E-02 -0.107004E-02
  e(1:3,2) =  -0.255466E-02  0.622841E-01  0.697171E-02
  e(1:3,3) =  -0.107004E-02  0.697171E-02  0.541476E-01
Rotation:
  r(1:3,1) =    0.00000      0.142021     -0.561539E-01
  r(1:3,2) =  -0.142021       0.00000     -0.225377    
  r(1:3,3) =   0.561539E-01  0.225377       0.00000    
     16700 0.167E-10*l_a,m      11.3914141        11.4511451    
     16700 0.167E-10*l_b,m      11.4257732        11.4335670    
     16700 0.167E-10*l_c,m      11.4026890        11.4298032    
     16700 0.167E-10*ang_bc,m      89.1697    89.9710
     16700 0.167E-10*ang_ca,m      90.0503    90.0066
     16700 0.167E-10*ang_ab,m      90.2254    89.9831
     16700 0.167E-10*volume      1483.95731928        1496.67986379    
 
*temp instantanee des atomes de type 1 =       593.96
 
 * stress en kbar 
1 sigma potentiel (1,1) (2,1) (3,1) =   7.420523590       3.022258124       2.373120441    
2 sigma potentiel (1,2) (2,2) (3,2) =   3.022258124       3.216835362      -14.36235577    
3 sigma potentiel (1,3) (2,3) (3,3) =   2.373120441      -14.36235577       15.82813640    
 
1 sigma cinetique (1,1) (2,1) (3,1) =   6.729358842      -1.042679258     -0.6145576552    
2 sigma cinetique (1,2) (2,2) (3,2) =  -1.042679258       8.192165717      0.5814945995    
3 sigma cinetique (1,3) (2,3) (3,3) = -0.6145576552      0.5814945995       6.298328051    
 
1 sigma total (1,1) (2,1) (3,1) =   14.14988243       1.979578866       1.758562786    
2 sigma total (1,2) (2,2) (3,2) =   1.979578866       11.40900108      -13.78086117    
3 sigma total (1,3) (2,3) (3,3) =   1.758562786      -13.78086117       22.12646445    
 
     16700 0.167E-10*Pression =     15.895    
 pression totale  potentiel = cinetique =
    15.895        8.8218        7.0733    
 ----------valeurs moyennes------------
*temperature moyenne =       593.12
*pression moyenne =    0.31404    
 --------------------------------------
 
 
<<<<<<<<  ITERATION =  16800  time =   0.1680000E-10
 
 
 --------- Temperatures et Pression--------
 ----------valeurs instantanees------------
     16800 0.168E-10*Epot =    -517.5446751180076      eV 
    *energie PAIRE EAM =     34.0238401214      eV 
    *energie GLUE  =    -551.568515239      eV 
     16800 0.168E-10*Ec =     10.4988784096      eV   (634.567 K)
     16800 0.168E-10*Etot =    -507.0457967084428      eV 
 
     16800 0.168E-10*Epot/at =    -4.04331777436      eV 
 
     16800 0.168E-10*Temp instantanee = 634.567
 NPT With Parrinello-Rahman
     16800 0.168E-10*Kcell =    0.155257011697      eV   (400.382 K)
 Box tensor
 a  1.121648200509490E-007  1.400332905120025E-008 -7.789992456964981E-009
 b -1.598473603768762E-008  1.112492959753881E-007 -2.304538409924710E-008
 c  4.660725716395356E-009  2.565301133831158E-008  1.110446158430035E-007
 H0(1)  1.080000000000000E-007  0.000000000000000E+000  0.000000000000000E+000
 H0(2)  0.000000000000000E+000  1.080000000000000E-007  0.000000000000000E+000
 H0(3)  0.000000000000000E+000  0.000000000000000E+000  1.080000000000000E-007
Strain (Lagrange def.):
  e(1:3,1) =   0.511909E-01 -0.377435E-02  0.521252E-03
  e(1:3,2) =  -0.377435E-02  0.671543E-01  0.753430E-02
  e(1:3,3) =   0.521252E-03  0.753430E-02  0.539558E-01
Rotation:
  r(1:3,1) =    0.00000      0.138834     -0.576422E-01
  r(1:3,2) =  -0.138834       0.00000     -0.225456    
  r(1:3,3) =   0.576422E-01  0.225456       0.00000    
     16800 0.168E-10*l_a,m      11.3303681        11.4504262    
     16800 0.168E-10*l_b,m      11.4730150        11.4338018    
     16800 0.168E-10*l_c,m      11.4064482        11.4296642    
     16800 0.168E-10*ang_bc,m      89.0354    89.9654
     16800 0.168E-10*ang_ca,m      89.9248    90.0061
     16800 0.168E-10*ang_ab,m      90.2448    89.9847
     16800 0.168E-10*volume      1482.53884403        1496.59569106    
 
*temp instantanee des atomes de type 1 =       634.57
 
 * stress en kbar 
1 sigma potentiel (1,1) (2,1) (3,1) =   2.984582091       5.480960216      -3.194490455    
2 sigma potentiel (1,2) (2,2) (3,2) =   5.480960216      -10.88965009      -16.09413199    
3 sigma potentiel (1,3) (2,3) (3,3) =  -3.194490455      -16.09413199       6.516065047    
 
1 sigma cinetique (1,1) (2,1) (3,1) =   7.920425014     -0.1551438331     -0.2531234409    
2 sigma cinetique (1,2) (2,2) (3,2) = -0.1551438331       6.559127389      0.7656730309    
3 sigma cinetique (1,3) (2,3) (3,3) = -0.2531234409      0.7656730309       8.212677140    
 
1 sigma total (1,1) (2,1) (3,1) =   10.90500710       5.325816383      -3.447613896    
2 sigma total (1,2) (2,2) (3,2) =   5.325816383      -4.330522700      -15.32845896    
3 sigma total (1,3) (2,3) (3,3) =  -3.447613896      -15.32845896       14.72874219    
 
     16800 0.168E-10*Pression =     7.1011    
 pression totale  potentiel = cinetique =
    7.1011      -0.46300        7.5641    
 ----------valeurs moyennes------------
*temperature moyenne =       593.37
*pression moyenne =    0.35444    
 --------------------------------------
 
 
<<<<<<<<  ITERATION =  16900  time =   0.1690000E-10
 
 
 --------- Temperatures et Pression--------
 ----------valeurs instantanees------------
     16900 0.169E-10*Epot =    -516.3344636595307      eV 
    *energie PAIRE EAM =     34.0402193600      eV 
    *energie GLUE  =    -550.374683020      eV 
     16900 0.169E-10*Ec =     9.17726587314      eV   (554.687 K)
     16900 0.169E-10*Etot =    -507.1571977863921      eV 
 
     16900 0.169E-10*Epot/at =    -4.03386299734      eV 
 
     16900 0.169E-10*Temp instantanee = 554.687
 NPT With Parrinello-Rahman
     16900 0.169E-10*Kcell =    0.201837652476      eV   (520.505 K)
 Box tensor
 a  1.118748020949952E-007  1.382455272690738E-008 -7.911627759473006E-009
 b -1.568618785569157E-008  1.116866321561282E-007 -2.354244797462501E-008
 c  4.986783005902514E-009  2.555888249594574E-008  1.112573726131293E-007
 H0(1)  1.080000000000000E-007  0.000000000000000E+000  0.000000000000000E+000
 H0(2)  0.000000000000000E+000  1.080000000000000E-007  0.000000000000000E+000
 H0(3)  0.000000000000000E+000  0.000000000000000E+000  1.080000000000000E-007
Strain (Lagrange def.):
  e(1:3,1) =   0.481351E-01 -0.333770E-02  0.167163E-02
  e(1:3,2) =  -0.333770E-02  0.709139E-01  0.449514E-02
  e(1:3,3) =   0.167163E-02  0.449514E-02  0.570578E-01
Rotation:
  r(1:3,1) =    0.00000      0.136624     -0.597149E-01
  r(1:3,2) =  -0.136624       0.00000     -0.227321    
  r(1:3,3) =   0.597149E-01  0.227321       0.00000    
     16900 0.169E-10*l_a,m      11.3003024        11.4495379    
     16900 0.169E-10*l_b,m      11.5213745        11.4343200    
     16900 0.169E-10*l_c,m      11.4264288        11.4296451    
     16900 0.169E-10*ang_bc,m      89.3163    89.9616
     16900 0.169E-10*ang_ca,m      89.8624    90.0052
     16900 0.169E-10*ang_ab,m      90.1083    89.9854
     16900 0.169E-10*volume      1487.55113736        1496.54217299    
 
*temp instantanee des atomes de type 1 =       554.69
 
 * stress en kbar 
1 sigma potentiel (1,1) (2,1) (3,1) =   3.397881308       2.388492113      -4.275660477    
2 sigma potentiel (1,2) (2,2) (3,2) =   2.388492113      -11.05239731      -10.55328412    
3 sigma potentiel (1,3) (2,3) (3,3) =  -4.275660477      -10.55328412       5.905507325    
 
1 sigma cinetique (1,1) (2,1) (3,1) =   6.515989930      0.1610316864     -0.4757490124    
2 sigma cinetique (1,2) (2,2) (3,2) =  0.1610316864       6.682018277     -0.3709434813    
3 sigma cinetique (1,3) (2,3) (3,3) = -0.4757490124     -0.3709434813       6.570857560    
 
1 sigma total (1,1) (2,1) (3,1) =   9.913871239       2.549523799      -4.751409489    
2 sigma total (1,2) (2,2) (3,2) =   2.549523799      -4.370379029      -10.92422760    
3 sigma total (1,3) (2,3) (3,3) =  -4.751409489      -10.92422760       12.47636489    
 
     16900 0.169E-10*Pression =     6.0066    
 pression totale  potentiel = cinetique =
    6.0066      -0.58300        6.5896    
 ----------valeurs moyennes------------
*temperature moyenne =       593.14
*pression moyenne =    0.38789    
 --------------------------------------
 
 
<<<<<<<<  ITERATION =  17000  time =   0.1700000E-10
 
 
 --------- Temperatures et Pression--------
 ----------valeurs instantanees------------
     17000 0.170E-10*Epot =    -515.7331579590508      eV 
    *energie PAIRE EAM =     31.6150051531      eV 
    *energie GLUE  =    -547.348163112      eV 
     17000 0.170E-10*Ec =     9.86065182873      eV   (595.991 K)
     17000 0.170E-10*Etot =    -505.8725061303162      eV 
 
     17000 0.170E-10*Epot/at =    -4.02916529656      eV 
 
     17000 0.170E-10*Temp instantanee = 595.991
 NPT With Parrinello-Rahman
     17000 0.170E-10*Kcell =    0.335270868094      eV   (864.607 K)
 Box tensor
 a  1.118996649228110E-007  1.372715954756438E-008 -8.206685234841497E-009
 b -1.532324639995676E-008  1.119979218422036E-007 -2.424248967709290E-008
 c  5.239828719989204E-009  2.511178732816019E-008  1.117803289153514E-007
 H0(1)  1.080000000000000E-007  0.000000000000000E+000  0.000000000000000E+000
 H0(2)  0.000000000000000E+000  1.080000000000000E-007  0.000000000000000E+000
 H0(3)  0.000000000000000E+000  0.000000000000000E+000  1.080000000000000E-007
Strain (Lagrange def.):
  e(1:3,1) =   0.480021E-01 -0.208015E-02  0.166573E-02
  e(1:3,2) =  -0.208015E-02  0.728126E-01 -0.889879E-03
  e(1:3,3) =   0.166573E-02 -0.889879E-03  0.636956E-01
Rotation:
  r(1:3,1) =    0.00000      0.134493     -0.622524E-01
  r(1:3,2) =  -0.134493       0.00000     -0.228492    
  r(1:3,3) =   0.622524E-01  0.228492       0.00000    
     17000 0.170E-10*l_a,m      11.3036806        11.4486799    
     17000 0.170E-10*l_b,m      11.5611568        11.4350661    
     17000 0.170E-10*l_c,m      11.4686092        11.4298743    
     17000 0.170E-10*ang_bc,m      89.9034    89.9612
     17000 0.170E-10*ang_ca,m      89.9394    90.0048
     17000 0.170E-10*ang_ab,m      89.9049    89.9849
     17000 0.170E-10*volume      1498.75438527        1496.55518600    
 
*temp instantanee des atomes de type 1 =       595.99
 
 * stress en kbar 
1 sigma potentiel (1,1) (2,1) (3,1) =  -1.326164339      -2.457052456      -1.684162607    
2 sigma potentiel (1,2) (2,2) (3,2) =  -2.457052456      -15.76143666     -0.2352878477    
3 sigma potentiel (1,3) (2,3) (3,3) =  -1.684162607     -0.2352878477      -10.19102947    
 
1 sigma cinetique (1,1) (2,1) (3,1) =   8.627798023     -0.2820083684      0.5537279488    
2 sigma cinetique (1,2) (2,2) (3,2) = -0.2820083684       6.221874603      0.2459313831    
3 sigma cinetique (1,3) (2,3) (3,3) =  0.5537279488      0.2459313831       6.232506584    
 
1 sigma total (1,1) (2,1) (3,1) =   7.301633684      -2.739060825      -1.130434658    
2 sigma total (1,2) (2,2) (3,2) =  -2.739060825      -9.539562061      0.1064353536E-01
3 sigma total (1,3) (2,3) (3,3) =  -1.130434658      0.1064353536E-01  -3.958522883    
 
     17000 0.170E-10*Pression =    -2.0655    
 pression totale  potentiel = cinetique =
   -2.0655       -9.0929        7.0274    
 ----------valeurs moyennes------------
*temperature moyenne =       593.16
*pression moyenne =    0.37346    
 --------------------------------------
 
 
<<<<<<<<  ITERATION =  17100  time =   0.1710000E-10
 
 
 --------- Temperatures et Pression--------
 ----------valeurs instantanees------------
     17100 0.171E-10*Epot =    -514.9916318900853      eV 
    *energie PAIRE EAM =     29.3541017645      eV 
    *energie GLUE  =    -544.345733655      eV 
     17100 0.171E-10*Ec =     9.71218410506      eV   (587.018 K)
     17100 0.171E-10*Etot =    -505.2794477850252      eV 
 
     17100 0.171E-10*Epot/at =    -4.02337212414      eV 
 
     17100 0.171E-10*Temp instantanee = 587.018
 NPT With Parrinello-Rahman
     17100 0.171E-10*Kcell =    0.109048694806      eV   (281.218 K)
 Box tensor
 a  1.121057118580529E-007  1.355701796341566E-008 -8.458025174310387E-009
 b -1.507956968422041E-008  1.121324652678049E-007 -2.485849875971913E-008
 c  5.524717889437968E-009  2.461140067623223E-008  1.123053570005761E-007
 H0(1)  1.080000000000000E-007  0.000000000000000E+000  0.000000000000000E+000
 H0(2)  0.000000000000000E+000  1.080000000000000E-007  0.000000000000000E+000
 H0(3)  0.000000000000000E+000  0.000000000000000E+000  1.080000000000000E-007
Strain (Lagrange def.):
  e(1:3,1) =   0.497945E-01 -0.150545E-02  0.201980E-02
  e(1:3,2) =  -0.150545E-02  0.728397E-01 -0.592071E-02
  e(1:3,3) =   0.201980E-02 -0.592071E-02  0.702150E-01
Rotation:
  r(1:3,1) =    0.00000      0.132577     -0.647349E-01
  r(1:3,2) =  -0.132577       0.00000     -0.229027    
  r(1:3,3) =   0.647349E-01  0.229027       0.00000    
     17100 0.171E-10*l_a,m      11.3238781        11.4479500    
     17100 0.171E-10*l_b,m      11.5840529        11.4359373    
     17100 0.171E-10*l_c,m      11.5103157        11.4303447    
     17100 0.171E-10*ang_bc,m      90.4955    89.9644
     17100 0.171E-10*ang_ca,m      89.9862    90.0047
     17100 0.171E-10*ang_ab,m      89.8256    89.9840
     17100 0.171E-10*volume      1509.81829576        1496.63274804    
 
*temp instantanee des atomes de type 1 =       587.02
 
 * stress en kbar 
1 sigma potentiel (1,1) (2,1) (3,1) =  -10.16987939      -3.280443319      -2.858271028    
2 sigma potentiel (1,2) (2,2) (3,2) =  -3.280443319      -22.00017061       5.355523442    
3 sigma potentiel (1,3) (2,3) (3,3) =  -2.858271028       5.355523442      -24.08572136    
 
1 sigma cinetique (1,1) (2,1) (3,1) =   5.628991679     -0.4053469594      0.9634282182E-01
2 sigma cinetique (1,2) (2,2) (3,2) = -0.4053469594       8.332581128       1.541723591    
3 sigma cinetique (1,3) (2,3) (3,3) =  0.9634282182E-01   1.541723591       6.651017227    
 
1 sigma total (1,1) (2,1) (3,1) =  -4.540887715      -3.685790279      -2.761928206    
2 sigma total (1,2) (2,2) (3,2) =  -3.685790279      -13.66758948       6.897247034    
3 sigma total (1,3) (2,3) (3,3) =  -2.761928206       6.897247034      -17.43470413    
 
     17100 0.171E-10*Pression =    -11.881    
 pression totale  potentiel = cinetique =
   -11.881       -18.752        6.8709    
 ----------valeurs moyennes------------
*temperature moyenne =       593.12
*pression moyenne =    0.30179    
 --------------------------------------
 
 
<<<<<<<<  ITERATION =  17200  time =   0.1720000E-10
 
 
 --------- Temperatures et Pression--------
 ----------valeurs instantanees------------
     17200 0.172E-10*Epot =    -515.8906386337022      eV 
    *energie PAIRE EAM =     28.6507907892      eV 
    *energie GLUE  =    -544.541429423      eV 
     17200 0.172E-10*Ec =     10.8908264982      eV   (658.257 K)
     17200 0.172E-10*Etot =    -504.9998121355090      eV 
 
     17200 0.172E-10*Epot/at =    -4.03039561433      eV 
 
     17200 0.172E-10*Temp instantanee = 658.257
 NPT With Parrinello-Rahman
     17200 0.172E-10*Kcell =    0.921476350138E-01  eV   (237.633 K)
 Box tensor
 a  1.122106278971165E-007  1.327336840982139E-008 -8.804431349423528E-009
 b -1.489565831205746E-008  1.119432118768758E-007 -2.507517144873951E-008
 c  5.746327619073884E-009  2.430762022190214E-008  1.123185536460071E-007
 H0(1)  1.080000000000000E-007  0.000000000000000E+000  0.000000000000000E+000
 H0(2)  0.000000000000000E+000  1.080000000000000E-007  0.000000000000000E+000
 H0(3)  0.000000000000000E+000  0.000000000000000E+000  1.080000000000000E-007
Strain (Lagrange def.):
  e(1:3,1) =   0.506741E-01 -0.164503E-02  0.132800E-02
  e(1:3,2) =  -0.164503E-02  0.700585E-01 -0.830174E-02
  e(1:3,3) =   0.132800E-02 -0.830174E-02  0.710622E-01
Rotation:
  r(1:3,1) =    0.00000      0.130412     -0.673646E-01
  r(1:3,2) =  -0.130412       0.00000     -0.228624    
  r(1:3,3) =   0.673646E-01  0.228624       0.00000    
     17200 0.172E-10*l_a,m      11.3335455        11.4472849    
     17200 0.172E-10*l_b,m      11.5680282        11.4367053    
     17200 0.172E-10*l_c,m      11.5062323        11.4307859    
     17200 0.172E-10*ang_bc,m      90.7788    89.9691
     17200 0.172E-10*ang_ca,m      90.0943    90.0052
     17200 0.172E-10*ang_ab,m      89.8462    89.9832
     17200 0.172E-10*volume      1508.39823159        1496.70115202    
 
*temp instantanee des atomes de type 1 =       658.26
 
 * stress en kbar 
1 sigma potentiel (1,1) (2,1) (3,1) =  -13.12660292      -2.733826286      -2.337825896    
2 sigma potentiel (1,2) (2,2) (3,2) =  -2.733826286      -24.24824595       9.627245911    
3 sigma potentiel (1,3) (2,3) (3,3) =  -2.337825896       9.627245911      -28.57487457    
 
1 sigma cinetique (1,1) (2,1) (3,1) =   8.731247341     -0.5474712837      0.3884546284    
2 sigma cinetique (1,2) (2,2) (3,2) = -0.5474712837       7.237534838      0.6194468071    
3 sigma cinetique (1,3) (2,3) (3,3) =  0.3884546284      0.6194468071       7.167052264    
 
1 sigma total (1,1) (2,1) (3,1) =  -4.395355583      -3.281297570      -1.949371268    
2 sigma total (1,2) (2,2) (3,2) =  -3.281297570      -17.01071112       10.24669272    
3 sigma total (1,3) (2,3) (3,3) =  -1.949371268       10.24669272      -21.40782231    
 
     17200 0.172E-10*Pression =    -14.271    
 pression totale  potentiel = cinetique =
   -14.271       -21.983        7.7119    
 ----------valeurs moyennes------------
*temperature moyenne =       593.50
*pression moyenne =    0.21707    
 --------------------------------------
 
 
<<<<<<<<  ITERATION =  17300  time =   0.1730000E-10
 
 
 --------- Temperatures et Pression--------
 ----------valeurs instantanees------------
     17300 0.173E-10*Epot =    -515.1814026658679      eV 
    *energie PAIRE EAM =     33.5710574040      eV 
    *energie GLUE  =    -548.752460070      eV 
     17300 0.173E-10*Ec =     9.80423391185      eV   (592.581 K)
     17300 0.173E-10*Etot =    -505.3771687540187      eV 
 
     17300 0.173E-10*Epot/at =    -4.02485470833      eV 
 
     17300 0.173E-10*Temp instantanee = 592.581
 NPT With Parrinello-Rahman
     17300 0.173E-10*Kcell =    0.234014146848      eV   (603.483 K)
 Box tensor
 a  1.121533168546931E-007  1.281727774388941E-008 -9.053172220878790E-009
 b -1.468106896535666E-008  1.115631736413416E-007 -2.493701806283938E-008
 c  5.876091249696939E-009  2.412792716423545E-008  1.118520071405569E-007
 H0(1)  1.080000000000000E-007  0.000000000000000E+000  0.000000000000000E+000
 H0(2)  0.000000000000000E+000  1.080000000000000E-007  0.000000000000000E+000
 H0(3)  0.000000000000000E+000  0.000000000000000E+000  1.080000000000000E-007
Strain (Lagrange def.):
  e(1:3,1) =   0.499155E-01 -0.251151E-02  0.343424E-03
  e(1:3,2) =  -0.251151E-02  0.655342E-01 -0.854479E-02
  e(1:3,3) =   0.343424E-03 -0.854479E-02  0.664732E-01
Rotation:
  r(1:3,1) =    0.00000      0.127307     -0.691170E-01
  r(1:3,2) =  -0.127307       0.00000     -0.227153    
  r(1:3,3) =   0.691170E-01  0.227153       0.00000    
     17300 0.173E-10*l_a,m      11.3245790        11.4465756    
     17300 0.173E-10*l_b,m      11.5255067        11.4372186    
     17300 0.173E-10*l_c,m      11.4575551        11.4309406    
     17300 0.173E-10*ang_bc,m      90.7972    89.9739
     17300 0.173E-10*ang_ca,m      90.1958    90.0063
     17300 0.173E-10*ang_ab,m      89.9598    89.9831
     17300 0.173E-10*volume      1495.30359085        1496.69307363    
 
*temp instantanee des atomes de type 1 =       592.58
 
 * stress en kbar 
1 sigma potentiel (1,1) (2,1) (3,1) =   1.528688623       5.512870993       1.789917546    
2 sigma potentiel (1,2) (2,2) (3,2) =   5.512870993       1.740569671       12.70494942    
3 sigma potentiel (1,3) (2,3) (3,3) =   1.789917546       12.70494942      -11.34424882    
 
1 sigma cinetique (1,1) (2,1) (3,1) =   6.347158501       1.623740055     -0.4864346465    
2 sigma cinetique (1,2) (2,2) (3,2) =   1.623740055       7.636115176      0.6437999642    
3 sigma cinetique (1,3) (2,3) (3,3) = -0.4864346465      0.6437999642       7.026657562    
 
1 sigma total (1,1) (2,1) (3,1) =   7.875847124       7.136611049       1.303482900    
2 sigma total (1,2) (2,2) (3,2) =   7.136611049       9.376684848       13.34874939    
3 sigma total (1,3) (2,3) (3,3) =   1.303482900       13.34874939      -4.317591262    
 
     17300 0.173E-10*Pression =     4.3116    
 pression totale  potentiel = cinetique =
    4.3116       -2.6917        7.0033    
 ----------valeurs moyennes------------
*temperature moyenne =       593.49
*pression moyenne =    0.24073    
 --------------------------------------
 
 
<<<<<<<<  ITERATION =  17400  time =   0.1740000E-10
 
 
 --------- Temperatures et Pression--------
 ----------valeurs instantanees------------
     17400 0.174E-10*Epot =    -516.5804030444906      eV 
    *energie PAIRE EAM =     36.0624874981      eV 
    *energie GLUE  =    -552.642890543      eV 
     17400 0.174E-10*Ec =     11.1635862107      eV   (674.742 K)
     17400 0.174E-10*Etot =    -505.4168168337976      eV 
 
     17400 0.174E-10*Epot/at =    -4.03578439879      eV 
 
     17400 0.174E-10*Temp instantanee = 674.742
 NPT With Parrinello-Rahman
     17400 0.174E-10*Kcell =    0.339779711082      eV   (876.235 K)
 Box tensor
 a  1.121623211923024E-007  1.231248868923687E-008 -9.360766237761119E-009
 b -1.416529747828640E-008  1.112261214814003E-007 -2.445278900586491E-008
 c  6.074086373165514E-009  2.434771598338987E-008  1.111110913754492E-007
 H0(1)  1.080000000000000E-007  0.000000000000000E+000  0.000000000000000E+000
 H0(2)  0.000000000000000E+000  1.080000000000000E-007  0.000000000000000E+000
 H0(3)  0.000000000000000E+000  0.000000000000000E+000  1.080000000000000E-007
Strain (Lagrange def.):
  e(1:3,1) =   0.494657E-01 -0.200033E-02 -0.122796E-02
  e(1:3,2) =  -0.200033E-02  0.622282E-01 -0.556164E-02
  e(1:3,3) =  -0.122796E-02 -0.556164E-02  0.586093E-01
Rotation:
  r(1:3,1) =    0.00000      0.122582     -0.714577E-01
  r(1:3,2) =  -0.122582       0.00000     -0.225928    
  r(1:3,3) =   0.714577E-01  0.225928       0.00000    
     17400 0.174E-10*l_a,m      11.3223706        11.4458618    
     17400 0.174E-10*l_b,m      11.4759944        11.4374415    
     17400 0.174E-10*l_c,m      11.3909527        11.4307108    
     17400 0.174E-10*ang_bc,m      90.4160    89.9764
     17400 0.174E-10*ang_ca,m      90.2622    90.0078
     17400 0.174E-10*ang_ab,m      89.9579    89.9829
     17400 0.174E-10*volume      1480.03381959        1496.59733079    
 
*temp instantanee des atomes de type 1 =       674.74
 
 * stress en kbar 
1 sigma potentiel (1,1) (2,1) (3,1) =   11.20731542      0.3859028415       4.622475890    
2 sigma potentiel (1,2) (2,2) (3,2) =  0.3859028415       4.386425420       6.314593513    
3 sigma potentiel (1,3) (2,3) (3,3) =   4.622475890       6.314593513       6.494836803    
 
1 sigma cinetique (1,1) (2,1) (3,1) =   6.851089479      0.9029337630E-01  0.1096381829    
2 sigma cinetique (1,2) (2,2) (3,2) =  0.9029337630E-01   8.362561982       1.323612831    
3 sigma cinetique (1,3) (2,3) (3,3) =  0.1096381829       1.323612831       8.956113898    
 
1 sigma total (1,1) (2,1) (3,1) =   18.05840490      0.4761962179       4.732114073    
2 sigma total (1,2) (2,2) (3,2) =  0.4761962179       12.74898740       7.638206344    
3 sigma total (1,3) (2,3) (3,3) =   4.732114073       7.638206344       15.45095070    
 
     17400 0.174E-10*Pression =     15.419    
 pression totale  potentiel = cinetique =
    15.419        7.3629        8.0566    
 ----------valeurs moyennes------------
*temperature moyenne =       593.96
*pression moyenne =    0.32797    
 --------------------------------------
 
 
<<<<<<<<  ITERATION =  17500  time =   0.1750000E-10
 
 
 --------- Temperatures et Pression--------
 ----------valeurs instantanees------------
     17500 0.175E-10*Epot =    -517.4005815641365      eV 
    *energie PAIRE EAM =     35.7214666612      eV 
    *energie GLUE  =    -553.122048225      eV 
     17500 0.175E-10*Ec =     11.3521408604      eV   (686.139 K)
     17500 0.175E-10*Etot =    -506.0484407037794      eV 
 
     17500 0.175E-10*Epot/at =    -4.04219204347      eV 
 
     17500 0.175E-10*Temp instantanee = 686.139
 NPT With Parrinello-Rahman
     17500 0.175E-10*Kcell =    0.262783033419      eV   (677.673 K)
 Box tensor
 a  1.125203023580489E-007  1.185135749016792E-008 -9.662649309972744E-009
 b -1.380256151932920E-008  1.112652355242962E-007 -2.389898704798619E-008
 c  6.426009147935022E-009  2.470116929644028E-008  1.105205071974812E-007
 H0(1)  1.080000000000000E-007  0.000000000000000E+000  0.000000000000000E+000
 H0(2)  0.000000000000000E+000  1.080000000000000E-007  0.000000000000000E+000
 H0(3)  0.000000000000000E+000  0.000000000000000E+000  1.080000000000000E-007
Strain (Lagrange def.):
  e(1:3,1) =   0.526673E-01 -0.186458E-02 -0.202208E-02
  e(1:3,2) =  -0.186458E-02  0.628667E-01 -0.187141E-02
  e(1:3,3) =  -0.202208E-02 -0.187141E-02  0.520967E-01
Rotation:
  r(1:3,1) =    0.00000      0.118768     -0.744845E-01
  r(1:3,2) =  -0.118768       0.00000     -0.225001    
  r(1:3,3) =   0.744845E-01  0.225001       0.00000    
     17500 0.175E-10*l_a,m      11.3554568        11.4453452    
     17500 0.175E-10*l_b,m      11.4636927        11.4375915    
     17500 0.175E-10*l_c,m      11.3429378        11.4302093    
     17500 0.175E-10*ang_bc,m      89.9191    89.9761
     17500 0.175E-10*ang_ca,m      90.2319    90.0091
     17500 0.175E-10*ang_ab,m      90.0154    89.9831
     17500 0.175E-10*volume      1476.55861368        1496.48282384    
 
*temp instantanee des atomes de type 1 =       686.14
 
 * stress en kbar 
1 sigma potentiel (1,1) (2,1) (3,1) =   8.014682062      -1.126919049       4.823473506    
2 sigma potentiel (1,2) (2,2) (3,2) =  -1.126919049      -2.736778717      -1.281288309    
3 sigma potentiel (1,3) (2,3) (3,3) =   4.823473506      -1.281288309       8.319958119    
 
1 sigma cinetique (1,1) (2,1) (3,1) =   9.529258579      0.8495315893      0.4159932490    
2 sigma cinetique (1,2) (2,2) (3,2) =  0.8495315893       7.983281271      0.4982188914    
3 sigma cinetique (1,3) (2,3) (3,3) =  0.4159932490      0.4982188914       7.123302878    
 
1 sigma total (1,1) (2,1) (3,1) =   17.54394064     -0.2773874595       5.239466755    
2 sigma total (1,2) (2,2) (3,2) = -0.2773874595       5.246502554     -0.7830694174    
3 sigma total (1,3) (2,3) (3,3) =   5.239466755     -0.7830694174       15.44326100    
 
     17500 0.175E-10*Pression =     12.745    
 pression totale  potentiel = cinetique =
    12.745        4.5326        8.2119    
 ----------valeurs moyennes------------
*temperature moyenne =       594.49
*pression moyenne =    0.39892    
 --------------------------------------
 
 
<<<<<<<<  ITERATION =  17600  time =   0.1760000E-10
 
 
 --------- Temperatures et Pression--------
 ----------valeurs instantanees------------
     17600 0.176E-10*Epot =    -516.0294535379652      eV 
    *energie PAIRE EAM =     35.1845641721      eV 
    *energie GLUE  =    -551.214017710      eV 
     17600 0.176E-10*Ec =     9.49381189045      eV   (573.819 K)
     17600 0.176E-10*Etot =    -506.5356416475148      eV 
 
     17600 0.176E-10*Epot/at =    -4.03148010577      eV 
 
     17600 0.176E-10*Temp instantanee = 573.819
 NPT With Parrinello-Rahman
     17600 0.176E-10*Kcell =    0.260221640443      eV   (671.068 K)
 Box tensor
 a  1.132369592599111E-007  1.146118598604029E-008 -9.947809139156974E-009
 b -1.366751129432077E-008  1.115296936955579E-007 -2.350431121674793E-008
 c  7.004720641910176E-009  2.486595898060334E-008  1.103180708368202E-007
 H0(1)  1.080000000000000E-007  0.000000000000000E+000  0.000000000000000E+000
 H0(2)  0.000000000000000E+000  1.080000000000000E-007  0.000000000000000E+000
 H0(3)  0.000000000000000E+000  0.000000000000000E+000  1.080000000000000E-007
Strain (Lagrange def.):
  e(1:3,1) =   0.597769E-01 -0.224299E-02 -0.139176E-02
  e(1:3,2) =  -0.224299E-02  0.653527E-01  0.331032E-03
  e(1:3,3) =  -0.139176E-02  0.331032E-03  0.496180E-01
Rotation:
  r(1:3,1) =    0.00000      0.116337     -0.784839E-01
  r(1:3,2) =  -0.116337       0.00000     -0.223936    
  r(1:3,3) =   0.784839E-01  0.223936       0.00000    
     17600 0.176E-10*l_a,m      11.4249405        11.4452293    
     17600 0.176E-10*l_b,m      11.4796019        11.4378302    
     17600 0.176E-10*l_c,m      11.3302510        11.4296413    
     17600 0.176E-10*ang_bc,m      89.6273    89.9741
     17600 0.176E-10*ang_ca,m      90.0851    90.0095
     17600 0.176E-10*ang_ab,m      90.1555    89.9841
     17600 0.176E-10*volume      1485.96661937        1496.42307267    
 
*temp instantanee des atomes de type 1 =       573.82
 
 * stress en kbar 
1 sigma potentiel (1,1) (2,1) (3,1) =  -1.507449802       3.948088691      0.8499056900    
2 sigma potentiel (1,2) (2,2) (3,2) =   3.948088691     -0.7069029519      -5.253931933    
3 sigma potentiel (1,3) (2,3) (3,3) =  0.8499056900      -5.253931933       4.103082584    
 
1 sigma cinetique (1,1) (2,1) (3,1) =   7.108316322     -0.3938309202      0.6449923461    
2 sigma cinetique (1,2) (2,2) (3,2) = -0.3938309202       7.995638423     -0.5186768305    
3 sigma cinetique (1,3) (2,3) (3,3) =  0.6449923461     -0.5186768305       5.368593909    
 
1 sigma total (1,1) (2,1) (3,1) =   5.600866520       3.554257771       1.494898036    
2 sigma total (1,2) (2,2) (3,2) =   3.554257771       7.288735471      -5.772608763    
3 sigma total (1,3) (2,3) (3,3) =   1.494898036      -5.772608763       9.471676493    
 
     17600 0.176E-10*Pression =     7.4538    
 pression totale  potentiel = cinetique =
    7.4538       0.62958        6.8242    
 ----------valeurs moyennes------------
*temperature moyenne =       594.37
*pression moyenne =    0.43900    
 --------------------------------------
 
 
<<<<<<<<  ITERATION =  17700  time =   0.1770000E-10
 
 
 --------- Temperatures et Pression--------
 ----------valeurs instantanees------------
     17700 0.177E-10*Epot =    -515.5207794761955      eV 
    *energie PAIRE EAM =     31.9225706013      eV 
    *energie GLUE  =    -547.443350078      eV 
     17700 0.177E-10*Ec =     10.2054162195      eV   (616.829 K)
     17700 0.177E-10*Etot =    -505.3153632566825      eV 
 
     17700 0.177E-10*Epot/at =    -4.02750608966      eV 
 
     17700 0.177E-10*Temp instantanee = 616.829
 NPT With Parrinello-Rahman
     17700 0.177E-10*Kcell =    0.197212462669      eV   (508.578 K)
 Box tensor
 a  1.139138563142111E-007  1.112387312754968E-008 -1.003561001897778E-008
 b -1.363207960369913E-008  1.117443122953396E-007 -2.338324619341104E-008
 c  7.707025151019822E-009  2.493301566713899E-008  1.102620843785676E-007
 H0(1)  1.080000000000000E-007  0.000000000000000E+000  0.000000000000000E+000
 H0(2)  0.000000000000000E+000  1.080000000000000E-007  0.000000000000000E+000
 H0(3)  0.000000000000000E+000  0.000000000000000E+000  1.080000000000000E-007
Strain (Lagrange def.):
  e(1:3,1) =   0.667695E-01 -0.274283E-02  0.108710E-02
  e(1:3,2) =  -0.274283E-02  0.672234E-01  0.105395E-02
  e(1:3,3) =   0.108710E-02  0.105395E-02  0.489205E-01
Rotation:
  r(1:3,1) =    0.00000      0.114611     -0.821418E-01
  r(1:3,2) =  -0.114611       0.00000     -0.223686    
  r(1:3,3) =   0.821418E-01  0.223686       0.00000    
     17700 0.177E-10*l_a,m      11.4894824        11.4454793    
     17700 0.177E-10*l_b,m      11.4975654        11.4381677    
     17700 0.177E-10*l_c,m      11.3308344        11.4290831    
     17700 0.177E-10*ang_bc,m      89.5480    89.9717
     17700 0.177E-10*ang_ca,m      89.7855    90.0083
     17700 0.177E-10*ang_ab,m      90.3261    89.9860
     17700 0.177E-10*volume      1496.73385004        1496.42482848    
 
*temp instantanee des atomes de type 1 =       616.83
 
 * stress en kbar 
1 sigma potentiel (1,1) (2,1) (3,1) =  -7.628641166       1.773248354      -3.277120046    
2 sigma potentiel (1,2) (2,2) (3,2) =   1.773248354      -11.53901291      -3.744374542    
3 sigma potentiel (1,3) (2,3) (3,3) =  -3.277120046      -3.744374542     -0.7319677214    
 
1 sigma cinetique (1,1) (2,1) (3,1) =   7.592872790     -0.2642294555      0.4011102692    
2 sigma cinetique (1,2) (2,2) (3,2) = -0.2642294555       6.777316974      0.1284339233E-02
3 sigma cinetique (1,3) (2,3) (3,3) =  0.4011102692      0.1284339233E-02   7.478554637    
 
1 sigma total (1,1) (2,1) (3,1) = -0.3576837592E-01   1.509018899      -2.876009777    
2 sigma total (1,2) (2,2) (3,2) =   1.509018899      -4.761695938      -3.743090203    
3 sigma total (1,3) (2,3) (3,3) =  -2.876009777      -3.743090203       6.746586916    
 
     17700 0.177E-10*Pression =    0.64971    
 pression totale  potentiel = cinetique =
   0.64971       -6.6332        7.2829    
 ----------valeurs moyennes------------
*temperature moyenne =       594.50
*pression moyenne =    0.44019    
 --------------------------------------
 
 
<<<<<<<<  ITERATION =  17800  time =   0.1780000E-10
 
 
 --------- Temperatures et Pression--------
 ----------valeurs instantanees------------
     17800 0.178E-10*Epot =    -515.3443136690233      eV 
    *energie PAIRE EAM =     31.4088912070      eV 
    *energie GLUE  =    -546.753204876      eV 
     17800 0.178E-10*Ec =     10.1644114118      eV   (614.351 K)
     17800 0.178E-10*Etot =    -505.1799022572119      eV 
 
     17800 0.178E-10*Epot/at =    -4.02612745054      eV 
 
     17800 0.178E-10*Temp instantanee = 614.351
 NPT With Parrinello-Rahman
     17800 0.178E-10*Kcell =    0.151406380340      eV   (390.452 K)
 Box tensor
 a  1.144601901802975E-007  1.087868892796789E-008 -9.991570059361185E-009
 b -1.349342167945099E-008  1.117956441613118E-007 -2.331533250492307E-008
 c  8.406521011483525E-009  2.476183711241864E-008  1.100718827614559E-007
 H0(1)  1.080000000000000E-007  0.000000000000000E+000  0.000000000000000E+000
 H0(2)  0.000000000000000E+000  1.080000000000000E-007  0.000000000000000E+000
 H0(3)  0.000000000000000E+000  0.000000000000000E+000  1.080000000000000E-007
Strain (Lagrange def.):
  e(1:3,1) =   0.724399E-01 -0.236489E-02  0.412758E-02
  e(1:3,2) =  -0.236489E-02  0.671194E-01  0.442997E-03
  e(1:3,3) =   0.412758E-02  0.442997E-03  0.469503E-01
Rotation:
  r(1:3,1) =    0.00000      0.112834     -0.851763E-01
  r(1:3,2) =  -0.112834       0.00000     -0.222579    
  r(1:3,3) =   0.851763E-01  0.222579       0.00000    
     17800 0.178E-10*l_a,m      11.5409326        11.4460155    
     17800 0.178E-10*l_b,m      11.4995405        11.4385124    
     17800 0.178E-10*l_c,m      11.3135483        11.4284340    
     17800 0.178E-10*ang_bc,m      89.6104    89.9697
     17800 0.178E-10*ang_ca,m      89.4216    90.0050
     17800 0.178E-10*ang_ab,m      90.4115    89.9884
     17800 0.178E-10*volume      1501.33165860        1496.45239494    
 
*temp instantanee des atomes de type 1 =       614.35
 
 * stress en kbar 
1 sigma potentiel (1,1) (2,1) (3,1) =  -13.78337716       3.825348444      -3.379920569    
2 sigma potentiel (1,2) (2,2) (3,2) =   3.825348444      -13.15162616      -5.742288134    
3 sigma potentiel (1,3) (2,3) (3,3) =  -3.379920569      -5.742288134       2.059788730    
 
1 sigma cinetique (1,1) (2,1) (3,1) =   6.738917592      0.6994458287     -0.2761537464    
2 sigma cinetique (1,2) (2,2) (3,2) =  0.6994458287       8.300509470     -0.9613822011    
3 sigma cinetique (1,3) (2,3) (3,3) = -0.2761537464     -0.9613822011       6.654887625    
 
1 sigma total (1,1) (2,1) (3,1) =  -7.044459569       4.524794273      -3.656074316    
2 sigma total (1,2) (2,2) (3,2) =   4.524794273      -4.851116693      -6.703670336    
3 sigma total (1,3) (2,3) (3,3) =  -3.656074316      -6.703670336       8.714676356    
 
     17800 0.178E-10*Pression =    -1.0603    
 pression totale  potentiel = cinetique =
   -1.0603       -8.2917        7.2314    
 ----------valeurs moyennes------------
*temperature moyenne =       594.61
*pression moyenne =    0.43176    
 --------------------------------------
 
 
<<<<<<<<  ITERATION =  17900  time =   0.1790000E-10
 
 
 --------- Temperatures et Pression--------
 ----------valeurs instantanees------------
     17900 0.179E-10*Epot =    -517.0333506878713      eV 
    *energie PAIRE EAM =     28.8414917751      eV 
    *energie GLUE  =    -545.874842463      eV 
     17900 0.179E-10*Ec =     10.0293698008      eV   (606.189 K)
     17900 0.179E-10*Etot =    -507.0039808870237      eV 
 
     17900 0.179E-10*Epot/at =    -4.03932305225      eV 
 
     17900 0.179E-10*Temp instantanee = 606.189
 NPT With Parrinello-Rahman
     17900 0.179E-10*Kcell =    0.144882934641      eV   (373.629 K)
 Box tensor
 a  1.148149003433156E-007  1.086236388151823E-008 -1.010383005584759E-008
 b -1.311733960994580E-008  1.115185616061992E-007 -2.342314950382355E-008
 c  8.870423128715921E-009  2.447843007738259E-008  1.099765459451005E-007
 H0(1)  1.080000000000000E-007  0.000000000000000E+000  0.000000000000000E+000
 H0(2)  0.000000000000000E+000  1.080000000000000E-007  0.000000000000000E+000
 H0(3)  0.000000000000000E+000  0.000000000000000E+000  1.080000000000000E-007
Strain (Lagrange def.):
  e(1:3,1) =   0.758406E-01  0.629464E-04  0.526053E-02
  e(1:3,2) =   0.629464E-04  0.638535E-01 -0.127804E-02
  e(1:3,3) =   0.526053E-02 -0.127804E-02  0.463637E-01
Rotation:
  r(1:3,1) =    0.00000      0.111017     -0.878438E-01
  r(1:3,2) =  -0.111017       0.00000     -0.221767    
  r(1:3,3) =   0.878438E-01  0.221767       0.00000    
     17900 0.179E-10*l_a,m      11.5769338        11.4467469    
     17900 0.179E-10*l_b,m      11.4704394        11.4386908    
     17900 0.179E-10*l_c,m      11.3016453        11.4277257    
     17900 0.179E-10*ang_bc,m      89.8345    89.9689
     17900 0.179E-10*ang_ca,m      89.2417    90.0007
     17900 0.179E-10*ang_ab,m      90.2505    89.9899
     17900 0.179E-10*volume      1500.62163690        1496.47568680    
 
*temp instantanee des atomes de type 1 =       606.19
 
 * stress en kbar 
1 sigma potentiel (1,1) (2,1) (3,1) =  -27.08538860     -0.9162158859      -7.367928501    
2 sigma potentiel (1,2) (2,2) (3,2) = -0.9162158859      -21.58761471      -3.805536314    
3 sigma potentiel (1,3) (2,3) (3,3) =  -7.367928501      -3.805536314      -9.630233569    
 
1 sigma cinetique (1,1) (2,1) (3,1) =   7.949405427     -0.1034182085      0.3423383950E-01
2 sigma cinetique (1,2) (2,2) (3,2) = -0.1034182085       7.431777648     -0.1596620812    
3 sigma cinetique (1,3) (2,3) (3,3) =  0.3423383950E-01 -0.1596620812       6.035035164    
 
1 sigma total (1,1) (2,1) (3,1) =  -19.13598317      -1.019634094      -7.333694662    
2 sigma total (1,2) (2,2) (3,2) =  -1.019634094      -14.15583706      -3.965198395    
3 sigma total (1,3) (2,3) (3,3) =  -7.333694662      -3.965198395      -3.595198404    
 
     17900 0.179E-10*Pression =    -12.296    
 pression totale  potentiel = cinetique =
   -12.296       -19.434        7.1387    
 ----------valeurs moyennes------------
*temperature moyenne =       594.67
*pression moyenne =    0.36066    
 --------------------------------------
 
 
<<<<<<<<  ITERATION =  18000  time =   0.1800000E-10
 
 
 --------- Temperatures et Pression--------
 ----------valeurs instantanees------------
     18000 0.180E-10*Epot =    -516.2304876299986      eV 
    *energie PAIRE EAM =     32.3062389548      eV 
    *energie GLUE  =    -548.536726585      eV 
     18000 0.180E-10*Ec =     10.4248925918      eV   (630.095 K)
     18000 0.180E-10*Etot =    -505.8055950381494      eV 
 
     18000 0.180E-10*Epot/at =    -4.03305068461      eV 
 
     18000 0.180E-10*Temp instantanee = 630.095
 NPT With Parrinello-Rahman
     18000 0.180E-10*Kcell =    0.124483190345      eV   (321.021 K)
 Box tensor
 a  1.147554283824463E-007  1.071274987008677E-008 -1.043009845795237E-008
 b -1.276733917275906E-008  1.110008121784054E-007 -2.361344176572603E-008
 c  9.083592756433558E-009  2.402679315655960E-008  1.099790705876478E-007
 H0(1)  1.080000000000000E-007  0.000000000000000E+000  0.000000000000000E+000
 H0(2)  0.000000000000000E+000  1.080000000000000E-007  0.000000000000000E+000
 H0(3)  0.000000000000000E+000  0.000000000000000E+000  1.080000000000000E-007
Strain (Lagrange def.):
  e(1:3,1) =   0.750311E-01  0.130362E-02  0.443996E-02
  e(1:3,2) =   0.130362E-02  0.578374E-01 -0.387525E-02
  e(1:3,3) =   0.443996E-02 -0.387525E-02  0.470584E-01
Rotation:
  r(1:3,1) =    0.00000      0.108704     -0.903412E-01
  r(1:3,2) =  -0.108704       0.00000     -0.220557    
  r(1:3,3) =   0.903412E-01  0.220557       0.00000    
     18000 0.180E-10*l_a,m      11.5725357        11.4474457    
     18000 0.180E-10*l_b,m      11.4200612        11.4385873    
     18000 0.180E-10*l_c,m      11.2938897        11.4269822    
     18000 0.180E-10*ang_bc,m      90.2042    89.9702
     18000 0.180E-10*ang_ca,m      89.3306    89.9970
     18000 0.180E-10*ang_ab,m      90.1288    89.9906
     18000 0.180E-10*volume      1492.47494737        1496.45346046    
 
*temp instantanee des atomes de type 1 =       630.09
 
 * stress en kbar 
1 sigma potentiel (1,1) (2,1) (3,1) =  -11.37301236      -6.647339380      -4.984642655    
2 sigma potentiel (1,2) (2,2) (3,2) =  -6.647339380      -3.308528168     -0.2056785335E-01
3 sigma potentiel (1,3) (2,3) (3,3) =  -4.984642655     -0.2056785335E-01   2.377193364    
 
1 sigma cinetique (1,1) (2,1) (3,1) =   8.029571932      0.2960836286     -0.8217827913E-01
2 sigma cinetique (1,2) (2,2) (3,2) =  0.2960836286       7.321705473     -0.9132431970    
3 sigma cinetique (1,3) (2,3) (3,3) = -0.8217827913E-01 -0.9132431970       7.031031352    
 
1 sigma total (1,1) (2,1) (3,1) =  -3.343440433      -6.351255752      -5.066820934    
2 sigma total (1,2) (2,2) (3,2) =  -6.351255752       4.013177304     -0.9338110504    
3 sigma total (1,3) (2,3) (3,3) =  -5.066820934     -0.9338110504       9.408224716    
 
     18000 0.180E-10*Pression =     3.3593    
 pression totale  potentiel = cinetique =
    3.3593       -4.1014        7.4608    
 ----------valeurs moyennes------------
*temperature moyenne =       594.87
*pression moyenne =    0.37732    
 --------------------------------------
 
 
<<<<<<<<  ITERATION =  18100  time =   0.1810000E-10
 
 
 --------- Temperatures et Pression--------
 ----------valeurs instantanees------------
     18100 0.181E-10*Epot =    -516.9631887630960      eV 
    *energie PAIRE EAM =     33.7385763871      eV 
    *energie GLUE  =    -550.701765150      eV 
     18100 0.181E-10*Ec =     11.0189382599      eV   (666.000 K)
     18100 0.181E-10*Etot =    -505.9442505032298      eV 
 
     18100 0.181E-10*Epot/at =    -4.03877491221      eV 
 
     18100 0.181E-10*Temp instantanee = 666.000
 NPT With Parrinello-Rahman
     18100 0.181E-10*Kcell =    0.135488526957      eV   (349.402 K)
 Box tensor
 a  1.145823257018144E-007  1.037685882255510E-008 -1.086276361366751E-008
 b -1.248334724615497E-008  1.106370177346843E-007 -2.378719927993624E-008
 c  8.940512613389380E-009  2.371700341635593E-008  1.100426302135499E-007
 H0(1)  1.080000000000000E-007  0.000000000000000E+000  0.000000000000000E+000
 H0(2)  0.000000000000000E+000  1.080000000000000E-007  0.000000000000000E+000
 H0(3)  0.000000000000000E+000  0.000000000000000E+000  1.080000000000000E-007
Strain (Lagrange def.):
  e(1:3,1) =   0.729114E-01  0.854187E-03  0.154753E-02
  e(1:3,2) =   0.854187E-03  0.534433E-01 -0.576924E-02
  e(1:3,3) =   0.154753E-02 -0.576924E-02  0.484058E-01
Rotation:
  r(1:3,1) =    0.00000      0.105834     -0.916818E-01
  r(1:3,2) =  -0.105834       0.00000     -0.219927    
  r(1:3,3) =   0.916818E-01  0.219927       0.00000    
     18100 0.181E-10*l_a,m      11.5562919        11.4480471    
     18100 0.181E-10*l_b,m      11.3851722        11.4382922    
     18100 0.181E-10*l_c,m      11.2923910        11.4262386    
     18100 0.181E-10*ang_bc,m      90.4690    89.9730
     18100 0.181E-10*ang_ca,m      89.6700    89.9952
     18100 0.181E-10*ang_ab,m      90.1041    89.9913
     18100 0.181E-10*volume      1485.66734621        1496.39386867    
 
*temp instantanee des atomes de type 1 =       666.00
 
 * stress en kbar 
1 sigma potentiel (1,1) (2,1) (3,1) =  -6.115085033      -1.037786384      -3.727911630    
2 sigma potentiel (1,2) (2,2) (3,2) =  -1.037786384       3.704817177       8.913072876    
3 sigma potentiel (1,3) (2,3) (3,3) =  -3.727911630       8.913072876     -0.5876759296    
 
1 sigma cinetique (1,1) (2,1) (3,1) =   7.017106225     -0.9111355324E-01  0.2849796574    
2 sigma cinetique (1,2) (2,2) (3,2) = -0.9111355324E-01   8.568589831     -0.8059775010    
3 sigma cinetique (1,3) (2,3) (3,3) =  0.2849796574     -0.8059775010       8.180436483    
 
1 sigma total (1,1) (2,1) (3,1) =  0.9020211915      -1.128899937      -3.442931973    
2 sigma total (1,2) (2,2) (3,2) =  -1.128899937       12.27340701       8.107095375    
3 sigma total (1,3) (2,3) (3,3) =  -3.442931973       8.107095375       7.592760553    
 
     18100 0.181E-10*Pression =     6.9227    
 pression totale  potentiel = cinetique =
    6.9227      -0.99931        7.9220    
 ----------valeurs moyennes------------
*temperature moyenne =       595.26
*pression moyenne =    0.41348    
 --------------------------------------
 
 
<<<<<<<<  ITERATION =  18200  time =   0.1820000E-10
 
 
 --------- Temperatures et Pression--------
 ----------valeurs instantanees------------
     18200 0.182E-10*Epot =    -516.8642208852203      eV 
    *energie PAIRE EAM =     33.4800165888      eV 
    *energie GLUE  =    -550.344237474      eV 
     18200 0.182E-10*Ec =     10.4870512357      eV   (633.852 K)
     18200 0.182E-10*Etot =    -506.3771696495331      eV 
 
     18200 0.182E-10*Epot/at =    -4.03800172567      eV 
 
     18200 0.182E-10*Temp instantanee = 633.852
 NPT With Parrinello-Rahman
     18200 0.182E-10*Kcell =    0.110735600665      eV   (285.569 K)
 Box tensor
 a  1.144457024036390E-007  1.019125373956720E-008 -1.145557591942350E-008
 b -1.230661467653797E-008  1.105514941110363E-007 -2.395577029898985E-008
 c  8.687204987706105E-009  2.362170166858077E-008  1.102107087279623E-007
 H0(1)  1.080000000000000E-007  0.000000000000000E+000  0.000000000000000E+000
 H0(2)  0.000000000000000E+000  1.080000000000000E-007  0.000000000000000E+000
 H0(3)  0.000000000000000E+000  0.000000000000000E+000  1.080000000000000E-007
Strain (Lagrange def.):
  e(1:3,1) =   0.711908E-01  0.473127E-03 -0.252075E-02
  e(1:3,2) =   0.473127E-03  0.522753E-01 -0.693280E-02
  e(1:3,3) =  -0.252075E-02 -0.693280E-02  0.509049E-01
Rotation:
  r(1:3,1) =    0.00000      0.104157     -0.932536E-01
  r(1:3,2) =  -0.104157       0.00000     -0.220266    
  r(1:3,3) =   0.932536E-01  0.220266       0.00000    
     18200 0.182E-10*l_a,m      11.5468224        11.4485898    
     18200 0.182E-10*l_b,m      11.3784729        11.4379635    
     18200 0.182E-10*l_c,m      11.3048010        11.4255713    
     18200 0.182E-10*ang_bc,m      90.6044    89.9765
     18200 0.182E-10*ang_ca,m      90.1211    89.9959
     18200 0.182E-10*ang_ab,m      90.0321    89.9915
     18200 0.182E-10*volume      1485.19741217        1496.33234968    
 
*temp instantanee des atomes de type 1 =       633.85
 
 * stress en kbar 
1 sigma potentiel (1,1) (2,1) (3,1) =  -3.790288271       3.152870951      0.4799773180E-01
2 sigma potentiel (1,2) (2,2) (3,2) =   3.152870951       8.365432881       10.48324057    
3 sigma potentiel (1,3) (2,3) (3,3) =  0.4799773180E-01   10.48324057       3.320525303    
 
1 sigma cinetique (1,1) (2,1) (3,1) =   9.034063445      0.7244539222      0.3455307892    
2 sigma cinetique (1,2) (2,2) (3,2) =  0.7244539222       7.415201274     -0.1117564413    
3 sigma cinetique (1,3) (2,3) (3,3) =  0.3455307892     -0.1117564413       6.176827301    
 
1 sigma total (1,1) (2,1) (3,1) =   5.243775174       3.877324874      0.3935285210    
2 sigma total (1,2) (2,2) (3,2) =   3.877324874       15.78063415       10.37148412    
3 sigma total (1,3) (2,3) (3,3) =  0.3935285210       10.37148412       9.497352604    
 
     18200 0.182E-10*Pression =     10.174    
 pression totale  potentiel = cinetique =
    10.174        2.6319        7.5420    
 ----------valeurs moyennes------------
*temperature moyenne =       595.47
*pression moyenne =    0.46711    
 --------------------------------------
 
 
<<<<<<<<  ITERATION =  18300  time =   0.1830000E-10
 
 
 --------- Temperatures et Pression--------
 ----------valeurs instantanees------------
     18300 0.183E-10*Epot =    -515.4134919603159      eV 
    *energie PAIRE EAM =     33.8880353548      eV 
    *energie GLUE  =    -549.301527315      eV 
     18300 0.183E-10*Ec =     10.4424803928      eV   (631.158 K)
     18300 0.183E-10*Etot =    -504.9710115675027      eV 
 
     18300 0.183E-10*Epot/at =    -4.02666790594      eV 
 
     18300 0.183E-10*Temp instantanee = 631.158
 NPT With Parrinello-Rahman
     18300 0.183E-10*Kcell =    0.129211312437      eV   (333.214 K)
 Box tensor
 a  1.143219467906242E-007  1.010352485615614E-008 -1.205268974236512E-008
 b -1.209341283055410E-008  1.108128541559661E-007 -2.396460595108868E-008
 c  8.585528042045726E-009  2.376563906497953E-008  1.106642655076548E-007
 H0(1)  1.080000000000000E-007  0.000000000000000E+000  0.000000000000000E+000
 H0(2)  0.000000000000000E+000  1.080000000000000E-007  0.000000000000000E+000
 H0(3)  0.000000000000000E+000  0.000000000000000E+000  1.080000000000000E-007
Strain (Lagrange def.):
  e(1:3,1) =   0.696789E-01  0.814026E-03 -0.591401E-02
  e(1:3,2) =   0.814026E-03  0.549715E-01 -0.631662E-02
  e(1:3,3) =  -0.591401E-02 -0.631662E-02  0.558192E-01
Rotation:
  r(1:3,1) =    0.00000      0.102764     -0.955473E-01
  r(1:3,2) =  -0.102764       0.00000     -0.220973    
  r(1:3,3) =   0.955473E-01  0.220973       0.00000    
     18300 0.183E-10*l_a,m      11.5398683        11.4490886    
     18300 0.183E-10*l_b,m      11.4017725        11.4377658    
     18300 0.183E-10*l_c,m      11.3512539        11.4251652    
     18300 0.183E-10*ang_bc,m      90.5415    89.9795
     18300 0.183E-10*ang_ca,m      90.4906    89.9986
     18300 0.183E-10*ang_ab,m      89.8872    89.9909
     18300 0.183E-10*volume      1493.41658462        1496.31641654    
 
*temp instantanee des atomes de type 1 =       631.16
 
 * stress en kbar 
1 sigma potentiel (1,1) (2,1) (3,1) =  -5.216139106      -1.340806384       10.22875460    
2 sigma potentiel (1,2) (2,2) (3,2) =  -1.340806384       2.709916609       11.46631548    
3 sigma potentiel (1,3) (2,3) (3,3) =   10.22875460       11.46631548      -3.324727307    
 
1 sigma cinetique (1,1) (2,1) (3,1) =   8.397405397      0.1082473295     -0.6446125704    
2 sigma cinetique (1,2) (2,2) (3,2) =  0.1082473295       6.504014660      0.4016604004    
3 sigma cinetique (1,3) (2,3) (3,3) = -0.6446125704      0.4016604004       7.504513390    
 
1 sigma total (1,1) (2,1) (3,1) =   3.181266291      -1.232559054       9.584142029    
2 sigma total (1,2) (2,2) (3,2) =  -1.232559054       9.213931269       11.86797588    
3 sigma total (1,3) (2,3) (3,3) =   9.584142029       11.86797588       4.179786083    
 
     18300 0.183E-10*Pression =     5.5250    
 pression totale  potentiel = cinetique =
    5.5250       -1.9436        7.4686    
 ----------valeurs moyennes------------
*temperature moyenne =       595.67
*pression moyenne =    0.49475    
 --------------------------------------
 
 
<<<<<<<<  ITERATION =  18400  time =   0.1840000E-10
 
 
 --------- Temperatures et Pression--------
 ----------valeurs instantanees------------
     18400 0.184E-10*Epot =    -516.9426803510574      eV 
    *energie PAIRE EAM =     28.3095444003      eV 
    *energie GLUE  =    -545.252224751      eV 
     18400 0.184E-10*Ec =     11.6645710379      eV   (705.023 K)
     18400 0.184E-10*Etot =    -505.2781093131517      eV 
 
     18400 0.184E-10*Epot/at =    -4.03861469024      eV 
 
     18400 0.184E-10*Temp instantanee = 705.023
 NPT With Parrinello-Rahman
     18400 0.184E-10*Kcell =    0.113382938349      eV   (292.396 K)
 Box tensor
 a  1.141939858545502E-007  9.994252621363529E-009 -1.243715961170220E-008
 b -1.198579740061650E-008  1.110799173082653E-007 -2.374199923099891E-008
 c  8.718386845996146E-009  2.402469598671005E-008  1.112091285403160E-007
 H0(1)  1.080000000000000E-007  0.000000000000000E+000  0.000000000000000E+000
 H0(2)  0.000000000000000E+000  1.080000000000000E-007  0.000000000000000E+000
 H0(3)  0.000000000000000E+000  0.000000000000000E+000  1.080000000000000E-007
Strain (Lagrange def.):
  e(1:3,1) =   0.684129E-01  0.829850E-03 -0.712096E-02
  e(1:3,2) =   0.829850E-03  0.579484E-01 -0.384919E-02
  e(1:3,3) =  -0.712096E-02 -0.384919E-02  0.609497E-01
Rotation:
  r(1:3,1) =    0.00000      0.101759     -0.979423E-01
  r(1:3,2) =  -0.101759       0.00000     -0.221142    
  r(1:3,3) =   0.979423E-01  0.221142       0.00000    
     18400 0.184E-10*l_a,m      11.5303228        11.4495301    
     18400 0.184E-10*l_b,m      11.4219481        11.4376798    
     18400 0.184E-10*l_c,m      11.4108135        11.4250872    
     18400 0.184E-10*ang_bc,m      90.3348    89.9815
     18400 0.184E-10*ang_ca,m      90.6420    90.0021
     18400 0.184E-10*ang_ab,m      89.8402    89.9901
     18400 0.184E-10*volume      1502.66428690        1496.35091583    
 
*temp instantanee des atomes de type 1 =       705.02
 
 * stress en kbar 
1 sigma potentiel (1,1) (2,1) (3,1) =  -23.06207944       4.575687784       10.73578868    
2 sigma potentiel (1,2) (2,2) (3,2) =   4.575687784      -12.61621686       7.523997853    
3 sigma potentiel (1,3) (2,3) (3,3) =   10.73578868       7.523997853      -22.15455467    
 
1 sigma cinetique (1,1) (2,1) (3,1) =   7.429671194      0.5616220627     -0.1119499966E-01
2 sigma cinetique (1,2) (2,2) (3,2) =  0.5616220627       8.239855830     -0.7443924175    
3 sigma cinetique (1,3) (2,3) (3,3) = -0.1119499966E-01 -0.7443924175       9.204560066    
 
1 sigma total (1,1) (2,1) (3,1) =  -15.63240824       5.137309847       10.72459368    
2 sigma total (1,2) (2,2) (3,2) =   5.137309847      -4.376361032       6.779605436    
3 sigma total (1,3) (2,3) (3,3) =   10.72459368       6.779605436      -12.94999461    
 
     18400 0.184E-10*Pression =    -10.986    
 pression totale  potentiel = cinetique =
   -10.986       -19.278        8.2914    
 ----------valeurs moyennes------------
*temperature moyenne =       596.26
*pression moyenne =    0.43235    
 --------------------------------------
 
 
<<<<<<<<  ITERATION =  18500  time =   0.1850000E-10
 
 
 --------- Temperatures et Pression--------
 ----------valeurs instantanees------------
     18500 0.185E-10*Epot =    -515.4332760862086      eV 
    *energie PAIRE EAM =     29.5730735234      eV 
    *energie GLUE  =    -545.006349610      eV 
     18500 0.185E-10*Ec =     10.3864354462      eV   (627.770 K)
     18500 0.185E-10*Etot =    -505.0468406399631      eV 
 
     18500 0.185E-10*Epot/at =    -4.02682246942      eV 
 
     18500 0.185E-10*Temp instantanee = 627.770
 NPT With Parrinello-Rahman
     18500 0.185E-10*Kcell =    0.142176599293      eV   (366.650 K)
 Box tensor
 a  1.137207464764929E-007  1.002145581598405E-008 -1.272637353059687E-008
 b -1.182328138618599E-008  1.111782523633507E-007 -2.354335560138376E-008
 c  8.998862861409296E-009  2.429957861318845E-008  1.116940440765725E-007
 H0(1)  1.080000000000000E-007  0.000000000000000E+000  0.000000000000000E+000
 H0(2)  0.000000000000000E+000  1.080000000000000E-007  0.000000000000000E+000
 H0(3)  0.000000000000000E+000  0.000000000000000E+000  1.080000000000000E-007
Strain (Lagrange def.):
  e(1:3,1) =   0.638365E-01  0.187861E-02 -0.702047E-02
  e(1:3,2) =   0.187861E-02  0.594780E-01 -0.132578E-02
  e(1:3,3) =  -0.702047E-02 -0.132578E-02  0.654925E-01
Rotation:
  r(1:3,1) =    0.00000      0.101133     -0.100580    
  r(1:3,2) =  -0.101133       0.00000     -0.221495    
  r(1:3,3) =   0.100580      0.221495       0.00000    
     18500 0.185E-10*l_a,m      11.4868613        11.4497319    
     18500 0.185E-10*l_b,m      11.4257093        11.4376151    
     18500 0.185E-10*l_c,m      11.4660405        11.4253086    
     18500 0.185E-10*ang_bc,m      90.1507    89.9824
     18500 0.185E-10*ang_ca,m      90.6725    90.0057
     18500 0.185E-10*ang_ab,m      89.6977    89.9885
     18500 0.185E-10*volume      1504.73710729        1496.39624660    
 
*temp instantanee des atomes de type 1 =       627.77
 
 * stress en kbar 
1 sigma potentiel (1,1) (2,1) (3,1) =  -17.13445437       1.271526645       8.295770979    
2 sigma potentiel (1,2) (2,2) (3,2) =   1.271526645      -11.77947428       3.475189155    
3 sigma potentiel (1,3) (2,3) (3,3) =   8.295770979       3.475189155      -21.32931483    
 
1 sigma cinetique (1,1) (2,1) (3,1) =   6.794681111     -0.3201329062E-01 -0.5654629256E-01
2 sigma cinetique (1,2) (2,2) (3,2) = -0.3201329062E-01   7.358342721      0.1671065467    
3 sigma cinetique (1,3) (2,3) (3,3) = -0.5654629256E-01  0.1671065467       7.964995757    
 
1 sigma total (1,1) (2,1) (3,1) =  -10.33977325       1.239513354       8.239224686    
2 sigma total (1,2) (2,2) (3,2) =   1.239513354      -4.421131562       3.642295702    
3 sigma total (1,3) (2,3) (3,3) =   8.239224686       3.642295702      -13.36431907    
 
     18500 0.185E-10*Pression =    -9.3751    
 pression totale  potentiel = cinetique =
   -9.3751       -16.748        7.3727    
 ----------valeurs moyennes------------
*temperature moyenne =       596.43
*pression moyenne =    0.37934    
 --------------------------------------
 
 
<<<<<<<<  ITERATION =  18600  time =   0.1860000E-10
 
 
 --------- Temperatures et Pression--------
 ----------valeurs instantanees------------
     18600 0.186E-10*Epot =    -516.8266280948278      eV 
    *energie PAIRE EAM =     29.7052711065      eV 
    *energie GLUE  =    -546.531899201      eV 
     18600 0.186E-10*Ec =     10.4866908842      eV   (633.830 K)
     18600 0.186E-10*Etot =    -506.3399372106169      eV 
 
     18600 0.186E-10*Epot/at =    -4.03770803199      eV 
 
     18600 0.186E-10*Temp instantanee = 633.830
 NPT With Parrinello-Rahman
     18600 0.186E-10*Kcell =    0.208369350534      eV   (537.350 K)
 Box tensor
 a  1.129756189222360E-007  9.949026603280007E-009 -1.265153413369481E-008
 b -1.178079486793465E-008  1.112278495450676E-007 -2.331919210552125E-008
 c  9.347354488210704E-009  2.461362176841716E-008  1.120661927248453E-007
 H0(1)  1.080000000000000E-007  0.000000000000000E+000  0.000000000000000E+000
 H0(2)  0.000000000000000E+000  1.080000000000000E-007  0.000000000000000E+000
 H0(3)  0.000000000000000E+000  0.000000000000000E+000  1.080000000000000E-007
Strain (Lagrange def.):
  e(1:3,1) =   0.568266E-01  0.187402E-02 -0.458993E-02
  e(1:3,2) =   0.187402E-02  0.605473E-01  0.166070E-02
  e(1:3,3) =  -0.458993E-02  0.166070E-02  0.685304E-01
Rotation:
  r(1:3,1) =    0.00000      0.100601     -0.101847    
  r(1:3,2) =  -0.100601       0.00000     -0.221911    
  r(1:3,3) =   0.101847      0.221911       0.00000    
     18600 0.186E-10*l_a,m      11.4116322        11.4495271    
     18600 0.186E-10*l_b,m      11.4255006        11.4375500    
     18600 0.186E-10*l_c,m      11.5117483        11.4257733    
     18600 0.186E-10*ang_bc,m      89.9377    89.9821
     18600 0.186E-10*ang_ca,m      90.5099    90.0084
     18600 0.186E-10*ang_ab,m      89.6894    89.9869
     18600 0.186E-10*volume      1500.86084680        1496.42024983    
 
*temp instantanee des atomes de type 1 =       633.83
 
 * stress en kbar 
1 sigma potentiel (1,1) (2,1) (3,1) =  -11.27272627      -4.404557536       12.27789144    
2 sigma potentiel (1,2) (2,2) (3,2) =  -4.404557536      -19.78021137      -4.339083166    
3 sigma potentiel (1,3) (2,3) (3,3) =   12.27789144      -4.339083166      -24.44209079    
 
1 sigma cinetique (1,1) (2,1) (3,1) =   7.565192179       1.255234769     -0.1236541455    
2 sigma cinetique (1,2) (2,2) (3,2) =   1.255234769       6.828506466      0.4088329799    
3 sigma cinetique (1,3) (2,3) (3,3) = -0.1236541455      0.4088329799       7.995491328    
 
1 sigma total (1,1) (2,1) (3,1) =  -3.707534096      -3.149322768       12.15423729    
2 sigma total (1,2) (2,2) (3,2) =  -3.149322768      -12.95170490      -3.930250186    
3 sigma total (1,3) (2,3) (3,3) =   12.15423729      -3.930250186      -16.44659947    
 
     18600 0.186E-10*Pression =    -11.035    
 pression totale  potentiel = cinetique =
   -11.035       -18.498        7.4631    
 ----------valeurs moyennes------------
*temperature moyenne =       596.63
*pression moyenne =    0.31797    
 --------------------------------------
 
 
<<<<<<<<  ITERATION =  18700  time =   0.1870000E-10
 
 
 --------- Temperatures et Pression--------
 ----------valeurs instantanees------------
     18700 0.187E-10*Epot =    -516.7539238733889      eV 
    *energie PAIRE EAM =     32.5953090625      eV 
    *energie GLUE  =    -549.349232936      eV 
     18700 0.187E-10*Ec =     10.4893180338      eV   (633.989 K)
     18700 0.187E-10*Etot =    -506.2646058396053      eV 
 
     18700 0.187E-10*Epot/at =    -4.03714003026      eV 
 
     18700 0.187E-10*Temp instantanee = 633.989
 NPT With Parrinello-Rahman
     18700 0.187E-10*Kcell =    0.234319822312      eV   (604.271 K)
 Box tensor
 a  1.121201087388332E-007  9.741993153480722E-009 -1.236242885045439E-008
 b -1.184574274706660E-008  1.111376416557518E-007 -2.323315482007186E-008
 c  9.880572198394931E-009  2.477089810439697E-008  1.121848656539637E-007
 H0(1)  1.080000000000000E-007  0.000000000000000E+000  0.000000000000000E+000
 H0(2)  0.000000000000000E+000  1.080000000000000E-007  0.000000000000000E+000
 H0(3)  0.000000000000000E+000  0.000000000000000E+000  1.080000000000000E-007
Strain (Lagrange def.):
  e(1:3,1) =   0.490769E-01  0.879461E-03 -0.103405E-03
  e(1:3,2) =   0.879461E-03  0.598456E-01  0.327534E-02
  e(1:3,3) =  -0.103405E-03  0.327534E-02  0.691895E-01
Rotation:
  r(1:3,1) =    0.00000      0.999432E-01 -0.102977    
  r(1:3,2) =  -0.999432E-01   0.00000     -0.222241    
  r(1:3,3) =   0.102977      0.222241       0.00000    
     18700 0.187E-10*l_a,m      11.3219499        11.4488448    
     18700 0.187E-10*l_b,m      11.4156369        11.4374328    
     18700 0.187E-10*l_c,m      11.5311175        11.4263367    
     18700 0.187E-10*ang_bc,m      89.8715    89.9816
     18700 0.187E-10*ang_ca,m      90.1657    90.0092
     18700 0.187E-10*ang_ab,m      89.8148    89.9860
     18700 0.187E-10*volume      1490.34764588        1496.38777601    
 
*temp instantanee des atomes de type 1 =       633.99
 
 * stress en kbar 
1 sigma potentiel (1,1) (2,1) (3,1) =   1.998221170      -1.810554040       5.537772228    
2 sigma potentiel (1,2) (2,2) (3,2) =  -1.810554040      -7.502163676      -7.408625207    
3 sigma potentiel (1,3) (2,3) (3,3) =   5.537772228      -7.408625207      -11.21154568    
 
1 sigma cinetique (1,1) (2,1) (3,1) =   7.082005608      0.6452546205     -0.1061405764    
2 sigma cinetique (1,2) (2,2) (3,2) =  0.6452546205       8.153191725      0.1472368968    
3 sigma cinetique (1,3) (2,3) (3,3) = -0.1061405764      0.1472368968       7.317578880    
 
1 sigma total (1,1) (2,1) (3,1) =   9.080226778      -1.165299420       5.431631652    
2 sigma total (1,2) (2,2) (3,2) =  -1.165299420      0.6510280491      -7.261388310    
3 sigma total (1,3) (2,3) (3,3) =   5.431631652      -7.261388310      -3.893966802    
 
     18700 0.187E-10*Pression =     1.9458    
 pression totale  potentiel = cinetique =
    1.9458       -5.5718        7.5176    
 ----------valeurs moyennes------------
*temperature moyenne =       596.83
*pression moyenne =    0.32668    
 --------------------------------------
 
 
<<<<<<<<  ITERATION =  18800  time =   0.1880000E-10
 
 
 --------- Temperatures et Pression--------
 ----------valeurs instantanees------------
     18800 0.188E-10*Epot =    -517.2933785677914      eV 
    *energie PAIRE EAM =     34.6615378496      eV 
    *energie GLUE  =    -551.954916417      eV 
     18800 0.188E-10*Ec =     9.87397906392      eV   (596.797 K)
     18800 0.188E-10*Etot =    -507.4193995038742      eV 
 
     18800 0.188E-10*Epot/at =    -4.04135452006      eV 
 
     18800 0.188E-10*Temp instantanee = 596.797
 NPT With Parrinello-Rahman
     18800 0.188E-10*Kcell =    0.211078451089      eV   (544.336 K)
 Box tensor
 a  1.113469990970550E-007  9.478741878942429E-009 -1.210452360399157E-008
 b -1.194712733837018E-008  1.112093899980607E-007 -2.306732927725431E-008
 c  1.052599290048808E-008  2.471333767142425E-008  1.120720451810298E-007
 H0(1)  1.080000000000000E-007  0.000000000000000E+000  0.000000000000000E+000
 H0(2)  0.000000000000000E+000  1.080000000000000E-007  0.000000000000000E+000
 H0(3)  0.000000000000000E+000  0.000000000000000E+000  1.080000000000000E-007
Strain (Lagrange def.):
  e(1:3,1) =   0.423390E-01 -0.560308E-03  0.460629E-02
  e(1:3,2) =  -0.560308E-03  0.601905E-01  0.384238E-02
  e(1:3,3) =   0.460629E-02  0.384238E-02  0.675053E-01
Rotation:
  r(1:3,1) =    0.00000      0.991938E-01 -0.104771    
  r(1:3,2) =  -0.991938E-01   0.00000     -0.221207    
  r(1:3,3) =   0.104771      0.221207       0.00000    
     18800 0.188E-10*l_a,m      11.2403382        11.4477357    
     18800 0.188E-10*l_b,m      11.4203170        11.4373417    
     18800 0.188E-10*l_c,m      11.5246210        11.4268594    
     18800 0.188E-10*ang_bc,m      89.8372    89.9808
     18800 0.188E-10*ang_ca,m      89.7801    90.0080
     18800 0.188E-10*ang_ab,m      89.9863    89.9860
     18800 0.188E-10*volume      1479.37823518        1496.29729973    
 
*temp instantanee des atomes de type 1 =       596.80
 
 * stress en kbar 
1 sigma potentiel (1,1) (2,1) (3,1) =   11.92523191      -4.904182926      -3.272867374    
2 sigma potentiel (1,2) (2,2) (3,2) =  -4.904182926      0.8692144077      -6.489688010    
3 sigma potentiel (1,3) (2,3) (3,3) =  -3.272867374      -6.489688010      0.6618489887    
 
1 sigma cinetique (1,1) (2,1) (3,1) =   7.806422035      0.2717150512     -0.3879434211    
2 sigma cinetique (1,2) (2,2) (3,2) =  0.2717150512       5.877173158      0.6405811777    
3 sigma cinetique (1,3) (2,3) (3,3) = -0.3879434211      0.6405811777       7.703574738    
 
1 sigma total (1,1) (2,1) (3,1) =   19.73165394      -4.632467875      -3.660810795    
2 sigma total (1,2) (2,2) (3,2) =  -4.632467875       6.746387566      -5.849106832    
3 sigma total (1,3) (2,3) (3,3) =  -3.660810795      -5.849106832       8.365423727    
 
     18800 0.188E-10*Pression =     11.614    
 pression totale  potentiel = cinetique =
    11.614        4.4854        7.1291    
 ----------valeurs moyennes------------
*temperature moyenne =       596.83
*pression moyenne =    0.38672    
 --------------------------------------
 
 
<<<<<<<<  ITERATION =  18900  time =   0.1890000E-10
 
 
 --------- Temperatures et Pression--------
 ----------valeurs instantanees------------
     18900 0.189E-10*Epot =    -516.7396775461514      eV 
    *energie PAIRE EAM =     36.5459832317      eV 
    *energie GLUE  =    -553.285660778      eV 
     18900 0.189E-10*Ec =     9.35984982113      eV   (565.722 K)
     18900 0.189E-10*Etot =    -507.3798277250182      eV 
 
     18900 0.189E-10*Epot/at =    -4.03702873083      eV 
 
     18900 0.189E-10*Temp instantanee = 565.722
 NPT With Parrinello-Rahman
     18900 0.189E-10*Kcell =    0.103871260529      eV   (267.867 K)
 Box tensor
 a  1.108253526666499E-007  9.298545635311394E-009 -1.217176905549298E-008
 b -1.207995465586532E-008  1.115211541313521E-007 -2.305628911558283E-008
 c  1.112701202254905E-008  2.465753861975160E-008  1.120281806308962E-007
 H0(1)  1.080000000000000E-007  0.000000000000000E+000  0.000000000000000E+000
 H0(2)  0.000000000000000E+000  1.080000000000000E-007  0.000000000000000E+000
 H0(3)  0.000000000000000E+000  0.000000000000000E+000  1.080000000000000E-007
Strain (Lagrange def.):
  e(1:3,1) =   0.380656E-01 -0.181289E-02  0.754961E-02
  e(1:3,2) =  -0.181289E-02  0.629040E-01  0.333914E-02
  e(1:3,3) =   0.754961E-02  0.333914E-02  0.671321E-01
Rotation:
  r(1:3,1) =    0.00000      0.989745E-01 -0.107865    
  r(1:3,2) =  -0.989745E-01   0.00000     -0.220897    
  r(1:3,3) =   0.107865      0.220897       0.00000    
     18900 0.189E-10*l_a,m      11.1878835        11.4463609    
     18900 0.189E-10*l_b,m      11.4518495        11.4374185    
     18900 0.189E-10*l_c,m      11.5248071        11.4273777    
     18900 0.189E-10*ang_bc,m      89.8590    89.9801
     18900 0.189E-10*ang_ca,m      89.5607    90.0057
     18900 0.189E-10*ang_ab,m      90.0946    89.9866
     18900 0.189E-10*volume      1476.53092317        1496.19271572    
 
*temp instantanee des atomes de type 1 =       565.72
 
 * stress en kbar 
1 sigma potentiel (1,1) (2,1) (3,1) =   12.77440539      -1.444781107      -10.91874575    
2 sigma potentiel (1,2) (2,2) (3,2) =  -1.444781107       6.221811167      -4.275150810    
3 sigma potentiel (1,3) (2,3) (3,3) =  -10.91874575      -4.275150810      0.6800641557    
 
1 sigma cinetique (1,1) (2,1) (3,1) =   6.923926942      0.6296932684E-01 -0.1636779839    
2 sigma cinetique (1,2) (2,2) (3,2) =  0.6296932684E-01   7.725632176      0.8982044457    
3 sigma cinetique (1,3) (2,3) (3,3) = -0.1636779839      0.8982044457       5.663095154    
 
1 sigma total (1,1) (2,1) (3,1) =   19.69833233      -1.381811780      -11.08242373    
2 sigma total (1,2) (2,2) (3,2) =  -1.381811780       13.94744334      -3.376946364    
3 sigma total (1,3) (2,3) (3,3) =  -11.08242373      -3.376946364       6.343159309    
 
     18900 0.189E-10*Pression =     13.330    
 pression totale  potentiel = cinetique =
    13.330        6.5588        6.7709    
 ----------valeurs moyennes------------
*temperature moyenne =       596.67
*pression moyenne =    0.45520    
 --------------------------------------
 
 
<<<<<<<<  ITERATION =  19000  time =   0.1900000E-10
 
 
 --------- Temperatures et Pression--------
 ----------valeurs instantanees------------
     19000 0.190E-10*Epot =    -516.9788949214021      eV 
    *energie PAIRE EAM =     34.6217762214      eV 
    *energie GLUE  =    -551.600671143      eV 
     19000 0.190E-10*Ec =     9.86104011088      eV   (596.015 K)
     19000 0.190E-10*Etot =    -507.1178548105206      eV 
 
     19000 0.190E-10*Epot/at =    -4.03889761657      eV 
 
     19000 0.190E-10*Temp instantanee = 596.015
 NPT With Parrinello-Rahman
     19000 0.190E-10*Kcell =    0.161291167927      eV   (415.943 K)
 Box tensor
 a  1.107451768268819E-007  9.197368611887847E-009 -1.264173031619707E-008
 b -1.212314268512983E-008  1.119720663743032E-007 -2.312081262322455E-008
 c  1.149651301512564E-008  2.453217162988828E-008  1.119259971991809E-007
 H0(1)  1.080000000000000E-007  0.000000000000000E+000  0.000000000000000E+000
 H0(2)  0.000000000000000E+000  1.080000000000000E-007  0.000000000000000E+000
 H0(3)  0.000000000000000E+000  0.000000000000000E+000  1.080000000000000E-007
Strain (Lagrange def.):
  e(1:3,1) =   0.377072E-01 -0.243719E-02  0.716071E-02
  e(1:3,2) =  -0.243719E-02  0.668794E-01  0.174177E-02
  e(1:3,3) =   0.716071E-02  0.174177E-02  0.667787E-01
Rotation:
  r(1:3,1) =    0.00000      0.987061E-01 -0.111751    
  r(1:3,2) =  -0.987061E-01   0.00000     -0.220616    
  r(1:3,3) =   0.111751      0.220616       0.00000    
     19000 0.190E-10*l_a,m      11.1843190        11.4449817    
     19000 0.190E-10*l_b,m      11.4975155        11.4377348    
     19000 0.190E-10*l_c,m      11.5158265        11.4278432    
     19000 0.190E-10*ang_bc,m      89.9146    89.9798
     19000 0.190E-10*ang_ca,m      89.6269    90.0037
     19000 0.190E-10*ang_ab,m      90.0911    89.9871
     19000 0.190E-10*volume      1480.80685376        1496.11173750    
 
*temp instantanee des atomes de type 1 =       596.01
 
 * stress en kbar 
1 sigma potentiel (1,1) (2,1) (3,1) =   3.692360943       2.242944946      -11.53150161    
2 sigma potentiel (1,2) (2,2) (3,2) =   2.242944946      -1.800729167      -4.315232705    
3 sigma potentiel (1,3) (2,3) (3,3) =  -11.53150161      -4.315232705      -1.619136034    
 
1 sigma cinetique (1,1) (2,1) (3,1) =   6.359680758     -0.4615817721      0.1544406238    
2 sigma cinetique (1,2) (2,2) (3,2) = -0.4615817721       8.251647319       1.099221190    
3 sigma cinetique (1,3) (2,3) (3,3) =  0.1544406238       1.099221190       6.727209529    
 
1 sigma total (1,1) (2,1) (3,1) =   10.05204170       1.781363174      -11.37706099    
2 sigma total (1,2) (2,2) (3,2) =   1.781363174       6.450918153      -3.216011515    
3 sigma total (1,3) (2,3) (3,3) =  -11.37706099      -3.216011515       5.108073495    
 
     19000 0.190E-10*Pression =     7.2037    
 pression totale  potentiel = cinetique =
    7.2037       0.90832E-01    7.1128    
 ----------valeurs moyennes------------
*temperature moyenne =       596.67
*pression moyenne =    0.49072    
 --------------------------------------
 
 
<<<<<<<<  ITERATION =  19100  time =   0.1910000E-10
 
 
 --------- Temperatures et Pression--------
 ----------valeurs instantanees------------
     19100 0.191E-10*Epot =    -517.5576387113150      eV 
    *energie PAIRE EAM =     31.3641653896      eV 
    *energie GLUE  =    -548.921804101      eV 
     19100 0.191E-10*Ec =     10.5557867534      eV   (638.006 K)
     19100 0.191E-10*Etot =    -507.0018519579017      eV 
 
     19100 0.191E-10*Epot/at =    -4.04341905243      eV 
 
     19100 0.191E-10*Temp instantanee = 638.006
 NPT With Parrinello-Rahman
     19100 0.191E-10*Kcell =    0.262459593406      eV   (676.839 K)
 Box tensor
 a  1.110777709780412E-007  9.092209783702823E-009 -1.338323330721186E-008
 b -1.205019105197585E-008  1.124737647186134E-007 -2.333308063243503E-008
 c  1.174946868344721E-008  2.437169065233651E-008  1.117106249331286E-007
 H0(1)  1.080000000000000E-007  0.000000000000000E+000  0.000000000000000E+000
 H0(2)  0.000000000000000E+000  1.080000000000000E-007  0.000000000000000E+000
 H0(3)  0.000000000000000E+000  0.000000000000000E+000  1.080000000000000E-007
Strain (Lagrange def.):
  e(1:3,1) =   0.410463E-01 -0.253059E-02  0.459229E-02
  e(1:3,2) =  -0.253059E-02  0.712875E-01 -0.100591E-02
  e(1:3,3) =   0.459229E-02 -0.100591E-02  0.659640E-01
Rotation:
  r(1:3,1) =    0.00000      0.978815E-01 -0.116355    
  r(1:3,2) =  -0.978815E-01   0.00000     -0.220855    
  r(1:3,3) =   0.116355      0.220855       0.00000    
     19100 0.191E-10*l_a,m      11.2249946        11.4438299    
     19100 0.191E-10*l_b,m      11.5498864        11.4383220    
     19100 0.191E-10*l_c,m      11.4940389        11.4281898    
     19100 0.191E-10*ang_bc,m      90.0300    89.9801
     19100 0.191E-10*ang_ca,m      89.8595    90.0029
     19100 0.191E-10*ang_ab,m      90.0159    89.9873
     19100 0.191E-10*volume      1490.16765639        1496.08061666    
 
*temp instantanee des atomes de type 1 =       638.01
 
 * stress en kbar 
1 sigma potentiel (1,1) (2,1) (3,1) =  -3.532725323       3.714785178      -4.290090301    
2 sigma potentiel (1,2) (2,2) (3,2) =   3.714785178      -18.58278630      -1.581901809    
3 sigma potentiel (1,3) (2,3) (3,3) =  -4.290090301      -1.581901809      -10.74584891    
 
1 sigma cinetique (1,1) (2,1) (3,1) =   8.094125148       1.072731411      0.2099677564    
2 sigma cinetique (1,2) (2,2) (3,2) =   1.072731411       6.254536399      0.1015610288    
3 sigma cinetique (1,3) (2,3) (3,3) =  0.2099677564      0.1015610288       8.349768410    
 
1 sigma total (1,1) (2,1) (3,1) =   4.561399825       4.787516589      -4.080122544    
2 sigma total (1,2) (2,2) (3,2) =   4.787516589      -12.32824990      -1.480340780    
3 sigma total (1,3) (2,3) (3,3) =  -4.080122544      -1.480340780      -2.396080496    
 
     19100 0.191E-10*Pression =    -3.3876    
 pression totale  potentiel = cinetique =
   -3.3876       -10.954        7.5661    
 ----------valeurs moyennes------------
*temperature moyenne =       596.88
*pression moyenne =    0.47041    
 --------------------------------------
 
 
<<<<<<<<  ITERATION =  19200  time =   0.1920000E-10
 
 
 --------- Temperatures et Pression--------
 ----------valeurs instantanees------------
     19200 0.192E-10*Epot =    -516.4807713819762      eV 
    *energie PAIRE EAM =     29.8305936034      eV 
    *energie GLUE  =    -546.311364985      eV 
     19200 0.192E-10*Ec =     9.57119432494      eV   (578.496 K)
     19200 0.192E-10*Etot =    -506.9095770570381      eV 
 
     19200 0.192E-10*Epot/at =    -4.03500602642      eV 
 
     19200 0.192E-10*Temp instantanee = 578.496
 NPT With Parrinello-Rahman
     19200 0.192E-10*Kcell =    0.288204720038      eV   (743.232 K)
 Box tensor
 a  1.116930179579922E-007  9.085707683975572E-009 -1.423221655566463E-008
 b -1.204211234159197E-008  1.127018279092259E-007 -2.360208603318196E-008
 c  1.211332141299507E-008  2.400945646308384E-008  1.114642368487236E-007
 H0(1)  1.080000000000000E-007  0.000000000000000E+000  0.000000000000000E+000
 H0(2)  0.000000000000000E+000  1.080000000000000E-007  0.000000000000000E+000
 H0(3)  0.000000000000000E+000  0.000000000000000E+000  1.080000000000000E-007
Strain (Lagrange def.):
  e(1:3,1) =   0.472855E-01 -0.220866E-02  0.191966E-02
  e(1:3,2) =  -0.220866E-02  0.727326E-01 -0.484878E-02
  e(1:3,3) =   0.191966E-02 -0.484878E-02  0.651531E-01
Rotation:
  r(1:3,1) =    0.00000      0.978140E-01 -0.121970    
  r(1:3,2) =  -0.978140E-01   0.00000     -0.220424    
  r(1:3,3) =   0.121970      0.220424       0.00000    
     19200 0.192E-10*l_a,m      11.2962101        11.4430611    
     19200 0.192E-10*l_b,m      11.5774665        11.4390467    
     19200 0.192E-10*l_c,m      11.4662386        11.4283880    
     19200 0.192E-10*ang_bc,m      90.3054    89.9818
     19200 0.192E-10*ang_ca,m      90.0675    90.0032
     19200 0.192E-10*ang_ab,m      89.9349    89.9870
     19200 0.192E-10*volume      1499.54851019        1496.09867861    
 
*temp instantanee des atomes de type 1 =       578.50
 
 * stress en kbar 
1 sigma potentiel (1,1) (2,1) (3,1) =  -9.281795136       3.980463982      -2.043186343    
2 sigma potentiel (1,2) (2,2) (3,2) =   3.980463982      -20.01282360       4.916028856    
3 sigma potentiel (1,3) (2,3) (3,3) =  -2.043186343       4.916028856      -15.50554628    
 
1 sigma cinetique (1,1) (2,1) (3,1) =   7.041725603      0.2714658409      0.8539989807E-01
2 sigma cinetique (1,2) (2,2) (3,2) =  0.2714658409       6.179870226      -1.082051009    
3 sigma cinetique (1,3) (2,3) (3,3) =  0.8539989807E-01  -1.082051009       7.230883258    
 
1 sigma total (1,1) (2,1) (3,1) =  -2.240069534       4.251929823      -1.957786445    
2 sigma total (1,2) (2,2) (3,2) =   4.251929823      -13.83295338       3.833977846    
3 sigma total (1,3) (2,3) (3,3) =  -1.957786445       3.833977846      -8.274663020    
 
     19200 0.192E-10*Pression =    -8.1159    
 pression totale  potentiel = cinetique =
   -8.1159       -14.933        6.8175    
 ----------valeurs moyennes------------
*temperature moyenne =       596.79
*pression moyenne =    0.42569    
 --------------------------------------
 
 
<<<<<<<<  ITERATION =  19300  time =   0.1930000E-10
 
 
 --------- Temperatures et Pression--------
 ----------valeurs instantanees------------
     19300 0.193E-10*Epot =    -515.8689100575979      eV 
    *energie PAIRE EAM =     30.3871776549      eV 
    *energie GLUE  =    -546.256087712      eV 
     19300 0.193E-10*Ec =     10.8198445882      eV   (653.966 K)
     19300 0.193E-10*Etot =    -505.0490654693709      eV 
 
     19300 0.193E-10*Epot/at =    -4.03022585982      eV 
 
     19300 0.193E-10*Temp instantanee = 653.966
 NPT With Parrinello-Rahman
     19300 0.193E-10*Kcell =    0.286034984294      eV   (737.636 K)
 Box tensor
 a  1.122829147075321E-007  9.162562801940695E-009 -1.502774208713453E-008
 b -1.205883615896362E-008  1.125644512184041E-007 -2.378350074441898E-008
 c  1.252925475865735E-008  2.371619672770100E-008  1.109464712727587E-007
 H0(1)  1.080000000000000E-007  0.000000000000000E+000  0.000000000000000E+000
 H0(2)  0.000000000000000E+000  1.080000000000000E-007  0.000000000000000E+000
 H0(3)  0.000000000000000E+000  0.000000000000000E+000  1.080000000000000E-007
Strain (Lagrange def.):
  e(1:3,1) =   0.534058E-01 -0.134820E-02 -0.449277E-03
  e(1:3,2) =  -0.134820E-02  0.708662E-01 -0.787213E-02
  e(1:3,3) =  -0.449277E-03 -0.787213E-02  0.615830E-01
Rotation:
  r(1:3,1) =    0.00000      0.982472E-01 -0.127579    
  r(1:3,2) =  -0.982472E-01   0.00000     -0.219906    
  r(1:3,3) =   0.127579      0.219906       0.00000    
     19300 0.193E-10*l_a,m      11.3654030        11.4426587    
     19300 0.193E-10*l_b,m      11.5679843        11.4397148    
     19300 0.193E-10*l_c,m      11.4142716        11.4283148    
     19300 0.193E-10*ang_bc,m      90.5215    89.9846
     19300 0.193E-10*ang_ca,m      90.1906    90.0042
     19300 0.193E-10*ang_ab,m      89.8484    89.9863
     19300 0.193E-10*volume      1500.61352018        1496.12207157    
 
*temp instantanee des atomes de type 1 =       653.97
 
 * stress en kbar 
1 sigma potentiel (1,1) (2,1) (3,1) =  -7.160898142     -0.6063211707      0.5893451016    
2 sigma potentiel (1,2) (2,2) (3,2) = -0.6063211707      -11.05068514       10.99088434    
3 sigma potentiel (1,3) (2,3) (3,3) =  0.5893451016       10.99088434      -13.77342360    
 
1 sigma cinetique (1,1) (2,1) (3,1) =   7.382456717       1.022632387      0.8054642335    
2 sigma cinetique (1,2) (2,2) (3,2) =   1.022632387       8.194723218     -0.7931468228E-01
3 sigma cinetique (1,3) (2,3) (3,3) =  0.8054642335     -0.7931468228E-01   7.527103881    
 
1 sigma total (1,1) (2,1) (3,1) =  0.2215585751      0.4163112160       1.394809335    
2 sigma total (1,2) (2,2) (3,2) =  0.4163112160      -2.855961918       10.91156965    
3 sigma total (1,3) (2,3) (3,3) =   1.394809335       10.91156965      -6.246319721    
 
     19300 0.193E-10*Pression =    -2.9602    
 pression totale  potentiel = cinetique =
   -2.9602       -10.662        7.7014    
 ----------valeurs moyennes------------
*temperature moyenne =       597.08
*pression moyenne =    0.40815    
 --------------------------------------
 
 
<<<<<<<<  ITERATION =  19400  time =   0.1940000E-10
 
 
 --------- Temperatures et Pression--------
 ----------valeurs instantanees------------
     19400 0.194E-10*Epot =    -515.4165360538942      eV 
    *energie PAIRE EAM =     31.4220237829      eV 
    *energie GLUE  =    -546.838559837      eV 
     19400 0.194E-10*Ec =     10.1617716355      eV   (614.191 K)
     19400 0.194E-10*Etot =    -505.2547644184415      eV 
 
     19400 0.194E-10*Epot/at =    -4.02669168792      eV 
 
     19400 0.194E-10*Temp instantanee = 614.191
 NPT With Parrinello-Rahman
     19400 0.194E-10*Kcell =    0.275938144310      eV   (711.598 K)
 Box tensor
 a  1.129135523150397E-007  9.127491522601017E-009 -1.567329763486491E-008
 b -1.206015550159160E-008  1.123056607544225E-007 -2.386616207730264E-008
 c  1.307168978853040E-008  2.353139863487054E-008  1.103823877187363E-007
 H0(1)  1.080000000000000E-007  0.000000000000000E+000  0.000000000000000E+000
 H0(2)  0.000000000000000E+000  1.080000000000000E-007  0.000000000000000E+000
 H0(3)  0.000000000000000E+000  0.000000000000000E+000  1.080000000000000E-007
Strain (Lagrange def.):
  e(1:3,1) =   0.600903E-01 -0.694920E-03 -0.167240E-02
  e(1:3,2) =  -0.694920E-03  0.679698E-01 -0.968411E-02
  e(1:3,3) =  -0.167240E-02 -0.968411E-02  0.572495E-01
Rotation:
  r(1:3,1) =    0.00000      0.980910E-01 -0.133079    
  r(1:3,2) =  -0.980910E-01   0.00000     -0.219433    
  r(1:3,3) =   0.133079      0.219433       0.00000    
     19400 0.194E-10*l_a,m      11.4360980        11.4426249    
     19400 0.194E-10*l_b,m      11.5445236        11.4402550    
     19400 0.194E-10*l_c,m      11.3617196        11.4279715    
     19400 0.194E-10*ang_bc,m      90.6524    89.9880
     19400 0.194E-10*ang_ca,m      90.1733    90.0051
     19400 0.194E-10*ang_ab,m      89.8378    89.9855
     19400 0.194E-10*volume      1499.91315396        1496.14161323    
 
*temp instantanee des atomes de type 1 =       614.19
 
 * stress en kbar 
1 sigma potentiel (1,1) (2,1) (3,1) =  -6.858304749       2.870290451      0.6881177053    
2 sigma potentiel (1,2) (2,2) (3,2) =   2.870290451      -9.093460485       11.64880639    
3 sigma potentiel (1,3) (2,3) (3,3) =  0.6881177053       11.64880639      -8.139085987    
 
1 sigma cinetique (1,1) (2,1) (3,1) =   7.889573532     -0.2411275801      0.7578527331    
2 sigma cinetique (1,2) (2,2) (3,2) = -0.2411275801       6.534493970       1.052763761    
3 sigma cinetique (1,3) (2,3) (3,3) =  0.7578527331       1.052763761       7.285124521    
 
1 sigma total (1,1) (2,1) (3,1) =   1.031268783       2.629162871       1.445970438    
2 sigma total (1,2) (2,2) (3,2) =   2.629162871      -2.558966515       12.70157015    
3 sigma total (1,3) (2,3) (3,3) =   1.445970438       12.70157015     -0.8539614655    
 
     19400 0.194E-10*Pression =   -0.79389    
 pression totale  potentiel = cinetique =
  -0.79389       -8.0303        7.2364    
 ----------valeurs moyennes------------
*temperature moyenne =       597.17
*pression moyenne =    0.40195    
 --------------------------------------
 
 
<<<<<<<<  ITERATION =  19500  time =   0.1950000E-10
 
 
 --------- Temperatures et Pression--------
 ----------valeurs instantanees------------
     19500 0.195E-10*Epot =    -516.1127838704749      eV 
    *energie PAIRE EAM =     31.1764819877      eV 
    *energie GLUE  =    -547.289265858      eV 
     19500 0.195E-10*Ec =     10.2069880664      eV   (616.924 K)
     19500 0.195E-10*Etot =    -505.9057958040434      eV 
 
     19500 0.195E-10*Epot/at =    -4.03213112399      eV 
 
     19500 0.195E-10*Temp instantanee = 616.924
 NPT With Parrinello-Rahman
     19500 0.195E-10*Kcell =    0.199204898155      eV   (513.716 K)
 Box tensor
 a  1.134193230395488E-007  9.095889013833312E-009 -1.608956800416870E-008
 b -1.203275185154035E-008  1.120504361602594E-007 -2.373061110572008E-008
 c  1.369952926495232E-008  2.355019649181244E-008  1.099318076377285E-007
 H0(1)  1.080000000000000E-007  0.000000000000000E+000  0.000000000000000E+000
 H0(2)  0.000000000000000E+000  1.080000000000000E-007  0.000000000000000E+000
 H0(3)  0.000000000000000E+000  0.000000000000000E+000  1.080000000000000E-007
Strain (Lagrange def.):
  e(1:3,1) =   0.656896E-01  0.257248E-03 -0.142787E-02
  e(1:3,2) =   0.257248E-03  0.655284E-01 -0.927892E-02
  e(1:3,3) =  -0.142787E-02 -0.927892E-02  0.532844E-01
Rotation:
  r(1:3,1) =    0.00000      0.978178E-01 -0.137912    
  r(1:3,2) =  -0.978178E-01   0.00000     -0.218893    
  r(1:3,3) =   0.137912      0.218893       0.00000    
     19500 0.195E-10*l_a,m      11.4915413        11.4428757    
     19500 0.195E-10*l_b,m      11.5166094        11.4406466    
     19500 0.195E-10*l_c,m      11.3257632        11.4274474    
     19500 0.195E-10*ang_bc,m      90.5921    89.9911
     19500 0.195E-10*ang_ca,m      90.0033    90.0051
     19500 0.195E-10*ang_ab,m      89.8430    89.9848
     19500 0.195E-10*volume      1498.80654274        1496.15527953    
 
*temp instantanee des atomes de type 1 =       616.92
 
 * stress en kbar 
1 sigma potentiel (1,1) (2,1) (3,1) =  -10.73061021      -7.252699582      -2.749414648    
2 sigma potentiel (1,2) (2,2) (3,2) =  -7.252699582      -8.968559983       8.546269952    
3 sigma potentiel (1,3) (2,3) (3,3) =  -2.749414648       8.546269952      -4.788996966    
 
1 sigma cinetique (1,1) (2,1) (3,1) =   9.317858315       1.009377017      0.3840221014    
2 sigma cinetique (1,2) (2,2) (3,2) =   1.009377017       5.755270557     -0.4316634460    
3 sigma cinetique (1,3) (2,3) (3,3) =  0.3840221014     -0.4316634460       6.748761510    
 
1 sigma total (1,1) (2,1) (3,1) =  -1.412751900      -6.243322565      -2.365392547    
2 sigma total (1,2) (2,2) (3,2) =  -6.243322565      -3.213289426       8.114606506    
3 sigma total (1,3) (2,3) (3,3) =  -2.365392547       8.114606506       1.959764544    
 
     19500 0.195E-10*Pression =   -0.88876    
 pression totale  potentiel = cinetique =
  -0.88876       -8.1627        7.2740    
 ----------valeurs moyennes------------
*temperature moyenne =       597.27
*pression moyenne =    0.39533    
 --------------------------------------
 
 
<<<<<<<<  ITERATION =  19600  time =   0.1960000E-10
 
 
 --------- Temperatures et Pression--------
 ----------valeurs instantanees------------
     19600 0.196E-10*Epot =    -516.5218479999209      eV 
    *energie PAIRE EAM =     32.1332885066      eV 
    *energie GLUE  =    -548.655136507      eV 
     19600 0.196E-10*Ec =     10.0578887065      eV   (607.913 K)
     19600 0.196E-10*Etot =    -506.4639592934374      eV 
 
     19600 0.196E-10*Epot/at =    -4.03532693750      eV 
 
     19600 0.196E-10*Temp instantanee = 607.913
 NPT With Parrinello-Rahman
     19600 0.196E-10*Kcell =    0.142273626233      eV   (366.900 K)
 Box tensor
 a  1.136447080851908E-007  8.932166306511516E-009 -1.636626636068737E-008
 b -1.189099510225345E-008  1.117460316017929E-007 -2.348015305902862E-008
 c  1.423661737998184E-008  2.370516946202196E-008  1.095719583716133E-007
 H0(1)  1.080000000000000E-007  0.000000000000000E+000  0.000000000000000E+000
 H0(2)  0.000000000000000E+000  1.080000000000000E-007  0.000000000000000E+000
 H0(3)  0.000000000000000E+000  0.000000000000000E+000  1.080000000000000E-007
Strain (Lagrange def.):
  e(1:3,1) =   0.683812E-01  0.102038E-02 -0.891767E-03
  e(1:3,2) =   0.102038E-02  0.627955E-01 -0.739790E-02
  e(1:3,3) =  -0.891767E-03 -0.739790E-02  0.497765E-01
Rotation:
  r(1:3,1) =    0.00000      0.964035E-01 -0.141680    
  r(1:3,2) =  -0.964035E-01   0.00000     -0.218451    
  r(1:3,3) =   0.141680      0.218451       0.00000    
     19600 0.196E-10*l_a,m      11.5164048        11.4432509    
     19600 0.196E-10*l_b,m      11.4803697        11.4408492    
     19600 0.196E-10*l_c,m      11.3007214        11.4268008    
     19600 0.196E-10*ang_bc,m      90.4111    89.9932
     19600 0.196E-10*ang_ca,m      89.8399    90.0042
     19600 0.196E-10*ang_ab,m      89.8654    89.9842
     19600 0.196E-10*volume      1494.04909166        1496.14453368    
 
*temp instantanee des atomes de type 1 =       607.91
 
 * stress en kbar 
1 sigma potentiel (1,1) (2,1) (3,1) =  -14.34966209       2.952493193      -2.421575980    
2 sigma potentiel (1,2) (2,2) (3,2) =   2.952493193      -4.227952361       10.54681814    
3 sigma potentiel (1,3) (2,3) (3,3) =  -2.421575980       10.54681814      -1.534709893    
 
1 sigma cinetique (1,1) (2,1) (3,1) =   7.632749985     -0.2067827695       1.768446097    
2 sigma cinetique (1,2) (2,2) (3,2) = -0.2067827695       6.984753464      0.6050624997    
3 sigma cinetique (1,3) (2,3) (3,3) =   1.768446097      0.6050624997       6.954093688    
 
1 sigma total (1,1) (2,1) (3,1) =  -6.716912107       2.745710424     -0.6531298822    
2 sigma total (1,2) (2,2) (3,2) =   2.745710424       2.756801103       11.15188064    
3 sigma total (1,3) (2,3) (3,3) = -0.6531298822       11.15188064       5.419383796    
 
     19600 0.196E-10*Pression =    0.48642    
 pression totale  potentiel = cinetique =
   0.48642       -6.7041        7.1905    
 ----------valeurs moyennes------------
*temperature moyenne =       597.33
*pression moyenne =    0.39580    
 --------------------------------------
 
 
<<<<<<<<  ITERATION =  19700  time =   0.1970000E-10
 
 
 --------- Temperatures et Pression--------
 ----------valeurs instantanees------------
     19700 0.197E-10*Epot =    -515.8974340538867      eV 
    *energie PAIRE EAM =     34.2459205444      eV 
    *energie GLUE  =    -550.143354598      eV 
     19700 0.197E-10*Ec =     10.4177864012      eV   (629.665 K)
     19700 0.197E-10*Etot =    -505.4796476526794      eV 
 
     19700 0.197E-10*Epot/at =    -4.03044870355      eV 
 
     19700 0.197E-10*Temp instantanee = 629.665
 NPT With Parrinello-Rahman
     19700 0.197E-10*Kcell =    0.129673933814      eV   (334.407 K)
 Box tensor
 a  1.137363359119042E-007  8.799981405672158E-009 -1.661370243361166E-008
 b -1.176168289284391E-008  1.113527089559102E-007 -2.316787905050148E-008
 c  1.465833097193563E-008  2.409256398169955E-008  1.093471254864413E-007
 H0(1)  1.080000000000000E-007  0.000000000000000E+000  0.000000000000000E+000
 H0(2)  0.000000000000000E+000  1.080000000000000E-007  0.000000000000000E+000
 H0(3)  0.000000000000000E+000  0.000000000000000E+000  1.080000000000000E-007
Strain (Lagrange def.):
  e(1:3,1) =   0.696656E-01  0.190068E-02 -0.610513E-03
  e(1:3,2) =   0.190068E-02  0.597272E-01 -0.392463E-02
  e(1:3,3) =  -0.610513E-03 -0.392463E-02  0.473920E-01
Rotation:
  r(1:3,1) =    0.00000      0.951929E-01 -0.144778    
  r(1:3,2) =  -0.951929E-01   0.00000     -0.218798    
  r(1:3,3) =   0.144778      0.218798       0.00000    
     19700 0.197E-10*l_a,m      11.5279699        11.4436809    
     19700 0.197E-10*l_b,m      11.4343839        11.4408164    
     19700 0.197E-10*l_c,m      11.2925250        11.4261192    
     19700 0.197E-10*ang_bc,m      90.1019    89.9938
     19700 0.197E-10*ang_ca,m      89.7248    90.0028
     19700 0.197E-10*ang_ab,m      89.8823    89.9837
     19700 0.197E-10*volume      1488.50412191        1496.10574986    
 
*temp instantanee des atomes de type 1 =       629.67
 
 * stress en kbar 
1 sigma potentiel (1,1) (2,1) (3,1) =  -11.47667837      -4.115010772       1.985118940    
2 sigma potentiel (1,2) (2,2) (3,2) =  -4.115010772     -0.6629836610       4.235770572    
3 sigma potentiel (1,3) (2,3) (3,3) =   1.985118940       4.235770572       4.378489208    
 
1 sigma cinetique (1,1) (2,1) (3,1) =   8.074163889      0.8518361582      0.7581338171    
2 sigma cinetique (1,2) (2,2) (3,2) =  0.8518361582       7.280103936      0.5148636173    
3 sigma cinetique (1,3) (2,3) (3,3) =  0.7581338171      0.5148636173       7.072451623    
 
1 sigma total (1,1) (2,1) (3,1) =  -3.402514483      -3.263174614       2.743252757    
2 sigma total (1,2) (2,2) (3,2) =  -3.263174614       6.617120275       4.750634189    
3 sigma total (1,3) (2,3) (3,3) =   2.743252757       4.750634189       11.45094083    
 
     19700 0.197E-10*Pression =     4.8885    
 pression totale  potentiel = cinetique =
    4.8885       -2.5871        7.4756    
 ----------valeurs moyennes------------
*temperature moyenne =       597.49
*pression moyenne =    0.41860    
 --------------------------------------
 
 
<<<<<<<<  ITERATION =  19800  time =   0.1980000E-10
 
 
 --------- Temperatures et Pression--------
 ----------valeurs instantanees------------
     19800 0.198E-10*Epot =    -516.9497094177846      eV 
    *energie PAIRE EAM =     32.8423190514      eV 
    *energie GLUE  =    -549.792028469      eV 
     19800 0.198E-10*Ec =     10.7385418067      eV   (649.052 K)
     19800 0.198E-10*Etot =    -506.2111676110911      eV 
 
     19800 0.198E-10*Epot/at =    -4.03866960483      eV 
 
     19800 0.198E-10*Temp instantanee = 649.052
 NPT With Parrinello-Rahman
     19800 0.198E-10*Kcell =    0.160658443324      eV   (414.311 K)
 Box tensor
 a  1.137926502198752E-007  8.490543193845386E-009 -1.689108310789711E-008
 b -1.170587629801616E-008  1.110421804065092E-007 -2.285861789807976E-008
 c  1.502958898885720E-008  2.465198596540700E-008  1.093276331061499E-007
 H0(1)  1.080000000000000E-007  0.000000000000000E+000  0.000000000000000E+000
 H0(2)  0.000000000000000E+000  1.080000000000000E-007  0.000000000000000E+000
 H0(3)  0.000000000000000E+000  0.000000000000000E+000  1.080000000000000E-007
Strain (Lagrange def.):
  e(1:3,1) =   0.706311E-01  0.157856E-02 -0.486607E-03
  e(1:3,2) =   0.157856E-02  0.577064E-01  0.576905E-03
  e(1:3,3) =  -0.486607E-03  0.576905E-03  0.469974E-01
Rotation:
  r(1:3,1) =    0.00000      0.935019E-01 -0.147781    
  r(1:3,2) =  -0.935019E-01   0.00000     -0.219956    
  r(1:3,3) =   0.147781      0.219956       0.00000    
     19800 0.198E-10*l_a,m      11.5352353        11.4441433    
     19800 0.198E-10*l_b,m      11.3973285        11.4405968    
     19800 0.198E-10*l_c,m      11.3075817        11.4255206    
     19800 0.198E-10*ang_bc,m      89.7226    89.9924
     19800 0.198E-10*ang_ca,m      89.6798    90.0012
     19800 0.198E-10*ang_ab,m      90.0136    89.9838
     19800 0.198E-10*volume      1486.57685795        1496.05762414    
 
*temp instantanee des atomes de type 1 =       649.05
 
 * stress en kbar 
1 sigma potentiel (1,1) (2,1) (3,1) =  -11.94749339      -1.264359559      -1.112686566    
2 sigma potentiel (1,2) (2,2) (3,2) =  -1.264359559      -4.548832764      -5.279125487    
3 sigma potentiel (1,3) (2,3) (3,3) =  -1.112686566      -5.279125487       5.507032367    
 
1 sigma cinetique (1,1) (2,1) (3,1) =   9.059052783      0.8597104598     -0.2272959542    
2 sigma cinetique (1,2) (2,2) (3,2) =  0.8597104598       6.794609673      0.5621842621    
3 sigma cinetique (1,3) (2,3) (3,3) = -0.2272959542      0.5621842621       7.293528138    
 
1 sigma total (1,1) (2,1) (3,1) =  -2.888440605     -0.4046490997      -1.339982520    
2 sigma total (1,2) (2,2) (3,2) = -0.4046490997       2.245776909      -4.716941225    
3 sigma total (1,3) (2,3) (3,3) =  -1.339982520      -4.716941225       12.80056050    
 
     19800 0.198E-10*Pression =     4.0526    
 pression totale  potentiel = cinetique =
    4.0526       -3.6631        7.7157    
 ----------valeurs moyennes------------
*temperature moyenne =       597.75
*pression moyenne =    0.43696    
 --------------------------------------
 
 
<<<<<<<<  ITERATION =  19900  time =   0.1990000E-10
 
 
 --------- Temperatures et Pression--------
 ----------valeurs instantanees------------
     19900 0.199E-10*Epot =    -516.6746553107280      eV 
    *energie PAIRE EAM =     32.6660653241      eV 
    *energie GLUE  =    -549.340720635      eV 
     19900 0.199E-10*Ec =     10.7237076787      eV   (648.156 K)
     19900 0.199E-10*Etot =    -505.9509476320700      eV 
 
     19900 0.199E-10*Epot/at =    -4.03652074462      eV 
 
     19900 0.199E-10*Temp instantanee = 648.156
 NPT With Parrinello-Rahman
     19900 0.199E-10*Kcell =    0.123682811449      eV   (318.957 K)
 Box tensor
 a  1.137063948082438E-007  8.163114735931384E-009 -1.729369718019875E-008
 b -1.153018413055091E-008  1.110265238092769E-007 -2.272917415365102E-008
 c  1.527359919738220E-008  2.518595336531833E-008  1.096201058039341E-007
 H0(1)  1.080000000000000E-007  0.000000000000000E+000  0.000000000000000E+000
 H0(2)  0.000000000000000E+000  1.080000000000000E-007  0.000000000000000E+000
 H0(3)  0.000000000000000E+000  0.000000000000000E+000  1.080000000000000E-007
Strain (Lagrange def.):
  e(1:3,1) =   0.699319E-01  0.140270E-02 -0.128767E-02
  e(1:3,2) =   0.140270E-02  0.584644E-01  0.412274E-02
  e(1:3,3) =  -0.128767E-02  0.412274E-02  0.500795E-01
Rotation:
  r(1:3,1) =    0.00000      0.911727E-01 -0.150775    
  r(1:3,2) =  -0.911727E-01   0.00000     -0.221829    
  r(1:3,3) =   0.150775      0.221829       0.00000    
     19900 0.199E-10*l_a,m      11.5303307        11.4445764    
     19900 0.199E-10*l_b,m      11.3914220        11.4403497    
     19900 0.199E-10*l_c,m      11.3508514        11.4251453    
     19900 0.199E-10*ang_bc,m      89.4300    89.9896
     19900 0.199E-10*ang_ca,m      89.7961    90.0002
     19900 0.199E-10*ang_ab,m      90.0509    89.9841
     19900 0.199E-10*volume      1490.81487564        1496.03127867    
 
*temp instantanee des atomes de type 1 =       648.16
 
 * stress en kbar 
1 sigma potentiel (1,1) (2,1) (3,1) =  -13.16315755      -3.092294197      -3.536249049    
2 sigma potentiel (1,2) (2,2) (3,2) =  -3.092294197      -5.624406865      -6.432313391    
3 sigma potentiel (1,3) (2,3) (3,3) =  -3.536249049      -6.432313391       3.066134078    
 
1 sigma cinetique (1,1) (2,1) (3,1) =   8.249666952      -1.197936336     -0.9979568352E-01
2 sigma cinetique (1,2) (2,2) (3,2) =  -1.197936336       7.572163597     -0.3994539201    
3 sigma cinetique (1,3) (2,3) (3,3) = -0.9979568352E-01 -0.3994539201       7.227673882    
 
1 sigma total (1,1) (2,1) (3,1) =  -4.913490596      -4.290230533      -3.636044732    
2 sigma total (1,2) (2,2) (3,2) =  -4.290230533       1.947756732      -6.831767311    
3 sigma total (1,3) (2,3) (3,3) =  -3.636044732      -6.831767311       10.29380796    
 
     19900 0.199E-10*Pression =     2.4427    
 pression totale  potentiel = cinetique =
    2.4427       -5.2405        7.6832    
 ----------valeurs moyennes------------
*temperature moyenne =       598.01
*pression moyenne =    0.44704    
 --------------------------------------
 
 
<<<<<<<<  ITERATION =  20000  time =   0.2000000E-10
 
 
 --------- Temperatures et Pression--------
 ----------valeurs instantanees------------
     20000 0.200E-10*Epot =    -516.7001297636994      eV 
    *energie PAIRE EAM =     30.2310881814      eV 
    *energie GLUE  =    -546.931217945      eV 
     20000 0.200E-10*Ec =     10.2142670854      eV   (617.364 K)
     20000 0.200E-10*Etot =    -506.4858626782777      eV 
 
     20000 0.200E-10*Epot/at =    -4.03671976378      eV 
 
     20000 0.200E-10*Temp instantanee = 617.364
 NPT With Parrinello-Rahman
     20000 0.200E-10*Kcell =    0.173216375627      eV   (446.696 K)
 Box tensor
 a  1.135415972681984E-007  7.832568589837427E-009 -1.771386553286524E-008
 b -1.119770141141819E-008  1.110961248698487E-007 -2.277437404563653E-008
 c  1.536999565576654E-008  2.548261199295255E-008  1.101710819410726E-007
 H0(1)  1.080000000000000E-007  0.000000000000000E+000  0.000000000000000E+000
 H0(2)  0.000000000000000E+000  1.080000000000000E-007  0.000000000000000E+000
 H0(3)  0.000000000000000E+000  0.000000000000000E+000  1.080000000000000E-007
Strain (Lagrange def.):
  e(1:3,1) =   0.681293E-01  0.158474E-02 -0.269680E-02
  e(1:3,2) =   0.158474E-02  0.595448E-01  0.593952E-02
  e(1:3,3) =  -0.269680E-02  0.593952E-02  0.559894E-01
Rotation:
  r(1:3,1) =    0.00000      0.881031E-01 -0.153166    
  r(1:3,2) =  -0.881031E-01   0.00000     -0.223412    
  r(1:3,3) =   0.153166      0.223412       0.00000    
     20000 0.200E-10*l_a,m      11.5181702        11.4449444    
     20000 0.200E-10*l_b,m      11.3957929        11.4401269    
     20000 0.200E-10*l_c,m      11.4119532        11.4250794    
     20000 0.200E-10*ang_bc,m      89.3399    89.9863
     20000 0.200E-10*ang_ca,m      90.0298    90.0003
     20000 0.200E-10*ang_ab,m      89.9905    89.9842
     20000 0.200E-10*volume      1497.81829226        1496.04021374    
 
*temp instantanee des atomes de type 1 =       617.36
 
 * stress en kbar 
1 sigma potentiel (1,1) (2,1) (3,1) =  -17.30115671      0.8630758987     -0.6121196576    
2 sigma potentiel (1,2) (2,2) (3,2) =  0.8630758987      -11.43235302      -11.27137047    
3 sigma potentiel (1,3) (2,3) (3,3) = -0.6121196576      -11.27137047      -5.221213428    
 
1 sigma cinetique (1,1) (2,1) (3,1) =   6.975088149     -0.8175935272     -0.8297096482    
2 sigma cinetique (1,2) (2,2) (3,2) = -0.8175935272       7.935430298      0.2602023180    
3 sigma cinetique (1,3) (2,3) (3,3) = -0.8297096482      0.2602023180       6.941342219    
 
1 sigma total (1,1) (2,1) (3,1) =  -10.32606856      0.4548237149E-01  -1.441829306    
2 sigma total (1,2) (2,2) (3,2) =  0.4548237149E-01  -3.496922723      -11.01116816    
3 sigma total (1,3) (2,3) (3,3) =  -1.441829306      -11.01116816       1.720128791    
 
     20000 0.200E-10*Pression =    -4.0343    
 pression totale  potentiel = cinetique =
   -4.0343       -11.318        7.2840    
 ----------valeurs moyennes------------
*temperature moyenne =       598.10
*pression moyenne =    0.42463    
 --------------------------------------
 *******Derniere iteration **** 
 
 
 ####### END OF RUN  ######## =        20001   time =   2.000099999999671E-011
