  7.958730158730159E-004 -5.521848303000000E-002
  1.591746031746032E-003 -3.664011925175598E-002
  2.387619047619048E-003 -7.303652398135037E-002
  3.183492063492064E-003 -0.103319972457956     
  3.979365079365079E-003 -8.399279680470662E-002
  4.775238095238095E-003 -0.112511867309872     
  5.571111111111112E-003 -0.136796053172763     
  6.366984126984127E-003 -0.158314843625703     
  7.162857142857143E-003 -0.178087910958656     
  7.958730158730158E-003 -0.165255688544828     
  8.754603174603175E-003 -0.184515403691700     
  9.550476190476191E-003 -0.202481962682782     
  1.034634920634921E-002 -0.219442999513967     
  1.114222222222222E-002 -0.235577033185712     
  1.193809523809524E-002 -0.225046945661660     
  1.273396825396825E-002 -0.240929250237235     
  1.352984126984127E-002 -0.256154010351160     
  1.432571428571429E-002 -0.270817464113194     
  1.512158730158730E-002 -0.284992518903104     
  1.591746031746032E-002 -0.275716829341967     
  1.671333333333333E-002 -0.289738765307530     
  1.750920634920635E-002 -0.303350868162562     
  1.830507936507936E-002 -0.316598370480981     
  1.910095238095238E-002 -0.329519821819052     
  1.989682539682540E-002 -0.321051835808345     
  2.069269841269841E-002 -0.333869365047105     
  2.148857142857143E-002 -0.346403079155451     
  2.228444444444445E-002 -0.358679318343127     
  2.308031746031746E-002 -0.370720668517847     
  2.387619047619048E-002 -0.362822178963092     
  2.467206349206349E-002 -0.374787813574692     
  2.546793650793651E-002 -0.386544455159744     
  2.626380952380953E-002 -0.398108617629587     
  2.705968253968254E-002 -0.390519628542765     
  2.785555555555556E-002 -0.402021401210539     
  2.865142857142857E-002 -0.413349807711143     
  2.944730158730159E-002 -0.424517382588206     
  3.024317460317461E-002 -0.435535188649990     
  3.103904761904762E-002 -0.428301196637534     
  3.183492063492063E-002 -0.439270069244363     
  3.263079365079365E-002 -0.450102389836717     
  3.342666666666667E-002 -0.460806737986065     
  3.422253968253968E-002 -0.471390979624975     
  3.501841269841270E-002 -0.464439058700493     
  3.581428571428572E-002 -0.474983882638362     
  3.661015873015873E-002 -0.485417967899856     
  3.740603174603175E-002 -0.495747617200469     
  3.820190476190476E-002 -0.505978542601088     
  3.899777777777778E-002 -0.499256810251206     
  3.979365079365080E-002 -0.509455192671531     
  4.058952380952381E-002 -0.519561802912938     
  4.138539682539683E-002 -0.529581311523981     
  4.218126984126985E-002 -0.539518023880203     
  4.297714285714286E-002 -0.532988173208327     
  4.377301587301587E-002 -0.542897489104667     
  4.456888888888889E-002 -0.552729276057121     
  4.536476190476191E-002 -0.562487096642747     
  4.616063492063492E-002 -0.572174260934476     
  4.695650793650794E-002 -0.565807297782399     
  4.775238095238096E-002 -0.575471014227127     
  4.854825396825397E-002 -0.585068131098992     
  4.934412698412698E-002 -0.594601434787291     
  5.014000000000000E-002 -0.604073502514038     
  5.093587301587302E-002 -0.597847063308068     
  5.173174603174603E-002 -0.607298747593143     
  5.252761904761905E-002 -0.616692397236268     
  5.332349206349207E-002 -0.626030196708225     
  5.411936507936508E-002 -0.619891527493315     
  5.491523809523810E-002 -0.629210701573733     
  5.571111111111111E-002 -0.638476746324848     
  5.650698412698413E-002 -0.647691527851993     
  5.730285714285714E-002 -0.656856798835005     
  5.809873015873016E-002 -0.650830971188777     
  5.889460317460318E-002 -0.659979688812499     
  5.969047619047619E-002 -0.669081075312453     
  6.048634920634921E-002 -0.678136631612681     
  6.128222222222222E-002 -0.687147770399666     
  6.207809523809524E-002 -0.681222809570329     
  6.287396825396825E-002 -0.690219067686256     
  6.366984126984127E-002 -0.699172666258822     
  6.446571428571429E-002 -0.708084828478411     
  6.526158730158731E-002 -0.716956699456340     
  6.605746031746032E-002 -0.711122935306042     
  6.685333333333333E-002 -0.719981277471185     
  6.764920634920635E-002 -0.728800765861030     
  6.844507936507936E-002 -0.737582392216905     
  6.924095238095239E-002 -0.746327095794329     
  7.003682539682540E-002 -0.740576644644068     
  7.083269841269842E-002 -0.749308927308560     
  7.162857142857143E-002 -0.758005459769183     
  7.242444444444444E-002 -0.766667060326170     
  7.322031746031746E-002 -0.775294498080009     
  7.401619047619049E-002 -0.769620912492954     
  7.481206349206350E-002 -0.778236836357026     
  7.560793650793651E-002 -0.786819563365418     
  7.640380952380953E-002 -0.795369765348190     
  7.719968253968254E-002 -0.789746826108223     
  7.799555555555555E-002 -0.798286053635294     
  7.879142857142857E-002 -0.806793597952186     
  7.958730158730160E-002 -0.815270047843654     
  8.038317460317461E-002 -0.823715956963804     
  8.117904761904762E-002 -0.818161432455726     
  8.197492063492064E-002 -0.826597018407086     
  8.277079365079365E-002 -0.835002761812164     
  8.356666666666666E-002 -0.843379144956310     
  8.436253968253969E-002 -0.851726626726682     
  8.515841269841271E-002 -0.846236692118003     
  8.595428571428572E-002 -0.854574391771405     
  8.675015873015873E-002 -0.862883763686367     
  8.754603174603175E-002 -0.871165210000970     
  8.834190476190476E-002 -0.879419108326212     
  8.913777777777779E-002 -0.873990609226498     
  8.993365079365080E-002 -0.882235170265429     
  9.072952380952382E-002 -0.890452658103154     
  9.152539682539683E-002 -0.898643403471895     
  9.232126984126984E-002 -0.906807718179476     
  9.311714285714286E-002 -0.901438048137544     
  9.391301587301587E-002 -0.909593392940339     
  9.470888888888890E-002 -0.917722699014822     
  9.550476190476191E-002 -0.925826238033120     
  9.630063492063493E-002 -0.933904266979141     
  9.709650793650794E-002 -0.928591276705804     
  9.789238095238095E-002 -0.936660639147052     
  9.868825396825397E-002 -0.944704812484305     
  9.948412698412699E-002 -0.952724021070896     
  0.100280000000000      -0.960718475154870     
  0.101075873015873      -0.955460400242659     
  0.101871746031746      -0.963446435605953     
  0.102667619047619      -0.971407979082330     
  0.103463492063492      -0.979345214528820     
  0.104259365079365      -0.974124745254616     
  0.105055238095238      -0.982053707032297     
  0.105851111111111      -0.989958589758009     
  0.106646984126984      -0.997839548048390     
  0.107442857142857       -1.00569673259773     
  0.108238730158730       -1.00052888308690     
  0.109034603174603       -1.00837796921044     
  0.109830476190476       -1.01620346677082     
  0.110626349206349       -1.02400549914762     
  0.111422222222222       -1.03178418872889     
  0.112218095238095       -1.02666794723718     
  0.113013968253968       -1.03443867839721     
  0.113809841269841       -1.04218621642388     
  0.114605714285714       -1.04991065840648     
  0.115401587301587       -1.05761210017388     
  0.116197460317460       -1.05254665327104     
  0.116993333333333       -1.06024025131618     
  0.117789206349206       -1.06791096643939     
  0.118585079365079       -1.07555887842793     
  0.119380952380952       -1.08318406175809     
  0.120176825396825       -1.07816876659743     
  0.120972698412698       -1.08578619631132     
  0.121768571428571       -1.09338098567388     
  0.122564444444444       -1.10095319931402     
  0.123360317460317       -1.10850289365479     
  0.124156190476190       -1.10353725210089     
  0.124952063492064       -1.11107926093959     
  0.125747936507937       -1.11859881843435     
  0.126543809523810       -1.12609597363180     
  0.127339682539683       -1.13357076976329     
  0.128135555555556       -1.12865439971009     
  0.128931428571429       -1.13612155877651     
  0.129727301587302       -1.14356640412047     
  0.130523174603175       -1.15098895783520     
  0.131319047619048       -1.14610696244012     
  0.132114920634921       -1.15352189439423     
  0.132910793650794       -1.16091453455511     
  0.133706666666667       -1.16828487222319     
  0.134502539682540       -1.17563287891435     
  0.135298412698413       -1.17079994442402     
  0.136094285714286       -1.17814030906040     
  0.136890158730159       -1.18545828547203     
  0.137686031746032       -1.19275383001554     
  0.138481904761905       -1.20002687912817     
  0.139277777777778       -1.19524329186706     
  0.140073650793651       -1.20250863451032     
  0.140869523809524       -1.20975138734017     
  0.141665396825397       -1.21697147414732     
  0.142461269841270       -1.22416881245988     
  0.143257142857143       -1.21943507874077     
  0.144053015873016       -1.22662461711392     
  0.144848888888889       -1.23379128609438     
  0.145644761904762       -1.24093498770352     
  0.146440634920635       -1.24805562530339     
  0.147236507936508       -1.24337240047796     
  0.148032380952381       -1.25048512833260     
  0.148828253968254       -1.25757465088358     
  0.149624126984127       -1.26464086157952     
  0.150420000000000       -1.27168365299269     
  0.151215873015873       -1.26705169624276     
  0.152011746031746       -1.27408645427543     
  0.152807619047619       -1.28109764124618     
  0.153603492063492       -1.28808514533059     
  0.154399365079365       -1.28348960223555     
  0.155195238095238       -1.29046897946508     
  0.155991111111111       -1.29742452538702     
  0.156786984126984       -1.30435611898259     
  0.157582857142857       -1.31126364774335     
  0.158378730158730       -1.30672077658268     
  0.159174603174603       -1.31362004732791     
  0.159970476190476       -1.32049510202375     
  0.160766349206349       -1.32734582233098     
  0.161562222222222       -1.33417209659849     
  0.162358095238095       -1.32968273831682     
  0.163153968253968       -1.33650062558286     
  0.163949841269841       -1.34329391790811     
  0.164745714285714       -1.35006250009484     
  0.165541587301587       -1.35680626547978     
  0.166337460317460       -1.35237124316970     
  0.167133333333333       -1.35910649902960     
  0.167929206349206       -1.36581679136479     
  0.168725079365079       -1.37250201745888     
  0.169520952380952       -1.37916207309794     
  0.170316825396825       -1.37478217583400     
  0.171112698412698       -1.38143360307023     
  0.171908571428571       -1.38805972118950     
  0.172704444444444       -1.39466043773599     
  0.173500317460317       -1.40123565419380     
  0.174296190476190       -1.39691162447907     
  0.175092063492063       -1.40347810045216     
  0.175887936507937       -1.41001895253711     
  0.176683809523810       -1.41653409164228     
  0.177479682539683       -1.42302343127769     
  0.178275555555556       -1.41875594587893     
  0.179071428571429       -1.42523644524771     
  0.179867301587302       -1.43169102885140     
  0.180663174603175       -1.43811962312877     
  0.181459047619048       -1.43389213468252     
  0.182254920634921       -1.44031182309272     
  0.183050793650794       -1.44670541747850     
  0.183846666666667       -1.45307284458361     
  0.184642539682540       -1.45941403405676     
  0.185438412698413       -1.45524408885860     
  0.186234285714286       -1.46157629332452     
  0.187030158730159       -1.46788217085838     
  0.187826031746032       -1.47416166224119     
  0.188621904761905       -1.48041470586514     
  0.189417777777778       -1.47630279014532     
  0.190213650793651       -1.48254677875596     
  0.191009523809524       -1.48876424895722     
  0.191805396825397       -1.49495514967551     
  0.192601269841270       -1.50111943334167     
  0.193397142857143       -1.49706594474559     
  0.194193015873016       -1.50322111905703     
  0.194988888888889       -1.50934961875516     
  0.195784761904762       -1.51545140793531     
  0.196580634920635       -1.52152645257291     
  0.197376507936508       -1.51753170318128     
  0.198172380952381       -1.52359759512369     
  0.198968253968254       -1.52963669936405     
  0.199764126984127       -1.53564899045812     
  0.200560000000000       -1.54163444317189     
  0.201355873015873       -1.53769866251921     
  0.202151746031746       -1.54367493222182     
  0.202947619047619       -1.54962434261752     
  0.203743492063492       -1.55554687378276     
  0.204539365079365       -1.55165250361876     
  0.205335238095238       -1.55756583955014     
  0.206131111111111       -1.56345228222320     
  0.206926984126984       -1.56931182134700     
  0.207722857142857       -1.57514445285060     
  0.208518730158730       -1.57130924394866     
  0.209314603174603       -1.57713267405577     
  0.210110476190476       -1.58292919271844     
  0.210906349206349       -1.58869880302851     
  0.211702222222222       -1.59444150886407     
  0.212498095238095       -1.59066547647778     
  0.213293968253968       -1.59639898343385     
  0.214089841269841       -1.60210559639868     
  0.214885714285714       -1.60778532680039     
  0.215681587301587       -1.61343818935118     
  0.216477460317460       -1.60972127493191     
  0.217273333333333       -1.61536495273957     
  0.218069206349206       -1.62098178451854     
  0.218865079365079       -1.62657178952363     
  0.219660952380952       -1.63213499161380     
  0.220456825396825       -1.62847707193222     
  0.221252698412698       -1.63403111360307     
  0.222048571428571       -1.63955838553615     
  0.222844444444444       -1.64505891570520     
  0.223640317460317       -1.65053273483966     
  0.224436190476190       -1.64693362144517     
  0.225232063492064       -1.65239831694357     
  0.226027936507937       -1.65783634382371     
  0.226823809523810       -1.66324774043797     
  0.227619682539683       -1.66863254430416     
  0.228415555555556       -1.66509199562614     
  0.229211428571429       -1.67046771707592     
  0.230007301587302       -1.67581690060118     
  0.230803174603175       -1.68113959021412     
  0.231599047619048       -1.67763990523220     
  0.232394920634921       -1.68295354600552     
  0.233190793650794       -1.68824075353362     
  0.233986666666667       -1.69350157539392     
  0.234782539682540       -1.69873606065295     
  0.235578412698413       -1.69529440501624     
  0.236374285714286       -1.70051989331948     
  0.237170158730159       -1.70571912271563     
  0.237966031746032       -1.71089213919780     
  0.238761904761905       -1.71603899970888     
  0.239557777777778       -1.71265498413307     
  0.240353650793651       -1.71779291426121     
  0.241149523809524       -1.72290476774936     
  0.241945396825397       -1.72799060453006     
  0.242741269841270       -1.73305048552081     
  0.243537142857143       -1.72972368371121     
  0.244333015873016       -1.73477470549281     
  0.245128888888889       -1.73979985666535     
  0.245924761904762       -1.74479920511000     
  0.246720634920635       -1.74977281509881     
  0.247516507936508       -1.74650276197701     
  0.248312380952381       -1.75146758612258     
  0.249108253968254       -1.75640676732910     
  0.249904126984127       -1.76132037511341     
  0.250700000000000       -1.76620848071879     
  0.251495873015873       -1.76299466786105     
  0.252291746031746       -1.76787406941352     
  0.253087619047619       -1.77272806870397     
  0.253883492063492       -1.77755673876881     
  0.254679365079365       -1.78236015862156     
  0.255475238095238       -1.77920204501837     
  0.256271111111111       -1.78399684825470     
  0.257066984126984       -1.78876650361450     
  0.257862857142857       -1.79351109070401     
  0.258658730158730       -1.79039167067339     
  0.259454603174603       -1.79512770669473     
  0.260250476190476       -1.79983878154773     
  0.261046349206349       -1.80452497981829     
  0.261842222222222       -1.80918638266810     
  0.262638095238095       -1.80612167341935     
  0.263433968253968       -1.81077461762451     
  0.264229841269841       -1.81540288223116     
  0.265025714285714       -1.82000655065113     
  0.265821587301587       -1.82458571170155     
  0.266617460317460       -1.82157509004086     
  0.267413333333333       -1.82614589072413     
  0.268209206349206       -1.83069230007274     
  0.269005079365079       -1.83521440773553     
  0.269800952380952       -1.83971230311302     
  0.270596825396825       -1.83675512615868     
  0.271392698412698       -1.84124476277149     
  0.272188571428571       -1.84571031008281     
  0.272984444444444       -1.85015185837721     
  0.273780317460317       -1.85456950136636     
  0.274576190476190       -1.85166510105337     
  0.275372063492064       -1.85607459063603     
  0.276167936507937       -1.86046030092344     
  0.276963809523810       -1.86482232485665     
  0.277759682539683       -1.86916075894097     
  0.278555555555556       -1.86630844651674     
  0.279351428571429       -1.87063883709425     
  0.280147301587302       -1.87494576348339     
  0.280943174603175       -1.87922932618082     
  0.281739047619048       -1.87641309845398     
  0.282534920634921       -1.88068869378223     
  0.283330793650794       -1.88494105558349     
  0.284126666666667       -1.88917028134720     
  0.284922539682540       -1.89337647085159     
  0.285718412698413       -1.89061112244107     
  0.286514285714286       -1.89480945662204     
  0.287310158730159       -1.89898488936685     
  0.288106031746032       -1.90313751743592     
  0.288901904761905       -1.90726744459934     
  0.289697777777778       -1.90455224600378     
  0.290493650793651       -1.90867443050659     
  0.291289523809524       -1.91277405361806     
  0.292085396825397       -1.91685120984632     
  0.292881269841270       -1.92090600409968     
  0.293677142857143       -1.91824020662054     
  0.294473015873016       -1.92228737872009     
  0.295268888888889       -1.92631232815304     
  0.296064761904762       -1.93031515692790     
  0.296860634920635       -1.93429596839200     
  0.297656507936508       -1.93167881641378     
  0.298452380952381       -1.93565212466574     
  0.299248253968254       -1.93960355483264     
  0.300044126984127       -1.94353321350424     
  0.300840000000000       -1.94744120442036     
  0.301635873015873       -1.94487193450353     
  0.302431746031746       -1.94877254098949     
  0.303227619047619       -1.95265162219880     
  0.304023492063492       -1.95650928269855     
  0.304819365079365       -1.96034562856803     
  0.305615238095238       -1.95782346539155     
  0.306411111111111       -1.96165254812901     
  0.307206984126984       -1.96546045937457     
  0.308002857142857       -1.96924730670168     
  0.308798730158730       -1.96675768709513     
  0.309594603174603       -1.97053735887365     
  0.310390476190476       -1.97429610313327     
  0.311186349206349       -1.97803403561295     
  0.311982222222222       -1.98175126063793     
  0.312778095238095       -1.97930741658604     
  0.313573968253968       -1.98301758834114     
  0.314369841269841       -1.98670719306267     
  0.315165714285714       -1.99037634384307     
  0.315961587301587       -1.99402514756246     
  0.316757460317460       -1.99162628934123     
  0.317553333333333       -1.99526816172391     
  0.318349206349206       -1.99888982913241     
  0.319145079365079       -2.00249140344857     
  0.319940952380952       -2.00607299224781     
  0.320736825396825       -2.00371832481499     
  0.321532698412698       -2.00729310595228     
  0.322328571428571       -2.01084804348346     
  0.323124444444444       -2.01438324958170     
  0.323920317460317       -2.01789883216125     
  0.324716190476190       -2.01558756198874     
  0.325512063492064       -2.01909645875317     
  0.326307936507937       -2.02258587872290     
  0.327103809523810       -2.02605592791038     
  0.327899682539683       -2.02950671837180     
  0.328695555555556       -2.02723804329130     
  0.329491428571429       -2.03068227351022     
  0.330287301587302       -2.03410738681449     
  0.331083174603175       -2.03751349412224     
  0.331879047619048       -2.04090070497703     
  0.332674920634921       -2.03867382899626     
  0.333470793650794       -2.04205460328521     
  0.334266666666667       -2.04541662577881     
  0.335062539682540       -2.04876000500809     
  0.335858412698413       -2.04656194383972     
  0.336654285714286       -2.04989897365823     
  0.337450158730159       -2.05321750560191     
  0.338246031746032       -2.05651764943516     
  0.339041904761905       -2.05979951280028     
  0.339837777777778       -2.05764189331238     
  0.340633650793651       -2.06091752979618     
  0.341429523809524       -2.06417503324815     
  0.342225396825397       -2.06741450917019     
  0.343021269841270       -2.07063606805483     
  0.343817142857143       -2.06851809065020     
  0.344613015873016       -2.07173354814029     
  0.345408888888889       -2.07493123144382     
  0.346204761904762       -2.07811124885281     
  0.347000634920635       -2.08127370921571     
  0.347796507936508       -2.07919458095011     
  0.348592380952381       -2.08235106490457     
  0.349388253968254       -2.08549013314768     
  0.350184126984127       -2.08861189760178     
  0.350980000000000       -2.09171646392866     
  0.351775873015873       -2.08967539318708     
  0.352571746031746       -2.09277410527740     
  0.353367619047619       -2.09585576025621     
  0.354163492063492       -2.09892047024308     
  0.354959365079365       -2.10196833882221     
  0.355755238095238       -2.09996454087430     
  0.356551111111111       -2.10300667513046     
  0.357346984126984       -2.10603211432834     
  0.358142857142857       -2.10904096291118     
  0.358938730158730       -2.10706281364103     
  0.359734603174603       -2.11006601410778     
  0.360530476190476       -2.11305276695351     
  0.361326349206349       -2.11602317913361     
  0.362122222222222       -2.11897735405277     
  0.362918095238095       -2.11703514408479     
  0.363713968253968       -2.11998379138393     
  0.364509841269841       -2.12291634656583     
  0.365305714285714       -2.12583291286328     
  0.366101587301587       -2.12873359566524     
  0.366897460317460       -2.12682654542789     
  0.367693333333333       -2.12972182304205     
  0.368489206349206       -2.13260135512464     
  0.369285079365079       -2.13546525007440     
  0.370080952380952       -2.13831361103830     
  0.370876825396825       -2.13644095342821     
  0.371672698412698       -2.13928402733024     
  0.372468571428571       -2.14211170775358     
  0.373264444444444       -2.14492409770001     
  0.374060317460317       -2.14772130073391     
  0.374856190476191       -2.14588227051086     
  0.375652063492063       -2.14867430378115     
  0.376447936507937       -2.15145129144520     
  0.377243809523810       -2.15421333325934     
  0.378039682539683       -2.15696053342231     
  0.378835555555556       -2.15515436817789     
  0.379631428571429       -2.15789651674744     
  0.380427301587302       -2.16062395982706     
  0.381223174603175       -2.16333680153772     
  0.382019047619048       -2.16603514233908     
  0.382814920634921       -2.16426109236179     
  0.383610793650794       -2.16695449683352     
  0.384406666666667       -2.16963353770879     
  0.385202539682540       -2.17229831541922     
  0.385998412698413       -2.17054632285533     
  0.386794285714286       -2.17320624908830     
  0.387590158730159       -2.17585204313601     
  0.388386031746032       -2.17848381056183     
  0.389181904761905       -2.18110165057697     
  0.389977777777778       -2.17938050960526     
  0.390773650793651       -2.18199361079890     
  0.391569523809524       -2.18459291806563     
  0.392365396825397       -2.18717853125461     
  0.393161269841270       -2.18975054940753     
  0.393957142857143       -2.18805952580272     
  0.394753015873016       -2.19062691719034     
  0.395548888888889       -2.19318084680535     
  0.396344761904762       -2.19572141314561     
  0.397140634920635       -2.19824871319553     
  0.397936507936508       -2.19658708004029     
  0.398732380952381       -2.19910986578076     
  0.399528253968254       -2.20161951745269     
  0.400324126984127       -2.20411613160150     
  0.401120000000000       -2.20659980626515     
  0.401915873015873       -2.20496684404949     
  0.402711746031746       -2.20744611604123     
  0.403507619047619       -2.20991257744555     
  0.404303492063492       -2.21236632437187     
  0.405099365079365       -2.21480745195399     
  0.405895238095238       -2.21320245312198     
  0.406691111111111       -2.21563928726854     
  0.407486984126984       -2.21806363352054     
  0.408282857142857       -2.22047558411005     
  0.409078730158730       -2.21888975869758     
  0.409874603174603       -2.22129749336288     
  0.410670476190476       -2.22369295800640     
  0.411466349206349       -2.22607625048833     
  0.412262222222222       -2.22844746251156     
  0.413058095238095       -2.22688841226375     
  0.413853968253968       -2.22925551373042     
  0.414649841269841       -2.23161066355656     
  0.415445714285714       -2.23395395228506     
  0.416241587301587       -2.23628547226881     
  0.417037460317460       -2.23475250547842     
  0.417833333333333       -2.23708002336972     
  0.418629206349206       -2.23939589591045     
  0.419425079365079       -2.24170021743011     
  0.420220952380952       -2.24399307879023     
  0.421016825396825       -2.24248551608906     
  0.421812698412698       -2.24477448134351     
  0.422608571428571       -2.24705210551358     
  0.423404444444444       -2.24931848351851     
  0.424200317460317       -2.25157370343213     
  0.424996190476190       -2.25009087960993     
  0.425792063492063       -2.25234230394334     
  0.426587936507937       -2.25458269442510     
  0.427383809523810       -2.25681213782988     
  0.428179682539683       -2.25903072363002     
  0.428975555555556       -2.25757197322107     
  0.429771428571429       -2.25978686635088     
  0.430567301587302       -2.26199102248316     
  0.431363174603175       -2.26418452771760     
  0.432159047619048       -2.26636747174115     
  0.432954920634921       -2.26493214159735     
  0.433750793650794       -2.26711149476419     
  0.434546666666667       -2.26928040315152     
  0.435342539682540       -2.27143895410110     
  0.436138412698413       -2.27001965240725     
  0.436934285714286       -2.27217468325500     
  0.437730158730159       -2.27431947051944     
  0.438526031746032       -2.27645410495258     
  0.439321904761905       -2.27857866949401     
  0.440117777777778       -2.27718170208668     
  0.440913650793651       -2.27930284239872     
  0.441709523809524       -2.28141402925368     
  0.442505396825397       -2.28351534625367     
  0.443301269841270       -2.28560687869697     
  0.444097142857143       -2.28423161728323     
  0.444893015873016       -2.28631982223215     
  0.445688888888889       -2.28839835727203     
  0.446484761904762       -2.29046730366976     
  0.447280634920635       -2.29252674501863     
  0.448076507936508       -2.29117256881929     
  0.448872380952381       -2.29322877921640     
  0.449668253968254       -2.29527559620050     
  0.450464126984127       -2.29731310269142     
  0.451260000000000       -2.29934137913307     
  0.452055873015873       -2.29800768142441     
  0.452851746031746       -2.30003281984115     
  0.453647619047619       -2.30204884104966     
  0.454443492063492       -2.30405582395574     
  0.455239365079365       -2.30605384864486     
  0.456035238095238       -2.30474002739866     
  0.456831111111111       -2.30673500697247     
  0.457626984126984       -2.30872113715893     
  0.458422857142857       -2.31069849852033     
  0.459218730158730       -2.31266716755386     
  0.460014603174603       -2.31137263571788     
  0.460810476190476       -2.31333834986370     
  0.461606349206349       -2.31529548359100     
  0.462402222222222       -2.31724411121192     
  0.463198095238095       -2.31596274299887     
  0.463993968253968       -2.31790848306249     
  0.464789841269841       -2.31984581674887     
  0.465585714285714       -2.32177483029231     
  0.466381587301587       -2.32369559789787     
  0.467177460317460       -2.32243253829678     
  0.467973333333333       -2.32435050171542     
  0.468769206349206       -2.32626032596752     
  0.469565079365079       -2.32816208132553     
  0.470360952380952       -2.33005584818616     
  0.471156825396825       -2.32881052635255     
  0.471952698412698       -2.33070157881958     
  0.472748571428571       -2.33258474268349     
  0.473544444444444       -2.33446009296058     
  0.474340317460317       -2.33632770374539     
  0.475136190476190       -2.33509956560880     
  0.475932063492064       -2.33696454764284     
  0.476727936507937       -2.33882189064279     
  0.477523809523810       -2.34067166930141     
  0.478319682539683       -2.34251395601962     
  0.479115555555556       -2.34130245690004     
  0.479911428571429       -2.34314219720162     
  0.480707301587302       -2.34497454646720     
  0.481503174603175       -2.34679957185180     
  0.482299047619048       -2.34861735008195     
  0.483094920634921       -2.34742194931841     
  0.483890793650794       -2.34923726653716     
  0.484686666666667       -2.35104542978705     
  0.485482539682540       -2.35284651223513     
  0.486278412698413       -2.35166207978515     
  0.487074285714286       -2.35346075852179     
  0.487870158730159       -2.35525244933557     
  0.488666031746032       -2.35703722585662     
  0.489461904761905       -2.35881515240894     
  0.490257777777778       -2.35764593141943     
  0.491053650793651       -2.35942153205565     
  0.491849523809524       -2.36119035828272     
  0.492645396825397       -2.36295247497852     
  0.493441269841270       -2.36470793970481     
  0.494237142857143       -2.36355347901786     
  0.495033015873016       -2.36530668336316     
  0.495828888888889       -2.36705330648335     
  0.496624761904762       -2.36879339603236     
  0.497420634920635       -2.37052699478636     
  0.498216507936508       -2.36938690773188     
  0.499012380952381       -2.37111829648332     
  0.499808253968254       -2.37284325935503     
  0.500604126984127       -2.37456183389602     
  0.501400000000000       -2.37627405756340     
  0.502195873015873       -2.37514802043317     
  0.502991746031746       -2.37685807980852     
  0.503787619047619       -2.37856183235891     
  0.504583492063492       -2.38025931061998     
  0.505379365079365       -2.38195054745271     
  0.506175238095238       -2.38083830918211     
  0.506971111111111       -2.38252741806355     
  0.507766984126984       -2.38421032325404     
  0.508562857142857       -2.38588704493133     
  0.509358730158730       -2.38755760549558     
  0.510154603174603       -2.38645896505652     
  0.510950476190476       -2.38812742380375     
  0.511746349206349       -2.38978975449037     
  0.512542222222222       -2.39144597337015     
  0.513338095238095       -2.39035676421058     
  0.514133968253968       -2.39201089732352     
  0.514929841269841       -2.39365893754809     
  0.515725714285714       -2.39530089961996     
  0.516521587301587       -2.39693679747337     
  0.517317460317460       -2.39586095583120     
  0.518113333333333       -2.39749478316882     
  0.518909206349206       -2.39912256130085     
  0.519705079365079       -2.40074429926721     
  0.520500952380952       -2.40236000097589     
  0.521296825396825       -2.40129744750371     
  0.522092698412698       -2.40291108574040     
  0.522888571428571       -2.40451869723339     
  0.523684444444445       -2.40612028703142     
  0.524480317460317       -2.40771585686302     
  0.525276190476190       -2.40666655075969     
  0.526072063492063       -2.40826006082836     
  0.526867936507937       -2.40984755415325     
  0.527663809523810       -2.41142902543289     
  0.528459682539683       -2.41300447659616     
  0.529255555555556       -2.41196840798159     
  0.530051428571429       -2.41354180084485     
  0.530847301587302       -2.41510916821300     
  0.531643174603175       -2.41667050786288     
  0.532439047619048       -2.41822581268554     
  0.533234920634921       -2.41720300397802     
  0.534030793650794       -2.41875624381204     
  0.534826666666667       -2.42030343917186     
  0.535622539682540       -2.42184458637025     
  0.536418412698413       -2.42337967538659     
  0.537214285714286       -2.42237017336391     
  0.538010158730159       -2.42390318824405     
  0.538806031746032       -2.42543013228376     
  0.539601904761905       -2.42695099432258     
  0.540397777777778       -2.42595085547402     
  0.541193650793651       -2.42746963740202     
  0.541989523809524       -2.42898232041402     
  0.542785396825397       -2.43048889820622     
  0.543581269841270       -2.43198935323849     
  0.544377142857143       -2.43100265038864     
  0.545173015873016       -2.43250100799118     
  0.545968888888889       -2.43399322806240     
  0.546764761904762       -2.43547929392126     
  0.547560634920635       -2.43695919216713     
  0.548356507936508       -2.43598602067207     
  0.549152380952381       -2.43746380738490     
  0.549948253968254       -2.43893540398038     
  0.550744126984127       -2.44040079654624     
  0.551540000000000       -2.44185996763534     
  0.552335873015873       -2.44090044196108     
  0.553131746031746       -2.44235748241633     
  0.553927619047619       -2.44380827742013     
  0.554723492063492       -2.44525281097712     
  0.555519365079365       -2.44669106532969     
  0.556315238095238       -2.44574531209484     
  0.557111111111111       -2.44718141405237     
  0.557906984126984       -2.44861121277759     
  0.558702857142857       -2.45003468825700     
  0.559498730158730       -2.45145182238486     
  0.560294603174603       -2.45051997350998     
  0.561090476190476       -2.45193493493359     
  0.561886349206349       -2.45334352786850     
  0.562682222222222       -2.45474573510141     
  0.563478095238095       -2.45382371492862     
  0.564273968253968       -2.45522373300105     
  0.565069841269841       -2.45661733758928     
  0.565865714285714       -2.45800450738118     
  0.566661587301587       -2.45938522287622     
  0.567457460317460       -2.45847735517848     
  0.568253333333333       -2.45985585631891     
  0.569049206349206       -2.46122788175246     
  0.569845079365079       -2.46259340379090     
  0.570640952380952       -2.46395240364557     
  0.571436825396825       -2.46305883193570     
  0.572232698412698       -2.46441559640007     
  0.573028571428571       -2.46576581030094     
  0.573824444444444       -2.46710945498325     
  0.574620317460317       -2.46844650817012     
  0.575416190476191       -2.46756738645918     
  0.576212063492064       -2.46890218048809     
  0.577007936507937       -2.47023035544644     
  0.577803809523809       -2.47155189051425     
  0.578599682539683       -2.47286676615427     
  0.579395555555556       -2.47200224538621     
  0.580191428571429       -2.47331483962889     
  0.580987301587302       -2.47462074326041     
  0.581783174603175       -2.47591993938607     
  0.582579047619048       -2.47721240556448     
  0.583374920634921       -2.47636264003782     
  0.584170793650794       -2.47765280090305     
  0.584966666666667       -2.47893620588491     
  0.585762539682540       -2.48021283459578     
  0.586558412698413       -2.48148266475430     
  0.587354285714286       -2.48064780336749     
  0.588150158730159       -2.48191530454371     
  0.588946031746032       -2.48317598451925     
  0.589741904761905       -2.48442982195011     
  0.590537777777778       -2.48360548798220     
  0.591333650793651       -2.48485698246591     
  0.592129523809524       -2.48610160453062     
  0.592925396825397       -2.48733933970492     
  0.593721269841270       -2.48857016799148     
  0.594517142857143       -2.48776098271687     
  0.595313015873016       -2.48898944650628     
  0.596108888888889       -2.49021097442554     
  0.596904761904762       -2.49142555322080     
  0.597700634920635       -2.49263316196367     
  0.598496507936508       -2.49183926475308     
  0.599292380952381       -2.49304448689692     
  0.600088253968254       -2.49424271553196     
  0.600884126984127       -2.49543393233832     
  0.601680000000000       -2.49661812126829     
  0.602475873015873       -2.49583964223391     
  0.603271746031746       -2.49702142470724     
  0.604067619047619       -2.49819615714988     
  0.604863492063492       -2.49936382153633     
  0.605659365079365       -2.50052440120637     
  0.606455238095238       -2.49976146464596     
  0.607251111111111       -2.50091961883814     
  0.608046984126984       -2.50207066613155     
  0.608842857142857       -2.50321459351384     
  0.609638730158730       -2.50435138468347     
  0.610434603174603       -2.50360410847798     
  0.611230476190476       -2.50473845626899     
  0.612026349206349       -2.50586564802117     
  0.612822222222222       -2.50698566910617     
  0.613618095238095       -2.50624943003219     
  0.614413968253968       -2.50736699959877     
  0.615209841269841       -2.50847737370793     
  0.616005714285714       -2.50958054751829     
  0.616801587301587       -2.51067650410300     
  0.617597460317460       -2.50995610844314     
  0.618393333333333       -2.51104959511542     
  0.619189206349206       -2.51213584933411     
  0.619985079365079       -2.51321485735805     
  0.620780952380952       -2.51428660703049     
  0.621576825396825       -2.51358214549130     
  0.622372698412698       -2.51465141138443     
  0.623168571428571       -2.51571340387037     
  0.623964444444444       -2.51676811414463     
  0.624760317460317       -2.51781552931382     
  0.625556190476190       -2.51712708635718     
  0.626352063492064       -2.51817200424895     
  0.627147936507937       -2.51920961457960     
  0.627943809523810       -2.52023990615870     
  0.628739682539683       -2.52126287149040     
  0.629535555555556       -2.52059052076000     
  0.630331428571429       -2.52161097890455     
  0.631127301587302       -2.52262409916041     
  0.631923174603175       -2.52362987332276     
  0.632719047619048       -2.52462829145112     
  0.633514920634921       -2.52397209933973     
  0.634310793650794       -2.52496799912493     
  0.635106666666667       -2.52595653754213     
  0.635902539682540       -2.52693770404512     
  0.636698412698413       -2.52791149442854     
  0.637494285714286       -2.52727150881487     
  0.638290158730159       -2.52824277647132     
  0.639086031746032       -2.52920665718401     
  0.639881904761905       -2.53016314725145     
  0.640677777777778       -2.52953455093008     
  0.641473650793651       -2.53048851011229     
  0.642269523809524       -2.53143507650006     
  0.643065396825397       -2.53237424073037     
  0.643861269841270       -2.53330600128478     
  0.644657142857143       -2.53269367742248     
  0.645453015873016       -2.53362290571401     
  0.646248888888889       -2.53454472431576     
  0.647044761904762       -2.53545913028738     
  0.647840634920635       -2.53636612231003     
  0.648636507936508       -2.53577009922600     
  0.649432380952381       -2.53667455545668     
  0.650228253968254       -2.53757159547168     
  0.651024126984127       -2.53846121768657     
  0.651820000000000       -2.53934342263530     
  0.652615873015873       -2.53876371044998     
  0.653411746031746       -2.53964337945343     
  0.654207619047619       -2.54051562719719     
  0.655003492063492       -2.54138045633828     
  0.655799365079365       -2.54223786729637     
  0.656595238095238       -2.54167447235229     
  0.657391111111111       -2.54252934675335     
  0.658186984126984       -2.54337680741912     
  0.658982857142857       -2.54421685298290     
  0.659778730158730       -2.54504948557033     
  0.660574603174603       -2.54450239499220     
  0.661370476190476       -2.54533249369543     
  0.662166349206349       -2.54615518313221     
  0.662962222222222       -2.54697046785556     
  0.663758095238095       -2.54777835249410     
  0.664553968253968       -2.54724754547874     
  0.665349841269841       -2.54805290105136     
  0.666145714285714       -2.54885085874876     
  0.666941587301587       -2.54964142587125     
  0.667737460317460       -2.54912201391022     
  0.668533333333333       -2.54991005589885     
  0.669329206349206       -2.55069071213386     
  0.670125079365079       -2.55146398971982     
  0.670920952380952       -2.55222989575720     
  0.671716825396825       -2.55172671020574     
  0.672512698412698       -2.55249009798137     
  0.673308571428571       -2.55324612279958     
  0.674104444444445       -2.55399479110379     
  0.674900317460318       -2.55473611067356     
  0.675696190476190       -2.55424910233634     
  0.676492063492063       -2.55498791126138     
  0.677287936507937       -2.55571938316141     
  0.678083809523810       -2.55644352721020     
  0.678879682539683       -2.55716035197489     
  0.679675555555556       -2.55668945894020     
  0.680471428571429       -2.55740378377871     
  0.681267301587302       -2.55811080087295     
  0.682063174603175       -2.55881052196799     
  0.682859047619048       -2.55950295539956     
  0.683654920634921       -2.55904811064164     
  0.684450793650794       -2.55973805480605     
  0.685246666666667       -2.56042072915297     
  0.686042539682540       -2.56109614347615     
  0.686838412698413       -2.56176431074149     
  0.687634285714286       -2.56132542905462     
  0.688430158730159       -2.56199112126078     
  0.689226031746032       -2.56264957990852     
  0.690021904761905       -2.56330082011190     
  0.690817777777778       -2.56287307473587     
  0.691613650793651       -2.56352184957070     
  0.692409523809524       -2.56416342331252     
  0.693205396825397       -2.56479780864705     
  0.694001269841270       -2.56542502188957     
  0.694797142857143       -2.56501308279701     
  0.695593015873016       -2.56563784661165     
  0.696388888888889       -2.56625545788708     
  0.697184761904762       -2.56686592867793     
  0.697980634920635       -2.56746927498825     
  0.698776507936508       -2.56707303681552     
  0.699572380952381       -2.56767394983582     
  0.700368253968254       -2.56826776345226     
  0.701164126984127       -2.56885449066074     
  0.701960000000000       -2.56943414824881     
  0.702755873015873       -2.56905349310391     
  0.703551746031746       -2.56963073541635     
  0.704347619047619       -2.57020093281001     
  0.705143492063492       -2.57076409991424     
  0.705939365079365       -2.57132025484544     
  0.706735238095238       -2.57095505895737     
  0.707531111111111       -2.57150881948064     
  0.708326984126984       -2.57205559502179     
  0.709122857142857       -2.57259540220101     
  0.709918730158730       -2.57312825974611     
  0.710714603174603       -2.57277838720703     
  0.711510476190476       -2.57330887265072     
  0.712306349206349       -2.57383243371662     
  0.713102222222222       -2.57434908993645     
  0.713898095238095       -2.57485886272410     
  0.714693968253968       -2.57452417278775     
  0.715489841269841       -2.57503159747485     
  0.716285714285714       -2.57553216382033     
  0.717081587301587       -2.57602589556067     
  0.717877460317460       -2.57570175766143     
  0.718673333333333       -2.57619315620976     
  0.719469206349206       -2.57667774621541     
  0.720265079365079       -2.57715554921357     
  0.721060952380952       -2.57762658860897     
  0.721856825396825       -2.57731737303142     
  0.722652698412698       -2.57778610708097     
  0.723448571428571       -2.57824810292578     
  0.724244444444444       -2.57870338857057     
  0.725040317460317       -2.57915198298347     
  0.725836190476191       -2.57885753279348     
  0.726632063492064       -2.57930384346085     
  0.727427936507937       -2.57974349853613     
  0.728223809523809       -2.58017651755358     
  0.729019682539683       -2.58060292473011     
  0.729815555555556       -2.58032306428262     
  0.730611428571429       -2.58074721714307     
  0.731407301587302       -2.58116479038155     
  0.732203174603175       -2.58157581001622     
  0.732999047619048       -2.58198029930444     
  0.733794920634921       -2.58171485205649     
  0.734590793650794       -2.58211711552350     
  0.735386666666667       -2.58251287837063     
  0.736182539682540       -2.58290217071594     
  0.736978412698413       -2.58328501626933     
  0.737774285714286       -2.58303380413162     
  0.738570158730159       -2.58341445156528     
  0.739366031746032       -2.58378868916521     
  0.740161904761905       -2.58415654025723     
  0.740957777777778       -2.58451803090678     
  0.741753650793651       -2.58428086138823     
  0.742549523809524       -2.58464018369306     
  0.743345396825397       -2.58499318157324     
  0.744141269841270       -2.58533988277177     
  0.744937142857143       -2.58511243957657     
  0.745733015873016       -2.58545699292654     
  0.746528888888889       -2.58579528702166     
  0.747324761904762       -2.58612734622122     
  0.748120634920635       -2.58645319994527     
  0.748916507936508       -2.58623946388744     
  0.749712380952381       -2.58656320252016     
  0.750508253968254       -2.58688077036312     
  0.751304126984127       -2.58719219658258     
  0.752100000000000       -2.58749751031123     
  0.752895873015873       -2.58729728214585     
  0.753691746031746       -2.58760051089676     
  0.754487619047619       -2.58789766759472     
  0.755283492063492       -2.58818877634853     
  0.756079365079365       -2.58847386716051     
  0.756875238095238       -2.58828693599777     
  0.757671111111111       -2.58856997492451     
  0.758466984126984       -2.58884703661207     
  0.759262857142857       -2.58911814803000     
  0.760058730158730       -2.58938333846157     
  0.760854603174603       -2.58920949120162     
  0.761650476190476       -2.58947266447955     
  0.762446349206349       -2.58972995784976     
  0.763242222222222       -2.58998139956189     
  0.764038095238095       -2.59022702007553     
  0.764833968253968       -2.59006603860661     
  0.765629841269841       -2.59030967670068     
  0.766425714285714       -2.59054753157781     
  0.767221587301587       -2.59077963713960     
  0.768017460317460       -2.59062754209392     
  0.768813333333333       -2.59085768860039     
  0.769609206349206       -2.59108212370613     
  0.770405079365079       -2.59130087930396     
  0.771200952380952       -2.59151398621864     
  0.771996825396825       -2.59137438450641     
  0.772792698412698       -2.59158556437587     
  0.773588571428571       -2.59179114132395     
  0.774384444444444       -2.59199113813710     
  0.775180317460317       -2.59218559034699     
  0.775976190476190       -2.59205825075048     
  0.776772063492064       -2.59225081403651     
  0.777567936507937       -2.59243787286885     
  0.778363809523810       -2.59261945910499     
  0.779159682539683       -2.59279560429402     
  0.779955555555556       -2.59268030079060     
  0.780751428571429       -2.59285459188117     
  0.781547301587302       -2.59302348528869     
  0.782343174603175       -2.59318701096674     
  0.783139047619048       -2.59334519988032     
  0.783934920634921       -2.59324170193706     
  0.784730793650794       -2.59339807204409     
  0.785526666666667       -2.59354915175067     
  0.786322539682540       -2.59369496957743     
  0.787118412698413       -2.59383555971562     
  0.787914285714286       -2.59374362829721     
  0.788710158730159       -2.59388243886118     
  0.789506031746032       -2.59401606100885     
  0.790301904761905       -2.59414452906055     
  0.791097777777778       -2.59426787642386     
  0.791893650793651       -2.59418728000328     
  0.792689523809524       -2.59430888395154     
  0.793485396825397       -2.59442540708432     
  0.794281269841270       -2.59453688462143     
  0.795077142857143       -2.59446409173180     
  0.795873015873016       -2.59457385084201     
  0.796668888888889       -2.59467860912637     
  0.797464761904762       -2.59477839559760     
  0.798260634920635       -2.59487324403418     
  0.799056507936508       -2.59481138369073     
  0.799852380952381       -2.59490454902606     
  0.800648253968254       -2.59499282403579     
  0.801444126984127       -2.59507623542545     
  0.802240000000000       -2.59515481938886     
  0.803035873015873       -2.59510364605819     
  0.803831746031746       -2.59518058866451     
  0.804627619047619       -2.59525274279477     
  0.805423492063492       -2.59532014509479     
  0.806219365079365       -2.59538282703464     
  0.807015238095238       -2.59534210807455     
  0.807811111111111       -2.59540318338051     
  0.808606984126984       -2.59545958398126     
  0.809402857142857       -2.59551134044204     
  0.810198730158730       -2.59555848773150     
  0.810994603174603       -2.59552797738524     
  0.811790476190476       -2.59557355722583     
  0.812586349206349       -2.59561456660963     
  0.813382222222222       -2.59565104412065     
  0.814178095238095       -2.59568302148003     
  0.814973968253968       -2.59566248211916     
  0.815769841269841       -2.59569292862280     
  0.816565714285714       -2.59571891527737     
  0.817361587301587       -2.59574047873555     
  0.818157460317460       -2.59572678358796     
  0.818953333333333       -2.59574684332041     
  0.819749206349206       -2.59576252027337     
  0.820545079365079       -2.59577384959493     
  0.821340952380952       -2.59578086371612     
  0.822136825396825       -2.59577673161649     
  0.822932698412698       -2.59578227787593     
  0.823728571428571       -2.59578355320847     
  0.824524444444445       -2.59578058954913     
  0.825320317460318       -2.59577342095440     
  0.826116190476191       -2.59577860902181     
  0.826912063492063       -2.59577001059024     
  0.827707936507937       -2.59575724694696     
  0.828503809523810       -2.59574035406706     
  0.829299682539683       -2.59571936367760     
  0.830095555555556       -2.59573363648309     
  0.830891428571429       -2.59571125205017     
  0.831687301587302       -2.59568481532177     
  0.832483174603175       -2.59565435596754     
  0.833279047619048       -2.59561990695770     
  0.834074920634921       -2.59564302419471     
  0.834870793650794       -2.59560721793747     
  0.835666666666667       -2.59556746639478     
  0.836462539682540       -2.59552380102914     
  0.837258412698413       -2.59547625448335     
  0.838054285714286       -2.59550797826611     
  0.838850158730159       -2.59545911161649     
  0.839646031746032       -2.59540640627728     
  0.840441904761905       -2.59534989428019     
  0.841237777777778       -2.59528960810494     
  0.842033650793651       -2.59532970348013     
  0.842829523809524       -2.59526813364816     
  0.843625396825397       -2.59520283182913     
  0.844421269841270       -2.59513382878188     
  0.845217142857143       -2.59517965220626     
  0.846013015873016       -2.59510939110385     
  0.846808888888889       -2.59503547339367     
  0.847604761904762       -2.59495792897010     
  0.848400634920635       -2.59487678989779     
  0.849196507936508       -2.59493058643047     
  0.849992380952381       -2.59484822678818     
  0.850788253968254       -2.59476231356442     
  0.851584126984127       -2.59467287940638     
  0.852380000000000       -2.59457995537584     
  0.853175873015873       -2.59464149598356     
  0.853971746031746       -2.59454738613264     
  0.854767619047619       -2.59444982752521     
  0.855563492063492       -2.59434885071158     
  0.856359365079365       -2.59424448840142     
  0.857155238095238       -2.59431354451668     
  0.857951111111111       -2.59420803175647     
  0.858746984126984       -2.59409917466667     
  0.859542857142857       -2.59398700339900     
  0.860338730158730       -2.59387154783528     
  0.861134603174603       -2.59394789290454     
  0.861930476190476       -2.59383132131948     
  0.862726349206349       -2.59371150651310     
  0.863522222222222       -2.59358847915277     
  0.864318095238095       -2.59346227004286     
  0.865113968253968       -2.59354567943809     
  0.865909841269841       -2.59341838987070     
  0.866705714285714       -2.59328795733011     
  0.867501587301587       -2.59315441248021     
  0.868297460317460       -2.59301778730214     
  0.869093333333333       -2.59310803945125     
  0.869889206349206       -2.59297036801225     
  0.870685079365079       -2.59282965196541     
  0.871480952380952       -2.59268592445203     
  0.872276825396825       -2.59278084177174     
  0.873072698412698       -2.59263609343894     
  0.873868571428571       -2.59248836830599     
  0.874664444444444       -2.59233770207617     
  0.875460317460317       -2.59218412187066     
  0.876256190476191       -2.59228551288186     
  0.877052063492064       -2.59213094379416     
  0.877847936507937       -2.59197349784578     
  0.878643809523810       -2.59181320382283     
  0.879439682539683       -2.59165008879842     
  0.880235555555556       -2.59175774497723     
  0.881031428571429       -2.59159367169713     
  0.881827301587302       -2.59142681601677     
  0.882623174603175       -2.59125720555748     
  0.883419047619048       -2.59108486836405     
  0.884214920634921       -2.59119858154646     
  0.885010793650794       -2.59102531897357     
  0.885806666666667       -2.59084936169378     
  0.886602539682540       -2.59067073636011     
  0.887398412698413       -2.59048946510800     
  0.888194285714286       -2.59060904992855     
  0.888990158730159       -2.59042687907760     
  0.889786031746032       -2.59024209703908     
  0.890581904761905       -2.59005472608054     
  0.891377777777778       -2.58986478898750     
  0.892173650793651       -2.58999006748295     
  0.892969523809524       -2.58979925815352     
  0.893765396825397       -2.58960591640186     
  0.894561269841270       -2.58941006281226     
  0.895357142857143       -2.58953922746569     
  0.896153015873016       -2.58934252084917     
  0.896948888888889       -2.58914332628369     
  0.897744761904762       -2.58894166863381     
  0.898540634920635       -2.58873756707345     
  0.899336507936508       -2.58887215079212     
  0.900132380952381       -2.58866722080798     
  0.900928253968254       -2.58845987151887     
  0.901724126984127       -2.58825012774495     
  0.902520000000000       -2.58803800750547     
  0.903315873015873       -2.58817786142149     
  0.904111746031746       -2.58796493379277     
  0.904907619047619       -2.58774965242368     
  0.905703492063492       -2.58753203726579     
  0.906499365079365       -2.58731210457497     
  0.907295238095238       -2.58745709472989     
  0.908091111111111       -2.58723637257881     
  0.908886984126984       -2.58701335857305     
  0.909682857142857       -2.58678806781819     
  0.910478730158730       -2.58656051741470     
  0.911274603174603       -2.58671051346675     
  0.912070476190476       -2.58648219445467     
  0.912866349206349       -2.58625163916093     
  0.913662222222222       -2.58601886249535     
  0.914458095238095       -2.58578387740157     
  0.915253968253968       -2.58593875913022     
  0.916049841269841       -2.58570302360070     
  0.916845714285714       -2.58546509933410     
  0.917641587301587       -2.58522500271066     
  0.918437460317460       -2.58498274653954     
  0.919233333333333       -2.58514240873148     
  0.920029206349206       -2.58489941788645     
  0.920825079365079       -2.58465429005863     
  0.921620952380952       -2.58440703674219     
  0.922416825396825       -2.58456998349303     
  0.923212698412698       -2.58432200593232     
  0.924008571428572       -2.58407192010175     
  0.924804444444444       -2.58381973781487     
  0.925600317460317       -2.58356547203287     
  0.926396190476190       -2.58373302849632     
  0.927192063492064       -2.58347805315548     
  0.927987936507937       -2.58322100971815     
  0.928783809523810       -2.58296191189450     
  0.929579682539683       -2.58270076974308     
  0.930375555555556       -2.58287284709314     
  0.931171428571429       -2.58261100853336     
  0.931967301587302       -2.58234714181322     
  0.932763174603175       -2.58208125856106     
  0.933559047619048       -2.58181336722551     
  0.934354920634921       -2.58198988215767     
  0.935150793650794       -2.58172130604191     
  0.935946666666667       -2.58145073511043     
  0.936742539682540       -2.58117817981304     
  0.937538412698413       -2.58090365071644     
  0.938334285714286       -2.58108452847779     
  0.939130158730159       -2.58080932786786     
  0.939926031746032       -2.58053216334261     
  0.940721904761905       -2.58025304829601     
  0.941517777777778       -2.57997198981576     
  0.942313650793651       -2.58015716183238     
  0.943109523809524       -2.57987544101518     
  0.943905396825397       -2.57959178714978     
  0.944701269841270       -2.57930620811664     
  0.945497142857143       -2.57901871283286     
  0.946293015873016       -2.57920811825981     
  0.947088888888889       -2.57891996927769     
  0.947884761904762       -2.57862991534184     
  0.948680634920635       -2.57833796240754     
  0.949476507936508       -2.57853029837797     
  0.950272380952381       -2.57823769942651     
  0.951068253968254       -2.57794321172480     
  0.951864126984127       -2.57764684466449     
  0.952660000000000       -2.57734860187003     
  0.953455873015873       -2.57754507427207     
  0.954251746031746       -2.57724619257033     
  0.955047619047619       -2.57694544355993     
  0.955843492063492       -2.57664283501930     
  0.956639365079365       -2.57633837295604     
  0.957435238095238       -2.57653893614049     
  0.958231111111111       -2.57623384217736     
  0.959026984126984       -2.57592690272536     
  0.959822857142857       -2.57561812408071     
  0.960618730158730       -2.57530751111348     
  0.961414603174603       -2.57551211934386     
  0.962210476190476       -2.57520088111736     
  0.963006349206349       -2.57488781488440     
  0.963802222222222       -2.57457292647411     
  0.964598095238095       -2.57425622014859     
  0.965393968253968       -2.57446483672499     
  0.966189841269841       -2.57414750988778     
  0.966985714285714       -2.57382837021223     
  0.967781587301587       -2.57350742466215     
  0.968577460317460       -2.57318467725446     
  0.969373333333333       -2.57339726754491     
  0.970169206349206       -2.57307390512029     
  0.970965079365079       -2.57274874553075     
  0.971760952380952       -2.57242179317236     
  0.972556825396825       -2.57263715029936     
  0.973352698412698       -2.57230958464317     
  0.974148571428571       -2.57198023105926     
  0.974944444444445       -2.57164909198648     
  0.975740317460318       -2.57131617098029     
  0.976536190476191       -2.57153545450706     
  0.977332063492063       -2.57120192466085     
  0.978127936507937       -2.57086661740479     
  0.978923809523810       -2.57052953717062     
  0.979719682539683       -2.57019068485731     
  0.980515555555556       -2.57041387120786     
  0.981311428571429       -2.57007441258019     
  0.982107301587302       -2.56973318945934     
  0.982903174603175       -2.56939019902783     
  0.983699047619048       -2.56904544494978     
  0.984494920634921       -2.56927251300206     
  0.985290793650794       -2.56892715669294     
  0.986086666666667       -2.56858004015412     
  0.986882539682540       -2.56823116583204     
  0.987678412698413       -2.56788053415670     
  0.988474285714286       -2.56811146911553     
  0.989270158730159       -2.56776023792032     
  0.990066031746032       -2.56740725338647     
  0.990861904761905       -2.56705251663906     
  0.991657777777778       -2.56669602967898     
  0.992453650793651       -2.56693081582996     
  0.993249523809524       -2.56657373191802     
  0.994045396825397       -2.56621489560822     
  0.994841269841270       -2.56585431268516     
  0.995637142857143       -2.56549198109937     
  0.996433015873016       -2.56573061487471     
  0.997228888888889       -2.56536768565964     
  0.998024761904762       -2.56500301132331     
  0.998820634920635       -2.56463659257532     
  0.999616507936508       -2.56487791505171     
   1.00041238095238       -2.56451090002364     
   1.00120825396825       -2.56414214070004     
   1.00200412698413       -2.56377163806449     
   1.00280000000000       -2.56339939159518     
   1.00359587301587       -2.56364454984411     
   1.00439174603175       -2.56327170624678     
   1.00518761904762       -2.56289712105776     
   1.00598349206349       -2.56252079182947     
   1.00677936507937       -2.56214271989646     
   1.00757523809524       -2.56239170971250     
   1.00837111111111       -2.56201304324044     
   1.00916698412698       -2.56163263136311     
   1.00996285714286       -2.56125047785781     
   1.01075873015873       -2.56086658053285     
   1.01155460317460       -2.56111940466363     
   1.01235047619048       -2.56073491136518     
   1.01314634920635       -2.56034867335516     
   1.01394222222222       -2.55996069191040     
   1.01473809523810       -2.55957096403159     
   1.01553396825397       -2.55982762557927     
   1.01632984126984       -2.55943730071459     
   1.01712571428571       -2.55904522797462     
   1.01792158730159       -2.55865140860191     
   1.01871746031746       -2.55825584075594     
   1.01951333333333       -2.55851634444959     
   1.02030920634921       -2.55812018008704     
   1.02110507936508       -2.55772226446051     
   1.02190095238095       -2.55732259984743     
   1.02269682539683       -2.55758579944252     
   1.02349269841270       -2.55718553869666     
   1.02428857142857       -2.55678351848271     
   1.02508444444444       -2.55637974722140     
   1.02588031746032       -2.55597421989483     
   1.02667619047619       -2.55624127862710     
   1.02747206349206       -2.55583515250716     
   1.02826793650794       -2.55542726677402     
   1.02906380952381       -2.55501762212160     
   1.02985968253968       -2.55460621568374     
   1.03065555555556       -2.55487714698569     
   1.03145142857143       -2.55446513585817     
   1.03224730158730       -2.55405136610659     
   1.03304317460317       -2.55363582869215     
   1.03383904761905       -2.55321852464855     
   1.03463492063492       -2.55349333448241     
   1.03543079365079       -2.55307542705544     
   1.03622666666667       -2.55265574774707     
   1.03702253968254       -2.55223429541557     
   1.03781841269841       -2.55181106781022     
   1.03861428571429       -2.55208977866044     
   1.03941015873016       -2.55166594274344     
   1.04020603174603       -2.55124033199700     
   1.04100190476190       -2.55081294051108     
   1.04179777777778       -2.55038376619823     
   1.04259365079365       -2.55066639139674     
   1.04338952380952       -2.55023660574254     
   1.04418539682540       -2.54980503627728     
   1.04498126984127       -2.54937167750035     
   1.04577714285714       -2.54893652598978     
   1.04657301587302       -2.54922308491257     
   1.04736888888889       -2.54878731974740     
   1.04816476190476       -2.54834976031853     
   1.04896063492063       -2.54791040304488     
   1.04975650793651       -2.54819972888629     
   1.05055238095238       -2.54775975824359     
   1.05134825396825       -2.54731798086204     
   1.05214412698413       -2.54687440079991     
   1.05294000000000       -2.54642901314403     
   1.05373587301587       -2.54672230766658     
   1.05453174603175       -2.54627630395536     
   1.05532761904762       -2.54582848363872     
   1.05612349206349       -2.54537884855385     
   1.05691936507937       -2.54492739308181     
   1.05771523809524       -2.54522468610224     
   1.05851111111111       -2.54477260492811     
   1.05930698412698       -2.54431870644873     
   1.06010285714286       -2.54386297789719     
   1.06089873015873       -2.54340541962763     
   1.06169460317460       -2.54370672854830     
   1.06249047619048       -2.54324854248334     
   1.06328634920635       -2.54278852377288     
   1.06408222222222       -2.54232666461524     
   1.06487809523810       -2.54186296420961     
   1.06567396825397       -2.54216831419303     
   1.06646984126984       -2.54170398439020     
   1.06726571428571       -2.54123780451227     
   1.06806158730159       -2.54076977504750     
   1.06885746031746       -2.54029988887891     
   1.06965333333333       -2.54060931159131     
   1.07044920634921       -2.54013879095794     
   1.07124507936508       -2.53966640920012     
   1.07204095238095       -2.53919216417201     
   1.07283682539683       -2.53871604931735     
   1.07363269841270       -2.53902957303996     
   1.07442857142857       -2.53855281860068     
   1.07522444444444       -2.53807419157834     
   1.07602031746032       -2.53759368634639     
   1.07681619047619       -2.53791010020260     
   1.07761206349206       -2.53742895264722     
   1.07840793650794       -2.53694591976822     
   1.07920380952381       -2.53646099913809     
   1.07999968253968       -2.53597418751008     
   1.08079555555556       -2.53629475089261     
   1.08159142857143       -2.53580729449084     
   1.08238730158730       -2.53531793483657     
   1.08318317460317       -2.53482667426665     
   1.08397904761905       -2.53433350587351     
   1.08477492063492       -2.53465825744223     
   1.08557079365079       -2.53416443428012     
   1.08636666666667       -2.53366870238866     
   1.08716253968254       -2.53317105149241     
   1.08795841269841       -2.53267147850361     
   1.08875428571429       -2.53300044674052     
   1.08955015873016       -2.53250021327988     
   1.09034603174603       -2.53199805477952     
   1.09114190476190       -2.53149396142463     
   1.09193777777778       -2.53098793077188     
   1.09273365079365       -2.53132114901576     
   1.09352952380952       -2.53081445395220     
   1.09432539682540       -2.53030581496028     
   1.09512126984127       -2.52979522659262     
   1.09591714285714       -2.52928268558468     
   1.09671301587302       -2.52962018907998     
   1.09750888888889       -2.52910697937685     
   1.09830476190476       -2.52859180764746     
   1.09910063492063       -2.52807467055131     
   1.09989650793651       -2.52841520303897     
   1.10069238095238       -2.52789738928882     
   1.10148825396825       -2.52737760759455     
   1.10228412698413       -2.52685584733007     
   1.10308000000000       -2.52633210467787     
   1.10387587301587       -2.52667698511744     
   1.10467174603175       -2.52615256113889     
   1.10546761904762       -2.52562615034505     
   1.10626349206349       -2.52509774383206     
   1.10705936507937       -2.52456733777360     
   1.10785523809524       -2.52491660196449     
   1.10865111111111       -2.52438551334604     
   1.10944698412698       -2.52385241407108     
   1.11024285714286       -2.52331730396439     
   1.11103873015873       -2.52278017539049     
   1.11183460317460       -2.52313386675839     
   1.11263047619048       -2.52259604810222     
   1.11342634920635       -2.52205620382397     
   1.11422222222222       -2.52151432891024     
   1.11501809523810       -2.52097041758167     
   1.11581396825397       -2.52132857438113     
   1.11660984126984       -2.52078396579499     
   1.11740571428571       -2.52023731516976     
   1.11820158730159       -2.51968861476280     
   1.11899746031746       -2.51913785974471     
   1.11979333333333       -2.51950052253316     
   1.12058920634921       -2.51894906329130     
   1.12138507936508       -2.51839554346012     
   1.12218095238095       -2.51783995546897     
   1.12297682539683       -2.51728229315402     
   1.12377269841270       -2.51764950433621     
   1.12456857142857       -2.51709113073773     
   1.12536444444444       -2.51653067800446     
   1.12616031746032       -2.51596813767935     
   1.12695619047619       -2.51633856061789     
   1.12775206349206       -2.51577530350174     
   1.12854793650794       -2.51520995343804     
   1.12934380952381       -2.51464250287630     
   1.13013968253968       -2.51407294598240     
   1.13093555555556       -2.51444798893344     
   1.13173142857143       -2.51387770840432     
   1.13252730158730       -2.51330531512737     
   1.13332317460317       -2.51273080185405     
   1.13411904761905       -2.51215416211897     
   1.13491492063492       -2.51253386486583     
   1.13571079365079       -2.51195649946187     
   1.13650666666667       -2.51137699484448     
   1.13730253968254       -2.51079535137019     
   1.13809841269841       -2.51021156044771     
   1.13889428571429       -2.51059597258782     
   1.13969015873016       -2.51001144786935     
   1.14048603174603       -2.50942476563628     
   1.14128190476190       -2.50883592300396     
   1.14207777777778       -2.50824491391982     
   1.14287365079365       -2.50863407756716     
   1.14366952380952       -2.50804232730337     
   1.14446539682540       -2.50744840005093     
   1.14526126984127       -2.50685229089281     
   1.14605714285714       -2.50625399361739     
   1.14685301587302       -2.50664795711249     
   1.14764888888889       -2.50604890973376     
   1.14844476190476       -2.50544766604063     
   1.14924063492063       -2.50484421879619     
   1.15003650793651       -2.50423856303064     
   1.15083238095238       -2.50463737087110     
   1.15162825396825       -2.50403095818396     
   1.15242412698413       -2.50342232568417     
   1.15322000000000       -2.50281146938481     
   1.15401587301587       -2.50321370332423     
   1.15481174603175       -2.50260208278434     
   1.15560761904762       -2.50198823223424     
   1.15640349206349       -2.50137214092277     
   1.15719936507937       -2.50075380466228     
   1.15799523809524       -2.50116096115681     
   1.15879111111111       -2.50054185544480     
   1.15958698412698       -2.49992049294703     
   1.16038285714286       -2.49929687000095     
   1.16117873015873       -2.49867097815973     
   1.16197460317460       -2.49908310973509     
   1.16277047619048       -2.49845644117500     
   1.16356634920635       -2.49782749428991     
   1.16436222222222       -2.49719626474689     
   1.16515809523810       -2.49656274505371     
   1.16595396825397       -2.49697989779707     
   1.16674984126984       -2.49634559514083     
   1.16754571428571       -2.49570898916063     
   1.16834158730159       -2.49507007827508     
   1.16913746031746       -2.49442885420946     
   1.16993333333333       -2.49485107982330     
   1.17072920634921       -2.49420906345664     
   1.17152507936508       -2.49356472518613     
   1.17232095238095       -2.49291805662982     
   1.17311682539683       -2.49226905202365     
   1.17391269841270       -2.49269640128663     
   1.17470857142857       -2.49204659554296     
   1.17550444444444       -2.49139444677347     
   1.17630031746032       -2.49073994496673     
   1.17709619047619       -2.49117091109672     
   1.17789206349206       -2.49051560592072     
   1.17868793650794       -2.48985793542427     
   1.17948380952381       -2.48919789830361     
   1.18027968253968       -2.48853548539761     
   1.18107555555556       -2.48897166319955     
   1.18187142857143       -2.48830843473004     
   1.18266730158730       -2.48764282326043     
   1.18346317460317       -2.48697481959939     
   1.18425904761905       -2.48630441684482     
   1.18505492063492       -2.48674585725440     
   1.18585079365079       -2.48607462811670     
   1.18664666666667       -2.48540099635393     
   1.18744253968254       -2.48472494662610     
   1.18823841269841       -2.48404647494521     
   1.18903428571429       -2.48449322425921     
   1.18983015873016       -2.48381392360198     
   1.19062603174603       -2.48313218801698     
   1.19142190476190       -2.48244801473275     
   1.19221777777778       -2.48176139362276     
   1.19301365079365       -2.48221350963446     
   1.19380952380952       -2.48152605025668     
   1.19460539682540       -2.48083613457397     
   1.19540126984127       -2.48014375466788     
   1.19619714285714       -2.47944890429550     
   1.19699301587302       -2.47990643742559     
   1.19778888888889       -2.47921074033938     
   1.19858476190476       -2.47851256264989     
   1.19938063492064       -2.47781189521366     
   1.20017650793651       -2.47710873377934     
   1.20097238095238       -2.47757173808566     
   1.20176825396825       -2.47686772207932     
   1.20256412698413       -2.47616119898184     
   1.20336000000000       -2.47545216326221     
   1.20415587301587       -2.47591903563431     
   1.20495174603175       -2.47520913927107     
   1.20574761904762       -2.47449672033540     
   1.20654349206349       -2.47378177007603     
   1.20733936507937       -2.47306428298764     
   1.20813523809524       -2.47353672173913     
   1.20893111111111       -2.47281836301628     
   1.20972698412698       -2.47209745811247     
   1.21052285714286       -2.47137399766981     
   1.21131873015873       -2.47064797450235     
   1.21211460317460       -2.47112603344609     
   1.21291047619048       -2.47039912989995     
   1.21370634920635       -2.46966965544664     
   1.21450222222222       -2.46893759931977     
   1.21529809523810       -2.46820295570504     
   1.21609396825397       -2.46868669016271     
   1.21688984126984       -2.46795115782705     
   1.21768571428571       -2.46721302930866     
   1.21848158730159       -2.46647229431550     
   1.21927746031746       -2.46572894645068     
   1.22007333333333       -2.46621840875060     
   1.22086920634921       -2.46547416802788     
   1.22166507936508       -2.46472729829815     
   1.22246095238095       -2.46397779745309     
   1.22325682539683       -2.46322565754347     
   1.22405269841270       -2.46372090860304     
   1.22484857142857       -2.46296786679105     
   1.22564444444444       -2.46221217156540     
   1.22644031746032       -2.46145381992160     
   1.22723619047619       -2.46195316128000     
   1.22803206349206       -2.46119390040640     
   1.22882793650794       -2.46043196903455     
   1.22962380952381       -2.45966736357877     
   1.23041968253968       -2.45890007295561     
   1.23121555555556       -2.45940529782307     
   1.23201142857143       -2.45863709147515     
   1.23280730158730       -2.45786618665261     
   1.23360317460317       -2.45709258249378     
   1.23439904761905       -2.45631626591866     
   1.23519492063492       -2.45682743470316     
   1.23599079365079       -2.45605019120308     
   1.23678666666667       -2.45527022519739     
   1.23758253968254       -2.45448753102959     
   1.23837841269841       -2.45370210193596     
   1.23917428571429       -2.45421927161958     
   1.23997015873016       -2.45343290437594     
   1.24076603174603       -2.45264378866081     
   1.24156190476190       -2.45185191879036     
   1.24235777777778       -2.45105728728435     
   1.24315365079365       -2.45158051633849     
   1.24394952380952       -2.45078493690978     
   1.24474539682540       -2.44998658301053     
   1.24554126984127       -2.44918544790839     
   1.24633714285714       -2.44838152255771     
   1.24713301587302       -2.44891086900953     
   1.24792888888889       -2.44810598974845     
   1.24872476190476       -2.44729830627919     
   1.24952063492063       -2.44648781616996     
   1.25031650793651       -2.44567450811101     
   1.25111238095238       -2.44621003325566     
   1.25190825396825       -2.44539576084385     
   1.25270412698413       -2.44457865990821     
   1.25350000000000       -2.44375872372034     
   1.25429587301587       -2.44429861163918     
   1.25509174603175       -2.44347770456546     
   1.25588761904762       -2.44265394952837     
   1.25668349206349       -2.44182734027651     
   1.25747936507937       -2.44099786785128     
   1.25827523809524       -2.44154403354896     
   1.25907111111111       -2.44071358206428     
   1.25986698412698       -2.43988025314800     
   1.26066285714286       -2.43904404336192     
   1.26145873015873       -2.43820494254666     
   1.26225460317460       -2.43875744706807     
   1.26305047619048       -2.43791735780497     
   1.26384634920635       -2.43707436409970     
   1.26464222222222       -2.43622846066738     
   1.26543809523810       -2.43537963912012     
   1.26623396825397       -2.43593854674895     
   1.26702984126984       -2.43508872378431     
   1.26782571428571       -2.43423597235126     
   1.26862158730159       -2.43338028382417     
   1.26941746031746       -2.43252164885066     
   1.27021333333333       -2.43308701661015     
   1.27100920634921       -2.43222737180635     
   1.27180507936508       -2.43136476993032     
   1.27260095238095       -2.43049920296729     
   1.27339682539683       -2.42963066222967     
   1.27419269841270       -2.43020254998092     
   1.27498857142857       -2.42933299309986     
   1.27578444444444       -2.42846044746483     
   1.27658031746032       -2.42758490926760     
   1.27737619047619       -2.42670637066635     
   1.27817206349206       -2.42728484051870     
   1.27896793650794       -2.42640527630131     
   1.27976380952381       -2.42552269434660     
   1.28055968253968       -2.42463709220534     
   1.28135555555556       -2.42522021564155     
   1.28215142857143       -2.42433357669915     
   1.28294730158730       -2.42344390778451     
   1.28374317460317       -2.42255119705680     
   1.28453904761905       -2.42165543534946     
   1.28533492063492       -2.42224524396035     
   1.28613079365079       -2.42134843978991     
   1.28692666666667       -2.42044857025107     
   1.28772253968254       -2.41954563193387     
   1.28851841269841       -2.41863961197192     
   1.28931428571429       -2.41923617671223     
   1.29011015873016       -2.41832910144036     
   1.29090603174603       -2.41741893521341     
   1.29170190476190       -2.41650566742312     
   1.29249777777778       -2.41558929130841     
   1.29329365079365       -2.41619267556624     
   1.29408952380952       -2.41527523211911     
   1.29488539682540       -2.41435466863043     
   1.29568126984127       -2.41343097421852     
   1.29647714285714       -2.41250413705383     
   1.29727301587302       -2.41311441083700     
   1.29806888888889       -2.41218649287733     
   1.29886476190476       -2.41125542131467     
   1.29966063492063       -2.41032117939909     
   1.30045650793651       -2.40938375765652     
   1.30125238095238       -2.41000099704657     
   1.30204825396825       -2.40906248730778     
   1.30284412698413       -2.40812077702518     
   1.30364000000000       -2.40717586013789     
   1.30443587301587       -2.40779803724153     
   1.30523174603175       -2.40685201861834     
   1.30602761904762       -2.40590278271546     
   1.30682349206349       -2.40495030850993     
   1.30761936507937       -2.40399458962480     
   1.30841523809524       -2.40462387740132     
   1.30921111111111       -2.40366704695264     
   1.31000698412698       -2.40270695135024     
   1.31080285714286       -2.40174358420365     
   1.31159873015873       -2.40077692596761     
   1.31239460317460       -2.40141341620118     
   1.31319047619048       -2.40044563245409     
   1.31398634920635       -2.39947453780291     
   1.31478222222222       -2.39850012513883     
   1.31557809523810       -2.39752237681910     
   1.31637396825397       -2.39816617232449     
   1.31716984126984       -2.39718728031062     
   1.31796571428571       -2.39620503754182     
   1.31876158730159       -2.39521942687534     
   1.31955746031746       -2.39423043768201     
   1.32035333333333       -2.39488163796904     
   1.32114920634921       -2.39389148629236     
   1.32194507936508       -2.39289794081256     
   1.32274095238095       -2.39190098243467     
   1.32353682539683       -2.39090059970884     
   1.32433269841270       -2.39155930162991     
   1.32512857142857       -2.39055774134578     
   1.32592444444444       -2.38955273464678     
   1.32672031746032       -2.38854426716783     
   1.32751619047619       -2.38753232226312     
   1.32831206349206       -2.38819864003894     
   1.32910793650794       -2.38718549929383     
   1.32990380952381       -2.38616886522389     
   1.33069968253968       -2.38514871661552     
   1.33149555555556       -2.38582043520198     
   1.33229142857143       -2.38479907965097     
   1.33308730158730       -2.38377419648340     
   1.33388317460317       -2.38274576096675     
   1.33467904761905       -2.38171376379901     
   1.33547492063492       -2.38239328531913     
   1.33627079365079       -2.38136006409473     
   1.33706666666667       -2.38032326234849     
   1.33786253968254       -2.37928285809656     
   1.33865841269841       -2.37823883911534     
   1.33945428571429       -2.37892627486176     
   1.34025015873016       -2.37788101761043     
   1.34104603174603       -2.37683211796659     
   1.34184190476190       -2.37577956635661     
   1.34263777777778       -2.37472334188118     
   1.34343365079365       -2.37541881605433     
   1.34422952380952       -2.37436133425031     
   1.34502539682540       -2.37330015821881     
   1.34582126984127       -2.37223527367336     
   1.34661714285714       -2.37116666220396     
   1.34741301587302       -2.37187029438171     
   1.34820888888889       -2.37080040587917     
   1.34900476190476       -2.36972676858020     
   1.34980063492064       -2.36864936737105     
   1.35059650793651       -2.36756818491792     
   1.35139238095238       -2.36828010011683     
   1.35218825396825       -2.36719761669745     
   1.35298412698413       -2.36611133490053     
   1.35378000000000       -2.36502123072564     
   1.35457587301587       -2.36392728885032     
   1.35537174603175       -2.36464760589226     
   1.35616761904762       -2.36355234491454     
   1.35696349206349       -2.36245322599764     
   1.35775936507937       -2.36135022728020     
   1.35855523809524       -2.36207650787376     
   1.35935111111111       -2.36097217697148     
   1.36014698412698       -2.35986394813308     
   1.36094285714286       -2.35875179718558     
   1.36173873015873       -2.35763571081584     
   1.36253460317460       -2.35837060892051     
   1.36333047619048       -2.35725317216609     
   1.36412634920635       -2.35613177820746     
   1.36492222222222       -2.35500640444585     
   1.36571809523810       -2.35387703706889     
   1.36651396825397       -2.35462068222540     
   1.36730984126984       -2.35348994426561     
   1.36810571428571       -2.35235518924743     
   1.36890158730159       -2.35121639921063     
   1.36969746031746       -2.35007355499715     
   1.37049333333333       -2.35082607287090     
   1.37128920634921       -2.34968184070442     
   1.37208507936508       -2.34853352762500     
   1.37288095238095       -2.34738112094653     
   1.37367682539683       -2.34622459978159     
   1.37447269841270       -2.34698612621551     
   1.37526857142857       -2.34582819478936     
   1.37606444444444       -2.34466612719161     
   1.37686031746032       -2.34349990422034     
   1.37765619047619       -2.34232950910452     
   1.37845206349206       -2.34310017556378     
   1.37924793650794       -2.34192834577665     
   1.38004380952381       -2.34075232421929     
   1.38083968253968       -2.33957208759126     
   1.38163555555556       -2.34034922857134     
   1.38243142857143       -2.33916755305188     
   1.38322730158730       -2.33798162922497     
   1.38402317460317       -2.33679145294552     
   1.38481904761905       -2.33559700160481     
   1.38561492063492       -2.33638350595827     
   1.38641079365079       -2.33518758939580     
   1.38720666666667       -2.33398737453650     
   1.38800253968254       -2.33278284076666     
   1.38879841269841       -2.33157397316084     
   1.38959428571429       -2.33236997314111     
   1.39039015873016       -2.33115961723511     
   1.39118603174603       -2.32994490633032     
   1.39198190476190       -2.32872581485902     
   1.39277777777778       -2.32750232959332     
   1.39357365079365       -2.32830795464083     
   1.39436952380952       -2.32708296244318     
   1.39516539682540       -2.32585355082493     
   1.39596126984127       -2.32461970368877     
   1.39675714285714       -2.32338139937594     
   1.39755301587302       -2.32419678168977     
   1.39834888888889       -2.32295695122145     
   1.39914476190476       -2.32171263892046     
   1.39994063492063       -2.32046383185718     
   1.40073650793651       -2.31921050809531     
   1.40153238095238       -2.32003578109260     
   1.40232825396825       -2.31878091037800     
   1.40312412698413       -2.31752149795996     
   1.40392000000000       -2.31625752778533     
   1.40471587301587       -2.31498898332782     
   1.40551174603175       -2.31582428173064     
   1.40630761904762       -2.31455416648558     
   1.40710349206349       -2.31327945170732     
   1.40789936507937       -2.31200011849534     
   1.40869523809524       -2.31284251966281     
   1.40949111111111       -2.31156160588055     
   1.41028698412698       -2.31027604727011     
   1.41108285714286       -2.30898582926453     
   1.41187873015873       -2.30769093360276     
   1.41267460317460       -2.30854358159587     
   1.41347047619048       -2.30724708355462     
   1.41426634920635       -2.30594588312037     
   1.41506222222222       -2.30463996142575     
   1.41585809523810       -2.30332930269016     
   1.41665396825397       -2.30419233237857     
   1.41744984126984       -2.30288004862468     
   1.41824571428571       -2.30156300750785     
   1.41904158730159       -2.30024118355698     
   1.41983746031746       -2.29891456341350     
   1.42063333333333       -2.29978810281522     
   1.42142920634921       -2.29845983825166     
   1.42222507936508       -2.29712675292660     
   1.42302095238095       -2.29578883091880     
   1.42381682539683       -2.29444604936910     
   1.42461269841270       -2.29533023057812     
   1.42540857142857       -2.29398578465449     
   1.42620444444444       -2.29263645908700     
   1.42700031746032       -2.29128223745519     
   1.42779619047619       -2.28992309820107     
   1.42859206349206       -2.29081805004678     
   1.42938793650794       -2.28945722655608     
   1.43018380952381       -2.28809146506868     
   1.43097968253968       -2.28672074816277     
   1.43177555555556       -2.28762332032300     
   1.43257142857143       -2.28625091122499     
   1.43336730158730       -2.28487351146020     
   1.43416317460317       -2.28349111952393     
   1.43495904761905       -2.28210371272876     
   1.43575492063492       -2.28301727766303     
   1.43655079365079       -2.28162815462349     
   1.43734666666667       -2.28023399168720     
   1.43814253968254       -2.27883477394098     
   1.43893841269841       -2.27743048322729     
   1.43973428571429       -2.27835516550510     
   1.44053015873016       -2.27694913865634     
   1.44132603174603       -2.27553801270806     
   1.44212190476190       -2.27412177594043     
   1.44291777777778       -2.27270040883247     
   1.44371365079365       -2.27363633576264     
   1.44450952380952       -2.27221320941191     
   1.44530539682540       -2.27078493478588     
   1.44610126984127       -2.26935148779351     
   1.44689714285714       -2.26791285613052     
   1.44769301587302       -2.26886014966408     
   1.44848888888889       -2.26741974030439     
   1.44928476190476       -2.26597412302067     
   1.45008063492063       -2.26452327781848     
   1.45087650793651       -2.26306719137120     
   1.45167238095238       -2.26402597848789     
   1.45246825396825       -2.26256809483183     
   1.45326412698413       -2.26110494766641     
   1.45406000000000       -2.25963651788061     
   1.45485587301587       -2.25816278918316     
   1.45565174603175       -2.25913319056162     
   1.45644761904762       -2.25765764711987     
   1.45724349206349       -2.25617678050168     
   1.45803936507937       -2.25469057792604     
   1.45883523809524       -2.25566919655308     
   1.45963111111111       -2.25418116030932     
   1.46042698412698       -2.25268777015137     
   1.46122285714286       -2.25118900194727     
   1.46201873015873       -2.24968484238041     
   1.46281460317460       -2.25067528026807     
   1.46361047619048       -2.24916927605957     
   1.46440634920635       -2.24765785362879     
   1.46520222222222       -2.24614100297560     
   1.46599809523810       -2.24461870717922     
   1.46679396825397       -2.24562108274257     
   1.46758984126984       -2.24409692747964     
   1.46838571428571       -2.24256729412546     
   1.46918158730159       -2.24103218124666     
   1.46997746031746       -2.23949156645411     
   1.47077333333333       -2.24050600737590     
   1.47156920634921       -2.23896350703328     
   1.47236507936508       -2.23741548869559     
   1.47316095238095       -2.23586192921953     
   1.47395682539683       -2.23430281711227     
   1.47475269841270       -2.23532943581013     
   1.47554857142857       -2.23376842080888     
   1.47634444444444       -2.23220183472277     
   1.47714031746032       -2.23062965654235     
   1.47793619047619       -2.22905187327529     
   1.47873206349206       -2.23009078463666     
   1.47952793650794       -2.22851108107956     
   1.48032380952381       -2.22692575200495     
   1.48111968253968       -2.22533478317941     
   1.48191555555556       -2.22373815658107     
   1.48271142857143       -2.22478947223948     
   1.48350730158730       -2.22319090940331     
   1.48430317460317       -2.22158666709409     
   1.48509904761905       -2.21997673404089     
   1.48589492063492       -2.22103681518760     
   1.48669079365079       -2.21942492702722     
   1.48748666666667       -2.21780732898614     
   1.48828253968254       -2.21618400121157     
   1.48907841269841       -2.21455493066249     
   1.48987428571429       -2.21562760501091     
   1.49067015873016       -2.21399657267862     
   1.49146603174603       -2.21235976768116     
   1.49226190476190       -2.21071718760204     
   1.49305777777778       -2.20906881421319     
   1.49385365079365       -2.21015419751976     
   1.49464952380952       -2.20850384409274     
   1.49544539682540       -2.20684767156467     
   1.49624126984127       -2.20518567438710     
   1.49703714285714       -2.20351783524218     
   1.49783301587302       -2.20461603691477     
   1.49862888888889       -2.20294619460707     
   1.49942476190476       -2.20127049682580     
   1.50022063492064       -2.19958891846123     
   1.50101650793651       -2.19790144954743     
   1.50181238095238       -2.19901257439054     
   1.50260825396825       -2.19732308587432     
   1.50340412698413       -2.19562769310668     
   1.50420000000000       -2.19392637201317     
   1.50499587301587       -2.19221911226023     
   1.50579174603175       -2.19334326494267     
   1.50658761904762       -2.19163397080816     
   1.50738349206349       -2.18991871989531     
   1.50817936507937       -2.18819749883518     
   1.50897523809524       -2.18933084583236     
   1.50977111111111       -2.18760757449609     
   1.51056698412698       -2.18587831827999     
   1.51136285714286       -2.18414305763545     
   1.51215873015873       -2.18240178259015     
   1.51295460317460       -2.18354833076717     
   1.51375047619048       -2.18180499083325     
   1.51454634920635       -2.18005561750772     
   1.51534222222222       -2.17830019467200     
   1.51613809523810       -2.17653870864614     
   1.51693396825397       -2.17769855777196     
   1.51772984126984       -2.17593500003910     
   1.51852571428571       -2.17416535466593     
   1.51932158730159       -2.17238961660677     
   1.52011746031746       -2.17060776989221     
   1.52091333333333       -2.17178102091146     
   1.52170920634921       -2.16999708851466     
   1.52250507936508       -2.16820701946959     
   1.52330095238095       -2.16641081479219     
   1.52409682539683       -2.16460845688033     
   1.52489269841270       -2.16579521363670     
   1.52568857142857       -2.16399074879995     
   1.52648444444444       -2.16218011722256     
   1.52728031746032       -2.16036329987323     
   1.52807619047619       -2.15854028810255     
   1.52887206349206       -2.15974064121335     
   1.52966793650794       -2.15791550768850     
   1.53046380952381       -2.15608416520911     
   1.53125968253968       -2.15424659490228     
   1.53205555555556       -2.15240278659652     
   1.53285142857143       -2.15361683035975     
   1.53364730158730       -2.15177088552944     
   1.53444317460317       -2.14991868638000     
   1.53523904761905       -2.14806022201163     
   1.53603492063492       -2.14928391713242     
   1.53683079365079       -2.14742330124939     
   1.53762666666667       -2.14555640480607     
   1.53842253968254       -2.14368320869561     
   1.53921841269841       -2.14180370520009     
   1.54001428571429       -2.14304124902746     
   1.54081015873016       -2.14115958130158     
   1.54160603174603       -2.13927159105572     
   1.54240190476190       -2.13737726364986     
   1.54319777777778       -2.13547658634492     
   1.54399365079365       -2.13672806474638     
   1.54478952380952       -2.13482521747975     
   1.54558539682540       -2.13291600017848     
   1.54638126984127       -2.13100040873408     
   1.54717714285714       -2.12907842734393     
   1.54797301587302       -2.13034393000824     
   1.54876888888889       -2.12841976442695     
   1.54956476190476       -2.12648919004960     
   1.55036063492063       -2.12455220122636     
   1.55115650793651       -2.12260878359323     
   1.55195238095238       -2.12388839682014     
   1.55274825396825       -2.12194278208605     
   1.55354412698413       -2.11999071839751     
   1.55434000000000       -2.11803220042322     
   1.55513587301587       -2.11606721477341     
   1.55593174603175       -2.11736102624936     
   1.55672761904762       -2.11539382632780     
   1.55752349206349       -2.11342014843955     
   1.55831936507937       -2.11143997312477     
   1.55911523809524       -2.10945329601625     
   1.55991111111111       -2.11076138559460     
   1.56070698412698       -2.10877248170232     
   1.56150285714286       -2.10677706168767     
   1.56229873015873       -2.10477510962968     
   1.56309460317460       -2.10609325256561     
   1.56389047619048       -2.10408906686222     
   1.56468634920635       -2.10207833749090     
   1.56548222222222       -2.10006105272968     
   1.56627809523810       -2.09803720515047     
   1.56707396825397       -2.09936976665625     
   1.56786984126984       -2.09734366562447     
   1.56866571428571       -2.09531098869811     
   1.56946158730159       -2.09327171968233     
   1.57025746031746       -2.09122585140419     
   1.57105333333333       -2.09257290623879     
   1.57184920634921       -2.09052477429202     
   1.57264507936508       -2.08847002838723     
   1.57344095238095       -2.08640865620640     
   1.57423682539683       -2.08434064755304     
   1.57503269841270       -2.08570227221653     
   1.57582857142857       -2.08363199639018     
   1.57662444444444       -2.08155506508211     
   1.57742031746032       -2.07947147689470     
   1.57821619047619       -2.07738121865845     
   1.57901206349206       -2.07875748927284     
   1.57980793650794       -2.07666495196393     
   1.58060380952381       -2.07456572736032     
   1.58139968253968       -2.07245981176519     
   1.58219555555556       -2.07034719450164     
   1.58299142857143       -2.07173818313263     
   1.58378730158730       -2.06962327087400     
   1.58458317460317       -2.06750164577013     
   1.58537904761905       -2.06537329196446     
   1.58617492063492       -2.06677463490587     
   1.58697079365079       -2.06464398426593     
   1.58776666666667       -2.06250658901248     
   1.58856253968254       -2.06036244902215     
   1.58935841269841       -2.05821154658118     
   1.59015428571429       -2.05962773471132     
   1.59095015873016       -2.05747452015686     
   1.59174603174603       -2.05531453635465     
   1.59254190476190       -2.05314777145686     
   1.59333777777778       -2.05097422092253     
   1.59413365079365       -2.05240532023044     
   1.59492952380952       -2.05022944162164     
   1.59572539682540       -2.04804676581277     
   1.59652126984127       -2.04585727927716     
   1.59731714285714       -2.04366097586222     
   1.59811301587302       -2.04510705263429     
   1.59890888888889       -2.04290840987583     
   1.59970476190476       -2.04070294249740     
   1.60050063492063       -2.03849063433483     
   1.60129650793651       -2.03627147777327     
   1.60209238095238       -2.03773259035562     
   1.60288825396825       -2.03551109547520     
   1.60368412698413       -2.03328273316641     
   1.60448000000000       -2.03104750412288     
   1.60527587301587       -2.02880539584796     
   1.60607174603175       -2.03028161630001     
   1.60686761904762       -2.02803715828509     
   1.60766349206349       -2.02578580479020     
   1.60845936507937       -2.02352755534504     
   1.60925523809524       -2.02126239950791     
   1.61005111111111       -2.02275379060056     
   1.61084698412698       -2.02048627098803     
   1.61164285714286       -2.01821183730545     
   1.61243873015873       -2.01593047580843     
   1.61323460317460       -2.01743253191471     
   1.61403047619048       -2.01514880294248     
   1.61482634920635       -2.01285813517671     
   1.61562222222222       -2.01056052813511     
   1.61641809523810       -2.00825596601012     
   1.61721396825397       -2.00977329138665     
   1.61800984126984       -2.00746635349669     
   1.61880571428571       -2.00515244960890     
   1.61960158730159       -2.00283157652200     
   1.62039746031746       -2.00050372667744     
   1.62119333333333       -2.00203638662390     
   1.62198920634921       -1.99970614293839     
   1.62278507936508       -1.99736891383003     
   1.62358095238095       -1.99502468801577     
   1.62437682539683       -1.99267345905728     
   1.62517269841270       -1.99422150719241     
   1.62596857142857       -1.99186787543892     
   1.62676444444444       -1.98950723304436     
   1.62756031746032       -1.98713956744867     
   1.62835619047619       -1.98476487255488     
   1.62915206349206       -1.98632835926246     
   1.62994793650794       -1.98395126487846     
   1.63074380952381       -1.98156712413618     
   1.63153968253968       -1.97917593993500     
   1.63233555555556       -1.97677770256314     
   1.63313142857143       -1.97835668468270     
   1.63392730158730       -1.97595603924448     
   1.63472317460317       -1.97354832445073     
   1.63551904761905       -1.97113354152961     
   1.63631492063492       -1.97272341526425     
   1.63711079365079       -1.97030621353966     
   1.63790666666667       -1.96788193193865     
   1.63870253968254       -1.96545056890256     
   1.63949841269841       -1.96301210872581     
   1.64029428571429       -1.96461756226989     
   1.64109015873016       -1.96217667976852     
   1.64188603174603       -1.95972868813902     
   1.64268190476190       -1.95727359238512     
   1.64347777777778       -1.95481137599442     
   1.64427365079365       -1.95643246830245     
   1.64506952380952       -1.95396781726997     
   1.64586539682540       -1.95149604170429     
   1.64666126984127       -1.94901713352095     
   1.64745714285714       -1.94653109160922     
   1.64825301587302       -1.94816786942976     
   1.64904888888889       -1.94567938006052     
   1.64984476190476       -1.94318374791024     
   1.65064063492064       -1.94068096361666     
   1.65143650793651       -1.93817102342353     
   1.65223238095238       -1.93982352966275     
   1.65302825396825       -1.93731113564351     
   1.65382412698413       -1.93479157773590     
   1.65462000000000       -1.93226484718694     
   1.65541587301587       -1.92973093730946     
   1.65621174603175       -1.93139921482383     
   1.65700761904762       -1.92886285377236     
   1.65780349206349       -1.92631929842968     
   1.65859936507937       -1.92376855151230     
   1.65939523809524       -1.92121060516889     
   1.66019111111111       -1.92289470180631     
   1.66098698412698       -1.92033429791797     
   1.66178285714286       -1.91776667798434     
   1.66257873015873       -1.91519184711987     
   1.66337460317460       -1.91688705904360     
   1.66417047619048       -1.91430975948101     
   1.66496634920635       -1.91172523868473     
   1.66576222222222       -1.90913349608886     
   1.66655809523810       -1.90653451824719     
   1.66735396825397       -1.90824561810493     
   1.66814984126984       -1.90564417063409     
   1.66894571428571       -1.90303547774355     
   1.66974158730159       -1.90041954611889     
   1.67053746031746       -1.89779636075823     
   1.67133333333333       -1.89952339502430     
   1.67212920634921       -1.89689773120364     
   1.67292507936508       -1.89426481012387     
   1.67372095238095       -1.89162463033255     
   1.67451682539683       -1.88897717871881     
   1.67531269841270       -1.89072018479881     
   1.67610857142857       -1.88807024693724     
   1.67690444444444       -1.88541303585353     
   1.67770031746032       -1.88274854329307     
   1.67849619047619       -1.88007676868956     
   1.67929206349206       -1.88183578650510     
   1.68008793650794       -1.87916151438354     
   1.68088380952381       -1.87647995250727     
   1.68167968253968       -1.87379109352922     
   1.68247555555556       -1.87109493563786     
   1.68327142857143       -1.87287000112862     
   1.68406730158730       -1.87017133991733     
   1.68486317460317       -1.86746537285206     
   1.68565904761905       -1.86475209296586     
   1.68645492063492       -1.86203149720355     
   1.68725079365079       -1.86382264110094     
   1.68804666666667       -1.86109954744556     
   1.68884253968254       -1.85836912281776     
   1.68963841269841       -1.85563137198574     
   1.69043428571429       -1.85743380942776     
   1.69123015873016       -1.85469354839889     
   1.69202603174603       -1.85194596386393     
   1.69282190476190       -1.84919103249640     
   1.69361777777778       -1.84642875949267     
   1.69441365079365       -1.84824733484194     
   1.69520952380952       -1.84548254924172     
   1.69600539682540       -1.84271041579049     
   1.69680126984127       -1.83993093257859     
   1.69759714285714       -1.83714408597144     
   1.69839301587302       -1.83897883118700     
   1.69918888888889       -1.83618946990700     
   1.69998476190476       -1.83339274302545     
   1.70078063492063       -1.83058865059979     
   1.70157650793651       -1.82777718300624     
   1.70237238095238       -1.82962813165366     
   1.70316825396825       -1.82681414449400     
   1.70396412698413       -1.82399277800529     
   1.70476000000000       -1.82116403053582     
   1.70555587301587       -1.81832790151982     
   1.70635174603175       -1.82019508637682     
   1.70714761904762       -1.81735642555388     
   1.70794349206349       -1.81451037843869     
   1.70873936507937       -1.81165693724736     
   1.70953523809524       -1.80879609900500     
   1.71033111111111       -1.81067954753808     
   1.71112698412698       -1.80781617154537     
   1.71192285714286       -1.80494540098665     
   1.71271873015873       -1.80206722129952     
   1.71351460317460       -1.80396207834548     
   1.71431047619048       -1.80108136162381     
   1.71510634920635       -1.79819324360430     
   1.71590222222222       -1.79529770170102     
   1.71669809523810       -1.79239474390580     
   1.71749396825397       -1.79430590710925     
   1.71828984126984       -1.79140040901693     
   1.71908571428571       -1.78848749278230     
   1.71988158730159       -1.78556714202987     
   1.72067746031746       -1.78263936346155     
   1.72147333333333       -1.78456685852390     
   1.72226920634921       -1.78163654094010     
   1.72306507936508       -1.77869878267815     
   1.72386095238095       -1.77575359217672     
   1.72465682539683       -1.77280095610027     
   1.72545269841270       -1.77474480968137     
   1.72624857142857       -1.77178963200639     
   1.72704444444444       -1.76882700623908     
   1.72784031746032       -1.76585693485379     
   1.72863619047619       -1.76287940953008     
   1.72943206349206       -1.76483964143847     
   1.73022793650794       -1.76185957204035     
   1.73102380952381       -1.75887204145314     
   1.73181968253968       -1.75587705322223     
   1.73261555555556       -1.75287460501213     
   1.73341142857143       -1.75485124741454     
   1.73420730158730       -1.75184624109559     
   1.73500317460317       -1.74883377441106     
   1.73579904761905       -1.74581383763301     
   1.73659492063492       -1.74278643163416     
   1.73739079365079       -1.74477949810598     
   1.73818666666667       -1.74174953098514     
   1.73898253968254       -1.73871209016296     
   1.73977841269841       -1.73566717104140     
   1.74057428571429       -1.73767175980091     
   1.74137015873016       -1.73462428103149     
   1.74216603174603       -1.73156932587884     
   1.74296190476190       -1.72850687876290     
   1.74375777777778       -1.72543694636511     
   1.74455365079365       -1.72745799753011     
   1.74534952380952       -1.72438550096590     
   1.74614539682540       -1.72130552251270     
   1.74694126984127       -1.71821804095137     
   1.74773714285714       -1.71512306550701     
   1.74853301587302       -1.71716059610972     
   1.74932888888889       -1.71406305680346     
   1.75012476190476       -1.71095801651283     
   1.75092063492063       -1.70784547650753     
   1.75171650793651       -1.70472542658151     
   1.75251238095238       -1.70677945622330     
   1.75330825396825       -1.70365684238652     
   1.75410412698413       -1.70052671719221     
   1.75490000000000       -1.69738908345233     
   1.75569587301587       -1.69424393175291     
   1.75649174603175       -1.69631448098292     
   1.75728761904762       -1.69316676127540     
   1.75808349206349       -1.69001152000302     
   1.75887936507937       -1.68684875911237     
   1.75967523809524       -1.68367847754387     
   1.76047111111111       -1.68576557207442     
   1.76126698412698       -1.68259271052084     
   1.76206285714286       -1.67941232715215     
   1.76285873015873       -1.67622441503564     
   1.76365460317460       -1.67302897452158     
   1.76445047619048       -1.67513262558841     
   1.76524634920635       -1.67193460295328     
   1.76604222222222       -1.66872904885967     
   1.76683809523810       -1.66551595721001     
   1.76763396825397       -1.66763122121865     
   1.76842984126984       -1.66441554912462     
   1.76922571428571       -1.66119234564073     
   1.77002158730159       -1.65796159139824     
   1.77081746031746       -1.65472329360882     
   1.77161333333333       -1.65685514791428     
   1.77240920634921       -1.65361426444419     
   1.77320507936508       -1.65036584545967     
   1.77400095238095       -1.64710986603820     
   1.77479682539683       -1.64384633704494     
   1.77559269841270       -1.64599479152868     
   1.77638857142857       -1.64272868044468     
   1.77718444444444       -1.63945500962003     
   1.77798031746032       -1.63617378489053     
   1.77877619047619       -1.63288499444446     
   1.77957206349206       -1.63505007203639     
   1.78036793650794       -1.63175869893814     
   1.78116380952381       -1.62845975919856     
   1.78195968253968       -1.62515325781660     
   1.78275555555556       -1.62183918370271     
   1.78355142857143       -1.62402090059962     
   1.78434730158730       -1.62070424081732     
   1.78514317460317       -1.61738000772499     
   1.78593904761905       -1.61404820596558     
   1.78673492063492       -1.61070882491833     
   1.78753079365079       -1.61290719680756     
   1.78832666666667       -1.60956522633269     
   1.78912253968254       -1.60621567685627     
   1.78991841269841       -1.60285854857411     
   1.79071428571429       -1.60506859615755     
   1.79151015873016       -1.60170888724292     
   1.79230603174603       -1.59834157819896     
   1.79310190476190       -1.59496669070285     
   1.79389777777778       -1.59158421509074     
   1.79469365079365       -1.59381094563585     
   1.79548952380952       -1.59042588401920     
   1.79628539682540       -1.58703321983189     
   1.79708126984127       -1.58363296777083     
   1.79787714285714       -1.58022512206407     
   1.79867301587302       -1.58246855301595     
   1.79946888888889       -1.57905810743341     
   1.80026476190476       -1.57564007508780     
   1.80106063492064       -1.57221443465871     
   1.80185650793651       -1.56878119739792     
   1.80265238095238       -1.57104133739486     
   1.80344825396825       -1.56760549935679     
   1.80424412698413       -1.56416206574558     
   1.80504000000000       -1.56071102135915     
   1.80583587301587       -1.55725237381348     
   1.80663174603175       -1.55952923414999     
   1.80742761904762       -1.55606798663624     
   1.80822349206349       -1.55259912764546     
   1.80901936507937       -1.54912266425106     
   1.80981523809524       -1.54563858488643     
   1.81061111111111       -1.54793218053209     
   1.81140698412698       -1.54444550088771     
   1.81220285714286       -1.54095120420487     
   1.81299873015873       -1.53744929619023     
   1.81379460317460       -1.53393976718110     
   1.81459047619048       -1.53625011121971     
   1.81538634920635       -1.53273797904762     
   1.81618222222222       -1.52921822503127     
   1.81697809523810       -1.52569085012558     
   1.81777396825397       -1.52801293515932     
   1.81856984126984       -1.52448296619094     
   1.81936571428571       -1.52094535511316     
   1.82016158730159       -1.51740012603425     
   1.82095746031746       -1.51384726789782     
   1.82175333333333       -1.51618612514573     
   1.82254920634921       -1.51263066806788     
   1.82334507936508       -1.50906757046368     
   1.82414095238095       -1.50549684717873     
   1.82493682539683       -1.50191849147804     
   1.82573269841270       -1.50427413288541     
   1.82652857142857       -1.50069316434621     
   1.82732444444444       -1.49710457164534     
   1.82812031746032       -1.49350833618838     
   1.82891619047619       -1.48990446799827     
   1.82971206349206       -1.49227689765761     
   1.83050793650794       -1.48867041663358     
   1.83130380952381       -1.48505630351673     
   1.83209968253968       -1.48143454415219     
   1.83289555555556       -1.47780514711267     
   1.83369142857143       -1.48019437502922     
   1.83448730158730       -1.47656236660220     
   1.83528317460317       -1.47292271288179     
   1.83607904761905       -1.46927541968799     
   1.83687492063492       -1.46562047762683     
   1.83767079365079       -1.46802651519546     
   1.83846666666667       -1.46436896137209     
   1.83926253968254       -1.46070375699924     
   1.84005841269841       -1.45703090847269     
   1.84085428571429       -1.45944873946812     
   1.84165015873016       -1.45577326535837     
   1.84244603174603       -1.45209014904668     
   1.84324190476190       -1.44839938108904     
   1.84403777777778       -1.44470096159647     
   1.84483365079365       -1.44713560929461     
   1.84562952380952       -1.44343458396209     
   1.84642539682540       -1.43972588873812     
   1.84722126984127       -1.43600954659961     
   1.84801714285714       -1.43228554810765     
   1.84881301587302       -1.43473702791144     
   1.84960888888889       -1.43101042282940     
   1.85040476190476       -1.42727614461927     
   1.85120063492063       -1.42353421510557     
   1.85199650793651       -1.41978462509885     
   1.85279238095238       -1.42225295341447     
   1.85358825396825       -1.41850074051047     
   1.85438412698413       -1.41474087951297     
   1.85518000000000       -1.41097334739831     
   1.85597587301587       -1.40719815687892     
   1.85677174603175       -1.40968333077111     
   1.85756761904762       -1.40590551770408     
   1.85836349206349       -1.40212004918175     
   1.85915936507937       -1.39832690844159     
   1.85995523809524       -1.39452610454876     
   1.86075111111111       -1.39702813378570     
   1.86154698412698       -1.39322470782766     
   1.86234285714286       -1.38941361671556     
   1.86313873015873       -1.38559486137733     
   1.86393460317460       -1.38176843401396     
   1.86473047619048       -1.38428732165267     
   1.86552634920635       -1.38045827568527     
   1.86632222222222       -1.37662155777840     
   1.86711809523810       -1.37277717587726     
   1.86791396825397       -1.37530788958210     
   1.86870984126984       -1.37146087405212     
   1.86950571428571       -1.36760619422984     
   1.87030158730159       -1.36374384421836     
   1.87109746031746       -1.35987382372223     
   1.87189333333333       -1.36242139686777     
   1.87268920634921       -1.35854876469613     
   1.87348507936508       -1.35466844226087     
   1.87428095238095       -1.35078045374152     
   1.87507682539683       -1.34688479162309     
   1.87587269841270       -1.34944923897455     
   1.87666857142857       -1.34555096392103     
   1.87746444444444       -1.34164499663507     
   1.87826031746032       -1.33773136091276     
   1.87905619047619       -1.33381004812515     
   1.87985206349206       -1.33639138235265     
   1.88064793650794       -1.33246744087138     
   1.88144380952381       -1.32853583435889     
   1.88223968253968       -1.32459654084780     
   1.88303555555556       -1.32064957326171     
   1.88383142857143       -1.32324778874343     
   1.88462730158730       -1.31929819375356     
   1.88542317460317       -1.31534092710928     
   1.88621904761905       -1.31137597455243     
   1.88701492063492       -1.30740334503033     
   1.88781079365079       -1.31001844633927     
   1.88860666666667       -1.30604319207242     
   1.88940253968254       -1.30206025876000     
   1.89019841269841       -1.29806965023923     
   1.89099428571429       -1.29407135615594     
   1.89179015873016       -1.29670334548120     
   1.89258603174603       -1.29270242766167     
   1.89338190476190       -1.28869382932345     
   1.89417777777778       -1.28467755374103     
   1.89497365079365       -1.28732138871219     
   1.89576952380952       -1.28330247151639     
   1.89656539682540       -1.27927589051068     
   1.89736126984127       -1.27524162303671     
   1.89815714285714       -1.27119967903972     
   1.89895301587302       -1.27386040338884     
   1.89974888888889       -1.26981582084754     
   1.90054476190476       -1.26576356672030     
   1.90134063492063       -1.26170362981673     
   1.90213650793651       -1.25763601088010     
   1.90293238095238       -1.26031361877532     
   1.90372825396825       -1.25624338297851     
   1.90452412698413       -1.25216545013543     
   1.90532000000000       -1.24807984014084     
   1.90611587301587       -1.24398654632838     
   1.90691174603175       -1.24668105017372     
   1.90770761904762       -1.24258513917296     
   1.90850349206349       -1.23848153182995     
   1.90929936507937       -1.23437024737106     
   1.91009523809524       -1.23025127919089     
   1.91089111111111       -1.23296268174173     
   1.91168698412698       -1.22884108548099     
   1.91248285714286       -1.22471181459590     
   1.91327873015873       -1.22057485444399     
   1.91407460317460       -1.21643021396728     
   1.91487047619048       -1.21915851145368     
   1.91566634920635       -1.21501124166495     
   1.91646222222222       -1.21085629766673     
   1.91725809523810       -1.20669366456994     
   1.91805396825397       -1.20943379672216     
   1.91884984126984       -1.20526854215918     
   1.91964571428571       -1.20109560208667     
   1.92044158730159       -1.19691498095153     
   1.92123746031746       -1.19272668109707     
   1.92203333333333       -1.19548371759418     
   1.92282920634921       -1.19129277735200     
   1.92362507936508       -1.18709416846993     
   1.92442095238095       -1.18288787539747     
   1.92521682539683       -1.17867390554283     
   1.92601269841270       -1.18144783273078     
   1.92680857142857       -1.17723122541102     
   1.92760444444444       -1.17300694381259     
   1.92840031746032       -1.16877498108034     
   1.92919619047619       -1.16453533791957     
   1.92999206349206       -1.16732614830752     
   1.93078793650794       -1.16308388907765     
   1.93158380952381       -1.15883393595431     
   1.93237968253968       -1.15457630801186     
   1.93317555555556       -1.15031099986522     
   1.93397142857143       -1.15311870023104     
   1.93476730158730       -1.14885077540684     
   1.93556317460317       -1.14457515915058     
   1.93635904761905       -1.14029186895650     
   1.93715492063492       -1.13600090055058     
   1.93795079365079       -1.13882549044998     
   1.93874666666667       -1.13453189470582     
   1.93954253968254       -1.13023063199563     
   1.94033841269841       -1.12592168253208     
   1.94113428571429       -1.12160505898357     
   1.94193015873016       -1.12444653130230     
   1.94272603174603       -1.12012728053880     
   1.94352190476190       -1.11580036180158     
   1.94431777777778       -1.11146576137672     
   1.94511365079365       -1.11431905777524     
   1.94590952380952       -1.10998183803330     
   1.94670539682540       -1.10563693895988     
   1.94750126984127       -1.10128436543961     
   1.94829714285714       -1.09692412235793     
   1.94909301587302       -1.09979430666913     
   1.94988888888889       -1.09543142692171     
   1.95068476190476       -1.09106088439879     
   1.95148063492064       -1.08668266669750     
   1.95227650793651       -1.08229678194405     
   1.95307238095238       -1.08518383864380     
   1.95386825396825       -1.08079531965037     
   1.95466412698413       -1.07639913747021     
   1.95546000000000       -1.07199528395627     
   1.95625587301587       -1.06758376073108     
   1.95705174603175       -1.07048767842960     
   1.95784761904762       -1.06607354241749     
   1.95864349206349       -1.06165172435246     
   1.95943936507937       -1.05722224361419     
   1.96023523809524       -1.05278509452910     
   1.96103111111111       -1.05570587559914     
   1.96182698412698       -1.05126611415971     
   1.96262285714286       -1.04681867452892     
   1.96341873015873       -1.04236357370768     
   1.96421460317460       -1.03790080634332     
   1.96501047619048       -1.04083844963884     
   1.96580634920635       -1.03637305895971     
   1.96660222222222       -1.03190001532382     
   1.96739809523810       -1.02741929973400     
   1.96819396825397       -1.02293092396344     
   1.96898984126984       -1.02588541861451     
   1.96978571428571       -1.02139442063838     
   1.97058158730159       -1.01689577024124     
   1.97137746031746       -1.01238945072240     
   1.97217333333333       -1.01535574895961     
   1.97296920634921       -1.01084681325831     
   1.97376507936508       -1.00633021802449     
   1.97456095238095       -1.00180596408696     
   1.97535682539683      -0.997274056869336     
   1.97615269841270       -1.00025720569658     
   1.97694857142857      -0.995722666570933     
   1.97774444444444      -0.991180482318768     
   1.97854031746032      -0.986630641550468     
   1.97933619047619      -0.982073151088619     
   1.98013206349206      -0.985073133949706     
   1.98092793650794      -0.980513014466528     
   1.98172380952381      -0.975945251335039     
   1.98251968253968      -0.971369835192053     
   1.98331555555556      -0.966786769037875     
   1.98411142857143      -0.969803569641220     
   1.98490730158730      -0.965217898255665     
   1.98570317460317      -0.960624561847689     
   1.98649904761905      -0.956023582740157     
   1.98729492063492      -0.951414956328013     
   1.98809079365079      -0.954448577010146     
   1.98888666666667      -0.949837346199981     
   1.98968253968254      -0.945218454980805     
   1.99047841269841      -0.940591924182952     
   1.99127428571429      -0.935957748727653     
   1.99207015873016      -0.939008185842800     
   1.99286603174603      -0.934371395098250     
   1.99366190476190      -0.929726970019379     
   1.99445777777778      -0.925074895527751     
   1.99525365079365      -0.928137105831575     
   1.99604952380952      -0.923482425132168     
   1.99684539682540      -0.918820098086556     
   1.99764126984127      -0.914150140578363     
   1.99843714285714      -0.909472537736608     
   1.99923301587302      -0.912551548204034     
   2.00002888888889      -0.907871337695377     
   2.00082476190476      -0.903183490175060     
   2.00162063492064      -0.898488008247583     
   2.00241650793651      -0.893784897121784     
   2.00321238095238      -0.896880705593942     
   2.00400825396825      -0.892174971744800     
   2.00480412698413      -0.887461617208356     
   2.00560000000000      -0.882740631407361     
   2.00639587301587      -0.878012020831880     
   2.00719174603175      -0.881124608704354     
   2.00798761904762      -0.876393377782647     
   2.00878349206349      -0.871654529329251     
   2.00957936507936      -0.866908053539333     
   2.01037523809524      -0.862153953288732     
   2.01117111111111      -0.865283302370025     
   2.01196698412698      -0.860526606033828     
   2.01276285714286      -0.855762272646134     
   2.01355873015873      -0.850990323158563     
   2.01435460317460      -0.846210752779521     
   2.01515047619048      -0.849356862245934     
   2.01594634920635      -0.844574696983244     
   2.01674222222222      -0.839784898603102     
   2.01753809523810      -0.834987488133985     
   2.01833396825397      -0.830182461363042     
   2.01912984126984      -0.833345322601132     
   2.01992571428571      -0.828537701831255     
   2.02072158730159      -0.823722453455941     
   2.02151746031746      -0.818899597282966     
   2.02231333333333      -0.822074193685709     
   2.02310920634921      -0.817248735249541     
   2.02390507936508      -0.812415664339484     
   2.02470095238095      -0.807574992314296     
   2.02549682539683      -0.802726705944321     
   2.02629269841270      -0.805918032427505     
   2.02708857142857      -0.801067150881355     
   2.02788444444444      -0.796208658547315     
   2.02868031746032      -0.791342569940328     
   2.02947619047619      -0.786468871911220     
   2.03027206349206      -0.789676921184886     
   2.03106793650794      -0.784800627654001     
   2.03186380952381      -0.779916732226402     
   2.03265968253968      -0.775025238816243     
   2.03345555555556      -0.770126152147237     
   2.03425142857143      -0.773350920653649     
   2.03504730158730      -0.768449224050186     
   2.03584317460317      -0.763539943369836     
   2.03663904761905      -0.758623067527367     
   2.03743492063492      -0.753698603839151     
   2.03823079365079      -0.756940070875964     
   2.03902666666667      -0.752012999931092     
   2.03982253968254      -0.747078348475089     
   2.04061841269841      -0.742136107037163     
   2.04141428571429      -0.737186280367413     
   2.04221015873016      -0.740444425270097     
   2.04300603174603      -0.735492015354120     
   2.04380190476190      -0.730532005618910     
   2.04459777777778      -0.725564417738361     
   2.04539365079365      -0.728834256457728     
   2.04618952380952      -0.723864070206530     
   2.04698539682540      -0.718886319418349     
   2.04778126984127      -0.713900975853158     
   2.04857714285714      -0.708908059977585     
   2.04937301587302      -0.712194562472361     
   2.05016888888889      -0.707199056458262     
   2.05096476190476      -0.702195974379750     
   2.05176063492063      -0.697185326502392     
   2.05255650793651      -0.692167099700770     
   2.05335238095238      -0.695470253566312     
   2.05414825396825      -0.690449444092372     
   2.05494412698413      -0.685421061189350     
   2.05574000000000      -0.680385118682987     
   2.05653587301587      -0.675341602961920     
   2.05733174603175      -0.678661398869579     
   2.05812761904762      -0.673615300169664     
   2.05892349206349      -0.668561637303644     
   2.05971936507937      -0.663500414256465     
   2.06051523809524      -0.658431635469488     
   2.06131111111111      -0.661768067428397     
   2.06210698412698      -0.656696691705573     
   2.06290285714286      -0.651617768508171     
   2.06369873015873      -0.646531289683710     
   2.06449460317460      -0.641437261096572     
   2.06529047619048      -0.644790308132343     
   2.06608634920635      -0.639693685325642     
   2.06688222222222      -0.634589520392500     
   2.06767809523810      -0.629477805444768     
   2.06847396825397      -0.624358543011192     
   2.06926984126984      -0.627728183268380     
   2.07006571428571      -0.622606350931679     
   2.07086158730159      -0.617476959819862     
   2.07165746031746      -0.612340030412514     
   2.07245333333333      -0.615721301992881     
   2.07324920634921      -0.610581787868776     
   2.07404507936508      -0.605434748984720     
   2.07484095238095      -0.600280158598384     
   2.07563682539683      -0.595118036050382     
   2.07643269841270      -0.598515882457032     
   2.07722857142857      -0.593351183659462     
   2.07802444444444      -0.588178949611573     
   2.07882031746032      -0.582999191656138     
   2.07961619047619      -0.577811896433896     
   2.08041206349206      -0.581226303120051     
   2.08120793650794      -0.576036439140671     
   2.08200380952381      -0.570839042382813     
   2.08279968253968      -0.565634127565323     
   2.08359555555556      -0.560421682901893     
   2.08439142857143      -0.563852639428086     
   2.08518730158730      -0.558637626526546     
   2.08598317460317      -0.553415090551804     
   2.08677904761905      -0.548185036348890     
   2.08757492063492      -0.542947469983040     
   2.08837079365079      -0.546394970227851     
   2.08916666666667      -0.541154821356417     
   2.08996253968254      -0.535907168739532     
   2.09075841269841      -0.530652001997779     
   2.09155428571429      -0.525389329193297     
   2.09235015873016      -0.528853349893159     
   2.09314603174603      -0.523588097712964     
   2.09394190476191      -0.518315347627184     
   2.09473777777778      -0.513035091006007     
   2.09553365079365      -0.507747331617190     
   2.09632952380952      -0.511227848290505     
   2.09712539682540      -0.505937534370506     
   2.09792126984127      -0.500639705642074     
   2.09871714285714      -0.495334383414130     
   2.09951301587302      -0.498826462801282     
   2.10030888888889      -0.493518571293097     
   2.10110476190476      -0.488203200095757     
   2.10190063492063      -0.482880322101166     
   2.10269650793651      -0.477549957537911     
   2.10349238095238      -0.481058512311882     
   2.10428825396825      -0.475725587092719     
   2.10508412698413      -0.470385170968631     
   2.10588000000000      -0.465037276598834     
   2.10667587301587      -0.459681890982155     
   2.10747174603175      -0.463206906358886     
   2.10826761904762      -0.457848967947801     
   2.10906349206349      -0.452483543072764     
   2.10985936507937      -0.447110646724888     
   2.11065523809524      -0.441730265897727     
   2.11145111111111      -0.445271729866850     
   2.11224698412698      -0.439888796444878     
   2.11304285714286      -0.434498386902864     
   2.11383873015873      -0.429100506083483     
   2.11463460317460      -0.423695159553076     
   2.11543047619048      -0.427253064458793     
   2.11622634920635      -0.421845151325707     
   2.11702222222222      -0.416429781492435     
   2.11781809523810      -0.411006945473514     
   2.11861396825397      -0.405576651332498     
   2.11940984126984      -0.409150972080669     
   2.12020571428571      -0.403718114763106     
   2.12100158730159      -0.398277807384044     
   2.12179746031746      -0.392830040983878     
   2.12259333333333      -0.396415851734484     
   2.12338920634921      -0.390965531524086     
   2.12418507936508      -0.385507772332708     
   2.12498095238095      -0.380042546877870     
   2.12577682539683      -0.374569876654408     
   2.12657269841270      -0.378172075966387     
   2.12736857142857      -0.372696853245706     
   2.12816444444444      -0.367214199927444     
   2.12896031746032      -0.361724087765961     
   2.12975619047619      -0.356226537865884     
   2.13055206349206      -0.359845108426745     
   2.13134793650794      -0.354345009257087     
   2.13214380952381      -0.348837485895987     
   2.13293968253968      -0.343322512603602     
   2.13373555555556      -0.337800108734445     
   2.13453142857143      -0.341435031096135     
   2.13532730158730      -0.335910085802915     
   2.13612317460317      -0.330377707707768     
   2.13691904761905      -0.324837907407254     
   2.13771492063492      -0.319290672956193     
   2.13851079365079      -0.322941930930260     
   2.13930666666667      -0.317392162241181     
   2.14010253968254      -0.311834965271367     
   2.14089841269841      -0.306270353644201     
   2.14169428571429      -0.300698315682489     
   2.14249015873016      -0.304365895983700     
   2.14328603174603      -0.298791324500701     
   2.14408190476190      -0.293209335173722     
   2.14487777777778      -0.287619932505767     
   2.14567365079365      -0.282023122384291     
   2.14646952380952      -0.285707015492791     
   2.14726539682540      -0.280107659201607     
   2.14806126984127      -0.274500904346260     
   2.14885714285714      -0.268886742511713     
   2.14965301587302      -0.272582037944948     
   2.15044888888889      -0.266965360750047     
   2.15124476190476      -0.261341256918964     
   2.15204063492064      -0.255709761403789     
   2.15283650793651      -0.250070866816470     
   2.15363238095238      -0.253782444939502     
   2.15442825396825      -0.248141017336306     
   2.15522412698413      -0.242492209316355     
   2.15602000000000      -0.236835995228728     
   2.15681587301587      -0.231172395525920     
   2.15761174603175      -0.234900231177437     
   2.15840761904762      -0.229234100246917     
   2.15920349206349      -0.223560596774489     
   2.15999936507936      -0.217879695987877     
   2.16079523809524      -0.212191417234126     
   2.16159111111111      -0.215935489640768     
   2.16238698412698      -0.210244687484161     
   2.16318285714286      -0.204546505323981     
   2.16397873015873      -0.198840953646661     
   2.16477460317460      -0.193128020828121     
   2.16557047619048      -0.196888312722102     
   2.16636634920635      -0.191172863735904     
   2.16716222222222      -0.185450039675008     
   2.16795809523810      -0.179719854073189     
   2.16875396825397      -0.173982295793242     
   2.16954984126984      -0.177758792492993     
   2.17034571428571      -0.172018719277403     
   2.17114158730159      -0.166271281237151     
   2.17193746031746      -0.160516483582819     
   2.17273333333333      -0.164304321026585     
   2.17352920634921      -0.158547024131445     
   2.17432507936508      -0.152782345011447     
   2.17512095238095      -0.147010321097946     
   2.17591682539683      -0.141230944120315     
   2.17671269841270      -0.145034955537682     
   2.17750857142857      -0.139253081606825     
   2.17830444444444      -0.133463835124148     
   2.17910031746032      -0.127667251045773     
   2.17989619047619      -0.121863321982705     
   2.18069206349206      -0.125683496778428     
   2.18148793650794      -0.119877053562935     
   2.18228380952381      -0.114063283805171     
   2.18307968253968      -0.108242162413327     
   2.18387555555556      -0.102413709736501     
   2.18467142857143      -0.106250022678525     
   2.18546730158730      -0.100419057540741     
   2.18626317460317      -9.458077421063772E-002
   2.18705904761905      -8.873514814702985E-002
   2.18785492063492      -8.288219879236662E-002
   2.18865079365079      -8.673462855076894E-002
   2.18944666666667      -8.087917449602858E-002
   2.19024253968254      -7.501639518643737E-002
   2.19103841269841      -6.914630125492256E-002
   2.19183428571429      -6.326888105717442E-002
   2.19263015873016      -6.713740964223414E-002
   2.19342603174603      -6.125749208390797E-002
   2.19422190476190      -5.537025437686768E-002
   2.19501777777778      -4.947571031302758E-002
   2.19581365079365      -4.357384871502623E-002
   2.19660952380952      -4.745846111661147E-002
   2.19740539682540      -4.155410336997172E-002
   2.19820126984127      -3.564243639036556E-002
   2.19899714285714      -2.972346537677280E-002
   2.19979301587302      -3.361933288280560E-002
   2.20058888888889      -2.769788180860527E-002
   2.20138476190476      -2.176910424452593E-002
   2.20218063492063      -1.583303768648509E-002
   2.20297650793651      -9.889674144383978E-003
   2.20377238095238      -1.380159270624905E-002
   2.20456825396825      -7.855751450977159E-003
   2.20536412698413      -1.902593977484338E-003
   2.20616000000000       4.057844764813804E-003
   2.20695587301587       1.002557196277434E-002
   2.20775174603175       6.097613981314187E-003
   2.20854761904762       1.206783612506600E-002
   2.20934349206349       1.804532765210690E-002
   2.21013936507937       2.403011417841238E-002
   2.21093523809524       3.002217502597386E-002
   2.21173111111111       2.607820405505348E-002
   2.21252698412698       3.207275783408010E-002
   2.21332285714286       3.807457234511284E-002
   2.21411873015873       4.408367237175153E-002
   2.21491460317460       5.010003832475278E-002
   2.21571047619048       4.614007672800113E-002
   2.21650634920635       5.215892770221538E-002
   2.21730222222222       5.818504604727105E-002
   2.21809809523810       6.421842120994632E-002
   2.21889396825397       7.025906474272250E-002
   2.21968984126984       6.628313151756157E-002
   2.22048571428571       7.232625264949474E-002
   2.22128158730159       7.837663563229923E-002
   2.22207746031746       8.443426684998710E-002
   2.22287333333333       9.049915778680301E-002
   2.22366920634921       8.650726841457558E-002
   2.22446507936508       9.257463587372085E-002
   2.22526095238095       9.864925533607956E-002
   2.22605682539683       0.104731121561017     
   2.22685269841270       0.100728065456477     
   2.22764857142857       0.106812391924261     
   2.22844444444444       0.112903988961094     
   2.22924031746032       0.119002818675764     
   2.23003619047619       0.125108889467682     
   2.23083206349206       0.121089905665793     
   2.23162793650794       0.127198435007010     
   2.23242380952381       0.133314225230358     
   2.23321968253968       0.139437241665187     
   2.23401555555556       0.145567491933787     
   2.23481142857143       0.141532589635275     
   2.23560730158730       0.147665316335602     
   2.23640317460317       0.153805257786829     
   2.23719904761905       0.159952440340443     
   2.23799492063492       0.166106843614107     
   2.23879079365079       0.162056047175137     
   2.23958666666667       0.168212925151593     
   2.24038253968254       0.174377010566170     
   2.24117841269841       0.180548328772972     
   2.24197428571429       0.186726860519018     
   2.24277015873016       0.182660187383200     
   2.24356603174603       0.188841190409217     
   2.24436190476191       0.195029394875434     
   2.24515777777778       0.201224823439417     
   2.24595365079365       0.207427458270984     
   2.24674952380952       0.203344926950392     
   2.24754539682540       0.209550026391190     
   2.24834126984127       0.215762333374099     
   2.24913714285714       0.221981838941356     
   2.24993301587302       0.217888192197869     
   2.25072888888889       0.224110180503215     
   2.25152476190476       0.230339355511805     
   2.25232063492063       0.236575736221168     
   2.25311650793651       0.242819311419072     
   2.25391238095238       0.238709826256506     
   2.25470825396825       0.244955881639145     
   2.25550412698413       0.251209121753029     
   2.25630000000000       0.257469562138338     
   2.25709587301587       0.263737198747177     
   2.25789174603175       0.259611898685082     
   2.25868761904762       0.265881979982079     
   2.25948349206349       0.272159279953755     
   2.26027936507937       0.278443765548996     
   2.26107523809524       0.284735444763813     
   2.26187111111111       0.280594323552401     
   2.26266698412698       0.286888446477587     
   2.26346285714286       0.293189782954966     
   2.26425873015873       0.299498301668886     
   2.26505460317460       0.305814010287864     
   2.26585047619048       0.301657070046946     
   2.26664634920635       0.307975239722499     
   2.26744222222222       0.314300583329330     
   2.26823809523810       0.320633125856781     
   2.26903396825397       0.326972849528586     
   2.26982984126984       0.322800105574942     
   2.27062571428571       0.329142289709123     
   2.27142158730159       0.335491643920240     
   2.27221746031746       0.341848192120713     
   2.27301333333333       0.348211917845678     
   2.27380920634921       0.344023381758645     
   2.27460507936508       0.350389562557132     
   2.27540095238095       0.356762922887896     
   2.27619682539683       0.363143455078251     
   2.27699269841270       0.358943845279703     
   2.27778857142857       0.365326851683836     
   2.27858444444444       0.371717018087317     
   2.27938031746032       0.378114365127980     
   2.28017619047619       0.384518882023718     
   2.28097206349206       0.380303490019900     
   2.28176793650794       0.386710478640543     
   2.28256380952381       0.393124628702574     
   2.28335968253968       0.399545956005191     
   2.28415555555556       0.405974457153582     
   2.28495142857143       0.401743301013698     
   2.28574730158730       0.408174238830387     
   2.28654317460317       0.414612374877250     
   2.28733904761905       0.421057675650242     
   2.28813492063492       0.427510150217780     
   2.28893079365079       0.423263217902112     
   2.28972666666667       0.429718129314973     
   2.29052253968254       0.436180235542042     
   2.29131841269841       0.442649505616971     
   2.29211428571429       0.449125948023551     
   2.29291015873016       0.444863237041372     
   2.29370603174603       0.451342134385719     
   2.29450190476190       0.457828189373192     
   2.29529777777778       0.464321427228239     
   2.29609365079365       0.470821830925088     
   2.29688952380952       0.466543351364363     
   2.29768539682540       0.473046210222584     
   2.29848126984127       0.479556225172827     
   2.29927714285714       0.486073420405737     
   2.30007301587302       0.492597780249108     
   2.30086888888889       0.488303538361228     
   2.30166476190476       0.494830349029523     
   2.30246063492064       0.501364327228992     
   2.30325650793651       0.507905465760330     
   2.30405238095238       0.503600168340311     
   2.30484825396825       0.510143777015335     
   2.30564412698413       0.516694535255572     
   2.30644000000000       0.523252463143769     
   2.30723587301587       0.529817551050036     
   2.30803174603175       0.525496494458258     
   2.30882761904762       0.532064050701091     
   2.30962349206349       0.538638759259185     
   2.31041936507936       0.545220636061919     
   2.31121523809524       0.551809678450154     
   2.31201111111111       0.547472876877297     
   2.31280698412698       0.554064353328972     
   2.31360285714286       0.560663020086266     
   2.31439873015873       0.567268844425656     
   2.31519460317460       0.573881835780264     
   2.31599047619048       0.569529274063928     
   2.31678634920635       0.576144700045874     
   2.31758222222222       0.582767314867458     
   2.31837809523810       0.589397088037681     
   2.31917396825397       0.596034028403575     
   2.31996984126984       0.591665700475159     
   2.32076571428571       0.598305093885397     
   2.32156158730159       0.604951640794988     
   2.32235746031746       0.611605366542392     
   2.32315333333333       0.618266254866086     
   2.32394920634921       0.613882166888335     
   2.32474507936508       0.620545509124458     
   2.32554095238095       0.627216004840761     
   2.32633682539683       0.633893678467588     
   2.32713269841270       0.629498551816181     
   2.32792857142857       0.636178669643078     
   2.32872444444444       0.642865956506869     
   2.32952031746032       0.649560409665924     
   2.33031619047619       0.656262022500166     
   2.33111206349206       0.651851122966335     
   2.33190793650794       0.658555205875972     
   2.33270380952381       0.665266438030358     
   2.33349968253968       0.671984839612158     
   2.33429555555556       0.678710401342427     
   2.33509142857143       0.674283742678882     
   2.33588730158730       0.681011773105227     
   2.33668317460317       0.687746956080833     
   2.33747904761905       0.694489308276232     
   2.33827492063492       0.701238827147278     
   2.33907079365079       0.696796421751739     
   2.33986666666667       0.703548375208182     
   2.34066253968254       0.710307520200211     
   2.34145841269841       0.717073824914344     
   2.34225428571429       0.723847298616560     
   2.34305015873016       0.719389129033815     
   2.34384603174603       0.726165038314128     
   2.34464190476190       0.732948138645471     
   2.34543777777778       0.739738400275591     
   2.34623365079365       0.746535832063096     
   2.34702952380952       0.742061890389847     
   2.34782539682540       0.748861776385205     
   2.34862126984127       0.755668819444066     
   2.34941714285714       0.762483044965437     
   2.35021301587302       0.769304437248065     
   2.35100888888889       0.764814727097977     
   2.35180476190476       0.771638574793369     
   2.35260063492063       0.778469580260777     
   2.35339650793651       0.785307768439993     
   2.35419238095238       0.780807013614049     
   2.35498825396825       0.787647644944064     
   2.35578412698413       0.794495456290865     
   2.35658000000000       0.801350427472161     
   2.35737587301587       0.808212581380087     
   2.35817174603175       0.803696054208364     
   2.35896761904762       0.810560654817329     
   2.35976349206349       0.817432430587997     
   2.36055936507937       0.824311378559165     
   2.36135523809524       0.831197493357728     
   2.36215111111111       0.826665179913106     
   2.36294698412698       0.833553766013756     
   2.36374285714286       0.840449509898118     
   2.36453873015873       0.847352430180312     
   2.36533460317460       0.854262518536624     
   2.36613047619048       0.849714429574321     
   2.36692634920635       0.856626988365919     
   2.36772222222222       0.863546708393275     
   2.36851809523810       0.870473605374205     
   2.36931396825397       0.877407677142842     
   2.37010984126984       0.872843822690751     
   2.37090571428571       0.879780332957613     
   2.37170158730159       0.886724041175196     
   2.37249746031746       0.893674918254712     
   2.37329333333333       0.900632972739408     
   2.37408920634921       0.896053335904848     
   2.37488507936508       0.903013829756247     
   2.37568095238095       0.909981521895459     
   2.37647682539683       0.916956384642350     
   2.37727269841270       0.912365682860679     
   2.37806857142857       0.919342998961886     
   2.37886444444444       0.926327497863424     
   2.37966031746032       0.933319163625144     
   2.38045619047619       0.940318020294891     
   2.38125206349206       0.935711534647351     
   2.38204793650794       0.942712837431164     
   2.38284380952381       0.949721328735769     
   2.38363968253968       0.956736988491381     
   2.38443555555556       0.963759839856565     
   2.38523142857143       0.959137562516833     
   2.38602730158730       0.966162863939223     
   2.38682317460317       0.973195349062274     
   2.38761904761905       0.980235015538944     
   2.38841492063492       0.987281858021968     
   2.38921079365079       0.982643774573185     
   2.39000666666667       0.989693091614018     
   2.39080253968254       0.996749575617951     
   2.39159841269841        1.00381324510715     
   2.39239428571429        1.01088409174447     
   2.39319015873016        1.00623021254115     
   2.39398603174603        1.01330353286718     
   2.39478190476191        1.02038402334613     
   2.39557777777778        1.02747170083231     
   2.39637365079365        1.03456656129259     
   2.39716952380952        1.02989689784556     
   2.39796539682540        1.03699419867959     
   2.39876126984127        1.04409870889952     
   2.39955714285714        1.05121039676511     
   2.40035301587302        1.05832927054927     
   2.40114888888889        1.05364380432700     
   2.40194476190476        1.06076511967523     
   2.40274063492063        1.06789364431777     
   2.40353650793651        1.07502934876326     
   2.40433238095238        1.07033280031688     
   2.40512825396825        1.07747096361051     
   2.40592412698413        1.08461631491432     
   2.40672000000000        1.09176884431526     
   2.40751587301587        1.09892857272893     
   2.40831174603175        1.09421622275643     
   2.40910761904762        1.10137839998122     
   2.40990349206349        1.10854777573674     
   2.41069936507937        1.11572432949571     
   2.41149523809524        1.12290808414517     
   2.41229111111111        1.11817992101208     
   2.41308698412698        1.12536612930376     
   2.41388285714286        1.13255952914243     
   2.41467873015873        1.13976012087750     
   2.41547460317460        1.14696789716377     
   2.41627047619048        1.14222390759100     
   2.41706634920635        1.14943416223277     
   2.41786222222222        1.15665159170556     
   2.41865809523810        1.16387621715139     
   2.41945396825397        1.17110802841460     
   2.42024984126984        1.16634822400730     
   2.42104571428571        1.17358251148011     
   2.42184158730159        1.18082397960692     
   2.42263746031746        1.18807264216789     
   2.42343333333333        1.19532849767148     
   2.42422920634921        1.19055288823572     
   2.42502507936508        1.19781118715891     
   2.42582095238095        1.20507670383714     
   2.42661682539683        1.21234940685488     
   2.42741269841270        1.21962930512346     
   2.42820857142857        1.21483787340860     
   2.42900444444444        1.22212021623881     
   2.42980031746032        1.22940977548595     
   2.43059619047619        1.23670652359522     
   2.43139206349206        1.23190399850847     
   2.43218793650794        1.23920320654072     
   2.43298380952381        1.24650961352996     
   2.43377968253968        1.25382320473349     
   2.43457555555556        1.26114400400747     
   2.43537142857143        1.25632565848463     
   2.43616730158730        1.26364890931937     
   2.43696317460317        1.27097936557663     
   2.43775904761905        1.27831700848380     
   2.43855492063492        1.28566185921236     
   2.43935079365079        1.28082768488261     
   2.44014666666667        1.28817499078339     
   2.44094253968254        1.29552949810360     
   2.44173841269841        1.30289120288030     
   2.44253428571429        1.31026009958519     
   2.44333015873016        1.30541008354466     
   2.44412603174603        1.31278145937944     
   2.44492190476190        1.32016002174131     
   2.44571777777778        1.32754578439652     
   2.44651365079365        1.33493874058960     
   2.44730952380952        1.33007289117174     
   2.44810539682540        1.33746832686655     
   2.44890126984127        1.34487094841933     
   2.44969714285714        1.35228077234268     
   2.45049301587302        1.35969779588307     
   2.45128888888889        1.35481612586060     
   2.45208476190476        1.36223559660961     
   2.45288063492064        1.36966228965194     
   2.45367650793651        1.37709617547558     
   2.45447238095238        1.37220340248108     
   2.45526825396825        1.37963975636829     
   2.45606412698413        1.38708329288221     
   2.45686000000000        1.39453404874813     
   2.45765587301587        1.40199199899791     
   2.45845174603175        1.39708339363542     
   2.45924761904762        1.40454380477242     
   2.46004349206349        1.41201142160584     
   2.46083936507936        1.41948622870006     
   2.46163523809524        1.42696824800233     
   2.46243111111111        1.42204380849744     
   2.46322698412698        1.42952828205710     
   2.46402285714286        1.43701996620166     
   2.46481873015873        1.44451884018496     
   2.46561460317460        1.45202492739253     
   2.46641047619048        1.44708464866067     
   2.46720634920635        1.45459319289478     
   2.46800222222222        1.46210894254973     
   2.46879809523810        1.46963189295562     
   2.46959396825397        1.47716204095979     
   2.47038984126984        1.47220590870039     
   2.47118571428571        1.47973853951094     
   2.47198158730159        1.48727835495829     
   2.47277746031746        1.49482537640408     
   2.47357333333333        1.50237959382986     
   2.47436920634921        1.49740762459107     
   2.47516507936508        1.50496432226754     
   2.47596095238095        1.51252820993619     
   2.47675682539683        1.52009930224820     
   2.47755269841270        1.52767759149637     
   2.47834857142857        1.52268978204274     
   2.47914444444444        1.53027055063606     
   2.47994031746032        1.53785851076533     
   2.48073619047619        1.54545367563686     
   2.48153206349206        1.54045477153406     
   2.48232793650794        1.54805240418977     
   2.48312380952381        1.55565722062506     
   2.48391968253968        1.56326925964330     
   2.48471555555556        1.57088849619392     
   2.48551142857143        1.56587374779302     
   2.48630730158730        1.57349545616529     
   2.48710317460317        1.58112434325908     
   2.48789904761905        1.58876045368901     
   2.48869492063492        1.59640375991750     
   2.48949079365079        1.59137317841885     
   2.49028666666667        1.59901894578197     
   2.49108253968254        1.60667191899979     
   2.49187841269841        1.61433208460052     
   2.49267428571429        1.62199946278123     
   2.49347015873016        1.61695304476501     
   2.49426603174603        1.62462287855653     
   2.49506190476190        1.63229991969784     
   2.49585777777778        1.63998415370446     
   2.49665365079365        1.64767559918230     
   2.49744952380952        1.64261334211550     
   2.49824539682540        1.65030724574684     
   2.49904126984127        1.65800835270648     
   2.49983714285714        1.66571666056177     
   2.50063301587302        1.67343216517974     
   2.50142888888889        1.66835405764149     
   2.50222476190476        1.67607204337714     
   2.50302063492063        1.68379721370774     
   2.50381650793651        1.69152958721067     
   2.50461238095238        1.69926915613354     
   2.50540825396825        1.69417521425718     
   2.50620412698413        1.70191726216388     
   2.50700000000000        1.70966649805611     
   2.50779587301587        1.71742293665269     
   2.50859174603175        1.71231790279935     
   2.50938761904762        1.72007681018426     
   2.51018349206349        1.72784289608412     
   2.51097936507937        1.73561620204550     
   2.51177523809524        1.74339670159213     
   2.51257111111111        1.73827583593901     
   2.51336698412698        1.74605880183406     
   2.51416285714286        1.75384895060520     
   2.51495873015873        1.76164631608103     
   2.51575460317460        1.76945087406845     
   2.51655047619048        1.76431418033975     
   2.51734634920635        1.77212119707531     
   2.51814222222222        1.77993541713282     
   2.51893809523810        1.78775682338232     
   2.51973396825397        1.79558543826596     
   2.52052984126984        1.79043291699602     
   2.52132571428571        1.79826398579155     
   2.52212158730159        1.80610225774094     
   2.52291746031746        1.81394771605559     
   2.52371333333333        1.82180037857919     
   2.52450920634921        1.81663203286196     
   2.52530507936508        1.82448714980931     
   2.52610095238095        1.83234946740108     
   2.52689682539683        1.84021897959593     
   2.52769269841270        1.84809567942122     
   2.52848857142857        1.84291149824236     
   2.52928444444444        1.85079067454495     
   2.53008031746032        1.85867703287372     
   2.53087619047619        1.86657058617416     
   2.53167206349206        1.86137533449634     
   2.53246793650794        1.86927132516604     
   2.53326380952381        1.87717454074125     
   2.53405968253968        1.88508493755949     
   2.53485555555556        1.89300252723145     
   2.53565142857143        1.88779144835421     
   2.53644730158730        1.89571150254205     
   2.53724317460317        1.90363872812629     
   2.53803904761905        1.91157316538544     
   2.53883492063492        1.91951478690888     
   2.53963079365079        1.91428789134863     
   2.54042666666667        1.92223197929000     
   2.54122253968254        1.93018323540301     
   2.54201841269841        1.93814170119725     
   2.54281428571429        1.94610734992031     
   2.54361015873016        1.94086464805671     
   2.54440603174603        1.94883275388482     
   2.54520190476190        1.95680804977639     
   2.54599777777778        1.96479052339645     
   2.54679365079365        1.97278019420172     
   2.54758952380952        1.96752168871451     
   2.54838539682540        1.97551381064882     
   2.54918126984127        1.98351312319423     
   2.54997714285714        1.99151961210885     
   2.55077301587302        1.99953329370743     
   2.55156888888889        1.99425898808145     
   2.55236476190476        2.00227512112918     
   2.55316063492063        2.01029844189570     
   2.55395650793651        2.01832894333933     
   2.55475238095238        2.02636662100105     
   2.55554825396825        2.02107650622477     
   2.55634412698413        2.02911665764088     
   2.55714000000000        2.03716397554917     
   2.55793587301587        2.04521847577680     
   2.55873174603175        2.03991731299809     
   2.55952761904762        2.04797424488514     
   2.56032349206349        2.05603838778346     
   2.56111936507937        2.06410969776332     
   2.56191523809524        2.07218818769171     
   2.56271111111111        2.06687122798769     
   2.56350698412698        2.07495217676837     
   2.56430285714286        2.08304028213221     
   2.56509873015873        2.09113558235391     
   2.56589460317460        2.09923805162657     
   2.56669047619048        2.09390531154454     
   2.56748634920635        2.10201024001821     
   2.56828222222222        2.11012232356645     
   2.56907809523810        2.11824159964652     
   2.56987396825397        2.12636804110259     
   2.57066984126984        2.12101953064498     
   2.57146571428571        2.12914842234352     
   2.57226158730159        2.13728449061661     
   2.57305746031746        2.14542771920685     
   2.57385333333333        2.15357812796643     
   2.57464920634921        2.14821385035192     
   2.57544507936508        2.15636670297763     
   2.57624095238095        2.16452673228253     
   2.57703682539683        2.17269391789602     
   2.57783269841270        2.18086828130625     
   2.57862857142857        2.17548823670874     
   2.57942444444444        2.18366504768585     
   2.58022031746032        2.19184902310699     
   2.58101619047619        2.20004016280978     
   2.58181206349206        2.19464908534942     
   2.58260793650794        2.20284265016039     
   2.58340380952381        2.21104341338454     
   2.58419968253968        2.21925132552313     
   2.58499555555556        2.22746639900322     
   2.58579142857143        2.22205957092288     
   2.58658730158730        2.23027706983987     
   2.58738317460317        2.23850176061579     
   2.58817904761905        2.24673359729390     
   2.58897492063492        2.25497259237733     
   2.58977079365079        2.24955002125691     
   2.59056666666667        2.25779144292142     
   2.59136253968254        2.26604004872271     
   2.59215841269841        2.27429579856226     
   2.59295428571429        2.28255870245386     
   2.59375015873016        2.27712039025292     
   2.59454603174603        2.28538574384056     
   2.59534190476190        2.29365823210094     
   2.59613777777778        2.30193788853038     
   2.59693365079365        2.31022468918265     
   2.59772952380952        2.30477065038596     
   2.59852539682540        2.31305990109402     
   2.59932126984127        2.32135628183894     
   2.60011714285714        2.32965982757433     
   2.60091301587302        2.33797051316857     
   2.60170888888889        2.33250076011576     
   2.60250476190476        2.34081388861410     
   2.60330063492064        2.34913416243096     
   2.60409650793651        2.35746157164380     
   2.60489238095238        2.36579613161397     
   2.60568825396825        2.36031067368252     
   2.60648412698413        2.36864766880033     
   2.60728000000000        2.37699181189074     
   2.60807587301587        2.38534308431116     
   2.60887174603175        2.37984660431781     
   2.60966761904762        2.38820034390369     
   2.61046349206349        2.39656120028892     
   2.61125936507936        2.40492919567262     
   2.61205523809524        2.41330432449674     
   2.61285111111111        2.40779217322517     
   2.61364698412698        2.41616971809970     
   2.61444285714286        2.42455443114755     
   2.61523873015873        2.43294626097758     
   2.61603460317460        2.44134522242848     
   2.61683047619048        2.43581738824187     
   2.61762634920635        2.44421876493754     
   2.61842222222222        2.45262730293737     
   2.61921809523810        2.46104295536885     
   2.62001396825397        2.46946573351257     
   2.62080984126984        2.46392221767507     
   2.62160571428571        2.47234743556951     
   2.62240158730159        2.48077976054242     
   2.62319746031746        2.48921922476614     
   2.62399333333333        2.49766580351052     
   2.62478920634921        2.49210662381366     
   2.62558507936508        2.50055564253075     
   2.62638095238095        2.50901176064267     
   2.62717682539683        2.51747501372710     
   2.62797269841270        2.52594537777789     
   2.62876857142857        2.52037054989193     
   2.62956444444444        2.52884334632581     
   2.63036031746032        2.53732325676313     
   2.63115619047619        2.54581026949287     
   2.63195206349206        2.55430440329135     
   2.63274793650794        2.54871393792296     
   2.63354380952381        2.55721049768000     
   2.63433968253968        2.56571417070029     
   2.63513555555556        2.57422494162001     
   2.63593142857143        2.56862350622837     
   2.63672730158730        2.57713673192285     
   2.63752317460317        2.58565704361763     
   2.63831904761905        2.59418446192236     
   2.63911492063492        2.60271898078457     
   2.63991079365079        2.59710194550433     
   2.64070666666667        2.60563886848709     
   2.64150253968254        2.61418292955486     
   2.64229841269841        2.62273407480868     
   2.64309428571429        2.63129231809910     
   2.64389015873016        2.62565966919605     
   2.64468603174603        2.63422031741712     
   2.64548190476190        2.64278809085319     
   2.64627777777778        2.65136294691020     
   2.64707365079365        2.65994489405581     
   2.64786952380952        2.65429663831166     
   2.64866539682540        2.66288101389462     
   2.64946126984127        2.67147245974241     
   2.65025714285714        2.68007101114050     
   2.65105301587302        2.68867664208958     
   2.65184888888889        2.68301279990288     
   2.65264476190476        2.69162085872710     
   2.65344063492063        2.70023598037268     
   2.65423650793651        2.70885820052448     
   2.65503238095238        2.71748749539746     
   2.65582825396825        2.71180808457092     
   2.65662412698413        2.72043979999433     
   2.65742000000000        2.72907859123615     
   2.65821587301587        2.73772444893971     
   2.65901174603175        2.73203412116145     
   2.65980761904762        2.74068242358551     
   2.66060349206349        2.74933777578011     
   2.66139936507937        2.75800020366216     
   2.66219523809524        2.76666969168903     
   2.66299111111111        2.76096381386676     
   2.66378698412698        2.76963574423408     
   2.66458285714286        2.77831471918050     
   2.66537873015873        2.78700076221780     
   2.66617460317460        2.79569386728139     
   2.66697047619048        2.78997247597631     
   2.66776634920635        2.79866797202694     
   2.66856222222222        2.80737056318177     
   2.66935809523810        2.81608019936860     
   2.67015396825397        2.82479689603433     
   2.67094984126984        2.81905997809732     
   2.67174571428571        2.82777906713995     
   2.67254158730159        2.83650523802393     
   2.67333746031746        2.84523845185761     
   2.67413333333333        2.85397871751647     
   2.67492920634921        2.84822628303750     
   2.67572507936508        2.85696896274729     
   2.67652095238095        2.86571867265834     
   2.67731682539683        2.87447544668970     
   2.67811269841270        2.88323925817821     
   2.67890857142857        2.87747132964828     
   2.67970444444444        2.88623755320013     
   2.68050031746032        2.89501080145890     
   2.68129619047619        2.90379110453029     
   2.68209206349206        2.91257843980956     
   2.68288793650794        2.90679503348583     
   2.68368380952381        2.91558477462351     
   2.68447968253968        2.92438154918324     
   2.68527555555556        2.93318534715452     
   2.68607142857143        2.92739108946518     
   2.68686730158730        2.93619731740210     
   2.68766317460317        2.94501055173454     
   2.68845904761905        2.95383081660132     
   2.68925492063492        2.96265809826680     
   2.69005079365079        2.95684838707121     
   2.69084666666667        2.96567809608466     
   2.69164253968254        2.97451480439783     
   2.69243841269841        2.98335853570961     
   2.69323428571429        2.99220928306452     
   2.69403015873016        2.98638415718219     
   2.69482603174603        2.99523728182196     
   2.69562190476190        3.00409745250851     
   2.69641777777778        3.01296462473265     
   2.69721365079365        3.02183880894366     
   2.69800952380952        3.01599825912204     
   2.69880539682540        3.02487482032214     
   2.69960126984127        3.03375841638545     
   2.70039714285714        3.04264900830545     
   2.70119301587302        3.05154660332885     
   2.70198888888889        3.04569064914903     
   2.70278476190476        3.05459061855197     
   2.70358063492063        3.06349761605921     
   2.70437650793651        3.07241160357156     
   2.70517238095238        3.08133258815916     
   2.70596825396825        3.07546123538955     
   2.70676412698413        3.08438461512271     
   2.70756000000000        3.09331497055989     
   2.70835587301587        3.10225233352084     
   2.70915174603175        3.11119668134214     
   2.70994761904762        3.10530995347113     
   2.71074349206349        3.11425669535256     
   2.71153936507937        3.12321040415224     
   2.71233523809524        3.13217111173624     
   2.71313111111111        3.12627362952583     
   2.71392698412698        3.13523671538359     
   2.71472285714286        3.14420678663899     
   2.71551873015873        3.15318383477074     
   2.71631460317460        3.16216784826136     
   2.71711047619048        3.15625500459146     
   2.71790634920635        3.16524142770443     
   2.71870222222222        3.17423480097155     
   2.71949809523810        3.18323514765982     
   2.72029396825397        3.19224245246137     
   2.72108984126984        3.18631428216913     
   2.72188571428571        3.19532399299487     
   2.72268158730159        3.20434064631428     
   2.72347746031746        3.21336426418970     
   2.72427333333333        3.22239483878650     
   2.72506920634921        3.21645138215408     
   2.72586507936508        3.22548431386386     
   2.72666095238095        3.23452423218819     
   2.72745682539683        3.24357109173481     
   2.72825269841270        3.25262490266247     
   2.72904857142857        3.24666615431086     
   2.72984444444444        3.25572232197476     
   2.73064031746032        3.26478546438299     
   2.73143619047619        3.27385554122309     
   2.73223206349206        3.28293256091679     
   2.73302793650794        3.27695853303612     
   2.73382380952381        3.28603792998367     
   2.73461968253968        3.29512424867770     
   2.73541555555556        3.30421752032470     
   2.73621142857143        3.29823280955580     
   2.73700730158730        3.30732843886359     
   2.73780317460317        3.31643101420774     
   2.73859904761905        3.32554050320538     
   2.73939492063492        3.33465693692694     
   2.74019079365079        3.32865698129924     
   2.74098666666667        3.33777577711203     
   2.74178253968254        3.34690149919605     
   2.74257841269841        3.35603414352190     
   2.74337428571429        3.36517369968175     
   2.74417015873016        3.35915850423809     
   2.74496603174603        3.36830045206517     
   2.74576190476190        3.37744929314343     
   2.74655777777778        3.38660505159777     
   2.74735365079365        3.39576771176217     
   2.74814952380952        3.38973731618068     
   2.74894539682540        3.39890236116325     
   2.74974126984127        3.40807429632673     
   2.75053714285714        3.41725313801378     
   2.75133301587302        3.42643887912099     
   2.75212888888889        3.42039331963327     
   2.75292476190476        3.42958139828776     
   2.75372063492064        3.43877640658077     
   2.75451650793651        3.44797829846272     
   2.75531238095238        3.45718708414970     
   2.75610825396825        3.45112635864899     
   2.75690412698413        3.46033748105049     
   2.75770000000000        3.46955551719277     
   2.75849587301587        3.47878043157176     
   2.75929174603175        3.48801222926818     
   2.76008761904762        3.48193635534269     
   2.76088349206349        3.49117050878557     
   2.76167936507937        3.50041152537313     
   2.76247523809524        3.50965943488296     
   2.76327111111111        3.50357296871837     
   2.76406698412698        3.51282321698416     
   2.76486285714286        3.52208034970673     
   2.76565873015873        3.53134433738718     
   2.76645460317460        3.54061520639367     
   2.76725047619048        3.53451363074175     
   2.76804634920635        3.54378683948564     
   2.76884222222222        3.55306691684871     
   2.76963809523810        3.56235385486166     
   2.77043396825397        3.57164764257552     
   2.77122984126984        3.56553096186499     
   2.77202571428571        3.57482711822276     
   2.77282158730159        3.58413010978005     
   2.77361746031746        3.59343995645065     
   2.77441333333333        3.60275664312663     
   2.77520920634921        3.59662489553729     
   2.77600507936508        3.60594394583377     
   2.77680095238095        3.61526982526753     
   2.77759682539683        3.62460254902280     
   2.77839269841270        3.63394211233611     
   2.77918857142857        3.62779533392659     
   2.77998444444444        3.63713721462660     
   2.78078031746032        3.64648595986193     
   2.78157619047619        3.65584152735643     
   2.78237206349206        3.66520392538596     
   2.78316793650794        3.65904212140390     
   2.78396380952381        3.66840683373745     
   2.78475968253968        3.67777839896277     
   2.78555555555556        3.68715677799911     
   2.78635142857143        3.68098445148128     
   2.78714730158730        3.69036516304709     
   2.78794317460317        3.69975269614905     
   2.78873904761905        3.70914702970309     
   2.78953492063492        3.71854819089994     
   2.79033079365079        3.71236088166332     
   2.79112666666667        3.72176436120847     
   2.79192253968254        3.73117465788343     
   2.79271841269841        3.74059174584246     
   2.79351428571429        3.75001565012417     
   2.79431015873016        3.74381337408919     
   2.79510603174603        3.75323959744467     
   2.79590190476190        3.76267262194328     
   2.79669777777778        3.77211244105533     
   2.79749365079365        3.78155904496660     
   2.79828952380952        3.77534180639069     
   2.79908539682540        3.78479075960775     
   2.79988126984127        3.79424647670307     
   2.80067714285714        3.80370898312877     
   2.80147301587302        3.81317826276703     
   2.80226888888889        3.80694610629886     
   2.80306476190476        3.81641772759956     
   2.80386063492063        3.82589611042295     
   2.80465650793651        3.83538127009948     
   2.80545238095238        3.84487319971138     
   2.80624825396825        3.83862616295615     
   2.80704412698413        3.84812038661875     
   2.80784000000000        3.85762140953292     
   2.80863587301587        3.86712918725232     
   2.80943174603175        3.87664372630535     
   2.81022761904762        3.87038181218164     
   2.81102349206349        3.87989864204581     
   2.81181936507937        3.88942225928929     
   2.81261523809524        3.89895262242253     
   2.81341111111111        3.89268028788671     
   2.81420698412698        3.90221296114067     
   2.81500285714286        3.91175238677294     
   2.81579873015873        3.92129854464804     
   2.81659460317460        3.93085146142135     
   2.81739047619048        3.92456429799741     
   2.81818634920635        3.93411950598672     
   2.81898222222222        3.94368147025101     
   2.81977809523810        3.95325015313869     
   2.82057396825397        3.96282558412794     
   2.82136984126984        3.95652360503231     
   2.82216571428571        3.96610132563230     
   2.82296158730159        3.97568578773598     
   2.82375746031746        3.98527696045675     
   2.82455333333333        3.99487486831135     
   2.82534920634921        3.98855809644165     
   2.82614507936508        3.99815829548645     
   2.82694095238095        4.00776521669578     
   2.82773682539683        4.01737885153195     
   2.82853269841270        4.02699918960493     
   2.82932857142857        4.02066763539129     
   2.83012444444444        4.03029029078144     
   2.83092031746032        4.03991963568187     
   2.83171619047619        4.04955568684116     
   2.83251206349206        4.05919843053039     
   2.83330793650794        4.05285213353927     
   2.83410380952381        4.06249718958214     
   2.83489968253968        4.07214892410675     
   2.83569555555556        4.08180735509205     
   2.83649142857143        4.09147247446741     
   2.83728730158730        4.08511147608416     
   2.83808317460317        4.09477886242916     
   2.83887904761905        4.10445296092670     
   2.83967492063492        4.11413373319900     
   2.84047079365079        4.10776242312447     
   2.84126666666667        4.11744549141573     
   2.84206253968254        4.12713520646828     
   2.84285841269841        4.13683162077751     
   2.84365428571429        4.14653469956317     
   2.84445015873016        4.14014871675484     
   2.84524603174603        4.14985407705203     
   2.84604190476190        4.15956610421057     
   2.84683777777778        4.16928478114384     
   2.84763365079365        4.17901013284121     
   2.84842952380952        4.17260950311942     
   2.84922539682540        4.18233712167029     
   2.85002126984127        4.19207140535198     
   2.85081714285714        4.20181232712255     
   2.85161301587302        4.21155991040672     
   2.85240888888889        4.20514465013362     
   2.85320476190476        4.21489450065539     
   2.85400063492063        4.22465099817124     
   2.85479650793651        4.23441413618837     
   2.85559238095238        4.24418390420747     
   2.85638825396825        4.23775402281707     
   2.85718412698413        4.24752608374611     
   2.85798000000000        4.25730475630318     
   2.85877587301587        4.26709006140568     
   2.85957174603175        4.27688198360499     
   2.86036761904762        4.27043752684952     
   2.86116349206349        4.28023173518641     
   2.86195936507937        4.29003254816489     
   2.86275523809524        4.29983998155914     
   2.86355111111111        4.29338533232766     
   2.86434698412698        4.30319503422768     
   2.86514285714286        4.31301132340903     
   2.86593873015873        4.32283424671673     
   2.86673460317460        4.33266376787261     
   2.86753047619048        4.32619458000457     
   2.86832634920635        4.33602637142631     
   2.86912222222222        4.34586473197772     
   2.86991809523810        4.35570971689069     
   2.87071396825397        4.36556128802715     
   2.87150984126984        4.35907759773872     
   2.87230571428571        4.36893142305979     
   2.87310158730159        4.37879183995038     
   2.87389746031746        4.38865882893085     
   2.87469333333333        4.39853241475053     
   2.87548920634921        4.39203424564173     
   2.87628507936508        4.40191007276120     
   2.87708095238095        4.41179248551797     
   2.87787682539683        4.42168145974652     
   2.87867269841270        4.43157701815382     
   2.87946857142857        4.42506438990728     
   2.88026444444444        4.43496218836601     
   2.88106031746032        4.44486655591691     
   2.88185619047619        4.45477748535908     
   2.88265206349206        4.46469496634778     
   2.88344793650794        4.45816789117417     
   2.88424380952381        4.46808763645281     
   2.88503968253968        4.47801391943002     
   2.88583555555556        4.48794675629210     
   2.88663142857143        4.49788613213218     
   2.88742730158730        4.49134465139448     
   2.88822317460317        4.50128628552673     
   2.88901904761905        4.51123444790936     
   2.88981492063492        4.52118915172052     
   2.89061079365079        4.51463759492864     
   2.89140666666667        4.52459454460220     
   2.89220253968254        4.53455799570754     
   2.89299841269841        4.54452800557994     
   2.89379428571429        4.55450453351726     
   2.89459015873016        4.54793861575913     
   2.89538603174603        4.55791738531090     
   2.89618190476190        4.56790264782831     
   2.89697777777778        4.57789445320494     
   2.89777365079365        4.58789276569101     
   2.89856952380952        4.58131252143728     
   2.89936539682540        4.59131305824285     
   2.90016126984127        4.60132011008206     
   2.90095714285714        4.61133365292611     
   2.90175301587302        4.62135371330926     
   2.90254888888889        4.61475916388460     
   2.90334476190476        4.62478143766023     
   2.90414063492064        4.63481021602828     
   2.90493650793651        4.64484547559776     
   2.90573238095238        4.65488723772200     
   2.90652825396825        4.64827840930014     
   2.90732412698413        4.65832238189640     
   2.90812000000000        4.66837284630214     
   2.90891587301587        4.67842978933925     
   2.90971174603175        4.68849320375246     
   2.91050761904762        4.68187010324284     
   2.91130349206349        4.69193575552686     
   2.91209936507937        4.70200786141454     
   2.91289523809524        4.71208643870023     
   2.91369111111111        4.72217147295408     
   2.91448698412698        4.71553414823526     
   2.91528285714286        4.72562141399994     
   2.91607873015873        4.73571512558382     
   2.91687460317460        4.74581529636635     
   2.91767047619048        4.73916802481452     
   2.91846634920635        4.74927041021213     
   2.91926222222222        4.75937922048384     
   2.92005809523810        4.76949450425276     
   2.92085396825397        4.77961622534574     
   2.92164984126984        4.77295477064086     
   2.92244571428571        4.78307870562554     
   2.92324158730159        4.79320905140214     
   2.92403746031746        4.80334585763120     
   2.92483333333333        4.81348908916617     
   2.92562920634921        4.80681348683179     
   2.92642507936508        4.81695891661725     
   2.92722095238095        4.82711077665279     
   2.92801682539683        4.83726904636485     
   2.92881269841270        4.84743374920043     
   2.92960857142857        4.84074402610318     
   2.93040444444444        4.85091091353352     
   2.93120031746032        4.86108422410051     
   2.93199619047619        4.87126393225748     
   2.93279206349206        4.88145006037858     
   2.93358793650794        4.87474623829518     
   2.93438380952381        4.88493454849829     
   2.93517968253968        4.89512926703943     
   2.93597555555556        4.90533037206612     
   2.93677142857143        4.91553788280844     
   2.93756730158730        4.90881999041078     
   2.93836317460317        4.91902968100092     
   2.93915904761905        4.92924576454046     
   2.93995492063492        4.93946823190001     
   2.94075079365079        4.93274050235160     
   2.94154666666667        4.94296512441581     
   2.94234253968254        4.95319616803275     
   2.94313841269841        4.96343357273319     
   2.94393428571429        4.97367735087780     
   2.94473015873016        4.96693559816938     
   2.94552603174603        4.97718152820556     
   2.94632190476190        4.98743386342884     
   2.94711777777778        4.99769254936169     
   2.94791365079365        5.00795759569283     
   2.94870952380952        5.00120183679813     
   2.94950539682540        5.01146906363720     
   2.95030126984127        5.02174262037563     
   2.95109714285714        5.03202255227205     
   2.95189301587302        5.04230882357897     
   2.95268888888889        5.03553909842404     
   2.95348476190476        5.04582754611983     
   2.95428063492063        5.05612231309972     
   2.95507650793651        5.06642343916581     
   2.95587238095238        5.07673089325323     
   2.95666825396825        5.06994723262334     
   2.95746412698413        5.08025685255098     
   2.95826000000000        5.09057280192546     
   2.95905587301587        5.10089506584020     
   2.95985174603175        5.11122366152877     
   2.96064761904762        5.10442609760691     
   2.96144349206349        5.11475684527786     
   2.96223936507937        5.12509391915709     
   2.96303523809524        5.13543729397874     
   2.96383111111111        5.14578698681071     
   2.96462698412698        5.13897553999434     
   2.96542285714286        5.14932738311282     
   2.96621873015873        5.15968553556748     
   2.96701460317460        5.17004998576254     
   2.96781047619048        5.16322883427703     
   2.96860634920635        5.17359540681879     
   2.96940222222222        5.18396831744453     
   2.97019809523810        5.19434750207425     
   2.97099396825397        5.20473297530841     
   2.97178984126984        5.19789798734242     
   2.97258571428571        5.20828558384671     
   2.97338158730159        5.21867949691880     
   2.97417746031746        5.22907967491781     
   2.97497333333333        5.23948612669824     
   2.97576920634921        5.23263732365632     
   2.97656507936508        5.24304592632160     
   2.97736095238095        5.25346077197203     
   2.97815682539683        5.26388190560704     
   2.97895269841270        5.27430929116481     
   2.97974857142857        5.26744671432947     
   2.98054444444444        5.27787624572635     
   2.98134031746032        5.28831200994215     
   2.98213619047619        5.29875404659951     
   2.98293206349206        5.30920232288390     
   2.98372793650794        5.30232600382926     
   2.98452380952381        5.31277641431411     
   2.98531968253968        5.32323306933625     
   2.98611555555556        5.33369594994000     
   2.98691142857143        5.34416507686148     
   2.98770730158730        5.33727504282088     
   2.98850317460317        5.34774629322160     
   2.98929904761905        5.35822377665186     
   2.99009492063492        5.36870747393116     
   2.99089079365079        5.36180782443706     
   2.99168666666667        5.37229368113822     
   2.99248253968254        5.38278573114727     
   2.99327841269841        5.39328399937460     
   2.99407428571429        5.40378847843612     
   2.99487015873016        5.39687518516355     
   2.99566603174603        5.40738176129996     
   2.99646190476190        5.41789458154036     
   2.99725777777778        5.42841358952992     
   2.99805365079365        5.43893879669477     
   2.99884952380952        5.43201186788230     
   2.99964539682540        5.44253916412576     
   3.00044126984127        5.45307269518531     
   3.00123714285714        5.46361240025637     
   3.00203301587302        5.47415829294023     
   3.00282888888889        5.46721773914697     
   3.00362476190476        5.47776575255518     
   3.00442063492063        5.48831991951823     
   3.00521650793651        5.49888028563475     
   3.00601238095238        5.50944681666764     
   3.00680825396825        5.50249268123518     
   3.00760412698413        5.51306133020061     
   3.00840000000000        5.52363611998513     
   3.00919587301587        5.53421709368414     
   3.00999174603175        5.54480421832266     
   3.01078761904762        5.53783653828341     
   3.01158349206349        5.54842576702419     
   3.01237936507937        5.55902115100823     
   3.01317523809524        5.56962267131088     
   3.01397111111111        5.58023034843385     
   3.01476698412698        5.57324914985060     
   3.01556285714286        5.58385892034722     
   3.01635873015873        5.59447483632774     
   3.01715460317460        5.60509687658028     
   3.01795047619048        5.59810619772893     
   3.01874634920635        5.60873036779013     
   3.01954222222222        5.61936063853232     
   3.02033809523810        5.62999704020600     
   3.02113396825397        5.64063956106517     
   3.02192984126984        5.63363544079065     
   3.02272571428571        5.64428002488941     
   3.02352158730159        5.65493076932138     
   3.02431746031746        5.66558761015394     
   3.02511333333333        5.67625056103449     
   3.02590920634921        5.66923299721716     
   3.02670507936508        5.67989800783386     
   3.02750095238095        5.69056916163696     
   3.02829682539683        5.70124639846749     
   3.02909269841270        5.71192973362256     
   3.02988857142857        5.70489874530674     
   3.03068444444444        5.71558416873594     
   3.03148031746032        5.72627565906291     
   3.03227619047619        5.73697325631823     
   3.03307206349206        5.74767692797644     
   3.03386793650794        5.74063255713503     
   3.03466380952381        5.75133831428480     
   3.03545968253968        5.76205012484621     
   3.03625555555556        5.77276802869920     
   3.03705142857143        5.78349199500005     
   3.03784730158730        5.77643427332937     
   3.03864317460317        5.78716031446489     
   3.03943904761905        5.79789241763260     
   3.04023492063492        5.80863056744743     
   3.04103079365079        5.81937478471934     
   3.04182666666667        5.81230374434248     
   3.04262253968254        5.82305002414186     
   3.04341841269841        5.83380235841407     
   3.04421428571429        5.84456072592654     
   3.04501015873016        5.83748034540190     
   3.04580603174603        5.84824081228240     
   3.04660190476190        5.85900729000184     
   3.04739777777778        5.86977980886395     
   3.04819365079365        5.88055834750444     
   3.04898952380952        5.87346469848485     
   3.04978539682540        5.88424532615385     
   3.05058126984127        5.89503195951508     
   3.05137714285714        5.90582461695015     
   3.05217301587302        5.91662329144108     
   3.05296888888889        5.90951642233015     
   3.05376476190476        5.92031712640142     
   3.05456063492064        5.93112388142035     
   3.05535650793651        5.94193663064726     
   3.05615238095238        5.95275538502798     
   3.05694825396825        5.94563530429376     
   3.05774412698413        5.95645608367377     
   3.05854000000000        5.96728290024887     
   3.05933587301587        5.97811569724730     
   3.06013174603175        5.98895448735080     
   3.06092761904762        5.98182121083778     
   3.06172349206349        5.99266205411370     
   3.06251936507937        6.00350885897057     
   3.06331523809524        6.01436166683685     
   3.06411111111111        6.02522044400136     
   3.06490698412698        6.01807401601399     
   3.06570285714286        6.02893484217505     
   3.06649873015873        6.03980161914796     
   3.06729460317460        6.05067438339823     
   3.06809047619048        6.04351876528781     
   3.06888634920635        6.05439355684398     
   3.06968222222222        6.06527431710270     
   3.07047809523810        6.07616103462971     
   3.07127396825397        6.08705369560030     
   3.07206984126984        6.07988495264946     
   3.07286571428571        6.09077968086241     
   3.07366158730159        6.10168032808715     
   3.07445746031746        6.11258692566941     
   3.07525333333333        6.12349945226748     
   3.07604920634921        6.11631763982937     
   3.07684507936508        6.12723222578491     
   3.07764095238095        6.13815272456862     
   3.07843682539683        6.14907915598668     
   3.07923269841270        6.16001151271077     
   3.08002857142857        6.15281668207954     
   3.08082444444444        6.16375103785085     
   3.08162031746032        6.17469135194279     
   3.08241619047619        6.18563757007251     
   3.08321206349206        6.19658970140332     
   3.08400793650794        6.18938186004155     
   3.08480380952381        6.20033598576590     
   3.08559968253968        6.21129605634131     
   3.08639555555556        6.22226201697595     
   3.08719142857143        6.23323387763221     
   3.08798730158730        6.22601304469041     
   3.08878317460317        6.23698692500977     
   3.08957904761905        6.24796667979809     
   3.09037492063492        6.25895234361211     
   3.09117079365079        6.26994388710996     
   3.09196666666667        6.26271010137493     
   3.09276253968254        6.27370366170011     
   3.09355841269841        6.28470308144874     
   3.09435428571429        6.29570839539294     
   3.09515015873016        6.28846555970518     
   3.09594603174603        6.29947287281357     
   3.09674190476190        6.31048605953769     
   3.09753777777778        6.32150511314656     
   3.09833365079365        6.33253001840793     
   3.09912952380952        6.32527426024558     
   3.09992539682540        6.33630120164560     
   3.10072126984127        6.34733397110584     
   3.10151714285714        6.35837259680262     
   3.10231301587302        6.36941706106753     
   3.10310888888889        6.36214843644856     
   3.10390476190476        6.37319492760476     
   3.10470063492063        6.38424724076246     
   3.10549650793651        6.39530539359894     
   3.10629238095238        6.40636938016511     
   3.10708825396825        6.39908793921136     
   3.10788412698413        6.41015389408392     
   3.10868000000000        6.42122571568598     
   3.10947587301587        6.43230334805593     
   3.11027174603175        6.44338680216460     
   3.11106761904762        6.43609255120413     
   3.11186349206349        6.44717797000140     
   3.11265936507937        6.45826924016933     
   3.11345523809524        6.46936630814798     
   3.11425111111111        6.48046918453106     
   3.11504698412698        6.47316214480366     
   3.11584285714286        6.48426700993807     
   3.11663873015873        6.49537765644221     
   3.11743460317460        6.50649412046162     
   3.11823047619048        6.51761637087254     
   3.11902634920635        6.51029658285520     
   3.11982222222222        6.52142081810982     
   3.12061809523810        6.53255082320154     
   3.12141396825397        6.54368663018008     
   3.12220984126984        6.53635793325042     
   3.12300571428571        6.54749570608519     
   3.12380158730159        6.55863926389829     
   3.12459746031746        6.56978859406977     
   3.12539333333333        6.58094368459709     
   3.12618920634921        6.57360226898271     
   3.12698507936508        6.58475936164089     
   3.12778095238095        6.59592219386834     
   3.12857682539683        6.60709078964712     
   3.12937269841270        6.61826513290357     
   3.13016857142857        6.61091104724129     
   3.13096444444444        6.62208738902143     
   3.13176031746032        6.63326945407379     
   3.13255619047619        6.64445727056611     
   3.13335206349206        6.65565082756410     
   3.13414793650794        6.64828413213863     
   3.13494380952381        6.65947962494567     
   3.13573968253968        6.67068089359552     
   3.13653555555556        6.68188788152687     
   3.13733142857143        6.69310059988852     
   3.13812730158730        6.68572129424919     
   3.13892317460317        6.69693594690975     
   3.13971904761905        6.70815635519947     
   3.14051492063492        6.71938247098107     
   3.14131079365079        6.73061430313806     
   3.14210666666667        6.72322241239232     
   3.14290253968254        6.73445620235032     
   3.14369841269841        6.74569568154147     
   3.14449428571429        6.75694088535018     
   3.14529015873016        6.74954020848205     
   3.14608603174603        6.76078734782863     
   3.14688190476190        6.77204020125289     
   3.14767777777778        6.78329873114695     
   3.14847365079365        6.79456297037513     
   3.14926952380952        6.78714976638441     
   3.15006539682540        6.79841594191780     
   3.15086126984127        6.80968780847512     
   3.15165714285714        6.82096535661235     
   3.15245301587302        6.83224857277838     
   3.15324888888889        6.82482285018497     
   3.15404476190476        6.83610804000658     
   3.15484063492063        6.84739887270163     
   3.15563650793651        6.85869538004638     
   3.15643238095238        6.86999753984055     
   3.15722825396825        6.86255935642963     
   3.15802412698413        6.87386348045615     
   3.15882000000000        6.88517324166478     
   3.15961587301587        6.89648866039725     
   3.16041174603175        6.90780971939084     
   3.16120761904762        6.90035910134625     
   3.16200349206349        6.91168211829385     
   3.16279936507937        6.92301076016455     
   3.16359523809524        6.93434504528096     
   3.16439111111111        6.94568496637334     
   3.16518698412698        6.93822196307532     
   3.16598285714286        6.94956378768618     
   3.16677873015873        6.96091127588539     
   3.16757460317460        6.97226438084991     
   3.16837047619048        6.98362310941398     
   3.16916634920635        6.97614773138518     
   3.16996222222222        6.98750835888984     
   3.17075809523810        6.99887463518509     
   3.17155396825397        7.01024651484036     
   3.17234984126984        7.00276247880730     
   3.17314571428571        7.01413627432400     
   3.17394158730159        7.02551568547655     
   3.17473746031746        7.03690068086702     
   3.17553333333333        7.04829129540896     
   3.17632920634921        7.04079493976304     
   3.17712507936508        7.05218745583613     
   3.17792095238095        7.06358557749808     
   3.17871682539683        7.07498927270980     
   3.17951269841270        7.08639856991895     
   3.18030857142857        7.07888991953818     
   3.18110444444444        7.09030111833512     
   3.18190031746032        7.10171790150659     
   3.18269619047619        7.11314026205538     
   3.18349206349206        7.12456818525861     
   3.18428793650794        7.11704725124184     
   3.18508380952381        7.12847710795000     
   3.18587968253968        7.13991250814010     
   3.18667555555556        7.15135347435858     
   3.18747142857143        7.16279999018354     
   3.18826730158730        7.15526682368295     
   3.18906317460317        7.16671526648159     
   3.18985904761905        7.17816924234421     
   3.19065492063492        7.18962876975500     
   3.19145079365079        7.20109384146150     
   3.19224666666667        7.19354849175128     
   3.19304253968254        7.20501543563656     
   3.19383841269841        7.21648795260037     
   3.19463428571429        7.22796599460589     
   3.19543015873016        7.22041209852537     
   3.19622603174603        7.23189204466231     
   3.19702190476190        7.24337748619483     
   3.19781777777778        7.25486848462607     
   3.19861365079365        7.26636499580036     
   3.19940952380952        7.25879895261533     
   3.20020539682540        7.27029735122217     
   3.20100126984127        7.28180126932604     
   3.20179714285714        7.29331068352414     
   3.20259301587302        7.30482562338988     
   3.20338888888889        7.29724746565914     
   3.20418476190476        7.30876427402925     
   3.20498063492064        7.32028659933117     
   3.20577650793651        7.33181440555373     
   3.20657238095238        7.34334772366831     
   3.20736825396825        7.33575746966941     
   3.20816412698413        7.34729265862529     
   3.20896000000000        7.35883334004210     
   3.20975587301587        7.37037950698566     
   3.21055174603175        7.38193114494143     
   3.21134761904762        7.37432880955300     
   3.21214349206349        7.38588234947566     
   3.21293936507937        7.39744134322687     
   3.21373523809524        7.40900581189858     
   3.21453111111111        7.42057573839378     
   3.21532698412698        7.41296137097146     
   3.21612285714286        7.42453319228655     
   3.21691873015873        7.43611045745005     
   3.21771460317460        7.44769318349337     
   3.21851047619048        7.45928136322244     
   3.21930634920635        7.45165501114990     
   3.22010222222222        7.46324503147722     
   3.22089809523810        7.47484053312273     
   3.22169396825397        7.48644146906605     
   3.22248984126984        7.47880671018314     
   3.22328571428571        7.49040952123755     
   3.22408158730159        7.50201773536225     
   3.22487746031746        7.51363141798285     
   3.22567333333333        7.52525052039892     
   3.22646920634921        7.51760381585570     
   3.22726507936508        7.52922477370093     
   3.22806095238095        7.54085116279950     
   3.22885682539683        7.55248295619426     
   3.22965269841270        7.56412018506566     
   3.23044857142857        7.55646156269020     
   3.23124444444444        7.56810063084669     
   3.23204031746032        7.57974512399291     
   3.23283619047619        7.59139500792728     
   3.23363206349206        7.60305031347687     
   3.23442793650794        7.59537979383247     
   3.23522380952381        7.60703693995217     
   3.23601968253968        7.61869948793119     
   3.23681555555556        7.63036742999420     
   3.23761142857143        7.64204075405188     
   3.23840730158730        7.63435835219979     
   3.23920317460317        7.64603354645458     
   3.23999904761905        7.65771410507890     
   3.24079492063492        7.66940004741454     
   3.24159079365079        7.68109135883631     
   3.24238666666667        7.67339712177366     
   3.24318253968254        7.68509029782228     
   3.24397841269841        7.69678882445511     
   3.24477428571429        7.70849272338930     
   3.24557015873016        7.72020198502207     
   3.24636603174603        7.71249596326432     
   3.24716190476190        7.72420703506015     
   3.24795777777778        7.73592349728535     
   3.24875365079365        7.74764530388711     
   3.24954952380952        7.73993101452459     
   3.25034539682540        7.75165466482389     
   3.25114126984127        7.76338362790648     
   3.25193714285714        7.77511796929558     
   3.25273301587302        7.78685764116314     
   3.25352888888889        7.77913160608246     
   3.25432476190476        7.79087310086951     
   3.25512063492063        7.80261993913846     
   3.25591650793651        7.81437209142428     
   3.25671238095238        7.82612958959466     
   3.25750825396825        7.81839183264795     
   3.25830412698413        7.83015113891130     
   3.25910000000000        7.84191578096136     
   3.25989587301587        7.85368572402238     
   3.26069174603175        7.86546099820338     
   3.26148761904762        7.85771154428302     
   3.26228349206349        7.86948862559543     
   3.26307936507937        7.88127102385410     
   3.26387523809524        7.89305872559297     
   3.26467111111111        7.90485172098187     
   3.26546698412698        7.89709057656937     
   3.26626285714286        7.90888541308231     
   3.26705873015873        7.92068552140074     
   3.26785460317460        7.93249092579935     
   3.26865047619048        7.94430160903475     
   3.26944634920635        7.93652882919760     
   3.27024222222222        7.94834134547581     
   3.27103809523810        7.96015912668703     
   3.27183396825397        7.97198218804998     
   3.27262984126984        7.96420127939714     
   3.27342571428571        7.97602615377344     
   3.27422158730159        7.98785627090872     
   3.27501746031746        7.99969168903557     
   3.27581333333333        8.01153236389367     
   3.27660920634921        8.00373986106331     
   3.27740507936508        8.01558235051071     
   3.27820095238095        8.02743006235169     
   3.27899682539683        8.03928306318030     
   3.27979269841270        8.05114130645546     
   3.28058857142857        8.04333724444649     
   3.28138444444444        8.05519729652653     
   3.28218031746032        8.06706256078710     
   3.28297619047619        8.07893309820329     
   3.28377206349206        8.09080886575234     
   3.28456793650794        8.08299328019240     
   3.28536380952381        8.09487083932365     
   3.28615968253968        8.10675363438816     
   3.28695555555556        8.11864164442244     
   3.28775142857143        8.13053489606988     
   3.28854730158730        8.12270781445654     
   3.28934317460317        8.13460284268230     
   3.29013904761905        8.14650310109531     
   3.29093492063492        8.15840856164432     
   3.29173079365079        8.17031924933745     
   3.29252666666667        8.16248069420644     
   3.29332253968254        8.17439315668376     
   3.29411841269841        8.18631083163294     
   3.29491428571429        8.19823370988431     
   3.29571015873016        8.21016177824001     
   3.29650603174603        8.20231176171964     
   3.29730190476190        8.21424163295400     
   3.29809777777778        8.22617668037490     
   3.29889365079365        8.23811692044678     
   3.29968952380952        8.23025892739854     
   3.30048539682540        8.24220090679242     
   3.30128126984127        8.25414812267544     
   3.30207714285714        8.26610050280197     
   3.30287301587302        8.27805806270771     
   3.30366888888889        8.27018865623717     
   3.30446476190476        8.28214799520056     
   3.30526063492063        8.29411247558990     
   3.30605650793651        8.30608215477688     
   3.30685238095238        8.31805698972653     
   3.30764825396825        8.31017621386685     
   3.30844412698413        8.32215282599967     
   3.30924000000000        8.33413456533565     
   3.31003587301587        8.34612148943644     
   3.31083174603175        8.35811355717698     
   3.31162761904762        8.35022144963875     
   3.31242349206349        8.36221527776920     
   3.31321936507937        8.37421425545038     
   3.31401523809524        8.38621836142991     
   3.31481111111111        8.39822762205159     
   3.31560698412698        8.39032420919213     
   3.31640285714286        8.40233521646628     
   3.31719873015873        8.41435136667651     
   3.31799460317460        8.42637263258945     
   3.31879047619048        8.43839903853885     
   3.31958634920635        8.43048434365329     
   3.32038222222222        8.44251249470459     
   3.32117809523810        8.45454577213658     
   3.32197396825397        8.46658416442956     
   3.32276984126984        8.47862766241787     
   3.32356571428571        8.47070169445931     
   3.32436158730159        8.48274696665106     
   3.32515746031746        8.49479732558272     
   3.32595333333333        8.50685279169763     
   3.32674920634921        8.49891898150009     
   3.32754507936508        8.51097615830320     
   3.32834095238095        8.52303848351270     
   3.32913682539683        8.53510588507533     
   3.32993269841270        8.54717838090317     
   3.33072857142857        8.53923334864173     
   3.33152444444444        8.55130759439697     
   3.33232031746032        8.56338689414722     
   3.33311619047619        8.57547130601789     
   3.33391206349206        8.58756078636873     
   3.33470793650794        8.57960457769269     
   3.33550380952381        8.59169580436652     
   3.33629968253968        8.60379207502112     
   3.33709555555556        8.61589344150243     
   3.33789142857143        8.62799986493573     
   3.33868730158730        8.62003251405878     
   3.33948317460317        8.63214066820435     
   3.34027904761905        8.64425388606764     
   3.34107492063492        8.65637214616547     
   3.34187079365079        8.66849547551577     
   3.34266666666667        8.66051700753942     
   3.34346253968254        8.67264205458539     
   3.34425841269841        8.68477215664622     
   3.34505428571429        8.69690728908509     
   3.34585015873016        8.70904747648582     
   3.34664603174603        8.70105791518898     
   3.34744190476190        8.71319981888269     
   3.34823777777778        8.72534676151849     
   3.34903365079365        8.73749873489509     
   3.34982952380952        8.72950142483997     
   3.35062539682540        8.74165508384623     
   3.35142126984127        8.75381382050613     
   3.35221714285714        8.76597756050134     
   3.35301301587302        8.77814632134618     
   3.35380888888889        8.77013796560487     
   3.35460476190476        8.78230840854558     
   3.35540063492064        8.79448391436282     
   3.35619650793651        8.80666441219219     
   3.35699238095238        8.81884992000842     
   3.35778825396825        8.81083052779634     
   3.35858412698413        8.82301775649775     
   3.35938000000000        8.83520995450457     
   3.36017587301587        8.84740717943797     
   3.36097174603175        8.85960938832213     
   3.36176761904762        8.85157900809623     
   3.36256349206349        8.86378293243341     
   3.36335936507937        8.87599181846428     
   3.36415523809524        8.88820571678971     
   3.36495111111111        8.90042458740518     
   3.36574698412698        8.89238324898856     
   3.36654285714286        8.90460382138159     
   3.36733873015873        8.91682937284673     
   3.36813460317460        8.92905988281710     
   3.36893047619048        8.94129537666874     
   3.36972634920635        8.93324310633859     
   3.37052222222222        8.94548029002844     
   3.37131809523810        8.95772244359713     
   3.37211396825397        8.96996954369473     
   3.37290984126984        8.98222161343557     
   3.37370571428571        8.97415843608459     
   3.37450158730159        8.98641219369165     
   3.37529746031746        8.99867090693300     
   3.37609333333333        9.01093456543589     
   3.37688920634921        9.00286377025556     
   3.37768507936508        9.01512908406379     
   3.37848095238095        9.02739939395229     
   3.37927682539683        9.03967462277818     
   3.38007269841270        9.05195478795416     
   3.38086857142857        9.04387313076599     
   3.38166444444444        9.05615494921723     
   3.38246031746032        9.06844174553288     
   3.38325619047619        9.08073345090807     
   3.38405206349206        9.09303008167946     
   3.38484793650794        9.08493757336148     
   3.38564380952381        9.09723589562527     
   3.38643968253968        9.10953910364667     
   3.38723555555556        9.12184725417056     
   3.38803142857143        9.13416030699085     
   3.38882730158730        9.12605699453536     
   3.38962317460317        9.13837173322205     
   3.39041904761905        9.15069135163195     
   3.39121492063492        9.16301589621157     
   3.39201079365079        9.17534533266535     
   3.39280666666667        9.16723123906377     
   3.39360253968254        9.17956235794338     
   3.39439841269841        9.19189834259929     
   3.39519428571429        9.20423924133774     
   3.39599015873016        9.21658501932871     
   3.39678603174603        9.20846017862616     
   3.39758190476190        9.22080762605972     
   3.39837777777778        9.23315995656147     
   3.39917365079365        9.24551715101805     
   3.39996952380952        9.23738477116751     
   3.40076539682540        9.24974367014294     
   3.40156126984127        9.26210741155640     
   3.40235714285714        9.27447602596744     
   3.40315301587302        9.28684949425076     
   3.40394888888889        9.27870640700969     
   3.40474476190476        9.29108157449208     
   3.40554063492063        9.30346157319672     
   3.40633650793651        9.31584643407956     
   3.40713238095238        9.32823614526695     
   3.40792825396825        9.32008240766757     
   3.40872412698413        9.33247374546343     
   3.40952000000000        9.34486997803122     
   3.41031587301587        9.35727103896279     
   3.41111174603175        9.36967694234478     
   3.41190761904762        9.36151255133298     
   3.41270349206349        9.37392007721835     
   3.41349936507937        9.38633248536227     
   3.41429523809524        9.39874970868576     
   3.41509111111111        9.41117176409447     
   3.41588698412698        9.40299673007042     
   3.41668285714286        9.41542044341431     
   3.41747873015873        9.42784895217442     
   3.41827460317460        9.44028230755807     
   3.41907047619048        9.45272047188221     
   3.41986634920635        9.44453483788815     
   3.42066222222222        9.45697465685764     
   3.42145809523810        9.46941926169451     
   3.42225396825397        9.48186869768132     
   3.42304984126984        9.49432293240764     
   3.42384571428571        9.48612672782100     
   3.42464158730159        9.49858260588370     
   3.42543746031746        9.51104328151318     
   3.42623333333333        9.52350874151283     
   3.42702920634921        9.51530512557417     
   3.42782507936508        9.52777226242189     
   3.42862095238095        9.54024415862296     
   3.42941682539683        9.55272084856368     
   3.43021269841270        9.56520230983336     
   3.43100857142857        9.55698816547199     
   3.43180444444444        9.56947129782163     
   3.43260031746032        9.58195918094848     
   3.43339619047619        9.59445184415189     
   3.43419206349206        9.60694927866219     
   3.43498793650794        9.59872466166783     
   3.43578380952381        9.61122369501888     
   3.43657968253968        9.62372754292941     
   3.43737555555556        9.63623613832749     
   3.43817142857143        9.64874949625261     
   3.43896730158730        9.64051440129458     
   3.43976317460317        9.65302935566093     
   3.44055904761905        9.66554910926734     
   3.44135492063492        9.67807359979207     
   3.44215079365079        9.69060284201585     
   3.44294666666667        9.68235728233975     
   3.44374253968254        9.69488815394151     
   3.44453841269841        9.70742374372274     
   3.44533428571429        9.71996409878643     
   3.44613015873016        9.73250918478210     
   3.44692603174603        9.72425319883970     
   3.44772190476190        9.73679991147060     
   3.44851777777778        9.74935133119775     
   3.44931365079365        9.76190750368717     
   3.45010952380952        9.77446839425620     
   3.45090539682540        9.76620201454290     
   3.45170126984127        9.77876451942187     
   3.45249714285714        9.79133174782707     
   3.45329301587302        9.80390368156812     
   3.45408888888889        9.79563000650201     
   3.45488476190476        9.80820359168167     
   3.45568063492064        9.82078185331500     
   3.45647650793651        9.83336483221239     
   3.45727238095238        9.84595250463456     
   3.45806825396825        9.83766847478045     
   3.45886412698413        9.85025779232140     
   3.45966000000000        9.86285177919789     
   3.46045587301587        9.87545046891431     
   3.46125174603175        9.88805385128515     
   3.46204761904762        9.87975952161846     
   3.46284349206349        9.89236447774836     
   3.46363936507937        9.90497416772897     
   3.46443523809524        9.91758852674804     
   3.46523111111111        9.93020756991455     
   3.46602698412698        9.92190293543940     
   3.46682285714286        9.93452354921216     
   3.46761873015873        9.94714888268411     
   3.46841460317460        9.95977887546062     
   3.46921047619048        9.97241354080445     
   3.47000634920635        9.96409861536402     
   3.47080222222222        9.97673488274282     
   3.47159809523810        9.98937579039153     
   3.47239396825397        10.0020213851481     
   3.47318984126984        10.0146716339167     
   3.47398571428571        10.0063464460833     
   3.47478158730159        10.0189983013789     
   3.47557746031746        10.0316547704812     
   3.47637333333333        10.0443159232016     
   3.47716920634921        10.0359835822917     
   3.47796507936508        10.0486463120994     
   3.47876095238095        10.0613136860824     
   3.47955682539683        10.0739857148142     
   3.48035269841270        10.0866623627255     
   3.48114857142857        10.0783197991171     
   3.48194444444444        10.0909980564503     
   3.48274031746032        10.1036809366280     
   3.48353619047619        10.1163684496423     
   3.48433206349206        10.1290605861890     
   3.48512793650794        10.1207078188578     
   3.48592380952381        10.1334015745166     
   3.48671968253968        10.1460999116425     
   3.48751555555556        10.1588028827670     
   3.48831142857143        10.1715104704330     
   3.48910730158730        10.1631475690131     
   3.48990317460317        10.1758567104028     
   3.49069904761905        10.1885704886784     
   3.49149492063492        10.2012888778712     
   3.49229079365079        10.2140118691139     
   3.49308666666667        10.2056388412369     
   3.49388253968254        10.2183633720806     
   3.49467841269841        10.2310925473971     
   3.49547428571429        10.2438263120736     
   3.49627015873016        10.2565646719222     
   3.49706603174603        10.2481815185301     
   3.49786190476190        10.2609214517934     
   3.49865777777778        10.2736659463044     
   3.49945365079365        10.2864150574585     
   3.50024952380952        10.2991687441680     
   3.50104539682540        10.2907755059125     
   3.50184126984127        10.3035307634381     
   3.50263714285714        10.3162905797960     
   3.50343301587302        10.3290549932447     
   3.50422888888889        10.3206547040764     
   3.50502476190476        10.3334206718565     
   3.50582063492064        10.3461912207937     
   3.50661650793651        10.3589663162760     
   3.50741238095238        10.3717459925685     
   3.50820825396825        10.3633356741688     
   3.50900412698413        10.3761168865713     
   3.50980000000000        10.3889026875279     
   3.51059587301587        10.4016930416721     
   3.51139174603175        10.4144879382608     
   3.51218761904762        10.4060675629450     
   3.51298349206349        10.4188640451781     
   3.51377936507937        10.4316650425346     
   3.51457523809524        10.4444706001340     
   3.51537111111111        10.4572806808048     
   3.51616698412698        10.4488503290118     
   3.51696285714286        10.4616619770081     
   3.51775873015873        10.4744781682394     
   3.51855460317460        10.4872988874664     
   3.51935047619048        10.5001241372646     
   3.52014634920635        10.4916838243836     
   3.52094222222222        10.5045105905589     
   3.52173809523810        10.5173419256551     
   3.52253396825397        10.5301777715383     
   3.52332984126984        10.5430181329928     
   3.52412571428571        10.5345678798617     
   3.52492158730159        10.5474097533554     
   3.52571746031746        10.5602561933501     
   3.52651333333333        10.5731071283282     
   3.52730920634921        10.5859625758168     
   3.52810507936508        10.5775023822409     
   3.52890095238095        10.5903593746768     
   3.52969682539683        10.6032208529575     
   3.53049269841270        10.6160868466573     
   3.53128857142857        10.6076197386381     
   3.53208444444444        10.6204872355947     
   3.53288031746032        10.6333592841929     
   3.53367619047619        10.6462357893852     
   3.53447206349206        10.6591168032452     
   3.53526793650794        10.6506398243080     
   3.53606380952381        10.6635223277199     
   3.53685968253968        10.6764093804409     
   3.53765555555556        10.6893008961562     
   3.53845142857143        10.7021968833971     
   3.53924730158730        10.6937099961371     
   3.54004317460317        10.7066075448938     
   3.54083904761905        10.7195095457034     
   3.54163492063492        10.7324160221522     
   3.54243079365079        10.7453269571052     
   3.54322666666667        10.7368302230031     
   3.54402253968254        10.7497427281852     
   3.54481841269841        10.7626596653524     
   3.54561428571429        10.7755810685745     
   3.54641015873016        10.7885069325851     
   3.54720603174603        10.7800004038226     
   3.54800190476190        10.7929277742242     
   3.54879777777778        10.8058596158019     
   3.54959365079365        10.8187959095739     
   3.55038952380952        10.8317366441709     
   3.55118539682540        10.8232203464538     
   3.55198126984127        10.8361625695239     
   3.55277714285714        10.8491092846840     
   3.55357301587302        10.8620604225663     
   3.55436888888889        10.8535372668746     
   3.55516476190476        10.8664899210634     
   3.55596063492063        10.8794470209337     
   3.55675650793651        10.8924085367993     
   3.55755238095238        10.9053745036454     
   3.55834825396825        10.8968416039941     
   3.55914412698413        10.9098090650910     
   3.55994000000000        10.9227809681478     
   3.56073587301587        10.9357572723734     
   3.56153174603175        10.9487380107093     
   3.56232761904762        10.9401953963742     
   3.56312349206349        10.9531776226774     
   3.56391936507937        10.9661642905541     
   3.56471523809524        10.9791553667952     
   3.56551111111111        10.9921508388392     
   3.56630698412698        10.9835984932846     
   3.56710285714286        10.9965954994474     
   3.56789873015873        11.0095968903924     
   3.56869460317460        11.0226026881545     
   3.56949047619048        11.0356128681424     
   3.57028634920635        11.0270508406489     
   3.57108222222222        11.0400625543109     
   3.57187809523810        11.0530786388058     
   3.57267396825397        11.0660991211058     
   3.57346984126984        11.0791239856957     
   3.57426571428571        11.0705523318366     
   3.57506158730159        11.0835786654001     
   3.57585746031746        11.0966094324298     
   3.57665333333333        11.1096445558590     
   3.57744920634921        11.1226840671054     
   3.57824507936508        11.1141027614101     
   3.57904095238095        11.1271437521507     
   3.57983682539683        11.1401891378606     
   3.58063269841270        11.1532388864875     
   3.58142857142857        11.1446508495886     
   3.58222444444444        11.1577020860728     
   3.58302031746032        11.1707576978520     
   3.58381619047619        11.1838176526682     
   3.58461206349206        11.1968819846862     
   3.58540793650794        11.1882843685597     
   3.58620380952381        11.2013501656179     
   3.58699968253968        11.2144203507917     
   3.58779555555556        11.2274948624442     
   3.58859142857143        11.2405737445471     
   3.58938730158730        11.2319665473848     
   3.59018317460317        11.2450469014592     
   3.59097904761905        11.2581316167459     
   3.59177492063492        11.2712206695122     
   3.59257079365079        11.2843140546377     
   3.59336666666667        11.2756972800962     
   3.59416253968254        11.2887921789139     
   3.59495841269841        11.3018913887840     
   3.59575428571429        11.3149949386081     
   3.59655015873016        11.3281028037316     
   3.59734603174603        11.3194765034978     
   3.59814190476190        11.3325858742325     
   3.59893777777778        11.3456995461102     
   3.59973365079365        11.3588175494256     
   3.60052952380952        11.3719398785595     
   3.60132539682540        11.3633040861510     
   3.60212126984127        11.3764278669920     
   3.60291714285714        11.3895559917548     
   3.60371301587302        11.4026884201769     
   3.60450888888889        11.3940459715480     
   3.60530476190476        11.4071798889121     
   3.60610063492064        11.4203180680497     
   3.60689650793651        11.4334605885141     
   3.60769238095238        11.4466073954227     
   3.60848825396825        11.4379554953630     
   3.60928412698413        11.4511037680300     
   3.61008000000000        11.4642563621246     
   3.61087587301587        11.4774132277579     
   3.61167174603175        11.4905744052732     
   3.61246761904762        11.4819130642411     
   3.61326349206349        11.4950756867309     
   3.61405936507937        11.5082426196629     
   3.61485523809524        11.5214138195948     
   3.61565111111111        11.5345893151394     
   3.61644698412698        11.5259185429643     
   3.61724285714286        11.5390954954617     
   3.61803873015873        11.5522767252295     
   3.61883460317460        11.5654622277534     
   3.61963047619048        11.5786520019115     
   3.62042634920635        11.5699717941634     
   3.62122222222222        11.5831630717738     
   3.62201809523810        11.5963585772748     
   3.62281396825397        11.6095583515029     
   3.62360984126984        11.6227623672731     
   3.62440571428571        11.6140728066607     
   3.62520158730159        11.6272783050888     
   3.62599746031746        11.6404880611468     
   3.62679333333333        11.6537020738135     
   3.62758920634921        11.6669203248479     
   3.62838507936508        11.6582213854646     
   3.62918095238095        11.6714411231665     
   3.62997682539683        11.6846650723616     
   3.63077269841270        11.6978932848824     
   3.63156857142857        11.6891878255396     
   3.63236444444444        11.7024174818776     
   3.63316031746032        11.7156513724714     
   3.63395619047619        11.7288895148244     
   3.63475206349206        11.7421318820717     
   3.63554793650794        11.7334171105452     
   3.63634380952381        11.7466609209759     
   3.63713968253968        11.7599089598577     
   3.63793555555556        11.7731612605462     
   3.63873142857143        11.7864177768795     
   3.63952730158730        11.7776936893507     
   3.64032317460317        11.7909516460267     
   3.64111904761905        11.8042138278201     
   3.64191492063492        11.8174802113187     
   3.64271079365079        11.8307508328711     
   3.64350666666667        11.8220174697334     
   3.64430253968254        11.8352895250860     
   3.64509841269841        11.8485658065182     
   3.64589428571429        11.8618462787608     
   3.64669015873016        11.8751309655612     
   3.64748603174603        11.8663883536891     
   3.64828190476190        11.8796744647488     
   3.64907777777778        11.8929648045985     
   3.64987365079365        11.9062593353403     
   3.65066952380952        11.9195580523198     
   3.65146539682540        11.9108061781692     
   3.65226126984127        11.9241063553452     
   3.65305714285714        11.9374107163916     
   3.65385301587302        11.9507192683819     
   3.65464888888889        11.9640320014471     
   3.65544476190476        11.9552708959815     
   3.65624063492064        11.9685850929351     
   3.65703650793651        11.9819034418032     
   3.65783238095238        11.9952259786124     
   3.65862825396825        11.9864584589360     
   3.65942412698413        11.9997824140286     
   3.66022000000000        12.0131105476906     
   3.66101587301587        12.0264428755964     
   3.66181174603175        12.0397793708137     
   3.66260761904762        12.0310026501117     
   3.66340349206349        12.0443405823505     
   3.66419936507937        12.0576826384561     
   3.66499523809524        12.0710289005926     
   3.66579111111111        12.0843793114186     
   3.66658698412698        12.0755934527636     
   3.66738285714286        12.0889452713611     
   3.66817873015873        12.1023012823103     
   3.66897460317460        12.1156614103607     
   3.66977047619048        12.1290257220658     
   3.67056634920635        12.1202307100826     
   3.67136222222222        12.1335964344052     
   3.67215809523810        12.1469663094204     
   3.67295396825397        12.1603403090953     
   3.67374984126984        12.1737184776064     
   3.67454571428571        12.1649143394539     
   3.67534158730159        12.1782939272446     
   3.67613746031746        12.1916776455374     
   3.67693333333333        12.2050655132200     
   3.67772920634921        12.2184574960972     
   3.67852507936508        12.2096442540703     
   3.67932095238095        12.2230376733624     
   3.68011682539683        12.2364352072139     
   3.68091269841270        12.2498368758420     
   3.68170857142857        12.2410172838909     
   3.68250444444444        12.2544203356460     
   3.68330031746032        12.2678275503637     
   3.68409619047619        12.2812388767850     
   3.68489206349206        12.2946543212058     
   3.68568793650794        12.2858256693045     
   3.68648380952381        12.2992425124989     
   3.68727968253968        12.3126634734112     
   3.68807555555556        12.3260885548649     
   3.68887142857143        12.3395177477868     
   3.68966730158730        12.3306800406337     
   3.69046317460317        12.3441106396110     
   3.69125904761905        12.3575453350243     
   3.69205492063492        12.3709841534797     
   3.69285079365079        12.3844270648679     
   3.69364666666667        12.3755803350530     
   3.69444253968254        12.3890246437891     
   3.69523841269841        12.4024730588071     
   3.69603428571429        12.4159255488327     
   3.69683015873016        12.4293821475526     
   3.69762603174603        12.4205264118579     
   3.69842190476190        12.4339844068220     
   3.69921777777778        12.4474465059059     
   3.70001365079365        12.4609126629511     
   3.70080952380952        12.4743829254498     
   3.70160539682540        12.4655181918415     
   3.70240126984127        12.4789898514615     
   3.70319714285714        12.4924655823120     
   3.70399301587302        12.5059453945735     
   3.70478888888889        12.5194292757578     
   3.70558476190476        12.5105555639788     
   3.70638063492063        12.5240408632725     
   3.70717650793651        12.5375302142282     
   3.70797238095238        12.5510236332843     
   3.70876825396825        12.5421436744255     
   3.70956412698413        12.5556384480799     
   3.71036000000000        12.5691373397391     
   3.71115587301587        12.5826402724075     
   3.71195174603175        12.5961472670931     
   3.71274761904762        12.5872583699484     
   3.71354349206349        12.6007667501668     
   3.71433936507937        12.6142791663556     
   3.71513523809524        12.6277956722530     
   3.71593111111111        12.6413162091682     
   3.71672698412698        12.6324184040252     
   3.71752285714286        12.6459403221818     
   3.71831873015873        12.6594662775580     
   3.71911460317460        12.6729963050209     
   3.71991047619048        12.6865303689591     
   3.72070634920635        12.6776236535350     
   3.72150222222222        12.6911591009622     
   3.72229809523810        12.7046985769841     
   3.72309396825397        12.7182420679449     
   3.72388984126984        12.7317896168028     
   3.72468571428571        12.7228740344308     
   3.72548158730159        12.7364229588480     
   3.72627746031746        12.7499759153978     
   3.72707333333333        12.7635328803892     
   3.72786920634921        12.7770938982966     
   3.72866507936508        12.7681694418943     
   3.72946095238095        12.7817318443446     
   3.73025682539683        12.7952982394901     
   3.73105269841270        12.8088686551123     
   3.73184857142857        12.8224430818408     
   3.73264444444444        12.8135097828893     
   3.73344031746032        12.8270856199411     
   3.73423619047619        12.8406654438268     
   3.73503206349206        12.8542492794267     
   3.73582793650794        12.8453098299859     
   3.73662380952381        12.8588949997430     
   3.73741968253968        12.8724842221003     
   3.73821555555556        12.8860774386816     
   3.73901142857143        12.8996746567474     
   3.73980730158730        12.8907264041460     
   3.74060317460317        12.9043249522303     
   3.74139904761905        12.9179275525235     
   3.74219492063492        12.9315341199232     
   3.74299079365079        12.9451446958687     
   3.74378666666667        12.9361876296513     
   3.74458253968254        12.9497995837380     
   3.74537841269841        12.9634154905593     
   3.74617428571429        12.9770354093215     
   3.74697015873016        12.9906593141933     
   3.74776603174603        12.9816934773374     
   3.74856190476190        12.9953187587515     
   3.74935777777778        13.0089479757834     
   3.75015365079365        13.0225812050406     
   3.75094952380952        13.0362184077609     
   3.75174539682540        13.0272438197427     
   3.75254126984127        13.0408823925155     
   3.75333714285714        13.0545249178699     
   3.75413301587302        13.0681714142141     
   3.75492888888889        13.0818218856786     
   3.75572476190476        13.0728385911006     
   3.75652063492064        13.0864904039426     
   3.75731650793651        13.1001462000357     
   3.75811238095238        13.1138059365205     
   3.75890825396825        13.1048164965991     
   3.75970412698413        13.1184776394491     
   3.76050000000000        13.1321426914043     
   3.76129587301587        13.1458117194105     
   3.76209174603175        13.1594846935917     
   3.76288761904762        13.1504865771026     
   3.76368349206349        13.1641608879503     
   3.76447936507937        13.1778391729783     
   3.76527523809524        13.1915214055512     
   3.76607111111111        13.2052075710117     
   3.76686698412698        13.1962008016498     
   3.76766285714286        13.2098882633329     
   3.76845873015873        13.2235797534180     
   3.76925460317460        13.2372751439940     
   3.77005047619048        13.2509744814149     
   3.77084634920635        13.2419590265584     
   3.77164222222222        13.2556597064957     
   3.77243809523810        13.2693643072355     
   3.77323396825397        13.2830728625841     
   3.77402984126984        13.2967853384632     
   3.77482571428571        13.2877612264543     
   3.77562158730159        13.3014750570952     
   3.77641746031746        13.3151927832650     
   3.77721333333333        13.3289144596896     
   3.77800920634921        13.3426400518829     
   3.77880507936508        13.3336073082899     
   3.77960095238095        13.3473342499566     
   3.78039682539683        13.3610651002382     
   3.78119269841270        13.3747998534844     
   3.78198857142857        13.3885385299243     
   3.78278444444444        13.3794971924484     
   3.78358031746032        13.3932371964408     
   3.78437619047619        13.4069811205859     
   3.78517206349206        13.4207289357134     
   3.78596793650794        13.4116815428116     
   3.78676380952381        13.4254307437916     
   3.78755968253968        13.4391838176227     
   3.78835555555556        13.4529408028823     
   3.78915142857143        13.4667016673189     
   3.78994730158730        13.4576457487131     
   3.79074317460317        13.4714078927678     
   3.79153904761905        13.4851740210025     
   3.79233492063492        13.4989440120420     
   3.79313079365079        13.5127179074600     
   3.79392666666667        13.5036533965368     
   3.79472253968254        13.5174285903487     
   3.79551841269841        13.5312077165054     
   3.79631428571429        13.5449907101975     
   3.79711015873016        13.5587775905739     
   3.79790603174603        13.5497045350061     
   3.79870190476190        13.5634927373297     
   3.79949777777778        13.5772848203534     
   3.80029365079365        13.5910807916904     
   3.80108952380952        13.6048806326039     
   3.80188539682540        13.5957990458141     
   3.80268126984127        13.6096002092879     
   3.80347714285714        13.6234052354572     
   3.80427301587302        13.6372141525609     
   3.80506888888889        13.6510269508994     
   3.80586476190476        13.6419368221907     
   3.80666063492064        13.6557509522356     
   3.80745650793651        13.6695689166151     
   3.80825238095238        13.6833907353015     
   3.80904825396825        13.6742946679631     
   3.80984412698413        13.6881178264362     
   3.81064000000000        13.7019448444321     
   3.81143587301587        13.7157757085030     
   3.81223174603175        13.7296104255568     
   3.81302761904762        13.7205058629777     
   3.81382349206349        13.7343419275983     
   3.81461936507937        13.7481818275848     
   3.81541523809524        13.7620255724718     
   3.81621111111111        13.7758731646854     
   3.81700698412698        13.7667601784386     
   3.81780285714286        13.7806090315101     
   3.81859873015873        13.7944618127153     
   3.81939460317460        13.8083184028344     
   3.82019047619048        13.8221788359345     
   3.82098634920635        13.8130573939727     
   3.82178222222222        13.8269190953460     
   3.82257809523810        13.8407846969661     
   3.82337396825397        13.8546541208207     
   3.82416984126984        13.8685273690211     
   3.82496571428571        13.8593974764626     
   3.82576158730159        13.8732720360539     
   3.82655746031746        13.8871503986607     
   3.82735333333333        13.9010326260736     
   3.82814920634921        13.9149186605265     
   3.82894507936508        13.9057803491324     
   3.82974095238095        13.9196677020685     
   3.83053682539683        13.9335588529277     
   3.83133269841270        13.9474538527075     
   3.83212857142857        13.9613526499425     
   3.83292444444444        13.9522059471670     
   3.83372031746032        13.9661060505397     
   3.83451619047619        13.9800099785898     
   3.83531206349206        13.9939176949372     
   3.83610793650794        13.9847651088699     
   3.83690380952381        13.9986741486621     
   3.83769968253968        14.0125870004587     
   3.83849555555556        14.0265036530663     
   3.83929142857143        14.0404241070996     
   3.84008730158730        14.0312631247454     
   3.84088317460317        14.0451849141076     
   3.84167904761905        14.0591104751765     
   3.84247492063492        14.0730398301957     
   3.84327079365079        14.0869729999298     
   3.84406666666667        14.0778036855790     
   3.84486253968254        14.0917381190030     
   3.84565841269841        14.1056763900346     
   3.84645428571429        14.1196184347857     
   3.84725015873016        14.1335642674801     
   3.84804603174603        14.1243866347927     
   3.84884190476190        14.1383337196425     
   3.84963777777778        14.1522846573503     
   3.85043365079365        14.1662393626354     
   3.85122952380952        14.1801978451051     
   3.85202539682540        14.1710118824339     
   3.85282126984127        14.1849716243495     
   3.85361714285714        14.1989352079385     
   3.85441301587302        14.2129025399740     
   3.85520888888889        14.2268736651853     
   3.85600476190476        14.2176793521987     
   3.85680063492063        14.2316517880806     
   3.85759650793651        14.2456279416170     
   3.85839238095238        14.2596079027649     
   3.85918825396825        14.2735916241333     
   3.85998412698413        14.2643890327209     
   3.86078000000000        14.2783740495386     
   3.86157587301587        14.2923627960817     
   3.86237174603175        14.3063553458606     
   3.86316761904762        14.2971469522533     
   3.86396349206349        14.3111407889928     
   3.86475936507937        14.3251383751832     
   3.86555523809524        14.3391397174862     
   3.86635111111111        14.3531448009858     
   3.86714698412698        14.3439281315397     
   3.86794285714286        14.3579345387511     
   3.86873873015873        14.3719446660091     
   3.86953460317460        14.3859585538091     
   3.87033047619048        14.3999761831741     
   3.87112634920635        14.3907512588836     
   3.87192222222222        14.4047702040413     
   3.87271809523810        14.4187928651358     
   3.87351396825397        14.4328192796730     
   3.87430984126984        14.4468494349251     
   3.87510571428571        14.4376163144432     
   3.87590158730159        14.4516477076443     
   3.87669746031746        14.4656828920754     
   3.87749333333333        14.4797217925323     
   3.87828920634921        14.4937644284492     
   3.87908507936508        14.4845230845859     
   3.87988095238095        14.4985669731432     
   3.88067682539683        14.5126146389186     
   3.88147269841270        14.5266660159934     
   3.88226857142857        14.5407211247348     
   3.88306444444444        14.5314715590596     
   3.88386031746032        14.5455279558028     
   3.88465619047619        14.5595880439334     
   3.88545206349206        14.5736518751593     
   3.88624793650794        14.5643966090472     
   3.88704380952381        14.5784616736593     
   3.88783968253968        14.5925305144018     
   3.88863555555556        14.6066030336215     
   3.88943142857143        14.6206792958760     
   3.89022730158730        14.6114158292485     
   3.89102317460317        14.6254933545806     
   3.89181904761905        14.6395746047090     
   3.89261492063492        14.6536595611617     
   3.89341079365079        14.6677482178474     
   3.89420666666667        14.6584765443958     
   3.89500253968254        14.6725665231831     
   3.89579841269841        14.6866601535652     
   3.89659428571429        14.7007575040575     
   3.89739015873016        14.7148585420975     
   3.89818603174603        14.7055787434820     
   3.89898190476190        14.7196810761154     
   3.89977777777778        14.7337870965345     
   3.90057365079365        14.7478968137326     
   3.90136952380952        14.7620102257088     
   3.90216539682540        14.7527223149004     
   3.90296126984127        14.7668369581234     
   3.90375714285714        14.7809553445045     
   3.90455301587302        14.7950774106428     
   3.90534888888889        14.8092031639743     
   3.90614476190476        14.7999071275292     
   3.90694063492064        14.8140341169247     
   3.90773650793651        14.8281648288273     
   3.90853238095238        14.8422992197160     
   3.90932825396825        14.8564372865105     
   3.91012412698413        14.8471331361544     
   3.91092000000000        14.8612724734297     
   3.91171587301587        14.8754154649204     
   3.91251174603175        14.8895621634472     
   3.91330761904762        14.8802523655785     
   3.91410349206349        14.8944002846667     
   3.91489936507937        14.9085519213728     
   3.91569523809524        14.9227071978764     
   3.91649111111111        14.9368661722732     
   3.91728698412698        14.9275482951795     
   3.91808285714286        14.9417084936346     
   3.91887873015873        14.9558724011584     
   3.91967460317460        14.9700399602326     
   3.92047047619048        14.9842111740208     
   3.92126634920635        14.9748852071508     
   3.92206222222222        14.9890576954010     
   3.92285809523810        15.0032338454819     
   3.92365396825397        15.0174136468744     
   3.92444984126984        15.0315970988590     
   3.92524571428571        15.0222630617703     
   3.92604158730159        15.0364478020721     
   3.92683746031746        15.0506361665650     
   3.92763333333333        15.0648281934446     
   3.92842920634921        15.0790238666707     
   3.92922507936508        15.0696818287925     
   3.93002095238095        15.0838787193821     
   3.93081682539683        15.0980793068334     
   3.93161269841270        15.1122835274230     
   3.93240857142857        15.1264913898044     
   3.93320444444444        15.1171413278737     
   3.93400031746032        15.1313504097334     
   3.93479619047619        15.1455631822980     
   3.93559206349206        15.1597795766336     
   3.93638793650794        15.1739996103311     
   3.93718380952381        15.1646415330284     
   3.93797968253968        15.1788628156657     
   3.93877555555556        15.1930877256326     
   3.93957142857143        15.2073162866600     
   3.94036730158730        15.1979526199782     
   3.94116317460317        15.2121823913848     
   3.94195904761905        15.2264158322027     
   3.94275492063492        15.2406528714786     
   3.94355079365079        15.2548935646752     
   3.94434666666667        15.2455219020120     
   3.94514253968254        15.2597638227670     
   3.94593841269841        15.2740093764699     
   3.94673428571429        15.2882585679530     
   3.94753015873016        15.3025113571400     
   3.94832603174603        15.2931317054813     
   3.94912190476190        15.3073857633249     
   3.94991777777778        15.3216434162116     
   3.95071365079365        15.3359047028695     
   3.95150952380952        15.3501695933368     
   3.95230539682540        15.3407819637716     
   3.95310126984127        15.3550481384090     
   3.95389714285714        15.3693178809139     
   3.95469301587302        15.3835912424018     
   3.95548888888889        15.3978682251945     
   3.95628476190476        15.3884726677076     
   3.95708063492064        15.4027508713218     
   3.95787650793651        15.4170326978022     
   3.95867238095238        15.4313181153038     
   3.95946825396825        15.4456071371242     
   3.96026412698413        15.4362036707256     
   3.96106000000000        15.4504938991169     
   3.96185587301587        15.4647877756712     
   3.96265174603175        15.4790852398166     
   3.96344761904762        15.4696762008948     
   3.96424349206349        15.4839749161286     
   3.96503936507937        15.4982771745003     
   3.96583523809524        15.5125830807620     
   3.96663111111111        15.5268925665309     
   3.96742698412698        15.5174756213660     
   3.96822285714286        15.5317863419248     
   3.96901873015873        15.5461006395993     
   3.96981460317460        15.5604185143086     
   3.97061047619048        15.5747400045025     
   3.97140634920635        15.5653151710861     
   3.97220222222222        15.5796378817850     
   3.97299809523810        15.5939641777755     
   3.97379396825397        15.6082940454667     
   3.97458984126984        15.6226275110270     
   3.97538571428571        15.6131948013599     
   3.97618158730159        15.6275294846756     
   3.97697746031746        15.6418677472393     
   3.97777333333333        15.6562095837587     
   3.97856920634921        15.6705549933812     
   3.97936507936508        15.6611143755853     
   3.98016095238095        15.6754610629262     
   3.98095682539683        15.6898112709048     
   3.98175269841270        15.7041650644082     
   3.98254857142857        15.7185224025856     
   3.98334444444444        15.7090739552116     
   3.98414031746032        15.7234325455476     
   3.98493619047619        15.7377946905453     
   3.98573206349206        15.7521604018874     
   3.98652793650794        15.7665296773003     
   3.98732380952381        15.7570734041732     
   3.98811968253968        15.7714438711480     
   3.98891555555556        15.7858179418225     
   3.98971142857143        15.8001955561643     
   3.99050730158730        15.7907337899080     
   3.99130317460317        15.8051126261596     
   3.99209904761905        15.8194949925060     
   3.99289492063492        15.8338809445227     
   3.99369079365079        15.8482704437612     
   3.99448666666667        15.8388008520268     
   3.99528253968254        15.8531915691399     
   3.99607841269841        15.8675858425086     
   3.99687428571429        15.8819836497271     
   3.99767015873016        15.8963850267587     
   3.99846603174603        15.8869076314769     
   3.99926190476191        15.9013102098589     
   4.00005777777778        15.9157163330404     
   4.00085365079365        15.9301259952515     
   4.00164952380952        15.9445392093289     
   4.00244539682540        15.9350540274589     
   4.00324126984127        15.9494684435377     
   4.00403714285714        15.9638864159194     
   4.00483301587302        15.9783079315247     
   4.00562888888889        15.9927329713442     
   4.00642476190476        15.9832399650441     
   4.00722063492064        15.9976662549494     
   4.00801650793651        16.0120960352073     
   4.00881238095238        16.0265293682138     
   4.00960825396825        16.0409662130931     
   4.01040412698413        16.0314654532408     
   4.01120000000000        16.0459035310009     
   4.01199587301587        16.0603451236121     
   4.01279174603175        16.0747902457305     
   4.01358761904762        16.0652840537104     
   4.01438349206349        16.0797303936512     
   4.01517936507936        16.0941802328501     
   4.01597523809524        16.1086336280112     
   4.01677111111111        16.1230905234740     
   4.01756698412698        16.1135765943831     
   4.01836285714286        16.1280346928626     
   4.01915873015873        16.1424963020462     
   4.01995460317460        16.1569614634053     
   4.02075047619048        16.1714301254804     
   4.02154634920635        16.1619084612232     
   4.02234222222222        16.1763783133346     
   4.02313809523810        16.1908517122144     
   4.02393396825397        16.2053285883312     
   4.02472984126984        16.2198090047884     
   4.02552571428571        16.2102795919078     
   4.02632158730159        16.2247612089659     
   4.02711746031746        16.2392463351207     
   4.02791333333333        16.2537349498820     
   4.02870920634921        16.2682270903037     
   4.02950507936508        16.2586899751078     
   4.03030095238095        16.2731833009260     
   4.03109682539683        16.2876801410972     
   4.03189269841270        16.3021804760356     
   4.03268857142857        16.3166843080497     
   4.03348444444444        16.3071394682433     
   4.03428031746032        16.3216445248780     
   4.03507619047619        16.3361530634190     
   4.03587206349206        16.3506650926923     
   4.03666793650794        16.3651806091050     
   4.03746380952381        16.3556280814861     
   4.03825968253968        16.3701448225290     
   4.03905555555556        16.3846650462587     
   4.03985142857143        16.3991887550969     
   4.04064730158730        16.3896308678595     
   4.04144317460317        16.4041557627824     
   4.04223904761905        16.4186841401100     
   4.04303492063492        16.4332160269313     
   4.04383079365079        16.4477513881321     
   4.04462666666667        16.4381858154265     
   4.04542253968254        16.4527223832882     
   4.04621841269841        16.4672624028184     
   4.04701428571429        16.4818059346970     
   4.04781015873016        16.4963529421173     
   4.04860603174603        16.4867797078548     
   4.04940190476190        16.5013279101909     
   4.05019777777778        16.5158795916170     
   4.05099365079365        16.5304347310663     
   4.05178952380952        16.5449933575717     
   4.05258539682540        16.5354125118396     
   4.05338126984127        16.5499722874653     
   4.05417714285714        16.5645355936055     
   4.05497301587302        16.5791023414146     
   4.05576888888889        16.5936725806920     
   4.05656476190476        16.5840840880425     
   4.05736063492064        16.5986554853729     
   4.05815650793651        16.6132303821206     
   4.05895238095238        16.6278087426881     
   4.05974825396825        16.6423905502907     
   4.06054412698413        16.6327944065425     
   4.06134000000000        16.6473774229688     
   4.06213587301587        16.6619638978062     
   4.06293174603175        16.6765538357238     
   4.06372761904762        16.6911472264298     
   4.06452349206349        16.6815434461579     
   4.06531936507937        16.6961380572764     
   4.06611523809524        16.7107360929087     
   4.06691111111111        16.7253375983098     
   4.06770698412698        16.7157285107765     
   4.06850285714286        16.7303311944844     
   4.06929873015873        16.7449373042952     
   4.07009460317460        16.7595469034006     
   4.07089047619048        16.7741599456511     
   4.07168634920635        16.7645432732011     
   4.07248222222222        16.7791574896926     
   4.07327809523810        16.7937751475633     
   4.07407396825397        16.8083962833890     
   4.07486984126984        16.8230208473643     
   4.07566571428571        16.8133965992938     
   4.07646158730159        16.8280223245466     
   4.07725746031746        16.8426515313925     
   4.07805333333333        16.8572841518784     
   4.07884920634921        16.8719202431043     
   4.07964507936508        16.8622884036868     
   4.08044095238095        16.8769256579938     
   4.08123682539683        16.8915663593336     
   4.08203269841270        16.9062104818635     
   4.08282857142857        16.9208580617943     
   4.08362444444444        16.9112186722535     
   4.08442031746032        16.9258674062007     
   4.08521619047619        16.9405196049497     
   4.08601206349206        16.9551752072033     
   4.08680793650794        16.9698342618188     
   4.08760380952381        16.9601873175365     
   4.08839968253968        16.9748475328152     
   4.08919555555556        16.9895112039755     
   4.08999142857143        17.0041782960605     
   4.09078730158730        16.9945260535413     
   4.09158317460317        17.0091942901317     
   4.09237904761905        17.0238659948571     
   4.09317492063492        17.0385411104870     
   4.09397079365079        17.0532196453663     
   4.09476666666667        17.0435598952887     
   4.09556253968254        17.0582395445929     
   4.09635841269841        17.0729227032109     
   4.09715428571429        17.0876092477136     
   4.09795015873016        17.1022992347739     
   4.09874603174603        17.0926318993425     
   4.09954190476190        17.1073230855438     
   4.10033777777778        17.1220176070222     
   4.10113365079365        17.1367156019729     
   4.10192952380952        17.1514169939134     
   4.10272539682540        17.1417421689702     
   4.10352126984127        17.1564447417695     
   4.10431714285714        17.1711506805540     
   4.10511301587302        17.1858600682436     
   4.10590888888889        17.2005728589533     
   4.10670476190476        17.1908905458534     
   4.10750063492064        17.2056044972756     
   4.10829650793651        17.2203218753881     
   4.10909238095238        17.2350426346445     
   4.10988825396825        17.2497668127161     
   4.11068412698413        17.2400770208287     
   4.11148000000000        17.2548023436428     
   4.11227587301587        17.2695311020180     
   4.11307174603175        17.2842632377112     
   4.11386761904762        17.2989987911225     
   4.11466349206349        17.2893014940969     
   4.11545936507937        17.3040382132076     
   4.11625523809524        17.3187783223281     
   4.11705111111111        17.3335218302374     
   4.11784698412698        17.3238193411414     
   4.11864285714286        17.3385639380640     
   4.11943873015873        17.3533120436816     
   4.12023460317460        17.3680635065236     
   4.12103047619048        17.3828183631341     
   4.12182634920635        17.3731083908722     
   4.12262222222222        17.3878643547328     
   4.12341809523810        17.4026237933832     
   4.12421396825397        17.4173865854570     
   4.12500984126984        17.4321527822379     
   4.12580571428571        17.4224353219879     
   4.12660158730159        17.4372026795686     
   4.12739746031746        17.4519734024007     
   4.12819333333333        17.4667475294028     
   4.12898920634921        17.4815250366384     
   4.12978507936508        17.4718001383802     
   4.13058095238095        17.4865788020441     
   4.13137682539683        17.5013608308425     
   4.13217269841270        17.5161462694246     
   4.13296857142857        17.5309350916563     
   4.13376444444445        17.5212027333339     
   4.13456031746032        17.5359927230790     
   4.13535619047619        17.5507860650110     
   4.13615206349206        17.5655827734147     
   4.13694793650794        17.5803828790323     
   4.13774380952381        17.5706431068671     
   4.13853968253968        17.5854443630112     
   4.13933555555556        17.6002489856965     
   4.14013142857143        17.6150569784419     
   4.14092730158730        17.6298683565251     
   4.14172317460317        17.6201211752343     
   4.14251904761905        17.6349336948768     
   4.14331492063492        17.6497495858249     
   4.14411079365079        17.6645688526664     
   4.14490666666667        17.6548164837696     
   4.14570253968254        17.6696368625670     
   4.14649841269841        17.6844606641579     
   4.14729428571429        17.6992878083607     
   4.14809015873016        17.7141183242967     
   4.14888603174603        17.7043585487080     
   4.14968190476190        17.7191901806551     
   4.15047777777778        17.7340252119395     
   4.15127365079365        17.7488636036437     
   4.15206952380952        17.7637053551941     
   4.15286539682540        17.7539381764044     
   4.15366126984127        17.7687810815778     
   4.15445714285714        17.7836273006276     
   4.15525301587302        17.7984769160929     
   4.15604888888889        17.8133298830070     
   4.15684476190476        17.8035553201467     
   4.15764063492063        17.8184094428495     
   4.15843650793651        17.8332668824618     
   4.15923238095238        17.8481277117899     
   4.16002825396825        17.8629918793686     
   4.16082412698413        17.8532099617749     
   4.16162000000000        17.8680752627303     
   4.16241587301587        17.8829439217586     
   4.16321174603175        17.8978159170364     
   4.16400761904762        17.9126912814934     
   4.16480349206349        17.9029019908053     
   4.16559936507937        17.9177784937018     
   4.16639523809524        17.9326583369585     
   4.16719111111111        17.9475415144365     
   4.16798698412698        17.9377470564460     
   4.16878285714286        17.9526314085516     
   4.16957873015873        17.9675190851103     
   4.17037460317460        17.9824101081985     
   4.17117047619048        17.9973044592104     
   4.17196634920635        17.9875027142813     
   4.17276222222222        18.0023981284771     
   4.17355809523810        18.0172970046581     
   4.17435396825397        18.0321991738275     
   4.17514984126984        18.0471046860434     
   4.17594571428571        18.0372955839534     
   4.17674158730159        18.0522021783278     
   4.17753746031746        18.0671121921573     
   4.17833333333333        18.0820255126155     
   4.17912920634921        18.0969421585897     
   4.17992507936508        18.0871257080264     
   4.18072095238095        18.1020434896409     
   4.18151682539683        18.1169645966956     
   4.18231269841270        18.1318890635114     
   4.18310857142857        18.1468168427228     
   4.18390444444444        18.1369930682122     
   4.18470031746032        18.1519219790602     
   4.18549619047619        18.1668542155367     
   4.18629206349206        18.1817897895680     
   4.18708793650794        18.1967286902426     
   4.18788380952381        18.1868975925121     
   4.18867968253968        18.2018376262563     
   4.18947555555556        18.2167809915566     
   4.19027142857143        18.2317276466439     
   4.19106730158730        18.2466776598602     
   4.19186317460318        18.2368392430695     
   4.19265904761905        18.2517903910952     
   4.19345492063492        18.2667448429196     
   4.19425079365079        18.2817026001334     
   4.19504666666667        18.2718590528253     
   4.19584253968254        18.2868179984225     
   4.19663841269841        18.3017802124211     
   4.19743428571429        18.3167457618159     
   4.19823015873016        18.3317145948864     
   4.19902603174603        18.3218637800312     
   4.19982190476190        18.3368337712918     
   4.20061777777778        18.3518070793529     
   4.20141365079365        18.3667836918289     
   4.20220952380952        18.3817636136993     
   4.20300539682540        18.3719055357577     
   4.20380126984127        18.3868865418303     
   4.20459714285714        18.4018709174830     
   4.20539301587302        18.4168585848068     
   4.20618888888889        18.4318495594091     
   4.20698476190476        18.4219842192754     
   4.20778063492063        18.4369762695493     
   4.20857650793651        18.4519717017606     
   4.20937238095238        18.4669704040953     
   4.21016825396825        18.4819724242210     
   4.21096412698413        18.4720997839515     
   4.21176000000000        18.4871029408722     
   4.21255587301587        18.5021093696553     
   4.21335174603175        18.5171191209674     
   4.21414761904762        18.5321321572650     
   4.21494349206349        18.5222522771111     
   4.21573936507937        18.5372664421110     
   4.21653523809524        18.5522838990686     
   4.21733111111111        18.5673046663961     
   4.21812698412698        18.5574197146201     
   4.21892285714286        18.5724415819887     
   4.21971873015873        18.5874667760240     
   4.22051460317460        18.6024952549525     
   4.22131047619048        18.6175270086588     
   4.22210634920635        18.6076347904264     
   4.22290222222222        18.6226676957210     
   4.22369809523810        18.6377038811975     
   4.22449396825397        18.6527433577205     
   4.22528984126984        18.6677861090466     
   4.22608571428571        18.6578866409787     
   4.22688158730159        18.6729305568753     
   4.22767746031746        18.6879777305760     
   4.22847333333333        18.7030281967305     
   4.22926920634921        18.7180819401316     
   4.23006507936508        18.7081752859633     
   4.23086095238095        18.7232301094185     
   4.23165682539683        18.7382882815939     
   4.23245269841270        18.7533497219686     
   4.23324857142857        18.7684144424715     
   4.23404444444444        18.7585005655160     
   4.23484031746032        18.7735663664934     
   4.23563619047619        18.7886355095915     
   4.23643206349206        18.8037079064088     
   4.23722793650794        18.8187835904246     
   4.23802380952381        18.8088624746364     
   4.23881968253968        18.8239392906605     
   4.23961555555556        18.8390193465909     
   4.24041142857143        18.8541027054156     
   4.24120730158730        18.8691893415774     
   4.24200317460317        18.8592610149004     
   4.24279904761905        18.8743487827083     
   4.24359492063492        18.8894397797302     
   4.24439079365079        18.9045340886283     
   4.24518666666667        18.8946007104806     
   4.24598253968254        18.9096961545229     
   4.24677841269841        18.9247948212689     
   4.24757428571429        18.9398967841223     
   4.24837015873016        18.9550019949212     
   4.24916603174603        18.9450614355754     
   4.24996190476191        18.9601677916375     
   4.25075777777778        18.9752774039586     
   4.25155365079365        18.9903902847459     
   4.25234952380952        19.0055064170431     
   4.25314539682540        18.9955586695634     
   4.25394126984127        19.0106759471529     
   4.25473714285714        19.0257964624267     
   4.25553301587302        19.0409202562656     
   4.25632888888889        19.0560473026272     
   4.25712476190476        19.0460924191338     
   4.25792063492063        19.0612205320345     
   4.25871650793651        19.0763519818991     
   4.25951238095238        19.0914866686403     
   4.26030825396825        19.1066246167972     
   4.26110412698413        19.0966625498914     
   4.26190000000000        19.1118015743667     
   4.26269587301587        19.1269439075442     
   4.26349174603175        19.1420894729318     
   4.26428761904762        19.1572383124548     
   4.26508349206349        19.1472690530556     
   4.26587936507936        19.1624190230033     
   4.26667523809524        19.1775721999282     
   4.26747111111111        19.1927286527448     
   4.26826698412698        19.2078883473721     
   4.26906285714286        19.1979119578558     
   4.26985873015873        19.2130727700387     
   4.27065460317460        19.2282368248811     
   4.27145047619048        19.2434041460617     
   4.27224634920635        19.2334227396440     
   4.27304222222222        19.2485911704822     
   4.27383809523810        19.2637628421875     
   4.27463396825397        19.2789377615788     
   4.27542984126984        19.2941159205423     
   4.27622571428571        19.2841273472250     
   4.27702158730159        19.2993066606065     
   4.27781746031746        19.3144891828422     
   4.27861333333333        19.3296749442045     
   4.27940920634921        19.3448639377267     
   4.28020507936508        19.3348682480872     
   4.28100095238095        19.3500583799965     
   4.28179682539683        19.3652517509265     
   4.28259269841270        19.3804483555613     
   4.28338857142857        19.3956481956079     
   4.28418444444444        19.3856454040399     
   4.28498031746032        19.4008463126216     
   4.28577619047619        19.4160505206111     
   4.28657206349206        19.4312579487414     
   4.28736793650794        19.4464686073110     
   4.28816380952381        19.4364586927888     
   4.28895968253968        19.4516704263265     
   4.28975555555556        19.4668854505774     
   4.29055142857143        19.4821036894649     
   4.29134730158730        19.4973251657030     
   4.29214317460317        19.4873081108302     
   4.29293904761905        19.5025307090781     
   4.29373492063492        19.5177565036153     
   4.29453079365079        19.5329855580442     
   4.29532666666667        19.5229635459877     
   4.29612253968254        19.5381936787885     
   4.29691841269841        19.5534270649227     
   4.29771428571429        19.5686636657066     
   4.29851015873016        19.5839035114065     
   4.29930603174603        19.5738744072206     
   4.30010190476191        19.5891153228972     
   4.30089777777778        19.6043595117169     
   4.30169365079365        19.6196069110848     
   4.30248952380952        19.6348575206125     
   4.30328539682540        19.6248212895647     
   4.30408126984127        19.6400730291306     
   4.30487714285714        19.6553279905115     
   4.30567301587302        19.6705861674345     
   4.30646888888889        19.6858475566443     
   4.30726476190476        19.6758042195476     
   4.30806063492064        19.6910667520753     
   4.30885650793651        19.7063324801096     
   4.30965238095238        19.7216014273755     
   4.31044825396825        19.7368735879372     
   4.31124412698413        19.7268231608466     
   4.31204000000000        19.7420964615907     
   4.31283587301587        19.7573729491950     
   4.31363174603175        19.7726526634656     
   4.31442761904762        19.7879355861435     
   4.31522349206349        19.7778781307939     
   4.31601936507937        19.7931621056507     
   4.31681523809524        19.8084493682425     
   4.31761111111111        19.8237398245244     
   4.31840698412698        19.8390335043220     
   4.31920285714286        19.8289689602186     
   4.31999873015873        19.8442637032588     
   4.32079460317460        19.8595617062000     
   4.32159047619048        19.8748629011669     
   4.32238634920635        19.8647934021981     
   4.32318222222222        19.8800956895044     
   4.32397809523810        19.8954012088376     
   4.32477396825397        19.9107099036754     
   4.32556984126984        19.9260218316447     
   4.32636571428571        19.9159453000246     
   4.32716158730159        19.9312582826963     
   4.32795746031746        19.9465745373356     
   4.32875333333333        19.9618939533341     
   4.32954920634921        19.9772166134500     
   4.33034507936508        19.9671329858922     
   4.33114095238095        19.9824567409868     
   4.33193682539683        19.9977836816935     
   4.33273269841270        20.0131138427351     
   4.33352857142857        20.0284471865812     
   4.33432444444444        20.0183565123097     
   4.33512031746032        20.0336909786536     
   4.33591619047619        20.0490286382416     
   4.33671206349206        20.0643695002788     
   4.33750793650794        20.0797135518583     
   4.33830380952381        20.0696158176136     
   4.33909968253968        20.0849610023617     
   4.33989555555556        20.1003093433521     
   4.34069142857143        20.1156608923885     
   4.34148730158730        20.1310156402067     
   4.34228317460317        20.1209109171680     
   4.34307904761905        20.1362667169585     
   4.34387492063492        20.1516257823313     
   4.34467079365079        20.1669880197234     
   4.34546666666667        20.1568783256546     
   4.34626253968254        20.1722416919622     
   4.34705841269841        20.1876081849659     
   4.34785428571429        20.2029779141087     
   4.34865015873016        20.2183508324922     
   4.34944603174603        20.2082341151210     
   4.35024190476190        20.2236081487944     
   4.35103777777778        20.2389853349402     
   4.35183365079365        20.2543657167049     
   4.35262952380952        20.2697493040489     
   4.35342539682540        20.2596255982810     
   4.35422126984127        20.2750102566266     
   4.35501714285714        20.2903981222440     
   4.35581301587302        20.3057891552085     
   4.35660888888889        20.3211834041332     
   4.35740476190476        20.3110526811267     
   4.35820063492064        20.3264480066859     
   4.35899650793651        20.3418465267654     
   4.35979238095238        20.3572482322465     
   4.36058825396825        20.3726531116725     
   4.36138412698413        20.3625153602540     
   4.36218000000000        20.3779213629001     
   4.36297587301587        20.3933305365307     
   4.36377174603175        20.4087428821636     
   4.36456761904762        20.4241584091592     
   4.36536349206349        20.4140136371183     
   4.36615936507937        20.4294302965864     
   4.36695523809524        20.4448500961866     
   4.36775111111111        20.4602730968798     
   4.36854698412698        20.4756992766620     
   4.36934285714286        20.4655475426515     
   4.37013873015873        20.4809747720756     
   4.37093460317460        20.4964052214960     
   4.37173047619048        20.5118388352313     
   4.37252634920635        20.5016821908077     
   4.37332222222222        20.5171169053935     
   4.37411809523810        20.5325547692483     
   4.37491396825397        20.5479958454509     
   4.37570984126984        20.5634400882522     
   4.37650571428571        20.5532764707944     
   4.37730158730159        20.5687217779783     
   4.37809746031746        20.5841703016485     
   4.37889333333333        20.5996219584497     
   4.37968920634921        20.6150768105070     
   4.38048507936508        20.6049062338926     
   4.38128095238095        20.6203621247010     
   4.38207682539683        20.6358212625565     
   4.38287269841270        20.6512835331301     
   4.38366857142857        20.6667489977808     
   4.38446444444444        20.6565714133559     
   4.38526031746032        20.6720379498717     
   4.38605619047619        20.6875076643615     
   4.38685206349206        20.7029805552563     
   4.38764793650794        20.7184565993966     
   4.38844380952381        20.7082720025895     
   4.38923968253968        20.7237491804762     
   4.39003555555556        20.7392294759258     
   4.39083142857143        20.7547129553416     
   4.39162730158730        20.7701995872478     
   4.39242317460317        20.7600080356191     
   4.39321904761905        20.7754957852719     
   4.39401492063492        20.7909866796334     
   4.39481079365079        20.8064807408586     
   4.39560666666667        20.8219779629907     
   4.39640253968254        20.8117794826727     
   4.39719841269841        20.8272777496291     
   4.39799428571429        20.8427792361238     
   4.39879015873016        20.8582838711680     
   4.39958603174603        20.8480804845246     
   4.40038190476190        20.8635862227891     
   4.40117777777778        20.8790950722873     
   4.40197365079365        20.8946071237907     
   4.40276952380952        20.9101223273607     
   4.40356539682540        20.8999120026324     
   4.40436126984127        20.9154282824814     
   4.40515714285714        20.9309477277763     
   4.40595301587302        20.9464703078648     
   4.40674888888889        20.9619960675979     
   4.40754476190476        20.9517788150839     
   4.40834063492064        20.9673056289758     
   4.40913650793651        20.9828356387382     
   4.40993238095238        20.9983687690612     
   4.41072825396825        21.0139050899842     
   4.41152412698413        21.0036808781713     
   4.41232000000000        21.0192182639997     
   4.41311587301587        21.0347588154491     
   4.41391174603175        21.0503025079128     
   4.41470761904762        21.0658493660318     
   4.41550349206349        21.0556181696567     
   4.41629936507937        21.0711661534362     
   4.41709523809524        21.0867172272185     
   4.41789111111111        21.1022714686942     
   4.41868698412698        21.1178288551120     
   4.41948285714286        21.1075907396525     
   4.42027873015873        21.1231492418728     
   4.42107460317460        21.1387108596606     
   4.42187047619048        21.1542756415933     
   4.42266634920635        21.1440326812715     
   4.42346222222222        21.1595985553450     
   4.42425809523810        21.1751675273751     
   4.42505396825397        21.1907396889120     
   4.42584984126984        21.2063149959531     
   4.42664571428571        21.1960651123165     
   4.42744158730159        21.2116415041127     
   4.42823746031746        21.2272210076033     
   4.42903333333333        21.2428036869865     
   4.42982920634921        21.2583895140019     
   4.43062507936508        21.2481327099513     
   4.43142095238095        21.2637196222954     
   4.43221682539683        21.2793096378884     
   4.43301269841270        21.2949028342467     
   4.43380857142857        21.3104991721672     
   4.43460444444445        21.3002354418213     
   4.43540031746032        21.3158328701859     
   4.43619619047619        21.3314334176299     
   4.43699206349206        21.3470371040687     
   4.43778793650794        21.3626439517793     
   4.43858380952381        21.3523733286114     
   4.43937968253968        21.3679812395934     
   4.44017555555556        21.3835923033543     
   4.44097142857143        21.3992064843853     
   4.44176730158730        21.4148238218055     
   4.44256317460317        21.4045462961828     
   4.44335904761905        21.4201647021103     
   4.44415492063492        21.4357862677473     
   4.44495079365079        21.4514109586488     
   4.44574666666667        21.4670387714275     
   4.44654253968254        21.4567543204489     
   4.44733841269841        21.4723832404713     
   4.44813428571429        21.4880152898461     
   4.44893015873016        21.5036504747271     
   4.44972603174603        21.4933612027807     
   4.45052190476190        21.5089974251684     
   4.45131777777778        21.5246368359003     
   4.45211365079365        21.5402793671535     
   4.45290952380952        21.5559250274210     
   4.45370539682540        21.5456288605369     
   4.45450126984127        21.5612755920383     
   4.45529714285714        21.5769254344958     
   4.45609301587302        21.5925784524943     
   4.45688888888889        21.6082345851278     
   4.45768476190476        21.5979315195855     
   4.45848063492063        21.6135887320005     
   4.45927650793651        21.6292490516121     
   4.46007238095238        21.6449125332831     
   4.46086825396825        21.6605791422240     
   4.46166412698413        21.6502691839280     
   4.46246000000000        21.6659368616798     
   4.46325587301587        21.6816076731485     
   4.46405174603175        21.6972815887115     
   4.46484761904762        21.7129586600691     
   4.46564349206349        21.7026418296622     
   4.46643936507937        21.7183199550508     
   4.46723523809524        21.7340012234301     
   4.46803111111111        21.7496856007062     
   4.46882698412698        21.7653731246426     
   4.46962285714286        21.7550494214864     
   4.47041873015873        21.7707379960158     
   4.47121460317460        21.7864297231950     
   4.47201047619048        21.8021245628398     
   4.47280634920635        21.8178225273238     
   4.47360222222222        21.8074919113290     
   4.47439809523810        21.8231909745608     
   4.47519396825397        21.8388931260829     
   4.47598984126984        21.8545984100892     
   4.47678571428571        21.8442630245631     
   4.47758158730159        21.8599693277538     
   4.47837746031746        21.8756788460135     
   4.47917333333333        21.8913914378294     
   4.47996920634921        21.9071071673698     
   4.48076507936508        21.8967648678100     
   4.48156095238095        21.9124816925186     
   4.48235682539683        21.9282015781659     
   4.48315269841270        21.9439246353047     
   4.48394857142857        21.9596508095235     
   4.48474444444444        21.9493016352721     
   4.48554031746032        21.9650289035554     
   4.48633619047619        21.9807592181529     
   4.48713206349206        21.9964926982379     
   4.48792793650794        22.0122292884097     
   4.48872380952381        22.0018732851422     
   4.48951968253968        22.0176109339845     
   4.49031555555556        22.0333517236075     
   4.49111142857143        22.0490956065623     
   4.49190730158730        22.0648426249777     
   4.49270317460318        22.0544797809702     
   4.49349904761905        22.0702278310705     
   4.49429492063492        22.0859790389306     
   4.49509079365079        22.1017333413925     
   4.49588666666667        22.1174907767593     
   4.49668253968254        22.1071210699793     
   4.49747841269841        22.1228795514404     
   4.49827428571429        22.1386411756053     
   4.49907015873016        22.1544059085048     
   4.49986603174603        22.1440313910894     
   4.50066190476190        22.1597971549258     
   4.50145777777778        22.1755660853015     
   4.50225365079365        22.1913381173198     
   4.50304952380952        22.2071132556312     
   4.50384539682540        22.1967318891845     
   4.50464126984127        22.2125080609410     
   4.50543714285714        22.2282873962845     
   4.50623301587302        22.2440698337495     
   4.50702888888889        22.2598553788100     
   4.50782476190476        22.2494671492026     
   4.50862063492063        22.2652537717359     
   4.50941650793651        22.2810434682410     
   4.51021238095238        22.2968363158586     
   4.51100825396825        22.3126322659529     
   4.51180412698413        22.3022371920392     
   4.51260000000000        22.3180342146120     
   4.51339587301587        22.3338343162523     
   4.51419174603175        22.3496375550135     
   4.51498761904762        22.3654438993462     
   4.51578349206349        22.3550419850436     
   4.51657936507937        22.3708493957930     
   4.51737523809524        22.3866599065560     
   4.51817111111111        22.4024735158248     
   4.51896698412698        22.4182902475856     
   4.51976285714286        22.4078815082897     
   4.52055873015873        22.4236992944594     
   4.52135460317460        22.4395201904485     
   4.52215047619048        22.4553441867322     
   4.52294634920635        22.4711713091469     
   4.52374222222222        22.4607557247223     
   4.52453809523810        22.4765839081788     
   4.52533396825397        22.4924151783121     
   4.52612984126984        22.5082495654541     
   4.52692571428571        22.4978292274457     
   4.52772158730159        22.5136646175967     
   4.52851746031746        22.5295032072340     
   4.52931333333333        22.5453448554461     
   4.53010920634921        22.5611896158574     
   4.53090507936508        22.5507624558587     
   4.53170095238095        22.5666082152436     
   4.53249682539683        22.5824571706473     
   4.53329269841270        22.5983091895639     
   4.53408857142857        22.6141643209559     
   4.53488444444444        22.6037303006827     
   4.53568031746032        22.6195865063639     
   4.53647619047619        22.6354457686220     
   4.53727206349206        22.6513081731995     
   4.53806793650794        22.6671736569743     
   4.53886380952381        22.6567328359041     
   4.53965968253968        22.6725993812893     
   4.54045555555556        22.6884690290740     
   4.54125142857143        22.7043417927599     
   4.54204730158730        22.7202176376264     
   4.54284317460317        22.7097699970378     
   4.54363904761905        22.7256469028286     
   4.54443492063492        22.7415268967773     
   4.54523079365079        22.7574100178918     
   4.54602666666667        22.7732962299059     
   4.54682253968254        22.7628417637549     
   4.54761841269841        22.7787290347905     
   4.54841428571429        22.7946194077031     
   4.54921015873016        22.8105128637591     
   4.55000603174603        22.8000535886249     
   4.55080190476191        22.8159481570337     
   4.55159777777778        22.8318457691531     
   4.55239365079365        22.8477464915087     
   4.55318952380952        22.8636502880807     
   4.55398539682540        22.8531842415442     
   4.55478126984127        22.8690891109036     
   4.55557714285714        22.8849970858253     
   4.55637301587302        22.9009081453606     
   4.55716888888889        22.9168223052411     
   4.55796476190476        22.9063494656064     
   4.55876063492063        22.9222646371366     
   4.55955650793651        22.9381829747751     
   4.56035238095238        22.9541043768525     
   4.56114825396825        22.9700288826150     
   4.56194412698413        22.9595492280088     
   4.56274000000000        22.9754747523894     
   4.56353587301587        22.9914034175361     
   4.56433174603175        23.0073351533999     
   4.56512761904762        23.0232699929806     
   4.56592349206349        23.0127835214060     
   4.56671936507936        23.0287194270066     
   4.56751523809524        23.0446583827347     
   4.56831111111111        23.0606004625196     
   4.56910698412698        23.0765456337150     
   4.56990285714286        23.0660523616693     
   4.57069873015873        23.0819986003047     
   4.57149460317460        23.0979478900001     
   4.57229047619048        23.1139003024421     
   4.57308634920635        23.1298557960643     
   4.57388222222222        23.1193557386599     
   4.57467809523810        23.1353122882005     
   4.57547396825397        23.1512719268430     
   4.57626984126984        23.1672346435575     
   4.57706571428571        23.1567297837428     
   4.57786158730159        23.1726936244593     
   4.57865746031746        23.1886604694677     
   4.57945333333333        23.2046304409607     
   4.58024920634921        23.2206034760714     
   4.58104507936508        23.2100918466333     
   4.58184095238095        23.2260659745595     
   4.58263682539683        23.2420431602308     
   4.58343269841270        23.2580234266023     
   4.58422857142857        23.2740067941946     
   4.58502444444444        23.2634884095270     
   4.58582031746032        23.2794727872152     
   4.58661619047619        23.2954603171167     
   4.58741206349206        23.3114509016857     
   4.58820793650794        23.3274445712013     
   4.58900380952381        23.3169194208758     
   4.58979968253968        23.3329140880996     
   4.59059555555556        23.3489119250852     
   4.59139142857143        23.3649128116930     
   4.59218730158730        23.3809167879146     
   4.59298317460317        23.3703848251671     
   4.59377904761905        23.3863898599185     
   4.59457492063492        23.4023979530513     
   4.59537079365079        23.4184091687896     
   4.59616666666667        23.4344234438572     
   4.59696253968254        23.4238847167040     
   4.59775841269841        23.4399000376237     
   4.59855428571429        23.4559184381611     
   4.59935015873016        23.4719399396411     
   4.60014603174603        23.4879645194163     
   4.60094190476191        23.4774190035250     
   4.60173777777778        23.4934446325350     
   4.60253365079365        23.5094733491916     
   4.60332952380952        23.5255051344594     
   4.60412539682540        23.5149548217255     
   4.60492126984127        23.5309877317587     
   4.60571714285714        23.5470236487056     
   4.60651301587302        23.5630626616298     
   4.60730888888889        23.5791047348986     
   4.60810476190476        23.5685476691163     
   4.60890063492064        23.5845908434499     
   4.60969650793651        23.6006370673606     
   4.61049238095238        23.6166863805357     
   4.61128825396825        23.6327387672045     
   4.61208412698413        23.6221749710650     
   4.61288000000000        23.6382283599768     
   4.61367587301587        23.6542849013027     
   4.61447174603175        23.6703444937672     
   4.61526761904762        23.6864071752245     
   4.61606349206349        23.6758365900363     
   4.61685936507937        23.6919002913417     
   4.61765523809524        23.7079671133095     
   4.61845111111111        23.7240370042565     
   4.61924698412698        23.7401099831924     
   4.62004285714286        23.7295325985164     
   4.62083873015873        23.7456066503107     
   4.62163460317460        23.7616837169072     
   4.62243047619048        23.7777639084720     
   4.62322634920635        23.7938471693826     
   4.62402222222222        23.7832630237407     
   4.62481809523810        23.7993473516414     
   4.62561396825397        23.8154347163270     
   4.62640984126984        23.8315251979335     
   4.62720571428571        23.8209363151915     
   4.62800158730159        23.8370278462243     
   4.62879746031746        23.8531224415493     
   4.62959333333333        23.8692201231697     
   4.63038920634921        23.8853208571415     
   4.63118507936508        23.8747251940924     
   4.63198095238095        23.8908270228499     
   4.63277682539683        23.9069319036978     
   4.63357269841270        23.9230398744111     
   4.63436857142857        23.9391508968581     
   4.63516444444444        23.9285484725453     
   4.63596031746032        23.9446605764273     
   4.63675619047619        23.9607757447731     
   4.63755206349206        23.9768939996776     
   4.63834793650794        23.9930153187631     
   4.63914380952381        23.9824061626796     
   4.63993968253968        23.9985284817816     
   4.64073555555556        24.0146539562269     
   4.64153142857143        24.0307824926262     
   4.64232730158730        24.0469140955873     
   4.64312317460317        24.0362981732249     
   4.64391904761905        24.0524307753892     
   4.64471492063492        24.0685665288845     
   4.64551079365079        24.0847053362311     
   4.64630666666667        24.1008472217444     
   4.64710253968254        24.0902245149397     
   4.64789841269841        24.1063674480480     
   4.64869428571429        24.1225134412036     
   4.64949015873016        24.1386625290364     
   4.65028603174603        24.1548146963160     
   4.65108190476190        24.1441852109515     
   4.65187777777778        24.1603384385711     
   4.65267365079365        24.1764947052772     
   4.65346952380952        24.1926540787623     
   4.65426539682540        24.1820198671922     
   4.65506126984127        24.1981802752297     
   4.65585714285714        24.2143437743623     
   4.65665301587302        24.2305103192425     
   4.65744888888889        24.2466799687966     
   4.65824476190476        24.2360389945849     
   4.65904063492064        24.2522096852186     
   4.65983650793651        24.2683834479091     
   4.66063238095238        24.2845602940058     
   4.66142825396825        24.3007401945895     
   4.66222412698413        24.2900924299462     
   4.66302000000000        24.3062734297285     
   4.66381587301587        24.3224574603246     
   4.66461174603175        24.3386445789087     
   4.66540761904762        24.3548347409609     
   4.66620349206349        24.3441802484331     
   4.66699936507937        24.3603714797637     
   4.66779523809524        24.3765657995070     
   4.66859111111111        24.3927631811961     
   4.66938698412698        24.4089636297094     
   4.67018285714286        24.3983023939321     
   4.67097873015873        24.4145038512425     
   4.67177460317460        24.4307084372358     
   4.67257047619048        24.4469160848563     
   4.67336634920635        24.4631267922376     
   4.67416222222222        24.4524588050202     
   4.67495809523810        24.4686705221269     
   4.67575396825397        24.4848853628363     
   4.67654984126984        24.5011032567169     
   4.67734571428571        24.5173242225202     
   4.67814158730159        24.5066494755984     
   4.67893746031746        24.5228714899196     
   4.67973333333333        24.5390965591405     
   4.68052920634921        24.5553247059979     
   4.68132507936508        24.5446452484273     
   4.68212095238095        24.5608744195087     
   4.68291682539683        24.5771067017024     
   4.68371269841270        24.5933420072260     
   4.68450857142857        24.6095804033320     
   4.68530444444444        24.5988941948755     
   4.68610031746032        24.6151336226514     
   4.68689619047619        24.6313761335547     
   4.68769206349206        24.6476217006837     
   4.68848793650794        24.6638703167813     
   4.68928380952381        24.6531773468101     
   4.69007968253968        24.6694270423143     
   4.69087555555556        24.6856797829494     
   4.69167142857143        24.7019355865549     
   4.69246730158730        24.7181944382885     
   4.69326317460317        24.7074947327287     
   4.69405904761905        24.7237546640863     
   4.69485492063492        24.7400176400629     
   4.69565079365079        24.7562836731106     
   4.69644666666667        24.7725527601866     
   4.69724253968254        24.7618463578072     
   4.69803841269841        24.7781164510265     
   4.69883428571429        24.7943896698045     
   4.69963015873016        24.8106659241785     
   4.70042603174603        24.8269452243669     
   4.70122190476190        24.8162321107199     
   4.70201777777778        24.8325124078915     
   4.70281365079365        24.8487958472891     
   4.70360952380952        24.8650823194395     
   4.70440539682540        24.8543644382926     
   4.70520126984127        24.8706519863949     
   4.70599714285714        24.8869425494095     
   4.70679301587302        24.9032361615457     
   4.70758888888889        24.9195328528575     
   4.70838476190476        24.9088082794166     
   4.70918063492064        24.9251060009126     
   4.70997650793651        24.9414067961159     
   4.71077238095238        24.9577106084837     
   4.71156825396825        24.9740175034731     
   4.71236412698413        24.9632862161722     
   4.71316000000000        24.9795941457147     
   4.71395587301587        24.9959051335245     
   4.71475174603175        25.0122191722576     
   4.71554761904762        25.0285362463189     
   4.71634349206349        25.0177982224467     
   4.71713936507937        25.0341163773759     
   4.71793523809524        25.0504375610909     
   4.71873111111111        25.0667617992961     
   4.71952698412698        25.0830890667648     
   4.72032285714286        25.0723443488826     
   4.72111873015873        25.0886726790090     
   4.72191460317460        25.1050040510433     
   4.72271047619048        25.1213384770176     
   4.72350634920635        25.1376759540042     
   4.72430222222222        25.1269245433110     
   4.72509809523810        25.1432630257580     
   4.72589396825397        25.1596046016729     
   4.72668984126984        25.1759492112190     
   4.72748571428571        25.1922968619114     
   4.72828158730159        25.1815387559432     
   4.72907746031746        25.1978874167390     
   4.72987333333333        25.2142391800065     
   4.73066920634921        25.2305939676927     
   4.73146507936508        25.2198311589652     
   4.73226095238095        25.2361869821368     
   4.73305682539683        25.2525458523338     
   4.73385269841270        25.2689077519930     
   4.73464857142857        25.2852727249774     
   4.73544444444445        25.2745032243344     
   4.73624031746032        25.2908692192225     
   4.73703619047619        25.3072382924641     
   4.73783206349206        25.3236103832110     
   4.73862793650794        25.3399855564296     
   4.73942380952381        25.3292093341727     
   4.74021968253968        25.3455855410833     
   4.74101555555556        25.3619647965700     
   4.74181142857143        25.3783471140412     
   4.74260730158730        25.3947324698124     
   4.74340317460317        25.3839495208063     
   4.74419904761905        25.4003359517003     
   4.74499492063492        25.4167254281161     
   4.74579079365079        25.4331179617373     
   4.74658666666667        25.4495135478195     
   4.74738253968254        25.4387238611587     
   4.74817841269841        25.4551205263546     
   4.74897428571429        25.4715202372995     
   4.74977015873016        25.4879230089768     
   4.75056603174603        25.5043288463821     
   4.75136190476190        25.4935324561751     
   4.75215777777778        25.5099392957666     
   4.75295365079365        25.5263492635422     
   4.75374952380952        25.5427622824550     
   4.75454539682540        25.5319611157710     
   4.75534126984127        25.5483752320307     
   4.75613714285714        25.5647923265542     
   4.75693301587302        25.5812125574793     
   4.75772888888889        25.5976358404908     
   4.75852476190476        25.5868279512866     
   4.75932063492063        25.6032522812259     
   4.76011650793651        25.6196796923205     
   4.76091238095238        25.6361101522062     
   4.76170825396825        25.6525437236780     
   4.76250412698413        25.6417290827911     
   4.76330000000000        25.6581636789795     
   4.76409587301587        25.6746013868702     
   4.76489174603175        25.6910421300199     
   4.76568761904762        25.7074859953838     
   4.76648349206349        25.6966645618489     
   4.76727936507937        25.7131094755828     
   4.76807523809524        25.7295574664531     
   4.76887111111111        25.7460085230276     
   4.76966698412698        25.7624626854733     
   4.77046285714286        25.7516344877701     
   4.77125873015873        25.7680896914067     
   4.77205460317460        25.7845480044603     
   4.77285047619048        25.8010093981036     
   4.77364634920635        25.8174738642312     
   4.77444222222222        25.8066388445468     
   4.77523809523810        25.8231044057790     
   4.77603396825397        25.8395730375858     
   4.77682984126984        25.8560447657069     
   4.77762571428571        25.8725195643438     
   4.77842158730159        25.8616777496164     
   4.77921746031746        25.8781536403157     
   4.78001333333333        25.8946326202410     
   4.78080920634921        25.9111146931202     
   4.78160507936508        25.9002681071038     
   4.78240095238095        25.9167512563625     
   4.78319682539683        25.9332374478430     
   4.78399269841270        25.9497267961116     
   4.78478857142857        25.9662192274736     
   4.78558444444444        25.9553658159906     
   4.78638031746032        25.9718593284711     
   4.78717619047619        25.9883558991355     
   4.78797206349206        26.0048556170409     
   4.78876793650794        26.0213584263949     
   4.78956380952381        26.0104982111435     
   4.79035968253968        26.0270020690165     
   4.79115555555556        26.0435090544102     
   4.79195142857143        26.0600191251525     
   4.79274730158730        26.0765323263088     
   4.79354317460318        26.0656652706033     
   4.79433904761905        26.0821795221134     
   4.79513492063492        26.0986969019245     
   4.79593079365079        26.1152173734701     
   4.79672666666667        26.1317409798247     
   4.79752253968254        26.1208670838307     
   4.79831841269841        26.1373917355759     
   4.79911428571429        26.1539195301331     
   4.79991015873016        26.1704504300378     
   4.80070603174603        26.1869844380889     
   4.80150190476190        26.1761036619140     
   4.80229777777778        26.1926387612584     
   4.80309365079365        26.2091769635733     
   4.80388952380952        26.2257182619165     
   4.80468539682540        26.2422626532162     
   4.80548126984127        26.2313750431584     
   4.80627714285714        26.2479205248709     
   4.80707301587302        26.2644690937302     
   4.80786888888889        26.2810207469447     
   4.80866476190476        26.2701283723658     
   4.80946063492063        26.2866810977187     
   4.81025650793651        26.3032368558966     
   4.81105238095238        26.3197957400432     
   4.81184825396825        26.3363576873815     
   4.81264412698413        26.3254585407745     
   4.81344000000000        26.3420215504968     
   4.81423587301587        26.3585875903133     
   4.81503174603175        26.3751567163564     
   4.81582761904762        26.3917289044193     
   4.81662349206349        26.3808230178679     
   4.81741936507937        26.3973962611065     
   4.81821523809524        26.4139725387697     
   4.81901111111111        26.4305518492630     
   4.81980698412698        26.4471342212141     
   4.82060285714286        26.4362216591463     
   4.82139873015873        26.4528050503133     
   4.82219460317460        26.4693915016079     
   4.82299047619048        26.4859809610192     
   4.82378634920635        26.5025734634826     
   4.82458222222222        26.4916542426562     
   4.82537809523810        26.5082477538801     
   4.82617396825397        26.5248443067468     
   4.82696984126984        26.5414438634830     
   4.82776571428571        26.5580464268012     
   4.82856158730159        26.5471205439452     
   4.82935746031746        26.5637241671080     
   4.83015333333333        26.5803307722791     
   4.83094920634921        26.5969403672432     
   4.83174507936508        26.5860098950382     
   4.83254095238095        26.6026204745470     
   4.83333682539683        26.6192341107008     
   4.83413269841270        26.6358507140683     
   4.83492857142857        26.6524702939127     
   4.83572444444444        26.6415332348016     
   4.83652031746032        26.6581538442622     
   4.83731619047619        26.6747773962643     
   4.83811206349206        26.6914039546393     
   4.83890793650794        26.7080334589609     
   4.83970380952381        26.6970898852412     
   4.84049968253968        26.7137203960082     
   4.84129555555556        26.7303538670291     
   4.84209142857143        26.7469903106808     
   4.84288730158730        26.7636296885429     
   4.84368317460317        26.7526796248413     
   4.84447904761905        26.7693199936923     
   4.84527492063492        26.7859633464709     
   4.84607079365079        26.8026095941991     
   4.84686666666667        26.8192587992704     
   4.84766253968254        26.8083022683005     
   4.84845841269841        26.8249524600285     
   4.84925428571429        26.8416056011715     
   4.85005015873016        26.8582616274137     
   4.85084603174603        26.8749206064966     
   4.85164190476191        26.8639576280329     
   4.85243777777778        26.8806176060876     
   4.85323365079365        26.8972804751845     
   4.85402952380952        26.9139462570036     
   4.85482539682540        26.9306149261430     
   4.85562126984127        26.9196455434866     
   4.85641714285714        26.9363152443525     
   4.85721301587302        26.9529877968916     
   4.85800888888889        26.9696632523412     
   4.85880476190476        26.9586894596532     
   4.85960063492064        26.9753658490026     
   4.86039650793651        26.9920451895986     
   4.86119238095238        27.0087273817003     
   4.86198825396825        27.0254124421202     
   4.86278412698413        27.0144323093042     
   4.86358000000000        27.0311183594552     
   4.86437587301587        27.0478072487653     
   4.86517174603175        27.0644990396286     
   4.86596761904762        27.0811936780686     
   4.86676349206349        27.0702072284589     
   4.86755936507936        27.0869028633693     
   4.86835523809524        27.1036012874476     
   4.86915111111111        27.1203025938683     
   4.86994698412698        27.1370067325201     
   4.87074285714286        27.1260140419804     
   4.87153873015873        27.1427191591760     
   4.87233460317460        27.1594271167405     
   4.87313047619048        27.1761379359244     
   4.87392634920635        27.1928516391782     
   4.87472222222222        27.1818526794995     
   4.87551809523810        27.1985673461049     
   4.87631396825397        27.2152849651171     
   4.87710984126984        27.2320054757400     
   4.87790571428571        27.2487289534745     
   4.87870158730159        27.2377235367140     
   4.87949746031746        27.2544480208117     
   4.88029333333333        27.2711754817226     
   4.88108920634921        27.2879059252721     
   4.88188507936508        27.3046393614953     
   4.88268095238095        27.2936273467368     
   4.88347682539683        27.3103618528559     
   4.88427269841270        27.3270993494868     
   4.88506857142857        27.3438399102213     
   4.88586444444444        27.3328232436419     
   4.88666031746032        27.3495648079102     
   4.88745619047619        27.3663095011519     
   4.88825206349206        27.3830572529136     
   4.88904793650794        27.3998081253055     
   4.88984380952381        27.3887846775650     
   4.89063968253968        27.4055365642252     
   4.89143555555556        27.4222916537503     
   4.89223142857143        27.4390498575938     
   4.89302730158730        27.4558112433051     
   4.89382317460317        27.4447808442821     
   4.89461904761905        27.4615433257230     
   4.89541492063492        27.4783089632129     
   4.89621079365079        27.4950778400114     
   4.89700666666667        27.5118499390822     
   4.89780253968254        27.5008124910528     
   4.89859841269841        27.5175856999761     
   4.89939428571429        27.5343621417413     
   4.90019015873016        27.5511418717430     
   4.90098603174603        27.5679248885646     
   4.90178190476191        27.5568802434911     
   4.90257777777778        27.5736643906424     
   4.90337365079365        27.5904518473286     
   4.90416952380952        27.6072426188626     
   4.90496539682540        27.6240367575759     
   4.90576126984127        27.6129848052759     
   4.90655714285714        27.6297800748167     
   4.90735301587302        27.6465787413156     
   4.90814888888889        27.6633807787565     
   4.90894476190476        27.6523235672228     
   4.90974063492064        27.6691268196371     
   4.91053650793651        27.6859334467820     
   4.91133238095238        27.7027435090710     
   4.91212825396825        27.7195570210566     
   4.91292412698413        27.7084923050945     
   4.91372000000000        27.7253069643927     
   4.91451587301587        27.7421251377013     
   4.91531174603175        27.7589468094641     
   4.91610761904762        27.7757719908141     
   4.91690349206349        27.7646995645044     
   4.91769936507937        27.7815259407921     
   4.91849523809524        27.7983558587392     
   4.91929111111111        27.8151893293481     
   4.92008698412698        27.8320263784054     
   4.92088285714286        27.8209461308345     
   4.92167873015873        27.8377844285294     
   4.92247460317460        27.8546262629112     
   4.92327047619048        27.8714717535601     
   4.92406634920635        27.8883208557907     
   4.92486222222222        27.8772326930591     
   4.92565809523810        27.8940830380344     
   4.92645396825397        27.9109370306440     
   4.92724984126984        27.9277947241348     
   4.92804571428571        27.9446561072369     
   4.92884158730159        27.9335598548635     
   4.92963746031746        27.9504224965980     
   4.93043333333333        27.9672888608862     
   4.93122920634921        27.9841589377795     
   4.93202507936508        28.0010327902368     
   4.93282095238095        27.9899283339228     
   4.93361682539683        28.0068034601482     
   4.93441269841270        28.0236823860563     
   4.93520857142857        28.0405650754378     
   4.93600444444444        28.0294547561061     
   4.93680031746032        28.0463387933350     
   4.93759619047619        28.0632266163105     
   4.93839206349206        28.0801182887604     
   4.93918793650794        28.0970138181234     
   4.93998380952381        28.0858950620150     
   4.94077968253968        28.1027919015906     
   4.94157555555556        28.1196926369333     
   4.94237142857143        28.1365972495926     
   4.94316730158730        28.1535057138666     
   4.94396317460317        28.1423784754612     
   4.94475904761905        28.1592881978541     
   4.94555492063492        28.1762017516379     
   4.94635079365079        28.1931189674121     
   4.94714666666667        28.2100398129344     
   4.94794253968254        28.1989044449138     
   4.94873841269841        28.2158265122816     
   4.94953428571429        28.2327521175042     
   4.95033015873016        28.2496812253771     
   4.95112603174603        28.2666137471038     
   4.95192190476190        28.2554707015677     
   4.95271777777778        28.2724043882657     
   4.95351365079365        28.2893413502133     
   4.95430952380952        28.3062816107722     
   4.95510539682540        28.3232250634320     
   4.95590126984127        28.3120748533060     
   4.95669714285714        28.3290193877760     
   4.95749301587302        28.3459670157732     
   4.95828888888889        28.3629176813309     
   4.95908476190476        28.3517627152103     
   4.95988063492064        28.3687144497867     
   4.96067650793651        28.3856691084667     
   4.96147238095238        28.4026266509589     
   4.96226825396825        28.4195870105419     
   4.96306412698413        28.4084256833689     
   4.96386000000000        28.4253870464965     
   4.96465587301587        28.4423511062932     
   4.96545174603175        28.4593178540942     
   4.96624761904762        28.4762872012075     
   4.96704349206349        28.4651200401227     
   4.96783936507937        28.4820902166517     
   4.96863523809524        28.4990629760019     
   4.96943111111111        28.5160381752440     
   4.97022698412698        28.5330157767820     
   4.97102285714286        28.5218431929510     
   4.97181873015873        28.5388215650681     
   4.97261460317460        28.5558022746746     
   4.97341047619048        28.5727852140667     
   4.97420634920635        28.5897703209323     
   4.97500222222222        28.5785928373169     
   4.97579809523810        28.5955786564853     
   4.97659396825397        28.6125665655815     
   4.97738984126984        28.6295565096670     
   4.97818571428571        28.6465484133844     
   4.97898158730159        28.6353664590989     
   4.97977746031746        28.6523590275880     
   4.98057333333333        28.6693534331676     
   4.98136920634921        28.6863496715400     
   4.98216507936508        28.7033476304382     
   4.98296095238095        28.6921617279334     
   4.98375682539683        28.7091602619638     
   4.98455269841270        28.7261604665210     
   4.98534857142857        28.7431622312746     
   4.98614444444444        28.7319738021547     
   4.98694031746032        28.7489761399434     
   4.98773619047619        28.7659799413160     
   4.98853206349206        28.7829851854171     
   4.98932793650794        28.7999917893861     
   4.99012380952381        28.7888001931946     
   4.99091968253968        28.8058072989757     
   4.99171555555556        28.8228156363998     
   4.99251142857143        28.8398251993990     
   4.99330730158730        28.8568359145687     
   4.99410317460317        28.8456416995180     
   4.99489904761905        28.8626527388780     
   4.99569492063492        28.8796649112278     
   4.99649079365079        28.8966780552264     
   4.99728666666667        28.9136921471875     
   4.99808253968254        28.9024957229598     
   4.99887841269841        28.9195100785898     
   4.99967428571429        28.9365253379000     
   5.00047015873016        28.9535413576320     
   5.00126603174603        28.9705580903906     
   5.00206190476190        28.9593599632781     
   5.00285777777778        28.9763768769639     
   5.00365365079365        28.9933944913613     
   5.00444952380952        29.0104126498607     
   5.00524539682540        29.0274313053354     
   5.00604126984127        29.0162319159557     
   5.00683714285714        29.0332507313467     
   5.00763301587302        29.0502699342926     
   5.00842888888889        29.0672895127185     
   5.00922476190476        29.0843093566680     
   5.01002063492064        29.0731092137197     
   5.01081650793651        29.0901291397518     
   5.01161238095238        29.1071492482951     
   5.01240825396825        29.1241695070073     
   5.01320412698413        29.1129691084882     
   5.01400000000000        29.1299893919615     
