  1.000000000000000E-003   478.747452500000     
  2.000000000000000E-003   478.747452500000     
  3.000000000000000E-003   478.747452500000     
  4.000000000000000E-003   478.747452500000     
  5.000000000000000E-003   478.747452500000     
  6.000000000000000E-003   478.747452500000     
  7.000000000000000E-003   478.747452500000     
  8.000000000000000E-003   478.747452500000     
  9.000000000000001E-003   478.747452500000     
  1.000000000000000E-002   478.747452500000     
  1.100000000000000E-002   478.747452500000     
  1.200000000000000E-002   478.747452500000     
  1.300000000000000E-002   478.747452500000     
  1.400000000000000E-002   478.747452500000     
  1.500000000000000E-002   478.747452500000     
  1.600000000000000E-002   478.747452500000     
  1.700000000000000E-002   478.747452500000     
  1.800000000000000E-002   478.747452500000     
  1.900000000000000E-002   478.747452500000     
  2.000000000000000E-002   478.747452500000     
  2.100000000000000E-002   478.747452500000     
  2.200000000000000E-002   478.747452500000     
  2.300000000000000E-002   478.747452500000     
  2.400000000000000E-002   478.747452500000     
  2.500000000000000E-002   478.747452500000     
  2.600000000000000E-002   478.747452500000     
  2.700000000000000E-002   478.747452500000     
  2.800000000000000E-002   478.747452500000     
  2.900000000000000E-002   478.747452500000     
  3.000000000000000E-002   478.747452500000     
  3.100000000000000E-002   478.747452500000     
  3.200000000000000E-002   478.747452500000     
  3.300000000000000E-002   478.747452500000     
  3.400000000000000E-002   478.747452500000     
  3.500000000000000E-002   478.747452500000     
  3.600000000000000E-002   478.747452500000     
  3.700000000000000E-002   478.747452500000     
  3.800000000000000E-002   478.747452500000     
  3.900000000000000E-002   478.747452500000     
  4.000000000000000E-002   478.747452500000     
  4.100000000000000E-002   478.747452500000     
  4.200000000000000E-002   478.747452500000     
  4.300000000000000E-002   478.747452500000     
  4.400000000000000E-002   478.747452500000     
  4.500000000000000E-002   478.747452500000     
  4.600000000000000E-002   478.747452500000     
  4.700000000000000E-002   478.747452500000     
  4.800000000000000E-002   478.747452500000     
  4.900000000000000E-002   478.747452500000     
  5.000000000000000E-002   478.747452500000     
  5.100000000000000E-002   478.747452500000     
  5.200000000000000E-002   478.747452500000     
  5.300000000000000E-002   478.747452500000     
  5.400000000000000E-002   478.747452500000     
  5.500000000000000E-002   478.747452500000     
  5.600000000000000E-002   478.747452500000     
  5.700000000000000E-002   478.747452500000     
  5.800000000000000E-002   478.747452500000     
  5.900000000000000E-002   478.747452500000     
  6.000000000000000E-002   478.747452500000     
  6.100000000000000E-002   478.747452500000     
  6.200000000000000E-002   478.747452500000     
  6.300000000000000E-002   478.747452500000     
  6.400000000000000E-002   478.747452500000     
  6.500000000000000E-002   478.747452500000     
  6.600000000000000E-002   478.747452500000     
  6.700000000000000E-002   478.747452500000     
  6.800000000000000E-002   478.747452500000     
  6.900000000000001E-002   478.747452500000     
  7.000000000000001E-002   478.747452500000     
  7.100000000000001E-002   478.747452500000     
  7.200000000000001E-002   478.747452500000     
  7.300000000000000E-002   478.747452500000     
  7.400000000000000E-002   478.747452500000     
  7.500000000000000E-002   478.747452500000     
  7.600000000000000E-002   478.747452500000     
  7.700000000000000E-002   478.747452500000     
  7.800000000000000E-002   478.747452500000     
  7.900000000000000E-002   478.747452500000     
  8.000000000000000E-002   478.747452500000     
  8.100000000000000E-002   478.747452500000     
  8.200000000000000E-002   478.747452500000     
  8.300000000000000E-002   478.747452500000     
  8.400000000000001E-002   478.747452500000     
  8.500000000000001E-002   478.747452500000     
  8.600000000000001E-002   478.747452500000     
  8.700000000000001E-002   478.747452500000     
  8.799999999999999E-002   478.747452500000     
  8.900000000000000E-002   478.747452500000     
  9.000000000000000E-002   478.747452500000     
  9.100000000000000E-002   478.747452500000     
  9.200000000000000E-002   478.747452500000     
  9.300000000000000E-002   478.747452500000     
  9.400000000000000E-002   478.747452500000     
  9.500000000000000E-002   478.747452500000     
  9.600000000000000E-002   478.747452500000     
  9.700000000000000E-002   478.747452500000     
  9.800000000000000E-002   478.747452500000     
  9.900000000000000E-002   478.747452500000     
  0.100000000000000        478.747452500000     
  0.101000000000000        478.747452500000     
  0.102000000000000        478.747452500000     
  0.103000000000000        478.747452500000     
  0.104000000000000        478.747452500000     
  0.105000000000000        478.747452500000     
  0.106000000000000        478.747452500000     
  0.107000000000000        478.747452500000     
  0.108000000000000        478.747452500000     
  0.109000000000000        478.747452500000     
  0.110000000000000        478.747452500000     
  0.111000000000000        478.747452500000     
  0.112000000000000        478.747452500000     
  0.113000000000000        478.747452500000     
  0.114000000000000        478.747452500000     
  0.115000000000000        478.747452500000     
  0.116000000000000        478.747452500000     
  0.117000000000000        478.747452500000     
  0.118000000000000        478.747452500000     
  0.119000000000000        478.747452500000     
  0.120000000000000        478.747452500000     
  0.121000000000000        478.747452500000     
  0.122000000000000        478.747452500000     
  0.123000000000000        478.747452500000     
  0.124000000000000        478.747452500000     
  0.125000000000000        478.747452500000     
  0.126000000000000        478.747452500000     
  0.127000000000000        478.747452500000     
  0.128000000000000        478.747452500000     
  0.129000000000000        478.747452500000     
  0.130000000000000        478.747452500000     
  0.131000000000000        478.747452500000     
  0.132000000000000        478.747452500000     
  0.133000000000000        478.747452500000     
  0.134000000000000        478.747452500000     
  0.135000000000000        478.747452500000     
  0.136000000000000        478.747452500000     
  0.137000000000000        478.747452500000     
  0.138000000000000        478.747452500000     
  0.139000000000000        478.747452500000     
  0.140000000000000        478.747452500000     
  0.141000000000000        478.747452500000     
  0.142000000000000        478.747452500000     
  0.143000000000000        478.747452500000     
  0.144000000000000        478.747452500000     
  0.145000000000000        478.747452500000     
  0.146000000000000        478.747452500000     
  0.147000000000000        478.747452500000     
  0.148000000000000        478.747452500000     
  0.149000000000000        478.747452500000     
  0.150000000000000        478.747452500000     
  0.151000000000000        478.747452500000     
  0.152000000000000        478.747452500000     
  0.153000000000000        478.747452500000     
  0.154000000000000        478.747452500000     
  0.155000000000000        478.747452500000     
  0.156000000000000        478.747452500000     
  0.157000000000000        478.747452500000     
  0.158000000000000        478.747452500000     
  0.159000000000000        478.747452500000     
  0.160000000000000        478.747452500000     
  0.161000000000000        478.747452500000     
  0.162000000000000        478.747452500000     
  0.163000000000000        478.747452500000     
  0.164000000000000        478.747452500000     
  0.165000000000000        478.747452500000     
  0.166000000000000        478.747452500000     
  0.167000000000000        478.747452500000     
  0.168000000000000        478.747452500000     
  0.169000000000000        478.747452500000     
  0.170000000000000        478.747452500000     
  0.171000000000000        478.747452500000     
  0.172000000000000        478.747452500000     
  0.173000000000000        478.747452500000     
  0.174000000000000        478.747452500000     
  0.175000000000000        478.747452500000     
  0.176000000000000        478.747452500000     
  0.177000000000000        478.747452500000     
  0.178000000000000        478.747452500000     
  0.179000000000000        478.747452500000     
  0.180000000000000        478.747452500000     
  0.181000000000000        478.747452500000     
  0.182000000000000        478.747452500000     
  0.183000000000000        478.747452500000     
  0.184000000000000        478.747452500000     
  0.185000000000000        478.747452500000     
  0.186000000000000        478.747452500000     
  0.187000000000000        478.747452500000     
  0.188000000000000        478.747452500000     
  0.189000000000000        478.747452500000     
  0.190000000000000        478.747452500000     
  0.191000000000000        478.747452500000     
  0.192000000000000        478.747452500000     
  0.193000000000000        478.747452500000     
  0.194000000000000        478.747452500000     
  0.195000000000000        478.747452500000     
  0.196000000000000        478.747452500000     
  0.197000000000000        478.747452500000     
  0.198000000000000        478.747452500000     
  0.199000000000000        478.747452500000     
  0.200000000000000        478.747452500000     
  0.201000000000000        478.747452500000     
  0.202000000000000        478.747452500000     
  0.203000000000000        478.747452500000     
  0.204000000000000        478.747452500000     
  0.205000000000000        478.747452500000     
  0.206000000000000        478.747452500000     
  0.207000000000000        478.747452500000     
  0.208000000000000        478.747452500000     
  0.209000000000000        478.747452500000     
  0.210000000000000        478.747452500000     
  0.211000000000000        478.747452500000     
  0.212000000000000        478.747452500000     
  0.213000000000000        478.747452500000     
  0.214000000000000        478.747452500000     
  0.215000000000000        478.747452500000     
  0.216000000000000        478.747452500000     
  0.217000000000000        478.747452500000     
  0.218000000000000        478.747452500000     
  0.219000000000000        478.747452500000     
  0.220000000000000        478.747452500000     
  0.221000000000000        478.747452500000     
  0.222000000000000        478.747452500000     
  0.223000000000000        478.747452500000     
  0.224000000000000        478.747452500000     
  0.225000000000000        478.747452500000     
  0.226000000000000        478.747452500000     
  0.227000000000000        478.747452500000     
  0.228000000000000        478.747452500000     
  0.229000000000000        478.747452500000     
  0.230000000000000        478.747452500000     
  0.231000000000000        478.747452500000     
  0.232000000000000        478.747452500000     
  0.233000000000000        478.747452500000     
  0.234000000000000        478.747452500000     
  0.235000000000000        478.747452500000     
  0.236000000000000        478.747452500000     
  0.237000000000000        478.747452500000     
  0.238000000000000        478.747452500000     
  0.239000000000000        478.747452500000     
  0.240000000000000        478.747452500000     
  0.241000000000000        478.747452500000     
  0.242000000000000        478.747452500000     
  0.243000000000000        478.747452500000     
  0.244000000000000        478.747452500000     
  0.245000000000000        478.747452500000     
  0.246000000000000        478.747452500000     
  0.247000000000000        478.747452500000     
  0.248000000000000        478.747452500000     
  0.249000000000000        478.747452500000     
  0.250000000000000        478.747452500000     
  0.251000000000000        478.747452500000     
  0.252000000000000        478.747452500000     
  0.253000000000000        478.747452500000     
  0.254000000000000        478.747452500000     
  0.255000000000000        478.747452500000     
  0.256000000000000        478.747452500000     
  0.257000000000000        478.747452500000     
  0.258000000000000        478.747452500000     
  0.259000000000000        478.747452500000     
  0.260000000000000        478.747452500000     
  0.261000000000000        478.747452500000     
  0.262000000000000        478.747452500000     
  0.263000000000000        478.747452500000     
  0.264000000000000        478.747452500000     
  0.265000000000000        478.747452500000     
  0.266000000000000        478.747452500000     
  0.267000000000000        478.747452500000     
  0.268000000000000        478.747452500000     
  0.269000000000000        478.747452500000     
  0.270000000000000        478.747452500000     
  0.271000000000000        478.747452500000     
  0.272000000000000        478.747452500000     
  0.273000000000000        478.747452500000     
  0.274000000000000        478.747452500000     
  0.275000000000000        478.747452500000     
  0.276000000000000        478.747452500000     
  0.277000000000000        478.747452500000     
  0.278000000000000        478.747452500000     
  0.279000000000000        478.747452500000     
  0.280000000000000        478.747452500000     
  0.281000000000000        478.747452500000     
  0.282000000000000        478.747452500000     
  0.283000000000000        478.747452500000     
  0.284000000000000        478.747452500000     
  0.285000000000000        478.747452500000     
  0.286000000000000        478.747452500000     
  0.287000000000000        478.747452500000     
  0.288000000000000        478.747452500000     
  0.289000000000000        478.747452500000     
  0.290000000000000        478.747452500000     
  0.291000000000000        478.747452500000     
  0.292000000000000        478.747452500000     
  0.293000000000000        478.747452500000     
  0.294000000000000        478.747452500000     
  0.295000000000000        478.747452500000     
  0.296000000000000        478.747452500000     
  0.297000000000000        478.747452500000     
  0.298000000000000        478.747452500000     
  0.299000000000000        478.747452500000     
  0.300000000000000        478.747452500000     
  0.301000000000000        478.747452500000     
  0.302000000000000        478.747452500000     
  0.303000000000000        478.747452500000     
  0.304000000000000        478.747452500000     
  0.305000000000000        478.747452500000     
  0.306000000000000        478.747452500000     
  0.307000000000000        478.747452500000     
  0.308000000000000        478.747452500000     
  0.309000000000000        478.747452500000     
  0.310000000000000        478.747452500000     
  0.311000000000000        478.747452500000     
  0.312000000000000        478.747452500000     
  0.313000000000000        478.747452500000     
  0.314000000000000        478.747452500000     
  0.315000000000000        478.747452500000     
  0.316000000000000        478.747452500000     
  0.317000000000000        478.747452500000     
  0.318000000000000        478.747452500000     
  0.319000000000000        478.747452500000     
  0.320000000000000        478.747452500000     
  0.321000000000000        478.747452500000     
  0.322000000000000        478.747452500000     
  0.323000000000000        478.747452500000     
  0.324000000000000        478.747452500000     
  0.325000000000000        478.747452500000     
  0.326000000000000        478.747452500000     
  0.327000000000000        478.747452500000     
  0.328000000000000        478.747452500000     
  0.329000000000000        478.747452500000     
  0.330000000000000        478.747452500000     
  0.331000000000000        478.747452500000     
  0.332000000000000        478.747452500000     
  0.333000000000000        478.747452500000     
  0.334000000000000        478.747452500000     
  0.335000000000000        478.747452500000     
  0.336000000000000        478.747452500000     
  0.337000000000000        478.747452500000     
  0.338000000000000        478.747452500000     
  0.339000000000000        478.747452500000     
  0.340000000000000        478.747452500000     
  0.341000000000000        478.747452500000     
  0.342000000000000        478.747452500000     
  0.343000000000000        478.747452500000     
  0.344000000000000        478.747452500000     
  0.345000000000000        478.747452500000     
  0.346000000000000        478.747452500000     
  0.347000000000000        478.747452500000     
  0.348000000000000        478.747452500000     
  0.349000000000000        478.747452500000     
  0.350000000000000        478.747452500000     
  0.351000000000000        478.747452500000     
  0.352000000000000        478.747452500000     
  0.353000000000000        478.747452500000     
  0.354000000000000        478.747452500000     
  0.355000000000000        478.747452500000     
  0.356000000000000        478.747452500000     
  0.357000000000000        478.747452500000     
  0.358000000000000        478.747452500000     
  0.359000000000000        478.747452500000     
  0.360000000000000        478.747452500000     
  0.361000000000000        478.747452500000     
  0.362000000000000        478.747452500000     
  0.363000000000000        478.747452500000     
  0.364000000000000        478.747452500000     
  0.365000000000000        478.747452500000     
  0.366000000000000        478.747452500000     
  0.367000000000000        478.747452500000     
  0.368000000000000        478.747452500000     
  0.369000000000000        478.747452500000     
  0.370000000000000        478.747452500000     
  0.371000000000000        478.747452500000     
  0.372000000000000        478.747452500000     
  0.373000000000000        478.747452500000     
  0.374000000000000        478.747452500000     
  0.375000000000000        478.747452500000     
  0.376000000000000        478.747452500000     
  0.377000000000000        478.747452500000     
  0.378000000000000        478.747452500000     
  0.379000000000000        478.747452500000     
  0.380000000000000        478.747452500000     
  0.381000000000000        478.747452500000     
  0.382000000000000        478.747452500000     
  0.383000000000000        478.747452500000     
  0.384000000000000        478.747452500000     
  0.385000000000000        478.747452500000     
  0.386000000000000        478.747452500000     
  0.387000000000000        478.747452500000     
  0.388000000000000        478.747452500000     
  0.389000000000000        478.747452500000     
  0.390000000000000        478.747452500000     
  0.391000000000000        478.747452500000     
  0.392000000000000        478.747452500000     
  0.393000000000000        478.747452500000     
  0.394000000000000        478.747452500000     
  0.395000000000000        478.747452500000     
  0.396000000000000        478.747452500000     
  0.397000000000000        478.747452500000     
  0.398000000000000        478.747452500000     
  0.399000000000000        478.747452500000     
  0.400000000000000        478.747452500000     
  0.401000000000000        478.747452500000     
  0.402000000000000        478.747452500000     
  0.403000000000000        478.747452500000     
  0.404000000000000        478.747452500000     
  0.405000000000000        478.747452500000     
  0.406000000000000        478.747452500000     
  0.407000000000000        478.747452500000     
  0.408000000000000        478.747452500000     
  0.409000000000000        478.747452500000     
  0.410000000000000        478.747452500000     
  0.411000000000000        478.747452500000     
  0.412000000000000        478.747452500000     
  0.413000000000000        478.747452500000     
  0.414000000000000        478.747452500000     
  0.415000000000000        478.747452500000     
  0.416000000000000        478.747452500000     
  0.417000000000000        478.747452500000     
  0.418000000000000        478.747452500000     
  0.419000000000000        478.747452500000     
  0.420000000000000        478.747452500000     
  0.421000000000000        478.747452500000     
  0.422000000000000        478.747452500000     
  0.423000000000000        478.747452500000     
  0.424000000000000        478.747452500000     
  0.425000000000000        478.747452500000     
  0.426000000000000        478.747452500000     
  0.427000000000000        478.747452500000     
  0.428000000000000        478.747452500000     
  0.429000000000000        478.747452500000     
  0.430000000000000        478.747452500000     
  0.431000000000000        478.747452500000     
  0.432000000000000        478.747452500000     
  0.433000000000000        478.747452500000     
  0.434000000000000        478.747452500000     
  0.435000000000000        478.747452500000     
  0.436000000000000        478.747452500000     
  0.437000000000000        478.747452500000     
  0.438000000000000        478.747452500000     
  0.439000000000000        478.747452500000     
  0.440000000000000        478.747452500000     
  0.441000000000000        478.747452500000     
  0.442000000000000        478.747452500000     
  0.443000000000000        478.747452500000     
  0.444000000000000        478.747452500000     
  0.445000000000000        478.747452500000     
  0.446000000000000        478.747452500000     
  0.447000000000000        478.747452500000     
  0.448000000000000        478.747452500000     
  0.449000000000000        478.747452500000     
  0.450000000000000        478.747452500000     
  0.451000000000000        478.747452500000     
  0.452000000000000        478.747452500000     
  0.453000000000000        478.747452500000     
  0.454000000000000        478.747452500000     
  0.455000000000000        478.747452500000     
  0.456000000000000        478.747452500000     
  0.457000000000000        478.747452500000     
  0.458000000000000        478.747452500000     
  0.459000000000000        478.747452500000     
  0.460000000000000        478.747452500000     
  0.461000000000000        478.747452500000     
  0.462000000000000        478.747452500000     
  0.463000000000000        478.747452500000     
  0.464000000000000        478.747452500000     
  0.465000000000000        478.747452500000     
  0.466000000000000        478.747452500000     
  0.467000000000000        478.747452500000     
  0.468000000000000        478.747452500000     
  0.469000000000000        478.747452500000     
  0.470000000000000        478.747452500000     
  0.471000000000000        478.747452500000     
  0.472000000000000        478.747452500000     
  0.473000000000000        478.747452500000     
  0.474000000000000        478.747452500000     
  0.475000000000000        478.747452500000     
  0.476000000000000        478.747452500000     
  0.477000000000000        478.747452500000     
  0.478000000000000        478.747452500000     
  0.479000000000000        478.747452500000     
  0.480000000000000        478.747452500000     
  0.481000000000000        478.747452500000     
  0.482000000000000        478.747452500000     
  0.483000000000000        478.747452500000     
  0.484000000000000        478.747452500000     
  0.485000000000000        478.747452500000     
  0.486000000000000        478.747452500000     
  0.487000000000000        478.747452500000     
  0.488000000000000        478.747452500000     
  0.489000000000000        478.747452500000     
  0.490000000000000        478.747452500000     
  0.491000000000000        478.747452500000     
  0.492000000000000        478.747452500000     
  0.493000000000000        478.747452500000     
  0.494000000000000        478.747452500000     
  0.495000000000000        478.747452500000     
  0.496000000000000        478.747452500000     
  0.497000000000000        478.747452500000     
  0.498000000000000        478.747452500000     
  0.499000000000000        478.747452500000     
  0.500000000000000        478.747452500000     
  0.501000000000000        478.747452500000     
  0.502000000000000        478.747452500000     
  0.503000000000000        478.747452500000     
  0.504000000000000        478.747452500000     
  0.505000000000000        478.747452500000     
  0.506000000000000        478.747452500000     
  0.507000000000000        478.747452500000     
  0.508000000000000        478.747452500000     
  0.509000000000000        478.747452500000     
  0.510000000000000        478.747452500000     
  0.511000000000000        478.747452500000     
  0.512000000000000        478.747452500000     
  0.513000000000000        478.747452500000     
  0.514000000000000        478.747452500000     
  0.515000000000000        478.747452500000     
  0.516000000000000        478.747452500000     
  0.517000000000000        478.747452500000     
  0.518000000000000        478.747452500000     
  0.519000000000000        478.747452500000     
  0.520000000000000        478.747452500000     
  0.521000000000000        478.747452500000     
  0.522000000000000        478.747452500000     
  0.523000000000000        478.747452500000     
  0.524000000000000        478.747452500000     
  0.525000000000000        478.747452500000     
  0.526000000000000        478.747452500000     
  0.527000000000000        478.747452500000     
  0.528000000000000        478.747452500000     
  0.529000000000000        478.747452500000     
  0.530000000000000        478.747452500000     
  0.531000000000000        478.747452500000     
  0.532000000000000        478.747452500000     
  0.533000000000000        478.747452500000     
  0.534000000000000        478.747452500000     
  0.535000000000000        478.747452500000     
  0.536000000000000        478.747452500000     
  0.537000000000000        478.747452500000     
  0.538000000000000        478.747452500000     
  0.539000000000000        478.747452500000     
  0.540000000000000        478.747452500000     
  0.541000000000000        478.747452500000     
  0.542000000000000        478.747452500000     
  0.543000000000000        478.747452500000     
  0.544000000000000        478.747452500000     
  0.545000000000000        478.747452500000     
  0.546000000000000        478.747452500000     
  0.547000000000000        478.747452500000     
  0.548000000000000        478.747452500000     
  0.549000000000000        478.747452500000     
  0.550000000000000        478.747452500000     
  0.551000000000000        478.747452500000     
  0.552000000000000        478.747452500000     
  0.553000000000000        478.747452500000     
  0.554000000000000        478.747452500000     
  0.555000000000000        478.747452500000     
  0.556000000000000        478.747452500000     
  0.557000000000000        478.747452500000     
  0.558000000000000        478.747452500000     
  0.559000000000000        478.747452500000     
  0.560000000000000        478.747452500000     
  0.561000000000000        478.747452500000     
  0.562000000000000        478.747452500000     
  0.563000000000000        478.747452500000     
  0.564000000000000        478.747452500000     
  0.565000000000000        478.747452500000     
  0.566000000000000        478.747452500000     
  0.567000000000000        478.747452500000     
  0.568000000000000        478.747452500000     
  0.569000000000000        478.747452500000     
  0.570000000000000        478.747452500000     
  0.571000000000000        478.747452500000     
  0.572000000000000        478.747452500000     
  0.573000000000000        478.747452500000     
  0.574000000000000        478.747452500000     
  0.575000000000000        478.747452500000     
  0.576000000000000        478.747452500000     
  0.577000000000000        478.747452500000     
  0.578000000000000        478.747452500000     
  0.579000000000000        478.747452500000     
  0.580000000000000        478.747452500000     
  0.581000000000000        478.747452500000     
  0.582000000000000        478.747452500000     
  0.583000000000000        478.747452500000     
  0.584000000000000        478.747452500000     
  0.585000000000000        478.747452500000     
  0.586000000000000        478.747452500000     
  0.587000000000000        478.747452500000     
  0.588000000000000        478.747452500000     
  0.589000000000000        478.747452500000     
  0.590000000000000        478.747452500000     
  0.591000000000000        478.747452500000     
  0.592000000000000        478.747452500000     
  0.593000000000000        478.747452500000     
  0.594000000000000        478.747452500000     
  0.595000000000000        478.747452500000     
  0.596000000000000        478.747452500000     
  0.597000000000000        478.747452500000     
  0.598000000000000        478.747452500000     
  0.599000000000000        478.747452500000     
  0.600000000000000        478.747452500000     
  0.601000000000000        478.747452500000     
  0.602000000000000        478.747452500000     
  0.603000000000000        478.747452500000     
  0.604000000000000        478.747452500000     
  0.605000000000000        478.747452500000     
  0.606000000000000        478.747452500000     
  0.607000000000000        478.747452500000     
  0.608000000000000        478.747452500000     
  0.609000000000000        478.747452500000     
  0.610000000000000        478.747452500000     
  0.611000000000000        478.747452500000     
  0.612000000000000        478.747452500000     
  0.613000000000000        478.747452500000     
  0.614000000000000        478.747452500000     
  0.615000000000000        478.747452500000     
  0.616000000000000        478.747452500000     
  0.617000000000000        478.747452500000     
  0.618000000000000        478.747452500000     
  0.619000000000000        478.747452500000     
  0.620000000000000        478.747452500000     
  0.621000000000000        478.747452500000     
  0.622000000000000        478.747452500000     
  0.623000000000000        478.747452500000     
  0.624000000000000        478.747452500000     
  0.625000000000000        478.747452500000     
  0.626000000000000        478.747452500000     
  0.627000000000000        478.747452500000     
  0.628000000000000        478.747452500000     
  0.629000000000000        478.747452500000     
  0.630000000000000        478.747452500000     
  0.631000000000000        478.747452500000     
  0.632000000000000        478.747452500000     
  0.633000000000000        478.747452500000     
  0.634000000000000        478.747452500000     
  0.635000000000000        478.747452500000     
  0.636000000000000        478.747452500000     
  0.637000000000000        478.747452500000     
  0.638000000000000        478.747452500000     
  0.639000000000000        478.747452500000     
  0.640000000000000        478.747452500000     
  0.641000000000000        478.747452500000     
  0.642000000000000        478.747452500000     
  0.643000000000000        478.747452500000     
  0.644000000000000        478.747452500000     
  0.645000000000000        478.747452500000     
  0.646000000000000        478.747452500000     
  0.647000000000000        478.747452500000     
  0.648000000000000        478.747452500000     
  0.649000000000000        478.747452500000     
  0.650000000000000        478.747452500000     
  0.651000000000000        478.747452500000     
  0.652000000000000        478.747452500000     
  0.653000000000000        478.747452500000     
  0.654000000000000        478.747452500000     
  0.655000000000000        478.747452500000     
  0.656000000000000        478.747452500000     
  0.657000000000000        478.747452500000     
  0.658000000000000        478.747452500000     
  0.659000000000000        478.747452500000     
  0.660000000000000        478.747452500000     
  0.661000000000000        478.747452500000     
  0.662000000000000        478.747452500000     
  0.663000000000000        478.747452500000     
  0.664000000000000        478.747452500000     
  0.665000000000000        478.747452500000     
  0.666000000000000        478.747452500000     
  0.667000000000000        478.747452500000     
  0.668000000000000        478.747452500000     
  0.669000000000000        478.747452500000     
  0.670000000000000        478.747452500000     
  0.671000000000000        478.747452500000     
  0.672000000000000        478.747452500000     
  0.673000000000000        478.747452500000     
  0.674000000000000        478.747452500000     
  0.675000000000000        478.747452500000     
  0.676000000000000        478.747452500000     
  0.677000000000000        478.747452500000     
  0.678000000000000        478.747452500000     
  0.679000000000000        478.747452500000     
  0.680000000000000        478.747452500000     
  0.681000000000000        478.747452500000     
  0.682000000000000        478.747452500000     
  0.683000000000000        478.747452500000     
  0.684000000000000        478.747452500000     
  0.685000000000000        478.747452500000     
  0.686000000000000        478.747452500000     
  0.687000000000000        478.747452500000     
  0.688000000000000        478.747452500000     
  0.689000000000000        478.747452500000     
  0.690000000000000        478.747452500000     
  0.691000000000000        478.747452500000     
  0.692000000000000        478.747452500000     
  0.693000000000000        478.747452500000     
  0.694000000000000        478.747452500000     
  0.695000000000000        478.747452500000     
  0.696000000000000        478.747452500000     
  0.697000000000000        478.747452500000     
  0.698000000000000        478.747452500000     
  0.699000000000000        478.747452500000     
  0.700000000000000        478.747452500000     
  0.701000000000000        478.747452500000     
  0.702000000000000        478.747452500000     
  0.703000000000000        478.747452500000     
  0.704000000000000        478.747452500000     
  0.705000000000000        478.747452500000     
  0.706000000000000        478.747452500000     
  0.707000000000000        478.747452500000     
  0.708000000000000        478.747452500000     
  0.709000000000000        478.747452500000     
  0.710000000000000        478.747452500000     
  0.711000000000000        478.747452500000     
  0.712000000000000        478.747452500000     
  0.713000000000000        478.747452500000     
  0.714000000000000        478.747452500000     
  0.715000000000000        478.747452500000     
  0.716000000000000        478.747452500000     
  0.717000000000000        478.747452500000     
  0.718000000000000        478.747452500000     
  0.719000000000000        478.747452500000     
  0.720000000000000        478.747452500000     
  0.721000000000000        478.747452500000     
  0.722000000000000        478.747452500000     
  0.723000000000000        478.747452500000     
  0.724000000000000        478.747452500000     
  0.725000000000000        478.747452500000     
  0.726000000000000        478.747452500000     
  0.727000000000000        478.747452500000     
  0.728000000000000        478.747452500000     
  0.729000000000000        478.747452500000     
  0.730000000000000        478.747452500000     
  0.731000000000000        478.747452500000     
  0.732000000000000        478.747452500000     
  0.733000000000000        478.747452500000     
  0.734000000000000        478.747452500000     
  0.735000000000000        478.747452500000     
  0.736000000000000        478.747452500000     
  0.737000000000000        478.747452500000     
  0.738000000000000        478.747452500000     
  0.739000000000000        478.747452500000     
  0.740000000000000        478.747452500000     
  0.741000000000000        478.747452500000     
  0.742000000000000        478.747452500000     
  0.743000000000000        478.747452500000     
  0.744000000000000        478.747452500000     
  0.745000000000000        478.747452500000     
  0.746000000000000        478.747452500000     
  0.747000000000000        478.747452500000     
  0.748000000000000        478.747452500000     
  0.749000000000000        478.747452500000     
  0.750000000000000        478.747452500000     
  0.751000000000000        478.747452500000     
  0.752000000000000        478.747452500000     
  0.753000000000000        478.747452500000     
  0.754000000000000        478.747452500000     
  0.755000000000000        478.747452500000     
  0.756000000000000        478.747452500000     
  0.757000000000000        478.747452500000     
  0.758000000000000        478.747452500000     
  0.759000000000000        478.747452500000     
  0.760000000000000        478.747452500000     
  0.761000000000000        478.747452500000     
  0.762000000000000        478.747452500000     
  0.763000000000000        478.747452500000     
  0.764000000000000        478.747452500000     
  0.765000000000000        478.747452500000     
  0.766000000000000        478.747452500000     
  0.767000000000000        478.747452500000     
  0.768000000000000        478.747452500000     
  0.769000000000000        478.747452500000     
  0.770000000000000        478.747452500000     
  0.771000000000000        478.747452500000     
  0.772000000000000        478.747452500000     
  0.773000000000000        478.747452500000     
  0.774000000000000        478.747452500000     
  0.775000000000000        478.747452500000     
  0.776000000000000        478.747452500000     
  0.777000000000000        478.747452500000     
  0.778000000000000        478.747452500000     
  0.779000000000000        478.747452500000     
  0.780000000000000        478.747452500000     
  0.781000000000000        478.747452500000     
  0.782000000000000        478.747452500000     
  0.783000000000000        478.747452500000     
  0.784000000000000        478.747452500000     
  0.785000000000000        478.747452500000     
  0.786000000000000        478.747452500000     
  0.787000000000000        478.747452500000     
  0.788000000000000        478.747452500000     
  0.789000000000000        478.747452500000     
  0.790000000000000        478.747452500000     
  0.791000000000000        478.747452500000     
  0.792000000000000        478.747452500000     
  0.793000000000000        478.747452500000     
  0.794000000000000        478.747452500000     
  0.795000000000000        478.747452500000     
  0.796000000000000        478.747452500000     
  0.797000000000000        478.747452500000     
  0.798000000000000        478.747452500000     
  0.799000000000000        478.747452500000     
  0.800000000000000        478.747452500000     
  0.801000000000000        478.747452500000     
  0.802000000000000        478.747452500000     
  0.803000000000000        478.747452500000     
  0.804000000000000        478.747452500000     
  0.805000000000000        478.747452500000     
  0.806000000000000        478.747452500000     
  0.807000000000000        478.747452500000     
  0.808000000000000        478.747452500000     
  0.809000000000000        478.747452500000     
  0.810000000000000        478.747452500000     
  0.811000000000000        478.747452500000     
  0.812000000000000        478.747452500000     
  0.813000000000000        478.747452500000     
  0.814000000000000        478.747452500000     
  0.815000000000000        478.747452500000     
  0.816000000000000        478.747452500000     
  0.817000000000000        478.747452500000     
  0.818000000000000        478.747452500000     
  0.819000000000000        478.747452500000     
  0.820000000000000        478.747452500000     
  0.821000000000000        478.747452500000     
  0.822000000000000        478.747452500000     
  0.823000000000000        478.747452500000     
  0.824000000000000        478.747452500000     
  0.825000000000000        478.747452500000     
  0.826000000000000        478.747452500000     
  0.827000000000000        478.747452500000     
  0.828000000000000        478.747452500000     
  0.829000000000000        478.747452500000     
  0.830000000000000        478.747452500000     
  0.831000000000000        478.747452500000     
  0.832000000000000        478.747452500000     
  0.833000000000000        478.747452500000     
  0.834000000000000        478.747452500000     
  0.835000000000000        478.747452500000     
  0.836000000000000        478.747452500000     
  0.837000000000000        478.747452500000     
  0.838000000000000        478.747452500000     
  0.839000000000000        478.747452500000     
  0.840000000000000        478.747452500000     
  0.841000000000000        478.747452500000     
  0.842000000000000        478.747452500000     
  0.843000000000000        478.747452500000     
  0.844000000000000        478.747452500000     
  0.845000000000000        478.747452500000     
  0.846000000000000        478.747452500000     
  0.847000000000000        478.747452500000     
  0.848000000000000        478.747452500000     
  0.849000000000000        478.747452500000     
  0.850000000000000        478.747452500000     
  0.851000000000000        478.747452500000     
  0.852000000000000        478.747452500000     
  0.853000000000000        478.747452500000     
  0.854000000000000        478.747452500000     
  0.855000000000000        478.747452500000     
  0.856000000000000        478.747452500000     
  0.857000000000000        478.747452500000     
  0.858000000000000        478.747452500000     
  0.859000000000000        478.747452500000     
  0.860000000000000        478.747452500000     
  0.861000000000000        478.747452500000     
  0.862000000000000        478.747452500000     
  0.863000000000000        478.747452500000     
  0.864000000000000        478.747452500000     
  0.865000000000000        478.747452500000     
  0.866000000000000        478.747452500000     
  0.867000000000000        478.747452500000     
  0.868000000000000        478.747452500000     
  0.869000000000000        478.747452500000     
  0.870000000000000        478.747452500000     
  0.871000000000000        478.747452500000     
  0.872000000000000        478.747452500000     
  0.873000000000000        478.747452500000     
  0.874000000000000        478.747452500000     
  0.875000000000000        478.747452500000     
  0.876000000000000        478.747452500000     
  0.877000000000000        478.747452500000     
  0.878000000000000        478.747452500000     
  0.879000000000000        478.747452500000     
  0.880000000000000        478.747452500000     
  0.881000000000000        478.747452500000     
  0.882000000000000        478.747452500000     
  0.883000000000000        478.747452500000     
  0.884000000000000        478.747452500000     
  0.885000000000000        478.747452500000     
  0.886000000000000        478.747452500000     
  0.887000000000000        478.747452500000     
  0.888000000000000        478.747452500000     
  0.889000000000000        478.747452500000     
  0.890000000000000        478.747452500000     
  0.891000000000000        478.747452500000     
  0.892000000000000        478.747452500000     
  0.893000000000000        478.747452500000     
  0.894000000000000        478.747452500000     
  0.895000000000000        478.747452500000     
  0.896000000000000        478.747452500000     
  0.897000000000000        478.747452500000     
  0.898000000000000        478.747452500000     
  0.899000000000000        478.747452500000     
  0.900000000000000        478.747452500000     
  0.901000000000000        478.747452500000     
  0.902000000000000        478.747452500000     
  0.903000000000000        478.747452500000     
  0.904000000000000        478.747452500000     
  0.905000000000000        478.747452500000     
  0.906000000000000        478.747452500000     
  0.907000000000000        478.747452500000     
  0.908000000000000        478.747452500000     
  0.909000000000000        478.747452500000     
  0.910000000000000        478.747452500000     
  0.911000000000000        478.747452500000     
  0.912000000000000        478.747452500000     
  0.913000000000000        478.747452500000     
  0.914000000000000        478.747452500000     
  0.915000000000000        478.747452500000     
  0.916000000000000        478.747452500000     
  0.917000000000000        478.747452500000     
  0.918000000000000        478.747452500000     
  0.919000000000000        478.747452500000     
  0.920000000000000        478.747452500000     
  0.921000000000000        478.747452500000     
  0.922000000000000        478.747452500000     
  0.923000000000000        478.747452500000     
  0.924000000000000        478.747452500000     
  0.925000000000000        478.747452500000     
  0.926000000000000        478.747452500000     
  0.927000000000000        478.747452500000     
  0.928000000000000        478.747452500000     
  0.929000000000000        478.747452500000     
  0.930000000000000        478.747452500000     
  0.931000000000000        478.747452500000     
  0.932000000000000        478.747452500000     
  0.933000000000000        478.747452500000     
  0.934000000000000        478.747452500000     
  0.935000000000000        478.747452500000     
  0.936000000000000        478.747452500000     
  0.937000000000000        478.747452500000     
  0.938000000000000        478.747452500000     
  0.939000000000000        478.747452500000     
  0.940000000000000        478.747452500000     
  0.941000000000000        478.747452500000     
  0.942000000000000        478.747452500000     
  0.943000000000000        478.747452500000     
  0.944000000000000        478.747452500000     
  0.945000000000000        478.747452500000     
  0.946000000000000        478.747452500000     
  0.947000000000000        478.747452500000     
  0.948000000000000        478.747452500000     
  0.949000000000000        478.747452500000     
  0.950000000000000        478.747452500000     
  0.951000000000000        478.747452500000     
  0.952000000000000        478.747452500000     
  0.953000000000000        478.747452500000     
  0.954000000000000        478.747452500000     
  0.955000000000000        478.747452500000     
  0.956000000000000        478.747452500000     
  0.957000000000000        478.747452500000     
  0.958000000000000        478.747452500000     
  0.959000000000000        478.747452500000     
  0.960000000000000        478.747452500000     
  0.961000000000000        478.747452500000     
  0.962000000000000        478.747452500000     
  0.963000000000000        478.747452500000     
  0.964000000000000        478.747452500000     
  0.965000000000000        478.747452500000     
  0.966000000000000        478.747452500000     
  0.967000000000000        478.747452500000     
  0.968000000000000        478.747452500000     
  0.969000000000000        478.747452500000     
  0.970000000000000        478.747452500000     
  0.971000000000000        478.747452500000     
  0.972000000000000        478.747452500000     
  0.973000000000000        478.747452500000     
  0.974000000000000        478.747452500000     
  0.975000000000000        478.747452500000     
  0.976000000000000        478.747452500000     
  0.977000000000000        478.747452500000     
  0.978000000000000        478.747452500000     
  0.979000000000000        478.747452500000     
  0.980000000000000        478.747452500000     
  0.981000000000000        478.747452500000     
  0.982000000000000        478.747452500000     
  0.983000000000000        478.747452500000     
  0.984000000000000        478.747452500000     
  0.985000000000000        478.747452500000     
  0.986000000000000        478.747452500000     
  0.987000000000000        478.747452500000     
  0.988000000000000        478.747452500000     
  0.989000000000000        478.747452500000     
  0.990000000000000        478.747452500000     
  0.991000000000000        478.747452500000     
  0.992000000000000        478.747452500000     
  0.993000000000000        478.747452500000     
  0.994000000000000        478.747452500000     
  0.995000000000000        478.747452500000     
  0.996000000000000        478.747452500000     
  0.997000000000000        478.747452500000     
  0.998000000000000        478.747452500000     
  0.999000000000000        478.747452500000     
   1.00000000000000        478.747452500000     
   1.00100000000000        478.747452500000     
   1.00200000000000        481.157500892345     
   1.00300000000000        478.307852703260     
   1.00400000000000        475.471445150083     
   1.00500000000000        472.648235075923     
   1.00600000000000        469.838179953254     
   1.00700000000000        467.041236212659     
   1.00800000000000        464.257361479729     
   1.00900000000000        461.486512642199     
   1.01000000000000        458.728647189390     
   1.01100000000000        455.983722286399     
   1.01200000000000        453.251695517557     
   1.01300000000000        450.532524305683     
   1.01400000000000        447.826166207106     
   1.01500000000000        445.132578848988     
   1.01600000000000        442.451719962413     
   1.01700000000000        439.783547493109     
   1.01800000000000        437.128019032375     
   1.01900000000000        439.509323259089     
   1.02000000000000        436.855095115799     
   1.02100000000000        434.213465107052     
   1.02200000000000        431.584390928683     
   1.02300000000000        428.967830406613     
   1.02400000000000        426.363742164905     
   1.02500000000000        423.772084190863     
   1.02600000000000        421.192814784793     
   1.02700000000000        418.625892480723     
   1.02800000000000        416.071275576284     
   1.02900000000000        413.528922721395     
   1.03000000000000        410.998792628200     
   1.03100000000000        408.480843826779     
   1.03200000000000        405.975035126858     
   1.03300000000000        403.481325371841     
   1.03400000000000        400.999673464466     
   1.03500000000000        398.530038398532     
   1.03600000000000        396.072379246354     
   1.03700000000000        398.276234547365     
   1.03800000000000        395.819806872918     
   1.03900000000000        393.375310671580     
   1.04000000000000        390.942703895963     
   1.04100000000000        388.521946936434     
   1.04200000000000        386.112998412492     
   1.04300000000000        383.715818136716     
   1.04400000000000        381.330365524676     
   1.04500000000000        378.956600140414     
   1.04600000000000        376.594481719952     
   1.04700000000000        374.243969876561     
   1.04800000000000        371.905024510165     
   1.04900000000000        369.577605503443     
   1.05000000000000        367.261672758087     
   1.05100000000000        364.957186413207     
   1.05200000000000        362.664106445366     
   1.05300000000000        360.382393098726     
   1.05400000000000        358.112006573690     
   1.05500000000000        355.852907335044     
   1.05600000000000        357.878695084438     
   1.05700000000000        355.620756805357     
   1.05800000000000        353.374061827779     
   1.05900000000000        351.138571037241     
   1.06000000000000        348.914244602648     
   1.06100000000000        346.701043561160     
   1.06200000000000        344.498928249906     
   1.06300000000000        342.307859700791     
   1.06400000000000        340.127798691065     
   1.06500000000000        337.958706210952     
   1.06600000000000        335.800543108953     
   1.06700000000000        333.653270558418     
   1.06800000000000        331.516849685639     
   1.06900000000000        329.391241789205     
   1.07000000000000        327.276408036115     
   1.07100000000000        325.172309912996     
   1.07200000000000        323.078908908475     
   1.07300000000000        320.996166339137     
   1.07400000000000        322.863799395662     
   1.07500000000000        320.782152872902     
   1.07600000000000        318.711122737207     
   1.07700000000000        316.650670376786     
   1.07800000000000        314.600757848810     
   1.07900000000000        312.561346472420     
   1.08000000000000        310.532398669835     
   1.08100000000000        308.513876112700     
   1.08200000000000        306.505740938079     
   1.08300000000000        304.507955270122     
   1.08400000000000        302.520481282492     
   1.08500000000000        300.543281262013     
   1.08600000000000        298.576317555534     
   1.08700000000000        296.619552555525     
   1.08800000000000        294.672948759020     
   1.08900000000000        292.736468670059     
   1.09000000000000        290.810075145777     
   1.09100000000000        288.893730603728     
   1.09200000000000        286.987398058436     
   1.09300000000000        288.696829100307     
   1.09400000000000        286.791526200642     
   1.09500000000000        284.896194187332     
   1.09600000000000        283.010796038196     
   1.09700000000000        281.135294893978     
   1.09800000000000        279.269653734113     
   1.09900000000000        277.413835663598     
   1.10000000000000        275.567804043167     
   1.10100000000000        273.731522181746     
   1.10200000000000        271.904953445267     
   1.10300000000000        270.088061325671     
   1.10400000000000        268.280809325595     
   1.10500000000000        266.483160991906     
   1.10600000000000        264.695080091888     
   1.10700000000000        262.916530429737     
   1.10800000000000        261.147475668151     
   1.10900000000000        259.387879877579     
   1.11000000000000        257.637706998299     
   1.11100000000000        259.207097232727     
   1.11200000000000        257.457893278755     
   1.11300000000000        255.718072591297     
   1.11400000000000        253.987599206612     
   1.11500000000000        252.266437529583     
   1.11600000000000        250.554551657703     
   1.11700000000000        248.851906121191     
   1.11800000000000        247.158465143968     
   1.11900000000000        245.474193393654     
   1.12000000000000        243.799055442733     
   1.12100000000000        242.133015846103     
   1.12200000000000        240.476039420532     
   1.12300000000000        238.828091017458     
   1.12400000000000        237.189135375164     
   1.12500000000000        235.559137561593     
   1.12600000000000        233.938062498796     
   1.12700000000000        232.325875413108     
   1.12800000000000        230.722541309677     
   1.12900000000000        232.160250275516     
   1.13000000000000        230.557826329613     
   1.13100000000000        228.964217409725     
   1.13200000000000        227.379388403005     
   1.13300000000000        225.803305117773     
   1.13400000000000        224.235932594278     
   1.13500000000000        222.677236678613     
   1.13600000000000        221.127182850570     
   1.13700000000000        219.585736858086     
   1.13800000000000        218.052864490490     
   1.13900000000000        216.528531638141     
   1.14000000000000        215.012704152372     
   1.14100000000000        213.505348081210     
   1.14200000000000        212.006429410084     
   1.14300000000000        210.515914413260     
   1.14400000000000        209.033769189345     
   1.14500000000000        207.559960115668     
   1.14600000000000        206.094453489225     
   1.14700000000000        204.637215754071     
   1.14800000000000        205.943909879121     
   1.14900000000000        204.487522244279     
   1.15000000000000        203.039366741143     
   1.15100000000000        201.599409818489     
   1.15200000000000        200.167618044244     
   1.15300000000000        198.743958478444     
   1.15400000000000        197.328397572094     
   1.15500000000000        195.920902434249     
   1.15600000000000        194.521439958674     
   1.15700000000000        193.129977253394     
   1.15800000000000        191.746481352956     
   1.15900000000000        190.370919505942     
   1.16000000000000        189.003258936504     
   1.16100000000000        187.643467028654     
   1.16200000000000        186.291511139714     
   1.16300000000000        184.947358795978     
   1.16400000000000        183.610977517944     
   1.16500000000000        182.282335066054     
   1.16600000000000        183.473709314914     
   1.16700000000000        182.145862840651     
   1.16800000000000        180.825718702991     
   1.16900000000000        179.513245937764     
   1.17000000000000        178.208411801994     
   1.17100000000000        176.911184338244     
   1.17200000000000        175.621531720793     
   1.17300000000000        174.339421724327     
   1.17400000000000        173.064822819185     
   1.17500000000000        171.797703078445     
   1.17600000000000        170.538030822529     
   1.17700000000000        169.285774467287     
   1.17800000000000        168.040902499514     
   1.17900000000000        166.803383378907     
   1.18000000000000        165.573185738314     
   1.18100000000000        164.350278302023     
   1.18200000000000        163.134629774059     
   1.18300000000000        161.926208949233     
   1.18400000000000        160.724984878487     
   1.18500000000000        161.802095741914     
   1.18600000000000        160.601611783074     
   1.18700000000000        159.408289601876     
   1.18800000000000        158.222099378990     
   1.18900000000000        157.043009468972     
   1.19000000000000        155.870989577824     
   1.19100000000000        154.706008764028     
   1.19200000000000        153.548036278485     
   1.19300000000000        152.397041839008     
   1.19400000000000        151.252994657817     
   1.19500000000000        150.115864531344     
   1.19600000000000        148.985620980903     
   1.19700000000000        147.862233740575     
   1.19800000000000        146.745672656224     
   1.19900000000000        145.635907605441     
   1.20000000000000        144.532908570969     
   1.20100000000000        143.436645439168     
   1.20200000000000        142.347088402648     
   1.20300000000000        143.324061831041     
   1.20400000000000        142.235194162462     
   1.20500000000000        141.152999597286     
   1.20600000000000        140.077448477632     
   1.20700000000000        139.008511068286     
   1.20800000000000        137.946157854566     
   1.20900000000000        136.890359329900     
   1.21000000000000        135.841085798250     
   1.21100000000000        134.798308249721     
   1.21200000000000        133.761997017716     
   1.21300000000000        132.732123163964     
   1.21400000000000        131.708657316134     
   1.21500000000000        130.691570468952     
   1.21600000000000        129.680833710437     
   1.21700000000000        128.676417949477     
   1.21800000000000        127.678294445840     
   1.21900000000000        126.686434332643     
   1.22000000000000        125.700808947799     
   1.22100000000000        126.584582260984     
   1.22200000000000        125.599597652510     
   1.22300000000000        124.620816289097     
   1.22400000000000        123.648209515277     
   1.22500000000000        122.681748612829     
   1.22600000000000        121.721405653445     
   1.22700000000000        120.767151876379     
   1.22800000000000        119.818959309709     
   1.22900000000000        118.876799474382     
   1.23000000000000        117.940644563014     
   1.23100000000000        117.010466353836     
   1.23200000000000        116.086237019189     
   1.23300000000000        115.167928520231     
   1.23400000000000        114.255513049947     
   1.23500000000000        113.348963067246     
   1.23600000000000        112.448250692067     
   1.23700000000000        111.553348398525     
   1.23800000000000        110.664228691259     
   1.23900000000000        109.780864005836     
   1.24000000000000        110.572936467338     
   1.24100000000000        109.690162883144     
   1.24200000000000        108.813115078164     
   1.24300000000000        107.941764295614     
   1.24400000000000        107.076084340498     
   1.24500000000000        106.216047442726     
   1.24600000000000        105.361626939618     
   1.24700000000000        104.512795538932     
   1.24800000000000        103.669526511671     
   1.24900000000000        102.831792986391     
   1.25000000000000        101.999568133292     
   1.25100000000000        101.172825219094     
   1.25200000000000        100.351537736140     
   1.25300000000000        99.5356791419756     
   1.25400000000000        98.7252228882286     
   1.25500000000000        97.9201425860011     
   1.25600000000000        97.1204119196906     
   1.25700000000000        96.3260046380764     
   1.25800000000000        97.0383061009867     
   1.25900000000000        96.2444458630118     
   1.26000000000000        95.4558801906219     
   1.26100000000000        94.6725829056728     
   1.26200000000000        93.8945280380703     
   1.26300000000000        93.1216896142880     
   1.26400000000000        92.3540417698255     
   1.26500000000000        91.5915587081894     
   1.26600000000000        90.8342147044026     
   1.26700000000000        90.0819841089688     
   1.26800000000000        89.3348413373182     
   1.26900000000000        88.5927608920141     
   1.27000000000000        87.8557173468991     
   1.27100000000000        87.1236853420750     
   1.27200000000000        86.3966396041808     
   1.27300000000000        85.6745549262746     
   1.27400000000000        84.9574061642750     
   1.27500000000000        84.2451682720761     
   1.27600000000000        83.5378162703704     
   1.27700000000000        84.1720533145716     
   1.27800000000000        83.4652033543935     
   1.27900000000000        82.7632118370387     
   1.28000000000000        82.0660538509951     
   1.28100000000000        81.3737047436790     
   1.28200000000000        80.6861397487304     
   1.28300000000000        80.0033343190909     
   1.28400000000000        79.3252638967149     
   1.28500000000000        78.6519040328727     
   1.28600000000000        77.9832303350392     
   1.28700000000000        77.3192184996145     
   1.28800000000000        76.6598442941611     
   1.28900000000000        76.0050835621212     
   1.29000000000000        75.3549122014003     
   1.29100000000000        74.7093062141944     
   1.29200000000000        74.0682416522346     
   1.29300000000000        73.4316946598988     
   1.29400000000000        72.7996414302692     
   1.29500000000000        73.3663570307494     
   1.29600000000000        72.7347654938976     
   1.29700000000000        72.1076416199729     
   1.29800000000000        71.4849617105552     
   1.29900000000000        70.8667022239749     
   1.30000000000000        70.2528396752661     
   1.30100000000000        69.6433506537341     
   1.30200000000000        69.0382118222108     
   1.30300000000000        68.4373999092757     
   1.30400000000000        67.8408917232419     
   1.30500000000000        67.2486641615597     
   1.30600000000000        66.6606941734984     
   1.30700000000000        66.0769587884196     
   1.30800000000000        65.4974351164397     
   1.30900000000000        64.9221003459223     
   1.31000000000000        64.3509317200527     
   1.31100000000000        63.7839065758111     
   1.31200000000000        63.2210023122201     
   1.31300000000000        63.7257116522985     
   1.31400000000000        63.1632307331045     
   1.31500000000000        62.6048458887551     
   1.31600000000000        62.0505346075634     
   1.31700000000000        61.5002745906332     
   1.31800000000000        60.9540434975142     
   1.31900000000000        60.4118191276867     
   1.32000000000000        59.8735793484577     
   1.32100000000000        59.3393020596087     
   1.32200000000000        58.8089652901830     
   1.32300000000000        58.2825471073196     
   1.32400000000000        57.7600256702348     
   1.32500000000000        57.2413791907158     
   1.32600000000000        56.7265859766065     
   1.32700000000000        56.2156244059003     
   1.32800000000000        55.7084729218269     
   1.32900000000000        55.2051100473544     
   1.33000000000000        54.7055143843007     
   1.33100000000000        54.2096645962588     
   1.33200000000000        54.6542464442982     
   1.33300000000000        54.1587814334251     
   1.33400000000000        53.6670388812472     
   1.33500000000000        53.1789975702079     
   1.33600000000000        52.6946364375028     
   1.33700000000000        52.2139344388086     
   1.33800000000000        51.7368706286627     
   1.33900000000000        51.2634241198579     
   1.34000000000000        50.7935741323593     
   1.34100000000000        50.3272999078859     
   1.34200000000000        49.8645808191701     
   1.34300000000000        49.4053962702313     
   1.34400000000000        48.9497257557788     
   1.34500000000000        48.4975488395247     
   1.34600000000000        48.0488451737765     
   1.34700000000000        47.6035944628280     
   1.34800000000000        47.1617765057314     
   1.34900000000000        46.7233711637557     
   1.35000000000000        47.1164433421135     
   1.35100000000000        46.6783885163333     
   1.35200000000000        46.2437241738604     
   1.35300000000000        45.8124303301276     
   1.35400000000000        45.3844870996474     
   1.35500000000000        44.9598746263152     
   1.35600000000000        44.5385731716236     
   1.35700000000000        44.1205630319719     
   1.35800000000000        43.7058246148880     
   1.35900000000000        43.2943383705361     
   1.36000000000000        42.8860848485553     
   1.36100000000000        42.4810446469025     
   1.36200000000000        42.0791984728125     
   1.36300000000000        41.6805270656294     
   1.36400000000000        41.2850112669603     
   1.36500000000000        40.8926319878111     
   1.36600000000000        40.5033702023551     
   1.36700000000000        40.1172069713976     
   1.36800000000000        39.7341234320032     
   1.36900000000000        40.0775898430666     
   1.37000000000000        39.6948225962371     
   1.37100000000000        39.3151142821491     
   1.37200000000000        38.9384462413582     
   1.37300000000000        38.5647997807897     
   1.37400000000000        38.1941563709565     
   1.37500000000000        37.8264975097882     
   1.37600000000000        37.4618047734950     
   1.37700000000000        37.1000598276937     
   1.37800000000000        36.7412443977282     
   1.37900000000000        36.3853402925083     
   1.38000000000000        36.0323293835138     
   1.38100000000000        35.6821936337206     
   1.38200000000000        35.3349150668816     
   1.38300000000000        34.9904757819275     
   1.38400000000000        34.6488579529297     
   1.38500000000000        34.3100438340384     
   1.38600000000000        33.9740157451192     
   1.38700000000000        34.2752891316790     
   1.38800000000000        33.9395471134526     
   1.38900000000000        33.6065717497596     
   1.39000000000000        33.2763454583628     
   1.39100000000000        32.9488508238581     
   1.39200000000000        32.6240704798887     
   1.39300000000000        32.3019870967196     
   1.39400000000000        31.9825834807684     
   1.39500000000000        31.6658424666693     
   1.39600000000000        31.3517469795616     
   1.39700000000000        31.0402800187627     
   1.39800000000000        30.7314246634578     
   1.39900000000000        30.4251640437771     
   1.40000000000000        30.1214813952431     
   1.40100000000000        29.8203599963578     
   1.40200000000000        29.5217832328459     
   1.40300000000000        29.2257345312194     
   1.40400000000000        28.9321974198282     
   1.40500000000000        29.1953709854616     
   1.40600000000000        28.9020917588806     
   1.40700000000000        28.6113060109364     
   1.40800000000000        28.3229974055902     
   1.40900000000000        28.0371497432061     
   1.41000000000000        27.7537467736655     
   1.41100000000000        27.4727724569100     
   1.41200000000000        27.1942107065977     
   1.41300000000000        26.9180456007406     
   1.41400000000000        26.6442612426866     
   1.41500000000000        26.3728418229504     
   1.41600000000000        26.1037716070066     
   1.41700000000000        25.8370349381850     
   1.41800000000000        25.5726162239578     
   1.41900000000000        25.3104999570104     
   1.42000000000000        25.0506706989686     
   1.42100000000000        24.7931130828367     
   1.42200000000000        24.5378118022082     
   1.42300000000000        24.2847516693273     
   1.42400000000000        24.5116317024425     
   1.42500000000000        24.2588016835330     
   1.42600000000000        24.0081960262199     
   1.42700000000000        23.7597998074979     
   1.42800000000000        23.5135979220483     
   1.42900000000000        23.2695755514918     
   1.43000000000000        23.0277177949807     
   1.43100000000000        22.7880099182073     
   1.43200000000000        22.5504372183717     
   1.43300000000000        22.3149850883362     
   1.43400000000000        22.0816389754764     
   1.43500000000000        21.8503844257041     
   1.43600000000000        21.6212070403603     
   1.43700000000000        21.3940924898318     
   1.43800000000000        21.1690265366429     
   1.43900000000000        20.9459950086331     
   1.44000000000000        20.7249838174284     
   1.44100000000000        20.5059789170635     
   1.44200000000000        20.7023238225524     
   1.44300000000000        20.4835248645707     
   1.44400000000000        20.2667168283327     
   1.44500000000000        20.0518858708480     
   1.44600000000000        19.8390181437311     
   1.44700000000000        19.6280999763695     
   1.44800000000000        19.4191177010955     
   1.44900000000000        19.2120577425298     
   1.45000000000000        19.0069066160149     
   1.45100000000000        18.8036508867282     
   1.45200000000000        18.6022772175297     
   1.45300000000000        18.4027723289327     
   1.45400000000000        18.2051230148706     
   1.45500000000000        18.0093161547752     
   1.45600000000000        17.8153386941767     
   1.45700000000000        17.6231776601372     
   1.45800000000000        17.4328201333723     
   1.45900000000000        17.2442533026486     
   1.46000000000000        17.0574643912939     
   1.46100000000000        17.2249235584065     
   1.46200000000000        17.0383171337598     
   1.46300000000000        16.8534746462631     
   1.46400000000000        16.6703835466234     
   1.46500000000000        16.4890312156983     
   1.46600000000000        16.3094052882088     
   1.46700000000000        16.1314933307119     
   1.46800000000000        15.9552830643184     
   1.46900000000000        15.7807622517524     
   1.47000000000000        15.6079187376540     
   1.47100000000000        15.4367404385844     
   1.47200000000000        15.2672153458706     
   1.47300000000000        15.0993315318640     
   1.47400000000000        14.9330771422471     
   1.47500000000000        14.7684403811576     
   1.47600000000000        14.6054095311614     
   1.47700000000000        14.4439729771560     
   1.47800000000000        14.2841191367686     
   1.47900000000000        14.4274277761555     
   1.48000000000000        14.2677363676585     
   1.48100000000000        14.1096150214143     
   1.48200000000000        13.9530523178513     
   1.48300000000000        13.7980369271458     
   1.48400000000000        13.6445575853306     
   1.48500000000000        13.4926031148725     
   1.48600000000000        13.3421623969250     
   1.48700000000000        13.1932244091047     
   1.48800000000000        13.0457781723631     
   1.48900000000000        12.8998128026299     
   1.49000000000000        12.7553174888550     
   1.49100000000000        12.6122814909762     
   1.49200000000000        12.4706941434091     
   1.49300000000000        12.3305448504054     
   1.49400000000000        12.1918230991863     
   1.49500000000000        12.0545184386756     
   1.49600000000000        11.9186205064930     
   1.49700000000000        11.7841190089505     
   1.49800000000000        11.9046963303070     
   1.49900000000000        11.7703381617287     
   1.50000000000000        11.6373651188069     
   1.50100000000000        11.5057671244207     
   1.50200000000000        11.3755340571165     
   1.50300000000000        11.2466559650888     
   1.50400000000000        11.1191228643638     
   1.50500000000000        10.9929248668000     
   1.50600000000000        10.8680520754188     
   1.50700000000000        10.7444946638820     
   1.50800000000000        10.6222428205588     
   1.50900000000000        10.5012867840202     
   1.51000000000000        10.3816168159094     
   1.51100000000000        10.2632232354701     
   1.51200000000000        10.1460963815443     
   1.51300000000000        10.0302266423963     
   1.51400000000000        9.91560443779308     
   1.51500000000000        9.80222021649289     
   1.51600000000000        9.90386362838057     
   1.51700000000000        9.79060643478658     
   1.51800000000000        9.67857674353794     
   1.51900000000000        9.56776509164221     
   1.52000000000000        9.45816204293826     
   1.52100000000000        9.34975821509007     
   1.52200000000000        9.24254424431927     
   1.52300000000000        9.13651081946662     
   1.52400000000000        9.03164865493257     
   1.52500000000000        8.92794851070567     
   1.52600000000000        8.82540117834498     
   1.52700000000000        8.72399748784054     
   1.52800000000000        8.62372830731176     
   1.52900000000000        8.52458454080320     
   1.53000000000000        8.42655713054715     
   1.53100000000000        8.32963705319444     
   1.53200000000000        8.23381532626216     
   1.53300000000000        8.13908300148098     
   1.53400000000000        8.22400336973586     
   1.53500000000000        8.12938279687321     
   1.53600000000000        8.03584179881443     
   1.53700000000000        7.94337151008707     
   1.53800000000000        7.85196308987286     
   1.53900000000000        7.76160775191597     
   1.54000000000000        7.67229672946422     
   1.54100000000000        7.58402130781161     
   1.54200000000000        7.49677279846486     
   1.54300000000000        7.41054255613623     
   1.54400000000000        7.32532197050670     
   1.54500000000000        7.24110246679386     
   1.54600000000000        7.15787550880521     
   1.54700000000000        7.07563259799659     
   1.54800000000000        6.99436527297326     
   1.54900000000000        6.91406510826169     
   1.55000000000000        6.83472371443117     
   1.55100000000000        6.75633274132964     
   1.55200000000000        6.67888387646659     
   1.55300000000000        6.74830856553489     
   1.55400000000000        6.67095631307398     
   1.55500000000000        6.59453703404238     
   1.55600000000000        6.51904249994933     
   1.55700000000000        6.44446450884052     
   1.55800000000000        6.37079489888010     
   1.55900000000000        6.29802554458352     
   1.56000000000000        6.22614836008362     
   1.56100000000000        6.15515529308780     
   1.56200000000000        6.08503833009085     
   1.56300000000000        6.01578949326661     
   1.56400000000000        5.94740084329014     
   1.56500000000000        5.87986447882986     
   1.56600000000000        5.81317253191309     
   1.56700000000000        5.74731717507150     
   1.56800000000000        5.68229061630793     
   1.56900000000000        5.61808509991587     
   1.57000000000000        5.55469290885951     
   1.57100000000000        5.61151534718233     
   1.57200000000000        5.54820652916590     
   1.57300000000000        5.48570256830128     
   1.57400000000000        5.42399582472975     
   1.57500000000000        5.36307869513862     
   1.57600000000000        5.30294361195065     
   1.57700000000000        5.24358305079899     
   1.57800000000000        5.18498951561797     
   1.57900000000000        5.12715555347240     
   1.58000000000000        5.07007374912935     
   1.58100000000000        5.01373671945759     
   1.58200000000000        4.95813712240300     
   1.58300000000000        4.90326765208344     
   1.58400000000000        4.84912103907774     
   1.58500000000000        4.79569004974227     
   1.58600000000000        4.74296748991514     
   1.58700000000000        4.69094620081875     
   1.58800000000000        4.63961906419286     
   1.58900000000000        4.58897899424106     
   1.59000000000000        4.63436918703027     
   1.59100000000000        4.58379951458436     
   1.59200000000000        4.53390913959732     
   1.59300000000000        4.48469104935827     
   1.59400000000000        4.43613828261314     
   1.59500000000000        4.38824390364603     
   1.59600000000000        4.34100101587300     
   1.59700000000000        4.29440276684353     
   1.59800000000000        4.24844233001466     
   1.59900000000000        4.20311292289369     
   1.60000000000000        4.15840780136105     
   1.60100000000000        4.11432025406518     
   1.60200000000000        4.07084360815459     
   1.60300000000000        4.02797122713198     
   1.60400000000000        3.98569651351498     
   1.60500000000000        3.94401290585582     
   1.60600000000000        3.90291387947761     
   1.60700000000000        3.86239294731224     
   1.60800000000000        3.89871176088434     
   1.60900000000000        3.85825003272627     
   1.61000000000000        3.81835928421651     
   1.61100000000000        3.77903310740939     
   1.61200000000000        3.74026512851672     
   1.61300000000000        3.70204901473493     
   1.61400000000000        3.66437846431679     
   1.61500000000000        3.62724721964090     
   1.61600000000000        3.59064905287268     
   1.61700000000000        3.55457777918242     
   1.61800000000000        3.51902724704185     
   1.61900000000000        3.48399134493324     
   1.62000000000000        3.44946399466262     
   1.62100000000000        3.41543915841155     
   1.62200000000000        3.38191083420382     
   1.62300000000000        3.34887305833029     
   1.62400000000000        3.31631990173709     
   1.62500000000000        3.28424547386455     
   1.62600000000000        3.31299273910609     
   1.62700000000000        3.28096731338314     
   1.62800000000000        3.24941415221257     
   1.62900000000000        3.21832745994972     
   1.63000000000000        3.18770144643051     
   1.63100000000000        3.15753038352889     
   1.63200000000000        3.12780856419214     
   1.63300000000000        3.09853032382546     
   1.63400000000000        3.06969003686579     
   1.63500000000000        3.04128211150570     
   1.63600000000000        3.01330099411096     
   1.63700000000000        2.98574116863295     
   1.63800000000000        2.95859715674682     
   1.63900000000000        2.93186351541593     
   1.64000000000000        2.90553483802849     
   1.64100000000000        2.87960575727127     
   1.64200000000000        2.85407094336332     
   1.64300000000000        2.82892510080898     
   1.64400000000000        2.80416297303538     
   1.64500000000000        2.82635582269712     
   1.64600000000000        2.80163293668625     
   1.64700000000000        2.77728801302453     
   1.64800000000000        2.75331586751166     
   1.64900000000000        2.72971135832536     
   1.65000000000000        2.70646938528950     
   1.65100000000000        2.68358487463959     
   1.65200000000000        2.66105279817028     
   1.65300000000000        2.63886816322628     
   1.65400000000000        2.61702601297571     
   1.65500000000000        2.59552142538870     
   1.65600000000000        2.57434951855624     
   1.65700000000000        2.55350544787741     
   1.65800000000000        2.53298440508709     
   1.65900000000000        2.51278161741550     
   1.66000000000000        2.49289235081411     
   1.66100000000000        2.47331190895061     
   1.66200000000000        2.45403563259831     
   1.66300000000000        2.47131158851262     
   1.66400000000000        2.45206639254218     
   1.66500000000000        2.43312026264024     
   1.66600000000000        2.41446861457156     
   1.66700000000000        2.39610690687244     
   1.66800000000000        2.37803063062288     
   1.66900000000000        2.36023531363288     
   1.67000000000000        2.34271652295258     
   1.67100000000000        2.32546985947737     
   1.67200000000000        2.30849096567817     
   1.67300000000000        2.29177551743389     
   1.67400000000000        2.27531923035370     
   1.67500000000000        2.25911785399064     
   1.67600000000000        2.24316717684279     
   1.67700000000000        2.22746302606808     
   1.67800000000000        2.21200126266959     
   1.67900000000000        2.19677778560916     
   1.68000000000000        2.18178853352840     
   1.68100000000000        2.16702947908902     
   1.68200000000000        2.18025710278661     
   1.68300000000000        2.16552154028944     
   1.68400000000000        2.15101178218802     
   1.68500000000000        2.13672386734254     
   1.68600000000000        2.12265389875595     
   1.68700000000000        2.10879798993577     
   1.68800000000000        2.09515231239593     
   1.68900000000000        2.08171306296418     
   1.69000000000000        2.06847647811057     
   1.69100000000000        2.05543883065134     
   1.69200000000000        2.04259643510155     
   1.69300000000000        2.02994563836842     
   1.69400000000000        2.01748282416542     
   1.69500000000000        2.00520441571580     
   1.69600000000000        1.99310687273258     
   1.69700000000000        1.98118669025327     
   1.69800000000000        1.96944040354040     
   1.69900000000000        1.95786458232832     
   1.70000000000000        1.96823974023768     
   1.70100000000000        1.95668129263755     
   1.70200000000000        1.94528956884297     
   1.70300000000000        1.93406122222461     
   1.70400000000000        1.92299293279467     
   1.70500000000000        1.91208142970952     
   1.70600000000000        1.90132346567583     
   1.70700000000000        1.89071584215653     
   1.70800000000000        1.88025539227994     
   1.70900000000000        1.86993898492499     
   1.71000000000000        1.85976353013097     
   1.71100000000000        1.84972597195468     
   1.71200000000000        1.83982329345340     
   1.71300000000000        1.83005251281521     
   1.71400000000000        1.82041068461393     
   1.71500000000000        1.81089490473957     
   1.71600000000000        1.80150230331875     
   1.71700000000000        1.79223004738672     
   1.71800000000000        1.80054131820999     
   1.71900000000000        1.79128130452625     
   1.72000000000000        1.78213855450979     
   1.72100000000000        1.77311031075680     
   1.72200000000000        1.76419386037239     
   1.72300000000000        1.75538651883693     
   1.72400000000000        1.74668564495731     
   1.72500000000000        1.73808863099742     
   1.72600000000000        1.72959290650388     
   1.72700000000000        1.72119594077365     
   1.72800000000000        1.71289523806779     
   1.72900000000000        1.70468833998577     
   1.73000000000000        1.69657282530690     
   1.73100000000000        1.68854630925037     
   1.73200000000000        1.68060644548795     
   1.73300000000000        1.67275092353927     
   1.73400000000000        1.66497746849676     
   1.73500000000000        1.65728384781627     
   1.73600000000000        1.64966786120454     
   1.73700000000000        1.65649549754553     
   1.73800000000000        1.64888738877813     
   1.73900000000000        1.64135452924243     
   1.74000000000000        1.63389480020332     
   1.74100000000000        1.62650611867242     
   1.74200000000000        1.61918643422500     
   1.74300000000000        1.61193374133288     
   1.74400000000000        1.60474606456199     
   1.74500000000000        1.59762146769227     
   1.74600000000000        1.59055805386450     
   1.74700000000000        1.58355396072659     
   1.74800000000000        1.57660736364008     
   1.74900000000000        1.56971647464781     
   1.75000000000000        1.56287954453631     
   1.75100000000000        1.55609485977890     
   1.75200000000000        1.54936074263585     
   1.75300000000000        1.54267555485601     
   1.75400000000000        1.53603769394092     
   1.75500000000000        1.54198938672522     
   1.75600000000000        1.53535631452042     
   1.75700000000000        1.52876884303481     
   1.75800000000000        1.52222545305287     
   1.75900000000000        1.51572465153014     
   1.76000000000000        1.50926499215617     
   1.76100000000000        1.50284506041319     
   1.76200000000000        1.49646348000935     
   1.76300000000000        1.49011891244484     
   1.76400000000000        1.48381005625892     
   1.76500000000000        1.47753564612797     
   1.76600000000000        1.47129445453805     
   1.76700000000000        1.46508528991500     
   1.76800000000000        1.45890699963188     
   1.76900000000000        1.45275846653278     
   1.77000000000000        1.44663861091829     
   1.77100000000000        1.44054638994005     
   1.77200000000000        1.43448079983450     
   1.77300000000000        1.42844086971635     
   1.77400000000000        1.43385723908028     
   1.77500000000000        1.42781989648471     
   1.77600000000000        1.42180719820782     
   1.77700000000000        1.41581823902860     
   1.77800000000000        1.40985217693675     
   1.77900000000000        1.40390818801724     
   1.78000000000000        1.39798549692489     
   1.78100000000000        1.39208336051855     
   1.78200000000000        1.38620107290320     
   1.78300000000000        1.38033796689037     
   1.78400000000000        1.37449341093513     
   1.78500000000000        1.36866681215447     
   1.78600000000000        1.36285761204236     
   1.78700000000000        1.35706529113583     
   1.78800000000000        1.35128936793373     
   1.78900000000000        1.34552939611175     
   1.79000000000000        1.33978496604791     
   1.79100000000000        1.33405570811668     
   1.79200000000000        1.33919388871439     
   1.79300000000000        1.33346617906892     
   1.79400000000000        1.32775326524566     
   1.79500000000000        1.32205486837977     
   1.79600000000000        1.31637072114990     
   1.79700000000000        1.31070061090926     
   1.79800000000000        1.30504435099729     
   1.79900000000000        1.29940179828290     
   1.80000000000000        1.29377284366017     
   1.80100000000000        1.28815741712716     
   1.80200000000000        1.28255548135660     
   1.80300000000000        1.27696702018414     
   1.80400000000000        1.27139202005682     
   1.80500000000000        1.26583046602338     
   1.80600000000000        1.26028234366247     
   1.80700000000000        1.25474763803008     
   1.80800000000000        1.24922633484586     
   1.80900000000000        1.24371841903476     
   1.81000000000000        1.24865814972342     
   1.81100000000000        1.24315161238481     
   1.81200000000000        1.23765844625421     
   1.81300000000000        1.23217863858601     
   1.81400000000000        1.22671216972807     
   1.81500000000000        1.22125903143968     
   1.81600000000000        1.21581920377072     
   1.81700000000000        1.21039267546207     
   1.81800000000000        1.20497942957023     
   1.81900000000000        1.19957945151988     
   1.82000000000000        1.19419272810036     
   1.82100000000000        1.18881924358692     
   1.82200000000000        1.18345898283218     
   1.82300000000000        1.17811193131127     
   1.82400000000000        1.17277807420070     
   1.82500000000000        1.16745739721366     
   1.82600000000000        1.16214988426739     
   1.82700000000000        1.15685552199768     
   1.82800000000000        1.15157429442198     
   1.82900000000000        1.15631070790203     
   1.83000000000000        1.15103083262506     
   1.83100000000000        1.14576407596415     
   1.83200000000000        1.14051042487443     
   1.83300000000000        1.13526986003976     
   1.83400000000000        1.13004237211962     
   1.83500000000000        1.12482794151862     
   1.83600000000000        1.11962655526600     
   1.83700000000000        1.11443819884211     
   1.83800000000000        1.10926285686169     
   1.83900000000000        1.10410051409019     
   1.84000000000000        1.09895115528506     
   1.84100000000000        1.09381476588261     
   1.84200000000000        1.08869133122708     
   1.84300000000000        1.08358083585796     
   1.84400000000000        1.07848326560255     
   1.84500000000000        1.07339860450262     
   1.84600000000000        1.06832683697926     
   1.84700000000000        1.07287538593882     
   1.84800000000000        1.06780494543416     
   1.84900000000000        1.06274738423985     
   1.85000000000000        1.05770268733643     
   1.85100000000000        1.05267083541283     
   1.85200000000000        1.04765181801821     
   1.85300000000000        1.04264561806169     
   1.85400000000000        1.03765222133914     
   1.85500000000000        1.03267161108280     
   1.85600000000000        1.02770377349949     
   1.85700000000000        1.02274869313501     
   1.85800000000000        1.01780635529343     
   1.85900000000000        1.01287674483485     
   1.86000000000000        1.00795984559596     
   1.86100000000000        1.00305564445521     
   1.86200000000000       0.998164124328882     
   1.86300000000000       0.993285270879531     
   1.86400000000000       0.988419069126356     
   1.86500000000000       0.983565503686754     
   1.86600000000000       0.987918346332454     
   1.86700000000000       0.983066082270049     
   1.86800000000000       0.978226437569108     
   1.86900000000000       0.973399397727989     
   1.87000000000000       0.968584946797667     
   1.87100000000000       0.963783070324947     
   1.87200000000000       0.958993752688926     
   1.87300000000000       0.954216978909047     
   1.87400000000000       0.949452733702573     
   1.87500000000000       0.944701001947854     
   1.87600000000000       0.939961768390722     
   1.87700000000000       0.935235017857225     
   1.87800000000000       0.930520735102168     
   1.87900000000000       0.925818904902461     
   1.88000000000000       0.921129512079514     
   1.88100000000000       0.916452541388417     
   1.88200000000000       0.911787977586865     
   1.88300000000000       0.907135805550357     
   1.88400000000000       0.911308018817824     
   1.88500000000000       0.906657122884214     
   1.88600000000000       0.902018601734503     
   1.88700000000000       0.897392440225914     
   1.88800000000000       0.892778623079111     
   1.88900000000000       0.888177135131696     
   1.89000000000000       0.883587961006027     
   1.89100000000000       0.879011085573217     
   1.89200000000000       0.874446493396427     
   1.89300000000000       0.869894169454229     
   1.89400000000000       0.865354098451051     
   1.89500000000000       0.860826264944215     
   1.89600000000000       0.856310653795355     
   1.89700000000000       0.851807249602280     
   1.89800000000000       0.847316037238222     
   1.89900000000000       0.842837001348500     
   1.90000000000000       0.838370126684583     
   1.90100000000000       0.833915397900445     
   1.90200000000000       0.829472799860739     
   1.90300000000000       0.833457046831729     
   1.90400000000000       0.829015698091678     
   1.90500000000000       0.824586462896306     
   1.90600000000000       0.820169326225345     
   1.90700000000000       0.815764272974721     
   1.90800000000000       0.811371287334701     
   1.90900000000000       0.806990354573932     
   1.91000000000000       0.802621459042713     
   1.91100000000000       0.798264585591108     
   1.91200000000000       0.793919718850386     
   1.91300000000000       0.789586843623645     
   1.91400000000000       0.785265944672295     
   1.91500000000000       0.780957006540887     
   1.91600000000000       0.776660013927515     
   1.91700000000000       0.772374951580682     
   1.91800000000000       0.768101804213026     
   1.91900000000000       0.763840556611753     
   1.92000000000000       0.759591193323588     
   1.92100000000000       0.763402129082669     
   1.92200000000000       0.759153989467954     
   1.92300000000000       0.754917717561322     
   1.92400000000000       0.750693297681436     
   1.92500000000000       0.746480714996951     
   1.92600000000000       0.742279953898048     
   1.92700000000000       0.738090998947354     
   1.92800000000000       0.733913835203089     
   1.92900000000000       0.729748447150714     
   1.93000000000000       0.725594819556799     
   1.93100000000000       0.721452937337069     
   1.93200000000000       0.717322784963089     
   1.93300000000000       0.713204347007365     
   1.93400000000000       0.709097608533431     
   1.93500000000000       0.705002554149716     
   1.93600000000000       0.700919168628715     
   1.93700000000000       0.696847436343225     
   1.93800000000000       0.692787342414512     
   1.93900000000000       0.696428523338186     
   1.94000000000000       0.692369628085609     
   1.94100000000000       0.688322353731801     
   1.94200000000000       0.684286685689320     
   1.94300000000000       0.680262608411715     
   1.94400000000000       0.676250106837761     
   1.94500000000000       0.672249165450984     
   1.94600000000000       0.668259769103173     
   1.94700000000000       0.664281902682010     
   1.94800000000000       0.660315550868491     
   1.94900000000000       0.656360698119057     
   1.95000000000000       0.652417329545622     
   1.95100000000000       0.648485429813457     
   1.95200000000000       0.644564983635606     
   1.95300000000000       0.640655975837894     
   1.95400000000000       0.636758391107347     
   1.95500000000000       0.632872214316280     
   1.95600000000000       0.628997430266266     
   1.95700000000000       0.625134023490804     
   1.95800000000000       0.628598797445572     
   1.95900000000000       0.624736561967280     
   1.96000000000000       0.620885687622124     
   1.96100000000000       0.617046158603914     
   1.96200000000000       0.613217959916891     
   1.96300000000000       0.609401076300199     
   1.96400000000000       0.605595492502181     
   1.96500000000000       0.601801193342577     
   1.96600000000000       0.598018163896727     
   1.96700000000000       0.594246388672403     
   1.96800000000000       0.590485852618313     
   1.96900000000000       0.586736540664924     
   1.97000000000000       0.582998437444640     
   1.97100000000000       0.579271527996638     
   1.97200000000000       0.575555797116619     
   1.97300000000000       0.571851229588567     
   1.97400000000000       0.568157810421393     
   1.97500000000000       0.564475524404008     
   1.97600000000000       0.567777852452225     
   1.97700000000000       0.564096712794037     
   1.97800000000000       0.560426689564889     
   1.97900000000000       0.556767767773615     
   1.98000000000000       0.553119932124995     
   1.98100000000000       0.549483167686167     
   1.98200000000000       0.545857459330772     
   1.98300000000000       0.542242791798309     
   1.98400000000000       0.538639150402141     
   1.98500000000000       0.535046519724147     
   1.98600000000000       0.531464884857039     
   1.98700000000000       0.527894230724908     
   1.98800000000000       0.524334542192423     
   1.98900000000000       0.520785804286825     
   1.99000000000000       0.517248002083236     
   1.99100000000000       0.513721120370403     
   1.99200000000000       0.510205144193338     
   1.99300000000000       0.506700058581246     
   1.99400000000000       0.503205848528310     
   1.99500000000000       0.506339492879162     
   1.99600000000000       0.502846402758729     
   1.99700000000000       0.499364171433354     
   1.99800000000000       0.495892784456870     
   1.99900000000000       0.492432226267136     
   2.00000000000000       0.488982482407052     
   2.00100000000000       0.485543537449484     
   2.00200000000000       0.482115376937946     
   2.00300000000000       0.478697985618238     
   2.00400000000000       0.475291348674995     
   2.00500000000000       0.471895451156818     
   2.00600000000000       0.468510278223724     
   2.00700000000000       0.465135814821427     
   2.00800000000000       0.461772046206812     
   2.00900000000000       0.458418957483891     
   2.01000000000000       0.455076533825843     
   2.01100000000000       0.451744760274231     
   2.01200000000000       0.448423622024266     
   2.01300000000000       0.451402040092521     
   2.01400000000000       0.448081996763039     
   2.01500000000000       0.444772572759586     
   2.01600000000000       0.441473752521171     
   2.01700000000000       0.438185521829883     
   2.01800000000000       0.434907865576066     
   2.01900000000000       0.431640769086749     
   2.02000000000000       0.428384217623408     
   2.02100000000000       0.425138196144945     
   2.02200000000000       0.421902690338019     
   2.02300000000000       0.418677685088498     
   2.02400000000000       0.415463165728134     
   2.02500000000000       0.412259117776222     
   2.02600000000000       0.409065526302808     
   2.02700000000000       0.405882376551422     
   2.02800000000000       0.402709653957630     
   2.02900000000000       0.399547343753573     
   2.03000000000000       0.396395431361771     
   2.03100000000000       0.399222072704840     
   2.03200000000000       0.396071230462114     
   2.03300000000000       0.392930771009862     
   2.03400000000000       0.389800677642096     
   2.03500000000000       0.386680937282545     
   2.03600000000000       0.383571534243429     
   2.03700000000000       0.380472454676305     
   2.03800000000000       0.377383683617457     
   2.03900000000000       0.374305206598525     
   2.04000000000000       0.371237009069993     
   2.04100000000000       0.368179076436336     
   2.04200000000000       0.365131394268057     
   2.04300000000000       0.362093947943177     
   2.04400000000000       0.359066723026093     
   2.04500000000000       0.356049705004728     
   2.04600000000000       0.353042879378772     
   2.04700000000000       0.350046231646384     
   2.04800000000000       0.347059747465740     
   2.04900000000000       0.344083412451461     
   2.05000000000000       0.346752579985522     
   2.05100000000000       0.343777290298774     
   2.05200000000000       0.340812133089118     
   2.05300000000000       0.337857095186153     
   2.05400000000000       0.334912161443833     
   2.05500000000000       0.331977317741240     
   2.05600000000000       0.329052549669478     
   2.05700000000000       0.326137842798027     
   2.05800000000000       0.323233183006476     
   2.05900000000000       0.320338555923064     
   2.06000000000000       0.317453947187092     
   2.06100000000000       0.314579342448249     
   2.06200000000000       0.311714727657313     
   2.06300000000000       0.308860088371213     
   2.06400000000000       0.306015410262884     
   2.06500000000000       0.303180679379419     
   2.06600000000000       0.300355881486381     
   2.06700000000000       0.297541002278981     
   2.06800000000000       0.300065362001034     
   2.06900000000000       0.297251504379616     
   2.07000000000000       0.294447549088642     
   2.07100000000000       0.291653483315296     
   2.07200000000000       0.288869291994930     
   2.07300000000000       0.286094961455186     
   2.07400000000000       0.283330477468328     
   2.07500000000000       0.280575825869529     
   2.07600000000000       0.277830992700536     
   2.07700000000000       0.275095963874294     
   2.07800000000000       0.272370725396767     
   2.07900000000000       0.269655263439172     
   2.08000000000000       0.266949562459215     
   2.08100000000000       0.264253604797593     
   2.08200000000000       0.261567371651266     
   2.08300000000000       0.258890844292825     
   2.08400000000000       0.256224004070911     
   2.08500000000000       0.253566832106764     
   2.08600000000000       0.250919309743476     
   2.08700000000000       0.253293570723044     
   2.08800000000000       0.250647041648611     
   2.08900000000000       0.248010141467232     
   2.09000000000000       0.245382851813327     
   2.09100000000000       0.242765153146052     
   2.09200000000000       0.240157027650628     
   2.09300000000000       0.237558456021593     
   2.09400000000000       0.234969419642706     
   2.09500000000000       0.232389900043224     
   2.09600000000000       0.229819878364835     
   2.09700000000000       0.227259335774331     
   2.09800000000000       0.224708253773691     
   2.09900000000000       0.222166613640719     
   2.10000000000000       0.219634396509935     
   2.10100000000000       0.217111583882339     
   2.10200000000000       0.214598156902518     
   2.10300000000000       0.212094096947040     
   2.10400000000000       0.209599385424510     
   2.10500000000000       0.211836595834259     
   2.10600000000000       0.209342846776818     
   2.10700000000000       0.206858424962039     
   2.10800000000000       0.204383312538331     
   2.10900000000000       0.201917490254965     
   2.11000000000000       0.199460939730635     
   2.11100000000000       0.197013642312479     
   2.11200000000000       0.194575579226739     
   2.11300000000000       0.192146731880986     
   2.11400000000000       0.189727081619682     
   2.11500000000000       0.187316609770689     
   2.11600000000000       0.184915297617026     
   2.11700000000000       0.182523126612137     
   2.11800000000000       0.180140078107864     
   2.11900000000000       0.177766133304241     
   2.12000000000000       0.175401273745935     
   2.12100000000000       0.173045480744044     
   2.12200000000000       0.170698735752461     
   2.12300000000000       0.172803240799243     
   2.12400000000000       0.170457427274314     
   2.12500000000000       0.168120640846803     
   2.12600000000000       0.165792863136495     
   2.12700000000000       0.163474075841173     
   2.12800000000000       0.161164260024896     
   2.12900000000000       0.158863397052385     
   2.13000000000000       0.156571468683466     
   2.13100000000000       0.154288455892988     
   2.13200000000000       0.152014340303119     
   2.13300000000000       0.149749103265429     
   2.13400000000000       0.147492726298495     
   2.13500000000000       0.145245190768978     
   2.13600000000000       0.143006478196454     
   2.13700000000000       0.140776569895298     
   2.13800000000000       0.138555447432733     
   2.13900000000000       0.136343092131604     
   2.14000000000000       0.134139485414358     
   2.14100000000000       0.131944608884263     
   2.14200000000000       0.133912909668490     
   2.14300000000000       0.131718931666050     
   2.14400000000000       0.129533663491941     
   2.14500000000000       0.127357086097091     
   2.14600000000000       0.125189181793352     
   2.14700000000000       0.123029931134983     
   2.14800000000000       0.120879316291441     
   2.14900000000000       0.118737318490075     
   2.15000000000000       0.116603919263655     
   2.15100000000000       0.114479100160102     
   2.15200000000000       0.112362842552963     
   2.15300000000000       0.110255128063983     
   2.15400000000000       0.108155938316468     
   2.15500000000000       0.106065254572693     
   2.15600000000000       0.103983058610564     
   2.15700000000000       0.101909331855881     
   2.15800000000000       9.984405594352756E-002
   2.15900000000000       9.778721239782900E-002
   2.16000000000000       9.963171762252090E-002
   2.16100000000000       9.757574201564552E-002
   2.16200000000000       9.552817821688744E-002
   2.16300000000000       9.348900789163776E-002
   2.16400000000000       9.145821289296166E-002
   2.16500000000000       8.943577452614740E-002
   2.16600000000000       8.742167449090218E-002
   2.16700000000000       8.541589442763819E-002
   2.16800000000000       8.341841575912423E-002
   2.16900000000000       8.142922014927303E-002
   2.17000000000000       7.944828928376399E-002
   2.17100000000000       7.747560478493151E-002
   2.17200000000000       7.551114825049907E-002
   2.17300000000000       7.355490132337598E-002
   2.17400000000000       7.160684564669145E-002
   2.17500000000000       6.966696282262162E-002
   2.17600000000000       6.773523453247851E-002
   2.17700000000000       6.581164249884877E-002
   2.17800000000000       6.389616836521436E-002
   2.17900000000000       6.561388625143978E-002
   2.18000000000000       6.369924764448233E-002
   2.18100000000000       6.179270658224281E-002
   2.18200000000000       5.989424495335111E-002
   2.18300000000000       5.800384435258259E-002
   2.18400000000000       5.612148651062238E-002
   2.18500000000000       5.424715313928739E-002
   2.18600000000000       5.238082596084120E-002
   2.18700000000000       5.052248668992766E-002
   2.18800000000000       4.867211705663662E-002
   2.18900000000000       4.682969879463366E-002
   2.19000000000000       4.499521368130136E-002
   2.19100000000000       4.316864345783297E-002
   2.19200000000000       4.134996986288187E-002
   2.19300000000000       3.953917470043219E-002
   2.19400000000000       3.773623975730136E-002
   2.19500000000000       3.594114679504531E-002
   2.19600000000000       3.415387761989221E-002
   2.19700000000000       3.575661512806357E-002
   2.19800000000000       3.397015114231983E-002
   2.19900000000000       3.219149085100358E-002
   2.20000000000000       3.042061609838567E-002
   2.20100000000000       2.865750873381496E-002
   2.20200000000000       2.690215050732995E-002
   2.20300000000000       2.515452335507421E-002
   2.20400000000000       2.341460904291238E-002
   2.20500000000000       2.168238948806393E-002
   2.20600000000000       1.995784650981617E-002
   2.20700000000000       1.824096201026584E-002
   2.20800000000000       1.653171787337945E-002
   2.20900000000000       1.483009596174770E-002
   2.21000000000000       1.313607819011183E-002
   2.21100000000000       1.144964647298275E-002
   2.21200000000000       9.770782724652960E-003
   2.21300000000000       8.099468884093713E-003
   2.21400000000000       6.435686874060434E-003
   2.21500000000000       7.927675532271533E-003
   2.21600000000000       6.264668625931356E-003
   2.21700000000000       4.609173612801108E-003
   2.21800000000000       2.961172473888423E-003
   2.21900000000000       1.320647170312063E-003
   2.22000000000000      -3.124203148463761E-004
   2.22100000000000      -1.938048023642328E-003
   2.22200000000000      -3.556253943408545E-003
   2.22300000000000      -5.167056078354116E-003
   2.22400000000000      -6.770472431481247E-003
   2.22500000000000      -8.366520959003637E-003
   2.22600000000000      -9.955219652562221E-003
   2.22700000000000      -1.153658648114117E-002
   2.22800000000000      -1.311063936732498E-002
   2.22900000000000      -1.467739626066785E-002
   2.23000000000000      -1.623687512050775E-002
   2.23100000000000      -1.778909385453017E-002
   2.23200000000000      -1.933407036615838E-002
   2.23300000000000      -2.087182256439270E-002
   2.23400000000000      -1.949286266803120E-002
   2.23500000000000      -2.102987146563336E-002
   2.23600000000000      -2.255967565632547E-002
   2.23700000000000      -2.408229318497492E-002
   2.23800000000000      -2.559774187865443E-002
   2.23900000000000      -2.710603958978682E-002
   2.24000000000000      -2.860720423406960E-002
   2.24100000000000      -3.010125361531641E-002
   2.24200000000000      -3.158820556939110E-002
   2.24300000000000      -3.306807790792324E-002
   2.24400000000000      -3.454088844705369E-002
   2.24500000000000      -3.600665501125400E-002
   2.24600000000000      -3.746539536821403E-002
   2.24700000000000      -3.891712731693978E-002
   2.24800000000000      -4.036186861891774E-002
   2.24900000000000      -4.179963703202441E-002
   2.25000000000000      -4.323045031721660E-002
   2.25100000000000      -4.465432620784677E-002
   2.25200000000000      -4.337749491578857E-002
   2.25300000000000      -4.480065692963380E-002
   2.25400000000000      -4.621690113669480E-002
   2.25500000000000      -4.762624521873825E-002
   2.25600000000000      -4.902870687581518E-002
   2.25700000000000      -5.042430382956670E-002
   2.25800000000000      -5.181305376446678E-002
   2.25900000000000      -5.319497433359057E-002
   2.26000000000000      -5.457008321613227E-002
   2.26100000000000      -5.593839806746989E-002
   2.26200000000000      -5.729993653872987E-002
   2.26300000000000      -5.865471624560629E-002
   2.26400000000000      -6.000275480875734E-002
   2.26500000000000      -6.134406985994147E-002
   2.26600000000000      -6.267867897350084E-002
   2.26700000000000      -6.400659975714232E-002
   2.26800000000000      -6.532784978490890E-002
   2.26900000000000      -6.664244662055496E-002
   2.27000000000000      -6.795040781144207E-002
   2.27100000000000      -6.677753275969669E-002
   2.27200000000000      -6.808481116669036E-002
   2.27300000000000      -6.938547330443164E-002
   2.27400000000000      -7.067953667650687E-002
   2.27500000000000      -7.196701883283227E-002
   2.27600000000000      -7.324793724138132E-002
   2.27700000000000      -7.452230944273189E-002
   2.27800000000000      -7.579015290051833E-002
   2.27900000000000      -7.705148510553639E-002
   2.28000000000000      -7.830632350141684E-002
   2.28100000000000      -7.955468555328596E-002
   2.28200000000000      -8.079658869725381E-002
   2.28300000000000      -8.203205036821050E-002
   2.28400000000000      -8.326108798025159E-002
   2.28500000000000      -8.448371893669912E-002
   2.28600000000000      -8.569996064890666E-002
   2.28700000000000      -8.690983048381755E-002
   2.28800000000000      -8.811334581777280E-002
   2.28900000000000      -8.703414092775844E-002
   2.29000000000000      -8.823700245115261E-002
   2.29100000000000      -8.943352861562832E-002
   2.29200000000000      -9.062373677283336E-002
   2.29300000000000      -9.180764427860083E-002
   2.29400000000000      -9.298526841550080E-002
   2.29500000000000      -9.415662653170152E-002
   2.29600000000000      -9.532173590832461E-002
   2.29700000000000      -9.648061383764860E-002
   2.29800000000000      -9.763327758736827E-002
   2.29900000000000      -9.877974443641212E-002
   2.30000000000000      -9.992003162464420E-002
   2.30100000000000      -0.101054156373092     
   2.30200000000000      -0.102182135947523     
   2.30300000000000      -0.103303987643468     
   2.30400000000000      -0.104419728481482     
   2.30500000000000      -0.105529375732387     
   2.30600000000000      -0.106632946666162     
   2.30700000000000      -0.107730458288133     
   2.30800000000000      -0.106746320262045     
   2.30900000000000      -0.107843208469557     
   2.31000000000000      -0.108934056377047     
   2.31100000000000      -0.110018881115149     
   2.31200000000000      -0.111097699919091     
   2.31300000000000      -0.112170529714901     
   2.31400000000000      -0.113237387687712     
   2.31500000000000      -0.114298291005364     
   2.31600000000000      -0.115353256551213     
   2.31700000000000      -0.116402301651159     
   2.31800000000000      -0.117445443181620     
   2.31900000000000      -0.118482698195842     
   2.32000000000000      -0.119514083835948     
   2.32100000000000      -0.120539616962450     
   2.32200000000000      -0.121559314737368     
   2.32300000000000      -0.122573194019518     
   2.32400000000000      -0.123581271844978     
   2.32500000000000      -0.124583565236848     
   2.32600000000000      -0.123684820917389     
   2.32700000000000      -0.124686519126298     
   2.32800000000000      -0.125682451738750     
   2.32900000000000      -0.126672635179282     
   2.33000000000000      -0.127657086966725     
   2.33100000000000      -0.128635823593648     
   2.33200000000000      -0.129608862181681     
   2.33300000000000      -0.130576219545395     
   2.33400000000000      -0.131537912586671     
   2.33500000000000      -0.132493958161055     
   2.33600000000000      -0.133444373115114     
   2.33700000000000      -0.134389174239420     
   2.33800000000000      -0.135328378357790     
   2.33900000000000      -0.136262002379402     
   2.34000000000000      -0.137190063058462     
   2.34100000000000      -0.138112577206531     
   2.34200000000000      -0.139029561509229     
   2.34300000000000      -0.139941032810926     
   2.34400000000000      -0.139123739159884     
   2.34500000000000      -0.140034643325786     
   2.34600000000000      -0.140940052959318     
   2.34700000000000      -0.141839984595570     
   2.34800000000000      -0.142734455239899     
   2.34900000000000      -0.143623481587347     
   2.35000000000000      -0.144507079891077     
   2.35100000000000      -0.145385267540448     
   2.35200000000000      -0.146258060539026     
   2.35300000000000      -0.147125476010508     
   2.35400000000000      -0.147987530319159     
   2.35500000000000      -0.148844240255874     
   2.35600000000000      -0.149695622300749     
   2.35700000000000      -0.150541693149542     
   2.35800000000000      -0.151382469293142     
   2.35900000000000      -0.152217967444721     
   2.36000000000000      -0.153048204024709     
   2.36100000000000      -0.153873195708065     
   2.36200000000000      -0.154692958952622     
   2.36300000000000      -0.153957910148455     
   2.36400000000000      -0.154777135531285     
   2.36500000000000      -0.155591150755900     
   2.36600000000000      -0.156399972199199     
   2.36700000000000      -0.157203616539071     
   2.36800000000000      -0.158002100036646     
   2.36900000000000      -0.158795439327009     
   2.37000000000000      -0.159583650754124     
   2.37100000000000      -0.160366750860623     
   2.37200000000000      -0.161144756030756     
   2.37300000000000      -0.161917682669530     
   2.37400000000000      -0.162685547128467     
   2.37500000000000      -0.163448365822647     
   2.37600000000000      -0.164206155147358     
   2.37700000000000      -0.164958931458385     
   2.37800000000000      -0.165706711087053     
   2.37900000000000      -0.166449510309645     
   2.38000000000000      -0.167187345523419     
   2.38100000000000      -0.166525770219135     
   2.38200000000000      -0.167263094736635     
   2.38300000000000      -0.167995473456799     
   2.38400000000000      -0.168722922069493     
   2.38500000000000      -0.169445457499821     
   2.38600000000000      -0.170163095384935     
   2.38700000000000      -0.170875852598996     
   2.38800000000000      -0.171583744748538     
   2.38900000000000      -0.172286788564426     
   2.39000000000000      -0.172984999967424     
   2.39100000000000      -0.173678395274052     
   2.39200000000000      -0.174366990578019     
   2.39300000000000      -0.175050802018266     
   2.39400000000000      -0.175729845775250     
   2.39500000000000      -0.176404138176175     
   2.39600000000000      -0.177073695073875     
   2.39700000000000      -0.177738532667729     
   2.39800000000000      -0.178398667068124     
   2.39900000000000      -0.179054114318354     
   2.40000000000000      -0.178466424498048     
   2.40100000000000      -0.179121389528538     
   2.40200000000000      -0.179771685529280     
   2.40300000000000      -0.180417327865474     
   2.40400000000000      -0.181058333200741     
   2.40500000000000      -0.181694717001637     
   2.40600000000000      -0.182326495676465     
   2.40700000000000      -0.182953685005105     
   2.40800000000000      -0.183576301090949     
   2.40900000000000      -0.184194359755229     
   2.41000000000000      -0.184807877061756     
   2.41100000000000      -0.185416868921055     
   2.41200000000000      -0.186021351277499     
   2.41300000000000      -0.186621340076872     
   2.41400000000000      -0.187216851165008     
   2.41500000000000      -0.187807900456364     
   2.41600000000000      -0.188394503794274     
   2.41700000000000      -0.188976677003459     
   2.41800000000000      -0.188454698558859     
   2.41900000000000      -0.189036416420731     
   2.42000000000000      -0.189613721064047     
   2.42100000000000      -0.190186629359703     
   2.42200000000000      -0.190755156536486     
   2.42300000000000      -0.191319318687220     
   2.42400000000000      -0.191879131257980     
   2.42500000000000      -0.192434610172054     
   2.42600000000000      -0.192985771208631     
   2.42700000000000      -0.193532630179790     
   2.42800000000000      -0.194075202750516     
   2.42900000000000      -0.194613504583336     
   2.43000000000000      -0.195147551451919     
   2.43100000000000      -0.195677359033037     
   2.43200000000000      -0.196202942922252     
   2.43300000000000      -0.196724318742702     
   2.43400000000000      -0.197241502275392     
   2.43500000000000      -0.197754509146202     
   2.43600000000000      -0.197294558231938     
   2.43700000000000      -0.197807135489540     
   2.43800000000000      -0.198315553470540     
   2.43900000000000      -0.198819827335333     
   2.44000000000000      -0.199319972934351     
   2.44100000000000      -0.199816005880185     
   2.44200000000000      -0.200307941588825     
   2.44300000000000      -0.200795795765762     
   2.44400000000000      -0.201279583652845     
   2.44500000000000      -0.201759320967714     
   2.44600000000000      -0.202235023266511     
   2.44700000000000      -0.202706705859321     
   2.44800000000000      -0.203174384452083     
   2.44900000000000      -0.203638074228576     
   2.45000000000000      -0.204097790759435     
   2.45100000000000      -0.204553549528984     
   2.45200000000000      -0.205005365847358     
   2.45300000000000      -0.205453255282981     
   2.45400000000000      -0.205897233025198     
   2.45500000000000      -0.205499185790523     
   2.45600000000000      -0.205942761433388     
   2.45700000000000      -0.206382440826336     
   2.45800000000000      -0.206818238396076     
   2.45900000000000      -0.207250166973801     
   2.46000000000000      -0.207678239877174     
   2.46100000000000      -0.208102470487175     
   2.46200000000000      -0.208522872151195     
   2.46300000000000      -0.208939458196041     
   2.46400000000000      -0.209352241810274     
   2.46500000000000      -0.209761236161527     
   2.46600000000000      -0.210166454566674     
   2.46700000000000      -0.210567910189568     
   2.46800000000000      -0.210965616245097     
   2.46900000000000      -0.211359585864461     
   2.47000000000000      -0.211749832223786     
   2.47100000000000      -0.212136368381493     
   2.47200000000000      -0.212519207443093     
   2.47300000000000      -0.212175988913623     
   2.47400000000000      -0.212558447716538     
   2.47500000000000      -0.212937223981470     
   2.47600000000000      -0.213312330322656     
   2.47700000000000      -0.213683780497580     
   2.47800000000000      -0.214051586828708     
   2.47900000000000      -0.214415762582518     
   2.48000000000000      -0.214776320667475     
   2.48100000000000      -0.215133274274574     
   2.48200000000000      -0.215486635925998     
   2.48300000000000      -0.215836418789345     
   2.48400000000000      -0.216182635650864     
   2.48500000000000      -0.216525299479853     
   2.48600000000000      -0.216864423072863     
   2.48700000000000      -0.217200019157729     
   2.48800000000000      -0.217532100560990     
   2.48900000000000      -0.217860680165599     
   2.49000000000000      -0.218185770543539     
   2.49100000000000      -0.218507384660704     
   2.49200000000000      -0.218219071825415     
   2.49300000000000      -0.218540328618656     
   2.49400000000000      -0.218858122746042     
   2.49500000000000      -0.219172467388144     
   2.49600000000000      -0.219483374993257     
   2.49700000000000      -0.219790858171144     
   2.49800000000000      -0.220094929914027     
   2.49900000000000      -0.220395602310970     
   2.50000000000000      -0.220692888287126     
   2.50100000000000      -0.220986800227717     
   2.50200000000000      -0.221277350867762     
   2.50300000000000      -0.221564552617557     
   2.50400000000000      -0.221848417892899     
   2.50500000000000      -0.222128959302203     
   2.50600000000000      -0.222406189305162     
   2.50700000000000      -0.222680120381291     
   2.50800000000000      -0.222950764772227     
   2.50900000000000      -0.223218134976260     
   2.51000000000000      -0.222978467068490     
   2.51100000000000      -0.223245500917611     
   2.51200000000000      -0.223509273568057     
   2.51300000000000      -0.223769798688591     
   2.51400000000000      -0.224027087618328     
   2.51500000000000      -0.224281153044949     
   2.51600000000000      -0.224532007233124     
   2.51700000000000      -0.224779662404039     
   2.51800000000000      -0.225024130930928     
   2.51900000000000      -0.225265424854838     
   2.52000000000000      -0.225503556534144     
   2.52100000000000      -0.225738537986417     
   2.52200000000000      -0.225970381519480     
   2.52300000000000      -0.226199099319876     
   2.52400000000000      -0.226424703297128     
   2.52500000000000      -0.226647205743237     
   2.52600000000000      -0.226866618630693     
   2.52700000000000      -0.227082953957669     
   2.52800000000000      -0.226889053251289     
   2.52900000000000      -0.227105071848617     
   2.53000000000000      -0.227318026936807     
   2.53100000000000      -0.227527929390942     
   2.53200000000000      -0.227734791874600     
   2.53300000000000      -0.227938625903674     
   2.53400000000000      -0.228139443747104     
   2.53500000000000      -0.228337257347323     
   2.53600000000000      -0.228532078388654     
   2.53700000000000      -0.228723918840228     
   2.53800000000000      -0.228912790541054     
   2.53900000000000      -0.229098705414263     
   2.54000000000000      -0.229281675263624     
   2.54100000000000      -0.229461711767839     
   2.54200000000000      -0.229638826980897     
   2.54300000000000      -0.229813032379401     
   2.54400000000000      -0.229984339776171     
   2.54500000000000      -0.230152760963410     
   2.54600000000000      -0.230318307539969     
   2.54700000000000      -0.230169952518711     
   2.54800000000000      -0.230335203455417     
   2.54900000000000      -0.230497592883004     
   2.55000000000000      -0.230657132028855     
   2.55100000000000      -0.230813832960303     
   2.55200000000000      -0.230967706888643     
   2.55300000000000      -0.231118765682034     
   2.55400000000000      -0.231267020781976     
   2.55500000000000      -0.231412483772749     
   2.55600000000000      -0.231555166170993     
   2.55700000000000      -0.231695079319830     
   2.55800000000000      -0.231832234937144     
   2.55900000000000      -0.231966644330169     
   2.56000000000000      -0.232098318988354     
   2.56100000000000      -0.232227270422803     
   2.56200000000000      -0.232353509816980     
   2.56300000000000      -0.232477048626955     
   2.56400000000000      -0.232597898253475     
   2.56500000000000      -0.232489625604870     
   2.56600000000000      -0.232610198985835     
   2.56700000000000      -0.232728095180670     
   2.56800000000000      -0.232843326162910     
   2.56900000000000      -0.232955903106901     
   2.57000000000000      -0.233065837116987     
   2.57100000000000      -0.233173139458009     
   2.57200000000000      -0.233277821435956     
   2.57300000000000      -0.233379894184941     
   2.57400000000000      -0.233479368976827     
   2.57500000000000      -0.233576256801325     
   2.57600000000000      -0.233670568999376     
   2.57700000000000      -0.233762316417804     
   2.57800000000000      -0.233851510429389     
   2.57900000000000      -0.233938161966517     
   2.58000000000000      -0.234022282076093     
   2.58100000000000      -0.234103881872037     
   2.58200000000000      -0.234182972251237     
   2.58300000000000      -0.234259564213796     
   2.58400000000000      -0.234190980129872     
   2.58500000000000      -0.234267315028076     
   2.58600000000000      -0.234341164165808     
   2.58700000000000      -0.234412537630090     
   2.58800000000000      -0.234481446751883     
   2.58900000000000      -0.234547902489100     
   2.59000000000000      -0.234611915457956     
   2.59100000000000      -0.234673496792959     
   2.59200000000000      -0.234732657071783     
   2.59300000000000      -0.234789407248053     
   2.59400000000000      -0.234843758108685     
   2.59500000000000      -0.234895720465981     
   2.59600000000000      -0.234945304941823     
   2.59700000000000      -0.234992522368440     
   2.59800000000000      -0.235037383508862     
   2.59900000000000      -0.235079898891328     
   2.60000000000000      -0.235120079380927     
   2.60100000000000      -0.235157935465318     
   2.60200000000000      -0.235124087561761     
   2.60300000000000      -0.235161704662287     
   2.60400000000000      -0.235197009277094     
   2.60500000000000      -0.235230011612928     
   2.60600000000000      -0.235260722883123     
   2.60700000000000      -0.235289152892100     
   2.60800000000000      -0.235315312830650     
   2.60900000000000      -0.235339212809792     
   2.61000000000000      -0.235360863645408     
   2.61100000000000      -0.235380275467479     
   2.61200000000000      -0.235397458956788     
   2.61300000000000      -0.235412424443636     
   2.61400000000000      -0.235425182393603     
   2.61500000000000      -0.235435743256815     
   2.61600000000000      -0.235444117246407     
   2.61700000000000      -0.235450314875743     
   2.61800000000000      -0.235454346457312     
   2.61900000000000      -0.235456222270570     
   2.62000000000000      -0.235454639162625     
   2.62100000000000      -0.235456293458180     
   2.62200000000000      -0.235455803222174     
   2.62300000000000      -0.235453178767733     
   2.62400000000000      -0.235448430441805     
   2.62500000000000      -0.235441568443205     
   2.62600000000000      -0.235432602886037     
   2.62700000000000      -0.235421544068156     
   2.62800000000000      -0.235408402000109     
   2.62900000000000      -0.235393187030552     
   2.63000000000000      -0.235375909154629     
   2.63100000000000      -0.235356578433817     
   2.63200000000000      -0.235335204989823     
   2.63300000000000      -0.235311798901042     
   2.63400000000000      -0.235286370113823     
   2.63500000000000      -0.235258928728110     
   2.63600000000000      -0.235229484845777     
   2.63700000000000      -0.235198048222627     
   2.63800000000000      -0.235164629008917     
   2.63900000000000      -0.235194695879861     
   2.64000000000000      -0.235161073033732     
   2.64100000000000      -0.235125478255131     
   2.64200000000000      -0.235087921661928     
   2.64300000000000      -0.235048413106699     
   2.64400000000000      -0.235006962553622     
   2.64500000000000      -0.234963579630189     
   2.64600000000000      -0.234918274370101     
   2.64700000000000      -0.234871056589169     
   2.64800000000000      -0.234821936060201     
   2.64900000000000      -0.234770922442175     
   2.65000000000000      -0.234718025460991     
   2.65100000000000      -0.234663254945932     
   2.65200000000000      -0.234606620546216     
   2.65300000000000      -0.234548131976853     
   2.65400000000000      -0.234487798931023     
   2.65500000000000      -0.234425630940812     
   2.65600000000000      -0.234361637697226     
   2.65700000000000      -0.234419120923865     
   2.65800000000000      -0.234354940084694     
   2.65900000000000      -0.234288944735112     
   2.66000000000000      -0.234221144096115     
   2.66100000000000      -0.234151548083849     
   2.66200000000000      -0.234080165841716     
   2.66300000000000      -0.234007007292054     
   2.66400000000000      -0.233932081437864     
   2.66500000000000      -0.233855398031700     
   2.66600000000000      -0.233776966258069     
   2.66700000000000      -0.233696795649362     
   2.66800000000000      -0.233614895540633     
   2.66900000000000      -0.233531275251871     
   2.67000000000000      -0.233445944189253     
   2.67100000000000      -0.233358911536737     
   2.67200000000000      -0.233270186539751     
   2.67300000000000      -0.233179778601061     
   2.67400000000000      -0.233087697008715     
   2.67500000000000      -0.232993950792502     
   2.67600000000000      -0.233078113865613     
   2.67700000000000      -0.232984196234814     
   2.67800000000000      -0.232888625102028     
   2.67900000000000      -0.232791408126906     
   2.68000000000000      -0.232692555471151     
   2.68100000000000      -0.232592075772651     
   2.68200000000000      -0.232489978412159     
   2.68300000000000      -0.232386272244502     
   2.68400000000000      -0.232280966629567     
   2.68500000000000      -0.232174070429284     
   2.68600000000000      -0.232065592823866     
   2.68700000000000      -0.231955542683786     
   2.68800000000000      -0.231843929077064     
   2.68900000000000      -0.231730760946372     
   2.69000000000000      -0.231616047348131     
   2.69100000000000      -0.231499797116370     
   2.69200000000000      -0.231382019122975     
   2.69300000000000      -0.231262722384703     
   2.69400000000000      -0.231369796215450     
   2.69500000000000      -0.231250343312848     
   2.69600000000000      -0.231129381847703     
   2.69700000000000      -0.231006919828891     
   2.69800000000000      -0.230882966829851     
   2.69900000000000      -0.230757531108670     
   2.70000000000000      -0.230630621876108     
   2.70100000000000      -0.230502247569316     
   2.70200000000000      -0.230372417230778     
   2.70300000000000      -0.230241139351633     
   2.70400000000000      -0.230108422822570     
   2.70500000000000      -0.229974276226848     
   2.70600000000000      -0.229838708343555     
   2.70700000000000      -0.229701727748754     
   2.70800000000000      -0.229563343055695     
   2.70900000000000      -0.229423563077938     
   2.71000000000000      -0.229282396102788     
   2.71100000000000      -0.229139850820540     
   2.71200000000000      -0.228995935935967     
   2.71300000000000      -0.229125084144211     
   2.71400000000000      -0.228981028651817     
   2.71500000000000      -0.228835612727737     
   2.71600000000000      -0.228688845205371     
   2.71700000000000      -0.228540734062004     
   2.71800000000000      -0.228391288404569     
   2.71900000000000      -0.228240516277651     
   2.72000000000000      -0.228088426175047     
   2.72100000000000      -0.227935026635245     
   2.72200000000000      -0.227780325961918     
   2.72300000000000      -0.227624332572832     
   2.72400000000000      -0.227467054766622     
   2.72500000000000      -0.227308500955335     
   2.72600000000000      -0.227148679316209     
   2.72700000000000      -0.226987598379278     
   2.72800000000000      -0.226825266281037     
   2.72900000000000      -0.226661691257892     
   2.73000000000000      -0.226496881537710     
   2.73100000000000      -0.226644765331658     
   2.73200000000000      -0.226479828682831     
   2.73300000000000      -0.226313666840067     
   2.73400000000000      -0.226146287192952     
   2.73500000000000      -0.225977698757350     
   2.73600000000000      -0.225807908895747     
   2.73700000000000      -0.225636926447398     
   2.73800000000000      -0.225464759023985     
   2.73900000000000      -0.225291414961939     
   2.74000000000000      -0.225116902269617     
   2.74100000000000      -0.224941229020190     
   2.74200000000000      -0.224764403267529     
   2.74300000000000      -0.224586433123422     
   2.74400000000000      -0.224407326534558     
   2.74500000000000      -0.224227091379921     
   2.74600000000000      -0.224045735689378     
   2.74700000000000      -0.223863267462502     
   2.74800000000000      -0.223679694672441     
   2.74900000000000      -0.223844401920290     
   2.75000000000000      -0.223660715822313     
   2.75100000000000      -0.223475933684161     
   2.75200000000000      -0.223290063431051     
   2.75300000000000      -0.223103113137324     
   2.75400000000000      -0.222915090544498     
   2.75500000000000      -0.222726003401998     
   2.75600000000000      -0.222535859741905     
   2.75700000000000      -0.222344667114694     
   2.75800000000000      -0.222152433326688     
   2.75900000000000      -0.221959166244905     
   2.76000000000000      -0.221764873667048     
   2.76100000000000      -0.221569563189999     
   2.76200000000000      -0.221373242420871     
   2.76300000000000      -0.221175919221906     
   2.76400000000000      -0.220977601174587     
   2.76500000000000      -0.220778295951168     
   2.76600000000000      -0.220578011205949     
   2.76700000000000      -0.220376754443379     
   2.76800000000000      -0.220557317353393     
   2.76900000000000      -0.220355960887505     
   2.77000000000000      -0.220153640720901     
   2.77100000000000      -0.219950364636940     
   2.77200000000000      -0.219746139975950     
   2.77300000000000      -0.219540974464234     
   2.77400000000000      -0.219334875509567     
   2.77500000000000      -0.219127850636195     
   2.77600000000000      -0.218919907240847     
   2.77700000000000      -0.218711052810736     
   2.77800000000000      -0.218501294780016     
   2.77900000000000      -0.218290640605314     
   2.78000000000000      -0.218079097759215     
   2.78100000000000      -0.217866673373552     
   2.78200000000000      -0.217653374994605     
   2.78300000000000      -0.217439210103954     
   2.78400000000000      -0.217224185753167     
   2.78500000000000      -0.217008309386971     
   2.78600000000000      -0.217201979833351     
   2.78700000000000      -0.216986016170590     
   2.78800000000000      -0.216769208349307     
   2.78900000000000      -0.216551564010916     
   2.79000000000000      -0.216333089945007     
   2.79100000000000      -0.216113793835259     
   2.79200000000000      -0.215893682565138     
   2.79300000000000      -0.215672763594083     
   2.79400000000000      -0.215451043848225     
   2.79500000000000      -0.215228530738760     
   2.79600000000000      -0.215005231255030     
   2.79700000000000      -0.214781152580353     
   2.79800000000000      -0.214556301791962     
   2.79900000000000      -0.214330685998397     
   2.80000000000000      -0.214104312163307     
   2.80100000000000      -0.213877187584942     
   2.80200000000000      -0.213649319071429     
   2.80300000000000      -0.213420713787532     
   2.80400000000000      -0.213191378704670     
   2.80500000000000      -0.213397115265498     
   2.80600000000000      -0.213167705660013     
   2.80700000000000      -0.212937573199501     
   2.80800000000000      -0.212706726200467     
   2.80900000000000      -0.212475170543538     
   2.81000000000000      -0.212242913905015     
   2.81100000000000      -0.212009962791481     
   2.81200000000000      -0.211776324080672     
   2.81300000000000      -0.211542004808391     
   2.81400000000000      -0.211307011819500     
   2.81500000000000      -0.211071351906283     
   2.81600000000000      -0.210835031928398     
   2.81700000000000      -0.210598058675782     
   2.81800000000000      -0.210360438880125     
   2.81900000000000      -0.210122179350278     
   2.82000000000000      -0.209883286891398     
   2.82100000000000      -0.209643768190885     
   2.82200000000000      -0.209403630044944     
   2.82300000000000      -0.209619051307154     
   2.82400000000000      -0.209378850048699     
   2.82500000000000      -0.209138035933501     
   2.82600000000000      -0.208896616842167     
   2.82700000000000      -0.208654598792200     
   2.82800000000000      -0.208411988645123     
   2.82900000000000      -0.208168793025648     
   2.83000000000000      -0.207925018543902     
   2.83100000000000      -0.207680671585654     
   2.83200000000000      -0.207435758088992     
   2.83300000000000      -0.207190283846618     
   2.83400000000000      -0.206944254315433     
   2.83500000000000      -0.206697675169216     
   2.83600000000000      -0.206450552032618     
   2.83700000000000      -0.206202890523735     
   2.83800000000000      -0.205954696029242     
   2.83900000000000      -0.205705974123382     
   2.84000000000000      -0.205456730458973     
   2.84100000000000      -0.205680314469944     
   2.84200000000000      -0.205431017716990     
   2.84300000000000      -0.205181204341422     
   2.84400000000000      -0.204930881389925     
   2.84500000000000      -0.204680053019511     
   2.84600000000000      -0.204428725512560     
   2.84700000000000      -0.204176903890035     
   2.84800000000000      -0.203924593470226     
   2.84900000000000      -0.203671800002945     
   2.85000000000000      -0.203418528501122     
   2.85100000000000      -0.203164784485152     
   2.85200000000000      -0.202910573115285     
   2.85300000000000      -0.202655899819484     
   2.85400000000000      -0.202400769844298     
   2.85500000000000      -0.202145188437024     
   2.85600000000000      -0.201889160760125     
   2.85700000000000      -0.201632692116419     
   2.85800000000000      -0.201375787675970     
   2.85900000000000      -0.201118452592650     
   2.86000000000000      -0.201349290232553     
   2.86100000000000      -0.201091910999585     
   2.86200000000000      -0.200834107025292     
   2.86300000000000      -0.200575882948988     
   2.86400000000000      -0.200317244589451     
   2.86500000000000      -0.200058196353260     
   2.86600000000000      -0.199798743726664     
   2.86700000000000      -0.199538891655911     
   2.86800000000000      -0.199278645186546     
   2.86900000000000      -0.199018009320088     
   2.87000000000000      -0.198756989018558     
   2.87100000000000      -0.198495589397818     
   2.87200000000000      -0.198233815354077     
   2.87300000000000      -0.197971671756545     
   2.87400000000000      -0.197709163587755     
   2.87500000000000      -0.197446295868789     
   2.87600000000000      -0.197183073345829     
   2.87700000000000      -0.196919500897658     
   2.87800000000000      -0.197155929490477     
   2.87900000000000      -0.196892321141281     
   2.88000000000000      -0.196628368503863     
   2.88100000000000      -0.196364075966357     
   2.88200000000000      -0.196099448555035     
   2.88300000000000      -0.195834491043075     
   2.88400000000000      -0.195569208199220     
   2.88500000000000      -0.195303604706672     
   2.88600000000000      -0.195037685532677     
   2.88700000000000      -0.194771455097749     
   2.88800000000000      -0.194504918238781     
   2.88900000000000      -0.194238079564401     
   2.89000000000000      -0.193970943830954     
   2.89100000000000      -0.193703515715985     
   2.89200000000000      -0.193435799694068     
   2.89300000000000      -0.193167800449305     
   2.89400000000000      -0.192899522575112     
   2.89500000000000      -0.192630970644264     
   2.89600000000000      -0.192362149118012     
   2.89700000000000      -0.192603282122414     
   2.89800000000000      -0.192334433202411     
   2.89900000000000      -0.192065319436618     
   2.90000000000000      -0.191795946292207     
   2.90100000000000      -0.191526316992136     
   2.90200000000000      -0.191256437003164     
   2.90300000000000      -0.190986310327553     
   2.90400000000000      -0.190715941436768     
   2.90500000000000      -0.190445334920521     
   2.90600000000000      -0.190174494978536     
   2.90700000000000      -0.189903426147201     
   2.90800000000000      -0.189632132750252     
   2.90900000000000      -0.189360619054327     
   2.91000000000000      -0.189088889451538     
   2.91100000000000      -0.188816948376163     
   2.91200000000000      -0.188544799886783     
   2.91300000000000      -0.188272448405999     
   2.91400000000000      -0.187999898070049     
   2.91500000000000      -0.188244372557239     
   2.91600000000000      -0.187971801660925     
   2.91700000000000      -0.187699037347039     
   2.91800000000000      -0.187426082627419     
   2.91900000000000      -0.187152942610010     
   2.92000000000000      -0.186879620864539     
   2.92100000000000      -0.186606121885995     
   2.92200000000000      -0.186332449616593     
   2.92300000000000      -0.186058608442953     
   2.92400000000000      -0.185784602293337     
   2.92500000000000      -0.185510435303449     
   2.92600000000000      -0.185236111514919     
   2.92700000000000      -0.184961634961675     
   2.92800000000000      -0.184687009755967     
   2.92900000000000      -0.184412240025773     
   2.93000000000000      -0.184137329571609     
   2.93100000000000      -0.183862282538015     
   2.93200000000000      -0.183587102743270     
   2.93300000000000      -0.183833932558770     
   2.93400000000000      -0.183558739310340     
   2.93500000000000      -0.183283417692719     
   2.93600000000000      -0.183007971893601     
   2.93700000000000      -0.182732405520475     
   2.93800000000000      -0.182456722565441     
   2.93900000000000      -0.182180927012883     
   2.94000000000000      -0.181905022589849     
   2.94100000000000      -0.181629013129212     
   2.94200000000000      -0.181352902573546     
   2.94300000000000      -0.181076694812124     
   2.94400000000000      -0.180800393451995     
   2.94500000000000      -0.180524002319408     
   2.94600000000000      -0.180247525233115     
   2.94700000000000      -0.179970965864656     
   2.94800000000000      -0.179694327994334     
   2.94900000000000      -0.179417615377638     
   2.95000000000000      -0.179140831615123     
   2.95100000000000      -0.178863980457874     
   2.95200000000000      -0.179112306231453     
   2.95300000000000      -0.178835448538333     
   2.95400000000000      -0.178558527019859     
   2.95500000000000      -0.178281546070222     
   2.95600000000000      -0.178004508874174     
   2.95700000000000      -0.177727419257521     
   2.95800000000000      -0.177450280609961     
   2.95900000000000      -0.177173096641496     
   2.96000000000000      -0.176895870841504     
   2.96100000000000      -0.176618606826967     
   2.96200000000000      -0.176341308053039     
   2.96300000000000      -0.176063978016245     
   2.96400000000000      -0.175786620321967     
   2.96500000000000      -0.175509238382721     
   2.96600000000000      -0.175231835704244     
   2.96700000000000      -0.174954415502930     
   2.96800000000000      -0.174676981421939     
   2.96900000000000      -0.174399536937002     
   2.97000000000000      -0.174648392277413     
   2.97100000000000      -0.174370947096637     
   2.97200000000000      -0.174093494656181     
   2.97300000000000      -0.173816039176683     
   2.97400000000000      -0.173538583240478     
   2.97500000000000      -0.173261130994117     
   2.97600000000000      -0.172983685050137     
   2.97700000000000      -0.172706249217863     
   2.97800000000000      -0.172428826611612     
   2.97900000000000      -0.172151420420771     
   2.98000000000000      -0.171874034053977     
   2.98100000000000      -0.171596670537607     
   2.98200000000000      -0.171319333367519     
   2.98300000000000      -0.171042025629542     
   2.98400000000000      -0.170764750448726     
   2.98500000000000      -0.170487511155565     
   2.98600000000000      -0.170210310827685     
   2.98700000000000      -0.169933152613049     
   2.98800000000000      -0.169656039568319     
   2.98900000000000      -0.169904595231865     
   2.99000000000000      -0.169627486942314     
   2.99100000000000      -0.169350427528501     
   2.99200000000000      -0.169073419848552     
   2.99300000000000      -0.168796467109953     
   2.99400000000000      -0.168519572174430     
   2.99500000000000      -0.168242738388192     
   2.99600000000000      -0.167965968531329     
   2.99700000000000      -0.167689265798018     
   2.99800000000000      -0.167412633009785     
   2.99900000000000      -0.167136073295468     
   3.00000000000000      -0.166859589597082     
   3.00100000000000      -0.166583184824797     
   3.00200000000000      -0.166306862057906     
   3.00300000000000      -0.166030624105964     
   3.00400000000000      -0.165754473870124     
   3.00500000000000      -0.165478414292346     
   3.00600000000000      -0.165202448194822     
   3.00700000000000      -0.165449972797469     
   3.00800000000000      -0.165174016553500     
   3.00900000000000      -0.164898156878874     
   3.01000000000000      -0.164622396936323     
   3.01100000000000      -0.164346739229749     
   3.01200000000000      -0.164071186727953     
   3.01300000000000      -0.163795742136728     
   3.01400000000000      -0.163520408422644     
   3.01500000000000      -0.163245188221803     
   3.01600000000000      -0.162970084299292     
   3.01700000000000      -0.162695099447789     
   3.01800000000000      -0.162420236335412     
   3.01900000000000      -0.162145497707829     
   3.02000000000000      -0.161870886213632     
   3.02100000000000      -0.161596404651957     
   3.02200000000000      -0.161322055570937     
   3.02300000000000      -0.161047841662174     
   3.02400000000000      -0.160773765556034     
   3.02500000000000      -0.161019592918527     
   3.02600000000000      -0.160745531159434     
   3.02700000000000      -0.160471610080441     
   3.02800000000000      -0.160197832473301     
   3.02900000000000      -0.159924200561630     
   3.03000000000000      -0.159650717202193     
   3.03100000000000      -0.159377384885516     
   3.03200000000000      -0.159104206172535     
   3.03300000000000      -0.158831183570831     
   3.03400000000000      -0.158558319533542     
   3.03500000000000      -0.158285616715711     
   3.03600000000000      -0.158013077487236     
   3.03700000000000      -0.157740704417981     
   3.03800000000000      -0.157468499866605     
   3.03900000000000      -0.157196466336945     
   3.04000000000000      -0.156924606260145     
   3.04100000000000      -0.156652921946325     
   3.04200000000000      -0.156381415952019     
   3.04300000000000      -0.156110090650420     
   3.04400000000000      -0.156353448703532     
   3.04500000000000      -0.156082142052812     
   3.04600000000000      -0.155811018853287     
   3.04700000000000      -0.155540081052762     
   3.04800000000000      -0.155269331252542     
   3.04900000000000      -0.154998771792834     
   3.05000000000000      -0.154728404907257     
   3.05100000000000      -0.154458233032931     
   3.05200000000000      -0.154188258246053     
   3.05300000000000      -0.153918483017314     
   3.05400000000000      -0.153648909478057     
   3.05500000000000      -0.153379539841162     
   3.05600000000000      -0.153110376488226     
   3.05700000000000      -0.152841421614258     
   3.05800000000000      -0.152572677290784     
   3.05900000000000      -0.152304145836867     
   3.06000000000000      -0.152035829297404     
   3.06100000000000      -0.151767729964674     
   3.06200000000000      -0.152008192774747     
   3.06300000000000      -0.151740115808720     
   3.06400000000000      -0.151472258762612     
   3.06500000000000      -0.151204622842950     
   3.06600000000000      -0.150937211208268     
   3.06700000000000      -0.150670025048908     
   3.06800000000000      -0.150403067203836     
   3.06900000000000      -0.150136339201230     
   3.07000000000000      -0.149869843469922     
   3.07100000000000      -0.149603581794044     
   3.07200000000000      -0.149337556399376     
   3.07300000000000      -0.149071769179279     
   3.07400000000000      -0.148806222232861     
   3.07500000000000      -0.148540917530889     
   3.07600000000000      -0.148275857056447     
   3.07700000000000      -0.148011042922930     
   3.07800000000000      -0.147746476844394     
   3.07900000000000      -0.147482160846691     
   3.08000000000000      -0.147218096951556     
   3.08100000000000      -0.147454938510085     
   3.08200000000000      -0.147190900715177     
   3.08300000000000      -0.146927117040583     
   3.08400000000000      -0.146663589512968     
   3.08500000000000      -0.146400319812875     
   3.08600000000000      -0.146137310086437     
   3.08700000000000      -0.145874561984102     
   3.08800000000000      -0.145612077464543     
   3.08900000000000      -0.145349858333369     
   3.09000000000000      -0.145087906443041     
   3.09100000000000      -0.144826223515630     
   3.09200000000000      -0.144564811496076     
   3.09300000000000      -0.144303672108330     
   3.09400000000000      -0.144042807010350     
   3.09500000000000      -0.143782218214269     
   3.09600000000000      -0.143521907286222     
   3.09700000000000      -0.143261875990233     
   3.09800000000000      -0.143002126122476     
   3.09900000000000      -0.143235096854404     
   3.10000000000000      -0.142975376054619     
   3.10100000000000      -0.142715938543414     
   3.10200000000000      -0.142456785904963     
   3.10300000000000      -0.142197919930039     
   3.10400000000000      -0.141939342294415     
   3.10500000000000      -0.141681054747507     
   3.10600000000000      -0.141423058691787     
   3.10700000000000      -0.141165355980251     
   3.10800000000000      -0.140907948104675     
   3.10900000000000      -0.140650836795025     
   3.11000000000000      -0.140394023529909     
   3.11100000000000      -0.140137509969039     
   3.11200000000000      -0.139881297785832     
   3.11300000000000      -0.139625389096832     
   3.11400000000000      -0.139369786187454     
   3.11500000000000      -0.139114491482470     
   3.11600000000000      -0.138859507135454     
   3.11700000000000      -0.138604835569011     
   3.11800000000000      -0.138833249856443     
   3.11900000000000      -0.138578610557166     
   3.12000000000000      -0.138324286700277     
   3.12100000000000      -0.138070280101040     
   3.12200000000000      -0.137816593323690     
   3.12300000000000      -0.137563228661660     
   3.12400000000000      -0.137310188060760     
   3.12500000000000      -0.137057474052088     
   3.12600000000000      -0.136805088629109     
   3.12700000000000      -0.136553034212398     
   3.12800000000000      -0.136301312792707     
   3.12900000000000      -0.136049926829734     
   3.13000000000000      -0.135798878278894     
   3.13100000000000      -0.135548169301125     
   3.13200000000000      -0.135297802215306     
   3.13300000000000      -0.135047779026137     
   3.13400000000000      -0.134798102024521     
   3.13500000000000      -0.134548773359960     
   3.13600000000000      -0.134772393626584     
   3.13700000000000      -0.134523100970158     
   3.13800000000000      -0.134274158886231     
   3.13900000000000      -0.134025569445988     
   3.14000000000000      -0.133777334831940     
   3.14100000000000      -0.133529457286561     
   3.14200000000000      -0.133281938646737     
   3.14300000000000      -0.133034781254785     
   3.14400000000000      -0.132787987017356     
   3.14500000000000      -0.132541558070702     
   3.14600000000000      -0.132295496417684     
   3.14700000000000      -0.132049804134226     
   3.14800000000000      -0.131804483179352     
   3.14900000000000      -0.131559535809668     
   3.15000000000000      -0.131314963871308     
   3.15100000000000      -0.131070769411578     
   3.15200000000000      -0.130826954512336     
   3.15300000000000      -0.130583521039663     
   3.15400000000000      -0.130801852110390     
   3.15500000000000      -0.130558458057525     
   3.15600000000000      -0.130315447658614     
   3.15700000000000      -0.130072823138702     
   3.15800000000000      -0.129830586108454     
   3.15900000000000      -0.129588738785949     
   3.16000000000000      -0.129347283100211     
   3.16100000000000      -0.129106220797202     
   3.16200000000000      -0.128865554093606     
   3.16300000000000      -0.128625284712020     
   3.16400000000000      -0.128385414756815     
   3.16500000000000      -0.128145946008405     
   3.16600000000000      -0.127906880404986     
   3.16700000000000      -0.127668219878208     
   3.16800000000000      -0.127429966308921     
   3.16900000000000      -0.127192121625739     
   3.17000000000000      -0.126954687702496     
   3.17100000000000      -0.126717666305742     
   3.17200000000000      -0.126481059403274     
   3.17300000000000      -0.126693265803437     
   3.17400000000000      -0.126456701722619     
   3.17500000000000      -0.126220554158590     
   3.17600000000000      -0.125984825016001     
   3.17700000000000      -0.125749515906206     
   3.17800000000000      -0.125514628941199     
   3.17900000000000      -0.125280165834269     
   3.18000000000000      -0.125046128491601     
   3.18100000000000      -0.124812518478206     
   3.18200000000000      -0.124579337906217     
   3.18300000000000      -0.124346588331225     
   3.18400000000000      -0.124114271677047     
   3.18500000000000      -0.123882389654533     
   3.18600000000000      -0.123650944102277     
   3.18700000000000      -0.123419936757511     
   3.18800000000000      -0.123189369396141     
   3.18900000000000      -0.122959243653639     
   3.19000000000000      -0.122729561495399     
   3.19100000000000      -0.122935555233620     
   3.19200000000000      -0.122705919075742     
   3.19300000000000      -0.122476727966825     
   3.19400000000000      -0.122247984077092     
   3.19500000000000      -0.122019689096747     
   3.19600000000000      -0.121791844480009     
   3.19700000000000      -0.121564452303142     
   3.19800000000000      -0.121337514020004     
   3.19900000000000      -0.121111031485977     
   3.20000000000000      -0.120885006226635     
   3.20100000000000      -0.120659440101489     
   3.20200000000000      -0.120434334654193     
   3.20300000000000      -0.120209691596296     
   3.20400000000000      -0.119985512616207     
   3.20500000000000      -0.119761799374804     
   3.20600000000000      -0.119538553464048     
   3.20700000000000      -0.119315776583277     
   3.20800000000000      -0.119093470409656     
   3.20900000000000      -0.118871636465997     
   3.21000000000000      -0.119070589643999     
   3.21100000000000      -0.118848804224803     
   3.21200000000000      -0.118627493361340     
   3.21300000000000      -0.118406657805134     
   3.21400000000000      -0.118186299777158     
   3.21500000000000      -0.117966420657307     
   3.21600000000000      -0.117747022041326     
   3.21700000000000      -0.117528105507728     
   3.21800000000000      -0.117309672714739     
   3.21900000000000      -0.117091725099867     
   3.22000000000000      -0.116874264405079     
   3.22100000000000      -0.116657292163437     
   3.22200000000000      -0.116440809972324     
   3.22300000000000      -0.116224819351002     
   3.22400000000000      -0.116009321713780     
   3.22500000000000      -0.115794318762740     
   3.22600000000000      -0.115579811953400     
   3.22700000000000      -0.115365803008027     
   3.22800000000000      -0.115557736081999     
   3.22900000000000      -0.115343778739415     
   3.23000000000000      -0.115130320362334     
   3.23100000000000      -0.114917363222664     
   3.23200000000000      -0.114704908259458     
   3.23300000000000      -0.114492957486213     
   3.23400000000000      -0.114281512007468     
   3.23500000000000      -0.114070573647790     
   3.23600000000000      -0.113860143618641     
   3.23700000000000      -0.113650223626143     
   3.23800000000000      -0.113440815101398     
   3.23900000000000      -0.113231919446968     
   3.24000000000000      -0.113023538207699     
   3.24100000000000      -0.112815672810051     
   3.24200000000000      -0.112608324775715     
   3.24300000000000      -0.112401495496213     
   3.24400000000000      -0.112195186424476     
   3.24500000000000      -0.111989399109759     
   3.24600000000000      -0.112173956652257     
   3.24700000000000      -0.111968223463105     
   3.24800000000000      -0.111763012922390     
   3.24900000000000      -0.111558327675651     
   3.25000000000000      -0.111354168111637     
   3.25100000000000      -0.111150536406869     
   3.25200000000000      -0.110947433502535     
   3.25300000000000      -0.110744861124244     
   3.25400000000000      -0.110542820465081     
   3.25500000000000      -0.110341313107880     
   3.25600000000000      -0.110140340409455     
   3.25700000000000      -0.109939903740495     
   3.25800000000000      -0.109740004429594     
   3.25900000000000      -0.109540643891844     
   3.26000000000000      -0.109341823633489     
   3.26100000000000      -0.109143544901020     
   3.26200000000000      -0.108945809153122     
   3.26300000000000      -0.108748617606200     
   3.26400000000000      -0.108551971853622     
   3.26500000000000      -0.108728328761535     
   3.26600000000000      -0.108531739468572     
   3.26700000000000      -0.108335697087633     
   3.26800000000000      -0.108140203356315     
   3.26900000000000      -0.107945259395667     
   3.27000000000000      -0.107750866754254     
   3.27100000000000      -0.107557026671148     
   3.27200000000000      -0.107363740636792     
   3.27300000000000      -0.107171009646217     
   3.27400000000000      -0.106978835238019     
   3.27500000000000      -0.106787218808721     
   3.27600000000000      -0.106596161632098     
   3.27700000000000      -0.106405664899997     
   3.27800000000000      -0.106215730054053     
   3.27900000000000      -0.106026358447286     
   3.28000000000000      -0.105837551312312     
   3.28100000000000      -0.105649309907223     
   3.28200000000000      -0.105461635521086     
   3.28300000000000      -0.105629944724210     
   3.28400000000000      -0.105442328692036     
   3.28500000000000      -0.105255281491586     
   3.28600000000000      -0.105068803833155     
   3.28700000000000      -0.104882897370868     
   3.28800000000000      -0.104697563272636     
   3.28900000000000      -0.104512802661185     
   3.29000000000000      -0.104328617150500     
   3.29100000000000      -0.104145007651236     
   3.29200000000000      -0.103961975724595     
   3.29300000000000      -0.103779522403759     
   3.29400000000000      -0.103597649083506     
   3.29500000000000      -0.103416356981995     
   3.29600000000000      -0.103235647326436     
   3.29700000000000      -0.103055521517141     
   3.29800000000000      -0.102875980504717     
   3.29900000000000      -0.102697025775033     
   3.30000000000000      -0.102518657456873     
   3.30100000000000      -0.102340875402548     
   3.30200000000000      -0.102500310498969     
   3.30300000000000      -0.102322589145325     
   3.30400000000000      -0.102145452839591     
   3.30500000000000      -0.101968902206544     
   3.30600000000000      -0.101792936329947     
   3.30700000000000      -0.101617554953144     
   3.30800000000000      -0.101442757711604     
   3.30900000000000      -0.101268544094675     
   3.31000000000000      -0.101094913673651     
   3.31100000000000      -0.100921865982181     
   3.31200000000000      -0.100749400611295     
   3.31300000000000      -0.100577517050599     
   3.31400000000000      -0.100406214841606     
   3.31500000000000      -0.100235493532657     
   3.31600000000000      -0.100065352624779     
   3.31700000000000      -9.989579157228184E-002
   3.31800000000000      -9.972680993294156E-002
   3.31900000000000      -9.955840716702069E-002
   3.32000000000000      -9.970943001458990E-002
   3.32100000000000      -9.954108686879778E-002
   3.32200000000000      -9.937332201332037E-002
   3.32300000000000      -9.920613494911923E-002
   3.32400000000000      -9.903952508967730E-002
   3.32500000000000      -9.887349192718370E-002
   3.32600000000000      -9.870803489055044E-002
   3.32700000000000      -9.854315341120469E-002
   3.32800000000000      -9.837884693072987E-002
   3.32900000000000      -9.821511485907382E-002
   3.33000000000000      -9.805195662359925E-002
   3.33100000000000      -9.788937161192973E-002
   3.33200000000000      -9.772735923043091E-002
   3.33300000000000      -9.756591886654030E-002
   3.33400000000000      -9.740504989592798E-002
   3.33500000000000      -9.724475170966061E-002
   3.33600000000000      -9.708502365991192E-002
   3.33700000000000      -9.692586509891020E-002
   3.33800000000000      -9.706859674511034E-002
   3.33900000000000      -9.690949684009280E-002
   3.34000000000000      -9.675096569806337E-002
   3.34100000000000      -9.659300268726656E-002
   3.34200000000000      -9.643560714627981E-002
   3.34300000000000      -9.627877835026476E-002
   3.34400000000000      -9.612251568832762E-002
   3.34500000000000      -9.596681840852987E-002
   3.34600000000000      -9.581168586100167E-002
   3.34700000000000      -9.565711731626671E-002
   3.34800000000000      -9.550311206949924E-002
   3.34900000000000      -9.534966938906118E-002
   3.35000000000000      -9.519678855569702E-002
   3.35100000000000      -9.504446885120264E-002
   3.35200000000000      -9.489270951358653E-002
   3.35300000000000      -9.474150980319164E-002
   3.35400000000000      -9.459086895961717E-002
   3.35500000000000      -9.444078620645378E-002
   3.35600000000000      -9.429126078087668E-002
   3.35700000000000      -9.442535252150037E-002
   3.35800000000000      -9.427588447096745E-002
   3.35900000000000      -9.412697291364899E-002
   3.36000000000000      -9.397861705161061E-002
   3.36100000000000      -9.383081604073623E-002
   3.36200000000000      -9.368356915140479E-002
   3.36300000000000      -9.353687551616699E-002
   3.36400000000000      -9.339073433771247E-002
   3.36500000000000      -9.324514480980770E-002
   3.36600000000000      -9.310010607357330E-002
   3.36700000000000      -9.295561731835489E-002
   3.36800000000000      -9.281167767728787E-002
   3.36900000000000      -9.266828630774848E-002
   3.37000000000000      -9.252544233706907E-002
   3.37100000000000      -9.238314491459630E-002
   3.37200000000000      -9.224139316664857E-002
   3.37300000000000      -9.210018620389028E-002
   3.37400000000000      -9.195952313473173E-002
   3.37500000000000      -9.208566636817390E-002
   3.37600000000000      -9.194505928524502E-002
   3.37700000000000      -9.180499513277070E-002
   3.37800000000000      -9.166547299325918E-002
   3.37900000000000      -9.152649194136167E-002
   3.38000000000000      -9.138805107879622E-002
   3.38100000000000      -9.125014947811104E-002
   3.38200000000000      -9.111278620058912E-002
   3.38300000000000      -9.097596031604625E-002
   3.38400000000000      -9.083967088369614E-002
   3.38500000000000      -9.070391694365694E-002
   3.38600000000000      -9.056869754924513E-002
   3.38700000000000      -9.043401172880131E-002
   3.38800000000000      -9.029985849947285E-002
   3.38900000000000      -9.016623690632766E-002
   3.39000000000000      -9.003314595218762E-002
   3.39100000000000      -8.990058465267999E-002
   3.39200000000000      -8.976855199660293E-002
   3.39300000000000      -8.963704698407811E-002
   3.39400000000000      -8.975497660357742E-002
   3.39500000000000      -8.962352590815525E-002
   3.39600000000000      -8.949260173620972E-002
   3.39700000000000      -8.936220308843104E-002
   3.39800000000000      -8.923232890697358E-002
   3.39900000000000      -8.910297819847490E-002
   3.40000000000000      -8.897414988997689E-002
   3.40100000000000      -8.884584296661061E-002
   3.40200000000000      -8.871805634106454E-002
   3.40300000000000      -8.859078898395886E-002
   3.40400000000000      -8.846403982163333E-002
   3.40500000000000      -8.833780778966642E-002
   3.40600000000000      -8.821209179182500E-002
   3.40700000000000      -8.808689075908316E-002
   3.40800000000000      -8.796220360508296E-002
   3.40900000000000      -8.783802920883486E-002
   3.41000000000000      -8.771436648777931E-002
   3.41100000000000      -8.759121434556547E-002
   3.41200000000000      -8.770165259736709E-002
   3.41300000000000      -8.757855302864795E-002
   3.41400000000000      -8.745596273685709E-002
   3.41500000000000      -8.733388067696081E-002
   3.41600000000000      -8.721230569194570E-002
   3.41700000000000      -8.709123664437020E-002
   3.41800000000000      -8.697067241734570E-002
   3.41900000000000      -8.685061182206058E-002
   3.42000000000000      -8.673105374171594E-002
   3.42100000000000      -8.661199700283133E-002
   3.42200000000000      -8.649344043417746E-002
   3.42300000000000      -8.637538286354837E-002
   3.42400000000000      -8.625782311247761E-002
   3.42500000000000      -8.614076000395703E-002
   3.42600000000000      -8.602419235354580E-002
   3.42700000000000      -8.590811894226467E-002
   3.42800000000000      -8.579253859308128E-002
   3.42900000000000      -8.567745007267069E-002
   3.43000000000000      -8.578065652370484E-002
   3.43100000000000      -8.566561858872761E-002
   3.43200000000000      -8.555107120614411E-002
   3.43300000000000      -8.543701305845894E-002
   3.43400000000000      -8.532344300296418E-002
   3.43500000000000      -8.521035973820310E-002
   3.43600000000000      -8.509776206315126E-002
   3.43700000000000      -8.498564870872712E-002
   3.43800000000000      -8.487401844678706E-002
   3.43900000000000      -8.476287001260188E-002
   3.44000000000000      -8.465220213037385E-002
   3.44100000000000      -8.454201354186237E-002
   3.44200000000000      -8.443230298293204E-002
   3.44300000000000      -8.432306915793328E-002
   3.44400000000000      -8.421431079036709E-002
   3.44500000000000      -8.410602658193346E-002
   3.44600000000000      -8.399821523538820E-002
   3.44700000000000      -8.389087545493251E-002
   3.44800000000000      -8.378400591667284E-002
   3.44900000000000      -8.387984131879450E-002
   3.45000000000000      -8.377302012821103E-002
   3.45100000000000      -8.366666781852602E-002
   3.45200000000000      -8.356078292087023E-002
   3.45300000000000      -8.345536423601452E-002
   3.45400000000000      -8.335041032523573E-002
   3.45500000000000      -8.324591993463454E-002
   3.45600000000000      -8.314189166588697E-002
   3.45700000000000      -8.303832419559652E-002
   3.45800000000000      -8.293521616487654E-002
   3.45900000000000      -8.283256621148120E-002
   3.46000000000000      -8.273037297324708E-002
   3.46100000000000      -8.262863507947651E-002
   3.46200000000000      -8.252735114536672E-002
   3.46300000000000      -8.242651979414005E-002
   3.46400000000000      -8.232613964336898E-002
   3.46500000000000      -8.222620928941311E-002
   3.46600000000000      -8.212672734687278E-002
   3.46700000000000      -8.221593739911470E-002
   3.46800000000000      -8.211650158803668E-002
   3.46900000000000      -8.201751262848390E-002
   3.47000000000000      -8.191896909810556E-002
   3.47100000000000      -8.182086962284006E-002
   3.47200000000000      -8.172321274012143E-002
   3.47300000000000      -8.162599706232807E-002
   3.47400000000000      -8.152922113074368E-002
   3.47500000000000      -8.143288351631851E-002
   3.47600000000000      -8.133698277340429E-002
   3.47700000000000      -8.124151747224409E-002
   3.47800000000000      -8.114648614092590E-002
   3.47900000000000      -8.105188733974833E-002
   3.48000000000000      -8.095771958917942E-002
   3.48100000000000      -8.086398143376489E-002
   3.48200000000000      -8.077067138896284E-002
   3.48300000000000      -8.067778799097436E-002
   3.48400000000000      -8.058532974856146E-002
   3.48500000000000      -8.049329517044913E-002
   3.48600000000000      -8.057582642961121E-002
   3.48700000000000      -8.048383542058887E-002
   3.48800000000000      -8.039226644005998E-002
   3.48900000000000      -8.030111797544867E-002
   3.49000000000000      -8.021038853602472E-002
   3.49100000000000      -8.012007659927831E-002
   3.49200000000000      -8.003018065897767E-002
   3.49300000000000      -7.994069919069106E-002
   3.49400000000000      -7.985163067671967E-002
   3.49500000000000      -7.976297358470097E-002
   3.49600000000000      -7.967472636887123E-002
   3.49700000000000      -7.958688751438728E-002
   3.49800000000000      -7.949945545242249E-002
   3.49900000000000      -7.941242864512263E-002
   3.50000000000000      -7.932580554570447E-002
   3.50100000000000      -7.923958457698860E-002
   3.50200000000000      -7.915376419082923E-002
   3.50300000000000      -7.906834280934200E-002
   3.50400000000000      -7.914494347250015E-002
   3.50500000000000      -7.905956312076204E-002
   3.50600000000000      -7.897458003328879E-002
   3.50700000000000      -7.888999264331417E-002
   3.50800000000000      -7.880579936825126E-002
   3.50900000000000      -7.872199859680469E-002
   3.51000000000000      -7.863858876541817E-002
   3.51100000000000      -7.855556826114621E-002
   3.51200000000000      -7.847293547324578E-002
   3.51300000000000      -7.839068880608586E-002
   3.51400000000000      -7.830882665225769E-002
   3.51500000000000      -7.822734737847510E-002
   3.51600000000000      -7.814624936588890E-002
   3.51700000000000      -7.806553099169987E-002
   3.51800000000000      -7.798519063016741E-002
   3.51900000000000      -7.790522663846033E-002
   3.52000000000000      -7.782563736538130E-002
   3.52100000000000      -7.774642117909096E-002
   3.52200000000000      -7.766757642975874E-002
   3.52300000000000      -7.773827943265546E-002
   3.52400000000000      -7.765947285998714E-002
   3.52500000000000      -7.758103590821180E-002
   3.52600000000000      -7.750296689802408E-002
   3.52700000000000      -7.742526417436425E-002
   3.52800000000000      -7.734792606138279E-002
   3.52900000000000      -7.727095088614212E-002
   3.53000000000000      -7.719433698893803E-002
   3.53100000000000      -7.711808266285010E-002
   3.53200000000000      -7.704218623306747E-002
   3.53300000000000      -7.696664599885264E-002
   3.53400000000000      -7.689146026967675E-002
   3.53500000000000      -7.681662735243273E-002
   3.53600000000000      -7.674214553749929E-002
   3.53700000000000      -7.666801310737141E-002
   3.53800000000000      -7.659422835313526E-002
   3.53900000000000      -7.652078955284003E-002
   3.54000000000000      -7.644769499429109E-002
   3.54100000000000      -7.651324159759668E-002
   3.54200000000000      -7.644018239979074E-002
   3.54300000000000      -7.636746556556892E-002
   3.54400000000000      -7.629508927786156E-002
   3.54500000000000      -7.622305189709337E-002
   3.54600000000000      -7.615135160202603E-002
   3.54700000000000      -7.607998670968785E-002
   3.54800000000000      -7.600895541813425E-002
   3.54900000000000      -7.593825600381071E-002
   3.55000000000000      -7.586788670925416E-002
   3.55100000000000      -7.579784576143117E-002
   3.55200000000000      -7.572813139163816E-002
   3.55300000000000      -7.565874183757444E-002
   3.55400000000000      -7.558967531925273E-002
   3.55500000000000      -7.552093005827440E-002
   3.55600000000000      -7.545250426844978E-002
   3.55700000000000      -7.538439616508941E-002
   3.55800000000000      -7.531660395782820E-002
   3.55900000000000      -7.537739589627912E-002
   3.56000000000000      -7.530963615097329E-002
   3.56100000000000      -7.524219028446212E-002
   3.56200000000000      -7.517505655908573E-002
   3.56300000000000      -7.510823310046848E-002
   3.56400000000000      -7.504171817021733E-002
   3.56500000000000      -7.497550989093396E-002
   3.56600000000000      -7.490960649846137E-002
   3.56700000000000      -7.484400612912735E-002
   3.56800000000000      -7.477870698256378E-002
   3.56900000000000      -7.471370722546201E-002
   3.57000000000000      -7.464900500755432E-002
   3.57100000000000      -7.458459850864048E-002
   3.57200000000000      -7.452048586807199E-002
   3.57300000000000      -7.445666525624389E-002
   3.57400000000000      -7.439313481477820E-002
   3.57500000000000      -7.432989269334017E-002
   3.57600000000000      -7.426693703584862E-002
   3.57700000000000      -7.420426595516394E-002
   3.57800000000000      -7.426046594512310E-002
   3.57900000000000      -7.419782408045336E-002
   3.58000000000000      -7.413546470172683E-002
   3.58100000000000      -7.407338607191033E-002
   3.58200000000000      -7.401158629812203E-002
   3.58300000000000      -7.395006412102172E-002
   3.58400000000000      -7.388881868409597E-002
   3.58500000000000      -7.382784907514155E-002
   3.58600000000000      -7.376715446053206E-002
   3.58700000000000      -7.370673391815129E-002
   3.58800000000000      -7.364658658561618E-002
   3.58900000000000      -7.358671157719938E-002
   3.59000000000000      -7.352710800946129E-002
   3.59100000000000      -7.346777499120725E-002
   3.59200000000000      -7.340871163731995E-002
   3.59300000000000      -7.334991706451841E-002
   3.59400000000000      -7.329139039574117E-002
   3.59500000000000      -7.323313073114961E-002
   3.59600000000000      -7.328537465545726E-002
   3.59700000000000      -7.322714247624715E-002
   3.59800000000000      -7.316917626639598E-002
   3.59900000000000      -7.311147526572581E-002
   3.60000000000000      -7.305403845525210E-002
   3.60100000000000      -7.299686505813076E-002
   3.60200000000000      -7.293995410501181E-002
   3.60300000000000      -7.288330474398119E-002
   3.60400000000000      -7.282691608390440E-002
   3.60500000000000      -7.277078722042529E-002
   3.60600000000000      -7.271491727800963E-002
   3.60700000000000      -7.265930534414598E-002
   3.60800000000000      -7.260395054243857E-002
   3.60900000000000      -7.254885198976083E-002
   3.61000000000000      -7.249400877038722E-002
   3.61100000000000      -7.243942000369398E-002
   3.61200000000000      -7.238508481381173E-002
   3.61300000000000      -7.233100227495831E-002
   3.61400000000000      -7.227717151440825E-002
   3.61500000000000      -7.232544363040035E-002
   3.61600000000000      -7.227163875337288E-002
   3.61700000000000      -7.221808469129178E-002
   3.61800000000000      -7.216478050835386E-002
   3.61900000000000      -7.211172531948327E-002
   3.62000000000000      -7.205891826217911E-002
   3.62100000000000      -7.200635838862281E-002
   3.62200000000000      -7.195404485491386E-002
   3.62300000000000      -7.190197672874481E-002
   3.62400000000000      -7.185015314655212E-002
   3.62500000000000      -7.179857319900329E-002
   3.62600000000000      -7.174723598564170E-002
   3.62700000000000      -7.169614061856122E-002
   3.62800000000000      -7.164528620146653E-002
   3.62900000000000      -7.159467184320875E-002
   3.63000000000000      -7.154429663620725E-002
   3.63100000000000      -7.149415971110973E-002
   3.63200000000000      -7.144426014849330E-002
   3.63300000000000      -7.148900682289762E-002
   3.63400000000000      -7.143913166651571E-002
   3.63500000000000      -7.138949289786305E-002
   3.63600000000000      -7.134008960166413E-002
   3.63700000000000      -7.129092093850761E-002
   3.63800000000000      -7.124198593859772E-002
   3.63900000000000      -7.119328376050264E-002
   3.64000000000000      -7.114481348784653E-002
   3.64100000000000      -7.109657422637045E-002
   3.64200000000000      -7.104856508756230E-002
   3.64300000000000      -7.100078518652872E-002
   3.64400000000000      -7.095323361647071E-002
   3.64500000000000      -7.090590947464215E-002
   3.64600000000000      -7.085881188183778E-002
   3.64700000000000      -7.081193994961620E-002
   3.64800000000000      -7.076529277188127E-002
   3.64900000000000      -7.071886945668700E-002
   3.65000000000000      -7.067266911284167E-002
   3.65100000000000      -7.071409843086042E-002
   3.65200000000000      -7.066792099846876E-002
   3.65300000000000      -7.062196558050632E-002
   3.65400000000000      -7.057623126095358E-002
   3.65500000000000      -7.053071711872973E-002
   3.65600000000000      -7.048542231623395E-002
   3.65700000000000      -7.044034592659935E-002
   3.65800000000000      -7.039548705890969E-002
   3.65900000000000      -7.035084484076023E-002
   3.66000000000000      -7.030641836288480E-002
   3.66100000000000      -7.026220674967636E-002
   3.66200000000000      -7.021820910583644E-002
   3.66300000000000      -7.017442453944719E-002
   3.66400000000000      -7.013085215909921E-002
   3.66500000000000      -7.008749109600773E-002
   3.66600000000000      -7.004434043515949E-002
   3.66700000000000      -7.000139929957318E-002
   3.66800000000000      -6.995866681501191E-002
   3.66900000000000      -6.991614208063933E-002
   3.67000000000000      -6.995427523331425E-002
   3.67100000000000      -6.991177186494811E-002
   3.67200000000000      -6.986947525370725E-002
   3.67300000000000      -6.982738453791638E-002
   3.67400000000000      -6.978549883872358E-002
   3.67500000000000      -6.974381724501692E-002
   3.67600000000000      -6.970233888626189E-002
   3.67700000000000      -6.966106289499309E-002
   3.67800000000000      -6.961998835816956E-002
   3.67900000000000      -6.957911442213364E-002
   3.68000000000000      -6.953844017992110E-002
   3.68100000000000      -6.949796477127737E-002
   3.68200000000000      -6.945768730564747E-002
   3.68300000000000      -6.941760689796155E-002
   3.68400000000000      -6.937772267314252E-002
   3.68500000000000      -6.933803375700513E-002
   3.68600000000000      -6.929853926852986E-002
   3.68700000000000      -6.925923834064034E-002
   3.68800000000000      -6.929448053604272E-002
   3.68900000000000      -6.925519951642478E-002
   3.69000000000000      -6.921611104725110E-002
   3.69100000000000      -6.917721429295350E-002
   3.69200000000000      -6.913850835689876E-002
   3.69300000000000      -6.909999240466315E-002
   3.69400000000000      -6.906166551560598E-002
   3.69500000000000      -6.902352685359274E-002
   3.69600000000000      -6.898557551797849E-002
   3.69700000000000      -6.894781064998852E-002
   3.69800000000000      -6.891023137966824E-002
   3.69900000000000      -6.887283683536570E-002
   3.70000000000000      -6.883562614245800E-002
   3.70100000000000      -6.879859843454540E-002
   3.70200000000000      -6.876175285339149E-002
   3.70300000000000      -6.872508852640390E-002
   3.70400000000000      -6.868860458184473E-002
   3.70500000000000      -6.865230016373350E-002
   3.70600000000000      -6.861617440600037E-002
   3.70700000000000      -6.864856932028865E-002
   3.70800000000000      -6.861246191472098E-002
   3.70900000000000      -6.857653223547623E-002
   3.71000000000000      -6.854077936647410E-002
   3.71100000000000      -6.850520251581080E-002
   3.71200000000000      -6.846980075770849E-002
   3.71300000000000      -6.843457328641935E-002
   3.71400000000000      -6.839951919871456E-002
   3.71500000000000      -6.836463767512277E-002
   3.71600000000000      -6.832992783126776E-002
   3.71700000000000      -6.829538882383231E-002
   3.71800000000000      -6.826101979163669E-002
   3.71900000000000      -6.822681988825841E-002
   3.72000000000000      -6.819278825514746E-002
   3.72100000000000      -6.815892404759520E-002
   3.72200000000000      -6.812522640172697E-002
   3.72300000000000      -6.809169447962887E-002
   3.72400000000000      -6.805832742983797E-002
   3.72500000000000      -6.808824853735229E-002
   3.72600000000000      -6.805489844161608E-002
   3.72700000000000      -6.802171224868980E-002
   3.72800000000000      -6.798868917436753E-002
   3.72900000000000      -6.795582832587892E-002
   3.73000000000000      -6.792312889177259E-002
   3.73100000000000      -6.789059000998096E-002
   3.73200000000000      -6.785821083890051E-002
   3.73300000000000      -6.782599054782346E-002
   3.73400000000000      -6.779392828754183E-002
   3.73500000000000      -6.776202321796143E-002
   3.73600000000000      -6.773027451031377E-002
   3.73700000000000      -6.769868132836140E-002
   3.73800000000000      -6.766724281788335E-002
   3.73900000000000      -6.763595816902966E-002
   3.74000000000000      -6.760482654892480E-002
   3.74100000000000      -6.757384709863343E-002
   3.74200000000000      -6.754301901528309E-002
   3.74300000000000      -6.757066340977481E-002
   3.74400000000000      -6.753985088149460E-002
   3.74500000000000      -6.750918879438114E-002
   3.74600000000000      -6.747867630816864E-002
   3.74700000000000      -6.744831261941829E-002
   3.74800000000000      -6.741809688098158E-002
   3.74900000000000      -6.738802829097285E-002
   3.75000000000000      -6.735810600976887E-002
   3.75100000000000      -6.732832923606273E-002
   3.75200000000000      -6.729869711484961E-002
   3.75300000000000      -6.726920885009920E-002
   3.75400000000000      -6.723986363020266E-002
   3.75500000000000      -6.721066062392370E-002
   3.75600000000000      -6.718159901992078E-002
   3.75700000000000      -6.715267801089991E-002
   3.75800000000000      -6.712389677881500E-002
   3.75900000000000      -6.709525451196711E-002
   3.76000000000000      -6.706675040222322E-002
   3.76100000000000      -6.703838364094604E-002
   3.76200000000000      -6.706382099119952E-002
   3.76300000000000      -6.703546834882634E-002
   3.76400000000000      -6.700725213687700E-002
   3.76500000000000      -6.697917161219863E-002
   3.76600000000000      -6.695122590553211E-002
   3.76700000000000      -6.692341426373799E-002
   3.76800000000000      -6.689573585239779E-002
   3.76900000000000      -6.686818988559645E-002
   3.77000000000000      -6.684077557009957E-002
   3.77100000000000      -6.681349210568838E-002
   3.77200000000000      -6.678633868375283E-002
   3.77300000000000      -6.675931452817209E-002
   3.77400000000000      -6.673241884523391E-002
   3.77500000000000      -6.670565082662407E-002
   3.77600000000000      -6.667900969068886E-002
   3.77700000000000      -6.665249466395359E-002
   3.77800000000000      -6.662610493789824E-002
   3.77900000000000      -6.659983973491751E-002
   3.78000000000000      -6.662339267385242E-002
   3.78100000000000      -6.659714027213276E-002
   3.78200000000000      -6.657101149958214E-002
   3.78300000000000      -6.654500563863748E-002
   3.78400000000000      -6.651912184975341E-002
   3.78500000000000      -6.649335939375550E-002
   3.78600000000000      -6.646771747539103E-002
   3.78700000000000      -6.644219531652312E-002
   3.78800000000000      -6.641679214228625E-002
   3.78900000000000      -6.639150719576015E-002
   3.79000000000000      -6.636633969908613E-002
   3.79100000000000      -6.634128887484986E-002
   3.79200000000000      -6.631635395085075E-002
   3.79300000000000      -6.629153417513227E-002
   3.79400000000000      -6.626682876957660E-002
   3.79500000000000      -6.624223698680778E-002
   3.79600000000000      -6.621775804697455E-002
   3.79700000000000      -6.619339119256144E-002
   3.79800000000000      -6.616913568643536E-002
   3.79900000000000      -6.619088661994348E-002
   3.80000000000000      -6.616664256519041E-002
   3.80100000000000      -6.614250896483950E-002
   3.80200000000000      -6.611848512911984E-002
   3.80300000000000      -6.609457027038214E-002
   3.80400000000000      -6.607076365983186E-002
   3.80500000000000      -6.604706452521480E-002
   3.80600000000000      -6.602347214679974E-002
   3.80700000000000      -6.599998574508860E-002
   3.80800000000000      -6.597660460518709E-002
   3.80900000000000      -6.595332796045862E-002
   3.81000000000000      -6.593015508213057E-002
   3.81100000000000      -6.590708523148882E-002
   3.81200000000000      -6.588411765480706E-002
   3.81300000000000      -6.586125163590338E-002
   3.81400000000000      -6.583848643169977E-002
   3.81500000000000      -6.581582131073706E-002
   3.81600000000000      -6.579325553668425E-002
   3.81700000000000      -6.581349142689491E-002
   3.81800000000000      -6.579093584851402E-002
   3.81900000000000      -6.576847881088384E-002
   3.82000000000000      -6.574611960131088E-002
   3.82100000000000      -6.572385747174138E-002
   3.82200000000000      -6.570169172286788E-002
   3.82300000000000      -6.567962161821871E-002
   3.82400000000000      -6.565764643602139E-002
   3.82500000000000      -6.563576546449025E-002
   3.82600000000000      -6.561397788099367E-002
   3.82700000000000      -6.559228279768073E-002
   3.82800000000000      -6.557067924079715E-002
   3.82900000000000      -6.554916626968277E-002
   3.83000000000000      -6.552774295578709E-002
   3.83100000000000      -6.550640833524066E-002
   3.83200000000000      -6.548516147443280E-002
   3.83300000000000      -6.546400143933993E-002
   3.83400000000000      -6.544292729257789E-002
   3.83500000000000      -6.546182587252240E-002
   3.83600000000000      -6.544076055026989E-002
   3.83700000000000      -6.541978001703715E-002
   3.83800000000000      -6.539888345351050E-002
   3.83900000000000      -6.537806983377736E-002
   3.84000000000000      -6.535733827804928E-002
   3.84100000000000      -6.533668783041777E-002
   3.84200000000000      -6.531611756578463E-002
   3.84300000000000      -6.529562654172123E-002
   3.84400000000000      -6.527521384645694E-002
   3.84500000000000      -6.525487854088220E-002
   3.84600000000000      -6.523461970138386E-002
   3.84700000000000      -6.521443639510643E-002
   3.84800000000000      -6.519432770507869E-002
   3.84900000000000      -6.517429270891395E-002
   3.85000000000000      -6.515433047316681E-002
   3.85100000000000      -6.513444008385923E-002
   3.85200000000000      -6.511462061526684E-002
   3.85300000000000      -6.509487116394558E-002
   3.85400000000000      -6.511258227505431E-002
   3.85500000000000      -6.509284002993879E-002
   3.85600000000000      -6.507316668101322E-002
   3.85700000000000      -6.505356148699327E-002
   3.85800000000000      -6.503402339731190E-002
   3.85900000000000      -6.501455159099817E-002
   3.86000000000000      -6.499514508765233E-002
   3.86100000000000      -6.497580302134329E-002
   3.86200000000000      -6.495652445366075E-002
   3.86300000000000      -6.493730848897410E-002
   3.86400000000000      -6.491815421211605E-002
   3.86500000000000      -6.489906071831328E-002
   3.86600000000000      -6.488002710544848E-002
   3.86700000000000      -6.486105246046522E-002
   3.86800000000000      -6.484213589147962E-002
   3.86900000000000      -6.482327647338407E-002
   3.87000000000000      -6.480447332581475E-002
   3.87100000000000      -6.478572554235731E-002
   3.87200000000000      -6.480253891415279E-002
   3.87300000000000      -6.478379676824096E-002
   3.87400000000000      -6.476510902460117E-002
   3.87500000000000      -6.474647473519182E-002
   3.87600000000000      -6.472789302624930E-002
   3.87700000000000      -6.470936299729452E-002
   3.87800000000000      -6.469088376199117E-002
   3.87900000000000      -6.467245441922345E-002
   3.88000000000000      -6.465407407886614E-002
   3.88100000000000      -6.463574185801343E-002
   3.88200000000000      -6.461745685642799E-002
   3.88300000000000      -6.459921819445032E-002
   3.88400000000000      -6.458102498231430E-002
   3.88500000000000      -6.456287633781609E-002
   3.88600000000000      -6.454477137010273E-002
   3.88700000000000      -6.452670919360733E-002
   3.88800000000000      -6.450868894678372E-002
   3.88900000000000      -6.449070973105138E-002
   3.89000000000000      -6.447277066357487E-002
   3.89100000000000      -6.448885936085991E-002
   3.89200000000000      -6.447092435479429E-002
   3.89300000000000      -6.445302859867524E-002
   3.89400000000000      -6.443517110665108E-002
   3.89500000000000      -6.441735108398546E-002
   3.89600000000000      -6.439956760433377E-002
   3.89700000000000      -6.438181982870614E-002
   3.89800000000000      -6.436410686963981E-002
   3.89900000000000      -6.434642785353505E-002
   3.90000000000000      -6.432878191901734E-002
   3.90100000000000      -6.431116820557264E-002
   3.90200000000000      -6.429358583269189E-002
   3.90300000000000      -6.427603394240916E-002
   3.90400000000000      -6.425851166863968E-002
   3.90500000000000      -6.424101814968074E-002
   3.90600000000000      -6.422355252701119E-002
   3.90700000000000      -6.420611394083242E-002
   3.90800000000000      -6.418870153741747E-002
   3.90900000000000      -6.420431845893305E-002
   3.91000000000000      -6.418690872355128E-002
   3.91100000000000      -6.416952417850341E-002
   3.91200000000000      -6.415216402436555E-002
   3.91300000000000      -6.413482738956451E-002
   3.91400000000000      -6.411751343029767E-002
   3.91500000000000      -6.410022126423939E-002
   3.91600000000000      -6.408295009116961E-002
   3.91700000000000      -6.406569901703443E-002
   3.91800000000000      -6.404846721262565E-002
   3.91900000000000      -6.403125383280787E-002
   3.92000000000000      -6.401405803299851E-002
   3.92100000000000      -6.399687895952846E-002
   3.92200000000000      -6.397971577796793E-002
   3.92300000000000      -6.396256764282281E-002
   3.92400000000000      -6.394543370904922E-002
   3.92500000000000      -6.392831315262300E-002
   3.92600000000000      -6.391120513474800E-002
   3.92700000000000      -6.389410879931953E-002
   3.92800000000000      -6.390944291449814E-002
   3.92900000000000      -6.389234772716375E-002
   3.93000000000000      -6.387526332979840E-002
   3.93100000000000      -6.385818888907331E-002
   3.93200000000000      -6.384112353347163E-002
   3.93300000000000      -6.382406647601990E-002
   3.93400000000000      -6.380701686148101E-002
   3.93500000000000      -6.378997386554203E-002
   3.93600000000000      -6.377293666704861E-002
   3.93700000000000      -6.375590444256415E-002
   3.93800000000000      -6.373887636300032E-002
   3.93900000000000      -6.372185161011441E-002
   3.94000000000000      -6.370482935532101E-002
   3.94100000000000      -6.368780878139724E-002
   3.94200000000000      -6.367078907338602E-002
   3.94300000000000      -6.365376940893851E-002
   3.94400000000000      -6.363674897848035E-002
   3.94500000000000      -6.361972696277224E-002
   3.94600000000000      -6.363499502408852E-002
   3.94700000000000      -6.361797279293124E-002
   3.94800000000000      -6.360094808885582E-002
   3.94900000000000      -6.358392009181273E-002
   3.95000000000000      -6.356688798011217E-002
   3.95100000000000      -6.354985096836571E-002
   3.95200000000000      -6.353280823241247E-002
   3.95300000000000      -6.351575896375811E-002
   3.95400000000000      -6.349870236984903E-002
   3.95500000000000      -6.348163763828939E-002
   3.95600000000000      -6.346456396818753E-002
   3.95700000000000      -6.344748055078031E-002
   3.95800000000000      -6.343038659984562E-002
   3.95900000000000      -6.341328131589914E-002
   3.96000000000000      -6.339616390358749E-002
   3.96100000000000      -6.337903355530271E-002
   3.96200000000000      -6.336188948190230E-002
   3.96300000000000      -6.334473088827149E-002
   3.96400000000000      -6.336012205170360E-002
   3.96500000000000      -6.334296190964286E-002
   3.96600000000000      -6.332578638937190E-002
   3.96700000000000      -6.330859468597430E-002
   3.96800000000000      -6.329138600132111E-002
   3.96900000000000      -6.327415958016069E-002
   3.97000000000000      -6.325691459292741E-002
   3.97100000000000      -6.323965030083126E-002
   3.97200000000000      -6.322236588333247E-002
   3.97300000000000      -6.320506057836173E-002
   3.97400000000000      -6.318773360358780E-002
   3.97500000000000      -6.317038416916622E-002
   3.97600000000000      -6.315301150126222E-002
   3.97700000000000      -6.313561482508709E-002
   3.97800000000000      -6.311819337387981E-002
   3.97900000000000      -6.310074635405157E-002
   3.98000000000000      -6.308327301133895E-002
   3.98100000000000      -6.306577257159118E-002
   3.98200000000000      -6.304824424644108E-002
   3.98300000000000      -6.306396766702399E-002
   3.98400000000000      -6.304643641178716E-002
   3.98500000000000      -6.302887646103078E-002
   3.98600000000000      -6.301128704258156E-002
   3.98700000000000      -6.299366732753613E-002
   3.98800000000000      -6.297601664701098E-002
   3.98900000000000      -6.295833414295236E-002
   3.99000000000000      -6.294061913224659E-002
   3.99100000000000      -6.292287079620018E-002
   3.99200000000000      -6.290508841385084E-002
   3.99300000000000      -6.288727119968189E-002
   3.99400000000000      -6.286941841748479E-002
   3.99500000000000      -6.285152930764273E-002
   3.99600000000000      -6.283360311672176E-002
   3.99700000000000      -6.281563909393034E-002
   3.99800000000000      -6.279763647263850E-002
   3.99900000000000      -6.277959452284383E-002
   4.00000000000000      -6.276151248688795E-002
   4.00100000000000      -6.277773312251696E-002
   4.00200000000000      -6.275964689327922E-002
   4.00300000000000      -6.274151979666510E-002
   4.00400000000000      -6.272335101071172E-002
   4.00500000000000      -6.270513984997769E-002
   4.00600000000000      -6.268688553638589E-002
   4.00700000000000      -6.266858735299549E-002
   4.00800000000000      -6.265024453460866E-002
   4.00900000000000      -6.263185636589762E-002
   4.01000000000000      -6.261342209081100E-002
   4.01100000000000      -6.259494098297290E-002
   4.01200000000000      -6.257641230257534E-002
   4.01300000000000      -6.255783532857220E-002
   4.01400000000000      -6.253920930908780E-002
   4.01500000000000      -6.252053352888721E-002
   4.01600000000000      -6.250180725083102E-002
   4.01700000000000      -6.248302975029295E-002
   4.01800000000000      -6.246420030570910E-002
   4.01900000000000      -6.244531816739259E-002
   4.02000000000000      -6.246225703865612E-002
   4.02100000000000      -6.244336942680346E-002
   4.02200000000000      -6.242442834309909E-002
   4.02300000000000      -6.240543309621874E-002
   4.02400000000000      -6.238638289363251E-002
   4.02500000000000      -6.236727706786670E-002
   4.02600000000000      -6.234811488757153E-002
   4.02700000000000      -6.232889562259872E-002
   4.02800000000000      -6.230961857660379E-002
   4.02900000000000      -6.229028301906896E-002
   4.03000000000000      -6.227088824011148E-002
   4.03100000000000      -6.225143352411307E-002
   4.03200000000000      -6.223191818012653E-002
   4.03300000000000      -6.221234147900621E-002
   4.03400000000000      -6.219270271247645E-002
   4.03500000000000      -6.217300116732635E-002
   4.03600000000000      -6.215323615791363E-002
   4.03700000000000      -6.213340698616680E-002
   4.03800000000000      -6.215119580807774E-002
   4.03900000000000      -6.213136000791860E-002
   4.04000000000000      -6.211145919622988E-002
   4.04100000000000      -6.209149275750488E-002
   4.04200000000000      -6.207145993868305E-002
   4.04300000000000      -6.205136009645702E-002
   4.04400000000000      -6.203119247322790E-002
   4.04500000000000      -6.201095643079495E-002
   4.04600000000000      -6.199065122478140E-002
   4.04700000000000      -6.197027618613442E-002
   4.04800000000000      -6.194983061238878E-002
   4.04900000000000      -6.192931382362597E-002
   4.05000000000000      -6.190872511874438E-002
   4.05100000000000      -6.188806380829180E-002
   4.05200000000000      -6.186732921515730E-002
   4.05300000000000      -6.184652065079767E-002
   4.05400000000000      -6.182563742145646E-002
   4.05500000000000      -6.180467885780063E-002
   4.05600000000000      -6.182348121271527E-002
   4.05700000000000      -6.180251486351220E-002
   4.05800000000000      -6.178147238541566E-002
   4.05900000000000      -6.176035314225595E-002
   4.06000000000000      -6.173915643867128E-002
   4.06100000000000      -6.171788161016762E-002
   4.06200000000000      -6.169652795778705E-002
   4.06300000000000      -6.167509483417843E-002
   4.06400000000000      -6.165358153112820E-002
   4.06500000000000      -6.163198740479764E-002
   4.06600000000000      -6.161031176322292E-002
   4.06700000000000      -6.158855394920359E-002
   4.06800000000000      -6.156671327925955E-002
   4.06900000000000      -6.154478909582328E-002
   4.07000000000000      -6.152278073124968E-002
   4.07100000000000      -6.150068751317527E-002
   4.07200000000000      -6.147850877948729E-002
   4.07300000000000      -6.145624386464911E-002
   4.07400000000000      -6.143389211072869E-002
   4.07500000000000      -6.145394463320761E-002
   4.07600000000000      -6.143158390776788E-002
   4.07700000000000      -6.140913558131254E-002
   4.07800000000000      -6.138659907807374E-002
   4.07900000000000      -6.136397363517907E-002
   4.08000000000000      -6.134125867694792E-002
   4.08100000000000      -6.131845351332052E-002
   4.08200000000000      -6.129555749491029E-002
   4.08300000000000      -6.127256996494702E-002
   4.08400000000000      -6.124949027081372E-002
   4.08500000000000      -6.122631776988691E-002
   4.08600000000000      -6.120305181133114E-002
   4.08700000000000      -6.117969173598563E-002
   4.08800000000000      -6.115623691378360E-002
   4.08900000000000      -6.113268668122365E-002
   4.09000000000000      -6.110904040063541E-002
   4.09100000000000      -6.108529743589006E-002
   4.09200000000000      -6.106145712974245E-002
   4.09300000000000      -6.108284531104106E-002
   4.09400000000000      -6.105899492279877E-002
   4.09500000000000      -6.103504652752787E-002
   4.09600000000000      -6.101099941076732E-002
   4.09700000000000      -6.098685300978927E-002
   4.09800000000000      -6.096260662951598E-002
   4.09900000000000      -6.093825965042705E-002
   4.10000000000000      -6.091381146046768E-002
   4.10100000000000      -6.088926139253226E-002
   4.10200000000000      -6.086460883309158E-002
   4.10300000000000      -6.083985313757970E-002
   4.10400000000000      -6.081499368515753E-002
   4.10500000000000      -6.079002984663273E-002
   4.10600000000000      -6.076496099674853E-002
   4.10700000000000      -6.073978648982742E-002
   4.10800000000000      -6.071450571904185E-002
   4.10900000000000      -6.068911804950955E-002
   4.11000000000000      -6.066362286473663E-002
   4.11100000000000      -6.063801954658773E-002
   4.11200000000000      -6.066098954924692E-002
   4.11300000000000      -6.063537506872767E-002
   4.11400000000000      -6.060965172740740E-002
   4.11500000000000      -6.058381894330973E-002
   4.11600000000000      -6.055787611286748E-002
   4.11700000000000      -6.053182257360210E-002
   4.11800000000000      -6.050565775465745E-002
   4.11900000000000      -6.047938100870200E-002
   4.12000000000000      -6.045299174319460E-002
   4.12100000000000      -6.042648933249129E-002
   4.12200000000000      -6.039987316520163E-002
   4.12300000000000      -6.037314263524896E-002
   4.12400000000000      -6.034629712478468E-002
   4.12500000000000      -6.031933602539881E-002
   4.12600000000000      -6.029225873666109E-002
   4.12700000000000      -6.026506465138549E-002
   4.12800000000000      -6.023775317059739E-002
   4.12900000000000      -6.021032367577017E-002
   4.13000000000000      -6.023493213879113E-002
   4.13100000000000      -6.020749046573881E-002
   4.13200000000000      -6.017993007618532E-002
   4.13300000000000      -6.015225046631976E-002
   4.13400000000000      -6.012445093517863E-002
   4.13500000000000      -6.009653094749053E-002
   4.13600000000000      -6.006848987934255E-002
   4.13700000000000      -6.004032713943119E-002
   4.13800000000000      -6.001204213773625E-002
   4.13900000000000      -5.998363427437742E-002
   4.14000000000000      -5.995510294469165E-002
   4.14100000000000      -5.992644756217846E-002
   4.14200000000000      -5.989766754075588E-002
   4.14300000000000      -5.986876227608079E-002
   4.14400000000000      -5.983973119570915E-002
   4.14500000000000      -5.981057369829679E-002
   4.14600000000000      -5.978128919666946E-002
   4.14700000000000      -5.975187710979300E-002
   4.14800000000000      -5.977826430116060E-002
   4.14900000000000      -5.974883906049602E-002
   4.15000000000000      -5.971928552198390E-002
   4.15100000000000      -5.968960322350202E-002
   4.15200000000000      -5.965979147290558E-002
   4.15300000000000      -5.962984977058692E-002
   4.15400000000000      -5.959977747326124E-002
   4.15500000000000      -5.956957405123460E-002
   4.15600000000000      -5.953923888394249E-002
   4.15700000000000      -5.950877142344425E-002
   4.15800000000000      -5.947817106985601E-002
   4.15900000000000      -5.944743726127178E-002
   4.16000000000000      -5.941656941389681E-002
   4.16100000000000      -5.938556695454048E-002
   4.16200000000000      -5.935442931516317E-002
   4.16300000000000      -5.932315591883865E-002
   4.16400000000000      -5.929174619056749E-002
   4.16500000000000      -5.926019957162350E-002
   4.16600000000000      -5.922851547701851E-002
   4.16700000000000      -5.925694103203900E-002
   4.16800000000000      -5.922524273210851E-002
   4.16900000000000      -5.919340634929924E-002
   4.17000000000000      -5.916143131492388E-002
   4.17100000000000      -5.912931703858412E-002
   4.17200000000000      -5.909706297542463E-002
   4.17300000000000      -5.906466855792296E-002
   4.17400000000000      -5.903213320497153E-002
   4.17500000000000      -5.899945638317008E-002
   4.17600000000000      -5.896663751040618E-002
   4.17700000000000      -5.893367603035143E-002
   4.17800000000000      -5.890057139013091E-002
   4.17900000000000      -5.886732302639913E-002
   4.18000000000000      -5.883393037867694E-002
   4.18100000000000      -5.880039289505454E-002
   4.18200000000000      -5.876671002174492E-002
   4.18300000000000      -5.873288118673784E-002
   4.18400000000000      -5.869890585731007E-002
   4.18500000000000      -5.872938694678138E-002
   4.18600000000000      -5.869539650428655E-002
   4.18700000000000      -5.866125892149697E-002
   4.18800000000000      -5.862697370878499E-002
   4.18900000000000      -5.859254024333894E-002
   4.19000000000000      -5.855795804272106E-002
   4.19100000000000      -5.852322651219692E-002
   4.19200000000000      -5.848834511658706E-002
   4.19300000000000      -5.845331331945983E-002
   4.19400000000000      -5.841813055837480E-002
   4.19500000000000      -5.838279630664152E-002
   4.19600000000000      -5.834731000723372E-002
   4.19700000000000      -5.831167110971883E-002
   4.19800000000000      -5.827587908717321E-002
   4.19900000000000      -5.823993338380652E-002
   4.20000000000000      -5.820383346631456E-002
   4.20100000000000      -5.816757879444180E-002
   4.20200000000000      -5.813116882455440E-002
   4.20300000000000      -5.809460302933350E-002
   4.20400000000000      -5.812740808369325E-002
   4.20500000000000      -5.809082620282616E-002
   4.20600000000000      -5.805408788804203E-002
   4.20700000000000      -5.801719260930026E-002
   4.20800000000000      -5.798013982520785E-002
   4.20900000000000      -5.794292902316712E-002
   4.21000000000000      -5.790555964147421E-002
   4.21100000000000      -5.786803116383641E-002
   4.21200000000000      -5.783034305533517E-002
   4.21300000000000      -5.779249478635107E-002
   4.21400000000000      -5.775448581410025E-002
   4.21500000000000      -5.771631561747004E-002
   4.21600000000000      -5.767798366681428E-002
   4.21700000000000      -5.763948944284987E-002
   4.21800000000000      -5.760083240758507E-002
   4.21900000000000      -5.756201203037010E-002
   4.22000000000000      -5.752302782370579E-002
   4.22100000000000      -5.748387956215551E-002
   4.22200000000000      -5.751900136425706E-002
   4.22300000000000      -5.747983617461903E-002
   4.22400000000000      -5.744050704079569E-002
   4.22500000000000      -5.740101397683209E-002
   4.22600000000000      -5.736135706877622E-002
   4.22700000000000      -5.732153639002988E-002
   4.22800000000000      -5.728155200649553E-002
   4.22900000000000      -5.724140401623853E-002
   4.23000000000000      -5.720109245984213E-002
   4.23100000000000      -5.716061745220981E-002
   4.23200000000000      -5.711997906719958E-002
   4.23300000000000      -5.707917738856186E-002
   4.23400000000000      -5.703821251060616E-002
   4.23500000000000      -5.699708453522194E-002
   4.23600000000000      -5.695579354381972E-002
   4.23700000000000      -5.691433964751538E-002
   4.23800000000000      -5.687272293350346E-002
   4.23900000000000      -5.683094352498370E-002
   4.24000000000000      -5.686842524899218E-002
   4.24100000000000      -5.682662909708678E-002
   4.24200000000000      -5.678467032580325E-002
   4.24300000000000      -5.674254908501070E-002
   4.24400000000000      -5.670026546552068E-002
   4.24500000000000      -5.665781961988530E-002
   4.24600000000000      -5.661521161505958E-002
   4.24700000000000      -5.657244162407484E-002
   4.24800000000000      -5.652950971930771E-002
   4.24900000000000      -5.648641605881660E-002
   4.25000000000000      -5.644316075771491E-002
   4.25100000000000      -5.639974395818274E-002
   4.25200000000000      -5.635616578081138E-002
   4.25300000000000      -5.631242637952429E-002
   4.25400000000000      -5.626852587523750E-002
   4.25500000000000      -5.622446440831392E-002
   4.25600000000000      -5.618024214455236E-002
   4.25700000000000      -5.613585921833474E-002
   4.25800000000000      -5.609131576695266E-002
   4.25900000000000      -5.613127663387798E-002
   4.26000000000000      -5.608671663378342E-002
   4.26100000000000      -5.604199632319350E-002
   4.26200000000000      -5.599711581225918E-002
   4.26300000000000      -5.595207527275609E-002
   4.26400000000000      -5.590687486588938E-002
   4.26500000000000      -5.586151475634608E-002
   4.26600000000000      -5.581599509241821E-002
   4.26700000000000      -5.577031607633177E-002
   4.26800000000000      -5.572447784721866E-002
   4.26900000000000      -5.567848060766630E-002
   4.27000000000000      -5.563232450557497E-002
   4.27100000000000      -5.558600973720102E-002
   4.27200000000000      -5.553953648991324E-002
   4.27300000000000      -5.549290493191700E-002
   4.27400000000000      -5.544611526389899E-002
   4.27500000000000      -5.539916766958109E-002
   4.27600000000000      -5.535206234264149E-002
   4.27700000000000      -5.539432097110545E-002
   4.27800000000000      -5.534719936514779E-002
   4.27900000000000      -5.529992033222823E-002
   4.28000000000000      -5.525248389850435E-002
   4.28100000000000      -5.520489041756313E-002
   4.28200000000000      -5.515713997037839E-002
   4.28300000000000      -5.510923286400192E-002
   4.28400000000000      -5.506116922822380E-002
   4.28500000000000      -5.501294933397076E-002
   4.28600000000000      -5.496457335753810E-002
   4.28700000000000      -5.491604153210734E-002
   4.28800000000000      -5.486735407824907E-002
   4.28900000000000      -5.481851121940874E-002
   4.29000000000000      -5.476951316953316E-002
   4.29100000000000      -5.472036016257858E-002
   4.29200000000000      -5.467105243951599E-002
   4.29300000000000      -5.462159022369392E-002
   4.29400000000000      -5.457197374716005E-002
   4.29500000000000      -5.452220325516714E-002
   4.29600000000000      -5.456685222854091E-002
   4.29700000000000      -5.451706587431084E-002
   4.29800000000000      -5.446712578446821E-002
   4.29900000000000      -5.441703218040989E-002
   4.30000000000000      -5.436678531315105E-002
   4.30100000000000      -5.431638543990645E-002
   4.30200000000000      -5.426583279905029E-002
   4.30300000000000      -5.421512767588446E-002
   4.30400000000000      -5.416427028609073E-002
   4.30500000000000      -5.411326092052002E-002
   4.30600000000000      -5.406209983356158E-002
   4.30700000000000      -5.401078729246823E-002
   4.30800000000000      -5.395932355951188E-002
   4.30900000000000      -5.390770890525927E-002
   4.31000000000000      -5.385594360704175E-002
   4.31100000000000      -5.380402794776286E-002
   4.31200000000000      -5.375196219819590E-002
   4.31300000000000      -5.369974663796889E-002
   4.31400000000000      -5.374658852678078E-002
   4.31500000000000      -5.369435754096508E-002
   4.31600000000000      -5.364197707657690E-002
   4.31700000000000      -5.358944736584630E-002
   4.31800000000000      -5.353676879609715E-002
   4.31900000000000      -5.348394154846080E-002
   4.32000000000000      -5.343096600802958E-002
   4.32100000000000      -5.337784241093742E-002
   4.32200000000000      -5.332457109423172E-002
   4.32300000000000      -5.327115234347506E-002
   4.32400000000000      -5.321758647526501E-002
   4.32500000000000      -5.316387378722388E-002
   4.32600000000000      -5.311001459311756E-002
   4.32700000000000      -5.305600921088644E-002
   4.32800000000000      -5.300185795488041E-002
   4.32900000000000      -5.294756113469960E-002
   4.33000000000000      -5.289311908830318E-002
   4.33100000000000      -5.283853213524038E-002
   4.33200000000000      -5.278380060236348E-002
   4.33300000000000      -5.283289895146812E-002
   4.33400000000000      -5.277815255885793E-002
   4.33500000000000      -5.272326190050594E-002
   4.33600000000000      -5.266822739383419E-002
   4.33700000000000      -5.261304930711119E-002
   4.33800000000000      -5.255772802424412E-002
   4.33900000000000      -5.250226385626543E-002
   4.34000000000000      -5.244665716395727E-002
   4.34100000000000      -5.239090828716837E-002
   4.34200000000000      -5.233501757662320E-002
   4.34300000000000      -5.227898537607531E-002
   4.34400000000000      -5.222281203962761E-002
   4.34500000000000      -5.216649793287323E-002
   4.34600000000000      -5.211004341506741E-002
   4.34700000000000      -5.205344883725899E-002
   4.34800000000000      -5.199671456531504E-002
   4.34900000000000      -5.193984096506023E-002
   4.35000000000000      -5.188282842066792E-002
   4.35100000000000      -5.193397248019057E-002
   4.35200000000000      -5.187694564235997E-002
   4.35300000000000      -5.181978025069833E-002
   4.35400000000000      -5.176247670811806E-002
   4.35500000000000      -5.170503533528465E-002
   4.35600000000000      -5.164745659181653E-002
   4.35700000000000      -5.158974080057469E-002
   4.35800000000000      -5.153188837153067E-002
   4.35900000000000      -5.147389968871343E-002
   4.36000000000000      -5.141577513434836E-002
   4.36100000000000      -5.135751512023079E-002
   4.36200000000000      -5.129912003643097E-002
   4.36300000000000      -5.124059027530741E-002
   4.36400000000000      -5.118192623529039E-002
   4.36500000000000      -5.112312833206058E-002
   4.36600000000000      -5.106419697200391E-002
   4.36700000000000      -5.100513254951888E-002
   4.36800000000000      -5.094593549633367E-002
   4.36900000000000      -5.099903865007141E-002
   4.37000000000000      -5.093982798386663E-002
   4.37100000000000      -5.088048507236654E-002
   4.37200000000000      -5.082101042771305E-002
   4.37300000000000      -5.076140443326894E-002
   4.37400000000000      -5.070166751414953E-002
   4.37500000000000      -5.064180010295440E-002
   4.37600000000000      -5.058180261089915E-002
   4.37700000000000      -5.052167549414352E-002
   4.37800000000000      -5.046141916876552E-002
   4.37900000000000      -5.040103408007401E-002
   4.38000000000000      -5.034052065450623E-002
   4.38100000000000      -5.027987934162968E-002
   4.38200000000000      -5.021911058494502E-002
   4.38300000000000      -5.015821484068331E-002
   4.38400000000000      -5.009719253678114E-002
   4.38500000000000      -5.003604414175693E-002
   4.38600000000000      -4.997477010896849E-002
   4.38700000000000      -4.991337088203016E-002
   4.38800000000000      -4.996844895551895E-002
   4.38900000000000      -4.990703687134953E-002
   4.39000000000000      -4.984550006884897E-002
   4.39100000000000      -4.978383910817213E-002
   4.39200000000000      -4.972205435511545E-002
   4.39300000000000      -4.966014634700590E-002
   4.39400000000000      -4.959811551905061E-002
   4.39500000000000      -4.953596235902531E-002
   4.39600000000000      -4.947368733485186E-002
   4.39700000000000      -4.941129092074953E-002
   4.39800000000000      -4.934877360946548E-002
   4.39900000000000      -4.928613588440292E-002
   4.40000000000000      -4.922337822542790E-002
   4.40100000000000      -4.916050112155404E-002
   4.40200000000000      -4.909750507172231E-002
   4.40300000000000      -4.903439056693218E-002
   4.40400000000000      -4.897115809914107E-002
   4.40500000000000      -4.890780817085256E-002
   4.40600000000000      -4.896463558181354E-002
   4.40700000000000      -4.890127357546375E-002
   4.40800000000000      -4.883779467096522E-002
   4.40900000000000      -4.877419936641811E-002
   4.41000000000000      -4.871048816326033E-002
   4.41100000000000      -4.864666160103039E-002
   4.41200000000000      -4.858272013787321E-002
   4.41300000000000      -4.851866434442447E-002
   4.41400000000000      -4.845449470615340E-002
   4.41500000000000      -4.839021174998654E-002
   4.41600000000000      -4.832581601631374E-002
   4.41700000000000      -4.826130801134669E-002
   4.41800000000000      -4.819668827405303E-002
   4.41900000000000      -4.813195732663874E-002
   4.42000000000000      -4.806711571926242E-002
   4.42100000000000      -4.800216396857839E-002
   4.42200000000000      -4.793710263680358E-002
   4.42300000000000      -4.787193223703331E-002
   4.42400000000000      -4.780665334663622E-002
   4.42500000000000      -4.786521052738644E-002
   4.42600000000000      -4.779992048702756E-002
   4.42700000000000      -4.773452255615175E-002
   4.42800000000000      -4.766901724154166E-002
   4.42900000000000      -4.760340515134894E-002
   4.43000000000000      -4.753768680861752E-002
   4.43100000000000      -4.747186277738259E-002
   4.43200000000000      -4.740593362717954E-002
   4.43300000000000      -4.733989990822057E-002
   4.43400000000000      -4.727376220309334E-002
   4.43500000000000      -4.720752106094055E-002
   4.43600000000000      -4.714117706506053E-002
   4.43700000000000      -4.707473079601111E-002
   4.43800000000000      -4.700818281998159E-002
   4.43900000000000      -4.694153371255597E-002
   4.44000000000000      -4.687478405575054E-002
   4.44100000000000      -4.680793444730659E-002
   4.44200000000000      -4.674098546370251E-002
   4.44300000000000      -4.680104022499743E-002
   4.44400000000000      -4.673408104084364E-002
   4.44500000000000      -4.666702312033151E-002
   4.44600000000000      -4.659986710041456E-002
   4.44700000000000      -4.653261352026161E-002
   4.44800000000000      -4.646526301489920E-002
   4.44900000000000      -4.639781616790932E-002
   4.45000000000000      -4.633027359610781E-002
   4.45100000000000      -4.626263589534218E-002
   4.45200000000000      -4.619490367641543E-002
   4.45300000000000      -4.612707755053221E-002
   4.45400000000000      -4.605915813712849E-002
   4.45500000000000      -4.599114604497893E-002
   4.45600000000000      -4.592304189282903E-002
   4.45700000000000      -4.585484630525255E-002
   4.45800000000000      -4.578655990718031E-002
   4.45900000000000      -4.571818332194925E-002
   4.46000000000000      -4.564971719190058E-002
   4.46100000000000      -4.571113229973366E-002
   4.46200000000000      -4.564265698391435E-002
   4.46300000000000      -4.557409280671024E-002
   4.46400000000000      -4.550544037621636E-002
   4.46500000000000      -4.543670040548729E-002
   4.46600000000000      -4.536787345904609E-002
   4.46700000000000      -4.529896022525045E-002
   4.46800000000000      -4.522996132787026E-002
   4.46900000000000      -4.516087743757347E-002
   4.47000000000000      -4.509170917923955E-002
   4.47100000000000      -4.502245722374670E-002
   4.47200000000000      -4.495312221930652E-002
   4.47300000000000      -4.488370483715105E-002
   4.47400000000000      -4.481420571255160E-002
   4.47500000000000      -4.474462554123818E-002
   4.47600000000000      -4.467496497559958E-002
   4.47700000000000      -4.460522467079236E-002
   4.47800000000000      -4.453540531716551E-002
   4.47900000000000      -4.446550759662071E-002
   4.48000000000000      -4.452820625834772E-002
   4.48100000000000      -4.445830051426395E-002
   4.48200000000000      -4.438831710764578E-002
   4.48300000000000      -4.431825676630442E-002
   4.48400000000000      -4.424812014762446E-002
   4.48500000000000      -4.417790795663989E-002
   4.48600000000000      -4.410762086775730E-002
   4.48700000000000      -4.403725957322596E-002
   4.48800000000000      -4.396682476972223E-002
   4.48900000000000      -4.389631715057128E-002
   4.49000000000000      -4.382573742319007E-002
   4.49100000000000      -4.375508627760186E-002
   4.49200000000000      -4.368436442792135E-002
   4.49300000000000      -4.361357257411532E-002
   4.49400000000000      -4.354271142930970E-002
   4.49500000000000      -4.347178169812183E-002
   4.49600000000000      -4.340078410413692E-002
   4.49700000000000      -4.332971935305102E-002
   4.49800000000000      -4.339346428247932E-002
   4.49900000000000      -4.332239265288031E-002
   4.50000000000000      -4.325125466972180E-002
   4.50100000000000      -4.318005107230919E-002
   4.50200000000000      -4.310878256279600E-002
   4.50300000000000      -4.303744986128905E-002
   4.50400000000000      -4.296605372284711E-002
   4.50500000000000      -4.289459487509439E-002
   4.50600000000000      -4.282307404296622E-002
   4.50700000000000      -4.275149197799060E-002
   4.50800000000000      -4.267984941019975E-002
   4.50900000000000      -4.260814709340021E-002
   4.51000000000000      -4.253638576298949E-002
   4.51100000000000      -4.246456618150327E-002
   4.51200000000000      -4.239268909785304E-002
   4.51300000000000      -4.232075526078036E-002
   4.51400000000000      -4.224876542407301E-002
   4.51500000000000      -4.217672035744655E-002
   4.51600000000000      -4.210462082451150E-002
   4.51700000000000      -4.216929331513478E-002
   4.51800000000000      -4.209718821297472E-002
   4.51900000000000      -4.202502948918459E-002
   4.52000000000000      -4.195281789916241E-002
   4.52100000000000      -4.188055416991032E-002
   4.52200000000000      -4.180823900847559E-002
   4.52300000000000      -4.173587301743467E-002
   4.52400000000000      -4.166345687611326E-002
   4.52500000000000      -4.159099124473856E-002
   4.52600000000000      -4.151847676970619E-002
   4.52700000000000      -4.144591411866633E-002
   4.52800000000000      -4.137330396276238E-002
   4.52900000000000      -4.130064695406830E-002
   4.53000000000000      -4.122794376433984E-002
   4.53100000000000      -4.115519507699612E-002
   4.53200000000000      -4.108240155063855E-002
   4.53300000000000      -4.100956387159292E-002
   4.53400000000000      -4.093668271086449E-002
   4.53500000000000      -4.100205578662503E-002
   4.53600000000000      -4.092917017613708E-002
   4.53700000000000      -4.085624184498187E-002
   4.53800000000000      -4.078327148454557E-002
   4.53900000000000      -4.071025971956616E-002
   4.54000000000000      -4.063720732198002E-002
   4.54100000000000      -4.056411491252056E-002
   4.54200000000000      -4.049098322292306E-002
   4.54300000000000      -4.041781293583490E-002
   4.54400000000000      -4.034460473749305E-002
   4.54500000000000      -4.027135933343703E-002
   4.54600000000000      -4.019807742132225E-002
   4.54700000000000      -4.012475971150015E-002
   4.54800000000000      -4.005140690344521E-002
   4.54900000000000      -3.997801970435770E-002
   4.55000000000000      -3.990459883939401E-002
   4.55100000000000      -3.983114498905545E-002
   4.55200000000000      -3.975765889507372E-002
   4.55300000000000      -3.982357403442201E-002
   4.55400000000000      -3.975008466341740E-002
   4.55500000000000      -3.967656383014043E-002
   4.55600000000000      -3.960301223839583E-002
   4.55700000000000      -3.952943063776362E-002
   4.55800000000000      -3.945581972904838E-002
   4.55900000000000      -3.938218025044177E-002
   4.56000000000000      -3.930851293853600E-002
   4.56100000000000      -3.923481849890374E-002
   4.56200000000000      -3.916109768778550E-002
   4.56300000000000      -3.908735122190950E-002
   4.56400000000000      -3.901357985349881E-002
   4.56500000000000      -3.893978431113355E-002
   4.56600000000000      -3.886596534226329E-002
   4.56700000000000      -3.879212369666122E-002
   4.56800000000000      -3.871826010978462E-002
   4.56900000000000      -3.864437532893217E-002
   4.57000000000000      -3.857047011504837E-002
   4.57100000000000      -3.849654521955698E-002
   4.57200000000000      -3.856285337262061E-002
   4.57300000000000      -3.848892647914674E-002
   4.57400000000000      -3.841498076272160E-002
   4.57500000000000      -3.834101691007556E-002
   4.57600000000000      -3.826703576278439E-002
   4.57700000000000      -3.819303802252475E-002
   4.57800000000000      -3.811902448350985E-002
   4.57900000000000      -3.804499590017459E-002
   4.58000000000000      -3.797095305171908E-002
   4.58100000000000      -3.789689670846374E-002
   4.58200000000000      -3.782282764115142E-002
   4.58300000000000      -3.774874662025339E-002
   4.58400000000000      -3.767465442689021E-002
   4.58500000000000      -3.760055184958576E-002
   4.58600000000000      -3.752643966088611E-002
   4.58700000000000      -3.745231864648752E-002
   4.58800000000000      -3.737818960695354E-002
   4.58900000000000      -3.730405331746047E-002
   4.59000000000000      -3.737055050487539E-002
   4.59100000000000      -3.729641351094235E-002
   4.59200000000000      -3.722227014669657E-002
   4.59300000000000      -3.714812120697106E-002
   4.59400000000000      -3.707396748527703E-002
   4.59500000000000      -3.699980978738780E-002
   4.59600000000000      -3.692564889942122E-002
   4.59700000000000      -3.685148564246760E-002
   4.59800000000000      -3.677732080748095E-002
   4.59900000000000      -3.670315521542467E-002
   4.60000000000000      -3.662898966354388E-002
   4.60100000000000      -3.655482497293672E-002
   4.60200000000000      -3.648066195954375E-002
   4.60300000000000      -3.640650142911456E-002
   4.60400000000000      -3.633234421471102E-002
   4.60500000000000      -3.625819112923511E-002
   4.60600000000000      -3.618404300097812E-002
   4.60700000000000      -3.610990064082958E-002
   4.60800000000000      -3.603576489976457E-002
   4.60900000000000      -3.610226095145801E-002
   4.61000000000000      -3.602812593103048E-002
   4.61100000000000      -3.595399846440705E-002
   4.61200000000000      -3.587987930922808E-002
   4.61300000000000      -3.580576939009237E-002
   4.61400000000000      -3.573166946510182E-002
   4.61500000000000      -3.565758043400227E-002
   4.61600000000000      -3.558350310812288E-002
   4.61700000000000      -3.550943834255084E-002
   4.61800000000000      -3.543538697190220E-002
   4.61900000000000      -3.536134985725079E-002
   4.62000000000000      -3.528732783512140E-002
   4.62100000000000      -3.521332177225513E-002
   4.62200000000000      -3.513933252920372E-002
   4.62300000000000      -3.506536095230123E-002
   4.62400000000000      -3.499140789084118E-002
   4.62500000000000      -3.491747423401896E-002
   4.62600000000000      -3.484356081945871E-002
   4.62700000000000      -3.490985683918726E-002
   4.62800000000000      -3.483594553762921E-002
   4.62900000000000      -3.476205548961209E-002
   4.63000000000000      -3.468818749674139E-002
   4.63100000000000      -3.461434247143867E-002
   4.63200000000000      -3.454052125489838E-002
   4.63300000000000      -3.446672475273798E-002
   4.63400000000000      -3.439295381276981E-002
   4.63500000000000      -3.431920934588066E-002
   4.63600000000000      -3.424549220661686E-002
   4.63700000000000      -3.417180329608824E-002
   4.63800000000000      -3.409814350151617E-002
   4.63900000000000      -3.402451370496049E-002
   4.64000000000000      -3.395091479807163E-002
   4.64100000000000      -3.387734767272861E-002
   4.64200000000000      -3.380381323440340E-002
   4.64300000000000      -3.373031237491480E-002
   4.64400000000000      -3.365684599483178E-002
   4.64500000000000      -3.372274037082962E-002
   4.64600000000000      -3.364927759793759E-002
   4.64700000000000      -3.357585028912288E-002
   4.64800000000000      -3.350245937891636E-002
   4.64900000000000      -3.342910572576458E-002
   4.65000000000000      -3.335579029695444E-002
   4.65100000000000      -3.328251395677759E-002
   4.65200000000000      -3.320927764608995E-002
   4.65300000000000      -3.313608227181941E-002
   4.65400000000000      -3.306292875085311E-002
   4.65500000000000      -3.298981800036158E-002
   4.65600000000000      -3.291675094817118E-002
   4.65700000000000      -3.284372851971507E-002
   4.65800000000000      -3.277075164105599E-002
   4.65900000000000      -3.269782123713452E-002
   4.66000000000000      -3.262493824349673E-002
   4.66100000000000      -3.255210358742316E-002
   4.66200000000000      -3.247931821515258E-002
   4.66300000000000      -3.240658305552366E-002
   4.66400000000000      -3.247182083247004E-002
   4.66500000000000      -3.239909090061852E-002
   4.66600000000000      -3.232641221727114E-002
   4.66700000000000      -3.225378572325741E-002
   4.66800000000000      -3.218121237990890E-002
   4.66900000000000      -3.210869311351808E-002
   4.67000000000000      -3.203622888622293E-002
   4.67100000000000      -3.196382063691752E-002
   4.67200000000000      -3.189146933347582E-002
   4.67300000000000      -3.181917591430804E-002
   4.67400000000000      -3.174694135119953E-002
   4.67500000000000      -3.167476659377717E-002
   4.67600000000000      -3.160265261287164E-002
   4.67700000000000      -3.153060036595346E-002
   4.67800000000000      -3.145861081684739E-002
   4.67900000000000      -3.138668493952412E-002
   4.68000000000000      -3.131482370854288E-002
   4.68100000000000      -3.124302807355896E-002
   4.68200000000000      -3.130742245074682E-002
   4.68300000000000      -3.123563359565770E-002
   4.68400000000000      -3.116391149968492E-002
   4.68500000000000      -3.109225702398796E-002
   4.68600000000000      -3.102067121118541E-002
   4.68700000000000      -3.094915501531850E-002
   4.68800000000000      -3.087770942601064E-002
   4.68900000000000      -3.080633542999538E-002
   4.69000000000000      -3.073503401154468E-002
   4.69100000000000      -3.066380616565985E-002
   4.69200000000000      -3.059265287534768E-002
   4.69300000000000      -3.052157513560603E-002
   4.69400000000000      -3.045057395159095E-002
   4.69500000000000      -3.037965030863027E-002
   4.69600000000000      -3.030880521677462E-002
   4.69700000000000      -3.023803966926924E-002
   4.69800000000000      -3.016735467943408E-002
   4.69900000000000      -3.009675123524949E-002
   4.70000000000000      -3.002623037471689E-002
   4.70100000000000      -3.008948051180870E-002
   4.70200000000000      -3.001896824142171E-002
   4.70300000000000      -2.994853960424562E-002
   4.70400000000000      -2.987819567610913E-002
   4.70500000000000      -2.980793744172576E-002
   4.70600000000000      -2.973776598046927E-002
   4.70700000000000      -2.966768220986886E-002
   4.70800000000000      -2.959768711369083E-002
   4.70900000000000      -2.952778114306754E-002
   4.71000000000000      -2.945796458017619E-002
   4.71100000000000      -2.938823769212498E-002
   4.71200000000000      -2.931860075469805E-002
   4.71300000000000      -2.924905404339216E-002
   4.71400000000000      -2.917959783431701E-002
   4.71500000000000      -2.911023240237899E-002
   4.71600000000000      -2.904095801316943E-002
   4.71700000000000      -2.897177496889942E-002
   4.71800000000000      -2.890268352262491E-002
   4.71900000000000      -2.896465115173133E-002
   4.72000000000000      -2.889556917573623E-002
   4.72100000000000      -2.882657906165146E-002
   4.72200000000000      -2.875768119626166E-002
   4.72300000000000      -2.868887572729436E-002
   4.72400000000000      -2.862016304293427E-002
   4.72500000000000      -2.855154332848453E-002
   4.72600000000000      -2.848301692361041E-002
   4.72700000000000      -2.841458406169228E-002
   4.72800000000000      -2.834624504078076E-002
   4.72900000000000      -2.827800012903364E-002
   4.73000000000000      -2.820984959340181E-002
   4.73100000000000      -2.814179372225644E-002
   4.73200000000000      -2.807383277316304E-002
   4.73300000000000      -2.800596702607511E-002
   4.73400000000000      -2.793819676286018E-002
   4.73500000000000      -2.787052225650849E-002
   4.73600000000000      -2.780294376419349E-002
   4.73700000000000      -2.786355415650408E-002
   4.73800000000000      -2.779598554606558E-002
   4.73900000000000      -2.772851332472820E-002
   4.74000000000000      -2.766113764113609E-002
   4.74100000000000      -2.759385889426869E-002
   4.74200000000000      -2.752667723373680E-002
   4.74300000000000      -2.745959303955106E-002
   4.74400000000000      -2.739260649951367E-002
   4.74500000000000      -2.732571794122007E-002
   4.74600000000000      -2.725892761149994E-002
   4.74700000000000      -2.719223578678506E-002
   4.74800000000000      -2.712564274043503E-002
   4.74900000000000      -2.705914873845631E-002
   4.75000000000000      -2.699275405867525E-002
   4.75100000000000      -2.692645897030637E-002
   4.75200000000000      -2.686026373063948E-002
   4.75300000000000      -2.679416863877933E-002
   4.75400000000000      -2.672817393878917E-002
   4.75500000000000      -2.666227991668868E-002
   4.75600000000000      -2.672137916855920E-002
   4.75700000000000      -2.665549556428763E-002
   4.75800000000000      -2.658971286764067E-002
   4.75900000000000      -2.652403145195507E-002
   4.76000000000000      -2.645845151455654E-002
   4.76100000000000      -2.639297338185692E-002
   4.76200000000000      -2.632759726555714E-002
   4.76300000000000      -2.626232347566246E-002
   4.76400000000000      -2.619715225230264E-002
   4.76500000000000      -2.613208389018098E-002
   4.76600000000000      -2.606711863059741E-002
   4.76700000000000      -2.600225676210876E-002
   4.76800000000000      -2.593749853477873E-002
   4.76900000000000      -2.587284422364564E-002
   4.77000000000000      -2.580829409567477E-002
   4.77100000000000      -2.574384840515356E-002
   4.77200000000000      -2.567950743069988E-002
   4.77300000000000      -2.561527143390257E-002
   4.77400000000000      -2.567288332978348E-002
   4.77500000000000      -2.560865816691680E-002
   4.77600000000000      -2.554453826583853E-002
   4.77700000000000      -2.548052389316169E-002
   4.77800000000000      -2.541661532127718E-002
   4.77900000000000      -2.535281280750377E-002
   4.78000000000000      -2.528911661290551E-002
   4.78100000000000      -2.522552700126011E-002
   4.78200000000000      -2.516204424479988E-002
   4.78300000000000      -2.509866858808280E-002
   4.78400000000000      -2.503540030216645E-002
   4.78500000000000      -2.497223964203264E-002
   4.78600000000000      -2.490918687237378E-002
   4.78700000000000      -2.484624225699703E-002
   4.78800000000000      -2.478340605243577E-002
   4.78900000000000      -2.472067851682469E-002
   4.79000000000000      -2.465805990785175E-002
   4.79100000000000      -2.459555048362732E-002
   4.79200000000000      -2.453315050147687E-002
   4.79300000000000      -2.458911538209406E-002
   4.79400000000000      -2.452672667403384E-002
   4.79500000000000      -2.446444773273606E-002
   4.79600000000000      -2.440227875140696E-002
   4.79700000000000      -2.434022001387334E-002
   4.79800000000000      -2.427827177763448E-002
   4.79900000000000      -2.421643428533835E-002
   4.80000000000000      -2.415470779921099E-002
   4.80100000000000      -2.409309257539138E-002
   4.80200000000000      -2.403158886742649E-002
   4.80300000000000      -2.397019692091432E-002
   4.80400000000000      -2.390891699350592E-002
   4.80500000000000      -2.384774933703615E-002
   4.80600000000000      -2.378669419779593E-002
   4.80700000000000      -2.372575182579219E-002
   4.80800000000000      -2.366492248725714E-002
   4.80900000000000      -2.360420641236999E-002
   4.81000000000000      -2.354360385309960E-002
   4.81100000000000      -2.359795632989709E-002
   4.81200000000000      -2.353736548402005E-002
   4.81300000000000      -2.347688843380944E-002
   4.81400000000000      -2.341652543132536E-002
   4.81500000000000      -2.335627671574071E-002
   4.81600000000000      -2.329614251697303E-002
   4.81700000000000      -2.323612311538033E-002
   4.81800000000000      -2.317621872134173E-002
   4.81900000000000      -2.311642961061457E-002
   4.82000000000000      -2.305675599720557E-002
   4.82100000000000      -2.299719814655573E-002
   4.82200000000000      -2.293775628262181E-002
   4.82300000000000      -2.287843066017860E-002
   4.82400000000000      -2.281922150874608E-002
   4.82500000000000      -2.276012907840601E-002
   4.82600000000000      -2.270115360705691E-002
   4.82700000000000      -2.264229531704543E-002
   4.82800000000000      -2.258355446175686E-002
   4.82900000000000      -2.252493127892526E-002
   4.83000000000000      -2.257750814628371E-002
   4.83100000000000      -2.251889711501584E-002
   4.83200000000000      -2.246040397815287E-002
   4.83300000000000      -2.240202902729566E-002
   4.83400000000000      -2.234377244901006E-002
   4.83500000000000      -2.228563451483111E-002
   4.83600000000000      -2.222761542588393E-002
   4.83700000000000      -2.216971543692587E-002
   4.83800000000000      -2.211193475774208E-002
   4.83900000000000      -2.205427364235839E-002
   4.84000000000000      -2.199673229486808E-002
   4.84100000000000      -2.193931096492046E-002
   4.84200000000000      -2.188200985254724E-002
   4.84300000000000      -2.182482920262343E-002
   4.84400000000000      -2.176776923486195E-002
   4.84500000000000      -2.171083017795622E-002
   4.84600000000000      -2.165401224743556E-002
   4.84700000000000      -2.159731566380485E-002
   4.84800000000000      -2.164816429539180E-002
   4.84900000000000      -2.159148023312743E-002
   4.85000000000000      -2.153491775337081E-002
   4.85100000000000      -2.147847709932259E-002
   4.85200000000000      -2.142215846193398E-002
   4.85300000000000      -2.136596207975575E-002
   4.85400000000000      -2.130988815342647E-002
   4.85500000000000      -2.125393691006146E-002
   4.85600000000000      -2.119810855727327E-002
   4.85700000000000      -2.114240330575619E-002
   4.85800000000000      -2.108682136788095E-002
   4.85900000000000      -2.103136295958167E-002
   4.86000000000000      -2.097602828503483E-002
   4.86100000000000      -2.092081755061874E-002
   4.86200000000000      -2.086573096709989E-002
   4.86300000000000      -2.081076872899575E-002
   4.86400000000000      -2.075593105871576E-002
   4.86500000000000      -2.070121813585325E-002
   4.86600000000000      -2.075028738522301E-002
   4.86700000000000      -2.069558728457683E-002
   4.86800000000000      -2.064101225719219E-002
   4.86900000000000      -2.058656234755166E-002
   4.87000000000000      -2.053223785427768E-002
   4.87100000000000      -2.047803891939014E-002
   4.87200000000000      -2.042396577020416E-002
   4.87300000000000      -2.037001858471691E-002
   4.87400000000000      -2.031619754725044E-002
   4.87500000000000      -2.026250287640746E-002
   4.87600000000000      -2.020893473393668E-002
   4.87700000000000      -2.015549332222730E-002
   4.87800000000000      -2.010217882988936E-002
   4.87900000000000      -2.004899143713076E-002
   4.88000000000000      -1.999593133092993E-002
   4.88100000000000      -1.994299869519055E-002
   4.88200000000000      -1.989019369735109E-002
   4.88300000000000      -1.983751653217283E-002
   4.88400000000000      -1.978496736758035E-002
   4.88500000000000      -1.983209566049291E-002
   4.88600000000000      -1.977955967542040E-002
   4.88700000000000      -1.972715192656472E-002
   4.88800000000000      -1.967487252145904E-002
   4.88900000000000      -1.962272166392536E-002
   4.89000000000000      -1.957069952890290E-002
   4.89100000000000      -1.951880626957014E-002
   4.89200000000000      -1.946704206072943E-002
   4.89300000000000      -1.941540705255167E-002
   4.89400000000000      -1.936390142994399E-002
   4.89500000000000      -1.931252533907624E-002
   4.89600000000000      -1.926127894496106E-002
   4.89700000000000      -1.921016240554186E-002
   4.89800000000000      -1.915917587382336E-002
   4.89900000000000      -1.910831949825834E-002
   4.90000000000000      -1.905759343715120E-002
   4.90100000000000      -1.900699783588781E-002
   4.90200000000000      -1.895653284474575E-002
   4.90300000000000      -1.900179159711439E-002
   4.90400000000000      -1.895134006990887E-002
   4.90500000000000      -1.890101931917696E-002
   4.90600000000000      -1.885082946590332E-002
   4.90700000000000      -1.880077067180231E-002
   4.90800000000000      -1.875084306991168E-002
   4.90900000000000      -1.870104678218928E-002
   4.91000000000000      -1.865138196206645E-002
   4.91100000000000      -1.860184873625993E-002
   4.91200000000000      -1.855244722287911E-002
   4.91300000000000      -1.850317756048239E-002
   4.91400000000000      -1.845403986654509E-002
   4.91500000000000      -1.840503426652837E-002
   4.91600000000000      -1.835616087507757E-002
   4.91700000000000      -1.830741981894099E-002
   4.91800000000000      -1.825881121086988E-002
   4.91900000000000      -1.821033515291287E-002
   4.92000000000000      -1.816199177328076E-002
   4.92100000000000      -1.811378115806128E-002
   4.92200000000000      -1.815701774801390E-002
   4.92300000000000      -1.810882080794047E-002
   4.92400000000000      -1.806075677339923E-002
   4.92500000000000      -1.801282572096785E-002
   4.92600000000000      -1.796502775630978E-002
   4.92700000000000      -1.791736297985951E-002
   4.92800000000000      -1.786983148569448E-002
   4.92900000000000      -1.782243334318110E-002
   4.93000000000000      -1.777516867432016E-002
   4.93100000000000      -1.772803753142151E-002
   4.93200000000000      -1.768104000904641E-002
   4.93300000000000      -1.763417618387625E-002
   4.93400000000000      -1.758744614096505E-002
   4.93500000000000      -1.754084993834239E-002
   4.93600000000000      -1.749438765301648E-002
   4.93700000000000      -1.744805934859061E-002
   4.93800000000000      -1.740186509481337E-002
   4.93900000000000      -1.735580492909577E-002
   4.94000000000000      -1.739711261729820E-002
   4.94100000000000      -1.735106624099731E-002
   4.94200000000000      -1.730515409254458E-002
   4.94300000000000      -1.725937614447226E-002
   4.94400000000000      -1.721373245574286E-002
   4.94500000000000      -1.716822309763039E-002
   4.94600000000000      -1.712284808750484E-002
   4.94700000000000      -1.707760746624645E-002
   4.94800000000000      -1.703250128706833E-002
   4.94900000000000      -1.698752955863850E-002
   4.95000000000000      -1.694269233110031E-002
   4.95100000000000      -1.689798960919776E-002
   4.95200000000000      -1.685342142960619E-002
   4.95300000000000      -1.680898779615847E-002
   4.95400000000000      -1.676468873620301E-002
   4.95500000000000      -1.672052423883078E-002
   4.95600000000000      -1.667649432780958E-002
   4.95700000000000      -1.663259899941548E-002
   4.95800000000000      -1.667196489432075E-002
   4.95900000000000      -1.662808341246934E-002
   4.96000000000000      -1.658433655024397E-002
   4.96100000000000      -1.654072421796578E-002
   4.96200000000000      -1.649724646709802E-002
   4.96300000000000      -1.645390325090662E-002
   4.96400000000000      -1.641069456411213E-002
   4.96500000000000      -1.636762036271038E-002
   4.96600000000000      -1.632468064654933E-002
   4.96700000000000      -1.628187535179273E-002
   4.96800000000000      -1.623920446560344E-002
   4.96900000000000      -1.619666792937216E-002
   4.97000000000000      -1.615426570310334E-002
   4.97100000000000      -1.611199773966291E-002
   4.97200000000000      -1.606986397022312E-002
   4.97300000000000      -1.602786434886958E-002
   4.97400000000000      -1.598599880081603E-002
   4.97500000000000      -1.594426725133877E-002
   4.97600000000000      -1.590266964259459E-002
   4.97700000000000      -1.593997459609107E-002
   4.97800000000000      -1.589839080295461E-002
   4.97900000000000      -1.585694080956917E-002
   4.98000000000000      -1.581562459152202E-002
   4.98100000000000      -1.577444201881160E-002
   4.98200000000000      -1.573339302819425E-002
   4.98300000000000      -1.569247747859115E-002
   4.98400000000000      -1.565169530110033E-002
   4.98500000000000      -1.561104636473833E-002
   4.98600000000000      -1.557053055404213E-002
   4.98700000000000      -1.553014774067017E-002
   4.98800000000000      -1.548989779902960E-002
   4.98900000000000      -1.544978059189783E-002
   4.99000000000000      -1.540979598555615E-002
   4.99100000000000      -1.536994382961212E-002
   4.99200000000000      -1.533022397200695E-002
   4.99300000000000      -1.529063625058729E-002
   4.99400000000000      -1.525118050134661E-002
   4.99500000000000      -1.528656440614286E-002
   4.99600000000000      -1.524712224897079E-002
   4.99700000000000      -1.520781187921437E-002
   4.99800000000000      -1.516863309332758E-002
   4.99900000000000      -1.512958577895536E-002
   5.00000000000000      -1.509066965326846E-002
   5.00100000000000      -1.505188459083116E-002
   5.00200000000000      -1.501323035839166E-002
   5.00300000000000      -1.497470675686629E-002
   5.00400000000000      -1.493631355945453E-002
   5.00500000000000      -1.489805054144093E-002
   5.00600000000000      -1.485991749420289E-002
   5.00700000000000      -1.482191416489809E-002
   5.00800000000000      -1.478404030879140E-002
   5.00900000000000      -1.474629568720921E-002
   5.01000000000000      -1.470868003566767E-002
   5.01100000000000      -1.467119308246563E-002
   5.01200000000000      -1.463383456985879E-002
   5.01300000000000      -1.459660420812777E-002
   5.01400000000000      -1.462999222684750E-002
   5.01500000000000      -1.459277505301762E-002
   5.01600000000000      -1.455568571643240E-002
   5.01700000000000      -1.451872393242708E-002
   5.01800000000000      -1.448188937512728E-002
   5.01900000000000      -1.444518176139418E-002
   5.02000000000000      -1.440860074354142E-002
   5.02100000000000      -1.437214602382347E-002
   5.02200000000000      -1.433581725283639E-002
   5.02300000000000      -1.429961409324145E-002
   5.02400000000000      -1.426353619964895E-002
   5.02500000000000      -1.422758320758912E-002
   5.02600000000000      -1.419175474593296E-002
   5.02700000000000      -1.415605045608206E-002
   5.02800000000000      -1.412046993822843E-002
   5.02900000000000      -1.408501280890233E-002
   5.03000000000000      -1.404967866577730E-002
   5.03100000000000      -1.401446709702591E-002
   5.03200000000000      -1.404604461312433E-002
   5.03300000000000      -1.401084564335043E-002
   5.03400000000000      -1.397576881236558E-002
   5.03500000000000      -1.394081364597308E-002
   5.03600000000000      -1.390597975667049E-002
   5.03700000000000      -1.387126664449318E-002
   5.03800000000000      -1.383667390566081E-002
   5.03900000000000      -1.380220105102977E-002
   5.04000000000000      -1.376784759891380E-002
   5.04100000000000      -1.373361308699759E-002
   5.04200000000000      -1.369949700642101E-002
   5.04300000000000      -1.366549886339535E-002
   5.04400000000000      -1.363161813852857E-002
   5.04500000000000      -1.359785431925055E-002
   5.04600000000000      -1.356420687108234E-002
   5.04700000000000      -1.353067524872364E-002
   5.04800000000000      -1.349725890627505E-002
   5.04900000000000      -1.346395727126673E-002
   5.05000000000000      -1.349382203071519E-002
   5.05100000000000      -1.346053217880158E-002
   5.05200000000000      -1.342735641496656E-002
   5.05300000000000      -1.339429415294519E-002
   5.05400000000000      -1.336134478575805E-002
   5.05500000000000      -1.332850772660073E-002
   5.05600000000000      -1.329578234134253E-002
   5.05700000000000      -1.326316803135325E-002
   5.05800000000000      -1.323066411874569E-002
   5.05900000000000      -1.319826999860868E-002
   5.06000000000000      -1.316598498002620E-002
   5.06100000000000      -1.313380840549564E-002
   5.06200000000000      -1.310173959081248E-002
   5.06300000000000      -1.306977784363938E-002
   5.06400000000000      -1.303792245989310E-002
   5.06500000000000      -1.300617271896945E-002
   5.06600000000000      -1.297452790275745E-002
   5.06700000000000      -1.294298727921249E-002
   5.06800000000000      -1.291155007680563E-002
   5.06900000000000      -1.293974305633458E-002
   5.07000000000000      -1.290831644643282E-002
   5.07100000000000      -1.287699246995996E-002
   5.07200000000000      -1.284577026066811E-002
   5.07300000000000      -1.281464911872379E-002
   5.07400000000000      -1.278362817614891E-002
   5.07500000000000      -1.275270665994619E-002
   5.07600000000000      -1.272188372281984E-002
   5.07700000000000      -1.269115854407109E-002
   5.07800000000000      -1.266053026803586E-002
   5.07900000000000      -1.262999802501700E-002
   5.08000000000000      -1.259956094900700E-002
   5.08100000000000      -1.256921816127246E-002
   5.08200000000000      -1.253896874429590E-002
   5.08300000000000      -1.250881179852797E-002
   5.08400000000000      -1.247874638879498E-002
   5.08500000000000      -1.244877158484790E-002
   5.08600000000000      -1.241888641941076E-002
   5.08700000000000      -1.244568793799516E-002
   5.08800000000000      -1.241581193534085E-002
   5.08900000000000      -1.238602455486856E-002
   5.09000000000000      -1.235632477555724E-002
   5.09100000000000      -1.232671159327312E-002
   5.09200000000000      -1.229718402686912E-002
   5.09300000000000      -1.226774103414519E-002
   5.09400000000000      -1.223838160746934E-002
   5.09500000000000      -1.220910467505410E-002
   5.09600000000000      -1.217990919748606E-002
   5.09700000000000      -1.215079408681525E-002
   5.09800000000000      -1.212175825812827E-002
   5.09900000000000      -1.209280060961951E-002
   5.10000000000000      -1.206392002446253E-002
   5.10100000000000      -1.203511537496011E-002
   5.10200000000000      -1.200638552218952E-002
   5.10300000000000      -1.197772930207751E-002
   5.10400000000000      -1.194914554537850E-002
   5.10500000000000      -1.192063306957058E-002
   5.10600000000000      -1.194620418083656E-002
   5.10700000000000      -1.191769898955239E-002
   5.10800000000000      -1.188926373388571E-002
   5.10900000000000      -1.186089723322097E-002
   5.11000000000000      -1.183259822998436E-002
   5.11100000000000      -1.180436550639667E-002
   5.11200000000000      -1.177619778543781E-002
   5.11300000000000      -1.174809379915654E-002
   5.11400000000000      -1.172005226358327E-002
   5.11500000000000      -1.169207187463318E-002
   5.11600000000000      -1.166415132715876E-002
   5.11700000000000      -1.163628929030044E-002
   5.11800000000000      -1.160848441297017E-002
   5.11900000000000      -1.158073534107317E-002
   5.12000000000000      -1.155304070726613E-002
   5.12100000000000      -1.152539912102991E-002
   5.12200000000000      -1.149780918871769E-002
   5.12300000000000      -1.147026948403441E-002
   5.12400000000000      -1.149496905444775E-002
   5.12500000000000      -1.146743442784295E-002
   5.12600000000000      -1.143994849200635E-002
   5.12700000000000      -1.141250974063888E-002
   5.12800000000000      -1.138511676879299E-002
   5.12900000000000      -1.135776806661213E-002
   5.13000000000000      -1.133046217509576E-002
   5.13100000000000      -1.130319756435326E-002
   5.13200000000000      -1.127597274162256E-002
   5.13300000000000      -1.124878617158459E-002
   5.13400000000000      -1.122163631805608E-002
   5.13500000000000      -1.119452161370590E-002
   5.13600000000000      -1.116744050503608E-002
   5.13700000000000      -1.114039139510996E-002
   5.13800000000000      -1.111337269544715E-002
   5.13900000000000      -1.108638278813326E-002
   5.14000000000000      -1.105942006437668E-002
   5.14100000000000      -1.103248286671922E-002
   5.14200000000000      -1.105664317236129E-002
   5.14300000000000      -1.102970848518625E-002
   5.14400000000000      -1.100279756198448E-002
   5.14500000000000      -1.097590869746436E-002
   5.14600000000000      -1.094904017496705E-002
   5.14700000000000      -1.092219038625603E-002
   5.14800000000000      -1.089535755139295E-002
   5.14900000000000      -1.086854001847632E-002
   5.15000000000000      -1.084173601561140E-002
   5.15100000000000      -1.081494383583304E-002
   5.15200000000000      -1.078816171008332E-002
   5.15300000000000      -1.076138788300079E-002
   5.15400000000000      -1.073462058485977E-002
   5.15500000000000      -1.070785802492575E-002
   5.15600000000000      -1.068109841020341E-002
   5.15700000000000      -1.065433993920890E-002
   5.15800000000000      -1.062758079979397E-002
   5.15900000000000      -1.060081914339363E-002
   5.16000000000000      -1.057405314960755E-002
   5.16100000000000      -1.059806125433968E-002
   5.16200000000000      -1.057129470848107E-002
   5.16300000000000      -1.054452178817582E-002
   5.16400000000000      -1.051774061908240E-002
   5.16500000000000      -1.049094935446908E-002
   5.16600000000000      -1.046414609206819E-002
   5.16700000000000      -1.043732898086840E-002
   5.16800000000000      -1.041049608864703E-002
   5.16900000000000      -1.038364554799364E-002
   5.17000000000000      -1.035677542656509E-002
   5.17100000000000      -1.032988381490852E-002
   5.17200000000000      -1.030296878852365E-002
   5.17300000000000      -1.027602842054873E-002
   5.17400000000000      -1.024906076003306E-002
   5.17500000000000      -1.022206386503703E-002
   5.17600000000000      -1.019503579522670E-002
   5.17700000000000      -1.016797459505316E-002
   5.17800000000000      -1.014087829707651E-002
   5.17900000000000      -1.016518408763316E-002
   5.18000000000000      -1.013808407800107E-002
   5.18100000000000      -1.011094675840053E-002
   5.18200000000000      -1.008377025688723E-002
   5.18300000000000      -1.005655249610100E-002
   5.18400000000000      -1.002929159422798E-002
   5.18500000000000      -1.000198550696712E-002
   5.18600000000000      -9.974632286154238E-003
   5.18700000000000      -9.947229933386863E-003
   5.18800000000000      -9.919776468796798E-003
   5.18900000000000      -9.892269904997855E-003
   5.19000000000000      -9.864708257583010E-003
   5.19100000000000      -9.837089540170364E-003
   5.19200000000000      -9.809411767701660E-003
   5.19300000000000      -9.781672954475875E-003
   5.19400000000000      -9.753871119409454E-003
   5.19500000000000      -9.726004284314494E-003
   5.19600000000000      -9.698070470781526E-003
   5.19700000000000      -9.670067704556844E-003
   5.19800000000000      -9.695188127219260E-003
   5.19900000000000      -9.667178141654905E-003
   5.20000000000000      -9.639097038401363E-003
   5.20100000000000      -9.610942846488635E-003
   5.20200000000000      -9.582713609462848E-003
   5.20300000000000      -9.554407374351336E-003
   5.20400000000000      -9.526022194714363E-003
   5.20500000000000      -9.497556136167760E-003
   5.20600000000000      -9.469007264401391E-003
   5.20700000000000      -9.440373660535876E-003
   5.20800000000000      -9.411653411059998E-003
   5.20900000000000      -9.382844615725729E-003
   5.21000000000000      -9.353945381606769E-003
   5.21100000000000      -9.324953830376379E-003
   5.21200000000000      -9.295868094320517E-003
   5.21300000000000      -9.266686321260428E-003
   5.21400000000000      -9.237406668899561E-003
   5.21500000000000      -9.208027311318452E-003
   5.21600000000000      -9.234383888782624E-003
   5.21700000000000      -9.204994155136634E-003
   5.21800000000000      -9.175502719431320E-003
   5.21900000000000      -9.145907793477659E-003
   5.22000000000000      -9.116207597560046E-003
   5.22100000000000      -9.086400375532870E-003
   5.22200000000000      -9.056484387793811E-003
   5.22300000000000      -9.026457917518776E-003
   5.22400000000000      -8.996319261961759E-003
   5.22500000000000      -8.966066744099903E-003
   5.22600000000000      -8.935698706948544E-003
   5.22700000000000      -8.905213518806460E-003
   5.22800000000000      -8.874609568472651E-003
   5.22900000000000      -8.843885271011221E-003
   5.23000000000000      -8.813039067228780E-003
   5.23100000000000      -8.782069422241617E-003
   5.23200000000000      -8.750974831746033E-003
   5.23300000000000      -8.719753815837034E-003
   5.23400000000000      -8.688404926753364E-003
   5.23500000000000      -8.716529376750097E-003
   5.23600000000000      -8.685167231212881E-003
   5.23700000000000      -8.653675645550947E-003
   5.23800000000000      -8.622053234103916E-003
   5.23900000000000      -8.590298650008276E-003
   5.24000000000000      -8.558410565383610E-003
   5.24100000000000      -8.526387697083663E-003
   5.24200000000000      -8.494228790326906E-003
   5.24300000000000      -8.461932628700149E-003
   5.24400000000000      -8.429498031891906E-003
   5.24500000000000      -8.396923854600136E-003
   5.24600000000000      -8.364208992677861E-003
   5.24700000000000      -8.331352380665506E-003
   5.24800000000000      -8.298352991016208E-003
   5.24900000000000      -8.265209839659605E-003
   5.25000000000000      -8.231921983564145E-003
   5.25100000000000      -8.198488520547408E-003
   5.25200000000000      -8.164908596149937E-003
   5.25300000000000      -8.195035030698730E-003
   5.25400000000000      -8.161439967613373E-003
   5.25500000000000      -8.127697549954811E-003
   5.25600000000000      -8.093807013620825E-003
   5.25700000000000      -8.059767645226430E-003
   5.25800000000000      -8.025578778021078E-003
   5.25900000000000      -7.991239790700839E-003
   5.26000000000000      -7.956750113412420E-003
   5.26100000000000      -7.922109227585516E-003
   5.26200000000000      -7.887316661354948E-003
   5.26300000000000      -7.852371999318005E-003
   5.26400000000000      -7.817274876471990E-003
   5.26500000000000      -7.782024979810133E-003
   5.26600000000000      -7.746622052781851E-003
   5.26700000000000      -7.711065893556015E-003
   5.26800000000000      -7.675356356028864E-003
   5.26900000000000      -7.639493350630805E-003
   5.27000000000000      -7.603476844688629E-003
   5.27100000000000      -7.635789090126067E-003
   5.27200000000000      -7.599756769682017E-003
   5.27300000000000      -7.563570976296672E-003
   5.27400000000000      -7.527231809137878E-003
   5.27500000000000      -7.490739409260153E-003
   5.27600000000000      -7.454093996346769E-003
   5.27700000000000      -7.417295834669997E-003
   5.27800000000000      -7.380345262486097E-003
   5.27900000000000      -7.343242672448859E-003
   5.28000000000000      -7.305988523807262E-003
   5.28100000000000      -7.268583338135842E-003
   5.28200000000000      -7.231027701321380E-003
   5.28300000000000      -7.193322263723980E-003
   5.28400000000000      -7.155467741704650E-003
   5.28500000000000      -7.117464914189181E-003
   5.28600000000000      -7.079314629741723E-003
   5.28700000000000      -7.041017801304427E-003
   5.28800000000000      -7.002575408094586E-003
   5.28900000000000      -6.963988497543309E-003
   5.29000000000000      -6.998605846085502E-003
   5.29100000000000      -6.960004105663969E-003
   5.29200000000000      -6.921259085226917E-003
   5.29300000000000      -6.882371969887885E-003
   5.29400000000000      -6.843344018595102E-003
   5.29500000000000      -6.804176558667012E-003
   5.29600000000000      -6.764870983085782E-003
   5.29700000000000      -6.725428758267222E-003
   5.29800000000000      -6.685851414604148E-003
   5.29900000000000      -6.646140555443926E-003
   5.30000000000000      -6.606297849709920E-003
   5.30100000000000      -6.566325039735255E-003
   5.30200000000000      -6.526223933387336E-003
   5.30300000000000      -6.485996409378489E-003
   5.30400000000000      -6.445644415115091E-003
   5.30500000000000      -6.405169966540197E-003
   5.30600000000000      -6.364575150214660E-003
   5.30700000000000      -6.323862118692747E-003
   5.30800000000000      -6.360385265670056E-003
   5.30900000000000      -6.319660177669078E-003
   5.31000000000000      -6.278819333122531E-003
   5.31100000000000      -6.237865024499825E-003
   5.31200000000000      -6.196799620765427E-003
   5.31300000000000      -6.155625550900206E-003
   5.31400000000000      -6.114345318543480E-003
   5.31500000000000      -6.072961486526442E-003
   5.31600000000000      -6.031476689208579E-003
   5.31700000000000      -5.989893624506146E-003
   5.31800000000000      -5.948215055952937E-003
   5.31900000000000      -5.906443810793078E-003
   5.32000000000000      -5.864582780675759E-003
   5.32100000000000      -5.822634919879014E-003
   5.32200000000000      -5.780603245533361E-003
   5.32300000000000      -5.738490836740532E-003
   5.32400000000000      -5.696300833005042E-003
   5.32500000000000      -5.654036432975176E-003
   5.32600000000000      -5.611700894538254E-003
   5.32700000000000      -5.649677164098673E-003
   5.32800000000000      -5.607334482658071E-003
   5.32900000000000      -5.564924327934790E-003
   5.33000000000000      -5.522450078624292E-003
   5.33100000000000      -5.479915165059437E-003
   5.33200000000000      -5.437323084808968E-003
   5.33300000000000      -5.394677376939798E-003
   5.33400000000000      -5.351981642468217E-003
   5.33500000000000      -5.309239527123546E-003
   5.33600000000000      -5.266454731890042E-003
   5.33700000000000      -5.223631003849958E-003
   5.33800000000000      -5.180772139080290E-003
   5.33900000000000      -5.137881979214061E-003
   5.34000000000000      -5.094964411721316E-003
   5.34100000000000      -5.052023366680496E-003
   5.34200000000000      -5.009062817857637E-003
   5.34300000000000      -4.966086778083341E-003
   5.34400000000000      -4.923099300589799E-003
   5.34500000000000      -4.961657558059746E-003
   5.34600000000000      -4.918669134843946E-003
   5.34700000000000      -4.875673787232632E-003
   5.34800000000000      -4.832675643621592E-003
   5.34900000000000      -4.789678871688987E-003
   5.35000000000000      -4.746687663668990E-003
   5.35100000000000      -4.703706251097581E-003
   5.35200000000000      -4.660738888651028E-003
   5.35300000000000      -4.617789861935620E-003
   5.35400000000000      -4.574863480046334E-003
   5.35500000000000      -4.531964077702346E-003
   5.35600000000000      -4.489096011101753E-003
   5.35700000000000      -4.446263655829318E-003
   5.35800000000000      -4.403471407545312E-003
   5.35900000000000      -4.360723678377402E-003
   5.36000000000000      -4.318024895255274E-003
   5.36100000000000      -4.275379495905803E-003
   5.36200000000000      -4.232791930975922E-003
   5.36300000000000      -4.270988281261740E-003
   5.36400000000000      -4.228406929526392E-003
   5.36500000000000      -4.185888332265460E-003
   5.36600000000000      -4.143436955890422E-003
   5.36700000000000      -4.101057273449161E-003
   5.36800000000000      -4.058753757455335E-003
   5.36900000000000      -4.016530887520730E-003
   5.37000000000000      -3.974393134483884E-003
   5.37100000000000      -3.932344973371030E-003
   5.37200000000000      -3.890390870126464E-003
   5.37300000000000      -3.848535286345954E-003
   5.37400000000000      -3.806782671941067E-003
   5.37500000000000      -3.765137468394853E-003
   5.37600000000000      -3.723604103644472E-003
   5.37700000000000      -3.682186989647895E-003
   5.37800000000000      -3.640890524365334E-003
   5.37900000000000      -3.599719083844209E-003
   5.38000000000000      -3.558677025777130E-003
   5.38100000000000      -3.517768683067663E-003
   5.38200000000000      -3.554455349634984E-003
   5.38300000000000      -3.513561026499347E-003
   5.38400000000000      -3.472805181927936E-003
   5.38500000000000      -3.432192078204237E-003
   5.38600000000000      -3.391725982662094E-003
   5.38700000000000      -3.351411104216821E-003
   5.38800000000000      -3.311251642305077E-003
   5.38900000000000      -3.271251744322995E-003
   5.39000000000000      -3.231415535017088E-003
   5.39100000000000      -3.191747092242966E-003
   5.39200000000000      -3.152250460333335E-003
   5.39300000000000      -3.112929638634946E-003
   5.39400000000000      -3.073788584926497E-003
   5.39500000000000      -3.034831213840862E-003
   5.39600000000000      -2.996061391186620E-003
   5.39700000000000      -2.957482935160338E-003
   5.39800000000000      -2.919099616411339E-003
   5.39900000000000      -2.880915152734116E-003
   5.40000000000000      -2.915155625052369E-003
   5.40100000000000      -2.876991863023111E-003
   5.40200000000000      -2.839030991571788E-003
   5.40300000000000      -2.801276624017842E-003
   5.40400000000000      -2.763732307521413E-003
   5.40500000000000      -2.726401532414920E-003
   5.40600000000000      -2.689287738319690E-003
   5.40700000000000      -2.652394294991981E-003
   5.40800000000000      -2.615724517249585E-003
   5.40900000000000      -2.579281656074282E-003
   5.41000000000000      -2.543068897341025E-003
   5.41100000000000      -2.507089363894375E-003
   5.41200000000000      -2.471346112305136E-003
   5.41300000000000      -2.435842130723482E-003
   5.41400000000000      -2.400580340507626E-003
   5.41500000000000      -2.365563592647705E-003
   5.41600000000000      -2.330794669136136E-003
   5.41700000000000      -2.296276281326981E-003
   5.41800000000000      -2.262011066485479E-003
   5.41900000000000      -2.292733662564507E-003
   5.42000000000000      -2.258494682507895E-003
   5.42100000000000      -2.224511700932988E-003
   5.42200000000000      -2.190787206643520E-003
   5.42300000000000      -2.157323606984791E-003
   5.42400000000000      -2.124123239246887E-003
   5.42500000000000      -2.091188363463802E-003
   5.42600000000000      -2.058521162738719E-003
   5.42700000000000      -2.026123746371910E-003
   5.42800000000000      -1.993998142782039E-003
   5.42900000000000      -1.962146306857610E-003
   5.43000000000000      -1.930570111441251E-003
   5.43100000000000      -1.899271355284489E-003
   5.43200000000000      -1.868251755144382E-003
   5.43300000000000      -1.837512949966215E-003
   5.43400000000000      -1.807056501050294E-003
   5.43500000000000      -1.776883890575590E-003
   5.43600000000000      -1.746996518277279E-003
   5.43700000000000      -1.773790930475496E-003
   5.43800000000000      -1.743933025868424E-003
   5.43900000000000      -1.714361814862849E-003
   5.44000000000000      -1.685078533413048E-003
   5.44100000000000      -1.656084339732216E-003
   5.44200000000000      -1.627380304940889E-003
   5.44300000000000      -1.598967434669539E-003
   5.44400000000000      -1.570846641087492E-003
   5.44500000000000      -1.543018769717255E-003
   5.44600000000000      -1.515484580026013E-003
   5.44700000000000      -1.488244757796810E-003
   5.44800000000000      -1.461299909600890E-003
   5.44900000000000      -1.434650563575230E-003
   5.45000000000000      -1.408297173475812E-003
   5.45100000000000      -1.382240113779379E-003
   5.45200000000000      -1.356479686768497E-003
   5.45300000000000      -1.331016115564459E-003
   5.45400000000000      -1.305849550526398E-003
   5.45500000000000      -1.328409092181778E-003
   5.45600000000000      -1.303273135176090E-003
   5.45700000000000      -1.278434267091664E-003
   5.45800000000000      -1.253892478846673E-003
   5.45900000000000      -1.229647692936519E-003
   5.46000000000000      -1.205699761084777E-003
   5.46100000000000      -1.182048460362913E-003
   5.46200000000000      -1.158693499976995E-003
   5.46300000000000      -1.135634517161974E-003
   5.46400000000000      -1.112871083159476E-003
   5.46500000000000      -1.090402697826132E-003
   5.46600000000000      -1.068228796174550E-003
   5.46700000000000      -1.046348747376911E-003
   5.46800000000000      -1.024761853344180E-003
   5.46900000000000      -1.003467353166628E-003
   5.47000000000000      -9.824644219512783E-004
   5.47100000000000      -9.617521725114194E-004
   5.47200000000000      -9.413296566923322E-004
   5.47300000000000      -9.211958659706557E-004
   5.47400000000000      -9.392416378017892E-004
   5.47500000000000      -9.191375380828772E-004
   5.47600000000000      -8.993209823733789E-004
   5.47700000000000      -8.797908388375761E-004
   5.47800000000000      -8.605459189013016E-004
   5.47900000000000      -8.415849779742038E-004
   5.48000000000000      -8.229067169299094E-004
   5.48100000000000      -8.045097829631385E-004
   5.48200000000000      -7.863927711975322E-004
   5.48300000000000      -7.685542252979573E-004
   5.48400000000000      -7.509926389736670E-004
   5.48500000000000      -7.337064570338813E-004
   5.48600000000000      -7.166940766319011E-004
   5.48700000000000      -6.999538485015150E-004
   5.48800000000000      -6.834840779714512E-004
   5.48900000000000      -6.672830265900647E-004
   5.49000000000000      -6.513489125899089E-004
   5.49100000000000      -6.356799131032271E-004
   5.49200000000000      -6.497220739878414E-004
   5.49300000000000      -6.340802873353479E-004
   5.49400000000000      -6.187015572831926E-004
   5.49500000000000      -6.035839766275347E-004
   5.49600000000000      -5.887256016772535E-004
   5.49700000000000      -5.741244502257679E-004
   5.49800000000000      -5.597785060720162E-004
   5.49900000000000      -5.456857180368368E-004
   5.50000000000000      -5.318440020511107E-004
   5.50100000000000      -5.182512424809423E-004
   5.50200000000000      -5.049052928300847E-004
   5.50300000000000      -4.918039773830514E-004
   5.50400000000000      -4.789450920066005E-004
   5.50500000000000      -4.663264056836452E-004
   5.50600000000000      -4.539456615998368E-004
   5.50700000000000      -4.418005781613407E-004
   5.50800000000000      -4.298888502107288E-004
   5.50900000000000      -4.182081503596855E-004
   5.51000000000000      -4.067561300019433E-004
   5.51100000000000      -4.170175431140151E-004
   5.51200000000000      -4.055889524995985E-004
   5.51300000000000      -3.943864274706865E-004
   5.51400000000000      -3.834075786624916E-004
   5.51500000000000      -3.726499986551775E-004
   5.51600000000000      -3.621112635566073E-004
   5.51700000000000      -3.517889341330237E-004
   5.51800000000000      -3.416805564183527E-004
   5.51900000000000      -3.317836632241616E-004
   5.52000000000000      -3.220957750129311E-004
   5.52100000000000      -3.126144010372749E-004
   5.52200000000000      -3.033370401729692E-004
   5.52300000000000      -2.942611821053306E-004
   5.52400000000000      -2.853843082194625E-004
   5.52500000000000      -2.767038928927605E-004
   5.52600000000000      -2.682174038374326E-004
   5.52700000000000      -2.599223036980455E-004
   5.52800000000000      -2.518160506928122E-004
   5.52900000000000      -2.590783053008969E-004
   5.53000000000000      -2.509913676667704E-004
   5.53100000000000      -2.430904688702949E-004
   5.53200000000000      -2.353730617597465E-004
   5.53300000000000      -2.278365960327320E-004
   5.53400000000000      -2.204785217244082E-004
   5.53500000000000      -2.132962882979267E-004
   5.53600000000000      -2.062873467356785E-004
   5.53700000000000      -1.994491495486874E-004
   5.53800000000000      -1.927791520057775E-004
   5.53900000000000      -1.862748127402657E-004
   5.54000000000000      -1.799335945365253E-004
   5.54100000000000      -1.737529653991991E-004
   5.54200000000000      -1.677303986359061E-004
   5.54300000000000      -1.618633743490304E-004
   5.54400000000000      -1.561493795814467E-004
   5.54500000000000      -1.505859093208806E-004
   5.54600000000000      -1.451704670994484E-004
   5.54700000000000      -1.500210712702937E-004
   5.54800000000000      -1.446207415409427E-004
   5.54900000000000      -1.393656961079473E-004
   5.55000000000000      -1.342534594765719E-004
   5.55100000000000      -1.292815649097051E-004
   5.55200000000000      -1.244475582643821E-004
   5.55300000000000      -1.197489959586535E-004
   5.55400000000000      -1.151834475606318E-004
   5.55500000000000      -1.107484949513808E-004
   5.55600000000000      -1.064417337793177E-004
   5.55700000000000      -1.022607734441967E-004
   5.55800000000000      -9.820323804857385E-005
   5.55900000000000      -9.426676644858417E-005
   5.56000000000000      -9.044901314107453E-005
   5.56100000000000      -8.674764845576139E-005
   5.56200000000000      -8.316035919636946E-005
   5.56300000000000      -7.968484897615810E-005
   5.56400000000000      -7.631883870729944E-005
   5.56500000000000      -7.306006697833170E-005
   5.56600000000000      -7.597811644856432E-005
   5.56700000000000      -7.273026766560526E-005
   5.56800000000000      -6.958718407067592E-005
   5.56900000000000      -6.654664264941549E-005
   5.57000000000000      -6.360643947620529E-005
   5.57100000000000      -6.076438982963095E-005
   5.57200000000000      -5.801832856430629E-005
   5.57300000000000      -5.536611055613437E-005
   5.57400000000000      -5.280561087246859E-005
   5.57500000000000      -5.033472522884515E-005
   5.57600000000000      -4.795137017232410E-005
   5.57700000000000      -4.565348343514965E-005
   5.57800000000000      -4.343902418248512E-005
   5.57900000000000      -4.130597329466205E-005
   5.58000000000000      -3.925233362064930E-005
   5.58100000000000      -3.727613017747806E-005
   5.58200000000000      -3.537541044490457E-005
   5.58300000000000      -3.354824454715391E-005
   5.58400000000000      -3.518375925736162E-005
   5.58500000000000      -3.336406442090341E-005
   5.58600000000000      -3.161582119807373E-005
   5.58700000000000      -2.993714798816029E-005
   5.58800000000000      -2.832618654370260E-005
   5.58900000000000      -2.678110206547533E-005
   5.59000000000000      -2.530008335390014E-005
   5.59100000000000      -2.388134304470364E-005
   5.59200000000000      -2.252311772531473E-005
   5.59300000000000      -2.122366806408187E-005
   5.59400000000000      -1.998127898385468E-005
   5.59500000000000      -1.879425977982220E-005
   5.59600000000000      -1.766094423278178E-005
   5.59700000000000      -1.657969075026640E-005
   5.59800000000000      -1.554888245769075E-005
   5.59900000000000      -1.456692728197267E-005
   5.60000000000000      -1.363225810573266E-005
   5.60100000000000      -1.274333279186272E-005
   5.60200000000000      -1.189863430003202E-005
   5.60300000000000      -1.265426894331651E-005
   5.60400000000000      -1.181404306286952E-005
   5.60500000000000      -1.101639985313844E-005
   5.60600000000000      -1.025987520159469E-005
   5.60700000000000      -9.543030461230648E-006
   5.60800000000000      -8.864452273247743E-006
   5.60900000000000      -8.222752736043930E-006
   5.61000000000000      -7.616569423345765E-006
   5.61100000000000      -7.044565426295810E-006
   5.61200000000000      -6.505429405519761E-006
   5.61300000000000      -5.997875618831887E-006
   5.61400000000000      -5.520643957037203E-006
   5.61500000000000      -5.072499972056475E-006
   5.61600000000000      -4.652234902678072E-006
   5.61700000000000      -4.258665696155734E-006
   5.61800000000000      -3.890635021336627E-006
   5.61900000000000      -3.547011292779197E-006
   5.62000000000000      -3.226688671177410E-006
   5.62100000000000      -3.512941897572655E-006
   5.62200000000000      -3.194959032938392E-006
   5.62300000000000      -2.899087325074433E-006
   5.62400000000000      -2.624275105416815E-006
   5.62500000000000      -2.369496510524893E-006
   5.62600000000000      -2.133751423085570E-006
   5.62700000000000      -1.916065515646516E-006
   5.62800000000000      -1.715490218968226E-006
   5.62900000000000      -1.531102730366248E-006
   5.63000000000000      -1.362006005315140E-006
   5.63100000000000      -1.207328744820391E-006
   5.63200000000000      -1.066225389847514E-006
   5.63300000000000      -9.378761090914499E-007
   5.63400000000000      -8.214867857542732E-007
   5.63500000000000      -7.162890038911074E-007
   5.63600000000000      -6.215400349794614E-007
   5.63700000000000      -5.365228212286818E-007
   5.63800000000000      -4.605459600960619E-007
   5.63900000000000      -3.929436867344932E-007
   5.64000000000000      -4.532009628034032E-007
   5.64100000000000      -3.864253091756681E-007
   5.64200000000000      -3.273195378870947E-007
   5.64300000000000      -2.752717472600532E-007
   5.64400000000000      -2.296956171328799E-007
   5.64500000000000      -1.900303905423484E-007
   5.64600000000000      -1.557408546452599E-007
   5.64700000000000      -1.263173209936095E-007
   5.64800000000000      -1.012756066963340E-007
   5.64900000000000      -8.015701484144224E-008
   5.65000000000000      -6.252831508372802E-008
   5.65100000000000      -4.798172472724819E-008
   5.65200000000000      -3.613488948179186E-008
   5.65300000000000      -2.663086475960461E-008
   5.65400000000000      -1.913809708132335E-008
   5.65500000000000      -1.335040587911487E-008
   5.65600000000000      -8.986965613533582E-009
   5.65700000000000      -5.792288300576278E-009
   5.65800000000000      -8.604762144063390E-009
   5.65900000000000      -5.517496447609090E-009
   5.66000000000000      -3.346493728673844E-009
   5.66100000000000      -1.889500344985957E-009
   5.66200000000000      -9.695473410462104E-010
   5.66300000000000      -4.349406682461498E-010
   5.66400000000000      -1.592293705938972E-010
   5.66500000000000      -4.123820917862888E-011
   5.66600000000000      -4.927243849097647E-012
   5.66700000000000       2.301900896709799E-013
   5.66800000000000      -5.116294085097690E-014
   5.66900000000000       1.115876755010085E-014
   5.67000000000000      -2.375856837221101E-015
   5.67100000000000       4.897352413365937E-016
   5.67200000000000      -9.637447829470646E-017
   5.67300000000000       1.763031206473478E-017
   5.67400000000000      -2.818727910479482E-018
   5.67500000000000       3.179962849017049E-019
   5.67600000000000       2.167432557559821E-017
   5.67700000000000      -5.216852725109072E-018
   5.67800000000000       1.249764932284816E-018
   5.67900000000000      -2.978431317184053E-019
   5.68000000000000       7.057138151182683E-020
   5.68100000000000      -1.661276582923532E-020
   5.68200000000000       3.881956341269140E-021
   5.68300000000000      -8.994729620358085E-022
   5.68400000000000       2.063789999860249E-022
   5.68500000000000      -4.680827923746088E-023
   5.68600000000000       1.047010821432398E-023
   5.68700000000000      -2.302330006724526E-024
   5.68800000000000       4.954420745170421E-025
   5.68900000000000      -1.036188825065796E-025
   5.69000000000000       2.082832941488967E-026
   5.69100000000000      -3.943767637273871E-027
   5.69200000000000       6.742169937182289E-028
   5.69300000000000      -9.236493737515328E-029
   5.69400000000000       4.670468725263421E-030
   5.69500000000000       1.031774555038585E-027
   5.69600000000000      -2.476647777540018E-028
   5.69700000000000       5.915294527017848E-029
   5.69800000000000      -1.405015710257451E-029
   5.69900000000000       3.316591300042443E-030
   5.70000000000000      -7.774305707262825E-031
   5.70100000000000       1.807854410131735E-031
   5.70200000000000      -4.165464262484854E-032
   5.70300000000000       9.494645854360790E-033
   5.70400000000000      -2.136556646983486E-033
   5.70500000000000       4.733257646653807E-034
   5.70600000000000      -1.028291499889854E-034
   5.70700000000000       2.178094809274010E-035
   5.70800000000000      -4.457623049250449E-036
   5.70900000000000       8.678293895940306E-037
   5.71000000000000      -1.558954999700314E-037
   5.71100000000000       2.398928514921868E-038
   5.71200000000000      -2.357642586551958E-039
   5.71300000000000      -2.039074344022220E-037
   5.71400000000000       4.903862363331659E-038
   5.71500000000000      -1.173716638648078E-038
   5.71600000000000       2.794371043061522E-039
   5.71700000000000      -6.613547813275572E-040
   5.71800000000000       1.554870028069836E-040
   5.71900000000000      -3.628035191227866E-041
   5.72000000000000       8.392292372748210E-042
   5.72100000000000      -1.921788804601133E-042
   5.72200000000000       4.348586068496263E-043
   5.72300000000000      -9.699345949030664E-044
   5.72400000000000       2.125284785210387E-044
   5.72500000000000      -4.552482169551464E-045
   5.72600000000000       9.462186189045186E-046
   5.72700000000000      -1.884929004886679E-046
   5.72800000000000       3.518030752119989E-047
   5.72900000000000      -5.853010707336985E-048
   5.73000000000000       7.455182566395786E-049
   5.73100000000000      -1.322082883160866E-050
   5.73200000000000      -9.702081789067446E-048
   5.73300000000000       2.326834233216857E-048
   5.73400000000000      -5.552107861214017E-049
   5.73500000000000       1.317330022829462E-049
   5.73600000000000      -3.105839203485384E-050
   5.73700000000000       7.270278756248566E-051
   5.73800000000000      -1.687978813139149E-051
   5.73900000000000       3.882122029548921E-052
   5.74000000000000      -8.829615909827566E-053
   5.74100000000000       1.981716483908690E-053
   5.74200000000000      -4.376075471995244E-054
   5.74300000000000       9.467919662849823E-055
   5.74400000000000      -1.994546079553837E-055
   5.74500000000000       4.050789970147268E-056
   5.74600000000000      -7.794472679228101E-057
   5.74700000000000       1.371912330383417E-057
   5.74800000000000      -2.017050908201783E-058
   5.74900000000000       1.618118968065831E-059
   5.75000000000000       1.918040696462846E-057
   5.75100000000000      -4.608917628899298E-058
   5.75200000000000       1.102101894824097E-058
   5.75300000000000      -2.621170691790406E-059
   5.75400000000000       6.196472438852829E-060
   5.75500000000000      -1.454914416852847E-060
   5.75600000000000       3.389748551390302E-061
   5.75700000000000      -7.827587423199790E-062
   5.75800000000000       1.788851663196793E-062
   5.75900000000000      -4.038005825284536E-063
   5.76000000000000       8.980053735820937E-064
   5.76100000000000      -1.960390113525770E-064
   5.76200000000000       4.179016070710908E-065
   5.76300000000000      -8.628638322983481E-066
   5.76400000000000       1.702243709510449E-066
   5.76500000000000      -3.126894065133440E-067
   5.76600000000000       5.041403233735434E-068
   5.76700000000000      -5.844647035528972E-069
   5.76800000000000      -3.789044262973629E-067
   5.76900000000000       9.121761822206872E-068
   5.77000000000000      -2.185714264310379E-068
   5.77100000000000       5.210242757813068E-069
   5.77200000000000      -1.234857169631920E-069
   5.77300000000000       2.907788409430997E-070
   5.77400000000000      -6.797084443293452E-071
   5.77500000000000       1.575557565702104E-071
   5.77600000000000      -3.616721738147731E-072
   5.77700000000000       8.207557728911015E-073
   5.77800000000000      -1.837111749091298E-073
   5.77900000000000       4.043122768123653E-074
   5.78000000000000      -8.709880272427855E-075
   5.78100000000000       1.824278904769590E-075
   5.78200000000000      -3.674641175100707E-076
   5.78300000000000       6.980768290822849E-077
   5.78400000000000      -1.200682806088065E-077
   5.78500000000000       1.670265238857534E-078
   5.78600000000000      -9.548991799703136E-080
   5.78700000000000      -1.803926282933218E-077
   5.78800000000000       4.331011497357261E-078
   5.78900000000000      -1.034671068997184E-078
   5.79000000000000       2.458212923314578E-079
   5.79100000000000      -5.804389238535465E-080
   5.79200000000000       1.361035152986543E-080
   5.79300000000000      -3.166177661380931E-081
   5.79400000000000       7.298368559655377E-082
   5.79500000000000      -1.664431321996658E-082
   5.79600000000000       3.747758950083264E-083
   5.79700000000000      -8.309021180014206E-084
   5.79800000000000       1.806873589441719E-084
   5.79900000000000      -3.832173551449520E-085
   5.80000000000000       7.856844140618502E-086
   5.80100000000000      -1.533736423664143E-086
   5.80200000000000       2.767914682788262E-087
   5.80300000000000      -4.301661090006297E-088
   5.80400000000000       4.391780768376216E-089
   5.80500000000000       3.564775922784835E-087
   5.80600000000000      -8.574820183485580E-088
   5.80700000000000       2.052800197035123E-088
   5.80800000000000      -4.888491998731656E-089
   5.80900000000000       1.157299049242756E-089
   5.81000000000000      -2.721704766601705E-090
   5.81100000000000       6.352919909828624E-091
   5.81200000000000      -1.470149308578567E-091
   5.81300000000000       3.368186518062368E-092
   5.81400000000000      -7.625853462186029E-093
   5.81500000000000       1.702108593798462E-093
   5.81600000000000      -3.732871577978194E-094
   5.81700000000000       8.005131477230365E-095
   5.81800000000000      -1.666418795840900E-095
   5.81900000000000       3.327103019988001E-096
   5.82000000000000      -6.232297613706664E-097
   5.82100000000000       1.044125652091388E-097
   5.82200000000000      -1.355931025398129E-098
   5.82300000000000       3.619378216948682E-100
   5.82400000000000       1.696347631643754E-097
   5.82500000000000      -4.069191631945819E-098
   5.82600000000000       9.711881856850798E-099
   5.82700000000000      -2.304914433604186E-099
   5.82800000000000       5.435860077553365E-100
   5.82900000000000      -1.272878649471239E-100
   5.83000000000000       2.956455779019234E-101
   5.83100000000000      -6.802518042686871E-102
   5.83200000000000       1.548012171611150E-102
   5.83300000000000      -3.476594916158184E-103
   5.83400000000000       7.683228158576304E-104
   5.83500000000000      -1.664009235103211E-104
   5.83600000000000       3.510218563414309E-105
   5.83700000000000      -7.142676322835655E-106
   5.83800000000000       1.378432353865398E-106
   5.83900000000000      -2.438807583632847E-107
   5.84000000000000       3.628474286498689E-108
   5.84100000000000      -3.084369301540973E-109
   5.84200000000000      -3.353299472648178E-107
   5.84300000000000       8.059397836929193E-108
   5.84400000000000      -1.927630954999140E-108
   5.84500000000000       4.585714708631515E-109
   5.84600000000000      -1.084374075180774E-109
   5.84700000000000       2.546895147334454E-110
   5.84800000000000      -5.936083969376457E-111
   5.84900000000000       1.371337819411828E-111
   5.85000000000000      -3.135501483851868E-112
   5.85100000000000       7.082037677958295E-113
   5.85200000000000      -1.576110534194810E-113
   5.85300000000000       3.443885241865083E-114
   5.85400000000000      -7.350230201322032E-115
   5.85500000000000       1.520145166270211E-115
   5.85600000000000      -3.006232011052937E-116
   5.85700000000000       5.544490278280959E-117
   5.85800000000000      -9.011748439316739E-118
   5.85900000000000       1.071585373810656E-118
   5.86000000000000       6.623844575002398E-117
   5.86100000000000      -1.594941977549487E-117
   5.86200000000000       3.822557481270176E-118
   5.86300000000000      -9.114301965356747E-119
   5.86400000000000       2.160724125481810E-119
   5.86500000000000      -5.089526895121501E-120
   5.86600000000000       1.190111183535618E-120
   5.86700000000000      -2.759765323382319E-121
   5.86800000000000       6.338039491545926E-122
   5.86900000000000      -1.439108479362514E-122
   5.87000000000000       3.223336532256549E-123
   5.87100000000000      -7.099833984462156E-124
   5.87200000000000       1.531114824515129E-124
   5.87300000000000      -3.211521334400528E-125
   5.87400000000000       6.482264628348004E-126
   5.87500000000000      -1.235418606995819E-126
   5.87600000000000       2.137436031033393E-127
   5.87700000000000      -3.016886021595519E-128
   5.87800000000000       1.911033957810862E-129
   5.87900000000000       3.153907280388227E-127
   5.88000000000000      -7.573736542043490E-128
   5.88100000000000       1.809770642577286E-128
   5.88200000000000      -4.300832799010121E-129
   5.88300000000000       1.015816284796392E-129
   5.88400000000000      -2.382705218405278E-130
   5.88500000000000       5.544971541332491E-131
   5.88600000000000      -1.278730625560429E-131
   5.88700000000000       2.917710285103736E-132
   5.88800000000000      -6.573788802213770E-133
   5.88900000000000       1.458556332381774E-133
   5.89000000000000      -3.174813165464262E-134
   5.89100000000000       6.741942760635644E-135
   5.89200000000000      -1.384688169523872E-135
   5.89300000000000       2.710207065840126E-136
   5.89400000000000      -4.913069790914482E-137
   5.89500000000000       7.708345235446076E-138
   5.89600000000000      -8.149318903970412E-139
   5.89700000000000      -6.232003930795363E-137
   5.89800000000000       1.499366168633754E-137
   5.89900000000000      -3.590257527953516E-138
   5.90000000000000       8.551862892667072E-139
   5.90100000000000      -2.025121375620343E-139
   5.90200000000000       4.764107365977052E-140
   5.90300000000000      -1.112417812480022E-140
   5.90400000000000       2.575335170791055E-141
   5.90500000000000      -5.903051153732216E-142
   5.90600000000000       1.337262717669994E-142
   5.90700000000000      -2.986875800597468E-143
   5.90800000000000       6.556167168542374E-144
   5.90900000000000      -1.407549359735064E-144
   5.91000000000000       2.934552164697674E-145
   5.91100000000000      -5.871980692568195E-146
   5.91200000000000       1.103840478136358E-146
   5.91300000000000      -1.861802541601710E-147
   5.91400000000000       2.462270797796263E-148
   5.91500000000000      -8.611790596256096E-150
   5.91600000000000      -2.965929866165489E-147
   5.91700000000000       7.116173511672187E-148
   5.91800000000000      -1.698807202252331E-148
   5.91900000000000       4.032827598859410E-149
   5.92000000000000      -9.513744952038527E-150
   5.92100000000000       2.228517330120079E-150
   5.92200000000000      -5.178068381905591E-151
   5.92300000000000       1.191957691484388E-151
   5.92400000000000      -2.713911843436882E-152
   5.92500000000000       6.098921025281129E-153
   5.92600000000000      -1.348917993849187E-153
   5.92700000000000       2.924385877763446E-154
   5.92800000000000      -6.177232700502797E-155
   5.92900000000000       1.259325714866690E-155
   5.93000000000000      -2.437322215443307E-156
   5.93100000000000       4.334035751399124E-157
   5.93200000000000      -6.521746830220090E-158
   5.93300000000000       5.838302506764179E-159
   5.93400000000000       5.862503397971275E-157
   5.93500000000000      -1.409295628897516E-157
   5.93600000000000       3.371486680660282E-158
   5.93700000000000      -8.022572327819964E-159
   5.93800000000000       1.897614392816883E-159
   5.93900000000000      -4.458390791709763E-160
   5.94000000000000       1.039501347326735E-160
   5.94100000000000      -2.402438095814889E-161
   5.94200000000000       5.495779538001037E-162
   5.94300000000000      -1.242043983324591E-162
   5.94400000000000       2.766170001688417E-163
   5.94500000000000      -6.049715746786498E-164
   5.94600000000000       1.292710687620475E-164
   5.94700000000000      -2.677875572221310E-165
   5.94800000000000       5.308423689875678E-166
   5.94900000000000      -9.828979514958655E-167
   5.95000000000000       1.610040378176792E-167
   5.95100000000000      -1.960313825089780E-168
   5.95200000000000      -1.157942440156404E-166
   5.95300000000000       2.788733889866294E-167
   5.95400000000000      -6.685136347447888E-168
   5.95500000000000       1.594351142080090E-168
   5.95600000000000      -3.780736662439810E-169
   5.95700000000000       8.908115037846816E-170
   5.95800000000000      -2.083748517648139E-170
   5.95900000000000       4.833946096903324E-171
   5.96000000000000      -1.110670176817078E-171
   5.96100000000000       2.523257266351332E-172
   5.96200000000000      -5.655376650669625E-173
   5.96300000000000       1.246698875188477E-173
   5.96400000000000      -2.691410363399010E-174
   5.96500000000000       5.653249314658102E-175
   5.96600000000000      -1.143380652088014E-175
   5.96700000000000       2.185979723903293E-176
   5.96800000000000      -3.803647097972288E-177
   5.96900000000000       5.443271008826590E-178
   5.97000000000000      -3.762863867425241E-179
   5.97100000000000      -5.514107591034020E-177
   5.97200000000000       1.324423375112743E-177
   5.97300000000000      -3.165483802021885E-178
   5.97400000000000       7.524547566083000E-179
   5.97500000000000      -1.777738662749540E-179
   5.97600000000000       4.171234209820226E-180
   5.97700000000000      -9.710813811585392E-181
   5.97800000000000       2.240388349606978E-181
   5.97900000000000      -5.114553391369647E-182
   5.98000000000000       1.153046502837908E-182
   5.98100000000000      -2.560237994004917E-183
   5.98200000000000       5.578118142834741E-184
   5.98300000000000      -1.186033249613946E-184
   5.98400000000000       2.440144767598443E-185
   5.98500000000000      -4.788406811692430E-186
   5.98600000000000       8.718424027224556E-187
   5.98700000000000      -1.380405538164837E-187
   5.98800000000000       1.506991639227059E-188
   5.98900000000000       1.089480656045755E-186
   5.99000000000000      -2.621720242748435E-187
   5.99100000000000       6.279138238846862E-188
   5.99200000000000      -1.496034329699660E-188
   5.99300000000000       3.543650744746697E-189
   5.99400000000000      -8.339033309675295E-190
   5.99500000000000       1.947848608626475E-190
   5.99600000000000      -4.511257421382702E-191
   5.99700000000000       1.034539261341176E-191
   5.99800000000000      -2.344946928586763E-192
   5.99900000000000       5.241218862173254E-193
   6.00000000000000      -1.151431896100104E-193
   6.00100000000000       2.474765654530839E-194
   6.00200000000000      -5.167316808337077E-195
   6.00300000000000       1.036218115696285E-195
   6.00400000000000      -1.954683601721583E-196
   6.00500000000000       3.318406323182985E-197
   6.00600000000000      -4.464815168174010E-198
   6.00700000000000       1.904432582156487E-199
   6.00800000000000       5.185647711062404E-197
   6.00900000000000      -1.244459084672989E-197
   6.01000000000000       2.971529365605656E-198
   6.01100000000000      -7.056009629004389E-199
   6.01200000000000       1.665055474788721E-199
   6.01300000000000      -3.901558709343918E-200
   6.01400000000000       9.068933693675620E-201
   6.01500000000000      -2.088539368451716E-201
   6.01600000000000       4.757798002085880E-202
   6.01700000000000      -1.069888219274329E-202
   6.01800000000000       2.368156716934691E-203
   6.01900000000000      -5.139154536585023E-204
   6.02000000000000       1.086985957263249E-204
   6.02100000000000      -2.220096440930022E-205
   6.02200000000000       4.308944515547769E-206
   6.02300000000000      -7.699734912703146E-207
   6.02400000000000       1.171269209289309E-207
   6.02500000000000      -1.098553865884640E-208
   6.02600000000000      -1.024920391163975E-206
   6.02700000000000       2.464322237934942E-207
   6.02800000000000      -5.896773412114351E-208
   6.02900000000000       1.403508849497461E-208
   6.03000000000000      -3.320710936256654E-209
   6.03100000000000       7.804385031082558E-210
   6.03200000000000      -1.820298431579781E-210
   6.03300000000000       4.208731752530375E-211
   6.03400000000000      -9.632550333909056E-212
   6.03500000000000       2.178227712171591E-212
   6.03600000000000      -4.854624887126118E-213
   6.03700000000000       1.062677850159818E-213
   6.03800000000000      -2.273398668122481E-214
   6.03900000000000       4.716924070758942E-215
   6.04000000000000      -9.372430199002510E-216
   6.04100000000000       1.742033491602354E-216
   6.04200000000000      -2.875044605988219E-217
   6.04300000000000       3.578820312679387E-218
   6.04400000000000      -2.457217324168451E-220
   6.04500000000000      -4.876018034057082E-217
   6.04600000000000       1.169128211838398E-217
   6.04700000000000      -2.788943235229562E-218
   6.04800000000000       6.615277693099351E-219
   6.04900000000000      -1.559150526620765E-219
   6.05000000000000       3.648345942122769E-220
   6.05100000000000      -8.466877590557645E-221
   6.05200000000000       1.946281605547770E-221
   6.05300000000000      -4.424029811431782E-222
   6.05400000000000       9.922094562197620E-223
   6.05500000000000      -2.189057886229454E-223
   6.05600000000000       4.730738711873714E-224
   6.05700000000000      -9.950701867899492E-225
   6.05800000000000       2.016545843368458E-225
   6.05900000000000      -3.867240502824351E-226
   6.06000000000000       6.766362323575851E-227
   6.06100000000000      -9.811106667181868E-228
   6.06200000000000       7.315060653890086E-229
   6.06300000000000       9.640459725685408E-227
   6.06400000000000      -2.316003894789485E-227
   6.06500000000000       5.536712816503536E-228
   6.06600000000000      -1.316445919624819E-228
   6.06700000000000       3.111105948582071E-229
   6.06800000000000      -7.302173733569184E-230
   6.06900000000000       1.700608119838344E-230
   6.07000000000000      -3.925170922048003E-231
   6.07100000000000       8.965254383003965E-232
   6.07200000000000      -2.022390396616287E-232
   6.07300000000000       4.493879534684359E-233
   6.07400000000000      -9.800238089585985E-234
   6.07500000000000       2.086320275564498E-234
   6.07600000000000      -4.299715023323273E-235
   6.07700000000000       8.458976961241424E-236
   6.07800000000000      -1.546718905742503E-236
   6.07900000000000       2.470507809258168E-237
   6.08000000000000      -2.778237172588161E-238
   6.08100000000000      -1.904617042634998E-236
   6.08200000000000       4.584172581130384E-237
   6.08300000000000      -1.098171149975905E-237
   6.08400000000000       2.617082560437670E-238
   6.08500000000000      -6.200763811492310E-239
   6.08600000000000       1.459632602634887E-239
   6.08700000000000      -3.410634819632200E-240
   6.08800000000000       7.902291650494572E-241
   6.08900000000000      -1.813040479663810E-241
   6.09000000000000       4.111851317767736E-242
   6.09100000000000      -9.196716547900037E-243
   6.09200000000000       2.022124871494258E-243
   6.09300000000000      -4.350910357160258E-244
   6.09400000000000       9.098178860514768E-245
   6.09500000000000      -1.828382147225620E-245
   6.09600000000000       3.460676384437405E-246
   6.09700000000000      -5.912182384015277E-247
   6.09800000000000       8.085105864549902E-248
   6.09900000000000      -4.025935973007153E-249
   6.10000000000000      -9.066533485222010E-247
   6.10100000000000       2.176258312320350E-247
   6.10200000000000      -5.197700035548668E-248
   6.10300000000000       1.234534865834658E-248
   6.10400000000000      -2.914069543347793E-249
   6.10500000000000       6.830514785570493E-250
   6.10600000000000      -1.588315506032453E-250
   6.10700000000000       3.659445195807048E-251
   6.10800000000000      -8.340752837691231E-252
   6.10900000000000       1.876767191378671E-252
   6.11000000000000      -4.157369089010227E-253
   6.11100000000000       9.030816146294459E-254
   6.11200000000000      -1.912601591813486E-254
   6.11300000000000       3.913479512201110E-255
   6.11400000000000      -7.616596651117976E-256
   6.11500000000000       1.367513795194210E-256
   6.11600000000000      -2.101943293640611E-257
   6.11700000000000       2.056494323900684E-258
   6.11800000000000       1.791816100900062E-256
   6.11900000000000      -4.309121961117236E-257
   6.12000000000000       1.031342437399098E-257
   6.12100000000000      -2.455339782037814E-258
   6.12200000000000       5.810967913225437E-259
   6.12300000000000      -1.366132322245951E-259
   6.12400000000000       3.187518385745079E-260
   6.12500000000000      -7.372955900498965E-261
   6.12600000000000       1.688274434448615E-261
   6.12700000000000      -3.819946257535285E-262
   6.12800000000000       8.519561798098757E-263
   6.12900000000000      -1.866589746026668E-263
   6.13000000000000       3.997827795001719E-264
   6.13100000000000      -8.307897879158821E-265
   6.13200000000000       1.654564069487838E-265
   6.13300000000000      -3.086800996778442E-266
   6.13400000000000       5.131471206308293E-267
   6.13500000000000      -6.521447516747990E-268
   6.13600000000000       1.087864459948695E-269
   6.13700000000000       8.525494757589256E-267
   6.13800000000000      -2.044606127090411E-267
   6.13900000000000       4.878547411812226E-268
   6.14000000000000      -1.157482149178602E-268
   6.14100000000000       2.728878096752165E-269
   6.14200000000000      -6.387629303055656E-270
   6.14300000000000       1.482984602349692E-270
   6.14400000000000      -3.410489488635469E-271
   6.14500000000000       7.756452990742733E-272
   6.14600000000000      -1.740729402960951E-272
   6.14700000000000       3.843575538316810E-273
   6.14800000000000      -8.314864560231980E-274
   6.14900000000000       1.751370472282156E-274
   6.15000000000000      -3.556144715966218E-275
   6.15100000000000       6.840395362774491E-276
   6.15200000000000      -1.203271432918761E-276
   6.15300000000000       1.766687502247344E-277
   6.15400000000000      -1.407468197262694E-278
   6.15500000000000      -1.685452292477771E-276
   6.15600000000000       4.049930376953962E-277
   6.15700000000000      -9.684100046108210E-278
   6.15800000000000       2.303140742199848E-278
   6.15900000000000      -5.444473066079316E-279
   6.16000000000000       1.278300954526197E-279
   6.16100000000000      -2.978140856082824E-280
   6.16200000000000       6.876776866217423E-281
   6.16300000000000      -1.571473102546743E-281
   6.16400000000000       3.547075048379904E-282
   6.16500000000000      -7.887631914167976E-283
   6.16600000000000       1.721730499756649E-283
   6.16700000000000      -3.669761116775119E-284
   6.16800000000000       7.575737241718759E-285
   6.16900000000000      -1.494115744018976E-285
   6.17000000000000       2.743320331612487E-286
   6.17100000000000      -4.418880417074268E-287
   6.17200000000000       5.107781298904605E-288
   6.17300000000000       3.329600751299041E-286
   6.17400000000000      -8.015517384833138E-287
   6.17500000000000       1.920594051352472E-287
   6.17600000000000      -4.578132374248859E-288
   6.17700000000000       1.085010444813604E-288
   6.17800000000000      -2.554848292886785E-289
   6.17900000000000       5.971838383881984E-290
   6.18000000000000      -1.384204162130107E-290
   6.18100000000000       3.177299783072455E-291
   6.18200000000000      -7.209912453507923E-292
   6.18300000000000       1.613685229554799E-292
   6.18400000000000      -3.551071121820040E-293
   6.18500000000000       7.648955239598717E-294
   6.18600000000000      -1.601808206092426E-294
   6.18700000000000       3.225767039317466E-295
   6.18800000000000      -6.125790272217709E-296
   6.18900000000000       1.052919592853172E-296
   6.19000000000000      -1.462254272850260E-297
   6.19100000000000       8.254548673620684E-299
   6.19200000000000       1.585169380379409E-296
   6.19300000000000      -3.805712787376149E-297
   6.19400000000000       9.091544607925710E-298
   6.19500000000000      -2.159942893575591E-298
   6.19600000000000       5.099940989090301E-299
   6.19700000000000      -1.195809295730351E-299
   6.19800000000000       2.781694815478726E-300
   6.19900000000000      -6.411780588378900E-301
   6.20000000000000       1.462155569030634E-301
   6.20100000000000      -3.292070480650665E-302
   6.20200000000000       7.298105786364857E-303
   6.20300000000000      -1.586868406480223E-303
   6.20400000000000       3.365085700947820E-304
   6.20500000000000      -6.897830345462321E-305
   6.20600000000000       1.346122829037266E-305
   6.20700000000000      -2.428088046169628E-306
   6.20800000000000       3.769414110451361E-307
   6.20900000000000      -3.832592999981468E-308
   6.21000000000000      -3.132514037016698E-306
   6.21100000000000       7.534873906461854E-307
   6.21200000000000      -1.803793277653810E-307
   6.21300000000000       4.295387593125418E-308
   6.21400000000000       0.000000000000000E+000
   6.21500000000000       0.000000000000000E+000
   6.21600000000000       0.000000000000000E+000
   6.21700000000000       0.000000000000000E+000
   6.21800000000000       0.000000000000000E+000
   6.21900000000000       0.000000000000000E+000
   6.22000000000000       0.000000000000000E+000
   6.22100000000000       0.000000000000000E+000
   6.22200000000000       0.000000000000000E+000
   6.22300000000000       0.000000000000000E+000
   6.22400000000000       0.000000000000000E+000
   6.22500000000000       0.000000000000000E+000
   6.22600000000000       0.000000000000000E+000
   6.22700000000000       0.000000000000000E+000
   6.22800000000000       0.000000000000000E+000
   6.22900000000000       0.000000000000000E+000
   6.23000000000000       0.000000000000000E+000
   6.23100000000000       0.000000000000000E+000
   6.23200000000000       0.000000000000000E+000
   6.23300000000000       0.000000000000000E+000
   6.23400000000000       0.000000000000000E+000
   6.23500000000000       0.000000000000000E+000
   6.23600000000000       0.000000000000000E+000
   6.23700000000000       0.000000000000000E+000
   6.23800000000000       0.000000000000000E+000
   6.23900000000000       0.000000000000000E+000
   6.24000000000000       0.000000000000000E+000
   6.24100000000000       0.000000000000000E+000
   6.24200000000000       0.000000000000000E+000
   6.24300000000000       0.000000000000000E+000
   6.24400000000000       0.000000000000000E+000
   6.24500000000000       0.000000000000000E+000
   6.24600000000000       0.000000000000000E+000
   6.24700000000000       0.000000000000000E+000
   6.24800000000000       0.000000000000000E+000
   6.24900000000000       0.000000000000000E+000
   6.25000000000000       0.000000000000000E+000
   6.25100000000000       0.000000000000000E+000
   6.25200000000000       0.000000000000000E+000
   6.25300000000000       0.000000000000000E+000
   6.25400000000000       0.000000000000000E+000
   6.25500000000000       0.000000000000000E+000
   6.25600000000000       0.000000000000000E+000
   6.25700000000000       0.000000000000000E+000
   6.25800000000000       0.000000000000000E+000
   6.25900000000000       0.000000000000000E+000
   6.26000000000000       0.000000000000000E+000
   6.26100000000000       0.000000000000000E+000
   6.26200000000000       0.000000000000000E+000
   6.26300000000000       0.000000000000000E+000
   6.26400000000000       0.000000000000000E+000
   6.26500000000000       0.000000000000000E+000
   6.26600000000000       0.000000000000000E+000
   6.26700000000000       0.000000000000000E+000
   6.26800000000000       0.000000000000000E+000
   6.26900000000000       0.000000000000000E+000
   6.27000000000000       0.000000000000000E+000
   6.27100000000000       0.000000000000000E+000
   6.27200000000000       0.000000000000000E+000
   6.27300000000000       0.000000000000000E+000
   6.27400000000000       0.000000000000000E+000
   6.27500000000000       0.000000000000000E+000
   6.27600000000000       0.000000000000000E+000
   6.27700000000000       0.000000000000000E+000
   6.27800000000000       0.000000000000000E+000
   6.27900000000000       0.000000000000000E+000
   6.28000000000000       0.000000000000000E+000
   6.28100000000000       0.000000000000000E+000
   6.28200000000000       0.000000000000000E+000
   6.28300000000000       0.000000000000000E+000
   6.28400000000000       0.000000000000000E+000
   6.28500000000000       0.000000000000000E+000
   6.28600000000000       0.000000000000000E+000
   6.28700000000000       0.000000000000000E+000
   6.28800000000000       0.000000000000000E+000
   6.28900000000000       0.000000000000000E+000
   6.29000000000000       0.000000000000000E+000
   6.29100000000000       0.000000000000000E+000
   6.29200000000000       0.000000000000000E+000
   6.29300000000000       0.000000000000000E+000
   6.29400000000000       0.000000000000000E+000
   6.29500000000000       0.000000000000000E+000
   6.29600000000000       0.000000000000000E+000
   6.29700000000000       0.000000000000000E+000
   6.29800000000000       0.000000000000000E+000
   6.29900000000000       0.000000000000000E+000
   6.30000000000000       0.000000000000000E+000
