  3.000000000000001E-012  2.081190880800038E-009
  6.000000000000001E-012  2.081190880798568E-009
  9.000000000000001E-012  1.823755408199909E-009
  1.200000000000000E-011  1.820726026200008E-009
  1.500000000000000E-011  1.817963056799956E-009
  1.800000000000000E-011  1.815200888399972E-009
  2.100000000000001E-011  1.812442885199963E-009
  2.400000000000000E-011  1.809689047199964E-009
  2.700000000000000E-011  1.806939374399963E-009
  3.000000000000001E-011  1.804194026999963E-009
  3.300000000000001E-011  1.801452684599965E-009
  3.600000000000000E-011  1.798715507399967E-009
  3.900000000000001E-011  1.795982655599970E-009
  4.200000000000001E-011  1.793253808799974E-009
  4.500000000000001E-011  1.790529127199979E-009
  4.800000000000001E-011  1.787808450599985E-009
  5.100000000000001E-011  1.785092099399991E-009
  5.400000000000001E-011  1.782379753199999E-009
  5.700000000000001E-011  1.782379753199853E-009
  6.000000000000001E-011  1.779671572199854E-009
  6.300000000000002E-011  1.776967556399857E-009
  6.600000000000002E-011  1.774267545599860E-009
  6.900000000000001E-011  1.771571699999864E-009
  7.200000000000001E-011  1.768880019599869E-009
  7.500000000000001E-011  1.766192183999875E-009
  7.800000000000001E-011  1.763508673799882E-009
  8.100000000000002E-011  1.760829168599889E-009
  8.400000000000002E-011  1.758153668399898E-009
  8.700000000000001E-011  1.755482173199907E-009
  9.000000000000001E-011  1.752814843199917E-009
  9.300000000000001E-011  1.750151518199928E-009
  9.600000000000002E-011  1.747492358399940E-009
  9.900000000000002E-011  1.744837043399953E-009
  1.020000000000000E-010  1.742185893599966E-009
  1.050000000000000E-010  1.739538748799981E-009
  1.080000000000000E-010  1.736895608999996E-009
  1.110000000000000E-010  1.736895608999719E-009
  1.140000000000000E-010  1.734256474199728E-009
  1.170000000000000E-010  1.731621344399738E-009
  1.200000000000000E-010  1.728990219599750E-009
  1.230000000000000E-010  1.726363099799761E-009
  1.260000000000000E-010  1.723739984999774E-009
  1.290000000000000E-010  1.721120714999788E-009
  1.320000000000000E-010  1.718505610199802E-009
  1.350000000000000E-010  1.715894350199817E-009
  1.380000000000000E-010  1.713287095199833E-009
  1.410000000000000E-010  1.710683845199850E-009
  1.440000000000000E-010  1.708084439999868E-009
  1.470000000000000E-010  1.705489039799886E-009
  1.500000000000000E-010  1.702897644599905E-009
  1.530000000000000E-010  1.700310094199925E-009
  1.560000000000000E-010  1.697726388599946E-009
  1.590000000000000E-010  1.695146848199968E-009
  1.620000000000000E-010  1.692570992399990E-009
  1.650000000000000E-010  1.692570992399589E-009
  1.680000000000000E-010  1.689999141599606E-009
  1.710000000000000E-010  1.687431135599624E-009
  1.740000000000000E-010  1.684867134599643E-009
  1.770000000000000E-010  1.682306978399662E-009
  1.800000000000000E-010  1.679750666999682E-009
  1.830000000000000E-010  1.677198360599703E-009
  1.860000000000000E-010  1.674649898999725E-009
  1.890000000000000E-010  1.672105121999747E-009
  1.920000000000000E-010  1.669564349999770E-009
  1.950000000000000E-010  1.667027422799794E-009
  1.980000000000000E-010  1.664494340399819E-009
  2.010000000000000E-010  1.661965102799845E-009
  2.040000000000000E-010  1.659439709999871E-009
  2.070000000000000E-010  1.656918161999898E-009
  2.100000000000001E-010  1.654400458799926E-009
  2.130000000000000E-010  1.651886600399954E-009
  2.160000000000000E-010  1.649376426599984E-009
  2.190000000000000E-010  1.649376426599465E-009
  2.220000000000000E-010  1.646870257799489E-009
  2.250000000000001E-010  1.644367773599514E-009
  2.280000000000000E-010  1.641868973999539E-009
  2.310000000000000E-010  1.639374179399566E-009
  2.340000000000000E-010  1.636883069399593E-009
  2.370000000000001E-010  1.634395804199621E-009
  2.400000000000001E-010  1.631912223599649E-009
  2.430000000000000E-010  1.629432487799679E-009
  2.460000000000000E-010  1.626956436599709E-009
  2.490000000000001E-010  1.624484230199739E-009
  2.520000000000001E-010  1.622015708399771E-009
  2.550000000000001E-010  1.619551031399803E-009
  2.580000000000000E-010  1.617089878799836E-009
  2.610000000000000E-010  1.614632731199870E-009
  2.640000000000001E-010  1.612179107999904E-009
  2.670000000000001E-010  1.609729329599939E-009
  2.700000000000000E-010  1.607283235799975E-009
  2.730000000000000E-010  1.607283235799345E-009
  2.760000000000000E-010  1.604840826599376E-009
  2.790000000000001E-010  1.602402101999407E-009
  2.820000000000001E-010  1.599967206179440E-009
  2.850000000000000E-010  1.597535930879473E-009
  2.880000000000000E-010  1.595108356199506E-009
  2.910000000000000E-010  1.592684450099541E-009
  2.940000000000001E-010  1.590264228599576E-009
  2.970000000000001E-010  1.587847691699612E-009
  3.000000000000000E-010  1.585434807359648E-009
  3.030000000000000E-010  1.583025591599685E-009
  3.060000000000001E-010  1.580620044419724E-009
  3.090000000000001E-010  1.578218133779762E-009
  3.120000000000001E-010  1.575819875699801E-009
  3.150000000000000E-010  1.573425254159841E-009
  3.180000000000000E-010  1.571034285179882E-009
  3.210000000000001E-010  1.568646920699923E-009
  3.240000000000001E-010  1.566263192759965E-009
  3.270000000000001E-010  1.566263192759230E-009
  3.300000000000000E-010  1.563883085339267E-009
  3.330000000000000E-010  1.561506598439305E-009
  3.360000000000001E-010  1.559133700019344E-009
  3.390000000000001E-010  1.556764422119383E-009
  3.420000000000001E-010  1.554398732699423E-009
  3.450000000000000E-010  1.552036631759463E-009
  3.480000000000000E-010  1.549678119299505E-009
  3.510000000000001E-010  1.547323179299547E-009
  3.540000000000001E-010  1.544971827779589E-009
  3.570000000000001E-010  1.542624048719633E-009
  3.600000000000000E-010  1.540279826099677E-009
  3.630000000000001E-010  1.537939159919721E-009
  3.660000000000001E-010  1.535602050179766E-009
  3.690000000000001E-010  1.533268480859812E-009
  3.720000000000001E-010  1.530938467979859E-009
  3.750000000000000E-010  1.528611979499906E-009
  3.780000000000001E-010  1.526289031439954E-009
  3.810000000000001E-010  1.526289031439119E-009
  3.840000000000001E-010  1.523969607779162E-009
  3.870000000000001E-010  1.521653708519206E-009
  3.900000000000000E-010  1.519341317639251E-009
  3.930000000000001E-010  1.517032435139296E-009
  3.960000000000001E-010  1.514727061019342E-009
  3.990000000000001E-010  1.512425195279388E-009
  4.020000000000001E-010  1.510126821899435E-009
  4.050000000000000E-010  1.507831924859483E-009
  4.080000000000001E-010  1.505540520179532E-009
  4.110000000000001E-010  1.503252591839581E-009
  4.140000000000001E-010  1.500968139839630E-009
  4.170000000000001E-010  1.498687164179681E-009
  4.200000000000001E-010  1.496409648839732E-009
  4.230000000000001E-010  1.494135577799783E-009
  4.260000000000001E-010  1.491864967079835E-009
  4.290000000000001E-010  1.489597800659888E-009
  4.320000000000001E-010  1.487334078539941E-009
  4.350000000000001E-010  1.485073800719995E-009
  4.380000000000001E-010  1.485073800719061E-009
  4.410000000000001E-010  1.482816935159111E-009
  4.440000000000001E-010  1.480563513899161E-009
  4.470000000000001E-010  1.478313504899212E-009
  4.500000000000001E-010  1.476066924179263E-009
  4.530000000000001E-010  1.473823739699316E-009
  4.560000000000001E-010  1.471583967479368E-009
  4.590000000000001E-010  1.469347591499422E-009
  4.620000000000001E-010  1.467114611759476E-009
  4.650000000000001E-010  1.464885012239530E-009
  4.680000000000000E-010  1.462658808959585E-009
  4.710000000000001E-010  1.460435985899641E-009
  4.740000000000001E-010  1.458216543059697E-009
  4.770000000000001E-010  1.456000464419754E-009
  4.800000000000001E-010  1.453787749979811E-009
  4.830000000000001E-010  1.451578383719869E-009
  4.860000000000001E-010  1.449372381659927E-009
  4.890000000000001E-010  1.447169727779987E-009
  4.920000000000001E-010  1.447169727778964E-009
  4.950000000000000E-010  1.444970422079019E-009
  4.980000000000001E-010  1.442774448539074E-009
  5.010000000000001E-010  1.440581823179131E-009
  5.040000000000001E-010  1.438392513959188E-009
  5.070000000000001E-010  1.436206520879245E-009
  5.100000000000001E-010  1.434023859959303E-009
  5.130000000000001E-010  1.431844515179362E-009
  5.160000000000001E-010  1.429668470519421E-009
  5.190000000000001E-010  1.427495725979480E-009
  5.220000000000001E-010  1.425326281559541E-009
  5.250000000000000E-010  1.423160137259601E-009
  5.280000000000001E-010  1.420997277059662E-009
  5.310000000000001E-010  1.418837700959724E-009
  5.340000000000001E-010  1.416681408959786E-009
  5.370000000000001E-010  1.414528385039849E-009
  5.400000000000001E-010  1.412378629199913E-009
  5.430000000000001E-010  1.410232141439977E-009
  5.460000000000001E-010  1.410232141438871E-009
  5.490000000000001E-010  1.408088921758931E-009
  5.520000000000001E-010  1.405948938118992E-009
  5.550000000000002E-010  1.403812206539053E-009
  5.580000000000001E-010  1.401678727019115E-009
  5.610000000000001E-010  1.399548483539177E-009
  5.640000000000001E-010  1.397421476099240E-009
  5.670000000000001E-010  1.395297688679303E-009
  5.700000000000001E-010  1.393177137299367E-009
  5.730000000000001E-010  1.391059789919432E-009
  5.760000000000001E-010  1.388945678579497E-009
  5.790000000000001E-010  1.386834755219562E-009
  5.820000000000001E-010  1.384727051879628E-009
  5.850000000000002E-010  1.382622536519695E-009
  5.880000000000001E-010  1.380521225159762E-009
  5.910000000000001E-010  1.378423101779829E-009
  5.940000000000001E-010  1.376328166379897E-009
  5.970000000000001E-010  1.374236402939965E-009
  6.000000000000001E-010  1.374236402938781E-009
  6.030000000000001E-010  1.372147827478846E-009
  6.060000000000001E-010  1.370062423978912E-009
  6.090000000000001E-010  1.367980176418978E-009
  6.120000000000002E-010  1.365901084799044E-009
  6.150000000000002E-010  1.363825165139111E-009
  6.180000000000001E-010  1.361752385399179E-009
  6.210000000000001E-010  1.359682761599247E-009
  6.240000000000001E-010  1.357616277719315E-009
  6.270000000000001E-010  1.355552933759384E-009
  6.300000000000001E-010  1.353492713699454E-009
  6.330000000000001E-010  1.351435633559524E-009
  6.360000000000001E-010  1.349381661299594E-009
  6.390000000000001E-010  1.347330812939665E-009
  6.420000000000002E-010  1.345283088479736E-009
  6.450000000000002E-010  1.343238455879808E-009
  6.480000000000001E-010  1.341196947179880E-009
  6.510000000000001E-010  1.339158530339953E-009
  6.540000000000001E-010  1.339158530338695E-009
  6.570000000000001E-010  1.337123205358765E-009
  6.600000000000001E-010  1.335090972238835E-009
  6.630000000000001E-010  1.333061814958905E-009
  6.660000000000001E-010  1.331035749538977E-009
  6.690000000000002E-010  1.329012759959048E-009
  6.720000000000002E-010  1.326992846219120E-009
  6.750000000000002E-010  1.324975992299192E-009
  6.780000000000001E-010  1.322962198199265E-009
  6.810000000000001E-010  1.320951463919338E-009
  6.840000000000001E-010  1.318943773439412E-009
  6.870000000000001E-010  1.316939142779486E-009
  6.900000000000001E-010  1.314937555919561E-009
  6.930000000000001E-010  1.312939012859635E-009
  6.960000000000001E-010  1.310943497579711E-009
  6.990000000000002E-010  1.308951010079787E-009
  7.020000000000002E-010  1.306961550359863E-009
  7.050000000000002E-010  1.304975102399940E-009
  7.080000000000001E-010  1.304975102398613E-009
  7.110000000000001E-010  1.302991682218687E-009
  7.140000000000001E-010  1.301011273798761E-009
  7.170000000000001E-010  1.299033861118836E-009
  7.200000000000001E-010  1.297059460198911E-009
  7.230000000000001E-010  1.295088055018986E-009
  7.260000000000002E-010  1.293119645579062E-009
  7.290000000000002E-010  1.291154215859139E-009
  7.320000000000002E-010  1.289191781879216E-009
  7.350000000000002E-010  1.287232311599293E-009
  7.380000000000001E-010  1.285275821039371E-009
  7.410000000000001E-010  1.283322310199449E-009
  7.440000000000001E-010  1.281371763059527E-009
  7.470000000000001E-010  1.279424179619606E-009
  7.500000000000001E-010  1.277479543859685E-009
  7.530000000000001E-010  1.275537871799765E-009
  7.560000000000002E-010  1.273599147419845E-009
  7.590000000000002E-010  1.271663354699926E-009
  7.620000000000002E-010  1.271663354698534E-009
  7.650000000000002E-010  1.269730509658612E-009
  7.680000000000001E-010  1.267800596278690E-009
  7.710000000000001E-010  1.265873614558769E-009
  7.740000000000001E-010  1.263949564498848E-009
  7.770000000000001E-010  1.262028430078927E-009
  7.800000000000001E-010  1.260110211299007E-009
  7.830000000000002E-010  1.258194892139087E-009
  7.860000000000002E-010  1.256282504639168E-009
  7.890000000000002E-010  1.254373016759249E-009
  7.920000000000002E-010  1.252466412479330E-009
  7.950000000000001E-010  1.250562707819412E-009
  7.980000000000001E-010  1.248661902779494E-009
  8.010000000000001E-010  1.246763981339577E-009
  8.040000000000001E-010  1.244868943499660E-009
  8.070000000000001E-010  1.242976773239744E-009
  8.100000000000001E-010  1.241087486579827E-009
  8.130000000000002E-010  1.239201067499911E-009
  8.160000000000002E-010  1.237317499979996E-009
  8.190000000000002E-010  1.237317499978540E-009
  8.220000000000002E-010  1.235436816058622E-009
  8.250000000000001E-010  1.233558967678705E-009
  8.280000000000001E-010  1.231683970858787E-009
  8.310000000000001E-010  1.229811825598870E-009
  8.340000000000001E-010  1.227942531898954E-009
  8.370000000000001E-010  1.226076057719037E-009
  8.400000000000002E-010  1.224212435099122E-009
  8.430000000000002E-010  1.222351631999206E-009
  8.460000000000002E-010  1.220493664439291E-009
  8.490000000000002E-010  1.218638500379376E-009
  8.520000000000002E-010  1.216786171859462E-009
  8.550000000000001E-010  1.214936646839548E-009
  8.580000000000001E-010  1.213089925319634E-009
  8.610000000000001E-010  1.211246023319721E-009
  8.640000000000001E-010  1.209404908799808E-009
  8.670000000000001E-010  1.207566581759896E-009
  8.700000000000002E-010  1.205731058219984E-009
  8.730000000000002E-010  1.205731058218472E-009
  8.760000000000002E-010  1.203898322158557E-009
  8.790000000000002E-010  1.202068373578643E-009
  8.820000000000002E-010  1.200241196458729E-009
  8.850000000000001E-010  1.198416790798815E-009
  8.880000000000001E-010  1.196595156598902E-009
  8.910000000000001E-010  1.194776293858989E-009
  8.940000000000001E-010  1.192960186559077E-009
  8.970000000000002E-010  1.191146834699165E-009
  9.000000000000002E-010  1.189336238279253E-009
  9.030000000000002E-010  1.187528397299341E-009
  9.060000000000002E-010  1.185723295739430E-009
  9.090000000000002E-010  1.183920949619519E-009
  9.120000000000002E-010  1.182121326899609E-009
  9.150000000000001E-010  1.180324427579699E-009
  9.180000000000001E-010  1.178530267679789E-009
  9.210000000000001E-010  1.176738831179879E-009
  9.240000000000001E-010  1.174950118079971E-009
  9.270000000000002E-010  1.174950118078406E-009
  9.300000000000002E-010  1.173164112358495E-009
  9.330000000000002E-010  1.171380830038584E-009
  9.360000000000001E-010  1.169600239078673E-009
  9.390000000000002E-010  1.167822371518763E-009
  9.420000000000003E-010  1.166047195318852E-009
  9.450000000000001E-010  1.164274710478943E-009
  9.480000000000002E-010  1.162504916999033E-009
  9.510000000000001E-010  1.160737814879124E-009
  9.540000000000002E-010  1.158973388099215E-009
  9.570000000000001E-010  1.157211652679307E-009
  9.600000000000002E-010  1.155452592599399E-009
  9.630000000000001E-010  1.153696191839491E-009
  9.660000000000002E-010  1.151942466419584E-009
  9.690000000000003E-010  1.150191400319677E-009
  9.720000000000002E-010  1.148442993539769E-009
  9.750000000000003E-010  1.146697246079863E-009
  9.780000000000001E-010  1.144954141919957E-009
  9.810000000000002E-010  1.144954141918343E-009
  9.840000000000001E-010  1.143213681058435E-009
  9.870000000000002E-010  1.141475879518527E-009
  9.900000000000001E-010  1.139740705258619E-009
  9.930000000000002E-010  1.138008158278712E-009
  9.960000000000003E-010  1.136278254598805E-009
  9.990000000000002E-010  1.134550978198898E-009
  1.002000000000000E-009  1.132826313058991E-009
  1.005000000000000E-009  1.131104275199085E-009
  1.008000000000000E-009  1.129384864619179E-009
  1.011000000000000E-009  1.127668049279273E-009
  1.014000000000000E-009  1.125953845199368E-009
  1.017000000000000E-009  1.124242236359463E-009
  1.020000000000000E-009  1.122533238779559E-009
  1.023000000000000E-009  1.120826820419654E-009
  1.026000000000000E-009  1.119123013319750E-009
  1.029000000000000E-009  1.117421769419846E-009
  1.032000000000000E-009  1.115723136779942E-009
  1.035000000000000E-009  1.115723136778284E-009
  1.038000000000000E-009  1.114027067338378E-009
  1.041000000000000E-009  1.112333561098473E-009
  1.044000000000000E-009  1.110642650098568E-009
  1.047000000000000E-009  1.108954302298663E-009
  1.050000000000000E-009  1.107268501678759E-009
  1.053000000000000E-009  1.105585280278855E-009
  1.056000000000000E-009  1.103904606058951E-009
  1.059000000000000E-009  1.102226479019047E-009
  1.062000000000000E-009  1.100550899159144E-009
  1.065000000000000E-009  1.098877882499241E-009
  1.068000000000000E-009  1.097207380979338E-009
  1.071000000000000E-009  1.095539442659436E-009
  1.074000000000000E-009  1.093874019479533E-009
  1.077000000000000E-009  1.092211127459632E-009
  1.080000000000000E-009  1.090550766599730E-009
  1.083000000000000E-009  1.088892920879828E-009
  1.086000000000000E-009  1.087237590299927E-009
  1.089000000000000E-009  1.087237590298226E-009
  1.092000000000000E-009  1.085584774858323E-009
  1.095000000000000E-009  1.083934474558421E-009
  1.098000000000000E-009  1.082286673378519E-009
  1.101000000000000E-009  1.080641387338616E-009
  1.104000000000000E-009  1.078998584398715E-009
  1.107000000000000E-009  1.077358280578813E-009
  1.110000000000000E-009  1.075720475878911E-009
  1.113000000000000E-009  1.074085154279011E-009
  1.116000000000000E-009  1.072452299759110E-009
  1.119000000000000E-009  1.070821944359209E-009
  1.122000000000000E-009  1.069194056039309E-009
  1.125000000000000E-009  1.067568650819409E-009
  1.128000000000000E-009  1.065945696659509E-009
  1.131000000000000E-009  1.064325225599609E-009
  1.134000000000000E-009  1.062707205599710E-009
  1.137000000000000E-009  1.061091636659811E-009
  1.140000000000000E-009  1.059478534799912E-009
  1.143000000000000E-009  1.059478534798172E-009
  1.146000000000000E-009  1.057867867978272E-009
  1.149000000000000E-009  1.056259652218371E-009
  1.152000000000000E-009  1.054653887518471E-009
  1.155000000000000E-009  1.053050541838572E-009
  1.158000000000000E-009  1.051449647218672E-009
  1.161000000000000E-009  1.049851171618773E-009
  1.164000000000000E-009  1.048255131058874E-009
  1.167000000000000E-009  1.046661525538975E-009
  1.170000000000000E-009  1.045070323019076E-009
  1.173000000000000E-009  1.043481539519178E-009
  1.176000000000000E-009  1.041895175039280E-009
  1.179000000000000E-009  1.040311213559382E-009
  1.182000000000000E-009  1.038729655079484E-009
  1.185000000000000E-009  1.037150515619587E-009
  1.188000000000000E-009  1.035573747119689E-009
  1.191000000000000E-009  1.033999397639792E-009
  1.194000000000000E-009  1.032427419119896E-009
  1.197000000000000E-009  1.030857843599999E-009
  1.200000000000000E-009  1.030857843598222E-009
  1.203000000000000E-009  1.029290639038324E-009
  1.206000000000000E-009  1.027725821458426E-009
  1.209000000000000E-009  1.026163390858529E-009
  1.212000000000000E-009  1.024603315198631E-009
  1.215000000000000E-009  1.023045610498734E-009
  1.218000000000000E-009  1.021490276758837E-009
  1.221000000000000E-009  1.019937297958941E-009
  1.224000000000000E-009  1.018386690119044E-009
  1.227000000000000E-009  1.016838437219147E-009
  1.230000000000000E-009  1.015292523239252E-009
  1.233000000000000E-009  1.013748964199356E-009
  1.236000000000000E-009  1.012207744079460E-009
  1.239000000000000E-009  1.010668862879565E-009
  1.242000000000000E-009  1.009132320599669E-009
  1.245000000000000E-009  1.007598117239774E-009
  1.248000000000000E-009  1.006066236779879E-009
  1.251000000000000E-009  1.004536695239985E-009
  1.254000000000000E-009  1.004536695238175E-009
  1.257000000000000E-009  1.003009460578279E-009
  1.260000000000000E-009  1.001484548818383E-009
  1.263000000000000E-009  9.999619599584877E-010
  1.266000000000000E-009  9.984416779785924E-010
  1.269000000000000E-009  9.969237028786971E-010
  1.272000000000000E-009  9.954080506788020E-010
  1.275000000000000E-009  9.938946733189074E-010
  1.278000000000000E-009  9.923836188590127E-010
  1.281000000000000E-009  9.908748392391185E-010
  1.284000000000000E-009  9.893683664992242E-010
  1.287000000000000E-009  9.878641685993300E-010
  1.290000000000000E-009  9.863622615594363E-010
  1.293000000000000E-009  9.848626293595426E-010
  1.296000000000000E-009  9.833652719996491E-010
  1.299000000000000E-009  9.818702054997557E-010
  1.302000000000000E-009  9.803773978198628E-010
  1.305000000000000E-009  9.788868649799695E-010
  1.308000000000000E-009  9.788868649781303E-010
  1.311000000000000E-009  9.773985749382362E-010
  1.314000000000000E-009  9.759125597383423E-010
  1.317000000000000E-009  9.744288033584488E-010
  1.320000000000000E-009  9.729473057985549E-010
  1.323000000000000E-009  9.714680510386617E-010
  1.326000000000000E-009  9.699910390787683E-010
  1.329000000000000E-009  9.685162699188755E-010
  1.332000000000000E-009  9.670437435589825E-010
  1.335000000000000E-009  9.655734599990900E-010
  1.338000000000000E-009  9.641054032191974E-010
  1.341000000000000E-009  9.626395732193049E-010
  1.344000000000000E-009  9.611759699994127E-010
  1.347000000000000E-009  9.597145935595209E-010
  1.350000000000000E-009  9.582554278796291E-010
  1.353000000000000E-009  9.567984889797372E-010
  1.356000000000000E-009  9.553437608398457E-010
  1.359000000000000E-009  9.538912274399544E-010
  1.362000000000000E-009  9.538912274380878E-010
  1.365000000000000E-009  9.524409208181956E-010
  1.368000000000000E-009  9.509928089383033E-010
  1.371000000000000E-009  9.495468917984113E-010
  1.374000000000000E-009  9.481031693985195E-010
  1.377000000000000E-009  9.466616417386275E-010
  1.380000000000000E-009  9.452223088187362E-010
  1.383000000000000E-009  9.437851546188446E-010
  1.386000000000000E-009  9.423501791389533E-010
  1.389000000000000E-009  9.409173983990621E-010
  1.392000000000000E-009  9.394867803591713E-010
  1.395000000000000E-009  9.380583410392805E-010
  1.398000000000000E-009  9.366320644193898E-010
  1.401000000000000E-009  9.352079665194994E-010
  1.404000000000000E-009  9.337860313196089E-010
  1.407000000000000E-009  9.323662427997187E-010
  1.410000000000000E-009  9.309486169798286E-010
  1.413000000000000E-009  9.295331378399387E-010
  1.416000000000000E-009  9.295331378380477E-010
  1.419000000000000E-009  9.281198213981567E-010
  1.422000000000000E-009  9.267086356182662E-010
  1.425000000000000E-009  9.252995965183756E-010
  1.428000000000000E-009  9.238927040984852E-010
  1.431000000000000E-009  9.224879583585950E-010
  1.434000000000000E-009  9.210853272587048E-010
  1.437000000000000E-009  9.196848268188149E-010
  1.440000000000000E-009  9.182864570389252E-010
  1.443000000000000E-009  9.168902179190354E-010
  1.446000000000000E-009  9.154960934391459E-010
  1.449000000000000E-009  9.141040835992566E-010
  1.452000000000000E-009  9.127142044193670E-010
  1.455000000000000E-009  9.113264238594781E-010
  1.458000000000000E-009  9.099407419195891E-010
  1.461000000000000E-009  9.085571746197002E-010
  1.464000000000000E-009  9.071757059398114E-010
  1.467000000000000E-009  9.057963358799227E-010
  1.470000000000000E-009  9.057963358780095E-010
  1.473000000000000E-009  9.044190644381203E-010
  1.476000000000000E-009  9.030438755982310E-010
  1.479000000000000E-009  9.016707853783417E-010
  1.482000000000000E-009  9.002997777584528E-010
  1.485000000000000E-009  8.989308527385638E-010
  1.488000000000000E-009  8.975639942986751E-010
  1.491000000000000E-009  8.961992344787865E-010
  1.494000000000000E-009  8.948365252188980E-010
  1.497000000000000E-009  8.934758985590094E-010
  1.500000000000000E-009  8.921173384791213E-010
  1.503000000000000E-009  8.907608289592330E-010
  1.506000000000000E-009  8.894063860193451E-010
  1.509000000000000E-009  8.880540096594570E-010
  1.512000000000000E-009  8.867036838595692E-010
  1.515000000000000E-009  8.853554086196815E-010
  1.518000000000000E-009  8.840091679197941E-010
  1.521000000000000E-009  8.826649937999066E-010
  1.524000000000000E-009  8.826649937979738E-010
  1.527000000000000E-009  8.813228381980856E-010
  1.530000000000000E-009  8.799827331581976E-010
  1.533000000000000E-009  8.786446626583096E-010
  1.536000000000000E-009  8.773086266984216E-010
  1.539000000000000E-009  8.759746092585341E-010
  1.542000000000000E-009  8.746426263586466E-010
  1.545000000000000E-009  8.733126779987590E-010
  1.548000000000000E-009  8.719847321388717E-010
  1.551000000000000E-009  8.706588047989844E-010
  1.554000000000000E-009  8.693348959790973E-010
  1.557000000000000E-009  8.680130056792102E-010
  1.560000000000000E-009  8.666931018593233E-010
  1.563000000000000E-009  8.653752165594364E-010
  1.566000000000000E-009  8.640593337595498E-010
  1.569000000000000E-009  8.627454534596632E-010
  1.572000000000000E-009  8.614335596397766E-010
  1.575000000000000E-009  8.601236522998901E-010
  1.578000000000000E-009  8.601236522979399E-010
  1.581000000000000E-009  8.588157474580530E-010
  1.584000000000000E-009  8.575098290981660E-010
  1.587000000000000E-009  8.562058811982792E-010
  1.590000000000000E-009  8.549039197783924E-010
  1.593000000000000E-009  8.536039448385058E-010
  1.596000000000000E-009  8.523059403586192E-010
  1.599000000000000E-009  8.510099063387329E-010
  1.602000000000000E-009  8.497158267588466E-010
  1.605000000000000E-009  8.484237336589604E-010
  1.608000000000000E-009  8.471335949990742E-010
  1.611000000000000E-009  8.458454107791880E-010
  1.614000000000000E-009  8.445591809993021E-010
  1.617000000000000E-009  8.432749216794161E-010
  1.620000000000000E-009  8.419926007795305E-010
  1.623000000000000E-009  8.407122182996447E-010
  1.626000000000000E-009  8.394337902597591E-010
  1.629000000000000E-009  8.381573166598736E-010
  1.632000000000000E-009  8.368827654599881E-010
  1.635000000000000E-009  8.368827654580221E-010
  1.638000000000000E-009  8.356101526781360E-010
  1.641000000000000E-009  8.343394783182503E-010
  1.644000000000000E-009  8.330707263583645E-010
  1.647000000000000E-009  8.318039128184789E-010
  1.650000000000000E-009  8.305390056585934E-010
  1.653000000000000E-009  8.292760369187076E-010
  1.656000000000000E-009  8.280149745588223E-010
  1.659000000000000E-009  8.267558345989370E-010
  1.662000000000000E-009  8.254986010190517E-010
  1.665000000000000E-009  8.242432898391665E-010
  1.668000000000000E-009  8.229898690192813E-010
  1.671000000000000E-009  8.217383545793964E-010
  1.674000000000000E-009  8.204887465195115E-010
  1.677000000000000E-009  8.192410448396265E-010
  1.680000000000000E-009  8.179952174997417E-010
  1.683000000000000E-009  8.167512965398570E-010
  1.686000000000000E-009  8.155092659399723E-010
  1.689000000000000E-009  8.155092659379931E-010
  1.692000000000000E-009  8.142691096781081E-010
  1.695000000000000E-009  8.130308437782230E-010
  1.698000000000000E-009  8.117944682383380E-010
  1.701000000000000E-009  8.105599510184533E-010
  1.704000000000000E-009  8.093273241585685E-010
  1.707000000000000E-009  8.080965716386838E-010
  1.710000000000000E-009  8.068676774387992E-010
  1.713000000000000E-009  8.056406575789146E-010
  1.716000000000000E-009  8.044154960390300E-010
  1.719000000000000E-009  8.031921928191456E-010
  1.722000000000000E-009  8.019707639392613E-010
  1.725000000000000E-009  8.007511773593769E-010
  1.728000000000000E-009  7.995334330794926E-010
  1.731000000000000E-009  7.983175631396085E-010
  1.734000000000000E-009  7.971035194797244E-010
  1.737000000000000E-009  7.958913341398402E-010
  1.740000000000000E-009  7.946809750799563E-010
  1.743000000000000E-009  7.946809750779659E-010
  1.746000000000000E-009  7.934724583180815E-010
  1.749000000000000E-009  7.922657838581972E-010
  1.752000000000000E-009  7.910609356783132E-010
  1.755000000000000E-009  7.898579297984289E-010
  1.758000000000000E-009  7.886567341785449E-010
  1.761000000000000E-009  7.874573808586608E-010
  1.764000000000000E-009  7.862598377987769E-010
  1.767000000000000E-009  7.850641210188930E-010
  1.770000000000000E-009  7.838702144990092E-010
  1.773000000000000E-009  7.826781182391254E-010
  1.776000000000000E-009  7.814878322392415E-010
  1.779000000000000E-009  7.802993564993579E-010
  1.782000000000000E-009  7.791126910194743E-010
  1.785000000000000E-009  7.779278197795907E-010
  1.788000000000000E-009  7.767447587997071E-010
  1.791000000000000E-009  7.755634920598236E-010
  1.794000000000000E-009  7.743840195599402E-010
  1.797000000000000E-009  7.743840195579404E-010
  1.800000000000000E-009  7.732063252780568E-010
  1.803000000000000E-009  7.720304412581731E-010
  1.806000000000000E-009  7.708563194382895E-010
  1.809000000000000E-009  7.696840078784060E-010
  1.812000000000000E-009  7.685134585185224E-010
  1.815000000000000E-009  7.673446873786391E-010
  1.818000000000000E-009  7.661776944587557E-010
  1.821000000000000E-009  7.650124797588723E-010
  1.824000000000000E-009  7.638490272589890E-010
  1.827000000000000E-009  7.626873529791057E-010
  1.830000000000000E-009  7.615274248792225E-010
  1.833000000000000E-009  7.603692749993393E-010
  1.836000000000000E-009  7.592128712994561E-010
  1.839000000000000E-009  7.580582458195729E-010
  1.842000000000000E-009  7.569053504996900E-010
  1.845000000000000E-009  7.557542173798069E-010
  1.848000000000000E-009  7.546048304399239E-010
  1.851000000000000E-009  7.546048304379166E-010
  1.854000000000000E-009  7.534571896780335E-010
  1.857000000000000E-009  7.523112950981503E-010
  1.860000000000000E-009  7.511671306782674E-010
  1.863000000000000E-009  7.500247124383843E-010
  1.866000000000000E-009  7.488840403785012E-010
  1.869000000000000E-009  7.477450824586183E-010
  1.872000000000000E-009  7.466078707187354E-010
  1.875000000000000E-009  7.454723731188524E-010
  1.878000000000000E-009  7.443386056789695E-010
  1.881000000000000E-009  7.432065523790867E-010
  1.884000000000001E-009  7.420762292392040E-010
  1.887000000000000E-009  7.409476202393211E-010
  1.890000000000000E-009  7.398207253794384E-010
  1.893000000000000E-009  7.386955446595557E-010
  1.896000000000000E-009  7.375720620596730E-010
  1.899000000000000E-009  7.364502935997902E-010
  1.902000000000000E-009  7.353302232599076E-010
  1.905000000000000E-009  7.353302232578944E-010
  1.908000000000000E-009  7.342118670580117E-010
  1.911000000000001E-009  7.330952089781291E-010
  1.914000000000000E-009  7.319802329982464E-010
  1.917000000000000E-009  7.308669551383637E-010
  1.920000000000000E-009  7.297553753984811E-010
  1.923000000000000E-009  7.286454777585986E-010
  1.926000000000000E-009  7.275372782387160E-010
  1.929000000000000E-009  7.264307447988335E-010
  1.932000000000000E-009  7.253259094789510E-010
  1.935000000000000E-009  7.242227402390684E-010
  1.938000000000001E-009  7.231212530991859E-010
  1.941000000000000E-009  7.220214320393034E-010
  1.944000000000000E-009  7.209232770594210E-010
  1.947000000000000E-009  7.198268041795385E-010
  1.950000000000001E-009  7.187319973796561E-010
  1.953000000000000E-009  7.176388406397737E-010
  1.956000000000000E-009  7.165473499798913E-010
  1.959000000000000E-009  7.165473499778739E-010
  1.962000000000000E-009  7.154575253979917E-010
  1.965000000000001E-009  7.143693348581092E-010
  1.968000000000000E-009  7.132828103982268E-010
  1.971000000000000E-009  7.121979520183445E-010
  1.974000000000000E-009  7.111147276784622E-010
  1.977000000000001E-009  7.100331373785799E-010
  1.980000000000000E-009  7.089531971386976E-010
  1.983000000000000E-009  7.078749069588153E-010
  1.986000000000000E-009  7.067982508189329E-010
  1.989000000000000E-009  7.057232287190508E-010
  1.992000000000001E-009  7.046498406591685E-010
  1.995000000000000E-009  7.035780866392862E-010
  1.998000000000000E-009  7.025079506394039E-010
  2.001000000000000E-009  7.014394486795218E-010
  2.004000000000001E-009  7.003725647396395E-010
  2.007000000000000E-009  6.993072988197572E-010
  2.010000000000000E-009  6.982436509198750E-010
  2.013000000000000E-009  6.971816210399929E-010
  2.016000000000000E-009  6.971816210379730E-010
  2.019000000000000E-009  6.961212091780908E-010
  2.022000000000000E-009  6.950624153382086E-010
  2.025000000000000E-009  6.940052074783265E-010
  2.028000000000000E-009  6.929496176384444E-010
  2.031000000000001E-009  6.918956458185621E-010
  2.034000000000000E-009  6.908432599786801E-010
  2.037000000000000E-009  6.897924601187980E-010
  2.040000000000000E-009  6.887432782789158E-010
  2.043000000000000E-009  6.876956824190338E-010
  2.046000000000000E-009  6.866496725391516E-010
  2.049000000000000E-009  6.856052646592695E-010
  2.052000000000000E-009  6.845624267393873E-010
  2.055000000000000E-009  6.835211908195053E-010
  2.058000000000001E-009  6.824815248596232E-010
  2.061000000000000E-009  6.814434448797410E-010
  2.064000000000000E-009  6.804069348598589E-010
  2.067000000000000E-009  6.793719947999768E-010
  2.070000000000001E-009  6.793719947979555E-010
  2.073000000000000E-009  6.783386407180735E-010
  2.076000000000000E-009  6.773068565981915E-010
  2.079000000000000E-009  6.762766264183095E-010
  2.082000000000000E-009  6.752479661984276E-010
  2.085000000000001E-009  6.742208759385455E-010
  2.088000000000000E-009  6.731953396186634E-010
  2.091000000000000E-009  6.721713572387815E-010
  2.094000000000000E-009  6.711489448188994E-010
  2.097000000000001E-009  6.701280703190173E-010
  2.100000000000000E-009  6.691087497591353E-010
  2.103000000000000E-009  6.680909831392531E-010
  2.106000000000000E-009  6.670747544393711E-010
  2.109000000000000E-009  6.660600796794891E-010
  2.112000000000001E-009  6.650469428396070E-010
  2.115000000000000E-009  6.640353439197249E-010
  2.118000000000000E-009  6.630252829198428E-010
  2.121000000000000E-009  6.620167438199607E-010
  2.124000000000001E-009  6.620167438179397E-010
  2.127000000000000E-009  6.610097586580577E-010
  2.130000000000000E-009  6.600042953981757E-010
  2.133000000000000E-009  6.590003540382938E-010
  2.136000000000000E-009  6.579979345784119E-010
  2.139000000000001E-009  6.569970530385297E-010
  2.142000000000000E-009  6.559976773786478E-010
  2.145000000000000E-009  6.549998236187658E-010
  2.148000000000000E-009  6.540034917588836E-010
  2.151000000000001E-009  6.530086657790015E-010
  2.154000000000000E-009  6.520153456791196E-010
  2.157000000000000E-009  6.510235474792374E-010
  2.160000000000000E-009  6.500332551593554E-010
  2.163000000000000E-009  6.490444687194733E-010
  2.166000000000001E-009  6.480571721395911E-010
  2.169000000000000E-009  6.470713814397090E-010
  2.172000000000000E-009  6.460870966198267E-010
  2.175000000000000E-009  6.451043016599445E-010
  2.178000000000001E-009  6.451043016579250E-010
  2.181000000000000E-009  6.441229965580430E-010
  2.184000000000000E-009  6.431431813181611E-010
  2.187000000000000E-009  6.421648559382790E-010
  2.190000000000001E-009  6.411880204183971E-010
  2.193000000000001E-009  6.402126587385150E-010
  2.196000000000000E-009  6.392387869186329E-010
  2.199000000000000E-009  6.382664049587508E-010
  2.202000000000000E-009  6.372954808188688E-010
  2.205000000000001E-009  6.363260465389866E-010
  2.208000000000000E-009  6.353580700791045E-010
  2.211000000000000E-009  6.343915834792222E-010
  2.214000000000000E-009  6.334265546993400E-010
  2.217000000000001E-009  6.324629837394578E-010
  2.220000000000001E-009  6.315008866195754E-010
  2.223000000000000E-009  6.305402473196932E-010
  2.226000000000000E-009  6.295810658398108E-010
  2.229000000000000E-009  6.286233421799285E-010
  2.232000000000001E-009  6.286233421779117E-010
  2.235000000000000E-009  6.276670763380296E-010
  2.238000000000000E-009  6.267122683181477E-010
  2.241000000000000E-009  6.257589020982654E-010
  2.244000000000001E-009  6.248069936983833E-010
  2.247000000000000E-009  6.238565270985012E-010
  2.250000000000000E-009  6.229075022986190E-010
  2.253000000000000E-009  6.219599192987368E-010
  2.256000000000000E-009  6.210137780988545E-010
  2.259000000000001E-009  6.200690626789722E-010
  2.262000000000000E-009  6.191258050790899E-010
  2.265000000000000E-009  6.181839572392075E-010
  2.268000000000000E-009  6.172435511993251E-010
  2.271000000000001E-009  6.163045709394427E-010
  2.274000000000000E-009  6.153670324795602E-010
  2.277000000000000E-009  6.144309037796777E-010
  2.280000000000000E-009  6.134962008597952E-010
  2.283000000000000E-009  6.125629076999126E-010
  2.286000000000001E-009  6.125629076978997E-010
  2.289000000000000E-009  6.116310403180175E-010
  2.292000000000000E-009  6.107005987181352E-010
  2.295000000000000E-009  6.097715508582531E-010
  2.298000000000001E-009  6.088439287783706E-010
  2.301000000000000E-009  6.079177164584882E-010
  2.304000000000000E-009  6.069928978786059E-010
  2.307000000000000E-009  6.060695050787233E-010
  2.310000000000001E-009  6.051474899988410E-010
  2.313000000000001E-009  6.042269006989583E-010
  2.316000000000000E-009  6.033076891190758E-010
  2.319000000000000E-009  6.023898872991933E-010
  2.322000000000000E-009  6.014734792193106E-010
  2.325000000000001E-009  6.005584488594279E-010
  2.328000000000000E-009  5.996448282595453E-010
  2.331000000000000E-009  5.987325853796624E-010
  2.334000000000000E-009  5.978217362397797E-010
  2.337000000000001E-009  5.969122648198967E-010
  2.340000000000001E-009  5.969122648178889E-010
  2.343000000000000E-009  5.960041711180065E-010
  2.346000000000000E-009  5.950974551381240E-010
  2.349000000000000E-009  5.941921328982415E-010
  2.352000000000001E-009  5.932881723583589E-010
  2.355000000000000E-009  5.923855895384763E-010
  2.358000000000000E-009  5.914843684185936E-010
  2.361000000000000E-009  5.905845250187110E-010
  2.364000000000001E-009  5.896860593388281E-010
  2.367000000000001E-009  5.887889393389453E-010
  2.370000000000000E-009  5.878931970590625E-010
  2.373000000000000E-009  5.869988164791796E-010
  2.376000000000000E-009  5.861057815792966E-010
  2.379000000000001E-009  5.852141083794137E-010
  2.382000000000000E-009  5.843237968795306E-010
  2.385000000000000E-009  5.834348310596476E-010
  2.388000000000000E-009  5.825472109197644E-010
  2.391000000000001E-009  5.816609524798811E-010
  2.394000000000001E-009  5.807760397199978E-010
  2.397000000000000E-009  5.807760397179966E-010
  2.400000000000000E-009  5.798924566181138E-010
  2.403000000000000E-009  5.790102191982310E-010
  2.406000000000001E-009  5.781293274583481E-010
  2.409000000000000E-009  5.772497813984651E-010
  2.412000000000000E-009  5.763715649985823E-010
  2.415000000000000E-009  5.754946782586991E-010
  2.418000000000001E-009  5.746191371988161E-010
  2.421000000000001E-009  5.737449097789330E-010
  2.424000000000000E-009  5.728720280390497E-010
  2.427000000000000E-009  5.720004599391664E-010
  2.430000000000001E-009  5.711302214992830E-010
  2.433000000000001E-009  5.702612966993997E-010
  2.436000000000000E-009  5.693937015595164E-010
  2.439000000000000E-009  5.685274200596328E-010
  2.442000000000000E-009  5.676624521997493E-010
  2.445000000000001E-009  5.667987979798656E-010
  2.448000000000001E-009  5.659364573999820E-010
  2.451000000000000E-009  5.659364573979880E-010
  2.454000000000000E-009  5.650754304581047E-010
  2.457000000000001E-009  5.642157171582214E-010
  2.460000000000001E-009  5.633573014783383E-010
  2.463000000000000E-009  5.625001994384549E-010
  2.466000000000000E-009  5.616443789985714E-010
  2.469000000000000E-009  5.607898721986882E-010
  2.472000000000001E-009  5.599366630188045E-010
  2.475000000000001E-009  5.590847514589211E-010
  2.478000000000000E-009  5.582341375190375E-010
  2.481000000000000E-009  5.573848211991538E-010
  2.484000000000001E-009  5.565367864792699E-010
  2.487000000000001E-009  5.556900333593861E-010
  2.490000000000000E-009  5.548445778595022E-010
  2.493000000000000E-009  5.540004039596183E-010
  2.496000000000000E-009  5.531575116597344E-010
  2.499000000000001E-009  5.523159009598503E-010
  2.502000000000000E-009  5.514755558399662E-010
  2.505000000000000E-009  5.514755558379803E-010
  2.508000000000000E-009  5.506365083380966E-010
  2.511000000000001E-009  5.497987264182130E-010
  2.514000000000001E-009  5.489622100783293E-010
  2.517000000000000E-009  5.481269753384455E-010
  2.520000000000000E-009  5.472930061785616E-010
  2.523000000000000E-009  5.464603025986778E-010
  2.526000000000001E-009  5.456288645987939E-010
  2.529000000000000E-009  5.447986921789098E-010
  2.532000000000000E-009  5.439697853390257E-010
  2.535000000000000E-009  5.431421280591416E-010
  2.538000000000001E-009  5.423157363592573E-010
  2.541000000000001E-009  5.414905942193730E-010
  2.544000000000000E-009  5.406667176594887E-010
  2.547000000000000E-009  5.398440746396043E-010
  2.550000000000001E-009  5.390226971997197E-010
  2.553000000000001E-009  5.382025532998353E-010
  2.556000000000000E-009  5.373836589599506E-010
  2.559000000000000E-009  5.373836589579735E-010
  2.562000000000000E-009  5.365660141780895E-010
  2.565000000000001E-009  5.357496189582053E-010
  2.568000000000001E-009  5.349344572783211E-010
  2.571000000000000E-009  5.341205291384369E-010
  2.574000000000000E-009  5.333078505585525E-010
  2.577000000000001E-009  5.324963894986682E-010
  2.580000000000001E-009  5.316861779987837E-010
  2.583000000000000E-009  5.308771840188992E-010
  2.586000000000000E-009  5.300694235790147E-010
  2.589000000000000E-009  5.292628966791300E-010
  2.592000000000001E-009  5.284575872992452E-010
  2.595000000000001E-009  5.276534954393604E-010
  2.598000000000000E-009  5.268506371194755E-010
  2.601000000000000E-009  5.260489963195904E-010
  2.604000000000001E-009  5.252485730397054E-010
  2.607000000000001E-009  5.244493672798203E-010
  2.610000000000000E-009  5.236513790399351E-010
  2.613000000000000E-009  5.236513790379678E-010
  2.616000000000000E-009  5.228545922980832E-010
  2.619000000000001E-009  5.220590230781987E-010
  2.622000000000001E-009  5.212646713783139E-010
  2.625000000000000E-009  5.204715051584291E-010
  2.628000000000000E-009  5.196795564585443E-010
  2.631000000000001E-009  5.188888252786594E-010
  2.634000000000001E-009  5.180992795787743E-010
  2.637000000000000E-009  5.173109353788892E-010
  2.640000000000000E-009  5.165237766590040E-010
  2.643000000000000E-009  5.157378354591189E-010
  2.646000000000001E-009  5.149530797392335E-010
  2.649000000000001E-009  5.141695094993481E-010
  2.652000000000000E-009  5.133871407594625E-010
  2.655000000000000E-009  5.126059574995770E-010
  2.658000000000001E-009  5.118259597196913E-010
  2.661000000000001E-009  5.110471474198056E-010
  2.664000000000000E-009  5.102695205999199E-010
  2.667000000000000E-009  5.102695205979632E-010
  2.670000000000000E-009  5.094930792580781E-010
  2.673000000000001E-009  5.087178073781929E-010
  2.676000000000001E-009  5.079437209783075E-010
  2.679000000000000E-009  5.071708040384222E-010
  2.682000000000000E-009  5.063990725785366E-010
  2.685000000000001E-009  5.056284945586512E-010
  2.688000000000001E-009  5.048591020187656E-010
  2.691000000000000E-009  5.040908789388798E-010
  2.694000000000000E-009  5.033238253189941E-010
  2.697000000000001E-009  5.025579251391082E-010
  2.700000000000001E-009  5.017931944192223E-010
  2.703000000000001E-009  5.010296331593362E-010
  2.706000000000000E-009  5.002672253394501E-010
  2.709000000000000E-009  4.995059709595639E-010
  2.712000000000001E-009  4.987458860396777E-010
  2.715000000000001E-009  4.979869545597913E-010
  2.718000000000000E-009  4.972291604999048E-010
  2.721000000000000E-009  4.972291604979596E-010
  2.724000000000001E-009  4.964725358980738E-010
  2.727000000000001E-009  4.957170487181878E-010
  2.730000000000000E-009  4.949627149783020E-010
  2.733000000000000E-009  4.942095346784158E-010
  2.736000000000000E-009  4.934574917985298E-010
  2.739000000000001E-009  4.927065863386436E-010
  2.742000000000001E-009  4.919568182987574E-010
  2.745000000000000E-009  4.912082036988711E-010
  2.748000000000000E-009  4.904607265189845E-010
  2.751000000000001E-009  4.897143707390981E-010
  2.754000000000001E-009  4.889691523792115E-010
  2.757000000000000E-009  4.882250874593247E-010
  2.760000000000000E-009  4.874821279194379E-010
  2.763000000000000E-009  4.867403057995512E-010
  2.766000000000001E-009  4.859996210996642E-010
  2.769000000000001E-009  4.852600417797770E-010
  2.772000000000000E-009  4.845215998798901E-010
  2.775000000000000E-009  4.845215998779567E-010
  2.778000000000001E-009  4.837842793780703E-010
  2.781000000000001E-009  4.830480802781839E-010
  2.784000000000000E-009  4.823130025782971E-010
  2.787000000000000E-009  4.815790302584105E-010
  2.790000000000000E-009  4.808461793385237E-010
  2.793000000000001E-009  4.801144337986369E-010
  2.796000000000001E-009  4.793838096587499E-010
  2.799000000000000E-009  4.786543069188628E-010
  2.802000000000000E-009  4.779258935389757E-010
  2.805000000000001E-009  4.771986015590885E-010
  2.808000000000001E-009  4.764723989392012E-010
  2.811000000000000E-009  4.757473016993137E-010
  2.814000000000000E-009  4.750233258594263E-010
  2.817000000000001E-009  4.743004233595387E-010
  2.820000000000001E-009  4.735786422596510E-010
  2.823000000000001E-009  4.728579505197632E-010
  2.826000000000000E-009  4.721383481398753E-010
  2.829000000000000E-009  4.714198511399874E-010
  2.832000000000001E-009  4.714198511380676E-010
  2.835000000000001E-009  4.707024274781804E-010
  2.838000000000000E-009  4.699861091982931E-010
  2.841000000000000E-009  4.692708802784057E-010
  2.844000000000001E-009  4.685567246985182E-010
  2.847000000000001E-009  4.678436584786307E-010
  2.850000000000001E-009  4.671316816187430E-010
  2.853000000000000E-009  4.664207941188552E-010
  2.856000000000000E-009  4.657109639389674E-010
  2.859000000000001E-009  4.650022391390794E-010
  2.862000000000001E-009  4.642945716591913E-010
  2.865000000000000E-009  4.635879935393031E-010
  2.868000000000000E-009  4.628824727394149E-010
  2.871000000000001E-009  4.621780412995266E-010
  2.874000000000001E-009  4.614746671796382E-010
  2.877000000000001E-009  4.607723663997496E-010
  2.880000000000000E-009  4.600711389598610E-010
  2.883000000000000E-009  4.593709688399723E-010
  2.886000000000001E-009  4.593709688380658E-010
  2.889000000000001E-009  4.586718560381780E-010
  2.892000000000000E-009  4.579738165782898E-010
  2.895000000000000E-009  4.572768504584017E-010
  2.898000000000001E-009  4.565809256385135E-010
  2.901000000000001E-009  4.558860581386250E-010
  2.904000000000001E-009  4.551922479587367E-010
  2.907000000000000E-009  4.544994950988482E-010
  2.910000000000000E-009  4.538077995589595E-010
  2.913000000000001E-009  4.531171453190708E-010
  2.916000000000001E-009  4.524275483991819E-010
  2.919000000000000E-009  4.517389927792931E-010
  2.922000000000000E-009  4.510514944794041E-010
  2.925000000000001E-009  4.503650374795149E-010
  2.928000000000001E-009  4.496796217796257E-010
  2.931000000000001E-009  4.489952313597363E-010
  2.934000000000000E-009  4.483118982598469E-010
  2.937000000000001E-009  4.476296064599574E-010
  2.940000000000001E-009  4.476296064580649E-010
  2.943000000000001E-009  4.469483399381760E-010
  2.946000000000000E-009  4.462681147182873E-010
  2.949000000000000E-009  4.455889307983984E-010
  2.952000000000001E-009  4.449107721585093E-010
  2.955000000000001E-009  4.442336387986202E-010
  2.958000000000000E-009  4.435575467387309E-010
  2.961000000000000E-009  4.428824639388416E-010
  2.964000000000001E-009  4.422084224389522E-010
  2.967000000000001E-009  4.415354062190627E-010
  2.970000000000001E-009  4.408633992591730E-010
  2.973000000000000E-009  4.401924175792833E-010
  2.976000000000000E-009  4.395224611793935E-010
  2.979000000000001E-009  4.388535300595035E-010
  2.982000000000001E-009  4.381856081996134E-010
  2.985000000000000E-009  4.375186955997233E-010
  2.988000000000000E-009  4.368527922598331E-010
  2.991000000000001E-009  4.361879141999428E-010
  2.994000000000001E-009  4.361879141980647E-010
  2.997000000000001E-009  4.355240453981751E-010
  3.000000000000000E-009  4.348611858582854E-010
  3.003000000000000E-009  4.341993195583957E-010
  3.006000000000001E-009  4.335384785385058E-010
  3.009000000000001E-009  4.328786307586159E-010
  3.012000000000000E-009  4.322197762187259E-010
  3.015000000000000E-009  4.315619469588357E-010
  3.018000000000001E-009  4.309050949189454E-010
  3.021000000000001E-009  4.302492521390551E-010
  3.024000000000001E-009  4.295944025991646E-010
  3.027000000000000E-009  4.289405623192740E-010
  3.030000000000000E-009  4.282876992593834E-010
  3.033000000000001E-009  4.276358294394925E-010
  3.036000000000001E-009  4.269849528596016E-010
  3.039000000000000E-009  4.263350695197106E-010
  3.042000000000000E-009  4.256861794198195E-010
  3.045000000000001E-009  4.250382665399283E-010
  3.048000000000001E-009  4.250382665380651E-010
  3.051000000000001E-009  4.243913308781747E-010
  3.054000000000000E-009  4.237453884582842E-010
  3.057000000000001E-009  4.231004232583937E-010
  3.060000000000001E-009  4.224564352785030E-010
  3.063000000000001E-009  4.218134405386122E-010
  3.066000000000000E-009  4.211714069987213E-010
  3.069000000000000E-009  4.205303506788302E-010
  3.072000000000001E-009  4.198902875989391E-010
  3.075000000000001E-009  4.192511696990480E-010
  3.078000000000001E-009  4.186130450391565E-010
  3.081000000000000E-009  4.179758815792652E-010
  3.084000000000001E-009  4.173396793193736E-010
  3.087000000000001E-009  4.167044542794819E-010
  3.090000000000001E-009  4.160701904395902E-010
  3.093000000000000E-009  4.154369038196982E-010
  3.096000000000000E-009  4.148045623798063E-010
  3.099000000000001E-009  4.141731821399142E-010
  3.102000000000001E-009  4.141731821380664E-010
  3.105000000000001E-009  4.135427791181752E-010
  3.108000000000000E-009  4.129133212782838E-010
  3.111000000000001E-009  4.122848086183923E-010
  3.114000000000001E-009  4.116572731785008E-010
  3.117000000000001E-009  4.110306829186091E-010
  3.120000000000000E-009  4.104050378387173E-010
  3.123000000000000E-009  4.097803539588254E-010
  3.126000000000001E-009  4.091566152589334E-010
  3.129000000000001E-009  4.085338217390412E-010
  3.132000000000001E-009  4.079119733991490E-010
  3.135000000000000E-009  4.072910702392567E-010
  3.138000000000001E-009  4.066711122593642E-010
  3.141000000000001E-009  4.060520994594716E-010
  3.144000000000001E-009  4.054340318395789E-010
  3.147000000000000E-009  4.048168933796862E-010
  3.150000000000000E-009  4.042007000997933E-010
  3.153000000000001E-009  4.035854519999003E-010
  3.156000000000001E-009  4.035854519980683E-010
  3.159000000000001E-009  4.029711170381762E-010
  3.162000000000000E-009  4.023577272582839E-010
  3.165000000000001E-009  4.017452666383917E-010
  3.168000000000001E-009  4.011337511984991E-010
  3.171000000000001E-009  4.005231488986065E-010
  3.174000000000000E-009  3.999134757587139E-010
  3.177000000000001E-009  3.993047317788210E-010
  3.180000000000001E-009  3.986969169589281E-010
  3.183000000000001E-009  3.980900312990351E-010
  3.186000000000001E-009  3.974840587791419E-010
  3.189000000000000E-009  3.968789993992487E-010
  3.192000000000001E-009  3.962748691793553E-010
  3.195000000000001E-009  3.956716520994618E-010
  3.198000000000001E-009  3.950693641795682E-010
  3.201000000000000E-009  3.944679733796745E-010
  3.204000000000001E-009  3.938675117397806E-010
  3.207000000000001E-009  3.932679632398866E-010
  3.210000000000001E-009  3.926693118599926E-010
  3.213000000000000E-009  3.926693118581779E-010
  3.216000000000000E-009  3.920715896382847E-010
  3.219000000000001E-009  3.914747645383913E-010
  3.222000000000001E-009  3.908788365584981E-010
  3.225000000000001E-009  3.902838377386045E-010
  3.228000000000000E-009  3.896897200187108E-010
  3.231000000000001E-009  3.890965154388172E-010
  3.234000000000001E-009  3.885042239989233E-010
  3.237000000000001E-009  3.879128136590293E-010
  3.240000000000000E-009  3.873223164591352E-010
  3.243000000000000E-009  3.867327003592410E-010
  3.246000000000001E-009  3.861439973993467E-010
  3.249000000000001E-009  3.855561755394523E-010
  3.252000000000001E-009  3.849692668195577E-010
  3.255000000000000E-009  3.843832231796630E-010
  3.258000000000001E-009  3.837980926797683E-010
  3.261000000000001E-009  3.832138432798733E-010
  3.264000000000001E-009  3.826304749799783E-010
  3.267000000000000E-009  3.826304749781803E-010
  3.270000000000000E-009  3.820480037982861E-010
  3.273000000000001E-009  3.814664137183919E-010
  3.276000000000001E-009  3.808857047384976E-010
  3.279000000000001E-009  3.803058928786031E-010
  3.282000000000000E-009  3.797269460987085E-010
  3.285000000000001E-009  3.791488804188138E-010
  3.288000000000001E-009  3.785716958389189E-010
  3.291000000000001E-009  3.779953923590241E-010
  3.294000000000000E-009  3.774199699791290E-010
  3.297000000000001E-009  3.768454126792338E-010
  3.300000000000001E-009  3.762717204593385E-010
  3.303000000000001E-009  3.756989253594431E-010
  3.306000000000001E-009  3.751269793195476E-010
  3.309000000000000E-009  3.745559143796520E-010
  3.312000000000001E-009  3.739857145197562E-010
  3.315000000000001E-009  3.734163797398603E-010
  3.318000000000001E-009  3.728479100399643E-010
  3.321000000000000E-009  3.728479100381831E-010
  3.324000000000001E-009  3.722802893982881E-010
  3.327000000000001E-009  3.717135498583929E-010
  3.330000000000001E-009  3.711476753984976E-010
  3.333000000000001E-009  3.705826499986022E-010
  3.336000000000000E-009  3.700184896787065E-010
  3.339000000000001E-009  3.694551784188109E-010
  3.342000000000001E-009  3.688927322389151E-010
  3.345000000000001E-009  3.683311351190192E-010
  3.348000000000000E-009  3.677704030791232E-010
  3.351000000000001E-009  3.672105040792270E-010
  3.354000000000001E-009  3.666514701593308E-010
  3.357000000000001E-009  3.660932852994344E-010
  3.360000000000001E-009  3.655359494995378E-010
  3.363000000000000E-009  3.649794627596412E-010
  3.366000000000001E-009  3.644238090597445E-010
  3.369000000000001E-009  3.638690044198475E-010
  3.372000000000001E-009  3.633150488399506E-010
  3.375000000000000E-009  3.633150488381867E-010
  3.378000000000001E-009  3.627619262982906E-010
  3.381000000000001E-009  3.622096528183945E-010
  3.384000000000001E-009  3.616582283984981E-010
  3.387000000000001E-009  3.611076209986018E-010
  3.390000000000000E-009  3.605578626587052E-010
  3.393000000000001E-009  3.600089373588084E-010
  3.396000000000001E-009  3.594608450989117E-010
  3.399000000000001E-009  3.589135858790149E-010
  3.402000000000000E-009  3.583671596991177E-010
  3.405000000000001E-009  3.578215665592207E-010
  3.408000000000001E-009  3.572768064593234E-010
  3.411000000000001E-009  3.567328633794260E-010
  3.414000000000001E-009  3.561897533395284E-010
  3.417000000000001E-009  3.556474763396308E-010
  3.420000000000001E-009  3.551060163597330E-010
  3.423000000000001E-009  3.545653733998351E-010
  3.426000000000001E-009  3.540255474599371E-010
  3.429000000000000E-009  3.540255474581908E-010
  3.432000000000001E-009  3.534865545582937E-010
  3.435000000000001E-009  3.529483786783965E-010
  3.438000000000001E-009  3.524110198184992E-010
  3.441000000000000E-009  3.518744779786018E-010
  3.444000000000001E-009  3.513387531587042E-010
  3.447000000000001E-009  3.508038453588065E-010
  3.450000000000001E-009  3.502697385589088E-010
  3.453000000000001E-009  3.497364647990108E-010
  3.456000000000000E-009  3.492039760191128E-010
  3.459000000000001E-009  3.486723202792146E-010
  3.462000000000001E-009  3.481414655393163E-010
  3.465000000000001E-009  3.476114117994179E-010
  3.468000000000000E-009  3.470821590595194E-010
  3.471000000000001E-009  3.465537233396207E-010
  3.474000000000001E-009  3.460260886197219E-010
  3.477000000000001E-009  3.454992388798230E-010
  3.480000000000001E-009  3.449732061599239E-010
  3.483000000000000E-009  3.449732061581955E-010
  3.486000000000001E-009  3.444479744382973E-010
  3.489000000000001E-009  3.439235437183991E-010
  3.492000000000001E-009  3.433998979785008E-010
  3.495000000000000E-009  3.428770532386023E-010
  3.498000000000001E-009  3.423550094987037E-010
  3.501000000000001E-009  3.418337507388051E-010
  3.504000000000001E-009  3.413132929789062E-010
  3.507000000000001E-009  3.407936201990073E-010
  3.510000000000000E-009  3.402747323991082E-010
  3.513000000000001E-009  3.397566295792090E-010
  3.516000000000001E-009  3.392393277593098E-010
  3.519000000000001E-009  3.387228109194102E-010
  3.522000000000000E-009  3.382070790595107E-010
  3.525000000000001E-009  3.376921321796110E-010
  3.528000000000001E-009  3.371779542597111E-010
  3.531000000000001E-009  3.366645773398112E-010
  3.534000000000001E-009  3.361519693799111E-010
  3.537000000000001E-009  3.361519693782005E-010
  3.540000000000001E-009  3.356401463983015E-010
  3.543000000000001E-009  3.351290923784022E-010
  3.546000000000001E-009  3.346188233385028E-010
  3.549000000000000E-009  3.341093232586034E-010
  3.552000000000001E-009  3.336006081587038E-010
  3.555000000000001E-009  3.330926620188040E-010
  3.558000000000001E-009  3.325854848389042E-010
  3.561000000000001E-009  3.320790766190041E-010
  3.564000000000001E-009  3.315734373591041E-010
  3.567000000000001E-009  3.310685830792038E-010
  3.570000000000001E-009  3.305644817393034E-010
  3.573000000000001E-009  3.300611493594029E-010
  3.576000000000000E-009  3.295585699195023E-010
  3.579000000000001E-009  3.290567754596016E-010
  3.582000000000001E-009  3.285557339397007E-010
  3.585000000000001E-009  3.280554613797997E-010
  3.588000000000001E-009  3.275559417598985E-010
  3.591000000000001E-009  3.270571750799973E-010
  3.594000000000001E-009  3.270571750783061E-010
  3.597000000000001E-009  3.265591773584058E-010
  3.600000000000001E-009  3.260619325785054E-010
  3.603000000000000E-009  3.255654407386049E-010
  3.606000000000001E-009  3.250697178587042E-010
  3.609000000000001E-009  3.245747318988034E-010
  3.612000000000001E-009  3.240804988789025E-010
  3.615000000000001E-009  3.235870348190014E-010
  3.618000000000001E-009  3.230943076791002E-010
  3.621000000000001E-009  3.226023334791989E-010
  3.624000000000001E-009  3.221110961992975E-010
  3.627000000000001E-009  3.216206118593960E-010
  3.630000000000000E-009  3.211308804594943E-010
  3.633000000000001E-009  3.206418859795925E-010
  3.636000000000001E-009  3.201536444396905E-010
  3.639000000000001E-009  3.196661398197885E-010
  3.642000000000001E-009  3.191793721198862E-010
  3.645000000000001E-009  3.186933413399840E-010
  3.648000000000001E-009  3.186933413383113E-010
  3.651000000000001E-009  3.182080634984099E-010
  3.654000000000001E-009  3.177235065585084E-010
  3.657000000000001E-009  3.172397025586068E-010
  3.660000000000001E-009  3.167566194587050E-010
  3.663000000000001E-009  3.162742732788032E-010
  3.666000000000001E-009  3.157926640189013E-010
  3.669000000000000E-009  3.153117916789991E-010
  3.672000000000001E-009  3.148316562590969E-010
  3.675000000000001E-009  3.143522417391945E-010
  3.678000000000001E-009  3.138735481192920E-010
  3.681000000000001E-009  3.133955914193894E-010
  3.684000000000001E-009  3.129183556194866E-010
  3.687000000000001E-009  3.124418567395837E-010
  3.690000000000001E-009  3.119660627396807E-010
  3.693000000000001E-009  3.114910056597776E-010
  3.696000000000000E-009  3.110166694798743E-010
  3.699000000000001E-009  3.105430541999710E-010
  3.702000000000001E-009  3.105430541983168E-010
  3.705000000000001E-009  3.100701598184143E-010
  3.708000000000001E-009  3.095979863385118E-010
  3.711000000000001E-009  3.091265177386092E-010
  3.714000000000001E-009  3.086557860587063E-010
  3.717000000000001E-009  3.081857592588034E-010
  3.720000000000001E-009  3.077164373389004E-010
  3.723000000000000E-009  3.072478523389971E-010
  3.726000000000001E-009  3.067799561990939E-010
  3.729000000000001E-009  3.063127809591904E-010
  3.732000000000001E-009  3.058463266192869E-010
  3.735000000000001E-009  3.053805611393831E-010
  3.738000000000001E-009  3.049155165594793E-010
  3.741000000000001E-009  3.044511768595754E-010
  3.744000000000000E-009  3.039875420396713E-010
  3.747000000000000E-009  3.035246120997670E-010
  3.750000000000000E-009  3.030623870398627E-010
  3.753000000000001E-009  3.026008668599583E-010
  3.756000000000001E-009  3.026008668583227E-010
  3.759000000000001E-009  3.021400355384193E-010
  3.762000000000001E-009  3.016799251185156E-010
  3.765000000000001E-009  3.012205035586119E-010
  3.768000000000001E-009  3.007617708587081E-010
  3.771000000000000E-009  3.003037590588040E-010
  3.774000000000000E-009  2.998464200988999E-010
  3.777000000000001E-009  2.993897860189956E-010
  3.780000000000001E-009  2.989338568190912E-010
  3.783000000000001E-009  2.984786004591867E-010
  3.786000000000001E-009  2.980240489792820E-010
  3.789000000000001E-009  2.975701863593772E-010
  3.792000000000001E-009  2.971170125994723E-010
  3.795000000000001E-009  2.966645276995673E-010
  3.798000000000000E-009  2.962127316596621E-010
  3.801000000000000E-009  2.957616244797568E-010
  3.804000000000001E-009  2.953112061598514E-010
  3.807000000000001E-009  2.948614606799458E-010
  3.810000000000001E-009  2.948614606783292E-010
  3.813000000000001E-009  2.944124040584246E-010
  3.816000000000001E-009  2.939640362985199E-010
  3.819000000000001E-009  2.935163413786151E-010
  3.822000000000001E-009  2.930693353187101E-010
  3.825000000000000E-009  2.926230020988050E-010
  3.828000000000000E-009  2.921773577388998E-010
  3.831000000000001E-009  2.917323862189945E-010
  3.834000000000001E-009  2.912880875390889E-010
  3.837000000000001E-009  2.908444616991833E-010
  3.840000000000001E-009  2.904015086992776E-010
  3.843000000000001E-009  2.899592445593717E-010
  3.846000000000001E-009  2.895176372394657E-010
  3.849000000000001E-009  2.890767027595595E-010
  3.852000000000000E-009  2.886364411196533E-010
  3.855000000000000E-009  2.881968523197469E-010
  3.858000000000001E-009  2.877579363598404E-010
  3.861000000000001E-009  2.873196772199337E-010
  3.864000000000001E-009  2.873196772183360E-010
  3.867000000000001E-009  2.868820909184304E-010
  3.870000000000001E-009  2.864451614385247E-010
  3.873000000000001E-009  2.860089047986186E-010
  3.876000000000001E-009  2.855733049787126E-010
  3.879000000000000E-009  2.851383779988064E-010
  3.882000000000000E-009  2.847041078389000E-010
  3.885000000000001E-009  2.842704944989936E-010
  3.888000000000001E-009  2.838375379790871E-010
  3.891000000000001E-009  2.834052542991803E-010
  3.894000000000001E-009  2.829736114192735E-010
  3.897000000000001E-009  2.825426253593665E-010
  3.900000000000001E-009  2.821123121394594E-010
  3.903000000000001E-009  2.816826397195521E-010
  3.906000000000000E-009  2.812536080996448E-010
  3.909000000000000E-009  2.808252493197373E-010
  3.912000000000001E-009  2.803975313398297E-010
  3.915000000000001E-009  2.799704701799219E-010
  3.918000000000001E-009  2.799704701783433E-010
  3.921000000000001E-009  2.795440498184365E-010
  3.924000000000001E-009  2.791182862785297E-010
  3.927000000000001E-009  2.786931795586226E-010
  3.930000000000001E-009  2.782686976187154E-010
  3.933000000000000E-009  2.778448724988081E-010
  3.936000000000000E-009  2.774216881789007E-010
  3.939000000000001E-009  2.769991446589932E-010
  3.942000000000001E-009  2.765772579590855E-010
  3.945000000000001E-009  2.761559960391776E-010
  3.948000000000001E-009  2.757353749192697E-010
  3.951000000000001E-009  2.753154106193616E-010
  3.954000000000001E-009  2.748960710994534E-010
  3.957000000000001E-009  2.744773723795451E-010
  3.960000000000000E-009  2.740593144596366E-010
  3.963000000000000E-009  2.736418813197279E-010
  3.966000000000001E-009  2.732250889798193E-010
  3.969000000000001E-009  2.728089374399104E-010
  3.972000000000001E-009  2.728089374383509E-010
  3.975000000000001E-009  2.723934106784430E-010
  3.978000000000001E-009  2.719785086985351E-010
  3.981000000000001E-009  2.715642475186269E-010
  3.984000000000001E-009  2.711506111187187E-010
  3.987000000000000E-009  2.707376155188102E-010
  3.990000000000000E-009  2.703252286789018E-010
  3.993000000000001E-009  2.699134826389931E-010
  3.996000000000001E-009  2.695023613790842E-010
  3.999000000000001E-009  2.690918648991754E-010
  4.002000000000001E-009  2.686819931992663E-010
  4.005000000000001E-009  2.682727302593571E-010
  4.008000000000001E-009  2.678641081194478E-010
  4.011000000000001E-009  2.674560947395384E-010
  4.014000000000000E-009  2.670487221596287E-010
  4.017000000000001E-009  2.666419423197190E-010
  4.020000000000001E-009  2.662358032798092E-010
  4.023000000000001E-009  2.658302729998992E-010
  4.026000000000001E-009  2.654253514799891E-010
  4.029000000000001E-009  2.654253514784499E-010
  4.032000000000001E-009  2.650210547385407E-010
  4.035000000000001E-009  2.646173667586316E-010
  4.038000000000000E-009  2.642143035587222E-010
  4.041000000000000E-009  2.638118491188127E-010
  4.044000000000001E-009  2.634100034389031E-010
  4.047000000000001E-009  2.630087665189933E-010
  4.050000000000001E-009  2.626081383590834E-010
  4.053000000000001E-009  2.622081189591733E-010
  4.056000000000001E-009  2.618087083192632E-010
  4.059000000000001E-009  2.614099224593529E-010
  4.062000000000001E-009  2.610117293394424E-010
  4.065000000000000E-009  2.606141289595318E-010
  4.068000000000000E-009  2.602171533596212E-010
  4.071000000000001E-009  2.598207704997103E-010
  4.074000000000001E-009  2.594249963997994E-010
  4.077000000000001E-009  2.590298150398883E-010
  4.080000000000001E-009  2.586352424399770E-010
  4.083000000000001E-009  2.586352424384571E-010
  4.086000000000001E-009  2.582412625785470E-010
  4.089000000000001E-009  2.578478914786365E-010
  4.092000000000000E-009  2.574551131187261E-010
  4.095000000000000E-009  2.570629435188154E-010
  4.098000000000001E-009  2.566713506389047E-010
  4.101000000000001E-009  2.562803665189938E-010
  4.104000000000001E-009  2.558899751390828E-010
  4.107000000000001E-009  2.555001764991716E-010
  4.110000000000001E-009  2.551109705992604E-010
  4.113000000000001E-009  2.547223574393489E-010
  4.116000000000001E-009  2.543343209994374E-010
  4.119000000000000E-009  2.539468933195258E-010
  4.122000000000000E-009  2.535600423596139E-010
  4.125000000000001E-009  2.531737841397020E-010
  4.128000000000001E-009  2.527881186597899E-010
  4.131000000000001E-009  2.524030298998777E-010
  4.134000000000001E-009  2.520185338799654E-010
  4.137000000000001E-009  2.520185338784647E-010
  4.140000000000001E-009  2.516346305985533E-010
  4.143000000000001E-009  2.512513040386419E-010
  4.146000000000000E-009  2.508685541987303E-010
  4.149000000000000E-009  2.504863810788186E-010
  4.152000000000001E-009  2.501048006989067E-010
  4.155000000000001E-009  2.497237970389947E-010
  4.158000000000001E-009  2.493433861190825E-010
  4.161000000000001E-009  2.489635358991703E-010
  4.164000000000001E-009  2.485842623992579E-010
  4.167000000000001E-009  2.482055816393454E-010
  4.170000000000001E-009  2.478274615794327E-010
  4.173000000000000E-009  2.474499182395199E-010
  4.176000000000000E-009  2.470729516196070E-010
  4.179000000000001E-009  2.466965617196940E-010
  4.182000000000001E-009  2.463207485397808E-010
  4.185000000000001E-009  2.459454960598675E-010
  4.188000000000001E-009  2.455708202999540E-010
  4.191000000000001E-009  2.455708202984725E-010
  4.194000000000001E-009  2.451967052385601E-010
  4.197000000000001E-009  2.448231668986475E-010
  4.200000000000000E-009  2.444502052787348E-010
  4.203000000000000E-009  2.440777883388220E-010
  4.206000000000001E-009  2.437059481189090E-010
  4.209000000000001E-009  2.433346846189959E-010
  4.212000000000001E-009  2.429639818190827E-010
  4.215000000000001E-009  2.425938397191692E-010
  4.218000000000001E-009  2.422242583192557E-010
  4.221000000000001E-009  2.418552376193421E-010
  4.224000000000001E-009  2.414867776194283E-010
  4.227000000000000E-009  2.411188783195144E-010
  4.230000000000000E-009  2.407515397196004E-010
  4.233000000000001E-009  2.403847618196862E-010
  4.236000000000001E-009  2.400185285997719E-010
  4.239000000000001E-009  2.396528720998574E-010
  4.242000000000001E-009  2.392877602799429E-010
  4.245000000000001E-009  2.392877602784808E-010
  4.248000000000001E-009  2.389232091585671E-010
  4.251000000000001E-009  2.385592027186535E-010
  4.254000000000000E-009  2.381957569787396E-010
  4.257000000000000E-009  2.378328719388256E-010
  4.260000000000001E-009  2.374705315789115E-010
  4.263000000000001E-009  2.371087358989973E-010
  4.266000000000001E-009  2.367475009190829E-010
  4.269000000000001E-009  2.363868106191685E-010
  4.272000000000001E-009  2.360266649992539E-010
  4.275000000000001E-009  2.356670800793391E-010
  4.278000000000001E-009  2.353080238194242E-010
  4.281000000000000E-009  2.349495282595092E-010
  4.284000000000001E-009  2.345915613595941E-010
  4.287000000000001E-009  2.342341551596788E-010
  4.290000000000001E-009  2.338772936397634E-010
  4.293000000000001E-009  2.335209607798479E-010
  4.296000000000001E-009  2.331651725999322E-010
  4.299000000000001E-009  2.331651725984891E-010
  4.302000000000001E-009  2.328099290985745E-010
  4.305000000000001E-009  2.324552302786597E-010
  4.308000000000000E-009  2.321010761387447E-010
  4.311000000000001E-009  2.317474506588296E-010
  4.314000000000001E-009  2.313943538389145E-010
  4.317000000000001E-009  2.310418177189991E-010
  4.320000000000001E-009  2.306897942390836E-010
  4.323000000000001E-009  2.303383154391680E-010
  4.326000000000001E-009  2.299873813192523E-010
  4.329000000000001E-009  2.296369598393364E-010
  4.332000000000001E-009  2.292870830394204E-010
  4.335000000000000E-009  2.289377509195043E-010
  4.338000000000001E-009  2.285889314395880E-010
  4.341000000000001E-009  2.282406406196717E-010
  4.344000000000001E-009  2.278928944797551E-010
  4.347000000000001E-009  2.275456609798385E-010
  4.350000000000001E-009  2.271989721599217E-010
  4.353000000000001E-009  2.271989721584979E-010
  4.356000000000001E-009  2.268527959785821E-010
  4.359000000000001E-009  2.265071644786662E-010
  4.362000000000000E-009  2.261620456187502E-010
  4.365000000000001E-009  2.258174554188339E-010
  4.368000000000001E-009  2.254733778589176E-010
  4.371000000000001E-009  2.251298289590012E-010
  4.374000000000001E-009  2.247868087190846E-010
  4.377000000000001E-009  2.244443171391679E-010
  4.380000000000001E-009  2.241023381992510E-010
  4.383000000000001E-009  2.237608718993341E-010
  4.386000000000001E-009  2.234199342594170E-010
  4.389000000000000E-009  2.230795092594997E-010
  4.392000000000001E-009  2.227396129195823E-010
  4.395000000000001E-009  2.224002131996649E-010
  4.398000000000001E-009  2.220613421397472E-010
  4.401000000000001E-009  2.217229997398295E-010
  4.404000000000001E-009  2.213851539599115E-010
  4.407000000000001E-009  2.210478208199935E-010
  4.410000000000001E-009  2.210478208185901E-010
  4.413000000000001E-009  2.207110163386729E-010
  4.416000000000000E-009  2.203747084787557E-010
  4.419000000000001E-009  2.200389132588385E-010
  4.422000000000001E-009  2.197036306789211E-010
  4.425000000000001E-009  2.193688607390035E-010
  4.428000000000001E-009  2.190346034390858E-010
  4.431000000000001E-009  2.187008587791680E-010
  4.434000000000001E-009  2.183676107392500E-010
  4.437000000000001E-009  2.180348753393320E-010
  4.440000000000001E-009  2.177026365594137E-010
  4.443000000000000E-009  2.173709104194954E-010
  4.446000000000001E-009  2.170396808995769E-010
  4.449000000000001E-009  2.167089640196583E-010
  4.452000000000001E-009  2.163787597797396E-010
  4.455000000000001E-009  2.160490361398207E-010
  4.458000000000001E-009  2.157198251399017E-010
  4.461000000000001E-009  2.153911107599826E-010
  4.464000000000001E-009  2.153911107585982E-010
  4.467000000000001E-009  2.150629090186800E-010
  4.470000000000000E-009  2.147351878787618E-010
  4.473000000000001E-009  2.144079793788433E-010
  4.476000000000001E-009  2.140812674989248E-010
  4.479000000000001E-009  2.137550522390061E-010
  4.482000000000001E-009  2.134293175790873E-010
  4.485000000000001E-009  2.131040955591684E-010
  4.488000000000001E-009  2.127793701592493E-010
  4.491000000000001E-009  2.124551253593301E-010
  4.494000000000000E-009  2.121313771794108E-010
  4.497000000000000E-009  2.118081256194913E-010
  4.500000000000001E-009  2.114853706795717E-010
  4.503000000000001E-009  2.111630963396521E-010
  4.506000000000001E-009  2.108413186197322E-010
  4.509000000000001E-009  2.105200214998122E-010
  4.512000000000001E-009  2.101992209998921E-010
  4.515000000000001E-009  2.098789010999719E-010
  4.518000000000001E-009  2.098789010986066E-010
  4.521000000000000E-009  2.095590778186873E-010
  4.524000000000001E-009  2.092397351387679E-010
  4.527000000000001E-009  2.089208730588484E-010
  4.530000000000001E-009  2.086025075989288E-010
  4.533000000000001E-009  2.082846227390089E-010
  4.536000000000001E-009  2.079672184790891E-010
  4.539000000000001E-009  2.076502948191690E-010
  4.542000000000001E-009  2.073338677792489E-010
  4.545000000000001E-009  2.070179053193286E-010
  4.548000000000000E-009  2.067024234594082E-010
  4.551000000000001E-009  2.063874382194876E-010
  4.554000000000001E-009  2.060729175595669E-010
  4.557000000000001E-009  2.057588774996461E-010
  4.560000000000001E-009  2.054453180397251E-010
  4.563000000000001E-009  2.051322391798041E-010
  4.566000000000001E-009  2.048196248998829E-010
  4.569000000000001E-009  2.045074912199615E-010
  4.572000000000001E-009  2.045074912186152E-010
  4.575000000000000E-009  2.041958381386948E-010
  4.578000000000001E-009  2.038846496387744E-010
  4.581000000000001E-009  2.035739417388537E-010
  4.584000000000001E-009  2.032636984189329E-010
  4.587000000000001E-009  2.029539356990121E-010
  4.590000000000001E-009  2.026446375590911E-010
  4.593000000000001E-009  2.023358200191699E-010
  4.596000000000001E-009  2.020274670592487E-010
  4.599000000000001E-009  2.017195786793273E-010
  4.602000000000000E-009  2.014121708994057E-010
  4.605000000000001E-009  2.011052116794841E-010
  4.608000000000001E-009  2.007987330595623E-010
  4.611000000000001E-009  2.004927190196404E-010
  4.614000000000001E-009  2.001871695597184E-010
  4.617000000000001E-009  1.998820846797962E-010
  4.620000000000001E-009  1.995774483598739E-010
  4.623000000000001E-009  1.992732926399515E-010
  4.626000000000001E-009  1.992732926386240E-010
  4.629000000000000E-009  1.989696014987025E-010
  4.632000000000001E-009  1.986663589187810E-010
  4.635000000000001E-009  1.983635969388593E-010
  4.638000000000001E-009  1.980612835189375E-010
  4.641000000000001E-009  1.977594346790154E-010
  4.644000000000001E-009  1.974580343990933E-010
  4.647000000000001E-009  1.971570986991711E-010
  4.650000000000001E-009  1.968566275792487E-010
  4.653000000000001E-009  1.965566050193262E-010
  4.656000000000000E-009  1.962570310194036E-010
  4.659000000000001E-009  1.959579376194809E-010
  4.662000000000001E-009  1.956592767595580E-010
  4.665000000000001E-009  1.953610804796350E-010
  4.668000000000001E-009  1.950633327597119E-010
  4.671000000000001E-009  1.947660335997887E-010
  4.674000000000001E-009  1.944691990198652E-010
  4.677000000000001E-009  1.941728129999417E-010
  4.680000000000001E-009  1.941728129986331E-010
  4.683000000000000E-009  1.938768755387105E-010
  4.686000000000001E-009  1.935813866387879E-010
  4.689000000000001E-009  1.932863462988650E-010
  4.692000000000001E-009  1.929917545189421E-010
  4.695000000000001E-009  1.926976112990191E-010
  4.698000000000001E-009  1.924039166390958E-010
  4.701000000000001E-009  1.921106705391725E-010
  4.704000000000001E-009  1.918178729992491E-010
  4.707000000000001E-009  1.915255240193255E-010
  4.710000000000000E-009  1.912336075794018E-010
  4.713000000000001E-009  1.909421396994780E-010
  4.716000000000001E-009  1.906511203795540E-010
  4.719000000000001E-009  1.903605335996299E-010
  4.722000000000001E-009  1.900703953797057E-010
  4.725000000000001E-009  1.897807057197813E-010
  4.728000000000001E-009  1.894914485998568E-010
  4.731000000000001E-009  1.892026240199323E-010
  4.734000000000001E-009  1.892026240186423E-010
  4.737000000000000E-009  1.889142479987187E-010
  4.740000000000001E-009  1.886263045187950E-010
  4.743000000000001E-009  1.883388095988710E-010
  4.746000000000001E-009  1.880517472189470E-010
  4.749000000000001E-009  1.877651173790228E-010
  4.752000000000001E-009  1.874789200790986E-010
  4.755000000000001E-009  1.871931713391742E-010
  4.758000000000001E-009  1.869078551392496E-010
  4.761000000000001E-009  1.866229554593250E-010
  4.764000000000001E-009  1.863385043394002E-010
  4.767000000000001E-009  1.860544857594753E-010
  4.770000000000001E-009  1.857708997195502E-010
  4.773000000000001E-009  1.854877462196250E-010
  4.776000000000001E-009  1.852050092396997E-010
  4.779000000000001E-009  1.849227208197743E-010
  4.782000000000001E-009  1.846408489198488E-010
  4.785000000000001E-009  1.843594095599231E-010
  4.788000000000001E-009  1.840784027399973E-010
  4.791000000000001E-009  1.840784027387271E-010
  4.794000000000001E-009  1.837978284588022E-010
  4.797000000000001E-009  1.835176706988772E-010
  4.800000000000001E-009  1.832379294589522E-010
  4.803000000000001E-009  1.829586367790269E-010
  4.806000000000001E-009  1.826797445991016E-010
  4.809000000000001E-009  1.824013009791760E-010
  4.812000000000001E-009  1.821232578592505E-010
  4.815000000000001E-009  1.818456632993247E-010
  4.818000000000001E-009  1.815684692393988E-010
  4.821000000000001E-009  1.812917077194728E-010
  4.824000000000001E-009  1.810153627195467E-010
  4.827000000000001E-009  1.807394342396205E-010
  4.830000000000001E-009  1.804639382996941E-010
  4.833000000000001E-009  1.801888588797676E-010
  4.836000000000001E-009  1.799141799598410E-010
  4.839000000000001E-009  1.796399335799142E-010
  4.842000000000001E-009  1.793661037199873E-010
  4.845000000000001E-009  1.793661037187357E-010
  4.848000000000001E-009  1.790926903788097E-010
  4.851000000000001E-009  1.788196935588836E-010
  4.854000000000001E-009  1.785471132589575E-010
  4.857000000000001E-009  1.782749494790311E-010
  4.860000000000001E-009  1.780031861991047E-010
  4.863000000000001E-009  1.777318554591782E-010
  4.866000000000001E-009  1.774609252192514E-010
  4.869000000000001E-009  1.771904114993246E-010
  4.872000000000001E-009  1.769202982793977E-010
  4.875000000000001E-009  1.766506015794706E-010
  4.878000000000001E-009  1.763813213995435E-010
  4.881000000000001E-009  1.761124577396161E-010
  4.884000000000001E-009  1.758439945796887E-010
  4.887000000000001E-009  1.755759319197611E-010
  4.890000000000001E-009  1.753082857798334E-010
  4.893000000000001E-009  1.750410401399056E-010
  4.896000000000001E-009  1.747742110199777E-010
  4.899000000000001E-009  1.747742110187444E-010
  4.902000000000001E-009  1.745077823988173E-010
  4.905000000000001E-009  1.742417542788903E-010
  4.908000000000001E-009  1.739761426789630E-010
  4.911000000000001E-009  1.737109315790355E-010
  4.914000000000001E-009  1.734461049591081E-010
  4.917000000000001E-009  1.731817108791805E-010
  4.920000000000001E-009  1.729177012792527E-010
  4.923000000000001E-009  1.726540921793249E-010
  4.926000000000001E-009  1.723908995993968E-010
  4.929000000000001E-009  1.721280914994687E-010
  4.932000000000001E-009  1.718656838995404E-010
  4.935000000000001E-009  1.716036767996120E-010
  4.938000000000001E-009  1.713420701996836E-010
  4.941000000000001E-009  1.710808640997549E-010
  4.944000000000001E-009  1.708200584998262E-010
  4.947000000000001E-009  1.705596533998973E-010
  4.950000000000001E-009  1.702996327799683E-010
  4.953000000000001E-009  1.702996327787533E-010
  4.956000000000001E-009  1.700400126588252E-010
  4.959000000000001E-009  1.697807770188970E-010
  4.962000000000001E-009  1.695219578989686E-010
  4.965000000000001E-009  1.692635072390403E-010
  4.968000000000001E-009  1.690054730991117E-010
  4.971000000000001E-009  1.687478234391830E-010
  4.974000000000001E-009  1.684905582592542E-010
  4.977000000000000E-009  1.682336935793253E-010
  4.980000000000001E-009  1.679772133793962E-010
  4.983000000000001E-009  1.677211176594670E-010
  4.986000000000001E-009  1.674654224395376E-010
  4.989000000000001E-009  1.672101116996082E-010
  4.992000000000001E-009  1.669552014596787E-010
  4.995000000000001E-009  1.667006596797490E-010
  4.998000000000001E-009  1.664465183998192E-010
  5.001000000000001E-009  1.661927615998892E-010
  5.004000000000001E-009  1.659393892799592E-010
  5.007000000000001E-009  1.659393892787623E-010
  5.010000000000001E-009  1.656864014388332E-010
  5.013000000000001E-009  1.654337980789040E-010
  5.016000000000001E-009  1.651815791989746E-010
  5.019000000000001E-009  1.649297447990451E-010
  5.022000000000001E-009  1.646782948791154E-010
  5.025000000000001E-009  1.644272134191857E-010
  5.028000000000001E-009  1.641765324592559E-010
  5.031000000000001E-009  1.639262359793259E-010
  5.034000000000001E-009  1.636763079593957E-010
  5.037000000000001E-009  1.634267644194655E-010
  5.040000000000001E-009  1.631775893395352E-010
  5.043000000000001E-009  1.629288147596047E-010
  5.046000000000001E-009  1.626804086396741E-010
  5.049000000000001E-009  1.624323709797433E-010
  5.052000000000001E-009  1.621847177998125E-010
  5.055000000000001E-009  1.619374490998815E-010
  5.058000000000001E-009  1.616905488599504E-010
  5.061000000000001E-009  1.616905488587715E-010
  5.064000000000001E-009  1.614440170788414E-010
  5.067000000000001E-009  1.611978697789111E-010
  5.070000000000001E-009  1.609521069589806E-010
  5.073000000000001E-009  1.607066965790501E-010
  5.076000000000001E-009  1.604616706791195E-010
  5.079000000000001E-009  1.602170292591886E-010
  5.082000000000001E-009  1.599727434832577E-010
  5.085000000000001E-009  1.597288341773267E-010
  5.088000000000001E-009  1.594852949333955E-010
  5.091000000000001E-009  1.592421273534643E-010
  5.094000000000001E-009  1.589993298355328E-010
  5.097000000000001E-009  1.587569007776013E-010
  5.100000000000001E-009  1.585148417816697E-010
  5.103000000000001E-009  1.582731512457379E-010
  5.106000000000001E-009  1.580318275678061E-010
  5.109000000000001E-009  1.577908707478740E-010
  5.112000000000001E-009  1.575502807859419E-010
  5.115000000000001E-009  1.575502807847809E-010
  5.118000000000001E-009  1.573100576808497E-010
  5.121000000000001E-009  1.570701998329184E-010
  5.124000000000001E-009  1.568307056389869E-010
  5.127000000000001E-009  1.565915783030553E-010
  5.130000000000001E-009  1.563528130191236E-010
  5.133000000000001E-009  1.561144113891918E-010
  5.136000000000001E-009  1.558763718112598E-010
  5.139000000000001E-009  1.556386958873277E-010
  5.142000000000001E-009  1.554013804133955E-010
  5.145000000000001E-009  1.551644269914633E-010
  5.148000000000001E-009  1.549278324175308E-010
  5.151000000000001E-009  1.546915998955983E-010
  5.154000000000001E-009  1.544557262216656E-010
  5.157000000000001E-009  1.542202097937328E-010
  5.160000000000001E-009  1.539850538157999E-010
  5.163000000000001E-009  1.537502550838668E-010
  5.166000000000001E-009  1.535158135979337E-010
  5.169000000000001E-009  1.535158135967904E-010
  5.172000000000001E-009  1.532817277548582E-010
  5.175000000000001E-009  1.530479991589258E-010
  5.178000000000001E-009  1.528146262069932E-010
  5.181000000000001E-009  1.525816088990607E-010
  5.184000000000001E-009  1.523489440311279E-010
  5.187000000000001E-009  1.521166348071951E-010
  5.190000000000001E-009  1.518846796252621E-010
  5.193000000000001E-009  1.516530768833289E-010
  5.196000000000001E-009  1.514218249793958E-010
  5.199000000000001E-009  1.511909271174624E-010
  5.202000000000001E-009  1.509603800935290E-010
  5.205000000000001E-009  1.507301823055954E-010
  5.208000000000001E-009  1.505003369576617E-010
  5.211000000000001E-009  1.502708392437279E-010
  5.214000000000001E-009  1.500416923677939E-010
  5.217000000000001E-009  1.498128931258599E-010
  5.220000000000001E-009  1.495844431199257E-010
  5.223000000000001E-009  1.493563407479914E-010
  5.226000000000001E-009  1.493563407468667E-010
  5.229000000000001E-009  1.491285844069333E-010
  5.232000000000001E-009  1.489011757009998E-010
  5.235000000000001E-009  1.486741114250662E-010
  5.238000000000001E-009  1.484473947831324E-010
  5.241000000000001E-009  1.482210209691986E-010
  5.244000000000001E-009  1.479949931872645E-010
  5.247000000000001E-009  1.477693082333304E-010
  5.250000000000001E-009  1.475439677093962E-010
  5.253000000000001E-009  1.473189700134618E-010
  5.256000000000001E-009  1.470943135435273E-010
  5.259000000000001E-009  1.468699999015928E-010
  5.262000000000001E-009  1.466460274856580E-010
  5.265000000000001E-009  1.464223962957232E-010
  5.268000000000001E-009  1.461991047297882E-010
  5.271000000000001E-009  1.459761527878532E-010
  5.274000000000001E-009  1.457535404699180E-010
  5.277000000000001E-009  1.455312677759827E-010
  5.280000000000001E-009  1.455312677748755E-010
  5.283000000000001E-009  1.453093315009410E-010
  5.286000000000001E-009  1.450877348510065E-010
  5.289000000000001E-009  1.448664746210718E-010
  5.292000000000001E-009  1.446455508111371E-010
  5.295000000000001E-009  1.444249634212022E-010
  5.298000000000001E-009  1.442047108492672E-010
  5.301000000000001E-009  1.439847946973320E-010
  5.304000000000001E-009  1.437652117613968E-010
  5.307000000000001E-009  1.435459636434614E-010
  5.310000000000001E-009  1.433270503435259E-010
  5.313000000000001E-009  1.431084686575903E-010
  5.316000000000001E-009  1.428902201876546E-010
  5.319000000000001E-009  1.426723033317188E-010
  5.322000000000001E-009  1.424547196917828E-010
  5.325000000000001E-009  1.422374660638468E-010
  5.328000000000001E-009  1.420205424479106E-010
  5.331000000000001E-009  1.418039488439743E-010
  5.334000000000001E-009  1.418039488428843E-010
  5.337000000000001E-009  1.415876852509489E-010
  5.340000000000001E-009  1.413717516710133E-010
  5.343000000000001E-009  1.411561465010776E-010
  5.346000000000001E-009  1.409408681391419E-010
  5.349000000000001E-009  1.407259181872060E-010
  5.352000000000001E-009  1.405112950432699E-010
  5.355000000000001E-009  1.402969987073338E-010
  5.358000000000001E-009  1.400830291793976E-010
  5.361000000000001E-009  1.398693848574612E-010
  5.364000000000001E-009  1.396560657415247E-010
  5.367000000000001E-009  1.394430702295881E-010
  5.370000000000001E-009  1.392303999236514E-010
  5.373000000000001E-009  1.390180532217146E-010
  5.376000000000001E-009  1.388060285217776E-010
  5.379000000000001E-009  1.385943274258406E-010
  5.382000000000001E-009  1.383829483319034E-010
  5.385000000000001E-009  1.381718912399661E-010
  5.388000000000001E-009  1.381718912388932E-010
  5.391000000000001E-009  1.379611545469568E-010
  5.394000000000001E-009  1.377507398570203E-010
  5.397000000000001E-009  1.375406439650836E-010
  5.400000000000001E-009  1.373308684731468E-010
  5.403000000000001E-009  1.371214117792099E-010
  5.406000000000001E-009  1.369122738832729E-010
  5.409000000000001E-009  1.367034547853358E-010
  5.412000000000001E-009  1.364949544853986E-010
  5.415000000000001E-009  1.362867697794612E-010
  5.418000000000001E-009  1.360789022695237E-010
  5.421000000000001E-009  1.358713519555862E-010
  5.424000000000001E-009  1.356641156336485E-010
  5.427000000000001E-009  1.354571965077106E-010
  5.430000000000001E-009  1.352505913737727E-010
  5.433000000000001E-009  1.350443002318346E-010
  5.436000000000001E-009  1.348383246838965E-010
  5.439000000000001E-009  1.346326615259582E-010
  5.442000000000001E-009  1.346326615249023E-010
  5.445000000000001E-009  1.344273107569648E-010
  5.448000000000001E-009  1.342222739810274E-010
  5.451000000000001E-009  1.340175479930897E-010
  5.454000000000001E-009  1.338131343951519E-010
  5.457000000000001E-009  1.336090315852141E-010
  5.460000000000001E-009  1.334052395632760E-010
  5.463000000000001E-009  1.332017567273379E-010
  5.466000000000001E-009  1.329985846793998E-010
  5.469000000000001E-009  1.327957218174614E-010
  5.472000000000001E-009  1.325931665395230E-010
  5.475000000000001E-009  1.323909204475844E-010
  5.478000000000001E-009  1.321889819396457E-010
  5.481000000000001E-009  1.319873510157069E-010
  5.484000000000001E-009  1.317860276757680E-010
  5.487000000000001E-009  1.315850087158290E-010
  5.490000000000001E-009  1.313842973398898E-010
  5.493000000000001E-009  1.311838903439506E-010
  5.496000000000001E-009  1.311838903429114E-010
  5.499000000000001E-009  1.309837893289731E-010
  5.502000000000001E-009  1.307839926950345E-010
  5.505000000000001E-009  1.305845004410959E-010
  5.508000000000001E-009  1.303853109651572E-010
  5.511000000000001E-009  1.301864242672183E-010
  5.514000000000001E-009  1.299878419492793E-010
  5.517000000000001E-009  1.297895608073403E-010
  5.520000000000001E-009  1.295915808414010E-010
  5.523000000000001E-009  1.293939036534618E-010
  5.526000000000001E-009  1.291965260395223E-010
  5.529000000000001E-009  1.289994496015828E-010
  5.532000000000001E-009  1.288026727376431E-010
  5.535000000000001E-009  1.286061954477034E-010
  5.538000000000001E-009  1.284100161297635E-010
  5.541000000000001E-009  1.282141363858235E-010
  5.544000000000001E-009  1.280185546138834E-010
  5.547000000000001E-009  1.278232708139432E-010
  5.550000000000001E-009  1.278232708129207E-010
  5.553000000000001E-009  1.276282849849813E-010
  5.556000000000001E-009  1.274335955270419E-010
  5.559000000000001E-009  1.272392008371023E-010
  5.562000000000001E-009  1.270451041191625E-010
  5.565000000000001E-009  1.268513005672227E-010
  5.568000000000001E-009  1.266577933852828E-010
  5.571000000000001E-009  1.264645809713427E-010
  5.574000000000001E-009  1.262716617234026E-010
  5.577000000000001E-009  1.260790372434623E-010
  5.580000000000001E-009  1.258867043275219E-010
  5.583000000000001E-009  1.256946661795814E-010
  5.586000000000001E-009  1.255029179936408E-010
  5.589000000000001E-009  1.253114629737001E-010
  5.592000000000001E-009  1.251202995177593E-010
  5.595000000000001E-009  1.249294276258183E-010
  5.598000000000001E-009  1.247388440938772E-010
  5.601000000000001E-009  1.245485521259361E-010
  5.604000000000001E-009  1.243585501199948E-010
  5.607000000000001E-009  1.243585501189897E-010
  5.610000000000001E-009  1.241688364730493E-010
  5.613000000000001E-009  1.239794111871087E-010
  5.616000000000001E-009  1.237902758631680E-010
  5.619000000000001E-009  1.236014272972272E-010
  5.622000000000001E-009  1.234128654892863E-010
  5.625000000000001E-009  1.232245920413454E-010
  5.628000000000001E-009  1.230366053514042E-010
  5.631000000000001E-009  1.228489038174630E-010
  5.634000000000001E-009  1.226614874395217E-010
  5.637000000000001E-009  1.224743578195802E-010
  5.640000000000001E-009  1.222875117536387E-010
  5.643000000000001E-009  1.221009508436970E-010
  5.646000000000001E-009  1.219146734877552E-010
  5.649000000000001E-009  1.217286796858133E-010
  5.652000000000001E-009  1.215429694378713E-010
  5.655000000000001E-009  1.213575411419292E-010
  5.658000000000001E-009  1.211723963999870E-010
  5.661000000000001E-009  1.211723963989982E-010
  5.664000000000001E-009  1.209875320070567E-010
  5.667000000000001E-009  1.208029495671153E-010
  5.670000000000001E-009  1.206186474771736E-010
  5.673000000000001E-009  1.204346273392319E-010
  5.676000000000001E-009  1.202508859492901E-010
  5.679000000000001E-009  1.200674249093481E-010
  5.682000000000001E-009  1.198842426174061E-010
  5.685000000000001E-009  1.197013406754639E-010
  5.688000000000001E-009  1.195187158795216E-010
  5.691000000000001E-009  1.193363682295792E-010
  5.694000000000001E-009  1.191542993276367E-010
  5.697000000000001E-009  1.189725075716941E-010
  5.700000000000001E-009  1.187909913597514E-010
  5.703000000000001E-009  1.186097522938086E-010
  5.706000000000001E-009  1.184287903738656E-010
  5.709000000000001E-009  1.182481023959226E-010
  5.712000000000001E-009  1.180676899619795E-010
  5.715000000000001E-009  1.180676899610067E-010
  5.718000000000001E-009  1.178875514690644E-010
  5.721000000000001E-009  1.177076869191219E-010
  5.724000000000001E-009  1.175280979131794E-010
  5.727000000000001E-009  1.173487812472367E-010
  5.730000000000001E-009  1.171697369212939E-010
  5.733000000000001E-009  1.169909649353510E-010
  5.736000000000001E-009  1.168124668914080E-010
  5.739000000000001E-009  1.166342395854649E-010
  5.742000000000001E-009  1.164562830175217E-010
  5.745000000000001E-009  1.162785971875784E-010
  5.748000000000001E-009  1.161011820956350E-010
  5.751000000000001E-009  1.159240377416914E-010
  5.754000000000001E-009  1.157471625237478E-010
  5.757000000000001E-009  1.155705564418040E-010
  5.760000000000001E-009  1.153942194958602E-010
  5.763000000000001E-009  1.152181516859162E-010
  5.766000000000001E-009  1.150423514099722E-010
  5.769000000000001E-009  1.150423514090153E-010
  5.772000000000001E-009  1.148668186670720E-010
  5.775000000000001E-009  1.146915518571287E-010
  5.778000000000001E-009  1.145165541831852E-010
  5.781000000000001E-009  1.143418208392416E-010
  5.784000000000001E-009  1.141673550292979E-010
  5.787000000000001E-009  1.139931535493540E-010
  5.790000000000001E-009  1.138192180014102E-010
  5.793000000000001E-009  1.136455467834661E-010
  5.796000000000001E-009  1.134721398955220E-010
  5.799000000000001E-009  1.132989973375777E-010
  5.802000000000001E-009  1.131261175076334E-010
  5.805000000000001E-009  1.129535020076889E-010
  5.808000000000001E-009  1.127811492357444E-010
  5.811000000000001E-009  1.126090575897997E-010
  5.814000000000001E-009  1.124372286718550E-010
  5.817000000000001E-009  1.122656608799101E-010
  5.820000000000001E-009  1.120943558159651E-010
  5.823000000000001E-009  1.120943558150240E-010
  5.826000000000001E-009  1.119233102750798E-010
  5.829000000000001E-009  1.117525258611355E-010
  5.832000000000001E-009  1.115819993691911E-010
  5.835000000000001E-009  1.114117340032466E-010
  5.838000000000001E-009  1.112417281613019E-010
  5.841000000000001E-009  1.110719802413572E-010
  5.844000000000001E-009  1.109024918454124E-010
  5.847000000000001E-009  1.107332613714675E-010
  5.850000000000001E-009  1.105642872175224E-010
  5.853000000000001E-009  1.103955709855773E-010
  5.856000000000001E-009  1.102271126756320E-010
  5.859000000000001E-009  1.100589090836867E-010
  5.862000000000001E-009  1.098909618117412E-010
  5.865000000000001E-009  1.097232708597956E-010
  5.868000000000001E-009  1.095558346258500E-010
  5.871000000000001E-009  1.093886547119042E-010
  5.874000000000001E-009  1.092217279139583E-010
  5.877000000000001E-009  1.092217279130328E-010
  5.880000000000001E-009  1.090550558330876E-010
  5.883000000000001E-009  1.088886368691424E-010
  5.886000000000001E-009  1.087224710211971E-010
  5.889000000000001E-009  1.085565598912517E-010
  5.892000000000001E-009  1.083909002753062E-010
  5.895000000000001E-009  1.082254921733605E-010
  5.898000000000001E-009  1.080603355854148E-010
  5.901000000000001E-009  1.078954321134690E-010
  5.904000000000001E-009  1.077307785535230E-010
  5.907000000000001E-009  1.075663765075770E-010
  5.910000000000001E-009  1.074022243736308E-010
  5.913000000000001E-009  1.072383205496846E-010
  5.916000000000001E-009  1.070746682397382E-010
  5.919000000000001E-009  1.069112642397917E-010
  5.922000000000001E-009  1.067481101518452E-010
  5.925000000000001E-009  1.065852027718985E-010
  5.928000000000001E-009  1.064225437019517E-010
  5.931000000000001E-009  1.064225437010415E-010
  5.934000000000001E-009  1.062601329410956E-010
  5.937000000000001E-009  1.060979704911495E-010
  5.940000000000001E-009  1.059360531472032E-010
  5.943000000000001E-009  1.057743825112569E-010
  5.946000000000001E-009  1.056129585833105E-010
  5.949000000000001E-009  1.054517797613640E-010
  5.952000000000001E-009  1.052908460454173E-010
  5.955000000000001E-009  1.051301590374706E-010
  5.958000000000001E-009  1.049697155335238E-010
  5.961000000000001E-009  1.048095155335768E-010
  5.964000000000001E-009  1.046495606396298E-010
  5.967000000000001E-009  1.044898492496827E-010
  5.970000000000001E-009  1.043303797617354E-010
  5.973000000000001E-009  1.041711553797880E-010
  5.976000000000001E-009  1.040121712978406E-010
  5.979000000000001E-009  1.038534291178930E-010
  5.982000000000001E-009  1.036949304419454E-010
  5.985000000000001E-009  1.035366720659976E-010
  5.988000000000001E-009  1.035366720651035E-010
  5.991000000000001E-009  1.033786539891566E-010
  5.994000000000001E-009  1.032208778152094E-010
  5.997000000000001E-009  1.030633403392622E-010
  6.000000000000001E-009  1.029060447653149E-010
  6.003000000000001E-009  1.027489862873675E-010
  6.006000000000001E-009  1.025921681094200E-010
  6.009000000000001E-009  1.024355886294724E-010
  6.012000000000001E-009  1.022792478475247E-010
  6.015000000000001E-009  1.021231441615768E-010
  6.018000000000001E-009  1.019672791736289E-010
  6.021000000000001E-009  1.018116512816809E-010
  6.024000000000001E-009  1.016562604857328E-010
  6.027000000000001E-009  1.015011051837845E-010
  6.030000000000001E-009  1.013461869778362E-010
  6.033000000000001E-009  1.011915042658878E-010
  6.036000000000001E-009  1.010370586499393E-010
  6.039000000000001E-009  1.008828469259906E-010
  6.042000000000001E-009  1.008828469251116E-010
  6.045000000000001E-009  1.007288690931637E-010
  6.048000000000001E-009  1.005751267552157E-010
  6.051000000000001E-009  1.004216183092676E-010
  6.054000000000001E-009  1.002683437553194E-010
  6.057000000000001E-009  1.001153014913712E-010
  6.060000000000001E-009  9.996249311942279E-011
  6.063000000000001E-009  9.980991703747428E-011
  6.066000000000001E-009  9.965757484752570E-011
  6.069000000000001E-009  9.950546334557702E-011
  6.072000000000001E-009  9.935358253162820E-011
  6.075000000000001E-009  9.920193400767933E-011
  6.078000000000001E-009  9.905051617173034E-011
  6.081000000000001E-009  9.889932902378126E-011
  6.084000000000001E-009  9.874837256383205E-011
  6.087000000000001E-009  9.859764518988277E-011
  6.090000000000001E-009  9.844714690193338E-011
  6.093000000000001E-009  9.829687930198389E-011
  6.096000000000001E-009  9.829687930111967E-011
  6.099000000000001E-009  9.814683918517089E-011
  6.102000000000001E-009  9.799702815522206E-011
  6.105000000000001E-009  9.784744460927309E-011
  6.108000000000001E-009  9.769808854732408E-011
  6.111000000000001E-009  9.754896157137493E-011
  6.114000000000001E-009  9.740006047742566E-011
  6.117000000000001E-009  9.725138526547632E-011
  6.120000000000001E-009  9.710293753752688E-011
  6.123000000000001E-009  9.695471569157731E-011
  6.126000000000001E-009  9.680671972762768E-011
  6.129000000000001E-009  9.665894964567794E-011
  6.132000000000001E-009  9.651140384372809E-011
  6.135000000000001E-009  9.636408232177815E-011
  6.138000000000001E-009  9.621698507982810E-011
  6.141000000000001E-009  9.607011211787795E-011
  6.144000000000001E-009  9.592346343592772E-011
  6.147000000000001E-009  9.577703743197737E-011
  6.150000000000001E-009  9.577703743112781E-011
  6.153000000000001E-009  9.563083410517820E-011
  6.156000000000001E-009  9.548485345722847E-011
  6.159000000000001E-009  9.533909548727869E-011
  6.162000000000001E-009  9.519356019532878E-011
  6.165000000000001E-009  9.504824597937876E-011
  6.168000000000001E-009  9.490315123742868E-011
  6.171000000000001E-009  9.475827917347848E-011
  6.174000000000001E-009  9.461362818552819E-011
  6.177000000000001E-009  9.446919667157779E-011
  6.180000000000001E-009  9.432498463162728E-011
  6.183000000000001E-009  9.418099206567670E-011
  6.186000000000001E-009  9.403722057572602E-011
  6.189000000000001E-009  9.389366535577522E-011
  6.192000000000001E-009  9.375033121182435E-011
  6.195000000000001E-009  9.360721333787335E-011
  6.198000000000001E-009  9.346431493792228E-011
  6.201000000000001E-009  9.332163280797108E-011
  6.204000000000001E-009  9.332163280713598E-011
  6.207000000000001E-009  9.317916854918552E-011
  6.210000000000002E-009  9.303692216323497E-011
  6.213000000000001E-009  9.289489204728431E-011
  6.216000000000001E-009  9.275307659933357E-011
  6.219000000000001E-009  9.261147902338274E-011
  6.222000000000001E-009  9.247009611543177E-011
  6.225000000000001E-009  9.232892787548075E-011
  6.228000000000001E-009  9.218797590552962E-011
  6.231000000000001E-009  9.204723700157837E-011
  6.234000000000001E-009  9.190671436762706E-011
  6.237000000000002E-009  9.176640479967562E-011
  6.240000000000001E-009  9.162630829772411E-011
  6.243000000000001E-009  9.148642486177248E-011
  6.246000000000001E-009  9.134675609382075E-011
  6.249000000000001E-009  9.120729878986894E-011
  6.252000000000001E-009  9.106805455191705E-011
  6.255000000000001E-009  9.092902177796505E-011
  6.258000000000001E-009  9.092902177714417E-011
  6.261000000000001E-009  9.079020046719292E-011
  6.264000000000002E-009  9.065159222324149E-011
  6.267000000000001E-009  9.051319223929005E-011
  6.270000000000001E-009  9.037500532133847E-011
  6.273000000000001E-009  9.023702826538677E-011
  6.276000000000001E-009  9.009926107143502E-011
  6.279000000000001E-009  8.996170373948314E-011
  6.282000000000001E-009  8.982435626953115E-011
  6.285000000000001E-009  8.968721705957912E-011
  6.288000000000001E-009  8.955028771162697E-011
  6.291000000000002E-009  8.941356662367470E-011
  6.294000000000001E-009  8.927705219372236E-011
  6.297000000000001E-009  8.914074762576993E-011
  6.300000000000001E-009  8.900464971581738E-011
  6.303000000000001E-009  8.886876006586474E-011
  6.306000000000001E-009  8.873307547191202E-011
  6.309000000000001E-009  8.859759913795920E-011
  6.312000000000001E-009  8.859759913715245E-011
  6.315000000000001E-009  8.846232785920032E-011
  6.318000000000002E-009  8.832726484124812E-011
  6.321000000000001E-009  8.819240527729583E-011
  6.324000000000001E-009  8.805775237134339E-011
  6.327000000000001E-009  8.792330291939092E-011
  6.330000000000001E-009  8.778906012543831E-011
  6.333000000000001E-009  8.765502078548564E-011
  6.336000000000001E-009  8.752118489953286E-011
  6.339000000000001E-009  8.738755406957997E-011
  6.342000000000001E-009  8.725412669362699E-011
  6.345000000000002E-009  8.712090116967394E-011
  6.348000000000001E-009  8.698787909972078E-011
  6.351000000000001E-009  8.685506048376752E-011
  6.354000000000001E-009  8.672244371981417E-011
  6.357000000000001E-009  8.659002880786073E-011
  6.360000000000001E-009  8.645781574790721E-011
  6.363000000000001E-009  8.632580293795356E-011
  6.366000000000001E-009  8.619399197999985E-011
  6.369000000000001E-009  8.619399197920783E-011
  6.372000000000002E-009  8.606238287325480E-011
  6.375000000000001E-009  8.593097241530164E-011
  6.378000000000001E-009  8.579976220734845E-011
  6.381000000000001E-009  8.566875385139512E-011
  6.384000000000001E-009  8.553794254144174E-011
  6.387000000000001E-009  8.540733148148825E-011
  6.390000000000001E-009  8.527691906953464E-011
  6.393000000000001E-009  8.514670530558095E-011
  6.396000000000001E-009  8.501669018962718E-011
  6.399000000000001E-009  8.488687372167331E-011
  6.402000000000001E-009  8.475725429971936E-011
  6.405000000000001E-009  8.462783192376529E-011
  6.408000000000001E-009  8.449860659381115E-011
  6.411000000000001E-009  8.436957830985691E-011
  6.414000000000001E-009  8.424074707190258E-011
  6.417000000000001E-009  8.411211127794815E-011
  6.420000000000001E-009  8.398367252999362E-011
  6.423000000000001E-009  8.398367252921528E-011
  6.426000000000001E-009  8.385542762326150E-011
  6.429000000000001E-009  8.372737976330756E-011
  6.432000000000001E-009  8.359952574535353E-011
  6.435000000000001E-009  8.347186717139943E-011
  6.438000000000001E-009  8.334440243944523E-011
  6.441000000000001E-009  8.321713154949093E-011
  6.444000000000001E-009  8.309005450153656E-011
  6.447000000000001E-009  8.296317289758206E-011
  6.450000000000002E-009  8.283648193162749E-011
  6.453000000000001E-009  8.270998640967284E-011
  6.456000000000001E-009  8.258368152571808E-011
  6.459000000000001E-009  8.245757048376324E-011
  6.462000000000001E-009  8.233165007980830E-011
  6.465000000000001E-009  8.220592191585326E-011
  6.468000000000001E-009  8.208038599189816E-011
  6.471000000000001E-009  8.195504070594293E-011
  6.474000000000001E-009  8.182988605798764E-011
  6.477000000000002E-009  8.182988605722286E-011
  6.480000000000001E-009  8.170492204726824E-011
  6.483000000000001E-009  8.158014867531351E-011
  6.486000000000001E-009  8.145556594135872E-011
  6.489000000000001E-009  8.133117224340381E-011
  6.492000000000001E-009  8.120696758144880E-011
  6.495000000000001E-009  8.108295195549373E-011
  6.498000000000001E-009  8.095912696753855E-011
  6.501000000000001E-009  8.083548941358330E-011
  6.504000000000002E-009  8.071203929362795E-011
  6.507000000000001E-009  8.058877820967248E-011
  6.510000000000001E-009  8.046570455971697E-011
  6.513000000000001E-009  8.034281834376134E-011
  6.516000000000001E-009  8.022011956180563E-011
  6.519000000000001E-009  8.009760821384982E-011
  6.522000000000001E-009  7.997528269789391E-011
  6.525000000000001E-009  7.985314301393793E-011
  6.528000000000001E-009  7.973119076398185E-011
  6.531000000000002E-009  7.973119076323043E-011
  6.534000000000001E-009  7.960942274327502E-011
  6.537000000000001E-009  7.948784215731953E-011
  6.540000000000001E-009  7.936644419936393E-011
  6.543000000000001E-009  7.924523367540825E-011
  6.546000000000001E-009  7.912420577945250E-011
  6.549000000000001E-009  7.900336371549661E-011
  6.552000000000001E-009  7.888270427954066E-011
  6.555000000000001E-009  7.876222907358464E-011
  6.558000000000002E-009  7.864193809762852E-011
  6.561000000000001E-009  7.852182974967230E-011
  6.564000000000001E-009  7.840190402971598E-011
  6.567000000000001E-009  7.828216253975959E-011
  6.570000000000001E-009  7.816260207580311E-011
  6.573000000000001E-009  7.804322423984653E-011
  6.576000000000001E-009  7.792402742988987E-011
  6.579000000000001E-009  7.780501324793312E-011
  6.582000000000001E-009  7.768618009197628E-011
  6.585000000000002E-009  7.768618009123799E-011
  6.588000000000001E-009  7.756752635928184E-011
  6.591000000000001E-009  7.744905525532555E-011
  6.594000000000001E-009  7.733076357536923E-011
  6.597000000000001E-009  7.721265292141277E-011
  6.600000000000001E-009  7.709472169145622E-011
  6.603000000000001E-009  7.697696988549960E-011
  6.606000000000001E-009  7.685939750354288E-011
  6.609000000000001E-009  7.674200454558608E-011
  6.612000000000002E-009  7.662479101162920E-011
  6.615000000000001E-009  7.650775529967220E-011
  6.618000000000001E-009  7.639089740971516E-011
  6.621000000000001E-009  7.627421734175800E-011
  6.624000000000001E-009  7.615771669780076E-011
  6.627000000000001E-009  7.604139227384342E-011
  6.630000000000001E-009  7.592524406988601E-011
  6.633000000000001E-009  7.580927528992849E-011
  6.636000000000001E-009  7.569348112797091E-011
  6.639000000000002E-009  7.569348112724566E-011
  6.642000000000001E-009  7.557786318528869E-011
  6.645000000000001E-009  7.546242306533168E-011
  6.648000000000001E-009  7.534715756337455E-011
  6.651000000000001E-009  7.523206828141733E-011
  6.654000000000001E-009  7.511715361746006E-011
  6.657000000000001E-009  7.500241517350265E-011
  6.660000000000001E-009  7.488784974554521E-011
  6.663000000000001E-009  7.477346053758765E-011
  6.666000000000002E-009  7.465924434562999E-011
  6.669000000000001E-009  7.454520277167227E-011
  6.672000000000001E-009  7.443133421371446E-011
  6.675000000000001E-009  7.431764027375654E-011
  6.678000000000001E-009  7.420411934979856E-011
  6.681000000000001E-009  7.409076983984047E-011
  6.684000000000001E-009  7.397759494788232E-011
  6.687000000000001E-009  7.386459146992407E-011
  6.690000000000002E-009  7.375175940596573E-011
  6.693000000000002E-009  7.375175940525326E-011
  6.696000000000001E-009  7.363910035729560E-011
  6.699000000000001E-009  7.352661272333779E-011
  6.702000000000001E-009  7.341429650337994E-011
  6.705000000000001E-009  7.330215169742199E-011
  6.708000000000001E-009  7.319017670346392E-011
  6.711000000000001E-009  7.307837312350581E-011
  6.714000000000001E-009  7.296673935554759E-011
  6.717000000000002E-009  7.285527539958928E-011
  6.720000000000002E-009  7.274398125563092E-011
  6.723000000000001E-009  7.263285692367244E-011
  6.726000000000001E-009  7.252190240371388E-011
  6.729000000000001E-009  7.241111609375525E-011
  6.732000000000001E-009  7.230049959579652E-011
  6.735000000000001E-009  7.219005130783772E-011
  6.738000000000001E-009  7.207977122987881E-011
  6.741000000000001E-009  7.196965775991982E-011
  6.744000000000002E-009  7.185971410196075E-011
  6.747000000000002E-009  7.185971410126094E-011
  6.750000000000001E-009  7.174993705130248E-011
  6.753000000000001E-009  7.164032660934399E-011
  6.756000000000001E-009  7.153088437738538E-011
  6.759000000000001E-009  7.142160715142667E-011
  6.762000000000001E-009  7.131249813546789E-011
  6.765000000000001E-009  7.120355412550905E-011
  6.768000000000001E-009  7.109477672355007E-011
  6.771000000000002E-009  7.098616432759105E-011
  6.774000000000002E-009  7.087771853963193E-011
  6.777000000000001E-009  7.076943775767273E-011
  6.780000000000001E-009  7.066132037971345E-011
  6.783000000000001E-009  7.055336960975407E-011
  6.786000000000001E-009  7.044558224379461E-011
  6.789000000000001E-009  7.033795988383508E-011
  6.792000000000001E-009  7.023050092787546E-011
  6.795000000000001E-009  7.012320537591577E-011
  6.798000000000002E-009  7.001607322795597E-011
  6.801000000000002E-009  6.990910608599608E-011
  6.804000000000001E-009  6.990910608530942E-011
  6.807000000000001E-009  6.980229914335019E-011
  6.810000000000001E-009  6.969565720739082E-011
  6.813000000000001E-009  6.958917707343142E-011
  6.816000000000001E-009  6.948285874147190E-011
  6.819000000000001E-009  6.937670221151232E-011
  6.822000000000001E-009  6.927070748355266E-011
  6.825000000000002E-009  6.916487455759288E-011
  6.828000000000002E-009  6.905920343363305E-011
  6.831000000000001E-009  6.895369250967313E-011
  6.834000000000001E-009  6.884834178571312E-011
  6.837000000000001E-009  6.874315286375304E-011
  6.840000000000001E-009  6.863812414179287E-011
  6.843000000000001E-009  6.853325401783262E-011
  6.846000000000001E-009  6.842854569587228E-011
  6.849000000000001E-009  6.832399436991186E-011
  6.852000000000002E-009  6.821960484595136E-011
  6.855000000000001E-009  6.811537231799078E-011
  6.858000000000001E-009  6.811537231731639E-011
  6.861000000000001E-009  6.801129998935639E-011
  6.864000000000001E-009  6.790738625939636E-011
  6.867000000000001E-009  6.780362952543620E-011
  6.870000000000001E-009  6.770003138947600E-011
  6.873000000000001E-009  6.759659185151570E-011
  6.876000000000001E-009  6.749330930955528E-011
  6.879000000000002E-009  6.739018376359485E-011
  6.882000000000001E-009  6.728721681563426E-011
  6.885000000000001E-009  6.718440526167366E-011
  6.888000000000001E-009  6.708175070371295E-011
  6.891000000000001E-009  6.697925314175213E-011
  6.894000000000001E-009  6.687691097379127E-011
  6.897000000000001E-009  6.677472580183031E-011
  6.900000000000001E-009  6.667269442186925E-011
  6.903000000000001E-009  6.657082003790815E-011
  6.906000000000002E-009  6.646910104794693E-011
  6.909000000000001E-009  6.636753584998566E-011
  6.912000000000001E-009  6.636753584932336E-011
  6.915000000000001E-009  6.626612604536266E-011
  6.918000000000001E-009  6.616487003340189E-011
  6.921000000000001E-009  6.606376941544107E-011
  6.924000000000001E-009  6.596282258948013E-011
  6.927000000000001E-009  6.586202955551910E-011
  6.930000000000002E-009  6.576138871155803E-011
  6.933000000000002E-009  6.566090326159686E-011
  6.936000000000001E-009  6.556057000163559E-011
  6.939000000000001E-009  6.546038893167427E-011
  6.942000000000001E-009  6.536036165371285E-011
  6.945000000000001E-009  6.526048656575137E-011
  6.948000000000001E-009  6.516076366778979E-011
  6.951000000000001E-009  6.506119135782812E-011
  6.954000000000001E-009  6.496177283986640E-011
  6.957000000000002E-009  6.486250490990460E-011
  6.960000000000002E-009  6.476338756794269E-011
  6.963000000000001E-009  6.466442241598071E-011
  6.966000000000001E-009  6.466442241533031E-011
  6.969000000000001E-009  6.456560624936892E-011
  6.972000000000001E-009  6.446694227340748E-011
  6.975000000000001E-009  6.436842888544591E-011
  6.978000000000001E-009  6.427006448348433E-011
  6.981000000000001E-009  6.417185066952262E-011
  6.984000000000002E-009  6.407378584156082E-011
  6.987000000000002E-009  6.397587160159896E-011
  6.990000000000001E-009  6.387810474563703E-011
  6.993000000000001E-009  6.378048847767500E-011
  6.996000000000001E-009  6.368301959371292E-011
  6.999000000000001E-009  6.358570129775071E-011
  7.002000000000001E-009  6.348852878378845E-011
  7.005000000000001E-009  6.339150525582613E-011
  7.008000000000001E-009  6.329463071386370E-011
  7.011000000000002E-009  6.319790195390119E-011
  7.014000000000002E-009  6.310132217993862E-011
  7.017000000000001E-009  6.300488818797596E-011
  7.020000000000001E-009  6.300488818733730E-011
  7.023000000000001E-009  6.290860318137524E-011
  7.026000000000001E-009  6.281246235541308E-011
  7.029000000000001E-009  6.271647051545085E-011
  7.032000000000001E-009  6.262062285548855E-011
  7.035000000000001E-009  6.252492257952615E-011
  7.038000000000002E-009  6.242936648356371E-011
  7.041000000000002E-009  6.233395777160113E-011
  7.044000000000001E-009  6.223869323963853E-011
  7.047000000000001E-009  6.214357448967583E-011
  7.050000000000001E-009  6.204860152171303E-011
  7.053000000000001E-009  6.195377273375018E-011
  7.056000000000001E-009  6.185908652378724E-011
  7.059000000000001E-009  6.176454769782422E-011
  7.062000000000001E-009  6.167014984786114E-011
  7.065000000000002E-009  6.157589777989797E-011
  7.068000000000002E-009  6.148178989193472E-011
  7.071000000000001E-009  6.138782297997140E-011
  7.074000000000001E-009  6.138782297934430E-011
  7.077000000000001E-009  6.129400184938152E-011
  7.080000000000001E-009  6.120032169541872E-011
  7.083000000000001E-009  6.110678572145581E-011
  7.086000000000001E-009  6.101339072349281E-011
  7.089000000000001E-009  6.092013990552976E-011
  7.092000000000002E-009  6.082703006356661E-011
  7.095000000000002E-009  6.073406279960341E-011
  7.098000000000001E-009  6.064123651164012E-011
  7.101000000000001E-009  6.054855119967673E-011
  7.104000000000001E-009  6.045600846571330E-011
  7.107000000000001E-009  6.036360670774977E-011
  7.110000000000001E-009  6.027134432378617E-011
  7.113000000000001E-009  6.017922291582249E-011
  7.116000000000001E-009  6.008724248385871E-011
  7.119000000000002E-009  5.999540302789490E-011
  7.122000000000002E-009  5.990370134393098E-011
  7.125000000000001E-009  5.981214063596699E-011
  7.128000000000001E-009  5.981214063535128E-011
  7.131000000000001E-009  5.972072090338787E-011
  7.134000000000001E-009  5.962943894342435E-011
  7.137000000000001E-009  5.953829475546080E-011
  7.140000000000001E-009  5.944729154349715E-011
  7.143000000000001E-009  5.935642610353341E-011
  7.146000000000002E-009  5.926570003756962E-011
  7.149000000000002E-009  5.917511174360575E-011
  7.152000000000001E-009  5.908466122164177E-011
  7.155000000000001E-009  5.899434847167776E-011
  7.158000000000001E-009  5.890417349371364E-011
  7.161000000000001E-009  5.881413628774946E-011
  7.164000000000001E-009  5.872423525178521E-011
  7.167000000000001E-009  5.863447198782087E-011
  7.170000000000002E-009  5.854484489385645E-011
  7.173000000000002E-009  5.845535557189197E-011
  7.176000000000002E-009  5.836600241992741E-011
  7.179000000000001E-009  5.827678543796276E-011
  7.182000000000001E-009  5.818770302399806E-011
  7.185000000000001E-009  5.818770302339419E-011
  7.188000000000001E-009  5.809875838143005E-011
  7.191000000000001E-009  5.800994830746582E-011
  7.194000000000001E-009  5.792127280150150E-011
  7.197000000000002E-009  5.783273346553713E-011
  7.200000000000002E-009  5.774432869757268E-011
  7.203000000000002E-009  5.765605849760813E-011
  7.206000000000001E-009  5.756792286564353E-011
  7.209000000000001E-009  5.747992180167885E-011
  7.212000000000001E-009  5.739205530571409E-011
  7.215000000000001E-009  5.730432177574927E-011
  7.218000000000001E-009  5.721672281378435E-011
  7.221000000000001E-009  5.712925681781938E-011
  7.224000000000002E-009  5.704192378785432E-011
  7.227000000000002E-009  5.695472372388919E-011
  7.230000000000002E-009  5.686765822792399E-011
  7.233000000000001E-009  5.678072409595872E-011
  7.236000000000001E-009  5.669392292999337E-011
  7.239000000000001E-009  5.669392292940054E-011
  7.242000000000001E-009  5.660725312743575E-011
  7.245000000000001E-009  5.652071629147084E-011
  7.248000000000001E-009  5.643431081950592E-011
  7.251000000000002E-009  5.634803831354088E-011
  7.254000000000002E-009  5.626189556957578E-011
  7.257000000000002E-009  5.617588418961061E-011
  7.260000000000001E-009  5.609000577564535E-011
  7.263000000000001E-009  5.600425712368003E-011
  7.266000000000001E-009  5.591863823371466E-011
  7.269000000000001E-009  5.583315070774917E-011
  7.272000000000001E-009  5.574779294378364E-011
  7.275000000000001E-009  5.566256654381801E-011
  7.278000000000002E-009  5.557746830385232E-011
  7.281000000000002E-009  5.549250142788656E-011
  7.284000000000002E-009  5.540766271192073E-011
  7.287000000000001E-009  5.532295535995481E-011
  7.290000000000001E-009  5.523837456598883E-011
  7.293000000000001E-009  5.523837456540689E-011
  7.296000000000001E-009  5.515392353344144E-011
  7.299000000000001E-009  5.506960226347593E-011
  7.302000000000001E-009  5.498540915351033E-011
  7.305000000000002E-009  5.490134260154469E-011
  7.308000000000002E-009  5.481740581157895E-011
  7.311000000000002E-009  5.473359718161312E-011
  7.314000000000001E-009  5.464991510964726E-011
  7.317000000000001E-009  5.456636119768131E-011
  7.320000000000001E-009  5.448293544571528E-011
  7.323000000000001E-009  5.439963625174919E-011
  7.326000000000001E-009  5.431646361578301E-011
  7.329000000000001E-009  5.423341753781677E-011
  7.332000000000002E-009  5.415049801785046E-011
  7.335000000000002E-009  5.406770665788407E-011
  7.338000000000001E-009  5.398503865191761E-011
  7.341000000000001E-009  5.390249880595108E-011
  7.344000000000001E-009  5.382008391598447E-011
  7.347000000000001E-009  5.382008391541323E-011
  7.350000000000001E-009  5.373779558344717E-011
  7.353000000000001E-009  5.365563060548100E-011
  7.356000000000001E-009  5.357359218551482E-011
  7.359000000000002E-009  5.349168032354853E-011
  7.362000000000002E-009  5.340989181558215E-011
  7.365000000000001E-009  5.332822666161574E-011
  7.368000000000001E-009  5.324668806564922E-011
  7.371000000000001E-009  5.316527282368265E-011
  7.374000000000001E-009  5.308398093571602E-011
  7.377000000000001E-009  5.300281400374929E-011
  7.380000000000001E-009  5.292177042578251E-011
  7.383000000000001E-009  5.284085180381565E-011
  7.386000000000002E-009  5.276005493384871E-011
  7.389000000000002E-009  5.267938141788172E-011
  7.392000000000001E-009  5.259883125591465E-011
  7.395000000000001E-009  5.251840284594750E-011
  7.398000000000001E-009  5.243809778998029E-011
  7.401000000000001E-009  5.243809778941959E-011
  7.404000000000001E-009  5.235791608745287E-011
  7.407000000000001E-009  5.227785453548614E-011
  7.410000000000002E-009  5.219791633751928E-011
  7.413000000000002E-009  5.211809989155239E-011
  7.416000000000002E-009  5.203840519758543E-011
  7.419000000000001E-009  5.195883225561837E-011
  7.422000000000001E-009  5.187937946365126E-011
  7.425000000000001E-009  5.180004842368408E-011
  7.428000000000001E-009  5.172083913571681E-011
  7.431000000000001E-009  5.164174999774950E-011
  7.434000000000001E-009  5.156278100978209E-011
  7.437000000000002E-009  5.148393217181464E-011
  7.440000000000002E-009  5.140520508584711E-011
  7.443000000000002E-009  5.132659654787949E-011
  7.446000000000001E-009  5.124810815991181E-011
  7.449000000000001E-009  5.116973831994408E-011
  7.452000000000001E-009  5.109149023197626E-011
  7.455000000000001E-009  5.109149023142590E-011
  7.458000000000001E-009  5.101335908945862E-011
  7.461000000000001E-009  5.093534809749125E-011
  7.464000000000002E-009  5.085745725552381E-011
  7.467000000000002E-009  5.077968335955631E-011
  7.470000000000002E-009  5.070202961358872E-011
  7.473000000000002E-009  5.062449281362108E-011
  7.476000000000002E-009  5.054707456165337E-011
  7.479000000000002E-009  5.046977485768556E-011
  7.482000000000002E-009  5.039259209971772E-011
  7.485000000000002E-009  5.031552788974979E-011
  7.488000000000001E-009  5.023858062578179E-011
  7.491000000000001E-009  5.016175030781375E-011
  7.494000000000001E-009  5.008503853784559E-011
  7.497000000000001E-009  5.000844211187741E-011
  7.500000000000001E-009  4.993196263190914E-011
  7.503000000000001E-009  4.985560009794079E-011
  7.506000000000001E-009  4.977935450997239E-011
  7.509000000000001E-009  4.977935450943226E-011
  7.512000000000001E-009  4.970322426546435E-011
  7.515000000000001E-009  4.962721096749639E-011
  7.518000000000002E-009  4.955131301352835E-011
  7.521000000000002E-009  4.947553040356024E-011
  7.524000000000002E-009  4.939986473959207E-011
  7.527000000000002E-009  4.932431281762383E-011
  7.530000000000002E-009  4.924887784165552E-011
  7.533000000000002E-009  4.917355660768714E-011
  7.536000000000002E-009  4.909834911571868E-011
  7.539000000000002E-009  4.902325856975018E-011
  7.542000000000001E-009  4.894828016378160E-011
  7.545000000000001E-009  4.887341870381294E-011
  7.548000000000001E-009  4.879866938384422E-011
  7.551000000000001E-009  4.872403380587543E-011
  7.554000000000001E-009  4.864951357190658E-011
  7.557000000000001E-009  4.857510547793766E-011
  7.560000000000001E-009  4.850081272796867E-011
  7.563000000000001E-009  4.842663211799961E-011
  7.566000000000001E-009  4.842663211747009E-011
  7.569000000000001E-009  4.835256364750154E-011
  7.572000000000002E-009  4.827860891953291E-011
  7.575000000000002E-009  4.820476793356422E-011
  7.578000000000002E-009  4.813103748559545E-011
  7.581000000000002E-009  4.805742077962664E-011
  7.584000000000002E-009  4.798391621365774E-011
  7.587000000000002E-009  4.791052378768877E-011
  7.590000000000002E-009  4.783724350171974E-011
  7.593000000000001E-009  4.776407375375064E-011
  7.596000000000001E-009  4.769101614578149E-011
  7.599000000000001E-009  4.761807067781226E-011
  7.602000000000001E-009  4.754523574784295E-011
  7.605000000000001E-009  4.747251135587359E-011
  7.608000000000001E-009  4.739989750190416E-011
  7.611000000000001E-009  4.732739578793466E-011
  7.614000000000001E-009  4.725500461196510E-011
  7.617000000000001E-009  4.718272237199547E-011
  7.620000000000001E-009  4.718272237147582E-011
  7.623000000000001E-009  4.711055066950669E-011
  7.626000000000002E-009  4.703848950553749E-011
  7.629000000000002E-009  4.696653887956821E-011
  7.632000000000002E-009  4.689469718959887E-011
  7.635000000000002E-009  4.682296443562948E-011
  7.638000000000002E-009  4.675134221966000E-011
  7.641000000000002E-009  4.667982893969047E-011
  7.644000000000002E-009  4.660842459572086E-011
  7.647000000000001E-009  4.653712918775119E-011
  7.650000000000001E-009  4.646594111378146E-011
  7.653000000000001E-009  4.639486357781165E-011
  7.656000000000001E-009  4.632389337584180E-011
  7.659000000000001E-009  4.625303210987186E-011
  7.662000000000001E-009  4.618227817790186E-011
  7.665000000000001E-009  4.611163157993180E-011
  7.668000000000001E-009  4.604109391796168E-011
  7.671000000000001E-009  4.597066358999148E-011
  7.674000000000001E-009  4.597066358948156E-011
  7.677000000000002E-009  4.590033899351187E-011
  7.680000000000002E-009  4.583012333354207E-011
  7.683000000000002E-009  4.576001500757224E-011
  7.686000000000002E-009  4.569001241360233E-011
  7.689000000000002E-009  4.562011715363236E-011
  7.692000000000002E-009  4.555032762566233E-011
  7.695000000000002E-009  4.548064543169222E-011
  7.698000000000002E-009  4.541107057172205E-011
  7.701000000000001E-009  4.534159984175183E-011
  7.704000000000001E-009  4.527223484378153E-011
  7.707000000000001E-009  4.520297717981117E-011
  7.710000000000001E-009  4.513382364584074E-011
  7.713000000000001E-009  4.506477744587025E-011
  7.716000000000001E-009  4.499583537589970E-011
  7.719000000000001E-009  4.492699743592908E-011
  7.722000000000001E-009  4.485826682995840E-011
  7.725000000000001E-009  4.478963875198765E-011
  7.728000000000001E-009  4.478963875148730E-011
  7.731000000000002E-009  4.472111640551701E-011
  7.734000000000002E-009  4.465269818954669E-011
  7.737000000000002E-009  4.458438410357627E-011
  7.740000000000002E-009  4.451617414760583E-011
  7.743000000000002E-009  4.444806992363530E-011
  7.746000000000002E-009  4.438006822766468E-011
  7.749000000000002E-009  4.431216905969405E-011
  7.752000000000002E-009  4.424437562372331E-011
  7.755000000000001E-009  4.417668311375253E-011
  7.758000000000001E-009  4.410909633578168E-011
  7.761000000000001E-009  4.404161048381076E-011
  7.764000000000001E-009  4.397422876183979E-011
  7.767000000000001E-009  4.390694956786875E-011
  7.770000000000001E-009  4.383977290189765E-011
  7.773000000000001E-009  4.377269876392649E-011
  7.776000000000001E-009  4.370572715395526E-011
  7.779000000000001E-009  4.363885646998396E-011
  7.782000000000001E-009  4.363885646949304E-011
  7.785000000000002E-009  4.357208991552219E-011
  7.788000000000002E-009  4.350542268555129E-011
  7.791000000000002E-009  4.343885798358036E-011
  7.794000000000002E-009  4.337239580960935E-011
  7.797000000000002E-009  4.330603456163825E-011
  7.800000000000002E-009  4.323977423966712E-011
  7.803000000000002E-009  4.317361484369590E-011
  7.806000000000002E-009  4.310755637372465E-011
  7.809000000000001E-009  4.304159882975332E-011
  7.812000000000001E-009  4.297574060978192E-011
  7.815000000000001E-009  4.290998491781046E-011
  7.818000000000001E-009  4.284432854983894E-011
  7.821000000000001E-009  4.277877150586736E-011
  7.824000000000001E-009  4.271331538789572E-011
  7.827000000000001E-009  4.264795859392402E-011
  7.830000000000001E-009  4.258270272595225E-011
  7.833000000000001E-009  4.251754457998042E-011
  7.836000000000001E-009  4.251754457949874E-011
  7.839000000000002E-009  4.245248735952735E-011
  7.842000000000002E-009  4.238752786155593E-011
  7.845000000000002E-009  4.232266768758444E-011
  7.848000000000002E-009  4.225790683761288E-011
  7.851000000000002E-009  4.219324531164126E-011
  7.854000000000002E-009  4.212868150766958E-011
  7.857000000000002E-009  4.206421702769784E-011
  7.860000000000002E-009  4.199985026972603E-011
  7.863000000000001E-009  4.193558123375416E-011
  7.866000000000001E-009  4.187141152178223E-011
  7.869000000000001E-009  4.180733792981024E-011
  7.872000000000001E-009  4.174336366183819E-011
  7.875000000000001E-009  4.167948551386608E-011
  7.878000000000001E-009  4.161570508789390E-011
  7.881000000000001E-009  4.155202238392167E-011
  7.884000000000001E-009  4.148843740194937E-011
  7.887000000000001E-009  4.142494853997701E-011
  7.890000000000001E-009  4.142494853950443E-011
  7.893000000000002E-009  4.136155739953253E-011
  7.896000000000002E-009  4.129826237956055E-011
  7.899000000000002E-009  4.123506347958853E-011
  7.902000000000002E-009  4.117196069961644E-011
  7.905000000000002E-009  4.110895403964429E-011
  7.908000000000002E-009  4.104604510167208E-011
  7.911000000000002E-009  4.098323068169981E-011
  7.914000000000002E-009  4.092051238172747E-011
  7.917000000000001E-009  4.085789020175508E-011
  7.920000000000001E-009  4.079536253978262E-011
  7.923000000000001E-009  4.073293099781011E-011
  7.926000000000001E-009  4.067059397383754E-011
  7.929000000000001E-009  4.060835306986489E-011
  7.932000000000001E-009  4.054620668389220E-011
  7.935000000000001E-009  4.048415481591944E-011
  7.938000000000001E-009  4.042219746594662E-011
  7.941000000000001E-009  4.036033463397375E-011
  7.944000000000002E-009  4.036033463351013E-011
  7.947000000000002E-009  4.029856631953768E-011
  7.950000000000002E-009  4.023689252356521E-011
  7.953000000000002E-009  4.017531324559265E-011
  7.956000000000002E-009  4.011382688362002E-011
  7.959000000000002E-009  4.005243503964736E-011
  7.962000000000002E-009  3.999113611167461E-011
  7.965000000000002E-009  3.992993009970183E-011
  7.968000000000002E-009  3.986881860572899E-011
  7.971000000000001E-009  3.980780002775606E-011
  7.974000000000001E-009  3.974687436578309E-011
  7.977000000000001E-009  3.968604161981006E-011
  7.980000000000001E-009  3.962530178983697E-011
  7.983000000000001E-009  3.956465487586381E-011
  7.986000000000001E-009  3.950409927589060E-011
  7.989000000000001E-009  3.944363659191733E-011
  7.992000000000001E-009  3.938326682394401E-011
  7.995000000000001E-009  3.932298836997062E-011
  7.998000000000002E-009  3.926280283199717E-011
  8.001000000000002E-009  3.926280283154286E-011
  8.004000000000002E-009  3.920270860756984E-011
  8.007000000000002E-009  3.914270569759676E-011
  8.010000000000002E-009  3.908279410162364E-011
  8.013000000000002E-009  3.902297381965045E-011
  8.016000000000002E-009  3.896324645367720E-011
  8.019000000000002E-009  3.890360879970391E-011
  8.022000000000002E-009  3.884406245973052E-011
  8.025000000000001E-009  3.878460583175711E-011
  8.028000000000001E-009  3.872524051778363E-011
  8.031000000000001E-009  3.866596651781008E-011
  8.034000000000001E-009  3.860678222983650E-011
  8.037000000000001E-009  3.854768925586282E-011
  8.040000000000001E-009  3.848868439188911E-011
  8.043000000000001E-009  3.842977084191534E-011
  8.046000000000001E-009  3.837094700394151E-011
  8.049000000000001E-009  3.831221287796761E-011
  8.052000000000002E-009  3.825356846399366E-011
  8.055000000000002E-009  3.825356846354799E-011
  8.058000000000002E-009  3.819501376157447E-011
  8.061000000000002E-009  3.813654716960091E-011
  8.064000000000002E-009  3.807817189162725E-011
  8.067000000000002E-009  3.801988312165358E-011
  8.070000000000002E-009  3.796168566567982E-011
  8.073000000000002E-009  3.790357471770600E-011
  8.076000000000001E-009  3.784555348173214E-011
  8.079000000000001E-009  3.778762035575821E-011
  8.082000000000001E-009  3.772977694178422E-011
  8.085000000000001E-009  3.767202003581019E-011
  8.088000000000001E-009  3.761435284183609E-011
  8.091000000000001E-009  3.755677215586193E-011
  8.094000000000001E-009  3.749927957988772E-011
  8.097000000000001E-009  3.744187511391344E-011
  8.100000000000001E-009  3.738455875793912E-011
  8.103000000000001E-009  3.732732890996474E-011
  8.106000000000002E-009  3.727018556999030E-011
  8.109000000000002E-009  3.727018556955316E-011
  8.112000000000002E-009  3.721313194157911E-011
  8.115000000000002E-009  3.715616321960502E-011
  8.118000000000002E-009  3.709928100563091E-011
  8.121000000000002E-009  3.704248690165672E-011
  8.124000000000002E-009  3.698577930568246E-011
  8.127000000000002E-009  3.692915821770816E-011
  8.130000000000001E-009  3.687262363773378E-011
  8.133000000000001E-009  3.681617396375937E-011
  8.136000000000001E-009  3.675981239978491E-011
  8.139000000000001E-009  3.670353574181036E-011
  8.142000000000001E-009  3.664734398983577E-011
  8.145000000000001E-009  3.659123874586114E-011
  8.148000000000001E-009  3.653522000988642E-011
  8.151000000000001E-009  3.647928617991167E-011
  8.154000000000001E-009  3.642343725593685E-011
  8.157000000000002E-009  3.636767323796199E-011
  8.160000000000002E-009  3.631199572798706E-011
  8.163000000000002E-009  3.631199572755827E-011
  8.166000000000002E-009  3.625640152158373E-011
  8.169000000000002E-009  3.620089222160920E-011
  8.172000000000002E-009  3.614546942963453E-011
  8.175000000000002E-009  3.609012833965988E-011
  8.178000000000002E-009  3.603487375768514E-011
  8.181000000000002E-009  3.597970247971034E-011
  8.184000000000001E-009  3.592461610773550E-011
  8.187000000000001E-009  3.586961464176059E-011
  8.190000000000001E-009  3.581469487778562E-011
  8.193000000000001E-009  3.575986001981061E-011
  8.196000000000001E-009  3.570510846583554E-011
  8.199000000000001E-009  3.565044181786042E-011
  8.202000000000001E-009  3.559585687188523E-011
  8.205000000000001E-009  3.554135522990999E-011
  8.208000000000001E-009  3.548693849393470E-011
  8.211000000000002E-009  3.543260345995935E-011
  8.214000000000002E-009  3.537835012798395E-011
  8.217000000000002E-009  3.537835012756338E-011
  8.220000000000002E-009  3.532418170158839E-011
  8.223000000000002E-009  3.527009497761331E-011
  8.226000000000002E-009  3.521608995563823E-011
  8.229000000000002E-009  3.516216823766307E-011
  8.232000000000002E-009  3.510832982368783E-011
  8.235000000000002E-009  3.505457150971257E-011
  8.238000000000001E-009  3.500089649973723E-011
  8.241000000000001E-009  3.494730319176186E-011
  8.244000000000001E-009  3.489379158578643E-011
  8.247000000000001E-009  3.484036168181093E-011
  8.250000000000001E-009  3.478701347983538E-011
  8.253000000000001E-009  3.473374537785978E-011
  8.256000000000001E-009  3.468056057988412E-011
  8.259000000000001E-009  3.462745427990842E-011
  8.262000000000001E-009  3.457443128393266E-011
  8.265000000000002E-009  3.452148838795683E-011
  8.268000000000002E-009  3.446862559198096E-011
  8.271000000000002E-009  3.446862559156849E-011
  8.274000000000002E-009  3.441584449759300E-011
  8.277000000000002E-009  3.436314350361748E-011
  8.280000000000002E-009  3.431052260964191E-011
  8.283000000000002E-009  3.425798341766626E-011
  8.286000000000002E-009  3.420552272369058E-011
  8.289000000000002E-009  3.415314373171482E-011
  8.292000000000001E-009  3.410084323773903E-011
  8.295000000000001E-009  3.404862284376319E-011
  8.298000000000001E-009  3.399648254978727E-011
  8.301000000000001E-009  3.394442075381131E-011
  8.304000000000001E-009  3.389243905783530E-011
  8.307000000000001E-009  3.384053585985923E-011
  8.310000000000001E-009  3.378871276188312E-011
  8.313000000000001E-009  3.373696976390694E-011
  8.316000000000001E-009  3.368530366193071E-011
  8.319000000000002E-009  3.363371765995444E-011
  8.322000000000002E-009  3.358221015597810E-011
  8.325000000000002E-009  3.358221015557356E-011
  8.328000000000002E-009  3.353078114959763E-011
  8.331000000000002E-009  3.347943064162162E-011
  8.334000000000002E-009  3.342815863164558E-011
  8.337000000000002E-009  3.337696351766949E-011
  8.340000000000002E-009  3.332584850369332E-011
  8.343000000000002E-009  3.327481038571711E-011
  8.346000000000001E-009  3.322384916374088E-011
  8.349000000000001E-009  3.317296804176454E-011
  8.352000000000001E-009  3.312216221378818E-011
  8.355000000000001E-009  3.307143488381176E-011
  8.358000000000001E-009  3.302078605183529E-011
  8.361000000000001E-009  3.297021251385877E-011
  8.364000000000001E-009  3.291971747388219E-011
  8.367000000000001E-009  3.286929932990556E-011
  8.370000000000001E-009  3.281895808192888E-011
  8.373000000000002E-009  3.276869372995214E-011
  8.376000000000002E-009  3.271850627397535E-011
  8.379000000000002E-009  3.266839411199852E-011
  8.382000000000002E-009  3.266839411160222E-011
  8.385000000000002E-009  3.261835884562578E-011
  8.388000000000002E-009  3.256840047564928E-011
  8.391000000000002E-009  3.251851900167271E-011
  8.394000000000002E-009  3.246871282169610E-011
  8.397000000000002E-009  3.241898193571944E-011
  8.400000000000001E-009  3.236932794574273E-011
  8.403000000000001E-009  3.231974924976597E-011
  8.406000000000001E-009  3.227024744978913E-011
  8.409000000000001E-009  3.222081934181227E-011
  8.412000000000001E-009  3.217146812983535E-011
  8.415000000000001E-009  3.212219060985837E-011
  8.418000000000001E-009  3.207298998588135E-011
  8.421000000000001E-009  3.202386305390427E-011
  8.424000000000002E-009  3.197481141592714E-011
  8.427000000000002E-009  3.192583507194996E-011
  8.430000000000002E-009  3.187693402197272E-011
  8.433000000000002E-009  3.182810666399544E-011
  8.436000000000002E-009  3.182810666360682E-011
  8.439000000000002E-009  3.177935299762993E-011
  8.442000000000002E-009  3.173067462565297E-011
  8.445000000000002E-009  3.168207154767595E-011
  8.448000000000002E-009  3.163354055969889E-011
  8.451000000000002E-009  3.158508486572179E-011
  8.454000000000001E-009  3.153670286374464E-011
  8.457000000000001E-009  3.148839615576741E-011
  8.460000000000001E-009  3.144016153779015E-011
  8.463000000000001E-009  3.139200061181284E-011
  8.466000000000001E-009  3.134391337783547E-011
  8.469000000000001E-009  3.129589983585805E-011
  8.472000000000001E-009  3.124795838388058E-011
  8.475000000000001E-009  3.120009062390307E-011
  8.478000000000002E-009  3.115229655592550E-011
  8.481000000000002E-009  3.110457457794787E-011
  8.484000000000002E-009  3.105692629197021E-011
  8.487000000000002E-009  3.100935009599249E-011
  8.490000000000002E-009  3.100935009561141E-011
  8.493000000000002E-009  3.096184759163407E-011
  8.496000000000002E-009  3.091441717765667E-011
  8.499000000000002E-009  3.086705885367921E-011
  8.502000000000002E-009  3.081977261970172E-011
  8.505000000000002E-009  3.077255847572417E-011
  8.508000000000001E-009  3.072541642174656E-011
  8.511000000000001E-009  3.067834645776890E-011
  8.514000000000001E-009  3.063134698179121E-011
  8.517000000000001E-009  3.058442119781346E-011
  8.520000000000001E-009  3.053756590183566E-011
  8.523000000000001E-009  3.049078269585781E-011
  8.526000000000001E-009  3.044407157987990E-011
  8.529000000000001E-009  3.039742934990196E-011
  8.532000000000002E-009  3.035086081192395E-011
  8.535000000000002E-009  3.030436276194590E-011
  8.538000000000002E-009  3.025793519996780E-011
  8.541000000000002E-009  3.021157812598965E-011
  8.544000000000002E-009  3.021157812561598E-011
  8.547000000000002E-009  3.016529153963821E-011
  8.550000000000002E-009  3.011907704366034E-011
  8.553000000000002E-009  3.007293143368249E-011
  8.556000000000002E-009  3.002685791370454E-011
  8.559000000000001E-009  2.998085327972655E-011
  8.562000000000001E-009  2.993491913374854E-011
  8.565000000000001E-009  2.988905547577045E-011
  8.568000000000001E-009  2.984326230579232E-011
  8.571000000000001E-009  2.979753802181415E-011
  8.574000000000001E-009  2.975188422583590E-011
  8.577000000000001E-009  2.970629931585763E-011
  8.580000000000001E-009  2.966078489387930E-011
  8.583000000000001E-009  2.961533935790092E-011
  8.586000000000002E-009  2.956996430992250E-011
  8.589000000000002E-009  2.952465654594402E-011
  8.592000000000002E-009  2.947941926996549E-011
  8.595000000000002E-009  2.943425087998692E-011
  8.598000000000002E-009  2.943425087962054E-011
  8.601000000000002E-009  2.938915137564232E-011
  8.604000000000002E-009  2.934412075766407E-011
  8.607000000000002E-009  2.929915902568574E-011
  8.610000000000002E-009  2.925426457770739E-011
  8.613000000000001E-009  2.920944061772899E-011
  8.616000000000001E-009  2.916468394175052E-011
  8.619000000000001E-009  2.911999454977203E-011
  8.622000000000001E-009  2.907537564579347E-011
  8.625000000000001E-009  2.903082402581486E-011
  8.628000000000001E-009  2.898633968983621E-011
  8.631000000000001E-009  2.894192263785751E-011
  8.634000000000001E-009  2.889757447187877E-011
  8.637000000000002E-009  2.885329519189997E-011
  8.640000000000002E-009  2.880908159392113E-011
  8.643000000000002E-009  2.876493527994224E-011
  8.646000000000002E-009  2.872085785196330E-011
  8.649000000000002E-009  2.867684770798431E-011
  8.652000000000002E-009  2.867684770762506E-011
  8.655000000000002E-009  2.863290324564644E-011
  8.658000000000002E-009  2.858902606766776E-011
  8.661000000000002E-009  2.854521777568903E-011
  8.664000000000002E-009  2.850147516571025E-011
  8.667000000000001E-009  2.845779823773142E-011
  8.670000000000001E-009  2.841418859375256E-011
  8.673000000000001E-009  2.837064623377363E-011
  8.676000000000001E-009  2.832716955579466E-011
  8.679000000000001E-009  2.828376016181565E-011
  8.682000000000001E-009  2.824041644983657E-011
  8.685000000000001E-009  2.819713841985747E-011
  8.688000000000001E-009  2.815392767387831E-011
  8.691000000000002E-009  2.811078100789910E-011
  8.694000000000002E-009  2.806770162591985E-011
  8.697000000000002E-009  2.802468792594055E-011
  8.700000000000002E-009  2.798173990796120E-011
  8.703000000000002E-009  2.793885757198181E-011
  8.706000000000002E-009  2.793885757162959E-011
  8.709000000000002E-009  2.789603931565055E-011
  8.712000000000002E-009  2.785328834367146E-011
  8.715000000000002E-009  2.781060145169232E-011
  8.718000000000002E-009  2.776798024171311E-011
  8.721000000000001E-009  2.772542311173389E-011
  8.724000000000001E-009  2.768293166375459E-011
  8.727000000000001E-009  2.764050429577528E-011
  8.730000000000001E-009  2.759814260979591E-011
  8.733000000000001E-009  2.755584660581647E-011
  8.736000000000001E-009  2.751361307983700E-011
  8.739000000000001E-009  2.747144523585749E-011
  8.742000000000001E-009  2.742934147187792E-011
  8.745000000000002E-009  2.738730178789831E-011
  8.748000000000002E-009  2.734532618391865E-011
  8.751000000000002E-009  2.730341465993895E-011
  8.754000000000002E-009  2.726156721595920E-011
  8.757000000000002E-009  2.721978385197941E-011
  8.760000000000002E-009  2.717806456799957E-011
  8.763000000000002E-009  2.717806456765464E-011
  8.766000000000002E-009  2.713640776167515E-011
  8.769000000000002E-009  2.709481663769560E-011
  8.772000000000002E-009  2.705328799171600E-011
  8.775000000000001E-009  2.701182182373636E-011
  8.778000000000001E-009  2.697041973575667E-011
  8.781000000000001E-009  2.692908012577695E-011
  8.784000000000001E-009  2.688780459579717E-011
  8.787000000000001E-009  2.684659154381734E-011
  8.790000000000001E-009  2.680544096983747E-011
  8.793000000000001E-009  2.676435447585756E-011
  8.796000000000001E-009  2.672333045987759E-011
  8.799000000000002E-009  2.668236731989759E-011
  8.802000000000002E-009  2.664146825991754E-011
  8.805000000000002E-009  2.660063167793744E-011
  8.808000000000002E-009  2.655985757395730E-011
  8.811000000000002E-009  2.651914434597711E-011
  8.814000000000002E-009  2.647849519799687E-011
  8.817000000000002E-009  2.647849519765872E-011
  8.820000000000002E-009  2.643790692567883E-011
  8.823000000000002E-009  2.639738113169888E-011
  8.826000000000002E-009  2.635691621371889E-011
  8.829000000000001E-009  2.631651377373885E-011
  8.832000000000001E-009  2.627617220975878E-011
  8.835000000000001E-009  2.623589312377865E-011
  8.838000000000001E-009  2.619567651579847E-011
  8.841000000000001E-009  2.615551918181826E-011
  8.844000000000001E-009  2.611542432583800E-011
  8.847000000000001E-009  2.607539034585769E-011
  8.850000000000001E-009  2.603541724187734E-011
  8.853000000000002E-009  2.599550661589695E-011
  8.856000000000002E-009  2.595565526391649E-011
  8.859000000000002E-009  2.591586478793601E-011
  8.862000000000002E-009  2.587613678995548E-011
  8.865000000000002E-009  2.583646806597491E-011
  8.868000000000002E-009  2.579686021799428E-011
  8.871000000000002E-009  2.579686021766279E-011
  8.874000000000002E-009  2.575731164368252E-011
  8.877000000000002E-009  2.571782554770217E-011
  8.880000000000002E-009  2.567839872572178E-011
  8.883000000000001E-009  2.563903117774136E-011
  8.886000000000001E-009  2.559972450576090E-011
  8.889000000000001E-009  2.556047870978039E-011
  8.892000000000001E-009  2.552129218779981E-011
  8.895000000000001E-009  2.548216493981922E-011
  8.898000000000001E-009  2.544309856783857E-011
  8.901000000000001E-009  2.540408986785787E-011
  8.904000000000002E-009  2.536514204387714E-011
  8.907000000000002E-009  2.532625349389636E-011
  8.910000000000002E-009  2.528742581991554E-011
  8.913000000000002E-009  2.524865581793467E-011
  8.916000000000002E-009  2.520994508995376E-011
  8.919000000000002E-009  2.517129363597280E-011
  8.922000000000002E-009  2.513270145599180E-011
  8.925000000000002E-009  2.513270145566684E-011
  8.928000000000002E-009  2.509416694768618E-011
  8.931000000000002E-009  2.505569331570546E-011
  8.934000000000002E-009  2.501727735572468E-011
  8.937000000000001E-009  2.497891906774388E-011
  8.940000000000001E-009  2.494062005376304E-011
  8.943000000000001E-009  2.490238031378212E-011
  8.946000000000001E-009  2.486419824580120E-011
  8.949000000000001E-009  2.482607545182021E-011
  8.952000000000001E-009  2.478800872783919E-011
  8.955000000000001E-009  2.475000127785813E-011
  8.958000000000002E-009  2.471205310187700E-011
  8.961000000000002E-009  2.467416099589585E-011
  8.964000000000002E-009  2.463632816391465E-011
  8.967000000000002E-009  2.459855300393340E-011
  8.970000000000002E-009  2.456083391395212E-011
  8.973000000000002E-009  2.452317409797079E-011
  8.976000000000002E-009  2.448557035198942E-011
  8.979000000000002E-009  2.448557035167090E-011
  8.982000000000002E-009  2.444802587968984E-011
  8.985000000000002E-009  2.441053747770873E-011
  8.988000000000001E-009  2.437310674772759E-011
  8.991000000000001E-009  2.433573208774641E-011
  8.994000000000001E-009  2.429841509976518E-011
  8.997000000000001E-009  2.426115578378392E-011
  9.000000000000001E-009  2.422395253780260E-011
  9.003000000000001E-009  2.418680696382125E-011
  9.006000000000001E-009  2.414971745983986E-011
  9.009000000000001E-009  2.411268562785841E-011
  9.012000000000002E-009  2.407570826387693E-011
  9.015000000000002E-009  2.403878857189541E-011
  9.018000000000002E-009  2.400192655191383E-011
  9.021000000000002E-009  2.396511899993222E-011
  9.024000000000002E-009  2.392836751795057E-011
  9.027000000000002E-009  2.389167370796887E-011
  9.030000000000002E-009  2.385503436598714E-011
  9.033000000000002E-009  2.385503436567492E-011
  9.036000000000002E-009  2.381845269569347E-011
  9.039000000000002E-009  2.378192549371202E-011
  9.042000000000001E-009  2.374545436173050E-011
  9.045000000000001E-009  2.370903929974895E-011
  9.048000000000001E-009  2.367267870576736E-011
  9.051000000000001E-009  2.363637418178571E-011
  9.054000000000001E-009  2.360012572780404E-011
  9.057000000000001E-009  2.356393174182232E-011
  9.060000000000001E-009  2.352779382584055E-011
  9.063000000000001E-009  2.349171037785875E-011
  9.066000000000002E-009  2.345568299987690E-011
  9.069000000000002E-009  2.341971008989501E-011
  9.072000000000002E-009  2.338379164791309E-011
  9.075000000000002E-009  2.334792927593111E-011
  9.078000000000002E-009  2.331211976994910E-011
  9.081000000000002E-009  2.327636633396705E-011
  9.084000000000002E-009  2.324066736598495E-011
  9.087000000000002E-009  2.324066736567891E-011
  9.090000000000002E-009  2.320502286569712E-011
  9.093000000000002E-009  2.316943283371528E-011
  9.096000000000001E-009  2.313389726973342E-011
  9.099000000000001E-009  2.309841617375150E-011
  9.102000000000001E-009  2.306298794376953E-011
  9.105000000000001E-009  2.302761418178754E-011
  9.108000000000001E-009  2.299229488780551E-011
  9.111000000000001E-009  2.295703006182342E-011
  9.114000000000001E-009  2.292181810184130E-011
  9.117000000000002E-009  2.288666060985914E-011
  9.120000000000002E-009  2.285155758587694E-011
  9.123000000000002E-009  2.281650742789469E-011
  9.126000000000002E-009  2.278151013591240E-011
  9.129000000000002E-009  2.274656570993008E-011
  9.132000000000002E-009  2.271167575194771E-011
  9.135000000000002E-009  2.267684026196530E-011
  9.138000000000002E-009  2.264205603598285E-011
  9.141000000000002E-009  2.264205603568290E-011
  9.144000000000002E-009  2.260732627770073E-011
  9.147000000000002E-009  2.257264778371856E-011
  9.150000000000001E-009  2.253802375773633E-011
  9.153000000000001E-009  2.250345259775404E-011
  9.156000000000001E-009  2.246893270177175E-011
  9.159000000000001E-009  2.243446727378938E-011
  9.162000000000001E-009  2.240005310980700E-011
  9.165000000000001E-009  2.236569341382457E-011
  9.168000000000001E-009  2.233138498184208E-011
  9.171000000000002E-009  2.229712781385958E-011
  9.174000000000002E-009  2.226292511387702E-011
  9.177000000000002E-009  2.222877367789442E-011
  9.180000000000002E-009  2.219467350591179E-011
  9.183000000000002E-009  2.216062619992911E-011
  9.186000000000002E-009  2.212663175994640E-011
  9.189000000000002E-009  2.209268858396364E-011
  9.192000000000002E-009  2.205879667198085E-011
  9.195000000000002E-009  2.202495762599801E-011
  9.198000000000002E-009  2.202495762570436E-011
  9.201000000000002E-009  2.199116984372182E-011
  9.204000000000001E-009  2.195743332573923E-011
  9.207000000000001E-009  2.192374807175661E-011
  9.210000000000001E-009  2.189011408177395E-011
  9.213000000000001E-009  2.185653295779125E-011
  9.216000000000001E-009  2.182300149580851E-011
  9.219000000000001E-009  2.178952129782573E-011
  9.222000000000001E-009  2.175609396584291E-011
  9.225000000000002E-009  2.172271629586005E-011
  9.228000000000002E-009  2.168938988987716E-011
  9.231000000000002E-009  2.165611474789421E-011
  9.234000000000002E-009  2.162288926791123E-011
  9.237000000000002E-009  2.158971505192821E-011
  9.240000000000002E-009  2.155659209994516E-011
  9.243000000000002E-009  2.152352041196206E-011
  9.246000000000002E-009  2.149049678397893E-011
  9.249000000000002E-009  2.145752602199576E-011
  9.252000000000002E-009  2.145752602170795E-011
  9.255000000000002E-009  2.142460492172507E-011
  9.258000000000001E-009  2.139173348374215E-011
  9.261000000000001E-009  2.135891330975916E-011
  9.264000000000001E-009  2.132614119577617E-011
  9.267000000000001E-009  2.129342034579314E-011
  9.270000000000001E-009  2.126075075981004E-011
  9.273000000000001E-009  2.122812923382693E-011
  9.276000000000001E-009  2.119555897184376E-011
  9.279000000000002E-009  2.116303676986057E-011
  9.282000000000002E-009  2.113056583187734E-011
  9.285000000000002E-009  2.109814455589405E-011
  9.288000000000002E-009  2.106577133991074E-011
  9.291000000000002E-009  2.103344778592739E-011
  9.294000000000002E-009  2.100117549594399E-011
  9.297000000000002E-009  2.096894966396057E-011
  9.300000000000002E-009  2.093677509597709E-011
  9.303000000000002E-009  2.090465018999359E-011
  9.306000000000002E-009  2.090465018971152E-011
  9.309000000000002E-009  2.087257174172832E-011
  9.312000000000001E-009  2.084054455774504E-011
  9.315000000000001E-009  2.080856543376175E-011
  9.318000000000001E-009  2.077663597177840E-011
  9.321000000000001E-009  2.074475456979502E-011
  9.324000000000001E-009  2.071292122781161E-011
  9.327000000000001E-009  2.068113754782815E-011
  9.330000000000001E-009  2.064940192784466E-011
  9.333000000000002E-009  2.061771436786114E-011
  9.336000000000002E-009  2.058607646987756E-011
  9.339000000000002E-009  2.055448663189395E-011
  9.342000000000002E-009  2.052294485391031E-011
  9.345000000000002E-009  2.049145113592662E-011
  9.348000000000002E-009  2.046000387594290E-011
  9.351000000000002E-009  2.042860627795914E-011
  9.354000000000002E-009  2.039725673997534E-011
  9.357000000000002E-009  2.036595526199151E-011
  9.360000000000002E-009  2.036595526171511E-011
  9.363000000000003E-009  2.033470184373153E-011
  9.366000000000001E-009  2.030349488374795E-011
  9.369000000000001E-009  2.027233598376431E-011
  9.372000000000001E-009  2.024122514378065E-011
  9.375000000000001E-009  2.021016236379694E-011
  9.378000000000001E-009  2.017914604181319E-011
  9.381000000000001E-009  2.014817777982941E-011
  9.384000000000002E-009  2.011725597584559E-011
  9.387000000000002E-009  2.008638223186172E-011
  9.390000000000002E-009  2.005555494587783E-011
  9.393000000000002E-009  2.002477571989389E-011
  9.396000000000002E-009  1.999404295190993E-011
  9.399000000000002E-009  1.996335664192591E-011
  9.402000000000002E-009  1.993271678994187E-011
  9.405000000000002E-009  1.990212499795779E-011
  9.408000000000002E-009  1.987157966397367E-011
  9.411000000000002E-009  1.984108078798951E-011
  9.414000000000002E-009  1.984108078771865E-011
  9.417000000000003E-009  1.981062836973477E-011
  9.420000000000001E-009  1.978022401175084E-011
  9.423000000000001E-009  1.974986450976689E-011
  9.426000000000001E-009  1.971955146578289E-011
  9.429000000000001E-009  1.968928487979885E-011
  9.432000000000001E-009  1.965906475181478E-011
  9.435000000000001E-009  1.962888947983068E-011
  9.438000000000002E-009  1.959876226784654E-011
  9.441000000000002E-009  1.956867991186236E-011
  9.444000000000002E-009  1.953864401387815E-011
  9.447000000000002E-009  1.950865457389389E-011
  9.450000000000002E-009  1.947870998990961E-011
  9.453000000000002E-009  1.944881186392527E-011
  9.456000000000002E-009  1.941895859394091E-011
  9.459000000000002E-009  1.938915017995652E-011
  9.462000000000002E-009  1.935938982597208E-011
  9.465000000000002E-009  1.932967272598761E-011
  9.468000000000002E-009  1.932967272572218E-011
  9.471000000000001E-009  1.930000208373796E-011
  9.474000000000001E-009  1.927037629775373E-011
  9.477000000000001E-009  1.924079536776946E-011
  9.480000000000001E-009  1.921126089578514E-011
  9.483000000000001E-009  1.918177127980079E-011
  9.486000000000001E-009  1.915232651981640E-011
  9.489000000000001E-009  1.912292661583199E-011
  9.492000000000002E-009  1.909357156784752E-011
  9.495000000000002E-009  1.906426137586302E-011
  9.498000000000002E-009  1.903499603987850E-011
  9.501000000000002E-009  1.900577555989392E-011
  9.504000000000002E-009  1.897659833390933E-011
  9.507000000000002E-009  1.894746756592469E-011
  9.510000000000002E-009  1.891838005194001E-011
  9.513000000000002E-009  1.888933739395531E-011
  9.516000000000002E-009  1.886033959197056E-011
  9.519000000000002E-009  1.883138664598578E-011
  9.522000000000002E-009  1.883138664572568E-011
  9.525000000000001E-009  1.880247695374116E-011
  9.528000000000001E-009  1.877361051575662E-011
  9.531000000000001E-009  1.874479053577201E-011
  9.534000000000001E-009  1.871601220778740E-011
  9.537000000000001E-009  1.868727873580273E-011
  9.540000000000001E-009  1.865859011981804E-011
  9.543000000000001E-009  1.862994475783331E-011
  9.546000000000002E-009  1.860134264984853E-011
  9.549000000000002E-009  1.857278379586373E-011
  9.552000000000002E-009  1.854426979787889E-011
  9.555000000000002E-009  1.851579905389402E-011
  9.558000000000002E-009  1.848737156390911E-011
  9.561000000000002E-009  1.845898732792416E-011
  9.564000000000002E-009  1.843064794793918E-011
  9.567000000000002E-009  1.840235021995416E-011
  9.570000000000002E-009  1.837409574596911E-011
  9.573000000000002E-009  1.834588452598403E-011
  9.576000000000003E-009  1.831771816199891E-011
  9.579000000000001E-009  1.831771816174434E-011
  9.582000000000001E-009  1.828959344975947E-011
  9.585000000000001E-009  1.826151038977459E-011
  9.588000000000001E-009  1.823347218578964E-011
  9.591000000000001E-009  1.820547563380468E-011
  9.594000000000001E-009  1.817752233581968E-011
  9.597000000000001E-009  1.814961229183465E-011
  9.600000000000002E-009  1.812174550184957E-011
  9.603000000000002E-009  1.809391876186446E-011
  9.606000000000002E-009  1.806613687787932E-011
  9.609000000000002E-009  1.803839664589414E-011
  9.612000000000002E-009  1.801069806590893E-011
  9.615000000000002E-009  1.798304273992369E-011
  9.618000000000002E-009  1.795542906593841E-011
  9.621000000000002E-009  1.792785864595309E-011
  9.624000000000002E-009  1.790032987796774E-011
  9.627000000000002E-009  1.787284276198236E-011
  9.630000000000003E-009  1.784539729799694E-011
  9.633000000000001E-009  1.784539729774752E-011
  9.636000000000001E-009  1.781799508776236E-011
  9.639000000000001E-009  1.779063452977713E-011
  9.642000000000001E-009  1.776331402179192E-011
  9.645000000000001E-009  1.773603676780665E-011
  9.648000000000001E-009  1.770880116582135E-011
  9.651000000000002E-009  1.768160721583601E-011
  9.654000000000002E-009  1.765445491785062E-011
  9.657000000000002E-009  1.762734266986523E-011
  9.660000000000002E-009  1.760027367587978E-011
  9.663000000000002E-009  1.757324473189431E-011
  9.666000000000002E-009  1.754625743990881E-011
  9.669000000000002E-009  1.751931179992327E-011
  9.672000000000002E-009  1.749240781193769E-011
  9.675000000000002E-009  1.746554387395208E-011
  9.678000000000002E-009  1.743872158796644E-011
  9.681000000000002E-009  1.741194095398076E-011
  9.684000000000003E-009  1.738520036999505E-011
  9.687000000000001E-009  1.738520036975065E-011
  9.690000000000001E-009  1.735849983576520E-011
  9.693000000000001E-009  1.733184095377972E-011
  9.696000000000001E-009  1.730522372379416E-011
  9.699000000000001E-009  1.727864494180863E-011
  9.702000000000001E-009  1.725210941382301E-011
  9.705000000000002E-009  1.722561233383738E-011
  9.708000000000002E-009  1.719915690585172E-011
  9.711000000000002E-009  1.717274152786602E-011
  9.714000000000002E-009  1.714636619988028E-011
  9.717000000000002E-009  1.712003092189453E-011
  9.720000000000002E-009  1.709373729590873E-011
  9.723000000000002E-009  1.706748371992289E-011
  9.726000000000002E-009  1.704126859193703E-011
  9.729000000000002E-009  1.701509511595113E-011
  9.732000000000002E-009  1.698896008796520E-011
  9.735000000000002E-009  1.696286671197924E-011
  9.738000000000003E-009  1.693681178399324E-011
  9.741000000000001E-009  1.693681178375381E-011
  9.744000000000001E-009  1.691079850776805E-011
  9.747000000000001E-009  1.688482367978226E-011
  9.750000000000001E-009  1.685888890179643E-011
  9.753000000000001E-009  1.683299257181059E-011
  9.756000000000001E-009  1.680713789382470E-011
  9.759000000000002E-009  1.678132166383877E-011
  9.762000000000002E-009  1.675554388185284E-011
  9.765000000000002E-009  1.672980775186684E-011
  9.768000000000002E-009  1.670410846788083E-011
  9.771000000000002E-009  1.667845083589477E-011
  9.774000000000002E-009  1.665283004990870E-011
  9.777000000000002E-009  1.662725091592257E-011
  9.780000000000002E-009  1.660170862793642E-011
  9.783000000000002E-009  1.657620638995025E-011
  9.786000000000002E-009  1.655074420196403E-011
  9.789000000000002E-009  1.652531885997778E-011
  9.792000000000003E-009  1.649993356799150E-011
  9.795000000000001E-009  1.649993356775692E-011
  9.798000000000001E-009  1.647458672377088E-011
  9.801000000000001E-009  1.644927992978481E-011
  9.804000000000001E-009  1.642400998179870E-011
  9.807000000000001E-009  1.639878008381256E-011
  9.810000000000001E-009  1.637358703182640E-011
  9.813000000000002E-009  1.634843402984019E-011
  9.816000000000002E-009  1.632331947585395E-011
  9.819000000000002E-009  1.629824176786769E-011
  9.822000000000002E-009  1.627320410988138E-011
  9.825000000000002E-009  1.624820329789506E-011
  9.828000000000002E-009  1.622324253590869E-011
  9.831000000000002E-009  1.619831861992230E-011
  9.834000000000002E-009  1.617343315193587E-011
  9.837000000000002E-009  1.614858452994941E-011
  9.840000000000002E-009  1.612377595796292E-011
  9.843000000000003E-009  1.609900423197639E-011
  9.846000000000003E-009  1.607426935198984E-011
  9.849000000000001E-009  1.607426935176003E-011
  9.852000000000001E-009  1.604957452177369E-011
  9.855000000000001E-009  1.602491493578735E-011
  9.858000000000001E-009  1.600029491920097E-011
  9.861000000000001E-009  1.597571206901455E-011
  9.864000000000002E-009  1.595116670562809E-011
  9.867000000000002E-009  1.592665882904162E-011
  9.870000000000002E-009  1.590218843925510E-011
  9.873000000000002E-009  1.587775553626856E-011
  9.876000000000002E-009  1.585335979968199E-011
  9.879000000000002E-009  1.582900154989537E-011
  9.882000000000002E-009  1.580468046650874E-011
  9.885000000000002E-009  1.578039654952207E-011
  9.888000000000002E-009  1.575614979893537E-011
  9.891000000000002E-009  1.573194005454863E-011
  9.894000000000002E-009  1.570776731636187E-011
  9.897000000000003E-009  1.568363158437508E-011
  9.900000000000003E-009  1.565953269838825E-011
  9.903000000000001E-009  1.565953269816311E-011
  9.906000000000001E-009  1.563547065817650E-011
  9.909000000000001E-009  1.561144546418988E-011
  9.912000000000001E-009  1.558745695600322E-011
  9.915000000000001E-009  1.556350513361653E-011
  9.918000000000002E-009  1.553958999702981E-011
  9.921000000000002E-009  1.551571122584305E-011
  9.924000000000002E-009  1.549186914045627E-011
  9.927000000000002E-009  1.546806342046946E-011
  9.930000000000002E-009  1.544429406588260E-011
  9.933000000000002E-009  1.542056123689573E-011
  9.936000000000002E-009  1.539686445290882E-011
  9.939000000000002E-009  1.537320403432188E-011
  9.942000000000002E-009  1.534957982093491E-011
  9.945000000000002E-009  1.532599165254791E-011
  9.948000000000002E-009  1.530243952916088E-011
  9.951000000000003E-009  1.527892345077382E-011
  9.954000000000001E-009  1.525544325718673E-011
  9.957000000000001E-009  1.523199894839960E-011
  9.960000000000001E-009  1.523199894817931E-011
  9.963000000000001E-009  1.520859052419240E-011
  9.966000000000001E-009  1.518521798500547E-011
  9.969000000000001E-009  1.516188101021852E-011
  9.972000000000002E-009  1.513857992023152E-011
  9.975000000000002E-009  1.511531423444451E-011
  9.978000000000002E-009  1.509208427325745E-011
  9.981000000000002E-009  1.506888971627037E-011
  9.984000000000002E-009  1.504573072368326E-011
  9.987000000000002E-009  1.502260713529611E-011
  9.990000000000002E-009  1.499951879090894E-011
  9.993000000000002E-009  1.497646585072174E-011
  9.996000000000002E-009  1.495344815453451E-011
  9.999000000000002E-009  1.493046570234723E-011
  1.000200000000000E-008  1.490751817375996E-011
  1.000500000000000E-008  1.488460588917263E-011
  1.000800000000000E-008  1.486172868838527E-011
  1.001100000000000E-008  1.483888641119789E-011
  1.001400000000000E-008  1.483888641098208E-011
  1.001700000000000E-008  1.481607905739491E-011
  1.002000000000000E-008  1.479330646720772E-011
  1.002300000000000E-008  1.477056880062050E-011
  1.002600000000000E-008  1.474786589743325E-011
  1.002900000000000E-008  1.472519775764596E-011
  1.003200000000000E-008  1.470256422105865E-011
  1.003500000000000E-008  1.467996528767131E-011
  1.003800000000000E-008  1.465740079728393E-011
  1.004100000000000E-008  1.463487091009653E-011
  1.004400000000000E-008  1.461237546590910E-011
  1.004700000000000E-008  1.458991446472164E-011
  1.005000000000000E-008  1.456748774633414E-011
  1.005300000000000E-008  1.454509547094664E-011
  1.005600000000000E-008  1.452273731815908E-011
  1.005900000000000E-008  1.450041328797149E-011
  1.006200000000000E-008  1.447812338038388E-011
  1.006500000000000E-008  1.445586775559624E-011
  1.006800000000000E-008  1.445586775538484E-011
  1.007100000000000E-008  1.443364593279742E-011
  1.007400000000000E-008  1.441145823280997E-011
  1.007700000000000E-008  1.438930449522248E-011
  1.008000000000000E-008  1.436718455983497E-011
  1.008300000000000E-008  1.434509842664743E-011
  1.008600000000000E-008  1.432304609565986E-011
  1.008900000000000E-008  1.430102740667226E-011
  1.009200000000000E-008  1.427904251988463E-011
  1.009500000000000E-008  1.425709111489698E-011
  1.009800000000000E-008  1.423517335190929E-011
  1.010100000000000E-008  1.421328907072157E-011
  1.010400000000000E-008  1.419143827133385E-011
  1.010700000000000E-008  1.416962095374606E-011
  1.011000000000000E-008  1.414783695775825E-011
  1.011300000000000E-008  1.412608628337042E-011
  1.011600000000000E-008  1.410436877038256E-011
  1.011900000000000E-008  1.408268457899466E-011
  1.012200000000000E-008  1.408268457878759E-011
  1.012500000000000E-008  1.406103354879991E-011
  1.012800000000000E-008  1.403941552001221E-011
  1.013100000000000E-008  1.401783065262447E-011
  1.013400000000000E-008  1.399627878643671E-011
  1.013700000000000E-008  1.397475976124891E-011
  1.014000000000000E-008  1.395327373726109E-011
  1.014300000000000E-008  1.393182071447324E-011
  1.014600000000000E-008  1.391040021228536E-011
  1.014900000000000E-008  1.388901271129745E-011
  1.015200000000000E-008  1.386765773090951E-011
  1.015500000000000E-008  1.384633559152157E-011
  1.015800000000000E-008  1.382504597273356E-011
  1.016100000000000E-008  1.380378887454553E-011
  1.016400000000000E-008  1.378256429695748E-011
  1.016700000000000E-008  1.376137223996940E-011
  1.017000000000000E-008  1.374021254338129E-011
  1.017300000000000E-008  1.371908520719315E-011
  1.017600000000000E-008  1.371908520699032E-011
  1.017900000000000E-008  1.369799023120240E-011
  1.018200000000000E-008  1.367692745561444E-011
  1.018500000000000E-008  1.365589688022646E-011
  1.018800000000000E-008  1.363489850503844E-011
  1.019100000000000E-008  1.361393216985040E-011
  1.019400000000000E-008  1.359299803486233E-011
  1.019700000000000E-008  1.357209577967423E-011
  1.020000000000000E-008  1.355122556448611E-011
  1.020300000000000E-008  1.353038722909795E-011
  1.020600000000000E-008  1.350958093370980E-011
  1.020900000000000E-008  1.348880619772157E-011
  1.021200000000000E-008  1.346806350173332E-011
  1.021500000000000E-008  1.344735236514505E-011
  1.021800000000000E-008  1.342667294815676E-011
  1.022100000000000E-008  1.340602509056844E-011
  1.022400000000000E-008  1.338540879238009E-011
  1.022700000000000E-008  1.336482421379171E-011
  1.023000000000000E-008  1.336482421359304E-011
  1.023300000000000E-008  1.334427087400487E-011
  1.023600000000000E-008  1.332374909381667E-011
  1.023900000000000E-008  1.330325871282844E-011
  1.024200000000000E-008  1.328279973104018E-011
  1.024500000000000E-008  1.326237198825190E-011
  1.024800000000000E-008  1.324197548446358E-011
  1.025100000000000E-008  1.322161021967524E-011
  1.025400000000000E-008  1.320127603368687E-011
  1.025700000000000E-008  1.318097292649851E-011
  1.026000000000000E-008  1.316070089811007E-011
  1.026300000000000E-008  1.314045994852160E-011
  1.026600000000000E-008  1.312024991753313E-011
  1.026900000000000E-008  1.310007080514462E-011
  1.027200000000000E-008  1.307992245115609E-011
  1.027500000000000E-008  1.305980501576753E-011
  1.027800000000000E-008  1.303971833877894E-011
  1.028100000000000E-008  1.301966242019033E-011
  1.028400000000000E-008  1.301966241999574E-011
  1.028700000000000E-008  1.299963709960733E-011
  1.029000000000000E-008  1.297964253761888E-011
  1.029300000000000E-008  1.295967841363042E-011
  1.029600000000000E-008  1.293974488784192E-011
  1.029900000000000E-008  1.291984180005340E-011
  1.030200000000000E-008  1.289996931046485E-011
  1.030500000000000E-008  1.288012709867626E-011
  1.030800000000000E-008  1.286031516468770E-011
  1.031100000000000E-008  1.284053366869904E-011
  1.031400000000000E-008  1.282078245051037E-011
  1.031700000000000E-008  1.280106134992169E-011
  1.032000000000000E-008  1.278137052713297E-011
  1.032300000000000E-008  1.276170966174423E-011
  1.032600000000000E-008  1.274207907415546E-011
  1.032900000000000E-008  1.272247828376667E-011
  1.033200000000000E-008  1.270290761097785E-011
  1.033500000000000E-008  1.268336689558900E-011
  1.033800000000000E-008  1.268336689539842E-011
  1.034100000000000E-008  1.266385597720977E-011
  1.034400000000000E-008  1.264437501642110E-011
  1.034700000000000E-008  1.262492385283239E-011
  1.035000000000000E-008  1.260550232624366E-011
  1.035300000000000E-008  1.258611059685490E-011
  1.035600000000000E-008  1.256674850446611E-011
  1.035900000000000E-008  1.254741604907735E-011
  1.036200000000000E-008  1.252811323068847E-011
  1.036500000000000E-008  1.250883988909960E-011
  1.036800000000000E-008  1.248959602431071E-011
  1.037100000000000E-008  1.247038147612180E-011
  1.037400000000000E-008  1.245119656493285E-011
  1.037700000000000E-008  1.243204081014388E-011
  1.038000000000000E-008  1.241291437195489E-011
  1.038300000000000E-008  1.239381725036586E-011
  1.038600000000000E-008  1.237474944537681E-011
  1.038900000000000E-008  1.235571063658774E-011
  1.039200000000000E-008  1.233670098419864E-011
  1.039500000000000E-008  1.233670098401220E-011
  1.039800000000000E-008  1.231772048802330E-011
  1.040100000000000E-008  1.229876898823436E-011
  1.040400000000000E-008  1.227984648464540E-011
  1.040700000000000E-008  1.226095297725641E-011
  1.041000000000000E-008  1.224208830586739E-011
  1.041300000000000E-008  1.222325247047840E-011
  1.041600000000000E-008  1.220444563128930E-011
  1.041900000000000E-008  1.218566730770020E-011
  1.042200000000000E-008  1.216691798031108E-011
  1.042500000000000E-008  1.214819716852194E-011
  1.042800000000000E-008  1.212950503253277E-011
  1.043100000000000E-008  1.211084141214358E-011
  1.043400000000000E-008  1.209220646755435E-011
  1.043700000000000E-008  1.207360003856510E-011
  1.044000000000000E-008  1.205502196497583E-011
  1.044300000000000E-008  1.203647240698653E-011
  1.044600000000000E-008  1.201795120439721E-011
  1.044900000000000E-008  1.201795120421462E-011
  1.045200000000000E-008  1.199945835702549E-011
  1.045500000000000E-008  1.198099370503633E-011
  1.045800000000000E-008  1.196255740844714E-011
  1.046100000000000E-008  1.194414930705792E-011
  1.046400000000000E-008  1.192576940086873E-011
  1.046700000000000E-008  1.190741752967943E-011
  1.047000000000000E-008  1.188909385369013E-011
  1.047300000000000E-008  1.187079805250082E-011
  1.047600000000000E-008  1.185253028631148E-011
  1.047900000000000E-008  1.183429055512211E-011
  1.048200000000000E-008  1.181607869873272E-011
  1.048500000000000E-008  1.179789471714330E-011
  1.048800000000000E-008  1.177973861035386E-011
  1.049100000000000E-008  1.176161021816439E-011
  1.049400000000000E-008  1.174350954057490E-011
  1.049700000000000E-008  1.172543657758538E-011
  1.050000000000000E-008  1.170739132919584E-011
  1.050300000000000E-008  1.170739132901703E-011
  1.050600000000000E-008  1.168937363502767E-011
  1.050900000000000E-008  1.167138349543829E-011
  1.051200000000000E-008  1.165342091024887E-011
  1.051500000000000E-008  1.163548571925949E-011
  1.051800000000000E-008  1.161757808266999E-011
  1.052100000000000E-008  1.159969784028050E-011
  1.052400000000000E-008  1.158184483189099E-011
  1.052700000000000E-008  1.156401937790146E-011
  1.053000000000000E-008  1.154622099771190E-011
  1.053300000000000E-008  1.152844985152231E-011
  1.053600000000000E-008  1.151070609953270E-011
  1.053900000000000E-008  1.149298926114307E-011
  1.054200000000000E-008  1.147529965675341E-011
  1.054500000000000E-008  1.145763712616373E-011
  1.054800000000000E-008  1.144000166937402E-011
  1.055100000000000E-008  1.142239312618428E-011
  1.055400000000000E-008  1.140481149659452E-011
  1.055700000000000E-008  1.140481149641941E-011
  1.056000000000000E-008  1.138725678042984E-011
  1.056300000000000E-008  1.136972897804023E-011
  1.056600000000000E-008  1.135222792905066E-011
  1.056900000000000E-008  1.133475379366096E-011
  1.057200000000000E-008  1.131730625147128E-011
  1.057500000000000E-008  1.129988546268159E-011
  1.057800000000000E-008  1.128249142729186E-011
  1.058100000000000E-008  1.126512382490211E-011
  1.058400000000000E-008  1.124778297591234E-011
  1.058700000000000E-008  1.123046855992254E-011
  1.059000000000000E-008  1.121318073713272E-011
  1.059300000000000E-008  1.119591918714287E-011
  1.059600000000000E-008  1.117868423035300E-011
  1.059900000000000E-008  1.116147554636310E-011
  1.060200000000000E-008  1.114429329537318E-011
  1.060500000000000E-008  1.112713731718324E-011
  1.060800000000000E-008  1.111000745159327E-011
  1.061100000000000E-008  1.111000745142179E-011
  1.061400000000000E-008  1.109290401883199E-011
  1.061700000000000E-008  1.107582653864224E-011
  1.062000000000000E-008  1.105877533125235E-011
  1.062300000000000E-008  1.104175023646248E-011
  1.062600000000000E-008  1.102475109407259E-011
  1.062900000000000E-008  1.100777806428268E-011
  1.063200000000000E-008  1.099083098689275E-011
  1.063500000000000E-008  1.097390986190279E-011
  1.063800000000000E-008  1.095701452911280E-011
  1.064100000000000E-008  1.094014514872280E-011
  1.064400000000000E-008  1.092330156053276E-011
  1.064700000000000E-008  1.090648376454271E-011
  1.065000000000000E-008  1.088969176075263E-011
  1.065300000000000E-008  1.087292538896252E-011
  1.065600000000000E-008  1.085618464917239E-011
  1.065900000000000E-008  1.083946954138224E-011
  1.066200000000000E-008  1.082278006559207E-011
  1.066500000000000E-008  1.082278006542415E-011
  1.066800000000000E-008  1.080611622163420E-011
  1.067100000000000E-008  1.078947768944412E-011
  1.067400000000000E-008  1.077286478925407E-011
  1.067700000000000E-008  1.075627720066400E-011
  1.068000000000000E-008  1.073971492367391E-011
  1.068300000000000E-008  1.072317811848379E-011
  1.068600000000000E-008  1.070666662489364E-011
  1.068900000000000E-008  1.069018044290348E-011
  1.069200000000000E-008  1.067371941231329E-011
  1.069500000000000E-008  1.065728369332307E-011
  1.069800000000000E-008  1.064087296553284E-011
  1.070100000000000E-008  1.062448738914257E-011
  1.070400000000000E-008  1.060812696415229E-011
  1.070700000000000E-008  1.059179153036198E-011
  1.071000000000000E-008  1.057548124797165E-011
  1.071300000000000E-008  1.055919579658130E-011
  1.071600000000000E-008  1.054293517619092E-011
  1.071900000000000E-008  1.054293517602654E-011
  1.072200000000000E-008  1.052669954683628E-011
  1.072500000000000E-008  1.051048890884605E-011
  1.072800000000000E-008  1.049430294165580E-011
  1.073100000000000E-008  1.047814164526552E-011
  1.073400000000000E-008  1.046200534007522E-011
  1.073700000000000E-008  1.044589354548490E-011
  1.074000000000000E-008  1.042980642169455E-011
  1.074300000000000E-008  1.041374396870418E-011
  1.074600000000000E-008  1.039770618651379E-011
  1.074900000000000E-008  1.038169275472338E-011
  1.075200000000000E-008  1.036570399373294E-011
  1.075500000000000E-008  1.034973958314248E-011
  1.075800000000000E-008  1.033379968315199E-011
  1.076100000000000E-008  1.031788429376148E-011
  1.076400000000000E-008  1.030199309457095E-011
  1.076700000000000E-008  1.028612640598041E-011
  1.077000000000000E-008  1.027028374738982E-011
  1.077300000000000E-008  1.025446559939923E-011
  1.077600000000000E-008  1.025446559923840E-011
  1.077900000000000E-008  1.023867148124797E-011
  1.078200000000000E-008  1.022290155345752E-011
  1.078500000000000E-008  1.020715581586704E-011
  1.078800000000000E-008  1.019143426847654E-011
  1.079100000000000E-008  1.017573675108602E-011
  1.079400000000000E-008  1.016006310349547E-011
  1.079700000000000E-008  1.014441364610491E-011
  1.080000000000000E-008  1.012878805851431E-011
  1.080300000000000E-008  1.011318634072370E-011
  1.080600000000000E-008  1.009760865293306E-011
  1.080900000000000E-008  1.008205467474241E-011
  1.081200000000000E-008  1.006652456635173E-011
  1.081500000000000E-008  1.005101816756102E-011
  1.081800000000000E-008  1.003553563857030E-011
  1.082100000000000E-008  1.002007681917955E-011
  1.082400000000000E-008  1.000464154918878E-011
  1.082700000000000E-008  9.989229828597983E-012
  1.083000000000000E-008  9.989229828440514E-012
  1.083300000000000E-008  9.973841977649884E-012
  1.083600000000000E-008  9.958477516059232E-012
  1.083900000000000E-008  9.943136603868557E-012
  1.084200000000000E-008  9.927819080877863E-012
  1.084500000000000E-008  9.912525107287145E-012
  1.084800000000000E-008  9.897254522896404E-012
  1.085100000000000E-008  9.882007327705642E-012
  1.085400000000000E-008  9.866783521714855E-012
  1.085700000000000E-008  9.851582944724048E-012
  1.086000000000000E-008  9.836405596733219E-012
  1.086300000000000E-008  9.821251637942366E-012
  1.086600000000000E-008  9.806120747951493E-012
  1.086900000000000E-008  9.791013086960596E-012
  1.087200000000000E-008  9.775928654969688E-012
  1.087500000000000E-008  9.760867131578741E-012
  1.087800000000000E-008  9.745828837187776E-012
  1.088100000000000E-008  9.730813451396794E-012
  1.088400000000000E-008  9.730813451242609E-012
  1.088700000000000E-008  9.715821134251786E-012
  1.089000000000000E-008  9.700851725860941E-012
  1.089300000000000E-008  9.685905226070073E-012
  1.089600000000000E-008  9.670981474679187E-012
  1.089900000000000E-008  9.656080792088276E-012
  1.090200000000000E-008  9.641202857897344E-012
  1.090500000000000E-008  9.626347672106389E-012
  1.090800000000000E-008  9.611515234715413E-012
  1.091100000000000E-008  9.596705545724417E-012
  1.091400000000000E-008  9.581918605133396E-012
  1.091700000000000E-008  9.567154092542357E-012
  1.092000000000000E-008  9.552412328351289E-012
  1.092300000000000E-008  9.537693152360219E-012
  1.092600000000000E-008  9.522996564569107E-012
  1.092900000000000E-008  9.508322404777974E-012
  1.093200000000000E-008  9.493670672986828E-012
  1.093500000000000E-008  9.479041369195657E-012
  1.093800000000000E-008  9.479041369044691E-012
  1.094100000000000E-008  9.464434493253678E-012
  1.094400000000000E-008  9.449850045462646E-012
  1.094700000000000E-008  9.435287865471588E-012
  1.095000000000000E-008  9.420747953280513E-012
  1.095300000000000E-008  9.406230469089412E-012
  1.095600000000000E-008  9.391735092498292E-012
  1.095900000000000E-008  9.377261823507152E-012
  1.096200000000000E-008  9.362810822315988E-012
  1.096500000000000E-008  9.348381928724803E-012
  1.096800000000000E-008  9.333975142733599E-012
  1.097100000000000E-008  9.319590464342368E-012
  1.097400000000000E-008  9.305227733351138E-012
  1.097700000000000E-008  9.290887109959860E-012
  1.098000000000000E-008  9.276568273768562E-012
  1.098300000000000E-008  9.262271545177253E-012
  1.098600000000000E-008  9.247996603785919E-012
  1.098900000000000E-008  9.233743449594565E-012
  1.099200000000000E-008  9.233743449446758E-012
  1.099500000000000E-008  9.219512242655561E-012
  1.099800000000000E-008  9.205302823064341E-012
  1.100100000000000E-008  9.191115190673099E-012
  1.100400000000000E-008  9.176949185281836E-012
  1.100700000000000E-008  9.162804967090554E-012
  1.101000000000000E-008  9.148682375899249E-012
  1.101300000000000E-008  9.134581411707926E-012
  1.101600000000000E-008  9.120502074516576E-012
  1.101900000000000E-008  9.106444204125212E-012
  1.102200000000000E-008  9.092407960733817E-012
  1.102500000000000E-008  9.078393184142431E-012
  1.102800000000000E-008  9.064399874350988E-012
  1.103100000000000E-008  9.050427871159531E-012
  1.103400000000000E-008  9.036477334768063E-012
  1.103700000000000E-008  9.022548265176569E-012
  1.104000000000000E-008  9.008640502185058E-012
  1.104300000000000E-008  8.994754045793525E-012
  1.104600000000000E-008  8.994754045648811E-012
  1.104900000000000E-008  8.980888735657432E-012
  1.105200000000000E-008  8.967044732266027E-012
  1.105500000000000E-008  8.953221875274606E-012
  1.105800000000000E-008  8.939420324883162E-012
  1.106100000000000E-008  8.925639760691699E-012
  1.106400000000000E-008  8.911880503100211E-012
  1.106700000000000E-008  8.898142071508709E-012
  1.107000000000000E-008  8.884424946517181E-012
  1.107300000000000E-008  8.870728647525629E-012
  1.107600000000000E-008  8.857053334734089E-012
  1.107900000000000E-008  8.843399008142486E-012
  1.108200000000000E-008  8.829765667750870E-012
  1.108500000000000E-008  8.816152993159244E-012
  1.108800000000000E-008  8.802561304767596E-012
  1.109100000000000E-008  8.788990442375926E-012
  1.109400000000000E-008  8.775440405984239E-012
  1.109700000000000E-008  8.761911035392527E-012
  1.110000000000000E-008  8.761911035250850E-012
  1.110300000000000E-008  8.748402490659290E-012
  1.110600000000000E-008  8.734914611867707E-012
  1.110900000000000E-008  8.721447238676109E-012
  1.111200000000000E-008  8.708000691484487E-012
  1.111500000000000E-008  8.694574649892845E-012
  1.111800000000000E-008  8.681169113901183E-012
  1.112100000000000E-008  8.667784243709501E-012
  1.112400000000000E-008  8.654419718917794E-012
  1.112700000000000E-008  8.641075859926101E-012
  1.113000000000000E-008  8.627752346334338E-012
  1.113300000000000E-008  8.614449178142569E-012
  1.113600000000000E-008  8.601166355350788E-012
  1.113900000000000E-008  8.587904038158987E-012
  1.114200000000000E-008  8.574661906167163E-012
  1.114500000000000E-008  8.561440119575323E-012
  1.114800000000000E-008  8.548238678383459E-012
  1.115100000000000E-008  8.535057262191579E-012
  1.115400000000000E-008  8.521896191399676E-012
  1.115700000000000E-008  8.521896191261138E-012
  1.116000000000000E-008  8.508755145469383E-012
  1.116300000000000E-008  8.495634445077605E-012
  1.116600000000000E-008  8.482533609485810E-012
  1.116900000000000E-008  8.469452959093993E-012
  1.117200000000000E-008  8.456392333702160E-012
  1.117500000000000E-008  8.443351733310298E-012
  1.117800000000000E-008  8.430330997718456E-012
  1.118100000000000E-008  8.417330287126540E-012
  1.118400000000000E-008  8.404349601534617E-012
  1.118700000000000E-008  8.391388620542686E-012
  1.119000000000000E-008  8.378447664550732E-012
  1.119300000000000E-008  8.365526413158759E-012
  1.119600000000000E-008  8.352625026566767E-012
  1.119900000000000E-008  8.339743344574753E-012
  1.120200000000000E-008  8.326881367182722E-012
  1.120500000000000E-008  8.314039094390669E-012
  1.120800000000000E-008  8.301216686398599E-012
  1.121100000000000E-008  8.301216686262972E-012
  1.121400000000000E-008  8.288413662471047E-012
  1.121700000000000E-008  8.275630343279100E-012
  1.122000000000000E-008  8.262866728687131E-012
  1.122300000000000E-008  8.250122498295147E-012
  1.122600000000000E-008  8.237397972503134E-012
  1.122900000000000E-008  8.224692830911143E-012
  1.123200000000000E-008  8.212007073519073E-012
  1.123500000000000E-008  8.199340860527005E-012
  1.123800000000000E-008  8.186694031734924E-012
  1.124100000000000E-008  8.174066587142821E-012
  1.124400000000000E-008  8.161458526750699E-012
  1.124700000000000E-008  8.148869690358558E-012
  1.125000000000000E-008  8.136300238166398E-012
  1.125300000000000E-008  8.123750009974221E-012
  1.125600000000000E-008  8.111219005782022E-012
  1.125900000000000E-008  8.098707065389807E-012
  1.126200000000000E-008  8.086214509197569E-012
  1.126500000000000E-008  8.086214509064796E-012
  1.126800000000000E-008  8.073741016672700E-012
  1.127100000000000E-008  8.061286588080583E-012
  1.127400000000000E-008  8.048851223288451E-012
  1.127700000000000E-008  8.036434922296295E-012
  1.128000000000000E-008  8.024037685104157E-012
  1.128300000000000E-008  8.011659511711937E-012
  1.128600000000000E-008  7.999300241919722E-012
  1.128900000000000E-008  7.986959875727494E-012
  1.129200000000000E-008  7.974638413135245E-012
  1.129500000000000E-008  7.962335854142978E-012
  1.129800000000000E-008  7.950052198750692E-012
  1.130100000000000E-008  7.937787286758387E-012
  1.130400000000000E-008  7.925541118166064E-012
  1.130700000000000E-008  7.913313853173721E-012
  1.131000000000000E-008  7.901105331581360E-012
  1.131300000000000E-008  7.888915393188981E-012
  1.131600000000000E-008  7.876744198196580E-012
  1.131900000000000E-008  7.876744198066607E-012
  1.132200000000000E-008  7.864591586274348E-012
  1.132500000000000E-008  7.852457717882066E-012
  1.132800000000000E-008  7.840342272489770E-012
  1.133100000000000E-008  7.828245570497446E-012
  1.133400000000000E-008  7.816167291505145E-012
  1.133700000000000E-008  7.804107595712764E-012
  1.134000000000000E-008  7.792066322920387E-012
  1.134300000000000E-008  7.780043473127995E-012
  1.134600000000000E-008  7.768039206535585E-012
  1.134900000000000E-008  7.756053202743156E-012
  1.135200000000000E-008  7.744085621950710E-012
  1.135500000000000E-008  7.732136303958243E-012
  1.135800000000000E-008  7.720205248765757E-012
  1.136100000000000E-008  7.708292616573255E-012
  1.136400000000000E-008  7.696398247180734E-012
  1.136700000000000E-008  7.684521980388195E-012
  1.137000000000000E-008  7.672663976395638E-012
  1.137300000000000E-008  7.672663976268404E-012
  1.137600000000000E-008  7.660824074875983E-012
  1.137900000000000E-008  7.649002436283542E-012
  1.138200000000000E-008  7.637198900291078E-012
  1.138500000000000E-008  7.625413466898637E-012
  1.138800000000000E-008  7.613645975906111E-012
  1.139100000000000E-008  7.601896587513592E-012
  1.139400000000000E-008  7.590165141521059E-012
  1.139700000000000E-008  7.578451798128510E-012
  1.140000000000000E-008  7.566756397135938E-012
  1.140300000000000E-008  7.555078778343354E-012
  1.140600000000000E-008  7.543419262150745E-012
  1.140900000000000E-008  7.531777367958124E-012
  1.141200000000000E-008  7.520153576365482E-012
  1.141500000000000E-008  7.508547406772821E-012
  1.141800000000000E-008  7.496959019380144E-012
  1.142100000000000E-008  7.485388574387450E-012
  1.142400000000000E-008  7.473835751394735E-012
  1.142700000000000E-008  7.473835751270190E-012
  1.143000000000000E-008  7.462300550277611E-012
  1.143300000000000E-008  7.450783131485007E-012
  1.143600000000000E-008  7.439283334692426E-012
  1.143900000000000E-008  7.427801159899758E-012
  1.144200000000000E-008  7.416336607107101E-012
  1.144500000000000E-008  7.404889516114432E-012
  1.144800000000000E-008  7.393460207321741E-012
  1.145100000000000E-008  7.382048200129036E-012
  1.145400000000000E-008  7.370653814936309E-012
  1.145700000000000E-008  7.359276731343567E-012
  1.146000000000000E-008  7.347917269750807E-012
  1.146300000000000E-008  7.336575109758029E-012
  1.146600000000000E-008  7.325250411565233E-012
  1.146900000000000E-008  7.313943014972418E-012
  1.147200000000000E-008  7.302652919979589E-012
  1.147500000000000E-008  7.291380126586738E-012
  1.147800000000000E-008  7.280124634793875E-012
  1.148100000000000E-008  7.280124634671963E-012
  1.148400000000000E-008  7.268886444479222E-012
  1.148700000000000E-008  7.257665395686507E-012
  1.149000000000000E-008  7.246461648493699E-012
  1.149300000000000E-008  7.235275042700908E-012
  1.149600000000000E-008  7.224105578308097E-012
  1.149900000000000E-008  7.212953095115275E-012
  1.150200000000000E-008  7.201817913522432E-012
  1.150500000000000E-008  7.190699713129572E-012
  1.150800000000000E-008  7.179598493936695E-012
  1.151100000000000E-008  7.168514416143800E-012
  1.151400000000000E-008  7.157447319550887E-012
  1.151700000000000E-008  7.146397043957958E-012
  1.152000000000000E-008  7.135363749565010E-012
  1.152300000000000E-008  7.124347436372046E-012
  1.152600000000000E-008  7.113348104379065E-012
  1.152900000000000E-008  7.102365433186067E-012
  1.153200000000000E-008  7.091399743193050E-012
  1.153500000000000E-008  7.091399743073718E-012
  1.153800000000000E-008  7.080450713880868E-012
  1.154100000000000E-008  7.069518665887923E-012
  1.154400000000000E-008  7.058603278694997E-012
  1.154700000000000E-008  7.047704552302058E-012
  1.155000000000000E-008  7.036822646909098E-012
  1.155300000000000E-008  7.025957242116123E-012
  1.155600000000000E-008  7.015108658323131E-012
  1.155900000000000E-008  7.004276735330119E-012
  1.156200000000000E-008  6.993461312937093E-012
  1.156500000000000E-008  6.982662551344049E-012
  1.156800000000000E-008  6.971880290350987E-012
  1.157100000000000E-008  6.961114529957910E-012
  1.157400000000000E-008  6.950365270164814E-012
  1.157700000000000E-008  6.939632510971702E-012
  1.158000000000000E-008  6.928916252378574E-012
  1.158300000000000E-008  6.918216494385427E-012
  1.158600000000000E-008  6.907532916592266E-012
  1.158900000000000E-008  6.896865999599086E-012
  1.159200000000000E-008  6.896865999482424E-012
  1.159500000000000E-008  6.886215262689367E-012
  1.159800000000000E-008  6.875580866296294E-012
  1.160100000000000E-008  6.864962650103207E-012
  1.160400000000000E-008  6.854360934510099E-012
  1.160700000000000E-008  6.843775399116976E-012
  1.161000000000000E-008  6.833206043923835E-012
  1.161300000000000E-008  6.822652868930679E-012
  1.161600000000000E-008  6.812116034337504E-012
  1.161900000000000E-008  6.801595219744315E-012
  1.162200000000000E-008  6.791090585351107E-012
  1.162500000000000E-008  6.780601970957883E-012
  1.162800000000000E-008  6.770129536764643E-012
  1.163100000000000E-008  6.759673122571387E-012
  1.163400000000000E-008  6.749232728378112E-012
  1.163700000000000E-008  6.738808354184827E-012
  1.164000000000000E-008  6.728399999991518E-012
  1.164300000000000E-008  6.718007505598192E-012
  1.164600000000000E-008  6.718007505484006E-012
  1.164900000000000E-008  6.707631031090804E-012
  1.165200000000000E-008  6.697270416497585E-012
  1.165500000000000E-008  6.686925661704351E-012
  1.165800000000000E-008  6.676596926911099E-012
  1.166100000000000E-008  6.666283891717831E-012
  1.166400000000000E-008  6.655986716324547E-012
  1.166700000000000E-008  6.645705240531247E-012
  1.167000000000000E-008  6.635439624537928E-012
  1.167300000000000E-008  6.625189708144595E-012
  1.167600000000000E-008  6.614955491351246E-012
  1.167900000000000E-008  6.604737134357878E-012
  1.168200000000000E-008  6.594534316764496E-012
  1.168500000000000E-008  6.584347038571095E-012
  1.168800000000000E-008  6.574175459977686E-012
  1.169100000000000E-008  6.564019580984253E-012
  1.169400000000000E-008  6.553879241390801E-012
  1.169700000000000E-008  6.543754280997338E-012
  1.170000000000000E-008  6.543754280885577E-012
  1.170300000000000E-008  6.533645020092234E-012
  1.170600000000000E-008  6.523551298698871E-012
  1.170900000000000E-008  6.513472956505494E-012
  1.171200000000000E-008  6.503409993512100E-012
  1.171500000000000E-008  6.493362569918691E-012
  1.171800000000000E-008  6.483330525525264E-012
  1.172100000000000E-008  6.473313860331823E-012
  1.172400000000000E-008  6.463312574338365E-012
  1.172700000000000E-008  6.453326667544891E-012
  1.173000000000000E-008  6.443355979751400E-012
  1.173300000000000E-008  6.433400671157894E-012
  1.173600000000000E-008  6.423460581564372E-012
  1.173900000000000E-008  6.413535710970832E-012
  1.174200000000000E-008  6.403626059377285E-012
  1.174500000000000E-008  6.393731626783712E-012
  1.174800000000000E-008  6.383852413190123E-012
  1.175100000000000E-008  6.373988258396522E-012
  1.175400000000000E-008  6.373988258287138E-012
  1.175700000000000E-008  6.364139322493652E-012
  1.176000000000000E-008  6.354305445500150E-012
  1.176300000000000E-008  6.344486627306635E-012
  1.176600000000000E-008  6.334683028113101E-012
  1.176900000000000E-008  6.324894327519551E-012
  1.177200000000000E-008  6.315120525525989E-012
  1.177500000000000E-008  6.305361942532407E-012
  1.177800000000000E-008  6.295618258138811E-012
  1.178100000000000E-008  6.285889472345199E-012
  1.178400000000000E-008  6.276175585151572E-012
  1.178700000000000E-008  6.266476596557928E-012
  1.179000000000000E-008  6.256792506564267E-012
  1.179300000000000E-008  6.247123315170604E-012
  1.179600000000000E-008  6.237468862176907E-012
  1.179900000000000E-008  6.227829307783198E-012
  1.180200000000000E-008  6.218204491789478E-012
  1.180500000000000E-008  6.208594414195740E-012
  1.180800000000000E-008  6.208594414088684E-012
  1.181100000000000E-008  6.198999074895062E-012
  1.181400000000000E-008  6.189418474101425E-012
  1.181700000000000E-008  6.179852611707769E-012
  1.182000000000000E-008  6.170301327514101E-012
  1.182300000000000E-008  6.160764781720415E-012
  1.182600000000000E-008  6.151242814126715E-012
  1.182900000000000E-008  6.141735424732999E-012
  1.183200000000000E-008  6.132242613539268E-012
  1.183500000000000E-008  6.122764540745521E-012
  1.183800000000000E-008  6.113300885951759E-012
  1.184100000000000E-008  6.103851649157979E-012
  1.184400000000000E-008  6.094416990564199E-012
  1.184700000000000E-008  6.084996749970384E-012
  1.185000000000000E-008  6.075591087576556E-012
  1.185300000000000E-008  6.066199843182718E-012
  1.185600000000000E-008  6.056822856588864E-012
  1.185900000000000E-008  6.047460287994995E-012
  1.186200000000000E-008  6.047460287890221E-012
  1.186500000000000E-008  6.038112137296464E-012
  1.186800000000000E-008  6.028778404702691E-012
  1.187100000000000E-008  6.019458929908902E-012
  1.187400000000000E-008  6.010153712915100E-012
  1.187700000000000E-008  6.000862753721281E-012
  1.188000000000000E-008  5.991586052327447E-012
  1.188300000000000E-008  5.982323608733599E-012
  1.188600000000000E-008  5.973075422939735E-012
  1.188900000000000E-008  5.963841334745856E-012
  1.189200000000000E-008  5.954621344151958E-012
  1.189500000000000E-008  5.945415611358065E-012
  1.189800000000000E-008  5.936223976164132E-012
  1.190100000000000E-008  5.927046598770188E-012
  1.190400000000000E-008  5.917882998576236E-012
  1.190700000000000E-008  5.908733656182265E-012
  1.191000000000000E-008  5.899598411388282E-012
  1.191300000000000E-008  5.890476943794283E-012
  1.191600000000000E-008  5.890476943691745E-012
  1.191900000000000E-008  5.881369733897853E-012
  1.192200000000000E-008  5.872276301303950E-012
  1.192500000000000E-008  5.863196806110031E-012
  1.192800000000000E-008  5.854131408516096E-012
  1.193100000000000E-008  5.845079788122148E-012
  1.193400000000000E-008  5.836042105128182E-012
  1.193700000000000E-008  5.827018199334204E-012
  1.194000000000000E-008  5.818008230940211E-012
  1.194300000000000E-008  5.809012039746199E-012
  1.194600000000000E-008  5.800029785952193E-012
  1.194900000000000E-008  5.791061149158144E-012
  1.195200000000000E-008  5.782106289564086E-012
  1.195500000000000E-008  5.773165207170021E-012
  1.195800000000000E-008  5.764237901975937E-012
  1.196100000000000E-008  5.755324213781841E-012
  1.196400000000000E-008  5.746424142587730E-012
  1.196700000000000E-008  5.737537848593604E-012
  1.197000000000000E-008  5.728665171599463E-012
  1.197300000000000E-008  5.728665171499236E-012
  1.197600000000000E-008  5.719806111505202E-012
  1.197900000000000E-008  5.710960508311155E-012
  1.198200000000000E-008  5.702128682317091E-012
  1.198500000000000E-008  5.693310313123013E-012
  1.198800000000000E-008  5.684505400728923E-012
  1.199100000000000E-008  5.675714105334817E-012
  1.199400000000000E-008  5.666936266740692E-012
  1.199700000000000E-008  5.658171884946575E-012
  1.200000000000000E-008  5.649420799752413E-012
  1.200300000000000E-008  5.640683331558245E-012
  1.200600000000000E-008  5.631959320164066E-012
  1.200900000000000E-008  5.623248605369873E-012
  1.201200000000000E-008  5.614551187175666E-012
  1.201500000000000E-008  5.605867225781443E-012
  1.201800000000000E-008  5.597196560987206E-012
  1.202100000000000E-008  5.588539192792957E-012
  1.202400000000000E-008  5.579895121198692E-012
  1.202700000000000E-008  5.579895121100606E-012
  1.203000000000000E-008  5.571264185906448E-012
  1.203300000000000E-008  5.562646707512273E-012
  1.203600000000000E-008  5.554042365518085E-012
  1.203900000000000E-008  5.545451159923880E-012
  1.204200000000000E-008  5.536873090729665E-012
  1.204500000000000E-008  5.528308318135429E-012
  1.204800000000000E-008  5.519756681941206E-012
  1.205100000000000E-008  5.511218182146930E-012
  1.205400000000000E-008  5.502692658552652E-012
  1.205700000000000E-008  5.494180271358364E-012
  1.206000000000000E-008  5.485681020564062E-012
  1.206300000000000E-008  5.477194745969745E-012
  1.206600000000000E-008  5.468721607775415E-012
  1.206900000000000E-008  5.460261285581071E-012
  1.207200000000000E-008  5.451814099786713E-012
  1.207500000000000E-008  5.443379890192340E-012
  1.207800000000000E-008  5.434958496597953E-012
  1.208100000000000E-008  5.434958496501968E-012
  1.208400000000000E-008  5.426550079107683E-012
  1.208700000000000E-008  5.418154477713386E-012
  1.209000000000000E-008  5.409771852519075E-012
  1.209300000000000E-008  5.401402203524749E-012
  1.209600000000000E-008  5.393045210330405E-012
  1.209900000000000E-008  5.384701193336074E-012
  1.210200000000000E-008  5.376369832141690E-012
  1.210500000000000E-008  5.368051447147305E-012
  1.210800000000000E-008  5.359745717952909E-012
  1.211100000000000E-008  5.351452644558500E-012
  1.211400000000000E-008  5.343172387164076E-012
  1.211700000000000E-008  5.334904785569639E-012
  1.212000000000000E-008  5.326649999975188E-012
  1.212300000000000E-008  5.318407870180722E-012
  1.212600000000000E-008  5.310178235986245E-012
  1.212900000000000E-008  5.301961417791753E-012
  1.213200000000000E-008  5.293757095197247E-012
  1.213500000000000E-008  5.293757095103317E-012
  1.213800000000000E-008  5.285565268108915E-012
  1.214100000000000E-008  5.277386257114493E-012
  1.214400000000000E-008  5.269219581520062E-012
  1.214700000000000E-008  5.261065561725613E-012
  1.215000000000000E-008  5.252924037531176E-012
  1.215300000000000E-008  5.244795008936684E-012
  1.215600000000000E-008  5.236678475942192E-012
  1.215900000000000E-008  5.228574278347693E-012
  1.216200000000000E-008  5.220482736553177E-012
  1.216500000000000E-008  5.212403369958649E-012
  1.216800000000000E-008  5.204336659164107E-012
  1.217100000000000E-008  5.196282123569552E-012
  1.217400000000000E-008  5.188240083574982E-012
  1.217700000000000E-008  5.180210218780400E-012
  1.218000000000000E-008  5.172192849585804E-012
  1.218300000000000E-008  5.164187815791194E-012
  1.218600000000000E-008  5.156194957196572E-012
  1.218900000000000E-008  5.156194957104659E-012
  1.219200000000000E-008  5.148214433910134E-012
  1.219500000000000E-008  5.140246085915595E-012
  1.219800000000000E-008  5.132289913121046E-012
  1.220100000000000E-008  5.124346075726478E-012
  1.220400000000000E-008  5.116414413531925E-012
  1.220700000000000E-008  5.108494926537314E-012
  1.221000000000000E-008  5.100587614742706E-012
  1.221300000000000E-008  5.092692317948088E-012
  1.221600000000000E-008  5.084809356553456E-012
  1.221900000000000E-008  5.076938249958812E-012
  1.222200000000000E-008  5.069079478764153E-012
  1.222500000000000E-008  5.061232562369482E-012
  1.222800000000000E-008  5.053397821174798E-012
  1.223100000000000E-008  5.045575094980100E-012
  1.223400000000000E-008  5.037764223585388E-012
  1.223700000000000E-008  5.029965527390664E-012
  1.224000000000000E-008  5.022178685995927E-012
  1.224300000000000E-008  5.022178685905987E-012
  1.224600000000000E-008  5.014403859511347E-012
  1.224900000000000E-008  5.006641048116692E-012
  1.225200000000000E-008  4.998889931322025E-012
  1.225500000000000E-008  4.991150989727368E-012
  1.225800000000000E-008  4.983423742732653E-012
  1.226100000000000E-008  4.975708350537944E-012
  1.226400000000000E-008  4.968004813143227E-012
  1.226700000000000E-008  4.960313290748491E-012
  1.227000000000000E-008  4.952633302753747E-012
  1.227300000000000E-008  4.944965329758987E-012
  1.227600000000000E-008  4.937309051364216E-012
  1.227900000000000E-008  4.929664467569430E-012
  1.228200000000000E-008  4.922031578374633E-012
  1.228500000000000E-008  4.914410543979821E-012
  1.228800000000000E-008  4.906801204184998E-012
  1.229100000000000E-008  4.899203558990161E-012
  1.229400000000000E-008  4.891617448195312E-012
  1.229700000000000E-008  4.891617448107305E-012
  1.230000000000000E-008  4.884043031912551E-012
  1.230300000000000E-008  4.876480310317780E-012
  1.230600000000000E-008  4.868929123123027E-012
  1.230900000000000E-008  4.861389630528210E-012
  1.231200000000000E-008  4.853861672333401E-012
  1.231500000000000E-008  4.846345248538582E-012
  1.231800000000000E-008  4.838840359143750E-012
  1.232100000000000E-008  4.831347004148904E-012
  1.232400000000000E-008  4.823865183554045E-012
  1.232700000000000E-008  4.816394737159175E-012
  1.233000000000000E-008  4.808935825164293E-012
  1.233300000000000E-008  4.801488447569396E-012
  1.233600000000000E-008  4.794052444174487E-012
  1.233900000000000E-008  4.786627814979565E-012
  1.234200000000000E-008  4.779214720184631E-012
  1.234500000000000E-008  4.771812839389684E-012
  1.234800000000000E-008  4.764422492994726E-012
  1.235100000000000E-008  4.757043360599753E-012
  1.235400000000000E-008  4.757043360513744E-012
  1.235700000000000E-008  4.749675602318892E-012
  1.236000000000000E-008  4.742319218323974E-012
  1.236300000000000E-008  4.734974048329068E-012
  1.236600000000000E-008  4.727640092334151E-012
  1.236900000000000E-008  4.720317510539221E-012
  1.237200000000000E-008  4.713006142744279E-012
  1.237500000000000E-008  4.705705988949324E-012
  1.237800000000000E-008  4.698417209354356E-012
  1.238100000000000E-008  4.691139483559374E-012
  1.238400000000000E-008  4.683872811564383E-012
  1.238700000000000E-008  4.676617513769378E-012
  1.239000000000000E-008  4.669373269774359E-012
  1.239300000000000E-008  4.662140079579330E-012
  1.239600000000000E-008  4.654918103384288E-012
  1.239900000000000E-008  4.647707180989233E-012
  1.240200000000000E-008  4.640507312394166E-012
  1.240500000000000E-008  4.633318497599087E-012
  1.240800000000000E-008  4.633318497514959E-012
  1.241100000000000E-008  4.626140736519943E-012
  1.241400000000000E-008  4.618974029324942E-012
  1.241700000000000E-008  4.611818375929927E-012
  1.242000000000000E-008  4.604673616134900E-012
  1.242300000000000E-008  4.597539749939862E-012
  1.242600000000000E-008  4.590416937544813E-012
  1.242900000000000E-008  4.583305178949749E-012
  1.243200000000000E-008  4.576204153754675E-012
  1.243500000000000E-008  4.569114182359586E-012
  1.243800000000000E-008  4.562034944364487E-012
  1.244100000000000E-008  4.554966760169375E-012
  1.244400000000000E-008  4.547909309374251E-012
  1.244700000000000E-008  4.540862752179115E-012
  1.245000000000000E-008  4.533826928383966E-012
  1.245300000000000E-008  4.526801998188805E-012
  1.245600000000000E-008  4.519787801393635E-012
  1.245900000000000E-008  4.512784498198448E-012
  1.246200000000000E-008  4.512784498116107E-012
  1.246500000000000E-008  4.505791768121012E-012
  1.246800000000000E-008  4.498809931725904E-012
  1.247100000000000E-008  4.491838828730782E-012
  1.247400000000000E-008  4.484878298935650E-012
  1.247700000000000E-008  4.477928502540507E-012
  1.248000000000000E-008  4.470989439545349E-012
  1.248300000000000E-008  4.464060949750182E-012
  1.248600000000000E-008  4.457143193355000E-012
  1.248900000000000E-008  4.450236010159809E-012
  1.249200000000000E-008  4.443339560364603E-012
  1.249500000000000E-008  4.436453523569388E-012
  1.249800000000000E-008  4.429578220174159E-012
  1.250100000000000E-008  4.422713329778918E-012
  1.250400000000000E-008  4.415859012583665E-012
  1.250700000000000E-008  4.409015268588405E-012
  1.251000000000000E-008  4.402182097793127E-012
  1.251300000000000E-008  4.395359339997838E-012
  1.251600000000000E-008  4.395359339917274E-012
  1.251900000000000E-008  4.388546995122073E-012
  1.252200000000000E-008  4.381745223526860E-012
  1.252500000000000E-008  4.374953864931636E-012
  1.252800000000000E-008  4.368172919336401E-012
  1.253100000000000E-008  4.361402546941152E-012
  1.253400000000000E-008  4.354642427345892E-012
  1.253700000000000E-008  4.347892720750619E-012
  1.254000000000000E-008  4.341153266955336E-012
  1.254300000000000E-008  4.334424386360041E-012
  1.254600000000000E-008  4.327705758564733E-012
  1.254900000000000E-008  4.320997383569414E-012
  1.255200000000000E-008  4.314299261374083E-012
  1.255500000000000E-008  4.307611552178740E-012
  1.255800000000000E-008  4.300934095783391E-012
  1.256100000000000E-008  4.294266892188024E-012
  1.256400000000000E-008  4.287609941392644E-012
  1.256700000000000E-008  4.280963243397255E-012
  1.257000000000000E-008  4.280963243318431E-012
  1.257300000000000E-008  4.274326637923130E-012
  1.257600000000000E-008  4.267700445527812E-012
  1.257900000000000E-008  4.261084185532487E-012
  1.258200000000000E-008  4.254478178337149E-012
  1.258500000000000E-008  4.247882423941799E-012
  1.258800000000000E-008  4.241296762146436E-012
  1.259100000000000E-008  4.234721192951064E-012
  1.259400000000000E-008  4.228155716355678E-012
  1.259700000000000E-008  4.221600332360281E-012
  1.260000000000000E-008  4.215055040964874E-012
  1.260300000000000E-008  4.208519681969456E-012
  1.260600000000000E-008  4.201994415574023E-012
  1.260900000000000E-008  4.195479241778587E-012
  1.261200000000000E-008  4.188974160583130E-012
  1.261500000000000E-008  4.182478851587662E-012
  1.261800000000000E-008  4.175993795392187E-012
  1.262100000000000E-008  4.169518511396698E-012
  1.262400000000000E-008  4.169518511319579E-012
  1.262700000000000E-008  4.163053159724175E-012
  1.263000000000000E-008  4.156597740528762E-012
  1.263300000000000E-008  4.150152413933333E-012
  1.263600000000000E-008  4.143716859537896E-012
  1.263900000000000E-008  4.137291237542443E-012
  1.264200000000000E-008  4.130875387746983E-012
  1.264500000000000E-008  4.124469470351513E-012
  1.264800000000000E-008  4.118073485356026E-012
  1.265100000000000E-008  4.111687112360533E-012
  1.265400000000000E-008  4.105310831965026E-012
  1.265700000000000E-008  4.098944163569509E-012
  1.266000000000000E-008  4.092587267373978E-012
  1.266300000000000E-008  4.086240143378446E-012
  1.266600000000000E-008  4.079902791582890E-012
  1.266900000000000E-008  4.073575211987326E-012
  1.267200000000000E-008  4.067257404591753E-012
  1.267500000000000E-008  4.060949209196168E-012
  1.267800000000000E-008  4.060949209120719E-012
  1.268100000000000E-008  4.054650785925215E-012
  1.268400000000000E-008  4.048361974729703E-012
  1.268700000000000E-008  4.042082935734176E-012
  1.269000000000000E-008  4.035813348538640E-012
  1.269300000000000E-008  4.029553533543093E-012
  1.269600000000000E-008  4.023303330547534E-012
  1.269900000000000E-008  4.017062739551964E-012
  1.270200000000000E-008  4.010831760556382E-012
  1.270500000000000E-008  4.004610233360792E-012
  1.270800000000000E-008  3.998398478365188E-012
  1.271100000000000E-008  3.992196014969573E-012
  1.271400000000000E-008  3.986003323773957E-012
  1.271700000000000E-008  3.979819924178317E-012
  1.272000000000000E-008  3.973646296782666E-012
  1.272300000000000E-008  3.967481960987009E-012
  1.272600000000000E-008  3.961327076991342E-012
  1.272900000000000E-008  3.955181804995661E-012
  1.273200000000000E-008  3.949045824599971E-012
  1.273500000000000E-008  3.949045824526247E-012
  1.273800000000000E-008  3.942919295930637E-012
  1.274100000000000E-008  3.936802219135017E-012
  1.274400000000000E-008  3.930694594139383E-012
  1.274700000000000E-008  3.924596260743741E-012
  1.275000000000000E-008  3.918507379148088E-012
  1.275300000000000E-008  3.912427949352420E-012
  1.275600000000000E-008  3.906357650956745E-012
  1.275900000000000E-008  3.900296804361059E-012
  1.276200000000000E-008  3.894245249365358E-012
  1.276500000000000E-008  3.888202985969663E-012
  1.276800000000000E-008  3.882170014173936E-012
  1.277100000000000E-008  3.876146333978204E-012
  1.277400000000000E-008  3.870131945382464E-012
  1.277700000000000E-008  3.864126688186712E-012
  1.278000000000000E-008  3.858130722590951E-012
  1.278300000000000E-008  3.852144048595179E-012
  1.278600000000000E-008  3.846166505999396E-012
  1.278900000000000E-008  3.846166505927270E-012
  1.279200000000000E-008  3.840198094731567E-012
  1.279500000000000E-008  3.834238975135852E-012
  1.279800000000000E-008  3.828288986940123E-012
  1.280100000000000E-008  3.822347969944387E-012
  1.280400000000000E-008  3.816416244548641E-012
  1.280700000000000E-008  3.810493650552882E-012
  1.281000000000000E-008  3.804580187957113E-012
  1.281300000000000E-008  3.798675696561332E-012
  1.281600000000000E-008  3.792780336565555E-012
  1.281900000000000E-008  3.786894107969746E-012
  1.282200000000000E-008  3.781016850573932E-012
  1.282500000000000E-008  3.775148724578110E-012
  1.282800000000000E-008  3.769289409582278E-012
  1.283100000000000E-008  3.763439225986437E-012
  1.283400000000000E-008  3.757598173790583E-012
  1.283700000000000E-008  3.751765932594719E-012
  1.284000000000000E-008  3.745942662598846E-012
  1.284300000000000E-008  3.745942662528287E-012
  1.284600000000000E-008  3.740128363732489E-012
  1.284900000000000E-008  3.734323036136682E-012
  1.285200000000000E-008  3.728526679740863E-012
  1.285500000000000E-008  3.722739134345036E-012
  1.285800000000000E-008  3.716960560149195E-012
  1.286100000000000E-008  3.711190796953348E-012
  1.286400000000000E-008  3.705430004957483E-012
  1.286700000000000E-008  3.699677863761629E-012
  1.287000000000000E-008  3.693934853965737E-012
  1.287300000000000E-008  3.688200494969843E-012
  1.287600000000000E-008  3.682474946973943E-012
  1.287900000000000E-008  3.676758209978031E-012
  1.288200000000000E-008  3.671050283982109E-012
  1.288500000000000E-008  3.665351168986177E-012
  1.288800000000000E-008  3.659660864990235E-012
  1.289100000000000E-008  3.653979211794282E-012
  1.289400000000000E-008  3.648306209398319E-012
  1.289700000000000E-008  3.648306209329296E-012
  1.290000000000000E-008  3.642642178133405E-012
  1.290300000000000E-008  3.636986637537508E-012
  1.290600000000000E-008  3.631339907941600E-012
  1.290900000000000E-008  3.625701829145681E-012
  1.291200000000000E-008  3.620072401149753E-012
  1.291500000000000E-008  3.614451623953811E-012
  1.291800000000000E-008  3.608839497557878E-012
  1.292100000000000E-008  3.603236021961907E-012
  1.292400000000000E-008  3.597641197165934E-012
  1.292700000000000E-008  3.592054862969956E-012
  1.293000000000000E-008  3.586477179573966E-012
  1.293300000000000E-008  3.580908146977966E-012
  1.293600000000000E-008  3.575347604981956E-012
  1.293900000000000E-008  3.569795553585936E-012
  1.294200000000000E-008  3.564252152989907E-012
  1.294500000000000E-008  3.558717242993866E-012
  1.294800000000000E-008  3.553190823597816E-012
  1.295100000000000E-008  3.553190823530293E-012
  1.295400000000000E-008  3.547672894734316E-012
  1.295700000000000E-008  3.542163456538330E-012
  1.296000000000000E-008  3.536662508942333E-012
  1.296300000000000E-008  3.531170051946326E-012
  1.296600000000000E-008  3.525685925350307E-012
  1.296900000000000E-008  3.520210289354299E-012
  1.297200000000000E-008  3.514743143958248E-012
  1.297500000000000E-008  3.509284328962199E-012
  1.297800000000000E-008  3.503834004566144E-012
  1.298100000000000E-008  3.498392010570077E-012
  1.298400000000000E-008  3.492958346974001E-012
  1.298700000000000E-008  3.487533013777915E-012
  1.299000000000000E-008  3.482116171181819E-012
  1.299300000000000E-008  3.476707498785713E-012
  1.299600000000000E-008  3.471307156789598E-012
  1.299900000000000E-008  3.465915305393472E-012
  1.300200000000000E-008  3.460531463997337E-012
  1.300500000000000E-008  3.460531463931284E-012
  1.300800000000000E-008  3.455156113135219E-012
  1.301100000000000E-008  3.449788932539147E-012
  1.301400000000000E-008  3.444430082343063E-012
  1.301700000000000E-008  3.439079402346969E-012
  1.302000000000000E-008  3.433737052750884E-012
  1.302300000000000E-008  3.428402873354757E-012
  1.302600000000000E-008  3.423076864158632E-012
  1.302900000000000E-008  3.417759025162501E-012
  1.303200000000000E-008  3.412449356366359E-012
  1.303500000000000E-008  3.407147857770209E-012
  1.303800000000000E-008  3.401854689574048E-012
  1.304100000000000E-008  3.396569531377876E-012
  1.304400000000000E-008  3.391292383181696E-012
  1.304700000000000E-008  3.386023565385507E-012
  1.305000000000000E-008  3.380762757589307E-012
  1.305300000000000E-008  3.375509959793097E-012
  1.305600000000000E-008  3.370265332196879E-012
  1.305900000000000E-008  3.370265332132264E-012
  1.306200000000000E-008  3.365028714536117E-012
  1.306500000000000E-008  3.359800267139959E-012
  1.306800000000000E-008  3.354579829743787E-012
  1.307100000000000E-008  3.349367242147630E-012
  1.307400000000000E-008  3.344162824751428E-012
  1.307700000000000E-008  3.338966417355229E-012
  1.308000000000000E-008  3.333778019959024E-012
  1.308300000000000E-008  3.328597632562808E-012
  1.308600000000000E-008  3.323425094966583E-012
  1.308900000000000E-008  3.318260567370349E-012
  1.309200000000000E-008  3.313104049774104E-012
  1.309500000000000E-008  3.307955381977851E-012
  1.309800000000000E-008  3.302814563981588E-012
  1.310100000000000E-008  3.297681755985316E-012
  1.310400000000000E-008  3.292556957989034E-012
  1.310700000000000E-008  3.287439849592742E-012
  1.311000000000000E-008  3.282330751196442E-012
  1.311300000000000E-008  3.282330751133236E-012
  1.311600000000000E-008  3.277229342337006E-012
  1.311900000000000E-008  3.272135943540766E-012
  1.312200000000000E-008  3.267050394544511E-012
  1.312500000000000E-008  3.261972535148271E-012
  1.312800000000000E-008  3.256902525551986E-012
  1.313100000000000E-008  3.251840365755706E-012
  1.313400000000000E-008  3.246786055759418E-012
  1.313700000000000E-008  3.241739435363119E-012
  1.314000000000000E-008  3.236700504566814E-012
  1.314300000000000E-008  3.231669423570497E-012
  1.314600000000000E-008  3.226646032174173E-012
  1.314900000000000E-008  3.221630490577837E-012
  1.315200000000000E-008  3.216622478381494E-012
  1.315500000000000E-008  3.211622315985140E-012
  1.315800000000000E-008  3.206629843188778E-012
  1.316100000000000E-008  3.201644899792407E-012
  1.316400000000000E-008  3.196667806196026E-012
  1.316700000000000E-008  3.191698241999636E-012
  1.317000000000000E-008  3.191698241937888E-012
  1.317300000000000E-008  3.186736367341565E-012
  1.317600000000000E-008  3.181782182345251E-012
  1.317900000000000E-008  3.176835526748894E-012
  1.318200000000000E-008  3.171896560752544E-012
  1.318500000000000E-008  3.166965284356182E-012
  1.318800000000000E-008  3.162041377159815E-012
  1.319100000000000E-008  3.157125159563437E-012
  1.319400000000000E-008  3.152216471367051E-012
  1.319700000000000E-008  3.147315472770654E-012
  1.320000000000000E-008  3.142421843374249E-012
  1.320300000000000E-008  3.137535743377836E-012
  1.320600000000000E-008  3.132657332981413E-012
  1.320900000000000E-008  3.127786291784980E-012
  1.321200000000000E-008  3.122922779988539E-012
  1.321500000000000E-008  3.118066797592089E-012
  1.321800000000000E-008  3.113218184395630E-012
  1.322100000000000E-008  3.108377100599162E-012
  1.322400000000000E-008  3.108377100538762E-012
  1.322700000000000E-008  3.103543385942380E-012
  1.323000000000000E-008  3.098717200745950E-012
  1.323300000000000E-008  3.093898384749530E-012
  1.323600000000000E-008  3.089087098153101E-012
  1.323900000000000E-008  3.084283180756661E-012
  1.324200000000000E-008  3.079486472360214E-012
  1.324500000000000E-008  3.074697293363759E-012
  1.324800000000000E-008  3.069915483567294E-012
  1.325100000000000E-008  3.065141042970820E-012
  1.325400000000000E-008  3.060373971574337E-012
  1.325700000000000E-008  3.055614269377845E-012
  1.326000000000000E-008  3.050861776181344E-012
  1.326300000000000E-008  3.046116652184834E-012
  1.326600000000000E-008  3.041378737188316E-012
  1.326900000000000E-008  3.036648191391789E-012
  1.327200000000000E-008  3.031925014795253E-012
  1.327500000000000E-008  3.027209047198709E-012
  1.327800000000000E-008  3.027209047139650E-012
  1.328100000000000E-008  3.022500288543150E-012
  1.328400000000000E-008  3.017798738946663E-012
  1.328700000000000E-008  3.013104558550164E-012
  1.329000000000000E-008  3.008417587153656E-012
  1.329300000000000E-008  3.003737664557142E-012
  1.329600000000000E-008  2.999065111160618E-012
  1.329900000000000E-008  2.994399766764084E-012
  1.330200000000000E-008  2.989741471167542E-012
  1.330500000000000E-008  2.985090384570992E-012
  1.330800000000000E-008  2.980446506974433E-012
  1.331100000000000E-008  2.975809838377865E-012
  1.331400000000000E-008  2.971180218581288E-012
  1.331700000000000E-008  2.966557647584703E-012
  1.332000000000000E-008  2.961942285588109E-012
  1.332300000000000E-008  2.957333972391506E-012
  1.332600000000000E-008  2.952732868194896E-012
  1.332900000000000E-008  2.948138812798275E-012
  1.333200000000000E-008  2.948138812740492E-012
  1.333500000000000E-008  2.943551806143935E-012
  1.333800000000000E-008  2.938971848347367E-012
  1.334100000000000E-008  2.934398779150795E-012
  1.334400000000000E-008  2.929832918954213E-012
  1.334700000000000E-008  2.925274107557622E-012
  1.335000000000000E-008  2.920722344961022E-012
  1.335300000000000E-008  2.916177470964414E-012
  1.335600000000000E-008  2.911639645767797E-012
  1.335900000000000E-008  2.907108869371171E-012
  1.336200000000000E-008  2.902584981574538E-012
  1.336500000000000E-008  2.898068142577895E-012
  1.336800000000000E-008  2.893558192181243E-012
  1.337100000000000E-008  2.889055130384585E-012
  1.337400000000000E-008  2.884559117387916E-012
  1.337700000000000E-008  2.880069992991242E-012
  1.338000000000000E-008  2.875587757194555E-012
  1.338300000000000E-008  2.871112409997861E-012
  1.338600000000000E-008  2.871112409941344E-012
  1.338900000000000E-008  2.866643951344712E-012
  1.339200000000000E-008  2.862182381348072E-012
  1.339500000000000E-008  2.857727699951425E-012
  1.339800000000000E-008  2.853279907154767E-012
  1.340100000000000E-008  2.848838842758102E-012
  1.340400000000000E-008  2.844404666961429E-012
  1.340700000000000E-008  2.839977379764746E-012
  1.341000000000000E-008  2.835556820968056E-012
  1.341300000000000E-008  2.831143150771357E-012
  1.341600000000000E-008  2.826736208974650E-012
  1.341900000000000E-008  2.822336155777935E-012
  1.342200000000000E-008  2.817942830981211E-012
  1.342500000000000E-008  2.813556234584477E-012
  1.342800000000000E-008  2.809176366587741E-012
  1.343100000000000E-008  2.804803387190991E-012
  1.343400000000000E-008  2.800436975994232E-012
  1.343700000000000E-008  2.796077293197467E-012
  1.344000000000000E-008  2.796077293142191E-012
  1.344300000000000E-008  2.791724498945484E-012
  1.344600000000000E-008  2.787378272948772E-012
  1.344900000000000E-008  2.783038775352049E-012
  1.345200000000000E-008  2.778705845955320E-012
  1.345500000000000E-008  2.774379644958583E-012
  1.345800000000000E-008  2.770060172361838E-012
  1.346100000000000E-008  2.765747428165082E-012
  1.346400000000000E-008  2.761441091968321E-012
  1.346700000000000E-008  2.757141644371549E-012
  1.347000000000000E-008  2.752848604774771E-012
  1.347300000000000E-008  2.748562293577984E-012
  1.347600000000000E-008  2.744282550581187E-012
  1.347900000000000E-008  2.740009375784389E-012
  1.348200000000000E-008  2.735742769187575E-012
  1.348500000000000E-008  2.731482890990754E-012
  1.348800000000000E-008  2.727229420793927E-012
  1.349100000000000E-008  2.722982518797091E-012
  1.349400000000000E-008  2.722982518743027E-012
  1.349700000000000E-008  2.718742184946249E-012
  1.350000000000000E-008  2.714508259149467E-012
  1.350300000000000E-008  2.710281061752673E-012
  1.350600000000000E-008  2.706060272355871E-012
  1.350900000000000E-008  2.701845890959063E-012
  1.351200000000000E-008  2.697638077762247E-012
  1.351500000000000E-008  2.693436832765422E-012
  1.351800000000000E-008  2.689241995768588E-012
  1.352100000000000E-008  2.685053566771748E-012
  1.352400000000000E-008  2.680871705974898E-012
  1.352700000000000E-008  2.676696092978040E-012
  1.353000000000000E-008  2.672527048181182E-012
  1.353300000000000E-008  2.668364411384305E-012
  1.353600000000000E-008  2.664208182587422E-012
  1.353900000000000E-008  2.660058361790534E-012
  1.354200000000000E-008  2.655914948993637E-012
  1.354500000000000E-008  2.651777944196733E-012
  1.354800000000000E-008  2.647647187199820E-012
  1.355100000000000E-008  2.647647187147009E-012
  1.355400000000000E-008  2.643522838150155E-012
  1.355700000000000E-008  2.639404897153294E-012
  1.356000000000000E-008  2.635293364156420E-012
  1.356300000000000E-008  2.631187918759545E-012
  1.356600000000000E-008  2.627089041562658E-012
  1.356900000000000E-008  2.622996412165763E-012
  1.357200000000000E-008  2.618910030568860E-012
  1.357500000000000E-008  2.614829896771952E-012
  1.357800000000000E-008  2.610756170975034E-012
  1.358100000000000E-008  2.606688692978107E-012
  1.358400000000000E-008  2.602627462781180E-012
  1.358700000000000E-008  2.598572480384235E-012
  1.359000000000000E-008  2.594523745787284E-012
  1.359300000000000E-008  2.590481258990328E-012
  1.359600000000000E-008  2.586445019993363E-012
  1.359900000000000E-008  2.582415028796391E-012
  1.360200000000000E-008  2.578391125199411E-012
  1.360500000000000E-008  2.578391125147763E-012
  1.360800000000000E-008  2.574373469350840E-012
  1.361100000000000E-008  2.570362061353908E-012
  1.361400000000000E-008  2.566356740956970E-012
  1.361700000000000E-008  2.562357668360023E-012
  1.362000000000000E-008  2.558364683363070E-012
  1.362300000000000E-008  2.554377946166107E-012
  1.362600000000000E-008  2.550397296569137E-012
  1.362900000000000E-008  2.546422734572161E-012
  1.363200000000000E-008  2.542454420375174E-012
  1.363500000000000E-008  2.538492193778189E-012
  1.363800000000000E-008  2.534535894581184E-012
  1.364100000000000E-008  2.530585843184174E-012
  1.364400000000000E-008  2.526641879387160E-012
  1.364700000000000E-008  2.522704003190136E-012
  1.365000000000000E-008  2.518772214593105E-012
  1.365300000000000E-008  2.514846353396067E-012
  1.365600000000000E-008  2.510926579799021E-012
  1.365900000000000E-008  2.510926579748510E-012
  1.366200000000000E-008  2.507012893751520E-012
  1.366500000000000E-008  2.503105295354520E-012
  1.366800000000000E-008  2.499203624357516E-012
  1.367100000000000E-008  2.495308040960502E-012
  1.367400000000000E-008  2.491418384963481E-012
  1.367700000000000E-008  2.487534656366453E-012
  1.368000000000000E-008  2.483657015369418E-012
  1.368300000000000E-008  2.479785301772373E-012
  1.368600000000000E-008  2.475919675775332E-012
  1.368900000000000E-008  2.472059977178267E-012
  1.369200000000000E-008  2.468206045781199E-012
  1.369500000000000E-008  2.464358201984126E-012
  1.369800000000000E-008  2.460516285587045E-012
  1.370100000000000E-008  2.456680296589957E-012
  1.370400000000000E-008  2.452850074792862E-012
  1.370700000000000E-008  2.449025940595758E-012
  1.371000000000000E-008  2.445207573598648E-012
  1.371300000000000E-008  2.445207573549249E-012
  1.371600000000000E-008  2.441395133952194E-012
  1.371900000000000E-008  2.437588621755129E-012
  1.372200000000000E-008  2.433787876758059E-012
  1.372500000000000E-008  2.429993059160981E-012
  1.372800000000000E-008  2.426204168963895E-012
  1.373100000000000E-008  2.422421045966802E-012
  1.373400000000000E-008  2.418643690169700E-012
  1.373700000000000E-008  2.414872261772600E-012
  1.374000000000000E-008  2.411106440375480E-012
  1.374300000000000E-008  2.407346706578354E-012
  1.374600000000000E-008  2.403592579781224E-012
  1.374900000000000E-008  2.399844220184088E-012
  1.375200000000000E-008  2.396101787986943E-012
  1.375500000000000E-008  2.392364962789791E-012
  1.375800000000000E-008  2.388633904792632E-012
  1.376100000000000E-008  2.384908774195466E-012
  1.376400000000000E-008  2.381189250598292E-012
  1.376700000000000E-008  2.381189250549983E-012
  1.377000000000000E-008  2.377475494152863E-012
  1.377300000000000E-008  2.373767504955734E-012
  1.377600000000000E-008  2.370065122758600E-012
  1.377900000000000E-008  2.366368507761456E-012
  1.378200000000000E-008  2.362677499764308E-012
  1.378500000000000E-008  2.358992258967150E-012
  1.378800000000000E-008  2.355312785369997E-012
  1.379100000000000E-008  2.351638918772817E-012
  1.379400000000000E-008  2.347970659175638E-012
  1.379700000000000E-008  2.344308166778451E-012
  1.380000000000000E-008  2.340651121181259E-012
  1.380300000000000E-008  2.336999842784059E-012
  1.380600000000000E-008  2.333354171386852E-012
  1.380900000000000E-008  2.329714267189638E-012
  1.381200000000000E-008  2.326079809792416E-012
  1.381500000000000E-008  2.322450959395188E-012
  1.381800000000000E-008  2.318827715997952E-012
  1.382100000000000E-008  2.318827715950709E-012
  1.382400000000000E-008  2.315210079553527E-012
  1.382700000000000E-008  2.311598050156334E-012
  1.383000000000000E-008  2.307991467559137E-012
  1.383300000000000E-008  2.304390491961933E-012
  1.383600000000000E-008  2.300795123364720E-012
  1.383900000000000E-008  2.297205361767512E-012
  1.384200000000000E-008  2.293621046970276E-012
  1.384500000000000E-008  2.290042178973042E-012
  1.384800000000000E-008  2.286468917975803E-012
  1.385100000000000E-008  2.282901263978555E-012
  1.385400000000000E-008  2.279338896581301E-012
  1.385700000000000E-008  2.275782136184041E-012
  1.386000000000000E-008  2.272230982786772E-012
  1.386300000000000E-008  2.268685115989496E-012
  1.386600000000000E-008  2.265144695992214E-012
  1.386900000000000E-008  2.261609882994925E-012
  1.387200000000000E-008  2.258080516797629E-012
  1.387500000000000E-008  2.258080516751428E-012
  1.387800000000000E-008  2.254556437154186E-012
  1.388100000000000E-008  2.251037964556931E-012
  1.388400000000000E-008  2.247524778559673E-012
  1.388700000000000E-008  2.244017039362406E-012
  1.389000000000000E-008  2.240514746965144E-012
  1.389300000000000E-008  2.237017741167856E-012
  1.389600000000000E-008  2.233526342370567E-012
  1.389900000000000E-008  2.230040230173273E-012
  1.390200000000000E-008  2.226559404575973E-012
  1.390500000000000E-008  2.223084025778665E-012
  1.390800000000000E-008  2.219613933581351E-012
  1.391100000000000E-008  2.216149288184029E-012
  1.391400000000000E-008  2.212689929386701E-012
  1.391700000000000E-008  2.209236017389366E-012
  1.392000000000000E-008  2.205787231792024E-012
  1.392300000000000E-008  2.202343892994676E-012
  1.392600000000000E-008  2.198905840797320E-012
  1.392900000000000E-008  2.195473075199958E-012
  1.393200000000000E-008  2.195473075154836E-012
  1.393500000000000E-008  2.192045596157527E-012
  1.393800000000000E-008  2.188623563960204E-012
  1.394100000000000E-008  2.185206658162892E-012
  1.394400000000000E-008  2.181795038965546E-012
  1.394700000000000E-008  2.178388546168207E-012
  1.395000000000000E-008  2.174987500170860E-012
  1.395300000000000E-008  2.171591580573507E-012
  1.395600000000000E-008  2.168200947576148E-012
  1.395900000000000E-008  2.164815601178780E-012
  1.396200000000000E-008  2.161435381181408E-012
  1.396500000000000E-008  2.158060447784028E-012
  1.396800000000000E-008  2.154690800986640E-012
  1.397100000000000E-008  2.151326120389247E-012
  1.397400000000000E-008  2.147966726391848E-012
  1.397700000000000E-008  2.144612618994441E-012
  1.398000000000000E-008  2.141263637997027E-012
  1.398300000000000E-008  2.137919783399607E-012
  1.398600000000000E-008  2.137919783355484E-012
  1.398900000000000E-008  2.134581055158112E-012
  1.399200000000000E-008  2.131247453360735E-012
  1.399500000000000E-008  2.127919138163361E-012
  1.399800000000000E-008  2.124595789165960E-012
  1.400100000000000E-008  2.121277726768560E-012
  1.400400000000000E-008  2.117964630571156E-012
  1.400700000000000E-008  2.114656660773744E-012
  1.401000000000000E-008  2.111353817376327E-012
  1.401300000000000E-008  2.108056100378902E-012
  1.401600000000000E-008  2.104763509781472E-012
  1.401900000000000E-008  2.101476045584034E-012
  1.402200000000000E-008  2.098193547586589E-012
  1.402500000000000E-008  2.094916015789139E-012
  1.402800000000000E-008  2.091643770591681E-012
  1.403100000000000E-008  2.088376331394218E-012
  1.403400000000000E-008  2.085114178796747E-012
  1.403700000000000E-008  2.081856832199271E-012
  1.404000000000000E-008  2.081856832156126E-012
  1.404300000000000E-008  2.078604611958695E-012
  1.404600000000000E-008  2.075357357961274E-012
  1.404900000000000E-008  2.072115230363819E-012
  1.405200000000000E-008  2.068878068966370E-012
  1.405500000000000E-008  2.065645873768915E-012
  1.405800000000000E-008  2.062418644771453E-012
  1.406100000000000E-008  2.059196381973985E-012
  1.406400000000000E-008  2.055979085376510E-012
  1.406700000000000E-008  2.052766754979030E-012
  1.407000000000000E-008  2.049559550981542E-012
  1.407300000000000E-008  2.046357152984047E-012
  1.407600000000000E-008  2.043159560986548E-012
  1.407900000000000E-008  2.039967095389041E-012
  1.408200000000000E-008  2.036779435791527E-012
  1.408500000000000E-008  2.033596742394008E-012
  1.408800000000000E-008  2.030419015196482E-012
  1.409100000000000E-008  2.027246254198950E-012
  1.409400000000000E-008  2.027246254156759E-012
  1.409700000000000E-008  2.024078138959290E-012
  1.410000000000000E-008  2.020915150161785E-012
  1.410300000000000E-008  2.017756967364284E-012
  1.410600000000000E-008  2.014603590566781E-012
  1.410900000000000E-008  2.011455179969269E-012
  1.411200000000000E-008  2.008311575371752E-012
  1.411500000000000E-008  2.005172776774227E-012
  1.411800000000000E-008  2.002038784176698E-012
  1.412100000000000E-008  1.998909757779162E-012
  1.412400000000000E-008  1.995785537381619E-012
  1.412700000000000E-008  1.992666122984070E-012
  1.413000000000000E-008  1.989551514586514E-012
  1.413300000000000E-008  1.986441712188952E-012
  1.413600000000000E-008  1.983336555591385E-012
  1.413900000000000E-008  1.980236365193811E-012
  1.414200000000000E-008  1.977140980796230E-012
  1.414500000000000E-008  1.974050242198644E-012
  1.414800000000000E-008  1.974050242157406E-012
  1.415100000000000E-008  1.970964469759850E-012
  1.415400000000000E-008  1.967883343162302E-012
  1.415700000000000E-008  1.964806862364751E-012
  1.416000000000000E-008  1.961735347767191E-012
  1.416300000000000E-008  1.958668478969624E-012
  1.416600000000000E-008  1.955606255972052E-012
  1.416900000000000E-008  1.952548838974473E-012
  1.417200000000000E-008  1.949496067776890E-012
  1.417500000000000E-008  1.946448102579298E-012
  1.417800000000000E-008  1.943404783181702E-012
  1.418100000000000E-008  1.940366269784098E-012
  1.418400000000000E-008  1.937332241986489E-012
  1.418700000000000E-008  1.934303020188875E-012
  1.419000000000000E-008  1.931278604391253E-012
  1.419300000000000E-008  1.928258674193625E-012
  1.419600000000000E-008  1.925243389795992E-012
  1.419900000000000E-008  1.922232911398352E-012
  1.420200000000000E-008  1.922232911358014E-012
  1.420500000000000E-008  1.919226918560419E-012
  1.420800000000000E-008  1.916225571562821E-012
  1.421100000000000E-008  1.913229030565212E-012
  1.421400000000000E-008  1.910236975167598E-012
  1.421700000000000E-008  1.907249565569979E-012
  1.422000000000000E-008  1.904266801772352E-012
  1.422300000000000E-008  1.901288523574721E-012
  1.422600000000000E-008  1.898314891177084E-012
  1.422900000000000E-008  1.895345904579441E-012
  1.423200000000000E-008  1.892381563781790E-012
  1.423500000000000E-008  1.889421708584134E-012
  1.423800000000000E-008  1.886466338986472E-012
  1.424100000000000E-008  1.883515615188805E-012
  1.424400000000000E-008  1.880569537191131E-012
  1.424700000000000E-008  1.877627944793453E-012
  1.425000000000000E-008  1.874690837995766E-012
  1.425300000000000E-008  1.871758376998074E-012
  1.425600000000000E-008  1.871758376958632E-012
  1.425900000000000E-008  1.868830241360985E-012
  1.426200000000000E-008  1.865906751563331E-012
  1.426500000000000E-008  1.862987747365673E-012
  1.426800000000000E-008  1.860073388968005E-012
  1.427100000000000E-008  1.857163355970332E-012
  1.427400000000000E-008  1.854257808572656E-012
  1.427700000000000E-008  1.851356906974971E-012
  1.428000000000000E-008  1.848460330777281E-012
  1.428300000000000E-008  1.845568240179587E-012
  1.428600000000000E-008  1.842680795381885E-012
  1.428900000000000E-008  1.839797675984176E-012
  1.429200000000000E-008  1.836918881986464E-012
  1.429500000000000E-008  1.834044733788743E-012
  1.429800000000000E-008  1.831174910991022E-012
  1.430100000000000E-008  1.828309573793289E-012
  1.430400000000000E-008  1.825448561995551E-012
  1.430700000000000E-008  1.822592035797809E-012
  1.431000000000000E-008  1.822592035759247E-012
  1.431300000000000E-008  1.819739995161545E-012
  1.431600000000000E-008  1.816892279963839E-012
  1.431900000000000E-008  1.814048890166128E-012
  1.432200000000000E-008  1.811209985968412E-012
  1.432500000000000E-008  1.808375567370687E-012
  1.432800000000000E-008  1.805545313972958E-012
  1.433100000000000E-008  1.802719546175223E-012
  1.433400000000000E-008  1.799898103777483E-012
  1.433700000000000E-008  1.797081146979735E-012
  1.434000000000000E-008  1.794268355381984E-012
  1.434300000000000E-008  1.791460049384225E-012
  1.434600000000000E-008  1.788655908586461E-012
  1.434900000000000E-008  1.785856253388695E-012
  1.435200000000000E-008  1.783060763390918E-012
  1.435500000000000E-008  1.780269758993136E-012
  1.435800000000000E-008  1.777483079995349E-012
  1.436100000000000E-008  1.774700566197556E-012
  1.436400000000000E-008  1.771922377799758E-012
  1.436700000000000E-008  1.771922377762101E-012
  1.437000000000000E-008  1.769148514764345E-012
  1.437300000000000E-008  1.766378977166582E-012
  1.437600000000000E-008  1.763613604768814E-012
  1.437900000000000E-008  1.760852557771042E-012
  1.438200000000000E-008  1.758095836173261E-012
  1.438500000000000E-008  1.755343279775477E-012
  1.438800000000000E-008  1.752595048777686E-012
  1.439100000000000E-008  1.749850982979890E-012
  1.439400000000000E-008  1.747111242582088E-012
  1.439700000000000E-008  1.744375667384280E-012
  1.440000000000000E-008  1.741644417586470E-012
  1.440300000000000E-008  1.738917172788650E-012
  1.440600000000000E-008  1.736194413590823E-012
  1.440900000000000E-008  1.733475659392993E-012
  1.441200000000000E-008  1.730761070395157E-012
  1.441500000000000E-008  1.728050806797316E-012
  1.441800000000000E-008  1.725344708399469E-012
  1.442100000000000E-008  1.725344708362651E-012
  1.442400000000000E-008  1.722642775164845E-012
  1.442700000000000E-008  1.719945007167034E-012
  1.443000000000000E-008  1.717251404369217E-012
  1.443300000000000E-008  1.714561966771394E-012
  1.443600000000000E-008  1.711876694373566E-012
  1.443900000000000E-008  1.709195587175732E-012
  1.444200000000000E-008  1.706518645177891E-012
  1.444500000000000E-008  1.703845708180048E-012
  1.444800000000000E-008  1.701177096582197E-012
  1.445100000000000E-008  1.698512489984339E-012
  1.445400000000000E-008  1.695851888386483E-012
  1.445700000000000E-008  1.693195612188613E-012
  1.446000000000000E-008  1.690543340990738E-012
  1.446300000000000E-008  1.687895074792861E-012
  1.446600000000000E-008  1.685250973794977E-012
  1.446900000000000E-008  1.682611037997088E-012
  1.447200000000000E-008  1.679975107199194E-012
  1.447500000000000E-008  1.679975107163196E-012
  1.447800000000000E-008  1.677343181365343E-012
  1.448100000000000E-008  1.674715420767482E-012
  1.448400000000000E-008  1.672091665169618E-012
  1.448700000000000E-008  1.669472074771747E-012
  1.449000000000000E-008  1.666856489373868E-012
  1.449300000000000E-008  1.664244748775989E-012
  1.449600000000000E-008  1.661637333578100E-012
  1.449900000000000E-008  1.659033763180207E-012
  1.450200000000000E-008  1.656434197782309E-012
  1.450500000000000E-008  1.653838797584410E-012
  1.450800000000000E-008  1.651247242186499E-012
  1.451100000000000E-008  1.648659851988582E-012
  1.451400000000000E-008  1.646076306590663E-012
  1.451700000000000E-008  1.643496926392738E-012
  1.452000000000000E-008  1.640921390994807E-012
  1.452300000000000E-008  1.638349860596872E-012
  1.452600000000000E-008  1.635782335198930E-012
  1.452900000000000E-008  1.635782335163738E-012
  1.453200000000000E-008  1.633218814765834E-012
  1.453500000000000E-008  1.630659139167927E-012
  1.453800000000000E-008  1.628103468570016E-012
  1.454100000000000E-008  1.625551802972096E-012
  1.454400000000000E-008  1.623003982174174E-012
  1.454700000000000E-008  1.620460166376244E-012
  1.455000000000000E-008  1.617920195378311E-012
  1.455300000000000E-008  1.615384229380371E-012
  1.455600000000000E-008  1.612852268382433E-012
  1.455900000000000E-008  1.610324152184478E-012
  1.456200000000000E-008  1.607799880786521E-012
  1.456500000000000E-008  1.605279454188561E-012
  1.456800000000000E-008  1.602763032590596E-012
  1.457100000000000E-008  1.600250519872624E-012
  1.457400000000000E-008  1.597741851954648E-012
  1.457700000000000E-008  1.595237060876667E-012
  1.458000000000000E-008  1.592736146638680E-012
  1.458300000000000E-008  1.592736146604272E-012
  1.458600000000000E-008  1.590239093186324E-012
  1.458900000000000E-008  1.587745884568370E-012
  1.459200000000000E-008  1.585256536770411E-012
  1.459500000000000E-008  1.582771049792447E-012
  1.459800000000000E-008  1.580289391594478E-012
  1.460100000000000E-008  1.577811578196503E-012
  1.460400000000000E-008  1.575337577558522E-012
  1.460700000000000E-008  1.572867405700545E-012
  1.461000000000000E-008  1.570401062622549E-012
  1.461300000000000E-008  1.567938532304553E-012
  1.461600000000000E-008  1.565479798726552E-012
  1.461900000000000E-008  1.563024861888546E-012
  1.462200000000000E-008  1.560573721790535E-012
  1.462500000000000E-008  1.558126378432519E-012
  1.462800000000000E-008  1.555682815794498E-012
  1.463100000000000E-008  1.553243017856472E-012
  1.463400000000000E-008  1.550807000638440E-012
  1.463700000000000E-008  1.550807000604803E-012
  1.464000000000000E-008  1.548374764106808E-012
  1.464300000000000E-008  1.545946260268809E-012
  1.464600000000000E-008  1.543521521130805E-012
  1.464900000000000E-008  1.541100530672796E-012
  1.465200000000000E-008  1.538683288894782E-012
  1.465500000000000E-008  1.536269779776761E-012
  1.465800000000000E-008  1.533860003318744E-012
  1.466100000000000E-008  1.531453943500709E-012
  1.466400000000000E-008  1.529051600322672E-012
  1.466700000000000E-008  1.526652989804633E-012
  1.467000000000000E-008  1.524258063886588E-012
  1.467300000000000E-008  1.521866854608538E-012
  1.467600000000000E-008  1.519479345950483E-012
  1.467900000000000E-008  1.517095521892423E-012
  1.468200000000000E-008  1.514715382434358E-012
  1.468500000000000E-008  1.512338927576288E-012
  1.468800000000000E-008  1.509966141298213E-012
  1.469100000000000E-008  1.509966141265327E-012
  1.469400000000000E-008  1.507597023567289E-012
  1.469700000000000E-008  1.505231574449246E-012
  1.470000000000000E-008  1.502869777891197E-012
  1.470300000000000E-008  1.500511633893144E-012
  1.470600000000000E-008  1.498157126435084E-012
  1.470900000000000E-008  1.495806271537029E-012
  1.471200000000000E-008  1.493459053178954E-012
  1.471500000000000E-008  1.491115455340879E-012
  1.471800000000000E-008  1.488775478022802E-012
  1.472100000000000E-008  1.486439137244718E-012
  1.472400000000000E-008  1.484106384946629E-012
  1.472700000000000E-008  1.481777253168536E-012
  1.473000000000000E-008  1.479451725890438E-012
  1.473300000000000E-008  1.477129787092335E-012
  1.473600000000000E-008  1.474811436774227E-012
  1.473900000000000E-008  1.472496674936114E-012
  1.474200000000000E-008  1.470185501577996E-012
  1.474500000000000E-008  1.467877884659873E-012
  1.474800000000000E-008  1.467877884627765E-012
  1.475100000000000E-008  1.465573856189678E-012
  1.475400000000000E-008  1.463273368171586E-012
  1.475700000000000E-008  1.460976452613489E-012
  1.476000000000000E-008  1.458683093495396E-012
  1.476300000000000E-008  1.456393274797282E-012
  1.476600000000000E-008  1.454106996519170E-012
  1.476900000000000E-008  1.451824242641054E-012
  1.477200000000000E-008  1.449545029182933E-012
  1.477500000000000E-008  1.447269340124807E-012
  1.477800000000000E-008  1.444997175466676E-012
  1.478100000000000E-008  1.442728519188541E-012
  1.478400000000000E-008  1.440463371290400E-012
  1.478700000000000E-008  1.438201731772255E-012
  1.479000000000000E-008  1.435943584614105E-012
  1.479300000000000E-008  1.433688929815949E-012
  1.479600000000000E-008  1.431437767377790E-012
  1.479900000000000E-008  1.429190081279626E-012
  1.480200000000000E-008  1.429190081248237E-012
  1.480500000000000E-008  1.426945871490108E-012
  1.480800000000000E-008  1.424705138071972E-012
  1.481100000000000E-008  1.422467864973843E-012
  1.481400000000000E-008  1.420234052195691E-012
  1.481700000000000E-008  1.418003699737542E-012
  1.482000000000000E-008  1.415776791579389E-012
  1.482300000000000E-008  1.413553327721230E-012
  1.482600000000000E-008  1.411333308163068E-012
  1.482900000000000E-008  1.409116716884900E-012
  1.483200000000000E-008  1.406903569906728E-012
  1.483500000000000E-008  1.404693835188550E-012
  1.483800000000000E-008  1.402487512730369E-012
  1.484100000000000E-008  1.400284602532182E-012
  1.484400000000000E-008  1.398085104593991E-012
  1.484700000000000E-008  1.395889018915795E-012
  1.485000000000000E-008  1.393696313457594E-012
  1.485300000000000E-008  1.391507004239389E-012
  1.485600000000000E-008  1.391507004208704E-012
  1.485900000000000E-008  1.389321091230533E-012
  1.486200000000000E-008  1.387138558472366E-012
  1.486500000000000E-008  1.384959389914178E-012
  1.486800000000000E-008  1.382783601575992E-012
  1.487100000000000E-008  1.380611177437802E-012
  1.487400000000000E-008  1.378442117499608E-012
  1.487700000000000E-008  1.376276421761409E-012
  1.488000000000000E-008  1.374114058183205E-012
  1.488300000000000E-008  1.371955042784996E-012
  1.488600000000000E-008  1.369799375566783E-012
  1.488900000000000E-008  1.367647040508566E-012
  1.489200000000000E-008  1.365498037610343E-012
  1.489500000000000E-008  1.363352366872116E-012
  1.489800000000000E-008  1.361209996253885E-012
  1.490100000000000E-008  1.359070957795649E-012
  1.490400000000000E-008  1.356935219457408E-012
  1.490700000000000E-008  1.354802781239163E-012
  1.491000000000000E-008  1.354802781209167E-012
  1.491300000000000E-008  1.352673659130955E-012
  1.491600000000000E-008  1.350547821152748E-012
  1.491900000000000E-008  1.348425267274519E-012
  1.492200000000000E-008  1.346306013516293E-012
  1.492500000000000E-008  1.344190027838063E-012
  1.492800000000000E-008  1.342077310239828E-012
  1.493100000000000E-008  1.339967876741589E-012
  1.493400000000000E-008  1.337861695303345E-012
  1.493700000000000E-008  1.335758781945097E-012
  1.494000000000000E-008  1.333659120646844E-012
  1.494300000000000E-008  1.331562711408586E-012
  1.494600000000000E-008  1.329469538210325E-012
  1.494900000000000E-008  1.327379601052058E-012
  1.495200000000000E-008  1.325292915953787E-012
  1.495500000000000E-008  1.323209450875512E-012
  1.495800000000000E-008  1.321129205817232E-012
  1.496100000000000E-008  1.319052180778947E-012
  1.496400000000000E-008  1.319052180749626E-012
  1.496700000000000E-008  1.316978375731383E-012
  1.497000000000000E-008  1.314907774713118E-012
  1.497300000000000E-008  1.312840377694857E-012
  1.497600000000000E-008  1.310776184676593E-012
  1.497900000000000E-008  1.308715179638323E-012
  1.498200000000000E-008  1.306657378600049E-012
  1.498500000000000E-008  1.304602749521771E-012
  1.498800000000000E-008  1.302551308423488E-012
  1.499100000000000E-008  1.300503039285200E-012
  1.499400000000000E-008  1.298457942106908E-012
  1.499700000000000E-008  1.296416000868612E-012
  1.500000000000000E-008  1.294377231590312E-012
  1.500300000000000E-008  1.292341618252006E-012
  1.500600000000000E-008  1.290309144833697E-012
  1.500900000000000E-008  1.288279827355383E-012
  1.501200000000000E-008  1.286253649797065E-012
  1.501500000000000E-008  1.284230596138743E-012
  1.501800000000000E-008  1.284230596110089E-012
  1.502100000000000E-008  1.282210682371789E-012
  1.502400000000000E-008  1.280193908553494E-012
  1.502700000000000E-008  1.278180242615195E-012
  1.503000000000000E-008  1.276169700576891E-012
  1.503300000000000E-008  1.274162266418583E-012
  1.503600000000000E-008  1.272157940140271E-012
  1.503900000000000E-008  1.270156721741954E-012
  1.504200000000000E-008  1.268158595203633E-012
  1.504500000000000E-008  1.266163560525307E-012
  1.504800000000000E-008  1.264171617706977E-012
  1.505100000000000E-008  1.262182750728643E-012
  1.505400000000000E-008  1.260196975610304E-012
  1.505700000000000E-008  1.258214276331962E-012
  1.506000000000000E-008  1.256234636873614E-012
  1.506300000000000E-008  1.254258073255262E-012
  1.506600000000000E-008  1.252284553436908E-012
  1.506900000000000E-008  1.250314093438547E-012
  1.507200000000000E-008  1.250314093410529E-012
  1.507500000000000E-008  1.248346693232201E-012
  1.507800000000000E-008  1.246382336853868E-012
  1.508100000000000E-008  1.244421024275530E-012
  1.508400000000000E-008  1.242462739477189E-012
  1.508700000000000E-008  1.240507498478843E-012
  1.509000000000000E-008  1.238555269240493E-012
  1.509300000000000E-008  1.236606067782139E-012
  1.509600000000000E-008  1.234659894103780E-012
  1.509900000000000E-008  1.232716732185417E-012
  1.510200000000000E-008  1.230776566007049E-012
  1.510500000000000E-008  1.228839411588678E-012
  1.510800000000000E-008  1.226905268930302E-012
  1.511100000000000E-008  1.224974105991923E-012
  1.511400000000000E-008  1.223045938793538E-012
  1.511700000000000E-008  1.221120751315152E-012
  1.512000000000000E-008  1.219198559576758E-012
  1.512300000000000E-008  1.217279331538361E-012
  1.512600000000000E-008  1.215363083219960E-012
  1.512900000000000E-008  1.215363083192608E-012
  1.513200000000000E-008  1.213449798574238E-012
  1.513500000000000E-008  1.211539477655864E-012
  1.513800000000000E-008  1.209632120437485E-012
  1.514100000000000E-008  1.207727710899102E-012
  1.514400000000000E-008  1.205826249040715E-012
  1.514700000000000E-008  1.203927734862324E-012
  1.515000000000000E-008  1.202032152343929E-012
  1.515300000000000E-008  1.200139517505529E-012
  1.515600000000000E-008  1.198249814327126E-012
  1.515900000000000E-008  1.196363042808718E-012
  1.516200000000000E-008  1.194479170910306E-012
  1.516500000000000E-008  1.192598230671889E-012
  1.516800000000000E-008  1.190720206073471E-012
  1.517100000000000E-008  1.188845097115046E-012
  1.517400000000000E-008  1.186972887776616E-012
  1.517700000000000E-008  1.185103562038184E-012
  1.518000000000000E-008  1.183237151939747E-012
  1.518300000000000E-008  1.183237151913012E-012
  1.518600000000000E-008  1.181373625414605E-012
  1.518900000000000E-008  1.179512982516195E-012
  1.519200000000000E-008  1.177655223217780E-012
  1.519500000000000E-008  1.175800347519361E-012
  1.519800000000000E-008  1.173948339400938E-012
  1.520100000000000E-008  1.172099198862511E-012
  1.520400000000000E-008  1.170252925904080E-012
  1.520700000000000E-008  1.168409520525644E-012
  1.521000000000000E-008  1.166568950687205E-012
  1.521300000000000E-008  1.164731248428762E-012
  1.521600000000000E-008  1.162896381710313E-012
  1.521900000000000E-008  1.161064366551865E-012
  1.522200000000000E-008  1.159235186933408E-012
  1.522500000000000E-008  1.157408842854947E-012
  1.522800000000000E-008  1.155585334316484E-012
  1.523100000000000E-008  1.153764645298016E-012
  1.523400000000000E-008  1.151946775799544E-012
  1.523700000000000E-008  1.151946775773412E-012
  1.524000000000000E-008  1.150131725794970E-012
  1.524300000000000E-008  1.148319479316524E-012
  1.524600000000000E-008  1.146510052358073E-012
  1.524900000000000E-008  1.144703412879619E-012
  1.525200000000000E-008  1.142899592921161E-012
  1.525500000000000E-008  1.141098544422698E-012
  1.525800000000000E-008  1.139300299424232E-012
  1.526100000000000E-008  1.137504841905762E-012
  1.526400000000000E-008  1.135712171867288E-012
  1.526700000000000E-008  1.133922273288808E-012
  1.527000000000000E-008  1.132135146170330E-012
  1.527300000000000E-008  1.130350790511842E-012
  1.527600000000000E-008  1.128569206313350E-012
  1.527900000000000E-008  1.126790377554857E-012
  1.528200000000000E-008  1.125014304236359E-012
  1.528500000000000E-008  1.123240970337857E-012
  1.528800000000000E-008  1.121470407899351E-012
  1.529100000000000E-008  1.121470407873808E-012
  1.529400000000000E-008  1.119702568835331E-012
  1.529700000000000E-008  1.117937485236850E-012
  1.530000000000000E-008  1.116175125038365E-012
  1.530300000000000E-008  1.114415504259876E-012
  1.530600000000000E-008  1.112658606881383E-012
  1.530900000000000E-008  1.110904432902887E-012
  1.531200000000000E-008  1.109152982324386E-012
  1.531500000000000E-008  1.107404239125882E-012
  1.531800000000000E-008  1.105658203307372E-012
  1.532100000000000E-008  1.103914874868864E-012
  1.532400000000000E-008  1.102174253810345E-012
  1.532700000000000E-008  1.100436340131824E-012
  1.533000000000000E-008  1.098701101793300E-012
  1.533300000000000E-008  1.096968554814773E-012
  1.533600000000000E-008  1.095238699196241E-012
  1.533900000000000E-008  1.093511534937705E-012
  1.534200000000000E-008  1.091787029999166E-012
  1.534500000000000E-008  1.091787029974201E-012
  1.534800000000000E-008  1.090065200375690E-012
  1.535100000000000E-008  1.088346046117174E-012
  1.535400000000000E-008  1.086629551178656E-012
  1.535700000000000E-008  1.084915731580133E-012
  1.536000000000000E-008  1.083204555281606E-012
  1.536300000000000E-008  1.081496038303076E-012
  1.536600000000000E-008  1.079790164624541E-012
  1.536900000000000E-008  1.078086934246003E-012
  1.537200000000000E-008  1.076386347167461E-012
  1.537500000000000E-008  1.074688387368919E-012
  1.537800000000000E-008  1.072993070870367E-012
  1.538100000000000E-008  1.071300381651813E-012
  1.538400000000000E-008  1.069610303693256E-012
  1.538700000000000E-008  1.067922869034695E-012
  1.539000000000000E-008  1.066238029616130E-012
  1.539300000000000E-008  1.064555817477562E-012
  1.539600000000000E-008  1.062876200578990E-012
  1.539900000000000E-008  1.062876200554589E-012
  1.540200000000000E-008  1.061199194916045E-012
  1.540500000000000E-008  1.059524784517496E-012
  1.540800000000000E-008  1.057852969358944E-012
  1.541100000000000E-008  1.056183749440388E-012
  1.541400000000000E-008  1.054517124761829E-012
  1.541700000000000E-008  1.052853079303265E-012
  1.542000000000000E-008  1.051191613064698E-012
  1.542300000000000E-008  1.049532726046126E-012
  1.542600000000000E-008  1.047876402227557E-012
  1.542900000000000E-008  1.046222657628975E-012
  1.543200000000000E-008  1.044571460210392E-012
  1.543500000000000E-008  1.042922842011807E-012
  1.543800000000000E-008  1.041276770993217E-012
  1.544100000000000E-008  1.039633247154624E-012
  1.544400000000000E-008  1.037992286516027E-012
  1.544700000000000E-008  1.036353857037426E-012
  1.545000000000000E-008  1.034717974738822E-012
  1.545300000000000E-008  1.034717974714974E-012
  1.545600000000000E-008  1.033084639596396E-012
  1.545900000000000E-008  1.031453819617816E-012
  1.546200000000000E-008  1.029825530799231E-012
  1.546500000000000E-008  1.028199773140643E-012
  1.546800000000000E-008  1.026576530622051E-012
  1.547100000000000E-008  1.024955819263455E-012
  1.547400000000000E-008  1.023337607024855E-012
  1.547700000000000E-008  1.021721909926257E-012
  1.548000000000000E-008  1.020108727967647E-012
  1.548300000000000E-008  1.018498029109036E-012
  1.548600000000000E-008  1.016889845390422E-012
  1.548900000000000E-008  1.015284144771804E-012
  1.549200000000000E-008  1.013680943273183E-012
  1.549500000000000E-008  1.012080224874559E-012
  1.549800000000000E-008  1.010481973555930E-012
  1.550100000000000E-008  1.008886221357298E-012
  1.550400000000000E-008  1.007292936238663E-012
  1.550700000000000E-008  1.007292936215355E-012
  1.551000000000000E-008  1.005702118176746E-012
  1.551300000000000E-008  1.004113783238132E-012
  1.551600000000000E-008  1.002527899359516E-012
  1.551900000000000E-008  1.000944482560896E-012
  1.552200000000000E-008  9.993635168222727E-013
  1.552500000000000E-008  9.977850021436445E-013
  1.552800000000000E-008  9.962089385250194E-013
  1.553100000000000E-008  9.946353259663808E-013
  1.553400000000000E-008  9.930641484477418E-013
  1.553700000000000E-008  9.914954059691008E-013
  1.554000000000000E-008  9.899290985304558E-013
  1.554300000000000E-008  9.883652261318073E-013
  1.554600000000000E-008  9.868037727531551E-013
  1.554900000000000E-008  9.852447383944994E-013
  1.555200000000000E-008  9.836881390758400E-013
  1.555500000000000E-008  9.821339427571775E-013
  1.555800000000000E-008  9.805821494385113E-013
  1.556100000000000E-008  9.790327751398415E-013
  1.556400000000000E-008  9.790327751170908E-013
  1.556700000000000E-008  9.774858038184470E-013
  1.557000000000000E-008  9.759412355197992E-013
  1.557300000000000E-008  9.743990542011484E-013
  1.557600000000000E-008  9.728592758824928E-013
  1.557900000000000E-008  9.713218845438409E-013
  1.558200000000000E-008  9.697868801851745E-013
  1.558500000000000E-008  9.682542467865090E-013
  1.558800000000000E-008  9.667240003678405E-013
  1.559100000000000E-008  9.651961249091682E-013
  1.559400000000000E-008  9.636706204104928E-013
  1.559700000000000E-008  9.621474868718137E-013
  1.560000000000000E-008  9.606267082731313E-013
  1.560300000000000E-008  9.591083006344457E-013
  1.560600000000000E-008  9.575922479357561E-013
  1.560900000000000E-008  9.560785341570635E-013
  1.561200000000000E-008  9.545671913383673E-013
  1.561500000000000E-008  9.530581714196676E-013
  1.561800000000000E-008  9.530581713974329E-013
  1.562100000000000E-008  9.515515064187582E-013
  1.562400000000000E-008  9.500471803600807E-013
  1.562700000000000E-008  9.485451932213984E-013
  1.563000000000000E-008  9.470455289827199E-013
  1.563300000000000E-008  9.455481876440263E-013
  1.563600000000000E-008  9.440531692053341E-013
  1.563900000000000E-008  9.425604736666392E-013
  1.564200000000000E-008  9.410701010279405E-013
  1.564500000000000E-008  9.395820352692390E-013
  1.564800000000000E-008  9.380962924105336E-013
  1.565100000000000E-008  9.366128404118248E-013
  1.565400000000000E-008  9.351316952931125E-013
  1.565700000000000E-008  9.336528570543972E-013
  1.566000000000000E-008  9.321763096756783E-013
  1.566300000000000E-008  9.307020371369560E-013
  1.566600000000000E-008  9.292300714782306E-013
  1.566900000000000E-008  9.277603966795016E-013
  1.567200000000000E-008  9.277603966577714E-013
  1.567500000000000E-008  9.262929806790674E-013
  1.567800000000000E-008  9.248278555603591E-013
  1.568100000000000E-008  9.233650052816547E-013
  1.568400000000000E-008  9.219044298429348E-013
  1.568700000000000E-008  9.204461132242162E-013
  1.569000000000000E-008  9.189900554254953E-013
  1.569300000000000E-008  9.175362724667709E-013
  1.569600000000000E-008  9.160847483280430E-013
  1.569900000000000E-008  9.146354669893118E-013
  1.570200000000000E-008  9.131884284505772E-013
  1.570500000000000E-008  9.117436487318396E-013
  1.570800000000000E-008  9.103011118130981E-013
  1.571100000000000E-008  9.088608016743539E-013
  1.571400000000000E-008  9.074227503556062E-013
  1.571700000000000E-008  9.059869097968551E-013
  1.572000000000000E-008  9.045533120381008E-013
  1.572300000000000E-008  9.031219410593432E-013
  1.572600000000000E-008  9.031219410381069E-013
  1.572900000000000E-008  9.016927808193733E-013
  1.573200000000000E-008  9.002658473806430E-013
  1.573500000000000E-008  8.988411247018969E-013
  1.573800000000000E-008  8.974186127831531E-013
  1.574100000000000E-008  8.959983116244066E-013
  1.574400000000000E-008  8.945802212256567E-013
  1.574700000000000E-008  8.931643415869033E-013
  1.575000000000000E-008  8.917506406681468E-013
  1.575300000000000E-008  8.903391505093870E-013
  1.575600000000000E-008  8.889298390706240E-013
  1.575900000000000E-008  8.875227223718579E-013
  1.576200000000000E-008  8.861177843930883E-013
  1.576500000000000E-008  8.847150411543156E-013
  1.576800000000000E-008  8.833144606155397E-013
  1.577100000000000E-008  8.819160748167604E-013
  1.577400000000000E-008  8.805198356979781E-013
  1.577700000000000E-008  8.791257913191925E-013
  1.578000000000000E-008  8.791257912984390E-013
  1.578300000000000E-008  8.777338935996834E-013
  1.578600000000000E-008  8.763441586009121E-013
  1.578900000000000E-008  8.749565863021434E-013
  1.579200000000000E-008  8.735711767033716E-013
  1.579500000000000E-008  8.721879137845966E-013
  1.579800000000000E-008  8.708067975458183E-013
  1.580100000000000E-008  8.694278119670371E-013
  1.580400000000000E-008  8.680509890882527E-013
  1.580700000000000E-008  8.666762968694647E-013
  1.581000000000000E-008  8.653037353106739E-013
  1.581300000000000E-008  8.639333204318798E-013
  1.581600000000000E-008  8.625650201930825E-013
  1.581900000000000E-008  8.611988506142820E-013
  1.582200000000000E-008  8.598347956754785E-013
  1.582500000000000E-008  8.584728713966716E-013
  1.582800000000000E-008  8.571130617578619E-013
  1.583100000000000E-008  8.557553507390488E-013
  1.583400000000000E-008  8.557553507187678E-013
  1.583700000000000E-008  8.543997543399843E-013
  1.584000000000000E-008  8.530462726011849E-013
  1.584300000000000E-008  8.516948894823883E-013
  1.584600000000000E-008  8.503456049835889E-013
  1.584900000000000E-008  8.489984191047863E-013
  1.585200000000000E-008  8.476533158259806E-013
  1.585500000000000E-008  8.463103111671716E-013
  1.585800000000000E-008  8.449693891083597E-013
  1.586100000000000E-008  8.436305496495445E-013
  1.586400000000000E-008  8.422937927907265E-013
  1.586700000000000E-008  8.409591185319051E-013
  1.587000000000000E-008  8.396265108530806E-013
  1.587300000000000E-008  8.382959697542531E-013
  1.587600000000000E-008  8.369675112554223E-013
  1.587900000000000E-008  8.356411033165889E-013
  1.588200000000000E-008  8.343167619577519E-013
  1.588500000000000E-008  8.329944711589124E-013
  1.588800000000000E-008  8.329944711390996E-013
  1.589100000000000E-008  8.316742309002759E-013
  1.589400000000000E-008  8.303560572414553E-013
  1.589700000000000E-008  8.290399341426319E-013
  1.590000000000000E-008  8.277258455838052E-013
  1.590300000000000E-008  8.264137915649757E-013
  1.590600000000000E-008  8.251037881061429E-013
  1.590900000000000E-008  8.237958191873071E-013
  1.591200000000000E-008  8.224898848084683E-013
  1.591500000000000E-008  8.211859689496264E-013
  1.591800000000000E-008  8.198840876307814E-013
  1.592100000000000E-008  8.185842248319335E-013
  1.592400000000000E-008  8.172863965730826E-013
  1.592700000000000E-008  8.159905708142286E-013
  1.593000000000000E-008  8.146967635753716E-013
  1.593300000000000E-008  8.134049588365112E-013
  1.593600000000000E-008  8.121151726176490E-013
  1.593900000000000E-008  8.108273888987826E-013
  1.594200000000000E-008  8.095416076799133E-013
  1.594500000000000E-008  8.095416076605710E-013
  1.594800000000000E-008  8.082578289417238E-013
  1.595100000000000E-008  8.069760367028736E-013
  1.595400000000000E-008  8.056962309440207E-013
  1.595700000000000E-008  8.044184276851646E-013
  1.596000000000000E-008  8.031426109063054E-013
  1.596300000000000E-008  8.018687645874433E-013
  1.596600000000000E-008  8.005969047485783E-013
  1.596900000000000E-008  7.993270313897100E-013
  1.597200000000000E-008  7.980591124708391E-013
  1.597500000000000E-008  7.967931800319650E-013
  1.597800000000000E-008  7.955292020330882E-013
  1.598100000000000E-008  7.942672105142083E-013
  1.598400000000000E-008  7.930071574153251E-013
  1.598700000000000E-008  7.917490747764403E-013
  1.599000000000000E-008  7.904929465775511E-013
  1.599300000000000E-008  7.892387728186589E-013
  1.599600000000000E-008  7.879865534997643E-013
  1.599900000000000E-008  7.879865534808630E-013
  1.600200000000000E-008  7.867362725819898E-013
  1.600500000000000E-008  7.854879301031140E-013
  1.600800000000000E-008  7.842415420642347E-013
  1.601100000000000E-008  7.829970764253531E-013
  1.601400000000000E-008  7.817545652264678E-013
  1.601700000000000E-008  7.805139604075801E-013
  1.602000000000000E-008  7.792753100286893E-013
  1.602300000000000E-008  7.780385660297957E-013
  1.602600000000000E-008  7.768037604508990E-013
  1.602900000000000E-008  7.755708612519995E-013
  1.603200000000000E-008  7.743398844530973E-013
  1.603500000000000E-008  7.731108300541915E-013
  1.603800000000000E-008  7.718836820352849E-013
  1.604100000000000E-008  7.706584403963731E-013
  1.604400000000000E-008  7.694351051374585E-013
  1.604700000000000E-008  7.682136602385418E-013
  1.605000000000000E-008  7.669941217196222E-013
  1.605300000000000E-008  7.669941217011526E-013
  1.605600000000000E-008  7.657764895622539E-013
  1.605900000000000E-008  7.645607477833521E-013
  1.606200000000000E-008  7.633468803444480E-013
  1.606500000000000E-008  7.621349192855405E-013
  1.606800000000000E-008  7.609248325666304E-013
  1.607100000000000E-008  7.597166362077174E-013
  1.607400000000000E-008  7.585103141888014E-013
  1.607700000000000E-008  7.573058665098828E-013
  1.608000000000000E-008  7.561032931709612E-013
  1.608300000000000E-008  7.549025941720369E-013
  1.608600000000000E-008  7.537037534931091E-013
  1.608900000000000E-008  7.525067871541810E-013
  1.609200000000000E-008  7.513116791352470E-013
  1.609500000000000E-008  7.501184294363106E-013
  1.609800000000000E-008  7.489270380573722E-013
  1.610100000000000E-008  7.477375049984309E-013
  1.610400000000000E-008  7.465498142394867E-013
  1.610700000000000E-008  7.465498142214389E-013
  1.611000000000000E-008  7.453639657625152E-013
  1.611300000000000E-008  7.441799596035891E-013
  1.611600000000000E-008  7.429978117646596E-013
  1.611900000000000E-008  7.418174902057277E-013
  1.612200000000000E-008  7.406390109467927E-013
  1.612500000000000E-008  7.394623579678552E-013
  1.612800000000000E-008  7.382875472889146E-013
  1.613100000000000E-008  7.371145468699715E-013
  1.613400000000000E-008  7.359433887510255E-013
  1.613700000000000E-008  7.347740408920761E-013
  1.614000000000000E-008  7.336065193131271E-013
  1.614300000000000E-008  7.324408079941714E-013
  1.614600000000000E-008  7.312769229552134E-013
  1.614900000000000E-008  7.301148321562537E-013
  1.615200000000000E-008  7.289545516172910E-013
  1.615500000000000E-008  7.277960813383257E-013
  1.615800000000000E-008  7.266394213193577E-013
  1.616100000000000E-008  7.266394213017226E-013
  1.616400000000000E-008  7.254845555227745E-013
  1.616700000000000E-008  7.243314839838237E-013
  1.617000000000000E-008  7.231802066848701E-013
  1.617300000000000E-008  7.220307076059141E-013
  1.617600000000000E-008  7.208830187869549E-013
  1.617900000000000E-008  7.197371081879932E-013
  1.618200000000000E-008  7.185929758090286E-013
  1.618500000000000E-008  7.174506216500617E-013
  1.618800000000000E-008  7.163100617310911E-013
  1.619100000000000E-008  7.151712640121212E-013
  1.619400000000000E-008  7.140342284931442E-013
  1.619700000000000E-008  7.128989872141653E-013
  1.620000000000000E-008  7.117654921151848E-013
  1.620300000000000E-008  7.106337752362012E-013
  1.620600000000000E-008  7.095038045372151E-013
  1.620900000000000E-008  7.083755960382262E-013
  1.621200000000000E-008  7.072491497392347E-013
  1.621500000000000E-008  7.072491497220034E-013
  1.621800000000000E-008  7.061244656230311E-013
  1.622100000000000E-008  7.050015116840568E-013
  1.622400000000000E-008  7.038803199450793E-013
  1.622700000000000E-008  7.027608583660996E-013
  1.623000000000000E-008  7.016431589871169E-013
  1.623300000000000E-008  7.005271897681314E-013
  1.623600000000000E-008  6.994129507091437E-013
  1.623900000000000E-008  6.983004578301523E-013
  1.624200000000000E-008  6.971896790911623E-013
  1.624500000000000E-008  6.960806465321641E-013
  1.624800000000000E-008  6.949733281131647E-013
  1.625100000000000E-008  6.938677398541637E-013
  1.625400000000000E-008  6.927638817551599E-013
  1.625700000000000E-008  6.916617377961531E-013
  1.626000000000000E-008  6.905612919571440E-013
  1.626300000000000E-008  6.894625762781322E-013
  1.626600000000000E-008  6.883655587191178E-013
  1.626900000000000E-008  6.883655587022811E-013
  1.627200000000000E-008  6.872702713032854E-013
  1.627500000000000E-008  6.861766660042879E-013
  1.627800000000000E-008  6.850847748452872E-013
  1.628100000000000E-008  6.839945818062841E-013
  1.628400000000000E-008  6.829060868872783E-013
  1.628700000000000E-008  6.818192740682699E-013
  1.629000000000000E-008  6.807341593692594E-013
  1.629300000000000E-008  6.796507427902449E-013
  1.629600000000000E-008  6.785690083112320E-013
  1.629900000000000E-008  6.774889559322111E-013
  1.630200000000000E-008  6.764105856531889E-013
  1.630500000000000E-008  6.753338974741652E-013
  1.630800000000000E-008  6.742588913951384E-013
  1.631100000000000E-008  6.731855513961095E-013
  1.631400000000000E-008  6.721138774770776E-013
  1.631700000000000E-008  6.710438856580434E-013
  1.632000000000000E-008  6.699755438990065E-013
  1.632300000000000E-008  6.689088842399671E-013
  1.632600000000000E-008  6.689088842235375E-013
  1.632900000000000E-008  6.678438746245168E-013
  1.633200000000000E-008  6.667805150854937E-013
  1.633500000000000E-008  6.657188216264680E-013
  1.633800000000000E-008  6.646587942474394E-013
  1.634100000000000E-008  6.636004009084088E-013
  1.634400000000000E-008  6.625436576293746E-013
  1.634700000000000E-008  6.614885644103421E-013
  1.635000000000000E-008  6.604351052313011E-013
  1.635300000000000E-008  6.593832961122594E-013
  1.635600000000000E-008  6.583331210332159E-013
  1.635900000000000E-008  6.572845799941696E-013
  1.636200000000000E-008  6.562376729951210E-013
  1.636500000000000E-008  6.551924000360698E-013
  1.636800000000000E-008  6.541487611170160E-013
  1.637100000000000E-008  6.531067402179598E-013
  1.637400000000000E-008  6.520663373389009E-013
  1.637700000000000E-008  6.510275684998397E-013
  1.638000000000000E-008  6.510275684837868E-013
  1.638300000000000E-008  6.499904016447439E-013
  1.638600000000000E-008  6.489548528256985E-013
  1.638900000000000E-008  6.479209220266507E-013
  1.639200000000000E-008  6.468886092476003E-013
  1.639500000000000E-008  6.458578984685465E-013
  1.639800000000000E-008  6.448287896894952E-013
  1.640100000000000E-008  6.438012829104344E-013
  1.640400000000000E-008  6.427753781313734E-013
  1.640700000000000E-008  6.417510753523106E-013
  1.641000000000000E-008  6.407283745732451E-013
  1.641300000000000E-008  6.397072597741772E-013
  1.641600000000000E-008  6.386877309551068E-013
  1.641900000000000E-008  6.376697881160340E-013
  1.642200000000000E-008  6.366534472769587E-013
  1.642500000000000E-008  6.356386763978811E-013
  1.642800000000000E-008  6.346254914988008E-013
  1.643100000000000E-008  6.336138925797180E-013
  1.643400000000000E-008  6.336138925640335E-013
  1.643700000000000E-008  6.326038475849694E-013
  1.644000000000000E-008  6.315954046059019E-013
  1.644300000000000E-008  6.305885155668324E-013
  1.644600000000000E-008  6.295831964877598E-013
  1.644900000000000E-008  6.285794473686894E-013
  1.645200000000000E-008  6.275772521896093E-013
  1.645500000000000E-008  6.265766429905294E-013
  1.645800000000000E-008  6.255775717114475E-013
  1.646100000000000E-008  6.245800543723633E-013
  1.646400000000000E-008  6.235841069932767E-013
  1.646700000000000E-008  6.225897135541876E-013
  1.647000000000000E-008  6.215968580350959E-013
  1.647300000000000E-008  6.206055564560021E-013
  1.647600000000000E-008  6.196157927969057E-013
  1.647900000000000E-008  6.186275670578069E-013
  1.648200000000000E-008  6.176408952587057E-013
  1.648500000000000E-008  6.166557613796022E-013
  1.648800000000000E-008  6.166557613642782E-013
  1.649100000000000E-008  6.156721493851922E-013
  1.649400000000000E-008  6.146900753261041E-013
  1.649700000000000E-008  6.137095391870126E-013
  1.650000000000000E-008  6.127305249479240E-013
  1.650300000000000E-008  6.117530486288245E-013
  1.650600000000000E-008  6.107770781897263E-013
  1.650900000000000E-008  6.098026456706258E-013
  1.651200000000000E-008  6.088297190315232E-013
  1.651500000000000E-008  6.078583142924178E-013
  1.651800000000000E-008  6.068884154333104E-013
  1.652100000000000E-008  6.059200384742006E-013
  1.652400000000000E-008  6.049531673950883E-013
  1.652700000000000E-008  6.039878021959737E-013
  1.653000000000000E-008  6.030239428768568E-013
  1.653300000000000E-008  6.020615894377375E-013
  1.653600000000000E-008  6.011007418786158E-013
  1.653900000000000E-008  6.001413841794918E-013
  1.654200000000000E-008  6.001413841645201E-013
  1.654500000000000E-008  5.991835163254135E-013
  1.654800000000000E-008  5.982271543663037E-013
  1.655100000000000E-008  5.972722662471969E-013
  1.655400000000000E-008  5.963188840080789E-013
  1.655700000000000E-008  5.953669756089626E-013
  1.656000000000000E-008  5.944165730898439E-013
  1.656300000000000E-008  5.934676283907230E-013
  1.656600000000000E-008  5.925201735515998E-013
  1.656900000000000E-008  5.915741925524742E-013
  1.657200000000000E-008  5.906296853933463E-013
  1.657500000000000E-008  5.896866520742162E-013
  1.657800000000000E-008  5.887450925950837E-013
  1.658100000000000E-008  5.878050069559488E-013
  1.658400000000000E-008  5.868663791368118E-013
  1.658700000000000E-008  5.859292251576724E-013
  1.659000000000000E-008  5.849935129785307E-013
  1.659300000000000E-008  5.840592746393866E-013
  1.659600000000000E-008  5.840592746247596E-013
  1.659900000000000E-008  5.831264941056321E-013
  1.660200000000000E-008  5.821951553865073E-013
  1.660500000000000E-008  5.812652744873713E-013
  1.660800000000000E-008  5.803368514082369E-013
  1.661100000000000E-008  5.794098701291006E-013
  1.661400000000000E-008  5.784843466699618E-013
  1.661700000000000E-008  5.775602489908208E-013
  1.662000000000000E-008  5.766375931116777E-013
  1.662300000000000E-008  5.757163950525321E-013
  1.662600000000000E-008  5.747966227733843E-013
  1.662900000000000E-008  5.738782762742344E-013
  1.663200000000000E-008  5.729613715750820E-013
  1.663500000000000E-008  5.720458926559273E-013
  1.663800000000000E-008  5.711318395167706E-013
  1.664100000000000E-008  5.702192281776114E-013
  1.664400000000000E-008  5.693080265984503E-013
  1.664700000000000E-008  5.683982507992866E-013
  1.665000000000000E-008  5.683982507849962E-013
  1.665300000000000E-008  5.674898847458539E-013
  1.665600000000000E-008  5.665829444867002E-013
  1.665900000000000E-008  5.656774300075481E-013
  1.666200000000000E-008  5.647733092683945E-013
  1.666500000000000E-008  5.638706143092382E-013
  1.666800000000000E-008  5.629693130900798E-013
  1.667100000000000E-008  5.620694216309193E-013
  1.667400000000000E-008  5.611709399317564E-013
  1.667700000000000E-008  5.602738519725914E-013
  1.668000000000000E-008  5.593781737734242E-013
  1.668300000000000E-008  5.584838893142548E-013
  1.668600000000000E-008  5.575909985950830E-013
  1.668900000000000E-008  5.566995016159091E-013
  1.669200000000000E-008  5.558093983767331E-013
  1.669500000000000E-008  5.549206728575547E-013
  1.669800000000000E-008  5.540333410783744E-013
  1.670100000000000E-008  5.531474030391916E-013
  1.670400000000000E-008  5.531474030252308E-013
  1.670700000000000E-008  5.522628427060685E-013
  1.671000000000000E-008  5.513796601068954E-013
  1.671300000000000E-008  5.504978552277242E-013
  1.671600000000000E-008  5.496174280685508E-013
  1.671900000000000E-008  5.487383626093755E-013
  1.672200000000000E-008  5.478606748701980E-013
  1.672500000000000E-008  5.469843648510182E-013
  1.672800000000000E-008  5.461094165318364E-013
  1.673100000000000E-008  5.452358459326521E-013
  1.673400000000000E-008  5.443636210134658E-013
  1.673700000000000E-008  5.434927738142773E-013
  1.674000000000000E-008  5.426232722950867E-013
  1.674300000000000E-008  5.417551324758940E-013
  1.674600000000000E-008  5.408883543566989E-013
  1.674900000000000E-008  5.400229219175019E-013
  1.675200000000000E-008  5.391588351583026E-013
  1.675500000000000E-008  5.382961100991015E-013
  1.675800000000000E-008  5.374347146998978E-013
  1.676100000000000E-008  5.374347146862769E-013
  1.676400000000000E-008  5.365746809870887E-013
  1.676700000000000E-008  5.357159769478991E-013
  1.677000000000000E-008  5.348586346087066E-013
  1.677300000000000E-008  5.340026059095125E-013
  1.677600000000000E-008  5.331479228903160E-013
  1.677900000000000E-008  5.322945695311176E-013
  1.678200000000000E-008  5.314425618519168E-013
  1.678500000000000E-008  5.305918678127141E-013
  1.678800000000000E-008  5.297425194535091E-013
  1.679100000000000E-008  5.288944847343022E-013
  1.679400000000000E-008  5.280477796750929E-013
  1.679700000000000E-008  5.272023882558816E-013
  1.680000000000000E-008  5.263583264966683E-013
  1.680300000000000E-008  5.255155783774526E-013
  1.680600000000000E-008  5.246741438982357E-013
  1.680900000000000E-008  5.238340230590158E-013
  1.681200000000000E-008  5.229952158597939E-013
  1.681500000000000E-008  5.229952158464874E-013
  1.681800000000000E-008  5.221577222872807E-013
  1.682100000000000E-008  5.213215263480723E-013
  1.682400000000000E-008  5.204866440488616E-013
  1.682700000000000E-008  5.196530593696490E-013
  1.683000000000000E-008  5.188207883304343E-013
  1.683300000000000E-008  5.179898149112171E-013
  1.683600000000000E-008  5.171601230919983E-013
  1.683900000000000E-008  5.163317449127771E-013
  1.684200000000000E-008  5.155046483335541E-013
  1.684500000000000E-008  5.146788493743289E-013
  1.684800000000000E-008  5.138543320151015E-013
  1.685100000000000E-008  5.130311122758723E-013
  1.685400000000000E-008  5.122091741366408E-013
  1.685700000000000E-008  5.113885336174081E-013
  1.686000000000000E-008  5.105691586781722E-013
  1.686300000000000E-008  5.097510653389344E-013
  1.686600000000000E-008  5.089342535996948E-013
  1.686900000000000E-008  5.089342535866955E-013
  1.687200000000000E-008  5.081187074274710E-013
  1.687500000000000E-008  5.073044428682446E-013
  1.687800000000000E-008  5.064914599090156E-013
  1.688100000000000E-008  5.056797265097849E-013
  1.688400000000000E-008  5.048692747105520E-013
  1.688700000000000E-008  5.040600884913173E-013
  1.689000000000000E-008  5.032521678520803E-013
  1.689300000000000E-008  5.024454967728415E-013
  1.689600000000000E-008  5.016401072936005E-013
  1.689900000000000E-008  5.008359513543575E-013
  1.690200000000000E-008  5.000330609951126E-013
  1.690500000000000E-008  4.992314362158653E-013
  1.690800000000000E-008  4.984310609966174E-013
  1.691100000000000E-008  4.976319193173659E-013
  1.691400000000000E-008  4.968340432181124E-013
  1.691700000000000E-008  4.960374006588575E-013
  1.692000000000000E-008  4.952420236796005E-013
  1.692300000000000E-008  4.952420236669017E-013
  1.692600000000000E-008  4.944478642076594E-013
  1.692900000000000E-008  4.936549543084151E-013
  1.693200000000000E-008  4.928632939691687E-013
  1.693500000000000E-008  4.920728671699200E-013
  1.693800000000000E-008  4.912836578906699E-013
  1.694100000000000E-008  4.904956981714175E-013
  1.694400000000000E-008  4.897089719921630E-013
  1.694700000000000E-008  4.889234633329066E-013
  1.695000000000000E-008  4.881391882136484E-013
  1.695300000000000E-008  4.873561466343882E-013
  1.695600000000000E-008  4.865743225751254E-013
  1.695900000000000E-008  4.857937160358626E-013
  1.696200000000000E-008  4.850143270165957E-013
  1.696500000000000E-008  4.842361715373269E-013
  1.696800000000000E-008  4.834592175580569E-013
  1.697100000000000E-008  4.826834810987847E-013
  1.697400000000000E-008  4.819089621595107E-013
  1.697700000000000E-008  4.819089621471057E-013
  1.698000000000000E-008  4.811356447078462E-013
  1.698300000000000E-008  4.803635447885844E-013
  1.698600000000000E-008  4.795926463693206E-013
  1.698900000000000E-008  4.788229494500551E-013
  1.699200000000000E-008  4.780544700507874E-013
  1.699500000000000E-008  4.772871761315180E-013
  1.699800000000000E-008  4.765210997322464E-013
  1.700100000000000E-008  4.757562088129729E-013
  1.700400000000000E-008  4.749925033736977E-013
  1.700700000000000E-008  4.742300154544198E-013
  1.701000000000000E-008  4.734686969951424E-013
  1.701300000000000E-008  4.727085800358602E-013
  1.701600000000000E-008  4.719496485565766E-013
  1.701900000000000E-008  4.711919025572918E-013
  1.702200000000000E-008  4.704353420380047E-013
  1.702500000000000E-008  4.696799669987159E-013
  1.702800000000000E-008  4.689257774394252E-013
  1.703100000000000E-008  4.689257774273077E-013
  1.703400000000000E-008  4.681727573280309E-013
  1.703700000000000E-008  4.674209227087522E-013
  1.704000000000000E-008  4.666702575494715E-013
  1.704300000000000E-008  4.659207618501893E-013
  1.704600000000000E-008  4.651724516309045E-013
  1.704900000000000E-008  4.644252948516185E-013
  1.705200000000000E-008  4.636793235523300E-013
  1.705500000000000E-008  4.629345056930401E-013
  1.705800000000000E-008  4.621908572937475E-013
  1.706100000000000E-008  4.614483783544559E-013
  1.706400000000000E-008  4.607070528551586E-013
  1.706700000000000E-008  4.599668807958605E-013
  1.707000000000000E-008  4.592278781965611E-013
  1.707300000000000E-008  4.584900290372596E-013
  1.707600000000000E-008  4.577533333179562E-013
  1.707900000000000E-008  4.570177910386510E-013
  1.708200000000000E-008  4.562833861793439E-013
  1.708500000000000E-008  4.562833861675074E-013
  1.708800000000000E-008  4.555501507682137E-013
  1.709100000000000E-008  4.548180367689188E-013
  1.709400000000000E-008  4.540870922296216E-013
  1.709700000000000E-008  4.533572851103226E-013
  1.710000000000000E-008  4.526286154110216E-013
  1.710300000000000E-008  4.519010831317189E-013
  1.710600000000000E-008  4.511746882724144E-013
  1.710900000000000E-008  4.504494308331075E-013
  1.711200000000000E-008  4.497253108138014E-013
  1.711500000000000E-008  4.490023121944899E-013
  1.711800000000000E-008  4.482804670151773E-013
  1.712100000000000E-008  4.475597272158635E-013
  1.712400000000000E-008  4.468401248365480E-013
  1.712700000000000E-008  4.461216598772303E-013
  1.713000000000000E-008  4.454043002979110E-013
  1.713300000000000E-008  4.446880781385898E-013
  1.713600000000000E-008  4.439729613592669E-013
  1.713900000000000E-008  4.432589819999421E-013
  1.714200000000000E-008  4.432589819883952E-013
  1.714500000000000E-008  4.425461080090837E-013
  1.714800000000000E-008  4.418343554297702E-013
  1.715100000000000E-008  4.411237082304552E-013
  1.715400000000000E-008  4.404141824311383E-013
  1.715700000000000E-008  4.397057620118195E-013
  1.716000000000000E-008  4.389984469724989E-013
  1.716300000000000E-008  4.382922373131760E-013
  1.716600000000000E-008  4.375871330338542E-013
  1.716900000000000E-008  4.368831341345266E-013
  1.717200000000000E-008  4.361802406151984E-013
  1.717500000000000E-008  4.354784524758688E-013
  1.717800000000000E-008  4.347777536965373E-013
  1.718100000000000E-008  4.340781442772041E-013
  1.718400000000000E-008  4.333796402378690E-013
  1.718700000000000E-008  4.326822255585322E-013
  1.719000000000000E-008  4.319859002391937E-013
  1.719300000000000E-008  4.312906802998533E-013
  1.719600000000000E-008  4.312906802885744E-013
  1.719900000000000E-008  4.305965336892471E-013
  1.720200000000000E-008  4.299034764499179E-013
  1.720500000000000E-008  4.292114925505873E-013
  1.720800000000000E-008  4.285206140312545E-013
  1.721100000000000E-008  4.278308088519201E-013
  1.721400000000000E-008  4.271420770125832E-013
  1.721700000000000E-008  4.264544185132479E-013
  1.722000000000000E-008  4.257678493739063E-013
  1.722300000000000E-008  4.250823535745643E-013
  1.722600000000000E-008  4.243979311152210E-013
  1.722900000000000E-008  4.237145659758760E-013
  1.723200000000000E-008  4.230322901965292E-013
  1.723500000000000E-008  4.223510717371805E-013
  1.723800000000000E-008  4.216709105978302E-013
  1.724100000000000E-008  4.209918388184781E-013
  1.724400000000000E-008  4.203138083391243E-013
  1.724700000000000E-008  4.196368511997687E-013
  1.725000000000000E-008  4.196368511887520E-013
  1.725300000000000E-008  4.189609513694090E-013
  1.725600000000000E-008  4.182861088700646E-013
  1.725900000000000E-008  4.176123236907182E-013
  1.726200000000000E-008  4.169395958313701E-013
  1.726500000000000E-008  4.162679092720200E-013
  1.726800000000000E-008  4.155972800326712E-013
  1.727100000000000E-008  4.149277081133158E-013
  1.727400000000000E-008  4.142591774939605E-013
  1.727700000000000E-008  4.135917041946039E-013
  1.728000000000000E-008  4.129252721952454E-013
  1.728300000000000E-008  4.122598814958852E-013
  1.728600000000000E-008  4.115955320965234E-013
  1.728900000000000E-008  4.109322239971597E-013
  1.729200000000000E-008  4.102699411777944E-013
  1.729500000000000E-008  4.096087156784273E-013
  1.729800000000000E-008  4.089485154590585E-013
  1.730100000000000E-008  4.082893565396882E-013
  1.730400000000000E-008  4.082893565289275E-013
  1.730700000000000E-008  4.076312228895695E-013
  1.731000000000000E-008  4.069741145302099E-013
  1.731300000000000E-008  4.063180474708486E-013
  1.731600000000000E-008  4.056630056914850E-013
  1.731900000000000E-008  4.050089891921232E-013
  1.732200000000000E-008  4.043559979727545E-013
  1.732500000000000E-008  4.037040320333858E-013
  1.732800000000000E-008  4.030530753540160E-013
  1.733100000000000E-008  4.024031439546444E-013
  1.733400000000000E-008  4.017542378352713E-013
  1.733700000000000E-008  4.011063409758962E-013
  1.734000000000000E-008  4.004594533765197E-013
  1.734300000000000E-008  3.998135910571414E-013
  1.734600000000000E-008  3.991687379977614E-013
  1.734900000000000E-008  3.985248941983798E-013
  1.735200000000000E-008  3.978820596589965E-013
  1.735500000000000E-008  3.972402343796115E-013
  1.735800000000000E-008  3.972402343691011E-013
  1.736100000000000E-008  3.965994023297287E-013
  1.736400000000000E-008  3.959595955703541E-013
  1.736700000000000E-008  3.953207820509775E-013
  1.737000000000000E-008  3.946829617716029E-013
  1.737300000000000E-008  3.940461507522209E-013
  1.737600000000000E-008  3.934103329728394E-013
  1.737900000000000E-008  3.927755084334567E-013
  1.738200000000000E-008  3.921416771340723E-013
  1.738500000000000E-008  3.915088390746862E-013
  1.738800000000000E-008  3.908769942552985E-013
  1.739100000000000E-008  3.902461426759092E-013
  1.739400000000000E-008  3.896162843365181E-013
  1.739700000000000E-008  3.889874032171255E-013
  1.740000000000000E-008  3.883595153377312E-013
  1.740300000000000E-008  3.877326206983353E-013
  1.740600000000000E-008  3.871066872589377E-013
  1.740900000000000E-008  3.864817470595386E-013
  1.741200000000000E-008  3.864817470492731E-013
  1.741500000000000E-008  3.858577840698858E-013
  1.741800000000000E-008  3.852347983104967E-013
  1.742100000000000E-008  3.846127897711093E-013
  1.742400000000000E-008  3.839917584517143E-013
  1.742700000000000E-008  3.833716883323205E-013
  1.743000000000000E-008  3.827526114529251E-013
  1.743300000000000E-008  3.821344957735279E-013
  1.743600000000000E-008  3.815173412941293E-013
  1.743900000000000E-008  3.809011640347291E-013
  1.744200000000000E-008  3.802859479753271E-013
  1.744500000000000E-008  3.796716931159237E-013
  1.744800000000000E-008  3.790583994565186E-013
  1.745100000000000E-008  3.784460830171120E-013
  1.745400000000000E-008  3.778347117577037E-013
  1.745700000000000E-008  3.772243016982938E-013
  1.746000000000000E-008  3.766148528388823E-013
  1.746300000000000E-008  3.760063491594692E-013
  1.746600000000000E-008  3.760063491494430E-013
  1.746900000000000E-008  3.753988066700416E-013
  1.747200000000000E-008  3.747922253906417E-013
  1.747500000000000E-008  3.741865892912341E-013
  1.747800000000000E-008  3.735818983718276E-013
  1.748100000000000E-008  3.729781526324201E-013
  1.748400000000000E-008  3.723753680930105E-013
  1.748700000000000E-008  3.717735127135997E-013
  1.749000000000000E-008  3.711726185341870E-013
  1.749300000000000E-008  3.705726535147729E-013
  1.749600000000000E-008  3.699736336753572E-013
  1.749900000000000E-008  3.693755429959399E-013
  1.750200000000000E-008  3.687783974965211E-013
  1.750500000000000E-008  3.681821971771007E-013
  1.750800000000000E-008  3.675869260176786E-013
  1.751100000000000E-008  3.669925840182552E-013
  1.751400000000000E-008  3.663991871988300E-013
  1.751700000000000E-008  3.658067035194033E-013
  1.752000000000000E-008  3.652151650199752E-013
  1.752300000000000E-008  3.652151650101988E-013
  1.752600000000000E-008  3.646245396507790E-013
  1.752900000000000E-008  3.640348434513606E-013
  1.753200000000000E-008  3.634460764119407E-013
  1.753500000000000E-008  3.628582385325191E-013
  1.753800000000000E-008  3.622713137930961E-013
  1.754100000000000E-008  3.616853182136715E-013
  1.754400000000000E-008  3.611002357742453E-013
  1.754700000000000E-008  3.605160664748178E-013
  1.755000000000000E-008  3.599328263353884E-013
  1.755300000000000E-008  3.593504833159576E-013
  1.755600000000000E-008  3.587690694565254E-013
  1.755900000000000E-008  3.581885687370915E-013
  1.756200000000000E-008  3.576089651376562E-013
  1.756500000000000E-008  3.570302906982193E-013
  1.756800000000000E-008  3.564525133787808E-013
  1.757100000000000E-008  3.558756331793411E-013
  1.757400000000000E-008  3.552996661198995E-013
  1.757700000000000E-008  3.552996661103486E-013
  1.758000000000000E-008  3.547246121909178E-013
  1.758300000000000E-008  3.541504393714866E-013
  1.758600000000000E-008  3.535771957120529E-013
  1.758900000000000E-008  3.530048331526179E-013
  1.759200000000000E-008  3.524333677131815E-013
  1.759500000000000E-008  3.518627993937436E-013
  1.759800000000000E-008  3.512931281943042E-013
  1.760100000000000E-008  3.507243541148634E-013
  1.760400000000000E-008  3.501564771554208E-013
  1.760700000000000E-008  3.495894812959769E-013
  1.761000000000000E-008  3.490233825565314E-013
  1.761300000000000E-008  3.484581649170845E-013
  1.761600000000000E-008  3.478938443976360E-013
  1.761900000000000E-008  3.473304049781861E-013
  1.762200000000000E-008  3.467678466587345E-013
  1.762500000000000E-008  3.462061694392819E-013
  1.762800000000000E-008  3.456453893398274E-013
  1.763100000000000E-008  3.456453893304995E-013
  1.763400000000000E-008  3.450854743110559E-013
  1.763700000000000E-008  3.445264403916110E-013
  1.764000000000000E-008  3.439682875721646E-013
  1.764300000000000E-008  3.434110158527164E-013
  1.764600000000000E-008  3.428546092132670E-013
  1.764900000000000E-008  3.422990836738160E-013
  1.765200000000000E-008  3.417444232143635E-013
  1.765500000000000E-008  3.411906278349097E-013
  1.765800000000000E-008  3.406377135554543E-013
  1.766100000000000E-008  3.400856643559974E-013
  1.766400000000000E-008  3.395344802365391E-013
  1.766700000000000E-008  3.389841611970794E-013
  1.767000000000000E-008  3.384347232576181E-013
  1.767300000000000E-008  3.378861183581553E-013
  1.767600000000000E-008  3.373383945586916E-013
  1.767900000000000E-008  3.367915358392258E-013
  1.768200000000000E-008  3.362455261797586E-013
  1.768500000000000E-008  3.362455261706488E-013
  1.768800000000000E-008  3.357003655711925E-013
  1.769100000000000E-008  3.351560700517345E-013
  1.769400000000000E-008  3.346126235922754E-013
  1.769700000000000E-008  3.340700422128145E-013
  1.770000000000000E-008  3.335283098933522E-013
  1.770300000000000E-008  3.329874266338886E-013
  1.770600000000000E-008  3.324473924344233E-013
  1.770900000000000E-008  3.319081912749568E-013
  1.771200000000000E-008  3.313698551954889E-013
  1.771500000000000E-008  3.308323681760194E-013
  1.771800000000000E-008  3.302957141965485E-013
  1.772100000000000E-008  3.297599092770762E-013
  1.772400000000000E-008  3.292249373976022E-013
  1.772700000000000E-008  3.286908145781278E-013
  1.773000000000000E-008  3.281575247986509E-013
  1.773300000000000E-008  3.276250680591726E-013
  1.773600000000000E-008  3.270934603796932E-013
  1.773900000000000E-008  3.270934603707968E-013
  1.774200000000000E-008  3.265626857313278E-013
  1.774500000000000E-008  3.260327441318573E-013
  1.774800000000000E-008  3.255036355723851E-013
  1.775100000000000E-008  3.249753440329121E-013
  1.775400000000000E-008  3.244479015534372E-013
  1.775700000000000E-008  3.239212760939611E-013
  1.776000000000000E-008  3.233954836744837E-013
  1.776300000000000E-008  3.228705242950046E-013
  1.776600000000000E-008  3.223463819355242E-013
  1.776900000000000E-008  3.218230565960424E-013
  1.777200000000000E-008  3.213005642965594E-013
  1.777500000000000E-008  3.207788890170745E-013
  1.777800000000000E-008  3.202580307575895E-013
  1.778100000000000E-008  3.197379895181016E-013
  1.778400000000000E-008  3.192187652986126E-013
  1.778700000000000E-008  3.187003580991226E-013
  1.779000000000000E-008  3.181827679196311E-013
  1.779300000000000E-008  3.181827679109430E-013
  1.779600000000000E-008  3.176659947514617E-013
  1.779900000000000E-008  3.171500386119788E-013
  1.780200000000000E-008  3.166348834724944E-013
  1.780500000000000E-008  3.161205293330093E-013
  1.780800000000000E-008  3.156070082335221E-013
  1.781100000000000E-008  3.150942721140339E-013
  1.781400000000000E-008  3.145823530145442E-013
  1.781700000000000E-008  3.140712349150531E-013
  1.782000000000000E-008  3.135609178155606E-013
  1.782300000000000E-008  3.130514017160670E-013
  1.782600000000000E-008  3.125427026365714E-013
  1.782900000000000E-008  3.120347885370759E-013
  1.783200000000000E-008  3.115276754375775E-013
  1.783500000000000E-008  3.110213633380778E-013
  1.783800000000000E-008  3.105158362185772E-013
  1.784100000000000E-008  3.100111100990753E-013
  1.784400000000000E-008  3.095071849795719E-013
  1.784700000000000E-008  3.095071849710875E-013
  1.785000000000000E-008  3.090040448315939E-013
  1.785300000000000E-008  3.085016896720994E-013
  1.785600000000000E-008  3.080001355126031E-013
  1.785900000000000E-008  3.074993663331056E-013
  1.786200000000000E-008  3.069993821336067E-013
  1.786500000000000E-008  3.065001829141067E-013
  1.786800000000000E-008  3.060017846946050E-013
  1.787100000000000E-008  3.055041554351021E-013
  1.787400000000000E-008  3.050073111555978E-013
  1.787700000000000E-008  3.045112358360921E-013
  1.788000000000000E-008  3.040159615165864E-013
  1.788300000000000E-008  3.035214561570773E-013
  1.788600000000000E-008  3.030277197575674E-013
  1.788900000000000E-008  3.025347843580565E-013
  1.789200000000000E-008  3.020426018985443E-013
  1.789500000000000E-008  3.015512044190307E-013
  1.789800000000000E-008  3.010605758995158E-013
  1.790100000000000E-008  3.005707163399996E-013
  1.790400000000000E-008  3.005707163317252E-013
  1.790700000000000E-008  3.000816257322189E-013
  1.791000000000000E-008  2.995933201127108E-013
  1.791300000000000E-008  2.991057674332016E-013
  1.791600000000000E-008  2.986189837136911E-013
  1.791900000000000E-008  2.981329689541794E-013
  1.792200000000000E-008  2.976477231546660E-013
  1.792500000000000E-008  2.971632302951517E-013
  1.792800000000000E-008  2.966795063956355E-013
  1.793100000000000E-008  2.961965354361200E-013
  1.793400000000000E-008  2.957143334366006E-013
  1.793700000000000E-008  2.952328843770806E-013
  1.794000000000000E-008  2.947522042775595E-013
  1.794300000000000E-008  2.942722610980373E-013
  1.794600000000000E-008  2.937930868785136E-013
  1.794900000000000E-008  2.933146655989888E-013
  1.795200000000000E-008  2.928369972594626E-013
  1.795500000000000E-008  2.923600818599350E-013
  1.795800000000000E-008  2.923600818518549E-013
  1.796100000000000E-008  2.918839033723372E-013
  1.796400000000000E-008  2.914084938528177E-013
  1.796700000000000E-008  2.909338212532968E-013
  1.797000000000000E-008  2.904598855737753E-013
  1.797300000000000E-008  2.899867188542518E-013
  1.797600000000000E-008  2.895142730347277E-013
  1.797900000000000E-008  2.890425961752013E-013
  1.798200000000000E-008  2.885716402156759E-013
  1.798500000000000E-008  2.881014371961465E-013
  1.798800000000000E-008  2.876319710966165E-013
  1.799100000000000E-008  2.871632419170856E-013
  1.799400000000000E-008  2.866952496575535E-013
  1.799700000000000E-008  2.862279943180200E-013
  1.800000000000000E-008  2.857614758984853E-013
  1.800300000000000E-008  2.852956943989493E-013
  1.800600000000000E-008  2.848306498194121E-013
  1.800900000000000E-008  2.843663261398735E-013
  1.801200000000000E-008  2.843663261319835E-013
  1.801500000000000E-008  2.839027393724544E-013
  1.801800000000000E-008  2.834398895329237E-013
  1.802100000000000E-008  2.829777605933917E-013
  1.802400000000000E-008  2.825163525538589E-013
  1.802700000000000E-008  2.820556814343246E-013
  1.803000000000000E-008  2.815957312147886E-013
  1.803300000000000E-008  2.811365018952535E-013
  1.803600000000000E-008  2.806779934757143E-013
  1.803900000000000E-008  2.802202219761744E-013
  1.804200000000000E-008  2.797631553566341E-013
  1.804500000000000E-008  2.793068256570922E-013
  1.804800000000000E-008  2.788512008375490E-013
  1.805100000000000E-008  2.783962969180047E-013
  1.805400000000000E-008  2.779421138984592E-013
  1.805700000000000E-008  2.774886357589123E-013
  1.806000000000000E-008  2.770358785193643E-013
  1.806300000000000E-008  2.765838261598150E-013
  1.806600000000000E-008  2.765838261521106E-013
  1.806900000000000E-008  2.761324946925702E-013
  1.807200000000000E-008  2.756818681130289E-013
  1.807500000000000E-008  2.752319624334862E-013
  1.807800000000000E-008  2.747827616339421E-013
  1.808100000000000E-008  2.743342657143970E-013
  1.808400000000000E-008  2.738864746748502E-013
  1.808700000000000E-008  2.734393885153044E-013
  1.809000000000000E-008  2.729930072357542E-013
  1.809300000000000E-008  2.725473308362038E-013
  1.809600000000000E-008  2.721023593166525E-013
  1.809900000000000E-008  2.716580766570999E-013
  1.810200000000000E-008  2.712144988775462E-013
  1.810500000000000E-008  2.707716259779912E-013
  1.810800000000000E-008  2.703294419384350E-013
  1.811100000000000E-008  2.698879627788777E-013
  1.811400000000000E-008  2.694471884993191E-013
  1.811700000000000E-008  2.690070870597593E-013
  1.812000000000000E-008  2.690070870522363E-013
  1.812300000000000E-008  2.685676904926852E-013
  1.812600000000000E-008  2.681289827931330E-013
  1.812900000000000E-008  2.676909639535798E-013
  1.813200000000000E-008  2.672536499940250E-013
  1.813500000000000E-008  2.668170088744688E-013
  1.813800000000000E-008  2.663810566149140E-013
  1.814100000000000E-008  2.659458092353542E-013
  1.814400000000000E-008  2.655112346957943E-013
  1.814700000000000E-008  2.650773329962340E-013
  1.815000000000000E-008  2.646441361766722E-013
  1.815300000000000E-008  2.642116121971090E-013
  1.815600000000000E-008  2.637797610575450E-013
  1.815900000000000E-008  2.633486147979795E-013
  1.816200000000000E-008  2.629181253584130E-013
  1.816500000000000E-008  2.624883247788453E-013
  1.816800000000000E-008  2.620591970392764E-013
  1.817100000000000E-008  2.616307421397063E-013
  1.817400000000000E-008  2.616307421323607E-013
  1.817700000000000E-008  2.612029760927988E-013
  1.818000000000000E-008  2.607758668732365E-013
  1.818300000000000E-008  2.603494465136727E-013
  1.818600000000000E-008  2.599236989941072E-013
  1.818900000000000E-008  2.594986082945432E-013
  1.819200000000000E-008  2.590742064549742E-013
  1.819500000000000E-008  2.586504614354052E-013
  1.819800000000000E-008  2.582273732358358E-013
  1.820100000000000E-008  2.578049738962649E-013
  1.820400000000000E-008  2.573832313766927E-013
  1.820700000000000E-008  2.569621456771195E-013
  1.821000000000000E-008  2.565417328175453E-013
  1.821300000000000E-008  2.561219927979696E-013
  1.821600000000000E-008  2.557028935783929E-013
  1.821900000000000E-008  2.552844671988151E-013
  1.822200000000000E-008  2.548666976392360E-013
  1.822500000000000E-008  2.544495848996559E-013
  1.822800000000000E-008  2.544495848924836E-013
  1.823100000000000E-008  2.540331449929116E-013
  1.823400000000000E-008  2.536173458933388E-013
  1.823700000000000E-008  2.532022036137645E-013
  1.824000000000000E-008  2.527877181541915E-013
  1.824300000000000E-008  2.523738895146134E-013
  1.824600000000000E-008  2.519607176950356E-013
  1.824900000000000E-008  2.515481866754571E-013
  1.825200000000000E-008  2.511363124758772E-013
  1.825500000000000E-008  2.507250790762964E-013
  1.825800000000000E-008  2.503145024967143E-013
  1.826100000000000E-008  2.499045667171311E-013
  1.826400000000000E-008  2.494952877575468E-013
  1.826700000000000E-008  2.490866495979612E-013
  1.827000000000000E-008  2.486786522383747E-013
  1.827300000000000E-008  2.482713116987869E-013
  1.827600000000000E-008  2.478645959391981E-013
  1.827900000000000E-008  2.474585369996081E-013
  1.828200000000000E-008  2.474585369926047E-013
  1.828500000000000E-008  2.470531028330233E-013
  1.828800000000000E-008  2.466483254934401E-013
  1.829100000000000E-008  2.462441729338585E-013
  1.829400000000000E-008  2.458406771942710E-013
  1.829700000000000E-008  2.454377902146849E-013
  1.830000000000000E-008  2.450355600550975E-013
  1.830300000000000E-008  2.446339546755090E-013
  1.830600000000000E-008  2.442329900959193E-013
  1.830900000000000E-008  2.438326502963287E-013
  1.831200000000000E-008  2.434329512967368E-013
  1.831500000000000E-008  2.430338770771437E-013
  1.831800000000000E-008  2.426354276375497E-013
  1.832100000000000E-008  2.422376189979545E-013
  1.832400000000000E-008  2.418404351383582E-013
  1.832700000000000E-008  2.414438760587608E-013
  1.833000000000000E-008  2.410479417591623E-013
  1.833300000000000E-008  2.406526322395628E-013
  1.833600000000000E-008  2.402579474999620E-013
  1.833900000000000E-008  2.402579474931334E-013
  1.834200000000000E-008  2.398638875335430E-013
  1.834500000000000E-008  2.394704523539470E-013
  1.834800000000000E-008  2.390776259343521E-013
  1.835100000000000E-008  2.386854242947562E-013
  1.835400000000000E-008  2.382938474351591E-013
  1.835700000000000E-008  2.379028793355610E-013
  1.836000000000000E-008  2.375125360159619E-013
  1.836300000000000E-008  2.371228174763613E-013
  1.836600000000000E-008  2.367336916767601E-013
  1.836900000000000E-008  2.363452066771575E-013
  1.837200000000000E-008  2.359573144175539E-013
  1.837500000000000E-008  2.355700469379493E-013
  1.837800000000000E-008  2.351833882183435E-013
  1.838100000000000E-008  2.347973382587367E-013
  1.838400000000000E-008  2.344118970591288E-013
  1.838700000000000E-008  2.340270485995197E-013
  1.839000000000000E-008  2.336428249199098E-013
  1.839300000000000E-008  2.336428249132448E-013
  1.839600000000000E-008  2.332592099936405E-013
  1.839900000000000E-008  2.328762038340370E-013
  1.840200000000000E-008  2.324937904144327E-013
  1.840500000000000E-008  2.321119857548273E-013
  1.840800000000000E-008  2.317307898552208E-013
  1.841100000000000E-008  2.313501866956133E-013
  1.841400000000000E-008  2.309701922960045E-013
  1.841700000000000E-008  2.305907906363949E-013
  1.842000000000000E-008  2.302119977367841E-013
  1.842300000000000E-008  2.298337975771722E-013
  1.842600000000000E-008  2.294561901575594E-013
  1.842900000000000E-008  2.290791914979455E-013
  1.843200000000000E-008  2.287027855783304E-013
  1.843500000000000E-008  2.283269563787143E-013
  1.843800000000000E-008  2.279517359390972E-013
  1.844100000000000E-008  2.275771082394792E-013
  1.844400000000000E-008  2.272030732798599E-013
  1.844700000000000E-008  2.272030732733506E-013
  1.845000000000000E-008  2.268296310537388E-013
  1.845300000000000E-008  2.264567655541265E-013
  1.845600000000000E-008  2.260845088145128E-013
  1.845900000000000E-008  2.257128287948978E-013
  1.846200000000000E-008  2.253417254952825E-013
  1.846500000000000E-008  2.249712309556656E-013
  1.846800000000000E-008  2.246013131360476E-013
  1.847100000000000E-008  2.242319720364289E-013
  1.847400000000000E-008  2.238632236768089E-013
  1.847700000000000E-008  2.234950520371879E-013
  1.848000000000000E-008  2.231274571175660E-013
  1.848300000000000E-008  2.227604549379430E-013
  1.848600000000000E-008  2.223940294783189E-013
  1.848900000000000E-008  2.220281807386937E-013
  1.849200000000000E-008  2.216629087190680E-013
  1.849500000000000E-008  2.212982294394407E-013
  1.849800000000000E-008  2.209341108598124E-013
  1.850100000000000E-008  2.209341108534572E-013
  1.850400000000000E-008  2.205705689938366E-013
  1.850700000000000E-008  2.202076038542150E-013
  1.851000000000000E-008  2.198452154345921E-013
  1.851300000000000E-008  2.194833877149684E-013
  1.851600000000000E-008  2.191221367153437E-013
  1.851900000000000E-008  2.187614624357180E-013
  1.852200000000000E-008  2.184013648760911E-013
  1.852500000000000E-008  2.180418280164632E-013
  1.852800000000000E-008  2.176828518568344E-013
  1.853100000000000E-008  2.173244524172047E-013
  1.853400000000000E-008  2.169666296975736E-013
  1.853700000000000E-008  2.166093516579418E-013
  1.854000000000000E-008  2.162526503383089E-013
  1.854300000000000E-008  2.158965097186750E-013
  1.854600000000000E-008  2.155409458190404E-013
  1.854900000000000E-008  2.151859265994043E-013
  1.855200000000000E-008  2.148314680797673E-013
  1.855500000000000E-008  2.148314680735630E-013
  1.855800000000000E-008  2.144775862739332E-013
  1.856100000000000E-008  2.141242491543026E-013
  1.856400000000000E-008  2.137714727346711E-013
  1.856700000000000E-008  2.134192570150385E-013
  1.857000000000000E-008  2.130676019954050E-013
  1.857300000000000E-008  2.127165076757703E-013
  1.857600000000000E-008  2.123659580361348E-013
  1.857900000000000E-008  2.120159690964981E-013
  1.858200000000000E-008  2.116665248368606E-013
  1.858500000000000E-008  2.113176412772220E-013
  1.858800000000000E-008  2.109693023975825E-013
  1.859100000000000E-008  2.106215242179420E-013
  1.859400000000000E-008  2.102742907183002E-013
  1.859700000000000E-008  2.099276018986582E-013
  1.860000000000000E-008  2.095814737790145E-013
  1.860300000000000E-008  2.092358903393699E-013
  1.860600000000000E-008  2.088908355597244E-013
  1.860900000000000E-008  2.088908355536672E-013
  1.861200000000000E-008  2.085463414740289E-013
  1.861500000000000E-008  2.082023920743896E-013
  1.861800000000000E-008  2.078589873547494E-013
  1.862100000000000E-008  2.075161273151082E-013
  1.862400000000000E-008  2.071738119554658E-013
  1.862700000000000E-008  2.068320252558229E-013
  1.863000000000000E-008  2.064907992561787E-013
  1.863300000000000E-008  2.061501019165333E-013
  1.863600000000000E-008  2.058099332368874E-013
  1.863900000000000E-008  2.054703252572403E-013
  1.864200000000000E-008  2.051312459375922E-013
  1.864500000000000E-008  2.047926952779431E-013
  1.864800000000000E-008  2.044546892982937E-013
  1.865100000000000E-008  2.041172119786425E-013
  1.865400000000000E-008  2.037802633189904E-013
  1.865700000000000E-008  2.034438593393376E-013
  1.866000000000000E-008  2.031079840196838E-013
  1.866300000000000E-008  2.031079840137703E-013
  1.866600000000000E-008  2.027726373541238E-013
  1.866900000000000E-008  2.024378353744757E-013
  1.867200000000000E-008  2.021035460348272E-013
  1.867500000000000E-008  2.017698013751773E-013
  1.867800000000000E-008  2.014365693555266E-013
  1.868100000000000E-008  2.011038659958753E-013
  1.868400000000000E-008  2.007717073162226E-013
  1.868700000000000E-008  2.004400612765692E-013
  1.869000000000000E-008  2.001089438969145E-013
  1.869300000000000E-008  1.997783391572594E-013
  1.869600000000000E-008  1.994482790976027E-013
  1.869900000000000E-008  1.991187156579462E-013
  1.870200000000000E-008  1.987896968982877E-013
  1.870500000000000E-008  1.984611907786282E-013
  1.870800000000000E-008  1.981331972989682E-013
  1.871100000000000E-008  1.978057324793071E-013
  1.871400000000000E-008  1.974787802996452E-013
  1.871700000000000E-008  1.971523567799823E-013
  1.872000000000000E-008  1.971523567742173E-013
  1.872300000000000E-008  1.968264458945612E-013
  1.872600000000001E-008  1.965010476549041E-013
  1.872900000000000E-008  1.961761620552464E-013
  1.873200000000000E-008  1.958518051155873E-013
  1.873500000000000E-008  1.955279447959274E-013
  1.873800000000000E-008  1.952045971162669E-013
  1.874100000000000E-008  1.948817780966051E-013
  1.874400000000000E-008  1.945594556969425E-013
  1.874700000000000E-008  1.942376459372790E-013
  1.875000000000000E-008  1.939163648376152E-013
  1.875300000000000E-008  1.935955643379494E-013
  1.875600000000000E-008  1.932752924982829E-013
  1.875900000000000E-008  1.929555172786157E-013
  1.876200000000000E-008  1.926362546989476E-013
  1.876500000000000E-008  1.923174887392785E-013
  1.876800000000000E-008  1.919992354196086E-013
  1.877100000000000E-008  1.916814947399378E-013
  1.877400000000000E-008  1.916814947343099E-013
  1.877700000000000E-008  1.913642506746456E-013
  1.878000000000000E-008  1.910475032349805E-013
  1.878300000000000E-008  1.907312524153147E-013
  1.878600000000000E-008  1.904155142356476E-013
  1.878900000000000E-008  1.901002726759800E-013
  1.879200000000000E-008  1.897855437563110E-013
  1.879500000000000E-008  1.894712954366416E-013
  1.879800000000000E-008  1.891575597569706E-013
  1.880100000000000E-008  1.888443046773003E-013
  1.880400000000000E-008  1.885315622376272E-013
  1.880700000000000E-008  1.882193003979536E-013
  1.881000000000000E-008  1.879075351782797E-013
  1.881300000000000E-008  1.875962825986046E-013
  1.881600000000000E-008  1.872855106189285E-013
  1.881900000000000E-008  1.869752192392518E-013
  1.882200000000000E-008  1.866654404995740E-013
  1.882500000000000E-008  1.863561423598954E-013
  1.882800000000000E-008  1.863561423544016E-013
  1.883100000000000E-008  1.860473408347293E-013
  1.883400000000001E-008  1.857390199150565E-013
  1.883700000000000E-008  1.854311956153825E-013
  1.884000000000000E-008  1.851238519157078E-013
  1.884300000000000E-008  1.848170048360320E-013
  1.884600000000000E-008  1.845106383563554E-013
  1.884900000000000E-008  1.842047524766779E-013
  1.885200000000000E-008  1.838993632170006E-013
  1.885500000000000E-008  1.835944545573206E-013
  1.885800000000000E-008  1.832900264976402E-013
  1.886100000000000E-008  1.829860790379593E-013
  1.886400000000000E-008  1.826826121782775E-013
  1.886700000000000E-008  1.823796419385947E-013
  1.887000000000000E-008  1.820771362789111E-013
  1.887300000000000E-008  1.817751112192266E-013
  1.887600000000000E-008  1.814735827795413E-013
  1.887900000000000E-008  1.811725189198550E-013
  1.888200000000000E-008  1.811725189144922E-013
  1.888500000000000E-008  1.808719356548121E-013
  1.888800000000000E-008  1.805718169751315E-013
  1.889100000000000E-008  1.802721788954500E-013
  1.889400000000000E-008  1.799730214157676E-013
  1.889700000000000E-008  1.796743445360841E-013
  1.890000000000000E-008  1.793761322363998E-013
  1.890300000000000E-008  1.790784005367159E-013
  1.890600000000000E-008  1.787811334170291E-013
  1.890900000000000E-008  1.784843468973420E-013
  1.891200000000000E-008  1.781880249576543E-013
  1.891500000000000E-008  1.778921675979659E-013
  1.891800000000000E-008  1.775967908382765E-013
  1.892100000000000E-008  1.773018786585862E-013
  1.892400000000000E-008  1.770074310588952E-013
  1.892700000000000E-008  1.767134640592031E-013
  1.893000000000000E-008  1.764199456195103E-013
  1.893300000000000E-008  1.761269077798167E-013
  1.893600000000000E-008  1.761269077745816E-013
  1.893900000000001E-008  1.758343184948945E-013
  1.894200000000000E-008  1.755422098152059E-013
  1.894500000000000E-008  1.752505496955171E-013
  1.894800000000000E-008  1.749593701758269E-013
  1.895100000000000E-008  1.746686392161358E-013
  1.895400000000000E-008  1.743783728364456E-013
  1.895700000000000E-008  1.740885710367519E-013
  1.896000000000000E-008  1.737992177970586E-013
  1.896300000000000E-008  1.735103451573641E-013
  1.896600000000000E-008  1.732219050576692E-013
  1.896900000000000E-008  1.729339455579733E-013
  1.897200000000000E-008  1.726464346182764E-013
  1.897500000000000E-008  1.723593722385789E-013
  1.897800000000000E-008  1.720727744388806E-013
  1.898100000000000E-008  1.717866412191812E-013
  1.898400000000000E-008  1.715009405394812E-013
  1.898700000000000E-008  1.712157044397802E-013
  1.899000000000000E-008  1.712157044346703E-013
  1.899300000000000E-008  1.709309168949756E-013
  1.899600000000000E-008  1.706465939352800E-013
  1.899900000000000E-008  1.703627195355832E-013
  1.900200000000000E-008  1.700792776758861E-013
  1.900500000000000E-008  1.697963003961877E-013
  1.900800000000000E-008  1.695137716764900E-013
  1.901100000000000E-008  1.692316915167892E-013
  1.901400000000000E-008  1.689500599170883E-013
  1.901700000000000E-008  1.686688768773870E-013
  1.902000000000000E-008  1.683881423976845E-013
  1.902300000000000E-008  1.681078404579816E-013
  1.902600000000000E-008  1.678280030982775E-013
  1.902900000000000E-008  1.675485982785728E-013
  1.903200000000000E-008  1.672696420188672E-013
  1.903500000000000E-008  1.669911182991608E-013
  1.903800000000000E-008  1.667130431394537E-013
  1.904100000000000E-008  1.664354165397456E-013
  1.904400000000000E-008  1.664354165347578E-013
  1.904700000000001E-008  1.661582224750560E-013
  1.905000000000000E-008  1.658814769753530E-013
  1.905300000000000E-008  1.656051640156492E-013
  1.905600000000000E-008  1.653292835959446E-013
  1.905900000000000E-008  1.650538517362409E-013
  1.906200000000000E-008  1.647788684365333E-013
  1.906500000000000E-008  1.645043016568264E-013
  1.906800000000000E-008  1.642301834371187E-013
  1.907100000000000E-008  1.639564977574101E-013
  1.907400000000000E-008  1.636832446177007E-013
  1.907700000000000E-008  1.634104240179905E-013
  1.908000000000000E-008  1.631380359582797E-013
  1.908300000000000E-008  1.628660964585679E-013
  1.908600000000000E-008  1.625945734788553E-013
  1.908900000000000E-008  1.623234830391419E-013
  1.909200000000000E-008  1.620528251394278E-013
  1.909500000000000E-008  1.617825997797129E-013
  1.909800000000000E-008  1.615128069599971E-013
  1.910100000000000E-008  1.615128069551352E-013
  1.910400000000000E-008  1.612434306554256E-013
  1.910700000000000E-008  1.609745029157146E-013
  1.911000000000000E-008  1.607059916960043E-013
  1.911300000000000E-008  1.604378969962910E-013
  1.911600000000000E-008  1.601702428465777E-013
  1.911900000000000E-008  1.599030100228638E-013
  1.912200000000000E-008  1.596362017291491E-013
  1.912500000000000E-008  1.593698179654337E-013
  1.912800000000000E-008  1.591038571297174E-013
  1.913100000000000E-008  1.588383208240004E-013
  1.913400000000000E-008  1.585732058442826E-013
  1.913700000000000E-008  1.583085121905640E-013
  1.914000000000000E-008  1.580442382608446E-013
  1.914300000000000E-008  1.577803872591244E-013
  1.914600000000000E-008  1.575169543794035E-013
  1.914900000000000E-008  1.572539396216818E-013
  1.915200000000001E-008  1.569913445879593E-013
  1.915500000000001E-008  1.569913445832139E-013
  1.915800000000000E-008  1.567291660694970E-013
  1.916100000000000E-008  1.564674056777809E-013
  1.916400000000000E-008  1.562060618060612E-013
  1.916700000000000E-008  1.559451328523420E-013
  1.917000000000000E-008  1.556846188166221E-013
  1.917300000000000E-008  1.554245196989014E-013
  1.917600000000000E-008  1.551648354991799E-013
  1.917900000000000E-008  1.549055630134577E-013
  1.918200000000000E-008  1.546467038437347E-013
  1.918500000000000E-008  1.543882547860109E-013
  1.918800000000000E-008  1.541302190442864E-013
  1.919100000000000E-008  1.538725934145611E-013
  1.919400000000000E-008  1.536153762948351E-013
  1.919700000000000E-008  1.533585692871083E-013
  1.920000000000000E-008  1.531021723913807E-013
  1.920300000000000E-008  1.528461808016524E-013
  1.920600000000000E-008  1.525905993239233E-013
  1.920900000000000E-008  1.525905993192916E-013
  1.921200000000000E-008  1.523354231475696E-013
  1.921500000000000E-008  1.520806522818439E-013
  1.921800000000000E-008  1.518262883241188E-013
  1.922100000000000E-008  1.515723296723929E-013
  1.922400000000000E-008  1.513187731226663E-013
  1.922700000000000E-008  1.510656218789390E-013
  1.923000000000000E-008  1.508128727372109E-013
  1.923300000000000E-008  1.505605272994821E-013
  1.923600000000000E-008  1.503085823617525E-013
  1.923900000000000E-008  1.500570379240222E-013
  1.924200000000000E-008  1.498058955882911E-013
  1.924500000000000E-008  1.495551521505593E-013
  1.924800000000000E-008  1.493048076108267E-013
  1.925100000000000E-008  1.490548619690934E-013
  1.925400000000000E-008  1.488053152253594E-013
  1.925700000000000E-008  1.485561641756246E-013
  1.926000000000001E-008  1.483074104218890E-013
  1.926300000000001E-008  1.483074104173700E-013
  1.926600000000000E-008  1.480590539596385E-013
  1.926900000000000E-008  1.478110915939076E-013
  1.927200000000000E-008  1.475635249221760E-013
  1.927500000000000E-008  1.473163523424436E-013
  1.927800000000000E-008  1.470695722527105E-013
  1.928100000000000E-008  1.468231862549767E-013
  1.928400000000000E-008  1.465771927472422E-013
  1.928700000000000E-008  1.463315917295069E-013
  1.929000000000000E-008  1.460863799977708E-013
  1.929300000000000E-008  1.458415607560341E-013
  1.929600000000000E-008  1.455971308002966E-013
  1.929900000000000E-008  1.453530901305584E-013
  1.930200000000000E-008  1.451094387468194E-013
  1.930500000000000E-008  1.448661750470798E-013
  1.930800000000000E-008  1.446232974293394E-013
  1.931100000000000E-008  1.443808090975984E-013
  1.931400000000000E-008  1.441387052458565E-013
  1.931700000000000E-008  1.441387052414446E-013
  1.932000000000000E-008  1.438969890737080E-013
  1.932300000000000E-008  1.436556573859707E-013
  1.932600000000000E-008  1.434147085762328E-013
  1.932900000000000E-008  1.431741458484940E-013
  1.933200000000000E-008  1.429339659987545E-013
  1.933500000000000E-008  1.426941674250144E-013
  1.933800000000000E-008  1.424547533312735E-013
  1.934100000000000E-008  1.422157189115319E-013
  1.934400000000000E-008  1.419770657677896E-013
  1.934700000000000E-008  1.417387939000466E-013
  1.935000000000000E-008  1.415009017063029E-013
  1.935300000000000E-008  1.412633875845584E-013
  1.935600000000000E-008  1.410262531368133E-013
  1.935900000000000E-008  1.407894967610673E-013
  1.936200000000000E-008  1.405531168553209E-013
  1.936500000000000E-008  1.403171134195736E-013
  1.936800000000001E-008  1.400814880558255E-013
  1.937100000000001E-008  1.400814880515197E-013
  1.937400000000000E-008  1.398462375557768E-013
  1.937700000000000E-008  1.396113603260333E-013
  1.938000000000000E-008  1.393768595662891E-013
  1.938300000000000E-008  1.391427320725441E-013
  1.938600000000000E-008  1.389089778447985E-013
  1.938900000000000E-008  1.386755968830521E-013
  1.939200000000000E-008  1.384425875853051E-013
  1.939500000000000E-008  1.382099499515573E-013
  1.939800000000000E-008  1.379776839818088E-013
  1.940100000000000E-008  1.377457880740597E-013
  1.940400000000000E-008  1.375142622283098E-013
  1.940700000000000E-008  1.372831048425593E-013
  1.941000000000000E-008  1.370523159168081E-013
  1.941300000000000E-008  1.368218954510560E-013
  1.941600000000000E-008  1.365918434453036E-013
  1.941900000000000E-008  1.363621566955502E-013
  1.942200000000000E-008  1.361328384057961E-013
  1.942500000000000E-008  1.361328384015939E-013
  1.942800000000000E-008  1.359038837658450E-013
  1.943100000000000E-008  1.356752959880953E-013
  1.943400000000000E-008  1.354470718643450E-013
  1.943700000000000E-008  1.352192129965939E-013
  1.944000000000000E-008  1.349917161808422E-013
  1.944300000000000E-008  1.347645830190898E-013
  1.944600000000000E-008  1.345378119093367E-013
  1.944900000000000E-008  1.343114028515829E-013
  1.945200000000000E-008  1.340853558458284E-013
  1.945500000000000E-008  1.338596692900733E-013
  1.945800000000000E-008  1.336343431843175E-013
  1.946100000000000E-008  1.334093759265610E-013
  1.946400000000000E-008  1.331847675168037E-013
  1.946700000000000E-008  1.329605179550462E-013
  1.947000000000000E-008  1.327366256392875E-013
  1.947300000000001E-008  1.325130905695282E-013
  1.947600000000001E-008  1.322899143477683E-013
  1.947900000000000E-008  1.322899143436673E-013
  1.948200000000000E-008  1.320670921639124E-013
  1.948500000000000E-008  1.318446272301567E-013
  1.948800000000000E-008  1.316225163384004E-013
  1.949100000000000E-008  1.314007594886434E-013
  1.949400000000000E-008  1.311793582828858E-013
  1.949700000000000E-008  1.309583095171275E-013
  1.950000000000000E-008  1.307376131913685E-013
  1.950300000000000E-008  1.305172709076088E-013
  1.950600000000000E-008  1.302972794618485E-013
  1.950900000000000E-008  1.300776388540875E-013
  1.951200000000000E-008  1.298583490843258E-013
  1.951500000000000E-008  1.296394101525634E-013
  1.951800000000000E-008  1.294208204568008E-013
  1.952100000000000E-008  1.292025799970369E-013
  1.952400000000000E-008  1.289846871712725E-013
  1.952700000000000E-008  1.287671435815075E-013
  1.953000000000000E-008  1.285499460237419E-013
  1.953300000000000E-008  1.283330960999757E-013
  1.953600000000000E-008  1.283330960959791E-013
  1.953900000000000E-008  1.281165938062175E-013
  1.954200000000000E-008  1.279004359464554E-013
  1.954500000000000E-008  1.276846225166926E-013
  1.954800000000000E-008  1.274691551189292E-013
  1.955100000000000E-008  1.272540321511651E-013
  1.955400000000000E-008  1.270392520114003E-013
  1.955700000000000E-008  1.268248163016349E-013
  1.956000000000000E-008  1.266107218178688E-013
  1.956300000000000E-008  1.263969701621021E-013
  1.956600000000000E-008  1.261835597323346E-013
  1.956900000000000E-008  1.259704889265671E-013
  1.957200000000000E-008  1.257577609487982E-013
  1.957500000000000E-008  1.255453709930287E-013
  1.957800000000000E-008  1.253333222632588E-013
  1.958100000000001E-008  1.251216115554882E-013
  1.958400000000001E-008  1.249102388697170E-013
  1.958700000000000E-008  1.246992042059451E-013
  1.959000000000000E-008  1.246992042020449E-013
  1.959300000000000E-008  1.244885059582778E-013
  1.959600000000000E-008  1.242781457365099E-013
  1.959900000000000E-008  1.240681203327415E-013
  1.960200000000000E-008  1.238584329509723E-013
  1.960500000000000E-008  1.236490787852026E-013
  1.960800000000000E-008  1.234400594374322E-013
  1.961100000000000E-008  1.232313749076611E-013
  1.961400000000000E-008  1.230230235938895E-013
  1.961700000000000E-008  1.228150054961171E-013
  1.962000000000000E-008  1.226073206143447E-013
  1.962300000000000E-008  1.223999673465708E-013
  1.962600000000000E-008  1.221929456927964E-013
  1.962900000000000E-008  1.219862540510216E-013
  1.963200000000000E-008  1.217798940232462E-013
  1.963500000000000E-008  1.215738640074701E-013
  1.963800000000000E-008  1.213681624016934E-013
  1.964100000000000E-008  1.211627908079160E-013
  1.964400000000000E-008  1.211627908041101E-013
  1.964700000000000E-008  1.209577460183374E-013
  1.965000000000000E-008  1.207530312445640E-013
  1.965300000000000E-008  1.205486432787899E-013
  1.965600000000000E-008  1.203445821210153E-013
  1.965900000000000E-008  1.201408461692400E-013
  1.966200000000000E-008  1.199374370254641E-013
  1.966500000000000E-008  1.197343530876876E-013
  1.966800000000000E-008  1.195315943559103E-013
  1.967100000000000E-008  1.193291608301333E-013
  1.967400000000000E-008  1.191270493063544E-013
  1.967700000000000E-008  1.189252629885753E-013
  1.968000000000000E-008  1.187237986727957E-013
  1.968300000000000E-008  1.185226563590155E-013
  1.968600000000001E-008  1.183218360472346E-013
  1.968900000000001E-008  1.181213361354532E-013
  1.969200000000001E-008  1.179211582256711E-013
  1.969500000000000E-008  1.177213007158884E-013
  1.969800000000000E-008  1.177213007121746E-013
  1.970100000000000E-008  1.175217636023963E-013
  1.970400000000000E-008  1.173225436886175E-013
  1.970700000000000E-008  1.171236441748381E-013
  1.971000000000000E-008  1.169250634590580E-013
  1.971300000000000E-008  1.167267999392773E-013
  1.971600000000000E-008  1.165288536154961E-013
  1.971900000000000E-008  1.163312244877141E-013
  1.972200000000000E-008  1.161339109539324E-013
  1.972500000000000E-008  1.159369130141487E-013
  1.972800000000000E-008  1.157402306683649E-013
  1.973100000000000E-008  1.155438639165806E-013
  1.973400000000000E-008  1.153478111567957E-013
  1.973700000000000E-008  1.151520723890102E-013
  1.974000000000000E-008  1.149566476132241E-013
  1.974300000000000E-008  1.147615352274373E-013
  1.974600000000000E-008  1.145667352316501E-013
  1.974900000000000E-008  1.143722460238622E-013
  1.975200000000000E-008  1.143722460202382E-013
  1.975500000000000E-008  1.141780692024547E-013
  1.975800000000000E-008  1.139842047746705E-013
  1.976100000000000E-008  1.137906479308858E-013
  1.976400000000000E-008  1.135974034771005E-013
  1.976700000000000E-008  1.134044682093146E-013
  1.977000000000000E-008  1.132118405255279E-013
  1.977300000000000E-008  1.130195220277417E-013
  1.977600000000000E-008  1.128275127159533E-013
  1.977900000000000E-008  1.126358093861648E-013
  1.978200000000000E-008  1.124444136403760E-013
  1.978500000000000E-008  1.122533238765865E-013
  1.978800000000000E-008  1.120625416967964E-013
  1.979100000000000E-008  1.118720638970057E-013
  1.979400000000001E-008  1.116818920792145E-013
  1.979700000000001E-008  1.114920246414227E-013
  1.980000000000001E-008  1.113024615836302E-013
  1.980300000000000E-008  1.111132029058372E-013
  1.980600000000000E-008  1.111132029023011E-013
  1.980900000000000E-008  1.109242454005124E-013
  1.981200000000000E-008  1.107355922787231E-013
  1.981500000000000E-008  1.105472419349332E-013
  1.981800000000000E-008  1.103591927671427E-013
  1.982100000000000E-008  1.101714447753515E-013
  1.982400000000000E-008  1.099839979595607E-013
  1.982700000000000E-008  1.097968507177678E-013
  1.983000000000000E-008  1.096100046519749E-013
  1.983300000000000E-008  1.094234565581815E-013
  1.983600000000000E-008  1.092372096403875E-013
  1.983900000000000E-008  1.090512590925930E-013
  1.984200000000000E-008  1.088656081187978E-013
  1.984500000000000E-008  1.086802551170022E-013
  1.984800000000000E-008  1.084951984852059E-013
  1.985100000000000E-008  1.083104382234090E-013
  1.985400000000000E-008  1.081259743316116E-013
  1.985700000000000E-008  1.079418068098136E-013
  1.986000000000000E-008  1.079418068063633E-013
  1.986300000000000E-008  1.077579340525695E-013
  1.986600000000000E-008  1.075743560667751E-013
  1.986900000000000E-008  1.073910728489801E-013
  1.987200000000000E-008  1.072080827971847E-013
  1.987500000000000E-008  1.070253875133884E-013
  1.987800000000000E-008  1.068429837935926E-013
  1.988100000000000E-008  1.066608732397947E-013
  1.988400000000000E-008  1.064790542499968E-013
  1.988700000000000E-008  1.062975284261985E-013
  1.989000000000000E-008  1.061162925643995E-013
  1.989300000000000E-008  1.059353482666000E-013
  1.989600000000000E-008  1.057546939307999E-013
  1.989900000000001E-008  1.055743279549993E-013
  1.990200000000001E-008  1.053942535431982E-013
  1.990500000000001E-008  1.052144658893964E-013
  1.990800000000000E-008  1.050349681975941E-013
  1.991100000000000E-008  1.048557588657913E-013
  1.991400000000000E-008  1.046768362919879E-013
  1.991700000000000E-008  1.046768362886259E-013
  1.992000000000000E-008  1.044982004728266E-013
  1.992300000000000E-008  1.043198514150268E-013
  1.992600000000000E-008  1.041417891152262E-013
  1.992900000000000E-008  1.039640119714261E-013
  1.993200000000000E-008  1.037865199836238E-013
  1.993500000000000E-008  1.036093131518215E-013
  1.993800000000000E-008  1.034323914760189E-013
  1.994100000000000E-008  1.032557533542157E-013
  1.994400000000000E-008  1.030793987864119E-013
  1.994700000000000E-008  1.029033261706076E-013
  1.995000000000000E-008  1.027275371088027E-013
  1.995300000000000E-008  1.025520316009973E-013
  1.995600000000000E-008  1.023768064431913E-013
  1.995900000000000E-008  1.022018616353848E-013
  1.996200000000000E-008  1.020271987795777E-013
  1.996500000000000E-008  1.018528162737701E-013
  1.996800000000000E-008  1.016787141179620E-013
  1.997100000000000E-008  1.016787141146818E-013
  1.997400000000000E-008  1.015048907068776E-013
  1.997700000000000E-008  1.013313476490728E-013
  1.998000000000000E-008  1.011580817372686E-013
  1.998300000000000E-008  1.009850961754619E-013
  1.998600000000000E-008  1.008123861576555E-013
  1.998900000000000E-008  1.006399548878486E-013
  1.999200000000000E-008  1.004678007640411E-013
  1.999500000000000E-008  1.002959221842332E-013
  1.999800000000000E-008  1.001243207504247E-013
  2.000100000000000E-008  9.995299325861562E-014
  2.000400000000000E-008  9.978194291280603E-014
  2.000700000000001E-008  9.961116650899592E-014
  2.001000000000001E-008  9.944066404718525E-014
  2.001300000000001E-008  9.927043552737408E-014
  2.001600000000000E-008  9.910048094956235E-014
  2.001900000000000E-008  9.893079871175010E-014
  2.002200000000000E-008  9.876139041593734E-014
  2.002500000000000E-008  9.876139041273699E-014
  2.002800000000000E-008  9.859225285492807E-014
  2.003100000000000E-008  9.842338923911958E-014
  2.003400000000000E-008  9.825479475930874E-014
  2.003700000000000E-008  9.808647261949818E-014
  2.004000000000000E-008  9.791841961568718E-014
  2.004300000000000E-008  9.775063734987563E-014
  2.004600000000000E-008  9.758312582206353E-014
  2.004900000000000E-008  9.741588182825093E-014
  2.005200000000000E-008  9.724890857243781E-014
  2.005500000000000E-008  9.708220285062414E-014
  2.005800000000000E-008  9.691576466280995E-014
  2.006100000000000E-008  9.674959400899525E-014
  2.006400000000000E-008  9.658369088918001E-014
  2.006700000000000E-008  9.641805370136428E-014
  2.007000000000000E-008  9.625268404754801E-014
  2.007300000000000E-008  9.608758032573122E-014
  2.007600000000000E-008  9.592274093391391E-014
  2.007900000000000E-008  9.592274093079154E-014
  2.008200000000000E-008  9.575816747097901E-014
  2.008500000000000E-008  9.559385834116404E-014
  2.008800000000000E-008  9.542981354134943E-014
  2.009100000000000E-008  9.526603146953437E-014
  2.009400000000000E-008  9.510251372771881E-014
  2.009700000000000E-008  9.493926031590267E-014
  2.010000000000000E-008  9.477626803008606E-014
  2.010300000000000E-008  9.461353847226892E-014
  2.010600000000000E-008  9.445107004045126E-014
  2.010900000000000E-008  9.428886273463310E-014
  2.011200000000000E-008  9.412691655481442E-014
  2.011500000000001E-008  9.396523150099525E-014
  2.011800000000001E-008  9.380380597117555E-014
  2.012100000000001E-008  9.364263996535535E-014
  2.012400000000000E-008  9.348173508553464E-014
  2.012700000000000E-008  9.332108652571339E-014
  2.013000000000000E-008  9.316069748989171E-014
  2.013300000000000E-008  9.316069748684652E-014
  2.013600000000000E-008  9.300056797502747E-014
  2.013900000000000E-008  9.284069478320894E-014
  2.014200000000000E-008  9.268107951338990E-014
  2.014500000000000E-008  9.252172056357033E-014
  2.014800000000000E-008  9.236261793375031E-014
  2.015100000000000E-008  9.220377162392973E-014
  2.015400000000000E-008  9.204518003210869E-014
  2.015700000000000E-008  9.188684476028711E-014
  2.016000000000000E-008  9.172876420646506E-014
  2.016300000000000E-008  9.157093837064249E-014
  2.016600000000000E-008  9.141336725281941E-014
  2.016900000000000E-008  9.125604764899586E-014
  2.017200000000000E-008  9.109898276317180E-014
  2.017500000000000E-008  9.094217099334725E-014
  2.017800000000000E-008  9.078561073752216E-014
  2.018100000000000E-008  9.062930359769672E-014
  2.018400000000000E-008  9.047324797187061E-014
  2.018700000000000E-008  9.047324796889877E-014
  2.019000000000000E-008  9.031744385707633E-014
  2.019300000000000E-008  9.016188965725342E-014
  2.019600000000000E-008  9.000658697143001E-014
  2.019900000000000E-008  8.985153419760609E-014
  2.020200000000000E-008  8.969673133578167E-014
  2.020500000000000E-008  8.954217678395678E-014
  2.020800000000000E-008  8.938787214413139E-014
  2.021100000000000E-008  8.923381581430550E-014
  2.021400000000000E-008  8.908000779447912E-014
  2.021700000000000E-008  8.892644648265225E-014
  2.022000000000001E-008  8.877313348082492E-014
  2.022300000000001E-008  8.862006718699707E-014
  2.022600000000001E-008  8.846724760116876E-014
  2.022900000000001E-008  8.831467472333989E-014
  2.023200000000000E-008  8.816234695151078E-014
  2.023500000000000E-008  8.801026588768091E-014
  2.023800000000000E-008  8.785842832785060E-014
  2.024100000000000E-008  8.785842832495143E-014
  2.024400000000000E-008  8.770683587112472E-014
  2.024700000000000E-008  8.755548852329747E-014
  2.025000000000000E-008  8.740438467946978E-014
  2.025300000000000E-008  8.725352433964160E-014
  2.025600000000000E-008  8.710290750381292E-014
  2.025900000000000E-008  8.695253256998379E-014
  2.026200000000000E-008  8.680240114015416E-014
  2.026500000000000E-008  8.665251161232404E-014
  2.026800000000000E-008  8.650286238449347E-014
  2.027100000000000E-008  8.635345505866242E-014
  2.027400000000000E-008  8.620428963483085E-014
  2.027700000000000E-008  8.605536290899886E-014
  2.028000000000000E-008  8.590667808516631E-014
  2.028300000000000E-008  8.575823195933357E-014
  2.028600000000000E-008  8.561002613350003E-014
  2.028900000000000E-008  8.546205740366603E-014
  2.029200000000000E-008  8.531432897383168E-014
  2.029500000000000E-008  8.516683924199681E-014
  2.029800000000000E-008  8.516683923917250E-014
  2.030100000000000E-008  8.501958660334110E-014
  2.030400000000000E-008  8.487257106350922E-014
  2.030700000000000E-008  8.472579261967686E-014
  2.031000000000000E-008  8.457925127184406E-014
  2.031300000000000E-008  8.443294702001076E-014
  2.031600000000000E-008  8.428687826217699E-014
  2.031900000000000E-008  8.414104499834274E-014
  2.032200000000000E-008  8.399544562650807E-014
  2.032500000000000E-008  8.385008335067290E-014
  2.032800000000001E-008  8.370495496683726E-014
  2.033100000000001E-008  8.356006047500119E-014
  2.033400000000001E-008  8.341539987516455E-014
  2.033700000000000E-008  8.327097316732776E-014
  2.034000000000000E-008  8.312677874949018E-014
  2.034300000000000E-008  8.298281662165214E-014
  2.034600000000000E-008  8.283908838581375E-014
  2.034900000000000E-008  8.269559083797490E-014
  2.035200000000000E-008  8.269559083521978E-014
  2.035500000000000E-008  8.255232557738426E-014
  2.035800000000000E-008  8.240929100754833E-014
  2.036100000000000E-008  8.226648872771188E-014
  2.036400000000000E-008  8.212391553387501E-014
  2.036700000000000E-008  8.198157302803765E-014
  2.037000000000000E-008  8.183945960819987E-014
  2.037300000000000E-008  8.169757687636161E-014
  2.037600000000000E-008  8.155592323052288E-014
  2.037900000000000E-008  8.141449706868370E-014
  2.038200000000000E-008  8.127329999284410E-014
  2.038500000000000E-008  8.113233040100394E-014
  2.038800000000000E-008  8.099158989516371E-014
  2.039100000000000E-008  8.085107527132258E-014
  2.039400000000000E-008  8.071078813148104E-014
  2.039700000000000E-008  8.057072687363917E-014
  2.040000000000000E-008  8.043089309979684E-014
  2.040300000000000E-008  8.029128360595404E-014
  2.040600000000000E-008  8.029128360326653E-014
  2.040900000000000E-008  8.015190159342701E-014
  2.041200000000000E-008  8.001274386358704E-014
  2.041500000000000E-008  7.987381041374664E-014
  2.041800000000000E-008  7.973510124390580E-014
  2.042100000000000E-008  7.959661635406450E-014
  2.042400000000000E-008  7.945835574422273E-014
  2.042700000000000E-008  7.932031781238057E-014
  2.043000000000000E-008  7.918250416053793E-014
  2.043300000000001E-008  7.904491318669484E-014
  2.043600000000001E-008  7.890754328885124E-014
  2.043900000000001E-008  7.877039606900761E-014
  2.044200000000001E-008  7.863346992516301E-014
  2.044500000000000E-008  7.849676645931803E-014
  2.044800000000000E-008  7.836028246747277E-014
  2.045100000000000E-008  7.822401955162704E-014
  2.045400000000000E-008  7.808797771178085E-014
  2.045700000000000E-008  7.795215374393424E-014
  2.046000000000000E-008  7.795215374131271E-014
  2.046300000000000E-008  7.781655084946930E-014
  2.046600000000000E-008  7.768116743162542E-014
  2.046900000000000E-008  7.754600188578115E-014
  2.047200000000000E-008  7.741105581393643E-014
  2.047500000000000E-008  7.727632761409127E-014
  2.047800000000000E-008  7.714181728624566E-014
  2.048100000000000E-008  7.700752483039962E-014
  2.048400000000000E-008  7.687344864455317E-014
  2.048700000000000E-008  7.673959033070616E-014
  2.049000000000000E-008  7.660594828685923E-014
  2.049300000000000E-008  7.647252091101121E-014
  2.049600000000000E-008  7.633931140716288E-014
  2.049900000000000E-008  7.620631657131429E-014
  2.050200000000000E-008  7.607353640346521E-014
  2.050500000000000E-008  7.594097090361572E-014
  2.050800000000000E-008  7.580862167376578E-014
  2.051100000000000E-008  7.567648390791543E-014
  2.051400000000000E-008  7.567648390535835E-014
  2.051700000000000E-008  7.554456240951110E-014
  2.052000000000000E-008  7.541285237766348E-014
  2.052300000000000E-008  7.528135701381538E-014
  2.052600000000000E-008  7.515007311396687E-014
  2.052900000000000E-008  7.501900228011795E-014
  2.053200000000000E-008  7.488814451226853E-014
  2.053500000000000E-008  7.475749660641879E-014
  2.053800000000000E-008  7.462706176656845E-014
  2.054100000000001E-008  7.449683678871832E-014
  2.054400000000001E-008  7.436682327486692E-014
  2.054700000000001E-008  7.423701962301534E-014
  2.055000000000001E-008  7.410742743516345E-014
  2.055300000000000E-008  7.397804350731111E-014
  2.055600000000000E-008  7.384886944145837E-014
  2.055900000000000E-008  7.371990523760519E-014
  2.056200000000000E-008  7.359114929375160E-014
  2.056500000000000E-008  7.346260160989759E-014
  2.056800000000000E-008  7.346260160740342E-014
  2.057100000000000E-008  7.333426218355249E-014
  2.057400000000000E-008  7.320613101970113E-014
  2.057700000000000E-008  7.307820811584931E-014
  2.058000000000000E-008  7.295049026799711E-014
  2.058300000000000E-008  7.282298068014448E-014
  2.058600000000000E-008  7.269567775029146E-014
  2.058900000000000E-008  7.256857987643791E-014
  2.059200000000000E-008  7.244168866058455E-014
  2.059500000000000E-008  7.231500250072991E-014
  2.059800000000000E-008  7.218852299887510E-014
  2.060100000000000E-008  7.206224695102001E-014
  2.060400000000000E-008  7.193617595916447E-014
  2.060700000000000E-008  7.181030842130854E-014
  2.061000000000000E-008  7.168464593945219E-014
  2.061300000000000E-008  7.155918691159543E-014
  2.061600000000000E-008  7.143393133773826E-014
  2.061900000000000E-008  7.130887761588069E-014
  2.062200000000000E-008  7.130887761344800E-014
  2.062500000000000E-008  7.118402734559338E-014
  2.062800000000000E-008  7.105937892973843E-014
  2.063100000000000E-008  7.093493396788298E-014
  2.063400000000000E-008  7.081068925602717E-014
  2.063700000000000E-008  7.068664639617096E-014
  2.064000000000000E-008  7.056280378631422E-014
  2.064300000000000E-008  7.043916302845777E-014
  2.064600000000001E-008  7.031572252059989E-014
  2.064900000000001E-008  7.019248226274194E-014
  2.065200000000001E-008  7.006944065288370E-014
  2.065500000000001E-008  6.994659929302507E-014
  2.065800000000001E-008  6.982395818316599E-014
  2.066100000000000E-008  6.970151411930653E-014
  2.066400000000000E-008  6.957927030544666E-014
  2.066700000000000E-008  6.945722353758639E-014
  2.067000000000000E-008  6.933537541772575E-014
  2.067300000000000E-008  6.921372434386467E-014
  2.067600000000000E-008  6.921372434149198E-014
  2.067900000000000E-008  6.909227031363387E-014
  2.068200000000000E-008  6.897101493377530E-014
  2.068500000000000E-008  6.884995499791634E-014
  2.068800000000000E-008  6.872909050605704E-014
  2.069100000000000E-008  6.860842306019720E-014
  2.069400000000000E-008  6.848795266033766E-014
  2.069700000000000E-008  6.836767610247663E-014
  2.070000000000000E-008  6.824759498861564E-014
  2.070300000000000E-008  6.812770931875432E-014
  2.070600000000000E-008  6.800801749089259E-014
  2.070900000000000E-008  6.788851950503046E-014
  2.071200000000000E-008  6.776921536116796E-014
  2.071500000000000E-008  6.765010666130506E-014
  2.071800000000000E-008  6.753119020144174E-014
  2.072100000000000E-008  6.741246598157809E-014
  2.072400000000000E-008  6.729393560371400E-014
  2.072700000000000E-008  6.717559746584954E-014
  2.073000000000000E-008  6.705744996598467E-014
  2.073300000000000E-008  6.705744996367385E-014
  2.073600000000000E-008  6.693949630581183E-014
  2.073900000000000E-008  6.682173328594943E-014
  2.074200000000000E-008  6.670416090408659E-014
  2.074500000000000E-008  6.658678076222405E-014
  2.074800000000000E-008  6.646958965635994E-014
  2.075100000000000E-008  6.635258918849594E-014
  2.075400000000001E-008  6.623577935863160E-014
  2.075700000000001E-008  6.611915856476689E-014
  2.076000000000001E-008  6.600272840890174E-014
  2.076300000000001E-008  6.588648568703625E-014
  2.076600000000001E-008  6.577043360317037E-014
  2.076900000000000E-008  6.565456895330410E-014
  2.077200000000000E-008  6.553889173743746E-014
  2.077500000000000E-008  6.542340355757043E-014
  2.077800000000000E-008  6.530810281170303E-014
  2.078100000000000E-008  6.519298949983523E-014
  2.078400000000000E-008  6.507806362196706E-014
  2.078700000000000E-008  6.507806361971336E-014
  2.079000000000000E-008  6.496332357384796E-014
  2.079300000000000E-008  6.484876935998222E-014
  2.079600000000000E-008  6.473440258011600E-014
  2.079900000000000E-008  6.462022163225009E-014
  2.080200000000000E-008  6.450622491438268E-014
  2.080500000000000E-008  6.439241563051527E-014
  2.080800000000000E-008  6.427878897464764E-014
  2.081100000000000E-008  6.416534815077960E-014
  2.081400000000000E-008  6.405209315891117E-014
  2.081700000000000E-008  6.393902079504235E-014
  2.082000000000000E-008  6.382613105917320E-014
  2.082300000000000E-008  6.371342715530364E-014
  2.082600000000000E-008  6.360090427743372E-014
  2.082900000000000E-008  6.348856562956342E-014
  2.083200000000000E-008  6.337640960969276E-014
  2.083500000000000E-008  6.326443621782173E-014
  2.083800000000000E-008  6.315264385195033E-014
  2.084100000000000E-008  6.315264384975245E-014
  2.084400000000000E-008  6.304103411188378E-014
  2.084700000000000E-008  6.292960700201462E-014
  2.085000000000000E-008  6.281835931614583E-014
  2.085300000000000E-008  6.270729265627546E-014
  2.085600000000000E-008  6.259640702240524E-014
  2.085900000000001E-008  6.248570241453469E-014
  2.086200000000001E-008  6.237517723066376E-014
  2.086500000000001E-008  6.226483147079249E-014
  2.086800000000001E-008  6.215466673692082E-014
  2.087100000000001E-008  6.204467982504880E-014
  2.087400000000000E-008  6.193487233717641E-014
  2.087700000000000E-008  6.182524267130365E-014
  2.088000000000000E-008  6.171579242943055E-014
  2.088300000000000E-008  6.160652000955705E-014
  2.088600000000000E-008  6.149742541168321E-014
  2.088900000000000E-008  6.138850863580901E-014
  2.089200000000000E-008  6.127976968193443E-014
  2.089500000000000E-008  6.127976967979106E-014
  2.089800000000000E-008  6.117120694591908E-014
  2.090100000000000E-008  6.106282043204745E-014
  2.090400000000000E-008  6.095461013817424E-014
  2.090700000000000E-008  6.084657766630116E-014
  2.091000000000000E-008  6.073871981242781E-014
  2.091300000000000E-008  6.063103817855405E-014
  2.091600000000000E-008  6.052353116267997E-014
  2.091900000000000E-008  6.041620036680550E-014
  2.092200000000000E-008  6.030904258693071E-014
  2.092500000000000E-008  6.020206102705553E-014
  2.092800000000000E-008  6.009525248318001E-014
  2.093100000000000E-008  5.998861855730412E-014
  2.093400000000000E-008  5.988215764742788E-014
  2.093700000000000E-008  5.977587135555128E-014
  2.094000000000000E-008  5.966975807967433E-014
  2.094300000000000E-008  5.956381621779703E-014
  2.094600000000000E-008  5.945804737191936E-014
  2.094900000000000E-008  5.945804736982919E-014
  2.095200000000000E-008  5.935245153995479E-014
  2.095500000000000E-008  5.924702872607869E-014
  2.095800000000000E-008  5.914177572420288E-014
  2.096100000000000E-008  5.903669413632678E-014
  2.096400000000000E-008  5.893178556445026E-014
  2.096700000000001E-008  5.882704680457344E-014
  2.097000000000001E-008  5.872247945869623E-014
  2.097300000000001E-008  5.861808192481868E-014
  2.097600000000001E-008  5.851385420294079E-014
  2.097900000000001E-008  5.840979629306255E-014
  2.098200000000000E-008  5.830590819518395E-014
  2.098500000000000E-008  5.820218990930501E-014
  2.098800000000000E-008  5.809864143542572E-014
  2.099100000000000E-008  5.799526117154608E-014
  2.099400000000000E-008  5.789204911766611E-014
  2.099700000000000E-008  5.778900527378575E-014
  2.100000000000000E-008  5.768612963990511E-014
  2.100300000000000E-008  5.768612963786751E-014
  2.100600000000000E-008  5.758342061198871E-014
  2.100900000000000E-008  5.748087979611022E-014
  2.101200000000000E-008  5.737850719023137E-014
  2.101500000000000E-008  5.727630119235218E-014
  2.101800000000000E-008  5.717426180247265E-014
  2.102100000000000E-008  5.707238902059275E-014
  2.102400000000000E-008  5.697068124471252E-014
  2.102700000000000E-008  5.686914007683199E-014
  2.103000000000000E-008  5.676776551695105E-014
  2.103300000000000E-008  5.666655436106982E-014
  2.103600000000000E-008  5.656550981318823E-014
  2.103900000000000E-008  5.646463027130630E-014
  2.104200000000000E-008  5.636391413342403E-014
  2.104500000000000E-008  5.626336300154143E-014
  2.104800000000000E-008  5.616297687565846E-014
  2.105100000000000E-008  5.606275415377525E-014
  2.105400000000000E-008  5.596269483589160E-014
  2.105700000000000E-008  5.596269483390405E-014
  2.106000000000000E-008  5.586279731802292E-014
  2.106300000000000E-008  5.576306480814141E-014
  2.106600000000000E-008  5.566349410025959E-014
  2.106900000000000E-008  5.556408679637741E-014
  2.107200000000000E-008  5.546484129449491E-014
  2.107500000000001E-008  5.536575759461206E-014
  2.107800000000001E-008  5.526683569672888E-014
  2.108100000000001E-008  5.516807560084538E-014
  2.108400000000001E-008  5.506947730696152E-014
  2.108700000000001E-008  5.497103921307734E-014
  2.109000000000000E-008  5.487276131919283E-014
  2.109300000000000E-008  5.477464522730799E-014
  2.109600000000000E-008  5.467668933542281E-014
  2.109900000000000E-008  5.457889204153727E-014
  2.110200000000000E-008  5.448125494765155E-014
  2.110500000000000E-008  5.438377805376534E-014
  2.110800000000000E-008  5.428646135987880E-014
  2.111100000000000E-008  5.418930166199198E-014
  2.111400000000000E-008  5.418930166005674E-014
  2.111700000000000E-008  5.409230216217228E-014
  2.112000000000000E-008  5.399545966028755E-014
  2.112300000000000E-008  5.389877575640246E-014
  2.112600000000000E-008  5.380225045051708E-014
  2.112900000000000E-008  5.370588374263131E-014
  2.113200000000000E-008  5.360967242874526E-014
  2.113500000000000E-008  5.351361971285887E-014
  2.113800000000000E-008  5.341772399297215E-014
  2.114100000000000E-008  5.332198526908510E-014
  2.114400000000000E-008  5.322640193919773E-014
  2.114700000000000E-008  5.313097560531005E-014
  2.115000000000000E-008  5.303570466542198E-014
  2.115300000000000E-008  5.294059072153381E-014
  2.115600000000000E-008  5.284563217164506E-014
  2.115900000000000E-008  5.275082741375602E-014
  2.116200000000000E-008  5.265617804986674E-014
  2.116500000000000E-008  5.256168407997710E-014
  2.116800000000000E-008  5.256168407809016E-014
  2.117100000000000E-008  5.246734550220284E-014
  2.117400000000000E-008  5.237315911631526E-014
  2.117700000000000E-008  5.227912812442734E-014
  2.118000000000001E-008  5.218525092453911E-014
  2.118300000000001E-008  5.209152751665052E-014
  2.118600000000001E-008  5.199795629876164E-014
  2.118900000000001E-008  5.190453887287245E-014
  2.119200000000001E-008  5.181127523898291E-014
  2.119500000000001E-008  5.171816219309307E-014
  2.119800000000000E-008  5.162520293920294E-014
  2.120100000000000E-008  5.153239587531239E-014
  2.120400000000000E-008  5.143973939942182E-014
  2.120700000000000E-008  5.134723671553060E-014
  2.121000000000000E-008  5.125488301763911E-014
  2.121300000000000E-008  5.116268150974739E-014
  2.121600000000000E-008  5.107063058985535E-014
  2.121900000000000E-008  5.097873185996299E-014
  2.122200000000000E-008  5.097873185812316E-014
  2.122500000000000E-008  5.088698211423310E-014
  2.122800000000000E-008  5.079538295834273E-014
  2.123100000000000E-008  5.070393439045201E-014
  2.123400000000000E-008  5.061263480856099E-014
  2.123700000000000E-008  5.052148421266966E-014
  2.124000000000000E-008  5.043048260277804E-014
  2.124300000000000E-008  5.033963158088607E-014
  2.124600000000000E-008  5.024892794299384E-014
  2.124900000000000E-008  5.015837489310124E-014
  2.125200000000000E-008  5.006796762520840E-014
  2.125500000000000E-008  4.997771094531513E-014
  2.125800000000000E-008  4.988760004742185E-014
  2.126100000000000E-008  4.979763813552793E-014
  2.126400000000000E-008  4.970782200563375E-014
  2.126700000000000E-008  4.961815486173935E-014
  2.127000000000000E-008  4.952863349984461E-014
  2.127300000000000E-008  4.943925952194958E-014
  2.127600000000000E-008  4.943925952015579E-014
  2.127900000000000E-008  4.935003132426299E-014
  2.128200000000000E-008  4.926094891036991E-014
  2.128500000000000E-008  4.917201388047648E-014
  2.128800000000001E-008  4.908322303058278E-014
  2.129100000000001E-008  4.899457956468875E-014
  2.129400000000001E-008  4.890608027879441E-014
  2.129700000000001E-008  4.881772517289979E-014
  2.130000000000001E-008  4.872951584900486E-014
  2.130300000000000E-008  4.864145230710963E-014
  2.130600000000000E-008  4.855353134321403E-014
  2.130900000000000E-008  4.846575616131843E-014
  2.131200000000000E-008  4.837812355742215E-014
  2.131500000000000E-008  4.829063513352564E-014
  2.131800000000000E-008  4.820329088962891E-014
  2.132100000000000E-008  4.811608922373186E-014
  2.132400000000000E-008  4.802903013583452E-014
  2.132700000000000E-008  4.794211362593688E-014
  2.133000000000000E-008  4.794211362418805E-014
  2.133300000000000E-008  4.785534129429257E-014
  2.133600000000000E-008  4.776870994039682E-014
  2.133900000000000E-008  4.768222116450074E-014
  2.134200000000000E-008  4.759587336460440E-014
  2.134500000000000E-008  4.750966814270774E-014
  2.134800000000000E-008  4.742360389681081E-014
  2.135100000000000E-008  4.733768222891354E-014
  2.135400000000000E-008  4.725189993501602E-014
  2.135700000000000E-008  4.716626021911811E-014
  2.136000000000000E-008  4.708075987722025E-014
  2.136300000000000E-008  4.699539890932164E-014
  2.136600000000000E-008  4.691017891742285E-014
  2.136900000000000E-008  4.682509990152384E-014
  2.137200000000000E-008  4.674015865762452E-014
  2.137500000000000E-008  4.665535838972493E-014
  2.137800000000000E-008  4.657069749582503E-014
  2.138100000000000E-008  4.648617437392485E-014
  2.138400000000000E-008  4.648617437221987E-014
  2.138700000000000E-008  4.640179062432180E-014
  2.139000000000000E-008  4.631754464842346E-014
  2.139300000000001E-008  4.623343804652482E-014
  2.139600000000001E-008  4.614946921662588E-014
  2.139900000000001E-008  4.606563815872666E-014
  2.140200000000001E-008  4.598194487282714E-014
  2.140500000000001E-008  4.589838935892737E-014
  2.140800000000001E-008  4.581497161702719E-014
  2.141100000000000E-008  4.573169004512713E-014
  2.141400000000000E-008  4.564854464322625E-014
  2.141700000000000E-008  4.556553701332521E-014
  2.142000000000000E-008  4.548266555342398E-014
  2.142300000000000E-008  4.539993026352244E-014
  2.142600000000000E-008  4.531733114362063E-014
  2.142900000000000E-008  4.523486659171851E-014
  2.143200000000000E-008  4.515253820981613E-014
  2.143500000000000E-008  4.507034599791345E-014
  2.143800000000000E-008  4.507034599625131E-014
  2.144100000000000E-008  4.498828835235072E-014
  2.144400000000000E-008  4.490636527644982E-014
  2.144700000000000E-008  4.482457676854867E-014
  2.145000000000000E-008  4.474292282864722E-014
  2.145300000000000E-008  4.466140345674549E-014
  2.145600000000000E-008  4.458001865284348E-014
  2.145900000000000E-008  4.449876681494111E-014
  2.146200000000000E-008  4.441764954503889E-014
  2.146500000000000E-008  4.433666524113575E-014
  2.146800000000000E-008  4.425581230123254E-014
  2.147100000000000E-008  4.417509392932913E-014
  2.147400000000000E-008  4.409450852342542E-014
  2.147700000000000E-008  4.401405608352144E-014
  2.148000000000000E-008  4.393373500761716E-014
  2.148300000000000E-008  4.385354689771262E-014
  2.148600000000000E-008  4.377349015180780E-014
  2.148900000000000E-008  4.369356476990269E-014
  2.149200000000000E-008  4.361377075199731E-014
  2.149500000000000E-008  4.361377075037931E-014
  2.149800000000000E-008  4.353410969847593E-014
  2.150100000000001E-008  4.345457840857231E-014
  2.150400000000001E-008  4.337517848266838E-014
  2.150700000000001E-008  4.329590831876423E-014
  2.151000000000001E-008  4.321676951885968E-014
  2.151300000000001E-008  4.313776048095536E-014
  2.151600000000001E-008  4.305888280705003E-014
  2.151900000000000E-008  4.298013329314469E-014
  2.152200000000000E-008  4.290151514323913E-014
  2.152500000000000E-008  4.282302515333329E-014
  2.152800000000000E-008  4.274466492542718E-014
  2.153100000000000E-008  4.266643285752079E-014
  2.153400000000000E-008  4.258833055161413E-014
  2.153700000000000E-008  4.251035640570720E-014
  2.154000000000000E-008  4.243251041980000E-014
  2.154300000000000E-008  4.235479419589253E-014
  2.154600000000000E-008  4.227720452998478E-014
  2.154900000000000E-008  4.227720452840752E-014
  2.155200000000000E-008  4.219974302250176E-014
  2.155500000000000E-008  4.212240967659571E-014
  2.155800000000000E-008  4.204520288868940E-014
  2.156100000000000E-008  4.196812265878278E-014
  2.156400000000000E-008  4.189117058887634E-014
  2.156700000000000E-008  4.181434507696893E-014
  2.157000000000000E-008  4.173764772506147E-014
  2.157300000000000E-008  4.166107532915380E-014
  2.157600000000000E-008  4.158462788924590E-014
  2.157900000000000E-008  4.150830860933770E-014
  2.158200000000000E-008  4.143211428542923E-014
  2.158500000000000E-008  4.135604491752051E-014
  2.158800000000000E-008  4.128010210761152E-014
  2.159100000000000E-008  4.120428425370225E-014
  2.159400000000000E-008  4.112859135579273E-014
  2.159700000000000E-008  4.105302181188294E-014
  2.160000000000000E-008  4.097757882597289E-014
  2.160300000000000E-008  4.097757882443541E-014
  2.160600000000001E-008  4.090225919252731E-014
  2.160900000000001E-008  4.082706451661892E-014
  2.161200000000001E-008  4.075199319471023E-014
  2.161500000000001E-008  4.067704682880172E-014
  2.161800000000001E-008  4.060222221489221E-014
  2.162100000000001E-008  4.052752255698269E-014
  2.162400000000001E-008  4.045294465107303E-014
  2.162700000000000E-008  4.037849170116304E-014
  2.163000000000000E-008  4.030416050325282E-014
  2.163300000000000E-008  4.022995265934232E-014
  2.163600000000000E-008  4.015586656743156E-014
  2.163900000000000E-008  4.008190222752056E-014
  2.164200000000000E-008  4.000806124160929E-014
  2.164500000000000E-008  3.993434200769774E-014
  2.164800000000000E-008  3.986074292378596E-014
  2.165100000000000E-008  3.978726719387391E-014
  2.165400000000000E-008  3.971391161396160E-014
  2.165700000000000E-008  3.971391161246298E-014
  2.166000000000000E-008  3.964067778455254E-014
  2.166300000000000E-008  3.956756410664189E-014
  2.166600000000000E-008  3.949457218073089E-014
  2.166900000000000E-008  3.942170040482012E-014
  2.167200000000000E-008  3.934894877890832E-014
  2.167500000000000E-008  3.927631730299657E-014
  2.167800000000000E-008  3.920380597708462E-014
  2.168100000000000E-008  3.913141480117237E-014
  2.168400000000000E-008  3.905914217325990E-014
  2.168700000000000E-008  3.898698969534716E-014
  2.169000000000000E-008  3.891495576543417E-014
  2.169300000000000E-008  3.884304198552093E-014
  2.169600000000000E-008  3.877124675360742E-014
  2.169900000000000E-008  3.869956846769367E-014
  2.170200000000000E-008  3.862801033177968E-014
  2.170500000000000E-008  3.855657074386542E-014
  2.170800000000000E-008  3.848524810195091E-014
  2.171100000000000E-008  3.848524810049020E-014
  2.171400000000001E-008  3.841404400657752E-014
  2.171700000000001E-008  3.834295685866459E-014
  2.172000000000001E-008  3.827198825875185E-014
  2.172300000000001E-008  3.820113660483804E-014
  2.172600000000001E-008  3.813040189692433E-014
  2.172900000000001E-008  3.805978413501041E-014
  2.173200000000001E-008  3.798928331909624E-014
  2.173500000000000E-008  3.791889944918180E-014
  2.173800000000000E-008  3.784863092326713E-014
  2.174100000000000E-008  3.777847934335220E-014
  2.174400000000000E-008  3.770844310743702E-014
  2.174700000000000E-008  3.763852381752160E-014
  2.175000000000000E-008  3.756871987160593E-014
  2.175300000000000E-008  3.749903126969001E-014
  2.175600000000000E-008  3.742945801177384E-014
  2.175900000000000E-008  3.735999849585743E-014
  2.176200000000000E-008  3.729065592594078E-014
  2.176500000000000E-008  3.729065592451708E-014
  2.176800000000000E-008  3.722142709660222E-014
  2.177100000000000E-008  3.715231361268755E-014
  2.177400000000000E-008  3.708331387077177E-014
  2.177700000000000E-008  3.701442787085618E-014
  2.178000000000000E-008  3.694565721494031E-014
  2.178300000000000E-008  3.687699869902425E-014
  2.178600000000000E-008  3.680845552710790E-014
  2.178900000000000E-008  3.674002449519131E-014
  2.179200000000000E-008  3.667170720527450E-014
  2.179500000000000E-008  3.660350365735742E-014
  2.179800000000000E-008  3.653541224944012E-014
  2.180100000000000E-008  3.646743458352256E-014
  2.180400000000000E-008  3.639956745560477E-014
  2.180700000000000E-008  3.633181406968674E-014
  2.181000000000000E-008  3.626417282376847E-014
  2.181300000000000E-008  3.619664371784995E-014
  2.181600000000000E-008  3.612922675193120E-014
  2.181900000000000E-008  3.612922675054365E-014
  2.182200000000001E-008  3.606192192462707E-014
  2.182500000000001E-008  3.599472763670942E-014
  2.182800000000001E-008  3.592764548879191E-014
  2.183100000000001E-008  3.586067387887417E-014
  2.183400000000001E-008  3.579381280695624E-014
  2.183700000000001E-008  3.572706387503801E-014
  2.184000000000000E-008  3.566042387911960E-014
  2.184300000000000E-008  3.559389602320090E-014
  2.184600000000000E-008  3.552747710328198E-014
  2.184900000000000E-008  3.546116872136284E-014
  2.185200000000000E-008  3.539497087744344E-014
  2.185500000000000E-008  3.532888196952382E-014
  2.185800000000000E-008  3.526290359960395E-014
  2.186100000000000E-008  3.519703416568385E-014
  2.186400000000000E-008  3.513127366776352E-014
  2.186700000000000E-008  3.506562210584294E-014
  2.187000000000000E-008  3.500007947992216E-014
  2.187300000000000E-008  3.500007947857030E-014
  2.187600000000000E-008  3.493464578865077E-014
  2.187900000000000E-008  3.486932103473142E-014
  2.188200000000000E-008  3.480410361481188E-014
  2.188500000000000E-008  3.473899513089210E-014
  2.188800000000000E-008  3.467399558297203E-014
  2.189100000000000E-008  3.460910176705179E-014
  2.189400000000000E-008  3.454431688713129E-014
  2.189700000000000E-008  3.447963934121055E-014
  2.190000000000000E-008  3.441506912928959E-014
  2.190300000000000E-008  3.435060625136841E-014
  2.190600000000000E-008  3.428625070744697E-014
  2.190900000000000E-008  3.422200089552532E-014
  2.191200000000000E-008  3.415785841760343E-014
  2.191500000000000E-008  3.409382327368133E-014
  2.191800000000000E-008  3.402989386175896E-014
  2.192100000000000E-008  3.396607018183645E-014
  2.192400000000000E-008  3.390235223391362E-014
  2.192700000000001E-008  3.383874001799057E-014
  2.193000000000001E-008  3.383874001667462E-014
  2.193300000000001E-008  3.377523513475323E-014
  2.193600000000001E-008  3.371183438283165E-014
  2.193900000000001E-008  3.364853936290982E-014
  2.194200000000001E-008  3.358534847298778E-014
  2.194500000000001E-008  3.352226331506549E-014
  2.194800000000000E-008  3.345928228714300E-014
  2.195100000000000E-008  3.339640699122027E-014
  2.195400000000000E-008  3.333363582529731E-014
  2.195700000000000E-008  3.327096878937412E-014
  2.196000000000000E-008  3.320840588345072E-014
  2.196300000000000E-008  3.314594710752708E-014
  2.196600000000000E-008  3.308359246160324E-014
  2.196900000000000E-008  3.302134194567911E-014
  2.197200000000000E-008  3.295919395775489E-014
  2.197500000000000E-008  3.289714849783033E-014
  2.197800000000000E-008  3.283520716790554E-014
  2.198100000000000E-008  3.277336996798057E-014
  2.198400000000000E-008  3.277336996669813E-014
  2.198700000000000E-008  3.271163369277482E-014
  2.199000000000000E-008  3.265000154885121E-014
  2.199300000000000E-008  3.258847033092745E-014
  2.199600000000000E-008  3.252704324300341E-014
  2.199900000000000E-008  3.246571708107918E-014
  2.200200000000000E-008  3.240449344715470E-014
  2.200500000000000E-008  3.234337073923003E-014
  2.200800000000000E-008  3.228235055930512E-014
  2.201100000000000E-008  3.222143130538000E-014
  2.201400000000000E-008  3.216061457945465E-014
  2.201700000000000E-008  3.209989877952907E-014
  2.202000000000000E-008  3.203928230360326E-014
  2.202300000000000E-008  3.197876835567738E-014
  2.202600000000000E-008  3.191835533375109E-014
  2.202900000000000E-008  3.185804163582461E-014
  2.203200000000000E-008  3.179782886389796E-014
  2.203500000000001E-008  3.173771701797108E-014
  2.203800000000001E-008  3.173771701672141E-014
  2.204100000000001E-008  3.167770449479614E-014
  2.204400000000001E-008  3.161779289887063E-014
  2.204700000000001E-008  3.155798062694490E-014
  2.205000000000001E-008  3.149826767901895E-014
  2.205300000000001E-008  3.143865405509280E-014
  2.205600000000000E-008  3.137913975516643E-014
  2.205900000000000E-008  3.131972477923981E-014
  2.206200000000000E-008  3.126040752531303E-014
  2.206500000000000E-008  3.120119119738599E-014
  2.206800000000000E-008  3.114207259145876E-014
  2.207100000000000E-008  3.108305170753127E-014
  2.207400000000000E-008  3.102413014760375E-014
  2.207700000000000E-008  3.096530630967580E-014
  2.208000000000000E-008  3.090658179574765E-014
  2.208300000000000E-008  3.084795340181935E-014
  2.208600000000000E-008  3.078942272989082E-014
  2.208900000000000E-008  3.073099138196210E-014
  2.209200000000000E-008  3.073099138074439E-014
  2.209500000000000E-008  3.067265615281721E-014
  2.209800000000000E-008  3.061441864688980E-014
  2.210100000000000E-008  3.055627726096220E-014
  2.210400000000000E-008  3.049823359703441E-014
  2.210700000000000E-008  3.044028765510635E-014
  2.211000000000000E-008  3.038243623117811E-014
  2.211300000000000E-008  3.032468252924966E-014
  2.211600000000000E-008  3.026702494732102E-014
  2.211900000000000E-008  3.020946508739212E-014
  2.212200000000000E-008  3.015199974546304E-014
  2.212500000000000E-008  3.009463052353371E-014
  2.212800000000000E-008  3.003735581960434E-014
  2.213100000000000E-008  2.998017723567456E-014
  2.213400000000000E-008  2.992309477174459E-014
  2.213700000000000E-008  2.986610842781448E-014
  2.214000000000001E-008  2.980921499988413E-014
  2.214300000000001E-008  2.975241769195359E-014
  2.214600000000001E-008  2.975241769076711E-014
  2.214900000000001E-008  2.969571650283805E-014
  2.215200000000001E-008  2.963910823090881E-014
  2.215500000000001E-008  2.958259447697937E-014
  2.215800000000001E-008  2.952617524104972E-014
  2.216100000000001E-008  2.946985052311987E-014
  2.216400000000000E-008  2.941362032318978E-014
  2.216700000000000E-008  2.935748303925953E-014
  2.217000000000000E-008  2.930144027332903E-014
  2.217300000000000E-008  2.924549042339838E-014
  2.217600000000000E-008  2.918963509146742E-014
  2.217900000000000E-008  2.913387107353651E-014
  2.218200000000000E-008  2.907820157360512E-014
  2.218500000000000E-008  2.902262498967357E-014
  2.218800000000000E-008  2.896714132174188E-014
  2.219100000000000E-008  2.891175056980997E-014
  2.219400000000000E-008  2.885645273387786E-014
  2.219700000000000E-008  2.880124621194555E-014
  2.220000000000000E-008  2.880124621078949E-014
  2.220300000000000E-008  2.874613260485868E-014
  2.220600000000000E-008  2.869111191492758E-014
  2.220900000000000E-008  2.863618093699640E-014
  2.221200000000000E-008  2.858134447706493E-014
  2.221500000000000E-008  2.852659772913328E-014
  2.221800000000000E-008  2.847194229520145E-014
  2.222100000000000E-008  2.841737977726941E-014
  2.222400000000000E-008  2.836290857333716E-014
  2.222700000000000E-008  2.830852708140466E-014
  2.223000000000000E-008  2.825423690347222E-014
  2.223300000000000E-008  2.820003803953925E-014
  2.223600000000000E-008  2.814593048960615E-014
  2.223900000000000E-008  2.809191265167291E-014
  2.224200000000000E-008  2.803798452573947E-014
  2.224500000000000E-008  2.798414771380583E-014
  2.224800000000001E-008  2.793040061387199E-014
  2.225100000000001E-008  2.787674322593795E-014
  2.225400000000001E-008  2.787674322481160E-014
  2.225700000000001E-008  2.782317554887901E-014
  2.226000000000001E-008  2.776969758494621E-014
  2.226300000000001E-008  2.771630933301323E-014
  2.226600000000001E-008  2.766301079308002E-014
  2.226900000000000E-008  2.760980036314667E-014
  2.227200000000000E-008  2.755668124721306E-014
  2.227500000000000E-008  2.750364863927930E-014
  2.227800000000000E-008  2.745070574334529E-014
  2.228100000000000E-008  2.739785255941132E-014
  2.228400000000000E-008  2.734508588347682E-014
  2.228700000000000E-008  2.729240891954221E-014
  2.229000000000000E-008  2.723982006560746E-014
  2.229300000000000E-008  2.718731932167251E-014
  2.229600000000000E-008  2.713490668773737E-014
  2.229900000000000E-008  2.708258216380203E-014
  2.230200000000000E-008  2.703034414786650E-014
  2.230500000000000E-008  2.697819424193078E-014
  2.230800000000000E-008  2.692613244599487E-014
  2.231100000000000E-008  2.692613244489912E-014
  2.231400000000000E-008  2.687415715696460E-014
  2.231700000000000E-008  2.682226837702992E-014
  2.232000000000000E-008  2.677046770709502E-014
  2.232300000000000E-008  2.671875354515993E-014
  2.232600000000000E-008  2.666712589122467E-014
  2.232900000000000E-008  2.661558474528915E-014
  2.233200000000000E-008  2.656413010735373E-014
  2.233500000000000E-008  2.651276197741771E-014
  2.233800000000000E-008  2.646148035548162E-014
  2.234100000000000E-008  2.641028363954540E-014
  2.234400000000000E-008  2.635917343160897E-014
  2.234700000000000E-008  2.630814812967236E-014
  2.235000000000000E-008  2.625720933573557E-014
  2.235300000000001E-008  2.620635704979857E-014
  2.235600000000001E-008  2.615558806786139E-014
  2.235900000000001E-008  2.610490559392403E-014
  2.236200000000001E-008  2.605430802598648E-014
  2.236500000000001E-008  2.605430802491900E-014
  2.236800000000001E-008  2.600379536298279E-014
  2.237100000000001E-008  2.595336600504646E-014
  2.237400000000001E-008  2.590302315510987E-014
  2.237700000000000E-008  2.585276360917315E-014
  2.238000000000000E-008  2.580258896923618E-014
  2.238300000000000E-008  2.575249923529931E-014
  2.238600000000000E-008  2.570249280536182E-014
  2.238900000000000E-008  2.565257128142428E-014
  2.239200000000000E-008  2.560273306148660E-014
  2.239500000000000E-008  2.555297814554873E-014
  2.239800000000000E-008  2.550330653361069E-014
  2.240100000000000E-008  2.545371982767246E-014
  2.240400000000000E-008  2.540421482373403E-014
  2.240700000000000E-008  2.535479312379543E-014
  2.241000000000000E-008  2.530545472785664E-014
  2.241300000000000E-008  2.525619963591767E-014
  2.241600000000000E-008  2.520702784797852E-014
  2.241900000000000E-008  2.520702784693861E-014
  2.242200000000000E-008  2.515793776100082E-014
  2.242500000000000E-008  2.510893097906280E-014
  2.242800000000000E-008  2.506000589912462E-014
  2.243100000000000E-008  2.501116252118623E-014
  2.243400000000000E-008  2.496240244724796E-014
  2.243700000000000E-008  2.491372407530900E-014
  2.244000000000000E-008  2.486512740537005E-014
  2.244300000000000E-008  2.481661243743097E-014
  2.244600000000000E-008  2.476817917149170E-014
  2.244900000000000E-008  2.471982760755222E-014
  2.245200000000000E-008  2.467155614361260E-014
  2.245500000000000E-008  2.462336798367278E-014
  2.245800000000000E-008  2.457525992373277E-014
  2.246100000000001E-008  2.452723196379260E-014
  2.246400000000001E-008  2.447928570585224E-014
  2.246700000000001E-008  2.443141954791170E-014
  2.247000000000001E-008  2.438363509197099E-014
  2.247300000000001E-008  2.438363509095798E-014
  2.247600000000001E-008  2.433592913301859E-014
  2.247900000000001E-008  2.428830487707901E-014
  2.248200000000001E-008  2.424076072113921E-014
  2.248500000000000E-008  2.419329666519956E-014
  2.248800000000000E-008  2.414591270925917E-014
  2.249100000000000E-008  2.409860725131884E-014
  2.249400000000000E-008  2.405138189337838E-014
  2.249700000000000E-008  2.400423663543773E-014
  2.250000000000000E-008  2.395717147749688E-014
  2.250300000000000E-008  2.391018481755586E-014
  2.250600000000000E-008  2.386327665561468E-014
  2.250900000000000E-008  2.381644859367332E-014
  2.251200000000000E-008  2.376969902973177E-014
  2.251500000000000E-008  2.372302796379005E-014
  2.251800000000000E-008  2.367643539584816E-014
  2.252100000000000E-008  2.362992132590610E-014
  2.252400000000000E-008  2.358348735596386E-014
  2.252700000000000E-008  2.358348735497714E-014
  2.253000000000000E-008  2.353713028103615E-014
  2.253300000000000E-008  2.349085010309503E-014
  2.253600000000000E-008  2.344465002515399E-014
  2.253900000000000E-008  2.339852684321225E-014
  2.254200000000000E-008  2.335248215927055E-014
  2.254500000000000E-008  2.330651437132871E-014
  2.254800000000000E-008  2.326062347938671E-014
  2.255100000000000E-008  2.321481108544452E-014
  2.255400000000000E-008  2.316907558750218E-014
  2.255700000000000E-008  2.312341858755963E-014
  2.256000000000000E-008  2.307783688161692E-014
  2.256300000000000E-008  2.303233207167406E-014
  2.256600000000000E-008  2.298690575973101E-014
  2.256900000000001E-008  2.294155474178779E-014
  2.257200000000001E-008  2.289628061984440E-014
  2.257500000000001E-008  2.285108179190085E-014
  2.257800000000001E-008  2.280596146195712E-014
  2.258100000000001E-008  2.280596146099600E-014
  2.258400000000001E-008  2.276091482305357E-014
  2.258700000000001E-008  2.271594668311085E-014
  2.259000000000001E-008  2.267105223516833E-014
  2.259300000000000E-008  2.262623468322511E-014
  2.259600000000000E-008  2.258149402728189E-014
  2.259900000000000E-008  2.253682706333855E-014
  2.260200000000000E-008  2.249223539339507E-014
  2.260500000000000E-008  2.244772061945137E-014
  2.260800000000000E-008  2.240327953750755E-014
  2.261100000000000E-008  2.235891535156353E-014
  2.261400000000000E-008  2.231462485761935E-014
  2.261700000000000E-008  2.227040965767500E-014
  2.262000000000000E-008  2.222626814973048E-014
  2.262300000000000E-008  2.218220193578581E-014
  2.262600000000000E-008  2.213821101584095E-014
  2.262900000000000E-008  2.209429218589594E-014
  2.263200000000000E-008  2.205045025195076E-014
  2.263500000000000E-008  2.205045025101466E-014
  2.263800000000000E-008  2.200668040707072E-014
  2.264100000000000E-008  2.196298585712687E-014
  2.264400000000000E-008  2.191936499918229E-014
  2.264700000000000E-008  2.187581783323782E-014
  2.265000000000000E-008  2.183234435929316E-014
  2.265300000000000E-008  2.178894297534839E-014
  2.265600000000000E-008  2.174561688540341E-014
  2.265900000000000E-008  2.170236288545828E-014
  2.266200000000000E-008  2.165918257751300E-014
  2.266500000000000E-008  2.161607596156753E-014
  2.266800000000000E-008  2.157304143562191E-014
  2.267100000000000E-008  2.153008060167613E-014
  2.267400000000001E-008  2.148719185773018E-014
  2.267700000000001E-008  2.144437520378407E-014
  2.268000000000001E-008  2.140163224183780E-014
  2.268300000000001E-008  2.135896136989136E-014
  2.268600000000001E-008  2.131636258794475E-014
  2.268900000000001E-008  2.127383429399800E-014
  2.269200000000001E-008  2.127383429308797E-014
  2.269500000000001E-008  2.123137969114211E-014
  2.269800000000000E-008  2.118899717919637E-014
  2.270100000000000E-008  2.114668675725044E-014
  2.270400000000000E-008  2.110444682330439E-014
  2.270700000000000E-008  2.106227897935815E-014
  2.271000000000000E-008  2.102018162341177E-014
  2.271300000000000E-008  2.097815635746524E-014
  2.271600000000000E-008  2.093620318151852E-014
  2.271900000000000E-008  2.089432049357165E-014
  2.272200000000000E-008  2.085250829362462E-014
  2.272500000000000E-008  2.081076658167744E-014
  2.272800000000000E-008  2.076909695973009E-014
  2.273100000000000E-008  2.072749782578257E-014
  2.273400000000000E-008  2.068596757783492E-014
  2.273700000000000E-008  2.064450941988709E-014
  2.274000000000000E-008  2.060312174993913E-014
  2.274300000000000E-008  2.056180296599097E-014
  2.274600000000000E-008  2.056180296510443E-014
  2.274900000000000E-008  2.052055466915745E-014
  2.275200000000000E-008  2.047937686121029E-014
  2.275500000000000E-008  2.043826793926299E-014
  2.275800000000000E-008  2.039722950531555E-014
  2.276100000000000E-008  2.035626155936789E-014
  2.276400000000000E-008  2.031536089742016E-014
  2.276700000000000E-008  2.027453232547220E-014
  2.277000000000000E-008  2.023377103752410E-014
  2.277300000000000E-008  2.019307863557587E-014
  2.277600000000000E-008  2.015245672162747E-014
  2.277900000000000E-008  2.011190369367892E-014
  2.278200000000001E-008  2.007141955173019E-014
  2.278500000000001E-008  2.003100269378134E-014
  2.278800000000001E-008  1.999065632383230E-014
  2.279100000000001E-008  1.995037723788316E-014
  2.279400000000001E-008  1.991016703793381E-014
  2.279700000000001E-008  1.987002412198431E-014
  2.280000000000001E-008  1.987002412112097E-014
  2.280300000000001E-008  1.982995009117263E-014
  2.280600000000000E-008  1.978994494722409E-014
  2.280900000000000E-008  1.975000708727545E-014
  2.281200000000000E-008  1.971013811332659E-014
  2.281500000000000E-008  1.967033482137763E-014
  2.281800000000000E-008  1.963060041542849E-014
  2.282100000000000E-008  1.959093329347923E-014
  2.282400000000000E-008  1.955133505752977E-014
  2.282700000000000E-008  1.951180250358018E-014
  2.283000000000000E-008  1.947233723363044E-014
  2.283300000000000E-008  1.943293924768055E-014
  2.283600000000000E-008  1.939360854573051E-014
  2.283900000000000E-008  1.935434512778029E-014
  2.284200000000000E-008  1.931514739183000E-014
  2.284500000000000E-008  1.927601693987948E-014
  2.284800000000000E-008  1.923695216992880E-014
  2.285100000000000E-008  1.919795468397801E-014
  2.285400000000000E-008  1.919795468313733E-014
  2.285700000000000E-008  1.915902448118758E-014
  2.286000000000000E-008  1.912015835923775E-014
  2.286300000000000E-008  1.908135952128777E-014
  2.286600000000000E-008  1.904262796733758E-014
  2.286900000000000E-008  1.900396049338731E-014
  2.287200000000000E-008  1.896536030343683E-014
  2.287500000000000E-008  1.892682419348625E-014
  2.287800000000000E-008  1.888835536753548E-014
  2.288100000000000E-008  1.884995062158458E-014
  2.288400000000000E-008  1.881161155763353E-014
  2.288700000000001E-008  1.877333817568234E-014
  2.289000000000001E-008  1.873513047573097E-014
  2.289300000000001E-008  1.869698685577955E-014
  2.289600000000001E-008  1.865890891782787E-014
  2.289900000000001E-008  1.862089505987606E-014
  2.290200000000001E-008  1.858294688392413E-014
  2.290500000000001E-008  1.854506278797204E-014
  2.290800000000001E-008  1.854506278715346E-014
  2.291100000000001E-008  1.850724437320240E-014
  2.291400000000000E-008  1.846948843725127E-014
  2.291700000000000E-008  1.843179818329997E-014
  2.292000000000000E-008  1.839417200934851E-014
  2.292300000000000E-008  1.835660991539692E-014
  2.292600000000000E-008  1.831911190144517E-014
  2.292900000000000E-008  1.828167796749329E-014
  2.293200000000000E-008  1.824430811354123E-014
  2.293500000000000E-008  1.820700073758907E-014
  2.293800000000000E-008  1.816975904363675E-014
  2.294100000000000E-008  1.813257982768424E-014
  2.294400000000000E-008  1.809546308973172E-014
  2.294700000000000E-008  1.805841043177892E-014
  2.295000000000000E-008  1.802142185382598E-014
  2.295300000000000E-008  1.798449575387294E-014
  2.295600000000000E-008  1.794763213191975E-014
  2.295900000000000E-008  1.791083258996642E-014
  2.296200000000000E-008  1.791083258916933E-014
  2.296500000000000E-008  1.787409392321707E-014
  2.296800000000000E-008  1.783741933726464E-014
  2.297100000000000E-008  1.780080722931206E-014
  2.297400000000000E-008  1.776425759935935E-014
  2.297700000000000E-008  1.772777044740649E-014
  2.298000000000000E-008  1.769134577345349E-014
  2.298300000000000E-008  1.765498357750035E-014
  2.298600000000000E-008  1.761868385954704E-014
  2.298900000000000E-008  1.758244501759362E-014
  2.299200000000000E-008  1.754626865364002E-014
  2.299500000000001E-008  1.751015316568642E-014
  2.299800000000001E-008  1.747410015573251E-014
  2.300100000000001E-008  1.743810962377848E-014
  2.300400000000001E-008  1.740217996782435E-014
  2.300700000000001E-008  1.736631118787007E-014
  2.301000000000001E-008  1.733050488591565E-014
  2.301300000000001E-008  1.729475785796110E-014
  2.301600000000001E-008  1.729475785718508E-014
  2.301900000000001E-008  1.725907330723154E-014
  2.302200000000000E-008  1.722344963327787E-014
  2.302500000000000E-008  1.718788683532405E-014
  2.302800000000000E-008  1.715238491337010E-014
  2.303100000000000E-008  1.711694386741601E-014
  2.303400000000000E-008  1.708156369746175E-014
  2.303700000000000E-008  1.704624280150741E-014
  2.304000000000000E-008  1.701098438355289E-014
  2.304300000000000E-008  1.697578523959823E-014
  2.304600000000000E-008  1.694064536964342E-014
  2.304900000000000E-008  1.690556637568862E-014
  2.305200000000000E-008  1.687054825773349E-014
  2.305500000000000E-008  1.683558941377825E-014
  2.305800000000000E-008  1.680068984382293E-014
  2.306100000000000E-008  1.676585114986745E-014
  2.306400000000000E-008  1.673107172991184E-014
  2.306700000000000E-008  1.669635158395609E-014
  2.307000000000000E-008  1.669635158320057E-014
  2.307300000000000E-008  1.666169071124586E-014
  2.307600000000000E-008  1.662709071529094E-014
  2.307900000000000E-008  1.659254839133591E-014
  2.308200000000000E-008  1.655806534138078E-014
  2.308500000000000E-008  1.652364316742546E-014
  2.308800000000000E-008  1.648927866547001E-014
  2.309100000000000E-008  1.645497183551447E-014
  2.309400000000000E-008  1.642072588155876E-014
  2.309700000000000E-008  1.638653759960290E-014
  2.310000000000001E-008  1.635240859164705E-014
  2.310300000000001E-008  1.631833725569087E-014
  2.310600000000001E-008  1.628432519373459E-014
  2.310900000000001E-008  1.625037080377822E-014
  2.311200000000001E-008  1.621647408582171E-014
  2.311500000000001E-008  1.618263664186507E-014
  2.311800000000001E-008  1.614885686990829E-014
  2.312100000000001E-008  1.611513476995139E-014
  2.312400000000001E-008  1.608147194399434E-014
  2.312700000000001E-008  1.608147194325993E-014
  2.313000000000000E-008  1.604786518730388E-014
  2.313300000000000E-008  1.601431722474767E-014
  2.313600000000000E-008  1.598082645359133E-014
  2.313900000000000E-008  1.594739303403486E-014
  2.314200000000000E-008  1.591401712627826E-014
  2.314500000000000E-008  1.588069857012153E-014
  2.314800000000000E-008  1.584743720536463E-014
  2.315100000000000E-008  1.581423303200778E-014
  2.315400000000000E-008  1.578108572965056E-014
  2.315700000000000E-008  1.574799545849326E-014
  2.316000000000000E-008  1.571496205833588E-014
  2.316300000000000E-008  1.568198552917835E-014
  2.316600000000000E-008  1.564906555062070E-014
  2.316900000000000E-008  1.561620212266291E-014
  2.317200000000000E-008  1.558339508510500E-014
  2.317500000000000E-008  1.555064459814696E-014
  2.317800000000000E-008  1.551795034138878E-014
  2.318100000000000E-008  1.551795034067389E-014
  2.318400000000000E-008  1.548531247431666E-014
  2.318700000000000E-008  1.545273051775930E-014
  2.319000000000000E-008  1.542020463120182E-014
  2.319300000000000E-008  1.538773481464420E-014
  2.319600000000000E-008  1.535532074768646E-014
  2.319900000000000E-008  1.532296243032856E-014
  2.320200000000000E-008  1.529065986257072E-014
  2.320500000000000E-008  1.525841272401247E-014
  2.320800000000001E-008  1.522622117485418E-014
  2.321100000000001E-008  1.519408505489580E-014
  2.321400000000001E-008  1.516200420393728E-014
  2.321700000000001E-008  1.512997862197864E-014
  2.322000000000001E-008  1.509800814881987E-014
  2.322300000000001E-008  1.506609278446098E-014
  2.322600000000001E-008  1.503423236870195E-014
  2.322900000000001E-008  1.500242674134280E-014
  2.323200000000001E-008  1.497067590238352E-014
  2.323500000000000E-008  1.497067590168765E-014
  2.323800000000000E-008  1.493897985112930E-014
  2.324100000000000E-008  1.490733826857082E-014
  2.324400000000000E-008  1.487575131421221E-014
  2.324700000000000E-008  1.484421866765348E-014
  2.325000000000000E-008  1.481274048909459E-014
  2.325300000000000E-008  1.478131645813578E-014
  2.325600000000000E-008  1.474994657477654E-014
  2.325900000000000E-008  1.471863083901727E-014
  2.326200000000000E-008  1.468736909065792E-014
  2.326500000000000E-008  1.465616132969843E-014
  2.326800000000000E-008  1.462500723573882E-014
  2.327100000000000E-008  1.459390696897908E-014
  2.327400000000000E-008  1.456286020901923E-014
  2.327700000000000E-008  1.453186711605924E-014
  2.328000000000000E-008  1.450092752989914E-014
  2.328300000000000E-008  1.447004129033891E-014
  2.328600000000000E-008  1.443920839737855E-014
  2.328900000000000E-008  1.443920839670123E-014
  2.329200000000000E-008  1.440842852994178E-014
  2.329500000000000E-008  1.437770200978220E-014
  2.329800000000000E-008  1.434702835562251E-014
  2.330100000000000E-008  1.431640772766266E-014
  2.330400000000000E-008  1.428583996570290E-014
  2.330700000000000E-008  1.425532490954268E-014
  2.331000000000000E-008  1.422486271938246E-014
  2.331300000000001E-008  1.419445307482215E-014
  2.331600000000001E-008  1.416409581566172E-014
  2.331900000000001E-008  1.413379110210116E-014
  2.332200000000001E-008  1.410353877394048E-014
  2.332500000000001E-008  1.407333867097968E-014
  2.332800000000001E-008  1.404319079321876E-014
  2.333100000000001E-008  1.401309498045771E-014
  2.333400000000001E-008  1.398305123269655E-014
  2.333700000000001E-008  1.395305938973526E-014
  2.334000000000001E-008  1.392311945157386E-014
  2.334300000000000E-008  1.392311945091464E-014
  2.334600000000000E-008  1.389323125735412E-014
  2.334900000000000E-008  1.386339480839347E-014
  2.335200000000000E-008  1.383360978363268E-014
  2.335500000000000E-008  1.380387634327199E-014
  2.335800000000000E-008  1.377419448731082E-014
  2.336100000000000E-008  1.374456373514967E-014
  2.336400000000000E-008  1.371498440718843E-014
  2.336700000000000E-008  1.368545618302706E-014
  2.337000000000000E-008  1.365597922286558E-014
  2.337300000000000E-008  1.362655320630398E-014
  2.337600000000000E-008  1.359717797314225E-014
  2.337900000000000E-008  1.356785368358041E-014
  2.338200000000000E-008  1.353858033761845E-014
  2.338500000000000E-008  1.350935745465637E-014
  2.338800000000000E-008  1.348018535509418E-014
  2.339100000000000E-008  1.345106355833187E-014
  2.339400000000000E-008  1.342199238476944E-014
  2.339700000000000E-008  1.342199238412788E-014
  2.340000000000000E-008  1.339297151336630E-014
  2.340300000000000E-008  1.336400094540460E-014
  2.340600000000000E-008  1.333508068024299E-014
  2.340900000000000E-008  1.330621039748088E-014
  2.341200000000000E-008  1.327739009711883E-014
  2.341500000000000E-008  1.324861993935667E-014
  2.341800000000000E-008  1.321989944359440E-014
  2.342100000000001E-008  1.319122893023201E-014
  2.342400000000001E-008  1.316260807886950E-014
  2.342700000000001E-008  1.313403672930687E-014
  2.343000000000001E-008  1.310551520194413E-014
  2.343300000000001E-008  1.307704285598127E-014
  2.343600000000001E-008  1.304862017201830E-014
  2.343900000000001E-008  1.302024666945521E-014
  2.344200000000001E-008  1.299192234829202E-014
  2.344500000000001E-008  1.296364720852870E-014
  2.344800000000001E-008  1.293542125016527E-014
  2.345100000000000E-008  1.293542124954093E-014
  2.345400000000000E-008  1.290724415217833E-014
  2.345700000000000E-008  1.287911607601582E-014
  2.346000000000000E-008  1.285103670065281E-014
  2.346300000000000E-008  1.282300618628986E-014
  2.346600000000000E-008  1.279502437272681E-014
  2.346900000000000E-008  1.276709109976365E-014
  2.347200000000000E-008  1.273920636740037E-014
  2.347500000000000E-008  1.271137017563697E-014
  2.347800000000000E-008  1.268358220407346E-014
  2.348100000000000E-008  1.265584261290984E-014
  2.348400000000000E-008  1.262815108174611E-014
  2.348700000000000E-008  1.260050777078226E-014
  2.349000000000000E-008  1.257291251981830E-014
  2.349300000000000E-008  1.254536532885423E-014
  2.349600000000000E-008  1.251786587749005E-014
  2.349900000000000E-008  1.249041432592576E-014
  2.350200000000000E-008  1.246301051396135E-014
  2.350500000000000E-008  1.243565444159684E-014
  2.350800000000000E-008  1.243565444099022E-014
  2.351100000000000E-008  1.240834594802671E-014
  2.351400000000000E-008  1.238108487426271E-014
  2.351700000000000E-008  1.235387121969878E-014
  2.352000000000000E-008  1.232670498433474E-014
  2.352300000000000E-008  1.229958600797059E-014
  2.352600000000000E-008  1.227251413040633E-014
  2.352900000000001E-008  1.224548951184196E-014
  2.353200000000001E-008  1.221851199207748E-014
  2.353500000000001E-008  1.219158125071289E-014
  2.353800000000001E-008  1.216469760814818E-014
  2.354100000000001E-008  1.213786074398337E-014
  2.354400000000001E-008  1.211107049801845E-014
  2.354700000000001E-008  1.208432703045342E-014
  2.355000000000001E-008  1.205763018108828E-014
  2.355300000000001E-008  1.203097978972303E-014
  2.355600000000001E-008  1.200437585635767E-014
  2.355900000000000E-008  1.197781822079221E-014
  2.356200000000000E-008  1.197781822020215E-014
  2.356500000000000E-008  1.195130688243729E-014
  2.356800000000000E-008  1.192484184247251E-014
  2.357100000000000E-008  1.189842294010762E-014
  2.357400000000000E-008  1.187205017534261E-014
  2.357700000000000E-008  1.184572322777751E-014
  2.358000000000000E-008  1.181944225761229E-014
  2.358300000000000E-008  1.179320726484697E-014
  2.358600000000000E-008  1.176701792908153E-014
  2.358900000000000E-008  1.174087425031599E-014
  2.359200000000000E-008  1.171477622855035E-014
  2.359500000000000E-008  1.168872386378459E-014
  2.359800000000000E-008  1.166271683561873E-014
  2.360100000000000E-008  1.163675530425276E-014
  2.360400000000000E-008  1.161083894928669E-014
  2.360700000000000E-008  1.158496793092050E-014
  2.361000000000000E-008  1.155914224915423E-014
  2.361300000000000E-008  1.153336142338783E-014
  2.361600000000000E-008  1.153336142281355E-014
  2.361900000000000E-008  1.150762577344793E-014
  2.362200000000000E-008  1.148193498008220E-014
  2.362500000000000E-008  1.145628920291637E-014
  2.362800000000000E-008  1.143068812155044E-014
  2.363100000000000E-008  1.140513189618439E-014
  2.363400000000001E-008  1.137962020641824E-014
  2.363700000000001E-008  1.135415321245199E-014
  2.364000000000001E-008  1.132873075408563E-014
  2.364300000000001E-008  1.130335267111916E-014
  2.364600000000001E-008  1.127801896355259E-014
  2.364900000000001E-008  1.125272963138592E-014
  2.365200000000001E-008  1.122748451441914E-014
  2.365500000000001E-008  1.120228361265226E-014
  2.365800000000001E-008  1.117712676588527E-014
  2.366100000000001E-008  1.115201381391820E-014
  2.366400000000000E-008  1.112694491695100E-014
  2.366700000000000E-008  1.110191991478370E-014
  2.367000000000000E-008  1.110191991422498E-014
  2.367300000000000E-008  1.107693880685844E-014
  2.367600000000000E-008  1.105200127389180E-014
  2.367900000000000E-008  1.102710747552505E-014
  2.368200000000000E-008  1.100225725155819E-014
  2.368500000000000E-008  1.097745044179124E-014
  2.368800000000000E-008  1.095268720642418E-014
  2.369100000000000E-008  1.092796738525702E-014
  2.369400000000000E-008  1.090329081808975E-014
  2.369700000000000E-008  1.087865750492239E-014
  2.370000000000000E-008  1.085406728555492E-014
  2.370300000000000E-008  1.082952032018735E-014
  2.370600000000000E-008  1.080501628841968E-014
  2.370900000000000E-008  1.078055519025189E-014
  2.371200000000000E-008  1.075613702568406E-014
  2.371500000000000E-008  1.073176163451606E-014
  2.371800000000000E-008  1.070742901674797E-014
  2.372100000000000E-008  1.068313917237980E-014
  2.372400000000000E-008  1.068313917183626E-014
  2.372700000000000E-008  1.065889178046882E-014
  2.373000000000000E-008  1.063468700230129E-014
  2.373300000000000E-008  1.061052483733364E-014
  2.373600000000000E-008  1.058640480496589E-014
  2.373900000000000E-008  1.056232738579805E-014
  2.374200000000001E-008  1.053829209923010E-014
  2.374500000000001E-008  1.051429894526205E-014
  2.374800000000001E-008  1.049034792389391E-014
  2.375100000000001E-008  1.046643903512566E-014
  2.375400000000001E-008  1.044257211875732E-014
  2.375700000000001E-008  1.041874717478888E-014
  2.376000000000001E-008  1.039496404302032E-014
  2.376300000000001E-008  1.037122272345172E-014
  2.376600000000001E-008  1.034752305588296E-014
  2.376900000000001E-008  1.032386520051410E-014
  2.377200000000000E-008  1.030024867674516E-014
  2.377500000000000E-008  1.027667380497612E-014
  2.377800000000000E-008  1.027667380444740E-014
  2.378100000000000E-008  1.025314042447908E-014
  2.378400000000000E-008  1.022964837611066E-014
  2.378700000000000E-008  1.020619765934215E-014
  2.379000000000000E-008  1.018278827417353E-014
  2.379300000000000E-008  1.015941990020482E-014
  2.379600000000000E-008  1.013609269763601E-014
  2.379900000000000E-008  1.011280666646710E-014
  2.380200000000000E-008  1.008956148629809E-014
  2.380500000000000E-008  1.006635715712899E-014
  2.380800000000000E-008  1.004319383915979E-014
  2.381100000000000E-008  1.002007121199047E-014
  2.381400000000000E-008  9.996989275621143E-015
  2.381700000000000E-008  9.973948030051615E-015
  2.382000000000000E-008  9.950947315082005E-015
  2.382300000000000E-008  9.927987130712325E-015
  2.382600000000000E-008  9.905067476942544E-015
  2.382900000000000E-008  9.882188033372669E-015
  2.383200000000000E-008  9.882188032858390E-015
  2.383500000000000E-008  9.859349119889210E-015
  2.383800000000000E-008  9.836550256919942E-015
  2.384100000000000E-008  9.813791764350571E-015
  2.384400000000000E-008  9.791073321781102E-015
  2.384700000000001E-008  9.768394769011547E-015
  2.385000000000001E-008  9.745756426441890E-015
  2.385300000000001E-008  9.723157973672136E-015
  2.385600000000001E-008  9.700599250502290E-015
  2.385900000000001E-008  9.678080417132353E-015
  2.386200000000001E-008  9.655601313362299E-015
  2.386500000000001E-008  9.633161939192242E-015
  2.386800000000001E-008  9.610761974221975E-015
  2.387100000000001E-008  9.588401738851634E-015
  2.387400000000001E-008  9.566080912681224E-015
  2.387700000000001E-008  9.543799495710717E-015
  2.388000000000000E-008  9.521557327740116E-015
  2.388300000000000E-008  9.499354568969423E-015
  2.388600000000000E-008  9.477191059198634E-015
  2.388900000000000E-008  9.477191058699210E-015
  2.389200000000000E-008  9.455066477529109E-015
  2.389500000000000E-008  9.432981145358911E-015
  2.389800000000000E-008  9.410934901988613E-015
  2.390100000000000E-008  9.388927427018229E-015
  2.390400000000000E-008  9.366959040847750E-015
  2.390700000000000E-008  9.345029423077177E-015
  2.391000000000000E-008  9.323138573706513E-015
  2.391300000000000E-008  9.301286332535736E-015
  2.391600000000000E-008  9.279472859764974E-015
  2.391900000000000E-008  9.257697834993978E-015
  2.392200000000000E-008  9.235961418422919E-015
  2.392500000000000E-008  9.214263449851798E-015
  2.392800000000000E-008  9.192603929280579E-015
  2.393100000000000E-008  9.170982696509268E-015
  2.393400000000000E-008  9.149399591337869E-015
  2.393700000000000E-008  9.127854934166376E-015
  2.394000000000000E-008  9.106348244394793E-015
  2.394300000000000E-008  9.106348243909088E-015
  2.394600000000000E-008  9.084879681738168E-015
  2.394900000000000E-008  9.063449086967161E-015
  2.395200000000000E-008  9.042056619796058E-015
  2.395500000000001E-008  9.020701959824867E-015
  2.395800000000001E-008  8.999385107053582E-015
  2.396100000000001E-008  8.978105901282205E-015
  2.396400000000001E-008  8.956864502710752E-015
  2.396700000000001E-008  8.935660911339173E-015
  2.397000000000001E-008  8.914494646567616E-015
  2.397300000000001E-008  8.893366028795828E-015
  2.397600000000001E-008  8.872274897823981E-015
  2.397900000000001E-008  8.851221093452074E-015
  2.398200000000001E-008  8.830204775880068E-015
  2.398500000000001E-008  8.809225624707975E-015
  2.398800000000000E-008  8.788283639935792E-015
  2.399100000000000E-008  8.767378981763521E-015
  2.399400000000000E-008  8.746511329791162E-015
  2.399700000000000E-008  8.746511329318832E-015
  2.400000000000000E-008  8.725680683547123E-015
  2.400300000000000E-008  8.704887043975322E-015
  2.400600000000000E-008  8.684130250403430E-015
  2.400900000000000E-008  8.663410302831459E-015
  2.401200000000000E-008  8.642727361459386E-015
  2.401500000000000E-008  8.622080945687236E-015
  2.401800000000000E-008  8.601471215714973E-015
  2.402100000000000E-008  8.580898171542738E-015
  2.402400000000000E-008  8.560361652970254E-015
  2.402700000000000E-008  8.539861659997727E-015
  2.403000000000000E-008  8.519398192625136E-015
  2.403300000000000E-008  8.498970930452454E-015
  2.403600000000000E-008  8.478580033679685E-015
  2.403900000000000E-008  8.458225502306828E-015
  2.404200000000000E-008  8.437907015933886E-015
  2.404500000000000E-008  8.417624734760855E-015
  2.404800000000000E-008  8.397378658787738E-015
  2.405100000000000E-008  8.397378658328451E-015
  2.405400000000000E-008  8.377168467155967E-015
  2.405700000000000E-008  8.356994160783399E-015
  2.406000000000001E-008  8.336855899410740E-015
  2.406300000000001E-008  8.316753522837994E-015
  2.406600000000001E-008  8.296686870865164E-015
  2.406900000000001E-008  8.276655783292229E-015
  2.407200000000001E-008  8.256660580519333E-015
  2.407500000000001E-008  8.236700942146168E-015
  2.407800000000001E-008  8.216776868172973E-015
  2.408100000000001E-008  8.196888198399718E-015
  2.408400000000001E-008  8.177035093026370E-015
  2.408700000000001E-008  8.157217231652939E-015
  2.409000000000001E-008  8.137434774479422E-015
  2.409300000000001E-008  8.117687561305821E-015
  2.409600000000000E-008  8.097975592132136E-015
  2.409900000000000E-008  8.078298706758364E-015
  2.410200000000000E-008  8.058656905184510E-015
  2.410500000000000E-008  8.058656904737944E-015
  2.410800000000000E-008  8.039050186964703E-015
  2.411100000000000E-008  8.019478392791382E-015
  2.411400000000000E-008  7.999941522217974E-015
  2.411700000000000E-008  7.980439575244485E-015
  2.412000000000000E-008  7.960972391670889E-015
  2.412300000000000E-008  7.941539971497344E-015
  2.412600000000000E-008  7.922142314723515E-015
  2.412900000000000E-008  7.902779261149666E-015
  2.413200000000000E-008  7.883450650575760E-015
  2.413500000000000E-008  7.864156643201763E-015
  2.413800000000000E-008  7.844897078827685E-015
  2.414100000000000E-008  7.825671957453524E-015
  2.414400000000000E-008  7.806481279079277E-015
  2.414700000000000E-008  7.787324723304950E-015
  2.415000000000000E-008  7.768202610530540E-015
  2.415300000000000E-008  7.749114460156048E-015
  2.415600000000000E-008  7.730060592581472E-015
  2.415900000000000E-008  7.730060592147305E-015
  2.416200000000000E-008  7.711040686973335E-015
  2.416500000000000E-008  7.692054904399273E-015
  2.416800000000001E-008  7.673102924025143E-015
  2.417100000000001E-008  7.654185066250901E-015
  2.417400000000001E-008  7.635300850476720E-015
  2.417700000000001E-008  7.616450597102238E-015
  2.418000000000001E-008  7.597633985727754E-015
  2.418300000000001E-008  7.578851016353209E-015
  2.418600000000001E-008  7.560101688978579E-015
  2.418900000000001E-008  7.541386003603867E-015
  2.419200000000001E-008  7.522703800029074E-015
  2.419500000000001E-008  7.504055078254200E-015
  2.419800000000001E-008  7.485439838279242E-015
  2.420100000000000E-008  7.466857759704207E-015
  2.420400000000000E-008  7.448309162929090E-015
  2.420700000000000E-008  7.429793727553894E-015
  2.421000000000000E-008  7.411311453578616E-015
  2.421300000000000E-008  7.411311453156542E-015
  2.421600000000000E-008  7.392862340581854E-015
  2.421900000000000E-008  7.374446389407082E-015
  2.422200000000000E-008  7.356063279232219E-015
  2.422500000000000E-008  7.337713330457408E-015
  2.422800000000000E-008  7.319396222682292E-015
  2.423100000000000E-008  7.301111955907187E-015
  2.423400000000000E-008  7.282860530132021E-015
  2.423700000000000E-008  7.264641945356764E-015
  2.424000000000000E-008  7.246455881181434E-015
  2.424300000000000E-008  7.228302497806022E-015
  2.424600000000000E-008  7.210181795230533E-015
  2.424900000000000E-008  7.192093613254964E-015
  2.425200000000000E-008  7.174037951879314E-015
  2.425500000000000E-008  7.156014650903589E-015
  2.425800000000000E-008  7.138023870527782E-015
  2.426100000000000E-008  7.120065290351898E-015
  2.426400000000000E-008  7.102139070575936E-015
  2.426700000000000E-008  7.084244890799898E-015
  2.427000000000000E-008  7.084244890390266E-015
  2.427300000000000E-008  7.066383071014786E-015
  2.427600000000001E-008  7.048553291639363E-015
  2.427900000000001E-008  7.030755552263631E-015
  2.428200000000001E-008  7.012990013087912E-015
  2.428500000000001E-008  6.995256193512135E-015
  2.428800000000001E-008  6.977554413936275E-015
  2.429100000000001E-008  6.959884514160336E-015
  2.429400000000001E-008  6.942246333984321E-015
  2.429700000000001E-008  6.924639873408227E-015
  2.430000000000001E-008  6.907065132432058E-015
  2.430300000000001E-008  6.889522111055811E-015
  2.430600000000001E-008  6.872010649079486E-015
  2.430900000000000E-008  6.854530746503086E-015
  2.431200000000000E-008  6.837082243126609E-015
  2.431500000000000E-008  6.819665299150056E-015
  2.431800000000000E-008  6.802279594173427E-015
  2.432100000000000E-008  6.784925448596720E-015
  2.432400000000000E-008  6.784925448198561E-015
  2.432700000000000E-008  6.767602381422540E-015
  2.433000000000000E-008  6.750310713846195E-015
  2.433300000000000E-008  6.733050125069886E-015
  2.433600000000000E-008  6.715820615093508E-015
  2.433900000000000E-008  6.698622183917058E-015
  2.434200000000000E-008  6.681454991740522E-015
  2.434500000000000E-008  6.664318557963918E-015
  2.434800000000000E-008  6.647213202987235E-015
  2.435100000000000E-008  6.630138606410480E-015
  2.435400000000000E-008  6.613094928433644E-015
  2.435700000000000E-008  6.596081848656736E-015
  2.436000000000000E-008  6.579099687479754E-015
  2.436300000000000E-008  6.562148124502696E-015
  2.436600000000000E-008  6.545227159725564E-015
  2.436900000000000E-008  6.528336793148358E-015
  2.437200000000000E-008  6.511477024771076E-015
  2.437500000000000E-008  6.494647534193721E-015
  2.437800000000000E-008  6.494647533806758E-015
  2.438100000000001E-008  6.477848641430066E-015
  2.438400000000001E-008  6.461080026853064E-015
  2.438700000000001E-008  6.444341850276095E-015
  2.439000000000001E-008  6.427633791299060E-015
  2.439300000000001E-008  6.410956010121951E-015
  2.439600000000001E-008  6.394308506744765E-015
  2.439900000000001E-008  6.377690960767507E-015
  2.440200000000001E-008  6.361103532390175E-015
  2.440500000000001E-008  6.344546221612770E-015
  2.440800000000001E-008  6.328018868235289E-015
  2.441100000000001E-008  6.311521312057738E-015
  2.441400000000001E-008  6.295053713280113E-015
  2.441700000000000E-008  6.278616071902415E-015
  2.442000000000000E-008  6.262208067524641E-015
  2.442300000000000E-008  6.245829700146800E-015
  2.442600000000000E-008  6.229481129968881E-015
  2.442900000000000E-008  6.213162196790897E-015
  2.443200000000000E-008  6.213162196414969E-015
  2.443500000000000E-008  6.196872900237387E-015
  2.443800000000000E-008  6.180613080859852E-015
  2.444100000000000E-008  6.164382738282249E-015
  2.444400000000000E-008  6.148181872504569E-015
  2.444700000000000E-008  6.132010323326818E-015
  2.445000000000000E-008  6.115868090748996E-015
  2.445300000000000E-008  6.099755174771104E-015
  2.445600000000000E-008  6.083671575393137E-015
  2.445900000000000E-008  6.067617132415099E-015
  2.446200000000000E-008  6.051591845836988E-015
  2.446500000000000E-008  6.035595555458808E-015
  2.446800000000000E-008  6.019628421480557E-015
  2.447100000000000E-008  6.003690283702233E-015
  2.447400000000000E-008  5.987781142123841E-015
  2.447700000000000E-008  5.971900836545370E-015
  2.448000000000000E-008  5.956049366966847E-015
  2.448300000000000E-008  5.940226733388235E-015
  2.448600000000000E-008  5.940226733022823E-015
  2.448900000000001E-008  5.924432935444731E-015
  2.449200000000001E-008  5.908667813666570E-015
  2.449500000000001E-008  5.892931367688334E-015
  2.449800000000001E-008  5.877223437310034E-015
  2.450100000000001E-008  5.861544182731659E-015
  2.450400000000001E-008  5.845893443753217E-015
  2.450700000000001E-008  5.830271220374701E-015
  2.451000000000001E-008  5.814677352396118E-015
  2.451300000000001E-008  5.799112000017463E-015
  2.451600000000001E-008  5.783574842838739E-015
  2.451900000000001E-008  5.768066041059947E-015
  2.452200000000001E-008  5.752585594681082E-015
  2.452500000000000E-008  5.737133183302152E-015
  2.452800000000000E-008  5.721708967123143E-015
  2.453100000000000E-008  5.706312946144093E-015
  2.453400000000000E-008  5.690944960164945E-015
  2.453700000000000E-008  5.675604848985731E-015
  2.454000000000000E-008  5.675604848630689E-015
  2.454300000000000E-008  5.660292772451985E-015
  2.454600000000000E-008  5.645008731273210E-015
  2.454900000000000E-008  5.629752564894364E-015
  2.455200000000000E-008  5.614524113115454E-015
  2.455500000000000E-008  5.599323536136472E-015
  2.455800000000000E-008  5.584150673757418E-015
  2.456100000000000E-008  5.569005365778304E-015
  2.456400000000000E-008  5.553887932599114E-015
  2.456700000000000E-008  5.538797893619860E-015
  2.457000000000000E-008  5.523735569240535E-015
  2.457300000000000E-008  5.508700639061145E-015
  2.457600000000000E-008  5.493693263281690E-015
  2.457900000000000E-008  5.478713281702154E-015
  2.458200000000000E-008  5.463760694322587E-015
  2.458500000000000E-008  5.448835501142914E-015
  2.458800000000000E-008  5.433937541963176E-015
  2.459100000000000E-008  5.419066656583382E-015
  2.459400000000001E-008  5.419066656238452E-015
  2.459700000000001E-008  5.404223165059144E-015
  2.460000000000001E-008  5.389406747679775E-015
  2.460300000000001E-008  5.374617564300331E-015
  2.460600000000001E-008  5.359855294520824E-015
  2.460900000000001E-008  5.345120098541250E-015
  2.461200000000001E-008  5.330411816161608E-015
  2.461500000000001E-008  5.315730447381900E-015
  2.461800000000001E-008  5.301075992202126E-015
  2.462100000000001E-008  5.286448450622284E-015
  2.462400000000001E-008  5.271847662442377E-015
  2.462700000000001E-008  5.257273627662405E-015
  2.463000000000000E-008  5.242726186082356E-015
  2.463300000000000E-008  5.228205497902285E-015
  2.463600000000000E-008  5.213711402922097E-015
  2.463900000000000E-008  5.199243901141848E-015
  2.464200000000000E-008  5.184802992561548E-015
  2.464500000000000E-008  5.170388516981179E-015
  2.464800000000000E-008  5.170388516646104E-015
  2.465100000000000E-008  5.156000474066214E-015
  2.465400000000000E-008  5.141638864486257E-015
  2.465700000000000E-008  5.127303527706234E-015
  2.466000000000000E-008  5.112994463726150E-015
  2.466300000000000E-008  5.098711832745996E-015
  2.466600000000000E-008  5.084455314365779E-015
  2.466900000000000E-008  5.070225068785494E-015
  2.467200000000000E-008  5.056020775605148E-015
  2.467500000000000E-008  5.041842755224734E-015
  2.467800000000000E-008  5.027690687244261E-015
  2.468100000000000E-008  5.013564731863708E-015
  2.468400000000000E-008  4.999464728883143E-015
  2.468700000000000E-008  4.985390518102451E-015
  2.469000000000000E-008  4.971342259721702E-015
  2.469300000000000E-008  4.957319793540909E-015
  2.469600000000000E-008  4.943323279760045E-015
  2.469900000000000E-008  4.929352397979120E-015
  2.470200000000001E-008  4.915407148198131E-015
  2.470500000000001E-008  4.915407147873191E-015
  2.470800000000001E-008  4.901487690292666E-015
  2.471100000000001E-008  4.887593864712075E-015
  2.471400000000001E-008  4.873725510931424E-015
  2.471700000000001E-008  4.859882789150708E-015
  2.472000000000001E-008  4.846065539169926E-015
  2.472300000000001E-008  4.832273600789087E-015
  2.472600000000001E-008  4.818507294408179E-015
  2.472900000000001E-008  4.804766299627210E-015
  2.473200000000001E-008  4.791050456246167E-015
  2.473500000000001E-008  4.777360084665121E-015
  2.473800000000000E-008  4.763694864483934E-015
  2.474100000000000E-008  4.750054955902700E-015
  2.474400000000000E-008  4.736440198721419E-015
  2.474700000000000E-008  4.722850432740073E-015
  2.475000000000000E-008  4.709285818158665E-015
  2.475300000000000E-008  4.695746194777195E-015
  2.475600000000000E-008  4.682231722795663E-015
  2.475900000000000E-008  4.682231722480073E-015
  2.476200000000000E-008  4.668742081498993E-015
  2.476500000000000E-008  4.655277271517854E-015
  2.476800000000000E-008  4.641837452736650E-015
  2.477100000000000E-008  4.628422464955382E-015
  2.477400000000000E-008  4.615032147974057E-015
  2.477700000000000E-008  4.601666661992665E-015
  2.478000000000000E-008  4.588325846811221E-015
  2.478300000000000E-008  4.575009862629690E-015
  2.478600000000000E-008  4.561718228848177E-015
  2.478900000000000E-008  4.548451426066504E-015
  2.479200000000000E-008  4.535208973684795E-015
  2.479500000000000E-008  4.521991192103041E-015
  2.479800000000000E-008  4.508797760921220E-015
  2.480100000000000E-008  4.495628680139342E-015
  2.480400000000000E-008  4.482484109957401E-015
  2.480700000000001E-008  4.469363890175401E-015
  2.481000000000001E-008  4.456267860593341E-015
  2.481300000000001E-008  4.456267860286865E-015
  2.481600000000001E-008  4.443196181105245E-015
  2.481900000000001E-008  4.430148692123566E-015
  2.482200000000001E-008  4.417125393341822E-015
  2.482500000000001E-008  4.404126124560023E-015
  2.482800000000001E-008  4.391151045978161E-015
  2.483100000000001E-008  4.378199997396238E-015
  2.483400000000001E-008  4.365272978814260E-015
  2.483700000000001E-008  4.352369990232204E-015
  2.484000000000001E-008  4.339490871450160E-015
  2.484300000000001E-008  4.326635782667961E-015
  2.484600000000000E-008  4.313804403485726E-015
  2.484900000000000E-008  4.300996894103449E-015
  2.485200000000000E-008  4.288213094321108E-015
  2.485500000000000E-008  4.275453164338709E-015
  2.485800000000000E-008  4.262716783756249E-015
  2.486100000000000E-008  4.250004272973733E-015
  2.486400000000000E-008  4.237315151391156E-015
  2.486700000000000E-008  4.237315151093564E-015
  2.487000000000000E-008  4.224649739111418E-015
  2.487300000000000E-008  4.212007876529214E-015
  2.487600000000000E-008  4.199389563346947E-015
  2.487900000000000E-008  4.186794639364623E-015
  2.488200000000000E-008  4.174223104582243E-015
  2.488500000000000E-008  4.161675119199803E-015
  2.488800000000000E-008  4.149150362817288E-015
  2.489100000000000E-008  4.136648835434794E-015
  2.489400000000000E-008  4.124170697252136E-015
  2.489700000000000E-008  4.111715788069449E-015
  2.490000000000000E-008  4.099284107886718E-015
  2.490300000000000E-008  4.086875496503925E-015
  2.490600000000000E-008  4.074489953921078E-015
  2.490900000000000E-008  4.062127640338170E-015
  2.491200000000000E-008  4.049788235355206E-015
  2.491500000000001E-008  4.037471899172185E-015
  2.491800000000001E-008  4.025178471589105E-015
  2.492100000000001E-008  4.025178471300173E-015
  2.492400000000001E-008  4.012908112517509E-015
  2.492700000000001E-008  4.000660502134794E-015
  2.493000000000001E-008  3.988435800352018E-015
  2.493300000000001E-008  3.976233846969187E-015
  2.493600000000001E-008  3.964054802186297E-015
  2.493900000000001E-008  3.951898345603337E-015
  2.494200000000001E-008  3.939764637420403E-015
  2.494500000000001E-008  3.927653677637290E-015
  2.494800000000001E-008  3.915565145854161E-015
  2.495100000000001E-008  3.903499362470991E-015
  2.495400000000000E-008  3.891456167287756E-015
  2.495700000000000E-008  3.879435400104468E-015
  2.496000000000000E-008  3.867437060921123E-015
  2.496300000000000E-008  3.855461149737722E-015
  2.496600000000000E-008  3.843507666554265E-015
  2.496900000000000E-008  3.831576611370752E-015
  2.497200000000000E-008  3.819667823987183E-015
  2.497500000000000E-008  3.819667823706686E-015
  2.497800000000000E-008  3.807781304123526E-015
  2.498100000000000E-008  3.795917052340311E-015
  2.498400000000000E-008  3.784075068357035E-015
  2.498700000000000E-008  3.772255191973709E-015
  2.499000000000000E-008  3.760457423190312E-015
  2.499300000000000E-008  3.748681762006945E-015
  2.499600000000000E-008  3.736928208423394E-015
  2.499900000000000E-008  3.725196762439832E-015
  2.500200000000000E-008  3.713487263856224E-015
  2.500500000000000E-008  3.701799552472563E-015
  2.500800000000000E-008  3.690133948688844E-015
  2.501100000000000E-008  3.678490132105072E-015
  2.501400000000000E-008  3.666868262921243E-015
  2.501700000000000E-008  3.655268020737360E-015
  2.502000000000001E-008  3.643689725953423E-015
  2.502300000000001E-008  3.632133058169430E-015
  2.502600000000001E-008  3.620598177585384E-015
  2.502900000000001E-008  3.620598177313111E-015
  2.503200000000001E-008  3.609084923729464E-015
  2.503500000000001E-008  3.597593297145756E-015
  2.503800000000001E-008  3.586123137362005E-015
  2.504100000000001E-008  3.574674764778178E-015
  2.504400000000001E-008  3.563247698794389E-015
  2.504700000000001E-008  3.551842259810406E-015
  2.505000000000001E-008  3.540458287626421E-015
  2.505300000000001E-008  3.529095622042392E-015
  2.505600000000001E-008  3.517754263058308E-015
  2.505900000000000E-008  3.506434370874171E-015
  2.506200000000000E-008  3.495135785289978E-015
  2.506500000000000E-008  3.483858506305733E-015
  2.506800000000000E-008  3.472602373721432E-015
  2.507100000000000E-008  3.461367387537080E-015
  2.507400000000000E-008  3.450153707952675E-015
  2.507700000000000E-008  3.438961174768214E-015
  2.508000000000000E-008  3.427789627783703E-015
  2.508300000000000E-008  3.416639066999137E-015
  2.508600000000000E-008  3.416639066735321E-015
  2.508900000000000E-008  3.405509652351144E-015
  2.509200000000000E-008  3.394401224166906E-015
  2.509500000000000E-008  3.383313782182698E-015
  2.509800000000000E-008  3.372247166198293E-015
  2.510100000000000E-008  3.361201376213898E-015
  2.510400000000000E-008  3.350176572429454E-015
  2.510700000000000E-008  3.339172434444960E-015
  2.511000000000000E-008  3.328189282660408E-015
  2.511300000000000E-008  3.317226636475807E-015
  2.511600000000000E-008  3.306284816291156E-015
  2.511900000000000E-008  3.295363822106447E-015
  2.512200000000000E-008  3.284463173321689E-015
  2.512500000000000E-008  3.273583350536879E-015
  2.512800000000001E-008  3.262724033352016E-015
  2.513100000000001E-008  3.251885221767102E-015
  2.513400000000001E-008  3.241066915782135E-015
  2.513700000000001E-008  3.230269115397117E-015
  2.514000000000001E-008  3.230269115141098E-015
  2.514300000000001E-008  3.219491660156455E-015
  2.514600000000001E-008  3.208734710771842E-015
  2.514900000000001E-008  3.197998106787027E-015
  2.515200000000001E-008  3.187281848202224E-015
  2.515500000000001E-008  3.176585774817380E-015
  2.515800000000001E-008  3.165910046832480E-015
  2.516100000000001E-008  3.155254504047532E-015
  2.516400000000001E-008  3.144619306662528E-015
  2.516700000000000E-008  3.134004134277475E-015
  2.517000000000000E-008  3.123409147092370E-015
  2.517300000000000E-008  3.112834184907214E-015
  2.517600000000000E-008  3.102279247722010E-015
  2.517900000000000E-008  3.091744495736752E-015
  2.518200000000000E-008  3.081229608551444E-015
  2.518500000000000E-008  3.070734746366086E-015
  2.518800000000000E-008  3.060259748980678E-015
  2.519100000000000E-008  3.049804616395218E-015
  2.519400000000000E-008  3.049804616146801E-015
  2.519700000000000E-008  3.039369508561785E-015
  2.520000000000000E-008  3.028954105576571E-015
  2.520300000000000E-008  3.018558567391374E-015
  2.520600000000000E-008  3.008182733806133E-015
  2.520900000000000E-008  2.997826604820839E-015
  2.521200000000000E-008  2.987490180435497E-015
  2.521500000000000E-008  2.977173460650102E-015
  2.521800000000000E-008  2.966876285264660E-015
  2.522100000000000E-008  2.956598814479167E-015
  2.522400000000000E-008  2.946340888093624E-015
  2.522700000000000E-008  2.936102506108030E-015
  2.523000000000000E-008  2.925883508322388E-015
  2.523300000000000E-008  2.915684054936696E-015
  2.523600000000001E-008  2.905503985750955E-015
  2.523900000000001E-008  2.895343460965165E-015
  2.524200000000001E-008  2.885202160179323E-015
  2.524500000000001E-008  2.875080243593437E-015
  2.524800000000001E-008  2.875080243352499E-015
  2.525100000000001E-008  2.864977550766895E-015
  2.525400000000001E-008  2.854894242381313E-015
  2.525700000000001E-008  2.844830157995682E-015
  2.526000000000001E-008  2.834785137410008E-015
  2.526300000000001E-008  2.824759501024276E-015
  2.526600000000001E-008  2.814752768238504E-015
  2.526900000000001E-008  2.804765419652678E-015
  2.527200000000001E-008  2.794796974666803E-015
  2.527500000000000E-008  2.784847593480882E-015
  2.527800000000000E-008  2.774917276094911E-015
  2.528100000000000E-008  2.765005862308890E-015
  2.528400000000000E-008  2.755113352122824E-015
  2.528700000000000E-008  2.745239905736709E-015
  2.529000000000000E-008  2.735385362950544E-015
  2.529300000000000E-008  2.725549563564333E-015
  2.529600000000000E-008  2.715732667778071E-015
  2.529900000000000E-008  2.705934515391767E-015
  2.530200000000000E-008  2.705934515158043E-015
  2.530500000000000E-008  2.696155106172010E-015
  2.530800000000000E-008  2.686394440585998E-015
  2.531100000000000E-008  2.676652358199951E-015
  2.531400000000000E-008  2.666929179413843E-015
  2.531700000000000E-008  2.657224423627696E-015
  2.532000000000000E-008  2.647538411241495E-015
  2.532300000000000E-008  2.637870821855253E-015
  2.532600000000000E-008  2.628221975868959E-015
  2.532900000000000E-008  2.618591552882618E-015
  2.533200000000000E-008  2.608979552896230E-015
  2.533500000000000E-008  2.599385975909794E-015
  2.533800000000000E-008  2.589810821923315E-015
  2.534100000000001E-008  2.580254251136784E-015
  2.534400000000001E-008  2.570715782950209E-015
  2.534700000000001E-008  2.561195737763584E-015
  2.535000000000001E-008  2.551693955376922E-015
  2.535300000000001E-008  2.542210595990203E-015
  2.535600000000001E-008  2.542210595763433E-015
  2.535900000000001E-008  2.532745338977055E-015
  2.536200000000001E-008  2.523298184790634E-015
  2.536500000000001E-008  2.513869293404168E-015
  2.536800000000001E-008  2.504458664817649E-015
  2.537100000000001E-008  2.495065978631087E-015
  2.537400000000001E-008  2.485691395044479E-015
  2.537700000000001E-008  2.476334914057822E-015
  2.538000000000001E-008  2.466996375471122E-015
  2.538300000000000E-008  2.457675939484375E-015
  2.538600000000000E-008  2.448373445897579E-015
  2.538900000000000E-008  2.439088734510739E-015
  2.539200000000000E-008  2.429821965523854E-015
  2.539500000000000E-008  2.420573138936923E-015
  2.539800000000000E-008  2.411342094549942E-015
  2.540100000000000E-008  2.402128992562931E-015
  2.540400000000000E-008  2.392933512575857E-015
  2.540700000000000E-008  2.383755814788739E-015
  2.541000000000000E-008  2.383755814568823E-015
  2.541300000000000E-008  2.374595898982039E-015
  2.541600000000000E-008  2.365453605395211E-015
  2.541900000000000E-008  2.356328933808337E-015
  2.542200000000000E-008  2.347221884221423E-015
  2.542500000000000E-008  2.338132616834453E-015
  2.542800000000000E-008  2.329060651047447E-015
  2.543100000000000E-008  2.320006467460390E-015
  2.543400000000000E-008  2.310969585473291E-015
  2.543700000000000E-008  2.301950325486147E-015
  2.544000000000000E-008  2.292948527298955E-015
  2.544300000000000E-008  2.283964030711720E-015
  2.544600000000000E-008  2.274996995924444E-015
  2.544900000000001E-008  2.266047422937113E-015
  2.545200000000001E-008  2.257114991349763E-015
  2.545500000000001E-008  2.248200021562342E-015
  2.545800000000001E-008  2.239302193174878E-015
  2.546100000000001E-008  2.230421666387378E-015
  2.546400000000001E-008  2.221558441199833E-015
  2.546700000000001E-008  2.221558440986956E-015
  2.547000000000001E-008  2.212712357199732E-015
  2.547300000000001E-008  2.203883414812465E-015
  2.547600000000001E-008  2.195071613825151E-015
  2.547900000000001E-008  2.186276794037796E-015
  2.548200000000001E-008  2.177499115650398E-015
  2.548500000000001E-008  2.168738578662953E-015
  2.548800000000001E-008  2.159995022875466E-015
  2.549100000000000E-008  2.151268448287931E-015
  2.549400000000000E-008  2.142558694700358E-015
  2.549700000000000E-008  2.133866082512739E-015
  2.550000000000000E-008  2.125190131125071E-015
  2.550300000000000E-008  2.116531321137387E-015
  2.550600000000000E-008  2.107889171949625E-015
  2.550900000000000E-008  2.099263843761825E-015
  2.551200000000000E-008  2.090655336573990E-015
  2.551500000000000E-008  2.082063650386111E-015
  2.551800000000000E-008  2.073488624998189E-015
  2.552100000000000E-008  2.073488624791802E-015
  2.552400000000000E-008  2.064930260204197E-015
  2.552700000000000E-008  2.056388716616543E-015
  2.553000000000000E-008  2.047863673628849E-015
  2.553300000000000E-008  2.039355291441114E-015
  2.553600000000000E-008  2.030863570053332E-015
  2.553900000000000E-008  2.022388349265508E-015
  2.554200000000000E-008  2.013929629077642E-015
  2.554500000000000E-008  2.005487409489732E-015
  2.554800000000000E-008  1.997061690501784E-015
  2.555100000000000E-008  1.988652472113781E-015
  2.555400000000001E-008  1.980259594125773E-015
  2.555700000000001E-008  1.971883216737680E-015
  2.556000000000001E-008  1.963523179749550E-015
  2.556300000000001E-008  1.955179483161388E-015
  2.556600000000001E-008  1.946851966773182E-015
  2.556900000000001E-008  1.938540790784936E-015
  2.557200000000001E-008  1.930245955196646E-015
  2.557500000000001E-008  1.930245954996585E-015
  2.557800000000001E-008  1.921967299608601E-015
  2.558100000000001E-008  1.913704824420576E-015
  2.558400000000001E-008  1.905458529432510E-015
  2.558700000000001E-008  1.897228414644401E-015
  2.559000000000001E-008  1.889014480056249E-015
  2.559300000000001E-008  1.880816565468055E-015
  2.559600000000000E-008  1.872634670879822E-015
  2.559900000000000E-008  1.864468956491546E-015
  2.560200000000000E-008  1.856319101903220E-015
  2.560500000000000E-008  1.848185267314894E-015
  2.560800000000000E-008  1.840067452726474E-015
  2.561100000000000E-008  1.831965497938023E-015
  2.561400000000000E-008  1.823879402949544E-015
  2.561700000000000E-008  1.815809327961018E-015
  2.562000000000000E-008  1.807754952572453E-015
  2.562300000000000E-008  1.799716436983847E-015
  2.562600000000000E-008  1.791693781195201E-015
  2.562900000000000E-008  1.791693781001299E-015
  2.563200000000000E-008  1.783686824812953E-015
  2.563500000000000E-008  1.775695728424560E-015
  2.563800000000000E-008  1.767720171436133E-015
  2.564100000000000E-008  1.759760474247659E-015
  2.564400000000000E-008  1.751816316459147E-015
  2.564700000000000E-008  1.743887858270596E-015
  2.565000000000000E-008  1.735975099682001E-015
  2.565300000000000E-008  1.728077720293360E-015
  2.565600000000000E-008  1.720196040504722E-015
  2.565900000000000E-008  1.712329900115982E-015
  2.566200000000001E-008  1.704479138927219E-015
  2.566500000000001E-008  1.696643917138425E-015
  2.566800000000001E-008  1.688824074549590E-015
  2.567100000000001E-008  1.681019771360715E-015
  2.567400000000001E-008  1.673230847371798E-015
  2.567700000000001E-008  1.665457302582843E-015
  2.568000000000001E-008  1.657699136993848E-015
  2.568300000000001E-008  1.657699136805948E-015
  2.568600000000001E-008  1.649956190217245E-015
  2.568900000000001E-008  1.642228622828499E-015
  2.569200000000001E-008  1.634516274439714E-015
  2.569500000000001E-008  1.626819145050889E-015
  2.569800000000001E-008  1.619137234662025E-015
  2.570100000000001E-008  1.611470543273124E-015
  2.570400000000000E-008  1.603819070884172E-015
  2.570700000000000E-008  1.596182689335229E-015
  2.571000000000000E-008  1.588561430666179E-015
  2.571300000000000E-008  1.580955262837109E-015
  2.571600000000000E-008  1.573364137788011E-015
  2.571900000000000E-008  1.565788071538870E-015
  2.572200000000000E-008  1.558227000009691E-015
  2.572500000000000E-008  1.550680939220472E-015
  2.572800000000000E-008  1.543149809071216E-015
  2.573100000000000E-008  1.535633641601920E-015
  2.573400000000000E-008  1.528132372732585E-015
  2.573700000000000E-008  1.528132372550531E-015
  2.574000000000000E-008  1.520645986261479E-015
  2.574300000000000E-008  1.513174466532388E-015
  2.574600000000000E-008  1.505717765303259E-015
  2.574900000000000E-008  1.498275882574091E-015
  2.575200000000000E-008  1.490848786304883E-015
  2.575500000000000E-008  1.483436460475639E-015
  2.575800000000000E-008  1.476038857026347E-015
  2.576100000000000E-008  1.468655959937064E-015
  2.576400000000000E-008  1.461287753187675E-015
  2.576700000000001E-008  1.453934204738268E-015
  2.577000000000001E-008  1.446595282548833E-015
  2.577300000000001E-008  1.439270970599356E-015
  2.577600000000001E-008  1.431961252869842E-015
  2.577900000000001E-008  1.424666081300291E-015
  2.578200000000001E-008  1.417385455890701E-015
  2.578500000000001E-008  1.410119344601073E-015
  2.578800000000001E-008  1.402867715391408E-015
  2.579100000000001E-008  1.402867715215047E-015
  2.579400000000001E-008  1.395630536045658E-015
  2.579700000000001E-008  1.388407806916230E-015
  2.580000000000001E-008  1.381199479766765E-015
  2.580300000000001E-008  1.374005538577261E-015
  2.580600000000001E-008  1.366825967327722E-015
  2.580900000000001E-008  1.359660733978135E-015
  2.581200000000000E-008  1.352509822508561E-015
  2.581500000000000E-008  1.345373184858876E-015
  2.581800000000000E-008  1.338250821029178E-015
  2.582100000000000E-008  1.331142698979451E-015
  2.582400000000000E-008  1.324048786669685E-015
  2.582700000000000E-008  1.316969084099882E-015
  2.583000000000000E-008  1.309903527190042E-015
  2.583300000000000E-008  1.302852131960165E-015
  2.583600000000000E-008  1.295814850350251E-015
  2.583900000000000E-008  1.288791666340301E-015
  2.584200000000000E-008  1.281782547890313E-015
  2.584500000000000E-008  1.281782547719499E-015
  2.584800000000000E-008  1.274787494829779E-015
  2.585100000000000E-008  1.267806443420023E-015
  2.585400000000000E-008  1.260839409510230E-015
  2.585700000000000E-008  1.253886345040402E-015
  2.586000000000000E-008  1.246947233990528E-015
  2.586300000000000E-008  1.240022060340670E-015
  2.586600000000000E-008  1.233110792050695E-015
  2.586900000000000E-008  1.226213397080713E-015
  2.587200000000000E-008  1.219329859410702E-015
  2.587500000000001E-008  1.212460163020652E-015
  2.587800000000001E-008  1.205604275870567E-015
  2.588100000000001E-008  1.198762165920446E-015
  2.588400000000001E-008  1.191933833170288E-015
  2.588700000000001E-008  1.185119229560094E-015
  2.589000000000001E-008  1.178318355089865E-015
  2.589300000000001E-008  1.171531161699599E-015
  2.589600000000001E-008  1.164757649389298E-015
  2.589900000000001E-008  1.157997770098961E-015
  2.590200000000001E-008  1.157997769933844E-015
  2.590500000000001E-008  1.151251523663768E-015
  2.590800000000001E-008  1.144518878373657E-015
  2.591100000000001E-008  1.137799818043503E-015
  2.591400000000001E-008  1.131094294613367E-015
  2.591700000000001E-008  1.124402324103109E-015
  2.592000000000000E-008  1.117723842432849E-015
  2.592300000000000E-008  1.111058849602561E-015
  2.592600000000000E-008  1.104407329592234E-015
  2.592900000000000E-008  1.097769234341873E-015
  2.593200000000000E-008  1.091144563851476E-015
  2.593500000000000E-008  1.084533270061044E-015
  2.593800000000000E-008  1.077935368990577E-015
  2.594100000000000E-008  1.071350796560075E-015
  2.594400000000000E-008  1.064779568789538E-015
  2.594700000000000E-008  1.058221621598966E-015
  2.595000000000000E-008  1.051676971008359E-015
  2.595300000000000E-008  1.045145568957717E-015
  2.595600000000000E-008  1.045145568797852E-015
  2.595900000000000E-008  1.038627399267465E-015
  2.596200000000000E-008  1.032122430217038E-015
  2.596500000000000E-008  1.025630661646628E-015
  2.596800000000000E-008  1.019152061516095E-015
  2.597100000000000E-008  1.012686597785564E-015
  2.597400000000000E-008  1.006234254435003E-015
  2.597700000000000E-008  9.997950154444063E-016
  2.598000000000000E-008  9.933688487737753E-016
  2.598300000000001E-008  9.869557384031100E-016
  2.598600000000001E-008  9.805556683124099E-016
  2.598900000000001E-008  9.741685904416756E-016
  2.599200000000001E-008  9.677945047909072E-016
  2.599500000000001E-008  9.614333953401047E-016
  2.599800000000001E-008  9.550852140292678E-016
  2.600100000000001E-008  9.487499608583969E-016
  2.600400000000001E-008  9.424276037874924E-016
  2.600700000000001E-008  9.361181267965539E-016
  2.601000000000001E-008  9.361181266418034E-016
  2.601300000000001E-008  9.298214976911096E-016
  2.601600000000001E-008  9.235377007604326E-016
  2.601900000000001E-008  9.172667198296299E-016
  2.602200000000001E-008  9.110085228588338E-016
  2.602500000000000E-008  9.047630938280079E-016
  2.602800000000000E-008  8.985304167171464E-016
  2.603100000000000E-008  8.923104434662521E-016
  2.603400000000000E-008  8.861031900953239E-016
  2.603700000000000E-008  8.799086085443620E-016
  2.604000000000000E-008  8.737266827933669E-016
  2.604300000000000E-008  8.675573968223382E-016
  2.604600000000000E-008  8.614007185912760E-016
  2.604900000000000E-008  8.552566320801809E-016
  2.605200000000000E-008  8.491251212690521E-016
  2.605500000000000E-008  8.430061541178906E-016
  2.605800000000000E-008  8.368997306266961E-016
  2.606100000000000E-008  8.308058027354680E-016
  2.606400000000000E-008  8.308058025856971E-016
  2.606700000000000E-008  8.247243542747584E-016
  2.607000000000000E-008  8.186553855436926E-016
  2.607300000000000E-008  8.125988483326376E-016
  2.607600000000000E-008  8.065547266215525E-016
  2.607900000000000E-008  8.005230204104331E-016
  2.608200000000000E-008  7.945036816392809E-016
  2.608500000000000E-008  7.884966942880962E-016
  2.608800000000001E-008  7.825020583568786E-016
  2.609100000000001E-008  7.765197257856280E-016
  2.609400000000001E-008  7.705496805543452E-016
  2.609700000000001E-008  7.645919226630296E-016
  2.610000000000001E-008  7.586464040516816E-016
  2.610300000000001E-008  7.527131247203014E-016
  2.610600000000001E-008  7.467920526288884E-016
  2.610900000000001E-008  7.408831717574439E-016
  2.611200000000001E-008  7.349864500659655E-016
  2.611500000000001E-008  7.291018875544583E-016
  2.611800000000001E-008  7.291018874095843E-016
  2.612100000000001E-008  7.232294520382626E-016
  2.612400000000001E-008  7.173691117669544E-016
  2.612700000000001E-008  7.115208505756159E-016
  2.613000000000001E-008  7.056846684642440E-016
  2.613300000000000E-008  6.998605173728404E-016
  2.613600000000000E-008  6.940483812814049E-016
  2.613900000000000E-008  6.882482601899373E-016
  2.614200000000000E-008  6.824601220584376E-016
  2.614500000000000E-008  6.766839348469064E-016
  2.614800000000000E-008  6.709196985553432E-016
  2.615100000000000E-008  6.651673651237482E-016
  2.615400000000000E-008  6.594269345521219E-016
  2.615700000000000E-008  6.536983908204636E-016
  2.616000000000000E-008  6.479817018887750E-016
  2.616300000000000E-008  6.422768517370519E-016
  2.616600000000000E-008  6.365838083253047E-016
  2.616900000000000E-008  6.309025716535190E-016
  2.617200000000000E-008  6.309025715133192E-016
  2.617500000000000E-008  6.252331095417639E-016
  2.617800000000000E-008  6.195754062501773E-016
  2.618100000000000E-008  6.139294295985594E-016
  2.618400000000000E-008  6.082951795869102E-016
  2.618700000000000E-008  6.026726241752292E-016
  2.619000000000000E-008  5.970617313235173E-016
  2.619300000000000E-008  5.914625010317745E-016
  2.619600000000001E-008  5.858749172800002E-016
  2.619900000000001E-008  5.802989320081952E-016
  2.620200000000001E-008  5.747345452163592E-016
  2.620500000000001E-008  5.691817408844923E-016
  2.620800000000001E-008  5.636404869725948E-016
  2.621100000000001E-008  5.581107674606660E-016
  2.621400000000001E-008  5.525925663287077E-016
  2.621700000000001E-008  5.470858675567161E-016
  2.622000000000001E-008  5.415906391047010E-016
  2.622300000000001E-008  5.361068649526482E-016
  2.622600000000001E-008  5.361068648170456E-016
  2.622900000000001E-008  5.306345289452171E-016
  2.623200000000001E-008  5.251735993133587E-016
  2.623500000000001E-008  5.197240759214691E-016
  2.623800000000001E-008  5.142859267295490E-016
  2.624100000000000E-008  5.088591357175986E-016
  2.624400000000000E-008  5.034436868656178E-016
  2.624700000000000E-008  4.980395641536067E-016
  2.625000000000000E-008  4.926467355415649E-016
  2.625300000000000E-008  4.872651689894934E-016
  2.625600000000000E-008  4.818948805173915E-016
  2.625900000000000E-008  4.765358220652599E-016
  2.626200000000000E-008  4.711879936330979E-016
  2.626500000000000E-008  4.658513631809072E-016
  2.626800000000000E-008  4.605259146886829E-016
  2.627100000000000E-008  4.552116321364395E-016
  2.627400000000000E-008  4.499084995041551E-016
  2.627700000000000E-008  4.446164847518416E-016
  2.628000000000000E-008  4.393355718595017E-016
  2.628300000000000E-008  4.393355717286229E-016
  2.628600000000000E-008  4.340657606964985E-016
  2.628900000000000E-008  4.288070034643444E-016
  2.629200000000000E-008  4.235592840121614E-016
  2.629500000000000E-008  4.183226183599477E-016
  2.629800000000000E-008  4.130969424277052E-016
  2.630100000000001E-008  4.078822722354325E-016
  2.630400000000001E-008  4.026785597231312E-016
  2.630700000000001E-008  3.974858209107996E-016
  2.631000000000001E-008  3.923039917184392E-016
  2.631300000000001E-008  3.871330881660493E-016
  2.631600000000001E-008  3.819730942336314E-016
  2.631900000000001E-008  3.768239618611797E-016
  2.632200000000001E-008  3.716856910487136E-016
  2.632500000000001E-008  3.665582657762025E-016
  2.632800000000001E-008  3.614416540036633E-016
  2.633100000000001E-008  3.563358557311003E-016
  2.633400000000001E-008  3.512408228985074E-016
  2.633700000000001E-008  3.512408227719795E-016
  2.634000000000001E-008  3.461565713995969E-016
  2.634300000000001E-008  3.410830534271861E-016
  2.634600000000001E-008  3.360202848747454E-016
  2.634900000000000E-008  3.309682016622766E-016
  2.635200000000000E-008  3.259268198097786E-016
  2.635500000000000E-008  3.208961072772522E-016
  2.635800000000000E-008  3.158760640646966E-016
  2.636100000000000E-008  3.108666421121129E-016
  2.636400000000000E-008  3.058678414194999E-016
  2.636700000000000E-008  3.008796299468602E-016
  2.637000000000000E-008  2.959020076941868E-016
  2.637300000000000E-008  2.909349426215028E-016
  2.637600000000000E-008  2.859784187087700E-016
  2.637900000000000E-008  2.810324359560109E-016
  2.638200000000000E-008  2.760969463032296E-016
  2.638500000000000E-008  2.711719497504189E-016
  2.638800000000000E-008  2.662574302775804E-016
  2.639100000000000E-008  2.662574301552879E-016
  2.639400000000000E-008  2.613533557226542E-016
  2.639700000000000E-008  2.564597103099925E-016
  2.640000000000000E-008  2.515764939173024E-016
  2.640300000000000E-008  2.467036745045838E-016
  2.640600000000000E-008  2.418412200318379E-016
  2.640900000000001E-008  2.369891465190634E-016
  2.641200000000001E-008  2.321474059062614E-016
  2.641500000000001E-008  2.273159981934309E-016
  2.641800000000001E-008  2.224948913405745E-016
  2.642100000000001E-008  2.176840853476844E-016
  2.642400000000001E-008  2.128835481747879E-016
  2.642700000000001E-008  2.080932638018379E-016
  2.643000000000001E-008  2.033132162088644E-016
  2.643300000000001E-008  1.985433893758698E-016
  2.643600000000001E-008  1.937837672828463E-016
  2.643900000000001E-008  1.890343178897957E-016
  2.644200000000001E-008  1.842950411967179E-016
  2.644500000000001E-008  1.842950410785488E-016
  2.644800000000001E-008  1.795659210656701E-016
  2.645100000000001E-008  1.748469256927639E-016
  2.645400000000001E-008  1.701380389398309E-016
  2.645700000000000E-008  1.654392608068697E-016
  2.646000000000000E-008  1.607505432338818E-016
  2.646300000000000E-008  1.560719006388665E-016
  2.646600000000000E-008  1.514032977778236E-016
  2.646900000000000E-008  1.467447202327553E-016
  2.647200000000000E-008  1.420961503816538E-016
  2.647500000000000E-008  1.374575722045494E-016
  2.647800000000000E-008  1.328289664773873E-016
  2.648100000000000E-008  1.282103187822046E-016
  2.648400000000000E-008  1.236016098950016E-016
  2.648700000000000E-008  1.190028221937702E-016
  2.649000000000000E-008  1.144139380565126E-016
  2.649300000000000E-008  1.098349430652282E-016
  2.649600000000000E-008  1.052658163939173E-016
  2.649900000000000E-008  1.052658162797613E-016
  2.650200000000000E-008  1.007065435106444E-016
  2.650500000000000E-008  9.615710541950087E-017
  2.650800000000000E-008  9.161748758833050E-017
  2.651100000000000E-008  8.708766919113353E-017
  2.651400000000001E-008  8.256763741191004E-017
  2.651700000000001E-008  7.805737142465961E-017
  2.652000000000001E-008  7.355685681138445E-017
  2.652300000000001E-008  6.906607595007651E-017
  2.652600000000001E-008  6.458500961676902E-017
  2.652900000000001E-008  6.011364499539956E-017
  2.653200000000001E-008  5.565196126001276E-017
  2.653500000000001E-008  5.119994559460619E-017
  2.653800000000001E-008  4.675757717317181E-017
  2.654100000000001E-008  4.232484157771186E-017
  2.654400000000001E-008  3.790172118622581E-017
  2.654700000000001E-008  3.348819837671388E-017
  2.655000000000001E-008  2.908425873117610E-017
  2.655300000000001E-008  2.908425862092638E-017
  2.655600000000001E-008  2.468988291557749E-017
  2.655900000000001E-008  2.030505673220252E-017
  2.656200000000000E-008  1.592976228860152E-017
  2.656500000000000E-008  1.156398276377470E-017
  2.656800000000000E-008  7.207701977521585E-018
  2.657100000000000E-008  2.860903269044289E-018
  2.657400000000000E-008 -1.476429942364987E-018
  2.657700000000000E-008 -5.804314237371172E-018
  2.658000000000000E-008 -1.012276587634316E-017
  2.658300000000000E-008 -1.443180160012913E-017
  2.658600000000000E-008 -1.873143790933459E-017
  2.658900000000000E-008 -2.302169002296719E-017
  2.659200000000000E-008 -2.730257684462474E-017
  2.659500000000000E-008 -3.157411279230772E-017
  2.659800000000000E-008 -3.583631388601598E-017
  2.660100000000000E-008 -4.008919774774946E-017
  2.660400000000000E-008 -4.433278039750810E-017
  2.660700000000000E-008 -4.433278050395595E-017
  2.661000000000000E-008 -4.856707635953082E-017
  2.661300000000000E-008 -5.279210464513103E-017
  2.661600000000000E-008 -5.700787977875644E-017
  2.661900000000000E-008 -6.121441778040747E-017
  2.662200000000001E-008 -6.541173467008223E-017
  2.662500000000001E-008 -6.959984806978798E-017
  2.662800000000001E-008 -7.377877399948845E-017
  2.663100000000001E-008 -7.794852527525827E-017
  2.663400000000001E-008 -8.210912272303853E-017
  2.663700000000001E-008 -8.626057755683833E-017
  2.664000000000001E-008 -9.040291060266447E-017
  2.664300000000001E-008 -9.453613307451498E-017
  2.664600000000001E-008 -9.866026419639032E-017
  2.664900000000001E-008 -1.027753183862903E-016
  2.665200000000001E-008 -1.068813132662149E-016
  2.665500000000001E-008 -1.109782632541640E-016
  2.665800000000001E-008 -1.150661827681376E-016
  2.666100000000001E-008 -1.191450910321357E-016
  2.666400000000001E-008 -1.191450911346803E-016
  2.666700000000001E-008 -1.232150009644998E-016
  2.667000000000000E-008 -1.272759299823438E-016
  2.667300000000000E-008 -1.313278926062127E-016
  2.667600000000000E-008 -1.353709048561047E-016
  2.667900000000000E-008 -1.394049827520269E-016
  2.668200000000000E-008 -1.434301423139438E-016
  2.668500000000000E-008 -1.474463979599285E-016
  2.668800000000000E-008 -1.514537673119232E-016
  2.669100000000000E-008 -1.554522647879368E-016
  2.669400000000000E-008 -1.594419048059763E-016
  2.669700000000000E-008 -1.634227113960392E-016
  2.670000000000000E-008 -1.673946781501266E-016
  2.670300000000000E-008 -1.713578499242377E-016
  2.670600000000000E-008 -1.753122106983729E-016
  2.670900000000000E-008 -1.792578085325319E-016
  2.671200000000000E-008 -1.831946274067148E-016
  2.671500000000000E-008 -1.871227153809215E-016
  2.671800000000000E-008 -1.871227154798709E-016
  2.672100000000000E-008 -1.910420565339038E-016
  2.672400000000000E-008 -1.949526827079609E-016
  2.672700000000001E-008 -1.988546100220404E-016
  2.673000000000001E-008 -2.027478384761495E-016
  2.673300000000001E-008 -2.066324161302514E-016
  2.673600000000001E-008 -2.105083269644238E-016
  2.673900000000001E-008 -2.143755869986031E-016
  2.674200000000001E-008 -2.182342282728017E-016
  2.674500000000001E-008 -2.220842668070250E-016
  2.674800000000001E-008 -2.259257026012714E-016
  2.675100000000001E-008 -2.297585516755415E-016
  2.675400000000001E-008 -2.335828460698350E-016
  2.675700000000001E-008 -2.373985857841518E-016
  2.676000000000001E-008 -2.412057868384919E-016
  2.676300000000001E-008 -2.450044652528553E-016
  2.676600000000001E-008 -2.487946530672419E-016
  2.676900000000001E-008 -2.525763342616515E-016
  2.677200000000001E-008 -2.525763343571025E-016
  2.677500000000001E-008 -2.563495409713434E-016
  2.677800000000000E-008 -2.601142890256066E-016
  2.678100000000000E-008 -2.638705945398973E-016
  2.678400000000000E-008 -2.676184735341803E-016
  2.678700000000000E-008 -2.713579260085362E-016
  2.679000000000000E-008 -2.750889840028956E-016
  2.679300000000000E-008 -2.788116475172746E-016
  2.679600000000000E-008 -2.825259485916776E-016
  2.679900000000000E-008 -2.862318872261031E-016
  2.680200000000000E-008 -2.899294794405516E-016
  2.680500000000000E-008 -2.936187412550232E-016
  2.680800000000000E-008 -2.972997047095172E-016
  2.681100000000000E-008 -3.009723537840341E-016
  2.681400000000000E-008 -3.046367205185738E-016
  2.681700000000000E-008 -3.082928369531359E-016
  2.682000000000000E-008 -3.119406710477208E-016
  2.682300000000000E-008 -3.155802868823281E-016
  2.682600000000000E-008 -3.155802869743752E-016
  2.682900000000000E-008 -3.192116685288174E-016
  2.683200000000000E-008 -3.228348318232857E-016
  2.683500000000001E-008 -3.264498088977460E-016
  2.683800000000001E-008 -3.300565997522809E-016
  2.684100000000001E-008 -3.336552364268160E-016
  2.684400000000001E-008 -3.372457029013709E-016
  2.684700000000001E-008 -3.408280312159494E-016
  2.685000000000001E-008 -3.444022373905500E-016
  2.685300000000001E-008 -3.479683374451728E-016
  2.685600000000001E-008 -3.515263313798179E-016
  2.685900000000001E-008 -3.550762512344855E-016
  2.686200000000001E-008 -3.586181130291748E-016
  2.686500000000001E-008 -3.621519007438865E-016
  2.686800000000001E-008 -3.656776624386203E-016
  2.687100000000001E-008 -3.691953981133759E-016
  2.687400000000001E-008 -3.727051237881537E-016
  2.687700000000001E-008 -3.762068554829532E-016
  2.688000000000001E-008 -3.762068555716882E-016
  2.688300000000001E-008 -3.797005932863293E-016
  2.688600000000000E-008 -3.831863690609630E-016
  2.688900000000000E-008 -3.866641828956722E-016
  2.689200000000000E-008 -3.901340668303793E-016
  2.689500000000000E-008 -3.935960208651066E-016
  2.689800000000000E-008 -3.970500770398561E-016
  2.690100000000000E-008 -4.004962193346272E-016
  2.690400000000000E-008 -4.039344797894204E-016
  2.690700000000000E-008 -4.073648744242350E-016
  2.691000000000000E-008 -4.107874032390715E-016
  2.691300000000000E-008 -4.142020982739297E-016
  2.691600000000000E-008 -4.176089595288092E-016
  2.691900000000000E-008 -4.210080030237104E-016
  2.692200000000000E-008 -4.243992447786331E-016
  2.692500000000000E-008 -4.277827168335773E-016
  2.692800000000000E-008 -4.311584031685424E-016
  2.693100000000000E-008 -4.345263198035295E-016
  2.693400000000000E-008 -4.345263198890428E-016
  2.693700000000000E-008 -4.378865148838461E-016
  2.694000000000000E-008 -4.412389561987252E-016
  2.694300000000001E-008 -4.445836918936003E-016
  2.694600000000001E-008 -4.479207219684948E-016
  2.694900000000001E-008 -4.512500464234120E-016
  2.695200000000001E-008 -4.545717133183498E-016
  2.695500000000001E-008 -4.578857066333088E-016
  2.695800000000001E-008 -4.611920423882894E-016
  2.696100000000001E-008 -4.644907526232909E-016
  2.696400000000001E-008 -4.677818373383136E-016
  2.696700000000001E-008 -4.710653125533570E-016
  2.697000000000001E-008 -4.743411782684219E-016
  2.697300000000001E-008 -4.776094825435075E-016
  2.697600000000001E-008 -4.808702093586141E-016
  2.697900000000001E-008 -4.841233747337410E-016
  2.698200000000001E-008 -4.873689946888900E-016
  2.698500000000001E-008 -4.906071012640573E-016
  2.698800000000001E-008 -4.906071013464091E-016
  2.699100000000000E-008 -4.938376785214535E-016
  2.699400000000000E-008 -4.970607583364924E-016
  2.699700000000000E-008 -5.002763568115511E-016
  2.700000000000000E-008 -5.034844739466311E-016
  2.700300000000000E-008 -5.066851257617318E-016
  2.700600000000000E-008 -5.098783282768534E-016
  2.700900000000000E-008 -5.130640975119953E-016
  2.701200000000000E-008 -5.162424334671581E-016
  2.701500000000000E-008 -5.194133681823413E-016
  2.701800000000000E-008 -5.225769016575452E-016
  2.702100000000000E-008 -5.257330659327694E-016
  2.702400000000000E-008 -5.288818449880139E-016
  2.702700000000000E-008 -5.320232708632792E-016
  2.703000000000000E-008 -5.351573595785641E-016
  2.703300000000000E-008 -5.382841111338710E-016
  2.703600000000000E-008 -5.414035415491938E-016
  2.703900000000000E-008 -5.445156668445410E-016
  2.704200000000000E-008 -5.445156669238706E-016
  2.704500000000000E-008 -5.476205031190697E-016
  2.704800000000001E-008 -5.507180662342883E-016
  2.705100000000001E-008 -5.538083562695281E-016
  2.705400000000001E-008 -5.568914052647873E-016
  2.705700000000001E-008 -5.599671972000670E-016
  2.706000000000001E-008 -5.630357641153670E-016
  2.706300000000001E-008 -5.660971220306872E-016
  2.706600000000001E-008 -5.691512869660273E-016
  2.706900000000001E-008 -5.721982589213871E-016
  2.707200000000001E-008 -5.752380378967674E-016
  2.707500000000001E-008 -5.782706719521672E-016
  2.707800000000001E-008 -5.812961450675869E-016
  2.708100000000001E-008 -5.843144892830267E-016
  2.708400000000001E-008 -5.873257045984857E-016
  2.708700000000001E-008 -5.903298070339661E-016
  2.709000000000001E-008 -5.933268126094617E-016
  2.709300000000001E-008 -5.963167213249814E-016
  2.709600000000001E-008 -5.992995652205203E-016
  2.709900000000000E-008 -5.992995652967201E-016
  2.710200000000000E-008 -6.022753443721150E-016
  2.710500000000000E-008 -6.052440746475298E-016
  2.710800000000000E-008 -6.082057721429639E-016
  2.711100000000000E-008 -6.111604368584181E-016
  2.711400000000000E-008 -6.141081008338917E-016
  2.711700000000000E-008 -6.170487640693845E-016
  2.712000000000000E-008 -6.199824265648975E-016
  2.712300000000000E-008 -6.229091363804293E-016
  2.712600000000000E-008 -6.258288614759809E-016
  2.712900000000000E-008 -6.287416499115518E-016
  2.713200000000000E-008 -6.316475016871422E-016
  2.713500000000000E-008 -6.345464328227513E-016
  2.713800000000000E-008 -6.374384593383815E-016
  2.714100000000000E-008 -6.403235652140245E-016
  2.714400000000000E-008 -6.432017985096938E-016
  2.714700000000000E-008 -6.460731592253817E-016
  2.715000000000000E-008 -6.489376473610865E-016
  2.715300000000000E-008 -6.489376474344055E-016
  2.715600000000001E-008 -6.517952790099719E-016
  2.715900000000001E-008 -6.546460860655571E-016
  2.716200000000001E-008 -6.574900686011612E-016
  2.716500000000001E-008 -6.603272266167849E-016
  2.716800000000001E-008 -6.631575921524273E-016
  2.717100000000001E-008 -6.659811652080890E-016
  2.717400000000001E-008 -6.687979618037693E-016
  2.717700000000001E-008 -6.716079819394687E-016
  2.718000000000001E-008 -6.744112576551874E-016
  2.718300000000001E-008 -6.772078049709246E-016
  2.718600000000001E-008 -6.799976078666798E-016
  2.718900000000001E-008 -6.827806983824567E-016
  2.719200000000001E-008 -6.855570765182437E-016
  2.719500000000001E-008 -6.883267743140588E-016
  2.719800000000001E-008 -6.910897917698919E-016
  2.720100000000001E-008 -6.938461288857406E-016
  2.720400000000001E-008 -6.965958177016086E-016
  2.720700000000000E-008 -6.965958177721262E-016
  2.721000000000000E-008 -6.993388582878586E-016
  2.721300000000000E-008 -7.020752665236099E-016
  2.721600000000000E-008 -7.048050584993796E-016
  2.721900000000000E-008 -7.075282342151677E-016
  2.722200000000000E-008 -7.102448096909752E-016
  2.722500000000000E-008 -7.129548169668000E-016
  2.722800000000000E-008 -7.156582240026442E-016
  2.723100000000000E-008 -7.183550948785063E-016
  2.723400000000000E-008 -7.210453975543870E-016
  2.723700000000000E-008 -7.237291640702854E-016
  2.724000000000000E-008 -7.264064104462050E-016
  2.724300000000000E-008 -7.290771527021324E-016
  2.724600000000000E-008 -7.317413748180900E-016
  2.724900000000000E-008 -7.343991088340646E-016
  2.725200000000000E-008 -7.370503547500539E-016
  2.725500000000000E-008 -7.396951446060621E-016
  2.725800000000000E-008 -7.423334784020880E-016
  2.726100000000001E-008 -7.423334784698811E-016
  2.726400000000001E-008 -7.449653562057757E-016
  2.726700000000001E-008 -7.475908099216881E-016
  2.727000000000001E-008 -7.502098396176189E-016
  2.727300000000001E-008 -7.528224613135675E-016
  2.727600000000001E-008 -7.554286750095345E-016
  2.727900000000001E-008 -7.580285127455194E-016
  2.728200000000001E-008 -7.606219745215218E-016
  2.728500000000001E-008 -7.632090603375428E-016
  2.728800000000001E-008 -7.657898022335806E-016
  2.729100000000001E-008 -7.683642002096394E-016
  2.729400000000001E-008 -7.709322702857039E-016
  2.729700000000001E-008 -7.734940124618009E-016
  2.730000000000001E-008 -7.760494587779135E-016
  2.730300000000001E-008 -7.785986092340398E-016
  2.730600000000001E-008 -7.811414638301849E-016
  2.730900000000001E-008 -7.836780546063472E-016
  2.731200000000001E-008 -7.862083815625271E-016
  2.731500000000000E-008 -7.862083816276705E-016
  2.731800000000000E-008 -7.887324447637230E-016
  2.732100000000000E-008 -7.912502921397920E-016
  2.732400000000000E-008 -7.937618917158794E-016
  2.732700000000000E-008 -7.962672755319841E-016
  2.733000000000000E-008 -7.987664596081068E-016
  2.733300000000000E-008 -8.012594599642463E-016
  2.733600000000000E-008 -8.037462605804038E-016
  2.733900000000000E-008 -8.062268934965779E-016
  2.734200000000000E-008 -8.087013747327724E-016
  2.734500000000000E-008 -8.111696882689707E-016
  2.734800000000000E-008 -8.136318661452041E-016
  2.735100000000000E-008 -8.160879243814510E-016
  2.735400000000000E-008 -8.185378629777114E-016
  2.735700000000000E-008 -8.209816979539897E-016
  2.736000000000000E-008 -8.234194453302851E-016
  2.736300000000000E-008 -8.258510890865976E-016
  2.736600000000000E-008 -8.282766772829271E-016
  2.736900000000001E-008 -8.282766773454947E-016
  2.737200000000001E-008 -8.306961939616997E-016
  2.737500000000001E-008 -8.331096550179223E-016
  2.737800000000001E-008 -8.355170925541616E-016
  2.738100000000001E-008 -8.379184905504178E-016
  2.738400000000001E-008 -8.403138650266917E-016
  2.738700000000001E-008 -8.427032480229823E-016
  2.739000000000001E-008 -8.450866235192894E-016
  2.739300000000001E-008 -8.474640235556163E-016
  2.739600000000001E-008 -8.498354321119455E-016
  2.739900000000001E-008 -8.522008812283118E-016
  2.740200000000001E-008 -8.545603869246895E-016
  2.740500000000001E-008 -8.569139492010806E-016
  2.740800000000001E-008 -8.592615680574894E-016
  2.741100000000001E-008 -8.616032755339145E-016
  2.741400000000001E-008 -8.639390716303563E-016
  2.741700000000001E-008 -8.662689723668149E-016
  2.742000000000000E-008 -8.685929777432901E-016
  2.742300000000000E-008 -8.685929778033528E-016
  2.742600000000000E-008 -8.709111038397069E-016
  2.742900000000000E-008 -8.732233665560779E-016
  2.743200000000000E-008 -8.755297819724650E-016
  2.743500000000000E-008 -8.778303340688691E-016
  2.743800000000000E-008 -8.801250548852903E-016
  2.744100000000000E-008 -8.824139604417269E-016
  2.744400000000000E-008 -8.846970507381831E-016
  2.744700000000000E-008 -8.869743257746398E-016
  2.745000000000000E-008 -8.892458015711358E-016
  2.745300000000000E-008 -8.915115101676415E-016
  2.745600000000000E-008 -8.937714515641598E-016
  2.745900000000000E-008 -8.960256097406958E-016
  2.746200000000000E-008 -8.982740327572477E-016
  2.746500000000000E-008 -9.005167045938156E-016
  2.746800000000000E-008 -9.027536572904001E-016
  2.747100000000000E-008 -9.049848748270007E-016
  2.747400000000001E-008 -9.072104052636171E-016
  2.747700000000001E-008 -9.094302165602500E-016
  2.748000000000001E-008 -9.094302166177439E-016
  2.748300000000001E-008 -9.116443408142592E-016
  2.748600000000001E-008 -9.138527939307905E-016
  2.748900000000001E-008 -9.160555759673379E-016
  2.749200000000001E-008 -9.182526869239018E-016
  2.749500000000001E-008 -9.204441748604837E-016
  2.749800000000001E-008 -9.226300077370655E-016
  2.750100000000001E-008 -9.248102175936878E-016
  2.750400000000001E-008 -9.269848044303180E-016
  2.750700000000001E-008 -9.291538002869608E-016
  2.751000000000001E-008 -9.313171891436207E-016
  2.751300000000001E-008 -9.334749870202961E-016
  2.751600000000001E-008 -9.356272099369875E-016
  2.751900000000001E-008 -9.377738739136947E-016
  2.752200000000001E-008 -9.399149789504174E-016
  2.752500000000001E-008 -9.420505250471562E-016
  2.752800000000000E-008 -9.441805602639102E-016
  2.753100000000000E-008 -9.463050525606801E-016
  2.753400000000000E-008 -9.463050526158108E-016
  2.753700000000000E-008 -9.484240340324660E-016
  2.754000000000000E-008 -9.505375045691377E-016
  2.754300000000000E-008 -9.526454802458253E-016
  2.754600000000000E-008 -9.547479770825275E-016
  2.754900000000000E-008 -9.568449950792482E-016
  2.755200000000000E-008 -9.589365502559686E-016
  2.755500000000000E-008 -9.610226426127285E-016
  2.755800000000000E-008 -9.631033041894957E-016
  2.756100000000000E-008 -9.651785189662756E-016
  2.756400000000000E-008 -9.672483029630720E-016
  2.756700000000000E-008 -9.693126721998835E-016
  2.757000000000000E-008 -9.713716426967103E-016
  2.757300000000000E-008 -9.734252144535523E-016
  2.757600000000000E-008 -9.754734034904100E-016
  2.757900000000000E-008 -9.775162098072829E-016
  2.758200000000001E-008 -9.795536494241708E-016
  2.758500000000001E-008 -9.815857383610738E-016
  2.758800000000001E-008 -9.815857384139070E-016
  2.759100000000001E-008 -9.836124766706993E-016
  2.759400000000001E-008 -9.856338802675070E-016
  2.759700000000001E-008 -9.876499492043294E-016
  2.760000000000001E-008 -9.896607155211695E-016
  2.760300000000001E-008 -9.916661631980085E-016
  2.760600000000001E-008 -9.936663082548881E-016
  2.760900000000001E-008 -9.956611667117734E-016
  2.761200000000001E-008 -9.976507385686717E-016
  2.761500000000001E-008 -9.996350558655854E-016
  2.761800000000001E-008 -1.001614102582514E-015
  2.762100000000001E-008 -1.003587910759458E-015
  2.762400000000001E-008 -1.005556480396417E-015
  2.762700000000001E-008 -1.007519811493390E-015
  2.763000000000001E-008 -1.009477920070379E-015
  2.763300000000001E-008 -1.011430806127382E-015
  2.763600000000000E-008 -1.013378501704400E-015
  2.763900000000000E-008 -1.015321006801433E-015
  2.764200000000000E-008 -1.015321006852033E-015
  2.764500000000000E-008 -1.017258321468958E-015
  2.764800000000000E-008 -1.019190477645897E-015
  2.765100000000000E-008 -1.021117459362854E-015
  2.765400000000000E-008 -1.023039282639809E-015
  2.765700000000000E-008 -1.024955963496806E-015
  2.766000000000000E-008 -1.026867517953806E-015
  2.766300000000000E-008 -1.028773929990819E-015
  2.766600000000000E-008 -1.030675231647848E-015
  2.766900000000000E-008 -1.032571422924891E-015
  2.767200000000000E-008 -1.034462519841949E-015
  2.767500000000000E-008 -1.036348538419021E-015
  2.767800000000000E-008 -1.038229462636108E-015
  2.768100000000000E-008 -1.040105324533209E-015
  2.768400000000000E-008 -1.041976124110325E-015
  2.768700000000000E-008 -1.043841861367455E-015
  2.769000000000001E-008 -1.045702568344600E-015
  2.769300000000001E-008 -1.047558229021759E-015
  2.769600000000001E-008 -1.047558229070188E-015
  2.769900000000001E-008 -1.049408875487242E-015
  2.770200000000001E-008 -1.051254507644312E-015
  2.770500000000001E-008 -1.053095141561381E-015
  2.770800000000001E-008 -1.054930777238490E-015
  2.771100000000001E-008 -1.056761414675604E-015
  2.771400000000001E-008 -1.058587085912729E-015
  2.771700000000001E-008 -1.060407774929870E-015
  2.772000000000001E-008 -1.062223513767024E-015
  2.772300000000001E-008 -1.064034302424193E-015
  2.772600000000001E-008 -1.065840140901376E-015
  2.772900000000001E-008 -1.067641061238573E-015
  2.773200000000001E-008 -1.069437047415785E-015
  2.773500000000001E-008 -1.071228131473010E-015
  2.773800000000001E-008 -1.073014297390250E-015
  2.774100000000001E-008 -1.074795577207503E-015
  2.774400000000000E-008 -1.076571970924771E-015
  2.774700000000000E-008 -1.078343478542052E-015
  2.775000000000000E-008 -1.078343478588373E-015
  2.775300000000000E-008 -1.080110116125553E-015
  2.775600000000000E-008 -1.081871899602732E-015
  2.775900000000000E-008 -1.083628829019953E-015
  2.776200000000000E-008 -1.085380920397175E-015
  2.776500000000000E-008 -1.087128173734411E-015
  2.776800000000000E-008 -1.088870621071661E-015
  2.777100000000000E-008 -1.090608230368924E-015
  2.777400000000000E-008 -1.092341033666202E-015
  2.777700000000000E-008 -1.094069063003493E-015
  2.778000000000000E-008 -1.095792286340797E-015
  2.778300000000000E-008 -1.097510719698116E-015
  2.778600000000000E-008 -1.099224395115449E-015
  2.778900000000000E-008 -1.100933312592795E-015
  2.779200000000000E-008 -1.102637472130154E-015
  2.779500000000001E-008 -1.104336889747528E-015
  2.779800000000001E-008 -1.106031565444915E-015
  2.780100000000001E-008 -1.107721515242315E-015
  2.780400000000001E-008 -1.107721515286587E-015
  2.780700000000001E-008 -1.109406755203874E-015
  2.781000000000001E-008 -1.111087269221203E-015
  2.781300000000001E-008 -1.112763089378533E-015
  2.781600000000001E-008 -1.114434231695875E-015
  2.781900000000001E-008 -1.116100680153231E-015
  2.782200000000001E-008 -1.117762450770600E-015
  2.782500000000001E-008 -1.119419559567983E-015
  2.782800000000001E-008 -1.121072006545380E-015
  2.783100000000001E-008 -1.122719807722790E-015
  2.783400000000001E-008 -1.124362963100213E-015
  2.783700000000001E-008 -1.126001488697650E-015
  2.784000000000001E-008 -1.127635400535100E-015
  2.784300000000001E-008 -1.129264682592563E-015
  2.784600000000001E-008 -1.130889366910040E-015
  2.784900000000001E-008 -1.132509453487530E-015
  2.785200000000000E-008 -1.134124958345033E-015
  2.785500000000000E-008 -1.135735881482549E-015
  2.785800000000000E-008 -1.137342222900079E-015
  2.786100000000000E-008 -1.137342222942249E-015
  2.786400000000000E-008 -1.138944014679683E-015
  2.786700000000000E-008 -1.140541240717129E-015
  2.787000000000000E-008 -1.142133917074589E-015
  2.787300000000000E-008 -1.143722059772062E-015
  2.787600000000000E-008 -1.145305684829549E-015
  2.787900000000000E-008 -1.146884776227048E-015
  2.788200000000000E-008 -1.148459349984560E-015
  2.788500000000000E-008 -1.150029422122086E-015
  2.788800000000000E-008 -1.151595008659624E-015
  2.789100000000000E-008 -1.153156109597175E-015
  2.789400000000000E-008 -1.154712708914740E-015
  2.789700000000000E-008 -1.156264854672317E-015
  2.790000000000000E-008 -1.157812546869907E-015
  2.790300000000001E-008 -1.159355769487511E-015
  2.790600000000001E-008 -1.160894538545125E-015
  2.790900000000001E-008 -1.162428886082754E-015
  2.791200000000001E-008 -1.163958796080397E-015
  2.791500000000001E-008 -1.163958796120636E-015
  2.791800000000001E-008 -1.165484284598184E-015
  2.792100000000001E-008 -1.167005367575745E-015
  2.792400000000001E-008 -1.168522045053319E-015
  2.792700000000001E-008 -1.170034317030906E-015
  2.793000000000001E-008 -1.171542199528505E-015
  2.793300000000001E-008 -1.173045708566117E-015
  2.793600000000001E-008 -1.174544844143743E-015
  2.793900000000001E-008 -1.176039622281380E-015
  2.794200000000001E-008 -1.177530042979030E-015
  2.794500000000001E-008 -1.179016106236694E-015
  2.794800000000001E-008 -1.180497844094369E-015
  2.795100000000001E-008 -1.181975240532057E-015
  2.795400000000001E-008 -1.183448311569758E-015
  2.795700000000000E-008 -1.184917073227469E-015
  2.796000000000000E-008 -1.186381525505195E-015
  2.796300000000000E-008 -1.187841668402934E-015
  2.796600000000000E-008 -1.189297533960685E-015
  2.796900000000000E-008 -1.189297533999048E-015
  2.797200000000000E-008 -1.190749122216707E-015
  2.797500000000000E-008 -1.192196417074379E-015
  2.797800000000000E-008 -1.193639450612065E-015
  2.798100000000000E-008 -1.195078238849762E-015
  2.798400000000000E-008 -1.196512765767471E-015
  2.798700000000000E-008 -1.197943047385193E-015
  2.799000000000000E-008 -1.199369083702928E-015
  2.799300000000000E-008 -1.200790906760675E-015
  2.799600000000000E-008 -1.202208516558434E-015
  2.799900000000000E-008 -1.203621897076205E-015
  2.800200000000000E-008 -1.205031080353988E-015
  2.800500000000000E-008 -1.206436066391784E-015
  2.800800000000001E-008 -1.207836871209592E-015
  2.801100000000001E-008 -1.209233494807410E-015
  2.801400000000001E-008 -1.210625953205243E-015
  2.801700000000001E-008 -1.212014230383088E-015
  2.802000000000001E-008 -1.213398358380944E-015
  2.802300000000001E-008 -1.213398358417484E-015
  2.802600000000001E-008 -1.214778337235253E-015
  2.802900000000001E-008 -1.216154182893033E-015
  2.803200000000001E-008 -1.217525879370825E-015
  2.803500000000001E-008 -1.218893458708630E-015
  2.803800000000001E-008 -1.220256920906447E-015
  2.804100000000001E-008 -1.221616265964276E-015
  2.804400000000001E-008 -1.222971525922116E-015
  2.804700000000001E-008 -1.224322668739969E-015
  2.805000000000001E-008 -1.225669742477833E-015
  2.805300000000001E-008 -1.227012731115710E-015
  2.805600000000001E-008 -1.228351650673598E-015
  2.805900000000001E-008 -1.229686501151500E-015
  2.806200000000001E-008 -1.231017298569408E-015
  2.806500000000000E-008 -1.232344042927334E-015
  2.806800000000000E-008 -1.233666750245270E-015
  2.807100000000000E-008 -1.234985420523217E-015
  2.807400000000000E-008 -1.236300069781176E-015
  2.807700000000000E-008 -1.236300069815946E-015
  2.808000000000000E-008 -1.237610698053820E-015
  2.808300000000000E-008 -1.238917321291705E-015
  2.808600000000000E-008 -1.240219923509603E-015
  2.808900000000000E-008 -1.241518552767511E-015
  2.809200000000000E-008 -1.242813177025432E-015
  2.809500000000000E-008 -1.244103828323364E-015
  2.809800000000000E-008 -1.245390506661308E-015
  2.810100000000000E-008 -1.246673212039264E-015
  2.810400000000000E-008 -1.247951960477231E-015
  2.810700000000000E-008 -1.249226767995209E-015
  2.811000000000000E-008 -1.250497618573201E-015
  2.811300000000000E-008 -1.251764544251199E-015
  2.811600000000001E-008 -1.253027545029214E-015
  2.811900000000001E-008 -1.254286620907240E-015
  2.812200000000001E-008 -1.255541771885276E-015
  2.812500000000001E-008 -1.256793030003323E-015
  2.812800000000001E-008 -1.258040379241382E-015
  2.813100000000001E-008 -1.258040379274433E-015
  2.813400000000001E-008 -1.259283851672409E-015
  2.813700000000001E-008 -1.260523415190397E-015
  2.814000000000001E-008 -1.261759117888396E-015
  2.814300000000001E-008 -1.262990959766406E-015
  2.814600000000001E-008 -1.264218924804427E-015
  2.814900000000001E-008 -1.265443045042460E-015
  2.815200000000001E-008 -1.266663304460504E-015
  2.815500000000001E-008 -1.267879735098560E-015
  2.815800000000001E-008 -1.269092320936627E-015
  2.816100000000001E-008 -1.270301094014706E-015
  2.816400000000001E-008 -1.271506038312791E-015
  2.816700000000001E-008 -1.272707185870894E-015
  2.817000000000001E-008 -1.273904520669007E-015
  2.817300000000000E-008 -1.275098058727129E-015
  2.817600000000000E-008 -1.276287800045263E-015
  2.817900000000000E-008 -1.277473760643408E-015
  2.818200000000000E-008 -1.278655956541564E-015
  2.818500000000000E-008 -1.278655956572945E-015
  2.818800000000000E-008 -1.279834371751020E-015
  2.819100000000000E-008 -1.281009038249107E-015
  2.819400000000000E-008 -1.282179940047204E-015
  2.819700000000000E-008 -1.283347093165313E-015
  2.820000000000000E-008 -1.284510513623433E-015
  2.820300000000000E-008 -1.285670201421564E-015
  2.820600000000000E-008 -1.286826172579705E-015
  2.820900000000000E-008 -1.287978411077857E-015
  2.821200000000000E-008 -1.289126932936023E-015
  2.821500000000000E-008 -1.290271770194192E-015
  2.821800000000000E-008 -1.291412890812380E-015
  2.822100000000001E-008 -1.292550326830578E-015
  2.822400000000001E-008 -1.293684094268785E-015
  2.822700000000001E-008 -1.294814177107003E-015
  2.823000000000001E-008 -1.295940575345231E-015
  2.823300000000001E-008 -1.297063321023471E-015
  2.823600000000001E-008 -1.298182414141721E-015
  2.823900000000001E-008 -1.298182414171481E-015
  2.824200000000001E-008 -1.299297854729653E-015
  2.824500000000001E-008 -1.300409658747836E-015
  2.824800000000001E-008 -1.301517826226030E-015
  2.825100000000001E-008 -1.302622373184233E-015
  2.825400000000001E-008 -1.303723283602448E-015
  2.825700000000001E-008 -1.304820589520674E-015
  2.826000000000001E-008 -1.305914290938911E-015
  2.826300000000001E-008 -1.307004387857159E-015
  2.826600000000001E-008 -1.308090896295410E-015
  2.826900000000001E-008 -1.309173816253682E-015
  2.827200000000001E-008 -1.310253147731963E-015
  2.827500000000001E-008 -1.311328922770251E-015
  2.827800000000001E-008 -1.312401125348551E-015
  2.828100000000000E-008 -1.313469755466862E-015
  2.828400000000000E-008 -1.314534845165183E-015
  2.828700000000000E-008 -1.315596394443514E-015
  2.829000000000000E-008 -1.316654403301855E-015
  2.829300000000000E-008 -1.317708871740207E-015
  2.829600000000000E-008 -1.317708871768308E-015
  2.829900000000000E-008 -1.318759815806584E-015
  2.830200000000000E-008 -1.319807251464870E-015
  2.830500000000000E-008 -1.320851162723167E-015
  2.830800000000000E-008 -1.321891565601475E-015
  2.831100000000000E-008 -1.322928492139793E-015
  2.831400000000000E-008 -1.323961910298122E-015
  2.831700000000000E-008 -1.324991852116455E-015
  2.832000000000000E-008 -1.326018301574808E-015
  2.832300000000000E-008 -1.327041290713168E-015
  2.832600000000000E-008 -1.328060803511537E-015
  2.832900000000001E-008 -1.329076872009917E-015
  2.833200000000001E-008 -1.330089480188307E-015
  2.833500000000001E-008 -1.331098644066707E-015
  2.833800000000001E-008 -1.332104379665117E-015
  2.834100000000001E-008 -1.333106670963537E-015
  2.834400000000001E-008 -1.334105550001968E-015
  2.834700000000001E-008 -1.335101000760408E-015
  2.835000000000001E-008 -1.335101000786984E-015
  2.835300000000001E-008 -1.336093039285350E-015
  2.835600000000001E-008 -1.337081665523728E-015
  2.835900000000001E-008 -1.338066895522116E-015
  2.836200000000001E-008 -1.339048745300512E-015
  2.836500000000001E-008 -1.340027198838921E-015
  2.836800000000001E-008 -1.341002272157332E-015
  2.837100000000001E-008 -1.341973965255764E-015
  2.837400000000001E-008 -1.342942310174202E-015
  2.837700000000001E-008 -1.343907274872650E-015
  2.838000000000001E-008 -1.344868907411107E-015
  2.838300000000001E-008 -1.345827175749575E-015
  2.838600000000000E-008 -1.346782111928052E-015
  2.838900000000000E-008 -1.347733699926539E-015
  2.839200000000000E-008 -1.348681971785036E-015
  2.839500000000000E-008 -1.349626927503543E-015
  2.839800000000000E-008 -1.350568551062060E-015
  2.840100000000000E-008 -1.351506874500586E-015
  2.840400000000000E-008 -1.351506874525682E-015
  2.840700000000000E-008 -1.352441897844136E-015
  2.841000000000000E-008 -1.353373621042601E-015
  2.841300000000000E-008 -1.354302060141076E-015
  2.841600000000000E-008 -1.355227215139561E-015
  2.841900000000000E-008 -1.356149086038049E-015
  2.842200000000000E-008 -1.357067688856559E-015
  2.842500000000000E-008 -1.357983039615073E-015
  2.842800000000000E-008 -1.358895106273597E-015
  2.843100000000000E-008 -1.359803936892130E-015
  2.843400000000001E-008 -1.360709531470673E-015
  2.843700000000001E-008 -1.361611873989225E-015
  2.844000000000001E-008 -1.362510980467788E-015
  2.844300000000001E-008 -1.363406866926359E-015
  2.844600000000001E-008 -1.364299533364941E-015
  2.844900000000001E-008 -1.365188979783532E-015
  2.845200000000001E-008 -1.366075222202132E-015
  2.845500000000001E-008 -1.366958260620742E-015
  2.845800000000001E-008 -1.366958260644400E-015
  2.846100000000001E-008 -1.367838095062941E-015
  2.846400000000001E-008 -1.368714757521491E-015
  2.846700000000001E-008 -1.369588215980051E-015
  2.847000000000001E-008 -1.370458518498621E-015
  2.847300000000001E-008 -1.371325633037193E-015
  2.847600000000001E-008 -1.372189591635787E-015
  2.847900000000001E-008 -1.373050378274385E-015
  2.848200000000001E-008 -1.373908024992992E-015
  2.848500000000001E-008 -1.374762531791608E-015
  2.848800000000001E-008 -1.375613882650234E-015
  2.849100000000001E-008 -1.376462109608870E-015
  2.849400000000000E-008 -1.377307196647514E-015
  2.849700000000000E-008 -1.378149175806168E-015
  2.850000000000000E-008 -1.378988031064831E-015
  2.850300000000000E-008 -1.379823762423503E-015
  2.850600000000000E-008 -1.380656401922186E-015
  2.850900000000000E-008 -1.381485949560876E-015
  2.851200000000000E-008 -1.381485949583141E-015
  2.851500000000000E-008 -1.382312405361764E-015
  2.851800000000000E-008 -1.383135769280397E-015
  2.852100000000000E-008 -1.383956041339040E-015
  2.852400000000000E-008 -1.384773253577685E-015
  2.852700000000000E-008 -1.385587389976351E-015
  2.853000000000000E-008 -1.386398466555022E-015
  2.853300000000000E-008 -1.387206499333701E-015
  2.853600000000000E-008 -1.388011472292388E-015
  2.853900000000000E-008 -1.388813385431086E-015
  2.854200000000001E-008 -1.389612286809793E-015
  2.854500000000001E-008 -1.390408144388508E-015
  2.854800000000001E-008 -1.391200958167233E-015
  2.855100000000001E-008 -1.391990776205966E-015
  2.855400000000001E-008 -1.392777566464709E-015
  2.855700000000001E-008 -1.393561344963460E-015
  2.856000000000001E-008 -1.394342127722221E-015
  2.856300000000001E-008 -1.395119914740990E-015
  2.856600000000001E-008 -1.395119914761902E-015
  2.856900000000001E-008 -1.395894706040606E-015
  2.857200000000001E-008 -1.396666517599319E-015
  2.857500000000001E-008 -1.397435333418036E-015
  2.857800000000001E-008 -1.398201185536773E-015
  2.858100000000001E-008 -1.398964073955513E-015
  2.858400000000001E-008 -1.399723998674262E-015
  2.858700000000001E-008 -1.400480959693020E-015
  2.859000000000001E-008 -1.401234973031787E-015
  2.859300000000001E-008 -1.401986038690563E-015
  2.859600000000001E-008 -1.402734172689348E-015
  2.859900000000001E-008 -1.403479375028141E-015
  2.860200000000000E-008 -1.404221645706943E-015
  2.860500000000000E-008 -1.404960984725754E-015
  2.860800000000000E-008 -1.405697408104574E-015
  2.861100000000000E-008 -1.406430931863402E-015
  2.861400000000000E-008 -1.407161539982239E-015
  2.861700000000000E-008 -1.407889264501085E-015
  2.862000000000000E-008 -1.407889264520684E-015
  2.862300000000000E-008 -1.408614073399467E-015
  2.862600000000000E-008 -1.409336014698252E-015
  2.862900000000000E-008 -1.410055056377058E-015
  2.863200000000000E-008 -1.410771230475867E-015
  2.863500000000000E-008 -1.411484536994684E-015
  2.863800000000000E-008 -1.412194975933510E-015
  2.864100000000000E-008 -1.412902547292345E-015
  2.864400000000000E-008 -1.413607267091188E-015
  2.864700000000000E-008 -1.414309151350040E-015
  2.865000000000001E-008 -1.415008184048900E-015
  2.865300000000001E-008 -1.415704365187769E-015
  2.865600000000001E-008 -1.416397726806647E-015
  2.865900000000001E-008 -1.417088268905533E-015
  2.866200000000001E-008 -1.417775991484427E-015
  2.866500000000001E-008 -1.418460878523330E-015
  2.866800000000001E-008 -1.419142978082241E-015
  2.867100000000001E-008 -1.419822258121161E-015
  2.867400000000001E-008 -1.420498750680089E-015
  2.867700000000001E-008 -1.420498750698340E-015
  2.868000000000001E-008 -1.421172439757212E-015
  2.868300000000001E-008 -1.421843341336088E-015
  2.868600000000001E-008 -1.422511471454972E-015
  2.868900000000001E-008 -1.423176814093864E-015
  2.869200000000001E-008 -1.423839401292764E-015
  2.869500000000001E-008 -1.424499201011674E-015
  2.869800000000001E-008 -1.425156261310591E-015
  2.870100000000001E-008 -1.425810550149517E-015
  2.870400000000001E-008 -1.426462099568451E-015
  2.870700000000001E-008 -1.427110893547393E-015
  2.871000000000000E-008 -1.427756964126344E-015
  2.871300000000000E-008 -1.428400295285303E-015
  2.871600000000000E-008 -1.429040903044269E-015
  2.871900000000000E-008 -1.429678771383245E-015
  2.872200000000000E-008 -1.430313948362228E-015
  2.872500000000000E-008 -1.430946385921220E-015
  2.872800000000000E-008 -1.431576132120219E-015
  2.873100000000000E-008 -1.431576132137243E-015
  2.873400000000000E-008 -1.432203186976183E-015
  2.873700000000000E-008 -1.432827534435132E-015
  2.874000000000000E-008 -1.433449190534089E-015
  2.874300000000000E-008 -1.434068171293054E-015
  2.874600000000000E-008 -1.434684460692027E-015
  2.874900000000000E-008 -1.435298074751008E-015
  2.875200000000000E-008 -1.435909029489997E-015
  2.875500000000001E-008 -1.436517308888994E-015
  2.875800000000001E-008 -1.437122944988000E-015
  2.876100000000001E-008 -1.437725921767013E-015
  2.876400000000001E-008 -1.438326255246035E-015
  2.876700000000001E-008 -1.438923929405064E-015
  2.877000000000001E-008 -1.439518976284101E-015
  2.877300000000001E-008 -1.440111395883147E-015
  2.877600000000001E-008 -1.440701188202200E-015
  2.877900000000001E-008 -1.441288353241261E-015
  2.878200000000001E-008 -1.441872907020331E-015
  2.878500000000001E-008 -1.441872907036159E-015
  2.878800000000001E-008 -1.442454833535170E-015
  2.879100000000001E-008 -1.443034164794190E-015
  2.879400000000001E-008 -1.443610900813218E-015
  2.879700000000001E-008 -1.444185041592253E-015
  2.880000000000001E-008 -1.444756587131296E-015
  2.880300000000001E-008 -1.445325537430347E-015
  2.880600000000001E-008 -1.445891924529406E-015
  2.880900000000001E-008 -1.446455732408473E-015
  2.881200000000001E-008 -1.447016961067548E-015
  2.881500000000001E-008 -1.447575626526630E-015
  2.881800000000000E-008 -1.448131744805721E-015
  2.882100000000000E-008 -1.448685299884818E-015
  2.882400000000000E-008 -1.449236291763924E-015
  2.882700000000000E-008 -1.449784752483037E-015
  2.883000000000000E-008 -1.450330682042158E-015
  2.883300000000000E-008 -1.450874064421287E-015
  2.883600000000000E-008 -1.451414915640424E-015
  2.883900000000000E-008 -1.451414915655093E-015
  2.884200000000000E-008 -1.451953251734174E-015
  2.884500000000000E-008 -1.452489072673262E-015
  2.884800000000000E-008 -1.453022362452358E-015
  2.885100000000000E-008 -1.453553153111462E-015
  2.885400000000000E-008 -1.454081444650573E-015
  2.885700000000000E-008 -1.454607221049692E-015
  2.886000000000000E-008 -1.455130514348819E-015
  2.886300000000001E-008 -1.455651324547953E-015
  2.886600000000001E-008 -1.456169635627095E-015
  2.886900000000001E-008 -1.456685479626244E-015
  2.887200000000001E-008 -1.457198840525401E-015
  2.887500000000001E-008 -1.457709734344566E-015
  2.887800000000001E-008 -1.458218177103736E-015
  2.888100000000001E-008 -1.458724136762916E-015
  2.888400000000001E-008 -1.459227661382104E-015
  2.888700000000001E-008 -1.459728718921298E-015
  2.889000000000001E-008 -1.460227341420500E-015
  2.889300000000001E-008 -1.460227341434046E-015
  2.889600000000001E-008 -1.460723528893193E-015
  2.889900000000001E-008 -1.461217281312348E-015
  2.890200000000001E-008 -1.461708598691510E-015
  2.890500000000001E-008 -1.462197481030681E-015
  2.890800000000001E-008 -1.462683960369858E-015
  2.891100000000001E-008 -1.463168020689043E-015
  2.891400000000001E-008 -1.463649661988235E-015
  2.891700000000001E-008 -1.464128900287435E-015
  2.892000000000001E-008 -1.464605751606641E-015
  2.892300000000000E-008 -1.465080183905856E-015
  2.892600000000000E-008 -1.465552245245077E-015
  2.892900000000000E-008 -1.466021903584307E-015
  2.893200000000000E-008 -1.466489190963541E-015
  2.893500000000000E-008 -1.466954091362786E-015
  2.893800000000000E-008 -1.467416636822036E-015
  2.894100000000000E-008 -1.467876795301294E-015
  2.894400000000000E-008 -1.468334614860559E-015
  2.894700000000000E-008 -1.468334614873015E-015
  2.895000000000000E-008 -1.468790047452228E-015
  2.895300000000000E-008 -1.469243157131448E-015
  2.895600000000000E-008 -1.469693895850675E-015
  2.895900000000000E-008 -1.470142295649909E-015
  2.896200000000000E-008 -1.470588356529151E-015
  2.896500000000000E-008 -1.471032094508399E-015
  2.896800000000001E-008 -1.471473493567655E-015
  2.897100000000001E-008 -1.471912569726918E-015
  2.897400000000001E-008 -1.472349322986188E-015
  2.897700000000001E-008 -1.472783769365466E-015
  2.898000000000001E-008 -1.473215908864750E-015
  2.898300000000001E-008 -1.473645725464040E-015
  2.898600000000001E-008 -1.474073251203339E-015
  2.898900000000001E-008 -1.474498470062645E-015
  2.899200000000001E-008 -1.474921414081957E-015
  2.899500000000001E-008 -1.475342067241277E-015
  2.899800000000001E-008 -1.475760429540603E-015
  2.900100000000001E-008 -1.475760429552004E-015
  2.900400000000001E-008 -1.476176517011279E-015
  2.900700000000001E-008 -1.476590329630562E-015
  2.901000000000001E-008 -1.477001867409852E-015
  2.901300000000001E-008 -1.477411162389148E-015
  2.901600000000001E-008 -1.477818182528452E-015
  2.901900000000001E-008 -1.478222943847762E-015
  2.902200000000001E-008 -1.478625462367080E-015
  2.902500000000001E-008 -1.479025738086404E-015
  2.902800000000001E-008 -1.479423754985735E-015
  2.903100000000000E-008 -1.479819545105074E-015
  2.903400000000000E-008 -1.480213108444417E-015
  2.903700000000000E-008 -1.480604445003770E-015
  2.904000000000000E-008 -1.480993554783129E-015
  2.904300000000000E-008 -1.481380453802495E-015
  2.904600000000000E-008 -1.481765126041867E-015
  2.904900000000000E-008 -1.482147587521246E-015
  2.905200000000000E-008 -1.482527854260632E-015
  2.905500000000000E-008 -1.482905910240025E-015
  2.905800000000000E-008 -1.482905910250346E-015
  2.906100000000000E-008 -1.483281787509690E-015
  2.906400000000000E-008 -1.483655454009040E-015
  2.906700000000000E-008 -1.484026941788397E-015
  2.907000000000000E-008 -1.484396250847761E-015
  2.907300000000000E-008 -1.484763381187131E-015
  2.907600000000001E-008 -1.485128332806508E-015
  2.907900000000001E-008 -1.485491105705893E-015
  2.908200000000001E-008 -1.485851731925283E-015
  2.908500000000001E-008 -1.486210179424680E-015
  2.908800000000001E-008 -1.486566496264084E-015
  2.909100000000001E-008 -1.486920634383495E-015
  2.909400000000001E-008 -1.487272641842912E-015
  2.909700000000001E-008 -1.487622502622336E-015
  2.910000000000001E-008 -1.487970216721767E-015
  2.910300000000001E-008 -1.488315816181204E-015
  2.910600000000001E-008 -1.488659268960647E-015
  2.910900000000001E-008 -1.489000607100097E-015
  2.911200000000001E-008 -1.489000607109429E-015
  2.911500000000001E-008 -1.489339814588831E-015
  2.911800000000001E-008 -1.489676907428240E-015
  2.912100000000001E-008 -1.490011885627656E-015
  2.912400000000001E-008 -1.490344765207079E-015
  2.912700000000001E-008 -1.490675546166507E-015
  2.913000000000001E-008 -1.491004212485942E-015
  2.913300000000001E-008 -1.491330796205384E-015
  2.913600000000001E-008 -1.491655281304830E-015
  2.913900000000000E-008 -1.491977667784286E-015
  2.914200000000000E-008 -1.492297987683748E-015
  2.914500000000000E-008 -1.492616241003215E-015
  2.914800000000000E-008 -1.492932395702689E-015
  2.915100000000000E-008 -1.493246499842169E-015
  2.915400000000000E-008 -1.493558537401656E-015
  2.915700000000000E-008 -1.493868508381149E-015
  2.916000000000000E-008 -1.494176412780649E-015
  2.916300000000000E-008 -1.494482282640154E-015
  2.916600000000000E-008 -1.494482282648527E-015
  2.916900000000000E-008 -1.494786101947987E-015
  2.917200000000000E-008 -1.495087870687453E-015
  2.917500000000000E-008 -1.495387588866925E-015
  2.917800000000000E-008 -1.495685288526404E-015
  2.918100000000001E-008 -1.495980953645889E-015
  2.918400000000001E-008 -1.496274600245381E-015
  2.918700000000001E-008 -1.496566212304876E-015
  2.919000000000001E-008 -1.496855805844382E-015
  2.919300000000001E-008 -1.497143380863892E-015
  2.919600000000001E-008 -1.497428953383409E-015
  2.919900000000001E-008 -1.497712523402931E-015
  2.920200000000001E-008 -1.497994090922460E-015
  2.920500000000001E-008 -1.498273655941995E-015
  2.920800000000001E-008 -1.498551218461536E-015
  2.921100000000001E-008 -1.498826810521084E-015
  2.921400000000001E-008 -1.499100400080637E-015
  2.921700000000001E-008 -1.499372019180197E-015
  2.922000000000001E-008 -1.499372019187641E-015
  2.922300000000001E-008 -1.499641651807157E-015
  2.922600000000001E-008 -1.499909329986678E-015
  2.922900000000001E-008 -1.500175021686205E-015
  2.923200000000001E-008 -1.500438742925739E-015
  2.923500000000001E-008 -1.500700525745278E-015
  2.923800000000001E-008 -1.500960338104822E-015
  2.924100000000001E-008 -1.501218196024375E-015
  2.924400000000001E-008 -1.501474099503934E-015
  2.924700000000000E-008 -1.501728080583497E-015
  2.925000000000000E-008 -1.501980107223067E-015
  2.925300000000000E-008 -1.502230195442644E-015
  2.925600000000000E-008 -1.502478345242226E-015
  2.925900000000000E-008 -1.502724572641814E-015
  2.926200000000000E-008 -1.502968877641408E-015
  2.926500000000000E-008 -1.503211260241008E-015
  2.926800000000000E-008 -1.503451736460614E-015
  2.927100000000000E-008 -1.503690290280225E-015
  2.927400000000000E-008 -1.503690290286771E-015
  2.927700000000000E-008 -1.503926937726340E-015
  2.928000000000000E-008 -1.504161678785914E-015
  2.928300000000000E-008 -1.504394513465495E-015
  2.928600000000000E-008 -1.504625457785082E-015
  2.928900000000001E-008 -1.504854511744672E-015
  2.929200000000001E-008 -1.505081675344272E-015
  2.929500000000001E-008 -1.505306964603877E-015
  2.929800000000001E-008 -1.505530363503487E-015
  2.930100000000001E-008 -1.505751888063103E-015
  2.930400000000001E-008 -1.505971538282725E-015
  2.930700000000001E-008 -1.506189314162353E-015
  2.931000000000001E-008 -1.506405231721986E-015
  2.931300000000001E-008 -1.506619274941626E-015
  2.931600000000001E-008 -1.506831475861271E-015
  2.931900000000001E-008 -1.507041818460922E-015
  2.932200000000001E-008 -1.507250318760579E-015
  2.932500000000001E-008 -1.507456960740241E-015
  2.932800000000001E-008 -1.507456960745916E-015
  2.933100000000001E-008 -1.507661760425537E-015
  2.933400000000001E-008 -1.507864733825163E-015
  2.933700000000001E-008 -1.508065864924795E-015
  2.934000000000001E-008 -1.508265169744433E-015
  2.934300000000001E-008 -1.508462648284076E-015
  2.934600000000001E-008 -1.508658316563726E-015
  2.934900000000001E-008 -1.508852142543382E-015
  2.935200000000000E-008 -1.509044174283042E-015
  2.935500000000000E-008 -1.509234379742709E-015
  2.935800000000000E-008 -1.509422790962381E-015
  2.936100000000000E-008 -1.509609391922059E-015
  2.936400000000000E-008 -1.509794182621743E-015
  2.936700000000000E-008 -1.509977195101432E-015
  2.937000000000000E-008 -1.510158413341126E-015
  2.937300000000000E-008 -1.510337837340827E-015
  2.937600000000000E-008 -1.510515467100533E-015
  2.937900000000000E-008 -1.510691334660244E-015
  2.938200000000000E-008 -1.510691334665076E-015
  2.938500000000000E-008 -1.510865424004747E-015
  2.938800000000000E-008 -1.511037735124423E-015
  2.939100000000000E-008 -1.511208268024106E-015
  2.939400000000000E-008 -1.511377038723793E-015
  2.939700000000001E-008 -1.511544063243487E-015
  2.940000000000001E-008 -1.511709309543186E-015
  2.940300000000001E-008 -1.511872809662890E-015
  2.940600000000001E-008 -1.512034563602600E-015
  2.940900000000001E-008 -1.512194571362316E-015
  2.941200000000001E-008 -1.512352832942037E-015
  2.941500000000001E-008 -1.512509348341763E-015
  2.941800000000001E-008 -1.512664133581495E-015
  2.942100000000001E-008 -1.512817188661232E-015
  2.942400000000001E-008 -1.512968513580975E-015
  2.942700000000001E-008 -1.513118108340723E-015
  2.943000000000001E-008 -1.513265988960476E-015
  2.943300000000001E-008 -1.513412139420235E-015
  2.943600000000001E-008 -1.513412139424252E-015
  2.943900000000001E-008 -1.513556591763971E-015
  2.944200000000001E-008 -1.513699329963696E-015
  2.944500000000001E-008 -1.513840354023426E-015
  2.944800000000001E-008 -1.513979679963163E-015
  2.945100000000001E-008 -1.514117307782904E-015
  2.945400000000001E-008 -1.514253237482651E-015
  2.945700000000001E-008 -1.514387469062403E-015
  2.946000000000000E-008 -1.514520018542161E-015
  2.946300000000000E-008 -1.514650885921924E-015
  2.946600000000000E-008 -1.514780071201691E-015
  2.946900000000000E-008 -1.514907574381465E-015
  2.947200000000000E-008 -1.515033411481244E-015
  2.947500000000000E-008 -1.515157566481027E-015
  2.947800000000000E-008 -1.515280055400817E-015
  2.948100000000000E-008 -1.515400894260611E-015
  2.948400000000000E-008 -1.515520067040410E-015
  2.948700000000000E-008 -1.515637573740215E-015
  2.949000000000000E-008 -1.515753430380025E-015
  2.949300000000000E-008 -1.515753430383209E-015
  2.949600000000000E-008 -1.515867652982980E-015
  2.949900000000000E-008 -1.515980209502758E-015
  2.950200000000001E-008 -1.516091131982541E-015
  2.950500000000001E-008 -1.516200420422329E-015
  2.950800000000001E-008 -1.516308074822122E-015
  2.951100000000001E-008 -1.516414095181920E-015
  2.951400000000001E-008 -1.516518481501724E-015
  2.951700000000001E-008 -1.516621249801532E-015
  2.952000000000001E-008 -1.516722384061346E-015
  2.952300000000001E-008 -1.516821916321165E-015
  2.952600000000001E-008 -1.516919830560989E-015
  2.952900000000001E-008 -1.517016126780818E-015
  2.953200000000001E-008 -1.517110821000652E-015
  2.953500000000001E-008 -1.517203913220491E-015
  2.953800000000001E-008 -1.517295403440335E-015
  2.954100000000001E-008 -1.517385291660184E-015
  2.954400000000001E-008 -1.517473593900039E-015
  2.954700000000001E-008 -1.517473593902460E-015
  2.955000000000001E-008 -1.517560310162277E-015
  2.955300000000001E-008 -1.517645424422101E-015
  2.955600000000001E-008 -1.517728968721928E-015
  2.955900000000001E-008 -1.517810927041761E-015
  2.956200000000001E-008 -1.517891299381599E-015
  2.956500000000001E-008 -1.517970117781442E-015
  2.956800000000000E-008 -1.518047350201290E-015
  2.957100000000000E-008 -1.518123028681143E-015
  2.957400000000000E-008 -1.518197137201000E-015
  2.957700000000000E-008 -1.518269691780864E-015
  2.958000000000000E-008 -1.518340692420731E-015
  2.958300000000000E-008 -1.518410139120604E-015
  2.958600000000000E-008 -1.518478031880481E-015
  2.958900000000000E-008 -1.518544370700364E-015
  2.959200000000000E-008 -1.518609171600251E-015
  2.959500000000000E-008 -1.518672450600144E-015
  2.959800000000000E-008 -1.518734175660041E-015
  2.960100000000000E-008 -1.518734175661724E-015
  2.960400000000000E-008 -1.518794362801587E-015
  2.960700000000000E-008 -1.518853044061453E-015
  2.961000000000001E-008 -1.518910187401324E-015
  2.961300000000001E-008 -1.518965792821201E-015
  2.961600000000001E-008 -1.519019892361082E-015
  2.961900000000001E-008 -1.519072486020968E-015
  2.962200000000001E-008 -1.519123557780859E-015
  2.962500000000001E-008 -1.519173123660755E-015
  2.962800000000001E-008 -1.519221167640655E-015
  2.963100000000001E-008 -1.519267721760561E-015
  2.963400000000001E-008 -1.519312770000471E-015
  2.963700000000001E-008 -1.519356328380386E-015
  2.964000000000001E-008 -1.519398396900306E-015
  2.964300000000001E-008 -1.519438975560230E-015
  2.964600000000001E-008 -1.519478064360159E-015
  2.964900000000001E-008 -1.519515663300093E-015
  2.965200000000001E-008 -1.519551788400032E-015
  2.965500000000001E-008 -1.519551788401002E-015
  2.965800000000001E-008 -1.519586439660906E-015
  2.966100000000001E-008 -1.519619601060816E-015
  2.966400000000001E-008 -1.519651304640730E-015
  2.966700000000001E-008 -1.519681550400648E-015
  2.967000000000001E-008 -1.519710322320571E-015
  2.967300000000001E-008 -1.519737636420499E-015
  2.967600000000000E-008 -1.519763476680432E-015
  2.967900000000000E-008 -1.519787891160369E-015
  2.968200000000000E-008 -1.519810831800311E-015
  2.968500000000000E-008 -1.519832330640257E-015
  2.968800000000000E-008 -1.519852387680209E-015
  2.969100000000000E-008 -1.519871002920164E-015
  2.969400000000000E-008 -1.519888176360125E-015
  2.969700000000000E-008 -1.519903924020090E-015
  2.970000000000000E-008 -1.519918229880059E-015
  2.970300000000000E-008 -1.519931109960033E-015
  2.970600000000000E-008 -1.519942564260012E-015
  2.970900000000000E-008 -1.519942564260293E-015
  2.971200000000000E-008 -1.519952592780238E-015
  2.971500000000001E-008 -1.519961195520189E-015
  2.971800000000001E-008 -1.519968388500144E-015
  2.972100000000001E-008 -1.519974171720103E-015
  2.972400000000001E-008 -1.519978545180067E-015
  2.972700000000001E-008 -1.519981508880035E-015
  2.973000000000001E-008 -1.519983078840008E-015
  2.973300000000001E-008 -1.519983239039985E-015
  2.973600000000001E-008 -1.519981989479967E-015
  2.973900000000001E-008 -1.519979362199954E-015
  2.974200000000001E-008 -1.519975341179944E-015
  2.974500000000001E-008 -1.519969926419940E-015
  2.974800000000001E-008 -1.519963133939939E-015
  2.975100000000001E-008 -1.519954947719943E-015
  2.975400000000001E-008 -1.519945383779952E-015
  2.975700000000001E-008 -1.519934442119965E-015
  2.976000000000001E-008 -1.519922138759983E-015
  2.976300000000001E-008 -1.519922138759597E-015
  2.976600000000001E-008 -1.519908457679583E-015
  2.976900000000001E-008 -1.519893414899573E-015
  2.977200000000001E-008 -1.519877010419566E-015
  2.977500000000001E-008 -1.519859228219565E-015
  2.977800000000001E-008 -1.519840100339568E-015
  2.978100000000000E-008 -1.519819610759576E-015
  2.978400000000000E-008 -1.519797775499588E-015
  2.978700000000000E-008 -1.519774594559604E-015
  2.979000000000000E-008 -1.519750067939625E-015
  2.979300000000000E-008 -1.519724195639649E-015
  2.979600000000000E-008 -1.519696977659678E-015
  2.979900000000000E-008 -1.519668430019712E-015
  2.980200000000000E-008 -1.519638536699750E-015
  2.980500000000001E-008 -1.519607329739792E-015
  2.980800000000000E-008 -1.519574777099838E-015
  2.981100000000001E-008 -1.519540910819889E-015
  2.981400000000000E-008 -1.519505714879944E-015
  2.981700000000001E-008 -1.519505714878914E-015
  2.982000000000000E-008 -1.519469205298938E-015
  2.982300000000001E-008 -1.519431382078966E-015
  2.982600000000001E-008 -1.519392245218999E-015
  2.982900000000001E-008 -1.519351794719035E-015
  2.983200000000001E-008 -1.519310030579077E-015
  2.983500000000000E-008 -1.519266968819122E-015
  2.983800000000001E-008 -1.519222609439171E-015
  2.984100000000000E-008 -1.519176952439225E-015
  2.984400000000001E-008 -1.519129997819283E-015
  2.984700000000000E-008 -1.519081745579345E-015
  2.985000000000001E-008 -1.519032195719411E-015
  2.985300000000000E-008 -1.518981380279482E-015
  2.985600000000001E-008 -1.518929267219556E-015
  2.985900000000000E-008 -1.518875872559635E-015
  2.986200000000001E-008 -1.518821196299718E-015
  2.986500000000000E-008 -1.518765254459805E-015
  2.986800000000001E-008 -1.518708047039896E-015
  2.987100000000000E-008 -1.518649558019991E-015
  2.987400000000001E-008 -1.518649558018305E-015
  2.987700000000000E-008 -1.518589803418370E-015
  2.988000000000001E-008 -1.518528783238440E-015
  2.988300000000000E-008 -1.518466497478514E-015
  2.988600000000001E-008 -1.518402962158591E-015
  2.988900000000000E-008 -1.518338161258673E-015
  2.989200000000001E-008 -1.518272126818759E-015
  2.989500000000000E-008 -1.518204826798849E-015
  2.989800000000001E-008 -1.518136293238943E-015
  2.990100000000000E-008 -1.518066494099041E-015
  2.990400000000001E-008 -1.517995477439143E-015
  2.990700000000000E-008 -1.517923211219249E-015
  2.991000000000001E-008 -1.517849711459359E-015
  2.991300000000000E-008 -1.517774978159473E-015
  2.991600000000001E-008 -1.517699011319591E-015
  2.991900000000000E-008 -1.517621810939714E-015
  2.992200000000001E-008 -1.517543409059840E-015
  2.992500000000000E-008 -1.517463757619970E-015
  2.992800000000001E-008 -1.517463757617684E-015
  2.993100000000001E-008 -1.517382904677785E-015
  2.993400000000001E-008 -1.517300834217890E-015
  2.993700000000001E-008 -1.517217546238000E-015
  2.994000000000001E-008 -1.517133056758112E-015
  2.994300000000001E-008 -1.517047349758229E-015
  2.994600000000000E-008 -1.516960441258351E-015
  2.994900000000001E-008 -1.516872331258476E-015
  2.995200000000000E-008 -1.516783019758604E-015
  2.995500000000001E-008 -1.516692522778738E-015
  2.995800000000000E-008 -1.516600808278874E-015
  2.996100000000001E-008 -1.516507924319015E-015
  2.996400000000000E-008 -1.516413838859159E-015
  2.996700000000001E-008 -1.516318567919308E-015
  2.997000000000000E-008 -1.516222127519460E-015
  2.997300000000001E-008 -1.516124501639616E-015
  2.997600000000000E-008 -1.516025690279776E-015
  2.997900000000001E-008 -1.515925709459939E-015
  2.998200000000000E-008 -1.515925709457074E-015
  2.998500000000001E-008 -1.515824543157210E-015
  2.998800000000000E-008 -1.515722223417349E-015
  2.999100000000001E-008 -1.515618734217493E-015
  2.999400000000000E-008 -1.515514075557640E-015
  2.999700000000001E-008 -1.515408263457792E-015
  3.000000000000000E-008 -1.515301281897947E-015
  3.000300000000001E-008 -1.515193146898105E-015
  3.000600000000000E-008 -1.515083858458269E-015
  3.000900000000001E-008 -1.514973432598434E-015
  3.001200000000000E-008 -1.514861837278604E-015
  3.001500000000001E-008 -1.514749104538778E-015
  3.001800000000000E-008 -1.514635234378956E-015
  3.002100000000001E-008 -1.514520226799137E-015
  3.002400000000000E-008 -1.514404065779323E-015
  3.002700000000001E-008 -1.514286783359511E-015
  3.003000000000000E-008 -1.514168363519704E-015
  3.003300000000001E-008 -1.514048806259900E-015
  3.003600000000001E-008 -1.514048806256476E-015
  3.003900000000001E-008 -1.513928143616644E-015
  3.004200000000001E-008 -1.513806327536818E-015
  3.004500000000001E-008 -1.513683406076994E-015
  3.004800000000001E-008 -1.513559363217175E-015
  3.005100000000000E-008 -1.513434214977359E-015
  3.005400000000001E-008 -1.513307945337547E-015
  3.005700000000000E-008 -1.513180554297739E-015
  3.006000000000001E-008 -1.513052057877934E-015
  3.006300000000000E-008 -1.512922456078132E-015
  3.006600000000001E-008 -1.512791748898335E-015
  3.006900000000000E-008 -1.512659952358541E-015
  3.007200000000001E-008 -1.512527050438751E-015
  3.007500000000000E-008 -1.512393043138964E-015
  3.007800000000001E-008 -1.512257946479181E-015
  3.008100000000000E-008 -1.512121760459401E-015
  3.008400000000001E-008 -1.511984501099625E-015
  3.008700000000000E-008 -1.511846136359852E-015
  3.009000000000001E-008 -1.511846136355888E-015
  3.009300000000000E-008 -1.511706698276089E-015
  3.009600000000001E-008 -1.511566170836295E-015
  3.009900000000000E-008 -1.511424570056504E-015
  3.010200000000001E-008 -1.511281895936716E-015
  3.010500000000000E-008 -1.511138132456932E-015
  3.010800000000001E-008 -1.510993311657153E-015
  3.011100000000000E-008 -1.510847433537375E-015
  3.011400000000001E-008 -1.510700466057601E-015
  3.011700000000000E-008 -1.510552457277831E-015
  3.012000000000001E-008 -1.510403375158065E-015
  3.012300000000000E-008 -1.510253235718302E-015
  3.012600000000001E-008 -1.510102038958543E-015
  3.012900000000000E-008 -1.509949800898787E-015
  3.013200000000001E-008 -1.509796489499034E-015
  3.013500000000000E-008 -1.509642152819285E-015
  3.013800000000001E-008 -1.509486758819539E-015
  3.014100000000001E-008 -1.509330323519798E-015
  3.014400000000001E-008 -1.509330323515312E-015
  3.014700000000001E-008 -1.509172846915544E-015
  3.015000000000001E-008 -1.509014329015781E-015
  3.015300000000001E-008 -1.508854785836021E-015
  3.015600000000001E-008 -1.508694201356264E-015
  3.015900000000001E-008 -1.508532575576512E-015
  3.016200000000000E-008 -1.508369940536761E-015
  3.016500000000001E-008 -1.508206264197014E-015
  3.016800000000000E-008 -1.508041578597271E-015
  3.017100000000001E-008 -1.507875851697532E-015
  3.017400000000000E-008 -1.507709115537795E-015
  3.017700000000001E-008 -1.507541370118062E-015
  3.018000000000000E-008 -1.507372599418333E-015
  3.018300000000001E-008 -1.507202819458607E-015
  3.018600000000000E-008 -1.507032046258884E-015
  3.018900000000001E-008 -1.506860247779164E-015
  3.019200000000000E-008 -1.506687456059448E-015
  3.019500000000001E-008 -1.506513655079735E-015
  3.019800000000000E-008 -1.506513655074746E-015
  3.020100000000001E-008 -1.506338844835010E-015
  3.020400000000000E-008 -1.506163057375276E-015
  3.020700000000001E-008 -1.505986260655545E-015
  3.021000000000000E-008 -1.505808470695820E-015
  3.021300000000001E-008 -1.505629703516095E-015
  3.021600000000000E-008 -1.505449943096375E-015
  3.021900000000001E-008 -1.505269189436657E-015
  3.022200000000000E-008 -1.505087458556944E-015
  3.022500000000001E-008 -1.504904750457233E-015
  3.022800000000000E-008 -1.504721049117526E-015
  3.023100000000001E-008 -1.504536386577822E-015
  3.023400000000000E-008 -1.504350746818121E-015
  3.023700000000001E-008 -1.504164129838424E-015
  3.024000000000000E-008 -1.503976551658729E-015
  3.024300000000001E-008 -1.503788012279038E-015
  3.024600000000000E-008 -1.503598495679350E-015
  3.024900000000001E-008 -1.503408017879666E-015
  3.025200000000001E-008 -1.503216594899984E-015
  3.025500000000001E-008 -1.503216594894484E-015
  3.025800000000001E-008 -1.503024194694780E-015
  3.026100000000001E-008 -1.502830849315078E-015
  3.026400000000001E-008 -1.502636558755382E-015
  3.026700000000000E-008 -1.502441306995685E-015
  3.027000000000001E-008 -1.502245110055993E-015
  3.027300000000000E-008 -1.502047951916304E-015
  3.027600000000001E-008 -1.501849864616619E-015
  3.027900000000000E-008 -1.501650848156937E-015
  3.028200000000001E-008 -1.501450870497257E-015
  3.028500000000000E-008 -1.501249963677581E-015
  3.028800000000001E-008 -1.501048127697908E-015
  3.029100000000000E-008 -1.500845362558238E-015
  3.029400000000001E-008 -1.500641652238571E-015
  3.029700000000000E-008 -1.500437028778908E-015
  3.030000000000001E-008 -1.500231460139247E-015
  3.030300000000000E-008 -1.500024994379590E-015
  3.030600000000001E-008 -1.499817583439935E-015
  3.030900000000000E-008 -1.499817583433970E-015
  3.031200000000001E-008 -1.499609275374293E-015
  3.031500000000000E-008 -1.499400038154621E-015
  3.031800000000001E-008 -1.499189887794949E-015
  3.032100000000000E-008 -1.498978824295281E-015
  3.032400000000001E-008 -1.498766847655617E-015
  3.032700000000000E-008 -1.498553973895955E-015
  3.033000000000001E-008 -1.498340186996297E-015
  3.033300000000000E-008 -1.498125502976641E-015
  3.033600000000001E-008 -1.497909905816989E-015
  3.033900000000000E-008 -1.497693427557340E-015
  3.034200000000001E-008 -1.497476036157694E-015
  3.034500000000000E-008 -1.497257763658051E-015
  3.034800000000001E-008 -1.497038594038410E-015
  3.035100000000000E-008 -1.496818527298773E-015
  3.035400000000001E-008 -1.496597579459139E-015
  3.035700000000001E-008 -1.496375750519507E-015
  3.036000000000001E-008 -1.496153024459879E-015
  3.036300000000001E-008 -1.496153024453465E-015
  3.036600000000001E-008 -1.495929433313816E-015
  3.036900000000001E-008 -1.495704945054168E-015
  3.037200000000000E-008 -1.495479591714524E-015
  3.037500000000001E-008 -1.495253373294883E-015
  3.037800000000000E-008 -1.495026257755245E-015
  3.038100000000001E-008 -1.494798293155610E-015
  3.038400000000000E-008 -1.494569447455978E-015
  3.038700000000001E-008 -1.494339736676349E-015
  3.039000000000000E-008 -1.494109176836722E-015
  3.039300000000001E-008 -1.493877735897099E-015
  3.039600000000000E-008 -1.493645445897478E-015
  3.039900000000001E-008 -1.493412290817861E-015
  3.040200000000000E-008 -1.493178286678246E-015
  3.040500000000001E-008 -1.492943433478635E-015
  3.040800000000000E-008 -1.492707715199026E-015
  3.041100000000001E-008 -1.492471163879420E-015
  3.041400000000000E-008 -1.492233747479817E-015
  3.041700000000001E-008 -1.492233747472971E-015
  3.042000000000000E-008 -1.491995498033345E-015
  3.042300000000001E-008 -1.491756399533724E-015
  3.042600000000000E-008 -1.491516467994106E-015
  3.042900000000001E-008 -1.491275687394491E-015
  3.043200000000000E-008 -1.491034089774878E-015
  3.043500000000001E-008 -1.490791643095268E-015
  3.043800000000000E-008 -1.490548363375661E-015
  3.044100000000001E-008 -1.490304250616058E-015
  3.044400000000000E-008 -1.490059320836457E-015
  3.044700000000001E-008 -1.489813558016858E-015
  3.045000000000000E-008 -1.489566978177262E-015
  3.045300000000001E-008 -1.489319565297670E-015
  3.045600000000000E-008 -1.489071335398080E-015
  3.045900000000001E-008 -1.488822288478492E-015
  3.046200000000001E-008 -1.488572424538908E-015
  3.046500000000001E-008 -1.488321759599326E-015
  3.046800000000001E-008 -1.488070261619747E-015
  3.047100000000001E-008 -1.488070261612483E-015
  3.047400000000001E-008 -1.487817962632884E-015
  3.047700000000001E-008 -1.487564862653288E-015
  3.048000000000001E-008 -1.487310961673695E-015
  3.048300000000000E-008 -1.487056243674104E-015
  3.048600000000001E-008 -1.486800724674516E-015
  3.048900000000000E-008 -1.486544404674931E-015
  3.049200000000001E-008 -1.486287299695349E-015
  3.049500000000000E-008 -1.486029393715769E-015
  3.049800000000001E-008 -1.485770686736192E-015
  3.050100000000000E-008 -1.485511194776618E-015
  3.050400000000001E-008 -1.485250917837046E-015
  3.050700000000000E-008 -1.484989855917477E-015
  3.051000000000001E-008 -1.484727992997911E-015
  3.051300000000000E-008 -1.484465361118347E-015
  3.051600000000001E-008 -1.484201944258786E-015
  3.051900000000000E-008 -1.483937742419228E-015
  3.052200000000001E-008 -1.483672771619672E-015
  3.052500000000000E-008 -1.483672771612007E-015
  3.052800000000001E-008 -1.483407015832432E-015
  3.053100000000000E-008 -1.483140491092860E-015
  3.053400000000001E-008 -1.482873197393290E-015
  3.053700000000000E-008 -1.482605118713724E-015
  3.054000000000001E-008 -1.482336287094159E-015
  3.054300000000000E-008 -1.482066686514598E-015
  3.054600000000001E-008 -1.481796332995039E-015
  3.054900000000000E-008 -1.481525210515482E-015
  3.055200000000001E-008 -1.481253319075928E-015
  3.055500000000000E-008 -1.480980674696377E-015
  3.055800000000001E-008 -1.480707277376829E-015
  3.056100000000000E-008 -1.480433127117283E-015
  3.056400000000001E-008 -1.480158223917740E-015
  3.056700000000000E-008 -1.479882567778199E-015
  3.057000000000001E-008 -1.479606174718661E-015
  3.057300000000001E-008 -1.479329028719124E-015
  3.057600000000001E-008 -1.479051129779591E-015
  3.057900000000001E-008 -1.479051129771540E-015
  3.058200000000001E-008 -1.478772493911989E-015
  3.058500000000001E-008 -1.478493121132440E-015
  3.058800000000000E-008 -1.478213011432893E-015
  3.059100000000001E-008 -1.477932164813349E-015
  3.059400000000000E-008 -1.477650581273808E-015
  3.059700000000001E-008 -1.477368260814269E-015
  3.060000000000000E-008 -1.477085203434732E-015
  3.060300000000001E-008 -1.476801425155199E-015
  3.060600000000000E-008 -1.476516925975667E-015
  3.060900000000001E-008 -1.476231689876138E-015
  3.061200000000000E-008 -1.475945748896612E-015
  3.061500000000001E-008 -1.475659070997088E-015
  3.061800000000000E-008 -1.475371672197567E-015
  3.062100000000001E-008 -1.475083568518048E-015
  3.062400000000000E-008 -1.474794743938531E-015
  3.062700000000001E-008 -1.474505198459017E-015
  3.063000000000000E-008 -1.474214948099506E-015
  3.063300000000001E-008 -1.473923976839996E-015
  3.063600000000000E-008 -1.473923976831554E-015
  3.063900000000001E-008 -1.473632316712027E-015
  3.064200000000000E-008 -1.473339935692502E-015
  3.064500000000001E-008 -1.473046849792980E-015
  3.064800000000000E-008 -1.472753059013461E-015
  3.065100000000001E-008 -1.472458579373944E-015
  3.065400000000000E-008 -1.472163394854429E-015
  3.065700000000001E-008 -1.471867505454917E-015
  3.066000000000000E-008 -1.471570927195407E-015
  3.066300000000001E-008 -1.471273660075900E-015
  3.066600000000000E-008 -1.470975688076395E-015
  3.066900000000001E-008 -1.470677043236893E-015
  3.067200000000000E-008 -1.470377693517392E-015
  3.067500000000001E-008 -1.470077670957894E-015
  3.067800000000001E-008 -1.469776959538399E-015
  3.068100000000001E-008 -1.469475559258905E-015
  3.068400000000001E-008 -1.469173486139414E-015
  3.068700000000001E-008 -1.468870740179926E-015
  3.069000000000001E-008 -1.468870740171127E-015
  3.069300000000001E-008 -1.468567305351622E-015
  3.069600000000001E-008 -1.468263197692119E-015
  3.069900000000000E-008 -1.467958417192618E-015
  3.070200000000001E-008 -1.467652963853119E-015
  3.070500000000000E-008 -1.467346837673623E-015
  3.070800000000001E-008 -1.467040038654130E-015
  3.071100000000000E-008 -1.466732582814639E-015
  3.071400000000001E-008 -1.466424470155149E-015
  3.071700000000000E-008 -1.466115684655662E-015
  3.072000000000001E-008 -1.465806226316178E-015
  3.072300000000000E-008 -1.465496127176697E-015
  3.072600000000001E-008 -1.465185355197216E-015
  3.072900000000000E-008 -1.464873942417738E-015
  3.073200000000001E-008 -1.464561872818263E-015
  3.073500000000000E-008 -1.464249146398790E-015
  3.073800000000001E-008 -1.463935763159319E-015
  3.074100000000000E-008 -1.463621739119850E-015
  3.074400000000001E-008 -1.463621739110709E-015
  3.074700000000000E-008 -1.463307058251225E-015
  3.075000000000001E-008 -1.462991752611742E-015
  3.075300000000000E-008 -1.462675790152261E-015
  3.075600000000001E-008 -1.462359186892783E-015
  3.075900000000000E-008 -1.462041942833307E-015
  3.076200000000001E-008 -1.461724057973834E-015
  3.076500000000000E-008 -1.461405532314362E-015
  3.076800000000001E-008 -1.461086381874893E-015
  3.077100000000000E-008 -1.460766590635426E-015
  3.077400000000001E-008 -1.460446174615963E-015
  3.077700000000000E-008 -1.460125133816499E-015
  3.078000000000001E-008 -1.459803452217038E-015
  3.078300000000001E-008 -1.459481145837580E-015
  3.078600000000001E-008 -1.459158214678124E-015
  3.078900000000001E-008 -1.458834674758670E-015
  3.079200000000001E-008 -1.458510494039219E-015
  3.079500000000001E-008 -1.458185704559769E-015
  3.079800000000001E-008 -1.458185704550300E-015
  3.080100000000001E-008 -1.457860290290835E-015
  3.080400000000000E-008 -1.457534267271372E-015
  3.080700000000001E-008 -1.457207619471911E-015
  3.081000000000000E-008 -1.456880378932452E-015
  3.081300000000001E-008 -1.456552513612996E-015
  3.081600000000000E-008 -1.456224039533541E-015
  3.081900000000001E-008 -1.455894956694089E-015
  3.082200000000000E-008 -1.455565265094639E-015
  3.082500000000001E-008 -1.455234964735193E-015
  3.082800000000000E-008 -1.454904071635746E-015
  3.083100000000001E-008 -1.454572569776302E-015
  3.083400000000000E-008 -1.454240475176860E-015
  3.083700000000001E-008 -1.453907787837421E-015
  3.084000000000000E-008 -1.453574491737983E-015
  3.084300000000001E-008 -1.453240602898548E-015
  3.084600000000000E-008 -1.452906137339115E-015
  3.084900000000001E-008 -1.452571063019683E-015
  3.085200000000000E-008 -1.452571063009898E-015
  3.085500000000001E-008 -1.452235395950452E-015
  3.085800000000000E-008 -1.451899152171008E-015
  3.086100000000001E-008 -1.451562315651566E-015
  3.086400000000000E-008 -1.451224902412126E-015
  3.086700000000001E-008 -1.450886896432689E-015
  3.087000000000000E-008 -1.450548313733253E-015
  3.087300000000001E-008 -1.450209154313819E-015
  3.087600000000000E-008 -1.449869418174389E-015
  3.087900000000001E-008 -1.449529105314958E-015
  3.088200000000000E-008 -1.449188199715530E-015
  3.088500000000001E-008 -1.448846733416105E-015
  3.088800000000001E-008 -1.448504706416681E-015
  3.089100000000001E-008 -1.448162086677260E-015
  3.089400000000001E-008 -1.447818922257840E-015
  3.089700000000001E-008 -1.447475181118422E-015
  3.090000000000001E-008 -1.447130863259007E-015
  3.090300000000001E-008 -1.446785984699593E-015
  3.090600000000001E-008 -1.446785984689506E-015
  3.090900000000000E-008 -1.446440561450078E-015
  3.091200000000001E-008 -1.446094561490651E-015
  3.091500000000000E-008 -1.445748000831228E-015
  3.091800000000001E-008 -1.445400895491806E-015
  3.092100000000000E-008 -1.445053229452386E-015
  3.092400000000001E-008 -1.444705002712967E-015
  3.092700000000000E-008 -1.444356231293554E-015
  3.093000000000001E-008 -1.444006899174138E-015
  3.093300000000000E-008 -1.443657022374726E-015
  3.093600000000001E-008 -1.443306600895316E-015
  3.093900000000000E-008 -1.442955634735907E-015
  3.094200000000001E-008 -1.442604107876501E-015
  3.094500000000000E-008 -1.442252052357097E-015
  3.094800000000001E-008 -1.441899452157694E-015
  3.095100000000000E-008 -1.441546307278294E-015
  3.095400000000001E-008 -1.441192633738895E-015
  3.095700000000000E-008 -1.440838415519499E-015
  3.096000000000001E-008 -1.440838415509121E-015
  3.096300000000000E-008 -1.440483652609710E-015
  3.096600000000001E-008 -1.440128377070302E-015
  3.096900000000000E-008 -1.439772556850895E-015
  3.097200000000001E-008 -1.439416207971490E-015
  3.097500000000000E-008 -1.439059314412087E-015
  3.097800000000001E-008 -1.438701908212689E-015
  3.098100000000000E-008 -1.438343973353288E-015
  3.098400000000001E-008 -1.437985509833891E-015
  3.098700000000000E-008 -1.437626533674495E-015
  3.099000000000001E-008 -1.437267028855102E-015
  3.099300000000000E-008 -1.436906995375710E-015
  3.099600000000001E-008 -1.436546449256321E-015
  3.099900000000001E-008 -1.436185390496933E-015
  3.100200000000001E-008 -1.435823819097547E-015
  3.100500000000001E-008 -1.435461719038163E-015
  3.100800000000001E-008 -1.435099122358781E-015
  3.101100000000001E-008 -1.434735997019400E-015
  3.101400000000001E-008 -1.434735997008744E-015
  3.101700000000001E-008 -1.434372375049350E-015
  3.102000000000000E-008 -1.434008240449958E-015
  3.102300000000001E-008 -1.433643593210569E-015
  3.102600000000000E-008 -1.433278449351180E-015
  3.102900000000001E-008 -1.432912792851797E-015
  3.103200000000000E-008 -1.432546639732409E-015
  3.103500000000001E-008 -1.432179973973027E-015
  3.103800000000000E-008 -1.431812827613646E-015
  3.104100000000001E-008 -1.431445168614267E-015
  3.104400000000000E-008 -1.431077012994890E-015
  3.104700000000001E-008 -1.430708376775514E-015
  3.105000000000000E-008 -1.430339227916140E-015
  3.105300000000001E-008 -1.429969598456768E-015
  3.105600000000000E-008 -1.429599472377398E-015
  3.105900000000001E-008 -1.429228865698030E-015
  3.106200000000000E-008 -1.428857762398663E-015
  3.106500000000001E-008 -1.428486178499298E-015
  3.106800000000000E-008 -1.428114113999935E-015
  3.107100000000001E-008 -1.428114113988998E-015
  3.107400000000000E-008 -1.427741552869622E-015
  3.107700000000001E-008 -1.427368511150247E-015
  3.108000000000000E-008 -1.426994988830879E-015
  3.108300000000001E-008 -1.426621001931505E-015
  3.108600000000000E-008 -1.426246518412136E-015
  3.108900000000001E-008 -1.425871570312769E-015
  3.109200000000000E-008 -1.425496141613404E-015
  3.109500000000001E-008 -1.425120248334040E-015
  3.109800000000000E-008 -1.424743874454678E-015
  3.110100000000001E-008 -1.424367019975318E-015
  3.110400000000001E-008 -1.423989716935960E-015
  3.110700000000001E-008 -1.423611933296603E-015
  3.111000000000001E-008 -1.423233685077248E-015
  3.111300000000001E-008 -1.422854972277894E-015
  3.111600000000001E-008 -1.422475794898543E-015
  3.111900000000001E-008 -1.422096152939193E-015
  3.112200000000001E-008 -1.421716062419844E-015
  3.112500000000000E-008 -1.421716062408652E-015
  3.112800000000001E-008 -1.421335491289292E-015
  3.113100000000000E-008 -1.420954471609937E-015
  3.113400000000001E-008 -1.420573003370576E-015
  3.113700000000000E-008 -1.420191070551221E-015
  3.114000000000001E-008 -1.419808689171867E-015
  3.114300000000000E-008 -1.419425859232515E-015
  3.114600000000001E-008 -1.419042564713164E-015
  3.114900000000000E-008 -1.418658821633816E-015
  3.115200000000001E-008 -1.418274646014468E-015
  3.115500000000000E-008 -1.417890005815123E-015
  3.115800000000001E-008 -1.417504933075779E-015
  3.116100000000000E-008 -1.417119411776437E-015
  3.116400000000001E-008 -1.416733441917096E-015
  3.116700000000000E-008 -1.416347039517757E-015
  3.117000000000001E-008 -1.415960188558420E-015
  3.117300000000000E-008 -1.415572905059084E-015
  3.117600000000001E-008 -1.415185172999749E-015
  3.117900000000000E-008 -1.415185172988314E-015
  3.118200000000001E-008 -1.414797008388968E-015
  3.118500000000000E-008 -1.414408411249628E-015
  3.118800000000001E-008 -1.414019381570282E-015
  3.119100000000000E-008 -1.413629919350941E-015
  3.119400000000001E-008 -1.413240040611602E-015
  3.119700000000000E-008 -1.412849713312263E-015
  3.120000000000001E-008 -1.412458953472927E-015
  3.120300000000000E-008 -1.412067777113593E-015
  3.120600000000001E-008 -1.411676184234260E-015
  3.120900000000001E-008 -1.411284158814928E-015
  3.121200000000001E-008 -1.410891700855598E-015
  3.121500000000001E-008 -1.410498826376270E-015
  3.121800000000001E-008 -1.410105535376943E-015
  3.122100000000001E-008 -1.409711827857618E-015
  3.122400000000001E-008 -1.409317703818294E-015
  3.122700000000001E-008 -1.408923163258972E-015
  3.123000000000000E-008 -1.408528206179651E-015
  3.123300000000001E-008 -1.408528206167983E-015
  3.123600000000000E-008 -1.408132832568655E-015
  3.123900000000001E-008 -1.407737042449322E-015
  3.124200000000000E-008 -1.407340851829993E-015
  3.124500000000001E-008 -1.406944244690666E-015
  3.124800000000000E-008 -1.406547221031340E-015
  3.125100000000001E-008 -1.406149796872016E-015
  3.125400000000000E-008 -1.405751972212694E-015
  3.125700000000001E-008 -1.405353747053373E-015
  3.126000000000000E-008 -1.404955105374053E-015
  3.126300000000001E-008 -1.404556063194735E-015
  3.126600000000000E-008 -1.404156636535418E-015
  3.126900000000001E-008 -1.403756793356103E-015
  3.127200000000000E-008 -1.403356549676790E-015
  3.127500000000001E-008 -1.402955921517477E-015
  3.127800000000000E-008 -1.402554892858167E-015
  3.128100000000001E-008 -1.402153479718858E-015
  3.128400000000000E-008 -1.401751650059550E-015
  3.128700000000001E-008 -1.401751650047664E-015
  3.129000000000000E-008 -1.401349451928341E-015
  3.129300000000001E-008 -1.400946853309025E-015
  3.129600000000000E-008 -1.400543870209709E-015
  3.129900000000001E-008 -1.400140486610395E-015
  3.130200000000000E-008 -1.399736718531083E-015
  3.130500000000001E-008 -1.399332581991772E-015
  3.130800000000000E-008 -1.398928044952462E-015
  3.131100000000001E-008 -1.398523123433154E-015
  3.131400000000000E-008 -1.398117833453848E-015
  3.131700000000001E-008 -1.397712158994542E-015
  3.132000000000001E-008 -1.397306100055239E-015
  3.132300000000001E-008 -1.396899656635936E-015
  3.132600000000001E-008 -1.396492844756635E-015
  3.132900000000001E-008 -1.396085664417336E-015
  3.133200000000001E-008 -1.395678099598037E-015
  3.133500000000001E-008 -1.395270166318741E-015
  3.133800000000001E-008 -1.394861864579445E-015
  3.134100000000000E-008 -1.394861864567343E-015
  3.134400000000001E-008 -1.394453178348038E-015
  3.134700000000000E-008 -1.394044139688733E-015
  3.135000000000001E-008 -1.393634716549431E-015
  3.135300000000000E-008 -1.393224940970130E-015
  3.135600000000001E-008 -1.392814796930830E-015
  3.135900000000000E-008 -1.392404284431531E-015
  3.136200000000001E-008 -1.391993403472234E-015
  3.136500000000000E-008 -1.391582170072938E-015
  3.136800000000001E-008 -1.391170568213644E-015
  3.137100000000000E-008 -1.390758613914351E-015
  3.137400000000001E-008 -1.390346291155059E-015
  3.137700000000000E-008 -1.389933615955769E-015
  3.138000000000001E-008 -1.389520588316480E-015
  3.138300000000000E-008 -1.389107208237192E-015
  3.138600000000001E-008 -1.388693459697907E-015
  3.138900000000000E-008 -1.388279374738622E-015
  3.139200000000001E-008 -1.387864921319338E-015
  3.139500000000000E-008 -1.387864921307033E-015
  3.139800000000001E-008 -1.387450131467740E-015
  3.140100000000000E-008 -1.387034989188448E-015
  3.140400000000001E-008 -1.386619510489157E-015
  3.140700000000000E-008 -1.386203663329868E-015
  3.141000000000001E-008 -1.385787479750581E-015
  3.141300000000000E-008 -1.385370959751294E-015
  3.141600000000001E-008 -1.384954087312009E-015
  3.141900000000000E-008 -1.384536878452725E-015
  3.142200000000001E-008 -1.384119317153443E-015
  3.142500000000001E-008 -1.383701435454161E-015
  3.142800000000001E-008 -1.383283201314881E-015
  3.143100000000001E-008 -1.382864630755602E-015
  3.143400000000001E-008 -1.382445723776325E-015
  3.143700000000001E-008 -1.382026496397050E-015
  3.144000000000001E-008 -1.381606916577774E-015
  3.144300000000001E-008 -1.381187016358500E-015
  3.144600000000000E-008 -1.380766779719228E-015
  3.144900000000001E-008 -1.380346206659957E-015
  3.145200000000000E-008 -1.380346206647449E-015
  3.145500000000001E-008 -1.379925313188168E-015
  3.145800000000000E-008 -1.379504083308890E-015
  3.146100000000001E-008 -1.379082533029612E-015
  3.146400000000000E-008 -1.378660662350335E-015
  3.146700000000001E-008 -1.378238455251060E-015
  3.147000000000000E-008 -1.377815927751786E-015
  3.147300000000001E-008 -1.377393079852514E-015
  3.147600000000000E-008 -1.376969911553242E-015
  3.147900000000001E-008 -1.376546422853972E-015
  3.148200000000000E-008 -1.376122613754703E-015
  3.148500000000001E-008 -1.375698484255435E-015
  3.148800000000000E-008 -1.375274034356170E-015
  3.149100000000001E-008 -1.374849280076904E-015
  3.149400000000000E-008 -1.374424205397640E-015
  3.149700000000001E-008 -1.373998826338377E-015
  3.150000000000000E-008 -1.373573126879115E-015
  3.150300000000001E-008 -1.373147107019855E-015
  3.150600000000000E-008 -1.373147107007164E-015
  3.150900000000001E-008 -1.372720782767895E-015
  3.151200000000000E-008 -1.372294154148627E-015
  3.151500000000001E-008 -1.371867221149360E-015
  3.151800000000000E-008 -1.371439983770094E-015
  3.152100000000001E-008 -1.371012425990830E-015
  3.152400000000000E-008 -1.370584579851567E-015
  3.152700000000001E-008 -1.370156413312305E-015
  3.153000000000001E-008 -1.369727958413044E-015
  3.153300000000001E-008 -1.369299199133785E-015
  3.153600000000001E-008 -1.368870135474526E-015
  3.153900000000001E-008 -1.368440767435271E-015
  3.154200000000001E-008 -1.368011111036014E-015
  3.154500000000001E-008 -1.367581150256758E-015
  3.154800000000001E-008 -1.367150901117505E-015
  3.155100000000001E-008 -1.366720347598252E-015
  3.155400000000001E-008 -1.366289505719000E-015
  3.155700000000000E-008 -1.365858375479750E-015
  3.156000000000001E-008 -1.365858375466885E-015
  3.156300000000000E-008 -1.365426956867626E-015
  3.156600000000001E-008 -1.364995233888369E-015
  3.156900000000000E-008 -1.364563238569113E-015
  3.157200000000001E-008 -1.364130938869858E-015
  3.157500000000000E-008 -1.363698366830604E-015
  3.157800000000001E-008 -1.363265490411351E-015
  3.158100000000000E-008 -1.362832341652099E-015
  3.158400000000001E-008 -1.362398904532849E-015
  3.158700000000000E-008 -1.361965179053599E-015
  3.159000000000001E-008 -1.361531181234352E-015
  3.159300000000000E-008 -1.361096895055104E-015
  3.159600000000001E-008 -1.360662336535857E-015
  3.159900000000000E-008 -1.360227489656612E-015
  3.160200000000001E-008 -1.359792370437368E-015
  3.160500000000000E-008 -1.359356978878125E-015
  3.160800000000001E-008 -1.358921314978884E-015
  3.161100000000000E-008 -1.358485362719643E-015
  3.161400000000001E-008 -1.358485362706612E-015
  3.161700000000000E-008 -1.358049138107364E-015
  3.162000000000001E-008 -1.357612657188116E-015
  3.162300000000000E-008 -1.357175887908870E-015
  3.162600000000001E-008 -1.356738846289625E-015
  3.162900000000000E-008 -1.356301548350381E-015
  3.163200000000001E-008 -1.355863978071138E-015
  3.163500000000001E-008 -1.355426135451896E-015
  3.163800000000001E-008 -1.354988020492655E-015
  3.164100000000001E-008 -1.354549649213415E-015
  3.164400000000001E-008 -1.354111021614178E-015
  3.164700000000001E-008 -1.353672121674939E-015
  3.165000000000001E-008 -1.353232949395701E-015
  3.165300000000001E-008 -1.352793520796466E-015
  3.165600000000001E-008 -1.352353835877231E-015
  3.165900000000001E-008 -1.351913894637998E-015
  3.166200000000000E-008 -1.351473697078765E-015
  3.166500000000001E-008 -1.351033243199533E-015
  3.166800000000000E-008 -1.351033243186346E-015
  3.167100000000001E-008 -1.350592516967107E-015
  3.167400000000000E-008 -1.350151550447869E-015
  3.167700000000001E-008 -1.349710327608632E-015
  3.168000000000000E-008 -1.349268848449396E-015
  3.168300000000001E-008 -1.348827112970161E-015
  3.168600000000000E-008 -1.348385121170928E-015
  3.168900000000001E-008 -1.347942889071696E-015
  3.169200000000000E-008 -1.347500416672462E-015
  3.169500000000001E-008 -1.347057671933235E-015
  3.169800000000000E-008 -1.346614702914003E-015
  3.170100000000001E-008 -1.346171477574774E-015
  3.170400000000000E-008 -1.345728011935546E-015
  3.170700000000001E-008 -1.345284289976319E-015
  3.171000000000000E-008 -1.344840327717093E-015
  3.171300000000001E-008 -1.344396125157869E-015
  3.171600000000000E-008 -1.343951682298645E-015
  3.171900000000001E-008 -1.343506999139422E-015
  3.172200000000000E-008 -1.343506999126086E-015
  3.172500000000001E-008 -1.343062075666856E-015
  3.172800000000000E-008 -1.342616911907627E-015
  3.173100000000001E-008 -1.342171523868399E-015
  3.173400000000000E-008 -1.341725879509172E-015
  3.173700000000001E-008 -1.341280010869946E-015
  3.174000000000000E-008 -1.340833901930721E-015
  3.174300000000001E-008 -1.340387568711497E-015
  3.174600000000001E-008 -1.339940995192276E-015
  3.174900000000001E-008 -1.339494181373052E-015
  3.175200000000001E-008 -1.339047143273831E-015
  3.175500000000001E-008 -1.338599880894610E-015
  3.175800000000001E-008 -1.338152378215391E-015
  3.176100000000001E-008 -1.337704667276172E-015
  3.176400000000001E-008 -1.337256716036955E-015
  3.176700000000000E-008 -1.336808540517738E-015
  3.177000000000001E-008 -1.336360124698523E-015
  3.177300000000000E-008 -1.335911500619308E-015
  3.177600000000001E-008 -1.335911500605832E-015
  3.177900000000000E-008 -1.335462652246610E-015
  3.178200000000001E-008 -1.335013579607390E-015
  3.178500000000000E-008 -1.334564282688171E-015
  3.178800000000001E-008 -1.334114777508951E-015
  3.179100000000000E-008 -1.333665032029734E-015
  3.179400000000001E-008 -1.333215078290517E-015
  3.179700000000000E-008 -1.332764916291305E-015
  3.180000000000001E-008 -1.332314530012087E-015
  3.180300000000000E-008 -1.331863919452873E-015
  3.180600000000001E-008 -1.331413100633660E-015
  3.180900000000000E-008 -1.330962073554448E-015
  3.181200000000001E-008 -1.330510822195236E-015
  3.181500000000000E-008 -1.330059362576026E-015
  3.181800000000001E-008 -1.329607694696816E-015
  3.182100000000000E-008 -1.329155802537607E-015
  3.182400000000001E-008 -1.328703718138400E-015
  3.182700000000000E-008 -1.328251425479193E-015
  3.183000000000001E-008 -1.327798908539987E-015
  3.183300000000000E-008 -1.327798908526370E-015
  3.183600000000001E-008 -1.327346199347158E-015
  3.183900000000000E-008 -1.326893281907946E-015
  3.184200000000001E-008 -1.326440156208736E-015
  3.184500000000000E-008 -1.325986822249526E-015
  3.184800000000001E-008 -1.325533296050320E-015
  3.185100000000001E-008 -1.325079561591109E-015
  3.185400000000001E-008 -1.324625618871902E-015
  3.185700000000001E-008 -1.324171483912696E-015
  3.186000000000001E-008 -1.323717140693490E-015
  3.186300000000001E-008 -1.323262605234286E-015
  3.186600000000001E-008 -1.322807877535082E-015
  3.186900000000001E-008 -1.322352941575879E-015
  3.187200000000001E-008 -1.321897813376677E-015
  3.187500000000001E-008 -1.321442492937476E-015
  3.187800000000000E-008 -1.320986980258275E-015
  3.188100000000001E-008 -1.320531275339076E-015
  3.188400000000000E-008 -1.320075362159877E-015
  3.188700000000001E-008 -1.320075362146135E-015
  3.189000000000000E-008 -1.319619272746930E-015
  3.189300000000001E-008 -1.319162991107727E-015
  3.189600000000000E-008 -1.318706517228523E-015
  3.189900000000001E-008 -1.318249851109325E-015
  3.190200000000000E-008 -1.317792992750120E-015
  3.190500000000001E-008 -1.317335958170919E-015
  3.190800000000000E-008 -1.316878731351720E-015
  3.191100000000001E-008 -1.316421312292521E-015
  3.191400000000000E-008 -1.315963717013323E-015
  3.191700000000001E-008 -1.315505945514125E-015
  3.192000000000000E-008 -1.315047981774928E-015
  3.192300000000001E-008 -1.314589825795733E-015
  3.192600000000000E-008 -1.314131493596538E-015
  3.192900000000001E-008 -1.313672985177343E-015
  3.193200000000000E-008 -1.313214300538150E-015
  3.193500000000001E-008 -1.312755439678957E-015
  3.193800000000000E-008 -1.312296386579765E-015
  3.194100000000001E-008 -1.312296386565906E-015
  3.194400000000000E-008 -1.311837173266708E-015
  3.194700000000001E-008 -1.311377767727511E-015
  3.195000000000000E-008 -1.310918185968320E-015
  3.195300000000001E-008 -1.310458444009121E-015
  3.195600000000001E-008 -1.309998525829926E-015
  3.195900000000001E-008 -1.309538431430733E-015
  3.196200000000001E-008 -1.309078160811540E-015
  3.196500000000001E-008 -1.308617713972348E-015
  3.196800000000001E-008 -1.308157106933156E-015
  3.197100000000001E-008 -1.307696323673966E-015
  3.197400000000001E-008 -1.307235380214776E-015
  3.197700000000001E-008 -1.306774260535587E-015
  3.198000000000001E-008 -1.306312980656398E-015
  3.198300000000000E-008 -1.305851524557211E-015
  3.198600000000001E-008 -1.305389908258024E-015
  3.198900000000000E-008 -1.304928131758837E-015
  3.199200000000001E-008 -1.304466195059652E-015
  3.199500000000000E-008 -1.304466195045682E-015
  3.199800000000001E-008 -1.304004082126490E-015
  3.200100000000000E-008 -1.303541809007305E-015
  3.200400000000001E-008 -1.303079375688113E-015
  3.200700000000000E-008 -1.302616798188923E-015
  3.201000000000001E-008 -1.302154044469736E-015
  3.201300000000000E-008 -1.301691130550549E-015
  3.201600000000001E-008 -1.301228056431362E-015
  3.201900000000000E-008 -1.300764838132177E-015
  3.202200000000001E-008 -1.300301459632992E-015
  3.202500000000000E-008 -1.299837920933807E-015
  3.202800000000001E-008 -1.299374222034624E-015
  3.203100000000000E-008 -1.298910378955441E-015
  3.203400000000001E-008 -1.298446375676259E-015
  3.203700000000000E-008 -1.297982212197077E-015
  3.204000000000001E-008 -1.297517904537897E-015
  3.204300000000000E-008 -1.297053452698716E-015
  3.204600000000001E-008 -1.296588840659537E-015
  3.204900000000000E-008 -1.296588840645463E-015
  3.205200000000001E-008 -1.296124084426279E-015
  3.205500000000000E-008 -1.295659184027100E-015
  3.205800000000001E-008 -1.295194139447912E-015
  3.206100000000000E-008 -1.294728934668730E-015
  3.206400000000001E-008 -1.294263585709548E-015
  3.206700000000001E-008 -1.293798092570368E-015
  3.207000000000001E-008 -1.293332455251187E-015
  3.207300000000001E-008 -1.292866673752008E-015
  3.207600000000001E-008 -1.292400748072829E-015
  3.207900000000001E-008 -1.291934694233650E-015
  3.208200000000001E-008 -1.291468480194473E-015
  3.208500000000001E-008 -1.291002121975296E-015
  3.208800000000001E-008 -1.290535635596120E-015
  3.209100000000001E-008 -1.290069005036944E-015
  3.209400000000000E-008 -1.289602246317769E-015
  3.209700000000001E-008 -1.289135343418595E-015
  3.210000000000000E-008 -1.288668296339421E-015
  3.210300000000001E-008 -1.288668296325249E-015
  3.210600000000000E-008 -1.288201121086076E-015
  3.210900000000001E-008 -1.287733801666894E-015
  3.211200000000000E-008 -1.287266354087717E-015
  3.211500000000001E-008 -1.286798778348540E-015
  3.211800000000000E-008 -1.286331058429364E-015
  3.212100000000001E-008 -1.285863210350189E-015
  3.212400000000000E-008 -1.285395234111015E-015
  3.212700000000001E-008 -1.284927113691841E-015
  3.213000000000000E-008 -1.284458881132668E-015
  3.213300000000001E-008 -1.283990504393495E-015
  3.213600000000000E-008 -1.283521999494323E-015
  3.213900000000001E-008 -1.283053382455151E-015
  3.214200000000000E-008 -1.282584621235981E-015
  3.214500000000001E-008 -1.282115731856810E-015
  3.214800000000000E-008 -1.281646730337641E-015
  3.215100000000001E-008 -1.281177600658472E-015
  3.215400000000000E-008 -1.280708342819303E-015
  3.215700000000001E-008 -1.280708342805046E-015
  3.216000000000000E-008 -1.280238956805869E-015
  3.216300000000001E-008 -1.279769458666696E-015
  3.216600000000000E-008 -1.279299832367525E-015
  3.216900000000001E-008 -1.278830077908354E-015
  3.217200000000001E-008 -1.278360211309184E-015
  3.217500000000001E-008 -1.277890232570014E-015
  3.217800000000001E-008 -1.277420125670844E-015
  3.218100000000001E-008 -1.276949890611676E-015
  3.218400000000001E-008 -1.276479559432508E-015
  3.218700000000001E-008 -1.276009100093341E-015
  3.219000000000001E-008 -1.275538512594174E-015
  3.219300000000001E-008 -1.275067828975008E-015
  3.219600000000001E-008 -1.274597017195842E-015
  3.219900000000000E-008 -1.274126093276677E-015
  3.220200000000001E-008 -1.273655057217512E-015
  3.220500000000000E-008 -1.273183909018348E-015
  3.220800000000001E-008 -1.272712648679185E-015
  3.221100000000000E-008 -1.272712648664838E-015
  3.221400000000001E-008 -1.272241276185671E-015
  3.221700000000000E-008 -1.271769807586503E-015
  3.222000000000001E-008 -1.271298210827337E-015
  3.222300000000000E-008 -1.270826501928172E-015
  3.222600000000001E-008 -1.270354696909006E-015
  3.222900000000000E-008 -1.269882779749841E-015
  3.223200000000001E-008 -1.269410750450678E-015
  3.223500000000000E-008 -1.268938625031514E-015
  3.223800000000001E-008 -1.268466387472351E-015
  3.224100000000000E-008 -1.267994053793188E-015
  3.224400000000001E-008 -1.267521607974026E-015
  3.224700000000000E-008 -1.267049050014865E-015
  3.225000000000001E-008 -1.266576395935704E-015
  3.225300000000000E-008 -1.266103645736543E-015
  3.225600000000001E-008 -1.265630783397384E-015
  3.225900000000000E-008 -1.265157840958224E-015
  3.226200000000001E-008 -1.264684770359065E-015
  3.226500000000000E-008 -1.264211619659907E-015
  3.226800000000001E-008 -1.264211619645477E-015
  3.227100000000000E-008 -1.263738356806316E-015
  3.227400000000001E-008 -1.263265013867154E-015
  3.227700000000001E-008 -1.262791558787993E-015
  3.228000000000001E-008 -1.262318007588832E-015
  3.228300000000001E-008 -1.261844360269673E-015
  3.228600000000001E-008 -1.261370632850513E-015
  3.228900000000001E-008 -1.260896793291354E-015
  3.229200000000001E-008 -1.260422873632195E-015
  3.229500000000001E-008 -1.259948841833037E-015
  3.229800000000001E-008 -1.259474729933880E-015
  3.230100000000001E-008 -1.259000521914723E-015
  3.230400000000000E-008 -1.258526233795566E-015
  3.230700000000001E-008 -1.258051833536411E-015
  3.231000000000000E-008 -1.257577353177255E-015
  3.231300000000001E-008 -1.257102792718099E-015
  3.231600000000000E-008 -1.256628136138945E-015
  3.231900000000001E-008 -1.256153383439790E-015
  3.232200000000000E-008 -1.256153383425289E-015
  3.232500000000001E-008 -1.255678550626131E-015
  3.232800000000000E-008 -1.255203637726974E-015
  3.233100000000001E-008 -1.254728628707818E-015
  3.233400000000000E-008 -1.254253539588661E-015
  3.233700000000001E-008 -1.253778370369506E-015
  3.234000000000000E-008 -1.253303105030351E-015
  3.234300000000001E-008 -1.252827759591196E-015
  3.234600000000000E-008 -1.252352334052042E-015
  3.234900000000001E-008 -1.251876828412888E-015
  3.235200000000000E-008 -1.251401242673735E-015
  3.235500000000001E-008 -1.250925576834581E-015
  3.235800000000000E-008 -1.250449814875430E-015
  3.236100000000001E-008 -1.249973988836277E-015
  3.236400000000000E-008 -1.249498082697125E-015
  3.236700000000001E-008 -1.249022096457974E-015
  3.237000000000000E-008 -1.248546030118823E-015
  3.237300000000001E-008 -1.248069883679673E-015
  3.237600000000000E-008 -1.248069883665105E-015
  3.237900000000001E-008 -1.247593673145952E-015
  3.238200000000001E-008 -1.247117382526799E-015
  3.238500000000001E-008 -1.246641011807646E-015
  3.238800000000001E-008 -1.246164560988494E-015
  3.239100000000001E-008 -1.245688046089342E-015
  3.239400000000001E-008 -1.245211451090191E-015
  3.239700000000001E-008 -1.244734792011040E-015
  3.240000000000001E-008 -1.244258052831890E-015
  3.240300000000001E-008 -1.243781249572740E-015
  3.240600000000001E-008 -1.243304366213590E-015
  3.240900000000001E-008 -1.242827418774443E-015
  3.241200000000001E-008 -1.242350407255293E-015
  3.241500000000000E-008 -1.241873315636144E-015
  3.241800000000001E-008 -1.241396159936996E-015
  3.242100000000000E-008 -1.240918940157849E-015
  3.242400000000001E-008 -1.240441656298702E-015
  3.242700000000000E-008 -1.239964292339555E-015
  3.243000000000001E-008 -1.239964292324926E-015
  3.243300000000000E-008 -1.239486880305776E-015
  3.243600000000001E-008 -1.239009388186627E-015
  3.243900000000000E-008 -1.238531831987479E-015
  3.244200000000001E-008 -1.238054227728330E-015
  3.244500000000000E-008 -1.237576543369182E-015
  3.244800000000001E-008 -1.237098794930034E-015
  3.245100000000000E-008 -1.236620998430887E-015
  3.245400000000001E-008 -1.236143137851740E-015
  3.245700000000000E-008 -1.235665213192593E-015
  3.246000000000001E-008 -1.235187224453450E-015
  3.246300000000000E-008 -1.234709171634303E-015
  3.246600000000001E-008 -1.234231070755157E-015
  3.246900000000000E-008 -1.233752905796012E-015
  3.247200000000001E-008 -1.233274692776867E-015
  3.247500000000000E-008 -1.232796399657723E-015
  3.247800000000001E-008 -1.232318074498579E-015
  3.248100000000000E-008 -1.231839685259436E-015
  3.248400000000001E-008 -1.231839685244751E-015
  3.248700000000000E-008 -1.231361231925605E-015
  3.249000000000001E-008 -1.230882730546459E-015
  3.249300000000001E-008 -1.230404165087314E-015
  3.249600000000001E-008 -1.229925567588169E-015
  3.249900000000001E-008 -1.229446906009024E-015
  3.250200000000001E-008 -1.228968180349880E-015
  3.250500000000001E-008 -1.228489406630737E-015
  3.250800000000001E-008 -1.228010600871593E-015
  3.251100000000001E-008 -1.227531731032449E-015
  3.251400000000001E-008 -1.227052797113309E-015
  3.251700000000001E-008 -1.226573831154165E-015
  3.252000000000000E-008 -1.226094817135022E-015
  3.252300000000001E-008 -1.225615739035880E-015
  3.252600000000000E-008 -1.225136628896739E-015
  3.252900000000001E-008 -1.224657470697598E-015
  3.253200000000000E-008 -1.224178248418457E-015
  3.253500000000001E-008 -1.223698994099316E-015
  3.253800000000000E-008 -1.223698994084580E-015
  3.254100000000001E-008 -1.223219691705438E-015
  3.254400000000000E-008 -1.222740341266295E-015
  3.254700000000001E-008 -1.222260958787153E-015
  3.255000000000000E-008 -1.221781512228011E-015
  3.255300000000001E-008 -1.221302033628870E-015
  3.255600000000000E-008 -1.220822522989729E-015
  3.255900000000001E-008 -1.220342948270588E-015
  3.256200000000000E-008 -1.219863341511447E-015
  3.256500000000001E-008 -1.219383702712310E-015
  3.256800000000000E-008 -1.218904015853168E-015
  3.257100000000001E-008 -1.218424280934027E-015
  3.257400000000000E-008 -1.217944513974889E-015
  3.257700000000001E-008 -1.217464714975749E-015
  3.258000000000000E-008 -1.216984867916611E-015
  3.258300000000001E-008 -1.216504988817472E-015
  3.258600000000000E-008 -1.216025061658334E-015
  3.258900000000001E-008 -1.215545102459196E-015
  3.259200000000000E-008 -1.215545102444415E-015
  3.259500000000001E-008 -1.215065111205275E-015
  3.259800000000001E-008 -1.214585087926135E-015
  3.260100000000001E-008 -1.214105016586996E-015
  3.260400000000001E-008 -1.213624929227857E-015
  3.260700000000001E-008 -1.213144793808718E-015
  3.261000000000001E-008 -1.212664626349580E-015
  3.261300000000001E-008 -1.212184426850441E-015
  3.261600000000001E-008 -1.211704195311307E-015
  3.261900000000001E-008 -1.211223931732167E-015
  3.262200000000001E-008 -1.210743636113029E-015
  3.262500000000000E-008 -1.210263308453892E-015
  3.262800000000001E-008 -1.209782964774755E-015
  3.263100000000000E-008 -1.209302573035619E-015
  3.263400000000001E-008 -1.208822165276483E-015
  3.263700000000000E-008 -1.208341725477347E-015
  3.264000000000001E-008 -1.207861253638211E-015
  3.264300000000000E-008 -1.207380749759076E-015
  3.264600000000001E-008 -1.206900229859941E-015
  3.264900000000000E-008 -1.206900229845116E-015
  3.265200000000001E-008 -1.206419677905979E-015
  3.265500000000000E-008 -1.205939093926842E-015
  3.265800000000001E-008 -1.205458493927706E-015
  3.266100000000000E-008 -1.204977861888570E-015
  3.266400000000001E-008 -1.204497213829434E-015
  3.266700000000000E-008 -1.204016549750301E-015
  3.267000000000001E-008 -1.203535837611163E-015
  3.267300000000000E-008 -1.203055125472028E-015
  3.267600000000001E-008 -1.202574381292893E-015
  3.267900000000000E-008 -1.202093605073758E-015
  3.268200000000001E-008 -1.201612828854624E-015
  3.268500000000000E-008 -1.201132020595489E-015
  3.268800000000001E-008 -1.200651196316356E-015
  3.269100000000000E-008 -1.200170339997222E-015
  3.269400000000001E-008 -1.199689467658088E-015
  3.269700000000000E-008 -1.199208595318955E-015
  3.270000000000001E-008 -1.198727690939822E-015
  3.270300000000001E-008 -1.198727690924961E-015
  3.270600000000001E-008 -1.198246770525826E-015
  3.270900000000001E-008 -1.197765818086692E-015
  3.271200000000001E-008 -1.197284865647558E-015
  3.271500000000001E-008 -1.196803897188424E-015
  3.271800000000001E-008 -1.196322912709294E-015
  3.272100000000001E-008 -1.195841912210157E-015
  3.272400000000001E-008 -1.195360895691024E-015
  3.272700000000001E-008 -1.194879863151891E-015
  3.273000000000001E-008 -1.194398814592758E-015
  3.273300000000001E-008 -1.193917766033625E-015
  3.273600000000000E-008 -1.193436685434493E-015
  3.273900000000001E-008 -1.192955604835361E-015
  3.274200000000000E-008 -1.192474508216229E-015
  3.274500000000001E-008 -1.191993411597097E-015
  3.274800000000000E-008 -1.191512298957965E-015
  3.275100000000001E-008 -1.191031170298834E-015
  3.275400000000000E-008 -1.190550041639703E-015
  3.275700000000001E-008 -1.190550041624810E-015
  3.276000000000000E-008 -1.190068896945678E-015
  3.276300000000001E-008 -1.189587736246546E-015
  3.276600000000000E-008 -1.189106575547413E-015
  3.276900000000001E-008 -1.188625398828286E-015
  3.277200000000000E-008 -1.188144222109150E-015
  3.277500000000001E-008 -1.187663045390018E-015
  3.277800000000000E-008 -1.187181852650887E-015
  3.278100000000001E-008 -1.186700659911756E-015
  3.278400000000000E-008 -1.186219467172625E-015
  3.278700000000001E-008 -1.185738258413494E-015
  3.279000000000000E-008 -1.185257049654363E-015
  3.279300000000001E-008 -1.184775840895233E-015
  3.279600000000000E-008 -1.184294616116102E-015
  3.279900000000001E-008 -1.183813391336972E-015
  3.280200000000000E-008 -1.183332182577843E-015
  3.280500000000001E-008 -1.182850957798713E-015
  3.280800000000000E-008 -1.182369733019583E-015
  3.281100000000001E-008 -1.182369733004664E-015
  3.281400000000001E-008 -1.181888508225533E-015
  3.281700000000001E-008 -1.181407267426402E-015
  3.282000000000001E-008 -1.180926042647277E-015
  3.282300000000001E-008 -1.180444817868142E-015
  3.282600000000001E-008 -1.179963593089012E-015
  3.282900000000001E-008 -1.179482368309882E-015
  3.283200000000001E-008 -1.179001143530752E-015
  3.283500000000001E-008 -1.178519934771622E-015
  3.283800000000001E-008 -1.178038709992493E-015
  3.284100000000000E-008 -1.177557501233364E-015
  3.284400000000001E-008 -1.177076292474235E-015
  3.284700000000000E-008 -1.176595083715106E-015
  3.285000000000001E-008 -1.176113874955977E-015
  3.285300000000000E-008 -1.175632682216848E-015
  3.285600000000001E-008 -1.175151489477720E-015
  3.285900000000000E-008 -1.174670312758592E-015
  3.286200000000001E-008 -1.174189136039463E-015
  3.286500000000000E-008 -1.174189136024521E-015
  3.286800000000001E-008 -1.173707959305392E-015
  3.287100000000000E-008 -1.173226798606267E-015
  3.287400000000001E-008 -1.172745637907134E-015
  3.287700000000000E-008 -1.172264493228005E-015
  3.288000000000001E-008 -1.171783348548877E-015
  3.288300000000000E-008 -1.171302219889748E-015
  3.288600000000001E-008 -1.170821107250620E-015
  3.288900000000000E-008 -1.170339994611491E-015
  3.289200000000001E-008 -1.169858881972364E-015
  3.289500000000000E-008 -1.169377801373236E-015
  3.289800000000001E-008 -1.168896720774108E-015
  3.290100000000000E-008 -1.168415656194980E-015
  3.290400000000001E-008 -1.167934607635852E-015
  3.290700000000000E-008 -1.167453559076725E-015
  3.291000000000001E-008 -1.166972526537598E-015
  3.291300000000000E-008 -1.166491526038470E-015
  3.291600000000001E-008 -1.166010525539343E-015
  3.291900000000001E-008 -1.166010525524382E-015
  3.292200000000001E-008 -1.165529525025259E-015
  3.292500000000001E-008 -1.165048556566127E-015
  3.292800000000001E-008 -1.164567604126999E-015
  3.293100000000001E-008 -1.164086667707872E-015
  3.293400000000001E-008 -1.163605747308744E-015
  3.293700000000001E-008 -1.163124842929616E-015
  3.294000000000001E-008 -1.162643938550490E-015
  3.294300000000001E-008 -1.162163066211363E-015
  3.294600000000001E-008 -1.161682225912236E-015
  3.294900000000001E-008 -1.161201385613108E-015
  3.295200000000000E-008 -1.160720561333982E-015
  3.295500000000001E-008 -1.160239769094855E-015
  3.295800000000000E-008 -1.159758992875728E-015
  3.296100000000001E-008 -1.159278232676602E-015
  3.296400000000000E-008 -1.158797488497475E-015
  3.296700000000001E-008 -1.158316776358349E-015
  3.297000000000000E-008 -1.157836080239223E-015
  3.297300000000001E-008 -1.157836080224247E-015
  3.297600000000000E-008 -1.157355400125125E-015
  3.297900000000001E-008 -1.156874752065994E-015
  3.298200000000000E-008 -1.156394120026867E-015
  3.298500000000001E-008 -1.155913520027741E-015
  3.298800000000000E-008 -1.155432936048614E-015
  3.299100000000001E-008 -1.154952384109488E-015
  3.299400000000000E-008 -1.154471848190361E-015
  3.299700000000001E-008 -1.153991328291235E-015
  3.300000000000000E-008 -1.153510840432109E-015
  3.300300000000001E-008 -1.153030384612983E-015
  3.300600000000000E-008 -1.152549960833857E-015
  3.300900000000001E-008 -1.152069553074731E-015
  3.301200000000000E-008 -1.151589161335605E-015
  3.301500000000001E-008 -1.151108817656480E-015
  3.301800000000000E-008 -1.150628489997354E-015
  3.302100000000001E-008 -1.150148194378228E-015
  3.302400000000001E-008 -1.149667914779103E-015
  3.302700000000001E-008 -1.149187683239977E-015
  3.303000000000001E-008 -1.149187683224990E-015
  3.303300000000001E-008 -1.148707467705864E-015
  3.303600000000001E-008 -1.148227284226739E-015
  3.303900000000001E-008 -1.147747132787613E-015
  3.304200000000001E-008 -1.147267013388487E-015
  3.304500000000001E-008 -1.146786926029361E-015
  3.304800000000001E-008 -1.146306870710236E-015
  3.305100000000001E-008 -1.145826831411110E-015
  3.305400000000001E-008 -1.145346840171985E-015
  3.305700000000000E-008 -1.144866880972859E-015
  3.306000000000001E-008 -1.144386937793734E-015
  3.306300000000000E-008 -1.143907042674609E-015
  3.306600000000001E-008 -1.143427179595483E-015
  3.306900000000000E-008 -1.142947348556358E-015
  3.307200000000001E-008 -1.142467549557233E-015
  3.307500000000000E-008 -1.141987798618108E-015
  3.307800000000001E-008 -1.141508063698983E-015
  3.308100000000000E-008 -1.141028376839858E-015
  3.308400000000001E-008 -1.141028376824863E-015
  3.308700000000000E-008 -1.140548722005738E-015
  3.309000000000001E-008 -1.140069099226613E-015
  3.309300000000000E-008 -1.139589524507488E-015
  3.309600000000001E-008 -1.139109981828362E-015
  3.309900000000000E-008 -1.138630471189237E-015
  3.310200000000001E-008 -1.138151008610112E-015
  3.310500000000000E-008 -1.137671578070987E-015
  3.310800000000001E-008 -1.137192179571862E-015
  3.311100000000000E-008 -1.136712829132737E-015
  3.311400000000001E-008 -1.136233510733612E-015
  3.311700000000000E-008 -1.135754240394487E-015
  3.312000000000001E-008 -1.135275002095363E-015
  3.312300000000000E-008 -1.134795811856237E-015
  3.312600000000001E-008 -1.134316653657113E-015
  3.312900000000001E-008 -1.133837543517988E-015
  3.313200000000001E-008 -1.133358465418863E-015
  3.313500000000001E-008 -1.132879435379738E-015
  3.313800000000001E-008 -1.132879435364740E-015
  3.314100000000001E-008 -1.132400453385616E-015
  3.314400000000001E-008 -1.131921519466490E-015
  3.314700000000001E-008 -1.131442617587366E-015
  3.315000000000001E-008 -1.130963763768240E-015
  3.315300000000001E-008 -1.130484941989116E-015
  3.315600000000001E-008 -1.130006168269991E-015
  3.315900000000001E-008 -1.129527442610866E-015
  3.316200000000000E-008 -1.129048765011742E-015
  3.316500000000001E-008 -1.128570135472617E-015
  3.316800000000000E-008 -1.128091553993492E-015
  3.317100000000001E-008 -1.127613004554367E-015
  3.317400000000000E-008 -1.127134519195242E-015
  3.317700000000001E-008 -1.126656065876118E-015
  3.318000000000000E-008 -1.126177660616993E-015
  3.318300000000001E-008 -1.125699303417868E-015
  3.318600000000000E-008 -1.125220994278743E-015
  3.318900000000001E-008 -1.124742733199618E-015
  3.319200000000000E-008 -1.124742733184621E-015
  3.319500000000001E-008 -1.124264536185495E-015
  3.319800000000000E-008 -1.123786371226371E-015
  3.320100000000001E-008 -1.123308254327246E-015
  3.320400000000000E-008 -1.122830201508121E-015
  3.320700000000001E-008 -1.122352180728997E-015
  3.321000000000000E-008 -1.121874224029872E-015
  3.321300000000001E-008 -1.121396315390747E-015
  3.321600000000000E-008 -1.120918454811622E-015
  3.321900000000001E-008 -1.120440642292498E-015
  3.322200000000000E-008 -1.119962893853373E-015
  3.322500000000001E-008 -1.119485177454248E-015
  3.322800000000000E-008 -1.119007525135125E-015
  3.323100000000001E-008 -1.118529936895999E-015
  3.323400000000000E-008 -1.118052380696873E-015
  3.323700000000001E-008 -1.117574888577749E-015
  3.324000000000001E-008 -1.117097444518623E-015
  3.324300000000001E-008 -1.116620064539498E-015
  3.324600000000001E-008 -1.116620064524504E-015
  3.324900000000001E-008 -1.116142732605380E-015
  3.325200000000001E-008 -1.115665464766254E-015
  3.325500000000001E-008 -1.115188244987130E-015
  3.325800000000001E-008 -1.114711073268005E-015
  3.326100000000001E-008 -1.114233965628880E-015
  3.326400000000001E-008 -1.113756922069755E-015
  3.326700000000001E-008 -1.113279910550631E-015
  3.327000000000001E-008 -1.112802979131505E-015
  3.327300000000000E-008 -1.112326095772381E-015
  3.327600000000001E-008 -1.111849276493255E-015
  3.327900000000000E-008 -1.111372505274132E-015
  3.328200000000001E-008 -1.110895798135006E-015
  3.328500000000000E-008 -1.110419155075880E-015
  3.328800000000001E-008 -1.109942560076755E-015
  3.329100000000000E-008 -1.109466029157630E-015
  3.329400000000001E-008 -1.108989562318505E-015
  3.329700000000000E-008 -1.108513143539379E-015
  3.330000000000001E-008 -1.108513143524391E-015
  3.330300000000000E-008 -1.108036788825266E-015
  3.330600000000001E-008 -1.107560498206141E-015
  3.330900000000000E-008 -1.107084271667016E-015
  3.331200000000001E-008 -1.106608093187891E-015
  3.331500000000000E-008 -1.106131994808766E-015
  3.331800000000001E-008 -1.105655944489641E-015
  3.332100000000000E-008 -1.105179958250516E-015
  3.332400000000001E-008 -1.104704036091390E-015
  3.332700000000000E-008 -1.104228178012265E-015
  3.333000000000001E-008 -1.103752384013142E-015
  3.333300000000000E-008 -1.103276654094015E-015
  3.333600000000001E-008 -1.102800988254889E-015
  3.333900000000000E-008 -1.102325386495763E-015
  3.334200000000001E-008 -1.101849848816637E-015
  3.334500000000001E-008 -1.101374375217512E-015
  3.334800000000001E-008 -1.100898965698386E-015
  3.335100000000001E-008 -1.100423620259260E-015
  3.335400000000001E-008 -1.100423620244281E-015
  3.335700000000001E-008 -1.099948338885156E-015
  3.336000000000001E-008 -1.099473137626031E-015
  3.336300000000001E-008 -1.098997984426905E-015
  3.336600000000001E-008 -1.098522911327780E-015
  3.336900000000001E-008 -1.098047902308654E-015
  3.337200000000001E-008 -1.097572957369529E-015
  3.337500000000001E-008 -1.097098076510403E-015
  3.337800000000000E-008 -1.096623275751276E-015
  3.338100000000001E-008 -1.096148523052154E-015
  3.338400000000000E-008 -1.095673850453026E-015
  3.338700000000001E-008 -1.095199257953899E-015
  3.339000000000000E-008 -1.094724713514773E-015
  3.339300000000001E-008 -1.094250249175647E-015
  3.339600000000000E-008 -1.093775864936521E-015
  3.339900000000001E-008 -1.093301528757394E-015
  3.340200000000000E-008 -1.092827272678268E-015
  3.340500000000001E-008 -1.092353096699141E-015
  3.340800000000000E-008 -1.092353096684175E-015
  3.341100000000001E-008 -1.091878984785049E-015
  3.341400000000000E-008 -1.091404936965923E-015
  3.341700000000001E-008 -1.090930969246798E-015
  3.342000000000000E-008 -1.090457081627671E-015
  3.342300000000001E-008 -1.089983242068545E-015
  3.342600000000000E-008 -1.089509498629419E-015
  3.342900000000001E-008 -1.089035819270292E-015
  3.343200000000000E-008 -1.088562203991165E-015
  3.343500000000001E-008 -1.088088668812042E-015
  3.343800000000000E-008 -1.087615213732913E-015
  3.344100000000001E-008 -1.087141822733785E-015
  3.344400000000000E-008 -1.086668511834659E-015
  3.344700000000001E-008 -1.086195281035532E-015
  3.345000000000001E-008 -1.085722114316405E-015
  3.345300000000001E-008 -1.085249027697278E-015
  3.345600000000001E-008 -1.084776021178150E-015
  3.345900000000001E-008 -1.084303078739023E-015
  3.346200000000001E-008 -1.083830216399895E-015
  3.346500000000001E-008 -1.083830216384945E-015
  3.346800000000001E-008 -1.083357434145819E-015
  3.347100000000001E-008 -1.082884732006692E-015
  3.347400000000001E-008 -1.082412093947565E-015
  3.347700000000001E-008 -1.081939552008438E-015
  3.348000000000001E-008 -1.081467074149311E-015
  3.348300000000001E-008 -1.080994676390183E-015
  3.348600000000001E-008 -1.080522358731059E-015
  3.348900000000000E-008 -1.080050105151929E-015
  3.349200000000001E-008 -1.079577947692801E-015
  3.349500000000000E-008 -1.079105870333673E-015
  3.349800000000001E-008 -1.078633857054546E-015
  3.350100000000000E-008 -1.078161939895418E-015
  3.350400000000001E-008 -1.077690086816290E-015
  3.350700000000000E-008 -1.077218329857162E-015
  3.351000000000001E-008 -1.076746636978033E-015
  3.351300000000000E-008 -1.076275040218905E-015
  3.351600000000001E-008 -1.075803507539776E-015
  3.351900000000000E-008 -1.075803507524845E-015
  3.352200000000001E-008 -1.075332070965717E-015
  3.352500000000000E-008 -1.074860714506590E-015
  3.352800000000001E-008 -1.074389438147462E-015
  3.353100000000000E-008 -1.073918241888334E-015
  3.353400000000001E-008 -1.073447125729205E-015
  3.353700000000000E-008 -1.072976089670080E-015
  3.354000000000001E-008 -1.072505133710949E-015
  3.354300000000000E-008 -1.072034273871820E-015
  3.354600000000001E-008 -1.071563494132692E-015
  3.354900000000000E-008 -1.071092794493563E-015
  3.355200000000001E-008 -1.070622174954434E-015
  3.355500000000000E-008 -1.070151635515305E-015
  3.355800000000001E-008 -1.069681192196176E-015
  3.356100000000001E-008 -1.069210828977046E-015
  3.356400000000001E-008 -1.068740561877917E-015
  3.356700000000001E-008 -1.068270358858787E-015
  3.357000000000001E-008 -1.067800251959657E-015
  3.357300000000001E-008 -1.067800251944747E-015
  3.357600000000001E-008 -1.067330241165618E-015
  3.357900000000001E-008 -1.066860294466490E-015
  3.358200000000001E-008 -1.066390459907360E-015
  3.358500000000001E-008 -1.065920689428231E-015
  3.358800000000001E-008 -1.065451015069106E-015
  3.359100000000001E-008 -1.064981436829973E-015
  3.359400000000000E-008 -1.064511922670844E-015
  3.359700000000001E-008 -1.064042520651714E-015
  3.360000000000000E-008 -1.063573198732584E-015
  3.360300000000001E-008 -1.063103956913454E-015
  3.360600000000000E-008 -1.062634811214324E-015
  3.360900000000001E-008 -1.062165745615193E-015
  3.361200000000000E-008 -1.061696776136063E-015
  3.361500000000001E-008 -1.061227886756932E-015
  3.361800000000000E-008 -1.060759109517801E-015
  3.362100000000001E-008 -1.060290396358670E-015
  3.362400000000000E-008 -1.059821779319539E-015
  3.362700000000001E-008 -1.059821779304653E-015
  3.363000000000000E-008 -1.059353258385523E-015
  3.363300000000001E-008 -1.058884833586393E-015
  3.363600000000000E-008 -1.058416488887262E-015
  3.363900000000001E-008 -1.057948240308136E-015
  3.364200000000000E-008 -1.057480087849001E-015
  3.364500000000001E-008 -1.057012015489870E-015
  3.364800000000000E-008 -1.056544039250740E-015
  3.365100000000001E-008 -1.056076159131609E-015
  3.365400000000000E-008 -1.055608359112478E-015
  3.365700000000001E-008 -1.055140671233346E-015
  3.366000000000000E-008 -1.054673063454214E-015
  3.366300000000001E-008 -1.054205535775083E-015
  3.366600000000001E-008 -1.053738120235951E-015
  3.366900000000001E-008 -1.053270800816819E-015
  3.367200000000001E-008 -1.052803561497686E-015
  3.367500000000001E-008 -1.052336418298554E-015
  3.367800000000001E-008 -1.051869371219421E-015
  3.368100000000001E-008 -1.051869371204561E-015
  3.368400000000001E-008 -1.051402436265429E-015
  3.368700000000001E-008 -1.050935565406298E-015
  3.369000000000001E-008 -1.050468806687171E-015
  3.369300000000001E-008 -1.050002144088035E-015
  3.369600000000001E-008 -1.049535577608903E-015
  3.369900000000000E-008 -1.049069107249770E-015
  3.370200000000001E-008 -1.048602716990638E-015
  3.370500000000000E-008 -1.048136438871506E-015
  3.370800000000001E-008 -1.047670256872373E-015
  3.371100000000000E-008 -1.047204154973240E-015
  3.371400000000001E-008 -1.046738165214107E-015
  3.371700000000000E-008 -1.046272271574974E-015
  3.372000000000001E-008 -1.045806474055840E-015
  3.372300000000000E-008 -1.045340772656706E-015
  3.372600000000001E-008 -1.044875167377572E-015
  3.372900000000000E-008 -1.044409658218438E-015
  3.373200000000001E-008 -1.043944261199304E-015
  3.373500000000000E-008 -1.043944261184472E-015
  3.373800000000001E-008 -1.043478944265339E-015
  3.374100000000000E-008 -1.043013739486211E-015
  3.374400000000001E-008 -1.042548630827073E-015
  3.374700000000000E-008 -1.042083618287940E-015
  3.375000000000001E-008 -1.041618701868807E-015
  3.375300000000000E-008 -1.041153897589672E-015
  3.375600000000001E-008 -1.040689173410538E-015
  3.375900000000000E-008 -1.040224561371404E-015
  3.376200000000001E-008 -1.039760045452270E-015
  3.376500000000000E-008 -1.039295641673135E-015
  3.376800000000001E-008 -1.038831334014001E-015
  3.377100000000001E-008 -1.038367122474865E-015
  3.377400000000001E-008 -1.037903007055730E-015
  3.377700000000001E-008 -1.037439003776595E-015
  3.378000000000001E-008 -1.036975096617459E-015
  3.378300000000001E-008 -1.036511285578323E-015
  3.378600000000001E-008 -1.036047586679187E-015
  3.378900000000001E-008 -1.036047586664386E-015
  3.379200000000001E-008 -1.035583983885257E-015
  3.379500000000001E-008 -1.035120493246117E-015
  3.379800000000001E-008 -1.034657098726982E-015
  3.380100000000001E-008 -1.034193816347847E-015
  3.380400000000001E-008 -1.033730614068712E-015
  3.380700000000001E-008 -1.033267539949576E-015
  3.381000000000000E-008 -1.032804561950441E-015
  3.381300000000001E-008 -1.032341680071305E-015
  3.381600000000000E-008 -1.031878910332169E-015
  3.381900000000001E-008 -1.031416236713032E-015
  3.382200000000000E-008 -1.030953675233896E-015
  3.382500000000001E-008 -1.030491209874759E-015
  3.382800000000000E-008 -1.030028856655622E-015
  3.383100000000001E-008 -1.029566615576484E-015
  3.383400000000000E-008 -1.029104470617347E-015
  3.383700000000001E-008 -1.028642421778209E-015
  3.384000000000000E-008 -1.028180501099072E-015
  3.384300000000001E-008 -1.027718676539933E-015
  3.384600000000000E-008 -1.027718676525167E-015
  3.384900000000001E-008 -1.027256948086030E-015
  3.385200000000000E-008 -1.026795331786894E-015
  3.385500000000001E-008 -1.026333827627757E-015
  3.385800000000000E-008 -1.025872435608620E-015
  3.386100000000001E-008 -1.025411139709482E-015
  3.386400000000000E-008 -1.024949955950345E-015
  3.386700000000001E-008 -1.024488868311207E-015
  3.387000000000000E-008 -1.024027908832069E-015
  3.387300000000001E-008 -1.023567045472931E-015
  3.387600000000001E-008 -1.023106278233792E-015
  3.387900000000001E-008 -1.022645639154653E-015
  3.388200000000001E-008 -1.022185096195514E-015
  3.388500000000001E-008 -1.021724665376375E-015
  3.388800000000001E-008 -1.021264346697236E-015
  3.389100000000001E-008 -1.020804140158096E-015
  3.389400000000001E-008 -1.020344045758956E-015
  3.389700000000001E-008 -1.019884047479816E-015
  3.390000000000001E-008 -1.019884047465085E-015
  3.390300000000001E-008 -1.019424161325946E-015
  3.390600000000001E-008 -1.018964387326808E-015
  3.390900000000001E-008 -1.018504725467669E-015
  3.391200000000001E-008 -1.018045175748530E-015
  3.391500000000000E-008 -1.017585738169390E-015
  3.391800000000001E-008 -1.017126412730251E-015
  3.392100000000000E-008 -1.016667183411111E-015
  3.392400000000001E-008 -1.016208082251971E-015
  3.392700000000000E-008 -1.015749077212831E-015
  3.393000000000001E-008 -1.015290200333690E-015
  3.393300000000000E-008 -1.014831419574549E-015
  3.393600000000001E-008 -1.014372766975408E-015
  3.393900000000000E-008 -1.013914210496267E-015
  3.394200000000001E-008 -1.013455766157125E-015
  3.394500000000000E-008 -1.012997449977984E-015
  3.394800000000001E-008 -1.012539229918841E-015
  3.395100000000000E-008 -1.012081138019699E-015
  3.395400000000001E-008 -1.012081138005006E-015
  3.395700000000000E-008 -1.011623158245865E-015
  3.396000000000001E-008 -1.011165274606725E-015
  3.396300000000000E-008 -1.010707519127583E-015
  3.396600000000001E-008 -1.010249875788442E-015
  3.396900000000000E-008 -1.009792344589301E-015
  3.397200000000001E-008 -1.009334925530159E-015
  3.397500000000000E-008 -1.008877618611017E-015
  3.397800000000001E-008 -1.008420423831875E-015
  3.398100000000000E-008 -1.007963357212732E-015
  3.398400000000001E-008 -1.007506402733590E-015
  3.398700000000001E-008 -1.007049560394447E-015
  3.399000000000001E-008 -1.006592830195303E-015
  3.399300000000001E-008 -1.006136212136159E-015
  3.399600000000001E-008 -1.005679706217016E-015
  3.399900000000001E-008 -1.005223328457872E-015
  3.400200000000001E-008 -1.004767062838727E-015
  3.400500000000001E-008 -1.004310909359583E-015
  3.400800000000001E-008 -1.004310909344929E-015
  3.401100000000001E-008 -1.003854868005786E-015
  3.401400000000001E-008 -1.003398954826643E-015
  3.401700000000001E-008 -1.002943153787500E-015
  3.402000000000001E-008 -1.002487464888357E-015
  3.402300000000001E-008 -1.002031904149213E-015
  3.402600000000000E-008 -1.001576455550069E-015
  3.402900000000001E-008 -1.001121119090925E-015
  3.403200000000000E-008 -1.000665910791780E-015
  3.403500000000001E-008 -1.000210814632635E-015
  3.403800000000000E-008 -9.997558306134901E-016
  3.404100000000001E-008 -9.993009587343450E-016
  3.404400000000000E-008 -9.988462150151993E-016
  3.404700000000001E-008 -9.983915994560547E-016
  3.405000000000000E-008 -9.979370960369077E-016
  3.405300000000001E-008 -9.974827047577608E-016
  3.405600000000000E-008 -9.970284416386142E-016
  3.405900000000001E-008 -9.965742906594672E-016
  3.406200000000000E-008 -9.965742906448541E-016
  3.406500000000001E-008 -9.961202518057096E-016
  3.406800000000000E-008 -9.956663411265645E-016
  3.407100000000001E-008 -9.952125586074189E-016
  3.407400000000000E-008 -9.947588882282731E-016
  3.407700000000001E-008 -9.943053299891272E-016
  3.408000000000000E-008 -9.938518999099807E-016
  3.408300000000001E-008 -9.933985819708343E-016
  3.408600000000000E-008 -9.929453921916875E-016
  3.408900000000001E-008 -9.924923305725403E-016
  3.409200000000001E-008 -9.920393810933929E-016
  3.409500000000001E-008 -9.915865597742448E-016
  3.409800000000001E-008 -9.911338505950982E-016
  3.410100000000001E-008 -9.906812535559492E-016
  3.410400000000001E-008 -9.902288006968000E-016
  3.410700000000001E-008 -9.897764599776513E-016
  3.411000000000001E-008 -9.893242313985020E-016
  3.411300000000001E-008 -9.888721309793523E-016
  3.411600000000001E-008 -9.888721309647828E-016
  3.411900000000001E-008 -9.884201587056358E-016
  3.412200000000001E-008 -9.879683146064878E-016
  3.412500000000001E-008 -9.875165826473396E-016
  3.412800000000001E-008 -9.870649628281922E-016
  3.413100000000000E-008 -9.866134871890433E-016
  3.413400000000001E-008 -9.861621236898948E-016
  3.413700000000000E-008 -9.857108883507455E-016
  3.414000000000001E-008 -9.852597651515962E-016
  3.414300000000000E-008 -9.848087701124467E-016
  3.414600000000001E-008 -9.843579032332962E-016
  3.414900000000000E-008 -9.839071645141480E-016
  3.415200000000001E-008 -9.834565379349963E-016
  3.415500000000000E-008 -9.830060395158450E-016
  3.415800000000001E-008 -9.825556692566940E-016
  3.416100000000000E-008 -9.821054271575424E-016
  3.416400000000001E-008 -9.816552971983904E-016
  3.416700000000000E-008 -9.812053114192385E-016
  3.417000000000001E-008 -9.812053114047136E-016
  3.417300000000000E-008 -9.807554377655639E-016
  3.417600000000001E-008 -9.803056922864135E-016
  3.417900000000000E-008 -9.798560589472636E-016
  3.418200000000001E-008 -9.794065697881127E-016
  3.418500000000000E-008 -9.789571927689617E-016
  3.418800000000001E-008 -9.785079439098104E-016
  3.419100000000000E-008 -9.780588232106587E-016
  3.419400000000001E-008 -9.776098306715072E-016
  3.419700000000001E-008 -9.771609662923541E-016
  3.420000000000001E-008 -9.767122140532041E-016
  3.420300000000001E-008 -9.762636059940499E-016
  3.420600000000001E-008 -9.758151260948958E-016
  3.420900000000001E-008 -9.753667583357426E-016
  3.421200000000001E-008 -9.749185187365887E-016
  3.421500000000001E-008 -9.744704072974347E-016
  3.421800000000001E-008 -9.740224400382802E-016
  3.422100000000001E-008 -9.735745849191255E-016
  3.422400000000001E-008 -9.731268579599703E-016
  3.422700000000001E-008 -9.731268579454947E-016
  3.423000000000001E-008 -9.726792591463419E-016
  3.423300000000001E-008 -9.722317885071889E-016
  3.423600000000000E-008 -9.717844460280356E-016
  3.423900000000001E-008 -9.713372317088820E-016
  3.424200000000000E-008 -9.708901455497278E-016
  3.424500000000001E-008 -9.704431875505739E-016
  3.424800000000000E-008 -9.699963577114185E-016
  3.425100000000001E-008 -9.695496560322665E-016
  3.425400000000000E-008 -9.691030825131098E-016
  3.425700000000001E-008 -9.686566531739531E-016
  3.426000000000000E-008 -9.682103359747975E-016
  3.426300000000001E-008 -9.677641469356414E-016
  3.426600000000000E-008 -9.673181020764847E-016
  3.426900000000001E-008 -9.668721693573277E-016
  3.427200000000000E-008 -9.664263808181707E-016
  3.427500000000001E-008 -9.659807204390132E-016
  3.427800000000000E-008 -9.655351721998552E-016
  3.428100000000001E-008 -9.655351721854277E-016
  3.428400000000000E-008 -9.650897681262722E-016
  3.428700000000001E-008 -9.646444922271172E-016
  3.429000000000000E-008 -9.641993605079604E-016
  3.429300000000001E-008 -9.637543409288044E-016
  3.429600000000000E-008 -9.633094655296475E-016
  3.429900000000001E-008 -9.628647022704900E-016
  3.430200000000001E-008 -9.624200831913358E-016
  3.430500000000001E-008 -9.619755922721761E-016
  3.430800000000001E-008 -9.615312455330172E-016
  3.431100000000001E-008 -9.610870109338592E-016
  3.431400000000001E-008 -9.606429205147004E-016
  3.431700000000001E-008 -9.601989582555411E-016
  3.432000000000001E-008 -9.597551241563816E-016
  3.432300000000001E-008 -9.593114182172222E-016
  3.432600000000001E-008 -9.588678564580622E-016
  3.432900000000001E-008 -9.584244228589018E-016
  3.433200000000001E-008 -9.579811174197409E-016
  3.433500000000001E-008 -9.579811174053632E-016
  3.433800000000001E-008 -9.575379401262053E-016
  3.434100000000001E-008 -9.570949070270466E-016
  3.434400000000001E-008 -9.566520020878877E-016
  3.434700000000000E-008 -9.562092253087286E-016
  3.435000000000001E-008 -9.557665927095690E-016
  3.435300000000000E-008 -9.553240882704084E-016
  3.435600000000001E-008 -9.548817119912515E-016
  3.435900000000000E-008 -9.544394638720887E-016
  3.436200000000001E-008 -9.539973599329275E-016
  3.436500000000000E-008 -9.535554001737660E-016
  3.436800000000001E-008 -9.531135525546043E-016
  3.437100000000000E-008 -9.526718491154424E-016
  3.437400000000001E-008 -9.522302738362801E-016
  3.437700000000000E-008 -9.517888427371174E-016
  3.438000000000001E-008 -9.513475397979546E-016
  3.438300000000000E-008 -9.509063810387913E-016
  3.438600000000001E-008 -9.504653344196274E-016
  3.438900000000000E-008 -9.504653344053015E-016
  3.439200000000001E-008 -9.500244479861399E-016
  3.439500000000000E-008 -9.495836737069784E-016
  3.439800000000001E-008 -9.491430436078170E-016
  3.440100000000000E-008 -9.487025576886548E-016
  3.440400000000001E-008 -9.482621999294916E-016
  3.440700000000000E-008 -9.478219703303327E-016
  3.441000000000001E-008 -9.473818849111665E-016
  3.441300000000001E-008 -9.469419276520027E-016
  3.441600000000001E-008 -9.465021145728392E-016
  3.441900000000001E-008 -9.460624456736744E-016
  3.442200000000001E-008 -9.456228889145103E-016
  3.442500000000001E-008 -9.451834923553449E-016
  3.442800000000001E-008 -9.447442079361798E-016
  3.443100000000001E-008 -9.443050837170140E-016
  3.443400000000001E-008 -9.438660716378480E-016
  3.443700000000001E-008 -9.434272197586817E-016
  3.444000000000001E-008 -9.429884960395148E-016
  3.444300000000001E-008 -9.429884960252409E-016
  3.444600000000001E-008 -9.425499004660773E-016
  3.444900000000001E-008 -9.421114490869124E-016
  3.445200000000000E-008 -9.416731258677480E-016
  3.445500000000001E-008 -9.412349468285827E-016
  3.445800000000000E-008 -9.407969119694208E-016
  3.446100000000001E-008 -9.403590052702521E-016
  3.446400000000000E-008 -9.399212427510852E-016
  3.446700000000001E-008 -9.394836083919189E-016
  3.447000000000000E-008 -9.390461182127521E-016
  3.447300000000001E-008 -9.386087722135844E-016
  3.447600000000000E-008 -9.381715543744169E-016
  3.447900000000001E-008 -9.377344807152489E-016
  3.448200000000000E-008 -9.372975352160804E-016
  3.448500000000001E-008 -9.368607338969118E-016
  3.448800000000000E-008 -9.364240767577428E-016
  3.449100000000001E-008 -9.359875477785731E-016
  3.449400000000000E-008 -9.355511629794034E-016
  3.449700000000001E-008 -9.355511629651840E-016
  3.450000000000000E-008 -9.351149223460163E-016
  3.450300000000001E-008 -9.346788098868492E-016
  3.450600000000000E-008 -9.342428416076804E-016
  3.450900000000001E-008 -9.338070014885169E-016
  3.451200000000000E-008 -9.333713215693447E-016
  3.451500000000001E-008 -9.329357698101753E-016
  3.451800000000001E-008 -9.325003622310061E-016
  3.452100000000001E-008 -9.320650828118364E-016
  3.452400000000001E-008 -9.316299475726662E-016
  3.452700000000001E-008 -9.311949565134961E-016
  3.453000000000001E-008 -9.307601096343250E-016
  3.453300000000001E-008 -9.303253909151539E-016
  3.453600000000001E-008 -9.298908163759825E-016
  3.453900000000001E-008 -9.294563860168105E-016
  3.454200000000001E-008 -9.290220998376383E-016
  3.454500000000001E-008 -9.285879418184653E-016
  3.454800000000001E-008 -9.281539279792927E-016
  3.455100000000001E-008 -9.281539279651284E-016
  3.455400000000001E-008 -9.277200583059581E-016
  3.455700000000000E-008 -9.272863328267868E-016
  3.456000000000001E-008 -9.268527355076201E-016
  3.456300000000000E-008 -9.264192823684455E-016
  3.456600000000001E-008 -9.259859894292726E-016
  3.456900000000000E-008 -9.255528086301011E-016
  3.457200000000001E-008 -9.251197880309288E-016
  3.457500000000000E-008 -9.246869116117556E-016
  3.457800000000001E-008 -9.242541633525823E-016
  3.458100000000000E-008 -9.238215592734090E-016
  3.458400000000001E-008 -9.233890993742349E-016
  3.458700000000000E-008 -9.229567836550605E-016
  3.459000000000001E-008 -9.225246121158855E-016
  3.459300000000000E-008 -9.220925687367103E-016
  3.459600000000001E-008 -9.216606855575351E-016
  3.459900000000000E-008 -9.212289305383591E-016
  3.460200000000001E-008 -9.207973196991829E-016
  3.460500000000000E-008 -9.207973196850749E-016
  3.460800000000001E-008 -9.203658530259012E-016
  3.461100000000000E-008 -9.199345305467320E-016
  3.461400000000001E-008 -9.195033522475537E-016
  3.461700000000000E-008 -9.190723181283789E-016
  3.462000000000001E-008 -9.186414281892037E-016
  3.462300000000001E-008 -9.182106664100286E-016
  3.462600000000001E-008 -9.177800648308525E-016
  3.462900000000001E-008 -9.173495914116767E-016
  3.463200000000001E-008 -9.169192781925000E-016
  3.463500000000001E-008 -9.164890931333232E-016
  3.463800000000001E-008 -9.160590522541459E-016
  3.464100000000001E-008 -9.156291555549682E-016
  3.464400000000001E-008 -9.151994190557902E-016
  3.464700000000001E-008 -9.147698107166116E-016
  3.465000000000001E-008 -9.143403465574328E-016
  3.465300000000001E-008 -9.139110265782536E-016
  3.465600000000001E-008 -9.134818507790740E-016
  3.465900000000001E-008 -9.130528191598939E-016
  3.466200000000001E-008 -9.130528191458516E-016
  3.466500000000001E-008 -9.126239317066701E-016
  3.466800000000000E-008 -9.121951884474923E-016
  3.467100000000001E-008 -9.117665893683145E-016
  3.467400000000000E-008 -9.113381344691361E-016
  3.467700000000001E-008 -9.109098237499577E-016
  3.468000000000000E-008 -9.104816572107788E-016
  3.468300000000001E-008 -9.100536508715990E-016
  3.468600000000000E-008 -9.096257726924193E-016
  3.468900000000001E-008 -9.091980386932389E-016
  3.469200000000000E-008 -9.087704488740583E-016
  3.469500000000001E-008 -9.083430032348773E-016
  3.469800000000000E-008 -9.079157177956958E-016
  3.470100000000001E-008 -9.074885605165141E-016
  3.470400000000000E-008 -9.070615634373319E-016
  3.470700000000001E-008 -9.066346945181490E-016
  3.471000000000000E-008 -9.062079857989664E-016
  3.471300000000001E-008 -9.057814052397826E-016
  3.471600000000000E-008 -9.057814052257949E-016
  3.471900000000001E-008 -9.053549848666144E-016
  3.472200000000000E-008 -9.049287086874336E-016
  3.472500000000001E-008 -9.045025766882522E-016
  3.472800000000000E-008 -9.040765888690706E-016
  3.473100000000001E-008 -9.036507452298887E-016
  3.473400000000001E-008 -9.032250617907058E-016
  3.473700000000001E-008 -9.027995065115233E-016
  3.474000000000001E-008 -9.023741114323398E-016
  3.474300000000001E-008 -9.019488445131563E-016
  3.474600000000001E-008 -9.015237377939724E-016
  3.474900000000001E-008 -9.010987752547879E-016
  3.475200000000001E-008 -9.006739568956030E-016
  3.475500000000001E-008 -9.002492827164176E-016
  3.475800000000001E-008 -8.998247687372319E-016
  3.476100000000001E-008 -8.994003829180457E-016
  3.476400000000001E-008 -8.989761572988596E-016
  3.476700000000001E-008 -8.985520758596724E-016
  3.477000000000001E-008 -8.985520758457445E-016
  3.477300000000000E-008 -8.981281385865606E-016
  3.477600000000001E-008 -8.977043455073768E-016
  3.477900000000000E-008 -8.972807126281914E-016
  3.478200000000001E-008 -8.968572079090067E-016
  3.478500000000000E-008 -8.964338633898212E-016
  3.478800000000001E-008 -8.960106630506352E-016
  3.479100000000000E-008 -8.955876068914489E-016
  3.479400000000001E-008 -8.951647109322625E-016
  3.479700000000000E-008 -8.947419591530747E-016
  3.480000000000001E-008 -8.943193355338877E-016
  3.480300000000000E-008 -8.938968881346995E-016
  3.480600000000001E-008 -8.934745688955114E-016
  3.480900000000000E-008 -8.930524098563223E-016
  3.481200000000001E-008 -8.926303789771330E-016
  3.481500000000000E-008 -8.922085082979443E-016
  3.481800000000001E-008 -8.917867978187539E-016
  3.482100000000000E-008 -8.913652154995631E-016
  3.482400000000001E-008 -8.913652154856963E-016
  3.482700000000000E-008 -8.909437933665090E-016
  3.483000000000001E-008 -8.905225154273217E-016
  3.483300000000000E-008 -8.901013976881328E-016
  3.483600000000001E-008 -8.896804081089444E-016
  3.483900000000001E-008 -8.892595787297553E-016
  3.484200000000001E-008 -8.888388935305664E-016
  3.484500000000001E-008 -8.884183685313763E-016
  3.484800000000001E-008 -8.879979877121859E-016
  3.485100000000001E-008 -8.875777510729950E-016
  3.485400000000001E-008 -8.871576586138043E-016
  3.485700000000001E-008 -8.867377263546126E-016
  3.486000000000001E-008 -8.863179382754208E-016
  3.486300000000001E-008 -8.858982943762283E-016
  3.486600000000001E-008 -8.854788106770365E-016
  3.486900000000001E-008 -8.850594711578428E-016
  3.487200000000001E-008 -8.846402758186488E-016
  3.487500000000001E-008 -8.842212246594549E-016
  3.487800000000001E-008 -8.842212246456502E-016
  3.488100000000001E-008 -8.838023336864596E-016
  3.488400000000000E-008 -8.833836029272676E-016
  3.488700000000001E-008 -8.829650003280762E-016
  3.489000000000000E-008 -8.825465579288843E-016
  3.489300000000001E-008 -8.821282757296912E-016
  3.489600000000000E-008 -8.817101216904984E-016
  3.489900000000001E-008 -8.812921278513055E-016
  3.490200000000000E-008 -8.808742942121109E-016
  3.490500000000001E-008 -8.804565887329173E-016
  3.490800000000000E-008 -8.800390594737223E-016
  3.491100000000001E-008 -8.796216583745273E-016
  3.491400000000000E-008 -8.792044174753314E-016
  3.491700000000001E-008 -8.787873207561368E-016
  3.492000000000000E-008 -8.783703842369399E-016
  3.492300000000001E-008 -8.779535918977425E-016
  3.492600000000000E-008 -8.775369597585455E-016
  3.492900000000001E-008 -8.771204717993478E-016
  3.493200000000000E-008 -8.771204717856057E-016
  3.493500000000001E-008 -8.767041280064116E-016
  3.493800000000000E-008 -8.762879444272164E-016
  3.494100000000001E-008 -8.758719050280209E-016
  3.494400000000001E-008 -8.754560098088253E-016
  3.494700000000001E-008 -8.750402747896295E-016
  3.495000000000001E-008 -8.746246999704326E-016
  3.495300000000001E-008 -8.742092693312354E-016
  3.495600000000001E-008 -8.737939828720381E-016
  3.495900000000001E-008 -8.733788566128401E-016
  3.496200000000001E-008 -8.729638745336418E-016
  3.496500000000001E-008 -8.725490366344427E-016
  3.496800000000001E-008 -8.721343589352454E-016
  3.497100000000001E-008 -8.717198414360450E-016
  3.497400000000001E-008 -8.713054681168441E-016
  3.497700000000001E-008 -8.708912389776438E-016
  3.498000000000001E-008 -8.704771700384429E-016
  3.498300000000001E-008 -8.700632612992415E-016
  3.498600000000001E-008 -8.700632612855629E-016
  3.498900000000000E-008 -8.696494807063657E-016
  3.499200000000001E-008 -8.692358763471663E-016
  3.499500000000000E-008 -8.688224001479682E-016
  3.499800000000001E-008 -8.684091001687684E-016
  3.500100000000000E-008 -8.679959443695684E-016
  3.500400000000001E-008 -8.675829327503683E-016
  3.500700000000000E-008 -8.671700813311674E-016
  3.501000000000001E-008 -8.667573740919666E-016
  3.501300000000000E-008 -8.663448270527649E-016
  3.501600000000001E-008 -8.659324241935624E-016
  3.501900000000000E-008 -8.655201815343620E-016
  3.502200000000001E-008 -8.651080830551580E-016
  3.502500000000000E-008 -8.646961447759540E-016
  3.502800000000001E-008 -8.642843506767505E-016
  3.503100000000000E-008 -8.638727167775462E-016
  3.503400000000001E-008 -8.634612270583415E-016
  3.503700000000000E-008 -8.630498975391364E-016
  3.504000000000001E-008 -8.626387282199309E-016
  3.504300000000000E-008 -8.626387282063211E-016
  3.504600000000001E-008 -8.622277030671186E-016
  3.504900000000001E-008 -8.618168221079162E-016
  3.505200000000001E-008 -8.614061013487133E-016
  3.505500000000001E-008 -8.609955407895095E-016
  3.505800000000001E-008 -8.605851244103057E-016
  3.506100000000001E-008 -8.601748682311009E-016
  3.506400000000001E-008 -8.597647562318965E-016
  3.506700000000001E-008 -8.593548044326904E-016
  3.507000000000001E-008 -8.589449968134871E-016
  3.507300000000001E-008 -8.585353493942796E-016
  3.507600000000001E-008 -8.581258621750723E-016
  3.507900000000001E-008 -8.577165191358654E-016
  3.508200000000001E-008 -8.573073362966577E-016
  3.508500000000001E-008 -8.568982976374497E-016
  3.508800000000001E-008 -8.564894191782415E-016
  3.509100000000001E-008 -8.560806848990324E-016
  3.509400000000000E-008 -8.556721268398232E-016
  3.509700000000001E-008 -8.556721268262785E-016
  3.510000000000000E-008 -8.552636969270728E-016
  3.510300000000001E-008 -8.548554272278665E-016
  3.510600000000000E-008 -8.544473177286597E-016
  3.510900000000001E-008 -8.540393684294523E-016
  3.511200000000000E-008 -8.536315633102440E-016
  3.511500000000001E-008 -8.532239023710366E-016
  3.511800000000000E-008 -8.528164176518272E-016
  3.512100000000001E-008 -8.524090771126205E-016
  3.512400000000000E-008 -8.520018807534094E-016
  3.512700000000001E-008 -8.515948445941987E-016
  3.513000000000000E-008 -8.511879686349884E-016
  3.513300000000001E-008 -8.507812368557775E-016
  3.513600000000000E-008 -8.503746652765663E-016
  3.513900000000001E-008 -8.499682538973545E-016
  3.514200000000000E-008 -8.495619866981423E-016
  3.514500000000001E-008 -8.491558796989297E-016
  3.514800000000000E-008 -8.487499328997166E-016
  3.515100000000001E-008 -8.487499328862383E-016
  3.515400000000000E-008 -8.483441302670287E-016
  3.515700000000001E-008 -8.479384878478180E-016
  3.516000000000001E-008 -8.475329896086077E-016
  3.516300000000001E-008 -8.471276515693966E-016
  3.516600000000001E-008 -8.467224737301852E-016
  3.516900000000001E-008 -8.463174560909724E-016
  3.517200000000001E-008 -8.459125826317630E-016
  3.517500000000001E-008 -8.455078693725478E-016
  3.517800000000001E-008 -8.451033002933338E-016
  3.518100000000001E-008 -8.446988914141203E-016
  3.518400000000001E-008 -8.442946427349059E-016
  3.518700000000001E-008 -8.438905382356913E-016
  3.519000000000001E-008 -8.434866099564760E-016
  3.519300000000001E-008 -8.430828098372604E-016
  3.519600000000001E-008 -8.426791859380444E-016
  3.519900000000001E-008 -8.422757062188277E-016
  3.520200000000001E-008 -8.418723866996109E-016
  3.520500000000000E-008 -8.418723866861999E-016
  3.520800000000001E-008 -8.414692273669859E-016
  3.521100000000000E-008 -8.410662122277720E-016
  3.521400000000001E-008 -8.406633572885570E-016
  3.521700000000000E-008 -8.402606465293426E-016
  3.522000000000001E-008 -8.398581119901270E-016
  3.522300000000000E-008 -8.394557216309107E-016
  3.522600000000001E-008 -8.390534914716973E-016
  3.522900000000000E-008 -8.386514054924781E-016
  3.523200000000001E-008 -8.382494797132606E-016
  3.523500000000000E-008 -8.378477141340431E-016
  3.523800000000001E-008 -8.374461087548248E-016
  3.524100000000000E-008 -8.370446475556062E-016
  3.524400000000001E-008 -8.366433465563871E-016
  3.524700000000000E-008 -8.362422057571676E-016
  3.525000000000001E-008 -8.358412091379477E-016
  3.525300000000000E-008 -8.354403887387273E-016
  3.525600000000001E-008 -8.350397125195064E-016
  3.525900000000000E-008 -8.350397125061624E-016
  3.526200000000001E-008 -8.346391804669454E-016
  3.526500000000001E-008 -8.342388246477271E-016
  3.526800000000001E-008 -8.338386130085088E-016
  3.527100000000001E-008 -8.334385615692897E-016
  3.527400000000001E-008 -8.330386543100702E-016
  3.527700000000001E-008 -8.326389232708537E-016
  3.528000000000001E-008 -8.322393364116310E-016
  3.528300000000001E-008 -8.318399097524095E-016
  3.528600000000001E-008 -8.314406272731888E-016
  3.528900000000001E-008 -8.310415210139669E-016
  3.529200000000001E-008 -8.306425589347450E-016
  3.529500000000001E-008 -8.302437570555223E-016
  3.529800000000001E-008 -8.298450993562994E-016
  3.530100000000001E-008 -8.294466178770760E-016
  3.530400000000001E-008 -8.290482805778521E-016
  3.530700000000001E-008 -8.286501034786277E-016
  3.531000000000000E-008 -8.282520705594029E-016
  3.531300000000001E-008 -8.282520705461277E-016
  3.531600000000000E-008 -8.278542138469059E-016
  3.531900000000001E-008 -8.274565013276839E-016
  3.532200000000000E-008 -8.270589490084620E-016
  3.532500000000001E-008 -8.266615568892383E-016
  3.532800000000000E-008 -8.262643089500192E-016
  3.533100000000001E-008 -8.258672372307923E-016
  3.533400000000000E-008 -8.254703096915677E-016
  3.533700000000001E-008 -8.250735423523429E-016
  3.534000000000000E-008 -8.246769191931181E-016
  3.534300000000001E-008 -8.242804722538924E-016
  3.534600000000000E-008 -8.238841694946664E-016
  3.534900000000001E-008 -8.234880269354399E-016
  3.535200000000000E-008 -8.230920445762130E-016
  3.535500000000001E-008 -8.226962224169855E-016
  3.535800000000000E-008 -8.223005444377576E-016
  3.536100000000001E-008 -8.219050266585293E-016
  3.536400000000000E-008 -8.215096690793006E-016
  3.536700000000001E-008 -8.215096690660941E-016
  3.537000000000001E-008 -8.211144716868687E-016
  3.537300000000001E-008 -8.207194345076425E-016
  3.537600000000001E-008 -8.203245415084159E-016
  3.537900000000001E-008 -8.199298087091930E-016
  3.538200000000001E-008 -8.195352361099627E-016
  3.538500000000001E-008 -8.191408237107347E-016
  3.538800000000001E-008 -8.187465715115063E-016
  3.539100000000001E-008 -8.183524634922781E-016
  3.539400000000001E-008 -8.179585316930488E-016
  3.539700000000001E-008 -8.175647440738194E-016
  3.540000000000001E-008 -8.171711166545890E-016
  3.540300000000001E-008 -8.167776334153588E-016
  3.540600000000001E-008 -8.163843263961278E-016
  3.540900000000001E-008 -8.159911635568965E-016
  3.541200000000001E-008 -8.155981769376645E-016
  3.541500000000001E-008 -8.152053344984321E-016
  3.541800000000001E-008 -8.148126522591993E-016
  3.542100000000000E-008 -8.144201141999660E-016
  3.542400000000001E-008 -8.144201141868329E-016
  3.542700000000000E-008 -8.140277523476025E-016
  3.543000000000001E-008 -8.136355346883761E-016
  3.543300000000000E-008 -8.132434772291420E-016
  3.543600000000001E-008 -8.128515799699105E-016
  3.543900000000000E-008 -8.124598429106790E-016
  3.544200000000001E-008 -8.120682660514466E-016
  3.544500000000000E-008 -8.116768333722143E-016
  3.544800000000001E-008 -8.112855769129810E-016
  3.545100000000000E-008 -8.108944646337474E-016
  3.545400000000001E-008 -8.105035125545135E-016
  3.545700000000000E-008 -8.101127206752788E-016
  3.546000000000001E-008 -8.097220889960438E-016
  3.546300000000000E-008 -8.093316014968084E-016
  3.546600000000001E-008 -8.089412902175725E-016
  3.546900000000000E-008 -8.085511231183361E-016
  3.547200000000001E-008 -8.081611162190992E-016
  3.547500000000000E-008 -8.077712695198619E-016
  3.547800000000001E-008 -8.077712695067984E-016
  3.548100000000001E-008 -8.073815830075687E-016
  3.548400000000001E-008 -8.069920567083307E-016
  3.548700000000001E-008 -8.066026906090952E-016
  3.549000000000001E-008 -8.062134686898600E-016
  3.549300000000001E-008 -8.058244069706250E-016
  3.549600000000001E-008 -8.054355214713882E-016
  3.549900000000001E-008 -8.050467801521518E-016
  3.550200000000001E-008 -8.046581990329144E-016
  3.550500000000001E-008 -8.042697620936769E-016
  3.550800000000001E-008 -8.038815013744389E-016
  3.551100000000001E-008 -8.034934008552002E-016
  3.551400000000001E-008 -8.031054445159612E-016
  3.551700000000001E-008 -8.027176483767217E-016
  3.552000000000001E-008 -8.023300124374816E-016
  3.552300000000001E-008 -8.019425366982412E-016
  3.552600000000000E-008 -8.015552211590002E-016
  3.552900000000001E-008 -8.011680658197589E-016
  3.553200000000000E-008 -8.011680658067702E-016
  3.553500000000001E-008 -8.007810706675278E-016
  3.553800000000000E-008 -8.003942197082893E-016
  3.554100000000001E-008 -8.000075289490512E-016
  3.554400000000000E-008 -7.996210144098114E-016
  3.554700000000001E-008 -7.992346440505716E-016
  3.555000000000000E-008 -7.988484338913314E-016
  3.555300000000001E-008 -7.984623839320908E-016
  3.555600000000000E-008 -7.980764941728492E-016
  3.555900000000001E-008 -7.976907485936078E-016
  3.556200000000000E-008 -7.973051792343655E-016
  3.556500000000001E-008 -7.969197540551230E-016
  3.556800000000000E-008 -7.965345050958798E-016
  3.557100000000001E-008 -7.961494003166363E-016
  3.557400000000000E-008 -7.957644557373923E-016
  3.557700000000001E-008 -7.953796713581476E-016
  3.558000000000000E-008 -7.949950471789028E-016
  3.558300000000001E-008 -7.946105831996571E-016
  3.558600000000001E-008 -7.946105831867344E-016
  3.558900000000001E-008 -7.942262633874931E-016
  3.559200000000001E-008 -7.938421198082500E-016
  3.559500000000001E-008 -7.934581204090076E-016
  3.559800000000001E-008 -7.930742972297639E-016
  3.560100000000001E-008 -7.926906182305203E-016
  3.560400000000001E-008 -7.923070994312758E-016
  3.560700000000001E-008 -7.919237408320310E-016
  3.561000000000001E-008 -7.915405424327858E-016
  3.561300000000001E-008 -7.911575042335401E-016
  3.561600000000001E-008 -7.907746262342938E-016
  3.561900000000001E-008 -7.903919084350469E-016
  3.562200000000001E-008 -7.900093348157996E-016
  3.562500000000001E-008 -7.896269374165520E-016
  3.562800000000001E-008 -7.892446841973036E-016
  3.563100000000000E-008 -7.888625911780556E-016
  3.563400000000001E-008 -7.884806583588062E-016
  3.563700000000000E-008 -7.880989017595563E-016
  3.564000000000001E-008 -7.880989017467053E-016
  3.564300000000000E-008 -7.877172893274588E-016
  3.564600000000001E-008 -7.873358210882129E-016
  3.564900000000000E-008 -7.869545290689658E-016
  3.565200000000001E-008 -7.865733972497184E-016
  3.565500000000000E-008 -7.861924256304701E-016
  3.565800000000001E-008 -7.858115981912219E-016
  3.566100000000000E-008 -7.854309469719726E-016
  3.566400000000001E-008 -7.850504399327233E-016
  3.566700000000000E-008 -7.846700930934734E-016
  3.567000000000001E-008 -7.842899064542233E-016
  3.567300000000000E-008 -7.839098960349723E-016
  3.567600000000001E-008 -7.835300297957208E-016
  3.567900000000000E-008 -7.831503237564690E-016
  3.568200000000001E-008 -7.827707618972165E-016
  3.568500000000000E-008 -7.823913762579646E-016
  3.568800000000001E-008 -7.820121508187109E-016
  3.569100000000001E-008 -7.816330695594568E-016
  3.569400000000001E-008 -7.816330695466777E-016
  3.569700000000001E-008 -7.812541645074269E-016
  3.570000000000001E-008 -7.808754036481769E-016
  3.570300000000001E-008 -7.804968190089253E-016
  3.570600000000001E-008 -7.801183785496736E-016
  3.570900000000001E-008 -7.797400982904216E-016
  3.571200000000001E-008 -7.793619782311691E-016
  3.571500000000001E-008 -7.789840183719159E-016
  3.571800000000001E-008 -7.786062187126625E-016
  3.572100000000001E-008 -7.782285792534084E-016
  3.572400000000001E-008 -7.778510999941539E-016
  3.572700000000001E-008 -7.774737809348986E-016
  3.573000000000001E-008 -7.770966060556435E-016
  3.573300000000001E-008 -7.767196073963870E-016
  3.573600000000001E-008 -7.763427529171316E-016
  3.573900000000001E-008 -7.759660746578742E-016
  3.574200000000000E-008 -7.755895405786162E-016
  3.574500000000001E-008 -7.752131666993585E-016
  3.574800000000000E-008 -7.752131666866509E-016
  3.575100000000001E-008 -7.748369530073971E-016
  3.575400000000000E-008 -7.744609155481419E-016
  3.575700000000001E-008 -7.740850222688866E-016
  3.576000000000000E-008 -7.737092891896303E-016
  3.576300000000001E-008 -7.733337002903746E-016
  3.576600000000000E-008 -7.729582876111177E-016
  3.576900000000001E-008 -7.725830351318606E-016
  3.577200000000000E-008 -7.722079428526025E-016
  3.577500000000001E-008 -7.718329947533446E-016
  3.577800000000000E-008 -7.714582228740857E-016
  3.578100000000001E-008 -7.710835951748265E-016
  3.578400000000000E-008 -7.707091276755667E-016
  3.578700000000001E-008 -7.703348363963077E-016
  3.579000000000000E-008 -7.699606892970464E-016
  3.579300000000001E-008 -7.695867023977849E-016
  3.579600000000001E-008 -7.692128756985234E-016
  3.579900000000001E-008 -7.688392091992612E-016
  3.580200000000001E-008 -7.684657028999987E-016
  3.580500000000001E-008 -7.684657028873676E-016
  3.580800000000001E-008 -7.680923567881087E-016
  3.581100000000001E-008 -7.677191708888488E-016
  3.581400000000001E-008 -7.673461291695892E-016
  3.581700000000001E-008 -7.669732636703289E-016
  3.582000000000001E-008 -7.666005583710676E-016
  3.582300000000001E-008 -7.662279972518065E-016
  3.582600000000001E-008 -7.658556123525443E-016
  3.582900000000001E-008 -7.654833716332819E-016
  3.583200000000001E-008 -7.651112911140191E-016
  3.583500000000001E-008 -7.647393707947556E-016
  3.583800000000001E-008 -7.643676266954932E-016
  3.584100000000001E-008 -7.639960267762279E-016
  3.584400000000001E-008 -7.636245870569625E-016
  3.584700000000000E-008 -7.632533075376973E-016
  3.585000000000001E-008 -7.628821721984315E-016
  3.585300000000000E-008 -7.625112130791652E-016
  3.585600000000001E-008 -7.621404141598985E-016
  3.585900000000000E-008 -7.621404141473396E-016
  3.586200000000001E-008 -7.617697594080770E-016
  3.586500000000000E-008 -7.613992808888134E-016
  3.586800000000001E-008 -7.610289625695488E-016
  3.587100000000000E-008 -7.606587884302840E-016
  3.587400000000001E-008 -7.602887744910193E-016
  3.587700000000000E-008 -7.599189367717535E-016
  3.588000000000001E-008 -7.595492432324874E-016
  3.588300000000000E-008 -7.591797098932209E-016
  3.588600000000001E-008 -7.588103367539533E-016
  3.588900000000000E-008 -7.584411238146877E-016
  3.589200000000001E-008 -7.580720710754186E-016
  3.589500000000000E-008 -7.577031785361494E-016
  3.589800000000001E-008 -7.573344301768805E-016
  3.590100000000000E-008 -7.569658580376110E-016
  3.590400000000001E-008 -7.565974460983409E-016
  3.590700000000001E-008 -7.562291783390703E-016
  3.591000000000001E-008 -7.558610867997993E-016
  3.591300000000001E-008 -7.558610867873134E-016
  3.591600000000001E-008 -7.554931394280468E-016
  3.591900000000001E-008 -7.551253682887783E-016
  3.592200000000001E-008 -7.547577413295100E-016
  3.592500000000001E-008 -7.543902745702413E-016
  3.592800000000001E-008 -7.540229680109720E-016
  3.593100000000001E-008 -7.536558216517020E-016
  3.593400000000001E-008 -7.532888354924319E-016
  3.593700000000001E-008 -7.529220095331606E-016
  3.594000000000001E-008 -7.525553437738913E-016
  3.594300000000001E-008 -7.521888221946183E-016
  3.594600000000001E-008 -7.518224768353455E-016
  3.594900000000001E-008 -7.514562916760726E-016
  3.595200000000000E-008 -7.510902506967996E-016
  3.595500000000001E-008 -7.507243859375257E-016
  3.595800000000000E-008 -7.503586653582515E-016
  3.596100000000001E-008 -7.499931049789767E-016
  3.596400000000000E-008 -7.496277047997014E-016
  3.596700000000001E-008 -7.496277047872888E-016
  3.597000000000000E-008 -7.492624648080178E-016
  3.597300000000001E-008 -7.488974010487447E-016
  3.597600000000000E-008 -7.485324654494726E-016
  3.597900000000001E-008 -7.481677060701996E-016
  3.598200000000000E-008 -7.478031068909262E-016
  3.598500000000001E-008 -7.474386679116518E-016
  3.598800000000000E-008 -7.470743731123771E-016
  3.599100000000001E-008 -7.467102545331043E-016
  3.599400000000000E-008 -7.463462801338273E-016
  3.599700000000001E-008 -7.459824819545506E-016
  3.600000000000000E-008 -7.456188279552741E-016
  3.600300000000001E-008 -7.452553341559971E-016
  3.600600000000000E-008 -7.448920005567196E-016
  3.600900000000001E-008 -7.445288271574416E-016
  3.601200000000001E-008 -7.441658139581632E-016
  3.601500000000001E-008 -7.438029609588841E-016
  3.601800000000001E-008 -7.434402681596047E-016
  3.602100000000001E-008 -7.434402681472657E-016
  3.602400000000001E-008 -7.430777355479893E-016
  3.602700000000001E-008 -7.427153471287136E-016
  3.603000000000001E-008 -7.423531349294362E-016
  3.603300000000001E-008 -7.419910669101594E-016
  3.603600000000001E-008 -7.416291751108813E-016
  3.603900000000001E-008 -7.412674274916025E-016
  3.604200000000001E-008 -7.409058400723266E-016
  3.604500000000001E-008 -7.405444128530453E-016
  3.604800000000001E-008 -7.401831458337650E-016
  3.605100000000001E-008 -7.398220390144849E-016
  3.605400000000001E-008 -7.394610923952040E-016
  3.605700000000001E-008 -7.391002899559229E-016
  3.606000000000001E-008 -7.387396637366412E-016
  3.606300000000000E-008 -7.383791977173588E-016
  3.606600000000001E-008 -7.380188758780761E-016
  3.606900000000000E-008 -7.376587142387929E-016
  3.607200000000001E-008 -7.372987288195091E-016
  3.607500000000000E-008 -7.372987288072433E-016
  3.607800000000001E-008 -7.369388875679633E-016
  3.608100000000000E-008 -7.365792065286828E-016
  3.608400000000001E-008 -7.362196856894013E-016
  3.608700000000000E-008 -7.358603090301203E-016
  3.609000000000001E-008 -7.355011085908379E-016
  3.609300000000000E-008 -7.351420683515580E-016
  3.609600000000001E-008 -7.347831722922730E-016
  3.609900000000000E-008 -7.344244524529888E-016
  3.610200000000001E-008 -7.340658767937048E-016
  3.610500000000000E-008 -7.337074613344204E-016
  3.610800000000001E-008 -7.333492060751353E-016
  3.611100000000000E-008 -7.329911110158498E-016
  3.611400000000001E-008 -7.326331761565638E-016
  3.611700000000001E-008 -7.322754014972773E-016
  3.612000000000001E-008 -7.319177870379902E-016
  3.612300000000001E-008 -7.315603167587028E-016
  3.612600000000001E-008 -7.312030226994147E-016
  3.612900000000001E-008 -7.312030226872225E-016
  3.613200000000001E-008 -7.308458728079383E-016
  3.613500000000001E-008 -7.304888831286541E-016
  3.613800000000001E-008 -7.301320696693683E-016
  3.614100000000001E-008 -7.297754003900826E-016
  3.614400000000001E-008 -7.294188913107954E-016
  3.614700000000001E-008 -7.290625264115121E-016
  3.615000000000001E-008 -7.287063377322225E-016
  3.615300000000001E-008 -7.283503092529340E-016
  3.615600000000001E-008 -7.279944249536458E-016
  3.615900000000001E-008 -7.276387008543571E-016
  3.616200000000001E-008 -7.272831529750678E-016
  3.616500000000001E-008 -7.269277492757779E-016
  3.616800000000000E-008 -7.265725057764876E-016
  3.617100000000001E-008 -7.262174064571968E-016
  3.617400000000000E-008 -7.258624833579057E-016
  3.617700000000001E-008 -7.255077204586138E-016
  3.618000000000000E-008 -7.251531017393216E-016
  3.618300000000001E-008 -7.251531017272037E-016
  3.618600000000000E-008 -7.247986592279146E-016
  3.618900000000001E-008 -7.244443609086257E-016
  3.619200000000000E-008 -7.240902227893361E-016
  3.619500000000001E-008 -7.237362448700457E-016
  3.619800000000000E-008 -7.233824271507582E-016
  3.620100000000001E-008 -7.230287536114647E-016
  3.620400000000000E-008 -7.226752562921724E-016
  3.620700000000001E-008 -7.223219031528808E-016
  3.621000000000000E-008 -7.219687262335881E-016
  3.621300000000001E-008 -7.216156934942949E-016
  3.621600000000000E-008 -7.212628209550014E-016
  3.621900000000001E-008 -7.209101086157074E-016
  3.622200000000000E-008 -7.205575564764127E-016
  3.622500000000001E-008 -7.202051485171177E-016
  3.622800000000001E-008 -7.198529167778222E-016
  3.623100000000001E-008 -7.195008292185260E-016
  3.623400000000001E-008 -7.191489018592295E-016
  3.623700000000001E-008 -7.187971346999325E-016
  3.624000000000001E-008 -7.187971346878925E-016
  3.624300000000001E-008 -7.184455277285993E-016
  3.624600000000001E-008 -7.180940809693050E-016
  3.624900000000001E-008 -7.177427944100139E-016
  3.625200000000001E-008 -7.173916520307159E-016
  3.625500000000001E-008 -7.170406698514209E-016
  3.625800000000001E-008 -7.166898638921248E-016
  3.626100000000001E-008 -7.163392021128284E-016
  3.626400000000001E-008 -7.159887005335312E-016
  3.626700000000001E-008 -7.156383431342342E-016
  3.627000000000001E-008 -7.152881619549362E-016
  3.627300000000001E-008 -7.149381249556380E-016
  3.627600000000001E-008 -7.145882641763390E-016
  3.627900000000000E-008 -7.142385475770397E-016
  3.628200000000001E-008 -7.138889911777398E-016
  3.628500000000000E-008 -7.135395789584396E-016
  3.628800000000001E-008 -7.131903429591387E-016
  3.629100000000000E-008 -7.128412511398374E-016
  3.629400000000001E-008 -7.128412511278717E-016
  3.629700000000000E-008 -7.124923355285735E-016
  3.630000000000001E-008 -7.121435641092790E-016
  3.630300000000000E-008 -7.117949528899772E-016
  3.630600000000001E-008 -7.114465018706774E-016
  3.630900000000000E-008 -7.110981950313784E-016
  3.631200000000001E-008 -7.107500644120779E-016
  3.631500000000000E-008 -7.104020779727772E-016
  3.631800000000001E-008 -7.100542517334762E-016
  3.632100000000000E-008 -7.097065856941746E-016
  3.632400000000001E-008 -7.093590798548722E-016
  3.632700000000000E-008 -7.090117181955698E-016
  3.633000000000001E-008 -7.086645327562666E-016
  3.633300000000001E-008 -7.083174914969629E-016
  3.633600000000001E-008 -7.079706104376589E-016
  3.633900000000001E-008 -7.076238895783543E-016
  3.634200000000001E-008 -7.072773289190491E-016
  3.634500000000001E-008 -7.069309124397434E-016
  3.634800000000001E-008 -7.069309124278512E-016
  3.635100000000001E-008 -7.065846561485533E-016
  3.635400000000001E-008 -7.062385600692473E-016
  3.635700000000001E-008 -7.058926241899443E-016
  3.636000000000001E-008 -7.055468485106410E-016
  3.636300000000001E-008 -7.052012330313367E-016
  3.636600000000001E-008 -7.048557617320323E-016
  3.636900000000001E-008 -7.045104506327274E-016
  3.637200000000001E-008 -7.041652997334222E-016
  3.637500000000001E-008 -7.038203090341159E-016
  3.637800000000001E-008 -7.034754625148099E-016
  3.638100000000001E-008 -7.031307922155028E-016
  3.638400000000000E-008 -7.027862660961952E-016
  3.638700000000001E-008 -7.024419001768874E-016
  3.639000000000000E-008 -7.020976944575789E-016
  3.639300000000001E-008 -7.017536329182702E-016
  3.639600000000000E-008 -7.014097475989606E-016
  3.639900000000001E-008 -7.010660064596507E-016
  3.640200000000000E-008 -7.010660064478368E-016
  3.640500000000001E-008 -7.007224255085265E-016
  3.640800000000000E-008 -7.003789887492202E-016
  3.641100000000001E-008 -7.000357282099126E-016
  3.641400000000000E-008 -6.996926118506049E-016
  3.641700000000001E-008 -6.993496556912968E-016
  3.642000000000000E-008 -6.990068597319882E-016
  3.642300000000001E-008 -6.986642239726787E-016
  3.642600000000000E-008 -6.983217323933691E-016
  3.642900000000001E-008 -6.979794010140590E-016
  3.643200000000000E-008 -6.976372298347482E-016
  3.643500000000001E-008 -6.972952188554371E-016
  3.643800000000001E-008 -6.969533680761252E-016
  3.644100000000001E-008 -6.966116614768130E-016
  3.644400000000001E-008 -6.962701150775004E-016
  3.644700000000001E-008 -6.959287288781869E-016
  3.645000000000001E-008 -6.955874868588736E-016
  3.645300000000001E-008 -6.952464210595593E-016
  3.645600000000001E-008 -6.952464210478156E-016
  3.645900000000001E-008 -6.949054994285052E-016
  3.646200000000001E-008 -6.945647380091938E-016
  3.646500000000001E-008 -6.942241207698829E-016
  3.646800000000001E-008 -6.938836797505705E-016
  3.647100000000001E-008 -6.935433829112579E-016
  3.647400000000001E-008 -6.932032462719451E-016
  3.647700000000001E-008 -6.928632698326313E-016
  3.648000000000001E-008 -6.925234375733174E-016
  3.648300000000001E-008 -6.921837655140029E-016
  3.648600000000001E-008 -6.918442536546881E-016
  3.648900000000000E-008 -6.915049019953724E-016
  3.649200000000001E-008 -6.911656945160563E-016
  3.649500000000000E-008 -6.908266472367399E-016
  3.649800000000001E-008 -6.904877601574227E-016
  3.650100000000000E-008 -6.901490332781057E-016
  3.650400000000001E-008 -6.898104505787875E-016
  3.650700000000000E-008 -6.894720440994688E-016
  3.651000000000001E-008 -6.894720440877990E-016
  3.651300000000000E-008 -6.891337657684849E-016
  3.651600000000001E-008 -6.887956636691691E-016
  3.651900000000000E-008 -6.884577057498535E-016
  3.652200000000001E-008 -6.881199080305372E-016
  3.652500000000000E-008 -6.877822705112206E-016
  3.652800000000001E-008 -6.874447931919029E-016
  3.653100000000000E-008 -6.871074600525852E-016
  3.653400000000001E-008 -6.867702871132671E-016
  3.653700000000000E-008 -6.864332743739480E-016
  3.654000000000001E-008 -6.860964058146288E-016
  3.654300000000001E-008 -6.857596974553089E-016
  3.654600000000001E-008 -6.854231492959888E-016
  3.654900000000001E-008 -6.850867613366676E-016
  3.655200000000001E-008 -6.847505175573472E-016
  3.655500000000001E-008 -6.844144339780251E-016
  3.655800000000001E-008 -6.840785105987023E-016
  3.656100000000001E-008 -6.837427313993796E-016
  3.656400000000001E-008 -6.837427313877846E-016
  3.656700000000001E-008 -6.834071123884656E-016
  3.657000000000001E-008 -6.830716535891455E-016
  3.657300000000001E-008 -6.827363389698261E-016
  3.657600000000001E-008 -6.824012005705052E-016
  3.657900000000001E-008 -6.820662063511836E-016
  3.658200000000001E-008 -6.817313563118625E-016
  3.658500000000001E-008 -6.813966824925403E-016
  3.658800000000001E-008 -6.810621528532173E-016
  3.659100000000001E-008 -6.807277673938946E-016
  3.659400000000001E-008 -6.803935581545709E-016
  3.659700000000001E-008 -6.800594930952467E-016
  3.660000000000000E-008 -6.797255882359221E-016
  3.660300000000001E-008 -6.793918275565968E-016
  3.660600000000000E-008 -6.790582270772722E-016
  3.660900000000001E-008 -6.787247867979455E-016
  3.661200000000000E-008 -6.783914906986188E-016
  3.661500000000001E-008 -6.780583708192916E-016
  3.661800000000000E-008 -6.777253790999641E-016
  3.662100000000001E-008 -6.777253790884477E-016
  3.662400000000000E-008 -6.773925635891232E-016
  3.662700000000001E-008 -6.770598922697991E-016
  3.663000000000000E-008 -6.767273811504744E-016
  3.663300000000001E-008 -6.763950302311486E-016
  3.663600000000000E-008 -6.760628234918229E-016
  3.663900000000001E-008 -6.757307769524962E-016
  3.664200000000000E-008 -6.753988745931693E-016
  3.664500000000001E-008 -6.750671324338420E-016
  3.664800000000000E-008 -6.747355504745143E-016
  3.665100000000001E-008 -6.744041287151858E-016
  3.665400000000001E-008 -6.740728511358565E-016
  3.665700000000001E-008 -6.737417337565283E-016
  3.666000000000001E-008 -6.734107605571978E-016
  3.666300000000001E-008 -6.730799475578671E-016
  3.666600000000001E-008 -6.727492947585362E-016
  3.666900000000001E-008 -6.724187861392047E-016
  3.667200000000001E-008 -6.720884377198729E-016
  3.667500000000001E-008 -6.720884377084306E-016
  3.667800000000001E-008 -6.717582494891019E-016
  3.668100000000001E-008 -6.714282054497736E-016
  3.668400000000001E-008 -6.710983216104445E-016
  3.668700000000001E-008 -6.707685979711144E-016
  3.669000000000001E-008 -6.704390185117843E-016
  3.669300000000001E-008 -6.701095992524538E-016
  3.669600000000001E-008 -6.697803401931226E-016
  3.669900000000001E-008 -6.694512253137904E-016
  3.670200000000001E-008 -6.691222546144588E-016
  3.670500000000000E-008 -6.687934601351256E-016
  3.670800000000001E-008 -6.684648098357937E-016
  3.671100000000000E-008 -6.681363037164592E-016
  3.671400000000001E-008 -6.678079577971246E-016
  3.671700000000000E-008 -6.674797720777901E-016
  3.672000000000001E-008 -6.671517465584549E-016
  3.672300000000000E-008 -6.668238652191192E-016
  3.672600000000001E-008 -6.664961280597830E-016
  3.672900000000000E-008 -6.664961280484150E-016
  3.673200000000001E-008 -6.661685671090822E-016
  3.673500000000000E-008 -6.658411503497489E-016
  3.673800000000001E-008 -6.655138777704155E-016
  3.674100000000000E-008 -6.651867653910817E-016
  3.674400000000001E-008 -6.648598132117469E-016
  3.674700000000000E-008 -6.645330052124122E-016
  3.675000000000001E-008 -6.642063574130765E-016
  3.675300000000000E-008 -6.638798537937406E-016
  3.675600000000001E-008 -6.635535103744038E-016
  3.675900000000001E-008 -6.632273271550685E-016
  3.676200000000001E-008 -6.629012881157300E-016
  3.676500000000001E-008 -6.625754092763914E-016
  3.676800000000001E-008 -6.622496746170531E-016
  3.677100000000001E-008 -6.619241001577143E-016
  3.677400000000001E-008 -6.615986858983747E-016
  3.677700000000001E-008 -6.612734158190346E-016
  3.678000000000001E-008 -6.609482899196943E-016
  3.678300000000001E-008 -6.609482899084005E-016
  3.678600000000001E-008 -6.606233402290626E-016
  3.678900000000001E-008 -6.602985187097262E-016
  3.679200000000001E-008 -6.599738734103881E-016
  3.679500000000001E-008 -6.596493722910495E-016
  3.679800000000001E-008 -6.593250153517108E-016
  3.680100000000001E-008 -6.590008186123719E-016
  3.680400000000001E-008 -6.586767820730319E-016
  3.680700000000001E-008 -6.583528897136913E-016
  3.681000000000001E-008 -6.580291575543525E-016
  3.681300000000001E-008 -6.577055695750100E-016
  3.681600000000000E-008 -6.573821417956676E-016
  3.681900000000001E-008 -6.570588581963255E-016
  3.682200000000000E-008 -6.567357347969828E-016
  3.682500000000001E-008 -6.564127715976394E-016
  3.682800000000000E-008 -6.560899525782957E-016
  3.683100000000001E-008 -6.557672777389514E-016
  3.683400000000000E-008 -6.554447630996067E-016
  3.683700000000001E-008 -6.554447630883866E-016
  3.684000000000000E-008 -6.551224086490452E-016
  3.684300000000001E-008 -6.548001983897039E-016
  3.684600000000000E-008 -6.544781483303615E-016
  3.684900000000001E-008 -6.541562424510186E-016
  3.685200000000000E-008 -6.538344807516763E-016
  3.685500000000001E-008 -6.535128952723322E-016
  3.685800000000000E-008 -6.531914379529882E-016
  3.686100000000001E-008 -6.528701568536454E-016
  3.686400000000001E-008 -6.525490039142992E-016
  3.686700000000001E-008 -6.522280271949528E-016
  3.687000000000001E-008 -6.519071786356072E-016
  3.687300000000001E-008 -6.515865062962603E-016
  3.687600000000001E-008 -6.512659621169134E-016
  3.687900000000001E-008 -6.509455941575659E-016
  3.688200000000001E-008 -6.506253703782177E-016
  3.688500000000001E-008 -6.503052907788693E-016
  3.688800000000001E-008 -6.499853713795203E-016
  3.689100000000001E-008 -6.499853713683737E-016
  3.689400000000001E-008 -6.496655961490286E-016
  3.689700000000001E-008 -6.493459811296824E-016
  3.690000000000001E-008 -6.490265102903364E-016
  3.690300000000001E-008 -6.487071996509893E-016
  3.690600000000001E-008 -6.483880331916422E-016
  3.690900000000001E-008 -6.480690269322937E-016
  3.691200000000001E-008 -6.477501648529481E-016
  3.691500000000001E-008 -6.474314629735974E-016
  3.691800000000001E-008 -6.471129052742472E-016
  3.692100000000000E-008 -6.467944917548981E-016
  3.692400000000001E-008 -6.464762544555474E-016
  3.692700000000000E-008 -6.461581453161965E-016
  3.693000000000001E-008 -6.458401963768454E-016
  3.693300000000000E-008 -6.455224076374935E-016
  3.693600000000001E-008 -6.452047630781412E-016
  3.693900000000000E-008 -6.448872626987883E-016
  3.694200000000001E-008 -6.445699225194349E-016
  3.694500000000000E-008 -6.445699225083622E-016
  3.694800000000001E-008 -6.442527265090129E-016
  3.695100000000000E-008 -6.439356907096625E-016
  3.695400000000001E-008 -6.436187990903120E-016
  3.695700000000000E-008 -6.433020676709608E-016
  3.696000000000001E-008 -6.429854804316090E-016
  3.696300000000000E-008 -6.426690533922597E-016
  3.696600000000001E-008 -6.423527705329046E-016
  3.696900000000000E-008 -6.420366318535513E-016
  3.697200000000001E-008 -6.417206533741977E-016
  3.697500000000001E-008 -6.414048190748436E-016
  3.697800000000001E-008 -6.410891449754890E-016
  3.698100000000001E-008 -6.407736150561340E-016
  3.698400000000001E-008 -6.404582453367783E-016
  3.698700000000001E-008 -6.401430197974221E-016
  3.699000000000001E-008 -6.398279384380656E-016
  3.699300000000001E-008 -6.395130172787085E-016
  3.699600000000001E-008 -6.391982402993510E-016
  3.699900000000001E-008 -6.388836235199929E-016
  3.700200000000001E-008 -6.388836235089980E-016
  3.700500000000001E-008 -6.385691509096434E-016
  3.700800000000001E-008 -6.382548224902888E-016
  3.701100000000001E-008 -6.379406542709338E-016
  3.701400000000001E-008 -6.376266462515768E-016
  3.701700000000001E-008 -6.373127663922235E-016
  3.702000000000001E-008 -6.369990467328647E-016
  3.702300000000001E-008 -6.366854872735068E-016
  3.702600000000000E-008 -6.363720719941488E-016
  3.702900000000001E-008 -6.360588008947906E-016
  3.703200000000000E-008 -6.357456899954317E-016
  3.703500000000001E-008 -6.354327232760721E-016
  3.703800000000000E-008 -6.351199007367124E-016
  3.704100000000001E-008 -6.348072383973521E-016
  3.704400000000000E-008 -6.344947202379913E-016
  3.704700000000001E-008 -6.341823622786300E-016
  3.705000000000000E-008 -6.338701484992682E-016
  3.705300000000001E-008 -6.335580788999058E-016
  3.705600000000000E-008 -6.335580788889841E-016
  3.705900000000001E-008 -6.332461534696263E-016
  3.706200000000000E-008 -6.329344042702665E-016
  3.706500000000001E-008 -6.326227832309068E-016
  3.706800000000000E-008 -6.323113223915495E-016
  3.707100000000001E-008 -6.320000057321861E-016
  3.707400000000000E-008 -6.316888332528249E-016
  3.707700000000001E-008 -6.313778209734633E-016
  3.708000000000001E-008 -6.310669528741013E-016
  3.708300000000001E-008 -6.307562449747386E-016
  3.708600000000001E-008 -6.304456812553755E-016
  3.708900000000001E-008 -6.301352617160118E-016
  3.709200000000001E-008 -6.298249863566478E-016
  3.709500000000001E-008 -6.295148711972830E-016
  3.709800000000001E-008 -6.292049002179181E-016
  3.710100000000001E-008 -6.288950894385524E-016
  3.710400000000001E-008 -6.285854228391864E-016
  3.710700000000001E-008 -6.282759004198199E-016
  3.711000000000001E-008 -6.282759004089722E-016
  3.711300000000001E-008 -6.279665381896085E-016
  3.711600000000001E-008 -6.276573041302457E-016
  3.711900000000001E-008 -6.273482462908843E-016
  3.712200000000001E-008 -6.270393166115174E-016
  3.712500000000001E-008 -6.267305471321521E-016
  3.712800000000001E-008 -6.264219218327868E-016
  3.713100000000001E-008 -6.261134407134211E-016
  3.713400000000001E-008 -6.258051197940545E-016
  3.713700000000000E-008 -6.254969430546876E-016
  3.714000000000001E-008 -6.251889104953203E-016
  3.714300000000000E-008 -6.248810381359526E-016
  3.714600000000001E-008 -6.245733099565841E-016
  3.714900000000000E-008 -6.242657259572153E-016
  3.715200000000001E-008 -6.239583021578460E-016
  3.715500000000000E-008 -6.236510065184761E-016
  3.715800000000001E-008 -6.233438710791058E-016
  3.716100000000000E-008 -6.230368958397351E-016
  3.716400000000001E-008 -6.230368958289599E-016
  3.716700000000000E-008 -6.227300487495930E-016
  3.717000000000001E-008 -6.224233618702285E-016
  3.717300000000000E-008 -6.221168191708576E-016
  3.717600000000001E-008 -6.218104366714887E-016
  3.717900000000000E-008 -6.215041983521194E-016
  3.718200000000001E-008 -6.211981042127497E-016
  3.718500000000001E-008 -6.208921542533795E-016
  3.718800000000001E-008 -6.205863484740091E-016
  3.719100000000001E-008 -6.202807028946379E-016
  3.719400000000001E-008 -6.199752014952663E-016
  3.719700000000001E-008 -6.196698442758943E-016
  3.720000000000001E-008 -6.193646472565218E-016
  3.720300000000001E-008 -6.190595944171486E-016
  3.720600000000001E-008 -6.187546857577750E-016
  3.720900000000001E-008 -6.184499212784009E-016
  3.721200000000001E-008 -6.181453009790264E-016
  3.721500000000001E-008 -6.178408408796513E-016
  3.721800000000001E-008 -6.178408408689496E-016
  3.722100000000001E-008 -6.175365249495814E-016
  3.722400000000001E-008 -6.172323532102067E-016
  3.722700000000001E-008 -6.169283416708336E-016
  3.723000000000001E-008 -6.166244582914611E-016
  3.723300000000001E-008 -6.163207351120877E-016
  3.723600000000001E-008 -6.160171561127136E-016
  3.723900000000001E-008 -6.157137212933395E-016
  3.724200000000000E-008 -6.154104466739646E-016
  3.724500000000001E-008 -6.151073162345892E-016
  3.724800000000000E-008 -6.148043299752134E-016
  3.725100000000001E-008 -6.145014878958370E-016
  3.725400000000000E-008 -6.141987899964604E-016
  3.725700000000001E-008 -6.138962522970828E-016
  3.726000000000000E-008 -6.135938427577051E-016
  3.726300000000001E-008 -6.132915934183269E-016
  3.726600000000000E-008 -6.129894882589481E-016
  3.726900000000001E-008 -6.126875432995691E-016
  3.727200000000000E-008 -6.126875432889432E-016
  3.727500000000001E-008 -6.123857264895646E-016
  3.727800000000000E-008 -6.120840698901882E-016
  3.728100000000001E-008 -6.117825574708115E-016
  3.728400000000000E-008 -6.114811892314343E-016
  3.728700000000001E-008 -6.111799651720567E-016
  3.729000000000001E-008 -6.108788852926789E-016
  3.729300000000001E-008 -6.105779656133003E-016
  3.729600000000001E-008 -6.102771901139211E-016
  3.729900000000001E-008 -6.099765587945416E-016
  3.730200000000001E-008 -6.096760716551615E-016
  3.730500000000001E-008 -6.093757286957809E-016
  3.730800000000001E-008 -6.090755299164000E-016
  3.731100000000001E-008 -6.087754913370186E-016
  3.731400000000001E-008 -6.084755969376365E-016
  3.731700000000001E-008 -6.081758306982538E-016
  3.732000000000001E-008 -6.078762246588712E-016
  3.732300000000001E-008 -6.075767627994878E-016
  3.732600000000001E-008 -6.075767627889317E-016
  3.732900000000001E-008 -6.072774611295512E-016
  3.733200000000001E-008 -6.069782876301713E-016
  3.733500000000001E-008 -6.066792743307898E-016
  3.733800000000001E-008 -6.063803891914089E-016
  3.734100000000001E-008 -6.060816642520271E-016
  3.734400000000001E-008 -6.057830834926448E-016
  3.734700000000000E-008 -6.054846469132619E-016
  3.735000000000001E-008 -6.051863545138786E-016
  3.735300000000000E-008 -6.048882062944952E-016
  3.735600000000001E-008 -6.045902182751107E-016
  3.735900000000000E-008 -6.042923584157261E-016
  3.736200000000001E-008 -6.039946587563409E-016
  3.736500000000000E-008 -6.036971032769550E-016
  3.736800000000001E-008 -6.033996759575686E-016
  3.737100000000000E-008 -6.031024088381827E-016
  3.737400000000001E-008 -6.028052858987953E-016
  3.737700000000000E-008 -6.025083071394074E-016
  3.738000000000001E-008 -6.025083071289240E-016
  3.738300000000000E-008 -6.022114885695393E-016
  3.738600000000001E-008 -6.019147981701546E-016
  3.738900000000000E-008 -6.016182519507701E-016
  3.739200000000001E-008 -6.013218659313840E-016
  3.739500000000000E-008 -6.010256080719985E-016
  3.739800000000001E-008 -6.007295104126115E-016
  3.740100000000001E-008 -6.004335409132249E-016
  3.740400000000001E-008 -6.001377316138375E-016
  3.740700000000001E-008 -5.998420664944495E-016
  3.741000000000001E-008 -5.995465455550611E-016
  3.741300000000001E-008 -5.992511687956720E-016
  3.741600000000001E-008 -5.989559362162827E-016
  3.741900000000001E-008 -5.986608478168926E-016
  3.742200000000001E-008 -5.983659035975031E-016
  3.742500000000001E-008 -5.980711035581117E-016
  3.742800000000001E-008 -5.977764476987202E-016
  3.743100000000001E-008 -5.974819520393284E-016
  3.743400000000001E-008 -5.971875845399360E-016
  3.743700000000001E-008 -5.971875845295282E-016
  3.744000000000001E-008 -5.968933612101400E-016
  3.744300000000001E-008 -5.965992980907503E-016
  3.744600000000001E-008 -5.963053631313606E-016
  3.744900000000001E-008 -5.960115723519708E-016
  3.745200000000001E-008 -5.957179417725795E-016
  3.745500000000001E-008 -5.954244393531889E-016
  3.745800000000000E-008 -5.951310971337969E-016
  3.746100000000001E-008 -5.948378830744050E-016
  3.746400000000000E-008 -5.945448292150121E-016
  3.746700000000001E-008 -5.942519035156192E-016
  3.747000000000000E-008 -5.939591380162258E-016
  3.747300000000001E-008 -5.936665166968313E-016
  3.747600000000000E-008 -5.933740235374377E-016
  3.747900000000001E-008 -5.930816905780423E-016
  3.748200000000000E-008 -5.927894857786464E-016
  3.748500000000001E-008 -5.924974411792505E-016
  3.748800000000000E-008 -5.922055247398539E-016
  3.749100000000001E-008 -5.922055247295186E-016
  3.749400000000000E-008 -5.919137684901257E-016
  3.749700000000001E-008 -5.916221564307317E-016
  3.750000000000000E-008 -5.913306725313384E-016
  3.750300000000001E-008 -5.910393488319436E-016
  3.750600000000001E-008 -5.907481532925486E-016
  3.750900000000001E-008 -5.904571019331538E-016
  3.751200000000001E-008 -5.901662107737575E-016
  3.751500000000001E-008 -5.898754477743616E-016
  3.751800000000001E-008 -5.895848449749645E-016
  3.752100000000001E-008 -5.892943703355674E-016
  3.752400000000001E-008 -5.890040398761693E-016
  3.752700000000001E-008 -5.887138535967725E-016
  3.753000000000001E-008 -5.884238275173731E-016
  3.753300000000001E-008 -5.881339295979734E-016
  3.753600000000001E-008 -5.878441758585739E-016
  3.753900000000001E-008 -5.875545662991737E-016
  3.754200000000001E-008 -5.872651009197731E-016
  3.754500000000001E-008 -5.872651009095092E-016
  3.754800000000001E-008 -5.869757797101122E-016
  3.755100000000001E-008 -5.866866026907141E-016
  3.755400000000001E-008 -5.863975538313165E-016
  3.755700000000001E-008 -5.861086651719181E-016
  3.756000000000001E-008 -5.858199206925186E-016
  3.756300000000000E-008 -5.855313043731196E-016
  3.756600000000001E-008 -5.852428482537194E-016
  3.756900000000000E-008 -5.849545202943187E-016
  3.757200000000001E-008 -5.846663365149184E-016
  3.757500000000000E-008 -5.843783129355164E-016
  3.757800000000001E-008 -5.840904175161159E-016
  3.758100000000000E-008 -5.838026662767128E-016
  3.758400000000001E-008 -5.835150592173093E-016
  3.758700000000000E-008 -5.832275803179063E-016
  3.759000000000001E-008 -5.829402616185024E-016
  3.759300000000000E-008 -5.826530870990981E-016
  3.759600000000001E-008 -5.823660407396932E-016
  3.759900000000000E-008 -5.823660407295012E-016
  3.760200000000001E-008 -5.820791545700993E-016
  3.760500000000000E-008 -5.817923965706977E-016
  3.760800000000001E-008 -5.815057827512956E-016
  3.761100000000001E-008 -5.812193131118930E-016
  3.761400000000001E-008 -5.809329876524900E-016
  3.761700000000001E-008 -5.806468063730859E-016
  3.762000000000001E-008 -5.803607532536822E-016
  3.762300000000001E-008 -5.800748603342774E-016
  3.762600000000001E-008 -5.797890955748724E-016
  3.762900000000001E-008 -5.795034910154683E-016
  3.763200000000001E-008 -5.792180146160612E-016
  3.763500000000001E-008 -5.789326823966540E-016
  3.763800000000001E-008 -5.786474783372474E-016
  3.764100000000001E-008 -5.783624344778401E-016
  3.764400000000001E-008 -5.780775347984319E-016
  3.764700000000001E-008 -5.777927632790235E-016
  3.765000000000001E-008 -5.775081359396146E-016
  3.765300000000001E-008 -5.775081359294933E-016
  3.765600000000001E-008 -5.772236527700881E-016
  3.765900000000001E-008 -5.769393137906823E-016
  3.766200000000001E-008 -5.766551189912756E-016
  3.766500000000001E-008 -5.763710523518688E-016
  3.766800000000001E-008 -5.760871298924617E-016
  3.767100000000001E-008 -5.758033516130540E-016
  3.767400000000000E-008 -5.755197175136459E-016
  3.767700000000001E-008 -5.752362275942369E-016
  3.768000000000000E-008 -5.749528818548293E-016
  3.768300000000001E-008 -5.746696642754184E-016
  3.768600000000000E-008 -5.743865908760078E-016
  3.768900000000001E-008 -5.741036616565974E-016
  3.769200000000000E-008 -5.738208766171863E-016
  3.769500000000001E-008 -5.735382357577746E-016
  3.769800000000000E-008 -5.732557230583626E-016
  3.770100000000001E-008 -5.729733545389502E-016
  3.770400000000000E-008 -5.726911301995371E-016
  3.770700000000001E-008 -5.726911301894870E-016
  3.771000000000000E-008 -5.724090500300770E-016
  3.771300000000001E-008 -5.721270980306678E-016
  3.771600000000001E-008 -5.718453062312569E-016
  3.771900000000001E-008 -5.715636425918456E-016
  3.772200000000001E-008 -5.712821071124347E-016
  3.772500000000001E-008 -5.710007318330227E-016
  3.772800000000001E-008 -5.707194847136103E-016
  3.773100000000001E-008 -5.704383977941991E-016
  3.773400000000001E-008 -5.701574230147846E-016
  3.773700000000001E-008 -5.698766084353702E-016
  3.774000000000001E-008 -5.695959220159564E-016
  3.774300000000001E-008 -5.693153957965413E-016
  3.774600000000001E-008 -5.690349817171263E-016
  3.774900000000001E-008 -5.687547278377105E-016
  3.775200000000001E-008 -5.684746021182944E-016
  3.775500000000001E-008 -5.681946205788778E-016
  3.775800000000001E-008 -5.679147832194607E-016
  3.776100000000001E-008 -5.679147832094814E-016
  3.776400000000001E-008 -5.676350900300673E-016
  3.776700000000001E-008 -5.673555250106534E-016
  3.777000000000001E-008 -5.670761041712391E-016
  3.777300000000001E-008 -5.667968275118237E-016
  3.777600000000001E-008 -5.665176790124084E-016
  3.777900000000000E-008 -5.662386746929920E-016
  3.778200000000001E-008 -5.659598145535782E-016
  3.778500000000000E-008 -5.656810985941593E-016
  3.778800000000001E-008 -5.654025107947415E-016
  3.779100000000000E-008 -5.651240671753238E-016
  3.779400000000001E-008 -5.648457677359054E-016
  3.779700000000000E-008 -5.645675964564866E-016
  3.780000000000001E-008 -5.642895693570673E-016
  3.780300000000000E-008 -5.640116864376475E-016
  3.780600000000001E-008 -5.637339316782273E-016
  3.780900000000000E-008 -5.634563371188066E-016
  3.781200000000001E-008 -5.631788546993854E-016
  3.781500000000000E-008 -5.629015324799638E-016
  3.781800000000001E-008 -5.629015324700585E-016
  3.782100000000000E-008 -5.626243384106405E-016
  3.782400000000001E-008 -5.623472885312214E-016
  3.782700000000001E-008 -5.620703668118027E-016
  3.783000000000001E-008 -5.617935892723828E-016
  3.783300000000001E-008 -5.615169559129655E-016
  3.783600000000001E-008 -5.612404667335428E-016
  3.783900000000001E-008 -5.609641057141211E-016
  3.784200000000001E-008 -5.606878728547001E-016
  3.784500000000001E-008 -5.604118001952780E-016
  3.784800000000001E-008 -5.601358556958556E-016
  3.785100000000001E-008 -5.598600553764327E-016
  3.785400000000001E-008 -5.595843832170093E-016
  3.785700000000001E-008 -5.593088552375856E-016
  3.786000000000001E-008 -5.590334714381612E-016
  3.786300000000001E-008 -5.587582157987365E-016
  3.786600000000001E-008 -5.584831043393111E-016
  3.786900000000001E-008 -5.582081210398855E-016
  3.787200000000001E-008 -5.582081210300504E-016
  3.787500000000001E-008 -5.579332819106284E-016
  3.787800000000001E-008 -5.576585869712055E-016
  3.788100000000001E-008 -5.573840201917820E-016
  3.788400000000000E-008 -5.571095975923614E-016
  3.788700000000001E-008 -5.568353191729346E-016
  3.789000000000000E-008 -5.565611689135100E-016
  3.789300000000001E-008 -5.562871628340847E-016
  3.789600000000000E-008 -5.560132849146594E-016
  3.789900000000001E-008 -5.557395511752332E-016
  3.790200000000000E-008 -5.554659455958067E-016
  3.790500000000001E-008 -5.551924841963799E-016
  3.790800000000000E-008 -5.549191669769524E-016
  3.791100000000001E-008 -5.546459779175246E-016
  3.791400000000000E-008 -5.543729330380964E-016
  3.791700000000001E-008 -5.541000323386675E-016
  3.792000000000000E-008 -5.538272597992381E-016
  3.792300000000001E-008 -5.535546154198084E-016
  3.792600000000000E-008 -5.535546154100431E-016
  3.792900000000001E-008 -5.532821152106170E-016
  3.793200000000001E-008 -5.530097591911900E-016
  3.793500000000001E-008 -5.527375313317626E-016
  3.793800000000001E-008 -5.524654476523374E-016
  3.794100000000001E-008 -5.521934921329072E-016
  3.794400000000001E-008 -5.519216807934784E-016
  3.794700000000001E-008 -5.516500136340493E-016
  3.795000000000001E-008 -5.513784746346194E-016
  3.795300000000001E-008 -5.511070637951894E-016
  3.795600000000001E-008 -5.508357971357591E-016
  3.795900000000001E-008 -5.505646746563281E-016
  3.796200000000001E-008 -5.502936803368964E-016
  3.796500000000001E-008 -5.500228141774648E-016
  3.796800000000001E-008 -5.497521082180323E-016
  3.797100000000001E-008 -5.494815143985994E-016
  3.797400000000001E-008 -5.492110647591661E-016
  3.797700000000001E-008 -5.489407592997323E-016
  3.798000000000001E-008 -5.489407592900365E-016
  3.798300000000001E-008 -5.486705819906066E-016
  3.798600000000001E-008 -5.484005488711751E-016
  3.798900000000001E-008 -5.481306439117470E-016
  3.799200000000001E-008 -5.478608831323125E-016
  3.799500000000000E-008 -5.475912505128803E-016
  3.799800000000001E-008 -5.473217620734475E-016
  3.800100000000000E-008 -5.470524017940145E-016
  3.800400000000001E-008 -5.467831856945807E-016
  3.800700000000000E-008 -5.465140977551468E-016
  3.801000000000001E-008 -5.462451539957122E-016
  3.801300000000000E-008 -5.459763383962771E-016
  3.801600000000001E-008 -5.457076509568416E-016
  3.801900000000000E-008 -5.454391076974058E-016
  3.802200000000001E-008 -5.451707086179694E-016
  3.802500000000000E-008 -5.449024376985324E-016
  3.802800000000001E-008 -5.446342949390953E-016
  3.803100000000000E-008 -5.443662963596574E-016
  3.803400000000001E-008 -5.443662963500314E-016
  3.803700000000001E-008 -5.440984419505966E-016
  3.804000000000001E-008 -5.438307157111645E-016
  3.804300000000001E-008 -5.435631176317268E-016
  3.804600000000001E-008 -5.432956637322906E-016
  3.804900000000001E-008 -5.430283379928542E-016
  3.805200000000001E-008 -5.427611404134177E-016
  3.805500000000001E-008 -5.424940870139808E-016
  3.805800000000001E-008 -5.422271777945431E-016
  3.806100000000001E-008 -5.419603967351048E-016
  3.806400000000001E-008 -5.416937438356664E-016
  3.806700000000001E-008 -5.414272351162273E-016
  3.807000000000001E-008 -5.411608545567877E-016
  3.807300000000001E-008 -5.408946021573479E-016
  3.807600000000001E-008 -5.406284939379076E-016
  3.807900000000001E-008 -5.403625298984666E-016
  3.808200000000001E-008 -5.400966779990254E-016
  3.808500000000001E-008 -5.398309862995835E-016
  3.808800000000001E-008 -5.398309862900257E-016
  3.809100000000001E-008 -5.395654067305907E-016
  3.809400000000001E-008 -5.392999713511492E-016
  3.809700000000001E-008 -5.390346801517090E-016
  3.810000000000000E-008 -5.387695010922702E-016
  3.810300000000001E-008 -5.385044822328292E-016
  3.810600000000000E-008 -5.382395755133888E-016
  3.810900000000001E-008 -5.379748129739475E-016
  3.811200000000000E-008 -5.377101785945060E-016
  3.811500000000001E-008 -5.374456883950640E-016
  3.811800000000000E-008 -5.371813263556213E-016
  3.812100000000001E-008 -5.369170924761785E-016
  3.812400000000000E-008 -5.366530027767350E-016
  3.812700000000001E-008 -5.363890412372912E-016
  3.813000000000000E-008 -5.361252238778465E-016
  3.813300000000001E-008 -5.358615186584019E-016
  3.813600000000000E-008 -5.355979736389564E-016
  3.813900000000001E-008 -5.353345407595108E-016
  3.814200000000000E-008 -5.353345407500251E-016
  3.814500000000001E-008 -5.350712520505794E-016
  3.814800000000001E-008 -5.348080915111370E-016
  3.815100000000001E-008 -5.345450751516929E-016
  3.815400000000001E-008 -5.342821709322500E-016
  3.815700000000001E-008 -5.340194269128051E-016
  3.816000000000001E-008 -5.337567950333608E-016
  3.816300000000001E-008 -5.334943073339155E-016
  3.816600000000001E-008 -5.332319477944703E-016
  3.816900000000001E-008 -5.329697324350238E-016
  3.817200000000001E-008 -5.327076292155773E-016
  3.817500000000001E-008 -5.324456701761306E-016
  3.817800000000001E-008 -5.321838553166832E-016
  3.818100000000001E-008 -5.319221686172352E-016
  3.818400000000001E-008 -5.316606100777868E-016
  3.818700000000001E-008 -5.313991796983379E-016
  3.819000000000001E-008 -5.311378774788891E-016
  3.819300000000001E-008 -5.308767194394390E-016
  3.819600000000001E-008 -5.306156895599889E-016
  3.819900000000001E-008 -5.306156895505725E-016
  3.820200000000001E-008 -5.303548038511256E-016
  3.820500000000001E-008 -5.300940463116781E-016
  3.820800000000001E-008 -5.298334169322303E-016
  3.821100000000000E-008 -5.295729157127819E-016
  3.821400000000001E-008 -5.293125426533336E-016
  3.821700000000000E-008 -5.290523137738844E-016
  3.822000000000001E-008 -5.287922130544352E-016
  3.822300000000000E-008 -5.285322565149847E-016
  3.822600000000001E-008 -5.282724121155345E-016
  3.822900000000000E-008 -5.280127118960837E-016
  3.823200000000001E-008 -5.277531398366321E-016
  3.823500000000000E-008 -5.274936959371804E-016
  3.823800000000001E-008 -5.272343962177280E-016
  3.824100000000000E-008 -5.269752246582758E-016
  3.824400000000001E-008 -5.267161812588222E-016
  3.824700000000000E-008 -5.264572660193684E-016
  3.825000000000001E-008 -5.261984949599144E-016
  3.825300000000001E-008 -5.261984949505652E-016
  3.825600000000001E-008 -5.259398360311148E-016
  3.825900000000001E-008 -5.256813212916641E-016
  3.826200000000001E-008 -5.254229507322116E-016
  3.826500000000001E-008 -5.251646923127601E-016
  3.826800000000001E-008 -5.249065780733069E-016
  3.827100000000001E-008 -5.246485759738541E-016
  3.827400000000001E-008 -5.243907180544011E-016
  3.827700000000001E-008 -5.241330043149467E-016
  3.828000000000001E-008 -5.238754027154925E-016
  3.828300000000001E-008 -5.236179452960372E-016
  3.828600000000001E-008 -5.233606000165825E-016
  3.828900000000001E-008 -5.231034149371263E-016
  3.829200000000001E-008 -5.228463419976708E-016
  3.829500000000001E-008 -5.225893972182139E-016
  3.829800000000001E-008 -5.223325966187564E-016
  3.830100000000001E-008 -5.220759081592989E-016
  3.830400000000001E-008 -5.218193638798409E-016
  3.830700000000001E-008 -5.218193638705597E-016
  3.831000000000001E-008 -5.215629477511055E-016
  3.831300000000001E-008 -5.213066758116497E-016
  3.831600000000000E-008 -5.210505160121945E-016
  3.831900000000001E-008 -5.207945003927380E-016
  3.832200000000000E-008 -5.205385969132818E-016
  3.832500000000001E-008 -5.202828376138249E-016
  3.832800000000000E-008 -5.200272064743672E-016
  3.833100000000001E-008 -5.197717034949097E-016
  3.833400000000000E-008 -5.195163446954511E-016
  3.833700000000001E-008 -5.192610980359926E-016
  3.834000000000000E-008 -5.190059955565328E-016
  3.834300000000001E-008 -5.187510052170744E-016
  3.834600000000000E-008 -5.184961590576138E-016
  3.834900000000001E-008 -5.182414410581528E-016
  3.835200000000000E-008 -5.179868512186918E-016
  3.835500000000001E-008 -5.177323895392304E-016
  3.835800000000001E-008 -5.174780720397685E-016
  3.836100000000001E-008 -5.174780720305544E-016
  3.836400000000001E-008 -5.172238666710963E-016
  3.836700000000001E-008 -5.169698054916366E-016
  3.837000000000001E-008 -5.167158564521777E-016
  3.837300000000001E-008 -5.164620515927176E-016
  3.837600000000001E-008 -5.162083748932571E-016
  3.837900000000001E-008 -5.159548263537962E-016
  3.838200000000001E-008 -5.157014059743349E-016
  3.838500000000001E-008 -5.154481137548731E-016
  3.838800000000001E-008 -5.151949496954111E-016
  3.839100000000001E-008 -5.149419298159484E-016
  3.839400000000001E-008 -5.146890220764848E-016
  3.839700000000001E-008 -5.144362424970226E-016
  3.840000000000001E-008 -5.141836070975580E-016
  3.840300000000001E-008 -5.139310998580930E-016
  3.840600000000001E-008 -5.136787047586282E-016
  3.840900000000001E-008 -5.134264538391630E-016
  3.841200000000001E-008 -5.131743310796972E-016
  3.841500000000001E-008 -5.131743310705503E-016
  3.841800000000001E-008 -5.129223364710873E-016
  3.842100000000000E-008 -5.126704540116248E-016
  3.842400000000001E-008 -5.124187157321614E-016
  3.842700000000000E-008 -5.121671056126975E-016
  3.843000000000001E-008 -5.119156236532331E-016
  3.843300000000000E-008 -5.116642698537689E-016
  3.843600000000001E-008 -5.114130602343033E-016
  3.843900000000000E-008 -5.111619627548376E-016
  3.844200000000001E-008 -5.109109934353717E-016
  3.844500000000000E-008 -5.106601522759048E-016
  3.844800000000001E-008 -5.104094392764391E-016
  3.845100000000000E-008 -5.101588544369712E-016
  3.845400000000001E-008 -5.099084137775028E-016
  3.845700000000000E-008 -5.096580852580345E-016
  3.846000000000001E-008 -5.094078848985657E-016
  3.846300000000001E-008 -5.091578126990966E-016
  3.846600000000001E-008 -5.089078846796268E-016
  3.846900000000001E-008 -5.089078846705464E-016
  3.847200000000001E-008 -5.086580687910800E-016
  3.847500000000001E-008 -5.084083810716133E-016
  3.847800000000001E-008 -5.081588215121465E-016
  3.848100000000001E-008 -5.079094061326783E-016
  3.848400000000001E-008 -5.076601028932101E-016
  3.848700000000001E-008 -5.074109278137415E-016
  3.849000000000001E-008 -5.071618808942723E-016
  3.849300000000001E-008 -5.069129621348035E-016
  3.849600000000001E-008 -5.066641875553329E-016
  3.849900000000001E-008 -5.064155251158640E-016
  3.850200000000001E-008 -5.061669908363923E-016
  3.850500000000001E-008 -5.059185847169206E-016
  3.850800000000001E-008 -5.056703067574490E-016
  3.851100000000001E-008 -5.054221569579767E-016
  3.851400000000001E-008 -5.051741192985041E-016
  3.851700000000001E-008 -5.049262258190311E-016
  3.852000000000001E-008 -5.046784604995576E-016
  3.852300000000001E-008 -5.046784604905437E-016
  3.852600000000001E-008 -5.044308233310729E-016
  3.852900000000001E-008 -5.041832983116029E-016
  3.853200000000000E-008 -5.039359174721318E-016
  3.853500000000001E-008 -5.036886647926599E-016
  3.853800000000000E-008 -5.034415242531878E-016
  3.854100000000001E-008 -5.031945118737159E-016
  3.854400000000000E-008 -5.029476436742427E-016
  3.854700000000001E-008 -5.027008876147689E-016
  3.855000000000000E-008 -5.024542597152971E-016
  3.855300000000001E-008 -5.022077599758216E-016
  3.855600000000000E-008 -5.019613883963467E-016
  3.855900000000001E-008 -5.017151449768715E-016
  3.856200000000000E-008 -5.014690136973960E-016
  3.856500000000001E-008 -5.012230265979202E-016
  3.856800000000000E-008 -5.009771676584435E-016
  3.857100000000001E-008 -5.007314208589667E-016
  3.857400000000001E-008 -5.004858022194894E-016
  3.857700000000001E-008 -5.004858022105411E-016
  3.858000000000001E-008 -5.002403117310679E-016
  3.858300000000001E-008 -4.999949654315922E-016
  3.858600000000001E-008 -4.997497152521178E-016
  3.858900000000001E-008 -4.995046092526426E-016
  3.859200000000001E-008 -4.992596314131663E-016
  3.859500000000001E-008 -4.990147657136906E-016
  3.859800000000001E-008 -4.987700441942133E-016
  3.860100000000001E-008 -4.985254348147381E-016
  3.860400000000001E-008 -4.982809535952591E-016
  3.860700000000001E-008 -4.980366005357807E-016
  3.861000000000001E-008 -4.977923756363025E-016
  3.861300000000001E-008 -4.975482788968233E-016
  3.861600000000001E-008 -4.973042942973441E-016
  3.861900000000001E-008 -4.970604538778642E-016
  3.862200000000001E-008 -4.968167255983841E-016
  3.862500000000001E-008 -4.965731254789034E-016
  3.862800000000001E-008 -4.963296535194223E-016
  3.863100000000001E-008 -4.960862936999407E-016
  3.863400000000001E-008 -4.960862936910621E-016
  3.863700000000000E-008 -4.958430780515833E-016
  3.864000000000001E-008 -4.955999745521047E-016
  3.864300000000000E-008 -4.953569992126256E-016
  3.864600000000001E-008 -4.951141520331460E-016
  3.864900000000000E-008 -4.948714330136658E-016
  3.865200000000001E-008 -4.946288421541871E-016
  3.865500000000000E-008 -4.943863634347045E-016
  3.865800000000001E-008 -4.941440128752228E-016
  3.866100000000000E-008 -4.939017904757413E-016
  3.866400000000001E-008 -4.936596962362588E-016
  3.866700000000000E-008 -4.934177141367764E-016
  3.867000000000001E-008 -4.931758762172930E-016
  3.867300000000000E-008 -4.929341504378095E-016
  3.867600000000001E-008 -4.926925528183254E-016
  3.867900000000001E-008 -4.924510673388409E-016
  3.868200000000001E-008 -4.922097260393561E-016
  3.868500000000001E-008 -4.919684968798708E-016
  3.868800000000001E-008 -4.919684968710571E-016
  3.869100000000001E-008 -4.917273958715752E-016
  3.869400000000001E-008 -4.914864230320922E-016
  3.869700000000001E-008 -4.912455623326094E-016
  3.870000000000001E-008 -4.910048297931257E-016
  3.870300000000001E-008 -4.907642254136445E-016
  3.870600000000001E-008 -4.905237491941579E-016
  3.870900000000001E-008 -4.902833851146733E-016
  3.871200000000001E-008 -4.900431652151882E-016
  3.871500000000001E-008 -4.898030574557021E-016
  3.871800000000001E-008 -4.895630618362165E-016
  3.872100000000001E-008 -4.893232103967299E-016
  3.872400000000001E-008 -4.890834710972429E-016
  3.872700000000001E-008 -4.888438599577555E-016
  3.873000000000001E-008 -4.886043609582679E-016
  3.873300000000001E-008 -4.883650061387797E-016
  3.873600000000001E-008 -4.881257634592909E-016
  3.873900000000001E-008 -4.878866329198018E-016
  3.874200000000001E-008 -4.878866329110533E-016
  3.874500000000001E-008 -4.876476465515670E-016
  3.874800000000000E-008 -4.874087723320810E-016
  3.875100000000001E-008 -4.871700262725936E-016
  3.875400000000000E-008 -4.869313923531090E-016
  3.875700000000001E-008 -4.866928865936194E-016
  3.876000000000000E-008 -4.864545089941313E-016
  3.876300000000001E-008 -4.862162595546427E-016
  3.876600000000000E-008 -4.859781222551537E-016
  3.876900000000001E-008 -4.857401131156645E-016
  3.877200000000000E-008 -4.855022321361747E-016
  3.877500000000001E-008 -4.852644632966843E-016
  3.877800000000000E-008 -4.850268226171939E-016
  3.878100000000001E-008 -4.847893100977027E-016
  3.878400000000001E-008 -4.845519097182112E-016
  3.878700000000001E-008 -4.843146374987193E-016
  3.879000000000001E-008 -4.840774934392268E-016
  3.879300000000001E-008 -4.838404615197339E-016
  3.879600000000001E-008 -4.838404615110497E-016
  3.879900000000001E-008 -4.836035577515597E-016
  3.880200000000001E-008 -4.833667661320702E-016
  3.880500000000001E-008 -4.831301186925814E-016
  3.880800000000001E-008 -4.828935673730889E-016
  3.881100000000001E-008 -4.826571602335970E-016
  3.881400000000001E-008 -4.824208652341054E-016
  3.881700000000001E-008 -4.821846983946130E-016
  3.882000000000001E-008 -4.819486436951204E-016
  3.882300000000001E-008 -4.817127171556275E-016
  3.882600000000001E-008 -4.814769187761337E-016
  3.882900000000001E-008 -4.812412325366399E-016
  3.883200000000001E-008 -4.810056744571455E-016
  3.883500000000001E-008 -4.807702285176507E-016
  3.883800000000001E-008 -4.805349107381555E-016
  3.884100000000001E-008 -4.802997211186597E-016
  3.884400000000001E-008 -4.800646436391637E-016
  3.884700000000001E-008 -4.798296943196672E-016
  3.885000000000001E-008 -4.798296943110472E-016
  3.885300000000000E-008 -4.795948731515536E-016
  3.885600000000001E-008 -4.793601641320591E-016
  3.885900000000000E-008 -4.791255672525677E-016
  3.886200000000001E-008 -4.788910985330710E-016
  3.886500000000000E-008 -4.786567579735760E-016
  3.886800000000001E-008 -4.784225455740798E-016
  3.887100000000000E-008 -4.781884292945844E-016
  3.887400000000001E-008 -4.779544571950879E-016
  3.887700000000000E-008 -4.777205972355912E-016
  3.888000000000001E-008 -4.774868654360939E-016
  3.888300000000000E-008 -4.772532457765960E-016
  3.888600000000001E-008 -4.770197382570982E-016
  3.888900000000000E-008 -4.767863749175997E-016
  3.889200000000001E-008 -4.765531237181007E-016
  3.889500000000001E-008 -4.763199846586013E-016
  3.889800000000001E-008 -4.760869737591015E-016
  3.890100000000001E-008 -4.758540749996013E-016
  3.890400000000001E-008 -4.758540749910447E-016
  3.890700000000001E-008 -4.756213043915478E-016
  3.891000000000001E-008 -4.753886619520527E-016
  3.891300000000001E-008 -4.751561316525521E-016
  3.891600000000001E-008 -4.749237134930538E-016
  3.891900000000001E-008 -4.746914234935553E-016
  3.892200000000001E-008 -4.744592616540558E-016
  3.892500000000001E-008 -4.742272119545564E-016
  3.892800000000001E-008 -4.739952904150562E-016
  3.893100000000001E-008 -4.737634810155555E-016
  3.893400000000001E-008 -4.735317837560547E-016
  3.893700000000001E-008 -4.733002146565535E-016
  3.894000000000001E-008 -4.730687737170517E-016
  3.894300000000001E-008 -4.728374449175495E-016
  3.894600000000001E-008 -4.726062442780469E-016
  3.894900000000001E-008 -4.723751557785438E-016
  3.895200000000001E-008 -4.721441794190404E-016
  3.895500000000001E-008 -4.719133312195365E-016
  3.895800000000000E-008 -4.719133312110436E-016
  3.896100000000001E-008 -4.716826111715452E-016
  3.896400000000000E-008 -4.714520032720410E-016
  3.896700000000001E-008 -4.712215075125397E-016
  3.897000000000000E-008 -4.709911399130380E-016
  3.897300000000001E-008 -4.707609004735353E-016
  3.897600000000000E-008 -4.705307731740322E-016
  3.897900000000001E-008 -4.703007580145291E-016
  3.898200000000000E-008 -4.700708710150253E-016
  3.898500000000001E-008 -4.698410961555208E-016
  3.898800000000000E-008 -4.696114334360168E-016
  3.899100000000001E-008 -4.693819148965115E-016
  3.899400000000000E-008 -4.691524924770061E-016
  3.899700000000001E-008 -4.689231982175002E-016
  3.900000000000001E-008 -4.686940160979940E-016
  3.900300000000001E-008 -4.684649621384873E-016
  3.900600000000001E-008 -4.682360363389802E-016
  3.900900000000001E-008 -4.680072066594726E-016
  3.901200000000001E-008 -4.677785051399646E-016
  3.901500000000001E-008 -4.677785051315383E-016
  3.901800000000001E-008 -4.675499317720331E-016
  3.902100000000001E-008 -4.673214705525276E-016
  3.902400000000001E-008 -4.670931214730222E-016
  3.902700000000001E-008 -4.668649005535160E-016
  3.903000000000001E-008 -4.666367917740092E-016
  3.903300000000001E-008 -4.664087951345025E-016
  3.903600000000001E-008 -4.661809266549954E-016
  3.903900000000001E-008 -4.659531863354872E-016
  3.904200000000001E-008 -4.657255421359789E-016
  3.904500000000001E-008 -4.654980260964705E-016
  3.904800000000001E-008 -4.652706382169614E-016
  3.905100000000001E-008 -4.650433624774518E-016
  3.905400000000001E-008 -4.648161988779421E-016
  3.905700000000001E-008 -4.645891634384315E-016
  3.906000000000001E-008 -4.643622241189212E-016
  3.906300000000001E-008 -4.641354289794098E-016
  3.906600000000001E-008 -4.639087299598982E-016
  3.906900000000000E-008 -4.639087299515347E-016
  3.907200000000001E-008 -4.636821751120253E-016
  3.907500000000000E-008 -4.634557163925168E-016
  3.907800000000001E-008 -4.632293858330074E-016
  3.908100000000000E-008 -4.630031674134973E-016
  3.908400000000001E-008 -4.627770611339874E-016
  3.908700000000000E-008 -4.625510830144768E-016
  3.909000000000001E-008 -4.623252170349655E-016
  3.909300000000000E-008 -4.620994631954544E-016
  3.909600000000001E-008 -4.618738375159424E-016
  3.909900000000000E-008 -4.616483239764303E-016
  3.910200000000001E-008 -4.614229385969176E-016
  3.910500000000001E-008 -4.611976653574045E-016
  3.910800000000001E-008 -4.609725042578908E-016
  3.911100000000001E-008 -4.607474552983774E-016
  3.911400000000001E-008 -4.605225344988628E-016
  3.911700000000001E-008 -4.602977258393477E-016
  3.912000000000001E-008 -4.600730293198325E-016
  3.912300000000001E-008 -4.600730293115304E-016
  3.912600000000001E-008 -4.598484449320188E-016
  3.912900000000001E-008 -4.596239887125067E-016
  3.913200000000001E-008 -4.593996606529930E-016
  3.913500000000001E-008 -4.591754287134798E-016
  3.913800000000001E-008 -4.589513249339660E-016
  3.914100000000001E-008 -4.587273332944516E-016
  3.914400000000001E-008 -4.585034537949373E-016
  3.914700000000001E-008 -4.582797024554221E-016
  3.915000000000001E-008 -4.580560632559066E-016
  3.915300000000001E-008 -4.578325361963907E-016
  3.915600000000001E-008 -4.576091212768746E-016
  3.915900000000001E-008 -4.573858345173576E-016
  3.916200000000001E-008 -4.571626598978413E-016
  3.916500000000001E-008 -4.569395974183233E-016
  3.916800000000001E-008 -4.567166470788052E-016
  3.917100000000001E-008 -4.564938248992869E-016
  3.917400000000000E-008 -4.562711148597681E-016
  3.917700000000001E-008 -4.562711148515280E-016
  3.918000000000000E-008 -4.560485169520121E-016
  3.918300000000001E-008 -4.558260311924965E-016
  3.918600000000000E-008 -4.556036735929798E-016
  3.918900000000001E-008 -4.553814281334628E-016
  3.919200000000000E-008 -4.551592948139451E-016
  3.919500000000001E-008 -4.549372736344277E-016
  3.919800000000000E-008 -4.547153806149093E-016
  3.920100000000001E-008 -4.544935997353907E-016
  3.920400000000000E-008 -4.542719309958716E-016
  3.920700000000001E-008 -4.540503743963522E-016
  3.921000000000001E-008 -4.538289299368322E-016
  3.921300000000001E-008 -4.536076136373129E-016
  3.921600000000001E-008 -4.533864094777916E-016
  3.921900000000001E-008 -4.531653174582703E-016
  3.922200000000001E-008 -4.529443375787488E-016
  3.922500000000001E-008 -4.527234698392268E-016
  3.922800000000001E-008 -4.525027302597045E-016
  3.923100000000001E-008 -4.525027302515262E-016
  3.923400000000001E-008 -4.522821028120068E-016
  3.923700000000001E-008 -4.520615875124869E-016
  3.924000000000001E-008 -4.518411843529668E-016
  3.924300000000001E-008 -4.516208933334460E-016
  3.924600000000001E-008 -4.514007144539254E-016
  3.924900000000001E-008 -4.511806637344042E-016
  3.925200000000001E-008 -4.509607251548823E-016
  3.925500000000001E-008 -4.507408987153601E-016
  3.925800000000001E-008 -4.505211844158373E-016
  3.926100000000001E-008 -4.503015822563143E-016
  3.926400000000001E-008 -4.500821082567919E-016
  3.926700000000001E-008 -4.498627303772675E-016
  3.927000000000001E-008 -4.496434806577430E-016
  3.927300000000001E-008 -4.494243430782184E-016
  3.927600000000001E-008 -4.492053176386933E-016
  3.927900000000000E-008 -4.489864043391677E-016
  3.928200000000001E-008 -4.487676031796420E-016
  3.928500000000000E-008 -4.487676031715249E-016
  3.928800000000001E-008 -4.485489301720013E-016
  3.929100000000000E-008 -4.483303532924785E-016
  3.929400000000001E-008 -4.481119045729548E-016
  3.929700000000000E-008 -4.478935679934301E-016
  3.930000000000001E-008 -4.476753275339061E-016
  3.930300000000000E-008 -4.474572152343816E-016
  3.930600000000001E-008 -4.472392310948559E-016
  3.930900000000000E-008 -4.470213430753300E-016
  3.931200000000001E-008 -4.468035671958039E-016
  3.931500000000000E-008 -4.465859034562774E-016
  3.931800000000001E-008 -4.463683678767514E-016
  3.932100000000001E-008 -4.461509284172235E-016
  3.932400000000001E-008 -4.459336171176955E-016
  3.932700000000001E-008 -4.457164179581673E-016
  3.933000000000001E-008 -4.454993309386386E-016
  3.933300000000001E-008 -4.452823560591096E-016
  3.933600000000001E-008 -4.450654933195802E-016
  3.933900000000001E-008 -4.450654933115236E-016
  3.934200000000001E-008 -4.448487427119971E-016
  3.934500000000001E-008 -4.446321042524703E-016
  3.934800000000001E-008 -4.444155779329431E-016
  3.935100000000001E-008 -4.441991637534153E-016
  3.935400000000001E-008 -4.439828617138879E-016
  3.935700000000001E-008 -4.437666878343590E-016
  3.936000000000001E-008 -4.435506100748305E-016
  3.936300000000001E-008 -4.433346604753010E-016
  3.936600000000001E-008 -4.431188069957712E-016
  3.936900000000001E-008 -4.429030816762423E-016
  3.937200000000001E-008 -4.426874524767112E-016
  3.937500000000001E-008 -4.424719514371799E-016
  3.937800000000001E-008 -4.422565465176488E-016
  3.938100000000001E-008 -4.420412697581171E-016
  3.938400000000001E-008 -4.418261051385850E-016
  3.938700000000001E-008 -4.416110526590525E-016
  3.939000000000000E-008 -4.413960962995196E-016
  3.939300000000001E-008 -4.411812680999863E-016
  3.939600000000000E-008 -4.411812680919935E-016
  3.939900000000001E-008 -4.409665520324632E-016
  3.940200000000000E-008 -4.407519481129319E-016
  3.940500000000001E-008 -4.405374403134012E-016
  3.940800000000000E-008 -4.403230606738697E-016
  3.941100000000001E-008 -4.401087931743378E-016
  3.941400000000000E-008 -4.398946378148051E-016
  3.941700000000001E-008 -4.396805785752724E-016
  3.942000000000000E-008 -4.394666474957410E-016
  3.942300000000001E-008 -4.392528285562061E-016
  3.942600000000001E-008 -4.390391057366719E-016
  3.942900000000001E-008 -4.388255110771377E-016
  3.943200000000001E-008 -4.386120285576028E-016
  3.943500000000001E-008 -4.383986421580678E-016
  3.943800000000001E-008 -4.381853839185321E-016
  3.944100000000001E-008 -4.379722217989962E-016
  3.944400000000001E-008 -4.377591878394599E-016
  3.944700000000001E-008 -4.375462499999230E-016
  3.945000000000001E-008 -4.375462499919904E-016
  3.945300000000001E-008 -4.373334403124560E-016
  3.945600000000001E-008 -4.371207267529219E-016
  3.945900000000001E-008 -4.369081253333878E-016
  3.946200000000001E-008 -4.366956520738523E-016
  3.946500000000001E-008 -4.364832749343170E-016
  3.946800000000001E-008 -4.362710099347808E-016
  3.947100000000001E-008 -4.360588570752465E-016
  3.947400000000001E-008 -4.358468163557086E-016
  3.947700000000001E-008 -4.356348877761713E-016
  3.948000000000001E-008 -4.354230713366341E-016
  3.948300000000001E-008 -4.352113670370959E-016
  3.948600000000001E-008 -4.349997588575579E-016
  3.948900000000001E-008 -4.347882788380192E-016
  3.949200000000001E-008 -4.345768949384802E-016
  3.949500000000000E-008 -4.343656391989408E-016
  3.949800000000001E-008 -4.341544795794010E-016
  3.950100000000000E-008 -4.339434320998607E-016
  3.950400000000001E-008 -4.339434320919872E-016
  3.950700000000000E-008 -4.337324967524501E-016
  3.951000000000001E-008 -4.335216735529124E-016
  3.951300000000000E-008 -4.333109624933744E-016
  3.951600000000001E-008 -4.331003635738361E-016
  3.951900000000000E-008 -4.328898767942964E-016
  3.952200000000001E-008 -4.326794861347596E-016
  3.952500000000000E-008 -4.324692236352181E-016
  3.952800000000001E-008 -4.322590572556778E-016
  3.953100000000001E-008 -4.320490030161375E-016
  3.953400000000001E-008 -4.318390609165966E-016
  3.953700000000001E-008 -4.316292309570555E-016
  3.954000000000001E-008 -4.314195131375136E-016
  3.954300000000001E-008 -4.312098914379716E-016
  3.954600000000001E-008 -4.310003978984292E-016
  3.954900000000001E-008 -4.307910004788863E-016
  3.955200000000001E-008 -4.305817151993431E-016
  3.955500000000001E-008 -4.303725420597994E-016
  3.955800000000001E-008 -4.303725420519852E-016
  3.956100000000001E-008 -4.301634810524446E-016
  3.956400000000001E-008 -4.299545321929035E-016
  3.956700000000001E-008 -4.297456954733616E-016
  3.957000000000001E-008 -4.295369548738195E-016
  3.957300000000001E-008 -4.293283264142795E-016
  3.957600000000001E-008 -4.291198100947351E-016
  3.957900000000001E-008 -4.289114059151918E-016
  3.958200000000001E-008 -4.287031138756482E-016
  3.958500000000001E-008 -4.284949179561043E-016
  3.958800000000001E-008 -4.282868341765600E-016
  3.959100000000001E-008 -4.280788625370154E-016
  3.959400000000001E-008 -4.278710030374704E-016
  3.959700000000001E-008 -4.276632556779248E-016
  3.960000000000001E-008 -4.274556044383791E-016
  3.960300000000001E-008 -4.272480813588328E-016
  3.960600000000000E-008 -4.270406543992861E-016
  3.960900000000001E-008 -4.268333395797391E-016
  3.961200000000000E-008 -4.268333395719831E-016
  3.961500000000001E-008 -4.266261208724397E-016
  3.961800000000000E-008 -4.264190303328947E-016
  3.962100000000001E-008 -4.262120359133497E-016
  3.962400000000000E-008 -4.260051536338062E-016
  3.962700000000001E-008 -4.257983674742592E-016
  3.963000000000000E-008 -4.255917094747125E-016
  3.963300000000001E-008 -4.253851475951661E-016
  3.963600000000000E-008 -4.251786978556193E-016
  3.963900000000001E-008 -4.249723602560722E-016
  3.964200000000001E-008 -4.247661347965243E-016
  3.964500000000001E-008 -4.245600054569762E-016
  3.964800000000001E-008 -4.243539882574279E-016
  3.965100000000001E-008 -4.241480831978789E-016
  3.965400000000001E-008 -4.239422742583296E-016
  3.965700000000001E-008 -4.237365774587800E-016
  3.966000000000001E-008 -4.235309927992300E-016
  3.966300000000001E-008 -4.233255202796796E-016
  3.966600000000001E-008 -4.233255202719828E-016
  3.966900000000001E-008 -4.231201598924348E-016
  3.967200000000001E-008 -4.229148956328869E-016
  3.967500000000001E-008 -4.227097435133404E-016
  3.967800000000001E-008 -4.225046875137904E-016
  3.968100000000001E-008 -4.222997596742407E-016
  3.968400000000001E-008 -4.220949279546914E-016
  3.968700000000001E-008 -4.218902083751412E-016
  3.969000000000001E-008 -4.216855849155910E-016
  3.969300000000001E-008 -4.214810735960404E-016
  3.969600000000001E-008 -4.212766744164895E-016
  3.969900000000001E-008 -4.210723873769378E-016
  3.970200000000001E-008 -4.208681964573861E-016
  3.970500000000001E-008 -4.206641176778337E-016
  3.970800000000001E-008 -4.204601350182813E-016
  3.971100000000000E-008 -4.202562805187282E-016
  3.971400000000001E-008 -4.200525221391748E-016
  3.971700000000000E-008 -4.198488598796210E-016
  3.972000000000001E-008 -4.198488598719822E-016
  3.972300000000000E-008 -4.196453257724310E-016
  3.972600000000001E-008 -4.194418877928790E-016
  3.972900000000000E-008 -4.192385459333304E-016
  3.973200000000001E-008 -4.190353322337760E-016
  3.973500000000000E-008 -4.188322146542230E-016
  3.973800000000001E-008 -4.186291931946707E-016
  3.974100000000000E-008 -4.184262998951173E-016
  3.974400000000001E-008 -4.182235027155633E-016
  3.974700000000001E-008 -4.180208016560094E-016
  3.975000000000001E-008 -4.178182127364551E-016
  3.975300000000001E-008 -4.176157359569004E-016
  3.975600000000001E-008 -4.174133713173451E-016
  3.975900000000001E-008 -4.172111027977896E-016
  3.976200000000001E-008 -4.170089464182335E-016
  3.976500000000001E-008 -4.168068861586771E-016
  3.976800000000001E-008 -4.166049380391205E-016
  3.977100000000001E-008 -4.164031020595633E-016
  3.977400000000001E-008 -4.164031020519817E-016
  3.977700000000001E-008 -4.162013621924276E-016
  3.978000000000001E-008 -4.159997344728749E-016
  3.978300000000001E-008 -4.157982028733185E-016
  3.978600000000001E-008 -4.155967994337619E-016
  3.978900000000001E-008 -4.153954760942069E-016
  3.979200000000001E-008 -4.151942809146499E-016
  3.979500000000001E-008 -4.149931658350939E-016
  3.979800000000001E-008 -4.147921789155368E-016
  3.980100000000001E-008 -4.145912881159795E-016
  3.980400000000001E-008 -4.143905094564216E-016
  3.980700000000001E-008 -4.141898269168635E-016
  3.981000000000001E-008 -4.139892565173048E-016
  3.981300000000001E-008 -4.137887822377459E-016
  3.981600000000000E-008 -4.135884200981868E-016
  3.981900000000001E-008 -4.133881700986271E-016
  3.982200000000000E-008 -4.131880162190671E-016
  3.982500000000001E-008 -4.129879744795066E-016
  3.982800000000000E-008 -4.127880288599457E-016
  3.983100000000001E-008 -4.127880288524272E-016
  3.983400000000000E-008 -4.125881953728664E-016
  3.983700000000001E-008 -4.123884580133083E-016
  3.984000000000000E-008 -4.121888327937492E-016
  3.984300000000001E-008 -4.119893036941903E-016
  3.984600000000000E-008 -4.117898867346310E-016
  3.984900000000001E-008 -4.115905819150708E-016
  3.985200000000001E-008 -4.113913732155107E-016
  3.985500000000001E-008 -4.111922766559499E-016
  3.985800000000001E-008 -4.109932762163890E-016
  3.986100000000001E-008 -4.107943879168275E-016
  3.986400000000001E-008 -4.105955957372653E-016
  3.986700000000001E-008 -4.103968996777035E-016
  3.987000000000001E-008 -4.101983317781406E-016
  3.987300000000001E-008 -4.099998439785778E-016
  3.987600000000001E-008 -4.098014843390144E-016
  3.987900000000001E-008 -4.096032208194508E-016
  3.988200000000001E-008 -4.094050534198865E-016
  3.988500000000001E-008 -4.094050534124225E-016
  3.988800000000001E-008 -4.092069981528608E-016
  3.989100000000001E-008 -4.090090390132995E-016
  3.989400000000001E-008 -4.088111920137371E-016
  3.989700000000001E-008 -4.086134411341749E-016
  3.990000000000001E-008 -4.084158023946119E-016
  3.990300000000001E-008 -4.082182597750488E-016
  3.990600000000001E-008 -4.080208292954850E-016
  3.990900000000001E-008 -4.078234949359213E-016
  3.991200000000001E-008 -4.076262727163568E-016
  3.991500000000001E-008 -4.074291466167921E-016
  3.991800000000001E-008 -4.072321326572270E-016
  3.992100000000001E-008 -4.070352148176613E-016
  3.992400000000001E-008 -4.068383930980955E-016
  3.992700000000000E-008 -4.066416835185293E-016
  3.993000000000001E-008 -4.064450860789630E-016
  3.993300000000000E-008 -4.062485847593958E-016
  3.993600000000001E-008 -4.060521795598283E-016
  3.993900000000000E-008 -4.060521795524206E-016
  3.994200000000001E-008 -4.058558864928557E-016
  3.994500000000000E-008 -4.056596895532911E-016
  3.994800000000001E-008 -4.054636047537254E-016
  3.995100000000000E-008 -4.052676160741600E-016
  3.995400000000001E-008 -4.050717395345937E-016
  3.995700000000001E-008 -4.048759591150270E-016
  3.996000000000001E-008 -4.046802748154602E-016
  3.996300000000001E-008 -4.044847026558934E-016
  3.996600000000001E-008 -4.042892426363252E-016
  3.996900000000001E-008 -4.040938627167576E-016
  3.997200000000001E-008 -4.038986109571890E-016
  3.997500000000001E-008 -4.037034392976203E-016
  3.997800000000001E-008 -4.035083797780509E-016
  3.998100000000001E-008 -4.033134163784820E-016
  3.998400000000001E-008 -4.031185651189119E-016
  3.998700000000001E-008 -4.029238099793415E-016
  3.999000000000001E-008 -4.027291669797709E-016
  3.999300000000001E-008 -4.027291669724192E-016
  3.999600000000001E-008 -4.025346200928511E-016
  3.999900000000001E-008 -4.023401693332832E-016
  4.000200000000001E-008 -4.021458307137144E-016
  4.000500000000001E-008 -4.019515882141457E-016
  4.000800000000001E-008 -4.017574578545762E-016
  4.001100000000001E-008 -4.015634236150062E-016
  4.001400000000001E-008 -4.013694854954363E-016
  4.001700000000001E-008 -4.011756595158658E-016
  4.002000000000001E-008 -4.009819296562947E-016
  4.002300000000001E-008 -4.007882959167236E-016
  4.002600000000001E-008 -4.005947743171521E-016
  4.002900000000001E-008 -4.004013488375797E-016
  4.003200000000000E-008 -4.002080194780082E-016
  4.003500000000001E-008 -4.000148022584350E-016
  4.003800000000000E-008 -3.998216811588617E-016
  4.004100000000001E-008 -3.996286721992882E-016
  4.004400000000000E-008 -3.994357593597144E-016
  4.004700000000001E-008 -3.994357593524182E-016
  4.005000000000000E-008 -3.992429426328469E-016
  4.005300000000001E-008 -3.990502220332758E-016
  4.005600000000000E-008 -3.988576135737038E-016
  4.005900000000001E-008 -3.986651012341319E-016
  4.006200000000000E-008 -3.984727010345591E-016
  4.006500000000001E-008 -3.982803969549861E-016
  4.006800000000001E-008 -3.980881889954125E-016
  4.007100000000001E-008 -3.978960771558391E-016
  4.007400000000001E-008 -3.977040774562649E-016
  4.007700000000001E-008 -3.975121738766903E-016
  4.008000000000001E-008 -3.973203664171154E-016
  4.008300000000001E-008 -3.971286710975411E-016
  4.008600000000001E-008 -3.969370718979649E-016
  4.008900000000001E-008 -3.967455688183888E-016
  4.009200000000001E-008 -3.965541778788126E-016
  4.009500000000001E-008 -3.963628830592358E-016
  4.009800000000001E-008 -3.961716843596588E-016
  4.010100000000001E-008 -3.961716843524184E-016
  4.010400000000001E-008 -3.959805977928433E-016
  4.010700000000001E-008 -3.957895913332689E-016
  4.011000000000001E-008 -3.955986970136943E-016
  4.011300000000001E-008 -3.954079148341182E-016
  4.011600000000001E-008 -3.952172127545427E-016
  4.011900000000001E-008 -3.950266228149665E-016
  4.012200000000001E-008 -3.948361289953897E-016
  4.012500000000001E-008 -3.946457312958130E-016
  4.012800000000001E-008 -3.944554457362357E-016
  4.013100000000001E-008 -3.942652562966577E-016
  4.013400000000001E-008 -3.940751629770807E-016
  4.013700000000001E-008 -3.938851657775018E-016
  4.014000000000001E-008 -3.936952807179227E-016
  4.014300000000000E-008 -3.935054917783436E-016
  4.014600000000001E-008 -3.933157989587641E-016
  4.014900000000000E-008 -3.931262022591842E-016
  4.015200000000001E-008 -3.929367176996039E-016
  4.015500000000000E-008 -3.929367176924183E-016
  4.015800000000001E-008 -3.927473292528407E-016
  4.016100000000000E-008 -3.925580369332626E-016
  4.016400000000001E-008 -3.923688407336847E-016
  4.016700000000000E-008 -3.921797566741055E-016
  4.017000000000001E-008 -3.919907527145268E-016
  4.017300000000001E-008 -3.918018608949473E-016
  4.017600000000001E-008 -3.916130651953680E-016
  4.017900000000001E-008 -3.914243816357874E-016
  4.018200000000001E-008 -3.912357781762071E-016
  4.018500000000001E-008 -3.910472868566261E-016
  4.018800000000001E-008 -3.908588916570459E-016
  4.019100000000001E-008 -3.906705925774636E-016
  4.019400000000001E-008 -3.904823896178814E-016
  4.019700000000001E-008 -3.902942987982993E-016
  4.020000000000001E-008 -3.901063040987164E-016
  4.020300000000001E-008 -3.899183894991335E-016
  4.020600000000001E-008 -3.897306030595500E-016
  4.020900000000001E-008 -3.895428967199663E-016
  4.021200000000001E-008 -3.895428967128378E-016
  4.021500000000001E-008 -3.893552864932572E-016
  4.021800000000001E-008 -3.891677884136757E-016
  4.022100000000001E-008 -3.889803864540931E-016
  4.022400000000001E-008 -3.887930645945119E-016
  4.022700000000001E-008 -3.886058708949289E-016
  4.023000000000001E-008 -3.884187572953459E-016
  4.023300000000001E-008 -3.882317398157631E-016
  4.023600000000001E-008 -3.880448344761787E-016
  4.023900000000001E-008 -3.878580092365962E-016
  4.024200000000001E-008 -3.876712961370111E-016
  4.024500000000001E-008 -3.874846791574259E-016
  4.024800000000000E-008 -3.872981582978411E-016
  4.025100000000001E-008 -3.871117495782555E-016
  4.025400000000000E-008 -3.869254209586697E-016
  4.025700000000001E-008 -3.867392044790835E-016
  4.026000000000000E-008 -3.865530680994969E-016
  4.026300000000001E-008 -3.863670438599100E-016
  4.026600000000000E-008 -3.863670438528361E-016
  4.026900000000001E-008 -3.861811157332518E-016
  4.027200000000000E-008 -3.859952837336671E-016
  4.027500000000001E-008 -3.858095478540820E-016
  4.027800000000001E-008 -3.856239080944972E-016
  4.028100000000001E-008 -3.854383804749109E-016
  4.028400000000001E-008 -3.852529329553253E-016
  4.028700000000001E-008 -3.850675975757386E-016
  4.029000000000001E-008 -3.848823583161529E-016
  4.029300000000001E-008 -3.846971991565650E-016
  4.029600000000001E-008 -3.845121521369772E-016
  4.029900000000001E-008 -3.843272012373894E-016
  4.030200000000001E-008 -3.841423464578012E-016
  4.030500000000001E-008 -3.839575877982125E-016
  4.030800000000001E-008 -3.837729252586237E-016
  4.031100000000001E-008 -3.835883748590344E-016
  4.031400000000001E-008 -3.834039045594446E-016
  4.031700000000001E-008 -3.832195303798547E-016
  4.032000000000001E-008 -3.832195303728347E-016
  4.032300000000001E-008 -3.830352683332467E-016
  4.032600000000001E-008 -3.828510863936595E-016
  4.032900000000001E-008 -3.826670165940715E-016
  4.033200000000001E-008 -3.824830429144823E-016
  4.033500000000001E-008 -3.822991493348941E-016
  4.033800000000001E-008 -3.821153678953046E-016
  4.034100000000001E-008 -3.819316825757167E-016
  4.034400000000001E-008 -3.817480933761256E-016
  4.034700000000001E-008 -3.815646002965350E-016
  4.035000000000001E-008 -3.813812033369445E-016
  4.035300000000000E-008 -3.811979024973535E-016
  4.035600000000001E-008 -3.810146977777622E-016
  4.035900000000000E-008 -3.808315891781705E-016
  4.036200000000001E-008 -3.806485766985784E-016
  4.036500000000000E-008 -3.804656603389860E-016
  4.036800000000001E-008 -3.802828400993933E-016
  4.037100000000000E-008 -3.801001159798002E-016
  4.037400000000001E-008 -3.801001159728338E-016
  4.037700000000000E-008 -3.799175039932427E-016
  4.038000000000001E-008 -3.797349721136518E-016
  4.038300000000000E-008 -3.795525363540606E-016
  4.038600000000001E-008 -3.793701967144692E-016
  4.038900000000001E-008 -3.791879531948769E-016
  4.039200000000001E-008 -3.790058057952869E-016
  4.039500000000001E-008 -3.788237705356925E-016
  4.039800000000001E-008 -3.786418153760992E-016
  4.040100000000001E-008 -3.784599563365060E-016
  4.040400000000001E-008 -3.782781934169123E-016
  4.040700000000001E-008 -3.780965266173181E-016
  4.041000000000001E-008 -3.779149559377240E-016
  4.041300000000001E-008 -3.777334973981292E-016
  4.041600000000001E-008 -3.775521189585340E-016
  4.041900000000001E-008 -3.773708366389385E-016
  4.042200000000001E-008 -3.771896504393427E-016
  4.042500000000001E-008 -3.770085603597465E-016
  4.042800000000001E-008 -3.770085603528326E-016
  4.043100000000001E-008 -3.768275663932391E-016
  4.043400000000001E-008 -3.766466685536446E-016
  4.043700000000001E-008 -3.764658508140509E-016
  4.044000000000001E-008 -3.762851452144561E-016
  4.044300000000001E-008 -3.761045357348631E-016
  4.044600000000001E-008 -3.759240223752656E-016
  4.044900000000001E-008 -3.757435891156701E-016
  4.045200000000001E-008 -3.755632679960743E-016
  4.045500000000001E-008 -3.753830429964775E-016
  4.045800000000001E-008 -3.752028980968807E-016
  4.046100000000001E-008 -3.750228493172839E-016
  4.046400000000000E-008 -3.748429126776863E-016
  4.046700000000001E-008 -3.746630561380884E-016
  4.047000000000000E-008 -3.744832957184903E-016
  4.047300000000001E-008 -3.743036314188917E-016
  4.047600000000000E-008 -3.741240632392929E-016
  4.047900000000001E-008 -3.739445911796936E-016
  4.048200000000000E-008 -3.739445911728324E-016
  4.048500000000001E-008 -3.737652152332359E-016
  4.048800000000000E-008 -3.735859354136383E-016
  4.049100000000001E-008 -3.734067356940413E-016
  4.049400000000001E-008 -3.732276481144458E-016
  4.049700000000001E-008 -3.730486566548456E-016
  4.050000000000001E-008 -3.728697452952470E-016
  4.050300000000001E-008 -3.726909300556484E-016
  4.050600000000001E-008 -3.725122109360493E-016
  4.050900000000001E-008 -3.723335879364499E-016
  4.051200000000001E-008 -3.721550610568501E-016
  4.051500000000001E-008 -3.719766302972500E-016
  4.051800000000001E-008 -3.717982956576493E-016
  4.052100000000001E-008 -3.716200411180486E-016
  4.052400000000001E-008 -3.714418987184474E-016
  4.052700000000001E-008 -3.712638364188458E-016
  4.053000000000001E-008 -3.710858702392438E-016
  4.053300000000001E-008 -3.709080001796416E-016
  4.053600000000001E-008 -3.709080001728326E-016
  4.053900000000001E-008 -3.707302262332330E-016
  4.054200000000001E-008 -3.705525484136324E-016
  4.054500000000001E-008 -3.703749506940341E-016
  4.054800000000001E-008 -3.701974490944322E-016
  4.055100000000001E-008 -3.700200596348306E-016
  4.055400000000001E-008 -3.698427502752292E-016
  4.055700000000001E-008 -3.696655370356276E-016
  4.056000000000001E-008 -3.694884199160250E-016
  4.056300000000001E-008 -3.693113828964229E-016
  4.056600000000001E-008 -3.691344580168199E-016
  4.056900000000000E-008 -3.689576132372167E-016
  4.057200000000001E-008 -3.687808645776132E-016
  4.057500000000000E-008 -3.686042120380095E-016
  4.057800000000001E-008 -3.684276556184051E-016
  4.058100000000000E-008 -3.682511792988006E-016
  4.058400000000001E-008 -3.680748151191957E-016
  4.058700000000000E-008 -3.678985310395904E-016
  4.059000000000001E-008 -3.677223430799848E-016
  4.059300000000000E-008 -3.677223430732305E-016
  4.059600000000001E-008 -3.675462512336291E-016
  4.059900000000001E-008 -3.673702394940245E-016
  4.060200000000001E-008 -3.671943398944202E-016
  4.060500000000001E-008 -3.670185203948162E-016
  4.060800000000001E-008 -3.668427970152119E-016
  4.061100000000001E-008 -3.666671697556067E-016
  4.061400000000001E-008 -3.664916225960016E-016
  4.061700000000001E-008 -3.663161715563966E-016
  4.062000000000001E-008 -3.661408326567903E-016
  4.062300000000001E-008 -3.659655578371843E-016
  4.062600000000001E-008 -3.657903951575780E-016
  4.062900000000001E-008 -3.656153285979709E-016
  4.063200000000001E-008 -3.654403421383636E-016
  4.063500000000001E-008 -3.652654517987561E-016
  4.063800000000001E-008 -3.650906575791482E-016
  4.064100000000001E-008 -3.649159434595400E-016
  4.064400000000001E-008 -3.647413254599314E-016
  4.064700000000001E-008 -3.647413254532285E-016
  4.065000000000001E-008 -3.645668035736247E-016
  4.065300000000001E-008 -3.643923778140164E-016
  4.065600000000001E-008 -3.642180481744092E-016
  4.065900000000001E-008 -3.640437986348023E-016
  4.066200000000001E-008 -3.638696452151945E-016
  4.066500000000001E-008 -3.636955718955872E-016
  4.066800000000001E-008 -3.635216107159789E-016
  4.067100000000001E-008 -3.633477296363704E-016
  4.067400000000000E-008 -3.631739446767618E-016
  4.067700000000001E-008 -3.630002558371524E-016
  4.068000000000000E-008 -3.628266470975429E-016
  4.068300000000001E-008 -3.626531344779332E-016
  4.068600000000000E-008 -3.624797179783229E-016
  4.068900000000001E-008 -3.623063815787125E-016
  4.069200000000000E-008 -3.621331573191017E-016
  4.069500000000001E-008 -3.619600131594903E-016
  4.069800000000000E-008 -3.617869490998789E-016
  4.070100000000001E-008 -3.617869490932296E-016
  4.070400000000001E-008 -3.616139971736181E-016
  4.070700000000001E-008 -3.614411253540081E-016
  4.071000000000001E-008 -3.612683336343992E-016
  4.071300000000001E-008 -3.610956540547888E-016
  4.071600000000001E-008 -3.609230545751786E-016
  4.071900000000001E-008 -3.607505512155674E-016
  4.072200000000001E-008 -3.605781279559570E-016
  4.072500000000001E-008 -3.604058168363449E-016
  4.072800000000001E-008 -3.602335697967336E-016
  4.073100000000001E-008 -3.600614348971214E-016
  4.073400000000001E-008 -3.598893800975089E-016
  4.073700000000001E-008 -3.597174214178962E-016
  4.074000000000001E-008 -3.595455588582829E-016
  4.074300000000001E-008 -3.593737763986695E-016
  4.074600000000001E-008 -3.592020900590556E-016
  4.074900000000001E-008 -3.590304838194417E-016
  4.075200000000001E-008 -3.588589736998271E-016
  4.075500000000001E-008 -3.588589736932261E-016
  4.075800000000001E-008 -3.586875596936143E-016
  4.076100000000001E-008 -3.585162418140017E-016
  4.076400000000001E-008 -3.583450040343885E-016
  4.076700000000001E-008 -3.581738463547763E-016
  4.077000000000001E-008 -3.580028008151626E-016
  4.077300000000001E-008 -3.578318353755491E-016
  4.077600000000001E-008 -3.576609660559348E-016
  4.077900000000001E-008 -3.574901768363206E-016
  4.078200000000001E-008 -3.573194837367056E-016
  4.078500000000000E-008 -3.571488707370910E-016
  4.078800000000001E-008 -3.569783698774753E-016
  4.079100000000000E-008 -3.568079330978597E-016
  4.079400000000001E-008 -3.566376084582438E-016
  4.079700000000000E-008 -3.564673639186271E-016
  4.080000000000001E-008 -3.562971994790109E-016
  4.080300000000000E-008 -3.561271471793936E-016
  4.080600000000001E-008 -3.559571749797761E-016
  4.080900000000000E-008 -3.559571749732251E-016
  4.081200000000001E-008 -3.557872828736104E-016
  4.081500000000001E-008 -3.556174868939954E-016
  4.081800000000001E-008 -3.554477870343794E-016
  4.082100000000001E-008 -3.552781672747638E-016
  4.082400000000001E-008 -3.551086436351472E-016
  4.082700000000001E-008 -3.549392000955307E-016
  4.083000000000001E-008 -3.547698526759140E-016
  4.083300000000001E-008 -3.546006013762965E-016
  4.083600000000001E-008 -3.544314301766790E-016
  4.083900000000001E-008 -3.542623550970609E-016
  4.084200000000001E-008 -3.540933601174427E-016
  4.084500000000001E-008 -3.539244612578240E-016
  4.084800000000001E-008 -3.537556424982049E-016
  4.085100000000001E-008 -3.535869198585862E-016
  4.085400000000001E-008 -3.534182933389663E-016
  4.085700000000001E-008 -3.532497469193462E-016
  4.086000000000001E-008 -3.530812966197259E-016
  4.086300000000001E-008 -3.530812966132250E-016
  4.086600000000001E-008 -3.529129264136074E-016
  4.086900000000001E-008 -3.527446523339889E-016
  4.087200000000001E-008 -3.525764583543708E-016
  4.087500000000001E-008 -3.524083604947516E-016
  4.087800000000001E-008 -3.522403427351326E-016
  4.088100000000001E-008 -3.520724210955134E-016
  4.088400000000001E-008 -3.519045955758933E-016
  4.088700000000001E-008 -3.517368501562729E-016
  4.089000000000000E-008 -3.515691848366525E-016
  4.089300000000001E-008 -3.514016156370319E-016
  4.089600000000000E-008 -3.512341425574106E-016
  4.089900000000001E-008 -3.510667495777890E-016
  4.090200000000000E-008 -3.508994527181678E-016
  4.090500000000001E-008 -3.507322359585451E-016
  4.090800000000000E-008 -3.505650992989224E-016
  4.091100000000001E-008 -3.503980587592997E-016
  4.091400000000000E-008 -3.502311143396765E-016
  4.091700000000001E-008 -3.502311143332253E-016
  4.092000000000001E-008 -3.500642500136049E-016
  4.092300000000001E-008 -3.498974818139835E-016
  4.092600000000001E-008 -3.497307937143623E-016
  4.092900000000001E-008 -3.495642017347404E-016
  4.093200000000001E-008 -3.493976898551180E-016
  4.093500000000001E-008 -3.492312580754964E-016
  4.093800000000001E-008 -3.490649384358731E-016
  4.094100000000001E-008 -3.488986828762501E-016
  4.094400000000001E-008 -3.487325234366270E-016
  4.094700000000001E-008 -3.485664601170032E-016
  4.095000000000001E-008 -3.484004768973788E-016
  4.095300000000001E-008 -3.482345737777552E-016
  4.095600000000001E-008 -3.480687667781303E-016
  4.095900000000001E-008 -3.479030558985048E-016
  4.096200000000001E-008 -3.477374090988796E-016
  4.096500000000001E-008 -3.475718744392539E-016
  4.096800000000001E-008 -3.474064198796279E-016
  4.097100000000001E-008 -3.474064198732258E-016
  4.097400000000001E-008 -3.472410454136019E-016
  4.097700000000001E-008 -3.470757510539789E-016
  4.098000000000001E-008 -3.469105688343538E-016
  4.098300000000001E-008 -3.467454506947295E-016
  4.098600000000001E-008 -3.465804286751049E-016
  4.098900000000001E-008 -3.464155027754795E-016
  4.099200000000001E-008 -3.462506569758537E-016
  4.099500000000001E-008 -3.460858912762280E-016
  4.099800000000001E-008 -3.459212216966018E-016
  4.100100000000000E-008 -3.457566322169747E-016
  4.100400000000001E-008 -3.455921228373489E-016
  4.100700000000000E-008 -3.454277095777213E-016
  4.101000000000001E-008 -3.452633924380934E-016
  4.101300000000000E-008 -3.450991553984655E-016
  4.101600000000001E-008 -3.449349984588374E-016
  4.101900000000000E-008 -3.447709376392088E-016
  4.102200000000001E-008 -3.446069569195800E-016
  4.102500000000001E-008 -3.444430562999508E-016
  4.102800000000001E-008 -3.444430562936006E-016
  4.103100000000001E-008 -3.442792517939735E-016
  4.103400000000001E-008 -3.441155273943468E-016
  4.103700000000001E-008 -3.439518991147191E-016
  4.104000000000001E-008 -3.437883509350917E-016
  4.104300000000001E-008 -3.436248988754634E-016
  4.104600000000001E-008 -3.434615269158348E-016
  4.104900000000001E-008 -3.432982350562060E-016
  4.105200000000001E-008 -3.431350232965768E-016
  4.105500000000001E-008 -3.429719076569488E-016
  4.105800000000001E-008 -3.428088881373183E-016
  4.106100000000001E-008 -3.426459487176879E-016
  4.106400000000001E-008 -3.424830893980575E-016
  4.106700000000001E-008 -3.423203101784269E-016
  4.107000000000001E-008 -3.421576270787959E-016
  4.107300000000001E-008 -3.419950240791645E-016
  4.107600000000001E-008 -3.418325171995329E-016
  4.107900000000001E-008 -3.416700904199009E-016
  4.108200000000001E-008 -3.416700904135989E-016
  4.108500000000001E-008 -3.415077437339697E-016
  4.108800000000001E-008 -3.413454931743389E-016
  4.109100000000001E-008 -3.411833066947096E-016
  4.109400000000001E-008 -3.410212323550784E-016
  4.109700000000001E-008 -3.408592220954477E-016
  4.110000000000001E-008 -3.406973079558169E-016
  4.110300000000001E-008 -3.405354899361848E-016
  4.110600000000000E-008 -3.403737359965528E-016
  4.110900000000001E-008 -3.402120781769221E-016
  4.111200000000000E-008 -3.400505164772885E-016
  4.111500000000001E-008 -3.398890188576554E-016
  4.111800000000000E-008 -3.397276173580225E-016
  4.112100000000001E-008 -3.395663119783888E-016
  4.112400000000000E-008 -3.394050706787551E-016
  4.112700000000001E-008 -3.392439254991209E-016
  4.113000000000000E-008 -3.390828604194865E-016
  4.113300000000001E-008 -3.389218914598517E-016
  4.113600000000001E-008 -3.389218914535981E-016
  4.113900000000001E-008 -3.387610025939655E-016
  4.114200000000001E-008 -3.386001938343326E-016
  4.114500000000001E-008 -3.384394651747000E-016
  4.114800000000001E-008 -3.382788326350665E-016
  4.115100000000001E-008 -3.381182801954326E-016
  4.115400000000001E-008 -3.379578078557989E-016
  4.115700000000001E-008 -3.377974316361642E-016
  4.116000000000001E-008 -3.376371355165308E-016
  4.116300000000001E-008 -3.374769194968947E-016
  4.116600000000001E-008 -3.373167835772593E-016
  4.116900000000001E-008 -3.371567437776238E-016
  4.117200000000001E-008 -3.369967840779877E-016
  4.117500000000001E-008 -3.368369044783517E-016
  4.117800000000001E-008 -3.366771209987149E-016
  4.118100000000001E-008 -3.365174015990780E-016
  4.118400000000001E-008 -3.363577783194409E-016
  4.118700000000001E-008 -3.361982511598033E-016
  4.119000000000001E-008 -3.361982511535970E-016
  4.119300000000001E-008 -3.360387880739623E-016
  4.119600000000001E-008 -3.358794211143266E-016
  4.119900000000001E-008 -3.357201342546907E-016
  4.120200000000001E-008 -3.355609274950548E-016
  4.120500000000001E-008 -3.354018168554184E-016
  4.120800000000001E-008 -3.352427863157812E-016
  4.121100000000000E-008 -3.350838358761453E-016
  4.121400000000001E-008 -3.349249655365072E-016
  4.121700000000000E-008 -3.347661913168688E-016
  4.122000000000001E-008 -3.346074811772310E-016
  4.122300000000000E-008 -3.344488671575926E-016
  4.122600000000001E-008 -3.342903332379540E-016
  4.122900000000000E-008 -3.341318954383150E-016
  4.123200000000001E-008 -3.339735377386755E-016
  4.123500000000000E-008 -3.338152441190358E-016
  4.123800000000001E-008 -3.336570466193959E-016
  4.124100000000001E-008 -3.334989452397556E-016
  4.124400000000001E-008 -3.334989452335968E-016
  4.124700000000001E-008 -3.333409079339593E-016
  4.125000000000001E-008 -3.331829667543210E-016
  4.125300000000001E-008 -3.330251056746823E-016
  4.125600000000001E-008 -3.328673246950432E-016
  4.125900000000001E-008 -3.327096238154042E-016
  4.126200000000001E-008 -3.325520190557657E-016
  4.126500000000001E-008 -3.323944783761248E-016
  4.126800000000001E-008 -3.322370338164845E-016
  4.127100000000001E-008 -3.320796693568439E-016
  4.127400000000001E-008 -3.319223849972034E-016
  4.127700000000001E-008 -3.317651967575620E-016
  4.128000000000001E-008 -3.316080725979206E-016
  4.128300000000001E-008 -3.314510445582789E-016
  4.128600000000001E-008 -3.312940966186367E-016
  4.128900000000001E-008 -3.311372287789945E-016
  4.129200000000001E-008 -3.309804570593517E-016
  4.129500000000001E-008 -3.308237494197087E-016
  4.129800000000001E-008 -3.308237494135975E-016
  4.130100000000001E-008 -3.306671378939560E-016
  4.130400000000001E-008 -3.305105904543156E-016
  4.130700000000001E-008 -3.303541391346741E-016
  4.131000000000001E-008 -3.301977679150328E-016
  4.131300000000001E-008 -3.300414928153920E-016
  4.131600000000001E-008 -3.298852817957481E-016
  4.131900000000001E-008 -3.297291508761058E-016
  4.132200000000000E-008 -3.295731160764629E-016
  4.132500000000001E-008 -3.294171613768196E-016
  4.132800000000000E-008 -3.292612867771760E-016
  4.133100000000001E-008 -3.291054922775322E-016
  4.133400000000000E-008 -3.289497778778879E-016
  4.133700000000001E-008 -3.287941435782436E-016
  4.134000000000000E-008 -3.286386053985987E-016
  4.134300000000001E-008 -3.284831312989536E-016
  4.134600000000001E-008 -3.283277533193082E-016
  4.134900000000001E-008 -3.281724554396625E-016
  4.135200000000001E-008 -3.281724554335978E-016
  4.135500000000001E-008 -3.280172376539542E-016
  4.135800000000001E-008 -3.278620999743105E-016
  4.136100000000001E-008 -3.277070423946662E-016
  4.136400000000001E-008 -3.275520649150241E-016
  4.136700000000001E-008 -3.273971835553773E-016
  4.137000000000001E-008 -3.272423662757326E-016
  4.137300000000001E-008 -3.270876451160869E-016
  4.137600000000001E-008 -3.269329880364416E-016
  4.137900000000001E-008 -3.267784270767957E-016
  4.138200000000001E-008 -3.266239462171494E-016
  4.138500000000001E-008 -3.264695454575028E-016
  4.138800000000001E-008 -3.263152247978560E-016
  4.139100000000001E-008 -3.261609842382088E-016
  4.139400000000001E-008 -3.260068237785613E-016
  4.139700000000001E-008 -3.258527434189135E-016
  4.140000000000001E-008 -3.256987431592655E-016
  4.140300000000001E-008 -3.255448390196171E-016
  4.140600000000001E-008 -3.253909989599683E-016
  4.140900000000001E-008 -3.253909989539528E-016
  4.141200000000001E-008 -3.252372550143056E-016
  4.141500000000001E-008 -3.250835751546612E-016
  4.141800000000001E-008 -3.249299914150125E-016
  4.142100000000001E-008 -3.247764877753644E-016
  4.142400000000001E-008 -3.246230482157172E-016
  4.142700000000000E-008 -3.244697047760692E-016
  4.143000000000001E-008 -3.243164414364209E-016
  4.143300000000000E-008 -3.241632581967723E-016
  4.143600000000001E-008 -3.240101550571233E-016
  4.143900000000000E-008 -3.238571320174741E-016
  4.144200000000001E-008 -3.237041890778246E-016
  4.144500000000000E-008 -3.235513262381747E-016
  4.144800000000001E-008 -3.233985434985245E-016
  4.145100000000001E-008 -3.232458408588741E-016
  4.145400000000001E-008 -3.230932183192233E-016
  4.145700000000001E-008 -3.229406758795722E-016
  4.146000000000001E-008 -3.227882135399209E-016
  4.146300000000001E-008 -3.227882135339515E-016
  4.146600000000001E-008 -3.226358473143036E-016
  4.146900000000001E-008 -3.224835451746523E-016
  4.147200000000001E-008 -3.223313231350025E-016
  4.147500000000001E-008 -3.221791811953531E-016
  4.147800000000001E-008 -3.220271353757023E-016
  4.148100000000001E-008 -3.218751536360516E-016
  4.148400000000001E-008 -3.217232519964006E-016
  4.148700000000001E-008 -3.215714304567497E-016
  4.149000000000001E-008 -3.214197050370979E-016
  4.149300000000001E-008 -3.212680436974459E-016
  4.149600000000001E-008 -3.211164624577936E-016
  4.149900000000001E-008 -3.209649613181414E-016
  4.150200000000001E-008 -3.208135562984885E-016
  4.150500000000001E-008 -3.206622153588353E-016
  4.150800000000001E-008 -3.205109545191820E-016
  4.151100000000001E-008 -3.203597737795282E-016
  4.151400000000001E-008 -3.202086731398742E-016
  4.151700000000001E-008 -3.202086731339518E-016
  4.152000000000001E-008 -3.200576525942981E-016
  4.152300000000001E-008 -3.199067121546459E-016
  4.152600000000001E-008 -3.197558518149943E-016
  4.152900000000001E-008 -3.196050875953405E-016
  4.153200000000001E-008 -3.194543714356879E-016
  4.153500000000001E-008 -3.193037513960347E-016
  4.153800000000000E-008 -3.191532114563811E-016
  4.154100000000001E-008 -3.190027516167271E-016
  4.154400000000000E-008 -3.188523718770730E-016
  4.154700000000001E-008 -3.187020722374182E-016
  4.155000000000000E-008 -3.185518366777636E-016
  4.155300000000001E-008 -3.184016972381086E-016
  4.155600000000000E-008 -3.182516378984529E-016
  4.155900000000001E-008 -3.181016426387973E-016
  4.156200000000001E-008 -3.179517434991412E-016
  4.156500000000001E-008 -3.178019084394848E-016
  4.156800000000001E-008 -3.176521534798283E-016
  4.157100000000001E-008 -3.176521534739516E-016
  4.157400000000001E-008 -3.175024946342947E-016
  4.157700000000001E-008 -3.173528998746400E-016
  4.158000000000001E-008 -3.172033852149850E-016
  4.158300000000001E-008 -3.170539506553297E-016
  4.158600000000001E-008 -3.169045961956742E-016
  4.158900000000001E-008 -3.167553218360178E-016
  4.159200000000001E-008 -3.166061115563620E-016
  4.159500000000001E-008 -3.164569973967056E-016
  4.159800000000001E-008 -3.163079633370485E-016
  4.160100000000001E-008 -3.161589933573912E-016
  4.160400000000001E-008 -3.160101034777341E-016
  4.160700000000001E-008 -3.158613097180762E-016
  4.161000000000001E-008 -3.157125800384181E-016
  4.161300000000001E-008 -3.155639304587598E-016
  4.161600000000001E-008 -3.154153609791012E-016
  4.161900000000001E-008 -3.152668715994423E-016
  4.162200000000001E-008 -3.151184462997830E-016
  4.162500000000001E-008 -3.151184462939491E-016
  4.162800000000001E-008 -3.149701171142914E-016
  4.163100000000001E-008 -3.148218520146348E-016
  4.163400000000001E-008 -3.146736830349767E-016
  4.163700000000001E-008 -3.145255781353188E-016
  4.164000000000001E-008 -3.143775533356607E-016
  4.164300000000000E-008 -3.142296086360021E-016
  4.164600000000001E-008 -3.140817440363434E-016
  4.164900000000000E-008 -3.139339595366839E-016
  4.165200000000001E-008 -3.137862391170248E-016
  4.165500000000000E-008 -3.136386148173649E-016
  4.165800000000001E-008 -3.134910545977048E-016
  4.166100000000000E-008 -3.133435744780446E-016
  4.166400000000001E-008 -3.131961744583840E-016
  4.166700000000001E-008 -3.130488545387230E-016
  4.167000000000001E-008 -3.129016147190620E-016
  4.167300000000001E-008 -3.127544389794004E-016
  4.167600000000001E-008 -3.126073593597384E-016
  4.167900000000001E-008 -3.126073593539487E-016
  4.168200000000001E-008 -3.124603438142891E-016
  4.168500000000001E-008 -3.123134083746294E-016
  4.168800000000001E-008 -3.121665530349686E-016
  4.169100000000001E-008 -3.120197617753087E-016
  4.169400000000001E-008 -3.118730666356475E-016
  4.169700000000001E-008 -3.117264355759864E-016
  4.170000000000001E-008 -3.115798846163251E-016
  4.170300000000001E-008 -3.114334137566634E-016
  4.170600000000001E-008 -3.112870229970016E-016
  4.170900000000001E-008 -3.111407123373389E-016
  4.171200000000001E-008 -3.109944657576765E-016
  4.171500000000001E-008 -3.108483152980136E-016
  4.171800000000001E-008 -3.107022289183501E-016
  4.172100000000001E-008 -3.105562066186872E-016
  4.172400000000001E-008 -3.104102804390233E-016
  4.172700000000001E-008 -3.102644343593589E-016
  4.173000000000001E-008 -3.101186523596945E-016
  4.173300000000001E-008 -3.101186523539492E-016
  4.173600000000001E-008 -3.099729504542871E-016
  4.173900000000001E-008 -3.098273286546240E-016
  4.174200000000001E-008 -3.096817709349620E-016
  4.174500000000001E-008 -3.095363093352984E-016
  4.174800000000000E-008 -3.093909118156351E-016
  4.175100000000001E-008 -3.092455943959716E-016
  4.175400000000000E-008 -3.091003570763073E-016
  4.175700000000001E-008 -3.089551838366430E-016
  4.176000000000000E-008 -3.088100906969790E-016
  4.176300000000001E-008 -3.086650936773135E-016
  4.176600000000000E-008 -3.085201447176486E-016
  4.176900000000001E-008 -3.083752918779829E-016
  4.177200000000001E-008 -3.082305031183177E-016
  4.177500000000001E-008 -3.080857944586515E-016
  4.177800000000001E-008 -3.079411658989850E-016
  4.178100000000001E-008 -3.077966174393183E-016
  4.178400000000001E-008 -3.076521330596513E-016
  4.178700000000001E-008 -3.075077287799841E-016
  4.179000000000001E-008 -3.075077287742851E-016
  4.179300000000001E-008 -3.073634045946203E-016
  4.179600000000001E-008 -3.072191605149545E-016
  4.179900000000001E-008 -3.070749805152889E-016
  4.180200000000001E-008 -3.069308806156231E-016
  4.180500000000001E-008 -3.067868608159571E-016
  4.180800000000001E-008 -3.066429211162902E-016
  4.181100000000001E-008 -3.064990454966234E-016
  4.181400000000001E-008 -3.063552499769564E-016
  4.181700000000001E-008 -3.062115345572888E-016
  4.182000000000001E-008 -3.060678832176212E-016
  4.182300000000001E-008 -3.059243279979540E-016
  4.182600000000001E-008 -3.057808368582850E-016
  4.182900000000001E-008 -3.056374097986163E-016
  4.183200000000001E-008 -3.054940788589475E-016
  4.183500000000001E-008 -3.053508119992783E-016
  4.183800000000001E-008 -3.052076092196088E-016
  4.184100000000001E-008 -3.050645025599391E-016
  4.184400000000001E-008 -3.050645025542835E-016
  4.184700000000001E-008 -3.049214599746161E-016
  4.185000000000001E-008 -3.047784974949477E-016
  4.185300000000001E-008 -3.046355990952802E-016
  4.185600000000001E-008 -3.044927968156115E-016
  4.185900000000000E-008 -3.043500586159423E-016
  4.186200000000001E-008 -3.042073844962738E-016
  4.186500000000000E-008 -3.040648064966043E-016
  4.186800000000001E-008 -3.039222925769343E-016
  4.187100000000000E-008 -3.037798427372646E-016
  4.187400000000001E-008 -3.036374890175951E-016
  4.187700000000001E-008 -3.034951993779242E-016
  4.188000000000001E-008 -3.033529898382530E-016
  4.188300000000001E-008 -3.032108443785820E-016
  4.188600000000001E-008 -3.030687790189107E-016
  4.188900000000001E-008 -3.029267937592390E-016
  4.189200000000001E-008 -3.027848725795670E-016
  4.189500000000001E-008 -3.026430314998947E-016
  4.189800000000001E-008 -3.026430314942826E-016
  4.190100000000001E-008 -3.025012705146120E-016
  4.190400000000001E-008 -3.023595736149418E-016
  4.190700000000001E-008 -3.022179568152713E-016
  4.191000000000001E-008 -3.020764201156005E-016
  4.191300000000001E-008 -3.019349635159290E-016
  4.191600000000001E-008 -3.017935709962570E-016
  4.191900000000001E-008 -3.016522425565854E-016
  4.192200000000001E-008 -3.015109942169131E-016
  4.192500000000001E-008 -3.013698259772419E-016
  4.192800000000001E-008 -3.012287378375683E-016
  4.193100000000001E-008 -3.010877137778952E-016
  4.193400000000001E-008 -3.009467698182218E-016
  4.193700000000001E-008 -3.008058899385482E-016
  4.194000000000001E-008 -3.006650901588745E-016
  4.194300000000001E-008 -3.005243704792003E-016
  4.194600000000001E-008 -3.003837148795258E-016
  4.194900000000001E-008 -3.002431393798511E-016
  4.195200000000001E-008 -3.002431393742819E-016
  4.195500000000001E-008 -3.001026439746089E-016
  4.195800000000001E-008 -2.999622126549362E-016
  4.196100000000001E-008 -2.998218614352627E-016
  4.196400000000000E-008 -2.996815742955893E-016
  4.196700000000001E-008 -2.995413672559158E-016
  4.197000000000000E-008 -2.994012403162415E-016
  4.197300000000001E-008 -2.992611774565674E-016
  4.197600000000000E-008 -2.991211946968923E-016
  4.197900000000001E-008 -2.989812760172185E-016
  4.198200000000000E-008 -2.988414374375428E-016
  4.198500000000001E-008 -2.987016789578670E-016
  4.198800000000001E-008 -2.985619845581913E-016
  4.199100000000001E-008 -2.984223702585151E-016
  4.199400000000001E-008 -2.982828200388388E-016
  4.199700000000001E-008 -2.981433499191623E-016
  4.200000000000001E-008 -2.980039598994853E-016
  4.200300000000001E-008 -2.978646339598081E-016
  4.200600000000001E-008 -2.978646339542807E-016
  4.200900000000001E-008 -2.977253720946059E-016
  4.201200000000001E-008 -2.975861903349307E-016
  4.201500000000001E-008 -2.974470886752553E-016
  4.201800000000001E-008 -2.973080671155791E-016
  4.202100000000001E-008 -2.971691096359025E-016
  4.202400000000001E-008 -2.970302162362262E-016
  4.202700000000001E-008 -2.968914029365494E-016
  4.203000000000001E-008 -2.967526697368733E-016
  4.203300000000001E-008 -2.966140006171953E-016
  4.203600000000001E-008 -2.964754115975172E-016
  4.203900000000001E-008 -2.963368866578394E-016
  4.204200000000001E-008 -2.961984418181611E-016
  4.204500000000001E-008 -2.960600610584826E-016
  4.204800000000001E-008 -2.959217603988038E-016
  4.205100000000001E-008 -2.957835238191247E-016
  4.205400000000001E-008 -2.956453673394454E-016
  4.205700000000001E-008 -2.955072909597658E-016
  4.206000000000001E-008 -2.955072909542810E-016
  4.206300000000001E-008 -2.953692786546031E-016
  4.206600000000001E-008 -2.952313304349255E-016
  4.206900000000000E-008 -2.950934623152477E-016
  4.207200000000001E-008 -2.949556742955689E-016
  4.207500000000000E-008 -2.948179503558906E-016
  4.207800000000001E-008 -2.946803065162112E-016
  4.208100000000000E-008 -2.945427267565329E-016
  4.208400000000001E-008 -2.944052110768531E-016
  4.208700000000000E-008 -2.942677915171725E-016
  4.209000000000001E-008 -2.941304200174929E-016
  4.209300000000001E-008 -2.939931446378122E-016
  4.209600000000001E-008 -2.938559173181315E-016
  4.209900000000001E-008 -2.937187700984507E-016
  4.210200000000001E-008 -2.935817029787695E-016
  4.210500000000001E-008 -2.934446999390880E-016
  4.210800000000001E-008 -2.933077769994062E-016
  4.211100000000001E-008 -2.931709181397241E-016
  4.211400000000001E-008 -2.931709181342813E-016
  4.211700000000001E-008 -2.930341393746010E-016
  4.212000000000001E-008 -2.928974246949211E-016
  4.212300000000001E-008 -2.927607901152403E-016
  4.212600000000001E-008 -2.926242196155591E-016
  4.212900000000001E-008 -2.924877131958787E-016
  4.213200000000001E-008 -2.923513028961980E-016
  4.213500000000001E-008 -2.922149406565153E-016
  4.213800000000001E-008 -2.920786585168334E-016
  4.214100000000001E-008 -2.919424564771511E-016
  4.214400000000001E-008 -2.918063185174684E-016
  4.214700000000001E-008 -2.916702446377858E-016
  4.215000000000001E-008 -2.915342508581026E-016
  4.215300000000001E-008 -2.913983211584193E-016
  4.215600000000001E-008 -2.912624715587357E-016
  4.215900000000001E-008 -2.911266860390518E-016
  4.216200000000001E-008 -2.909909806193676E-016
  4.216500000000001E-008 -2.908553392796831E-016
  4.216800000000001E-008 -2.907197780399984E-016
  4.217100000000001E-008 -2.907197780345992E-016
  4.217400000000001E-008 -2.905842808749162E-016
  4.217700000000001E-008 -2.904488477952335E-016
  4.218000000000000E-008 -2.903134948155505E-016
  4.218300000000001E-008 -2.901782219358682E-016
  4.218600000000000E-008 -2.900430131361830E-016
  4.218900000000001E-008 -2.899078684164984E-016
  4.219200000000000E-008 -2.897727877768149E-016
  4.219500000000001E-008 -2.896378032571297E-016
  4.219800000000001E-008 -2.895028667974449E-016
  4.220100000000001E-008 -2.893680104377596E-016
  4.220400000000001E-008 -2.892332181580743E-016
  4.220700000000001E-008 -2.890985059783885E-016
  4.221000000000001E-008 -2.889638578787025E-016
  4.221300000000001E-008 -2.888292898790162E-016
  4.221600000000001E-008 -2.886947859593296E-016
  4.221900000000001E-008 -2.885603621396427E-016
  4.222200000000001E-008 -2.884259863799556E-016
  4.222500000000001E-008 -2.884259863745981E-016
  4.222800000000001E-008 -2.882917067349121E-016
  4.223100000000001E-008 -2.881574751552270E-016
  4.223400000000001E-008 -2.880233236755433E-016
  4.223700000000001E-008 -2.878892522958557E-016
  4.224000000000001E-008 -2.877552449961692E-016
  4.224300000000001E-008 -2.876213017764830E-016
  4.224600000000001E-008 -2.874874386567962E-016
  4.224900000000001E-008 -2.873536396171089E-016
  4.225200000000001E-008 -2.872199046574218E-016
  4.225500000000001E-008 -2.870862497977342E-016
  4.225800000000001E-008 -2.869526590180465E-016
  4.226100000000001E-008 -2.868191483383580E-016
  4.226400000000001E-008 -2.866856857186699E-016
  4.226700000000001E-008 -2.865523192189811E-016
  4.227000000000001E-008 -2.864190007792921E-016
  4.227300000000001E-008 -2.862857624396030E-016
  4.227600000000001E-008 -2.861526041999135E-016
  4.227900000000001E-008 -2.861526041945966E-016
  4.228200000000001E-008 -2.860195100349087E-016
  4.228500000000000E-008 -2.858864799552224E-016
  4.228800000000001E-008 -2.857535139555333E-016
  4.229100000000000E-008 -2.856206280558446E-016
  4.229400000000001E-008 -2.854878062361565E-016
  4.229700000000000E-008 -2.853550645164674E-016
  4.230000000000001E-008 -2.852223868767781E-016
  4.230300000000000E-008 -2.850897733170886E-016
  4.230600000000001E-008 -2.849572238373991E-016
  4.230900000000001E-008 -2.848247544577095E-016
  4.231200000000001E-008 -2.846923651780190E-016
  4.231500000000001E-008 -2.845600239583285E-016
  4.231800000000001E-008 -2.844277628386377E-016
  4.232100000000001E-008 -2.842955657989468E-016
  4.232400000000001E-008 -2.841634488592555E-016
  4.232700000000001E-008 -2.840313959995639E-016
  4.233000000000001E-008 -2.838994072198720E-016
  4.233300000000001E-008 -2.838994072145956E-016
  4.233600000000001E-008 -2.837674985349067E-016
  4.233900000000001E-008 -2.836356379152160E-016
  4.234200000000001E-008 -2.835038734155248E-016
  4.234500000000001E-008 -2.833721569758345E-016
  4.234800000000001E-008 -2.832405206361433E-016
  4.235100000000001E-008 -2.831089483764525E-016
  4.235400000000001E-008 -2.829774562167606E-016
  4.235700000000001E-008 -2.828460121170689E-016
  4.236000000000001E-008 -2.827146481173773E-016
  4.236300000000001E-008 -2.825833642176846E-016
  4.236600000000001E-008 -2.824521283779921E-016
  4.236900000000001E-008 -2.823209726382996E-016
  4.237200000000001E-008 -2.821898969986062E-016
  4.237500000000001E-008 -2.820588694189128E-016
  4.237800000000001E-008 -2.819279219392193E-016
  4.238100000000001E-008 -2.817970385395253E-016
  4.238400000000001E-008 -2.816662192198312E-016
  4.238700000000001E-008 -2.816662192145967E-016
  4.239000000000001E-008 -2.815354799949027E-016
  4.239300000000001E-008 -2.814048048552099E-016
  4.239600000000000E-008 -2.812741937955176E-016
  4.239900000000001E-008 -2.811436628358245E-016
  4.240200000000000E-008 -2.810131959561311E-016
  4.240500000000001E-008 -2.808827931564375E-016
  4.240800000000000E-008 -2.807524544367435E-016
  4.241100000000001E-008 -2.806221797970498E-016
  4.241400000000001E-008 -2.804919852573553E-016
  4.241700000000001E-008 -2.803618547976610E-016
  4.242000000000001E-008 -2.802318044379658E-016
  4.242300000000001E-008 -2.801018021382707E-016
  4.242600000000001E-008 -2.799718799385753E-016
  4.242900000000001E-008 -2.798420218188797E-016
  4.243200000000001E-008 -2.797122437991837E-016
  4.243500000000001E-008 -2.795825138394875E-016
  4.243800000000001E-008 -2.794528639797911E-016
  4.244100000000001E-008 -2.794528639745961E-016
  4.244400000000001E-008 -2.793232781949004E-016
  4.244700000000001E-008 -2.791937725152048E-016
  4.245000000000001E-008 -2.790643148955102E-016
  4.245300000000001E-008 -2.789349373758148E-016
  4.245600000000001E-008 -2.788056239361190E-016
  4.245900000000001E-008 -2.786763745764236E-016
  4.246200000000001E-008 -2.785472053167273E-016
  4.246500000000001E-008 -2.784181001370309E-016
  4.246800000000001E-008 -2.782890590373342E-016
  4.247100000000001E-008 -2.781600820176371E-016
  4.247400000000001E-008 -2.780311690779402E-016
  4.247700000000001E-008 -2.779023362382427E-016
  4.248000000000001E-008 -2.777735674785449E-016
  4.248300000000001E-008 -2.776448627988469E-016
  4.248600000000001E-008 -2.775162221991486E-016
  4.248900000000001E-008 -2.773876456794503E-016
  4.249200000000001E-008 -2.772591492597515E-016
  4.249500000000001E-008 -2.772591492545945E-016
  4.249800000000001E-008 -2.771307169148976E-016
  4.250100000000000E-008 -2.770023486552004E-016
  4.250400000000001E-008 -2.768740444755035E-016
  4.250700000000000E-008 -2.767458203958052E-016
  4.251000000000001E-008 -2.766176443761077E-016
  4.251300000000000E-008 -2.764895484564095E-016
  4.251600000000001E-008 -2.763615166167114E-016
  4.251900000000001E-008 -2.762335648770123E-016
  4.252200000000001E-008 -2.761056611973137E-016
  4.252500000000001E-008 -2.759778376176141E-016
  4.252800000000001E-008 -2.758500620979148E-016
  4.253100000000001E-008 -2.757223666782150E-016
  4.253400000000001E-008 -2.755947353385152E-016
  4.253700000000001E-008 -2.754671840988147E-016
  4.254000000000001E-008 -2.753396809191145E-016
  4.254300000000001E-008 -2.752122578394136E-016
  4.254600000000001E-008 -2.750848988397124E-016
  4.254900000000001E-008 -2.750848988345941E-016
  4.255200000000001E-008 -2.749575878948962E-016
  4.255500000000001E-008 -2.748303730751961E-016
  4.255800000000001E-008 -2.747032063154963E-016
  4.256100000000001E-008 -2.745761036357968E-016
  4.256400000000001E-008 -2.744490810560968E-016
  4.256700000000001E-008 -2.743221225563956E-016
  4.257000000000001E-008 -2.741952121166958E-016
  4.257300000000001E-008 -2.740683977969944E-016
  4.257600000000001E-008 -2.739416315372932E-016
  4.257900000000001E-008 -2.738149293575916E-016
  4.258200000000001E-008 -2.736882912578901E-016
  4.258500000000001E-008 -2.735617332581882E-016
  4.258800000000001E-008 -2.734352393384857E-016
  4.259100000000001E-008 -2.733088094987836E-016
  4.259400000000001E-008 -2.731824437390806E-016
  4.259700000000001E-008 -2.730561420593774E-016
  4.260000000000001E-008 -2.729299044596741E-016
  4.260300000000001E-008 -2.728037309399705E-016
  4.260600000000000E-008 -2.728037309348943E-016
  4.260900000000001E-008 -2.726776375151926E-016
  4.261200000000000E-008 -2.725516081754899E-016
  4.261500000000001E-008 -2.724256268957882E-016
  4.261800000000000E-008 -2.722997257160858E-016
  4.262100000000001E-008 -2.721738886163831E-016
  4.262400000000001E-008 -2.720481155966800E-016
  4.262700000000001E-008 -2.719224066569772E-016
  4.263000000000001E-008 -2.717967778172733E-016
  4.263300000000001E-008 -2.716711970375699E-016
  4.263600000000001E-008 -2.715456963578656E-016
  4.263900000000001E-008 -2.714202437381613E-016
  4.264200000000001E-008 -2.712948712184575E-016
  4.264500000000001E-008 -2.711695627787522E-016
  4.264800000000001E-008 -2.710443023990471E-016
  4.265100000000001E-008 -2.709191221193419E-016
  4.265400000000001E-008 -2.707940059196363E-016
  4.265700000000001E-008 -2.706689698199305E-016
  4.266000000000001E-008 -2.706689698148924E-016
  4.266300000000001E-008 -2.705439817751884E-016
  4.266600000000001E-008 -2.704190578154849E-016
  4.266900000000001E-008 -2.702942139557798E-016
  4.267200000000001E-008 -2.701694181560757E-016
  4.267500000000001E-008 -2.700447024563702E-016
  4.267800000000001E-008 -2.699200348166653E-016
  4.268100000000001E-008 -2.697954472769600E-016
  4.268400000000001E-008 -2.696709238172538E-016
  4.268700000000001E-008 -2.695464484175481E-016
  4.269000000000001E-008 -2.694220531178418E-016
  4.269300000000001E-008 -2.692977218981360E-016
  4.269600000000001E-008 -2.691734547584289E-016
  4.269900000000001E-008 -2.690492516987217E-016
  4.270200000000001E-008 -2.689251127190144E-016
  4.270500000000001E-008 -2.688010378193070E-016
  4.270800000000001E-008 -2.686770430195992E-016
  4.271100000000001E-008 -2.685530962798911E-016
  4.271400000000001E-008 -2.685530962748912E-016
  4.271700000000000E-008 -2.684292136151857E-016
  4.272000000000001E-008 -2.683054110554787E-016
  4.272300000000000E-008 -2.681816565557720E-016
  4.272600000000001E-008 -2.680579661360657E-016
  4.272900000000000E-008 -2.679343558163579E-016
  4.273200000000001E-008 -2.678107935566510E-016
  4.273500000000001E-008 -2.676873113969429E-016
  4.273800000000001E-008 -2.675638772972353E-016
  4.274100000000001E-008 -2.674405232975271E-016
  4.274400000000001E-008 -2.673172333778191E-016
  4.274700000000001E-008 -2.671939915181101E-016
  4.275000000000001E-008 -2.670708297584008E-016
  4.275300000000001E-008 -2.669477160586917E-016
  4.275600000000001E-008 -2.668246824589823E-016
  4.275900000000001E-008 -2.667017129392726E-016
  4.276200000000001E-008 -2.665788074995626E-016
  4.276500000000001E-008 -2.664559501198524E-016
  4.276800000000001E-008 -2.664559501148909E-016
  4.277100000000001E-008 -2.663331728351826E-016
  4.277400000000001E-008 -2.662104596354733E-016
  4.277700000000001E-008 -2.660877944957650E-016
  4.278000000000001E-008 -2.659652094560558E-016
  4.278300000000001E-008 -2.658426884963466E-016
  4.278600000000001E-008 -2.657202316166364E-016
  4.278900000000001E-008 -2.655978227969270E-016
  4.279200000000001E-008 -2.654754940772168E-016
  4.279500000000001E-008 -2.653532294375069E-016
  4.279800000000001E-008 -2.652310128577959E-016
  4.280100000000001E-008 -2.651088763780850E-016
  4.280400000000001E-008 -2.649868039783735E-016
  4.280700000000001E-008 -2.648647796386623E-016
  4.281000000000001E-008 -2.647428353989507E-016
  4.281300000000001E-008 -2.646209552392387E-016
  4.281600000000001E-008 -2.644991231395266E-016
  4.281900000000001E-008 -2.643773711398142E-016
  4.282200000000000E-008 -2.643773711348898E-016
  4.282500000000001E-008 -2.642556671951800E-016
  4.282800000000000E-008 -2.641340433554685E-016
  4.283100000000001E-008 -2.640124675757581E-016
  4.283400000000000E-008 -2.638909718960463E-016
  4.283700000000001E-008 -2.637695242763347E-016
  4.284000000000001E-008 -2.636481407366229E-016
  4.284300000000001E-008 -2.635268212769112E-016
  4.284600000000001E-008 -2.634055819171996E-016
  4.284900000000001E-008 -2.632843906174863E-016
  4.285200000000001E-008 -2.631632633977733E-016
  4.285500000000001E-008 -2.630422002580602E-016
  4.285800000000001E-008 -2.629212011983470E-016
  4.286100000000001E-008 -2.628002662186334E-016
  4.286400000000001E-008 -2.626793953189196E-016
  4.286700000000001E-008 -2.625585884992055E-016
  4.287000000000001E-008 -2.624378457594911E-016
  4.287300000000001E-008 -2.623171510797765E-016
  4.287600000000001E-008 -2.623171510748902E-016
  4.287900000000001E-008 -2.621965364951775E-016
  4.288200000000001E-008 -2.620759859954639E-016
  4.288500000000001E-008 -2.619554835557513E-016
  4.288800000000001E-008 -2.618350612160374E-016
  4.289100000000001E-008 -2.617146869363236E-016
  4.289400000000001E-008 -2.615943767366097E-016
  4.289700000000001E-008 -2.614741306168958E-016
  4.290000000000001E-008 -2.613539645971821E-016
  4.290300000000001E-008 -2.612338466374666E-016
  4.290600000000001E-008 -2.611137927577511E-016
  4.290900000000001E-008 -2.609937869380361E-016
  4.291200000000001E-008 -2.608738612183209E-016
  4.291500000000001E-008 -2.607539995786049E-016
  4.291800000000001E-008 -2.606341859988890E-016
  4.292100000000001E-008 -2.605144525191728E-016
  4.292400000000001E-008 -2.603947670994562E-016
  4.292700000000001E-008 -2.602751457597396E-016
  4.293000000000001E-008 -2.602751457548906E-016
  4.293300000000000E-008 -2.601556045151751E-016
  4.293600000000001E-008 -2.600361113354600E-016
  4.293900000000000E-008 -2.599166822357448E-016
  4.294200000000001E-008 -2.597973172160285E-016
  4.294500000000001E-008 -2.596780002563133E-016
  4.294800000000001E-008 -2.595587633965965E-016
  4.295100000000001E-008 -2.594395745968818E-016
  4.295400000000001E-008 -2.593204658971640E-016
  4.295700000000001E-008 -2.592014052574469E-016
  4.296000000000001E-008 -2.590824086977299E-016
  4.296300000000001E-008 -2.589634762180125E-016
  4.296600000000001E-008 -2.588446078182951E-016
  4.296900000000001E-008 -2.587258034985769E-016
  4.297200000000001E-008 -2.586070472388590E-016
  4.297500000000001E-008 -2.584883710791406E-016
  4.297800000000001E-008 -2.583697429794219E-016
  4.298100000000001E-008 -2.582511789597031E-016
  4.298400000000001E-008 -2.581326790199840E-016
  4.298700000000001E-008 -2.581326790151734E-016
  4.299000000000001E-008 -2.580142431554561E-016
  4.299300000000001E-008 -2.578958713757388E-016
  4.299600000000001E-008 -2.577775636760204E-016
  4.299900000000001E-008 -2.576593040363029E-016
  4.300200000000001E-008 -2.575411244965855E-016
  4.300500000000001E-008 -2.574229930168660E-016
  4.300800000000001E-008 -2.573049256171472E-016
  4.301100000000001E-008 -2.571869222974279E-016
  4.301400000000001E-008 -2.570689670377090E-016
  4.301700000000001E-008 -2.569510918779894E-016
  4.302000000000001E-008 -2.568332647782695E-016
  4.302300000000001E-008 -2.567155017585496E-016
  4.302600000000001E-008 -2.565978028188294E-016
  4.302900000000001E-008 -2.564801679591089E-016
  4.303200000000001E-008 -2.563625971793882E-016
  4.303500000000001E-008 -2.562450904796672E-016
  4.303800000000000E-008 -2.561276318399460E-016
  4.304100000000001E-008 -2.561276318351717E-016
  4.304400000000000E-008 -2.560102372754524E-016
  4.304700000000001E-008 -2.558929067957329E-016
  4.305000000000000E-008 -2.557756403960123E-016
  4.305300000000001E-008 -2.556584220562942E-016
  4.305600000000001E-008 -2.555412838165723E-016
  4.305900000000001E-008 -2.554241936368516E-016
  4.306200000000001E-008 -2.553071675371308E-016
  4.306500000000001E-008 -2.551902055174098E-016
  4.306800000000001E-008 -2.550733075776882E-016
  4.307100000000001E-008 -2.549564576979666E-016
  4.307400000000001E-008 -2.548396718982448E-016
  4.307700000000001E-008 -2.547229501785227E-016
  4.308000000000001E-008 -2.546062925388005E-016
  4.308300000000001E-008 -2.544896989790778E-016
  4.308600000000001E-008 -2.543731534793549E-016
  4.308900000000001E-008 -2.542566720596319E-016
  4.309200000000001E-008 -2.541402547199086E-016
  4.309500000000001E-008 -2.541402547151707E-016
  4.309800000000001E-008 -2.540239014554494E-016
  4.310100000000001E-008 -2.539076122757270E-016
  4.310400000000001E-008 -2.537913711560065E-016
  4.310700000000001E-008 -2.536751941162831E-016
  4.311000000000001E-008 -2.535590811565606E-016
  4.311300000000001E-008 -2.534430322768376E-016
  4.311600000000001E-008 -2.533270314571147E-016
  4.311900000000001E-008 -2.532110947173916E-016
  4.312200000000001E-008 -2.530952220576682E-016
  4.312500000000001E-008 -2.529794134779446E-016
  4.312800000000001E-008 -2.528636689782204E-016
  4.313100000000001E-008 -2.527479725384962E-016
  4.313400000000001E-008 -2.526323401787719E-016
  4.313700000000001E-008 -2.525167718990471E-016
  4.314000000000001E-008 -2.524012516793223E-016
  4.314300000000000E-008 -2.522857955395972E-016
  4.314600000000001E-008 -2.521704194998717E-016
  4.314900000000000E-008 -2.521704194951690E-016
  4.315200000000001E-008 -2.520550754954462E-016
  4.315500000000000E-008 -2.519398115957234E-016
  4.315800000000001E-008 -2.518245957559981E-016
  4.316100000000001E-008 -2.517094439962738E-016
  4.316400000000001E-008 -2.515943563165489E-016
  4.316700000000001E-008 -2.514793166968246E-016
  4.317000000000001E-008 -2.513643571770994E-016
  4.317300000000001E-008 -2.512494457173736E-016
  4.317600000000001E-008 -2.511345823176486E-016
  4.317900000000001E-008 -2.510197990179226E-016
  4.318200000000001E-008 -2.509050637781966E-016
  4.318500000000001E-008 -2.507903926184702E-016
  4.318800000000001E-008 -2.506757695187439E-016
  4.319100000000001E-008 -2.505612265190171E-016
  4.319400000000001E-008 -2.504467315792901E-016
  4.319700000000001E-008 -2.503323007195629E-016
  4.320000000000001E-008 -2.502179179198355E-016
  4.320300000000001E-008 -2.502179179151687E-016
  4.320600000000001E-008 -2.501035991954447E-016
  4.320900000000001E-008 -2.499893445557175E-016
  4.321200000000001E-008 -2.498751539959909E-016
  4.321500000000001E-008 -2.497610114962647E-016
  4.321800000000001E-008 -2.496469330765382E-016
  4.322100000000001E-008 -2.495329187368109E-016
  4.322400000000001E-008 -2.494189524570845E-016
  4.322700000000001E-008 -2.493050662773564E-016
  4.323000000000001E-008 -2.491912121376292E-016
  4.323300000000001E-008 -2.490774380979012E-016
  4.323600000000001E-008 -2.489637121181732E-016
  4.323900000000001E-008 -2.488500502184449E-016
  4.324200000000001E-008 -2.487364523987163E-016
  4.324500000000001E-008 -2.486229026389875E-016
  4.324800000000001E-008 -2.485094169592586E-016
  4.325100000000001E-008 -2.483959953595292E-016
  4.325400000000000E-008 -2.482826218197998E-016
  4.325700000000001E-008 -2.482826218151700E-016
  4.326000000000000E-008 -2.481693123554410E-016
  4.326300000000001E-008 -2.480560669757125E-016
  4.326600000000001E-008 -2.479428696559845E-016
  4.326900000000001E-008 -2.478297364162563E-016
  4.327200000000001E-008 -2.477166672565272E-016
  4.327500000000001E-008 -2.476036461567984E-016
  4.327800000000001E-008 -2.474906891370694E-016
  4.328100000000001E-008 -2.473777961973397E-016
  4.328400000000001E-008 -2.472649513176102E-016
  4.328700000000001E-008 -2.471521705178804E-016
  4.329000000000001E-008 -2.470394537981501E-016
  4.329300000000001E-008 -2.469267851384198E-016
  4.329600000000001E-008 -2.468141805586893E-016
  4.329900000000001E-008 -2.467016400589585E-016
  4.330200000000001E-008 -2.465891476192273E-016
  4.330500000000001E-008 -2.464767192594963E-016
  4.330800000000001E-008 -2.463643549797646E-016
  4.331100000000001E-008 -2.463643549751682E-016
  4.331400000000001E-008 -2.462520387554386E-016
  4.331700000000001E-008 -2.461397866157088E-016
  4.332000000000001E-008 -2.460275985559781E-016
  4.332300000000001E-008 -2.459154585562479E-016
  4.332600000000001E-008 -2.458033826365168E-016
  4.332900000000001E-008 -2.456913547767859E-016
  4.333200000000001E-008 -2.455793909970550E-016
  4.333500000000001E-008 -2.454674912973233E-016
  4.333800000000001E-008 -2.453556396575917E-016
  4.334100000000001E-008 -2.452438520978600E-016
  4.334400000000001E-008 -2.451321286181276E-016
  4.334700000000001E-008 -2.450204531983954E-016
  4.335000000000001E-008 -2.449088418586626E-016
  4.335300000000001E-008 -2.447972785789298E-016
  4.335600000000001E-008 -2.446857793791968E-016
  4.335900000000000E-008 -2.445743442594636E-016
  4.336200000000001E-008 -2.444629571997300E-016
  4.336500000000000E-008 -2.443516342199962E-016
  4.336800000000001E-008 -2.443516342154363E-016
  4.337100000000001E-008 -2.442403592957045E-016
  4.337400000000001E-008 -2.441291484559725E-016
  4.337700000000001E-008 -2.440180016962396E-016
  4.338000000000001E-008 -2.439069029965071E-016
  4.338300000000001E-008 -2.437958683767743E-016
  4.338600000000001E-008 -2.436848978370407E-016
  4.338900000000001E-008 -2.435739753573075E-016
  4.339200000000001E-008 -2.434631169575736E-016
  4.339500000000001E-008 -2.433523066178398E-016
  4.339800000000001E-008 -2.432415603581055E-016
  4.340100000000001E-008 -2.431308621583711E-016
  4.340400000000001E-008 -2.430202280386367E-016
  4.340700000000001E-008 -2.429096579989017E-016
  4.341000000000001E-008 -2.427991360191670E-016
  4.341300000000001E-008 -2.426886781194314E-016
  4.341600000000001E-008 -2.425782682796958E-016
  4.341900000000001E-008 -2.424679225199601E-016
  4.342200000000001E-008 -2.424679225154353E-016
  4.342500000000001E-008 -2.423576408357009E-016
  4.342800000000001E-008 -2.422474072159662E-016
  4.343100000000001E-008 -2.421372216562319E-016
  4.343400000000001E-008 -2.420271001764974E-016
  4.343700000000001E-008 -2.419170427767627E-016
  4.344000000000001E-008 -2.418070494570273E-016
  4.344300000000001E-008 -2.416971041972915E-016
  4.344600000000001E-008 -2.415872069975559E-016
  4.344900000000001E-008 -2.414773738778202E-016
  4.345200000000001E-008 -2.413676048380840E-016
  4.345500000000001E-008 -2.412578838583474E-016
  4.345800000000001E-008 -2.411482109386110E-016
  4.346100000000001E-008 -2.410386181188744E-016
  4.346400000000001E-008 -2.409290573391372E-016
  4.346700000000001E-008 -2.408195766593998E-016
  4.347000000000000E-008 -2.407101440396623E-016
  4.347300000000001E-008 -2.406007594799245E-016
  4.347600000000000E-008 -2.406007594754336E-016
  4.347900000000001E-008 -2.404914389956973E-016
  4.348200000000001E-008 -2.403821665759612E-016
  4.348500000000001E-008 -2.402729582362250E-016
  4.348800000000001E-008 -2.401638139764879E-016
  4.349100000000001E-008 -2.400547177767512E-016
  4.349400000000001E-008 -2.399456856570137E-016
  4.349700000000001E-008 -2.398367015972765E-016
  4.350000000000001E-008 -2.397277816175388E-016
  4.350300000000001E-008 -2.396189096978004E-016
  4.350600000000001E-008 -2.395100858380630E-016
  4.350900000000001E-008 -2.394013420783241E-016
  4.351200000000001E-008 -2.392926303585862E-016
  4.351500000000001E-008 -2.391839987388472E-016
  4.351800000000001E-008 -2.390754151791079E-016
  4.352100000000001E-008 -2.389668796793687E-016
  4.352400000000001E-008 -2.388584082596292E-016
  4.352700000000001E-008 -2.387499848998895E-016
  4.353000000000001E-008 -2.387499848954326E-016
  4.353300000000001E-008 -2.386416256156942E-016
  4.353600000000001E-008 -2.385333143959563E-016
  4.353900000000001E-008 -2.384250672562175E-016
  4.354200000000001E-008 -2.383168681764791E-016
  4.354500000000001E-008 -2.382087331767399E-016
  4.354800000000001E-008 -2.381006462370008E-016
  4.355100000000001E-008 -2.379926233772618E-016
  4.355400000000001E-008 -2.378846645975215E-016
  4.355700000000001E-008 -2.377767378577822E-016
  4.356000000000001E-008 -2.376688912180415E-016
  4.356300000000001E-008 -2.375610766183023E-016
  4.356600000000001E-008 -2.374533421185611E-016
  4.356900000000001E-008 -2.373456396588204E-016
  4.357200000000001E-008 -2.372380172990793E-016
  4.357500000000000E-008 -2.371304269793381E-016
  4.357800000000001E-008 -2.370229167595967E-016
  4.358100000000000E-008 -2.369154385798550E-016
  4.358400000000001E-008 -2.369154385754315E-016
  4.358700000000001E-008 -2.368080244756919E-016
  4.359000000000001E-008 -2.367006744559513E-016
  4.359300000000001E-008 -2.365933724962112E-016
  4.359600000000001E-008 -2.364861346164703E-016
  4.359900000000001E-008 -2.363789447967291E-016
  4.360200000000001E-008 -2.362718030369883E-016
  4.360500000000001E-008 -2.361647253572468E-016
  4.360800000000001E-008 -2.360576957375054E-016
  4.361100000000001E-008 -2.359507301977637E-016
  4.361400000000001E-008 -2.358438287380219E-016
  4.361700000000001E-008 -2.357369593182795E-016
  4.362000000000001E-008 -2.356301699985367E-016
  4.362300000000001E-008 -2.355234127187940E-016
  4.362600000000001E-008 -2.354167195190512E-016
  4.362900000000001E-008 -2.353100903993080E-016
  4.363200000000001E-008 -2.352035093395647E-016
  4.363500000000001E-008 -2.350969763398210E-016
  4.363800000000001E-008 -2.350969763354310E-016
  4.364100000000001E-008 -2.349905074156895E-016
  4.364400000000001E-008 -2.348841025759464E-016
  4.364700000000001E-008 -2.347777297762050E-016
  4.365000000000001E-008 -2.346714370764616E-016
  4.365300000000001E-008 -2.345651764167189E-016
  4.365600000000001E-008 -2.344589798369762E-016
  4.365900000000001E-008 -2.343528473372328E-016
  4.366200000000001E-008 -2.342467628974889E-016
  4.366500000000001E-008 -2.341407265177462E-016
  4.366800000000001E-008 -2.340347542180017E-016
  4.367100000000001E-008 -2.339288299782574E-016
  4.367400000000001E-008 -2.338229698185130E-016
  4.367700000000001E-008 -2.337171577187682E-016
  4.368000000000000E-008 -2.336113936790235E-016
  4.368300000000001E-008 -2.335056937192784E-016
  4.368600000000000E-008 -2.334000418195331E-016
  4.368900000000001E-008 -2.332944539997877E-016
  4.369200000000001E-008 -2.332944539954306E-016
  4.369500000000001E-008 -2.331889142356864E-016
  4.369800000000001E-008 -2.330834225359427E-016
  4.370100000000001E-008 -2.329779949161982E-016
  4.370400000000001E-008 -2.328726153564539E-016
  4.370700000000001E-008 -2.327672998767090E-016
  4.371000000000001E-008 -2.326620324569643E-016
  4.371300000000001E-008 -2.325568291172188E-016
  4.371600000000001E-008 -2.324516738374741E-016
  4.371900000000001E-008 -2.323465666177280E-016
  4.372200000000001E-008 -2.322415234779820E-016
  4.372500000000001E-008 -2.321365283982357E-016
  4.372800000000001E-008 -2.320315813784896E-016
  4.373100000000001E-008 -2.319266984387430E-016
  4.373400000000001E-008 -2.318218635589963E-016
  4.373700000000001E-008 -2.317170927592494E-016
  4.374000000000001E-008 -2.316123700195021E-016
  4.374300000000001E-008 -2.315076953397547E-016
  4.374600000000001E-008 -2.315076953354307E-016
  4.374900000000001E-008 -2.314030847356847E-016
  4.375200000000001E-008 -2.312985221959384E-016
  4.375500000000001E-008 -2.311940077161926E-016
  4.375800000000001E-008 -2.310895573164459E-016
  4.376100000000001E-008 -2.309851549766996E-016
  4.376400000000001E-008 -2.308808167169524E-016
  4.376700000000001E-008 -2.307765265172061E-016
  4.377000000000001E-008 -2.306722843774583E-016
  4.377300000000001E-008 -2.305681063177106E-016
  4.377600000000001E-008 -2.304639763179626E-016
  4.377900000000001E-008 -2.303598943782148E-016
  4.378200000000001E-008 -2.302558765184666E-016
  4.378500000000001E-008 -2.301519067187181E-016
  4.378800000000001E-008 -2.300479849789695E-016
  4.379100000000000E-008 -2.299441273192206E-016
  4.379400000000001E-008 -2.298403177194717E-016
  4.379700000000000E-008 -2.297365721997224E-016
  4.380000000000001E-008 -2.296328747399728E-016
  4.380300000000001E-008 -2.296328747356829E-016
  4.380600000000001E-008 -2.295292253359347E-016
  4.380900000000001E-008 -2.294256239961871E-016
  4.381200000000001E-008 -2.293220867364385E-016
  4.381500000000001E-008 -2.292185975366903E-016
  4.381800000000001E-008 -2.291151724169412E-016
  4.382100000000001E-008 -2.290117953571931E-016
  4.382400000000001E-008 -2.289084663574429E-016
  4.382700000000001E-008 -2.288051854176937E-016
  4.383000000000001E-008 -2.287019685579439E-016
  4.383300000000001E-008 -2.285987997581942E-016
  4.383600000000001E-008 -2.284956950384442E-016
  4.383900000000001E-008 -2.283926383786937E-016
  4.384200000000001E-008 -2.282896297789431E-016
  4.384500000000001E-008 -2.281866692391925E-016
  4.384800000000001E-008 -2.280837727794416E-016
  4.385100000000001E-008 -2.279809243796905E-016
  4.385400000000001E-008 -2.278781400599390E-016
  4.385700000000001E-008 -2.278781400556809E-016
  4.386000000000001E-008 -2.277753877759316E-016
  4.386300000000001E-008 -2.276726995761821E-016
  4.386600000000001E-008 -2.275700754564311E-016
  4.386900000000001E-008 -2.274674833766809E-016
  4.387200000000001E-008 -2.273649553769312E-016
  4.387500000000001E-008 -2.272624754371798E-016
  4.387800000000001E-008 -2.271600595774285E-016
  4.388100000000001E-008 -2.270576917776771E-016
  4.388400000000001E-008 -2.269553720379254E-016
  4.388700000000001E-008 -2.268531003581739E-016
  4.389000000000001E-008 -2.267508927584219E-016
  4.389300000000001E-008 -2.266487332186697E-016
  4.389600000000000E-008 -2.265466217389174E-016
  4.389900000000001E-008 -2.264445743391649E-016
  4.390200000000000E-008 -2.263425749994120E-016
  4.390500000000001E-008 -2.262406237196590E-016
  4.390800000000001E-008 -2.261387204999057E-016
  4.391100000000001E-008 -2.261387204956804E-016
  4.391400000000001E-008 -2.260368813559285E-016
  4.391700000000001E-008 -2.259350902761765E-016
  4.392000000000001E-008 -2.258333472564241E-016
  4.392300000000001E-008 -2.257316522966734E-016
  4.392600000000001E-008 -2.256300214169197E-016
  4.392900000000001E-008 -2.255284385971673E-016
  4.393200000000001E-008 -2.254269198574138E-016
  4.393500000000001E-008 -2.253254331576609E-016
  4.393800000000001E-008 -2.252240105379075E-016
  4.394100000000001E-008 -2.251226359781542E-016
  4.394400000000001E-008 -2.250213254984001E-016
  4.394700000000001E-008 -2.249200470586462E-016
  4.395000000000001E-008 -2.248188326988919E-016
  4.395300000000001E-008 -2.247176663991376E-016
  4.395600000000001E-008 -2.246165641793829E-016
  4.395900000000001E-008 -2.245154939996280E-016
  4.396200000000001E-008 -2.244144878998729E-016
  4.396500000000001E-008 -2.244144878956789E-016
  4.396800000000001E-008 -2.243135298559260E-016
  4.397100000000001E-008 -2.242126358961713E-016
  4.397400000000001E-008 -2.241117739764192E-016
  4.397700000000001E-008 -2.240109761366637E-016
  4.398000000000001E-008 -2.239102263569098E-016
  4.398300000000001E-008 -2.238095406571546E-016
  4.398600000000001E-008 -2.237088869974001E-016
  4.398900000000001E-008 -2.236082974176451E-016
  4.399200000000001E-008 -2.235077558978901E-016
  4.399500000000001E-008 -2.234072784581344E-016
  4.399800000000001E-008 -2.233068330583789E-016
  4.400100000000000E-008 -2.232064517386231E-016
  4.400400000000001E-008 -2.231061184788669E-016
  4.400700000000000E-008 -2.230058332791108E-016
  4.401000000000001E-008 -2.229056121593542E-016
  4.401300000000001E-008 -2.228054230795976E-016
  4.401600000000001E-008 -2.227052980798407E-016
  4.401900000000001E-008 -2.227052980756782E-016
  4.402200000000001E-008 -2.226052211359234E-016
  4.402500000000001E-008 -2.225052082761683E-016
  4.402800000000001E-008 -2.224052274564118E-016
  4.403100000000001E-008 -2.223053107166557E-016
  4.403400000000001E-008 -2.222054420368995E-016
  4.403700000000001E-008 -2.221056214171428E-016
  4.404000000000001E-008 -2.220058488573866E-016
  4.404300000000001E-008 -2.219061403776298E-016
  4.404600000000001E-008 -2.218064799578726E-016
  4.404900000000001E-008 -2.217068675981154E-016
  4.405200000000001E-008 -2.216073032983578E-016
  4.405500000000001E-008 -2.215077870586004E-016
  4.405800000000001E-008 -2.214083348988424E-016
  4.406100000000001E-008 -2.213089147790843E-016
  4.406400000000001E-008 -2.212095587393262E-016
  4.406700000000001E-008 -2.211102667795677E-016
  4.407000000000001E-008 -2.210110068598089E-016
  4.407300000000001E-008 -2.210110068556773E-016
  4.407600000000001E-008 -2.209117949959221E-016
  4.407900000000001E-008 -2.208126472161633E-016
  4.408200000000001E-008 -2.207135474964056E-016
  4.408500000000001E-008 -2.206144958366476E-016
  4.408800000000001E-008 -2.205154922368901E-016
  4.409100000000001E-008 -2.204165527171313E-016
  4.409400000000001E-008 -2.203176452373733E-016
  4.409700000000001E-008 -2.202188018376146E-016
  4.410000000000001E-008 -2.201200064978557E-016
  4.410300000000001E-008 -2.200212592180966E-016
  4.410600000000001E-008 -2.199225599983375E-016
  4.410900000000001E-008 -2.198239248585782E-016
  4.411200000000000E-008 -2.197253377788182E-016
  4.411500000000001E-008 -2.196267827390584E-016
  4.411800000000001E-008 -2.195282917792984E-016
  4.412100000000001E-008 -2.194298488795381E-016
  4.412400000000001E-008 -2.193314700597776E-016
  4.412700000000001E-008 -2.193314700556784E-016
  4.413000000000001E-008 -2.192331232759187E-016
  4.413300000000001E-008 -2.191348405761588E-016
  4.413600000000001E-008 -2.190365899163999E-016
  4.413900000000001E-008 -2.189384033366403E-016
  4.414200000000001E-008 -2.188402648168803E-016
  4.414500000000001E-008 -2.187421743571208E-016
  4.414800000000001E-008 -2.186441479773601E-016
  4.415100000000001E-008 -2.185461536375999E-016
  4.415400000000001E-008 -2.184482233778393E-016
  4.415700000000001E-008 -2.183503411780784E-016
  4.416000000000001E-008 -2.182525070383173E-016
  4.416300000000001E-008 -2.181547209585561E-016
  4.416600000000001E-008 -2.180569829387946E-016
  4.416900000000001E-008 -2.179592929790329E-016
  4.417200000000001E-008 -2.178616510792711E-016
  4.417500000000001E-008 -2.177640732595092E-016
  4.417800000000001E-008 -2.176665434997468E-016
  4.418100000000001E-008 -2.175690617999843E-016
  4.418400000000001E-008 -2.175690617959165E-016
  4.418700000000001E-008 -2.174716281561555E-016
  4.419000000000001E-008 -2.173742425763942E-016
  4.419300000000001E-008 -2.172769050566327E-016
  4.419600000000001E-008 -2.171796155968718E-016
  4.419900000000001E-008 -2.170823902171093E-016
  4.420200000000001E-008 -2.169851968773478E-016
  4.420500000000001E-008 -2.168880676175852E-016
  4.420800000000001E-008 -2.167909703978230E-016
  4.421100000000001E-008 -2.166939372580604E-016
  4.421400000000001E-008 -2.165969521782975E-016
  4.421700000000000E-008 -2.165000151585347E-016
  4.422000000000001E-008 -2.164031422187714E-016
  4.422300000000000E-008 -2.163063013190077E-016
  4.422600000000001E-008 -2.162095084792445E-016
  4.422900000000001E-008 -2.161127797194806E-016
  4.423200000000001E-008 -2.160160990197164E-016
  4.423500000000001E-008 -2.159194503599522E-016
  4.423800000000001E-008 -2.159194503559150E-016
  4.424100000000001E-008 -2.158228657761522E-016
  4.424400000000001E-008 -2.157263292563891E-016
  4.424700000000001E-008 -2.156298407966259E-016
  4.425000000000001E-008 -2.155334003968626E-016
  4.425300000000001E-008 -2.154370080570988E-016
  4.425600000000001E-008 -2.153406637773357E-016
  4.425900000000001E-008 -2.152443835775712E-016
  4.426200000000001E-008 -2.151481354178074E-016
  4.426500000000001E-008 -2.150519513380427E-016
  4.426800000000001E-008 -2.149557992982783E-016
  4.427100000000001E-008 -2.148597113385135E-016
  4.427400000000001E-008 -2.147636714387486E-016
  4.427700000000001E-008 -2.146676795989831E-016
  4.428000000000001E-008 -2.145717197992181E-016
  4.428300000000001E-008 -2.144758240794524E-016
  4.428600000000001E-008 -2.143799764196865E-016
  4.428900000000001E-008 -2.142841928399206E-016
  4.429200000000001E-008 -2.142841928359133E-016
  4.429500000000001E-008 -2.141884412961488E-016
  4.429800000000001E-008 -2.140927378163839E-016
  4.430100000000001E-008 -2.139970823966197E-016
  4.430400000000001E-008 -2.139014910568539E-016
  4.430700000000001E-008 -2.138059317570891E-016
  4.431000000000001E-008 -2.137104365373231E-016
  4.431300000000001E-008 -2.136149733575578E-016
  4.431600000000001E-008 -2.135195742577915E-016
  4.431900000000001E-008 -2.134242071980256E-016
  4.432200000000001E-008 -2.133289042182594E-016
  4.432500000000001E-008 -2.132336492984929E-016
  4.432800000000000E-008 -2.131384424387258E-016
  4.433100000000001E-008 -2.130432676189593E-016
  4.433400000000001E-008 -2.129481568791921E-016
  4.433700000000001E-008 -2.128530941994246E-016
  4.434000000000001E-008 -2.127580795796571E-016
  4.434300000000001E-008 -2.126631130198894E-016
  4.434600000000001E-008 -2.126631130159121E-016
  4.434900000000001E-008 -2.125681945161459E-016
  4.435200000000001E-008 -2.124733240763794E-016
  4.435500000000001E-008 -2.123785016966127E-016
  4.435800000000001E-008 -2.122837273768465E-016
  4.436100000000001E-008 -2.121890171370789E-016
  4.436400000000001E-008 -2.120943389373116E-016
  4.436700000000001E-008 -2.119997087975441E-016
  4.437000000000001E-008 -2.119051267177768E-016
  4.437300000000001E-008 -2.118106087180087E-016
  4.437600000000001E-008 -2.117161227582405E-016
  4.437900000000001E-008 -2.116216848584725E-016
  4.438200000000001E-008 -2.115273110387043E-016
  4.438500000000001E-008 -2.114329692589353E-016
  4.438800000000001E-008 -2.113386755391665E-016
  4.439100000000001E-008 -2.112444458993974E-016
  4.439400000000001E-008 -2.111502482996281E-016
  4.439700000000001E-008 -2.110560987598587E-016
  4.440000000000001E-008 -2.110560987559116E-016
  4.440300000000001E-008 -2.109620132961429E-016
  4.440600000000001E-008 -2.108679598763754E-016
  4.440900000000001E-008 -2.107739705366064E-016
  4.441200000000001E-008 -2.106800132368384E-016
  4.441500000000001E-008 -2.105861200170691E-016
  4.441800000000001E-008 -2.104922588373000E-016
  4.442100000000001E-008 -2.103984457175314E-016
  4.442400000000001E-008 -2.103046966777616E-016
  4.442700000000001E-008 -2.102109796779924E-016
  4.443000000000001E-008 -2.101173267582222E-016
  4.443300000000000E-008 -2.100237058784530E-016
  4.443600000000001E-008 -2.099301490786824E-016
  4.443900000000001E-008 -2.098366243189117E-016
  4.444200000000001E-008 -2.097431476191414E-016
  4.444500000000001E-008 -2.096497349993706E-016
  4.444800000000001E-008 -2.095563544195996E-016
  4.445100000000001E-008 -2.094630218998285E-016
  4.445400000000001E-008 -2.094630218959109E-016
  4.445700000000001E-008 -2.093697534561405E-016
  4.446000000000001E-008 -2.092765170563706E-016
  4.446300000000001E-008 -2.091833287166005E-016
  4.446600000000001E-008 -2.090901884368309E-016
  4.446900000000001E-008 -2.089971122370599E-016
  4.447200000000001E-008 -2.089040680772892E-016
  4.447500000000001E-008 -2.088110719775183E-016
  4.447800000000001E-008 -2.087181239377473E-016
  4.448100000000001E-008 -2.086252239579758E-016
  4.448400000000001E-008 -2.085323720382051E-016
  4.448700000000001E-008 -2.084395681784330E-016
  4.449000000000001E-008 -2.083468123786610E-016
  4.449300000000001E-008 -2.082541046388890E-016
  4.449600000000001E-008 -2.081614449591167E-016
  4.449900000000001E-008 -2.080688333393443E-016
  4.450200000000001E-008 -2.079762697795715E-016
  4.450500000000001E-008 -2.078837382597987E-016
  4.450800000000001E-008 -2.078837382559100E-016
  4.451100000000001E-008 -2.077912708161387E-016
  4.451400000000001E-008 -2.076988514363664E-016
  4.451700000000001E-008 -2.076064640965953E-016
  4.452000000000001E-008 -2.075141408368234E-016
  4.452300000000001E-008 -2.074218656370507E-016
  4.452600000000001E-008 -2.073296224772782E-016
  4.452900000000001E-008 -2.072374273775062E-016
  4.453200000000001E-008 -2.071452963577329E-016
  4.453500000000001E-008 -2.070531973779607E-016
  4.453800000000000E-008 -2.069611464581871E-016
  4.454100000000001E-008 -2.068691435984136E-016
  4.454400000000000E-008 -2.067771887986401E-016
  4.454700000000001E-008 -2.066852820588663E-016
  4.455000000000001E-008 -2.065934233790924E-016
  4.455300000000001E-008 -2.065016127593183E-016
  4.455600000000001E-008 -2.064098501995440E-016
  4.455900000000001E-008 -2.063181356997694E-016
  4.456200000000001E-008 -2.062264532399947E-016
  4.456500000000001E-008 -2.062264532361367E-016
  4.456800000000001E-008 -2.061348348563628E-016
  4.457100000000001E-008 -2.060432485165900E-016
  4.457400000000001E-008 -2.059517262568159E-016
  4.457700000000001E-008 -2.058602360370419E-016
  4.458000000000001E-008 -2.057687938772685E-016
  4.458300000000001E-008 -2.056774157974937E-016
  4.458600000000001E-008 -2.055860697577200E-016
  4.458900000000001E-008 -2.054947717779449E-016
  4.459200000000001E-008 -2.054035218581695E-016
  4.459500000000001E-008 -2.053123039783948E-016
  4.459800000000001E-008 -2.052211501786197E-016
  4.460100000000001E-008 -2.051300444388440E-016
  4.460400000000001E-008 -2.050389707390686E-016
  4.460700000000001E-008 -2.049479611192927E-016
  4.461000000000001E-008 -2.048569835395167E-016
  4.461300000000001E-008 -2.047660540197406E-016
  4.461600000000001E-008 -2.046751725599642E-016
  4.461900000000001E-008 -2.046751725561346E-016
  4.462200000000001E-008 -2.045843391563597E-016
  4.462500000000001E-008 -2.044935538165846E-016
  4.462800000000001E-008 -2.044028165368094E-016
  4.463100000000001E-008 -2.043121273170333E-016
  4.463400000000001E-008 -2.042214701372580E-016
  4.463700000000001E-008 -2.041308770374827E-016
  4.464000000000001E-008 -2.040403159777058E-016
  4.464300000000001E-008 -2.039498029779294E-016
  4.464600000000001E-008 -2.038593380381530E-016
  4.464900000000000E-008 -2.037689211583763E-016
  4.465200000000001E-008 -2.036785523385995E-016
  4.465500000000001E-008 -2.035882315788222E-016
  4.465800000000001E-008 -2.034979428590451E-016
  4.466100000000001E-008 -2.034077182192676E-016
  4.466400000000001E-008 -2.033175256194899E-016
  4.466700000000001E-008 -2.032273970997122E-016
  4.467000000000001E-008 -2.031373006199341E-016
  4.467300000000001E-008 -2.031373006161331E-016
  4.467600000000001E-008 -2.030472521963558E-016
  4.467900000000001E-008 -2.029572358165797E-016
  4.468200000000001E-008 -2.028672835168028E-016
  4.468500000000001E-008 -2.027773792770252E-016
  4.468800000000001E-008 -2.026875070772476E-016
  4.469100000000001E-008 -2.025976829374716E-016
  4.469400000000001E-008 -2.025079228776928E-016
  4.469700000000001E-008 -2.024181948579143E-016
  4.470000000000001E-008 -2.023284988781365E-016
  4.470300000000001E-008 -2.022388669783583E-016
  4.470600000000001E-008 -2.021492831385796E-016
  4.470900000000001E-008 -2.020597313388008E-016
  4.471200000000001E-008 -2.019702275990220E-016
  4.471500000000001E-008 -2.018807719192429E-016
  4.471800000000001E-008 -2.017913642994636E-016
  4.472100000000001E-008 -2.017020047396841E-016
  4.472400000000001E-008 -2.016126932399045E-016
  4.472700000000001E-008 -2.016126932361313E-016
  4.473000000000001E-008 -2.015234137763538E-016
  4.473300000000001E-008 -2.014341983965748E-016
  4.473600000000001E-008 -2.013450150567963E-016
  4.473900000000001E-008 -2.012558797770174E-016
  4.474200000000001E-008 -2.011667925572389E-016
  4.474500000000001E-008 -2.010777373774595E-016
  4.474800000000001E-008 -2.009887462776796E-016
  4.475100000000001E-008 -2.008997872179001E-016
  4.475400000000000E-008 -2.008108762181203E-016
  4.475700000000001E-008 -2.007220132783405E-016
  4.476000000000001E-008 -2.006331983985601E-016
  4.476300000000001E-008 -2.005444155587800E-016
  4.476600000000001E-008 -2.004556967989994E-016
  4.476900000000001E-008 -2.003670100792185E-016
  4.477200000000001E-008 -2.002783714194377E-016
  4.477500000000001E-008 -2.001897808196566E-016
  4.477800000000001E-008 -2.001012382798753E-016
  4.478100000000001E-008 -2.001012382761301E-016
  4.478400000000001E-008 -2.000127277763510E-016
  4.478700000000001E-008 -1.999242813565704E-016
  4.479000000000001E-008 -1.998358669767901E-016
  4.479300000000001E-008 -1.997475006570109E-016
  4.479600000000001E-008 -1.996591823972289E-016
  4.479900000000001E-008 -1.995708961774479E-016
  4.480200000000001E-008 -1.994826580176675E-016
  4.480500000000001E-008 -1.993944839378861E-016
  4.480800000000001E-008 -1.993063418981042E-016
  4.481100000000001E-008 -1.992182318983231E-016
  4.481400000000001E-008 -1.991301859785411E-016
  4.481700000000001E-008 -1.990421720987591E-016
  4.482000000000001E-008 -1.989542062789770E-016
  4.482300000000001E-008 -1.988662885191947E-016
  4.482600000000001E-008 -1.987784188194122E-016
  4.482900000000001E-008 -1.986905971796294E-016
  4.483200000000001E-008 -1.986028075798465E-016
  4.483500000000001E-008 -1.986028075761295E-016
  4.483800000000001E-008 -1.985150660363481E-016
  4.484100000000001E-008 -1.984273725565664E-016
  4.484400000000001E-008 -1.983397271367852E-016
  4.484700000000001E-008 -1.982521137570022E-016
  4.485000000000001E-008 -1.981645484372200E-016
  4.485300000000001E-008 -1.980770311774376E-016
  4.485600000000001E-008 -1.979895619776551E-016
  4.485900000000001E-008 -1.979021408378719E-016
  4.486200000000001E-008 -1.978147517380890E-016
  4.486500000000001E-008 -1.977274106983058E-016
  4.486800000000001E-008 -1.976401177185226E-016
  4.487100000000001E-008 -1.975528727987388E-016
  4.487400000000001E-008 -1.974656599189550E-016
  4.487700000000001E-008 -1.973784950991712E-016
  4.488000000000001E-008 -1.972913783393870E-016
  4.488300000000001E-008 -1.972043096396027E-016
  4.488600000000001E-008 -1.971172889998182E-016
  4.488900000000001E-008 -1.971172889961286E-016
  4.489200000000001E-008 -1.970303003963456E-016
  4.489500000000001E-008 -1.969433598565637E-016
  4.489800000000001E-008 -1.968564673767786E-016
  4.490100000000001E-008 -1.967696069369949E-016
  4.490400000000001E-008 -1.966827945572112E-016
  4.490700000000001E-008 -1.965960302374272E-016
  4.491000000000001E-008 -1.965093139776432E-016
  4.491300000000001E-008 -1.964226457778584E-016
  4.491600000000001E-008 -1.963360096180738E-016
  4.491900000000001E-008 -1.962494215182892E-016
  4.492200000000001E-008 -1.961628814785039E-016
  4.492500000000001E-008 -1.960763734787190E-016
  4.492800000000001E-008 -1.959899295589337E-016
  4.493100000000001E-008 -1.959035176791479E-016
  4.493400000000001E-008 -1.958171378393623E-016
  4.493700000000001E-008 -1.957308220795765E-016
  4.494000000000001E-008 -1.956445383597903E-016
  4.494300000000001E-008 -1.956445383561283E-016
  4.494600000000001E-008 -1.955583026963449E-016
  4.494900000000001E-008 -1.954721150965584E-016
  4.495200000000001E-008 -1.953859595367734E-016
  4.495500000000001E-008 -1.952998520369882E-016
  4.495800000000001E-008 -1.952137925972030E-016
  4.496100000000001E-008 -1.951277812174169E-016
  4.496400000000001E-008 -1.950418018776312E-016
  4.496700000000001E-008 -1.949558705978454E-016
  4.497000000000000E-008 -1.948699873780589E-016
  4.497300000000001E-008 -1.947841361982725E-016
  4.497600000000001E-008 -1.946983330784861E-016
  4.497900000000001E-008 -1.946125780186994E-016
  4.498200000000001E-008 -1.945268710189124E-016
  4.498500000000001E-008 -1.944411960591252E-016
  4.498800000000001E-008 -1.943555691593380E-016
  4.499100000000001E-008 -1.942699903195505E-016
  4.499400000000001E-008 -1.941844595397629E-016
  4.499700000000001E-008 -1.940989607999750E-016
  4.500000000000001E-008 -1.940989607963417E-016
  4.500300000000001E-008 -1.940135101165546E-016
  4.500600000000001E-008 -1.939280914767688E-016
  4.500900000000001E-008 -1.938427369169815E-016
  4.501200000000001E-008 -1.937574143971947E-016
  4.501500000000001E-008 -1.936721399374071E-016
  4.501800000000001E-008 -1.935868975176197E-016
  4.502100000000001E-008 -1.935017031578324E-016
  4.502400000000001E-008 -1.934165568580442E-016
  4.502700000000001E-008 -1.933314425982568E-016
  4.503000000000001E-008 -1.932463924184682E-016
  4.503300000000001E-008 -1.931613582586801E-016
  4.503600000000001E-008 -1.930763881788916E-016
  4.503900000000001E-008 -1.929914501391029E-016
  4.504200000000001E-008 -1.929065601593141E-016
  4.504500000000001E-008 -1.928217182395251E-016
  4.504800000000001E-008 -1.927369083597358E-016
  4.505100000000001E-008 -1.926521465399464E-016
  4.505400000000001E-008 -1.926521465363401E-016
  4.505700000000001E-008 -1.925674327765515E-016
  4.506000000000001E-008 -1.924827510567635E-016
  4.506300000000001E-008 -1.923981173969752E-016
  4.506600000000001E-008 -1.923135317971868E-016
  4.506900000000001E-008 -1.922289942573978E-016
  4.507200000000001E-008 -1.921444887576083E-016
  4.507500000000000E-008 -1.920600152978198E-016
  4.507800000000001E-008 -1.919756059180302E-016
  4.508100000000001E-008 -1.918912285782408E-016
  4.508400000000001E-008 -1.918068992984510E-016
  4.508700000000001E-008 -1.917226020586611E-016
  4.509000000000001E-008 -1.916383528788712E-016
  4.509300000000001E-008 -1.915541517590808E-016
  4.509600000000001E-008 -1.914699826792908E-016
  4.509900000000001E-008 -1.913858776795000E-016
  4.510200000000001E-008 -1.913017886997092E-016
  4.510500000000001E-008 -1.912177637999182E-016
  4.510800000000001E-008 -1.912177637963383E-016
  4.511100000000001E-008 -1.911337709365482E-016
  4.511400000000001E-008 -1.910498101167593E-016
  4.511700000000001E-008 -1.909659133769689E-016
  4.512000000000001E-008 -1.908820486771790E-016
  4.512300000000001E-008 -1.907982320373882E-016
  4.512600000000001E-008 -1.907144474375979E-016
  4.512900000000001E-008 -1.906307108978069E-016
  4.513200000000001E-008 -1.905470063980165E-016
  4.513500000000001E-008 -1.904633659782254E-016
  4.513800000000001E-008 -1.903797575984339E-016
  4.514100000000001E-008 -1.902961812586425E-016
  4.514400000000001E-008 -1.902126529788511E-016
  4.514700000000001E-008 -1.901291727590593E-016
  4.515000000000001E-008 -1.900457405992676E-016
  4.515300000000001E-008 -1.899623404794752E-016
  4.515600000000001E-008 -1.898789723996829E-016
  4.515900000000001E-008 -1.897956683998905E-016
  4.516200000000001E-008 -1.897956683963370E-016
  4.516500000000001E-008 -1.897123964365454E-016
  4.516800000000001E-008 -1.896291565167550E-016
  4.517100000000001E-008 -1.895459806769631E-016
  4.517400000000001E-008 -1.894628368771710E-016
  4.517700000000001E-008 -1.893797251173793E-016
  4.518000000000001E-008 -1.892966614175875E-016
  4.518300000000001E-008 -1.892136457777950E-016
  4.518600000000001E-008 -1.891306621780026E-016
  4.518900000000001E-008 -1.890477266382103E-016
  4.519200000000001E-008 -1.889648391584173E-016
  4.519500000000001E-008 -1.888819837186245E-016
  4.519800000000001E-008 -1.887991763388311E-016
  4.520100000000001E-008 -1.887164009990382E-016
  4.520400000000001E-008 -1.886336737192447E-016
  4.520700000000001E-008 -1.885509944994509E-016
  4.521000000000001E-008 -1.884683473196571E-016
  4.521300000000001E-008 -1.883857481998631E-016
  4.521600000000001E-008 -1.883857481963362E-016
  4.521900000000001E-008 -1.883031971365431E-016
  4.522200000000001E-008 -1.882206781167505E-016
  4.522500000000001E-008 -1.881382071569571E-016
  4.522800000000001E-008 -1.880557682371641E-016
  4.523100000000001E-008 -1.879733773773704E-016
  4.523400000000001E-008 -1.878910185575770E-016
  4.523700000000001E-008 -1.878087077977835E-016
  4.524000000000001E-008 -1.877264450979893E-016
  4.524300000000001E-008 -1.876442144381952E-016
  4.524600000000001E-008 -1.875620318384012E-016
  4.524900000000001E-008 -1.874798972986064E-016
  4.525200000000001E-008 -1.873977947988123E-016
  4.525500000000001E-008 -1.873157403590172E-016
  4.525800000000001E-008 -1.872337179592221E-016
  4.526100000000001E-008 -1.871517436194270E-016
  4.526400000000001E-008 -1.870698013196316E-016
  4.526700000000001E-008 -1.869879070798362E-016
  4.527000000000001E-008 -1.869879070763353E-016
  4.527300000000001E-008 -1.869060608965406E-016
  4.527600000000001E-008 -1.868242467567465E-016
  4.527900000000001E-008 -1.867424806769516E-016
  4.528200000000001E-008 -1.866607466371571E-016
  4.528500000000001E-008 -1.865790606573619E-016
  4.528800000000001E-008 -1.864974067175669E-016
  4.529100000000001E-008 -1.864158008377720E-016
  4.529400000000001E-008 -1.863342430179763E-016
  4.529700000000001E-008 -1.862527172381808E-016
  4.530000000000001E-008 -1.861712395183848E-016
  4.530300000000001E-008 -1.860897938385894E-016
  4.530600000000001E-008 -1.860083962187931E-016
  4.530900000000001E-008 -1.859270466589966E-016
  4.531200000000001E-008 -1.858457291392000E-016
  4.531500000000001E-008 -1.857644436594034E-016
  4.531800000000001E-008 -1.856832062396066E-016
  4.532100000000001E-008 -1.856020168798096E-016
  4.532400000000001E-008 -1.856020168763340E-016
  4.532700000000001E-008 -1.855208595565386E-016
  4.533000000000001E-008 -1.854397502967431E-016
  4.533300000000001E-008 -1.853586890969459E-016
  4.533600000000001E-008 -1.852776439171506E-016
  4.533900000000001E-008 -1.851966628173539E-016
  4.534200000000001E-008 -1.851157137575575E-016
  4.534500000000001E-008 -1.850348127577606E-016
  4.534800000000001E-008 -1.849539437979633E-016
  4.535100000000001E-008 -1.848731068781667E-016
  4.535400000000001E-008 -1.847923340383695E-016
  4.535700000000001E-008 -1.847115772185721E-016
  4.536000000000001E-008 -1.846308844787740E-016
  4.536300000000001E-008 -1.845502077589764E-016
  4.536600000000001E-008 -1.844695951191785E-016
  4.536900000000001E-008 -1.843890145193802E-016
  4.537200000000001E-008 -1.843084659595819E-016
  4.537500000000001E-008 -1.842279654597835E-016
  4.537800000000001E-008 -1.841475130199849E-016
  4.538100000000001E-008 -1.841475130165364E-016
  4.538400000000001E-008 -1.840670926167387E-016
  4.538700000000001E-008 -1.839867042569414E-016
  4.539000000000001E-008 -1.839063639571440E-016
  4.539300000000001E-008 -1.838260717173457E-016
  4.539600000000000E-008 -1.837458115175480E-016
  4.539900000000001E-008 -1.836655993777495E-016
  4.540200000000001E-008 -1.835854192779512E-016
  4.540500000000001E-008 -1.835052872381530E-016
  4.540800000000001E-008 -1.834251872383540E-016
  4.541100000000001E-008 -1.833451352985548E-016
  4.541400000000001E-008 -1.832651153987558E-016
  4.541700000000001E-008 -1.831851435589565E-016
  4.542000000000001E-008 -1.831052037591570E-016
  4.542300000000001E-008 -1.830253120193576E-016
  4.542600000000001E-008 -1.829454683395577E-016
  4.542900000000001E-008 -1.828656406797577E-016
  4.543200000000001E-008 -1.827858770999577E-016
  4.543500000000001E-008 -1.827858770965347E-016
  4.543800000000001E-008 -1.827061455567354E-016
  4.544100000000001E-008 -1.826264460569368E-016
  4.544400000000001E-008 -1.825467946171372E-016
  4.544700000000001E-008 -1.824671752173381E-016
  4.545000000000001E-008 -1.823876038775389E-016
  4.545300000000001E-008 -1.823080805977388E-016
  4.545600000000001E-008 -1.822285893579394E-016
  4.545900000000001E-008 -1.821491301581390E-016
  4.546200000000001E-008 -1.820697190183385E-016
  4.546500000000001E-008 -1.819903399185382E-016
  4.546800000000001E-008 -1.819110088787380E-016
  4.547100000000001E-008 -1.818317258989368E-016
  4.547400000000001E-008 -1.817524589391361E-016
  4.547700000000001E-008 -1.816732560593351E-016
  4.548000000000001E-008 -1.815940852195338E-016
  4.548300000000001E-008 -1.815149464197324E-016
  4.548600000000001E-008 -1.814358556799308E-016
  4.548900000000001E-008 -1.814358556765327E-016
  4.549200000000001E-008 -1.813567969767327E-016
  4.549500000000001E-008 -1.812777863369319E-016
  4.549800000000001E-008 -1.811988077371316E-016
  4.550100000000001E-008 -1.811198771973305E-016
  4.550400000000001E-008 -1.810409786975296E-016
  4.550700000000001E-008 -1.809621282577290E-016
  4.551000000000001E-008 -1.808833098579273E-016
  4.551300000000001E-008 -1.808045395181255E-016
  4.551600000000001E-008 -1.807258012183236E-016
  4.551900000000001E-008 -1.806470949585223E-016
  4.552200000000001E-008 -1.805684527787200E-016
  4.552500000000001E-008 -1.804898266189177E-016
  4.552800000000001E-008 -1.804112485191156E-016
  4.553100000000001E-008 -1.803327184793130E-016
  4.553400000000001E-008 -1.802542204795102E-016
  4.553700000000001E-008 -1.801757545197074E-016
  4.554000000000001E-008 -1.800973366199044E-016
  4.554300000000001E-008 -1.800973366165312E-016
  4.554600000000001E-008 -1.800189507567298E-016
  4.554900000000001E-008 -1.799406129569275E-016
  4.555200000000001E-008 -1.798623071971258E-016
  4.555500000000001E-008 -1.797840494973231E-016
  4.555800000000001E-008 -1.797058238375219E-016
  4.556100000000001E-008 -1.796276462377183E-016
  4.556400000000001E-008 -1.795495006779152E-016
  4.556700000000001E-008 -1.794713871581124E-016
  4.557000000000001E-008 -1.793933216983095E-016
  4.557300000000001E-008 -1.793153042985061E-016
  4.557600000000001E-008 -1.792373189387025E-016
  4.557900000000001E-008 -1.791593656188990E-016
  4.558200000000001E-008 -1.790814603590952E-016
  4.558500000000001E-008 -1.790035871392913E-016
  4.558800000000001E-008 -1.789257619794871E-016
  4.559100000000001E-008 -1.788479688596828E-016
  4.559400000000001E-008 -1.787702077798784E-016
  4.559700000000001E-008 -1.787702077765302E-016
  4.560000000000001E-008 -1.786924947567274E-016
  4.560300000000001E-008 -1.786148297969229E-016
  4.560600000000001E-008 -1.785371808571205E-016
  4.560900000000001E-008 -1.784595959973158E-016
  4.561200000000001E-008 -1.783820271575130E-016
  4.561500000000001E-008 -1.783045063777086E-016
  4.561800000000001E-008 -1.782270336579041E-016
  4.562100000000001E-008 -1.781495929780995E-016
  4.562400000000001E-008 -1.780721843382951E-016
  4.562700000000001E-008 -1.779948237584907E-016
  4.563000000000001E-008 -1.779175112386854E-016
  4.563300000000001E-008 -1.778402147388803E-016
  4.563600000000001E-008 -1.777629662990753E-016
  4.563900000000001E-008 -1.776857659192699E-016
  4.564200000000001E-008 -1.776085975794643E-016
  4.564500000000001E-008 -1.775314612796586E-016
  4.564800000000001E-008 -1.774543730398527E-016
  4.565100000000001E-008 -1.774543730365289E-016
  4.565400000000001E-008 -1.773773168367247E-016
  4.565700000000001E-008 -1.773003086969196E-016
  4.566000000000001E-008 -1.772233325971142E-016
  4.566300000000001E-008 -1.771463885373104E-016
  4.566600000000001E-008 -1.770694925375040E-016
  4.566900000000001E-008 -1.769926285776988E-016
  4.567200000000001E-008 -1.769158126778929E-016
  4.567500000000001E-008 -1.768390288180873E-016
  4.567800000000001E-008 -1.767622930182813E-016
  4.568100000000001E-008 -1.766855892584749E-016
  4.568400000000001E-008 -1.766089175386688E-016
  4.568700000000001E-008 -1.765322938788623E-016
  4.569000000000001E-008 -1.764557022590555E-016
  4.569300000000001E-008 -1.763791426792488E-016
  4.569600000000001E-008 -1.763026311594418E-016
  4.569900000000001E-008 -1.762261516796348E-016
  4.570200000000001E-008 -1.761497202598275E-016
  4.570500000000001E-008 -1.761497202565281E-016
  4.570800000000001E-008 -1.760733208767218E-016
  4.571100000000001E-008 -1.759969535369158E-016
  4.571400000000001E-008 -1.759206342571109E-016
  4.571700000000001E-008 -1.758443630373026E-016
  4.572000000000001E-008 -1.757681078374960E-016
  4.572300000000001E-008 -1.756919006976896E-016
  4.572600000000001E-008 -1.756157416178818E-016
  4.572900000000001E-008 -1.755395985580748E-016
  4.573200000000001E-008 -1.754635035582677E-016
  4.573500000000001E-008 -1.753874566184600E-016
  4.573800000000001E-008 -1.753114417186522E-016
  4.574100000000001E-008 -1.752354588588445E-016
  4.574400000000001E-008 -1.751595240590364E-016
  4.574700000000001E-008 -1.750836212992281E-016
  4.575000000000001E-008 -1.750077505794198E-016
  4.575300000000001E-008 -1.749319279196113E-016
  4.575600000000001E-008 -1.748561372998026E-016
  4.575900000000001E-008 -1.747803947399937E-016
  4.576200000000001E-008 -1.747803947367200E-016
  4.576500000000001E-008 -1.747046842169131E-016
  4.576800000000001E-008 -1.746290057371041E-016
  4.577100000000001E-008 -1.745533592972964E-016
  4.577400000000001E-008 -1.744777609174887E-016
  4.577700000000001E-008 -1.744022105976802E-016
  4.578000000000001E-008 -1.743266923178716E-016
  4.578300000000001E-008 -1.742512060780627E-016
  4.578600000000001E-008 -1.741757518782542E-016
  4.578900000000001E-008 -1.741003457384451E-016
  4.579200000000001E-008 -1.740249716386363E-016
  4.579500000000001E-008 -1.739496455988266E-016
  4.579800000000001E-008 -1.738743355790175E-016
  4.580100000000001E-008 -1.737990896392078E-016
  4.580400000000001E-008 -1.737238597193980E-016
  4.580700000000001E-008 -1.736486778595882E-016
  4.581000000000001E-008 -1.735735280397781E-016
  4.581300000000001E-008 -1.734984262799679E-016
  4.581600000000001E-008 -1.734984262767191E-016
  4.581900000000001E-008 -1.734233565569087E-016
  4.582200000000001E-008 -1.733483188770999E-016
  4.582500000000001E-008 -1.732733292572904E-016
  4.582800000000001E-008 -1.731983716774806E-016
  4.583100000000001E-008 -1.731234461376712E-016
  4.583400000000001E-008 -1.730485686578613E-016
  4.583700000000001E-008 -1.729737232180510E-016
  4.584000000000001E-008 -1.728989098182412E-016
  4.584300000000001E-008 -1.728241444784307E-016
  4.584600000000001E-008 -1.727494111786201E-016
  4.584900000000001E-008 -1.726747099188096E-016
  4.585200000000001E-008 -1.726000567189988E-016
  4.585500000000001E-008 -1.725254355591877E-016
  4.585800000000001E-008 -1.724508464393767E-016
  4.586100000000001E-008 -1.723763053795654E-016
  4.586400000000001E-008 -1.723017963597540E-016
  4.586700000000001E-008 -1.722273193799424E-016
  4.587000000000001E-008 -1.722273193767165E-016
  4.587300000000001E-008 -1.721528904569058E-016
  4.587600000000001E-008 -1.720784935770950E-016
  4.587900000000001E-008 -1.720041287372846E-016
  4.588200000000001E-008 -1.719298119574736E-016
  4.588500000000001E-008 -1.718555272176622E-016
  4.588800000000001E-008 -1.717812745178514E-016
  4.589100000000001E-008 -1.717070698780394E-016
  4.589400000000001E-008 -1.716328812582285E-016
  4.589700000000001E-008 -1.715587567184164E-016
  4.590000000000001E-008 -1.714846481986046E-016
  4.590300000000001E-008 -1.714105877387927E-016
  4.590600000000001E-008 -1.713365593189803E-016
  4.590900000000001E-008 -1.712625629391681E-016
  4.591200000000001E-008 -1.711886146193555E-016
  4.591500000000001E-008 -1.711146983395431E-016
  4.591800000000001E-008 -1.710408301197302E-016
  4.592100000000001E-008 -1.709669779199172E-016
  4.592400000000001E-008 -1.709669779167146E-016
  4.592700000000001E-008 -1.708931737769026E-016
  4.593000000000001E-008 -1.708194016770911E-016
  4.593300000000001E-008 -1.707456776372788E-016
  4.593600000000001E-008 -1.706719856374662E-016
  4.593900000000001E-008 -1.705983256776543E-016
  4.594200000000001E-008 -1.705247137778410E-016
  4.594500000000001E-008 -1.704511178980285E-016
  4.594800000000001E-008 -1.703775700782160E-016
  4.595100000000001E-008 -1.703040703184024E-016
  4.595400000000001E-008 -1.702305865785894E-016
  4.595700000000001E-008 -1.701571508987759E-016
  4.596000000000001E-008 -1.700837472589626E-016
  4.596300000000001E-008 -1.700103916791488E-016
  4.596600000000001E-008 -1.699370681393351E-016
  4.596900000000001E-008 -1.698637766395209E-016
  4.597200000000001E-008 -1.697905171797067E-016
  4.597500000000001E-008 -1.697173057798924E-016
  4.597800000000001E-008 -1.697173057767132E-016
  4.598100000000001E-008 -1.696441264168998E-016
  4.598400000000001E-008 -1.695709790970863E-016
  4.598700000000001E-008 -1.694978638172733E-016
  4.599000000000001E-008 -1.694247965974595E-016
  4.599300000000001E-008 -1.693517614176455E-016
  4.599600000000001E-008 -1.692787582778320E-016
  4.599900000000001E-008 -1.692058031980177E-016
  4.600200000000001E-008 -1.691328801582034E-016
  4.600500000000001E-008 -1.690599891583888E-016
  4.600800000000001E-008 -1.689871301985745E-016
  4.601100000000001E-008 -1.689143192987597E-016
  4.601400000000001E-008 -1.688415404389447E-016
  4.601700000000001E-008 -1.687687936191299E-016
  4.602000000000001E-008 -1.686960788393146E-016
  4.602300000000001E-008 -1.686234121194992E-016
  4.602600000000001E-008 -1.685507774396837E-016
  4.602900000000001E-008 -1.684781747998680E-016
  4.603200000000001E-008 -1.684781747967123E-016
  4.603500000000001E-008 -1.684056202168976E-016
  4.603800000000001E-008 -1.683330976770827E-016
  4.604100000000001E-008 -1.682606071772677E-016
  4.604400000000001E-008 -1.681881487174526E-016
  4.604700000000001E-008 -1.681157222976378E-016
  4.605000000000001E-008 -1.680433439378225E-016
  4.605300000000001E-008 -1.679709976180068E-016
  4.605600000000001E-008 -1.678986833381915E-016
  4.605900000000001E-008 -1.678264171183757E-016
  4.606200000000001E-008 -1.677541829385597E-016
  4.606500000000001E-008 -1.676819807987436E-016
  4.606800000000001E-008 -1.676098106989272E-016
  4.607100000000001E-008 -1.675376726391113E-016
  4.607400000000001E-008 -1.674655826392946E-016
  4.607700000000001E-008 -1.673935246794777E-016
  4.608000000000001E-008 -1.673214987596610E-016
  4.608300000000001E-008 -1.672495208998439E-016
  4.608600000000001E-008 -1.672495208967110E-016
  4.608900000000001E-008 -1.671775750768942E-016
  4.609200000000001E-008 -1.671056452770795E-016
  4.609500000000001E-008 -1.670337795572625E-016
  4.609800000000001E-008 -1.669619298574466E-016
  4.610100000000001E-008 -1.668901282176300E-016
  4.610400000000001E-008 -1.668183586178133E-016
  4.610700000000001E-008 -1.667466210579963E-016
  4.611000000000001E-008 -1.666749155381798E-016
  4.611300000000001E-008 -1.666032580783623E-016
  4.611600000000001E-008 -1.665316166385451E-016
  4.611900000000001E-008 -1.664600232587280E-016
  4.612200000000001E-008 -1.663884779389106E-016
  4.612500000000001E-008 -1.663169486390927E-016
  4.612800000000001E-008 -1.662454673992748E-016
  4.613100000000001E-008 -1.661740181994567E-016
  4.613400000000001E-008 -1.661026010396385E-016
  4.613700000000001E-008 -1.660312159198202E-016
  4.614000000000001E-008 -1.660312159167102E-016
  4.614300000000001E-008 -1.659598788568929E-016
  4.614600000000001E-008 -1.658885738370754E-016
  4.614900000000001E-008 -1.658173008572578E-016
  4.615200000000001E-008 -1.657460599174399E-016
  4.615500000000001E-008 -1.656748510176226E-016
  4.615800000000001E-008 -1.656036901778045E-016
  4.616100000000001E-008 -1.655325613779864E-016
  4.616400000000001E-008 -1.654614646181679E-016
  4.616700000000001E-008 -1.653903998983499E-016
  4.617000000000001E-008 -1.653193832385308E-016
  4.617300000000001E-008 -1.652483825987127E-016
  4.617600000000001E-008 -1.651774300188937E-016
  4.617900000000001E-008 -1.651065094790744E-016
  4.618200000000001E-008 -1.650356209792554E-016
  4.618500000000001E-008 -1.649647805394361E-016
  4.618800000000001E-008 -1.648939721396165E-016
  4.619100000000001E-008 -1.648231797597969E-016
  4.619400000000001E-008 -1.647524514599771E-016
  4.619700000000001E-008 -1.647524514568904E-016
  4.620000000000001E-008 -1.646817391770716E-016
  4.620300000000001E-008 -1.646110589372534E-016
  4.620600000000001E-008 -1.645404267574343E-016
  4.620900000000001E-008 -1.644698266176151E-016
  4.621200000000001E-008 -1.643992585177957E-016
  4.621500000000001E-008 -1.643287224579761E-016
  4.621800000000001E-008 -1.642582184381570E-016
  4.622100000000001E-008 -1.641877624783371E-016
  4.622400000000001E-008 -1.641173385585177E-016
  4.622700000000001E-008 -1.640469466786973E-016
  4.623000000000001E-008 -1.639765868388769E-016
  4.623300000000001E-008 -1.639062590390567E-016
  4.623600000000001E-008 -1.638359792992363E-016
  4.623900000000001E-008 -1.637657315994155E-016
  4.624200000000001E-008 -1.636954999195948E-016
  4.624500000000001E-008 -1.636253162997740E-016
  4.624800000000001E-008 -1.635551807399528E-016
  4.625100000000001E-008 -1.635551807368885E-016
  4.625400000000001E-008 -1.634850611970691E-016
  4.625700000000001E-008 -1.634149897172482E-016
  4.626000000000001E-008 -1.633449342574284E-016
  4.626300000000001E-008 -1.632749268576078E-016
  4.626600000000001E-008 -1.632049514977878E-016
  4.626900000000001E-008 -1.631350241979665E-016
  4.627200000000001E-008 -1.630651129181459E-016
  4.627500000000001E-008 -1.629952496983250E-016
  4.627800000000001E-008 -1.629254024985037E-016
  4.628100000000001E-008 -1.628556033586822E-016
  4.628400000000001E-008 -1.627858362588610E-016
  4.628700000000001E-008 -1.627161172190391E-016
  4.629000000000001E-008 -1.626464141992175E-016
  4.629300000000001E-008 -1.625767592393955E-016
  4.629600000000001E-008 -1.625071202995734E-016
  4.629900000000001E-008 -1.624375294197512E-016
  4.630200000000001E-008 -1.623679705799289E-016
  4.630500000000001E-008 -1.623679705768876E-016
  4.630800000000001E-008 -1.622984597970655E-016
  4.631100000000001E-008 -1.622289650372440E-016
  4.631400000000001E-008 -1.621595023174230E-016
  4.631700000000001E-008 -1.620900876576012E-016
  4.632000000000001E-008 -1.620207050377793E-016
  4.632300000000001E-008 -1.619513544579571E-016
  4.632600000000001E-008 -1.618820359181356E-016
  4.632900000000001E-008 -1.618127494183126E-016
  4.633200000000001E-008 -1.617434949584903E-016
  4.633500000000001E-008 -1.616742885586679E-016
  4.633800000000001E-008 -1.616051141988447E-016
  4.634100000000001E-008 -1.615359558590220E-016
  4.634400000000001E-008 -1.614668455791989E-016
  4.634700000000001E-008 -1.613977673393759E-016
  4.635000000000001E-008 -1.613287371595524E-016
  4.635300000000001E-008 -1.612597229997289E-016
  4.635600000000001E-008 -1.611907568999053E-016
  4.635900000000001E-008 -1.611907568968850E-016
  4.636200000000001E-008 -1.611218068170630E-016
  4.636500000000001E-008 -1.610529047972403E-016
  4.636800000000001E-008 -1.609840348174173E-016
  4.637100000000001E-008 -1.609151968775943E-016
  4.637400000000001E-008 -1.608463909777709E-016
  4.637700000000001E-008 -1.607776171179489E-016
  4.638000000000001E-008 -1.607088913181244E-016
  4.638300000000001E-008 -1.606401815383009E-016
  4.638600000000001E-008 -1.605715198184773E-016
  4.638900000000001E-008 -1.605028901386533E-016
  4.639200000000001E-008 -1.604342924988293E-016
  4.639500000000001E-008 -1.603657268990051E-016
  4.639800000000001E-008 -1.602971933391807E-016
  4.640100000000001E-008 -1.602286918193563E-016
  4.640400000000001E-008 -1.601602303495317E-016
  4.640700000000001E-008 -1.600918009197069E-016
  4.641000000000001E-008 -1.600234051318820E-016
  4.641300000000001E-008 -1.600234051288841E-016
  4.641600000000001E-008 -1.599550445850602E-016
  4.641900000000001E-008 -1.598867160812363E-016
  4.642200000000001E-008 -1.598184228214122E-016
  4.642500000000001E-008 -1.597501632035877E-016
  4.642800000000001E-008 -1.596819356257642E-016
  4.643100000000001E-008 -1.596137432919390E-016
  4.643400000000001E-008 -1.595455846001142E-016
  4.643700000000001E-008 -1.594774595502894E-016
  4.644000000000001E-008 -1.594093681424643E-016
  4.644300000000001E-008 -1.593413103766392E-016
  4.644600000000001E-008 -1.592732862528140E-016
  4.644900000000001E-008 -1.592052973729885E-016
  4.645200000000001E-008 -1.591373405331629E-016
  4.645500000000001E-008 -1.590694173353372E-016
  4.645800000000001E-008 -1.590015277795113E-016
  4.646100000000001E-008 -1.589336718656853E-016
  4.646400000000001E-008 -1.588658495938591E-016
  4.646700000000001E-008 -1.588658495908828E-016
  4.647000000000001E-008 -1.587980609610577E-016
  4.647300000000001E-008 -1.587303059732326E-016
  4.647600000000001E-008 -1.586625846274071E-016
  4.647900000000001E-008 -1.585948969235823E-016
  4.648200000000001E-008 -1.585272412597560E-016
  4.648500000000001E-008 -1.584596208399301E-016
  4.648800000000001E-008 -1.583920324601042E-016
  4.649100000000001E-008 -1.583244793242780E-016
  4.649400000000001E-008 -1.582569582284518E-016
  4.649700000000001E-008 -1.581894707746254E-016
  4.650000000000001E-008 -1.581220169627988E-016
  4.650300000000001E-008 -1.580545951909722E-016
  4.650600000000001E-008 -1.579872086631453E-016
  4.650900000000001E-008 -1.579198541753184E-016
  4.651200000000001E-008 -1.578525333294912E-016
  4.651500000000001E-008 -1.577852461256640E-016
  4.651800000000001E-008 -1.577179909618366E-016
  4.652100000000001E-008 -1.577179909588817E-016
  4.652400000000001E-008 -1.576507694370555E-016
  4.652700000000001E-008 -1.575835831592289E-016
  4.653000000000001E-008 -1.575164273194023E-016
  4.653300000000001E-008 -1.574493067235763E-016
  4.653600000000001E-008 -1.573822181677487E-016
  4.653900000000001E-008 -1.573151632539215E-016
  4.654200000000001E-008 -1.572481403800944E-016
  4.654500000000001E-008 -1.571811527502669E-016
  4.654800000000001E-008 -1.571141955584395E-016
  4.655100000000001E-008 -1.570472736106118E-016
  4.655400000000001E-008 -1.569803837027841E-016
  4.655700000000001E-008 -1.569135274369561E-016
  4.656000000000001E-008 -1.568467032111280E-016
  4.656300000000001E-008 -1.567799126272998E-016
  4.656600000000001E-008 -1.567131556854714E-016
  4.656900000000001E-008 -1.566464307836430E-016
  4.657200000000001E-008 -1.565797395238143E-016
  4.657500000000001E-008 -1.565130803039856E-016
  4.657800000000001E-008 -1.565130803010533E-016
  4.658100000000001E-008 -1.564464547232255E-016
  4.658400000000001E-008 -1.563798611853985E-016
  4.658700000000001E-008 -1.563133012895697E-016
  4.659000000000001E-008 -1.562467750357415E-016
  4.659300000000001E-008 -1.561802808219131E-016
  4.659600000000001E-008 -1.561138186480847E-016
  4.659900000000001E-008 -1.560473901162561E-016
  4.660200000000001E-008 -1.559809936244274E-016
  4.660500000000001E-008 -1.559146307745985E-016
  4.660800000000001E-008 -1.558482999647695E-016
  4.661100000000001E-008 -1.557820027969404E-016
  4.661400000000001E-008 -1.557157376691110E-016
  4.661700000000001E-008 -1.556495045812816E-016
  4.662000000000001E-008 -1.555833051354520E-016
  4.662300000000001E-008 -1.555171393316223E-016
  4.662600000000001E-008 -1.554510039657924E-016
  4.662900000000001E-008 -1.553849022419624E-016
  4.663200000000001E-008 -1.553849022390513E-016
  4.663500000000001E-008 -1.553188341572231E-016
  4.663800000000001E-008 -1.552527965133932E-016
  4.664100000000001E-008 -1.551867925115640E-016
  4.664400000000001E-008 -1.551208221517345E-016
  4.664700000000001E-008 -1.550548822299050E-016
  4.665000000000001E-008 -1.549889759500754E-016
  4.665300000000001E-008 -1.549231033122455E-016
  4.665600000000001E-008 -1.548572611124156E-016
  4.665900000000001E-008 -1.547914525545855E-016
  4.666200000000001E-008 -1.547256760367552E-016
  4.666500000000001E-008 -1.546599315589249E-016
  4.666800000000001E-008 -1.545942207230943E-016
  4.667100000000001E-008 -1.545285403252637E-016
  4.667400000000001E-008 -1.544628935694329E-016
  4.667700000000001E-008 -1.543972804556019E-016
  4.668000000000001E-008 -1.543316977797708E-016
  4.668300000000001E-008 -1.542661471439396E-016
  4.668600000000001E-008 -1.542661471410504E-016
  4.668900000000001E-008 -1.542006301472193E-016
  4.669200000000001E-008 -1.541351451933889E-016
  4.669500000000001E-008 -1.540696922795584E-016
  4.669800000000001E-008 -1.540042714057278E-016
  4.670100000000001E-008 -1.539388825718971E-016
  4.670400000000001E-008 -1.538735257780662E-016
  4.670700000000001E-008 -1.538082026262351E-016
  4.671000000000001E-008 -1.537429099124040E-016
  4.671300000000001E-008 -1.536776508405727E-016
  4.671600000000001E-008 -1.536124222067412E-016
  4.671900000000001E-008 -1.535472272149096E-016
  4.672200000000001E-008 -1.534820642630779E-016
  4.672500000000001E-008 -1.534169333512460E-016
  4.672800000000001E-008 -1.533518328774140E-016
  4.673100000000001E-008 -1.532867660455818E-016
  4.673400000000001E-008 -1.532217312537496E-016
  4.673700000000001E-008 -1.531567285019172E-016
  4.674000000000001E-008 -1.531567284990477E-016
  4.674300000000001E-008 -1.530917561852163E-016
  4.674600000000001E-008 -1.530268175133848E-016
  4.674900000000001E-008 -1.529619108815531E-016
  4.675200000000001E-008 -1.528970346877213E-016
  4.675500000000001E-008 -1.528321921358893E-016
  4.675800000000001E-008 -1.527673800220573E-016
  4.676100000000001E-008 -1.527026015502250E-016
  4.676400000000001E-008 -1.526378535163926E-016
  4.676700000000001E-008 -1.525731375225601E-016
  4.677000000000001E-008 -1.525084535687274E-016
  4.677300000000001E-008 -1.524438016548947E-016
  4.677600000000001E-008 -1.523791817810617E-016
  4.677900000000001E-008 -1.523145923452287E-016
  4.678200000000001E-008 -1.522500365513954E-016
  4.678500000000001E-008 -1.521855111955622E-016
  4.678800000000001E-008 -1.521210178797287E-016
  4.679100000000001E-008 -1.520565566038950E-016
  4.679400000000001E-008 -1.520565566010463E-016
  4.679700000000001E-008 -1.519921273652136E-016
  4.680000000000001E-008 -1.519277285673809E-016
  4.680300000000001E-008 -1.518633618095480E-016
  4.680600000000001E-008 -1.517990270917150E-016
  4.680900000000001E-008 -1.517347244138818E-016
  4.681200000000001E-008 -1.516704521740485E-016
  4.681500000000001E-008 -1.516062119742151E-016
  4.681800000000001E-008 -1.515420038143815E-016
  4.682100000000001E-008 -1.514778276945478E-016
  4.682400000000001E-008 -1.514136820127139E-016
  4.682700000000001E-008 -1.513495683708800E-016
  4.683000000000001E-008 -1.512854867690459E-016
  4.683300000000001E-008 -1.512214356052115E-016
  4.683600000000001E-008 -1.511574164813773E-016
  4.683900000000001E-008 -1.510934277955427E-016
  4.684200000000001E-008 -1.510294727517080E-016
  4.684500000000001E-008 -1.509655465438732E-016
  4.684800000000001E-008 -1.509655465410449E-016
  4.685100000000001E-008 -1.509016539752111E-016
  4.685400000000001E-008 -1.508377918473771E-016
  4.685700000000001E-008 -1.507739601575431E-016
  4.686000000000001E-008 -1.507101621097088E-016
  4.686300000000001E-008 -1.506463928978745E-016
  4.686600000000001E-008 -1.505826573280400E-016
  4.686900000000001E-008 -1.505189505942054E-016
  4.687200000000001E-008 -1.504552775023706E-016
  4.687500000000001E-008 -1.503916348485357E-016
  4.687800000000001E-008 -1.503280226327007E-016
  4.688100000000001E-008 -1.502644424568656E-016
  4.688400000000001E-008 -1.502008927190302E-016
  4.688700000000001E-008 -1.501373750211950E-016
  4.689000000000001E-008 -1.500738877613593E-016
  4.689300000000001E-008 -1.500104325415235E-016
  4.689600000000001E-008 -1.499470077596876E-016
  4.689900000000001E-008 -1.498836150178516E-016
  4.690200000000001E-008 -1.498836150150437E-016
  4.690500000000001E-008 -1.498202527112086E-016
  4.690800000000001E-008 -1.497569208453735E-016
  4.691100000000001E-008 -1.496936210195383E-016
  4.691400000000001E-008 -1.496303516317029E-016
  4.691700000000001E-008 -1.495671142838674E-016
  4.692000000000001E-008 -1.495039073740317E-016
  4.692300000000001E-008 -1.494407309021959E-016
  4.692600000000001E-008 -1.493775864703600E-016
  4.692900000000001E-008 -1.493144724765239E-016
  4.693200000000001E-008 -1.492513905226877E-016
  4.693500000000001E-008 -1.491883374048512E-016
  4.693800000000001E-008 -1.491253163270152E-016
  4.694100000000001E-008 -1.490623272891784E-016
  4.694400000000001E-008 -1.489993670873415E-016
  4.694700000000001E-008 -1.489364389255047E-016
  4.695000000000001E-008 -1.488735412016676E-016
  4.695300000000001E-008 -1.488106739158305E-016
  4.695600000000001E-008 -1.487478386699932E-016
  4.695900000000001E-008 -1.487478386672065E-016
  4.696200000000001E-008 -1.486850338593701E-016
  4.696500000000001E-008 -1.486222594895337E-016
  4.696800000000001E-008 -1.485595155576972E-016
  4.697100000000001E-008 -1.484968036658604E-016
  4.697400000000001E-008 -1.484341206100236E-016
  4.697700000000001E-008 -1.483714695941867E-016
  4.698000000000001E-008 -1.483088490163495E-016
  4.698300000000001E-008 -1.482462588765123E-016
  4.698600000000001E-008 -1.481837007766750E-016
  4.698900000000001E-008 -1.481211715128374E-016
  4.699200000000001E-008 -1.480586742890001E-016
  4.699500000000001E-008 -1.479962059011621E-016
  4.699800000000001E-008 -1.479337695533241E-016
  4.700100000000001E-008 -1.478713636434861E-016
  4.700400000000001E-008 -1.478089881716479E-016
  4.700700000000001E-008 -1.477466431378096E-016
  4.701000000000001E-008 -1.476843285419711E-016
  4.701300000000001E-008 -1.476843285392044E-016
  4.701600000000001E-008 -1.476220459833669E-016
  4.701900000000001E-008 -1.475597922635293E-016
  4.702200000000001E-008 -1.474975689816916E-016
  4.702500000000001E-008 -1.474353761378537E-016
  4.702800000000001E-008 -1.473732153340157E-016
  4.703100000000001E-008 -1.473110833661776E-016
  4.703400000000001E-008 -1.472489818363393E-016
  4.703700000000001E-008 -1.471869107445010E-016
  4.704000000000001E-008 -1.471248716926623E-016
  4.704300000000001E-008 -1.470628614768241E-016
  4.704600000000001E-008 -1.470008816989851E-016
  4.704900000000001E-008 -1.469389323591460E-016
  4.705200000000001E-008 -1.468770134573070E-016
  4.705500000000001E-008 -1.468151249934678E-016
  4.705800000000001E-008 -1.467532669676284E-016
  4.706100000000001E-008 -1.466914377777890E-016
  4.706400000000001E-008 -1.466296406279494E-016
  4.706700000000001E-008 -1.466296406252024E-016
  4.707000000000001E-008 -1.465678723113639E-016
  4.707300000000001E-008 -1.465061360375251E-016
  4.707600000000001E-008 -1.464444285996862E-016
  4.707900000000001E-008 -1.463827515998472E-016
  4.708200000000001E-008 -1.463211050380081E-016
  4.708500000000001E-008 -1.462594889141687E-016
  4.708800000000001E-008 -1.461979016263294E-016
  4.709100000000001E-008 -1.461363463784897E-016
  4.709400000000001E-008 -1.460748199666506E-016
  4.709700000000001E-008 -1.460133239928104E-016
  4.710000000000001E-008 -1.459518568549704E-016
  4.710300000000001E-008 -1.458904217571303E-016
  4.710600000000001E-008 -1.458290154952901E-016
  4.710900000000001E-008 -1.457676396714498E-016
  4.711200000000001E-008 -1.457062942856093E-016
  4.711500000000001E-008 -1.456449777357688E-016
  4.711800000000001E-008 -1.455836916239280E-016
  4.712100000000001E-008 -1.455836916212007E-016
  4.712400000000001E-008 -1.455224359473609E-016
  4.712700000000001E-008 -1.454612091095210E-016
  4.713000000000001E-008 -1.454000127096810E-016
  4.713300000000001E-008 -1.453388467478409E-016
  4.713600000000001E-008 -1.452777112240005E-016
  4.713900000000001E-008 -1.452166045361602E-016
  4.714200000000001E-008 -1.451555282863195E-016
  4.714500000000001E-008 -1.450944808724794E-016
  4.714800000000001E-008 -1.450334638966382E-016
  4.715100000000001E-008 -1.449724773587971E-016
  4.715400000000001E-008 -1.449115196569561E-016
  4.715700000000001E-008 -1.448505923931149E-016
  4.716000000000001E-008 -1.447896939652735E-016
  4.716300000000001E-008 -1.447288259754321E-016
  4.716600000000001E-008 -1.446679884235905E-016
  4.716900000000001E-008 -1.446071797077487E-016
  4.717200000000001E-008 -1.445464014299069E-016
  4.717500000000001E-008 -1.445464014271990E-016
  4.717800000000001E-008 -1.444856519853582E-016
  4.718100000000001E-008 -1.444249329815171E-016
  4.718400000000001E-008 -1.443642428136759E-016
  4.718700000000001E-008 -1.443035814818347E-016
  4.719000000000001E-008 -1.442429521899933E-016
  4.719300000000001E-008 -1.441823501321516E-016
  4.719600000000001E-008 -1.441217785123106E-016
  4.719900000000001E-008 -1.440612373304683E-016
  4.720200000000001E-008 -1.440007249846262E-016
  4.720500000000001E-008 -1.439402414747842E-016
  4.720800000000001E-008 -1.438797884029420E-016
  4.721100000000001E-008 -1.438193657690997E-016
  4.721400000000001E-008 -1.437589703692572E-016
  4.721700000000001E-008 -1.436986054074146E-016
  4.722000000000001E-008 -1.436382708835719E-016
  4.722300000000001E-008 -1.435779651957291E-016
  4.722600000000001E-008 -1.435176883438861E-016
  4.722900000000001E-008 -1.435176883411976E-016
  4.723200000000001E-008 -1.434574419273555E-016
  4.723500000000001E-008 -1.433972227475134E-016
  4.723800000000001E-008 -1.433370356076710E-016
  4.724100000000001E-008 -1.432768757018287E-016
  4.724400000000001E-008 -1.432167462339860E-016
  4.724700000000001E-008 -1.431566456021441E-016
  4.725000000000001E-008 -1.430965754083007E-016
  4.725300000000001E-008 -1.430365340504577E-016
  4.725600000000001E-008 -1.429765215286147E-016
  4.725900000000001E-008 -1.429165378427715E-016
  4.726200000000001E-008 -1.428565845949282E-016
  4.726500000000001E-008 -1.427966601830847E-016
  4.726800000000001E-008 -1.427367646072412E-016
  4.727100000000001E-008 -1.426768978673975E-016
  4.727400000000001E-008 -1.426170615655536E-016
  4.727700000000001E-008 -1.425572524977097E-016
  4.728000000000001E-008 -1.424974738678656E-016
  4.728300000000001E-008 -1.424974738651962E-016
  4.728600000000001E-008 -1.424377240713531E-016
  4.728900000000001E-008 -1.423780047155097E-016
  4.729200000000001E-008 -1.423183125936664E-016
  4.729500000000001E-008 -1.422586509098228E-016
  4.729800000000001E-008 -1.421990164599799E-016
  4.730100000000001E-008 -1.421394124481355E-016
  4.730400000000001E-008 -1.420798372722916E-016
  4.730700000000001E-008 -1.420202925344475E-016
  4.731000000000001E-008 -1.419607750306033E-016
  4.731300000000001E-008 -1.419012863627591E-016
  4.731600000000001E-008 -1.418418281329146E-016
  4.731900000000001E-008 -1.417823971370701E-016
  4.732200000000001E-008 -1.417229965792254E-016
  4.732500000000001E-008 -1.416636232553806E-016
  4.732800000000001E-008 -1.416042803695356E-016
  4.733100000000001E-008 -1.415449663196906E-016
  4.733400000000001E-008 -1.414856795038454E-016
  4.733700000000001E-008 -1.414856795011950E-016
  4.734000000000001E-008 -1.414264231233508E-016
  4.734300000000001E-008 -1.413671955815064E-016
  4.734600000000001E-008 -1.413079968756617E-016
  4.734900000000001E-008 -1.412488254038180E-016
  4.735200000000001E-008 -1.411896843699726E-016
  4.735500000000001E-008 -1.411305721721276E-016
  4.735800000000001E-008 -1.410714888102826E-016
  4.736100000000001E-008 -1.410124326824374E-016
  4.736400000000001E-008 -1.409534069925921E-016
  4.736700000000001E-008 -1.408944085367468E-016
  4.737000000000001E-008 -1.408354405189013E-016
  4.737300000000001E-008 -1.407764997350556E-016
  4.737600000000001E-008 -1.407175877872098E-016
  4.737900000000001E-008 -1.406587046753640E-016
  4.738200000000001E-008 -1.405998503995179E-016
  4.738500000000001E-008 -1.405410249596718E-016
  4.738800000000001E-008 -1.404822283558255E-016
  4.739100000000001E-008 -1.404234589859791E-016
  4.739400000000001E-008 -1.404234589833486E-016
  4.739700000000001E-008 -1.403647200515031E-016
  4.740000000000001E-008 -1.403060083536575E-016
  4.740300000000001E-008 -1.402473254918125E-016
  4.740600000000001E-008 -1.401886714659660E-016
  4.740900000000001E-008 -1.401300462761199E-016
  4.741200000000001E-008 -1.400714483202738E-016
  4.741500000000001E-008 -1.400128792004276E-016
  4.741800000000001E-008 -1.399543389165813E-016
  4.742100000000001E-008 -1.398958274687348E-016
  4.742400000000001E-008 -1.398373448568882E-016
  4.742700000000001E-008 -1.397788894790414E-016
  4.743000000000001E-008 -1.397204629371946E-016
  4.743300000000001E-008 -1.396620652313476E-016
  4.743600000000001E-008 -1.396036947595005E-016
  4.743900000000001E-008 -1.395453531236532E-016
  4.744200000000001E-008 -1.394870403238059E-016
  4.744500000000001E-008 -1.394287563599584E-016
  4.744800000000001E-008 -1.394287563573466E-016
  4.745100000000001E-008 -1.393704996275000E-016
  4.745400000000001E-008 -1.393122717336541E-016
  4.745700000000001E-008 -1.392540726758065E-016
  4.746000000000001E-008 -1.391959008519596E-016
  4.746300000000001E-008 -1.391377578641125E-016
  4.746600000000001E-008 -1.390796421102653E-016
  4.746900000000001E-008 -1.390215551924180E-016
  4.747200000000001E-008 -1.389634971105705E-016
  4.747500000000001E-008 -1.389054662627230E-016
  4.747800000000001E-008 -1.388474642508753E-016
  4.748100000000001E-008 -1.387894910750275E-016
  4.748400000000001E-008 -1.387315451331795E-016
  4.748700000000001E-008 -1.386736264253315E-016
  4.749000000000001E-008 -1.386157365534833E-016
  4.749300000000001E-008 -1.385578755176350E-016
  4.749600000000001E-008 -1.385000417157865E-016
  4.749900000000001E-008 -1.384422367499380E-016
  4.750200000000001E-008 -1.384422367473447E-016
  4.750500000000001E-008 -1.383844590154979E-016
  4.750800000000001E-008 -1.383267101196493E-016
  4.751100000000001E-008 -1.382689884578014E-016
  4.751400000000001E-008 -1.382112956319533E-016
  4.751700000000001E-008 -1.381536300401052E-016
  4.752000000000001E-008 -1.380959932842570E-016
  4.752300000000001E-008 -1.380383837624086E-016
  4.752600000000001E-008 -1.379808030765601E-016
  4.752900000000001E-008 -1.379232496247114E-016
  4.753200000000001E-008 -1.378657234068627E-016
  4.753500000000001E-008 -1.378082260250138E-016
  4.753800000000001E-008 -1.377507558771648E-016
  4.754100000000001E-008 -1.376933145653156E-016
  4.754400000000001E-008 -1.376359004874664E-016
  4.754700000000001E-008 -1.375785152456170E-016
  4.755000000000001E-008 -1.375211556357675E-016
  4.755300000000001E-008 -1.374638264639179E-016
  4.755600000000001E-008 -1.374638264613438E-016
  4.755900000000001E-008 -1.374065229214943E-016
  4.756200000000001E-008 -1.373492482176454E-016
  4.756500000000001E-008 -1.372920007477965E-016
  4.756800000000001E-008 -1.372347821139474E-016
  4.757100000000001E-008 -1.371775907140981E-016
  4.757400000000001E-008 -1.371204265482488E-016
  4.757700000000001E-008 -1.370632896163994E-016
  4.758000000000001E-008 -1.370061815205498E-016
  4.758300000000001E-008 -1.369491006587001E-016
  4.758600000000001E-008 -1.368920470308503E-016
  4.758900000000001E-008 -1.368350222390003E-016
  4.759200000000001E-008 -1.367780246811502E-016
  4.759500000000001E-008 -1.367210543573000E-016
  4.759800000000001E-008 -1.366641112674497E-016
  4.760100000000001E-008 -1.366071954115993E-016
  4.760400000000001E-008 -1.365503083917488E-016
  4.760700000000001E-008 -1.364934486058981E-016
  4.761000000000001E-008 -1.364934486033414E-016
  4.761300000000001E-008 -1.364366160514916E-016
  4.761600000000001E-008 -1.363798107336417E-016
  4.761900000000001E-008 -1.363230342517916E-016
  4.762200000000001E-008 -1.362662834019415E-016
  4.762500000000001E-008 -1.362095613880913E-016
  4.762800000000001E-008 -1.361528666082409E-016
  4.763100000000001E-008 -1.360961990623903E-016
  4.763400000000001E-008 -1.360395587505397E-016
  4.763700000000001E-008 -1.359829472746889E-016
  4.764000000000001E-008 -1.359263614308381E-016
  4.764300000000001E-008 -1.358698044229870E-016
  4.764600000000001E-008 -1.358132730471359E-016
  4.764900000000001E-008 -1.357567705072847E-016
  4.765200000000001E-008 -1.357002935994333E-016
  4.765500000000001E-008 -1.356438455275819E-016
  4.765800000000001E-008 -1.355874246897303E-016
  4.766100000000001E-008 -1.355310310858785E-016
  4.766400000000001E-008 -1.355310310833399E-016
  4.766700000000001E-008 -1.354746647134891E-016
  4.767000000000001E-008 -1.354183255776382E-016
  4.767300000000001E-008 -1.353620136757870E-016
  4.767600000000001E-008 -1.353057290079359E-016
  4.767900000000001E-008 -1.352494715740845E-016
  4.768200000000001E-008 -1.351932413742331E-016
  4.768500000000001E-008 -1.351370384083815E-016
  4.768800000000001E-008 -1.350808626765298E-016
  4.769100000000001E-008 -1.350247125766780E-016
  4.769400000000001E-008 -1.349685913128261E-016
  4.769700000000001E-008 -1.349124972829741E-016
  4.770000000000001E-008 -1.348564304871219E-016
  4.770300000000001E-008 -1.348003893232695E-016
  4.770600000000001E-008 -1.347443769954173E-016
  4.770900000000001E-008 -1.346883902995647E-016
  4.771200000000001E-008 -1.346324324397120E-016
  4.771500000000001E-008 -1.345765002118592E-016
  4.771800000000001E-008 -1.345765002093386E-016
  4.772100000000001E-008 -1.345205952154868E-016
  4.772400000000001E-008 -1.344647174556348E-016
  4.772700000000001E-008 -1.344088669297826E-016
  4.773000000000001E-008 -1.343530420359304E-016
  4.773300000000001E-008 -1.342972459780780E-016
  4.773600000000001E-008 -1.342414755522255E-016
  4.773900000000001E-008 -1.341857323603729E-016
  4.774200000000001E-008 -1.341300164025202E-016
  4.774500000000001E-008 -1.340743276786673E-016
  4.774800000000001E-008 -1.340186661888143E-016
  4.775100000000001E-008 -1.339630303309613E-016
  4.775400000000001E-008 -1.339074217071080E-016
  4.775700000000001E-008 -1.338518403172550E-016
  4.776000000000001E-008 -1.337962861614014E-016
  4.776300000000001E-008 -1.337407576375477E-016
  4.776600000000001E-008 -1.336852563476941E-016
  4.776900000000001E-008 -1.336297822918402E-016
  4.777200000000001E-008 -1.335743354699863E-016
  4.777500000000001E-008 -1.335743354674845E-016
  4.777800000000001E-008 -1.335189142776315E-016
  4.778100000000001E-008 -1.334635203217783E-016
  4.778400000000001E-008 -1.334081535999250E-016
  4.778700000000001E-008 -1.333528125100716E-016
  4.779000000000001E-008 -1.332974986542181E-016
  4.779300000000001E-008 -1.332422120323644E-016
  4.779600000000001E-008 -1.331869510425107E-016
  4.779900000000001E-008 -1.331317172866568E-016
  4.780200000000001E-008 -1.330765107648028E-016
  4.780500000000001E-008 -1.330213298749486E-016
  4.780800000000001E-008 -1.329661762190948E-016
  4.781100000000001E-008 -1.329110497972402E-016
  4.781400000000001E-008 -1.328559490073856E-016
  4.781700000000001E-008 -1.328008738495311E-016
  4.782000000000001E-008 -1.327458275276764E-016
  4.782300000000001E-008 -1.326908068378215E-016
  4.782600000000001E-008 -1.326358117799666E-016
  4.782900000000001E-008 -1.326358117774824E-016
  4.783200000000001E-008 -1.325808439536284E-016
  4.783500000000001E-008 -1.325259033637741E-016
  4.783800000000001E-008 -1.324709884059199E-016
  4.784100000000001E-008 -1.324161006820654E-016
  4.784400000000001E-008 -1.323612385902108E-016
  4.784700000000001E-008 -1.323064021303562E-016
  4.785000000000001E-008 -1.322515945065014E-016
  4.785300000000001E-008 -1.321968109126465E-016
  4.785600000000001E-008 -1.321420545527915E-016
  4.785900000000001E-008 -1.320873254269363E-016
  4.786200000000001E-008 -1.320326219330814E-016
  4.786500000000001E-008 -1.319779456732258E-016
  4.786800000000001E-008 -1.319232950453702E-016
  4.787100000000001E-008 -1.318686700495147E-016
  4.787400000000001E-008 -1.318140722876590E-016
  4.787700000000001E-008 -1.317595017598031E-016
  4.788000000000001E-008 -1.317049552619471E-016
  4.788300000000001E-008 -1.317049552594805E-016
  4.788600000000001E-008 -1.316504359956254E-016
  4.788900000000001E-008 -1.315959439657702E-016
  4.789200000000001E-008 -1.315414775679148E-016
  4.789500000000001E-008 -1.314870368020594E-016
  4.789800000000001E-008 -1.314326232702038E-016
  4.790100000000001E-008 -1.313782353703481E-016
  4.790400000000001E-008 -1.313238731024923E-016
  4.790700000000001E-008 -1.312695380686365E-016
  4.791000000000001E-008 -1.312152286667803E-016
  4.791300000000001E-008 -1.311609464989246E-016
  4.791600000000001E-008 -1.311066883610681E-016
  4.791900000000001E-008 -1.310524590592116E-016
  4.792200000000001E-008 -1.309982537873551E-016
  4.792500000000001E-008 -1.309440741474985E-016
  4.792800000000001E-008 -1.308899217416418E-016
  4.793100000000001E-008 -1.308357965697849E-016
  4.793400000000001E-008 -1.307816954279279E-016
  4.793700000000001E-008 -1.307816954254787E-016
  4.794000000000001E-008 -1.307276215176225E-016
  4.794300000000001E-008 -1.306735732417663E-016
  4.794600000000001E-008 -1.306195505979100E-016
  4.794900000000001E-008 -1.305655535860535E-016
  4.795200000000001E-008 -1.305115838081970E-016
  4.795500000000001E-008 -1.304576396623403E-016
  4.795800000000001E-008 -1.304037211484835E-016
  4.796100000000001E-008 -1.303498282666265E-016
  4.796400000000001E-008 -1.302959626187699E-016
  4.796700000000001E-008 -1.302421210009124E-016
  4.797000000000001E-008 -1.301883066170551E-016
  4.797300000000001E-008 -1.301345178651977E-016
  4.797600000000001E-008 -1.300807547453402E-016
  4.797900000000001E-008 -1.300270172574826E-016
  4.798200000000001E-008 -1.299733070036248E-016
  4.798500000000001E-008 -1.299196207797670E-016
  4.798800000000001E-008 -1.298659617899090E-016
  4.799100000000001E-008 -1.298659617874770E-016
  4.799400000000001E-008 -1.298123284296198E-016
  4.799700000000001E-008 -1.297587191017626E-016
  4.800000000000001E-008 -1.297051370079053E-016
  4.800300000000001E-008 -1.296515805460478E-016
  4.800600000000001E-008 -1.295980497161903E-016
  4.800900000000001E-008 -1.295445461203326E-016
  4.801200000000001E-008 -1.294910665544747E-016
  4.801500000000001E-008 -1.294376126206173E-016
  4.801800000000001E-008 -1.293841843187589E-016
  4.802100000000001E-008 -1.293307816489007E-016
  4.802400000000001E-008 -1.292774062130424E-016
  4.802700000000001E-008 -1.292240548071840E-016
  4.803000000000001E-008 -1.291707290333255E-016
  4.803300000000001E-008 -1.291174304934669E-016
  4.803600000000001E-008 -1.290641559836082E-016
  4.803900000000001E-008 -1.290109071057494E-016
  4.804200000000001E-008 -1.289576854618904E-016
  4.804500000000001E-008 -1.289576854594754E-016
  4.804800000000001E-008 -1.289044878456173E-016
  4.805100000000001E-008 -1.288513158637591E-016
  4.805400000000001E-008 -1.287981695139008E-016
  4.805700000000001E-008 -1.287450487960423E-016
  4.806000000000001E-008 -1.286919537101837E-016
  4.806300000000001E-008 -1.286388842563250E-016
  4.806600000000001E-008 -1.285858404344667E-016
  4.806900000000001E-008 -1.285328206426074E-016
  4.807200000000001E-008 -1.284798280847483E-016
  4.807500000000001E-008 -1.284268595568892E-016
  4.807800000000001E-008 -1.283739182630299E-016
  4.808100000000001E-008 -1.283210009991706E-016
  4.808400000000001E-008 -1.282681093673111E-016
  4.808700000000001E-008 -1.282152433674515E-016
  4.809000000000001E-008 -1.281624029995918E-016
  4.809300000000001E-008 -1.281095866617319E-016
  4.809600000000001E-008 -1.280567975578720E-016
  4.809900000000001E-008 -1.280567975554740E-016
  4.810200000000001E-008 -1.280040324816149E-016
  4.810500000000001E-008 -1.279512930397557E-016
  4.810800000000001E-008 -1.278985792298963E-016
  4.811100000000001E-008 -1.278458894500370E-016
  4.811400000000001E-008 -1.277932269041773E-016
  4.811700000000001E-008 -1.277405883883183E-016
  4.812000000000001E-008 -1.276879755044579E-016
  4.812300000000001E-008 -1.276353866505980E-016
  4.812600000000001E-008 -1.275828250307380E-016
  4.812900000000001E-008 -1.275302874408779E-016
  4.813200000000001E-008 -1.274777754830176E-016
  4.813500000000001E-008 -1.274252875551573E-016
  4.813800000000001E-008 -1.273728268612969E-016
  4.814100000000001E-008 -1.273203901974363E-016
  4.814400000000001E-008 -1.272679775635756E-016
  4.814700000000001E-008 -1.272155921637148E-016
  4.815000000000001E-008 -1.271632307938539E-016
  4.815300000000001E-008 -1.271108934539929E-016
  4.815600000000001E-008 -1.271108934516127E-016
  4.815900000000001E-008 -1.270585833457524E-016
  4.816200000000001E-008 -1.270062972698922E-016
  4.816500000000001E-008 -1.269540368260316E-016
  4.816800000000001E-008 -1.269018004121718E-016
  4.817100000000001E-008 -1.268495896303106E-016
  4.817400000000001E-008 -1.267974028784498E-016
  4.817700000000001E-008 -1.267452433605889E-016
  4.818000000000001E-008 -1.266931062707279E-016
  4.818300000000001E-008 -1.266409964148668E-016
  4.818600000000001E-008 -1.265889105890056E-016
  4.818900000000001E-008 -1.265368487931443E-016
  4.819200000000001E-008 -1.264848126292829E-016
  4.819500000000001E-008 -1.264328020974213E-016
  4.819800000000001E-008 -1.263808155955597E-016
  4.820100000000001E-008 -1.263288547256980E-016
  4.820400000000001E-008 -1.262769178858361E-016
  4.820700000000001E-008 -1.262250066779741E-016
  4.821000000000001E-008 -1.262250066756104E-016
  4.821300000000001E-008 -1.261731194977493E-016
  4.821600000000001E-008 -1.261212579518880E-016
  4.821900000000001E-008 -1.260694204360273E-016
  4.822200000000001E-008 -1.260176085521652E-016
  4.822500000000001E-008 -1.259658206983035E-016
  4.822800000000001E-008 -1.259140584764418E-016
  4.823100000000001E-008 -1.258623202845800E-016
  4.823400000000001E-008 -1.258106077247180E-016
  4.823700000000001E-008 -1.257589191948560E-016
  4.824000000000001E-008 -1.257072562969938E-016
  4.824300000000001E-008 -1.256556174291315E-016
  4.824600000000001E-008 -1.256040025912691E-016
  4.824900000000001E-008 -1.255524133854066E-016
  4.825200000000001E-008 -1.255008482095440E-016
  4.825500000000001E-008 -1.254493086656813E-016
  4.825800000000001E-008 -1.253977931518185E-016
  4.826100000000001E-008 -1.253463032699555E-016
  4.826400000000001E-008 -1.253463032676084E-016
  4.826700000000001E-008 -1.252948358137464E-016
  4.827000000000001E-008 -1.252433955938847E-016
  4.827300000000001E-008 -1.251919778020218E-016
  4.827600000000001E-008 -1.251405856421592E-016
  4.827900000000001E-008 -1.250892175122967E-016
  4.828200000000001E-008 -1.250378750144341E-016
  4.828500000000001E-008 -1.249865565465712E-016
  4.828800000000001E-008 -1.249352621087083E-016
  4.829100000000001E-008 -1.248839933028453E-016
  4.829400000000001E-008 -1.248327469249822E-016
  4.829700000000001E-008 -1.247815261791190E-016
  4.830000000000001E-008 -1.247303310652556E-016
  4.830300000000001E-008 -1.246791599813921E-016
  4.830600000000001E-008 -1.246280113255286E-016
  4.830900000000001E-008 -1.245768899036649E-016
  4.831200000000001E-008 -1.245257909098011E-016
  4.831500000000001E-008 -1.244747175479372E-016
  4.831800000000001E-008 -1.244747175456066E-016
  4.832100000000001E-008 -1.244236682137434E-016
  4.832400000000001E-008 -1.243726429118809E-016
  4.832700000000001E-008 -1.243216416400170E-016
  4.833000000000001E-008 -1.242706660001536E-016
  4.833300000000001E-008 -1.242197143902900E-016
  4.833600000000001E-008 -1.241687868104264E-016
  4.833900000000001E-008 -1.241178832605626E-016
  4.834200000000001E-008 -1.240670037406988E-016
  4.834500000000001E-008 -1.240161498528348E-016
  4.834800000000001E-008 -1.239653183929708E-016
  4.835100000000001E-008 -1.239145125651066E-016
  4.835400000000001E-008 -1.238637307672423E-016
  4.835700000000001E-008 -1.238129729993779E-016
  4.836000000000001E-008 -1.237622392615134E-016
  4.836300000000001E-008 -1.237115311556487E-016
  4.836600000000001E-008 -1.236608454777840E-016
  4.836900000000001E-008 -1.236101854319192E-016
  4.837200000000001E-008 -1.236101854296047E-016
  4.837500000000001E-008 -1.235595478117415E-016
  4.837800000000001E-008 -1.235089358258767E-016
  4.838100000000001E-008 -1.234583478700124E-016
  4.838400000000001E-008 -1.234077839441480E-016
  4.838700000000001E-008 -1.233572440482835E-016
  4.839000000000001E-008 -1.233067281824190E-016
  4.839300000000001E-008 -1.232562363465543E-016
  4.839600000000001E-008 -1.232057685406895E-016
  4.839900000000001E-008 -1.231553247648246E-016
  4.840200000000001E-008 -1.231049050189596E-016
  4.840500000000001E-008 -1.230545109050944E-016
  4.840800000000001E-008 -1.230041392192292E-016
  4.841100000000001E-008 -1.229537915633639E-016
  4.841400000000001E-008 -1.229034679374984E-016
  4.841700000000001E-008 -1.228531683416329E-016
  4.842000000000001E-008 -1.228028927757672E-016
  4.842300000000001E-008 -1.227526412399015E-016
  4.842600000000001E-008 -1.227526412376040E-016
  4.842900000000001E-008 -1.227024153337382E-016
  4.843200000000001E-008 -1.226522118578730E-016
  4.843500000000001E-008 -1.226020308100079E-016
  4.843800000000001E-008 -1.225518753941426E-016
  4.844100000000001E-008 -1.225017440082772E-016
  4.844400000000001E-008 -1.224516366524116E-016
  4.844700000000001E-008 -1.224015517245461E-016
  4.845000000000001E-008 -1.223514924286803E-016
  4.845300000000001E-008 -1.223014555608145E-016
  4.845600000000001E-008 -1.222514443249485E-016
  4.845900000000001E-008 -1.222014555170825E-016
  4.846200000000001E-008 -1.221514907392163E-016
  4.846500000000001E-008 -1.221015499913500E-016
  4.846800000000001E-008 -1.220516332734837E-016
  4.847100000000001E-008 -1.220017389836172E-016
  4.847400000000001E-008 -1.219518703257507E-016
  4.847700000000001E-008 -1.219020240958839E-016
  4.848000000000001E-008 -1.219020240936017E-016
  4.848300000000001E-008 -1.218522018937357E-016
  4.848600000000001E-008 -1.218024037238697E-016
  4.848900000000001E-008 -1.217526295840035E-016
  4.849200000000001E-008 -1.217028778721374E-016
  4.849500000000001E-008 -1.216531517922710E-016
  4.849800000000001E-008 -1.216034481404046E-016
  4.850100000000001E-008 -1.215537685185380E-016
  4.850400000000001E-008 -1.215041113246714E-016
  4.850700000000001E-008 -1.214544797628046E-016
  4.851000000000001E-008 -1.214048706289377E-016
  4.851300000000001E-008 -1.213552855250707E-016
  4.851600000000001E-008 -1.213057228492037E-016
  4.851900000000001E-008 -1.212561858053365E-016
  4.852200000000001E-008 -1.212066711894691E-016
  4.852500000000001E-008 -1.211571790016018E-016
  4.852800000000001E-008 -1.211077124457343E-016
  4.853100000000001E-008 -1.210582683178666E-016
  4.853400000000001E-008 -1.210088482199989E-016
  4.853700000000001E-008 -1.210088482177335E-016
  4.854000000000001E-008 -1.209594521498665E-016
  4.854300000000001E-008 -1.209100785099994E-016
  4.854600000000001E-008 -1.208607289001322E-016
  4.854900000000001E-008 -1.208114017182650E-016
  4.855200000000001E-008 -1.207620985663976E-016
  4.855500000000001E-008 -1.207128194445302E-016
  4.855800000000001E-008 -1.206635643526626E-016
  4.856100000000001E-008 -1.206143316887948E-016
  4.856400000000001E-008 -1.205651214529271E-016
  4.856700000000001E-008 -1.205159368490591E-016
  4.857000000000001E-008 -1.204667730711912E-016
  4.857300000000001E-008 -1.204176349253230E-016
  4.857600000000001E-008 -1.203685192074550E-016
  4.857900000000001E-008 -1.203194275195866E-016
  4.858200000000001E-008 -1.202703582597181E-016
  4.858500000000001E-008 -1.202213130298495E-016
  4.858800000000001E-008 -1.201722902279809E-016
  4.859100000000001E-008 -1.201722902257312E-016
  4.859400000000001E-008 -1.201232914538633E-016
  4.859700000000001E-008 -1.200743151099954E-016
  4.860000000000001E-008 -1.200253627961274E-016
  4.860300000000001E-008 -1.199764345122591E-016
  4.860600000000001E-008 -1.199275286563908E-016
  4.860900000000001E-008 -1.198786452285224E-016
  4.861200000000001E-008 -1.198297858306539E-016
  4.861500000000001E-008 -1.197809504627853E-016
  4.861800000000001E-008 -1.197321375229166E-016
  4.862100000000001E-008 -1.196833470110479E-016
  4.862400000000001E-008 -1.196345805291789E-016
  4.862700000000001E-008 -1.195858364753101E-016
  4.863000000000001E-008 -1.195371164514408E-016
  4.863300000000001E-008 -1.194884188555715E-016
  4.863600000000001E-008 -1.194397452897022E-016
  4.863900000000001E-008 -1.193910941518328E-016
  4.864200000000001E-008 -1.193424670439632E-016
  4.864500000000001E-008 -1.193424670417291E-016
  4.864800000000001E-008 -1.192938623618604E-016
  4.865100000000001E-008 -1.192452801099915E-016
  4.865400000000001E-008 -1.191967218881225E-016
  4.865700000000001E-008 -1.191481860942534E-016
  4.866000000000001E-008 -1.190996743303842E-016
  4.866300000000001E-008 -1.190511833925150E-016
  4.866600000000001E-008 -1.190027180866455E-016
  4.866900000000001E-008 -1.189542736067760E-016
  4.867200000000001E-008 -1.189058531569064E-016
  4.867500000000001E-008 -1.188574567370366E-016
  4.867800000000001E-008 -1.188090811431671E-016
  4.868100000000001E-008 -1.187607295792970E-016
  4.868400000000001E-008 -1.187124020454269E-016
  4.868700000000001E-008 -1.186640953375568E-016
  4.869000000000001E-008 -1.186158126596865E-016
  4.869300000000001E-008 -1.185675524098162E-016
  4.869600000000001E-008 -1.185193161899458E-016
  4.869900000000001E-008 -1.185193161877272E-016
  4.870200000000001E-008 -1.184711023958575E-016
  4.870500000000001E-008 -1.184229110319877E-016
  4.870800000000001E-008 -1.183747420961179E-016
  4.871100000000001E-008 -1.183265971902478E-016
  4.871400000000001E-008 -1.182784747123777E-016
  4.871700000000001E-008 -1.182303746625075E-016
  4.872000000000001E-008 -1.181822970406373E-016
  4.872300000000001E-008 -1.181342434487668E-016
  4.872600000000001E-008 -1.180862106828962E-016
  4.872900000000001E-008 -1.180382019470261E-016
  4.873200000000001E-008 -1.179902172411551E-016
  4.873500000000001E-008 -1.179422533612841E-016
  4.873800000000001E-008 -1.178943135114133E-016
  4.874100000000001E-008 -1.178463944875422E-016
  4.874400000000001E-008 -1.177984994936711E-016
  4.874700000000001E-008 -1.177506269277999E-016
  4.875000000000001E-008 -1.177027783919285E-016
  4.875300000000001E-008 -1.177027783897253E-016
  4.875600000000001E-008 -1.176549506798548E-016
  4.875900000000001E-008 -1.176071469999841E-016
  4.876200000000001E-008 -1.175593657481132E-016
  4.876500000000001E-008 -1.175116053222424E-016
  4.876800000000001E-008 -1.174638689263714E-016
  4.877100000000001E-008 -1.174161549585004E-016
  4.877400000000001E-008 -1.173684650206291E-016
  4.877700000000001E-008 -1.173207959087578E-016
  4.878000000000001E-008 -1.172731492248864E-016
  4.878300000000001E-008 -1.172255265710152E-016
  4.878600000000001E-008 -1.171779247431434E-016
  4.878900000000001E-008 -1.171303469452716E-016
  4.879200000000001E-008 -1.170827915753998E-016
  4.879500000000001E-008 -1.170352570315279E-016
  4.879800000000001E-008 -1.169877465176559E-016
  4.880100000000001E-008 -1.169402584317838E-016
  4.880400000000001E-008 -1.168927927739116E-016
  4.880700000000001E-008 -1.168927927717237E-016
  4.881000000000001E-008 -1.168453495418522E-016
  4.881300000000001E-008 -1.167979287399805E-016
  4.881600000000001E-008 -1.167505287641089E-016
  4.881900000000001E-008 -1.167031528182372E-016
  4.882200000000001E-008 -1.166557993003653E-016
  4.882500000000001E-008 -1.166084682104933E-016
  4.882800000000001E-008 -1.165611595486213E-016
  4.883100000000001E-008 -1.165138733147490E-016
  4.883400000000001E-008 -1.164666095088771E-016
  4.883700000000001E-008 -1.164193665290044E-016
  4.884000000000001E-008 -1.163721475791319E-016
  4.884300000000001E-008 -1.163249510572593E-016
  4.884600000000001E-008 -1.162777753613866E-016
  4.884900000000001E-008 -1.162306236955138E-016
  4.885200000000001E-008 -1.161834928556409E-016
  4.885500000000001E-008 -1.161363860457679E-016
  4.885800000000001E-008 -1.160893000618948E-016
  4.886100000000001E-008 -1.160893000597220E-016
  4.886400000000001E-008 -1.160422365038497E-016
  4.886700000000001E-008 -1.159951953759772E-016
  4.887000000000001E-008 -1.159481766761047E-016
  4.887300000000001E-008 -1.159011804042320E-016
  4.887600000000001E-008 -1.158542049583593E-016
  4.887900000000001E-008 -1.158072535424864E-016
  4.888200000000001E-008 -1.157603229526134E-016
  4.888500000000001E-008 -1.157134163927408E-016
  4.888800000000001E-008 -1.156665306588673E-016
  4.889100000000001E-008 -1.156196673529940E-016
  4.889400000000001E-008 -1.155728248731207E-016
  4.889700000000001E-008 -1.155260064232471E-016
  4.890000000000001E-008 -1.154792087993736E-016
  4.890300000000001E-008 -1.154324336034999E-016
  4.890600000000001E-008 -1.153856808356262E-016
  4.890900000000001E-008 -1.153389504957523E-016
  4.891200000000001E-008 -1.152922409818783E-016
  4.891500000000001E-008 -1.152922409797206E-016
  4.891800000000001E-008 -1.152455554958473E-016
  4.892100000000001E-008 -1.151988908379740E-016
  4.892400000000001E-008 -1.151522486081005E-016
  4.892700000000001E-008 -1.151056272042270E-016
  4.893000000000001E-008 -1.150590282283534E-016
  4.893300000000001E-008 -1.150124516804796E-016
  4.893600000000001E-008 -1.149658975606063E-016
  4.893900000000001E-008 -1.149193658687320E-016
  4.894200000000001E-008 -1.148728550028579E-016
  4.894500000000001E-008 -1.148263665649838E-016
  4.894800000000001E-008 -1.147798989531096E-016
  4.895100000000001E-008 -1.147334553712352E-016
  4.895400000000001E-008 -1.146870326153608E-016
  4.895700000000001E-008 -1.146406306854863E-016
  4.896000000000001E-008 -1.145942511836116E-016
  4.896300000000001E-008 -1.145478941097369E-016
  4.896600000000001E-008 -1.145015594638621E-016
  4.896900000000001E-008 -1.144552456439871E-016
  4.897200000000001E-008 -1.144552456418451E-016
  4.897500000000001E-008 -1.144089542499709E-016
  4.897800000000001E-008 -1.143626852860966E-016
  4.898100000000001E-008 -1.143164371482222E-016
  4.898400000000001E-008 -1.142702114383476E-016
  4.898700000000001E-008 -1.142240065544736E-016
  4.899000000000001E-008 -1.141778240985985E-016
  4.899300000000001E-008 -1.141316640707236E-016
  4.899600000000001E-008 -1.140855248688488E-016
  4.899900000000001E-008 -1.140394080949737E-016
  4.900200000000001E-008 -1.139933121470987E-016
  4.900500000000001E-008 -1.139472386272235E-016
  4.900800000000001E-008 -1.139011859333482E-016
  4.901100000000001E-008 -1.138551556674728E-016
  4.901400000000001E-008 -1.138091478295973E-016
  4.901700000000001E-008 -1.137631608177217E-016
  4.902000000000001E-008 -1.137171962338460E-016
  4.902300000000001E-008 -1.136712524759702E-016
  4.902600000000001E-008 -1.136712524738430E-016
  4.902900000000001E-008 -1.136253311439679E-016
  4.903200000000001E-008 -1.135794306400927E-016
  4.903500000000001E-008 -1.135335509622175E-016
  4.903800000000001E-008 -1.134876953143426E-016
  4.904100000000001E-008 -1.134418588904667E-016
  4.904400000000001E-008 -1.133960448945911E-016
  4.904700000000001E-008 -1.133502533267155E-016
  4.905000000000001E-008 -1.133044825848398E-016
  4.905300000000001E-008 -1.132587342709639E-016
  4.905600000000001E-008 -1.132130067830879E-016
  4.905900000000001E-008 -1.131673001212119E-016
  4.906200000000001E-008 -1.131216158873358E-016
  4.906500000000001E-008 -1.130759524794595E-016
  4.906800000000001E-008 -1.130303114995832E-016
  4.907100000000001E-008 -1.129846913457068E-016
  4.907400000000001E-008 -1.129390936198302E-016
  4.907700000000001E-008 -1.128935167199536E-016
  4.908000000000001E-008 -1.128935167178409E-016
  4.908300000000001E-008 -1.128479606439651E-016
  4.908600000000001E-008 -1.128024269980890E-016
  4.908900000000001E-008 -1.127569141782135E-016
  4.909200000000001E-008 -1.127114221843368E-016
  4.909500000000001E-008 -1.126659526184605E-016
  4.909800000000001E-008 -1.126205054805840E-016
  4.910100000000001E-008 -1.125750775667075E-016
  4.910400000000001E-008 -1.125296720808309E-016
  4.910700000000001E-008 -1.124842874209542E-016
  4.911000000000001E-008 -1.124389251890775E-016
  4.911300000000001E-008 -1.123935837832006E-016
  4.911600000000001E-008 -1.123482632033236E-016
  4.911900000000001E-008 -1.123029650514465E-016
  4.912200000000001E-008 -1.122576861235693E-016
  4.912500000000001E-008 -1.122124312256920E-016
  4.912800000000001E-008 -1.121671955518147E-016
  4.913100000000001E-008 -1.121219823059372E-016
  4.913400000000001E-008 -1.121219823038391E-016
  4.913700000000001E-008 -1.120767898839623E-016
  4.914000000000001E-008 -1.120316182900860E-016
  4.914300000000001E-008 -1.119864675222085E-016
  4.914600000000001E-008 -1.119413391823314E-016
  4.914900000000001E-008 -1.118962316684543E-016
  4.915200000000001E-008 -1.118511449805771E-016
  4.915500000000001E-008 -1.118060807206997E-016
  4.915800000000001E-008 -1.117610372868223E-016
  4.916100000000001E-008 -1.117160146789447E-016
  4.916400000000001E-008 -1.116710128970671E-016
  4.916700000000001E-008 -1.116260319411894E-016
  4.917000000000001E-008 -1.115810718113115E-016
  4.917300000000001E-008 -1.115361341094336E-016
  4.917600000000001E-008 -1.114912172335556E-016
  4.917900000000001E-008 -1.114463211836775E-016
  4.918200000000001E-008 -1.114014459597993E-016
  4.918500000000001E-008 -1.113565931639209E-016
  4.918800000000001E-008 -1.113565931618372E-016
  4.919100000000001E-008 -1.113117595899604E-016
  4.919400000000001E-008 -1.112669484460820E-016
  4.919700000000001E-008 -1.112221581282042E-016
  4.920000000000001E-008 -1.111773886363263E-016
  4.920300000000001E-008 -1.111326399704483E-016
  4.920600000000001E-008 -1.110879121305703E-016
  4.920900000000001E-008 -1.110432067186920E-016
  4.921200000000001E-008 -1.109985205308138E-016
  4.921500000000001E-008 -1.109538567709354E-016
  4.921800000000001E-008 -1.109092122350570E-016
  4.922100000000001E-008 -1.108645901271784E-016
  4.922400000000001E-008 -1.108199888452997E-016
  4.922700000000001E-008 -1.107754083894209E-016
  4.923000000000001E-008 -1.107308471575421E-016
  4.923300000000001E-008 -1.106863083536631E-016
  4.923600000000001E-008 -1.106417903757841E-016
  4.923900000000001E-008 -1.105972948259050E-016
  4.924200000000001E-008 -1.105972948238356E-016
  4.924500000000001E-008 -1.105528184979578E-016
  4.924800000000001E-008 -1.105083629980786E-016
  4.925100000000001E-008 -1.104639283242000E-016
  4.925400000000001E-008 -1.104195144763213E-016
  4.925700000000001E-008 -1.103751214544425E-016
  4.926000000000001E-008 -1.103307508605636E-016
  4.926300000000001E-008 -1.102863994906846E-016
  4.926600000000001E-008 -1.102420689468055E-016
  4.926900000000001E-008 -1.101977592289262E-016
  4.927200000000001E-008 -1.101534703370470E-016
  4.927500000000001E-008 -1.101092022711676E-016
  4.927800000000001E-008 -1.100649550312881E-016
  4.928100000000001E-008 -1.100207286174085E-016
  4.928400000000001E-008 -1.099765230295288E-016
  4.928700000000001E-008 -1.099323382676491E-016
  4.929000000000001E-008 -1.098881743317692E-016
  4.929300000000001E-008 -1.098440312218893E-016
  4.929600000000001E-008 -1.098440312198347E-016
  4.929900000000001E-008 -1.097999073339548E-016
  4.930200000000001E-008 -1.097558058760754E-016
  4.930500000000001E-008 -1.097117236421960E-016
  4.930800000000001E-008 -1.096676638363164E-016
  4.931100000000001E-008 -1.096236232544368E-016
  4.931400000000001E-008 -1.095796034985571E-016
  4.931700000000001E-008 -1.095356045686772E-016
  4.932000000000001E-008 -1.094916264647973E-016
  4.932300000000001E-008 -1.094476691869173E-016
  4.932600000000001E-008 -1.094037311330372E-016
  4.932900000000001E-008 -1.093598155071569E-016
  4.933200000000001E-008 -1.093159191052766E-016
  4.933500000000001E-008 -1.092720435293962E-016
  4.933800000000001E-008 -1.092281887795158E-016
  4.934100000000001E-008 -1.091843548556351E-016
  4.934400000000001E-008 -1.091405417577545E-016
  4.934700000000001E-008 -1.090967478838737E-016
  4.935000000000001E-008 -1.090529748359928E-016
  4.935300000000001E-008 -1.090529748339525E-016
  4.935600000000001E-008 -1.090092226120723E-016
  4.935900000000001E-008 -1.089654912161921E-016
  4.936200000000001E-008 -1.089217806463117E-016
  4.936500000000001E-008 -1.088780893004312E-016
  4.936800000000001E-008 -1.088344187805507E-016
  4.937100000000001E-008 -1.087907690866700E-016
  4.937400000000001E-008 -1.087471402187893E-016
  4.937700000000001E-008 -1.087035305749084E-016
  4.938000000000001E-008 -1.086599417570275E-016
  4.938300000000001E-008 -1.086163737651465E-016
  4.938600000000001E-008 -1.085728265992654E-016
  4.938900000000001E-008 -1.085292986573842E-016
  4.939200000000001E-008 -1.084857915415028E-016
  4.939500000000001E-008 -1.084423052516216E-016
  4.939800000000001E-008 -1.083988397877400E-016
  4.940100000000001E-008 -1.083553935478584E-016
  4.940400000000001E-008 -1.083119681339767E-016
  4.940700000000001E-008 -1.083119681319503E-016
  4.941000000000001E-008 -1.082685619420693E-016
  4.941300000000001E-008 -1.082251765781883E-016
  4.941600000000001E-008 -1.081818120403071E-016
  4.941900000000001E-008 -1.081384683284258E-016
  4.942200000000001E-008 -1.080951438405445E-016
  4.942500000000001E-008 -1.080518401786630E-016
  4.942800000000001E-008 -1.080085557407814E-016
  4.943100000000001E-008 -1.079652921288998E-016
  4.943400000000001E-008 -1.079220493430181E-016
  4.943700000000001E-008 -1.078788257811362E-016
  4.944000000000001E-008 -1.078356230452543E-016
  4.944300000000001E-008 -1.077924411353722E-016
  4.944600000000001E-008 -1.077492784494903E-016
  4.944900000000001E-008 -1.077061365896080E-016
  4.945200000000001E-008 -1.076630139537257E-016
  4.945500000000001E-008 -1.076199121438433E-016
  4.945800000000001E-008 -1.075768295579608E-016
  4.946100000000001E-008 -1.075768295559483E-016
  4.946400000000001E-008 -1.075337677960665E-016
  4.946700000000001E-008 -1.074907268621846E-016
  4.947000000000001E-008 -1.074477051523026E-016
  4.947300000000001E-008 -1.074047042684205E-016
  4.947600000000001E-008 -1.073617226085384E-016
  4.947900000000001E-008 -1.073187617746561E-016
  4.948200000000001E-008 -1.072758201647738E-016
  4.948500000000001E-008 -1.072328993808913E-016
  4.948800000000001E-008 -1.071899978210088E-016
  4.949100000000001E-008 -1.071471170871262E-016
  4.949400000000001E-008 -1.071042571792434E-016
  4.949700000000001E-008 -1.070614164953608E-016
  4.950000000000001E-008 -1.070185950354777E-016
  4.950300000000001E-008 -1.069757944015946E-016
  4.950600000000001E-008 -1.069330129917116E-016
  4.950900000000001E-008 -1.068902524078284E-016
  4.951200000000001E-008 -1.068475110479451E-016
  4.951500000000001E-008 -1.068475110459464E-016
  4.951800000000001E-008 -1.068047905120637E-016
  4.952100000000001E-008 -1.067620892021810E-016
  4.952400000000001E-008 -1.067194071162983E-016
  4.952700000000001E-008 -1.066767458564154E-016
  4.953000000000001E-008 -1.066341054225324E-016
  4.953300000000001E-008 -1.065914842126493E-016
  4.953600000000001E-008 -1.065488822267662E-016
  4.953900000000001E-008 -1.065063010668830E-016
  4.954200000000001E-008 -1.064637391309996E-016
  4.954500000000001E-008 -1.064211964191161E-016
  4.954800000000001E-008 -1.063786745332329E-016
  4.955100000000001E-008 -1.063361718713491E-016
  4.955400000000001E-008 -1.062936900354653E-016
  4.955700000000001E-008 -1.062512274235816E-016
  4.956000000000001E-008 -1.062087840356977E-016
  4.956300000000001E-008 -1.061663614738137E-016
  4.956600000000001E-008 -1.061239581359296E-016
  4.956900000000001E-008 -1.061239581339445E-016
  4.957200000000001E-008 -1.060815740200611E-016
  4.957500000000001E-008 -1.060392107321776E-016
  4.957800000000001E-008 -1.059968666682941E-016
  4.958100000000001E-008 -1.059545434304103E-016
  4.958400000000001E-008 -1.059122378145266E-016
  4.958700000000001E-008 -1.058699530246428E-016
  4.959000000000001E-008 -1.058276890607588E-016
  4.959300000000001E-008 -1.057854427188748E-016
  4.959600000000001E-008 -1.057432172029906E-016
  4.959900000000001E-008 -1.057010109111067E-016
  4.960200000000001E-008 -1.056588254452222E-016
  4.960500000000001E-008 -1.056166576013377E-016
  4.960800000000001E-008 -1.055745105834533E-016
  4.961100000000001E-008 -1.055323843915687E-016
  4.961400000000001E-008 -1.054902758216840E-016
  4.961700000000001E-008 -1.054481880777992E-016
  4.962000000000001E-008 -1.054061195579144E-016
  4.962300000000001E-008 -1.054061195559428E-016
  4.962600000000001E-008 -1.053640702600586E-016
  4.962900000000001E-008 -1.053220417901743E-016
  4.963200000000001E-008 -1.052800309422900E-016
  4.963500000000001E-008 -1.052380409204055E-016
  4.963800000000001E-008 -1.051960701225210E-016
  4.964100000000001E-008 -1.051541201506363E-016
  4.964400000000001E-008 -1.051121878007516E-016
  4.964700000000001E-008 -1.050702762768668E-016
  4.965000000000001E-008 -1.050283839769818E-016
  4.965300000000001E-008 -1.049865109010971E-016
  4.965600000000001E-008 -1.049446570492118E-016
  4.965900000000001E-008 -1.049028224213266E-016
  4.966200000000001E-008 -1.048610086194413E-016
  4.966500000000001E-008 -1.048192124395559E-016
  4.966800000000001E-008 -1.047774370856705E-016
  4.967100000000001E-008 -1.047356809557849E-016
  4.967400000000001E-008 -1.046939440498993E-016
  4.967700000000001E-008 -1.046939440479412E-016
  4.968000000000001E-008 -1.046522263660562E-016
  4.968300000000001E-008 -1.046105295101711E-016
  4.968600000000001E-008 -1.045688502762860E-016
  4.968900000000001E-008 -1.045271918684007E-016
  4.969200000000001E-008 -1.044855510825154E-016
  4.969500000000001E-008 -1.044439311226300E-016
  4.969800000000001E-008 -1.044023303867445E-016
  4.970100000000001E-008 -1.043607488748588E-016
  4.970400000000001E-008 -1.043191849849735E-016
  4.970700000000001E-008 -1.042776419210875E-016
  4.971000000000001E-008 -1.042361196832015E-016
  4.971300000000001E-008 -1.041946150673156E-016
  4.971600000000001E-008 -1.041531296754295E-016
  4.971900000000001E-008 -1.041116635075434E-016
  4.972200000000001E-008 -1.040702165636572E-016
  4.972500000000001E-008 -1.040287904457709E-016
  4.972800000000001E-008 -1.039873819498845E-016
  4.973100000000001E-008 -1.039459926779980E-016
  4.973400000000001E-008 -1.039459926760539E-016
  4.973700000000001E-008 -1.039046226281681E-016
  4.974000000000001E-008 -1.038632734062821E-016
  4.974300000000001E-008 -1.038219418063961E-016
  4.974600000000001E-008 -1.037806294305101E-016
  4.974900000000001E-008 -1.037393378806238E-016
  4.975200000000001E-008 -1.036980639527375E-016
  4.975500000000001E-008 -1.036568092488515E-016
  4.975800000000001E-008 -1.036155737689648E-016
  4.976100000000001E-008 -1.035743575130781E-016
  4.976400000000001E-008 -1.035331604811916E-016
  4.976700000000001E-008 -1.034919842753048E-016
  4.977000000000001E-008 -1.034508256914180E-016
  4.977300000000001E-008 -1.034096847295311E-016
  4.977600000000001E-008 -1.033685645936441E-016
  4.977900000000001E-008 -1.033274636817570E-016
  4.978200000000001E-008 -1.032863819938698E-016
  4.978500000000001E-008 -1.032453179279826E-016
  4.978800000000001E-008 -1.032453179260517E-016
  4.979100000000001E-008 -1.032042746861651E-016
  4.979400000000001E-008 -1.031632490682784E-016
  4.979700000000001E-008 -1.031222426743917E-016
  4.980000000000001E-008 -1.030812571065048E-016
  4.980300000000001E-008 -1.030402891606177E-016
  4.980600000000001E-008 -1.029993388367311E-016
  4.980900000000001E-008 -1.029584093388437E-016
  4.981200000000001E-008 -1.029174990649563E-016
  4.981500000000001E-008 -1.028766064130691E-016
  4.981800000000001E-008 -1.028357345871817E-016
  4.982100000000001E-008 -1.027948803832942E-016
  4.982400000000001E-008 -1.027540454034066E-016
  4.982700000000001E-008 -1.027132296475189E-016
  4.983000000000001E-008 -1.026724315136312E-016
  4.983300000000001E-008 -1.026316542057433E-016
  4.983600000000001E-008 -1.025908945198554E-016
  4.983900000000001E-008 -1.025501540579674E-016
  4.984200000000001E-008 -1.025501540560496E-016
  4.984500000000001E-008 -1.025094328181622E-016
  4.984800000000001E-008 -1.024687292022748E-016
  4.985100000000001E-008 -1.024280464123872E-016
  4.985400000000001E-008 -1.023873812444995E-016
  4.985700000000001E-008 -1.023467353006124E-016
  4.986000000000001E-008 -1.023061085807241E-016
  4.986300000000001E-008 -1.022654994828362E-016
  4.986600000000001E-008 -1.022249096089482E-016
  4.986900000000001E-008 -1.021843389590601E-016
  4.987200000000001E-008 -1.021437875331719E-016
  4.987500000000001E-008 -1.021032537292837E-016
  4.987800000000001E-008 -1.020627407513954E-016
  4.988100000000001E-008 -1.020222453955069E-016
  4.988400000000001E-008 -1.019817676616185E-016
  4.988700000000001E-008 -1.019413091517298E-016
  4.989000000000001E-008 -1.019008698658412E-016
  4.989300000000001E-008 -1.018604498039524E-016
  4.989600000000001E-008 -1.018604498020477E-016
  4.989900000000001E-008 -1.018200489641595E-016
  4.990200000000001E-008 -1.017796657482712E-016
  4.990500000000001E-008 -1.017393001543830E-016
  4.990800000000001E-008 -1.016989553864951E-016
  4.991100000000001E-008 -1.016586282406062E-016
  4.991400000000001E-008 -1.016183203187175E-016
  4.991700000000001E-008 -1.015780300188289E-016
  4.992000000000001E-008 -1.015377589429402E-016
  4.992300000000001E-008 -1.014975070910513E-016
  4.992600000000001E-008 -1.014572728611624E-016
  4.992900000000001E-008 -1.014170578552734E-016
  4.993200000000001E-008 -1.013768620733843E-016
  4.993500000000001E-008 -1.013366839134952E-016
  4.993800000000001E-008 -1.012965249776059E-016
  4.994100000000001E-008 -1.012563836637166E-016
  4.994400000000001E-008 -1.012162615738271E-016
  4.994700000000001E-008 -1.011761587079376E-016
  4.995000000000001E-008 -1.011761587060457E-016
  4.995300000000001E-008 -1.011360734621569E-016
  4.995600000000001E-008 -1.010960074422678E-016
  4.995900000000001E-008 -1.010559590443794E-016
  4.996200000000001E-008 -1.010159298704898E-016
  4.996500000000001E-008 -1.009759199206005E-016
  4.996800000000001E-008 -1.009359275927111E-016
  4.997100000000001E-008 -1.008959528868218E-016
  4.997400000000001E-008 -1.008559974049323E-016
  4.997700000000001E-008 -1.008160611470427E-016
  4.998000000000001E-008 -1.007761425111531E-016
  4.998300000000001E-008 -1.007362430992633E-016
  4.998600000000001E-008 -1.006963613093735E-016
  4.998900000000001E-008 -1.006564987434836E-016
  4.999200000000001E-008 -1.006166537995936E-016
  4.999500000000001E-008 -1.005768280797035E-016
  4.999800000000001E-008 -1.005370199818133E-016
  5.000100000000001E-008 -1.004972311079231E-016
  5.000400000000001E-008 -1.004972311060440E-016
  5.000700000000001E-008 -1.004574598541543E-016
  5.001000000000001E-008 -1.004177078262652E-016
  5.001300000000001E-008 -1.003779734203749E-016
  5.001600000000001E-008 -1.003382582384849E-016
  5.001900000000001E-008 -1.002985606785949E-016
  5.002200000000001E-008 -1.002588807407049E-016
  5.002500000000001E-008 -1.002192200268148E-016
  5.002800000000001E-008 -1.001795785369246E-016
  5.003100000000001E-008 -1.001399546690342E-016
  5.003400000000001E-008 -1.001003484231438E-016
  5.003700000000001E-008 -1.000607614012534E-016
  5.004000000000001E-008 -1.000211920013628E-016
  5.004300000000001E-008 -9.998164022347210E-017
  5.004600000000001E-008 -9.994210766958142E-017
  5.004900000000001E-008 -9.990259433969058E-017
  5.005200000000001E-008 -9.986309702979965E-017
  5.005500000000001E-008 -9.982361894390868E-017
  5.005800000000001E-008 -9.982361894204233E-017
  5.006100000000001E-008 -9.978416008015250E-017
  5.006400000000001E-008 -9.974471884026146E-017
  5.006700000000001E-008 -9.970529522237095E-017
  5.007000000000001E-008 -9.966589082848032E-017
  5.007300000000001E-008 -9.962650405658958E-017
  5.007600000000001E-008 -9.958713490669881E-017
  5.007900000000001E-008 -9.954778498080792E-017
  5.008200000000001E-008 -9.950845267691693E-017
  5.008500000000001E-008 -9.946913799502593E-017
  5.008800000000001E-008 -9.942984253713478E-017
  5.009100000000001E-008 -9.939056470124356E-017
  5.009400000000001E-008 -9.935130448735227E-017
  5.009700000000001E-008 -9.931206349746085E-017
  5.010000000000001E-008 -9.927283852756940E-017
  5.010300000000001E-008 -9.923363438367786E-017
  5.010600000000001E-008 -9.919444625978621E-017
  5.010900000000001E-008 -9.915527735989448E-017
  5.011200000000001E-008 -9.915527735804069E-017
  5.011500000000001E-008 -9.911612608015016E-017
  5.011800000000001E-008 -9.907699242425846E-017
  5.012100000000001E-008 -9.903787799236714E-017
  5.012400000000001E-008 -9.899878118247577E-017
  5.012700000000001E-008 -9.895970199458431E-017
  5.013000000000001E-008 -9.892064042869284E-017
  5.013300000000001E-008 -9.888159808680121E-017
  5.013600000000001E-008 -9.884257336690951E-017
  5.013900000000001E-008 -9.880356626901772E-017
  5.014200000000001E-008 -9.876457679312587E-017
  5.014500000000001E-008 -9.872560654123394E-017
  5.014800000000001E-008 -9.868665391134189E-017
  5.015100000000001E-008 -9.864771890344978E-017
  5.015400000000001E-008 -9.860880151755758E-017
  5.015700000000001E-008 -9.856990175366533E-017
  5.016000000000001E-008 -9.853102121377294E-017
  5.016300000000001E-008 -9.849215669388052E-017
  5.016600000000001E-008 -9.845331139798797E-017
  5.016900000000001E-008 -9.845331139614738E-017
  5.017200000000001E-008 -9.841448372225551E-017
  5.017500000000001E-008 -9.837567527236342E-017
  5.017800000000001E-008 -9.833688284247141E-017
  5.018100000000001E-008 -9.829810963657916E-017
  5.018400000000001E-008 -9.825935245068696E-017
  5.018700000000001E-008 -9.822061448879465E-017
  5.019000000000001E-008 -9.818189414890219E-017
  5.019300000000001E-008 -9.814319143100973E-017
  5.019600000000001E-008 -9.810450793711711E-017
  5.019900000000001E-008 -9.806584046322445E-017
  5.020200000000001E-008 -9.802719221333168E-017
  5.020500000000001E-008 -9.798855998343885E-017
  5.020800000000001E-008 -9.794994697754597E-017
  5.021100000000001E-008 -9.791135159365293E-017
  5.021400000000001E-008 -9.787277383175994E-017
  5.021700000000001E-008 -9.783421369186673E-017
  5.022000000000001E-008 -9.779567117397344E-017
  5.022300000000001E-008 -9.779567117214524E-017
  5.022600000000001E-008 -9.775714627625262E-017
  5.022900000000001E-008 -9.771863900235987E-017
  5.023200000000001E-008 -9.768014935046714E-017
  5.023500000000001E-008 -9.764167892257418E-017
  5.023800000000001E-008 -9.760322451468127E-017
  5.024100000000001E-008 -9.756478933078816E-017
  5.024400000000001E-008 -9.752637016689507E-017
  5.024700000000001E-008 -9.748797022700182E-017
  5.025000000000001E-008 -9.744958630710854E-017
  5.025300000000001E-008 -9.741122161121512E-017
  5.025600000000001E-008 -9.737287293532167E-017
  5.025900000000001E-008 -9.733454348342815E-017
  5.026200000000001E-008 -9.729623165353445E-017
  5.026500000000001E-008 -9.725793584364088E-017
  5.026800000000001E-008 -9.721965925774701E-017
  5.027100000000001E-008 -9.718139869185309E-017
  5.027400000000001E-008 -9.714315734995913E-017
  5.027700000000001E-008 -9.714315734814320E-017
  5.028000000000001E-008 -9.710493202624993E-017
  5.028300000000001E-008 -9.706672592835641E-017
  5.028600000000001E-008 -9.702853585046297E-017
  5.028900000000001E-008 -9.699036499656929E-017
  5.029200000000001E-008 -9.695221016267568E-017
  5.029500000000001E-008 -9.691407455278187E-017
  5.029800000000001E-008 -9.687595496288800E-017
  5.030100000000001E-008 -9.683785299499409E-017
  5.030400000000001E-008 -9.679976864910008E-017
  5.030700000000001E-008 -9.676170192520598E-017
  5.031000000000001E-008 -9.672365282331182E-017
  5.031300000000001E-008 -9.668562134341750E-017
  5.031600000000001E-008 -9.664760748552333E-017
  5.031900000000001E-008 -9.660961124962882E-017
  5.032200000000001E-008 -9.657163103373426E-017
  5.032500000000001E-008 -9.653367004183968E-017
  5.032800000000001E-008 -9.649572506994503E-017
  5.033100000000001E-008 -9.649572506814139E-017
  5.033400000000001E-008 -9.645779932024726E-017
  5.033700000000001E-008 -9.641988959235310E-017
  5.034000000000001E-008 -9.638199748645889E-017
  5.034300000000001E-008 -9.634412300256451E-017
  5.034600000000001E-008 -9.630626453867019E-017
  5.034900000000001E-008 -9.626842529877567E-017
  5.035200000000001E-008 -9.623060207888117E-017
  5.035500000000001E-008 -9.619279808298649E-017
  5.035800000000001E-008 -9.615501010709178E-017
  5.036100000000001E-008 -9.611723975319695E-017
  5.036400000000001E-008 -9.607948541930205E-017
  5.036700000000001E-008 -9.604175030940728E-017
  5.037000000000001E-008 -9.600403121951214E-017
  5.037300000000001E-008 -9.596633135361695E-017
  5.037600000000001E-008 -9.592864750772173E-017
  5.037900000000001E-008 -9.589097968182645E-017
  5.038200000000001E-008 -9.585333107993108E-017
  5.038500000000001E-008 -9.585333107813948E-017
  5.038800000000001E-008 -9.581569849624472E-017
  5.039100000000001E-008 -9.577808353634988E-017
  5.039400000000001E-008 -9.574048619845497E-017
  5.039700000000001E-008 -9.570290648255989E-017
  5.040000000000001E-008 -9.566534278666486E-017
  5.040300000000001E-008 -9.562779831476965E-017
  5.040600000000001E-008 -9.559026986287433E-017
  5.040900000000001E-008 -9.555275743097906E-017
  5.041200000000001E-008 -9.551526422308363E-017
  5.041500000000001E-008 -9.547778703518807E-017
  5.041800000000001E-008 -9.544032746929272E-017
  5.042100000000001E-008 -9.540288392339693E-017
  5.042400000000001E-008 -9.536545960150111E-017
  5.042700000000001E-008 -9.532805129960528E-017
  5.043000000000001E-008 -9.529065901770940E-017
  5.043300000000001E-008 -9.525328595981339E-017
  5.043600000000001E-008 -9.521592892191732E-017
  5.043900000000001E-008 -9.521592892013778E-017
  5.044200000000001E-008 -9.517858950424226E-017
  5.044500000000001E-008 -9.514126610834673E-017
  5.044800000000001E-008 -9.510396033445111E-017
  5.045100000000001E-008 -9.506667218255542E-017
  5.045400000000001E-008 -9.502940165265958E-017
  5.045700000000001E-008 -9.499214714276373E-017
  5.046000000000001E-008 -9.495491025486773E-017
  5.046300000000001E-008 -9.491768938697172E-017
  5.046600000000001E-008 -9.488048614107554E-017
  5.046900000000001E-008 -9.484330051717966E-017
  5.047200000000001E-008 -9.480613251528319E-017
  5.047500000000001E-008 -9.476898053338673E-017
  5.047800000000001E-008 -9.473184457149033E-017
  5.048100000000001E-008 -9.469472623159381E-017
  5.048400000000001E-008 -9.465762551369721E-017
  5.048700000000001E-008 -9.462054241780053E-017
  5.049000000000001E-008 -9.458347534190378E-017
  5.049300000000001E-008 -9.458347534013617E-017
  5.049600000000001E-008 -9.454642588623996E-017
  5.049900000000001E-008 -9.450939245234372E-017
  5.050200000000001E-008 -9.447237664044736E-017
  5.050500000000001E-008 -9.443537684855098E-017
  5.050800000000001E-008 -9.439839467865451E-017
  5.051100000000001E-008 -9.436143013075792E-017
  5.051400000000001E-008 -9.432448160286125E-017
  5.051700000000001E-008 -9.428754909496451E-017
  5.052000000000001E-008 -9.425063581106800E-017
  5.052300000000001E-008 -9.421373694517093E-017
  5.052600000000001E-008 -9.417685730327388E-017
  5.052900000000001E-008 -9.413999368137683E-017
  5.053200000000001E-008 -9.410314607947971E-017
  5.053500000000001E-008 -9.406631609958250E-017
  5.053800000000001E-008 -9.402950213968521E-017
  5.054100000000001E-008 -9.399270580178786E-017
  5.054400000000001E-008 -9.395592708589040E-017
  5.054700000000001E-008 -9.391916278799290E-017
  5.055000000000001E-008 -9.391916278623779E-017
  5.055300000000001E-008 -9.388241771234080E-017
  5.055600000000001E-008 -9.384568865844375E-017
  5.055900000000001E-008 -9.380897562454668E-017
  5.056200000000001E-008 -9.377228021264949E-017
  5.056500000000001E-008 -9.373560082075225E-017
  5.056800000000001E-008 -9.369893905085490E-017
  5.057100000000001E-008 -9.366229330095744E-017
  5.057400000000001E-008 -9.362566517306029E-017
  5.057700000000001E-008 -9.358905306516250E-017
  5.058000000000001E-008 -9.355245857926475E-017
  5.058300000000001E-008 -9.351588011336706E-017
  5.058600000000001E-008 -9.347931926946925E-017
  5.058900000000001E-008 -9.344277444557134E-017
  5.059200000000001E-008 -9.340624564167339E-017
  5.059500000000001E-008 -9.336973445977533E-017
  5.059800000000001E-008 -9.333323929787721E-017
  5.060100000000001E-008 -9.329676015597901E-017
  5.060400000000001E-008 -9.329676015423561E-017
  5.060700000000001E-008 -9.326029863433802E-017
  5.061000000000001E-008 -9.322385473644029E-017
  5.061300000000001E-008 -9.318742685854249E-017
  5.061600000000001E-008 -9.315101500064460E-017
  5.061900000000001E-008 -9.311461916274670E-017
  5.062200000000001E-008 -9.307824094684866E-017
  5.062500000000001E-008 -9.304188035295089E-017
  5.062800000000001E-008 -9.300553417705244E-017
  5.063100000000001E-008 -9.296920562315417E-017
  5.063400000000001E-008 -9.293289469125580E-017
  5.063700000000001E-008 -9.289659817735744E-017
  5.064000000000001E-008 -9.286032088745893E-017
  5.064300000000001E-008 -9.282405801556036E-017
  5.064600000000001E-008 -9.278781276566173E-017
  5.064900000000001E-008 -9.275158353576299E-017
  5.065200000000001E-008 -9.271537032586422E-017
  5.065500000000001E-008 -9.267917473796533E-017
  5.065800000000001E-008 -9.267917473623356E-017
  5.066100000000001E-008 -9.264299516833522E-017
  5.066400000000001E-008 -9.260683162043690E-017
  5.066700000000001E-008 -9.257068569453841E-017
  5.067000000000001E-008 -9.253455578863988E-017
  5.067300000000001E-008 -9.249844190274117E-017
  5.067600000000001E-008 -9.246234403684295E-017
  5.067900000000001E-008 -9.242626379294384E-017
  5.068200000000001E-008 -9.239019956904496E-017
  5.068500000000001E-008 -9.235415296714602E-017
  5.068800000000001E-008 -9.231812078324702E-017
  5.069100000000001E-008 -9.228210622134794E-017
  5.069400000000001E-008 -9.224610767944878E-017
  5.069700000000001E-008 -9.221012515754955E-017
  5.070000000000001E-008 -9.217416025765025E-017
  5.070300000000001E-008 -9.213821137775085E-017
  5.070600000000001E-008 -9.210227851785138E-017
  5.070900000000001E-008 -9.206636167795184E-017
  5.071200000000001E-008 -9.206636167623165E-017
  5.071500000000001E-008 -9.203046245833258E-017
  5.071800000000001E-008 -9.199457765843359E-017
  5.072100000000001E-008 -9.195871048053445E-017
  5.072400000000001E-008 -9.192285932263522E-017
  5.072700000000001E-008 -9.188702578673634E-017
  5.073000000000001E-008 -9.185120666883665E-017
  5.073300000000001E-008 -9.181540517293714E-017
  5.073600000000001E-008 -9.177961969703763E-017
  5.073900000000001E-008 -9.174385024113801E-017
  5.074200000000001E-008 -9.170809680523838E-017
  5.074500000000001E-008 -9.167236099133861E-017
  5.074800000000001E-008 -9.163663959543878E-017
  5.075100000000001E-008 -9.160093582153889E-017
  5.075400000000001E-008 -9.156524806763890E-017
  5.075700000000001E-008 -9.152957633373886E-017
  5.076000000000001E-008 -9.149392061983871E-017
  5.076300000000001E-008 -9.145828092593852E-017
  5.076600000000001E-008 -9.145828092422981E-017
  5.076900000000001E-008 -9.142265885233007E-017
  5.077200000000001E-008 -9.138705119843042E-017
  5.077500000000001E-008 -9.135146116653056E-017
  5.077800000000001E-008 -9.131588715463117E-017
  5.078100000000001E-008 -9.128032916273080E-017
  5.078400000000001E-008 -9.124478719083071E-017
  5.078700000000001E-008 -9.120926123893061E-017
  5.079000000000001E-008 -9.117375130703042E-017
  5.079300000000001E-008 -9.113825739513021E-017
  5.079600000000001E-008 -9.110278110522982E-017
  5.079900000000001E-008 -9.106731923332944E-017
  5.080200000000001E-008 -9.103187498342895E-017
  5.080500000000001E-008 -9.099644515152839E-017
  5.080800000000001E-008 -9.096103294162774E-017
  5.081100000000001E-008 -9.092563675172704E-017
  5.081400000000001E-008 -9.089025658182623E-017
  5.081700000000001E-008 -9.085489082992536E-017
  5.082000000000001E-008 -9.085489082822799E-017
  5.082300000000001E-008 -9.081954269832769E-017
  5.082600000000001E-008 -9.078421058842726E-017
  5.082900000000001E-008 -9.074889449852732E-017
  5.083200000000001E-008 -9.071359442862633E-017
  5.083500000000001E-008 -9.067831037872567E-017
  5.083800000000001E-008 -9.064304234882499E-017
  5.084100000000001E-008 -9.060779033892421E-017
  5.084400000000001E-008 -9.057255434902338E-017
  5.084700000000001E-008 -9.053733437912248E-017
  5.085000000000001E-008 -9.050213042922146E-017
  5.085300000000001E-008 -9.046694249932040E-017
  5.085600000000001E-008 -9.043177058941927E-017
  5.085900000000001E-008 -9.039661469951804E-017
  5.086200000000001E-008 -9.036147482961675E-017
  5.086500000000001E-008 -9.032635097971537E-017
  5.086800000000001E-008 -9.029124314981392E-017
  5.087100000000001E-008 -9.025615133991241E-017
  5.087400000000001E-008 -9.025615133822625E-017
  5.087700000000001E-008 -9.022107394632534E-017
  5.088000000000001E-008 -9.018601417642485E-017
  5.088300000000001E-008 -9.015097042652316E-017
  5.088600000000001E-008 -9.011594109462201E-017
  5.088900000000001E-008 -9.008092938472068E-017
  5.089200000000001E-008 -9.004593209281939E-017
  5.089500000000001E-008 -9.001095242291794E-017
  5.089800000000001E-008 -8.997598717101644E-017
  5.090100000000001E-008 -8.994103793911491E-017
  5.090400000000001E-008 -8.990610632921325E-017
  5.090700000000001E-008 -8.987118913731149E-017
  5.091000000000001E-008 -8.983628636340971E-017
  5.091300000000001E-008 -8.980140121150786E-017
  5.091600000000001E-008 -8.976653207960591E-017
  5.091900000000001E-008 -8.973167896770389E-017
  5.092200000000001E-008 -8.969684027380178E-017
  5.092500000000001E-008 -8.966201759989960E-017
  5.092800000000001E-008 -8.962721254799736E-017
  5.093100000000001E-008 -8.962721254632362E-017
  5.093400000000001E-008 -8.959242191242142E-017
  5.093700000000001E-008 -8.955764729851957E-017
  5.094000000000001E-008 -8.952288710261781E-017
  5.094300000000001E-008 -8.948814452871591E-017
  5.094600000000001E-008 -8.945341797481384E-017
  5.094900000000001E-008 -8.941870583891179E-017
  5.095200000000001E-008 -8.938400972300965E-017
  5.095500000000001E-008 -8.934932962710746E-017
  5.095800000000001E-008 -8.931466555120511E-017
  5.096100000000001E-008 -8.928001589330279E-017
  5.096400000000001E-008 -8.924538385740033E-017
  5.096700000000001E-008 -8.921076623949781E-017
  5.097000000000001E-008 -8.917616464159522E-017
  5.097300000000001E-008 -8.914157906369256E-017
  5.097600000000001E-008 -8.910700950578980E-017
  5.097900000000001E-008 -8.907245436588702E-017
  5.098200000000001E-008 -8.903791524598412E-017
  5.098500000000001E-008 -8.903791524432095E-017
  5.098800000000001E-008 -8.900339214441861E-017
  5.099100000000001E-008 -8.896888506451616E-017
  5.099400000000001E-008 -8.893439240261374E-017
  5.099700000000001E-008 -8.889991736271115E-017
  5.100000000000001E-008 -8.886545674080844E-017
  5.100300000000001E-008 -8.883101053690579E-017
  5.100600000000001E-008 -8.879658195500298E-017
  5.100900000000001E-008 -8.876216779110012E-017
  5.101200000000001E-008 -8.872776964719720E-017
  5.101500000000001E-008 -8.869338752329415E-017
  5.101800000000001E-008 -8.865901981739107E-017
  5.102100000000001E-008 -8.862466813148793E-017
  5.102400000000001E-008 -8.859033246558470E-017
  5.102700000000001E-008 -8.855601281968139E-017
  5.103000000000001E-008 -8.852170759177798E-017
  5.103300000000001E-008 -8.848741838387458E-017
  5.103600000000001E-008 -8.845314519597103E-017
  5.103900000000001E-008 -8.845314519431886E-017
  5.104200000000001E-008 -8.841888642441589E-017
  5.104500000000001E-008 -8.838464367451287E-017
  5.104800000000001E-008 -8.835041694460969E-017
  5.105100000000001E-008 -8.831620463270649E-017
  5.105400000000001E-008 -8.828200834080324E-017
  5.105700000000001E-008 -8.824782806889985E-017
  5.106000000000001E-008 -8.821366221499641E-017
  5.106300000000001E-008 -8.817951238109295E-017
  5.106600000000001E-008 -8.814537856718938E-017
  5.106900000000001E-008 -8.811126077328572E-017
  5.107200000000001E-008 -8.807715739738197E-017
  5.107500000000001E-008 -8.804306843947818E-017
  5.107800000000001E-008 -8.800899550157432E-017
  5.108100000000001E-008 -8.797493858367037E-017
  5.108400000000001E-008 -8.794089768576642E-017
  5.108700000000001E-008 -8.790687120586230E-017
  5.109000000000001E-008 -8.787286074595813E-017
  5.109300000000001E-008 -8.787286074431689E-017
  5.109600000000001E-008 -8.783886470241329E-017
  5.109900000000001E-008 -8.780488468050956E-017
  5.110200000000001E-008 -8.777091907660588E-017
  5.110500000000001E-008 -8.773697109470193E-017
  5.110800000000001E-008 -8.770303592879811E-017
  5.111100000000001E-008 -8.766911838489404E-017
  5.111400000000001E-008 -8.763521365699002E-017
  5.111700000000001E-008 -8.760132655108588E-017
  5.112000000000001E-008 -8.756745386318163E-017
  5.112300000000001E-008 -8.753359559327741E-017
  5.112600000000001E-008 -8.749975494537302E-017
  5.112900000000001E-008 -8.746592711346860E-017
  5.113200000000001E-008 -8.743211530156407E-017
  5.113500000000001E-008 -8.739831950965964E-017
  5.113800000000001E-008 -8.736453973775491E-017
  5.114100000000001E-008 -8.733077278185016E-017
  5.114400000000001E-008 -8.729702344794538E-017
  5.114700000000001E-008 -8.729702344631504E-017
  5.115000000000001E-008 -8.726328853041074E-017
  5.115300000000001E-008 -8.722956803250646E-017
  5.115600000000001E-008 -8.719586355460201E-017
  5.115900000000001E-008 -8.716217349469757E-017
  5.116200000000001E-008 -8.712849945479307E-017
  5.116500000000001E-008 -8.709484143488834E-017
  5.116800000000001E-008 -8.706119623098373E-017
  5.117100000000001E-008 -8.702756864907895E-017
  5.117400000000001E-008 -8.699395548517410E-017
  5.117700000000001E-008 -8.696035673926919E-017
  5.118000000000001E-008 -8.692677401336422E-017
  5.118300000000001E-008 -8.689320570545912E-017
  5.118600000000001E-008 -8.685965341755417E-017
  5.118900000000001E-008 -8.682611554764889E-017
  5.119200000000001E-008 -8.679259369774356E-017
  5.119500000000001E-008 -8.675908626583823E-017
  5.119800000000001E-008 -8.672559485393281E-017
  5.120100000000001E-008 -8.672559485231323E-017
  5.120400000000001E-008 -8.669211785840831E-017
  5.120700000000001E-008 -8.665865528250340E-017
  5.121000000000001E-008 -8.662520872659834E-017
  5.121300000000001E-008 -8.659177658869327E-017
  5.121600000000001E-008 -8.655836047078809E-017
  5.121900000000001E-008 -8.652495877088282E-017
  5.122200000000001E-008 -8.649157148897751E-017
  5.122500000000001E-008 -8.645820022707218E-017
  5.122800000000001E-008 -8.642484498516664E-017
  5.123100000000001E-008 -8.639150255926119E-017
  5.123400000000001E-008 -8.635817775535549E-017
  5.123700000000001E-008 -8.632486576745001E-017
  5.124000000000001E-008 -8.629156979954416E-017
  5.124300000000001E-008 -8.625828824963828E-017
  5.124600000000001E-008 -8.622502271973240E-017
  5.124900000000001E-008 -8.619177160782645E-017
  5.125200000000001E-008 -8.615853491392042E-017
  5.125500000000001E-008 -8.615853491231155E-017
  5.125800000000001E-008 -8.612531423840601E-017
  5.126100000000001E-008 -8.609210798250041E-017
  5.126400000000001E-008 -8.605891614459479E-017
  5.126700000000001E-008 -8.602574032668905E-017
  5.127000000000001E-008 -8.599257892678331E-017
  5.127300000000001E-008 -8.595943354687738E-017
  5.127600000000001E-008 -8.592630098297144E-017
  5.127900000000001E-008 -8.589318443906547E-017
  5.128200000000001E-008 -8.586008391515940E-017
  5.128500000000001E-008 -8.582699780925318E-017
  5.128800000000001E-008 -8.579392612134718E-017
  5.129100000000001E-008 -8.576086885144077E-017
  5.129400000000001E-008 -8.572782760153430E-017
  5.129700000000001E-008 -8.569479916762792E-017
  5.130000000000001E-008 -8.566178835572140E-017
  5.130300000000001E-008 -8.562879035981481E-017
  5.130600000000001E-008 -8.559580838390817E-017
  5.130900000000001E-008 -8.559580838230989E-017
  5.131200000000001E-008 -8.556284082440375E-017
  5.131500000000001E-008 -8.552988768449761E-017
  5.131800000000001E-008 -8.549695056459130E-017
  5.132100000000001E-008 -8.546402786268495E-017
  5.132400000000001E-008 -8.543111957877852E-017
  5.132700000000001E-008 -8.539822571287210E-017
  5.133000000000001E-008 -8.536534786696551E-017
  5.133300000000001E-008 -8.533248443905891E-017
  5.133600000000001E-008 -8.529963542915213E-017
  5.133900000000001E-008 -8.526680083724564E-017
  5.134200000000001E-008 -8.523398066333866E-017
  5.134500000000001E-008 -8.520117650943168E-017
  5.134800000000001E-008 -8.516838677352471E-017
  5.135100000000001E-008 -8.513561145561767E-017
  5.135400000000001E-008 -8.510285215771055E-017
  5.135700000000001E-008 -8.507010567580336E-017
  5.136000000000001E-008 -8.503737521389610E-017
  5.136300000000001E-008 -8.500465916998877E-017
  5.136600000000001E-008 -8.500465916840158E-017
  5.136900000000001E-008 -8.497195754249485E-017
  5.137200000000001E-008 -8.493927193658788E-017
  5.137500000000001E-008 -8.490659914668098E-017
  5.137800000000001E-008 -8.487394237677395E-017
  5.138100000000001E-008 -8.484130002486684E-017
  5.138400000000001E-008 -8.480867209095968E-017
  5.138700000000001E-008 -8.477605857505243E-017
  5.139000000000001E-008 -8.474346107914539E-017
  5.139300000000001E-008 -8.471087639923782E-017
  5.139600000000001E-008 -8.467830773933031E-017
  5.139900000000001E-008 -8.464575349742282E-017
  5.140200000000001E-008 -8.461321367351522E-017
  5.140500000000001E-008 -8.458068826760757E-017
  5.140800000000001E-008 -8.454817727969984E-017
  5.141100000000001E-008 -8.451568070979206E-017
  5.141400000000001E-008 -8.448320015988419E-017
  5.141700000000001E-008 -8.445073242597626E-017
  5.142000000000001E-008 -8.445073242439956E-017
  5.142300000000001E-008 -8.441828071049212E-017
  5.142600000000001E-008 -8.438584341458462E-017
  5.142900000000001E-008 -8.435342053667707E-017
  5.143200000000001E-008 -8.432101207676943E-017
  5.143500000000001E-008 -8.428861803486173E-017
  5.143800000000001E-008 -8.425623841095389E-017
  5.144100000000001E-008 -8.422387320504646E-017
  5.144400000000001E-008 -8.419152401913825E-017
  5.144700000000001E-008 -8.415918764923019E-017
  5.145000000000001E-008 -8.412686569732221E-017
  5.145300000000001E-008 -8.409455976541410E-017
  5.145600000000001E-008 -8.406226825150588E-017
  5.145900000000001E-008 -8.402998955359764E-017
  5.146200000000001E-008 -8.399772687568932E-017
  5.146500000000001E-008 -8.396547861578091E-017
  5.146800000000001E-008 -8.393324317187244E-017
  5.147100000000001E-008 -8.390102374796392E-017
  5.147400000000001E-008 -8.390102374639756E-017
  5.147700000000001E-008 -8.386881874048953E-017
  5.148000000000001E-008 -8.383662815258143E-017
  5.148300000000001E-008 -8.380445198267328E-017
  5.148600000000001E-008 -8.377229023076503E-017
  5.148900000000001E-008 -8.374014289685675E-017
  5.149200000000001E-008 -8.370800998094832E-017
  5.149500000000001E-008 -8.367589148304023E-017
  5.149800000000001E-008 -8.364378740313148E-017
  5.150100000000001E-008 -8.361169774122279E-017
  5.150400000000001E-008 -8.357962089531418E-017
  5.150700000000001E-008 -8.354756006940548E-017
  5.151000000000001E-008 -8.351551366149668E-017
  5.151300000000001E-008 -8.348348167158783E-017
  5.151600000000001E-008 -8.345146409967890E-017
  5.151900000000001E-008 -8.341946094576992E-017
  5.152200000000001E-008 -8.338747220986086E-017
  5.152500000000001E-008 -8.335549628995173E-017
  5.152800000000001E-008 -8.335549628839567E-017
  5.153100000000001E-008 -8.332353638848705E-017
  5.153400000000001E-008 -8.329159090657828E-017
  5.153700000000001E-008 -8.325965824066960E-017
  5.154000000000001E-008 -8.322774159476071E-017
  5.154300000000001E-008 -8.319583776485181E-017
  5.154600000000001E-008 -8.316394995494321E-017
  5.154900000000001E-008 -8.313207496103387E-017
  5.155200000000001E-008 -8.310021438512472E-017
  5.155500000000001E-008 -8.306836822721555E-017
  5.155800000000001E-008 -8.303653648730631E-017
  5.156100000000001E-008 -8.300471916539700E-017
  5.156400000000001E-008 -8.297291626148764E-017
  5.156700000000001E-008 -8.294112777557816E-017
  5.157000000000001E-008 -8.290935210566867E-017
  5.157300000000001E-008 -8.287759245575908E-017
  5.157600000000001E-008 -8.284584562184944E-017
  5.157900000000001E-008 -8.281411480793970E-017
  5.158200000000001E-008 -8.281411480639381E-017
  5.158500000000001E-008 -8.278239680848460E-017
  5.158800000000001E-008 -8.275069322857532E-017
  5.159100000000001E-008 -8.271900406666600E-017
  5.159400000000001E-008 -8.268732932275644E-017
  5.159700000000001E-008 -8.265566739484745E-017
  5.160000000000001E-008 -8.262402148693751E-017
  5.160300000000001E-008 -8.259238839502783E-017
  5.160600000000001E-008 -8.256076972111817E-017
  5.160900000000001E-008 -8.252916546520839E-017
  5.161200000000001E-008 -8.249757562729858E-017
  5.161500000000001E-008 -8.246600020738864E-017
  5.161800000000001E-008 -8.243443760347871E-017
  5.162100000000001E-008 -8.240289101956867E-017
  5.162400000000001E-008 -8.237135725165855E-017
  5.162700000000001E-008 -8.233983790174838E-017
  5.163000000000001E-008 -8.230833296983814E-017
  5.163300000000001E-008 -8.227684085392783E-017
  5.163600000000001E-008 -8.227684085239213E-017
  5.163900000000001E-008 -8.224536475648226E-017
  5.164200000000001E-008 -8.221390147657241E-017
  5.164500000000001E-008 -8.218245261466235E-017
  5.164800000000001E-008 -8.215101656875288E-017
  5.165100000000001E-008 -8.211959654284237E-017
  5.165400000000001E-008 -8.208818933293219E-017
  5.165700000000001E-008 -8.205679654102200E-017
  5.166000000000001E-008 -8.202541816711173E-017
  5.166300000000001E-008 -8.199405421120136E-017
  5.166600000000001E-008 -8.196270307129095E-017
  5.166900000000001E-008 -8.193136634938046E-017
  5.167200000000001E-008 -8.190004404546991E-017
  5.167500000000001E-008 -8.186873615955930E-017
  5.167800000000001E-008 -8.183744108964858E-017
  5.168100000000001E-008 -8.180616043773784E-017
  5.168400000000001E-008 -8.177489420382702E-017
  5.168700000000001E-008 -8.174364078591615E-017
  5.169000000000001E-008 -8.174364078439049E-017
  5.169300000000001E-008 -8.171240338648004E-017
  5.169600000000001E-008 -8.168117880456948E-017
  5.169900000000001E-008 -8.164996703865951E-017
  5.170200000000001E-008 -8.161877129274845E-017
  5.170500000000001E-008 -8.158758836283778E-017
  5.170800000000001E-008 -8.155641985092702E-017
  5.171100000000001E-008 -8.152526415501623E-017
  5.171400000000001E-008 -8.149412287710538E-017
  5.171700000000001E-008 -8.146299601719446E-017
  5.172000000000001E-008 -8.143188357528345E-017
  5.172300000000001E-008 -8.140078394937237E-017
  5.172600000000001E-008 -8.136969874146126E-017
  5.172900000000001E-008 -8.133862795155004E-017
  5.173200000000001E-008 -8.130756997763878E-017
  5.173500000000001E-008 -8.127652642172743E-017
  5.173800000000001E-008 -8.124549568181604E-017
  5.174100000000001E-008 -8.121448096190457E-017
  5.174400000000001E-008 -8.118347745599305E-017
  5.174700000000001E-008 -8.118347745447788E-017
  5.175000000000001E-008 -8.115248996856726E-017
  5.175300000000001E-008 -8.112151529865575E-017
  5.175600000000001E-008 -8.109055504674451E-017
  5.175900000000001E-008 -8.105960761083328E-017
  5.176200000000001E-008 -8.102867459292200E-017
  5.176500000000001E-008 -8.099775599301060E-017
  5.176800000000001E-008 -8.096685020909917E-017
  5.177100000000001E-008 -8.093595884318767E-017
  5.177400000000001E-008 -8.090508189527607E-017
  5.177700000000001E-008 -8.087421776336444E-017
  5.178000000000001E-008 -8.084336804945271E-017
  5.178300000000001E-008 -8.081253115154095E-017
  5.178600000000001E-008 -8.078170867162910E-017
  5.178900000000001E-008 -8.075089900771719E-017
  5.179200000000001E-008 -8.072010376180523E-017
  5.179500000000001E-008 -8.068932293389317E-017
  5.179800000000001E-008 -8.065855492198108E-017
  5.180100000000001E-008 -8.065855492047629E-017
  5.180400000000001E-008 -8.062780132656416E-017
  5.180700000000001E-008 -8.059706054865247E-017
  5.181000000000001E-008 -8.056633418874077E-017
  5.181300000000001E-008 -8.053562224682892E-017
  5.181600000000001E-008 -8.050492312091699E-017
  5.181900000000001E-008 -8.047423681100507E-017
  5.182200000000001E-008 -8.044356491909308E-017
  5.182500000000001E-008 -8.041290744518096E-017
  5.182800000000001E-008 -8.038226278726884E-017
  5.183100000000001E-008 -8.035163254735659E-017
  5.183400000000001E-008 -8.032101512344434E-017
  5.183700000000001E-008 -8.029041211753198E-017
  5.184000000000001E-008 -8.025982192761957E-017
  5.184300000000001E-008 -8.022924615570710E-017
  5.184600000000001E-008 -8.019868319979453E-017
  5.184900000000001E-008 -8.016813466188196E-017
  5.185200000000001E-008 -8.013759893996926E-017
  5.185500000000001E-008 -8.013759893847380E-017
  5.185800000000001E-008 -8.010707763456158E-017
  5.186100000000001E-008 -8.007656914664936E-017
  5.186400000000001E-008 -8.004607507673700E-017
  5.186700000000001E-008 -8.001559382282464E-017
  5.187000000000001E-008 -7.998512698691214E-017
  5.187300000000001E-008 -7.995467296699967E-017
  5.187600000000001E-008 -7.992423336508706E-017
  5.187900000000001E-008 -7.989380657917438E-017
  5.188200000000001E-008 -7.986339260926167E-017
  5.188500000000001E-008 -7.983299305734893E-017
  5.188800000000001E-008 -7.980260792343606E-017
  5.189100000000001E-008 -7.977223560552314E-017
  5.189400000000001E-008 -7.974187610361018E-017
  5.189700000000001E-008 -7.971153101969710E-017
  5.190000000000001E-008 -7.968119875178406E-017
  5.190300000000001E-008 -7.965088090187086E-017
  5.190600000000001E-008 -7.962057586795760E-017
  5.190900000000001E-008 -7.962057586647183E-017
  5.191200000000001E-008 -7.959028364855911E-017
  5.191500000000001E-008 -7.956000584864634E-017
  5.191800000000001E-008 -7.952974246673333E-017
  5.192100000000001E-008 -7.949949029882049E-017
  5.192400000000001E-008 -7.946925415090738E-017
  5.192700000000001E-008 -7.943902921699432E-017
  5.193000000000001E-008 -7.940881870108115E-017
  5.193300000000001E-008 -7.937862100116796E-017
  5.193600000000001E-008 -7.934843771925468E-017
  5.193900000000001E-008 -7.931826725334133E-017
  5.194200000000001E-008 -7.928811120542793E-017
  5.194500000000001E-008 -7.925796797351444E-017
  5.194800000000001E-008 -7.922783755760091E-017
  5.195100000000001E-008 -7.919772155968728E-017
  5.195400000000001E-008 -7.916761837777366E-017
  5.195700000000001E-008 -7.913752801185992E-017
  5.196000000000001E-008 -7.910745206394609E-017
  5.196300000000001E-008 -7.910745206247003E-017
  5.196600000000001E-008 -7.907738893055666E-017
  5.196900000000001E-008 -7.904733861464333E-017
  5.197200000000001E-008 -7.901730271672986E-017
  5.197500000000001E-008 -7.898727963481632E-017
  5.197800000000001E-008 -7.895726936890277E-017
  5.198100000000001E-008 -7.892727352098912E-017
  5.198400000000001E-008 -7.889729048907538E-017
  5.198700000000001E-008 -7.886732027316164E-017
  5.199000000000001E-008 -7.883736447524779E-017
  5.199300000000001E-008 -7.880742149333385E-017
  5.199600000000001E-008 -7.877749132741992E-017
  5.199900000000001E-008 -7.874757557950589E-017
  5.200200000000001E-008 -7.871767264759175E-017
  5.200500000000001E-008 -7.868778253167769E-017
  5.200800000000001E-008 -7.865790523176341E-017
  5.201100000000001E-008 -7.862804234984908E-017
  5.201400000000001E-008 -7.859819228393474E-017
  5.201700000000001E-008 -7.859819228246833E-017
  5.202000000000001E-008 -7.856835663455435E-017
  5.202300000000001E-008 -7.853853220064046E-017
  5.202600000000001E-008 -7.850872218472642E-017
  5.202900000000001E-008 -7.847892498481240E-017
  5.203200000000001E-008 -7.844914220289817E-017
  5.203500000000001E-008 -7.841937063498401E-017
  5.203800000000001E-008 -7.838961348506972E-017
  5.204100000000001E-008 -7.835986915115542E-017
  5.204400000000001E-008 -7.833013923524098E-017
  5.204700000000001E-008 -7.830042053332654E-017
  5.205000000000001E-008 -7.827071624941202E-017
  5.205300000000001E-008 -7.824102478149741E-017
  5.205600000000001E-008 -7.821134773158287E-017
  5.205900000000001E-008 -7.818168189566809E-017
  5.206200000000001E-008 -7.815203047775327E-017
  5.206500000000001E-008 -7.812239187583844E-017
  5.206800000000001E-008 -7.809276608992354E-017
  5.207100000000001E-008 -7.809276608846664E-017
  5.207400000000001E-008 -7.806315472055209E-017
  5.207700000000001E-008 -7.803355456663766E-017
  5.208000000000001E-008 -7.800396883072307E-017
  5.208300000000001E-008 -7.797439591080843E-017
  5.208600000000001E-008 -7.794483580689379E-017
  5.208900000000001E-008 -7.791529012097896E-017
  5.209200000000001E-008 -7.788575564906418E-017
  5.209500000000001E-008 -7.785623559514930E-017
  5.209800000000001E-008 -7.782672835723432E-017
  5.210100000000001E-008 -7.779723393531933E-017
  5.210400000000001E-008 -7.776775232940418E-017
  5.210700000000001E-008 -7.773828353948926E-017
  5.211000000000001E-008 -7.770882916757397E-017
  5.211300000000001E-008 -7.767938761165864E-017
  5.211600000000001E-008 -7.764995887174331E-017
  5.211900000000001E-008 -7.762054294782792E-017
  5.212200000000001E-008 -7.759113983991246E-017
  5.212500000000001E-008 -7.756174954799694E-017
  5.212800000000001E-008 -7.756174954654995E-017
  5.213100000000001E-008 -7.753237207063497E-017
  5.213400000000001E-008 -7.750300901271984E-017
  5.213700000000001E-008 -7.747365877080458E-017
  5.214000000000001E-008 -7.744431974288941E-017
  5.214300000000001E-008 -7.741499513297409E-017
  5.214600000000001E-008 -7.738568333905870E-017
  5.214900000000001E-008 -7.735638436114331E-017
  5.215200000000001E-008 -7.732709980122779E-017
  5.215500000000001E-008 -7.729782645531215E-017
  5.215800000000001E-008 -7.726856592539681E-017
  5.216100000000001E-008 -7.723931981348096E-017
  5.216400000000001E-008 -7.721008491556516E-017
  5.216700000000001E-008 -7.718086443564939E-017
  5.217000000000001E-008 -7.715165677173349E-017
  5.217300000000001E-008 -7.712246192381756E-017
  5.217600000000001E-008 -7.709327989190155E-017
  5.217900000000001E-008 -7.706411067598549E-017
  5.218200000000001E-008 -7.706411067454790E-017
  5.218500000000001E-008 -7.703495427463230E-017
  5.218800000000001E-008 -7.700581069071663E-017
  5.219100000000001E-008 -7.697667992280090E-017
  5.219400000000001E-008 -7.694756197088510E-017
  5.219700000000001E-008 -7.691845683496932E-017
  5.220000000000001E-008 -7.688936611705335E-017
  5.220300000000001E-008 -7.686028661313737E-017
  5.220600000000001E-008 -7.683121992522132E-017
  5.220900000000001E-008 -7.680216765530545E-017
  5.221200000000001E-008 -7.677312659938911E-017
  5.221500000000001E-008 -7.674409835947286E-017
  5.221800000000001E-008 -7.671508453755656E-017
  5.222100000000001E-008 -7.668608192964023E-017
  5.222400000000001E-008 -7.665709373972380E-017
  5.222700000000001E-008 -7.662811676380733E-017
  5.223000000000001E-008 -7.659915420589078E-017
  5.223300000000001E-008 -7.657020286197419E-017
  5.223600000000001E-008 -7.657020286054595E-017
  5.223900000000001E-008 -7.654126593462973E-017
  5.224200000000001E-008 -7.651234022271358E-017
  5.224500000000001E-008 -7.648342892879727E-017
  5.224800000000001E-008 -7.645452884888092E-017
  5.225100000000001E-008 -7.642564158496460E-017
  5.225400000000001E-008 -7.639676873904812E-017
  5.225700000000001E-008 -7.636790710713151E-017
  5.226000000000001E-008 -7.633905829121529E-017
  5.226300000000001E-008 -7.631022389329842E-017
  5.226600000000001E-008 -7.628140070938164E-017
  5.226900000000001E-008 -7.625259034146491E-017
  5.227200000000001E-008 -7.622379278954808E-017
  5.227500000000001E-008 -7.619500805363120E-017
  5.227800000000001E-008 -7.616623613371425E-017
  5.228100000000001E-008 -7.613747702979724E-017
  5.228400000000001E-008 -7.610873074188016E-017
  5.228700000000001E-008 -7.607999726996302E-017
  5.229000000000001E-008 -7.607999726854399E-017
  5.229300000000001E-008 -7.605127661262724E-017
  5.229600000000001E-008 -7.602256717071058E-017
  5.229900000000001E-008 -7.599387214679371E-017
  5.230200000000001E-008 -7.596518833687692E-017
  5.230500000000001E-008 -7.593651894495995E-017
  5.230800000000001E-008 -7.590786076704289E-017
  5.231100000000001E-008 -7.587921540512623E-017
  5.231400000000001E-008 -7.585058446120886E-017
  5.231700000000001E-008 -7.582196473129158E-017
  5.232000000000001E-008 -7.579335621537439E-017
  5.232300000000001E-008 -7.576476211745710E-017
  5.232600000000001E-008 -7.573618083553971E-017
  5.232900000000001E-008 -7.570761076762230E-017
  5.233200000000001E-008 -7.567905511770482E-017
  5.233500000000001E-008 -7.565051068178729E-017
  5.233800000000001E-008 -7.562197906186967E-017
  5.234100000000001E-008 -7.559346025795200E-017
  5.234400000000001E-008 -7.559346025654213E-017
  5.234700000000001E-008 -7.556495426862493E-017
  5.235000000000001E-008 -7.553646109670759E-017
  5.235300000000001E-008 -7.550797913879033E-017
  5.235600000000001E-008 -7.547951159887288E-017
  5.235900000000001E-008 -7.545105527295544E-017
  5.236200000000001E-008 -7.542261176303787E-017
  5.236500000000001E-008 -7.539418106912063E-017
  5.236800000000001E-008 -7.536576319120270E-017
  5.237100000000001E-008 -7.533735652728498E-017
  5.237400000000001E-008 -7.530896428136721E-017
  5.237700000000001E-008 -7.528058324944938E-017
  5.238000000000001E-008 -7.525221503353150E-017
  5.238300000000001E-008 -7.522385963361354E-017
  5.238600000000001E-008 -7.519551544769554E-017
  5.238900000000001E-008 -7.516718567977748E-017
  5.239200000000001E-008 -7.513886712585933E-017
  5.239500000000001E-008 -7.511056138794113E-017
  5.239800000000001E-008 -7.511056138654036E-017
  5.240100000000001E-008 -7.508226846462263E-017
  5.240400000000001E-008 -7.505398835870477E-017
  5.240700000000001E-008 -7.502571946678691E-017
  5.241000000000001E-008 -7.499746339086901E-017
  5.241300000000001E-008 -7.496922013095098E-017
  5.241600000000001E-008 -7.494098968703324E-017
  5.241900000000001E-008 -7.491277045711493E-017
  5.242200000000001E-008 -7.488456564519669E-017
  5.242500000000001E-008 -7.485637204727841E-017
  5.242800000000001E-008 -7.482818966336016E-017
  5.243100000000001E-008 -7.480002169744179E-017
  5.243400000000001E-008 -7.477186494552338E-017
  5.243700000000001E-008 -7.474372100960492E-017
  5.244000000000001E-008 -7.471558988968637E-017
  5.244300000000001E-008 -7.468746998376778E-017
  5.244600000000001E-008 -7.465936449584912E-017
  5.244900000000001E-008 -7.463126861993039E-017
  5.245200000000001E-008 -7.463126861853867E-017
  5.245500000000001E-008 -7.460318716062043E-017
  5.245800000000001E-008 -7.457511851870203E-017
  5.246100000000001E-008 -7.454706109078358E-017
  5.246400000000001E-008 -7.451901487686518E-017
  5.246700000000001E-008 -7.449098308094701E-017
  5.247000000000001E-008 -7.446296249902814E-017
  5.247300000000001E-008 -7.443495473310948E-017
  5.247600000000001E-008 -7.440695978319077E-017
  5.247900000000001E-008 -7.437897604727200E-017
  5.248200000000001E-008 -7.435100512735323E-017
  5.248500000000001E-008 -7.432304702343432E-017
  5.248800000000001E-008 -7.429510013351539E-017
  5.249100000000001E-008 -7.426716605959640E-017
  5.249400000000001E-008 -7.423924480167734E-017
  5.249700000000001E-008 -7.421133475775822E-017
  5.250000000000001E-008 -7.418343752983905E-017
  5.250300000000001E-008 -7.415555311791981E-017
  5.250600000000001E-008 -7.415555311653698E-017
  5.250900000000001E-008 -7.412767991861829E-017
  5.251200000000001E-008 -7.409982113869931E-017
  5.251500000000001E-008 -7.407197197078046E-017
  5.251800000000001E-008 -7.404413722086186E-017
  5.252100000000001E-008 -7.401631368494242E-017
  5.252400000000001E-008 -7.398850136302331E-017
  5.252700000000001E-008 -7.396070185710419E-017
  5.253000000000001E-008 -7.393291516718500E-017
  5.253300000000001E-008 -7.390514129326569E-017
  5.253600000000001E-008 -7.387737863334639E-017
  5.253900000000001E-008 -7.384962878942697E-017
  5.254200000000001E-008 -7.382189015950752E-017
  5.254500000000001E-008 -7.379416434558801E-017
  5.254800000000001E-008 -7.376645134766844E-017
  5.255100000000001E-008 -7.373874956374880E-017
  5.255400000000001E-008 -7.371106059582912E-017
  5.255700000000001E-008 -7.368338284190935E-017
  5.256000000000001E-008 -7.365571790398955E-017
  5.256300000000001E-008 -7.365571790261618E-017
  5.256600000000001E-008 -7.362806578069673E-017
  5.256900000000001E-008 -7.360042487277767E-017
  5.257200000000001E-008 -7.357279517885790E-017
  5.257500000000001E-008 -7.354517990293829E-017
  5.257800000000001E-008 -7.351757584101866E-017
  5.258100000000001E-008 -7.348998299309900E-017
  5.258400000000001E-008 -7.346240296117930E-017
  5.258700000000001E-008 -7.343483574525949E-017
  5.259000000000001E-008 -7.340727974333966E-017
  5.259300000000001E-008 -7.337973655741973E-017
  5.259600000000001E-008 -7.335220458549976E-017
  5.259900000000001E-008 -7.332468542957974E-017
  5.260200000000001E-008 -7.329717748765966E-017
  5.260500000000001E-008 -7.326968236173951E-017
  5.260800000000001E-008 -7.324219844981930E-017
  5.261100000000001E-008 -7.321472735389905E-017
  5.261400000000001E-008 -7.318726907397873E-017
  5.261700000000001E-008 -7.318726907261412E-017
  5.262000000000001E-008 -7.315982200669463E-017
  5.262300000000001E-008 -7.313238615477431E-017
  5.262600000000001E-008 -7.310496311885432E-017
  5.262900000000001E-008 -7.307755289893423E-017
  5.263200000000001E-008 -7.305015389301413E-017
  5.263500000000001E-008 -7.302276770309394E-017
  5.263800000000001E-008 -7.299539272717366E-017
  5.264100000000001E-008 -7.296802896525337E-017
  5.264400000000001E-008 -7.294067801933305E-017
  5.264700000000001E-008 -7.291333988941261E-017
  5.265000000000001E-008 -7.288601297349213E-017
  5.265300000000001E-008 -7.285869887357160E-017
  5.265600000000001E-008 -7.283139598765099E-017
  5.265900000000001E-008 -7.280410431573035E-017
  5.266200000000001E-008 -7.277682545980964E-017
  5.266500000000001E-008 -7.274955781788886E-017
  5.266800000000001E-008 -7.272230299196804E-017
  5.267100000000001E-008 -7.272230299061271E-017
  5.267400000000001E-008 -7.269506098069184E-017
  5.267700000000001E-008 -7.266783018477133E-017
  5.268000000000001E-008 -7.264061060285085E-017
  5.268300000000001E-008 -7.261340383693025E-017
  5.268600000000001E-008 -7.258620828500959E-017
  5.268900000000001E-008 -7.255902394708894E-017
  5.269200000000001E-008 -7.253185242516821E-017
  5.269500000000001E-008 -7.250469371924739E-017
  5.269800000000001E-008 -7.247754622732651E-017
  5.270100000000001E-008 -7.245040994940559E-017
  5.270400000000001E-008 -7.242328648748460E-017
  5.270700000000001E-008 -7.239617423956358E-017
  5.271000000000001E-008 -7.236907480764248E-017
  5.271300000000001E-008 -7.234198658972132E-017
  5.271600000000001E-008 -7.231490958580009E-017
  5.271900000000001E-008 -7.228784539787885E-017
  5.272200000000001E-008 -7.226079242395750E-017
  5.272500000000001E-008 -7.226079242261037E-017
  5.272800000000001E-008 -7.223375226468944E-017
  5.273100000000001E-008 -7.220672332076845E-017
  5.273400000000001E-008 -7.217970559084748E-017
  5.273700000000001E-008 -7.215270067692637E-017
  5.274000000000001E-008 -7.212570697700526E-017
  5.274300000000001E-008 -7.209872609308406E-017
  5.274600000000001E-008 -7.207175642316277E-017
  5.274900000000001E-008 -7.204479796724148E-017
  5.275200000000001E-008 -7.201785232732011E-017
  5.275500000000001E-008 -7.199091790139867E-017
  5.275800000000001E-008 -7.196399468947722E-017
  5.276100000000001E-008 -7.193708429355566E-017
  5.276400000000001E-008 -7.191018511163406E-017
  5.276700000000001E-008 -7.188329714371237E-017
  5.277000000000001E-008 -7.185642199179072E-017
  5.277300000000001E-008 -7.182955805386892E-017
  5.277600000000001E-008 -7.180270693194708E-017
  5.277900000000001E-008 -7.180270693060858E-017
  5.278200000000001E-008 -7.177586702268713E-017
  5.278500000000001E-008 -7.174903832876565E-017
  5.278800000000001E-008 -7.172222084884419E-017
  5.279100000000001E-008 -7.169541618492256E-017
  5.279400000000001E-008 -7.166862273500099E-017
  5.279700000000001E-008 -7.164184210107920E-017
  5.280000000000001E-008 -7.161507107915753E-017
  5.280300000000001E-008 -7.158831447523567E-017
  5.280600000000001E-008 -7.156156748331382E-017
  5.280900000000001E-008 -7.153483330739189E-017
  5.281200000000001E-008 -7.150811034546990E-017
  5.281500000000001E-008 -7.148139859754785E-017
  5.281800000000001E-008 -7.145469806362577E-017
  5.282100000000001E-008 -7.142801034570358E-017
  5.282400000000001E-008 -7.140133384178144E-017
  5.282700000000001E-008 -7.137467015385916E-017
  5.283000000000001E-008 -7.134801607793679E-017
  5.283300000000001E-008 -7.134801607660685E-017
  5.283600000000001E-008 -7.132137481668499E-017
  5.283900000000001E-008 -7.129474637276293E-017
  5.284200000000001E-008 -7.126812754084096E-017
  5.284500000000001E-008 -7.124152152491887E-017
  5.284800000000001E-008 -7.121492672299672E-017
  5.285100000000001E-008 -7.118834313507459E-017
  5.285400000000001E-008 -7.116177236315225E-017
  5.285700000000001E-008 -7.113521120322999E-017
  5.286000000000001E-008 -7.110866285930766E-017
  5.286300000000001E-008 -7.108212733138518E-017
  5.286600000000001E-008 -7.105560141546271E-017
  5.286900000000001E-008 -7.102908831554019E-017
  5.287200000000001E-008 -7.100258642961756E-017
  5.287500000000001E-008 -7.097609575769500E-017
  5.287800000000001E-008 -7.094961629977226E-017
  5.288100000000001E-008 -7.092314965784946E-017
  5.288400000000001E-008 -7.089669422992665E-017
  5.288700000000001E-008 -7.089669422860520E-017
  5.289000000000001E-008 -7.087025001468278E-017
  5.289300000000001E-008 -7.084381701476038E-017
  5.289600000000001E-008 -7.081739683083778E-017
  5.289900000000001E-008 -7.079098625891526E-017
  5.290200000000001E-008 -7.076458850299262E-017
  5.290500000000001E-008 -7.073820196106991E-017
  5.290800000000001E-008 -7.071182663314720E-017
  5.291100000000001E-008 -7.068546412122441E-017
  5.291400000000001E-008 -7.065911282330150E-017
  5.291700000000001E-008 -7.063277113737861E-017
  5.292000000000001E-008 -7.060644226745565E-017
  5.292300000000001E-008 -7.058012461153260E-017
  5.292600000000001E-008 -7.055381977160964E-017
  5.292900000000001E-008 -7.052752454368644E-017
  5.293200000000001E-008 -7.050124213176319E-017
  5.293500000000001E-008 -7.047497093383995E-017
  5.293800000000001E-008 -7.044871094991663E-017
  5.294100000000001E-008 -7.042246217999328E-017
  5.294400000000001E-008 -7.042246217868071E-017
  5.294700000000001E-008 -7.039622462275775E-017
  5.295000000000001E-008 -7.036999828083480E-017
  5.295300000000001E-008 -7.034378475491165E-017
  5.295600000000001E-008 -7.031758084098859E-017
  5.295900000000001E-008 -7.029138974306540E-017
  5.296200000000001E-008 -7.026520985914217E-017
  5.296500000000001E-008 -7.023904118921888E-017
  5.296800000000001E-008 -7.021288373329557E-017
  5.297100000000001E-008 -7.018673909337213E-017
  5.297400000000001E-008 -7.016060406544867E-017
  5.297700000000001E-008 -7.013448185352529E-017
  5.298000000000001E-008 -7.010836925360165E-017
  5.298300000000001E-008 -7.008226946967796E-017
  5.298600000000001E-008 -7.005618089975430E-017
  5.298900000000001E-008 -7.003010354383054E-017
  5.299200000000001E-008 -7.000403740190676E-017
  5.299500000000001E-008 -6.997798247398291E-017
  5.299800000000001E-008 -6.997798247267871E-017
  5.300100000000001E-008 -6.995193875875526E-017
  5.300400000000001E-008 -6.992590625883185E-017
  5.300700000000001E-008 -6.989988657490821E-017
  5.301000000000001E-008 -6.987387650298467E-017
  5.301300000000001E-008 -6.984787924706094E-017
  5.301600000000001E-008 -6.982189160313726E-017
  5.301900000000001E-008 -6.979591677521350E-017
  5.302200000000001E-008 -6.976995316128962E-017
  5.302500000000001E-008 -6.974399915936573E-017
  5.302800000000001E-008 -6.971805797344199E-017
  5.303100000000001E-008 -6.969212800151788E-017
  5.303400000000001E-008 -6.966620924359377E-017
  5.303700000000001E-008 -6.964030169966966E-017
  5.304000000000001E-008 -6.961440536974550E-017
  5.304300000000001E-008 -6.958852025382128E-017
  5.304600000000001E-008 -6.956264635189700E-017
  5.304900000000001E-008 -6.953678366397266E-017
  5.305200000000001E-008 -6.953678366267679E-017
  5.305500000000001E-008 -6.951093218875286E-017
  5.305800000000001E-008 -6.948509192882895E-017
  5.306100000000001E-008 -6.945926448490485E-017
  5.306400000000001E-008 -6.943344665298075E-017
  5.306700000000001E-008 -6.940764003505661E-017
  5.307000000000001E-008 -6.938184463113241E-017
  5.307300000000001E-008 -6.935606044120822E-017
  5.307600000000001E-008 -6.933028906728382E-017
  5.307900000000001E-008 -6.930452730535968E-017
  5.308200000000001E-008 -6.927877675743510E-017
  5.308500000000001E-008 -6.925303742351057E-017
  5.308800000000001E-008 -6.922730930358607E-017
  5.309100000000001E-008 -6.920159399966146E-017
  5.309400000000001E-008 -6.917588830773682E-017
  5.309700000000001E-008 -6.915019382981213E-017
  5.310000000000001E-008 -6.912451056588738E-017
  5.310300000000001E-008 -6.909883851596257E-017
  5.310600000000001E-008 -6.909883851467493E-017
  5.310900000000001E-008 -6.907317767875053E-017
  5.311200000000001E-008 -6.904752805682607E-017
  5.311500000000001E-008 -6.902188964890156E-017
  5.311800000000001E-008 -6.899626245497699E-017
  5.312100000000001E-008 -6.897064647505237E-017
  5.312400000000001E-008 -6.894504170912772E-017
  5.312700000000001E-008 -6.891944815720287E-017
  5.313000000000001E-008 -6.889386421727838E-017
  5.313300000000001E-008 -6.886829309335339E-017
  5.313600000000001E-008 -6.884273318342839E-017
  5.313900000000001E-008 -6.881718288550347E-017
  5.314200000000001E-008 -6.879164540357846E-017
  5.314500000000001E-008 -6.876611753365338E-017
  5.314800000000001E-008 -6.874060087772828E-017
  5.315100000000001E-008 -6.871509703780310E-017
  5.315400000000001E-008 -6.868960280987786E-017
  5.315700000000001E-008 -6.866411979595259E-017
  5.316000000000001E-008 -6.866411979467314E-017
  5.316300000000001E-008 -6.863864799474827E-017
  5.316600000000001E-008 -6.861318740882335E-017
  5.316900000000001E-008 -6.858773803689829E-017
  5.317200000000001E-008 -6.856229827697331E-017
  5.317500000000001E-008 -6.853687133304817E-017
  5.317800000000001E-008 -6.851145400112302E-017
  5.318100000000001E-008 -6.848604948519808E-017
  5.318400000000001E-008 -6.846065458127259E-017
  5.318700000000001E-008 -6.843527089134723E-017
  5.319000000000001E-008 -6.840989841542188E-017
  5.319300000000001E-008 -6.838453715349646E-017
  5.319600000000001E-008 -6.835918710557094E-017
  5.319900000000001E-008 -6.833384666964543E-017
  5.320200000000001E-008 -6.830851904971983E-017
  5.320500000000001E-008 -6.828320104179418E-017
  5.320800000000001E-008 -6.825789424786850E-017
  5.321100000000001E-008 -6.823260026994273E-017
  5.321400000000001E-008 -6.823260026867133E-017
  5.321700000000001E-008 -6.820731430074608E-017
  5.322000000000001E-008 -6.818204114882068E-017
  5.322300000000001E-008 -6.815677921089516E-017
  5.322600000000001E-008 -6.813152688496974E-017
  5.322900000000001E-008 -6.810628737504405E-017
  5.323200000000001E-008 -6.808105747711876E-017
  5.323500000000001E-008 -6.805583879319278E-017
  5.323800000000001E-008 -6.803062972126707E-017
  5.324100000000001E-008 -6.800543346534125E-017
  5.324400000000001E-008 -6.798024682141545E-017
  5.324700000000001E-008 -6.795507299348954E-017
  5.325000000000001E-008 -6.792990877756358E-017
  5.325300000000001E-008 -6.790475577563756E-017
  5.325600000000001E-008 -6.787961238571152E-017
  5.325900000000001E-008 -6.785448181178541E-017
  5.326200000000001E-008 -6.782936084985924E-017
  5.326500000000001E-008 -6.780425110193301E-017
  5.326800000000001E-008 -6.780425110066976E-017
  5.327100000000001E-008 -6.777915256674396E-017
  5.327400000000001E-008 -6.775406524681802E-017
  5.327700000000001E-008 -6.772898753889210E-017
  5.328000000000001E-008 -6.770392104496614E-017
  5.328300000000001E-008 -6.767886576504006E-017
  5.328600000000001E-008 -6.765382169911432E-017
  5.328900000000001E-008 -6.762878884718787E-017
  5.329200000000001E-008 -6.760376560726163E-017
  5.329500000000001E-008 -6.757875358133540E-017
  5.329800000000001E-008 -6.755375276940911E-017
  5.330100000000001E-008 -6.752876317148273E-017
  5.330400000000001E-008 -6.750378318555631E-017
  5.330700000000001E-008 -6.747881441362983E-017
  5.331000000000001E-008 -6.745385685570333E-017
  5.331300000000001E-008 -6.742891051177673E-017
  5.331600000000001E-008 -6.740397377985010E-017
  5.331900000000001E-008 -6.737904826192342E-017
  5.332200000000001E-008 -6.735413395799669E-017
  5.332500000000001E-008 -6.735413395674183E-017
  5.332800000000001E-008 -6.732922926481557E-017
  5.333100000000001E-008 -6.730433738888914E-017
  5.333400000000001E-008 -6.727945512496266E-017
  5.333700000000001E-008 -6.725458407503646E-017
  5.334000000000001E-008 -6.722972263710963E-017
  5.334300000000001E-008 -6.720487241318298E-017
  5.334600000000001E-008 -6.718003340325637E-017
  5.334900000000001E-008 -6.715520560732961E-017
  5.335200000000001E-008 -6.713038742340282E-017
  5.335500000000001E-008 -6.710558045347604E-017
  5.335800000000001E-008 -6.708078469754913E-017
  5.336100000000001E-008 -6.705599855362220E-017
  5.336400000000001E-008 -6.703122362369522E-017
  5.336700000000001E-008 -6.700645990776818E-017
  5.337000000000001E-008 -6.698170740584109E-017
  5.337300000000001E-008 -6.695696451591396E-017
  5.337600000000001E-008 -6.693223283998675E-017
  5.337900000000001E-008 -6.693223283873983E-017
  5.338200000000001E-008 -6.690751077481315E-017
  5.338500000000001E-008 -6.688280152688611E-017
  5.338800000000001E-008 -6.685810028895966E-017
  5.339100000000001E-008 -6.683341186703234E-017
  5.339400000000001E-008 -6.680873305710531E-017
  5.339700000000001E-008 -6.678406546117827E-017
  5.340000000000001E-008 -6.675940907925110E-017
  5.340300000000001E-008 -6.673476230932396E-017
  5.340600000000001E-008 -6.671012675339669E-017
  5.340900000000001E-008 -6.668550080946940E-017
  5.341200000000001E-008 -6.666088607954209E-017
  5.341500000000001E-008 -6.663628256361468E-017
  5.341800000000001E-008 -6.661168865968725E-017
  5.342100000000001E-008 -6.658710596975976E-017
  5.342400000000001E-008 -6.656253449383220E-017
  5.342700000000001E-008 -6.653797262990460E-017
  5.343000000000001E-008 -6.651342197997693E-017
  5.343300000000001E-008 -6.651342197873799E-017
  5.343600000000001E-008 -6.648888254281066E-017
  5.343900000000001E-008 -6.646435271888375E-017
  5.344200000000001E-008 -6.643983410895599E-017
  5.344500000000001E-008 -6.641532511102855E-017
  5.344800000000001E-008 -6.639082732710112E-017
  5.345100000000001E-008 -6.636634075717355E-017
  5.345400000000001E-008 -6.634186379924599E-017
  5.345700000000001E-008 -6.631739805531832E-017
  5.346000000000001E-008 -6.629294192339064E-017
  5.346300000000001E-008 -6.626849700546293E-017
  5.346600000000001E-008 -6.624406330153512E-017
  5.346900000000001E-008 -6.621963920960728E-017
  5.347200000000001E-008 -6.619522633167938E-017
  5.347500000000001E-008 -6.617082306575143E-017
  5.347800000000001E-008 -6.614643101382342E-017
  5.348100000000001E-008 -6.612204857389536E-017
  5.348400000000001E-008 -6.609767734796727E-017
  5.348700000000001E-008 -6.609767734673613E-017
  5.349000000000001E-008 -6.607331733480874E-017
  5.349300000000001E-008 -6.604896693488063E-017
  5.349600000000001E-008 -6.602462774895275E-017
  5.349900000000001E-008 -6.600029817502491E-017
  5.350200000000001E-008 -6.597597981509694E-017
  5.350500000000001E-008 -6.595167106716897E-017
  5.350800000000001E-008 -6.592737353324096E-017
  5.351100000000001E-008 -6.590308721331285E-017
  5.351400000000001E-008 -6.587881050538469E-017
  5.351700000000001E-008 -6.585454340945650E-017
  5.352000000000001E-008 -6.583028752752827E-017
  5.352300000000001E-008 -6.580604285959996E-017
  5.352600000000001E-008 -6.578180780367162E-017
  5.352900000000001E-008 -6.575758396174321E-017
  5.353200000000001E-008 -6.573336973181476E-017
  5.353500000000001E-008 -6.570916671588626E-017
  5.353800000000001E-008 -6.568497331195771E-017
  5.354100000000001E-008 -6.568497331073464E-017
  5.354400000000001E-008 -6.566078951880620E-017
  5.354700000000001E-008 -6.563661854287784E-017
  5.355000000000001E-008 -6.561245557694968E-017
  5.355300000000001E-008 -6.558830542702124E-017
  5.355600000000001E-008 -6.556416328709296E-017
  5.355900000000001E-008 -6.554003396316442E-017
  5.356200000000001E-008 -6.551591264923603E-017
  5.356500000000001E-008 -6.549180415130742E-017
  5.356800000000001E-008 -6.546770366337883E-017
  5.357100000000001E-008 -6.544361438945023E-017
  5.357400000000001E-008 -6.541953632952150E-017
  5.357700000000001E-008 -6.539546788159278E-017
  5.358000000000001E-008 -6.537141064766397E-017
  5.358300000000001E-008 -6.534736302573512E-017
  5.358600000000001E-008 -6.532332501580620E-017
  5.358900000000001E-008 -6.529929821987730E-017
  5.359200000000001E-008 -6.527528263794826E-017
  5.359500000000001E-008 -6.527528263673258E-017
  5.359800000000001E-008 -6.525127666680392E-017
  5.360100000000001E-008 -6.522728030887528E-017
  5.360400000000001E-008 -6.520329516494653E-017
  5.360700000000001E-008 -6.517931963301778E-017
  5.361000000000001E-008 -6.515535531508892E-017
  5.361300000000001E-008 -6.513140060916007E-017
  5.361600000000001E-008 -6.510745711723112E-017
  5.361900000000001E-008 -6.508352323730211E-017
  5.362200000000001E-008 -6.505959896937310E-017
  5.362500000000001E-008 -6.503568591544400E-017
  5.362800000000001E-008 -6.501178247351487E-017
  5.363100000000001E-008 -6.498789024558567E-017
  5.363400000000001E-008 -6.496400762965644E-017
  5.363700000000001E-008 -6.494013622772712E-017
  5.364000000000001E-008 -6.491627443779783E-017
  5.364300000000001E-008 -6.489242225986841E-017
  5.364600000000001E-008 -6.486858129593895E-017
  5.364900000000001E-008 -6.486858129473091E-017
  5.365200000000001E-008 -6.484474994280187E-017
  5.365500000000001E-008 -6.482092980487272E-017
  5.365800000000001E-008 -6.479711927894350E-017
  5.366100000000001E-008 -6.477331836501433E-017
  5.366400000000001E-008 -6.474952866508503E-017
  5.366700000000001E-008 -6.472574857715569E-017
  5.367000000000001E-008 -6.470197810122633E-017
  5.367300000000001E-008 -6.467821883929693E-017
  5.367600000000001E-008 -6.465447079136740E-017
  5.367900000000001E-008 -6.463073075343788E-017
  5.368200000000001E-008 -6.460700192950833E-017
  5.368500000000001E-008 -6.458328431957869E-017
  5.368800000000001E-008 -6.455957632164898E-017
  5.369100000000001E-008 -6.453587793571932E-017
  5.369400000000001E-008 -6.451218916178950E-017
  5.369700000000001E-008 -6.448851160185962E-017
  5.370000000000001E-008 -6.446484365392975E-017
  5.370300000000001E-008 -6.444118691999981E-017
  5.370600000000001E-008 -6.444118691879980E-017
  5.370900000000001E-008 -6.441753979687021E-017
  5.371200000000001E-008 -6.439390228694065E-017
  5.371500000000001E-008 -6.437027599101087E-017
  5.371800000000001E-008 -6.434665770508128E-017
  5.372100000000001E-008 -6.432305223515143E-017
  5.372400000000001E-008 -6.429945477522164E-017
  5.372700000000001E-008 -6.427586852929175E-017
  5.373000000000001E-008 -6.425229189536186E-017
  5.373300000000001E-008 -6.422872647543189E-017
  5.373600000000001E-008 -6.420517066750184E-017
  5.373900000000001E-008 -6.418162447157180E-017
  5.374200000000001E-008 -6.415808948964161E-017
  5.374500000000001E-008 -6.413456251771156E-017
  5.374800000000001E-008 -6.411104836178130E-017
  5.375100000000001E-008 -6.408754221585098E-017
  5.375400000000001E-008 -6.406404728392068E-017
  5.375700000000001E-008 -6.404056196399029E-017
  5.376000000000001E-008 -6.404056196279778E-017
  5.376300000000001E-008 -6.401708625486784E-017
  5.376600000000001E-008 -6.399362176093768E-017
  5.376900000000001E-008 -6.397016527700771E-017
  5.377200000000001E-008 -6.394672160907746E-017
  5.377500000000001E-008 -6.392328595114729E-017
  5.377800000000001E-008 -6.389986150721704E-017
  5.378100000000001E-008 -6.387644667528670E-017
  5.378400000000001E-008 -6.385304145535639E-017
  5.378700000000001E-008 -6.382964744942593E-017
  5.379000000000001E-008 -6.380626145349552E-017
  5.379300000000001E-008 -6.378288827356496E-017
  5.379600000000001E-008 -6.375952310363452E-017
  5.379900000000001E-008 -6.373616754570385E-017
  5.380200000000001E-008 -6.371282320177315E-017
  5.380500000000001E-008 -6.368948846984246E-017
  5.380800000000001E-008 -6.366616495191170E-017
  5.381100000000001E-008 -6.364284944398088E-017
  5.381400000000001E-008 -6.364284944279590E-017
  5.381700000000001E-008 -6.361954514886546E-017
  5.382000000000001E-008 -6.359625046693501E-017
  5.382300000000001E-008 -6.357296699900438E-017
  5.382600000000001E-008 -6.354969154107385E-017
  5.382900000000001E-008 -6.352642729714319E-017
  5.383200000000001E-008 -6.350317266521250E-017
  5.383500000000001E-008 -6.347992764528173E-017
  5.383800000000001E-008 -6.345669223735098E-017
  5.384100000000001E-008 -6.343346804342015E-017
  5.384400000000001E-008 -6.341025346148921E-017
  5.384700000000001E-008 -6.338704849155841E-017
  5.385000000000001E-008 -6.336385313362737E-017
  5.385300000000001E-008 -6.334066898969625E-017
  5.385600000000001E-008 -6.331749285576518E-017
  5.385900000000001E-008 -6.329432793583403E-017
  5.386200000000001E-008 -6.327117262790285E-017
  5.386500000000001E-008 -6.324802853397161E-017
  5.386800000000001E-008 -6.324802853279401E-017
  5.387100000000001E-008 -6.322489244886319E-017
  5.387400000000001E-008 -6.320176757893225E-017
  5.387700000000001E-008 -6.317865232100127E-017
  5.388000000000001E-008 -6.315554667507024E-017
  5.388300000000001E-008 -6.313245064113914E-017
  5.388600000000001E-008 -6.310936421920808E-017
  5.388900000000001E-008 -6.308628901127685E-017
  5.389200000000001E-008 -6.306322181334567E-017
  5.389500000000001E-008 -6.304016582941435E-017
  5.389800000000001E-008 -6.301711945748321E-017
  5.390100000000001E-008 -6.299408269755177E-017
  5.390400000000001E-008 -6.297105715162026E-017
  5.390700000000001E-008 -6.294803961568882E-017
  5.391000000000001E-008 -6.292503329375730E-017
  5.391300000000001E-008 -6.290203658382573E-017
  5.391600000000001E-008 -6.287904948589411E-017
  5.391900000000001E-008 -6.285607199996245E-017
  5.392200000000001E-008 -6.285607199879224E-017
  5.392500000000001E-008 -6.283310412486092E-017
  5.392800000000001E-008 -6.281014586292965E-017
  5.393100000000001E-008 -6.278719881499815E-017
  5.393400000000001E-008 -6.276425977706675E-017
  5.393700000000001E-008 -6.274133195313525E-017
  5.394000000000001E-008 -6.271841374120368E-017
  5.394300000000001E-008 -6.269550514127210E-017
  5.394600000000001E-008 -6.267260615334038E-017
  5.394900000000001E-008 -6.264971677740896E-017
  5.395200000000001E-008 -6.262683861547704E-017
  5.395500000000001E-008 -6.260396846354516E-017
  5.395800000000001E-008 -6.258110792361336E-017
  5.396100000000001E-008 -6.255825859768147E-017
  5.396400000000001E-008 -6.253541888374952E-017
  5.396700000000001E-008 -6.251258878181753E-017
  5.397000000000001E-008 -6.248976829188549E-017
  5.397300000000001E-008 -6.246695741395339E-017
  5.397600000000001E-008 -6.246695741279052E-017
  5.397900000000001E-008 -6.244415614685878E-017
  5.398200000000001E-008 -6.242136449292699E-017
  5.398500000000001E-008 -6.239858245099514E-017
  5.398800000000001E-008 -6.237581002106336E-017
  5.399100000000001E-008 -6.235304880513134E-017
  5.399400000000001E-008 -6.233029559919943E-017
  5.399700000000001E-008 -6.230755360726737E-017
  5.400000000000001E-008 -6.228482122733548E-017
  5.400300000000001E-008 -6.226209685740323E-017
  5.400600000000001E-008 -6.223938370147102E-017
  5.400900000000001E-008 -6.221668015753880E-017
  5.401200000000001E-008 -6.219398622560653E-017
  5.401500000000001E-008 -6.217130190567421E-017
  5.401800000000001E-008 -6.214862719774185E-017
  5.402100000000001E-008 -6.212596210180943E-017
  5.402400000000001E-008 -6.210330661787697E-017
  5.402700000000001E-008 -6.208066074594445E-017
  5.403000000000001E-008 -6.208066074478883E-017
  5.403300000000001E-008 -6.205802448485669E-017
  5.403600000000001E-008 -6.203539783692449E-017
  5.403900000000001E-008 -6.201278080099222E-017
  5.404200000000001E-008 -6.199017337706000E-017
  5.404500000000001E-008 -6.196757716712760E-017
  5.404800000000001E-008 -6.194498896719514E-017
  5.405100000000001E-008 -6.192241037926296E-017
  5.405400000000001E-008 -6.189984140333034E-017
  5.405700000000001E-008 -6.187728364139771E-017
  5.406000000000001E-008 -6.185473388946511E-017
  5.406300000000001E-008 -6.183219374953251E-017
  5.406600000000001E-008 -6.180966482359980E-017
  5.406900000000001E-008 -6.178714390766706E-017
  5.407200000000001E-008 -6.176463260373429E-017
  5.407500000000001E-008 -6.174213251380145E-017
  5.407800000000001E-008 -6.171964043386857E-017
  5.408100000000001E-008 -6.169715796593566E-017
  5.408400000000001E-008 -6.169715796478731E-017
  5.408700000000001E-008 -6.167468671085464E-017
  5.409000000000001E-008 -6.165222346692204E-017
  5.409300000000001E-008 -6.162976983498935E-017
  5.409600000000001E-008 -6.160732581505673E-017
  5.409900000000001E-008 -6.158489300912384E-017
  5.410200000000001E-008 -6.156246821319133E-017
  5.410500000000001E-008 -6.154005302925823E-017
  5.410800000000001E-008 -6.151764745732529E-017
  5.411100000000001E-008 -6.149525149739234E-017
  5.411400000000001E-008 -6.147286514945933E-017
  5.411700000000001E-008 -6.145048841352629E-017
  5.412000000000001E-008 -6.142812128959318E-017
  5.412300000000001E-008 -6.140576377766002E-017
  5.412600000000001E-008 -6.138341587772681E-017
  5.412900000000001E-008 -6.136107758979359E-017
  5.413200000000001E-008 -6.133874891386028E-017
  5.413500000000001E-008 -6.131642824792693E-017
  5.413800000000001E-008 -6.129411879599354E-017
  5.414100000000001E-008 -6.129411879485265E-017
  5.414400000000001E-008 -6.127181735291971E-017
  5.414700000000001E-008 -6.124952712498654E-017
  5.415000000000001E-008 -6.122724490705346E-017
  5.415300000000001E-008 -6.120497390312053E-017
  5.415600000000001E-008 -6.118271090918704E-017
  5.415900000000001E-008 -6.116045752725373E-017
  5.416200000000001E-008 -6.113821375732041E-017
  5.416500000000001E-008 -6.111597959938704E-017
  5.416800000000001E-008 -6.109375505345363E-017
  5.417100000000001E-008 -6.107154011952017E-017
  5.417400000000001E-008 -6.104933479758661E-017
  5.417700000000001E-008 -6.102713748565309E-017
  5.418000000000001E-008 -6.100495138771945E-017
  5.418300000000001E-008 -6.098277329978580E-017
  5.418600000000001E-008 -6.096060642585208E-017
  5.418900000000001E-008 -6.093844756191833E-017
  5.419200000000001E-008 -6.091629830998453E-017
  5.419500000000001E-008 -6.091629830885080E-017
  5.419800000000001E-008 -6.089415866891736E-017
  5.420100000000001E-008 -6.087202864098388E-017
  5.420400000000001E-008 -6.084990822505021E-017
  5.420700000000001E-008 -6.082779581911702E-017
  5.421000000000001E-008 -6.080569462718305E-017
  5.421300000000001E-008 -6.078360144524940E-017
  5.421600000000001E-008 -6.076151947731563E-017
  5.421900000000001E-008 -6.073944551938184E-017
  5.422200000000001E-008 -6.071738117344797E-017
  5.422500000000001E-008 -6.069532483751412E-017
  5.422800000000001E-008 -6.067327971558022E-017
  5.423100000000001E-008 -6.065124420564621E-017
  5.423400000000001E-008 -6.062921670571219E-017
  5.423700000000001E-008 -6.060719881777811E-017
  5.424000000000001E-008 -6.058519054184400E-017
  5.424300000000001E-008 -6.056319187790985E-017
  5.424600000000001E-008 -6.054120282597563E-017
  5.424900000000001E-008 -6.054120282484899E-017
  5.425200000000001E-008 -6.051922338491506E-017
  5.425500000000001E-008 -6.049725195498121E-017
  5.425800000000001E-008 -6.047529173904752E-017
  5.426100000000001E-008 -6.045333953311326E-017
  5.426400000000001E-008 -6.043139693917911E-017
  5.426700000000001E-008 -6.040946235524509E-017
  5.427000000000001E-008 -6.038753898531088E-017
  5.427300000000001E-008 -6.036562362537673E-017
  5.427600000000001E-008 -6.034371947944249E-017
  5.427900000000001E-008 -6.032182334350815E-017
  5.428200000000001E-008 -6.029993521757385E-017
  5.428500000000001E-008 -6.027805830563945E-017
  5.428800000000001E-008 -6.025618940370505E-017
  5.429100000000001E-008 -6.023433171577057E-017
  5.429400000000001E-008 -6.021248203783604E-017
  5.429700000000001E-008 -6.019064197190146E-017
  5.430000000000001E-008 -6.016880991596684E-017
  5.430300000000001E-008 -6.016880991484722E-017
  5.430600000000001E-008 -6.014698907291287E-017
  5.430900000000001E-008 -6.012517624097892E-017
  5.431200000000001E-008 -6.010337302104424E-017
  5.431500000000001E-008 -6.008157941310975E-017
  5.431800000000001E-008 -6.005979381517531E-017
  5.432100000000001E-008 -6.003801782924082E-017
  5.432400000000001E-008 -6.001625145530629E-017
  5.432700000000001E-008 -5.999449469337170E-017
  5.433000000000001E-008 -5.997274754343701E-017
  5.433300000000001E-008 -5.995100840350233E-017
  5.433600000000001E-008 -5.992927887556759E-017
  5.433900000000001E-008 -5.990755895963283E-017
  5.434200000000001E-008 -5.988584865569795E-017
  5.434500000000001E-008 -5.986414636176309E-017
  5.434800000000001E-008 -5.984245528182815E-017
  5.435100000000001E-008 -5.982077060989319E-017
  5.435400000000001E-008 -5.979909715195816E-017
  5.435700000000001E-008 -5.979909715084549E-017
  5.436000000000001E-008 -5.977743330491111E-017
  5.436300000000001E-008 -5.975577746897607E-017
  5.436600000000001E-008 -5.973413124504123E-017
  5.436900000000001E-008 -5.971249303110643E-017
  5.437200000000001E-008 -5.969086442917159E-017
  5.437500000000001E-008 -5.966924543923667E-017
  5.437800000000001E-008 -5.964763606130175E-017
  5.438100000000001E-008 -5.962603629536671E-017
  5.438400000000001E-008 -5.960444453943167E-017
  5.438700000000001E-008 -5.958286239549659E-017
  5.439000000000001E-008 -5.956128986356142E-017
  5.439300000000001E-008 -5.953972534162623E-017
  5.439600000000001E-008 -5.951817043169102E-017
  5.439900000000001E-008 -5.949662513375571E-017
  5.440200000000001E-008 -5.947508784582038E-017
  5.440500000000001E-008 -5.945356016988501E-017
  5.440800000000001E-008 -5.943204210594962E-017
  5.441100000000001E-008 -5.943204210484419E-017
  5.441400000000001E-008 -5.941053365290869E-017
  5.441700000000001E-008 -5.938903321097358E-017
  5.442000000000001E-008 -5.936754238103843E-017
  5.442300000000001E-008 -5.934606116310315E-017
  5.442600000000001E-008 -5.932458795516792E-017
  5.442900000000001E-008 -5.930312435923263E-017
  5.443200000000001E-008 -5.928167037529723E-017
  5.443500000000001E-008 -5.926022440136184E-017
  5.443800000000001E-008 -5.923878803942641E-017
  5.444100000000001E-008 -5.921736128949089E-017
  5.444400000000001E-008 -5.919594254955534E-017
  5.444700000000001E-008 -5.917453342161978E-017
  5.445000000000001E-008 -5.915313390568413E-017
  5.445300000000001E-008 -5.913174239974846E-017
  5.445600000000001E-008 -5.911036050581273E-017
  5.445900000000001E-008 -5.908898822387700E-017
  5.446200000000001E-008 -5.906762395194114E-017
  5.446500000000001E-008 -5.906762395084217E-017
  5.446800000000001E-008 -5.904626929090664E-017
  5.447100000000001E-008 -5.902492264097122E-017
  5.447400000000001E-008 -5.900358720503561E-017
  5.447700000000001E-008 -5.898225977909993E-017
  5.448000000000001E-008 -5.896094036316429E-017
  5.448300000000001E-008 -5.893963055922862E-017
  5.448600000000001E-008 -5.891833036729283E-017
  5.448900000000001E-008 -5.889703818535703E-017
  5.449200000000001E-008 -5.887575561542120E-017
  5.449500000000001E-008 -5.885448265748530E-017
  5.449800000000001E-008 -5.883321770954936E-017
  5.450100000000001E-008 -5.881196237361339E-017
  5.450400000000001E-008 -5.879071664967737E-017
  5.450700000000001E-008 -5.876947893574124E-017
  5.451000000000001E-008 -5.874824923180522E-017
  5.451300000000001E-008 -5.872703074186903E-017
  5.451600000000001E-008 -5.870582026193277E-017
  5.451900000000001E-008 -5.868461779199652E-017
  5.452200000000001E-008 -5.868461779090473E-017
  5.452500000000001E-008 -5.866342493296884E-017
  5.452800000000001E-008 -5.864224168703282E-017
  5.453100000000001E-008 -5.862106645109685E-017
  5.453400000000001E-008 -5.859990082716082E-017
  5.453700000000001E-008 -5.857874481522465E-017
  5.454000000000001E-008 -5.855759681328854E-017
  5.454300000000001E-008 -5.853645842335232E-017
  5.454600000000001E-008 -5.851532804341611E-017
  5.454900000000001E-008 -5.849420727547978E-017
  5.455200000000001E-008 -5.847309451754347E-017
  5.455500000000001E-008 -5.845199137160709E-017
  5.455800000000001E-008 -5.843089623567064E-017
  5.456100000000001E-008 -5.840981071173429E-017
  5.456400000000001E-008 -5.838873479979772E-017
  5.456700000000001E-008 -5.836766689786114E-017
  5.457000000000001E-008 -5.834660860792454E-017
  5.457300000000001E-008 -5.832555832798789E-017
  5.457600000000001E-008 -5.832555832690286E-017
  5.457900000000001E-008 -5.830451765896658E-017
  5.458200000000001E-008 -5.828348660303019E-017
  5.458500000000001E-008 -5.826246355709373E-017
  5.458800000000001E-008 -5.824144852115730E-017
  5.459100000000001E-008 -5.822044309722084E-017
  5.459400000000001E-008 -5.819944728528428E-017
  5.459700000000001E-008 -5.817845948334771E-017
  5.460000000000001E-008 -5.815748129341105E-017
  5.460300000000001E-008 -5.813651111347440E-017
  5.460600000000001E-008 -5.811555054553767E-017
  5.460900000000001E-008 -5.809459798760088E-017
  5.461200000000001E-008 -5.807365504166416E-017
  5.461500000000001E-008 -5.805272010572726E-017
  5.461800000000001E-008 -5.803179478179031E-017
  5.462100000000001E-008 -5.801087746785338E-017
  5.462400000000001E-008 -5.798996976591640E-017
  5.462700000000001E-008 -5.796907007397935E-017
  5.463000000000001E-008 -5.796907007290103E-017
  5.463300000000001E-008 -5.794817999296428E-017
  5.463600000000001E-008 -5.792729792302758E-017
  5.463900000000001E-008 -5.790642546509080E-017
  5.464200000000001E-008 -5.788556261915394E-017
  5.464500000000001E-008 -5.786470778321701E-017
  5.464800000000001E-008 -5.784386095728012E-017
  5.465100000000001E-008 -5.782302374334312E-017
  5.465400000000001E-008 -5.780219453940613E-017
  5.465700000000001E-008 -5.778137494746904E-017
  5.466000000000001E-008 -5.776056336553195E-017
  5.466300000000001E-008 -5.773976139559475E-017
  5.466600000000001E-008 -5.771896743565769E-017
  5.466900000000001E-008 -5.769818308772038E-017
  5.467200000000001E-008 -5.767740674978305E-017
  5.467500000000001E-008 -5.765664002384573E-017
  5.467800000000001E-008 -5.763588130790834E-017
  5.468100000000001E-008 -5.761513220397092E-017
  5.468400000000001E-008 -5.761513220289923E-017
  5.468700000000001E-008 -5.759439110896211E-017
  5.469000000000001E-008 -5.757365802502501E-017
  5.469300000000001E-008 -5.755293455308787E-017
  5.469600000000001E-008 -5.753222069315053E-017
  5.469900000000001E-008 -5.751151324121336E-017
  5.470200000000001E-008 -5.749081700327603E-017
  5.470500000000001E-008 -5.747012877533866E-017
  5.470800000000001E-008 -5.744944855740119E-017
  5.471100000000001E-008 -5.742877634946384E-017
  5.471400000000001E-008 -5.740811535552625E-017
  5.471700000000001E-008 -5.738746076958888E-017
  5.472000000000001E-008 -5.736681579565121E-017
  5.472300000000001E-008 -5.734617883171355E-017
  5.472600000000001E-008 -5.732555147977588E-017
  5.472900000000001E-008 -5.730493213783818E-017
  5.473200000000001E-008 -5.728432240790042E-017
  5.473500000000001E-008 -5.726372068796260E-017
  5.473800000000001E-008 -5.726372068689756E-017
  5.474100000000001E-008 -5.724312857896005E-017
  5.474400000000001E-008 -5.722254448102249E-017
  5.474700000000001E-008 -5.720196839308497E-017
  5.475000000000001E-008 -5.718140191714734E-017
  5.475300000000001E-008 -5.716084345120965E-017
  5.475600000000001E-008 -5.714029299527198E-017
  5.475900000000001E-008 -5.711975215133428E-017
  5.476200000000001E-008 -5.709922091939649E-017
  5.476500000000001E-008 -5.707869769745859E-017
  5.476800000000001E-008 -5.705818248552087E-017
  5.477100000000001E-008 -5.703767528358287E-017
  5.477400000000001E-008 -5.701717769364484E-017
  5.477700000000001E-008 -5.699668811370687E-017
  5.478000000000001E-008 -5.697620814576879E-017
  5.478300000000001E-008 -5.695573618783072E-017
  5.478600000000001E-008 -5.693527384189257E-017
  5.478900000000001E-008 -5.691481950595438E-017
  5.479200000000001E-008 -5.691481950489584E-017
  5.479500000000001E-008 -5.689437317895795E-017
  5.479800000000001E-008 -5.687393486302009E-017
  5.480100000000001E-008 -5.685350615908219E-017
  5.480400000000001E-008 -5.683308706714411E-017
  5.480700000000001E-008 -5.681267438320611E-017
  5.481000000000001E-008 -5.679227131126808E-017
  5.481300000000001E-008 -5.677187785132989E-017
  5.481600000000001E-008 -5.675149079939169E-017
  5.481900000000001E-008 -5.673111335945372E-017
  5.482200000000001E-008 -5.671074553151533E-017
  5.482500000000001E-008 -5.669038571357697E-017
  5.482800000000001E-008 -5.667003390563862E-017
  5.483100000000001E-008 -5.664969010770025E-017
  5.483400000000001E-008 -5.662935592176181E-017
  5.483700000000001E-008 -5.660902974582335E-017
  5.484000000000001E-008 -5.658871318188483E-017
  5.484300000000001E-008 -5.656840462794627E-017
  5.484600000000001E-008 -5.656840462689424E-017
  5.484900000000001E-008 -5.654810408295597E-017
  5.485200000000001E-008 -5.652781154901774E-017
  5.485500000000001E-008 -5.650752862707938E-017
  5.485800000000001E-008 -5.648725371514106E-017
  5.486100000000001E-008 -5.646698841520256E-017
  5.486400000000001E-008 -5.644672952326415E-017
  5.486700000000001E-008 -5.642648024332565E-017
  5.487000000000001E-008 -5.640624057538727E-017
  5.487300000000001E-008 -5.638600731544854E-017
  5.487600000000001E-008 -5.636578366750991E-017
  5.487900000000001E-008 -5.634556963157119E-017
  5.488200000000001E-008 -5.632536200363249E-017
  5.488500000000001E-008 -5.630516398769372E-017
  5.488800000000001E-008 -5.628497398175494E-017
  5.489100000000001E-008 -5.626479358781609E-017
  5.489400000000001E-008 -5.624462120387719E-017
  5.489700000000001E-008 -5.622445682993825E-017
  5.490000000000001E-008 -5.620430046599927E-017
  5.490300000000001E-008 -5.620430046495411E-017
  5.490600000000001E-008 -5.618415371301543E-017
  5.490900000000001E-008 -5.616401497107670E-017
  5.491200000000001E-008 -5.614388423913791E-017
  5.491500000000001E-008 -5.612376151719920E-017
  5.491800000000001E-008 -5.610364840726031E-017
  5.492100000000001E-008 -5.608354330732167E-017
  5.492400000000001E-008 -5.606344621738260E-017
  5.492700000000001E-008 -5.604335873944358E-017
  5.493000000000001E-008 -5.602327927150458E-017
  5.493300000000001E-008 -5.600320781356552E-017
  5.493600000000001E-008 -5.598314436562645E-017
  5.493900000000001E-008 -5.596309052968727E-017
  5.494200000000001E-008 -5.594304310174812E-017
  5.494500000000001E-008 -5.592300688780891E-017
  5.494800000000001E-008 -5.590297708186963E-017
  5.495100000000001E-008 -5.588295528593034E-017
  5.495400000000001E-008 -5.586294310199097E-017
  5.495700000000001E-008 -5.586294310095219E-017
  5.496000000000001E-008 -5.584293892701324E-017
  5.496300000000001E-008 -5.582294436507405E-017
  5.496600000000001E-008 -5.580295621113499E-017
  5.496900000000001E-008 -5.578297766919578E-017
  5.497200000000001E-008 -5.576300713725683E-017
  5.497500000000001E-008 -5.574304461531743E-017
  5.497800000000001E-008 -5.572309170537803E-017
  5.498100000000001E-008 -5.570314520343875E-017
  5.498400000000001E-008 -5.568320831349934E-017
  5.498700000000001E-008 -5.566327943355996E-017
  5.499000000000001E-008 -5.564336016562046E-017
  5.499300000000001E-008 -5.562344730568097E-017
  5.499600000000001E-008 -5.560354405774142E-017
  5.499900000000001E-008 -5.558364881980183E-017
  5.500200000000001E-008 -5.556376159186218E-017
  5.500500000000001E-008 -5.554388237392251E-017
  5.500800000000001E-008 -5.552401276798280E-017
  5.501100000000001E-008 -5.552401276695041E-017
  5.501400000000001E-008 -5.550415117101098E-017
  5.501700000000001E-008 -5.548429758507154E-017
  5.502000000000001E-008 -5.546445200913198E-017
  5.502300000000001E-008 -5.544461444319281E-017
  5.502600000000001E-008 -5.542478648925291E-017
  5.502900000000001E-008 -5.540496494331331E-017
  5.503200000000001E-008 -5.538515300937366E-017
  5.503500000000001E-008 -5.536534908543393E-017
  5.503800000000001E-008 -5.534555317149424E-017
  5.504100000000001E-008 -5.532576686955440E-017
  5.504400000000001E-008 -5.530598697561459E-017
  5.504700000000001E-008 -5.528621669367472E-017
  5.505000000000001E-008 -5.526645442173479E-017
  5.505300000000001E-008 -5.524670015979485E-017
  5.505600000000001E-008 -5.522695550985484E-017
  5.505900000000001E-008 -5.520721726791480E-017
  5.506200000000001E-008 -5.518748863797471E-017
  5.506500000000001E-008 -5.518748863694856E-017
  5.506800000000001E-008 -5.516776641500885E-017
  5.507100000000001E-008 -5.514805380506904E-017
  5.507400000000001E-008 -5.512834920512912E-017
  5.507700000000001E-008 -5.510865261518959E-017
  5.508000000000001E-008 -5.508896563724933E-017
  5.508300000000001E-008 -5.506928506730936E-017
  5.508600000000001E-008 -5.504961410936934E-017
  5.508900000000001E-008 -5.502995116142921E-017
  5.509200000000001E-008 -5.501029462148912E-017
  5.509500000000001E-008 -5.499064769354901E-017
  5.509800000000001E-008 -5.497101037760879E-017
  5.510100000000001E-008 -5.495137946966853E-017
  5.510400000000001E-008 -5.493175657172828E-017
  5.510700000000001E-008 -5.491214328578794E-017
  5.511000000000001E-008 -5.489253640784758E-017
  5.511300000000001E-008 -5.487293914190718E-017
  5.511600000000001E-008 -5.485334988596673E-017
  5.511900000000001E-008 -5.485334988494692E-017
  5.512200000000001E-008 -5.483376863900677E-017
  5.512500000000001E-008 -5.481419540306655E-017
  5.512800000000001E-008 -5.479463017712672E-017
  5.513100000000001E-008 -5.477507456318608E-017
  5.513400000000001E-008 -5.475552535724583E-017
  5.513700000000001E-008 -5.473598576330541E-017
  5.514000000000001E-008 -5.471645257736506E-017
  5.514300000000001E-008 -5.469692900342463E-017
  5.514600000000001E-008 -5.467741343948415E-017
  5.514900000000001E-008 -5.465790588554363E-017
  5.515200000000001E-008 -5.463840634160307E-017
  5.515500000000001E-008 -5.461891480766247E-017
  5.515800000000001E-008 -5.459943128372181E-017
  5.516100000000001E-008 -5.457995576978115E-017
  5.516400000000001E-008 -5.456048986784041E-017
  5.516700000000001E-008 -5.454103037389965E-017
  5.517000000000001E-008 -5.452157888995884E-017
  5.517300000000001E-008 -5.452157888894530E-017
  5.517600000000001E-008 -5.450213701700478E-017
  5.517900000000001E-008 -5.448270315506446E-017
  5.518200000000001E-008 -5.446327570112365E-017
  5.518500000000001E-008 -5.444385785918301E-017
  5.518800000000001E-008 -5.442444802724233E-017
  5.519100000000001E-008 -5.440504620530162E-017
  5.519400000000001E-008 -5.438565239336087E-017
  5.519700000000001E-008 -5.436626659142006E-017
  5.520000000000001E-008 -5.434688879947923E-017
  5.520300000000001E-008 -5.432751901753835E-017
  5.520600000000001E-008 -5.430815724559743E-017
  5.520900000000001E-008 -5.428880348365646E-017
  5.521200000000001E-008 -5.426945773171549E-017
  5.521500000000001E-008 -5.425012159177443E-017
  5.521800000000001E-008 -5.423079185983334E-017
  5.522100000000001E-008 -5.421147013789223E-017
  5.522400000000001E-008 -5.419215802795105E-017
  5.522700000000001E-008 -5.419215802694362E-017
  5.523000000000001E-008 -5.417285232500308E-017
  5.523300000000001E-008 -5.415355463306194E-017
  5.523600000000001E-008 -5.413426655312090E-017
  5.523900000000001E-008 -5.411498488118000E-017
  5.524200000000001E-008 -5.409571282123890E-017
  5.524500000000001E-008 -5.407644716929787E-017
  5.524800000000001E-008 -5.405719112935678E-017
  5.525100000000001E-008 -5.403794309941555E-017
  5.525400000000001E-008 -5.401870147747441E-017
  5.525700000000001E-008 -5.399946946753314E-017
  5.526000000000001E-008 -5.398024386559189E-017
  5.526300000000001E-008 -5.396102787565055E-017
  5.526600000000001E-008 -5.394181829370920E-017
  5.526900000000001E-008 -5.392261832376782E-017
  5.527200000000001E-008 -5.390342636382635E-017
  5.527500000000001E-008 -5.388424081188487E-017
  5.527800000000001E-008 -5.386506487194336E-017
  5.528100000000001E-008 -5.386506487094239E-017
  5.528400000000001E-008 -5.384589533900093E-017
  5.528700000000001E-008 -5.382673541905957E-017
  5.529000000000001E-008 -5.380758190711835E-017
  5.529300000000001E-008 -5.378843800717694E-017
  5.529600000000001E-008 -5.376930051523561E-017
  5.529900000000001E-008 -5.375017263529413E-017
  5.530200000000001E-008 -5.373105116335272E-017
  5.530500000000001E-008 -5.371193930341115E-017
  5.530800000000001E-008 -5.369283385146965E-017
  5.531100000000001E-008 -5.367373801152803E-017
  5.531400000000001E-008 -5.365464857958639E-017
  5.531700000000001E-008 -5.363556715764472E-017
  5.532000000000001E-008 -5.361649374570303E-017
  5.532300000000001E-008 -5.359742994576128E-017
  5.532600000000001E-008 -5.357837255381945E-017
  5.532900000000001E-008 -5.355932317187766E-017
  5.533200000000001E-008 -5.354028179993576E-017
  5.533500000000001E-008 -5.352124843799383E-017
  5.533800000000001E-008 -5.352124843699903E-017
  5.534100000000001E-008 -5.350222308505741E-017
  5.534400000000001E-008 -5.348320574311575E-017
  5.534700000000001E-008 -5.346419641117406E-017
  5.535000000000001E-008 -5.344519508923226E-017
  5.535300000000001E-008 -5.342620017529053E-017
  5.535600000000001E-008 -5.340721487334874E-017
  5.535900000000001E-008 -5.338823758140682E-017
  5.536200000000001E-008 -5.336926669746496E-017
  5.536500000000001E-008 -5.335030542552299E-017
  5.536800000000001E-008 -5.333135056158098E-017
  5.537100000000001E-008 -5.331240370763900E-017
  5.537400000000001E-008 -5.329346646569693E-017
  5.537700000000001E-008 -5.327453563175479E-017
  5.538000000000001E-008 -5.325561280781271E-017
  5.538300000000001E-008 -5.323669799387050E-017
  5.538600000000001E-008 -5.321779118992825E-017
  5.538900000000001E-008 -5.319889239598598E-017
  5.539200000000001E-008 -5.319889239499716E-017
  5.539500000000001E-008 -5.318000000905528E-017
  5.539800000000001E-008 -5.316111723511329E-017
  5.540100000000001E-008 -5.314224247117117E-017
  5.540400000000001E-008 -5.312337411522907E-017
  5.540700000000001E-008 -5.310451376928702E-017
  5.541000000000001E-008 -5.308566303534479E-017
  5.541300000000001E-008 -5.306681870940258E-017
  5.541600000000001E-008 -5.304798239346034E-017
  5.541900000000001E-008 -5.302915408751800E-017
  5.542200000000001E-008 -5.301033218957570E-017
  5.542500000000001E-008 -5.299151990363335E-017
  5.542800000000001E-008 -5.297271562769088E-017
  5.543100000000001E-008 -5.295391775974850E-017
  5.543400000000001E-008 -5.293512790180599E-017
  5.543700000000001E-008 -5.291634765586341E-017
  5.544000000000001E-008 -5.289757381792084E-017
  5.544300000000001E-008 -5.287880798997822E-017
  5.544600000000001E-008 -5.287880798899541E-017
  5.544900000000001E-008 -5.286004856905318E-017
  5.545200000000001E-008 -5.284129876111083E-017
  5.545500000000001E-008 -5.282255696316837E-017
  5.545800000000001E-008 -5.280382157322594E-017
  5.546100000000001E-008 -5.278509419328346E-017
  5.546400000000001E-008 -5.276637482334095E-017
  5.546700000000001E-008 -5.274766346339839E-017
  5.547000000000001E-008 -5.272896011345580E-017
  5.547300000000001E-008 -5.271026477351311E-017
  5.547600000000001E-008 -5.269157584157048E-017
  5.547900000000001E-008 -5.267289652162771E-017
  5.548200000000001E-008 -5.265422360968505E-017
  5.548500000000001E-008 -5.263555870774220E-017
  5.548800000000001E-008 -5.261690181579931E-017
  5.549100000000001E-008 -5.259825133185644E-017
  5.549400000000001E-008 -5.257961045991352E-017
  5.549700000000001E-008 -5.256097599597056E-017
  5.550000000000001E-008 -5.256097599499377E-017
  5.550300000000001E-008 -5.254234954105111E-017
  5.550600000000001E-008 -5.252373109710842E-017
  5.550900000000001E-008 -5.250512066316567E-017
  5.551200000000001E-008 -5.248651823922291E-017
  5.551500000000001E-008 -5.246792382528002E-017
  5.551800000000001E-008 -5.244933581933716E-017
  5.552100000000001E-008 -5.243075582339426E-017
  5.552400000000001E-008 -5.241218383745134E-017
  5.552700000000001E-008 -5.239361986150828E-017
  5.553000000000001E-008 -5.237506229356533E-017
  5.553300000000001E-008 -5.235651433762219E-017
  5.553600000000001E-008 -5.233797278967921E-017
  5.553900000000001E-008 -5.231943925173598E-017
  5.554200000000001E-008 -5.230091212179278E-017
  5.554500000000001E-008 -5.228239460384956E-017
  5.554800000000001E-008 -5.226388349390629E-017
  5.555100000000001E-008 -5.224538199596298E-017
  5.555400000000001E-008 -5.224538199499205E-017
  5.555700000000001E-008 -5.222688530304914E-017
  5.556000000000001E-008 -5.220839822310611E-017
  5.556300000000001E-008 -5.218991915316296E-017
  5.556600000000001E-008 -5.217144649121983E-017
  5.556900000000001E-008 -5.215298183927667E-017
  5.557200000000001E-008 -5.213452519733348E-017
  5.557500000000001E-008 -5.211607656539018E-017
  5.557800000000001E-008 -5.209763434144690E-017
  5.558100000000001E-008 -5.207920012750358E-017
  5.558400000000001E-008 -5.206077392356019E-017
  5.558700000000001E-008 -5.204235572961689E-017
  5.559000000000001E-008 -5.202394394367339E-017
  5.559300000000001E-008 -5.200554176972987E-017
  5.559600000000001E-008 -5.198714600378631E-017
  5.559900000000001E-008 -5.196875664584275E-017
  5.560200000000001E-008 -5.195037689989915E-017
  5.560500000000001E-008 -5.193200356195551E-017
  5.560800000000001E-008 -5.193200356099054E-017
  5.561100000000001E-008 -5.191363823304720E-017
  5.561400000000001E-008 -5.189528091510374E-017
  5.561700000000001E-008 -5.187693000516040E-017
  5.562000000000001E-008 -5.185858870721688E-017
  5.562300000000001E-008 -5.184025381727330E-017
  5.562600000000001E-008 -5.182192533532984E-017
  5.562900000000001E-008 -5.180360646538620E-017
  5.563200000000001E-008 -5.178529400344258E-017
  5.563500000000001E-008 -5.176698955149888E-017
  5.563800000000001E-008 -5.174869310955532E-017
  5.564100000000001E-008 -5.173040307561146E-017
  5.564400000000001E-008 -5.171212105166764E-017
  5.564700000000001E-008 -5.169384703772384E-017
  5.565000000000001E-008 -5.167558103377995E-017
  5.565300000000001E-008 -5.165732143783605E-017
  5.565600000000001E-008 -5.163906985189211E-017
  5.565900000000001E-008 -5.162082627594812E-017
  5.566200000000001E-008 -5.162082627498896E-017
  5.566500000000001E-008 -5.160258910704529E-017
  5.566800000000001E-008 -5.158435994910157E-017
  5.567100000000001E-008 -5.156613880115782E-017
  5.567400000000001E-008 -5.154792566321396E-017
  5.567700000000001E-008 -5.152971893327010E-017
  5.568000000000001E-008 -5.151152021332624E-017
  5.568300000000001E-008 -5.149332950338228E-017
  5.568600000000001E-008 -5.147514520143827E-017
  5.568900000000001E-008 -5.145696890949449E-017
  5.569200000000001E-008 -5.143880062755026E-017
  5.569500000000001E-008 -5.142063875360619E-017
  5.569800000000001E-008 -5.140248649166202E-017
  5.570100000000001E-008 -5.138433903571788E-017
  5.570400000000001E-008 -5.136620119177367E-017
  5.570700000000001E-008 -5.134806975582942E-017
  5.571000000000001E-008 -5.132994632988514E-017
  5.571300000000001E-008 -5.131183091394082E-017
  5.571600000000001E-008 -5.129372190599645E-017
  5.571900000000001E-008 -5.129372190504346E-017
  5.572200000000001E-008 -5.127562090709934E-017
  5.572500000000001E-008 -5.125752631715534E-017
  5.572800000000001E-008 -5.123944133921105E-017
  5.573100000000001E-008 -5.122136116726695E-017
  5.573400000000001E-008 -5.120329060732270E-017
  5.573700000000001E-008 -5.118522645537839E-017
  5.574000000000001E-008 -5.116717031343433E-017
  5.574300000000001E-008 -5.114912218148980E-017
  5.574600000000001E-008 -5.113108045754539E-017
  5.574900000000001E-008 -5.111304674360095E-017
  5.575200000000001E-008 -5.109501943765653E-017
  5.575500000000001E-008 -5.107700174371199E-017
  5.575800000000001E-008 -5.105898885576746E-017
  5.576100000000001E-008 -5.104098557982289E-017
  5.576400000000001E-008 -5.102298871187827E-017
  5.576700000000001E-008 -5.100499985393361E-017
  5.577000000000001E-008 -5.098701740398891E-017
  5.577300000000001E-008 -5.098701740304167E-017
  5.577600000000001E-008 -5.096904296309730E-017
  5.577900000000001E-008 -5.095107653315279E-017
  5.578200000000001E-008 -5.093311651120834E-017
  5.578500000000001E-008 -5.091516449926377E-017
  5.578800000000001E-008 -5.089721889531927E-017
  5.579100000000001E-008 -5.087928290337480E-017
  5.579400000000001E-008 -5.086135171743004E-017
  5.579700000000001E-008 -5.084343014348533E-017
  5.580000000000001E-008 -5.082551497754056E-017
  5.580300000000001E-008 -5.080760621959586E-017
  5.580600000000001E-008 -5.078970707365103E-017
  5.580900000000001E-008 -5.077181273370622E-017
  5.581200000000001E-008 -5.075392800576134E-017
  5.581500000000001E-008 -5.073604968581643E-017
  5.581800000000001E-008 -5.071817937587147E-017
  5.582100000000001E-008 -5.070031547392649E-017
  5.582400000000001E-008 -5.068245958198147E-017
  5.582700000000001E-008 -5.068245958103990E-017
  5.583000000000001E-008 -5.066461009709520E-017
  5.583300000000001E-008 -5.064676862315045E-017
  5.583600000000001E-008 -5.062893515920559E-017
  5.583900000000001E-008 -5.061110810326071E-017
  5.584200000000001E-008 -5.059328905731611E-017
  5.584500000000001E-008 -5.057547802137095E-017
  5.584800000000001E-008 -5.055767339342589E-017
  5.585100000000001E-008 -5.053987517348097E-017
  5.585400000000001E-008 -5.052208656553585E-017
  5.585700000000001E-008 -5.050430276359081E-017
  5.586000000000001E-008 -5.048652857364569E-017
  5.586300000000001E-008 -5.046876079170048E-017
  5.586600000000001E-008 -5.045099941775530E-017
  5.586900000000001E-008 -5.043324605381007E-017
  5.587200000000001E-008 -5.041550069986478E-017
  5.587500000000001E-008 -5.039776175391947E-017
  5.587800000000001E-008 -5.038003081797411E-017
  5.588100000000001E-008 -5.038003081703824E-017
  5.588400000000001E-008 -5.036230628909320E-017
  5.588700000000001E-008 -5.034458977114805E-017
  5.589000000000001E-008 -5.032687966120289E-017
  5.589300000000001E-008 -5.030917756125802E-017
  5.589600000000001E-008 -5.029148347131253E-017
  5.589900000000001E-008 -5.027379578936726E-017
  5.590200000000001E-008 -5.025611611742195E-017
  5.590500000000001E-008 -5.023844285347662E-017
  5.590800000000001E-008 -5.022077759953122E-017
  5.591100000000001E-008 -5.020311875358582E-017
  5.591400000000001E-008 -5.018546791764035E-017
  5.591700000000001E-008 -5.016782348969487E-017
  5.592000000000001E-008 -5.015018707174933E-017
  5.592300000000001E-008 -5.013255706180376E-017
  5.592600000000001E-008 -5.011493506185818E-017
  5.592900000000001E-008 -5.009732107191252E-017
  5.593200000000001E-008 -5.007971348996684E-017
  5.593500000000001E-008 -5.007971348903667E-017
  5.593800000000001E-008 -5.006211391709123E-017
  5.594100000000001E-008 -5.004452075314572E-017
  5.594400000000001E-008 -5.002693399720055E-017
  5.594700000000001E-008 -5.000935525125483E-017
  5.595000000000001E-008 -4.999178451530922E-017
  5.595300000000001E-008 -4.997422018736367E-017
  5.595600000000001E-008 -4.995666386941801E-017
  5.595900000000001E-008 -4.993911395947237E-017
  5.596200000000001E-008 -4.992157205952665E-017
  5.596500000000001E-008 -4.990403656758086E-017
  5.596800000000001E-008 -4.988650748363514E-017
  5.597100000000001E-008 -4.986898801168931E-017
  5.597400000000001E-008 -4.985147334574344E-017
  5.597700000000001E-008 -4.983396668979757E-017
  5.598000000000001E-008 -4.981646804385163E-017
  5.598300000000001E-008 -4.979897580590567E-017
  5.598600000000001E-008 -4.978149157795965E-017
  5.598900000000001E-008 -4.978149157703503E-017
  5.599200000000001E-008 -4.976401375708936E-017
  5.599500000000001E-008 -4.974654394714351E-017
  5.599800000000001E-008 -4.972908054519803E-017
  5.600100000000001E-008 -4.971162515325192E-017
  5.600400000000001E-008 -4.969417616930598E-017
  5.600700000000001E-008 -4.967673359336010E-017
  5.601000000000001E-008 -4.965929902741418E-017
  5.601300000000001E-008 -4.964187247146817E-017
  5.601600000000001E-008 -4.962445232352212E-017
  5.601900000000001E-008 -4.960703858357606E-017
  5.602200000000001E-008 -4.958963285362999E-017
  5.602500000000001E-008 -4.957223513368380E-017
  5.602800000000001E-008 -4.955484221973766E-017
  5.603100000000001E-008 -4.953745891779142E-017
  5.603400000000001E-008 -4.952008042184519E-017
  5.603700000000001E-008 -4.950271153789889E-017
  5.604000000000001E-008 -4.948534745995256E-017
  5.604300000000001E-008 -4.948534745903358E-017
  5.604600000000001E-008 -4.946799299308739E-017
  5.604900000000001E-008 -4.945064333314164E-017
  5.605200000000001E-008 -4.943330168319529E-017
  5.605500000000001E-008 -4.941596804324908E-017
  5.605800000000001E-008 -4.939864081130285E-017
  5.606100000000001E-008 -4.938131998735664E-017
  5.606400000000001E-008 -4.936400717341034E-017
  5.606700000000001E-008 -4.934670076746406E-017
  5.607000000000001E-008 -4.932940237151770E-017
  5.607300000000001E-008 -4.931211038357129E-017
  5.607600000000001E-008 -4.929482480362487E-017
  5.607900000000001E-008 -4.927754723367843E-017
  5.608200000000001E-008 -4.926027767373193E-017
  5.608500000000001E-008 -4.924301452178538E-017
  5.608800000000001E-008 -4.922575777783881E-017
  5.609100000000001E-008 -4.920850904389221E-017
  5.609400000000001E-008 -4.919126671794556E-017
  5.609700000000001E-008 -4.917403079999887E-017
  5.610000000000001E-008 -4.917403079908594E-017
  5.610300000000001E-008 -4.915680289113930E-017
  5.610600000000001E-008 -4.913958299319272E-017
  5.610900000000001E-008 -4.912236790124636E-017
  5.611200000000001E-008 -4.910516242129975E-017
  5.611500000000001E-008 -4.908796174735320E-017
  5.611800000000001E-008 -4.907076908340667E-017
  5.612100000000001E-008 -4.905358442945994E-017
  5.612400000000001E-008 -4.903640458151335E-017
  5.612700000000001E-008 -4.901923434556660E-017
  5.613000000000001E-008 -4.900206891561985E-017
  5.613300000000001E-008 -4.898491149567312E-017
  5.613600000000001E-008 -4.896776208572625E-017
  5.613900000000001E-008 -4.895061748177943E-017
  5.614200000000001E-008 -4.893348248983253E-017
  5.614500000000001E-008 -4.891635230388558E-017
  5.614800000000001E-008 -4.889923012793865E-017
  5.615100000000001E-008 -4.888211435999164E-017
  5.615400000000001E-008 -4.888211435908391E-017
  5.615700000000001E-008 -4.886500660113714E-017
  5.616000000000001E-008 -4.884790525119043E-017
  5.616300000000001E-008 -4.883081191124351E-017
  5.616600000000001E-008 -4.881372337729679E-017
  5.616900000000001E-008 -4.879664445534983E-017
  5.617200000000001E-008 -4.877957033940295E-017
  5.617500000000001E-008 -4.876250423345598E-017
  5.617800000000001E-008 -4.874544453550902E-017
  5.618100000000001E-008 -4.872839284756198E-017
  5.618400000000001E-008 -4.871134756761496E-017
  5.618700000000001E-008 -4.869431029766782E-017
  5.619000000000001E-008 -4.867727783372068E-017
  5.619300000000001E-008 -4.866025337977353E-017
  5.619600000000001E-008 -4.864323693582631E-017
  5.619900000000001E-008 -4.862622689987911E-017
  5.620200000000001E-008 -4.860922327193180E-017
  5.620500000000001E-008 -4.859222605198448E-017
  5.620800000000001E-008 -4.859222605108218E-017
  5.621100000000001E-008 -4.857523684113510E-017
  5.621400000000001E-008 -4.855825403918807E-017
  5.621700000000001E-008 -4.854127924724093E-017
  5.622000000000001E-008 -4.852431086329374E-017
  5.622300000000001E-008 -4.850734888734660E-017
  5.622600000000001E-008 -4.849039492139928E-017
  5.622900000000001E-008 -4.847344576145210E-017
  5.623200000000001E-008 -4.845650621350475E-017
  5.623500000000001E-008 -4.843957147155743E-017
  5.623800000000001E-008 -4.842264473961005E-017
  5.624100000000001E-008 -4.840572441566265E-017
  5.624400000000001E-008 -4.838881210171521E-017
  5.624700000000001E-008 -4.837190619576769E-017
  5.625000000000001E-008 -4.835500669782022E-017
  5.625300000000001E-008 -4.833811360787266E-017
  5.625600000000001E-008 -4.832122852792504E-017
  5.625900000000001E-008 -4.830434985597741E-017
  5.626200000000001E-008 -4.830434985508055E-017
  5.626500000000001E-008 -4.828747919313308E-017
  5.626800000000001E-008 -4.827061333718573E-017
  5.627100000000001E-008 -4.825375549123836E-017
  5.627400000000001E-008 -4.823690565529080E-017
  5.627700000000001E-008 -4.822006062534331E-017
  5.628000000000001E-008 -4.820322360539583E-017
  5.628300000000001E-008 -4.818639459544818E-017
  5.628600000000001E-008 -4.816957039150060E-017
  5.628900000000001E-008 -4.815275419755293E-017
  5.629200000000001E-008 -4.813594441160527E-017
  5.629500000000001E-008 -4.811914263565752E-017
  5.629800000000001E-008 -4.810234566570974E-017
  5.630100000000001E-008 -4.808555670576205E-017
  5.630400000000001E-008 -4.806877575581416E-017
  5.630700000000001E-008 -4.805199961186626E-017
  5.631000000000001E-008 -4.803523147791837E-017
  5.631300000000001E-008 -4.801846975197043E-017
  5.631600000000001E-008 -4.801846975107884E-017
  5.631900000000001E-008 -4.800171443313124E-017
  5.632200000000001E-008 -4.798496712518351E-017
  5.632500000000001E-008 -4.796822622523573E-017
  5.632800000000001E-008 -4.795149173328800E-017
  5.633100000000001E-008 -4.793476525134017E-017
  5.633400000000001E-008 -4.791804517739230E-017
  5.633700000000001E-008 -4.790133151144440E-017
  5.634000000000001E-008 -4.788462425349645E-017
  5.634300000000001E-008 -4.786792340354852E-017
  5.634600000000001E-008 -4.785123056360052E-017
  5.634900000000001E-008 -4.783454413165248E-017
  5.635200000000001E-008 -4.781786570970449E-017
  5.635500000000001E-008 -4.780119209375634E-017
  5.635800000000001E-008 -4.778452648780817E-017
  5.636100000000001E-008 -4.776786728985999E-017
  5.636400000000001E-008 -4.775121449991179E-017
  5.636700000000001E-008 -4.773456971996353E-017
  5.637000000000001E-008 -4.773456971907733E-017
  5.637300000000001E-008 -4.771793134712932E-017
  5.637600000000001E-008 -4.770129938318127E-017
  5.637900000000001E-008 -4.768467382723329E-017
  5.638200000000001E-008 -4.766805628128510E-017
  5.638500000000001E-008 -4.765144354133702E-017
  5.638800000000001E-008 -4.763483881138892E-017
  5.639100000000001E-008 -4.761824209144065E-017
  5.639400000000001E-008 -4.760165017749244E-017
  5.639700000000001E-008 -4.758506627354417E-017
  5.640000000000001E-008 -4.756848877759582E-017
  5.640300000000001E-008 -4.755191768964760E-017
  5.640600000000001E-008 -4.753535300969917E-017
  5.640900000000001E-008 -4.751879633975072E-017
  5.641200000000001E-008 -4.750224607780228E-017
  5.641500000000001E-008 -4.748570222385379E-017
  5.641800000000001E-008 -4.746916477790527E-017
  5.642100000000001E-008 -4.745263373995672E-017
  5.642400000000001E-008 -4.745263373907582E-017
  5.642700000000001E-008 -4.743611071112750E-017
  5.643000000000001E-008 -4.741959409117916E-017
  5.643300000000001E-008 -4.740308387923078E-017
  5.643600000000001E-008 -4.738658007528236E-017
  5.643900000000001E-008 -4.737008267933398E-017
  5.644200000000001E-008 -4.735359329338551E-017
  5.644500000000001E-008 -4.733711031543699E-017
  5.644800000000001E-008 -4.732063374548843E-017
  5.645100000000001E-008 -4.730416358353990E-017
  5.645400000000001E-008 -4.728770143159121E-017
  5.645700000000001E-008 -4.727124408564271E-017
  5.646000000000001E-008 -4.725479474969397E-017
  5.646300000000001E-008 -4.723835182174520E-017
  5.646600000000001E-008 -4.722191530179647E-017
  5.646900000000001E-008 -4.720548679184766E-017
  5.647200000000001E-008 -4.718906308789885E-017
  5.647500000000001E-008 -4.717264739394999E-017
  5.647800000000001E-008 -4.717264739307431E-017
  5.648100000000001E-008 -4.715623810712570E-017
  5.648400000000001E-008 -4.713983522917705E-017
  5.648700000000001E-008 -4.712343875922845E-017
  5.649000000000001E-008 -4.710705029927966E-017
  5.649300000000001E-008 -4.709066664533097E-017
  5.649600000000001E-008 -4.707429100138219E-017
  5.649900000000001E-008 -4.705792176543336E-017
  5.650200000000001E-008 -4.704155893748453E-017
  5.650500000000001E-008 -4.702520251753559E-017
  5.650800000000001E-008 -4.700885250558687E-017
  5.651100000000001E-008 -4.699251050363782E-017
  5.651400000000001E-008 -4.697617490968879E-017
  5.651700000000001E-008 -4.695984572373977E-017
  5.652000000000001E-008 -4.694352294579071E-017
  5.652300000000001E-008 -4.692720657584161E-017
  5.652600000000001E-008 -4.691089661389250E-017
  5.652900000000001E-008 -4.689459466194334E-017
  5.653200000000001E-008 -4.687829751599414E-017
  5.653500000000001E-008 -4.687829751512399E-017
  5.653800000000001E-008 -4.686200837917504E-017
  5.654100000000001E-008 -4.684572565122605E-017
  5.654400000000001E-008 -4.682944933127703E-017
  5.654700000000001E-008 -4.681317941932797E-017
  5.655000000000001E-008 -4.679691591537896E-017
  5.655300000000001E-008 -4.678066042142979E-017
  5.655600000000001E-008 -4.676440973348064E-017
  5.655900000000001E-008 -4.674816705553164E-017
  5.656200000000001E-008 -4.673193078558230E-017
  5.656500000000001E-008 -4.671570092363300E-017
  5.656800000000001E-008 -4.669947746968372E-017
  5.657100000000001E-008 -4.668326042373440E-017
  5.657400000000001E-008 -4.666704978578503E-017
  5.657700000000001E-008 -4.665084555583565E-017
  5.658000000000001E-008 -4.663464933588624E-017
  5.658300000000001E-008 -4.661845952393676E-017
  5.658600000000001E-008 -4.660227451798727E-017
  5.658900000000001E-008 -4.660227451712228E-017
  5.659200000000001E-008 -4.658609752117304E-017
  5.659500000000001E-008 -4.656992693322375E-017
  5.659800000000001E-008 -4.655376275327442E-017
  5.660100000000001E-008 -4.653760498132515E-017
  5.660400000000001E-008 -4.652145521937571E-017
  5.660700000000001E-008 -4.650531026342624E-017
  5.661000000000001E-008 -4.648917171547704E-017
  5.661300000000001E-008 -4.647304117752744E-017
  5.661600000000001E-008 -4.645691704757783E-017
  5.661900000000001E-008 -4.644079772362831E-017
  5.662200000000001E-008 -4.642468640967872E-017
  5.662500000000001E-008 -4.640858150372910E-017
  5.662800000000001E-008 -4.639248300577945E-017
  5.663100000000001E-008 -4.637639091582975E-017
  5.663400000000001E-008 -4.636030523388002E-017
  5.663700000000001E-008 -4.634422595993028E-017
  5.664000000000001E-008 -4.632815469598048E-017
  5.664300000000001E-008 -4.632815469512059E-017
  5.664600000000001E-008 -4.631208823717113E-017
  5.664900000000001E-008 -4.629602978922146E-017
  5.665200000000001E-008 -4.627997614727193E-017
  5.665500000000001E-008 -4.626393051532222E-017
  5.665800000000001E-008 -4.624788968937256E-017
  5.666100000000001E-008 -4.623185687342307E-017
  5.666400000000001E-008 -4.621583046547315E-017
  5.666700000000001E-008 -4.619981046552334E-017
  5.667000000000001E-008 -4.618379687357353E-017
  5.667300000000001E-008 -4.616778968962367E-017
  5.667600000000001E-008 -4.615178891367379E-017
  5.667900000000001E-008 -4.613579454572387E-017
  5.668200000000001E-008 -4.611980658577391E-017
  5.668500000000001E-008 -4.610382503382395E-017
  5.668800000000001E-008 -4.608785149187392E-017
  5.669100000000001E-008 -4.607188275592386E-017
  5.669400000000001E-008 -4.605592042797378E-017
  5.669700000000001E-008 -4.605592042711907E-017
  5.670000000000001E-008 -4.603996610916914E-017
  5.670300000000001E-008 -4.602401659721936E-017
  5.670600000000001E-008 -4.600807509526937E-017
  5.670900000000001E-008 -4.599213839931947E-017
  5.671200000000001E-008 -4.597620971336966E-017
  5.671500000000001E-008 -4.596028583341952E-017
  5.671800000000001E-008 -4.594436996346946E-017
  5.672100000000001E-008 -4.592846050151933E-017
  5.672400000000001E-008 -4.591255584556925E-017
  5.672700000000001E-008 -4.589665919961913E-017
  5.673000000000001E-008 -4.588076896166891E-017
  5.673300000000001E-008 -4.586488352971872E-017
  5.673600000000001E-008 -4.584900610776848E-017
  5.673900000000001E-008 -4.583313509381819E-017
  5.674200000000001E-008 -4.581727048786789E-017
  5.674500000000001E-008 -4.580141228991752E-017
  5.674800000000001E-008 -4.578555889796714E-017
  5.675100000000001E-008 -4.578555889711747E-017
  5.675400000000001E-008 -4.576971351516734E-017
  5.675700000000001E-008 -4.575387454121717E-017
  5.676000000000001E-008 -4.573804197526695E-017
  5.676300000000001E-008 -4.572221581731696E-017
  5.676600000000001E-008 -4.570639606736648E-017
  5.676900000000001E-008 -4.569058272541616E-017
  5.677200000000001E-008 -4.567477579146577E-017
  5.677500000000001E-008 -4.565897366351544E-017
  5.677800000000001E-008 -4.564317954556505E-017
  5.678100000000001E-008 -4.562739183561461E-017
  5.678400000000001E-008 -4.561161053366414E-017
  5.678700000000001E-008 -4.559583563971363E-017
  5.679000000000001E-008 -4.558006715376309E-017
  5.679300000000001E-008 -4.556430507581252E-017
  5.679600000000001E-008 -4.554854940586190E-017
  5.679900000000001E-008 -4.553279854191127E-017
  5.680200000000001E-008 -4.551705568796060E-017
  5.680500000000001E-008 -4.551705568711597E-017
  5.680800000000001E-008 -4.550131924116555E-017
  5.681100000000001E-008 -4.548558920321498E-017
  5.681400000000001E-008 -4.546986397126483E-017
  5.681700000000001E-008 -4.545414674931409E-017
  5.682000000000001E-008 -4.543843593536343E-017
  5.682300000000001E-008 -4.542272992741290E-017
  5.682600000000001E-008 -4.540703192946228E-017
  5.682900000000001E-008 -4.539134033951156E-017
  5.683200000000001E-008 -4.537565355556092E-017
  5.683500000000001E-008 -4.535997478161015E-017
  5.683800000000001E-008 -4.534430081365942E-017
  5.684100000000001E-008 -4.532863485570861E-017
  5.684400000000001E-008 -4.531297370375777E-017
  5.684700000000001E-008 -4.529731895980693E-017
  5.685000000000001E-008 -4.528167222585603E-017
  5.685300000000001E-008 -4.526603029790509E-017
  5.685600000000001E-008 -4.525039477795413E-017
  5.685900000000001E-008 -4.525039477711446E-017
  5.686200000000001E-008 -4.523476566516373E-017
  5.686500000000001E-008 -4.521914296121334E-017
  5.686800000000001E-008 -4.520352826726224E-017
  5.687100000000001E-008 -4.518791837931133E-017
  5.687400000000001E-008 -4.517231329736055E-017
  5.687700000000001E-008 -4.515671622540968E-017
  5.688000000000001E-008 -4.514112556145876E-017
  5.688300000000001E-008 -4.512554130550783E-017
  5.688600000000001E-008 -4.510996345755678E-017
  5.688900000000001E-008 -4.509439041560581E-017
  5.689200000000001E-008 -4.507882538365473E-017
  5.689500000000001E-008 -4.506326515770368E-017
  5.689800000000001E-008 -4.504771294175254E-017
  5.690100000000001E-008 -4.503216553180138E-017
  5.690400000000001E-008 -4.501662452985022E-017
  5.690700000000001E-008 -4.500109153789899E-017
  5.691000000000001E-008 -4.498556335194774E-017
  5.691300000000001E-008 -4.497004157399645E-017
  5.691600000000001E-008 -4.497004157316204E-017
  5.691900000000001E-008 -4.495452620321119E-017
  5.692200000000001E-008 -4.493901563925995E-017
  5.692500000000001E-008 -4.492351308530885E-017
  5.692800000000001E-008 -4.490801693935764E-017
  5.693100000000001E-008 -4.489252559940654E-017
  5.693400000000001E-008 -4.487704226945528E-017
  5.693700000000001E-008 -4.486156374550410E-017
  5.694000000000001E-008 -4.484609323155279E-017
  5.694300000000001E-008 -4.483062752360148E-017
  5.694600000000001E-008 -4.481516822365015E-017
  5.694900000000001E-008 -4.479971533169878E-017
  5.695200000000001E-008 -4.478426884774738E-017
  5.695500000000001E-008 -4.476882877179592E-017
  5.695800000000001E-008 -4.475339350184447E-017
  5.696100000000001E-008 -4.473796624189296E-017
  5.696400000000001E-008 -4.472254378794142E-017
  5.696700000000001E-008 -4.470712934398986E-017
  5.697000000000001E-008 -4.470712934316061E-017
  5.697300000000001E-008 -4.469171970520903E-017
  5.697600000000001E-008 -4.467631647525768E-017
  5.697900000000001E-008 -4.466091965330629E-017
  5.698200000000001E-008 -4.464552923935489E-017
  5.698500000000001E-008 -4.463014523340335E-017
  5.698800000000001E-008 -4.461476603345194E-017
  5.699100000000001E-008 -4.459939484350037E-017
  5.699400000000001E-008 -4.458402845954886E-017
  5.699700000000001E-008 -4.456867008559724E-017
  5.700000000000001E-008 -4.455331651764561E-017
  5.700300000000001E-008 -4.453796935769397E-017
  5.700600000000001E-008 -4.452262860574225E-017
  5.700900000000001E-008 -4.450729265979055E-017
  5.701200000000001E-008 -4.449196472383879E-017
  5.701500000000001E-008 -4.447664159388700E-017
  5.701800000000001E-008 -4.446132647393520E-017
  5.702100000000001E-008 -4.444601615998333E-017
  5.702400000000001E-008 -4.444601615915874E-017
  5.702700000000001E-008 -4.443071225320714E-017
  5.703000000000001E-008 -4.441541475525542E-017
  5.703300000000001E-008 -4.440012206330384E-017
  5.703600000000001E-008 -4.438483738135206E-017
  5.703900000000001E-008 -4.436955750540039E-017
  5.704200000000001E-008 -4.435428563944857E-017
  5.704500000000001E-008 -4.433901857949676E-017
  5.704800000000001E-008 -4.432375792754494E-017
  5.705100000000001E-008 -4.430850368359301E-017
  5.705400000000001E-008 -4.429325424564116E-017
  5.705700000000001E-008 -4.427801281768920E-017
  5.706000000000001E-008 -4.426277619573722E-017
  5.706300000000001E-008 -4.424754598178523E-017
  5.706600000000001E-008 -4.423232217583318E-017
  5.706900000000001E-008 -4.421710477788115E-017
  5.707200000000001E-008 -4.420189378792902E-017
  5.707500000000001E-008 -4.418668760397689E-017
  5.707800000000001E-008 -4.418668760315713E-017
  5.708100000000001E-008 -4.417148782720525E-017
  5.708400000000001E-008 -4.415629445925333E-017
  5.708700000000001E-008 -4.414110749930138E-017
  5.709000000000001E-008 -4.412592694734941E-017
  5.709300000000001E-008 -4.411075280339733E-017
  5.709600000000001E-008 -4.409558346544528E-017
  5.709900000000001E-008 -4.408042053549320E-017
  5.710200000000001E-008 -4.406526401354108E-017
  5.710500000000001E-008 -4.405011389958895E-017
  5.710800000000001E-008 -4.403497019363672E-017
  5.711100000000001E-008 -4.401983129368453E-017
  5.711400000000001E-008 -4.400470040373228E-017
  5.711700000000001E-008 -4.398957431977994E-017
  5.712000000000001E-008 -4.397445304182770E-017
  5.712300000000001E-008 -4.395933977387534E-017
  5.712600000000001E-008 -4.394423291392293E-017
  5.712900000000001E-008 -4.392913085997052E-017
  5.713200000000001E-008 -4.392913085915561E-017
  5.713500000000001E-008 -4.391403521320345E-017
  5.713800000000001E-008 -4.389894597525117E-017
  5.714100000000001E-008 -4.388386154329903E-017
  5.714400000000001E-008 -4.386878512134670E-017
  5.714700000000001E-008 -4.385371350539440E-017
  5.715000000000001E-008 -4.383864829744208E-017
  5.715300000000001E-008 -4.382358949748966E-017
  5.715600000000001E-008 -4.380853550353733E-017
  5.715900000000001E-008 -4.379348951958485E-017
  5.716200000000001E-008 -4.377844834163240E-017
  5.716500000000001E-008 -4.376341357167987E-017
  5.716800000000001E-008 -4.374838360772735E-017
  5.717100000000001E-008 -4.373336165377486E-017
  5.717400000000001E-008 -4.371834450582222E-017
  5.717700000000001E-008 -4.370333376586957E-017
  5.718000000000001E-008 -4.368832943391691E-017
  5.718300000000001E-008 -4.367332990796422E-017
  5.718600000000001E-008 -4.367332990715418E-017
  5.718900000000001E-008 -4.365833839120166E-017
  5.719200000000001E-008 -4.364335168124910E-017
  5.719500000000001E-008 -4.362836977729668E-017
  5.719800000000001E-008 -4.361339588334408E-017
  5.720100000000001E-008 -4.359842679539150E-017
  5.720400000000001E-008 -4.358346411543890E-017
  5.720700000000001E-008 -4.356850784348627E-017
  5.721000000000001E-008 -4.355355797953355E-017
  5.721300000000001E-008 -4.353861292158084E-017
  5.721600000000001E-008 -4.352367427162812E-017
  5.721900000000001E-008 -4.350874202967532E-017
  5.722200000000001E-008 -4.349381619572260E-017
  5.722500000000001E-008 -4.347889516776971E-017
  5.722800000000001E-008 -4.346398054781681E-017
  5.723100000000001E-008 -4.344907233586392E-017
  5.723400000000001E-008 -4.343417053191097E-017
  5.723700000000001E-008 -4.341927353395800E-017
  5.724000000000001E-008 -4.341927353315265E-017
  5.724300000000001E-008 -4.340438294319995E-017
  5.724600000000001E-008 -4.338949876124711E-017
  5.724900000000001E-008 -4.337461938529441E-017
  5.725200000000001E-008 -4.335974801934154E-017
  5.725500000000001E-008 -4.334488145938861E-017
  5.725800000000001E-008 -4.333001970543581E-017
  5.726100000000001E-008 -4.331516596148284E-017
  5.726400000000001E-008 -4.330031702352991E-017
  5.726700000000001E-008 -4.328547449357688E-017
  5.727000000000001E-008 -4.327063676962388E-017
  5.727300000000001E-008 -4.325580705567095E-017
  5.727600000000001E-008 -4.324098214771775E-017
  5.727900000000001E-008 -4.322616204576464E-017
  5.728200000000001E-008 -4.321134995381149E-017
  5.728500000000001E-008 -4.319654266785831E-017
  5.728800000000001E-008 -4.318174178990510E-017
  5.729100000000001E-008 -4.316694571795186E-017
  5.729400000000001E-008 -4.315215765599858E-017
  5.729700000000001E-008 -4.315215765519823E-017
  5.730000000000001E-008 -4.313737439924512E-017
  5.730300000000001E-008 -4.312259594929216E-017
  5.730600000000001E-008 -4.310782550933900E-017
  5.730900000000001E-008 -4.309305987538589E-017
  5.731200000000001E-008 -4.307830064943268E-017
  5.731500000000001E-008 -4.306354622947950E-017
  5.731800000000001E-008 -4.304879821752628E-017
  5.732100000000001E-008 -4.303405661357305E-017
  5.732400000000001E-008 -4.301932141761969E-017
  5.732700000000001E-008 -4.300459102766649E-017
  5.733000000000001E-008 -4.298986704571308E-017
  5.733300000000001E-008 -4.297514947175963E-017
  5.733600000000001E-008 -4.296043670380623E-017
  5.733900000000001E-008 -4.294573034385279E-017
  5.734200000000001E-008 -4.293103039189930E-017
  5.734500000000001E-008 -4.291633524594579E-017
  5.734800000000001E-008 -4.290164650799224E-017
  5.735100000000001E-008 -4.290164650719660E-017
  5.735400000000001E-008 -4.288696417724322E-017
  5.735700000000001E-008 -4.287228665328999E-017
  5.736000000000001E-008 -4.285761713933648E-017
  5.736300000000001E-008 -4.284295082938317E-017
  5.736600000000001E-008 -4.282829252942969E-017
  5.736900000000001E-008 -4.281363903547623E-017
  5.737200000000001E-008 -4.279899194952271E-017
  5.737500000000001E-008 -4.278434966956914E-017
  5.737800000000001E-008 -4.276971379761575E-017
  5.738100000000001E-008 -4.275508433366204E-017
  5.738400000000001E-008 -4.274045967570838E-017
  5.738700000000001E-008 -4.272584142575474E-017
  5.739000000000001E-008 -4.271122958380104E-017
  5.739300000000001E-008 -4.269662254784732E-017
  5.739600000000001E-008 -4.268202191989357E-017
  5.739900000000001E-008 -4.266742769993979E-017
  5.740200000000001E-008 -4.265283828598598E-017
  5.740500000000001E-008 -4.265283828519497E-017
  5.740800000000001E-008 -4.263825527924142E-017
  5.741100000000001E-008 -4.262367868128774E-017
  5.741400000000001E-008 -4.260910688933412E-017
  5.741700000000001E-008 -4.259454150538047E-017
  5.742000000000001E-008 -4.257998252942672E-017
  5.742300000000001E-008 -4.256542835947301E-017
  5.742600000000001E-008 -4.255088059751917E-017
  5.742900000000001E-008 -4.253633764156554E-017
  5.743200000000001E-008 -4.252180109361162E-017
  5.743500000000001E-008 -4.250727095365769E-017
  5.743800000000001E-008 -4.249274561970381E-017
  5.744100000000001E-008 -4.247822669374990E-017
  5.744400000000001E-008 -4.246371417579592E-017
  5.744700000000001E-008 -4.244920646384193E-017
  5.745000000000001E-008 -4.243470515988791E-017
  5.745300000000001E-008 -4.242020866193387E-017
  5.745600000000001E-008 -4.240572017397977E-017
  5.745900000000001E-008 -4.240572017319334E-017
  5.746200000000001E-008 -4.239123488923960E-017
  5.746500000000001E-008 -4.237675761528567E-017
  5.746800000000001E-008 -4.236228514733170E-017
  5.747100000000001E-008 -4.234781748537777E-017
  5.747400000000001E-008 -4.233335623142383E-017
  5.747700000000001E-008 -4.231890138546981E-017
  5.748000000000001E-008 -4.230445294751593E-017
  5.748300000000001E-008 -4.229000931556169E-017
  5.748600000000001E-008 -4.227557048960757E-017
  5.748900000000001E-008 -4.226113807165346E-017
  5.749200000000001E-008 -4.224671206169931E-017
  5.749500000000001E-008 -4.223229245974510E-017
  5.749800000000001E-008 -4.221787766379085E-017
  5.750100000000001E-008 -4.220346767383662E-017
  5.750400000000001E-008 -4.218906569388232E-017
  5.750700000000001E-008 -4.217466691792801E-017
  5.751000000000001E-008 -4.216027615197366E-017
  5.751300000000001E-008 -4.216027615119188E-017
  5.751600000000001E-008 -4.214589019123769E-017
  5.751900000000001E-008 -4.213150903728367E-017
  5.752200000000001E-008 -4.211713589332935E-017
  5.752500000000001E-008 -4.210276595337524E-017
  5.752800000000001E-008 -4.208840402342094E-017
  5.753100000000001E-008 -4.207404689946682E-017
  5.753400000000001E-008 -4.205969458151238E-017
  5.753700000000001E-008 -4.204534867155804E-017
  5.754000000000001E-008 -4.203100916960366E-017
  5.754300000000001E-008 -4.201667447364927E-017
  5.754600000000001E-008 -4.200234618569483E-017
  5.754900000000001E-008 -4.198802270374036E-017
  5.755200000000001E-008 -4.197370562978588E-017
  5.755500000000001E-008 -4.195939496383136E-017
  5.755800000000001E-008 -4.194508910387680E-017
  5.756100000000001E-008 -4.193078965192222E-017
  5.756400000000001E-008 -4.191649500596760E-017
  5.756700000000001E-008 -4.191649500519041E-017
  5.757000000000001E-008 -4.190220676723597E-017
  5.757300000000001E-008 -4.188792333528158E-017
  5.757600000000001E-008 -4.187364631132718E-017
  5.757900000000001E-008 -4.185937569537263E-017
  5.758200000000001E-008 -4.184510988541830E-017
  5.758500000000001E-008 -4.183084888146360E-017
  5.758800000000001E-008 -4.181659428550904E-017
  5.759100000000001E-008 -4.180234609755442E-017
  5.759400000000001E-008 -4.178810271559980E-017
  5.759700000000001E-008 -4.177386574164511E-017
  5.760000000000001E-008 -4.175963357369043E-017
  5.760300000000001E-008 -4.174540781373572E-017
  5.760600000000001E-008 -4.173118846178096E-017
  5.760900000000001E-008 -4.171697391582616E-017
  5.761200000000001E-008 -4.170276417587134E-017
  5.761500000000001E-008 -4.168856084391651E-017
  5.761800000000001E-008 -4.167436391996162E-017
  5.762100000000001E-008 -4.167436391918893E-017
  5.762400000000001E-008 -4.166017180123432E-017
  5.762700000000001E-008 -4.164598609127960E-017
  5.763000000000001E-008 -4.163180518732491E-017
  5.763300000000001E-008 -4.161763069137034E-017
  5.763600000000001E-008 -4.160346100141541E-017
  5.763900000000001E-008 -4.158929771946055E-017
  5.764200000000001E-008 -4.157513924350575E-017
  5.764500000000001E-008 -4.156098717555086E-017
  5.764800000000001E-008 -4.154683991359597E-017
  5.765100000000001E-008 -4.153269905964108E-017
  5.765400000000001E-008 -4.151856461368606E-017
  5.765700000000001E-008 -4.150443337173111E-017
  5.766000000000001E-008 -4.149031013977610E-017
  5.766300000000001E-008 -4.147619171382103E-017
  5.766600000000001E-008 -4.146207809386596E-017
  5.766900000000001E-008 -4.144797088191086E-017
  5.767200000000001E-008 -4.143387007795572E-017
  5.767500000000001E-008 -4.143387007718755E-017
  5.767800000000001E-008 -4.141977407923258E-017
  5.768100000000001E-008 -4.140568288727766E-017
  5.768400000000001E-008 -4.139159810332297E-017
  5.768700000000001E-008 -4.137751972736772E-017
  5.769000000000001E-008 -4.136344615741263E-017
  5.769300000000001E-008 -4.134937739345759E-017
  5.769600000000001E-008 -4.133531503750252E-017
  5.769900000000001E-008 -4.132125908954738E-017
  5.770200000000001E-008 -4.130720794759219E-017
  5.770500000000001E-008 -4.129316161163702E-017
  5.770800000000001E-008 -4.127912168368184E-017
  5.771100000000001E-008 -4.126508816372657E-017
  5.771400000000001E-008 -4.125105944977127E-017
  5.771700000000001E-008 -4.123703554181598E-017
  5.772000000000001E-008 -4.122301804186065E-017
  5.772300000000001E-008 -4.120900694990528E-017
  5.772600000000001E-008 -4.119500066394988E-017
  5.772900000000001E-008 -4.118099918399445E-017
  5.773200000000001E-008 -4.118099918323101E-017
  5.773500000000001E-008 -4.116700411127600E-017
  5.773800000000001E-008 -4.115301384532058E-017
  5.774100000000001E-008 -4.113902998736527E-017
  5.774400000000001E-008 -4.112505093541002E-017
  5.774700000000001E-008 -4.111107829145465E-017
  5.775000000000001E-008 -4.109711045349932E-017
  5.775300000000001E-008 -4.108314902354392E-017
  5.775600000000001E-008 -4.106919239958853E-017
  5.775900000000001E-008 -4.105524218363305E-017
  5.776200000000001E-008 -4.104129677367760E-017
  5.776500000000001E-008 -4.102735777172208E-017
  5.776800000000001E-008 -4.101342357576653E-017
  5.777100000000001E-008 -4.099949418581098E-017
  5.777400000000001E-008 -4.098557120385540E-017
  5.777700000000001E-008 -4.097165462989976E-017
  5.778000000000001E-008 -4.095774125994411E-017
  5.778300000000001E-008 -4.094383589998843E-017
  5.778600000000001E-008 -4.094383589922944E-017
  5.778900000000001E-008 -4.092993534527416E-017
  5.779200000000001E-008 -4.091603959731849E-017
  5.779500000000001E-008 -4.090215025736292E-017
  5.779800000000001E-008 -4.088826572340734E-017
  5.780100000000001E-008 -4.087438599545178E-017
  5.780400000000001E-008 -4.086051267549621E-017
  5.780700000000001E-008 -4.084664576354055E-017
  5.781000000000001E-008 -4.083278365758484E-017
  5.781300000000001E-008 -4.081892635762917E-017
  5.781600000000001E-008 -4.080507546567342E-017
  5.781900000000001E-008 -4.079122937971767E-017
  5.782200000000001E-008 -4.077738970176187E-017
  5.782500000000001E-008 -4.076355482980604E-017
  5.782800000000001E-008 -4.074972476385020E-017
  5.783100000000001E-008 -4.073590110589433E-017
  5.783400000000001E-008 -4.072208385593840E-017
  5.783700000000001E-008 -4.070826980998247E-017
  5.784000000000001E-008 -4.070826980922819E-017
  5.784300000000001E-008 -4.069446377327209E-017
  5.784600000000001E-008 -4.068066094131647E-017
  5.784900000000001E-008 -4.066686611936058E-017
  5.785200000000001E-008 -4.065307450140480E-017
  5.785500000000001E-008 -4.063928929144894E-017
  5.785800000000001E-008 -4.062550888749311E-017
  5.786100000000001E-008 -4.061173489153718E-017
  5.786400000000001E-008 -4.059796570158128E-017
  5.786700000000001E-008 -4.058420291962532E-017
  5.787000000000001E-008 -4.057044494366930E-017
  5.787300000000001E-008 -4.055669177371331E-017
  5.787600000000001E-008 -4.054294501175725E-017
  5.787900000000001E-008 -4.052920305580118E-017
  5.788200000000001E-008 -4.051546750784508E-017
  5.788500000000001E-008 -4.050173676588893E-017
  5.788800000000001E-008 -4.048801082993279E-017
  5.789100000000001E-008 -4.047429130197658E-017
  5.789400000000001E-008 -4.047429130122643E-017
  5.789700000000001E-008 -4.046057818127033E-017
  5.790000000000001E-008 -4.044686826531437E-017
  5.790300000000001E-008 -4.043316475735839E-017
  5.790600000000001E-008 -4.041946765740229E-017
  5.790900000000001E-008 -4.040577536344617E-017
  5.791200000000001E-008 -4.039208787549002E-017
  5.791500000000001E-008 -4.037840519353390E-017
  5.791800000000001E-008 -4.036472891957775E-017
  5.792100000000001E-008 -4.035105905362153E-017
  5.792400000000001E-008 -4.033739399366527E-017
  5.792700000000001E-008 -4.032373373970898E-017
  5.793000000000001E-008 -4.031007829175268E-017
  5.793300000000001E-008 -4.029642925179640E-017
  5.793600000000001E-008 -4.028278661984000E-017
  5.793900000000001E-008 -4.026914719188364E-017
  5.794200000000001E-008 -4.025551417192722E-017
  5.794500000000001E-008 -4.024188755997077E-017
  5.794800000000001E-008 -4.024188755922492E-017
  5.795100000000001E-008 -4.022826575326865E-017
  5.795400000000001E-008 -4.021464875331236E-017
  5.795700000000001E-008 -4.020103655935612E-017
  5.796000000000001E-008 -4.018743077339978E-017
  5.796300000000001E-008 -4.017382979344347E-017
  5.796600000000001E-008 -4.016023522148707E-017
  5.796900000000001E-008 -4.014664545553071E-017
  5.797200000000001E-008 -4.013306209757420E-017
  5.797500000000001E-008 -4.011948194361775E-017
  5.797800000000001E-008 -4.010590819766130E-017
  5.798100000000001E-008 -4.009234085970476E-017
  5.798400000000001E-008 -4.007877832774821E-017
  5.798700000000001E-008 -4.006522060179160E-017
  5.799000000000001E-008 -4.005166768183505E-017
  5.799300000000001E-008 -4.003812116987839E-017
  5.799600000000001E-008 -4.002457946392171E-017
  5.799900000000001E-008 -4.001104416596501E-017
  5.800200000000001E-008 -4.001104416522348E-017
  5.800500000000001E-008 -3.999751367326696E-017
  5.800800000000001E-008 -3.998398798731051E-017
  5.801100000000001E-008 -3.997046870935394E-017
  5.801400000000001E-008 -3.995695423739734E-017
  5.801700000000001E-008 -3.994344457144078E-017
  5.802000000000001E-008 -3.992994131348414E-017
  5.802300000000001E-008 -3.991644286152746E-017
  5.802600000000001E-008 -3.990294921557081E-017
  5.802900000000001E-008 -3.988946197761409E-017
  5.803200000000001E-008 -3.987597954565732E-017
  5.803500000000001E-008 -3.986250191970058E-017
  5.803800000000001E-008 -3.984903070174376E-017
  5.804100000000001E-008 -3.983556428978698E-017
  5.804400000000001E-008 -3.982210268383010E-017
  5.804700000000001E-008 -3.980864748587319E-017
  5.805000000000001E-008 -3.979519709391627E-017
  5.805300000000001E-008 -3.978175150795933E-017
  5.805600000000001E-008 -3.978175150722203E-017
  5.805900000000001E-008 -3.976831072726535E-017
  5.806200000000001E-008 -3.975487635530865E-017
  5.806500000000001E-008 -3.974144839135175E-017
  5.806800000000001E-008 -3.972802363139498E-017
  5.807100000000001E-008 -3.971460527943811E-017
  5.807400000000001E-008 -3.970119173348128E-017
  5.807700000000001E-008 -3.968778459552435E-017
  5.808000000000001E-008 -3.967438226356741E-017
  5.808300000000001E-008 -3.966098473761042E-017
  5.808600000000001E-008 -3.964759201765346E-017
  5.808900000000001E-008 -3.963420570569642E-017
  5.809200000000001E-008 -3.962082419973945E-017
  5.809500000000001E-008 -3.960744749978234E-017
  5.809800000000001E-008 -3.959407720782520E-017
  5.810100000000001E-008 -3.958071172186806E-017
  5.810400000000001E-008 -3.956735104191091E-017
  5.810700000000001E-008 -3.955399676995371E-017
  5.811000000000001E-008 -3.954064570199650E-017
  5.811300000000001E-008 -3.954064570126382E-017
  5.811600000000001E-008 -3.952730264330670E-017
  5.811900000000001E-008 -3.951396278934971E-017
  5.812200000000001E-008 -3.950062934339263E-017
  5.812500000000001E-008 -3.948730070343550E-017
  5.812800000000001E-008 -3.947397686947843E-017
  5.813100000000001E-008 -3.946065944352127E-017
  5.813400000000001E-008 -3.944734682356406E-017
  5.813700000000001E-008 -3.943403900960685E-017
  5.814000000000001E-008 -3.942073600164961E-017
  5.814300000000001E-008 -3.940743940169245E-017
  5.814600000000001E-008 -3.939414760773508E-017
  5.814900000000001E-008 -3.938086061977774E-017
  5.815200000000001E-008 -3.936758003982040E-017
  5.815500000000001E-008 -3.935430426586301E-017
  5.815800000000001E-008 -3.934103329790560E-017
  5.816100000000001E-008 -3.932776713594817E-017
  5.816400000000001E-008 -3.931450738199069E-017
  5.816700000000001E-008 -3.931450738126219E-017
  5.817000000000001E-008 -3.930125243330491E-017
  5.817300000000001E-008 -3.928800229134760E-017
  5.817600000000001E-008 -3.927475695539035E-017
  5.817900000000001E-008 -3.926151802743299E-017
  5.818200000000001E-008 -3.924828390547560E-017
  5.818500000000001E-008 -3.923505458951825E-017
  5.818800000000001E-008 -3.922183168156076E-017
  5.819100000000001E-008 -3.920861197760329E-017
  5.819400000000001E-008 -3.919539868164600E-017
  5.819700000000001E-008 -3.918219179368836E-017
  5.820000000000001E-008 -3.916898810973078E-017
  5.820300000000001E-008 -3.915579083377324E-017
  5.820600000000001E-008 -3.914259836381562E-017
  5.820900000000001E-008 -3.912941069985801E-017
  5.821200000000001E-008 -3.911622944390036E-017
  5.821500000000001E-008 -3.910305299394268E-017
  5.821800000000001E-008 -3.908988134998497E-017
  5.822100000000001E-008 -3.908988134926063E-017
  5.822400000000001E-008 -3.907671451130320E-017
  5.822700000000001E-008 -3.906355408134557E-017
  5.823000000000001E-008 -3.905039685538806E-017
  5.823300000000001E-008 -3.903724603743054E-017
  5.823600000000001E-008 -3.902410162747284E-017
  5.823900000000001E-008 -3.901096042151523E-017
  5.824200000000001E-008 -3.899782562355757E-017
  5.824500000000001E-008 -3.898469563159983E-017
  5.824800000000001E-008 -3.897157044564221E-017
  5.825100000000001E-008 -3.895845006568441E-017
  5.825400000000001E-008 -3.894533609372659E-017
  5.825700000000001E-008 -3.893222692776878E-017
  5.826000000000001E-008 -3.891912256781094E-017
  5.826300000000001E-008 -3.890602301385307E-017
  5.826600000000001E-008 -3.889292986789519E-017
  5.826900000000001E-008 -3.887984152793726E-017
  5.827200000000001E-008 -3.886675799397931E-017
  5.827500000000001E-008 -3.886675799325915E-017
  5.827800000000001E-008 -3.885367926530139E-017
  5.828100000000001E-008 -3.884060534334368E-017
  5.828400000000001E-008 -3.882753782938586E-017
  5.828700000000001E-008 -3.881447512142803E-017
  5.829000000000001E-008 -3.880141721947014E-017
  5.829300000000001E-008 -3.878836412351232E-017
  5.829600000000001E-008 -3.877531743555431E-017
  5.829900000000001E-008 -3.876227395159656E-017
  5.830200000000001E-008 -3.874923687563847E-017
  5.830500000000001E-008 -3.873620460568048E-017
  5.830800000000001E-008 -3.872317874372243E-017
  5.831100000000001E-008 -3.871015608576439E-017
  5.831400000000001E-008 -3.869713983580631E-017
  5.831700000000001E-008 -3.868412839184820E-017
  5.832000000000001E-008 -3.867112175389006E-017
  5.832300000000001E-008 -3.865811992193190E-017
  5.832600000000001E-008 -3.864512449797371E-017
  5.832900000000001E-008 -3.864512449725765E-017
  5.833200000000001E-008 -3.863213227729974E-017
  5.833500000000001E-008 -3.861914646534171E-017
  5.833800000000001E-008 -3.860616545938374E-017
  5.834100000000001E-008 -3.859319086142557E-017
  5.834400000000001E-008 -3.858021946746753E-017
  5.834700000000001E-008 -3.856725448150937E-017
  5.835000000000001E-008 -3.855429430155138E-017
  5.835300000000001E-008 -3.854133892759307E-017
  5.835600000000001E-008 -3.852838835963481E-017
  5.835900000000001E-008 -3.851544259767662E-017
  5.836200000000001E-008 -3.850250324371835E-017
  5.836500000000001E-008 -3.848956869576005E-017
  5.836800000000001E-008 -3.847663895380173E-017
  5.837100000000001E-008 -3.846371401784338E-017
  5.837400000000001E-008 -3.845079388788502E-017
  5.837700000000001E-008 -3.843788016592661E-017
  5.838000000000001E-008 -3.842496964796817E-017
  5.838300000000001E-008 -3.842496964725632E-017
  5.838600000000001E-008 -3.841206553729809E-017
  5.838900000000001E-008 -3.839916623333981E-017
  5.839200000000001E-008 -3.838627173538160E-017
  5.839500000000001E-008 -3.837338364542321E-017
  5.839800000000001E-008 -3.836049875946490E-017
  5.840100000000001E-008 -3.834762028150665E-017
  5.840400000000001E-008 -3.833474500754815E-017
  5.840700000000001E-008 -3.832187614158977E-017
  5.841000000000001E-008 -3.830901368363128E-017
  5.841300000000001E-008 -3.829615442967278E-017
  5.841600000000001E-008 -3.828329998171431E-017
  5.841900000000001E-008 -3.827045194175578E-017
  5.842200000000001E-008 -3.825760870779721E-017
  5.842500000000001E-008 -3.824477027983863E-017
  5.842800000000001E-008 -3.823193665788001E-017
  5.843100000000001E-008 -3.821910784192137E-017
  5.843400000000001E-008 -3.820628383196272E-017
  5.843700000000001E-008 -3.820628383125498E-017
  5.844000000000001E-008 -3.819346622929641E-017
  5.844300000000001E-008 -3.818065183133800E-017
  5.844600000000001E-008 -3.816784384137947E-017
  5.844900000000001E-008 -3.815504065742088E-017
  5.845200000000001E-008 -3.814224227946249E-017
  5.845500000000001E-008 -3.812944870750380E-017
  5.845800000000001E-008 -3.811666154354507E-017
  5.846100000000001E-008 -3.810387758358647E-017
  5.846400000000001E-008 -3.809110003162773E-017
  5.846700000000001E-008 -3.807832568366905E-017
  5.847000000000001E-008 -3.806555774371031E-017
  5.847300000000001E-008 -3.805279460975153E-017
  5.847600000000001E-008 -3.804003628179277E-017
  5.847900000000001E-008 -3.802728436183392E-017
  5.848200000000001E-008 -3.801453564587509E-017
  5.848500000000001E-008 -3.800179333791621E-017
  5.848800000000001E-008 -3.798905423395730E-017
  5.849100000000001E-008 -3.797632153799838E-017
  5.849400000000001E-008 -3.797632153729490E-017
  5.849700000000001E-008 -3.796359364733617E-017
  5.850000000000001E-008 -3.795087056337737E-017
  5.850300000000001E-008 -3.793815228541879E-017
  5.850600000000001E-008 -3.792543881345987E-017
  5.850900000000001E-008 -3.791273174950094E-017
  5.851200000000001E-008 -3.790002788954213E-017
  5.851500000000001E-008 -3.788733043758318E-017
  5.851800000000001E-008 -3.787463618962430E-017
  5.852100000000001E-008 -3.786194834966536E-017
  5.852400000000001E-008 -3.784926531570638E-017
  5.852700000000001E-008 -3.783658708774737E-017
  5.853000000000001E-008 -3.782391366578834E-017
  5.853300000000001E-008 -3.781124504982931E-017
  5.853600000000001E-008 -3.779858284187021E-017
  5.853900000000001E-008 -3.778592383791111E-017
  5.854200000000001E-008 -3.777327124195197E-017
  5.854500000000001E-008 -3.776062184999280E-017
  5.854800000000001E-008 -3.776062184929338E-017
  5.855100000000001E-008 -3.774797886533440E-017
  5.855400000000001E-008 -3.773534068737561E-017
  5.855700000000001E-008 -3.772270731541639E-017
  5.856000000000001E-008 -3.771007874945732E-017
  5.856300000000001E-008 -3.769745498949826E-017
  5.856600000000001E-008 -3.768483603553913E-017
  5.856900000000001E-008 -3.767222188758007E-017
  5.857200000000001E-008 -3.765961414762087E-017
  5.857500000000001E-008 -3.764700961166172E-017
  5.857800000000001E-008 -3.763441148370248E-017
  5.858100000000001E-008 -3.762181655974327E-017
  5.858400000000001E-008 -3.760922804378401E-017
  5.858700000000001E-008 -3.759664433382471E-017
  5.859000000000001E-008 -3.758406542986541E-017
  5.859300000000001E-008 -3.757149133190606E-017
  5.859600000000001E-008 -3.755892203994670E-017
  5.859900000000001E-008 -3.754635755398730E-017
  5.860200000000001E-008 -3.754635755329184E-017
  5.860500000000001E-008 -3.753379787333285E-017
  5.860800000000001E-008 -3.752124299937340E-017
  5.861100000000001E-008 -3.750869293141423E-017
  5.861400000000001E-008 -3.749614927145487E-017
  5.861700000000001E-008 -3.748360881549563E-017
  5.862000000000001E-008 -3.747107476753623E-017
  5.862300000000001E-008 -3.745854392357692E-017
  5.862600000000001E-008 -3.744601948761755E-017
  5.862900000000001E-008 -3.743349985765807E-017
  5.863200000000001E-008 -3.742098343169866E-017
  5.863500000000001E-008 -3.740847341373921E-017
  5.863800000000001E-008 -3.739596820177971E-017
  5.864100000000001E-008 -3.738346779582019E-017
  5.864400000000001E-008 -3.737097219586064E-017
  5.864700000000001E-008 -3.735848140190107E-017
  5.865000000000001E-008 -3.734599541394147E-017
  5.865300000000001E-008 -3.733351423198185E-017
  5.865600000000001E-008 -3.733351423129059E-017
  5.865900000000001E-008 -3.732103785533103E-017
  5.866200000000001E-008 -3.730856788737147E-017
  5.866500000000001E-008 -3.729610112341198E-017
  5.866800000000001E-008 -3.728363916545256E-017
  5.867100000000001E-008 -3.727118361549294E-017
  5.867400000000001E-008 -3.725873126953345E-017
  5.867700000000001E-008 -3.724628533157379E-017
  5.868000000000001E-008 -3.723384259761422E-017
  5.868300000000001E-008 -3.722140627165454E-017
  5.868600000000001E-008 -3.720897314969489E-017
  5.868900000000001E-008 -3.719654643573522E-017
  5.869200000000001E-008 -3.718412452777545E-017
  5.869500000000001E-008 -3.717170582381572E-017
  5.869800000000001E-008 -3.715929352785596E-017
  5.870100000000001E-008 -3.714688603789616E-017
  5.870400000000001E-008 -3.713448335393630E-017
  5.870700000000001E-008 -3.712208387397646E-017
  5.871000000000001E-008 -3.712208387328919E-017
  5.871300000000001E-008 -3.710969080132931E-017
  5.871600000000001E-008 -3.709730253536961E-017
  5.871900000000001E-008 -3.708491907540990E-017
  5.872200000000001E-008 -3.707254042145016E-017
  5.872500000000001E-008 -3.706016657349039E-017
  5.872800000000001E-008 -3.704779753153059E-017
  5.873100000000001E-008 -3.703543329557078E-017
  5.873400000000001E-008 -3.702307386561093E-017
  5.873700000000001E-008 -3.701071924165106E-017
  5.874000000000001E-008 -3.699836942369116E-017
  5.874300000000001E-008 -3.698602441173124E-017
  5.874600000000001E-008 -3.697368420577129E-017
  5.874900000000001E-008 -3.696134880581131E-017
  5.875200000000001E-008 -3.694901821185130E-017
  5.875500000000001E-008 -3.693669242389128E-017
  5.875800000000001E-008 -3.692437144193124E-017
  5.876100000000001E-008 -3.691205526597115E-017
  5.876400000000001E-008 -3.691205526528755E-017
  5.876700000000001E-008 -3.689974389532766E-017
  5.877000000000001E-008 -3.688743733136774E-017
  5.877300000000001E-008 -3.687513557340789E-017
  5.877600000000001E-008 -3.686284022344784E-017
  5.877900000000001E-008 -3.685054807748784E-017
  5.878200000000001E-008 -3.683826073752783E-017
  5.878500000000001E-008 -3.682597820356777E-017
  5.878800000000001E-008 -3.681370047560771E-017
  5.879100000000001E-008 -3.680142755364761E-017
  5.879400000000001E-008 -3.678915943768748E-017
  5.879700000000001E-008 -3.677689612772734E-017
  5.880000000000001E-008 -3.676463762376716E-017
  5.880300000000001E-008 -3.675238392580695E-017
  5.880600000000001E-008 -3.674013503384672E-017
  5.880900000000001E-008 -3.672789094788650E-017
  5.881200000000001E-008 -3.671565166792620E-017
  5.881500000000001E-008 -3.670341719396588E-017
  5.881800000000001E-008 -3.670341719328621E-017
  5.882100000000001E-008 -3.669118752532609E-017
  5.882400000000001E-008 -3.667896266336595E-017
  5.882700000000001E-008 -3.666674260740579E-017
  5.883000000000001E-008 -3.665452735744559E-017
  5.883300000000001E-008 -3.664231691348538E-017
  5.883600000000001E-008 -3.663011127552506E-017
  5.883900000000001E-008 -3.661790884156485E-017
  5.884200000000001E-008 -3.660571281560456E-017
  5.884500000000001E-008 -3.659352159564424E-017
  5.884800000000001E-008 -3.658133518168384E-017
  5.885100000000001E-008 -3.656915197172349E-017
  5.885400000000001E-008 -3.655697516976311E-017
  5.885700000000001E-008 -3.654480317380262E-017
  5.886000000000001E-008 -3.653263438184225E-017
  5.886300000000001E-008 -3.652047199788173E-017
  5.886600000000001E-008 -3.650831281792121E-017
  5.886900000000001E-008 -3.649616004596068E-017
  5.887200000000001E-008 -3.649616004528483E-017
  5.887500000000001E-008 -3.648401047732459E-017
  5.887800000000001E-008 -3.647186731736414E-017
  5.888100000000001E-008 -3.645972736140376E-017
  5.888400000000001E-008 -3.644759221144332E-017
  5.888700000000001E-008 -3.643546186748297E-017
  5.889000000000001E-008 -3.642333793152243E-017
  5.889300000000001E-008 -3.641121719956194E-017
  5.889600000000001E-008 -3.639910127360141E-017
  5.889900000000001E-008 -3.638699015364086E-017
  5.890200000000001E-008 -3.637488383968029E-017
  5.890500000000001E-008 -3.636278233171970E-017
  5.890800000000001E-008 -3.635068562975906E-017
  5.891100000000001E-008 -3.633859373379845E-017
  5.891400000000001E-008 -3.632650504183775E-017
  5.891700000000001E-008 -3.631442275787703E-017
  5.892000000000001E-008 -3.630234527991629E-017
  5.892300000000001E-008 -3.629027100595554E-017
  5.892600000000001E-008 -3.627820313999476E-017
  5.892900000000001E-008 -3.627820313932298E-017
  5.893200000000001E-008 -3.626613847736249E-017
  5.893500000000001E-008 -3.625408022340179E-017
  5.893800000000001E-008 -3.624202517344115E-017
  5.894100000000001E-008 -3.622997492948048E-017
  5.894400000000001E-008 -3.621792949151986E-017
  5.894700000000001E-008 -3.620589046155908E-017
  5.895000000000001E-008 -3.619385463559834E-017
  5.895300000000001E-008 -3.618182361563752E-017
  5.895600000000001E-008 -3.616979579967677E-017
  5.895900000000001E-008 -3.615777439171593E-017
  5.896200000000001E-008 -3.614575778975518E-017
  5.896500000000001E-008 -3.613374599379422E-017
  5.896800000000001E-008 -3.612173740183331E-017
  5.897100000000001E-008 -3.610973521787239E-017
  5.897400000000001E-008 -3.609773623791143E-017
  5.897700000000001E-008 -3.608574206395046E-017
  5.898000000000001E-008 -3.607375429798946E-017
  5.898300000000001E-008 -3.607375429732153E-017
  5.898600000000001E-008 -3.606176973536072E-017
  5.898900000000001E-008 -3.604978997939989E-017
  5.899200000000001E-008 -3.603781502943903E-017
  5.899500000000001E-008 -3.602584488547815E-017
  5.899800000000001E-008 -3.601387954751716E-017
  5.900100000000001E-008 -3.600191741355629E-017
  5.900400000000001E-008 -3.598996168759526E-017
  5.900700000000001E-008 -3.597800916563434E-017
  5.901000000000001E-008 -3.596606305167325E-017
  5.901300000000001E-008 -3.595412014171232E-017
  5.901600000000001E-008 -3.594218203775119E-017
  5.901900000000001E-008 -3.593024873979007E-017
  5.902200000000001E-008 -3.591832024782896E-017
  5.902500000000001E-008 -3.590639656186781E-017
  5.902800000000001E-008 -3.589447768190664E-017
  5.903100000000001E-008 -3.588256360794543E-017
  5.903400000000001E-008 -3.587065273798421E-017
  5.903700000000001E-008 -3.587065273732014E-017
  5.904000000000001E-008 -3.585874827535904E-017
  5.904300000000001E-008 -3.584684701739798E-017
  5.904600000000001E-008 -3.583495056543689E-017
  5.904900000000001E-008 -3.582305891947588E-017
  5.905200000000001E-008 -3.581117368151460E-017
  5.905500000000001E-008 -3.579929004555350E-017
  5.905800000000001E-008 -3.578741281759235E-017
  5.906100000000001E-008 -3.577554039563104E-017
  5.906400000000001E-008 -3.576367117766998E-017
  5.906700000000001E-008 -3.575180836770862E-017
  5.907000000000001E-008 -3.573994876174728E-017
  5.907300000000001E-008 -3.572809396178598E-017
  5.907600000000001E-008 -3.571624396782465E-017
  5.907900000000001E-008 -3.570439877986328E-017
  5.908200000000001E-008 -3.569255839790190E-017
  5.908500000000001E-008 -3.568072282194047E-017
  5.908800000000001E-008 -3.566889044997903E-017
  5.909100000000001E-008 -3.566889044931875E-017
  5.909400000000001E-008 -3.565706448535741E-017
  5.909700000000001E-008 -3.564524172539614E-017
  5.910000000000001E-008 -3.563342377143484E-017
  5.910300000000001E-008 -3.562161062347352E-017
  5.910600000000001E-008 -3.560980228151218E-017
  5.910900000000001E-008 -3.559799874555074E-017
  5.911200000000001E-008 -3.558619841358938E-017
  5.911500000000001E-008 -3.557440448962805E-017
  5.911800000000001E-008 -3.556261376966648E-017
  5.912100000000001E-008 -3.555082785570499E-017
  5.912400000000001E-008 -3.553904674774349E-017
  5.912700000000001E-008 -3.552727044578197E-017
  5.913000000000001E-008 -3.551549894982038E-017
  5.913300000000001E-008 -3.550373065785881E-017
  5.913600000000001E-008 -3.549196877389721E-017
  5.913900000000001E-008 -3.548021009393556E-017
  5.914200000000001E-008 -3.546845621997390E-017
  5.914500000000001E-008 -3.546845621931731E-017
  5.914800000000001E-008 -3.545670715135586E-017
  5.915100000000001E-008 -3.544496288939437E-017
  5.915400000000001E-008 -3.543322343343276E-017
  5.915700000000001E-008 -3.542148718147131E-017
  5.916000000000001E-008 -3.540975733750968E-017
  5.916300000000001E-008 -3.539803069754809E-017
  5.916600000000001E-008 -3.538630886358644E-017
  5.916900000000001E-008 -3.537459183562495E-017
  5.917200000000001E-008 -3.536287961366315E-017
  5.917500000000001E-008 -3.535117059570141E-017
  5.917800000000001E-008 -3.533946638373975E-017
  5.918100000000001E-008 -3.532776857977797E-017
  5.918400000000001E-008 -3.531607397981620E-017
  5.918700000000001E-008 -3.530438418585438E-017
  5.919000000000001E-008 -3.529269759589257E-017
  5.919300000000001E-008 -3.528101741393072E-017
  5.919600000000001E-008 -3.526934043596884E-017
  5.919900000000001E-008 -3.526934043531595E-017
  5.920200000000001E-008 -3.525766826335427E-017
  5.920500000000001E-008 -3.524600089739257E-017
  5.920800000000001E-008 -3.523433833743085E-017
  5.921100000000001E-008 -3.522268058346901E-017
  5.921400000000001E-008 -3.521102603350732E-017
  5.921700000000001E-008 -3.519937789154542E-017
  5.922000000000001E-008 -3.518773295358374E-017
  5.922300000000001E-008 -3.517609282162179E-017
  5.922600000000001E-008 -3.516445749565983E-017
  5.922900000000001E-008 -3.515282537369791E-017
  5.923200000000001E-008 -3.514119805773602E-017
  5.923500000000001E-008 -3.512957714977405E-017
  5.923800000000001E-008 -3.511795944581202E-017
  5.924100000000001E-008 -3.510634494585003E-017
  5.924400000000001E-008 -3.509473685388800E-017
  5.924700000000001E-008 -3.508313356792593E-017
  5.925000000000001E-008 -3.507153348596384E-017
  5.925300000000001E-008 -3.507153348531466E-017
  5.925600000000001E-008 -3.505993820935277E-017
  5.925900000000001E-008 -3.504834773939077E-017
  5.926200000000001E-008 -3.503676047342892E-017
  5.926500000000001E-008 -3.502517961546688E-017
  5.926800000000001E-008 -3.501360196150485E-017
  5.927100000000001E-008 -3.500202911354302E-017
  5.927400000000001E-008 -3.499046107158077E-017
  5.927700000000001E-008 -3.497889623361874E-017
  5.928000000000001E-008 -3.496733780365661E-017
  5.928300000000001E-008 -3.495578257769448E-017
  5.928600000000001E-008 -3.494423215773234E-017
  5.928900000000001E-008 -3.493268654377017E-017
  5.929200000000001E-008 -3.492114573580794E-017
  5.929500000000001E-008 -3.490960813184572E-017
  5.929800000000001E-008 -3.489807533388347E-017
  5.930100000000001E-008 -3.488654734192119E-017
  5.930400000000001E-008 -3.487502415595889E-017
  5.930700000000001E-008 -3.486350417399657E-017
  5.931000000000001E-008 -3.486350417335133E-017
  5.931300000000001E-008 -3.485199059938911E-017
  5.931600000000001E-008 -3.484048022942698E-017
  5.931900000000001E-008 -3.482897466546468E-017
  5.932200000000001E-008 -3.481747230550274E-017
  5.932500000000001E-008 -3.480597635354031E-017
  5.932800000000001E-008 -3.479448360557801E-017
  5.933100000000001E-008 -3.478299566361576E-017
  5.933400000000001E-008 -3.477151252765340E-017
  5.933700000000001E-008 -3.476003259569106E-017
  5.934000000000001E-008 -3.474855746972871E-017
  5.934300000000001E-008 -3.473708714976632E-017
  5.934600000000001E-008 -3.472562163580392E-017
  5.934900000000001E-008 -3.471416092784147E-017
  5.935200000000001E-008 -3.470270342387900E-017
  5.935500000000001E-008 -3.469125072591651E-017
  5.935800000000001E-008 -3.467980283395400E-017
  5.936100000000001E-008 -3.466835974799147E-017
  5.936400000000001E-008 -3.466835974734977E-017
  5.936700000000001E-008 -3.465691986538744E-017
  5.937000000000001E-008 -3.464548478942506E-017
  5.937300000000001E-008 -3.463405451946287E-017
  5.937600000000001E-008 -3.462262905550021E-017
  5.937900000000001E-008 -3.461120679553782E-017
  5.938200000000001E-008 -3.459979094357531E-017
  5.938500000000001E-008 -3.458837829561275E-017
  5.938800000000001E-008 -3.457696885165029E-017
  5.939100000000001E-008 -3.456556581568771E-017
  5.939400000000001E-008 -3.455416598372513E-017
  5.939700000000001E-008 -3.454277095776255E-017
  5.940000000000001E-008 -3.453138073779990E-017
  5.940300000000001E-008 -3.451999372183725E-017
  5.940600000000001E-008 -3.450861151187458E-017
  5.940900000000001E-008 -3.449723410791190E-017
  5.941200000000001E-008 -3.448586150994916E-017
  5.941500000000001E-008 -3.447449211598641E-017
  5.941800000000001E-008 -3.447449211534837E-017
  5.942100000000001E-008 -3.446312752738582E-017
  5.942400000000001E-008 -3.445176774542345E-017
  5.942700000000001E-008 -3.444041276946058E-017
  5.943000000000001E-008 -3.442906099749804E-017
  5.943300000000001E-008 -3.441771563353525E-017
  5.943600000000001E-008 -3.440637187157263E-017
  5.943900000000001E-008 -3.439503451760989E-017
  5.944200000000001E-008 -3.438370036764715E-017
  5.944500000000001E-008 -3.437237102368440E-017
  5.944800000000001E-008 -3.436104648572164E-017
  5.945100000000001E-008 -3.434972675375879E-017
  5.945400000000001E-008 -3.433841022579597E-017
  5.945700000000001E-008 -3.432709850383309E-017
  5.946000000000001E-008 -3.431578998587023E-017
  5.946300000000001E-008 -3.430448787590732E-017
  5.946600000000001E-008 -3.429318896994439E-017
  5.946900000000001E-008 -3.428189486998142E-017
  5.947200000000001E-008 -3.428189486934694E-017
  5.947500000000001E-008 -3.427060397338448E-017
  5.947800000000001E-008 -3.425931948542143E-017
  5.948100000000001E-008 -3.424803820145853E-017
  5.948400000000001E-008 -3.423676012149578E-017
  5.948700000000001E-008 -3.422548844953286E-017
  5.949000000000001E-008 -3.421421998156998E-017
  5.949300000000001E-008 -3.420295631960701E-017
  5.949600000000001E-008 -3.419169586164412E-017
  5.949900000000001E-008 -3.418044181168114E-017
  5.950200000000001E-008 -3.416919096571810E-017
  5.950500000000001E-008 -3.415794332375513E-017
  5.950800000000001E-008 -3.414670208979208E-017
  5.951100000000001E-008 -3.413546405982901E-017
  5.951400000000001E-008 -3.412423083586591E-017
  5.951700000000001E-008 -3.411300081590280E-017
  5.952000000000001E-008 -3.410177560193966E-017
  5.952300000000001E-008 -3.409055519397651E-017
  5.952600000000001E-008 -3.409055519334589E-017
  5.952900000000001E-008 -3.407933959138263E-017
  5.953200000000001E-008 -3.406812719341964E-017
  5.953500000000001E-008 -3.405691960145664E-017
  5.953800000000001E-008 -3.404571681549352E-017
  5.954100000000001E-008 -3.403451723353054E-017
  5.954400000000001E-008 -3.402332405956732E-017
  5.954700000000001E-008 -3.401213248760426E-017
  5.955000000000001E-008 -3.400094732364107E-017
  5.955300000000001E-008 -3.398976536367792E-017
  5.955600000000001E-008 -3.397858820971467E-017
  5.955900000000001E-008 -3.396741425975149E-017
  5.956200000000001E-008 -3.395624671778824E-017
  5.956500000000001E-008 -3.394508237982494E-017
  5.956800000000001E-008 -3.393392124586165E-017
  5.957100000000001E-008 -3.392276491789833E-017
  5.957400000000001E-008 -3.391161339593501E-017
  5.957700000000001E-008 -3.390046667997163E-017
  5.958000000000001E-008 -3.390046667934429E-017
  5.958300000000001E-008 -3.388932316738113E-017
  5.958600000000001E-008 -3.387818446141793E-017
  5.958900000000001E-008 -3.386705056145472E-017
  5.959200000000001E-008 -3.385592146749141E-017
  5.959500000000001E-008 -3.384479557752806E-017
  5.959800000000001E-008 -3.383367289156483E-017
  5.960100000000001E-008 -3.382255661360148E-017
  5.960400000000001E-008 -3.381144353963806E-017
  5.960700000000001E-008 -3.380033366967475E-017
  5.961000000000002E-008 -3.378923020771132E-017
  5.961300000000001E-008 -3.377812994974789E-017
  5.961600000000001E-008 -3.376703449778443E-017
  5.961900000000001E-008 -3.375594224982094E-017
  5.962200000000002E-008 -3.374485480785746E-017
  5.962500000000001E-008 -3.373377217189392E-017
  5.962800000000001E-008 -3.372269273993039E-017
  5.963100000000001E-008 -3.371161811396681E-017
  5.963400000000002E-008 -3.371161811334305E-017
  5.963700000000001E-008 -3.370054829337960E-017
  5.964000000000001E-008 -3.368948167741620E-017
  5.964300000000001E-008 -3.367841986745279E-017
  5.964600000000002E-008 -3.366736286348927E-017
  5.964900000000001E-008 -3.365630906352579E-017
  5.965200000000001E-008 -3.364526006956230E-017
  5.965500000000001E-008 -3.363421588159872E-017
  5.965800000000002E-008 -3.362317489763517E-017
  5.966100000000001E-008 -3.361213871967161E-017
  5.966400000000001E-008 -3.360110734770797E-017
  5.966700000000001E-008 -3.359007917974435E-017
  5.967000000000000E-008 -3.357905581778066E-017
  5.967300000000001E-008 -3.356803565981699E-017
  5.967600000000001E-008 -3.355702030785328E-017
  5.967900000000001E-008 -3.354600976188960E-017
  5.968200000000000E-008 -3.353500402192583E-017
  5.968500000000001E-008 -3.352400148596204E-017
  5.968800000000001E-008 -3.351300375599824E-017
  5.969100000000001E-008 -3.351300375537813E-017
  5.969400000000001E-008 -3.350200922941454E-017
  5.969700000000001E-008 -3.349101950945092E-017
  5.970000000000001E-008 -3.348003459548719E-017
  5.970300000000002E-008 -3.346905288552353E-017
  5.970600000000001E-008 -3.345807598155976E-017
  5.970900000000001E-008 -3.344710228159604E-017
  5.971200000000001E-008 -3.343613338763229E-017
  5.971500000000002E-008 -3.342516929966853E-017
  5.971800000000001E-008 -3.341421001770469E-017
  5.972100000000001E-008 -3.340325393974081E-017
  5.972400000000001E-008 -3.339230106577700E-017
  5.972700000000002E-008 -3.338135459981310E-017
  5.973000000000001E-008 -3.337041133784921E-017
  5.973300000000001E-008 -3.335947127988527E-017
  5.973600000000001E-008 -3.334853602792130E-017
  5.973900000000002E-008 -3.333760558195733E-017
  5.974200000000001E-008 -3.332667994199333E-017
  5.974500000000001E-008 -3.332667994137674E-017
  5.974800000000001E-008 -3.331575750541284E-017
  5.975100000000002E-008 -3.330483827344912E-017
  5.975400000000001E-008 -3.329392544948510E-017
  5.975700000000001E-008 -3.328301422752131E-017
  5.976000000000001E-008 -3.327210941355734E-017
  5.976300000000002E-008 -3.326120780359342E-017
  5.976600000000001E-008 -3.325031099962943E-017
  5.976900000000001E-008 -3.323941739966544E-017
  5.977200000000001E-008 -3.322852860570145E-017
  5.977500000000002E-008 -3.321764461773739E-017
  5.977800000000001E-008 -3.320676383377332E-017
  5.978100000000001E-008 -3.319588785580930E-017
  5.978400000000001E-008 -3.318501508184515E-017
  5.978700000000000E-008 -3.317414711388101E-017
  5.979000000000001E-008 -3.316328395191685E-017
  5.979300000000001E-008 -3.315242399395267E-017
  5.979600000000001E-008 -3.314156723998847E-017
  5.979900000000000E-008 -3.314156723937539E-017
  5.980200000000001E-008 -3.313071689341131E-017
  5.980500000000001E-008 -3.311986975144719E-017
  5.980800000000002E-008 -3.310902581348324E-017
  5.981100000000001E-008 -3.309818828351901E-017
  5.981400000000001E-008 -3.308735235555498E-017
  5.981700000000001E-008 -3.307652283559082E-017
  5.982000000000002E-008 -3.306569651962660E-017
  5.982300000000001E-008 -3.305487340766242E-017
  5.982600000000001E-008 -3.304405510169824E-017
  5.982900000000001E-008 -3.303324160173395E-017
  5.983200000000002E-008 -3.302243130576978E-017
  5.983500000000001E-008 -3.301162581580547E-017
  5.983800000000001E-008 -3.300082513184113E-017
  5.984100000000001E-008 -3.299002765187679E-017
  5.984400000000002E-008 -3.297923337591245E-017
  5.984700000000001E-008 -3.296844550794807E-017
  5.985000000000001E-008 -3.295765924198367E-017
  5.985300000000001E-008 -3.295765924137402E-017
  5.985600000000002E-008 -3.294687938340974E-017
  5.985900000000001E-008 -3.293610272944544E-017
  5.986200000000001E-008 -3.292532927948119E-017
  5.986500000000001E-008 -3.291456063551693E-017
  5.986800000000002E-008 -3.290379679755256E-017
  5.987100000000001E-008 -3.289303616358824E-017
  5.987400000000001E-008 -3.288228033562390E-017
  5.987700000000001E-008 -3.287152931365949E-017
  5.988000000000002E-008 -3.286078149569502E-017
  5.988300000000001E-008 -3.285003688173069E-017
  5.988600000000001E-008 -3.283929707376619E-017
  5.988900000000001E-008 -3.282856207180167E-017
  5.989200000000000E-008 -3.281783027383717E-017
  5.989500000000001E-008 -3.280710328187266E-017
  5.989800000000001E-008 -3.279638109590809E-017
  5.990100000000001E-008 -3.278566051194352E-017
  5.990400000000000E-008 -3.277494633597892E-017
  5.990700000000001E-008 -3.277494633537262E-017
  5.991000000000001E-008 -3.276423536340824E-017
  5.991300000000002E-008 -3.275352919744373E-017
  5.991600000000001E-008 -3.274282623547930E-017
  5.991900000000001E-008 -3.273212807951475E-017
  5.992200000000001E-008 -3.272143312755026E-017
  5.992500000000002E-008 -3.271074298158568E-017
  5.992800000000001E-008 -3.270005603962114E-017
  5.993100000000001E-008 -3.268937390365656E-017
  5.993400000000001E-008 -3.267869657369205E-017
  5.993700000000002E-008 -3.266802244772729E-017
  5.994000000000001E-008 -3.265735152576267E-017
  5.994300000000001E-008 -3.264668701179796E-017
  5.994600000000001E-008 -3.263602409983325E-017
  5.994900000000002E-008 -3.262536599386854E-017
  5.995200000000001E-008 -3.261471269390380E-017
  5.995500000000001E-008 -3.260406419993902E-017
  5.995800000000001E-008 -3.259341890997422E-017
  5.996100000000002E-008 -3.259341890937129E-017
  5.996400000000001E-008 -3.258277682340670E-017
  5.996700000000001E-008 -3.257213954344201E-017
  5.997000000000001E-008 -3.256150546747737E-017
  5.997300000000002E-008 -3.255087619751271E-017
  5.997600000000001E-008 -3.254025173354795E-017
  5.997900000000001E-008 -3.252963047358325E-017
  5.998200000000001E-008 -3.251901401961843E-017
  5.998500000000002E-008 -3.250840076965380E-017
  5.998800000000001E-008 -3.249779232568888E-017
  5.999100000000001E-008 -3.248718708572404E-017
  5.999400000000001E-008 -3.247658665175917E-017
  5.999700000000000E-008 -3.246598942179431E-017
  6.000000000000001E-008 -3.245539699782940E-017
