 *** NDM859 ***
 >>>>>>>>>>> entree readdm
 nom fichier din=UO2M.din                                                                        

 -------- caracteristiques du run DM-------- 4
      DYNAMIQUE MOLECULAIRE VELOCITY VERLET
 generation du crystal ; puis run

      ANALYSES 
 itetemp=           1  itesigma=           1

      CONTROLES 
tstep=  0.100D-14
 itmax=         200  itab=           1  itetimestep=          -1
tinit=     300.0
tempdeplainit=      -1.0
debyetemp=      -1.0
  ----------------------------------


 nb de potentiels           1
 ipotentiel           4
 fmt_cin           1

 -*-*-*-*-*-*-*POTENTIELS*-*-*-*-*-


 POTENTIEL DE PAIRES 


 ----------- POTENTIEL UO2 -----------
 -*-*-*-*-* SOMMATION D-EWALD CLASSIQUE *-*-*-*-*-
 -*-*-*-* PAS DE TERMES  A 3 CORPS *-*-*-*-
 numero, charge, CM, masse,type
   1    3.227    0.000   92.000  U4 
   2   -1.614    0.000    8.000  O  
 nb de paires            3
 Specificite de l interaction O-O 
 Polynome de degre 5 a           1  =    7.6897260437499795E-010
 Polynome de degre 5 a           2  =  -0.21990352609782496     
 Polynome de degre 5 a           3  =    25029569.208040804     
 Polynome de degre 5 a           4  =   -1413068370858535.0     
 Polynome de degre 5 a           5  =    3.9483235669834178E+022
 Polynome de degre 5 a           6  =   -4.3651297738739712E+029
 Polynome de degre 3 b           1  =    6.8434030216057097E-011
 Polynome de degre 3 b           2  =   -8.8585203517277111E-003
 Polynome de degre 3 b           3  =    368470.57398966170     
 Polynome de degre 3 b           4  =   -5000773412106.8848     

  *-*-*-*-*-*CONSTRUCTION DE LA BOITE*-*-*-*-*-*-        7000        7000           1

 **********construction du reseau************
 repetition de mailles           4           4           4
 izonr,zlmin,rut           3   43.744000000000000        11.000000000000000     
 nox,noy,noz dans .din =          -1          -1          -1
 calcul de nox noy noz !!!
nox noy noz calcules a partir de ru
  nox = Int(   0.2187E-06/  0.1100E-06) = 1
  noy = Int(   0.2187E-06/  0.1100E-06) = 1
  noz = Int(   0.2187E-06/  0.1100E-06) = 1
nox noy noz apres correction = 1 1 1
celsizes   0.2187200E-06  0.2187200E-06  0.2187200E-06
UO2M.gin                                                                        volume= 0.10463223D-19 cm3  0.10463223D+05 Ang3
 natperc im/noxyz        7680         768
 ltabvois,lconstrtot F F

 -------- boite de simulation ------
 nombre d atomes =         768
vecteur  1      21.872000       0.000000       0.000000
vecteur  2       0.000000      21.872000       0.000000
vecteur  3       0.000000       0.000000      21.872000
         512  atomes de type           1
         256  atomes de type           2

  -------------------------------------------------------------------
              definition des rayons de coupure
 Paramtres utilises pour le traitement de EWALD :
 RUE=   1.1000000000000001E-007  ALPHA=   42056000.000000000       NCOUC=           8           8           8  PRECISEW =   0.0000000000000000     
 ncoucx_y_z           8           8           8
 nvecttot        4912




 ATTENTION!!! UO2 === Oxygène = TYPE 2!!!!




 random velocities at TINIT =    300.00000000000000      K
 seed_size          12
 iseed pour tirage des vitesses          11
 temperature positions lues initspeed    304.74385352177683     
 center of mass =    11.575051748833550        11.575051748833475        11.575051748833490     
 Momentum/atom  =    1.4276951037650143E-019  -1.3232056350108761E-019   8.6388091489655073E-020
Inertia/anglm =   0.1644E-32 -0.1229E-35 -0.1229E-35       0.1378E-22
Inertia/anglm =  -0.1229E-35  0.1644E-32 -0.1229E-35      -0.5279E-23
Inertia/anglm =  -0.1229E-35 -0.1229E-35  0.1644E-32      -0.1498E-22
 temperature fin initspeed    305.58392975288564     
 ***** PREMIERE ITERATION  VVERLET****


<<<<<<<<  ITERATION =      1  time =   0.1000000E-14


 --------- Temperatures et Pression--------
 ----------valeurs instantanees------------
         1 0.100E-14*Epot =    -15292.7202859      eV 
    *energie paire 2 corps =    -15327.7588866      eV 
    *energie pot coul recip =     35.0386006193      eV 
         1 0.100E-14*Ec =     30.2525642408      eV   (304.751 K)
         1 0.100E-14*Etot =    -15262.4677217      eV 

         1 0.100E-14*Temp instantanee = 304.751

*temp instantanee des atomes de type 1 =       287.65
*temp instantanee des atomes de type 2 =       338.95

 * stress en kbar 
1 sigma potentiel (1,1) (2,1) (3,1) =   2175.273889     -0.1823810780E-02  0.1956581722E-02
2 sigma potentiel (1,2) (2,2) (3,2) = -0.1823810780E-02   2175.266190      0.4232237266E-02
3 sigma potentiel (1,3) (2,3) (3,3) =  0.1956581722E-02  0.4232237266E-02   2175.269486    

1 sigma cinetique (1,1) (2,1) (3,1) =   3.089784201     -0.1145817744      0.1795561080    
2 sigma cinetique (1,2) (2,2) (3,2) = -0.1145817744       2.843085274     -0.8358967781E-01
3 sigma cinetique (1,3) (2,3) (3,3) =  0.1795561080     -0.8358967781E-01   3.331951743    

1 sigma total (1,1) (2,1) (3,1) =   2178.363673     -0.1164055852      0.1815126897    
2 sigma total (1,2) (2,2) (3,2) = -0.1164055852       2178.109275     -0.7935744054E-01
3 sigma total (1,3) (2,3) (3,3) =  0.1815126897     -0.7935744054E-01   2178.601438    

         1 0.100E-14*Pression =     2178.4    
 pression totale  potentiel = cinetique =
    2178.4        2175.3        3.0883    
 ----------valeurs moyennes------------
*temperature moyenne =       304.75
*pression moyenne =     2178.4    
 --------------------------------------


<<<<<<<<  ITERATION =      2  time =   0.2000000E-14


 --------- Temperatures et Pression--------
 ----------valeurs instantanees------------
         2 0.200E-14*Epot =    -15292.4735726      eV 
    *energie paire 2 corps =    -15327.5731458      eV 
    *energie pot coul recip =     35.0995731586      eV 
         2 0.200E-14*Ec =     30.0062487508      eV   (302.270 K)
         2 0.200E-14*Etot =    -15262.4673239      eV 

         2 0.200E-14*Temp instantanee = 302.270

*temp instantanee des atomes de type 1 =       286.52
*temp instantanee des atomes de type 2 =       333.77

 * stress en kbar 
1 sigma potentiel (1,1) (2,1) (3,1) =   2175.340142     -0.3985987947E-03 -0.1496360986E-02
2 sigma potentiel (1,2) (2,2) (3,2) = -0.3985987947E-03   2175.344866      0.4601605784E-02
3 sigma potentiel (1,3) (2,3) (3,3) = -0.1496360986E-02  0.4601605784E-02   2175.334680    

1 sigma cinetique (1,1) (2,1) (3,1) =   3.064317334     -0.1144281998      0.1786640118    
2 sigma cinetique (1,2) (2,2) (3,2) = -0.1144281998       2.821359086     -0.8299786920E-01
3 sigma cinetique (1,3) (2,3) (3,3) =  0.1786640118     -0.8299786920E-01   3.303710896    

1 sigma total (1,1) (2,1) (3,1) =   2178.404459     -0.1148267986      0.1771676508    
2 sigma total (1,2) (2,2) (3,2) = -0.1148267986       2178.166225     -0.7839626341E-01
3 sigma total (1,3) (2,3) (3,3) =  0.1771676508     -0.7839626341E-01   2178.638391    

         2 0.200E-14*Pression =     2178.4    
 pression totale  potentiel = cinetique =
    2178.4        2175.3        3.0631    
 ----------valeurs moyennes------------
*temperature moyenne =       303.51
*pression moyenne =     2178.4    
 --------------------------------------


<<<<<<<<  ITERATION =      3  time =   0.3000000E-14


 --------- Temperatures et Pression--------
 ----------valeurs instantanees------------
         3 0.300E-14*Epot =    -15292.0684854      eV 
    *energie paire 2 corps =    -15327.2672999      eV 
    *energie pot coul recip =     35.1988145478      eV 
         3 0.300E-14*Ec =     29.6017280679      eV   (298.195 K)
         3 0.300E-14*Etot =    -15262.4667573      eV 

         3 0.300E-14*Temp instantanee = 298.195

*temp instantanee des atomes de type 1 =       284.65
*temp instantanee des atomes de type 2 =       325.29

 * stress en kbar 
1 sigma potentiel (1,1) (2,1) (3,1) =   2175.462033     -0.5279378338E-03 -0.3762069226E-02
2 sigma potentiel (1,2) (2,2) (3,2) = -0.5279378338E-03   2175.460614      0.4724227591E-02
3 sigma potentiel (1,3) (2,3) (3,3) = -0.3762069226E-02  0.4724227591E-02   2175.452384    

1 sigma cinetique (1,1) (2,1) (3,1) =   3.022469352     -0.1142015594      0.1771936481    
2 sigma cinetique (1,2) (2,2) (3,2) = -0.1142015594       2.785673352     -0.8203621253E-01
3 sigma cinetique (1,3) (2,3) (3,3) =  0.1771936481     -0.8203621253E-01   3.257360509    

1 sigma total (1,1) (2,1) (3,1) =   2178.484502     -0.1147294973      0.1734315789    
2 sigma total (1,2) (2,2) (3,2) = -0.1147294973       2178.246287     -0.7731198494E-01
3 sigma total (1,3) (2,3) (3,3) =  0.1734315789     -0.7731198494E-01   2178.709744    

         3 0.300E-14*Pression =     2178.5    
 pression totale  potentiel = cinetique =
    2178.5        2175.5        3.0218    
 ----------valeurs moyennes------------
*temperature moyenne =       301.74
*pression moyenne =     2178.4    
 --------------------------------------


<<<<<<<<  ITERATION =      4  time =   0.4000000E-14


 --------- Temperatures et Pression--------
 ----------valeurs instantanees------------
         4 0.400E-14*Epot =    -15291.5140399      eV 
    *energie paire 2 corps =    -15326.8469034      eV 
    *energie pot coul recip =     35.3328635704      eV 
         4 0.400E-14*Ec =     29.0480361191      eV   (292.617 K)
         4 0.400E-14*Etot =    -15262.4660038      eV 

         4 0.400E-14*Temp instantanee = 292.617

*temp instantanee des atomes de type 1 =       282.07
*temp instantanee des atomes de type 2 =       313.71

 * stress en kbar 
1 sigma potentiel (1,1) (2,1) (3,1) =   2175.621639     -0.1986488608E-02 -0.3161077491E-02
2 sigma potentiel (1,2) (2,2) (3,2) = -0.1986488608E-02   2175.632530      0.8105615993E-02
3 sigma potentiel (1,3) (2,3) (3,3) = -0.3161077491E-02  0.8105615993E-02   2175.605347    

1 sigma cinetique (1,1) (2,1) (3,1) =   2.965153809     -0.1139400923      0.1751631399    
2 sigma cinetique (1,2) (2,2) (3,2) = -0.1139400923       2.736799266     -0.8074546274E-01
3 sigma cinetique (1,3) (2,3) (3,3) =  0.1751631399     -0.8074546274E-01   3.193982465    

1 sigma total (1,1) (2,1) (3,1) =   2178.586792     -0.1159265809      0.1720020625    
2 sigma total (1,2) (2,2) (3,2) = -0.1159265809       2178.369329     -0.7263984674E-01
3 sigma total (1,3) (2,3) (3,3) =  0.1720020625     -0.7263984674E-01   2178.799330    

         4 0.400E-14*Pression =     2178.6    
 pression totale  potentiel = cinetique =
    2178.6        2175.6        2.9653    
 ----------valeurs moyennes------------
*temperature moyenne =       299.46
*pression moyenne =     2178.5    
 --------------------------------------


<<<<<<<<  ITERATION =      5  time =   0.5000000E-14


 --------- Temperatures et Pression--------
 ----------valeurs instantanees------------
         5 0.500E-14*Epot =    -15290.8224774      eV 
    *energie paire 2 corps =    -15326.3195500      eV 
    *energie pot coul recip =     35.4970725113      eV 
         5 0.500E-14*Ec =     28.3573573292      eV   (285.660 K)
         5 0.500E-14*Etot =    -15262.4651201      eV 

         5 0.500E-14*Temp instantanee = 285.660

*temp instantanee des atomes de type 1 =       278.82
*temp instantanee des atomes de type 2 =       299.33

 * stress en kbar 
1 sigma potentiel (1,1) (2,1) (3,1) =   2175.813186     -0.3950450980E-02 -0.4042530628E-03
2 sigma potentiel (1,2) (2,2) (3,2) = -0.3950450980E-02   2175.838743      0.9177828225E-02
3 sigma potentiel (1,3) (2,3) (3,3) = -0.4042530628E-03  0.9177828225E-02   2175.800016    

1 sigma cinetique (1,1) (2,1) (3,1) =   2.893585001     -0.1136830290      0.1726180339    
2 sigma cinetique (1,2) (2,2) (3,2) = -0.1136830290       2.675768834     -0.7917507539E-01
3 sigma cinetique (1,3) (2,3) (3,3) =  0.1726180339     -0.7917507539E-01   3.115061932    

1 sigma total (1,1) (2,1) (3,1) =   2178.706771     -0.1176334800      0.1722137808    
2 sigma total (1,2) (2,2) (3,2) = -0.1176334800       2178.514512     -0.6999724716E-01
3 sigma total (1,3) (2,3) (3,3) =  0.1722137808     -0.6999724716E-01   2178.915078    

         5 0.500E-14*Pression =     2178.7    
 pression totale  potentiel = cinetique =
    2178.7        2175.8        2.8948    
 ----------valeurs moyennes------------
*temperature moyenne =       296.70
*pression moyenne =     2178.5    
 --------------------------------------


<<<<<<<<  ITERATION =      6  time =   0.6000000E-14


 --------- Temperatures et Pression--------
 ----------valeurs instantanees------------
         6 0.600E-14*Epot =    -15290.0088871      eV 
    *energie paire 2 corps =    -15325.6946760      eV 
    *energie pot coul recip =     35.6857889602      eV 
         6 0.600E-14*Ec =     27.5448381667      eV   (277.475 K)
         6 0.600E-14*Etot =    -15262.4640489      eV 

         6 0.600E-14*Temp instantanee = 277.475

*temp instantanee des atomes de type 1 =       274.95
*temp instantanee des atomes de type 2 =       282.52

 * stress en kbar 
1 sigma potentiel (1,1) (2,1) (3,1) =   2176.048520     -0.3392640909E-02 -0.1500651827E-02
2 sigma potentiel (1,2) (2,2) (3,2) = -0.3392640909E-02   2176.084094      0.1730330056E-01
3 sigma potentiel (1,3) (2,3) (3,3) = -0.1500651827E-02  0.1730330056E-01   2176.034644    

1 sigma cinetique (1,1) (2,1) (3,1) =   2.809271191     -0.1134758991      0.1696242464    
2 sigma cinetique (1,2) (2,2) (3,2) = -0.1134758991       2.603881566     -0.7737591939E-01
3 sigma cinetique (1,3) (2,3) (3,3) =  0.1696242464     -0.7737591939E-01   3.022429730    

1 sigma total (1,1) (2,1) (3,1) =   2178.857792     -0.1168685400      0.1681235946    
2 sigma total (1,2) (2,2) (3,2) = -0.1168685400       2178.687976     -0.6007261883E-01
3 sigma total (1,3) (2,3) (3,3) =  0.1681235946     -0.6007261883E-01   2179.057074    

         6 0.600E-14*Pression =     2178.9    
 pression totale  potentiel = cinetique =
    2178.9        2176.1        2.8119    
 ----------valeurs moyennes------------
*temperature moyenne =       293.49
*pression moyenne =     2178.6    
 --------------------------------------


<<<<<<<<  ITERATION =      7  time =   0.7000000E-14


 --------- Temperatures et Pression--------
 ----------valeurs instantanees------------
         7 0.700E-14*Epot =    -15289.0907199      eV 
    *energie paire 2 corps =    -15324.9832974      eV 
    *energie pot coul recip =     35.8925774764      eV 
         7 0.700E-14*Ec =     26.6279605784      eV   (268.238 K)
         7 0.700E-14*Etot =    -15262.4627593      eV 

         7 0.700E-14*Temp instantanee = 268.238

*temp instantanee des atomes de type 1 =       270.51
*temp instantanee des atomes de type 2 =       263.69

 * stress en kbar 
1 sigma potentiel (1,1) (2,1) (3,1) =   2176.300865     -0.5749433594E-02 -0.2792631422E-02
2 sigma potentiel (1,2) (2,2) (3,2) = -0.5749433594E-02   2176.357332      0.2659400674E-01
3 sigma potentiel (1,3) (2,3) (3,3) = -0.2792631422E-02  0.2659400674E-01   2176.283110    

1 sigma cinetique (1,1) (2,1) (3,1) =   2.713973951     -0.1133720440      0.1662301364    
2 sigma cinetique (1,2) (2,2) (3,2) = -0.1133720440       2.522633728     -0.7542149842E-01
3 sigma cinetique (1,3) (2,3) (3,3) =  0.1662301364     -0.7542149842E-01   2.918181853    

1 sigma total (1,1) (2,1) (3,1) =   2179.014839     -0.1191214776      0.1634375050    
2 sigma total (1,2) (2,2) (3,2) = -0.1191214776       2178.879966     -0.4882749168E-01
3 sigma total (1,3) (2,3) (3,3) =  0.1634375050     -0.4882749168E-01   2179.201292    

         7 0.700E-14*Pression =     2179.0    
 pression totale  potentiel = cinetique =
    2179.0        2176.3        2.7183    
 ----------valeurs moyennes------------
*temperature moyenne =       289.89
*pression moyenne =     2178.6    
 --------------------------------------


<<<<<<<<  ITERATION =      8  time =   0.8000000E-14


 --------- Temperatures et Pression--------
 ----------valeurs instantanees------------
         8 0.800E-14*Epot =    -15288.0874999      eV 
    *energie paire 2 corps =    -15324.1979690      eV 
    *energie pot coul recip =     36.1104691239      eV 
         8 0.800E-14*Ec =     25.6259744150      eV   (258.145 K)
         8 0.800E-14*Etot =    -15262.4615255      eV 

         8 0.800E-14*Temp instantanee = 258.145

*temp instantanee des atomes de type 1 =       265.57
*temp instantanee des atomes de type 2 =       243.30

 * stress en kbar 
1 sigma potentiel (1,1) (2,1) (3,1) =   2176.614436     -0.6564079811E-02 -0.2652303559E-02
2 sigma potentiel (1,2) (2,2) (3,2) = -0.6564079811E-02   2176.660175      0.2785065131E-01
3 sigma potentiel (1,3) (2,3) (3,3) = -0.2652303559E-02  0.2785065131E-01   2176.587253    

1 sigma cinetique (1,1) (2,1) (3,1) =   2.609625964     -0.1134216227      0.1624876752    
2 sigma cinetique (1,2) (2,2) (3,2) = -0.1134216227       2.433682382     -0.7337881442E-01
3 sigma cinetique (1,3) (2,3) (3,3) =  0.1624876752     -0.7337881442E-01   2.804623804    

1 sigma total (1,1) (2,1) (3,1) =   2179.224062     -0.1199857025      0.1598353717    
2 sigma total (1,2) (2,2) (3,2) = -0.1199857025       2179.093857     -0.4552816311E-01
3 sigma total (1,3) (2,3) (3,3) =  0.1598353717     -0.4552816311E-01   2179.391877    

         8 0.800E-14*Pression =     2179.2    
 pression totale  potentiel = cinetique =
    2179.2        2176.6        2.6160    
 ----------valeurs moyennes------------
*temperature moyenne =       285.92
*pression moyenne =     2178.7    
 --------------------------------------


<<<<<<<<  ITERATION =      9  time =   0.9000000E-14


 --------- Temperatures et Pression--------
 ----------valeurs instantanees------------
         9 0.900E-14*Epot =    -15287.0198091      eV 
    *energie paire 2 corps =    -15323.3520354      eV 
    *energie pot coul recip =     36.3322262739      eV 
         9 0.900E-14*Ec =     24.5595672292      eV   (247.402 K)
         9 0.900E-14*Etot =    -15262.4602419      eV 

         9 0.900E-14*Temp instantanee = 247.402

*temp instantanee des atomes de type 1 =       260.18
*temp instantanee des atomes de type 2 =       221.85

 * stress en kbar 
1 sigma potentiel (1,1) (2,1) (3,1) =   2176.917013     -0.7889012592E-02 -0.5211861521E-02
2 sigma potentiel (1,2) (2,2) (3,2) = -0.7889012592E-02   2176.990286      0.3591807487E-01
3 sigma potentiel (1,3) (2,3) (3,3) = -0.5211861521E-02  0.3591807487E-01   2176.888523    

1 sigma cinetique (1,1) (2,1) (3,1) =   2.498304544     -0.1136630534      0.1584637436    
2 sigma cinetique (1,2) (2,2) (3,2) = -0.1136630534       2.338806016     -0.7131891840E-01
3 sigma cinetique (1,3) (2,3) (3,3) =  0.1584637436     -0.7131891840E-01   2.684235326    

1 sigma total (1,1) (2,1) (3,1) =   2179.415317     -0.1215520660      0.1532518821    
2 sigma total (1,2) (2,2) (3,2) = -0.1215520660       2179.329092     -0.3540084353E-01
3 sigma total (1,3) (2,3) (3,3) =  0.1532518821     -0.3540084353E-01   2179.572759    

         9 0.900E-14*Pression =     2179.4    
 pression totale  potentiel = cinetique =
    2179.4        2176.9        2.5071    
 ----------valeurs moyennes------------
*temperature moyenne =       281.64
*pression moyenne =     2178.8    
 --------------------------------------


<<<<<<<<  ITERATION =     10  time =   0.1000000E-13


 --------- Temperatures et Pression--------
 ----------valeurs instantanees------------
        10 0.100E-13*Epot =    -15285.9091598      eV 
    *energie paire 2 corps =    -15322.4597922      eV 
    *energie pot coul recip =     36.5506324649      eV 
        10 0.100E-13*Ec =     23.4501593008      eV   (236.227 K)
        10 0.100E-13*Etot =    -15262.4590005      eV 

        10 0.100E-13*Temp instantanee = 236.227

*temp instantanee des atomes de type 1 =       254.42
*temp instantanee des atomes de type 2 =       199.84

 * stress en kbar 
1 sigma potentiel (1,1) (2,1) (3,1) =   2177.243572     -0.1156942868E-01 -0.4320551121E-02
2 sigma potentiel (1,2) (2,2) (3,2) = -0.1156942868E-01   2177.335731      0.4546274715E-01
3 sigma potentiel (1,3) (2,3) (3,3) = -0.4320551121E-02  0.4546274715E-01   2177.210788    

1 sigma cinetique (1,1) (2,1) (3,1) =   2.382182335     -0.1141246537      0.1542192991    
2 sigma cinetique (1,2) (2,2) (3,2) = -0.1141246537       2.239856226     -0.6930853603E-01
3 sigma cinetique (1,3) (2,3) (3,3) =  0.1542192991     -0.6930853603E-01   2.559552122    

1 sigma total (1,1) (2,1) (3,1) =   2179.625755     -0.1256940824      0.1498987480    
2 sigma total (1,2) (2,2) (3,2) = -0.1256940824       2179.575587     -0.2384578888E-01
3 sigma total (1,3) (2,3) (3,3) =  0.1498987480     -0.2384578888E-01   2179.770340    

        10 0.100E-13*Pression =     2179.7    
 pression totale  potentiel = cinetique =
    2179.7        2177.3        2.3939    
 ----------valeurs moyennes------------
*temperature moyenne =       277.10
*pression moyenne =     2178.9    
 --------------------------------------


<<<<<<<<  ITERATION =     11  time =   0.1100000E-13


 --------- Temperatures et Pression--------
 ----------valeurs instantanees------------
        11 0.110E-13*Epot =    -15284.7771063      eV 
    *energie paire 2 corps =    -15321.5358625      eV 
    *energie pot coul recip =     36.7587561196      eV 
        11 0.110E-13*Ec =     22.3193363591      eV   (224.835 K)
        11 0.110E-13*Etot =    -15262.4577700      eV 

        11 0.110E-13*Temp instantanee = 224.835

*temp instantanee des atomes de type 1 =       248.36
*temp instantanee des atomes de type 2 =       177.80

 * stress en kbar 
1 sigma potentiel (1,1) (2,1) (3,1) =   2177.585887     -0.1658143616E-01 -0.7338575026E-02
2 sigma potentiel (1,2) (2,2) (3,2) = -0.1658143616E-01   2177.680549      0.5159341153E-01
3 sigma potentiel (1,3) (2,3) (3,3) = -0.7338575026E-02  0.5159341153E-01   2177.544772    

1 sigma cinetique (1,1) (2,1) (3,1) =   2.263441721     -0.1148219870      0.1498212785    
2 sigma cinetique (1,2) (2,2) (3,2) = -0.1148219870       2.138699913     -0.6741013304E-01
3 sigma cinetique (1,3) (2,3) (3,3) =  0.1498212785     -0.6741013304E-01   2.433135516    

1 sigma total (1,1) (2,1) (3,1) =   2179.849329     -0.1314034232      0.1424827035    
2 sigma total (1,2) (2,2) (3,2) = -0.1314034232       2179.819249     -0.1581672150E-01
3 sigma total (1,3) (2,3) (3,3) =  0.1424827035     -0.1581672150E-01   2179.977908    

        11 0.110E-13*Pression =     2179.9    
 pression totale  potentiel = cinetique =
    2179.9        2177.6        2.2784    
 ----------valeurs moyennes------------
*temperature moyenne =       272.35
*pression moyenne =     2179.0    
 --------------------------------------


<<<<<<<<  ITERATION =     12  time =   0.1200000E-13


 --------- Temperatures et Pression--------
 ----------valeurs instantanees------------
        12 0.120E-13*Epot =    -15283.6447499      eV 
    *energie paire 2 corps =    -15320.5949709      eV 
    *energie pot coul recip =     36.9502209887      eV 
        12 0.120E-13*Ec =     21.1881898375      eV   (213.441 K)
        12 0.120E-13*Etot =    -15262.4565600      eV 

        12 0.120E-13*Temp instantanee = 213.441

*temp instantanee des atomes de type 1 =       242.06
*temp instantanee des atomes de type 2 =       156.20

 * stress en kbar 
1 sigma potentiel (1,1) (2,1) (3,1) =   2177.927879     -0.1765203282E-01 -0.1107300043E-01
2 sigma potentiel (1,2) (2,2) (3,2) = -0.1765203282E-01   2178.040140      0.6310344006E-01
3 sigma potentiel (1,3) (2,3) (3,3) = -0.1107300043E-01  0.6310344006E-01   2177.869694    

1 sigma cinetique (1,1) (2,1) (3,1) =   2.144226241     -0.1157532651      0.1453361753    
2 sigma cinetique (1,2) (2,2) (3,2) = -0.1157532651       2.037168845     -0.6567913160E-01
3 sigma cinetique (1,3) (2,3) (3,3) =  0.1453361753     -0.6567913160E-01   2.307469436    

1 sigma total (1,1) (2,1) (3,1) =   2180.072105     -0.1334052979      0.1342631748    
2 sigma total (1,2) (2,2) (3,2) = -0.1334052979       2180.077309     -0.2575691545E-02
3 sigma total (1,3) (2,3) (3,3) =  0.1342631748     -0.2575691545E-02   2180.177164    

        12 0.120E-13*Pression =     2180.1    
 pression totale  potentiel = cinetique =
    2180.1        2177.9        2.1630    
 ----------valeurs moyennes------------
*temperature moyenne =       267.44
*pression moyenne =     2179.1    
 --------------------------------------


<<<<<<<<  ITERATION =     13  time =   0.1300000E-13


 --------- Temperatures et Pression--------
 ----------valeurs instantanees------------
        13 0.130E-13*Epot =    -15282.5321434      eV 
    *energie paire 2 corps =    -15319.6515792      eV 
    *energie pot coul recip =     37.1194358173      eV 
        13 0.130E-13*Ec =     20.0766858650      eV   (202.244 K)
        13 0.130E-13*Etot =    -15262.4554576      eV 

        13 0.130E-13*Temp instantanee = 202.244

*temp instantanee des atomes de type 1 =       235.60
*temp instantanee des atomes de type 2 =       135.54

 * stress en kbar 
1 sigma potentiel (1,1) (2,1) (3,1) =   2178.257052     -0.2067358790E-01 -0.1235160101E-01
2 sigma potentiel (1,2) (2,2) (3,2) = -0.2067358790E-01   2178.392622      0.6934173668E-01
3 sigma potentiel (1,3) (2,3) (3,3) = -0.1235160101E-01  0.6934173668E-01   2178.203536    

1 sigma cinetique (1,1) (2,1) (3,1) =   2.026583591     -0.1168896256      0.1408187659    
2 sigma cinetique (1,2) (2,2) (3,2) = -0.1168896256       1.937009710     -0.6415353105E-01
3 sigma cinetique (1,3) (2,3) (3,3) =  0.1408187659     -0.6415353105E-01   2.184874105    

1 sigma total (1,1) (2,1) (3,1) =   2180.283635     -0.1375632136      0.1284671649    
2 sigma total (1,2) (2,2) (3,2) = -0.1375632136       2180.329632      0.5188205629E-02
3 sigma total (1,3) (2,3) (3,3) =  0.1284671649      0.5188205629E-02   2180.388410    

        13 0.130E-13*Pression =     2180.3    
 pression totale  potentiel = cinetique =
    2180.3        2178.3        2.0495    
 ----------valeurs moyennes------------
*temperature moyenne =       262.42
*pression moyenne =     2179.2    
 --------------------------------------


<<<<<<<<  ITERATION =     14  time =   0.1400000E-13


 --------- Temperatures et Pression--------
 ----------valeurs instantanees------------
        14 0.140E-13*Epot =    -15281.4578278      eV 
    *energie paire 2 corps =    -15318.7196224      eV 
    *energie pot coul recip =     37.2617946506      eV 
        14 0.140E-13*Ec =     19.0033064036      eV   (191.431 K)
        14 0.140E-13*Etot =    -15262.4545214      eV 

        14 0.140E-13*Temp instantanee = 191.431

*temp instantanee des atomes de type 1 =       229.03
*temp instantanee des atomes de type 2 =       116.24

 * stress en kbar 
1 sigma potentiel (1,1) (2,1) (3,1) =   2178.592512     -0.2691169654E-01 -0.1430689150E-01
2 sigma potentiel (1,2) (2,2) (3,2) = -0.2691169654E-01   2178.728101      0.7954478075E-01
3 sigma potentiel (1,3) (2,3) (3,3) = -0.1430689150E-01  0.7954478075E-01   2178.531204    

1 sigma cinetique (1,1) (2,1) (3,1) =   1.912413970     -0.1181892231      0.1363165899    
2 sigma cinetique (1,2) (2,2) (3,2) = -0.1181892231       1.839836562     -0.6286209940E-01
3 sigma cinetique (1,3) (2,3) (3,3) =  0.1363165899     -0.6286209940E-01   2.067495358    

1 sigma total (1,1) (2,1) (3,1) =   2180.504926     -0.1451009196      0.1220096984    
2 sigma total (1,2) (2,2) (3,2) = -0.1451009196       2180.567938      0.1668268135E-01
3 sigma total (1,3) (2,3) (3,3) =  0.1220096984      0.1668268135E-01   2180.598700    

        14 0.140E-13*Pression =     2180.6    
 pression totale  potentiel = cinetique =
    2180.6        2178.6        1.9399    
 ----------valeurs moyennes------------
*temperature moyenne =       257.35
*pression moyenne =     2179.3    
 --------------------------------------


<<<<<<<<  ITERATION =     15  time =   0.1500000E-13


 --------- Temperatures et Pression--------
 ----------valeurs instantanees------------
        15 0.150E-13*Epot =    -15280.4382734      eV 
    *energie paire 2 corps =    -15317.8121181      eV 
    *energie pot coul recip =     37.3738447207      eV 
        15 0.150E-13*Ec =     17.9845798562      eV   (181.169 K)
        15 0.150E-13*Etot =    -15262.4536936      eV 

        15 0.150E-13*Temp instantanee = 181.169

*temp instantanee des atomes de type 1 =       222.42
*temp instantanee des atomes de type 2 =        98.67

 * stress en kbar 
1 sigma potentiel (1,1) (2,1) (3,1) =   2178.888734     -0.2864331850E-01 -0.1603396222E-01
2 sigma potentiel (1,2) (2,2) (3,2) = -0.2864331850E-01   2179.064739      0.8421310343E-01
3 sigma potentiel (1,3) (2,3) (3,3) = -0.1603396222E-01  0.8421310343E-01   2178.841950    

1 sigma cinetique (1,1) (2,1) (3,1) =   1.803428891     -0.1195919666      0.1318782232    
2 sigma cinetique (1,2) (2,2) (3,2) = -0.1195919666       1.747115692     -0.6181778596E-01
3 sigma cinetique (1,3) (2,3) (3,3) =  0.1318782232     -0.6181778596E-01   1.957217196    

1 sigma total (1,1) (2,1) (3,1) =   2180.692163     -0.1482352851      0.1158442610    
2 sigma total (1,2) (2,2) (3,2) = -0.1482352851       2180.811854      0.2239531747E-01
3 sigma total (1,3) (2,3) (3,3) =  0.1158442610      0.2239531747E-01   2180.799167    

        15 0.150E-13*Pression =     2180.8    
 pression totale  potentiel = cinetique =
    2180.8        2178.9        1.8359    
 ----------valeurs moyennes------------
*temperature moyenne =       252.27
*pression moyenne =     2179.4    
 --------------------------------------


<<<<<<<<  ITERATION =     16  time =   0.1600000E-13


 --------- Temperatures et Pression--------
 ----------valeurs instantanees------------
        16 0.160E-13*Epot =    -15279.4876188      eV 
    *energie paire 2 corps =    -15316.9410104      eV 
    *energie pot coul recip =     37.4533916177      eV 
        16 0.160E-13*Ec =     17.0345887711      eV   (171.599 K)
        16 0.160E-13*Etot =    -15262.4530300      eV 

        16 0.160E-13*Temp instantanee = 171.599

*temp instantanee des atomes de type 1 =       215.82
*temp instantanee des atomes de type 2 =        83.16

 * stress en kbar 
1 sigma potentiel (1,1) (2,1) (3,1) =   2179.191629     -0.3097863346E-01 -0.2105622164E-01
2 sigma potentiel (1,2) (2,2) (3,2) = -0.3097863346E-01   2179.376831      0.9336118255E-01
3 sigma potentiel (1,3) (2,3) (3,3) = -0.2105622164E-01  0.9336118255E-01   2179.129616    

1 sigma cinetique (1,1) (2,1) (3,1) =   1.701114252     -0.1210111258      0.1275350315    
2 sigma cinetique (1,2) (2,2) (3,2) = -0.1210111258       1.660102214     -0.6101956464E-01
3 sigma cinetique (1,3) (2,3) (3,3) =  0.1275350315     -0.6101956464E-01   1.855611379    

1 sigma total (1,1) (2,1) (3,1) =   2180.892743     -0.1519897592      0.1064788099    
2 sigma total (1,2) (2,2) (3,2) = -0.1519897592       2181.036933      0.3234161791E-01
3 sigma total (1,3) (2,3) (3,3) =  0.1064788099      0.3234161791E-01   2180.985228    

        16 0.160E-13*Pression =     2181.0    
 pression totale  potentiel = cinetique =
    2181.0        2179.2        1.7389    
 ----------valeurs moyennes------------
*temperature moyenne =       247.23
*pression moyenne =     2179.5    
 --------------------------------------


<<<<<<<<  ITERATION =     17  time =   0.1700000E-13


 --------- Temperatures et Pression--------
 ----------valeurs instantanees------------
        17 0.170E-13*Epot =    -15278.6173900      eV 
    *energie paire 2 corps =    -15316.1169409      eV 
    *energie pot coul recip =     37.4995509105      eV 
        17 0.170E-13*Ec =     16.1648041074      eV   (162.837 K)
        17 0.170E-13*Etot =    -15262.4525859      eV 

        17 0.170E-13*Temp instantanee = 162.837

*temp instantanee des atomes de type 1 =       209.28
*temp instantanee des atomes de type 2 =        69.96

 * stress en kbar 
1 sigma potentiel (1,1) (2,1) (3,1) =   2179.460553     -0.3924864208E-01 -0.2085984220E-01
2 sigma potentiel (1,2) (2,2) (3,2) = -0.3924864208E-01   2179.672461      0.1036686350    
3 sigma potentiel (1,3) (2,3) (3,3) = -0.2085984220E-01  0.1036686350       2179.400461    

1 sigma cinetique (1,1) (2,1) (3,1) =   1.606704737     -0.1223344701      0.1233048102    
2 sigma cinetique (1,2) (2,2) (3,2) = -0.1223344701       1.579822641     -0.6045749702E-01
3 sigma cinetique (1,3) (2,3) (3,3) =  0.1233048102     -0.6045749702E-01   1.763929677    

1 sigma total (1,1) (2,1) (3,1) =   2181.067258     -0.1615831122      0.1024449680    
2 sigma total (1,2) (2,2) (3,2) = -0.1615831122       2181.252284      0.4321113799E-01
3 sigma total (1,3) (2,3) (3,3) =  0.1024449680      0.4321113799E-01   2181.164390    

        17 0.170E-13*Pression =     2181.2    
 pression totale  potentiel = cinetique =
    2181.2        2179.5        1.6502    
 ----------valeurs moyennes------------
*temperature moyenne =       242.27
*pression moyenne =     2179.6    
 --------------------------------------


<<<<<<<<  ITERATION =     18  time =   0.1800000E-13


 --------- Temperatures et Pression--------
 ----------valeurs instantanees------------
        18 0.180E-13*Epot =    -15277.8362251      eV 
    *energie paire 2 corps =    -15315.3489875      eV 
    *energie pot coul recip =     37.5127624151      eV 
        18 0.180E-13*Ec =     15.3839462577      eV   (154.971 K)
        18 0.180E-13*Etot =    -15262.4522788      eV 

        18 0.180E-13*Temp instantanee = 154.971

*temp instantanee des atomes de type 1 =       202.84
*temp instantanee des atomes de type 2 =        59.24

 * stress en kbar 
1 sigma potentiel (1,1) (2,1) (3,1) =   2179.704216     -0.4694415986E-01 -0.2699886156E-01
2 sigma potentiel (1,2) (2,2) (3,2) = -0.4694415986E-01   2179.926856      0.1062220930    
3 sigma potentiel (1,3) (2,3) (3,3) = -0.2699886156E-01  0.1062220930       2179.652724    

1 sigma cinetique (1,1) (2,1) (3,1) =   1.521166501     -0.1234495686      0.1192067565    
2 sigma cinetique (1,2) (2,2) (3,2) = -0.1234495686       1.507080118     -0.6011385005E-01
3 sigma cinetique (1,3) (2,3) (3,3) =  0.1192067565     -0.6011385005E-01   1.683073406    

1 sigma total (1,1) (2,1) (3,1) =   2181.225383     -0.1703937285      0.9220789490E-01
2 sigma total (1,2) (2,2) (3,2) = -0.1703937285       2181.433936      0.4610824296E-01
3 sigma total (1,3) (2,3) (3,3) =  0.9220789490E-01  0.4610824296E-01   2181.335797    

        18 0.180E-13*Pression =     2181.3    
 pression totale  potentiel = cinetique =
    2181.3        2179.8        1.5704    
 ----------valeurs moyennes------------
*temperature moyenne =       237.42
*pression moyenne =     2179.7    
 --------------------------------------


<<<<<<<<  ITERATION =     19  time =   0.1900000E-13


 --------- Temperatures et Pression--------
 ----------valeurs instantanees------------
        19 0.190E-13*Epot =    -15277.1499893      eV 
    *energie paire 2 corps =    -15314.6447186      eV 
    *energie pot coul recip =     37.4947293217      eV 
        19 0.190E-13*Ec =     14.6978158631      eV   (148.059 K)
        19 0.190E-13*Etot =    -15262.4521734      eV 

        19 0.190E-13*Temp instantanee = 148.059

*temp instantanee des atomes de type 1 =       196.53
*temp instantanee des atomes de type 2 =        51.12

 * stress en kbar 
1 sigma potentiel (1,1) (2,1) (3,1) =   2179.921209     -0.5082826113E-01 -0.3098447910E-01
2 sigma potentiel (1,2) (2,2) (3,2) = -0.5082826113E-01   2180.177082      0.1123032172    
3 sigma potentiel (1,3) (2,3) (3,3) = -0.3098447910E-01  0.1123032172       2179.875658    

1 sigma cinetique (1,1) (2,1) (3,1) =   1.445181343     -0.1242397234      0.1152447078    
2 sigma cinetique (1,2) (2,2) (3,2) = -0.1242397234       1.442430759     -0.5995278134E-01
3 sigma cinetique (1,3) (2,3) (3,3) =  0.1152447078     -0.5995278134E-01   1.613581092    

1 sigma total (1,1) (2,1) (3,1) =   2181.366391     -0.1750679846      0.8426022872E-01
2 sigma total (1,2) (2,2) (3,2) = -0.1750679846       2181.619513      0.5235043586E-01
3 sigma total (1,3) (2,3) (3,3) =  0.8426022872E-01  0.5235043586E-01   2181.489239    

        19 0.190E-13*Pression =     2181.5    
 pression totale  potentiel = cinetique =
    2181.5        2180.0        1.5004    
 ----------valeurs moyennes------------
*temperature moyenne =       232.71
*pression moyenne =     2179.8    
 --------------------------------------


<<<<<<<<  ITERATION =     20  time =   0.2000000E-13


 --------- Temperatures et Pression--------
 ----------valeurs instantanees------------
        20 0.200E-13*Epot =    -15276.5615402      eV 
    *energie paire 2 corps =    -15314.0098655      eV 
    *energie pot coul recip =     37.4483253402      eV 
        20 0.200E-13*Ec =     14.1093481690      eV   (142.131 K)
        20 0.200E-13*Etot =    -15262.4521920      eV 

        20 0.200E-13*Temp instantanee = 142.131

*temp instantanee des atomes de type 1 =       190.38
*temp instantanee des atomes de type 2 =        45.63

 * stress en kbar 
1 sigma potentiel (1,1) (2,1) (3,1) =   2180.107465     -0.5623384274E-01 -0.3488957163E-01
2 sigma potentiel (1,2) (2,2) (3,2) = -0.5623384274E-01   2180.365264      0.1172078778    
3 sigma potentiel (1,3) (2,3) (3,3) = -0.3488957163E-01  0.1172078778       2180.071218    

1 sigma cinetique (1,1) (2,1) (3,1) =   1.379147999     -0.1245713635      0.1114108854    
2 sigma cinetique (1,2) (2,2) (3,2) = -0.1245713635       1.386180958     -0.5993780152E-01
3 sigma cinetique (1,3) (2,3) (3,3) =  0.1114108854     -0.5993780152E-01   1.555646523    

1 sigma total (1,1) (2,1) (3,1) =   2181.486613     -0.1808052063      0.7652131378E-01
2 sigma total (1,2) (2,2) (3,2) = -0.1808052063       2181.751445      0.5727007628E-01
3 sigma total (1,3) (2,3) (3,3) =  0.7652131378E-01  0.5727007628E-01   2181.626864    

        20 0.200E-13*Pression =     2181.6    
 pression totale  potentiel = cinetique =
    2181.6        2180.2        1.4403    
 ----------valeurs moyennes------------
*temperature moyenne =       228.18
*pression moyenne =     2179.9    
 --------------------------------------


<<<<<<<<  ITERATION =     21  time =   0.2100000E-13


 --------- Temperatures et Pression--------
 ----------valeurs instantanees------------
        21 0.210E-13*Epot =    -15276.0711778      eV 
    *energie paire 2 corps =    -15313.4486177      eV 
    *energie pot coul recip =     37.3774399640      eV 
        21 0.210E-13*Ec =     13.6187534550      eV   (137.189 K)
        21 0.210E-13*Etot =    -15262.4524243      eV 

        21 0.210E-13*Temp instantanee = 137.189

*temp instantanee des atomes de type 1 =       184.42
*temp instantanee des atomes de type 2 =        42.72

 * stress en kbar 
1 sigma potentiel (1,1) (2,1) (3,1) =   2180.262392     -0.6517820735E-01 -0.3644570103E-01
2 sigma potentiel (1,2) (2,2) (3,2) = -0.6517820735E-01   2180.547585      0.1211235432    
3 sigma potentiel (1,3) (2,3) (3,3) = -0.3644570103E-01  0.1211235432       2180.246847    

1 sigma cinetique (1,1) (2,1) (3,1) =   1.323198658     -0.1243206285      0.1077014305    
2 sigma cinetique (1,2) (2,2) (3,2) = -0.1243206285       1.338404299     -0.6002587821E-01
3 sigma cinetique (1,3) (2,3) (3,3) =  0.1077014305     -0.6002587821E-01   1.509128324    

1 sigma total (1,1) (2,1) (3,1) =   2181.585591     -0.1894988358      0.7125572946E-01
2 sigma total (1,2) (2,2) (3,2) = -0.1894988358       2181.885989      0.6109766499E-01
3 sigma total (1,3) (2,3) (3,3) =  0.7125572946E-01  0.6109766499E-01   2181.755975    

        21 0.210E-13*Pression =     2181.7    
 pression totale  potentiel = cinetique =
    2181.7        2180.4        1.3902    
 ----------valeurs moyennes------------
*temperature moyenne =       223.85
*pression moyenne =     2179.9    
 --------------------------------------


<<<<<<<<  ITERATION =     22  time =   0.2200000E-13


 --------- Temperatures et Pression--------
 ----------valeurs instantanees------------
        22 0.220E-13*Epot =    -15275.6765590      eV 
    *energie paire 2 corps =    -15312.9633556      eV 
    *energie pot coul recip =     37.2867965482      eV 
        22 0.220E-13*Ec =     13.2238005689      eV   (133.211 K)
        22 0.220E-13*Etot =    -15262.4527585      eV 

        22 0.220E-13*Temp instantanee = 133.211

*temp instantanee des atomes de type 1 =       178.67
*temp instantanee des atomes de type 2 =        42.30

 * stress en kbar 
1 sigma potentiel (1,1) (2,1) (3,1) =   2180.390343     -0.7382392972E-01 -0.4191526144E-01
2 sigma potentiel (1,2) (2,2) (3,2) = -0.7382392972E-01   2180.682858      0.1245213606    
3 sigma potentiel (1,3) (2,3) (3,3) = -0.4191526144E-01  0.1245213606       2180.383630    

1 sigma cinetique (1,1) (2,1) (3,1) =   1.277238563     -0.1233756979      0.1040989951    
2 sigma cinetique (1,2) (2,2) (3,2) = -0.1233756979       1.298948161     -0.6016771345E-01
3 sigma cinetique (1,3) (2,3) (3,3) =  0.1040989951     -0.6016771345E-01   1.473590581    

1 sigma total (1,1) (2,1) (3,1) =   2181.667582     -0.1971996276      0.6218373368E-01
2 sigma total (1,2) (2,2) (3,2) = -0.1971996276       2181.981807      0.6435364716E-01
3 sigma total (1,3) (2,3) (3,3) =  0.6218373368E-01  0.6435364716E-01   2181.857220    

        22 0.220E-13*Pression =     2181.8    
 pression totale  potentiel = cinetique =
    2181.8        2180.5        1.3499    
 ----------valeurs moyennes------------
*temperature moyenne =       219.73
*pression moyenne =     2180.0    
 --------------------------------------


<<<<<<<<  ITERATION =     23  time =   0.2300000E-13


 --------- Temperatures et Pression--------
 ----------valeurs instantanees------------
        23 0.230E-13*Epot =    -15275.3732493      eV 
    *energie paire 2 corps =    -15312.5549765      eV 
    *energie pot coul recip =     37.1817271618      eV 
        23 0.230E-13*Ec =     12.9200594054      eV   (130.151 K)
        23 0.230E-13*Etot =    -15262.4531899      eV 

        23 0.230E-13*Temp instantanee = 130.151

*temp instantanee des atomes de type 1 =       173.13
*temp instantanee des atomes de type 2 =        44.20

 * stress en kbar 
1 sigma potentiel (1,1) (2,1) (3,1) =   2180.486434     -0.8280917832E-01 -0.4677738136E-01
2 sigma potentiel (1,2) (2,2) (3,2) = -0.8280917832E-01   2180.802997      0.1292148950    
3 sigma potentiel (1,3) (2,3) (3,3) = -0.4677738136E-01  0.1292148950       2180.481512    

1 sigma cinetique (1,1) (2,1) (3,1) =   1.240947143     -0.1216332723      0.1005792395    
2 sigma cinetique (1,2) (2,2) (3,2) = -0.1216332723       1.267472218     -0.6032095850E-01
3 sigma cinetique (1,3) (2,3) (3,3) =  0.1005792395     -0.6032095850E-01   1.448337480    

1 sigma total (1,1) (2,1) (3,1) =   2181.727381     -0.2044424507      0.5380185813E-01
2 sigma total (1,2) (2,2) (3,2) = -0.2044424507       2182.070469      0.6889393648E-01
3 sigma total (1,3) (2,3) (3,3) =  0.5380185813E-01  0.6889393648E-01   2181.929850    

        23 0.230E-13*Pression =     2181.9    
 pression totale  potentiel = cinetique =
    2181.9        2180.6        1.3189    
 ----------valeurs moyennes------------
*temperature moyenne =       215.84
*pression moyenne =     2180.1    
 --------------------------------------


<<<<<<<<  ITERATION =     24  time =   0.2400000E-13


 --------- Temperatures et Pression--------
 ----------valeurs instantanees------------
        24 0.240E-13*Epot =    -15275.1549054      eV 
    *energie paire 2 corps =    -15312.2228438      eV 
    *energie pot coul recip =     37.0679383957      eV 
        24 0.240E-13*Ec =     12.7011998561      eV   (127.946 K)
        24 0.240E-13*Etot =    -15262.4537055      eV 

        24 0.240E-13*Temp instantanee = 127.946

*temp instantanee des atomes de type 1 =       167.81
*temp instantanee des atomes de type 2 =        48.22

 * stress en kbar 
1 sigma potentiel (1,1) (2,1) (3,1) =   2180.555575     -0.9401150741E-01 -0.5250889758E-01
2 sigma potentiel (1,2) (2,2) (3,2) = -0.9401150741E-01   2180.875988      0.1289777883    
3 sigma potentiel (1,3) (2,3) (3,3) = -0.5250889758E-01  0.1289777883       2180.563581    

1 sigma cinetique (1,1) (2,1) (3,1) =   1.213809219     -0.1190223870      0.9712684403E-01
2 sigma cinetique (1,2) (2,2) (3,2) = -0.1190223870       1.243471713     -0.6044791729E-01
3 sigma cinetique (1,3) (2,3) (3,3) =  0.9712684403E-01 -0.6044791729E-01   1.432450365    

1 sigma total (1,1) (2,1) (3,1) =   2181.769384     -0.2130338944      0.4461794645E-01
2 sigma total (1,2) (2,2) (3,2) = -0.2130338944       2182.119459      0.6852987102E-01
3 sigma total (1,3) (2,3) (3,3) =  0.4461794645E-01  0.6852987102E-01   2181.996031    

        24 0.240E-13*Pression =     2182.0    
 pression totale  potentiel = cinetique =
    2182.0        2180.7        1.2966    
 ----------valeurs moyennes------------
*temperature moyenne =       212.17
*pression moyenne =     2180.2    
 --------------------------------------


<<<<<<<<  ITERATION =     25  time =   0.2500000E-13


 --------- Temperatures et Pression--------
 ----------valeurs instantanees------------
        25 0.250E-13*Epot =    -15275.0137778      eV 
    *energie paire 2 corps =    -15311.9650374      eV 
    *energie pot coul recip =     36.9512595558      eV 
        25 0.250E-13*Ec =     12.5594913413      eV   (126.519 K)
        25 0.250E-13*Etot =    -15262.4542865      eV 

        25 0.250E-13*Temp instantanee = 126.519

*temp instantanee des atomes de type 1 =       162.73
*temp instantanee des atomes de type 2 =        54.10

 * stress en kbar 
1 sigma potentiel (1,1) (2,1) (3,1) =   2180.579565     -0.1011659201     -0.5636318690E-01
2 sigma potentiel (1,2) (2,2) (3,2) = -0.1011659201       2180.921269      0.1261561946    
3 sigma potentiel (1,3) (2,3) (3,3) = -0.5636318690E-01  0.1261561946       2180.611304    

1 sigma cinetique (1,1) (2,1) (3,1) =   1.195161509     -0.1155058062      0.9372087457E-01
2 sigma cinetique (1,2) (2,2) (3,2) = -0.1155058062       1.226314236     -0.6052063706E-01
3 sigma cinetique (1,3) (2,3) (3,3) =  0.9372087457E-01 -0.6052063706E-01   1.424857443    

1 sigma total (1,1) (2,1) (3,1) =   2181.774727     -0.2166717264      0.3735768766E-01
2 sigma total (1,2) (2,2) (3,2) = -0.2166717264       2182.147583      0.6563555750E-01
3 sigma total (1,3) (2,3) (3,3) =  0.3735768766E-01  0.6563555750E-01   2182.036161    

        25 0.250E-13*Pression =     2182.0    
 pression totale  potentiel = cinetique =
    2182.0        2180.7        1.2821    
 ----------valeurs moyennes------------
*temperature moyenne =       208.75
*pression moyenne =     2180.3    
 --------------------------------------


<<<<<<<<  ITERATION =     26  time =   0.2600000E-13


 --------- Temperatures et Pression--------
 ----------valeurs instantanees------------
        26 0.260E-13*Epot =    -15274.9411314      eV 
    *energie paire 2 corps =    -15311.7785250      eV 
    *energie pot coul recip =     36.8373936053      eV 
        26 0.260E-13*Ec =     12.4862078782      eV   (125.781 K)
        26 0.260E-13*Etot =    -15262.4549235      eV 

        26 0.260E-13*Temp instantanee = 125.781

*temp instantanee des atomes de type 1 =       157.89
*temp instantanee des atomes de type 2 =        61.57

 * stress en kbar 
1 sigma potentiel (1,1) (2,1) (3,1) =   2180.590576     -0.1124934355     -0.6346930192E-01
2 sigma potentiel (1,2) (2,2) (3,2) = -0.1124934355       2180.942643      0.1279714392    
3 sigma potentiel (1,3) (2,3) (3,3) = -0.6346930192E-01  0.1279714392       2180.645402    

1 sigma cinetique (1,1) (2,1) (3,1) =   1.184242933     -0.1110655671      0.9034195607E-01
2 sigma cinetique (1,2) (2,2) (3,2) = -0.1110655671       1.215273680     -0.6051614990E-01
3 sigma cinetique (1,3) (2,3) (3,3) =  0.9034195607E-01 -0.6051614990E-01   1.424373580    

1 sigma total (1,1) (2,1) (3,1) =   2181.774819     -0.2235590026      0.2687265416E-01
2 sigma total (1,2) (2,2) (3,2) = -0.2235590026       2182.157917      0.6745528931E-01
3 sigma total (1,3) (2,3) (3,3) =  0.2687265416E-01  0.6745528931E-01   2182.069776    

        26 0.260E-13*Pression =     2182.0    
 pression totale  potentiel = cinetique =
    2182.0        2180.7        1.2746    
 ----------valeurs moyennes------------
*temperature moyenne =       205.56
*pression moyenne =     2180.3    
 --------------------------------------


<<<<<<<<  ITERATION =     27  time =   0.2700000E-13


 --------- Temperatures et Pression--------
 ----------valeurs instantanees------------
        27 0.270E-13*Epot =    -15274.9276239      eV 
    *energie paire 2 corps =    -15311.6593001      eV 
    *energie pot coul recip =     36.7316761509      eV 
        27 0.270E-13*Ec =     12.4720774338      eV   (125.638 K)
        27 0.270E-13*Etot =    -15262.4555465      eV 

        27 0.270E-13*Temp instantanee = 125.638

*temp instantanee des atomes de type 1 =       153.28
*temp instantanee des atomes de type 2 =        70.35

 * stress en kbar 
1 sigma potentiel (1,1) (2,1) (3,1) =   2180.582606     -0.1249412145     -0.6731321013E-01
2 sigma potentiel (1,2) (2,2) (3,2) = -0.1249412145       2180.937210      0.1266456142    
3 sigma potentiel (1,3) (2,3) (3,3) = -0.6731321013E-01  0.1266456142       2180.647374    

1 sigma cinetique (1,1) (2,1) (3,1) =   1.180232721     -0.1057265561      0.8698047903E-01
2 sigma cinetique (1,2) (2,2) (3,2) = -0.1057265561       1.209563104     -0.6042402719E-01
3 sigma cinetique (1,3) (2,3) (3,3) =  0.8698047903E-01 -0.6042402719E-01   1.429766931    

1 sigma total (1,1) (2,1) (3,1) =   2181.762839     -0.2306677706      0.1966726890E-01
2 sigma total (1,2) (2,2) (3,2) = -0.2306677706       2182.146774      0.6622158698E-01
3 sigma total (1,3) (2,3) (3,3) =  0.1966726890E-01  0.6622158698E-01   2182.077141    

        27 0.270E-13*Pression =     2182.0    
 pression totale  potentiel = cinetique =
    2182.0        2180.7        1.2732    
 ----------valeurs moyennes------------
*temperature moyenne =       202.60
*pression moyenne =     2180.4    
 --------------------------------------


<<<<<<<<  ITERATION =     28  time =   0.2800000E-13


 --------- Temperatures et Pression--------
 ----------valeurs instantanees------------
        28 0.280E-13*Epot =    -15274.9637980      eV 
    *energie paire 2 corps =    -15311.6026555      eV 
    *energie pot coul recip =     36.6388575809      eV 
        28 0.280E-13*Ec =     12.5076823457      eV   (125.997 K)
        28 0.280E-13*Etot =    -15262.4561156      eV 

        28 0.280E-13*Temp instantanee = 125.997

*temp instantanee des atomes de type 1 =       148.93
*temp instantanee des atomes de type 2 =        80.12

 * stress en kbar 
1 sigma potentiel (1,1) (2,1) (3,1) =   2180.545585     -0.1361909678     -0.7414443427E-01
2 sigma potentiel (1,2) (2,2) (3,2) = -0.1361909678       2180.905831      0.1263570133    
3 sigma potentiel (1,3) (2,3) (3,3) = -0.7414443427E-01  0.1263570133       2180.621059    

1 sigma cinetique (1,1) (2,1) (3,1) =   1.182269076     -0.9955476214E-01  0.8363106395E-01
2 sigma cinetique (1,2) (2,2) (3,2) = -0.9955476214E-01   1.208391511     -0.6024970311E-01
3 sigma cinetique (1,3) (2,3) (3,3) =  0.8363106395E-01 -0.6024970311E-01   1.439806141    

1 sigma total (1,1) (2,1) (3,1) =   2181.727854     -0.2357457300      0.9486629684E-02
2 sigma total (1,2) (2,2) (3,2) = -0.2357457300       2182.114223      0.6610731018E-01
3 sigma total (1,3) (2,3) (3,3) =  0.9486629684E-02  0.6610731018E-01   2182.060865    

        28 0.280E-13*Pression =     2182.0    
 pression totale  potentiel = cinetique =
    2182.0        2180.7        1.2768    
 ----------valeurs moyennes------------
*temperature moyenne =       199.86
*pression moyenne =     2180.4    
 --------------------------------------


<<<<<<<<  ITERATION =     29  time =   0.2900000E-13


 --------- Temperatures et Pression--------
 ----------valeurs instantanees------------
        29 0.290E-13*Epot =    -15275.0404480      eV 
    *energie paire 2 corps =    -15311.6033662      eV 
    *energie pot coul recip =     36.5629182691      eV 
        29 0.290E-13*Ec =     12.5837951866      eV   (126.764 K)
        29 0.290E-13*Etot =    -15262.4566528      eV 

        29 0.290E-13*Temp instantanee = 126.764

*temp instantanee des atomes de type 1 =       144.84
*temp instantanee des atomes de type 2 =        90.61

 * stress en kbar 
1 sigma potentiel (1,1) (2,1) (3,1) =   2180.481405     -0.1420212217     -0.7682504605E-01
2 sigma potentiel (1,2) (2,2) (3,2) = -0.1420212217       2180.850226      0.1247167935    
3 sigma potentiel (1,3) (2,3) (3,3) = -0.7682504605E-01  0.1247167935       2180.572758    

1 sigma cinetique (1,1) (2,1) (3,1) =   1.189508697     -0.9264913163E-01  0.8028899858E-01
2 sigma cinetique (1,2) (2,2) (3,2) = -0.9264913163E-01   1.210963368     -0.6001751288E-01
3 sigma cinetique (1,3) (2,3) (3,3) =  0.8028899858E-01 -0.6001751288E-01   1.453304155    

1 sigma total (1,1) (2,1) (3,1) =   2181.670913     -0.2346703533      0.3463952522E-02
2 sigma total (1,2) (2,2) (3,2) = -0.2346703533       2182.061189      0.6469928060E-01
3 sigma total (1,3) (2,3) (3,3) =  0.3463952522E-02  0.6469928060E-01   2182.026062    

        29 0.290E-13*Pression =     2181.9    
 pression totale  potentiel = cinetique =
    2181.9        2180.6        1.2846    
 ----------valeurs moyennes------------
*temperature moyenne =       197.34
*pression moyenne =     2180.5    
 --------------------------------------


<<<<<<<<  ITERATION =     30  time =   0.3000000E-13


 --------- Temperatures et Pression--------
 ----------valeurs instantanees------------
        30 0.300E-13*Epot =    -15275.1490455      eV 
    *energie paire 2 corps =    -15311.6559608      eV 
    *energie pot coul recip =     36.5069153100      eV 
        30 0.300E-13*Ec =     12.6918661798      eV   (127.852 K)
        30 0.300E-13*Etot =    -15262.4571794      eV 

        30 0.300E-13*Temp instantanee = 127.852

*temp instantanee des atomes de type 1 =       141.02
*temp instantanee des atomes de type 2 =       101.53

 * stress en kbar 
1 sigma potentiel (1,1) (2,1) (3,1) =   2180.414229     -0.1500318043     -0.7634153330E-01
2 sigma potentiel (1,2) (2,2) (3,2) = -0.1500318043       2180.781238      0.1187266198    
3 sigma potentiel (1,3) (2,3) (3,3) = -0.7634153330E-01  0.1187266198       2180.521188    

1 sigma cinetique (1,1) (2,1) (3,1) =   1.201155725     -0.8515001129E-01  0.7695771901E-01
2 sigma cinetique (1,2) (2,2) (3,2) = -0.8515001129E-01   1.216527146     -0.5975794018E-01
3 sigma cinetique (1,3) (2,3) (3,3) =  0.7695771901E-01 -0.5975794018E-01   1.469189995    

1 sigma total (1,1) (2,1) (3,1) =   2181.615385     -0.2351818156      0.6161857088E-03
2 sigma total (1,2) (2,2) (3,2) = -0.2351818156       2181.997765      0.5896867957E-01
3 sigma total (1,3) (2,3) (3,3) =  0.6161857088E-03  0.5896867957E-01   2181.990378    

        30 0.300E-13*Pression =     2181.9    
 pression totale  potentiel = cinetique =
    2181.9        2180.6        1.2956    
 ----------valeurs moyennes------------
*temperature moyenne =       195.02
*pression moyenne =     2180.5    
 --------------------------------------


<<<<<<<<  ITERATION =     31  time =   0.3100000E-13


 --------- Temperatures et Pression--------
 ----------valeurs instantanees------------
        31 0.310E-13*Epot =    -15275.2818368      eV 
    *energie paire 2 corps =    -15311.7547138      eV 
    *energie pot coul recip =     36.4728769590      eV 
        31 0.310E-13*Ec =     12.8242519092      eV   (129.186 K)
        31 0.310E-13*Etot =    -15262.4575849      eV 

        31 0.310E-13*Temp instantanee = 129.186

*temp instantanee des atomes de type 1 =       137.47
*temp instantanee des atomes de type 2 =       112.62

 * stress en kbar 
1 sigma potentiel (1,1) (2,1) (3,1) =   2180.326659     -0.1635303432     -0.8439273973E-01
2 sigma potentiel (1,2) (2,2) (3,2) = -0.1635303432       2180.692992      0.1167392939    
3 sigma potentiel (1,3) (2,3) (3,3) = -0.8439273973E-01  0.1167392939       2180.457471    

1 sigma cinetique (1,1) (2,1) (3,1) =   1.216477942     -0.7722934718E-01  0.7365739137E-01
2 sigma cinetique (1,2) (2,2) (3,2) = -0.7722934718E-01   1.224424949     -0.5951327192E-01
3 sigma cinetique (1,3) (2,3) (3,3) =  0.7365739137E-01 -0.5951327192E-01   1.486512989    

1 sigma total (1,1) (2,1) (3,1) =   2181.543137     -0.2407596904     -0.1073534836E-01
2 sigma total (1,2) (2,2) (3,2) = -0.2407596904       2181.917417      0.5722602195E-01
3 sigma total (1,3) (2,3) (3,3) = -0.1073534836E-01  0.5722602195E-01   2181.943984    

        31 0.310E-13*Pression =     2181.8    
 pression totale  potentiel = cinetique =
    2181.8        2180.5        1.3091    
 ----------valeurs moyennes------------
*temperature moyenne =       192.90
*pression moyenne =     2180.6    
 --------------------------------------


<<<<<<<<  ITERATION =     32  time =   0.3200000E-13


 --------- Temperatures et Pression--------
 ----------valeurs instantanees------------
        32 0.320E-13*Epot =    -15275.4322835      eV 
    *energie paire 2 corps =    -15311.8940274      eV 
    *energie pot coul recip =     36.4617439043      eV 
        32 0.320E-13*Ec =     12.9743783925      eV   (130.698 K)
        32 0.320E-13*Etot =    -15262.4579051      eV 

        32 0.320E-13*Temp instantanee = 130.698

*temp instantanee des atomes de type 1 =       134.21
*temp instantanee des atomes de type 2 =       123.67

 * stress en kbar 
1 sigma potentiel (1,1) (2,1) (3,1) =   2180.227633     -0.1703667596     -0.8503762561E-01
2 sigma potentiel (1,2) (2,2) (3,2) = -0.1703667596       2180.588043      0.1098386921    
3 sigma potentiel (1,3) (2,3) (3,3) = -0.8503762561E-01  0.1098386921       2180.388030    

1 sigma cinetique (1,1) (2,1) (3,1) =   1.234833197     -0.6908648330E-01  0.7040530293E-01
2 sigma cinetique (1,2) (2,2) (3,2) = -0.6908648330E-01   1.234084122     -0.5933544465E-01
3 sigma cinetique (1,3) (2,3) (3,3) =  0.7040530293E-01 -0.5933544465E-01   1.504474665    

1 sigma total (1,1) (2,1) (3,1) =   2181.462467     -0.2394532429     -0.1463232268E-01
2 sigma total (1,2) (2,2) (3,2) = -0.2394532429       2181.822127      0.5050324747E-01
3 sigma total (1,3) (2,3) (3,3) = -0.1463232268E-01  0.5050324747E-01   2181.892505    

        32 0.320E-13*Pression =     2181.7    
 pression totale  potentiel = cinetique =
    2181.7        2180.4        1.3245    
 ----------valeurs moyennes------------
*temperature moyenne =       190.96
*pression moyenne =     2180.6    
 --------------------------------------


<<<<<<<<  ITERATION =     33  time =   0.3300000E-13


 --------- Temperatures et Pression--------
 ----------valeurs instantanees------------
        33 0.330E-13*Epot =    -15275.5950814      eV 
    *energie paire 2 corps =    -15312.0684369      eV 
    *energie pot coul recip =     36.4733554323      eV 
        33 0.330E-13*Ec =     13.1369417720      eV   (132.336 K)
        33 0.330E-13*Etot =    -15262.4581397      eV 

        33 0.330E-13*Temp instantanee = 132.336

*temp instantanee des atomes de type 1 =       131.26
*temp instantanee des atomes de type 2 =       134.48

 * stress en kbar 
1 sigma potentiel (1,1) (2,1) (3,1) =   2180.122307     -0.1766890170     -0.8878671723E-01
2 sigma potentiel (1,2) (2,2) (3,2) = -0.1766890170       2180.483910      0.1114043197    
3 sigma potentiel (1,3) (2,3) (3,3) = -0.8878671723E-01  0.1114043197       2180.283124    

1 sigma cinetique (1,1) (2,1) (3,1) =   1.255680366     -0.6095026795E-01  0.6722358595E-01
2 sigma cinetique (1,2) (2,2) (3,2) = -0.6095026795E-01   1.245034054     -0.5928108077E-01
3 sigma cinetique (1,3) (2,3) (3,3) =  0.6722358595E-01 -0.5928108077E-01   1.522462456    

1 sigma total (1,1) (2,1) (3,1) =   2181.377988     -0.2376392849     -0.2156313128E-01
2 sigma total (1,2) (2,2) (3,2) = -0.2376392849       2181.728944      0.5212323889E-01
3 sigma total (1,3) (2,3) (3,3) = -0.2156313128E-01  0.5212323889E-01   2181.805587    

        33 0.330E-13*Pression =     2181.6    
 pression totale  potentiel = cinetique =
    2181.6        2180.3        1.3411    
 ----------valeurs moyennes------------
*temperature moyenne =       189.18
*pression moyenne =     2180.6    
 --------------------------------------


<<<<<<<<  ITERATION =     34  time =   0.3400000E-13


 --------- Temperatures et Pression--------
 ----------valeurs instantanees------------
        34 0.340E-13*Epot =    -15275.7662890      eV 
    *energie paire 2 corps =    -15312.2727807      eV 
    *energie pot coul recip =     36.5064917503      eV 
        34 0.340E-13*Ec =     13.3079810913      eV   (134.059 K)
        34 0.340E-13*Etot =    -15262.4583079      eV 

        34 0.340E-13*Temp instantanee = 134.059

*temp instantanee des atomes de type 1 =       128.64
*temp instantanee des atomes de type 2 =       144.90

 * stress en kbar 
1 sigma potentiel (1,1) (2,1) (3,1) =   2180.003521     -0.1803324124     -0.9126584771E-01
2 sigma potentiel (1,2) (2,2) (3,2) = -0.1803324124       2180.356976      0.1055219761    
3 sigma potentiel (1,3) (2,3) (3,3) = -0.9126584771E-01  0.1055219761       2180.190150    

1 sigma cinetique (1,1) (2,1) (3,1) =   1.278597885     -0.5306575922E-01  0.6414150853E-01
2 sigma cinetique (1,2) (2,2) (3,2) = -0.5306575922E-01   1.256920907     -0.5942480246E-01
3 sigma cinetique (1,3) (2,3) (3,3) =  0.6414150853E-01 -0.5942480246E-01   1.540038725    

1 sigma total (1,1) (2,1) (3,1) =   2181.282119     -0.2333981716     -0.2712433918E-01
2 sigma total (1,2) (2,2) (3,2) = -0.2333981716       2181.613896      0.4609717367E-01
3 sigma total (1,3) (2,3) (3,3) = -0.2712433918E-01  0.4609717367E-01   2181.730189    

        34 0.340E-13*Pression =     2181.5    
 pression totale  potentiel = cinetique =
    2181.5        2180.2        1.3585    
 ----------valeurs moyennes------------
*temperature moyenne =       187.56
*pression moyenne =     2180.7    
 --------------------------------------


<<<<<<<<  ITERATION =     35  time =   0.3500000E-13


 --------- Temperatures et Pression--------
 ----------valeurs instantanees------------
        35 0.350E-13*Epot =    -15275.9433343      eV 
    *energie paire 2 corps =    -15312.5022896      eV 
    *energie pot coul recip =     36.5589552535      eV 
        35 0.350E-13*Ec =     13.4849403589      eV   (135.841 K)
        35 0.350E-13*Etot =    -15262.4583940      eV 

        35 0.350E-13*Temp instantanee = 135.841

*temp instantanee des atomes de type 1 =       126.36
*temp instantanee des atomes de type 2 =       154.79

 * stress en kbar 
1 sigma potentiel (1,1) (2,1) (3,1) =   2179.877464     -0.1840257518     -0.8917275575E-01
2 sigma potentiel (1,2) (2,2) (3,2) = -0.1840257518       2180.227535      0.9943137001E-01
3 sigma potentiel (1,3) (2,3) (3,3) = -0.8917275575E-01  0.9943137001E-01   2180.085682    

1 sigma cinetique (1,1) (2,1) (3,1) =   1.303275512     -0.4568368136E-01  0.6119140775E-01
2 sigma cinetique (1,2) (2,2) (3,2) = -0.4568368136E-01   1.269525098     -0.5984355094E-01
3 sigma cinetique (1,3) (2,3) (3,3) =  0.6119140775E-01 -0.5984355094E-01   1.556950527    

1 sigma total (1,1) (2,1) (3,1) =   2181.180739     -0.2297094332     -0.2798134800E-01
2 sigma total (1,2) (2,2) (3,2) = -0.2297094332       2181.497060      0.3958781907E-01
3 sigma total (1,3) (2,3) (3,3) = -0.2798134800E-01  0.3958781907E-01   2181.642633    

        35 0.350E-13*Pression =     2181.4    
 pression totale  potentiel = cinetique =
    2181.4        2180.1        1.3766    
 ----------valeurs moyennes------------
*temperature moyenne =       186.08
*pression moyenne =     2180.7    
 --------------------------------------


<<<<<<<<  ITERATION =     36  time =   0.3600000E-13


 --------- Temperatures et Pression--------
 ----------valeurs instantanees------------
        36 0.360E-13*Epot =    -15276.1248423      eV 
    *energie paire 2 corps =    -15312.7525363      eV 
    *energie pot coul recip =     36.6276939797      eV 
        36 0.360E-13*Ec =     13.6664813035      eV   (137.670 K)
        36 0.360E-13*Etot =    -15262.4583610      eV 

        36 0.360E-13*Temp instantanee = 137.670

*temp instantanee des atomes de type 1 =       124.46
*temp instantanee des atomes de type 2 =       164.10

 * stress en kbar 
1 sigma potentiel (1,1) (2,1) (3,1) =   2179.748395     -0.1843368861     -0.9018768629E-01
2 sigma potentiel (1,2) (2,2) (3,2) = -0.1843368861       2180.092793      0.9604044411E-01
3 sigma potentiel (1,3) (2,3) (3,3) = -0.9018768629E-01  0.9604044411E-01   2179.964176    

1 sigma cinetique (1,1) (2,1) (3,1) =   1.329496086     -0.3905511643E-01  0.5841690520E-01
2 sigma cinetique (1,2) (2,2) (3,2) = -0.3905511643E-01   1.282736788     -0.6060308036E-01
3 sigma cinetique (1,3) (2,3) (3,3) =  0.5841690520E-01 -0.6060308036E-01   1.573115018    

1 sigma total (1,1) (2,1) (3,1) =   2181.077891     -0.2233920025     -0.3177078109E-01
2 sigma total (1,2) (2,2) (3,2) = -0.2233920025       2181.375529      0.3543736376E-01
3 sigma total (1,3) (2,3) (3,3) = -0.3177078109E-01  0.3543736376E-01   2181.537291    

        36 0.360E-13*Pression =     2181.3    
 pression totale  potentiel = cinetique =
    2181.3        2179.9        1.3951    
 ----------valeurs moyennes------------
*temperature moyenne =       184.74
*pression moyenne =     2180.7    
 --------------------------------------


<<<<<<<<  ITERATION =     37  time =   0.3700000E-13


 --------- Temperatures et Pression--------
 ----------valeurs instantanees------------
        37 0.370E-13*Epot =    -15276.3106542      eV 
    *energie paire 2 corps =    -15313.0196199      eV 
    *energie pot coul recip =     36.7089657050      eV 
        37 0.370E-13*Ec =     13.8523611626      eV   (139.543 K)
        37 0.370E-13*Etot =    -15262.4582930      eV 

        37 0.370E-13*Temp instantanee = 139.543

*temp instantanee des atomes de type 1 =       122.94
*temp instantanee des atomes de type 2 =       172.75

 * stress en kbar 
1 sigma potentiel (1,1) (2,1) (3,1) =   2179.618789     -0.1850993500     -0.9015139952E-01
2 sigma potentiel (1,2) (2,2) (3,2) = -0.1850993500       2179.959437      0.9373811562E-01
3 sigma potentiel (1,3) (2,3) (3,3) = -0.9015139952E-01  0.9373811562E-01   2179.856911    

1 sigma cinetique (1,1) (2,1) (3,1) =   1.357140407     -0.3341381216E-01  0.5584537628E-01
2 sigma cinetique (1,2) (2,2) (3,2) = -0.3341381216E-01   1.296535890     -0.6176021369E-01
3 sigma cinetique (1,3) (2,3) (3,3) =  0.5584537628E-01 -0.6176021369E-01   1.588597138    

1 sigma total (1,1) (2,1) (3,1) =   2180.975930     -0.2185131621     -0.3430602324E-01
2 sigma total (1,2) (2,2) (3,2) = -0.2185131621       2181.255973      0.3197790192E-01
3 sigma total (1,3) (2,3) (3,3) = -0.3430602324E-01  0.3197790192E-01   2181.445508    

        37 0.370E-13*Pression =     2181.2    
 pression totale  potentiel = cinetique =
    2181.2        2179.8        1.4141    
 ----------valeurs moyennes------------
*temperature moyenne =       183.52
*pression moyenne =     2180.7    
 --------------------------------------


<<<<<<<<  ITERATION =     38  time =   0.3800000E-13


 --------- Temperatures et Pression--------
 ----------valeurs instantanees------------
        38 0.380E-13*Epot =    -15276.5014584      eV 
    *energie paire 2 corps =    -15313.2999812      eV 
    *energie pot coul recip =     36.7985227963      eV 
        38 0.380E-13*Ec =     14.0432632835      eV   (141.466 K)
        38 0.380E-13*Etot =    -15262.4581951      eV 

        38 0.380E-13*Temp instantanee = 141.466

*temp instantanee des atomes de type 1 =       121.83
*temp instantanee des atomes de type 2 =       180.74

 * stress en kbar 
1 sigma potentiel (1,1) (2,1) (3,1) =   2179.498093     -0.1806248159     -0.8938588275E-01
2 sigma potentiel (1,2) (2,2) (3,2) = -0.1806248159       2179.827268      0.8839953070E-01
3 sigma potentiel (1,3) (2,3) (3,3) = -0.8938588275E-01  0.8839953070E-01   2179.748883    

1 sigma cinetique (1,1) (2,1) (3,1) =   1.386157513     -0.2897382503E-01  0.5349369760E-01
2 sigma cinetique (1,2) (2,2) (3,2) = -0.2897382503E-01   1.310990899     -0.6336582367E-01
3 sigma cinetique (1,3) (2,3) (3,3) =  0.5349369760E-01 -0.6336582367E-01   1.603588631    

1 sigma total (1,1) (2,1) (3,1) =   2180.884250     -0.2095986409     -0.3589218515E-01
2 sigma total (1,2) (2,2) (3,2) = -0.2095986409       2181.138259      0.2503370703E-01
3 sigma total (1,3) (2,3) (3,3) = -0.3589218515E-01  0.2503370703E-01   2181.352471    

        38 0.380E-13*Pression =     2181.1    
 pression totale  potentiel = cinetique =
    2181.1        2179.7        1.4336    
 ----------valeurs moyennes------------
*temperature moyenne =       182.41
*pression moyenne =     2180.7    
 --------------------------------------


<<<<<<<<  ITERATION =     39  time =   0.3900000E-13


 --------- Temperatures et Pression--------
 ----------valeurs instantanees------------
        39 0.390E-13*Epot =    -15276.6986711      eV 
    *energie paire 2 corps =    -15313.5904883      eV 
    *energie pot coul recip =     36.8918172811      eV 
        39 0.390E-13*Ec =     14.2405907632      eV   (143.453 K)
        39 0.390E-13*Etot =    -15262.4580803      eV 

        39 0.390E-13*Temp instantanee = 143.453

*temp instantanee des atomes de type 1 =       121.14
*temp instantanee des atomes de type 2 =       188.07

 * stress en kbar 
1 sigma potentiel (1,1) (2,1) (3,1) =   2179.363711     -0.1783766632     -0.8835554978E-01
2 sigma potentiel (1,2) (2,2) (3,2) = -0.1783766632       2179.687132      0.8505689064E-01
3 sigma potentiel (1,3) (2,3) (3,3) = -0.8835554978E-01  0.8505689064E-01   2179.647746    

1 sigma cinetique (1,1) (2,1) (3,1) =   1.416548223     -0.2592499676E-01  0.5138747070E-01
2 sigma cinetique (1,2) (2,2) (3,2) = -0.2592499676E-01   1.326249451     -0.6546031560E-01
3 sigma cinetique (1,3) (2,3) (3,3) =  0.5138747070E-01 -0.6546031560E-01   1.618370735    

1 sigma total (1,1) (2,1) (3,1) =   2180.780259     -0.2043016599     -0.3696807908E-01
2 sigma total (1,2) (2,2) (3,2) = -0.2043016599       2181.013381      0.1959657503E-01
3 sigma total (1,3) (2,3) (3,3) = -0.3696807908E-01  0.1959657503E-01   2181.266116    

        39 0.390E-13*Pression =     2181.0    
 pression totale  potentiel = cinetique =
    2181.0        2179.6        1.4537    
 ----------valeurs moyennes------------
*temperature moyenne =       181.41
*pression moyenne =     2180.7    
 --------------------------------------


<<<<<<<<  ITERATION =     40  time =   0.4000000E-13


 --------- Temperatures et Pression--------
 ----------valeurs instantanees------------
        40 0.400E-13*Epot =    -15276.9041549      eV 
    *energie paire 2 corps =    -15313.8883690      eV 
    *energie pot coul recip =     36.9842140586      eV 
        40 0.400E-13*Ec =     14.4461796775      eV   (145.524 K)
        40 0.400E-13*Etot =    -15262.4579752      eV 

        40 0.400E-13*Temp instantanee = 145.524

*temp instantanee des atomes de type 1 =       120.90
*temp instantanee des atomes de type 2 =       194.77

 * stress en kbar 
1 sigma potentiel (1,1) (2,1) (3,1) =   2179.266348     -0.1745536253     -0.8582213046E-01
2 sigma potentiel (1,2) (2,2) (3,2) = -0.1745536253       2179.561931      0.8516706062E-01
3 sigma potentiel (1,3) (2,3) (3,3) = -0.8582213046E-01  0.8516706062E-01   2179.528914    

1 sigma cinetique (1,1) (2,1) (3,1) =   1.448339253     -0.2440665971E-01  0.4954263819E-01
2 sigma cinetique (1,2) (2,2) (3,2) = -0.2440665971E-01   1.342504308     -0.6806497124E-01
3 sigma cinetique (1,3) (2,3) (3,3) =  0.4954263819E-01 -0.6806497124E-01   1.633286273    

1 sigma total (1,1) (2,1) (3,1) =   2180.714687     -0.1989602850     -0.3627949227E-01
2 sigma total (1,2) (2,2) (3,2) = -0.1989602850       2180.904436      0.1710208937E-01
3 sigma total (1,3) (2,3) (3,3) = -0.3627949227E-01  0.1710208937E-01   2181.162200    

        40 0.400E-13*Pression =     2180.9    
 pression totale  potentiel = cinetique =
    2180.9        2179.5        1.4747    
 ----------valeurs moyennes------------
*temperature moyenne =       180.51
*pression moyenne =     2180.7    
 --------------------------------------


<<<<<<<<  ITERATION =     41  time =   0.4100000E-13


 --------- Temperatures et Pression--------
 ----------valeurs instantanees------------
        41 0.410E-13*Epot =    -15277.1198403      eV 
    *energie paire 2 corps =    -15314.1910468      eV 
    *energie pot coul recip =     37.0712064749      eV 
        41 0.410E-13*Ec =     14.6620057687      eV   (147.699 K)
        41 0.410E-13*Etot =    -15262.4578345      eV 

        41 0.410E-13*Temp instantanee = 147.699

*temp instantanee des atomes de type 1 =       121.11
*temp instantanee des atomes de type 2 =       200.87

 * stress en kbar 
1 sigma potentiel (1,1) (2,1) (3,1) =   2179.138801     -0.1646589508     -0.8051028836E-01
2 sigma potentiel (1,2) (2,2) (3,2) = -0.1646589508       2179.425392      0.8273785113E-01
3 sigma potentiel (1,3) (2,3) (3,3) = -0.8051028836E-01  0.8273785113E-01   2179.418091    

1 sigma cinetique (1,1) (2,1) (3,1) =   1.481569382     -0.2451548695E-01  0.4795714086E-01
2 sigma cinetique (1,2) (2,2) (3,2) = -0.2451548695E-01   1.359960609     -0.7118189050E-01
3 sigma cinetique (1,3) (2,3) (3,3) =  0.4795714086E-01 -0.7118189050E-01   1.648696394    

1 sigma total (1,1) (2,1) (3,1) =   2180.620370     -0.1891744377     -0.3255314750E-01
2 sigma total (1,2) (2,2) (3,2) = -0.1891744377       2180.785352      0.1155596063E-01
3 sigma total (1,3) (2,3) (3,3) = -0.3255314750E-01  0.1155596063E-01   2181.066787    

        41 0.410E-13*Pression =     2180.8    
 pression totale  potentiel = cinetique =
    2180.8        2179.3        1.4967    
 ----------valeurs moyennes------------
*temperature moyenne =       179.71
*pression moyenne =     2180.8    
 --------------------------------------


<<<<<<<<  ITERATION =     42  time =   0.4200000E-13


 --------- Temperatures et Pression--------
 ----------valeurs instantanees------------
        42 0.420E-13*Epot =    -15277.3476764      eV 
    *energie paire 2 corps =    -15314.4962934      eV 
    *energie pot coul recip =     37.1486169455      eV 
        42 0.420E-13*Ec =     14.8899184644      eV   (149.995 K)
        42 0.420E-13*Etot =    -15262.4577580      eV 

        42 0.420E-13*Temp instantanee = 149.995

*temp instantanee des atomes de type 1 =       121.78
*temp instantanee des atomes de type 2 =       206.42

 * stress en kbar 
1 sigma potentiel (1,1) (2,1) (3,1) =   2179.015494     -0.1553136727     -0.7984716398E-01
2 sigma potentiel (1,2) (2,2) (3,2) = -0.1553136727       2179.301330      0.7942312703E-01
3 sigma potentiel (1,3) (2,3) (3,3) = -0.7984716398E-01  0.7942312703E-01   2179.310504    

1 sigma cinetique (1,1) (2,1) (3,1) =   1.516247578     -0.2629997683E-01  0.4662640165E-01
2 sigma cinetique (1,2) (2,2) (3,2) = -0.2629997683E-01   1.378826071     -0.7478889591E-01
3 sigma cinetique (1,3) (2,3) (3,3) =  0.4662640165E-01 -0.7478889591E-01   1.664950799    

1 sigma total (1,1) (2,1) (3,1) =   2180.531742     -0.1816136495     -0.3322076233E-01
2 sigma total (1,2) (2,2) (3,2) = -0.1816136495       2180.680156      0.4634231116E-02
3 sigma total (1,3) (2,3) (3,3) = -0.3322076233E-01  0.4634231116E-02   2180.975454    

        42 0.420E-13*Pression =     2180.7    
 pression totale  potentiel = cinetique =
    2180.7        2179.2        1.5200    
 ----------valeurs moyennes------------
*temperature moyenne =       179.01
*pression moyenne =     2180.8    
 --------------------------------------


<<<<<<<<  ITERATION =     43  time =   0.4300000E-13


 --------- Temperatures et Pression--------
 ----------valeurs instantanees------------
        43 0.430E-13*Epot =    -15277.5891802      eV 
    *energie paire 2 corps =    -15314.8019626      eV 
    *energie pot coul recip =     37.2127824223      eV 
        43 0.430E-13*Ec =     15.1314558653      eV   (152.428 K)
        43 0.430E-13*Etot =    -15262.4577243      eV 

        43 0.430E-13*Temp instantanee = 152.428

*temp instantanee des atomes de type 1 =       122.91
*temp instantanee des atomes de type 2 =       211.46

 * stress en kbar 
1 sigma potentiel (1,1) (2,1) (3,1) =   2178.921338     -0.1398536065     -0.7443033663E-01
2 sigma potentiel (1,2) (2,2) (3,2) = -0.1398536065       2179.177764      0.7920437468E-01
3 sigma potentiel (1,3) (2,3) (3,3) = -0.7443033663E-01  0.7920437468E-01   2179.207458    

1 sigma cinetique (1,1) (2,1) (3,1) =   1.552344763     -0.2974533661E-01  0.4553032840E-01
2 sigma cinetique (1,2) (2,2) (3,2) = -0.2974533661E-01   1.399288197     -0.7884751492E-01
3 sigma cinetique (1,3) (2,3) (3,3) =  0.4553032840E-01 -0.7884751492E-01   1.682362104    

1 sigma total (1,1) (2,1) (3,1) =   2180.473683     -0.1695989431     -0.2890000823E-01
2 sigma total (1,2) (2,2) (3,2) = -0.1695989431       2180.577052      0.3568597639E-03
3 sigma total (1,3) (2,3) (3,3) = -0.2890000823E-01  0.3568597639E-03   2180.889820    

        43 0.430E-13*Pression =     2180.6    
 pression totale  potentiel = cinetique =
    2180.6        2179.1        1.5447    
 ----------valeurs moyennes------------
*temperature moyenne =       178.39
*pression moyenne =     2180.7    
 --------------------------------------


<<<<<<<<  ITERATION =     44  time =   0.4400000E-13


 --------- Temperatures et Pression--------
 ----------valeurs instantanees------------
        44 0.440E-13*Epot =    -15277.8452475      eV 
    *energie paire 2 corps =    -15315.1059560      eV 
    *energie pot coul recip =     37.2607084265      eV 
        44 0.440E-13*Ec =     15.3875555140      eV   (155.007 K)
        44 0.440E-13*Etot =    -15262.4576920      eV 

        44 0.440E-13*Temp instantanee = 155.007

*temp instantanee des atomes de type 1 =       124.50
*temp instantanee des atomes de type 2 =       216.03

 * stress en kbar 
1 sigma potentiel (1,1) (2,1) (3,1) =   2178.805901     -0.1276921959     -0.7078042432E-01
2 sigma potentiel (1,2) (2,2) (3,2) = -0.1276921959       2179.064963      0.7725516837E-01
3 sigma potentiel (1,3) (2,3) (3,3) = -0.7078042432E-01  0.7725516837E-01   2179.102947    

1 sigma cinetique (1,1) (2,1) (3,1) =   1.589778538     -0.3478935958E-01  0.4462548540E-01
2 sigma cinetique (1,2) (2,2) (3,2) = -0.3478935958E-01   1.421476603     -0.8330094600E-01
3 sigma cinetique (1,3) (2,3) (3,3) =  0.4462548540E-01 -0.8330094600E-01   1.701170216    

1 sigma total (1,1) (2,1) (3,1) =   2180.395680     -0.1624815555     -0.2615493892E-01
2 sigma total (1,2) (2,2) (3,2) = -0.1624815555       2180.486440     -0.6045777634E-02
3 sigma total (1,3) (2,3) (3,3) = -0.2615493892E-01 -0.6045777634E-02   2180.804117    

        44 0.440E-13*Pression =     2180.6    
 pression totale  potentiel = cinetique =
    2180.6        2179.0        1.5708    
 ----------valeurs moyennes------------
*temperature moyenne =       177.86
*pression moyenne =     2180.7    
 --------------------------------------


<<<<<<<<  ITERATION =     45  time =   0.4500000E-13


 --------- Temperatures et Pression--------
 ----------valeurs instantanees------------
        45 0.450E-13*Epot =    -15278.1160417      eV 
    *energie paire 2 corps =    -15315.4062329      eV 
    *energie pot coul recip =     37.2901912660      eV 
        45 0.450E-13*Ec =     15.6583158707      eV   (157.735 K)
        45 0.450E-13*Etot =    -15262.4577258      eV 

        45 0.450E-13*Temp instantanee = 157.735

*temp instantanee des atomes de type 1 =       126.52
*temp instantanee des atomes de type 2 =       220.16

 * stress en kbar 
1 sigma potentiel (1,1) (2,1) (3,1) =   2178.710383     -0.1157076110     -0.6754498811E-01
2 sigma potentiel (1,2) (2,2) (3,2) = -0.1157076110       2178.955136      0.7528131749E-01
3 sigma potentiel (1,3) (2,3) (3,3) = -0.6754498811E-01  0.7528131749E-01   2179.012073    

1 sigma cinetique (1,1) (2,1) (3,1) =   1.628383951     -0.4130085305E-01  0.4387305543E-01
2 sigma cinetique (1,2) (2,2) (3,2) = -0.4130085305E-01   1.445461873     -0.8805796996E-01
3 sigma cinetique (1,3) (2,3) (3,3) =  0.4387305543E-01 -0.8805796996E-01   1.721499654    

1 sigma total (1,1) (2,1) (3,1) =   2180.338767     -0.1570084641     -0.2367193268E-01
2 sigma total (1,2) (2,2) (3,2) = -0.1570084641       2180.400598     -0.1277665247E-01
3 sigma total (1,3) (2,3) (3,3) = -0.2367193268E-01 -0.1277665247E-01   2180.733572    

        45 0.450E-13*Pression =     2180.5    
 pression totale  potentiel = cinetique =
    2180.5        2178.9        1.5984    
 ----------valeurs moyennes------------
*temperature moyenne =       177.41
*pression moyenne =     2180.7    
 --------------------------------------


<<<<<<<<  ITERATION =     46  time =   0.4600000E-13


 --------- Temperatures et Pression--------
 ----------valeurs instantanees------------
        46 0.460E-13*Epot =    -15278.4008211      eV 
    *energie paire 2 corps =    -15315.7007256      eV 
    *energie pot coul recip =     37.2999044811      eV 
        46 0.460E-13*Ec =     15.9430105168      eV   (160.603 K)
        46 0.460E-13*Etot =    -15262.4578106      eV 

        46 0.460E-13*Temp instantanee = 160.603

*temp instantanee des atomes de type 1 =       128.97
*temp instantanee des atomes de type 2 =       223.87

 * stress en kbar 
1 sigma potentiel (1,1) (2,1) (3,1) =   2178.621007     -0.9779629573E-01 -0.6264187414E-01
2 sigma potentiel (1,2) (2,2) (3,2) = -0.9779629573E-01   2178.850852      0.7451544655E-01
3 sigma potentiel (1,3) (2,3) (3,3) = -0.6264187414E-01  0.7451544655E-01   2178.920477    

1 sigma cinetique (1,1) (2,1) (3,1) =   1.667929785     -0.4909364353E-01  0.4322183164E-01
2 sigma cinetique (1,2) (2,2) (3,2) = -0.4909364353E-01   1.471231342     -0.9300410753E-01
3 sigma cinetique (1,3) (2,3) (3,3) =  0.4322183164E-01 -0.9300410753E-01   1.743371836    

1 sigma total (1,1) (2,1) (3,1) =   2180.288937     -0.1468899393     -0.1942004250E-01
2 sigma total (1,2) (2,2) (3,2) = -0.1468899393       2180.322083     -0.1848866097E-01
3 sigma total (1,3) (2,3) (3,3) = -0.1942004250E-01 -0.1848866097E-01   2180.663849    

        46 0.460E-13*Pression =     2180.4    
 pression totale  potentiel = cinetique =
    2180.4        2178.8        1.6275    
 ----------valeurs moyennes------------
*temperature moyenne =       177.04
*pression moyenne =     2180.7    
 --------------------------------------


<<<<<<<<  ITERATION =     47  time =   0.4700000E-13


 --------- Temperatures et Pression--------
 ----------valeurs instantanees------------
        47 0.470E-13*Epot =    -15278.6978302      eV 
    *energie paire 2 corps =    -15315.9872678      eV 
    *energie pot coul recip =     37.2894376001      eV 
        47 0.470E-13*Ec =     16.2399094435      eV   (163.594 K)
        47 0.470E-13*Etot =    -15262.4579208      eV 

        47 0.470E-13*Temp instantanee = 163.594

*temp instantanee des atomes de type 1 =       131.81
*temp instantanee des atomes de type 2 =       227.16

 * stress en kbar 
1 sigma potentiel (1,1) (2,1) (3,1) =   2178.541359     -0.8518487933E-01 -0.5568986443E-01
2 sigma potentiel (1,2) (2,2) (3,2) = -0.8518487933E-01   2178.756741      0.7415348787E-01
3 sigma potentiel (1,3) (2,3) (3,3) = -0.5568986443E-01  0.7415348787E-01   2178.843577    

1 sigma cinetique (1,1) (2,1) (3,1) =   1.708080749     -0.5794653618E-01  0.4260762140E-01
2 sigma cinetique (1,2) (2,2) (3,2) = -0.5794653618E-01   1.498683495     -0.9803054240E-01
3 sigma cinetique (1,3) (2,3) (3,3) =  0.4260762140E-01 -0.9803054240E-01   1.766693755    

1 sigma total (1,1) (2,1) (3,1) =   2180.249439     -0.1431314155     -0.1308224303E-01
2 sigma total (1,2) (2,2) (3,2) = -0.1431314155       2180.255425     -0.2387705453E-01
3 sigma total (1,3) (2,3) (3,3) = -0.1308224303E-01 -0.2387705453E-01   2180.610271    

        47 0.470E-13*Pression =     2180.4    
 pression totale  potentiel = cinetique =
    2180.4        2178.7        1.6578    
 ----------valeurs moyennes------------
*temperature moyenne =       176.76
*pression moyenne =     2180.7    
 --------------------------------------


<<<<<<<<  ITERATION =     48  time =   0.4800000E-13


 --------- Temperatures et Pression--------
 ----------valeurs instantanees------------
        48 0.480E-13*Epot =    -15279.0042983      eV 
    *energie paire 2 corps =    -15316.2635995      eV 
    *energie pot coul recip =     37.2593011884      eV 
        48 0.480E-13*Ec =     16.5462174542      eV   (166.679 K)
        48 0.480E-13*Etot =    -15262.4580809      eV 

        48 0.480E-13*Temp instantanee = 166.679

*temp instantanee des atomes de type 1 =       135.01
*temp instantanee des atomes de type 2 =       230.02

 * stress en kbar 
1 sigma potentiel (1,1) (2,1) (3,1) =   2178.464082     -0.6814590493E-01 -0.4888103097E-01
2 sigma potentiel (1,2) (2,2) (3,2) = -0.6814590493E-01   2178.668648      0.7052072604E-01
3 sigma potentiel (1,3) (2,3) (3,3) = -0.4888103097E-01  0.7052072604E-01   2178.770120    

1 sigma cinetique (1,1) (2,1) (3,1) =   1.748399686     -0.6758937837E-01  0.4196287266E-01
2 sigma cinetique (1,2) (2,2) (3,2) = -0.6758937837E-01   1.527631223     -0.1030115447    
3 sigma cinetique (1,3) (2,3) (3,3) =  0.4196287266E-01 -0.1030115447       1.791233649    

1 sigma total (1,1) (2,1) (3,1) =   2180.212482     -0.1357352833     -0.6918158311E-02
2 sigma total (1,2) (2,2) (3,2) = -0.1357352833       2180.196279     -0.3249081863E-01
3 sigma total (1,3) (2,3) (3,3) = -0.6918158311E-02 -0.3249081863E-01   2180.561354    

        48 0.480E-13*Pression =     2180.3    
 pression totale  potentiel = cinetique =
    2180.3        2178.6        1.6891    
 ----------valeurs moyennes------------
*temperature moyenne =       176.55
*pression moyenne =     2180.7    
 --------------------------------------


<<<<<<<<  ITERATION =     49  time =   0.4900000E-13


 --------- Temperatures et Pression--------
 ----------valeurs instantanees------------
        49 0.490E-13*Epot =    -15279.3165349      eV 
    *energie paire 2 corps =    -15316.5274165      eV 
    *energie pot coul recip =     37.2108815346      eV 
        49 0.490E-13*Ec =     16.8582069523      eV   (169.822 K)
        49 0.490E-13*Etot =    -15262.4583280      eV 

        49 0.490E-13*Temp instantanee = 169.822

*temp instantanee des atomes de type 1 =       138.54
*temp instantanee des atomes de type 2 =       232.39

 * stress en kbar 
1 sigma potentiel (1,1) (2,1) (3,1) =   2178.387236     -0.5094884348E-01 -0.4218498781E-01
2 sigma potentiel (1,2) (2,2) (3,2) = -0.5094884348E-01   2178.595768      0.6822481210E-01
3 sigma potentiel (1,3) (2,3) (3,3) = -0.4218498781E-01  0.6822481210E-01   2178.706699    

1 sigma cinetique (1,1) (2,1) (3,1) =   1.788391794     -0.7771188328E-01  0.4121231471E-01
2 sigma cinetique (1,2) (2,2) (3,2) = -0.7771188328E-01   1.557772796     -0.1077911987    
3 sigma cinetique (1,3) (2,3) (3,3) =  0.4121231471E-01 -0.1077911987       1.816646477    

1 sigma total (1,1) (2,1) (3,1) =   2180.175628     -0.1286607268     -0.9726731048E-03
2 sigma total (1,2) (2,2) (3,2) = -0.1286607268       2180.153541     -0.3956638660E-01
3 sigma total (1,3) (2,3) (3,3) = -0.9726731048E-03 -0.3956638660E-01   2180.523345    

        49 0.490E-13*Pression =     2180.3    
 pression totale  potentiel = cinetique =
    2180.3        2178.6        1.7209    
 ----------valeurs moyennes------------
*temperature moyenne =       176.41
*pression moyenne =     2180.7    
 --------------------------------------


<<<<<<<<  ITERATION =     50  time =   0.5000000E-13


 --------- Temperatures et Pression--------
 ----------valeurs instantanees------------
        50 0.500E-13*Epot =    -15279.6299859      eV 
    *energie paire 2 corps =    -15316.7763461      eV 
    *energie pot coul recip =     37.1463601752      eV 
        50 0.500E-13*Ec =     17.1713480568      eV   (172.977 K)
        50 0.500E-13*Etot =    -15262.4586379      eV 

        50 0.500E-13*Temp instantanee = 172.977

*temp instantanee des atomes de type 1 =       142.34
*temp instantanee des atomes de type 2 =       234.25

 * stress en kbar 
1 sigma potentiel (1,1) (2,1) (3,1) =   2178.343652     -0.3615077270E-01 -0.3886541433E-01
2 sigma potentiel (1,2) (2,2) (3,2) = -0.3615077270E-01   2178.523825      0.6735128664E-01
3 sigma potentiel (1,3) (2,3) (3,3) = -0.3886541433E-01  0.6735128664E-01   2178.650102    

1 sigma cinetique (1,1) (2,1) (3,1) =   1.827498218     -0.8799307398E-01  0.4028246398E-01
2 sigma cinetique (1,2) (2,2) (3,2) = -0.8799307398E-01   1.588735465     -0.1122406146    
3 sigma cinetique (1,3) (2,3) (3,3) =  0.4028246398E-01 -0.1122406146       1.842476573    

1 sigma total (1,1) (2,1) (3,1) =   2180.171150     -0.1241438467      0.1417049650E-02
2 sigma total (1,2) (2,2) (3,2) = -0.1241438467       2180.112561     -0.4488932792E-01
3 sigma total (1,3) (2,3) (3,3) =  0.1417049650E-02 -0.4488932792E-01   2180.492579    

        50 0.500E-13*Pression =     2180.3    
 pression totale  potentiel = cinetique =
    2180.3        2178.5        1.7529    
 ----------valeurs moyennes------------
*temperature moyenne =       176.34
*pression moyenne =     2180.7    
 --------------------------------------


<<<<<<<<  ITERATION =     51  time =   0.5100000E-13


 --------- Temperatures et Pression--------
 ----------valeurs instantanees------------
        51 0.510E-13*Epot =    -15279.9393669      eV 
    *energie paire 2 corps =    -15317.0079661      eV 
    *energie pot coul recip =     37.0685991707      eV 
        51 0.510E-13*Ec =     17.4804418736      eV   (176.090 K)
        51 0.510E-13*Etot =    -15262.4589250      eV 

        51 0.510E-13*Temp instantanee = 176.090

*temp instantanee des atomes de type 1 =       146.37
*temp instantanee des atomes de type 2 =       235.53

 * stress en kbar 
1 sigma potentiel (1,1) (2,1) (3,1) =   2178.301599     -0.2579995759E-01 -0.3130580693E-01
2 sigma potentiel (1,2) (2,2) (3,2) = -0.2579995759E-01   2178.468263      0.6344934077E-01
3 sigma potentiel (1,3) (2,3) (3,3) = -0.3130580693E-01  0.6344934077E-01   2178.610961    

1 sigma cinetique (1,1) (2,1) (3,1) =   1.865108541     -0.9808794284E-01  0.3909526792E-01
2 sigma cinetique (1,2) (2,2) (3,2) = -0.9808794284E-01   1.620070594     -0.1162292113    
3 sigma cinetique (1,3) (2,3) (3,3) =  0.3909526792E-01 -0.1162292113       1.868190830    

1 sigma total (1,1) (2,1) (3,1) =   2180.166707     -0.1238879004      0.7789460997E-02
2 sigma total (1,2) (2,2) (3,2) = -0.1238879004       2180.088334     -0.5277987051E-01
3 sigma total (1,3) (2,3) (3,3) =  0.7789460997E-02 -0.5277987051E-01   2180.479152    

        51 0.510E-13*Pression =     2180.2    
 pression totale  potentiel = cinetique =
    2180.2        2178.5        1.7845    
 ----------valeurs moyennes------------
*temperature moyenne =       176.34
*pression moyenne =     2180.7    
 --------------------------------------


<<<<<<<<  ITERATION =     52  time =   0.5200000E-13


 --------- Temperatures et Pression--------
 ----------valeurs instantanees------------
        52 0.520E-13*Epot =    -15280.2388585      eV 
    *energie paire 2 corps =    -15317.2198568      eV 
    *energie pot coul recip =     36.9809983310      eV 
        52 0.520E-13*Ec =     17.7796424137      eV   (179.104 K)
        52 0.520E-13*Etot =    -15262.4592161      eV 

        52 0.520E-13*Temp instantanee = 179.104

*temp instantanee des atomes de type 1 =       150.58
*temp instantanee des atomes de type 2 =       236.15

 * stress en kbar 
1 sigma potentiel (1,1) (2,1) (3,1) =   2178.269705     -0.1335437096E-01 -0.2367276483E-01
2 sigma potentiel (1,2) (2,2) (3,2) = -0.1335437096E-01   2178.428849      0.6116412049E-01
3 sigma potentiel (1,3) (2,3) (3,3) = -0.2367276483E-01  0.6116412049E-01   2178.575169    

1 sigma cinetique (1,1) (2,1) (3,1) =   1.900569116     -0.1076673187      0.3757516575E-01
2 sigma cinetique (1,2) (2,2) (3,2) = -0.1076673187       1.651242436     -0.1196136272    
3 sigma cinetique (1,3) (2,3) (3,3) =  0.3757516575E-01 -0.1196136272       1.893188316    

1 sigma total (1,1) (2,1) (3,1) =   2180.170275     -0.1210216897      0.1390240093E-01
2 sigma total (1,2) (2,2) (3,2) = -0.1210216897       2180.080091     -0.5844950676E-01
3 sigma total (1,3) (2,3) (3,3) =  0.1390240093E-01 -0.5844950676E-01   2180.468357    

        52 0.520E-13*Pression =     2180.2    
 pression totale  potentiel = cinetique =
    2180.2        2178.4        1.8150    
 ----------valeurs moyennes------------
*temperature moyenne =       176.39
*pression moyenne =     2180.7    
 --------------------------------------


<<<<<<<<  ITERATION =     53  time =   0.5300000E-13


 --------- Temperatures et Pression--------
 ----------valeurs instantanees------------
        53 0.530E-13*Epot =    -15280.5224837      eV 
    *energie paire 2 corps =    -15317.4098119      eV 
    *energie pot coul recip =     36.8873281603      eV 
        53 0.530E-13*Ec =     18.0628374897      eV   (181.957 K)
        53 0.530E-13*Etot =    -15262.4596462      eV 

        53 0.530E-13*Temp instantanee = 181.957

*temp instantanee des atomes de type 1 =       154.91
*temp instantanee des atomes de type 2 =       236.05

 * stress en kbar 
1 sigma potentiel (1,1) (2,1) (3,1) =   2178.256866     -0.3481858004E-02 -0.1853672200E-01
2 sigma potentiel (1,2) (2,2) (3,2) = -0.3481858004E-02   2178.406919      0.5746870489E-01
3 sigma potentiel (1,3) (2,3) (3,3) = -0.1853672200E-01  0.5746870489E-01   2178.557808    

1 sigma cinetique (1,1) (2,1) (3,1) =   1.933215504     -0.1164126384      0.3567102558E-01
2 sigma cinetique (1,2) (2,2) (3,2) = -0.1164126384       1.681690711     -0.1222771323    
3 sigma cinetique (1,3) (2,3) (3,3) =  0.3567102558E-01 -0.1222771323       1.916821895    

1 sigma total (1,1) (2,1) (3,1) =   2180.190082     -0.1198944964      0.1713430358E-01
2 sigma total (1,2) (2,2) (3,2) = -0.1198944964       2180.088610     -0.6480842745E-01
3 sigma total (1,3) (2,3) (3,3) =  0.1713430358E-01 -0.6480842745E-01   2180.474630    

        53 0.530E-13*Pression =     2180.3    
 pression totale  potentiel = cinetique =
    2180.3        2178.4        1.8439    
 ----------valeurs moyennes------------
*temperature moyenne =       176.49
*pression moyenne =     2180.7    
 --------------------------------------


<<<<<<<<  ITERATION =     54  time =   0.5400000E-13


 --------- Temperatures et Pression--------
 ----------valeurs instantanees------------
        54 0.540E-13*Epot =    -15280.7840464      eV 
    *energie paire 2 corps =    -15317.5755998      eV 
    *energie pot coul recip =     36.7915533596      eV 
        54 0.540E-13*Ec =     18.3240619975      eV   (184.589 K)
        54 0.540E-13*Etot =    -15262.4599844      eV 

        54 0.540E-13*Temp instantanee = 184.589

*temp instantanee des atomes de type 1 =       159.31
*temp instantanee des atomes de type 2 =       235.15

 * stress en kbar 
1 sigma potentiel (1,1) (2,1) (3,1) =   2178.242660     -0.2156835729E-02 -0.1194817681E-01
2 sigma potentiel (1,2) (2,2) (3,2) = -0.2156835729E-02   2178.388625      0.4960084637E-01
3 sigma potentiel (1,3) (2,3) (3,3) = -0.1194817681E-01  0.4960084637E-01   2178.557865    

1 sigma cinetique (1,1) (2,1) (3,1) =   1.962436711     -0.1240220856      0.3334708069E-01
2 sigma cinetique (1,2) (2,2) (3,2) = -0.1240220856       1.710839393     -0.1241188979    
3 sigma cinetique (1,3) (2,3) (3,3) =  0.3334708069E-01 -0.1241188979       1.938451783    

1 sigma total (1,1) (2,1) (3,1) =   2180.205097     -0.1261789213      0.2139890388E-01
2 sigma total (1,2) (2,2) (3,2) = -0.1261789213       2180.099465     -0.7451805152E-01
3 sigma total (1,3) (2,3) (3,3) =  0.2139890388E-01 -0.7451805152E-01   2180.496317    

        54 0.540E-13*Pression =     2180.3    
 pression totale  potentiel = cinetique =
    2180.3        2178.4        1.8706    
 ----------valeurs moyennes------------
*temperature moyenne =       176.64
*pression moyenne =     2180.7    
 --------------------------------------


<<<<<<<<  ITERATION =     55  time =   0.5500000E-13


 --------- Temperatures et Pression--------
 ----------valeurs instantanees------------
        55 0.550E-13*Epot =    -15281.0178026      eV 
    *energie paire 2 corps =    -15317.7154516      eV 
    *energie pot coul recip =     36.6976489182      eV 
        55 0.550E-13*Ec =     18.5574227965      eV   (186.939 K)
        55 0.550E-13*Etot =    -15262.4603798      eV 

        55 0.550E-13*Temp instantanee = 186.939

*temp instantanee des atomes de type 1 =       163.72
*temp instantanee des atomes de type 2 =       233.38

 * stress en kbar 
1 sigma potentiel (1,1) (2,1) (3,1) =   2178.270363      0.2594702133E-02 -0.9425444832E-02
2 sigma potentiel (1,2) (2,2) (3,2) =  0.2594702133E-02   2178.391696      0.4096123998E-01
3 sigma potentiel (1,3) (2,3) (3,3) = -0.9425444832E-02  0.4096123998E-01   2178.574664    

1 sigma cinetique (1,1) (2,1) (3,1) =   1.987653888     -0.1302419157      0.3056710073E-01
2 sigma cinetique (1,2) (2,2) (3,2) = -0.1302419157       1.738086859     -0.1250649098    
3 sigma cinetique (1,3) (2,3) (3,3) =  0.3056710073E-01 -0.1250649098       1.957453680    

1 sigma total (1,1) (2,1) (3,1) =   2180.258017     -0.1276472136      0.2114165589E-01
2 sigma total (1,2) (2,2) (3,2) = -0.1276472136       2180.129783     -0.8410366980E-01
3 sigma total (1,3) (2,3) (3,3) =  0.2114165589E-01 -0.8410366980E-01   2180.532118    

        55 0.550E-13*Pression =     2180.3    
 pression totale  potentiel = cinetique =
    2180.3        2178.4        1.8944    
 ----------valeurs moyennes------------
*temperature moyenne =       176.83
*pression moyenne =     2180.7    
 --------------------------------------


<<<<<<<<  ITERATION =     56  time =   0.5600000E-13


 --------- Temperatures et Pression--------
 ----------valeurs instantanees------------
        56 0.560E-13*Epot =    -15281.2183037      eV 
    *energie paire 2 corps =    -15317.8277238      eV 
    *energie pot coul recip =     36.6094201058      eV 
        56 0.560E-13*Ec =     18.7576127951      eV   (188.956 K)
        56 0.560E-13*Etot =    -15262.4606909      eV 

        56 0.560E-13*Temp instantanee = 188.956

*temp instantanee des atomes de type 1 =       168.08
*temp instantanee des atomes de type 2 =       230.70

 * stress en kbar 
1 sigma potentiel (1,1) (2,1) (3,1) =   2178.297424      0.5997156236E-02 -0.4506046533E-02
2 sigma potentiel (1,2) (2,2) (3,2) =  0.5997156236E-02   2178.411612      0.3892605983E-01
3 sigma potentiel (1,3) (2,3) (3,3) = -0.4506046533E-02  0.3892605983E-01   2178.609971    

1 sigma cinetique (1,1) (2,1) (3,1) =   2.008346087     -0.1348528594      0.2731794858E-01
2 sigma cinetique (1,2) (2,2) (3,2) = -0.1348528594       1.762880111     -0.1250610069    
3 sigma cinetique (1,3) (2,3) (3,3) =  0.2731794858E-01 -0.1250610069       1.973276241    

1 sigma total (1,1) (2,1) (3,1) =   2180.305770     -0.1288557032      0.2281190204E-01
2 sigma total (1,2) (2,2) (3,2) = -0.1288557032       2180.174492     -0.8613494704E-01
3 sigma total (1,3) (2,3) (3,3) =  0.2281190204E-01 -0.8613494704E-01   2180.583247    

        56 0.560E-13*Pression =     2180.4    
 pression totale  potentiel = cinetique =
    2180.4        2178.4        1.9148    
 ----------valeurs moyennes------------
*temperature moyenne =       177.05
*pression moyenne =     2180.7    
 --------------------------------------


<<<<<<<<  ITERATION =     57  time =   0.5700000E-13


 --------- Temperatures et Pression--------
 ----------valeurs instantanees------------
        57 0.570E-13*Epot =    -15281.3809073      eV 
    *energie paire 2 corps =    -15317.9112387      eV 
    *energie pot coul recip =     36.5303313568      eV 
        57 0.570E-13*Ec =     18.9200676614      eV   (190.592 K)
        57 0.570E-13*Etot =    -15262.4608397      eV 

        57 0.570E-13*Temp instantanee = 190.592

*temp instantanee des atomes de type 1 =       172.36
*temp instantanee des atomes de type 2 =       227.05

 * stress en kbar 
1 sigma potentiel (1,1) (2,1) (3,1) =   2178.325013      0.3184813135E-02  0.7437946215E-03
2 sigma potentiel (1,2) (2,2) (3,2) =  0.3184813135E-02   2178.436032      0.2948193021E-01
3 sigma potentiel (1,3) (2,3) (3,3) =  0.7437946215E-03  0.2948193021E-01   2178.645454    

1 sigma cinetique (1,1) (2,1) (3,1) =   2.024097739     -0.1376960536      0.2360540231E-01
2 sigma cinetique (1,2) (2,2) (3,2) = -0.1376960536       1.784700129     -0.1240924604    
3 sigma cinetique (1,3) (2,3) (3,3) =  0.2360540231E-01 -0.1240924604       1.985456230    

1 sigma total (1,1) (2,1) (3,1) =   2180.349110     -0.1345112404      0.2434919693E-01
2 sigma total (1,2) (2,2) (3,2) = -0.1345112404       2180.220732     -0.9461053022E-01
3 sigma total (1,3) (2,3) (3,3) =  0.2434919693E-01 -0.9461053022E-01   2180.630910    

        57 0.570E-13*Pression =     2180.4    
 pression totale  potentiel = cinetique =
    2180.4        2178.5        1.9314    
 ----------valeurs moyennes------------
*temperature moyenne =       177.29
*pression moyenne =     2180.6    
 --------------------------------------


<<<<<<<<  ITERATION =     58  time =   0.5800000E-13


 --------- Temperatures et Pression--------
 ----------valeurs instantanees------------
        58 0.580E-13*Epot =    -15281.5020821      eV 
    *energie paire 2 corps =    -15317.9654436      eV 
    *energie pot coul recip =     36.4633614404      eV 
        58 0.580E-13*Ec =     19.0411316210      eV   (191.812 K)
        58 0.580E-13*Etot =    -15262.4609505      eV 

        58 0.580E-13*Temp instantanee = 191.812

*temp instantanee des atomes de type 1 =       176.50
*temp instantanee des atomes de type 2 =       222.43

 * stress en kbar 
1 sigma potentiel (1,1) (2,1) (3,1) =   2178.384007     -0.4788569402E-02  0.4208429185E-02
2 sigma potentiel (1,2) (2,2) (3,2) = -0.4788569402E-02   2178.482371      0.1803290500E-01
3 sigma potentiel (1,3) (2,3) (3,3) =  0.4208429185E-02  0.1803290500E-01   2178.700770    

1 sigma cinetique (1,1) (2,1) (3,1) =   2.034611315     -0.1386740685      0.1944941637E-01
2 sigma cinetique (1,2) (2,2) (3,2) = -0.1386740685       1.803089330     -0.1221716228    
3 sigma cinetique (1,3) (2,3) (3,3) =  0.1944941637E-01 -0.1221716228       1.993629184    

1 sigma total (1,1) (2,1) (3,1) =   2180.418618     -0.1434626379      0.2365784555E-01
2 sigma total (1,2) (2,2) (3,2) = -0.1434626379       2180.285460     -0.1041387178    
3 sigma total (1,3) (2,3) (3,3) =  0.2365784555E-01 -0.1041387178       2180.694399    

        58 0.580E-13*Pression =     2180.5    
 pression totale  potentiel = cinetique =
    2180.5        2178.5        1.9438    
 ----------valeurs moyennes------------
*temperature moyenne =       177.54
*pression moyenne =     2180.6    
 --------------------------------------


<<<<<<<<  ITERATION =     59  time =   0.5900000E-13


 --------- Temperatures et Pression--------
 ----------valeurs instantanees------------
        59 0.590E-13*Epot =    -15281.5792508      eV 
    *energie paire 2 corps =    -15317.9901248      eV 
    *energie pot coul recip =     36.4108740565      eV 
        59 0.590E-13*Ec =     19.1182793156      eV   (192.589 K)
        59 0.590E-13*Etot =    -15262.4609715      eV 

        59 0.590E-13*Temp instantanee = 192.589

*temp instantanee des atomes de type 1 =       180.46
*temp instantanee des atomes de type 2 =       216.84

 * stress en kbar 
1 sigma potentiel (1,1) (2,1) (3,1) =   2178.451105     -0.1349764231E-01  0.4316945281E-02
2 sigma potentiel (1,2) (2,2) (3,2) = -0.1349764231E-01   2178.529098      0.6417622792E-02
3 sigma potentiel (1,3) (2,3) (3,3) =  0.4316945281E-02  0.6417622792E-02   2178.775372    

1 sigma cinetique (1,1) (2,1) (3,1) =   2.039709444     -0.1377422810      0.1489584911E-01
2 sigma cinetique (1,2) (2,2) (3,2) = -0.1377422810       1.817687233     -0.1193350533    
3 sigma cinetique (1,3) (2,3) (3,3) =  0.1489584911E-01 -0.1193350533       1.997559565    

1 sigma total (1,1) (2,1) (3,1) =   2180.490814     -0.1512399233      0.1921279439E-01
2 sigma total (1,2) (2,2) (3,2) = -0.1512399233       2180.346785     -0.1129174305    
3 sigma total (1,3) (2,3) (3,3) =  0.1921279439E-01 -0.1129174305       2180.772931    

        59 0.590E-13*Pression =     2180.5    
 pression totale  potentiel = cinetique =
    2180.5        2178.6        1.9517    
 ----------valeurs moyennes------------
*temperature moyenne =       177.79
*pression moyenne =     2180.6    
 --------------------------------------


<<<<<<<<  ITERATION =     60  time =   0.6000000E-13


 --------- Temperatures et Pression--------
 ----------valeurs instantanees------------
        60 0.600E-13*Epot =    -15281.6112938      eV 
    *energie paire 2 corps =    -15317.9858258      eV 
    *energie pot coul recip =     36.3745319581      eV 
        60 0.600E-13*Ec =     19.1503177463      eV   (192.912 K)
        60 0.600E-13*Etot =    -15262.4609761      eV 

        60 0.600E-13*Temp instantanee = 192.912

*temp instantanee des atomes de type 1 =       184.21
*temp instantanee des atomes de type 2 =       210.31

 * stress en kbar 
1 sigma potentiel (1,1) (2,1) (3,1) =   2178.523483     -0.2445881089E-01  0.4364511646E-02
2 sigma potentiel (1,2) (2,2) (3,2) = -0.2445881089E-01   2178.618666     -0.7622735524E-02
3 sigma potentiel (1,3) (2,3) (3,3) =  0.4364511646E-02 -0.7622735524E-02   2178.868219    

1 sigma cinetique (1,1) (2,1) (3,1) =   2.039356007     -0.1349257589      0.1001459313E-01
2 sigma cinetique (1,2) (2,2) (3,2) = -0.1349257589       1.828240691     -0.1156624407    
3 sigma cinetique (1,3) (2,3) (3,3) =  0.1001459313E-01 -0.1156624407       1.997171287    

1 sigma total (1,1) (2,1) (3,1) =   2180.562839     -0.1593845697      0.1437910477E-01
2 sigma total (1,2) (2,2) (3,2) = -0.1593845697       2180.446906     -0.1232851763    
3 sigma total (1,3) (2,3) (3,3) =  0.1437910477E-01 -0.1232851763       2180.865390    

        60 0.600E-13*Pression =     2180.6    
 pression totale  potentiel = cinetique =
    2180.6        2178.7        1.9549    
 ----------valeurs moyennes------------
*temperature moyenne =       178.04
*pression moyenne =     2180.6    
 --------------------------------------


<<<<<<<<  ITERATION =     61  time =   0.6100000E-13


 --------- Temperatures et Pression--------
 ----------valeurs instantanees------------
        61 0.610E-13*Epot =    -15281.5983345      eV 
    *energie paire 2 corps =    -15317.9535677      eV 
    *energie pot coul recip =     36.3552331380      eV 
        61 0.610E-13*Ec =     19.1375250403      eV   (192.783 K)
        61 0.610E-13*Etot =    -15262.4608095      eV 

        61 0.610E-13*Temp instantanee = 192.783

*temp instantanee des atomes de type 1 =       187.72
*temp instantanee des atomes de type 2 =       202.91

 * stress en kbar 
1 sigma potentiel (1,1) (2,1) (3,1) =   2178.615668     -0.4129946735E-01  0.7346659007E-02
2 sigma potentiel (1,2) (2,2) (3,2) = -0.4129946735E-01   2178.702792     -0.2021813060E-01
3 sigma potentiel (1,3) (2,3) (3,3) =  0.7346659007E-02 -0.2021813060E-01   2178.966171    

1 sigma cinetique (1,1) (2,1) (3,1) =   2.033667841     -0.1303050662      0.4891901629E-02
2 sigma cinetique (1,2) (2,2) (3,2) = -0.1303050662       1.834625476     -0.1112517580    
3 sigma cinetique (1,3) (2,3) (3,3) =  0.4891901629E-02 -0.1112517580       1.992556913    

1 sigma total (1,1) (2,1) (3,1) =   2180.649336     -0.1716045335      0.1223856064E-01
2 sigma total (1,2) (2,2) (3,2) = -0.1716045335       2180.537418     -0.1314698886    
3 sigma total (1,3) (2,3) (3,3) =  0.1223856064E-01 -0.1314698886       2180.958728    

        61 0.610E-13*Pression =     2180.7    
 pression totale  potentiel = cinetique =
    2180.7        2178.8        1.9536    
 ----------valeurs moyennes------------
*temperature moyenne =       178.28
*pression moyenne =     2180.6    
 --------------------------------------


<<<<<<<<  ITERATION =     62  time =   0.6200000E-13


 --------- Temperatures et Pression--------
 ----------valeurs instantanees------------
        62 0.620E-13*Epot =    -15281.5420571      eV 
    *energie paire 2 corps =    -15317.8951493      eV 
    *energie pot coul recip =     36.3530921883      eV 
        62 0.620E-13*Ec =     19.0814181717      eV   (192.218 K)
        62 0.620E-13*Etot =    -15262.4606390      eV 

        62 0.620E-13*Temp instantanee = 192.218

*temp instantanee des atomes de type 1 =       190.96
*temp instantanee des atomes de type 2 =       194.73

 * stress en kbar 
1 sigma potentiel (1,1) (2,1) (3,1) =   2178.723772     -0.5824740761E-01  0.5512139159E-02
2 sigma potentiel (1,2) (2,2) (3,2) = -0.5824740761E-01   2178.821069     -0.3275025011E-01
3 sigma potentiel (1,3) (2,3) (3,3) =  0.5512139159E-02 -0.3275025011E-01   2179.082532    

1 sigma cinetique (1,1) (2,1) (3,1) =   2.022909689     -0.1240252087     -0.3702226818E-03
2 sigma cinetique (1,2) (2,2) (3,2) = -0.1240252087       1.836820082     -0.1062320613    
3 sigma cinetique (1,3) (2,3) (3,3) = -0.3702226818E-03 -0.1062320613       1.983937779    

1 sigma total (1,1) (2,1) (3,1) =   2180.746682     -0.1822726163      0.5141916477E-02
2 sigma total (1,2) (2,2) (3,2) = -0.1822726163       2180.657889     -0.1389823114    
3 sigma total (1,3) (2,3) (3,3) =  0.5141916477E-02 -0.1389823114       2181.066470    

        62 0.620E-13*Pression =     2180.8    
 pression totale  potentiel = cinetique =
    2180.8        2178.9        1.9479    
 ----------valeurs moyennes------------
*temperature moyenne =       178.51
*pression moyenne =     2180.6    
 --------------------------------------


<<<<<<<<  ITERATION =     63  time =   0.6300000E-13


 --------- Temperatures et Pression--------
 ----------valeurs instantanees------------
        63 0.630E-13*Epot =    -15281.4453321      eV 
    *energie paire 2 corps =    -15317.8127839      eV 
    *energie pot coul recip =     36.3674518042      eV 
        63 0.630E-13*Ec =     18.9850100294      eV   (191.247 K)
        63 0.630E-13*Etot =    -15262.4603220      eV 

        63 0.630E-13*Temp instantanee = 191.247

*temp instantanee des atomes de type 1 =       193.92
*temp instantanee des atomes de type 2 =       185.89

 * stress en kbar 
1 sigma potentiel (1,1) (2,1) (3,1) =   2178.838975     -0.8240328219E-01 -0.8737604553E-04
2 sigma potentiel (1,2) (2,2) (3,2) = -0.8240328219E-01   2178.913621     -0.4950863952E-01
3 sigma potentiel (1,3) (2,3) (3,3) = -0.8737604553E-04 -0.4950863952E-01   2179.218840    

1 sigma cinetique (1,1) (2,1) (3,1) =   2.007498557     -0.1162907397     -0.5654335622E-02
2 sigma cinetique (1,2) (2,2) (3,2) = -0.1162907397       1.834936321     -0.1007580016    
3 sigma cinetique (1,3) (2,3) (3,3) = -0.5654335622E-02 -0.1007580016       1.971707763    

1 sigma total (1,1) (2,1) (3,1) =   2180.846473     -0.1986940219     -0.5741711667E-02
2 sigma total (1,2) (2,2) (3,2) = -0.1986940219       2180.748557     -0.1502666411    
3 sigma total (1,3) (2,3) (3,3) = -0.5741711667E-02 -0.1502666411       2181.190548    

        63 0.630E-13*Pression =     2180.9    
 pression totale  potentiel = cinetique =
    2180.9        2179.0        1.9380    
 ----------valeurs moyennes------------
*temperature moyenne =       178.71
*pression moyenne =     2180.7    
 --------------------------------------


<<<<<<<<  ITERATION =     64  time =   0.6400000E-13


 --------- Temperatures et Pression--------
 ----------valeurs instantanees------------
        64 0.640E-13*Epot =    -15281.3125366      eV 
    *energie paire 2 corps =    -15317.7094730      eV 
    *energie pot coul recip =     36.3969364342      eV 
        64 0.640E-13*Ec =     18.8525929252      eV   (189.913 K)
        64 0.640E-13*Etot =    -15262.4599436      eV 

        64 0.640E-13*Temp instantanee = 189.913

*temp instantanee des atomes de type 1 =       196.60
*temp instantanee des atomes de type 2 =       176.54

 * stress en kbar 
1 sigma potentiel (1,1) (2,1) (3,1) =   2178.970571     -0.1020415216     -0.4871738456E-02
2 sigma potentiel (1,2) (2,2) (3,2) = -0.1020415216       2179.039008     -0.6046548652E-01
3 sigma potentiel (1,3) (2,3) (3,3) = -0.4871738456E-02 -0.6046548652E-01   2179.344900    

1 sigma cinetique (1,1) (2,1) (3,1) =   1.987967744     -0.1073350249     -0.1082721949E-01
2 sigma cinetique (1,2) (2,2) (3,2) = -0.1073350249       1.829218169     -0.9499316021E-01
3 sigma cinetique (1,3) (2,3) (3,3) = -0.1082721949E-01 -0.9499316021E-01   1.956404107    

1 sigma total (1,1) (2,1) (3,1) =   2180.958538     -0.2093765465     -0.1569895794E-01
2 sigma total (1,2) (2,2) (3,2) = -0.2093765465       2180.868226     -0.1554586467    
3 sigma total (1,3) (2,3) (3,3) = -0.1569895794E-01 -0.1554586467       2181.301304    

        64 0.640E-13*Pression =     2181.0    
 pression totale  potentiel = cinetique =
    2181.0        2179.1        1.9245    
 ----------valeurs moyennes------------
*temperature moyenne =       178.89
*pression moyenne =     2180.7    
 --------------------------------------


<<<<<<<<  ITERATION =     65  time =   0.6500000E-13


 --------- Temperatures et Pression--------
 ----------valeurs instantanees------------
        65 0.650E-13*Epot =    -15281.1490693      eV 
    *energie paire 2 corps =    -15317.5885997      eV 
    *energie pot coul recip =     36.4395303705      eV 
        65 0.650E-13*Ec =     18.6895131180      eV   (188.270 K)
        65 0.650E-13*Etot =    -15262.4595562      eV 

        65 0.650E-13*Temp instantanee = 188.270

*temp instantanee des atomes de type 1 =       198.98
*temp instantanee des atomes de type 2 =       166.85

 * stress en kbar 
1 sigma potentiel (1,1) (2,1) (3,1) =   2179.103568     -0.1272305055     -0.1048231524E-01
2 sigma potentiel (1,2) (2,2) (3,2) = -0.1272305055       2179.152871     -0.7566034308E-01
3 sigma potentiel (1,3) (2,3) (3,3) = -0.1048231524E-01 -0.7566034308E-01   2179.485252    

1 sigma cinetique (1,1) (2,1) (3,1) =   1.964957091     -0.9743270786E-01 -0.1576783963E-01
2 sigma cinetique (1,2) (2,2) (3,2) = -0.9743270786E-01   1.820024823     -0.8911575312E-01
3 sigma cinetique (1,3) (2,3) (3,3) = -0.1576783963E-01 -0.8911575312E-01   1.938665058    

1 sigma total (1,1) (2,1) (3,1) =   2181.068525     -0.2246632134     -0.2625015487E-01
2 sigma total (1,2) (2,2) (3,2) = -0.2246632134       2180.972896     -0.1647760962    
3 sigma total (1,3) (2,3) (3,3) = -0.2625015487E-01 -0.1647760962       2181.423917    

        65 0.650E-13*Pression =     2181.2    
 pression totale  potentiel = cinetique =
    2181.2        2179.2        1.9079    
 ----------valeurs moyennes------------
*temperature moyenne =       179.03
*pression moyenne =     2180.7    
 --------------------------------------


<<<<<<<<  ITERATION =     66  time =   0.6600000E-13


 --------- Temperatures et Pression--------
 ----------valeurs instantanees------------
        66 0.660E-13*Epot =    -15280.9614251      eV 
    *energie paire 2 corps =    -15317.4541162      eV 
    *energie pot coul recip =     36.4926910750      eV 
        66 0.660E-13*Ec =     18.5022829380      eV   (186.384 K)
        66 0.660E-13*Etot =    -15262.4591422      eV 

        66 0.660E-13*Temp instantanee = 186.384

*temp instantanee des atomes de type 1 =       201.08
*temp instantanee des atomes de type 2 =       157.00

 * stress en kbar 
1 sigma potentiel (1,1) (2,1) (3,1) =   2179.218001     -0.1476030696     -0.2178830425E-01
2 sigma potentiel (1,2) (2,2) (3,2) = -0.1476030696       2179.281711     -0.9343978230E-01
3 sigma potentiel (1,3) (2,3) (3,3) = -0.2178830425E-01 -0.9343978230E-01   2179.636914    

1 sigma cinetique (1,1) (2,1) (3,1) =   1.939229536     -0.8687958541E-01 -0.2034669042E-01
2 sigma cinetique (1,2) (2,2) (3,2) = -0.8687958541E-01   1.807838866     -0.8331262036E-01
3 sigma cinetique (1,3) (2,3) (3,3) = -0.2034669042E-01 -0.8331262036E-01   1.919239491    

1 sigma total (1,1) (2,1) (3,1) =   2181.157231     -0.2344826550     -0.4213499468E-01
2 sigma total (1,2) (2,2) (3,2) = -0.2344826550       2181.089550     -0.1767524027    
3 sigma total (1,3) (2,3) (3,3) = -0.4213499468E-01 -0.1767524027       2181.556154    

        66 0.660E-13*Pression =     2181.3    
 pression totale  potentiel = cinetique =
    2181.3        2179.4        1.8888    
 ----------valeurs moyennes------------
*temperature moyenne =       179.14
*pression moyenne =     2180.7    
 --------------------------------------


<<<<<<<<  ITERATION =     67  time =   0.6700000E-13


 --------- Temperatures et Pression--------
 ----------valeurs instantanees------------
        67 0.670E-13*Epot =    -15280.7567599      eV 
    *energie paire 2 corps =    -15317.3102414      eV 
    *energie pot coul recip =     36.5534814909      eV 
        67 0.670E-13*Ec =     18.2981087390      eV   (184.327 K)
        67 0.670E-13*Etot =    -15262.4586512      eV 

        67 0.670E-13*Temp instantanee = 184.327

*temp instantanee des atomes de type 1 =       202.89
*temp instantanee des atomes de type 2 =       147.20

 * stress en kbar 
1 sigma potentiel (1,1) (2,1) (3,1) =   2179.352032     -0.1745569320     -0.2845421002E-01
2 sigma potentiel (1,2) (2,2) (3,2) = -0.1745569320       2179.409924     -0.1013594566    
3 sigma potentiel (1,3) (2,3) (3,3) = -0.2845421002E-01 -0.1013594566       2179.792359    

1 sigma cinetique (1,1) (2,1) (3,1) =   1.911616767     -0.7598996181E-01 -0.2442314684E-01
2 sigma cinetique (1,2) (2,2) (3,2) = -0.7598996181E-01   1.793225294     -0.7777023532E-01
3 sigma cinetique (1,3) (2,3) (3,3) = -0.2442314684E-01 -0.7777023532E-01   1.898937663    

1 sigma total (1,1) (2,1) (3,1) =   2181.263648     -0.2505468938     -0.5287735686E-01
2 sigma total (1,2) (2,2) (3,2) = -0.2505468938       2181.203149     -0.1791296919    
3 sigma total (1,3) (2,3) (3,3) = -0.5287735686E-01 -0.1791296919       2181.691297    

        67 0.670E-13*Pression =     2181.4    
 pression totale  potentiel = cinetique =
    2181.4        2179.5        1.8679    
 ----------valeurs moyennes------------
*temperature moyenne =       179.22
*pression moyenne =     2180.7    
 --------------------------------------


<<<<<<<<  ITERATION =     68  time =   0.6800000E-13


 --------- Temperatures et Pression--------
 ----------valeurs instantanees------------
        68 0.680E-13*Epot =    -15280.5427585      eV 
    *energie paire 2 corps =    -15317.1614741      eV 
    *energie pot coul recip =     36.6187156326      eV 
        68 0.680E-13*Ec =     18.0845530519      eV   (182.176 K)
        68 0.680E-13*Etot =    -15262.4582054      eV 

        68 0.680E-13*Temp instantanee = 182.176

*temp instantanee des atomes de type 1 =       204.44
*temp instantanee des atomes de type 2 =       137.66

 * stress en kbar 
1 sigma potentiel (1,1) (2,1) (3,1) =   2179.493160     -0.1974728905     -0.3750109142E-01
2 sigma potentiel (1,2) (2,2) (3,2) = -0.1974728905       2179.539880     -0.1166278540    
3 sigma potentiel (1,3) (2,3) (3,3) = -0.3750109142E-01 -0.1166278540       2179.932865    

1 sigma cinetique (1,1) (2,1) (3,1) =   1.882977676     -0.6507849639E-01 -0.2787927031E-01
2 sigma cinetique (1,2) (2,2) (3,2) = -0.6507849639E-01   1.776803536     -0.7265362853E-01
3 sigma cinetique (1,3) (2,3) (3,3) = -0.2787927031E-01 -0.7265362853E-01   1.878597270    

1 sigma total (1,1) (2,1) (3,1) =   2181.376137     -0.2625513869     -0.6538036173E-01
2 sigma total (1,2) (2,2) (3,2) = -0.2625513869       2181.316684     -0.1892814825    
3 sigma total (1,3) (2,3) (3,3) = -0.6538036173E-01 -0.1892814825       2181.811462    

        68 0.680E-13*Pression =     2181.5    
 pression totale  potentiel = cinetique =
    2181.5        2179.7        1.8461    
 ----------valeurs moyennes------------
*temperature moyenne =       179.26
*pression moyenne =     2180.7    
 --------------------------------------


<<<<<<<<  ITERATION =     69  time =   0.6900000E-13


 --------- Temperatures et Pression--------
 ----------valeurs instantanees------------
        69 0.690E-13*Epot =    -15280.3273150      eV 
    *energie paire 2 corps =    -15317.0124306      eV 
    *energie pot coul recip =     36.6851155307      eV 
        69 0.690E-13*Ec =     17.8695679354      eV   (180.010 K)
        69 0.690E-13*Etot =    -15262.4577471      eV 

        69 0.690E-13*Temp instantanee = 180.010

*temp instantanee des atomes de type 1 =       205.73
*temp instantanee des atomes de type 2 =       128.57

 * stress en kbar 
1 sigma potentiel (1,1) (2,1) (3,1) =   2179.629088     -0.2250028234     -0.5066427020E-01
2 sigma potentiel (1,2) (2,2) (3,2) = -0.2250028234       2179.664307     -0.1300077267    
3 sigma potentiel (1,3) (2,3) (3,3) = -0.5066427020E-01 -0.1300077267       2180.084297    

1 sigma cinetique (1,1) (2,1) (3,1) =   1.854202879     -0.5445016063E-01 -0.3061571621E-01
2 sigma cinetique (1,2) (2,2) (3,2) = -0.5445016063E-01   1.759266731     -0.6811683418E-01
3 sigma cinetique (1,3) (2,3) (3,3) = -0.3061571621E-01 -0.6811683418E-01   1.859069871    

1 sigma total (1,1) (2,1) (3,1) =   2181.483291     -0.2794529841     -0.8127998640E-01
2 sigma total (1,2) (2,2) (3,2) = -0.2794529841       2181.423574     -0.1981245609    
3 sigma total (1,3) (2,3) (3,3) = -0.8127998640E-01 -0.1981245609       2181.943367    

        69 0.690E-13*Pression =     2181.6    
 pression totale  potentiel = cinetique =
    2181.6        2179.8        1.8242    
 ----------valeurs moyennes------------
*temperature moyenne =       179.27
*pression moyenne =     2180.7    
 --------------------------------------


<<<<<<<<  ITERATION =     70  time =   0.7000000E-13


 --------- Temperatures et Pression--------
 ----------valeurs instantanees------------
        70 0.700E-13*Epot =    -15280.1182495      eV 
    *energie paire 2 corps =    -15316.8677190      eV 
    *energie pot coul recip =     36.7494694724      eV 
        70 0.700E-13*Ec =     17.6609751507      eV   (177.909 K)
        70 0.700E-13*Etot =    -15262.4572744      eV 

        70 0.700E-13*Temp instantanee = 177.909

*temp instantanee des atomes de type 1 =       206.79
*temp instantanee des atomes de type 2 =       120.15

 * stress en kbar 
1 sigma potentiel (1,1) (2,1) (3,1) =   2179.751690     -0.2485190680     -0.6425495051E-01
2 sigma potentiel (1,2) (2,2) (3,2) = -0.2485190680       2179.782246     -0.1375055214    
3 sigma potentiel (1,3) (2,3) (3,3) = -0.6425495051E-01 -0.1375055214       2180.235638    

1 sigma cinetique (1,1) (2,1) (3,1) =   1.826175264     -0.4438287712E-01 -0.3255585382E-01
2 sigma cinetique (1,2) (2,2) (3,2) = -0.4438287712E-01   1.741325835     -0.6430022950E-01
3 sigma cinetique (1,3) (2,3) (3,3) = -0.3255585382E-01 -0.6430022950E-01   1.841157024    

1 sigma total (1,1) (2,1) (3,1) =   2181.577865     -0.2929019451     -0.9681080433E-01
2 sigma total (1,2) (2,2) (3,2) = -0.2929019451       2181.523571     -0.2018057509    
3 sigma total (1,3) (2,3) (3,3) = -0.9681080433E-01 -0.2018057509       2182.076795    

        70 0.700E-13*Pression =     2181.7    
 pression totale  potentiel = cinetique =
    2181.7        2179.9        1.8029    
 ----------valeurs moyennes------------
*temperature moyenne =       179.25
*pression moyenne =     2180.7    
 --------------------------------------


<<<<<<<<  ITERATION =     71  time =   0.7100000E-13


 --------- Temperatures et Pression--------
 ----------valeurs instantanees------------
        71 0.710E-13*Epot =    -15279.9230567      eV 
    *energie paire 2 corps =    -15316.7318293      eV 
    *energie pot coul recip =     36.8087726284      eV 
        71 0.710E-13*Ec =     17.4661882509      eV   (175.947 K)
        71 0.710E-13*Etot =    -15262.4568684      eV 

        71 0.710E-13*Temp instantanee = 175.947

*temp instantanee des atomes de type 1 =       207.64
*temp instantanee des atomes de type 2 =       112.57

 * stress en kbar 
1 sigma potentiel (1,1) (2,1) (3,1) =   2179.878667     -0.2715376457     -0.7915950586E-01
2 sigma potentiel (1,2) (2,2) (3,2) = -0.2715376457       2179.897524     -0.1507298767    
3 sigma potentiel (1,3) (2,3) (3,3) = -0.7915950586E-01 -0.1507298767       2180.362291    

1 sigma cinetique (1,1) (2,1) (3,1) =   1.799717313     -0.3512199160E-01 -0.3363212394E-01
2 sigma cinetique (1,2) (2,2) (3,2) = -0.3512199160E-01   1.723683949     -0.6130799052E-01
3 sigma cinetique (1,3) (2,3) (3,3) = -0.3363212394E-01 -0.6130799052E-01   1.825603543    

1 sigma total (1,1) (2,1) (3,1) =   2181.678384     -0.3066596374     -0.1127916298    
2 sigma total (1,2) (2,2) (3,2) = -0.3066596374       2181.621208     -0.2120378672    
3 sigma total (1,3) (2,3) (3,3) = -0.1127916298     -0.2120378672       2182.187894    

        71 0.710E-13*Pression =     2181.8    
 pression totale  potentiel = cinetique =
    2181.8        2180.0        1.7830    
 ----------valeurs moyennes------------
*temperature moyenne =       179.21
*pression moyenne =     2180.7    
 --------------------------------------


<<<<<<<<  ITERATION =     72  time =   0.7200000E-13


 --------- Temperatures et Pression--------
 ----------valeurs instantanees------------
        72 0.720E-13*Epot =    -15279.7486066      eV 
    *energie paire 2 corps =    -15316.6089775      eV 
    *energie pot coul recip =     36.8603708925      eV 
        72 0.720E-13*Ec =     17.2921296038      eV   (174.193 K)
        72 0.720E-13*Etot =    -15262.4564770      eV 

        72 0.720E-13*Temp instantanee = 174.193

*temp instantanee des atomes de type 1 =       208.29
*temp instantanee des atomes de type 2 =       106.00

 * stress en kbar 
1 sigma potentiel (1,1) (2,1) (3,1) =   2179.982527     -0.2923822926     -0.9534410890E-01
2 sigma potentiel (1,2) (2,2) (3,2) = -0.2923822926       2180.005149     -0.1571680915    
3 sigma potentiel (1,3) (2,3) (3,3) = -0.9534410890E-01 -0.1571680915       2180.502009    

1 sigma cinetique (1,1) (2,1) (3,1) =   1.775589607     -0.2687751568E-01 -0.3381246658E-01
2 sigma cinetique (1,2) (2,2) (3,2) = -0.2687751568E-01   1.707036857     -0.5921718772E-01
3 sigma cinetique (1,3) (2,3) (3,3) = -0.3381246658E-01 -0.5921718772E-01   1.813073035    

1 sigma total (1,1) (2,1) (3,1) =   2181.758116     -0.3192598083     -0.1291565755    
2 sigma total (1,2) (2,2) (3,2) = -0.3192598083       2181.712186     -0.2163852792    
3 sigma total (1,3) (2,3) (3,3) = -0.1291565755     -0.2163852792       2182.315082    

        72 0.720E-13*Pression =     2181.9    
 pression totale  potentiel = cinetique =
    2181.9        2180.2        1.7652    
 ----------valeurs moyennes------------
*temperature moyenne =       179.14
*pression moyenne =     2180.8    
 --------------------------------------


<<<<<<<<  ITERATION =     73  time =   0.7300000E-13


 --------- Temperatures et Pression--------
 ----------valeurs instantanees------------
        73 0.730E-13*Epot =    -15279.6009541      eV 
    *energie paire 2 corps =    -15316.5030324      eV 
    *energie pot coul recip =     36.9020783653      eV 
        73 0.730E-13*Ec =     17.1448221640      eV   (172.709 K)
        73 0.730E-13*Etot =    -15262.4561319      eV 

        73 0.730E-13*Temp instantanee = 172.709

*temp instantanee des atomes de type 1 =       208.77
*temp instantanee des atomes de type 2 =       100.60

 * stress en kbar 
1 sigma potentiel (1,1) (2,1) (3,1) =   2180.084587     -0.3056210381     -0.1105663474    
2 sigma potentiel (1,2) (2,2) (3,2) = -0.3056210381       2180.099836     -0.1655768274    
3 sigma potentiel (1,3) (2,3) (3,3) = -0.1105663474     -0.1655768274       2180.616742    

1 sigma cinetique (1,1) (2,1) (3,1) =   1.754475724     -0.1981558551E-01 -0.3309721124E-01
2 sigma cinetique (1,2) (2,2) (3,2) = -0.1981558551E-01   1.692021001     -0.5807393242E-01
3 sigma cinetique (1,3) (2,3) (3,3) = -0.3309721124E-01 -0.5807393242E-01   1.804089999    

1 sigma total (1,1) (2,1) (3,1) =   2181.839063     -0.3254366236     -0.1436635586    
2 sigma total (1,2) (2,2) (3,2) = -0.3254366236       2181.791857     -0.2236507598    
3 sigma total (1,3) (2,3) (3,3) = -0.1436635586     -0.2236507598       2182.420832    

        73 0.730E-13*Pression =     2182.0    
 pression totale  potentiel = cinetique =
    2182.0        2180.3        1.7502    
 ----------valeurs moyennes------------
*temperature moyenne =       179.05
*pression moyenne =     2180.8    
 --------------------------------------


<<<<<<<<  ITERATION =     74  time =   0.7400000E-13


 --------- Temperatures et Pression--------
 ----------valeurs instantanees------------
        74 0.740E-13*Epot =    -15279.4850886      eV 
    *energie paire 2 corps =    -15316.4173498      eV 
    *energie pot coul recip =     36.9322611780      eV 
        74 0.740E-13*Ec =     17.0291740830      eV   (171.544 K)
        74 0.740E-13*Etot =    -15262.4559145      eV 

        74 0.740E-13*Temp instantanee = 171.544

*temp instantanee des atomes de type 1 =       209.09
*temp instantanee des atomes de type 2 =        96.45

 * stress en kbar 
1 sigma potentiel (1,1) (2,1) (3,1) =   2180.181019     -0.3182846650     -0.1281838508    
2 sigma potentiel (1,2) (2,2) (3,2) = -0.3182846650       2180.187706     -0.1686581520    
3 sigma potentiel (1,3) (2,3) (3,3) = -0.1281838508     -0.1686581520       2180.723021    

1 sigma cinetique (1,1) (2,1) (3,1) =   1.736945147     -0.1406231892E-01 -0.3151393141E-01
2 sigma cinetique (1,2) (2,2) (3,2) = -0.1406231892E-01   1.679183102     -0.5788255265E-01
3 sigma cinetique (1,3) (2,3) (3,3) = -0.3151393141E-01 -0.5788255265E-01   1.799041352    

1 sigma total (1,1) (2,1) (3,1) =   2181.917964     -0.3323469839     -0.1596977823    
2 sigma total (1,2) (2,2) (3,2) = -0.3323469839       2181.866889     -0.2265407046    
3 sigma total (1,3) (2,3) (3,3) = -0.1596977823     -0.2265407046       2182.522062    

        74 0.740E-13*Pression =     2182.1    
 pression totale  potentiel = cinetique =
    2182.1        2180.4        1.7384    
 ----------valeurs moyennes------------
*temperature moyenne =       178.95
*pression moyenne =     2180.8    
 --------------------------------------


<<<<<<<<  ITERATION =     75  time =   0.7500000E-13


 --------- Temperatures et Pression--------
 ----------valeurs instantanees------------
        75 0.750E-13*Epot =    -15279.4047888      eV 
    *energie paire 2 corps =    -15316.3546929      eV 
    *energie pot coul recip =     36.9499040362      eV 
        75 0.750E-13*Ec =     16.9490036035      eV   (170.737 K)
        75 0.750E-13*Etot =    -15262.4557852      eV 

        75 0.750E-13*Temp instantanee = 170.737

*temp instantanee des atomes de type 1 =       209.28
*temp instantanee des atomes de type 2 =        93.66

 * stress en kbar 
1 sigma potentiel (1,1) (2,1) (3,1) =   2180.259011     -0.3346478435     -0.1476741174    
2 sigma potentiel (1,2) (2,2) (3,2) = -0.3346478435       2180.255409     -0.1725382033    
3 sigma potentiel (1,3) (2,3) (3,3) = -0.1476741174     -0.1725382033       2180.815220    

1 sigma cinetique (1,1) (2,1) (3,1) =   1.723446613     -0.9683580713E-02 -0.2912159795E-01
2 sigma cinetique (1,2) (2,2) (3,2) = -0.9683580713E-02   1.668990763     -0.5860798585E-01
3 sigma cinetique (1,3) (2,3) (3,3) = -0.2912159795E-01 -0.5860798585E-01   1.798180086    

1 sigma total (1,1) (2,1) (3,1) =   2181.982457     -0.3443314242     -0.1767957154    
2 sigma total (1,2) (2,2) (3,2) = -0.3443314242       2181.924400     -0.2311461891    
3 sigma total (1,3) (2,3) (3,3) = -0.1767957154     -0.2311461891       2182.613400    

        75 0.750E-13*Pression =     2182.2    
 pression totale  potentiel = cinetique =
    2182.2        2180.4        1.7302    
 ----------valeurs moyennes------------
*temperature moyenne =       178.84
*pression moyenne =     2180.8    
 --------------------------------------


<<<<<<<<  ITERATION =     76  time =   0.7600000E-13


 --------- Temperatures et Pression--------
 ----------valeurs instantanees------------
        76 0.760E-13*Epot =    -15279.3626144      eV 
    *energie paire 2 corps =    -15316.3172538      eV 
    *energie pot coul recip =     36.9546394856      eV 
        76 0.760E-13*Ec =     16.9069176485      eV   (170.313 K)
        76 0.760E-13*Etot =    -15262.4556967      eV 

        76 0.760E-13*Temp instantanee = 170.313

*temp instantanee des atomes de type 1 =       209.34
*temp instantanee des atomes de type 2 =        92.25

 * stress en kbar 
1 sigma potentiel (1,1) (2,1) (3,1) =   2180.329344     -0.3451270864     -0.1646410444    
2 sigma potentiel (1,2) (2,2) (3,2) = -0.3451270864       2180.311119     -0.1754924358    
3 sigma potentiel (1,3) (2,3) (3,3) = -0.1646410444     -0.1754924358       2180.885247    

1 sigma cinetique (1,1) (2,1) (3,1) =   1.714306727     -0.6695595012E-02 -0.2600886880E-01
2 sigma cinetique (1,2) (2,2) (3,2) = -0.6695595012E-02   1.661832239     -0.6019233627E-01
3 sigma cinetique (1,3) (2,3) (3,3) = -0.2600886880E-01 -0.6019233627E-01   1.801589709    

1 sigma total (1,1) (2,1) (3,1) =   2182.043650     -0.3518226815     -0.1906499132    
2 sigma total (1,2) (2,2) (3,2) = -0.3518226815       2181.972951     -0.2356847720    
3 sigma total (1,3) (2,3) (3,3) = -0.1906499132     -0.2356847720       2182.686837    

        76 0.760E-13*Pression =     2182.2    
 pression totale  potentiel = cinetique =
    2182.2        2180.5        1.7259    
 ----------valeurs moyennes------------
*temperature moyenne =       178.73
*pression moyenne =     2180.8    
 --------------------------------------


<<<<<<<<  ITERATION =     77  time =   0.7700000E-13


 --------- Temperatures et Pression--------
 ----------valeurs instantanees------------
        77 0.770E-13*Epot =    -15279.3597382      eV 
    *energie paire 2 corps =    -15316.3064874      eV 
    *energie pot coul recip =     36.9467492259      eV 
        77 0.770E-13*Ec =     16.9040694945      eV   (170.284 K)
        77 0.770E-13*Etot =    -15262.4556687      eV 

        77 0.770E-13*Temp instantanee = 170.284

*temp instantanee des atomes de type 1 =       209.31
*temp instantanee des atomes de type 2 =        92.24

 * stress en kbar 
1 sigma potentiel (1,1) (2,1) (3,1) =   2180.382548     -0.3496681121     -0.1811407712    
2 sigma potentiel (1,2) (2,2) (3,2) = -0.3496681121       2180.359666     -0.1717219414    
3 sigma potentiel (1,3) (2,3) (3,3) = -0.1811407712     -0.1717219414       2180.949789    

1 sigma cinetique (1,1) (2,1) (3,1) =   1.709704113     -0.5066764869E-02 -0.2228791140E-01
2 sigma cinetique (1,2) (2,2) (3,2) = -0.5066764869E-02   1.657961822     -0.6253911846E-01
3 sigma cinetique (1,3) (2,3) (3,3) = -0.2228791140E-01 -0.6253911846E-01   1.809190496    

1 sigma total (1,1) (2,1) (3,1) =   2182.092252     -0.3547348769     -0.2034286826    
2 sigma total (1,2) (2,2) (3,2) = -0.3547348769       2182.017627     -0.2342610599    
3 sigma total (1,3) (2,3) (3,3) = -0.2034286826     -0.2342610599       2182.758979    

        77 0.770E-13*Pression =     2182.3    
 pression totale  potentiel = cinetique =
    2182.3        2180.6        1.7256    
 ----------valeurs moyennes------------
*temperature moyenne =       178.62
*pression moyenne =     2180.8    
 --------------------------------------


<<<<<<<<  ITERATION =     78  time =   0.7800000E-13


 --------- Temperatures et Pression--------
 ----------valeurs instantanees------------
        78 0.780E-13*Epot =    -15279.3960079      eV 
    *energie paire 2 corps =    -15316.3231421      eV 
    *energie pot coul recip =     36.9271342625      eV 
        78 0.780E-13*Ec =     16.9402659370      eV   (170.649 K)
        78 0.780E-13*Etot =    -15262.4557419      eV 

        78 0.780E-13*Temp instantanee = 170.649

*temp instantanee des atomes de type 1 =       209.18
*temp instantanee des atomes de type 2 =        93.59

 * stress en kbar 
1 sigma potentiel (1,1) (2,1) (3,1) =   2180.427517     -0.3522613860     -0.1938431824    
2 sigma potentiel (1,2) (2,2) (3,2) = -0.3522613860       2180.381127     -0.1709152268    
3 sigma potentiel (1,3) (2,3) (3,3) = -0.1938431824     -0.1709152268       2181.004483    

1 sigma cinetique (1,1) (2,1) (3,1) =   1.709676375     -0.4715593246E-02 -0.1809193245E-01
2 sigma cinetique (1,2) (2,2) (3,2) = -0.4715593246E-02   1.657514642     -0.6552171660E-01
3 sigma cinetique (1,3) (2,3) (3,3) = -0.1809193245E-01 -0.6552171660E-01   1.820750542    

1 sigma total (1,1) (2,1) (3,1) =   2182.137194     -0.3569769792     -0.2119351148    
2 sigma total (1,2) (2,2) (3,2) = -0.3569769792       2182.038641     -0.2364369434    
3 sigma total (1,3) (2,3) (3,3) = -0.2119351148     -0.2364369434       2182.825234    

        78 0.780E-13*Pression =     2182.3    
 pression totale  potentiel = cinetique =
    2182.3        2180.6        1.7293    
 ----------valeurs moyennes------------
*temperature moyenne =       178.52
*pression moyenne =     2180.9    
 --------------------------------------


<<<<<<<<  ITERATION =     79  time =   0.7900000E-13


 --------- Temperatures et Pression--------
 ----------valeurs instantanees------------
        79 0.790E-13*Epot =    -15279.4699991      eV 
    *energie paire 2 corps =    -15316.3672507      eV 
    *energie pot coul recip =     36.8972515604      eV 
        79 0.790E-13*Ec =     17.0141311783      eV   (171.393 K)
        79 0.790E-13*Etot =    -15262.4558679      eV 

        79 0.790E-13*Temp instantanee = 171.393

*temp instantanee des atomes de type 1 =       208.96
*temp instantanee des atomes de type 2 =        96.25

 * stress en kbar 
1 sigma potentiel (1,1) (2,1) (3,1) =   2180.449093     -0.3507794034     -0.2075433069    
2 sigma potentiel (1,2) (2,2) (3,2) = -0.3507794034       2180.405582     -0.1696083012    
3 sigma potentiel (1,3) (2,3) (3,3) = -0.2075433069     -0.1696083012       2181.028534    

1 sigma cinetique (1,1) (2,1) (3,1) =   1.714144397     -0.5531935799E-02 -0.1357535063E-01
2 sigma cinetique (1,2) (2,2) (3,2) = -0.5531935799E-02   1.660510796     -0.6899521102E-01
3 sigma cinetique (1,3) (2,3) (3,3) = -0.1357535063E-01 -0.6899521102E-01   1.835907532    

1 sigma total (1,1) (2,1) (3,1) =   2182.163237     -0.3563113392     -0.2211186576    
2 sigma total (1,2) (2,2) (3,2) = -0.3563113392       2182.066093     -0.2386035122    
3 sigma total (1,3) (2,3) (3,3) = -0.2211186576     -0.2386035122       2182.864442    

        79 0.790E-13*Pression =     2182.4    
 pression totale  potentiel = cinetique =
    2182.4        2180.6        1.7369    
 ----------valeurs moyennes------------
*temperature moyenne =       178.43
*pression moyenne =     2180.9    
 --------------------------------------


<<<<<<<<  ITERATION =     80  time =   0.8000000E-13


 --------- Temperatures et Pression--------
 ----------valeurs instantanees------------
        80 0.800E-13*Epot =    -15279.5791147      eV 
    *energie paire 2 corps =    -15316.4381435      eV 
    *energie pot coul recip =     36.8590288133      eV 
        80 0.800E-13*Ec =     17.1230860965      eV   (172.490 K)
        80 0.800E-13*Etot =    -15262.4560286      eV 

        80 0.800E-13*Temp instantanee = 172.490

*temp instantanee des atomes de type 1 =       208.68
*temp instantanee des atomes de type 2 =       100.12

 * stress en kbar 
1 sigma potentiel (1,1) (2,1) (3,1) =   2180.464930     -0.3489003488     -0.2210641561    
2 sigma potentiel (1,2) (2,2) (3,2) = -0.3489003488       2180.402143     -0.1656678650    
3 sigma potentiel (1,3) (2,3) (3,3) = -0.2210641561     -0.1656678650       2181.050474    

1 sigma cinetique (1,1) (2,1) (3,1) =   1.722900790     -0.7367747723E-02 -0.8914808787E-02
2 sigma cinetique (1,2) (2,2) (3,2) = -0.7367747723E-02   1.666848427     -0.7280478698E-01
3 sigma cinetique (1,3) (2,3) (3,3) = -0.8914808787E-02 -0.7280478698E-01   1.854180856    

1 sigma total (1,1) (2,1) (3,1) =   2182.187831     -0.3562680965     -0.2299789649    
2 sigma total (1,2) (2,2) (3,2) = -0.3562680965       2182.068992     -0.2384726520    
3 sigma total (1,3) (2,3) (3,3) = -0.2299789649     -0.2384726520       2182.904655    

        80 0.800E-13*Pression =     2182.4    
 pression totale  potentiel = cinetique =
    2182.4        2180.6        1.7480    
 ----------valeurs moyennes------------
*temperature moyenne =       178.35
*pression moyenne =     2180.9    
 --------------------------------------


<<<<<<<<  ITERATION =     81  time =   0.8100000E-13


 --------- Temperatures et Pression--------
 ----------valeurs instantanees------------
        81 0.810E-13*Epot =    -15279.7198090      eV 
    *energie paire 2 corps =    -15316.5345691      eV 
    *energie pot coul recip =     36.8147601864      eV 
        81 0.810E-13*Ec =     17.2634972158      eV   (173.905 K)
        81 0.810E-13*Etot =    -15262.4563117      eV 

        81 0.810E-13*Temp instantanee = 173.905

*temp instantanee des atomes de type 1 =       208.32
*temp instantanee des atomes de type 2 =       105.07

 * stress en kbar 
1 sigma potentiel (1,1) (2,1) (3,1) =   2180.477288     -0.3428523337     -0.2318077487    
2 sigma potentiel (1,2) (2,2) (3,2) = -0.3428523337       2180.381311     -0.1582582547    
3 sigma potentiel (1,3) (2,3) (3,3) = -0.2318077487     -0.1582582547       2181.049078    

1 sigma cinetique (1,1) (2,1) (3,1) =   1.735629387     -0.1006193286E-01 -0.4283915724E-02
2 sigma cinetique (1,2) (2,2) (3,2) = -0.1006193286E-01   1.676317056     -0.7677811648E-01
3 sigma cinetique (1,3) (2,3) (3,3) = -0.4283915724E-02 -0.7677811648E-01   1.874984412    

1 sigma total (1,1) (2,1) (3,1) =   2182.212918     -0.3529142666     -0.2360916644    
2 sigma total (1,2) (2,2) (3,2) = -0.3529142666       2182.057628     -0.2350363712    
3 sigma total (1,3) (2,3) (3,3) = -0.2360916644     -0.2350363712       2182.924062    

        81 0.810E-13*Pression =     2182.4    
 pression totale  potentiel = cinetique =
    2182.4        2180.6        1.7623    
 ----------valeurs moyennes------------
*temperature moyenne =       178.30
*pression moyenne =     2180.9    
 --------------------------------------


<<<<<<<<  ITERATION =     82  time =   0.8200000E-13


 --------- Temperatures et Pression--------
 ----------valeurs instantanees------------
        82 0.820E-13*Epot =    -15279.8876799      eV 
    *energie paire 2 corps =    -15316.6546640      eV 
    *energie pot coul recip =     36.7669841245      eV 
        82 0.820E-13*Ec =     17.4310510235      eV   (175.593 K)
        82 0.820E-13*Etot =    -15262.4566289      eV 

        82 0.820E-13*Temp instantanee = 175.593

*temp instantanee des atomes de type 1 =       207.90
*temp instantanee des atomes de type 2 =       110.97

 * stress en kbar 
1 sigma potentiel (1,1) (2,1) (3,1) =   2180.464393     -0.3321556058     -0.2408824919    
2 sigma potentiel (1,2) (2,2) (3,2) = -0.3321556058       2180.372192     -0.1528610642    
3 sigma potentiel (1,3) (2,3) (3,3) = -0.2408824919     -0.1528610642       2181.055579    

1 sigma cinetique (1,1) (2,1) (3,1) =   1.751949373     -0.1343942981E-01  0.1471709408E-03
2 sigma cinetique (1,2) (2,2) (3,2) = -0.1343942981E-01   1.688622475     -0.8073879381E-01
3 sigma cinetique (1,3) (2,3) (3,3) =  0.1471709408E-03 -0.8073879381E-01   1.897672212    

1 sigma total (1,1) (2,1) (3,1) =   2182.216342     -0.3455950356     -0.2407353209    
2 sigma total (1,2) (2,2) (3,2) = -0.3455950356       2182.060815     -0.2335998580    
3 sigma total (1,3) (2,3) (3,3) = -0.2407353209     -0.2335998580       2182.953251    

        82 0.820E-13*Pression =     2182.4    
 pression totale  potentiel = cinetique =
    2182.4        2180.6        1.7794    
 ----------valeurs moyennes------------
*temperature moyenne =       178.26
*pression moyenne =     2180.9    
 --------------------------------------


<<<<<<<<  ITERATION =     83  time =   0.8300000E-13


 --------- Temperatures et Pression--------
 ----------valeurs instantanees------------
        83 0.830E-13*Epot =    -15280.0776002      eV 
    *energie paire 2 corps =    -15316.7959550      eV 
    *energie pot coul recip =     36.7183547498      eV 
        83 0.830E-13*Ec =     17.6207242178      eV   (177.503 K)
        83 0.830E-13*Etot =    -15262.4568760      eV 

        83 0.830E-13*Temp instantanee = 177.503

*temp instantanee des atomes de type 1 =       207.43
*temp instantanee des atomes de type 2 =       117.64

 * stress en kbar 
1 sigma potentiel (1,1) (2,1) (3,1) =   2180.444168     -0.3242183240     -0.2451680894    
2 sigma potentiel (1,2) (2,2) (3,2) = -0.3242183240       2180.328291     -0.1405741552    
3 sigma potentiel (1,3) (2,3) (3,3) = -0.2451680894     -0.1405741552       2181.017788    

1 sigma cinetique (1,1) (2,1) (3,1) =   1.771396509     -0.1730901794E-01  0.4205751861E-02
2 sigma cinetique (1,2) (2,2) (3,2) = -0.1730901794E-01   1.703386389     -0.8452341575E-01
3 sigma cinetique (1,3) (2,3) (3,3) =  0.4205751861E-02 -0.8452341575E-01   1.921548412    

1 sigma total (1,1) (2,1) (3,1) =   2182.215565     -0.3415273419     -0.2409623376    
2 sigma total (1,2) (2,2) (3,2) = -0.3415273419       2182.031677     -0.2250975709    
3 sigma total (1,3) (2,3) (3,3) = -0.2409623376     -0.2250975709       2182.939337    

        83 0.830E-13*Pression =     2182.4    
 pression totale  potentiel = cinetique =
    2182.4        2180.6        1.7988    
 ----------valeurs moyennes------------
*temperature moyenne =       178.25
*pression moyenne =     2181.0    
 --------------------------------------


<<<<<<<<  ITERATION =     84  time =   0.8400000E-13


 --------- Temperatures et Pression--------
 ----------valeurs instantanees------------
        84 0.840E-13*Epot =    -15280.2842897      eV 
    *energie paire 2 corps =    -15316.9558025      eV 
    *energie pot coul recip =     36.6715128559      eV 
        84 0.840E-13*Ec =     17.8270389917      eV   (179.582 K)
        84 0.840E-13*Etot =    -15262.4572507      eV 

        84 0.840E-13*Temp instantanee = 179.582

*temp instantanee des atomes de type 1 =       206.91
*temp instantanee des atomes de type 2 =       124.92

 * stress en kbar 
1 sigma potentiel (1,1) (2,1) (3,1) =   2180.429440     -0.3070405360     -0.2463004157    
2 sigma potentiel (1,2) (2,2) (3,2) = -0.3070405360       2180.297732     -0.1309070412    
3 sigma potentiel (1,3) (2,3) (3,3) = -0.2463004157     -0.1309070412       2180.990617    

1 sigma cinetique (1,1) (2,1) (3,1) =   1.793446607     -0.2149652305E-01  0.7725534972E-02
2 sigma cinetique (1,2) (2,2) (3,2) = -0.2149652305E-01   1.720157740     -0.8797935725E-01
3 sigma cinetique (1,3) (2,3) (3,3) =  0.7725534972E-02 -0.8797935725E-01   1.945910681    

1 sigma total (1,1) (2,1) (3,1) =   2182.222887     -0.3285370591     -0.2385748808    
2 sigma total (1,2) (2,2) (3,2) = -0.3285370591       2182.017890     -0.2188863985    
3 sigma total (1,3) (2,3) (3,3) = -0.2385748808     -0.2188863985       2182.936528    

        84 0.840E-13*Pression =     2182.4    
 pression totale  potentiel = cinetique =
    2182.4        2180.6        1.8198    
 ----------valeurs moyennes------------
*temperature moyenne =       178.27
*pression moyenne =     2181.0    
 --------------------------------------


<<<<<<<<  ITERATION =     85  time =   0.8500000E-13


 --------- Temperatures et Pression--------
 ----------valeurs instantanees------------
        85 0.850E-13*Epot =    -15280.5020503      eV 
    *energie paire 2 corps =    -15317.1310017      eV 
    *energie pot coul recip =     36.6289513874      eV 
        85 0.850E-13*Ec =     18.0445104524      eV   (181.773 K)
        85 0.850E-13*Etot =    -15262.4575398      eV 

        85 0.850E-13*Temp instantanee = 181.773

*temp instantanee des atomes de type 1 =       206.34
*temp instantanee des atomes de type 2 =       132.63

 * stress en kbar 
1 sigma potentiel (1,1) (2,1) (3,1) =   2180.404241     -0.2915534939     -0.2440816933    
2 sigma potentiel (1,2) (2,2) (3,2) = -0.2915534939       2180.246668     -0.1256060004    
3 sigma potentiel (1,3) (2,3) (3,3) = -0.2440816933     -0.1256060004       2180.942694    

1 sigma cinetique (1,1) (2,1) (3,1) =   1.817568479     -0.2584039234E-01  0.1056413366E-01
2 sigma cinetique (1,2) (2,2) (3,2) = -0.2584039234E-01   1.738460654     -0.9096463308E-01
3 sigma cinetique (1,3) (2,3) (3,3) =  0.1056413366E-01 -0.9096463308E-01   1.970086340    

1 sigma total (1,1) (2,1) (3,1) =   2182.221810     -0.3173938863     -0.2335175597    
2 sigma total (1,2) (2,2) (3,2) = -0.3173938863       2181.985129     -0.2165706335    
3 sigma total (1,3) (2,3) (3,3) = -0.2335175597     -0.2165706335       2182.912780    

        85 0.850E-13*Pression =     2182.4    
 pression totale  potentiel = cinetique =
    2182.4        2180.5        1.8420    
 ----------valeurs moyennes------------
*temperature moyenne =       178.31
*pression moyenne =     2181.0    
 --------------------------------------


<<<<<<<<  ITERATION =     86  time =   0.8600000E-13


 --------- Temperatures et Pression--------
 ----------valeurs instantanees------------
        86 0.860E-13*Epot =    -15280.7253972      eV 
    *energie paire 2 corps =    -15317.3182997      eV 
    *energie pot coul recip =     36.5929025443      eV 
        86 0.860E-13*Ec =     18.2675555216      eV   (184.019 K)
        86 0.860E-13*Etot =    -15262.4578416      eV 

        86 0.860E-13*Temp instantanee = 184.019

*temp instantanee des atomes de type 1 =       205.74
*temp instantanee des atomes de type 2 =       140.58

 * stress en kbar 
1 sigma potentiel (1,1) (2,1) (3,1) =   2180.360947     -0.2751251871     -0.2422907431    
2 sigma potentiel (1,2) (2,2) (3,2) = -0.2751251871       2180.199695     -0.1137325839    
3 sigma potentiel (1,3) (2,3) (3,3) = -0.2422907431     -0.1137325839       2180.911715    

1 sigma cinetique (1,1) (2,1) (3,1) =   1.843222898     -0.3019016302E-01  0.1259865331E-01
2 sigma cinetique (1,2) (2,2) (3,2) = -0.3019016302E-01   1.757768950     -0.9336203043E-01
3 sigma cinetique (1,3) (2,3) (3,3) =  0.1259865331E-01 -0.9336203043E-01   1.993430981    

1 sigma total (1,1) (2,1) (3,1) =   2182.204170     -0.3053153501     -0.2296920898    
2 sigma total (1,2) (2,2) (3,2) = -0.3053153501       2181.957464     -0.2070946143    
3 sigma total (1,3) (2,3) (3,3) = -0.2296920898     -0.2070946143       2182.905146    

        86 0.860E-13*Pression =     2182.4    
 pression totale  potentiel = cinetique =
    2182.4        2180.5        1.8648    
 ----------valeurs moyennes------------
*temperature moyenne =       178.38
*pression moyenne =     2181.0    
 --------------------------------------


<<<<<<<<  ITERATION =     87  time =   0.8700000E-13


 --------- Temperatures et Pression--------
 ----------valeurs instantanees------------
        87 0.870E-13*Epot =    -15280.9490265      eV 
    *energie paire 2 corps =    -15317.5142591      eV 
    *energie pot coul recip =     36.5652326289      eV 
        87 0.870E-13*Ec =     18.4909346505      eV   (186.270 K)
        87 0.870E-13*Etot =    -15262.4580918      eV 

        87 0.870E-13*Temp instantanee = 186.270

*temp instantanee des atomes de type 1 =       205.10
*temp instantanee des atomes de type 2 =       148.60

 * stress en kbar 
1 sigma potentiel (1,1) (2,1) (3,1) =   2180.325931     -0.2556369296     -0.2335580733    
2 sigma potentiel (1,2) (2,2) (3,2) = -0.2556369296       2180.142017     -0.1021934034    
3 sigma potentiel (1,3) (2,3) (3,3) = -0.2335580733     -0.1021934034       2180.842707    

1 sigma cinetique (1,1) (2,1) (3,1) =   1.869889939     -0.3442535484E-01  0.1373075600E-01
2 sigma cinetique (1,2) (2,2) (3,2) = -0.3442535484E-01   1.777565490     -0.9508996011E-01
3 sigma cinetique (1,3) (2,3) (3,3) =  0.1373075600E-01 -0.9508996011E-01   2.015377061    

1 sigma total (1,1) (2,1) (3,1) =   2182.195821     -0.2900622844     -0.2198273173    
2 sigma total (1,2) (2,2) (3,2) = -0.2900622844       2181.919582     -0.1972833636    
3 sigma total (1,3) (2,3) (3,3) = -0.2198273173     -0.1972833636       2182.858084    

        87 0.870E-13*Pression =     2182.3    
 pression totale  potentiel = cinetique =
    2182.3        2180.4        1.8876    
 ----------valeurs moyennes------------
*temperature moyenne =       178.47
*pression moyenne =     2181.0    
 --------------------------------------


<<<<<<<<  ITERATION =     88  time =   0.8800000E-13


 --------- Temperatures et Pression--------
 ----------valeurs instantanees------------
        88 0.880E-13*Epot =    -15281.1681872      eV 
    *energie paire 2 corps =    -15317.7155496      eV 
    *energie pot coul recip =     36.5473623420      eV 
        88 0.880E-13*Ec =     18.7098657976      eV   (188.475 K)
        88 0.880E-13*Etot =    -15262.4583214      eV 

        88 0.880E-13*Temp instantanee = 188.475

*temp instantanee des atomes de type 1 =       204.45
*temp instantanee des atomes de type 2 =       156.53

 * stress en kbar 
1 sigma potentiel (1,1) (2,1) (3,1) =   2180.288328     -0.2382875697     -0.2246784165    
2 sigma potentiel (1,2) (2,2) (3,2) = -0.2382875697       2180.088467     -0.9253617509E-01
3 sigma potentiel (1,3) (2,3) (3,3) = -0.2246784165     -0.9253617509E-01   2180.788672    

1 sigma cinetique (1,1) (2,1) (3,1) =   1.897071013     -0.3844899950E-01  0.1388852883E-01
2 sigma cinetique (1,2) (2,2) (3,2) = -0.3844899950E-01   1.797352496     -0.9607541978E-01
3 sigma cinetique (1,3) (2,3) (3,3) =  0.1388852883E-01 -0.9607541978E-01   2.035456453    

1 sigma total (1,1) (2,1) (3,1) =   2182.185399     -0.2767365692     -0.2107898877    
2 sigma total (1,2) (2,2) (3,2) = -0.2767365692       2181.885819     -0.1886115949    
3 sigma total (1,3) (2,3) (3,3) = -0.2107898877     -0.1886115949       2182.824129    

        88 0.880E-13*Pression =     2182.3    
 pression totale  potentiel = cinetique =
    2182.3        2180.4        1.9100    
 ----------valeurs moyennes------------
*temperature moyenne =       178.58
*pression moyenne =     2181.0    
 --------------------------------------


<<<<<<<<  ITERATION =     89  time =   0.8900000E-13


 --------- Temperatures et Pression--------
 ----------valeurs instantanees------------
        89 0.890E-13*Epot =    -15281.3786057      eV 
    *energie paire 2 corps =    -15317.9188104      eV 
    *energie pot coul recip =     36.5402047214      eV 
        89 0.890E-13*Ec =     18.9200968121      eV   (190.593 K)
        89 0.890E-13*Etot =    -15262.4585089      eV 

        89 0.890E-13*Temp instantanee = 190.593

*temp instantanee des atomes de type 1 =       203.78
*temp instantanee des atomes de type 2 =       164.21

 * stress en kbar 
1 sigma potentiel (1,1) (2,1) (3,1) =   2180.254289     -0.2185017624     -0.2101034716    
2 sigma potentiel (1,2) (2,2) (3,2) = -0.2185017624       2180.040522     -0.7812465101E-01
3 sigma potentiel (1,3) (2,3) (3,3) = -0.2101034716     -0.7812465101E-01   2180.738856    

1 sigma cinetique (1,1) (2,1) (3,1) =   1.924311980     -0.4219730395E-01  0.1302820197E-01
2 sigma cinetique (1,2) (2,2) (3,2) = -0.4219730395E-01   1.816656773     -0.9628935706E-01
3 sigma cinetique (1,3) (2,3) (3,3) =  0.1302820197E-01 -0.9628935706E-01   2.053294272    

1 sigma total (1,1) (2,1) (3,1) =   2182.178601     -0.2606990663     -0.1970752696    
2 sigma total (1,2) (2,2) (3,2) = -0.2606990663       2181.857179     -0.1744140081    
3 sigma total (1,3) (2,3) (3,3) = -0.1970752696     -0.1744140081       2182.792150    

        89 0.890E-13*Pression =     2182.3    
 pression totale  potentiel = cinetique =
    2182.3        2180.3        1.9314    
 ----------valeurs moyennes------------
*temperature moyenne =       178.72
*pression moyenne =     2181.1    
 --------------------------------------


<<<<<<<<  ITERATION =     90  time =   0.9000000E-13


 --------- Temperatures et Pression--------
 ----------valeurs instantanees------------
        90 0.900E-13*Epot =    -15281.5767465      eV 
    *energie paire 2 corps =    -15318.1208825      eV 
    *energie pot coul recip =     36.5441360697      eV 
        90 0.900E-13*Ec =     19.1181469769      eV   (192.588 K)
        90 0.900E-13*Etot =    -15262.4585995      eV 

        90 0.900E-13*Temp instantanee = 192.588

*temp instantanee des atomes de type 1 =       203.12
*temp instantanee des atomes de type 2 =       171.52

 * stress en kbar 
1 sigma potentiel (1,1) (2,1) (3,1) =   2180.219701     -0.1988479832     -0.1921963083    
2 sigma potentiel (1,2) (2,2) (3,2) = -0.1988479832       2179.969551     -0.6957520178E-01
3 sigma potentiel (1,3) (2,3) (3,3) = -0.1921963083     -0.6957520178E-01   2180.697918    

1 sigma cinetique (1,1) (2,1) (3,1) =   1.951221549     -0.4563866539E-01  0.1115249182E-01
2 sigma cinetique (1,2) (2,2) (3,2) = -0.4563866539E-01   1.835061074     -0.9573625483E-01
3 sigma cinetique (1,3) (2,3) (3,3) =  0.1115249182E-01 -0.9573625483E-01   2.068633091    

1 sigma total (1,1) (2,1) (3,1) =   2182.170923     -0.2444866486     -0.1810438165    
2 sigma total (1,2) (2,2) (3,2) = -0.2444866486       2181.804612     -0.1653114566    
3 sigma total (1,3) (2,3) (3,3) = -0.1810438165     -0.1653114566       2182.766551    

        90 0.900E-13*Pression =     2182.2    
 pression totale  potentiel = cinetique =
    2182.2        2180.3        1.9516    
 ----------valeurs moyennes------------
*temperature moyenne =       178.87
*pression moyenne =     2181.1    
 --------------------------------------


<<<<<<<<  ITERATION =     91  time =   0.9100000E-13


 --------- Temperatures et Pression--------
 ----------valeurs instantanees------------
        91 0.910E-13*Epot =    -15281.7599056      eV 
    *energie paire 2 corps =    -15318.3188897      eV 
    *energie pot coul recip =     36.5589841104      eV 
        91 0.910E-13*Ec =     19.3012444862      eV   (194.432 K)
        91 0.910E-13*Etot =    -15262.4586611      eV 

        91 0.910E-13*Temp instantanee = 194.432

*temp instantanee des atomes de type 1 =       202.48
*temp instantanee des atomes de type 2 =       178.34

 * stress en kbar 
1 sigma potentiel (1,1) (2,1) (3,1) =   2180.193749     -0.1787292137     -0.1735132178    
2 sigma potentiel (1,2) (2,2) (3,2) = -0.1787292137       2179.916405     -0.5680160839E-01
3 sigma potentiel (1,3) (2,3) (3,3) = -0.1735132178     -0.5680160839E-01   2180.633029    

1 sigma cinetique (1,1) (2,1) (3,1) =   1.977463601     -0.4876162992E-01  0.8282441854E-02
2 sigma cinetique (1,2) (2,2) (3,2) = -0.4876162992E-01   1.852185118     -0.9444368169E-01
3 sigma cinetique (1,3) (2,3) (3,3) =  0.8282441854E-02 -0.9444368169E-01   2.081340446    

1 sigma total (1,1) (2,1) (3,1) =   2182.171213     -0.2274908436     -0.1652307760    
2 sigma total (1,2) (2,2) (3,2) = -0.2274908436       2181.768590     -0.1512452901    
3 sigma total (1,3) (2,3) (3,3) = -0.1652307760     -0.1512452901       2182.714370    

        91 0.910E-13*Pression =     2182.2    
 pression totale  potentiel = cinetique =
    2182.2        2180.2        1.9703    
 ----------valeurs moyennes------------
*temperature moyenne =       179.04
*pression moyenne =     2181.1    
 --------------------------------------


<<<<<<<<  ITERATION =     92  time =   0.9200000E-13


 --------- Temperatures et Pression--------
 ----------valeurs instantanees------------
        92 0.920E-13*Epot =    -15281.9262239      eV 
    *energie paire 2 corps =    -15318.5102728      eV 
    *energie pot coul recip =     36.5840488995      eV 
        92 0.920E-13*Ec =     19.4674687244      eV   (196.107 K)
        92 0.920E-13*Etot =    -15262.4587551      eV 

        92 0.920E-13*Temp instantanee = 196.107

*temp instantanee des atomes de type 1 =       201.87
*temp instantanee des atomes de type 2 =       184.58

 * stress en kbar 
1 sigma potentiel (1,1) (2,1) (3,1) =   2180.168418     -0.1583212689     -0.1491631242    
2 sigma potentiel (1,2) (2,2) (3,2) = -0.1583212689       2179.864773     -0.4417267655E-01
3 sigma potentiel (1,3) (2,3) (3,3) = -0.1491631242     -0.4417267655E-01   2180.589426    

1 sigma cinetique (1,1) (2,1) (3,1) =   2.002772309     -0.5158843398E-01  0.4463312267E-02
2 sigma cinetique (1,2) (2,2) (3,2) = -0.5158843398E-01   1.867729964     -0.9245553697E-01
3 sigma cinetique (1,3) (2,3) (3,3) =  0.4463312267E-02 -0.9245553697E-01   2.091392919    

1 sigma total (1,1) (2,1) (3,1) =   2182.171191     -0.2099097028     -0.1446998120    
2 sigma total (1,2) (2,2) (3,2) = -0.2099097028       2181.732503     -0.1366282135    
3 sigma total (1,3) (2,3) (3,3) = -0.1446998120     -0.1366282135       2182.680819    

        92 0.920E-13*Pression =     2182.2    
 pression totale  potentiel = cinetique =
    2182.2        2180.2        1.9873    
 ----------valeurs moyennes------------
*temperature moyenne =       179.23
*pression moyenne =     2181.1    
 --------------------------------------


<<<<<<<<  ITERATION =     93  time =   0.9300000E-13


 --------- Temperatures et Pression--------
 ----------valeurs instantanees------------
        93 0.930E-13*Epot =    -15282.0746204      eV 
    *energie paire 2 corps =    -15318.6927697      eV 
    *energie pot coul recip =     36.6181493175      eV 
        93 0.930E-13*Ec =     19.6158609570      eV   (197.602 K)
        93 0.930E-13*Etot =    -15262.4587594      eV 

        93 0.930E-13*Temp instantanee = 197.602

*temp instantanee des atomes de type 1 =       201.31
*temp instantanee des atomes de type 2 =       190.18

 * stress en kbar 
1 sigma potentiel (1,1) (2,1) (3,1) =   2180.132970     -0.1359282395     -0.1263837805    
2 sigma potentiel (1,2) (2,2) (3,2) = -0.1359282395       2179.834813     -0.3206502331E-01
3 sigma potentiel (1,3) (2,3) (3,3) = -0.1263837805     -0.3206502331E-01   2180.553720    

1 sigma cinetique (1,1) (2,1) (3,1) =   2.026966533     -0.5416244605E-01 -0.2199003372E-03
2 sigma cinetique (1,2) (2,2) (3,2) = -0.5416244605E-01   1.881487656     -0.8984682722E-01
3 sigma cinetique (1,3) (2,3) (3,3) = -0.2199003372E-03 -0.8984682722E-01   2.098885995    

1 sigma total (1,1) (2,1) (3,1) =   2182.159937     -0.1900906856     -0.1266036809    
2 sigma total (1,2) (2,2) (3,2) = -0.1900906856       2181.716301     -0.1219118505    
3 sigma total (1,3) (2,3) (3,3) = -0.1266036809     -0.1219118505       2182.652606    

        93 0.930E-13*Pression =     2182.2    
 pression totale  potentiel = cinetique =
    2182.2        2180.2        2.0024    
 ----------valeurs moyennes------------
*temperature moyenne =       179.43
*pression moyenne =     2181.1    
 --------------------------------------


<<<<<<<<  ITERATION =     94  time =   0.9400000E-13


 --------- Temperatures et Pression--------
 ----------valeurs instantanees------------
        94 0.940E-13*Epot =    -15282.2047710      eV 
    *energie paire 2 corps =    -15318.8644624      eV 
    *energie pot coul recip =     36.6596914214      eV 
        94 0.940E-13*Ec =     19.7461379022      eV   (198.914 K)
        94 0.940E-13*Etot =    -15262.4586331      eV 

        94 0.940E-13*Temp instantanee = 198.914

*temp instantanee des atomes de type 1 =       200.83
*temp instantanee des atomes de type 2 =       195.09

 * stress en kbar 
1 sigma potentiel (1,1) (2,1) (3,1) =   2180.139031     -0.1191176603     -0.9745776222E-01
2 sigma potentiel (1,2) (2,2) (3,2) = -0.1191176603       2179.783613     -0.2096184548E-01
3 sigma potentiel (1,3) (2,3) (3,3) = -0.9745776222E-01 -0.2096184548E-01   2180.494887    

1 sigma cinetique (1,1) (2,1) (3,1) =   2.049902273     -0.5654030413E-01 -0.5651350129E-02
2 sigma cinetique (1,2) (2,2) (3,2) = -0.5654030413E-01   1.893309693     -0.8672385543E-01
3 sigma cinetique (1,3) (2,3) (3,3) = -0.5651350129E-02 -0.8672385543E-01   2.104025418    

1 sigma total (1,1) (2,1) (3,1) =   2182.188933     -0.1756579644     -0.1031091123    
2 sigma total (1,2) (2,2) (3,2) = -0.1756579644       2181.676922     -0.1076857009    
3 sigma total (1,3) (2,3) (3,3) = -0.1031091123     -0.1076857009       2182.598913    

        94 0.940E-13*Pression =     2182.2    
 pression totale  potentiel = cinetique =
    2182.2        2180.1        2.0157    
 ----------valeurs moyennes------------
*temperature moyenne =       179.63
*pression moyenne =     2181.1    
 --------------------------------------


<<<<<<<<  ITERATION =     95  time =   0.9500000E-13


 --------- Temperatures et Pression--------
 ----------valeurs instantanees------------
        95 0.950E-13*Epot =    -15282.3172379      eV 
    *energie paire 2 corps =    -15319.0239874      eV 
    *energie pot coul recip =     36.7067494789      eV 
        95 0.950E-13*Ec =     19.8586562221      eV   (200.047 K)
        95 0.950E-13*Etot =    -15262.4585817      eV 

        95 0.950E-13*Temp instantanee = 200.047

*temp instantanee des atomes de type 1 =       200.43
*temp instantanee des atomes de type 2 =       199.28

 * stress en kbar 
1 sigma potentiel (1,1) (2,1) (3,1) =   2180.131496     -0.1015792391     -0.6769164312E-01
2 sigma potentiel (1,2) (2,2) (3,2) = -0.1015792391       2179.763626     -0.1052042717E-01
3 sigma potentiel (1,3) (2,3) (3,3) = -0.6769164312E-01 -0.1052042717E-01   2180.469636    

1 sigma cinetique (1,1) (2,1) (3,1) =   2.071492944     -0.5877474922E-01 -0.1170924217E-01
2 sigma cinetique (1,2) (2,2) (3,2) = -0.5877474922E-01   1.903105629     -0.8319159697E-01
3 sigma cinetique (1,3) (2,3) (3,3) = -0.1170924217E-01 -0.8319159697E-01   2.107097448    

1 sigma total (1,1) (2,1) (3,1) =   2182.202989     -0.1603539883     -0.7940088529E-01
2 sigma total (1,2) (2,2) (3,2) = -0.1603539883       2181.666732     -0.9371202414E-01
3 sigma total (1,3) (2,3) (3,3) = -0.7940088529E-01 -0.9371202414E-01   2182.576734    

        95 0.950E-13*Pression =     2182.1    
 pression totale  potentiel = cinetique =
    2182.1        2180.1        2.0272    
 ----------valeurs moyennes------------
*temperature moyenne =       179.85
*pression moyenne =     2181.1    
 --------------------------------------


<<<<<<<<  ITERATION =     96  time =   0.9600000E-13


 --------- Temperatures et Pression--------
 ----------valeurs instantanees------------
        96 0.960E-13*Epot =    -15282.4130066      eV 
    *energie paire 2 corps =    -15319.1701759      eV 
    *energie pot coul recip =     36.7571693017      eV 
        96 0.960E-13*Ec =     19.9545171864      eV   (201.013 K)
        96 0.960E-13*Etot =    -15262.4584894      eV 

        96 0.960E-13*Temp instantanee = 201.013

*temp instantanee des atomes de type 1 =       200.15
*temp instantanee des atomes de type 2 =       202.74

 * stress en kbar 
1 sigma potentiel (1,1) (2,1) (3,1) =   2180.130228     -0.8226746277E-01 -0.4042546181E-01
2 sigma potentiel (1,2) (2,2) (3,2) = -0.8226746277E-01   2179.737428     -0.3657700893E-03
3 sigma potentiel (1,3) (2,3) (3,3) = -0.4042546181E-01 -0.3657700893E-03   2180.450003    

1 sigma cinetique (1,1) (2,1) (3,1) =   2.091725245     -0.6092785423E-01 -0.1825985542E-01
2 sigma cinetique (1,2) (2,2) (3,2) = -0.6092785423E-01   1.910873278     -0.7936799697E-01
3 sigma cinetique (1,3) (2,3) (3,3) = -0.1825985542E-01 -0.7936799697E-01   2.108454833    

1 sigma total (1,1) (2,1) (3,1) =   2182.221954     -0.1431953170     -0.5868531723E-01
2 sigma total (1,2) (2,2) (3,2) = -0.1431953170       2181.648301     -0.7973376706E-01
3 sigma total (1,3) (2,3) (3,3) = -0.5868531723E-01 -0.7973376706E-01   2182.558458    

        96 0.960E-13*Pression =     2182.1    
 pression totale  potentiel = cinetique =
    2182.1        2180.1        2.0370    
 ----------valeurs moyennes------------
*temperature moyenne =       180.07
*pression moyenne =     2181.1    
 --------------------------------------


<<<<<<<<  ITERATION =     97  time =   0.9700000E-13


 --------- Temperatures et Pression--------
 ----------valeurs instantanees------------
        97 0.970E-13*Epot =    -15282.4936746      eV 
    *energie paire 2 corps =    -15319.3023492      eV 
    *energie pot coul recip =     36.8086746632      eV 
        97 0.970E-13*Ec =     20.0353299042      eV   (201.827 K)
        97 0.970E-13*Etot =    -15262.4583447      eV 

        97 0.970E-13*Temp instantanee = 201.827

*temp instantanee des atomes de type 1 =       199.99
*temp instantanee des atomes de type 2 =       205.50

 * stress en kbar 
1 sigma potentiel (1,1) (2,1) (3,1) =   2180.134232     -0.6507746291E-01 -0.7689607519E-02
2 sigma potentiel (1,2) (2,2) (3,2) = -0.6507746291E-01   2179.718472      0.1347219228E-01
3 sigma potentiel (1,3) (2,3) (3,3) = -0.7689607519E-02  0.1347219228E-01   2180.430142    

1 sigma cinetique (1,1) (2,1) (3,1) =   2.110605981     -0.6306808830E-01 -0.2514165636E-01
2 sigma cinetique (1,2) (2,2) (3,2) = -0.6306808830E-01   1.916692024     -0.7538159114E-01
3 sigma cinetique (1,3) (2,3) (3,3) = -0.2514165636E-01 -0.7538159114E-01   2.108504175    

1 sigma total (1,1) (2,1) (3,1) =   2182.244838     -0.1281455512     -0.3283126388E-01
2 sigma total (1,2) (2,2) (3,2) = -0.1281455512       2181.635164     -0.6190939886E-01
3 sigma total (1,3) (2,3) (3,3) = -0.3283126388E-01 -0.6190939886E-01   2182.538646    

        97 0.970E-13*Pression =     2182.1    
 pression totale  potentiel = cinetique =
    2182.1        2180.1        2.0453    
 ----------valeurs moyennes------------
*temperature moyenne =       180.29
*pression moyenne =     2181.1    
 --------------------------------------


<<<<<<<<  ITERATION =     98  time =   0.9800000E-13


 --------- Temperatures et Pression--------
 ----------valeurs instantanees------------
        98 0.980E-13*Epot =    -15282.5612065      eV 
    *energie paire 2 corps =    -15319.4201848      eV 
    *energie pot coul recip =     36.8589783100      eV 
        98 0.980E-13*Ec =     20.1031155532      eV   (202.510 K)
        98 0.980E-13*Etot =    -15262.4580909      eV 

        98 0.980E-13*Temp instantanee = 202.510

*temp instantanee des atomes de type 1 =       199.98
*temp instantanee des atomes de type 2 =       207.56

 * stress en kbar 
1 sigma potentiel (1,1) (2,1) (3,1) =   2180.153508     -0.5043918829E-01  0.2153432124E-01
2 sigma potentiel (1,2) (2,2) (3,2) = -0.5043918829E-01   2179.705157      0.2611494962E-01
3 sigma potentiel (1,3) (2,3) (3,3) =  0.2153432124E-01  0.2611494962E-01   2180.416199    

1 sigma cinetique (1,1) (2,1) (3,1) =   2.128194782     -0.6525393352E-01 -0.3218790443E-01
2 sigma cinetique (1,2) (2,2) (3,2) = -0.6525393352E-01   1.920686766     -0.7135245028E-01
3 sigma cinetique (1,3) (2,3) (3,3) = -0.3218790443E-01 -0.7135245028E-01   2.107679928    

1 sigma total (1,1) (2,1) (3,1) =   2182.281703     -0.1156931218     -0.1065358319E-01
2 sigma total (1,2) (2,2) (3,2) = -0.1156931218       2181.625844     -0.4523750067E-01
3 sigma total (1,3) (2,3) (3,3) = -0.1065358319E-01 -0.4523750067E-01   2182.523879    

        98 0.980E-13*Pression =     2182.1    
 pression totale  potentiel = cinetique =
    2182.1        2180.1        2.0522    
 ----------valeurs moyennes------------
*temperature moyenne =       180.52
*pression moyenne =     2181.2    
 --------------------------------------


<<<<<<<<  ITERATION =     99  time =   0.9900000E-13


 --------- Temperatures et Pression--------
 ----------valeurs instantanees------------
        99 0.990E-13*Epot =    -15282.6178132      eV 
    *energie paire 2 corps =    -15319.5237083      eV 
    *energie pot coul recip =     36.9058951132      eV 
        99 0.990E-13*Ec =     20.1599430178      eV   (203.082 K)
        99 0.990E-13*Etot =    -15262.4578702      eV 

        99 0.990E-13*Temp instantanee = 203.082

*temp instantanee des atomes de type 1 =       200.14
*temp instantanee des atomes de type 2 =       208.97

 * stress en kbar 
1 sigma potentiel (1,1) (2,1) (3,1) =   2180.172510     -0.3805216791E-01  0.5354941780E-01
2 sigma potentiel (1,2) (2,2) (3,2) = -0.3805216791E-01   2179.719398      0.3653897666E-01
3 sigma potentiel (1,3) (2,3) (3,3) =  0.5354941780E-01  0.3653897666E-01   2180.422552    

1 sigma cinetique (1,1) (2,1) (3,1) =   2.144555275     -0.6751698403E-01 -0.3922692116E-01
2 sigma cinetique (1,2) (2,2) (3,2) = -0.6751698403E-01   1.923010969     -0.6738877290E-01
3 sigma cinetique (1,3) (2,3) (3,3) = -0.3922692116E-01 -0.6738877290E-01   2.106398592    

1 sigma total (1,1) (2,1) (3,1) =   2182.317065     -0.1055691519      0.1432249664E-01
2 sigma total (1,2) (2,2) (3,2) = -0.1055691519       2181.642409     -0.3084979624E-01
3 sigma total (1,3) (2,3) (3,3) =  0.1432249664E-01 -0.3084979624E-01   2182.528951    

        99 0.990E-13*Pression =     2182.2    
 pression totale  potentiel = cinetique =
    2182.2        2180.1        2.0580    
 ----------valeurs moyennes------------
*temperature moyenne =       180.75
*pression moyenne =     2181.2    
 --------------------------------------


<<<<<<<<  ITERATION =    100  time =   0.1000000E-12


 --------- Temperatures et Pression--------
 ----------valeurs instantanees------------
       100 0.100E-12*Epot =    -15282.6657499      eV 
    *energie paire 2 corps =    -15319.6131911      eV 
    *energie pot coul recip =     36.9474412679      eV 
       100 0.100E-12*Ec =     20.2080346806      eV   (203.567 K)
       100 0.100E-12*Etot =    -15262.4577152      eV 

       100 0.100E-12*Temp instantanee = 203.567

*temp instantanee des atomes de type 1 =       200.47
*temp instantanee des atomes de type 2 =       209.76

 * stress en kbar 
1 sigma potentiel (1,1) (2,1) (3,1) =   2180.207275     -0.2529484605E-01  0.8485207667E-01
2 sigma potentiel (1,2) (2,2) (3,2) = -0.2529484605E-01   2179.729113      0.5446474322E-01
3 sigma potentiel (1,3) (2,3) (3,3) =  0.8485207667E-01  0.5446474322E-01   2180.423958    

1 sigma cinetique (1,1) (2,1) (3,1) =   2.159735723     -0.6986210161E-01 -0.4609601115E-01
2 sigma cinetique (1,2) (2,2) (3,2) = -0.6986210161E-01   1.923879240     -0.6359592899E-01
3 sigma cinetique (1,3) (2,3) (3,3) = -0.4609601115E-01 -0.6359592899E-01   2.105077902    

1 sigma total (1,1) (2,1) (3,1) =   2182.367011     -0.9515694766E-01  0.3875606552E-01
2 sigma total (1,2) (2,2) (3,2) = -0.9515694766E-01   2181.652992     -0.9131185770E-02
3 sigma total (1,3) (2,3) (3,3) =  0.3875606552E-01 -0.9131185770E-02   2182.529036    

       100 0.100E-12*Pression =     2182.2    
 pression totale  potentiel = cinetique =
    2182.2        2180.1        2.0629    
 ----------valeurs moyennes------------
*temperature moyenne =       180.97
*pression moyenne =     2181.2    
 --------------------------------------


<<<<<<<<  ITERATION =    101  time =   0.1010000E-12


 --------- Temperatures et Pression--------
 ----------valeurs instantanees------------
       101 0.101E-12*Epot =    -15282.7072901      eV 
    *energie paire 2 corps =    -15319.6892167      eV 
    *energie pot coul recip =     36.9819265431      eV 
       101 0.101E-12*Ec =     20.2497257813      eV   (203.987 K)
       101 0.101E-12*Etot =    -15262.4575644      eV 

       101 0.101E-12*Temp instantanee = 203.987

*temp instantanee des atomes de type 1 =       200.99
*temp instantanee des atomes de type 2 =       209.98

 * stress en kbar 
1 sigma potentiel (1,1) (2,1) (3,1) =   2180.247483     -0.1322135863E-01  0.1089226863    
2 sigma potentiel (1,2) (2,2) (3,2) = -0.1322135863E-01   2179.753486      0.6516862803E-01
3 sigma potentiel (1,3) (2,3) (3,3) =  0.1089226863      0.6516862803E-01   2180.449386    

1 sigma cinetique (1,1) (2,1) (3,1) =   2.173810912     -0.7228119948E-01 -0.5264253006E-01
2 sigma cinetique (1,2) (2,2) (3,2) = -0.7228119948E-01   1.923541295     -0.6006176746E-01
3 sigma cinetique (1,3) (2,3) (3,3) = -0.5264253006E-01 -0.6006176746E-01   2.104108522    

1 sigma total (1,1) (2,1) (3,1) =   2182.421294     -0.8550255811E-01  0.5628015620E-01
2 sigma total (1,2) (2,2) (3,2) = -0.8550255811E-01   2181.677027      0.5106860566E-02
3 sigma total (1,3) (2,3) (3,3) =  0.5628015620E-01  0.5106860566E-02   2182.553495    

       101 0.101E-12*Pression =     2182.2    
 pression totale  potentiel = cinetique =
    2182.2        2180.2        2.0672    
 ----------valeurs moyennes------------
*temperature moyenne =       181.20
*pression moyenne =     2181.2    
 --------------------------------------


<<<<<<<<  ITERATION =    102  time =   0.1020000E-12


 --------- Temperatures et Pression--------
 ----------valeurs instantanees------------
       102 0.102E-12*Epot =    -15282.7444824      eV 
    *energie paire 2 corps =    -15319.7525145      eV 
    *energie pot coul recip =     37.0080321657      eV 
       102 0.102E-12*Ec =     20.2870556410      eV   (204.363 K)
       102 0.102E-12*Etot =    -15262.4574267      eV 

       102 0.102E-12*Temp instantanee = 204.363

*temp instantanee des atomes de type 1 =       201.71
*temp instantanee des atomes de type 2 =       209.67

 * stress en kbar 
1 sigma potentiel (1,1) (2,1) (3,1) =   2180.294094      0.4843412060E-03  0.1365878466    
2 sigma potentiel (1,2) (2,2) (3,2) =  0.4843412061E-03   2179.764497      0.8370941460E-01
3 sigma potentiel (1,3) (2,3) (3,3) =  0.1365878466      0.8370941460E-01   2180.480271    

1 sigma cinetique (1,1) (2,1) (3,1) =   2.186853591     -0.7473049414E-01 -0.5872431127E-01
2 sigma cinetique (1,2) (2,2) (3,2) = -0.7473049414E-01   1.922234523     -0.5685587918E-01
3 sigma cinetique (1,3) (2,3) (3,3) = -0.5872431127E-01 -0.5685587918E-01   2.103804852    

1 sigma total (1,1) (2,1) (3,1) =   2182.480948     -0.7424615293E-01  0.7786353533E-01
2 sigma total (1,2) (2,2) (3,2) = -0.7424615293E-01   2181.686732      0.2685353542E-01
3 sigma total (1,3) (2,3) (3,3) =  0.7786353533E-01  0.2685353542E-01   2182.584076    

       102 0.102E-12*Pression =     2182.3    
 pression totale  potentiel = cinetique =
    2182.3        2180.2        2.0710    
 ----------valeurs moyennes------------
*temperature moyenne =       181.43
*pression moyenne =     2181.2    
 --------------------------------------


<<<<<<<<  ITERATION =    103  time =   0.1030000E-12


 --------- Temperatures et Pression--------
 ----------valeurs instantanees------------
       103 0.103E-12*Epot =    -15282.7792121      eV 
    *energie paire 2 corps =    -15319.8040746      eV 
    *energie pot coul recip =     37.0248624186      eV 
       103 0.103E-12*Ec =     20.3219040712      eV   (204.714 K)
       103 0.103E-12*Etot =    -15262.4573081      eV 

       103 0.103E-12*Temp instantanee = 204.714

*temp instantanee des atomes de type 1 =       202.63
*temp instantanee des atomes de type 2 =       208.88

 * stress en kbar 
1 sigma potentiel (1,1) (2,1) (3,1) =   2180.348325      0.5319315429E-02  0.1620762879    
2 sigma potentiel (1,2) (2,2) (3,2) =  0.5319315429E-02   2179.798608      0.9539528580E-01
3 sigma potentiel (1,3) (2,3) (3,3) =  0.1620762879      0.9539528580E-01   2180.502601    

1 sigma cinetique (1,1) (2,1) (3,1) =   2.198918709     -0.7715813712E-01 -0.6421035063E-01
2 sigma cinetique (1,2) (2,2) (3,2) = -0.7715813712E-01   1.920206206     -0.5402847230E-01
3 sigma cinetique (1,3) (2,3) (3,3) = -0.6421035063E-01 -0.5402847230E-01   2.104440352    

1 sigma total (1,1) (2,1) (3,1) =   2182.547243     -0.7183882170E-01  0.9786593724E-01
2 sigma total (1,2) (2,2) (3,2) = -0.7183882170E-01   2181.718814      0.4136681350E-01
3 sigma total (1,3) (2,3) (3,3) =  0.9786593724E-01  0.4136681350E-01   2182.607042    

       103 0.103E-12*Pression =     2182.3    
 pression totale  potentiel = cinetique =
    2182.3        2180.2        2.0745    
 ----------valeurs moyennes------------
*temperature moyenne =       181.66
*pression moyenne =     2181.2    
 --------------------------------------


<<<<<<<<  ITERATION =    104  time =   0.1040000E-12


 --------- Temperatures et Pression--------
 ----------valeurs instantanees------------
       104 0.104E-12*Epot =    -15282.8130512      eV 
    *energie paire 2 corps =    -15319.8450298      eV 
    *energie pot coul recip =     37.0319785918      eV 
       104 0.104E-12*Ec =     20.3558039304      eV   (205.055 K)
       104 0.104E-12*Etot =    -15262.4572473      eV 

       104 0.104E-12*Temp instantanee = 205.055

*temp instantanee des atomes de type 1 =       203.76
*temp instantanee des atomes de type 2 =       207.65

 * stress en kbar 
1 sigma potentiel (1,1) (2,1) (3,1) =   2180.405463      0.1226544335E-01  0.1821974899    
2 sigma potentiel (1,2) (2,2) (3,2) =  0.1226544335E-01   2179.842013      0.1143330523    
3 sigma potentiel (1,3) (2,3) (3,3) =  0.1821974899      0.1143330523       2180.551540    

1 sigma cinetique (1,1) (2,1) (3,1) =   2.210031054     -0.7948246354E-01 -0.6898530321E-01
2 sigma cinetique (1,2) (2,2) (3,2) = -0.7948246354E-01   1.917706692     -0.5160351904E-01
3 sigma cinetique (1,3) (2,3) (3,3) = -0.6898530321E-01 -0.5160351904E-01   2.106209323    

1 sigma total (1,1) (2,1) (3,1) =   2182.615494     -0.6721702019E-01  0.1132121867    
2 sigma total (1,2) (2,2) (3,2) = -0.6721702019E-01   2181.759719      0.6272953331E-01
3 sigma total (1,3) (2,3) (3,3) =  0.1132121867      0.6272953331E-01   2182.657750    

       104 0.104E-12*Pression =     2182.3    
 pression totale  potentiel = cinetique =
    2182.3        2180.3        2.0780    
 ----------valeurs moyennes------------
*temperature moyenne =       181.88
*pression moyenne =     2181.2    
 --------------------------------------


<<<<<<<<  ITERATION =    105  time =   0.1050000E-12


 --------- Temperatures et Pression--------
 ----------valeurs instantanees------------
       105 0.105E-12*Epot =    -15282.8470963      eV 
    *energie paire 2 corps =    -15319.8765091      eV 
    *energie pot coul recip =     37.0294127580      eV 
       105 0.105E-12*Ec =     20.3899224848      eV   (205.399 K)
       105 0.105E-12*Etot =    -15262.4571738      eV 

       105 0.105E-12*Temp instantanee = 205.399

*temp instantanee des atomes de type 1 =       205.08
*temp instantanee des atomes de type 2 =       206.03

 * stress en kbar 
1 sigma potentiel (1,1) (2,1) (3,1) =   2180.475424      0.2001033278E-01  0.2028848890    
2 sigma potentiel (1,2) (2,2) (3,2) =  0.2001033278E-01   2179.879135      0.1289581101    
3 sigma potentiel (1,3) (2,3) (3,3) =  0.2028848890      0.1289581101       2180.606336    

1 sigma cinetique (1,1) (2,1) (3,1) =   2.220201798     -0.8159016479E-01 -0.7297045450E-01
2 sigma cinetique (1,2) (2,2) (3,2) = -0.8159016479E-01   1.914969976     -0.4958492836E-01
3 sigma cinetique (1,3) (2,3) (3,3) = -0.7297045450E-01 -0.4958492836E-01   2.109224073    

1 sigma total (1,1) (2,1) (3,1) =   2182.695626     -0.6157983200E-01  0.1299144345    
2 sigma total (1,2) (2,2) (3,2) = -0.6157983200E-01   2181.794105      0.7937318179E-01
3 sigma total (1,3) (2,3) (3,3) =  0.1299144345      0.7937318179E-01   2182.715560    

       105 0.105E-12*Pression =     2182.4    
 pression totale  potentiel = cinetique =
    2182.4        2180.3        2.0815    
 ----------valeurs moyennes------------
*temperature moyenne =       182.10
*pression moyenne =     2181.2    
 --------------------------------------


<<<<<<<<  ITERATION =    106  time =   0.1060000E-12


 --------- Temperatures et Pression--------
 ----------valeurs instantanees------------
       106 0.106E-12*Epot =    -15282.8821372      eV 
    *energie paire 2 corps =    -15319.8997874      eV 
    *energie pot coul recip =     37.0176502126      eV 
       106 0.106E-12*Ec =     20.4250343756      eV   (205.753 K)
       106 0.106E-12*Etot =    -15262.4571028      eV 

       106 0.106E-12*Temp instantanee = 205.753

*temp instantanee des atomes de type 1 =       206.61
*temp instantanee des atomes de type 2 =       204.04

 * stress en kbar 
1 sigma potentiel (1,1) (2,1) (3,1) =   2180.532697      0.2152116687E-01  0.2173294357    
2 sigma potentiel (1,2) (2,2) (3,2) =  0.2152116687E-01   2179.920156      0.1476911070    
3 sigma potentiel (1,3) (2,3) (3,3) =  0.2173294357      0.1476911070       2180.659301    

1 sigma cinetique (1,1) (2,1) (3,1) =   2.229428811     -0.8337270623E-01 -0.7610699482E-01
2 sigma cinetique (1,2) (2,2) (3,2) = -0.8337270623E-01   1.912195625     -0.4794805555E-01
3 sigma cinetique (1,3) (2,3) (3,3) = -0.7610699482E-01 -0.4794805555E-01   2.113524396    

1 sigma total (1,1) (2,1) (3,1) =   2182.762125     -0.6185153936E-01  0.1412224409    
2 sigma total (1,2) (2,2) (3,2) = -0.6185153936E-01   2181.832351      0.9974305149E-01
3 sigma total (1,3) (2,3) (3,3) =  0.1412224409      0.9974305149E-01   2182.772825    

       106 0.106E-12*Pression =     2182.5    
 pression totale  potentiel = cinetique =
    2182.5        2180.4        2.0850    
 ----------valeurs moyennes------------
*temperature moyenne =       182.33
*pression moyenne =     2181.2    
 --------------------------------------


<<<<<<<<  ITERATION =    107  time =   0.1070000E-12


 --------- Temperatures et Pression--------
 ----------valeurs instantanees------------
       107 0.107E-12*Epot =    -15282.9186642      eV 
    *energie paire 2 corps =    -15319.9162640      eV 
    *energie pot coul recip =     36.9975998251      eV 
       107 0.107E-12*Ec =     20.4615669791      eV   (206.121 K)
       107 0.107E-12*Etot =    -15262.4570972      eV 

       107 0.107E-12*Temp instantanee = 206.121

*temp instantanee des atomes de type 1 =       208.33
*temp instantanee des atomes de type 2 =       201.70

 * stress en kbar 
1 sigma potentiel (1,1) (2,1) (3,1) =   2180.619862      0.2427485695E-01  0.2292478680    
2 sigma potentiel (1,2) (2,2) (3,2) =  0.2427485695E-01   2179.987569      0.1651490798    
3 sigma potentiel (1,3) (2,3) (3,3) =  0.2292478680      0.1651490798       2180.719141    

1 sigma cinetique (1,1) (2,1) (3,1) =   2.237712231     -0.8470039990E-01 -0.7835447711E-01
2 sigma cinetique (1,2) (2,2) (3,2) = -0.8470039990E-01   1.909565471     -0.4663885717E-01
3 sigma cinetique (1,3) (2,3) (3,3) = -0.7835447711E-01 -0.4663885717E-01   2.119059207    

1 sigma total (1,1) (2,1) (3,1) =   2182.857575     -0.6042554295E-01  0.1508933908    
2 sigma total (1,2) (2,2) (3,2) = -0.6042554295E-01   2181.897135      0.1185102226    
3 sigma total (1,3) (2,3) (3,3) =  0.1508933908      0.1185102226       2182.838200    

       107 0.107E-12*Pression =     2182.5    
 pression totale  potentiel = cinetique =
    2182.5        2180.4        2.0888    
 ----------valeurs moyennes------------
*temperature moyenne =       182.55
*pression moyenne =     2181.3    
 --------------------------------------


<<<<<<<<  ITERATION =    108  time =   0.1080000E-12


 --------- Temperatures et Pression--------
 ----------valeurs instantanees------------
       108 0.108E-12*Epot =    -15282.9566875      eV 
    *energie paire 2 corps =    -15319.9272281      eV 
    *energie pot coul recip =     36.9705406076      eV 
       108 0.108E-12*Ec =     20.4995995688      eV   (206.504 K)
       108 0.108E-12*Etot =    -15262.4570879      eV 

       108 0.108E-12*Temp instantanee = 206.504

*temp instantanee des atomes de type 1 =       210.23
*temp instantanee des atomes de type 2 =       199.05

 * stress en kbar 
1 sigma potentiel (1,1) (2,1) (3,1) =   2180.705462      0.2550340364E-01  0.2358725417    
2 sigma potentiel (1,2) (2,2) (3,2) =  0.2550340364E-01   2180.044388      0.1890055278    
3 sigma potentiel (1,3) (2,3) (3,3) =  0.2358725417      0.1890055278       2180.784656    

1 sigma cinetique (1,1) (2,1) (3,1) =   2.245039301     -0.8544486760E-01 -0.7969038600E-01
2 sigma cinetique (1,2) (2,2) (3,2) = -0.8544486760E-01   1.907237061     -0.4558737070E-01
3 sigma cinetique (1,3) (2,3) (3,3) = -0.7969038600E-01 -0.4558737070E-01   2.125707995    

1 sigma total (1,1) (2,1) (3,1) =   2182.950501     -0.5994146396E-01  0.1561821557    
2 sigma total (1,2) (2,2) (3,2) = -0.5994146396E-01   2181.951625      0.1434181571    
3 sigma total (1,3) (2,3) (3,3) =  0.1561821557      0.1434181571       2182.910364    

       108 0.108E-12*Pression =     2182.6    
 pression totale  potentiel = cinetique =
    2182.6        2180.5        2.0927    
 ----------valeurs moyennes------------
*temperature moyenne =       182.77
*pression moyenne =     2181.3    
 --------------------------------------


<<<<<<<<  ITERATION =    109  time =   0.1090000E-12


 --------- Temperatures et Pression--------
 ----------valeurs instantanees------------
       109 0.109E-12*Epot =    -15282.9959937      eV 
    *energie paire 2 corps =    -15319.9340326      eV 
    *energie pot coul recip =     36.9380388703      eV 
       109 0.109E-12*Ec =     20.5389044768      eV   (206.900 K)
       109 0.109E-12*Etot =    -15262.4570893      eV 

       109 0.109E-12*Temp instantanee = 206.900

*temp instantanee des atomes de type 1 =       212.30
*temp instantanee des atomes de type 2 =       196.10

 * stress en kbar 
1 sigma potentiel (1,1) (2,1) (3,1) =   2180.784822      0.2510666827E-01  0.2391408600    
2 sigma potentiel (1,2) (2,2) (3,2) =  0.2510666827E-01   2180.106091      0.2048600584    
3 sigma potentiel (1,3) (2,3) (3,3) =  0.2391408600      0.2048600584       2180.862096    

1 sigma cinetique (1,1) (2,1) (3,1) =   2.251369081     -0.8549437756E-01 -0.8012069436E-01
2 sigma cinetique (1,2) (2,2) (3,2) = -0.8549437756E-01   1.905333568     -0.4471689152E-01
3 sigma cinetique (1,3) (2,3) (3,3) = -0.8012069436E-01 -0.4471689152E-01   2.133318802    

1 sigma total (1,1) (2,1) (3,1) =   2183.036191     -0.6038770929E-01  0.1590201656    
2 sigma total (1,2) (2,2) (3,2) = -0.6038770929E-01   2182.011424      0.1601431669    
3 sigma total (1,3) (2,3) (3,3) =  0.1590201656      0.1601431669       2182.995415    

       109 0.109E-12*Pression =     2182.7    
 pression totale  potentiel = cinetique =
    2182.7        2180.6        2.0967    
 ----------valeurs moyennes------------
*temperature moyenne =       182.99
*pression moyenne =     2181.3    
 --------------------------------------


<<<<<<<<  ITERATION =    110  time =   0.1100000E-12


 --------- Temperatures et Pression--------
 ----------valeurs instantanees------------
       110 0.110E-12*Epot =    -15283.0362344      eV 
    *energie paire 2 corps =    -15319.9381149      eV 
    *energie pot coul recip =     36.9018804939      eV 
       110 0.110E-12*Ec =     20.5790976763      eV   (207.305 K)
       110 0.110E-12*Etot =    -15262.4571367      eV 

       110 0.110E-12*Temp instantanee = 207.305

*temp instantanee des atomes de type 1 =       214.53
*temp instantanee des atomes de type 2 =       192.86

 * stress en kbar 
1 sigma potentiel (1,1) (2,1) (3,1) =   2180.879670      0.2064996779E-01  0.2371075424    
2 sigma potentiel (1,2) (2,2) (3,2) =  0.2064996779E-01   2180.181938      0.2260118276    
3 sigma potentiel (1,3) (2,3) (3,3) =  0.2371075424      0.2260118276       2180.946258    

1 sigma cinetique (1,1) (2,1) (3,1) =   2.256688749     -0.8474381924E-01 -0.7967166152E-01
2 sigma cinetique (1,2) (2,2) (3,2) = -0.8474381924E-01   1.903966663     -0.4393470320E-01
3 sigma cinetique (1,3) (2,3) (3,3) = -0.7967166152E-01 -0.4393470320E-01   2.141675170    

1 sigma total (1,1) (2,1) (3,1) =   2183.136358     -0.6409385144E-01  0.1574358809    
2 sigma total (1,2) (2,2) (3,2) = -0.6409385144E-01   2182.085904      0.1820771244    
3 sigma total (1,3) (2,3) (3,3) =  0.1574358809      0.1820771244       2183.087933    

       110 0.110E-12*Pression =     2182.8    
 pression totale  potentiel = cinetique =
    2182.8        2180.7        2.1008    
 ----------valeurs moyennes------------
*temperature moyenne =       183.21
*pression moyenne =     2181.3    
 --------------------------------------


<<<<<<<<  ITERATION =    111  time =   0.1110000E-12


 --------- Temperatures et Pression--------
 ----------valeurs instantanees------------
       111 0.111E-12*Epot =    -15283.0768884      eV 
    *energie paire 2 corps =    -15319.9408500      eV 
    *energie pot coul recip =     36.8639615739      eV 
       111 0.111E-12*Ec =     20.6197235512      eV   (207.714 K)
       111 0.111E-12*Etot =    -15262.4571649      eV 

       111 0.111E-12*Temp instantanee = 207.714

*temp instantanee des atomes de type 1 =       216.90
*temp instantanee des atomes de type 2 =       189.35

 * stress en kbar 
1 sigma potentiel (1,1) (2,1) (3,1) =   2180.972978      0.1465907963E-01  0.2337325980    
2 sigma potentiel (1,2) (2,2) (3,2) =  0.1465907963E-01   2180.260489      0.2478806698    
3 sigma potentiel (1,3) (2,3) (3,3) =  0.2337325980      0.2478806698       2181.030869    

1 sigma cinetique (1,1) (2,1) (3,1) =   2.261014287     -0.8311624091E-01 -0.7838974579E-01
2 sigma cinetique (1,2) (2,2) (3,2) = -0.8311624091E-01   1.903217575     -0.4312376909E-01
3 sigma cinetique (1,3) (2,3) (3,3) = -0.7838974579E-01 -0.4312376909E-01   2.150540360    

1 sigma total (1,1) (2,1) (3,1) =   2183.233993     -0.6845716128E-01  0.1553428522    
2 sigma total (1,2) (2,2) (3,2) = -0.6845716128E-01   2182.163707      0.2047569007    
3 sigma total (1,3) (2,3) (3,3) =  0.1553428522      0.2047569007       2183.181409    

       111 0.111E-12*Pression =     2182.9    
 pression totale  potentiel = cinetique =
    2182.9        2180.8        2.1049    
 ----------valeurs moyennes------------
*temperature moyenne =       183.44
*pression moyenne =     2181.3    
 --------------------------------------


<<<<<<<<  ITERATION =    112  time =   0.1120000E-12


 --------- Temperatures et Pression--------
 ----------valeurs instantanees------------
       112 0.112E-12*Epot =    -15283.1174121      eV 
    *energie paire 2 corps =    -15319.9436138      eV 
    *energie pot coul recip =     36.8262017049      eV 
       112 0.112E-12*Ec =     20.6603014940      eV   (208.123 K)
       112 0.112E-12*Etot =    -15262.4571106      eV 

       112 0.112E-12*Temp instantanee = 208.123

*temp instantanee des atomes de type 1 =       219.39
*temp instantanee des atomes de type 2 =       185.59

 * stress en kbar 
1 sigma potentiel (1,1) (2,1) (3,1) =   2181.060056      0.1107083273E-01  0.2253462512    
2 sigma potentiel (1,2) (2,2) (3,2) =  0.1107083273E-01   2180.333757      0.2666935406    
3 sigma potentiel (1,3) (2,3) (3,3) =  0.2253462512      0.2666935406       2181.122024    

1 sigma cinetique (1,1) (2,1) (3,1) =   2.264377291     -0.8054827208E-01 -0.7634485085E-01
2 sigma cinetique (1,2) (2,2) (3,2) = -0.8054827208E-01   1.903141200     -0.4215647248E-01
3 sigma cinetique (1,3) (2,3) (3,3) = -0.7634485085E-01 -0.4215647248E-01   2.159680689    

1 sigma total (1,1) (2,1) (3,1) =   2183.324433     -0.6947743934E-01  0.1490014004    
2 sigma total (1,2) (2,2) (3,2) = -0.6947743934E-01   2182.236898      0.2245370681    
3 sigma total (1,3) (2,3) (3,3) =  0.1490014004      0.2245370681       2183.281704    

       112 0.112E-12*Pression =     2182.9    
 pression totale  potentiel = cinetique =
    2182.9        2180.8        2.1091    
 ----------valeurs moyennes------------
*temperature moyenne =       183.66
*pression moyenne =     2181.3    
 --------------------------------------


<<<<<<<<  ITERATION =    113  time =   0.1130000E-12


 --------- Temperatures et Pression--------
 ----------valeurs instantanees------------
       113 0.113E-12*Epot =    -15283.1574764      eV 
    *energie paire 2 corps =    -15319.9479173      eV 
    *energie pot coul recip =     36.7904409429      eV 
       113 0.113E-12*Ec =     20.7003871817      eV   (208.527 K)
       113 0.113E-12*Etot =    -15262.4570892      eV 

       113 0.113E-12*Temp instantanee = 208.527

*temp instantanee des atomes de type 1 =       222.00
*temp instantanee des atomes de type 2 =       181.58

 * stress en kbar 
1 sigma potentiel (1,1) (2,1) (3,1) =   2181.181000      0.2897793363E-02  0.2130357369    
2 sigma potentiel (1,2) (2,2) (3,2) =  0.2897793363E-02   2180.416198      0.2889277350    
3 sigma potentiel (1,3) (2,3) (3,3) =  0.2130357369      0.2889277350       2181.211533    

1 sigma cinetique (1,1) (2,1) (3,1) =   2.266838684     -0.7701780914E-01 -0.7361375844E-01
2 sigma cinetique (1,2) (2,2) (3,2) = -0.7701780914E-01   1.903794399     -0.4092232057E-01
3 sigma cinetique (1,3) (2,3) (3,3) = -0.7361375844E-01 -0.4092232057E-01   2.168842304    

1 sigma total (1,1) (2,1) (3,1) =   2183.447838     -0.7412001577E-01  0.1394219785    
2 sigma total (1,2) (2,2) (3,2) = -0.7412001577E-01   2182.319992      0.2480054144    
3 sigma total (1,3) (2,3) (3,3) =  0.1394219785      0.2480054144       2183.380376    

       113 0.113E-12*Pression =     2183.0    
 pression totale  potentiel = cinetique =
    2183.0        2180.9        2.1132    
 ----------valeurs moyennes------------
*temperature moyenne =       183.88
*pression moyenne =     2181.3    
 --------------------------------------


<<<<<<<<  ITERATION =    114  time =   0.1140000E-12


 --------- Temperatures et Pression--------
 ----------valeurs instantanees------------
       114 0.114E-12*Epot =    -15283.1968547      eV 
    *energie paire 2 corps =    -15319.9552015      eV 
    *energie pot coul recip =     36.7583468543      eV 
       114 0.114E-12*Ec =     20.7398258540      eV   (208.924 K)
       114 0.114E-12*Etot =    -15262.4570288      eV 

       114 0.114E-12*Temp instantanee = 208.924

*temp instantanee des atomes de type 1 =       224.70
*temp instantanee des atomes de type 2 =       177.36

 * stress en kbar 
1 sigma potentiel (1,1) (2,1) (3,1) =   2181.284283     -0.7771775928E-02  0.1998509829    
2 sigma potentiel (1,2) (2,2) (3,2) = -0.7771775928E-02   2180.509069      0.3078244268    
3 sigma potentiel (1,3) (2,3) (3,3) =  0.1998509829      0.3078244268       2181.300390    

1 sigma cinetique (1,1) (2,1) (3,1) =   2.268502161     -0.7255375121E-01 -0.7028533217E-01
2 sigma cinetique (1,2) (2,2) (3,2) = -0.7255375121E-01   1.905228039     -0.3931539373E-01
3 sigma cinetique (1,3) (2,3) (3,3) = -0.7028533217E-01 -0.3931539373E-01   2.177823245    

1 sigma total (1,1) (2,1) (3,1) =   2183.552785     -0.8032552714E-01  0.1295656507    
2 sigma total (1,2) (2,2) (3,2) = -0.8032552714E-01   2182.414297      0.2685090330    
3 sigma total (1,3) (2,3) (3,3) =  0.1295656507      0.2685090330       2183.478213    

       114 0.114E-12*Pression =     2183.1    
 pression totale  potentiel = cinetique =
    2183.1        2181.0        2.1172    
 ----------valeurs moyennes------------
*temperature moyenne =       184.10
*pression moyenne =     2181.4    
 --------------------------------------


<<<<<<<<  ITERATION =    115  time =   0.1150000E-12


 --------- Temperatures et Pression--------
 ----------valeurs instantanees------------
       115 0.115E-12*Epot =    -15283.2356377      eV 
    *energie paire 2 corps =    -15319.9669753      eV 
    *energie pot coul recip =     36.7313376174      eV 
       115 0.115E-12*Ec =     20.7786851290      eV   (209.315 K)
       115 0.115E-12*Etot =    -15262.4569526      eV 

       115 0.115E-12*Temp instantanee = 209.315

*temp instantanee des atomes de type 1 =       227.49
*temp instantanee des atomes de type 2 =       172.96

 * stress en kbar 
1 sigma potentiel (1,1) (2,1) (3,1) =   2181.380481     -0.1783369625E-01  0.1796682038    
2 sigma potentiel (1,2) (2,2) (3,2) = -0.1783369625E-01   2180.591741      0.3267937605    
3 sigma potentiel (1,3) (2,3) (3,3) =  0.1796682038      0.3267937605       2181.401515    

1 sigma cinetique (1,1) (2,1) (3,1) =   2.269521070     -0.6722609515E-01 -0.6644547316E-01
2 sigma cinetique (1,2) (2,2) (3,2) = -0.6722609515E-01   1.907488279     -0.3721548511E-01
3 sigma cinetique (1,3) (2,3) (3,3) = -0.6644547316E-01 -0.3721548511E-01   2.186444715    

1 sigma total (1,1) (2,1) (3,1) =   2183.650002     -0.8505979140E-01  0.1132227307    
2 sigma total (1,2) (2,2) (3,2) = -0.8505979140E-01   2182.499230      0.2895782754    
3 sigma total (1,3) (2,3) (3,3) =  0.1132227307      0.2895782754       2183.587959    

       115 0.115E-12*Pression =     2183.2    
 pression totale  potentiel = cinetique =
    2183.2        2181.1        2.1212    
 ----------valeurs moyennes------------
*temperature moyenne =       184.31
*pression moyenne =     2181.4    
 --------------------------------------


<<<<<<<<  ITERATION =    116  time =   0.1160000E-12


 --------- Temperatures et Pression--------
 ----------valeurs instantanees------------
       116 0.116E-12*Epot =    -15283.2743095      eV 
    *energie paire 2 corps =    -15319.9848203      eV 
    *energie pot coul recip =     36.7105108028      eV 
       116 0.116E-12*Ec =     20.8174478079      eV   (209.706 K)
       116 0.116E-12*Etot =    -15262.4568617      eV 

       116 0.116E-12*Temp instantanee = 209.706

*temp instantanee des atomes de type 1 =       230.36
*temp instantanee des atomes de type 2 =       168.40

 * stress en kbar 
1 sigma potentiel (1,1) (2,1) (3,1) =   2181.479580     -0.3188241160E-01  0.1627555769    
2 sigma potentiel (1,2) (2,2) (3,2) = -0.3188241160E-01   2180.678130      0.3521022906    
3 sigma potentiel (1,3) (2,3) (3,3) =  0.1627555769      0.3521022906       2181.506382    

1 sigma cinetique (1,1) (2,1) (3,1) =   2.270095694     -0.6114072131E-01 -0.6220190861E-01
2 sigma cinetique (1,2) (2,2) (3,2) = -0.6114072131E-01   1.910638404     -0.3451937078E-01
3 sigma cinetique (1,3) (2,3) (3,3) = -0.6220190861E-01 -0.3451937078E-01   2.194591003    

1 sigma total (1,1) (2,1) (3,1) =   2183.749676     -0.9302313291E-01  0.1005536683    
2 sigma total (1,2) (2,2) (3,2) = -0.9302313291E-01   2182.588768      0.3175829198    
3 sigma total (1,3) (2,3) (3,3) =  0.1005536683      0.3175829198       2183.700973    

       116 0.116E-12*Pression =     2183.3    
 pression totale  potentiel = cinetique =
    2183.3        2181.2        2.1251    
 ----------valeurs moyennes------------
*temperature moyenne =       184.53
*pression moyenne =     2181.4    
 --------------------------------------


<<<<<<<<  ITERATION =    117  time =   0.1170000E-12


 --------- Temperatures et Pression--------
 ----------valeurs instantanees------------
       117 0.117E-12*Epot =    -15283.3137667      eV 
    *energie paire 2 corps =    -15320.0103637      eV 
    *energie pot coul recip =     36.6965970088      eV 
       117 0.117E-12*Ec =     20.8570128654      eV   (210.104 K)
       117 0.117E-12*Etot =    -15262.4567538      eV 

       117 0.117E-12*Temp instantanee = 210.104

*temp instantanee des atomes de type 1 =       233.29
*temp instantanee des atomes de type 2 =       163.74

 * stress en kbar 
1 sigma potentiel (1,1) (2,1) (3,1) =   2181.596893     -0.4116275014E-01  0.1332661399    
2 sigma potentiel (1,2) (2,2) (3,2) = -0.4116275014E-01   2180.777432      0.3689418093    
3 sigma potentiel (1,3) (2,3) (3,3) =  0.1332661399      0.3689418093       2181.610450    

1 sigma cinetique (1,1) (2,1) (3,1) =   2.270483693     -0.5443845950E-01 -0.5766838419E-01
2 sigma cinetique (1,2) (2,2) (3,2) = -0.5443845950E-01   1.914748327     -0.3114633459E-01
3 sigma cinetique (1,3) (2,3) (3,3) = -0.5766838419E-01 -0.3114633459E-01   2.202209845    

1 sigma total (1,1) (2,1) (3,1) =   2183.867377     -0.9560120964E-01  0.7559775575E-01
2 sigma total (1,2) (2,2) (3,2) = -0.9560120964E-01   2182.692181      0.3377954747    
3 sigma total (1,3) (2,3) (3,3) =  0.7559775575E-01  0.3377954747       2183.812660    

       117 0.117E-12*Pression =     2183.5    
 pression totale  potentiel = cinetique =
    2183.5        2181.3        2.1291    
 ----------valeurs moyennes------------
*temperature moyenne =       184.75
*pression moyenne =     2181.4    
 --------------------------------------


<<<<<<<<  ITERATION =    118  time =   0.1180000E-12


 --------- Temperatures et Pression--------
 ----------valeurs instantanees------------
       118 0.118E-12*Epot =    -15283.3553233      eV 
    *energie paire 2 corps =    -15320.0452466      eV 
    *energie pot coul recip =     36.6899233633      eV 
       118 0.118E-12*Ec =     20.8986898774      eV   (210.524 K)
       118 0.118E-12*Etot =    -15262.4566334      eV 

       118 0.118E-12*Temp instantanee = 210.524

*temp instantanee des atomes de type 1 =       236.27
*temp instantanee des atomes de type 2 =       159.03

 * stress en kbar 
1 sigma potentiel (1,1) (2,1) (3,1) =   2181.715787     -0.5538958734E-01  0.1058423221    
2 sigma potentiel (1,2) (2,2) (3,2) = -0.5538958734E-01   2180.869282      0.3892341899    
3 sigma potentiel (1,3) (2,3) (3,3) =  0.1058423221      0.3892341899       2181.714931    

1 sigma cinetique (1,1) (2,1) (3,1) =   2.270996619     -0.4730786616E-01 -0.5294962904E-01
2 sigma cinetique (1,2) (2,2) (3,2) = -0.4730786616E-01   1.919906496     -0.2703550970E-01
3 sigma cinetique (1,3) (2,3) (3,3) = -0.5294962904E-01 -0.2703550970E-01   2.209302298    

1 sigma total (1,1) (2,1) (3,1) =   2183.986784     -0.1026974535      0.5289269302E-01
2 sigma total (1,2) (2,2) (3,2) = -0.1026974535       2182.789188      0.3621986802    
3 sigma total (1,3) (2,3) (3,3) =  0.5289269302E-01  0.3621986802       2183.924233    

       118 0.118E-12*Pression =     2183.6    
 pression totale  potentiel = cinetique =
    2183.6        2181.4        2.1334    
 ----------valeurs moyennes------------
*temperature moyenne =       184.97
*pression moyenne =     2181.4    
 --------------------------------------


<<<<<<<<  ITERATION =    119  time =   0.1190000E-12


 --------- Temperatures et Pression--------
 ----------valeurs instantanees------------
       119 0.119E-12*Epot =    -15283.4007603      eV 
    *energie paire 2 corps =    -15320.0911652      eV 
    *energie pot coul recip =     36.6904049021      eV 
       119 0.119E-12*Ec =     20.9442628067      eV   (210.983 K)
       119 0.119E-12*Etot =    -15262.4564975      eV 

       119 0.119E-12*Temp instantanee = 210.983

*temp instantanee des atomes de type 1 =       239.31
*temp instantanee des atomes de type 2 =       154.33

 * stress en kbar 
1 sigma potentiel (1,1) (2,1) (3,1) =   2181.829781     -0.7190726878E-01  0.8010358466E-01
2 sigma potentiel (1,2) (2,2) (3,2) = -0.7190726878E-01   2180.966449      0.4087085698    
3 sigma potentiel (1,3) (2,3) (3,3) =  0.8010358466E-01  0.4087085698       2181.809880    

1 sigma cinetique (1,1) (2,1) (3,1) =   2.271980939     -0.3997031469E-01 -0.4815318833E-01
2 sigma cinetique (1,2) (2,2) (3,2) = -0.3997031469E-01   1.926222690     -0.2214373375E-01
3 sigma cinetique (1,3) (2,3) (3,3) = -0.4815318833E-01 -0.2214373375E-01   2.215958454    

1 sigma total (1,1) (2,1) (3,1) =   2184.101761     -0.1118775835      0.3195039632E-01
2 sigma total (1,2) (2,2) (3,2) = -0.1118775835       2182.892672      0.3865648360    
3 sigma total (1,3) (2,3) (3,3) =  0.3195039632E-01  0.3865648360       2184.025838    

       119 0.119E-12*Pression =     2183.7    
 pression totale  potentiel = cinetique =
    2183.7        2181.5        2.1381    
 ----------valeurs moyennes------------
*temperature moyenne =       185.19
*pression moyenne =     2181.4    
 --------------------------------------


<<<<<<<<  ITERATION =    120  time =   0.1200000E-12


 --------- Temperatures et Pression--------
 ----------valeurs instantanees------------
       120 0.120E-12*Epot =    -15283.4522123      eV 
    *energie paire 2 corps =    -15320.1497700      eV 
    *energie pot coul recip =     36.6975577515      eV 
       120 0.120E-12*Ec =     20.9959219363      eV   (211.504 K)
       120 0.120E-12*Etot =    -15262.4562903      eV 

       120 0.120E-12*Temp instantanee = 211.504

*temp instantanee des atomes de type 1 =       242.40
*temp instantanee des atomes de type 2 =       149.72

 * stress en kbar 
1 sigma potentiel (1,1) (2,1) (3,1) =   2181.933589     -0.8587829264E-01  0.5294954366E-01
2 sigma potentiel (1,2) (2,2) (3,2) = -0.8587829264E-01   2181.049051      0.4237017684    
3 sigma potentiel (1,3) (2,3) (3,3) =  0.5294954366E-01  0.4237017684       2181.909011    

1 sigma cinetique (1,1) (2,1) (3,1) =   2.273814816     -0.3267139629E-01 -0.4337918939E-01
2 sigma cinetique (1,2) (2,2) (3,2) = -0.3267139629E-01   1.933823523     -0.1643729038E-01
3 sigma cinetique (1,3) (2,3) (3,3) = -0.4337918939E-01 -0.1643729038E-01   2.222344306    

1 sigma total (1,1) (2,1) (3,1) =   2184.207404     -0.1185496889      0.9570354272E-02
2 sigma total (1,2) (2,2) (3,2) = -0.1185496889       2182.982875      0.4072644781    
3 sigma total (1,3) (2,3) (3,3) =  0.9570354272E-02  0.4072644781       2184.131355    

       120 0.120E-12*Pression =     2183.8    
 pression totale  potentiel = cinetique =
    2183.8        2181.6        2.1433    
 ----------valeurs moyennes------------
*temperature moyenne =       185.41
*pression moyenne =     2181.5    
 --------------------------------------


<<<<<<<<  ITERATION =    121  time =   0.1210000E-12


 --------- Temperatures et Pression--------
 ----------valeurs instantanees------------
       121 0.121E-12*Epot =    -15283.5122932      eV 
    *energie paire 2 corps =    -15320.2228206      eV 
    *energie pot coul recip =     36.7105273925      eV 
       121 0.121E-12*Ec =     21.0561866492      eV   (212.111 K)
       121 0.121E-12*Etot =    -15262.4561066      eV 

       121 0.121E-12*Temp instantanee = 212.111

*temp instantanee des atomes de type 1 =       245.54
*temp instantanee des atomes de type 2 =       145.26

 * stress en kbar 
1 sigma potentiel (1,1) (2,1) (3,1) =   2182.054638     -0.1023837959      0.2397653454E-01
2 sigma potentiel (1,2) (2,2) (3,2) = -0.1023837959       2181.135470      0.4405158127    
3 sigma potentiel (1,3) (2,3) (3,3) =  0.2397653454E-01  0.4405158127       2182.007436    

1 sigma cinetique (1,1) (2,1) (3,1) =   2.276901995     -0.2567117142E-01 -0.3873678601E-01
2 sigma cinetique (1,2) (2,2) (3,2) = -0.2567117142E-01   1.942851220     -0.9916205595E-02
3 sigma cinetique (1,3) (2,3) (3,3) = -0.3873678601E-01 -0.9916205595E-02   2.228685446    

1 sigma total (1,1) (2,1) (3,1) =   2184.331540     -0.1280549673     -0.1476025147E-01
2 sigma total (1,2) (2,2) (3,2) = -0.1280549673       2183.078321      0.4305996071    
3 sigma total (1,3) (2,3) (3,3) = -0.1476025147E-01  0.4305996071       2184.236121    

       121 0.121E-12*Pression =     2183.9    
 pression totale  potentiel = cinetique =
    2183.9        2181.7        2.1495    
 ----------valeurs moyennes------------
*temperature moyenne =       185.63
*pression moyenne =     2181.5    
 --------------------------------------


<<<<<<<<  ITERATION =    122  time =   0.1220000E-12


 --------- Temperatures et Pression--------
 ----------valeurs instantanees------------
       122 0.122E-12*Epot =    -15283.5837853      eV 
    *energie paire 2 corps =    -15320.3119218      eV 
    *energie pot coul recip =     36.7281364756      eV 
       122 0.122E-12*Ec =     21.1279021736      eV   (212.833 K)
       122 0.122E-12*Etot =    -15262.4558831      eV 

       122 0.122E-12*Temp instantanee = 212.833

*temp instantanee des atomes de type 1 =       248.73
*temp instantanee des atomes de type 2 =       141.05

 * stress en kbar 
1 sigma potentiel (1,1) (2,1) (3,1) =   2182.160147     -0.1163454760     -0.4539227457E-02
2 sigma potentiel (1,2) (2,2) (3,2) = -0.1163454760       2181.229706      0.4521235498    
3 sigma potentiel (1,3) (2,3) (3,3) = -0.4539227457E-02  0.4521235498       2182.092341    

1 sigma cinetique (1,1) (2,1) (3,1) =   2.281666772     -0.1922886814E-01 -0.3432452299E-01
2 sigma cinetique (1,2) (2,2) (3,2) = -0.1922886814E-01   1.953459394     -0.2611233455E-02
3 sigma cinetique (1,3) (2,3) (3,3) = -0.3432452299E-01 -0.2611233455E-02   2.235275311    

1 sigma total (1,1) (2,1) (3,1) =   2184.441814     -0.1355743441     -0.3886375045E-01
2 sigma total (1,2) (2,2) (3,2) = -0.1355743441       2183.183165      0.4495123164    
3 sigma total (1,3) (2,3) (3,3) = -0.3886375045E-01  0.4495123164       2184.327617    

       122 0.122E-12*Pression =     2184.0    
 pression totale  potentiel = cinetique =
    2184.0        2181.8        2.1568    
 ----------valeurs moyennes------------
*temperature moyenne =       185.85
*pression moyenne =     2181.5    
 --------------------------------------


<<<<<<<<  ITERATION =    123  time =   0.1230000E-12


 --------- Temperatures et Pression--------
 ----------valeurs instantanees------------
       123 0.123E-12*Epot =    -15283.6697355      eV 
    *energie paire 2 corps =    -15320.4186821      eV 
    *energie pot coul recip =     36.7489465909      eV 
       123 0.123E-12*Ec =     21.2140845936      eV   (213.701 K)
       123 0.123E-12*Etot =    -15262.4556509      eV 

       123 0.123E-12*Temp instantanee = 213.701

*temp instantanee des atomes de type 1 =       251.97
*temp instantanee des atomes de type 2 =       137.16

 * stress en kbar 
1 sigma potentiel (1,1) (2,1) (3,1) =   2182.259251     -0.1354694999     -0.3115277571E-01
2 sigma potentiel (1,2) (2,2) (3,2) = -0.1354694999       2181.311947      0.4638841170    
3 sigma potentiel (1,3) (2,3) (3,3) = -0.3115277571E-01  0.4638841170       2182.182981    

1 sigma cinetique (1,1) (2,1) (3,1) =   2.288533530     -0.1361645302E-01 -0.3022729738E-01
2 sigma cinetique (1,2) (2,2) (3,2) = -0.1361645302E-01   1.965812362      0.5433706380E-02
3 sigma cinetique (1,3) (2,3) (3,3) = -0.3022729738E-01  0.5433706380E-02   2.242448876    

1 sigma total (1,1) (2,1) (3,1) =   2184.547784     -0.1490859529     -0.6138007309E-01
2 sigma total (1,2) (2,2) (3,2) = -0.1490859529       2183.277760      0.4693178234    
3 sigma total (1,3) (2,3) (3,3) = -0.6138007309E-01  0.4693178234       2184.425430    

       123 0.123E-12*Pression =     2184.1    
 pression totale  potentiel = cinetique =
    2184.1        2181.9        2.1656    
 ----------valeurs moyennes------------
*temperature moyenne =       186.08
*pression moyenne =     2181.5    
 --------------------------------------


<<<<<<<<  ITERATION =    124  time =   0.1240000E-12


 --------- Temperatures et Pression--------
 ----------valeurs instantanees------------
       124 0.124E-12*Epot =    -15283.7731912      eV 
    *energie paire 2 corps =    -15320.5445322      eV 
    *energie pot coul recip =     36.7713409394      eV 
       124 0.124E-12*Ec =     21.3177762947      eV   (214.746 K)
       124 0.124E-12*Etot =    -15262.4554149      eV 

       124 0.124E-12*Temp instantanee = 214.746

*temp instantanee des atomes de type 1 =       255.27
*temp instantanee des atomes de type 2 =       133.69

 * stress en kbar 
1 sigma potentiel (1,1) (2,1) (3,1) =   2182.362055     -0.1485178252     -0.6194213248E-01
2 sigma potentiel (1,2) (2,2) (3,2) = -0.1485178252       2181.365081      0.4729503673    
3 sigma potentiel (1,3) (2,3) (3,3) = -0.6194213248E-01  0.4729503673       2182.265196    

1 sigma cinetique (1,1) (2,1) (3,1) =   2.297904509     -0.9082828502E-02 -0.2653884196E-01
2 sigma cinetique (1,2) (2,2) (3,2) = -0.9082828502E-02   1.980076781      0.1414616613E-01
3 sigma cinetique (1,3) (2,3) (3,3) = -0.2653884196E-01  0.1414616613E-01   2.250568971    

1 sigma total (1,1) (2,1) (3,1) =   2184.659959     -0.1576006537     -0.8848097445E-01
2 sigma total (1,2) (2,2) (3,2) = -0.1576006537       2183.345158      0.4870965334    
3 sigma total (1,3) (2,3) (3,3) = -0.8848097445E-01  0.4870965334       2184.515765    

       124 0.124E-12*Pression =     2184.2    
 pression totale  potentiel = cinetique =
    2184.2        2182.0        2.1762    
 ----------valeurs moyennes------------
*temperature moyenne =       186.31
*pression moyenne =     2181.5    
 --------------------------------------


<<<<<<<<  ITERATION =    125  time =   0.1250000E-12


 --------- Temperatures et Pression--------
 ----------valeurs instantanees------------
       125 0.125E-12*Epot =    -15283.8972170      eV 
    *energie paire 2 corps =    -15320.6908216      eV 
    *energie pot coul recip =     36.7936046425      eV 
       125 0.125E-12*Ec =     21.4420200477      eV   (215.998 K)
       125 0.125E-12*Etot =    -15262.4551970      eV 

       125 0.125E-12*Temp instantanee = 215.998

*temp instantanee des atomes de type 1 =       258.64
*temp instantanee des atomes de type 2 =       130.71

 * stress en kbar 
1 sigma potentiel (1,1) (2,1) (3,1) =   2182.464254     -0.1652062233     -0.8932772913E-01
2 sigma potentiel (1,2) (2,2) (3,2) = -0.1652062233       2181.449374      0.4844061993    
3 sigma potentiel (1,3) (2,3) (3,3) = -0.8932772913E-01  0.4844061993       2182.335105    

1 sigma cinetique (1,1) (2,1) (3,1) =   2.310165144     -0.5851851555E-02 -0.2333271321E-01
2 sigma cinetique (1,2) (2,2) (3,2) = -0.5851851555E-02   1.996406373      0.2344071791E-01
3 sigma cinetique (1,3) (2,3) (3,3) = -0.2333271321E-01  0.2344071791E-01   2.260028283    

1 sigma total (1,1) (2,1) (3,1) =   2184.774419     -0.1710580749     -0.1126604423    
2 sigma total (1,2) (2,2) (3,2) = -0.1710580749       2183.445781      0.5078469172    
3 sigma total (1,3) (2,3) (3,3) = -0.1126604423      0.5078469172       2184.595133    

       125 0.125E-12*Pression =     2184.3    
 pression totale  potentiel = cinetique =
    2184.3        2182.1        2.1889    
 ----------valeurs moyennes------------
*temperature moyenne =       186.55
*pression moyenne =     2181.6    
 --------------------------------------


<<<<<<<<  ITERATION =    126  time =   0.1260000E-12


 --------- Temperatures et Pression--------
 ----------valeurs instantanees------------
       126 0.126E-12*Epot =    -15284.0445692      eV 
    *energie paire 2 corps =    -15320.8585821      eV 
    *energie pot coul recip =     36.8140128264      eV 
       126 0.126E-12*Ec =     21.5895929440      eV   (217.484 K)
       126 0.126E-12*Etot =    -15262.4549763      eV 

       126 0.126E-12*Temp instantanee = 217.484

*temp instantanee des atomes de type 1 =       262.08
*temp instantanee des atomes de type 2 =       128.29

 * stress en kbar 
1 sigma potentiel (1,1) (2,1) (3,1) =   2182.543979     -0.1787708882     -0.1119513850    
2 sigma potentiel (1,2) (2,2) (3,2) = -0.1787708882       2181.513851      0.4907296693    
3 sigma potentiel (1,3) (2,3) (3,3) = -0.1119513850      0.4907296693       2182.398598    

1 sigma cinetique (1,1) (2,1) (3,1) =   2.325649431     -0.4116602257E-02 -0.2066360119E-01
2 sigma cinetique (1,2) (2,2) (3,2) = -0.4116602257E-02   2.014935341      0.3320780279E-01
3 sigma cinetique (1,3) (2,3) (3,3) = -0.2066360119E-01  0.3320780279E-01   2.271209098    

1 sigma total (1,1) (2,1) (3,1) =   2184.869628     -0.1828874905     -0.1326149862    
2 sigma total (1,2) (2,2) (3,2) = -0.1828874905       2183.528786      0.5239374721    
3 sigma total (1,3) (2,3) (3,3) = -0.1326149862      0.5239374721       2184.669807    

       126 0.126E-12*Pression =     2184.4    
 pression totale  potentiel = cinetique =
    2184.4        2182.2        2.2039    
 ----------valeurs moyennes------------
*temperature moyenne =       186.79
*pression moyenne =     2181.6    
 --------------------------------------


<<<<<<<<  ITERATION =    127  time =   0.1270000E-12


 --------- Temperatures et Pression--------
 ----------valeurs instantanees------------
       127 0.127E-12*Epot =    -15284.2178120      eV 
    *energie paire 2 corps =    -15321.0487323      eV 
    *energie pot coul recip =     36.8309202955      eV 
       127 0.127E-12*Ec =     21.7629688909      eV   (219.231 K)
       127 0.127E-12*Etot =    -15262.4548432      eV 

       127 0.127E-12*Temp instantanee = 219.231

*temp instantanee des atomes de type 1 =       265.60
*temp instantanee des atomes de type 2 =       126.50

 * stress en kbar 
1 sigma potentiel (1,1) (2,1) (3,1) =   2182.639751     -0.1951310219     -0.1332719387    
2 sigma potentiel (1,2) (2,2) (3,2) = -0.1951310219       2181.571354      0.5000831672    
3 sigma potentiel (1,3) (2,3) (3,3) = -0.1332719387      0.5000831672       2182.454413    

1 sigma cinetique (1,1) (2,1) (3,1) =   2.344628252     -0.4022963222E-02 -0.1859147186E-01
2 sigma cinetique (1,2) (2,2) (3,2) = -0.4022963222E-02   2.035787568      0.4333191504E-01
3 sigma cinetique (1,3) (2,3) (3,3) = -0.1859147186E-01  0.4333191504E-01   2.284474282    

1 sigma total (1,1) (2,1) (3,1) =   2184.984379     -0.1991539852     -0.1518634106    
2 sigma total (1,2) (2,2) (3,2) = -0.1991539852       2183.607141      0.5434150822    
3 sigma total (1,3) (2,3) (3,3) = -0.1518634106      0.5434150822       2184.738887    

       127 0.127E-12*Pression =     2184.4    
 pression totale  potentiel = cinetique =
    2184.4        2182.2        2.2216    
 ----------valeurs moyennes------------
*temperature moyenne =       187.05
*pression moyenne =     2181.6    
 --------------------------------------


<<<<<<<<  ITERATION =    128  time =   0.1280000E-12


 --------- Temperatures et Pression--------
 ----------valeurs instantanees------------
       128 0.128E-12*Epot =    -15284.4189599      eV 
    *energie paire 2 corps =    -15321.2617993      eV 
    *energie pot coul recip =     36.8428393407      eV 
       128 0.128E-12*Ec =     21.9642278761      eV   (221.258 K)
       128 0.128E-12*Etot =    -15262.4547320      eV 

       128 0.128E-12*Temp instantanee = 221.258

*temp instantanee des atomes de type 1 =       269.19
*temp instantanee des atomes de type 2 =       125.39

 * stress en kbar 
1 sigma potentiel (1,1) (2,1) (3,1) =   2182.723854     -0.2125630565     -0.1528798470    
2 sigma potentiel (1,2) (2,2) (3,2) = -0.2125630565       2181.613667      0.4982781750    
3 sigma potentiel (1,3) (2,3) (3,3) = -0.1528798470      0.4982781750       2182.506406    

1 sigma cinetique (1,1) (2,1) (3,1) =   2.367318006     -0.5672412244E-02 -0.1716344504E-01
2 sigma cinetique (1,2) (2,2) (3,2) = -0.5672412244E-02   2.059051907      0.5368419809E-01
3 sigma cinetique (1,3) (2,3) (3,3) = -0.1716344504E-01  0.5368419809E-01   2.300155576    

1 sigma total (1,1) (2,1) (3,1) =   2185.091172     -0.2182354687     -0.1700432920    
2 sigma total (1,2) (2,2) (3,2) = -0.2182354687       2183.672719      0.5519623731    
3 sigma total (1,3) (2,3) (3,3) = -0.1700432920      0.5519623731       2184.806561    

       128 0.128E-12*Pression =     2184.5    
 pression totale  potentiel = cinetique =
    2184.5        2182.3        2.2422    
 ----------valeurs moyennes------------
*temperature moyenne =       187.32
*pression moyenne =     2181.6    
 --------------------------------------


<<<<<<<<  ITERATION =    129  time =   0.1290000E-12


 --------- Temperatures et Pression--------
 ----------valeurs instantanees------------
       129 0.129E-12*Epot =    -15284.6495256      eV 
    *energie paire 2 corps =    -15321.4980468      eV 
    *energie pot coul recip =     36.8485211587      eV 
       129 0.129E-12*Ec =     22.1948888862      eV   (223.582 K)
       129 0.129E-12*Etot =    -15262.4546367      eV 

       129 0.129E-12*Temp instantanee = 223.582

*temp instantanee des atomes de type 1 =       272.87
*temp instantanee des atomes de type 2 =       125.00

 * stress en kbar 
1 sigma potentiel (1,1) (2,1) (3,1) =   2182.796233     -0.2261202505     -0.1744234674    
2 sigma potentiel (1,2) (2,2) (3,2) = -0.2261202505       2181.655285      0.5039976706    
3 sigma potentiel (1,3) (2,3) (3,3) = -0.1744234674      0.5039976706       2182.552851    

1 sigma cinetique (1,1) (2,1) (3,1) =   2.393854253     -0.9107975528E-02 -0.1640750097E-01
2 sigma cinetique (1,2) (2,2) (3,2) = -0.9107975528E-02   2.084763534      0.6411921834E-01
3 sigma cinetique (1,3) (2,3) (3,3) = -0.1640750097E-01  0.6411921834E-01   2.318547434    

1 sigma total (1,1) (2,1) (3,1) =   2185.190087     -0.2352282260     -0.1908309684    
2 sigma total (1,2) (2,2) (3,2) = -0.2352282260       2183.740049      0.5681168889    
3 sigma total (1,3) (2,3) (3,3) = -0.1908309684      0.5681168889       2184.871398    

       129 0.129E-12*Pression =     2184.6    
 pression totale  potentiel = cinetique =
    2184.6        2182.3        2.2657    
 ----------valeurs moyennes------------
*temperature moyenne =       187.60
*pression moyenne =     2181.7    
 --------------------------------------


<<<<<<<<  ITERATION =    130  time =   0.1300000E-12


 --------- Temperatures et Pression--------
 ----------valeurs instantanees------------
       130 0.130E-12*Epot =    -15284.9103836      eV 
    *energie paire 2 corps =    -15321.7573945      eV 
    *energie pot coul recip =     36.8470108515      eV 
       130 0.130E-12*Ec =     22.4557863378      eV   (226.210 K)
       130 0.130E-12*Etot =    -15262.4545973      eV 

       130 0.130E-12*Temp instantanee = 226.210

*temp instantanee des atomes de type 1 =       276.64
*temp instantanee des atomes de type 2 =       125.35

 * stress en kbar 
1 sigma potentiel (1,1) (2,1) (3,1) =   2182.863504     -0.2434914176     -0.1857406298    
2 sigma potentiel (1,2) (2,2) (3,2) = -0.2434914176       2181.688539      0.5076663419    
3 sigma potentiel (1,3) (2,3) (3,3) = -0.1857406298      0.5076663419       2182.581191    

1 sigma cinetique (1,1) (2,1) (3,1) =   2.424283301     -0.1432481336E-01 -0.1633820914E-01
2 sigma cinetique (1,2) (2,2) (3,2) = -0.1432481336E-01   2.112908601      0.7450575756E-01
3 sigma cinetique (1,3) (2,3) (3,3) = -0.1633820914E-01  0.7450575756E-01   2.339872934    

1 sigma total (1,1) (2,1) (3,1) =   2185.287787     -0.2578162309     -0.2020788389    
2 sigma total (1,2) (2,2) (3,2) = -0.2578162309       2183.801448      0.5821720995    
3 sigma total (1,3) (2,3) (3,3) = -0.2020788389      0.5821720995       2184.921064    

       130 0.130E-12*Pression =     2184.7    
 pression totale  potentiel = cinetique =
    2184.7        2182.4        2.2924    
 ----------valeurs moyennes------------
*temperature moyenne =       187.89
*pression moyenne =     2181.7    
 --------------------------------------


<<<<<<<<  ITERATION =    131  time =   0.1310000E-12


 --------- Temperatures et Pression--------
 ----------valeurs instantanees------------
       131 0.131E-12*Epot =    -15285.2016834      eV 
    *energie paire 2 corps =    -15322.0393800      eV 
    *energie pot coul recip =     36.8376966001      eV 
       131 0.131E-12*Ec =     22.7470945584      eV   (229.144 K)
       131 0.131E-12*Etot =    -15262.4545888      eV 

       131 0.131E-12*Temp instantanee = 229.144

*temp instantanee des atomes de type 1 =       280.50
*temp instantanee des atomes de type 2 =       126.43

 * stress en kbar 
1 sigma potentiel (1,1) (2,1) (3,1) =   2182.923136     -0.2615730714     -0.1969178653    
2 sigma potentiel (1,2) (2,2) (3,2) = -0.2615730714       2181.709515      0.5076681647    
3 sigma potentiel (1,3) (2,3) (3,3) = -0.1969178653      0.5076681647       2182.608168    

1 sigma cinetique (1,1) (2,1) (3,1) =   2.458574709     -0.2125468354E-01 -0.1696300181E-01
2 sigma cinetique (1,2) (2,2) (3,2) = -0.2125468354E-01   2.143432868      0.8471089394E-01
3 sigma cinetique (1,3) (2,3) (3,3) = -0.1696300181E-01  0.8471089394E-01   2.364270146    

1 sigma total (1,1) (2,1) (3,1) =   2185.381711     -0.2828277550     -0.2138808671    
2 sigma total (1,2) (2,2) (3,2) = -0.2828277550       2183.852947      0.5923790586    
3 sigma total (1,3) (2,3) (3,3) = -0.2138808671      0.5923790586       2184.972438    

       131 0.131E-12*Pression =     2184.7    
 pression totale  potentiel = cinetique =
    2184.7        2182.4        2.3221    
 ----------valeurs moyennes------------
*temperature moyenne =       188.21
*pression moyenne =     2181.7    
 --------------------------------------


<<<<<<<<  ITERATION =    132  time =   0.1320000E-12


 --------- Temperatures et Pression--------
 ----------valeurs instantanees------------
       132 0.132E-12*Epot =    -15285.5228939      eV 
    *energie paire 2 corps =    -15322.3432312      eV 
    *energie pot coul recip =     36.8203373833      eV 
       132 0.132E-12*Ec =     23.0682497509      eV   (232.379 K)
       132 0.132E-12*Etot =    -15262.4546441      eV 

       132 0.132E-12*Temp instantanee = 232.379

*temp instantanee des atomes de type 1 =       284.45
*temp instantanee des atomes de type 2 =       128.24

 * stress en kbar 
1 sigma potentiel (1,1) (2,1) (3,1) =   2182.980805     -0.2776856416     -0.2077935794    
2 sigma potentiel (1,2) (2,2) (3,2) = -0.2776856416       2181.731867      0.5098445910    
3 sigma potentiel (1,3) (2,3) (3,3) = -0.2077935794      0.5098445910       2182.613712    

1 sigma cinetique (1,1) (2,1) (3,1) =   2.496604758     -0.2977458806E-01 -0.1827660070E-01
2 sigma cinetique (1,2) (2,2) (3,2) = -0.2977458806E-01   2.176228893      0.9460046560E-01
3 sigma cinetique (1,3) (2,3) (3,3) = -0.1827660070E-01  0.9460046560E-01   2.391797568    

1 sigma total (1,1) (2,1) (3,1) =   2185.477410     -0.3074602297     -0.2260701801    
2 sigma total (1,2) (2,2) (3,2) = -0.3074602297       2183.908096      0.6044450566    
3 sigma total (1,3) (2,3) (3,3) = -0.2260701801      0.6044450566       2185.005509    

       132 0.132E-12*Pression =     2184.8    
 pression totale  potentiel = cinetique =
    2184.8        2182.4        2.3549    
 ----------valeurs moyennes------------
*temperature moyenne =       188.54
*pression moyenne =     2181.7    
 --------------------------------------


<<<<<<<<  ITERATION =    133  time =   0.1330000E-12


 --------- Temperatures et Pression--------
 ----------valeurs instantanees------------
       133 0.133E-12*Epot =    -15285.8727083      eV 
    *energie paire 2 corps =    -15322.6677832      eV 
    *energie pot coul recip =     36.7950749193      eV 
       133 0.133E-12*Ec =     23.4179515243      eV   (235.902 K)
       133 0.133E-12*Etot =    -15262.4547568      eV 

       133 0.133E-12*Temp instantanee = 235.902

*temp instantanee des atomes de type 1 =       288.49
*temp instantanee des atomes de type 2 =       130.73

 * stress en kbar 
1 sigma potentiel (1,1) (2,1) (3,1) =   2183.041751     -0.2945956693     -0.2100409173    
2 sigma potentiel (1,2) (2,2) (3,2) = -0.2945956693       2181.747786      0.5063861518    
3 sigma potentiel (1,3) (2,3) (3,3) = -0.2100409173      0.5063861518       2182.622616    

1 sigma cinetique (1,1) (2,1) (3,1) =   2.538167301     -0.3970801815E-01 -0.2025101958E-01
2 sigma cinetique (1,2) (2,2) (3,2) = -0.3970801815E-01   2.211130117      0.1040518720    
3 sigma cinetique (1,3) (2,3) (3,3) = -0.2025101958E-01  0.1040518720       2.422429661    

1 sigma total (1,1) (2,1) (3,1) =   2185.579918     -0.3343036875     -0.2302919369    
2 sigma total (1,2) (2,2) (3,2) = -0.3343036875       2183.958916      0.6104380238    
3 sigma total (1,3) (2,3) (3,3) = -0.2302919369      0.6104380238       2185.045045    

       133 0.133E-12*Pression =     2184.9    
 pression totale  potentiel = cinetique =
    2184.9        2182.5        2.3906    
 ----------valeurs moyennes------------
*temperature moyenne =       188.90
*pression moyenne =     2181.7    
 --------------------------------------


<<<<<<<<  ITERATION =    134  time =   0.1340000E-12


 --------- Temperatures et Pression--------
 ----------valeurs instantanees------------
       134 0.134E-12*Epot =    -15286.2490701      eV 
    *energie paire 2 corps =    -15323.0114931      eV 
    *energie pot coul recip =     36.7624230524      eV 
       134 0.134E-12*Ec =     23.7941814290      eV   (239.692 K)
       134 0.134E-12*Etot =    -15262.4548886      eV 

       134 0.134E-12*Temp instantanee = 239.692

*temp instantanee des atomes de type 1 =       292.61
*temp instantanee des atomes de type 2 =       133.86

 * stress en kbar 
1 sigma potentiel (1,1) (2,1) (3,1) =   2183.095466     -0.3112391627     -0.2143168106    
2 sigma potentiel (1,2) (2,2) (3,2) = -0.3112391627       2181.749124      0.5083662659    
3 sigma potentiel (1,3) (2,3) (3,3) = -0.2143168106      0.5083662659       2182.624697    

1 sigma cinetique (1,1) (2,1) (3,1) =   2.582989537     -0.5083957739E-01 -0.2283662590E-01
2 sigma cinetique (1,2) (2,2) (3,2) = -0.5083957739E-01   2.247911608      0.1129433705    
3 sigma cinetique (1,3) (2,3) (3,3) = -0.2283662590E-01  0.1129433705       2.456046012    

1 sigma total (1,1) (2,1) (3,1) =   2185.678455     -0.3620787401     -0.2371534365    
2 sigma total (1,2) (2,2) (3,2) = -0.3620787401       2183.997036      0.6213096364    
3 sigma total (1,3) (2,3) (3,3) = -0.2371534365      0.6213096364       2185.080743    

       134 0.134E-12*Pression =     2184.9    
 pression totale  potentiel = cinetique =
    2184.9        2182.5        2.4290    
 ----------valeurs moyennes------------
*temperature moyenne =       189.28
*pression moyenne =     2181.8    
 --------------------------------------


<<<<<<<<  ITERATION =    135  time =   0.1350000E-12


 --------- Temperatures et Pression--------
 ----------valeurs instantanees------------
       135 0.135E-12*Epot =    -15286.6493043      eV 
    *energie paire 2 corps =    -15323.3725502      eV 
    *energie pot coul recip =     36.7232458932      eV 
       135 0.135E-12*Ec =     24.1942764502      eV   (243.723 K)
       135 0.135E-12*Etot =    -15262.4550278      eV 

       135 0.135E-12*Temp instantanee = 243.723

*temp instantanee des atomes de type 1 =       296.80
*temp instantanee des atomes de type 2 =       137.56

 * stress en kbar 
1 sigma potentiel (1,1) (2,1) (3,1) =   2183.135672     -0.3308998798     -0.2115943992    
2 sigma potentiel (1,2) (2,2) (3,2) = -0.3308998798       2181.748239      0.5078596459    
3 sigma potentiel (1,3) (2,3) (3,3) = -0.2115943992      0.5078596459       2182.611938    

1 sigma cinetique (1,1) (2,1) (3,1) =   2.630722393     -0.6291888297E-01 -0.2597893619E-01
2 sigma cinetique (1,2) (2,2) (3,2) = -0.6291888297E-01   2.286308174      0.1211781117    
3 sigma cinetique (1,3) (2,3) (3,3) = -0.2597893619E-01  0.1211781117       2.492445339    

1 sigma total (1,1) (2,1) (3,1) =   2185.766394     -0.3938187628     -0.2375733354    
2 sigma total (1,2) (2,2) (3,2) = -0.3938187628       2184.034547      0.6290377576    
3 sigma total (1,3) (2,3) (3,3) = -0.2375733354      0.6290377576       2185.104383    

       135 0.135E-12*Pression =     2185.0    
 pression totale  potentiel = cinetique =
    2185.0        2182.5        2.4698    
 ----------valeurs moyennes------------
*temperature moyenne =       189.68
*pression moyenne =     2181.8    
 --------------------------------------


<<<<<<<<  ITERATION =    136  time =   0.1360000E-12


 --------- Temperatures et Pression--------
 ----------valeurs instantanees------------
       136 0.136E-12*Epot =    -15287.0701492      eV 
    *energie paire 2 corps =    -15323.7488616      eV 
    *energie pot coul recip =     36.6787124027      eV 
       136 0.136E-12*Ec =     24.6149959021      eV   (247.961 K)
       136 0.136E-12*Etot =    -15262.4551533      eV 

       136 0.136E-12*Temp instantanee = 247.961

*temp instantanee des atomes de type 1 =       301.07
*temp instantanee des atomes de type 2 =       141.74

 * stress en kbar 
1 sigma potentiel (1,1) (2,1) (3,1) =   2183.177726     -0.3477192964     -0.2078462860    
2 sigma potentiel (1,2) (2,2) (3,2) = -0.3477192964       2181.745171      0.5080785366    
3 sigma potentiel (1,3) (2,3) (3,3) = -0.2078462860      0.5080785366       2182.585631    

1 sigma cinetique (1,1) (2,1) (3,1) =   2.680952273     -0.7565656897E-01 -0.2959554372E-01
2 sigma cinetique (1,2) (2,2) (3,2) = -0.7565656897E-01   2.326017720      0.1286757824    
3 sigma cinetique (1,3) (2,3) (3,3) = -0.2959554372E-01  0.1286757824       2.531350875    

1 sigma total (1,1) (2,1) (3,1) =   2185.858678     -0.4233758654     -0.2374418297    
2 sigma total (1,2) (2,2) (3,2) = -0.4233758654       2184.071188      0.6367543190    
3 sigma total (1,3) (2,3) (3,3) = -0.2374418297      0.6367543190       2185.116982    

       136 0.136E-12*Pression =     2185.0    
 pression totale  potentiel = cinetique =
    2185.0        2182.5        2.5128    
 ----------valeurs moyennes------------
*temperature moyenne =       190.11
*pression moyenne =     2181.8    
 --------------------------------------


<<<<<<<<  ITERATION =    137  time =   0.1370000E-12


 --------- Temperatures et Pression--------
 ----------valeurs instantanees------------
       137 0.137E-12*Epot =    -15287.5078678      eV 
    *energie paire 2 corps =    -15324.1381088      eV 
    *energie pot coul recip =     36.6302409926      eV 
       137 0.137E-12*Ec =     25.0525429779      eV   (252.368 K)
       137 0.137E-12*Etot =    -15262.4553248      eV 

       137 0.137E-12*Temp instantanee = 252.368

*temp instantanee des atomes de type 1 =       305.41
*temp instantanee des atomes de type 2 =       146.29

 * stress en kbar 
1 sigma potentiel (1,1) (2,1) (3,1) =   2183.210519     -0.3691292989     -0.2008489672    
2 sigma potentiel (1,2) (2,2) (3,2) = -0.3691292989       2181.732218      0.5098813647    
3 sigma potentiel (1,3) (2,3) (3,3) = -0.2008489672      0.5098813647       2182.574886    

1 sigma cinetique (1,1) (2,1) (3,1) =   2.733231825     -0.8876074395E-01 -0.3358567653E-01
2 sigma cinetique (1,2) (2,2) (3,2) = -0.8876074395E-01   2.366688440      0.1353674011    
3 sigma cinetique (1,3) (2,3) (3,3) = -0.3358567653E-01  0.1353674011       2.572399011    

1 sigma total (1,1) (2,1) (3,1) =   2185.943751     -0.4578900429     -0.2344346437    
2 sigma total (1,2) (2,2) (3,2) = -0.4578900429       2184.098906      0.6452487658    
3 sigma total (1,3) (2,3) (3,3) = -0.2344346437      0.6452487658       2185.147285    

       137 0.137E-12*Pression =     2185.1    
 pression totale  potentiel = cinetique =
    2185.1        2182.5        2.5574    
 ----------valeurs moyennes------------
*temperature moyenne =       190.56
*pression moyenne =     2181.8    
 --------------------------------------


<<<<<<<<  ITERATION =    138  time =   0.1380000E-12


 --------- Temperatures et Pression--------
 ----------valeurs instantanees------------
       138 0.138E-12*Epot =    -15287.9583587      eV 
    *energie paire 2 corps =    -15324.5377932      eV 
    *energie pot coul recip =     36.5794344943      eV 
       138 0.138E-12*Ec =     25.5027934396      eV   (256.904 K)
       138 0.138E-12*Etot =    -15262.4555652      eV 

       138 0.138E-12*Temp instantanee = 256.904

*temp instantanee des atomes de type 1 =       309.79
*temp instantanee des atomes de type 2 =       151.13

 * stress en kbar 
1 sigma potentiel (1,1) (2,1) (3,1) =   2183.254250     -0.3893506823     -0.1927541106    
2 sigma potentiel (1,2) (2,2) (3,2) = -0.3893506823       2181.718624      0.5093183951    
3 sigma potentiel (1,3) (2,3) (3,3) = -0.1927541106      0.5093183951       2182.552381    

1 sigma cinetique (1,1) (2,1) (3,1) =   2.787087345     -0.1019304569     -0.3786140658E-01
2 sigma cinetique (1,2) (2,2) (3,2) = -0.1019304569       2.407948604      0.1412016874    
3 sigma cinetique (1,3) (2,3) (3,3) = -0.3786140658E-01  0.1412016874       2.615172135    

1 sigma total (1,1) (2,1) (3,1) =   2186.041337     -0.4912811392     -0.2306155172    
2 sigma total (1,2) (2,2) (3,2) = -0.4912811392       2184.126573      0.6505200825    
3 sigma total (1,3) (2,3) (3,3) = -0.2306155172      0.6505200825       2185.167553    

       138 0.138E-12*Pression =     2185.1    
 pression totale  potentiel = cinetique =
    2185.1        2182.5        2.6034    
 ----------valeurs moyennes------------
*temperature moyenne =       191.05
*pression moyenne =     2181.9    
 --------------------------------------


<<<<<<<<  ITERATION =    139  time =   0.1390000E-12


 --------- Temperatures et Pression--------
 ----------valeurs instantanees------------
       139 0.139E-12*Epot =    -15288.4172574      eV 
    *energie paire 2 corps =    -15324.9452618      eV 
    *energie pot coul recip =     36.5280044598      eV 
       139 0.139E-12*Ec =     25.9614984403      eV   (261.525 K)
       139 0.139E-12*Etot =    -15262.4557589      eV 

       139 0.139E-12*Temp instantanee = 261.525

*temp instantanee des atomes de type 1 =       314.22
*temp instantanee des atomes de type 2 =       156.13

 * stress en kbar 
1 sigma potentiel (1,1) (2,1) (3,1) =   2183.285924     -0.4121748956     -0.1860313384    
2 sigma potentiel (1,2) (2,2) (3,2) = -0.4121748956       2181.695970      0.5096852735    
3 sigma potentiel (1,3) (2,3) (3,3) = -0.1860313384      0.5096852735       2182.523406    

1 sigma cinetique (1,1) (2,1) (3,1) =   2.842042974     -0.1148758450     -0.4230500517E-01
2 sigma cinetique (1,2) (2,2) (3,2) = -0.1148758450       2.449421391      0.1461348749    
3 sigma cinetique (1,3) (2,3) (3,3) = -0.4230500517E-01  0.1461348749       2.659221723    

1 sigma total (1,1) (2,1) (3,1) =   2186.127967     -0.5270507406     -0.2283363436    
2 sigma total (1,2) (2,2) (3,2) = -0.5270507406       2184.145391      0.6558201483    
3 sigma total (1,3) (2,3) (3,3) = -0.2283363436      0.6558201483       2185.182628    

       139 0.139E-12*Pression =     2185.2    
 pression totale  potentiel = cinetique =
    2185.2        2182.5        2.6502    
 ----------valeurs moyennes------------
*temperature moyenne =       191.55
*pression moyenne =     2181.9    
 --------------------------------------


<<<<<<<<  ITERATION =    140  time =   0.1400000E-12


 --------- Temperatures et Pression--------
 ----------valeurs instantanees------------
       140 0.140E-12*Epot =    -15288.8802742      eV 
    *energie paire 2 corps =    -15325.3579630      eV 
    *energie pot coul recip =     36.4776888108      eV 
       140 0.140E-12*Ec =     26.4242754910      eV   (266.187 K)
       140 0.140E-12*Etot =    -15262.4559987      eV 

       140 0.140E-12*Temp instantanee = 266.187

*temp instantanee des atomes de type 1 =       318.69
*temp instantanee des atomes de type 2 =       161.18

 * stress en kbar 
1 sigma potentiel (1,1) (2,1) (3,1) =   2183.348495     -0.4306010606     -0.1701281246    
2 sigma potentiel (1,2) (2,2) (3,2) = -0.4306010606       2181.696161      0.5091092560    
3 sigma potentiel (1,3) (2,3) (3,3) = -0.1701281246      0.5091092560       2182.508130    

1 sigma cinetique (1,1) (2,1) (3,1) =   2.897620994     -0.1273191130     -0.4677025756E-01
2 sigma cinetique (1,2) (2,2) (3,2) = -0.1273191130       2.490725618      0.1501474993    
3 sigma cinetique (1,3) (2,3) (3,3) = -0.4677025756E-01  0.1501474993       2.704064540    

1 sigma total (1,1) (2,1) (3,1) =   2186.246116     -0.5579201736     -0.2168983821    
2 sigma total (1,2) (2,2) (3,2) = -0.5579201736       2184.186887      0.6592567553    
3 sigma total (1,3) (2,3) (3,3) = -0.2168983821      0.6592567553       2185.212194    

       140 0.140E-12*Pression =     2185.2    
 pression totale  potentiel = cinetique =
    2185.2        2182.5        2.6975    
 ----------valeurs moyennes------------
*temperature moyenne =       192.09
*pression moyenne =     2181.9    
 --------------------------------------


<<<<<<<<  ITERATION =    141  time =   0.1410000E-12


 --------- Temperatures et Pression--------
 ----------valeurs instantanees------------
       141 0.141E-12*Epot =    -15289.3429402      eV 
    *energie paire 2 corps =    -15325.7731184      eV 
    *energie pot coul recip =     36.4301782398      eV 
       141 0.141E-12*Ec =     26.8867482244      eV   (270.845 K)
       141 0.141E-12*Etot =    -15262.4561919      eV 

       141 0.141E-12*Temp instantanee = 270.845

*temp instantanee des atomes de type 1 =       323.19
*temp instantanee des atomes de type 2 =       166.16

 * stress en kbar 
1 sigma potentiel (1,1) (2,1) (3,1) =   2183.378867     -0.4552112564     -0.1605039640    
2 sigma potentiel (1,2) (2,2) (3,2) = -0.4552112564       2181.682956      0.5137518239    
3 sigma potentiel (1,3) (2,3) (3,3) = -0.1605039640      0.5137518239       2182.480460    

1 sigma cinetique (1,1) (2,1) (3,1) =   2.953357482     -0.1390105027     -0.5112282265E-01
2 sigma cinetique (1,2) (2,2) (3,2) = -0.1390105027       2.531484476      0.1532379618    
3 sigma cinetique (1,3) (2,3) (3,3) = -0.5112282265E-01  0.1532379618       2.749201063    

1 sigma total (1,1) (2,1) (3,1) =   2186.332224     -0.5942217590     -0.2116267866    
2 sigma total (1,2) (2,2) (3,2) = -0.5942217590       2184.214441      0.6669897857    
3 sigma total (1,3) (2,3) (3,3) = -0.2116267866      0.6669897857       2185.229661    

       141 0.141E-12*Pression =     2185.3    
 pression totale  potentiel = cinetique =
    2185.3        2182.5        2.7447    
 ----------valeurs moyennes------------
*temperature moyenne =       192.64
*pression moyenne =     2181.9    
 --------------------------------------


<<<<<<<<  ITERATION =    142  time =   0.1420000E-12


 --------- Temperatures et Pression--------
 ----------valeurs instantanees------------
       142 0.142E-12*Epot =    -15289.8012131      eV 
    *energie paire 2 corps =    -15326.1882516      eV 
    *energie pot coul recip =     36.3870384413      eV 
       142 0.142E-12*Ec =     27.3448309037      eV   (275.460 K)
       142 0.142E-12*Etot =    -15262.4563822      eV 

       142 0.142E-12*Temp instantanee = 275.460

*temp instantanee des atomes de type 1 =       327.70
*temp instantanee des atomes de type 2 =       170.97

 * stress en kbar 
1 sigma potentiel (1,1) (2,1) (3,1) =   2183.440742     -0.4788687985     -0.1448355412    
2 sigma potentiel (1,2) (2,2) (3,2) = -0.4788687985       2181.666753      0.5135081912    
3 sigma potentiel (1,3) (2,3) (3,3) = -0.1448355412      0.5135081912       2182.449754    

1 sigma cinetique (1,1) (2,1) (3,1) =   3.008827321     -0.1497488263     -0.5522714494E-01
2 sigma cinetique (1,2) (2,2) (3,2) = -0.1497488263       2.571355682      0.1554067206    
3 sigma cinetique (1,3) (2,3) (3,3) = -0.5522714494E-01  0.1554067206       2.794147436    

1 sigma total (1,1) (2,1) (3,1) =   2186.449569     -0.6286176247     -0.2000626862    
2 sigma total (1,2) (2,2) (3,2) = -0.6286176247       2184.238109      0.6689149118    
3 sigma total (1,3) (2,3) (3,3) = -0.2000626862      0.6689149118       2185.243901    

       142 0.142E-12*Pression =     2185.3    
 pression totale  potentiel = cinetique =
    2185.3        2182.5        2.7914    
 ----------valeurs moyennes------------
*temperature moyenne =       193.23
*pression moyenne =     2182.0    
 --------------------------------------


<<<<<<<<  ITERATION =    143  time =   0.1430000E-12


 --------- Temperatures et Pression--------
 ----------valeurs instantanees------------
       143 0.143E-12*Epot =    -15290.2513139      eV 
    *energie paire 2 corps =    -15326.6009572      eV 
    *energie pot coul recip =     36.3496432708      eV 
       143 0.143E-12*Ec =     27.7947933542      eV   (279.993 K)
       143 0.143E-12*Etot =    -15262.4565205      eV 

       143 0.143E-12*Temp instantanee = 279.993

*temp instantanee des atomes de type 1 =       332.23
*temp instantanee des atomes de type 2 =       175.51

 * stress en kbar 
1 sigma potentiel (1,1) (2,1) (3,1) =   2183.493651     -0.5040464049     -0.1310287516    
2 sigma potentiel (1,2) (2,2) (3,2) = -0.5040464049       2181.654671      0.5179875237    
3 sigma potentiel (1,3) (2,3) (3,3) = -0.1310287516      0.5179875237       2182.425750    

1 sigma cinetique (1,1) (2,1) (3,1) =   3.063658256     -0.1593693641     -0.5892785213E-01
2 sigma cinetique (1,2) (2,2) (3,2) = -0.1593693641       2.610039166      0.1566786372    
3 sigma cinetique (1,3) (2,3) (3,3) = -0.5892785213E-01  0.1566786372       2.838433622    

1 sigma total (1,1) (2,1) (3,1) =   2186.557309     -0.6634157690     -0.1899566038    
2 sigma total (1,2) (2,2) (3,2) = -0.6634157690       2184.264710      0.6746661609    
3 sigma total (1,3) (2,3) (3,3) = -0.1899566038      0.6746661609       2185.264183    

       143 0.143E-12*Pression =     2185.4    
 pression totale  potentiel = cinetique =
    2185.4        2182.5        2.8374    
 ----------valeurs moyennes------------
*temperature moyenne =       193.83
*pression moyenne =     2182.0    
 --------------------------------------


<<<<<<<<  ITERATION =    144  time =   0.1440000E-12


 --------- Temperatures et Pression--------
 ----------valeurs instantanees------------
       144 0.144E-12*Epot =    -15290.6899621      eV 
    *energie paire 2 corps =    -15327.0090758      eV 
    *energie pot coul recip =     36.3191136854      eV 
       144 0.144E-12*Ec =     28.2333472610      eV   (284.410 K)
       144 0.144E-12*Etot =    -15262.4566148      eV 

       144 0.144E-12*Temp instantanee = 284.410

*temp instantanee des atomes de type 1 =       336.77
*temp instantanee des atomes de type 2 =       179.69

 * stress en kbar 
1 sigma potentiel (1,1) (2,1) (3,1) =   2183.554633     -0.5288425485     -0.1158224440    
2 sigma potentiel (1,2) (2,2) (3,2) = -0.5288425485       2181.650546      0.5216351659    
3 sigma potentiel (1,3) (2,3) (3,3) = -0.1158224440      0.5216351659       2182.408571    

1 sigma cinetique (1,1) (2,1) (3,1) =   3.117540059     -0.1677655103     -0.6206066989E-01
2 sigma cinetique (1,2) (2,2) (3,2) = -0.1677655103       2.647269161      0.1570921408    
3 sigma cinetique (1,3) (2,3) (3,3) = -0.6206066989E-01  0.1570921408       2.881628572    

1 sigma total (1,1) (2,1) (3,1) =   2186.672173     -0.6966080588     -0.1778831139    
2 sigma total (1,2) (2,2) (3,2) = -0.6966080588       2184.297815      0.6787273067    
3 sigma total (1,3) (2,3) (3,3) = -0.1778831139      0.6787273067       2185.290199    

       144 0.144E-12*Pression =     2185.4    
 pression totale  potentiel = cinetique =
    2185.4        2182.5        2.8821    
 ----------valeurs moyennes------------
*temperature moyenne =       194.46
*pression moyenne =     2182.0    
 --------------------------------------


<<<<<<<<  ITERATION =    145  time =   0.1450000E-12


 --------- Temperatures et Pression--------
 ----------valeurs instantanees------------
       145 0.145E-12*Epot =    -15291.1143887      eV 
    *energie paire 2 corps =    -15327.4106642      eV 
    *energie pot coul recip =     36.2962755174      eV 
       145 0.145E-12*Ec =     28.6577305446      eV   (288.685 K)
       145 0.145E-12*Etot =    -15262.4566581      eV 

       145 0.145E-12*Temp instantanee = 288.685

*temp instantanee des atomes de type 1 =       341.32
*temp instantanee des atomes de type 2 =       183.42

 * stress en kbar 
1 sigma potentiel (1,1) (2,1) (3,1) =   2183.615913     -0.5572073141     -0.1003847340    
2 sigma potentiel (1,2) (2,2) (3,2) = -0.5572073141       2181.651149      0.5241029672    
3 sigma potentiel (1,3) (2,3) (3,3) = -0.1003847340      0.5241029672       2182.395928    

1 sigma cinetique (1,1) (2,1) (3,1) =   3.170216422     -0.1748765240     -0.6448397375E-01
2 sigma cinetique (1,2) (2,2) (3,2) = -0.1748765240       2.682832563      0.1566818373    
3 sigma cinetique (1,3) (2,3) (3,3) = -0.6448397375E-01  0.1566818373       2.923355816    

1 sigma total (1,1) (2,1) (3,1) =   2186.786130     -0.7320838381     -0.1648687078    
2 sigma total (1,2) (2,2) (3,2) = -0.7320838381       2184.333982      0.6807848045    
3 sigma total (1,3) (2,3) (3,3) = -0.1648687078      0.6807848045       2185.319284    

       145 0.145E-12*Pression =     2185.5    
 pression totale  potentiel = cinetique =
    2185.5        2182.6        2.9255    
 ----------valeurs moyennes------------
*temperature moyenne =       195.11
*pression moyenne =     2182.0    
 --------------------------------------


<<<<<<<<  ITERATION =    146  time =   0.1460000E-12


 --------- Temperatures et Pression--------
 ----------valeurs instantanees------------
       146 0.146E-12*Epot =    -15291.5225374      eV 
    *energie paire 2 corps =    -15327.8041675      eV 
    *energie pot coul recip =     36.2816300863      eV 
       146 0.146E-12*Ec =     29.0658240019      eV   (292.796 K)
       146 0.146E-12*Etot =    -15262.4567134      eV 

       146 0.146E-12*Temp instantanee = 292.796

*temp instantanee des atomes de type 1 =       345.87
*temp instantanee des atomes de type 2 =       186.66

 * stress en kbar 
1 sigma potentiel (1,1) (2,1) (3,1) =   2183.701079     -0.5757718957     -0.8620203989E-01
2 sigma potentiel (1,2) (2,2) (3,2) = -0.5757718957       2181.666729      0.5298238113    
3 sigma potentiel (1,3) (2,3) (3,3) = -0.8620203989E-01  0.5298238113       2182.388755    

1 sigma cinetique (1,1) (2,1) (3,1) =   3.221508266     -0.1806958046     -0.6606294205E-01
2 sigma cinetique (1,2) (2,2) (3,2) = -0.1806958046       2.716589325      0.1555004798    
3 sigma cinetique (1,3) (2,3) (3,3) = -0.6606294205E-01  0.1555004798       2.963285472    

1 sigma total (1,1) (2,1) (3,1) =   2186.922588     -0.7564677003     -0.1522649819    
2 sigma total (1,2) (2,2) (3,2) = -0.7564677003       2184.383318      0.6853242911    
3 sigma total (1,3) (2,3) (3,3) = -0.1522649819      0.6853242911       2185.352041    

       146 0.146E-12*Pression =     2185.6    
 pression totale  potentiel = cinetique =
    2185.6        2182.6        2.9671    
 ----------valeurs moyennes------------
*temperature moyenne =       195.78
*pression moyenne =     2182.1    
 --------------------------------------


<<<<<<<<  ITERATION =    147  time =   0.1470000E-12


 --------- Temperatures et Pression--------
 ----------valeurs instantanees------------
       147 0.147E-12*Epot =    -15291.9129377      eV 
    *energie paire 2 corps =    -15328.1882677      eV 
    *energie pot coul recip =     36.2753300193      eV 
       147 0.147E-12*Ec =     29.4562113777      eV   (296.729 K)
       147 0.147E-12*Etot =    -15262.4567263      eV 

       147 0.147E-12*Temp instantanee = 296.729

*temp instantanee des atomes de type 1 =       350.42
*temp instantanee des atomes de type 2 =       189.34

 * stress en kbar 
1 sigma potentiel (1,1) (2,1) (3,1) =   2183.787359     -0.6049349008     -0.7425945280E-01
2 sigma potentiel (1,2) (2,2) (3,2) = -0.6049349008       2181.672257      0.5347714152    
3 sigma potentiel (1,3) (2,3) (3,3) = -0.7425945280E-01  0.5347714152       2182.380901    

1 sigma cinetique (1,1) (2,1) (3,1) =   3.271311361     -0.1852730976     -0.6665690002E-01
2 sigma cinetique (1,2) (2,2) (3,2) = -0.1852730976       2.748457050      0.1536088548    
3 sigma cinetique (1,3) (2,3) (3,3) = -0.6665690002E-01  0.1536088548       3.001170443    

1 sigma total (1,1) (2,1) (3,1) =   2187.058671     -0.7902079984     -0.1409163528    
2 sigma total (1,2) (2,2) (3,2) = -0.7902079984       2184.420714      0.6883802700    
3 sigma total (1,3) (2,3) (3,3) = -0.1409163528      0.6883802700       2185.382072    

       147 0.147E-12*Pression =     2185.6    
 pression totale  potentiel = cinetique =
    2185.6        2182.6        3.0070    
 ----------valeurs moyennes------------
*temperature moyenne =       196.47
*pression moyenne =     2182.1    
 --------------------------------------


<<<<<<<<  ITERATION =    148  time =   0.1480000E-12


 --------- Temperatures et Pression--------
 ----------valeurs instantanees------------
       148 0.148E-12*Epot =    -15292.2849525      eV 
    *energie paire 2 corps =    -15328.5621392      eV 
    *energie pot coul recip =     36.2771866381      eV 
       148 0.148E-12*Ec =     29.8282328535      eV   (300.477 K)
       148 0.148E-12*Etot =    -15262.4567197      eV 

       148 0.148E-12*Temp instantanee = 300.477

*temp instantanee des atomes de type 1 =       354.99
*temp instantanee des atomes de type 2 =       191.45

 * stress en kbar 
1 sigma potentiel (1,1) (2,1) (3,1) =   2183.885698     -0.6238516645     -0.6634209725E-01
2 sigma potentiel (1,2) (2,2) (3,2) = -0.6238516645       2181.698100      0.5398396536    
3 sigma potentiel (1,3) (2,3) (3,3) = -0.6634209725E-01  0.5398396536       2182.374759    

1 sigma cinetique (1,1) (2,1) (3,1) =   3.319589079     -0.1887067517     -0.6615826967E-01
2 sigma cinetique (1,2) (2,2) (3,2) = -0.1887067517       2.778422598      0.1510711155    
3 sigma cinetique (1,3) (2,3) (3,3) = -0.6615826967E-01  0.1510711155       3.036858428    

1 sigma total (1,1) (2,1) (3,1) =   2187.205287     -0.8125584162     -0.1325003669    
2 sigma total (1,2) (2,2) (3,2) = -0.8125584162       2184.476522      0.6909107691    
3 sigma total (1,3) (2,3) (3,3) = -0.1325003669      0.6909107691       2185.411617    

       148 0.148E-12*Pression =     2185.7    
 pression totale  potentiel = cinetique =
    2185.7        2182.7        3.0450    
 ----------valeurs moyennes------------
*temperature moyenne =       197.17
*pression moyenne =     2182.1    
 --------------------------------------


<<<<<<<<  ITERATION =    149  time =   0.1490000E-12


 --------- Temperatures et Pression--------
 ----------valeurs instantanees------------
       149 0.149E-12*Epot =    -15292.6385919      eV 
    *energie paire 2 corps =    -15328.9252776      eV 
    *energie pot coul recip =     36.2866857007      eV 
       149 0.149E-12*Ec =     30.1819379433      eV   (304.040 K)
       149 0.149E-12*Etot =    -15262.4566539      eV 

       149 0.149E-12*Temp instantanee = 304.040

*temp instantanee des atomes de type 1 =       359.57
*temp instantanee des atomes de type 2 =       192.97

 * stress en kbar 
1 sigma potentiel (1,1) (2,1) (3,1) =   2183.983548     -0.6489693005     -0.5294411375E-01
2 sigma potentiel (1,2) (2,2) (3,2) = -0.6489693005       2181.737809      0.5467731989    
3 sigma potentiel (1,3) (2,3) (3,3) = -0.5294411375E-01  0.5467731989       2182.394634    

1 sigma cinetique (1,1) (2,1) (3,1) =   3.366381335     -0.1911333765     -0.6446119186E-01
2 sigma cinetique (1,2) (2,2) (3,2) = -0.1911333765       2.806552198      0.1479587302    
3 sigma cinetique (1,3) (2,3) (3,3) = -0.6446119186E-01  0.1479587302       3.070258444    

1 sigma total (1,1) (2,1) (3,1) =   2187.349929     -0.8401026770     -0.1174053056    
2 sigma total (1,2) (2,2) (3,2) = -0.8401026770       2184.544361      0.6947319291    
3 sigma total (1,3) (2,3) (3,3) = -0.1174053056      0.6947319291       2185.464892    

       149 0.149E-12*Pression =     2185.8    
 pression totale  potentiel = cinetique =
    2185.8        2182.7        3.0811    
 ----------valeurs moyennes------------
*temperature moyenne =       197.89
*pression moyenne =     2182.1    
 --------------------------------------


<<<<<<<<  ITERATION =    150  time =   0.1500000E-12


 --------- Temperatures et Pression--------
 ----------valeurs instantanees------------
       150 0.150E-12*Epot =    -15292.9745441      eV 
    *energie paire 2 corps =    -15329.2775591      eV 
    *energie pot coul recip =     36.3030150590      eV 
       150 0.150E-12*Ec =     30.5180385632      eV   (307.425 K)
       150 0.150E-12*Etot =    -15262.4565055      eV 

       150 0.150E-12*Temp instantanee = 307.425

*temp instantanee des atomes de type 1 =       364.18
*temp instantanee des atomes de type 2 =       193.92

 * stress en kbar 
1 sigma potentiel (1,1) (2,1) (3,1) =   2184.093569     -0.6654420181     -0.4691822089E-01
2 sigma potentiel (1,2) (2,2) (3,2) = -0.6654420181       2181.756563      0.5509371967    
3 sigma potentiel (1,3) (2,3) (3,3) = -0.4691822089E-01  0.5509371967       2182.409505    

1 sigma cinetique (1,1) (2,1) (3,1) =   3.411797104     -0.1927252751     -0.6149674756E-01
2 sigma cinetique (1,2) (2,2) (3,2) = -0.1927252751       2.832956563      0.1443408881    
3 sigma cinetique (1,3) (2,3) (3,3) = -0.6149674756E-01  0.1443408881       3.101368830    

1 sigma total (1,1) (2,1) (3,1) =   2187.505366     -0.8581672932     -0.1084149685    
2 sigma total (1,2) (2,2) (3,2) = -0.8581672932       2184.589520      0.6952780848    
3 sigma total (1,3) (2,3) (3,3) = -0.1084149685      0.6952780848       2185.510873    

       150 0.150E-12*Pression =     2185.9    
 pression totale  potentiel = cinetique =
    2185.9        2182.8        3.1154    
 ----------valeurs moyennes------------
*temperature moyenne =       198.62
*pression moyenne =     2182.2    
 --------------------------------------


<<<<<<<<  ITERATION =    151  time =   0.1510000E-12


 --------- Temperatures et Pression--------
 ----------valeurs instantanees------------
       151 0.151E-12*Epot =    -15293.2942183      eV 
    *energie paire 2 corps =    -15329.6193255      eV 
    *energie pot coul recip =     36.3251072108      eV 
       151 0.151E-12*Ec =     30.8379183092      eV   (310.648 K)
       151 0.151E-12*Etot =    -15262.4563000      eV 

       151 0.151E-12*Temp instantanee = 310.648

*temp instantanee des atomes de type 1 =       368.82
*temp instantanee des atomes de type 2 =       194.30

 * stress en kbar 
1 sigma potentiel (1,1) (2,1) (3,1) =   2184.213589     -0.6836532212     -0.4470067846E-01
2 sigma potentiel (1,2) (2,2) (3,2) = -0.6836532212       2181.809163      0.5548765216    
3 sigma potentiel (1,3) (2,3) (3,3) = -0.4470067846E-01  0.5548765216       2182.430607    

1 sigma cinetique (1,1) (2,1) (3,1) =   3.455988494     -0.1936904945     -0.5722457050E-01
2 sigma cinetique (1,2) (2,2) (3,2) = -0.1936904945       2.857818170      0.1402925041    
3 sigma cinetique (1,3) (2,3) (3,3) = -0.5722457050E-01  0.1402925041       3.130278723    

1 sigma total (1,1) (2,1) (3,1) =   2187.669578     -0.8773437157     -0.1019252490    
2 sigma total (1,2) (2,2) (3,2) = -0.8773437157       2184.666981      0.6951690257    
3 sigma total (1,3) (2,3) (3,3) = -0.1019252490      0.6951690257       2185.560886    

       151 0.151E-12*Pression =     2186.0    
 pression totale  potentiel = cinetique =
    2186.0        2182.8        3.1480    
 ----------valeurs moyennes------------
*temperature moyenne =       199.36
*pression moyenne =     2182.2    
 --------------------------------------


<<<<<<<<  ITERATION =    152  time =   0.1520000E-12


 --------- Temperatures et Pression--------
 ----------valeurs instantanees------------
       152 0.152E-12*Epot =    -15293.5994987      eV 
    *energie paire 2 corps =    -15329.9511931      eV 
    *energie pot coul recip =     36.3516943917      eV 
       152 0.152E-12*Ec =     31.1434345322      eV   (313.725 K)
       152 0.152E-12*Etot =    -15262.4560642      eV 

       152 0.152E-12*Temp instantanee = 313.725

*temp instantanee des atomes de type 1 =       373.51
*temp instantanee des atomes de type 2 =       194.16

 * stress en kbar 
1 sigma potentiel (1,1) (2,1) (3,1) =   2184.354749     -0.6977843206     -0.3963206626E-01
2 sigma potentiel (1,2) (2,2) (3,2) = -0.6977843206       2181.852042      0.5605939997    
3 sigma potentiel (1,3) (2,3) (3,3) = -0.3963206626E-01  0.5605939997       2182.461670    

1 sigma cinetique (1,1) (2,1) (3,1) =   3.499147052     -0.1942430695     -0.5160350262E-01
2 sigma cinetique (1,2) (2,2) (3,2) = -0.1942430695       2.881366546      0.1358970209    
3 sigma cinetique (1,3) (2,3) (3,3) = -0.5160350262E-01  0.1358970209       3.157135865    

1 sigma total (1,1) (2,1) (3,1) =   2187.853896     -0.8920273901     -0.9123556887E-01
2 sigma total (1,2) (2,2) (3,2) = -0.8920273901       2184.733408      0.6964910206    
3 sigma total (1,3) (2,3) (3,3) = -0.9123556887E-01  0.6964910206       2185.618806    

       152 0.152E-12*Pression =     2186.1    
 pression totale  potentiel = cinetique =
    2186.1        2182.9        3.1792    
 ----------valeurs moyennes------------
*temperature moyenne =       200.11
*pression moyenne =     2182.2    
 --------------------------------------


<<<<<<<<  ITERATION =    153  time =   0.1530000E-12


 --------- Temperatures et Pression--------
 ----------valeurs instantanees------------
       153 0.153E-12*Epot =    -15293.8927867      eV 
    *energie paire 2 corps =    -15330.2741540      eV 
    *energie pot coul recip =     36.3813673110      eV 
       153 0.153E-12*Ec =     31.4369606652      eV   (316.682 K)
       153 0.153E-12*Etot =    -15262.4558260      eV 

       153 0.153E-12*Temp instantanee = 316.682

*temp instantanee des atomes de type 1 =       378.25
*temp instantanee des atomes de type 2 =       193.54

 * stress en kbar 
1 sigma potentiel (1,1) (2,1) (3,1) =   2184.483162     -0.7110036706     -0.3981793095E-01
2 sigma potentiel (1,2) (2,2) (3,2) = -0.7110036706       2181.926672      0.5623143170    
3 sigma potentiel (1,3) (2,3) (3,3) = -0.3981793095E-01  0.5623143170       2182.504284    

1 sigma cinetique (1,1) (2,1) (3,1) =   3.541511771     -0.1946091583     -0.4464863990E-01
2 sigma cinetique (1,2) (2,2) (3,2) = -0.1946091583       2.903874713      0.1312254400    
3 sigma cinetique (1,3) (2,3) (3,3) = -0.4464863990E-01  0.1312254400       3.182155100    

1 sigma total (1,1) (2,1) (3,1) =   2188.024674     -0.9056128289     -0.8446657085E-01
2 sigma total (1,2) (2,2) (3,2) = -0.9056128289       2184.830546      0.6935397570    
3 sigma total (1,3) (2,3) (3,3) = -0.8446657085E-01  0.6935397570       2185.686440    

       153 0.153E-12*Pression =     2186.2    
 pression totale  potentiel = cinetique =
    2186.2        2183.0        3.2092    
 ----------valeurs moyennes------------
*temperature moyenne =       200.88
*pression moyenne =     2182.2    
 --------------------------------------


<<<<<<<<  ITERATION =    154  time =   0.1540000E-12


 --------- Temperatures et Pression--------
 ----------valeurs instantanees------------
       154 0.154E-12*Epot =    -15294.1768123      eV 
    *energie paire 2 corps =    -15330.5894536      eV 
    *energie pot coul recip =     36.4126412611      eV 
       154 0.154E-12*Ec =     31.7212458827      eV   (319.546 K)
       154 0.154E-12*Etot =    -15262.4555664      eV 

       154 0.154E-12*Temp instantanee = 319.546

*temp instantanee des atomes de type 1 =       383.07
*temp instantanee des atomes de type 2 =       192.50

 * stress en kbar 
1 sigma potentiel (1,1) (2,1) (3,1) =   2184.634466     -0.7184124751     -0.3997704872E-01
2 sigma potentiel (1,2) (2,2) (3,2) = -0.7184124751       2181.979966      0.5700997711    
3 sigma potentiel (1,3) (2,3) (3,3) = -0.3997704872E-01  0.5700997711       2182.542314    

1 sigma cinetique (1,1) (2,1) (3,1) =   3.583325389     -0.1950078285     -0.3641157325E-01
2 sigma cinetique (1,2) (2,2) (3,2) = -0.1950078285       2.925665894      0.1263496964    
3 sigma cinetique (1,3) (2,3) (3,3) = -0.3641157325E-01  0.1263496964       3.205612398    

1 sigma total (1,1) (2,1) (3,1) =   2188.217791     -0.9134203035     -0.7638862197E-01
2 sigma total (1,2) (2,2) (3,2) = -0.9134203035       2184.905632      0.6964494675    
3 sigma total (1,3) (2,3) (3,3) = -0.7638862197E-01  0.6964494675       2185.747926    

       154 0.154E-12*Pression =     2186.3    
 pression totale  potentiel = cinetique =
    2186.3        2183.1        3.2382    
 ----------valeurs moyennes------------
*temperature moyenne =       201.65
*pression moyenne =     2182.3    
 --------------------------------------


<<<<<<<<  ITERATION =    155  time =   0.1550000E-12


 --------- Temperatures et Pression--------
 ----------valeurs instantanees------------
       155 0.155E-12*Epot =    -15294.4546642      eV 
    *energie paire 2 corps =    -15330.8986878      eV 
    *energie pot coul recip =     36.4440235886      eV 
       155 0.155E-12*Ec =     31.9993661215      eV   (322.348 K)
       155 0.155E-12*Etot =    -15262.4552981      eV 

       155 0.155E-12*Temp instantanee = 322.348

*temp instantanee des atomes de type 1 =       387.97
*temp instantanee des atomes de type 2 =       191.11

 * stress en kbar 
1 sigma potentiel (1,1) (2,1) (3,1) =   2184.791795     -0.7284709724     -0.4652582362E-01
2 sigma potentiel (1,2) (2,2) (3,2) = -0.7284709724       2182.047612      0.5697580473    
3 sigma potentiel (1,3) (2,3) (3,3) = -0.4652582362E-01  0.5697580473       2182.606116    

1 sigma cinetique (1,1) (2,1) (3,1) =   3.624853718     -0.1956337682     -0.2697121095E-01
2 sigma cinetique (1,2) (2,2) (3,2) = -0.1956337682       2.947079920      0.1213542771    
3 sigma cinetique (1,3) (2,3) (3,3) = -0.2697121095E-01  0.1213542771       3.227844122    

1 sigma total (1,1) (2,1) (3,1) =   2188.416649     -0.9241047406     -0.7349703457E-01
2 sigma total (1,2) (2,2) (3,2) = -0.9241047406       2184.994692      0.6911123244    
3 sigma total (1,3) (2,3) (3,3) = -0.7349703457E-01  0.6911123244       2185.833960    

       155 0.155E-12*Pression =     2186.4    
 pression totale  potentiel = cinetique =
    2186.4        2183.1        3.2666    
 ----------valeurs moyennes------------
*temperature moyenne =       202.42
*pression moyenne =     2182.3    
 --------------------------------------


<<<<<<<<  ITERATION =    156  time =   0.1560000E-12


 --------- Temperatures et Pression--------
 ----------valeurs instantanees------------
       156 0.156E-12*Epot =    -15294.7294844      eV 
    *energie paire 2 corps =    -15331.2035627      eV 
    *energie pot coul recip =     36.4740783246      eV 
       156 0.156E-12*Ec =     32.2744765676      eV   (325.119 K)
       156 0.156E-12*Etot =    -15262.4550078      eV 

       156 0.156E-12*Temp instantanee = 325.119

*temp instantanee des atomes de type 1 =       392.96
*temp instantanee des atomes de type 2 =       189.43

 * stress en kbar 
1 sigma potentiel (1,1) (2,1) (3,1) =   2184.960903     -0.7291047541     -0.5485908232E-01
2 sigma potentiel (1,2) (2,2) (3,2) = -0.7291047541       2182.136642      0.5672235722    
3 sigma potentiel (1,3) (2,3) (3,3) = -0.5485908232E-01  0.5672235722       2182.666460    

1 sigma cinetique (1,1) (2,1) (3,1) =   3.666363942     -0.1966623125     -0.1642429686E-01
2 sigma cinetique (1,2) (2,2) (3,2) = -0.1966623125       2.968458753      0.1163278534    
3 sigma cinetique (1,3) (2,3) (3,3) = -0.1642429686E-01  0.1163278534       3.249207397    

1 sigma total (1,1) (2,1) (3,1) =   2188.627267     -0.9257670666     -0.7128337918E-01
2 sigma total (1,2) (2,2) (3,2) = -0.9257670666       2185.105101      0.6835514256    
3 sigma total (1,3) (2,3) (3,3) = -0.7128337918E-01  0.6835514256       2185.915667    

       156 0.156E-12*Pression =     2186.5    
 pression totale  potentiel = cinetique =
    2186.5        2183.3        3.2947    
 ----------valeurs moyennes------------
*temperature moyenne =       203.21
*pression moyenne =     2182.3    
 --------------------------------------


<<<<<<<<  ITERATION =    157  time =   0.1570000E-12


 --------- Temperatures et Pression--------
 ----------valeurs instantanees------------
       157 0.157E-12*Epot =    -15295.0044298      eV 
    *energie paire 2 corps =    -15331.5059162      eV 
    *energie pot coul recip =     36.5014863778      eV 
       157 0.157E-12*Ec =     32.5496359266      eV   (327.891 K)
       157 0.157E-12*Etot =    -15262.4547939      eV 

       157 0.157E-12*Temp instantanee = 327.891

*temp instantanee des atomes de type 1 =       398.07
*temp instantanee des atomes de type 2 =       187.53

 * stress en kbar 
1 sigma potentiel (1,1) (2,1) (3,1) =   2185.140500     -0.7236166292     -0.5547733290E-01
2 sigma potentiel (1,2) (2,2) (3,2) = -0.7236166292       2182.207456      0.5626360376    
3 sigma potentiel (1,3) (2,3) (3,3) = -0.5547733290E-01  0.5626360376       2182.723046    

1 sigma cinetique (1,1) (2,1) (3,1) =   3.708094992     -0.1982253242     -0.4905914320E-02
2 sigma cinetique (1,2) (2,2) (3,2) = -0.1982253242       2.990149735      0.1113419241    
3 sigma cinetique (1,3) (2,3) (3,3) = -0.4905914320E-02  0.1113419241       3.270052677    

1 sigma total (1,1) (2,1) (3,1) =   2188.848595     -0.9218419534     -0.6038324722E-01
2 sigma total (1,2) (2,2) (3,2) = -0.9218419534       2185.197606      0.6739779617    
3 sigma total (1,3) (2,3) (3,3) = -0.6038324722E-01  0.6739779617       2185.993098    

       157 0.157E-12*Pression =     2186.7    
 pression totale  potentiel = cinetique =
    2186.7        2183.4        3.3228    
 ----------valeurs moyennes------------
*temperature moyenne =       204.00
*pression moyenne =     2182.3    
 --------------------------------------


<<<<<<<<  ITERATION =    158  time =   0.1580000E-12


 --------- Temperatures et Pression--------
 ----------valeurs instantanees------------
       158 0.158E-12*Epot =    -15295.2826504      eV 
    *energie paire 2 corps =    -15331.8077485      eV 
    *energie pot coul recip =     36.5250980801      eV 
       158 0.158E-12*Ec =     32.8280699575      eV   (330.696 K)
       158 0.158E-12*Etot =    -15262.4545804      eV 

       158 0.158E-12*Temp instantanee = 330.696

*temp instantanee des atomes de type 1 =       403.30
*temp instantanee des atomes de type 2 =       185.48

 * stress en kbar 
1 sigma potentiel (1,1) (2,1) (3,1) =   2185.300826     -0.7164289426     -0.7014250080E-01
2 sigma potentiel (1,2) (2,2) (3,2) = -0.7164289426       2182.298084      0.5595165298    
3 sigma potentiel (1,3) (2,3) (3,3) = -0.7014250080E-01  0.5595165298       2182.792792    

1 sigma cinetique (1,1) (2,1) (3,1) =   3.750282509     -0.2004231497      0.7397154617E-02
2 sigma cinetique (1,2) (2,2) (3,2) = -0.2004231497       3.012505005      0.1064779346    
3 sigma cinetique (1,3) (2,3) (3,3) =  0.7397154617E-02  0.1064779346       3.290780067    

1 sigma total (1,1) (2,1) (3,1) =   2189.051109     -0.9168520923     -0.6274534618E-01
2 sigma total (1,2) (2,2) (3,2) = -0.9168520923       2185.310589      0.6659944645    
3 sigma total (1,3) (2,3) (3,3) = -0.6274534618E-01  0.6659944645       2186.083572    

       158 0.158E-12*Pression =     2186.8    
 pression totale  potentiel = cinetique =
    2186.8        2183.5        3.3512    
 ----------valeurs moyennes------------
*temperature moyenne =       204.81
*pression moyenne =     2182.4    
 --------------------------------------


<<<<<<<<  ITERATION =    159  time =   0.1590000E-12


 --------- Temperatures et Pression--------
 ----------valeurs instantanees------------
       159 0.159E-12*Epot =    -15295.5671518      eV 
    *energie paire 2 corps =    -15332.1111290      eV 
    *energie pot coul recip =     36.5439771736      eV 
       159 0.159E-12*Ec =     33.1127875251      eV   (333.564 K)
       159 0.159E-12*Etot =    -15262.4543643      eV 

       159 0.159E-12*Temp instantanee = 333.564

*temp instantanee des atomes de type 1 =       408.67
*temp instantanee des atomes de type 2 =       183.35

 * stress en kbar 
1 sigma potentiel (1,1) (2,1) (3,1) =   2185.485570     -0.7120990053     -0.7981809617E-01
2 sigma potentiel (1,2) (2,2) (3,2) = -0.7120990053       2182.393349      0.5479924248    
3 sigma potentiel (1,3) (2,3) (3,3) = -0.7981809617E-01  0.5479924248       2182.875221    

1 sigma cinetique (1,1) (2,1) (3,1) =   3.793130761     -0.2033057950      0.2027691626E-01
2 sigma cinetique (1,2) (2,2) (3,2) = -0.2033057950       3.035841867      0.1018214644    
3 sigma cinetique (1,3) (2,3) (3,3) =  0.2027691626E-01  0.1018214644       3.311789459    

1 sigma total (1,1) (2,1) (3,1) =   2189.278701     -0.9154048003     -0.5954117992E-01
2 sigma total (1,2) (2,2) (3,2) = -0.9154048003       2185.429191      0.6498138892    
3 sigma total (1,3) (2,3) (3,3) = -0.5954117992E-01  0.6498138892       2186.187011    

       159 0.159E-12*Pression =     2187.0    
 pression totale  potentiel = cinetique =
    2187.0        2183.6        3.3803    
 ----------valeurs moyennes------------
*temperature moyenne =       205.62
*pression moyenne =     2182.4    
 --------------------------------------


<<<<<<<<  ITERATION =    160  time =   0.1600000E-12


 --------- Temperatures et Pression--------
 ----------valeurs instantanees------------
       160 0.160E-12*Epot =    -15295.8605412      eV 
    *energie paire 2 corps =    -15332.4179766      eV 
    *energie pot coul recip =     36.5574354164      eV 
       160 0.160E-12*Ec =     33.4064350619      eV   (336.522 K)
       160 0.160E-12*Etot =    -15262.4541061      eV 

       160 0.160E-12*Temp instantanee = 336.522

*temp instantanee des atomes de type 1 =       414.18
*temp instantanee des atomes de type 2 =       181.20

 * stress en kbar 
1 sigma potentiel (1,1) (2,1) (3,1) =   2185.673686     -0.6945297287     -0.9654545443E-01
2 sigma potentiel (1,2) (2,2) (3,2) = -0.6945297287       2182.488441      0.5384416283    
3 sigma potentiel (1,3) (2,3) (3,3) = -0.9654545443E-01  0.5384416283       2182.926885    

1 sigma cinetique (1,1) (2,1) (3,1) =   3.836801682     -0.2068610717      0.3351377083E-01
2 sigma cinetique (1,2) (2,2) (3,2) = -0.2068610717       3.060452221      0.9743256912E-01
3 sigma cinetique (1,3) (2,3) (3,3) =  0.3351377083E-01  0.9743256912E-01   3.333437484    

1 sigma total (1,1) (2,1) (3,1) =   2189.510488     -0.9013908004     -0.6303168360E-01
2 sigma total (1,2) (2,2) (3,2) = -0.9013908004       2185.548893      0.6358741974    
3 sigma total (1,3) (2,3) (3,3) = -0.6303168360E-01  0.6358741974       2186.260323    

       160 0.160E-12*Pression =     2187.1    
 pression totale  potentiel = cinetique =
    2187.1        2183.7        3.4102    
 ----------valeurs moyennes------------
*temperature moyenne =       206.43
*pression moyenne =     2182.4    
 --------------------------------------


<<<<<<<<  ITERATION =    161  time =   0.1610000E-12


 --------- Temperatures et Pression--------
 ----------valeurs instantanees------------
       161 0.161E-12*Epot =    -15296.1652859      eV 
    *energie paire 2 corps =    -15332.7303314      eV 
    *energie pot coul recip =     36.5650454154      eV 
       161 0.161E-12*Ec =     33.7113622866      eV   (339.594 K)
       161 0.161E-12*Etot =    -15262.4539237      eV 

       161 0.161E-12*Temp instantanee = 339.594

*temp instantanee des atomes de type 1 =       419.85
*temp instantanee des atomes de type 2 =       179.07

 * stress en kbar 
1 sigma potentiel (1,1) (2,1) (3,1) =   2185.856676     -0.6749287850     -0.1111502144    
2 sigma potentiel (1,2) (2,2) (3,2) = -0.6749287850       2182.583604      0.5296505793    
3 sigma potentiel (1,3) (2,3) (3,3) = -0.1111502144      0.5296505793       2183.004395    

1 sigma cinetique (1,1) (2,1) (3,1) =   3.881422496     -0.2110351562      0.4688195770E-01
2 sigma cinetique (1,2) (2,2) (3,2) = -0.2110351562       3.086590890      0.9338075290E-01
3 sigma cinetique (1,3) (2,3) (3,3) =  0.4688195770E-01  0.9338075290E-01   3.356061695    

1 sigma total (1,1) (2,1) (3,1) =   2189.738098     -0.8859639411     -0.6426825672E-01
2 sigma total (1,2) (2,2) (3,2) = -0.8859639411       2185.670195      0.6230313322    
3 sigma total (1,3) (2,3) (3,3) = -0.6426825672E-01  0.6230313322       2186.360457    

       161 0.161E-12*Pression =     2187.3    
 pression totale  potentiel = cinetique =
    2187.3        2183.8        3.4414    
 ----------valeurs moyennes------------
*temperature moyenne =       207.26
*pression moyenne =     2182.5    
 --------------------------------------


<<<<<<<<  ITERATION =    162  time =   0.1620000E-12


 --------- Temperatures et Pression--------
 ----------valeurs instantanees------------
       162 0.162E-12*Epot =    -15296.4833783      eV 
    *energie paire 2 corps =    -15333.0500311      eV 
    *energie pot coul recip =     36.5666527957      eV 
       162 0.162E-12*Ec =     34.0296073142      eV   (342.799 K)
       162 0.162E-12*Etot =    -15262.4537710      eV 

       162 0.162E-12*Temp instantanee = 342.799

*temp instantanee des atomes de type 1 =       425.69
*temp instantanee des atomes de type 2 =       177.02

 * stress en kbar 
1 sigma potentiel (1,1) (2,1) (3,1) =   2186.056065     -0.6579408102     -0.1268945179    
2 sigma potentiel (1,2) (2,2) (3,2) = -0.6579408102       2182.678668      0.5132637773    
3 sigma potentiel (1,3) (2,3) (3,3) = -0.1268945179      0.5132637773       2183.090837    

1 sigma cinetique (1,1) (2,1) (3,1) =   3.927096967     -0.2157244668      0.6013578276E-01
2 sigma cinetique (1,2) (2,2) (3,2) = -0.2157244668       3.114469375      0.8972780618E-01
3 sigma cinetique (1,3) (2,3) (3,3) =  0.6013578276E-01  0.8972780618E-01   3.379971000    

1 sigma total (1,1) (2,1) (3,1) =   2189.983162     -0.8736652770     -0.6675873518E-01
2 sigma total (1,2) (2,2) (3,2) = -0.8736652770       2185.793138      0.6029915834    
3 sigma total (1,3) (2,3) (3,3) = -0.6675873518E-01  0.6029915834       2186.470808    

       162 0.162E-12*Pression =     2187.4    
 pression totale  potentiel = cinetique =
    2187.4        2183.9        3.4738    
 ----------valeurs moyennes------------
*temperature moyenne =       208.10
*pression moyenne =     2182.5    
 --------------------------------------


<<<<<<<<  ITERATION =    163  time =   0.1630000E-12


 --------- Temperatures et Pression--------
 ----------valeurs instantanees------------
       163 0.163E-12*Epot =    -15296.8164252      eV 
    *energie paire 2 corps =    -15333.3787933      eV 
    *energie pot coul recip =     36.5623680329      eV 
       163 0.163E-12*Ec =     34.3628452360      eV   (346.156 K)
       163 0.163E-12*Etot =    -15262.4535800      eV 

       163 0.163E-12*Temp instantanee = 346.156

*temp instantanee des atomes de type 1 =       431.69
*temp instantanee des atomes de type 2 =       175.09

 * stress en kbar 
1 sigma potentiel (1,1) (2,1) (3,1) =   2186.248674     -0.6271336046     -0.1437916150    
2 sigma potentiel (1,2) (2,2) (3,2) = -0.6271336046       2182.769038      0.4931625665    
3 sigma potentiel (1,3) (2,3) (3,3) = -0.1437916150      0.4931625665       2183.167071    

1 sigma cinetique (1,1) (2,1) (3,1) =   3.973895509     -0.2207832259      0.7300499461E-01
2 sigma cinetique (1,2) (2,2) (3,2) = -0.2207832259       3.144267617      0.8652650575E-01
3 sigma cinetique (1,3) (2,3) (3,3) =  0.7300499461E-01  0.8652650575E-01   3.405428036    

1 sigma total (1,1) (2,1) (3,1) =   2190.222570     -0.8479168305     -0.7078662040E-01
2 sigma total (1,2) (2,2) (3,2) = -0.8479168305       2185.913305      0.5796890723    
3 sigma total (1,3) (2,3) (3,3) = -0.7078662040E-01  0.5796890723       2186.572499    

       163 0.163E-12*Pression =     2187.6    
 pression totale  potentiel = cinetique =
    2187.6        2184.1        3.5079    
 ----------valeurs moyennes------------
*temperature moyenne =       208.95
*pression moyenne =     2182.5    
 --------------------------------------


<<<<<<<<  ITERATION =    164  time =   0.1640000E-12


 --------- Temperatures et Pression--------
 ----------valeurs instantanees------------
       164 0.164E-12*Epot =    -15297.1657196      eV 
    *energie paire 2 corps =    -15333.7182639      eV 
    *energie pot coul recip =     36.5525443266      eV 
       164 0.164E-12*Ec =     34.7122601872      eV   (349.676 K)
       164 0.164E-12*Etot =    -15262.4534594      eV 

       164 0.164E-12*Temp instantanee = 349.676

*temp instantanee des atomes de type 1 =       437.87
*temp instantanee des atomes de type 2 =       173.29

 * stress en kbar 
1 sigma potentiel (1,1) (2,1) (3,1) =   2186.451907     -0.6025859078     -0.1623425270    
2 sigma potentiel (1,2) (2,2) (3,2) = -0.6025859078       2182.872562      0.4706925764    
3 sigma potentiel (1,3) (2,3) (3,3) = -0.1623425270      0.4706925764       2183.252238    

1 sigma cinetique (1,1) (2,1) (3,1) =   4.021857311     -0.2260172297      0.8521703906E-01
2 sigma cinetique (1,2) (2,2) (3,2) = -0.2260172297       3.176107328      0.8383531158E-01
3 sigma cinetique (1,3) (2,3) (3,3) =  0.8521703906E-01  0.8383531158E-01   3.432634545    

1 sigma total (1,1) (2,1) (3,1) =   2190.473765     -0.8286031375     -0.7712548790E-01
2 sigma total (1,2) (2,2) (3,2) = -0.8286031375       2186.048669      0.5545278880    
3 sigma total (1,3) (2,3) (3,3) = -0.7712548790E-01  0.5545278880       2186.684872    

       164 0.164E-12*Pression =     2187.7    
 pression totale  potentiel = cinetique =
    2187.7        2184.2        3.5435    
 ----------valeurs moyennes------------
*temperature moyenne =       209.80
*pression moyenne =     2182.6    
 --------------------------------------


<<<<<<<<  ITERATION =    165  time =   0.1650000E-12


 --------- Temperatures et Pression--------
 ----------valeurs instantanees------------
       165 0.165E-12*Epot =    -15297.5320352      eV 
    *energie paire 2 corps =    -15334.0697867      eV 
    *energie pot coul recip =     36.5377515298      eV 
       165 0.165E-12*Ec =     35.0786776243      eV   (353.367 K)
       165 0.165E-12*Etot =    -15262.4533576      eV 

       165 0.165E-12*Temp instantanee = 353.367

*temp instantanee des atomes de type 1 =       444.23
*temp instantanee des atomes de type 2 =       171.65

 * stress en kbar 
1 sigma potentiel (1,1) (2,1) (3,1) =   2186.661050     -0.5730069208     -0.1805419357    
2 sigma potentiel (1,2) (2,2) (3,2) = -0.5730069208       2182.977937      0.4519730968    
3 sigma potentiel (1,3) (2,3) (3,3) = -0.1805419357      0.4519730968       2183.332545    

1 sigma cinetique (1,1) (2,1) (3,1) =   4.070996585     -0.2311990070      0.9652334188E-01
2 sigma cinetique (1,2) (2,2) (3,2) = -0.2311990070       3.210057506      0.8169079291E-01
3 sigma cinetique (1,3) (2,3) (3,3) =  0.9652334188E-01  0.8169079291E-01   3.461760111    

1 sigma total (1,1) (2,1) (3,1) =   2190.732046     -0.8042059278     -0.8401859382E-01
2 sigma total (1,2) (2,2) (3,2) = -0.8042059278       2186.187994      0.5336638897    
3 sigma total (1,3) (2,3) (3,3) = -0.8401859382E-01  0.5336638897       2186.794305    

       165 0.165E-12*Pression =     2187.9    
 pression totale  potentiel = cinetique =
    2187.9        2184.3        3.5809    
 ----------valeurs moyennes------------
*temperature moyenne =       210.67
*pression moyenne =     2182.6    
 --------------------------------------


<<<<<<<<  ITERATION =    166  time =   0.1660000E-12


 --------- Temperatures et Pression--------
 ----------valeurs instantanees------------
       166 0.166E-12*Epot =    -15297.9158713      eV 
    *energie paire 2 corps =    -15334.4346069      eV 
    *energie pot coul recip =     36.5187356066      eV 
       166 0.166E-12*Ec =     35.4626220585      eV   (357.235 K)
       166 0.166E-12*Etot =    -15262.4532493      eV 

       166 0.166E-12*Temp instantanee = 357.235

*temp instantanee des atomes de type 1 =       450.77
*temp instantanee des atomes de type 2 =       170.17

 * stress en kbar 
1 sigma potentiel (1,1) (2,1) (3,1) =   2186.856899     -0.5377105020     -0.1998042507    
2 sigma potentiel (1,2) (2,2) (3,2) = -0.5377105020       2183.076991      0.4235068673    
3 sigma potentiel (1,3) (2,3) (3,3) = -0.1998042507      0.4235068673       2183.419578    

1 sigma cinetique (1,1) (2,1) (3,1) =   4.121301723     -0.2360900752      0.1067116603    
2 sigma cinetique (1,2) (2,2) (3,2) = -0.2360900752       3.246163702      0.8012063107E-01
3 sigma cinetique (1,3) (2,3) (3,3) =  0.1067116603      0.8012063107E-01   3.492931422    

1 sigma total (1,1) (2,1) (3,1) =   2190.978201     -0.7738005772     -0.9309259045E-01
2 sigma total (1,2) (2,2) (3,2) = -0.7738005772       2186.323155      0.5036274984    
3 sigma total (1,3) (2,3) (3,3) = -0.9309259045E-01  0.5036274984       2186.912510    

       166 0.166E-12*Pression =     2188.1    
 pression totale  potentiel = cinetique =
    2188.1        2184.5        3.6201    
 ----------valeurs moyennes------------
*temperature moyenne =       211.56
*pression moyenne =     2182.6    
 --------------------------------------


<<<<<<<<  ITERATION =    167  time =   0.1670000E-12


 --------- Temperatures et Pression--------
 ----------valeurs instantanees------------
       167 0.167E-12*Epot =    -15298.3174016      eV 
    *energie paire 2 corps =    -15334.8137736      eV 
    *energie pot coul recip =     36.4963720793      eV 
       167 0.167E-12*Ec =     35.8642373538      eV   (361.281 K)
       167 0.167E-12*Etot =    -15262.4531642      eV 

       167 0.167E-12*Temp instantanee = 361.281

*temp instantanee des atomes de type 1 =       457.49
*temp instantanee des atomes de type 2 =       168.87

 * stress en kbar 
1 sigma potentiel (1,1) (2,1) (3,1) =   2187.061801     -0.5051969627     -0.2150427855    
2 sigma potentiel (1,2) (2,2) (3,2) = -0.5051969627       2183.184616      0.3941130575    
3 sigma potentiel (1,3) (2,3) (3,3) = -0.2150427855      0.3941130575       2183.497356    

1 sigma cinetique (1,1) (2,1) (3,1) =   4.172769556     -0.2404315089      0.1155806376    
2 sigma cinetique (1,2) (2,2) (3,2) = -0.2404315089       3.284410022      0.7913703077E-01
3 sigma cinetique (1,3) (2,3) (3,3) =  0.1155806376      0.7913703077E-01   3.526211601    

1 sigma total (1,1) (2,1) (3,1) =   2191.234571     -0.7456284716     -0.9946214797E-01
2 sigma total (1,2) (2,2) (3,2) = -0.7456284716       2186.469026      0.4732500883    
3 sigma total (1,3) (2,3) (3,3) = -0.9946214797E-01  0.4732500883       2187.023567    

       167 0.167E-12*Pression =     2188.2    
 pression totale  potentiel = cinetique =
    2188.2        2184.6        3.6611    
 ----------valeurs moyennes------------
*temperature moyenne =       212.45
*pression moyenne =     2182.7    
 --------------------------------------


<<<<<<<<  ITERATION =    168  time =   0.1680000E-12


 --------- Temperatures et Pression--------
 ----------valeurs instantanees------------
       168 0.168E-12*Epot =    -15298.7365164      eV 
    *energie paire 2 corps =    -15335.2081325      eV 
    *energie pot coul recip =     36.4716160453      eV 
       168 0.168E-12*Ec =     36.2834559440      eV   (365.504 K)
       168 0.168E-12*Etot =    -15262.4530605      eV 

       168 0.168E-12*Temp instantanee = 365.504

*temp instantanee des atomes de type 1 =       464.39
*temp instantanee des atomes de type 2 =       167.72

 * stress en kbar 
1 sigma potentiel (1,1) (2,1) (3,1) =   2187.267854     -0.4697949109     -0.2334128980    
2 sigma potentiel (1,2) (2,2) (3,2) = -0.4697949109       2183.293759      0.3658626819    
3 sigma potentiel (1,3) (2,3) (3,3) = -0.2334128980      0.3658626819       2183.582835    

1 sigma cinetique (1,1) (2,1) (3,1) =   4.225398064     -0.2439581731      0.1229309255    
2 sigma cinetique (1,2) (2,2) (3,2) = -0.2439581731       3.324750978      0.7874003998E-01
3 sigma cinetique (1,3) (2,3) (3,3) =  0.1229309255      0.7874003998E-01   3.561627462    

1 sigma total (1,1) (2,1) (3,1) =   2191.493252     -0.7137530839     -0.1104819725    
2 sigma total (1,2) (2,2) (3,2) = -0.7137530839       2186.618510      0.4446027219    
3 sigma total (1,3) (2,3) (3,3) = -0.1104819725      0.4446027219       2187.144462    

       168 0.168E-12*Pression =     2188.4    
 pression totale  potentiel = cinetique =
    2188.4        2184.7        3.7039    
 ----------valeurs moyennes------------
*temperature moyenne =       213.36
*pression moyenne =     2182.7    
 --------------------------------------


<<<<<<<<  ITERATION =    169  time =   0.1690000E-12


 --------- Temperatures et Pression--------
 ----------valeurs instantanees------------
       169 0.169E-12*Epot =    -15299.1728969      eV 
    *energie paire 2 corps =    -15335.6183466      eV 
    *energie pot coul recip =     36.4454497387      eV 
       169 0.169E-12*Ec =     36.7199550443      eV   (369.901 K)
       169 0.169E-12*Etot =    -15262.4529418      eV 

       169 0.169E-12*Temp instantanee = 369.901

*temp instantanee des atomes de type 1 =       471.48
*temp instantanee des atomes de type 2 =       166.73

 * stress en kbar 
1 sigma potentiel (1,1) (2,1) (3,1) =   2187.471765     -0.4310221606     -0.2521208651    
2 sigma potentiel (1,2) (2,2) (3,2) = -0.4310221606       2183.388832      0.3309637054    
3 sigma potentiel (1,3) (2,3) (3,3) = -0.2521208651      0.3309637054       2183.659668    

1 sigma cinetique (1,1) (2,1) (3,1) =   4.279169864     -0.2464200163      0.1286111290    
2 sigma cinetique (1,2) (2,2) (3,2) = -0.2464200163       3.367136402      0.7891946414E-01
3 sigma cinetique (1,3) (2,3) (3,3) =  0.1286111290      0.7891946414E-01   3.599147703    

1 sigma total (1,1) (2,1) (3,1) =   2191.750934     -0.6774421768     -0.1235097361    
2 sigma total (1,2) (2,2) (3,2) = -0.6774421768       2186.755968      0.4098831695    
3 sigma total (1,3) (2,3) (3,3) = -0.1235097361      0.4098831695       2187.258815    

       169 0.169E-12*Pression =     2188.6    
 pression totale  potentiel = cinetique =
    2188.6        2184.8        3.7485    
 ----------valeurs moyennes------------
*temperature moyenne =       214.29
*pression moyenne =     2182.7    
 --------------------------------------


<<<<<<<<  ITERATION =    170  time =   0.1700000E-12


 --------- Temperatures et Pression--------
 ----------valeurs instantanees------------
       170 0.170E-12*Epot =    -15299.6261111      eV 
    *energie paire 2 corps =    -15336.0449443      eV 
    *energie pot coul recip =     36.4188332154      eV 
       170 0.170E-12*Ec =     37.1732561742      eV   (374.467 K)
       170 0.170E-12*Etot =    -15262.4528549      eV 

       170 0.170E-12*Temp instantanee = 374.467

*temp instantanee des atomes de type 1 =       478.76
*temp instantanee des atomes de type 2 =       165.88

 * stress en kbar 
1 sigma potentiel (1,1) (2,1) (3,1) =   2187.683448     -0.3916964198     -0.2655626786    
2 sigma potentiel (1,2) (2,2) (3,2) = -0.3916964198       2183.496870      0.3008200325    
3 sigma potentiel (1,3) (2,3) (3,3) = -0.2655626786      0.3008200325       2183.738317    

1 sigma cinetique (1,1) (2,1) (3,1) =   4.334101389     -0.2475907112      0.1325207955    
2 sigma cinetique (1,2) (2,2) (3,2) = -0.2475907112       3.411468901      0.7964198402E-01
3 sigma cinetique (1,3) (2,3) (3,3) =  0.1325207955      0.7964198402E-01   3.638706753    

1 sigma total (1,1) (2,1) (3,1) =   2192.017549     -0.6392871311     -0.1330418831    
2 sigma total (1,2) (2,2) (3,2) = -0.6392871311       2186.908339      0.3804620165    
3 sigma total (1,3) (2,3) (3,3) = -0.1330418831      0.3804620165       2187.377024    

       170 0.170E-12*Pression =     2188.8    
 pression totale  potentiel = cinetique =
    2188.8        2185.0        3.7948    
 ----------valeurs moyennes------------
*temperature moyenne =       215.23
*pression moyenne =     2182.8    
 --------------------------------------


<<<<<<<<  ITERATION =    171  time =   0.1710000E-12


 --------- Temperatures et Pression--------
 ----------valeurs instantanees------------
       171 0.171E-12*Epot =    -15300.0956350      eV 
    *energie paire 2 corps =    -15336.4882927      eV 
    *energie pot coul recip =     36.3926577183      eV 
       171 0.171E-12*Ec =     37.6428360764      eV   (379.197 K)
       171 0.171E-12*Etot =    -15262.4527989      eV 

       171 0.171E-12*Temp instantanee = 379.197

*temp instantanee des atomes de type 1 =       486.22
*temp instantanee des atomes de type 2 =       165.16

 * stress en kbar 
1 sigma potentiel (1,1) (2,1) (3,1) =   2187.889170     -0.3511687803     -0.2832616461    
2 sigma potentiel (1,2) (2,2) (3,2) = -0.3511687803       2183.606370      0.2703094364    
3 sigma potentiel (1,3) (2,3) (3,3) = -0.2832616461      0.2703094364       2183.817074    

1 sigma cinetique (1,1) (2,1) (3,1) =   4.390225129     -0.2472629737      0.1345993978    
2 sigma cinetique (1,2) (2,2) (3,2) = -0.2472629737       3.457640455      0.8086485917E-01
3 sigma cinetique (1,3) (2,3) (3,3) =  0.1345993978      0.8086485917E-01   3.680219892    

1 sigma total (1,1) (2,1) (3,1) =   2192.279395     -0.5984317541     -0.1486622484    
2 sigma total (1,2) (2,2) (3,2) = -0.5984317541       2187.064010      0.3511742956    
3 sigma total (1,3) (2,3) (3,3) = -0.1486622484      0.3511742956       2187.497293    

       171 0.171E-12*Pression =     2188.9    
 pression totale  potentiel = cinetique =
    2188.9        2185.1        3.8427    
 ----------valeurs moyennes------------
*temperature moyenne =       216.19
*pression moyenne =     2182.8    
 --------------------------------------


<<<<<<<<  ITERATION =    172  time =   0.1720000E-12


 --------- Temperatures et Pression--------
 ----------valeurs instantanees------------
       172 0.172E-12*Epot =    -15300.5808990      eV 
    *energie paire 2 corps =    -15336.9485992      eV 
    *energie pot coul recip =     36.3677001379      eV 
       172 0.172E-12*Ec =     38.1281610204      eV   (384.086 K)
       172 0.172E-12*Etot =    -15262.4527380      eV 

       172 0.172E-12*Temp instantanee = 384.086

*temp instantanee des atomes de type 1 =       493.86
*temp instantanee des atomes de type 2 =       164.54

 * stress en kbar 
1 sigma potentiel (1,1) (2,1) (3,1) =   2188.103676     -0.3143217414     -0.2970380053    
2 sigma potentiel (1,2) (2,2) (3,2) = -0.3143217414       2183.715670      0.2367162531    
3 sigma potentiel (1,3) (2,3) (3,3) = -0.2970380053      0.2367162531       2183.903373    

1 sigma cinetique (1,1) (2,1) (3,1) =   4.447591285     -0.2452753925      0.1348275407    
2 sigma cinetique (1,2) (2,2) (3,2) = -0.2452753925       3.505541046      0.8253073775E-01
3 sigma cinetique (1,3) (2,3) (3,3) =  0.1348275407      0.8253073775E-01   3.723583481    

1 sigma total (1,1) (2,1) (3,1) =   2192.551268     -0.5595971339     -0.1622104646    
2 sigma total (1,2) (2,2) (3,2) = -0.5595971339       2187.221211      0.3192469908    
3 sigma total (1,3) (2,3) (3,3) = -0.1622104646      0.3192469908       2187.626956    

       172 0.172E-12*Pression =     2189.1    
 pression totale  potentiel = cinetique =
    2189.1        2185.2        3.8922    
 ----------valeurs moyennes------------
*temperature moyenne =       217.17
*pression moyenne =     2182.8    
 --------------------------------------


<<<<<<<<  ITERATION =    173  time =   0.1730000E-12


 --------- Temperatures et Pression--------
 ----------valeurs instantanees------------
       173 0.173E-12*Epot =    -15301.0813555      eV 
    *energie paire 2 corps =    -15337.4259539      eV 
    *energie pot coul recip =     36.3445983823      eV 
       173 0.173E-12*Ec =     38.6287102821      eV   (389.129 K)
       173 0.173E-12*Etot =    -15262.4526453      eV 

       173 0.173E-12*Temp instantanee = 389.129

*temp instantanee des atomes de type 1 =       501.69
*temp instantanee des atomes de type 2 =       164.00

 * stress en kbar 
1 sigma potentiel (1,1) (2,1) (3,1) =   2188.316950     -0.2732561903     -0.3073026940    
2 sigma potentiel (1,2) (2,2) (3,2) = -0.2732561903       2183.805693      0.2006061044    
3 sigma potentiel (1,3) (2,3) (3,3) = -0.3073026940      0.2006061044       2183.972436    

1 sigma cinetique (1,1) (2,1) (3,1) =   4.506266866     -0.2415237918      0.1332301182    
2 sigma cinetique (1,2) (2,2) (3,2) = -0.2415237918       3.555070056      0.8456088448E-01
3 sigma cinetique (1,3) (2,3) (3,3) =  0.1332301182      0.8456088448E-01   3.768671662    

1 sigma total (1,1) (2,1) (3,1) =   2192.823217     -0.5147799821     -0.1740725758    
2 sigma total (1,2) (2,2) (3,2) = -0.5147799821       2187.360763      0.2851669889    
3 sigma total (1,3) (2,3) (3,3) = -0.1740725758      0.2851669889       2187.741108    

       173 0.173E-12*Pression =     2189.3    
 pression totale  potentiel = cinetique =
    2189.3        2185.4        3.9433    
 ----------valeurs moyennes------------
*temperature moyenne =       218.16
*pression moyenne =     2182.9    
 --------------------------------------


<<<<<<<<  ITERATION =    174  time =   0.1740000E-12


 --------- Temperatures et Pression--------
 ----------valeurs instantanees------------
       174 0.174E-12*Epot =    -15301.5966562      eV 
    *energie paire 2 corps =    -15337.9204766      eV 
    *energie pot coul recip =     36.3238204020      eV 
       174 0.174E-12*Ec =     39.1440504582      eV   (394.320 K)
       174 0.174E-12*Etot =    -15262.4526057      eV 

       174 0.174E-12*Temp instantanee = 394.320

*temp instantanee des atomes de type 1 =       509.71
*temp instantanee des atomes de type 2 =       163.55

 * stress en kbar 
1 sigma potentiel (1,1) (2,1) (3,1) =   2188.549277     -0.2303984575     -0.3193421948    
2 sigma potentiel (1,2) (2,2) (3,2) = -0.2303984575       2183.930278      0.1698800121    
3 sigma potentiel (1,3) (2,3) (3,3) = -0.3193421948      0.1698800121       2184.076108    

1 sigma cinetique (1,1) (2,1) (3,1) =   4.566356083     -0.2359373927      0.1298735076    
2 sigma cinetique (1,2) (2,2) (3,2) = -0.2359373927       3.606129135      0.8686009252E-01
3 sigma cinetique (1,3) (2,3) (3,3) =  0.1298735076      0.8686009252E-01   3.815345843    

1 sigma total (1,1) (2,1) (3,1) =   2193.115633     -0.4663358501     -0.1894686872    
2 sigma total (1,2) (2,2) (3,2) = -0.4663358501       2187.536408      0.2567401046    
3 sigma total (1,3) (2,3) (3,3) = -0.1894686872      0.2567401046       2187.891454    

       174 0.174E-12*Pression =     2189.5    
 pression totale  potentiel = cinetique =
    2189.5        2185.5        3.9959    
 ----------valeurs moyennes------------
*temperature moyenne =       219.17
*pression moyenne =     2182.9    
 --------------------------------------


<<<<<<<<  ITERATION =    175  time =   0.1750000E-12


 --------- Temperatures et Pression--------
 ----------valeurs instantanees------------
       175 0.175E-12*Epot =    -15302.1262952      eV 
    *energie paire 2 corps =    -15338.4319513      eV 
    *energie pot coul recip =     36.3056561710      eV 
       175 0.175E-12*Ec =     39.6737938736      eV   (399.656 K)
       175 0.175E-12*Etot =    -15262.4525013      eV 

       175 0.175E-12*Temp instantanee = 399.656

*temp instantanee des atomes de type 1 =       517.91
*temp instantanee des atomes de type 2 =       163.15

 * stress en kbar 
1 sigma potentiel (1,1) (2,1) (3,1) =   2188.752733     -0.1940140344     -0.3338434246    
2 sigma potentiel (1,2) (2,2) (3,2) = -0.1940140344       2184.033407      0.1345726220    
3 sigma potentiel (1,3) (2,3) (3,3) = -0.3338434246      0.1345726220       2184.145308    

1 sigma cinetique (1,1) (2,1) (3,1) =   4.627994493     -0.2285022893      0.1248776055    
2 sigma cinetique (1,2) (2,2) (3,2) = -0.2285022893       3.658606628      0.8932987165E-01
3 sigma cinetique (1,3) (2,3) (3,3) =  0.1248776055      0.8932987165E-01   3.863463395    

1 sigma total (1,1) (2,1) (3,1) =   2193.380728     -0.4225163238     -0.2089658191    
2 sigma total (1,2) (2,2) (3,2) = -0.4225163238       2187.692014      0.2239024937    
3 sigma total (1,3) (2,3) (3,3) = -0.2089658191      0.2239024937       2188.008772    

       175 0.175E-12*Pression =     2189.7    
 pression totale  potentiel = cinetique =
    2189.7        2185.6        4.0500    
 ----------valeurs moyennes------------
*temperature moyenne =       220.21
*pression moyenne =     2182.9    
 --------------------------------------


<<<<<<<<  ITERATION =    176  time =   0.1760000E-12


 --------- Temperatures et Pression--------
 ----------valeurs instantanees------------
       176 0.176E-12*Epot =    -15302.6701489      eV 
    *energie paire 2 corps =    -15338.9603573      eV 
    *energie pot coul recip =     36.2902084189      eV 
       176 0.176E-12*Ec =     40.2177044504      eV   (405.136 K)
       176 0.176E-12*Etot =    -15262.4524444      eV 

       176 0.176E-12*Temp instantanee = 405.136

*temp instantanee des atomes de type 1 =       526.30
*temp instantanee des atomes de type 2 =       162.81

 * stress en kbar 
1 sigma potentiel (1,1) (2,1) (3,1) =   2188.963872     -0.1601372244     -0.3422553590    
2 sigma potentiel (1,2) (2,2) (3,2) = -0.1601372244       2184.141999      0.1041234061    
3 sigma potentiel (1,3) (2,3) (3,3) = -0.3422553590      0.1041234061       2184.220740    

1 sigma cinetique (1,1) (2,1) (3,1) =   4.691336389     -0.2192647631      0.1184068359    
2 sigma cinetique (1,2) (2,2) (3,2) = -0.2192647631       3.712420846      0.9187338140E-01
3 sigma cinetique (1,3) (2,3) (3,3) =  0.1184068359      0.9187338140E-01   3.912879418    

1 sigma total (1,1) (2,1) (3,1) =   2193.655208     -0.3794019874     -0.2238485231    
2 sigma total (1,2) (2,2) (3,2) = -0.3794019874       2187.854420      0.1959967875    
3 sigma total (1,3) (2,3) (3,3) = -0.2238485231      0.1959967875       2188.133619    

       176 0.176E-12*Pression =     2189.9    
 pression totale  potentiel = cinetique =
    2189.9        2185.8        4.1055    
 ----------valeurs moyennes------------
*temperature moyenne =       221.26
*pression moyenne =     2183.0    
 --------------------------------------


<<<<<<<<  ITERATION =    177  time =   0.1770000E-12


 --------- Temperatures et Pression--------
 ----------valeurs instantanees------------
       177 0.177E-12*Epot =    -15303.2281406      eV 
    *energie paire 2 corps =    -15339.5055468      eV 
    *energie pot coul recip =     36.2774061831      eV 
       177 0.177E-12*Ec =     40.7757471098      eV   (410.757 K)
       177 0.177E-12*Etot =    -15262.4523935      eV 

       177 0.177E-12*Temp instantanee = 410.757

*temp instantanee des atomes de type 1 =       534.88
*temp instantanee des atomes de type 2 =       162.52

 * stress en kbar 
1 sigma potentiel (1,1) (2,1) (3,1) =   2189.208292     -0.1221433183     -0.3488000083    
2 sigma potentiel (1,2) (2,2) (3,2) = -0.1221433183       2184.259872      0.7986618928E-01
3 sigma potentiel (1,3) (2,3) (3,3) = -0.3488000083      0.7986618928E-01   2184.299446    

1 sigma cinetique (1,1) (2,1) (3,1) =   4.756545047     -0.2083237814      0.1106355585    
2 sigma cinetique (1,2) (2,2) (3,2) = -0.2083237814       3.767520375      0.9438028406E-01
3 sigma cinetique (1,3) (2,3) (3,3) =  0.1106355585      0.9438028406E-01   3.963471305    

1 sigma total (1,1) (2,1) (3,1) =   2193.964837     -0.3304670997     -0.2381644498    
2 sigma total (1,2) (2,2) (3,2) = -0.3304670997       2188.027393      0.1742464733    
3 sigma total (1,3) (2,3) (3,3) = -0.2381644498      0.1742464733       2188.262918    

       177 0.177E-12*Pression =     2190.1    
 pression totale  potentiel = cinetique =
    2190.1        2185.9        4.1625    
 ----------valeurs moyennes------------
*temperature moyenne =       222.33
*pression moyenne =     2183.0    
 --------------------------------------


<<<<<<<<  ITERATION =    178  time =   0.1780000E-12


 --------- Temperatures et Pression--------
 ----------valeurs instantanees------------
       178 0.178E-12*Epot =    -15303.8001959      eV 
    *energie paire 2 corps =    -15340.0672130      eV 
    *energie pot coul recip =     36.2670171747      eV 
       178 0.178E-12*Ec =     41.3479480656      eV   (416.521 K)
       178 0.178E-12*Etot =    -15262.4522478      eV 

       178 0.178E-12*Temp instantanee = 416.521

*temp instantanee des atomes de type 1 =       543.65
*temp instantanee des atomes de type 2 =       162.26

 * stress en kbar 
1 sigma potentiel (1,1) (2,1) (3,1) =   2189.430393     -0.8904051684E-01 -0.3637812246    
2 sigma potentiel (1,2) (2,2) (3,2) = -0.8904051684E-01   2184.366869      0.4913245003E-01
3 sigma potentiel (1,3) (2,3) (3,3) = -0.3637812246      0.4913245003E-01   2184.374003    

1 sigma cinetique (1,1) (2,1) (3,1) =   4.823800610     -0.1958352959      0.1017698888    
2 sigma cinetique (1,2) (2,2) (3,2) = -0.1958352959       3.823854801      0.9672662004E-01
3 sigma cinetique (1,3) (2,3) (3,3) =  0.1017698888      0.9672662004E-01   4.015117356    

1 sigma total (1,1) (2,1) (3,1) =   2194.254193     -0.2848758128     -0.2620113358    
2 sigma total (1,2) (2,2) (3,2) = -0.2848758128       2188.190723      0.1458590701    
3 sigma total (1,3) (2,3) (3,3) = -0.2620113358      0.1458590701       2188.389120    

       178 0.178E-12*Pression =     2190.3    
 pression totale  potentiel = cinetique =
    2190.3        2186.1        4.2209    
 ----------valeurs moyennes------------
*temperature moyenne =       223.42
*pression moyenne =     2183.1    
 --------------------------------------


<<<<<<<<  ITERATION =    179  time =   0.1790000E-12


 --------- Temperatures et Pression--------
 ----------valeurs instantanees------------
       179 0.179E-12*Epot =    -15304.3864968      eV 
    *energie paire 2 corps =    -15340.6451767      eV 
    *energie pot coul recip =     36.2586799134      eV 
       179 0.179E-12*Ec =     41.9343468890      eV   (422.428 K)
       179 0.179E-12*Etot =    -15262.4521499      eV 

       179 0.179E-12*Temp instantanee = 422.428

*temp instantanee des atomes de type 1 =       552.62
*temp instantanee des atomes de type 2 =       162.04

 * stress en kbar 
1 sigma potentiel (1,1) (2,1) (3,1) =   2189.663053     -0.5770980586E-01 -0.3716581043    
2 sigma potentiel (1,2) (2,2) (3,2) = -0.5770980586E-01   2184.485038      0.2691497844E-01
3 sigma potentiel (1,3) (2,3) (3,3) = -0.3716581043      0.2691497844E-01   2184.456001    

1 sigma cinetique (1,1) (2,1) (3,1) =   4.893276991     -0.1820066583      0.9203130558E-01
2 sigma cinetique (1,2) (2,2) (3,2) = -0.1820066583       3.881377378      0.9880889886E-01
3 sigma cinetique (1,3) (2,3) (3,3) =  0.9203130558E-01  0.9880889886E-01   4.067702522    

1 sigma total (1,1) (2,1) (3,1) =   2194.556330     -0.2397164642     -0.2796267988    
2 sigma total (1,2) (2,2) (3,2) = -0.2397164642       2188.366416      0.1257238773    
3 sigma total (1,3) (2,3) (3,3) = -0.2796267988      0.1257238773       2188.523704    

       179 0.179E-12*Pression =     2190.5    
 pression totale  potentiel = cinetique =
    2190.5        2186.2        4.2808    
 ----------valeurs moyennes------------
*temperature moyenne =       224.53
*pression moyenne =     2183.1    
 --------------------------------------


<<<<<<<<  ITERATION =    180  time =   0.1800000E-12


 --------- Temperatures et Pression--------
 ----------valeurs instantanees------------
       180 0.180E-12*Epot =    -15304.9872352      eV 
    *energie paire 2 corps =    -15341.2391637      eV 
    *energie pot coul recip =     36.2519284919      eV 
       180 0.180E-12*Ec =     42.5351303689      eV   (428.480 K)
       180 0.180E-12*Etot =    -15262.4521048      eV 

       180 0.180E-12*Temp instantanee = 428.480

*temp instantanee des atomes de type 1 =       561.79
*temp instantanee des atomes de type 2 =       161.86

 * stress en kbar 
1 sigma potentiel (1,1) (2,1) (3,1) =   2189.903718     -0.2737815341E-01 -0.3774156012    
2 sigma potentiel (1,2) (2,2) (3,2) = -0.2737815341E-01   2184.601779      0.7324418942E-02
3 sigma potentiel (1,3) (2,3) (3,3) = -0.3774156012      0.7324418942E-02   2184.532371    

1 sigma cinetique (1,1) (2,1) (3,1) =   4.965133565     -0.1670782193      0.8166351747E-01
2 sigma cinetique (1,2) (2,2) (3,2) = -0.1670782193       3.940066590      0.1005416567    
3 sigma cinetique (1,3) (2,3) (3,3) =  0.8166351747E-01  0.1005416567       4.121146149    

1 sigma total (1,1) (2,1) (3,1) =   2194.868852     -0.1944563727     -0.2957520837    
2 sigma total (1,2) (2,2) (3,2) = -0.1944563727       2188.541845      0.1078660756    
3 sigma total (1,3) (2,3) (3,3) = -0.2957520837      0.1078660756       2188.653517    

       180 0.180E-12*Pression =     2190.7    
 pression totale  potentiel = cinetique =
    2190.7        2186.3        4.3421    
 ----------valeurs moyennes------------
*temperature moyenne =       225.66
*pression moyenne =     2183.1    
 --------------------------------------


<<<<<<<<  ITERATION =    181  time =   0.1810000E-12


 --------- Temperatures et Pression--------
 ----------valeurs instantanees------------
       181 0.181E-12*Epot =    -15305.6026086      eV 
    *energie paire 2 corps =    -15341.8488377      eV 
    *energie pot coul recip =     36.2462291766      eV 
       181 0.181E-12*Ec =     43.1506073642      eV   (434.680 K)
       181 0.181E-12*Etot =    -15262.4520012      eV 

       181 0.181E-12*Temp instantanee = 434.680

*temp instantanee des atomes de type 1 =       571.16
*temp instantanee des atomes de type 2 =       161.73

 * stress en kbar 
1 sigma potentiel (1,1) (2,1) (3,1) =   2190.135510      0.1485537597E-02 -0.3861477507    
2 sigma potentiel (1,2) (2,2) (3,2) =  0.1485537597E-02   2184.723129     -0.1519142117E-01
3 sigma potentiel (1,3) (2,3) (3,3) = -0.3861477507     -0.1519142117E-01   2184.603763    

1 sigma cinetique (1,1) (2,1) (3,1) =   5.039537966     -0.1513248652      0.7091579861E-01
2 sigma cinetique (1,2) (2,2) (3,2) = -0.1513248652       3.999924181      0.1018385156    
3 sigma cinetique (1,3) (2,3) (3,3) =  0.7091579861E-01  0.1018385156       4.175373446    

1 sigma total (1,1) (2,1) (3,1) =   2195.175048     -0.1498393276     -0.3152319521    
2 sigma total (1,2) (2,2) (3,2) = -0.1498393276       2188.723053      0.8664709448E-01
3 sigma total (1,3) (2,3) (3,3) = -0.3152319521      0.8664709448E-01   2188.779137    

       181 0.181E-12*Pression =     2190.9    
 pression totale  potentiel = cinetique =
    2190.9        2186.5        4.4049    
 ----------valeurs moyennes------------
*temperature moyenne =       226.82
*pression moyenne =     2183.2    
 --------------------------------------


<<<<<<<<  ITERATION =    182  time =   0.1820000E-12


 --------- Temperatures et Pression--------
 ----------valeurs instantanees------------
       182 0.182E-12*Epot =    -15306.2329347      eV 
    *energie paire 2 corps =    -15342.4739566      eV 
    *energie pot coul recip =     36.2410218445      eV 
       182 0.182E-12*Ec =     43.7810000198      eV   (441.031 K)
       182 0.182E-12*Etot =    -15262.4519347      eV 

       182 0.182E-12*Temp instantanee = 441.031

*temp instantanee des atomes de type 1 =       580.73
*temp instantanee des atomes de type 2 =       161.63

 * stress en kbar 
1 sigma potentiel (1,1) (2,1) (3,1) =   2190.378320      0.2589881868E-01 -0.3949809430    
2 sigma potentiel (1,2) (2,2) (3,2) =  0.2589881868E-01   2184.848575     -0.2576564835E-01
3 sigma potentiel (1,3) (2,3) (3,3) = -0.3949809430     -0.2576564835E-01   2184.691814    

1 sigma cinetique (1,1) (2,1) (3,1) =   5.116631111     -0.1350573666      0.6001157008E-01
2 sigma cinetique (1,2) (2,2) (3,2) = -0.1350573666       4.060949713      0.1026299723    
3 sigma cinetique (1,3) (2,3) (3,3) =  0.6001157008E-01  0.1026299723       4.230311966    

1 sigma total (1,1) (2,1) (3,1) =   2195.494951     -0.1091585479     -0.3349693730    
2 sigma total (1,2) (2,2) (3,2) = -0.1091585479       2188.909525      0.7686432397E-01
3 sigma total (1,3) (2,3) (3,3) = -0.3349693730      0.7686432397E-01   2188.922126    

       182 0.182E-12*Pression =     2191.1    
 pression totale  potentiel = cinetique =
    2191.1        2186.6        4.4693    
 ----------valeurs moyennes------------
*temperature moyenne =       227.99
*pression moyenne =     2183.2    
 --------------------------------------


<<<<<<<<  ITERATION =    183  time =   0.1830000E-12


 --------- Temperatures et Pression--------
 ----------valeurs instantanees------------
       183 0.183E-12*Epot =    -15306.8783222      eV 
    *energie paire 2 corps =    -15343.1140801      eV 
    *energie pot coul recip =     36.2357579002      eV 
       183 0.183E-12*Ec =     44.4265713370      eV   (447.534 K)
       183 0.183E-12*Etot =    -15262.4517509      eV 

       183 0.183E-12*Temp instantanee = 447.534

*temp instantanee des atomes de type 1 =       590.51
*temp instantanee des atomes de type 2 =       161.59

 * stress en kbar 
1 sigma potentiel (1,1) (2,1) (3,1) =   2190.626419      0.5652134492E-01 -0.4022694171    
2 sigma potentiel (1,2) (2,2) (3,2) =  0.5652134492E-01   2184.964344     -0.3877797422E-01
3 sigma potentiel (1,3) (2,3) (3,3) = -0.4022694171     -0.3877797422E-01   2184.745725    

1 sigma cinetique (1,1) (2,1) (3,1) =   5.196522980     -0.1185745492      0.4917546399E-01
2 sigma cinetique (1,2) (2,2) (3,2) = -0.1185745492       4.123154415      0.1028755837    
3 sigma cinetique (1,3) (2,3) (3,3) =  0.4917546399E-01  0.1028755837       4.285921044    

1 sigma total (1,1) (2,1) (3,1) =   2195.822942     -0.6205320425E-01 -0.3530939531    
2 sigma total (1,2) (2,2) (3,2) = -0.6205320425E-01   2189.087499      0.6409760945E-01
3 sigma total (1,3) (2,3) (3,3) = -0.3530939531      0.6409760945E-01   2189.031646    

       183 0.183E-12*Pression =     2191.3    
 pression totale  potentiel = cinetique =
    2191.3        2186.8        4.5352    
 ----------valeurs moyennes------------
*temperature moyenne =       229.19
*pression moyenne =     2183.3    
 --------------------------------------


<<<<<<<<  ITERATION =    184  time =   0.1840000E-12


 --------- Temperatures et Pression--------
 ----------valeurs instantanees------------
       184 0.184E-12*Epot =    -15307.5390116      eV 
    *energie paire 2 corps =    -15343.7689435      eV 
    *energie pot coul recip =     36.2299318642      eV 
       184 0.184E-12*Ec =     45.0874086091      eV   (454.191 K)
       184 0.184E-12*Etot =    -15262.4516030      eV 

       184 0.184E-12*Temp instantanee = 454.191

*temp instantanee des atomes de type 1 =       600.49
*temp instantanee des atomes de type 2 =       161.60

 * stress en kbar 
1 sigma potentiel (1,1) (2,1) (3,1) =   2190.876675      0.7707474093E-01 -0.4126472220    
2 sigma potentiel (1,2) (2,2) (3,2) =  0.7707474093E-01   2185.092290     -0.4149703595E-01
3 sigma potentiel (1,3) (2,3) (3,3) = -0.4126472220     -0.4149703595E-01   2184.825695    

1 sigma cinetique (1,1) (2,1) (3,1) =   5.279277077     -0.1021772016      0.3860929575E-01
2 sigma cinetique (1,2) (2,2) (3,2) = -0.1021772016       4.186527995      0.1025578615    
3 sigma cinetique (1,3) (2,3) (3,3) =  0.3860929575E-01  0.1025578615       4.342174200    

1 sigma total (1,1) (2,1) (3,1) =   2196.155952     -0.2510246065E-01 -0.3740379262    
2 sigma total (1,2) (2,2) (3,2) = -0.2510246065E-01   2189.278818      0.6106082558E-01
3 sigma total (1,3) (2,3) (3,3) = -0.3740379262      0.6106082558E-01   2189.167869    

       184 0.184E-12*Pression =     2191.5    
 pression totale  potentiel = cinetique =
    2191.5        2186.9        4.6027    
 ----------valeurs moyennes------------
*temperature moyenne =       230.42
*pression moyenne =     2183.3    
 --------------------------------------


<<<<<<<<  ITERATION =    185  time =   0.1850000E-12


 --------- Temperatures et Pression--------
 ----------valeurs instantanees------------
       185 0.185E-12*Epot =    -15308.2149925      eV 
    *energie paire 2 corps =    -15344.4381061      eV 
    *energie pot coul recip =     36.2231136023      eV 
       185 0.185E-12*Ec =     45.7634766638      eV   (461.001 K)
       185 0.185E-12*Etot =    -15262.4515159      eV 

       185 0.185E-12*Temp instantanee = 461.001

*temp instantanee des atomes de type 1 =       610.68
*temp instantanee des atomes de type 2 =       161.65

 * stress en kbar 
1 sigma potentiel (1,1) (2,1) (3,1) =   2191.140541      0.9837164226E-01 -0.4182855830    
2 sigma potentiel (1,2) (2,2) (3,2) =  0.9837164226E-01   2185.222301     -0.4467006036E-01
3 sigma potentiel (1,3) (2,3) (3,3) = -0.4182855830     -0.4467006036E-01   2184.885719    

1 sigma cinetique (1,1) (2,1) (3,1) =   5.364916511     -0.8617314726E-01  0.2847590183E-01
2 sigma cinetique (1,2) (2,2) (3,2) = -0.8617314726E-01   4.251059849      0.1016945073    
3 sigma cinetique (1,3) (2,3) (3,3) =  0.2847590183E-01  0.1016945073       4.399048160    

1 sigma total (1,1) (2,1) (3,1) =   2196.505457      0.1219849501E-01 -0.3898096812    
2 sigma total (1,2) (2,2) (3,2) =  0.1219849501E-01   2189.473361      0.5702444696E-01
3 sigma total (1,3) (2,3) (3,3) = -0.3898096812      0.5702444696E-01   2189.284767    

       185 0.185E-12*Pression =     2191.8    
 pression totale  potentiel = cinetique =
    2191.8        2187.1        4.6717    
 ----------valeurs moyennes------------
*temperature moyenne =       231.66
*pression moyenne =     2183.4    
 --------------------------------------


<<<<<<<<  ITERATION =    186  time =   0.1860000E-12


 --------- Temperatures et Pression--------
 ----------valeurs instantanees------------
       186 0.186E-12*Epot =    -15308.9062073      eV 
    *energie paire 2 corps =    -15345.1211785      eV 
    *energie pot coul recip =     36.2149712543      eV 
       186 0.186E-12*Ec =     46.4547357551      eV   (467.965 K)
       186 0.186E-12*Etot =    -15262.4514715      eV 

       186 0.186E-12*Temp instantanee = 467.965

*temp instantanee des atomes de type 1 =       621.07
*temp instantanee des atomes de type 2 =       161.76

 * stress en kbar 
1 sigma potentiel (1,1) (2,1) (3,1) =   2191.404723      0.1202132562     -0.4292877181    
2 sigma potentiel (1,2) (2,2) (3,2) =  0.1202132562       2185.340937     -0.4413005774E-01
3 sigma potentiel (1,3) (2,3) (3,3) = -0.4292877181     -0.4413005774E-01   2184.963229    

1 sigma cinetique (1,1) (2,1) (3,1) =   5.453444444     -0.7083526997E-01  0.1890999533E-01
2 sigma cinetique (1,2) (2,2) (3,2) = -0.7083526997E-01   4.316738224      0.1003166794    
3 sigma cinetique (1,3) (2,3) (3,3) =  0.1890999533E-01  0.1003166794       4.456539341    

1 sigma total (1,1) (2,1) (3,1) =   2196.858168      0.4937798619E-01 -0.4103777228    
2 sigma total (1,2) (2,2) (3,2) =  0.4937798619E-01   2189.657675      0.5618662170E-01
3 sigma total (1,3) (2,3) (3,3) = -0.4103777228      0.5618662170E-01   2189.419768    

       186 0.186E-12*Pression =     2192.0    
 pression totale  potentiel = cinetique =
    2192.0        2187.2        4.7422    
 ----------valeurs moyennes------------
*temperature moyenne =       232.93
*pression moyenne =     2183.4    
 --------------------------------------


<<<<<<<<  ITERATION =    187  time =   0.1870000E-12


 --------- Temperatures et Pression--------
 ----------valeurs instantanees------------
       187 0.187E-12*Epot =    -15309.6124347      eV 
    *energie paire 2 corps =    -15345.8177206      eV 
    *energie pot coul recip =     36.2052858993      eV 
       187 0.187E-12*Ec =     47.1610813470      eV   (475.080 K)
       187 0.187E-12*Etot =    -15262.4513534      eV 

       187 0.187E-12*Temp instantanee = 475.080

*temp instantanee des atomes de type 1 =       631.66
*temp instantanee des atomes de type 2 =       161.92

 * stress en kbar 
1 sigma potentiel (1,1) (2,1) (3,1) =   2191.669839      0.1364053469     -0.4356646091    
2 sigma potentiel (1,2) (2,2) (3,2) =  0.1364053469       2185.482316     -0.4147544103E-01
3 sigma potentiel (1,3) (2,3) (3,3) = -0.4356646091     -0.4147544103E-01   2185.017187    

1 sigma cinetique (1,1) (2,1) (3,1) =   5.544821896     -0.5642214586E-01  0.1000867842E-01
2 sigma cinetique (1,2) (2,2) (3,2) = -0.5642214586E-01   4.383546413      0.9848544430E-01
3 sigma cinetique (1,3) (2,3) (3,3) =  0.1000867842E-01  0.9848544430E-01   4.514671417    

1 sigma total (1,1) (2,1) (3,1) =   2197.214661      0.7998320099E-01 -0.4256559307    
2 sigma total (1,2) (2,2) (3,2) =  0.7998320099E-01   2189.865862      0.5701000327E-01
3 sigma total (1,3) (2,3) (3,3) = -0.4256559307      0.5701000327E-01   2189.531858    

       187 0.187E-12*Pression =     2192.2    
 pression totale  potentiel = cinetique =
    2192.2        2187.4        4.8143    
 ----------valeurs moyennes------------
*temperature moyenne =       234.23
*pression moyenne =     2183.5    
 --------------------------------------


<<<<<<<<  ITERATION =    188  time =   0.1880000E-12


 --------- Temperatures et Pression--------
 ----------valeurs instantanees------------
       188 0.188E-12*Epot =    -15310.3333863      eV 
    *energie paire 2 corps =    -15346.5273484      eV 
    *energie pot coul recip =     36.1939620435      eV 
       188 0.188E-12*Ec =     47.8821667714      eV   (482.344 K)
       188 0.188E-12*Etot =    -15262.4512196      eV 

       188 0.188E-12*Temp instantanee = 482.344

*temp instantanee des atomes de type 1 =       642.45
*temp instantanee des atomes de type 2 =       162.12

 * stress en kbar 
1 sigma potentiel (1,1) (2,1) (3,1) =   2191.944837      0.1567877305     -0.4478778920    
2 sigma potentiel (1,2) (2,2) (3,2) =  0.1567877305       2185.612533     -0.3166723839E-01
3 sigma potentiel (1,3) (2,3) (3,3) = -0.4478778920     -0.3166723839E-01   2185.103597    

1 sigma cinetique (1,1) (2,1) (3,1) =   5.638951554     -0.4314800643E-01  0.1837754202E-02
2 sigma cinetique (1,2) (2,2) (3,2) = -0.4314800643E-01   4.451444583      0.9632124786E-01
3 sigma cinetique (1,3) (2,3) (3,3) =  0.1837754202E-02  0.9632124786E-01   4.573475367    

1 sigma total (1,1) (2,1) (3,1) =   2197.583788      0.1136397241     -0.4460401378    
2 sigma total (1,2) (2,2) (3,2) =  0.1136397241       2190.063977      0.6465400947E-01
3 sigma total (1,3) (2,3) (3,3) = -0.4460401378      0.6465400947E-01   2189.677073    

       188 0.188E-12*Pression =     2192.4    
 pression totale  potentiel = cinetique =
    2192.4        2187.6        4.8880    
 ----------valeurs moyennes------------
*temperature moyenne =       235.55
*pression moyenne =     2183.5    
 --------------------------------------


<<<<<<<<  ITERATION =    189  time =   0.1890000E-12


 --------- Temperatures et Pression--------
 ----------valeurs instantanees------------
       189 0.189E-12*Epot =    -15311.0685442      eV 
    *energie paire 2 corps =    -15347.2495664      eV 
    *energie pot coul recip =     36.1810222681      eV 
       189 0.189E-12*Ec =     48.6174251835      eV   (489.751 K)
       189 0.189E-12*Etot =    -15262.4511190      eV 

       189 0.189E-12*Temp instantanee = 489.751

*temp instantanee des atomes de type 1 =       653.44
*temp instantanee des atomes de type 2 =       162.37

 * stress en kbar 
1 sigma potentiel (1,1) (2,1) (3,1) =   2192.217815      0.1777177430     -0.4552836394    
2 sigma potentiel (1,2) (2,2) (3,2) =  0.1777177430       2185.759770     -0.2067088769E-01
3 sigma potentiel (1,3) (2,3) (3,3) = -0.4552836394     -0.2067088769E-01   2185.186673    

1 sigma cinetique (1,1) (2,1) (3,1) =   5.735696284     -0.3116609028E-01 -0.5590971053E-02
2 sigma cinetique (1,2) (2,2) (3,2) = -0.3116609028E-01   4.520369790      0.9394318923E-01
3 sigma cinetique (1,3) (2,3) (3,3) = -0.5590971053E-02  0.9394318923E-01   4.632977673    

1 sigma total (1,1) (2,1) (3,1) =   2197.953512      0.1465516528     -0.4608746104    
2 sigma total (1,2) (2,2) (3,2) =  0.1465516528       2190.280140      0.7327230154E-01
3 sigma total (1,3) (2,3) (3,3) = -0.4608746104      0.7327230154E-01   2189.819651    

       189 0.189E-12*Pression =     2192.7    
 pression totale  potentiel = cinetique =
    2192.7        2187.7        4.9630    
 ----------valeurs moyennes------------
*temperature moyenne =       236.89
*pression moyenne =     2183.6    
 --------------------------------------


<<<<<<<<  ITERATION =    190  time =   0.1900000E-12


 --------- Temperatures et Pression--------
 ----------valeurs instantanees------------
       190 0.190E-12*Epot =    -15311.8173362      eV 
    *energie paire 2 corps =    -15347.9839379      eV 
    *energie pot coul recip =     36.1666017446      eV 
       190 0.190E-12*Ec =     49.3663261445      eV   (497.295 K)
       190 0.190E-12*Etot =    -15262.4510100      eV 

       190 0.190E-12*Temp instantanee = 497.295

*temp instantanee des atomes de type 1 =       664.62
*temp instantanee des atomes de type 2 =       162.65

 * stress en kbar 
1 sigma potentiel (1,1) (2,1) (3,1) =   2192.510208      0.1933112949     -0.4654151008    
2 sigma potentiel (1,2) (2,2) (3,2) =  0.1933112949       2185.901932     -0.9133337318E-02
3 sigma potentiel (1,3) (2,3) (3,3) = -0.4654151008     -0.9133337318E-02   2185.250444    

1 sigma cinetique (1,1) (2,1) (3,1) =   5.834900002     -0.2059819669E-01 -0.1230912645E-01
2 sigma cinetique (1,2) (2,2) (3,2) = -0.2059819669E-01   4.590264740      0.9150003364E-01
3 sigma cinetique (1,3) (2,3) (3,3) = -0.1230912645E-01  0.9150003364E-01   4.693229267    

1 sigma total (1,1) (2,1) (3,1) =   2198.345108      0.1727130982     -0.4777242273    
2 sigma total (1,2) (2,2) (3,2) =  0.1727130982       2190.492197      0.8236669632E-01
3 sigma total (1,3) (2,3) (3,3) = -0.4777242273      0.8236669632E-01   2189.943674    

       190 0.190E-12*Pression =     2192.9    
 pression totale  potentiel = cinetique =
    2192.9        2187.9        5.0395    
 ----------valeurs moyennes------------
*temperature moyenne =       238.26
*pression moyenne =     2183.6    
 --------------------------------------


<<<<<<<<  ITERATION =    191  time =   0.1910000E-12


 --------- Temperatures et Pression--------
 ----------valeurs instantanees------------
       191 0.191E-12*Epot =    -15312.5790794      eV 
    *energie paire 2 corps =    -15348.7300105      eV 
    *energie pot coul recip =     36.1509311164      eV 
       191 0.191E-12*Ec =     50.1281429538      eV   (504.969 K)
       191 0.191E-12*Etot =    -15262.4509365      eV 

       191 0.191E-12*Temp instantanee = 504.969

*temp instantanee des atomes de type 1 =       675.98
*temp instantanee des atomes de type 2 =       162.95

 * stress en kbar 
1 sigma potentiel (1,1) (2,1) (3,1) =   2192.811208      0.2072670114     -0.4753932102    
2 sigma potentiel (1,2) (2,2) (3,2) =  0.2072670114       2186.033557      0.3619127041E-02
3 sigma potentiel (1,3) (2,3) (3,3) = -0.4753932102      0.3619127041E-02   2185.320082    

1 sigma cinetique (1,1) (2,1) (3,1) =   5.936373883     -0.1153097698E-01 -0.1835852988E-01
2 sigma cinetique (1,2) (2,2) (3,2) = -0.1153097698E-01   4.661036086      0.8917045071E-01
3 sigma cinetique (1,3) (2,3) (3,3) = -0.1835852988E-01  0.8917045071E-01   4.754289768    

1 sigma total (1,1) (2,1) (3,1) =   2198.747582      0.1957360344     -0.4937517401    
2 sigma total (1,2) (2,2) (3,2) =  0.1957360344       2190.694593      0.9278957775E-01
3 sigma total (1,3) (2,3) (3,3) = -0.4937517401      0.9278957775E-01   2190.074372    

       191 0.191E-12*Pression =     2193.2    
 pression totale  potentiel = cinetique =
    2193.2        2188.1        5.1172    
 ----------valeurs moyennes------------
*temperature moyenne =       239.66
*pression moyenne =     2183.7    
 --------------------------------------


<<<<<<<<  ITERATION =    192  time =   0.1920000E-12


 --------- Temperatures et Pression--------
 ----------valeurs instantanees------------
       192 0.192E-12*Epot =    -15313.3530677      eV 
    *energie paire 2 corps =    -15349.4873810      eV 
    *energie pot coul recip =     36.1343133634      eV 
       192 0.192E-12*Ec =     50.9021428124      eV   (512.766 K)
       192 0.192E-12*Etot =    -15262.4509248      eV 

       192 0.192E-12*Temp instantanee = 512.766

*temp instantanee des atomes de type 1 =       687.51
*temp instantanee des atomes de type 2 =       163.27

 * stress en kbar 
1 sigma potentiel (1,1) (2,1) (3,1) =   2193.110711      0.2214995900     -0.4822035537    
2 sigma potentiel (1,2) (2,2) (3,2) =  0.2214995900       2186.182773      0.2280522811E-01
3 sigma potentiel (1,3) (2,3) (3,3) = -0.4822035537      0.2280522811E-01   2185.384811    

1 sigma cinetique (1,1) (2,1) (3,1) =   6.039910978     -0.3990116847E-02 -0.2384163981E-01
2 sigma cinetique (1,2) (2,2) (3,2) = -0.3990116847E-02   4.732589792      0.8713888482E-01
3 sigma cinetique (1,3) (2,3) (3,3) = -0.2384163981E-01  0.8713888482E-01   4.816235743    

1 sigma total (1,1) (2,1) (3,1) =   2199.150622      0.2175094731     -0.5060451935    
2 sigma total (1,2) (2,2) (3,2) =  0.2175094731       2190.915363      0.1099441129    
3 sigma total (1,3) (2,3) (3,3) = -0.5060451935      0.1099441129       2190.201046    

       192 0.192E-12*Pression =     2193.4    
 pression totale  potentiel = cinetique =
    2193.4        2188.2        5.1962    
 ----------valeurs moyennes------------
*temperature moyenne =       241.08
*pression moyenne =     2183.7    
 --------------------------------------


<<<<<<<<  ITERATION =    193  time =   0.1930000E-12


 --------- Temperatures et Pression--------
 ----------valeurs instantanees------------
       193 0.193E-12*Epot =    -15314.1385486      eV 
    *energie paire 2 corps =    -15350.2556416      eV 
    *energie pot coul recip =     36.1170930404      eV 
       193 0.193E-12*Ec =     51.6877188845      eV   (520.679 K)
       193 0.193E-12*Etot =    -15262.4508297      eV 

       193 0.193E-12*Temp instantanee = 520.679

*temp instantanee des atomes de type 1 =       699.22
*temp instantanee des atomes de type 2 =       163.61

 * stress en kbar 
1 sigma potentiel (1,1) (2,1) (3,1) =   2193.419564      0.2344591473     -0.4911630671    
2 sigma potentiel (1,2) (2,2) (3,2) =  0.2344591473       2186.329182      0.4192243235E-01
3 sigma potentiel (1,3) (2,3) (3,3) = -0.4911630671      0.4192243235E-01   2185.460059    

1 sigma cinetique (1,1) (2,1) (3,1) =   6.145314024      0.2047214527E-02 -0.2889265445E-01
2 sigma cinetique (1,2) (2,2) (3,2) =  0.2047214527E-02   4.804844187      0.8560623809E-01
3 sigma cinetique (1,3) (2,3) (3,3) = -0.2889265445E-01  0.8560623809E-01   4.879160285    

1 sigma total (1,1) (2,1) (3,1) =   2199.564878      0.2365063618     -0.5200557216    
2 sigma total (1,2) (2,2) (3,2) =  0.2365063618       2191.134026      0.1275286704    
3 sigma total (1,3) (2,3) (3,3) = -0.5200557216      0.1275286704       2190.339219    

       193 0.193E-12*Pression =     2193.7    
 pression totale  potentiel = cinetique =
    2193.7        2188.4        5.2764    
 ----------valeurs moyennes------------
*temperature moyenne =       242.53
*pression moyenne =     2183.8    
 --------------------------------------


<<<<<<<<  ITERATION =    194  time =   0.1940000E-12


 --------- Temperatures et Pression--------
 ----------valeurs instantanees------------
       194 0.194E-12*Epot =    -15314.9348721      eV 
    *energie paire 2 corps =    -15351.0345007      eV 
    *energie pot coul recip =     36.0996286240      eV 
       194 0.194E-12*Ec =     52.4841167442      eV   (528.702 K)
       194 0.194E-12*Etot =    -15262.4507553      eV 

       194 0.194E-12*Temp instantanee = 528.702

*temp instantanee des atomes de type 1 =       711.08
*temp instantanee des atomes de type 2 =       163.95

 * stress en kbar 
1 sigma potentiel (1,1) (2,1) (3,1) =   2193.736933      0.2475872666     -0.4968303356    
2 sigma potentiel (1,2) (2,2) (3,2) =  0.2475872666       2186.491568      0.6092398689E-01
3 sigma potentiel (1,3) (2,3) (3,3) = -0.4968303356      0.6092398689E-01   2185.530077    

1 sigma cinetique (1,1) (2,1) (3,1) =   6.252374095      0.6648166629E-02 -0.3364066671E-01
2 sigma cinetique (1,2) (2,2) (3,2) =  0.6648166629E-02   4.877689070      0.8477531385E-01
3 sigma cinetique (1,3) (2,3) (3,3) = -0.3364066671E-01  0.8477531385E-01   4.943151475    

1 sigma total (1,1) (2,1) (3,1) =   2199.989307      0.2542354332     -0.5304710023    
2 sigma total (1,2) (2,2) (3,2) =  0.2542354332       2191.369257      0.1456993007    
3 sigma total (1,3) (2,3) (3,3) = -0.5304710023      0.1456993007       2190.473229    

       194 0.194E-12*Pression =     2193.9    
 pression totale  potentiel = cinetique =
    2193.9        2188.6        5.3577    
 ----------valeurs moyennes------------
*temperature moyenne =       244.01
*pression moyenne =     2183.8    
 --------------------------------------


<<<<<<<<  ITERATION =    195  time =   0.1950000E-12


 --------- Temperatures et Pression--------
 ----------valeurs instantanees------------
       195 0.195E-12*Epot =    -15315.7413534      eV 
    *energie paire 2 corps =    -15351.8236189      eV 
    *energie pot coul recip =     36.0822655621      eV 
       195 0.195E-12*Ec =     53.2907420041      eV   (536.828 K)
       195 0.195E-12*Etot =    -15262.4506114      eV 

       195 0.195E-12*Temp instantanee = 536.828

*temp instantanee des atomes de type 1 =       723.09
*temp instantanee des atomes de type 2 =       164.30

 * stress en kbar 
1 sigma potentiel (1,1) (2,1) (3,1) =   2194.070135      0.2566040207     -0.5035107109    
2 sigma potentiel (1,2) (2,2) (3,2) =  0.2566040207       2186.636119      0.8573114846E-01
3 sigma potentiel (1,3) (2,3) (3,3) = -0.5035107109      0.8573114846E-01   2185.605041    

1 sigma cinetique (1,1) (2,1) (3,1) =   6.360896067      0.9913257905E-02 -0.3824948015E-01
2 sigma cinetique (1,2) (2,2) (3,2) =  0.9913257905E-02   4.951022363      0.8484006014E-01
3 sigma cinetique (1,3) (2,3) (3,3) = -0.3824948015E-01  0.8484006014E-01   5.008324487    

1 sigma total (1,1) (2,1) (3,1) =   2200.431031      0.2665172786     -0.5417601911    
2 sigma total (1,2) (2,2) (3,2) =  0.2665172786       2191.587142      0.1705712086    
3 sigma total (1,3) (2,3) (3,3) = -0.5417601911      0.1705712086       2190.613365    

       195 0.195E-12*Pression =     2194.2    
 pression totale  potentiel = cinetique =
    2194.2        2188.8        5.4401    
 ----------valeurs moyennes------------
*temperature moyenne =       245.51
*pression moyenne =     2183.9    
 --------------------------------------


<<<<<<<<  ITERATION =    196  time =   0.1960000E-12


 --------- Temperatures et Pression--------
 ----------valeurs instantanees------------
       196 0.196E-12*Epot =    -15316.5574981      eV 
    *energie paire 2 corps =    -15352.6228010      eV 
    *energie pot coul recip =     36.0653029052      eV 
       196 0.196E-12*Ec =     54.1069852238      eV   (545.050 K)
       196 0.196E-12*Etot =    -15262.4505129      eV 

       196 0.196E-12*Temp instantanee = 545.050

*temp instantanee des atomes de type 1 =       735.25
*temp instantanee des atomes de type 2 =       164.66

 * stress en kbar 
1 sigma potentiel (1,1) (2,1) (3,1) =   2194.418635      0.2661642537     -0.5035221640    
2 sigma potentiel (1,2) (2,2) (3,2) =  0.2661642537       2186.782874      0.1005752270    
3 sigma potentiel (1,3) (2,3) (3,3) = -0.5035221640      0.1005752270       2185.682306    

1 sigma cinetique (1,1) (2,1) (3,1) =   6.470704298      0.1196896919E-01 -0.4289579135E-01
2 sigma cinetique (1,2) (2,2) (3,2) =  0.1196896919E-01   5.024727644      0.8598015416E-01
3 sigma cinetique (1,3) (2,3) (3,3) = -0.4289579135E-01  0.8598015416E-01   5.074784745    

1 sigma total (1,1) (2,1) (3,1) =   2200.889339      0.2781332229     -0.5464179554    
2 sigma total (1,2) (2,2) (3,2) =  0.2781332229       2191.807602      0.1865553812    
3 sigma total (1,3) (2,3) (3,3) = -0.5464179554      0.1865553812       2190.757091    

       196 0.196E-12*Pression =     2194.5    
 pression totale  potentiel = cinetique =
    2194.5        2189.0        5.5234    
 ----------valeurs moyennes------------
*temperature moyenne =       247.04
*pression moyenne =     2183.9    
 --------------------------------------


<<<<<<<<  ITERATION =    197  time =   0.1970000E-12


 --------- Temperatures et Pression--------
 ----------valeurs instantanees------------
       197 0.197E-12*Epot =    -15317.3829051      eV 
    *energie paire 2 corps =    -15353.4318776      eV 
    *energie pot coul recip =     36.0489725490      eV 
       197 0.197E-12*Ec =     54.9324531228      eV   (553.365 K)
       197 0.197E-12*Etot =    -15262.4504520      eV 

       197 0.197E-12*Temp instantanee = 553.365

*temp instantanee des atomes de type 1 =       747.53
*temp instantanee des atomes de type 2 =       165.03

 * stress en kbar 
1 sigma potentiel (1,1) (2,1) (3,1) =   2194.744501      0.2785467195     -0.5069810714    
2 sigma potentiel (1,2) (2,2) (3,2) =  0.2785467195       2186.954046      0.1251656799    
3 sigma potentiel (1,3) (2,3) (3,3) = -0.5069810714      0.1251656799       2185.762634    

1 sigma cinetique (1,1) (2,1) (3,1) =   6.581650318      0.1299100494E-01 -0.4773662932E-01
2 sigma cinetique (1,2) (2,2) (3,2) =  0.1299100494E-01   5.098723351      0.8835989919E-01
3 sigma cinetique (1,3) (2,3) (3,3) = -0.4773662932E-01  0.8835989919E-01   5.142641836    

1 sigma total (1,1) (2,1) (3,1) =   2201.326151      0.2915377245     -0.5547177008    
2 sigma total (1,2) (2,2) (3,2) =  0.2915377245       2192.052769      0.2135255791    
3 sigma total (1,3) (2,3) (3,3) = -0.5547177008      0.2135255791       2190.905276    

       197 0.197E-12*Pression =     2194.8    
 pression totale  potentiel = cinetique =
    2194.8        2189.2        5.6077    
 ----------valeurs moyennes------------
*temperature moyenne =       248.59
*pression moyenne =     2184.0    
 --------------------------------------


<<<<<<<<  ITERATION =    198  time =   0.1980000E-12


 --------- Temperatures et Pression--------
 ----------valeurs instantanees------------
       198 0.198E-12*Epot =    -15318.2173467      eV 
    *energie paire 2 corps =    -15354.2507674      eV 
    *energie pot coul recip =     36.0334206767      eV 
       198 0.198E-12*Ec =     55.7670290239      eV   (561.773 K)
       198 0.198E-12*Etot =    -15262.4503177      eV 

       198 0.198E-12*Temp instantanee = 561.773

*temp instantanee des atomes de type 1 =       759.95
*temp instantanee des atomes de type 2 =       165.42

 * stress en kbar 
1 sigma potentiel (1,1) (2,1) (3,1) =   2195.111022      0.2845114052     -0.5005106949    
2 sigma potentiel (1,2) (2,2) (3,2) =  0.2845114052       2187.110896      0.1442525229    
3 sigma potentiel (1,3) (2,3) (3,3) = -0.5005106949      0.1442525229       2185.850001    

1 sigma cinetique (1,1) (2,1) (3,1) =   6.693607148      0.1316168148E-01 -0.5292042598E-01
2 sigma cinetique (1,2) (2,2) (3,2) =  0.1316168148E-01   5.172966947      0.9210362234E-01
3 sigma cinetique (1,3) (2,3) (3,3) = -0.5292042598E-01  0.9210362234E-01   5.212029547    

1 sigma total (1,1) (2,1) (3,1) =   2201.804630      0.2976730866     -0.5534311209    
2 sigma total (1,2) (2,2) (3,2) =  0.2976730866       2192.283863      0.2363561452    
3 sigma total (1,3) (2,3) (3,3) = -0.5534311209      0.2363561452       2191.062031    

       198 0.198E-12*Pression =     2195.1    
 pression totale  potentiel = cinetique =
    2195.1        2189.4        5.6929    
 ----------valeurs moyennes------------
*temperature moyenne =       250.17
*pression moyenne =     2184.0    
 --------------------------------------


<<<<<<<<  ITERATION =    199  time =   0.1990000E-12


 --------- Temperatures et Pression--------
 ----------valeurs instantanees------------
       199 0.199E-12*Epot =    -15319.0607130      eV 
    *energie paire 2 corps =    -15355.0794085      eV 
    *energie pot coul recip =     36.0186955829      eV 
       199 0.199E-12*Ec =     56.6106233876      eV   (570.271 K)
       199 0.199E-12*Etot =    -15262.4500896      eV 

       199 0.199E-12*Temp instantanee = 570.271

*temp instantanee des atomes de type 1 =       772.48
*temp instantanee des atomes de type 2 =       165.85

 * stress en kbar 
1 sigma potentiel (1,1) (2,1) (3,1) =   2195.453173      0.2880310456     -0.5017167608    
2 sigma potentiel (1,2) (2,2) (3,2) =  0.2880310456       2187.279468      0.1659029416    
3 sigma potentiel (1,3) (2,3) (3,3) = -0.5017167608      0.1659029416       2185.921631    

1 sigma cinetique (1,1) (2,1) (3,1) =   6.806494047      0.1266526070E-01 -0.5860745116E-01
2 sigma cinetique (1,2) (2,2) (3,2) =  0.1266526070E-01   5.247384892      0.9732011994E-01
3 sigma cinetique (1,3) (2,3) (3,3) = -0.5860745116E-01  0.9732011994E-01   5.283074735    

1 sigma total (1,1) (2,1) (3,1) =   2202.259667      0.3006963063     -0.5603242120    
2 sigma total (1,2) (2,2) (3,2) =  0.3006963063       2192.526853      0.2632230616    
3 sigma total (1,3) (2,3) (3,3) = -0.5603242120      0.2632230616       2191.204705    

       199 0.199E-12*Pression =     2195.3    
 pression totale  potentiel = cinetique =
    2195.3        2189.6        5.7790    
 ----------valeurs moyennes------------
*temperature moyenne =       251.78
*pression moyenne =     2184.1    
 --------------------------------------


<<<<<<<<  ITERATION =    200  time =   0.2000000E-12


 --------- Temperatures et Pression--------
 ----------valeurs instantanees------------
       200 0.200E-12*Epot =    -15319.9131669      eV 
    *energie paire 2 corps =    -15355.9179123      eV 
    *energie pot coul recip =     36.0047454318      eV 
       200 0.200E-12*Ec =     57.4632694579      eV   (578.860 K)
       200 0.200E-12*Etot =    -15262.4498974      eV 

       200 0.200E-12*Temp instantanee = 578.860

*temp instantanee des atomes de type 1 =       785.13
*temp instantanee des atomes de type 2 =       166.33

 * stress en kbar 
1 sigma potentiel (1,1) (2,1) (3,1) =   2195.823255      0.2895634953     -0.4940351630    
2 sigma potentiel (1,2) (2,2) (3,2) =  0.2895634953       2187.448065      0.1851231982    
3 sigma potentiel (1,3) (2,3) (3,3) = -0.4940351630      0.1851231982       2186.007084    

1 sigma cinetique (1,1) (2,1) (3,1) =   6.920252814      0.1169374190E-01 -0.6493868975E-01
2 sigma cinetique (1,2) (2,2) (3,2) =  0.1169374190E-01   5.321942205      0.1040888731    
3 sigma cinetique (1,3) (2,3) (3,3) = -0.6493868975E-01  0.1040888731       5.355880765    

1 sigma total (1,1) (2,1) (3,1) =   2202.743508      0.3012572372     -0.5589738528    
2 sigma total (1,2) (2,2) (3,2) =  0.3012572372       2192.770007      0.2892120713    
3 sigma total (1,3) (2,3) (3,3) = -0.5589738528      0.2892120713       2191.362964    

       200 0.200E-12*Pression =     2195.6    
 pression totale  potentiel = cinetique =
    2195.6        2189.8        5.8660    
 ----------valeurs moyennes------------
*temperature moyenne =       253.42
*pression moyenne =     2184.1    
 --------------------------------------
 *******Derniere iteration **** 


 ####### END OF RUN  ######## =          200   time =    1.9999999999999945E-013
