 *** NDM859 ***
 >>>>>>>>>>> entree readdm
 nom fichier din=UO2M.din                                                                        

 -------- caracteristiques du run DM-------- 4
      DYNAMIQUE MOLECULAIRE VELOCITY VERLET
 generation du crystal ; puis run

      ANALYSES 
 itetemp=           1  itesigma=           1

      CONTROLES 
tstep=  0.100D-14
 itmax=         200  itab=           1  itetimestep=          -1
tinit=     300.0
tempdeplainit=      -1.0
debyetemp=      -1.0
  ----------------------------------


 nb de potentiels           1
 ipotentiel           4
 fmt_cin           1

 -*-*-*-*-*-*-*POTENTIELS*-*-*-*-*-


 POTENTIEL DE PAIRES 


 ----------- POTENTIEL UO2 -----------
 -*-*-*-*-* SOMMATION D-EWALD METHODE PME *-*-*-*-*-
 -*-*-*-* PAS DE TERMES  A 3 CORPS *-*-*-*-
 numero, charge, CM, masse,type
   1    3.227    0.000   92.000  U4 
   2   -1.614    0.000    8.000  O  
 nb de paires            3
 Specificite de l interaction O-O 
 Polynome de degre 5 a           1  =    7.6897260437499795E-010
 Polynome de degre 5 a           2  =  -0.21990352609782496     
 Polynome de degre 5 a           3  =    25029569.208040804     
 Polynome de degre 5 a           4  =   -1413068370858535.0     
 Polynome de degre 5 a           5  =    3.9483235669834178E+022
 Polynome de degre 5 a           6  =   -4.3651297738739712E+029
 Polynome de degre 3 b           1  =    6.8434030216057097E-011
 Polynome de degre 3 b           2  =   -8.8585203517277111E-003
 Polynome de degre 3 b           3  =    368470.57398966170     
 Polynome de degre 3 b           4  =   -5000773412106.8848     

  *-*-*-*-*-*CONSTRUCTION DE LA BOITE*-*-*-*-*-*-        7000        7000           1

 **********construction du reseau************
 repetition de mailles           4           4           4
 izonr,zlmin,rut           3   43.744000000000000        11.000000000000000     
 nox,noy,noz dans .din =          -1          -1          -1
 calcul de nox noy noz !!!
nox noy noz calcules a partir de ru
  nox = Int(   0.2187E-06/  0.1100E-06) = 1
  noy = Int(   0.2187E-06/  0.1100E-06) = 1
  noz = Int(   0.2187E-06/  0.1100E-06) = 1
nox noy noz apres correction = 1 1 1
celsizes   0.2187200E-06  0.2187200E-06  0.2187200E-06
UO2M.gin                                                                        volume= 0.10463223D-19 cm3  0.10463223D+05 Ang3
 natperc im/noxyz        7680         768
 ltabvois,lconstrtot F F

 -------- boite de simulation ------
 nombre d atomes =         768
vecteur  1      21.872000       0.000000       0.000000
vecteur  2       0.000000      21.872000       0.000000
vecteur  3       0.000000       0.000000      21.872000
         512  atomes de type           1
         256  atomes de type           2

  -------------------------------------------------------------------
              definition des rayons de coupure
 Paramtres utilises pour le traitement de EWALD :
 kpme x,y,x max           42          42          42          42
 RUE=   1.1000000000000001E-007  ALPHA=   42056000.000000000       NCOUC=           8           8           8  PRECISEW =   0.0000000000000000     
 ncoucx_y_z           8           8           8
 nvecttot        4912




 ATTENTION!!! UO2 === Oxygène = TYPE 2!!!!




 random velocities at TINIT =    300.00000000000000      K
 seed_size          12
 iseed pour tirage des vitesses          11
 temperature positions lues initspeed    304.74385352177683     
 center of mass =    11.575051748833550        11.575051748833475        11.575051748833490     
 Momentum/atom  =    1.4276951037650143E-019  -1.3232056350108761E-019   8.6388091489655073E-020
Inertia/anglm =   0.1644E-32 -0.1229E-35 -0.1229E-35       0.1378E-22
Inertia/anglm =  -0.1229E-35  0.1644E-32 -0.1229E-35      -0.5279E-23
Inertia/anglm =  -0.1229E-35 -0.1229E-35  0.1644E-32      -0.1498E-22
 temperature fin initspeed    305.58392975288564     
 ***** PREMIERE ITERATION  VVERLET****


<<<<<<<<  ITERATION =      1  time =   0.1000000E-14


 --------- Temperatures et Pression--------
 ----------valeurs instantanees------------
         1 0.100E-14*Epot =    -15327.7505785      eV 
    *energie paire 2 corps =    -15327.7588866      eV 
    *energie pot coul recip =    0.830806056646E-02  eV 
         1 0.100E-14*Ec =     30.2730712792      eV   (304.958 K)
         1 0.100E-14*Etot =    -15297.4775072      eV 

         1 0.100E-14*Temp instantanee = 304.958

*temp instantanee des atomes de type 1 =       287.75
*temp instantanee des atomes de type 2 =       339.38

 * stress en kbar 
1 sigma potentiel (1,1) (2,1) (3,1) =   2161.190423     -0.1823797898E-02  0.1956593005E-02
2 sigma potentiel (1,2) (2,2) (3,2) = -0.1823797898E-02   2161.182729      0.4232253677E-02
3 sigma potentiel (1,3) (2,3) (3,3) =  0.1956593005E-02  0.4232253677E-02   2161.185683    

1 sigma cinetique (1,1) (2,1) (3,1) =   3.091895219     -0.1145515024      0.1796773234    
2 sigma cinetique (1,2) (2,2) (3,2) = -0.1145515024       2.844643163     -0.8368488839E-01
3 sigma cinetique (1,3) (2,3) (3,3) =  0.1796773234     -0.8368488839E-01   3.334563099    

1 sigma total (1,1) (2,1) (3,1) =   2164.282318     -0.1163753003      0.1816339164    
2 sigma total (1,2) (2,2) (3,2) = -0.1163753003       2164.027372     -0.7945263471E-01
3 sigma total (1,3) (2,3) (3,3) =  0.1816339164     -0.7945263471E-01   2164.520246    

         1 0.100E-14*Pression =     2164.3    
 pression totale  potentiel = cinetique =
    2164.3        2161.2        3.0904    
 ----------valeurs moyennes------------
*temperature moyenne =       304.96
*pression moyenne =     2164.3    
 --------------------------------------


<<<<<<<<  ITERATION =      2  time =   0.2000000E-14


 --------- Temperatures et Pression--------
 ----------valeurs instantanees------------
         2 0.200E-14*Epot =    -15327.5645207      eV 
    *energie paire 2 corps =    -15327.5728215      eV 
    *energie pot coul recip =    0.830076809145E-02  eV 
         2 0.200E-14*Ec =     30.0872289701      eV   (303.086 K)
         2 0.200E-14*Etot =    -15297.4772917      eV 

         2 0.200E-14*Temp instantanee = 303.086

*temp instantanee des atomes de type 1 =       286.90
*temp instantanee des atomes de type 2 =       335.45

 * stress en kbar 
1 sigma potentiel (1,1) (2,1) (3,1) =   2161.251244     -0.2559576293E-03 -0.8447827055E-03
2 sigma potentiel (1,2) (2,2) (3,2) = -0.2559576293E-03   2161.255624      0.4196504978E-02
3 sigma potentiel (1,3) (2,3) (3,3) = -0.8447827055E-03  0.4196504978E-02   2161.245486    

1 sigma cinetique (1,1) (2,1) (3,1) =   3.072654104     -0.1143026621      0.1791408961    
2 sigma cinetique (1,2) (2,2) (3,2) = -0.1143026621       2.827507196     -0.8337471991E-01
3 sigma cinetique (1,3) (2,3) (3,3) =  0.1791408961     -0.8337471991E-01   3.314026138    

1 sigma total (1,1) (2,1) (3,1) =   2164.323898     -0.1145586197      0.1782961134    
2 sigma total (1,2) (2,2) (3,2) = -0.1145586197       2164.083131     -0.7917821493E-01
3 sigma total (1,3) (2,3) (3,3) =  0.1782961134     -0.7917821493E-01   2164.559512    

         2 0.200E-14*Pression =     2164.3    
 pression totale  potentiel = cinetique =
    2164.3        2161.3        3.0714    
 ----------valeurs moyennes------------
*temperature moyenne =       304.02
*pression moyenne =     2164.3    
 --------------------------------------


<<<<<<<<  ITERATION =      3  time =   0.3000000E-14


 --------- Temperatures et Pression--------
 ----------valeurs instantanees------------
         3 0.300E-14*Epot =    -15327.2570617      eV 
    *energie paire 2 corps =    -15327.2653551      eV 
    *energie pot coul recip =    0.829344951258E-02  eV 
         3 0.300E-14*Ec =     29.7800407517      eV   (299.991 K)
         3 0.300E-14*Etot =    -15297.4770209      eV 

         3 0.300E-14*Temp instantanee = 299.991

*temp instantanee des atomes de type 1 =       285.50
*temp instantanee des atomes de type 2 =       328.98

 * stress en kbar 
1 sigma potentiel (1,1) (2,1) (3,1) =   2161.364897     -0.2191860897E-03 -0.2370111882E-02
2 sigma potentiel (1,2) (2,2) (3,2) = -0.2191860897E-03   2161.361376      0.4560347795E-02
3 sigma potentiel (1,3) (2,3) (3,3) = -0.2370111882E-02  0.4560347795E-02   2161.346628    

1 sigma cinetique (1,1) (2,1) (3,1) =   3.040844541     -0.1138963593      0.1782442913    
2 sigma cinetique (1,2) (2,2) (3,2) = -0.1138963593       2.799188685     -0.8286191608E-01
3 sigma cinetique (1,3) (2,3) (3,3) =  0.1782442913     -0.8286191608E-01   3.280078090    

1 sigma total (1,1) (2,1) (3,1) =   2164.405742     -0.1141155454      0.1758741795    
2 sigma total (1,2) (2,2) (3,2) = -0.1141155454       2164.160565     -0.7830156828E-01
3 sigma total (1,3) (2,3) (3,3) =  0.1758741795     -0.7830156828E-01   2164.626706    

         3 0.300E-14*Pression =     2164.4    
 pression totale  potentiel = cinetique =
    2164.4        2161.4        3.0400    
 ----------valeurs moyennes------------
*temperature moyenne =       302.68
*pression moyenne =     2164.3    
 --------------------------------------


<<<<<<<<  ITERATION =      4  time =   0.4000000E-14


 --------- Temperatures et Pression--------
 ----------valeurs instantanees------------
         4 0.400E-14*Epot =    -15326.8322296      eV 
    *energie paire 2 corps =    -15326.8405157      eV 
    *energie pot coul recip =    0.828609049954E-02  eV 
         4 0.400E-14*Ec =     29.3555395701      eV   (295.715 K)
         4 0.400E-14*Etot =    -15297.4766901      eV 

         4 0.400E-14*Temp instantanee = 295.715

*temp instantanee des atomes de type 1 =       283.55
*temp instantanee des atomes de type 2 =       320.05

 * stress en kbar 
1 sigma potentiel (1,1) (2,1) (3,1) =   2161.508208     -0.7125777630E-03  0.1647621207E-02
2 sigma potentiel (1,2) (2,2) (3,2) = -0.7125777630E-03   2161.520957      0.6995539811E-02
3 sigma potentiel (1,3) (2,3) (3,3) =  0.1647621207E-02  0.6995539811E-02   2161.493610    

1 sigma cinetique (1,1) (2,1) (3,1) =   2.996890898     -0.1133355045      0.1769919345    
2 sigma cinetique (1,2) (2,2) (3,2) = -0.1133355045       2.760051178     -0.8215781853E-01
3 sigma cinetique (1,3) (2,3) (3,3) =  0.1769919345     -0.8215781853E-01   3.233166125    

1 sigma total (1,1) (2,1) (3,1) =   2164.505099     -0.1140480823      0.1786395557    
2 sigma total (1,2) (2,2) (3,2) = -0.1140480823       2164.281008     -0.7516227872E-01
3 sigma total (1,3) (2,3) (3,3) =  0.1786395557     -0.7516227872E-01   2164.726776    

         4 0.400E-14*Pression =     2164.5    
 pression totale  potentiel = cinetique =
    2164.5        2161.5        2.9967    
 ----------valeurs moyennes------------
*temperature moyenne =       300.94
*pression moyenne =     2164.4    
 --------------------------------------


<<<<<<<<  ITERATION =      5  time =   0.5000000E-14


 --------- Temperatures et Pression--------
 ----------valeurs instantanees------------
         5 0.500E-14*Epot =    -15326.2955481      eV 
    *energie paire 2 corps =    -15326.3038268      eV 
    *energie pot coul recip =    0.827867795357E-02  eV 
         5 0.500E-14*Ec =     28.8192351360      eV   (290.312 K)
         5 0.500E-14*Etot =    -15297.4763130      eV 

         5 0.500E-14*Temp instantanee = 290.312

*temp instantanee des atomes de type 1 =       281.06
*temp instantanee des atomes de type 2 =       308.82

 * stress en kbar 
1 sigma potentiel (1,1) (2,1) (3,1) =   2161.691474     -0.3338706354E-02 -0.3680524068E-02
2 sigma potentiel (1,2) (2,2) (3,2) = -0.3338706354E-02   2161.710885      0.1238620159E-01
3 sigma potentiel (1,3) (2,3) (3,3) = -0.3680524068E-02  0.1238620159E-01   2161.672115    

1 sigma cinetique (1,1) (2,1) (3,1) =   2.941352171     -0.1126207504      0.1753943432    
2 sigma cinetique (1,2) (2,2) (3,2) = -0.1126207504       2.710583186     -0.8128203612E-01
3 sigma cinetique (1,3) (2,3) (3,3) =  0.1753943432     -0.8128203612E-01   3.173930083    

1 sigma total (1,1) (2,1) (3,1) =   2164.632826     -0.1159594568      0.1717138191    
2 sigma total (1,2) (2,2) (3,2) = -0.1159594568       2164.421469     -0.6889583454E-01
3 sigma total (1,3) (2,3) (3,3) =  0.1717138191     -0.6889583454E-01   2164.846046    

         5 0.500E-14*Pression =     2164.6    
 pression totale  potentiel = cinetique =
    2164.6        2161.7        2.9420    
 ----------valeurs moyennes------------
*temperature moyenne =       298.81
*pression moyenne =     2164.4    
 --------------------------------------


<<<<<<<<  ITERATION =      6  time =   0.6000000E-14


 --------- Temperatures et Pression--------
 ----------valeurs instantanees------------
         6 0.600E-14*Epot =    -15325.6540140      eV 
    *energie paire 2 corps =    -15325.6622852      eV 
    *energie pot coul recip =    0.827119920668E-02  eV 
         6 0.600E-14*Ec =     28.1781513266      eV   (283.854 K)
         6 0.600E-14*Etot =    -15297.4758627      eV 

         6 0.600E-14*Temp instantanee = 283.854

*temp instantanee des atomes de type 1 =       278.06
*temp instantanee des atomes de type 2 =       295.45

 * stress en kbar 
1 sigma potentiel (1,1) (2,1) (3,1) =   2161.913157     -0.4374216098E-02 -0.1848835454E-02
2 sigma potentiel (1,2) (2,2) (3,2) = -0.4374216098E-02   2161.946560      0.1686960271E-01
3 sigma potentiel (1,3) (2,3) (3,3) = -0.1848835454E-02  0.1686960271E-01   2161.876908    

1 sigma cinetique (1,1) (2,1) (3,1) =   2.874936525     -0.1117553911      0.1734624660    
2 sigma cinetique (1,2) (2,2) (3,2) = -0.1117553911       2.651434079     -0.8024312981E-01
3 sigma cinetique (1,3) (2,3) (3,3) =  0.1734624660     -0.8024312981E-01   3.103163482    

1 sigma total (1,1) (2,1) (3,1) =   2164.788094     -0.1161296072      0.1716136305    
2 sigma total (1,2) (2,2) (3,2) = -0.1161296072       2164.597994     -0.6337352710E-01
3 sigma total (1,3) (2,3) (3,3) =  0.1716136305     -0.6337352710E-01   2164.980071    

         6 0.600E-14*Pression =     2164.8    
 pression totale  potentiel = cinetique =
    2164.8        2161.9        2.8765    
 ----------valeurs moyennes------------
*temperature moyenne =       296.32
*pression moyenne =     2164.5    
 --------------------------------------


<<<<<<<<  ITERATION =      7  time =   0.7000000E-14


 --------- Temperatures et Pression--------
 ----------valeurs instantanees------------
         7 0.700E-14*Epot =    -15324.9159847      eV 
    *energie paire 2 corps =    -15324.9242483      eV 
    *energie pot coul recip =    0.826363993536E-02  eV 
         7 0.700E-14*Ec =     27.4406612313      eV   (276.425 K)
         7 0.700E-14*Etot =    -15297.4753234      eV 

         7 0.700E-14*Temp instantanee = 276.425

*temp instantanee des atomes de type 1 =       274.56
*temp instantanee des atomes de type 2 =       280.16

 * stress en kbar 
1 sigma potentiel (1,1) (2,1) (3,1) =   2162.163881     -0.5497289750E-02 -0.1782911254E-02
2 sigma potentiel (1,2) (2,2) (3,2) = -0.5497289750E-02   2162.202460      0.2447660702E-01
3 sigma potentiel (1,3) (2,3) (3,3) = -0.1782911254E-02  0.2447660702E-01   2162.128535    

1 sigma cinetique (1,1) (2,1) (3,1) =   2.798504036     -0.1107303895      0.1712126549    
2 sigma cinetique (1,2) (2,2) (3,2) = -0.1107303895       2.583364319     -0.7906568613E-01
3 sigma cinetique (1,3) (2,3) (3,3) =  0.1712126549     -0.7906568613E-01   3.021810038    

1 sigma total (1,1) (2,1) (3,1) =   2164.962385     -0.1162276793      0.1694297437    
2 sigma total (1,2) (2,2) (3,2) = -0.1162276793       2164.785825     -0.5458907911E-01
3 sigma total (1,3) (2,3) (3,3) =  0.1694297437     -0.5458907911E-01   2165.150345    

         7 0.700E-14*Pression =     2165.0    
 pression totale  potentiel = cinetique =
    2165.0        2162.2        2.8012    
 ----------valeurs moyennes------------
*temperature moyenne =       293.48
*pression moyenne =     2164.6    
 --------------------------------------


<<<<<<<<  ITERATION =      8  time =   0.8000000E-14


 --------- Temperatures et Pression--------
 ----------valeurs instantanees------------
         8 0.800E-14*Epot =    -15324.0911152      eV 
    *energie paire 2 corps =    -15324.0993711      eV 
    *energie pot coul recip =    0.825598801214E-02  eV 
         8 0.800E-14*Ec =     26.6163802200      eV   (268.122 K)
         8 0.800E-14*Etot =    -15297.4747349      eV 

         8 0.800E-14*Temp instantanee = 268.122

*temp instantanee des atomes de type 1 =       270.59
*temp instantanee des atomes de type 2 =       263.19

 * stress en kbar 
1 sigma potentiel (1,1) (2,1) (3,1) =   2162.442231     -0.7283950607E-02 -0.5940072241E-03
2 sigma potentiel (1,2) (2,2) (3,2) = -0.7283950607E-02   2162.511186      0.2802622802E-01
3 sigma potentiel (1,3) (2,3) (3,3) = -0.5940072241E-03  0.2802622802E-01   2162.394821    

1 sigma cinetique (1,1) (2,1) (3,1) =   2.713045838     -0.1095479564      0.1686562017    
2 sigma cinetique (1,2) (2,2) (3,2) = -0.1095479564       2.507233691     -0.7777197266E-01
3 sigma cinetique (1,3) (2,3) (3,3) =  0.1686562017     -0.7777197266E-01   2.930963529    

1 sigma total (1,1) (2,1) (3,1) =   2165.155276     -0.1168319070      0.1680621945    
2 sigma total (1,2) (2,2) (3,2) = -0.1168319070       2165.018420     -0.4974574464E-01
3 sigma total (1,3) (2,3) (3,3) =  0.1680621945     -0.4974574464E-01   2165.325784    

         8 0.800E-14*Pression =     2165.2    
 pression totale  potentiel = cinetique =
    2165.2        2162.4        2.7171    
 ----------valeurs moyennes------------
*temperature moyenne =       290.31
*pression moyenne =     2164.6    
 --------------------------------------


<<<<<<<<  ITERATION =      9  time =   0.9000000E-14


 --------- Temperatures et Pression--------
 ----------valeurs instantanees------------
         9 0.900E-14*Epot =    -15323.1901106      eV 
    *energie paire 2 corps =    -15323.1983589      eV 
    *energie pot coul recip =    0.824823211857E-02  eV 
         9 0.900E-14*Ec =     25.7160619052      eV   (259.052 K)
         9 0.900E-14*Etot =    -15297.4740487      eV 

         9 0.900E-14*Temp instantanee = 259.052

*temp instantanee des atomes de type 1 =       266.18
*temp instantanee des atomes de type 2 =       244.80

 * stress en kbar 
1 sigma potentiel (1,1) (2,1) (3,1) =   2162.753141     -0.1026011983E-01 -0.2772315981E-02
2 sigma potentiel (1,2) (2,2) (3,2) = -0.1026011983E-01   2162.833579      0.4216671906E-01
3 sigma potentiel (1,3) (2,3) (3,3) = -0.2772315981E-02  0.4216671906E-01   2162.700523    

1 sigma cinetique (1,1) (2,1) (3,1) =   2.619661657     -0.1082153283      0.1658204942    
2 sigma cinetique (1,2) (2,2) (3,2) = -0.1082153283       2.424022287     -0.7637390937E-01
3 sigma cinetique (1,3) (2,3) (3,3) =  0.1658204942     -0.7637390937E-01   2.831837420    

1 sigma total (1,1) (2,1) (3,1) =   2165.372802     -0.1184754481      0.1630481782    
2 sigma total (1,2) (2,2) (3,2) = -0.1184754481       2165.257602     -0.3420719031E-01
3 sigma total (1,3) (2,3) (3,3) =  0.1630481782     -0.3420719031E-01   2165.532360    

         9 0.900E-14*Pression =     2165.4    
 pression totale  potentiel = cinetique =
    2165.4        2162.8        2.6252    
 ----------valeurs moyennes------------
*temperature moyenne =       286.84
*pression moyenne =     2164.7    
 --------------------------------------


<<<<<<<<  ITERATION =     10  time =   0.1000000E-13


 --------- Temperatures et Pression--------
 ----------valeurs instantanees------------
        10 0.100E-13*Epot =    -15322.2246847      eV 
    *energie paire 2 corps =    -15322.2329251      eV 
    *energie pot coul recip =    0.824036157652E-02  eV 
        10 0.100E-13*Ec =     24.7513097678      eV   (249.334 K)
        10 0.100E-13*Etot =    -15297.4733749      eV 

        10 0.100E-13*Temp instantanee = 249.334

*temp instantanee des atomes de type 1 =       261.36
*temp instantanee des atomes de type 2 =       225.29

 * stress en kbar 
1 sigma potentiel (1,1) (2,1) (3,1) =   2163.087633     -0.1557604730E-01 -0.4776535626E-02
2 sigma potentiel (1,2) (2,2) (3,2) = -0.1557604730E-01   2163.174618      0.4560847032E-01
3 sigma potentiel (1,3) (2,3) (3,3) = -0.4776535626E-02  0.4560847032E-01   2163.018218    

1 sigma cinetique (1,1) (2,1) (3,1) =   2.519547693     -0.1067312591      0.1627374777    
2 sigma cinetique (1,2) (2,2) (3,2) = -0.1067312591       2.334796167     -0.7490495403E-01
3 sigma cinetique (1,3) (2,3) (3,3) =  0.1627374777     -0.7490495403E-01   2.725723010    

1 sigma total (1,1) (2,1) (3,1) =   2165.607181     -0.1223073064      0.1579609420    
2 sigma total (1,2) (2,2) (3,2) = -0.1223073064       2165.509414     -0.2929648371E-01
3 sigma total (1,3) (2,3) (3,3) =  0.1579609420     -0.2929648371E-01   2165.743941    

        10 0.100E-13*Pression =     2165.6    
 pression totale  potentiel = cinetique =
    2165.6        2163.1        2.5267    
 ----------valeurs moyennes------------
*temperature moyenne =       283.08
*pression moyenne =     2164.8    
 --------------------------------------


<<<<<<<<  ITERATION =     11  time =   0.1100000E-13


 --------- Temperatures et Pression--------
 ----------valeurs instantanees------------
        11 0.110E-13*Epot =    -15321.2073219      eV 
    *energie paire 2 corps =    -15321.2155542      eV 
    *energie pot coul recip =    0.823236566034E-02  eV 
        11 0.110E-13*Ec =     23.7346550476      eV   (239.093 K)
        11 0.110E-13*Etot =    -15297.4726668      eV 

        11 0.110E-13*Temp instantanee = 239.093

*temp instantanee des atomes de type 1 =       256.16
*temp instantanee des atomes de type 2 =       204.96

 * stress en kbar 
1 sigma potentiel (1,1) (2,1) (3,1) =   2163.427162     -0.1428637605E-01 -0.7662661539E-02
2 sigma potentiel (1,2) (2,2) (3,2) = -0.1428637605E-01   2163.532220      0.5491851466E-01
3 sigma potentiel (1,3) (2,3) (3,3) = -0.7662661539E-02  0.5491851466E-01   2163.349475    

1 sigma cinetique (1,1) (2,1) (3,1) =   2.413978986     -0.1050928496      0.1594312140    
2 sigma cinetique (1,2) (2,2) (3,2) = -0.1050928496       2.240694232     -0.7339632404E-01
3 sigma cinetique (1,3) (2,3) (3,3) =  0.1594312140     -0.7339632404E-01   2.614044037    

1 sigma total (1,1) (2,1) (3,1) =   2165.841141     -0.1193792257      0.1517685525    
2 sigma total (1,2) (2,2) (3,2) = -0.1193792257       2165.772914     -0.1847780938E-01
3 sigma total (1,3) (2,3) (3,3) =  0.1517685525     -0.1847780938E-01   2165.963519    

        11 0.110E-13*Pression =     2165.9    
 pression totale  potentiel = cinetique =
    2165.9        2163.4        2.4229    
 ----------valeurs moyennes------------
*temperature moyenne =       279.09
*pression moyenne =     2164.9    
 --------------------------------------


<<<<<<<<  ITERATION =     12  time =   0.1200000E-13


 --------- Temperatures et Pression--------
 ----------valeurs instantanees------------
        12 0.120E-13*Epot =    -15320.1511960      eV 
    *energie paire 2 corps =    -15320.1594202      eV 
    *energie pot coul recip =    0.822423466118E-02  eV 
        12 0.120E-13*Ec =     22.6792770030      eV   (228.461 K)
        12 0.120E-13*Etot =    -15297.4719190      eV 

        12 0.120E-13*Temp instantanee = 228.461

*temp instantanee des atomes de type 1 =       250.61
*temp instantanee des atomes de type 2 =       184.15

 * stress en kbar 
1 sigma potentiel (1,1) (2,1) (3,1) =   2163.778030     -0.2069535958E-01 -0.7372923344E-02
2 sigma potentiel (1,2) (2,2) (3,2) = -0.2069535958E-01   2163.903923      0.6965243577E-01
3 sigma potentiel (1,3) (2,3) (3,3) = -0.7372923344E-02  0.6965243577E-01   2163.684243    

1 sigma cinetique (1,1) (2,1) (3,1) =   2.304309337     -0.1033074416      0.1559397218    
2 sigma cinetique (1,2) (2,2) (3,2) = -0.1033074416       2.142903228     -0.7186204155E-01
3 sigma cinetique (1,3) (2,3) (3,3) =  0.1559397218     -0.7186204155E-01   2.498296092    

1 sigma total (1,1) (2,1) (3,1) =   2166.082339     -0.1240028012      0.1485667984    
2 sigma total (1,2) (2,2) (3,2) = -0.1240028012       2166.046826     -0.2209605784E-02
3 sigma total (1,3) (2,3) (3,3) =  0.1485667984     -0.2209605784E-02   2166.182539    

        12 0.120E-13*Pression =     2166.1    
 pression totale  potentiel = cinetique =
    2166.1        2163.8        2.3152    
 ----------valeurs moyennes------------
*temperature moyenne =       274.87
*pression moyenne =     2165.0    
 --------------------------------------


<<<<<<<<  ITERATION =     13  time =   0.1300000E-13


 --------- Temperatures et Pression--------
 ----------valeurs instantanees------------
        13 0.130E-13*Epot =    -15319.0699139      eV 
    *energie paire 2 corps =    -15319.0781298      eV 
    *energie pot coul recip =    0.821595963419E-02  eV 
        13 0.130E-13*Ec =     21.5987413845      eV   (217.576 K)
        13 0.130E-13*Etot =    -15297.4711725      eV 

        13 0.130E-13*Temp instantanee = 217.576

*temp instantanee des atomes de type 1 =       244.77
*temp instantanee des atomes de type 2 =       163.19

 * stress en kbar 
1 sigma potentiel (1,1) (2,1) (3,1) =   2164.145054     -0.1939337666E-01 -0.9814128384E-02
2 sigma potentiel (1,2) (2,2) (3,2) = -0.1939337666E-01   2164.287803      0.7587990655E-01
3 sigma potentiel (1,3) (2,3) (3,3) = -0.9814128384E-02  0.7587990655E-01   2164.041293    

1 sigma cinetique (1,1) (2,1) (3,1) =   2.191951258     -0.1013771101      0.1522923604    
2 sigma cinetique (1,2) (2,2) (3,2) = -0.1013771101       2.042660588     -0.7032829503E-01
3 sigma cinetique (1,3) (2,3) (3,3) =  0.1522923604     -0.7032829503E-01   2.379983727    

1 sigma total (1,1) (2,1) (3,1) =   2166.337005     -0.1207704868      0.1424782320    
2 sigma total (1,2) (2,2) (3,2) = -0.1207704868       2166.330463      0.5551611520E-02
3 sigma total (1,3) (2,3) (3,3) =  0.1424782320      0.5551611520E-02   2166.421277    

        13 0.130E-13*Pression =     2166.4    
 pression totale  potentiel = cinetique =
    2166.4        2164.2        2.2049    
 ----------valeurs moyennes------------
*temperature moyenne =       270.46
*pression moyenne =     2165.1    
 --------------------------------------


<<<<<<<<  ITERATION =     14  time =   0.1400000E-13


 --------- Temperatures et Pression--------
 ----------valeurs instantanees------------
        14 0.140E-13*Epot =    -15317.9772181      eV 
    *energie paire 2 corps =    -15317.9854256      eV 
    *energie pot coul recip =    0.820753401580E-02  eV 
        14 0.140E-13*Ec =     20.5068469448      eV   (206.577 K)
        14 0.140E-13*Etot =    -15297.4703712      eV 

        14 0.140E-13*Temp instantanee = 206.577

*temp instantanee des atomes de type 1 =       238.66
*temp instantanee des atomes de type 2 =       142.41

 * stress en kbar 
1 sigma potentiel (1,1) (2,1) (3,1) =   2164.497723     -0.1873500014E-01 -0.1196962932E-01
2 sigma potentiel (1,2) (2,2) (3,2) = -0.1873500014E-01   2164.656884      0.8676669495E-01
3 sigma potentiel (1,3) (2,3) (3,3) = -0.1196962932E-01  0.8676669495E-01   2164.382988    

1 sigma cinetique (1,1) (2,1) (3,1) =   2.078322996     -0.9930468416E-01  0.1485221968    
2 sigma cinetique (1,2) (2,2) (3,2) = -0.9930468416E-01   1.941225432     -0.6882543805E-01
3 sigma cinetique (1,3) (2,3) (3,3) =  0.1485221968     -0.6882543805E-01   2.260655431    

1 sigma total (1,1) (2,1) (3,1) =   2166.576046     -0.1180396843      0.1365525675    
2 sigma total (1,2) (2,2) (3,2) = -0.1180396843       2166.598109      0.1794125689E-01
3 sigma total (1,3) (2,3) (3,3) =  0.1365525675      0.1794125689E-01   2166.643643    

        14 0.140E-13*Pression =     2166.6    
 pression totale  potentiel = cinetique =
    2166.6        2164.5        2.0934    
 ----------valeurs moyennes------------
*temperature moyenne =       265.90
*pression moyenne =     2165.2    
 --------------------------------------


<<<<<<<<  ITERATION =     15  time =   0.1500000E-13


 --------- Temperatures et Pression--------
 ----------valeurs instantanees------------
        15 0.150E-13*Epot =    -15316.8870256      eV 
    *energie paire 2 corps =    -15316.8952245      eV 
    *energie pot coul recip =    0.819894956803E-02  eV 
        15 0.150E-13*Ec =     19.4174160488      eV   (195.603 K)
        15 0.150E-13*Etot =    -15297.4696095      eV 

        15 0.150E-13*Temp instantanee = 195.603

*temp instantanee des atomes de type 1 =       232.33
*temp instantanee des atomes de type 2 =       122.15

 * stress en kbar 
1 sigma potentiel (1,1) (2,1) (3,1) =   2164.867757     -0.2467459682E-01 -0.1308718976E-01
2 sigma potentiel (1,2) (2,2) (3,2) = -0.2467459682E-01   2165.035237      0.9643555833E-01
3 sigma potentiel (1,3) (2,3) (3,3) = -0.1308718976E-01  0.9643555833E-01   2164.728466    

1 sigma cinetique (1,1) (2,1) (3,1) =   1.964854456     -0.9710001211E-01  0.1446711867    
2 sigma cinetique (1,2) (2,2) (3,2) = -0.9710001211E-01   1.839857542     -0.6737882169E-01
3 sigma cinetique (1,3) (2,3) (3,3) =  0.1446711867     -0.6737882169E-01   2.141854607    

1 sigma total (1,1) (2,1) (3,1) =   2166.832612     -0.1217746089      0.1315839970    
2 sigma total (1,2) (2,2) (3,2) = -0.1217746089       2166.875095      0.2905673664E-01
3 sigma total (1,3) (2,3) (3,3) =  0.1315839970      0.2905673664E-01   2166.870321    

        15 0.150E-13*Pression =     2166.9    
 pression totale  potentiel = cinetique =
    2166.9        2164.9        1.9822    
 ----------valeurs moyennes------------
*temperature moyenne =       261.21
*pression moyenne =     2165.3    
 --------------------------------------


<<<<<<<<  ITERATION =     16  time =   0.1600000E-13


 --------- Temperatures et Pression--------
 ----------valeurs instantanees------------
        16 0.160E-13*Epot =    -15315.8129661      eV 
    *energie paire 2 corps =    -15315.8211563      eV 
    *energie pot coul recip =    0.819019990327E-02  eV 
        16 0.160E-13*Ec =     18.3441313303      eV   (184.791 K)
        16 0.160E-13*Etot =    -15297.4688348      eV 

        16 0.160E-13*Temp instantanee = 184.791

*temp instantanee des atomes de type 1 =       225.82
*temp instantanee des atomes de type 2 =       102.73

 * stress en kbar 
1 sigma potentiel (1,1) (2,1) (3,1) =   2165.202106     -0.2952583960E-01 -0.1833053093E-01
2 sigma potentiel (1,2) (2,2) (3,2) = -0.2952583960E-01   2165.397055      0.1092658300    
3 sigma potentiel (1,3) (2,3) (3,3) = -0.1833053093E-01  0.1092658300       2165.074124    

1 sigma cinetique (1,1) (2,1) (3,1) =   1.852964194     -0.9476376054E-01  0.1407724613    
2 sigma cinetique (1,2) (2,2) (3,2) = -0.9476376054E-01   1.739804868     -0.6600785271E-01
3 sigma cinetique (1,3) (2,3) (3,3) =  0.1407724613     -0.6600785271E-01   2.025105041    

1 sigma total (1,1) (2,1) (3,1) =   2167.055070     -0.1242896001      0.1224419304    
2 sigma total (1,2) (2,2) (3,2) = -0.1242896001       2167.136860      0.4325797731E-01
3 sigma total (1,3) (2,3) (3,3) =  0.1224419304      0.4325797731E-01   2167.099229    

        16 0.160E-13*Pression =     2167.1    
 pression totale  potentiel = cinetique =
    2167.1        2165.2        1.8726    
 ----------valeurs moyennes------------
*temperature moyenne =       256.43
*pression moyenne =     2165.4    
 --------------------------------------


<<<<<<<<  ITERATION =     17  time =   0.1700000E-13


 --------- Temperatures et Pression--------
 ----------valeurs instantanees------------
        17 0.170E-13*Epot =    -15314.7683763      eV 
    *energie paire 2 corps =    -15314.7765576      eV 
    *energie pot coul recip =    0.818128008759E-02  eV 
        17 0.170E-13*Ec =     17.3001985202      eV   (174.275 K)
        17 0.170E-13*Etot =    -15297.4681778      eV 

        17 0.170E-13*Temp instantanee = 174.275

*temp instantanee des atomes de type 1 =       219.18
*temp instantanee des atomes de type 2 =        84.46

 * stress en kbar 
1 sigma potentiel (1,1) (2,1) (3,1) =   2165.549197     -0.3227112727E-01 -0.2171360671E-01
2 sigma potentiel (1,2) (2,2) (3,2) = -0.3227112727E-01   2165.759193      0.1197598865    
3 sigma potentiel (1,3) (2,3) (3,3) = -0.2171360671E-01  0.1197598865       2165.394302    

1 sigma cinetique (1,1) (2,1) (3,1) =   1.744007430     -0.9230708601E-01  0.1368581989    
2 sigma cinetique (1,2) (2,2) (3,2) = -0.9230708601E-01   1.642273775     -0.6473422221E-01
3 sigma cinetique (1,3) (2,3) (3,3) =  0.1368581989     -0.6473422221E-01   1.911889392    

1 sigma total (1,1) (2,1) (3,1) =   2167.293204     -0.1245782133      0.1151445922    
2 sigma total (1,2) (2,2) (3,2) = -0.1245782133       2167.401467      0.5502566426E-01
3 sigma total (1,3) (2,3) (3,3) =  0.1151445922      0.5502566426E-01   2167.306191    

        17 0.170E-13*Pression =     2167.3    
 pression totale  potentiel = cinetique =
    2167.3        2165.6        1.7661    
 ----------valeurs moyennes------------
*temperature moyenne =       251.60
*pression moyenne =     2165.5    
 --------------------------------------


<<<<<<<<  ITERATION =     18  time =   0.1800000E-13


 --------- Temperatures et Pression--------
 ----------valeurs instantanees------------
        18 0.180E-13*Epot =    -15313.7658156      eV 
    *energie paire 2 corps =    -15313.7739878      eV 
    *energie pot coul recip =    0.817218556741E-02  eV 
        18 0.180E-13*Ec =     16.2983139666      eV   (164.182 K)
        18 0.180E-13*Etot =    -15297.4675016      eV 

        18 0.180E-13*Temp instantanee = 164.182

*temp instantanee des atomes de type 1 =       212.45
*temp instantanee des atomes de type 2 =        67.65

 * stress en kbar 
1 sigma potentiel (1,1) (2,1) (3,1) =   2165.855906     -0.3437529588E-01 -0.2260462864E-01
2 sigma potentiel (1,2) (2,2) (3,2) = -0.3437529588E-01   2166.073370      0.1275464796    
3 sigma potentiel (1,3) (2,3) (3,3) = -0.2260462864E-01  0.1275464796       2165.694129    

1 sigma cinetique (1,1) (2,1) (3,1) =   1.639307132     -0.8975229789E-01  0.1329715917    
2 sigma cinetique (1,2) (2,2) (3,2) = -0.8975229789E-01   1.548428096     -0.6356891164E-01
3 sigma cinetique (1,3) (2,3) (3,3) =  0.1329715917     -0.6356891164E-01   1.803609105    

1 sigma total (1,1) (2,1) (3,1) =   2167.495213     -0.1241275938      0.1103669630    
2 sigma total (1,2) (2,2) (3,2) = -0.1241275938       2167.621798      0.6397756793E-01
3 sigma total (1,3) (2,3) (3,3) =  0.1103669630      0.6397756793E-01   2167.497738    

        18 0.180E-13*Pression =     2167.5    
 pression totale  potentiel = cinetique =
    2167.5        2165.9        1.6638    
 ----------valeurs moyennes------------
*temperature moyenne =       246.74
*pression moyenne =     2165.7    
 --------------------------------------


<<<<<<<<  ITERATION =     19  time =   0.1900000E-13


 --------- Temperatures et Pression--------
 ----------valeurs instantanees------------
        19 0.190E-13*Epot =    -15312.8173234      eV 
    *energie paire 2 corps =    -15312.8254863      eV 
    *energie pot coul recip =    0.816291192752E-02  eV 
        19 0.190E-13*Ec =     15.3503939759      eV   (154.633 K)
        19 0.190E-13*Etot =    -15297.4669294      eV 

        19 0.190E-13*Temp instantanee = 154.633

*temp instantanee des atomes de type 1 =       205.67
*temp instantanee des atomes de type 2 =        52.57

 * stress en kbar 
1 sigma potentiel (1,1) (2,1) (3,1) =   2166.141325     -0.3870117055E-01 -0.3123022172E-01
2 sigma potentiel (1,2) (2,2) (3,2) = -0.3870117055E-01   2166.389058      0.1417591981    
3 sigma potentiel (1,3) (2,3) (3,3) = -0.3123022172E-01  0.1417591981       2165.989721    

1 sigma cinetique (1,1) (2,1) (3,1) =   1.540116441     -0.8711135319E-01  0.1291407370    
2 sigma cinetique (1,2) (2,2) (3,2) = -0.8711135319E-01   1.459354000     -0.6252590365E-01
3 sigma cinetique (1,3) (2,3) (3,3) =  0.1291407370     -0.6252590365E-01   1.701574227    

1 sigma total (1,1) (2,1) (3,1) =   2167.681441     -0.1258125237      0.9791051528E-01
2 sigma total (1,2) (2,2) (3,2) = -0.1258125237       2167.848412      0.7923329448E-01
3 sigma total (1,3) (2,3) (3,3) =  0.9791051528E-01  0.7923329448E-01   2167.691295    

        19 0.190E-13*Pression =     2167.7    
 pression totale  potentiel = cinetique =
    2167.7        2166.2        1.5670    
 ----------valeurs moyennes------------
*temperature moyenne =       241.90
*pression moyenne =     2165.8    
 --------------------------------------


<<<<<<<<  ITERATION =     20  time =   0.2000000E-13


 --------- Temperatures et Pression--------
 ----------valeurs instantanees------------
        20 0.200E-13*Epot =    -15311.9336844      eV 
    *energie paire 2 corps =    -15311.9418379      eV 
    *energie pot coul recip =    0.815345602503E-02  eV 
        20 0.200E-13*Ec =     14.4673075927      eV   (145.737 K)
        20 0.200E-13*Etot =    -15297.4663768      eV 

        20 0.200E-13*Temp instantanee = 145.737

*temp instantanee des atomes de type 1 =       198.88
*temp instantanee des atomes de type 2 =        39.45

 * stress en kbar 
1 sigma potentiel (1,1) (2,1) (3,1) =   2166.401030     -0.4075333364E-01 -0.3454935652E-01
2 sigma potentiel (1,2) (2,2) (3,2) = -0.4075333364E-01   2166.664653      0.1500240814    
3 sigma potentiel (1,3) (2,3) (3,3) = -0.3454935652E-01  0.1500240814       2166.245850    

1 sigma cinetique (1,1) (2,1) (3,1) =   1.447569500     -0.8439872527E-01  0.1253907898    
2 sigma cinetique (1,2) (2,2) (3,2) = -0.8439872527E-01   1.376037382     -0.6162014081E-01
3 sigma cinetique (1,3) (2,3) (3,3) =  0.1253907898     -0.6162014081E-01   1.606993357    

1 sigma total (1,1) (2,1) (3,1) =   2167.848600     -0.1251520589      0.9084143325E-01
2 sigma total (1,2) (2,2) (3,2) = -0.1251520589       2168.040690      0.8840394063E-01
3 sigma total (1,3) (2,3) (3,3) =  0.9084143325E-01  0.8840394063E-01   2167.852843    

        20 0.200E-13*Pression =     2167.9    
 pression totale  potentiel = cinetique =
    2167.9        2166.4        1.4769    
 ----------valeurs moyennes------------
*temperature moyenne =       237.09
*pression moyenne =     2165.9    
 --------------------------------------


<<<<<<<<  ITERATION =     21  time =   0.2100000E-13


 --------- Temperatures et Pression--------
 ----------valeurs instantanees------------
        21 0.210E-13*Epot =    -15311.1247733      eV 
    *energie paire 2 corps =    -15311.1329171      eV 
    *energie pot coul recip =    0.814381542107E-02  eV 
        21 0.210E-13*Ec =     13.6588202019      eV   (137.593 K)
        21 0.210E-13*Etot =    -15297.4659531      eV 

        21 0.210E-13*Temp instantanee = 137.593

*temp instantanee des atomes de type 1 =       192.14
*temp instantanee des atomes de type 2 =        28.49

 * stress en kbar 
1 sigma potentiel (1,1) (2,1) (3,1) =   2166.647472     -0.4492213853E-01 -0.4215693102E-01
2 sigma potentiel (1,2) (2,2) (3,2) = -0.4492213853E-01   2166.920197      0.1607661735    
3 sigma potentiel (1,3) (2,3) (3,3) = -0.4215693103E-01  0.1607661735       2166.489209    

1 sigma cinetique (1,1) (2,1) (3,1) =   1.362688503     -0.8162935786E-01  0.1217486549    
2 sigma cinetique (1,2) (2,2) (3,2) = -0.8162935786E-01   1.299382002     -0.6084936233E-01
3 sigma cinetique (1,3) (2,3) (3,3) =  0.1217486549     -0.6084936233E-01   1.520931181    

1 sigma total (1,1) (2,1) (3,1) =   2168.010160     -0.1265514964      0.7959172390E-01
2 sigma total (1,2) (2,2) (3,2) = -0.1265514964       2168.219579      0.9991681115E-01
3 sigma total (1,3) (2,3) (3,3) =  0.7959172390E-01  0.9991681115E-01   2168.010141    

        21 0.210E-13*Pression =     2168.1    
 pression totale  potentiel = cinetique =
    2168.1        2166.7        1.3943    
 ----------valeurs moyennes------------
*temperature moyenne =       232.35
*pression moyenne =     2166.0    
 --------------------------------------


<<<<<<<<  ITERATION =     22  time =   0.2200000E-13


 --------- Temperatures et Pression--------
 ----------valeurs instantanees------------
        22 0.220E-13*Epot =    -15310.3989564      eV 
    *energie paire 2 corps =    -15310.4070904      eV 
    *energie pot coul recip =    0.813398825100E-02  eV 
        22 0.220E-13*Ec =     12.9333895730      eV   (130.285 K)
        22 0.220E-13*Etot =    -15297.4655668      eV 

        22 0.220E-13*Temp instantanee = 130.285

*temp instantanee des atomes de type 1 =       185.48
*temp instantanee des atomes de type 2 =        19.89

 * stress en kbar 
1 sigma potentiel (1,1) (2,1) (3,1) =   2166.833273     -0.4857191764E-01 -0.4552727058E-01
2 sigma potentiel (1,2) (2,2) (3,2) = -0.4857191764E-01   2167.136170      0.1700442893    
3 sigma potentiel (1,3) (2,3) (3,3) = -0.4552727058E-01  0.1700442893       2166.691197    

1 sigma cinetique (1,1) (2,1) (3,1) =   1.286372602     -0.7882745006E-01  0.1182249505    
2 sigma cinetique (1,2) (2,2) (3,2) = -0.7882745006E-01   1.230164056     -0.6022359815E-01
3 sigma cinetique (1,3) (2,3) (3,3) =  0.1182249505     -0.6022359815E-01   1.444302536    

1 sigma total (1,1) (2,1) (3,1) =   2168.119646     -0.1273993677      0.7269767996E-01
2 sigma total (1,2) (2,2) (3,2) = -0.1273993677       2168.366334      0.1098206911    
3 sigma total (1,3) (2,3) (3,3) =  0.7269767996E-01  0.1098206911       2168.135500    

        22 0.220E-13*Pression =     2168.2    
 pression totale  potentiel = cinetique =
    2168.2        2166.9        1.3203    
 ----------valeurs moyennes------------
*temperature moyenne =       227.71
*pression moyenne =     2166.1    
 --------------------------------------


<<<<<<<<  ITERATION =     23  time =   0.2300000E-13


 --------- Temperatures et Pression--------
 ----------valeurs instantanees------------
        23 0.230E-13*Epot =    -15309.7633153      eV 
    *energie paire 2 corps =    -15309.7714393      eV 
    *energie pot coul recip =    0.812397372436E-02  eV 
        23 0.230E-13*Ec =     12.2980519998      eV   (123.885 K)
        23 0.230E-13*Etot =    -15297.4652633      eV 

        23 0.230E-13*Temp instantanee = 123.885

*temp instantanee des atomes de type 1 =       178.95
*temp instantanee des atomes de type 2 =        13.75

 * stress en kbar 
1 sigma potentiel (1,1) (2,1) (3,1) =   2167.002857     -0.4919401455E-01 -0.5114994172E-01
2 sigma potentiel (1,2) (2,2) (3,2) = -0.4919401455E-01   2167.313405      0.1797962616    
3 sigma potentiel (1,3) (2,3) (3,3) = -0.5114994172E-01  0.1797962616       2166.850981    

1 sigma cinetique (1,1) (2,1) (3,1) =   1.219379377     -0.7601461835E-01  0.1148364139    
2 sigma cinetique (1,2) (2,2) (3,2) = -0.7601461835E-01   1.169024255     -0.5974693715E-01
3 sigma cinetique (1,3) (2,3) (3,3) =  0.1148364139     -0.5974693715E-01   1.377863988    

1 sigma total (1,1) (2,1) (3,1) =   2168.222236     -0.1252086329      0.6368647221E-01
2 sigma total (1,2) (2,2) (3,2) = -0.1252086329       2168.482429      0.1200493244    
3 sigma total (1,3) (2,3) (3,3) =  0.6368647221E-01  0.1200493244       2168.228845    

        23 0.230E-13*Pression =     2168.3    
 pression totale  potentiel = cinetique =
    2168.3        2167.1        1.2554    
 ----------valeurs moyennes------------
*temperature moyenne =       223.20
*pression moyenne =     2166.2    
 --------------------------------------


<<<<<<<<  ITERATION =     24  time =   0.2400000E-13


 --------- Temperatures et Pression--------
 ----------valeurs instantanees------------
        24 0.240E-13*Epot =    -15309.2233576      eV 
    *energie paire 2 corps =    -15309.2314714      eV 
    *energie pot coul recip =    0.811377147404E-02  eV 
        24 0.240E-13*Ec =     11.7583190648      eV   (118.448 K)
        24 0.240E-13*Etot =    -15297.4650386      eV 

        24 0.240E-13*Temp instantanee = 118.448

*temp instantanee des atomes de type 1 =       172.58
*temp instantanee des atomes de type 2 =        10.18

 * stress en kbar 
1 sigma potentiel (1,1) (2,1) (3,1) =   2167.135619     -0.5170679439E-01 -0.5792480679E-01
2 sigma potentiel (1,2) (2,2) (3,2) = -0.5170679439E-01   2167.436646      0.1877608718    
3 sigma potentiel (1,3) (2,3) (3,3) = -0.5792480679E-01  0.1877608718       2166.983427    

1 sigma cinetique (1,1) (2,1) (3,1) =   1.162305336     -0.7321422606E-01  0.1115939942    
2 sigma cinetique (1,2) (2,2) (3,2) = -0.7321422606E-01   1.116473816     -0.5940898025E-01
3 sigma cinetique (1,3) (2,3) (3,3) =  0.1115939942     -0.5940898025E-01   1.322195730    

1 sigma total (1,1) (2,1) (3,1) =   2168.297925     -0.1249210204      0.5366918744E-01
2 sigma total (1,2) (2,2) (3,2) = -0.1249210204       2168.553119      0.1283518915    
3 sigma total (1,3) (2,3) (3,3) =  0.5366918744E-01  0.1283518915       2168.305622    

        24 0.240E-13*Pression =     2168.4    
 pression totale  potentiel = cinetique =
    2168.4        2167.2        1.2003    
 ----------valeurs moyennes------------
*temperature moyenne =       218.83
*pression moyenne =     2166.3    
 --------------------------------------


<<<<<<<<  ITERATION =     25  time =   0.2500000E-13


 --------- Temperatures et Pression--------
 ----------valeurs instantanees------------
        25 0.250E-13*Epot =    -15308.7830472      eV 
    *energie paire 2 corps =    -15308.7911506      eV 
    *energie pot coul recip =    0.810338184463E-02  eV 
        25 0.250E-13*Ec =     11.3180983450      eV   (114.014 K)
        25 0.250E-13*Etot =    -15297.4649489      eV 

        25 0.250E-13*Temp instantanee = 114.014

*temp instantanee des atomes de type 1 =       166.42
*temp instantanee des atomes de type 2 =         9.21

 * stress en kbar 
1 sigma potentiel (1,1) (2,1) (3,1) =   2167.221771     -0.5495174471E-01 -0.6488380953E-01
2 sigma potentiel (1,2) (2,2) (3,2) = -0.5495174471E-01   2167.541954      0.1965428314    
3 sigma potentiel (1,3) (2,3) (3,3) = -0.6488380953E-01  0.1965428314       2167.076066    

1 sigma cinetique (1,1) (2,1) (3,1) =   1.115583029     -0.7044515241E-01  0.1084917953    
2 sigma cinetique (1,2) (2,2) (3,2) = -0.7044515241E-01   1.072875435     -0.5920278945E-01
3 sigma cinetique (1,3) (2,3) (3,3) =  0.1084917953     -0.5920278945E-01   1.277699210    

1 sigma total (1,1) (2,1) (3,1) =   2168.337354     -0.1253968971      0.4360798574E-01
2 sigma total (1,2) (2,2) (3,2) = -0.1253968971       2168.614829      0.1373400420    
3 sigma total (1,3) (2,3) (3,3) =  0.4360798574E-01  0.1373400420       2168.353766    

        25 0.250E-13*Pression =     2168.4    
 pression totale  potentiel = cinetique =
    2168.4        2167.3        1.1554    
 ----------valeurs moyennes------------
*temperature moyenne =       214.64
*pression moyenne =     2166.4    
 --------------------------------------


<<<<<<<<  ITERATION =     26  time =   0.2600000E-13


 --------- Temperatures et Pression--------
 ----------valeurs instantanees------------
        26 0.260E-13*Epot =    -15308.4446962      eV 
    *energie paire 2 corps =    -15308.4527890      eV 
    *energie pot coul recip =    0.809280692550E-02  eV 
        26 0.260E-13*Ec =     10.9797028258      eV   (110.605 K)
        26 0.260E-13*Etot =    -15297.4649933      eV 

        26 0.260E-13*Temp instantanee = 110.605

*temp instantanee des atomes de type 1 =       160.49
*temp instantanee des atomes de type 2 =        10.84

 * stress en kbar 
1 sigma potentiel (1,1) (2,1) (3,1) =   2167.286930     -0.5923983546E-01 -0.6952328001E-01
2 sigma potentiel (1,2) (2,2) (3,2) = -0.5923983546E-01   2167.606391      0.1988686493    
3 sigma potentiel (1,3) (2,3) (3,3) = -0.6952328001E-01  0.1988686493       2167.152839    

1 sigma cinetique (1,1) (2,1) (3,1) =   1.079485962     -0.6772837461E-01  0.1055181080    
2 sigma cinetique (1,2) (2,2) (3,2) = -0.6772837461E-01   1.038444966     -0.5911732241E-01
3 sigma cinetique (1,3) (2,3) (3,3) =  0.1055181080     -0.5911732241E-01   1.244593416    

1 sigma total (1,1) (2,1) (3,1) =   2168.366416     -0.1269682101      0.3599482796E-01
2 sigma total (1,2) (2,2) (3,2) = -0.1269682101       2168.644836      0.1397513269    
3 sigma total (1,3) (2,3) (3,3) =  0.3599482796E-01  0.1397513269       2168.397433    

        26 0.260E-13*Pression =     2168.5    
 pression totale  potentiel = cinetique =
    2168.5        2167.3        1.1208    
 ----------valeurs moyennes------------
*temperature moyenne =       210.64
*pression moyenne =     2166.4    
 --------------------------------------


<<<<<<<<  ITERATION =     27  time =   0.2700000E-13


 --------- Temperatures et Pression--------
 ----------valeurs instantanees------------
        27 0.270E-13*Epot =    -15308.2088884      eV 
    *energie paire 2 corps =    -15308.2169705      eV 
    *energie pot coul recip =    0.808204877911E-02  eV 
        27 0.270E-13*Ec =     10.7438224622      eV   (108.229 K)
        27 0.270E-13*Etot =    -15297.4650660      eV 

        27 0.270E-13*Temp instantanee = 108.229

*temp instantanee des atomes de type 1 =       154.83
*temp instantanee des atomes de type 2 =        15.03

 * stress en kbar 
1 sigma potentiel (1,1) (2,1) (3,1) =   2167.281875     -0.5970277965E-01 -0.8132124362E-01
2 sigma potentiel (1,2) (2,2) (3,2) = -0.5970277965E-01   2167.632496      0.2080704114    
3 sigma potentiel (1,3) (2,3) (3,3) = -0.8132124362E-01  0.2080704114       2167.164957    

1 sigma cinetique (1,1) (2,1) (3,1) =   1.054121571     -0.6509766639E-01  0.1026558893    
2 sigma cinetique (1,2) (2,2) (3,2) = -0.6509766639E-01   1.013250680     -0.5913554372E-01
3 sigma cinetique (1,3) (2,3) (3,3) =  0.1026558893     -0.5913554372E-01   1.222913939    

1 sigma total (1,1) (2,1) (3,1) =   2168.335996     -0.1248004460      0.2133464572E-01
2 sigma total (1,2) (2,2) (3,2) = -0.1248004460       2168.645747      0.1489348677    
3 sigma total (1,3) (2,3) (3,3) =  0.2133464572E-01  0.1489348677       2168.387871    

        27 0.270E-13*Pression =     2168.5    
 pression totale  potentiel = cinetique =
    2168.5        2167.4        1.0968    
 ----------valeurs moyennes------------
*temperature moyenne =       206.85
*pression moyenne =     2166.5    
 --------------------------------------


<<<<<<<<  ITERATION =     28  time =   0.2800000E-13


 --------- Temperatures et Pression--------
 ----------valeurs instantanees------------
        28 0.280E-13*Epot =    -15308.0747546      eV 
    *energie paire 2 corps =    -15308.0828257      eV 
    *energie pot coul recip =    0.807110909403E-02  eV 
        28 0.280E-13*Ec =     10.6094965872      eV   (106.875 K)
        28 0.280E-13*Etot =    -15297.4652580      eV 

        28 0.280E-13*Temp instantanee = 106.875

*temp instantanee des atomes de type 1 =       149.47
*temp instantanee des atomes de type 2 =        21.68

 * stress en kbar 
1 sigma potentiel (1,1) (2,1) (3,1) =   2167.256044     -0.6098563073E-01 -0.8994612192E-01
2 sigma potentiel (1,2) (2,2) (3,2) = -0.6098563073E-01   2167.602147      0.2110399498    
3 sigma potentiel (1,3) (2,3) (3,3) = -0.8994612192E-01  0.2110399498       2167.161524    

1 sigma cinetique (1,1) (2,1) (3,1) =   1.039426065     -0.6256954221E-01  0.9988714065E-01
2 sigma cinetique (1,2) (2,2) (3,2) = -0.6256954221E-01  0.9972113323     -0.5924120597E-01
3 sigma cinetique (1,3) (2,3) (3,3) =  0.9988714065E-01 -0.5924120597E-01   1.212511611    

1 sigma total (1,1) (2,1) (3,1) =   2168.295470     -0.1235551729      0.9941018734E-02
2 sigma total (1,2) (2,2) (3,2) = -0.1235551729       2168.599359      0.1517987438    
3 sigma total (1,3) (2,3) (3,3) =  0.9941018734E-02  0.1517987438       2168.374036    

        28 0.280E-13*Pression =     2168.4    
 pression totale  potentiel = cinetique =
    2168.4        2167.3        1.0830    
 ----------valeurs moyennes------------
*temperature moyenne =       203.28
*pression moyenne =     2166.6    
 --------------------------------------


<<<<<<<<  ITERATION =     29  time =   0.2900000E-13


 --------- Temperatures et Pression--------
 ----------valeurs instantanees------------
        29 0.290E-13*Epot =    -15308.0397503      eV 
    *energie paire 2 corps =    -15308.0478103      eV 
    *energie pot coul recip =    0.805999061886E-02  eV 
        29 0.290E-13*Ec =     10.5742214215      eV   (106.520 K)
        29 0.290E-13*Etot =    -15297.4655289      eV 

        29 0.290E-13*Temp instantanee = 106.520

*temp instantanee des atomes de type 1 =       144.44
*temp instantanee des atomes de type 2 =        30.68

 * stress en kbar 
1 sigma potentiel (1,1) (2,1) (3,1) =   2167.189826     -0.6101036688E-01 -0.9596316232E-01
2 sigma potentiel (1,2) (2,2) (3,2) = -0.6101036688E-01   2167.542079      0.2175587654    
3 sigma potentiel (1,3) (2,3) (3,3) = -0.9596316232E-01  0.2175587654       2167.105923    

1 sigma cinetique (1,1) (2,1) (3,1) =   1.035179548     -0.6016630019E-01  0.9718639415E-01
2 sigma cinetique (1,2) (2,2) (3,2) = -0.6016630019E-01  0.9901090995     -0.5941578961E-01
3 sigma cinetique (1,3) (2,3) (3,3) =  0.9718639415E-01 -0.5941578961E-01   1.213057372    

1 sigma total (1,1) (2,1) (3,1) =   2168.225006     -0.1211766671      0.1223231833E-02
2 sigma total (1,2) (2,2) (3,2) = -0.1211766671       2168.532188      0.1581429758    
3 sigma total (1,3) (2,3) (3,3) =  0.1223231833E-02  0.1581429758       2168.318980    

        29 0.290E-13*Pression =     2168.4    
 pression totale  potentiel = cinetique =
    2168.4        2167.3        1.0794    
 ----------valeurs moyennes------------
*temperature moyenne =       199.94
*pression moyenne =     2166.6    
 --------------------------------------


<<<<<<<<  ITERATION =     30  time =   0.3000000E-13


 --------- Temperatures et Pression--------
 ----------valeurs instantanees------------
        30 0.300E-13*Epot =    -15308.0999671      eV 
    *energie paire 2 corps =    -15308.1080158      eV 
    *energie pot coul recip =    0.804869763037E-02  eV 
        30 0.300E-13*Ec =     10.6340504610      eV   (107.123 K)
        30 0.300E-13*Etot =    -15297.4659166      eV 

        30 0.300E-13*Temp instantanee = 107.123

*temp instantanee des atomes de type 1 =       139.77
*temp instantanee des atomes de type 2 =        41.84

 * stress en kbar 
1 sigma potentiel (1,1) (2,1) (3,1) =   2167.105557     -0.6417598053E-01 -0.1072044146    
2 sigma potentiel (1,2) (2,2) (3,2) = -0.6417598053E-01   2167.445944      0.2177485592    
3 sigma potentiel (1,3) (2,3) (3,3) = -0.1072044146      0.2177485592       2167.028037    

1 sigma cinetique (1,1) (2,1) (3,1) =   1.041008673     -0.5791281545E-01  0.9451441648E-01
2 sigma cinetique (1,2) (2,2) (3,2) = -0.5791281545E-01  0.9915952802     -0.5962986344E-01
3 sigma cinetique (1,3) (2,3) (3,3) =  0.9451441648E-01 -0.5962986344E-01   1.224064657    

1 sigma total (1,1) (2,1) (3,1) =   2168.146566     -0.1220887960     -0.1268999810E-01
2 sigma total (1,2) (2,2) (3,2) = -0.1220887960       2168.437540      0.1581186958    
3 sigma total (1,3) (2,3) (3,3) = -0.1268999810E-01  0.1581186958       2168.252101    

        30 0.300E-13*Pression =     2168.3    
 pression totale  potentiel = cinetique =
    2168.3        2167.2        1.0856    
 ----------valeurs moyennes------------
*temperature moyenne =       196.85
*pression moyenne =     2166.7    
 --------------------------------------


<<<<<<<<  ITERATION =     31  time =   0.3100000E-13


 --------- Temperatures et Pression--------
 ----------valeurs instantanees------------
        31 0.310E-13*Epot =    -15308.2500040      eV 
    *energie paire 2 corps =    -15308.2580413      eV 
    *energie pot coul recip =    0.803723415575E-02  eV 
        31 0.310E-13*Ec =     10.7836579189      eV   (108.630 K)
        31 0.310E-13*Etot =    -15297.4663461      eV 

        31 0.310E-13*Temp instantanee = 108.630

*temp instantanee des atomes de type 1 =       135.47
*temp instantanee des atomes de type 2 =        54.96

 * stress en kbar 
1 sigma potentiel (1,1) (2,1) (3,1) =   2166.979829     -0.6720322817E-01 -0.1120513934    
2 sigma potentiel (1,2) (2,2) (3,2) = -0.6720322817E-01   2167.313816      0.2214677900    
3 sigma potentiel (1,3) (2,3) (3,3) = -0.1120513934      0.2214677900       2166.922288    

1 sigma cinetique (1,1) (2,1) (3,1) =   1.056397775     -0.5582563503E-01  0.9183572115E-01
2 sigma cinetique (1,2) (2,2) (3,2) = -0.5582563503E-01   1.001198158     -0.5986062729E-01
3 sigma cinetique (1,3) (2,3) (3,3) =  0.9183572115E-01 -0.5986062729E-01   1.244889830    

1 sigma total (1,1) (2,1) (3,1) =   2168.036226     -0.1230288632     -0.2021567222E-01
2 sigma total (1,2) (2,2) (3,2) = -0.1230288632       2168.315014      0.1616071627    
3 sigma total (1,3) (2,3) (3,3) = -0.2021567222E-01  0.1616071627       2168.167177    

        31 0.310E-13*Pression =     2168.2    
 pression totale  potentiel = cinetique =
    2168.2        2167.1        1.1008    
 ----------valeurs moyennes------------
*temperature moyenne =       194.00
*pression moyenne =     2166.7    
 --------------------------------------


<<<<<<<<  ITERATION =     32  time =   0.3200000E-13


 --------- Temperatures et Pression--------
 ----------valeurs instantanees------------
        32 0.320E-13*Epot =    -15308.4832795      eV 
    *energie paire 2 corps =    -15308.4913051      eV 
    *energie pot coul recip =    0.802560577420E-02  eV 
        32 0.320E-13*Ec =     11.0164630086      eV   (110.975 K)
        32 0.320E-13*Etot =    -15297.4668165      eV 

        32 0.320E-13*Temp instantanee = 110.975

*temp instantanee des atomes de type 1 =       131.56
*temp instantanee des atomes de type 2 =        69.81

 * stress en kbar 
1 sigma potentiel (1,1) (2,1) (3,1) =   2166.816868     -0.6072970895E-01 -0.1190600284    
2 sigma potentiel (1,2) (2,2) (3,2) = -0.6072970895E-01   2167.158000      0.2224189501    
3 sigma potentiel (1,3) (2,3) (3,3) = -0.1190600284      0.2224189501       2166.778264    

1 sigma cinetique (1,1) (2,1) (3,1) =   1.080707546     -0.5392394213E-01  0.8912255395E-01
2 sigma cinetique (1,2) (2,2) (3,2) = -0.5392394213E-01   1.018323881     -0.6008871185E-01
3 sigma cinetique (1,3) (2,3) (3,3) =  0.8912255395E-01 -0.6008871185E-01   1.274750690    

1 sigma total (1,1) (2,1) (3,1) =   2167.897575     -0.1146536511     -0.2993747441E-01
2 sigma total (1,2) (2,2) (3,2) = -0.1146536511       2168.176324      0.1623302383    
3 sigma total (1,3) (2,3) (3,3) = -0.2993747441E-01  0.1623302383       2168.053015    

        32 0.320E-13*Pression =     2168.0    
 pression totale  potentiel = cinetique =
    2168.0        2166.9        1.1246    
 ----------valeurs moyennes------------
*temperature moyenne =       191.40
*pression moyenne =     2166.8    
 --------------------------------------


<<<<<<<<  ITERATION =     33  time =   0.3300000E-13


 --------- Temperatures et Pression--------
 ----------valeurs instantanees------------
        33 0.330E-13*Epot =    -15308.7921736      eV 
    *energie paire 2 corps =    -15308.8001874      eV 
    *energie pot coul recip =    0.801381864280E-02  eV 
        33 0.330E-13*Ec =     11.3248157515      eV   (114.081 K)
        33 0.330E-13*Etot =    -15297.4673579      eV 

        33 0.330E-13*Temp instantanee = 114.081

*temp instantanee des atomes de type 1 =       128.06
*temp instantanee des atomes de type 2 =        86.12

 * stress en kbar 
1 sigma potentiel (1,1) (2,1) (3,1) =   2166.634026     -0.6254527560E-01 -0.1279960015    
2 sigma potentiel (1,2) (2,2) (3,2) = -0.6254527560E-01   2166.973406      0.2234445648    
3 sigma potentiel (1,3) (2,3) (3,3) = -0.1279960015      0.2234445648       2166.633555    

1 sigma cinetique (1,1) (2,1) (3,1) =   1.113170370     -0.5222281133E-01  0.8633523245E-01
2 sigma cinetique (1,2) (2,2) (3,2) = -0.5222281133E-01   1.042294267     -0.6028577492E-01
3 sigma cinetique (1,3) (2,3) (3,3) =  0.8633523245E-01 -0.6028577492E-01   1.312750237    

1 sigma total (1,1) (2,1) (3,1) =   2167.747197     -0.1147680869     -0.4166076903E-01
2 sigma total (1,2) (2,2) (3,2) = -0.1147680869       2168.015700      0.1631587899    
3 sigma total (1,3) (2,3) (3,3) = -0.4166076903E-01  0.1631587899       2167.946305    

        33 0.330E-13*Pression =     2167.9    
 pression totale  potentiel = cinetique =
    2167.9        2166.7        1.1561    
 ----------valeurs moyennes------------
*temperature moyenne =       189.06
*pression moyenne =     2166.8    
 --------------------------------------


<<<<<<<<  ITERATION =     34  time =   0.3400000E-13


 --------- Temperatures et Pression--------
 ----------valeurs instantanees------------
        34 0.340E-13*Epot =    -15309.1680463      eV 
    *energie paire 2 corps =    -15309.1760482      eV 
    *energie pot coul recip =    0.800187948831E-02  eV 
        34 0.340E-13*Ec =     11.7001408469      eV   (117.862 K)
        34 0.340E-13*Etot =    -15297.4679055      eV 

        34 0.340E-13*Temp instantanee = 117.862

*temp instantanee des atomes de type 1 =       124.99
*temp instantanee des atomes de type 2 =       103.61

 * stress en kbar 
1 sigma potentiel (1,1) (2,1) (3,1) =   2166.430121     -0.5973674584E-01 -0.1358580779    
2 sigma potentiel (1,2) (2,2) (3,2) = -0.5973674584E-01   2166.771719      0.2200782286    
3 sigma potentiel (1,3) (2,3) (3,3) = -0.1358580779      0.2200782286       2166.431328    

1 sigma cinetique (1,1) (2,1) (3,1) =   1.152928713     -0.5072838772E-01  0.8343236014E-01
2 sigma cinetique (1,2) (2,2) (3,2) = -0.5072838772E-01   1.072353983     -0.6042064420E-01
3 sigma cinetique (1,3) (2,3) (3,3) =  0.8343236014E-01 -0.6042064420E-01   1.357875159    

1 sigma total (1,1) (2,1) (3,1) =   2167.583049     -0.1104651336     -0.5242571776E-01
2 sigma total (1,2) (2,2) (3,2) = -0.1104651336       2167.844073      0.1596575844    
3 sigma total (1,3) (2,3) (3,3) = -0.5242571776E-01  0.1596575844       2167.789203    

        34 0.340E-13*Pression =     2167.7    
 pression totale  potentiel = cinetique =
    2167.7        2166.5        1.1944    
 ----------valeurs moyennes------------
*temperature moyenne =       186.97
*pression moyenne =     2166.8    
 --------------------------------------


<<<<<<<<  ITERATION =     35  time =   0.3500000E-13


 --------- Temperatures et Pression--------
 ----------valeurs instantanees------------
        35 0.350E-13*Epot =    -15309.6016424      eV 
    *energie paire 2 corps =    -15309.6096322      eV 
    *energie pot coul recip =    0.798979406356E-02  eV 
        35 0.350E-13*Ec =     12.1331379976      eV   (122.224 K)
        35 0.350E-13*Etot =    -15297.4685044      eV 

        35 0.350E-13*Temp instantanee = 122.224

*temp instantanee des atomes de type 1 =       122.34
*temp instantanee des atomes de type 2 =       121.99

 * stress en kbar 
1 sigma potentiel (1,1) (2,1) (3,1) =   2166.220145     -0.6064927769E-01 -0.1391745496    
2 sigma potentiel (1,2) (2,2) (3,2) = -0.6064927769E-01   2166.537086      0.2193810240    
3 sigma potentiel (1,3) (2,3) (3,3) = -0.1391745496      0.2193810240       2166.240600    

1 sigma cinetique (1,1) (2,1) (3,1) =   1.199057337     -0.4946060063E-01  0.8038068119E-01
2 sigma cinetique (1,2) (2,2) (3,2) = -0.4946060063E-01   1.107668686     -0.6046266652E-01
3 sigma cinetique (1,3) (2,3) (3,3) =  0.8038068119E-01 -0.6046266652E-01   1.409036828    

1 sigma total (1,1) (2,1) (3,1) =   2167.419203     -0.1101098783     -0.5879386838E-01
2 sigma total (1,2) (2,2) (3,2) = -0.1101098783       2167.644754      0.1589183574    
3 sigma total (1,3) (2,3) (3,3) = -0.5879386838E-01  0.1589183574       2167.649637    

        35 0.350E-13*Pression =     2167.6    
 pression totale  potentiel = cinetique =
    2167.6        2166.3        1.2386    
 ----------valeurs moyennes------------
*temperature moyenne =       185.12
*pression moyenne =     2166.9    
 --------------------------------------


<<<<<<<<  ITERATION =     36  time =   0.3600000E-13


 --------- Temperatures et Pression--------
 ----------valeurs instantanees------------
        36 0.360E-13*Epot =    -15310.0829977      eV 
    *energie paire 2 corps =    -15310.0909753      eV 
    *energie pot coul recip =    0.797757072720E-02  eV 
        36 0.360E-13*Ec =     12.6139492459      eV   (127.067 K)
        36 0.360E-13*Etot =    -15297.4690485      eV 

        36 0.360E-13*Temp instantanee = 127.067

*temp instantanee des atomes de type 1 =       120.13
*temp instantanee des atomes de type 2 =       140.93

 * stress en kbar 
1 sigma potentiel (1,1) (2,1) (3,1) =   2165.964667     -0.5781811915E-01 -0.1488081361    
2 sigma potentiel (1,2) (2,2) (3,2) = -0.5781811915E-01   2166.283348      0.2120886516    
3 sigma potentiel (1,3) (2,3) (3,3) = -0.1488081361      0.2120886516       2166.025586    

1 sigma cinetique (1,1) (2,1) (3,1) =   1.250544797     -0.4843634062E-01  0.7714571373E-01
2 sigma cinetique (1,2) (2,2) (3,2) = -0.4843634062E-01   1.147367382     -0.6038985649E-01
3 sigma cinetique (1,3) (2,3) (3,3) =  0.7714571373E-01 -0.6038985649E-01   1.465098695    

1 sigma total (1,1) (2,1) (3,1) =   2167.215212     -0.1062544598     -0.7166242236E-01
2 sigma total (1,2) (2,2) (3,2) = -0.1062544598       2167.430715      0.1516987951    
3 sigma total (1,3) (2,3) (3,3) = -0.7166242236E-01  0.1516987951       2167.490685    

        36 0.360E-13*Pression =     2167.4    
 pression totale  potentiel = cinetique =
    2167.4        2166.1        1.2877    
 ----------valeurs moyennes------------
*temperature moyenne =       183.51
*pression moyenne =     2166.9    
 --------------------------------------


<<<<<<<<  ITERATION =     37  time =   0.3700000E-13


 --------- Temperatures et Pression--------
 ----------valeurs instantanees------------
        37 0.370E-13*Epot =    -15310.6019431      eV 
    *energie paire 2 corps =    -15310.6099083      eV 
    *energie pot coul recip =    0.796521727149E-02  eV 
        37 0.370E-13*Ec =     13.1323040912      eV   (132.289 K)
        37 0.370E-13*Etot =    -15297.4696390      eV 

        37 0.370E-13*Temp instantanee = 132.289

*temp instantanee des atomes de type 1 =       118.37
*temp instantanee des atomes de type 2 =       160.14

 * stress en kbar 
1 sigma potentiel (1,1) (2,1) (3,1) =   2165.724510     -0.5369666289E-01 -0.1491051709    
2 sigma potentiel (1,2) (2,2) (3,2) = -0.5369666289E-01   2166.026114      0.2103376850    
3 sigma potentiel (1,3) (2,3) (3,3) = -0.1491051709      0.2103376850       2165.803354    

1 sigma cinetique (1,1) (2,1) (3,1) =   1.306343688     -0.4765633468E-01  0.7370143634E-01
2 sigma cinetique (1,2) (2,2) (3,2) = -0.4765633468E-01   1.190544138     -0.6018086394E-01
3 sigma cinetique (1,3) (2,3) (3,3) =  0.7370143634E-01 -0.6018086394E-01   1.524868764    

1 sigma total (1,1) (2,1) (3,1) =   2167.030853     -0.1013529976     -0.7540373453E-01
2 sigma total (1,2) (2,2) (3,2) = -0.1013529976       2167.216658      0.1501568210    
3 sigma total (1,3) (2,3) (3,3) = -0.7540373453E-01  0.1501568210       2167.328223    

        37 0.370E-13*Pression =     2167.2    
 pression totale  potentiel = cinetique =
    2167.2        2165.9        1.3406    
 ----------valeurs moyennes------------
*temperature moyenne =       182.12
*pression moyenne =     2166.9    
 --------------------------------------


<<<<<<<<  ITERATION =     38  time =   0.3800000E-13


 --------- Temperatures et Pression--------
 ----------valeurs instantanees------------
        38 0.380E-13*Epot =    -15311.1480049      eV 
    *energie paire 2 corps =    -15311.1559577      eV 
    *energie pot coul recip =    0.795274257357E-02  eV 
        38 0.380E-13*Ec =     13.6777721286      eV   (137.784 K)
        38 0.380E-13*Etot =    -15297.4702328      eV 

        38 0.380E-13*Temp instantanee = 137.784

*temp instantanee des atomes de type 1 =       117.04
*temp instantanee des atomes de type 2 =       179.28

 * stress en kbar 
1 sigma potentiel (1,1) (2,1) (3,1) =   2165.483459     -0.4902811391E-01 -0.1504727865    
2 sigma potentiel (1,2) (2,2) (3,2) = -0.4902811391E-01   2165.771117      0.2059673450    
3 sigma potentiel (1,3) (2,3) (3,3) = -0.1504727865      0.2059673450       2165.569253    

1 sigma cinetique (1,1) (2,1) (3,1) =   1.365386079     -0.4712591285E-01  0.7002618322E-01
2 sigma cinetique (1,2) (2,2) (3,2) = -0.4712591285E-01   1.236275880     -0.5981420892E-01
3 sigma cinetique (1,3) (2,3) (3,3) =  0.7002618322E-01 -0.5981420892E-01   1.587143737    

1 sigma total (1,1) (2,1) (3,1) =   2166.848845     -0.9615402677E-01 -0.8044660328E-01
2 sigma total (1,2) (2,2) (3,2) = -0.9615402677E-01   2167.007393      0.1461531361    
3 sigma total (1,3) (2,3) (3,3) = -0.8044660328E-01  0.1461531361       2167.156396    

        38 0.380E-13*Pression =     2167.0    
 pression totale  potentiel = cinetique =
    2167.0        2165.6        1.3963    
 ----------valeurs moyennes------------
*temperature moyenne =       180.95
*pression moyenne =     2166.9    
 --------------------------------------


<<<<<<<<  ITERATION =     39  time =   0.3900000E-13


 --------- Temperatures et Pression--------
 ----------valeurs instantanees------------
        39 0.390E-13*Epot =    -15311.7107340      eV 
    *energie paire 2 corps =    -15311.7186741      eV 
    *energie pot coul recip =    0.794015667313E-02  eV 
        39 0.390E-13*Ec =     14.2399248329      eV   (143.447 K)
        39 0.390E-13*Etot =    -15297.4708091      eV 

        39 0.390E-13*Temp instantanee = 143.447

*temp instantanee des atomes de type 1 =       116.14
*temp instantanee des atomes de type 2 =       198.06

 * stress en kbar 
1 sigma potentiel (1,1) (2,1) (3,1) =   2165.222216     -0.4845023770E-01 -0.1561435185    
2 sigma potentiel (1,2) (2,2) (3,2) = -0.4845023770E-01   2165.503508      0.1998434889    
3 sigma potentiel (1,3) (2,3) (3,3) = -0.1561435185      0.1998434889       2165.338745    

1 sigma cinetique (1,1) (2,1) (3,1) =   1.426593212     -0.4684805466E-01  0.6610369339E-01
2 sigma cinetique (1,2) (2,2) (3,2) = -0.4684805466E-01   1.283644677     -0.5926803754E-01
3 sigma cinetique (1,3) (2,3) (3,3) =  0.6610369339E-01 -0.5926803754E-01   1.650726580    

1 sigma total (1,1) (2,1) (3,1) =   2166.648809     -0.9529829236E-01 -0.9003982512E-01
2 sigma total (1,2) (2,2) (3,2) = -0.9529829236E-01   2166.787152      0.1405754514    
3 sigma total (1,3) (2,3) (3,3) = -0.9003982512E-01  0.1405754514       2166.989472    

        39 0.390E-13*Pression =     2166.8    
 pression totale  potentiel = cinetique =
    2166.8        2165.4        1.4537    
 ----------valeurs moyennes------------
*temperature moyenne =       179.99
*pression moyenne =     2166.9    
 --------------------------------------


<<<<<<<<  ITERATION =     40  time =   0.4000000E-13


 --------- Temperatures et Pression--------
 ----------valeurs instantanees------------
        40 0.400E-13*Epot =    -15312.2799163      eV 
    *energie paire 2 corps =    -15312.2878437      eV 
    *energie pot coul recip =    0.792747027597E-02  eV 
        40 0.400E-13*Ec =     14.8084995796      eV   (149.174 K)
        40 0.400E-13*Etot =    -15297.4714167      eV 

        40 0.400E-13*Temp instantanee = 149.174

*temp instantanee des atomes de type 1 =       115.68
*temp instantanee des atomes de type 2 =       216.17

 * stress en kbar 
1 sigma potentiel (1,1) (2,1) (3,1) =   2164.983952     -0.3757629293E-01 -0.1576657177    
2 sigma potentiel (1,2) (2,2) (3,2) = -0.3757629293E-01   2165.245555      0.1888903027    
3 sigma potentiel (1,3) (2,3) (3,3) = -0.1576657177      0.1888903027       2165.125205    

1 sigma cinetique (1,1) (2,1) (3,1) =   1.488901512     -0.4682340570E-01  0.6191639565E-01
2 sigma cinetique (1,2) (2,2) (3,2) = -0.4682340570E-01   1.331750868     -0.5852225211E-01
3 sigma cinetique (1,3) (2,3) (3,3) =  0.6191639565E-01 -0.5852225211E-01   1.714437606    

1 sigma total (1,1) (2,1) (3,1) =   2166.472854     -0.8439969863E-01 -0.9574932202E-01
2 sigma total (1,2) (2,2) (3,2) = -0.8439969863E-01   2166.577306      0.1303680506    
3 sigma total (1,3) (2,3) (3,3) = -0.9574932202E-01  0.1303680506       2166.839643    

        40 0.400E-13*Pression =     2166.6    
 pression totale  potentiel = cinetique =
    2166.6        2165.1        1.5117    
 ----------valeurs moyennes------------
*temperature moyenne =       179.22
*pression moyenne =     2166.9    
 --------------------------------------


<<<<<<<<  ITERATION =     41  time =   0.4100000E-13


 --------- Temperatures et Pression--------
 ----------valeurs instantanees------------
        41 0.410E-13*Epot =    -15312.8455779      eV 
    *energie paire 2 corps =    -15312.8534925      eV 
    *energie pot coul recip =    0.791469375882E-02  eV 
        41 0.410E-13*Ec =     15.3736294616      eV   (154.867 K)
        41 0.410E-13*Etot =    -15297.4719484      eV 

        41 0.410E-13*Temp instantanee = 154.867

*temp instantanee des atomes de type 1 =       115.63
*temp instantanee des atomes de type 2 =       233.33

 * stress en kbar 
1 sigma potentiel (1,1) (2,1) (3,1) =   2164.736462     -0.3317664450E-01 -0.1596610149    
2 sigma potentiel (1,2) (2,2) (3,2) = -0.3317664450E-01   2164.985366      0.1820414296    
3 sigma potentiel (1,3) (2,3) (3,3) = -0.1596610149      0.1820414296       2164.901296    

1 sigma cinetique (1,1) (2,1) (3,1) =   1.551272791     -0.4705045699E-01  0.5745905380E-01
2 sigma cinetique (1,2) (2,2) (3,2) = -0.4705045699E-01   1.379733366     -0.5756065116E-01
3 sigma cinetique (1,3) (2,3) (3,3) =  0.5745905380E-01 -0.5756065116E-01   1.777154358    

1 sigma total (1,1) (2,1) (3,1) =   2166.287735     -0.8022710149E-01 -0.1022019611    
2 sigma total (1,2) (2,2) (3,2) = -0.8022710149E-01   2166.365099      0.1244807784    
3 sigma total (1,3) (2,3) (3,3) = -0.1022019611      0.1244807784       2166.678450    

        41 0.410E-13*Pression =     2166.4    
 pression totale  potentiel = cinetique =
    2166.4        2164.9        1.5694    
 ----------valeurs moyennes------------
*temperature moyenne =       178.63
*pression moyenne =     2166.9    
 --------------------------------------


<<<<<<<<  ITERATION =     42  time =   0.4200000E-13


 --------- Temperatures et Pression--------
 ----------valeurs instantanees------------
        42 0.420E-13*Epot =    -15313.3983576      eV 
    *energie paire 2 corps =    -15313.4062595      eV 
    *energie pot coul recip =    0.790183757019E-02  eV 
        42 0.420E-13*Ec =     15.9258838354      eV   (160.430 K)
        42 0.420E-13*Etot =    -15297.4724738      eV 

        42 0.420E-13*Temp instantanee = 160.430

*temp instantanee des atomes de type 1 =       116.00
*temp instantanee des atomes de type 2 =       249.29

 * stress en kbar 
1 sigma potentiel (1,1) (2,1) (3,1) =   2164.507130     -0.2287394844E-01 -0.1568250745    
2 sigma potentiel (1,2) (2,2) (3,2) = -0.2287394844E-01   2164.749413      0.1752855555    
3 sigma potentiel (1,3) (2,3) (3,3) = -0.1568250745      0.1752855555       2164.688105    

1 sigma cinetique (1,1) (2,1) (3,1) =   1.612714808     -0.4751678555E-01  0.5274037931E-01
2 sigma cinetique (1,2) (2,2) (3,2) = -0.4751678555E-01   1.426773129     -0.5637389318E-01
3 sigma cinetique (1,3) (2,3) (3,3) =  0.5274037931E-01 -0.5637389318E-01   1.837799995    

1 sigma total (1,1) (2,1) (3,1) =   2166.119845     -0.7039073399E-01 -0.1040846952    
2 sigma total (1,2) (2,2) (3,2) = -0.7039073399E-01   2166.176186      0.1189116624    
3 sigma total (1,3) (2,3) (3,3) = -0.1040846952      0.1189116624       2166.525905    

        42 0.420E-13*Pression =     2166.3    
 pression totale  potentiel = cinetique =
    2166.3        2164.6        1.6258    
 ----------valeurs moyennes------------
*temperature moyenne =       178.19
*pression moyenne =     2166.9    
 --------------------------------------


<<<<<<<<  ITERATION =     43  time =   0.4300000E-13


 --------- Temperatures et Pression--------
 ----------valeurs instantanees------------
        43 0.430E-13*Epot =    -15313.9294154      eV 
    *energie paire 2 corps =    -15313.9373043      eV 
    *energie pot coul recip =    0.788891374958E-02  eV 
        43 0.430E-13*Ec =     16.4564582864      eV   (165.775 K)
        43 0.430E-13*Etot =    -15297.4729571      eV 

        43 0.430E-13*Temp instantanee = 165.775

*temp instantanee des atomes de type 1 =       116.77
*temp instantanee des atomes de type 2 =       263.79

 * stress en kbar 
1 sigma potentiel (1,1) (2,1) (3,1) =   2164.289402     -0.1890020275E-01 -0.1564571665    
2 sigma potentiel (1,2) (2,2) (3,2) = -0.1890020275E-01   2164.522015      0.1615238816    
3 sigma potentiel (1,3) (2,3) (3,3) = -0.1564571665      0.1615238816       2164.490698    

1 sigma cinetique (1,1) (2,1) (3,1) =   1.672286535     -0.4820846386E-01  0.4776953793E-01
2 sigma cinetique (1,2) (2,2) (3,2) = -0.4820846386E-01   1.472105658     -0.5495932120E-01
3 sigma cinetique (1,3) (2,3) (3,3) =  0.4776953793E-01 -0.5495932120E-01   1.895383698    

1 sigma total (1,1) (2,1) (3,1) =   2165.961689     -0.6710866661E-01 -0.1086876286    
2 sigma total (1,2) (2,2) (3,2) = -0.6710866661E-01   2165.994121      0.1065645604    
3 sigma total (1,3) (2,3) (3,3) = -0.1086876286      0.1065645604       2166.386082    

        43 0.430E-13*Pression =     2166.1    
 pression totale  potentiel = cinetique =
    2166.1        2164.4        1.6799    
 ----------valeurs moyennes------------
*temperature moyenne =       177.91
*pression moyenne =     2166.8    
 --------------------------------------


<<<<<<<<  ITERATION =     44  time =   0.4400000E-13


 --------- Temperatures et Pression--------
 ----------valeurs instantanees------------
        44 0.440E-13*Epot =    -15314.4307601      eV 
    *energie paire 2 corps =    -15314.4386361      eV 
    *energie pot coul recip =    0.787593357287E-02  eV 
        44 0.440E-13*Ec =     16.9573597182      eV   (170.821 K)
        44 0.440E-13*Etot =    -15297.4734004      eV 

        44 0.440E-13*Temp instantanee = 170.821

*temp instantanee des atomes de type 1 =       117.91
*temp instantanee des atomes de type 2 =       276.64

 * stress en kbar 
1 sigma potentiel (1,1) (2,1) (3,1) =   2164.102630     -0.1279980115E-01 -0.1521768433    
2 sigma potentiel (1,2) (2,2) (3,2) = -0.1279980115E-01   2164.325693      0.1491085401    
3 sigma potentiel (1,3) (2,3) (3,3) = -0.1521768433      0.1491085401       2164.309761    

1 sigma cinetique (1,1) (2,1) (3,1) =   1.729129681     -0.4911985100E-01  0.4256137883E-01
2 sigma cinetique (1,2) (2,2) (3,2) = -0.4911985100E-01   1.515041860     -0.5331914727E-01
3 sigma cinetique (1,3) (2,3) (3,3) =  0.4256137883E-01 -0.5331914727E-01   1.949004974    

1 sigma total (1,1) (2,1) (3,1) =   2165.831759     -0.6191965215E-01 -0.1096154645    
2 sigma total (1,2) (2,2) (3,2) = -0.6191965215E-01   2165.840735      0.9578939280E-01
3 sigma total (1,3) (2,3) (3,3) = -0.1096154645      0.9578939280E-01   2166.258766    

        44 0.440E-13*Pression =     2166.0    
 pression totale  potentiel = cinetique =
    2166.0        2164.2        1.7311    
 ----------valeurs moyennes------------
*temperature moyenne =       177.75
*pression moyenne =     2166.8    
 --------------------------------------


<<<<<<<<  ITERATION =     45  time =   0.4500000E-13


 --------- Temperatures et Pression--------
 ----------valeurs instantanees------------
        45 0.450E-13*Epot =    -15314.8951855      eV 
    *energie paire 2 corps =    -15314.9030484      eV 
    *energie pot coul recip =    0.786290881119E-02  eV 
        45 0.450E-13*Ec =     17.4214509133      eV   (175.496 K)
        45 0.450E-13*Etot =    -15297.4737346      eV 

        45 0.450E-13*Temp instantanee = 175.496

*temp instantanee des atomes de type 1 =       119.42
*temp instantanee des atomes de type 2 =       287.65

 * stress en kbar 
1 sigma potentiel (1,1) (2,1) (3,1) =   2163.918134     -0.5312878166E-02 -0.1497915523    
2 sigma potentiel (1,2) (2,2) (3,2) = -0.5312878166E-02   2164.133887      0.1396668981    
3 sigma potentiel (1,3) (2,3) (3,3) = -0.1497915523      0.1396668981       2164.153407    

1 sigma cinetique (1,1) (2,1) (3,1) =   1.782467288     -0.5023813688E-01  0.3713377941E-01
2 sigma cinetique (1,2) (2,2) (3,2) = -0.5023813688E-01   1.554974227     -0.5145696675E-01
3 sigma cinetique (1,3) (2,3) (3,3) =  0.3713377941E-01 -0.5145696675E-01   1.997862521    

1 sigma total (1,1) (2,1) (3,1) =   2165.700601     -0.5555101505E-01 -0.1126577729    
2 sigma total (1,2) (2,2) (3,2) = -0.5555101505E-01   2165.688861      0.8820993136E-01
3 sigma total (1,3) (2,3) (3,3) = -0.1126577729      0.8820993136E-01   2166.151270    

        45 0.450E-13*Pression =     2165.8    
 pression totale  potentiel = cinetique =
    2165.8        2164.1        1.7784    
 ----------valeurs moyennes------------
*temperature moyenne =       177.70
*pression moyenne =     2166.8    
 --------------------------------------


<<<<<<<<  ITERATION =     46  time =   0.4600000E-13


 --------- Temperatures et Pression--------
 ----------valeurs instantanees------------
        46 0.460E-13*Epot =    -15315.3164901      eV 
    *energie paire 2 corps =    -15315.3243399      eV 
    *energie pot coul recip =    0.784985342621E-02  eV 
        46 0.460E-13*Ec =     17.8424655673      eV   (179.737 K)
        46 0.460E-13*Etot =    -15297.4740245      eV 

        46 0.460E-13*Temp instantanee = 179.737

*temp instantanee des atomes de type 1 =       121.27
*temp instantanee des atomes de type 2 =       296.67

 * stress en kbar 
1 sigma potentiel (1,1) (2,1) (3,1) =   2163.773226      0.4958344530E-02 -0.1423711814    
2 sigma potentiel (1,2) (2,2) (3,2) =  0.4958344530E-02   2163.961539      0.1280669795    
3 sigma potentiel (1,3) (2,3) (3,3) = -0.1423711814      0.1280669795       2164.021199    

1 sigma cinetique (1,1) (2,1) (3,1) =   1.831598509     -0.5152707104E-01  0.3152555044E-01
2 sigma cinetique (1,2) (2,2) (3,2) = -0.5152707104E-01   1.591374896     -0.4937256049E-01
3 sigma cinetique (1,3) (2,3) (3,3) =  0.3152555044E-01 -0.4937256049E-01   2.041265999    

1 sigma total (1,1) (2,1) (3,1) =   2165.604824     -0.4656872651E-01 -0.1108456309    
2 sigma total (1,2) (2,2) (3,2) = -0.4656872651E-01   2165.552914      0.7869441897E-01
3 sigma total (1,3) (2,3) (3,3) = -0.1108456309      0.7869441897E-01   2166.062465    

        46 0.460E-13*Pression =     2165.7    
 pression totale  potentiel = cinetique =
    2165.7        2163.9        1.8214    
 ----------valeurs moyennes------------
*temperature moyenne =       177.74
*pression moyenne =     2166.8    
 --------------------------------------


<<<<<<<<  ITERATION =     47  time =   0.4700000E-13


 --------- Temperatures et Pression--------
 ----------valeurs instantanees------------
        47 0.470E-13*Epot =    -15315.6894889      eV 
    *energie paire 2 corps =    -15315.6973257      eV 
    *energie pot coul recip =    0.783677951643E-02  eV 
        47 0.470E-13*Ec =     18.2151777102      eV   (183.492 K)
        47 0.470E-13*Etot =    -15297.4743112      eV 

        47 0.470E-13*Temp instantanee = 183.492

*temp instantanee des atomes de type 1 =       123.45
*temp instantanee des atomes de type 2 =       303.58

 * stress en kbar 
1 sigma potentiel (1,1) (2,1) (3,1) =   2163.648538      0.1273966319E-01 -0.1398965935    
2 sigma potentiel (1,2) (2,2) (3,2) =  0.1273966319E-01   2163.837257      0.1176288431    
3 sigma potentiel (1,3) (2,3) (3,3) = -0.1398965935      0.1176288431       2163.908604    

1 sigma cinetique (1,1) (2,1) (3,1) =   1.875940707     -0.5295777632E-01  0.2577044584E-01
2 sigma cinetique (1,2) (2,2) (3,2) = -0.5295777632E-01   1.623799584     -0.4707746313E-01
3 sigma cinetique (1,3) (2,3) (3,3) =  0.2577044584E-01 -0.4707746313E-01   2.078641879    

1 sigma total (1,1) (2,1) (3,1) =   2165.524479     -0.4021811313E-01 -0.1141261477    
2 sigma total (1,2) (2,2) (3,2) = -0.4021811313E-01   2165.461056      0.7055137996E-01
3 sigma total (1,3) (2,3) (3,3) = -0.1141261477      0.7055137996E-01   2165.987246    

        47 0.470E-13*Pression =     2165.7    
 pression totale  potentiel = cinetique =
    2165.7        2163.8        1.8595    
 ----------valeurs moyennes------------
*temperature moyenne =       177.86
*pression moyenne =     2166.8    
 --------------------------------------


<<<<<<<<  ITERATION =     48  time =   0.4800000E-13


 --------- Temperatures et Pression--------
 ----------valeurs instantanees------------
        48 0.480E-13*Epot =    -15316.0100196      eV 
    *energie paire 2 corps =    -15316.0178433      eV 
    *energie pot coul recip =    0.782370045906E-02  eV 
        48 0.480E-13*Ec =     18.5355296060      eV   (186.719 K)
        48 0.480E-13*Etot =    -15297.4744900      eV 

        48 0.480E-13*Temp instantanee = 186.719

*temp instantanee des atomes de type 1 =       125.92
*temp instantanee des atomes de type 2 =       308.31

 * stress en kbar 
1 sigma potentiel (1,1) (2,1) (3,1) =   2163.557325      0.2000815586E-01 -0.1312056544    
2 sigma potentiel (1,2) (2,2) (3,2) =  0.2000815586E-01   2163.723567      0.1049186354    
3 sigma potentiel (1,3) (2,3) (3,3) = -0.1312056544      0.1049186354       2163.827832    

1 sigma cinetique (1,1) (2,1) (3,1) =   1.915014672     -0.5450157990E-01  0.1991137127E-01
2 sigma cinetique (1,2) (2,2) (3,2) = -0.5450157990E-01   1.651915654     -0.4459214112E-01
3 sigma cinetique (1,3) (2,3) (3,3) =  0.1991137127E-01 -0.4459214112E-01   2.109559330    

1 sigma total (1,1) (2,1) (3,1) =   2165.472339     -0.3449342403E-01 -0.1112942831    
2 sigma total (1,2) (2,2) (3,2) = -0.3449342403E-01   2165.375482      0.6032649432E-01
3 sigma total (1,3) (2,3) (3,3) = -0.1112942831      0.6032649432E-01   2165.937391    

        48 0.480E-13*Pression =     2165.6    
 pression totale  potentiel = cinetique =
    2165.6        2163.7        1.8922    
 ----------valeurs moyennes------------
*temperature moyenne =       178.05
*pression moyenne =     2166.7    
 --------------------------------------


<<<<<<<<  ITERATION =     49  time =   0.4900000E-13


 --------- Temperatures et Pression--------
 ----------valeurs instantanees------------
        49 0.490E-13*Epot =    -15316.2750639      eV 
    *energie paire 2 corps =    -15316.2828745      eV 
    *energie pot coul recip =    0.781062877825E-02  eV 
        49 0.490E-13*Ec =     18.8005266610      eV   (189.388 K)
        49 0.490E-13*Etot =    -15297.4745373      eV 

        49 0.490E-13*Temp instantanee = 189.388

*temp instantanee des atomes de type 1 =       128.67
*temp instantanee des atomes de type 2 =       310.82

 * stress en kbar 
1 sigma potentiel (1,1) (2,1) (3,1) =   2163.492169      0.3138695298E-01 -0.1248050673    
2 sigma potentiel (1,2) (2,2) (3,2) =  0.3138695298E-01   2163.643278      0.9555771594E-01
3 sigma potentiel (1,3) (2,3) (3,3) = -0.1248050673      0.9555771594E-01   2163.766819    

1 sigma cinetique (1,1) (2,1) (3,1) =   1.948441562     -0.5612539724E-01  0.1399673686E-01
2 sigma cinetique (1,2) (2,2) (3,2) = -0.5612539724E-01   1.675484105     -0.4193369516E-01
3 sigma cinetique (1,3) (2,3) (3,3) =  0.1399673686E-01 -0.4193369516E-01   2.133719105    

1 sigma total (1,1) (2,1) (3,1) =   2165.440610     -0.2473844427E-01 -0.1108083304    
2 sigma total (1,2) (2,2) (3,2) = -0.2473844427E-01   2165.318763      0.5362402077E-01
3 sigma total (1,3) (2,3) (3,3) = -0.1108083304      0.5362402077E-01   2165.900538    

        49 0.490E-13*Pression =     2165.6    
 pression totale  potentiel = cinetique =
    2165.6        2163.6        1.9192    
 ----------valeurs moyennes------------
*temperature moyenne =       178.28
*pression moyenne =     2166.7    
 --------------------------------------


<<<<<<<<  ITERATION =     50  time =   0.5000000E-13


 --------- Temperatures et Pression--------
 ----------valeurs instantanees------------
        50 0.500E-13*Epot =    -15316.4827615      eV 
    *energie paire 2 corps =    -15316.4905590      eV 
    *energie pot coul recip =    0.779757927827E-02  eV 
        50 0.500E-13*Ec =     19.0081950158      eV   (191.480 K)
        50 0.500E-13*Etot =    -15297.4745665      eV 

        50 0.500E-13*Temp instantanee = 191.480

*temp instantanee des atomes de type 1 =       131.67
*temp instantanee des atomes de type 2 =       311.10

 * stress en kbar 
1 sigma potentiel (1,1) (2,1) (3,1) =   2163.465900      0.3833520190E-01 -0.1200702635    
2 sigma potentiel (1,2) (2,2) (3,2) =  0.3833520190E-01   2163.600752      0.7690904676E-01
3 sigma potentiel (1,3) (2,3) (3,3) = -0.1200702635      0.7690904676E-01   2163.737769    

1 sigma cinetique (1,1) (2,1) (3,1) =   1.975955905     -0.5779802894E-01  0.8060080456E-02
2 sigma cinetique (1,2) (2,2) (3,2) = -0.5779802894E-01   1.694351516     -0.3913143590E-01
3 sigma cinetique (1,3) (2,3) (3,3) =  0.8060080456E-02 -0.3913143590E-01   2.150935602    

1 sigma total (1,1) (2,1) (3,1) =   2165.441855     -0.1946282704E-01 -0.1120101831    
2 sigma total (1,2) (2,2) (3,2) = -0.1946282704E-01   2165.295104      0.3777761085E-01
3 sigma total (1,3) (2,3) (3,3) = -0.1120101831      0.3777761085E-01   2165.888704    

        50 0.500E-13*Pression =     2165.5    
 pression totale  potentiel = cinetique =
    2165.5        2163.6        1.9404    
 ----------valeurs moyennes------------
*temperature moyenne =       178.54
*pression moyenne =     2166.7    
 --------------------------------------


<<<<<<<<  ITERATION =     51  time =   0.5100000E-13


 --------- Temperatures et Pression--------
 ----------valeurs instantanees------------
        51 0.510E-13*Epot =    -15316.6322855      eV 
    *energie paire 2 corps =    -15316.6400701      eV 
    *energie pot coul recip =    0.778456445296E-02  eV 
        51 0.510E-13*Ec =     19.1577658488      eV   (192.987 K)
        51 0.510E-13*Etot =    -15297.4745196      eV 

        51 0.510E-13*Temp instantanee = 192.987

*temp instantanee des atomes de type 1 =       134.89
*temp instantanee des atomes de type 2 =       309.18

 * stress en kbar 
1 sigma potentiel (1,1) (2,1) (3,1) =   2163.449846      0.4546672992E-01 -0.1089303674    
2 sigma potentiel (1,2) (2,2) (3,2) =  0.4546672992E-01   2163.580279      0.7283276040E-01
3 sigma potentiel (1,3) (2,3) (3,3) = -0.1089303674      0.7283276040E-01   2163.746935    

1 sigma cinetique (1,1) (2,1) (3,1) =   1.997415418     -0.5947937658E-01  0.2161930537E-02
2 sigma cinetique (1,2) (2,2) (3,2) = -0.5947937658E-01   1.708472523     -0.3621358363E-01
3 sigma cinetique (1,3) (2,3) (3,3) =  0.2161930537E-02 -0.3621358363E-01   2.161161018    

1 sigma total (1,1) (2,1) (3,1) =   2165.447262     -0.1401264665E-01 -0.1067684369    
2 sigma total (1,2) (2,2) (3,2) = -0.1401264665E-01   2165.288751      0.3661917677E-01
3 sigma total (1,3) (2,3) (3,3) = -0.1067684369      0.3661917677E-01   2165.908096    

        51 0.510E-13*Pression =     2165.5    
 pression totale  potentiel = cinetique =
    2165.5        2163.6        1.9557    
 ----------valeurs moyennes------------
*temperature moyenne =       178.83
*pression moyenne =     2166.7    
 --------------------------------------


<<<<<<<<  ITERATION =     52  time =   0.5200000E-13


 --------- Temperatures et Pression--------
 ----------valeurs instantanees------------
        52 0.520E-13*Epot =    -15316.7239478      eV 
    *energie paire 2 corps =    -15316.7317194      eV 
    *energie pot coul recip =    0.777159714198E-02  eV 
        52 0.520E-13*Ec =     19.2496068587      eV   (193.912 K)
        52 0.520E-13*Etot =    -15297.4743410      eV 

        52 0.520E-13*Temp instantanee = 193.912

*temp instantanee des atomes de type 1 =       138.31
*temp instantanee des atomes de type 2 =       305.11

 * stress en kbar 
1 sigma potentiel (1,1) (2,1) (3,1) =   2163.470731      0.5532447534E-01 -0.1025101613    
2 sigma potentiel (1,2) (2,2) (3,2) =  0.5532447534E-01   2163.590407      0.6037095614E-01
3 sigma potentiel (1,3) (2,3) (3,3) = -0.1025101613      0.6037095614E-01   2163.772998    

1 sigma cinetique (1,1) (2,1) (3,1) =   2.012785270     -0.6111951000E-01 -0.3633972403E-02
2 sigma cinetique (1,2) (2,2) (3,2) = -0.6111951000E-01   1.717892009     -0.3320988360E-01
3 sigma cinetique (1,3) (2,3) (3,3) = -0.3633972403E-02 -0.3320988360E-01   2.164497908    

1 sigma total (1,1) (2,1) (3,1) =   2165.483516     -0.5795034655E-02 -0.1061441337    
2 sigma total (1,2) (2,2) (3,2) = -0.5795034655E-02   2165.308299      0.2716107254E-01
3 sigma total (1,3) (2,3) (3,3) = -0.1061441337      0.2716107254E-01   2165.937496    

        52 0.520E-13*Pression =     2165.6    
 pression totale  potentiel = cinetique =
    2165.6        2163.6        1.9651    
 ----------valeurs moyennes------------
*temperature moyenne =       179.12
*pression moyenne =     2166.6    
 --------------------------------------


<<<<<<<<  ITERATION =     53  time =   0.5300000E-13


 --------- Temperatures et Pression--------
 ----------valeurs instantanees------------
        53 0.530E-13*Epot =    -15316.7591342      eV 
    *energie paire 2 corps =    -15316.7668929      eV 
    *energie pot coul recip =    0.775868996915E-02  eV 
        53 0.530E-13*Ec =     19.2849788794      eV   (194.268 K)
        53 0.530E-13*Etot =    -15297.4741553      eV 

        53 0.530E-13*Temp instantanee = 194.268

*temp instantanee des atomes de type 1 =       141.90
*temp instantanee des atomes de type 2 =       299.00

 * stress en kbar 
1 sigma potentiel (1,1) (2,1) (3,1) =   2163.516180      0.6132178715E-01 -0.9505599627E-01
2 sigma potentiel (1,2) (2,2) (3,2) =  0.6132178715E-01   2163.636929      0.5059071607E-01
3 sigma potentiel (1,3) (2,3) (3,3) = -0.9505599627E-01  0.5059071607E-01   2163.828126    

1 sigma cinetique (1,1) (2,1) (3,1) =   2.022119439     -0.6267455907E-01 -0.9288090935E-02
2 sigma cinetique (1,2) (2,2) (3,2) = -0.6267455907E-01   1.722749720     -0.3015273042E-01
3 sigma cinetique (1,3) (2,3) (3,3) = -0.9288090935E-02 -0.3015273042E-01   2.161138679    

1 sigma total (1,1) (2,1) (3,1) =   2165.538300     -0.1352771922E-02 -0.1043440872    
2 sigma total (1,2) (2,2) (3,2) = -0.1352771922E-02   2165.359679      0.2043798565E-01
3 sigma total (1,3) (2,3) (3,3) = -0.1043440872      0.2043798565E-01   2165.989265    

        53 0.530E-13*Pression =     2165.6    
 pression totale  potentiel = cinetique =
    2165.6        2163.7        1.9687    
 ----------valeurs moyennes------------
*temperature moyenne =       179.40
*pression moyenne =     2166.6    
 --------------------------------------


<<<<<<<<  ITERATION =     54  time =   0.5400000E-13


 --------- Temperatures et Pression--------
 ----------valeurs instantanees------------
        54 0.540E-13*Epot =    -15316.7402621      eV 
    *energie paire 2 corps =    -15316.7480079      eV 
    *energie pot coul recip =    0.774585685872E-02  eV 
        54 0.540E-13*Ec =     19.2662553424      eV   (194.080 K)
        54 0.540E-13*Etot =    -15297.4740067      eV 

        54 0.540E-13*Temp instantanee = 194.080

*temp instantanee des atomes de type 1 =       145.64
*temp instantanee des atomes de type 2 =       290.97

 * stress en kbar 
1 sigma potentiel (1,1) (2,1) (3,1) =   2163.607118      0.6663810804E-01 -0.8803025760E-01
2 sigma potentiel (1,2) (2,2) (3,2) =  0.6663810804E-01   2163.721529      0.4290919078E-01
3 sigma potentiel (1,3) (2,3) (3,3) = -0.8803025760E-01  0.4290919078E-01   2163.904263    

1 sigma cinetique (1,1) (2,1) (3,1) =   2.025590062     -0.6410704793E-01 -0.1473824138E-01
2 sigma cinetique (1,2) (2,2) (3,2) = -0.6410704793E-01   1.723268652     -0.2707442666E-01
3 sigma cinetique (1,3) (2,3) (3,3) = -0.1473824138E-01 -0.2707442666E-01   2.151415056    

1 sigma total (1,1) (2,1) (3,1) =   2165.632708      0.2531060111E-02 -0.1027684990    
2 sigma total (1,2) (2,2) (3,2) =  0.2531060111E-02   2165.444798      0.1583476412E-01
3 sigma total (1,3) (2,3) (3,3) = -0.1027684990      0.1583476412E-01   2166.055678    

        54 0.540E-13*Pression =     2165.7    
 pression totale  potentiel = cinetique =
    2165.7        2163.7        1.9668    
 ----------valeurs moyennes------------
*temperature moyenne =       179.67
*pression moyenne =     2166.6    
 --------------------------------------


<<<<<<<<  ITERATION =     55  time =   0.5500000E-13


 --------- Temperatures et Pression--------
 ----------valeurs instantanees------------
        55 0.550E-13*Epot =    -15316.6706109      eV 
    *energie paire 2 corps =    -15316.6783440      eV 
    *energie pot coul recip =    0.773310982899E-02  eV 
        55 0.550E-13*Ec =     19.1968226016      eV   (193.380 K)
        55 0.550E-13*Etot =    -15297.4737883      eV 

        55 0.550E-13*Temp instantanee = 193.380

*temp instantanee des atomes de type 1 =       149.48
*temp instantanee des atomes de type 2 =       281.18

 * stress en kbar 
1 sigma potentiel (1,1) (2,1) (3,1) =   2163.716283      0.7210175989E-01 -0.7621317803E-01
2 sigma potentiel (1,2) (2,2) (3,2) =  0.7210175989E-01   2163.820735      0.3365597292E-01
3 sigma potentiel (1,3) (2,3) (3,3) = -0.7621317803E-01  0.3365597292E-01   2164.013675    

1 sigma cinetique (1,1) (2,1) (3,1) =   2.023474798     -0.6535840120E-01 -0.1992779270E-01
2 sigma cinetique (1,2) (2,2) (3,2) = -0.6535840120E-01   1.719761840     -0.2400839867E-01
3 sigma cinetique (1,3) (2,3) (3,3) = -0.1992779270E-01 -0.2400839867E-01   2.135773417    

1 sigma total (1,1) (2,1) (3,1) =   2165.739758      0.6743358695E-02 -0.9614097073E-01
2 sigma total (1,2) (2,2) (3,2) =  0.6743358695E-02   2165.540497      0.9647574247E-02
3 sigma total (1,3) (2,3) (3,3) = -0.9614097073E-01  0.9647574247E-02   2166.149449    

        55 0.550E-13*Pression =     2165.8    
 pression totale  potentiel = cinetique =
    2165.8        2163.9        1.9597    
 ----------valeurs moyennes------------
*temperature moyenne =       179.92
*pression moyenne =     2166.6    
 --------------------------------------


<<<<<<<<  ITERATION =     56  time =   0.5600000E-13


 --------- Temperatures et Pression--------
 ----------valeurs instantanees------------
        56 0.560E-13*Epot =    -15316.5543543      eV 
    *energie paire 2 corps =    -15316.5620748      eV 
    *energie pot coul recip =    0.772046265505E-02  eV 
        56 0.560E-13*Ec =     19.0808682528      eV   (192.212 K)
        56 0.560E-13*Etot =    -15297.4734861      eV 

        56 0.560E-13*Temp instantanee = 192.212

*temp instantanee des atomes de type 1 =       153.42
*temp instantanee des atomes de type 2 =       269.80

 * stress en kbar 
1 sigma potentiel (1,1) (2,1) (3,1) =   2163.835870      0.7848901172E-01 -0.7230233777E-01
2 sigma potentiel (1,2) (2,2) (3,2) =  0.7848901172E-01   2163.937474      0.2677514189E-01
3 sigma potentiel (1,3) (2,3) (3,3) = -0.7230233777E-01  0.2677514189E-01   2164.140191    

1 sigma cinetique (1,1) (2,1) (3,1) =   2.016133940     -0.6638229688E-01 -0.2481223729E-01
2 sigma cinetique (1,2) (2,2) (3,2) = -0.6638229688E-01   1.712611630     -0.2099231848E-01
3 sigma cinetique (1,3) (2,3) (3,3) = -0.2481223729E-01 -0.2099231848E-01   2.114753568    

1 sigma total (1,1) (2,1) (3,1) =   2165.852003      0.1210671484E-01 -0.9711457506E-01
2 sigma total (1,2) (2,2) (3,2) =  0.1210671484E-01   2165.650086      0.5782823408E-02
3 sigma total (1,3) (2,3) (3,3) = -0.9711457506E-01  0.5782823408E-02   2166.254945    

        56 0.560E-13*Pression =     2165.9    
 pression totale  potentiel = cinetique =
    2165.9        2164.0        1.9478    
 ----------valeurs moyennes------------
*temperature moyenne =       180.14
*pression moyenne =     2166.6    
 --------------------------------------


<<<<<<<<  ITERATION =     57  time =   0.5700000E-13


 --------- Temperatures et Pression--------
 ----------valeurs instantanees------------
        57 0.570E-13*Epot =    -15316.3964946      eV 
    *energie paire 2 corps =    -15316.4042026      eV 
    *energie pot coul recip =    0.770792689669E-02  eV 
        57 0.570E-13*Ec =     18.9233303078      eV   (190.625 K)
        57 0.570E-13*Etot =    -15297.4731643      eV 

        57 0.570E-13*Temp instantanee = 190.625

*temp instantanee des atomes de type 1 =       157.41
*temp instantanee des atomes de type 2 =       257.06

 * stress en kbar 
1 sigma potentiel (1,1) (2,1) (3,1) =   2163.992853      0.7764897983E-01 -0.6197565399E-01
2 sigma potentiel (1,2) (2,2) (3,2) =  0.7764897983E-01   2164.087264      0.2141738391E-01
3 sigma potentiel (1,3) (2,3) (3,3) = -0.6197565399E-01  0.2141738391E-01   2164.285961    

1 sigma cinetique (1,1) (2,1) (3,1) =   2.004012851     -0.6714426930E-01 -0.2933393546E-01
2 sigma cinetique (1,2) (2,2) (3,2) = -0.6714426930E-01   1.702259661     -0.1807080188E-01
3 sigma cinetique (1,3) (2,3) (3,3) = -0.2933393546E-01 -0.1807080188E-01   2.088980769    

1 sigma total (1,1) (2,1) (3,1) =   2165.996866      0.1050471053E-01 -0.9130958945E-01
2 sigma total (1,2) (2,2) (3,2) =  0.1050471053E-01   2165.789523      0.3346582034E-02
3 sigma total (1,3) (2,3) (3,3) = -0.9130958945E-01  0.3346582034E-02   2166.374942    

        57 0.570E-13*Pression =     2166.1    
 pression totale  potentiel = cinetique =
    2166.1        2164.1        1.9318    
 ----------valeurs moyennes------------
*temperature moyenne =       180.33
*pression moyenne =     2166.6    
 --------------------------------------


<<<<<<<<  ITERATION =     58  time =   0.5800000E-13


 --------- Temperatures et Pression--------
 ----------valeurs instantanees------------
        58 0.580E-13*Epot =    -15316.2026162      eV 
    *energie paire 2 corps =    -15316.2103117      eV 
    *energie pot coul recip =    0.769551519890E-02  eV 
        58 0.580E-13*Ec =     18.7298266003      eV   (188.676 K)
        58 0.580E-13*Etot =    -15297.4727896      eV 

        58 0.580E-13*Temp instantanee = 188.676

*temp instantanee des atomes de type 1 =       161.43
*temp instantanee des atomes de type 2 =       243.16

 * stress en kbar 
1 sigma potentiel (1,1) (2,1) (3,1) =   2164.160820      0.8186480009E-01 -0.5601998159E-01
2 sigma potentiel (1,2) (2,2) (3,2) =  0.8186480009E-01   2164.261951      0.1470330736E-01
3 sigma potentiel (1,3) (2,3) (3,3) = -0.5601998159E-01  0.1470330736E-01   2164.450109    

1 sigma cinetique (1,1) (2,1) (3,1) =   1.987641920     -0.6760293070E-01 -0.3344166198E-01
2 sigma cinetique (1,2) (2,2) (3,2) = -0.6760293070E-01   1.689193333     -0.1527861143E-01
3 sigma cinetique (1,3) (2,3) (3,3) = -0.3344166198E-01 -0.1527861143E-01   2.059157687    

1 sigma total (1,1) (2,1) (3,1) =   2166.148462      0.1426186939E-01 -0.8946164357E-01
2 sigma total (1,2) (2,2) (3,2) =  0.1426186939E-01   2165.951145     -0.5753040708E-03
3 sigma total (1,3) (2,3) (3,3) = -0.8946164357E-01 -0.5753040708E-03   2166.509267    

        58 0.580E-13*Pression =     2166.2    
 pression totale  potentiel = cinetique =
    2166.2        2164.3        1.9120    
 ----------valeurs moyennes------------
*temperature moyenne =       180.47
*pression moyenne =     2166.6    
 --------------------------------------


<<<<<<<<  ITERATION =     59  time =   0.5900000E-13


 --------- Temperatures et Pression--------
 ----------valeurs instantanees------------
        59 0.590E-13*Epot =    -15315.9789035      eV 
    *energie paire 2 corps =    -15315.9865867      eV 
    *energie pot coul recip =    0.768323906616E-02  eV 
        59 0.590E-13*Ec =     18.5065363628      eV   (186.427 K)
        59 0.590E-13*Etot =    -15297.4723671      eV 

        59 0.590E-13*Temp instantanee = 186.427

*temp instantanee des atomes de type 1 =       165.46
*temp instantanee des atomes de type 2 =       228.36

 * stress en kbar 
1 sigma potentiel (1,1) (2,1) (3,1) =   2164.351615      0.8240317261E-01 -0.5364556550E-01
2 sigma potentiel (1,2) (2,2) (3,2) =  0.8240317261E-01   2164.449719      0.8749822774E-02
3 sigma potentiel (1,3) (2,3) (3,3) = -0.5364556550E-01  0.8749822774E-02   2164.632059    

1 sigma cinetique (1,1) (2,1) (3,1) =   1.967591038     -0.6772904812E-01 -0.3709726737E-01
2 sigma cinetique (1,2) (2,2) (3,2) = -0.6772904812E-01   1.673950172     -0.1265096588E-01
3 sigma cinetique (1,3) (2,3) (3,3) = -0.3709726737E-01 -0.1265096588E-01   2.026069291    

1 sigma total (1,1) (2,1) (3,1) =   2166.319206      0.1467412450E-01 -0.9074283287E-01
2 sigma total (1,2) (2,2) (3,2) =  0.1467412450E-01   2166.123669     -0.3901143106E-02
3 sigma total (1,3) (2,3) (3,3) = -0.9074283287E-01 -0.3901143106E-02   2166.658128    

        59 0.590E-13*Pression =     2166.4    
 pression totale  potentiel = cinetique =
    2166.4        2164.5        1.8892    
 ----------valeurs moyennes------------
*temperature moyenne =       180.57
*pression moyenne =     2166.6    
 --------------------------------------


<<<<<<<<  ITERATION =     60  time =   0.6000000E-13


 --------- Temperatures et Pression--------
 ----------valeurs instantanees------------
        60 0.600E-13*Epot =    -15315.7319225      eV 
    *energie paire 2 corps =    -15315.7395937      eV 
    *energie pot coul recip =    0.767110999515E-02  eV 
        60 0.600E-13*Ec =     18.2600091688      eV   (183.943 K)
        60 0.600E-13*Etot =    -15297.4719134      eV 

        60 0.600E-13*Temp instantanee = 183.943

*temp instantanee des atomes de type 1 =       169.47
*temp instantanee des atomes de type 2 =       212.89

 * stress en kbar 
1 sigma potentiel (1,1) (2,1) (3,1) =   2164.552533      0.8056539608E-01 -0.4851086931E-01
2 sigma potentiel (1,2) (2,2) (3,2) =  0.8056539608E-01   2164.644776      0.5724368508E-02
3 sigma potentiel (1,3) (2,3) (3,3) = -0.4851086931E-01  0.5724368508E-02   2164.835825    

1 sigma cinetique (1,1) (2,1) (3,1) =   1.944477527     -0.6749254964E-01 -0.4025839981E-01
2 sigma cinetique (1,2) (2,2) (3,2) = -0.6749254964E-01   1.657110983     -0.1022255687E-01
3 sigma cinetique (1,3) (2,3) (3,3) = -0.4025839981E-01 -0.1022255687E-01   1.990523255    

1 sigma total (1,1) (2,1) (3,1) =   2166.497010      0.1307284645E-01 -0.8876926912E-01
2 sigma total (1,2) (2,2) (3,2) =  0.1307284645E-01   2166.301887     -0.4498188360E-02
3 sigma total (1,3) (2,3) (3,3) = -0.8876926912E-01 -0.4498188360E-02   2166.826348    

        60 0.600E-13*Pression =     2166.5    
 pression totale  potentiel = cinetique =
    2166.5        2164.7        1.8640    
 ----------valeurs moyennes------------
*temperature moyenne =       180.63
*pression moyenne =     2166.6    
 --------------------------------------


<<<<<<<<  ITERATION =     61  time =   0.6100000E-13


 --------- Temperatures et Pression--------
 ----------valeurs instantanees------------
        61 0.610E-13*Epot =    -15315.4685646      eV 
    *energie paire 2 corps =    -15315.4762238      eV 
    *energie pot coul recip =    0.765913969959E-02  eV 
        61 0.610E-13*Ec =     17.9970815518      eV   (181.295 K)
        61 0.610E-13*Etot =    -15297.4714831      eV 

        61 0.610E-13*Temp instantanee = 181.295

*temp instantanee des atomes de type 1 =       173.43
*temp instantanee des atomes de type 2 =       197.02

 * stress en kbar 
1 sigma potentiel (1,1) (2,1) (3,1) =   2164.762587      0.7783859722E-01 -0.4661018750E-01
2 sigma potentiel (1,2) (2,2) (3,2) =  0.7783859722E-01   2164.854825      0.2862792096E-02
3 sigma potentiel (1,3) (2,3) (3,3) = -0.4661018750E-01  0.2862792096E-02   2165.040890    

1 sigma cinetique (1,1) (2,1) (3,1) =   1.918970353     -0.6686652521E-01 -0.4288488957E-01
2 sigma cinetique (1,2) (2,2) (3,2) = -0.6686652521E-01   1.639264992     -0.8022627679E-02
3 sigma cinetique (1,3) (2,3) (3,3) = -0.4288488957E-01 -0.8022627679E-02   1.953355068    

1 sigma total (1,1) (2,1) (3,1) =   2166.681557      0.1097207201E-01 -0.8949507707E-01
2 sigma total (1,2) (2,2) (3,2) =  0.1097207201E-01   2166.494090     -0.5159835584E-02
3 sigma total (1,3) (2,3) (3,3) = -0.8949507707E-01 -0.5159835584E-02   2166.994245    

        61 0.610E-13*Pression =     2166.7    
 pression totale  potentiel = cinetique =
    2166.7        2164.9        1.8372    
 ----------valeurs moyennes------------
*temperature moyenne =       180.64
*pression moyenne =     2166.6    
 --------------------------------------


<<<<<<<<  ITERATION =     62  time =   0.6200000E-13


 --------- Temperatures et Pression--------
 ----------valeurs instantanees------------
        62 0.620E-13*Epot =    -15315.1957921      eV 
    *energie paire 2 corps =    -15315.2034394      eV 
    *energie pot coul recip =    0.764733835249E-02  eV 
        62 0.620E-13*Ec =     17.7247836007      eV   (178.552 K)
        62 0.620E-13*Etot =    -15297.4710085      eV 

        62 0.620E-13*Temp instantanee = 178.552

*temp instantanee des atomes de type 1 =       177.32
*temp instantanee des atomes de type 2 =       181.01

 * stress en kbar 
1 sigma potentiel (1,1) (2,1) (3,1) =   2164.968834      0.7391763240E-01 -0.4678482022E-01
2 sigma potentiel (1,2) (2,2) (3,2) =  0.7391763240E-01   2165.063345      0.1751620693E-02
3 sigma potentiel (1,3) (2,3) (3,3) = -0.4678482022E-01  0.1751620692E-02   2165.238696    

1 sigma cinetique (1,1) (2,1) (3,1) =   1.891754076     -0.6584186768E-01 -0.4495439444E-01
2 sigma cinetique (1,2) (2,2) (3,2) = -0.6584186768E-01   1.621012502     -0.6089012225E-02
3 sigma cinetique (1,3) (2,3) (3,3) = -0.4495439444E-01 -0.6089012225E-02   1.915432827    

1 sigma total (1,1) (2,1) (3,1) =   2166.860588      0.8075764721E-02 -0.9173921466E-01
2 sigma total (1,2) (2,2) (3,2) =  0.8075764721E-02   2166.684358     -0.4337391532E-02
3 sigma total (1,3) (2,3) (3,3) = -0.9173921466E-01 -0.4337391532E-02   2167.154129    

        62 0.620E-13*Pression =     2166.9    
 pression totale  potentiel = cinetique =
    2166.9        2165.1        1.8094    
 ----------valeurs moyennes------------
*temperature moyenne =       180.60
*pression moyenne =     2166.6    
 --------------------------------------


<<<<<<<<  ITERATION =     63  time =   0.6300000E-13


 --------- Temperatures et Pression--------
 ----------valeurs instantanees------------
        63 0.630E-13*Epot =    -15314.9208201      eV 
    *energie paire 2 corps =    -15314.9284559      eV 
    *energie pot coul recip =    0.763571836126E-02  eV 
        63 0.630E-13*Ec =     17.4502196342      eV   (175.786 K)
        63 0.630E-13*Etot =    -15297.4706005      eV 

        63 0.630E-13*Temp instantanee = 175.786

*temp instantanee des atomes de type 1 =       181.12
*temp instantanee des atomes de type 2 =       165.11

 * stress en kbar 
1 sigma potentiel (1,1) (2,1) (3,1) =   2165.191823      0.6674323785E-01 -0.4327096853E-01
2 sigma potentiel (1,2) (2,2) (3,2) =  0.6674323785E-01   2165.286865      0.3378014736E-02
3 sigma potentiel (1,3) (2,3) (3,3) = -0.4327096853E-01  0.3378014736E-02   2165.463495    

1 sigma cinetique (1,1) (2,1) (3,1) =   1.863531252     -0.6440530341E-01 -0.4644619027E-01
2 sigma cinetique (1,2) (2,2) (3,2) = -0.6440530341E-01   1.602952458     -0.4453668632E-02
3 sigma cinetique (1,3) (2,3) (3,3) = -0.4644619027E-01 -0.4453668632E-02   1.877630721    

1 sigma total (1,1) (2,1) (3,1) =   2167.055354      0.2337934446E-02 -0.8971715880E-01
2 sigma total (1,2) (2,2) (3,2) =  0.2337934446E-02   2166.889817     -0.1075653896E-02
3 sigma total (1,3) (2,3) (3,3) = -0.8971715880E-01 -0.1075653896E-02   2167.341126    

        63 0.630E-13*Pression =     2167.1    
 pression totale  potentiel = cinetique =
    2167.1        2165.3        1.7814    
 ----------valeurs moyennes------------
*temperature moyenne =       180.53
*pression moyenne =     2166.6    
 --------------------------------------


<<<<<<<<  ITERATION =     64  time =   0.6400000E-13


 --------- Temperatures et Pression--------
 ----------valeurs instantanees------------
        64 0.640E-13*Epot =    -15314.6504997      eV 
    *energie paire 2 corps =    -15314.6581240      eV 
    *energie pot coul recip =    0.762429088909E-02  eV 
        64 0.640E-13*Ec =     17.1803226230      eV   (173.067 K)
        64 0.640E-13*Etot =    -15297.4701771      eV 

        64 0.640E-13*Temp instantanee = 173.067

*temp instantanee des atomes de type 1 =       184.81
*temp instantanee des atomes de type 2 =       149.59

 * stress en kbar 
1 sigma potentiel (1,1) (2,1) (3,1) =   2165.407313      0.5756177870E-01 -0.4490616631E-01
2 sigma potentiel (1,2) (2,2) (3,2) =  0.5756177870E-01   2165.503912      0.2727872174E-02
3 sigma potentiel (1,3) (2,3) (3,3) = -0.4490616631E-01  0.2727872174E-02   2165.685085    

1 sigma cinetique (1,1) (2,1) (3,1) =   1.835003208     -0.6255517753E-01 -0.4734355676E-01
2 sigma cinetique (1,2) (2,2) (3,2) = -0.6255517753E-01   1.585661512     -0.3142814398E-02
3 sigma cinetique (1,3) (2,3) (3,3) = -0.4734355676E-01 -0.3142814398E-02   1.840793988    

1 sigma total (1,1) (2,1) (3,1) =   2167.242316     -0.4993398825E-02 -0.9224972307E-01
2 sigma total (1,2) (2,2) (3,2) = -0.4993398825E-02   2167.089574     -0.4149422236E-03
3 sigma total (1,3) (2,3) (3,3) = -0.9224972307E-01 -0.4149422236E-03   2167.525879    

        64 0.640E-13*Pression =     2167.3    
 pression totale  potentiel = cinetique =
    2167.3        2165.5        1.7538    
 ----------valeurs moyennes------------
*temperature moyenne =       180.41
*pression moyenne =     2166.6    
 --------------------------------------


<<<<<<<<  ITERATION =     65  time =   0.6500000E-13


 --------- Temperatures et Pression--------
 ----------valeurs instantanees------------
        65 0.650E-13*Epot =    -15314.3915672      eV 
    *energie paire 2 corps =    -15314.3991802      eV 
    *energie pot coul recip =    0.761306564379E-02  eV 
        65 0.650E-13*Ec =     16.9218051748      eV   (170.463 K)
        65 0.650E-13*Etot =    -15297.4697620      eV 

        65 0.650E-13*Temp instantanee = 170.463

*temp instantanee des atomes de type 1 =       188.36
*temp instantanee des atomes de type 2 =       134.67

 * stress en kbar 
1 sigma potentiel (1,1) (2,1) (3,1) =   2165.614699      0.5467783351E-01 -0.4767786276E-01
2 sigma potentiel (1,2) (2,2) (3,2) =  0.5467783351E-01   2165.712184      0.6125096504E-02
3 sigma potentiel (1,3) (2,3) (3,3) = -0.4767786276E-01  0.6125096504E-02   2165.897218    

1 sigma cinetique (1,1) (2,1) (3,1) =   1.806862498     -0.6029748599E-01 -0.4764868692E-01
2 sigma cinetique (1,2) (2,2) (3,2) = -0.6029748599E-01   1.569691383     -0.2176898757E-02
3 sigma cinetique (1,3) (2,3) (3,3) = -0.4764868692E-01 -0.2176898757E-02   1.805734086    

1 sigma total (1,1) (2,1) (3,1) =   2167.421562     -0.5619652473E-02 -0.9532654968E-01
2 sigma total (1,2) (2,2) (3,2) = -0.5619652473E-02   2167.281875      0.3948197747E-02
3 sigma total (1,3) (2,3) (3,3) = -0.9532654968E-01  0.3948197747E-02   2167.702952    

        65 0.650E-13*Pression =     2167.5    
 pression totale  potentiel = cinetique =
    2167.5        2165.7        1.7274    
 ----------valeurs moyennes------------
*temperature moyenne =       180.26
*pression moyenne =     2166.6    
 --------------------------------------


<<<<<<<<  ITERATION =     66  time =   0.6600000E-13


 --------- Temperatures et Pression--------
 ----------valeurs instantanees------------
        66 0.660E-13*Epot =    -15314.1504324      eV 
    *energie paire 2 corps =    -15314.1580344      eV 
    *energie pot coul recip =    0.760205256907E-02  eV 
        66 0.660E-13*Ec =     16.6810450626      eV   (168.038 K)
        66 0.660E-13*Etot =    -15297.4693873      eV 

        66 0.660E-13*Temp instantanee = 168.038

*temp instantanee des atomes de type 1 =       191.76
*temp instantanee des atomes de type 2 =       120.60

 * stress en kbar 
1 sigma potentiel (1,1) (2,1) (3,1) =   2165.825720      0.4129757742E-01 -0.4930831393E-01
2 sigma potentiel (1,2) (2,2) (3,2) =  0.4129757742E-01   2165.927853      0.6132702094E-02
3 sigma potentiel (1,3) (2,3) (3,3) = -0.4930831393E-01  0.6132702094E-02   2166.100689    

1 sigma cinetique (1,1) (2,1) (3,1) =   1.779774685     -0.5765325607E-01 -0.4736917289E-01
2 sigma cinetique (1,2) (2,2) (3,2) = -0.5765325607E-01   1.555556638     -0.1573227283E-02
3 sigma cinetique (1,3) (2,3) (3,3) = -0.4736917289E-01 -0.1573227283E-02   1.773224071    

1 sigma total (1,1) (2,1) (3,1) =   2167.605495     -0.1635567864E-01 -0.9667748682E-01
2 sigma total (1,2) (2,2) (3,2) = -0.1635567864E-01   2167.483410      0.4559474811E-02
3 sigma total (1,3) (2,3) (3,3) = -0.9667748682E-01  0.4559474811E-02   2167.873913    

        66 0.660E-13*Pression =     2167.7    
 pression totale  potentiel = cinetique =
    2167.7        2166.0        1.7029    
 ----------valeurs moyennes------------
*temperature moyenne =       180.07
*pression moyenne =     2166.6    
 --------------------------------------


<<<<<<<<  ITERATION =     67  time =   0.6700000E-13


 --------- Temperatures et Pression--------
 ----------valeurs instantanees------------
        67 0.670E-13*Epot =    -15313.9328981      eV 
    *energie paire 2 corps =    -15313.9404894      eV 
    *energie pot coul recip =    0.759126113710E-02  eV 
        67 0.670E-13*Ec =     16.4638751520      eV   (165.850 K)
        67 0.670E-13*Etot =    -15297.4690230      eV 

        67 0.670E-13*Temp instantanee = 165.850

*temp instantanee des atomes de type 1 =       194.99
*temp instantanee des atomes de type 2 =       107.57

 * stress en kbar 
1 sigma potentiel (1,1) (2,1) (3,1) =   2166.026793      0.2710576290E-01 -0.5436479995E-01
2 sigma potentiel (1,2) (2,2) (3,2) =  0.2710576290E-01   2166.116673      0.9544681536E-02
3 sigma potentiel (1,3) (2,3) (3,3) = -0.5436479995E-01  0.9544681536E-02   2166.292071    

1 sigma cinetique (1,1) (2,1) (3,1) =   1.754361556     -0.5465190166E-01 -0.4650997740E-01
2 sigma cinetique (1,2) (2,2) (3,2) = -0.5465190166E-01   1.543710434     -0.1339679366E-02
3 sigma cinetique (1,3) (2,3) (3,3) = -0.4650997740E-01 -0.1339679366E-02   1.743975311    

1 sigma total (1,1) (2,1) (3,1) =   2167.781155     -0.2754613876E-01 -0.1008747773    
2 sigma total (1,2) (2,2) (3,2) = -0.2754613876E-01   2167.660383      0.8205002170E-02
3 sigma total (1,3) (2,3) (3,3) = -0.1008747773      0.8205002170E-02   2168.036046    

        67 0.670E-13*Pression =     2167.8    
 pression totale  potentiel = cinetique =
    2167.8        2166.1        1.6807    
 ----------valeurs moyennes------------
*temperature moyenne =       179.86
*pression moyenne =     2166.6    
 --------------------------------------


<<<<<<<<  ITERATION =     68  time =   0.6800000E-13


 --------- Temperatures et Pression--------
 ----------valeurs instantanees------------
        68 0.680E-13*Epot =    -15313.7442753      eV 
    *energie paire 2 corps =    -15313.7518560      eV 
    *energie pot coul recip =    0.758070094364E-02  eV 
        68 0.680E-13*Ec =     16.2755737747      eV   (163.953 K)
        68 0.680E-13*Etot =    -15297.4687016      eV 

        68 0.680E-13*Temp instantanee = 163.953

*temp instantanee des atomes de type 1 =       198.03
*temp instantanee des atomes de type 2 =        95.80

 * stress en kbar 
1 sigma potentiel (1,1) (2,1) (3,1) =   2166.194836      0.1540685455E-01 -0.6005973071E-01
2 sigma potentiel (1,2) (2,2) (3,2) =  0.1540685455E-01   2166.304131      0.1620200810E-01
3 sigma potentiel (1,3) (2,3) (3,3) = -0.6005973071E-01  0.1620200810E-01   2166.470688    

1 sigma cinetique (1,1) (2,1) (3,1) =   1.731206074     -0.5131981890E-01 -0.4509551110E-01
2 sigma cinetique (1,2) (2,2) (3,2) = -0.5131981890E-01   1.534561510     -0.1477191118E-02
3 sigma cinetique (1,3) (2,3) (3,3) = -0.4509551110E-01 -0.1477191118E-02   1.718612585    

1 sigma total (1,1) (2,1) (3,1) =   2167.926042     -0.3591296435E-01 -0.1051552418    
2 sigma total (1,2) (2,2) (3,2) = -0.3591296435E-01   2167.838692      0.1472481698E-01
3 sigma total (1,3) (2,3) (3,3) = -0.1051552418      0.1472481698E-01   2168.189301    

        68 0.680E-13*Pression =     2168.0    
 pression totale  potentiel = cinetique =
    2168.0        2166.3        1.6615    
 ----------valeurs moyennes------------
*temperature moyenne =       179.63
*pression moyenne =     2166.7    
 --------------------------------------


<<<<<<<<  ITERATION =     69  time =   0.6900000E-13


 --------- Temperatures et Pression--------
 ----------valeurs instantanees------------
        69 0.690E-13*Epot =    -15313.5892335      eV 
    *energie paire 2 corps =    -15313.5968039      eV 
    *energie pot coul recip =    0.757037987920E-02  eV 
        69 0.690E-13*Ec =     16.1207577157      eV   (162.393 K)
        69 0.690E-13*Etot =    -15297.4684758      eV 

        69 0.690E-13*Temp instantanee = 162.393

*temp instantanee des atomes de type 1 =       200.88
*temp instantanee des atomes de type 2 =        85.43

 * stress en kbar 
1 sigma potentiel (1,1) (2,1) (3,1) =   2166.367038     -0.2391224848E-03 -0.6650222932E-01
2 sigma potentiel (1,2) (2,2) (3,2) = -0.2391224848E-03   2166.476900      0.1513635175E-01
3 sigma potentiel (1,3) (2,3) (3,3) = -0.6650222932E-01  0.1513635175E-01   2166.654607    

1 sigma cinetique (1,1) (2,1) (3,1) =   1.710827854     -0.4770512103E-01 -0.4316113452E-01
2 sigma cinetique (1,2) (2,2) (3,2) = -0.4770512103E-01   1.528451352     -0.1991872995E-02
3 sigma cinetique (1,3) (2,3) (3,3) = -0.4316113452E-01 -0.1991872995E-02   1.697688681    

1 sigma total (1,1) (2,1) (3,1) =   2168.077866     -0.4794424351E-01 -0.1096633638    
2 sigma total (1,2) (2,2) (3,2) = -0.4794424351E-01   2168.005352      0.1314447876E-01
3 sigma total (1,3) (2,3) (3,3) = -0.1096633638      0.1314447876E-01   2168.352295    

        69 0.690E-13*Pression =     2168.1    
 pression totale  potentiel = cinetique =
    2168.1        2166.5        1.6457    
 ----------valeurs moyennes------------
*temperature moyenne =       179.38
*pression moyenne =     2166.7    
 --------------------------------------


<<<<<<<<  ITERATION =     70  time =   0.7000000E-13


 --------- Temperatures et Pression--------
 ----------valeurs instantanees------------
        70 0.700E-13*Epot =    -15313.4715508      eV 
    *energie paire 2 corps =    -15313.4791111      eV 
    *energie pot coul recip =    0.756030706893E-02  eV 
        70 0.700E-13*Ec =     16.0032949756      eV   (161.210 K)
        70 0.700E-13*Etot =    -15297.4682559      eV 

        70 0.700E-13*Temp instantanee = 161.210

*temp instantanee des atomes de type 1 =       203.51
*temp instantanee des atomes de type 2 =        76.60

 * stress en kbar 
1 sigma potentiel (1,1) (2,1) (3,1) =   2166.526376     -0.1345784495E-01 -0.7672323847E-01
2 sigma potentiel (1,2) (2,2) (3,2) = -0.1345784495E-01   2166.632497      0.2342353605E-01
3 sigma potentiel (1,3) (2,3) (3,3) = -0.7672323847E-01  0.2342353605E-01   2166.808357    

1 sigma cinetique (1,1) (2,1) (3,1) =   1.693678793     -0.4385218902E-01 -0.4074682955E-01
2 sigma cinetique (1,2) (2,2) (3,2) = -0.4385218902E-01   1.525650886     -0.2882577538E-02
3 sigma cinetique (1,3) (2,3) (3,3) = -0.4074682955E-01 -0.2882577538E-02   1.681665347    

1 sigma total (1,1) (2,1) (3,1) =   2168.220054     -0.5731003397E-01 -0.1174700680    
2 sigma total (1,2) (2,2) (3,2) = -0.5731003397E-01   2168.158148      0.2054095851E-01
3 sigma total (1,3) (2,3) (3,3) = -0.1174700680      0.2054095851E-01   2168.490022    

        70 0.700E-13*Pression =     2168.3    
 pression totale  potentiel = cinetique =
    2168.3        2166.7        1.6337    
 ----------valeurs moyennes------------
*temperature moyenne =       179.12
*pression moyenne =     2166.7    
 --------------------------------------


<<<<<<<<  ITERATION =     71  time =   0.7100000E-13


 --------- Temperatures et Pression--------
 ----------valeurs instantanees------------
        71 0.710E-13*Epot =    -15313.3942374      eV 
    *energie paire 2 corps =    -15313.4017879      eV 
    *energie pot coul recip =    0.755048993538E-02  eV 
        71 0.710E-13*Ec =     15.9261716130      eV   (160.433 K)
        71 0.710E-13*Etot =    -15297.4680658      eV 

        71 0.710E-13*Temp instantanee = 160.433

*temp instantanee des atomes de type 1 =       205.93
*temp instantanee des atomes de type 2 =        69.44

 * stress en kbar 
1 sigma potentiel (1,1) (2,1) (3,1) =   2166.654884     -0.2803785906E-01 -0.7876100671E-01
2 sigma potentiel (1,2) (2,2) (3,2) = -0.2803785906E-01   2166.745861      0.3073618534E-01
3 sigma potentiel (1,3) (2,3) (3,3) = -0.7876100671E-01  0.3073618534E-01   2166.938766    

1 sigma cinetique (1,1) (2,1) (3,1) =   1.680137794     -0.3981323904E-01 -0.3789709440E-01
2 sigma cinetique (1,2) (2,2) (3,2) = -0.3981323904E-01   1.526348547     -0.4137241372E-02
3 sigma cinetique (1,3) (2,3) (3,3) = -0.3789709440E-01 -0.4137241372E-02   1.670889723    

1 sigma total (1,1) (2,1) (3,1) =   2168.335022     -0.6785109810E-01 -0.1166581011    
2 sigma total (1,2) (2,2) (3,2) = -0.6785109810E-01   2168.272209      0.2659894397E-01
3 sigma total (1,3) (2,3) (3,3) = -0.1166581011      0.2659894397E-01   2168.609655    

        71 0.710E-13*Pression =     2168.4    
 pression totale  potentiel = cinetique =
    2168.4        2166.8        1.6258    
 ----------valeurs moyennes------------
*temperature moyenne =       178.85
*pression moyenne =     2166.7    
 --------------------------------------


<<<<<<<<  ITERATION =     72  time =   0.7200000E-13


 --------- Temperatures et Pression--------
 ----------valeurs instantanees------------
        72 0.720E-13*Epot =    -15313.3595385      eV 
    *energie paire 2 corps =    -15313.3670794      eV 
    *energie pot coul recip =    0.754093569100E-02  eV 
        72 0.720E-13*Ec =     15.8915258248      eV   (160.084 K)
        72 0.720E-13*Etot =    -15297.4680126      eV 

        72 0.720E-13*Temp instantanee = 160.084

*temp instantanee des atomes de type 1 =       208.12
*temp instantanee des atomes de type 2 =        64.01

 * stress en kbar 
1 sigma potentiel (1,1) (2,1) (3,1) =   2166.760534     -0.4723023602E-01 -0.8952628170E-01
2 sigma potentiel (1,2) (2,2) (3,2) = -0.4723023602E-01   2166.868412      0.3553491237E-01
3 sigma potentiel (1,3) (2,3) (3,3) = -0.8952628170E-01  0.3553491237E-01   2167.077472    

1 sigma cinetique (1,1) (2,1) (3,1) =   1.670511240     -0.3564896768E-01 -0.3466217827E-01
2 sigma cinetique (1,2) (2,2) (3,2) = -0.3564896768E-01   1.530644508     -0.5740831682E-02
3 sigma cinetique (1,3) (2,3) (3,3) = -0.3466217827E-01 -0.5740831682E-02   1.665610074    

1 sigma total (1,1) (2,1) (3,1) =   2168.431045     -0.8287920370E-01 -0.1241884600    
2 sigma total (1,2) (2,2) (3,2) = -0.8287920370E-01   2168.399056      0.2979408069E-01
3 sigma total (1,3) (2,3) (3,3) = -0.1241884600      0.2979408069E-01   2168.743082    

        72 0.720E-13*Pression =     2168.5    
 pression totale  potentiel = cinetique =
    2168.5        2166.9        1.6223    
 ----------valeurs moyennes------------
*temperature moyenne =       178.59
*pression moyenne =     2166.7    
 --------------------------------------


<<<<<<<<  ITERATION =     73  time =   0.7300000E-13


 --------- Temperatures et Pression--------
 ----------valeurs instantanees------------
        73 0.730E-13*Epot =    -15313.3686308      eV 
    *energie paire 2 corps =    -15313.3761625      eV 
    *energie pot coul recip =    0.753165143938E-02  eV 
        73 0.730E-13*Ec =     15.9006450884      eV   (160.176 K)
        73 0.730E-13*Etot =    -15297.4679857      eV 

        73 0.730E-13*Temp instantanee = 160.176

*temp instantanee des atomes de type 1 =       210.08
*temp instantanee des atomes de type 2 =        60.37

 * stress en kbar 
1 sigma potentiel (1,1) (2,1) (3,1) =   2166.856172     -0.6171524748E-01 -0.9895838028E-01
2 sigma potentiel (1,2) (2,2) (3,2) = -0.6171524748E-01   2166.951759      0.4009841916E-01
3 sigma potentiel (1,3) (2,3) (3,3) = -0.9895838028E-01  0.4009841916E-01   2167.158177    

1 sigma cinetique (1,1) (2,1) (3,1) =   1.665027825     -0.3141862804E-01 -0.3110940739E-01
2 sigma cinetique (1,2) (2,2) (3,2) = -0.3141862804E-01   1.538564654     -0.7675867230E-02
3 sigma cinetique (1,3) (2,3) (3,3) = -0.3110940739E-01 -0.7675867230E-02   1.665966110    

1 sigma total (1,1) (2,1) (3,1) =   2168.521200     -0.9313387552E-01 -0.1300677877    
2 sigma total (1,2) (2,2) (3,2) = -0.9313387552E-01   2168.490324      0.3242255193E-01
3 sigma total (1,3) (2,3) (3,3) = -0.1300677877      0.3242255193E-01   2168.824143    

        73 0.730E-13*Pression =     2168.6    
 pression totale  potentiel = cinetique =
    2168.6        2167.0        1.6232    
 ----------valeurs moyennes------------
*temperature moyenne =       178.34
*pression moyenne =     2166.8    
 --------------------------------------


<<<<<<<<  ITERATION =     74  time =   0.7400000E-13


 --------- Temperatures et Pression--------
 ----------valeurs instantanees------------
        74 0.740E-13*Epot =    -15313.4218811      eV 
    *energie paire 2 corps =    -15313.4294038      eV 
    *energie pot coul recip =    0.752264448420E-02  eV 
        74 0.740E-13*Ec =     15.9538869492      eV   (160.712 K)
        74 0.740E-13*Etot =    -15297.4679942      eV 

        74 0.740E-13*Temp instantanee = 160.712

*temp instantanee des atomes de type 1 =       211.80
*temp instantanee des atomes de type 2 =        58.54

 * stress en kbar 
1 sigma potentiel (1,1) (2,1) (3,1) =   2166.912238     -0.7561198477E-01 -0.1079214586    
2 sigma potentiel (1,2) (2,2) (3,2) = -0.7561198477E-01   2167.010231      0.4484815139E-01
3 sigma potentiel (1,3) (2,3) (3,3) = -0.1079214586      0.4484815139E-01   2167.235150    

1 sigma cinetique (1,1) (2,1) (3,1) =   1.663820960     -0.2717402855E-01 -0.2731455119E-01
2 sigma cinetique (1,2) (2,2) (3,2) = -0.2717402855E-01   1.550061056     -0.9915175013E-02
3 sigma cinetique (1,3) (2,3) (3,3) = -0.2731455119E-01 -0.9915175013E-02   1.671981845    

1 sigma total (1,1) (2,1) (3,1) =   2168.576059     -0.1027860133     -0.1352360097    
2 sigma total (1,2) (2,2) (3,2) = -0.1027860133       2168.560292      0.3493297638E-01
3 sigma total (1,3) (2,3) (3,3) = -0.1352360097      0.3493297638E-01   2168.907132    

        74 0.740E-13*Pression =     2168.7    
 pression totale  potentiel = cinetique =
    2168.7        2167.1        1.6286    
 ----------valeurs moyennes------------
*temperature moyenne =       178.10
*pression moyenne =     2166.8    
 --------------------------------------


<<<<<<<<  ITERATION =     75  time =   0.7500000E-13


 --------- Temperatures et Pression--------
 ----------valeurs instantanees------------
        75 0.750E-13*Epot =    -15313.5188302      eV 
    *energie paire 2 corps =    -15313.5263441      eV 
    *energie pot coul recip =    0.751391966931E-02  eV 
        75 0.750E-13*Ec =     16.0507449040      eV   (161.688 K)
        75 0.750E-13*Etot =    -15297.4680852      eV 

        75 0.750E-13*Temp instantanee = 161.688

*temp instantanee des atomes de type 1 =       213.28
*temp instantanee des atomes de type 2 =        58.50

 * stress en kbar 
1 sigma potentiel (1,1) (2,1) (3,1) =   2166.957858     -0.9555641451E-01 -0.1165136891    
2 sigma potentiel (1,2) (2,2) (3,2) = -0.9555641451E-01   2167.063507      0.4997652682E-01
3 sigma potentiel (1,3) (2,3) (3,3) = -0.1165136891      0.4997652682E-01   2167.300112    

1 sigma cinetique (1,1) (2,1) (3,1) =   1.666948530     -0.2297150628E-01 -0.2335029131E-01
2 sigma cinetique (1,2) (2,2) (3,2) = -0.2297150628E-01   1.565000655     -0.1242688817E-01
3 sigma cinetique (1,3) (2,3) (3,3) = -0.2335029131E-01 -0.1242688817E-01   1.683577340    

1 sigma total (1,1) (2,1) (3,1) =   2168.624807     -0.1185279208     -0.1398639804    
2 sigma total (1,2) (2,2) (3,2) = -0.1185279208       2168.628508      0.3754963865E-01
3 sigma total (1,3) (2,3) (3,3) = -0.1398639804      0.3754963865E-01   2168.983690    

        75 0.750E-13*Pression =     2168.7    
 pression totale  potentiel = cinetique =
    2168.7        2167.1        1.6385    
 ----------valeurs moyennes------------
*temperature moyenne =       177.88
*pression moyenne =     2166.8    
 --------------------------------------


<<<<<<<<  ITERATION =     76  time =   0.7600000E-13


 --------- Temperatures et Pression--------
 ----------valeurs instantanees------------
        76 0.760E-13*Epot =    -15313.6580282      eV 
    *energie paire 2 corps =    -15313.6655337      eV 
    *energie pot coul recip =    0.750548172988E-02  eV 
        76 0.760E-13*Ec =     16.1898058808      eV   (163.089 K)
        76 0.760E-13*Etot =    -15297.4682224      eV 

        76 0.760E-13*Temp instantanee = 163.089

*temp instantanee des atomes de type 1 =       214.52
*temp instantanee des atomes de type 2 =        60.22

 * stress en kbar 
1 sigma potentiel (1,1) (2,1) (3,1) =   2166.984271     -0.1114472347     -0.1257253641    
2 sigma potentiel (1,2) (2,2) (3,2) = -0.1114472347       2167.084459      0.5595912300E-01
3 sigma potentiel (1,3) (2,3) (3,3) = -0.1257253641      0.5595912300E-01   2167.337580    

1 sigma cinetique (1,1) (2,1) (3,1) =   1.674375806     -0.1887694028E-01 -0.1928877950E-01
2 sigma cinetique (1,2) (2,2) (3,2) = -0.1887694028E-01   1.583181339     -0.1517131294E-01
3 sigma cinetique (1,3) (2,3) (3,3) = -0.1928877950E-01 -0.1517131294E-01   1.700556681    

1 sigma total (1,1) (2,1) (3,1) =   2168.658647     -0.1303241750     -0.1450141436    
2 sigma total (1,2) (2,2) (3,2) = -0.1303241750       2168.667640      0.4078781006E-01
3 sigma total (1,3) (2,3) (3,3) = -0.1450141436      0.4078781006E-01   2169.038137    

        76 0.760E-13*Pression =     2168.8    
 pression totale  potentiel = cinetique =
    2168.8        2167.1        1.6527    
 ----------valeurs moyennes------------
*temperature moyenne =       177.69
*pression moyenne =     2166.8    
 --------------------------------------


<<<<<<<<  ITERATION =     77  time =   0.7700000E-13


 --------- Temperatures et Pression--------
 ----------valeurs instantanees------------
        77 0.770E-13*Epot =    -15313.8372320      eV 
    *energie paire 2 corps =    -15313.8447293      eV 
    *energie pot coul recip =    0.749733527457E-02  eV 
        77 0.770E-13*Ec =     16.3688525372      eV   (164.893 K)
        77 0.770E-13*Etot =    -15297.4683795      eV 

        77 0.770E-13*Temp instantanee = 164.893

*temp instantanee des atomes de type 1 =       215.53
*temp instantanee des atomes de type 2 =        63.61

 * stress en kbar 
1 sigma potentiel (1,1) (2,1) (3,1) =   2166.991820     -0.1269680508     -0.1337230498    
2 sigma potentiel (1,2) (2,2) (3,2) = -0.1269680508       2167.082647      0.6051132077E-01
3 sigma potentiel (1,3) (2,3) (3,3) = -0.1337230498      0.6051132077E-01   2167.354955    

1 sigma cinetique (1,1) (2,1) (3,1) =   1.685993827     -0.1494626153E-01 -0.1521219684E-01
2 sigma cinetique (1,2) (2,2) (3,2) = -0.1494626153E-01   1.604321428     -0.1810154358E-01
3 sigma cinetique (1,3) (2,3) (3,3) = -0.1521219684E-01 -0.1810154358E-01   1.722631452    

1 sigma total (1,1) (2,1) (3,1) =   2168.677814     -0.1419143123     -0.1489352466    
2 sigma total (1,2) (2,2) (3,2) = -0.1419143123       2168.686968      0.4240977719E-01
3 sigma total (1,3) (2,3) (3,3) = -0.1489352466      0.4240977719E-01   2169.077586    

        77 0.770E-13*Pression =     2168.8    
 pression totale  potentiel = cinetique =
    2168.8        2167.1        1.6710    
 ----------valeurs moyennes------------
*temperature moyenne =       177.52
*pression moyenne =     2166.9    
 --------------------------------------


<<<<<<<<  ITERATION =     78  time =   0.7800000E-13


 --------- Temperatures et Pression--------
 ----------valeurs instantanees------------
        78 0.780E-13*Epot =    -15314.0535075      eV 
    *energie paire 2 corps =    -15314.0609970      eV 
    *energie pot coul recip =    0.748948419033E-02  eV 
        78 0.780E-13*Ec =     16.5849115529      eV   (167.069 K)
        78 0.780E-13*Etot =    -15297.4685960      eV 

        78 0.780E-13*Temp instantanee = 167.069

*temp instantanee des atomes de type 1 =       216.31
*temp instantanee des atomes de type 2 =        68.59

 * stress en kbar 
1 sigma potentiel (1,1) (2,1) (3,1) =   2166.969184     -0.1428573159     -0.1450760256    
2 sigma potentiel (1,2) (2,2) (3,2) = -0.1428573159       2167.055233      0.6442205253E-01
3 sigma potentiel (1,3) (2,3) (3,3) = -0.1450760256      0.6442205253E-01   2167.352544    

1 sigma cinetique (1,1) (2,1) (3,1) =   1.701618080     -0.1122569093E-01 -0.1119966435E-01
2 sigma cinetique (1,2) (2,2) (3,2) = -0.1122569093E-01   1.628069575     -0.2117573099E-01
3 sigma cinetique (1,3) (2,3) (3,3) = -0.1119966435E-01 -0.2117573099E-01   1.749426936    

1 sigma total (1,1) (2,1) (3,1) =   2168.670802     -0.1540830068     -0.1562756899    
2 sigma total (1,2) (2,2) (3,2) = -0.1540830068       2168.683303      0.4324632154E-01
3 sigma total (1,3) (2,3) (3,3) = -0.1562756899      0.4324632154E-01   2169.101971    

        78 0.780E-13*Pression =     2168.8    
 pression totale  potentiel = cinetique =
    2168.8        2167.1        1.6930    
 ----------valeurs moyennes------------
*temperature moyenne =       177.39
*pression moyenne =     2166.9    
 --------------------------------------


<<<<<<<<  ITERATION =     79  time =   0.7900000E-13


 --------- Temperatures et Pression--------
 ----------valeurs instantanees------------
        79 0.790E-13*Epot =    -15314.3032342      eV 
    *energie paire 2 corps =    -15314.3107161      eV 
    *energie pot coul recip =    0.748193192399E-02  eV 
        79 0.790E-13*Ec =     16.8343455960      eV   (169.582 K)
        79 0.790E-13*Etot =    -15297.4688886      eV 

        79 0.790E-13*Temp instantanee = 169.582

*temp instantanee des atomes de type 1 =       216.86
*temp instantanee des atomes de type 2 =        75.03

 * stress en kbar 
1 sigma potentiel (1,1) (2,1) (3,1) =   2166.952672     -0.1537240927     -0.1495502450    
2 sigma potentiel (1,2) (2,2) (3,2) = -0.1537240927       2167.012686      0.6691049251E-01
3 sigma potentiel (1,3) (2,3) (3,3) = -0.1495502450      0.6691049251E-01   2167.345603    

1 sigma cinetique (1,1) (2,1) (3,1) =   1.720986503     -0.7762546940E-02 -0.7323105464E-02
2 sigma cinetique (1,2) (2,2) (3,2) = -0.7762546940E-02   1.654050651     -0.2435637065E-01
3 sigma cinetique (1,3) (2,3) (3,3) = -0.7323105464E-02 -0.2435637065E-01   1.780466394    

1 sigma total (1,1) (2,1) (3,1) =   2168.673658     -0.1614866397     -0.1568733505    
2 sigma total (1,2) (2,2) (3,2) = -0.1614866397       2168.666737      0.4255412186E-01
3 sigma total (1,3) (2,3) (3,3) = -0.1568733505      0.4255412186E-01   2169.126069    

        79 0.790E-13*Pression =     2168.8    
 pression totale  potentiel = cinetique =
    2168.8        2167.1        1.7185    
 ----------valeurs moyennes------------
*temperature moyenne =       177.29
*pression moyenne =     2166.9    
 --------------------------------------


<<<<<<<<  ITERATION =     80  time =   0.8000000E-13


 --------- Temperatures et Pression--------
 ----------valeurs instantanees------------
        80 0.800E-13*Epot =    -15314.5820688      eV 
    *energie paire 2 corps =    -15314.5895434      eV 
    *energie pot coul recip =    0.747468108045E-02  eV 
        80 0.800E-13*Ec =     17.1129049946      eV   (172.388 K)
        80 0.800E-13*Etot =    -15297.4691638      eV 

        80 0.800E-13*Temp instantanee = 172.388

*temp instantanee des atomes de type 1 =       217.19
*temp instantanee des atomes de type 2 =        82.79

 * stress en kbar 
1 sigma potentiel (1,1) (2,1) (3,1) =   2166.885967     -0.1674869832     -0.1562830364    
2 sigma potentiel (1,2) (2,2) (3,2) = -0.1674869832       2166.945157      0.7096444921E-01
3 sigma potentiel (1,3) (2,3) (3,3) = -0.1562830364      0.7096444921E-01   2167.308093    

1 sigma cinetique (1,1) (2,1) (3,1) =   1.743781251     -0.4599030726E-02 -0.3664415638E-02
2 sigma cinetique (1,2) (2,2) (3,2) = -0.4599030726E-02   1.681825821     -0.2759434226E-01
3 sigma cinetique (1,3) (2,3) (3,3) = -0.3664415638E-02 -0.2759434226E-01   1.815205047    

1 sigma total (1,1) (2,1) (3,1) =   2168.629748     -0.1720860139     -0.1599474520    
2 sigma total (1,2) (2,2) (3,2) = -0.1720860139       2168.626983      0.4337010695E-01
3 sigma total (1,3) (2,3) (3,3) = -0.1599474520      0.4337010695E-01   2169.123298    

        80 0.800E-13*Pression =     2168.8    
 pression totale  potentiel = cinetique =
    2168.8        2167.0        1.7469    
 ----------valeurs moyennes------------
*temperature moyenne =       177.23
*pression moyenne =     2166.9    
 --------------------------------------


<<<<<<<<  ITERATION =     81  time =   0.8100000E-13


 --------- Temperatures et Pression--------
 ----------valeurs instantanees------------
        81 0.810E-13*Epot =    -15314.8853670      eV 
    *energie paire 2 corps =    -15314.8928347      eV 
    *energie pot coul recip =    0.746773281747E-02  eV 
        81 0.810E-13*Ec =     17.4158879955      eV   (175.440 K)
        81 0.810E-13*Etot =    -15297.4694790      eV 

        81 0.810E-13*Temp instantanee = 175.440

*temp instantanee des atomes de type 1 =       217.31
*temp instantanee des atomes de type 2 =        91.70

 * stress en kbar 
1 sigma potentiel (1,1) (2,1) (3,1) =   2166.827391     -0.1781025621     -0.1646249456    
2 sigma potentiel (1,2) (2,2) (3,2) = -0.1781025621       2166.860836      0.7318370523E-01
3 sigma potentiel (1,3) (2,3) (3,3) = -0.1646249456      0.7318370523E-01   2167.250650    

1 sigma cinetique (1,1) (2,1) (3,1) =   1.769627689     -0.1766403374E-02 -0.3014138044E-03
2 sigma cinetique (1,2) (2,2) (3,2) = -0.1766403374E-02   1.710924085     -0.3083675164E-01
3 sigma cinetique (1,3) (2,3) (3,3) = -0.3014138044E-03 -0.3083675164E-01   1.853048623    

1 sigma total (1,1) (2,1) (3,1) =   2168.597019     -0.1798689654     -0.1649263594    
2 sigma total (1,2) (2,2) (3,2) = -0.1798689654       2168.571760      0.4234695359E-01
3 sigma total (1,3) (2,3) (3,3) = -0.1649263594      0.4234695359E-01   2169.103698    

        81 0.810E-13*Pression =     2168.8    
 pression totale  potentiel = cinetique =
    2168.8        2167.0        1.7779    
 ----------valeurs moyennes------------
*temperature moyenne =       177.21
*pression moyenne =     2167.0    
 --------------------------------------


<<<<<<<<  ITERATION =     82  time =   0.8200000E-13


 --------- Temperatures et Pression--------
 ----------valeurs instantanees------------
        82 0.820E-13*Epot =    -15315.2079738      eV 
    *energie paire 2 corps =    -15315.2154349      eV 
    *energie pot coul recip =    0.746108785878E-02  eV 
        82 0.820E-13*Ec =     17.7381730368      eV   (178.687 K)
        82 0.820E-13*Etot =    -15297.4698007      eV 

        82 0.820E-13*Temp instantanee = 178.687

*temp instantanee des atomes de type 1 =       217.23
*temp instantanee des atomes de type 2 =       101.60

 * stress en kbar 
1 sigma potentiel (1,1) (2,1) (3,1) =   2166.746873     -0.1861887251     -0.1648980100    
2 sigma potentiel (1,2) (2,2) (3,2) = -0.1861887251       2166.766838      0.7749612335E-01
3 sigma potentiel (1,3) (2,3) (3,3) = -0.1648980100      0.7749612335E-01   2167.186152    

1 sigma cinetique (1,1) (2,1) (3,1) =   1.798101775      0.7018278975E-03  0.2703447483E-02
2 sigma cinetique (1,2) (2,2) (3,2) =  0.7018278975E-03   1.740858809     -0.3403431556E-01
3 sigma cinetique (1,3) (2,3) (3,3) =  0.2703447483E-02 -0.3403431556E-01   1.893339324    

1 sigma total (1,1) (2,1) (3,1) =   2168.544975     -0.1854868972     -0.1621945625    
2 sigma total (1,2) (2,2) (3,2) = -0.1854868972       2168.507697      0.4346180778E-01
3 sigma total (1,3) (2,3) (3,3) = -0.1621945625      0.4346180778E-01   2169.079491    

        82 0.820E-13*Pression =     2168.7    
 pression totale  potentiel = cinetique =
    2168.7        2166.9        1.8108    
 ----------valeurs moyennes------------
*temperature moyenne =       177.23
*pression moyenne =     2167.0    
 --------------------------------------


<<<<<<<<  ITERATION =     83  time =   0.8300000E-13


 --------- Temperatures et Pression--------
 ----------valeurs instantanees------------
        83 0.830E-13*Epot =    -15315.5444967      eV 
    *energie paire 2 corps =    -15315.5519514      eV 
    *energie pot coul recip =    0.745474678453E-02  eV 
        83 0.830E-13*Ec =     18.0743477021      eV   (182.073 K)
        83 0.830E-13*Etot =    -15297.4701490      eV 

        83 0.830E-13*Temp instantanee = 182.073

*temp instantanee des atomes de type 1 =       216.97
*temp instantanee des atomes de type 2 =       112.28

 * stress en kbar 
1 sigma potentiel (1,1) (2,1) (3,1) =   2166.657115     -0.1944225786     -0.1694812450    
2 sigma potentiel (1,2) (2,2) (3,2) = -0.1944225786       2166.647914      0.7058799211E-01
3 sigma potentiel (1,3) (2,3) (3,3) = -0.1694812450      0.7058799211E-01   2167.117805    

1 sigma cinetique (1,1) (2,1) (3,1) =   1.828744416      0.2782529013E-02  0.5290313839E-02
2 sigma cinetique (1,2) (2,2) (3,2) =  0.2782529013E-02   1.771122515     -0.3713618871E-01
3 sigma cinetique (1,3) (2,3) (3,3) =  0.5290313839E-02 -0.3713618871E-01   1.935386173    

1 sigma total (1,1) (2,1) (3,1) =   2168.485860     -0.1916400495     -0.1641909311    
2 sigma total (1,2) (2,2) (3,2) = -0.1916400495       2168.419037      0.3345180340E-01
3 sigma total (1,3) (2,3) (3,3) = -0.1641909311      0.3345180340E-01   2169.053191    

        83 0.830E-13*Pression =     2168.7    
 pression totale  potentiel = cinetique =
    2168.7        2166.8        1.8451    
 ----------valeurs moyennes------------
*temperature moyenne =       177.28
*pression moyenne =     2167.0    
 --------------------------------------


<<<<<<<<  ITERATION =     84  time =   0.8400000E-13


 --------- Temperatures et Pression--------
 ----------valeurs instantanees------------
        84 0.840E-13*Epot =    -15315.8893681      eV 
    *energie paire 2 corps =    -15315.8968168      eV 
    *energie pot coul recip =    0.744870917551E-02  eV 
        84 0.840E-13*Ec =     18.4188755256      eV   (185.544 K)
        84 0.840E-13*Etot =    -15297.4704925      eV 

        84 0.840E-13*Temp instantanee = 185.544

*temp instantanee des atomes de type 1 =       216.53
*temp instantanee des atomes de type 2 =       123.57

 * stress en kbar 
1 sigma potentiel (1,1) (2,1) (3,1) =   2166.568518     -0.2031799739     -0.1708621717    
2 sigma potentiel (1,2) (2,2) (3,2) = -0.2031799739       2166.522741      0.7588313591E-01
3 sigma potentiel (1,3) (2,3) (3,3) = -0.1708621717      0.7588313591E-01   2167.031482    

1 sigma cinetique (1,1) (2,1) (3,1) =   1.861064857      0.4454602790E-02  0.7398206570E-02
2 sigma cinetique (1,2) (2,2) (3,2) =  0.4454602790E-02   1.801211398     -0.4008808015E-01
3 sigma cinetique (1,3) (2,3) (3,3) =  0.7398206570E-02 -0.4008808015E-01   1.978488192    

1 sigma total (1,1) (2,1) (3,1) =   2168.429582     -0.1987253711     -0.1634639652    
2 sigma total (1,2) (2,2) (3,2) = -0.1987253711       2168.323952      0.3579505576E-01
3 sigma total (1,3) (2,3) (3,3) = -0.1634639652      0.3579505576E-01   2169.009970    

        84 0.840E-13*Pression =     2168.6    
 pression totale  potentiel = cinetique =
    2168.6        2166.7        1.8803    
 ----------valeurs moyennes------------
*temperature moyenne =       177.38
*pression moyenne =     2167.0    
 --------------------------------------


<<<<<<<<  ITERATION =     85  time =   0.8500000E-13


 --------- Temperatures et Pression--------
 ----------valeurs instantanees------------
        85 0.850E-13*Epot =    -15316.2369716      eV 
    *energie paire 2 corps =    -15316.2444146      eV 
    *energie pot coul recip =    0.744297345839E-02  eV 
        85 0.850E-13*Ec =     18.7661400138      eV   (189.042 K)
        85 0.850E-13*Etot =    -15297.4708316      eV 

        85 0.850E-13*Temp instantanee = 189.042

*temp instantanee des atomes de type 1 =       215.94
*temp instantanee des atomes de type 2 =       135.25

 * stress en kbar 
1 sigma potentiel (1,1) (2,1) (3,1) =   2166.459910     -0.2089547026     -0.1745599571    
2 sigma potentiel (1,2) (2,2) (3,2) = -0.2089547026       2166.411058      0.7149075659E-01
3 sigma potentiel (1,3) (2,3) (3,3) = -0.1745599571      0.7149075659E-01   2166.929989    

1 sigma cinetique (1,1) (2,1) (3,1) =   1.894558965      0.5699195910E-02  0.8984702542E-02
2 sigma cinetique (1,2) (2,2) (3,2) =  0.5699195910E-02   1.830636332     -0.4285265963E-01
3 sigma cinetique (1,3) (2,3) (3,3) =  0.8984702542E-02 -0.4285265963E-01   2.021918594    

1 sigma total (1,1) (2,1) (3,1) =   2168.354469     -0.2032555067     -0.1655752546    
2 sigma total (1,2) (2,2) (3,2) = -0.2032555067       2168.241694      0.2863809696E-01
3 sigma total (1,3) (2,3) (3,3) = -0.1655752546      0.2863809696E-01   2168.951908    

        85 0.850E-13*Pression =     2168.5    
 pression totale  potentiel = cinetique =
    2168.5        2166.6        1.9157    
 ----------valeurs moyennes------------
*temperature moyenne =       177.52
*pression moyenne =     2167.0    
 --------------------------------------


<<<<<<<<  ITERATION =     86  time =   0.8600000E-13


 --------- Temperatures et Pression--------
 ----------valeurs instantanees------------
        86 0.860E-13*Epot =    -15316.5817230      eV 
    *energie paire 2 corps =    -15316.5891606      eV 
    *energie pot coul recip =    0.743753815447E-02  eV 
        86 0.860E-13*Ec =     19.1106311615      eV   (192.512 K)
        86 0.860E-13*Etot =    -15297.4710919      eV 

        86 0.860E-13*Temp instantanee = 192.512

*temp instantanee des atomes de type 1 =       215.20
*temp instantanee des atomes de type 2 =       147.13

 * stress en kbar 
1 sigma potentiel (1,1) (2,1) (3,1) =   2166.359646     -0.2098072662     -0.1697366570    
2 sigma potentiel (1,2) (2,2) (3,2) = -0.2098072662       2166.267918      0.6845170375E-01
3 sigma potentiel (1,3) (2,3) (3,3) = -0.1697366570      0.6845170375E-01   2166.837739    

1 sigma cinetique (1,1) (2,1) (3,1) =   1.928728333      0.6510508327E-02  0.1000947574E-01
2 sigma cinetique (1,2) (2,2) (3,2) =  0.6510508327E-02   1.858924156     -0.4539744558E-01
3 sigma cinetique (1,3) (2,3) (3,3) =  0.1000947574E-01 -0.4539744558E-01   2.064961514    

1 sigma total (1,1) (2,1) (3,1) =   2168.288374     -0.2032967579     -0.1597271812    
2 sigma total (1,2) (2,2) (3,2) = -0.2032967579       2168.126842      0.2305425817E-01
3 sigma total (1,3) (2,3) (3,3) = -0.1597271812      0.2305425817E-01   2168.902700    

        86 0.860E-13*Pression =     2168.4    
 pression totale  potentiel = cinetique =
    2168.4        2166.5        1.9509    
 ----------valeurs moyennes------------
*temperature moyenne =       177.69
*pression moyenne =     2167.1    
 --------------------------------------


<<<<<<<<  ITERATION =     87  time =   0.8700000E-13


 --------- Temperatures et Pression--------
 ----------valeurs instantanees------------
        87 0.870E-13*Epot =    -15316.9182089      eV 
    *energie paire 2 corps =    -15316.9256413      eV 
    *energie pot coul recip =    0.743240010407E-02  eV 
        87 0.870E-13*Ec =     19.4468811922      eV   (195.899 K)
        87 0.870E-13*Etot =    -15297.4713277      eV 

        87 0.870E-13*Temp instantanee = 195.899

*temp instantanee des atomes de type 1 =       214.34
*temp instantanee des atomes de type 2 =       159.01

 * stress en kbar 
1 sigma potentiel (1,1) (2,1) (3,1) =   2166.244408     -0.2110466712     -0.1672174860    
2 sigma potentiel (1,2) (2,2) (3,2) = -0.2110466712       2166.131083      0.6777392412E-01
3 sigma potentiel (1,3) (2,3) (3,3) = -0.1672174860      0.6777392412E-01   2166.727281    

1 sigma cinetique (1,1) (2,1) (3,1) =   1.963062990      0.6896028179E-02  0.1043863201E-01
2 sigma cinetique (1,2) (2,2) (3,2) =  0.6896028179E-02   1.885604864     -0.4767774075E-01
3 sigma cinetique (1,3) (2,3) (3,3) =  0.1043863201E-01 -0.4767774075E-01   2.106922425    

1 sigma total (1,1) (2,1) (3,1) =   2168.207471     -0.2041506430     -0.1567788540    
2 sigma total (1,2) (2,2) (3,2) = -0.2041506430       2168.016688      0.2009618337E-01
3 sigma total (1,3) (2,3) (3,3) = -0.1567788540      0.2009618337E-01   2168.834203    

        87 0.870E-13*Pression =     2168.4    
 pression totale  potentiel = cinetique =
    2168.4        2166.4        1.9852    
 ----------valeurs moyennes------------
*temperature moyenne =       177.90
*pression moyenne =     2167.1    
 --------------------------------------


<<<<<<<<  ITERATION =     88  time =   0.8800000E-13


 --------- Temperatures et Pression--------
 ----------valeurs instantanees------------
        88 0.880E-13*Epot =    -15317.2413835      eV 
    *energie paire 2 corps =    -15317.2488110      eV 
    *energie pot coul recip =    0.742755536376E-02  eV 
        88 0.880E-13*Ec =     19.7697469122      eV   (199.152 K)
        88 0.880E-13*Etot =    -15297.4716365      eV 

        88 0.880E-13*Temp instantanee = 199.152

*temp instantanee des atomes de type 1 =       213.38
*temp instantanee des atomes de type 2 =       170.70

 * stress en kbar 
1 sigma potentiel (1,1) (2,1) (3,1) =   2166.140862     -0.2128969511     -0.1635723148    
2 sigma potentiel (1,2) (2,2) (3,2) = -0.2128969511       2165.999194      0.6367943799E-01
3 sigma potentiel (1,3) (2,3) (3,3) = -0.1635723148      0.6367943799E-01   2166.639903    

1 sigma cinetique (1,1) (2,1) (3,1) =   1.997066437      0.6857351815E-02  0.1025196371E-01
2 sigma cinetique (1,2) (2,2) (3,2) =  0.6857351815E-02   1.910275301     -0.4965403223E-01
3 sigma cinetique (1,3) (2,3) (3,3) =  0.1025196371E-01 -0.4965403223E-01   2.147125884    

1 sigma total (1,1) (2,1) (3,1) =   2168.137928     -0.2060395993     -0.1533203511    
2 sigma total (1,2) (2,2) (3,2) = -0.2060395993       2167.909470      0.1402540576E-01
3 sigma total (1,3) (2,3) (3,3) = -0.1533203511      0.1402540576E-01   2168.787029    

        88 0.880E-13*Pression =     2168.3    
 pression totale  potentiel = cinetique =
    2168.3        2166.3        2.0182    
 ----------valeurs moyennes------------
*temperature moyenne =       178.14
*pression moyenne =     2167.1    
 --------------------------------------


<<<<<<<<  ITERATION =     89  time =   0.8900000E-13


 --------- Temperatures et Pression--------
 ----------valeurs instantanees------------
        89 0.890E-13*Epot =    -15317.5463701      eV 
    *energie paire 2 corps =    -15317.5537931      eV 
    *energie pot coul recip =    0.742300023925E-02  eV 
        89 0.890E-13*Ec =     20.0744606239      eV   (202.221 K)
        89 0.890E-13*Etot =    -15297.4719095      eV 

        89 0.890E-13*Temp instantanee = 202.221

*temp instantanee des atomes de type 1 =       212.33
*temp instantanee des atomes de type 2 =       182.01

 * stress en kbar 
1 sigma potentiel (1,1) (2,1) (3,1) =   2166.041864     -0.2068728889     -0.1574504550    
2 sigma potentiel (1,2) (2,2) (3,2) = -0.2068728889       2165.870250      0.5712199120E-01
3 sigma potentiel (1,3) (2,3) (3,3) = -0.1574504550      0.5712199120E-01   2166.533658    

1 sigma cinetique (1,1) (2,1) (3,1) =   2.030260033      0.6397278510E-02  0.9435490941E-02
2 sigma cinetique (1,2) (2,2) (3,2) =  0.6397278510E-02   1.932581303     -0.5130394075E-01
3 sigma cinetique (1,3) (2,3) (3,3) =  0.9435490941E-02 -0.5130394075E-01   2.184944592    

1 sigma total (1,1) (2,1) (3,1) =   2168.072124     -0.2004756104     -0.1480149640    
2 sigma total (1,2) (2,2) (3,2) = -0.2004756104       2167.802831      0.5818050447E-02
3 sigma total (1,3) (2,3) (3,3) = -0.1480149640      0.5818050447E-02   2168.718603    

        89 0.890E-13*Pression =     2168.2    
 pression totale  potentiel = cinetique =
    2168.2        2166.1        2.0493    
 ----------valeurs moyennes------------
*temperature moyenne =       178.41
*pression moyenne =     2167.1    
 --------------------------------------


<<<<<<<<  ITERATION =     90  time =   0.9000000E-13


 --------- Temperatures et Pression--------
 ----------valeurs instantanees------------
        90 0.900E-13*Epot =    -15317.8288315      eV 
    *energie paire 2 corps =    -15317.8362502      eV 
    *energie pot coul recip =    0.741872928694E-02  eV 
        90 0.900E-13*Ec =     20.3567016838      eV   (205.065 K)
        90 0.900E-13*Etot =    -15297.4721298      eV 

        90 0.900E-13*Temp instantanee = 205.065

*temp instantanee des atomes de type 1 =       211.21
*temp instantanee des atomes de type 2 =       192.78

 * stress en kbar 
1 sigma potentiel (1,1) (2,1) (3,1) =   2165.947160     -0.2021971760     -0.1499127372    
2 sigma potentiel (1,2) (2,2) (3,2) = -0.2021971760       2165.724247      0.5623909868E-01
3 sigma potentiel (1,3) (2,3) (3,3) = -0.1499127372      0.5623909868E-01   2166.447368    

1 sigma cinetique (1,1) (2,1) (3,1) =   2.062196814      0.5533217169E-02  0.7997042570E-02
2 sigma cinetique (1,2) (2,2) (3,2) =  0.5533217169E-02   1.952207878     -0.5260705485E-01
3 sigma cinetique (1,3) (2,3) (3,3) =  0.7997042570E-02 -0.5260705485E-01   2.219817313    

1 sigma total (1,1) (2,1) (3,1) =   2168.009357     -0.1966639588     -0.1419156947    
2 sigma total (1,2) (2,2) (3,2) = -0.1966639588       2167.676455      0.3632043830E-02
3 sigma total (1,3) (2,3) (3,3) = -0.1419156947      0.3632043830E-02   2168.667185    

        90 0.900E-13*Pression =     2168.1    
 pression totale  potentiel = cinetique =
    2168.1        2166.0        2.0781    
 ----------valeurs moyennes------------
*temperature moyenne =       178.71
*pression moyenne =     2167.1    
 --------------------------------------


<<<<<<<<  ITERATION =     91  time =   0.9100000E-13


 --------- Temperatures et Pression--------
 ----------valeurs instantanees------------
        91 0.910E-13*Epot =    -15318.0849681      eV 
    *energie paire 2 corps =    -15318.0923828      eV 
    *energie pot coul recip =    0.741473664141E-02  eV 
        91 0.910E-13*Ec =     20.6126674875      eV   (207.643 K)
        91 0.910E-13*Etot =    -15297.4723006      eV 

        91 0.910E-13*Temp instantanee = 207.643

*temp instantanee des atomes de type 1 =       210.04
*temp instantanee des atomes de type 2 =       202.85

 * stress en kbar 
1 sigma potentiel (1,1) (2,1) (3,1) =   2165.867471     -0.1944461173     -0.1437641667    
2 sigma potentiel (1,2) (2,2) (3,2) = -0.1944461173       2165.605507      0.4995706346E-01
3 sigma potentiel (1,3) (2,3) (3,3) = -0.1437641667      0.4995706346E-01   2166.357757    

1 sigma cinetique (1,1) (2,1) (3,1) =   2.092481471      0.4273432406E-02  0.5945274117E-02
2 sigma cinetique (1,2) (2,2) (3,2) =  0.4273432406E-02   1.968904490     -0.5353389959E-01
3 sigma cinetique (1,3) (2,3) (3,3) =  0.5945274117E-02 -0.5353389959E-01   2.251225346    

1 sigma total (1,1) (2,1) (3,1) =   2167.959952     -0.1901726849     -0.1378188926    
2 sigma total (1,2) (2,2) (3,2) = -0.1901726849       2167.574412     -0.3576836130E-02
3 sigma total (1,3) (2,3) (3,3) = -0.1378188926     -0.3576836130E-02   2168.608983    

        91 0.910E-13*Pression =     2168.0    
 pression totale  potentiel = cinetique =
    2168.0        2165.9        2.1042    
 ----------valeurs moyennes------------
*temperature moyenne =       179.03
*pression moyenne =     2167.1    
 --------------------------------------


<<<<<<<<  ITERATION =     92  time =   0.9200000E-13


 --------- Temperatures et Pression--------
 ----------valeurs instantanees------------
        92 0.920E-13*Epot =    -15318.3115034      eV 
    *energie paire 2 corps =    -15318.3189144      eV 
    *energie pot coul recip =    0.741101697513E-02  eV 
        92 0.920E-13*Ec =     20.8390634243      eV   (209.924 K)
        92 0.920E-13*Etot =    -15297.4724399      eV 

        92 0.920E-13*Temp instantanee = 209.924

*temp instantanee des atomes de type 1 =       208.85
*temp instantanee des atomes de type 2 =       212.08

 * stress en kbar 
1 sigma potentiel (1,1) (2,1) (3,1) =   2165.792884     -0.1861951856     -0.1304723138    
2 sigma potentiel (1,2) (2,2) (3,2) = -0.1861951856       2165.504131      0.3728895289E-01
3 sigma potentiel (1,3) (2,3) (3,3) = -0.1304723138      0.3728895289E-01   2166.292779    

1 sigma cinetique (1,1) (2,1) (3,1) =   2.120738223      0.2631931275E-02  0.3293952533E-02
2 sigma cinetique (1,2) (2,2) (3,2) =  0.2631931275E-02   1.982478785     -0.5407657459E-01
3 sigma cinetique (1,3) (2,3) (3,3) =  0.3293952533E-02 -0.5407657459E-01   2.278727856    

1 sigma total (1,1) (2,1) (3,1) =   2167.913622     -0.1835632543     -0.1271783613    
2 sigma total (1,2) (2,2) (3,2) = -0.1835632543       2167.486609     -0.1678762170E-01
3 sigma total (1,3) (2,3) (3,3) = -0.1271783613     -0.1678762170E-01   2168.571507    

        92 0.920E-13*Pression =     2168.0    
 pression totale  potentiel = cinetique =
    2168.0        2165.9        2.1273    
 ----------valeurs moyennes------------
*temperature moyenne =       179.36
*pression moyenne =     2167.1    
 --------------------------------------


<<<<<<<<  ITERATION =     93  time =   0.9300000E-13


 --------- Temperatures et Pression--------
 ----------valeurs instantanees------------
        93 0.930E-13*Epot =    -15318.5057006      eV 
    *energie paire 2 corps =    -15318.5131081      eV 
    *energie pot coul recip =    0.740756379937E-02  eV 
        93 0.930E-13*Ec =     21.0331966833      eV   (211.879 K)
        93 0.930E-13*Etot =    -15297.4725039      eV 

        93 0.930E-13*Temp instantanee = 211.879

*temp instantanee des atomes de type 1 =       207.64
*temp instantanee des atomes de type 2 =       220.35

 * stress en kbar 
1 sigma potentiel (1,1) (2,1) (3,1) =   2165.728400     -0.1761965169     -0.1195602032    
2 sigma potentiel (1,2) (2,2) (3,2) = -0.1761965169       2165.389324      0.3404088951E-01
3 sigma potentiel (1,3) (2,3) (3,3) = -0.1195602032      0.3404088951E-01   2166.204355    

1 sigma cinetique (1,1) (2,1) (3,1) =   2.146637717      0.6303220470E-03  0.6976862968E-04
2 sigma cinetique (1,2) (2,2) (3,2) =  0.6303220470E-03   1.992787188     -0.5423249321E-01
3 sigma cinetique (1,3) (2,3) (3,3) =  0.6976862968E-04 -0.5423249321E-01   2.301973099    

1 sigma total (1,1) (2,1) (3,1) =   2167.875038     -0.1755661948     -0.1194904346    
2 sigma total (1,2) (2,2) (3,2) = -0.1755661948       2167.382111     -0.2019160370E-01
3 sigma total (1,3) (2,3) (3,3) = -0.1194904346     -0.2019160370E-01   2168.506328    

        93 0.930E-13*Pression =     2167.9    
 pression totale  potentiel = cinetique =
    2167.9        2165.8        2.1471    
 ----------valeurs moyennes------------
*temperature moyenne =       179.71
*pression moyenne =     2167.1    
 --------------------------------------


<<<<<<<<  ITERATION =     94  time =   0.9400000E-13


 --------- Temperatures et Pression--------
 ----------valeurs instantanees------------
        94 0.940E-13*Epot =    -15318.6656781      eV 
    *energie paire 2 corps =    -15318.6730825      eV 
    *energie pot coul recip =    0.740437015925E-02  eV 
        94 0.940E-13*Ec =     21.1930899854      eV   (213.490 K)
        94 0.940E-13*Etot =    -15297.4725881      eV 

        94 0.940E-13*Temp instantanee = 213.490

*temp instantanee des atomes de type 1 =       206.45
*temp instantanee des atomes de type 2 =       227.57

 * stress en kbar 
1 sigma potentiel (1,1) (2,1) (3,1) =   2165.690301     -0.1643151677     -0.1060323816    
2 sigma potentiel (1,2) (2,2) (3,2) = -0.1643151677       2165.302269      0.2791836508E-01
3 sigma potentiel (1,3) (2,3) (3,3) = -0.1060323816      0.2791836508E-01   2166.141065    

1 sigma cinetique (1,1) (2,1) (3,1) =   2.169932420     -0.1708306317E-02 -0.3689827956E-02
2 sigma cinetique (1,2) (2,2) (3,2) = -0.1708306317E-02   1.999758846     -0.5399930488E-01
3 sigma cinetique (1,3) (2,3) (3,3) = -0.3689827956E-02 -0.5399930488E-01   2.320673922    

1 sigma total (1,1) (2,1) (3,1) =   2167.860234     -0.1660234741     -0.1097222096    
2 sigma total (1,2) (2,2) (3,2) = -0.1660234741       2167.302028     -0.2608093980E-01
3 sigma total (1,3) (2,3) (3,3) = -0.1097222096     -0.2608093980E-01   2168.461739    

        94 0.940E-13*Pression =     2167.9    
 pression totale  potentiel = cinetique =
    2167.9        2165.7        2.1635    
 ----------valeurs moyennes------------
*temperature moyenne =       180.07
*pression moyenne =     2167.2    
 --------------------------------------


<<<<<<<<  ITERATION =     95  time =   0.9500000E-13


 --------- Temperatures et Pression--------
 ----------valeurs instantanees------------
        95 0.950E-13*Epot =    -15318.7900877      eV 
    *energie paire 2 corps =    -15318.7974892      eV 
    *energie pot coul recip =    0.740142911385E-02  eV 
        95 0.950E-13*Ec =     21.3174294117      eV   (214.742 K)
        95 0.950E-13*Etot =    -15297.4726583      eV 

        95 0.950E-13*Temp instantanee = 214.742

*temp instantanee des atomes de type 1 =       205.29
*temp instantanee des atomes de type 2 =       233.64

 * stress en kbar 
1 sigma potentiel (1,1) (2,1) (3,1) =   2165.641572     -0.1506306475     -0.9701292565E-01
2 sigma potentiel (1,2) (2,2) (3,2) = -0.1506306475       2165.230865      0.2259359413E-01
3 sigma potentiel (1,3) (2,3) (3,3) = -0.9701292565E-01  0.2259359413E-01   2166.111244    

1 sigma cinetique (1,1) (2,1) (3,1) =   2.190412981     -0.4359707631E-02 -0.7931764730E-02
2 sigma cinetique (1,2) (2,2) (3,2) = -0.4359707631E-02   2.003406182     -0.5337994840E-01
3 sigma cinetique (1,3) (2,3) (3,3) = -0.7931764730E-02 -0.5337994840E-01   2.334624865    

1 sigma total (1,1) (2,1) (3,1) =   2167.831985     -0.1549903551     -0.1049446904    
2 sigma total (1,2) (2,2) (3,2) = -0.1549903551       2167.234271     -0.3078635427E-01
3 sigma total (1,3) (2,3) (3,3) = -0.1049446904     -0.3078635427E-01   2168.445868    

        95 0.950E-13*Pression =     2167.8    
 pression totale  potentiel = cinetique =
    2167.8        2165.7        2.1761    
 ----------valeurs moyennes------------
*temperature moyenne =       180.44
*pression moyenne =     2167.2    
 --------------------------------------


<<<<<<<<  ITERATION =     96  time =   0.9600000E-13


 --------- Temperatures et Pression--------
 ----------valeurs instantanees------------
        96 0.960E-13*Epot =    -15318.8782720      eV 
    *energie paire 2 corps =    -15318.8856707      eV 
    *energie pot coul recip =    0.739873311737E-02  eV 
        96 0.960E-13*Ec =     21.4056088673      eV   (215.631 K)
        96 0.960E-13*Etot =    -15297.4726631      eV 

        96 0.960E-13*Temp instantanee = 215.631

*temp instantanee des atomes de type 1 =       204.19
*temp instantanee des atomes de type 2 =       238.52

 * stress en kbar 
1 sigma potentiel (1,1) (2,1) (3,1) =   2165.631205     -0.1353347806     -0.7982532626E-01
2 sigma potentiel (1,2) (2,2) (3,2) = -0.1353347806       2165.175917      0.1370764375E-01
3 sigma potentiel (1,3) (2,3) (3,3) = -0.7982532626E-01  0.1370764375E-01   2166.077808    

1 sigma cinetique (1,1) (2,1) (3,1) =   2.207927187     -0.7298943999E-02 -0.1260045648E-01
2 sigma cinetique (1,2) (2,2) (3,2) = -0.7298943999E-02   2.003792557     -0.5239042368E-01
3 sigma cinetique (1,3) (2,3) (3,3) = -0.1260045648E-01 -0.5239042368E-01   2.343729165    

1 sigma total (1,1) (2,1) (3,1) =   2167.839132     -0.1426337246     -0.9242578273E-01
2 sigma total (1,2) (2,2) (3,2) = -0.1426337246       2167.179709     -0.3868277993E-01
3 sigma total (1,3) (2,3) (3,3) = -0.9242578273E-01 -0.3868277993E-01   2168.421538    

        96 0.960E-13*Pression =     2167.8    
 pression totale  potentiel = cinetique =
    2167.8        2165.6        2.1851    
 ----------valeurs moyennes------------
*temperature moyenne =       180.80
*pression moyenne =     2167.2    
 --------------------------------------


<<<<<<<<  ITERATION =     97  time =   0.9700000E-13


 --------- Temperatures et Pression--------
 ----------valeurs instantanees------------
        97 0.970E-13*Epot =    -15318.9303002      eV 
    *energie paire 2 corps =    -15318.9376965      eV 
    *energie pot coul recip =    0.739627372562E-02  eV 
        97 0.970E-13*Ec =     21.4577352007      eV   (216.156 K)
        97 0.970E-13*Etot =    -15297.4725650      eV 

        97 0.970E-13*Temp instantanee = 216.156

*temp instantanee des atomes de type 1 =       203.15
*temp instantanee des atomes de type 2 =       242.17

 * stress en kbar 
1 sigma potentiel (1,1) (2,1) (3,1) =   2165.631696     -0.1205583749     -0.6704362802E-01
2 sigma potentiel (1,2) (2,2) (3,2) = -0.1205583749       2165.132828      0.6750699072E-02
3 sigma potentiel (1,3) (2,3) (3,3) = -0.6704362802E-01  0.6750699072E-02   2166.055332    

1 sigma cinetique (1,1) (2,1) (3,1) =   2.222390058     -0.1050072486E-01 -0.1764006419E-01
2 sigma cinetique (1,2) (2,2) (3,2) = -0.1050072486E-01   2.001044843     -0.5104922100E-01
3 sigma cinetique (1,3) (2,3) (3,3) = -0.1764006419E-01 -0.5104922100E-01   2.347977652    

1 sigma total (1,1) (2,1) (3,1) =   2167.854086     -0.1310590998     -0.8468369221E-01
2 sigma total (1,2) (2,2) (3,2) = -0.1310590998       2167.133873     -0.4429852193E-01
3 sigma total (1,3) (2,3) (3,3) = -0.8468369221E-01 -0.4429852193E-01   2168.403310    

        97 0.970E-13*Pression =     2167.8    
 pression totale  potentiel = cinetique =
    2167.8        2165.6        2.1905    
 ----------valeurs moyennes------------
*temperature moyenne =       181.17
*pression moyenne =     2167.2    
 --------------------------------------


<<<<<<<<  ITERATION =     98  time =   0.9800000E-13


 --------- Temperatures et Pression--------
 ----------valeurs instantanees------------
        98 0.980E-13*Epot =    -15318.9468985      eV 
    *energie paire 2 corps =    -15318.9542926      eV 
    *energie pot coul recip =    0.739404245156E-02  eV 
        98 0.980E-13*Ec =     21.4744404591      eV   (216.324 K)
        98 0.980E-13*Etot =    -15297.4724581      eV 

        98 0.980E-13*Temp instantanee = 216.324

*temp instantanee des atomes de type 1 =       202.20
*temp instantanee des atomes de type 2 =       244.57

 * stress en kbar 
1 sigma potentiel (1,1) (2,1) (3,1) =   2165.642931     -0.1068407755     -0.5483482443E-01
2 sigma potentiel (1,2) (2,2) (3,2) = -0.1068407755       2165.093549      0.4252621848E-04
3 sigma potentiel (1,3) (2,3) (3,3) = -0.5483482443E-01  0.4252621848E-04   2166.050118    

1 sigma cinetique (1,1) (2,1) (3,1) =   2.233758612     -0.1393553801E-01 -0.2298622186E-01
2 sigma cinetique (1,2) (2,2) (3,2) = -0.1393553801E-01   1.995336623     -0.4936884382E-01
3 sigma cinetique (1,3) (2,3) (3,3) = -0.2298622186E-01 -0.4936884382E-01   2.347433288    

1 sigma total (1,1) (2,1) (3,1) =   2167.876690     -0.1207763135     -0.7782104629E-01
2 sigma total (1,2) (2,2) (3,2) = -0.1207763135       2167.088886     -0.4932631760E-01
3 sigma total (1,3) (2,3) (3,3) = -0.7782104629E-01 -0.4932631760E-01   2168.397551    

        98 0.980E-13*Pression =     2167.8    
 pression totale  potentiel = cinetique =
    2167.8        2165.6        2.1922    
 ----------valeurs moyennes------------
*temperature moyenne =       181.53
*pression moyenne =     2167.2    
 --------------------------------------


<<<<<<<<  ITERATION =     99  time =   0.9900000E-13


 --------- Temperatures et Pression--------
 ----------valeurs instantanees------------
        99 0.990E-13*Epot =    -15318.9295233      eV 
    *energie paire 2 corps =    -15318.9369154      eV 
    *energie pot coul recip =    0.739203095120E-02  eV 
        99 0.990E-13*Ec =     21.4571501072      eV   (216.150 K)
        99 0.990E-13*Etot =    -15297.4723732      eV 

        99 0.990E-13*Temp instantanee = 216.150

*temp instantanee des atomes de type 1 =       201.36
*temp instantanee des atomes de type 2 =       245.74

 * stress en kbar 
1 sigma potentiel (1,1) (2,1) (3,1) =   2165.674346     -0.9011388982E-01 -0.3587393314E-01
2 sigma potentiel (1,2) (2,2) (3,2) = -0.9011388982E-01   2165.096710     -0.2948621845E-03
3 sigma potentiel (1,3) (2,3) (3,3) = -0.3587393314E-01 -0.2948621845E-03   2166.056583    

1 sigma cinetique (1,1) (2,1) (3,1) =   2.242063054     -0.1757044459E-01 -0.2856449717E-01
2 sigma cinetique (1,2) (2,2) (3,2) = -0.1757044459E-01   1.986906448     -0.4736685929E-01
3 sigma cinetique (1,3) (2,3) (3,3) = -0.2856449717E-01 -0.4736685929E-01   2.342263866    

1 sigma total (1,1) (2,1) (3,1) =   2167.916409     -0.1076843344     -0.6443843031E-01
2 sigma total (1,2) (2,2) (3,2) = -0.1076843344       2167.083617     -0.4766172147E-01
3 sigma total (1,3) (2,3) (3,3) = -0.6443843031E-01 -0.4766172147E-01   2168.398847    

        99 0.990E-13*Pression =     2167.8    
 pression totale  potentiel = cinetique =
    2167.8        2165.6        2.1904    
 ----------valeurs moyennes------------
*temperature moyenne =       181.88
*pression moyenne =     2167.2    
 --------------------------------------


<<<<<<<<  ITERATION =    100  time =   0.1000000E-12


 --------- Temperatures et Pression--------
 ----------valeurs instantanees------------
       100 0.100E-12*Epot =    -15318.8801479      eV 
    *energie paire 2 corps =    -15318.8875381      eV 
    *energie pot coul recip =    0.739023111701E-02  eV 
       100 0.100E-12*Ec =     21.4079138312      eV   (215.654 K)
       100 0.100E-12*Etot =    -15297.4722340      eV 

       100 0.100E-12*Temp instantanee = 215.654

*temp instantanee des atomes de type 1 =       200.64
*temp instantanee des atomes de type 2 =       245.69

 * stress en kbar 
1 sigma potentiel (1,1) (2,1) (3,1) =   2165.724669     -0.7757106754E-01 -0.2395624888E-01
2 sigma potentiel (1,2) (2,2) (3,2) = -0.7757106754E-01   2165.109901     -0.4785758202E-02
3 sigma potentiel (1,3) (2,3) (3,3) = -0.2395624888E-01 -0.4785758202E-02   2166.083420    

1 sigma cinetique (1,1) (2,1) (3,1) =   2.247391411     -0.2138052124E-01 -0.3430161974E-01
2 sigma cinetique (1,2) (2,2) (3,2) = -0.2138052124E-01   1.976049593     -0.4507381991E-01
3 sigma cinetique (1,3) (2,3) (3,3) = -0.3430161974E-01 -0.4507381991E-01   2.332713798    

1 sigma total (1,1) (2,1) (3,1) =   2167.972061     -0.9895158878E-01 -0.5825786862E-01
2 sigma total (1,2) (2,2) (3,2) = -0.9895158878E-01   2167.085951     -0.4985957812E-01
3 sigma total (1,3) (2,3) (3,3) = -0.5825786862E-01 -0.4985957812E-01   2168.416134    

       100 0.100E-12*Pression =     2167.8    
 pression totale  potentiel = cinetique =
    2167.8        2165.6        2.1854    
 ----------valeurs moyennes------------
*temperature moyenne =       182.22
*pression moyenne =     2167.2    
 --------------------------------------


<<<<<<<<  ITERATION =    101  time =   0.1010000E-12


 --------- Temperatures et Pression--------
 ----------valeurs instantanees------------
       101 0.101E-12*Epot =    -15318.8013040      eV 
    *energie paire 2 corps =    -15318.8086927      eV 
    *energie pot coul recip =    0.738863331024E-02  eV 
       101 0.101E-12*Ec =     21.3292914525      eV   (214.862 K)
       101 0.101E-12*Etot =    -15297.4720126      eV 

       101 0.101E-12*Temp instantanee = 214.862

*temp instantanee des atomes de type 1 =       200.05
*temp instantanee des atomes de type 2 =       244.48

 * stress en kbar 
1 sigma potentiel (1,1) (2,1) (3,1) =   2165.784122     -0.5977214431E-01 -0.8108674037E-02
2 sigma potentiel (1,2) (2,2) (3,2) = -0.5977214431E-01   2165.132051     -0.5757217273E-02
3 sigma potentiel (1,3) (2,3) (3,3) = -0.8108674037E-02 -0.5757217273E-02   2166.112255    

1 sigma cinetique (1,1) (2,1) (3,1) =   2.249892957     -0.2532834326E-01 -0.4012665585E-01
2 sigma cinetique (1,2) (2,2) (3,2) = -0.2532834326E-01   1.963091545     -0.4252394924E-01
3 sigma cinetique (1,3) (2,3) (3,3) = -0.4012665585E-01 -0.4252394924E-01   2.319092266    

1 sigma total (1,1) (2,1) (3,1) =   2168.034015     -0.8510048757E-01 -0.4823532989E-01
2 sigma total (1,2) (2,2) (3,2) = -0.8510048757E-01   2167.095143     -0.4828116652E-01
3 sigma total (1,3) (2,3) (3,3) = -0.4823532989E-01 -0.4828116652E-01   2168.431347    

       101 0.101E-12*Pression =     2167.9    
 pression totale  potentiel = cinetique =
    2167.9        2165.7        2.1774    
 ----------valeurs moyennes------------
*temperature moyenne =       182.54
*pression moyenne =     2167.2    
 --------------------------------------


<<<<<<<<  ITERATION =    102  time =   0.1020000E-12


 --------- Temperatures et Pression--------
 ----------valeurs instantanees------------
       102 0.102E-12*Epot =    -15318.6961595      eV 
    *energie paire 2 corps =    -15318.7035468      eV 
    *energie pot coul recip =    0.738722851221E-02  eV 
       102 0.102E-12*Ec =     21.2243836485      eV   (213.805 K)
       102 0.102E-12*Etot =    -15297.4717759      eV 

       102 0.102E-12*Temp instantanee = 213.805

*temp instantanee des atomes de type 1 =       199.62
*temp instantanee des atomes de type 2 =       242.17

 * stress en kbar 
1 sigma potentiel (1,1) (2,1) (3,1) =   2165.865625     -0.4105962284E-01  0.6806629901E-02
2 sigma potentiel (1,2) (2,2) (3,2) = -0.4105962284E-01   2165.167905     -0.5229821357E-02
3 sigma potentiel (1,3) (2,3) (3,3) =  0.6806629901E-02 -0.5229821357E-02   2166.164048    

1 sigma cinetique (1,1) (2,1) (3,1) =   2.249760818     -0.2937555852E-01 -0.4595529958E-01
2 sigma cinetique (1,2) (2,2) (3,2) = -0.2937555852E-01   1.948397427     -0.3974199909E-01
3 sigma cinetique (1,3) (2,3) (3,3) = -0.4595529958E-01 -0.3974199909E-01   2.301790600    

1 sigma total (1,1) (2,1) (3,1) =   2168.115386     -0.7043518136E-01 -0.3914866968E-01
2 sigma total (1,2) (2,2) (3,2) = -0.7043518136E-01   2167.116303     -0.4497182045E-01
3 sigma total (1,3) (2,3) (3,3) = -0.3914866968E-01 -0.4497182045E-01   2168.465838    

       102 0.102E-12*Pression =     2167.9    
 pression totale  potentiel = cinetique =
    2167.9        2165.7        2.1666    
 ----------valeurs moyennes------------
*temperature moyenne =       182.85
*pression moyenne =     2167.2    
 --------------------------------------


<<<<<<<<  ITERATION =    103  time =   0.1030000E-12


 --------- Temperatures et Pression--------
 ----------valeurs instantanees------------
       103 0.103E-12*Epot =    -15318.5682238      eV 
    *energie paire 2 corps =    -15318.5756098      eV 
    *energie pot coul recip =    0.738600734454E-02  eV 
       103 0.103E-12*Ec =     21.0966967325      eV   (212.519 K)
       103 0.103E-12*Etot =    -15297.4715270      eV 

       103 0.103E-12*Temp instantanee = 212.519

*temp instantanee des atomes de type 1 =       199.36
*temp instantanee des atomes de type 2 =       238.84

 * stress en kbar 
1 sigma potentiel (1,1) (2,1) (3,1) =   2165.962217     -0.2433389193E-01  0.1925743390E-01
2 sigma potentiel (1,2) (2,2) (3,2) = -0.2433389193E-01   2165.234735     -0.1072639193E-01
3 sigma potentiel (1,3) (2,3) (3,3) =  0.1925743390E-01 -0.1072639193E-01   2166.221271    

1 sigma cinetique (1,1) (2,1) (3,1) =   2.247217206     -0.3349652811E-01 -0.5170899848E-01
2 sigma cinetique (1,2) (2,2) (3,2) = -0.3349652811E-01   1.932364420     -0.3675847714E-01
3 sigma cinetique (1,3) (2,3) (3,3) = -0.5170899848E-01 -0.3675847714E-01   2.281263213    

1 sigma total (1,1) (2,1) (3,1) =   2168.209434     -0.5783042004E-01 -0.3245156458E-01
2 sigma total (1,2) (2,2) (3,2) = -0.5783042004E-01   2167.167100     -0.4748486907E-01
3 sigma total (1,3) (2,3) (3,3) = -0.3245156458E-01 -0.4748486907E-01   2168.502534    

       103 0.103E-12*Pression =     2168.0    
 pression totale  potentiel = cinetique =
    2168.0        2165.8        2.1536    
 ----------valeurs moyennes------------
*temperature moyenne =       183.13
*pression moyenne =     2167.2    
 --------------------------------------


<<<<<<<<  ITERATION =    104  time =   0.1040000E-12


 --------- Temperatures et Pression--------
 ----------valeurs instantanees------------
       104 0.104E-12*Epot =    -15318.4214546      eV 
    *energie paire 2 corps =    -15318.4288396      eV 
    *energie pot coul recip =    0.738496137615E-02  eV 
       104 0.104E-12*Ec =     20.9501406642      eV   (211.043 K)
       104 0.104E-12*Etot =    -15297.4713140      eV 

       104 0.104E-12*Temp instantanee = 211.043

*temp instantanee des atomes de type 1 =       199.27
*temp instantanee des atomes de type 2 =       234.59

 * stress en kbar 
1 sigma potentiel (1,1) (2,1) (3,1) =   2166.061679     -0.8413197836E-02  0.2779451636E-01
2 sigma potentiel (1,2) (2,2) (3,2) = -0.8413197836E-02   2165.319717     -0.2474527634E-02
3 sigma potentiel (1,3) (2,3) (3,3) =  0.2779451636E-01 -0.2474527634E-02   2166.309228    

1 sigma cinetique (1,1) (2,1) (3,1) =   2.242540468     -0.3766062934E-01 -0.5730464884E-01
2 sigma cinetique (1,2) (2,2) (3,2) = -0.3766062934E-01   1.915404476     -0.3360322075E-01
3 sigma cinetique (1,3) (2,3) (3,3) = -0.5730464884E-01 -0.3360322075E-01   2.258017227    

1 sigma total (1,1) (2,1) (3,1) =   2168.304220     -0.4607382718E-01 -0.2951013248E-01
2 sigma total (1,2) (2,2) (3,2) = -0.4607382718E-01   2167.235122     -0.3607774838E-01
3 sigma total (1,3) (2,3) (3,3) = -0.2951013248E-01 -0.3607774838E-01   2168.567246    

       104 0.104E-12*Pression =     2168.0    
 pression totale  potentiel = cinetique =
    2168.0        2165.9        2.1387    
 ----------valeurs moyennes------------
*temperature moyenne =       183.40
*pression moyenne =     2167.2    
 --------------------------------------


<<<<<<<<  ITERATION =    105  time =   0.1050000E-12


 --------- Temperatures et Pression--------
 ----------valeurs instantanees------------
       105 0.105E-12*Epot =    -15318.2600070      eV 
    *energie paire 2 corps =    -15318.2673911      eV 
    *energie pot coul recip =    0.738408164255E-02  eV 
       105 0.105E-12*Ec =     20.7889791385      eV   (209.419 K)
       105 0.105E-12*Etot =    -15297.4710279      eV 

       105 0.105E-12*Temp instantanee = 209.419

*temp instantanee des atomes de type 1 =       199.37
*temp instantanee des atomes de type 2 =       229.52

 * stress en kbar 
1 sigma potentiel (1,1) (2,1) (3,1) =   2166.164839      0.3090603422E-02  0.3768973792E-01
2 sigma potentiel (1,2) (2,2) (3,2) =  0.3090603422E-02   2165.403041     -0.1080312939E-03
3 sigma potentiel (1,3) (2,3) (3,3) =  0.3768973792E-01 -0.1080312939E-03   2166.385391    

1 sigma cinetique (1,1) (2,1) (3,1) =   2.236055338     -0.4183398901E-01 -0.6266139794E-01
2 sigma cinetique (1,2) (2,2) (3,2) = -0.4183398901E-01   1.897944880     -0.3030479381E-01
3 sigma cinetique (1,3) (2,3) (3,3) = -0.6266139794E-01 -0.3030479381E-01   2.232606379    

1 sigma total (1,1) (2,1) (3,1) =   2168.400895     -0.3874338559E-01 -0.2497166002E-01
2 sigma total (1,2) (2,2) (3,2) = -0.3874338559E-01   2167.300986     -0.3041282510E-01
3 sigma total (1,3) (2,3) (3,3) = -0.2497166002E-01 -0.3041282510E-01   2168.617998    

       105 0.105E-12*Pression =     2168.1    
 pression totale  potentiel = cinetique =
    2168.1        2166.0        2.1222    
 ----------valeurs moyennes------------
*temperature moyenne =       183.65
*pression moyenne =     2167.2    
 --------------------------------------


<<<<<<<<  ITERATION =    106  time =   0.1060000E-12


 --------- Temperatures et Pression--------
 ----------valeurs instantanees------------
       106 0.106E-12*Epot =    -15318.0884378      eV 
    *energie paire 2 corps =    -15318.0958212      eV 
    *energie pot coul recip =    0.738335897328E-02  eV 
       106 0.106E-12*Ec =     20.6176782667      eV   (207.693 K)
       106 0.106E-12*Etot =    -15297.4707596      eV 

       106 0.106E-12*Temp instantanee = 207.693

*temp instantanee des atomes de type 1 =       199.66
*temp instantanee des atomes de type 2 =       223.76

 * stress en kbar 
1 sigma potentiel (1,1) (2,1) (3,1) =   2166.295844      0.1747350025E-01  0.4776217683E-01
2 sigma potentiel (1,2) (2,2) (3,2) =  0.1747350025E-01   2165.504541      0.6156822647E-02
3 sigma potentiel (1,3) (2,3) (3,3) =  0.4776217683E-01  0.6156822647E-02   2166.492583    

1 sigma cinetique (1,1) (2,1) (3,1) =   2.228101809     -0.4598922248E-01 -0.6771865438E-01
2 sigma cinetique (1,2) (2,2) (3,2) = -0.4598922248E-01   1.880435523     -0.2689177968E-01
3 sigma cinetique (1,3) (2,3) (3,3) = -0.6771865438E-01 -0.2689177968E-01   2.205608522    

1 sigma total (1,1) (2,1) (3,1) =   2168.523946     -0.2851572223E-01 -0.1995647755E-01
2 sigma total (1,2) (2,2) (3,2) = -0.2851572223E-01   2167.384976     -0.2073495704E-01
3 sigma total (1,3) (2,3) (3,3) = -0.1995647755E-01 -0.2073495704E-01   2168.698191    

       106 0.106E-12*Pression =     2168.2    
 pression totale  potentiel = cinetique =
    2168.2        2166.1        2.1047    
 ----------valeurs moyennes------------
*temperature moyenne =       183.88
*pression moyenne =     2167.2    
 --------------------------------------


<<<<<<<<  ITERATION =    107  time =   0.1070000E-12


 --------- Temperatures et Pression--------
 ----------valeurs instantanees------------
       107 0.107E-12*Epot =    -15317.9112338      eV 
    *energie paire 2 corps =    -15317.9186165      eV 
    *energie pot coul recip =    0.738278451387E-02  eV 
       107 0.107E-12*Ec =     20.4408115809      eV   (205.912 K)
       107 0.107E-12*Etot =    -15297.4704222      eV 

       107 0.107E-12*Temp instantanee = 205.912

*temp instantanee des atomes de type 1 =       200.16
*temp instantanee des atomes de type 2 =       217.42

 * stress en kbar 
1 sigma potentiel (1,1) (2,1) (3,1) =   2166.414183      0.3536170805E-01  0.5563266910E-01
2 sigma potentiel (1,2) (2,2) (3,2) =  0.3536170805E-01   2165.615622      0.1354804693E-01
3 sigma potentiel (1,3) (2,3) (3,3) =  0.5563266910E-01  0.1354804693E-01   2166.580833    

1 sigma cinetique (1,1) (2,1) (3,1) =   2.219045466     -0.5009893857E-01 -0.7240675633E-01
2 sigma cinetique (1,2) (2,2) (3,2) = -0.5009893857E-01   1.863305649     -0.2340163770E-01
3 sigma cinetique (1,3) (2,3) (3,3) = -0.7240675633E-01 -0.2340163770E-01   2.177629473    

1 sigma total (1,1) (2,1) (3,1) =   2168.633229     -0.1473723053E-01 -0.1677408723E-01
2 sigma total (1,2) (2,2) (3,2) = -0.1473723053E-01   2167.478928     -0.9853590771E-02
3 sigma total (1,3) (2,3) (3,3) = -0.1677408723E-01 -0.9853590771E-02   2168.758463    

       107 0.107E-12*Pression =     2168.3    
 pression totale  potentiel = cinetique =
    2168.3        2166.2        2.0867    
 ----------valeurs moyennes------------
*temperature moyenne =       184.08
*pression moyenne =     2167.2    
 --------------------------------------


<<<<<<<<  ITERATION =    108  time =   0.1080000E-12


 --------- Temperatures et Pression--------
 ----------valeurs instantanees------------
       108 0.108E-12*Epot =    -15317.7332065      eV 
    *energie paire 2 corps =    -15317.7405889      eV 
    *energie pot coul recip =    0.738234972565E-02  eV 
       108 0.108E-12*Ec =     20.2630216947      eV   (204.121 K)
       108 0.108E-12*Etot =    -15297.4701848      eV 

       108 0.108E-12*Temp instantanee = 204.121

*temp instantanee des atomes de type 1 =       200.86
*temp instantanee des atomes de type 2 =       210.64

 * stress en kbar 
1 sigma potentiel (1,1) (2,1) (3,1) =   2166.566759      0.4391676596E-01  0.6221279665E-01
2 sigma potentiel (1,2) (2,2) (3,2) =  0.4391676596E-01   2165.741081      0.2562815951E-01
3 sigma potentiel (1,3) (2,3) (3,3) =  0.6221279665E-01  0.2562815951E-01   2166.707528    

1 sigma cinetique (1,1) (2,1) (3,1) =   2.209270851     -0.5413092971E-01 -0.7666515826E-01
2 sigma cinetique (1,2) (2,2) (3,2) = -0.5413092971E-01   1.846974302     -0.1986173699E-01
3 sigma cinetique (1,3) (2,3) (3,3) = -0.7666515826E-01 -0.1986173699E-01   2.149287438    

1 sigma total (1,1) (2,1) (3,1) =   2168.776030     -0.1021416375E-01 -0.1445236160E-01
2 sigma total (1,2) (2,2) (3,2) = -0.1021416375E-01   2167.588056      0.5766422522E-02
3 sigma total (1,3) (2,3) (3,3) = -0.1445236160E-01  0.5766422522E-02   2168.856816    

       108 0.108E-12*Pression =     2168.4    
 pression totale  potentiel = cinetique =
    2168.4        2166.3        2.0685    
 ----------valeurs moyennes------------
*temperature moyenne =       184.27
*pression moyenne =     2167.3    
 --------------------------------------


<<<<<<<<  ITERATION =    109  time =   0.1090000E-12


 --------- Temperatures et Pression--------
 ----------valeurs instantanees------------
       109 0.109E-12*Epot =    -15317.5588534      eV 
    *energie paire 2 corps =    -15317.5662354      eV 
    *energie pot coul recip =    0.738204554142E-02  eV 
       109 0.109E-12*Ec =     20.0889456522      eV   (202.367 K)
       109 0.109E-12*Etot =    -15297.4699077      eV 

       109 0.109E-12*Temp instantanee = 202.367

*temp instantanee des atomes de type 1 =       201.78
*temp instantanee des atomes de type 2 =       203.54

 * stress en kbar 
1 sigma potentiel (1,1) (2,1) (3,1) =   2166.713006      0.5321425684E-01  0.6496209124E-01
2 sigma potentiel (1,2) (2,2) (3,2) =  0.5321425684E-01   2165.869467      0.3646976640E-01
3 sigma potentiel (1,3) (2,3) (3,3) =  0.6496209124E-01  0.3646976640E-01   2166.825517    

1 sigma cinetique (1,1) (2,1) (3,1) =   2.199165704     -0.5805745686E-01 -0.8043667543E-01
2 sigma cinetique (1,2) (2,2) (3,2) = -0.5805745686E-01   1.831850162     -0.1628141465E-01
3 sigma cinetique (1,3) (2,3) (3,3) = -0.8043667543E-01 -0.1628141465E-01   2.121206090    

1 sigma total (1,1) (2,1) (3,1) =   2168.912171     -0.4843200018E-02 -0.1547458419E-01
2 sigma total (1,2) (2,2) (3,2) = -0.4843200018E-02   2167.701317      0.2018835175E-01
3 sigma total (1,3) (2,3) (3,3) = -0.1547458419E-01  0.2018835175E-01   2168.946723    

       109 0.109E-12*Pression =     2168.5    
 pression totale  potentiel = cinetique =
    2168.5        2166.5        2.0507    
 ----------valeurs moyennes------------
*temperature moyenne =       184.43
*pression moyenne =     2167.3    
 --------------------------------------


<<<<<<<<  ITERATION =    110  time =   0.1100000E-12


 --------- Temperatures et Pression--------
 ----------valeurs instantanees------------
       110 0.110E-12*Epot =    -15317.3927288      eV 
    *energie paire 2 corps =    -15317.4001106      eV 
    *energie pot coul recip =    0.738186406440E-02  eV 
       110 0.110E-12*Ec =     19.9230907976      eV   (200.696 K)
       110 0.110E-12*Etot =    -15297.4696380      eV 

       110 0.110E-12*Temp instantanee = 200.696

*temp instantanee des atomes de type 1 =       202.92
*temp instantanee des atomes de type 2 =       196.26

 * stress en kbar 
1 sigma potentiel (1,1) (2,1) (3,1) =   2166.856952      0.6305242161E-01  0.6316386633E-01
2 sigma potentiel (1,2) (2,2) (3,2) =  0.6305242161E-01   2166.006317      0.5162202438E-01
3 sigma potentiel (1,3) (2,3) (3,3) =  0.6316386633E-01  0.5162202438E-01   2166.945970    

1 sigma cinetique (1,1) (2,1) (3,1) =   2.189124343     -0.6185407543E-01 -0.8367350922E-01
2 sigma cinetique (1,2) (2,2) (3,2) = -0.6185407543E-01   1.818310261     -0.1267819146E-01
3 sigma cinetique (1,3) (2,3) (3,3) = -0.8367350922E-01 -0.1267819146E-01   2.093994448    

1 sigma total (1,1) (2,1) (3,1) =   2169.046077      0.1198346181E-02 -0.2050964289E-01
2 sigma total (1,2) (2,2) (3,2) =  0.1198346181E-02   2167.824627      0.3894383293E-01
3 sigma total (1,3) (2,3) (3,3) = -0.2050964289E-01  0.3894383293E-01   2169.039965    

       110 0.110E-12*Pression =     2168.6    
 pression totale  potentiel = cinetique =
    2168.6        2166.6        2.0338    
 ----------valeurs moyennes------------
*temperature moyenne =       184.58
*pression moyenne =     2167.3    
 --------------------------------------


<<<<<<<<  ITERATION =    111  time =   0.1110000E-12


 --------- Temperatures et Pression--------
 ----------valeurs instantanees------------
       111 0.111E-12*Epot =    -15317.2391916      eV 
    *energie paire 2 corps =    -15317.2465733      eV 
    *energie pot coul recip =    0.738179601023E-02  eV 
       111 0.111E-12*Ec =     19.7698049253      eV   (199.152 K)
       111 0.111E-12*Etot =    -15297.4693866      eV 

       111 0.111E-12*Temp instantanee = 199.152

*temp instantanee des atomes de type 1 =       204.27
*temp instantanee des atomes de type 2 =       188.92

 * stress en kbar 
1 sigma potentiel (1,1) (2,1) (3,1) =   2167.003716      0.7379402120E-01  0.6387823580E-01
2 sigma potentiel (1,2) (2,2) (3,2) =  0.7379402120E-01   2166.142581      0.6567779390E-01
3 sigma potentiel (1,3) (2,3) (3,3) =  0.6387823580E-01  0.6567779390E-01   2167.076565    

1 sigma cinetique (1,1) (2,1) (3,1) =   2.179539420     -0.6550752000E-01 -0.8633417373E-01
2 sigma cinetique (1,2) (2,2) (3,2) = -0.6550752000E-01   1.806711791     -0.9073381966E-02
3 sigma cinetique (1,3) (2,3) (3,3) = -0.8633417373E-01 -0.9073381966E-02   2.068234177    

1 sigma total (1,1) (2,1) (3,1) =   2169.183256      0.8286501192E-02 -0.2245593793E-01
2 sigma total (1,2) (2,2) (3,2) =  0.8286501192E-02   2167.949293      0.5660441193E-01
3 sigma total (1,3) (2,3) (3,3) = -0.2245593793E-01  0.5660441193E-01   2169.144799    

       111 0.111E-12*Pression =     2168.8    
 pression totale  potentiel = cinetique =
    2168.8        2166.7        2.0182    
 ----------valeurs moyennes------------
*temperature moyenne =       184.71
*pression moyenne =     2167.3    
 --------------------------------------


<<<<<<<<  ITERATION =    112  time =   0.1120000E-12


 --------- Temperatures et Pression--------
 ----------valeurs instantanees------------
       112 0.112E-12*Epot =    -15317.1023171      eV 
    *energie paire 2 corps =    -15317.1096990      eV 
    *energie pot coul recip =    0.738183361161E-02  eV 
       112 0.112E-12*Ec =     19.6331574818      eV   (197.776 K)
       112 0.112E-12*Etot =    -15297.4691597      eV 

       112 0.112E-12*Temp instantanee = 197.776

*temp instantanee des atomes de type 1 =       205.84
*temp instantanee des atomes de type 2 =       181.65

 * stress en kbar 
1 sigma potentiel (1,1) (2,1) (3,1) =   2167.153957      0.7600619886E-01  0.6006919401E-01
2 sigma potentiel (1,2) (2,2) (3,2) =  0.7600619886E-01   2166.284073      0.8535870610E-01
3 sigma potentiel (1,3) (2,3) (3,3) =  0.6006919401E-01  0.8535870610E-01   2167.212219    

1 sigma cinetique (1,1) (2,1) (3,1) =   2.170793016     -0.6900923855E-01 -0.8839053931E-01
2 sigma cinetique (1,2) (2,2) (3,2) = -0.6900923855E-01   1.797366085     -0.5482463849E-02
3 sigma cinetique (1,3) (2,3) (3,3) = -0.8839053931E-01 -0.5482463849E-02   2.044478128    

1 sigma total (1,1) (2,1) (3,1) =   2169.324750      0.6996960304E-02 -0.2832134530E-01
2 sigma total (1,2) (2,2) (3,2) =  0.6996960304E-02   2168.081439      0.7987624225E-01
3 sigma total (1,3) (2,3) (3,3) = -0.2832134530E-01  0.7987624225E-01   2169.256698    

       112 0.112E-12*Pression =     2168.9    
 pression totale  potentiel = cinetique =
    2168.9        2166.9        2.0042    
 ----------valeurs moyennes------------
*temperature moyenne =       184.83
*pression moyenne =     2167.3    
 --------------------------------------


<<<<<<<<  ITERATION =    113  time =   0.1130000E-12


 --------- Temperatures et Pression--------
 ----------valeurs instantanees------------
       113 0.113E-12*Epot =    -15316.9858298      eV 
    *energie paire 2 corps =    -15316.9932117      eV 
    *energie pot coul recip =    0.738196812894E-02  eV 
       113 0.113E-12*Ec =     19.5169095673      eV   (196.605 K)
       113 0.113E-12*Etot =    -15297.4689202      eV 

       113 0.113E-12*Temp instantanee = 196.605

*temp instantanee des atomes de type 1 =       207.62
*temp instantanee des atomes de type 2 =       174.57

 * stress en kbar 
1 sigma potentiel (1,1) (2,1) (3,1) =   2167.309673      0.8076068660E-01  0.5515734199E-01
2 sigma potentiel (1,2) (2,2) (3,2) =  0.8076068660E-01   2166.423276      0.1025833550    
3 sigma potentiel (1,3) (2,3) (3,3) =  0.5515734199E-01  0.1025833550       2167.323058    

1 sigma cinetique (1,1) (2,1) (3,1) =   2.163247575     -0.7233836813E-01 -0.8983458117E-01
2 sigma cinetique (1,2) (2,2) (3,2) = -0.7233836813E-01   1.790542189     -0.1915525675E-02
3 sigma cinetique (1,3) (2,3) (3,3) = -0.8983458117E-01 -0.1915525675E-02   2.023246643    

1 sigma total (1,1) (2,1) (3,1) =   2169.472920      0.8422318474E-02 -0.3467723918E-01
2 sigma total (1,2) (2,2) (3,2) =  0.8422318474E-02   2168.213818      0.1006678293    
3 sigma total (1,3) (2,3) (3,3) = -0.3467723918E-01  0.1006678293       2169.346305    

       113 0.113E-12*Pression =     2169.0    
 pression totale  potentiel = cinetique =
    2169.0        2167.0        1.9923    
 ----------valeurs moyennes------------
*temperature moyenne =       184.93
*pression moyenne =     2167.3    
 --------------------------------------


<<<<<<<<  ITERATION =    114  time =   0.1140000E-12


 --------- Temperatures et Pression--------
 ----------valeurs instantanees------------
       114 0.114E-12*Epot =    -15316.8931103      eV 
    *energie paire 2 corps =    -15316.9004924      eV 
    *energie pot coul recip =    0.738219118670E-02  eV 
       114 0.114E-12*Ec =     19.4243902203      eV   (195.673 K)
       114 0.114E-12*Etot =    -15297.4687200      eV 

       114 0.114E-12*Temp instantanee = 195.673

*temp instantanee des atomes de type 1 =       209.62
*temp instantanee des atomes de type 2 =       167.78

 * stress en kbar 
1 sigma potentiel (1,1) (2,1) (3,1) =   2167.452112      0.8609295140E-01  0.5149784891E-01
2 sigma potentiel (1,2) (2,2) (3,2) =  0.8609295140E-01   2166.570246      0.1249398051    
3 sigma potentiel (1,3) (2,3) (3,3) =  0.5149784891E-01  0.1249398051       2167.454305    

1 sigma cinetique (1,1) (2,1) (3,1) =   2.157228425     -0.7548210332E-01 -0.9065830844E-01
2 sigma cinetique (1,2) (2,2) (3,2) = -0.7548210332E-01   1.786464605      0.1625040778E-02
3 sigma cinetique (1,3) (2,3) (3,3) = -0.9065830844E-01  0.1625040778E-02   2.005009409    

1 sigma total (1,1) (2,1) (3,1) =   2169.609340      0.1061084808E-01 -0.3916045953E-01
2 sigma total (1,2) (2,2) (3,2) =  0.1061084808E-01   2168.356711      0.1265648459    
3 sigma total (1,3) (2,3) (3,3) = -0.3916045953E-01  0.1265648459       2169.459315    

       114 0.114E-12*Pression =     2169.1    
 pression totale  potentiel = cinetique =
    2169.1        2167.2        1.9829    
 ----------valeurs moyennes------------
*temperature moyenne =       185.03
*pression moyenne =     2167.3    
 --------------------------------------


<<<<<<<<  ITERATION =    115  time =   0.1150000E-12


 --------- Temperatures et Pression--------
 ----------valeurs instantanees------------
       115 0.115E-12*Epot =    -15316.8270634      eV 
    *energie paire 2 corps =    -15316.8344459      eV 
    *energie pot coul recip =    0.738249395184E-02  eV 
       115 0.115E-12*Ec =     19.3584559784      eV   (195.009 K)
       115 0.115E-12*Etot =    -15297.4686075      eV 

       115 0.115E-12*Temp instantanee = 195.009

*temp instantanee des atomes de type 1 =       211.82
*temp instantanee des atomes de type 2 =       161.38

 * stress en kbar 
1 sigma potentiel (1,1) (2,1) (3,1) =   2167.588753      0.7902109991E-01  0.4096605004E-01
2 sigma potentiel (1,2) (2,2) (3,2) =  0.7902109991E-01   2166.710297      0.1485105365    
3 sigma potentiel (1,3) (2,3) (3,3) =  0.4096605004E-01  0.1485105365       2167.594026    

1 sigma cinetique (1,1) (2,1) (3,1) =   2.153041868     -0.7843695925E-01 -0.9085840576E-01
2 sigma cinetique (1,2) (2,2) (3,2) = -0.7843695925E-01   1.785306536      0.5136914044E-02
3 sigma cinetique (1,3) (2,3) (3,3) = -0.9085840576E-01  0.5136914044E-02   1.990161731    

1 sigma total (1,1) (2,1) (3,1) =   2169.741794      0.5841406551E-03 -0.4989235572E-01
2 sigma total (1,2) (2,2) (3,2) =  0.5841406551E-03   2168.495604      0.1536474505    
3 sigma total (1,3) (2,3) (3,3) = -0.4989235572E-01  0.1536474505       2169.584188    

       115 0.115E-12*Pression =     2169.3    
 pression totale  potentiel = cinetique =
    2169.3        2167.3        1.9762    
 ----------valeurs moyennes------------
*temperature moyenne =       185.11
*pression moyenne =     2167.4    
 --------------------------------------


<<<<<<<<  ITERATION =    116  time =   0.1160000E-12


 --------- Temperatures et Pression--------
 ----------valeurs instantanees------------
       116 0.116E-12*Epot =    -15316.7900680      eV 
    *energie paire 2 corps =    -15316.7974509      eV 
    *energie pot coul recip =    0.738286905134E-02  eV 
       116 0.116E-12*Ec =     19.3215968861      eV   (194.637 K)
       116 0.116E-12*Etot =    -15297.4684711      eV 

       116 0.116E-12*Temp instantanee = 194.637

*temp instantanee des atomes de type 1 =       214.23
*temp instantanee des atomes de type 2 =       155.45

 * stress en kbar 
1 sigma potentiel (1,1) (2,1) (3,1) =   2167.725346      0.7898770011E-01  0.3005571028E-01
2 sigma potentiel (1,2) (2,2) (3,2) =  0.7898770011E-01   2166.832191      0.1737610071    
3 sigma potentiel (1,3) (2,3) (3,3) =  0.3005571028E-01  0.1737610071       2167.700970    

1 sigma cinetique (1,1) (2,1) (3,1) =   2.150983251     -0.8119931771E-01 -0.9045094046E-01
2 sigma cinetique (1,2) (2,2) (3,2) = -0.8119931771E-01   1.787189526      0.8623704038E-02
3 sigma cinetique (1,3) (2,3) (3,3) = -0.9045094046E-01  0.8623704038E-02   1.979049294    

1 sigma total (1,1) (2,1) (3,1) =   2169.876329     -0.2211617605E-02 -0.6039523019E-01
2 sigma total (1,2) (2,2) (3,2) = -0.2211617605E-02   2168.619381      0.1823847111    
3 sigma total (1,3) (2,3) (3,3) = -0.6039523019E-01  0.1823847111       2169.680019    

       116 0.116E-12*Pression =     2169.4    
 pression totale  potentiel = cinetique =
    2169.4        2167.4        1.9724    
 ----------valeurs moyennes------------
*temperature moyenne =       185.20
*pression moyenne =     2167.4    
 --------------------------------------


<<<<<<<<  ITERATION =    117  time =   0.1170000E-12


 --------- Temperatures et Pression--------
 ----------valeurs instantanees------------
       117 0.117E-12*Epot =    -15316.7841479      eV 
    *energie paire 2 corps =    -15316.7915312      eV 
    *energie pot coul recip =    0.738330842888E-02  eV 
       117 0.117E-12*Ec =     19.3157823826      eV   (194.579 K)
       117 0.117E-12*Etot =    -15297.4683655      eV 

       117 0.117E-12*Temp instantanee = 194.579

*temp instantanee des atomes de type 1 =       216.84
*temp instantanee des atomes de type 2 =       150.06

 * stress en kbar 
1 sigma potentiel (1,1) (2,1) (3,1) =   2167.851942      0.7314503758E-01  0.1923681196E-01
2 sigma potentiel (1,2) (2,2) (3,2) =  0.7314503758E-01   2166.970510      0.1963981484    
3 sigma potentiel (1,3) (2,3) (3,3) =  0.1923681196E-01  0.1963981484       2167.823997    

1 sigma cinetique (1,1) (2,1) (3,1) =   2.151297131     -0.8377122348E-01 -0.8946834379E-01
2 sigma cinetique (1,2) (2,2) (3,2) = -0.8377122348E-01   1.792185856      0.1208731056E-01
3 sigma cinetique (1,3) (2,3) (3,3) = -0.8946834379E-01  0.1208731056E-01   1.971958397    

1 sigma total (1,1) (2,1) (3,1) =   2170.003239     -0.1062618590E-01 -0.7023153183E-01
2 sigma total (1,2) (2,2) (3,2) = -0.1062618590E-01   2168.762696      0.2084854590    
3 sigma total (1,3) (2,3) (3,3) = -0.7023153183E-01  0.2084854590       2169.795955    

       117 0.117E-12*Pression =     2169.5    
 pression totale  potentiel = cinetique =
    2169.5        2167.5        1.9718    
 ----------valeurs moyennes------------
*temperature moyenne =       185.28
*pression moyenne =     2167.4    
 --------------------------------------


<<<<<<<<  ITERATION =    118  time =   0.1180000E-12


 --------- Temperatures et Pression--------
 ----------valeurs instantanees------------
       118 0.118E-12*Epot =    -15316.8106422      eV 
    *energie paire 2 corps =    -15316.8180260      eV 
    *energie pot coul recip =    0.738380191007E-02  eV 
       118 0.118E-12*Ec =     19.3423556630      eV   (194.846 K)
       118 0.118E-12*Etot =    -15297.4682866      eV 

       118 0.118E-12*Temp instantanee = 194.846

*temp instantanee des atomes de type 1 =       219.63
*temp instantanee des atomes de type 2 =       145.28

 * stress en kbar 
1 sigma potentiel (1,1) (2,1) (3,1) =   2167.978482      0.6925858892E-01  0.4313060705E-02
2 sigma potentiel (1,2) (2,2) (3,2) =  0.6925858892E-01   2167.094955      0.2235893710    
3 sigma potentiel (1,3) (2,3) (3,3) =  0.4313060705E-02  0.2235893710       2167.936606    

1 sigma cinetique (1,1) (2,1) (3,1) =   2.154180840     -0.8615388221E-01 -0.8793897318E-01
2 sigma cinetique (1,2) (2,2) (3,2) = -0.8615388221E-01   1.800309242      0.1552604719E-01
3 sigma cinetique (1,3) (2,3) (3,3) = -0.8793897318E-01  0.1552604719E-01   1.969089345    

1 sigma total (1,1) (2,1) (3,1) =   2170.132663     -0.1689529329E-01 -0.8362591248E-01
2 sigma total (1,2) (2,2) (3,2) = -0.1689529329E-01   2168.895265      0.2391154182    
3 sigma total (1,3) (2,3) (3,3) = -0.8362591248E-01  0.2391154182       2169.905696    

       118 0.118E-12*Pression =     2169.6    
 pression totale  potentiel = cinetique =
    2169.6        2167.7        1.9745    
 ----------valeurs moyennes------------
*temperature moyenne =       185.36
*pression moyenne =     2167.4    
 --------------------------------------


<<<<<<<<  ITERATION =    119  time =   0.1190000E-12


 --------- Temperatures et Pression--------
 ----------valeurs instantanees------------
       119 0.119E-12*Epot =    -15316.8704062      eV 
    *energie paire 2 corps =    -15316.8777906      eV 
    *energie pot coul recip =    0.738434209335E-02  eV 
       119 0.119E-12*Ec =     19.4021811343      eV   (195.449 K)
       119 0.119E-12*Etot =    -15297.4682251      eV 

       119 0.119E-12*Temp instantanee = 195.449

*temp instantanee des atomes de type 1 =       222.61
*temp instantanee des atomes de type 2 =       141.14

 * stress en kbar 
1 sigma potentiel (1,1) (2,1) (3,1) =   2168.099922      0.6065370917E-01 -0.1039452018E-01
2 sigma potentiel (1,2) (2,2) (3,2) =  0.6065370917E-01   2167.186413      0.2453134548    
3 sigma potentiel (1,3) (2,3) (3,3) = -0.1039452018E-01  0.2453134548       2168.043423    

1 sigma cinetique (1,1) (2,1) (3,1) =   2.159797171     -0.8833967871E-01 -0.8590277601E-01
2 sigma cinetique (1,2) (2,2) (3,2) = -0.8833967871E-01   1.811532680      0.1895530149E-01
3 sigma cinetique (1,3) (2,3) (3,3) = -0.8590277601E-01  0.1895530149E-01   1.970571074    

1 sigma total (1,1) (2,1) (3,1) =   2170.259719     -0.2768596953E-01 -0.9629729619E-01
2 sigma total (1,2) (2,2) (3,2) = -0.2768596953E-01   2168.997946      0.2642687563    
3 sigma total (1,3) (2,3) (3,3) = -0.9629729619E-01  0.2642687563       2170.013994    

       119 0.119E-12*Pression =     2169.8    
 pression totale  potentiel = cinetique =
    2169.8        2167.8        1.9806    
 ----------valeurs moyennes------------
*temperature moyenne =       185.44
*pression moyenne =     2167.4    
 --------------------------------------


<<<<<<<<  ITERATION =    120  time =   0.1200000E-12


 --------- Temperatures et Pression--------
 ----------valeurs instantanees------------
       120 0.120E-12*Epot =    -15316.9637787      eV 
    *energie paire 2 corps =    -15316.9711636      eV 
    *energie pot coul recip =    0.738492036586E-02  eV 
       120 0.120E-12*Ec =     19.4955889614      eV   (196.390 K)
       120 0.120E-12*Etot =    -15297.4681897      eV 

       120 0.120E-12*Temp instantanee = 196.390

*temp instantanee des atomes de type 1 =       225.75
*temp instantanee des atomes de type 2 =       137.67

 * stress en kbar 
1 sigma potentiel (1,1) (2,1) (3,1) =   2168.202936      0.5261350954E-01 -0.2763627748E-01
2 sigma potentiel (1,2) (2,2) (3,2) =  0.5261350954E-01   2167.306950      0.2740454940    
3 sigma potentiel (1,3) (2,3) (3,3) = -0.2763627748E-01  0.2740454940       2168.149324    

1 sigma cinetique (1,1) (2,1) (3,1) =   2.168262179     -0.9033038939E-01 -0.8341516247E-01
2 sigma cinetique (1,2) (2,2) (3,2) = -0.9033038939E-01   1.825780395      0.2238958192E-01
3 sigma cinetique (1,3) (2,3) (3,3) = -0.8341516247E-01  0.2238958192E-01   1.976464416    

1 sigma total (1,1) (2,1) (3,1) =   2170.371198     -0.3771687984E-01 -0.1110514400    
2 sigma total (1,2) (2,2) (3,2) = -0.3771687984E-01   2169.132730      0.2964350760    
3 sigma total (1,3) (2,3) (3,3) = -0.1110514400      0.2964350760       2170.125788    

       120 0.120E-12*Pression =     2169.9    
 pression totale  potentiel = cinetique =
    2169.9        2167.9        1.9902    
 ----------valeurs moyennes------------
*temperature moyenne =       185.53
*pression moyenne =     2167.5    
 --------------------------------------


<<<<<<<<  ITERATION =    121  time =   0.1210000E-12


 --------- Temperatures et Pression--------
 ----------valeurs instantanees------------
       121 0.121E-12*Epot =    -15317.0905412      eV 
    *energie paire 2 corps =    -15317.0979267      eV 
    *energie pot coul recip =    0.738552866252E-02  eV 
       121 0.121E-12*Ec =     19.6223640289      eV   (197.667 K)
       121 0.121E-12*Etot =    -15297.4681772      eV 

       121 0.121E-12*Temp instantanee = 197.667

*temp instantanee des atomes de type 1 =       229.06
*temp instantanee des atomes de type 2 =       134.88

 * stress en kbar 
1 sigma potentiel (1,1) (2,1) (3,1) =   2168.302881      0.4307581480E-01 -0.4314345663E-01
2 sigma potentiel (1,2) (2,2) (3,2) =  0.4307581480E-01   2167.398950      0.3024368213    
3 sigma potentiel (1,3) (2,3) (3,3) = -0.4314345663E-01  0.3024368213       2168.248866    

1 sigma cinetique (1,1) (2,1) (3,1) =   2.179653534     -0.9213477863E-01 -0.8053784432E-01
2 sigma cinetique (1,2) (2,2) (3,2) = -0.9213477863E-01   1.842916212      0.2583465561E-01
3 sigma cinetique (1,3) (2,3) (3,3) = -0.8053784432E-01  0.2583465561E-01   1.986761998    

1 sigma total (1,1) (2,1) (3,1) =   2170.482534     -0.4905896383E-01 -0.1236813009    
2 sigma total (1,2) (2,2) (3,2) = -0.4905896383E-01   2169.241867      0.3282714769    
3 sigma total (1,3) (2,3) (3,3) = -0.1236813009      0.3282714769       2170.235628    

       121 0.121E-12*Pression =     2170.0    
 pression totale  potentiel = cinetique =
    2170.0        2168.0        2.0031    
 ----------valeurs moyennes------------
*temperature moyenne =       185.63
*pression moyenne =     2167.5    
 --------------------------------------


<<<<<<<<  ITERATION =    122  time =   0.1220000E-12


 --------- Temperatures et Pression--------
 ----------valeurs instantanees------------
       122 0.122E-12*Epot =    -15317.2500407      eV 
    *energie paire 2 corps =    -15317.2574268      eV 
    *energie pot coul recip =    0.738615861420E-02  eV 
       122 0.122E-12*Ec =     19.7818287586      eV   (199.273 K)
       122 0.122E-12*Etot =    -15297.4682119      eV 

       122 0.122E-12*Temp instantanee = 199.273

*temp instantanee des atomes de type 1 =       232.52
*temp instantanee des atomes de type 2 =       132.78

 * stress en kbar 
1 sigma potentiel (1,1) (2,1) (3,1) =   2168.392025      0.2959047780E-01 -0.6409141051E-01
2 sigma potentiel (1,2) (2,2) (3,2) =  0.2959047780E-01   2167.500047      0.3338287734    
3 sigma potentiel (1,3) (2,3) (3,3) = -0.6409141051E-01  0.3338287734       2168.330999    

1 sigma cinetique (1,1) (2,1) (3,1) =   2.194019496     -0.9376334658E-01 -0.7733315759E-01
2 sigma cinetique (1,2) (2,2) (3,2) = -0.9376334658E-01   1.862767149      0.2929763932E-01
3 sigma cinetique (1,3) (2,3) (3,3) = -0.7733315759E-01  0.2929763932E-01   2.001381032    

1 sigma total (1,1) (2,1) (3,1) =   2170.586044     -0.6417286878E-01 -0.1414245681    
2 sigma total (1,2) (2,2) (3,2) = -0.6417286878E-01   2169.362814      0.3631264127    
3 sigma total (1,3) (2,3) (3,3) = -0.1414245681      0.3631264127       2170.332380    

       122 0.122E-12*Pression =     2170.1    
 pression totale  potentiel = cinetique =
    2170.1        2168.1        2.0194    
 ----------valeurs moyennes------------
*temperature moyenne =       185.75
*pression moyenne =     2167.5    
 --------------------------------------


<<<<<<<<  ITERATION =    123  time =   0.1230000E-12


 --------- Temperatures et Pression--------
 ----------valeurs instantanees------------
       123 0.123E-12*Epot =    -15317.4410990      eV 
    *energie paire 2 corps =    -15317.4484858      eV 
    *energie pot coul recip =    0.738680151196E-02  eV 
       123 0.123E-12*Ec =     19.9728408342      eV   (201.198 K)
       123 0.123E-12*Etot =    -15297.4682582      eV 

       123 0.123E-12*Temp instantanee = 201.198

*temp instantanee des atomes de type 1 =       236.12
*temp instantanee des atomes de type 2 =       131.35

 * stress en kbar 
1 sigma potentiel (1,1) (2,1) (3,1) =   2168.486985      0.1369497787E-01 -0.8192117822E-01
2 sigma potentiel (1,2) (2,2) (3,2) =  0.1369497787E-01   2167.563550      0.3607380423    
3 sigma potentiel (1,3) (2,3) (3,3) = -0.8192117822E-01  0.3607380423       2168.410215    

1 sigma cinetique (1,1) (2,1) (3,1) =   2.211359748     -0.9521683172E-01 -0.7386885832E-01
2 sigma cinetique (1,2) (2,2) (3,2) = -0.9521683172E-01   1.885127779      0.3279194693E-01
3 sigma cinetique (1,3) (2,3) (3,3) = -0.7386885832E-01  0.3279194693E-01   2.020177430    

1 sigma total (1,1) (2,1) (3,1) =   2170.698345     -0.8152185385E-01 -0.1557900365    
2 sigma total (1,2) (2,2) (3,2) = -0.8152185385E-01   2169.448677      0.3935299892    
3 sigma total (1,3) (2,3) (3,3) = -0.1557900365      0.3935299892       2170.430393    

       123 0.123E-12*Pression =     2170.2    
 pression totale  potentiel = cinetique =
    2170.2        2168.2        2.0389    
 ----------valeurs moyennes------------
*temperature moyenne =       185.87
*pression moyenne =     2167.5    
 --------------------------------------


<<<<<<<<  ITERATION =    124  time =   0.1240000E-12


 --------- Temperatures et Pression--------
 ----------valeurs instantanees------------
       124 0.124E-12*Epot =    -15317.6621501      eV 
    *energie paire 2 corps =    -15317.6695375      eV 
    *energie pot coul recip =    0.738744805466E-02  eV 
       124 0.124E-12*Ec =     20.1938502126      eV   (203.424 K)
       124 0.124E-12*Etot =    -15297.4682998      eV 

       124 0.124E-12*Temp instantanee = 203.424

*temp instantanee des atomes de type 1 =       239.85
*temp instantanee des atomes de type 2 =       130.58

 * stress en kbar 
1 sigma potentiel (1,1) (2,1) (3,1) =   2168.560256     -0.3390751183E-02 -0.1044423347    
2 sigma potentiel (1,2) (2,2) (3,2) = -0.3390751183E-02   2167.630193      0.3836777805    
3 sigma potentiel (1,3) (2,3) (3,3) = -0.1044423347      0.3836777805       2168.472296    

1 sigma cinetique (1,1) (2,1) (3,1) =   2.231632218     -0.9648986521E-01 -0.7021617918E-01
2 sigma cinetique (1,2) (2,2) (3,2) = -0.9648986521E-01   1.909763358      0.3633098524E-01
3 sigma cinetique (1,3) (2,3) (3,3) = -0.7021617918E-01  0.3633098524E-01   2.042953309    

1 sigma total (1,1) (2,1) (3,1) =   2170.791889     -0.9988061639E-01 -0.1746585139    
2 sigma total (1,2) (2,2) (3,2) = -0.9988061639E-01   2169.539956      0.4200087657    
3 sigma total (1,3) (2,3) (3,3) = -0.1746585139      0.4200087658       2170.515249    

       124 0.124E-12*Pression =     2170.3    
 pression totale  potentiel = cinetique =
    2170.3        2168.2        2.0614    
 ----------valeurs moyennes------------
*temperature moyenne =       186.01
*pression moyenne =     2167.5    
 --------------------------------------


<<<<<<<<  ITERATION =    125  time =   0.1250000E-12


 --------- Temperatures et Pression--------
 ----------valeurs instantanees------------
       125 0.125E-12*Epot =    -15317.9113605      eV 
    *energie paire 2 corps =    -15317.9187486      eV 
    *energie pot coul recip =    0.738808935864E-02  eV 
       125 0.125E-12*Ec =     20.4429591114      eV   (205.933 K)
       125 0.125E-12*Etot =    -15297.4684014      eV 

       125 0.125E-12*Temp instantanee = 205.933

*temp instantanee des atomes de type 1 =       243.69
*temp instantanee des atomes de type 2 =       130.41

 * stress en kbar 
1 sigma potentiel (1,1) (2,1) (3,1) =   2168.632352     -0.2214067716E-01 -0.1203054446    
2 sigma potentiel (1,2) (2,2) (3,2) = -0.2214067716E-01   2167.696238      0.4144512920    
3 sigma potentiel (1,3) (2,3) (3,3) = -0.1203054446      0.4144512920       2168.551707    

1 sigma cinetique (1,1) (2,1) (3,1) =   2.254761458     -0.9759001715E-01 -0.6643763785E-01
2 sigma cinetique (1,2) (2,2) (3,2) = -0.9759001715E-01   1.936419560      0.3992299777E-01
3 sigma cinetique (1,3) (2,3) (3,3) = -0.6643763785E-01  0.3992299777E-01   2.069457248    

1 sigma total (1,1) (2,1) (3,1) =   2170.887113     -0.1197306943     -0.1867430824    
2 sigma total (1,2) (2,2) (3,2) = -0.1197306943       2169.632658      0.4543742898    
3 sigma total (1,3) (2,3) (3,3) = -0.1867430824      0.4543742898       2170.621164    

       125 0.125E-12*Pression =     2170.4    
 pression totale  potentiel = cinetique =
    2170.4        2168.3        2.0869    
 ----------valeurs moyennes------------
*temperature moyenne =       186.17
*pression moyenne =     2167.6    
 --------------------------------------


<<<<<<<<  ITERATION =    126  time =   0.1260000E-12


 --------- Temperatures et Pression--------
 ----------valeurs instantanees------------
       126 0.126E-12*Epot =    -15318.1864246      eV 
    *energie paire 2 corps =    -15318.1938133      eV 
    *energie pot coul recip =    0.738871609630E-02  eV 
       126 0.126E-12*Ec =     20.7179646624      eV   (208.704 K)
       126 0.126E-12*Etot =    -15297.4684600      eV 

       126 0.126E-12*Temp instantanee = 208.704

*temp instantanee des atomes de type 1 =       247.65
*temp instantanee des atomes de type 2 =       130.82

 * stress en kbar 
1 sigma potentiel (1,1) (2,1) (3,1) =   2168.696008     -0.3653878333E-01 -0.1399729376    
2 sigma potentiel (1,2) (2,2) (3,2) = -0.3653878333E-01   2167.746626      0.4392387687    
3 sigma potentiel (1,3) (2,3) (3,3) = -0.1399729376      0.4392387687       2168.597870    

1 sigma cinetique (1,1) (2,1) (3,1) =   2.280646241     -0.9852933236E-01 -0.6261193948E-01
2 sigma cinetique (1,2) (2,2) (3,2) = -0.9852933236E-01   1.964815960      0.4358372586E-01
3 sigma cinetique (1,3) (2,3) (3,3) = -0.6261193948E-01  0.4358372586E-01   2.099396274    

1 sigma total (1,1) (2,1) (3,1) =   2170.976654     -0.1350681157     -0.2025848771    
2 sigma total (1,2) (2,2) (3,2) = -0.1350681157       2169.711442      0.4828224946    
3 sigma total (1,3) (2,3) (3,3) = -0.2025848771      0.4828224946       2170.697266    

       126 0.126E-12*Pression =     2170.5    
 pression totale  potentiel = cinetique =
    2170.5        2168.3        2.1150    
 ----------valeurs moyennes------------
*temperature moyenne =       186.35
*pression moyenne =     2167.6    
 --------------------------------------


<<<<<<<<  ITERATION =    127  time =   0.1270000E-12


 --------- Temperatures et Pression--------
 ----------valeurs instantanees------------
       127 0.127E-12*Epot =    -15318.4848990      eV 
    *energie paire 2 corps =    -15318.4922883      eV 
    *energie pot coul recip =    0.738931935618E-02  eV 
       127 0.127E-12*Ec =     21.0163408359      eV   (211.709 K)
       127 0.127E-12*Etot =    -15297.4685581      eV 

       127 0.127E-12*Temp instantanee = 211.709

*temp instantanee des atomes de type 1 =       251.70
*temp instantanee des atomes de type 2 =       131.74

 * stress en kbar 
1 sigma potentiel (1,1) (2,1) (3,1) =   2168.745257     -0.6006761939E-01 -0.1541197255    
2 sigma potentiel (1,2) (2,2) (3,2) = -0.6006761939E-01   2167.786324      0.4664915515    
3 sigma potentiel (1,3) (2,3) (3,3) = -0.1541197255      0.4664915515       2168.650343    

1 sigma cinetique (1,1) (2,1) (3,1) =   2.309156276     -0.9930038799E-01 -0.5881200597E-01
2 sigma cinetique (1,2) (2,2) (3,2) = -0.9930038799E-01   1.994648454      0.4732669830E-01
3 sigma cinetique (1,3) (2,3) (3,3) = -0.5881200597E-01  0.4732669830E-01   2.132431186    

1 sigma total (1,1) (2,1) (3,1) =   2171.054414     -0.1593680074     -0.2129317315    
2 sigma total (1,2) (2,2) (3,2) = -0.1593680074       2169.780972      0.5138182498    
3 sigma total (1,3) (2,3) (3,3) = -0.2129317315      0.5138182498       2170.782774    

       127 0.127E-12*Pression =     2170.5    
 pression totale  potentiel = cinetique =
    2170.5        2168.4        2.1454    
 ----------valeurs moyennes------------
*temperature moyenne =       186.55
*pression moyenne =     2167.6    
 --------------------------------------


<<<<<<<<  ITERATION =    128  time =   0.1280000E-12


 --------- Temperatures et Pression--------
 ----------valeurs instantanees------------
       128 0.128E-12*Epot =    -15318.8041563      eV 
    *energie paire 2 corps =    -15318.8115462      eV 
    *energie pot coul recip =    0.738989054977E-02  eV 
       128 0.128E-12*Ec =     21.3354541448      eV   (214.924 K)
       128 0.128E-12*Etot =    -15297.4687021      eV 

       128 0.128E-12*Temp instantanee = 214.924

*temp instantanee des atomes de type 1 =       255.83
*temp instantanee des atomes de type 2 =       133.11

 * stress en kbar 
1 sigma potentiel (1,1) (2,1) (3,1) =   2168.806479     -0.8063598009E-01 -0.1785838539    
2 sigma potentiel (1,2) (2,2) (3,2) = -0.8063598009E-01   2167.804622      0.4915656918    
3 sigma potentiel (1,3) (2,3) (3,3) = -0.1785838539      0.4915656918       2168.689275    

1 sigma cinetique (1,1) (2,1) (3,1) =   2.340145165     -0.9989937784E-01 -0.5509965162E-01
2 sigma cinetique (1,2) (2,2) (3,2) = -0.9989937784E-01   2.025617312      0.5115184149E-01
3 sigma cinetique (1,3) (2,3) (3,3) = -0.5509965162E-01  0.5115184149E-01   2.168201609    

1 sigma total (1,1) (2,1) (3,1) =   2171.146624     -0.1805353579     -0.2336835055    
2 sigma total (1,2) (2,2) (3,2) = -0.1805353579       2169.830240      0.5427175333    
3 sigma total (1,3) (2,3) (3,3) = -0.2336835055      0.5427175333       2170.857477    

       128 0.128E-12*Pression =     2170.6    
 pression totale  potentiel = cinetique =
    2170.6        2168.4        2.1780    
 ----------valeurs moyennes------------
*temperature moyenne =       186.77
*pression moyenne =     2167.6    
 --------------------------------------


<<<<<<<<  ITERATION =    129  time =   0.1290000E-12


 --------- Temperatures et Pression--------
 ----------valeurs instantanees------------
       129 0.129E-12*Epot =    -15319.1414448      eV 
    *energie paire 2 corps =    -15319.1488352      eV 
    *energie pot coul recip =    0.739042129858E-02  eV 
       129 0.129E-12*Ec =     21.6726239486      eV   (218.321 K)
       129 0.129E-12*Etot =    -15297.4688208      eV 

       129 0.129E-12*Temp instantanee = 218.321

*temp instantanee des atomes de type 1 =       260.04
*temp instantanee des atomes de type 2 =       134.89

 * stress en kbar 
1 sigma potentiel (1,1) (2,1) (3,1) =   2168.847478     -0.1011964428     -0.1936162534    
2 sigma potentiel (1,2) (2,2) (3,2) = -0.1011964428       2167.831661      0.5179774939    
3 sigma potentiel (1,3) (2,3) (3,3) = -0.1936162534      0.5179774939       2168.726062    

1 sigma cinetique (1,1) (2,1) (3,1) =   2.373455144     -0.1003387194     -0.5154117457E-01
2 sigma cinetique (1,2) (2,2) (3,2) = -0.1003387194       2.057443566      0.5507140413E-01
3 sigma cinetique (1,3) (2,3) (3,3) = -0.5154117457E-01  0.5507140413E-01   2.206323332    

1 sigma total (1,1) (2,1) (3,1) =   2171.220933     -0.2015351622     -0.2451574280    
2 sigma total (1,2) (2,2) (3,2) = -0.2015351622       2169.889105      0.5730488980    
3 sigma total (1,3) (2,3) (3,3) = -0.2451574280      0.5730488980       2170.932386    

       129 0.129E-12*Pression =     2170.7    
 pression totale  potentiel = cinetique =
    2170.7        2168.5        2.2124    
 ----------valeurs moyennes------------
*temperature moyenne =       187.02
*pression moyenne =     2167.7    
 --------------------------------------


<<<<<<<<  ITERATION =    130  time =   0.1300000E-12


 --------- Temperatures et Pression--------
 ----------valeurs instantanees------------
       130 0.130E-12*Epot =    -15319.4939863      eV 
    *energie paire 2 corps =    -15319.5013772      eV 
    *energie pot coul recip =    0.739090363652E-02  eV 
       130 0.130E-12*Ec =     22.0250320296      eV   (221.871 K)
       130 0.130E-12*Etot =    -15297.4689543      eV 

       130 0.130E-12*Temp instantanee = 221.871

*temp instantanee des atomes de type 1 =       264.31
*temp instantanee des atomes de type 2 =       137.00

 * stress en kbar 
1 sigma potentiel (1,1) (2,1) (3,1) =   2168.902446     -0.1243534311     -0.2099106614    
2 sigma potentiel (1,2) (2,2) (3,2) = -0.1243534311       2167.845982      0.5403589821    
3 sigma potentiel (1,3) (2,3) (3,3) = -0.2099106614      0.5403589821       2168.760790    

1 sigma cinetique (1,1) (2,1) (3,1) =   2.408897723     -0.1006235251     -0.4818625375E-01
2 sigma cinetique (1,2) (2,2) (3,2) = -0.1006235251       2.089844640      0.5908652151E-01
3 sigma cinetique (1,3) (2,3) (3,3) = -0.4818625375E-01  0.5908652151E-01   2.246404345    

1 sigma total (1,1) (2,1) (3,1) =   2171.311344     -0.2249769562     -0.2580969152    
2 sigma total (1,2) (2,2) (3,2) = -0.2249769562       2169.935827      0.5994455036    
3 sigma total (1,3) (2,3) (3,3) = -0.2580969152      0.5994455036       2171.007195    

       130 0.130E-12*Pression =     2170.8    
 pression totale  potentiel = cinetique =
    2170.8        2168.5        2.2484    
 ----------valeurs moyennes------------
*temperature moyenne =       187.29
*pression moyenne =     2167.7    
 --------------------------------------


<<<<<<<<  ITERATION =    131  time =   0.1310000E-12


 --------- Temperatures et Pression--------
 ----------valeurs instantanees------------
       131 0.131E-12*Epot =    -15319.8590033      eV 
    *energie paire 2 corps =    -15319.8663946      eV 
    *energie pot coul recip =    0.739132891720E-02  eV 
       131 0.131E-12*Ec =     22.3898673505      eV   (225.546 K)
       131 0.131E-12*Etot =    -15297.4691359      eV 

       131 0.131E-12*Temp instantanee = 225.546

*temp instantanee des atomes de type 1 =       268.63
*temp instantanee des atomes de type 2 =       139.38

 * stress en kbar 
1 sigma potentiel (1,1) (2,1) (3,1) =   2168.951653     -0.1501044370     -0.2242634347    
2 sigma potentiel (1,2) (2,2) (3,2) = -0.1501044370       2167.873169      0.5609529755    
3 sigma potentiel (1,3) (2,3) (3,3) = -0.2242634347      0.5609529755       2168.794565    

1 sigma cinetique (1,1) (2,1) (3,1) =   2.446281875     -0.1007566133     -0.4507721688E-01
2 sigma cinetique (1,2) (2,2) (3,2) = -0.1007566133       2.122549343      0.6319661003E-01
3 sigma cinetique (1,3) (2,3) (3,3) = -0.4507721688E-01  0.6319661003E-01   2.288045986    

1 sigma total (1,1) (2,1) (3,1) =   2171.397935     -0.2508610503     -0.2693406516    
2 sigma total (1,2) (2,2) (3,2) = -0.2508610503       2169.995718      0.6241495855    
3 sigma total (1,3) (2,3) (3,3) = -0.2693406516      0.6241495855       2171.082611    

       131 0.131E-12*Pression =     2170.8    
 pression totale  potentiel = cinetique =
    2170.8        2168.5        2.2856    
 ----------valeurs moyennes------------
*temperature moyenne =       187.58
*pression moyenne =     2167.7    
 --------------------------------------


<<<<<<<<  ITERATION =    132  time =   0.1320000E-12


 --------- Temperatures et Pression--------
 ----------valeurs instantanees------------
       132 0.132E-12*Epot =    -15320.2337023      eV 
    *energie paire 2 corps =    -15320.2410940      eV 
    *energie pot coul recip =    0.739168837620E-02  eV 
       132 0.132E-12*Ec =     22.7644840121      eV   (229.319 K)
       132 0.132E-12*Etot =    -15297.4692183      eV 

       132 0.132E-12*Temp instantanee = 229.319

*temp instantanee des atomes de type 1 =       273.00
*temp instantanee des atomes de type 2 =       141.96

 * stress en kbar 
1 sigma potentiel (1,1) (2,1) (3,1) =   2168.990918     -0.1756763676     -0.2378544143    
2 sigma potentiel (1,2) (2,2) (3,2) = -0.1756763676       2167.863105      0.5819919829    
3 sigma potentiel (1,3) (2,3) (3,3) = -0.2378544143      0.5819919829       2168.800612    

1 sigma cinetique (1,1) (2,1) (3,1) =   2.485426208     -0.1007478446     -0.4226573782E-01
2 sigma cinetique (1,2) (2,2) (3,2) = -0.1007478446       2.155324788      0.6739803164E-01
3 sigma cinetique (1,3) (2,3) (3,3) = -0.4226573782E-01  0.6739803164E-01   2.330852232    

1 sigma total (1,1) (2,1) (3,1) =   2171.476344     -0.2764242122     -0.2801201521    
2 sigma total (1,2) (2,2) (3,2) = -0.2764242122       2170.018430      0.6493900145    
3 sigma total (1,3) (2,3) (3,3) = -0.2801201521      0.6493900145       2171.131464    

       132 0.132E-12*Pression =     2170.9    
 pression totale  potentiel = cinetique =
    2170.9        2168.6        2.3239    
 ----------valeurs moyennes------------
*temperature moyenne =       187.89
*pression moyenne =     2167.7    
 --------------------------------------


<<<<<<<<  ITERATION =    133  time =   0.1330000E-12


 --------- Temperatures et Pression--------
 ----------valeurs instantanees------------
       133 0.133E-12*Epot =    -15320.6156222      eV 
    *energie paire 2 corps =    -15320.6230141      eV 
    *energie pot coul recip =    0.739197495419E-02  eV 
       133 0.133E-12*Ec =     23.1462969663      eV   (233.166 K)
       133 0.133E-12*Etot =    -15297.4693252      eV 

       133 0.133E-12*Temp instantanee = 233.166

*temp instantanee des atomes de type 1 =       277.40
*temp instantanee des atomes de type 2 =       144.69

 * stress en kbar 
1 sigma potentiel (1,1) (2,1) (3,1) =   2169.043786     -0.2001755751     -0.2458897558    
2 sigma potentiel (1,2) (2,2) (3,2) = -0.2001755751       2167.855964      0.6009088747    
3 sigma potentiel (1,3) (2,3) (3,3) = -0.2458897558      0.6009088747       2168.827730    

1 sigma cinetique (1,1) (2,1) (3,1) =   2.526137062     -0.1006135813     -0.3978621268E-01
2 sigma cinetique (1,2) (2,2) (3,2) = -0.1006135813       2.187945327      0.7167417644E-01
3 sigma cinetique (1,3) (2,3) (3,3) = -0.3978621268E-01  0.7167417644E-01   2.374450721    

1 sigma total (1,1) (2,1) (3,1) =   2171.569923     -0.3007891564     -0.2856759685    
2 sigma total (1,2) (2,2) (3,2) = -0.3007891564       2170.043909      0.6725830512    
3 sigma total (1,3) (2,3) (3,3) = -0.2856759685      0.6725830512       2171.202181    

       133 0.133E-12*Pression =     2170.9    
 pression totale  potentiel = cinetique =
    2170.9        2168.6        2.3628    
 ----------valeurs moyennes------------
*temperature moyenne =       188.23
*pression moyenne =     2167.8    
 --------------------------------------


<<<<<<<<  ITERATION =    134  time =   0.1340000E-12


 --------- Temperatures et Pression--------
 ----------valeurs instantanees------------
       134 0.134E-12*Epot =    -15321.0023089      eV 
    *energie paire 2 corps =    -15321.0097010      eV 
    *energie pot coul recip =    0.739218115260E-02  eV 
       134 0.134E-12*Ec =     23.5328854430      eV   (237.060 K)
       134 0.134E-12*Etot =    -15297.4694234      eV 

       134 0.134E-12*Temp instantanee = 237.060

*temp instantanee des atomes de type 1 =       281.84
*temp instantanee des atomes de type 2 =       147.50

 * stress en kbar 
1 sigma potentiel (1,1) (2,1) (3,1) =   2169.084105     -0.2195542425     -0.2557128974    
2 sigma potentiel (1,2) (2,2) (3,2) = -0.2195542425       2167.867425      0.6163760721    
3 sigma potentiel (1,3) (2,3) (3,3) = -0.2557128974      0.6163760721       2168.842940    

1 sigma cinetique (1,1) (2,1) (3,1) =   2.568218802     -0.1003700912     -0.3765789060E-01
2 sigma cinetique (1,2) (2,2) (3,2) = -0.1003700912       2.220216680      0.7602962183E-01
3 sigma cinetique (1,3) (2,3) (3,3) = -0.3765789060E-01  0.7602962183E-01   2.418490009    

1 sigma total (1,1) (2,1) (3,1) =   2171.652324     -0.3199243338     -0.2933707880    
2 sigma total (1,2) (2,2) (3,2) = -0.3199243338       2170.087642      0.6924056939    
3 sigma total (1,3) (2,3) (3,3) = -0.2933707880      0.6924056939       2171.261430    

       134 0.134E-12*Pression =     2171.0    
 pression totale  potentiel = cinetique =
    2171.0        2168.6        2.4023    
 ----------valeurs moyennes------------
*temperature moyenne =       188.60
*pression moyenne =     2167.8    
 --------------------------------------


<<<<<<<<  ITERATION =    135  time =   0.1350000E-12


 --------- Temperatures et Pression--------
 ----------valeurs instantanees------------
       135 0.135E-12*Epot =    -15321.3914925      eV 
    *energie paire 2 corps =    -15321.3988848      eV 
    *energie pot coul recip =    0.739230076969E-02  eV 
       135 0.135E-12*Ec =     23.9220463625      eV   (240.980 K)
       135 0.135E-12*Etot =    -15297.4694461      eV 

       135 0.135E-12*Temp instantanee = 240.980

*temp instantanee des atomes de type 1 =       286.30
*temp instantanee des atomes de type 2 =       150.35

 * stress en kbar 
1 sigma potentiel (1,1) (2,1) (3,1) =   2169.113695     -0.2460348948     -0.2633185403    
2 sigma potentiel (1,2) (2,2) (3,2) = -0.2460348948       2167.842315      0.6275361877    
3 sigma potentiel (1,3) (2,3) (3,3) = -0.2633185403      0.6275361877       2168.849850    

1 sigma cinetique (1,1) (2,1) (3,1) =   2.611487291     -0.1000334709     -0.3588791319E-01
2 sigma cinetique (1,2) (2,2) (3,2) = -0.1000334709       2.251980918      0.8046200441E-01
3 sigma cinetique (1,3) (2,3) (3,3) = -0.3588791319E-01  0.8046200441E-01   2.462637472    

1 sigma total (1,1) (2,1) (3,1) =   2171.725182     -0.3460683657     -0.2992064535    
2 sigma total (1,2) (2,2) (3,2) = -0.3460683657       2170.094296      0.7079981922    
3 sigma total (1,3) (2,3) (3,3) = -0.2992064535      0.7079981922       2171.312487    

       135 0.135E-12*Pression =     2171.0    
 pression totale  potentiel = cinetique =
    2171.0        2168.6        2.4420    
 ----------valeurs moyennes------------
*temperature moyenne =       188.99
*pression moyenne =     2167.8    
 --------------------------------------


<<<<<<<<  ITERATION =    136  time =   0.1360000E-12


 --------- Temperatures et Pression--------
 ----------valeurs instantanees------------
       136 0.136E-12*Epot =    -15321.7813325      eV 
    *energie paire 2 corps =    -15321.7887248      eV 
    *energie pot coul recip =    0.739232786098E-02  eV 
       136 0.136E-12*Ec =     24.3118241706      eV   (244.907 K)
       136 0.136E-12*Etot =    -15297.4695083      eV 

       136 0.136E-12*Temp instantanee = 244.907

*temp instantanee des atomes de type 1 =       290.77
*temp instantanee des atomes de type 2 =       153.18

 * stress en kbar 
1 sigma potentiel (1,1) (2,1) (3,1) =   2169.163106     -0.2715586528     -0.2661767890    
2 sigma potentiel (1,2) (2,2) (3,2) = -0.2715586528       2167.844277      0.6442053433    
3 sigma potentiel (1,3) (2,3) (3,3) = -0.2661767890      0.6442053433       2168.857411    

1 sigma cinetique (1,1) (2,1) (3,1) =   2.655771219     -0.9962419671E-01 -0.3448555956E-01
2 sigma cinetique (1,2) (2,2) (3,2) = -0.9962419671E-01   2.283117413      0.8495027060E-01
3 sigma cinetique (1,3) (2,3) (3,3) = -0.3448555956E-01  0.8495027060E-01   2.506586160    

1 sigma total (1,1) (2,1) (3,1) =   2171.818877     -0.3711828495     -0.3006623485    
2 sigma total (1,2) (2,2) (3,2) = -0.3711828495       2170.127395      0.7291556139    
3 sigma total (1,3) (2,3) (3,3) = -0.3006623485      0.7291556139       2171.363997    

       136 0.136E-12*Pression =     2171.1    
 pression totale  potentiel = cinetique =
    2171.1        2168.6        2.4818    
 ----------valeurs moyennes------------
*temperature moyenne =       189.40
*pression moyenne =     2167.8    
 --------------------------------------


<<<<<<<<  ITERATION =    137  time =   0.1370000E-12


 --------- Temperatures et Pression--------
 ----------valeurs instantanees------------
       137 0.137E-12*Epot =    -15322.1700787      eV 
    *energie paire 2 corps =    -15322.1774709      eV 
    *energie pot coul recip =    0.739225716468E-02  eV 
       137 0.137E-12*Ec =     24.7005404611      eV   (248.822 K)
       137 0.137E-12*Etot =    -15297.4695382      eV 

       137 0.137E-12*Temp instantanee = 248.822

*temp instantanee des atomes de type 1 =       295.26
*temp instantanee des atomes de type 2 =       155.95

 * stress en kbar 
1 sigma potentiel (1,1) (2,1) (3,1) =   2169.215345     -0.2953481200     -0.2717521433    
2 sigma potentiel (1,2) (2,2) (3,2) = -0.2953481200       2167.835959      0.6556637795    
3 sigma potentiel (1,3) (2,3) (3,3) = -0.2717521433      0.6556637795       2168.864356    

1 sigma cinetique (1,1) (2,1) (3,1) =   2.700913259     -0.9916892423E-01 -0.3345939911E-01
2 sigma cinetique (1,2) (2,2) (3,2) = -0.9916892423E-01   2.313540712      0.8948305335E-01
3 sigma cinetique (1,3) (2,3) (3,3) = -0.3345939911E-01  0.8948305335E-01   2.550064843    

1 sigma total (1,1) (2,1) (3,1) =   2171.916258     -0.3945170442     -0.3052115424    
2 sigma total (1,2) (2,2) (3,2) = -0.3945170442       2170.149500      0.7451468328    
3 sigma total (1,3) (2,3) (3,3) = -0.3052115424      0.7451468328       2171.414421    

       137 0.137E-12*Pression =     2171.2    
 pression totale  potentiel = cinetique =
    2171.2        2168.6        2.5215    
 ----------valeurs moyennes------------
*temperature moyenne =       189.83
*pression moyenne =     2167.8    
 --------------------------------------


<<<<<<<<  ITERATION =    138  time =   0.1380000E-12


 --------- Temperatures et Pression--------
 ----------valeurs instantanees------------
       138 0.138E-12*Epot =    -15322.5563355      eV 
    *energie paire 2 corps =    -15322.5637276      eV 
    *energie pot coul recip =    0.739208310028E-02  eV 
       138 0.138E-12*Ec =     25.0868072693      eV   (252.714 K)
       138 0.138E-12*Etot =    -15297.4695282      eV 

       138 0.138E-12*Temp instantanee = 252.714

*temp instantanee des atomes de type 1 =       299.75
*temp instantanee des atomes de type 2 =       158.63

 * stress en kbar 
1 sigma potentiel (1,1) (2,1) (3,1) =   2169.272307     -0.3160748343     -0.2738450876    
2 sigma potentiel (1,2) (2,2) (3,2) = -0.3160748343       2167.817647      0.6651858139    
3 sigma potentiel (1,3) (2,3) (3,3) = -0.2738450876      0.6651858139       2168.864286    

1 sigma cinetique (1,1) (2,1) (3,1) =   2.746772494     -0.9869872019E-01 -0.3280326490E-01
2 sigma cinetique (1,2) (2,2) (3,2) = -0.9869872019E-01   2.343191791      0.9404220147E-01
3 sigma cinetique (1,3) (2,3) (3,3) = -0.3280326490E-01  0.9404220147E-01   2.592848399    

1 sigma total (1,1) (2,1) (3,1) =   2172.019080     -0.4147735545     -0.3066483525    
2 sigma total (1,2) (2,2) (3,2) = -0.4147735545       2170.160839      0.7592280154    
3 sigma total (1,3) (2,3) (3,3) = -0.3066483525      0.7592280154       2171.457134    

       138 0.138E-12*Pression =     2171.2    
 pression totale  potentiel = cinetique =
    2171.2        2168.7        2.5609    
 ----------valeurs moyennes------------
*temperature moyenne =       190.29
*pression moyenne =     2167.9    
 --------------------------------------


<<<<<<<<  ITERATION =    139  time =   0.1390000E-12


 --------- Temperatures et Pression--------
 ----------valeurs instantanees------------
       139 0.139E-12*Epot =    -15322.9389910      eV 
    *energie paire 2 corps =    -15322.9463828      eV 
    *energie pot coul recip =    0.739180122575E-02  eV 
       139 0.139E-12*Ec =     25.4695285186      eV   (256.569 K)
       139 0.139E-12*Etot =    -15297.4694624      eV 

       139 0.139E-12*Temp instantanee = 256.569

*temp instantanee des atomes de type 1 =       304.26
*temp instantanee des atomes de type 2 =       161.19

 * stress en kbar 
1 sigma potentiel (1,1) (2,1) (3,1) =   2169.328725     -0.3398736347     -0.2731033332    
2 sigma potentiel (1,2) (2,2) (3,2) = -0.3398736347       2167.813506      0.6741636918    
3 sigma potentiel (1,3) (2,3) (3,3) = -0.2731033332      0.6741636918       2168.868249    

1 sigma cinetique (1,1) (2,1) (3,1) =   2.793216421     -0.9824133691E-01 -0.3249565235E-01
2 sigma cinetique (1,2) (2,2) (3,2) = -0.9824133691E-01   2.372056590      0.9861093272E-01
3 sigma cinetique (1,3) (2,3) (3,3) = -0.3249565235E-01  0.9861093272E-01   2.634747719    

1 sigma total (1,1) (2,1) (3,1) =   2172.121941     -0.4381149716     -0.3055989856    
2 sigma total (1,2) (2,2) (3,2) = -0.4381149716       2170.185563      0.7727746245    
3 sigma total (1,3) (2,3) (3,3) = -0.3055989856      0.7727746245       2171.502997    

       139 0.139E-12*Pression =     2171.3    
 pression totale  potentiel = cinetique =
    2171.3        2168.7        2.6000    
 ----------valeurs moyennes------------
*temperature moyenne =       190.76
*pression moyenne =     2167.9    
 --------------------------------------


<<<<<<<<  ITERATION =    140  time =   0.1400000E-12


 --------- Temperatures et Pression--------
 ----------valeurs instantanees------------
       140 0.140E-12*Epot =    -15323.3172444      eV 
    *energie paire 2 corps =    -15323.3246358      eV 
    *energie pot coul recip =    0.739140912885E-02  eV 
       140 0.140E-12*Ec =     25.8478055133      eV   (260.379 K)
       140 0.140E-12*Etot =    -15297.4694389      eV 

       140 0.140E-12*Temp instantanee = 260.379

*temp instantanee des atomes de type 1 =       308.76
*temp instantanee des atomes de type 2 =       163.61

 * stress en kbar 
1 sigma potentiel (1,1) (2,1) (3,1) =   2169.397413     -0.3615932576     -0.2710298824    
2 sigma potentiel (1,2) (2,2) (3,2) = -0.3615932576       2167.786112      0.6796679645    
3 sigma potentiel (1,3) (2,3) (3,3) = -0.2710298824      0.6796679645       2168.889550    

1 sigma cinetique (1,1) (2,1) (3,1) =   2.840111054     -0.9782469293E-01 -0.3251357209E-01
2 sigma cinetique (1,2) (2,2) (3,2) = -0.9782469293E-01   2.400155142      0.1031747846    
3 sigma cinetique (1,3) (2,3) (3,3) = -0.3251357209E-01  0.1031747846       2.675601533    

1 sigma total (1,1) (2,1) (3,1) =   2172.237524     -0.4594179506     -0.3035434544    
2 sigma total (1,2) (2,2) (3,2) = -0.4594179506       2170.186267      0.7828427491    
3 sigma total (1,3) (2,3) (3,3) = -0.3035434544      0.7828427491       2171.565152    

       140 0.140E-12*Pression =     2171.3    
 pression totale  potentiel = cinetique =
    2171.3        2168.7        2.6386    
 ----------valeurs moyennes------------
*temperature moyenne =       191.26
*pression moyenne =     2167.9    
 --------------------------------------


<<<<<<<<  ITERATION =    141  time =   0.1410000E-12


 --------- Temperatures et Pression--------
 ----------valeurs instantanees------------
       141 0.141E-12*Epot =    -15323.6905513      eV 
    *energie paire 2 corps =    -15323.6979422      eV 
    *energie pot coul recip =    0.739090393221E-02  eV 
       141 0.141E-12*Ec =     26.2211315343      eV   (264.140 K)
       141 0.141E-12*Etot =    -15297.4694197      eV 

       141 0.141E-12*Temp instantanee = 264.140

*temp instantanee des atomes de type 1 =       313.27
*temp instantanee des atomes de type 2 =       165.87

 * stress en kbar 
1 sigma potentiel (1,1) (2,1) (3,1) =   2169.454269     -0.3835518617     -0.2655918056    
2 sigma potentiel (1,2) (2,2) (3,2) = -0.3835518617       2167.789772      0.6839925252    
3 sigma potentiel (1,3) (2,3) (3,3) = -0.2655918056      0.6839925252       2168.889580    

1 sigma cinetique (1,1) (2,1) (3,1) =   2.887354329     -0.9748655958E-01 -0.3282990145E-01
2 sigma cinetique (1,2) (2,2) (3,2) = -0.9748655958E-01   2.427539526      0.1077148377    
3 sigma cinetique (1,3) (2,3) (3,3) = -0.3282990145E-01  0.1077148377       2.715304640    

1 sigma total (1,1) (2,1) (3,1) =   2172.341623     -0.4810384213     -0.2984217071    
2 sigma total (1,2) (2,2) (3,2) = -0.4810384213       2170.217311      0.7917073630    
3 sigma total (1,3) (2,3) (3,3) = -0.2984217071      0.7917073630       2171.604885    

       141 0.141E-12*Pression =     2171.4    
 pression totale  potentiel = cinetique =
    2171.4        2168.7        2.6767    
 ----------valeurs moyennes------------
*temperature moyenne =       191.78
*pression moyenne =     2167.9    
 --------------------------------------


<<<<<<<<  ITERATION =    142  time =   0.1420000E-12


 --------- Temperatures et Pression--------
 ----------valeurs instantanees------------
       142 0.142E-12*Epot =    -15324.0586232      eV 
    *energie paire 2 corps =    -15324.0660135      eV 
    *energie pot coul recip =    0.739028397498E-02  eV 
       142 0.142E-12*Ec =     26.5892926527      eV   (267.849 K)
       142 0.142E-12*Etot =    -15297.4693306      eV 

       142 0.142E-12*Temp instantanee = 267.849

*temp instantanee des atomes de type 1 =       317.79
*temp instantanee des atomes de type 2 =       167.97

 * stress en kbar 
1 sigma potentiel (1,1) (2,1) (3,1) =   2169.518253     -0.4029427659     -0.2605002800    
2 sigma potentiel (1,2) (2,2) (3,2) = -0.4029427659       2167.777499      0.6837677265    
3 sigma potentiel (1,3) (2,3) (3,3) = -0.2605002800      0.6837677265       2168.893221    

1 sigma cinetique (1,1) (2,1) (3,1) =   2.934862037     -0.9725517628E-01 -0.3341813376E-01
2 sigma cinetique (1,2) (2,2) (3,2) = -0.9725517628E-01   2.454286345      0.1122136638    
3 sigma cinetique (1,3) (2,3) (3,3) = -0.3341813376E-01  0.1122136638       2.753799131    

1 sigma total (1,1) (2,1) (3,1) =   2172.453115     -0.5001979422     -0.2939184138    
2 sigma total (1,2) (2,2) (3,2) = -0.5001979422       2170.231786      0.7959813902    
3 sigma total (1,3) (2,3) (3,3) = -0.2939184138      0.7959813902       2171.647020    

       142 0.142E-12*Pression =     2171.4    
 pression totale  potentiel = cinetique =
    2171.4        2168.7        2.7143    
 ----------valeurs moyennes------------
*temperature moyenne =       192.31
*pression moyenne =     2168.0    
 --------------------------------------


<<<<<<<<  ITERATION =    143  time =   0.1430000E-12


 --------- Temperatures et Pression--------
 ----------valeurs instantanees------------
       143 0.143E-12*Epot =    -15324.4214955      eV 
    *energie paire 2 corps =    -15324.4288851      eV 
    *energie pot coul recip =    0.738954704299E-02  eV 
       143 0.143E-12*Ec =     26.9522298443      eV   (271.505 K)
       143 0.143E-12*Etot =    -15297.4692657      eV 

       143 0.143E-12*Temp instantanee = 271.505

*temp instantanee des atomes de type 1 =       322.31
*temp instantanee des atomes de type 2 =       169.90

 * stress en kbar 
1 sigma potentiel (1,1) (2,1) (3,1) =   2169.600650     -0.4211597408     -0.2503825577    
2 sigma potentiel (1,2) (2,2) (3,2) = -0.4211597408       2167.770595      0.6853680669    
3 sigma potentiel (1,3) (2,3) (3,3) = -0.2503825577      0.6853680669       2168.884854    

1 sigma cinetique (1,1) (2,1) (3,1) =   2.982556821     -0.9716480274E-01 -0.3425020658E-01
2 sigma cinetique (1,2) (2,2) (3,2) = -0.9716480274E-01   2.480488955      0.1166468946    
3 sigma cinetique (1,3) (2,3) (3,3) = -0.3425020658E-01  0.1166468946       2.791050933    

1 sigma total (1,1) (2,1) (3,1) =   2172.583207     -0.5183245435     -0.2846327642    
2 sigma total (1,2) (2,2) (3,2) = -0.5183245435       2170.251083      0.8020149614    
3 sigma total (1,3) (2,3) (3,3) = -0.2846327642      0.8020149614       2171.675905    

       143 0.143E-12*Pression =     2171.5    
 pression totale  potentiel = cinetique =
    2171.5        2168.8        2.7514    
 ----------valeurs moyennes------------
*temperature moyenne =       192.87
*pression moyenne =     2168.0    
 --------------------------------------


<<<<<<<<  ITERATION =    144  time =   0.1440000E-12


 --------- Temperatures et Pression--------
 ----------valeurs instantanees------------
       144 0.144E-12*Epot =    -15324.7794356      eV 
    *energie paire 2 corps =    -15324.7868243      eV 
    *energie pot coul recip =    0.738869352603E-02  eV 
       144 0.144E-12*Ec =     27.3102258115      eV   (275.111 K)
       144 0.144E-12*Etot =    -15297.4692098      eV 

       144 0.144E-12*Temp instantanee = 275.111

*temp instantanee des atomes de type 1 =       326.84
*temp instantanee des atomes de type 2 =       171.66

 * stress en kbar 
1 sigma potentiel (1,1) (2,1) (3,1) =   2169.679826     -0.4440877364     -0.2397253713    
2 sigma potentiel (1,2) (2,2) (3,2) = -0.4440877364       2167.771045      0.6850054140    
3 sigma potentiel (1,3) (2,3) (3,3) = -0.2397253713      0.6850054140       2168.904554    

1 sigma cinetique (1,1) (2,1) (3,1) =   3.030378331     -0.9725950797E-01 -0.3528081286E-01
2 sigma cinetique (1,2) (2,2) (3,2) = -0.9725950797E-01   2.506280916      0.1210063155    
3 sigma cinetique (1,3) (2,3) (3,3) = -0.3528081286E-01  0.1210063155       2.827073413    

1 sigma total (1,1) (2,1) (3,1) =   2172.710204     -0.5413472443     -0.2750061841    
2 sigma total (1,2) (2,2) (3,2) = -0.5413472443       2170.277326      0.8060117295    
3 sigma total (1,3) (2,3) (3,3) = -0.2750061841      0.8060117295       2171.731627    

       144 0.144E-12*Pression =     2171.6    
 pression totale  potentiel = cinetique =
    2171.6        2168.8        2.7879    
 ----------valeurs moyennes------------
*temperature moyenne =       193.44
*pression moyenne =     2168.0    
 --------------------------------------


<<<<<<<<  ITERATION =    145  time =   0.1450000E-12


 --------- Temperatures et Pression--------
 ----------valeurs instantanees------------
       145 0.145E-12*Epot =    -15325.1327887      eV 
    *energie paire 2 corps =    -15325.1401764      eV 
    *energie pot coul recip =    0.738772253570E-02  eV 
       145 0.145E-12*Ec =     27.6637552582      eV   (278.673 K)
       145 0.145E-12*Etot =    -15297.4690334      eV 

       145 0.145E-12*Temp instantanee = 278.673

*temp instantanee des atomes de type 1 =       331.38
*temp instantanee des atomes de type 2 =       173.27

 * stress en kbar 
1 sigma potentiel (1,1) (2,1) (3,1) =   2169.763213     -0.4560573881     -0.2288834508    
2 sigma potentiel (1,2) (2,2) (3,2) = -0.4560573881       2167.771671      0.6844103138    
3 sigma potentiel (1,3) (2,3) (3,3) = -0.2288834508      0.6844103138       2168.905943    

1 sigma cinetique (1,1) (2,1) (3,1) =   3.078288574     -0.9756295317E-01 -0.3646328701E-01
2 sigma cinetique (1,2) (2,2) (3,2) = -0.9756295317E-01   2.531801214      0.1252839878    
3 sigma cinetique (1,3) (2,3) (3,3) = -0.3646328701E-01  0.1252839878       2.861910954    

1 sigma total (1,1) (2,1) (3,1) =   2172.841502     -0.5536203412     -0.2653467378    
2 sigma total (1,2) (2,2) (3,2) = -0.5536203412       2170.303473      0.8096943016    
3 sigma total (1,3) (2,3) (3,3) = -0.2653467378      0.8096943016       2171.767854    

       145 0.145E-12*Pression =     2171.6    
 pression totale  potentiel = cinetique =
    2171.6        2168.8        2.8240    
 ----------valeurs moyennes------------
*temperature moyenne =       194.03
*pression moyenne =     2168.0    
 --------------------------------------


<<<<<<<<  ITERATION =    146  time =   0.1460000E-12


 --------- Temperatures et Pression--------
 ----------valeurs instantanees------------
       146 0.146E-12*Epot =    -15325.4822610      eV 
    *energie paire 2 corps =    -15325.4896476      eV 
    *energie pot coul recip =    0.738663413787E-02  eV 
       146 0.146E-12*Ec =     28.0133843921      eV   (282.195 K)
       146 0.146E-12*Etot =    -15297.4688766      eV 

       146 0.146E-12*Temp instantanee = 282.195

*temp instantanee des atomes de type 1 =       335.93
*temp instantanee des atomes de type 2 =       174.73

 * stress en kbar 
1 sigma potentiel (1,1) (2,1) (3,1) =   2169.861684     -0.4730253931     -0.2164668299    
2 sigma potentiel (1,2) (2,2) (3,2) = -0.4730253931       2167.775059      0.6743230731    
3 sigma potentiel (1,3) (2,3) (3,3) = -0.2164668299      0.6743230731       2168.912772    

1 sigma cinetique (1,1) (2,1) (3,1) =   3.126245210     -0.9811055512E-01 -0.3776768789E-01
2 sigma cinetique (1,2) (2,2) (3,2) = -0.9811055512E-01   2.557198888      0.1294544228    
3 sigma cinetique (1,3) (2,3) (3,3) = -0.3776768789E-01  0.1294544228       2.895630260    

1 sigma total (1,1) (2,1) (3,1) =   2172.987929     -0.5711359482     -0.2542345178    
2 sigma total (1,2) (2,2) (3,2) = -0.5711359482       2170.332258      0.8037774959    
3 sigma total (1,3) (2,3) (3,3) = -0.2542345178      0.8037774959       2171.808402    

       146 0.146E-12*Pression =     2171.7    
 pression totale  potentiel = cinetique =
    2171.7        2168.8        2.8597    
 ----------valeurs moyennes------------
*temperature moyenne =       194.63
*pression moyenne =     2168.1    
 --------------------------------------


<<<<<<<<  ITERATION =    147  time =   0.1470000E-12


 --------- Temperatures et Pression--------
 ----------valeurs instantanees------------
       147 0.147E-12*Epot =    -15325.8285981      eV 
    *energie paire 2 corps =    -15325.8359835      eV 
    *energie pot coul recip =    0.738542959624E-02  eV 
       147 0.147E-12*Ec =     28.3597883280      eV   (285.684 K)
       147 0.147E-12*Etot =    -15297.4688098      eV 

       147 0.147E-12*Temp instantanee = 285.684

*temp instantanee des atomes de type 1 =       340.50
*temp instantanee des atomes de type 2 =       176.05

 * stress en kbar 
1 sigma potentiel (1,1) (2,1) (3,1) =   2169.955325     -0.4801048814     -0.1980175071    
2 sigma potentiel (1,2) (2,2) (3,2) = -0.4801048814       2167.797534      0.6710428982    
3 sigma potentiel (1,3) (2,3) (3,3) = -0.1980175071      0.6710428982       2168.934193    

1 sigma cinetique (1,1) (2,1) (3,1) =   3.174211620     -0.9893810926E-01 -0.3915963538E-01
2 sigma cinetique (1,2) (2,2) (3,2) = -0.9893810926E-01   2.582613082      0.1335060147    
3 sigma cinetique (1,3) (2,3) (3,3) = -0.3915963538E-01  0.1335060147       2.928335556    

1 sigma total (1,1) (2,1) (3,1) =   2173.129536     -0.5790429907     -0.2371771425    
2 sigma total (1,2) (2,2) (3,2) = -0.5790429907       2170.380147      0.8045489129    
3 sigma total (1,3) (2,3) (3,3) = -0.2371771425      0.8045489129       2171.862528    

       147 0.147E-12*Pression =     2171.8    
 pression totale  potentiel = cinetique =
    2171.8        2168.9        2.8951    
 ----------valeurs moyennes------------
*temperature moyenne =       195.25
*pression moyenne =     2168.1    
 --------------------------------------


<<<<<<<<  ITERATION =    148  time =   0.1480000E-12


 --------- Temperatures et Pression--------
 ----------valeurs instantanees------------
       148 0.148E-12*Epot =    -15326.1726267      eV 
    *energie paire 2 corps =    -15326.1800108      eV 
    *energie pot coul recip =    0.738411027444E-02  eV 
       148 0.148E-12*Ec =     28.7039043766      eV   (289.151 K)
       148 0.148E-12*Etot =    -15297.4687223      eV 

       148 0.148E-12*Temp instantanee = 289.151

*temp instantanee des atomes de type 1 =       345.10
*temp instantanee des atomes de type 2 =       177.26

 * stress en kbar 
1 sigma potentiel (1,1) (2,1) (3,1) =   2170.050088     -0.4925615313     -0.1865859508    
2 sigma potentiel (1,2) (2,2) (3,2) = -0.4925615313       2167.816517      0.6631604662    
3 sigma potentiel (1,3) (2,3) (3,3) = -0.1865859508      0.6631604662       2168.938177    

1 sigma cinetique (1,1) (2,1) (3,1) =   3.222183606     -0.1000708622     -0.4059864362E-01
2 sigma cinetique (1,2) (2,2) (3,2) = -0.1000708622       2.608207242      0.1374415271    
3 sigma cinetique (1,3) (2,3) (3,3) = -0.4059864362E-01  0.1374415271       2.960154648    

1 sigma total (1,1) (2,1) (3,1) =   2173.272272     -0.5926323935     -0.2271845944    
2 sigma total (1,2) (2,2) (3,2) = -0.5926323935       2170.424724      0.8006019933    
3 sigma total (1,3) (2,3) (3,3) = -0.2271845944      0.8006019933       2171.898332    

       148 0.148E-12*Pression =     2171.9    
 pression totale  potentiel = cinetique =
    2171.9        2168.9        2.9302    
 ----------valeurs moyennes------------
*temperature moyenne =       195.88
*pression moyenne =     2168.1    
 --------------------------------------


<<<<<<<<  ITERATION =    149  time =   0.1490000E-12


 --------- Temperatures et Pression--------
 ----------valeurs instantanees------------
       149 0.149E-12*Epot =    -15326.5153400      eV 
    *energie paire 2 corps =    -15326.5227227      eV 
    *energie pot coul recip =    0.738267783710E-02  eV 
       149 0.149E-12*Ec =     29.0467077493      eV   (292.604 K)
       149 0.149E-12*Etot =    -15297.4686323      eV 

       149 0.149E-12*Temp instantanee = 292.604

*temp instantanee des atomes de type 1 =       349.72
*temp instantanee des atomes de type 2 =       178.37

 * stress en kbar 
1 sigma potentiel (1,1) (2,1) (3,1) =   2170.152743     -0.4994826394     -0.1687215729    
2 sigma potentiel (1,2) (2,2) (3,2) = -0.4994826394       2167.821257      0.6573681547    
3 sigma potentiel (1,3) (2,3) (3,3) = -0.1687215729      0.6573681547       2168.951624    

1 sigma cinetique (1,1) (2,1) (3,1) =   3.270140125     -0.1015399569     -0.4204265589E-01
2 sigma cinetique (1,2) (2,2) (3,2) = -0.1015399569       2.634154608      0.1412507131    
3 sigma cinetique (1,3) (2,3) (3,3) = -0.4204265589E-01  0.1412507131       2.991233994    

1 sigma total (1,1) (2,1) (3,1) =   2173.422884     -0.6010225963     -0.2107642288    
2 sigma total (1,2) (2,2) (3,2) = -0.6010225963       2170.455412      0.7986188678    
3 sigma total (1,3) (2,3) (3,3) = -0.2107642288      0.7986188678       2171.942858    

       149 0.149E-12*Pression =     2171.9    
 pression totale  potentiel = cinetique =
    2171.9        2169.0        2.9652    
 ----------valeurs moyennes------------
*temperature moyenne =       196.53
*pression moyenne =     2168.1    
 --------------------------------------


<<<<<<<<  ITERATION =    150  time =   0.1500000E-12


 --------- Temperatures et Pression--------
 ----------valeurs instantanees------------
       150 0.150E-12*Epot =    -15326.8577486      eV 
    *energie paire 2 corps =    -15326.8651297      eV 
    *energie pot coul recip =    0.738113482554E-02  eV 
       150 0.150E-12*Ec =     29.3892241957      eV   (296.054 K)
       150 0.150E-12*Etot =    -15297.4685244      eV 

       150 0.150E-12*Temp instantanee = 296.054

*temp instantanee des atomes de type 1 =       354.38
*temp instantanee des atomes de type 2 =       179.40

 * stress en kbar 
1 sigma potentiel (1,1) (2,1) (3,1) =   2170.271700     -0.5111205260     -0.1543642749    
2 sigma potentiel (1,2) (2,2) (3,2) = -0.5111205260       2167.835921      0.6431176331    
3 sigma potentiel (1,3) (2,3) (3,3) = -0.1543642749      0.6431176331       2168.963002    

1 sigma cinetique (1,1) (2,1) (3,1) =   3.318077003     -0.1033618600     -0.4345223620E-01
2 sigma cinetique (1,2) (2,2) (3,2) = -0.1033618600       2.660603772      0.1449151493    
3 sigma cinetique (1,3) (2,3) (3,3) = -0.4345223620E-01  0.1449151493       3.021743314    

1 sigma total (1,1) (2,1) (3,1) =   2173.589777     -0.6144823860     -0.1978165111    
2 sigma total (1,2) (2,2) (3,2) = -0.6144823860       2170.496525      0.7880327825    
3 sigma total (1,3) (2,3) (3,3) = -0.1978165111      0.7880327825       2171.984745    

       150 0.150E-12*Pression =     2172.0    
 pression totale  potentiel = cinetique =
    2172.0        2169.0        3.0001    
 ----------valeurs moyennes------------
*temperature moyenne =       197.20
*pression moyenne =     2168.2    
 --------------------------------------


<<<<<<<<  ITERATION =    151  time =   0.1510000E-12


 --------- Temperatures et Pression--------
 ----------valeurs instantanees------------
       151 0.151E-12*Epot =    -15327.2008966      eV 
    *energie paire 2 corps =    -15327.2082761      eV 
    *energie pot coul recip =    0.737948448528E-02  eV 
       151 0.151E-12*Ec =     29.7325014356      eV   (299.512 K)
       151 0.151E-12*Etot =    -15297.4683951      eV 

       151 0.151E-12*Temp instantanee = 299.512

*temp instantanee des atomes de type 1 =       359.08
*temp instantanee des atomes de type 2 =       180.37

 * stress en kbar 
1 sigma potentiel (1,1) (2,1) (3,1) =   2170.387260     -0.5141157839     -0.1412768807    
2 sigma potentiel (1,2) (2,2) (3,2) = -0.5141157839       2167.872163      0.6306607218    
3 sigma potentiel (1,3) (2,3) (3,3) = -0.1412768807      0.6306607218       2168.982412    

1 sigma cinetique (1,1) (2,1) (3,1) =   3.366004878     -0.1055548921     -0.4480295891E-01
2 sigma cinetique (1,2) (2,2) (3,2) = -0.1055548921       2.687691970      0.1484338297    
3 sigma cinetique (1,3) (2,3) (3,3) = -0.4480295891E-01  0.1484338297       3.051855593    

1 sigma total (1,1) (2,1) (3,1) =   2173.753265     -0.6196706759     -0.1860798396    
2 sigma total (1,2) (2,2) (3,2) = -0.6196706759       2170.559855      0.7790945516    
3 sigma total (1,3) (2,3) (3,3) = -0.1860798396      0.7790945516       2172.034267    

       151 0.151E-12*Pression =     2172.1    
 pression totale  potentiel = cinetique =
    2172.1        2169.1        3.0352    
 ----------valeurs moyennes------------
*temperature moyenne =       197.87
*pression moyenne =     2168.2    
 --------------------------------------


<<<<<<<<  ITERATION =    152  time =   0.1520000E-12


 --------- Temperatures et Pression--------
 ----------valeurs instantanees------------
       152 0.152E-12*Epot =    -15327.5457333      eV 
    *energie paire 2 corps =    -15327.5531110      eV 
    *energie pot coul recip =    0.737772872082E-02  eV 
       152 0.152E-12*Ec =     30.0774695814      eV   (302.987 K)
       152 0.152E-12*Etot =    -15297.4682637      eV 

       152 0.152E-12*Temp instantanee = 302.987

*temp instantanee des atomes de type 1 =       363.84
*temp instantanee des atomes de type 2 =       181.29

 * stress en kbar 
1 sigma potentiel (1,1) (2,1) (3,1) =   2170.510543     -0.5143578076     -0.1256904470    
2 sigma potentiel (1,2) (2,2) (3,2) = -0.5143578076       2167.907850      0.6236109876    
3 sigma potentiel (1,3) (2,3) (3,3) = -0.1256904470      0.6236109876       2169.008638    

1 sigma cinetique (1,1) (2,1) (3,1) =   3.413911239     -0.1081279791     -0.4604770328E-01
2 sigma cinetique (1,2) (2,2) (3,2) = -0.1081279791       2.715543847      0.1518071662    
3 sigma cinetique (1,3) (2,3) (3,3) = -0.4604770328E-01  0.1518071662       3.081743548    

1 sigma total (1,1) (2,1) (3,1) =   2173.924454     -0.6224857867     -0.1717381503    
2 sigma total (1,2) (2,2) (3,2) = -0.6224857867       2170.623394      0.7754181538    
3 sigma total (1,3) (2,3) (3,3) = -0.1717381503      0.7754181538       2172.090382    

       152 0.152E-12*Pression =     2172.2    
 pression totale  potentiel = cinetique =
    2172.2        2169.1        3.0704    
 ----------valeurs moyennes------------
*temperature moyenne =       198.57
*pression moyenne =     2168.2    
 --------------------------------------


<<<<<<<<  ITERATION =    153  time =   0.1530000E-12


 --------- Temperatures et Pression--------
 ----------valeurs instantanees------------
       153 0.153E-12*Epot =    -15327.8931866      eV 
    *energie paire 2 corps =    -15327.9005625      eV 
    *energie pot coul recip =    0.737587043969E-02  eV 
       153 0.153E-12*Ec =     30.4250597668      eV   (306.489 K)
       153 0.153E-12*Etot =    -15297.4681268      eV 

       153 0.153E-12*Temp instantanee = 306.489

*temp instantanee des atomes de type 1 =       368.64
*temp instantanee des atomes de type 2 =       182.18

 * stress en kbar 
1 sigma potentiel (1,1) (2,1) (3,1) =   2170.621449     -0.5151540702     -0.1090858937    
2 sigma potentiel (1,2) (2,2) (3,2) = -0.5151540702       2167.942979      0.6098194069    
3 sigma potentiel (1,3) (2,3) (3,3) = -0.1090858937      0.6098194069       2169.022404    

1 sigma cinetique (1,1) (2,1) (3,1) =   3.461799441     -0.1110864088     -0.4715367555E-01
2 sigma cinetique (1,2) (2,2) (3,2) = -0.1110864088       2.744270712      0.1550362128    
3 sigma cinetique (1,3) (2,3) (3,3) = -0.4715367555E-01  0.1550362128       3.111577669    

1 sigma total (1,1) (2,1) (3,1) =   2174.083249     -0.6262404790     -0.1562395693    
2 sigma total (1,2) (2,2) (3,2) = -0.6262404790       2170.687249      0.7648556197    
3 sigma total (1,3) (2,3) (3,3) = -0.1562395693      0.7648556197       2172.133982    

       153 0.153E-12*Pression =     2172.3    
 pression totale  potentiel = cinetique =
    2172.3        2169.2        3.1059    
 ----------valeurs moyennes------------
*temperature moyenne =       199.27
*pression moyenne =     2168.3    
 --------------------------------------


<<<<<<<<  ITERATION =    154  time =   0.1540000E-12


 --------- Temperatures et Pression--------
 ----------valeurs instantanees------------
       154 0.154E-12*Epot =    -15328.2441884      eV 
    *energie paire 2 corps =    -15328.2515623      eV 
    *energie pot coul recip =    0.737391353972E-02  eV 
       154 0.154E-12*Ec =     30.7761548217      eV   (310.026 K)
       154 0.154E-12*Etot =    -15297.4680336      eV 

       154 0.154E-12*Temp instantanee = 310.026

*temp instantanee des atomes de type 1 =       373.51
*temp instantanee des atomes de type 2 =       183.06

 * stress en kbar 
1 sigma potentiel (1,1) (2,1) (3,1) =   2170.758564     -0.5146765329     -0.9604825329E-01
2 sigma potentiel (1,2) (2,2) (3,2) = -0.5146765329       2167.980226      0.5956168412    
3 sigma potentiel (1,3) (2,3) (3,3) = -0.9604825329E-01  0.5956168412       2169.040869    

1 sigma cinetique (1,1) (2,1) (3,1) =   3.509678982     -0.1144407922     -0.4810050895E-01
2 sigma cinetique (1,2) (2,2) (3,2) = -0.1144407922       2.773961546      0.1581201467    
3 sigma cinetique (1,3) (2,3) (3,3) = -0.4810050895E-01  0.1581201467       3.141529847    

1 sigma total (1,1) (2,1) (3,1) =   2174.268243     -0.6291173251     -0.1441487622    
2 sigma total (1,2) (2,2) (3,2) = -0.6291173251       2170.754187      0.7537369879    
3 sigma total (1,3) (2,3) (3,3) = -0.1441487622      0.7537369879       2172.182399    

       154 0.154E-12*Pression =     2172.4    
 pression totale  potentiel = cinetique =
    2172.4        2169.3        3.1417    
 ----------valeurs moyennes------------
*temperature moyenne =       199.99
*pression moyenne =     2168.3    
 --------------------------------------


<<<<<<<<  ITERATION =    155  time =   0.1550000E-12


 --------- Temperatures et Pression--------
 ----------valeurs instantanees------------
       155 0.155E-12*Epot =    -15328.5994699      eV 
    *energie paire 2 corps =    -15328.6068418      eV 
    *energie pot coul recip =    0.737186289797E-02  eV 
       155 0.155E-12*Ec =     31.1315690537      eV   (313.606 K)
       155 0.155E-12*Etot =    -15297.4679008      eV 

       155 0.155E-12*Temp instantanee = 313.606

*temp instantanee des atomes de type 1 =       378.45
*temp instantanee des atomes de type 2 =       183.93

 * stress en kbar 
1 sigma potentiel (1,1) (2,1) (3,1) =   2170.875039     -0.5120983866     -0.8104616872E-01
2 sigma potentiel (1,2) (2,2) (3,2) = -0.5120983866       2168.026882      0.5850524635    
3 sigma potentiel (1,3) (2,3) (3,3) = -0.8104616872E-01  0.5850524635       2169.062210    

1 sigma cinetique (1,1) (2,1) (3,1) =   3.557553374     -0.1181908907     -0.4884517887E-01
2 sigma cinetique (1,2) (2,2) (3,2) = -0.1181908907       2.804678442      0.1610647416    
3 sigma cinetique (1,3) (2,3) (3,3) = -0.4884517887E-01  0.1610647416       3.171783855    

1 sigma total (1,1) (2,1) (3,1) =   2174.432592     -0.6302892773     -0.1298913476    
2 sigma total (1,2) (2,2) (3,2) = -0.6302892773       2170.831560      0.7461172051    
3 sigma total (1,3) (2,3) (3,3) = -0.1298913476      0.7461172051       2172.233994    

       155 0.155E-12*Pression =     2172.5    
 pression totale  potentiel = cinetique =
    2172.5        2169.3        3.1780    
 ----------valeurs moyennes------------
*temperature moyenne =       200.72
*pression moyenne =     2168.3    
 --------------------------------------


<<<<<<<<  ITERATION =    156  time =   0.1560000E-12


 --------- Temperatures et Pression--------
 ----------valeurs instantanees------------
       156 0.156E-12*Epot =    -15328.9597770      eV 
    *energie paire 2 corps =    -15328.9671467      eV 
    *energie pot coul recip =    0.736972208884E-02  eV 
       156 0.156E-12*Ec =     31.4919247173      eV   (317.236 K)
       156 0.156E-12*Etot =    -15297.4678523      eV 

       156 0.156E-12*Temp instantanee = 317.236

*temp instantanee des atomes de type 1 =       383.46
*temp instantanee des atomes de type 2 =       184.79

 * stress en kbar 
1 sigma potentiel (1,1) (2,1) (3,1) =   2171.030245     -0.5070273041     -0.6721781053E-01
2 sigma potentiel (1,2) (2,2) (3,2) = -0.5070273041       2168.071105      0.5687667455    
3 sigma potentiel (1,3) (2,3) (3,3) = -0.6721781053E-01  0.5687667455       2169.097445    

1 sigma cinetique (1,1) (2,1) (3,1) =   3.605434564     -0.1223330561     -0.4936029206E-01
2 sigma cinetique (1,2) (2,2) (3,2) = -0.1223330561       2.836462903      0.1638751286    
3 sigma cinetique (1,3) (2,3) (3,3) = -0.4936029206E-01  0.1638751286       3.202476809    

1 sigma total (1,1) (2,1) (3,1) =   2174.635679     -0.6293603602     -0.1165781026    
2 sigma total (1,2) (2,2) (3,2) = -0.6293603602       2170.907568      0.7326418741    
3 sigma total (1,3) (2,3) (3,3) = -0.1165781026      0.7326418741       2172.299922    

       156 0.156E-12*Pression =     2172.6    
 pression totale  potentiel = cinetique =
    2172.6        2169.4        3.2148    
 ----------valeurs moyennes------------
*temperature moyenne =       201.47
*pression moyenne =     2168.3    
 --------------------------------------


<<<<<<<<  ITERATION =    157  time =   0.1570000E-12


 --------- Temperatures et Pression--------
 ----------valeurs instantanees------------
       157 0.157E-12*Epot =    -15329.3255488      eV 
    *energie paire 2 corps =    -15329.3329163      eV 
    *energie pot coul recip =    0.736749378426E-02  eV 
       157 0.157E-12*Ec =     31.8577487169      eV   (320.921 K)
       157 0.157E-12*Etot =    -15297.4678001      eV 

       157 0.157E-12*Temp instantanee = 320.921

*temp instantanee des atomes de type 1 =       388.56
*temp instantanee des atomes de type 2 =       185.65

 * stress en kbar 
1 sigma potentiel (1,1) (2,1) (3,1) =   2171.156578     -0.5024334989     -0.5400345436E-01
2 sigma potentiel (1,2) (2,2) (3,2) = -0.5024334989       2168.142600      0.5532817391    
3 sigma potentiel (1,3) (2,3) (3,3) = -0.5400345436E-01  0.5532817391       2169.121328    

1 sigma cinetique (1,1) (2,1) (3,1) =   3.653327012     -0.1268390185     -0.4961932889E-01
2 sigma cinetique (1,2) (2,2) (3,2) = -0.1268390185       2.869348262      0.1665475567    
3 sigma cinetique (1,3) (2,3) (3,3) = -0.4961932889E-01  0.1665475567       3.233732281    

1 sigma total (1,1) (2,1) (3,1) =   2174.809905     -0.6292725174     -0.1036227832    
2 sigma total (1,2) (2,2) (3,2) = -0.6292725174       2171.011948      0.7198292958    
3 sigma total (1,3) (2,3) (3,3) = -0.1036227832      0.7198292958       2172.355061    

       157 0.157E-12*Pression =     2172.7    
 pression totale  potentiel = cinetique =
    2172.7        2169.5        3.2521    
 ----------valeurs moyennes------------
*temperature moyenne =       202.23
*pression moyenne =     2168.4    
 --------------------------------------


<<<<<<<<  ITERATION =    158  time =   0.1580000E-12


 --------- Temperatures et Pression--------
 ----------valeurs instantanees------------
       158 0.158E-12*Epot =    -15329.6972249      eV 
    *energie paire 2 corps =    -15329.7045901      eV 
    *energie pot coul recip =    0.736518347855E-02  eV 
       158 0.158E-12*Ec =     32.2295421719      eV   (324.666 K)
       158 0.158E-12*Etot =    -15297.4676827      eV 

       158 0.158E-12*Temp instantanee = 324.666

*temp instantanee des atomes de type 1 =       393.74
*temp instantanee des atomes de type 2 =       186.51

 * stress en kbar 
1 sigma potentiel (1,1) (2,1) (3,1) =   2171.296464     -0.4886447013     -0.4717084534E-01
2 sigma potentiel (1,2) (2,2) (3,2) = -0.4886447013       2168.191587      0.5364399812    
3 sigma potentiel (1,3) (2,3) (3,3) = -0.4717084534E-01  0.5364399812       2169.155312    

1 sigma cinetique (1,1) (2,1) (3,1) =   3.701243929     -0.1316807279     -0.4958420286E-01
2 sigma cinetique (1,2) (2,2) (3,2) = -0.1316807279       2.903337912      0.1690895764    
3 sigma cinetique (1,3) (2,3) (3,3) = -0.4958420286E-01  0.1690895764       3.265687132    

1 sigma total (1,1) (2,1) (3,1) =   2174.997708     -0.6203254292     -0.9675504819E-01
2 sigma total (1,2) (2,2) (3,2) = -0.6203254292       2171.094925      0.7055295576    
3 sigma total (1,3) (2,3) (3,3) = -0.9675504819E-01  0.7055295576       2172.420999    

       158 0.158E-12*Pression =     2172.8    
 pression totale  potentiel = cinetique =
    2172.8        2169.5        3.2901    
 ----------valeurs moyennes------------
*temperature moyenne =       203.01
*pression moyenne =     2168.4    
 --------------------------------------


<<<<<<<<  ITERATION =    159  time =   0.1590000E-12


 --------- Temperatures et Pression--------
 ----------valeurs instantanees------------
       159 0.159E-12*Epot =    -15330.0750896      eV 
    *energie paire 2 corps =    -15330.0824524      eV 
    *energie pot coul recip =    0.736279504474E-02  eV 
       159 0.159E-12*Ec =     32.6075409200      eV   (328.474 K)
       159 0.159E-12*Etot =    -15297.4675487      eV 

       159 0.159E-12*Temp instantanee = 328.474

*temp instantanee des atomes de type 1 =       399.03
*temp instantanee des atomes de type 2 =       187.37

 * stress en kbar 
1 sigma potentiel (1,1) (2,1) (3,1) =   2171.450566     -0.4796558985     -0.3859327160E-01
2 sigma potentiel (1,2) (2,2) (3,2) = -0.4796558985       2168.262288      0.5212078562    
3 sigma potentiel (1,3) (2,3) (3,3) = -0.3859327160E-01  0.5212078562       2169.185756    

1 sigma cinetique (1,1) (2,1) (3,1) =   3.749187460     -0.1368310301     -0.4923553520E-01
2 sigma cinetique (1,2) (2,2) (3,2) = -0.1368310301       2.938411854      0.1714945772    
3 sigma cinetique (1,3) (2,3) (3,3) = -0.4923553520E-01  0.1714945772       3.298431444    

1 sigma total (1,1) (2,1) (3,1) =   2175.199754     -0.6164869287     -0.8782880680E-01
2 sigma total (1,2) (2,2) (3,2) = -0.6164869287       2171.200700      0.6927024334    
3 sigma total (1,3) (2,3) (3,3) = -0.8782880680E-01  0.6927024334       2172.484188    

       159 0.159E-12*Pression =     2173.0    
 pression totale  potentiel = cinetique =
    2173.0        2169.6        3.3287    
 ----------valeurs moyennes------------
*temperature moyenne =       203.80
*pression moyenne =     2168.4    
 --------------------------------------


<<<<<<<<  ITERATION =    160  time =   0.1600000E-12


 --------- Temperatures et Pression--------
 ----------valeurs instantanees------------
       160 0.160E-12*Epot =    -15330.4592054      eV 
    *energie paire 2 corps =    -15330.4665658      eV 
    *energie pot coul recip =    0.736033221940E-02  eV 
       160 0.160E-12*Ec =     32.9917561793      eV   (332.345 K)
       160 0.160E-12*Etot =    -15297.4674493      eV 

       160 0.160E-12*Temp instantanee = 332.345

*temp instantanee des atomes de type 1 =       404.42
*temp instantanee des atomes de type 2 =       188.20

 * stress en kbar 
1 sigma potentiel (1,1) (2,1) (3,1) =   2171.603143     -0.4700079788     -0.3344233813E-01
2 sigma potentiel (1,2) (2,2) (3,2) = -0.4700079788       2168.323533      0.5061733486    
3 sigma potentiel (1,3) (2,3) (3,3) = -0.3344233813E-01  0.5061733486       2169.237093    

1 sigma cinetique (1,1) (2,1) (3,1) =   3.797156024     -0.1422423131     -0.4855807084E-01
2 sigma cinetique (1,2) (2,2) (3,2) = -0.1422423131       2.974513698      0.1737615034    
3 sigma cinetique (1,3) (2,3) (3,3) = -0.4855807084E-01  0.1737615034       3.332026621    

1 sigma total (1,1) (2,1) (3,1) =   2175.400299     -0.6122502919     -0.8200040898E-01
2 sigma total (1,2) (2,2) (3,2) = -0.6122502919       2171.298046      0.6799348520    
3 sigma total (1,3) (2,3) (3,3) = -0.8200040898E-01  0.6799348520       2172.569120    

       160 0.160E-12*Pression =     2173.1    
 pression totale  potentiel = cinetique =
    2173.1        2169.7        3.3679    
 ----------valeurs moyennes------------
*temperature moyenne =       204.60
*pression moyenne =     2168.4    
 --------------------------------------


<<<<<<<<  ITERATION =    161  time =   0.1610000E-12


 --------- Temperatures et Pression--------
 ----------valeurs instantanees------------
       161 0.161E-12*Epot =    -15330.8495769      eV 
    *energie paire 2 corps =    -15330.8569347      eV 
    *energie pot coul recip =    0.735780120507E-02  eV 
       161 0.161E-12*Ec =     33.3821869299      eV   (336.278 K)
       161 0.161E-12*Etot =    -15297.4673900      eV 

       161 0.161E-12*Temp instantanee = 336.278

*temp instantanee des atomes de type 1 =       409.91
*temp instantanee des atomes de type 2 =       189.01

 * stress en kbar 
1 sigma potentiel (1,1) (2,1) (3,1) =   2171.762833     -0.4560848498     -0.2750996438E-01
2 sigma potentiel (1,2) (2,2) (3,2) = -0.4560848498       2168.405140      0.4925741475    
3 sigma potentiel (1,3) (2,3) (3,3) = -0.2750996438E-01  0.4925741475       2169.277081    

1 sigma cinetique (1,1) (2,1) (3,1) =   3.845168323     -0.1478701175     -0.4752563231E-01
2 sigma cinetique (1,2) (2,2) (3,2) = -0.1478701175       3.011571056      0.1759060940    
3 sigma cinetique (1,3) (2,3) (3,3) = -0.4752563231E-01  0.1759060940       3.366526038    

1 sigma total (1,1) (2,1) (3,1) =   2175.608001     -0.6039549672     -0.7503559669E-01
2 sigma total (1,2) (2,2) (3,2) = -0.6039549672       2171.416711      0.6684802415    
3 sigma total (1,3) (2,3) (3,3) = -0.7503559669E-01  0.6684802415       2172.643607    

       161 0.161E-12*Pression =     2173.2    
 pression totale  potentiel = cinetique =
    2173.2        2169.8        3.4078    
 ----------valeurs moyennes------------
*temperature moyenne =       205.42
*pression moyenne =     2168.5    
 --------------------------------------


<<<<<<<<  ITERATION =    162  time =   0.1620000E-12


 --------- Temperatures et Pression--------
 ----------valeurs instantanees------------
       162 0.162E-12*Epot =    -15331.2460395      eV 
    *energie paire 2 corps =    -15331.2533947      eV 
    *energie pot coul recip =    0.735520612936E-02  eV 
       162 0.162E-12*Ec =     33.7786806354      eV   (340.272 K)
       162 0.162E-12*Etot =    -15297.4673588      eV 

       162 0.162E-12*Temp instantanee = 340.272

*temp instantanee des atomes de type 1 =       415.53
*temp instantanee des atomes de type 2 =       189.76

 * stress en kbar 
1 sigma potentiel (1,1) (2,1) (3,1) =   2171.925829     -0.4419018277     -0.2396949921E-01
2 sigma potentiel (1,2) (2,2) (3,2) = -0.4419018277       2168.489686      0.4762324852    
3 sigma potentiel (1,3) (2,3) (3,3) = -0.2396949921E-01  0.4762324852       2169.322859    

1 sigma cinetique (1,1) (2,1) (3,1) =   3.893228289     -0.1536587353     -0.4611797256E-01
2 sigma cinetique (1,2) (2,2) (3,2) = -0.1536587353       3.049516898      0.1779216243    
3 sigma cinetique (1,3) (2,3) (3,3) = -0.4611797256E-01  0.1779216243       3.401946079    

1 sigma total (1,1) (2,1) (3,1) =   2175.819057     -0.5955605630     -0.7008747177E-01
2 sigma total (1,2) (2,2) (3,2) = -0.5955605630       2171.539203      0.6541541095    
3 sigma total (1,3) (2,3) (3,3) = -0.7008747177E-01  0.6541541095       2172.724805    

       162 0.162E-12*Pression =     2173.4    
 pression totale  potentiel = cinetique =
    2173.4        2169.9        3.4482    
 ----------valeurs moyennes------------
*temperature moyenne =       206.25
*pression moyenne =     2168.5    
 --------------------------------------


<<<<<<<<  ITERATION =    163  time =   0.1630000E-12


 --------- Temperatures et Pression--------
 ----------valeurs instantanees------------
       163 0.163E-12*Epot =    -15331.6482710      eV 
    *energie paire 2 corps =    -15331.6556236      eV 
    *energie pot coul recip =    0.735255189194E-02  eV 
       163 0.163E-12*Ec =     34.1810159128      eV   (344.325 K)
       163 0.163E-12*Etot =    -15297.4672551      eV 

       163 0.163E-12*Temp instantanee = 344.325

*temp instantanee des atomes de type 1 =       421.26
*temp instantanee des atomes de type 2 =       190.45

 * stress en kbar 
1 sigma potentiel (1,1) (2,1) (3,1) =   2172.072073     -0.4265467796     -0.2071135530E-01
2 sigma potentiel (1,2) (2,2) (3,2) = -0.4265467796       2168.565301      0.4628451599    
3 sigma potentiel (1,3) (2,3) (3,3) = -0.2071135530E-01  0.4628451599       2169.372209    

1 sigma cinetique (1,1) (2,1) (3,1) =   3.941353692     -0.1595349931     -0.4431801024E-01
2 sigma cinetique (1,2) (2,2) (3,2) = -0.1595349931       3.088258674      0.1797972035    
3 sigma cinetique (1,3) (2,3) (3,3) = -0.4431801024E-01  0.1797972035       3.438293726    

1 sigma total (1,1) (2,1) (3,1) =   2176.013426     -0.5860817727     -0.6502936554E-01
2 sigma total (1,2) (2,2) (3,2) = -0.5860817727       2171.653560      0.6426423634    
3 sigma total (1,3) (2,3) (3,3) = -0.6502936554E-01  0.6426423634       2172.810503    

       163 0.163E-12*Pression =     2173.5    
 pression totale  potentiel = cinetique =
    2173.5        2170.0        3.4893    
 ----------valeurs moyennes------------
*temperature moyenne =       207.10
*pression moyenne =     2168.5    
 --------------------------------------


<<<<<<<<  ITERATION =    164  time =   0.1640000E-12


 --------- Temperatures et Pression--------
 ----------valeurs instantanees------------
       164 0.164E-12*Epot =    -15332.0560341      eV 
    *energie paire 2 corps =    -15332.0633840      eV 
    *energie pot coul recip =    0.734984208049E-02  eV 
       164 0.164E-12*Ec =     34.5888296608      eV   (348.433 K)
       164 0.164E-12*Etot =    -15297.4672045      eV 

       164 0.164E-12*Temp instantanee = 348.433

*temp instantanee des atomes de type 1 =       427.12
*temp instantanee des atomes de type 2 =       191.05

 * stress en kbar 
1 sigma potentiel (1,1) (2,1) (3,1) =   2172.245844     -0.4139357190     -0.2338528820E-01
2 sigma potentiel (1,2) (2,2) (3,2) = -0.4139357190       2168.660392      0.4449689122    
3 sigma potentiel (1,3) (2,3) (3,3) = -0.2338528820E-01  0.4449689122       2169.432437    

1 sigma cinetique (1,1) (2,1) (3,1) =   3.989576400     -0.1654257441     -0.4209860844E-01
2 sigma cinetique (1,2) (2,2) (3,2) = -0.1654257441       3.127682472      0.1815200935    
3 sigma cinetique (1,3) (2,3) (3,3) = -0.4209860844E-01  0.1815200935       3.475539821    

1 sigma total (1,1) (2,1) (3,1) =   2176.235420     -0.5793614631     -0.6548389664E-01
2 sigma total (1,2) (2,2) (3,2) = -0.5793614631       2171.788075      0.6264890057    
3 sigma total (1,3) (2,3) (3,3) = -0.6548389664E-01  0.6264890057       2172.907977    

       164 0.164E-12*Pression =     2173.6    
 pression totale  potentiel = cinetique =
    2173.6        2170.1        3.5309    
 ----------valeurs moyennes------------
*temperature moyenne =       207.96
*pression moyenne =     2168.6    
 --------------------------------------


<<<<<<<<  ITERATION =    165  time =   0.1650000E-12


 --------- Temperatures et Pression--------
 ----------valeurs instantanees------------
       165 0.165E-12*Epot =    -15332.4688370      eV 
    *energie paire 2 corps =    -15332.4761841      eV 
    *energie pot coul recip =    0.734708161575E-02  eV 
       165 0.165E-12*Ec =     35.0016580593      eV   (352.591 K)
       165 0.165E-12*Etot =    -15297.4671790      eV 

       165 0.165E-12*Temp instantanee = 352.591

*temp instantanee des atomes de type 1 =       433.12
*temp instantanee des atomes de type 2 =       191.54

 * stress en kbar 
1 sigma potentiel (1,1) (2,1) (3,1) =   2172.424273     -0.3944072507     -0.2555441446E-01
2 sigma potentiel (1,2) (2,2) (3,2) = -0.3944072507       2168.756715      0.4342792763    
3 sigma potentiel (1,3) (2,3) (3,3) = -0.2555441446E-01  0.4342792763       2169.503251    

1 sigma cinetique (1,1) (2,1) (3,1) =   4.037919604     -0.1712423221     -0.3945466732E-01
2 sigma cinetique (1,2) (2,2) (3,2) = -0.1712423221       3.167675291      0.1830821491    
3 sigma cinetique (1,3) (2,3) (3,3) = -0.3945466732E-01  0.1830821491       3.513632133    

1 sigma total (1,1) (2,1) (3,1) =   2176.462193     -0.5656495727     -0.6500908178E-01
2 sigma total (1,2) (2,2) (3,2) = -0.5656495727       2171.924390      0.6173614254    
3 sigma total (1,3) (2,3) (3,3) = -0.6500908178E-01  0.6173614254       2173.016883    

       165 0.165E-12*Pression =     2173.8    
 pression totale  potentiel = cinetique =
    2173.8        2170.2        3.5731    
 ----------valeurs moyennes------------
*temperature moyenne =       208.83
*pression moyenne =     2168.6    
 --------------------------------------


<<<<<<<<  ITERATION =    166  time =   0.1660000E-12


 --------- Temperatures et Pression--------
 ----------valeurs instantanees------------
       166 0.166E-12*Epot =    -15332.8862097      eV 
    *energie paire 2 corps =    -15332.8935540      eV 
    *energie pot coul recip =    0.734427572358E-02  eV 
       166 0.166E-12*Ec =     35.4191026460      eV   (356.797 K)
       166 0.166E-12*Etot =    -15297.4671070      eV 

       166 0.166E-12*Temp instantanee = 356.797

*temp instantanee des atomes de type 1 =       439.25
*temp instantanee des atomes de type 2 =       191.89

 * stress en kbar 
1 sigma potentiel (1,1) (2,1) (3,1) =   2172.603360     -0.3807598469     -0.3319439020E-01
2 sigma potentiel (1,2) (2,2) (3,2) = -0.3807598469       2168.858855      0.4167498144    
3 sigma potentiel (1,3) (2,3) (3,3) = -0.3319439020E-01  0.4167498144       2169.574461    

1 sigma cinetique (1,1) (2,1) (3,1) =   4.086414381     -0.1768935296     -0.3638603638E-01
2 sigma cinetique (1,2) (2,2) (3,2) = -0.1768935296       3.208131608      0.1844789310    
3 sigma cinetique (1,3) (2,3) (3,3) = -0.3638603638E-01  0.1844789310       3.552523077    

1 sigma total (1,1) (2,1) (3,1) =   2176.689774     -0.5576533765     -0.6958042658E-01
2 sigma total (1,2) (2,2) (3,2) = -0.5576533765       2172.066987      0.6012287455    
3 sigma total (1,3) (2,3) (3,3) = -0.6958042658E-01  0.6012287455       2173.126984    

       166 0.166E-12*Pression =     2174.0    
 pression totale  potentiel = cinetique =
    2174.0        2170.3        3.6157    
 ----------valeurs moyennes------------
*temperature moyenne =       209.73
*pression moyenne =     2168.6    
 --------------------------------------


<<<<<<<<  ITERATION =    167  time =   0.1670000E-12


 --------- Temperatures et Pression--------
 ----------valeurs instantanees------------
       167 0.167E-12*Epot =    -15333.3076587      eV 
    *energie paire 2 corps =    -15333.3150001      eV 
    *energie pot coul recip =    0.734142734566E-02  eV 
       167 0.167E-12*Ec =     35.8406238790      eV   (361.043 K)
       167 0.167E-12*Etot =    -15297.4670348      eV 

       167 0.167E-12*Temp instantanee = 361.043

*temp instantanee des atomes de type 1 =       445.52
*temp instantanee des atomes de type 2 =       192.08

 * stress en kbar 
1 sigma potentiel (1,1) (2,1) (3,1) =   2172.783716     -0.3646338753     -0.4190309637E-01
2 sigma potentiel (1,2) (2,2) (3,2) = -0.3646338753       2168.963974      0.4053725823    
3 sigma potentiel (1,3) (2,3) (3,3) = -0.4190309637E-01  0.4053725823       2169.632403    

1 sigma cinetique (1,1) (2,1) (3,1) =   4.135092246     -0.1822803640     -0.3288313735E-01
2 sigma cinetique (1,2) (2,2) (3,2) = -0.1822803640       3.248934408      0.1856723360    
3 sigma cinetique (1,3) (2,3) (3,3) = -0.3288313735E-01  0.1856723360       3.592132919    

1 sigma total (1,1) (2,1) (3,1) =   2176.918808     -0.5469142392     -0.7478623372E-01
2 sigma total (1,2) (2,2) (3,2) = -0.5469142392       2172.212909      0.5910449183    
3 sigma total (1,3) (2,3) (3,3) = -0.7478623372E-01  0.5910449183       2173.224536    

       167 0.167E-12*Pression =     2174.1    
 pression totale  potentiel = cinetique =
    2174.1        2170.5        3.6587    
 ----------valeurs moyennes------------
*temperature moyenne =       210.63
*pression moyenne =     2168.7    
 --------------------------------------


<<<<<<<<  ITERATION =    168  time =   0.1680000E-12


 --------- Temperatures et Pression--------
 ----------valeurs instantanees------------
       168 0.168E-12*Epot =    -15333.7327755      eV 
    *energie paire 2 corps =    -15333.7401140      eV 
    *energie pot coul recip =    0.733854178016E-02  eV 
       168 0.168E-12*Ec =     36.2658133442      eV   (365.326 K)
       168 0.168E-12*Etot =    -15297.4669621      eV 

       168 0.168E-12*Temp instantanee = 365.326

*temp instantanee des atomes de type 1 =       451.94
*temp instantanee des atomes de type 2 =       192.10

 * stress en kbar 
1 sigma potentiel (1,1) (2,1) (3,1) =   2172.976855     -0.3508467154     -0.5507285491E-01
2 sigma potentiel (1,2) (2,2) (3,2) = -0.3508467154       2169.056514      0.3932875380    
3 sigma potentiel (1,3) (2,3) (3,3) = -0.5507285491E-01  0.3932875380       2169.711560    

1 sigma cinetique (1,1) (2,1) (3,1) =   4.184019972     -0.1872985976     -0.2894947360E-01
2 sigma cinetique (1,2) (2,2) (3,2) = -0.1872985976       3.289973606      0.1866401090    
3 sigma cinetique (1,3) (2,3) (3,3) = -0.2894947360E-01  0.1866401090       3.632379896    

1 sigma total (1,1) (2,1) (3,1) =   2177.160875     -0.5381453130     -0.8402232851E-01
2 sigma total (1,2) (2,2) (3,2) = -0.5381453130       2172.346487      0.5799276470    
3 sigma total (1,3) (2,3) (3,3) = -0.8402232851E-01  0.5799276470       2173.343940    

       168 0.168E-12*Pression =     2174.3    
 pression totale  potentiel = cinetique =
    2174.3        2170.6        3.7021    
 ----------valeurs moyennes------------
*temperature moyenne =       211.55
*pression moyenne =     2168.7    
 --------------------------------------


<<<<<<<<  ITERATION =    169  time =   0.1690000E-12


 --------- Temperatures et Pression--------
 ----------valeurs instantanees------------
       169 0.169E-12*Epot =    -15334.1611791      eV 
    *energie paire 2 corps =    -15334.1685148      eV 
    *energie pot coul recip =    0.733562186045E-02  eV 
       169 0.169E-12*Ec =     36.6942889205      eV   (369.642 K)
       169 0.169E-12*Etot =    -15297.4668902      eV 

       169 0.169E-12*Temp instantanee = 369.642

*temp instantanee des atomes de type 1 =       458.51
*temp instantanee des atomes de type 2 =       191.91

 * stress en kbar 
1 sigma potentiel (1,1) (2,1) (3,1) =   2173.185128     -0.3342241909     -0.6351310083E-01
2 sigma potentiel (1,2) (2,2) (3,2) = -0.3342241909       2169.192905      0.3802690373    
3 sigma potentiel (1,3) (2,3) (3,3) = -0.6351310083E-01  0.3802690373       2169.798657    

1 sigma cinetique (1,1) (2,1) (3,1) =   4.233262420     -0.1918511953     -0.2458911614E-01
2 sigma cinetique (1,2) (2,2) (3,2) = -0.1918511953       3.331158366      0.1873727048    
3 sigma cinetique (1,3) (2,3) (3,3) = -0.2458911614E-01  0.1873727048       3.673172956    

1 sigma total (1,1) (2,1) (3,1) =   2177.418390     -0.5260753862     -0.8810221698E-01
2 sigma total (1,2) (2,2) (3,2) = -0.5260753862       2172.524063      0.5676417420    
3 sigma total (1,3) (2,3) (3,3) = -0.8810221698E-01  0.5676417420       2173.471830    

       169 0.169E-12*Pression =     2174.5    
 pression totale  potentiel = cinetique =
    2174.5        2170.7        3.7459    
 ----------valeurs moyennes------------
*temperature moyenne =       212.49
*pression moyenne =     2168.7    
 --------------------------------------


<<<<<<<<  ITERATION =    170  time =   0.1700000E-12


 --------- Temperatures et Pression--------
 ----------valeurs instantanees------------
       170 0.170E-12*Epot =    -15334.5924467      eV 
    *energie paire 2 corps =    -15334.5997794      eV 
    *energie pot coul recip =    0.733267205220E-02  eV 
       170 0.170E-12*Ec =     37.1256656554      eV   (373.988 K)
       170 0.170E-12*Etot =    -15297.4667811      eV 

       170 0.170E-12*Temp instantanee = 373.988

*temp instantanee des atomes de type 1 =       465.23
*temp instantanee des atomes de type 2 =       191.50

 * stress en kbar 
1 sigma potentiel (1,1) (2,1) (3,1) =   2173.371353     -0.3199141792     -0.8109944375E-01
2 sigma potentiel (1,2) (2,2) (3,2) = -0.3199141792       2169.309893      0.3715223929    
3 sigma potentiel (1,3) (2,3) (3,3) = -0.8109944375E-01  0.3715223929       2169.874501    

1 sigma cinetique (1,1) (2,1) (3,1) =   4.282896489     -0.1958380431     -0.1980931110E-01
2 sigma cinetique (1,2) (2,2) (3,2) = -0.1958380431       3.372408524      0.1878431113    
3 sigma cinetique (1,3) (2,3) (3,3) = -0.1980931110E-01  0.1878431113       3.714397475    

1 sigma total (1,1) (2,1) (3,1) =   2177.654249     -0.5157522223     -0.1009087548    
2 sigma total (1,2) (2,2) (3,2) = -0.5157522223       2172.682301      0.5593655042    
3 sigma total (1,3) (2,3) (3,3) = -0.1009087548      0.5593655042       2173.588898    

       170 0.170E-12*Pression =     2174.6    
 pression totale  potentiel = cinetique =
    2174.6        2170.9        3.7899    
 ----------valeurs moyennes------------
*temperature moyenne =       213.44
*pression moyenne =     2168.8    
 --------------------------------------


<<<<<<<<  ITERATION =    171  time =   0.1710000E-12


 --------- Temperatures et Pression--------
 ----------valeurs instantanees------------
       171 0.171E-12*Epot =    -15335.0264611      eV 
    *energie paire 2 corps =    -15335.0337908      eV 
    *energie pot coul recip =    0.732969484374E-02  eV 
       171 0.171E-12*Ec =     37.5597296068      eV   (378.360 K)
       171 0.171E-12*Etot =    -15297.4667315      eV 

       171 0.171E-12*Temp instantanee = 378.360

*temp instantanee des atomes de type 1 =       472.11
*temp instantanee des atomes de type 2 =       190.86

 * stress en kbar 
1 sigma potentiel (1,1) (2,1) (3,1) =   2173.580758     -0.3084459441     -0.1022679544    
2 sigma potentiel (1,2) (2,2) (3,2) = -0.3084459441       2169.430405      0.3609257478    
3 sigma potentiel (1,3) (2,3) (3,3) = -0.1022679544      0.3609257478       2169.969092    

1 sigma cinetique (1,1) (2,1) (3,1) =   4.333008132     -0.1991542614     -0.1462357125E-01
2 sigma cinetique (1,2) (2,2) (3,2) = -0.1991542614       3.413670437      0.1880260761    
3 sigma cinetique (1,3) (2,3) (3,3) = -0.1462357125E-01  0.1880260761       3.755955623    

1 sigma total (1,1) (2,1) (3,1) =   2177.913766     -0.5076002056     -0.1168915257    
2 sigma total (1,2) (2,2) (3,2) = -0.5076002056       2172.844075      0.5489518239    
3 sigma total (1,3) (2,3) (3,3) = -0.1168915257      0.5489518239       2173.725048    

       171 0.171E-12*Pression =     2174.8    
 pression totale  potentiel = cinetique =
    2174.8        2171.0        3.8342    
 ----------valeurs moyennes------------
*temperature moyenne =       214.40
*pression moyenne =     2168.8    
 --------------------------------------


<<<<<<<<  ITERATION =    172  time =   0.1720000E-12


 --------- Temperatures et Pression--------
 ----------valeurs instantanees------------
       172 0.172E-12*Epot =    -15335.4631060      eV 
    *energie paire 2 corps =    -15335.4704327      eV 
    *energie pot coul recip =    0.732669343592E-02  eV 
       172 0.172E-12*Ec =     37.9964609112      eV   (382.760 K)
       172 0.172E-12*Etot =    -15297.4666451      eV 

       172 0.172E-12*Temp instantanee = 382.760

*temp instantanee des atomes de type 1 =       479.15
*temp instantanee des atomes de type 2 =       189.97

 * stress en kbar 
1 sigma potentiel (1,1) (2,1) (3,1) =   2173.801541     -0.2961317588     -0.1185144990    
2 sigma potentiel (1,2) (2,2) (3,2) = -0.2961317588       2169.558567      0.3531534907    
3 sigma potentiel (1,3) (2,3) (3,3) = -0.1185144990      0.3531534907       2170.069578    

1 sigma cinetique (1,1) (2,1) (3,1) =   4.383710763     -0.2017048762     -0.9041577935E-02
2 sigma cinetique (1,2) (2,2) (3,2) = -0.2017048762       3.454909568      0.1878889843    
3 sigma cinetique (1,3) (2,3) (3,3) = -0.9041577935E-02  0.1878889843       3.797762440    

1 sigma total (1,1) (2,1) (3,1) =   2178.185252     -0.4978366350     -0.1275560769    
2 sigma total (1,2) (2,2) (3,2) = -0.4978366350       2173.013477      0.5410424750    
3 sigma total (1,3) (2,3) (3,3) = -0.1275560769      0.5410424750       2173.867340    

       172 0.172E-12*Pression =     2175.0    
 pression totale  potentiel = cinetique =
    2175.0        2171.1        3.8788    
 ----------valeurs moyennes------------
*temperature moyenne =       215.38
*pression moyenne =     2168.8    
 --------------------------------------


<<<<<<<<  ITERATION =    173  time =   0.1730000E-12


 --------- Temperatures et Pression--------
 ----------valeurs instantanees------------
       173 0.173E-12*Epot =    -15335.9024599      eV 
    *energie paire 2 corps =    -15335.9097835      eV 
    *energie pot coul recip =    0.732366941070E-02  eV 
       173 0.173E-12*Ec =     38.4359246691      eV   (387.187 K)
       173 0.173E-12*Etot =    -15297.4665352      eV 

       173 0.173E-12*Temp instantanee = 387.187

*temp instantanee des atomes de type 1 =       486.36
*temp instantanee des atomes de type 2 =       188.84

 * stress en kbar 
1 sigma potentiel (1,1) (2,1) (3,1) =   2174.024711     -0.2867849293     -0.1396250691    
2 sigma potentiel (1,2) (2,2) (3,2) = -0.2867849293       2169.692984      0.3422393776    
3 sigma potentiel (1,3) (2,3) (3,3) = -0.1396250691      0.3422393776       2170.167837    

1 sigma cinetique (1,1) (2,1) (3,1) =   4.435134372     -0.2034012122     -0.3094227007E-02
2 sigma cinetique (1,2) (2,2) (3,2) = -0.2034012122       3.496104317      0.1874061470    
3 sigma cinetique (1,3) (2,3) (3,3) = -0.3094227007E-02  0.1874061470       3.839729471    

1 sigma total (1,1) (2,1) (3,1) =   2178.459846     -0.4901861415     -0.1427192961    
2 sigma total (1,2) (2,2) (3,2) = -0.4901861415       2173.189088      0.5296455246    
3 sigma total (1,3) (2,3) (3,3) = -0.1427192961      0.5296455246       2174.007566    

       173 0.173E-12*Pression =     2175.2    
 pression totale  potentiel = cinetique =
    2175.2        2171.3        3.9237    
 ----------valeurs moyennes------------
*temperature moyenne =       216.37
*pression moyenne =     2168.9    
 --------------------------------------


<<<<<<<<  ITERATION =    174  time =   0.1740000E-12


 --------- Temperatures et Pression--------
 ----------valeurs instantanees------------
       174 0.174E-12*Epot =    -15336.3447840      eV 
    *energie paire 2 corps =    -15336.3521046      eV 
    *energie pot coul recip =    0.732062483804E-02  eV 
       174 0.174E-12*Ec =     38.8783746299      eV   (391.644 K)
       174 0.174E-12*Etot =    -15297.4664093      eV 

       174 0.174E-12*Temp instantanee = 391.644

*temp instantanee des atomes de type 1 =       493.73
*temp instantanee des atomes de type 2 =       187.47

 * stress en kbar 
1 sigma potentiel (1,1) (2,1) (3,1) =   2174.256939     -0.2836101508     -0.1621149114    
2 sigma potentiel (1,2) (2,2) (3,2) = -0.2836101508       2169.824560      0.3405437154    
3 sigma potentiel (1,3) (2,3) (3,3) = -0.1621149114      0.3405437154       2170.263792    

1 sigma cinetique (1,1) (2,1) (3,1) =   4.487396655     -0.2041678158      0.3182188350E-02
2 sigma cinetique (1,2) (2,2) (3,2) = -0.2041678158       3.537266656      0.1865663017    
3 sigma cinetique (1,3) (2,3) (3,3) =  0.3182188350E-02  0.1865663017       3.881804761    

1 sigma total (1,1) (2,1) (3,1) =   2178.744336     -0.4877779666     -0.1589327231    
2 sigma total (1,2) (2,2) (3,2) = -0.4877779666       2173.361826      0.5271100171    
3 sigma total (1,3) (2,3) (3,3) = -0.1589327231      0.5271100171       2174.145597    

       174 0.174E-12*Pression =     2175.4    
 pression totale  potentiel = cinetique =
    2175.4        2171.4        3.9688    
 ----------valeurs moyennes------------
*temperature moyenne =       217.38
*pression moyenne =     2168.9    
 --------------------------------------


<<<<<<<<  ITERATION =    175  time =   0.1750000E-12


 --------- Temperatures et Pression--------
 ----------valeurs instantanees------------
       175 0.175E-12*Epot =    -15336.7905198      eV 
    *energie paire 2 corps =    -15336.7978373      eV 
    *energie pot coul recip =    0.731755873707E-02  eV 
       175 0.175E-12*Ec =     39.3242887267      eV   (396.136 K)
       175 0.175E-12*Etot =    -15297.4662310      eV 

       175 0.175E-12*Temp instantanee = 396.136

*temp instantanee des atomes de type 1 =       501.27
*temp instantanee des atomes de type 2 =       185.86

 * stress en kbar 
1 sigma potentiel (1,1) (2,1) (3,1) =   2174.496257     -0.2813425917     -0.1838636787    
2 sigma potentiel (1,2) (2,2) (3,2) = -0.2813425917       2169.957385      0.3352729151    
3 sigma potentiel (1,3) (2,3) (3,3) = -0.1838636787      0.3352729151       2170.370549    

1 sigma cinetique (1,1) (2,1) (3,1) =   4.540653010     -0.2039305533      0.9755818366E-02
2 sigma cinetique (1,2) (2,2) (3,2) = -0.2039305533       3.578444324      0.1853657787    
3 sigma cinetique (1,3) (2,3) (3,3) =  0.9755818366E-02  0.1853657787       3.923931538    

1 sigma total (1,1) (2,1) (3,1) =   2179.036910     -0.4852731449     -0.1741078603    
2 sigma total (1,2) (2,2) (3,2) = -0.4852731449       2173.535829      0.5206386938    
3 sigma total (1,3) (2,3) (3,3) = -0.1741078603      0.5206386938       2174.294481    

       175 0.175E-12*Pression =     2175.6    
 pression totale  potentiel = cinetique =
    2175.6        2171.6        4.0143    
 ----------valeurs moyennes------------
*temperature moyenne =       218.40
*pression moyenne =     2169.0    
 --------------------------------------


<<<<<<<<  ITERATION =    176  time =   0.1760000E-12


 --------- Temperatures et Pression--------
 ----------valeurs instantanees------------
       176 0.176E-12*Epot =    -15337.2403142      eV 
    *energie paire 2 corps =    -15337.2476286      eV 
    *energie pot coul recip =    0.731447269384E-02  eV 
       176 0.176E-12*Ec =     39.7742670548      eV   (400.669 K)
       176 0.176E-12*Etot =    -15297.4660471      eV 

       176 0.176E-12*Temp instantanee = 400.669

*temp instantanee des atomes de type 1 =       508.99
*temp instantanee des atomes de type 2 =       184.03

 * stress en kbar 
1 sigma potentiel (1,1) (2,1) (3,1) =   2174.744302     -0.2798704724     -0.2088519396    
2 sigma potentiel (1,2) (2,2) (3,2) = -0.2798704724       2170.113033      0.3326678360    
3 sigma potentiel (1,3) (2,3) (3,3) = -0.2088519396      0.3326678360       2170.479238    

1 sigma cinetique (1,1) (2,1) (3,1) =   4.595050105     -0.2026277456      0.1659618659E-01
2 sigma cinetique (1,2) (2,2) (3,2) = -0.2026277456       3.619704401      0.1837983880    
3 sigma cinetique (1,3) (2,3) (3,3) =  0.1659618659E-01  0.1837983880       3.966079834    

1 sigma total (1,1) (2,1) (3,1) =   2179.339352     -0.4824982180     -0.1922557530    
2 sigma total (1,2) (2,2) (3,2) = -0.4824982180       2173.732738      0.5164662240    
3 sigma total (1,3) (2,3) (3,3) = -0.1922557530      0.5164662240       2174.445317    

       176 0.176E-12*Pression =     2175.8    
 pression totale  potentiel = cinetique =
    2175.8        2171.8        4.0603    
 ----------valeurs moyennes------------
*temperature moyenne =       219.44
*pression moyenne =     2169.0    
 --------------------------------------


<<<<<<<<  ITERATION =    177  time =   0.1770000E-12


 --------- Temperatures et Pression--------
 ----------valeurs instantanees------------
       177 0.177E-12*Epot =    -15337.6949608      eV 
    *energie paire 2 corps =    -15337.7022721      eV 
    *energie pot coul recip =    0.731136600498E-02  eV 
       177 0.177E-12*Ec =     40.2291099981      eV   (405.250 K)
       177 0.177E-12*Etot =    -15297.4658508      eV 

       177 0.177E-12*Temp instantanee = 405.250

*temp instantanee des atomes de type 1 =       516.88
*temp instantanee des atomes de type 2 =       181.99

 * stress en kbar 
1 sigma potentiel (1,1) (2,1) (3,1) =   2174.985559     -0.2771985398     -0.2322457099    
2 sigma potentiel (1,2) (2,2) (3,2) = -0.2771985398       2170.249995      0.3282967098    
3 sigma potentiel (1,3) (2,3) (3,3) = -0.2322457099      0.3282967098       2170.601141    

1 sigma cinetique (1,1) (2,1) (3,1) =   4.650752024     -0.2002318585      0.2364797588E-01
2 sigma cinetique (1,2) (2,2) (3,2) = -0.2002318585       3.661140912      0.1818623444    
3 sigma cinetique (1,3) (2,3) (3,3) =  0.2364797588E-01  0.1818623444       4.008236655    

1 sigma total (1,1) (2,1) (3,1) =   2179.636311     -0.4774303983     -0.2085977341    
2 sigma total (1,2) (2,2) (3,2) = -0.4774303983       2173.911135      0.5101590543    
3 sigma total (1,3) (2,3) (3,3) = -0.2085977341      0.5101590543       2174.609378    

       177 0.177E-12*Pression =     2176.1    
 pression totale  potentiel = cinetique =
    2176.1        2171.9        4.1067    
 ----------valeurs moyennes------------
*temperature moyenne =       220.49
*pression moyenne =     2169.0    
 --------------------------------------


<<<<<<<<  ITERATION =    178  time =   0.1780000E-12


 --------- Temperatures et Pression--------
 ----------valeurs instantanees------------
       178 0.178E-12*Epot =    -15338.1554845      eV 
    *energie paire 2 corps =    -15338.1627928      eV 
    *energie pot coul recip =    0.730823849859E-02  eV 
       178 0.178E-12*Ec =     40.6897864837      eV   (409.891 K)
       178 0.178E-12*Etot =    -15297.4656980      eV 

       178 0.178E-12*Temp instantanee = 409.891

*temp instantanee des atomes de type 1 =       524.95
*temp instantanee des atomes de type 2 =       179.78

 * stress en kbar 
1 sigma potentiel (1,1) (2,1) (3,1) =   2175.250247     -0.2779664121     -0.2580703446    
2 sigma potentiel (1,2) (2,2) (3,2) = -0.2779664121       2170.405664      0.3281725207    
3 sigma potentiel (1,3) (2,3) (3,3) = -0.2580703446      0.3281725207       2170.711085    

1 sigma cinetique (1,1) (2,1) (3,1) =   4.707940371     -0.1967217407      0.3084995697E-01
2 sigma cinetique (1,2) (2,2) (3,2) = -0.1967217407       3.702875583      0.1795658840    
3 sigma cinetique (1,3) (2,3) (3,3) =  0.3084995697E-01  0.1795658840       4.050395407    

1 sigma total (1,1) (2,1) (3,1) =   2179.958187     -0.4746881529     -0.2272203876    
2 sigma total (1,2) (2,2) (3,2) = -0.4746881529       2174.108540      0.5077384046    
3 sigma total (1,3) (2,3) (3,3) = -0.2272203876      0.5077384046       2174.761481    

       178 0.178E-12*Pression =     2176.3    
 pression totale  potentiel = cinetique =
    2176.3        2172.1        4.1537    
 ----------valeurs moyennes------------
*temperature moyenne =       221.55
*pression moyenne =     2169.1    
 --------------------------------------


<<<<<<<<  ITERATION =    179  time =   0.1790000E-12


 --------- Temperatures et Pression--------
 ----------valeurs instantanees------------
       179 0.179E-12*Epot =    -15338.6230589      eV 
    *energie paire 2 corps =    -15338.6303640      eV 
    *energie pot coul recip =    0.730508829207E-02  eV 
       179 0.179E-12*Ec =     41.1575210639      eV   (414.603 K)
       179 0.179E-12*Etot =    -15297.4655378      eV 

       179 0.179E-12*Temp instantanee = 414.603

*temp instantanee des atomes de type 1 =       533.20
*temp instantanee des atomes de type 2 =       177.41

 * stress en kbar 
1 sigma potentiel (1,1) (2,1) (3,1) =   2175.521567     -0.2863826171     -0.2875978671    
2 sigma potentiel (1,2) (2,2) (3,2) = -0.2863826171       2170.561484      0.3238059953    
3 sigma potentiel (1,3) (2,3) (3,3) = -0.2875978671      0.3238059953       2170.828507    

1 sigma cinetique (1,1) (2,1) (3,1) =   4.766789508     -0.1921052535      0.3815443480E-01
2 sigma cinetique (1,2) (2,2) (3,2) = -0.1921052535       3.745051844      0.1769259886    
3 sigma cinetique (1,3) (2,3) (3,3) =  0.3815443480E-01  0.1769259886       4.092613312    

1 sigma total (1,1) (2,1) (3,1) =   2180.288357     -0.4784878706     -0.2494434323    
2 sigma total (1,2) (2,2) (3,2) = -0.4784878706       2174.306536      0.5007319839    
3 sigma total (1,3) (2,3) (3,3) = -0.2494434323      0.5007319839       2174.921120    

       179 0.179E-12*Pression =     2176.5    
 pression totale  potentiel = cinetique =
    2176.5        2172.3        4.2015    
 ----------valeurs moyennes------------
*temperature moyenne =       222.63
*pression moyenne =     2169.1    
 --------------------------------------


<<<<<<<<  ITERATION =    180  time =   0.1800000E-12


 --------- Temperatures et Pression--------
 ----------valeurs instantanees------------
       180 0.180E-12*Epot =    -15339.0989961      eV 
    *energie paire 2 corps =    -15339.1062980      eV 
    *energie pot coul recip =    0.730191282822E-02  eV 
       180 0.180E-12*Ec =     41.6336288190      eV   (419.399 K)
       180 0.180E-12*Etot =    -15297.4653672      eV 

       180 0.180E-12*Temp instantanee = 419.399

*temp instantanee des atomes de type 1 =       541.63
*temp instantanee des atomes de type 2 =       174.93

 * stress en kbar 
1 sigma potentiel (1,1) (2,1) (3,1) =   2175.787140     -0.2970808881     -0.3118159599    
2 sigma potentiel (1,2) (2,2) (3,2) = -0.2970808881       2170.713462      0.3230874292    
3 sigma potentiel (1,3) (2,3) (3,3) = -0.3118159599      0.3230874292       2170.947494    

1 sigma cinetique (1,1) (2,1) (3,1) =   4.827470284     -0.1864055127      0.4551820297E-01
2 sigma cinetique (1,2) (2,2) (3,2) = -0.1864055127       3.787840339      0.1739683661    
3 sigma cinetique (1,3) (2,3) (3,3) =  0.4551820297E-01  0.1739683661       4.134951624    

1 sigma total (1,1) (2,1) (3,1) =   2180.614611     -0.4834864008     -0.2662977570    
2 sigma total (1,2) (2,2) (3,2) = -0.4834864008       2174.501303      0.4970557953    
3 sigma total (1,3) (2,3) (3,3) = -0.2662977570      0.4970557953       2175.082445    

       180 0.180E-12*Pression =     2176.7    
 pression totale  potentiel = cinetique =
    2176.7        2172.5        4.2501    
 ----------valeurs moyennes------------
*temperature moyenne =       223.72
*pression moyenne =     2169.2    
 --------------------------------------


<<<<<<<<  ITERATION =    181  time =   0.1810000E-12


 --------- Temperatures et Pression--------
 ----------valeurs instantanees------------
       181 0.181E-12*Epot =    -15339.5847867      eV 
    *energie paire 2 corps =    -15339.5920854      eV 
    *energie pot coul recip =    0.729870944644E-02  eV 
       181 0.181E-12*Ec =     42.1195736253      eV   (424.294 K)
       181 0.181E-12*Etot =    -15297.4652131      eV 

       181 0.181E-12*Temp instantanee = 424.294

*temp instantanee des atomes de type 1 =       550.25
*temp instantanee des atomes de type 2 =       172.38

 * stress en kbar 
1 sigma potentiel (1,1) (2,1) (3,1) =   2176.080409     -0.3062378837     -0.3404199533    
2 sigma potentiel (1,2) (2,2) (3,2) = -0.3062378837       2170.865830      0.3224068854    
3 sigma potentiel (1,3) (2,3) (3,3) = -0.3404199533      0.3224068854       2171.062953    

1 sigma cinetique (1,1) (2,1) (3,1) =   4.890168893     -0.1796552539      0.5288369410E-01
2 sigma cinetique (1,2) (2,2) (3,2) = -0.1796552539       3.831438811      0.1707279709    
3 sigma cinetique (1,3) (2,3) (3,3) =  0.5288369410E-01  0.1707279709       4.177474713    

1 sigma total (1,1) (2,1) (3,1) =   2180.970578     -0.4858931376     -0.2875362592    
2 sigma total (1,2) (2,2) (3,2) = -0.4858931376       2174.697269      0.4931348563    
3 sigma total (1,3) (2,3) (3,3) = -0.2875362592      0.4931348563       2175.240428    

       181 0.181E-12*Pression =     2177.0    
 pression totale  potentiel = cinetique =
    2177.0        2172.7        4.2997    
 ----------valeurs moyennes------------
*temperature moyenne =       224.83
*pression moyenne =     2169.2    
 --------------------------------------


<<<<<<<<  ITERATION =    182  time =   0.1820000E-12


 --------- Temperatures et Pression--------
 ----------valeurs instantanees------------
       182 0.182E-12*Epot =    -15340.0819304      eV 
    *energie paire 2 corps =    -15340.0892259      eV 
    *energie pot coul recip =    0.729547477461E-02  eV 
       182 0.182E-12*Ec =     42.6169427828      eV   (429.304 K)
       182 0.182E-12*Etot =    -15297.4649876      eV 

       182 0.182E-12*Temp instantanee = 429.304

*temp instantanee des atomes de type 1 =       559.06
*temp instantanee des atomes de type 2 =       169.80

 * stress en kbar 
1 sigma potentiel (1,1) (2,1) (3,1) =   2176.350528     -0.3158462516     -0.3654142903    
2 sigma potentiel (1,2) (2,2) (3,2) = -0.3158462516       2171.017587      0.3256707704    
3 sigma potentiel (1,3) (2,3) (3,3) = -0.3654142903      0.3256707704       2171.184072    

1 sigma cinetique (1,1) (2,1) (3,1) =   4.955066404     -0.1719222717      0.6017874019E-01
2 sigma cinetique (1,2) (2,2) (3,2) = -0.1719222717       3.876045440      0.1672627094    
3 sigma cinetique (1,3) (2,3) (3,3) =  0.6017874019E-01  0.1672627094       4.220289440    

1 sigma total (1,1) (2,1) (3,1) =   2181.305595     -0.4877685232     -0.3052355501    
2 sigma total (1,2) (2,2) (3,2) = -0.4877685232       2174.893632      0.4929334797    
3 sigma total (1,3) (2,3) (3,3) = -0.3052355501      0.4929334797       2175.404361    

       182 0.182E-12*Pression =     2177.2    
 pression totale  potentiel = cinetique =
    2177.2        2172.9        4.3505    
 ----------valeurs moyennes------------
*temperature moyenne =       225.96
*pression moyenne =     2169.2    
 --------------------------------------


<<<<<<<<  ITERATION =    183  time =   0.1830000E-12


 --------- Temperatures et Pression--------
 ----------valeurs instantanees------------
       183 0.183E-12*Epot =    -15340.5921241      eV 
    *energie paire 2 corps =    -15340.5994163      eV 
    *energie pot coul recip =    0.729220535673E-02  eV 
       183 0.183E-12*Ec =     43.1273336186      eV   (434.446 K)
       183 0.183E-12*Etot =    -15297.4647905      eV 

       183 0.183E-12*Temp instantanee = 434.446

*temp instantanee des atomes de type 1 =       568.06
*temp instantanee des atomes de type 2 =       167.23

 * stress en kbar 
1 sigma potentiel (1,1) (2,1) (3,1) =   2176.650614     -0.3324680008     -0.3900629884    
2 sigma potentiel (1,2) (2,2) (3,2) = -0.3324680008       2171.183730      0.3291206032    
3 sigma potentiel (1,3) (2,3) (3,3) = -0.3900629884      0.3291206032       2171.292600    

1 sigma cinetique (1,1) (2,1) (3,1) =   5.022316788     -0.1632991330      0.6734568421E-01
2 sigma cinetique (1,2) (2,2) (3,2) = -0.1632991330       3.921867995      0.1636305156    
3 sigma cinetique (1,3) (2,3) (3,3) =  0.6734568421E-01  0.1636305156       4.263523246    

1 sigma total (1,1) (2,1) (3,1) =   2181.672931     -0.4957671338     -0.3227173042    
2 sigma total (1,2) (2,2) (3,2) = -0.4957671338       2175.105598      0.4927511187    
3 sigma total (1,3) (2,3) (3,3) = -0.3227173042      0.4927511187       2175.556123    

       183 0.183E-12*Pression =     2177.4    
 pression totale  potentiel = cinetique =
    2177.4        2173.0        4.4026    
 ----------valeurs moyennes------------
*temperature moyenne =       227.10
*pression moyenne =     2169.3    
 --------------------------------------


<<<<<<<<  ITERATION =    184  time =   0.1840000E-12


 --------- Temperatures et Pression--------
 ----------valeurs instantanees------------
       184 0.184E-12*Epot =    -15341.1169685      eV 
    *energie paire 2 corps =    -15341.1242574      eV 
    *energie pot coul recip =    0.728889631564E-02  eV 
       184 0.184E-12*Ec =     43.6524015445      eV   (439.735 K)
       184 0.184E-12*Etot =    -15297.4645669      eV 

       184 0.184E-12*Temp instantanee = 439.735

*temp instantanee des atomes de type 1 =       577.24
*temp instantanee des atomes de type 2 =       164.72

 * stress en kbar 
1 sigma potentiel (1,1) (2,1) (3,1) =   2176.937326     -0.3480149584     -0.4158845094    
2 sigma potentiel (1,2) (2,2) (3,2) = -0.3480149584       2171.335921      0.3292918717    
3 sigma potentiel (1,3) (2,3) (3,3) = -0.4158845094      0.3292918717       2171.407571    

1 sigma cinetique (1,1) (2,1) (3,1) =   5.092073883     -0.1538907930      0.7431127086E-01
2 sigma cinetique (1,2) (2,2) (3,2) = -0.1538907930       3.969123519      0.1598811021    
3 sigma cinetique (1,3) (2,3) (3,3) =  0.7431127086E-01  0.1598811021       4.307312219    

1 sigma total (1,1) (2,1) (3,1) =   2182.029400     -0.5019057513     -0.3415732386    
2 sigma total (1,2) (2,2) (3,2) = -0.5019057513       2175.305045      0.4891729738    
3 sigma total (1,3) (2,3) (3,3) = -0.3415732386      0.4891729738       2175.714883    

       184 0.184E-12*Pression =     2177.7    
 pression totale  potentiel = cinetique =
    2177.7        2173.2        4.4562    
 ----------valeurs moyennes------------
*temperature moyenne =       228.25
*pression moyenne =     2169.3    
 --------------------------------------


<<<<<<<<  ITERATION =    185  time =   0.1850000E-12


 --------- Temperatures et Pression--------
 ----------valeurs instantanees------------
       185 0.185E-12*Epot =    -15341.6581815      eV 
    *energie paire 2 corps =    -15341.6654670      eV 
    *energie pot coul recip =    0.728554275696E-02  eV 
       185 0.185E-12*Ec =     44.1937930369      eV   (445.189 K)
       185 0.185E-12*Etot =    -15297.4643884      eV 

       185 0.185E-12*Temp instantanee = 445.189

*temp instantanee des atomes de type 1 =       586.62
*temp instantanee des atomes de type 2 =       162.32

 * stress en kbar 
1 sigma potentiel (1,1) (2,1) (3,1) =   2177.235634     -0.3642734914     -0.4378928545    
2 sigma potentiel (1,2) (2,2) (3,2) = -0.3642734914       2171.499002      0.3317038035    
3 sigma potentiel (1,3) (2,3) (3,3) = -0.4378928545      0.3317038035       2171.539524    

1 sigma cinetique (1,1) (2,1) (3,1) =   5.164484342     -0.1438169176      0.8102617723E-01
2 sigma cinetique (1,2) (2,2) (3,2) = -0.1438169176       4.018024558      0.1560962370    
3 sigma cinetique (1,3) (2,3) (3,3) =  0.8102617723E-01  0.1560962370       4.351801389    

1 sigma total (1,1) (2,1) (3,1) =   2182.400118     -0.5080904090     -0.3568666773    
2 sigma total (1,2) (2,2) (3,2) = -0.5080904090       2175.517027      0.4878000405    
3 sigma total (1,3) (2,3) (3,3) = -0.3568666773      0.4878000405       2175.891325    

       185 0.185E-12*Pression =     2177.9    
 pression totale  potentiel = cinetique =
    2177.9        2173.4        4.5114    
 ----------valeurs moyennes------------
*temperature moyenne =       229.42
*pression moyenne =     2169.4    
 --------------------------------------


<<<<<<<<  ITERATION =    186  time =   0.1860000E-12


 --------- Temperatures et Pression--------
 ----------valeurs instantanees------------
       186 0.186E-12*Epot =    -15342.2173663      eV 
    *energie paire 2 corps =    -15342.2246484      eV 
    *energie pot coul recip =    0.728213880893E-02  eV 
       186 0.186E-12*Ec =     44.7531838532      eV   (450.824 K)
       186 0.186E-12*Etot =    -15297.4641824      eV 

       186 0.186E-12*Temp instantanee = 450.824

*temp instantanee des atomes de type 1 =       596.20
*temp instantanee des atomes de type 2 =       160.07

 * stress en kbar 
1 sigma potentiel (1,1) (2,1) (3,1) =   2177.533315     -0.3816809178     -0.4584112098    
2 sigma potentiel (1,2) (2,2) (3,2) = -0.3816809178       2171.649180      0.3366120867    
3 sigma potentiel (1,3) (2,3) (3,3) = -0.4584112098      0.3366120867       2171.649579    

1 sigma cinetique (1,1) (2,1) (3,1) =   5.239674981     -0.1332171276      0.8743192966E-01
2 sigma cinetique (1,2) (2,2) (3,2) = -0.1332171276       4.068794088      0.1523635453    
3 sigma cinetique (1,3) (2,3) (3,3) =  0.8743192966E-01  0.1523635453       4.397154166    

1 sigma total (1,1) (2,1) (3,1) =   2182.772990     -0.5148980454     -0.3709792802    
2 sigma total (1,2) (2,2) (3,2) = -0.5148980454       2175.717975      0.4889756321    
3 sigma total (1,3) (2,3) (3,3) = -0.3709792802      0.4889756321       2176.046733    

       186 0.186E-12*Pression =     2178.2    
 pression totale  potentiel = cinetique =
    2178.2        2173.6        4.5685    
 ----------valeurs moyennes------------
*temperature moyenne =       230.61
*pression moyenne =     2169.4    
 --------------------------------------


<<<<<<<<  ITERATION =    187  time =   0.1870000E-12


 --------- Temperatures et Pression--------
 ----------valeurs instantanees------------
       187 0.187E-12*Epot =    -15342.7960774      eV 
    *energie paire 2 corps =    -15342.8033561      eV 
    *energie pot coul recip =    0.727867775469E-02  eV 
       187 0.187E-12*Ec =     45.3321305625      eV   (456.656 K)
       187 0.187E-12*Etot =    -15297.4639468      eV 

       187 0.187E-12*Temp instantanee = 456.656

*temp instantanee des atomes de type 1 =       605.97
*temp instantanee des atomes de type 2 =       158.02

 * stress en kbar 
1 sigma potentiel (1,1) (2,1) (3,1) =   2177.835425     -0.4003843120     -0.4776295401    
2 sigma potentiel (1,2) (2,2) (3,2) = -0.4003843120       2171.800117      0.3401106863    
3 sigma potentiel (1,3) (2,3) (3,3) = -0.4776295401      0.3401106863       2171.755109    

1 sigma cinetique (1,1) (2,1) (3,1) =   5.317739301     -0.1222468435      0.9345132773E-01
2 sigma cinetique (1,2) (2,2) (3,2) = -0.1222468435       4.121636824      0.1487508016    
3 sigma cinetique (1,3) (2,3) (3,3) =  0.9345132773E-01  0.1487508016       4.443549031    

1 sigma total (1,1) (2,1) (3,1) =   2183.153164     -0.5226311556     -0.3841782124    
2 sigma total (1,2) (2,2) (3,2) = -0.5226311556       2175.921754      0.4888614879    
3 sigma total (1,3) (2,3) (3,3) = -0.3841782124      0.4888614879       2176.198658    

       187 0.187E-12*Pression =     2178.4    
 pression totale  potentiel = cinetique =
    2178.4        2173.8        4.6276    
 ----------valeurs moyennes------------
*temperature moyenne =       231.82
*pression moyenne =     2169.5    
 --------------------------------------


<<<<<<<<  ITERATION =    188  time =   0.1880000E-12


 --------- Temperatures et Pression--------
 ----------valeurs instantanees------------
       188 0.188E-12*Epot =    -15343.3958563      eV 
    *energie paire 2 corps =    -15343.4031314      eV 
    *energie pot coul recip =    0.727515255299E-02  eV 
       188 0.188E-12*Ec =     45.9320771855      eV   (462.700 K)
       188 0.188E-12*Etot =    -15297.4637791      eV 

       188 0.188E-12*Temp instantanee = 462.700

*temp instantanee des atomes de type 1 =       615.94
*temp instantanee des atomes de type 2 =       156.22

 * stress en kbar 
1 sigma potentiel (1,1) (2,1) (3,1) =   2178.145253     -0.4227564345     -0.4938756867    
2 sigma potentiel (1,2) (2,2) (3,2) = -0.4227564345       2171.954569      0.3421176582    
3 sigma potentiel (1,3) (2,3) (3,3) = -0.4938756867      0.3421176582       2171.878538    

1 sigma cinetique (1,1) (2,1) (3,1) =   5.398763833     -0.1110707956      0.9902739555E-01
2 sigma cinetique (1,2) (2,2) (3,2) = -0.1110707956       4.176737005      0.1453367699    
3 sigma cinetique (1,3) (2,3) (3,3) =  0.9902739555E-01  0.1453367699       4.491157444    

1 sigma total (1,1) (2,1) (3,1) =   2183.544017     -0.5338272302     -0.3948482911    
2 sigma total (1,2) (2,2) (3,2) = -0.5338272302       2176.131306      0.4874544281    
3 sigma total (1,3) (2,3) (3,3) = -0.3948482911      0.4874544281       2176.369695    

       188 0.188E-12*Pression =     2178.7    
 pression totale  potentiel = cinetique =
    2178.7        2174.0        4.6889    
 ----------valeurs moyennes------------
*temperature moyenne =       233.05
*pression moyenne =     2169.5    
 --------------------------------------


<<<<<<<<  ITERATION =    189  time =   0.1890000E-12


 --------- Temperatures et Pression--------
 ----------valeurs instantanees------------
       189 0.189E-12*Epot =    -15344.0179265      eV 
    *energie paire 2 corps =    -15344.0251981      eV 
    *energie pot coul recip =    0.727155652083E-02  eV 
       189 0.189E-12*Ec =     46.5544044639      eV   (468.969 K)
       189 0.189E-12*Etot =    -15297.4635221      eV 

       189 0.189E-12*Temp instantanee = 468.969

*temp instantanee des atomes de type 1 =       626.11
*temp instantanee des atomes de type 2 =       154.69

 * stress en kbar 
1 sigma potentiel (1,1) (2,1) (3,1) =   2178.450278     -0.4334668914     -0.5100376424    
2 sigma potentiel (1,2) (2,2) (3,2) = -0.4334668914       2172.098082      0.3448072911    
3 sigma potentiel (1,3) (2,3) (3,3) = -0.5100376424      0.3448072911       2171.978096    

1 sigma cinetique (1,1) (2,1) (3,1) =   5.482810906     -0.9985091961E-01  0.1041060875    
2 sigma cinetique (1,2) (2,2) (3,2) = -0.9985091961E-01   4.234271953      0.1422099815    
3 sigma cinetique (1,3) (2,3) (3,3) =  0.1041060875      0.1422099815       4.540162606    

1 sigma total (1,1) (2,1) (3,1) =   2183.933089     -0.5333178110     -0.4059315549    
2 sigma total (1,2) (2,2) (3,2) = -0.5333178110       2176.332353      0.4870172726    
3 sigma total (1,3) (2,3) (3,3) = -0.4059315549      0.4870172726       2176.518258    

       189 0.189E-12*Pression =     2178.9    
 pression totale  potentiel = cinetique =
    2178.9        2174.2        4.7524    
 ----------valeurs moyennes------------
*temperature moyenne =       234.30
*pression moyenne =     2169.6    
 --------------------------------------


<<<<<<<<  ITERATION =    190  time =   0.1900000E-12


 --------- Temperatures et Pression--------
 ----------valeurs instantanees------------
       190 0.190E-12*Epot =    -15344.6635487      eV 
    *energie paire 2 corps =    -15344.6708165      eV 
    *energie pot coul recip =    0.726788256920E-02  eV 
       190 0.190E-12*Ec =     47.2002272915      eV   (475.474 K)
       190 0.190E-12*Etot =    -15297.4633214      eV 

       190 0.190E-12*Temp instantanee = 475.474

*temp instantanee des atomes de type 1 =       636.47
*temp instantanee des atomes de type 2 =       153.48

 * stress en kbar 
1 sigma potentiel (1,1) (2,1) (3,1) =   2178.765607     -0.4545535741     -0.5248353760    
2 sigma potentiel (1,2) (2,2) (3,2) = -0.4545535741       2172.247127      0.3460809966    
3 sigma potentiel (1,3) (2,3) (3,3) = -0.5248353760      0.3460809966       2172.076190    

1 sigma cinetique (1,1) (2,1) (3,1) =   5.569909457     -0.8876274416E-01  0.1086331038    
2 sigma cinetique (1,2) (2,2) (3,2) = -0.8876274416E-01   4.294382028      0.1394515939    
3 sigma cinetique (1,3) (2,3) (3,3) =  0.1086331038      0.1394515939       4.590736652    

1 sigma total (1,1) (2,1) (3,1) =   2184.335517     -0.5433163182     -0.4162022722    
2 sigma total (1,2) (2,2) (3,2) = -0.5433163182       2176.541509      0.4855325905    
3 sigma total (1,3) (2,3) (3,3) = -0.4162022722      0.4855325905       2176.666927    

       190 0.190E-12*Pression =     2179.2    
 pression totale  potentiel = cinetique =
    2179.2        2174.4        4.8183    
 ----------valeurs moyennes------------
*temperature moyenne =       235.57
*pression moyenne =     2169.6    
 --------------------------------------


<<<<<<<<  ITERATION =    191  time =   0.1910000E-12


 --------- Temperatures et Pression--------
 ----------valeurs instantanees------------
       191 0.191E-12*Epot =    -15345.3336714      eV 
    *energie paire 2 corps =    -15345.3409355      eV 
    *energie pot coul recip =    0.726412262266E-02  eV 
       191 0.191E-12*Ec =     47.8705156280      eV   (482.227 K)
       191 0.191E-12*Etot =    -15297.4631558      eV 

       191 0.191E-12*Temp instantanee = 482.227

*temp instantanee des atomes de type 1 =       647.04
*temp instantanee des atomes de type 2 =       152.61

 * stress en kbar 
1 sigma potentiel (1,1) (2,1) (3,1) =   2179.080187     -0.4676484118     -0.5296365128    
2 sigma potentiel (1,2) (2,2) (3,2) = -0.4676484118       2172.385517      0.3477325636    
3 sigma potentiel (1,3) (2,3) (3,3) = -0.5296365128      0.3477325636       2172.188237    

1 sigma cinetique (1,1) (2,1) (3,1) =   5.660073762     -0.7799453623E-01  0.1125592609    
2 sigma cinetique (1,2) (2,2) (3,2) = -0.7799453623E-01   4.357198030      0.1371366192    
3 sigma cinetique (1,3) (2,3) (3,3) =  0.1125592609      0.1371366192       4.643031559    

1 sigma total (1,1) (2,1) (3,1) =   2184.740261     -0.5456429480     -0.4170772519    
2 sigma total (1,2) (2,2) (3,2) = -0.5456429480       2176.742715      0.4848691828    
3 sigma total (1,3) (2,3) (3,3) = -0.4170772519      0.4848691828       2176.831269    

       191 0.191E-12*Pression =     2179.4    
 pression totale  potentiel = cinetique =
    2179.4        2174.6        4.8868    
 ----------valeurs moyennes------------
*temperature moyenne =       236.86
*pression moyenne =     2169.7    
 --------------------------------------


<<<<<<<<  ITERATION =    192  time =   0.1920000E-12


 --------- Temperatures et Pression--------
 ----------valeurs instantanees------------
       192 0.192E-12*Epot =    -15346.0290122      eV 
    *energie paire 2 corps =    -15346.0362725      eV 
    *energie pot coul recip =    0.726026870497E-02  eV 
       192 0.192E-12*Ec =     48.5660590218      eV   (489.233 K)
       192 0.192E-12*Etot =    -15297.4629532      eV 

       192 0.192E-12*Temp instantanee = 489.233

*temp instantanee des atomes de type 1 =       657.80
*temp instantanee des atomes de type 2 =       152.11

 * stress en kbar 
1 sigma potentiel (1,1) (2,1) (3,1) =   2179.379356     -0.4816161618     -0.5407240143    
2 sigma potentiel (1,2) (2,2) (3,2) = -0.4816161618       2172.520812      0.3486661663    
3 sigma potentiel (1,3) (2,3) (3,3) = -0.5407240143      0.3486661663       2172.272410    

1 sigma cinetique (1,1) (2,1) (3,1) =   5.753279548     -0.6772494785E-01  0.1158357976    
2 sigma cinetique (1,2) (2,2) (3,2) = -0.6772494785E-01   4.422833844      0.1353294186    
3 sigma cinetique (1,3) (2,3) (3,3) =  0.1158357976      0.1353294186       4.697199513    

1 sigma total (1,1) (2,1) (3,1) =   2185.132636     -0.5493411096     -0.4248882167    
2 sigma total (1,2) (2,2) (3,2) = -0.5493411096       2176.943646      0.4839955849    
3 sigma total (1,3) (2,3) (3,3) = -0.4248882167      0.4839955849       2176.969609    

       192 0.192E-12*Pression =     2179.7    
 pression totale  potentiel = cinetique =
    2179.7        2174.7        4.9578    
 ----------valeurs moyennes------------
*temperature moyenne =       238.17
*pression moyenne =     2169.7    
 --------------------------------------


<<<<<<<<  ITERATION =    193  time =   0.1930000E-12


 --------- Temperatures et Pression--------
 ----------valeurs instantanees------------
       193 0.193E-12*Epot =    -15346.7501851      eV 
    *energie paire 2 corps =    -15346.7574414      eV 
    *energie pot coul recip =    0.725631291604E-02  eV 
       193 0.193E-12*Ec =     49.2873496569      eV   (496.499 K)
       193 0.193E-12*Etot =    -15297.4628354      eV 

       193 0.193E-12*Temp instantanee = 496.499

*temp instantanee des atomes de type 1 =       668.76
*temp instantanee des atomes de type 2 =       151.99

 * stress en kbar 
1 sigma potentiel (1,1) (2,1) (3,1) =   2179.702077     -0.4969676640     -0.5438284466    
2 sigma potentiel (1,2) (2,2) (3,2) = -0.4969676640       2172.651516      0.3510484029    
3 sigma potentiel (1,3) (2,3) (3,3) = -0.5438284466      0.3510484029       2172.361932    

1 sigma cinetique (1,1) (2,1) (3,1) =   5.849482127     -0.5811619358E-01  0.1184091111    
2 sigma cinetique (1,2) (2,2) (3,2) = -0.5811619358E-01   4.491339268      0.1341124843    
3 sigma cinetique (1,3) (2,3) (3,3) =  0.1184091111      0.1341124843       4.753386134    

1 sigma total (1,1) (2,1) (3,1) =   2185.551559     -0.5550838576     -0.4254193356    
2 sigma total (1,2) (2,2) (3,2) = -0.5550838576       2177.142855      0.4851608872    
3 sigma total (1,3) (2,3) (3,3) = -0.4254193356      0.4851608872       2177.115318    

       193 0.193E-12*Pression =     2179.9    
 pression totale  potentiel = cinetique =
    2179.9        2174.9        5.0314    
 ----------valeurs moyennes------------
*temperature moyenne =       239.51
*pression moyenne =     2169.8    
 --------------------------------------


<<<<<<<<  ITERATION =    194  time =   0.1940000E-12


 --------- Temperatures et Pression--------
 ----------valeurs instantanees------------
       194 0.194E-12*Epot =    -15347.4974270      eV 
    *energie paire 2 corps =    -15347.5046792      eV 
    *energie pot coul recip =    0.725224746654E-02  eV 
       194 0.194E-12*Ec =     50.0347287530      eV   (504.028 K)
       194 0.194E-12*Etot =    -15297.4626982      eV 

       194 0.194E-12*Temp instantanee = 504.028

*temp instantanee des atomes de type 1 =       679.91
*temp instantanee des atomes de type 2 =       152.26

 * stress en kbar 
1 sigma potentiel (1,1) (2,1) (3,1) =   2180.002901     -0.5039643548     -0.5434521509    
2 sigma potentiel (1,2) (2,2) (3,2) = -0.5039643548       2172.796803      0.3506400417    
3 sigma potentiel (1,3) (2,3) (3,3) = -0.5434521509      0.3506400417       2172.456750    

1 sigma cinetique (1,1) (2,1) (3,1) =   5.948625886     -0.4930961165E-01  0.1202356040    
2 sigma cinetique (1,2) (2,2) (3,2) = -0.4930961165E-01   4.562747286      0.1335520044    
3 sigma cinetique (1,3) (2,3) (3,3) =  0.1202356040      0.1335520044       4.811718548    

1 sigma total (1,1) (2,1) (3,1) =   2185.951527     -0.5532739664     -0.4232165469    
2 sigma total (1,2) (2,2) (3,2) = -0.5532739664       2177.359551      0.4841920461    
3 sigma total (1,3) (2,3) (3,3) = -0.4232165469      0.4841920461       2177.268469    

       194 0.194E-12*Pression =     2180.2    
 pression totale  potentiel = cinetique =
    2180.2        2175.1        5.1077    
 ----------valeurs moyennes------------
*temperature moyenne =       240.88
*pression moyenne =     2169.8    
 --------------------------------------


<<<<<<<<  ITERATION =    195  time =   0.1950000E-12


 --------- Temperatures et Pression--------
 ----------valeurs instantanees------------
       195 0.195E-12*Epot =    -15348.2707436      eV 
    *energie paire 2 corps =    -15348.2779916      eV 
    *energie pot coul recip =    0.724806390878E-02  eV 
       195 0.195E-12*Ec =     50.8081818057      eV   (511.819 K)
       195 0.195E-12*Etot =    -15297.4625618      eV 

       195 0.195E-12*Temp instantanee = 511.819

*temp instantanee des atomes de type 1 =       691.26
*temp instantanee des atomes de type 2 =       152.93

 * stress en kbar 
1 sigma potentiel (1,1) (2,1) (3,1) =   2180.325620     -0.5132794426     -0.5468381742    
2 sigma potentiel (1,2) (2,2) (3,2) = -0.5132794426       2172.925352      0.3529968168    
3 sigma potentiel (1,3) (2,3) (3,3) = -0.5468381742      0.3529968168       2172.531718    

1 sigma cinetique (1,1) (2,1) (3,1) =   6.050613244     -0.4144299851E-01  0.1212815653    
2 sigma cinetique (1,2) (2,2) (3,2) = -0.4144299851E-01   4.637057124      0.1336938311    
3 sigma cinetique (1,3) (2,3) (3,3) =  0.1212815653      0.1336938311       4.872290670    

1 sigma total (1,1) (2,1) (3,1) =   2186.376233     -0.5547224412     -0.4255566089    
2 sigma total (1,2) (2,2) (3,2) = -0.5547224412       2177.562409      0.4866906479    
3 sigma total (1,3) (2,3) (3,3) = -0.4255566089      0.4866906479       2177.404009    

       195 0.195E-12*Pression =     2180.4    
 pression totale  potentiel = cinetique =
    2180.4        2175.3        5.1867    
 ----------valeurs moyennes------------
*temperature moyenne =       242.27
*pression moyenne =     2169.9    
 --------------------------------------


<<<<<<<<  ITERATION =    196  time =   0.1960000E-12


 --------- Temperatures et Pression--------
 ----------valeurs instantanees------------
       196 0.196E-12*Epot =    -15349.0699004      eV 
    *energie paire 2 corps =    -15349.0771442      eV 
    *energie pot coul recip =    0.724375312532E-02  eV 
       196 0.196E-12*Ec =     51.6074421583      eV   (519.871 K)
       196 0.196E-12*Etot =    -15297.4624583      eV 

       196 0.196E-12*Temp instantanee = 519.871

*temp instantanee des atomes de type 1 =       702.81
*temp instantanee des atomes de type 2 =       153.99

 * stress en kbar 
1 sigma potentiel (1,1) (2,1) (3,1) =   2180.651027     -0.5163329332     -0.5411793351    
2 sigma potentiel (1,2) (2,2) (3,2) = -0.5163329332       2173.055032      0.3496983600    
3 sigma potentiel (1,3) (2,3) (3,3) = -0.5411793351      0.3496983600       2172.621353    

1 sigma cinetique (1,1) (2,1) (3,1) =   6.155326247     -0.3464001359E-01  0.1215183824    
2 sigma cinetique (1,2) (2,2) (3,2) = -0.3464001359E-01   4.714226138      0.1345986158    
3 sigma cinetique (1,3) (2,3) (3,3) =  0.1215183824      0.1345986158       4.935181434    

1 sigma total (1,1) (2,1) (3,1) =   2186.806353     -0.5509729468     -0.4196609526    
2 sigma total (1,2) (2,2) (3,2) = -0.5509729468       2177.769258      0.4842969758    
3 sigma total (1,3) (2,3) (3,3) = -0.4196609526      0.4842969758       2177.556535    

       196 0.196E-12*Pression =     2180.7    
 pression totale  potentiel = cinetique =
    2180.7        2175.4        5.2682    
 ----------valeurs moyennes------------
*temperature moyenne =       243.68
*pression moyenne =     2169.9    
 --------------------------------------


<<<<<<<<  ITERATION =    197  time =   0.1970000E-12


 --------- Temperatures et Pression--------
 ----------valeurs instantanees------------
       197 0.197E-12*Epot =    -15349.8943620      eV 
    *energie paire 2 corps =    -15349.9016013      eV 
    *energie pot coul recip =    0.723930689266E-02  eV 
       197 0.197E-12*Ec =     52.4319832862      eV   (528.177 K)
       197 0.197E-12*Etot =    -15297.4623787      eV 

       197 0.197E-12*Temp instantanee = 528.177

*temp instantanee des atomes de type 1 =       714.55
*temp instantanee des atomes de type 2 =       155.42

 * stress en kbar 
1 sigma potentiel (1,1) (2,1) (3,1) =   2180.956372     -0.5182517089     -0.5355770900    
2 sigma potentiel (1,2) (2,2) (3,2) = -0.5182517089       2173.181147      0.3446050545    
3 sigma potentiel (1,3) (2,3) (3,3) = -0.5355770900      0.3446050545       2172.703362    

1 sigma cinetique (1,1) (2,1) (3,1) =   6.262629335     -0.2900610642E-01  0.1209253144    
2 sigma cinetique (1,2) (2,2) (3,2) = -0.2900610642E-01   4.794177114      0.1363019121    
3 sigma cinetique (1,3) (2,3) (3,3) =  0.1209253144      0.1363019121       5.000442366    

1 sigma total (1,1) (2,1) (3,1) =   2187.219002     -0.5472578153     -0.4146517756    
2 sigma total (1,2) (2,2) (3,2) = -0.5472578153       2177.975324      0.4809069665    
3 sigma total (1,3) (2,3) (3,3) = -0.4146517756      0.4809069665       2177.703804    

       197 0.197E-12*Pression =     2181.0    
 pression totale  potentiel = cinetique =
    2181.0        2175.6        5.3524    
 ----------valeurs moyennes------------
*temperature moyenne =       245.13
*pression moyenne =     2170.0    
 --------------------------------------


<<<<<<<<  ITERATION =    198  time =   0.1980000E-12


 --------- Temperatures et Pression--------
 ----------valeurs instantanees------------
       198 0.198E-12*Epot =    -15350.7433737      eV 
    *energie paire 2 corps =    -15350.7506084      eV 
    *energie pot coul recip =    0.723471847740E-02  eV 
       198 0.198E-12*Ec =     53.2810530225      eV   (536.730 K)
       198 0.198E-12*Etot =    -15297.4623207      eV 

       198 0.198E-12*Temp instantanee = 536.730

*temp instantanee des atomes de type 1 =       726.49
*temp instantanee des atomes de type 2 =       157.21

 * stress en kbar 
1 sigma potentiel (1,1) (2,1) (3,1) =   2181.282880     -0.5188568623     -0.5276033228    
2 sigma potentiel (1,2) (2,2) (3,2) = -0.5188568623       2173.308104      0.3439538066    
3 sigma potentiel (1,3) (2,3) (3,3) = -0.5276033228      0.3439538066       2172.778373    

1 sigma cinetique (1,1) (2,1) (3,1) =   6.372364098     -0.2460825161E-01  0.1194786169    
2 sigma cinetique (1,2) (2,2) (3,2) = -0.2460825161E-01   4.876797395      0.1388249537    
3 sigma cinetique (1,3) (2,3) (3,3) =  0.1194786169      0.1388249537       5.068114182    

1 sigma total (1,1) (2,1) (3,1) =   2187.655244     -0.5434651139     -0.4081247059    
2 sigma total (1,2) (2,2) (3,2) = -0.5434651139       2178.184901      0.4827787603    
3 sigma total (1,3) (2,3) (3,3) = -0.4081247059      0.4827787603       2177.846488    

       198 0.198E-12*Pression =     2181.2    
 pression totale  potentiel = cinetique =
    2181.2        2175.8        5.4391    
 ----------valeurs moyennes------------
*temperature moyenne =       246.60
*pression moyenne =     2170.1    
 --------------------------------------


<<<<<<<<  ITERATION =    199  time =   0.1990000E-12


 --------- Temperatures et Pression--------
 ----------valeurs instantanees------------
       199 0.199E-12*Epot =    -15351.6158841      eV 
    *energie paire 2 corps =    -15351.6231141      eV 
    *energie pot coul recip =    0.722997886544E-02  eV 
       199 0.199E-12*Ec =     54.1536817434      eV   (545.520 K)
       199 0.199E-12*Etot =    -15297.4622023      eV 

       199 0.199E-12*Temp instantanee = 545.520

*temp instantanee des atomes de type 1 =       738.61
*temp instantanee des atomes de type 2 =       159.34

 * stress en kbar 
1 sigma potentiel (1,1) (2,1) (3,1) =   2181.598560     -0.5098066700     -0.5176306583    
2 sigma potentiel (1,2) (2,2) (3,2) = -0.5098066700       2173.437500      0.3401024759    
3 sigma potentiel (1,3) (2,3) (3,3) = -0.5176306583      0.3401024759       2172.852770    

1 sigma cinetique (1,1) (2,1) (3,1) =   6.484355400     -0.2148422189E-01  0.1171756520    
2 sigma cinetique (1,2) (2,2) (3,2) = -0.2148422189E-01   4.961957901      0.1422004018    
3 sigma cinetique (1,3) (2,3) (3,3) =  0.1171756520      0.1422004018       5.138204153    

1 sigma total (1,1) (2,1) (3,1) =   2188.082915     -0.5312908919     -0.4004550064    
2 sigma total (1,2) (2,2) (3,2) = -0.5312908919       2178.399458      0.4823028777    
3 sigma total (1,3) (2,3) (3,3) = -0.4004550064      0.4823028777       2177.990974    

       199 0.199E-12*Pression =     2181.5    
 pression totale  potentiel = cinetique =
    2181.5        2176.0        5.5282    
 ----------valeurs moyennes------------
*temperature moyenne =       248.10
*pression moyenne =     2170.1    
 --------------------------------------


<<<<<<<<  ITERATION =    200  time =   0.2000000E-12


 --------- Temperatures et Pression--------
 ----------valeurs instantanees------------
       200 0.200E-12*Epot =    -15352.5106722      eV 
    *energie paire 2 corps =    -15352.5178973      eV 
    *energie pot coul recip =    0.722508058669E-02  eV 
       200 0.200E-12*Ec =     55.0485415889      eV   (554.535 K)
       200 0.200E-12*Etot =    -15297.4621306      eV 

       200 0.200E-12*Temp instantanee = 554.535

*temp instantanee des atomes de type 1 =       750.92
*temp instantanee des atomes de type 2 =       161.76

 * stress en kbar 
1 sigma potentiel (1,1) (2,1) (3,1) =   2181.933740     -0.5015512380     -0.5026376494    
2 sigma potentiel (1,2) (2,2) (3,2) = -0.5015512380       2173.562654      0.3398084257    
3 sigma potentiel (1,3) (2,3) (3,3) = -0.5026376494      0.3398084257       2172.938626    

1 sigma cinetique (1,1) (2,1) (3,1) =   6.598423537     -0.1964726890E-01  0.1140222915    
2 sigma cinetique (1,2) (2,2) (3,2) = -0.1964726890E-01   5.049476042      0.1464349722    
3 sigma cinetique (1,3) (2,3) (3,3) =  0.1140222915      0.1464349722       5.210667917    

1 sigma total (1,1) (2,1) (3,1) =   2188.532164     -0.5211985069     -0.3886153579    
2 sigma total (1,2) (2,2) (3,2) = -0.5211985069       2178.612130      0.4862433979    
3 sigma total (1,3) (2,3) (3,3) = -0.3886153579      0.4862433979       2178.149294    

       200 0.200E-12*Pression =     2181.8    
 pression totale  potentiel = cinetique =
    2181.8        2176.1        5.6195    
 ----------valeurs moyennes------------
*temperature moyenne =       249.63
*pression moyenne =     2170.2    
 --------------------------------------
 *******Derniere iteration **** 


 ####### END OF RUN  ######## =          200   time =    1.9999999999999945E-013
