  6.499349999999999E-004   480.000000000000     
  1.299870000000000E-003   480.000000000000     
  1.949805000000000E-003   480.000000000000     
  2.599740000000000E-003   480.000000000000     
  3.249675000000000E-003   480.000000000000     
  3.899610000000000E-003   480.000000000000     
  4.549544999999999E-003   480.000000000000     
  5.199479999999999E-003   480.000000000000     
  5.849414999999999E-003   480.000000000000     
  6.499349999999999E-003   480.000000000000     
  7.149284999999999E-003   480.000000000000     
  7.799219999999999E-003   480.000000000000     
  8.449155000000000E-003   480.000000000000     
  9.099089999999999E-003   480.000000000000     
  9.749024999999998E-003   480.000000000000     
  1.039896000000000E-002   480.000000000000     
  1.104889500000000E-002   480.000000000000     
  1.169883000000000E-002   480.000000000000     
  1.234876500000000E-002   480.000000000000     
  1.299870000000000E-002   480.000000000000     
  1.364863500000000E-002   480.000000000000     
  1.429857000000000E-002   480.000000000000     
  1.494850500000000E-002   480.000000000000     
  1.559844000000000E-002   480.000000000000     
  1.624837500000000E-002   480.000000000000     
  1.689831000000000E-002   480.000000000000     
  1.754824500000000E-002   480.000000000000     
  1.819818000000000E-002   480.000000000000     
  1.884811500000000E-002   480.000000000000     
  1.949805000000000E-002   480.000000000000     
  2.014798500000000E-002   480.000000000000     
  2.079792000000000E-002   480.000000000000     
  2.144785500000000E-002   480.000000000000     
  2.209779000000000E-002   480.000000000000     
  2.274772500000000E-002   480.000000000000     
  2.339766000000000E-002   480.000000000000     
  2.404759500000000E-002   480.000000000000     
  2.469753000000000E-002   480.000000000000     
  2.534746500000000E-002   480.000000000000     
  2.599740000000000E-002   480.000000000000     
  2.664733500000000E-002   480.000000000000     
  2.729727000000000E-002   480.000000000000     
  2.794720500000000E-002   480.000000000000     
  2.859714000000000E-002   480.000000000000     
  2.924707500000000E-002   480.000000000000     
  2.989700999999999E-002   480.000000000000     
  3.054694500000000E-002   480.000000000000     
  3.119688000000000E-002   480.000000000000     
  3.184681499999999E-002   480.000000000000     
  3.249675000000000E-002   480.000000000000     
  3.314668500000000E-002   480.000000000000     
  3.379662000000000E-002   480.000000000000     
  3.444655500000000E-002   480.000000000000     
  3.509648999999999E-002   480.000000000000     
  3.574642500000000E-002   480.000000000000     
  3.639636000000000E-002   480.000000000000     
  3.704629499999999E-002   480.000000000000     
  3.769623000000000E-002   480.000000000000     
  3.834616499999999E-002   480.000000000000     
  3.899609999999999E-002   480.000000000000     
  3.964603500000000E-002   480.000000000000     
  4.029596999999999E-002   480.000000000000     
  4.094590500000000E-002   480.000000000000     
  4.159584000000000E-002   480.000000000000     
  4.224577499999999E-002   480.000000000000     
  4.289571000000000E-002   480.000000000000     
  4.354564499999999E-002   480.000000000000     
  4.419558000000000E-002   480.000000000000     
  4.484551500000000E-002   480.000000000000     
  4.549544999999999E-002   480.000000000000     
  4.614538500000000E-002   480.000000000000     
  4.679531999999999E-002   480.000000000000     
  4.744525499999999E-002   480.000000000000     
  4.809519000000000E-002   480.000000000000     
  4.874512499999999E-002   480.000000000000     
  4.939505999999999E-002   480.000000000000     
  5.004499499999999E-002   480.000000000000     
  5.069492999999999E-002   480.000000000000     
  5.134486500000000E-002   480.000000000000     
  5.199479999999999E-002   480.000000000000     
  5.264473499999999E-002   480.000000000000     
  5.329467000000000E-002   480.000000000000     
  5.394460499999999E-002   480.000000000000     
  5.459454000000000E-002   480.000000000000     
  5.524447499999999E-002   480.000000000000     
  5.589440999999999E-002   480.000000000000     
  5.654434500000000E-002   480.000000000000     
  5.719427999999999E-002   480.000000000000     
  5.784421499999999E-002   480.000000000000     
  5.849414999999999E-002   480.000000000000     
  5.914408499999999E-002   480.000000000000     
  5.979401999999999E-002   480.000000000000     
  6.044395499999999E-002   480.000000000000     
  6.109388999999999E-002   480.000000000000     
  6.174382500000000E-002   480.000000000000     
  6.239375999999999E-002   480.000000000000     
  6.304369500000000E-002   480.000000000000     
  6.369362999999999E-002   480.000000000000     
  6.434356499999999E-002   480.000000000000     
  6.499350000000000E-002   480.000000000000     
  6.564343499999999E-002   480.000000000000     
  6.629336999999999E-002   480.000000000000     
  6.694330499999999E-002   480.000000000000     
  6.759324000000000E-002   480.000000000000     
  6.824317499999999E-002   480.000000000000     
  6.889310999999999E-002   480.000000000000     
  6.954304500000000E-002   480.000000000000     
  7.019297999999999E-002   480.000000000000     
  7.084291499999999E-002   480.000000000000     
  7.149285000000000E-002   480.000000000000     
  7.214278499999999E-002   480.000000000000     
  7.279271999999999E-002   480.000000000000     
  7.344265500000000E-002   480.000000000000     
  7.409258999999999E-002   480.000000000000     
  7.474252499999999E-002   480.000000000000     
  7.539245999999999E-002   480.000000000000     
  7.604239499999998E-002   480.000000000000     
  7.669232999999999E-002   480.000000000000     
  7.734226499999999E-002   480.000000000000     
  7.799219999999998E-002   480.000000000000     
  7.864213499999999E-002   480.000000000000     
  7.929206999999999E-002   480.000000000000     
  7.994200500000000E-002   480.000000000000     
  8.059193999999999E-002   480.000000000000     
  8.124187499999999E-002   480.000000000000     
  8.189181000000000E-002   480.000000000000     
  8.254174499999999E-002   480.000000000000     
  8.319167999999999E-002   480.000000000000     
  8.384161499999999E-002   480.000000000000     
  8.449154999999998E-002   480.000000000000     
  8.514148499999999E-002   480.000000000000     
  8.579141999999999E-002   480.000000000000     
  8.644135499999998E-002   480.000000000000     
  8.709128999999999E-002   480.000000000000     
  8.774122499999999E-002   480.000000000000     
  8.839116000000000E-002   480.000000000000     
  8.904109499999999E-002   480.000000000000     
  8.969102999999999E-002   480.000000000000     
  9.034096500000000E-002   480.000000000000     
  9.099089999999999E-002   480.000000000000     
  9.164083499999999E-002   480.000000000000     
  9.229076999999999E-002   480.000000000000     
  9.294070499999998E-002   480.000000000000     
  9.359063999999999E-002   480.000000000000     
  9.424057499999999E-002   480.000000000000     
  9.489050999999998E-002   480.000000000000     
  9.554044499999999E-002   480.000000000000     
  9.619037999999999E-002   480.000000000000     
  9.684031499999998E-002   480.000000000000     
  9.749024999999999E-002   480.000000000000     
  9.814018499999999E-002   480.000000000000     
  9.879011999999998E-002   480.000000000000     
  9.944005499999999E-002   480.000000000000     
  0.100089990000000        480.000000000000     
  0.100739925000000        480.000000000000     
  0.101389860000000        480.000000000000     
  0.102039795000000        480.000000000000     
  0.102689730000000        480.000000000000     
  0.103339665000000        480.000000000000     
  0.103989600000000        480.000000000000     
  0.104639535000000        480.000000000000     
  0.105289470000000        480.000000000000     
  0.105939405000000        480.000000000000     
  0.106589340000000        480.000000000000     
  0.107239275000000        480.000000000000     
  0.107889210000000        480.000000000000     
  0.108539145000000        480.000000000000     
  0.109189080000000        480.000000000000     
  0.109839015000000        480.000000000000     
  0.110488950000000        480.000000000000     
  0.111138885000000        480.000000000000     
  0.111788820000000        480.000000000000     
  0.112438755000000        480.000000000000     
  0.113088690000000        480.000000000000     
  0.113738625000000        480.000000000000     
  0.114388560000000        480.000000000000     
  0.115038495000000        480.000000000000     
  0.115688430000000        480.000000000000     
  0.116338365000000        480.000000000000     
  0.116988300000000        480.000000000000     
  0.117638235000000        480.000000000000     
  0.118288170000000        480.000000000000     
  0.118938105000000        480.000000000000     
  0.119588040000000        480.000000000000     
  0.120237975000000        480.000000000000     
  0.120887910000000        480.000000000000     
  0.121537845000000        480.000000000000     
  0.122187780000000        480.000000000000     
  0.122837715000000        480.000000000000     
  0.123487650000000        480.000000000000     
  0.124137585000000        480.000000000000     
  0.124787520000000        480.000000000000     
  0.125437455000000        480.000000000000     
  0.126087390000000        480.000000000000     
  0.126737325000000        480.000000000000     
  0.127387260000000        480.000000000000     
  0.128037195000000        480.000000000000     
  0.128687130000000        480.000000000000     
  0.129337065000000        480.000000000000     
  0.129987000000000        480.000000000000     
  0.130636935000000        480.000000000000     
  0.131286870000000        480.000000000000     
  0.131936805000000        480.000000000000     
  0.132586740000000        480.000000000000     
  0.133236675000000        480.000000000000     
  0.133886610000000        480.000000000000     
  0.134536545000000        480.000000000000     
  0.135186480000000        480.000000000000     
  0.135836415000000        480.000000000000     
  0.136486350000000        480.000000000000     
  0.137136285000000        480.000000000000     
  0.137786220000000        480.000000000000     
  0.138436155000000        480.000000000000     
  0.139086090000000        480.000000000000     
  0.139736025000000        480.000000000000     
  0.140385960000000        480.000000000000     
  0.141035895000000        480.000000000000     
  0.141685830000000        480.000000000000     
  0.142335765000000        480.000000000000     
  0.142985700000000        480.000000000000     
  0.143635635000000        480.000000000000     
  0.144285570000000        480.000000000000     
  0.144935505000000        480.000000000000     
  0.145585440000000        480.000000000000     
  0.146235375000000        480.000000000000     
  0.146885310000000        480.000000000000     
  0.147535245000000        480.000000000000     
  0.148185180000000        480.000000000000     
  0.148835115000000        480.000000000000     
  0.149485050000000        480.000000000000     
  0.150134985000000        480.000000000000     
  0.150784920000000        480.000000000000     
  0.151434855000000        480.000000000000     
  0.152084790000000        480.000000000000     
  0.152734725000000        480.000000000000     
  0.153384660000000        480.000000000000     
  0.154034595000000        480.000000000000     
  0.154684530000000        480.000000000000     
  0.155334465000000        480.000000000000     
  0.155984400000000        480.000000000000     
  0.156634335000000        480.000000000000     
  0.157284270000000        480.000000000000     
  0.157934205000000        480.000000000000     
  0.158584140000000        480.000000000000     
  0.159234075000000        480.000000000000     
  0.159884010000000        480.000000000000     
  0.160533945000000        480.000000000000     
  0.161183880000000        480.000000000000     
  0.161833815000000        480.000000000000     
  0.162483750000000        480.000000000000     
  0.163133685000000        480.000000000000     
  0.163783620000000        480.000000000000     
  0.164433555000000        480.000000000000     
  0.165083490000000        480.000000000000     
  0.165733425000000        480.000000000000     
  0.166383360000000        480.000000000000     
  0.167033295000000        480.000000000000     
  0.167683230000000        480.000000000000     
  0.168333165000000        480.000000000000     
  0.168983100000000        480.000000000000     
  0.169633035000000        480.000000000000     
  0.170282970000000        480.000000000000     
  0.170932905000000        480.000000000000     
  0.171582840000000        480.000000000000     
  0.172232775000000        480.000000000000     
  0.172882710000000        480.000000000000     
  0.173532645000000        480.000000000000     
  0.174182580000000        480.000000000000     
  0.174832515000000        480.000000000000     
  0.175482450000000        480.000000000000     
  0.176132385000000        480.000000000000     
  0.176782320000000        480.000000000000     
  0.177432255000000        480.000000000000     
  0.178082190000000        480.000000000000     
  0.178732125000000        480.000000000000     
  0.179382060000000        480.000000000000     
  0.180031995000000        480.000000000000     
  0.180681930000000        480.000000000000     
  0.181331865000000        480.000000000000     
  0.181981800000000        480.000000000000     
  0.182631735000000        480.000000000000     
  0.183281670000000        480.000000000000     
  0.183931605000000        480.000000000000     
  0.184581540000000        480.000000000000     
  0.185231475000000        480.000000000000     
  0.185881410000000        480.000000000000     
  0.186531345000000        480.000000000000     
  0.187181280000000        480.000000000000     
  0.187831215000000        480.000000000000     
  0.188481150000000        480.000000000000     
  0.189131085000000        480.000000000000     
  0.189781020000000        480.000000000000     
  0.190430955000000        480.000000000000     
  0.191080890000000        480.000000000000     
  0.191730825000000        480.000000000000     
  0.192380760000000        480.000000000000     
  0.193030695000000        480.000000000000     
  0.193680630000000        480.000000000000     
  0.194330565000000        480.000000000000     
  0.194980500000000        480.000000000000     
  0.195630435000000        480.000000000000     
  0.196280370000000        480.000000000000     
  0.196930305000000        480.000000000000     
  0.197580240000000        480.000000000000     
  0.198230175000000        480.000000000000     
  0.198880110000000        480.000000000000     
  0.199530045000000        480.000000000000     
  0.200179980000000        480.000000000000     
  0.200829915000000        480.000000000000     
  0.201479850000000        480.000000000000     
  0.202129785000000        480.000000000000     
  0.202779720000000        480.000000000000     
  0.203429655000000        480.000000000000     
  0.204079590000000        480.000000000000     
  0.204729525000000        480.000000000000     
  0.205379460000000        480.000000000000     
  0.206029395000000        480.000000000000     
  0.206679330000000        480.000000000000     
  0.207329265000000        480.000000000000     
  0.207979200000000        480.000000000000     
  0.208629135000000        480.000000000000     
  0.209279070000000        480.000000000000     
  0.209929005000000        480.000000000000     
  0.210578940000000        480.000000000000     
  0.211228875000000        480.000000000000     
  0.211878810000000        480.000000000000     
  0.212528745000000        480.000000000000     
  0.213178680000000        480.000000000000     
  0.213828615000000        480.000000000000     
  0.214478550000000        480.000000000000     
  0.215128485000000        480.000000000000     
  0.215778420000000        480.000000000000     
  0.216428355000000        480.000000000000     
  0.217078290000000        480.000000000000     
  0.217728225000000        480.000000000000     
  0.218378160000000        480.000000000000     
  0.219028095000000        480.000000000000     
  0.219678030000000        480.000000000000     
  0.220327965000000        480.000000000000     
  0.220977900000000        480.000000000000     
  0.221627835000000        480.000000000000     
  0.222277770000000        480.000000000000     
  0.222927705000000        480.000000000000     
  0.223577640000000        480.000000000000     
  0.224227575000000        480.000000000000     
  0.224877510000000        480.000000000000     
  0.225527445000000        480.000000000000     
  0.226177380000000        480.000000000000     
  0.226827315000000        480.000000000000     
  0.227477250000000        480.000000000000     
  0.228127185000000        480.000000000000     
  0.228777120000000        480.000000000000     
  0.229427055000000        480.000000000000     
  0.230076990000000        480.000000000000     
  0.230726925000000        480.000000000000     
  0.231376860000000        480.000000000000     
  0.232026795000000        480.000000000000     
  0.232676730000000        480.000000000000     
  0.233326665000000        480.000000000000     
  0.233976600000000        480.000000000000     
  0.234626535000000        480.000000000000     
  0.235276470000000        480.000000000000     
  0.235926405000000        480.000000000000     
  0.236576340000000        480.000000000000     
  0.237226275000000        480.000000000000     
  0.237876210000000        480.000000000000     
  0.238526145000000        480.000000000000     
  0.239176080000000        480.000000000000     
  0.239826015000000        480.000000000000     
  0.240475950000000        480.000000000000     
  0.241125885000000        480.000000000000     
  0.241775820000000        480.000000000000     
  0.242425755000000        480.000000000000     
  0.243075690000000        480.000000000000     
  0.243725625000000        480.000000000000     
  0.244375560000000        480.000000000000     
  0.245025495000000        480.000000000000     
  0.245675430000000        480.000000000000     
  0.246325365000000        480.000000000000     
  0.246975300000000        480.000000000000     
  0.247625235000000        480.000000000000     
  0.248275170000000        480.000000000000     
  0.248925105000000        480.000000000000     
  0.249575040000000        480.000000000000     
  0.250224975000000        480.000000000000     
  0.250874910000000        480.000000000000     
  0.251524845000000        480.000000000000     
  0.252174780000000        480.000000000000     
  0.252824715000000        480.000000000000     
  0.253474650000000        480.000000000000     
  0.254124585000000        480.000000000000     
  0.254774520000000        480.000000000000     
  0.255424455000000        480.000000000000     
  0.256074390000000        480.000000000000     
  0.256724325000000        480.000000000000     
  0.257374260000000        480.000000000000     
  0.258024195000000        480.000000000000     
  0.258674130000000        480.000000000000     
  0.259324065000000        480.000000000000     
  0.259974000000000        480.000000000000     
  0.260623935000000        480.000000000000     
  0.261273870000000        480.000000000000     
  0.261923805000000        480.000000000000     
  0.262573740000000        480.000000000000     
  0.263223675000000        480.000000000000     
  0.263873610000000        480.000000000000     
  0.264523545000000        480.000000000000     
  0.265173480000000        480.000000000000     
  0.265823415000000        480.000000000000     
  0.266473350000000        480.000000000000     
  0.267123285000000        480.000000000000     
  0.267773220000000        480.000000000000     
  0.268423155000000        480.000000000000     
  0.269073090000000        480.000000000000     
  0.269723025000000        480.000000000000     
  0.270372960000000        480.000000000000     
  0.271022895000000        480.000000000000     
  0.271672830000000        480.000000000000     
  0.272322765000000        480.000000000000     
  0.272972700000000        480.000000000000     
  0.273622635000000        480.000000000000     
  0.274272570000000        480.000000000000     
  0.274922505000000        480.000000000000     
  0.275572440000000        480.000000000000     
  0.276222375000000        480.000000000000     
  0.276872310000000        480.000000000000     
  0.277522245000000        480.000000000000     
  0.278172180000000        480.000000000000     
  0.278822115000000        480.000000000000     
  0.279472050000000        480.000000000000     
  0.280121985000000        480.000000000000     
  0.280771920000000        480.000000000000     
  0.281421855000000        480.000000000000     
  0.282071790000000        480.000000000000     
  0.282721725000000        480.000000000000     
  0.283371660000000        480.000000000000     
  0.284021595000000        480.000000000000     
  0.284671530000000        480.000000000000     
  0.285321465000000        480.000000000000     
  0.285971400000000        480.000000000000     
  0.286621335000000        480.000000000000     
  0.287271270000000        480.000000000000     
  0.287921205000000        480.000000000000     
  0.288571140000000        480.000000000000     
  0.289221075000000        480.000000000000     
  0.289871010000000        480.000000000000     
  0.290520945000000        480.000000000000     
  0.291170880000000        480.000000000000     
  0.291820815000000        480.000000000000     
  0.292470750000000        480.000000000000     
  0.293120685000000        480.000000000000     
  0.293770620000000        480.000000000000     
  0.294420555000000        480.000000000000     
  0.295070490000000        480.000000000000     
  0.295720425000000        480.000000000000     
  0.296370360000000        480.000000000000     
  0.297020295000000        480.000000000000     
  0.297670230000000        480.000000000000     
  0.298320165000000        480.000000000000     
  0.298970100000000        480.000000000000     
  0.299620035000000        480.000000000000     
  0.300269970000000        480.000000000000     
  0.300919905000000        480.000000000000     
  0.301569840000000        480.000000000000     
  0.302219775000000        480.000000000000     
  0.302869710000000        480.000000000000     
  0.303519645000000        480.000000000000     
  0.304169580000000        480.000000000000     
  0.304819515000000        480.000000000000     
  0.305469450000000        480.000000000000     
  0.306119385000000        480.000000000000     
  0.306769320000000        480.000000000000     
  0.307419255000000        480.000000000000     
  0.308069190000000        480.000000000000     
  0.308719125000000        480.000000000000     
  0.309369060000000        480.000000000000     
  0.310018995000000        480.000000000000     
  0.310668930000000        480.000000000000     
  0.311318865000000        480.000000000000     
  0.311968800000000        480.000000000000     
  0.312618735000000        480.000000000000     
  0.313268670000000        480.000000000000     
  0.313918605000000        480.000000000000     
  0.314568540000000        480.000000000000     
  0.315218475000000        480.000000000000     
  0.315868410000000        480.000000000000     
  0.316518345000000        480.000000000000     
  0.317168280000000        480.000000000000     
  0.317818215000000        480.000000000000     
  0.318468150000000        480.000000000000     
  0.319118085000000        480.000000000000     
  0.319768020000000        480.000000000000     
  0.320417955000000        480.000000000000     
  0.321067890000000        480.000000000000     
  0.321717825000000        480.000000000000     
  0.322367760000000        480.000000000000     
  0.323017695000000        480.000000000000     
  0.323667630000000        480.000000000000     
  0.324317565000000        480.000000000000     
  0.324967500000000        480.000000000000     
  0.325617435000000        480.000000000000     
  0.326267370000000        480.000000000000     
  0.326917305000000        480.000000000000     
  0.327567240000000        480.000000000000     
  0.328217175000000        480.000000000000     
  0.328867110000000        480.000000000000     
  0.329517045000000        480.000000000000     
  0.330166980000000        480.000000000000     
  0.330816915000000        480.000000000000     
  0.331466850000000        480.000000000000     
  0.332116785000000        480.000000000000     
  0.332766720000000        480.000000000000     
  0.333416655000000        480.000000000000     
  0.334066590000000        480.000000000000     
  0.334716525000000        480.000000000000     
  0.335366460000000        480.000000000000     
  0.336016395000000        480.000000000000     
  0.336666330000000        480.000000000000     
  0.337316265000000        480.000000000000     
  0.337966200000000        480.000000000000     
  0.338616135000000        480.000000000000     
  0.339266070000000        480.000000000000     
  0.339916005000000        480.000000000000     
  0.340565940000000        480.000000000000     
  0.341215875000000        480.000000000000     
  0.341865810000000        480.000000000000     
  0.342515745000000        480.000000000000     
  0.343165680000000        480.000000000000     
  0.343815615000000        480.000000000000     
  0.344465550000000        480.000000000000     
  0.345115485000000        480.000000000000     
  0.345765420000000        480.000000000000     
  0.346415355000000        480.000000000000     
  0.347065290000000        480.000000000000     
  0.347715225000000        480.000000000000     
  0.348365160000000        480.000000000000     
  0.349015095000000        480.000000000000     
  0.349665030000000        480.000000000000     
  0.350314965000000        480.000000000000     
  0.350964900000000        480.000000000000     
  0.351614835000000        480.000000000000     
  0.352264770000000        480.000000000000     
  0.352914705000000        480.000000000000     
  0.353564640000000        480.000000000000     
  0.354214575000000        480.000000000000     
  0.354864510000000        480.000000000000     
  0.355514445000000        480.000000000000     
  0.356164380000000        480.000000000000     
  0.356814315000000        480.000000000000     
  0.357464250000000        480.000000000000     
  0.358114185000000        480.000000000000     
  0.358764120000000        480.000000000000     
  0.359414055000000        480.000000000000     
  0.360063990000000        480.000000000000     
  0.360713925000000        480.000000000000     
  0.361363860000000        480.000000000000     
  0.362013795000000        480.000000000000     
  0.362663730000000        480.000000000000     
  0.363313665000000        480.000000000000     
  0.363963600000000        480.000000000000     
  0.364613535000000        480.000000000000     
  0.365263470000000        480.000000000000     
  0.365913405000000        480.000000000000     
  0.366563340000000        480.000000000000     
  0.367213275000000        480.000000000000     
  0.367863210000000        480.000000000000     
  0.368513145000000        480.000000000000     
  0.369163080000000        480.000000000000     
  0.369813015000000        480.000000000000     
  0.370462950000000        480.000000000000     
  0.371112885000000        480.000000000000     
  0.371762820000000        480.000000000000     
  0.372412755000000        480.000000000000     
  0.373062690000000        480.000000000000     
  0.373712625000000        480.000000000000     
  0.374362560000000        480.000000000000     
  0.375012495000000        480.000000000000     
  0.375662430000000        480.000000000000     
  0.376312365000000        480.000000000000     
  0.376962300000000        480.000000000000     
  0.377612235000000        480.000000000000     
  0.378262170000000        480.000000000000     
  0.378912105000000        480.000000000000     
  0.379562040000000        480.000000000000     
  0.380211975000000        480.000000000000     
  0.380861910000000        480.000000000000     
  0.381511845000000        480.000000000000     
  0.382161780000000        480.000000000000     
  0.382811715000000        480.000000000000     
  0.383461650000000        480.000000000000     
  0.384111585000000        480.000000000000     
  0.384761520000000        480.000000000000     
  0.385411455000000        480.000000000000     
  0.386061390000000        480.000000000000     
  0.386711325000000        480.000000000000     
  0.387361260000000        480.000000000000     
  0.388011195000000        480.000000000000     
  0.388661130000000        480.000000000000     
  0.389311065000000        480.000000000000     
  0.389961000000000        480.000000000000     
  0.390610935000000        480.000000000000     
  0.391260870000000        480.000000000000     
  0.391910805000000        480.000000000000     
  0.392560740000000        480.000000000000     
  0.393210675000000        480.000000000000     
  0.393860610000000        480.000000000000     
  0.394510545000000        480.000000000000     
  0.395160480000000        480.000000000000     
  0.395810415000000        480.000000000000     
  0.396460350000000        480.000000000000     
  0.397110285000000        480.000000000000     
  0.397760220000000        480.000000000000     
  0.398410155000000        480.000000000000     
  0.399060090000000        480.000000000000     
  0.399710025000000        480.000000000000     
  0.400359960000000        480.000000000000     
  0.401009895000000        480.000000000000     
  0.401659830000000        480.000000000000     
  0.402309765000000        480.000000000000     
  0.402959700000000        480.000000000000     
  0.403609635000000        480.000000000000     
  0.404259570000000        480.000000000000     
  0.404909505000000        480.000000000000     
  0.405559440000000        480.000000000000     
  0.406209375000000        480.000000000000     
  0.406859310000000        480.000000000000     
  0.407509245000000        480.000000000000     
  0.408159180000000        480.000000000000     
  0.408809115000000        480.000000000000     
  0.409459050000000        480.000000000000     
  0.410108985000000        480.000000000000     
  0.410758920000000        480.000000000000     
  0.411408855000000        480.000000000000     
  0.412058790000000        480.000000000000     
  0.412708725000000        480.000000000000     
  0.413358660000000        480.000000000000     
  0.414008595000000        480.000000000000     
  0.414658530000000        480.000000000000     
  0.415308465000000        480.000000000000     
  0.415958400000000        480.000000000000     
  0.416608335000000        480.000000000000     
  0.417258270000000        480.000000000000     
  0.417908205000000        480.000000000000     
  0.418558140000000        480.000000000000     
  0.419208075000000        480.000000000000     
  0.419858010000000        480.000000000000     
  0.420507945000000        480.000000000000     
  0.421157880000000        480.000000000000     
  0.421807815000000        480.000000000000     
  0.422457750000000        480.000000000000     
  0.423107685000000        480.000000000000     
  0.423757620000000        480.000000000000     
  0.424407555000000        480.000000000000     
  0.425057490000000        480.000000000000     
  0.425707425000000        480.000000000000     
  0.426357360000000        480.000000000000     
  0.427007295000000        480.000000000000     
  0.427657230000000        480.000000000000     
  0.428307165000000        480.000000000000     
  0.428957100000000        480.000000000000     
  0.429607035000000        480.000000000000     
  0.430256970000000        480.000000000000     
  0.430906905000000        480.000000000000     
  0.431556840000000        480.000000000000     
  0.432206775000000        480.000000000000     
  0.432856710000000        480.000000000000     
  0.433506645000000        480.000000000000     
  0.434156580000000        480.000000000000     
  0.434806515000000        480.000000000000     
  0.435456450000000        480.000000000000     
  0.436106385000000        480.000000000000     
  0.436756320000000        480.000000000000     
  0.437406255000000        480.000000000000     
  0.438056190000000        480.000000000000     
  0.438706125000000        480.000000000000     
  0.439356060000000        480.000000000000     
  0.440005995000000        480.000000000000     
  0.440655930000000        480.000000000000     
  0.441305865000000        480.000000000000     
  0.441955800000000        480.000000000000     
  0.442605735000000        480.000000000000     
  0.443255670000000        480.000000000000     
  0.443905605000000        480.000000000000     
  0.444555540000000        480.000000000000     
  0.445205475000000        480.000000000000     
  0.445855410000000        480.000000000000     
  0.446505345000000        480.000000000000     
  0.447155280000000        480.000000000000     
  0.447805215000000        480.000000000000     
  0.448455150000000        480.000000000000     
  0.449105085000000        480.000000000000     
  0.449755020000000        480.000000000000     
  0.450404955000000        480.000000000000     
  0.451054890000000        480.000000000000     
  0.451704825000000        480.000000000000     
  0.452354760000000        480.000000000000     
  0.453004695000000        480.000000000000     
  0.453654630000000        480.000000000000     
  0.454304565000000        480.000000000000     
  0.454954500000000        480.000000000000     
  0.455604435000000        480.000000000000     
  0.456254370000000        480.000000000000     
  0.456904305000000        480.000000000000     
  0.457554240000000        480.000000000000     
  0.458204175000000        480.000000000000     
  0.458854110000000        480.000000000000     
  0.459504045000000        480.000000000000     
  0.460153980000000        480.000000000000     
  0.460803915000000        480.000000000000     
  0.461453850000000        480.000000000000     
  0.462103785000000        480.000000000000     
  0.462753720000000        480.000000000000     
  0.463403655000000        480.000000000000     
  0.464053590000000        480.000000000000     
  0.464703525000000        480.000000000000     
  0.465353460000000        480.000000000000     
  0.466003395000000        480.000000000000     
  0.466653330000000        480.000000000000     
  0.467303265000000        480.000000000000     
  0.467953200000000        480.000000000000     
  0.468603135000000        480.000000000000     
  0.469253070000000        480.000000000000     
  0.469903005000000        480.000000000000     
  0.470552940000000        480.000000000000     
  0.471202875000000        480.000000000000     
  0.471852810000000        480.000000000000     
  0.472502745000000        480.000000000000     
  0.473152680000000        480.000000000000     
  0.473802615000000        480.000000000000     
  0.474452550000000        480.000000000000     
  0.475102485000000        480.000000000000     
  0.475752420000000        480.000000000000     
  0.476402355000000        480.000000000000     
  0.477052290000000        480.000000000000     
  0.477702225000000        480.000000000000     
  0.478352160000000        480.000000000000     
  0.479002095000000        480.000000000000     
  0.479652030000000        480.000000000000     
  0.480301965000000        480.000000000000     
  0.480951900000000        480.000000000000     
  0.481601835000000        480.000000000000     
  0.482251770000000        480.000000000000     
  0.482901705000000        480.000000000000     
  0.483551640000000        480.000000000000     
  0.484201575000000        480.000000000000     
  0.484851510000000        480.000000000000     
  0.485501445000000        480.000000000000     
  0.486151380000000        480.000000000000     
  0.486801315000000        480.000000000000     
  0.487451250000000        480.000000000000     
  0.488101185000000        480.000000000000     
  0.488751120000000        480.000000000001     
  0.489401055000000        479.999999999997     
  0.490050990000000        480.000000000012     
  0.490700925000000        479.999999999957     
  0.491350860000000        480.000000000161     
  0.492000795000000        479.999999999399     
  0.492650730000000        480.000000002245     
  0.493300665000000        479.999999991613     
  0.493950600000000        480.000000031329     
  0.494600535000000        479.999999882908     
  0.495250470000000        480.000000437390     
  0.495900405000000        479.999998365249     
  0.496550340000000        480.000006106520     
  0.497200275000000        479.999977188938     
  0.497850210000000        480.000085256191     
  0.498500145000000        479.999681531591     
  0.499150080000000        480.001189620340     
  0.499800015000000        479.995553746184     
  0.500449950000000        479.821807652493     
  0.501099885000000        478.229917362560     
  0.501749820000000        476.550538364689     
  0.502399755000000        474.903454869016     
  0.503049690000000        473.256648960816     
  0.503699625000000        471.618864316052     
  0.504349560000000        469.987415771529     
  0.504999495000000        468.363072528732     
  0.505649430000000        466.745600254294     
  0.506299365000000        465.134993328083     
  0.506949300000000        463.531406176692     
  0.507599235000000        461.934461392761     
  0.508249170000000        460.344307553368     
  0.508899105000000        458.760874582933     
  0.509549040000000        457.184189745898     
  0.510198975000000        455.614116931897     
  0.510848910000000        454.050879589209     
  0.511498845000000        452.494074147781     
  0.512148780000000        450.943845312294     
  0.512798715000000        449.400159337276     
  0.513448650000000        447.862960852761     
  0.514098585000000        446.332379795379     
  0.514748520000000        444.808112462350     
  0.515398455000000        443.290242932563     
  0.516048390000000        441.778727813513     
  0.516698325000000        440.273549222928     
  0.517348260000000        438.774833927885     
  0.517998195000000        437.282252013123     
  0.518648130000000        435.795911282859     
  0.519298065000000        434.315805900054     
  0.519948000000000        432.841826501769     
  0.520597935000000        431.374177813600     
  0.521247870000000        429.912519093228     
  0.521897805000000        428.456916529802     
  0.522547740000000        427.007392691960     
  0.523197675000000        425.563887867619     
  0.523847610000000        424.126351262227     
  0.524497545000000        422.694935398996     
  0.525147480000000        421.269351583230     
  0.525797415000000        419.849648000033     
  0.526447350000000        418.435841671755     
  0.527097285000000        417.027853931119     
  0.527747220000000        415.625833030301     
  0.528397155000000        414.229461506807     
  0.529047090000000        412.838846046066     
  0.529697025000000        411.453976988891     
  0.530346960000000        410.074802631133     
  0.530996895000000        408.701440967305     
  0.531646830000000        407.333579764177     
  0.532296765000000        405.971352688570     
  0.532946700000000        404.614715213043     
  0.533596635000000        403.263657368713     
  0.534246570000000        401.918223336194     
  0.534896505000000        400.578197973069     
  0.535546440000000        399.243659019999     
  0.536196375000000        397.914554053682     
  0.536846310000000        396.590884785281     
  0.537496245000000        395.272610129730     
  0.538146180000000        393.959830502354     
  0.538796115000000        392.652314701028     
  0.539446050000000        391.350071788472     
  0.540095985000000        390.053140938924     
  0.540745920000000        388.761482725591     
  0.541395855000000        387.475168695657     
  0.542045790000000        386.193993917361     
  0.542695725000000        384.917970953178     
  0.543345660000000        383.647139295916     
  0.543995595000000        382.381426687523     
  0.544645530000000        381.120962792945     
  0.545295465000000        379.865491847646     
  0.545945400000000        378.615046914171     
  0.546595335000000        377.369670989630     
  0.547245270000000        376.129295285508     
  0.547895205000000        374.894043380481     
  0.548545140000000        373.663632585639     
  0.549195075000000        372.438187751003     
  0.549845010000000        371.217627388586     
  0.550494945000000        370.002013443146     
  0.551144880000000        368.791218324349     
  0.551794815000000        367.585415679818     
  0.552444750000000        366.384341281641     
  0.553094685000000        365.188046345584     
  0.553744620000000        363.996517571167     
  0.554394555000000        362.809770691844     
  0.555044490000000        361.627843253119     
  0.555694425000000        360.450541292784     
  0.556344360000000        359.277934982914     
  0.556994295000000        358.109972239328     
  0.557644230000000        356.946667503328     
  0.558294165000000        355.788090146271     
  0.558944100000000        354.633988122841     
  0.559594035000000        353.484487935105     
  0.560243970000000        352.339510505902     
  0.560893905000000        351.199098810974     
  0.561543840000000        350.063288309929     
  0.562193775000000        348.931868758835     
  0.562843710000000        347.804894946257     
  0.563493645000000        346.682409309126     
  0.564143580000000        345.564323999332     
  0.564793515000000        344.450654897365     
  0.565443450000000        343.341458826416     
  0.566093385000000        342.236532927693     
  0.566743320000000        341.135962195251     
  0.567393255000000        340.039702465160     
  0.568043190000000        338.947737324821     
  0.568693125000000        337.860149535294     
  0.569343060000000        336.776742497423     
  0.569992995000000        335.697571264969     
  0.570642930000000        334.622616414092     
  0.571292865000000        333.551863463296     
  0.571942800000000        332.485398839208     
  0.572592735000000        331.422994066563     
  0.573242670000000        330.364731144342     
  0.573892605000000        329.310594999519     
  0.574542540000000        328.260539792724     
  0.575192475000000        327.214674382747     
  0.575842410000000        326.172811688618     
  0.576492345000000        325.134974509032     
  0.577142280000000        324.101132794581     
  0.577792215000000        323.071350163564     
  0.578442150000000        322.045535152298     
  0.579092085000000        321.023782641327     
  0.579742020000000        320.005885705008     
  0.580391955000000        318.991910710969     
  0.581041890000000        317.981882592638     
  0.581691825000000        316.975723065559     
  0.582341760000000        315.973563660800     
  0.582991695000000        314.975172161594     
  0.583641630000000        313.980612749973     
  0.584291565000000        312.989876312817     
  0.584941500000000        312.002946778863     
  0.585591435000000        311.019896684970     
  0.586241370000000        310.040547657835     
  0.586891305000000        309.064946833255     
  0.587541240000000        308.093075859615     
  0.588191175000000        307.124915657825     
  0.588841110000000        306.160577003153     
  0.589491045000000        305.199818618656     
  0.590140980000000        304.242746035118     
  0.590790915000000        303.289308844321     
  0.591440850000000        302.339532301508     
  0.592090785000000        301.393355516836     
  0.592740720000000        300.450868496070     
  0.593390655000000        299.511877549887     
  0.594040590000000        298.576444034809     
  0.594690525000000        297.644587602846     
  0.595340460000000        296.716267081166     
  0.595990395000000        295.791544704017     
  0.596640330000000        294.870256529929     
  0.597290265000000        293.952438164122     
  0.597940200000000        293.038102266167     
  0.598590135000000        292.127240941433     
  0.599240070000000        291.219887084008     
  0.599890005000000        290.315874923439     
  0.600539940000000        289.415269764846     
  0.601189875000000        288.518090544830     
  0.601839810000000        287.624263472383     
  0.602489745000000        286.733878590585     
  0.603139680000000        285.846775915040     
  0.603789615000000        284.962993464805     
  0.604439550000000        284.082540887539     
  0.605089485000000        283.205384140569     
  0.605739420000000        282.331519786491     
  0.606389355000000        281.461003942498     
  0.607039290000000        280.593681135526     
  0.607689225000000        279.729617982087     
  0.608339160000000        278.868765632682     
  0.608989095000000        278.011107819086     
  0.609639030000000        277.156766116799     
  0.610288965000000        276.305535906227     
  0.610938900000000        275.457434281935     
  0.611588835000000        274.612542073660     
  0.612238770000000        273.770760498895     
  0.612888705000000        272.932201945170     
  0.613538640000000        272.096658332272     
  0.614188575000000        271.264244468587     
  0.614838510000000        270.434922812031     
  0.615488445000000        269.608653079044     
  0.616138380000000        268.785457905403     
  0.616788315000000        267.965367103402     
  0.617438250000000        267.148256434850     
  0.618088185000000        266.334161542080     
  0.618738120000000        265.523092825130     
  0.619388055000000        264.714980362152     
  0.620037990000000        263.909933970995     
  0.620687925000000        263.107781850830     
  0.621337860000000        262.308613833387     
  0.621987795000000        261.512352656630     
  0.622637730000000        260.719010020057     
  0.623287665000000        259.928675810914     
  0.623937600000000        259.141176482063     
  0.624587535000000        258.356569465557     
  0.625237470000000        257.574834041002     
  0.625887405000000        256.795963953006     
  0.626537340000000        256.019991885450     
  0.627187275000000        255.246807866177     
  0.627837210000000        254.476454607017     
  0.628487145000000        253.708913917144     
  0.629137080000000        252.944166840917     
  0.629787015000000        252.182204466558     
  0.630436950000000        251.423110612794     
  0.631086885000000        250.666701866120     
  0.631736820000000        249.913045927535     
  0.632386755000000        249.162127881513     
  0.633036690000000        248.413932829725     
  0.633686625000000        247.668528206371     
  0.634336560000000        246.925763753520     
  0.634986495000000        246.185691071566     
  0.635636430000000        245.448308795555     
  0.636286365000000        244.713592691842     
  0.636936300000000        243.981587715120     
  0.637586235000000        243.252176187488     
  0.638236170000000        242.525399399132     
  0.638886105000000        241.801248925193     
  0.639536040000000        241.079704477163     
  0.640185975000000        240.360823142062     
  0.640835910000000        239.644476354215     
  0.641485845000000        238.930717169201     
  0.642135780000000        238.219511643718     
  0.642785715000000        237.510867222656     
  0.643435650000000        236.804768151571     
  0.644085585000000        236.101256487470     
  0.644735520000000        235.400216724235     
  0.645385455000000        234.701690673648     
  0.646035390000000        234.005670203223     
  0.646685325000000        233.312132167054     
  0.647335260000000        232.621132964994     
  0.647985195000000        231.932564106698     
  0.648635130000000        231.246431602490     
  0.649285065000000        230.562757736356     
  0.649935000000000        229.881520971149     
  0.650584935000000        229.202775700334     
  0.651234870000000        228.526388239226     
  0.651884805000000        227.852403180256     
  0.652534740000000        227.180818170643     
  0.653184675000000        226.511608485973     
  0.653834610000000        225.844857887818     
  0.654484545000000        225.180407269404     
  0.655134480000000        224.518295727773     
  0.655784415000000        223.858552037264     
  0.656434350000000        223.201131422853     
  0.657084285000000        222.546039152824     
  0.657734220000000        221.893329531149     
  0.658384155000000        221.242873019779     
  0.659034090000000        220.594697063427     
  0.659684025000000        219.948829449496     
  0.660333960000000        219.305215501179     
  0.660983895000000        218.663936864584     
  0.661633830000000        218.024863881555     
  0.662283765000000        217.388044040937     
  0.662933700000000        216.753456824993     
  0.663583635000000        216.121089720778     
  0.664233570000000        215.491012924410     
  0.664883505000000        214.863097392621     
  0.665533440000000        214.237373676593     
  0.666183375000000        213.613849372289     
  0.666833310000000        212.992504076744     
  0.667483245000000        212.373385410200     
  0.668133180000000        211.756381985141     
  0.668783115000000        211.141540097808     
  0.669433050000000        210.528837812532     
  0.670082985000000        209.918271066073     
  0.670732920000000        209.309837040925     
  0.671382855000000        208.703583126179     
  0.672032790000000        208.099387135861     
  0.672682725000000        207.497288376011     
  0.673332660000000        206.897285244400     
  0.673982595000000        206.299366023432     
  0.674632530000000        205.703581816871     
  0.675282465000000        205.109809876564     
  0.675932400000000        204.518090093285     
  0.676582335000000        203.928433387687     
  0.677232270000000        203.340818554708     
  0.677882205000000        202.755274838982     
  0.678532140000000        202.171725920100     
  0.679182075000000        201.590188356608     
  0.679832010000000        201.010653145319     
  0.680481945000000        200.433109156994     
  0.681131880000000        199.857621293198     
  0.681781815000000        199.284070881545     
  0.682431750000000        198.712499408800     
  0.683081685000000        198.142882317058     
  0.683731620000000        197.575234404944     
  0.684381555000000        197.009522777531     
  0.685031490000000        196.445814987463     
  0.685681425000000        195.884002466744     
  0.686331360000000        195.324105594802     
  0.686981295000000        194.766134758594     
  0.687631230000000        194.210067746632     
  0.688281165000000        193.655960711445     
  0.688931100000000        193.103702373616     
  0.689581035000000        192.553329496027     
  0.690230970000000        192.004837277042     
  0.690880905000000        191.458216475251     
  0.691530840000000        190.913511905466     
  0.692180775000000        190.370623818619     
  0.692830710000000        189.829576383547     
  0.693480645000000        189.290379256868     
  0.694130580000000        188.753008146563     
  0.694780515000000        188.217520961306     
  0.695430450000000        187.683805273156     
  0.696080385000000        187.151901278300     
  0.696730320000000        186.621799697947     
  0.697380255000000        186.093498448731     
  0.698030190000000        185.566979110155     
  0.698680125000000        185.042310839225     
  0.699330060000000        184.519358563627     
  0.699979995000000        183.998181083695     
  0.700629930000000        183.478765087240     
  0.701279865000000        182.961097893313     
  0.701929800000000        182.445236560503     
  0.702579735000000        181.931059782382     
  0.703229670000000        181.418612202474     
  0.703879605000000        180.907909905722     
  0.704529540000000        180.398914172729     
  0.705179475000000        179.891674909899     
  0.705829410000000        179.386103049705     
  0.706479345000000        178.882235207293     
  0.707129280000000        178.380051213010     
  0.707779215000000        177.879553834144     
  0.708429150000000        177.380784252732     
  0.709079085000000        176.883653809856     
  0.709729020000000        176.388167794132     
  0.710378955000000        175.894343428847     
  0.711028890000000        175.402185167481     
  0.711678825000000        174.911656759523     
  0.712328760000000        174.422821289220     
  0.712978695000000        173.935581315292     
  0.713628630000000        173.449954423523     
  0.714278565000000        172.965944879391     
  0.714928500000000        172.483565215355     
  0.715578435000000        172.002821185751     
  0.716228370000000        171.523639532988     
  0.716878305000000        171.046053015266     
  0.717528240000000        170.570059678622     
  0.718178175000000        170.095632506164     
  0.718828110000000        169.622837557514     
  0.719478045000000        169.151562459773     
  0.720127980000000        168.681852761329     
  0.720777915000000        168.213687523190     
  0.721427850000000        167.747088927524     
  0.722077785000000        167.282063872959     
  0.722727720000000        166.818555919519     
  0.723377655000000        166.356556206406     
  0.724027590000000        165.896095939864     
  0.724677525000000        165.437149279460     
  0.725327460000000        164.979724359115     
  0.725977395000000        164.523840039854     
  0.726627330000000        164.069429779675     
  0.727277265000000        163.616495419126     
  0.727927200000000        163.165070805115     
  0.728577135000000        162.715126808288     
  0.729227070000000        162.266689918349     
  0.729877005000000        161.819695651926     
  0.730526940000000        161.374176815152     
  0.731176875000000        160.930113158561     
  0.731826810000000        160.487494067159     
  0.732476745000000        160.046365070278     
  0.733126680000000        159.606667760894     
  0.733776615000000        159.168386290004     
  0.734426550000000        158.731538856865     
  0.735076485000000        158.296123832799     
  0.735726420000000        157.862168805673     
  0.736376355000000        157.429599157394     
  0.737026290000000        156.998428957562     
  0.737676225000000        156.568664523805     
  0.738326160000000        156.140302459274     
  0.738976095000000        155.713343074499     
  0.739626030000000        155.287798777638     
  0.740275965000000        154.863607253111     
  0.740925900000000        154.440800647511     
  0.741575835000000        154.019355085475     
  0.742225770000000        153.599277386326     
  0.742875705000000        153.180615147669     
  0.743525640000000        152.763263016816     
  0.744175575000000        152.347263059471     
  0.744825510000000        151.932609618726     
  0.745475445000000        151.519293841847     
  0.746125380000000        151.107361179030     
  0.746775315000000        150.696723984470     
  0.747425250000000        150.287409333388     
  0.748075185000000        149.879410332125     
  0.748725120000000        149.472734851460     
  0.749375055000000        149.067395830560     
  0.750024990000000        148.663336057494     
  0.750674925000000        148.260584308125     
  0.751324860000000        147.859117130405     
  0.751974795000000        147.458946382359     
  0.752624730000000        147.060055400661     
  0.753274665000000        146.662482613857     
  0.753924600000000        146.266162722730     
  0.754574535000000        145.871103451877     
  0.755224470000000        145.477314184726     
  0.755874405000000        145.084772455624     
  0.756524340000000        144.693531997547     
  0.757174275000000        144.303530803398     
  0.757824210000000        143.914746621369     
  0.758474145000000        143.527226951171     
  0.759124080000000        143.140929084414     
  0.759774015000000        142.755901828015     
  0.760423950000000        142.372081139472     
  0.761073885000000        141.989476153603     
  0.761723820000000        141.608095627989     
  0.762373755000000        141.227916798020     
  0.763023690000000        140.848992497175     
  0.763673625000000        140.471248379438     
  0.764323560000000        140.094687674342     
  0.764973495000000        139.719333025078     
  0.765623430000000        139.345172356031     
  0.766273365000000        138.972180863252     
  0.766923300000000        138.600430663671     
  0.767573235000000        138.229814111430     
  0.768223170000000        137.860365262054     
  0.768873105000000        137.492093669520     
  0.769523040000000        137.124994505955     
  0.770172975000000        136.759077538066     
  0.770822910000000        136.394287555823     
  0.771472845000000        136.030654824981     
  0.772122780000000        135.668168459160     
  0.772772715000000        135.306824776988     
  0.773422650000000        134.946643593863     
  0.774072585000000        134.587578261349     
  0.774722520000000        134.229638428173     
  0.775372455000000        133.872830641997     
  0.776022390000000        133.517133233217     
  0.776672325000000        133.162597154343     
  0.777322260000000        132.809150350957     
  0.777972195000000        132.456796896229     
  0.778622130000000        132.105558206383     
  0.779272065000000        131.755419457682     
  0.779922000000000        131.406376510290     
  0.780571935000000        131.058451841585     
  0.781221870000000        130.711596404439     
  0.781871805000000        130.365820723224     
  0.782521740000000        130.021131797343     
  0.783171675000000        129.677507082520     
  0.783821610000000        129.334998084619     
  0.784471545000000        128.993530826352     
  0.785121480000000        128.653128705885     
  0.785771415000000        128.313780994386     
  0.786421350000000        127.975490408240     
  0.787071285000000        127.638285895591     
  0.787721220000000        127.302107044949     
  0.788371155000000        126.966970549248     
  0.789021090000000        126.632872980758     
  0.789671025000000        126.299809926982     
  0.790320960000000        125.967817155053     
  0.790970895000000        125.636827683513     
  0.791620830000000        125.306865754139     
  0.792270765000000        124.977918366072     
  0.792920700000000        124.650001304732     
  0.793570635000000        124.323090940277     
  0.794220570000000        123.997224160994     
  0.794870505000000        123.672341761350     
  0.795520440000000        123.348452802420     
  0.796170375000000        123.025573920097     
  0.796820310000000        122.703683053399     
  0.797470245000000        122.382823436307     
  0.798120180000000        122.062922990787     
  0.798770115000000        121.744010178131     
  0.799420050000000        121.426076168072     
  0.800069985000000        121.109123269477     
  0.800719920000000        120.793169742347     
  0.801369855000000        120.478168610271     
  0.802019790000000        120.164125409444     
  0.802669725000000        119.851058964429     
  0.803319660000000        119.538946431861     
  0.803969595000000        119.227815096279     
  0.804619530000000        118.917620925181     
  0.805269465000000        118.608370341542     
  0.805919400000000        118.300072924915     
  0.806569335000000        117.992716852552     
  0.807219270000000        117.686295600002     
  0.807869205000000        117.380842164529     
  0.808519140000000        117.076302957327     
  0.809169075000000        116.772691775564     
  0.809819010000000        116.470005859433     
  0.810468945000000        116.168239574333     
  0.811118880000000        115.867418989101     
  0.811768815000000        115.567495652402     
  0.812418750000000        115.268486483987     
  0.813068685000000        114.970386711035     
  0.813718620000000        114.673191434084     
  0.814368555000000        114.376925916697     
  0.815018490000000        114.081537276955     
  0.815668425000000        113.787045151882     
  0.816318360000000        113.493448311679     
  0.816968295000000        113.200740488271     
  0.817618230000000        112.908945392280     
  0.818268165000000        112.618021581475     
  0.818918100000000        112.327964073699     
  0.819568035000000        112.038790760587     
  0.820217970000000        111.750497872030     
  0.820867905000000        111.463064079975     
  0.821517840000000        111.176534584537     
  0.822167775000000        110.890846020245     
  0.822817710000000        110.606014844588     
  0.823467645000000        110.322048466535     
  0.824117580000000        110.038933784434     
  0.824767515000000        109.756700377350     
  0.825417450000000        109.475299861311     
  0.826067385000000        109.194736472952     
  0.826717320000000        108.915019416125     
  0.827367255000000        108.636148148610     
  0.828017190000000        108.358136024782     
  0.828667125000000        108.080940103820     
  0.829317060000000        107.804571995982     
  0.829966995000000        107.529038834986     
  0.830616930000000        107.254326043603     
  0.831266865000000        106.980464318493     
  0.831916800000000        106.707397689388     
  0.832566735000000        106.435151758670     
  0.833216670000000        106.163715236179     
  0.833866605000000        105.893095587358     
  0.834516540000000        105.623282466355     
  0.835166475000000        105.354303801805     
  0.835816410000000        105.086106314054     
  0.836466345000000        104.818706002885     
  0.837116280000000        104.552108062448     
  0.837766215000000        104.286302530249     
  0.838416150000000        104.021307306870     
  0.839066085000000        103.757084387648     
  0.839716020000000        103.493652280284     
  0.840365955000000        103.231001531303     
  0.841015890000000        102.969125379604     
  0.841665825000000        102.708051887939     
  0.842315760000000        102.447744439831     
  0.842965695000000        102.188198231509     
  0.843615630000000        101.929422332628     
  0.844265565000000        101.671414113170     
  0.844915500000000        101.414202977545     
  0.845565435000000        101.157728144963     
  0.846215370000000        100.902003691024     
  0.846865305000000        100.647042897493     
  0.847515240000000        100.392838484675     
  0.848165175000000        100.139388252353     
  0.848815110000000        99.8867014482814     
  0.849465045000000        99.6347508063353     
  0.850114980000000        99.3835299403516     
  0.850764915000000        99.1330567546338     
  0.851414850000000        98.8833221544507     
  0.852064785000000        98.6343517758047     
  0.852714720000000        98.3860884138135     
  0.853364655000000        98.1385518309850     
  0.854014590000000        97.8917502874075     
  0.854664525000000        97.6456713726780     
  0.855314460000000        97.4003410442587     
  0.855964395000000        97.1557087702726     
  0.856614330000000        96.9117978201424     
  0.857264265000000        96.6685991879858     
  0.857914200000000        96.4261137743344     
  0.858564135000000        96.1843627217559     
  0.859214070000000        95.9433016388121     
  0.859864005000000        95.7029471064738     
  0.860513940000000        95.4632968056105     
  0.861163875000000        95.2243398082859     
  0.861813810000000        94.9860903826146     
  0.862463745000000        94.7485515402557     
  0.863113680000000        94.5116954172369     
  0.863763615000000        94.2755235578553     
  0.864413550000000        94.0400469201496     
  0.865063485000000        93.8052477602710     
  0.865713420000000        93.5711637718156     
  0.866363355000000        93.3377438105827     
  0.867013290000000        93.1049904386770     
  0.867663225000000        92.8729237984507     
  0.868313160000000        92.6415362668556     
  0.868963095000000        92.4108343413661     
  0.869613030000000        92.1807929189701     
  0.870262965000000        91.9514132061464     
  0.870912900000000        91.7226987033801     
  0.871562835000000        91.4946446420508     
  0.872212770000000        91.2672845005107     
  0.872862705000000        91.0405563817869     
  0.873512640000000        90.8144877739834     
  0.874162575000000        90.5890700447215     
  0.874812510000000        90.3643066628703     
  0.875462445000000        90.1401991435236     
  0.876112380000000        89.9167543450674     
  0.876762315000000        89.6939406035856     
  0.877412250000000        89.4717643592821     
  0.878062185000000        89.2502378071841     
  0.878712120000000        89.0293434993065     
  0.879362055000000        88.8091101986534     
  0.880011990000000        88.5894945731231     
  0.880661925000000        88.3705077811919     
  0.881311860000000        88.1521564955808     
  0.881961795000000        87.9344291785114     
  0.882611730000000        87.7173479275131     
  0.883261665000000        87.5008756822717     
  0.883911600000000        87.2850256188142     
  0.884561535000000        87.0697960121576     
  0.885211470000000        86.8551816262946     
  0.885861405000000        86.6412062838851     
  0.886511340000000        86.4278249819603     
  0.887161275000000        86.2150581438834     
  0.887811210000000        86.0028964377798     
  0.888461145000000        85.7913436917424     
  0.889111080000000        85.5804005179792     
  0.889761015000000        85.3700726988290     
  0.890410950000000        85.1603386778915     
  0.891060885000000        84.9511975801982     
  0.891710820000000        84.7426601588130     
  0.892360755000000        84.5347087177423     
  0.893010690000000        84.3273785853586     
  0.893660625000000        84.1206226667444     
  0.894310560000000        83.9144493593630     
  0.894960495000000        83.7088726446014     
  0.895610430000000        83.5038747988034     
  0.896260365000000        83.2994830696530     
  0.896910300000000        83.0956569212146     
  0.897560235000000        82.8924064564026     
  0.898210170000000        82.6897381649436     
  0.898860105000000        82.4876397149002     
  0.899510040000000        82.2861405026807     
  0.900159975000000        82.0851912401410     
  0.900809910000000        81.8848173038063     
  0.901459845000000        81.6850109023168     
  0.902109780000000        81.4857688047992     
  0.902759715000000        81.2870891417904     
  0.903409650000000        81.0889930757743     
  0.904059585000000        80.8914467468419     
  0.904709520000000        80.6944549027684     
  0.905359455000000        80.4980216705885     
  0.906009390000000        80.3021351518133     
  0.906659325000000        80.1068316889599     
  0.907309260000000        79.9120570128343     
  0.907959195000000        79.7178339072569     
  0.908609130000000        79.5241632195239     
  0.909259065000000        79.3310319001517     
  0.909909000000000        79.1384685460367     
  0.910558935000000        78.9464253921515     
  0.911208870000000        78.7549273330910     
  0.911858805000000        78.5639658133192     
  0.912508740000000        78.3735431500739     
  0.913158675000000        78.1836737695978     
  0.913808610000000        77.9943236656635     
  0.914458545000000        77.8055050868971     
  0.915108480000000        77.6172136828656     
  0.915758415000000        77.4294570756166     
  0.916408350000000        77.2422174570726     
  0.917058285000000        77.0555292158716     
  0.917708220000000        76.8693466394453     
  0.918358155000000        76.6836874504140     
  0.919008090000000        76.4985414094892     
  0.919658025000000        76.3139183369478     
  0.920307960000000        76.1298257087990     
  0.920957895000000        75.9462372289026     
  0.921607830000000        75.7631579334285     
  0.922257765000000        75.5805904445342     
  0.922907700000000        75.3985321494959     
  0.923557635000000        75.2170030325799     
  0.924207570000000        75.0359637815327     
  0.924857505000000        74.8554328418536     
  0.925507440000000        74.6753999281881     
  0.926157375000000        74.4958679982102     
  0.926807310000000        74.3168494915919     
  0.927457245000000        74.1383205141090     
  0.928107180000000        73.9602854628272     
  0.928757115000000        73.7827465567016     
  0.929407050000000        73.6057046867125     
  0.930056985000000        73.4291488825990     
  0.930706920000000        73.2531064806077     
  0.931356855000000        73.0775317156932     
  0.932006790000000        72.9024488588462     
  0.932656725000000        72.7278503108940     
  0.933306660000000        72.5537287599310     
  0.933956595000000        72.3801121562048     
  0.934606530000000        72.2069647495230     
  0.935256465000000        72.0342864799270     
  0.935906400000000        71.8620977915501     
  0.936556335000000        71.6903740382506     
  0.937206270000000        71.5191453276939     
  0.937856205000000        71.3483785274555     
  0.938506140000000        71.1780812442575     
  0.939156075000000        71.0082584401667     
  0.939806010000000        70.8389000786428     
  0.940455945000000        70.6700229320843     
  0.941105880000000        70.5015986561272     
  0.941755815000000        70.3336367962153     
  0.942405750000000        70.1661413873345     
  0.943055685000000        69.9991039994435     
  0.943705620000000        69.8325307968751     
  0.944355555000000        69.6664238582272     
  0.945005490000000        69.5007688708431     
  0.945655425000000        69.3355626468084     
  0.946305360000000        69.1708154239080     
  0.946955295000000        69.0065086309009     
  0.947605230000000        68.8426816182786     
  0.948255165000000        68.6792882503999     
  0.948905100000000        68.5163322321581     
  0.949555035000000        68.3538355636486     
  0.950204970000000        68.1917732890294     
  0.950854905000000        68.0301750928331     
  0.951504840000000        67.8690082124981     
  0.952154775000000        67.7082815577857     
  0.952804710000000        67.5479908963058     
  0.953454645000000        67.3881403889150     
  0.954104580000000        67.2287411672694     
  0.954754515000000        67.0697643938192     
  0.955404450000000        66.9112209357576     
  0.956054385000000        66.7531041848417     
  0.956704320000000        66.5954302644620     
  0.957354255000000        66.4381763335997     
  0.958004190000000        66.2813697537311     
  0.958654125000000        66.1249814463519     
  0.959304060000000        65.9690084589191     
  0.959953995000000        65.8134717520307     
  0.960603930000000        65.6583470024701     
  0.961253865000000        65.5036617088216     
  0.961903800000000        65.3493937529613     
  0.962553735000000        65.1955359918488     
  0.963203670000000        65.0420984194240     
  0.963853605000000        64.8890711709299     
  0.964503540000000        64.7364781111314     
  0.965153475000000        64.5842856159845     
  0.965803410000000        64.4325101554170     
  0.966453345000000        64.2811416605445     
  0.967103280000000        64.1301819703218     
  0.967753215000000        63.9796455456491     
  0.968403150000000        63.8295063623880     
  0.969053085000000        63.6797690885156     
  0.969703020000000        63.5304403361319     
  0.970352955000000        63.3815131342876     
  0.971002890000000        63.2329882887941     
  0.971652825000000        63.0848784893473     
  0.972302760000000        62.9371586583599     
  0.972952695000000        62.7898325661909     
  0.973602630000000        62.6429082925534     
  0.974252565000000        62.4963760066274     
  0.974902500000000        62.3502537071671     
  0.975552435000000        62.2045140777836     
  0.976202370000000        62.0591645339958     
  0.976852305000000        61.9142097085998     
  0.977502240000000        61.7696383666999     
  0.978152175000000        61.6254730347048     
  0.978802110000000        61.4816873275473     
  0.979452045000000        61.3382805940317     
  0.980101980000000        61.1952635258457     
  0.980751915000000        61.0526267360166     
  0.981401850000000        60.9103890762940     
  0.982051785000000        60.7685185361764     
  0.982701720000000        60.6270306615269     
  0.983351655000000        60.4859182756542     
  0.984001590000000        60.3451861892787     
  0.984651525000000        60.2048314700815     
  0.985301460000000        60.0648640930471     
  0.985951395000000        59.9252602468652     
  0.986601330000000        59.7860273411904     
  0.987251265000000        59.6471697294343     
  0.987901200000000        59.5086809611396     
  0.988551135000000        59.3705750300880     
  0.989201070000000        59.2328294177737     
  0.989851005000000        59.0954475844220     
  0.990500940000000        58.9584330874989     
  0.991150875000000        58.8217830056027     
  0.991800810000000        58.6855127512133     
  0.992450745000000        58.5495911226424     
  0.993100680000000        58.4140327056736     
  0.993750615000000        58.2788352508419     
  0.994400550000000        58.1439935981712     
  0.995050485000000        58.0095278821755     
  0.995700420000000        57.8754072061593     
  0.996350355000000        57.7416428855144     
  0.997000290000000        57.6082304785153     
  0.997650225000000        57.4751759683448     
  0.998300160000000        57.3424719869392     
  0.998950095000000        57.2101350422936     
  0.999600030000000        57.0781365324933     
   1.00024996500000        56.9464879647605     
   1.00089990000000        56.8152032768170     
   1.00154983500000        56.6842372129120     
   1.00219977000000        56.5536409055941     
   1.00284970500000        56.4233739550233     
   1.00349964000000        56.2934684941148     
   1.00414957500000        56.1639100514830     
   1.00479951000000        56.0346712525164     
   1.00544944500000        55.9057947651986     
   1.00609938000000        55.7772415235420     
   1.00674931500000        55.6490396974500     
   1.00739925000000        55.5211857426122     
   1.00804918500000        55.3936460413225     
   1.00869912000000        55.2664598214363     
   1.00934905500000        55.1395929859549     
   1.00999899000000        55.0130751958199     
   1.01064892500000        54.8869010437355     
   1.01129886000000        54.7610270810011     
   1.01194879500000        54.6355110144293     
   1.01259873000000        54.5103052141107     
   1.01324866500000        54.3854428890648     
   1.01389860000000        54.2609205376586     
   1.01454853500000        54.1366968225193     
   1.01519847000000        54.0128227179230     
   1.01584840500000        53.8892474080143     
   1.01649834000000        53.7660202208334     
   1.01714827500000        53.6431000055878     
   1.01779821000000        53.5205158268819     
   1.01844814500000        53.3982636149440     
   1.01909808000000        53.2763032439476     
   1.01974801500000        53.1546833006024     
   1.02039795000000        53.0333638948623     
   1.02104788500000        52.9123748693513     
   1.02169782000000        52.7917130824902     
   1.02234775500000        52.6713436223615     
   1.02299769000000        52.5513078485287     
   1.02364762500000        52.4315660062826     
   1.02429756000000        52.3121527606555     
   1.02494749500000        52.1930580918559     
   1.02559743000000        52.0742490426733     
   1.02624736500000        51.9557734779328     
   1.02689730000000        51.8375848426530     
   1.02754723500000        51.7197242544545     
   1.02819717000000        51.6021734837422     
   1.02884710500000        51.4849055223728     
   1.02949704000000        51.3679661822291     
   1.03014697500000        51.2513079958220     
   1.03079691000000        51.1349729440444     
   1.03144684500000        51.0189483264647     
   1.03209678000000        50.9031963499234     
   1.03274671500000        50.7877688284877     
   1.03339665000000        50.6726221019508     
   1.03404658500000        50.5577891542253     
   1.03469652000000        50.4432632826439     
   1.03534645500000        50.3290076452927     
   1.03599639000000        50.2150681693949     
   1.03664632500000        50.1014091236804     
   1.03729626000000        49.9880587764667     
   1.03794619500000        49.8750096383326     
   1.03859613000000        49.7622253213586     
   1.03924606500000        49.6497543896676     
   1.03989600000000        49.5375610619290     
   1.04054593500000        49.4256682583560     
   1.04119587000000        49.3140761613747     
   1.04184580500000        49.2027436518672     
   1.04249574000000        49.0917230864289     
   1.04314567500000        48.9809667687701     
   1.04379561000000        48.8705143401816     
   1.04444554500000        48.7603317583398     
   1.04509548000000        48.6504494524003     
   1.04574541500000        48.5408573290687     
   1.04639535000000        48.4315203873097     
   1.04704528500000        48.3224878093421     
   1.04769522000000        48.2137159967405     
   1.04834515500000        48.1052413130506     
   1.04899509000000        47.9970527998126     
   1.04964502500000        47.8891203489034     
   1.05029496000000        47.7814809756183     
   1.05094489500000        47.6741031057808     
   1.05159483000000        47.5670141029654     
   1.05224476500000        47.4602086485799     
   1.05289470000000        47.3536539503125     
   1.05354463500000        47.2473912392202     
   1.05419457000000        47.1413875966424     
   1.05484450500000        47.0356649740240     
   1.05549444000000        46.9302225705410     
   1.05614437500000        46.8250304120724     
   1.05679431000000        46.7201211482161     
   1.05744424500000        46.6154680779272     
   1.05809418000000        46.5110924450855     
   1.05874411500000        46.4069930804938     
   1.05939405000000        46.3031401519090     
   1.06004398500000        46.1995679453703     
   1.06069392000000        46.0962466173327     
   1.06134385500000        45.9932011655266     
   1.06199379000000        45.8904224969808     
   1.06264372500000        45.7878892825957     
   1.06329366000000        45.6856334396105     
   1.06394359500000        45.5836251846083     
   1.06459353000000        45.4818858577392     
   1.06524346500000        45.3804157518155     
   1.06589340000000        45.2791795780406     
   1.06654333500000        45.1782199690392     
   1.06719327000000        45.0775055732519     
   1.06784320500000        44.9770558918545     
   1.06849314000000        44.8768715264911     
   1.06914307500000        44.7769189539985     
   1.06979301000000        44.6772380885692     
   1.07044294500000        44.5777961426854     
   1.07109288000000        44.4786191767128     
   1.07174281500000        44.3796822607085     
   1.07239275000000        44.2810105301659     
   1.07304268500000        44.1825935772404     
   1.07369262000000        44.0844035738441     
   1.07434255500000        43.9864816044987     
   1.07499249000000        43.8887933370843     
   1.07564242500000        43.7913640422365     
   1.07629236000000        43.6941865585819     
   1.07694229500000        43.5972367087858     
   1.07759223000000        43.5005475010236     
   1.07824216500000        43.4040913680920     
   1.07889210000000        43.3078889214160     
   1.07954203500000        43.2119344194593     
   1.08019197000000        43.1162055519942     
   1.08084190500000        43.0207339429320     
   1.08149184000000        42.9254878540534     
   1.08214177500000        42.8304941983947     
   1.08279171000000        42.7357468436388     
   1.08344164500000        42.6412206404277     
   1.08409158000000        42.5469453322223     
   1.08474151500000        42.4528972155109     
   1.08539145000000        42.3590943883257     
   1.08604138500000        42.2655372380406     
   1.08669132000000        42.1721943361320     
   1.08734125500000        42.0791024725985     
   1.08799119000000        41.9862342300823     
   1.08864112500000        41.8936051688129     
   1.08929106000000        41.8012193260429     
   1.08994099500000        41.7090437921296     
   1.09059093000000        41.6171199160561     
   1.09124086500000        41.5254084317571     
   1.09189080000000        41.4339394338897     
   1.09254073500000        41.3427102797501     
   1.09319067000000        41.2516863699954     
   1.09384060500000        41.1609068103902     
   1.09449054000000        41.0703431985656     
   1.09514047500000        40.9800163458917     
   1.09579041000000        40.8899201873771     
   1.09644034500000        40.8000336030476     
   1.09709028000000        40.7103884709885     
   1.09774021500000        40.6209499721883     
   1.09839015000000        40.5317526160942     
   1.09904008500000        40.4427617330504     
   1.09969002000000        40.3540060139273     
   1.10033995500000        40.2654782912154     
   1.10098989000000        40.1771531240035     
   1.10163982500000        40.0890639094002     
   1.10228976000000        40.0011829313897     
   1.10293969500000        39.9135296685112     
   1.10358963000000        39.8261001768964     
   1.10423956500000        39.7388739439864     
   1.10488950000000        39.6518767648280     
   1.10553943500000        39.5650830933827     
   1.10618937000000        39.4785179612950     
   1.10683930500000        39.3921748530402     
   1.10748924000000        39.3060287760662     
   1.10813917500000        39.2201109803430     
   1.10878911000000        39.1343936484077     
   1.10943904500000        39.0489009861724     
   1.11008898000000        38.9636240344348     
   1.11073891500000        38.8785422027645     
   1.11138885000000        38.7936874471981     
   1.11203878500000        38.7090309109226     
   1.11268872000000        38.6245954497460     
   1.11333865500000        38.5403713559778     
   1.11398859000000        38.4563427325525     
   1.11463852500000        38.3725350697264     
   1.11528846000000        38.2889241308562     
   1.11593839500000        38.2055289898868     
   1.11658833000000        38.1223462472022     
   1.11723826500000        38.0393522998820     
   1.11788820000000        37.9565781213393     
   1.11853813500000        37.8739977708467     
   1.11918807000000        37.7916303916040     
   1.11983800500000        37.7094701774067     
   1.12048794000000        37.6274987906084     
   1.12113787500000        37.5457425855629     
   1.12178781000000        37.4641768125488     
   1.12243774500000        37.3828241474845     
   1.12308768000000        37.3016753716965     
   1.12373761500000        37.2207113763903     
   1.12438755000000        37.1399600807115     
   1.12503748500000        37.0593943952684     
   1.12568742000000        36.9790377009834     
   1.12633735500000        36.8988725227830     
   1.12698729000000        36.8189127630022     
   1.12763722500000        36.7391561902559     
   1.12828716000000        36.6595782972078     
   1.12893709500000        36.5802074894173     
   1.12958703000000        36.5010235439443     
   1.13023696500000        36.4220392820724     
   1.13088690000000        36.3432589476439     
   1.13153683500000        36.2646542455009     
   1.13218677000000        36.1862562443306     
   1.13283670500000        36.1080412601209     
   1.13348664000000        36.0300277667563     
   1.13413657500000        35.9522050864952     
   1.13478651000000        35.8745606563129     
   1.13543644500000        35.7971208301311     
   1.13608638000000        35.7198601964085     
   1.13673631500000        35.6427962448764     
   1.13738625000000        35.5659279939042     
   1.13803618500000        35.4892308314275     
   1.13868612000000        35.4127360874866     
   1.13933605500000        35.3364143495882     
   1.13998599000000        35.2602922457148     
   1.14063592500000        35.1843594224628     
   1.14128586000000        35.1085970510440     
   1.14193579500000        35.0330308740920     
   1.14258573000000        34.9576396846110     
   1.14323566500000        34.8824419049474     
   1.14388560000000        34.8074304756586     
   1.14453553500000        34.7325912082640     
   1.14518547000000        34.6579453561614     
   1.14583540500000        34.5834664710318     
   1.14648534000000        34.5091832513197     
   1.14713527500000        34.4350856043782     
   1.14778521000000        34.3611517089514     
   1.14843514500000        34.2874078019622     
   1.14908508000000        34.2138369752238     
   1.14973501500000        34.1404514270278     
   1.15038495000000        34.0672530912937     
   1.15103488500000        33.9942165047744     
   1.15168482000000        33.9213667802234     
   1.15233475500000        33.8486849075266     
   1.15298469000000        33.7761886639128     
   1.15363462500000        33.7038619869778     
   1.15428456000000        33.6317170270512     
   1.15493449500000        33.5597510032873     
   1.15558443000000        33.4879500922439     
   1.15623436500000        33.4163294627193     
   1.15688430000000        33.3448761208610     
   1.15753423500000        33.2736036507062     
   1.15818417000000        33.2025082525841     
   1.15883410500000        33.1315699042398     
   1.15948404000000        33.0608147643633     
   1.16013397500000        32.9902209340232     
   1.16078391000000        32.9198071816775     
   1.16143384500000        32.8495703418801     
   1.16208378000000        32.7794861897909     
   1.16273371500000        32.7095816666347     
   1.16338365000000        32.6398387216802     
   1.16403358500000        32.5702720631597     
   1.16468352000000        32.5008819565070     
   1.16533345500000        32.4316422230035     
   1.16598339000000        32.3625813829940     
   1.16663332500000        32.2936736656750     
   1.16728326000000        32.2249421332111     
   1.16793319500000        32.1563839765941     
   1.16858313000000        32.0879758958668     
   1.16923306500000        32.0197428576878     
   1.16988300000000        31.9516656675786     
   1.17053293500000        31.8837594827533     
   1.17118287000000        31.8160205398044     
   1.17183280500000        31.7484324079115     
   1.17248274000000        31.6810180190061     
   1.17313267500000        31.6137556480074     
   1.17378261000000        31.5466637422238     
   1.17443254500000        31.4797367990095     
   1.17508248000000        31.4129578502008     
   1.17573241500000        31.3463493477244     
   1.17638235000000        31.2798921617919     
   1.17703228500000        31.2136016219773     
   1.17768222000000        31.1474757087010     
   1.17833215500000        31.0814945719501     
   1.17898209000000        31.0156825500916     
   1.17963202500000        30.9500189453333     
   1.18028196000000        30.8845205816147     
   1.18093189500000        30.8191718975752     
   1.18158183000000        30.7539860749883     
   1.18223176500000        30.6889626359468     
   1.18288170000000        30.6240808088510     
   1.18353163500000        30.5593638542798     
   1.18418157000000        30.4947936698622     
   1.18483150500000        30.4303852105201     
   1.18548144000000        30.3661346652516     
   1.18613137500000        30.3020252369021     
   1.18678131000000        30.2380790006203     
   1.18743124500000        30.1742778473281     
   1.18808118000000        30.1106354379359     
   1.18873111500000        30.0471499999975     
   1.18938105000000        29.9838012763194     
   1.19003098500000        29.9206140188607     
   1.19068092000000        29.8575703823561     
   1.19133085500000        29.7946834902934     
   1.19198079000000        29.7319513043484     
   1.19263072500000        29.6693569424165     
   1.19328066000000        29.6069203333065     
   1.19393059500000        29.5446216007069     
   1.19458053000000        29.4824821641447     
   1.19523046500000        29.4204926015176     
   1.19588040000000        29.3586400878592     
   1.19653033500000        29.2969435449456     
   1.19718027000000        29.2353845830747     
   1.19783020500000        29.1739779650597     
   1.19848014000000        29.1127233712598     
   1.19913007500000        29.0516003045140     
   1.19978001000000        28.9906339122430     
   1.20042994500000        28.9298021591653     
   1.20107988000000        28.8691220837229     
   1.20172981500000        28.8085916665315     
   1.20237975000000        28.7481917899816     
   1.20302968500000        28.6879439583228     
   1.20367962000000        28.6278310043544     
   1.20432955500000        28.5678685153393     
   1.20497949000000        28.5080517845518     
   1.20562942500000        28.4483636173893     
   1.20627936000000        28.3888263246385     
   1.20692929500000        28.3294212431878     
   1.20757923000000        28.2701650054909     
   1.20822916500000        28.2110425620661     
   1.20887910000000        28.1520649045947     
   1.20952903500000        28.0932319791565     
   1.21017897000000        28.0345265824077     
   1.21082890500000        27.9759680041482     
   1.21147884000000        27.9175401093029     
   1.21212877500000        27.8592558482721     
   1.21277871000000        27.8011137936043     
   1.21342864500000        27.7430969991741     
   1.21407858000000        27.6852268632133     
   1.21472851500000        27.6274861458095     
   1.21537845000000        27.5698858053371     
   1.21602838500000        27.5124266080026     
   1.21667832000000        27.4550902544887     
   1.21732825500000        27.3978993939978     
   1.21797819000000        27.3408340367384     
   1.21862812500000        27.2839105249380     
   1.21927806000000        27.2271253757361     
   1.21992799500000        27.1704595759961     
   1.22057793000000        27.1139381043293     
   1.22122786500000        27.0575416208263     
   1.22187780000000        27.0012842531613     
   1.22252773500000        26.9451627161373     
   1.22317767000000        26.8891608823335     
   1.22382760500000        26.8332999232240     
   1.22447754000000        26.7775622683236     
   1.22512747500000        26.7219630878808     
   1.22577741000000        26.6664970235016     
   1.22642734500000        26.6111496374311     
   1.22707728000000        26.5559410617107     
   1.22772721500000        26.5008543762699     
   1.22837715000000        26.4459020179497     
   1.22902708500000        26.3910830083657     
   1.22967702000000        26.3363826097544     
   1.23032695500000        26.2818167305039     
   1.23097689000000        26.2273701393404     
   1.23162682500000        26.1730619771989     
   1.23227676000000        26.1188706573196     
   1.23292669500000        26.0648124575859     
   1.23357663000000        26.0108865874597     
   1.23422656500000        25.9570736737834     
   1.23487650000000        25.9033960776287     
   1.23552643500000        25.8498360203181     
   1.23617637000000        25.7964060364035     
   1.23682630500000        25.7431055291007     
   1.23747624000000        25.6899201539148     
   1.23812617500000        25.6368658240658     
   1.23877611000000        25.5839274058754     
   1.23942604500000        25.5311186682697     
   1.24007598000000        25.4784366977460     
   1.24072591500000        25.4258657237340     
   1.24137585000000        25.3734270659295     
   1.24202578500000        25.3211032267023     
   1.24267572000000        25.2689076468632     
   1.24332565500000        25.2168362976639     
   1.24397559000000        25.1648750184909     
   1.24462552500000        25.1130433140671     
   1.24527546000000        25.0613242546216     
   1.24592539500000        25.0097331497761     
   1.24657533000000        24.9582647313861     
   1.24722526500000        24.9069053290027     
   1.24787520000000        24.8556728541093     
   1.24852513500000        24.8045520603317     
   1.24917507000000        24.7535563553384     
   1.24982500500000        24.7026830497674     
   1.25047494000000        24.6519152803263     
   1.25112487500000        24.6012755935552     
   1.25177481000000        24.5507457185704     
   1.25242474500000        24.5003376688344     
   1.25307468000000        24.4500507300736     
   1.25372461500000        24.3998708361620     
   1.25437455000000        24.3498133836029     
   1.25502448500000        24.2998668629835     
   1.25567442000000        24.2500391238953     
   1.25632435500000        24.2003327270866     
   1.25697429000000        24.1507293849752     
   1.25762422500000        24.1012488931057     
   1.25827416000000        24.0518766512106     
   1.25892409500000        24.0026243613127     
   1.25957403000000        23.9534791453490     
   1.26022396500000        23.9044542712619     
   1.26087390000000        23.8555458736470     
   1.26152383500000        23.8067398068328     
   1.26217377000000        23.7580532890186     
   1.26282370500000        23.7094729397589     
   1.26347364000000        23.6610109942796     
   1.26412357500000        23.6126634302003     
   1.26477351000000        23.5644180206611     
   1.26542344500000        23.5162913418261     
   1.26607338000000        23.4682684900072     
   1.26672331500000        23.4203608335431     
   1.26737325000000        23.3725683148442     
   1.26802318500000        23.3248747490006     
   1.26867312000000        23.2772988867171     
   1.26932305500000        23.2298274520872     
   1.26997299000000        23.1824684448482     
   1.27062292500000        23.1352230744234     
   1.27127286000000        23.0880765345594     
   1.27192279500000        23.0410447876052     
   1.27257273000000        22.9941151383711     
   1.27322266500000        22.9472977877156     
   1.27387260000000        22.9005924842415     
   1.27452253500000        22.8539845221279     
   1.27517247000000        22.8074908757777     
   1.27582240500000        22.7610966099128     
   1.27647234000000        22.7148152395266     
   1.27712227500000        22.6686425117286     
   1.27777221000000        22.6225666726289     
   1.27842214500000        22.5766034773880     
   1.27907208000000        22.5307386259208     
   1.27972201500000        22.4849837675255     
   1.28037195000000        22.4393385070339     
   1.28102188500000        22.3937877686359     
   1.28167182000000        22.3483472936432     
   1.28232175500000        22.3030048462456     
   1.28297169000000        22.2577729385756     
   1.28362162500000        22.2126457641549     
   1.28427156000000        22.1676136152846     
   1.28492149500000        22.1226896687842     
   1.28557143000000        22.0778638475727     
   1.28622136500000        22.0331466999194     
   1.28687130000000        21.9885238884797     
   1.28752123500000        21.9440091389355     
   1.28817117000000        21.8995989519037     
   1.28882110500000        21.8552824584426     
   1.28947104000000        21.8110720705569     
   1.29012097500000        21.7669568160992     
   1.29077091000000        21.7229460122083     
   1.29142084500000        21.6790392429449     
   1.29207078000000        21.6352246636429     
   1.29272071500000        21.5915164475855     
   1.29337065000000        21.5479013353447     
   1.29402058500000        21.5043895958669     
   1.29467052000000        21.4609808215245     
   1.29532045500000        21.4176625120085     
   1.29597039000000        21.3744484155573     
   1.29662032500000        21.3313271226768     
   1.29727026000000        21.2883085743600     
   1.29792019500000        21.2453900815920     
   1.29857013000000        21.2025620553323     
   1.29922006500000        21.1598358118431     
   1.29987000000000        21.1172027977209     
   1.30051993500000        21.0746708195315     
   1.30116987000000        21.0322372204024     
   1.30181980500000        20.9898915652996     
   1.30246974000000        20.9476504346040     
   1.30311967500000        20.9054971086135     
   1.30376961000000        20.8634446806158     
   1.30441954500000        20.8214898984683     
   1.30506948000000        20.7796232301250     
   1.30571941500000        20.7378575274717     
   1.30636935000000        20.6961789538582     
   1.30701928500000        20.6546004828809     
   1.30766922000000        20.6131182049510     
   1.30831915500000        20.5717227275994     
   1.30896909000000        20.5304280721071     
   1.30961902500000        20.4892191658491     
   1.31026896000000        20.4481080142704     
   1.31091889500000        20.4070935325073     
   1.31156883000000        20.3661640825819     
   1.31221876500000        20.3253325191143     
   1.31286870000000        20.2845865216557     
   1.31351863500000        20.2439401001093     
   1.31416857000000        20.2033780379681     
   1.31481850500000        20.1629135346294     
   1.31546844000000        20.1225424254826     
   1.31611837500000        20.0822541442296     
   1.31676831000000        20.0420612885934     
   1.31741824500000        20.0019565992265     
   1.31806818000000        19.9619449283347     
   1.31871811500000        19.9220273586086     
   1.31936805000000        19.8821897000584     
   1.32001798500000        19.8424491416417     
   1.32066792000000        19.8027934173268     
   1.32131785500000        19.7632299132445     
   1.32196779000000        19.7237581070327     
   1.32261772500000        19.6843686343517     
   1.32326766000000        19.6450713509724     
   1.32391759500000        19.6058595035068     
   1.32456753000000        19.5667390696499     
   1.32521746500000        19.5277084208647     
   1.32586740000000        19.4887595246056     
   1.32651733500000        19.4499025858928     
   1.32716727000000        19.4111279803731     
   1.32781720500000        19.3724438690884     
   1.32846714000000        19.3338504188012     
   1.32911707500000        19.2953348179548     
   1.32976701000000        19.2569130026178     
   1.33041694500000        19.2185701833348     
   1.33106688000000        19.1803180265418     
   1.33171681500000        19.1421559093970     
   1.33236675000000        19.1040698150858     
   1.33301668500000        19.0660752141442     
   1.33366662000000        19.0281613592519     
   1.33431655500000        18.9903360030630     
   1.33496649000000        18.9525966095461     
   1.33561642500000        18.9149356898039     
   1.33626636000000        18.8773632826260     
   1.33691629500000        18.8398706477168     
   1.33756623000000        18.8024668492481     
   1.33821616500000        18.7651478154285     
   1.33886610000000        18.7279066908317     
   1.33951603500000        18.6907518853769     
   1.34016597000000        18.6536748983401     
   1.34081590500000        18.6166876234887     
   1.34146584000000        18.5797776849096     
   1.34211577500000        18.5429536050697     
   1.34276571000000        18.5062145076197     
   1.34341564500000        18.4695499517724     
   1.34406558000000        18.4329712574733     
   1.34471551500000        18.3964705013554     
   1.34536545000000        18.3600549985774     
   1.34601538500000        18.3237224053898     
   1.34666532000000        18.2874636737438     
   1.34731525500000        18.2512931793504     
   1.34796519000000        18.2151964097147     
   1.34861512500000        18.1791829691227     
   1.34926506000000        18.1432540476431     
   1.34991499500000        18.1073966961376     
   1.35056493000000        18.0716246756305     
   1.35121486500000        18.0359282130407     
   1.35186480000000        18.0003138486353     
   1.35251473500000        17.9647821482320     
   1.35316467000000        17.9293218600133     
   1.35381460500000        17.8939443186382     
   1.35446454000000        17.8586425958013     
   1.35511447500000        17.8234213514039     
   1.35576441000000        17.7882826361474     
   1.35641434500000        17.7532134766922     
   1.35706428000000        17.7182274824113     
   1.35771421500000        17.6833152230502     
   1.35836415000000        17.6484826238753     
   1.35901408500000        17.6137311459538     
   1.35966402000000        17.5790491589163     
   1.36031395500000        17.5444489725229     
   1.36096389000000        17.5099199848859     
   1.36161382500000        17.4754730041041     
   1.36226376000000        17.4411032609498     
   1.36291369500000        17.4068025316373     
   1.36356363000000        17.3725836656949     
   1.36421356500000        17.3384364472047     
   1.36486350000000        17.3043676100101     
   1.36551343500000        17.2703757084034     
   1.36616337000000        17.2364528823926     
   1.36681330500000        17.2026099491002     
   1.36746324000000        17.1688379247743     
   1.36811317500000        17.1351437701528     
   1.36876311000000        17.1015210802839     
   1.36941304500000        17.0679750750392     
   1.37006298000000        17.0345059085866     
   1.37071291500000        17.0011023843321     
   1.37136285000000        16.9677781360610     
   1.37201278500000        16.9345234834179     
   1.37266272000000        16.9013452226077     
   1.37331265500000        16.8682442658259     
   1.37396259000000        16.8352072984602     
   1.37461252500000        16.8022491647820     
   1.37526246000000        16.7693597411003     
   1.37591239500000        16.7365442165652     
   1.37656233000000        16.7038049659790     
   1.37721226500000        16.6711303976045     
   1.37786220000000        16.6385331630092     
   1.37851213500000        16.6060023490895     
   1.37916207000000        16.5735472227401     
   1.37981200500000        16.5411654782355     
   1.38046194000000        16.5088492124248     
   1.38111187500000        16.4766087546176     
   1.38176181000000        16.4444327510532     
   1.38241174500000        16.4123321770545     
   1.38306168000000        16.3803055627614     
   1.38371161500000        16.3483405687082     
   1.38436155000000        16.3164530169213     
   1.38501148500000        16.2846284851469     
   1.38566142000000        16.2528783000994     
   1.38631135500000        16.2212008812989     
   1.38696129000000        16.1895850805584     
   1.38761122500000        16.1580448674556     
   1.38826116000000        16.1265675081446     
   1.38891109500000        16.0951632758789     
   1.38956103000000        16.0638309402486     
   1.39021096500000        16.0325601515311     
   1.39086090000000        16.0013625140326     
   1.39151083500000        15.9702283253618     
   1.39216077000000        15.9391658759362     
   1.39281070500000        15.9081748763937     
   1.39346064000000        15.8772443336021     
   1.39411057500000        15.8463862026055     
   1.39476051000000        15.8155909382167     
   1.39541044500000        15.7848672659871     
   1.39606038000000        15.7542062278709     
   1.39671031500000        15.7236160594644     
   1.39736025000000        15.6930945645749     
   1.39801018500000        15.6626331468617     
   1.39866012000000        15.6322433690043     
   1.39931005500000        15.6019158924301     
   1.39995999000000        15.5716569637698     
   1.40060992500000        15.5414670488566     
   1.40125986000000        15.5113369073663     
   1.40190979500000        15.4812763684390     
   1.40255973000000        15.4512773492892     
   1.40320966500000        15.4213466199459     
   1.40385960000000        15.3914835444594     
   1.40450953500000        15.3616795452700     
   1.40515947000000        15.3319452314305     
   1.40580940500000        15.3022706718764     
   1.40645934000000        15.2726649385461     
   1.40710927500000        15.2431250989312     
   1.40775921000000        15.2136434967695     
   1.40840914500000        15.1842302077333     
   1.40905908000000        15.1548770439637     
   1.40970901500000        15.1255910956681     
   1.41035895000000        15.0963706397681     
   1.41100888500000        15.0672077604594     
   1.41165882000000        15.0381124484316     
   1.41230875500000        15.0090771494558     
   1.41295869000000        14.9801067383015     
   1.41360862500000        14.9512016874843     
   1.41425856000000        14.9223537380522     
   1.41490849500000        14.8935723624715     
   1.41555843000000        14.8648499167993     
   1.41620836500000        14.8361926536478     
   1.41685830000000        14.8075997292637     
   1.41750823500000        14.7790624033991     
   1.41815817000000        14.7505918027315     
   1.41880810500000        14.7221787679343     
   1.41945804000000        14.6938295079871     
   1.42010797500000        14.6655445806358     
   1.42075791000000        14.6373149477569     
   1.42140784500000        14.6091508257404     
   1.42205778000000        14.5810423188340     
   1.42270771500000        14.5529998016807     
   1.42335765000000        14.5250134070422     
   1.42400758500000        14.4970902885764     
   1.42465752000000        14.4692309260066     
   1.42530745500000        14.4414249134646     
   1.42595739000000        14.4136841922078     
   1.42660732500000        14.3859978315273     
   1.42725726000000        14.3583750949099     
   1.42790719500000        14.3308145577962     
   1.42855713000000        14.3033071026849     
   1.42920706500000        14.2758629624513     
   1.42985700000000        14.2484752586744     
   1.43050693500000        14.2211489245393     
   1.43115687000000        14.1938833424882     
   1.43180680500000        14.1666706908749     
   1.43245674000000        14.1395213601647     
   1.43310667500000        14.1124266747227     
   1.43375661000000        14.0853929956177     
   1.43440654500000        14.0584197905047     
   1.43505648000000        14.0314989989190     
   1.43570641500000        14.0046403056015     
   1.43635635000000        13.9778357038370     
   1.43700628500000        13.9510911386920     
   1.43765622000000        13.9244059444781     
   1.43830615500000        13.8977732134604     
   1.43895609000000        13.8712020977483     
   1.43960602500000        13.8446838454950     
   1.44025596000000        13.8182247454066     
   1.44090589500000        13.7918257138528     
   1.44155583000000        13.7654775489530     
   1.44220576500000        13.7391897095986     
   1.44285570000000        13.7129546356500     
   1.44350563500000        13.6867784796739     
   1.44415557000000        13.6606609412517     
   1.44480550500000        13.6345937778201     
   1.44545544000000        13.6085863905923     
   1.44610537500000        13.5826307848680     
   1.44675531000000        13.5567341056667     
   1.44740524500000        13.5308951228492     
   1.44805518000000        13.5051059631246     
   1.44870511500000        13.4793754406964     
   1.44935505000000        13.4536957732845     
   1.45000498500000        13.4280763015219     
   1.45065492000000        13.4025075913016     
   1.45130485500000        13.3769952724912     
   1.45195479000000        13.3515405218321     
   1.45260472500000        13.3261350780084     
   1.45325466000000        13.3007868305454     
   1.45390459500000        13.2754900867750     
   1.45455453000000        13.2502489428041     
   1.45520446500000        13.2250650288304     
   1.45585440000000        13.1999287929402     
   1.45650433500000        13.1748502810163     
   1.45715427000000        13.1498221408441     
   1.45780420500000        13.1248498707860     
   1.45845414000000        13.0999329180416     
   1.45910407500000        13.0750635274788     
   1.45975401000000        13.0502513341336     
   1.46040394500000        13.0254884874081     
   1.46105388000000        13.0007804642521     
   1.46170381500000        12.9761278806739     
   1.46235375000000        12.9515229920810     
   1.46300368500000        12.9269729457725     
   1.46365362000000        12.9024721236123     
   1.46430355500000        12.8780265698169     
   1.46495349000000        12.8536345904516     
   1.46560342500000        12.8292898169069     
   1.46625336000000        12.8050005023166     
   1.46690329500000        12.7807594719501     
   1.46755323000000        12.7565720119961     
   1.46820316500000        12.7324383906111     
   1.46885310000000        12.7083513862929     
   1.46950303500000        12.6843187281251     
   1.47015297000000        12.6603333810207     
   1.47080290500000        12.6364016984560     
   1.47145284000000        12.6125239299756     
   1.47210277500000        12.5886905061579     
   1.47275271000000        12.5649113774828     
   1.47340264500000        12.5411797208202     
   1.47405258000000        12.5175010444692     
   1.47470251500000        12.4938741675209     
   1.47535245000000        12.4702926610256     
   1.47600238500000        12.4467646452716     
   1.47665232000000        12.4232834372470     
   1.47730225500000        12.3998545771694     
   1.47795219000000        12.3764720310757     
   1.47860212500000        12.3531423465386     
   1.47925206000000        12.3298637000496     
   1.47990199500000        12.3066295643889     
   1.48055193000000        12.2834478469450     
   1.48120186500000        12.2603115443372     
   1.48185180000000        12.2372267903191     
   1.48250173500000        12.2141931349723     
   1.48315167000000        12.1912034117943     
   1.48380160500000        12.1682648188843     
   1.48445154000000        12.1453726054695     
   1.48510147500000        12.1225307748441     
   1.48575141000000        12.0997389870146     
   1.48640134500000        12.0769906362909     
   1.48705128000000        12.0542932167400     
   1.48770121500000        12.0316416545537     
   1.48835115000000        12.0090391660129     
   1.48900108500000        11.9864870501793     
   1.48965102000000        11.9639773707418     
   1.49030095500000        11.9415181035992     
   1.49095089000000        11.9191040015603     
   1.49160082500000        11.8967391142468     
   1.49225076000000        11.8744227229268     
   1.49290069500000        11.8521493197846     
   1.49355063000000        11.8299262721760     
   1.49420056500000        11.8077461703773     
   1.49485050000000        11.7856152102209     
   1.49550043500000        11.7635335072915     
   1.49615037000000        11.7414931620684     
   1.49680030500000        11.7195026325686     
   1.49745024000000        11.6975552847819     
   1.49810017500000        11.6756556862925     
   1.49875011000000        11.6538048625812     
   1.49940004500000        11.6319948863630     
   1.50004998000000        11.6102342813461     
   1.50069991500000        11.5885070165749     
   1.50134985000000        11.5668108484617     
   1.50199978500000        11.5451458762062     
   1.50264972000000        11.5235059803136     
   1.50329965500000        11.5018981801969     
   1.50394959000000        11.4803166784529     
   1.50459952500000        11.4587674989225     
   1.50524946000000        11.4372443658665     
   1.50589939500000        11.4157538350851     
   1.50654933000000        11.3942932491638     
   1.50719926500000        11.3728581844634     
   1.50784920000000        11.3514552299241     
   1.50849913500000        11.3300798847436     
   1.50914907000000        11.3087343537214     
   1.50979900500000        11.2874209372242     
   1.51044894000000        11.2661322125837     
   1.51109887500000        11.2448758408548     
   1.51174881000000        11.2236464497543     
   1.51239874500000        11.2024487989005     
   1.51304868000000        11.1812814274770     
   1.51369861500000        11.1601390720437     
   1.51434855000000        11.1390297128314     
   1.51499848500000        11.1179472424412     
   1.51564842000000        11.0968955153911     
   1.51629835500000        11.0758749352644     
   1.51694829000000        11.0548797197472     
   1.51759822500000        11.0339168475011     
   1.51824816000000        11.0129810729593     
   1.51889809500000        10.9920761954931     
   1.51954803000000        10.9712025775204     
   1.52019796500000        10.9503541597051     
   1.52084790000000        10.9295383066527     
   1.52149783500000        10.9087495138102     
   1.52214777000000        10.8879912109507     
   1.52279770500000        10.8672642838367     
   1.52344764000000        10.8465627438285     
   1.52409757500000        10.8258937623324     
   1.52474751000000        10.8052518172941     
   1.52539744500000        10.7846406112968     
   1.52604738000000        10.7640604605790     
   1.52669731500000        10.7435066460631     
   1.52734725000000        10.7229836687975     
   1.52799718500000        10.7024881510022     
   1.52864712000000        10.6820246787261     
   1.52929705500000        10.6615916413300     
   1.52994699000000        10.6411836863217     
   1.53059692500000        10.6208084535837     
   1.53124686000000        10.6004601227400     
   1.53189679500000        10.5801426749992     
   1.53254673000000        10.5598532938287     
   1.53319666500000        10.5395949610120     
   1.53384660000000        10.5193676166423     
   1.53449653500000        10.4991657850817     
   1.53514647000000        10.4789957175328     
   1.53579640500000        10.4588521962856     
   1.53644634000000        10.4387410616771     
   1.53709627500000        10.4186600336368     
   1.53774621000000        10.3986046018965     
   1.53839614500000        10.3785823078903     
   1.53904608000000        10.3585860156911     
   1.53969601500000        10.3386209809496     
   1.54034595000000        10.3186871960615     
   1.54099588500000        10.2987780208214     
   1.54164582000000        10.2789022373678     
   1.54229575500000        10.2590528406444     
   1.54294569000000        10.2392347799132     
   1.54359562500000        10.2194470930192     
   1.54424556000000        10.1996855549705     
   1.54489549500000        10.1799558600043     
   1.54554543000000        10.1602520640545     
   1.54619536500000        10.1405806825745     
   1.54684530000000        10.1209400169588     
   1.54749523500000        10.1013244308657     
   1.54814517000000        10.0817415995321     
   1.54879510500000        10.0621848471904     
   1.54944504000000        10.0426594204933     
   1.55009497500000        10.0231650740618     
   1.55074491000000        10.0036964541583     
   1.55139484500000        9.98425953347004     
   1.55204478000000        9.96484955367584     
   1.55269471500000        9.94547019374189     
   1.55334465000000        9.92612191572913     
   1.55399458500000        9.90679922112953     
   1.55464452000000        9.88750873171993     
   1.55529445500000        9.86824485090556     
   1.55594439000000        9.84901121059505     
   1.55659432500000        9.82980964760887     
   1.55724426000000        9.81063315380560     
   1.55789419500000        9.79148795059348     
   1.55854413000000        9.77236956437103     
   1.55919406500000        9.75328307830291     
   1.55984400000000        9.73422313765518     
   1.56049393500000        9.71519449039377     
   1.56114387000000        9.69619637126650     
   1.56179380500000        9.67722354466764     
   1.56244374000000        9.65828323325165     
   1.56309367500000        9.63936939787605     
   1.56374361000000        9.62048550739098     
   1.56439354500000        9.60163292182098     
   1.56504348000000        9.58280615630066     
   1.56569341500000        9.56401097284070     
   1.56634335000000        9.54524191112434     
   1.56699328500000        9.52650394440755     
   1.56764322000000        9.50779746632473     
   1.56829315500000        9.48911557528073     
   1.56894309000000        9.47046508876592     
   1.56959302500000        9.45184182246882     
   1.57024296000000        9.43324913600079     
   1.57089289500000        9.41468663356877     
   1.57154283000000        9.39614970574213     
   1.57219276500000        9.37764430854002     
   1.57284270000000        9.35916568843843     
   1.57349263500000        9.34071786992839     
   1.57414257000000        9.32230029791399     
   1.57479250500000        9.30390829653111     
   1.57544244000000        9.28554789845318     
   1.57609237500000        9.26721362474085     
   1.57674231000000        9.24891056241971     
   1.57739224500000        9.23063778143313     
   1.57804218000000        9.21238991058992     
   1.57869211500000        9.19417334675720     
   1.57934205000000        9.17598391968947     
   1.57999198500000        9.15782504528826     
   1.58064192000000        9.13969639735016     
   1.58129185500000        9.12159265452225     
   1.58194179000000        9.10351974255427     
   1.58259172500000        9.08547436550992     
   1.58324166000000        9.06745862154381     
   1.58389159500000        9.04947370382378     
   1.58454153000000        9.03151393173565     
   1.58519146500000        9.01358539954303     
   1.58584140000000        8.99568300111733     
   1.58649133500000        8.97781215415683     
   1.58714127000000        8.95996739824425     
   1.58779120500000        8.94215250497220     
   1.58844114000000        8.92436891167262     
   1.58909107500000        8.90660961416248     
   1.58974101000000        8.88888108672451     
   1.59039094500000        8.87118002313285     
   1.59104088000000        8.85350834415742     
   1.59169081500000        8.83586666007190     
   1.59234075000000        8.81825100516420     
   1.59299068500000        8.80066591496997     
   1.59364062000000        8.78310691965125     
   1.59429055500000        8.76557833812896     
   1.59494049000000        8.74807909891353     
   1.59559042500000        8.73060509464994     
   1.59624036000000        8.71316285414729     
   1.59689029500000        8.69574622161086     
   1.59754023000000        8.67835954637697     
   1.59819016500000        8.66100316575010     
   1.59884010000000        8.64367182661506     
   1.59949003500000        8.62637085469689     
   1.60013997000000        8.60909578924068     
   1.60078990500000        8.59185128145163     
   1.60143984000000        8.57463610968342     
   1.60208977500000        8.55744658916891     
   1.60273971000000        8.54028779679076     
   1.60338964500000        8.52315430569275     
   1.60403958000000        8.50605082290196     
   1.60468951500000        8.48897746974042     
   1.60533945000000        8.47192845064569     
   1.60598938500000        8.45491035153184     
   1.60663932000000        8.43791888460436     
   1.60728925500000        8.42095683563183     
   1.60793919000000        8.40402388173234     
   1.60858912500000        8.38711593636530     
   1.60923906000000        8.37023803853528     
   1.60988899500000        8.35338648888662     
   1.61053893000000        8.33656550902994     
   1.61118886500000        8.31977283812773     
   1.61183880000000        8.30300582775881     
   1.61248873500000        8.28626856683730     
   1.61313867000000        8.26955725937796     
   1.61378860500000        8.25287566232483     
   1.61443854000000        8.23622079716545     
   1.61508847500000        8.21959450678293     
   1.61573841000000        8.20299781664380     
   1.61638834500000        8.18642662782212     
   1.61703828000000        8.16988471445186     
   1.61768821500000        8.15336900816990     
   1.61833815000000        8.13688249594619     
   1.61898808500000        8.12042534826470     
   1.61963802000000        8.10399233882288     
   1.62028795500000        8.08759035734945     
   1.62093789000000        8.07121328206170     
   1.62158782500000        8.05486597909744     
   1.62223776000000        8.03854734196647     
   1.62288769500000        8.02225313401854     
   1.62353763000000        8.00598960555433     
   1.62418756500000        7.98975076566777     
   1.62483750000000        7.97354166459801     
   1.62548743500000        7.95736169732313     
   1.62613737000000        7.94120573865943     
   1.62678730500000        7.92507995145239     
   1.62743724000000        7.90897911265404     
   1.62808717500000        7.89290782731340     
   1.62873711000000        7.87686567001982     
   1.62938704500000        7.86084708345976     
   1.63003698000000        7.84485896382054     
   1.63068691500000        7.82889575863484     
   1.63133685000000        7.81296190454490     
   1.63198678500000        7.79705636453681     
   1.63263672000000        7.78117497336433     
   1.63328665500000        7.76532374619893     
   1.63393659000000        7.74949782863891     
   1.63458652500000        7.73370046851925     
   1.63523646000000        7.71793183513875     
   1.63588639500000        7.70218703980312     
   1.63653633000000        7.68647190513081     
   1.63718626500000        7.67078222975312     
   1.63783620000000        7.65512126140991     
   1.63848613500000        7.63948592527863     
   1.63913607000000        7.62387933502828     
   1.63978600500000        7.60830098331059     
   1.64043594000000        7.59274645873295     
   1.64108587500000        7.57722114555107     
   1.64173581000000        7.56172125674620     
   1.64238574500000        7.54625005443144     
   1.64303568000000        7.53080708094145     
   1.64368561500000        7.51538798319448     
   1.64433555000000        7.49999787825963     
   1.64498548500000        7.48463303110913     
   1.64563542000000        7.46929614855034     
   1.64628535500000        7.45398752799315     
   1.64693529000000        7.43870282992977     
   1.64758522500000        7.42344764090344     
   1.64823516000000        7.40821694004585     
   1.64888509500000        7.39301449689608     
   1.64953503000000        7.37784053553398     
   1.65018496500000        7.36268933228851     
   1.65083490000000        7.34756744823718     
   1.65148483500000        7.33247069891176     
   1.65213477000000        7.31740186789054     
   1.65278470500000        7.30236131946221     
   1.65343464000000        7.28734381233254     
   1.65408457500000        7.27235555657777     
   1.65473451000000        7.25739169281735     
   1.65538444500000        7.24245585052125     
   1.65603438000000        7.22754787223789     
   1.65668431500000        7.21266336680556     
   1.65733425000000        7.19780733297794     
   1.65798418500000        7.18297602771136     
   1.65863412000000        7.16817289935716     
   1.65928405500000        7.15339686140255     
   1.65993399000000        7.13864426900437     
   1.66058392500000        7.12392076691672     
   1.66123386000000        7.10922129415585     
   1.66188379500000        7.09454965704271     
   1.66253373000000        7.07990537671677     
   1.66318366500000        7.06528452867196     
   1.66383360000000        7.05069196623587     
   1.66448353500000        7.03612391104326     
   1.66513347000000        7.02158345460273     
   1.66578340500000        7.00706789318100     
   1.66643334000000        6.99257952496502     
   1.66708327500000        6.97811868754691     
   1.66773321000000        6.96368071393009     
   1.66838314500000        6.94927064818314     
   1.66903308000000        6.93488530948072     
   1.66968301500000        6.92052707194462     
   1.67033295000000        6.90619637916379     
   1.67098288500000        6.89188856786480     
   1.67163282000000        6.87760852112986     
   1.67228275500000        6.86335250698569     
   1.67293269000000        6.84912364697900     
   1.67358262500000        6.83492221243167     
   1.67423256000000        6.82074359344535     
   1.67488249500000        6.80659275599201     
   1.67553243000000        6.79246588975580     
   1.67618236500000        6.77836651845071     
   1.67683230000000        6.76429357337357     
   1.67748223500000        6.75024330931861     
   1.67813217000000        6.73622120103468     
   1.67878210500000        6.72222276253109     
   1.67943204000000        6.70825117866117     
   1.68008197500000        6.69430635865376     
   1.68073191000000        6.68038419613779     
   1.68138184500000        6.66648988405310     
   1.68203178000000        6.65261907355847     
   1.68268171500000        6.63877483134086     
   1.68333165000000        6.62495726687308     
   1.68398158500000        6.61116246132387     
   1.68463152000000        6.59739503081473     
   1.68528145500000        6.58365121788180     
   1.68593139000000        6.56993380805270     
   1.68658132500000        6.55624330009715     
   1.68723126000000        6.54257503496419     
   1.68788119500000        6.52893389396127     
   1.68853113000000        6.51531641630098     
   1.68918106500000        6.50172541458568     
   1.68983100000000        6.48816062902425     
   1.69048093500000        6.47461813574359     
   1.69113087000000        6.46110276962009     
   1.69178080500000        6.44761062475828     
   1.69243074000000        6.43414538515846     
   1.69308067500000        6.42070347549330     
   1.69373061000000        6.40728793133830     
   1.69438054500000        6.39389821057331     
   1.69503048000000        6.38053066666592     
   1.69568041500000        6.36719027878366     
   1.69633035000000        6.35387284048218     
   1.69698028500000        6.34058171108635     
   1.69763022000000        6.32731638416296     
   1.69828015500000        6.31407337696090     
   1.69893009000000        6.30085678293939     
   1.69958002500000        6.28766328801664     
   1.70022996000000        6.27449551953453     
   1.70087989500000        6.26135403876743     
   1.70152983000000        6.24823425060390     
   1.70217976500000        6.23514100926170     
   1.70282970000000        6.22207063953404     
   1.70347963500000        6.20902606677474     
   1.70412957000000        6.19600720815300     
   1.70477950500000        6.18301033738098     
   1.70542944000000        6.17003959520405     
   1.70607937500000        6.15709165423261     
   1.70672931000000        6.14416965333577     
   1.70737924500000        6.13127299842368     
   1.70802918000000        6.11839772064541     
   1.70867911500000        6.10554907810334     
   1.70932905000000        6.09272300147316     
   1.70997898500000        6.07992192941835     
   1.71062892000000        6.06714664185614     
   1.71127885500000        6.05439303736905     
   1.71192879000000        6.04166557596576     
   1.71257872500000        6.02896058706937     
   1.71322866000000        6.01628045000514     
   1.71387859500000        6.00362560508987     
   1.71452853000000        5.99099260994532     
   1.71517846500000        5.97838540950178     
   1.71582840000000        5.96580055169324     
   1.71647833500000        5.95324050220623     
   1.71712827000000        5.94070605679020     
   1.71777820500000        5.92819251184527     
   1.71842814000000        5.91570462882683     
   1.71907807500000        5.90323938326502     
   1.71972801000000        5.89079899879896     
   1.72037794500000        5.87838140674017     
   1.72102788000000        5.86598841555799     
   1.72167781500000        5.85362034021336     
   1.72232775000000        5.84127363852238     
   1.72297768500000        5.82895190401901     
   1.72362762000000        5.81665252722390     
   1.72427755500000        5.80437821169282     
   1.72492749000000        5.79212813921398     
   1.72557742500000        5.77989907448316     
   1.72622736000000        5.76769565086083     
   1.72687729500000        5.75551434098329     
   1.72752723000000        5.74335692180847     
   1.72817716500000        5.73122420468279     
   1.72882710000000        5.71911259405719     
   1.72947703500000        5.70702606252791     
   1.73012697000000        5.69496149177838     
   1.73077690500000        5.68292124978335     
   1.73142684000000        5.67090566988042     
   1.73207677500000        5.65891053087597     
   1.73272671000000        5.64694017321985     
   1.73337664500000        5.63499152365486     
   1.73402658000000        5.62306712193908     
   1.73467651500000        5.61116736204212     
   1.73532645000000        5.59928812763645     
   1.73597638500000        5.58743334043638     
   1.73662632000000        5.57560052841727     
   1.73727625500000        5.56379150539294     
   1.73792619000000        5.55200666366441     
   1.73857612500000        5.54024231200410     
   1.73922606000000        5.52850247336732     
   1.73987599500000        5.51678415275407     
   1.74052593000000        5.50508976918421     
   1.74117586500000        5.49341880998800     
   1.74182580000000        5.48176873134868     
   1.74247573500000        5.47014296890108     
   1.74312567000000        5.45853863000263     
   1.74377560500000        5.44695775030016     
   1.74442554000000        5.43540075123779     
   1.74507547500000        5.42386443749947     
   1.74572541000000        5.41235153658144     
   1.74637534500000        5.40086043033302     
   1.74702528000000        5.38939307808106     
   1.74767521500000        5.37794658957902     
   1.74832515000000        5.36652386531005     
   1.74897508500000        5.35512493340196     
   1.74962502000000        5.34374551848726     
   1.75027495500000        5.33239038967667     
   1.75092489000000        5.32105643517349     
   1.75157482500000        5.30974543333490     
   1.75222476000000        5.29845793882788     
   1.75287469500000        5.28719057518062     
   1.75352463000000        5.27594674756707     
   1.75417456500000        5.26472396408041     
   1.75482450000000        5.25352412271088     
   1.75547443500000        5.24234757787991     
   1.75612437000000        5.23119089251531     
   1.75677430500000        5.22005763467242     
   1.75742424000000        5.20894551816127     
   1.75807417500000        5.19785588887636     
   1.75872411000000        5.18678958426958     
   1.75937404500000        5.17574308286785     
   1.76002398000000        5.16471991383005     
   1.76067391500000        5.15371704083197     
   1.76132385000000        5.14273736851985     
   1.76197378500000        5.13178049672982     
   1.76262372000000        5.12084317281152     
   1.76327365500000        5.10992883375724     
   1.76392359000000        5.09903558491056     
   1.76457352500000        5.08816433024962     
   1.76522346000000        5.07731587471395     
   1.76587339500000        5.06648735732451     
   1.76652333000000        5.05568139214863     
   1.76717326500000        5.04489592292494     
   1.76782320000000        5.03413288431398     
   1.76847313500000        5.02339269668382     
   1.76912307000000        5.01267154935908     
   1.76977300500000        5.00197321059526     
   1.77042294000000        4.99129517178356     
   1.77107287500000        4.98063938246780     
   1.77172281000000        4.97000623584671     
   1.77237274500000        4.95939190686662     
   1.77302268000000        4.94880038156389     
   1.77367261500000        4.93822895195921     
   1.77432255000000        4.92767986723331     
   1.77497248500000        4.91715107602149     
   1.77562242000000        4.90664421054469     
   1.77627235500000        4.89615933945594     
   1.77692229000000        4.88569366890085     
   1.77757222500000        4.87525058249163     
   1.77822216000000        4.86482710601603     
   1.77887209500000        4.85442552933939     
   1.77952203000000        4.84404605565099     
   1.78017196500000        4.83368545353630     
   1.78082190000000        4.82334677591306     
   1.78147183500000        4.81302824288736     
   1.78212177000000        4.80273127965546     
   1.78277170500000        4.79245602242995     
   1.78342164000000        4.78219977777621     
   1.78407157500000        4.77196561814039     
   1.78472151000000        4.76175073616862     
   1.78537144500000        4.75155747990176     
   1.78602138000000        4.74138642193779     
   1.78667131500000        4.73123340692250     
   1.78732125000000        4.72110236985606     
   1.78797118500000        4.71099097442412     
   1.78862112000000        4.70090087035167     
   1.78927105500000        4.69083233799471     
   1.78992099000000        4.68078217995838     
   1.79057092500000        4.67075397526247     
   1.79122086000000        4.66074470341008     
   1.79187079500000        4.65075685765191     
   1.79252073000000        4.64079048168266     
   1.79317066500000        4.63084199053716     
   1.79382060000000        4.62091523581544     
   1.79447053500000        4.61100797863246     
   1.79512047000000        4.60112151297471     
   1.79577040500000        4.59125660945479     
   1.79642034000000        4.58140921093445     
   1.79707027500000        4.57158350103757     
   1.79772021000000        4.56177689514238     
   1.79837014500000        4.55199147164271     
   1.79902008000000        4.54222687250450     
   1.79967001500000        4.53248005339414     
   1.80031995000000        4.52275468780947     
   1.80096988500000        4.51304800258195     
   1.80161982000000        4.50336258339407     
   1.80226975500000        4.49369583492419     
   1.80291969000000        4.48404965215108     
   1.80356962500000        4.47442461094912     
   1.80421956000000        4.46481722737005     
   1.80486949500000        4.45523062799534     
   1.80551943000000        4.44566281385019     
   1.80616936500000        4.43611541314063     
   1.80681930000000        4.42658907934821     
   1.80746923500000        4.41707997829227     
   1.80811917000000        4.40759195760486     
   1.80876910500000        4.39812259362974     
   1.80941904000000        4.38867355173974     
   1.81006897500000        4.37924445371731     
   1.81071891000000        4.36983333616106     
   1.81136884500000        4.36044287649920     
   1.81201878000000        4.35107070722682     
   1.81266871500000        4.34171890726463     
   1.81331865000000        4.33238721229545     
   1.81396858500000        4.32307305303184     
   1.81461852000000        4.31377925007708     
   1.81526845500000        4.30450349399408     
   1.81591839000000        4.29524789649035     
   1.81656832500000        4.28601295712475     
   1.81721826000000        4.27679488823282     
   1.81786819500000        4.26759690895942     
   1.81851813000000        4.25841743856527     
   1.81916806500000        4.24925780418897     
   1.81981800000000        4.24011777956808     
   1.82046793500000        4.23099530877545     
   1.82111787000000        4.22189287932531     
   1.82176780500000        4.21280843560464     
   1.82241774000000        4.20374326624561     
   1.82306767500000        4.19469855887856     
   1.82371761000000        4.18567018114807     
   1.82436754500000        4.17666235278238     
   1.82501748000000        4.16767209695797     
   1.82566741500000        4.15870117060241     
   1.82631735000000        4.14975050818048     
   1.82696728500000        4.14081619599735     
   1.82761722000000        4.13190194000594     
   1.82826715500000        4.12300535425673     
   1.82891709000000        4.11412791248073     
   1.82956702500000        4.10526846008955     
   1.83021696000000        4.09642849256451     
   1.83086689500000        4.08760756086408     
   1.83151683000000        4.07880368306100     
   1.83216676500000        4.07001946881677     
   1.83281670000000        4.06125206151612     
   1.83346663500000        4.05250442793123     
   1.83411657000000        4.04377564192763     
   1.83476650500000        4.03506381187761     
   1.83541644000000        4.02637116679770     
   1.83606637500000        4.01769586434516     
   1.83671631000000        4.00903951267232     
   1.83736624500000        4.00040222893424     
   1.83801618000000        3.99178143011291     
   1.83866611500000        3.98317993693439     
   1.83931605000000        3.97459562811117     
   1.83996598500000        3.96603004693885     
   1.84061592000000        3.95748354630807     
   1.84126585500000        3.94895319506281     
   1.84191579000000        3.94044193514414     
   1.84256572500000        3.93194774327606     
   1.84321566000000        3.92347232256719     
   1.84386559500000        3.91501552555466     
   1.84451553000000        3.90657498811991     
   1.84516546500000        3.89815335705083     
   1.84581540000000        3.88974860638355     
   1.84646533500000        3.88136226762583     
   1.84711527000000        3.87299461417434     
   1.84776520500000        3.86464287142026     
   1.84841514000000        3.85631007149901     
   1.84906507500000        3.84799409068093     
   1.84971501000000        3.83969635622822     
   1.85036494500000        3.83141699341135     
   1.85101488000000        3.82315335174242     
   1.85166481500000        3.81490851892089     
   1.85231475000000        3.80668054922779     
   1.85296468500000        3.79847038835561     
   1.85361462000000        3.79027865669451     
   1.85426455500000        3.78210269552184     
   1.85491449000000        3.77394527804266     
   1.85556442500000        3.76580395547837     
   1.85621436000000        3.75768114176894     
   1.85686429500000        3.74957489069191     
   1.85751423000000        3.74148628232208     
   1.85816416500000        3.73341594912895     
   1.85881410000000        3.72536116207945     
   1.85946403500000        3.71732464506832     
   1.86011397000000        3.70930409205695     
   1.86076390500000        3.70130144358790     
   1.86141384000000        3.69331705259751     
   1.86206377500000        3.68534769183886     
   1.86271371000000        3.67739662442304     
   1.86336364500000        3.66946184263077     
   1.86401358000000        3.66154429395642     
   1.86466351500000        3.65364456709476     
   1.86531345000000        3.64576026307676     
   1.86596338500000        3.63789399350475     
   1.86661332000000        3.63004360683984     
   1.86726325500000        3.62221061044550     
   1.86791319000000        3.61439547265472     
   1.86856312500000        3.60659524362122     
   1.86921306000000        3.59881273651180     
   1.86986299500000        3.59104624627627     
   1.87051293000000        3.58329701269479     
   1.87116286500000        3.57556534141816     
   1.87181280000000        3.56784854856595     
   1.87246273500000        3.56014937544230     
   1.87311267000000        3.55246617182231     
   1.87376260500000        3.54479966918625     
   1.87441254000000        3.53715063017900     
   1.87506247500000        3.52951660037916     
   1.87571241000000        3.52189998480865     
   1.87636234500000        3.51429902324445     
   1.87701228000000        3.50671506048158     
   1.87766221500000        3.49914823289647     
   1.87831215000000        3.49159588199426     
   1.87896208500000        3.48406099832237     
   1.87961202000000        3.47654167005374     
   1.88026195500000        3.46903900962665     
   1.88091189000000        3.46155362059481     
   1.88156182500000        3.45408278906976     
   1.88221176000000        3.44662884663292     
   1.88286169500000        3.43919037043847     
   1.88351163000000        3.43176859777682     
   1.88416156500000        3.42436244832285     
   1.88481150000000        3.41697270187961     
   1.88546143500000        3.40959985534230     
   1.88611137000000        3.40224137093096     
   1.88676130500000        3.39489967345235     
   1.88741124000000        3.38757349131219     
   1.88806117500000        3.38026329392668     
   1.88871111000000        3.37297004437682     
   1.88936104500000        3.36569100151280     
   1.89001098000000        3.35842871929670     
   1.89066091500000        3.35118151438115     
   1.89131085000000        3.34395053678961     
   1.89196078500000        3.33673598633963     
   1.89261072000000        3.32953575759894     
   1.89326065500000        3.32235205912873     
   1.89391059000000        3.31518323624789     
   1.89456052500000        3.30803071814987     
   1.89521046000000        3.30089432107471     
   1.89586039500000        3.29377206408963     
   1.89651033000000        3.28666622859164     
   1.89716026500000        3.27957517665272     
   1.89781020000000        3.27250018377051     
   1.89846013500000        3.26544125159808     
   1.89911007000000        3.25839631279068     
   1.89976000500000        3.25136759624156     
   1.90040994000000        3.24435360921382     
   1.90105987500000        3.23735532854045     
   1.90170981000000        3.23037311999476     
   1.90235974500000        3.22340477240489     
   1.90300968000000        3.21645256956070     
   1.90365961500000        3.20951494291575     
   1.90430955000000        3.20259282910262     
   1.90495948500000        3.19568672105541     
   1.90560942000000        3.18879414832391     
   1.90625935500000        3.18191771627035     
   1.90690929000000        3.17505576013743     
   1.90755922500000        3.16820901293204     
   1.90820916000000        3.16137821600052     
   1.90885909500000        3.15456091156101     
   1.90950903000000        3.14775941489085     
   1.91015896500000        3.14097224057437     
   1.91080890000000        3.13420048828216     
   1.91145883500000        3.12744310134070     
   1.91210877000000        3.12070109288232     
   1.91275870500000        3.11397436580273     
   1.91340864000000        3.10726114964231     
   1.91405857500000        3.10056370217536     
   1.91470851000000        3.09388014749564     
   1.91535844500000        3.08721163468830     
   1.91600838000000        3.08055874959528     
   1.91665831500000        3.07391913389206     
   1.91730825000000        3.06729489749538     
   1.91795818500000        3.06068448296177     
   1.91860812000000        3.05408931275246     
   1.91925805500000        3.04750916037749     
   1.91990799000000        3.04094241338042     
   1.92055792500000        3.03439075663953     
   1.92120786000000        3.02785300579644     
   1.92185779500000        3.02133019081623     
   1.92250773000000        3.01482233424652     
   1.92315766500000        3.00832766221914     
   1.92380760000000        3.00184810302333     
   1.92445753500000        2.99538225677462     
   1.92510747000000        2.98893094968317     
   1.92575740500000        2.98249481616632     
   1.92640734000000        2.97607154982137     
   1.92705727500000        2.96966332658373     
   1.92770721000000        2.96326862919409     
   1.92835714500000        2.95688827588514     
   1.92900708000000        2.95052296119453     
   1.92965701500000        2.94417051355058     
   1.93030695000000        2.93783290741404     
   1.93095688500000        2.93150876011324     
   1.93160682000000        2.92519889727977     
   1.93225675500000        2.91890373103713     
   1.93290669000000        2.91262137685293     
   1.93355662500000        2.90635363805346     
   1.93420656000000        2.90009909536543     
   1.93485649500000        2.89385900938899     
   1.93550643000000        2.88763357985355     
   1.93615636500000        2.88142042370216     
   1.93680630000000        2.87522205776641     
   1.93745623500000        2.86903675344998     
   1.93810617000000        2.86286571439520     
   1.93875610500000        2.85670800573165     
   1.93940604000000        2.85056437568381     
   1.94005597500000        2.84443502759368     
   1.94070591000000        2.83831796273648     
   1.94135584500000        2.83221549743093     
   1.94200578000000        2.82612586716710     
   1.94265571500000        2.82005025694138     
   1.94330565000000        2.81398891318975     
   1.94395558500000        2.80793959114427     
   1.94460552000000        2.80190483660077     
   1.94525545500000        2.79588275547079     
   1.94590539000000        2.78987446916539     
   1.94655532500000        2.78388047050287     
   1.94720526000000        2.77789847762210     
   1.94785519500000        2.77193054186058     
   1.94850513000000        2.76597537819321     
   1.94915506500000        2.76003393973762     
   1.94980500000000        2.75410655096396     
   1.95045493500000        2.74819109306620     
   1.95110487000000        2.74228964364394     
   1.95175480500000        2.73640057405945     
   1.95240474000000        2.73052535286674     
   1.95305467500000        2.72466390350428     
   1.95370461000000        2.71881422254705     
   1.95435454500000        2.71297843256131     
   1.95500448000000        2.70715515348340     
   1.95565441500000        2.70134539310951     
   1.95630435000000        2.69554916075295     
   1.95695428500000        2.68976460708513     
   1.95760422000000        2.68399386777820     
   1.95825415500000        2.67823572198370     
   1.95890409000000        2.67249069327926     
   1.95955402500000        2.66675906016582     
   1.96020396000000        2.66103936631661     
   1.96085389500000        2.65533310790152     
   1.96150383000000        2.64963885911870     
   1.96215376500000        2.64395804952253     
   1.96280370000000        2.63829069249425     
   1.96345363500000        2.63263472562438     
   1.96410357000000        2.62699231381206     
   1.96475350500000        2.62136205093649     
   1.96540344000000        2.61574467003553     
   1.96605337500000        2.61013956624244     
   1.96670331000000        2.60454760523606     
   1.96735324500000        2.59896868449793     
   1.96800318000000        2.59340117794302     
   1.96865311500000        2.58784704644626     
   1.96930305000000        2.58230484378426     
   1.96995298500000        2.57677525187710     
   1.97060292000000        2.57125894182793     
   1.97125285500000        2.56575399532891     
   1.97190279000000        2.56026215624635     
   1.97255272500000        2.55478194262735     
   1.97320266000000        2.54931460866967     
   1.97385259500000        2.54386020962443     
   1.97450253000000        2.53841692848322     
   1.97515246500000        2.53298659445125     
   1.97580240000000        2.52756809574077     
   1.97645233500000        2.52216217065883     
   1.97710227000000        2.51676901287820     
   1.97775220500000        2.51138686599759     
   1.97840214000000        2.50601779666546     
   1.97905207500000        2.50066015441980     
   1.97970201000000        2.49531498287959     
   1.98035194500000        2.48998239861258     
   1.98100188000000        2.48466103443509     
   1.98165181500000        2.47935222060720     
   1.98230175000000        2.47405482955488     
   1.98295168500000        2.46877004519498     
   1.98360162000000        2.46349757484851     
   1.98425155500000        2.45823584450113     
   1.98490149000000        2.45298697672114     
   1.98555142500000        2.44774938739538     
   1.98620136000000        2.44252393789605     
   1.98685129500000        2.43731106720984     
   1.98750123000000        2.43210884680431     
   1.98815116500000        2.42691907051214     
   1.98880110000000        2.42174055291837     
   1.98945103500000        2.41657428170248     
   1.99010097000000        2.41142013097702     
   1.99075090500000        2.40627674614541     
   1.99140084000000        2.40114555518408     
   1.99205077500000        2.39602563099084     
   1.99270071000000        2.39091772720855     
   1.99335064500000        2.38582100956534     
   1.99400058000000        2.38073612324458     
   1.99465051500000        2.37566343784552     
   1.99530045000000        2.37060125921525     
   1.99595038500000        2.36555108548071     
   1.99660032000000        2.36051211796454     
   1.99725025500000        2.35548467194074     
   1.99790019000000        2.35046941896448     
   1.99855012500000        2.34546451975121     
   1.99920006000000        2.34047161725866     
   1.99984999500000        2.33549059028433     
   2.00049993000000        2.33051991056955     
   2.00114986500000        2.32556007615585     
   2.00179980000000        2.32061321198168     
   2.00244973500000        2.31567698803820     
   2.00309967000000        2.31075077455299     
   2.00374960500000        2.30583779816051     
   2.00439954000000        2.30093518106409     
   2.00504947500000        2.29604307355168     
   2.00569941000000        2.29116190383800     
   2.00634934500000        2.28629341265594     
   2.00699928000000        2.28143545335714     
   2.00764921500000        2.27658744333089     
   2.00829915000000        2.27175248452558     
   2.00894908500000        2.26692764505729     
   2.00959902000000        2.26211308009590     
   2.01024895500000        2.25730936035124     
   2.01089889000000        2.25251839026540     
   2.01154882500000        2.24773754822711     
   2.01219876000000        2.24296653405088     
   2.01284869500000        2.23820839656697     
   2.01349863000000        2.23346019023322     
   2.01414856500000        2.22872188360646     
   2.01479850000000        2.22399614853888     
   2.01544843500000        2.21928044649252     
   2.01609837000000        2.21457492777985     
   2.01674830500000        2.20988002115274     
   2.01739824000000        2.20519738436895     
   2.01804817500000        2.20052497823156     
   2.01869811000000        2.19586213729828     
   2.01934804500000        2.19121176750156     
   2.01999798000000        2.18657110890205     
   2.02064791500000        2.18194009274857     
   2.02129785000000        2.17732169509029     
   2.02194778500000        2.17271297117981     
   2.02259772000000        2.16811403835965     
   2.02324765500000        2.16352570804741     
   2.02389759000000        2.15894949152778     
   2.02454752500000        2.15438300076540     
   2.02519746000000        2.14982578705533     
   2.02584739500000        2.14528100138389     
   2.02649733000000        2.14074584820461     
   2.02714726500000        2.13622006326836     
   2.02779720000000        2.13170660381987     
   2.02844713500000        2.12720258460795     
   2.02909707000000        2.12270828132624     
   2.02974700500000        2.11822425888788     
   2.03039694000000        2.11375200552178     
   2.03104687500000        2.10928931605937     
   2.03169681000000        2.10483586961090     
   2.03234674500000        2.10039442577752     
   2.03299668000000        2.09596239869917     
   2.03364661500000        2.09153995382716     
   2.03429655000000        2.08712751208437     
   2.03494648500000        2.08272673647350     
   2.03559642000000        2.07833557079160     
   2.03624635500000        2.07395351050432     
   2.03689629000000        2.06958314356993     
   2.03754622500000        2.06522202703650     
   2.03819616000000        2.06087014497737     
   2.03884609500000        2.05652984602383     
   2.03949603000000        2.05219890880094     
   2.04014596500000        2.04787723105321     
   2.04079590000000        2.04356562488296     
   2.04144583500000        2.03926516759219     
   2.04209577000000        2.03497409107613     
   2.04274570500000        2.03069197161496     
   2.04339564000000        2.02642124286658     
   2.04404557500000        2.02215980232499     
   2.04469551000000        2.01790726828983     
   2.04534544500000        2.01366617194255     
   2.04599538000000        2.00943400656898     
   2.04664531500000        2.00521125646722     
   2.04729525000000        2.00099797984765     
   2.04794518500000        1.99679579447808     
   2.04859512000000        1.99260274339037     
   2.04924505500000        1.98841850091276     
   2.04989499000000        1.98424559808429     
   2.05054492500000        1.98008154322199     
   2.05119486000000        1.97592618308704     
   2.05184479500000        1.97178207872309     
   2.05249473000000        1.96764677152707     
   2.05314466500000        1.96352054641899     
   2.05379460000000        1.95940368482701     
   2.05444453500000        1.95529781139994     
   2.05509447000000        1.95120080426183     
   2.05574440500000        1.94711235969495     
   2.05639434000000        1.94303493464856     
   2.05704427500000        1.93896618229417     
   2.05769421000000        1.93490628930297     
   2.05834414500000        1.93085571713532     
   2.05899408000000        1.92681592065924     
   2.05964401500000        1.92278495758037     
   2.06029395000000        1.91876231240285     
   2.06094388500000        1.91475050092792     
   2.06159382000000        1.91074741916769     
   2.06224375500000        1.90675275063495     
   2.06289369000000        1.90276896997800     
   2.06354362500000        1.89879352826005     
   2.06419356000000        1.89482685339817     
   2.06484349500000        1.89086926632198     
   2.06549343000000        1.88692217164279     
   2.06614336500000        1.88298365276658     
   2.06679330000000        1.87905338939596     
   2.06744323500000        1.87513383454140     
   2.06809317000000        1.87122273482934     
   2.06874310500000        1.86731981285454     
   2.06939304000000        1.86342747832419     
   2.07004297500000        1.85954343003946     
   2.07069291000000        1.85566792050492     
   2.07134284500000        1.85180132594445     
   2.07199278000000        1.84794493628790     
   2.07264271500000        1.84409701690856     
   2.07329265000000        1.84025719944211     
   2.07394258500000        1.83642780999475     
   2.07459252000000        1.83260659495274     
   2.07524245500000        1.82879345936331     
   2.07589239000000        1.82499068467325     
   2.07654232500000        1.82119610696856     
   2.07719226000000        1.81740986813003     
   2.07784219500000        1.81363225261672     
   2.07849213000000        1.80986469299896     
   2.07914206500000        1.80610534358505     
   2.07979200000000        1.80235401329849     
   2.08044193500000        1.79861278232835     
   2.08109187000000        1.79487969898911     
   2.08174180500000        1.79115441899646     
   2.08239174000000        1.78743934460305     
   2.08304167500000        1.78373228657453     
   2.08369161000000        1.78003316602200     
   2.08434154500000        1.77634268061362     
   2.08499148000000        1.77266208753087     
   2.08564141500000        1.76898950359417     
   2.08629135000000        1.76532468017033     
   2.08694128500000        1.76166977467113     
   2.08759122000000        1.75802274634886     
   2.08824115500000        1.75438375705335     
   2.08889109000000        1.75075309023644     
   2.08954102500000        1.74713218633553     
   2.09019096000000        1.74351914163808     
   2.09084089500000        1.73991382228273     
   2.09149083000000        1.73631819349242     
   2.09214076500000        1.73273047111169     
   2.09279070000000        1.72915028403856     
   2.09344063500000        1.72557980930125     
   2.09409057000000        1.72201712474428     
   2.09474050500000        1.71846218430542     
   2.09539044000000        1.71491546015184     
   2.09604037500000        1.71137828157172     
   2.09669031000000        1.70784884708702     
   2.09734024500000        1.70432683042636     
   2.09799018000000        1.70081432989945     
   2.09864011500000        1.69730962256357     
   2.09929005000000        1.69381233430303     
   2.09993998500000        1.69032446875261     
   2.10058992000000        1.68684419005597     
   2.10123985500000        1.68337152416085     
   2.10188979000000        1.67990700832320     
   2.10253972500000        1.67645162392124     
   2.10318966000000        1.67300394281464     
   2.10383959500000        1.66956344199538     
   2.10448953000000        1.66613237880144     
   2.10513946500000        1.66270886347249     
   2.10578940000000        1.65929253700261     
   2.10643933500000        1.65588546694263     
   2.10708927000000        1.65248589805322     
   2.10773920500000        1.64909379556799     
   2.10838914000000        1.64570945803543     
   2.10903907500000        1.64233420254902     
   2.10968901000000        1.63896645871758     
   2.11033894500000        1.63560584690484     
   2.11098888000000        1.63225436903614     
   2.11163881500000        1.62891006646405     
   2.11228875000000        1.62557323447474     
   2.11293868500000        1.62224414403242     
   2.11358862000000        1.61892398110266     
   2.11423855500000        1.61561113807643     
   2.11488849000000        1.61230527566693     
   2.11553842500000        1.60900838919700     
   2.11618836000000        1.60571875721173     
   2.11683829500000        1.60243613248215     
   2.11748823000000        1.59916254572543     
   2.11813816500000        1.59589604576745     
   2.11878810000000        1.59263664775731     
   2.11943803500000        1.58938494506454     
   2.12008797000000        1.58614182761188     
   2.12073790500000        1.58290595756413     
   2.12138784000000        1.57967694679594     
   2.12203777500000        1.57645675896701     
   2.12268771000000        1.57324361423954     
   2.12333764500000        1.57003731800151     
   2.12398758000000        1.56683985466788     
   2.12463751500000        1.56364916451876     
   2.12528745000000        1.56046557634867     
   2.12593738500000        1.55728952842970     
   2.12658732000000        1.55412192184812     
   2.12723725500000        1.55096134727205     
   2.12788719000000        1.54780747715329     
   2.12853712500000        1.54466218316553     
   2.12918706000000        1.54152386895686     
   2.12983699500000        1.53839218509144     
   2.13048693000000        1.53526907585038     
   2.13113686500000        1.53215282592516     
   2.13178680000000        1.52904339549570     
   2.13243673500000        1.52594126746018     
   2.13308667000000        1.52284747750557     
   2.13373660500000        1.51976051682339     
   2.13438654000000        1.51668007066089     
   2.13503647500000        1.51360810659719     
   2.13568641000000        1.51054286665344     
   2.13633634500000        1.50748413823432     
   2.13698628000000        1.50443390184174     
   2.13763621500000        1.50139030453250     
   2.13828615000000        1.49835340038788     
   2.13893608500000        1.49532354367812     
   2.13958602000000        1.49230187599988     
   2.14023595500000        1.48928684432232     
   2.14088589000000        1.48627833491959     
   2.14153582500000        1.48327801302238     
   2.14218576000000        1.48028419871134     
   2.14283569500000        1.47729715476336     
   2.14348563000000        1.47431695503458     
   2.14413556500000        1.47134484743860     
   2.14478550000000        1.46837934071286     
   2.14543543500000        1.46542012497580     
   2.14608537000000        1.46246899611650     
   2.14673530500000        1.45952441533949     
   2.14738524000000        1.45658609476440     
   2.14803517500000        1.45365589088235     
   2.14868511000000        1.45073206117846     
   2.14933504500000        1.44781465812081     
   2.14998498000000        1.44490412035188     
   2.15063491500000        1.44200146888530     
   2.15128485000000        1.43910522848534     
   2.15193478500000        1.43621520711428     
   2.15258472000000        1.43333308194748     
   2.15323465500000        1.43045732212140     
   2.15388459000000        1.42758772628773     
   2.15453452500000        1.42472592226648     
   2.15518446000000        1.42187048010206     
   2.15583439500000        1.41902135608753     
   2.15648433000000        1.41617892642151     
   2.15713426500000        1.41334412023241     
   2.15778420000000        1.41051561395372     
   2.15843413500000        1.40769311142061     
   2.15908407000000        1.40487847495990     
   2.15973400500000        1.40207003710955     
   2.16038394000000        1.39926758389778     
   2.16103387500000        1.39647276736807     
   2.16168381000000        1.39368412718665     
   2.16233374500000        1.39090167170380     
   2.16298368000000        1.38812581011584     
   2.16363361500000        1.38535735381674     
   2.16428355000000        1.38259513145807     
   2.16493348500000        1.37983876997700     
   2.16558342000000        1.37708994120053     
   2.16623335500000        1.37434724658478     
   2.16688329000000        1.37161059229254     
   2.16753322500000        1.36888040971904     
   2.16818316000000        1.36615762846364     
   2.16883309500000        1.36344078781269     
   2.16948303000000        1.36072979278669     
   2.17013296500000        1.35802631278723     
   2.17078290000000        1.35532877123484     
   2.17143283500000        1.35263700905381     
   2.17208277000000        1.34995273789524     
   2.17273270500000        1.34727436904063     
   2.17338264000000        1.34460189024386     
   2.17403257500000        1.34193569065489     
   2.17468251000000        1.33927662275678     
   2.17533244500000        1.33662365575993     
   2.17598238000000        1.33397623735048     
   2.17663231500000        1.33133615502842     
   2.17728225000000        1.32870196008261     
   2.17793218500000        1.32607343731732     
   2.17858212000000        1.32345207171840     
   2.17923205500000        1.32083649432354     
   2.17988199000000        1.31822673807722     
   2.18053192500000        1.31562313530799     
   2.18118186000000        1.31302661472180     
   2.18183179500000        1.31043584002353     
   2.18248173000000        1.30785060735174     
   2.18313166500000        1.30527259850228     
   2.18378160000000        1.30270021640514     
   2.18443153500000        1.30013329387151     
   2.18508147000000        1.29757363210039     
   2.18573140500000        1.29501956540367     
   2.18638134000000        1.29247114377220     
   2.18703127500000        1.28992865322266     
   2.18768121000000        1.28739312919582     
   2.18833114500000        1.28486333384612     
   2.18898108000000        1.28233881455208     
   2.18963101500000        1.27982135748321     
   2.19028095000000        1.27730943903439     
   2.19093088500000        1.27480292287677     
   2.19158082000000        1.27230339246976     
   2.19223075500000        1.26980939920860     
   2.19288069000000        1.26732089369946     
   2.19353062500000        1.26483820600003     
   2.19418056000000        1.26236236442399     
   2.19483049500000        1.25989194959958     
   2.19548043000000        1.25742693304325     
   2.19613036500000        1.25496872516945     
   2.19678030000000        1.25251587768138     
   2.19743023500000        1.25006847281845     
   2.19808017000000        1.24762696814716     
   2.19873010500000        1.24519195342864     
   2.19938004000000        1.24276247211611     
   2.20002997500000        1.24033824200695     
   2.20067991000000        1.23792063871272     
   2.20132984500000        1.23550839111246     
   2.20197978000000        1.23310138618186     
   2.20262971500000        1.23070106252387     
   2.20327965000000        1.22830595500726     
   2.20392958500000        1.22591627175369     
   2.20457952000000        1.22353221920552     
   2.20522945500000        1.22115462565233     
   2.20587939000000        1.21878236087753     
   2.20652932500000        1.21641521969867     
   2.20717926000000        1.21405459554770     
   2.20782919500000        1.21169923143892     
   2.20847913000000        1.20934892619804     
   2.20912906500000        1.20700513155851     
   2.20977900000000        1.20466654695896     
   2.21042893500000        1.20233321469916     
   2.21107887000000        1.20000534729122     
   2.21172880500000        1.19768375045796     
   2.21237874000000        1.19536752331032     
   2.21302867500000        1.19305616121495     
   2.21367861000000        1.19075119744845     
   2.21432854500000        1.18845143260197     
   2.21497848000000        1.18615662077060     
   2.21562841500000        1.18386803071424     
   2.21627835000000        1.18158463029677     
   2.21692828500000        1.17930631639054     
   2.21757822000000        1.17703340289504     
   2.21822815500000        1.17476663490836     
   2.21887809000000        1.17250501264911     
   2.21952802500000        1.17024825728271     
   2.22017796000000        1.16799769483704     
   2.22082789500000        1.16575215363010     
   2.22147783000000        1.16351161718476     
   2.22212776500000        1.16127642971305     
   2.22277770000000        1.15904721656967     
   2.22342763500000        1.15682316018637     
   2.22407757000000        1.15460377656870     
   2.22472750500000        1.15239062599115     
   2.22537744000000        1.15018237355387     
   2.22602737500000        1.14797887334955     
   2.22667731000000        1.14578153371453     
   2.22732724500000        1.14358909117743     
   2.22797718000000        1.14140143707092     
   2.22862711500000        1.13921904007785     
   2.22927705000000        1.13704256998826     
   2.22992698500000        1.13487096847427     
   2.23057692000000        1.13270412818970     
   2.23122685500000        1.13054329214735     
   2.23187679000000        1.12838726629994     
   2.23252672500000        1.12623582108958     
   2.23317666000000        1.12409045349956     
   2.23382659500000        1.12194980172474     
   2.23447653000000        1.11981394594054     
   2.23512646500000        1.11768315843961     
   2.23577640000000        1.11555814355301     
   2.23642633500000        1.11343800423008     
   2.23707627000000        1.11132239398891     
   2.23772620500000        1.10921257935834     
   2.23837614000000        1.10710755003072     
   2.23902607500000        1.10500714764075     
   2.23967601000000        1.10291251917740     
   2.24032594500000        1.10082251319058     
   2.24097588000000        1.09873718611746     
   2.24162581500000        1.09665683174772     
   2.24227575000000        1.09458214823482     
   2.24292568500000        1.09251222630928     
   2.24357562000000        1.09044670425561     
   2.24422555500000        1.08838684457586     
   2.24487549000000        1.08633169052242     
   2.24552542500000        1.08428096776151     
   2.24617536000000        1.08223592049828     
   2.24682529500000        1.08019540715280     
   2.24747523000000        1.07815956063408     
   2.24812516500000        1.07612852045774     
   2.24877510000000        1.07410296104167     
   2.24942503500000        1.07208194761356     
   2.25007497000000        1.07006541053427     
   2.25072490500000        1.06805440385010     
   2.25137484000000        1.06604785404567     
   2.25202477500000        1.06404590137168     
   2.25267471000000        1.06204874116753     
   2.25332464500000        1.06005684153378     
   2.25397458000000        1.05806952166334     
   2.25462451500000        1.05608655572431     
   2.25527445000000        1.05410910986638     
   2.25592438500000        1.05213606908558     
   2.25657432000000        1.05016727345076     
   2.25722425500000        1.04820399626434     
   2.25787419000000        1.04624508616374     
   2.25852412500000        1.04429062509748     
   2.25917406000000        1.04234071468944     
   2.25982399500000        1.04039609923839     
   2.26047393000000        1.03845606426035     
   2.26112386500000        1.03652014679284     
   2.26177380000000        1.03458953116754     
   2.26242373500000        1.03266332117068     
   2.26307367000000        1.03074131093721     
   2.26372360500000        1.02882459708362     
   2.26437354000000        1.02691217786646     
   2.26502347500000        1.02500413543563     
   2.26567341000000        1.02310050290933     
   2.26632334500000        1.02120213582709     
   2.26697328000000        1.01930807468304     
   2.26762321500000        1.01741812952264     
   2.26827315000000        1.01553338189904     
   2.26892308500000        1.01365295073218     
   2.26957302000000        1.01177655259945     
   2.27022295500000        1.00990535661723     
   2.27087289000000        1.00803837488070     
   2.27152282500000        1.00617564089793     
   2.27217276000000        1.00431733845007     
   2.27282269500000        1.00246401629336     
   2.27347263000000        1.00061498201993     
   2.27412256500000       0.998769930950160     
   2.27477250000000       0.996930051233154     
   2.27542243500000       0.995094236934322     
   2.27607237000000       0.993262566589437     
   2.27672230500000       0.991435273820858     
   2.27737224000000       0.989612941580660     
   2.27802217500000       0.987794815485505     
   2.27867211000000       0.985980606832009     
   2.27932204500000       0.984171437237487     
   2.27997198000000       0.982366345706149     
   2.28062191500000       0.980565183258082     
   2.28127185000000       0.978769026153098     
   2.28192178500000       0.976976920791682     
   2.28257172000000       0.975188828292232     
   2.28322165500000       0.973405042125475     
   2.28387159000000       0.971626104422647     
   2.28452152500000       0.969851186013690     
   2.28517146000000       0.968080147975322     
   2.28582139500000       0.966314031319931     
   2.28647133000000       0.964551957150365     
   2.28712126500000       0.962793652920482     
   2.28777120000000       0.961040276894126     
   2.28842113500000       0.959290848574608     
   2.28907107000000       0.957545305454925     
   2.28972100500000       0.955803988611482     
   2.29037094000000       0.954067432279524     
   2.29102087500000       0.952334834127449     
   2.29167081000000       0.950605977486372     
   2.29232074500000       0.948881955014049     
   2.29297068000000       0.947161824278775     
   2.29362061500000       0.945445432526825     
   2.29427055000000       0.943733800561640     
   2.29492048500000       0.942026074376394     
   2.29557042000000       0.940322170002974     
   2.29622035500000       0.938622315717603     
   2.29687029000000       0.936927124226201     
   2.29752022500000       0.935235848425620     
   2.29817016000000       0.933548229808669     
   2.29882009500000       0.931865271128025     
   2.29947003000000       0.930186159266800     
   2.30011996500000       0.928510800622571     
   2.30076990000000       0.926842041235423     
   2.30141983500000       0.925180105901816     
   2.30206977000000       0.923524839897427     
   2.30271970500000       0.921876412664495     
   2.30336964000000       0.920235360724232     
   2.30401957500000       0.918600851142768     
   2.30466951000000       0.916972657640903     
   2.30531944500000       0.915351751993672     
   2.30596938000000       0.913737167977463     
   2.30661931500000       0.912128832769792     
   2.30726925000000       0.910526932031716     
   2.30791918500000       0.908931920568649     
   2.30856912000000       0.907343062386356     
   2.30921905500000       0.905760142388085     
   2.30986899000000       0.904184072803070     
   2.31051892500000       0.902613882870375     
   2.31116886000000       0.901049493691637     
   2.31181879500000       0.899491707826698     
   2.31246873000000       0.897939738697263     
   2.31311866500000       0.896393450072233     
   2.31376860000000       0.894852995639707     
   2.31441853500000       0.893318909018261     
   2.31506847000000       0.891790441763256     
   2.31571840500000       0.890267339814096     
   2.31636834000000       0.888750472852675     
   2.31701827500000       0.887239041364629     
   2.31766821000000       0.885732803163568     
   2.31831814500000       0.884232688245078     
   2.31896808000000       0.882737809495323     
   2.31961801500000       0.881248097890933     
   2.32026795000000       0.879763756978865     
   2.32091788500000       0.878285193330515     
   2.32156782000000       0.876811725577655     
   2.32221775500000       0.875343156422890     
   2.32286769000000       0.873880291211552     
   2.32351762500000       0.872422414295543     
   2.32416756000000       0.870969239001970     
   2.32481749500000       0.869521660960566     
   2.32546743000000       0.868078848794277     
   2.32611736500000       0.866640688039698     
   2.32676730000000       0.865207450683544     
   2.32741723500000       0.863779545556808     
   2.32806717000000       0.862356255560921     
   2.32871710500000       0.860937374490997     
   2.32936704000000       0.859523775164767     
   2.33001697500000       0.858114603336592     
   2.33066691000000       0.856709862259985     
   2.33131684500000       0.855309670009398     
   2.33196678000000       0.853914490806961     
   2.33261671500000       0.852523677429520     
   2.33326665000000       0.851136933036918     
   2.33391658500000       0.849755118428090     
   2.33456652000000       0.848377533442852     
   2.33521645500000       0.847003931644156     
   2.33586639000000       0.845635206447440     
   2.33651632500000       0.844270504273338     
   2.33716626000000       0.842909776467379     
   2.33781619500000       0.841553220485904     
   2.33846613000000       0.840201281365578     
   2.33911606500000       0.838853236214769     
   2.33976600000000       0.837508892653152     
   2.34041593500000       0.836169159474510     
   2.34106587000000       0.834833232772423     
   2.34171580500000       0.833500892226092     
   2.34236574000000       0.832173009502502     
   2.34301567500000       0.830848775204646     
   2.34366561000000       0.829528169260760     
   2.34431554500000       0.828211369740989     
   2.34496548000000       0.826898769175460     
   2.34561541500000       0.825589745598343     
   2.34626535000000       0.824284075881707     
   2.34691528500000       0.822982608052316     
   2.34756522000000       0.821684582826758     
   2.34821515500000       0.820389844609915     
   2.34886509000000       0.819099201816320     
   2.34951502500000       0.817811846362357     
   2.35016496000000       0.816527832183100     
   2.35081489500000       0.815247253254425     
   2.35146483000000       0.813970516994322     
   2.35211476500000       0.812697007480722     
   2.35276470000000       0.811426604769114     
   2.35341463500000       0.810160001527137     
   2.35406457000000       0.808896561840705     
   2.35471450500000       0.807636073933494     
   2.35536444000000       0.806379315994233     
   2.35601437500000       0.805125617001360     
   2.35666431000000       0.803874928998155     
   2.35731424500000       0.802627357897829     
   2.35796418000000       0.801383296032242     
   2.35861411500000       0.800142241255617     
   2.35926405000000       0.798903922727784     
   2.35991398500000       0.797669161623276     
   2.36056392000000       0.796437246721760     
   2.36121385500000       0.795208087509771     
   2.36186379000000       0.793981899184760     
   2.36251372500000       0.792759029378484     
   2.36316366000000       0.791538901544699     
   2.36381359500000       0.790321377006498     
   2.36446353000000       0.789107188178898     
   2.36511346500000       0.787895720787980     
   2.36576340000000       0.786686716568890     
   2.36641333500000       0.785480985420034     
   2.36706327000000       0.784277835093568     
   2.36771320500000       0.783077187983408     
   2.36836314000000       0.781879283455143     
   2.36901307500000       0.780684413583208     
   2.36966301000000       0.779492062957897     
   2.37031294500000       0.778302112228631     
   2.37096288000000       0.777115195462116     
   2.37161281500000       0.775930682978738     
   2.37226275000000       0.774748496609835     
   2.37291268500000       0.773569307001896     
   2.37356262000000       0.772392430895192     
   2.37421255500000       0.771217909376665     
   2.37486249000000       0.770045857540786     
   2.37551242500000       0.768876603522244     
   2.37616236000000       0.767709619284915     
   2.37681229500000       0.766544823123749     
   2.37746223000000       0.765382851331082     
   2.37811216500000       0.764223083489923     
   2.37876210000000       0.763065418923509     
   2.37941203500000       0.761910543342766     
   2.38006197000000       0.760757778842961     
   2.38071190500000       0.759607104710239     
   2.38136184000000       0.758458710820654     
   2.38201177500000       0.757312941882416     
   2.38266171000000       0.756169329880317     
   2.38331164500000       0.755027604019015     
   2.38396158000000       0.753888484918021     
   2.38461151500000       0.752751425572090     
   2.38526145000000       0.751616314243897     
   2.38591138500000       0.750483341564119     
   2.38656132000000       0.749352833093276     
   2.38721125500000       0.748224330703162     
   2.38786119000000       0.747097648961644     
   2.38851112500000       0.745973476444236     
   2.38916106000000       0.744851209522661     
   2.38981099500000       0.743730716169482     
   2.39046093000000       0.742612659860105     
   2.39111086500000       0.741496453656953     
   2.39176080000000       0.740382048698372     
   2.39241073500000       0.739269577656204     
   2.39306067000000       0.738159474790697     
   2.39371060500000       0.737051211850650     
   2.39436054000000       0.735944544807060     
   2.39501047500000       0.734840206912520     
   2.39566041000000       0.733737650725440     
   2.39631034500000       0.732636725056450     
   2.39696028000000       0.731538084500389     
   2.39761021500000       0.730441132038774     
   2.39826015000000       0.729345837647441     
   2.39891008500000       0.728252364262699     
   2.39956002000000       0.727161048462779     
   2.40020995500000       0.726071411005672     
   2.40085989000000       0.724983281323447     
   2.40150982500000       0.723897341317597     
   2.40215976000000       0.722813075903176     
   2.40280969500000       0.721730233074551     
   2.40345963000000       0.720649525645394     
   2.40410956500000       0.719570441801969     
   2.40475950000000       0.718492850929198     
   2.40540943500000       0.717416952765459     
   2.40605937000000       0.716343087426672     
   2.40670930500000       0.715270774132346     
   2.40735924000000       0.714199854357350     
   2.40800917500000       0.713130993911303     
   2.40865911000000       0.712063645889865     
   2.40930904500000       0.710997626761327     
   2.40995898000000       0.709933671717489     
   2.41060891500000       0.708871159371073     
   2.41125885000000       0.707810035321872     
   2.41190878500000       0.706750520214747     
   2.41255872000000       0.705692890695196     
   2.41320865500000       0.704636706466045     
   2.41385859000000       0.703581796466009     
   2.41450852500000       0.702528884580740     
   2.41515846000000       0.701477365622216     
   2.41580839500000       0.700427131592694     
   2.41645833000000       0.699378422210717     
   2.41710826500000       0.698331540776907     
   2.41775820000000       0.697286044269135     
   2.41840813500000       0.696241773717862     
   2.41905807000000       0.695199387186907     
   2.41970800500000       0.694158325373285     
   2.42035794000000       0.693118459160605     
   2.42100787500000       0.692080480659150     
   2.42165781000000       0.691043771842407     
   2.42230774500000       0.690008278870877     
   2.42295768000000       0.688974258374506     
   2.42360761500000       0.687941968246190     
   2.42425755000000       0.686910982757100     
   2.42490748500000       0.685881118868967     
   2.42555742000000       0.684853050892414     
   2.42620735500000       0.683826247828682     
   2.42685729000000       0.682800548742606     
   2.42750722500000       0.681776618988220     
   2.42815716000000       0.680753914864446     
   2.42880709500000       0.679732409584837     
   2.42945703000000       0.678712210689184     
   2.43010696500000       0.677693686928756     
   2.43075690000000       0.676676375366432     
   2.43140683500000       0.675660166343392     
   2.43205677000000       0.674645617125699     
   2.43270670500000       0.673632335964407     
   2.43335664000000       0.672620066747244     
   2.43400657500000       0.671609466494580     
   2.43465651000000       0.670600093336753     
   2.43530644500000       0.669591779626607     
   2.43595638000000       0.668584752514105     
   2.43660631500000       0.667579316806561     
   2.43725625000000       0.666575073637150     
   2.43790618500000       0.665571835368135     
   2.43855612000000       0.664570274865172     
   2.43920605500000       0.663569806296760     
   2.43985599000000       0.662570418157139     
   2.44050592500000       0.661572258714440     
   2.44115586000000       0.660575637449260     
   2.44180579500000       0.659580173628277     
   2.44245573000000       0.658585707233704     
   2.44310566500000       0.657592818140302     
   2.44375560000000       0.656601042193048     
   2.44440553500000       0.655610259770512     
   2.44505547000000       0.654621066003716     
   2.44570540500000       0.653632936908150     
   2.44635534000000       0.652645815637082     
   2.44700527500000       0.651659913710751     
   2.44765521000000       0.650675544968415     
   2.44830514500000       0.649692216782700     
   2.44895508000000       0.648709827495234     
   2.44960501500000       0.647729041869185     
   2.45025495000000       0.646749284010485     
   2.45090488500000       0.645770487435119     
   2.45155482000000       0.644793248647959     
   2.45220475500000       0.643816984193179     
   2.45285469000000       0.642841768195422     
   2.45350462500000       0.641867726144640     
   2.45415456000000       0.640895084289327     
   2.45480449500000       0.639923537210378     
   2.45545443000000       0.638952891163511     
   2.45610436500000       0.637983774717563     
   2.45675430000000       0.637015710648191     
   2.45740423500000       0.636048524398936     
   2.45805417000000       0.635082814416299     
   2.45870410500000       0.634118154708057     
   2.45935404000000       0.633154498815460     
   2.46000397500000       0.632191900175566     
   2.46065391000000       0.631230752613363     
   2.46130384500000       0.630270678075037     
   2.46195378000000       0.629311473249706     
   2.46260371500000       0.628353762705378     
   2.46325365000000       0.627397006295834     
   2.46390358500000       0.626441244701540     
   2.46455352000000       0.625486585033773     
   2.46520345500000       0.624533329987653     
   2.46585339000000       0.623581069832288     
   2.46650332500000       0.622629718843913     
   2.46715326000000       0.621679824794933     
   2.46780319500000       0.620730938016545     
   2.46845313000000       0.619782904338619     
   2.46910306500000       0.618836340108012     
   2.46975300000000       0.617890734235792     
   2.47040293500000       0.616946120949288     
   2.47105287000000       0.616002573393238     
   2.47170280500000       0.615060374667256     
   2.47235274000000       0.614119245277023     
   2.47300267500000       0.613178967621236     
   2.47365261000000       0.612240096387088     
   2.47430254500000       0.611302241119224     
   2.47495248000000       0.610365241078730     
   2.47560241500000       0.609429651534008     
   2.47625235000000       0.608495050250588     
   2.47690228500000       0.607561371923939     
   2.47755222000000       0.606628807508703     
   2.47820215500000       0.605697580185109     
   2.47885209000000       0.604767341898779     
   2.47950202500000       0.603838016937329     
   2.48015196000000       0.602910076160792     
   2.48080189500000       0.601983110532681     
   2.48145183000000       0.601057010893137     
   2.48210176500000       0.600132333212707     
   2.48275170000000       0.599208600790541     
   2.48340163500000       0.598285817505701     
   2.48405157000000       0.597364119033443     
   2.48470150500000       0.596443773226119     
   2.48535144000000       0.595524407951102     
   2.48600137500000       0.594605864396005     
   2.48665131000000       0.593688795204867     
   2.48730124500000       0.592772671987236     
   2.48795118000000       0.591857393900463     
   2.48860111500000       0.590943563770069     
   2.48925105000000       0.590030684046154     
   2.48990098500000       0.589118699545861     
   2.49055092000000       0.588207780005697     
   2.49120085500000       0.587298213138438     
   2.49185079000000       0.586389680037844     
   2.49250072500000       0.585482000228619     
   2.49315066000000       0.584575738320961     
   2.49380059500000       0.583670383449763     
   2.49445053000000       0.582765943441541     
   2.49510046500000       0.581862589693118     
   2.49575040000000       0.580960640901155     
   2.49640033500000       0.580059655830728     
   2.49705027000000       0.579159525028641     
   2.49770020500000       0.578260780136482     
   2.49835014000000       0.577363024687995     
   2.49900007500000       0.576466132576676     
   2.49965001000000       0.575570679020551     
   2.50029994500000       0.574676176063105     
   2.50094988000000       0.573782547278157     
   2.50159981500000       0.572890028769123     
   2.50224975000000       0.571998882742354     
   2.50289968500000       0.571108722398408     
   2.50354962000000       0.570219403406362     
   2.50419955500000       0.569331464371215     
   2.50484949000000       0.568444553425769     
   2.50549942500000       0.567558514303726     
   2.50614936000000       0.566673873607459     
   2.50679929500000       0.565790185325738     
   2.50744923000000       0.564907459409509     
   2.50809916500000       0.564025774642660     
   2.50874910000000       0.563145420159738     
   2.50939903500000       0.562266154036635     
   2.51004897000000       0.561387701245780     
   2.51069890500000       0.560510645204734     
   2.51134884000000       0.559634660200024     
   2.51199877500000       0.558759483390593     
   2.51264871000000       0.557885708881792     
   2.51329864500000       0.557012927875032     
   2.51394858000000       0.556141101541010     
   2.51459851500000       0.555270365719535     
   2.51524845000000       0.554400953228594     
   2.51589838500000       0.553532585535103     
   2.51654832000000       0.552665077151751     
   2.51719825500000       0.551798991160554     
   2.51784819000000       0.550933904476075     
   2.51849812500000       0.550069722718567     
   2.51914806000000       0.549206647647671     
   2.51979799500000       0.548344930647070     
   2.52044793000000       0.547484239805350     
   2.52109786500000       0.546624465246884     
   2.52174780000000       0.545766090139481     
   2.52239773500000       0.544908692720137     
   2.52304767000000       0.544052184452381     
   2.52369760500000       0.543197138149891     
   2.52434754000000       0.542343074104838     
   2.52499747500000       0.541489955596811     
   2.52564741000000       0.540637971189904     
   2.52629734500000       0.539787332685960     
   2.52694728000000       0.538937676709693     
   2.52759721500000       0.538088963595315     
   2.52824715000000       0.537241676761287     
   2.52889708500000       0.536395414075679     
   2.52954702000000       0.535550011379346     
   2.53019695500000       0.534706079895198     
   2.53084689000000       0.533863156580810     
   2.53149682500000       0.533021175570767     
   2.53214676000000       0.532180338354264     
   2.53279669500000       0.531340844310462     
   2.53344663000000       0.530502375007667     
   2.53409656500000       0.529664870086315     
   2.53474650000000       0.528828786853643     
   2.53539643500000       0.527993716711655     
   2.53604637000000       0.527159515087123     
   2.53669630500000       0.526326778993130     
   2.53734624000000       0.525495103705567     
   2.53799617500000       0.524664407776167     
   2.53864611000000       0.523834782836387     
   2.53929604500000       0.523006555581445     
   2.53994598000000       0.522179438635365     
   2.54059591500000       0.521353158240813     
   2.54124585000000       0.520528335865447     
   2.54189578500000       0.519704601603614     
   2.54254572000000       0.518881778540751     
   2.54319565500000       0.518060347723438     
   2.54384559000000       0.517239954443674     
   2.54449552500000       0.516420628553315     
   2.54514546000000       0.515602382310480     
   2.54579539500000       0.514785528700909     
   2.54644533000000       0.513969795250010     
   2.54709526500000       0.513154898128103     
   2.54774520000000       0.512341510835065     
   2.54839513500000       0.511529165581203     
   2.54904507000000       0.510717804186425     
   2.54969500500000       0.509907593244081     
   2.55034494000000       0.509098746100765     
   2.55099487500000       0.508291017400257     
   2.55164481000000       0.507484228829081     
   2.55229474500000       0.506678855404346     
   2.55294468000000       0.505874578585338     
   2.55359461500000       0.505071248956077     
   2.55424455000000       0.504269324553379     
   2.55489448500000       0.503468488111102     
   2.55554442000000       0.502668657916285     
   2.55619435500000       0.501869986725587     
   2.55684429000000       0.501072712985747     
   2.55749422500000       0.500276537839371     
   2.55814416000000       0.499481333601947     
   2.55879409500000       0.498687541125269     
   2.55944403000000       0.497894851541805     
   2.56009396500000       0.497103107302852     
   2.56074390000000       0.496312822021356     
   2.56139383500000       0.495523619157569     
   2.56204377000000       0.494735450630021     
   2.56269370500000       0.493948424972790     
   2.56334364000000       0.493162793381185     
   2.56399357500000       0.492378283738207     
   2.56464351000000       0.491594720465323     
   2.56529344500000       0.490812628120893     
   2.56594338000000       0.490031631624224     
   2.56659331500000       0.489251606431530     
   2.56724325000000       0.488473037778245     
   2.56789318500000       0.487695536022031     
   2.56854312000000       0.486919074139835     
   2.56919305500000       0.486143799508745     
   2.56984299000000       0.485369928374724     
   2.57049292500000       0.484597177449581     
   2.57114286000000       0.483825389663610     
   2.57179279500000       0.483055054533807     
   2.57244273000000       0.482285831845388     
   2.57309266500000       0.481517635190957     
   2.57374260000000       0.480750630098216     
   2.57439253500000       0.479985048420469     
   2.57504247000000       0.479220553829794     
   2.57569240500000       0.478457059878367     
   2.57634234000000       0.477695020129875     
   2.57699227500000       0.476934087705859     
   2.57764221000000       0.476174145117598     
   2.57829214500000       0.475415703658479     
   2.57894208000000       0.474658332884082     
   2.57959201500000       0.473902000613888     
   2.58024195000000       0.473146873401349     
   2.58089188500000       0.472393150457787     
   2.58154182000000       0.471640565073006     
   2.58219175500000       0.470888971430984     
   2.58284169000000       0.470138842696524     
   2.58349162500000       0.469389836072320     
   2.58414156000000       0.468641812757523     
   2.58479149500000       0.467895284497340     
   2.58544143000000       0.467149852143917     
   2.58609136500000       0.466405463724408     
   2.58674130000000       0.465662279775765     
   2.58739123500000       0.464920512723979     
   2.58804117000000       0.464179880675648     
   2.58869110500000       0.463440233566676     
   2.58934104000000       0.462702070218080     
   2.58999097500000       0.461965039980636     
   2.59064091000000       0.461229014640190     
   2.59129084500000       0.460494446627149     
   2.59194078000000       0.459760992676799     
   2.59259071500000       0.459028632484988     
   2.59324065000000       0.458297439614771     
   2.59389058500000       0.457567663426790     
   2.59454052000000       0.456839041285136     
   2.59519045500000       0.456111412264715     
   2.59584039000000       0.455385285365419     
   2.59649032500000       0.454660273812115     
   2.59714026000000       0.453936261555759     
   2.59779019500000       0.453213722705776     
   2.59844013000000       0.452492310981147     
   2.59909006500000       0.451771965269798     
   2.59974000000000       0.451052813151138     
   2.60038993500000       0.450335080660490     
   2.60103987000000       0.449618512710137     
   2.60168980500000       0.448902947368293     
   2.60233974000000       0.448188857226036     
   2.60298967500000       0.447475888549785     
   2.60363961000000       0.446763996298953     
   2.60428954500000       0.446053287820354     
   2.60493948000000       0.445344004623567     
   2.60558941500000       0.444635884400406     
   2.60623935000000       0.443928745244899     
   2.60688928500000       0.443223107396618     
   2.60753922000000       0.442518592017910     
   2.60818915500000       0.441815107264149     
   2.60883909000000       0.441113066842143     
   2.60948902500000       0.440412164189795     
   2.61013896000000       0.439712358175733     
   2.61078889500000       0.439013723360718     
   2.61143883000000       0.438316509113824     
   2.61208876500000       0.437620470386120     
   2.61273870000000       0.436925443981791     
   2.61338863500000       0.436231847602743     
   2.61403857000000       0.435539401087580     
   2.61468850500000       0.434847999846056     
   2.61533844000000       0.434158049280786     
   2.61598837500000       0.433469235352541     
   2.61663831000000       0.432781489404807     
   2.61728824500000       0.432094947545620     
   2.61793818000000       0.431409804882557     
   2.61858811500000       0.430725826305964     
   2.61923805000000       0.430042865661276     
   2.61988798500000       0.429361363635622     
   2.62053792000000       0.428681003025880     
   2.62118785500000       0.428001668478099     
   2.62183779000000       0.427323777434449     
   2.62248772500000       0.426647023012492     
   2.62313766000000       0.425971353537767     
   2.62378759500000       0.425296853140363     
   2.62443753000000       0.424623794447374     
   2.62508746500000       0.423951882802327     
   2.62573740000000       0.423280977105392     
   2.62638733500000       0.422611521688459     
   2.62703727000000       0.421943179779400     
   2.62768720500000       0.421275923204836     
   2.62833714000000       0.420609889427263     
   2.62898707500000       0.419945231945524     
   2.62963701000000       0.419281719847521     
   2.63028694500000       0.418619258893069     
   2.63093688000000       0.417958215397584     
   2.63158681500000       0.417298304767834     
   2.63223675000000       0.416639418172091     
   2.63288668500000       0.415981993583608     
   2.63353662000000       0.415325678602965     
   2.63418655500000       0.414670430881569     
   2.63483649000000       0.414016386798319     
   2.63548642500000       0.413363720730493     
   2.63613636000000       0.412712219704280     
   2.63678629500000       0.412061719076133     
   2.63743623000000       0.411412661158552     
   2.63808616500000       0.410764729530181     
   2.63873610000000       0.410117814403260     
   2.63938603500000       0.409472345871819     
   2.64003597000000       0.408827998395449     
   2.64068590500000       0.408184707401944     
   2.64133584000000       0.407542608286245     
   2.64198577500000       0.406901872172073     
   2.64263571000000       0.406262289769257     
   2.64328564500000       0.405623737312999     
   2.64393558000000       0.404986606862154     
   2.64458551500000       0.404350595102492     
   2.64523545000000       0.403715575955767     
   2.64588538500000       0.403081987869651     
   2.64653532000000       0.402449527554698     
   2.64718525500000       0.401818137686011     
   2.64783519000000       0.401187912362663     
   2.64848512500000       0.400559049206044     
   2.64913506000000       0.399931344660932     
   2.64978499500000       0.399304624198741     
   2.65043493000000       0.398679314813168     
   2.65108486500000       0.398055132575912     
   2.65173480000000       0.397431950834099     
   2.65238473500000       0.396810195551622     
   2.65303467000000       0.396189549950036     
   2.65368460500000       0.395569936154734     
   2.65433454000000       0.394951502129834     
   2.65498447500000       0.394334415718747     
   2.65563441000000       0.393718468677836     
   2.65628434500000       0.393103536918075     
   2.65693428000000       0.392489957217373     
   2.65758421500000       0.391877510321875     
   2.65823415000000       0.391266110000687     
   2.65888408500000       0.390655865860052     
   2.65953402000000       0.390046976089523     
   2.66018395500000       0.389439205800374     
   2.66083389000000       0.388832433000141     
   2.66148382500000       0.388227039558821     
   2.66213376000000       0.387622756879196     
   2.66278369500000       0.387019475237807     
   2.66343363000000       0.386417541610642     
   2.66408356500000       0.385816721353900     
   2.66473350000000       0.385216941050964     
   2.66538343500000       0.384618320553503     
   2.66603337000000       0.384021042223184     
   2.66668330500000       0.383424841303119     
   2.66733324000000       0.382829651119810     
   2.66798317500000       0.382235827957888     
   2.66863311000000       0.381643081898014     
   2.66928304500000       0.381051325327148     
   2.66993298000000       0.380460957120720     
   2.67058291500000       0.379871640850677     
   2.67123285000000       0.379283371692875     
   2.67188278500000       0.378696232353291     
   2.67253272000000       0.378110414841435     
   2.67318265500000       0.377525708084668     
   2.67383259000000       0.376941946869326     
   2.67448252500000       0.376359552466178     
   2.67513246000000       0.375778261570433     
   2.67578239500000       0.375197911645084     
   2.67643233000000       0.374618915687017     
   2.67708226500000       0.374041001443531     
   2.67773220000000       0.373464106947332     
   2.67838213500000       0.372888318741868     
   2.67903207000000       0.372313841303161     
   2.67968200500000       0.371740456184340     
   2.68033194000000       0.371168024716272     
   2.68098187500000       0.370596920627325     
   2.68163181000000       0.370026866045805     
   2.68228174500000       0.369457839370546     
   2.68293168000000       0.368889921670016     
   2.68358161500000       0.368323291397210     
   2.68423155000000       0.367757739410237     
   2.68488148500000       0.367193147656880     
   2.68553142000000       0.366629877544990     
   2.68618135500000       0.366067655061531     
   2.68683129000000       0.365506376454267     
   2.68748122500000       0.364946429030111     
   2.68813116000000       0.364387546812592     
   2.68878109500000       0.363829626850679     
   2.68943103000000       0.363272809074648     
   2.69008096500000       0.362717281798739     
   2.69073090000000       0.362162785708586     
   2.69138083500000       0.361609246687805     
   2.69203077000000       0.361057015495998     
   2.69268070500000       0.360505797814594     
   2.69333064000000       0.359955541501148     
   2.69398057500000       0.359406588241243     
   2.69463051000000       0.358858638551313     
   2.69528044500000       0.358311693951723     
   2.69593038000000       0.357765821617676     
   2.69658031500000       0.357221187537403     
   2.69723025000000       0.356677605750158     
   2.69788018500000       0.356134964259312     
   2.69853012000000       0.355593580791333     
   2.69918005500000       0.355053230405652     
   2.69982999000000       0.354513821442645     
   2.70047992500000       0.353975668592149     
   2.70112986000000       0.353438539212548     
   2.70177979500000       0.352902377435198     
   2.70242973000000       0.352367287119629     
   2.70307966500000       0.351833398562824     
   2.70372960000000       0.351300566328538     
   2.70437953500000       0.350768627322359     
   2.70502947000000       0.350237935307685     
   2.70567940500000       0.349708282644939     
   2.70632934000000       0.349179516326648     
   2.70697927500000       0.348652006386119     
   2.70762921000000       0.348125503282546     
   2.70827914500000       0.347599928905598     
   2.70892908000000       0.347075415491881     
   2.70957901500000       0.346552105436676     
   2.71022895000000       0.346029805877274     
   2.71087888500000       0.345508405684502     
   2.71152882000000       0.344988236706753     
   2.71217875500000       0.344469058046430     
   2.71282869000000       0.343950823106270     
   2.71347862500000       0.343433600808751     
   2.71412856000000       0.342917574722143     
   2.71477849500000       0.342402564685041     
   2.71542843000000       0.341888415018082     
   2.71607836500000       0.341375479715499     
   2.71672830000000       0.340863554875821     
   2.71737823500000       0.340352509782035     
   2.71802817000000       0.339842656368803     
   2.71867810500000       0.339333759071467     
   2.71932804000000       0.338825827009342     
   2.71997797500000       0.338318885731589     
   2.72062791000000       0.337813090177594     
   2.72127784500000       0.337308301529381     
   2.72192778000000       0.336804375710201     
   2.72257771500000       0.336301642155446     
   2.72322765000000       0.335799866051627     
   2.72387758500000       0.335298945130808     
   2.72452752000000       0.334799249242836     
   2.72517745500000       0.334300490821681     
   2.72582739000000       0.333802611235679     
   2.72647732500000       0.333305751026239     
   2.72712726000000       0.332810022596003     
   2.72777719500000       0.332315245823994     
   2.72842713000000       0.331821336282384     
   2.72907706500000       0.331328600273927     
   2.72972700000000       0.330836807269158     
   2.73037693500000       0.330345859131445     
   2.73102687000000       0.329856071939539     
   2.73167680500000       0.329367220140949     
   2.73232674000000       0.328879227554985     
   2.73297667500000       0.328392228239539     
   2.73362661000000       0.327906349656623     
   2.73427654500000       0.327421408332516     
   2.73492648000000       0.326937318942282     
   2.73557641500000       0.326454364015747     
   2.73622635000000       0.325972336096525     
   2.73687628500000       0.325491150225449     
   2.73752622000000       0.325010946029914     
   2.73817615500000       0.324531842377086     
   2.73882609000000       0.324053663725294     
   2.73947602500000       0.323576325558156     
   2.74012596000000       0.323100082530016     
   2.74077589500000       0.322624759058516     
   2.74142583000000       0.322150278122108     
   2.74207576500000       0.321676896097823     
   2.74272570000000       0.321204432981018     
   2.74337563500000       0.320732828593429     
   2.74402557000000       0.320262128917860     
   2.74467550500000       0.319792532494149     
   2.74532544000000       0.319323863859709     
   2.74597537500000       0.318855971094062     
   2.74662531000000       0.318389174060441     
   2.74727524500000       0.317923262692996     
   2.74792518000000       0.317458186345192     
   2.74857511500000       0.316994210253548     
   2.74922505000000       0.316531093799601     
   2.74987498500000       0.316068812776827     
   2.75052492000000       0.315607441728604     
   2.75117485500000       0.315147135098738     
   2.75182479000000       0.314687705974098     
   2.75247472500000       0.314229076551810     
   2.75312466000000       0.313771530872202     
   2.75377459500000       0.313314861387208     
   2.75442453000000       0.312858969330355     
   2.75507446500000       0.312404145945692     
   2.75572440000000       0.311950193869526     
   2.75637433500000       0.311497037219741     
   2.75702427000000       0.311044796100424     
   2.75767420500000       0.310593569955399     
   2.75832414000000       0.310143216168348     
   2.75897407500000       0.309693645684292     
   2.75962401000000       0.309245118688486     
   2.76027394500000       0.308797456736776     
   2.76092388000000       0.308350567998064     
   2.76157381500000       0.307904712316008     
   2.76222375000000       0.307459695221942     
   2.76287368500000       0.307015486414088     
   2.76352362000000       0.306572145705371     
   2.76417355500000       0.306129811795547     
   2.76482349000000       0.305688330645465     
   2.76547342500000       0.305247610449868     
   2.76612336000000       0.304807903968785     
   2.76677329500000       0.304369024686254     
   2.76742323000000       0.303930937702541     
   2.76807316500000       0.303493708778396     
   2.76872310000000       0.303057457986565     
   2.76937303500000       0.302622082189600     
   2.77002297000000       0.302187411864813     
   2.77067290500000       0.301753774360084     
   2.77132284000000       0.301320967975717     
   2.77197277500000       0.300888862367671     
   2.77262271000000       0.300457784406814     
   2.77327264500000       0.300027509223021     
   2.77392258000000       0.299598003529715     
   2.77457251500000       0.299169336876357     
   2.77522245000000       0.298741649582205     
   2.77587238500000       0.298314766893330     
   2.77652232000000       0.297888598488043     
   2.77717225500000       0.297463424597263     
   2.77782219000000       0.297039077466113     
   2.77847212500000       0.296615441077384     
   2.77912206000000       0.296192776827841     
   2.77977199500000       0.295770889129536     
   2.78042193000000       0.295349751507848     
   2.78107186500000       0.294929467145394     
   2.78172180000000       0.294510112021071     
   2.78237173500000       0.294091533655030     
   2.78302167000000       0.293673681810318     
   2.78367160500000       0.293256816660038     
   2.78432154000000       0.292840694465221     
   2.78497147500000       0.292425282554449     
   2.78562141000000       0.292010863424191     
   2.78627134500000       0.291597176992715     
   2.78692128000000       0.291184234539863     
   2.78757121500000       0.290772107625135     
   2.78822115000000       0.290360884237831     
   2.78887108500000       0.289950449811759     
   2.78952102000000       0.289540697423449     
   2.79017095500000       0.289131902985234     
   2.79082089000000       0.288723850282348     
   2.79147082500000       0.288316527273356     
   2.79212076000000       0.287909979103593     
   2.79277069500000       0.287504343950300     
   2.79342063000000       0.287099499844668     
   2.79407056500000       0.286695300510443     
   2.79472050000000       0.286292040898130     
   2.79537043500000       0.285889546686950     
   2.79602037000000       0.285487697096947     
   2.79667030500000       0.285086794342276     
   2.79732024000000       0.284686624145498     
   2.79797017500000       0.284287151742184     
   2.79862011000000       0.283888444578096     
   2.79927004500000       0.283490630978470     
   2.79991998000000       0.283093569287740     
   2.80056991500000       0.282697166020160     
   2.80121985000000       0.282301676933696     
   2.80186978500000       0.281906924926840     
   2.80251972000000       0.281512815511494     
   2.80316965500000       0.281119610610543     
   2.80381959000000       0.280727128131801     
   2.80446952500000       0.280335327282877     
   2.80511946000000       0.279944275247027     
   2.80576939500000       0.279554096968351     
   2.80641933000000       0.279164667343539     
   2.80706926500000       0.278775858333500     
   2.80771920000000       0.278387958325838     
   2.80836913500000       0.278000768148277     
   2.80901907000000       0.277614216869426     
   2.80966900500000       0.277228543883188     
   2.81031894000000       0.276843560592603     
   2.81096887500000       0.276459272571603     
   2.81161881000000       0.276075723386643     
   2.81226874500000       0.275692985026619     
   2.81291868000000       0.275310988220649     
   2.81356861500000       0.274929621850312     
   2.81421855000000       0.274549108315768     
   2.81486848500000       0.274169330289580     
   2.81551842000000       0.273790149126468     
   2.81616835500000       0.273411814275982     
   2.81681829000000       0.273034208744307     
   2.81746822500000       0.272657223605670     
   2.81811816000000       0.272280956111682     
   2.81876809500000       0.271905520722050     
   2.81941803000000       0.271530799815642     
   2.82006796500000       0.271156708922593     
   2.82071790000000       0.270783436977603     
   2.82136783500000       0.270410859548483     
   2.82201777000000       0.270038915551492     
   2.82266770500000       0.269667666650407     
   2.82331764000000       0.269297235671093     
   2.82396757500000       0.268927509064611     
   2.82461751000000       0.268558367278399     
   2.82526744500000       0.268190077941871     
   2.82591738000000       0.267822483594770     
   2.82656731500000       0.267455457181210     
   2.82721725000000       0.267089265415403     
   2.82786718500000       0.266723740778725     
   2.82851712000000       0.266358844283427     
   2.82916705500000       0.265994646945747     
   2.82981699000000       0.265631230342300     
   2.83046692500000       0.265268504746664     
   2.83111686000000       0.264906372510188     
   2.83176679500000       0.264545050176589     
   2.83241673000000       0.264184388313234     
   2.83306666500000       0.263824306896930     
   2.83371660000000       0.263465042762554     
   2.83436653500000       0.263106433230520     
   2.83501647000000       0.262748437048939     
   2.83566640500000       0.262391099977559     
   2.83631634000000       0.262034553908546     
   2.83696627500000       0.261678695197744     
   2.83761621000000       0.261323398719507     
   2.83826614500000       0.260968876019922     
   2.83891608000000       0.260615027462182     
   2.83956601500000       0.260261763068340     
   2.84021595000000       0.259909268563761     
   2.84086588500000       0.259557425768389     
   2.84151582000000       0.259206169464390     
   2.84216575500000       0.258855585249844     
   2.84281569000000       0.258505769351663     
   2.84346562500000       0.258156616872723     
   2.84411556000000       0.257808007791181     
   2.84476549500000       0.257460179102618     
   2.84541543000000       0.257112999311394     
   2.84606536500000       0.256766391588980     
   2.84671530000000       0.256420439102284     
   2.84736523500000       0.256075243723055     
   2.84801517000000       0.255730683243119     
   2.84866510500000       0.255386705381343     
   2.84931504000000       0.255043474379590     
   2.84996497500000       0.254700867169066     
   2.85061491000000       0.254358830491643     
   2.85126484500000       0.254017575598787     
   2.85191478000000       0.253676910502820     
   2.85256471500000       0.253336814422859     
   2.85321465000000       0.252997398545039     
   2.85386458500000       0.252658705976432     
   2.85451452000000       0.252320647637164     
   2.85516445500000       0.251983121977616     
   2.85581439000000       0.251646358654134     
   2.85646432500000       0.251310215961201     
   2.85711426000000       0.250974622693612     
   2.85776419500000       0.250639761143319     
   2.85841413000000       0.250305526111525     
   2.85906406500000       0.249971856459302     
   2.85971400000000       0.249638803737694     
   2.86036393500000       0.249306502654173     
   2.86101387000000       0.248974794567475     
   2.86166380500000       0.248643620131785     
   2.86231374000000       0.248313206102681     
   2.86296367500000       0.247983395239549     
   2.86361361000000       0.247654114394288     
   2.86426354500000       0.247325571486797     
   2.86491348000000       0.246997630826482     
   2.86556341500000       0.246670247003542     
   2.86621335000000       0.246343488681706     
   2.86686328500000       0.246017436259743     
   2.86751322000000       0.245691994316206     
   2.86816315500000       0.245367059588393     
   2.86881309000000       0.245042866863292     
   2.86946302500000       0.244719288351682     
   2.87011296000000       0.244396236085694     
   2.87076289500000       0.244073796842131     
   2.87141283000000       0.243752065212581     
   2.87206276500000       0.243430942890860     
   2.87271270000000       0.243110334240407     
   2.87336263500000       0.242790432915765     
   2.87401257000000       0.242471137957010     
   2.87466250500000       0.242152371302428     
   2.87531244000000       0.241834318312901     
   2.87596237500000       0.241516831929763     
   2.87661231000000       0.241199894430665     
   2.87726224500000       0.240883564488004     
   2.87791218000000       0.240567922620801     
   2.87856211500000       0.240252870758447     
   2.87921205000000       0.239938342971905     
   2.87986198500000       0.239624526504684     
   2.88051192000000       0.239311277232709     
   2.88116185500000       0.238998542240196     
   2.88181179000000       0.238686525553558     
   2.88246172500000       0.238375058756438     
   2.88311166000000       0.238064149204573     
   2.88376159500000       0.237753831116764     
   2.88441153000000       0.237444173190446     
   2.88506146500000       0.237135127133320     
   2.88571140000000       0.236826577582542     
   2.88636133500000       0.236518726880966     
   2.88701127000000       0.236211440692099     
   2.88766120500000       0.235904664064815     
   2.88831114000000       0.235598593517052     
   2.88896107500000       0.235293090297717     
   2.88961101000000       0.234988097079501     
   2.89026094500000       0.234683693299766     
   2.89091088000000       0.234379970350157     
   2.89156081500000       0.234076823788200     
   2.89221075000000       0.233774162763788     
   2.89286068500000       0.233472203264853     
   2.89351062000000       0.233170817392056     
   2.89416055500000       0.232869907995400     
   2.89481049000000       0.232569699056112     
   2.89546042500000       0.232270057489521     
   2.89611036000000       0.231970927585461     
   2.89676029500000       0.231672366921250     
   2.89741023000000       0.231374473743732     
   2.89806016500000       0.231077163934845     
   2.89871010000000       0.230780331057006     
   2.89936003500000       0.230484188259612     
   2.90000997000000       0.230188604914642     
   2.90065990500000       0.229893527092296     
   2.90130984000000       0.229599020002315     
   2.90195977500000       0.229305173389000     
   2.90260971000000       0.229011884061977     
   2.90325964500000       0.228719107783935     
   2.90390958000000       0.228426988268070     
   2.90455951500000       0.228135419917825     
   2.90520945000000       0.227844364374306     
   2.90585938500000       0.227553955348817     
   2.90650932000000       0.227264094420794     
   2.90715925500000       0.226974758160677     
   2.90780919000000       0.226685993253692     
   2.90845912500000       0.226397861741164     
   2.90910906000000       0.226110287540079     
   2.90975899500000       0.225823215539071     
   2.91040893000000       0.225536800667891     
   2.91105886500000       0.225250930014514     
   2.91170880000000       0.224965542972962     
   2.91235873500000       0.224680832552174     
   2.91300867000000       0.224396666702414     
   2.91365860500000       0.224112997871329     
   2.91430854000000       0.223829881722452     
   2.91495847500000       0.223547418966585     
   2.91560841000000       0.223265524353868     
   2.91625834500000       0.222984094328829     
   2.91690828000000       0.222703309170414     
   2.91755821500000       0.222423081721250     
   2.91820815000000       0.222143336384761     
   2.91885808500000       0.221864244860779     
   2.91950802000000       0.221585689287292     
   2.92015795500000       0.221307649503066     
   2.92080789000000       0.221030151987525     
   2.92145782500000       0.220753280049069     
   2.92210776000000       0.220476981518041     
   2.92275769500000       0.220201154431831     
   2.92340763000000       0.219925971415891     
   2.92405756500000       0.219651322626249     
   2.92470750000000       0.219377162061040     
   2.92535743500000       0.219103575930351     
   2.92600737000000       0.218830607202285     
   2.92665730500000       0.218558185415049     
   2.92730724000000       0.218286240846842     
   2.92795717500000       0.218014938051631     
   2.92860711000000       0.217744170876709     
   2.92925704500000       0.217473890488187     
   2.92990698000000       0.217204251140909     
   2.93055691500000       0.216935135595765     
   2.93120685000000       0.216666523657905     
   2.93185678500000       0.216398461247693     
   2.93250672000000       0.216131008818531     
   2.93315665500000       0.215864105593181     
   2.93380659000000       0.215597672189674     
   2.93445652500000       0.215331882553390     
   2.93510646000000       0.215066635690538     
   2.93575639500000       0.214801837388556     
   2.93640633000000       0.214537689959875     
   2.93705626500000       0.214274072139295     
   2.93770620000000       0.214010937121122     
   2.93835613500000       0.213748359276520     
   2.93900607000000       0.213486392250891     
   2.93965600500000       0.213224964340244     
   2.94030594000000       0.212964000216028     
   2.94095587500000       0.212703667586310     
   2.94160581000000       0.212443878307426     
   2.94225574500000       0.212184540849815     
   2.94290568000000       0.211925842306577     
   2.94355561500000       0.211667681148850     
   2.94420555000000       0.211409993752563     
   2.94485548500000       0.211152852188853     
   2.94550542000000       0.210896324677540     
   2.94615535500000       0.210640324471922     
   2.94680529000000       0.210384789550441     
   2.94745522500000       0.210129888133674     
   2.94810516000000       0.209875510418036     
   2.94875509500000       0.209621603921226     
   2.94940503000000       0.209368318738077     
   2.95005496500000       0.209115553619630     
   2.95070490000000       0.208863279565580     
   2.95135483500000       0.208611535050319     
   2.95200477000000       0.208360396643420     
   2.95265470500000       0.208109788536817     
   2.95330464000000       0.207859652559633     
   2.95395457500000       0.207610136249379     
   2.95460451000000       0.207361141409492     
   2.95525444500000       0.207112629493043     
   2.95590438000000       0.206864636024825     
   2.95655431500000       0.206617263060453     
   2.95720425000000       0.206370409050806     
   2.95785418500000       0.206124008253682     
   2.95850412000000       0.205878239989660     
   2.95915405500000       0.205632997007520     
   2.95980399000000       0.205388204671736     
   2.96045392500000       0.205144037538034     
   2.96110386000000       0.204900380431528     
   2.96175379500000       0.204657198006290     
   2.96240373000000       0.204414563091310     
   2.96305366500000       0.204172521367611     
   2.96370360000000       0.203930991470349     
   2.96435353500000       0.203689928722464     
   2.96500347000000       0.203449483014193     
   2.96565340500000       0.203209545274978     
   2.96630334000000       0.202970067420052     
   2.96695327500000       0.202731210302151     
   2.96760321000000       0.202492868151937     
   2.96825314500000       0.202254989920042     
   2.96890308000000       0.202017643227254     
   2.96955301500000       0.201780886157051     
   2.97020295000000       0.201544651273082     
   2.97085288500000       0.201308888967253     
   2.97150282000000       0.201073721358999     
   2.97215275500000       0.200839068624555     
   2.97280269000000       0.200604866426821     
   2.97345262500000       0.200371261058083     
   2.97410256000000       0.200138184037030     
   2.97475249500000       0.199905583910527     
   2.97540243000000       0.199673502463176     
   2.97605236500000       0.199442005694046     
   2.97670230000000       0.199211025329733     
   2.97735223500000       0.198980496353562     
   2.97800217000000       0.198750563337394     
   2.97865210500000       0.198521151600835     
   2.97930204000000       0.198292207655955     
   2.97995197500000       0.198063784593657     
   2.98060191000000       0.197835945752759     
   2.98125184500000       0.197608613113016     
   2.98190178000000       0.197381737285560     
   2.98255171500000       0.197155445299917     
   2.98320165000000       0.196929668324957     
   2.98385158500000       0.196704355845777     
   2.98450152000000       0.196479641951207     
   2.98515145500000       0.196255426870452     
   2.98580139000000       0.196031675873871     
   2.98645132500000       0.195808437746522     
   2.98710126000000       0.195585770937935     
   2.98775119500000       0.195363622308200     
   2.98840113000000       0.195141932843350     
   2.98905106500000       0.194920819145862     
   2.98970100000000       0.194700212287885     
   2.99035093500000       0.194480064723047     
   2.99100087000000       0.194260491156210     
   2.99165080500000       0.194041435263355     
   2.99230074000000       0.193822837034918     
   2.99295067500000       0.193604745551008     
   2.99360061000000       0.193387219465787     
   2.99425054500000       0.193170203955054     
   2.99490048000000       0.192953647058896     
   2.99555041500000       0.192737665961867     
   2.99620035000000       0.192522184843315     
   2.99685028500000       0.192307142950612     
   2.99750022000000       0.192092679190425     
   2.99815015500000       0.191878724314625     
   2.99880009000000       0.191665223203062     
   2.99945002500000       0.191452229961008     
   3.00009996000000       0.191239798264521     
   3.00074989500000       0.191027869393854     
   3.00139983000000       0.190816391950201     
   3.00204976500000       0.190605481172313     
   3.00269970000000       0.190395063243803     
   3.00334963500000       0.190185091064319     
   3.00399957000000       0.189975685840886     
   3.00464950500000       0.189766778811815     
   3.00529944000000       0.189558330613031     
   3.00594937500000       0.189350378358047     
   3.00659931000000       0.189142978717866     
   3.00724924500000       0.188936089482668     
   3.00789918000000       0.188729630895059     
   3.00854911500000       0.188523735207252     
   3.00919905000000       0.188318325619935     
   3.00984898500000       0.188113382942316     
   3.01049892000000       0.187908922234156     
   3.01114885500000       0.187705009990275     
   3.01179879000000       0.187501595335081     
   3.01244872500000       0.187298616635654     
   3.01309866000000       0.187096208837101     
   3.01374859500000       0.186894274497078     
   3.01439853000000       0.186692768146227     
   3.01504846500000       0.186491842533210     
   3.01569840000000       0.186291395713191     
   3.01634833500000       0.186091377342976     
   3.01699827000000       0.185891851257680     
   3.01764820500000       0.185692880319410     
   3.01829814000000       0.185494397537446     
   3.01894807500000       0.185296334958157     
   3.01959801000000       0.185098832233187     
   3.02024794500000       0.184901806854130     
   3.02089788000000       0.184705194932973     
   3.02154781500000       0.184509146573361     
   3.02219775000000       0.184313581248240     
   3.02284768500000       0.184118442368671     
   3.02349762000000       0.183923790494827     
   3.02414755500000       0.183729671607982     
   3.02479749000000       0.183536034689139     
   3.02544742500000       0.183342826810484     
   3.02609736000000       0.183150148331566     
   3.02674729500000       0.182957939100324     
   3.02739723000000       0.182766170004660     
   3.02804716500000       0.182574937807491     
   3.02869710000000       0.182384162366629     
   3.02934703500000       0.182193824999373     
   3.02999697000000       0.182003959977248     
   3.03064690500000       0.181814635436458     
   3.03129684000000       0.181625774860618     
   3.03194677500000       0.181437313160347     
   3.03259671000000       0.181249397988365     
   3.03324664500000       0.181061936504436     
   3.03389658000000       0.180874915628128     
   3.03454651500000       0.180688361153158     
   3.03519645000000       0.180502315805707     
   3.03584638500000       0.180316741244723     
   3.03649632000000       0.180131565841150     
   3.03714625500000       0.179946927441795     
   3.03779619000000       0.179762747412995     
   3.03844612500000       0.179578984344370     
   3.03909606000000       0.179395736686455     
   3.03974599500000       0.179212931416011     
   3.04039593000000       0.179030560274434     
   3.04104586500000       0.178848636356212     
   3.04169580000000       0.178667226230104     
   3.04234573500000       0.178486276424004     
   3.04299567000000       0.178305709098984     
   3.04364560500000       0.178125674083437     
   3.04429554000000       0.177946085909404     
   3.04494547500000       0.177766884138121     
   3.04559541000000       0.177588214356351     
   3.04624534500000       0.177409974825484     
   3.04689528000000       0.177232150477549     
   3.04754521500000       0.177054781994326     
   3.04819515000000       0.176877896834418     
   3.04884508500000       0.176701458612961     
   3.04949502000000       0.176525414597402     
   3.05014495500000       0.176349865711378     
   3.05079489000000       0.176174758168604     
   3.05144482500000       0.176000057340913     
   3.05209476000000       0.175825838231338     
   3.05274469500000       0.175652057719177     
   3.05339463000000       0.175478672918137     
   3.05404456500000       0.175305728793583     
   3.05469450000000       0.175133270490860     
   3.05534443500000       0.174961241865695     
   3.05599437000000       0.174789589945063     
   3.05664430500000       0.174618423502908     
   3.05729424000000       0.174447710431049     
   3.05794417500000       0.174277363298121     
   3.05859411000000       0.174107488874977     
   3.05924404500000       0.173938039148973     
   3.05989398000000       0.173768995147597     
   3.06054391500000       0.173600371667788     
   3.06119385000000       0.173432206891856     
   3.06184378500000       0.173264466323231     
   3.06249372000000       0.173097100968234     
   3.06314365500000       0.172930207704760     
   3.06379359000000       0.172763722518460     
   3.06444352500000       0.172597626190836     
   3.06509346000000       0.172431944381279     
   3.06574339500000       0.172266724383062     
   3.06639333000000       0.172101910426444     
   3.06704326500000       0.171937455110252     
   3.06769320000000       0.171773473023476     
   3.06834313500000       0.171609907717438     
   3.06899307000000       0.171446689318275     
   3.06964300500000       0.171283926553497     
   3.07029294000000       0.171121570333381     
   3.07094287500000       0.170959574737087     
   3.07159281000000       0.170797992490516     
   3.07224274500000       0.170636853495527     
   3.07289268000000       0.170476108042899     
   3.07354261500000       0.170315705339061     
   3.07419255000000       0.170155758784346     
   3.07484248500000       0.169996213977132     
   3.07549242000000       0.169836999658645     
   3.07614235500000       0.169678251766296     
   3.07679229000000       0.169519876718229     
   3.07744222500000       0.169361852419974     
   3.07809216000000       0.169204227794998     
   3.07874209500000       0.169047016014916     
   3.07939203000000       0.168890196748602     
   3.08004196500000       0.168733704407203     
   3.08069190000000       0.168577654410252     
   3.08134183500000       0.168421990349641     
   3.08199177000000       0.168266646991752     
   3.08264170500000       0.168111727285062     
   3.08329164000000       0.167957181472181     
   3.08394157500000       0.167802978046655     
   3.08459151000000       0.167649160427357     
   3.08524144500000       0.167495742497305     
   3.08589138000000       0.167342689753663     
   3.08654131500000       0.167189960994339     
   3.08719125000000       0.167037659043210     
   3.08784118500000       0.166885712916390     
   3.08849112000000       0.166734085368914     
   3.08914105500000       0.166582828854160     
   3.08979099000000       0.166431965917616     
   3.09044092500000       0.166281461264216     
   3.09109086000000       0.166131264639509     
   3.09174079500000       0.165981486205061     
   3.09239073000000       0.165832061188847     
   3.09304066500000       0.165682930462047     
   3.09369060000000       0.165534190299084     
   3.09434053500000       0.165385805178549     
   3.09499047000000       0.165237746072798     
   3.09564040500000       0.165090017133411     
   3.09629034000000       0.164942657705585     
   3.09694027500000       0.164795665775200     
   3.09759021000000       0.164648953970993     
   3.09824014500000       0.164502626407052     
   3.09889008000000       0.164356656203894     
   3.09954001500000       0.164210947859861     
   3.10018995000000       0.164065627616265     
   3.10083988500000       0.163920653018076     
   3.10148982000000       0.163775943601762     
   3.10213975500000       0.163631564364900     
   3.10278969000000       0.163487571714139     
   3.10343962500000       0.163343906388923     
   3.10408956000000       0.163200502789832     
   3.10473949500000       0.163057468632727     
   3.10538943000000       0.162914764013276     
   3.10603936500000       0.162772322619633     
   3.10668930000000       0.162630242733899     
   3.10733923500000       0.162488467227838     
   3.10798917000000       0.162346986806287     
   3.10863910500000       0.162205802000621     
   3.10928904000000       0.162064974370282     
   3.10993897500000       0.161924449297861     
   3.11058891000000       0.161784175592446     
   3.11123884500000       0.161644254383458     
   3.11188878000000       0.161504636288241     
   3.11253871500000       0.161365280777140     
   3.11318865000000       0.161226271593111     
   3.11383858500000       0.161087545258527     
   3.11448852000000       0.160949074667783     
   3.11513845500000       0.160810908418236     
   3.11578839000000       0.160673050430999     
   3.11643832500000       0.160535497565338     
   3.11708826000000       0.160398192464642     
   3.11773819500000       0.160261205135316     
   3.11838813000000       0.160124497470232     
   3.11903806500000       0.159988041876119     
   3.11968800000000       0.159851858380710     
   3.12033793500000       0.159715994278213     
   3.12098787000000       0.159580413433853     
   3.12163780500000       0.159445067081668     
   3.12228774000000       0.159310033331780     
   3.12293767500000       0.159175255011695     
   3.12358761000000       0.159040702577307     
   3.12423754500000       0.158906474909118     
   3.12488748000000       0.158772497851852     
   3.12553741500000       0.158638750467843     
   3.12618735000000       0.158505276449804     
   3.12683728500000       0.158372084376312     
   3.12748722000000       0.158239155153066     
   3.12813715500000       0.158106447653474     
   3.12878709000000       0.157974022625034     
   3.12943702500000       0.157841852265081     
   3.13008696000000       0.157709894804740     
   3.13073689500000       0.157578226119644     
   3.13138683000000       0.157446798748737     
   3.13203676500000       0.157315585578794     
   3.13268670000000       0.157184620150763     
   3.13333663500000       0.157053923462263     
   3.13398657000000       0.156923463430996     
   3.13463650500000       0.156793214622589     
   3.13528644000000       0.156663237147950     
   3.13593637500000       0.156533477152822     
   3.13658631000000       0.156403917589455     
   3.13723624500000       0.156274640870989     
   3.13788618000000       0.156145589173669     
   3.13853611500000       0.156016730047330     
   3.13918605000000       0.155888084977301     
   3.13983598500000       0.155759696829771     
   3.14048592000000       0.155631545256697     
   3.14113585500000       0.155503563808475     
   3.14178579000000       0.155375842287135     
   3.14243572500000       0.155248331269005     
   3.14308566000000       0.155121004749576     
   3.14373559500000       0.154993899359988     
   3.14438553000000       0.154867022793292     
   3.14503546500000       0.154740354301015     
   3.14568540000000       0.154613873833414     
   3.14633533500000       0.154487646485933     
   3.14698527000000       0.154361590090919     
   3.14763520500000       0.154235712113355     
   3.14828514000000       0.154110077021911     
   3.14893507500000       0.153984626463196     
   3.14958501000000       0.153859361974959     
   3.15023494500000       0.153734285432951     
   3.15088488000000       0.153609436674064     
   3.15153481500000       0.153484781271212     
   3.15218475000000       0.153360280017996     
   3.15283468500000       0.153236004204958     
   3.15348462000000       0.153111915424181     
   3.15413455500000       0.152987972483442     
   3.15478449000000       0.152864256865141     
   3.15543442500000       0.152740725149315     
   3.15608436000000       0.152617341524541     
   3.15673429500000       0.152494133473859     
   3.15738423000000       0.152371146614389     
   3.15803416500000       0.152248339230308     
   3.15868410000000       0.152125662445506     
   3.15933403500000       0.152003198445383     
   3.15998397000000       0.151880901936368     
   3.16063390500000       0.151758749460997     
   3.16128384000000       0.151636806844431     
   3.16193377500000       0.151515021112745     
   3.16258371000000       0.151393381164843     
   3.16323364500000       0.151271911950297     
   3.16388358000000       0.151150638772504     
   3.16453351500000       0.151029519066500     
   3.16518345000000       0.150908527005695     
   3.16583338500000       0.150787738737560     
   3.16648332000000       0.150667102337459     
   3.16713325500000       0.150546593596538     
   3.16778319000000       0.150426291920157     
   3.16843312500000       0.150306133122286     
   3.16908306000000       0.150186090474794     
   3.16973299500000       0.150066218993962     
   3.17038293000000       0.149946520949999     
   3.17103286500000       0.149826972213638     
   3.17168280000000       0.149707545835233     
   3.17233273500000       0.149588306601178     
   3.17298267000000       0.149469212342352     
   3.17363260500000       0.149350238304322     
   3.17428254000000       0.149231412850123     
   3.17493247500000       0.149112767276078     
   3.17558241000000       0.148994262574971     
   3.17623234500000       0.148875863679818     
   3.17688228000000       0.148757642145928     
   3.17753221500000       0.148639572199676     
   3.17818215000000       0.148521603207063     
   3.17883208500000       0.148403815131262     
   3.17948202000000       0.148286166389533     
   3.18013195500000       0.148168621653117     
   3.18078189000000       0.148051219800048     
   3.18143182500000       0.147933989978841     
   3.18208176000000       0.147816894328424     
   3.18273169500000       0.147699893887760     
   3.18338163000000       0.147583073236620     
   3.18403156500000       0.147466394795376     
   3.18468150000000       0.147349811842460     
   3.18533143500000       0.147233403055190     
   3.18598137000000       0.147117124232427     
   3.18663130500000       0.147000951307371     
   3.18728124000000       0.146884912761887     
   3.18793117500000       0.146769034428896     
   3.18858111000000       0.146653304311143     
   3.18923104500000       0.146537660964939     
   3.18988098000000       0.146422178529348     
   3.19053091500000       0.146306842477874     
   3.19118085000000       0.146191600987789     
   3.19183078500000       0.146076532054606     
   3.19248072000000       0.145961596066855     
   3.19313065500000       0.145846753790983     
   3.19378059000000       0.145732046375760     
   3.19443052500000       0.145617513431616     
   3.19508046000000       0.145503115521390     
   3.19573039500000       0.145388803476667     
   3.19638033000000       0.145274666319580     
   3.19703026500000       0.145160657937988     
   3.19768020000000       0.145046765312361     
   3.19833013500000       0.144933006884748     
   3.19898007000000       0.144819399604893     
   3.19963000500000       0.144705939745136     
   3.20027994000000       0.144592585218505     
   3.20092987500000       0.144479399654553     
   3.20157981000000       0.144366346853708     
   3.20222974500000       0.144253400070978     
   3.20287968000000       0.144140633326985     
   3.20352961500000       0.144027994864420     
   3.20417955000000       0.143915473406747     
   3.20482948500000       0.143803092480839     
   3.20547942000000       0.143690881644668     
   3.20612935500000       0.143578813901189     
   3.20677929000000       0.143466849906964     
   3.20742922500000       0.143355064620056     
   3.20807916000000       0.143243418768653     
   3.20872909500000       0.143131890389022     
   3.20937903000000       0.143020538524814     
   3.21002896500000       0.142909322348569     
   3.21067890000000       0.142798233484311     
   3.21132883500000       0.142687280035153     
   3.21197877000000       0.142576505810614     
   3.21262870500000       0.142465885188565     
   3.21327864000000       0.142355365036904     
   3.21392857500000       0.142245033495507     
   3.21457851000000       0.142134849644513     
   3.21522844500000       0.142024781324254     
   3.21587838000000       0.141914886245647     
   3.21652831500000       0.141805137585434     
   3.21717825000000       0.141695522917239     
   3.21782818500000       0.141586054563759     
   3.21847812000000       0.141476763235935     
   3.21912805500000       0.141367623083328     
   3.21977799000000       0.141258596209460     
   3.22042792500000       0.141149750940038     
   3.22107786000000       0.141041063213375     
   3.22172779500000       0.140932499624676     
   3.22237773000000       0.140824118561685     
   3.22302766500000       0.140715884795082     
   3.22367760000000       0.140607772081144     
   3.22432753500000       0.140499816820690     
   3.22497747000000       0.140392045407282     
   3.22562740500000       0.140284423146782     
   3.22627734000000       0.140176915007377     
   3.22692727500000       0.140069597774075     
   3.22757721000000       0.139962446473937     
   3.22822714500000       0.139855415074705     
   3.22887708000000       0.139748529580640     
   3.22952701500000       0.139641838755187     
   3.23017695000000       0.139535305833150     
   3.23082688500000       0.139428884236741     
   3.23147682000000       0.139322655950170     
   3.23212675500000       0.139216583824868     
   3.23277669000000       0.139110634399063     
   3.23342662500000       0.139004874308943     
   3.23407656000000       0.138899268561454     
   3.23472649500000       0.138793794257069     
   3.23537643000000       0.138688476079736     
   3.23602636500000       0.138583341368684     
   3.23667630000000       0.138478362437868     
   3.23732623500000       0.138373517139067     
   3.23797617000000       0.138268860140179     
   3.23862610500000       0.138164358300338     
   3.23927604000000       0.138059978754800     
   3.23992597500000       0.137955792609351     
   3.24057591000000       0.137851757851223     
   3.24122584500000       0.137747864587535     
   3.24187578000000       0.137644125933715     
   3.24252571500000       0.137540567967880     
   3.24317565000000       0.137437178635382     
   3.24382558500000       0.137333909390142     
   3.24447552000000       0.137230831700469     
   3.24512545500000       0.137127908285480     
   3.24577539000000       0.137025119579709     
   3.24642532500000       0.136922518160974     
   3.24707526000000       0.136820070344205     
   3.24772519500000       0.136717761128877     
   3.24837513000000       0.136615617562452     
   3.24902506500000       0.136513654925414     
   3.24967500000000       0.136411851526458     
   3.25032493500000       0.136310169263479     
   3.25097487000000       0.136208685234061     
   3.25162480500000       0.136107367303575     
   3.25227474000000       0.136006163985429     
   3.25292467500000       0.135905130257541     
   3.25357461000000       0.135804286348168     
   3.25422454500000       0.135703599607924     
   3.25487448000000       0.135603035295080     
   3.25552441500000       0.135502667011519     
   3.25617435000000       0.135402468605114     
   3.25682428500000       0.135302377538541     
   3.25747422000000       0.135202487069372     
   3.25812415500000       0.135102760733436     
   3.25877409000000       0.135003163811373     
   3.25942402500000       0.134903724545824     
   3.26007396000000       0.134804464203852     
   3.26072389500000       0.134705371784788     
   3.26137383000000       0.134606410944650     
   3.26202376500000       0.134507637370072     
   3.26267370000000       0.134409019320331     
   3.26332363500000       0.134310534488644     
   3.26397357000000       0.134212247494792     
   3.26462350500000       0.134114115525054     
   3.26527344000000       0.134016102611826     
   3.26592337500000       0.133918257846688     
   3.26657331000000       0.133820601088930     
   3.26722324500000       0.133723101148125     
   3.26787318000000       0.133625727131909     
   3.26852311500000       0.133528538060879     
   3.26917305000000       0.133431517842051     
   3.26982298500000       0.133334620889821     
   3.27047292000000       0.133237908270600     
   3.27112285500000       0.133141362068634     
   3.27177279000000       0.133044946672826     
   3.27242272500000       0.132948688247406     
   3.27307266000000       0.132852609966741     
   3.27372259500000       0.132756690214479     
   3.27437253000000       0.132660893104915     
   3.27502246500000       0.132565294044854     
   3.27567240000000       0.132469850782706     
   3.27632233500000       0.132374526748790     
   3.27697227000000       0.132279373047808     
   3.27762220500000       0.132184397036047     
   3.27827214000000       0.132089579540050     
   3.27892207500000       0.131994887457728     
   3.27957201000000       0.131900381414477     
   3.28022194500000       0.131806031382083     
   3.28087188000000       0.131711808835322     
   3.28152181500000       0.131617773508083     
   3.28217175000000       0.131523891608599     
   3.28282168500000       0.131430146040868     
   3.28347162000000       0.131336545725335     
   3.28412155500000       0.131243125398974     
   3.28477149000000       0.131149864312734     
   3.28542142500000       0.131056729276276     
   3.28607136000000       0.130963782308698     
   3.28672129500000       0.130870981090953     
   3.28737123000000       0.130778307714524     
   3.28802116500000       0.130685823174415     
   3.28867110000000       0.130593481464330     
   3.28932103500000       0.130501274840720     
   3.28997097000000       0.130409227236788     
   3.29062090500000       0.130317349536560     
   3.29127084000000       0.130225621857832     
   3.29192077500000       0.130134021440716     
   3.29257071000000       0.130042608832231     
   3.29322064500000       0.129951342665844     
   3.29387058000000       0.129860196567924     
   3.29452051500000       0.129769228214785     
   3.29517045000000       0.129678415647592     
   3.29582038500000       0.129587740703946     
   3.29647032000000       0.129497202130226     
   3.29712025500000       0.129406835103303     
   3.29777019000000       0.129316629442813     
   3.29842012500000       0.129226540239202     
   3.29907006000000       0.129136631201565     
   3.29971999500000       0.129046868940041     
   3.30036993000000       0.128957237124241     
   3.30101986500000       0.128867783521716     
   3.30166980000000       0.128778467075792     
   3.30231973500000       0.128689277846213     
   3.30296967000000       0.128600239265091     
   3.30361960500000       0.128511362710106     
   3.30426954000000       0.128422636353635     
   3.30491947500000       0.128334042379559     
   3.30556941000000       0.128245612552211     
   3.30621934500000       0.128157333233034     
   3.30686928000000       0.128069180792457     
   3.30751921500000       0.127981169130131     
   3.30816915000000       0.127893320247837     
   3.30881908500000       0.127805622672415     
   3.30946902000000       0.127718047861363     
   3.31011895500000       0.127630640055200     
   3.31076889000000       0.127543375667123     
   3.31141882500000       0.127456222075079     
   3.31206876000000       0.127369246253450     
   3.31271869500000       0.127282419865087     
   3.31336863000000       0.127195712347014     
   3.31401856500000       0.127109145756932     
   3.31466850000000       0.127022744890646     
   3.31531843500000       0.126936474595770     
   3.31596837000000       0.126850330832670     
   3.31661830500000       0.126764352729959     
   3.31726824000000       0.126678516186398     
   3.31791817500000       0.126592797572843     
   3.31856811000000       0.126507233422240     
   3.31921804500000       0.126421823748582     
   3.31986798000000       0.126336532334978     
   3.32051791500000       0.126251375362031     
   3.32116785000000       0.126166370399771     
   3.32181778500000       0.126081510511758     
   3.32246772000000       0.125996767101041     
   3.32311765500000       0.125912180458156     
   3.32376759000000       0.125827738754483     
   3.32441752500000       0.125743412308362     
   3.32506746000000       0.125659244312740     
   3.32571739500000       0.125575209831229     
   3.32636733000000       0.125491289316911     
   3.32701726500000       0.125407500478186     
   3.32766720000000       0.125323876321483     
   3.32831713500000       0.125240390264968     
   3.32896707000000       0.125156997945185     
   3.32961700500000       0.125073776731419     
   3.33026694000000       0.124990693894902     
   3.33091687500000       0.124907713316176     
   3.33156681000000       0.124824869828536     
   3.33221674500000       0.124742179603210     
   3.33286668000000       0.124659626651439     
   3.33351661500000       0.124577176692115     
   3.33416655000000       0.124494880444200     
   3.33481648500000       0.124412721277962     
   3.33546642000000       0.124330665558140     
   3.33611635500000       0.124248767511166     
   3.33676629000000       0.124166993083130     
   3.33741622500000       0.124085330262243     
   3.33806616000000       0.124003797338545     
   3.33871609500000       0.123922413156902     
   3.33936603000000       0.123841164502821     
   3.34001596500000       0.123760009354600     
   3.34066590000000       0.123679006101348     
   3.34131583500000       0.123598137050447     
   3.34196577000000       0.123517366304281     
   3.34261570500000       0.123436748397856     
   3.34326564000000       0.123356256065788     
   3.34391557500000       0.123275870158737     
   3.34456551000000       0.123195608008579     
   3.34521544500000       0.123115486389376     
   3.34586538000000       0.123035494735095     
   3.34651531500000       0.122955603799944     
   3.34716525000000       0.122875861684270     
   3.34781518500000       0.122796237573473     
   3.34846512000000       0.122716711216872     
   3.34911505500000       0.122637333409975     
   3.34976499000000       0.122558077750692     
   3.35041492500000       0.122478925861872     
   3.35106486000000       0.122399892266305     
   3.35171479500000       0.122320996240399     
   3.35236473000000       0.122242227872263     
   3.35301466500000       0.122163550322640     
   3.35366460000000       0.122085016156620     
   3.35431453500000       0.122006605176346     
   3.35496447000000       0.121928281399888     
   3.35561440500000       0.121850102581492     
   3.35626434000000       0.121772043639237     
   3.35691427500000       0.121694079662453     
   3.35756421000000       0.121616229475807     
   3.35821414500000       0.121538518650128     
   3.35886408000000       0.121460926044327     
   3.35951401500000       0.121383422339661     
   3.36016395000000       0.121306060511710     
   3.36081388500000       0.121228807748664     
   3.36146382000000       0.121151651437875     
   3.36211375500000       0.121074611664166     
   3.36276369000000       0.120997700609130     
   3.36341362500000       0.120920904791265     
   3.36406356000000       0.120844195270919     
   3.36471349500000       0.120767620963415     
   3.36536343000000       0.120691164489679     
   3.36601336500000       0.120614795866771     
   3.36666330000000       0.120538551021641     
   3.36731323500000       0.120462419785544     
   3.36796317000000       0.120386382789910     
   3.36861310500000       0.120310451566141     
   3.36926304000000       0.120234651855882     
   3.36991297500000       0.120158962927159     
   3.37056291000000       0.120083351628760     
   3.37121284500000       0.120007872327739     
   3.37186278000000       0.119932501922801     
   3.37251271500000       0.119857216026585     
   3.37316265000000       0.119782058127984     
   3.37381258500000       0.119707003446349     
   3.37446252000000       0.119632038565406     
   3.37511245500000       0.119557177395013     
   3.37576239000000       0.119482438309282     
   3.37641232500000       0.119407805318110     
   3.37706226000000       0.119333253741193     
   3.37771219500000       0.119258825245076     
   3.37836213000000       0.119184497674952     
   3.37901206500000       0.119110250751843     
   3.37966200000000       0.119036131852426     
   3.38031193500000       0.118962112854272     
   3.38096187000000       0.118888171155776     
   3.38161180500000       0.118814330286368     
   3.38226174000000       0.118740613293230     
   3.38291167500000       0.118666994653157     
   3.38356161000000       0.118593447612104     
   3.38421154500000       0.118520023990326     
   3.38486148000000       0.118446700735709     
   3.38551141500000       0.118373458171826     
   3.38616135000000       0.118300305236526     
   3.38681128500000       0.118227272941364     
   3.38746122000000       0.118154340344810     
   3.38811115500000       0.118081475593258     
   3.38876109000000       0.118008725377672     
   3.38941102500000       0.117936073775933     
   3.39006096000000       0.117863497059503     
   3.39071089500000       0.117791034854081     
   3.39136083000000       0.117718666409266     
   3.39201076500000       0.117646371195727     
   3.39266070000000       0.117574171588972     
   3.39331063500000       0.117502075756303     
   3.39396057000000       0.117430076548734     
   3.39461050500000       0.117358147673593     
   3.39526044000000       0.117286329687807     
   3.39591037500000       0.117214603142916     
   3.39656031000000       0.117142941265852     
   3.39721024500000       0.117071391725661     
   3.39786018000000       0.116999931915999     
   3.39851011500000       0.116928542209312     
   3.39916005000000       0.116857241930782     
   3.39980998500000       0.116786049803044     
   3.40045992000000       0.116714945163171     
   3.40110985500000       0.116643901803167     
   3.40175979000000       0.116572967079779     
   3.40240972500000       0.116502119151291     
   3.40305966000000       0.116431332451617     
   3.40370959500000       0.116360653718549     
   3.40435953000000       0.116290062922435     
   3.40500946500000       0.116219533069674     
   3.40565940000000       0.116149091800760     
   3.40630933500000       0.116078747755755     
   3.40695927000000       0.116008487154403     
   3.40760920500000       0.115938291607271     
   3.40825914000000       0.115868192736002     
   3.40890907500000       0.115798179094683     
   3.40955901000000       0.115728225236264     
   3.41020894500000       0.115658369222992     
   3.41085888000000       0.115588596641524     
   3.41150881500000       0.115518888036456     
   3.41215875000000       0.115449258421242     
   3.41280868500000       0.115379716713641     
   3.41345862000000       0.115310262490359     
   3.41410855500000       0.115240863400629     
   3.41475849000000       0.115171559388287     
   3.41540842500000       0.115102335119362     
   3.41605836000000       0.115033169230755     
   3.41670829500000       0.114964082505796     
   3.41735823000000       0.114895087264804     
   3.41800816500000       0.114826164919915     
   3.41865810000000       0.114757293054573     
   3.41930803500000       0.114688522667575     
   3.41995797000000       0.114619826776838     
   3.42060790500000       0.114551184359496     
   3.42125784000000       0.114482633358328     
   3.42190777500000       0.114414151893628     
   3.42255771000000       0.114345728937137     
   3.42320764500000       0.114277376165573     
   3.42385758000000       0.114209110636457     
   3.42450751500000       0.114140918555294     
   3.42515745000000       0.114072774239087     
   3.42580738500000       0.114004721877033     
   3.42645732000000       0.113936740948806     
   3.42710725500000       0.113868809732396     
   3.42775719000000       0.113800965577375     
   3.42840712500000       0.113733189790235     
   3.42905706000000       0.113665463219225     
   3.42970699500000       0.113597802825783     
   3.43035693000000       0.113530230028730     
   3.43100686500000       0.113462727813942     
   3.43165680000000       0.113395264085544     
   3.43230673500000       0.113327890263977     
   3.43295667000000       0.113260580940751     
   3.43360660500000       0.113193311681604     
   3.43425654000000       0.113126130675246     
   3.43490647500000       0.113059017306136     
   3.43555641000000       0.112991951234750     
   3.43620634500000       0.112924942951264     
   3.43685628000000       0.112858014127991     
   3.43750621500000       0.112791151951942     
   3.43815615000000       0.112724330276965     
   3.43880608500000       0.112657592840516     
   3.43945602000000       0.112590915114973     
   3.44010595500000       0.112524280184989     
   3.44075589000000       0.112457704646201     
   3.44140582500000       0.112391204826343     
   3.44205576000000       0.112324767737258     
   3.44270569500000       0.112258366498320     
   3.44335563000000       0.112192046395151     
   3.44400556500000       0.112125786614853     
   3.44465550000000       0.112059564522787     
   3.44530543500000       0.111993420299345     
   3.44595537000000       0.111927331509927     
   3.44660530500000       0.111861281389747     
   3.44725524000000       0.111795285585430     
   3.44790517500000       0.111729368685572     
   3.44855511000000       0.111663503504691     
   3.44920504500000       0.111597672029018     
   3.44985498000000       0.111531919801103     
   3.45050491500000       0.111466217815141     
   3.45115485000000       0.111400551203277     
   3.45180478500000       0.111334961713958     
   3.45245472000000       0.111269426231763     
   3.45310465500000       0.111203917109555     
   3.45375459000000       0.111138467167915     
   3.45440452500000       0.111073084895456     
   3.45505446000000       0.111007756989929     
   3.45570439500000       0.110942460569042     
   3.45635433000000       0.110877230318376     
   3.45700426500000       0.110812056211418     
   3.45765420000000       0.110746907177286     
   3.45830413500000       0.110681825772988     
   3.45895407000000       0.110616799617351     
   3.45960400500000       0.110551803652352     
   3.46025394000000       0.110486856228204     
   3.46090387500000       0.110421973601357     
   3.46155381000000       0.110357137652973     
   3.46220374500000       0.110292327544566     
   3.46285368000000       0.110227585658919     
   3.46350361500000       0.110162895796952     
   3.46415355000000       0.110098227976821     
   3.46480348500000       0.110033624119993     
   3.46545342000000       0.109969070942837     
   3.46610335500000       0.109904544237439     
   3.46675329000000       0.109840063777860     
   3.46740322500000       0.109775640560212     
   3.46805316000000       0.109711266932721     
   3.46870309500000       0.109646912166801     
   3.46935303000000       0.109582621340023     
   3.47000296500000       0.109518377125424     
   3.47065290000000       0.109454156051402     
   3.47130283500000       0.109389977289363     
   3.47195277000000       0.109325851789297     
   3.47260270500000       0.109261776892863     
   3.47325264000000       0.109197719958616     
   3.47390257500000       0.109133723705717     
   3.47455251000000       0.109069770553281     
   3.47520244500000       0.109005837415626     
   3.47585238000000       0.108941960303226     
   3.47650231500000       0.108878123600397     
   3.47715225000000       0.108814314876936     
   3.47780218500000       0.108750536125230     
   3.47845212000000       0.108686815126516     
   3.47910205500000       0.108623138381965     
   3.47975199000000       0.108559476314277     
   3.48040192500000       0.108495872254620     
   3.48105186000000       0.108432301477832     
   3.48170179500000       0.108368746646704     
   3.48235173000000       0.108305255387938     
   3.48300166500000       0.108241796772596     
   3.48365160000000       0.108178354111906     
   3.48430153500000       0.108114949242978     
   3.48495147000000       0.108051596689615     
   3.48560140500000       0.107988280350504     
   3.48625134000000       0.107924975971107     
   3.48690127500000       0.107861729441820     
   3.48755121000000       0.107798518144908     
   3.48820114500000       0.107735313715653     
   3.48885108000000       0.107672163933546     
   3.48950101500000       0.107609048210037     
   3.49015095000000       0.107545947497400     
   3.49080088500000       0.107482883172361     
   3.49145082000000       0.107419860686759     
   3.49210075500000       0.107356877769495     
   3.49275069000000       0.107293902167834     
   3.49340062500000       0.107230973835305     
   3.49405056000000       0.107168082561962     
   3.49470049500000       0.107105202345576     
   3.49535043000000       0.107042352663832     
   3.49600036500000       0.106979548220344     
   3.49665030000000       0.106916772624683     
   3.49730023500000       0.106854004518340     
   3.49795017000000       0.106791291487523     
   3.49860010500000       0.106728604475336     
   3.49925004000000       0.106665921239393     
   3.49989997500000       0.106603288740046     
   3.50054991000000       0.106540687998457     
   3.50119984500000       0.106478095727741     
   3.50184978000000       0.106415529589183     
   3.50249971500000       0.106353004408500     
   3.50314965000000       0.106290506552334     
   3.50379958500000       0.106228018692028     
   3.50444952000000       0.106165577151587     
   3.50509945500000       0.106103157697003     
   3.50574939000000       0.106040744372350     
   3.50639932500000       0.105978377343399     
   3.50704926000000       0.105916032288022     
   3.50769919500000       0.105853696406917     
   3.50834913000000       0.105791387566708     
   3.50899906500000       0.105729115758747     
   3.50964900000000       0.105666868019642     
   3.51029893500000       0.105604626998936     
   3.51094887000000       0.105542427120265     
   3.51159880500000       0.105480250810963     
   3.51224874000000       0.105418076208385     
   3.51289867500000       0.105355941550626     
   3.51354861000000       0.105293832342550     
   3.51419854500000       0.105231727635235     
   3.51484848000000       0.105169647054619     
   3.51549841500000       0.105107597336218     
   3.51614835000000       0.105045574771056     
   3.51679828500000       0.104983553642585     
   3.51744822000000       0.104921567512192     
   3.51809815500000       0.104859607558952     
   3.51874809000000       0.104797645760357     
   3.51939802500000       0.104735719661357     
   3.52004796000000       0.104673820578381     
   3.52069789500000       0.104611919962710     
   3.52134783000000       0.104550041472794     
   3.52199776500000       0.104488188145946     
   3.52264770000000       0.104426362231111     
   3.52329763500000       0.104364535448311     
   3.52394757000000       0.104302738424881     
   3.52459750500000       0.104240970115060     
   3.52524744000000       0.104179198208082     
   3.52589737500000       0.104117438325882     
   3.52654731000000       0.104055718866334     
   3.52719724500000       0.103994016603047     
   3.52784718000000       0.103932306571914     
   3.52849711500000       0.103870635869513     
   3.52914705000000       0.103808981648010     
   3.52979698500000       0.103747320591808     
   3.53044692000000       0.103685697711527     
   3.53109685500000       0.103624090644556     
   3.53174679000000       0.103562482123661     
   3.53239672500000       0.103500889019342     
   3.53304666000000       0.103439323572182     
   3.53369659500000       0.103377779257776     
   3.53434653000000       0.103316221577813     
   3.53499646500000       0.103254703216217     
   3.53564640000000       0.103193201504134     
   3.53629633500000       0.103131690442151     
   3.53694627000000       0.103070208623600     
   3.53759620500000       0.103008742941007     
   3.53824614000000       0.102947277569249     
   3.53889607500000       0.102885820874411     
   3.53954601000000       0.102824394538423     
   3.54019594500000       0.102762982884190     
   3.54084588000000       0.102701560355701     
   3.54149581500000       0.102640172247924     
   3.54214575000000       0.102578798139715     
   3.54279568500000       0.102517412038730     
   3.54344562000000       0.102456062894893     
   3.54409555500000       0.102394720273878     
   3.54474549000000       0.102333370195628     
   3.54539542500000       0.102272040225924     
   3.54604536000000       0.102210727916213     
   3.54669529500000       0.102149432089739     
   3.54734523000000       0.102088127039687     
   3.54799516500000       0.102026845815887     
   3.54864510000000       0.101965577862650     
   3.54929503500000       0.101904304612821     
   3.54994497000000       0.101843043899422     
   3.55059490500000       0.101781803795809     
   3.55124484000000       0.101720573389689     
   3.55189477500000       0.101659334637867     
   3.55254471000000       0.101598125351951     
   3.55319464500000       0.101536926030276     
   3.55384458000000       0.101475711041427     
   3.55449451500000       0.101414528921138     
   3.55514445000000       0.101353354151129     
   3.55579438500000       0.101292171288582     
   3.55644432000000       0.101230995937887     
   3.55709425500000       0.101169839640080     
   3.55774419000000       0.101108701020689     
   3.55839412500000       0.101047548924747     
   3.55904406000000       0.100986415605816     
   3.55969399500000       0.100925294504224     
   3.56034393000000       0.100864159980488     
   3.56099386500000       0.100803051767411     
   3.56164380000000       0.100741951904806     
   3.56229373500000       0.100680842675442     
   3.56294367000000       0.100619742026934     
   3.56359360500000       0.100558656750484     
   3.56424354000000       0.100497583746956     
   3.56489347500000       0.100436498654379     
   3.56554341000000       0.100375433268220     
   3.56619334500000       0.100314380637249     
   3.56684328000000       0.100253308733094     
   3.56749321500000       0.100192262094596     
   3.56814315000000       0.100131227519442     
   3.56879308500000       0.100070173153667     
   3.56944302000000       0.100009127298556     
   3.57009295500000       9.994810520622703E-002
   3.57074289000000       9.988708348506295E-002
   3.57139282500000       9.982604897376229E-002
   3.57204276000000       9.976504210875055E-002
   3.57269269500000       9.970403529976601E-002
   3.57334263000000       9.964301176254960E-002
   3.57399256500000       9.958201555004363E-002
   3.57464250000000       9.952102410479721E-002
   3.57529243500000       9.946001922552901E-002
   3.57594237000000       9.939901953219099E-002
   3.57659230500000       9.933803436813553E-002
   3.57724224000000       9.927706388894281E-002
   3.57789217500000       9.921607037898102E-002
   3.57854211000000       9.915509905772052E-002
   3.57919204500000       9.909413458857849E-002
   3.57984198000000       9.903315494321939E-002
   3.58049191500000       9.897218281271683E-002
   3.58114185000000       9.891121892326106E-002
   3.58179178500000       9.885027074318224E-002
   3.58244172000000       9.878930084418820E-002
   3.58309165500000       9.872834649063242E-002
   3.58374159000000       9.866740512672510E-002
   3.58439152500000       9.860644639851339E-002
   3.58504146000000       9.854550512518984E-002
   3.58569139500000       9.848456469393592E-002
   3.58634133000000       9.842361244576943E-002
   3.58699126500000       9.836266422461071E-002
   3.58764120000000       9.830173350874605E-002
   3.58829113500000       9.824080731428521E-002
   3.58894107000000       9.817985810948647E-002
   3.58959100500000       9.811893154588755E-002
   3.59024094000000       9.805801149823049E-002
   3.59089087500000       9.799707156059112E-002
   3.59154081000000       9.793614776804281E-002
   3.59219074500000       9.787523239325290E-002
   3.59284068000000       9.781429756321025E-002
   3.59349061500000       9.775336880154184E-002
   3.59414055000000       9.769245274985781E-002
   3.59479048500000       9.763153883139278E-002
   3.59544042000000       9.757061050090662E-002
   3.59609035500000       9.750969918274283E-002
   3.59674029000000       9.744878997639961E-002
   3.59739022500000       9.738786464990828E-002
   3.59804016000000       9.732695752895597E-002
   3.59869009500000       9.726605158239764E-002
   3.59934003000000       9.720512956291759E-002
   3.59998996500000       9.714420539183487E-002
   3.60063990000000       9.708330169542712E-002
   3.60128983500000       9.702240072064959E-002
   3.60193977000000       9.696147893242048E-002
   3.60258970500000       9.690057435264297E-002
   3.60323964000000       9.683967661643708E-002
   3.60388957500000       9.677876241327694E-002
   3.60453951000000       9.671784281044524E-002
   3.60518944500000       9.665693731547172E-002
   3.60583938000000       9.659604084064166E-002
   3.60648931500000       9.653512289777127E-002
   3.60713925000000       9.647422217028725E-002
   3.60778918500000       9.641332572580365E-002
   3.60843912000000       9.635240627751103E-002
   3.60908905500000       9.629150630760920E-002
   3.60973899000000       9.623060785247824E-002
   3.61038892500000       9.616969345228475E-002
   3.61103886000000       9.610877831241556E-002
   3.61168879500000       9.604787770100523E-002
   3.61233873000000       9.598698036429737E-002
   3.61298866500000       9.592606223060855E-002
   3.61363860000000       9.586516039766460E-002
   3.61428853500000       9.580426527022143E-002
   3.61493847000000       9.574334127700260E-002
   3.61558840500000       9.568244165511229E-002
   3.61623834000000       9.562154511945573E-002
   3.61688827500000       9.556062475322176E-002
   3.61753821000000       9.549971025748204E-002
   3.61818814500000       9.543880953212193E-002
   3.61883808000000       9.537790816230939E-002
   3.61948801500000       9.531698627782105E-002
   3.62013795000000       9.525608253140613E-002
   3.62078788500000       9.519518063779484E-002
   3.62143782000000       9.513426346018464E-002
   3.62208775500000       9.507336031100588E-002
   3.62273769000000       9.501245200902568E-002
   3.62338762500000       9.495153478159758E-002
   3.62403756000000       9.489061595121549E-002
   3.62468749500000       9.482971192000669E-002
   3.62533743000000       9.476880743971591E-002
   3.62598736500000       9.470788037590282E-002
   3.62663730000000       9.464697749361189E-002
   3.62728723500000       9.458607286062654E-002
   3.62793717000000       9.452514202056564E-002
   3.62858710500000       9.446423472400325E-002
   3.62923704000000       9.440333083178240E-002
   3.62988697500000       9.434240280566634E-002
   3.63053691000000       9.428148144392379E-002
   3.63118684500000       9.422057344229749E-002
   3.63183678000000       9.415966390548076E-002
   3.63248671500000       9.409873474903296E-002
   3.63313665000000       9.403782339298820E-002
   3.63378658500000       9.397691435716200E-002
   3.63443652000000       9.391598816744777E-002
   3.63508645500000       9.385506268327337E-002
   3.63573639000000       9.379414944394442E-002
   3.63638632500000       9.373324175670969E-002
   3.63703626000000       9.367230854485943E-002
   3.63768619500000       9.361139171247937E-002
   3.63833613000000       9.355048538412906E-002
   3.63898606500000       9.348955195184072E-002
   3.63963600000000       9.342863500433392E-002
   3.64028593500000       9.336772714861977E-002
   3.64093587000000       9.330679708379237E-002
   3.64158580500000       9.324586620758910E-002
   3.64223574000000       9.318495557845963E-002
   3.64288567500000       9.312404330153153E-002
   3.64353561000000       9.306310963075431E-002
   3.64418554500000       9.300219540232720E-002
   3.64483548000000       9.294128126861310E-002
   3.64548541500000       9.288035308760803E-002
   3.64613535000000       9.281943776340834E-002
   3.64678528500000       9.275852347417375E-002
   3.64743522000000       9.269759919566865E-002
   3.64808515500000       9.263666941199526E-002
   3.64873509000000       9.257575197343408E-002
   3.64938502500000       9.251484468034328E-002
   3.65003496000000       9.245391400924174E-002
   3.65068489500000       9.239300374942780E-002
   3.65133483000000       9.233209081339173E-002
   3.65198476500000       9.227116018632804E-002
   3.65263470000000       9.221025482983160E-002
   3.65328463500000       9.214934492670196E-002
   3.65393457000000       9.208841769780407E-002
   3.65458450500000       9.202749545951520E-002
   3.65523444000000       9.196658718387923E-002
   3.65588437500000       9.190568232893082E-002
   3.65653431000000       9.184475743705231E-002
   3.65718424500000       9.178384812454146E-002
   3.65783418000000       9.172294801820624E-002
   3.65848411500000       9.166202767759714E-002
   3.65913405000000       9.160111278533860E-002
   3.65978398500000       9.154021291792157E-002
   3.66043392000000       9.147931084470474E-002
   3.66108385500000       9.141839225223039E-002
   3.66173379000000       9.135749645620553E-002
   3.66238372500000       9.129660229743125E-002
   3.66303366000000       9.123569130722571E-002
   3.66368359500000       9.117479851648684E-002
   3.66433353000000       9.111390672589618E-002
   3.66498346500000       9.105300425097849E-002
   3.66563340000000       9.099209980897520E-002
   3.66628333500000       9.093121345656979E-002
   3.66693327000000       9.087033277479470E-002
   3.66758320500000       9.080942645818732E-002
   3.66823314000000       9.074854903892500E-002
   3.66888307500000       9.068767492286757E-002
   3.66953301000000       9.062677777000570E-002
   3.67018294500000       9.056590363631556E-002
   3.67083288000000       9.050503597518661E-002
   3.67148281500000       9.044415065477929E-002
   3.67213275000000       9.038326852130331E-002
   3.67278268500000       9.032240551881333E-002
   3.67343262000000       9.026154380484835E-002
   3.67408255500000       9.020066708267868E-002
   3.67473249000000       9.013981035448375E-002
   3.67538242500000       9.007896296922559E-002
   3.67603236000000       9.001809225570964E-002
   3.67668229500000       8.995724333187903E-002
   3.67733223000000       8.989640089824566E-002
   3.67798216500000       8.983554499800829E-002
   3.67863210000000       8.977469402415185E-002
   3.67928203500000       8.971385870277458E-002
   3.67993197000000       8.965303392842504E-002
   3.68058190500000       8.959218576184526E-002
   3.68123184000000       8.953135817139100E-002
   3.68188177500000       8.947054219379748E-002
   3.68253171000000       8.940971286611120E-002
   3.68318164500000       8.934888724657197E-002
   3.68383158000000       8.928807901063944E-002
   3.68448151500000       8.922727852998885E-002
   3.68513145000000       8.916646130074135E-002
   3.68578138500000       8.910566305307599E-002
   3.68643132000000       8.904487775228052E-002
   3.68708125500000       8.898407518515067E-002
   3.68773119000000       8.892329246330867E-002
   3.68838112500000       8.886252189673023E-002
   3.68903106000000       8.880173717014407E-002
   3.68968099500000       8.874095636869404E-002
   3.69033093000000       8.868019238781448E-002
   3.69098086500000       8.861943539760030E-002
   3.69163080000000       8.855866606978345E-002
   3.69228073500000       8.849792108055307E-002
   3.69293067000000       8.843718839056955E-002
   3.69358060500000       8.837643788899309E-002
   3.69423054000000       8.831570763386230E-002
   3.69488047500000       8.825498782412708E-002
   3.69553041000000       8.819425861667836E-002
   3.69618034500000       8.813353431863771E-002
   3.69683028000000       8.807282526479987E-002
   3.69748021500000       8.801212881482627E-002
   3.69813015000000       8.795142212572632E-002
   3.69878008500000       8.789074309875503E-002
   3.69943002000000       8.783006405144658E-002
   3.70007995500000       8.776937085592237E-002
   3.70072989000000       8.770870914526223E-002
   3.70137982500000       8.764805739249536E-002
   3.70202976000000       8.758739155333772E-002
   3.70267969500000       8.752673194364359E-002
   3.70332963000000       8.746609992673524E-002
   3.70397956500000       8.740547403137700E-002
   3.70462950000000       8.734483272448761E-002
   3.70527943500000       8.728422318508888E-002
   3.70592937000000       8.722362359623552E-002
   3.70657930500000       8.716301041352008E-002
   3.70722924000000       8.710242220969787E-002
   3.70787917500000       8.704184475156611E-002
   3.70852911000000       8.698125570255183E-002
   3.70917904500000       8.692067932978408E-002
   3.70982898000000       8.686012433406619E-002
   3.71047891500000       8.679957980562812E-002
   3.71112885000000       8.673902622034861E-002
   3.71177878500000       8.667850134703477E-002
   3.71242872000000       8.661798767986820E-002
   3.71307865500000       8.655746146649000E-002
   3.71372859000000       8.649694844158554E-002
   3.71437852500000       8.643645969137859E-002
   3.71502846000000       8.637598450280569E-002
   3.71567839500000       8.631549184248320E-002
   3.71632833000000       8.625503434709217E-002
   3.71697826500000       8.619459185176012E-002
   3.71762820000000       8.613413543105787E-002
   3.71827813500000       8.607370166664258E-002
   3.71892807000000       8.601328675714694E-002
   3.71957800500000       8.595286837437323E-002
   3.72022794000000       8.589245453431014E-002
   3.72087787500000       8.583206690286194E-002
   3.72152781000000       8.577169342021210E-002
   3.72217774500000       8.571131536818581E-002
   3.72282768000000       8.565096475447231E-002
   3.72347761500000       8.559062871180544E-002
   3.72412755000000       8.553028388173774E-002
   3.72477748500000       8.546996683042775E-002
   3.72542742000000       8.540966504545484E-002
   3.72607735500000       8.534935537195022E-002
   3.72672729000000       8.528906214508424E-002
   3.72737722500000       8.522879642376517E-002
   3.72802716000000       8.516854672814116E-002
   3.72867709500000       8.510828703086913E-002
   3.72932703000000       8.504805562335922E-002
   3.72997696500000       8.498784233648023E-002
   3.73062690000000       8.492762526884151E-002
   3.73127683500000       8.486743323561734E-002
   3.73192677000000       8.480726144454299E-002
   3.73257670500000       8.474708279468018E-002
   3.73322664000000       8.468691926031911E-002
   3.73387657500000       8.462678448013326E-002
   3.73452651000000       8.456666804673968E-002
   3.73517644500000       8.450654762631921E-002
   3.73582638000000       8.444645292567329E-002
   3.73647631500000       8.438637628082833E-002
   3.73712625000000       8.432630218212953E-002
   3.73777618500000       8.426624490621178E-002
   3.73842612000000       8.420620903340280E-002
   3.73907605500000       8.414619357468800E-002
   3.73972599000000       8.408617602610784E-002
   3.74037592500000       8.402619071181747E-002
   3.74102586000000       8.396622176053048E-002
   3.74167579500000       8.390625367109378E-002
   3.74232573000000       8.384631625805476E-002
   3.74297566500000       8.378639753361530E-002
   3.74362560000000       8.372647503841114E-002
   3.74427553500000       8.366657336196967E-002
   3.74492547000000       8.360669781118238E-002
   3.74557540500000       8.354684478121303E-002
   3.74622534000000       8.348699298085371E-002
   3.74687527500000       8.342716909972252E-002
   3.74752521000000       8.336737136138996E-002
   3.74817514500000       8.330756497664377E-002
   3.74882508000000       8.324779499939579E-002
   3.74947501500000       8.318804774153098E-002
   3.75012495000000       8.312829633179554E-002
   3.75077488500000       8.306856426438598E-002
   3.75142482000000       8.300886822811376E-002
   3.75207475500000       8.294919608607011E-002
   3.75272469000000       8.288952009291928E-002
   3.75337462500000       8.282988186693556E-002
   3.75402456000000       8.277026048474578E-002
   3.75467449500000       8.271063584602373E-002
   3.75532443000000       8.265105199888519E-002
   3.75597436500000       8.259149433227621E-002
   3.75662430000000       8.253193789507143E-002
   3.75727423500000       8.247239998575938E-002
   3.75792417000000       8.241289398969068E-002
   3.75857410500000       8.235341058118985E-002
   3.75922404000000       8.229392815853659E-002
   3.75987397500000       8.223448576218320E-002
   3.76052391000000       8.217506610858427E-002
   3.76117384500000       8.211564665768713E-002
   3.76182378000000       8.205626931198270E-002
   3.76247371500000       8.199691079651733E-002
   3.76312365000000       8.193755990730969E-002
   3.76377358500000       8.187822666616890E-002
   3.76442352000000       8.181892595926439E-002
   3.76507345500000       8.175966127003452E-002
   3.76572339000000       8.170039111661974E-002
   3.76637332500000       8.164116045249932E-002
   3.76702326000000       8.158195695548358E-002
   3.76767319500000       8.152275594414654E-002
   3.76832313000000       8.146358391836593E-002
   3.76897306500000       8.140444469224736E-002
   3.76962300000000       8.134533465471913E-002
   3.77027293500000       8.128622516499567E-002
   3.77092287000000       8.122715510968968E-002
   3.77157280500000       8.116811092077907E-002
   3.77222274000000       8.110907177682831E-002
   3.77287267500000       8.105007648797270E-002
   3.77352261000000       8.099110597086015E-002
   3.77417254500000       8.093214084991963E-002
   3.77482248000000       8.087320205240800E-002
   3.77547241500000       8.081430314032249E-002
   3.77612235000000       8.075543030864127E-002
   3.77677228500000       8.069656250162592E-002
   3.77742222000000       8.063773847039730E-002
   3.77807215500000       8.057893941257456E-002
   3.77872209000000       8.052014559709221E-002
   3.77937202500000       8.046139950600724E-002
   3.78002196000000       8.040268363802243E-002
   3.78067189500000       8.034397159796905E-002
   3.78132183000000       8.028528568147118E-002
   3.78197176500000       8.022664227047838E-002
   3.78262170000000       8.016803132125652E-002
   3.78327163500000       8.010941979636521E-002
   3.78392157000000       8.005085456690815E-002
   3.78457150500000       7.999232690677602E-002
   3.78522144000000       7.993379700616754E-002
   3.78587137500000       7.987531377042552E-002
   3.78652131000000       7.981686546781581E-002
   3.78717124500000       7.975842537170812E-002
   3.78782118000000       7.970001219244245E-002
   3.78847111500000       7.964163956956061E-002
   3.78912105000000       7.958330499238465E-002
   3.78977098500000       7.952497262888308E-002
   3.79042092000000       7.946668743306048E-002
   3.79107085500000       7.940843587677661E-002
   3.79172079000000       7.935019339322166E-002
   3.79237072500000       7.929197971110927E-002
   3.79302066000000       7.923381364381622E-002
   3.79367059500000       7.917568271926337E-002
   3.79432053000000       7.911755646649307E-002
   3.79497046500000       7.905947429097707E-002
   3.79562040000000       7.900143203298841E-002
   3.79627033500000       7.894339964817117E-002
   3.79692027000000       7.888540821267782E-002
   3.79757020500000       7.882745283170975E-002
   3.79822014000000       7.876951836844794E-002
   3.79887007500000       7.871160600130168E-002
   3.79952001000000       7.865373995660148E-002
   3.80016994500000       7.859591394702031E-002
   3.80081988000000       7.853809677004754E-002
   3.80146981500000       7.848032496514393E-002
   3.80211975000000       7.842259092721161E-002
   3.80276968500000       7.836487152669518E-002
   3.80341962000000       7.830719638219695E-002
   3.80406955500000       7.824955882938718E-002
   3.80471949000000       7.819193798002343E-002
   3.80536942500000       7.813434999006269E-002
   3.80601936000000       7.807680986620763E-002
   3.80666929500000       7.801930331863019E-002
   3.80731923000000       7.796180883756636E-002
   3.80796916500000       7.790436904354631E-002
   3.80861910000000       7.784696809334724E-002
   3.80926903500000       7.778957443670786E-002
   3.80991897000000       7.773222963066671E-002
   3.81056890500000       7.767492800524110E-002
   3.81121884000000       7.761764276640347E-002
   3.81186877500000       7.756039027797773E-002
   3.81251871000000       7.750318720769178E-002
   3.81316864500000       7.744602788164656E-002
   3.81381858000000       7.738888064312489E-002
   3.81446851500000       7.733178230980185E-002
   3.81511845000000       7.727472283267089E-002
   3.81576838500000       7.721767878089623E-002
   3.81641832000000       7.716069096218943E-002
   3.81706825500000       7.710373732143770E-002
   3.81771819000000       7.704680570467959E-002
   3.81836812500000       7.698991097878427E-002
   3.81901806000000       7.693306490085886E-002
   3.81966799500000       7.687626227981059E-002
   3.82031793000000       7.681947700517026E-002
   3.82096786500000       7.676274078709125E-002
   3.82161780000000       7.670604364491805E-002
   3.82226773500000       7.664937345399232E-002
   3.82291767000000       7.659273936080245E-002
   3.82356760500000       7.653615395986847E-002
   3.82421754000000       7.647961211828291E-002
   3.82486747500000       7.642308713301681E-002
   3.82551741000000       7.636661411928339E-002
   3.82616734500000       7.631018750994850E-002
   3.82681728000000       7.625377874048021E-002
   3.82746721500000       7.619742018829537E-002
   3.82811715000000       7.614110784397907E-002
   3.82876708500000       7.608482003941426E-002
   3.82941702000000       7.602857150907207E-002
   3.83006695500000       7.597236761462094E-002
   3.83071689000000       7.591621782885360E-002
   3.83136682500000       7.586008462702393E-002
   3.83201676000000       7.580400071919113E-002
   3.83266669500000       7.574796846449368E-002
   3.83331663000000       7.569195815872899E-002
   3.83396656500000       7.563599917859530E-002
   3.83461650000000       7.558008516386162E-002
   3.83526643500000       7.552419624954772E-002
   3.83591637000000       7.546834810096924E-002
   3.83656630500000       7.541255267365773E-002
   3.83721624000000       7.535680175300011E-002
   3.83786617500000       7.530107782569387E-002
   3.83851611000000       7.524540989338417E-002
   3.83916604500000       7.518978690057374E-002
   3.83981598000000       7.513418598936361E-002
   3.84046591500000       7.507863934824356E-002
   3.84111585000000       7.502314173196815E-002
   3.84176578500000       7.496767367636779E-002
   3.84241572000000       7.491224741548896E-002
   3.84306565500000       7.485687110704481E-002
   3.84371559000000       7.480154748076802E-002
   3.84436552500000       7.474624347541772E-002
   3.84501546000000       7.469099844279094E-002
   3.84566539500000       7.463580423726411E-002
   3.84631533000000       7.458063251794557E-002
   3.84696526500000       7.452550739403423E-002
   3.84761520000000       7.447043745782701E-002
   3.84826513500000       7.441541814673687E-002
   3.84891507000000       7.436042327982199E-002
   3.84956500500000       7.430548858772888E-002
   3.85021494000000       7.425060264726753E-002
   3.85086487500000       7.419574132741381E-002
   3.85151481000000       7.414094087576641E-002
   3.85216474500000       7.408618868131629E-002
   3.85281468000000       7.403146489505313E-002
   3.85346461500000       7.397678673337871E-002
   3.85411455000000       7.392216301466759E-002
   3.85476448500000       7.386759389006398E-002
   3.85541442000000       7.381305012431447E-002
   3.85606435500000       7.375856443593838E-002
   3.85671429000000       7.370413344476241E-002
   3.85736422500000       7.364973066576118E-002
   3.85801416000000       7.359538912545943E-002
   3.85866409500000       7.354109341544483E-002
   3.85931403000000       7.348683164562114E-002
   3.85996396500000       7.343261717106707E-002
   3.86061390000000       7.337846455500251E-002
   3.86126383500000       7.332436048668853E-002
   3.86191377000000       7.327028502826236E-002
   3.86256370500000       7.321627469496397E-002
   3.86321364000000       7.316231197916892E-002
   3.86386357500000       7.310837788926824E-002
   3.86451351000000       7.305450781290540E-002
   3.86516344500000       7.300068961737084E-002
   3.86581338000000       7.294690492876928E-002
   3.86646331500000       7.289316732070197E-002
   3.86711325000000       7.283949402642505E-002
   3.86776318500000       7.278587567440381E-002
   3.86841312000000       7.273228066717370E-002
   3.86906305500000       7.267874764596327E-002
   3.86971299000000       7.262527404397730E-002
   3.87036292500000       7.257182802724356E-002
   3.87101286000000       7.251844919879653E-002
   3.87166279500000       7.246512452052825E-002
   3.87231273000000       7.241182837277341E-002
   3.87296266500000       7.235858948510478E-002
   3.87361260000000       7.230540523100802E-002
   3.87426253500000       7.225228135438003E-002
   3.87491247000000       7.219918582659275E-002
   3.87556240500000       7.214615613519818E-002
   3.87621234000000       7.209318527905341E-002
   3.87686227500000       7.204024381472023E-002
   3.87751221000000       7.198735772859456E-002
   3.87816214500000       7.193452862823498E-002
   3.87881208000000       7.188175660264057E-002
   3.87946201500000       7.182901975034559E-002
   3.88011195000000       7.177634733775683E-002
   3.88076188500000       7.172373395193553E-002
   3.88141182000000       7.167115118242806E-002
   3.88206175500000       7.161863822405284E-002
   3.88271169000000       7.156617315517798E-002
   3.88336162500000       7.151375120263123E-002
   3.88401156000000       7.146138231459209E-002
   3.88466149500000       7.140907408200974E-002
   3.88531143000000       7.135682598860131E-002
   3.88596136500000       7.130460765117046E-002
   3.88661130000000       7.125246220103326E-002
   3.88726123500000       7.120037189527950E-002
   3.88791117000000       7.114831607240257E-002
   3.88856110500000       7.109632547723645E-002
   3.88921104000000       7.104439547869754E-002
   3.88986097500000       7.099250300671914E-002
   3.89051091000000       7.094066085971835E-002
   3.89116084500000       7.088888599827485E-002
   3.89181078000000       7.083717207517502E-002
   3.89246071500000       7.078549325363734E-002
   3.89311065000000       7.073387774359365E-002
   3.89376058500000       7.068232512151348E-002
   3.89441052000000       7.063080786744012E-002
   3.89506045500000       7.057936303909676E-002
   3.89571039000000       7.052797180952822E-002
   3.89636032500000       7.047662082711567E-002
   3.89701026000000       7.042532895540585E-002
   3.89766019500000       7.037409706099367E-002
   3.89831013000000       7.032292711240398E-002
   3.89896006500000       7.027179472195431E-002
   3.89961000000000       7.022073159065771E-002
   3.90025993500000       7.016972881901920E-002
   3.90090987000000       7.011876483854505E-002
   3.90155980500000       7.006786071594207E-002
   3.90220974000000       7.001701525400790E-002
   3.90285967500000       6.996623618349450E-002
   3.90350961000000       6.991549620810596E-002
   3.90415954500000       6.986482173339364E-002
   3.90480948000000       6.981421621861439E-002
   3.90545941500000       6.976364116936253E-002
   3.90610935000000       6.971313609743937E-002
   3.90675928500000       6.966269577365382E-002
   3.90740922000000       6.961229633469110E-002
   3.90805915500000       6.956195137873221E-002
   3.90870909000000       6.951167801135255E-002
   3.90935902500000       6.946146442194150E-002
   3.91000896000000       6.941129167089304E-002
   3.91065889500000       6.936119132851287E-002
   3.91130883000000       6.931114724157560E-002
   3.91195876500000       6.926114894847565E-002
   3.91260870000000       6.921121655166237E-002
   3.91325863500000       6.916135020465834E-002
   3.91390857000000       6.911152313801656E-002
   3.91455850500000       6.906175507951622E-002
   3.91520844000000       6.901205976990797E-002
   3.91585837500000       6.896242267037732E-002
   3.91650831000000       6.891282929357925E-002
   3.91715824500000       6.886330403083461E-002
   3.91780818000000       6.881384217237949E-002
   3.91845811500000       6.876442388586730E-002
   3.91910805000000       6.871507590342632E-002
   3.91975798500000       6.866579449940476E-002
   3.92040792000000       6.861655157907143E-002
   3.92105785500000       6.856737022756725E-002
   3.92170779000000       6.851825743619386E-002
   3.92235772500000       6.846921007909136E-002
   3.92300766000000       6.842020419937289E-002
   3.92365759500000       6.837127084465289E-002
   3.92430753000000       6.832240123089245E-002
   3.92495746500000       6.827357501625636E-002
   3.92560740000000       6.822481734782633E-002
   3.92625733500000       6.817612114703198E-002
   3.92690727000000       6.812747618718451E-002
   3.92755720500000       6.807889062954579E-002
   3.92820714000000       6.803037281457015E-002
   3.92885707500000       6.798192407504942E-002
   3.92950701000000       6.793351991171469E-002
   3.93015694500000       6.788518092943970E-002
   3.93080688000000       6.783691114126419E-002
   3.93145681500000       6.778868722740693E-002
   3.93210675000000       6.774052075330883E-002
   3.93275668500000       6.769242923850480E-002
   3.93340662000000       6.764440135465279E-002
   3.93405655500000       6.759641645015997E-002
   3.93470649000000       6.754850316635427E-002
   3.93535642500000       6.750065721269476E-002
   3.93600636000000       6.745286020627421E-002
   3.93665629500000       6.740512906300869E-002
   3.93730623000000       6.735746383523880E-002
   3.93795616500000       6.730985178557948E-002
   3.93860610000000       6.726229655234779E-002
   3.93925603500000       6.721481307280908E-002
   3.93990597000000       6.716739015907731E-002
   3.94055590500000       6.712002054833904E-002
   3.94120584000000       6.707272308349292E-002
   3.94185577500000       6.702548585025019E-002
   3.94250571000000       6.697830258991092E-002
   3.94315564500000       6.693119158079595E-002
   3.94380558000000       6.688414122255648E-002
   3.94445551500000       6.683714306415345E-002
   3.94510545000000       6.679020306289936E-002
   3.94575538500000       6.674333508838473E-002
   3.94640532000000       6.669653664109898E-002
   3.94705525500000       6.664978341055300E-002
   3.94770519000000       6.660310794848963E-002
   3.94835512500000       6.655649577417902E-002
   3.94900506000000       6.650992588613208E-002
   3.94965499500000       6.646343046853850E-002
   3.95030493000000       6.641700824906868E-002
   3.95095486500000       6.637063047803618E-002
   3.95160480000000       6.632431518785985E-002
   3.95225473500000       6.627807617093989E-002
   3.95290467000000       6.623189711887406E-002
   3.95355460500000       6.618577095094914E-002
   3.95420454000000       6.613972126572799E-002
   3.95485447500000       6.609373304922857E-002
   3.95550441000000       6.604779406023897E-002
   3.95615434500000       6.600192059104701E-002
   3.95680428000000       6.595611758988894E-002
   3.95745421500000       6.591038553066715E-002
   3.95810415000000       6.586469434361383E-002
   3.95875408500000       6.581907803514862E-002
   3.95940402000000       6.577353446036421E-002
   3.96005395500000       6.572803720833953E-002
   3.96070389000000       6.568261511478336E-002
   3.96135382500000       6.563726208797931E-002
   3.96200376000000       6.559195319056378E-002
   3.96265369500000       6.554670743299804E-002
   3.96330363000000       6.550153866376214E-002
   3.96395356500000       6.545643876112685E-002
   3.96460350000000       6.541138408701407E-002
   3.96525343500000       6.536640572851443E-002
   3.96590337000000       6.532149460081892E-002
   3.96655330500000       6.527663156962070E-002
   3.96720324000000       6.523184183027542E-002
   3.96785317500000       6.518712455816604E-002
   3.96850311000000       6.514245782061992E-002
   3.96915304500000       6.509784966187372E-002
   3.96980298000000       6.505331195575706E-002
   3.97045291500000       6.500884886927991E-002
   3.97110285000000       6.496443260127421E-002
   3.97175278500000       6.492008974637173E-002
   3.97240272000000       6.487581980936293E-002
   3.97305265500000       6.483159812674810E-002
   3.97370259000000       6.478744537053158E-002
   3.97435252500000       6.474336259773918E-002
   3.97500246000000       6.469933760215484E-002
   3.97565239500000       6.465537024660224E-002
   3.97630233000000       6.461147367997984E-002
   3.97695226500000       6.456765101634590E-002
   3.97760220000000       6.452387544641978E-002
   3.97825213500000       6.448017346170044E-002
   3.97890207000000       6.443654049401278E-002
   3.97955200500000       6.439295316679158E-002
   3.98020194000000       6.434944625009259E-002
   3.98085187500000       6.430600659160053E-002
   3.98150181000000       6.426261502393298E-002
   3.98215174500000       6.421929304730424E-002
   3.98280168000000       6.417604195172008E-002
   3.98345161500000       6.413285839423595E-002
   3.98410155000000       6.408972391572272E-002
   3.98475148500000       6.404666242022526E-002
   3.98540142000000       6.400367223879896E-002
   3.98605135500000       6.396073741594897E-002
   3.98670129000000       6.391786281800510E-002
   3.98735122500000       6.387505589469827E-002
   3.98800116000000       6.383232536136416E-002
   3.98865109500000       6.378963918927841E-002
   3.98930103000000       6.374703359217275E-002
   3.98995096500000       6.370449541718154E-002
   3.99060090000000       6.366200415140920E-002
   3.99125083500000       6.361958861931509E-002
   3.99190077000000       6.357723759639688E-002
   3.99255070500000       6.353494312426632E-002
   3.99320064000000       6.349271260586505E-002
   3.99385057500000       6.345055126872699E-002
   3.99450051000000       6.340846405164204E-002
   3.99515044500000       6.336642457726779E-002
   3.99580038000000       6.332445739375427E-002
   3.99645031500000       6.328256289794419E-002
   3.99710025000000       6.324071806366981E-002
   3.99775018500000       6.319894143723964E-002
   3.99840012000000       6.315723557972830E-002
   3.99905005500000       6.311558531977546E-002
   3.99969999000000       6.307400224937125E-002
   4.00034992500000       6.303248945133043E-002
   4.00099986000000       6.299103393778292E-002
   4.00164979500000       6.294963825472442E-002
   4.00229973000000       6.290830553461062E-002
   4.00294966500000       6.286703747824310E-002
   4.00359960000000       6.282584972176727E-002
   4.00424953500000       6.278473235052004E-002
   4.00489947000000       6.274365716724246E-002
   4.00554940500000       6.270264987680632E-002
   4.00619934000000       6.266170453300723E-002
   4.00684927500000       6.262082056705415E-002
   4.00749921000000       6.258001513875265E-002
   4.00814914500000       6.253928302480338E-002
   4.00879908000000       6.249858791018113E-002
   4.00944901500000       6.245796572985071E-002
   4.01009895000000       6.241740246640508E-002
   4.01074888500000       6.237690778992391E-002
   4.01139882000000       6.233647023533515E-002
   4.01204875500000       6.229611135234422E-002
   4.01269869000000       6.225582805914028E-002
   4.01334862500000       6.221558063941238E-002
   4.01399856000000       6.217540423094689E-002
   4.01464849500000       6.213528972632258E-002
   4.01529843000000       6.209523864182560E-002
   4.01594836500000       6.205524877221619E-002
   4.01659830000000       6.201533646452661E-002
   4.01724823500000       6.197550030752121E-002
   4.01789817000000       6.193569863397549E-002
   4.01854810500000       6.189596469653674E-002
   4.01919804000000       6.185629519906462E-002
   4.01984797500000       6.181669014785637E-002
   4.02049791000000       6.177714314334400E-002
   4.02114784500000       6.173767408777101E-002
   4.02179778000000       6.169828053473044E-002
   4.02244771500000       6.165892386012067E-002
   4.02309765000000       6.161963608121966E-002
   4.02374758500000       6.158040875575122E-002
   4.02439752000000       6.154124047855083E-002
   4.02504745500000       6.150215289124422E-002
   4.02569739000000       6.146313596157345E-002
   4.02634732500000       6.142415870151375E-002
   4.02699726000000       6.138524635143458E-002
   4.02764719500000       6.134639633366119E-002
   4.02829713000000       6.130761096918445E-002
   4.02894706500000       6.126888286407074E-002
   4.02959700000000       6.123023344362334E-002
   4.03024693500000       6.119165757527992E-002
   4.03089687000000       6.115311642777175E-002
   4.03154680500000       6.111464423055400E-002
   4.03219674000000       6.107623395041208E-002
   4.03284667500000       6.103788667892455E-002
   4.03349661000000       6.099959632278060E-002
   4.03414654500000       6.096138285649103E-002
   4.03479648000000       6.092324110497293E-002
   4.03544641500000       6.088513911109802E-002
   4.03609635000000       6.084710238003239E-002
   4.03674628500000       6.080912636178129E-002
   4.03739622000000       6.077121248741573E-002
   4.03804615500000       6.073335677664490E-002
   4.03869609000000       6.069557637491167E-002
   4.03934602500000       6.065786938735352E-002
   4.03999596000000       6.062019912263173E-002
   4.04064589500000       6.058259425469652E-002
   4.04129583000000       6.054505168865129E-002
   4.04194576500000       6.050756464869447E-002
   4.04259570000000       6.047015315425708E-002
   4.04324563500000       6.043281416605260E-002
   4.04389557000000       6.039551302290298E-002
   4.04454550500000       6.035827555222537E-002
   4.04519544000000       6.032109793845763E-002
   4.04584537500000       6.028398403747465E-002
   4.04649531000000       6.024692529010167E-002
   4.04714524500000       6.020994235006078E-002
   4.04779518000000       6.017303009916226E-002
   4.04844511500000       6.013615328067703E-002
   4.04909505000000       6.009934056833547E-002
   4.04974498500000       6.006258757010953E-002
   4.05039492000000       6.002589817823691E-002
   4.05104485500000       5.998926442545273E-002
   4.05169479000000       5.995270472547497E-002
   4.05234472500000       5.991621238539954E-002
   4.05299466000000       5.987975827119365E-002
   4.05364459500000       5.984336938486394E-002
   4.05429453000000       5.980703596880164E-002
   4.05494446500000       5.977076190131950E-002
   4.05559440000000       5.973456196333357E-002
   4.05624433500000       5.969842858793800E-002
   4.05689427000000       5.966233333323746E-002
   4.05754420500000       5.962629880022261E-002
   4.05819414000000       5.959032314363443E-002
   4.05884407500000       5.955440819820192E-002
   4.05949401000000       5.951854922930044E-002
   4.06014394500000       5.948276431615358E-002
   4.06079388000000       5.944704520375910E-002
   4.06144381500000       5.941136163195077E-002
   4.06209375000000       5.937574434506705E-002
   4.06274368500000       5.934018020289187E-002
   4.06339362000000       5.930467469717113E-002
   4.06404355500000       5.926922563136773E-002
   4.06469349000000       5.923385019310642E-002
   4.06534342500000       5.919854084299062E-002
   4.06599336000000       5.916326588531531E-002
   4.06664329500000       5.912805384921251E-002
   4.06729323000000       5.909289733997729E-002
   4.06794316500000       5.905780094079587E-002
   4.06859310000000       5.902275624670306E-002
   4.06924303500000       5.898778221820271E-002
   4.06989297000000       5.895287703532998E-002
   4.07054290500000       5.891800563790495E-002
   4.07119284000000       5.888319221337504E-002
   4.07184277500000       5.884843992209558E-002
   4.07249271000000       5.881374075328969E-002
   4.07314264500000       5.877910909579236E-002
   4.07379258000000       5.874454497066615E-002
   4.07444251500000       5.871001360903753E-002
   4.07509245000000       5.867554279022059E-002
   4.07574238500000       5.864112593569828E-002
   4.07639232000000       5.860676825363886E-002
   4.07704225500000       5.857246393818568E-002
   4.07769219000000       5.853822733825954E-002
   4.07834212500000       5.850405644430740E-002
   4.07899206000000       5.846991586150554E-002
   4.07964199500000       5.843583619747521E-002
   4.08029193000000       5.840181091389846E-002
   4.08094186500000       5.836784258974678E-002
   4.08159180000000       5.833392721477765E-002
   4.08224173500000       5.830007922623143E-002
   4.08289167000000       5.826629214355859E-002
   4.08354160500000       5.823253997613440E-002
   4.08419154000000       5.819884590233420E-002
   4.08484147500000       5.816520505840276E-002
   4.08549141000000       5.813161610704078E-002
   4.08614134500000       5.809809308508299E-002
   4.08679128000000       5.806463459748314E-002
   4.08744121500000       5.803120832998649E-002
   4.08809115000000       5.799783829250918E-002
   4.08874108500000       5.796452069090648E-002
   4.08939102000000       5.793125881802006E-002
   4.09004095500000       5.789804734613561E-002
   4.09069089000000       5.786490219091098E-002
   4.09134082500000       5.783181472128230E-002
   4.09199076000000       5.779876275113950E-002
   4.09264069500000       5.776576838452525E-002
   4.09329063000000       5.773282099961856E-002
   4.09394056500000       5.769992964306711E-002
   4.09459050000000       5.766708792606037E-002
   4.09524043500000       5.763430985986986E-002
   4.09589037000000       5.760159341441603E-002
   4.09654030500000       5.756890563087610E-002
   4.09719024000000       5.753627596001566E-002
   4.09784017500000       5.750369414455109E-002
   4.09849011000000       5.747116611777494E-002
   4.09914004500000       5.743868724273339E-002
   4.09978998000000       5.740627162673373E-002
   4.10043991500000       5.737391325553789E-002
   4.10108985000000       5.734158625080132E-002
   4.10173978500000       5.730931335540102E-002
   4.10238972000000       5.727709035511436E-002
   4.10303965500000       5.724491554232285E-002
   4.10368959000000       5.721280265802667E-002
   4.10433952500000       5.718074875644940E-002
   4.10498946000000       5.714872308005790E-002
   4.10563939500000       5.711675278856403E-002
   4.10628933000000       5.708482862792612E-002
   4.10693926500000       5.705295593819465E-002
   4.10758920000000       5.702113192387129E-002
   4.10823913500000       5.698936583046048E-002
   4.10888907000000       5.695765680582440E-002
   4.10953900500000       5.692597974177754E-002
   4.11018894000000       5.689435105549201E-002
   4.11083887500000       5.686277009980488E-002
   4.11148881000000       5.683123886350561E-002
   4.11213874500000       5.679975292984164E-002
   4.11278868000000       5.676832798043348E-002
   4.11343861500000       5.673695783849186E-002
   4.11408855000000       5.670561184429665E-002
   4.11473848500000       5.667432104176558E-002
   4.11538842000000       5.664307638079088E-002
   4.11603835500000       5.661187733566495E-002
   4.11668829000000       5.658072635597435E-002
   4.11733822500000       5.654963074330372E-002
   4.11798816000000       5.651858896984917E-002
   4.11863809500000       5.648757620550762E-002
   4.11928803000000       5.645661166877302E-002
   4.11993796500000       5.642569174944084E-002
   4.12058790000000       5.639481870250261E-002
   4.12123783500000       5.636399960714426E-002
   4.12188777000000       5.633323673506446E-002
   4.12253770500000       5.630249732193183E-002
   4.12318764000000       5.627180680287790E-002
   4.12383757500000       5.624115933641377E-002
   4.12448751000000       5.621055933208269E-002
   4.12513744500000       5.618000217055182E-002
   4.12578738000000       5.614949861175400E-002
   4.12643731500000       5.611904786776920E-002
   4.12708725000000       5.608862188207934E-002
   4.12773718500000       5.605824254423439E-002
   4.12838712000000       5.602790570218721E-002
   4.12903705500000       5.599761661431423E-002
   4.12968699000000       5.596736363634213E-002
   4.13033692500000       5.593716741700479E-002
   4.13098686000000       5.590702357391946E-002
   4.13163679500000       5.587689803898278E-002
   4.13228673000000       5.584682233867409E-002
   4.13293666500000       5.581678960897023E-002
   4.13358660000000       5.578679435742041E-002
   4.13423653500000       5.575685295517178E-002
   4.13488647000000       5.572696387863623E-002
   4.13553640500000       5.569709321615614E-002
   4.13618634000000       5.566726644055867E-002
   4.13683627500000       5.563748224909663E-002
   4.13748621000000       5.560774146151186E-002
   4.13813614500000       5.557803989628156E-002
   4.13878608000000       5.554838754206960E-002
   4.13943601500000       5.551878287430781E-002
   4.14008595000000       5.548919822125363E-002
   4.14073588500000       5.545966026374703E-002
   4.14138582000000       5.543015840773736E-002
   4.14203575500000       5.540069966806799E-002
   4.14268569000000       5.537127717910411E-002
   4.14333562500000       5.534190368087299E-002
   4.14398556000000       5.531258041034479E-002
   4.14463549500000       5.528327522078351E-002
   4.14528543000000       5.525400892711370E-002
   4.14593536500000       5.522478417776773E-002
   4.14658530000000       5.519559805631273E-002
   4.14723523500000       5.516644435125739E-002
   4.14788517000000       5.513734418854060E-002
   4.14853510500000       5.510828924444035E-002
   4.14918504000000       5.507924932713471E-002
   4.14983497500000       5.505025082502932E-002
   4.15048491000000       5.502128904447208E-002
   4.15113484500000       5.499236222269374E-002
   4.15178478000000       5.496348327116483E-002
   4.15243471500000       5.493464934336662E-002
   4.15308465000000       5.490583214978597E-002
   4.15373458500000       5.487705290811251E-002
   4.15438452000000       5.484831067739860E-002
   4.15503445500000       5.481960485491411E-002
   4.15568439000000       5.479093122231973E-002
   4.15633432500000       5.476230433234483E-002
   4.15698426000000       5.473371937897960E-002
   4.15763419500000       5.470515209194027E-002
   4.15828413000000       5.467662151460342E-002
   4.15893406500000       5.464812298736142E-002
   4.15958400000000       5.461966095897714E-002
   4.16023393500000       5.459123067514044E-002
   4.16088387000000       5.456284312711570E-002
   4.16153380500000       5.453449799152715E-002
   4.16218374000000       5.450616567744471E-002
   4.16283367500000       5.447787416533938E-002
   4.16348361000000       5.444961376907115E-002
   4.16413354500000       5.442138181023411E-002
   4.16478348000000       5.439319451420510E-002
   4.16543341500000       5.436504639835366E-002
   4.16608335000000       5.433691040206277E-002
   4.16673328500000       5.430881230586706E-002
   4.16738322000000       5.428074531069460E-002
   4.16803315500000       5.425270826616053E-002
   4.16868309000000       5.422470004398246E-002
   4.16933302500000       5.419673504066685E-002
   4.16998296000000       5.416880601173692E-002
   4.17063289500000       5.414089056987218E-002
   4.17128283000000       5.411300947732443E-002
   4.17193276500000       5.408515500481721E-002
   4.17258270000000       5.405733530484479E-002
   4.17323263500000       5.402954021256159E-002
   4.17388257000000       5.400178430913406E-002
   4.17453250500000       5.397406732228291E-002
   4.17518244000000       5.394635824212358E-002
   4.17583237500000       5.391868354610811E-002
   4.17648231000000       5.389103581886878E-002
   4.17713224500000       5.386341597265443E-002
   4.17778218000000       5.383582404456223E-002
   4.17843211500000       5.380827081402958E-002
   4.17908205000000       5.378075013518790E-002
   4.17973198500000       5.375323922753605E-002
   4.18038192000000       5.372575997283923E-002
   4.18103185500000       5.369830805576738E-002
   4.18168179000000       5.367088101333914E-002
   4.18233172500000       5.364348881092724E-002
   4.18298166000000       5.361613142588346E-002
   4.18363159500000       5.358877999298700E-002
   4.18428153000000       5.356146013381285E-002
   4.18493146500000       5.353416341419203E-002
   4.18558140000000       5.350689583390433E-002
   4.18623133500000       5.347964806662472E-002
   4.18688127000000       5.345243769231647E-002
   4.18753120500000       5.342525877093056E-002
   4.18818114000000       5.339808489686796E-002
   4.18883107500000       5.337093999846857E-002
   4.18948101000000       5.334381718555563E-002
   4.19013094500000       5.331672079404667E-002
   4.19078088000000       5.328964326932199E-002
   4.19143081500000       5.326259997370582E-002
   4.19208075000000       5.323558899141678E-002
   4.19273068500000       5.320858152063405E-002
   4.19338062000000       5.318160020169942E-002
   4.19403055500000       5.315464083735417E-002
   4.19468049000000       5.312770167411213E-002
   4.19533042500000       5.310079478298792E-002
   4.19598036000000       5.307391758449290E-002
   4.19663029500000       5.304704472781954E-002
   4.19728023000000       5.302019596024064E-002
   4.19793016500000       5.299336631203706E-002
   4.19858010000000       5.296655876937208E-002
   4.19923003500000       5.293976840996594E-002
   4.19987997000000       5.291300924882539E-002
   4.20052990500000       5.288627724957305E-002
   4.20117984000000       5.285954809078396E-002
   4.20182977500000       5.283284229423849E-002
   4.20247971000000       5.280615561188469E-002
   4.20312964500000       5.277948649577389E-002
   4.20377958000000       5.275283696913626E-002
   4.20442951500000       5.272621561696261E-002
   4.20507945000000       5.269961869524625E-002
   4.20572938500000       5.267302065512695E-002
   4.20637932000000       5.264644837446952E-002
   4.20702925500000       5.261989170038596E-002
   4.20767919000000       5.259335223703174E-002
   4.20832912500000       5.256682734960560E-002
   4.20897906000000       5.254033005735428E-002
   4.20962899500000       5.251385917810712E-002
   4.21027893000000       5.248738261818092E-002
   4.21092886500000       5.246092906571738E-002
   4.21157880000000       5.243449227118375E-002
   4.21222873500000       5.240806824663180E-002
   4.21287867000000       5.238166893774873E-002
   4.21352860500000       5.235529140816376E-002
   4.21417854000000       5.232891285415046E-002
   4.21482847500000       5.230255360470523E-002
   4.21547841000000       5.227620643785055E-002
   4.21612834500000       5.224987692379789E-002
   4.21677828000000       5.222355671514979E-002
   4.21742821500000       5.219726160847814E-002
   4.21807815000000       5.217098896936141E-002
   4.21872808500000       5.214471185645759E-002
   4.21937802000000       5.211845056396527E-002
   4.22002795500000       5.209220182523329E-002
   4.22067789000000       5.206596604797677E-002
   4.22132782500000       5.203974189213070E-002
   4.22197776000000       5.201353995685171E-002
   4.22262769500000       5.198735784217024E-002
   4.22327763000000       5.196116704613744E-002
   4.22392756500000       5.193499441415466E-002
   4.22457750000000       5.190883107700728E-002
   4.22522743500000       5.188267979692075E-002
   4.22587737000000       5.185653765926672E-002
   4.22652730500000       5.183041603713891E-002
   4.22717724000000       5.180431339852604E-002
   4.22782717500000       5.177820271819950E-002
   4.22847711000000       5.175210347357288E-002
   4.22912704500000       5.172601580422097E-002
   4.22977698000000       5.169993529316907E-002
   4.23042691500000       5.167387335141280E-002
   4.23107685000000       5.164782883460554E-002
   4.23172678500000       5.162177501187355E-002
   4.23237672000000       5.159573505950553E-002
   4.23302665500000       5.156970115521545E-002
   4.23367659000000       5.154367496155737E-002
   4.23432652500000       5.151765556951588E-002
   4.23497646000000       5.149165455592430E-002
   4.23562639500000       5.146566674268792E-002
   4.23627633000000       5.143967077414168E-002
   4.23692626500000       5.141368204637377E-002
   4.23757620000000       5.138770037708502E-002
   4.23822613500000       5.136172664034064E-002
   4.23887607000000       5.133575873108331E-002
   4.23952600500000       5.130980414594088E-002
   4.24017594000000       5.128386070943391E-002
   4.24082587500000       5.125790950012629E-002
   4.24147581000000       5.123196551759268E-002
   4.24212574500000       5.120602812843798E-002
   4.24277568000000       5.118009195781362E-002
   4.24342561500000       5.115416856218347E-002
   4.24407555000000       5.112825745063185E-002
   4.24472548500000       5.110233616629408E-002
   4.24537542000000       5.107641958346713E-002
   4.24602535500000       5.105050422406981E-002
   4.24667529000000       5.102459721073132E-002
   4.24732522500000       5.099868951490723E-002
   4.24797516000000       5.097279204646785E-002
   4.24862509500000       5.094690589585082E-002
   4.24927503000000       5.092100648132304E-002
   4.24992496500000       5.089511263244866E-002
   4.25057490000000       5.086921836976917E-002
   4.25122483500000       5.084333001830557E-002
   4.25187477000000       5.081743941190914E-002
   4.25252470500000       5.079155813298063E-002
   4.25317464000000       5.076568873925080E-002
   4.25382457500000       5.073979954432613E-002
   4.25447451000000       5.071391733548659E-002
   4.25512444500000       5.068803332881634E-002
   4.25577438000000       5.066215034256571E-002
   4.25642431500000       5.063626495866877E-002
   4.25707425000000       5.061038922880373E-002
   4.25772418500000       5.058451885870249E-002
   4.25837412000000       5.055863024995302E-002
   4.25902405500000       5.053274621590324E-002
   4.25967399000000       5.050686050642605E-002
   4.26032392500000       5.048097345941499E-002
   4.26097386000000       5.045508877261190E-002
   4.26162379500000       5.042921312123937E-002
   4.26227373000000       5.040331834746418E-002
   4.26292366500000       5.037742419282537E-002
   4.26357360000000       5.035152831198237E-002
   4.26422353500000       5.032562910893931E-002
   4.26487347000000       5.029972354255613E-002
   4.26552340500000       5.027382534616728E-002
   4.26617334000000       5.024793180229673E-002
   4.26682327500000       5.022201568667035E-002
   4.26747321000000       5.019610076902935E-002
   4.26812314500000       5.017017937334681E-002
   4.26877308000000       5.014425721443269E-002
   4.26942301500000       5.011832528292773E-002
   4.27007295000000       5.009239992894465E-002
   4.27072288500000       5.006647617280872E-002
   4.27137282000000       5.004053053384482E-002
   4.27202275500000       5.001458491060999E-002
   4.27267269000000       4.998862850960608E-002
   4.27332262500000       4.996266846145447E-002
   4.27397256000000       4.993670989896841E-002
   4.27462249500000       4.991075148519687E-002
   4.27527243000000       4.988477286414266E-002
   4.27592236500000       4.985878781006751E-002
   4.27657230000000       4.983279629246571E-002
   4.27722223500000       4.980679579799906E-002
   4.27787217000000       4.978078968531969E-002
   4.27852210500000       4.975478256148264E-002
   4.27917204000000       4.972877468276963E-002
   4.27982197500000       4.970274350785021E-002
   4.28047191000000       4.967670630291080E-002
   4.28112184500000       4.965066310938402E-002
   4.28177178000000       4.962460825943431E-002
   4.28242171500000       4.959854120515730E-002
   4.28307165000000       4.957247657773647E-002
   4.28372158500000       4.954641052848508E-002
   4.28437152000000       4.952031680691362E-002
   4.28502145500000       4.949421832971919E-002
   4.28567139000000       4.946810683175695E-002
   4.28632132500000       4.944198652062568E-002
   4.28697126000000       4.941585564535591E-002
   4.28762119500000       4.938972227413219E-002
   4.28827113000000       4.936358546759759E-002
   4.28892106500000       4.933741991369306E-002
   4.28957100000000       4.931124631892243E-002
   4.29022093500000       4.928506122547944E-002
   4.29087087000000       4.925886330894762E-002
   4.29152080500000       4.923266162677854E-002
   4.29217074000000       4.920645521210489E-002
   4.29282067500000       4.918022193346518E-002
   4.29347061000000       4.915397572941557E-002
   4.29412054500000       4.912771670869342E-002
   4.29477048000000       4.910144953048777E-002
   4.29542041500000       4.907516378171253E-002
   4.29607035000000       4.904887410919271E-002
   4.29672028500000       4.902258047824866E-002
   4.29737022000000       4.899625285479172E-002
   4.29802015500000       4.896991514724695E-002
   4.29867009000000       4.894356479076414E-002
   4.29932002500000       4.891719979200864E-002
   4.29996996000000       4.889081770394613E-002
   4.30061989500000       4.886443006504844E-002
   4.30126983000000       4.883803520799163E-002
   4.30191976500000       4.881160875985247E-002
   4.30256970000000       4.878517246426990E-002
   4.30321963500000       4.875871595793144E-002
   4.30386957000000       4.873224193988303E-002
   4.30451950500000       4.870576422491384E-002
   4.30516944000000       4.867927594306944E-002
   4.30581937500000       4.865275563020887E-002
   4.30646931000000       4.862622192156350E-002
   4.30711924500000       4.859966955451207E-002
   4.30776918000000       4.857310248056623E-002
   4.30841911500000       4.854651519584786E-002
   4.30906905000000       4.851992196761151E-002
   4.30971898500000       4.849331714342265E-002
   4.31036892000000       4.846667749013135E-002
   4.31101885500000       4.844002351822612E-002
   4.31166879000000       4.841334777113382E-002
   4.31231872500000       4.838665786837107E-002
   4.31296866000000       4.835994791023634E-002
   4.31361859500000       4.833323049690336E-002
   4.31426853000000       4.830649914932673E-002
   4.31491846500000       4.827973128698670E-002
   4.31556840000000       4.825294835039810E-002
   4.31621833500000       4.822614377064258E-002
   4.31686827000000       4.819932061440794E-002
   4.31751820500000       4.817247828347539E-002
   4.31816814000000       4.814562352264346E-002
   4.31881807500000       4.811875758774632E-002
   4.31946801000000       4.809185145674218E-002
   4.32011794500000       4.806493055517278E-002
   4.32076788000000       4.803798936585157E-002
   4.32141781500000       4.801102337711739E-002
   4.32206775000000       4.798404578564380E-002
   4.32271768500000       4.795705730977599E-002
   4.32336762000000       4.793002703536925E-002
   4.32401755500000       4.790297937585478E-002
   4.32466749000000       4.787591127638934E-002
   4.32531742500000       4.784882098246068E-002
   4.32596736000000       4.782170593652582E-002
   4.32661729500000       4.779457850259006E-002
   4.32726723000000       4.776743656267843E-002
   4.32791716500000       4.774025532742759E-002
   4.32856710000000       4.771305665297100E-002
   4.32921703500000       4.768583156309781E-002
   4.32986697000000       4.765858362605842E-002
   4.33051690500000       4.763130933409553E-002
   4.33116684000000       4.760402475457439E-002
   4.33181677500000       4.757672247222525E-002
   4.33246671000000       4.754938003733909E-002
   4.33311664500000       4.752201707066860E-002
   4.33376658000000       4.749462813572911E-002
   4.33441651500000       4.746721655740087E-002
   4.33506645000000       4.743977722260962E-002
   4.33571638500000       4.741232454083757E-002
   4.33636632000000       4.738485517093693E-002
   4.33701625500000       4.735734397205475E-002
   4.33766619000000       4.732980911745732E-002
   4.33831612500000       4.730224954258955E-002
   4.33896606000000       4.727466444241418E-002
   4.33961599500000       4.724706216782574E-002
   4.34026593000000       4.721944262469321E-002
   4.34091586500000       4.719177954649557E-002
   4.34156580000000       4.716409560027727E-002
   4.34221573500000       4.713638057233412E-002
   4.34286567000000       4.710864283698032E-002
   4.34351560500000       4.708087769883691E-002
   4.34416554000000       4.705309247024456E-002
   4.34481547500000       4.702529108634757E-002
   4.34546541000000       4.699744388125412E-002
   4.34611534500000       4.696957470079891E-002
   4.34676528000000       4.694167655966849E-002
   4.34741521500000       4.691375192239011E-002
   4.34806515000000       4.688580093154383E-002
   4.34871508500000       4.685782840174755E-002
   4.34936502000000       4.682983663909301E-002
   4.35001495500000       4.680180000945876E-002
   4.35066489000000       4.677373914594316E-002
   4.35131482500000       4.674564920097046E-002
   4.35196476000000       4.671753021026585E-002
   4.35261469500000       4.668939164131665E-002
   4.35326463000000       4.666123524878169E-002
   4.35391456500000       4.663302907742237E-002
   4.35456450000000       4.660479812616940E-002
   4.35521443500000       4.657653931868434E-002
   4.35586437000000       4.654825069942796E-002
   4.35651430500000       4.651993184422663E-002
   4.35716424000000       4.649159384217885E-002
   4.35781417500000       4.646323286274487E-002
   4.35846411000000       4.643482647176108E-002
   4.35911404500000       4.640639305454886E-002
   4.35976398000000       4.637792897043245E-002
   4.36041391500000       4.634943596424294E-002
   4.36106385000000       4.632091063553739E-002
   4.36171378500000       4.629236513852913E-002
   4.36236372000000       4.626379864716853E-002
   4.36301365500000       4.623518343751327E-002
   4.36366359000000       4.620654024086636E-002
   4.36431352500000       4.617786476378997E-002
   4.36496346000000       4.614916250014599E-002
   4.36561339500000       4.612042435198117E-002
   4.36626333000000       4.609166657054884E-002
   4.36691326500000       4.606288828253734E-002
   4.36756320000000       4.603405926215261E-002
   4.36821313500000       4.600520111571692E-002
   4.36886307000000       4.597631193331873E-002
   4.36951300500000       4.594738760672633E-002
   4.37016294000000       4.591844399771158E-002
   4.37081287500000       4.588947818931351E-002
   4.37146281000000       4.586046013857690E-002
   4.37211274500000       4.583141488958306E-002
   4.37276268000000       4.580233608325385E-002
   4.37341261500000       4.577322727231419E-002
   4.37406255000000       4.574408378638697E-002
   4.37471248500000       4.571491752482897E-002
   4.37536242000000       4.568572661293068E-002
   4.37601235500000       4.565648731225692E-002
   4.37666229000000       4.562721488614942E-002
   4.37731222500000       4.559791346540924E-002
   4.37796216000000       4.556857992412998E-002
   4.37861209500000       4.553920849701713E-002
   4.37926203000000       4.550981687093682E-002
   4.37991196500000       4.548040036481323E-002
   4.38056190000000       4.545093068332176E-002
   4.38121183500000       4.542143051571020E-002
   4.38186177000000       4.539189776140525E-002
   4.38251170500000       4.536233270235708E-002
   4.38316164000000       4.533274175529946E-002
   4.38381157500000       4.530312513179824E-002
   4.38446151000000       4.527345823961810E-002
   4.38511144500000       4.524376098927307E-002
   4.38576138000000       4.521402909859677E-002
   4.38641131500000       4.518426502027843E-002
   4.38706125000000       4.515446308404213E-002
   4.38771118500000       4.512463610045489E-002
   4.38836112000000       4.509478900374835E-002
   4.38901105500000       4.506488496590411E-002
   4.38966099000000       4.503495049086281E-002
   4.39031092500000       4.500498335465004E-002
   4.39096086000000       4.497497993011774E-002
   4.39161079500000       4.494494116785529E-002
   4.39226073000000       4.491487872824137E-002
   4.39291066500000       4.488479285017061E-002
   4.39356060000000       4.485465087103552E-002
   4.39421053500000       4.482447660755428E-002
   4.39486047000000       4.479426798467580E-002
   4.39551040500000       4.476402704909686E-002
   4.39616034000000       4.473374858804141E-002
   4.39681027500000       4.470344378417416E-002
   4.39746021000000       4.467311570960147E-002
   4.39811014500000       4.464273293804024E-002
   4.39876008000000       4.461231936157558E-002
   4.39941001500000       4.458186912994162E-002
   4.40005995000000       4.455138226631679E-002
   4.40070988500000       4.452086877434681E-002
   4.40135982000000       4.449033277632979E-002
   4.40200975500000       4.445974027231104E-002
   4.40265969000000       4.442911478085371E-002
   4.40330962500000       4.439845580722451E-002
   4.40395956000000       4.436776302615775E-002
   4.40460949500000       4.433702937933728E-002
   4.40525943000000       4.430627158290801E-002
   4.40590936500000       4.427549292392369E-002
   4.40655930000000       4.424465398272589E-002
   4.40720923500000       4.421378310477352E-002
   4.40785917000000       4.418287683690102E-002
   4.40850910500000       4.415193519054410E-002
   4.40915904000000       4.412095648371019E-002
   4.40980897500000       4.408995150208561E-002
   4.41045891000000       4.405892399459025E-002
   4.41110884500000       4.402784021553376E-002
   4.41175878000000       4.399672209455081E-002
   4.41240871500000       4.396556714809738E-002
   4.41305865000000       4.393437793035575E-002
   4.41370858500000       4.390316215128419E-002
   4.41435852000000       4.387191944154623E-002
   4.41500845500000       4.384062209552930E-002
   4.41565839000000       4.380929044669291E-002
   4.41630832500000       4.377792532185050E-002
   4.41695826000000       4.374652051503409E-002
   4.41760819500000       4.371508141923625E-002
   4.41825813000000       4.368361787274041E-002
   4.41890806500000       4.365212703718632E-002
   4.41955800000000       4.362057804896239E-002
   4.42020793500000       4.358900011095014E-002
   4.42085787000000       4.355738605504606E-002
   4.42150780500000       4.352573530262922E-002
   4.42215774000000       4.349404445238522E-002
   4.42280767500000       4.346232978995775E-002
   4.42345761000000       4.343059306638613E-002
   4.42410754500000       4.339879380427983E-002
   4.42475748000000       4.336696652382921E-002
   4.42540741500000       4.333510295230669E-002
   4.42605735000000       4.330320216069506E-002
   4.42670728500000       4.327126341355177E-002
   4.42735722000000       4.323930067444868E-002
   4.42800715500000       4.320731233464638E-002
   4.42865709000000       4.317526714583596E-002
   4.42930702500000       4.314318953442283E-002
   4.42995696000000       4.311107690854409E-002
   4.43060689500000       4.307892531575817E-002
   4.43125683000000       4.304675033556204E-002
   4.43190676500000       4.301454969998308E-002
   4.43255670000000       4.298229269185842E-002
   4.43320663500000       4.295000104195380E-002
   4.43385657000000       4.291767432909444E-002
   4.43450650500000       4.288531509290296E-002
   4.43515644000000       4.285291481876259E-002
   4.43580637500000       4.282049320486938E-002
   4.43645631000000       4.278804371518569E-002
   4.43710624500000       4.275554125263979E-002
   4.43775618000000       4.272300412744769E-002
   4.43840611500000       4.269042973806312E-002
   4.43905605000000       4.265782358415598E-002
   4.43970598500000       4.262517940200642E-002
   4.44035592000000       4.259250959800180E-002
   4.44100585500000       4.255981658363972E-002
   4.44165579000000       4.252706588736731E-002
   4.44230572500000       4.249428629412274E-002
   4.44295566000000       4.246146682801238E-002
   4.44360559500000       4.242861768269905E-002
   4.44425553000000       4.239572856003394E-002
   4.44490546500000       4.236281574477368E-002
   4.44555540000000       4.232987804675759E-002
   4.44620533500000       4.229688400712915E-002
   4.44685527000000       4.226386068532841E-002
   4.44750520500000       4.223080168034218E-002
   4.44815514000000       4.219770549132960E-002
   4.44880507500000       4.216458834921067E-002
   4.44945501000000       4.213144561533833E-002
   4.45010494500000       4.209824551206261E-002
   4.45075488000000       4.206501426882078E-002
   4.45140481500000       4.203175069510548E-002
   4.45205475000000       4.199845045239542E-002
   4.45270468500000       4.196511625370532E-002
   4.45335462000000       4.193176070533154E-002
   4.45400455500000       4.189837950581259E-002
   4.45465449000000       4.186494226584445E-002
   4.45530442500000       4.183147547178504E-002
   4.45595436000000       4.179797398809754E-002
   4.45660429500000       4.176443991702911E-002
   4.45725423000000       4.173086956107143E-002
   4.45790416500000       4.169727643853041E-002
   4.45855410000000       4.166366075817445E-002
   4.45920403500000       4.162999015915849E-002
   4.45985397000000       4.159629139904677E-002
   4.46050390500000       4.156255648400910E-002
   4.46115384000000       4.152878930655553E-002
   4.46180377500000       4.149499870623261E-002
   4.46245371000000       4.146118582900466E-002
   4.46310364500000       4.142731745103836E-002
   4.46375358000000       4.139342286822945E-002
   4.46440351500000       4.135949246500908E-002
   4.46505345000000       4.132553150766993E-002
   4.46570338500000       4.129153536104628E-002
   4.46635332000000       4.125751554413903E-002
   4.46700325500000       4.122348042704162E-002
   4.46765319000000       4.118938741709637E-002
   4.46830312500000       4.115526455278667E-002
   4.46895306000000       4.112110990631364E-002
   4.46960299500000       4.108692691731271E-002
   4.47025293000000       4.105270612248331E-002
   4.47090286500000       4.101846977027850E-002
   4.47155280000000       4.098420975111602E-002
   4.47220273500000       4.094989538245899E-002
   4.47285267000000       4.091555797958265E-002
   4.47350260500000       4.088118405057004E-002
   4.47415254000000       4.084678057594575E-002
   4.47480247500000       4.081234658059767E-002
   4.47545241000000       4.077789003613860E-002
   4.47610234500000       4.074341614191540E-002
   4.47675228000000       4.070888848512683E-002
   4.47740221500000       4.067433492655319E-002
   4.47805215000000       4.063975165001184E-002
   4.47870208500000       4.060513455111842E-002
   4.47935202000000       4.057049665969154E-002
   4.48000195500000       4.053584437207395E-002
   4.48065189000000       4.050113789355726E-002
   4.48130182500000       4.046640557246578E-002
   4.48195176000000       4.043164372910987E-002
   4.48260169500000       4.039685464901097E-002
   4.48325163000000       4.036203077407314E-002
   4.48390156500000       4.032719140370319E-002
   4.48455150000000       4.029233486207897E-002
   4.48520143500000       4.025742770126027E-002
   4.48585137000000       4.022249416463036E-002
   4.48650130500000       4.018753098844798E-002
   4.48715124000000       4.015254181683629E-002
   4.48780117500000       4.011752057668969E-002
   4.48845111000000       4.008248496747465E-002
   4.48910104500000       4.004743431251157E-002
   4.48975098000000       4.001232874304515E-002
   4.49040091500000       3.997720013810228E-002
   4.49105085000000       3.994204718954592E-002
   4.49170078500000       3.990686197170921E-002
   4.49235072000000       3.987166255694411E-002
   4.49300065500000       3.983644908547877E-002
   4.49365059000000       3.980118469521183E-002
   4.49430052500000       3.976589764050693E-002
   4.49495046000000       3.973058126407660E-002
   4.49560039500000       3.969524350030127E-002
   4.49625033000000       3.965987614417901E-002
   4.49690026500000       3.962449376040506E-002
   4.49755020000000       3.958909936930698E-002
   4.49820013500000       3.955365505455150E-002
   4.49885007000000       3.951818701055614E-002
   4.49950000500000       3.948269675061854E-002
   4.50014994000000       3.944718243364499E-002
   4.50079987500000       3.941163661420564E-002
   4.50144981000000       3.937608107951630E-002
   4.50209974500000       3.934051440272589E-002
   4.50274968000000       3.930489678515982E-002
   4.50339961500000       3.926926189132683E-002
   4.50404955000000       3.923360225648984E-002
   4.50469948500000       3.919791830251868E-002
   4.50534942000000       3.916220964860707E-002
   4.50599935500000       3.912648963039945E-002
   4.50664929000000       3.909076051917219E-002
   4.50729922500000       3.905498197405851E-002
   4.50794916000000       3.901918322486124E-002
   4.50859909500000       3.898336577613701E-002
   4.50924903000000       3.894752283901000E-002
   4.50989896500000       3.891166857857530E-002
   4.51054890000000       3.887580641294646E-002
   4.51119883500000       3.883989815145678E-002
   4.51184877000000       3.880396919766075E-002
   4.51249870500000       3.876802119275790E-002
   4.51314864000000       3.873205455703066E-002
   4.51379857500000       3.869606366330491E-002
   4.51444851000000       3.866006452757653E-002
   4.51509844500000       3.862405691244603E-002
   4.51574838000000       3.858800444910847E-002
   4.51639831500000       3.855193404489974E-002
   4.51704825000000       3.851584538189661E-002
   4.51769818500000       3.847974140924949E-002
   4.51834812000000       3.844361231528049E-002
   4.51899805500000       3.840747654881196E-002
   4.51964799000000       3.837133509032049E-002
   4.52029792500000       3.833514904734346E-002
   4.52094786000000       3.829895031519801E-002
   4.52159779500000       3.826273286698491E-002
   4.52224773000000       3.822649573369699E-002
   4.52289766500000       3.819024197046712E-002
   4.52354760000000       3.815398353293748E-002
   4.52419753500000       3.811771893586154E-002
   4.52484747000000       3.808141105067075E-002
   4.52549740500000       3.804509308503840E-002
   4.52614734000000       3.800875809070476E-002
   4.52679727500000       3.797240313404810E-002
   4.52744721000000       3.793604498234935E-002
   4.52809714500000       3.789968497190054E-002
   4.52874708000000       3.786328427138862E-002
   4.52939701500000       3.782687321736290E-002
   4.53004695000000       3.779044591782301E-002
   4.53069688500000       3.775400422022596E-002
   4.53134682000000       3.771754607231725E-002
   4.53199675500000       3.768108648612140E-002
   4.53264669000000       3.764462262324999E-002
   4.53329662500000       3.760812288529678E-002
   4.53394656000000       3.757161498644713E-002
   4.53459649500000       3.753509181758813E-002
   4.53524643000000       3.749855752712963E-002
   4.53589636500000       3.746200560678573E-002
   4.53654630000000       3.742545499090298E-002
   4.53719623500000       3.738890623847401E-002
   4.53784617000000       3.735232069972765E-002
   4.53849610500000       3.731572678390311E-002
   4.53914604000000       3.727911943959037E-002
   4.53979597500000       3.724250188287205E-002
   4.54044591000000       3.720588315898268E-002
   4.54109584500000       3.716926863509513E-002
   4.54174578000000       3.713261986011164E-002
   4.54239571500000       3.709596375071200E-002
   4.54304565000000       3.705929651152978E-002
   4.54369558500000       3.702262170580534E-002
   4.54434552000000       3.698593458220634E-002
   4.54499545500000       3.694925377805311E-002
   4.54564539000000       3.691257439226246E-002
   4.54629532500000       3.687585991847885E-002
   4.54694526000000       3.683914637334323E-002
   4.54759519500000       3.680242186531085E-002
   4.54824513000000       3.676568947603154E-002
   4.54889506500000       3.672894958546125E-002
   4.54954500000000       3.669221432448418E-002
   4.55019493500000       3.665548745504715E-002
   4.55084487000000       3.661872409728029E-002
   4.55149480500000       3.658196315253333E-002
   4.55214474000000       3.654519499475008E-002
   4.55279467500000       3.650842312848713E-002
   4.55344461000000       3.647164528557220E-002
   4.55409454500000       3.643486970393815E-002
   4.55474448000000       3.639810629566920E-002
   4.55539441500000       3.636131119220423E-002
   4.55604435000000       3.632451886248679E-002
   4.55669428500000       3.628771996016507E-002
   4.55734422000000       3.625091825091581E-002
   4.55799415500000       3.621412478695536E-002
   4.55864409000000       3.617734238537158E-002
   4.55929402500000       3.614052940192730E-002
   4.55994396000000       3.610372409876597E-002
   4.56059389500000       3.606691237132140E-002
   4.56124383000000       3.603009879271518E-002
   4.56189376500000       3.599328450363413E-002
   4.56254370000000       3.595648169799494E-002
   4.56319363500000       3.591968650284771E-002
   4.56384357000000       3.588287124078100E-002
   4.56449350500000       3.584606161765457E-002
   4.56514344000000       3.580924699642036E-002
   4.56579337500000       3.577243477951022E-002
   4.56644331000000       3.573562451218371E-002
   4.56709324500000       3.569882593418333E-002
   4.56774318000000       3.566203989664937E-002
   4.56839311500000       3.562523461135327E-002
   4.56904305000000       3.558843387269853E-002
   4.56969298500000       3.555163556065183E-002
   4.57034292000000       3.551483635705809E-002
   4.57099285500000       3.547805574476284E-002
   4.57164279000000       3.544129034299383E-002
   4.57229272500000       3.540450075684466E-002
   4.57294266000000       3.536772425384570E-002
   4.57359259500000       3.533095258856963E-002
   4.57424253000000       3.529418550891741E-002
   4.57489246500000       3.525741877356287E-002
   4.57554240000000       3.522066916232502E-002
   4.57619233500000       3.518394287322490E-002
   4.57684227000000       3.514719458732921E-002
   4.57749220500000       3.511045879288186E-002
   4.57814214000000       3.507372888899946E-002
   4.57879207500000       3.503700753923025E-002
   4.57944201000000       3.500029084097075E-002
   4.58009194500000       3.496359231110747E-002
   4.58074188000000       3.492691557457217E-002
   4.58139181500000       3.489022543423408E-002
   4.58204175000000       3.485354792124958E-002
   4.58269168500000       3.481687546229326E-002
   4.58334162000000       3.478021822312967E-002
   4.58399155500000       3.474356511902416E-002
   4.58464149000000       3.470693616707154E-002
   4.58529142500000       3.467033366668545E-002
   4.58594136000000       3.463371324866840E-002
   4.58659129500000       3.459710851435545E-002
   4.58724123000000       3.456051564753068E-002
   4.58789116500000       3.452393426642861E-002
   4.58854110000000       3.448737586562289E-002
   4.58919103500000       3.445084541861931E-002
   4.58984097000000       3.441429988661957E-002
   4.59049090500000       3.437777527603442E-002
   4.59114084000000       3.434126232083755E-002
   4.59179077500000       3.430476388077845E-002
   4.59244071000000       3.426827949784802E-002
   4.59309064500000       3.423181857418569E-002
   4.59374058000000       3.419538980801946E-002
   4.59439051500000       3.415894989425906E-002
   4.59504045000000       3.412253329466140E-002
   4.59569038500000       3.408612941064711E-002
   4.59634032000000       3.404974255422887E-002
   4.59699025500000       3.401337214405088E-002
   4.59764019000000       3.397702968208385E-002
   4.59829012500000       3.394071795244663E-002
   4.59894006000000       3.390440064121871E-002
   4.59958999500000       3.386810410942825E-002
   4.60023993000000       3.383182955432679E-002
   4.60088986500000       3.379557030520159E-002
   4.60153980000000       3.375934177031657E-002
   4.60218973500000       3.372314899291293E-002
   4.60283967000000       3.368694750983502E-002
   4.60348960500000       3.365077144516190E-002
   4.60413954000000       3.361461923425992E-002
   4.60478947500000       3.357848628696330E-002
   4.60543941000000       3.354237500992206E-002
   4.60608934500000       3.350629869035091E-002
   4.60673928000000       3.347025466779668E-002
   4.60738921500000       3.343420872113637E-002
   4.60803915000000       3.339819204999153E-002
   4.60868908500000       3.336219766949704E-002
   4.60933902000000       3.332622962393136E-002
   4.60998895500000       3.329028159235251E-002
   4.61063889000000       3.325437087411964E-002
   4.61128882500000       3.321849986325444E-002
   4.61193876000000       3.318262918951007E-002
   4.61258869500000       3.314678738418006E-002
   4.61323863000000       3.311096852375649E-002
   4.61388856500000       3.307518186413134E-002
   4.61453850000000       3.303941962714378E-002
   4.61518843500000       3.300369157209905E-002
   4.61583837000000       3.296800799462395E-002
   4.61648830500000       3.293232859990371E-002
   4.61713824000000       3.289668187810903E-002
   4.61778817500000       3.286106105878555E-002
   4.61843811000000       3.282546839922042E-002
   4.61908804500000       3.278991732906580E-002
   4.61973798000000       3.275441142949649E-002
   4.62038791500000       3.271890738816597E-002
   4.62103785000000       3.268344109626142E-002
   4.62168778500000       3.264800363101891E-002
   4.62233772000000       3.261259974163065E-002
   4.62298765500000       3.257722379867818E-002
   4.62363759000000       3.254189271195580E-002
   4.62428752500000       3.250660716474432E-002
   4.62493746000000       3.247132783316922E-002
   4.62558739500000       3.243608995733567E-002
   4.62623733000000       3.240088355292409E-002
   4.62688726500000       3.236571125436291E-002
   4.62753720000000       3.233057148311224E-002
   4.62818713500000       3.229547850117402E-002
   4.62883707000000       3.226043305229459E-002
   4.62948700500000       3.222540040121402E-002
   4.63013694000000       3.219040802181750E-002
   4.63078687500000       3.215544795484253E-002
   4.63143681000000       3.212052787217964E-002
   4.63208674500000       3.208564443544198E-002
   4.63273668000000       3.205080598376493E-002
   4.63338661500000       3.201602213501718E-002
   4.63403655000000       3.198124966565717E-002
   4.63468648500000       3.194651960109882E-002
   4.63533642000000       3.191183042156441E-002
   4.63598635500000       3.187717843840795E-002
   4.63663629000000       3.184257479808880E-002
   4.63728622500000       3.180802627735674E-002
   4.63793616000000       3.177349318912503E-002
   4.63858609500000       3.173900688444877E-002
   4.63923603000000       3.170456192814092E-002
   4.63988596500000       3.167015643194702E-002
   4.64053590000000       3.163579243830078E-002
   4.64118583500000       3.160148061916571E-002
   4.64183577000000       3.156722615374779E-002
   4.64248570500000       3.153298835953565E-002
   4.64313564000000       3.149879998713882E-002
   4.64378557500000       3.146465487321391E-002
   4.64443551000000       3.143055550769178E-002
   4.64508544500000       3.139649808430701E-002
   4.64573538000000       3.136249508276057E-002
   4.64638531500000       3.132855033629266E-002
   4.64703525000000       3.129462661163955E-002
   4.64768518500000       3.126075595242395E-002
   4.64833512000000       3.122693215326628E-002
   4.64898505500000       3.119315073910817E-002
   4.64963499000000       3.115942682888601E-002
   4.65028492500000       3.112576558697052E-002
   4.65093486000000       3.109212697939318E-002
   4.65158479500000       3.105854106457995E-002
   4.65223473000000       3.102500275792148E-002
   4.65288466500000       3.099151597957472E-002
   4.65353460000000       3.095807638027773E-002
   4.65418453500000       3.092469488901756E-002
   4.65483447000000       3.089137739468404E-002
   4.65548440500000       3.085808809839306E-002
   4.65613434000000       3.082485261971381E-002
   4.65678427500000       3.079166754934129E-002
   4.65743421000000       3.075853647552932E-002
   4.65808414500000       3.072545384277936E-002
   4.65873408000000       3.069243465142426E-002
   4.65938401500000       3.065947987979800E-002
   4.66003395000000       3.062655513340687E-002
   4.66068388500000       3.059368951534360E-002
   4.66133382000000       3.056087471834330E-002
   4.66198375500000       3.052811576247852E-002
   4.66263369000000       3.049540979919550E-002
   4.66328362500000       3.046276722289426E-002
   4.66393356000000       3.043019359128280E-002
   4.66458349500000       3.039765268434564E-002
   4.66523343000000       3.036517120468752E-002
   4.66588336500000       3.033274565396897E-002
   4.66653330000000       3.030037620306531E-002
   4.66718323500000       3.026807280379781E-002
   4.66783317000000       3.023583801296178E-002
   4.66848310500000       3.020363895000667E-002
   4.66913304000000       3.017150305619068E-002
   4.66978297500000       3.013942332412375E-002
   4.67043291000000       3.010740260787536E-002
   4.67108284500000       3.007544010801108E-002
   4.67173278000000       3.004354696517297E-002
   4.67238271500000       3.001172467066756E-002
   4.67303265000000       2.997994115064850E-002
   4.67368258500000       2.994822119088477E-002
   4.67433252000000       2.991656181810879E-002
   4.67498245500000       2.988496463478109E-002
   4.67563239000000       2.985342675075950E-002
   4.67628232500000       2.982195875254228E-002
   4.67693226000000       2.979056601237379E-002
   4.67758219500000       2.975921470178176E-002
   4.67823213000000       2.972792737591581E-002
   4.67888206500000       2.969670519553230E-002
   4.67953200000000       2.966554390350621E-002
   4.68018193500000       2.963445512299081E-002
   4.68083187000000       2.960344348002389E-002
   4.68148180500000       2.957247325786578E-002
   4.68213174000000       2.954157220732150E-002
   4.68278167500000       2.951073513873691E-002
   4.68343161000000       2.947996397814512E-002
   4.68408154500000       2.944925628996847E-002
   4.68473148000000       2.941862446989833E-002
   4.68538141500000       2.938807109013235E-002
   4.68603135000000       2.935756192489236E-002
   4.68668128500000       2.932712546789227E-002
   4.68733122000000       2.929675379166963E-002
   4.68798115500000       2.926644967522090E-002
   4.68863109000000       2.923621384708567E-002
   4.68928102500000       2.920605266136799E-002
   4.68993096000000       2.917597157296646E-002
   4.69058089500000       2.914593974974657E-002
   4.69123083000000       2.911598001458821E-002
   4.69188076500000       2.908608882351547E-002
   4.69253070000000       2.905626873808051E-002
   4.69318063500000       2.902651565149284E-002
   4.69383057000000       2.899684185501300E-002
   4.69448050500000       2.896725055000025E-002
   4.69513044000000       2.893770888120670E-002
   4.69578037500000       2.890824133156492E-002
   4.69643031000000       2.887884451303053E-002
   4.69708024500000       2.884951897429839E-002
   4.69773018000000       2.882027345513168E-002
   4.69838011500000       2.879111139549955E-002
   4.69903005000000       2.876200158780546E-002
   4.69967998500000       2.873296714303707E-002
   4.70032992000000       2.870400591009058E-002
   4.70097985500000       2.867511845231804E-002
   4.70162979000000       2.864630300077181E-002
   4.70227972500000       2.861756909316882E-002
   4.70292966000000       2.858892272884842E-002
   4.70357959500000       2.856032790017585E-002
   4.70422953000000       2.853181097054126E-002
   4.70487946500000       2.850336848746012E-002
   4.70552940000000       2.847500253358422E-002
   4.70617933500000       2.844671011868471E-002
   4.70682927000000       2.841850252385925E-002
   4.70747920500000       2.839037990312643E-002
   4.70812914000000       2.836231526986497E-002
   4.70877907500000       2.833432892820350E-002
   4.70942901000000       2.830641800571637E-002
   4.71007894500000       2.827858400761583E-002
   4.71072888000000       2.825083548145898E-002
   4.71137881500000       2.822317412110428E-002
   4.71202875000000       2.819557019610273E-002
   4.71267868500000       2.816804880764434E-002
   4.71332862000000       2.814060316079281E-002
   4.71397855500000       2.811323837987819E-002
   4.71462849000000       2.808594768241838E-002
   4.71527842500000       2.805874351423639E-002
   4.71592836000000       2.803163082933146E-002
   4.71657829500000       2.800457787786823E-002
   4.71722823000000       2.797760670611048E-002
   4.71787816500000       2.795071406298030E-002
   4.71852810000000       2.792390083706204E-002
   4.71917803500000       2.789716666503958E-002
   4.71982797000000       2.787052091174685E-002
   4.72047790500000       2.784396481226538E-002
   4.72112784000000       2.781747136748899E-002
   4.72177777500000       2.779106083612749E-002
   4.72242771000000       2.776472899636244E-002
   4.72307764500000       2.773847950268379E-002
   4.72372758000000       2.771231119079547E-002
   4.72437751500000       2.768623036715627E-002
   4.72502745000000       2.766024185453629E-002
   4.72567738500000       2.763431513135474E-002
   4.72632732000000       2.760847529873009E-002
   4.72697725500000       2.758271580771352E-002
   4.72762719000000       2.755703626124403E-002
   4.72827712500000       2.753144709135067E-002
   4.72892706000000       2.750595100976909E-002
   4.72957699500000       2.748051904323857E-002
   4.73022693000000       2.745517134652072E-002
   4.73087686500000       2.742990832244599E-002
   4.73152680000000       2.740472698307931E-002
   4.73217673500000       2.737962678808303E-002
   4.73282667000000       2.735461903499254E-002
   4.73347660500000       2.732970277722033E-002
   4.73412654000000       2.730485142985173E-002
   4.73477647500000       2.728008861856086E-002
   4.73542641000000       2.725540860202003E-002
   4.73607634500000       2.723081236942332E-002
   4.73672628000000       2.720629675741843E-002
   4.73737621500000       2.718187451332558E-002
   4.73802615000000       2.715754704428869E-002
   4.73867608500000       2.713328364512857E-002
   4.73932602000000       2.710910768205829E-002
   4.73997595500000       2.708501677328792E-002
   4.74062589000000       2.706101163719728E-002
   4.74127582500000       2.703708805986712E-002
   4.74192576000000       2.701325580219328E-002
   4.74257569500000       2.698951866745291E-002
   4.74322563000000       2.696584834868781E-002
   4.74387556500000       2.694226607612723E-002
   4.74452550000000       2.691876769091281E-002
   4.74517543500000       2.689535299263103E-002
   4.74582537000000       2.687202906151104E-002
   4.74647530500000       2.684880224880333E-002
   4.74712524000000       2.682564218151462E-002
   4.74777517500000       2.680257033456766E-002
   4.74842511000000       2.677958171391035E-002
   4.74907504500000       2.675667961290004E-002
   4.74972498000000       2.673386150936815E-002
   4.75037491500000       2.671113435310730E-002
   4.75102485000000       2.668850202851287E-002
   4.75167478500000       2.666593927684489E-002
   4.75232472000000       2.664346189578375E-002
   4.75297465500000       2.662107177230886E-002
   4.75362459000000       2.659876682023860E-002
   4.75427452500000       2.657654517124821E-002
   4.75492446000000       2.655441557805437E-002
   4.75557439500000       2.653237828631428E-002
   4.75622433000000       2.651041277470002E-002
   4.75687426500000       2.648853458905272E-002
   4.75752420000000       2.646674026993636E-002
   4.75817413500000       2.644503011777171E-002
   4.75882407000000       2.642340962117826E-002
   4.75947400500000       2.640188403507455E-002
   4.76012394000000       2.638042805267809E-002
   4.76077387500000       2.635905864637017E-002
   4.76142381000000       2.633777450488365E-002
   4.76207374500000       2.631657615245316E-002
   4.76272368000000       2.629545982770196E-002
   4.76337361500000       2.627443348376370E-002
   4.76402355000000       2.625350106477466E-002
   4.76467348500000       2.623263785464052E-002
   4.76532342000000       2.621186196065720E-002
   4.76597335500000       2.619116782199183E-002
   4.76662329000000       2.617055989252747E-002
   4.76727322500000       2.615003419877377E-002
   4.76792316000000       2.612959751255911E-002
   4.76857309500000       2.610925392506639E-002
   4.76922303000000       2.608897989194317E-002
   4.76987296500000       2.606878906745404E-002
   4.77052290000000       2.604868368357658E-002
   4.77117283500000       2.602866186174610E-002
   4.77182277000000       2.600872020289995E-002
   4.77247270500000       2.598886702497715E-002
   4.77312264000000       2.596910655097606E-002
   4.77377257500000       2.594941222040646E-002
   4.77442251000000       2.592980408920510E-002
   4.77507244500000       2.591027725546724E-002
   4.77572238000000       2.589083142994389E-002
   4.77637231500000       2.587147250058311E-002
   4.77702225000000       2.585220369681075E-002
   4.77767218500000       2.583300242991268E-002
   4.77832212000000       2.581388366898405E-002
   4.77897205500000       2.579484652541596E-002
   4.77962199000000       2.577589158361412E-002
   4.78027192500000       2.575701445178586E-002
   4.78092186000000       2.573822185788344E-002
   4.78157179500000       2.571952025814543E-002
   4.78222173000000       2.570088241501538E-002
   4.78287166500000       2.568232628264129E-002
   4.78352160000000       2.566385091306512E-002
   4.78417153500000       2.564545367997904E-002
   4.78482147000000       2.562713421898000E-002
   4.78547140500000       2.560889868631390E-002
   4.78612134000000       2.559074759457718E-002
   4.78677127500000       2.557266381665163E-002
   4.78742121000000       2.555465882572626E-002
   4.78807114500000       2.553672924285587E-002
   4.78872108000000       2.551887868261246E-002
   4.78937101500000       2.550110774075628E-002
   4.79002095000000       2.548341996035188E-002
   4.79067088500000       2.546579677196153E-002
   4.79132082000000       2.544825084647371E-002
   4.79197075500000       2.543078179078806E-002
   4.79262069000000       2.541338527759347E-002
   4.79327062500000       2.539606324253997E-002
   4.79392056000000       2.537882120271052E-002
   4.79457049500000       2.536165912923120E-002
   4.79522043000000       2.534455877706671E-002
   4.79587036500000       2.532753294143089E-002
   4.79652030000000       2.531057967887170E-002
   4.79717023500000       2.529370083997822E-002
   4.79782017000000       2.527689106111659E-002
   4.79847010500000       2.526015701391178E-002
   4.79912004000000       2.524350269564415E-002
   4.79976997500000       2.522690575444656E-002
   4.80041991000000       2.521038105077637E-002
   4.80106984500000       2.519392717661104E-002
   4.80171978000000       2.517754128849649E-002
   4.80236971500000       2.516122460888679E-002
   4.80301965000000       2.514497924898856E-002
   4.80366958500000       2.512880949373472E-002
   4.80431952000000       2.511269499011159E-002
   4.80496945500000       2.509665140861899E-002
   4.80561939000000       2.508067398332238E-002
   4.80626932500000       2.506476054764011E-002
   4.80691926000000       2.504891703811257E-002
   4.80756919500000       2.503314712782678E-002
   4.80821913000000       2.501743055619573E-002
   4.80886906500000       2.500178056941994E-002
   4.80951900000000       2.498619326459562E-002
   4.81016893500000       2.497067023105370E-002
   4.81081887000000       2.495521117489545E-002
   4.81146880500000       2.493981870761669E-002
   4.81211874000000       2.492449476752014E-002
   4.81276867500000       2.490922254681258E-002
   4.81341861000000       2.489401334665214E-002
   4.81406854500000       2.487886470996484E-002
   4.81471848000000       2.486377689634565E-002
   4.81536841500000       2.484875102264321E-002
   4.81601835000000       2.483378803800898E-002
   4.81666828500000       2.481889152825006E-002
   4.81731822000000       2.480404279284745E-002
   4.81796815500000       2.478925451987362E-002
   4.81861809000000       2.477452627856012E-002
   4.81926802500000       2.475985355474163E-002
   4.81991796000000       2.474524432009537E-002
   4.82056789500000       2.473069890972300E-002
   4.82121783000000       2.471620016172029E-002
   4.82186776500000       2.470175868315465E-002
   4.82251770000000       2.468737322913089E-002
   4.82316763500000       2.467304482195095E-002
   4.82381757000000       2.465877037360110E-002
   4.82446750500000       2.464455693417001E-002
   4.82511744000000       2.463040304663625E-002
   4.82576737500000       2.461629350143632E-002
   4.82641731000000       2.460224062558114E-002
   4.82706724500000       2.458823995398714E-002
   4.82771718000000       2.457429501891636E-002
   4.82836711500000       2.456040092196713E-002
   4.82901705000000       2.454656331642888E-002
   4.82966698500000       2.453278477727735E-002
   4.83031692000000       2.451904705206063E-002
   4.83096685500000       2.450536442196929E-002
   4.83161679000000       2.449173162875174E-002
   4.83226672500000       2.447815109562601E-002
   4.83291666000000       2.446461974941803E-002
   4.83356659500000       2.445114281945188E-002
   4.83421653000000       2.443772335395144E-002
   4.83486646500000       2.442434185851058E-002
   4.83551640000000       2.441101074413612E-002
   4.83616633500000       2.439773011035374E-002
   4.83681627000000       2.438449774537107E-002
   4.83746620500000       2.437131616650033E-002
   4.83811614000000       2.435819025194069E-002
   4.83876607500000       2.434510111320788E-002
   4.83941601000000       2.433206188216425E-002
   4.84006594500000       2.431906837746214E-002
   4.84071588000000       2.430612243412131E-002
   4.84136581500000       2.429322315664424E-002
   4.84201575000000       2.428037202487651E-002
   4.84266568500000       2.426757358358087E-002
   4.84331562000000       2.425481155809671E-002
   4.84396555500000       2.424209617647362E-002
   4.84461549000000       2.422942609931501E-002
   4.84526542500000       2.421679987200876E-002
   4.84591536000000       2.420421874423316E-002
   4.84656529500000       2.419168357852225E-002
   4.84721523000000       2.417919871894609E-002
   4.84786516500000       2.416674755226170E-002
   4.84851510000000       2.415434260992620E-002
   4.84916503500000       2.414197915894090E-002
   4.84981497000000       2.412965788669218E-002
   4.85046490500000       2.411737988471509E-002
   4.85111484000000       2.410514595848063E-002
   4.85176477500000       2.409296028647421E-002
   4.85241471000000       2.408080668666369E-002
   4.85306464500000       2.406869734678245E-002
   4.85371458000000       2.405662784099886E-002
   4.85436451500000       2.404459777020185E-002
   4.85501445000000       2.403261302853739E-002
   4.85566438500000       2.402067202299584E-002
   4.85631432000000       2.400876206846804E-002
   4.85696425500000       2.399689425920271E-002
   4.85761419000000       2.398506495981133E-002
   4.85826412500000       2.397327505061656E-002
   4.85891406000000       2.396152353964817E-002
   4.85956399500000       2.394981410840431E-002
   4.86021393000000       2.393814827768541E-002
   4.86086386500000       2.392651180774131E-002
   4.86151380000000       2.391491488617074E-002
   4.86216373500000       2.390335356074240E-002
   4.86281367000000       2.389183163186278E-002
   4.86346360500000       2.388034598000854E-002
   4.86411354000000       2.386889992702014E-002
   4.86476347500000       2.385749469176870E-002
   4.86541341000000       2.384611806936039E-002
   4.86606334500000       2.383477838107406E-002
   4.86671328000000       2.382347563139110E-002
   4.86736321500000       2.381220737918365E-002
   4.86801315000000       2.380097734876513E-002
   4.86866308500000       2.378978767278501E-002
   4.86931302000000       2.377862471034986E-002
   4.86996295500000       2.376749693325765E-002
   4.87061289000000       2.375640387370418E-002
   4.87126282500000       2.374534494488275E-002
   4.87191276000000       2.373432000948267E-002
   4.87256269500000       2.372332982935540E-002
   4.87321263000000       2.371237995919923E-002
   4.87386256500000       2.370145549292818E-002
   4.87451250000000       2.369056524513792E-002
   4.87516243500000       2.367970664601046E-002
   4.87581237000000       2.366888174419886E-002
   4.87646230500000       2.365808739529723E-002
   4.87711224000000       2.364732792416890E-002
   4.87776217500000       2.363660647869544E-002
   4.87841211000000       2.362590864014735E-002
   4.87906204500000       2.361524385159086E-002
   4.87971198000000       2.360460996033945E-002
   4.88036191500000       2.359400618089664E-002
   4.88101185000000       2.358343376748981E-002
   4.88166178500000       2.357289504285967E-002
   4.88231172000000       2.356239116174711E-002
   4.88296165500000       2.355191058637530E-002
   4.88361159000000       2.354145956080261E-002
   4.88426152500000       2.353104018604668E-002
   4.88491146000000       2.352064928519422E-002
   4.88556139500000       2.351028912439688E-002
   4.88621133000000       2.349996348224029E-002
   4.88686126500000       2.348966021607848E-002
   4.88751120000000       2.347938749507617E-002
   4.88816113500000       2.346914209496721E-002
   4.88881107000000       2.345892561787865E-002
   4.88946100500000       2.344873730154739E-002
   4.89011094000000       2.343857823650441E-002
   4.89076087500000       2.342845295582026E-002
   4.89141081000000       2.341834683936996E-002
   4.89206074500000       2.340827121721597E-002
   4.89271068000000       2.339822133589333E-002
   4.89336061500000       2.338819956785220E-002
   4.89401055000000       2.337820336204563E-002
   4.89466048500000       2.336823737401322E-002
   4.89531042000000       2.335830152474049E-002
   4.89596035500000       2.334838519318754E-002
   4.89661029000000       2.333849717969328E-002
   4.89726022500000       2.332863314311667E-002
   4.89791016000000       2.331879546794458E-002
   4.89856009500000       2.330898729496884E-002
   4.89921003000000       2.329920799646663E-002
   4.89985996500000       2.328944712826774E-002
   4.90050990000000       2.327971192625268E-002
   4.90115983500000       2.327000241104910E-002
   4.90180977000000       2.326031688402584E-002
   4.90245970500000       2.325065562494234E-002
   4.90310964000000       2.324102249909841E-002
   4.90375957500000       2.323141780912361E-002
   4.90440951000000       2.322182956948027E-002
   4.90505944500000       2.321226569253154E-002
   4.90570938000000       2.320272711513376E-002
   4.90635931500000       2.319321105483430E-002
   4.90700925000000       2.318371901559078E-002
   4.90765918500000       2.317425287809220E-002
   4.90830912000000       2.316481369780480E-002
   4.90895905500000       2.315539156415296E-002
   4.90960899000000       2.314599245908430E-002
   4.91025892500000       2.313661612001567E-002
   4.91090886000000       2.312726339030019E-002
   4.91155879500000       2.311793112640922E-002
   4.91220873000000       2.310862486510524E-002
   4.91285866500000       2.309934384931640E-002
   4.91350860000000       2.309007981973086E-002
   4.91415853500000       2.308083643765608E-002
   4.91480847000000       2.307161472396084E-002
   4.91545840500000       2.306241620141984E-002
   4.91610834000000       2.305323990932703E-002
   4.91675827500000       2.304408896792894E-002
   4.91740821000000       2.303495307302474E-002
   4.91805814500000       2.302583907715013E-002
   4.91870808000000       2.301674635829974E-002
   4.91935801500000       2.300767319754293E-002
   4.92000795000000       2.299862117246329E-002
   4.92065788500000       2.298959050607301E-002
   4.92130782000000       2.298058585301775E-002
   4.92195775500000       2.297159357287535E-002
   4.92260769000000       2.296262441617810E-002
   4.92325762500000       2.295367286584444E-002
   4.92390756000000       2.294474079736133E-002
   4.92455749500000       2.293582899433074E-002
   4.92520743000000       2.292693913293683E-002
   4.92585736500000       2.291807246886012E-002
   4.92650730000000       2.290921892120364E-002
   4.92715723500000       2.290038364146529E-002
   4.92780717000000       2.289156838086264E-002
   4.92845710500000       2.288277238594756E-002
   4.92910704000000       2.287399568585573E-002
   4.92975697500000       2.286523777662710E-002
   4.93040691000000       2.285650290514017E-002
   4.93105684500000       2.284778004030075E-002
   4.93170678000000       2.283907689065523E-002
   4.93235671500000       2.283039156374816E-002
   4.93300665000000       2.282172292249405E-002
   4.93365658500000       2.281307533738865E-002
   4.93430652000000       2.280444978829947E-002
   4.93495645500000       2.279583484490649E-002
   4.93560639000000       2.278723939732524E-002
   4.93625632500000       2.277866015741865E-002
   4.93690626000000       2.277009785367634E-002
   4.93755619500000       2.276155213727060E-002
   4.93820613000000       2.275302693513601E-002
   4.93885606500000       2.274452233348055E-002
   4.93950600000000       2.273602815171335E-002
   4.94015593500000       2.272755166867073E-002
   4.94080587000000       2.271909177973782E-002
   4.94145580500000       2.271064821952775E-002
   4.94210574000000       2.270221977968593E-002
   4.94275567500000       2.269381164408751E-002
   4.94340561000000       2.268542225991088E-002
   4.94405554500000       2.267704325725012E-002
   4.94470548000000       2.266868016782240E-002
   4.94535541500000       2.266033408503121E-002
   4.94600535000000       2.265200381456963E-002
   4.94665528500000       2.264369003185695E-002
   4.94730522000000       2.263539570265526E-002
   4.94795515500000       2.262711171600724E-002
   4.94860509000000       2.261884339974323E-002
   4.94925502500000       2.261058959020226E-002
   4.94990496000000       2.260235151055185E-002
   4.95055489500000       2.259412888483384E-002
   4.95120483000000       2.258592151271935E-002
   4.95185476500000       2.257773504525482E-002
   4.95250470000000       2.256955669430117E-002
   4.95315463500000       2.256139235880462E-002
   4.95380457000000       2.255324360236229E-002
   4.95445450500000       2.254511052448600E-002
   4.95510444000000       2.253698860772486E-002
   4.95575437500000       2.252888590069374E-002
   4.95640431000000       2.252080058511243E-002
   4.95705424500000       2.251272143496482E-002
   4.95770418000000       2.250465978778790E-002
   4.95835411500000       2.249661039584545E-002
   4.95900405000000       2.248857470211779E-002
   4.95965398500000       2.248055371389393E-002
   4.96030392000000       2.247254846520728E-002
   4.96095385500000       2.246455865274528E-002
   4.96160379000000       2.245657777825739E-002
   4.96225372500000       2.244861112080415E-002
   4.96290366000000       2.244065857882046E-002
   4.96355359500000       2.243271730123081E-002
   4.96420353000000       2.242479224742280E-002
   4.96485346500000       2.241688237677036E-002
   4.96550340000000       2.240898188366468E-002
   4.96615333500000       2.240109442186968E-002
   4.96680327000000       2.239321865948819E-002
   4.96745320500000       2.238535753575253E-002
   4.96810314000000       2.237750704924369E-002
   4.96875307500000       2.236967162953733E-002
   4.96940301000000       2.236185298436561E-002
   4.97005294500000       2.235404108831268E-002
   4.97070288000000       2.234624152707844E-002
   4.97135281500000       2.233845464269205E-002
   4.97200275000000       2.233067912717624E-002
   4.97265268500000       2.232291650746278E-002
   4.97330262000000       2.231516831799181E-002
   4.97395255500000       2.230743455132996E-002
   4.97460249000000       2.229970684514289E-002
   4.97525242500000       2.229199284680168E-002
   4.97590236000000       2.228428950927455E-002
   4.97655229500000       2.227659752772861E-002
   4.97720223000000       2.226892016425460E-002
   4.97785216500000       2.226125710290251E-002
   4.97850210000000       2.225360032599115E-002
   4.97915203500000       2.224595661710699E-002
   4.97980197000000       2.223832247698007E-002
   4.98045190500000       2.223070107572209E-002
   4.98110184000000       2.222308905426827E-002
   4.98175177500000       2.221549129669113E-002
   4.98240171000000       2.220790681779094E-002
   4.98305164500000       2.220032936053772E-002
   4.98370158000000       2.219276253695828E-002
   4.98435151500000       2.218520812647908E-002
   4.98500145000000       2.217766317921181E-002
   4.98565138500000       2.217012875710950E-002
   4.98630132000000       2.216260588536096E-002
   4.98695125500000       2.215509938441839E-002
   4.98760119000000       2.214759595349660E-002
   4.98825112500000       2.214010370785354E-002
   4.98890106000000       2.213262391631289E-002
   4.98955099500000       2.212515303404604E-002
   4.99020093000000       2.211769142274372E-002
   4.99085086500000       2.211024298174620E-002
   4.99150080000000       2.210280877645948E-002
   4.99215073500000       2.209537819315489E-002
   4.99280067000000       2.208795815826402E-002
   4.99345060500000       2.208054897895979E-002
   4.99410054000000       2.207314885626509E-002
   4.99475047500000       2.206576151328690E-002
   4.99540041000000       2.205838682672282E-002
   4.99605034500000       2.205101570361754E-002
   4.99670028000000       2.204365534472520E-002
   4.99735021500000       2.203630565503514E-002
   4.99800015000000       2.202896529252867E-002
   4.99865008500000       2.202163376242155E-002
   4.99930002000000       2.201431329853699E-002
   4.99994995500000       2.200700559862049E-002
   5.00059989000000       2.199970166921164E-002
   5.00124982500000       2.199240785294393E-002
   5.00189976000000       2.198512372208980E-002
   5.00254969500000       2.197785020212578E-002
   5.00319963000000       2.197058364697047E-002
   5.00384956500000       2.196332842541736E-002
   5.00449950000000       2.195608584547463E-002
   5.00514943500000       2.194884719081138E-002
   5.00579937000000       2.194161828614177E-002
   5.00644930500000       2.193439691213619E-002
   5.00709924000000       2.192718464189812E-002
   5.00774917500000       2.191998327787829E-002
   5.00839911000000       2.191279486316450E-002
   5.00904904500000       2.190560987349740E-002
   5.00969898000000       2.189843324691962E-002
   5.01034891500000       2.189126565870751E-002
   5.01099885000000       2.188410573596790E-002
   5.01164878500000       2.187695511966127E-002
   5.01229872000000       2.186981477546617E-002
   5.01294865500000       2.186268571414778E-002
   5.01359859000000       2.185556052517415E-002
   5.01424852500000       2.184844287821485E-002
   5.01489846000000       2.184133373305954E-002
   5.01554839500000       2.183423496488739E-002
   5.01619833000000       2.182714160200093E-002
   5.01684826500000       2.182005918142656E-002
   5.01749820000000       2.181298780361724E-002
   5.01814813500000       2.180592021275854E-002
   5.01879807000000       2.179886050427038E-002
   5.01944800500000       2.179180866807393E-002
   5.02009794000000       2.178476606086342E-002
   5.02074787500000       2.177773023945466E-002
   5.02139781000000       2.177070356320227E-002
   5.02204774500000       2.176368757729431E-002
   5.02269768000000       2.175667428320175E-002
   5.02334761500000       2.174967079415399E-002
   5.02399755000000       2.174267433255397E-002
   5.02464748500000       2.173568520848222E-002
   5.02529742000000       2.172870507222809E-002
   5.02594735500000       2.172173572397867E-002
   5.02659729000000       2.171476858890415E-002
   5.02724722500000       2.170780957341948E-002
   5.02789716000000       2.170085827626663E-002
   5.02854709500000       2.169391581658793E-002
   5.02919703000000       2.168697852275568E-002
   5.02984696500000       2.168005056223313E-002
   5.03049690000000       2.167313335173143E-002
   5.03114683500000       2.166621847922621E-002
   5.03179677000000       2.165931123616779E-002
   5.03244670500000       2.165241013134450E-002
   5.03309664000000       2.164551792901362E-002
   5.03374657500000       2.163863104462593E-002
   5.03439651000000       2.163175328816573E-002
   5.03504644500000       2.162488641070347E-002
   5.03569638000000       2.161802125066005E-002
   5.03634631500000       2.161116333329616E-002
   5.03699625000000       2.160431346066132E-002
   5.03764618500000       2.159746801733461E-002
   5.03829612000000       2.159063147710692E-002
   5.03894605500000       2.158380183683274E-002
   5.03959599000000       2.157698346241007E-002
   5.04024592500000       2.157016679371890E-002
   5.04089586000000       2.156335680087032E-002
   5.04154579500000       2.155655388626672E-002
   5.04219573000000       2.154975633028686E-002
   5.04284566500000       2.154296763099848E-002
   5.04349560000000       2.153618805924972E-002
   5.04414553500000       2.152941059685467E-002
   5.04479547000000       2.152263954498295E-002
   5.04544540500000       2.151587625651228E-002
   5.04609534000000       2.150911939429013E-002
   5.04674527500000       2.150236691218145E-002
   5.04739521000000       2.149562465217590E-002
   5.04804514500000       2.148888931790185E-002
   5.04869508000000       2.148215723991216E-002
   5.04934501500000       2.147543227731017E-002
   5.04999495000000       2.146871115204262E-002
   5.05064488500000       2.146199814597891E-002
   5.05129482000000       2.145529182574301E-002
   5.05194475500000       2.144859225100369E-002
   5.05259469000000       2.144190173688122E-002
   5.05324462500000       2.143521158173435E-002
   5.05389456000000       2.142852825052231E-002
   5.05454449500000       2.142185207442441E-002
   5.05519443000000       2.141518082687393E-002
   5.05584436500000       2.140851723089429E-002
   5.05649430000000       2.140186358901186E-002
   5.05714423500000       2.139520903844835E-002
   5.05779417000000       2.138856284075738E-002
   5.05844410500000       2.138192180592237E-002
   5.05909404000000       2.137528645786109E-002
   5.05974397500000       2.136865629683241E-002
   5.06039391000000       2.136203311063847E-002
   5.06104384500000       2.135541924417271E-002
   5.06169378000000       2.134880731672579E-002
   5.06234371500000       2.134219962855343E-002
   5.06299365000000       2.133559814841655E-002
   5.06364358500000       2.132900365541692E-002
   5.06429352000000       2.132241233423355E-002
   5.06494345500000       2.131582880346367E-002
   5.06559339000000       2.130925521845303E-002
   5.06624332500000       2.130268052089708E-002
   5.06689326000000       2.129611232660458E-002
   5.06754319500000       2.128954952653222E-002
   5.06819313000000       2.128299239604441E-002
   5.06884306500000       2.127644046681846E-002
   5.06949300000000       2.126989566673383E-002
   5.07014293500000       2.126335906733676E-002
   5.07079287000000       2.125682208019226E-002
   5.07144280500000       2.125029282447151E-002
   5.07209274000000       2.124376722440677E-002
   5.07274267500000       2.123724664307691E-002
   5.07339261000000       2.123073173101549E-002
   5.07404254500000       2.122422706930613E-002
   5.07469248000000       2.121772125190166E-002
   5.07534241500000       2.121122214058443E-002
   5.07599235000000       2.120472766464204E-002
   5.07664228500000       2.119823800124744E-002
   5.07729222000000       2.119175441245928E-002
   5.07794215500000       2.118527471666079E-002
   5.07859209000000       2.117880555087583E-002
   5.07924202500000       2.117233519966358E-002
   5.07989196000000       2.116587095497648E-002
   5.08054189500000       2.115941037119748E-002
   5.08119183000000       2.115295584752301E-002
   5.08184176500000       2.114650596789327E-002
   5.08249170000000       2.114006154612647E-002
   5.08314163500000       2.113362561515214E-002
   5.08379157000000       2.112718885693416E-002
   5.08444150500000       2.112075815741356E-002
   5.08509144000000       2.111433115867303E-002
   5.08574137500000       2.110790977985845E-002
   5.08639131000000       2.110149493952932E-002
   5.08704124500000       2.109508668212651E-002
   5.08769118000000       2.108867787284064E-002
   5.08834111500000       2.108227508184480E-002
   5.08899105000000       2.107587605993884E-002
   5.08964098500000       2.106948260259051E-002
   5.09029092000000       2.106309228913168E-002
   5.09094085500000       2.105670734143055E-002
   5.09159079000000       2.105033147502995E-002
   5.09224072500000       2.104395555344582E-002
   5.09289066000000       2.103758257961134E-002
   5.09354059500000       2.103121552635053E-002
   5.09419053000000       2.102485329831591E-002
   5.09484046500000       2.101849289179579E-002
   5.09549040000000       2.101213997258155E-002
   5.09614033500000       2.100579489024130E-002
   5.09679027000000       2.099944735372998E-002
   5.09744020500000       2.099310599025512E-002
   5.09809014000000       2.098676857794980E-002
   5.09874007500000       2.098043614952166E-002
   5.09939001000000       2.097410556608564E-002
   5.10003994500000       2.096778211946869E-002
   5.10068988000000       2.096146504437483E-002
   5.10133981500000       2.095514764377213E-002
   5.10198975000000       2.094883574531066E-002
   5.10263968500000       2.094252597044590E-002
   5.10328962000000       2.093622169634692E-002
   5.10393955500000       2.092992212804213E-002
   5.10458949000000       2.092362950709774E-002
   5.10523942500000       2.091733571390813E-002
   5.10588936000000       2.091104646748002E-002
   5.10653929500000       2.090476064258492E-002
   5.10718923000000       2.089847922621765E-002
   5.10783916500000       2.089220231160962E-002
   5.10848910000000       2.088592905230733E-002
   5.10913903500000       2.087966420080984E-002
   5.10978897000000       2.087339681195794E-002
   5.11043890500000       2.086713520114622E-002
   5.11108884000000       2.086087567852806E-002
   5.11173877500000       2.085462163389779E-002
   5.11238871000000       2.084836890120637E-002
   5.11303864500000       2.084212204468510E-002
   5.11368858000000       2.083588321476531E-002
   5.11433851500000       2.082964151492503E-002
   5.11498845000000       2.082340434152331E-002
   5.11563838500000       2.081717081401952E-002
   5.11628832000000       2.081094069167116E-002
   5.11693825500000       2.080471576899558E-002
   5.11758819000000       2.079849717635111E-002
   5.11823812500000       2.079227642721787E-002
   5.11888806000000       2.078606150540169E-002
   5.11953799500000       2.077984813988773E-002
   5.12018793000000       2.077363904697085E-002
   5.12083786500000       2.076743276974669E-002
   5.12148780000000       2.076123028068615E-002
   5.12213773500000       2.075503615918727E-002
   5.12278767000000       2.074883927681241E-002
   5.12343760500000       2.074264644687358E-002
   5.12408754000000       2.073645596160440E-002
   5.12473747500000       2.073027038492675E-002
   5.12538741000000       2.072408497678679E-002
   5.12603734500000       2.071790675761443E-002
   5.12668728000000       2.071173486630718E-002
   5.12733721500000       2.070555981678196E-002
   5.12798715000000       2.069938814935931E-002
   5.12863708500000       2.069322148816058E-002
   5.12928702000000       2.068705637098095E-002
   5.12993695500000       2.068089324156763E-002
   5.13058689000000       2.067473537614735E-002
   5.13123682500000       2.066858382354002E-002
   5.13188676000000       2.066242969667291E-002
   5.13253669500000       2.065628023956635E-002
   5.13318663000000       2.065013394769173E-002
   5.13383656500000       2.064398906874787E-002
   5.13448650000000       2.063784765163888E-002
   5.13513643500000       2.063171333447078E-002
   5.13578637000000       2.062557781140586E-002
   5.13643630500000       2.061944445221882E-002
   5.13708624000000       2.061331321082575E-002
   5.13773617500000       2.060718560046526E-002
   5.13838611000000       2.060105970486161E-002
   5.13903604500000       2.059493862647392E-002
   5.13968598000000       2.058882267872917E-002
   5.14033591500000       2.058270581791955E-002
   5.14098585000000       2.057659103077081E-002
   5.14163578500000       2.057047860637124E-002
   5.14228572000000       2.056436927652707E-002
   5.14293565500000       2.055826017157191E-002
   5.14358559000000       2.055215813499894E-002
   5.14423552500000       2.054605998649834E-002
   5.14488546000000       2.053995841179957E-002
   5.14553539500000       2.053386236628844E-002
   5.14618533000000       2.052776631880333E-002
   5.14683526500000       2.052167426482286E-002
   5.14748520000000       2.051558319214440E-002
   5.14813513500000       2.050949598447796E-002
   5.14878507000000       2.050341497825519E-002
   5.14943500500000       2.049732963186998E-002
   5.15008494000000       2.049124883403360E-002
   5.15073487500000       2.048516933852819E-002
   5.15138481000000       2.047909206921054E-002
   5.15203474500000       2.047301891142633E-002
   5.15268468000000       2.046694950577311E-002
   5.15333461500000       2.046087884229160E-002
   5.15398455000000       2.045480902345718E-002
   5.15463448500000       2.044874292727748E-002
   5.15528442000000       2.044267848851373E-002
   5.15593435500000       2.043661566676496E-002
   5.15658429000000       2.043055577750915E-002
   5.15723422500000       2.042450103776624E-002
   5.15788416000000       2.041844358174622E-002
   5.15853409500000       2.041238865356409E-002
   5.15918403000000       2.040633532005451E-002
   5.15983396500000       2.040028393194427E-002
   5.16048390000000       2.039423431091524E-002
   5.16113383500000       2.038818709388851E-002
   5.16178377000000       2.038214359164390E-002
   5.16243370500000       2.037609953282020E-002
   5.16308364000000       2.037005700975754E-002
   5.16373357500000       2.036401523428127E-002
   5.16438351000000       2.035797651679182E-002
   5.16503344500000       2.035193888280145E-002
   5.16568338000000       2.034590644561350E-002
   5.16633331500000       2.033987138378571E-002
   5.16698325000000       2.033383835326674E-002
   5.16763318500000       2.032780573540790E-002
   5.16828312000000       2.032177673552296E-002
   5.16893305500000       2.031574681556435E-002
   5.16958299000000       2.030971905782209E-002
   5.17023292500000       2.030369755321959E-002
   5.17088286000000       2.029767150222953E-002
   5.17153279500000       2.029164838426393E-002
   5.17218273000000       2.028562634721539E-002
   5.17283266500000       2.027960466608813E-002
   5.17348260000000       2.027358481289272E-002
   5.17413253500000       2.026756742847728E-002
   5.17478247000000       2.026155386174678E-002
   5.17543240500000       2.025553880767631E-002
   5.17608234000000       2.024952256439215E-002
   5.17673227500000       2.024350853189469E-002
   5.17738221000000       2.023749598251302E-002
   5.17803214500000       2.023148339027343E-002
   5.17868208000000       2.022547356128408E-002
   5.17933201500000       2.021946709663306E-002
   5.17998195000000       2.021345775936497E-002
   5.18063188500000       2.020744919974768E-002
   5.18128182000000       2.020144218669551E-002
   5.18193175500000       2.019543519610721E-002
   5.18258169000000       2.018943096854649E-002
   5.18323162500000       2.018343007589883E-002
   5.18388156000000       2.017742643518481E-002
   5.18453149500000       2.017142310378626E-002
   5.18518143000000       2.016542000788752E-002
   5.18583136500000       2.015941872955626E-002
   5.18648130000000       2.015341691818633E-002
   5.18713123500000       2.014741659454257E-002
   5.18778117000000       2.014142112079772E-002
   5.18843110500000       2.013542106440134E-002
   5.18908104000000       2.012942147304504E-002
   5.18973097500000       2.012342208441577E-002
   5.19038091000000       2.011742460253750E-002
   5.19103084500000       2.011142647460189E-002
   5.19168078000000       2.010543004165572E-002
   5.19233071500000       2.009943786506568E-002
   5.19298065000000       2.009343974398442E-002
   5.19363058500000       2.008744413305787E-002
   5.19428052000000       2.008144827235701E-002
   5.19493045500000       2.007545202833927E-002
   5.19558039000000       2.006945745989606E-002
   5.19623032500000       2.006346727107832E-002
   5.19688026000000       2.005747055376280E-002
   5.19753019500000       2.005147530937255E-002
   5.19818013000000       2.004548092959034E-002
   5.19883006500000       2.003948527166682E-002
   5.19948000000000       2.003349080313001E-002
   5.20012993500000       2.002749606777308E-002
   5.20077987000000       2.002150588321639E-002
   5.20142980500000       2.001550953102179E-002
   5.20207974000000       2.000951556289150E-002
   5.20272967500000       2.000351942449533E-002
   5.20337961000000       1.999752362332634E-002
   5.20402954500000       1.999152751034216E-002
   5.20467948000000       1.998553250117779E-002
   5.20532941500000       1.997954069271211E-002
   5.20597935000000       1.997354424042727E-002
   5.20662928500000       1.996754814549393E-002
   5.20727922000000       1.996155019436267E-002
   5.20792915500000       1.995555254258676E-002
   5.20857909000000       1.994955462397270E-002
   5.20922902500000       1.994355749327445E-002
   5.20987896000000       1.993756172038877E-002
   5.21052889500000       1.993156166206497E-002
   5.21117883000000       1.992556171067570E-002
   5.21182876500000       1.991956060988063E-002
   5.21247870000000       1.991356024079246E-002
   5.21312863500000       1.990755778410812E-002
   5.21377857000000       1.990156050214615E-002
   5.21442850500000       1.989555598247237E-002
   5.21507844000000       1.988955117877425E-002
   5.21572837500000       1.988354725825407E-002
   5.21637831000000       1.987754038277339E-002
   5.21702824500000       1.987153446109643E-002
   5.21767818000000       1.986552639619502E-002
   5.21832811500000       1.985952349501946E-002
   5.21897805000000       1.985351348445403E-002
   5.21962798500000       1.984750266480977E-002
   5.22027792000000       1.984149166435094E-002
   5.22092785500000       1.983547851268481E-002
   5.22157779000000       1.982946380211702E-002
   5.22222772500000       1.982344984944949E-002
   5.22287766000000       1.981743741033224E-002
   5.22352759500000       1.981142042133807E-002
   5.22417753000000       1.980540176992157E-002
   5.22482746500000       1.979938150940544E-002
   5.22547740000000       1.979336094711739E-002
   5.22612733500000       1.978733951007492E-002
   5.22677727000000       1.978131933255832E-002
   5.22742720500000       1.977529321922943E-002
   5.22807714000000       1.976926702853173E-002
   5.22872707500000       1.976323723937027E-002
   5.22937701000000       1.975720766602660E-002
   5.23002694500000       1.975117566897180E-002
   5.23067688000000       1.974514347056565E-002
   5.23132681500000       1.973911382223986E-002
   5.23197675000000       1.973307623683206E-002
   5.23262668500000       1.972703899808473E-002
   5.23327662000000       1.972099817744066E-002
   5.23392655500000       1.971495700002116E-002
   5.23457649000000       1.970891212185644E-002
   5.23522642500000       1.970286863556586E-002
   5.23587636000000       1.969682580493214E-002
   5.23652629500000       1.969077522726536E-002
   5.23717623000000       1.968472498651859E-002
   5.23782616500000       1.967867061504646E-002
   5.23847610000000       1.967261521653543E-002
   5.23912603500000       1.966655889569953E-002
   5.23977597000000       1.966050010165489E-002
   5.24042590500000       1.965444249195390E-002
   5.24107584000000       1.964837699769650E-002
   5.24172577500000       1.964231181876767E-002
   5.24237571000000       1.963624272582626E-002
   5.24302564500000       1.963017174701065E-002
   5.24367558000000       1.962410009476444E-002
   5.24432551500000       1.961802942924384E-002
   5.24497545000000       1.961195067773415E-002
   5.24562538500000       1.960587036321207E-002
   5.24627532000000       1.959978669219833E-002
   5.24692525500000       1.959370292893727E-002
   5.24757519000000       1.958761458896297E-002
   5.24822512500000       1.958152407332199E-002
   5.24887506000000       1.957543521901328E-002
   5.24952499500000       1.956933950241276E-002
   5.25017493000000       1.956324049936087E-002
   5.25082486500000       1.955713789460210E-002
   5.25147480000000       1.955103379473741E-002
   5.25212473500000       1.954492708010013E-002
   5.25277467000000       1.953881801119691E-002
   5.25342460500000       1.953270983273840E-002
   5.25407454000000       1.952659205912448E-002
   5.25472447500000       1.952047457505277E-002
   5.25537441000000       1.951435118299166E-002
   5.25602434500000       1.950822672675105E-002
   5.25667428000000       1.950209921814434E-002
   5.25732421500000       1.949596751950975E-002
   5.25797415000000       1.948983746008507E-002
   5.25862408500000       1.948369906186116E-002
   5.25927402000000       1.947755902247746E-002
   5.25992395500000       1.947141347780528E-002
   5.26057389000000       1.946526600461435E-002
   5.26122382500000       1.945911558019575E-002
   5.26187376000000       1.945296467444127E-002
   5.26252369500000       1.944680594521205E-002
   5.26317363000000       1.944064537599765E-002
   5.26382356500000       1.943447935137494E-002
   5.26447350000000       1.942831132715158E-002
   5.26512343500000       1.942213758300645E-002
   5.26577337000000       1.941596331544159E-002
   5.26642330500000       1.940978786359563E-002
   5.26707324000000       1.940360288870672E-002
   5.26772317500000       1.939741628457590E-002
   5.26837311000000       1.939122422709769E-002
   5.26902304500000       1.938503016116366E-002
   5.26967298000000       1.937883007373098E-002
   5.27032291500000       1.937262763920167E-002
   5.27097285000000       1.936642463641010E-002
   5.27162278500000       1.936021349375460E-002
   5.27227272000000       1.935399875263245E-002
   5.27292265500000       1.934777848249982E-002
   5.27357259000000       1.934155444089872E-002
   5.27422252500000       1.933532782980743E-002
   5.27487246000000       1.932910047169140E-002
   5.27552239500000       1.932286288029882E-002
   5.27617233000000       1.931662258627565E-002
   5.27682226500000       1.931037785850367E-002
   5.27747220000000       1.930412790492327E-002
   5.27812213500000       1.929787378710623E-002
   5.27877207000000       1.929161522902963E-002
   5.27942200500000       1.928535660372918E-002
   5.28007194000000       1.927908923577488E-002
   5.28072187500000       1.927281659088748E-002
   5.28137181000000       1.926653858355003E-002
   5.28202174500000       1.926025717252030E-002
   5.28267168000000       1.925397139589932E-002
   5.28332161500000       1.924768095462073E-002
   5.28397155000000       1.924138860352025E-002
   5.28462148500000       1.923508777204530E-002
   5.28527142000000       1.922878169060508E-002
   5.28592135500000       1.922246990064025E-002
   5.28657129000000       1.921615276996383E-002
   5.28722122500000       1.920983208537131E-002
   5.28787116000000       1.920350790329652E-002
   5.28852109500000       1.919718015097342E-002
   5.28917103000000       1.919084355772193E-002
   5.28982096500000       1.918450027831612E-002
   5.29047090000000       1.917815376017300E-002
   5.29112083500000       1.917180249947847E-002
   5.29177077000000       1.916544480520993E-002
   5.29242070500000       1.915908563686130E-002
   5.29307064000000       1.915271732587369E-002
   5.29372057500000       1.914634255730815E-002
   5.29437051000000       1.913996356317877E-002
   5.29502044500000       1.913357760491524E-002
   5.29567038000000       1.912718723300537E-002
   5.29632031500000       1.912079085807943E-002
   5.29697025000000       1.911439392146242E-002
   5.29762018500000       1.910798464366073E-002
   5.29827012000000       1.910157067160953E-002
   5.29892005500000       1.909515089860870E-002
   5.29956999000000       1.908872564077752E-002
   5.30021992500000       1.908229418410086E-002
   5.30086986000000       1.907585643506372E-002
   5.30151979500000       1.906941736191860E-002
   5.30216973000000       1.906296859593811E-002
   5.30281966500000       1.905651176013543E-002
   5.30346960000000       1.905005104943482E-002
   5.30411953500000       1.904358249459303E-002
   5.30476947000000       1.903710939148445E-002
   5.30541940500000       1.903063238193865E-002
   5.30606934000000       1.902414514461518E-002
   5.30671927500000       1.901765259977440E-002
   5.30736921000000       1.901115258748154E-002
   5.30801914500000       1.900464694332203E-002
   5.30866908000000       1.899813372019821E-002
   5.30931901500000       1.899161599282475E-002
   5.30996895000000       1.898509416809642E-002
   5.31061888500000       1.897856004214442E-002
   5.31126882000000       1.897202141236993E-002
   5.31191875500000       1.896547613980764E-002
   5.31256869000000       1.895892253883810E-002
   5.31321862500000       1.895236429798532E-002
   5.31386856000000       1.894579803129746E-002
   5.31451849500000       1.893922996061663E-002
   5.31516843000000       1.893264909301760E-002
   5.31581836500000       1.892606139265938E-002
   5.31646830000000       1.891946649860962E-002
   5.31711823500000       1.891286590942139E-002
   5.31776817000000       1.890625744199919E-002
   5.31841810500000       1.889964274125345E-002
   5.31906804000000       1.889302421826959E-002
   5.31971797500000       1.888639300695463E-002
   5.32036791000000       1.887975539743846E-002
   5.32101784500000       1.887311162198905E-002
   5.32166778000000       1.886645864201156E-002
   5.32231771500000       1.885980097288998E-002
   5.32296765000000       1.885313758266858E-002
   5.32361758500000       1.884646175742564E-002
   5.32426752000000       1.883977948855495E-002
   5.32491745500000       1.883309101126755E-002
   5.32556739000000       1.882639296959407E-002
   5.32621732500000       1.881968598619230E-002
   5.32686726000000       1.881297463276725E-002
   5.32751719500000       1.880625898459230E-002
   5.32816713000000       1.879952910389186E-002
   5.32881706500000       1.879279257253081E-002
   5.32946700000000       1.878604796836403E-002
   5.33011693500000       1.877929471943150E-002
   5.33076687000000       1.877253537449746E-002
   5.33141680500000       1.876576743405892E-002
   5.33206674000000       1.875899429951318E-002
   5.33271667500000       1.875220870532032E-002
   5.33336661000000       1.874541594797601E-002
   5.33401654500000       1.873861384240589E-002
   5.33466648000000       1.873180438311004E-002
   5.33531641500000       1.872498534298156E-002
   5.33596635000000       1.871815984545514E-002
   5.33661628500000       1.871132909263208E-002
   5.33726622000000       1.870448546186904E-002
   5.33791615500000       1.869763325825561E-002
   5.33856609000000       1.869077336421835E-002
   5.33921602500000       1.868390381711749E-002
   5.33986596000000       1.867702637449029E-002
   5.34051589500000       1.867014518707597E-002
   5.34116583000000       1.866324932583189E-002
   5.34181576500000       1.865634471296870E-002
   5.34246570000000       1.864943100191999E-002
   5.34311563500000       1.864250970211100E-002
   5.34376557000000       1.863557860507497E-002
   5.34441550500000       1.862863944362648E-002
   5.34506544000000       1.862169496329027E-002
   5.34571537500000       1.861473563079417E-002
   5.34636531000000       1.860776814584907E-002
   5.34701524500000       1.860079245953408E-002
   5.34766518000000       1.859380599499740E-002
   5.34831511500000       1.858681148096344E-002
   5.34896505000000       1.857980726601537E-002
   5.34961498500000       1.857279926878713E-002
   5.35026492000000       1.856577498217054E-002
   5.35091485500000       1.855874374599223E-002
   5.35156479000000       1.855170107111831E-002
   5.35221472500000       1.854464908387686E-002
   5.35286466000000       1.853758877832064E-002
   5.35351459500000       1.853052337765424E-002
   5.35416453000000       1.852344268111136E-002
   5.35481446500000       1.851635220795627E-002
   5.35546440000000       1.850925333522521E-002
   5.35611433500000       1.850214199747557E-002
   5.35676427000000       1.849502283036509E-002
   5.35741420500000       1.848789343421988E-002
   5.35806414000000       1.848075912080770E-002
   5.35871407500000       1.847360961783383E-002
   5.35936401000000       1.846644989144740E-002
   5.36001394500000       1.845928042652637E-002
   5.36066388000000       1.845210006188173E-002
   5.36131381500000       1.844491027936666E-002
   5.36196375000000       1.843771193960372E-002
   5.36261368500000       1.843050642385420E-002
   5.36326362000000       1.842328446684218E-002
   5.36391355500000       1.841605379750631E-002
   5.36456349000000       1.840881184802294E-002
   5.36521342500000       1.840156069394241E-002
   5.36586336000000       1.839429772005676E-002
   5.36651329500000       1.838702513599810E-002
   5.36716323000000       1.837974720609578E-002
   5.36781316500000       1.837245235890825E-002
   5.36846310000000       1.836514703180391E-002
   5.36911303500000       1.835783071317534E-002
   5.36976297000000       1.835050473005842E-002
   5.37041290500000       1.834316850844810E-002
   5.37106284000000       1.833582523338152E-002
   5.37171277500000       1.832846511913850E-002
   5.37236271000000       1.832109503480378E-002
   5.37301264500000       1.831371487376707E-002
   5.37366258000000       1.830632211301411E-002
   5.37431251500000       1.829891943297368E-002
   5.37496245000000       1.829150520998987E-002
   5.37561238500000       1.828408544173315E-002
   5.37626232000000       1.827664743732875E-002
   5.37691225500000       1.826920054490296E-002
   5.37756219000000       1.826174012176080E-002
   5.37821212500000       1.825426940728266E-002
   5.37886206000000       1.824678851018697E-002
   5.37951199500000       1.823929578394993E-002
   5.38016193000000       1.823179590452939E-002
   5.38081186500000       1.822427776433118E-002
   5.38146180000000       1.821675083709262E-002
   5.38211173500000       1.820921045971109E-002
   5.38276167000000       1.820165908812088E-002
   5.38341160500000       1.819409736742785E-002
   5.38406154000000       1.818652677819027E-002
   5.38471147500000       1.817893968922077E-002
   5.38536141000000       1.817134178082242E-002
   5.38601134500000       1.816373076159522E-002
   5.38666128000000       1.815610855765580E-002
   5.38731121500000       1.814847306466323E-002
   5.38796115000000       1.814082782914820E-002
   5.38861108500000       1.813317537843483E-002
   5.38926102000000       1.812550395965662E-002
   5.38991095500000       1.811782043004422E-002
   5.39056089000000       1.811012579081834E-002
   5.39121082500000       1.810241979086241E-002
   5.39186076000000       1.809470033823020E-002
   5.39251069500000       1.808696895221112E-002
   5.39316063000000       1.807922922183198E-002
   5.39381056500000       1.807147225148586E-002
   5.39446050000000       1.806370322853828E-002
   5.39511043500000       1.805592232356565E-002
   5.39576037000000       1.804812691623531E-002
   5.39641030500000       1.804031997655208E-002
   5.39706024000000       1.803250137497361E-002
   5.39771017500000       1.802467568266483E-002
   5.39836011000000       1.801682930744642E-002
   5.39901004500000       1.800897257602787E-002
   5.39965998000000       1.800110247889771E-002
   5.40030991500000       1.799321907361233E-002
   5.40095985000000       1.798532390960899E-002
   5.40160978500000       1.797742022620976E-002
   5.40225972000000       1.796949727292957E-002
   5.40290965500000       1.796156219585111E-002
   5.40355959000000       1.795361387064095E-002
   5.40420952500000       1.794565257281162E-002
   5.40485946000000       1.793767802752059E-002
   5.40550939500000       1.792969124809355E-002
   5.40615933000000       1.792169472633186E-002
   5.40680926500000       1.791368032805402E-002
   5.40745920000000       1.790565228887352E-002
   5.40810913500000       1.789761257401259E-002
   5.40875907000000       1.788955800867301E-002
   5.40940900500000       1.788149001453872E-002
   5.41005894000000       1.787340870611468E-002
   5.41070887500000       1.786532081389858E-002
   5.41135881000000       1.785721112852740E-002
   5.41200874500000       1.784908806460024E-002
   5.41265868000000       1.784095345425493E-002
   5.41330861500000       1.783280364544785E-002
   5.41395855000000       1.782464198407895E-002
   5.41460848500000       1.781647015388964E-002
   5.41525842000000       1.780827890946186E-002
   5.41590835500000       1.780007360724028E-002
   5.41655829000000       1.779185492284245E-002
   5.41720822500000       1.778362159932324E-002
   5.41785816000000       1.777537508825399E-002
   5.41850809500000       1.776711655811955E-002
   5.41915803000000       1.775884780454897E-002
   5.41980796500000       1.775055761100274E-002
   5.42045790000000       1.774225388343958E-002
   5.42110783500000       1.773393828598542E-002
   5.42175777000000       1.772560614573436E-002
   5.42240770500000       1.771726075889083E-002
   5.42305764000000       1.770890141106880E-002
   5.42370757500000       1.770053246746195E-002
   5.42435751000000       1.769214357242418E-002
   5.42500744500000       1.768373865164894E-002
   5.42565738000000       1.767532111036182E-002
   5.42630731500000       1.766689004092899E-002
   5.42695725000000       1.765844200555009E-002
   5.42760718500000       1.764998258089017E-002
   5.42825712000000       1.764151241476184E-002
   5.42890705500000       1.763301950947669E-002
   5.42955699000000       1.762451430630428E-002
   5.43020692500000       1.761599366623504E-002
   5.43085686000000       1.760745842769548E-002
   5.43150679500000       1.759891103326820E-002
   5.43215673000000       1.759035173728446E-002
   5.43280666500000       1.758177125637317E-002
   5.43345660000000       1.757317650667117E-002
   5.43410653500000       1.756456659709140E-002
   5.43475647000000       1.755594192956189E-002
   5.43540640500000       1.754730173953098E-002
   5.43605634000000       1.753864665882657E-002
   5.43670627500000       1.752998316019857E-002
   5.43735621000000       1.752129646090885E-002
   5.43800614500000       1.751259738299795E-002
   5.43865608000000       1.750388127791984E-002
   5.43930601500000       1.749515006404518E-002
   5.43995595000000       1.748640236848407E-002
   5.44060588500000       1.747764272817387E-002
   5.44125582000000       1.746887124310142E-002
   5.44190575500000       1.746007814905501E-002
   5.44255569000000       1.745126905602226E-002
   5.44320562500000       1.744244510066104E-002
   5.44385556000000       1.743360601211969E-002
   5.44450549500000       1.742474988110809E-002
   5.44515543000000       1.741588047419443E-002
   5.44580536500000       1.740700103666943E-002
   5.44645530000000       1.739809815330088E-002
   5.44710523500000       1.738918101127571E-002
   5.44775517000000       1.738024702372958E-002
   5.44840510500000       1.737129772870082E-002
   5.44905504000000       1.736233274391876E-002
   5.44970497500000       1.735335702736317E-002
   5.45035491000000       1.734436078874870E-002
   5.45100484500000       1.733534672061039E-002
   5.45165478000000       1.732631764051740E-002
   5.45230471500000       1.731727200441798E-002
   5.45295465000000       1.730821088289356E-002
   5.45360458500000       1.729913431982798E-002
   5.45425452000000       1.729004664870889E-002
   5.45490445500000       1.728093689046108E-002
   5.45555439000000       1.727181089690411E-002
   5.45620432500000       1.726266839055523E-002
   5.45685426000000       1.725351068578282E-002
   5.45750419500000       1.724433409848932E-002
   5.45815413000000       1.723514437452392E-002
   5.45880406500000       1.722594463569862E-002
   5.45945400000000       1.721671901576040E-002
   5.46010393500000       1.720747801120610E-002
   5.46075387000000       1.719822179177035E-002
   5.46140380500000       1.718894840621838E-002
   5.46205374000000       1.717965924581158E-002
   5.46270367500000       1.717035729854555E-002
   5.46335361000000       1.716103330008880E-002
   5.46400354500000       1.715169349963899E-002
   5.46465348000000       1.714233830725340E-002
   5.46530341500000       1.713296447484950E-002
   5.46595335000000       1.712357380176375E-002
   5.46660328500000       1.711416761403430E-002
   5.46725322000000       1.710475006319297E-002
   5.46790315500000       1.709530866231829E-002
   5.46855309000000       1.708585139958237E-002
   5.46920302500000       1.707637678422704E-002
   5.46985296000000       1.706688410928294E-002
   5.47050289500000       1.705737586395799E-002
   5.47115283000000       1.704785062724209E-002
   5.47180276500000       1.703831581732872E-002
   5.47245270000000       1.702875503903299E-002
   5.47310263500000       1.701917860214900E-002
   5.47375257000000       1.700958476897635E-002
   5.47440250500000       1.699997261267807E-002
   5.47505244000000       1.699034354505652E-002
   5.47570237500000       1.698069898299676E-002
   5.47635231000000       1.697104327850370E-002
   5.47700224500000       1.696136326376057E-002
   5.47765218000000       1.695166553448397E-002
   5.47830211500000       1.694195086029269E-002
   5.47895205000000       1.693221721323684E-002
   5.47960198500000       1.692246850123163E-002
   5.48025192000000       1.691270827142709E-002
   5.48090185500000       1.690292215969738E-002
   5.48155179000000       1.689312032426231E-002
   5.48220172500000       1.688330129735988E-002
   5.48285166000000       1.687346342817786E-002
   5.48350159500000       1.686360728592934E-002
   5.48415153000000       1.685373710339343E-002
   5.48480146500000       1.684385207916326E-002
   5.48545140000000       1.683394337186702E-002
   5.48610133500000       1.682401829037514E-002
   5.48675127000000       1.681407444696139E-002
   5.48740120500000       1.680411402511470E-002
   5.48805114000000       1.679413436145459E-002
   5.48870107500000       1.678413766654194E-002
   5.48935101000000       1.677413030870150E-002
   5.49000094500000       1.676409801432503E-002
   5.49065088000000       1.675404629973824E-002
   5.49130081500000       1.674397796757801E-002
   5.49195075000000       1.673389231261212E-002
   5.49260068500000       1.672378936419514E-002
   5.49325062000000       1.671367360525411E-002
   5.49390055500000       1.670353179780366E-002
   5.49455049000000       1.669337406028619E-002
   5.49520042500000       1.668319720830914E-002
   5.49585036000000       1.667300190423658E-002
   5.49650029500000       1.666278786748714E-002
   5.49715023000000       1.665255838252650E-002
   5.49780016500000       1.664231605362402E-002
   5.49845010000000       1.663204728761678E-002
   5.49910003500000       1.662176114575961E-002
   5.49974997000000       1.661145777224982E-002
   5.50039990500000       1.660113588915112E-002
   5.50104984000000       1.659079493912662E-002
   5.50169977500000       1.658043686577539E-002
   5.50234971000000       1.657006608364513E-002
   5.50299964500000       1.655966916162478E-002
   5.50364958000000       1.654925596040916E-002
   5.50429951500000       1.653882227625449E-002
   5.50494945000000       1.652837172952737E-002
   5.50559938500000       1.651790044712881E-002
   5.50624932000000       1.650741402160399E-002
   5.50689925500000       1.649691486586714E-002
   5.50754919000000       1.648638897890729E-002
   5.50819912500000       1.647584370614202E-002
   5.50884906000000       1.646528168756756E-002
   5.50949899500000       1.645470042224859E-002
   5.51014893000000       1.644410208547522E-002
   5.51079886500000       1.643349148402407E-002
   5.51144880000000       1.642285350374116E-002
   5.51209873500000       1.641219667787158E-002
   5.51274867000000       1.640152245367133E-002
   5.51339860500000       1.639082816796508E-002
   5.51404854000000       1.638011653608482E-002
   5.51469847500000       1.636938610392930E-002
   5.51534841000000       1.635864513156111E-002
   5.51599834500000       1.634787520809376E-002
   5.51664828000000       1.633708767478587E-002
   5.51729821500000       1.632628137507573E-002
   5.51794815000000       1.631545629606354E-002
   5.51859808500000       1.630461082456914E-002
   5.51924802000000       1.629374987076187E-002
   5.51989795500000       1.628287475868447E-002
   5.52054789000000       1.627197276509525E-002
   5.52119782500000       1.626105303929666E-002
   5.52184776000000       1.625011437264426E-002
   5.52249769500000       1.623915495361213E-002
   5.52314763000000       1.622817859120078E-002
   5.52379756500000       1.621719021669820E-002
   5.52444750000000       1.620617431751891E-002
   5.52509743500000       1.619513925076906E-002
   5.52574737000000       1.618408696841816E-002
   5.52639730500000       1.617301403756196E-002
   5.52704724000000       1.616192081652721E-002
   5.52769717500000       1.615081225984261E-002
   5.52834711000000       1.613968927064309E-002
   5.52899704500000       1.612853796393614E-002
   5.52964698000000       1.611737049920280E-002
   5.53029691500000       1.610618207902053E-002
   5.53094685000000       1.609497536497835E-002
   5.53159678500000       1.608374771216743E-002
   5.53224672000000       1.607250327471561E-002
   5.53289665500000       1.606124662376948E-002
   5.53354659000000       1.604996077416697E-002
   5.53419652500000       1.603865750416054E-002
   5.53484646000000       1.602733488075528E-002
   5.53549639500000       1.601599237178222E-002
   5.53614633000000       1.600463058775809E-002
   5.53679626500000       1.599324997007346E-002
   5.53744620000000       1.598185739323641E-002
   5.53809613500000       1.597043566158745E-002
   5.53874607000000       1.595899646730295E-002
   5.53939600500000       1.594753793831050E-002
   5.54004594000000       1.593605895289127E-002
   5.54069587500000       1.592456283966352E-002
   5.54134581000000       1.591305314105027E-002
   5.54199574500000       1.590151588231408E-002
   5.54264568000000       1.588995909118085E-002
   5.54329561500000       1.587838374627203E-002
   5.54394555000000       1.586678920644236E-002
   5.54459548500000       1.585517236078694E-002
   5.54524542000000       1.584354044205153E-002
   5.54589535500000       1.583189461979231E-002
   5.54654529000000       1.582021961753540E-002
   5.54719522500000       1.580852690391901E-002
   5.54784516000000       1.579681342553026E-002
   5.54849509500000       1.578508141012975E-002
   5.54914503000000       1.577332850230640E-002
   5.54979496500000       1.576155855385836E-002
   5.55044490000000       1.574977528681898E-002
   5.55109483500000       1.573796421998268E-002
   5.55174477000000       1.572613372684211E-002
   5.55239470500000       1.571428433479592E-002
   5.55304464000000       1.570241433776400E-002
   5.55369457500000       1.569052357522979E-002
   5.55434451000000       1.567861575272848E-002
   5.55499444500000       1.566669478809060E-002
   5.55564438000000       1.565474599821812E-002
   5.55629431500000       1.564277728952394E-002
   5.55694425000000       1.563078853895255E-002
   5.55759418500000       1.561878136503752E-002
   5.55824412000000       1.560675427650433E-002
   5.55889405500000       1.559471598427536E-002
   5.55954399000000       1.558264778378570E-002
   5.56019392500000       1.557056121976861E-002
   5.56084386000000       1.555845482437681E-002
   5.56149379500000       1.554632881611688E-002
   5.56214373000000       1.553418197315818E-002
   5.56279366500000       1.552201705997685E-002
   5.56344360000000       1.550984021312774E-002
   5.56409353500000       1.549763417170735E-002
   5.56474347000000       1.548540897508273E-002
   5.56539340500000       1.547316442431426E-002
   5.56604334000000       1.546089892894458E-002
   5.56669327500000       1.544861434282874E-002
   5.56734321000000       1.543631054279068E-002
   5.56799314500000       1.542399500816435E-002
   5.56864308000000       1.541165043336677E-002
   5.56929301500000       1.539928712992416E-002
   5.56994295000000       1.538690318893326E-002
   5.57059288500000       1.537449942777988E-002
   5.57124282000000       1.536207758863291E-002
   5.57189275500000       1.534964264402338E-002
   5.57254269000000       1.533717883092755E-002
   5.57319262500000       1.532469632411286E-002
   5.57384256000000       1.531219325081468E-002
   5.57449249500000       1.529967142651251E-002
   5.57514243000000       1.528712798924040E-002
   5.57579236500000       1.527456746796769E-002
   5.57644230000000       1.526199382436581E-002
   5.57709223500000       1.524939131000058E-002
   5.57774217000000       1.523677004479507E-002
   5.57839210500000       1.522412804164159E-002
   5.57904204000000       1.521146678769138E-002
   5.57969197500000       1.519878549280937E-002
   5.58034191000000       1.518608609786374E-002
   5.58099184500000       1.517337392201980E-002
   5.58164178000000       1.516063246940890E-002
   5.58229171500000       1.514787157548403E-002
   5.58294165000000       1.513509094726271E-002
   5.58359158500000       1.512229091421444E-002
   5.58424152000000       1.510947069406609E-002
   5.58489145500000       1.509663187450077E-002
   5.58554139000000       1.508378193707225E-002
   5.58619132500000       1.507090162133569E-002
   5.58684126000000       1.505800201202153E-002
   5.58749119500000       1.504508262397794E-002
   5.58814113000000       1.503214343944654E-002
   5.58879106500000       1.501918621171313E-002
   5.58944100000000       1.500621717115307E-002
   5.59009093500000       1.499321779539505E-002
   5.59074087000000       1.498019986147783E-002
   5.59139080500000       1.496716121188081E-002
   5.59204074000000       1.495410416754472E-002
   5.59269067500000       1.494102599028357E-002
   5.59334061000000       1.492793012013764E-002
   5.59399054500000       1.491482236416291E-002
   5.59464048000000       1.490168437962549E-002
   5.59529041500000       1.488852865989672E-002
   5.59594035000000       1.487535207063977E-002
   5.59659028500000       1.486215631105316E-002
   5.59724022000000       1.484894031313732E-002
   5.59789015500000       1.483570575551035E-002
   5.59854009000000       1.482246031495136E-002
   5.59919002500000       1.480918431551450E-002
   5.59983996000000       1.479588991825734E-002
   5.60048989500000       1.478257575922779E-002
   5.60113983000000       1.476924150507701E-002
   5.60178976500000       1.475588864782137E-002
   5.60243970000000       1.474252503676393E-002
   5.60308963500000       1.472913078266474E-002
   5.60373957000000       1.471571816494964E-002
   5.60438950500000       1.470228655344781E-002
   5.60503944000000       1.468883458240298E-002
   5.60568937500000       1.467536264213630E-002
   5.60633931000000       1.466187278581541E-002
   5.60698924500000       1.464837167122220E-002
   5.60763918000000       1.463484043630600E-002
   5.60828911500000       1.462129088607894E-002
   5.60893905000000       1.460772145155822E-002
   5.60958898500000       1.459413254468140E-002
   5.61023892000000       1.458052274237485E-002
   5.61088885500000       1.456689619321077E-002
   5.61153879000000       1.455325825396133E-002
   5.61218872500000       1.453959000207895E-002
   5.61283866000000       1.452590370078661E-002
   5.61348859500000       1.451219820524225E-002
   5.61413853000000       1.449847247472074E-002
   5.61478846500000       1.448472673971053E-002
   5.61543840000000       1.447096331438877E-002
   5.61608833500000       1.445718956274149E-002
   5.61673827000000       1.444338532776749E-002
   5.61738820500000       1.442956291323384E-002
   5.61803814000000       1.441572075838616E-002
   5.61868807500000       1.440185873596425E-002
   5.61933801000000       1.438797972223836E-002
   5.61998794500000       1.437408950012145E-002
   5.62063788000000       1.436016841861554E-002
   5.62128781500000       1.434623031062336E-002
   5.62193775000000       1.433227159930478E-002
   5.62258768500000       1.431829453161660E-002
   5.62323762000000       1.430429749262567E-002
   5.62388755500000       1.429028346315334E-002
   5.62453749000000       1.427625836744505E-002
   5.62518742500000       1.426220303932121E-002
   5.62583736000000       1.424812999489473E-002
   5.62648729500000       1.423403716345131E-002
   5.62713723000000       1.421992509344824E-002
   5.62778716500000       1.420579400072409E-002
   5.62843710000000       1.419164582756854E-002
   5.62908703500000       1.417748597216877E-002
   5.62973697000000       1.416329755467314E-002
   5.63038690500000       1.414909041588339E-002
   5.63103684000000       1.413486364004386E-002
   5.63168677500000       1.412061880713517E-002
   5.63233671000000       1.410635508333562E-002
   5.63298664500000       1.409208194085125E-002
   5.63363658000000       1.407777972800923E-002
   5.63428651500000       1.406345815586985E-002
   5.63493645000000       1.404911779622747E-002
   5.63558638500000       1.403475878659405E-002
   5.63623632000000       1.402038087488889E-002
   5.63688625500000       1.400598596975415E-002
   5.63753619000000       1.399158047593276E-002
   5.63818612500000       1.397714525284323E-002
   5.63883606000000       1.396269242036214E-002
   5.63948599500000       1.394821984408011E-002
   5.64013593000000       1.393372957161585E-002
   5.64078586500000       1.391922020840020E-002
   5.64143580000000       1.390469327759495E-002
   5.64208573500000       1.389015750866579E-002
   5.64273567000000       1.387559099544770E-002
   5.64338560500000       1.386100783412111E-002
   5.64403554000000       1.384640480109047E-002
   5.64468547500000       1.383178410181710E-002
   5.64533541000000       1.381714359282670E-002
   5.64598534500000       1.380248719001486E-002
   5.64663528000000       1.378782116018493E-002
   5.64728521500000       1.377312510219275E-002
   5.64793515000000       1.375841178956342E-002
   5.64858508500000       1.374368028875618E-002
   5.64923502000000       1.372892876448584E-002
   5.64988495500000       1.371416169214883E-002
   5.65053489000000       1.369938571673954E-002
   5.65118482500000       1.368457897879012E-002
   5.65183476000000       1.366975573892472E-002
   5.65248469500000       1.365491438130620E-002
   5.65313463000000       1.364005457808826E-002
   5.65378456500000       1.362517544283716E-002
   5.65443450000000       1.361028065817334E-002
   5.65508443500000       1.359537650369089E-002
   5.65573437000000       1.358044321048361E-002
   5.65638430500000       1.356549319499455E-002
   5.65703424000000       1.355052421220368E-002
   5.65768417500000       1.353553699814488E-002
   5.65833411000000       1.352053247156434E-002
   5.65898404500000       1.350551073193531E-002
   5.65963398000000       1.349048102725470E-002
   5.66028391500000       1.347542192521047E-002
   5.66093385000000       1.346034528586590E-002
   5.66158378500000       1.344525081958663E-002
   5.66223372000000       1.343013962126271E-002
   5.66288365500000       1.341500934746880E-002
   5.66353359000000       1.339986292366249E-002
   5.66418352500000       1.338470847225304E-002
   5.66483346000000       1.336952467697823E-002
   5.66548339500000       1.335432418988098E-002
   5.66613333000000       1.333910602147732E-002
   5.66678326500000       1.332387067800302E-002
   5.66743320000000       1.330861911891787E-002
   5.66808313500000       1.329335831094128E-002
   5.66873307000000       1.327806944773610E-002
   5.66938300500000       1.326276473963976E-002
   5.67003294000000       1.324744108949364E-002
   5.67068287500000       1.323210088926249E-002
   5.67133281000000       1.321674262792131E-002
   5.67198274500000       1.320136925405408E-002
   5.67263268000000       1.318598761843490E-002
   5.67328261500000       1.317057748885544E-002
   5.67393255000000       1.315515085637688E-002
   5.67458248500000       1.313970715018529E-002
   5.67523242000000       1.312424595143306E-002
   5.67588235500000       1.310876754306578E-002
   5.67653229000000       1.309327408847541E-002
   5.67718222500000       1.307777330623822E-002
   5.67783216000000       1.306224310994292E-002
   5.67848209500000       1.304669731041536E-002
   5.67913203000000       1.303113460372238E-002
   5.67978196500000       1.301555471833519E-002
   5.68043190000000       1.299995974309947E-002
   5.68108183500000       1.298435766180935E-002
   5.68173177000000       1.296872682206086E-002
   5.68238170500000       1.295307954887597E-002
   5.68303164000000       1.293741632538621E-002
   5.68368157500000       1.292173726068825E-002
   5.68433151000000       1.290603987156431E-002
   5.68498144500000       1.289032774350777E-002
   5.68563138000000       1.287460934238336E-002
   5.68628131500000       1.285886219634685E-002
   5.68693125000000       1.284310050653030E-002
   5.68758118500000       1.282732155702711E-002
   5.68823112000000       1.281152612758830E-002
   5.68888105500000       1.279571449370304E-002
   5.68953099000000       1.277988870644464E-002
   5.69018092500000       1.276405571590677E-002
   5.69083086000000       1.274819419539680E-002
   5.69148079500000       1.273231893166102E-002
   5.69213073000000       1.271642636890264E-002
   5.69278066500000       1.270051845229947E-002
   5.69343060000000       1.268459395783407E-002
   5.69408053500000       1.266865461388162E-002
   5.69473047000000       1.265271015969991E-002
   5.69538040500000       1.263673689527625E-002
   5.69603034000000       1.262074971882483E-002
   5.69668027500000       1.260474577007719E-002
   5.69733021000000       1.258872655702960E-002
   5.69798014500000       1.257269298483492E-002
   5.69863008000000       1.255665279604194E-002
   5.69928001500000       1.254058633440508E-002
   5.69992995000000       1.252450432168895E-002
   5.70057988500000       1.250840711864832E-002
   5.70122982000000       1.249229420367686E-002
   5.70187975500000       1.247616615103941E-002
   5.70252969000000       1.246002455395249E-002
   5.70317962500000       1.244387644839037E-002
   5.70382956000000       1.242770198299209E-002
   5.70447949500000       1.241151203228360E-002
   5.70512943000000       1.239530791151844E-002
   5.70577936500000       1.237908885990990E-002
   5.70642930000000       1.236285350315970E-002
   5.70707923500000       1.234660514260642E-002
   5.70772917000000       1.233035179034550E-002
   5.70837910500000       1.231407122761775E-002
   5.70902904000000       1.229777712109926E-002
   5.70967897500000       1.228146868671909E-002
   5.71032891000000       1.226514389538280E-002
   5.71097884500000       1.224880617531820E-002
   5.71162878000000       1.223246477953429E-002
   5.71227871500000       1.221609555444273E-002
   5.71292865000000       1.219971276236025E-002
   5.71357858500000       1.218331503425706E-002
   5.71422852000000       1.216690423109905E-002
   5.71487845500000       1.215047712320170E-002
   5.71552839000000       1.213403802927345E-002
   5.71617832500000       1.211759521543339E-002
   5.71682826000000       1.210112532828627E-002
   5.71747819500000       1.208464118325123E-002
   5.71812813000000       1.206814385468567E-002
   5.71877806500000       1.205163256594845E-002
   5.71942800000000       1.203510679566839E-002
   5.72007793500000       1.201856799817545E-002
   5.72072787000000       1.200202666710052E-002
   5.72137780500000       1.198545837498715E-002
   5.72202774000000       1.196887618746271E-002
   5.72267767500000       1.195228110668054E-002
   5.72332761000000       1.193567294989464E-002
   5.72397754500000       1.191904951006446E-002
   5.72462748000000       1.190241484958737E-002
   5.72527741500000       1.188577666818115E-002
   5.72592735000000       1.186911266174205E-002
   5.72657728500000       1.185243561328203E-002
   5.72722722000000       1.183574551014757E-002
   5.72787715500000       1.181904102627154E-002
   5.72852709000000       1.180232546572946E-002
   5.72917702500000       1.178560735998210E-002
   5.72982696000000       1.176886328301428E-002
   5.73047689500000       1.175210723860713E-002
   5.73112683000000       1.173533675190022E-002
   5.73177676500000       1.171855481756047E-002
   5.73242670000000       1.170175904378799E-002
   5.73307663500000       1.168495117508381E-002
   5.73372657000000       1.166814205233142E-002
   5.73437650500000       1.165130757876510E-002
   5.73502644000000       1.163446037728373E-002
   5.73567637500000       1.161760063147812E-002
   5.73632631000000       1.160072822925760E-002
   5.73697624500000       1.158384324243508E-002
   5.73762618000000       1.156694790591655E-002
   5.73827611500000       1.155005034986938E-002
   5.73892605000000       1.153312746978281E-002
   5.73957598500000       1.151619289922773E-002
   5.74022592000000       1.149924650422745E-002
   5.74087585500000       1.148228749716961E-002
   5.74152579000000       1.146531609520051E-002
   5.74217572500000       1.144833511009341E-002
   5.74282566000000       1.143135177879793E-002
   5.74347559500000       1.141434350239631E-002
   5.74412553000000       1.139732501904062E-002
   5.74477546500000       1.138029403335775E-002
   5.74542540000000       1.136325094283403E-002
   5.74607533500000       1.134619821628592E-002
   5.74672527000000       1.132914442215717E-002
   5.74737520500000       1.131206614778681E-002
   5.74802514000000       1.129497716220906E-002
   5.74867507500000       1.127787743278334E-002
   5.74932501000000       1.126076486607958E-002
   5.74997494500000       1.124364130518937E-002
   5.75062488000000       1.122650781990389E-002
   5.75127481500000       1.120937487831500E-002
   5.75192475000000       1.119221661831091E-002
   5.75257468500000       1.117504947344960E-002
   5.75322462000000       1.115787050974532E-002
   5.75387455500000       1.114067982192756E-002
   5.75452449000000       1.112347911575413E-002
   5.75517442500000       1.110626826846618E-002
   5.75582436000000       1.108905827910392E-002
   5.75647429500000       1.107182466740497E-002
   5.75712423000000       1.105458084037081E-002
   5.75777416500000       1.103732604154985E-002
   5.75842410000000       1.102006133822911E-002
   5.75907403500000       1.100278688508492E-002
   5.75972397000000       1.098551364416411E-002
   5.76037390500000       1.096821668718230E-002
   5.76102384000000       1.095091077150480E-002
   5.76167377500000       1.093359424790757E-002
   5.76232371000000       1.091626777754780E-002
   5.76297364500000       1.089893134387064E-002
   5.76362358000000       1.088158525300645E-002
   5.76427351500000       1.086424140890442E-002
   5.76492345000000       1.084687470187499E-002
   5.76557338500000       1.082949884866255E-002
   5.76622332000000       1.081211253426613E-002
   5.76687325500000       1.079471717633836E-002
   5.76752319000000       1.077731202395975E-002
   5.76817312500000       1.075989894195850E-002
   5.76882306000000       1.074248715284479E-002
   5.76947299500000       1.072505339097308E-002
   5.77012293000000       1.070761070362137E-002
   5.77077286500000       1.069015921572054E-002
   5.77142280000000       1.067269772893074E-002
   5.77207273500000       1.065522756559639E-002
   5.77272267000000       1.063775046200797E-002
   5.77337260500000       1.062027409586244E-002
   5.77402254000000       1.060277636488149E-002
   5.77467247500000       1.058527122364884E-002
   5.77532241000000       1.056775666189659E-002
   5.77597234500000       1.055023325353812E-002
   5.77662228000000       1.053270227167315E-002
   5.77727221500000       1.051517492703598E-002
   5.77792215000000       1.049762497160815E-002
   5.77857208500000       1.048006872497163E-002
   5.77922202000000       1.046250280482269E-002
   5.77987195500000       1.044492960565226E-002
   5.78052189000000       1.042734679660682E-002
   5.78117182500000       1.040975908090171E-002
   5.78182176000000       1.039217302367888E-002
   5.78247169500000       1.037456640212844E-002
   5.78312163000000       1.035695243470617E-002
   5.78377156500000       1.033933079885649E-002
   5.78442150000000       1.032170187040443E-002
   5.78507143500000       1.030406498561472E-002
   5.78572137000000       1.028642140185267E-002
   5.78637130500000       1.026878147664467E-002
   5.78702124000000       1.025112091620279E-002
   5.78767117500000       1.023345484303050E-002
   5.78832111000000       1.021578022505977E-002
   5.78897104500000       1.019809869011939E-002
   5.78962098000000       1.018041142479913E-002
   5.79027091500000       1.016272890837618E-002
   5.79092085000000       1.014502530448652E-002
   5.79157078500000       1.012731558565365E-002
   5.79222072000000       1.010959904244603E-002
   5.79287065500000       1.009187613823849E-002
   5.79352059000000       1.007414624300100E-002
   5.79417052500000       1.005641065455508E-002
   5.79482046000000       1.003868059084726E-002
   5.79547039500000       1.002092964280977E-002
   5.79612033000000       1.000317442762430E-002
   5.79677026500000       9.985412237159671E-003
   5.79742020000000       9.967643725753549E-003
   5.79807013500000       9.949868286902787E-003
   5.79872007000000       9.932089017160408E-003
   5.79937000500000       9.914315269909076E-003
   5.80001994000000       9.896521604697823E-003
   5.80066987500000       9.878723462761555E-003
   5.80131981000000       9.860918571868651E-003
   5.80196974500000       9.843109192518714E-003
   5.80261968000000       9.825292746897743E-003
   5.80326961500000       9.807472554424480E-003
   5.80391955000000       9.789658921572589E-003
   5.80456948500000       9.771826178348748E-003
   5.80521942000000       9.753988955362787E-003
   5.80586935500000       9.736146047607698E-003
   5.80651929000000       9.718298087894723E-003
   5.80716922500000       9.700446196764455E-003
   5.80781916000000       9.682601263634485E-003
   5.80846909500000       9.664737525362014E-003
   5.80911903000000       9.646869673824866E-003
   5.80976896500000       9.628996969511829E-003
   5.81041890000000       9.611120621074687E-003
   5.81106883500000       9.593238161391342E-003
   5.81171877000000       9.575352890514850E-003
   5.81236870500000       9.557475407267039E-003
   5.81301864000000       9.539579121678712E-003
   5.81366857500000       9.521679758666435E-003
   5.81431851000000       9.503776252142179E-003
   5.81496844500000       9.485868335357757E-003
   5.81561838000000       9.467956167555651E-003
   5.81626831500000       9.450041146217305E-003
   5.81691825000000       9.432134831529193E-003
   5.81756818500000       9.414209848352156E-003
   5.81821812000000       9.396283439596588E-003
   5.81886805500000       9.378352184890073E-003
   5.81951799000000       9.360417851255130E-003
   5.82016792500000       9.342481329639871E-003
   5.82081786000000       9.324552748614583E-003
   5.82146779500000       9.306606607872726E-003
   5.82211773000000       9.288658671326642E-003
   5.82276766500000       9.270707786408776E-003
   5.82341760000000       9.252753371254653E-003
   5.82406753500000       9.234795781632750E-003
   5.82471747000000       9.216837018943800E-003
   5.82536740500000       9.198887142431495E-003
   5.82601734000000       9.180920568840867E-003
   5.82666727500000       9.162952093785648E-003
   5.82731721000000       9.144980866674184E-003
   5.82796714500000       9.127007936622078E-003
   5.82861708000000       9.109031679442211E-003
   5.82926701500000       9.091054340200766E-003
   5.82991695000000       9.073086914236968E-003
   5.83056688500000       9.055103600417353E-003
   5.83121682000000       9.037118407383722E-003
   5.83186675500000       9.019131479449091E-003
   5.83251669000000       9.001143657200379E-003
   5.83316662500000       8.983152568481154E-003
   5.83381656000000       8.965161294746921E-003
   5.83446649500000       8.947179938144402E-003
   5.83511643000000       8.929183762263627E-003
   5.83576636500000       8.911186697398741E-003
   5.83641630000000       8.893187555161268E-003
   5.83706623500000       8.875188177755825E-003
   5.83771617000000       8.857187633524357E-003
   5.83836610500000       8.839198887274727E-003
   5.83901604000000       8.821194284291300E-003
   5.83966597500000       8.803189971861592E-003
   5.84031591000000       8.785184461921393E-003
   5.84096584500000       8.767178766362758E-003
   5.84161578000000       8.749171090100127E-003
   5.84226571500000       8.731165061697823E-003
   5.84291565000000       8.713169759360262E-003
   5.84356558500000       8.695159698826432E-003
   5.84421552000000       8.677150837456894E-003
   5.84486545500000       8.659141611395783E-003
   5.84551539000000       8.641132256948868E-003
   5.84616532500000       8.623121839113946E-003
   5.84681526000000       8.605113022649597E-003
   5.84746519500000       8.587116071734383E-003
   5.84811513000000       8.569106020125984E-003
   5.84876506500000       8.551096224984012E-003
   5.84941500000000       8.533087039243945E-003
   5.85006493500000       8.515077800823397E-003
   5.85071487000000       8.497069332191244E-003
   5.85136480500000       8.479062441178051E-003
   5.85201474000000       8.461068207682004E-003
   5.85266467500000       8.443060191880947E-003
   5.85331461000000       8.425055107704126E-003
   5.85396454500000       8.407049710958740E-003
   5.85461448000000       8.389044872016506E-003
   5.85526441500000       8.371043560311630E-003
   5.85591435000000       8.353054049375305E-003
   5.85656428500000       8.335052653326720E-003
   5.85721422000000       8.317054141487113E-003
   5.85786415500000       8.299056183843563E-003
   5.85851409000000       8.281059400047542E-003
   5.85916402500000       8.263063837833656E-003
   5.85981396000000       8.245071962872254E-003
   5.86046389500000       8.227093749855856E-003
   5.86111383000000       8.209103402754589E-003
   5.86176376500000       8.191115220212240E-003
   5.86241370000000       8.173129511535527E-003
   5.86306363500000       8.155145884682566E-003
   5.86371357000000       8.137164585094199E-003
   5.86436350500000       8.119186360130383E-003
   5.86501344000000       8.101222164646768E-003
   5.86566337500000       8.083246904690047E-003
   5.86631331000000       8.065275534304474E-003
   5.86696324500000       8.047306687669072E-003
   5.86761318000000       8.029339391657756E-003
   5.86826311500000       8.011376492386153E-003
   5.86891305000000       7.993428838872177E-003
   5.86956298500000       7.975470355512491E-003
   5.87021292000000       7.957515735302123E-003
   5.87086285500000       7.939563683018029E-003
   5.87151279000000       7.921615498837853E-003
   5.87216272500000       7.903669693190677E-003
   5.87281266000000       7.885729193399488E-003
   5.87346259500000       7.867803834431412E-003
   5.87411253000000       7.849867816173721E-003
   5.87476246500000       7.831937597830862E-003
   5.87541240000000       7.814010609283193E-003
   5.87606233500000       7.796086709218148E-003
   5.87671227000000       7.778167135733130E-003
   5.87736220500000       7.760253107936397E-003
   5.87801214000000       7.742354434117052E-003
   5.87866207500000       7.724446836675483E-003
   5.87931201000000       7.706544054132192E-003
   5.87996194500000       7.688645629019134E-003
   5.88061188000000       7.670751615446613E-003
   5.88126181500000       7.652862305609602E-003
   5.88191175000000       7.634978593129393E-003
   5.88256168500000       7.617111160242436E-003
   5.88321162000000       7.599235315726139E-003
   5.88386155500000       7.581365159450179E-003
   5.88451149000000       7.563499973574125E-003
   5.88516142500000       7.545639596884058E-003
   5.88581136000000       7.527785744615670E-003
   5.88646129500000       7.509948587345619E-003
   5.88711123000000       7.492103557533172E-003
   5.88776116500000       7.474265107064952E-003
   5.88841110000000       7.456431546838622E-003
   5.88906103500000       7.438604157290941E-003
   5.88971097000000       7.420781570471839E-003
   5.89036090500000       7.402966885505345E-003
   5.89101084000000       7.385168849596119E-003
   5.89166077500000       7.367363938894637E-003
   5.89231071000000       7.349566083366045E-003
   5.89296064500000       7.331773974537214E-003
   5.89361058000000       7.313988132080983E-003
   5.89426051500000       7.296208390712637E-003
   5.89491045000000       7.278436147103151E-003
   5.89556038500000       7.260682417273728E-003
   5.89621032000000       7.242921748058051E-003
   5.89686025500000       7.225168635086169E-003
   5.89751019000000       7.207422360385845E-003
   5.89816012500000       7.189682725909100E-003
   5.89881006000000       7.171951024489675E-003
   5.89945999500000       7.154238280328170E-003
   5.90010993000000       7.136519101006994E-003
   5.90075986500000       7.118807943518081E-003
   5.90140980000000       7.101104019016377E-003
   5.90205973500000       7.083408131644320E-003
   5.90270967000000       7.065718804664199E-003
   5.90335960500000       7.048038378197970E-003
   5.90400954000000       7.030377362892156E-003
   5.90465947500000       7.012710849756610E-003
   5.90530941000000       6.995052866954288E-003
   5.90595934500000       6.977402936847173E-003
   5.90660928000000       6.959760669537476E-003
   5.90725921500000       6.942126893494929E-003
   5.90790915000000       6.924502362509443E-003
   5.90855908500000       6.906897642701110E-003
   5.90920902000000       6.889287566380619E-003
   5.90985895500000       6.871687369378001E-003
   5.91050889000000       6.854095244613575E-003
   5.91115882500000       6.836512175359444E-003
   5.91180876000000       6.818937578256265E-003
   5.91245869500000       6.801373115054059E-003
   5.91310863000000       6.783828542968244E-003
   5.91375856500000       6.766280452882305E-003
   5.91440850000000       6.748741731708298E-003
   5.91505843500000       6.731212630295203E-003
   5.91570837000000       6.713692105005751E-003
   5.91635830500000       6.696182668317262E-003
   5.91700824000000       6.678693745905598E-003
   5.91765817500000       6.661201282906891E-003
   5.91830811000000       6.643719032188306E-003
   5.91895804500000       6.626247128839422E-003
   5.91960798000000       6.608784271273992E-003
   5.92025791500000       6.591331761468498E-003
   5.92090785000000       6.573889906571587E-003
   5.92155778500000       6.556470386543603E-003
   5.92220772000000       6.539047132810004E-003
   5.92285765500000       6.521634968859316E-003
   5.92350759000000       6.504233437004394E-003
   5.92415752500000       6.486841879013034E-003
   5.92480746000000       6.469461139097630E-003
   5.92545739500000       6.452091938561294E-003
   5.92610733000000       6.434745049658603E-003
   5.92675726500000       6.417395491592894E-003
   5.92740720000000       6.400057797701605E-003
   5.92805713500000       6.382730977876613E-003
   5.92870707000000       6.365415436382007E-003
   5.92935700500000       6.348111500360079E-003
   5.93000694000000       6.330831196330799E-003
   5.93065687500000       6.313548254069134E-003
   5.93130681000000       6.296277920761742E-003
   5.93195674500000       6.279018282278017E-003
   5.93260668000000       6.261771169593008E-003
   5.93325661500000       6.244534856266275E-003
   5.93390655000000       6.227311972118281E-003
   5.93455648500000       6.210112200759802E-003
   5.93520642000000       6.192911311300524E-003
   5.93585635500000       6.175723451442490E-003
   5.93650629000000       6.158547187450967E-003
   5.93715622500000       6.141383456910696E-003
   5.93780616000000       6.124231502941594E-003
   5.93845609500000       6.107093369133106E-003
   5.93910603000000       6.089978822430449E-003
   5.93975596500000       6.072864111075675E-003
   5.94040590000000       6.055762425587618E-003
   5.94105583500000       6.038673333426650E-003
   5.94170577000000       6.021597660904027E-003
   5.94235570500000       6.004534197297171E-003
   5.94300564000000       5.987485068496941E-003
   5.94365557500000       5.970460335393744E-003
   5.94430551000000       5.953435613752090E-003
   5.94495544500000       5.936425694410854E-003
   5.94560538000000       5.919427912812783E-003
   5.94625531500000       5.902443756865087E-003
   5.94690525000000       5.885474705532036E-003
   5.94755518500000       5.868530068678854E-003
   5.94820512000000       5.851586341956447E-003
   5.94885505500000       5.834657093192426E-003
   5.94950499000000       5.817742000611404E-003
   5.95015492500000       5.800840508872840E-003
   5.95080486000000       5.783952480277721E-003
   5.95145479500000       5.767080362924038E-003
   5.95210473000000       5.750233445758925E-003
   5.95275466500000       5.733387597987485E-003
   5.95340460000000       5.716557536232564E-003
   5.95405453500000       5.699741204736147E-003
   5.95470447000000       5.682939911560052E-003
   5.95535440500000       5.666152476507502E-003
   5.95600434000000       5.649381456587315E-003
   5.95665427500000       5.632636501788630E-003
   5.95730421000000       5.615893127390976E-003
   5.95795414500000       5.599166041757309E-003
   5.95860408000000       5.582453565475140E-003
   5.95925401500000       5.565756145828501E-003
   5.95990395000000       5.549073543612474E-003
   5.96055388500000       5.532407810843772E-003
   5.96120382000000       5.515768958816654E-003
   5.96185375500000       5.499131833668769E-003
   5.96250369000000       5.482512347415691E-003
   5.96315362500000       5.465907495184479E-003
   5.96380356000000       5.449317901740025E-003
   5.96445349500000       5.432745942534988E-003
   5.96510343000000       5.416200695472661E-003
   5.96575336500000       5.399658583200770E-003
   5.96640330000000       5.383133671211750E-003
   5.96705323500000       5.366624764244415E-003
   5.96770317000000       5.350131836462920E-003
   5.96835310500000       5.333654926646898E-003
   5.96900304000000       5.317195672113991E-003
   5.96965297500000       5.300764052719510E-003
   5.97030291000000       5.284336518185391E-003
   5.97095284500000       5.267926143104161E-003
   5.97160278000000       5.251532344689734E-003
   5.97225271500000       5.235155909794955E-003
   5.97290265000000       5.218795875475107E-003
   5.97355258500000       5.202453491073937E-003
   5.97420252000000       5.186139198050048E-003
   5.97485245500000       5.169829987110241E-003
   5.97550239000000       5.153538394108751E-003
   5.97615232500000       5.137264368877942E-003
   5.97680226000000       5.121007313977576E-003
   5.97745219500000       5.104768582657974E-003
   5.97810213000000       5.088558272478409E-003
   5.97875206500000       5.072353417644690E-003
   5.97940200000000       5.056167141082782E-003
   5.98005193500000       5.039998735184229E-003
   5.98070187000000       5.023847702377382E-003
   5.98135180500000       5.007714569786209E-003
   5.98200174000000       4.991600679418615E-003
   5.98265167500000       4.975515529253995E-003
   5.98330161000000       4.959436030666616E-003
   5.98395154500000       4.943376405334966E-003
   5.98460148000000       4.927334217756683E-003
   5.98525141500000       4.911310852488695E-003
   5.98590135000000       4.895305815862123E-003
   5.98655128500000       4.879320417123128E-003
   5.98720122000000       4.863363763038817E-003
   5.98785115500000       4.847414223541078E-003
   5.98850109000000       4.831484542616392E-003
   5.98915102500000       4.815573268333745E-003
   5.98980096000000       4.799681207430053E-003
   5.99045089500000       4.783807511488866E-003
   5.99110083000000       4.767954423025029E-003
   5.99175076500000       4.752130902559758E-003
   5.99240070000000       4.736315014878186E-003
   5.99305063500000       4.720518986380291E-003
   5.99370057000000       4.704742404989372E-003
   5.99435050500000       4.688985156653978E-003
   5.99500044000000       4.673248469123118E-003
   5.99565037500000       4.657541779810765E-003
   5.99630031000000       4.641843259018740E-003
   5.99695024500000       4.626165090414608E-003
   5.99760018000000       4.610506734178986E-003
   5.99825011500000       4.594868517256855E-003
   5.99890005000000       4.579250097043402E-003
   5.99954998500000       4.563653099243688E-003
   6.00019992000000       4.548086036320581E-003
   6.00084985500000       4.532528204842739E-003
   6.00149979000000       4.516991140626627E-003
   6.00214972500000       4.501474380529714E-003
   6.00279966000000       4.485978216237210E-003
   6.00344959500000       4.470502294242619E-003
   6.00409953000000       4.455048300124242E-003
   6.00474946500000       4.439625036543582E-003
   6.00539940000000       4.424211143115339E-003
   6.00604933500000       4.408818926111013E-003
   6.00669927000000       4.393447530564322E-003
   6.00734920500000       4.378096887045269E-003
   6.00799914000000       4.362768160715673E-003
   6.00864907500000       4.347471067193627E-003
   6.00929901000000       4.332183808683321E-003
   6.00994894500000       4.316918307064351E-003
   6.01059888000000       4.301674454996537E-003
   6.01124881500000       4.286451674983845E-003
   6.01189875000000       4.271250542386723E-003
   6.01254868500000       4.256071799769352E-003
   6.01319862000000       4.240925198251281E-003
   6.01384855500000       4.225788176132222E-003
   6.01449849000000       4.210674539072545E-003
   6.01514842500000       4.195582466334201E-003
   6.01579836000000       4.180512028914377E-003
   6.01644829500000       4.165464107079183E-003
   6.01709823000000       4.150438569969011E-003
   6.01774816500000       4.135446041784745E-003
   6.01839810000000       4.120463635931088E-003
   6.01904803500000       4.105504572021508E-003
   6.01969797000000       4.090567660591338E-003
   6.02034790500000       4.075653683115366E-003
   6.02099784000000       4.060761752868907E-003
   6.02164777500000       4.045893184510579E-003
   6.02229771000000       4.031057953666273E-003
   6.02294764500000       4.016233438506877E-003
   6.02359758000000       4.001432703513984E-003
   6.02424751500000       3.986654670802274E-003
   6.02489745000000       3.971899720304235E-003
   6.02554738500000       3.957168478767181E-003
   6.02619732000000       3.942470538022999E-003
   6.02684725500000       3.927784126290004E-003
   6.02749719000000       3.913121977955260E-003
   6.02814712500000       3.898482842877329E-003
   6.02879706000000       3.883866941431137E-003
   6.02944699500000       3.869274752115066E-003
   6.03009693000000       3.854706486966799E-003
   6.03074686500000       3.840171924055072E-003
   6.03139680000000       3.825649904099177E-003
   6.03204673500000       3.811151884049741E-003
   6.03269667000000       3.796677673481815E-003
   6.03334660500000       3.782227526316303E-003
   6.03399654000000       3.767800910131249E-003
   6.03464647500000       3.753399374797292E-003
   6.03529641000000       3.739031381983300E-003
   6.03594634500000       3.724676606573480E-003
   6.03659628000000       3.710346655917800E-003
   6.03724621500000       3.696040404494226E-003
   6.03789615000000       3.681758881700351E-003
   6.03854608500000       3.667502372402402E-003
   6.03919602000000       3.653279812387626E-003
   6.03984595500000       3.639070793494755E-003
   6.04049589000000       3.624887116378080E-003
   6.04114582500000       3.610727699426913E-003
   6.04179576000000       3.596593084408462E-003
   6.04244569500000       3.582482934481669E-003
   6.04309563000000       3.568398733145911E-003
   6.04374556500000       3.554348594610572E-003
   6.04439550000000       3.540312835648747E-003
   6.04504543500000       3.526302620423339E-003
   6.04569537000000       3.512317143128923E-003
   6.04634530500000       3.498356945019571E-003
   6.04699524000000       3.484421631850502E-003
   6.04764517500000       3.470512318929505E-003
   6.04829511000000       3.456638087369077E-003
   6.04894504500000       3.442778115294635E-003
   6.04959498000000       3.428944435038413E-003
   6.05024491500000       3.415136129323638E-003
   6.05089485000000       3.401352895347667E-003
   6.05154478500000       3.387595501391972E-003
   6.05219472000000       3.373864279820976E-003
   6.05284465500000       3.360168293200437E-003
   6.05349459000000       3.346487394950283E-003
   6.05414452500000       3.332832967388807E-003
   6.05479446000000       3.319204249026071E-003
   6.05544439500000       3.305601050603324E-003
   6.05609433000000       3.292025126338874E-003
   6.05674426500000       3.278484081791527E-003
   6.05739420000000       3.264958977072017E-003
   6.05804413500000       3.251460545831713E-003
   6.05869407000000       3.237988036420221E-003
   6.05934400500000       3.224541928300974E-003
   6.05999394000000       3.211121718386305E-003
   6.06064387500000       3.197728799588845E-003
   6.06129381000000       3.184371575229041E-003
   6.06194374500000       3.171030424379512E-003
   6.06259368000000       3.157716658333438E-003
   6.06324361500000       3.144428988972293E-003
   6.06389355000000       3.131167780205448E-003
   6.06454348500000       3.117933596181991E-003
   6.06519342000000       3.104726478450872E-003
   6.06584335500000       3.091555407946545E-003
   6.06649329000000       3.078400987601611E-003
   6.06714322500000       3.065273950946335E-003
   6.06779316000000       3.052173752113546E-003
   6.06844309500000       3.039100653853663E-003
   6.06909303000000       3.026054369840743E-003
   6.06974296500000       3.013035842052717E-003
   6.07039290000000       3.000053244352107E-003
   6.07104283500000       2.987088383144235E-003
   6.07169277000000       2.974150843394679E-003
   6.07234270500000       2.961240695288097E-003
   6.07299264000000       2.948357644734401E-003
   6.07364257500000       2.935502751017416E-003
   6.07429251000000       2.922683961480264E-003
   6.07494244500000       2.909882804371409E-003
   6.07559238000000       2.897110139003714E-003
   6.07624231500000       2.884364532580552E-003
   6.07689225000000       2.871646749061962E-003
   6.07754218500000       2.858956485285781E-003
   6.07819212000000       2.846294584716413E-003
   6.07884205500000       2.833668696555522E-003
   6.07949199000000       2.821061499252337E-003
   6.08014192500000       2.808482534489319E-003
   6.08079186000000       2.795931376438948E-003
   6.08144179500000       2.783408213103814E-003
   6.08209173000000       2.770912617773351E-003
   6.08274166500000       2.758446289894087E-003
   6.08339160000000       2.746015820552959E-003
   6.08404153500000       2.733604463416515E-003
   6.08469147000000       2.721221752687333E-003
   6.08534140500000       2.708866918019233E-003
   6.08599134000000       2.696540586313469E-003
   6.08664127500000       2.684242814878088E-003
   6.08729121000000       2.671981980305036E-003
   6.08794114500000       2.659740089945539E-003
   6.08859108000000       2.647527151347121E-003
   6.08924101500000       2.635342698521397E-003
   6.08989095000000       2.623186716106869E-003
   6.09054088500000       2.611058978351338E-003
   6.09119082000000       2.598960524431435E-003
   6.09184075500000       2.586899068546527E-003
   6.09249069000000       2.574856958597794E-003
   6.09314062500000       2.562844009868574E-003
   6.09379056000000       2.550859809927705E-003
   6.09444049500000       2.538904514327505E-003
   6.09509043000000       2.526977492646365E-003
   6.09574036500000       2.515080409054292E-003
   6.09639030000000       2.503219963505319E-003
   6.09704023500000       2.491379525803748E-003
   6.09769017000000       2.479568657682858E-003
   6.09834010500000       2.467786525174229E-003
   6.09899004000000       2.456033599943498E-003
   6.09963997500000       2.444309817867156E-003
   6.10028991000000       2.432615265220502E-003
   6.10093984500000       2.420957969670005E-003
   6.10158978000000       2.409321253676917E-003
   6.10223971500000       2.397714098692402E-003
   6.10288965000000       2.386135971146693E-003
   6.10353958500000       2.374587058342692E-003
   6.10418952000000       2.363068065420519E-003
   6.10483945500000       2.351586388527569E-003
   6.10548939000000       2.340125006798575E-003
   6.10613932500000       2.328694113296852E-003
   6.10678926000000       2.317291949965531E-003
   6.10743919500000       2.305919679126171E-003
   6.10808913000000       2.294576591315071E-003
   6.10873906500000       2.283263853149929E-003
   6.10938900000000       2.271988099609619E-003
   6.11003893500000       2.260733690619719E-003
   6.11068887000000       2.249509079003099E-003
   6.11133880500000       2.238314368680939E-003
   6.11198874000000       2.227149075808753E-003
   6.11263867500000       2.216013657069210E-003
   6.11328861000000       2.204908114677190E-003
   6.11393854500000       2.193840138054714E-003
   6.11458848000000       2.182793659970537E-003
   6.11523841500000       2.171777406226321E-003
   6.11588835000000       2.160790887408359E-003
   6.11653828500000       2.149834292108464E-003
   6.11718822000000       2.138908015616559E-003
   6.11783815500000       2.128019335186999E-003
   6.11848809000000       2.117151948381996E-003
   6.11913802500000       2.106315221309381E-003
   6.11978796000000       2.095508396000636E-003
   6.12043789500000       2.084731674536849E-003
   6.12108783000000       2.073984838893555E-003
   6.12173776500000       2.063268580427880E-003
   6.12238770000000       2.052590208660425E-003
   6.12303763500000       2.041933304236448E-003
   6.12368757000000       2.031307281238144E-003
   6.12433750500000       2.020711144332417E-003
   6.12498744000000       2.010145366752755E-003
   6.12563737500000       1.999609707372525E-003
   6.12628731000000       1.989104808724705E-003
   6.12693724500000       1.978637222921421E-003
   6.12758718000000       1.968191920816046E-003
   6.12823711500000       1.957777582756902E-003
   6.12888705000000       1.947393446874609E-003
   6.12953698500000       1.937039746740068E-003
   6.13018692000000       1.926715961124357E-003
   6.13083685500000       1.916423394074329E-003
   6.13148679000000       1.906168220270896E-003
   6.13213672500000       1.895935704002429E-003
   6.13278666000000       1.885733802044939E-003
   6.13343659500000       1.875562393146428E-003
   6.13408653000000       1.865421607192270E-003
   6.13473646500000       1.855311544756294E-003
   6.13538640000000       1.845239108860268E-003
   6.13603633500000       1.835189250620874E-003
   6.13668627000000       1.825170744124169E-003
   6.13733620500000       1.815182225500304E-003
   6.13798614000000       1.805224565981632E-003
   6.13863607500000       1.795297385599938E-003
   6.13928601000000       1.785401271569762E-003
   6.13993594500000       1.775542646997096E-003
   6.14058588000000       1.765707099561151E-003
   6.14123581500000       1.755902418231815E-003
   6.14188575000000       1.746128236195934E-003
   6.14253568500000       1.736385099095084E-003
   6.14318562000000       1.726672217841177E-003
   6.14383555500000       1.716990526745685E-003
   6.14448549000000       1.707346404888242E-003
   6.14513542500000       1.697725649048628E-003
   6.14578536000000       1.688135961184475E-003
   6.14643529500000       1.678576661588436E-003
   6.14708523000000       1.669048304653477E-003
   6.14773516500000       1.659550549703299E-003
   6.14838510000000       1.650083964490315E-003
   6.14903503500000       1.640654797121318E-003
   6.14968497000000       1.631249162587520E-003
   6.15033490500000       1.621874603190038E-003
   6.15098484000000       1.612530688019331E-003
   6.15163477500000       1.603217687096807E-003
   6.15228471000000       1.593935803844694E-003
   6.15293464500000       1.584691025834565E-003
   6.15358458000000       1.575470367416154E-003
   6.15423451500000       1.566280652619991E-003
   6.15488445000000       1.557121707791219E-003
   6.15553438500000       1.547993646894017E-003
   6.15618432000000       1.538896091699838E-003
   6.15683425500000       1.529830030745668E-003
   6.15748419000000       1.520801006078052E-003
   6.15813412500000       1.511796067341735E-003
   6.15878406000000       1.502822158270009E-003
   6.15943399500000       1.493878924150491E-003
   6.16008393000000       1.484966922080441E-003
   6.16073386500000       1.476085282028444E-003
   6.16138380000000       1.467235034988226E-003
   6.16203373500000       1.458421781174164E-003
   6.16268367000000       1.449632665450734E-003
   6.16333360500000       1.440874817113297E-003
   6.16398354000000       1.432147746706685E-003
   6.16463347500000       1.423451226438562E-003
   6.16528341000000       1.414786027783917E-003
   6.16593334500000       1.406157849859868E-003
   6.16658328000000       1.397553809626340E-003
   6.16723321500000       1.388981044343854E-003
   6.16788315000000       1.380438802117789E-003
   6.16853308500000       1.371927700468571E-003
   6.16918302000000       1.363446981109827E-003
   6.16983295500000       1.354997602861170E-003
   6.17048289000000       1.346585189751633E-003
   6.17113282500000       1.338196964687489E-003
   6.17178276000000       1.329839771108666E-003
   6.17243269500000       1.321513368560432E-003
   6.17308263000000       1.313218065020823E-003
   6.17373256500000       1.304953168803185E-003
   6.17438250000000       1.296719462409153E-003
   6.17503243500000       1.288522355983530E-003
   6.17568237000000       1.280349618151007E-003
   6.17633230500000       1.272207997501057E-003
   6.17698224000000       1.264096930391408E-003
   6.17763217500000       1.256016986851585E-003
   6.17828211000000       1.247967441327954E-003
   6.17893204500000       1.239949193643529E-003
   6.17958198000000       1.231967025130614E-003
   6.18023191500000       1.224009414966459E-003
   6.18088185000000       1.216083033806036E-003
   6.18153178500000       1.208187204217674E-003
   6.18218172000000       1.200321934853235E-003
   6.18283165500000       1.192487477893924E-003
   6.18348159000000       1.184689450967582E-003
   6.18413152500000       1.176915858612100E-003
   6.18478146000000       1.169173277588707E-003
   6.18543139500000       1.161461231413261E-003
   6.18608133000000       1.153779959045466E-003
   6.18673126500000       1.146128972782938E-003
   6.18738120000000       1.138508811843804E-003
   6.18803113500000       1.130924699694458E-003
   6.18868107000000       1.123365309086567E-003
   6.18933100500000       1.115836777002963E-003
   6.18998094000000       1.108338559441738E-003
   6.19063087500000       1.100870884534502E-003
   6.19128081000000       1.093433632278642E-003
   6.19193074500000       1.086027150169159E-003
   6.19258068000000       1.078656019629289E-003
   6.19323061500000       1.071310003321634E-003
   6.19388055000000       1.063994593376374E-003
   6.19453048500000       1.056709413133061E-003
   6.19518042000000       1.049454572025336E-003
   6.19583035500000       1.042230361231242E-003
   6.19648029000000       1.035041380497774E-003
   6.19713022500000       1.027877305328888E-003
   6.19778016000000       1.020743962132958E-003
   6.19843009500000       1.013640685993762E-003
   6.19908003000000       1.006567596287337E-003
   6.19972996500000       9.995244927303579E-004
   6.20037990000000       9.925123682608323E-004
   6.20102983500000       9.855348391463385E-004
   6.20167977000000       9.785822704909762E-004
   6.20232970500000       9.716600121442733E-004
   6.20297964000000       9.647678363381321E-004
   6.20362957500000       9.579056792906774E-004
   6.20427951000000       9.510737103847847E-004
   6.20492944500000       9.442717327499110E-004
   6.20557938000000       9.375046399492057E-004
   6.20622931500000       9.307623511942402E-004
   6.20687925000000       9.240503147349933E-004
   6.20752918500000       9.173681871060261E-004
   6.20817912000000       9.107158855206446E-004
   6.20882905500000       9.040932078139490E-004
   6.20947899000000       8.975006926284880E-004
   6.21012892500000       8.909426185425025E-004
   6.21077886000000       8.844093904844852E-004
   6.21142879500000       8.779059874986184E-004
   6.21207873000000       8.714323565247660E-004
   6.21272866500000       8.649884091724618E-004
   6.21337860000000       8.585741430041182E-004
   6.21402853500000       8.521940653956436E-004
   6.21467847000000       8.458386706724860E-004
   6.21532840500000       8.395133616716419E-004
   6.21597834000000       8.332172666546183E-004
   6.21662827500000       8.269507135553769E-004
   6.21727821000000       8.207133809563005E-004
   6.21792814500000       8.145058999521879E-004
   6.21857808000000       8.083321594409339E-004
   6.21922801500000       8.021829685027895E-004
   6.21987795000000       7.960633915941371E-004
   6.22052788500000       7.899729847576691E-004
   6.22117782000000       7.839120593123238E-004
   6.22182775500000       7.778801585839580E-004
   6.22247769000000       7.718774751171649E-004
   6.22312762500000       7.659084462946513E-004
   6.22377756000000       7.599636062964168E-004
   6.22442749500000       7.540484227616800E-004
   6.22507743000000       7.481618958436780E-004
   6.22572736500000       7.423046191633346E-004
   6.22637730000000       7.364763868021129E-004
   6.22702723500000       7.306810800449161E-004
   6.22767717000000       7.249103421475362E-004
   6.22832710500000       7.191684428211253E-004
   6.22897704000000       7.134554589430245E-004
   6.22962697500000       7.077712428606907E-004
   6.23027691000000       7.021155543477978E-004
   6.23092684500000       6.964888213979540E-004
   6.23157678000000       6.908949028444619E-004
   6.23222671500000       6.853249478809120E-004
   6.23287665000000       6.797836728359791E-004
   6.23352658500000       6.742711863174279E-004
   6.23417652000000       6.687871154316442E-004
   6.23482645500000       6.633314103481873E-004
   6.23547639000000       6.579043258416106E-004
   6.23612632500000       6.525090199104295E-004
   6.23677626000000       6.471382973036325E-004
   6.23742619500000       6.417955279283468E-004
   6.23807613000000       6.364813254596148E-004
   6.23872606500000       6.311951396320191E-004
   6.23937600000000       6.259373019828969E-004
   6.24002593500000       6.207072763431863E-004
   6.24067587000000       6.155091199018801E-004
   6.24132580500000       6.103349430833869E-004
   6.24197574000000       6.051888462985893E-004
   6.24262567500000       6.000705256595763E-004
   6.24327561000000       5.949800741465122E-004
   6.24392554500000       5.899175406830954E-004
   6.24457548000000       5.848862818058470E-004
   6.24522541500000       5.798788479910538E-004
   6.24587535000000       5.748992605501072E-004
   6.24652528500000       5.699472135932288E-004
   6.24717522000000       5.650225911067013E-004
   6.24782515500000       5.601254661943301E-004
   6.24847509000000       5.552557463392353E-004
   6.24912502500000       5.504172187063242E-004
   6.24977496000000       5.456020090412850E-004
   6.25042489500000       5.408142457753483E-004
   6.25107483000000       5.360537303320798E-004
   6.25172476500000       5.313202326368872E-004
   6.25237470000000       5.266140106568025E-004
   6.25302463500000       5.219349313456826E-004
   6.25367457000000       5.172861614927560E-004
   6.25432450500000       5.126607504632507E-004
   6.25497444000000       5.080623548765070E-004
   6.25562437500000       5.034906937985204E-004
   6.25627431000000       4.989458220513780E-004
   6.25692424500000       4.944278142789487E-004
   6.25757418000000       4.899365883570833E-004
   6.25822411500000       4.854749584216067E-004
   6.25887405000000       4.810364876563628E-004
   6.25952398500000       4.766246781357798E-004
   6.26017392000000       4.722394968079392E-004
   6.26082385500000       4.678804317345974E-004
   6.26147379000000       4.635476783581594E-004
   6.26212372500000       4.592444712206558E-004
   6.26277366000000       4.549642082111440E-004
   6.26342359500000       4.507101379675450E-004
   6.26407353000000       4.464822543229277E-004
   6.26472346500000       4.422802507411071E-004
   6.26537340000000       4.381040855410320E-004
   6.26602333500000       4.339539807928028E-004
   6.26667327000000       4.298328263318763E-004
   6.26732320500000       4.257343195005758E-004
   6.26797314000000       4.216614968830695E-004
   6.26862307500000       4.176142938530014E-004
   6.26927301000000       4.135928815395793E-004
   6.26992294500000       4.095967245813496E-004
   6.27057288000000       4.056262368869709E-004
   6.27122281500000       4.016839918921323E-004
   6.27187275000000       3.977641606177541E-004
   6.27252268500000       3.938696250882417E-004
   6.27317262000000       3.900002751226969E-004
   6.27382255500000       3.861560159423016E-004
   6.27447249000000       3.823369224787855E-004
   6.27512242500000       3.785456077730143E-004
   6.27577236000000       3.747761624082358E-004
   6.27642229500000       3.710319851271513E-004
   6.27707223000000       3.673125064716092E-004
   6.27772216500000       3.636177252910302E-004
   6.27837210000000       3.599476261866315E-004
   6.27902203500000       3.563023004002762E-004
   6.27967197000000       3.526840315325384E-004
   6.28032190500000       3.490875512846704E-004
   6.28097184000000       3.455155420818031E-004
   6.28162177500000       3.419678372817394E-004
   6.28227171000000       3.384443263570606E-004
   6.28292164500000       3.349449804850762E-004
   6.28357158000000       3.314700529212194E-004
   6.28422151500000       3.280215957839596E-004
   6.28487145000000       3.245945003828545E-004
   6.28552138500000       3.211913784051976E-004
   6.28617132000000       3.178121293472243E-004
   6.28682125500000       3.144566884146577E-004
   6.28747119000000       3.111248063011366E-004
   6.28812112500000       3.078169254250340E-004
   6.28877106000000       3.045346398696217E-004
   6.28942099500000       3.012734176047750E-004
   6.29007093000000       2.980358659195141E-004
   6.29072086500000       2.948215711437229E-004
   6.29137080000000       2.916303770916932E-004
   6.29202073500000       2.884626560750609E-004
   6.29267067000000       2.853201504720634E-004
   6.29332060500000       2.821984812406859E-004
   6.29397054000000       2.790998094559664E-004
   6.29462047500000       2.760239913455064E-004
   6.29527041000000       2.729710042458794E-004
   6.29592034500000       2.699408638584576E-004
   6.29657028000000       2.669333241271048E-004
   6.29722021500000       2.639506608833010E-004
   6.29787015000000       2.609881806017675E-004
   6.29852008500000       2.580480418410905E-004
   6.29917002000000       2.551306111777217E-004
   6.29981995500000       2.522352645705434E-004
   6.30046989000000       2.493620330052351E-004
   6.30111982500000       2.465113578542517E-004
   6.30176976000000       2.436845442021562E-004
   6.30241969500000       2.408777353813420E-004
   6.30306963000000       2.380926838666924E-004
   6.30371956500000       2.353297224995304E-004
   6.30436950000000       2.325882342369540E-004
   6.30501943500000       2.298685076790300E-004
   6.30566937000000       2.271722846580414E-004
   6.30631930500000       2.244958532479782E-004
   6.30696924000000       2.218406719687510E-004
   6.30761917500000       2.192067820847071E-004
   6.30826911000000       2.165941937510093E-004
   6.30891904500000       2.140029851283662E-004
   6.30956898000000       2.114327307773767E-004
   6.31021891500000       2.088854612053554E-004
   6.31086885000000       2.063569960075250E-004
   6.31151878500000       2.038497012037154E-004
   6.31216872000000       2.013631627329971E-004
   6.31281865500000       1.988973561721167E-004
   6.31346859000000       1.964522027740480E-004
   6.31411852500000       1.940274218144803E-004
   6.31476846000000       1.916250318434874E-004
   6.31541839500000       1.892410382837413E-004
   6.31606833000000       1.868775005030458E-004
   6.31671826500000       1.845342560495647E-004
   6.31736820000000       1.822109921716395E-004
   6.31801813500000       1.799077304764817E-004
   6.31866807000000       1.776247132250558E-004
   6.31931800500000       1.753630758712506E-004
   6.31996794000000       1.731193708324669E-004
   6.32061787500000       1.708956030113316E-004
   6.32126781000000       1.686914299023397E-004
   6.32191774500000       1.665066397097999E-004
   6.32256768000000       1.643416960962783E-004
   6.32321761500000       1.621973673713800E-004
   6.32386755000000       1.600706079684802E-004
   6.32451748500000       1.579634177454515E-004
   6.32516742000000       1.558752123690286E-004
   6.32581735500000       1.538061080241892E-004
   6.32646729000000       1.517558856672361E-004
   6.32711722500000       1.497244055011380E-004
   6.32776716000000       1.477131719779179E-004
   6.32841709500000       1.457192166955385E-004
   6.32906703000000       1.437438589940569E-004
   6.32971696500000       1.417869193228402E-004
   6.33036690000000       1.398485927624338E-004
   6.33101683500000       1.379284392911845E-004
   6.33166677000000       1.360266342699626E-004
   6.33231670500000       1.341443822609326E-004
   6.33296664000000       1.322787902848983E-004
   6.33361657500000       1.304311167420921E-004
   6.33426651000000       1.286013620293145E-004
   6.33491644500000       1.267893820008148E-004
   6.33556638000000       1.249952482430189E-004
   6.33621631500000       1.232199890783614E-004
   6.33686625000000       1.214607823322563E-004
   6.33751618500000       1.197193069052054E-004
   6.33816612000000       1.179949927429865E-004
   6.33881605500000       1.162881129125765E-004
   6.33946599000000       1.145983218294855E-004
   6.34011592500000       1.129257478000653E-004
   6.34076586000000       1.112710710224753E-004
   6.34141579500000       1.096323484077043E-004
   6.34206573000000       1.080104464889187E-004
   6.34271566500000       1.064053028328266E-004
   6.34336560000000       1.048166969168544E-004
   6.34401553500000       1.032447786631672E-004
   6.34466547000000       1.016891824420954E-004
   6.34531540500000       1.001510963608470E-004
   6.34596534000000       9.862824641613265E-005
   6.34661527500000       9.712161205118860E-005
   6.34726521000000       9.563095581558394E-005
   6.34791514500000       9.415641841153277E-005
   6.34856508000000       9.269767361869427E-005
   6.34921501500000       9.125485483043512E-005
   6.34986495000000       8.982886275918283E-005
   6.35051488500000       8.841748372617011E-005
   6.35116482000000       8.702152602172660E-005
   6.35181475500000       8.564095078653398E-005
   6.35246469000000       8.427598566267372E-005
   6.35311462500000       8.292633866372597E-005
   6.35376456000000       8.159255181140362E-005
   6.35441449500000       8.027315977209488E-005
   6.35506443000000       7.896857438970078E-005
   6.35571436500000       7.767899899190002E-005
   6.35636430000000       7.640431171433372E-005
   6.35701423500000       7.514420403774064E-005
   6.35766417000000       7.389893441774429E-005
   6.35831410500000       7.266894353977793E-005
   6.35896404000000       7.145243185923672E-005
   6.35961397500000       7.025033413861219E-005
   6.36026391000000       6.906272718708733E-005
   6.36091384500000       6.788912093295584E-005
   6.36156378000000       6.672948868724718E-005
   6.36221371500000       6.558399727034378E-005
   6.36286365000000       6.445311572567758E-005
   6.36351358500000       6.333537773816472E-005
   6.36416352000000       6.223126031161022E-005
   6.36481345500000       6.114082680212256E-005
   6.36546339000000       6.006369870412671E-005
   6.36611332500000       5.900024997862504E-005
   6.36676326000000       5.794993244292817E-005
   6.36741319500000       5.691396035829131E-005
   6.36806313000000       5.588999903903688E-005
   6.36871306500000       5.487925710891567E-005
   6.36936300000000       5.388150940812622E-005
   6.37001293500000       5.289665635136686E-005
   6.37066287000000       5.192450082778726E-005
   6.37131280500000       5.096575070025131E-005
   6.37196274000000       5.001897609686505E-005
   6.37261267500000       4.908461430893885E-005
   6.37326261000000       4.816284379428234E-005
   6.37391254500000       4.725317361105542E-005
   6.37456248000000       4.635580809081924E-005
   6.37521241500000       4.547082922542126E-005
   6.37586235000000       4.459808797344967E-005
   6.37651228500000       4.373680331682050E-005
   6.37716222000000       4.288761803389338E-005
   6.37781215500000       4.204982691443077E-005
   6.37846209000000       4.122394147515834E-005
   6.37911202500000       4.040954581799344E-005
   6.37976196000000       3.960655636459411E-005
   6.38041189500000       3.881594394936985E-005
   6.38106183000000       3.803562480432284E-005
   6.38171176500000       3.726662621046994E-005
   6.38236170000000       3.650882185438548E-005
   6.38301163500000       3.576201067516592E-005
   6.38366157000000       3.502610823560344E-005
   6.38431150500000       3.430162098349686E-005
   6.38496144000000       3.358739162394495E-005
   6.38561137500000       3.288367350834458E-005
   6.38626131000000       3.219065231675042E-005
   6.38691124500000       3.150822820459532E-005
   6.38756118000000       3.083589786292246E-005
   6.38821111500000       3.017408074295556E-005
   6.38886105000000       2.952281598603130E-005
   6.38951098500000       2.888107289012052E-005
   6.39016092000000       2.824943899244188E-005
   6.39081085500000       2.762789884924111E-005
   6.39146079000000       2.701605832295506E-005
   6.39211072500000       2.641401396504201E-005
   6.39276066000000       2.582157587007431E-005
   6.39341059500000       2.523924873572121E-005
   6.39406053000000       2.466578942578566E-005
   6.39471046500000       2.410183464419815E-005
   6.39536040000000       2.354708084518723E-005
   6.39601033500000       2.300172171541056E-005
   6.39666027000000       2.246516152990849E-005
   6.39731020500000       2.193790795113864E-005
   6.39796014000000       2.141971647643619E-005
   6.39861007500000       2.091014649515911E-005
   6.39926001000000       2.040947562515185E-005
   6.39990994500000       1.991730575769417E-005
   6.40055988000000       1.943383137279371E-005
   6.40120981500000       1.895866042558161E-005
   6.40185975000000       1.849232114544663E-005
   6.40250968500000       1.803393388915783E-005
   6.40315962000000       1.758375322877745E-005
   6.40380955500000       1.714186940848788E-005
   6.40445949000000       1.670798321600694E-005
   6.40510942500000       1.628199241504385E-005
   6.40575936000000       1.586370916174838E-005
   6.40640929500000       1.545381626416745E-005
   6.40705923000000       1.505121294083767E-005
   6.40770916500000       1.465601823838647E-005
   6.40835910000000       1.426862069394107E-005
   6.40900903500000       1.388852159958382E-005
   6.40965897000000       1.351592162282261E-005
   6.41030890500000       1.315052166654487E-005
   6.41095884000000       1.279257640412977E-005
   6.41160877500000       1.244146382378230E-005
   6.41225871000000       1.209725575302090E-005
   6.41290864500000       1.176014420698994E-005
   6.41355858000000       1.142973284238654E-005
   6.41420851500000       1.110632523124658E-005
   6.41485845000000       1.078973376313826E-005
   6.41550838500000       1.047921216994283E-005
   6.41615832000000       1.017549424297735E-005
   6.41680825500000       9.878072290797598E-006
   6.41745819000000       9.587150059742161E-006
   6.41810812500000       9.302325550297891E-006
   6.41875806000000       9.023803897905282E-006
   6.41940799500000       8.751476469793191E-006
   6.42005793000000       8.484939820521167E-006
   6.42070786500000       8.224311291955921E-006
   6.42135780000000       7.969776966924485E-006
   6.42200773500000       7.720643407291706E-006
   6.42265767000000       7.477512311706338E-006
   6.42330760500000       7.239977969310141E-006
   6.42395754000000       7.008110960479931E-006
   6.42460747500000       6.781464484900741E-006
   6.42525741000000       6.560124001699641E-006
   6.42590734500000       6.344181992165020E-006
   6.42655728000000       6.133440677019208E-006
   6.42720721500000       5.927995679124305E-006
   6.42785715000000       5.727351559992713E-006
   6.42850708500000       5.531948590876198E-006
   6.42915702000000       5.341196215214420E-006
   6.42980695500000       5.155544916767362E-006
   6.43045689000000       4.974293939658578E-006
   6.43110682500000       4.798042991813951E-006
   6.43175676000000       4.626190297548201E-006
   6.43240669500000       4.459161165718431E-006
   6.43305663000000       4.296500532703526E-006
   6.43370656500000       4.137940386412270E-006
   6.43435650000000       3.983881745452611E-006
   6.43500643500000       3.833923658382073E-006
   6.43565637000000       3.688363103902010E-006
   6.43630630500000       3.546602287709685E-006
   6.43695624000000       3.409142880745818E-006
   6.43760617500000       3.275475807527737E-006
   6.43825611000000       3.145609934034591E-006
   6.43890604500000       3.019744307875225E-006
   6.43955598000000       2.897477267740960E-006
   6.44020591500000       2.778909484092326E-006
   6.44085585000000       2.663843036095142E-006
   6.44150578500000       2.552556351106221E-006
   6.44215572000000       2.444482297140329E-006
   6.44280565500000       2.339712178806401E-006
   6.44345559000000       2.238538883729168E-006
   6.44410552500000       2.140464240245274E-006
   6.44475546000000       2.045491211364095E-006
   6.44540539500000       1.953785904438777E-006
   6.44605533000000       1.865308510171818E-006
   6.44670526500000       1.779529380323754E-006
   6.44735520000000       1.696652750314224E-006
   6.44800513500000       1.616774120250108E-006
   6.44865507000000       1.539695142383887E-006
   6.44930500500000       1.465316480386583E-006
   6.44995494000000       1.393689399396305E-006
   6.45060487500000       1.324606098709070E-006
   6.45125481000000       1.257924860271687E-006
   6.45190474500000       1.194043349212191E-006
   6.45255468000000       1.132458173822571E-006
   6.45320461500000       1.073174536078181E-006
   6.45385455000000       1.016191273551154E-006
   6.45450448500000       9.615468726531418E-007
   6.45515442000000       9.090608695998470E-007
   6.45580435500000       8.587743258408700E-007
   6.45645429000000       8.104873223805478E-007
   6.45710422500000       7.643001913996146E-007
   6.45775416000000       7.201122567740928E-007
   6.45840409500000       6.777241982674505E-007
   6.45905403000000       6.372660098864672E-007
   6.45970396500000       5.986762923285370E-007
   6.46035390000000       5.617855584349913E-007
   6.46100383500000       5.264953241958336E-007
   6.46165377000000       4.930053610841983E-007
   6.46230370500000       4.612143952065533E-007
   6.46295364000000       4.308441056670113E-007
   6.46360357500000       4.018517401133723E-007
   6.46425351000000       3.744600871542530E-007
   6.46490344500000       3.485666966867121E-007
   6.46555338000000       3.238733617705107E-007
   6.46620331500000       3.005797537684428E-007
   6.46685325000000       2.784862165207228E-007
   6.46750318500000       2.577074973487645E-007
   6.46815312000000       2.380120900887509E-007
   6.46880305500000       2.194173907248030E-007
   6.46945299000000       2.020223949692420E-007
   6.47010292500000       1.856266045897930E-007
   6.47075286000000       1.702316520765811E-007
   6.47140279500000       1.559353742734675E-007
   6.47205273000000       1.423486800585827E-007
   6.47270266500000       1.297526096882304E-007
   6.47335260000000       1.180554689860698E-007
   6.47400253500000       1.070583559978050E-007
   6.47465247000000       9.686113141391401E-008
   6.47530240500000       8.736438222786680E-008
   6.47595234000000       7.876695319051012E-008
   6.47660227500000       7.067488340000031E-008
   6.47725221000000       6.327683813323246E-008
   6.47790214500000       5.637851146833111E-008
   6.47855208000000       5.008028033584646E-008
   6.47920201500000       4.428197953187655E-008
   6.47985195000000       3.908392684091921E-008
   6.48050188500000       3.438833138285343E-008
   6.48115182000000       2.998929897744805E-008
   6.48180175500000       2.609050387410889E-008
   6.48245169000000       2.259148694912863E-008
   6.48310162500000       1.949238178636210E-008
   6.48375156000000       1.669310700601056E-008
   6.48440149500000       1.419385480359713E-008
   6.48505143000000       1.199618347561235E-008
   6.48570136500000       1.009644637244342E-008
   6.48635130000000       8.296942535538786E-009
   6.48700123500000       6.897475512106119E-009
   6.48765117000000       5.597643471136149E-009
   6.48830110500000       4.498107919884094E-009
   6.48895104000000       3.598343895337557E-009
   6.48960097500000       2.799142767107188E-009
   6.49025091000000       2.199335426917217E-009
   6.49090084500000       1.699455895102238E-009
   6.49155078000000       1.299498382899455E-009
   6.49220071500000       9.020124047397755E-010
   6.49285065000000       6.347283808569817E-010
   6.49350058500000       4.402389659572169E-010
   6.49415052000000       2.939549848063043E-010
   6.49480045500000       1.792980070857026E-010
   6.49545039000000       1.052475953810181E-010
   6.49610032500000       5.688695288707716E-011
   6.49675026000000       2.747122381850200E-011
   6.49740019500000       1.126632163109735E-011
   6.49805013000000       3.572586177003037E-012
   6.49870006500000       7.071560910157246E-013
   6.49935000000000       4.404427950868175E-014
