  1.046530090961174E-003 -4.588397450000000E-002
  2.093060181922349E-003 -6.095908411225321E-002
  3.139590272883523E-003 -8.389568013752065E-002
  4.186120363844697E-003 -0.104617132928643     
  5.232650454805872E-003 -0.123738813006810     
  6.279180545767046E-003 -0.141595257622716     
  7.325710636728220E-003 -0.158377309300000     
  8.372240727689394E-003 -0.174245287543309     
  9.418770818650569E-003 -0.189313025284903     
  1.046530090961174E-002 -0.203669881966240     
  1.151183100057292E-002 -0.217389338483795     
  1.255836109153409E-002 -0.230531089090454     
  1.360489118249527E-002 -0.243145307147239     
  1.465142127345644E-002 -0.255274965200000     
  1.569795136441762E-002 -0.266957079680751     
  1.674448145537879E-002 -0.278223802680586     
  1.779101154633996E-002 -0.289103512088407     
  1.883754163730114E-002 -0.299621431874714     
  1.988407172826231E-002 -0.309800036128779     
  2.093060181922349E-002 -0.319659515113604     
  2.197713191018466E-002 -0.329218171600000     
  2.302366200114583E-002 -0.338492638239283     
  2.407019209210701E-002 -0.347498052094339     
  2.511672218306818E-002 -0.356248309284821     
  2.616325227402936E-002 -0.364756213943157     
  2.720978236499053E-002 -0.373033564299457     
  2.825631245595171E-002 -0.381091276401653     
  2.930284254691288E-002 -0.388939508000000     
  3.034937263787406E-002 -0.396587720840123     
  3.139590272883523E-002 -0.404044725282269     
  3.244243281979640E-002 -0.411318774359900     
  3.348896291075758E-002 -0.418417617375766     
  3.453549300171875E-002 -0.425348524989950     
  3.558202309267992E-002 -0.432118335082921     
  3.662855318364110E-002 -0.438733505000000     
  3.767508327460228E-002 -0.445200135980698     
  3.872161336556345E-002 -0.451523989183187     
  3.976814345652462E-002 -0.457710525664071     
  4.081467354748580E-002 -0.463764931571543     
  4.186120363844698E-002 -0.469692129753978     
  4.290773372940815E-002 -0.475496798088047     
  4.395426382036932E-002 -0.481183395600000     
  4.500079391133049E-002 -0.486756174032955     
  4.604732400229167E-002 -0.492219184778468     
  4.709385409325284E-002 -0.497576300481023     
  4.814038418421402E-002 -0.502831227311135     
  4.918691427517519E-002 -0.507987508666508     
  5.023344436613637E-002 -0.513048536341698     
  5.127997445709754E-002 -0.518017565300000     
  5.232650454805871E-002 -0.522897719296980     
  5.337303463901989E-002 -0.527691993303042     
  5.441956472998107E-002 -0.532403266656761     
  5.546609482094224E-002 -0.537034310278595     
  5.651262491190341E-002 -0.541587788119191     
  5.755915500286458E-002 -0.546066263424018     
  5.860568509382576E-002 -0.550472207800000     
  5.965221518478694E-002 -0.554808004359509     
  6.069874527574811E-002 -0.559075948689357     
  6.174527536670928E-002 -0.563278257166553     
  6.279180545767046E-002 -0.567417071422703     
  6.383833554863164E-002 -0.571494458841525     
  6.488486563959281E-002 -0.575512416440696     
  6.593139573055398E-002 -0.579472876900000     
  6.697792582151516E-002 -0.583377710396964     
  6.802445591247633E-002 -0.587228724655083     
  6.907098600343750E-002 -0.591027670842819     
  7.011751609439867E-002 -0.594776246404087     
  7.116404618535985E-002 -0.598476094898409     
  7.221057627632102E-002 -0.602128808999056     
  7.325710636728221E-002 -0.605735934300000     
  7.430363645824338E-002 -0.609298970352414     
  7.535016654920455E-002 -0.612819371018278     
  7.639669664016573E-002 -0.616298548093259     
  7.744322673112690E-002 -0.619737873332890     
  7.848975682208807E-002 -0.623138678477524     
  7.953628691304925E-002 -0.626502256824599     
  8.058281700401042E-002 -0.629829866100000     
  8.162934709497159E-002 -0.633122729264583     
  8.267587718593276E-002 -0.636382034625625     
  8.372240727689395E-002 -0.639608938413964     
  8.476893736785512E-002 -0.642804566325114     
  8.581546745881630E-002 -0.645970013550338     
  8.686199754977747E-002 -0.649106345562863     
  8.790852764073864E-002 -0.652214600200000     
  8.895505773169982E-002 -0.655295788237479     
  9.000158782266099E-002 -0.658350893489140     
  9.104811791362216E-002 -0.661380874890238     
  9.209464800458333E-002 -0.664386667589128     
  9.314117809554451E-002 -0.667369182749143     
  9.418770818650568E-002 -0.670329307999895     
  9.523423827746687E-002 -0.673267909000000     
  9.628076836842804E-002 -0.676185829955433     
  9.732729845938921E-002 -0.679083894027354     
  9.837382855035039E-002 -0.681962904800348     
  9.942035864131156E-002 -0.684823646656297     
  0.100466888732273      -0.687666884082066     
  0.101513418823234      -0.690493362800344     
  0.102559948914195      -0.693303811300000     
  0.103606479005156      -0.696098941263805     
  0.104653009096117      -0.698879447473445     
  0.105699539187079      -0.701646007702918     
  0.106746069278040      -0.704399283696012     
  0.107792599369001      -0.707139922114820     
  0.108839129459962      -0.709868554964266     
  0.109885659550923      -0.712585799800001     
  0.110932189641884      -0.715292259468846     
  0.111978719732846      -0.717988522314660     
  0.113025249823807      -0.720675164186798     
  0.114071779914768      -0.723352748550733     
  0.115118310005729      -0.726021825267637     
  0.116164840096690      -0.728682930820199     
  0.117211370187652      -0.731336590499999     
  0.118257900278613      -0.733983318967083     
  0.119304430369574      -0.736623618730306     
  0.120350960460535      -0.739257985120106     
  0.121397490551496      -0.741886908089435     
  0.122444020642457      -0.744510872220926     
  0.123490550733419      -0.747130355995312     
  0.124537080824380      -0.749745831699999     
  0.125583610915341      -0.752357765564237     
  0.126630141006302      -0.754966618561861     
  0.127676671097263      -0.757572844939816     
  0.128723201188224      -0.760176892281116     
  0.129769731279186      -0.762779202130352     
  0.130816261370147      -0.765380210476149     
  0.131862791461108      -0.767980346500000     
  0.132909321552069      -0.770580032119964     
  0.133955851643030      -0.773179683865179     
  0.135002381733991      -0.775779711900706     
  0.136048911824953      -0.778380519558860     
  0.137095441915914      -0.780982503156217     
  0.138141972006875      -0.783586053702150     
  0.139188502097836      -0.786191555500000     
  0.140235032188797      -0.788799385437156     
  0.141281562279759      -0.791409914794090     
  0.142328092370720      -0.794023508673328     
  0.143374622461681      -0.796640525364322     
  0.144421152552642      -0.799261315860291     
  0.145467682643603      -0.801886226448856     
  0.146514212734564      -0.804515596600001     
  0.147560742825526      -0.807149758065039     
  0.148607272916487      -0.809789037825549     
  0.149653803007448      -0.812433756397241     
  0.150700333098409      -0.815084227475680     
  0.151746863189370      -0.817740758267472     
  0.152793393280331      -0.820403650997962     
  0.153839923371293      -0.823073201099999     
  0.154886453462254      -0.825749696766700     
  0.155932983553215      -0.828433422229243     
  0.156979513644176      -0.831124654431659     
  0.158026043735137      -0.833823663713539     
  0.159072573826098      -0.836530715894537     
  0.160119103917060      -0.839246070092325     
  0.161165634008021      -0.841969979200000     
  0.162212164098982      -0.844702690518475     
  0.163258694189943      -0.847444446394412     
  0.164305224280904      -0.850195482098315     
  0.165351754371866      -0.852956027175564     
  0.166398284462827      -0.855726307519866     
  0.167444814553788      -0.858506540691453     
  0.168491344644749      -0.861296939500000     
  0.169537874735710      -0.864097713122448     
  0.170584404826671      -0.866909062171725     
  0.171630934917633      -0.869731183384394     
  0.172677465008594      -0.872564268949130     
  0.173723995099555      -0.875408503529213     
  0.174770525190516      -0.878264067825055     
  0.175817055281477      -0.881131137400001     
  0.176863585372438      -0.884009881745133     
  0.177910115463400      -0.886900465434020     
  0.178956645554361      -0.889803048204797     
  0.180003175645322      -0.892717784553069     
  0.181049705736283      -0.895644823211858     
  0.182096235827244      -0.898584309017119     
  0.183142765918205      -0.901536381299999     
  0.184189296009167      -0.904501173490846     
  0.185235826100128      -0.907478816129308     
  0.186282356191089      -0.910469433356446     
  0.187328886282050      -0.913473144165805     
  0.188375416373011      -0.916490065043835     
  0.189421946463973      -0.919520305089158     
  0.190468476554934      -0.922563969599999     
  0.191515006645895      -0.925621161126221     
  0.192561536736856      -0.928691974230231     
  0.193608066827817      -0.931776501061792     
  0.194654596918778      -0.934874830079355     
  0.195701127009740      -0.937987042172139     
  0.196747657100701      -0.941113216749587     
  0.197794187191662      -0.944253428200000     
  0.198840717282623      -0.947407744522368     
  0.199887247373584      -0.950576232622177     
  0.200933777464545      -0.953758953049383     
  0.201980307555507      -0.956955961474036     
  0.203026837646468      -0.960167312386788     
  0.204073367737429      -0.963393053057012     
  0.205119897828390      -0.966633227400001     
  0.206166427919351      -0.969887877359265     
  0.207212958010313      -0.973157037664486     
  0.208259488101274      -0.976440740937841     
  0.209306018192235      -0.979739016629641     
  0.210352548283196      -0.983051887562334     
  0.211399078374157      -0.986379375148252     
  0.212445608465118      -0.989721496600001     
  0.213492138556080      -0.993078263699958     
  0.214538668647041      -0.996449686690522     
  0.215585198738002      -0.999835770780073     
  0.216631728828963       -1.00323651719175     
  0.217678258919924       -1.00665192562791     
  0.218724789010885       -1.01008198974948     
  0.219771319101847       -1.01352670000000     
  0.220817849192808       -1.01698604490763     
  0.221864379283769       -1.02046000810803     
  0.222910909374730       -1.02394857039712     
  0.223957439465691       -1.02745170935039     
  0.225003969556652       -1.03096939797406     
  0.226050499647614       -1.03450160728499     
  0.227097029738575       -1.03804830500000     
  0.228143559829536       -1.04160945455278     
  0.229190089920497       -1.04518501602430     
  0.230236620011458       -1.04877494802005     
  0.231283150102420       -1.05237920580814     
  0.232329680193381       -1.05599773852546     
  0.233376210284342       -1.05963049536510     
  0.234422740375303       -1.06327742200000     
  0.235469270466264       -1.06693845923442     
  0.236515800557225       -1.07061354830005     
  0.237562330648187       -1.07430262509794     
  0.238608860739148       -1.07800562138519     
  0.239655390830109       -1.08172246876350     
  0.240701920921070       -1.08545309551443     
  0.241748451012031       -1.08919742600000     
  0.242794981102992       -1.09295538146455     
  0.243841511193954       -1.09672688284490     
  0.244888041284915       -1.10051184654853     
  0.245934571375876       -1.10431018571457     
  0.246981101466837       -1.10812181326370     
  0.248027631557798       -1.11194663698634     
  0.249074161648759       -1.11578456300000     
  0.250120691739721       -1.11963549676343     
  0.251167221830682       -1.12349933779644     
  0.252213751921643       -1.12737598516950     
  0.253260282012604       -1.13126533662102     
  0.254306812103565       -1.13516728510133     
  0.255353342194527       -1.13908172294800     
  0.256399872285488       -1.14300854000000     
  0.257446402376449       -1.14694762248134     
  0.258492932467410       -1.15089885509897     
  0.259539462558371       -1.15486212128801     
  0.260585992649332       -1.15883730194928     
  0.261632522740294       -1.16282427403565     
  0.262679052831255       -1.16682291451388     
  0.263725582922216       -1.17083309800000     
  0.264772113013177       -1.17485469574961     
  0.265818643104138       -1.17888757879897     
  0.266865173195099       -1.18293161504874     
  0.267911703286061       -1.18698666974699     
  0.268958233377022       -1.19105260744966     
  0.270004763467983       -1.19512929118846     
  0.271051293558944       -1.19921658100000     
  0.272097823649905       -1.20331433437494     
  0.273144353740866       -1.20742241038817     
  0.274190883831828       -1.21154066368889     
  0.275237413922789       -1.21566894596679     
  0.276283944013750       -1.21980711029154     
  0.277330474104711       -1.22395500673273     
  0.278377004195672       -1.22811248300000     
  0.279423534286634       -1.23227938574552     
  0.280470064377595       -1.23645556179586     
  0.281516594468556       -1.24064085406800     
  0.282563124559517       -1.24483510321600     
  0.283609654650478       -1.24903815132520     
  0.284656184741439       -1.25324983785648     
  0.285702714832401       -1.25747000000000     
  0.286749244923362       -1.26169847381378     
  0.287795775014323       -1.26593509570355     
  0.288842305105284       -1.27017969908889     
  0.289888835196245       -1.27443211574169     
  0.290935365287206       -1.27869217848026     
  0.291981895378168       -1.28295971577631     
  0.293028425469129       -1.28723455600000     
  0.294074955560090       -1.29151652885518     
  0.295121485651051       -1.29580545942763     
  0.296168015742012       -1.30010117302617     
  0.297214545832974       -1.30440349510514     
  0.298261075923935       -1.30871224880553     
  0.299307606014896       -1.31302725567089     
  0.300354136105857       -1.31734833700000     
  0.301400666196818       -1.32167531396540     
  0.302447196287779       -1.32600800547884     
  0.303493726378741       -1.33034622974089     
  0.304540256469702       -1.33468980487064     
  0.305586786560663       -1.33903854866124     
  0.306633316651624       -1.34339227610705     
  0.307679846742585       -1.34775080200000     
  0.308726376833546       -1.35211394190984     
  0.309772906924508       -1.35648150912030     
  0.310819437015469       -1.36085331683338     
  0.311865967106430       -1.36522917795859     
  0.312912497197391       -1.36960890387331     
  0.313959027288352       -1.37399230582793     
  0.315005557379313       -1.37837919500000     
  0.316052087470275       -1.38276938185001     
  0.317098617561236       -1.38716267464980     
  0.318145147652197       -1.39155888275145     
  0.319191677743158       -1.39595781613127     
  0.320238207834119       -1.40035928312393     
  0.321284737925080       -1.40476309026072     
  0.322331268016042       -1.40916904500000     
  0.323377798107003       -1.41357695617595     
  0.324424328197964       -1.41798662968695     
  0.325470858288925       -1.42239787156961     
  0.326517388379886       -1.42681048858307     
  0.327563918470848       -1.43122428737006     
  0.328610448561809       -1.43563907340333     
  0.329656978652770       -1.44005465200000     
  0.330703508743731       -1.44447082903613     
  0.331750038834692       -1.44888741062242     
  0.332796568925653       -1.45330420149551     
  0.333843099016615       -1.45772100634351     
  0.334889629107576       -1.46213763189836     
  0.335936159198537       -1.46655388290244     
  0.336982689289498       -1.47096956400000     
  0.338029219380459       -1.47538448088379     
  0.339075749471420       -1.47979843868250     
  0.340122279562382       -1.48421124343342     
  0.341168809653343       -1.48862270126356     
  0.342215339744304       -1.49303261682022     
  0.343261869835265       -1.49744079582093     
  0.344308399926226       -1.50184704500000     
  0.345354930017188       -1.50625117134758     
  0.346401460108149       -1.51065298069528     
  0.347447990199110       -1.51505227975386     
  0.348494520290071       -1.51944887603608     
  0.349541050381032       -1.52384257695135     
  0.350587580471993       -1.52823319090681     
  0.351634110562955       -1.53262052600000     
  0.352680640653916       -1.53700438992903     
  0.353727170744877       -1.54138459271257     
  0.354773700835838       -1.54576094394777     
  0.355820230926799       -1.55013325295184     
  0.356866761017760       -1.55450133027741     
  0.357913291108722       -1.55886498735282     
  0.358959821199683       -1.56322403600000     
  0.360006351290644       -1.56757828819503     
  0.361052881381605       -1.57192755625627     
  0.362099411472566       -1.57627165405736     
  0.363145941563527       -1.58061039585044     
  0.364192471654489       -1.58494359469863     
  0.365239001745450       -1.58927106718225     
  0.366285531836411       -1.59359263000000     
  0.367332061927372       -1.59790809861568     
  0.368378592018333       -1.60221729150961     
  0.369425122109295       -1.60652002661333     
  0.370471652200256       -1.61081612229959     
  0.371518182291217       -1.61510539996563     
  0.372564712382178       -1.61938767944419     
  0.373611242473139       -1.62366278200000     
  0.374657772564100       -1.62793053162826     
  0.375704302655062       -1.63219075127614     
  0.376750832746023       -1.63644326480998     
  0.377797362836984       -1.64068789747182     
  0.378843892927945       -1.64492447531204     
  0.379890423018906       -1.64915282364343     
  0.380936953109867       -1.65337277300000     
  0.381983483200829       -1.65758416117522     
  0.383030013291790       -1.66178682625409     
  0.384076543382751       -1.66598060968633     
  0.385123073473712       -1.67016536088361     
  0.386169603564673       -1.67434094074349     
  0.387216133655635       -1.67850720877581     
  0.388262663746596       -1.68266402900000     
  0.389309193837557       -1.68681127463660     
  0.390355723928518       -1.69094882540464     
  0.391402254019479       -1.69507656113975     
  0.392448784110440       -1.69919436532130     
  0.393495314201402       -1.70330213226373     
  0.394541844292363       -1.70739975982253     
  0.395588374383324       -1.71148714700000     
  0.396634904474285       -1.71556419582820     
  0.397681434565246       -1.71963081935895     
  0.398727964656207       -1.72368693279015     
  0.399774494747169       -1.72773245240884     
  0.400821024838130       -1.73176729899231     
  0.401867554929091       -1.73579140118525     
  0.402914085020052       -1.73980469000000     
  0.403960615111013       -1.74380709698619     
  0.405007145201974       -1.74779856088241     
  0.406053675292936       -1.75177902534778     
  0.407100205383897       -1.75574843612247     
  0.408146735474858       -1.75970673927130     
  0.409193265565819       -1.76365388847625     
  0.410239795656780       -1.76758984200000     
  0.411286325747741       -1.77151455938310     
  0.412332855838703       -1.77542799990239     
  0.413379385929664       -1.77933012975385     
  0.414425916020625       -1.78322092084862     
  0.415472446111586       -1.78710034564972     
  0.416518976202547       -1.79096837611678     
  0.417565506293509       -1.79482499000000     
  0.418612036384470       -1.79867017209882     
  0.419658566475431       -1.80250390440237     
  0.420705096566392       -1.80632617165113     
  0.421751626657353       -1.81013696330416     
  0.422798156748314       -1.81393627307785     
  0.423844686839276       -1.81772409462301     
  0.424891216930237       -1.82150042300000     
  0.425937747021198       -1.82526525692809     
  0.426984277112159       -1.82901860078670     
  0.428030807203120       -1.83276045736593     
  0.429077337294081       -1.83649082982528     
  0.430123867385043       -1.84020972749586     
  0.431170397476004       -1.84391716200322     
  0.432216927566965       -1.84761314500000     
  0.433263457657926       -1.85129768867423     
  0.434309987748887       -1.85497081060476     
  0.435356517839849       -1.85863252938426     
  0.436403047930810       -1.86228286361218     
  0.437449578021771       -1.86592183315687     
  0.438496108112732       -1.86954946274918     
  0.439542638203693       -1.87316577800000     
  0.440589168294654       -1.87677080365298     
  0.441635698385616       -1.88036456752858     
  0.442682228476577       -1.88394709922152     
  0.443728758567538       -1.88751842939231     
  0.444775288658499       -1.89107858961914     
  0.445821818749460       -1.89462761324826     
  0.446868348840421       -1.89816553500000     
  0.447914878931383       -1.90169239078708     
  0.448961409022344       -1.90520821800001     
  0.450007939113305       -1.90871305350826     
  0.451054469204266       -1.91220693536771     
  0.452100999295227       -1.91568990554905     
  0.453147529386188       -1.91916200469557     
  0.454194059477150       -1.92262327400000     
  0.455240589568111       -1.92607375654676     
  0.456287119659072       -1.92951349583657     
  0.457333649750033       -1.93294253637897     
  0.458380179840994       -1.93636092317421     
  0.459426709931956       -1.93976870102880     
  0.460473240022917       -1.94316591708940     
  0.461519770113878       -1.94655261900000     
  0.462566300204839       -1.94992885358596     
  0.463612830295800       -1.95329466757653     
  0.464659360386761       -1.95665011030625     
  0.465705890477723       -1.95999523198629     
  0.466752420568684       -1.96333008050791     
  0.467798950659645       -1.96665470527789     
  0.468845480750606       -1.96996915700000     
  0.469892010841567       -1.97327348647641     
  0.470938540932528       -1.97656774267944     
  0.471985071023490       -1.97985197650148     
  0.473031601114451       -1.98312623955229     
  0.474078131205412       -1.98639058136126     
  0.475124661296373       -1.98964505437433     
  0.476171191387334       -1.99288971000000     
  0.477217721478295       -1.99612459736806     
  0.478264251569257       -1.99934976922025     
  0.479310781660218       -2.00256527671349     
  0.480357311751179       -2.00577116965769     
  0.481403841842140       -2.00896749925606     
  0.482450371933101       -2.01215431690471     
  0.483496902024063       -2.01533167300000     
  0.484543432115024       -2.01849961715064     
  0.485589962205985       -2.02165820084755     
  0.486636492296946       -2.02480747416730     
  0.487683022387907       -2.02794748578409     
  0.488729552478868       -2.03107828473395     
  0.489776082569830       -2.03419992148528     
  0.490822612660791       -2.03731244500000     
  0.491869142751752       -2.04041590197320     
  0.492915672842713       -2.04351034102161     
  0.493962202933674       -2.04659581068792     
  0.495008733024635       -2.04967235817446     
  0.496055263115597       -2.05274002894134     
  0.497101793206558       -2.05579886976200     
  0.498148323297519       -2.05884892700000     
  0.499194853388480       -2.06189024548887     
  0.500241383479441       -2.06492286969785     
  0.501287913570402       -2.06794684399276     
  0.502334443661364       -2.07096221228028     
  0.503380973752325       -2.07396901747017     
  0.504427503843286       -2.07696730208655     
  0.505474033934247       -2.07995710800000     
  0.506520564025208       -2.08293847621942     
  0.507567094116170       -2.08591144711750     
  0.508613624207131       -2.08887606123582     
  0.509660154298092       -2.09183235832286     
  0.510706684389053       -2.09478037589338     
  0.511753214480014       -2.09772015180534     
  0.512799744570975       -2.10065172400000     
  0.513846274661937       -2.10357512958184     
  0.514892804752898       -2.10649040342753     
  0.515939334843859       -2.10939758030234     
  0.516985864934820       -2.11229669532497     
  0.518032395025781       -2.11518778318720     
  0.519078925116742       -2.11807087526712     
  0.520125455207704       -2.12094600300000     
  0.521171985298665       -2.12381319931229     
  0.522218515389626       -2.12667249507428     
  0.523265045480587       -2.12952391956252     
  0.524311575571548       -2.13236750127630     
  0.525358105662510       -2.13520326871851     
  0.526404635753471       -2.13803124988493     
  0.527451165844432       -2.14085147200000     
  0.528497695935393       -2.14366396113115     
  0.529544226026354       -2.14646874154615     
  0.530590756117315       -2.14926583767674     
  0.531637286208277       -2.15205527389783     
  0.532683816299238       -2.15483707321007     
  0.533730346390199       -2.15761125695481     
  0.534776876481160       -2.16037784600000     
  0.535823406572121       -2.16313686154596     
  0.536869936663082       -2.16588832486950     
  0.537916466754044       -2.16863225374680     
  0.538962996845005       -2.17136866440656     
  0.540009526935966       -2.17409757555775     
  0.541056057026927       -2.17681900515014     
  0.542102587117888       -2.17953296900000     
  0.543149117208850       -2.18223948080062     
  0.544195647299811       -2.18493855423258     
  0.545242177390772       -2.18763020368525     
  0.546288707481733       -2.19031444321076     
  0.547335237572694       -2.19299128475534     
  0.548381767663655       -2.19566073868759     
  0.549428297754617       -2.19832281500000     
  0.550474827845578       -2.20097752396464     
  0.551521357936539       -2.20362487578137     
  0.552567888027500       -2.20626487916436     
  0.553614418118461       -2.20889754108964     
  0.554660948209422       -2.21152286738368     
  0.555707478300384       -2.21414086519140     
  0.556754008391345       -2.21675154100000     
  0.557800538482306       -2.21935489948777     
  0.558847068573267       -2.22195094489215     
  0.559893598664228       -2.22453968044364     
  0.560940128755189       -2.22712110888236     
  0.561986658846151       -2.22969523332003     
  0.563033188937112       -2.23226205590795     
  0.564079719028073       -2.23482157700000     
  0.565126249119034       -2.23737379580611     
  0.566172779209995       -2.23991871369410     
  0.567219309300956       -2.24245633001422     
  0.568265839391918       -2.24498664287016     
  0.569312369482879       -2.24750965153026     
  0.570358899573840       -2.25002535168168     
  0.571405429664801       -2.25253374000000     
  0.572451959755762       -2.25503481552356     
  0.573498489846723       -2.25752857289318     
  0.574545019937685       -2.26001500663226     
  0.575591550028646       -2.26249411185032     
  0.576638080119607       -2.26496588308819     
  0.577684610210568       -2.26743031424861     
  0.578731140301529       -2.26988739900000     
  0.579777670392491       -2.27233713042471     
  0.580824200483452       -2.27477949929267     
  0.581870730574413       -2.27721449775284     
  0.582917260665374       -2.27964211881366     
  0.583963790756335       -2.28206235376925     
  0.585010320847296       -2.28447519192065     
  0.586056850938258       -2.28688062300000     
  0.587103381029219       -2.28927863792513     
  0.588149911120180       -2.29166922602680     
  0.589196441211141       -2.29405237661667     
  0.590242971302102       -2.29642807856694     
  0.591289501393063       -2.29879631916880     
  0.592336031484025       -2.30115708625703     
  0.593382561574986       -2.30351036800000     
  0.594429091665947       -2.30585615236742     
  0.595475621756908       -2.30819442651716     
  0.596522151847869       -2.31052517628399     
  0.597568681938831       -2.31284838747983     
  0.598615212029792       -2.31516404751253     
  0.599661742120753       -2.31747214189402     
  0.600708272211714       -2.31977265600000     
  0.601754802302675       -2.32206557588213     
  0.602801332393636       -2.32435088607091     
  0.603847862484598       -2.32662857136012     
  0.604894392575559       -2.32889861696132     
  0.605940922666520       -2.33116100770310     
  0.606987452757481       -2.33341572713423     
  0.608033982848442       -2.33566275900000     
  0.609080512939403       -2.33790208750660     
  0.610127043030365       -2.34013369503867     
  0.611173573121326       -2.34235756695625     
  0.612220103212287       -2.34457369041609     
  0.613266633303248       -2.34678205097488     
  0.614313163394209       -2.34898263646068     
  0.615359693485171       -2.35117543400000     
  0.616406223576132       -2.35336042952162     
  0.617452753667093       -2.35553761363896     
  0.618499283758054       -2.35770697781748     
  0.619545813849015       -2.35986851317919     
  0.620592343939976       -2.36202221083303     
  0.621638874030938       -2.36416806285819     
  0.622685404121899       -2.36630606200000     
  0.623731934212860       -2.36843620176971     
  0.624778464303821       -2.37055847754940     
  0.625824994394782       -2.37267288469993     
  0.626871524485743       -2.37477941843905     
  0.627918054576705       -2.37687807448181     
  0.628964584667666       -2.37896884850708     
  0.630011114758627       -2.38105173800000     
  0.631057644849588       -2.38312674245845     
  0.632104174940549       -2.38519385989311     
  0.633150705031510       -2.38725308857923     
  0.634197235122472       -2.38930442721332     
  0.635243765213433       -2.39134787465776     
  0.636290295304394       -2.39338343263726     
  0.637336825395355       -2.39541110300000     
  0.638383355486316       -2.39743088610052     
  0.639429885577278       -2.39944278242916     
  0.640476415668239       -2.40144679350445     
  0.641522945759200       -2.40344292193675     
  0.642569475850161       -2.40543117110270     
  0.643616005941122       -2.40741154446460     
  0.644662536032083       -2.40938404500000     
  0.645709066123045       -2.41134867547200     
  0.646755596214006       -2.41330544025559     
  0.647802126304967       -2.41525434413159     
  0.648848656395928       -2.41719539180732     
  0.649895186486889       -2.41912858792168     
  0.650941716577850       -2.42105393771478     
  0.651988246668812       -2.42297144700000     
  0.653034776759773       -2.42488112170218     
  0.654081306850734       -2.42678296679846     
  0.655127836941695       -2.42867698900296     
  0.656174367032656       -2.43056319590877     
  0.657220897123617       -2.43244159376641     
  0.658267427214579       -2.43431218950566     
  0.659313957305540       -2.43617499000000     
  0.660360487396501       -2.43803000202958     
  0.661407017487462       -2.43987723425316     
  0.662453547578423       -2.44171669468836     
  0.663500077669384       -2.44354839078794     
  0.664546607760346       -2.44537233067056     
  0.665593137851307       -2.44718852248225     
  0.666639667942268       -2.44899697500000     
  0.667686198033229       -2.45079769754535     
  0.668732728124190       -2.45259069826601     
  0.669779258215152       -2.45437598594998     
  0.670825788306113       -2.45615356988772     
  0.671872318397074       -2.45792345898931     
  0.672918848488035       -2.45968566309779     
  0.673965378578996       -2.46144019200000     
  0.675011908669957       -2.46318705500958     
  0.676058438760919       -2.46492626211713     
  0.677104968851880       -2.46665782288343     
  0.678151498942841       -2.46838174675482     
  0.679198029033802       -2.47009804401048     
  0.680244559124763       -2.47180672526519     
  0.681291089215724       -2.47350780100000     
  0.682337619306686       -2.47520128134413     
  0.683384149397647       -2.47688717628974     
  0.684430679488608       -2.47856549665643     
  0.685477209579569       -2.48023625341289     
  0.686523739670530       -2.48189945649772     
  0.687570269761491       -2.48355511658823     
  0.688616799852453       -2.48520324500000     
  0.689663329943414       -2.48684385310574     
  0.690709860034375       -2.48847695131997     
  0.691756390125336       -2.49010255043540     
  0.692802920216297       -2.49172066145200     
  0.693849450307259       -2.49333129499352     
  0.694895980398220       -2.49493446332890     
  0.695942510489181       -2.49653017800000     
  0.696989040580142       -2.49811844909634     
  0.698035570671103       -2.49969928856970     
  0.699082100762064       -2.50127270769685     
  0.700128630853026       -2.50283871722790     
  0.701175160943987       -2.50439732885483     
  0.702221691034948       -2.50594855499781     
  0.703268221125909       -2.50749240700000     
  0.704314751216870       -2.50902889499950     
  0.705361281307831       -2.51055803123039     
  0.706407811398793       -2.51207982763890     
  0.707454341489754       -2.51359429572886     
  0.708500871580715       -2.51510144734508     
  0.709547401671676       -2.51660129349495     
  0.710593931762637       -2.51809384600000     
  0.711640461853599       -2.51957911763948     
  0.712686991944560       -2.52105711886383     
  0.713733522035521       -2.52252786146751     
  0.714780052126482       -2.52399135816250     
  0.715826582217443       -2.52544762038364     
  0.716873112308404       -2.52689665976777     
  0.717919642399366       -2.52833848800000     
  0.718966172490327       -2.52977311670215     
  0.720012702581288       -2.53120055789055     
  0.721059232672249       -2.53262082372190     
  0.722105762763210       -2.53403392612774     
  0.723152292854171       -2.53543987658475     
  0.724198822945133       -2.53683868732991     
  0.725245353036094       -2.53823037000000     
  0.726291883127055       -2.53961493558133     
  0.727338413218016       -2.54099239735097     
  0.728384943308977       -2.54236276706886     
  0.729431473399939       -2.54372605581424     
  0.730478003490900       -2.54508227652322     
  0.731524533581861       -2.54643144040630     
  0.732571063672822       -2.54777355900000     
  0.733617593763783       -2.54910864508755     
  0.734664123854744       -2.55043671014293     
  0.735710653945706       -2.55175776604536     
  0.736757184036667       -2.55307182488578     
  0.737803714127628       -2.55437889806766     
  0.738850244218589       -2.55567899800744     
  0.739896774309550       -2.55697213700000     
  0.740943304400511       -2.55825832650708     
  0.741989834491473       -2.55953757795660     
  0.743036364582434       -2.56080990372624     
  0.744082894673395       -2.56207531616655     
  0.745129424764356       -2.56333382614718     
  0.746175954855317       -2.56458544589636     
  0.747222484946278       -2.56583018800000     
  0.748269015037240       -2.56706806437107     
  0.749315545128201       -2.56829908610845     
  0.750362075219162       -2.56952326491931     
  0.751408605310123       -2.57074061301445     
  0.752455135401084       -2.57195114236204     
  0.753501665492045       -2.57315486505410     
  0.754548195583007       -2.57435179300000     
  0.755594725673968       -2.57554193778020     
  0.756641255764929       -2.57672531099426     
  0.757687785855890       -2.57790192450475     
  0.758734315946851       -2.57907179044094     
  0.759780846037813       -2.58023492096734     
  0.760827376128774       -2.58139132736434     
  0.761873906219735       -2.58254102100000     
  0.762920436310696       -2.58368401405783     
  0.763966966401657       -2.58482031933026     
  0.765013496492618       -2.58594994812593     
  0.766060026583580       -2.58707291119594     
  0.767106556674541       -2.58818922081506     
  0.768153086765502       -2.58929888914312     
  0.769199616856463       -2.59040192800000     
  0.770246146947424       -2.59149834898652     
  0.771292677038385       -2.59258816380712     
  0.772339207129347       -2.59367138402500     
  0.773385737220308       -2.59474802138095     
  0.774432267311269       -2.59581808814698     
  0.775478797402230       -2.59688159550514     
  0.776525327493191       -2.59793855500000     
  0.777571857584152       -2.59898897894261     
  0.778618387675114       -2.60003287821623     
  0.779664917766075       -2.60107026500127     
  0.780711447857036       -2.60210115175025     
  0.781757977947997       -2.60312554886615     
  0.782804508038958       -2.60414346821054     
  0.783851038129920       -2.60515492200000     
  0.784897568220881       -2.60615992175616     
  0.785944098311842       -2.60715847854301     
  0.786990628402803       -2.60815060426311     
  0.788037158493764       -2.60913631098123     
  0.789083688584725       -2.61011560966342     
  0.790130218675687       -2.61108851236145     
  0.791176748766648       -2.61205503100000     
  0.792223278857609       -2.61301517665585     
  0.793269808948570       -2.61396896059014     
  0.794316339039531       -2.61491639427315     
  0.795362869130492       -2.61585748949496     
  0.796409399221454       -2.61679225842117     
  0.797455929312415       -2.61772071264338     
  0.798502459403376       -2.61864286300000     
  0.799548989494337       -2.61955872027475     
  0.800595519585298       -2.62046829732810     
  0.801642049676260       -2.62137160564862     
  0.802688579767221       -2.62226865587408     
  0.803735109858182       -2.62315945993905     
  0.804781639949143       -2.62404402928335     
  0.805828170040104       -2.62492237500000     
  0.806874700131065       -2.62579450837413     
  0.807921230222027       -2.62666044161368     
  0.808967760312988       -2.62752018642122     
  0.810014290403949       -2.62837375384492     
  0.811060820494910       -2.62922115477049     
  0.812107350585871       -2.63006240026590     
  0.813153880676832       -2.63089750200000     
  0.814200410767794       -2.63172647216118     
  0.815246940858755       -2.63254932231207     
  0.816293470949716       -2.63336606277867     
  0.817340001040677       -2.63417670435756     
  0.818386531131638       -2.63498126027315     
  0.819433061222600       -2.63577974065902     
  0.820479591313561       -2.63657215600000     
  0.821526121404522       -2.63735851893253     
  0.822572651495483       -2.63813884081787     
  0.823619181586444       -2.63891313240004     
  0.824665711677405       -2.63968140475954     
  0.825712241768367       -2.64044366993847     
  0.826758771859328       -2.64119993842369     
  0.827805301950289       -2.64195022100000     
  0.828851832041250       -2.64269452966964     
  0.829898362132211       -2.64343287578441     
  0.830944892223172       -2.64416527029021     
  0.831991422314134       -2.64489172412227     
  0.833037952405095       -2.64561224859941     
  0.834084482496056       -2.64632685526541     
  0.835131012587017       -2.64703555500000     
  0.836177542677978       -2.64773835813485     
  0.837224072768939       -2.64843527657977     
  0.838270602859901       -2.64912632165097     
  0.839317132950862       -2.64981150406174     
  0.840363663041823       -2.65049083485556     
  0.841410193132784       -2.65116432470839     
  0.842456723223745       -2.65183198500000     
  0.843503253314706       -2.65249382767702     
  0.844549783405668       -2.65314986246959     
  0.845596313496629       -2.65380010045242     
  0.846642843587590       -2.65444455360398     
  0.847689373678551       -2.65508323264434     
  0.848735903769512       -2.65571614842536     
  0.849782433860474       -2.65634331200000     
  0.850828963951435       -2.65696473432061     
  0.851875494042396       -2.65758042569242     
  0.852922024133357       -2.65819039732131     
  0.853968554224318       -2.65879466051404     
  0.855015084315279       -2.65939322511525     
  0.856061614406241       -2.65998610189268     
  0.857108144497202       -2.66057330200000     
  0.858154674588163       -2.66115483632961     
  0.859201204679124       -2.66173071554988     
  0.860247734770085       -2.66230095282120     
  0.861294264861046       -2.66286556234751     
  0.862340794952008       -2.66342455662506     
  0.863387325042969       -2.66397795051616     
  0.864433855133930       -2.66452575800000     
  0.865480385224891       -2.66506799117102     
  0.866526915315852       -2.66560466512975     
  0.867573445406813       -2.66613579365858     
  0.868619975497775       -2.66666139014010     
  0.869666505588736       -2.66718147085255     
  0.870713035679697       -2.66769605336455     
  0.871759565770658       -2.66820515500000     
  0.872806095861619       -2.66870879231474     
  0.873852625952581       -2.66920698221770     
  0.874899156043542       -2.66969974260573     
  0.875945686134503       -2.67018709126150     
  0.876992216225464       -2.67066904445335     
  0.878038746316425       -2.67114562022601     
  0.879085276407386       -2.67161683700000     
  0.880131806498348       -2.67208271319235     
  0.881178336589309       -2.67254326977373     
  0.882224866680270       -2.67299852609047     
  0.883271396771231       -2.67344850093075     
  0.884317926862192       -2.67389321540647     
  0.885364456953153       -2.67433268832500     
  0.886410987044115       -2.67476693900000     
  0.887457517135076       -2.67519598838325     
  0.888504047226037       -2.67561985539644     
  0.889550577316998       -2.67603856148156     
  0.890597107407959       -2.67645212926856     
  0.891643637498921       -2.67686057896309     
  0.892690167589882       -2.67726393208795     
  0.893736697680843       -2.67766221100000     
  0.894783227771804       -2.67805543759038     
  0.895829757862765       -2.67844363163726     
  0.896876287953726       -2.67882681493890     
  0.897922818044688       -2.67920501052239     
  0.898969348135649       -2.67957823989308     
  0.900015878226610       -2.67994652540337     
  0.901062408317571       -2.68030989000000     
  0.902108938408532       -2.68066835667737     
  0.903155468499493       -2.68102194803813     
  0.904201998590455       -2.68137068655370     
  0.905248528681416       -2.68171459490801     
  0.906295058772377       -2.68205369621928     
  0.907341588863338       -2.68238801298964     
  0.908388118954299       -2.68271756800000     
  0.909434649045261       -2.68304238476112     
  0.910481179136222       -2.68336248665780     
  0.911527709227183       -2.68367789678525     
  0.912574239318144       -2.68398863864210     
  0.913620769409105       -2.68429473674682     
  0.914667299500066       -2.68459621355665     
  0.915713829591028       -2.68489309200000     
  0.916760359681989       -2.68518539659983     
  0.917806889772950       -2.68547315065483     
  0.918853419863911       -2.68575637722799     
  0.919899949954872       -2.68603509982261     
  0.920946480045833       -2.68630934267058     
  0.921993010136795       -2.68657912953010     
  0.923039540227756       -2.68684448400000     
  0.924086070318717       -2.68710542980079     
  0.925132600409678       -2.68736199061883     
  0.926179130500639       -2.68761419013653     
  0.927225660591600       -2.68786205204560     
  0.928272190682562       -2.68810560004083     
  0.929318720773523       -2.68834485777749     
  0.930365250864484       -2.68857984900000     
  0.931411780955445       -2.68881059743063     
  0.932458311046406       -2.68903712620126     
  0.933504841137367       -2.68925945907033     
  0.934551371228329       -2.68947762025855     
  0.935597901319290       -2.68969163354084     
  0.936644431410251       -2.68990152167465     
  0.937690961501212       -2.69010730800000     
  0.938737491592173       -2.69030901689418     
  0.939784021683135       -2.69050667163742     
  0.940830551774096       -2.69070029538981     
  0.941877081865057       -2.69088991158186     
  0.942923611956018       -2.69107554375515     
  0.943970142046979       -2.69125721413997     
  0.945016672137940       -2.69143494600000     
  0.946063202228902       -2.69160876391025     
  0.947109732319863       -2.69177868941841     
  0.948156262410824       -2.69194474603989     
  0.949202792501785       -2.69210695806428     
  0.950249322592746       -2.69226534703312     
  0.951295852683707       -2.69241993627368     
  0.952342382774669       -2.69257074900000     
  0.953388912865630       -2.69271780709114     
  0.954435442956591       -2.69286113276597     
  0.955481973047552       -2.69300074840051     
  0.956528503138513       -2.69313667674232     
  0.957575033229474       -2.69326894106212     
  0.958621563320436       -2.69339756309426     
  0.959668093411397       -2.69352256500000     
  0.960714623502358       -2.69364397010860     
  0.961761153593319       -2.69376180040275     
  0.962807683684280       -2.69387607703132     
  0.963854213775241       -2.69398682114757     
  0.964900743866203       -2.69409405472856     
  0.965947273957164       -2.69419779982688     
  0.966993804048125       -2.69429807800000     
  0.968040334139086       -2.69439491023249     
  0.969086864230047       -2.69448831776218     
  0.970133394321009       -2.69457832296398     
  0.971179924411970       -2.69466494790997     
  0.972226454502931       -2.69474821242235     
  0.973272984593892       -2.69482813795832     
  0.974319514684853       -2.69490474600000     
  0.975366044775814       -2.69497805668073     
  0.976412574866776       -2.69504808928626     
  0.977459104957737       -2.69511486450201     
  0.978505635048698       -2.69517840370246     
  0.979552165139659       -2.69523872709106     
  0.980598695230620       -2.69529585503897     
  0.981645225321581       -2.69534980800000     
  0.982691755412543       -2.69540060636055     
  0.983738285503504       -2.69544827049609     
  0.984784815594465       -2.69549281944073     
  0.985831345685426       -2.69553427215554     
  0.986877875776387       -2.69557264935370     
  0.987924405867349       -2.69560796908865     
  0.988970935958310       -2.69564025000000     
  0.990017466049271       -2.69566951274065     
  0.991063996140232       -2.69569577618563     
  0.992110526231193       -2.69571905903007     
  0.993157056322154       -2.69573938038969     
  0.994203586413116       -2.69575675970927     
  0.995250116504077       -2.69577121587270     
  0.996296646595038       -2.69578276700000     
  0.997343176685999       -2.69579143079276     
  0.998389706776960       -2.69579722573409     
  0.999436236867921       -2.69580016945609     
   1.00048276695888       -2.69580027940773     
   1.00152929704984       -2.69579757422269     
   1.00257582714080       -2.69579207100178     
   1.00362235723177       -2.69578378700000     
   1.00466888732273       -2.69577274073503     
   1.00571541741369       -2.69575895086799     
   1.00676194750465       -2.69574243429670     
   1.00780847759561       -2.69572320715963     
   1.00885500768657       -2.69570128687016     
   1.00990153777753       -2.69567669022386     
   1.01094806786849       -2.69564943300000     
   1.01199459795946       -2.69561953066083     
   1.01304112805042       -2.69558700068751     
   1.01408765814138       -2.69555185965114     
   1.01513418823234       -2.69551412328071     
   1.01618071832330       -2.69547380797773     
   1.01722724841426       -2.69543093080297     
   1.01827377850522       -2.69538550800000     
   1.01932030859618       -2.69533755453224     
   1.02036683868714       -2.69528708577507     
   1.02141336877811       -2.69523411694859     
   1.02245989886907       -2.69517866281153     
   1.02350642896003       -2.69512073772821     
   1.02455295905099       -2.69506035708241     
   1.02559948914195       -2.69499753600000     
   1.02664601923291       -2.69493228881996     
   1.02769254932387       -2.69486463056542     
   1.02873907941483       -2.69479457611860     
   1.02978560950580       -2.69472214048059     
   1.03083213959676       -2.69464733908529     
   1.03187866968772       -2.69457018455287     
   1.03292519977868       -2.69449069000000     
   1.03397172986964       -2.69440887021607     
   1.03501825996060       -2.69432473748709     
   1.03606479005156       -2.69423830533021     
   1.03711132014252       -2.69414958772992     
   1.03815785023348       -2.69405859679748     
   1.03920438032445       -2.69396534699781     
   1.04025091041541       -2.69386985200000     
   1.04129744050637       -2.69377212356065     
   1.04234397059733       -2.69367217593290     
   1.04339050068829       -2.69357002239633     
   1.04443703077925       -2.69346567479616     
   1.04548356087021       -2.69335914468239     
   1.04653009096117       -2.69325044408551     
   1.04757662105214       -2.69313958500000     
   1.04862315114310       -2.69302657900105     
   1.04966968123406       -2.69291143746523     
   1.05071621132502       -2.69279417287633     
   1.05176274141598       -2.69267479749877     
   1.05280927150694       -2.69255332153652     
   1.05385580159790       -2.69242975794385     
   1.05490233168886       -2.69230411900000     
   1.05594886177982       -2.69217641461684     
   1.05699539187079       -2.69204665582915     
   1.05804192196175       -2.69191485358345     
   1.05908845205271       -2.69178101820148     
   1.06013498214367       -2.69164515938121     
   1.06118151223463       -2.69150728716099     
   1.06222804232559       -2.69136741200000     
   1.06327457241655       -2.69122554453928     
   1.06432110250751       -2.69108169497103     
   1.06536763259848       -2.69093587341888     
   1.06641416268944       -2.69078809014150     
   1.06746069278040       -2.69063835549029     
   1.06850722287136       -2.69048667893292     
   1.06955375296232       -2.69033307000000     
   1.07060028305328       -2.69017753831726     
   1.07164681314424       -2.69002009155414     
   1.07269334323520       -2.68986073829023     
   1.07373987332616       -2.68969948793986     
   1.07478640341713       -2.68953634925567     
   1.07583293350809       -2.68937133028895     
   1.07687946359905       -2.68920444000000     
   1.07792599369001       -2.68903568824236     
   1.07897252378097       -2.68886508246922     
   1.08001905387193       -2.68869263178902     
   1.08106558396289       -2.68851834581821     
   1.08211211405385       -2.68834223141817     
   1.08315864414482       -2.68816429553172     
   1.08420517423578       -2.68798454600000     
   1.08525170432674       -2.68780299105989     
   1.08629823441770       -2.68761963703518     
   1.08734476450866       -2.68743449071309     
   1.08839129459962       -2.68724755968830     
   1.08943782469058       -2.68705885166734     
   1.09048435478154       -2.68686837408446     
   1.09153088487250       -2.68667613400000     
   1.09257741496347       -2.68648213826040     
   1.09362394505443       -2.68628639412711     
   1.09467047514539       -2.68608890907597     
   1.09571700523635       -2.68588968963397     
   1.09676353532731       -2.68568874032009     
   1.09781006541827       -2.68548606753513     
   1.09885659550923       -2.68528167800000     
   1.09990312560019       -2.68507557733417     
   1.10094965569116       -2.68486777026437     
   1.10199618578212       -2.68465826282828     
   1.10304271587308       -2.68444706187698     
   1.10408924596404       -2.68423417328744     
   1.10513577605500       -2.68401960167181     
   1.10618230614596       -2.68380335300000     
   1.10722883623692       -2.68358543479349     
   1.10827536632788       -2.68336585117479     
   1.10932189641884       -2.68314460639158     
   1.11036842650981       -2.68292170547627     
   1.11141495660077       -2.68269715330700     
   1.11246148669173       -2.68247095367404     
   1.11350801678269       -2.68224311100000     
   1.11455454687365       -2.68201363074346     
   1.11560107696461       -2.68178251677365     
   1.11664760705557       -2.68154977310410     
   1.11769413714653       -2.68131540433379     
   1.11874066723750       -2.68107941531469     
   1.11978719732846       -2.68084181038335     
   1.12083372741942       -2.68060259400000     
   1.12188025751038       -2.68036177065705     
   1.12292678760134       -2.68011934309531     
   1.12397331769230       -2.67987531431684     
   1.12501984778326       -2.67962968776184     
   1.12606637787422       -2.67938246665203     
   1.12711290796518       -2.67913365435777     
   1.12815943805615       -2.67888325400000     
   1.12920596814711       -2.67863126838839     
   1.13025249823807       -2.67837770080142     
   1.13129902832903       -2.67812255464670     
   1.13234555841999       -2.67786583311318     
   1.13339208851095       -2.67760753897401     
   1.13443861860191       -2.67734767553126     
   1.13548514869287       -2.67708624600000     
   1.13653167878384       -2.67682325281833     
   1.13757820887480       -2.67655869720740     
   1.13862473896576       -2.67629258104957     
   1.13967126905672       -2.67602490669741     
   1.14071779914768       -2.67575567589445     
   1.14176432923864       -2.67548489029480     
   1.14281085932960       -2.67521255200000     
   1.14385738942056       -2.67493866333991     
   1.14490391951152       -2.67466322535081     
   1.14595044960249       -2.67438624043854     
   1.14699697969345       -2.67410771116823     
   1.14804350978441       -2.67382763791175     
   1.14909003987537       -2.67354602358752     
   1.15013656996633       -2.67326287000000     
   1.15118310005729       -2.67297817674381     
   1.15222963014825       -2.67269194680954     
   1.15327616023921       -2.67240418083836     
   1.15432269033018       -2.67211487854490     
   1.15536922042114       -2.67182404288610     
   1.15641575051210       -2.67153167496588     
   1.15746228060306       -2.67123777500000     
   1.15850881069402       -2.67094234376902     
   1.15955534078498       -2.67064538340802     
   1.16060187087594       -2.67034689511988     
   1.16164840096690       -2.67004687936309     
   1.16269493105786       -2.66974533721597     
   1.16374146114883       -2.66944227047118     
   1.16478799123979       -2.66913768000000     
   1.16583452133075       -2.66883156541732     
   1.16688105142171       -2.66852392752959     
   1.16792758151267       -2.66821476715373     
   1.16897411160363       -2.66790408497247     
   1.17002064169459       -2.66759188182750     
   1.17106717178555       -2.66727815798405     
   1.17211370187652       -2.66696291400000     
   1.17316023196748       -2.66664615078473     
   1.17420676205844       -2.66632786786297     
   1.17525329214940       -2.66600806632277     
   1.17629982224036       -2.66568674778393     
   1.17734635233132       -2.66536391184883     
   1.17839288242228       -2.66503955872865     
   1.17943941251324       -2.66471368900000     
   1.18048594260420       -2.66438630301466     
   1.18153247269517       -2.66405740041941     
   1.18257900278613       -2.66372698064207     
   1.18362553287709       -2.66339504346801     
   1.18467206296805       -2.66306158946447     
   1.18571859305901       -2.66272661863057     
   1.18676512314997       -2.66239013100000     
   1.18781165324093       -2.66205212668190     
   1.18885818333189       -2.66171260445818     
   1.18990471342286       -2.66137156474924     
   1.19095124351382       -2.66102900839963     
   1.19199777360478       -2.66068493407287     
   1.19304430369574       -2.66033934224965     
   1.19409083378670       -2.65999223300000     
   1.19513736387766       -2.65964360479139     
   1.19618389396862       -2.65929345680824     
   1.19723042405958       -2.65894178879374     
   1.19827695415054       -2.65858860028878     
   1.19932348424151       -2.65823388992266     
   1.20037001433247       -2.65787765725722     
   1.20141654442343       -2.65751990200000     
   1.20246307451439       -2.65716062331475     
   1.20350960460535       -2.65679981996224     
   1.20455613469631       -2.65643749120216     
   1.20560266478727       -2.65607363690604     
   1.20664919487823       -2.65570825701426     
   1.20769572496920       -2.65534134951894     
   1.20874225506016       -2.65497291300000     
   1.20978878515112       -2.65460294756517     
   1.21083531524208       -2.65423145178661     
   1.21188184533304       -2.65385842370054     
   1.21292837542400       -2.65348386159161     
   1.21397490551496       -2.65310776448612     
   1.21502143560592       -2.65273013135058     
   1.21606796569688       -2.65235096100000     
   1.21711449578785       -2.65197025195170     
   1.21816102587881       -2.65158800203443     
   1.21920755596977       -2.65120421031762     
   1.22025408606073       -2.65081887614191     
   1.22130061615169       -2.65043199723232     
   1.22234714624265       -2.65004357267282     
   1.22339367633361       -2.64965360100000     
   1.22444020642457       -2.64926207962250     
   1.22548673651554       -2.64886900786980     
   1.22653326660650       -2.64847438386701     
   1.22757979669746       -2.64807820467249     
   1.22862632678842       -2.64768046805419     
   1.22967285687938       -2.64728117279985     
   1.23071938697034       -2.64688031700000     
   1.23176591706130       -2.64647789774754     
   1.23281244715226       -2.64607391383999     
   1.23385897724322       -2.64566836349173     
   1.23490550733419       -2.64526124428548     
   1.23595203742515       -2.64485255413231     
   1.23699856751611       -2.64444229065520     
   1.23804509760707       -2.64403045200000     
   1.23909162769803       -2.64361703692453     
   1.24013815778899       -2.64320204308539     
   1.24118468787995       -2.64278546701225     
   1.24223121797091       -2.64236730560420     
   1.24327774806188       -2.64194755767793     
   1.24432427815284       -2.64152621974907     
   1.24537080824380       -2.64110328900000     
   1.24641733833476       -2.64067876419423     
   1.24746386842572       -2.64025264110621     
   1.24851039851668       -2.63982491707634     
   1.24955692860764       -2.63939559075413     
   1.25060345869860       -2.63896465953583     
   1.25164998878956       -2.63853211989726     
   1.25269651888053       -2.63809796900000     
   1.25374304897149       -2.63766220498446     
   1.25478957906245       -2.63722482468091     
   1.25583610915341       -2.63678582559579     
   1.25688263924437       -2.63634520508365     
   1.25792916933533       -2.63590295862584     
   1.25897569942629       -2.63545908321201     
   1.26002222951725       -2.63501357600000     
   1.26106875960822       -2.63456643350668     
   1.26211528969918       -2.63411765293312     
   1.26316181979014       -2.63366723119339     
   1.26420834988110       -2.63321516489456     
   1.26525487997206       -2.63276145077451     
   1.26630141006302       -2.63230608558979     
   1.26734794015398       -2.63184906600000     
   1.26839447024494       -2.63139038869437     
   1.26944100033590       -2.63093005093303     
   1.27048753042687       -2.63046804940931     
   1.27153406051783       -2.63000438027633     
   1.27258059060879       -2.62953903980490     
   1.27362712069975       -2.62907202494248     
   1.27467365079071       -2.62860333200000     
   1.27572018088167       -2.62813295630545     
   1.27676671097263       -2.62766089412050     
   1.27781324106359       -2.62718714233901     
   1.27885977115456       -2.62671169753796     
   1.27990630124552       -2.62623455505109     
   1.28095283133648       -2.62575571093529     
   1.28199936142744       -2.62527516200000     
   1.28304589151840       -2.62479290507538     
   1.28409242160936       -2.62430893539177     
   1.28513895170032       -2.62382324937520     
   1.28618548179128       -2.62333584387083     
   1.28723201188224       -2.62284671407860     
   1.28827854197321       -2.62235585636412     
   1.28932507206417       -2.62186326700000     
   1.29037160215513       -2.62136894138066     
   1.29141813224609       -2.62087287514143     
   1.29246466233705       -2.62037506395913     
   1.29351119242801       -2.61987550342689     
   1.29455772251897       -2.61937418908464     
   1.29560425260993       -2.61887111699090     
   1.29665078270090       -2.61836628300000     
   1.29769731279186       -2.61785968259712     
   1.29874384288282       -2.61735131201610     
   1.29979037297378       -2.61684116670671     
   1.30083690306474       -2.61632924184955     
   1.30188343315570       -2.61581553364951     
   1.30292996324666       -2.61530003791743     
   1.30397649333762       -2.61478275000000     
   1.30502302342858       -2.61426366508954     
   1.30606955351955       -2.61374277888245     
   1.30711608361051       -2.61322008692278     
   1.30816261370147       -2.61269558428770     
   1.30920914379243       -2.61216926565573     
   1.31025567388339       -2.61164112676177     
   1.31130220397435       -2.61111116300000     
   1.31234873406531       -2.61057936899818     
   1.31339526415627       -2.61004574062351     
   1.31444179424723       -2.60951027309847     
   1.31548832433820       -2.60897296114146     
   1.31653485442916       -2.60843380005959     
   1.31758138452012       -2.60789278546633     
   1.31862791461108       -2.60734991300000     
   1.31967444470204       -2.60680517789832     
   1.32072097479300       -2.60625857430274     
   1.32176750488396       -2.60571009766678     
   1.32281403497492       -2.60515974365753     
   1.32386056506589       -2.60460750591670     
   1.32490709515685       -2.60405337955246     
   1.32595362524781       -2.60349736000000     
   1.32700015533877       -2.60293944200755     
   1.32804668542973       -2.60237962001414     
   1.32909321552069       -2.60181788877452     
   1.33013974561165       -2.60125424326834     
   1.33118627570261       -2.60068867834450     
   1.33223280579357       -2.60012118903076     
   1.33327933588454       -2.59955177000000     
   1.33432586597550       -2.59898041564384     
   1.33537239606646       -2.59840712146247     
   1.33641892615742       -2.59783188228052     
   1.33746545624838       -2.59725469247508     
   1.33851198633934       -2.59667554706018     
   1.33955851643030       -2.59609444090767     
   1.34060504652126       -2.59551136800000     
   1.34165157661223       -2.59492632189184     
   1.34269810670319       -2.59433929834457     
   1.34374463679415       -2.59375029166966     
   1.34479116688511       -2.59315929541740     
   1.34583769697607       -2.59256630482460     
   1.34688422706703       -2.59197131458259     
   1.34793075715799       -2.59137431900000     
   1.34897728724895       -2.59077531223734     
   1.35002381733991       -2.59017428810688     
   1.35107034743088       -2.58957124177590     
   1.35211687752184       -2.58896616849901     
   1.35316340761280       -2.58835906151086     
   1.35420993770376       -2.58774991578701     
   1.35525646779472       -2.58713872600000     
   1.35630299788568       -2.58652548556406     
   1.35734952797664       -2.58591018913848     
   1.35839605806760       -2.58529283121034     
   1.35944258815857       -2.58467340574962     
   1.36048911824953       -2.58405190649082     
   1.36153564834049       -2.58342832742244     
   1.36258217843145       -2.58280266300000     
   1.36362870852241       -2.58217490786453     
   1.36467523861337       -2.58154505568980     
   1.36572176870433       -2.58091310043059     
   1.36676829879529       -2.58027903638047     
   1.36781482888625       -2.57964285767974     
   1.36886135897722       -2.57900455849718     
   1.36990788906818       -2.57836413300000     
   1.37095441915914       -2.57772157534940     
   1.37200094925010       -2.57707687978935     
   1.37304747934106       -2.57643004028152     
   1.37409400943202       -2.57578105053493     
   1.37514053952298       -2.57512990428593     
   1.37618706961394       -2.57447659575273     
   1.37723359970491       -2.57382111900000     
   1.37828012979587       -2.57316346771398     
   1.37932665988683       -2.57250363592191     
   1.38037318997779       -2.57184161684752     
   1.38141972006875       -2.57117740413164     
   1.38246625015971       -2.57051099343855     
   1.38351278025067       -2.56984237738618     
   1.38455931034163       -2.56917154900000     
   1.38560584043259       -2.56849850342717     
   1.38665237052356       -2.56782323440072     
   1.38769890061452       -2.56714573554857     
   1.38874543070548       -2.56646600078569     
   1.38979196079644       -2.56578402404718     
   1.39083849088740       -2.56509979844174     
   1.39188502097836       -2.56441331800000     
   1.39293155106932       -2.56372457767007     
   1.39397808116028       -2.56303356952992     
   1.39502461125125       -2.56234028747397     
   1.39607114134221       -2.56164472635568     
   1.39711767143317       -2.56094687884445     
   1.39816420152413       -2.56024673810722     
   1.39921073161509       -2.55954429800000     
   1.40025726170605       -2.55883955279513     
   1.40130379179701       -2.55813249665182     
   1.40235032188797       -2.55742312226253     
   1.40339685197893       -2.55671142242685     
   1.40444338206990       -2.55599739234124     
   1.40548991216086       -2.55528102520503     
   1.40653644225182       -2.55456231400000     
   1.40758297234278       -2.55384125279997     
   1.40862950243374       -2.55311783563954     
   1.40967603252470       -2.55239205559658     
   1.41072256261566       -2.55166390579393     
   1.41176909270662       -2.55093338083850     
   1.41281562279759       -2.55020047391808     
   1.41386215288855       -2.54946517800000     
   1.41490868297951       -2.54872748669037     
   1.41595521307047       -2.54798739346506     
   1.41700174316143       -2.54724489161327     
   1.41804827325239       -2.54649997468995     
   1.41909480334335       -2.54575263684475     
   1.42014133343431       -2.54500287055133     
   1.42118786352527       -2.54425066900000     
   1.42223439361624       -2.54349602684412     
   1.42328092370720       -2.54273893684057     
   1.42432745379816       -2.54197939252857     
   1.42537398388912       -2.54121738783387     
   1.42642051398008       -2.54045291548658     
   1.42746704407104       -2.53968596929634     
   1.42851357416200       -2.53891654300000     
   1.42956010425296       -2.53814462946892     
   1.43060663434393       -2.53737022149484     
   1.43165316443489       -2.53659331301248     
   1.43269969452585       -2.53581389829735     
   1.43374622461681       -2.53503197032888     
   1.43479275470777       -2.53424752144529     
   1.43583928479873       -2.53346054500000     
   1.43688581488969       -2.53267103555315     
   1.43793234498065       -2.53187898616097     
   1.43897887507161       -2.53108438955855     
   1.44002540516258       -2.53028723905936     
   1.44107193525354       -2.52948752886722     
   1.44211846534450       -2.52868525144041     
   1.44316499543546       -2.52788040000000     
   1.44421152552642       -2.52707296922992     
   1.44525805561738       -2.52626295144385     
   1.44630458570834       -2.52545033993725     
   1.44735111579930       -2.52463512879227     
   1.44839764589027       -2.52381731100400     
   1.44944417598123       -2.52299687901310     
   1.45049070607219       -2.52217382600000     
   1.45153723616315       -2.52134814606389     
   1.45258376625411       -2.52051983222290     
   1.45363029634507       -2.51968887743840     
   1.45467682643603       -2.51885527485523     
   1.45572335652699       -2.51801901758578     
   1.45676988661795       -2.51718009847903     
   1.45781641670892       -2.51633851100000     
   1.45886294679988       -2.51549424918741     
   1.45990947689084       -2.51464730561893     
   1.46095600698180       -2.51379767303341     
   1.46200253707276       -2.51294534471756     
   1.46304906716372       -2.51209031419469     
   1.46409559725468       -2.51123257465376     
   1.46514212734564       -2.51037211900000     
   1.46618865743661       -2.50950894027187     
   1.46723518752757       -2.50864303256834     
   1.46828171761853       -2.50777438906697     
   1.46932824770949       -2.50690300283343     
   1.47037477780045       -2.50602886850286     
   1.47142130789141       -2.50515197919857     
   1.47246783798237       -2.50427232800000     
   1.47351436807333       -2.50338990894930     
   1.47456089816429       -2.50250471604934     
   1.47560742825526       -2.50161674247572     
   1.47665395834622       -2.50072598127524     
   1.47770048843718       -2.49983242649318     
   1.47874701852814       -2.49893607158471     
   1.47979354861910       -2.49803691000000     
   1.48084007871006       -2.49713493564801     
   1.48188660880102       -2.49623014253321     
   1.48293313889198       -2.49532252386890     
   1.48397966898295       -2.49441207267548     
   1.48502619907391       -2.49349878291218     
   1.48607272916487       -2.49258264847810     
   1.48711925925583       -2.49166366400000     
   1.48816578934679       -2.49074182499989     
   1.48921231943775       -2.48981712645237     
   1.49025884952871       -2.48888956433933     
   1.49130537961967       -2.48795913459796     
   1.49235190971063       -2.48702583127415     
   1.49339843980160       -2.48608964976345     
   1.49444496989256       -2.48515058600000     
   1.49549149998352       -2.48420863554818     
   1.49653803007448       -2.48326379353049     
   1.49758456016544       -2.48231605552844     
   1.49863109025640       -2.48136541717149     
   1.49967762034736       -2.48041187323075     
   1.50072415043832       -2.47945541848957     
   1.50177068052929       -2.47849604900000     
   1.50281721062025       -2.47753376150337     
   1.50386374071121       -2.47656854944407     
   1.50491027080217       -2.47560040834845     
   1.50595680089313       -2.47462933500785     
   1.50700333098409       -2.47365532436711     
   1.50804986107505       -2.47267837399215     
   1.50909639116601       -2.47169848100000     
   1.51014292125697       -2.47071564081967     
   1.51118945134794       -2.46972985115040     
   1.51223598143890       -2.46874110928264     
   1.51328251152986       -2.46774941158457     
   1.51432904162082       -2.46675475424962     
   1.51537557171178       -2.46575713439050     
   1.51642210180274       -2.46475654900000     
   1.51746863189370       -2.46375299462315     
   1.51851516198466       -2.46274646873673     
   1.51956169207563       -2.46173696747763     
   1.52060822216659       -2.46072448681653     
   1.52165475225755       -2.45970902479851     
   1.52270128234851       -2.45869057761742     
   1.52374781243947       -2.45766914200000     
   1.52479434253043       -2.45664471587612     
   1.52584087262139       -2.45561729443142     
   1.52688740271235       -2.45458687539168     
   1.52793393280331       -2.45355345770866     
   1.52898046289428       -2.45251703776537     
   1.53002699298524       -2.45147761399036     
   1.53107352307620       -2.45043518500000     
   1.53212005316716       -2.44938974831793     
   1.53316658325812       -2.44834130177079     
   1.53421311334908       -2.44728984322708     
   1.53525964344004       -2.44623537046390     
   1.53630617353100       -2.44517788121541     
   1.53735270362196       -2.44411737369634     
   1.53839923371293       -2.44305384600000     
   1.53944576380389       -2.44198729583030     
   1.54049229389485       -2.44091772108231     
   1.54153882398581       -2.43984511937826     
   1.54258535407677       -2.43876948868445     
   1.54363188416773       -2.43769082800462     
   1.54467841425869       -2.43660913432758     
   1.54572494434965       -2.43552440500001     
   1.54677147444062       -2.43443663899214     
   1.54781800453158       -2.43334583484765     
   1.54886453462254       -2.43225199096963     
   1.54991106471350       -2.43115510599940     
   1.55095759480446       -2.43005517901393     
   1.55200412489542       -2.42895220840465     
   1.55305065498638       -2.42784619300000     
   1.55409718507734       -2.42673713231885     
   1.55514371516830       -2.42562502469043     
   1.55619024525927       -2.42450986898992     
   1.55723677535023       -2.42339166410145     
   1.55828330544119       -2.42227040773139     
   1.55932983553215       -2.42114609952401     
   1.56037636562311       -2.42001873900000     
   1.56142289571407       -2.41888832435654     
   1.56246942580503       -2.41775485408732     
   1.56351595589599       -2.41661832698102     
   1.56456248598696       -2.41547874201787     
   1.56560901607792       -2.41433609818858     
   1.56665554616888       -2.41319039394076     
   1.56770207625984       -2.41204162800000     
   1.56874860635080       -2.41088979980528     
   1.56979513644176       -2.40973490894537     
   1.57084166653272       -2.40857695522249     
   1.57188819662368       -2.40741593814409     
   1.57293472671464       -2.40625185636403     
   1.57398125680561       -2.40508470937167     
   1.57502778689657       -2.40391449700000     
   1.57607431698753       -2.40274121885566     
   1.57712084707849       -2.40156487412431     
   1.57816737716945       -2.40038546223513     
   1.57921390726041       -2.39920298295213     
   1.58026043735137       -2.39801743605565     
   1.58130696744233       -2.39682882038196     
   1.58235349753330       -2.39563713500000     
   1.58340002762426       -2.39444237975717     
   1.58444655771522       -2.39324455421011     
   1.58549308780618       -2.39204365814562     
   1.58653961789714       -2.39083969107530     
   1.58758614798810       -2.38963265155446     
   1.58863267807906       -2.38842253951653     
   1.58967920817002       -2.38720935500000     
   1.59072573826098       -2.38599309745439     
   1.59177226835195       -2.38477376695595     
   1.59281879844291       -2.38355136344304     
   1.59386532853387       -2.38232588697550     
   1.59491185862483       -2.38109733821536     
   1.59595838871579       -2.37986571645524     
   1.59700491880675       -2.37863102100000     
   1.59805144889771       -2.37739325206490     
   1.59909797898867       -2.37615241002606     
   1.60014450907964       -2.37490849523493     
   1.60119103917060       -2.37366150744458     
   1.60223756926156       -2.37241144546702     
   1.60328409935252       -2.37115831021086     
   1.60433062944348       -2.36990210200000     
   1.60537715953444       -2.36864281959539     
   1.60642368962540       -2.36738046367316     
   1.60747021971636       -2.36611503416247     
   1.60851674980732       -2.36484653055632     
   1.60956327989829       -2.36357495346498     
   1.61060980998925       -2.36230030299432     
   1.61165634008021       -2.36102257900000     
   1.61270287017117       -2.35974178149818     
   1.61374940026213       -2.35845791088249     
   1.61479593035309       -2.35717096752193     
   1.61584246044405       -2.35588095178384     
   1.61688899053501       -2.35458786414530     
   1.61793552062598       -2.35329170445878     
   1.61898205071694       -2.35199247300000     
   1.62002858080790       -2.35069017072594     
   1.62107511089886       -2.34938479762795     
   1.62212164098982       -2.34807635347703     
   1.62316817108078       -2.34676483843386     
   1.62421470117174       -2.34545025339823     
   1.62526123126270       -2.34413259886033     
   1.62630776135366       -2.34281187500001     
   1.62735429144463       -2.34148808179249     
   1.62840082153559       -2.34016121889497     
   1.62944735162655       -2.33883128727202     
   1.63049388171751       -2.33749828803594     
   1.63154041180847       -2.33616222039451     
   1.63258694189943       -2.33482308449099     
   1.63363347199039       -2.33348088100000     
   1.63468000208135       -2.33213561064557     
   1.63572653217232       -2.33078727436109     
   1.63677306226328       -2.32943587230555     
   1.63781959235424       -2.32808140440928     
   1.63886612244520       -2.32672387152284     
   1.63991265253616       -2.32536327460226     
   1.64095918262712       -2.32399961400000     
   1.64200571271808       -2.32263288952672     
   1.64305224280904       -2.32126310189935     
   1.64409877290000       -2.31989025212036     
   1.64514530299097       -2.31851434072195     
   1.64619183308193       -2.31713536733624     
   1.64723836317289       -2.31575333313366     
   1.64828489326385       -2.31436823900000     
   1.64933142335481       -2.31298008460282     
   1.65037795344577       -2.31158887015442     
   1.65142448353673       -2.31019459664126     
   1.65247101362769       -2.30879726520038     
   1.65351754371866       -2.30739687616860     
   1.65456407380962       -2.30599342928002     
   1.65561060390058       -2.30458692500000     
   1.65665713399154       -2.30317736472678     
   1.65770366408250       -2.30176474868784     
   1.65875019417346       -2.30034907735204     
   1.65979672426442       -2.29893035160386     
   1.66084325435538       -2.29750857223004     
   1.66188978444634       -2.29608373953094     
   1.66293631453731       -2.29465585400001     
   1.66398284462827       -2.29322491649628     
   1.66502937471923       -2.29179092726671     
   1.66607590481019       -2.29035388687201     
   1.66712243490115       -2.28891379613556     
   1.66816896499211       -2.28747065570086     
   1.66921549508307       -2.28602446657038     
   1.67026202517403       -2.28457522899999     
   1.67130855526500       -2.28312294269564     
   1.67235508535596       -2.28166760975248     
   1.67340161544692       -2.28020923030548     
   1.67444814553788       -2.27874780377028     
   1.67549467562884       -2.27728333219403     
   1.67654120571980       -2.27581581634874     
   1.67758773581076       -2.27434525600000     
   1.67863426590172       -2.27287165106537     
   1.67968079599268       -2.27139500333067     
   1.68072732608365       -2.26991531372518     
   1.68177385617461       -2.26843258228171     
   1.68282038626557       -2.26694680936865     
   1.68386691635653       -2.26545799568828     
   1.68491344644749       -2.26396614200000     
   1.68595997653845       -2.26247124900941     
   1.68700650662941       -2.26097331755226     
   1.68805303672037       -2.25947234806623     
   1.68909956681134       -2.25796834088635     
   1.69014609690230       -2.25646129683755     
   1.69119262699326       -2.25495121660493     
   1.69223915708422       -2.25343810100000     
   1.69328568717518       -2.25192195082210     
   1.69433221726614       -2.25040276576523     
   1.69537874735710       -2.24888054648124     
   1.69642527744806       -2.24735529431217     
   1.69747180753902       -2.24582700995106     
   1.69851833762999       -2.24429569366796     
   1.69956486772095       -2.24276134600000     
   1.70061139781191       -2.24122396780953     
   1.70165792790287       -2.23968355917664     
   1.70270445799383       -2.23814012112531     
   1.70375098808479       -2.23659365473800     
   1.70479751817575       -2.23504415951121     
   1.70584404826671       -2.23349163667336     
   1.70689057835768       -2.23193608700001     
   1.70793710844864       -2.23037751006292     
   1.70898363853960       -2.22881590741765     
   1.71003016863056       -2.22725127927708     
   1.71107669872152       -2.22568362558766     
   1.71212322881248       -2.22411294853519     
   1.71316975890344       -2.22253924773973     
   1.71421628899440       -2.22096252299999     
   1.71526281908536       -2.21938277588465     
   1.71630934917633       -2.21780000730850     
   1.71735587926729       -2.21621421723961     
   1.71840240935825       -2.21462540573986     
   1.71944893944921       -2.21303357423726     
   1.72049546954017       -2.21143872329690     
   1.72154199963113       -2.20984085300000     
   1.72258852972209       -2.20823996370955     
   1.72363505981305       -2.20663605685545     
   1.72468158990402       -2.20502913277260     
   1.72572811999498       -2.20341919129437     
   1.72677465008594       -2.20180623339982     
   1.72782118017690       -2.20019025956454     
   1.72886771026786       -2.19857127000000     
   1.72991424035882       -2.19694926508282     
   1.73096077044978       -2.19532424563303     
   1.73200730054074       -2.19369621221096     
   1.73305383063170       -2.19206516506127     
   1.73410036072267       -2.19043110445392     
   1.73514689081363       -2.18879403130374     
   1.73619342090459       -2.18715394600000     
   1.73723995099555       -2.18551084828188     
   1.73828648108651       -2.18386473945345     
   1.73933301117747       -2.18221562037296     
   1.74037954126843       -2.18056349109886     
   1.74142607135939       -2.17890835148950     
   1.74247260145036       -2.17725020216709     
   1.74351913154132       -2.17558904400001     
   1.74456566163228       -2.17392487768078     
   1.74561219172324       -2.17225770373596     
   1.74665872181420       -2.17058752199992     
   1.74770525190516       -2.16891433262438     
   1.74875178199612       -2.16723813726487     
   1.74979831208708       -2.16555893536903     
   1.75084484217804       -2.16387672700001     
   1.75189137226901       -2.16219151379868     
   1.75293790235997       -2.16050329497631     
   1.75398443245093       -2.15881207081583     
   1.75503096254189       -2.15711784227303     
   1.75607749263285       -2.15542060899857     
   1.75712402272381       -2.15372037163619     
   1.75817055281477       -2.15201713100000     
   1.75921708290573       -2.15031088733778     
   1.76026361299670       -2.14860164054269     
   1.76131014308766       -2.14688939085958     
   1.76235667317862       -2.14517413871523     
   1.76340320326958       -2.14345588431451     
   1.76444973336054       -2.14173462867071     
   1.76549626345150       -2.14001037200000     
   1.76654279354246       -2.13828311356157     
   1.76758932363342       -2.13655285478846     
   1.76863585372438       -2.13481959630624     
   1.76968238381535       -2.13308333774267     
   1.77072891390631       -2.13134407900193     
   1.77177544399727       -2.12960182091594     
   1.77282197408823       -2.12785656400000     
   1.77386850417919       -2.12610830802409     
   1.77491503427015       -2.12435705346707     
   1.77596156436111       -2.12260280053715     
   1.77700809445207       -2.12084554911073     
   1.77805462454304       -2.11908529916162     
   1.77910115463400       -2.11732205094959     
   1.78014768472496       -2.11555580500000     
   1.78119421481592       -2.11378656172246     
   1.78224074490688       -2.11201432042028     
   1.78328727499784       -2.11023908146152     
   1.78433380508880       -2.10846084576099     
   1.78538033517976       -2.10667961315095     
   1.78642686527072       -2.10489538348640     
   1.78747339536169       -2.10310815700001     
   1.78851992545265       -2.10131793415146     
   1.78956645554361       -2.09952471480099     
   1.79061298563457       -2.09772849921752     
   1.79165951572553       -2.09592928780376     
   1.79270604581649       -2.09412708037893     
   1.79375257590745       -2.09232187736647     
   1.79479910599841       -2.09051367899999     
   1.79584563608938       -2.08870248511930     
   1.79689216618034       -2.08688829647443     
   1.79793869627130       -2.08507111249578     
   1.79898522636226       -2.08325093242281     
   1.80003175645322       -2.08142775751883     
   1.80107828654418       -2.07960158753468     
   1.80212481663514       -2.07777242200000     
   1.80317134672610       -2.07594026110492     
   1.80421787681706       -2.07410510466512     
   1.80526440690803       -2.07226695313307     
   1.80631093699899       -2.07042580677184     
   1.80735746708995       -2.06858166438669     
   1.80840399718091       -2.06673452640539     
   1.80945052727187       -2.06488439300000     
   1.81049705736283       -2.06303126345934     
   1.81154358745379       -2.06117513900894     
   1.81259011754475       -2.05931601937336     
   1.81363664763572       -2.05745390360677     
   1.81468317772668       -2.05558879253398     
   1.81572970781764       -2.05372068572804     
   1.81677623790860       -2.05184958300000     
   1.81782276799956       -2.04997548500808     
   1.81886929809052       -2.04809839112187     
   1.81991582818148       -2.04621830144460     
   1.82096235827244       -2.04433521646995     
   1.82200888836340       -2.04244913570211     
   1.82305541845437       -2.04056005853158     
   1.82410194854533       -2.03866798500001     
   1.82514847863629       -2.03677291567609     
   1.82619500872725       -2.03487484998301     
   1.82724153881821       -2.03297378790124     
   1.82828806890917       -2.03106972939981     
   1.82933459900013       -2.02916267325155     
   1.83038112909109       -2.02725262031811     
   1.83142765918206       -2.02533957100001     
   1.83247418927302       -2.02342352409337     
   1.83352071936398       -2.02150447964582     
   1.83456724945494       -2.01958243785674     
   1.83561377954590       -2.01765739859465     
   1.83666030963686       -2.01572936138466     
   1.83770683972782       -2.01379832615237     
   1.83875336981878       -2.01186429299999     
   1.83979989990974       -2.00992726191884     
   1.84084643000071       -2.00798723258318     
   1.84189296009167       -2.00604420443390     
   1.84293949018263       -2.00409817725290     
   1.84398602027359       -2.00214915169210     
   1.84503255036455       -2.00019712736568     
   1.84607908045551       -1.99824210400000     
   1.84712561054647       -1.99628408179910     
   1.84817214063743       -1.99432305967775     
   1.84921867072840       -1.99235903765596     
   1.85026520081936       -1.99039201626743     
   1.85131173091032       -1.98842199483716     
   1.85235826100128       -1.98644897351144     
   1.85340479109224       -1.98447295200000     
   1.85445132118320       -1.98249392929087     
   1.85549785127416       -1.98051190599815     
   1.85654438136512       -1.97852688215067     
   1.85759091145608       -1.97653885715763     
   1.85863744154705       -1.97454783074764     
   1.85968397163801       -1.97255380238134     
   1.86073050172897       -1.97055677200000     
   1.86177703181993       -1.96855674016701     
   1.86282356191089       -1.96655370666921     
   1.86387009200185       -1.96454767047728     
   1.86491662209281       -1.96253863110749     
   1.86596315218377       -1.96052658995878     
   1.86700968227473       -1.95851154587367     
   1.86805621236570       -1.95649349800001     
   1.86910274245666       -1.95447244720906     
   1.87014927254762       -1.95244839308613     
   1.87119580263858       -1.95042133506474     
   1.87224233272954       -1.94839127291321     
   1.87328886282050       -1.94635820673725     
   1.87433539291146       -1.94432213626623     
   1.87538192300242       -1.94228306100001     
   1.87642845309339       -1.94024098056233     
   1.87747498318435       -1.93819589519982     
   1.87852151327531       -1.93614780431882     
   1.87956804336627       -1.93409670714653     
   1.88061457345723       -1.93204260404199     
   1.88166110354819       -1.92998549413677     
   1.88270763363915       -1.92792537699999     
   1.88375416373011       -1.92586225333704     
   1.88480069382107       -1.92379612286120     
   1.88584722391204       -1.92172698470150     
   1.88689375400300       -1.91965483824636     
   1.88794028409396       -1.91757968381994     
   1.88898681418492       -1.91550152054292     
   1.89003334427588       -1.91342034800000     
   1.89107987436684       -1.91133616689732     
   1.89212640445780       -1.90924897689218     
   1.89317293454876       -1.90715877726822     
   1.89421946463973       -1.90506556729232     
   1.89526599473069       -1.90296934648392     
   1.89631252482165       -1.90087011537121     
   1.89735905491261       -1.89876787400000     
   1.89840558500357       -1.89666262134579     
   1.89945211509453       -1.89455435692155     
   1.90049864518549       -1.89244308088862     
   1.90154517527645       -1.89032879310667     
   1.90259170536741       -1.88821149209865     
   1.90363823545838       -1.88609117761271     
   1.90468476554934       -1.88396785000001     
   1.90573129564030       -1.88184150924791     
   1.90677782573126       -1.87971215412042     
   1.90782435582222       -1.87757978365760     
   1.90887088591318       -1.87544439788749     
   1.90991741600414       -1.87330599767757     
   1.91096394609510       -1.87116458139667     
   1.91201047618607       -1.86902014800001     
   1.91305700627703       -1.86687269841906     
   1.91410353636799       -1.86472223231262     
   1.91515006645895       -1.86256874888903     
   1.91619659654991       -1.86041224746886     
   1.91724312664087       -1.85825272776293     
   1.91828965673183       -1.85609018937413     
   1.91933618682279       -1.85392463199999     
   1.92038271691375       -1.85175605532974     
   1.92142924700472       -1.84958445825549     
   1.92247577709568       -1.84740984099786     
   1.92352230718664       -1.84523220394335     
   1.92456883727760       -1.84305154545422     
   1.92561536736856       -1.84086786546814     
   1.92666189745952       -1.83868116400000     
   1.92770842755048       -1.83649144007572     
   1.92875495764144       -1.83429869277738     
   1.92980148773241       -1.83210292198229     
   1.93084801782337       -1.82990412773766     
   1.93189454791433       -1.82770230916917     
   1.93294107800529       -1.82549746544559     
   1.93398760809625       -1.82328959600000     
   1.93503413818721       -1.82107870052754     
   1.93608066827817       -1.81886477877406     
   1.93712719836913       -1.81664783004837     
   1.93817372846009       -1.81442785361817     
   1.93922025855106       -1.81220484931688     
   1.94026678864202       -1.80997881624811     
   1.94131331873298       -1.80774975400000     
   1.94235984882394       -1.80551766284462     
   1.94340637891490       -1.80328254145082     
   1.94445290900586       -1.80104438903174     
   1.94549943909682       -1.79880320547253     
   1.94654596918778       -1.79655899043762     
   1.94759249927875       -1.79431174316520     
   1.94863902936971       -1.79206146300001     
   1.94968555946067       -1.78980814966887     
   1.95073208955163       -1.78755180291952     
   1.95177861964259       -1.78529242204566     
   1.95282514973355       -1.78303000632604     
   1.95387167982451       -1.78076455563905     
   1.95491820991547       -1.77849606886030     
   1.95596474000643       -1.77622454500001     
   1.95701127009740       -1.77394998389465     
   1.95805780018836       -1.77167238538199     
   1.95910433027932       -1.76939174846911     
   1.96015086037028       -1.76710807203412     
   1.96119739046124       -1.76482135596861     
   1.96224392055220       -1.76253159949191     
   1.96329045064316       -1.76023880199999     
   1.96433698073412       -1.75794296330292     
   1.96538351082509       -1.75564408210182     
   1.96643004091605       -1.75334215764172     
   1.96747657100701       -1.75103718979197     
   1.96852310109797       -1.74872917827574     
   1.96956963118893       -1.74641812207052     
   1.97061616127989       -1.74410402000000     
   1.97166269137085       -1.74178687139162     
   1.97270922146181       -1.73946667658712     
   1.97375575155277       -1.73714343479565     
   1.97480228164374       -1.73481714478141     
   1.97584881173470       -1.73248780653162     
   1.97689534182566       -1.73015541894367     
   1.97794187191662       -1.72781998100000     
   1.97898840200758       -1.72548149254663     
   1.98003493209854       -1.72313995342567     
   1.98108146218950       -1.72079536262907     
   1.98212799228046       -1.71844771904666     
   1.98317452237143       -1.71609702262593     
   1.98422105246239       -1.71374327230992     
   1.98526758255335       -1.71138646700001     
   1.98631411264431       -1.70902660612144     
   1.98736064273527       -1.70666368875764     
   1.98840717282623       -1.70429771465306     
   1.98945370291719       -1.70192868332637     
   1.99050023300815       -1.69955659278831     
   1.99154676309911       -1.69718144305970     
   1.99259329319008       -1.69480323400001     
   1.99363982328104       -1.69242196414186     
   1.99468635337200       -1.69003763275643     
   1.99573288346296       -1.68765023932352     
   1.99677941355392       -1.68525978296615     
   1.99782594364488       -1.68286626225575     
   1.99887247373584       -1.68046967742169     
   1.99991900382680       -1.67807002799999     
   2.00096553391777       -1.67566731205965     
   2.00201206400873       -1.67326152941205     
   2.00305859409969       -1.67085267962449     
   2.00410512419065       -1.66844076179501     
   2.00515165428161       -1.66602577521285     
   2.00619818437257       -1.66360771924430     
   2.00724471446353       -1.66118659299999     
   2.00829124455449       -1.65876239529797     
   2.00933777464545       -1.65633512526359     
   2.01038430473642       -1.65390478269238     
   2.01143083482738       -1.65147136707565     
   2.01247736491834       -1.64903487647689     
   2.01352389500930       -1.64659531069356     
   2.01457042510026       -1.64415266900000     
   2.01561695519122       -1.64170694949089     
   2.01666348528218       -1.63925815264976     
   2.01771001537314       -1.63680627763088     
   2.01875654546411       -1.63435132264425     
   2.01980307555507       -1.63189328715361     
   2.02084960564603       -1.62943217061413     
   2.02189613573699       -1.62696797200000     
   2.02294266582795       -1.62450069009131     
   2.02398919591891       -1.62203032485498     
   2.02503572600987       -1.61955687522229     
   2.02608225610083       -1.61708033952939     
   2.02712878619179       -1.61460071714223     
   2.02817531628276       -1.61211800783476     
   2.02922184637372       -1.60963221100001     
   2.03026837646468       -1.60714332538462     
   2.03131490655564       -1.60465134977532     
   2.03236143664660       -1.60215628346423     
   2.03340796673756       -1.59965812568225     
   2.03445449682852       -1.59715687495257     
   2.03550102691948       -1.59465253160458     
   2.03654755701044       -1.59214509500001     
   2.03759408710141       -1.58963456273109     
   2.03864061719237       -1.58712093471338     
   2.03968714728333       -1.58460421034915     
   2.04073367737429       -1.58208438825246     
   2.04178020746525       -1.57956146730014     
   2.04282673755621       -1.57703544684383     
   2.04387326764717       -1.57450632599999     
   2.04491979773813       -1.57197410353682     
   2.04596632782910       -1.56943877899690     
   2.04701285792006       -1.56690035102904     
   2.04805938801102       -1.56435881815718     
   2.04910591810198       -1.56181418037417     
   2.05015244819294       -1.55926643677028     
   2.05119897828390       -1.55671558600000     
   2.05224550837486       -1.55416162699184     
   2.05329203846582       -1.55160455933804     
   2.05433856855679       -1.54904438149941     
   2.05538509864775       -1.54648109214381     
   2.05643162873871       -1.54391469212393     
   2.05747815882967       -1.54134517886227     
   2.05852468892063       -1.53877255100000     
   2.05957121901159       -1.53619680983306     
   2.06061774910255       -1.53361795241506     
   2.06166427919351       -1.53103597775060     
   2.06271080928447       -1.52845088638583     
   2.06375733937544       -1.52586267698278     
   2.06480386946640       -1.52327134791008     
   2.06585039955736       -1.52067689800000     
   2.06689692964832       -1.51807932667588     
   2.06794345973928       -1.51547863324708     
   2.06898998983024       -1.51287481682802     
   2.07003651992120       -1.51026787618605     
   2.07108305001216       -1.50765780969266     
   2.07212958010312       -1.50504461647130     
   2.07317611019409       -1.50242829600001     
   2.07422264028505       -1.49980884754577     
   2.07526917037601       -1.49718626960438     
   2.07631570046697       -1.49456056067016     
   2.07736223055793       -1.49193171993263     
   2.07840876064889       -1.48929974748862     
   2.07945529073985       -1.48666464129124     
   2.08050182083081       -1.48402640000001     
   2.08154835092178       -1.48138502380560     
   2.08259488101274       -1.47874051022466     
   2.08364141110370       -1.47609285874098     
   2.08468794119466       -1.47344206958135     
   2.08573447128562       -1.47078814027445     
   2.08678100137658       -1.46813106993476     
   2.08782753146754       -1.46547085799999     
   2.08887406155850       -1.46280750319484     
   2.08992059164947       -1.46014100434790     
   2.09096712174043       -1.45747136064233     
   2.09201365183139       -1.45479857139521     
   2.09306018192235       -1.45212263557583     
   2.09410671201331       -1.44944355141080     
   2.09515324210427       -1.44676131800000     
   2.09619977219523       -1.44407593535857     
   2.09724630228619       -1.44138740115497     
   2.09829283237715       -1.43869571450569     
   2.09933936246812       -1.43600087530722     
   2.10038589255908       -1.43330288174892     
   2.10143242265004       -1.43060173263361     
   2.10247895274100       -1.42789742700000     
   2.10352548283196       -1.42518996370627     
   2.10457201292292       -1.42247934166598     
   2.10561854301388       -1.41976555978217     
   2.10666507310484       -1.41704861696562     
   2.10771160319580       -1.41432851216132     
   2.10875813328677       -1.41160524410680     
   2.10980466337773       -1.40887881200001     
   2.11085119346869       -1.40614921528974     
   2.11189772355965       -1.40341645167976     
   2.11294425365061       -1.40068052034331     
   2.11399078374157       -1.39794142114401     
   2.11503731383253       -1.39519915228139     
   2.11608384392349       -1.39245371254732     
   2.11713037401446       -1.38970510100001     
   2.11817690410542       -1.38695331651131     
   2.11922343419638       -1.38419835781349     
   2.12026996428734       -1.38144022430963     
   2.12131649437830       -1.37867891514039     
   2.12236302446926       -1.37591442795175     
   2.12340955456022       -1.37314676241521     
   2.12445608465118       -1.37037591799999     
   2.12550261474215       -1.36760189285927     
   2.12654914483311       -1.36482468611296     
   2.12759567492407       -1.36204429628870     
   2.12864220501503       -1.35926072198412     
   2.12968873510599       -1.35647396324268     
   2.13073526519695       -1.35368401883944     
   2.13178179528791       -1.35089088699999     
   2.13282832537887       -1.34809456630493     
   2.13387485546983       -1.34529505612042     
   2.13492138556080       -1.34249235562046     
   2.13596791565176       -1.33968646354214     
   2.13701444574272       -1.33687737835178     
   2.13806097583368       -1.33406509877095     
   2.13910750592464       -1.33124962400000     
   2.14015403601560       -1.32843095342040     
   2.14120056610656       -1.32560908539608     
   2.14224709619752       -1.32278401874968     
   2.14329362628848       -1.31995575240998     
   2.14434015637945       -1.31712428454652     
   2.14538668647041       -1.31428961501524     
   2.14643321656137       -1.31145174300000     
   2.14747974665233       -1.30861066620361     
   2.14852627674329       -1.30576638404929     
   2.14957280683425       -1.30291889580604     
   2.15061933692521       -1.30006820015558     
   2.15166586701617       -1.29721429557295     
   2.15271239710714       -1.29435718079742     
   2.15375892719810       -1.29149685500001     
   2.15480545728906       -1.28863331754722     
   2.15585198738002       -1.28576656702619     
   2.15689851747098       -1.28289660164429     
   2.15794504756194       -1.28002342019090     
   2.15899157765290       -1.27714702278216     
   2.16003810774386       -1.27426740766465     
   2.16108463783482       -1.27138457300001     
   2.16213116792579       -1.26849851796623     
   2.16317769801675       -1.26560924143528     
   2.16422422810771       -1.26271674232416     
   2.16527075819867       -1.25982101952492     
   2.16631728828963       -1.25692207158470     
   2.16736381838059       -1.25401989669841     
   2.16841034847155       -1.25111449399999     
   2.16945687856251       -1.24820586346889     
   2.17050340865348       -1.24529400297800     
   2.17154993874444       -1.24237891108395     
   2.17259646883540       -1.23946058687752     
   2.17364299892636       -1.23653902864492     
   2.17468952901732       -1.23361423555407     
   2.17573605910828       -1.23068620700000     
   2.17678258919924       -1.22775494181715     
   2.17782911929020       -1.22482043785224     
   2.17887564938116       -1.22188269404955     
   2.17992217947213       -1.21894170984236     
   2.18096870956309       -1.21599748352647     
   2.18201523965405       -1.21305001388561     
   2.18306176974501       -1.21009930000000     
   2.18410829983597       -1.20714534077692     
   2.18515482992693       -1.20418813449071     
   2.18620136001789       -1.20122768033979     
   2.18724789010885       -1.19826397759041     
   2.18829442019982       -1.19529702399505     
   2.18934095029078       -1.19232681861687     
   2.19038748038174       -1.18935336100001     
   2.19143401047270       -1.18637665034787     
   2.19248054056366       -1.18339668558157     
   2.19352707065462       -1.18041346549911     
   2.19457360074558       -1.17742698908735     
   2.19562013083654       -1.17443725576809     
   2.19666666092750       -1.17144426440049     
   2.19771319101847       -1.16844801400001     
   2.19875972110943       -1.16544850397809     
   2.19980625120039       -1.16244573309945     
   2.20085278129135       -1.15943970053165     
   2.20189931138231       -1.15643040558934     
   2.20294584147327       -1.15341784700882     
   2.20399237156423       -1.15040202407033     
   2.20503890165519       -1.14738293600002     
   2.20608543174616       -1.14436058159652     
   2.20713196183712       -1.14133495971054     
   2.20817849192808       -1.13830606944084     
   2.20922502201904       -1.13527391016902     
   2.21027155211000       -1.13223848135220     
   2.21131808220096       -1.12919978130272     
   2.21236461229192       -1.12615780899999     
   2.21341114238288       -1.12311256446034     
   2.21445767247384       -1.12006404580153     
   2.21550420256481       -1.11701225235680     
   2.21655073265577       -1.11395718388677     
   2.21759726274673       -1.11089883840821     
   2.21864379283769       -1.10783721565054     
   2.21969032292865       -1.10477231500000     
   2.22073685301961       -1.10170413460510     
   2.22178338311057       -1.09863267404636     
   2.22282991320153       -1.09555793351013     
   2.22387644329250       -1.09247991285258     
   2.22492297338346       -1.08939861100846     
   2.22596950347442       -1.08631402820737     
   2.22701603356538       -1.08322616400000     
   2.22806256365634       -1.08013501686982     
   2.22910909374730       -1.07704058773000     
   2.23015562383826       -1.07394287591124     
   2.23120215392922       -1.07084188013515     
   2.23224868402018       -1.06773760134239     
   2.23329521411115       -1.06463003889249     
   2.23434174420211       -1.06151919200001     
   2.23538827429307       -1.05840506052903     
   2.23643480438403       -1.05528764336025     
   2.23748133447499       -1.05216694069065     
   2.23852786456595       -1.04904295292111     
   2.23957439465691       -1.04591567842328     
   2.24062092474787       -1.04278511707969     
   2.24166745483884       -1.03965126900001     
   2.24271398492980       -1.03651413363168     
   2.24376051502076       -1.03337371076506     
   2.24480704511172       -1.03022999966435     
   2.24585357520268       -1.02708299963824     
   2.24690010529364       -1.02393271100520     
   2.24794663538460       -1.02077913299023     
   2.24899316547556       -1.01762226499999     
   2.25003969556652       -1.01446210727178     
   2.25108622565749       -1.01129865950997     
   2.25213275574845       -1.00813192099148     
   2.25317928583941       -1.00496189099785     
   2.25422581593037       -1.00178856937665     
   2.25527234602133      -0.998611956578915     
   2.25631887611229      -0.995432052799995     
   2.25736540620325      -0.992248857699585     
   2.25841193629421      -0.989062371345205     
   2.25945846638518      -0.985872593791217     
   2.26050499647614      -0.982679525005642     
   2.26155152656710      -0.979483164986899     
   2.26259805665806      -0.976283513776039     
   2.26364458674902      -0.973080571400000     
   2.26469111683998      -0.969874337848753     
   2.26573764693094      -0.966664813126014     
   2.26678417702190      -0.963451997224590     
   2.26783070711286      -0.960235890150416     
   2.26887723720383      -0.957016491955762     
   2.26992376729479      -0.953793802634531     
   2.27097029738575      -0.950567822200005     
   2.27201682747671      -0.947338550704211     
   2.27306335756767      -0.944105988103778     
   2.27410988765863      -0.940870134358659     
   2.27515641774959      -0.937630989495853     
   2.27620294784055      -0.934388553621871     
   2.27724947793152      -0.931142826698722     
   2.27829600802248      -0.927893808700011     
   2.27934253811344      -0.924641499688453     
   2.28038906820440      -0.921385899659503     
   2.28143559829536      -0.918127008608468     
   2.28248212838632      -0.914864826537676     
   2.28352865847728      -0.911599353439223     
   2.28457518856824      -0.908330589347324     
   2.28562171865920      -0.905058534300017     
   2.28666824875017      -0.901783188365059     
   2.28771477884113      -0.898504551808626     
   2.28876130893209      -0.895222624902395     
   2.28980783902305      -0.891937407954304     
   2.29085436911401      -0.888648901407600     
   2.29190089920497      -0.885357105559550     
   2.29294742929593      -0.882062020699992     
   2.29399395938689      -0.878763647178496     
   2.29504048947786      -0.875461985246466     
   2.29608701956882      -0.872157035291418     
   2.29713354965978      -0.868848797715218     
   2.29818007975074      -0.865537272706533     
   2.29922660984170      -0.862222460678946     
   2.30027313993266      -0.858904361999996     
   2.30131967002362      -0.855582976873121     
   2.30236620011458      -0.852258305677229     
   2.30341273020554      -0.848930348779791     
   2.30445926029651      -0.845599106483875     
   2.30550579038747      -0.842264579063319     
   2.30655232047843      -0.838926766881348     
   2.30759885056939      -0.835585670300003     
   2.30864538066035      -0.832241289633317     
   2.30969191075131      -0.828893625224388     
   2.31073844084227      -0.825542677363507     
   2.31178497093323      -0.822188446346334     
   2.31283150102420      -0.818830932569066     
   2.31387803111516      -0.815470136318491     
   2.31492456120612      -0.812106057900007     
   2.31597109129708      -0.808738697701885     
   2.31701762138804      -0.805368056056772     
   2.31806415147900      -0.801994133262992     
   2.31911068156996      -0.798616929608239     
   2.32015721166092      -0.795236445424354     
   2.32120374175188      -0.791852681302271     
   2.32225027184285      -0.788465637800013     
   2.32329680193381      -0.785075315343988     
   2.32434333202477      -0.781681714589515     
   2.32538986211573      -0.778284836107802     
   2.32643639220669      -0.774884680435574     
   2.32748292229765      -0.771481248248210     
   2.32852945238861      -0.768074539993422     
   2.32957598247957      -0.764664556200020     
   2.33062251257054      -0.761251297585758     
   2.33166904266150      -0.757834764632314     
   2.33271557275246      -0.754414957873770     
   2.33376210284342      -0.750991877921925     
   2.33480863293438      -0.747565525359091     
   2.33585516302534      -0.744135900740837     
   2.33690169311630      -0.740703004599993     
   2.33794822320726      -0.737266837479238     
   2.33899475329822      -0.733827400019611     
   2.34004128338919      -0.730384692799834     
   2.34108781348015      -0.726938716348374     
   2.34213434357111      -0.723489471224478     
   2.34318087366207      -0.720036957938574     
   2.34422740375303      -0.716581177099999     
   2.34527393384399      -0.713122129404044     
   2.34632046393495      -0.709659815268623     
   2.34736699402591      -0.706194235265375     
   2.34841352411688      -0.702725390036087     
   2.34946005420784      -0.699253280025121     
   2.35050658429880      -0.695777905911158     
   2.35155311438976      -0.692299268300004     
   2.35259964448072      -0.688817367604078     
   2.35364617457168      -0.685332204451899     
   2.35469270466264      -0.681843779493953     
   2.35573923475360      -0.678352093392051     
   2.35678576484456      -0.674857146891253     
   2.35783229493553      -0.671358940712838     
   2.35887882502649      -0.667857475600010     
   2.35992535511745      -0.664352752330164     
   2.36097188520841      -0.660844771623734     
   2.36201841529937      -0.657333534220407     
   2.36306494539033      -0.653819040901847     
   2.36411147548129      -0.650301292460450     
   2.36515800557225      -0.646780289521521     
   2.36620453566321      -0.643256032800018     
   2.36725106575418      -0.639728523187230     
   2.36829759584514      -0.636197761418366     
   2.36934412593610      -0.632663748160643     
   2.37039065602706      -0.629126484125660     
   2.37143718611802      -0.625585970150567     
   2.37248371620898      -0.622042206963108     
   2.37353024629994      -0.618495195299989     
   2.37457677639090      -0.614944935947806     
   2.37562330648187      -0.611391429559798     
   2.37666983657283      -0.607834676912751     
   2.37771636666379      -0.604274678817843     
   2.37876289675475      -0.600711435915887     
   2.37980942684571      -0.597144949017195     
   2.38085595693667      -0.593575218899994     
   2.38190248702763      -0.590002246218407     
   2.38294901711859      -0.586426031747219     
   2.38399554720956      -0.582846576255615     
   2.38504207730052      -0.579263880508195     
   2.38608860739148      -0.575677945301151     
   2.38713513748244      -0.572088771260185     
   2.38818166757340      -0.568496359100002     
   2.38922819766436      -0.564900709712616     
   2.39027472775532      -0.561301823835556     
   2.39132125784628      -0.557699702276673     
   2.39236778793724      -0.554094345952181     
   2.39341431802821      -0.550485755801759     
   2.39446084811917      -0.546873932598560     
   2.39550737821013      -0.543258877200008     
   2.39655390830109      -0.539640590605125     
   2.39760043839205      -0.536019073560547     
   2.39864696848301      -0.532394326969254     
   2.39969349857397      -0.528766351798722     
   2.40074002866493      -0.525135148797208     
   2.40178655875589      -0.521500718847614     
   2.40283308884686      -0.517863062900012     
   2.40387961893782      -0.514222181862868     
   2.40492614902878      -0.510578076522928     
   2.40597267911974      -0.506930747697815     
   2.40701920921070      -0.503280196299416     
   2.40806573930166      -0.499626423316043     
   2.40911226939262      -0.495969429541131     
   2.41015879948358      -0.492309215800020     
   2.41120532957455      -0.488645783043803     
   2.41225185966551      -0.484979132086127     
   2.41329838975647      -0.481309263803011     
   2.41434491984743      -0.477636179125188     
   2.41539144993839      -0.473959878926890     
   2.41643798002935      -0.470280364028550     
   2.41748451012031      -0.466597635299991     
   2.41853104021127      -0.462911693674741     
   2.41957757030224      -0.459222539980765     
   2.42062410039320      -0.455530175059555     
   2.42167063048416      -0.451834599807157     
   2.42271716057512      -0.448135815155131     
   2.42376369066608      -0.444433821934217     
   2.42481022075704      -0.440728620999997     
   2.42585675084800      -0.437020213286857     
   2.42690328093896      -0.433308599676048     
   2.42794981102992      -0.429593781154531     
   2.42899634112089      -0.425875758760208     
   2.43004287121185      -0.422154533431931     
   2.43108940130281      -0.418430106066391     
   2.43213593139377      -0.414702477600003     
   2.43318246148473      -0.410971649033524     
   2.43422899157569      -0.407237621352424     
   2.43527552166665      -0.403500395530851     
   2.43632205175761      -0.399759972497793     
   2.43736858184857      -0.396016353123134     
   2.43841511193954      -0.392269538489174     
   2.43946164203050      -0.388519529600010     
   2.44050817212146      -0.384766327273225     
   2.44155470221242      -0.381009932500833     
   2.44260123230338      -0.377250346289803     
   2.44364776239434      -0.373487569609446     
   2.44469429248530      -0.369721603402525     
   2.44574082257626      -0.365952448617539     
   2.44678735266723      -0.362180106200016     
   2.44783388275819      -0.358404577095163     
   2.44888041284915      -0.354625862284596     
   2.44992694294011      -0.350843962768647     
   2.45097347303107      -0.347058879519122     
   2.45202000312203      -0.343270613432260     
   2.45306653321299      -0.339479165429541     
   2.45411306330395      -0.335684536499987     
   2.45515959339492      -0.331886727680395     
   2.45620612348588      -0.328085739929845     
   2.45725265357684      -0.324281574140299     
   2.45829918366780      -0.320474231238820     
   2.45934571375876      -0.316663712288593     
   2.46039224384972      -0.312850018205109     
   2.46143877394068      -0.309033149899992     
   2.46248530403164      -0.305213108380197     
   2.46353183412260      -0.301389894663771     
   2.46457836421357      -0.297563509779303     
   2.46562489430453      -0.293733954740951     
   2.46667142439549      -0.289901230520527     
   2.46771795448645      -0.286065338128788     
   2.46876448457741      -0.282226278599998     
   2.46981101466837      -0.278384052955584     
   2.47085754475933      -0.274538662155742     
   2.47190407485029      -0.270690107241277     
   2.47295060494125      -0.266838389275466     
   2.47399713503222      -0.262983509216553     
   2.47504366512318      -0.259125468086920     
   2.47609019521414      -0.255264266900007     
   2.47713672530510      -0.251399906625463     
   2.47818325539606      -0.247532388287825     
   2.47922978548702      -0.243661712909607     
   2.48027631557798      -0.239787881510636     
   2.48132284566894      -0.235910895123775     
   2.48236937575991      -0.232030754713835     
   2.48341590585087      -0.228147461300012     
   2.48446243594183      -0.224261015966645     
   2.48550896603279      -0.220371419623552     
   2.48655549612375      -0.216478673287686     
   2.48760202621471      -0.212582778036207     
   2.48864855630567      -0.208683734826503     
   2.48969508639663      -0.204781544671085     
   2.49074161648759      -0.200876208600020     
   2.49178814657856      -0.196967727628856     
   2.49283467666952      -0.193056102789771     
   2.49388120676048      -0.189141335071983     
   2.49492773685144      -0.185223425458160     
   2.49597426694240      -0.181302374987789     
   2.49702079703336      -0.177378184632264     
   2.49806732712432      -0.173450855399988     
   2.49911385721528      -0.169520388370688     
   2.50016038730625      -0.165586784545032     
   2.50120691739721      -0.161650044981980     
   2.50225344748817      -0.157710170732698     
   2.50329997757913      -0.153767162727742     
   2.50434650767009      -0.149821022128325     
   2.50539303776105      -0.145871749999995     
   2.50643956785201      -0.141919347223814     
   2.50748609794297      -0.137963814999496     
   2.50853262803393      -0.134005154327916     
   2.50957915812490      -0.130043366133551     
   2.51062568821586      -0.126078451623365     
   2.51167221830682      -0.122110411778315     
   2.51271874839778      -0.118139247600003     
   2.51376527848874      -0.114164960226914     
   2.51481180857970      -0.110187550621100     
   2.51585833867066      -0.106207019786193     
   2.51690486876162      -0.102223368812243     
   2.51795139885259      -9.823659881089707E-002
   2.51899792894355      -9.424671076776907E-002
   2.52004445903451      -9.025370568000848E-002
   2.52109098912547      -8.625758462685119E-002
   2.52213751921643      -8.225834865374421E-002
   2.52318404930739      -7.825599879816400E-002
   2.52423057939835      -7.425053609942968E-002
   2.52527710948931      -7.024196159872827E-002
   2.52632363958027      -6.623027634590153E-002
   2.52737016967124      -6.221548138001534E-002
   2.52841669976220      -5.819757772772546E-002
   2.52946322985316      -5.417656644089220E-002
   2.53050975994412      -5.015244856877684E-002
   2.53155629003508      -4.612522514912490E-002
   2.53260282012604      -4.209489721285217E-002
   2.53364935021700      -3.806146581129974E-002
   2.53469588030796      -3.402493199002399E-002
   2.53574241039893      -2.998529677904695E-002
   2.53678894048989      -2.594256122506000E-002
   2.53783547058085      -2.189672636150651E-002
   2.53888200067181      -1.784779321287910E-002
   2.53992853076277      -1.379576281315590E-002
   2.54097506085373      -9.740636188727121E-003
   2.54202159094469      -5.682414363991386E-003
   2.54306812103565      -1.621098366220419E-003
   2.54411465112661       2.443310776365307E-003
   2.54516118121758       6.510812034432271E-003
   2.54620771130854       1.058140438028944E-002
   2.54725424139950       1.465508679063932E-002
   2.54830077149046       1.873185823670234E-002
   2.54934730158142       2.281171769000346E-002
   2.55039383167238       2.689466412379642E-002
   2.55144036176334       3.098069650333654E-002
   2.55248689185430       3.506981380569463E-002
   2.55353342194527       3.916201501147735E-002
   2.55457995203623       4.325729908623795E-002
   2.55562648212719       4.735566500118707E-002
   2.55667301221815       5.145711172999477E-002
   2.55771954230911       5.556163824463571E-002
   2.55876607240007       5.966924351616031E-002
   2.55981260249103       6.377992652051860E-002
   2.56085913258199       6.789368623334495E-002
   2.56190566267295       7.201052162141708E-002
   2.56295219276392       7.613043165539221E-002
   2.56399872285488       8.025341530998775E-002
   2.56504525294584       8.437947156174029E-002
   2.56609178303680       8.850859938484332E-002
   2.56713831312776       9.264079774510849E-002
   2.56818484321872       9.677606560743790E-002
   2.56923137330968       0.100914401948694     
   2.57027790340064       0.105055805751526     
   2.57132443349161       0.109200275999982     
   2.57237096358257       0.113347811662571     
   2.57341749367353       0.117498411655629     
   2.57446402376449       0.121652074990645     
   2.57551055385545       0.125808800681276     
   2.57655708394641       0.129968587566427     
   2.57760361403737       0.134131434517322     
   2.57865014412833       0.138297340400014     
   2.57969667421929       0.142466304038459     
   2.58074320431026       0.146638324251357     
   2.58178973440122       0.150813399918095     
   2.58283626449218       0.154991529961600     
   2.58388279458314       0.159172713272881     
   2.58492932467410       0.163356948575233     
   2.58597585476506       0.167544234700007     
   2.58702238485602       0.171734570648538     
   2.58806891494698       0.175927955172268     
   2.58911544503795       0.180124387142030     
   2.59016197512891       0.184323865480239     
   2.59120850521987       0.188526388930565     
   2.59225503531083       0.192731956410987     
   2.59330156540179       0.196940566800000     
   2.59434809549275       0.201152218853385     
   2.59539462558371       0.205366911501710     
   2.59644115567467       0.209584643625501     
   2.59748768576563       0.213805414030405     
   2.59853421585660       0.218029221536495     
   2.59958074594756       0.222256065069887     
   2.60062727603852       0.226485943499993     
   2.60167380612948       0.230718855591027     
   2.60272033622044       0.234954800221420     
   2.60376686631140       0.239193776267293     
   2.60481339640236       0.243435782596508     
   2.60585992649332       0.247680818099793     
   2.60690645658428       0.251928881556988     
   2.60795298667525       0.256179971799986     
   2.60899951676621       0.260434087768724     
   2.61004604685717       0.264691228297730     
   2.61109257694813       0.268951392190169     
   2.61213910703909       0.273214578301819     
   2.61318563713005       0.277480785582397     
   2.61423216722101       0.281750012789919     
   2.61527869731197       0.286022258699976     
   2.61632522740294       0.290297522145324     
   2.61737175749390       0.294575801627106     
   2.61841828758486       0.298857095727625     
   2.61946481767582       0.303141403139044     
   2.62051134776678       0.307428722508988     
   2.62155787785774       0.311719052463153     
   2.62260440794870       0.316012391600011     
   2.62365093803966       0.320308738528264     
   2.62469746813063       0.324608091987671     
   2.62574399822159       0.328910450542288     
   2.62679052831255       0.333215812729864     
   2.62783705840351       0.337524177351952     
   2.62888358849447       0.341835542964020     
   2.62993011858543       0.346149908100006     
   2.63097664867639       0.350467271445718     
   2.63202317876735       0.354787631730410     
   2.63306970885831       0.359110987525363     
   2.63411623894928       0.363437337360897     
   2.63516276904024       0.367766679957349     
   2.63620929913120       0.372099014009799     
   2.63725582922216       0.376434338099996     
   2.63830235931312       0.380772650741578     
   2.63934888940408       0.385113950636823     
   2.64039541949504       0.389458236479394     
   2.64144194958600       0.393805506893995     
   2.64248847967696       0.398155760451794     
   2.64353500976793       0.402508995725251     
   2.64458153985889       0.406865211399989     
   2.64562806994985       0.411224406235392     
   2.64667460004081       0.415586578732028     
   2.64772113013177       0.419951727492025     
   2.64876766022273       0.424319851193334     
   2.64981419031369       0.428690948413663     
   2.65086072040465       0.433065017873938     
   2.65190725049562       0.437442058199983     
   2.65295378058658       0.441822067880882     
   2.65400031067754       0.446205045703164     
   2.65504684076850       0.450590990279916     
   2.65609337085946       0.454979900053996     
   2.65713990095042       0.459371773531083     
   2.65818643104138       0.463766609282793     
   2.65923296113234       0.468164405799974     
   2.66027949122331       0.472565161481571     
   2.66132602131427       0.476968874901287     
   2.66237255140523       0.481375544551644     
   2.66341908149619       0.485785168892306     
   2.66446561158715       0.490197746506768     
   2.66551214167811       0.494613275830325     
   2.66655867176907       0.499031755300009     
   2.66760520186003       0.503453183446244     
   2.66865173195099       0.507877558775140     
   2.66969826204196       0.512304879784097     
   2.67074479213292       0.516735144984929     
   2.67179132222388       0.521168352905169     
   2.67283785231484       0.525604501946533     
   2.67388438240580       0.530043590600002     
   2.67493091249676       0.534485617491344     
   2.67597744258772       0.538930581029754     
   2.67702397267868       0.543378479663524     
   2.67807050276964       0.547829311934248     
   2.67911703286061       0.552283076406880     
   2.68016356295157       0.556739771517451     
   2.68121009304253       0.561199395699992     
   2.68225662313349       0.565661947478906     
   2.68330315322445       0.570127425430923     
   2.68434968331541       0.574595828005376     
   2.68539621340637       0.579067153630797     
   2.68644274349733       0.583541400901994     
   2.68748927358830       0.588018568234662     
   2.68853580367926       0.592498654099987     
   2.68958233377022       0.596981657123821     
   2.69062886386118       0.601467575785840     
   2.69167539395214       0.605956408484551     
   2.69272192404310       0.610448153679541     
   2.69376845413406       0.614942810006938     
   2.69481498422502       0.619440375898500     
   2.69586151431599       0.623940849799979     
   2.69690804440695       0.628444230254939     
   2.69795457449791       0.632950515596319     
   2.69900110458887       0.637459704211544     
   2.70004763467983       0.641971794560201     
   2.70109416477079       0.646486785072254     
   2.70214069486175       0.651004674164334     
   2.70318722495271       0.655525460200013     
   2.70423375504367       0.660049141523717     
   2.70528028513464       0.664575716645221     
   2.70632681522560       0.669105183953465     
   2.70737334531656       0.673637541796560     
   2.70841987540752       0.678172788690992     
   2.70946640549848       0.682710923010165     
   2.71051293558944       0.687251943100006     
   2.71155946568040       0.691795847372436     
   2.71260599577136       0.696342634255587     
   2.71365252586232       0.700892302200001     
   2.71469905595329       0.705444849625055     
   2.71574558604425       0.710000274862408     
   2.71679211613521       0.714558576344683     
   2.71783864622617       0.719119752499998     
   2.71888517631713       0.723683801706954     
   2.71993170640809       0.728250722427007     
   2.72097823649905       0.732820513028492     
   2.72202476659001       0.737393171871550     
   2.72307129668098       0.741968697472763     
   2.72411782677194       0.746547088193486     
   2.72516435686290       0.751128342399990     
   2.72621088695386       0.755712458552549     
   2.72725741704482       0.760299435046661     
   2.72830394713578       0.764889270263788     
   2.72935047722674       0.769481962610930     
   2.73039700731770       0.774077510536188     
   2.73144353740866       0.778675912428530     
   2.73249006749963       0.783277166699982     
   2.73353659759059       0.787881271800291     
   2.73458312768155       0.792488226065390     
   2.73562965777251       0.797098027899116     
   2.73667618786347       0.801710675750040     
   2.73772271795443       0.806326168001798     
   2.73876924804539       0.810944503056441     
   2.73981577813635       0.815565679299974     
   2.74086230822732       0.820189695083358     
   2.74190883831828       0.824816548765297     
   2.74295536840924       0.829446238712341     
   2.74400189850020       0.834078763279714     
   2.74504842859116       0.838714120805997     
   2.74609495868212       0.843352309753169     
   2.74714148877308       0.847993328500012     
   2.74818801886404       0.852637175288843     
   2.74923454895500       0.857283848536240     
   2.75028107904597       0.861933346624327     
   2.75132760913693       0.866585667901678     
   2.75237413922789       0.871240810777751     
   2.75342066931885       0.875898773636539     
   2.75446719940981       0.880559554800004     
   2.75551372950077       0.885223152576883     
   2.75656025959173       0.889889565450191     
   2.75760678968269       0.894558791745197     
   2.75865331977366       0.899230829732537     
   2.75969984986462       0.903905677892746     
   2.76074637995558       0.908583334602101     
   2.76179291004654       0.913263798199994     
   2.76283944013750       0.917947067054127     
   2.76388597022846       0.922633139523290     
   2.76493250031942       0.927322013968690     
   2.76597903041038       0.932013688749244     
   2.76702556050134       0.936708162216666     
   2.76807209059231       0.941405432770669     
   2.76911862068327       0.946105498799988     
   2.77016515077423       0.950808358654086     
   2.77121168086519       0.955514010696319     
   2.77225821095615       0.960222453280855     
   2.77330474104711       0.964933684772662     
   2.77435127113807       0.969647703579118     
   2.77539780122903       0.974364508076792     
   2.77644433132000       0.979084096599980     
   2.77749086141096       0.983806467464173     
   2.77853739150192       0.988531619047277     
   2.77958392159288       0.993259549817743     
   2.78063045168384       0.997990258117149     
   2.78167698177480        1.00272374197430     
   2.78272351186576        1.00746000008999     
   2.78377004195672        1.01219903100002     
   2.78481657204768        1.01694083276203     
   2.78586310213865        1.02168540402481     
   2.78690963222961        1.02643274316412     
   2.78795616232057        1.03118284823984     
   2.78900269241153        1.03593571739542     
   2.79004922250249        1.04069134909810     
   2.79109575259345        1.04544974200001     
   2.79214228268441        1.05021089465702     
   2.79318881277537        1.05497480506611     
   2.79423534286634        1.05974147181365     
   2.79528187295730        1.06451089337239     
   2.79632840304826        1.06928306703457     
   2.79737493313922        1.07405799234133     
   2.79842146323018        1.07883566800000     
   2.79946799332114        1.08361609084273     
   2.80051452341210        1.08839926009335     
   2.80156105350306        1.09318517433255     
   2.80260758359402        1.09797383151912     
   2.80365411368499        1.10276523037320     
   2.80470064377595        1.10755936920728     
   2.80574717386691        1.11235624599999     
   2.80679370395787        1.11715585889760     
   2.80784023404883        1.12195820714140     
   2.80888676413979        1.12676328889493     
   2.80993329423075        1.13157110179367     
   2.81097982432171        1.13638164458370     
   2.81202635441268        1.14119491578886     
   2.81307288450364        1.14601091399998     
   2.81411941459460        1.15082963783553     
   2.81516594468556        1.15565108486122     
   2.81621247477652        1.16047525337624     
   2.81725900486748        1.16530214204317     
   2.81830553495844        1.17013174876408     
   2.81935206504940        1.17496407249090     
   2.82039859514036        1.17979911199998     
   2.82144512523133        1.18463686524497     
   2.82249165532229        1.18947733049012     
   2.82353818541325        1.19432050574514     
   2.82458471550421        1.19916638932549     
   2.82563124559517        1.20401498056280     
   2.82667777568613        1.20886627700610     
   2.82772430577709        1.21372027700001     
   2.82877083586805        1.21857698034899     
   2.82981736595902        1.22343638415999     
   2.83086389604998        1.22829848621602     
   2.83191042614094        1.23316328552604     
   2.83295695623190        1.23803078123399     
   2.83400348632286        1.24290097102798     
   2.83505001641382        1.24777385300001     
   2.83609654650478        1.25264942639957     
   2.83714307659574        1.25752768952666     
   2.83818960668670        1.26240863992938     
   2.83923613677767        1.26729227563513     
   2.84028266686863        1.27217859637469     
   2.84132919695959        1.27706760051805     
   2.84237572705055        1.28195928600000     
   2.84342225714151        1.28685365109142     
   2.84446878723247        1.29175069392476     
   2.84551531732343        1.29665041277701     
   2.84656184741439        1.30155280636908     
   2.84760837750536        1.30645787388930     
   2.84865490759632        1.31136561312279     
   2.84970143768728        1.31627602199999     
   2.85074796777824        1.32118909932294     
   2.85179449786920        1.32610484320043     
   2.85284102796016        1.33102325183151     
   2.85388755805112        1.33594432398749     
   2.85493408814208        1.34086805894834     
   2.85598061823304        1.34579445403032     
   2.85702714832401        1.35072350699998     
   2.85807367841497        1.35565521720340     
   2.85912020850593        1.36058958319542     
   2.86016673859689        1.36552660325116     
   2.86121326868785        1.37046627548214     
   2.86225979877881        1.37540859788052     
   2.86330632886977        1.38035356953748     
   2.86435285896073        1.38530118899997     
   2.86539938905170        1.39025145374558     
   2.86644591914266        1.39520436238988     
   2.86749244923362        1.40015991355928     
   2.86853897932458        1.40511810575188     
   2.86958550941554        1.41007893761467     
   2.87063203950650        1.41504240725910     
   2.87167856959746        1.42000851300001     
   2.87272509968842        1.42497725352553     
   2.87377162977938        1.42994862673356     
   2.87481815987035        1.43492263144546     
   2.87586468996131        1.43989926656945     
   2.87691122005227        1.44487852947350     
   2.87795775014323        1.44986041893648     
   2.87900428023419        1.45484493400000     
   2.88005081032515        1.45983207305389     
   2.88109734041611        1.46482183432458     
   2.88214387050707        1.46981421581354     
   2.88319040059804        1.47480921583396     
   2.88423693068900        1.47980683357681     
   2.88528346077996        1.48480706722363     
   2.88632999087092        1.48980991499999     
   2.88737652096188        1.49481537562655     
   2.88842305105284        1.49982344699973     
   2.88946958114380        1.50483412793466     
   2.89051611123476        1.50984741734360     
   2.89156264132572        1.51486331260353     
   2.89260917141669        1.51988181245080     
   2.89365570150765        1.52490291599999     
   2.89470223159861        1.52992662168545     
   2.89574876168957        1.53495292703590     
   2.89679529178053        1.53998183051400     
   2.89784182187149        1.54501333128156     
   2.89888835196245        1.55004742794213     
   2.89993488205341        1.55508411813101     
   2.90098141214438        1.56012339999998     
   2.90202794223534        1.56516527274995     
   2.90307447232630        1.57020973499621     
   2.90412100241726        1.57525678489265     
   2.90516753250822        1.58030642064958     
   2.90621406259918        1.58535864100061     
   2.90726059269014        1.59041344394817     
   2.90830712278110        1.59547082800002     
   2.90935365287206        1.60053079234079     
   2.91040018296303        1.60559333445358     
   2.91144671305399        1.61065845271502     
   2.91249324314495        1.61572614633831     
   2.91353977323591        1.62079641394455     
   2.91458630332687        1.62586925304176     
   2.91563283341783        1.63094466200001     
   2.91667936350879        1.63602264051513     
   2.91772589359975        1.64110318672078     
   2.91877242369072        1.64618629851162     
   2.91981895378168        1.65127197425708     
   2.92086548387264        1.65636021301687     
   2.92191201396360        1.66145101350545     
   2.92295854405456        1.66654437400000     
   2.92400507414552        1.67164029260264     
   2.92505160423648        1.67673876792658     
   2.92609813432744        1.68183979843243     
   2.92714466441840        1.68694338273531     
   2.92819119450937        1.69204952006587     
   2.92923772460033        1.69715820813264     
   2.93028425469129        1.70226944499999     
   2.93133078478225        1.70738322992196     
   2.93237731487321        1.71249956132585     
   2.93342384496417        1.71761843787147     
   2.93447037505513        1.72273985799347     
   2.93551690514609        1.72786381908376     
   2.93656343523705        1.73299032029183     
   2.93760996532802        1.73811936099998     
   2.93865649541898        1.74325093954816     
   2.93970302550994        1.74838505345325     
   2.94074955560090        1.75352170124050     
   2.94179608569186        1.75866088202482     
   2.94284261578282        1.76380259420561     
   2.94388914587378        1.76894683639166     
   2.94493567596474        1.77409360699997     
   2.94598220605571        1.77924290410217     
   2.94702873614667        1.78439472613672     
   2.94807526623763        1.78954907205970     
   2.94912179632859        1.79470594072094     
   2.95016832641955        1.79986533009198     
   2.95121485651051        1.80502723863793     
   2.95226138660147        1.81019166500001     
   2.95330791669243        1.81535860768730     
   2.95435444678340        1.82052806521909     
   2.95540097687436        1.82570003621176     
   2.95644750696532        1.83087451915017     
   2.95749403705628        1.83605151211009     
   2.95854056714724        1.84123101344888     
   2.95958709723820        1.84641302200000     
   2.96063362732916        1.85159753677285     
   2.96168015742012        1.85678455584088     
   2.96272668751108        1.86197407746040     
   2.96377321760205        1.86716610035454     
   2.96481974769301        1.87236062351198     
   2.96586627778397        1.87755764562316     
   2.96691280787493        1.88275716500000     
   2.96795933796589        1.88795917974811     
   2.96900586805685        1.89316368834101     
   2.97005239814781        1.89837068962737     
   2.97109892823877        1.90358018254049     
   2.97214545832973        1.90879216565091     
   2.97319198842070        1.91400663698825     
   2.97423851851166        1.91922359499999     
   2.97528504860262        1.92444303879760     
   2.97633157869358        1.92966496685277     
   2.97737810878454        1.93488937774769     
   2.97842463887550        1.94011626998145     
   2.97947116896646        1.94534564151196     
   2.98051769905742        1.95057749121409     
   2.98156422914839        1.95581181799998     
   2.98261075923935        1.96104862027954     
   2.98365728933031        1.96628789659245     
   2.98470381942127        1.97152964552992     
   2.98575034951223        1.97677386559900     
   2.98679687960319        1.98202055521070     
   2.98784340969415        1.98726971353164     
   2.98888993978511        1.99252133900002     
   2.98993646987608        1.99777542908506     
   2.99098299996704        2.00303198289732     
   2.99202953005800        2.00829099915697     
   2.99307606014896        2.01355247632307     
   2.99412259023992        2.01881641355252     
   2.99516912033088        2.02408280905078     
   2.99621565042184        2.02935166100001     
   2.99726218051280        2.03462296808757     
   2.99830871060376        2.03989672871612     
   2.99935524069473        2.04517294177118     
   3.00040177078569        2.05045160614496     
   3.00144830087665        2.05573271982992     
   3.00249483096761        2.06101628115891     
   3.00354136105857        2.06630228900000     
   3.00458789114953        2.07159074236301     
   3.00563442124049        2.07688163920831     
   3.00668095133145        2.08217497810771     
   3.00772748142241        2.08747075815962     
   3.00877401151338        2.09276897798416     
   3.00982054160434        2.09806963520878     
   3.01086707169530        2.10337272799999     
   3.01191360178626        2.10867825557114     
   3.01296013187722        2.11398621638216     
   3.01400666196818        2.11929660901569     
   3.01505319205914        2.12460943196793     
   3.01609972215010        2.12992468314558     
   3.01714625224107        2.13524236164734     
   3.01819278233203        2.14056246599998     
   3.01923931242299        2.14588499364934     
   3.02028584251395        2.15120994363134     
   3.02133237260491        2.15653731487970     
   3.02237890269587        2.16186710568623     
   3.02342543278683        2.16719931399282     
   3.02447196287779        2.17253393895041     
   3.02551849296876        2.17787097899998     
   3.02656502305972        2.18321043154587     
   3.02761155315068        2.18855229633627     
   3.02865808324164        2.19389657180227     
   3.02970461333260        2.19924325541964     
   3.03075114342356        2.20459234588176     
   3.03179767351452        2.20994384212237     
   3.03284420360548        2.21529774300002     
   3.03389073369644        2.22065404702271     
   3.03493726378741        2.22601275188365     
   3.03598379387837        2.23137385556465     
   3.03703032396933        2.23673735698041     
   3.03807685406029        2.24210325591433     
   3.03912338415125        2.24747154962183     
   3.04016991424221        2.25284223600001     
   3.04121644433317        2.25821531490950     
   3.04226297442413        2.26359078452909     
   3.04330950451509        2.26896864257656     
   3.04435603460606        2.27434888755637     
   3.04540256469702        2.27973151934143     
   3.04644909478798        2.28511653518859     
   3.04749562487894        2.29050393300000     
   3.04854215496990        2.29589371266030     
   3.04958868506086        2.30128587212246     
   3.05063521515182        2.30668040972405     
   3.05168174524278        2.31207732410509     
   3.05272827533375        2.31747661316948     
   3.05377480542471        2.32287827588419     
   3.05482133551567        2.32828231099999     
   3.05586786560663        2.33368871645622     
   3.05691439569759        2.33909749080215     
   3.05796092578855        2.34450863272639     
   3.05900745587951        2.34992214066887     
   3.06005398597047        2.35533801265535     
   3.06110051606143        2.36075624730406     
   3.06214704615240        2.36617684299998     
   3.06319357624336        2.37159979775222     
   3.06424010633432        2.37702511072597     
   3.06528663642528        2.38245278034129     
   3.06633316651624        2.38788280465874     
   3.06737969660720        2.39331518254502     
   3.06842622669816        2.39874991155518     
   3.06947275678912        2.40418698999997     
   3.07051928688009        2.40962641759876     
   3.07156581697105        2.41506819246763     
   3.07261234706201        2.42051231254212     
   3.07365887715297        2.42595877615908     
   3.07470540724393        2.43140758201695     
   3.07575193733489        2.43685872814321     
   3.07679846742585        2.44231221300001     
   3.07784499751681        2.44776803573733     
   3.07889152760777        2.45322619436427     
   3.07993805769874        2.45868668727056     
   3.08098458778970        2.46414951307115     
   3.08203111788066        2.46961466978037     
   3.08307764797162        2.47508215589040     
   3.08412417806258        2.48055197000000     
   3.08517070815354        2.48602411060374     
   3.08621723824450        2.49149857648197     
   3.08726376833546        2.49697536552800     
   3.08831029842643        2.50245447554871     
   3.08935682851739        2.50793590573153     
   3.09040335860835        2.51341965477955     
   3.09144988869931        2.51890572099999     
   3.09249641879027        2.52439410254257     
   3.09354294888123        2.52988479743147     
   3.09458947897219        2.53537780428423     
   3.09563600906315        2.54087312218028     
   3.09668253915411        2.54637074989835     
   3.09772906924508        2.55187068437772     
   3.09877559933604        2.55737292399998     
   3.09982212942700        2.56287746912228     
   3.10086865951796        2.56838431650942     
   3.10191518960892        2.57389346474619     
   3.10296171969988        2.57940491344651     
   3.10400824979084        2.58491865991817     
   3.10505477988180        2.59043470249409     
   3.10610130997277        2.59595303999998     
   3.10714784006373        2.60147367093951     
   3.10819437015469        2.60699659321804     
   3.10924090024565        2.61252180569444     
   3.11028743033661        2.61804930725195     
   3.11133396042757        2.62357909519825     
   3.11238049051853        2.62911116859705     
   3.11342702060949        2.63464552600002     
   3.11447355070045        2.64018216477018     
   3.11552008079142        2.64572108466645     
   3.11656661088238        2.65126228410350     
   3.11761314097334        2.65680576057098     
   3.11865967106430        2.66235151284804     
   3.11970620115526        2.66789953946147     
   3.12075273124622        2.67344983900001     
   3.12179926133718        2.67900241008856     
   3.12284579142814        2.68455725024232     
   3.12389232151911        2.69011435790135     
   3.12493885161007        2.69567373224052     
   3.12598538170103        2.70123537186106     
   3.12703191179199        2.70679927439532     
   3.12807844188295        2.71236543800000     
   3.12912497197391        2.71793386187817     
   3.13017150206487        2.72350454460980     
   3.13121803215583        2.72907748444606     
   3.13226456224679        2.73465267952062     
   3.13331109233776        2.74023012799070     
   3.13435762242872        2.74580982819081     
   3.13540415251968        2.75139177899999     
   3.13645068261064        2.75697597947334     
   3.13749721270160        2.76256242706274     
   3.13854374279256        2.76815112027208     
   3.13959027288352        2.77374205821760     
   3.14063680297448        2.77933523888805     
   3.14168333306545        2.78493066038494     
   3.14272986315641        2.79052832099998     
   3.14377639324737        2.79612821929696     
   3.14482292333833        2.80173035449220     
   3.14586945342929        2.80733472471088     
   3.14691598352025        2.81294132761056     
   3.14796251361121        2.81855016192615     
   3.14900904370217        2.82416122620724     
   3.15005557379313        2.82977451899997     
   3.15110210388410        2.83539003889423     
   3.15214863397506        2.84100778392542     
   3.15319516406602        2.84662775256260     
   3.15424169415698        2.85224994337002     
   3.15528822424794        2.85787435427871     
   3.15633475433890        2.86350098421398     
   3.15738128442986        2.86912983200001     
   3.15842781452082        2.87476089562494     
   3.15947434461179        2.88039417289977     
   3.16052087470275        2.88602966308558     
   3.16156740479371        2.89166736538328     
   3.16261393488467        2.89730727659795     
   3.16366046497563        2.90294939541243     
   3.16470699506659        2.90859372100001     
   3.16575352515755        2.91424025173818     
   3.16680005524851        2.91988898554485     
   3.16784658533947        2.92553992128441     
   3.16889311543044        2.93119305783868     
   3.16993964552140        2.93684839255444     
   3.17098617561236        2.94250592432872     
   3.17203270570332        2.94816565200000     
   3.17307923579428        2.95382757347112     
   3.17412576588524        2.95949168733285     
   3.17517229597620        2.96515799217084     
   3.17621882606716        2.97082648650673     
   3.17726535615812        2.97649716898184     
   3.17831188624909        2.98217003770896     
   3.17935841634005        2.98784509099999     
   3.18040494643101        2.99352232754014     
   3.18145147652197        2.99920174526299     
   3.18249800661293        3.00488334289193     
   3.18354453670389        3.01056711941226     
   3.18459106679485        3.01625307277138     
   3.18563759688581        3.02194120140333     
   3.18668412697678        3.02763150399998     
   3.18773065706774        3.03332397909416     
   3.18877718715870        3.03901862475952     
   3.18982371724966        3.04471543937743     
   3.19087024734062        3.05041442158243     
   3.19191677743158        3.05611556987026     
   3.19296330752254        3.06181888289134     
   3.19400983761350        3.06752435899997     
   3.19505636770447        3.07323199625417     
   3.19610289779543        3.07894179340959     
   3.19714942788639        3.08465374854369     
   3.19819595797735        3.09036785995065     
   3.19924248806831        3.09608412752127     
   3.20028901815927        3.10180254864509     
   3.20133554825023        3.10752312100001     
   3.20238207834119        3.11324584398060     
   3.20342860843215        3.11897071599730     
   3.20447513852312        3.12469773571236     
   3.20552166861408        3.13042690155503     
   3.20656819870504        3.13615821083929     
   3.20761472879600        3.14189166305606     
   3.20866125888696        3.14762725700000     
   3.20970778897792        3.15336498992335     
   3.21075431906888        3.15910486179445     
   3.21180084915984        3.16484687048105     
   3.21284737925080        3.17059101328198     
   3.21389390934177        3.17633729069630     
   3.21494043943273        3.18208570071705     
   3.21598696952369        3.18783624099999     
   3.21703349961465        3.19358891040886     
   3.21808002970561        3.19934370746014     
   3.21912655979657        3.20510063066581     
   3.22017308988753        3.21085967858413     
   3.22121961997849        3.21662084972221     
   3.22226615006946        3.22238414275819     
   3.22331268016042        3.22814955599998     
   3.22435921025138        3.23391708748146     
   3.22540574034234        3.23968673639500     
   3.22645227043330        3.24545850107766     
   3.22749880052426        3.25123237965462     
   3.22854533061522        3.25700837149851     
   3.22959186070618        3.26278647417217     
   3.23063839079715        3.26856668599997     
   3.23168492088811        3.27434900678442     
   3.23273145097907        3.28013343379326     
   3.23377798107003        3.28591996583074     
   3.23482451116099        3.29170860238427     
   3.23587104125195        3.29749934081000     
   3.23691757134291        3.30329217935859     
   3.23796410143387        3.30908711700002     
   3.23901063152483        3.31488415269719     
   3.24005716161580        3.32068328449835     
   3.24110369170676        3.32648451074416     
   3.24215022179772        3.33228783009266     
   3.24319675188868        3.33809324103175     
   3.24424328197964        3.34390074222215     
   3.24528981207060        3.34971033200001     
   3.24633634216156        3.35552200841092     
   3.24738287225252        3.36133577045457     
   3.24842940234348        3.36715161700040     
   3.24947593243445        3.37296954637803     
   3.25052246252541        3.37878955653295     
   3.25156899261637        3.38461164656310     
   3.25261552270733        3.39043581500000     
   3.25366205279829        3.39626205930125     
   3.25470858288925        3.40209037838388     
   3.25575511298021        3.40792077150990     
   3.25680164307117        3.41375323733597     
   3.25784817316214        3.41958777337863     
   3.25889470325310        3.42542437800483     
   3.25994123334406        3.43126304999999     
   3.26098776343502        3.43710378825804     
   3.26203429352598        3.44294659217185     
   3.26308082361694        3.44879145929619     
   3.26412735370790        3.45463838710747     
   3.26517388379886        3.46048737597845     
   3.26622041388983        3.46633842429248     
   3.26726694398079        3.47219152999998     
   3.26831347407175        3.47804669185264     
   3.26936000416271        3.48390390842428     
   3.27040653425367        3.48976317810355     
   3.27145306434463        3.49562449954848     
   3.27249959443559        3.50148787199999     
   3.27354612452655        3.50735329307895     
   3.27459265461751        3.51322076099997     
   3.27563918470848        3.51909027547092     
   3.27668571479944        3.52496183509099     
   3.27773224489040        3.53083543792308     
   3.27877877498136        3.53671108223868     
   3.27982530507232        3.54258876711362     
   3.28087183516328        3.54846849129048     
   3.28191836525424        3.55435025300002     
   3.28296489534520        3.56023405032129     
   3.28401142543616        3.56611988229458     
   3.28505795552713        3.57200774766636     
   3.28610448561809        3.57789764486222     
   3.28715101570905        3.58378957248942     
   3.28819754580001        3.58968352892646     
   3.28924407589097        3.59557951300001     
   3.29029060598193        3.60147752379670     
   3.29133713607289        3.60737755865731     
   3.29238366616385        3.61327961638604     
   3.29343019625482        3.61918369648558     
   3.29447672634578        3.62508979680833     
   3.29552325643674        3.63099791570405     
   3.29656978652770        3.63690805199999     
   3.29761631661866        3.64282020464946     
   3.29866284670962        3.64873437231544     
   3.29970937680058        3.65465055309843     
   3.30075590689154        3.66056874525655     
   3.30180243698250        3.66648894804360     
   3.30284896707347        3.67241115942537     
   3.30389549716443        3.67833537799998     
   3.30494202725539        3.68426160344758     
   3.30598855734635        3.69018983324949     
   3.30703508743731        3.69612006565508     
   3.30808161752827        3.70205229996755     
   3.30912814761923        3.70798653530055     
   3.31017467771019        3.71392276920217     
   3.31122120780116        3.71986099999997     
   3.31226773789212        3.72580122743732     
   3.31331426798308        3.73174344936763     
   3.31436079807404        3.73768766445101     
   3.31540732816500        3.74363387170080     
   3.31645385825596        3.74958206887973     
   3.31750038834692        3.75553225523627     
   3.31854691843788        3.76148442999996     
   3.31959344852884        3.76743859146561     
   3.32063997861981        3.77339473818492     
   3.32168650871077        3.77935286875219     
   3.32273303880173        3.78531298167484     
   3.32377956889269        3.79127507540759     
   3.32482609898365        3.79723914892813     
   3.32587262907461        3.80320520100001     
   3.32691915916557        3.80917323002006     
   3.32796568925653        3.81514323518998     
   3.32901221934750        3.82111521473144     
   3.33005874943846        3.82708916685335     
   3.33110527952942        3.83306509143792     
   3.33215180962038        3.83904298602070     
   3.33319833971134        3.84502284900000     
   3.33424486980230        3.85100468066152     
   3.33529139989326        3.85698847842854     
   3.33633792998422        3.86297424054469     
   3.33738446007518        3.86896196630484     
   3.33843099016615        3.87495165458947     
   3.33947752025711        3.88094330400713     
   3.34052405034807        3.88693691299999     
   3.34157058043903        3.89293248008812     
   3.34261711052999        3.89893000440342     
   3.34366364062095        3.90492948432149     
   3.34471017071191        3.91093091792728     
   3.34575670080287        3.91693430424161     
   3.34680323089384        3.92293964245454     
   3.34784976098480        3.92894693099998     
   3.34889629107576        3.93495616780887     
   3.34994282116672        3.94096735266308     
   3.35098935125768        3.94698048375881     
   3.35203588134864        3.95299555874566     
   3.35308241143960        3.95901257741112     
   3.35412894153056        3.96503153828143     
   3.35517547162152        3.97105243999997     
   3.35622200171249        3.97707528173738     
   3.35726853180345        3.98310006068042     
   3.35831506189441        3.98912677603518     
   3.35936159198537        3.99515542760987     
   3.36040812207633        4.00118601250257     
   3.36145465216729        4.00721852982569     
   3.36250118225825        4.01325297900002     
   3.36354771234921        4.01928935831846     
   3.36459424244018        4.02532766566510     
   3.36564077253114        4.03136790002747     
   3.36668730262210        4.03741006081603     
   3.36773383271306        4.04345414637861     
   3.36878036280402        4.04950015527395     
   3.36982689289498        4.05554808600001     
   3.37087342298594        4.06159793702754     
   3.37191995307690        4.06764970782094     
   3.37296648316786        4.07370339731465     
   3.37401301325883        4.07975900381333     
   3.37505954334979        4.08581652571508     
   3.37610607344075        4.09187596246818     
   3.37715260353171        4.09793731300000     
   3.37819913362267        4.10400057517150     
   3.37924566371363        4.11006574774574     
   3.38029219380459        4.11613283031074     
   3.38133872389555        4.12220182188237     
   3.38238525398652        4.12827271959562     
   3.38343178407748        4.13434552319657     
   3.38447831416844        4.14042023199999     
   3.38552484425940        4.14649684362887     
   3.38657137435036        4.15257535779096     
   3.38761790444132        4.15865577298776     
   3.38866443453228        4.16473808725960     
   3.38971096462324        4.17082230040241     
   3.39075749471420        4.17690841051562     
   3.39180402480517        4.18299641599998     
   3.39285055489613        4.18908631650499     
   3.39389708498709        4.19517811056098     
   3.39494361507805        4.20127179644267     
   3.39599014516901        4.20736737287978     
   3.39703667525997        4.21346483939530     
   3.39808320535093        4.21956419462231     
   3.39912973544189        4.22566543699997     
   3.40017626553286        4.23176856515389     
   3.40122279562382        4.23787357722399     
   3.40226932571478        4.24398047284742     
   3.40331585580574        4.25008925157381     
   3.40436238589670        4.25619991039339     
   3.40540891598766        4.26231244916542     
   3.40645544607862        4.26842686700001     
   3.40750197616958        4.27454316100297     
   3.40854850626054        4.28066133151348     
   3.40959503635151        4.28678137688263     
   3.41064156644247        4.29290329469075     
   3.41168809653343        4.29902708534965     
   3.41273462662439        4.30515274699317     
   3.41378115671535        4.31128027800000     
   3.41482768680631        4.31740967810785     
   3.41587421689727        4.32354094506607     
   3.41692074698823        4.32967407782761     
   3.41796727707920        4.33580907579892     
   3.41901380717016        4.34194593665404     
   3.42006033726112        4.34808465965454     
   3.42110686735208        4.35422524399999     
   3.42215339744304        4.36036768794699     
   3.42319992753400        4.36651199055473     
   3.42424645762496        4.37265815048616     
   3.42529298771592        4.37880616623000     
   3.42633951780688        4.38495603686567     
   3.42738604789785        4.39110776092687     
   3.42843257798881        4.39726133699998     
   3.42947910807977        4.40341676409987     
   3.43052563817073        4.40957404119170     
   3.43157216826169        4.41573316698321     
   3.43261869835265        4.42189413991163     
   3.43366522844361        4.42805695836080     
   3.43471175853457        4.43422162170790     
   3.43575828862554        4.44038812899997     
   3.43680481871650        4.44655647852852     
   3.43785134880746        4.45272666953001     
   3.43889787889842        4.45889870016297     
   3.43994440898938        4.46507256868860     
   3.44099093908034        4.47124827547926     
   3.44203746917130        4.47742581815811     
   3.44308399926226        4.48360519499996     
   3.44413052935322        4.48978640629053     
   3.44517705944419        4.49596944992296     
   3.44622358953515        4.50215432430084     
   3.44727011962611        4.50834102862794     
   3.44831664971707        4.51452956183985     
   3.44936317980803        4.52071992239809     
   3.45040970989899        4.52691210900001     
   3.45145623998995        4.53310612069077     
   3.45250277008091        4.53930195574008     
   3.45354930017188        4.54549961331577     
   3.45459583026284        4.55169909270470     
   3.45564236035380        4.55790039171449     
   3.45668889044476        4.56410350912692     
   3.45773542053572        4.57030844400000     
   3.45878195062668        4.57651519515706     
   3.45982848071764        4.58272376175481     
   3.46087501080860        4.58893414202932     
   3.46192154089956        4.59514633416978     
   3.46296807099053        4.60136033783206     
   3.46401460108149        4.60757615159412     
   3.46506113117245        4.61379377399999     
   3.46610766126341        4.62001320413181     
   3.46715419135437        4.62623444042156     
   3.46820072144533        4.63245748157364     
   3.46924725153629        4.63868232661497     
   3.47029378162725        4.64490897448132     
   3.47134031171822        4.65113742381085     
   3.47238684180918        4.65736767299998     
   3.47343337190014        4.66359972055528     
   3.47447990199110        4.66983356595020     
   3.47552643208206        4.67606920808247     
   3.47657296217302        4.68230664528488     
   3.47761949226398        4.68854587608480     
   3.47866602235494        4.69478689932129     
   3.47971255244590        4.70102971399997     
   3.48075908253687        4.70727431903948     
   3.48180561262783        4.71352071285105     
   3.48285214271879        4.71976889424792     
   3.48389867280975        4.72601886217557     
   3.48494520290071        4.73227061502779     
   3.48599173299167        4.73852415163017     
   3.48703826308263        4.74477947100002     
   3.48808479317359        4.75103657203119     
   3.48913132326456        4.75729545331382     
   3.49017785335552        4.76355611317161     
   3.49122438344648        4.76981855031208     
   3.49227091353744        4.77608276439143     
   3.49331744362840        4.78234875346736     
   3.49436397371936        4.78861651600001     
   3.49541050381032        4.79488605164023     
   3.49645703390128        4.80115735871783     
   3.49750356399224        4.80743043606486     
   3.49855009408321        4.81370528259608     
   3.49959662417417        4.81998189612594     
   3.50064315426513        4.82626027577893     
   3.50168968435609        4.83254042100000     
   3.50273621444705        4.83882233058522     
   3.50378274453801        4.84510600255800     
   3.50482927462897        4.85139143538353     
   3.50587580471993        4.85767862824916     
   3.50692233481089        4.86396758067789     
   3.50796886490186        4.87025829084577     
   3.50901539499282        4.87655075699998     
   3.51006192508378        4.88284497827244     
   3.51110845517474        4.88914095366825     
   3.51215498526570        4.89543868174768     
   3.51320151535666        4.90173816106103     
   3.51424804544762        4.90803939071112     
   3.51529457553858        4.91434236906906     
   3.51634110562955        4.92064709499997     
   3.51738763572051        4.92695356805012     
   3.51843416581147        4.93326178611505     
   3.51948069590243        4.93957174780072     
   3.52052722599339        4.94588345216779     
   3.52157375608435        4.95219689747762     
   3.52262028617531        4.95851208303497     
   3.52366681626627        4.96482900799996     
   3.52471334635724        4.97114767070071     
   3.52575987644820        4.97746806961725     
   3.52680640653916        4.98379020353444     
   3.52785293663012        4.99011407143241     
   3.52889946672108        4.99643967225358     
   3.52994599681204        5.00276700465365     
   3.53099252690300        5.00909606700001     
   3.53203905699396        5.01542685778386     
   3.53308558708492        5.02175937670369     
   3.53413211717589        5.02809362203722     
   3.53517864726685        5.03442959198150     
   3.53622517735781        5.04076728702958     
   3.53727170744877        5.04710670432538     
   3.53831823753973        5.05344784200000     
   3.53936476763069        5.05979070090167     
   3.54041129772165        5.06613527906477     
   3.54145782781261        5.07248157434671     
   3.54250435790357        5.07882958574546     
   3.54355088799454        5.08517931343813     
   3.54459741808550        5.09153075517665     
   3.54564394817646        5.09788390899999     
   3.54669047826742        5.10423877464689     
   3.54773700835838        5.11059535108068     
   3.54878353844934        5.11695363681035     
   3.54983006854030        5.12331363041366     
   3.55087659863126        5.12967533094162     
   3.55192312872223        5.13603873696138     
   3.55296965881319        5.14240384699998     
   3.55401618890415        5.14877066003122     
   3.55506271899511        5.15513917564552     
   3.55610924908607        5.16150939229136     
   3.55715577917703        5.16788130802192     
   3.55820230926799        5.17425492207869     
   3.55924883935895        5.18063023270864     
   3.56029536944992        5.18700723899997     
   3.56134189954088        5.19338594102520     
   3.56238842963184        5.19976633590968     
   3.56343495972280        5.20614842279383     
   3.56448148981376        5.21253220151952     
   3.56552801990472        5.21891766908552     
   3.56657454999568        5.22530482502204     
   3.56762108008664        5.23169366900002     
   3.56866761017760        5.23808419918094     
   3.56971414026857        5.24447641389499     
   3.57076067035953        5.25087031239731     
   3.57180720045049        5.25726589392567     
   3.57285373054145        5.26366315633000     
   3.57390026063241        5.27006209825834     
   3.57494679072337        5.27646271900001     
   3.57599332081433        5.28286501788672     
   3.57703985090529        5.28926899343541     
   3.57808638099625        5.29567464405866     
   3.57913291108722        5.30208196838536     
   3.58017944117818        5.30849096535553     
   3.58122597126914        5.31490163398684     
   3.58227250136010        5.32131397300000     
   3.58331903145106        5.32772798083734     
   3.58436556154202        5.33414365643810     
   3.58541209163298        5.34056099874118     
   3.58645862172394        5.34698000663722     
   3.58750515181491        5.35340067909168     
   3.58855168190587        5.35982301475098     
   3.58959821199683        5.36624701199999     
   3.59064474208779        5.37267266934561     
   3.59169127217875        5.37909998629498     
   3.59273780226971        5.38552896165254     
   3.59378433236067        5.39195959382437     
   3.59483086245163        5.39839188189706     
   3.59587739254260        5.40482582445581     
   3.59692392263356        5.41126141999997     
   3.59797045272452        5.41769866749572     
   3.59901698281548        5.42413756668778     
   3.60006351290644        5.43057811559736     
   3.60111004299740        5.43702031199043     
   3.60215657308836        5.44346415611381     
   3.60320310317932        5.44990964665040     
   3.60424963327028        5.45635678199997     
   3.60529616336125        5.46280556125624     
   3.60634269345221        5.46925598328459     
   3.60738922354317        5.47570804704670     
   3.60843575363413        5.48216175140162     
   3.60948228372509        5.48861709475892     
   3.61052881381605        5.49507407596265     
   3.61157534390701        5.50153269400001     
   3.61262187399797        5.50799294775115     
   3.61366840408893        5.51445483610001     
   3.61471493417990        5.52091835802469     
   3.61576146427086        5.52738351237648     
   3.61680799436182        5.53385029760324     
   3.61785452445278        5.54031871239160     
   3.61890105454374        5.54678875600001     
   3.61994758463470        5.55326042783913     
   3.62099411472566        5.55973372575441     
   3.62204064481662        5.56620864853656     
   3.62308717490759        5.57268519572743     
   3.62413370499855        5.57916336618124     
   3.62518023508951        5.58564315839615     
   3.62622676518047        5.59212457099999     
   3.62727329527143        5.59860760297857     
   3.62831982536239        5.60509225341975     
   3.62936635545335        5.61157852070143     
   3.63041288554431        5.61806640352068     
   3.63145941563527        5.62455590215300     
   3.63250594572624        5.63104701422708     
   3.63355247581720        5.63753973799998     
   3.63459900590816        5.64403407372438     
   3.63564553599912        5.65053001971729     
   3.63669206609008        5.65702757468029     
   3.63773859618104        5.66352673761818     
   3.63878512627200        5.67002750679925     
   3.63983165636296        5.67652988155463     
   3.64087818645393        5.68303386099997     
   3.64192471654489        5.68953944343930     
   3.64297124663585        5.69604662778273     
   3.64401777672681        5.70255541309310     
   3.64506430681777        5.70906579816711     
   3.64611083690873        5.71557778135571     
   3.64715736699969        5.72209136184138     
   3.64820389709065        5.72860653899996     
   3.64925042718161        5.73512331167001     
   3.65029695727258        5.74164167772298     
   3.65134348736354        5.74816163603332     
   3.65239001745450        5.75468318608914     
   3.65343654754546        5.76120632664998     
   3.65448307763642        5.76773105669867     
   3.65552960772738        5.77425737500001     
   3.65657613781834        5.78078527997934     
   3.65762266790930        5.78731477058504     
   3.65866919800027        5.79384584573613     
   3.65971572809123        5.80037850433928     
   3.66076225818219        5.80691274544753     
   3.66180878827315        5.81344856731350     
   3.66285531836411        5.81998596900000     
   3.66390184845507        5.82652495052038     
   3.66494837854603        5.83306550967529     
   3.66599490863699        5.83960764521352     
   3.66704143872795        5.84615135669724     
   3.66808796881892        5.85269664289369     
   3.66913449890988        5.85924350267899     
   3.67018102900084        5.86579193499999     
   3.67122755909180        5.87234193875385     
   3.67227408918276        5.87889351280411     
   3.67332061927372        5.88544665617995     
   3.67436714936468        5.89200136769197     
   3.67541367945564        5.89855764557554     
   3.67646020954661        5.90511548952138     
   3.67750673963757        5.91167489899998     
   3.67855326972853        5.91823587226018     
   3.67959979981949        5.92479840750329     
   3.68064632991045        5.93136250431586     
   3.68169286000141        5.93792816229635     
   3.68273939009237        5.94449537900675     
   3.68378592018333        5.95106415404625     
   3.68483245027429        5.95763448699997     
   3.68587898036526        5.96420637606849     
   3.68692551045622        5.97077981951256     
   3.68797204054718        5.97735481676962     
   3.68901857063814        5.98393136755653     
   3.69006510072910        5.99050947024119     
   3.69111163082006        5.99708912301281     
   3.69215816091102        6.00367032500002     
   3.69320469100198        6.01025307613685     
   3.69425122109295        6.01683737478790     
   3.69529775118391        6.02342321962425     
   3.69634428127487        6.03001060968236     
   3.69739081136583        6.03659954369378     
   3.69843734145679        6.04319002121371     
   3.69948387154775        6.04978204100001     
   3.70053040163871        6.05637560085005     
   3.70157693172967        6.06297070077610     
   3.70262346182063        6.06956733984535     
   3.70366999191160        6.07616551630695     
   3.70471652200256        6.08276522919801     
   3.70576305209352        6.08936647749733     
   3.70680958218448        6.09596926000000     
   3.70785611227544        6.10257357557873     
   3.70890264236640        6.10917942386838     
   3.70994917245736        6.11578680322687     
   3.71099570254832        6.12239571178090     
   3.71204223263929        6.12900614955596     
   3.71308876273025        6.13561811587565     
   3.71413529282121        6.14223160899998     
   3.71518182291217        6.14884662690792     
   3.71622835300313        6.15546316959012     
   3.71727488309409        6.16208123611567     
   3.71832141318505        6.16870082472797     
   3.71936794327601        6.17532193436839     
   3.72041447336697        6.18194456445761     
   3.72146100345794        6.18856871399997     
   3.72250753354890        6.19519438134961     
   3.72355406363986        6.20182156533059     
   3.72460059373082        6.20845026523076     
   3.72564712382178        6.21508048029205     
   3.72669365391274        6.22171220920723     
   3.72774018400370        6.22834545151654     
   3.72878671409466        6.23498020599996     
   3.72983324418563        6.24161647045861     
   3.73087977427659        6.24825424480295     
   3.73192630436755        6.25489352838303     
   3.73297283445851        6.26153431984903     
   3.73401936454947        6.26817661818490     
   3.73506589464043        6.27482042222048     
   3.73611242473139        6.28146573100001     
   3.73715895482235        6.28811254389243     
   3.73820548491331        6.29476085994272     
   3.73925201500428        6.30141067755102     
   3.74029854509524        6.30806199538970     
   3.74134507518620        6.31471481349767     
   3.74239160527716        6.32136913059449     
   3.74343813536812        6.32802494500000     
   3.74448466545908        6.33468225571264     
   3.74553119555004        6.34134106284017     
   3.74657772564100        6.34800136485267     
   3.74762425573197        6.35466315982012     
   3.74867078582293        6.36132644795282     
   3.74971731591389        6.36799122781101     
   3.75076384600485        6.37465749799999     
   3.75181037609581        6.38132525808841     
   3.75285690618677        6.38799450675460     
   3.75390343627773        6.39466524335531     
   3.75494996636869        6.40133746705265     
   3.75599649645965        6.40801117537735     
   3.75704302655062        6.41468636849985     
   3.75808955664158        6.42136304599998     
   3.75913608673254        6.42804120545055     
   3.76018261682350        6.43472084616932     
   3.76122914691446        6.44140196776084     
   3.76227567700542        6.44808456926952     
   3.76332220709638        6.45476864897144     
   3.76436873718734        6.46145420614787     
   3.76541526727831        6.46814123999997     
   3.76646179736927        6.47482974924755     
   3.76750832746023        6.48151973358882     
   3.76855485755119        6.48821119125448     
   3.76960138764215        6.49490412047508     
   3.77064791773311        6.50159852204534     
   3.77169444782407        6.50829439407473     
   3.77274097791503        6.51499173500002     
   3.77378750800599        6.52169054500323     
   3.77483403809696        6.52839082245913     
   3.77588056818792        6.53509256593217     
   3.77692709827888        6.54179577453665     
   3.77797362836984        6.54850044749648     
   3.77902015846080        6.55520658441962     
   3.78006668855176        6.56191418400001     
   3.78111321864272        6.56862324406999     
   3.78215974873368        6.57533376453811     
   3.78320627882464        6.58204574475026     
   3.78425280891561        6.58875918335897     
   3.78529933900657        6.59547407934948     
   3.78634586909753        6.60219043154415     
   3.78739239918849        6.60890823900000     
   3.78843892927945        6.61562750109364     
   3.78948545937041        6.62234821676242     
   3.79053198946137        6.62907038470475     
   3.79157851955233        6.63579400398154     
   3.79262504964330        6.64251907451488     
   3.79367157973426        6.64924559518663     
   3.79471810982522        6.65597356499999     
   3.79576463991618        6.66270298343323     
   3.79681117000714        6.66943384862726     
   3.79785770009810        6.67616615999686     
   3.79890423018906        6.68289991724950     
   3.79995076028002        6.68963511829925     
   3.80099729037099        6.69637176339524     
   3.80204382046195        6.70310985199997     
   3.80309035055291        6.70984938166461     
   3.80413688064387        6.71659035234581     
   3.80518341073483        6.72333276334493     
   3.80622994082579        6.73007661335645     
   3.80727647091675        6.73682190186693     
   3.80832300100771        6.74356862774845     
   3.80936953109867        6.75031678999997     
   3.81041606118964        6.75706638803866     
   3.81146259128060        6.76381742063173     
   3.81250912137156        6.77056988693785     
   3.81355565146252        6.77732378627861     
   3.81460218155348        6.78407911742300     
   3.81564871164444        6.79083587950297     
   3.81669524173540        6.79759407200002     
   3.81774177182636        6.80435369423274     
   3.81878830191732        6.81111474423439     
   3.81983483200829        6.81787722177080     
   3.82088136209925        6.82464112690081     
   3.82192789219021        6.83140645710572     
   3.82297442228117        6.83817321189505     
   3.82402095237213        6.84494139100001     
   3.82506748246309        6.85171099305107     
   3.82611401255405        6.85848201678097     
   3.82716054264501        6.86525446167094     
   3.82820707273598        6.87202832742926     
   3.82925360282694        6.87880361295867     
   3.83030013291790        6.88558031640492     
   3.83134666300886        6.89235843700000     
   3.83239319309982        6.89913797518423     
   3.83343972319078        6.90591892918383     
   3.83448625328174        6.91270129792032     
   3.83553278337270        6.91948508084616     
   3.83657931346366        6.92627027656320     
   3.83762584355463        6.93305688481706     
   3.83867237364559        6.93984490499998     
   3.83971890373655        6.94663433535785     
   3.84076543382751        6.95342517444393     
   3.84181196391847        6.96021742233498     
   3.84285849400943        6.96701107890202     
   3.84390502410039        6.97380614152261     
   3.84495155419135        6.98060261036514     
   3.84599808428232        6.98740048499997     
   3.84704461437328        6.99419976295835     
   3.84809114446424        7.00100044403001     
   3.84913767455520        7.00780252798716     
   3.85018420464616        7.01460601377796     
   3.85123073473712        7.02141089972291     
   3.85227726482808        7.02821718500757     
   3.85332379491904        7.03502486899996     
   3.85437032501000        7.04183395089134     
   3.85541685510097        7.04864443034511     
   3.85646338519193        7.05545630556404     
   3.85750991528289        7.06226957479113     
   3.85855644537385        7.06908423874193     
   3.85960297546481        7.07590029587814     
   3.86064950555577        7.08271774500001     
   3.86169603564673        7.08953658622845     
   3.86274256573769        7.09635681725376     
   3.86378909582866        7.10317843709869     
   3.86483562591962        7.11000144573089     
   3.86588215601058        7.11682584184949     
   3.86692868610154        7.12365162424155     
   3.86797521619250        7.13047879200000     
   3.86902174628346        7.13730734445489     
   3.87006827637442        7.14413728091597     
   3.87111480646538        7.15096860052621     
   3.87216133655634        7.15780130203271     
   3.87320786664731        7.16463538373816     
   3.87425439673827        7.17147084510656     
   3.87530092682923        7.17830768599999     
   3.87634745692019        7.18514590563878     
   3.87739398701115        7.19198550164351     
   3.87844051710211        7.19882647349262     
   3.87948704719307        7.20566882143858     
   3.88053357728403        7.21251254365120     
   3.88158010737500        7.21935763868536     
   3.88262663746596        7.22620410599998     
   3.88367316755692        7.23305194542095     
   3.88471969764788        7.23990115522443     
   3.88576622773884        7.24675173436291     
   3.88681275782980        7.25360368227756     
   3.88785928792076        7.26045699770679     
   3.88890581801172        7.26731167979523     
   3.88995234810268        7.27416772799997     
   3.89099887819365        7.28102514161844     
   3.89204540828461        7.28788391894722     
   3.89309193837557        7.29474405902457     
   3.89413846846653        7.30160556123515     
   3.89518499855749        7.30846842419323     
   3.89623152864845        7.31533264765810     
   3.89727805873941        7.32219823100002     
   3.89832458883037        7.32906517245492     
   3.89937111892134        7.33593347073146     
   3.90041764901230        7.34280312547719     
   3.90146417910326        7.34967413627742     
   3.90251070919422        7.35654650133754     
   3.90355723928518        7.36342021972563     
   3.90460376937614        7.37029529100001     
   3.90565029946710        7.37717171443498     
   3.90669682955806        7.38404948820813     
   3.90774335964902        7.39092861169739     
   3.90878988973999        7.39780908464413     
   3.90983641983095        7.40469090520868     
   3.91088294992191        7.41157407249771     
   3.91192948001287        7.41845858600000     
   3.91297601010383        7.42534444493895     
   3.91402254019479        7.43223164823553     
   3.91506907028575        7.43912019468194     
   3.91611560037671        7.44601008326906     
   3.91716213046768        7.45290131343206     
   3.91820866055864        7.45979388396877     
   3.91925519064960        7.46668779399999     
   3.92030172074056        7.47358304300137     
   3.92134825083152        7.48047962868630     
   3.92239478092248        7.48737755019295     
   3.92344131101344        7.49427680741178     
   3.92448784110440        7.50117739866931     
   3.92553437119536        7.50807932216014     
   3.92658090128633        7.51498257699997     
   3.92762743137729        7.52188716310578     
   3.92867396146825        7.52879307903337     
   3.92972049155921        7.53570032292727     
   3.93076702165017        7.54260889361497     
   3.93181355174113        7.54951879123457     
   3.93286008183209        7.55643001389949     
   3.93390661192305        7.56334255999996     
   3.93495314201402        7.57025642921600     
   3.93599967210498        7.57717161984442     
   3.93704620219594        7.58408813080178     
   3.93809273228690        7.59100596155916     
   3.93913926237786        7.59792511103132     
   3.94018579246882        7.60484557752561     
   3.94123232255978        7.61176736000002     
   3.94227885265074        7.61869045801016     
   3.94332538274170        7.62561486907512     
   3.94437191283267        7.63254059284793     
   3.94541844292363        7.63946762943588     
   3.94646497301459        7.64639597577534     
   3.94751150310555        7.65332563142343     
   3.94855803319651        7.66025659600000     
   3.94960456328747        7.66718886762224     
   3.95065109337843        7.67412244524779     
   3.95169762346939        7.68105732786753     
   3.95274415356036        7.68799351433909     
   3.95379068365132        7.69493100357803     
   3.95483721374228        7.70186979450224     
   3.95588374383324        7.70880988599999     
   3.95693027392420        7.71575127696945     
   3.95797680401516        7.72269396645061     
   3.95902333410612        7.72963795298147     
   3.96006986419708        7.73658323513537     
   3.96111639428804        7.74352981240416     
   3.96216292437901        7.75047768373553     
   3.96320945446997        7.75742684799998     
   3.96425598456093        7.76437730417718     
   3.96530251465189        7.77132905057239     
   3.96634904474285        7.77828208627546     
   3.96739557483381        7.78523641063624     
   3.96844210492477        7.79219202199238     
   3.96948863501573        7.79914891903087     
   3.97053516510670        7.80610710099997     
   3.97158169519766        7.81306656727869     
   3.97262822528862        7.82002731610143     
   3.97367475537958        7.82698934665258     
   3.97472128547054        7.83395265819998     
   3.97576781556150        7.84091724836129     
   3.97681434565246        7.84788311680252     
   3.97786087574342        7.85485026299996     
   3.97890740583438        7.86181868510422     
   3.97995393592535        7.86878838223538     
   3.98100046601631        7.87575935292127     
   3.98204699610727        7.88273159575953     
   3.98309352619823        7.88970511079425     
   3.98414005628919        7.89667989679735     
   3.98518658638015        7.90365595200001     
   3.98623311647111        7.91063327498608     
   3.98727964656207        7.91761186507469     
   3.98832617665304        7.92459172156911     
   3.98937270674400        7.93157284310465     
   3.99041923683496        7.93855522744307     
   3.99146576692592        7.94553887423880     
   3.99251229701688        7.95252378300000     
   3.99355882710784        7.95950995192957     
   3.99460535719880        7.96649737951015     
   3.99565188728976        7.97348606455936     
   3.99669841738072        7.98047600603446     
   3.99774494747169        7.98746720280778     
   3.99879147756265        7.99445965388400     
   3.99983800765361        8.00145335799998     
   4.00088453774457        8.00844831359160     
   4.00193106783553        8.01544451960451     
   4.00297759792649        8.02244197496183     
   4.00402412801745        8.02944067856674     
   4.00507065810841        8.03644062945070     
   4.00611718819937        8.04344182596309     
   4.00716371829034        8.05044426699998     
   4.00821024838130        8.05744795210869     
   4.00925677847226        8.06445287907748     
   4.01030330856322        8.07145904681162     
   4.01134983865418        8.07846645475973     
   4.01239636874514        8.08547510106537     
   4.01344289883610        8.09248498517701     
   4.01448942892706        8.09949610599996     
   4.01553595901803        8.10650846132261     
   4.01658248910899        8.11352205069213     
   4.01762901919995        8.12053687300463     
   4.01867554929091        8.12755292660963     
   4.01972207938187        8.13457021053818     
   4.02076860947283        8.14158872369437     
   4.02181513956379        8.14860846500002     
   4.02286166965475        8.15562943339977     
   4.02390819974572        8.16265162734153     
   4.02495472983668        8.16967504552916     
   4.02600125992764        8.17669968699344     
   4.02704779001860        8.18372555073925     
   4.02809432010956        8.19075263510233     
   4.02914085020052        8.19778093900001     
   4.03018738029148        8.20481046198555     
   4.03123391038244        8.21184120172695     
   4.03228044047340        8.21887315746341     
   4.03332697056437        8.22590632900413     
   4.03437350065533        8.23294071404773     
   4.03542003074629        8.23997631134692     
   4.03646656083725        8.24701311999999     
   4.03751309092821        8.25405113882796     
   4.03855962101917        8.26109036688044     
   4.03960615111013        8.26813080269330     
   4.04065268120109        8.27517244484344     
   4.04169921129206        8.28221529286871     
   4.04274574138302        8.28925934549147     
   4.04379227147398        8.29630460099998     
   4.04483880156494        8.30335105793599     
   4.04588533165590        8.31039871580708     
   4.04693186174686        8.31744757340577     
   4.04797839183782        8.32449762914653     
   4.04902492192878        8.33154888214640     
   4.05007145201974        8.33860133085109     
   4.05111798211071        8.34565497399997     
   4.05216451220167        8.35270981106983     
   4.05321104229263        8.35976584111850     
   4.05425757238359        8.36682306247334     
   4.05530410247455        8.37388147323805     
   4.05635063256551        8.38094107223796     
   4.05739716265647        8.38800185953336     
   4.05844369274743        8.39506383399996     
   4.05949022283840        8.40212699290817     
   4.06053675292936        8.40919133582129     
   4.06158328302032        8.41625686172979     
   4.06262981311128        8.42332356891962     
   4.06367634320224        8.43039145625832     
   4.06472287329320        8.43746052344187     
   4.06576940338416        8.44453076900001     
   4.06681593347512        8.45160219026560     
   4.06786246356608        8.45867478741849     
   4.06890899365705        8.46574855918155     
   4.06995552374801        8.47282350346058     
   4.07100205383897        8.47989961996372     
   4.07204858392993        8.48697690732683     
   4.07309511402089        8.49405536400000     
   4.07414164411185        8.50113498902312     
   4.07518817420281        8.50821578157223     
   4.07623470429377        8.51529773976147     
   4.07728123438473        8.52238086187062     
   4.07832776447570        8.52946514812402     
   4.07937429456666        8.53655059678831     
   4.08042082465762        8.54363720599999     
   4.08146735474858        8.55072497494806     
   4.08251388483954        8.55781390248825     
   4.08356041493050        8.56490398757900     
   4.08460694502146        8.57199522907947     
   4.08565347511242        8.57908762536596     
   4.08670000520339        8.58618117542636     
   4.08774653529435        8.59327587799998     
   4.08879306538531        8.60037173145124     
   4.08983959547627        8.60746873542151     
   4.09088612556723        8.61456688838623     
   4.09193265565819        8.62166618839021     
   4.09297918574915        8.62876663501152     
   4.09402571584011        8.63586822733111     
   4.09507224593107        8.64297096399996     
   4.09611877602204        8.65007484352650     
   4.09716530611300        8.65717986441521     
   4.09821183620396        8.66428602532623     
   4.09925836629492        8.67139332533338     
   4.10030489638588        8.67850176397651     
   4.10135142647684        8.68561133947198     
   4.10239795656780        8.69272204999996     
   4.10344448665876        8.69983389465743     
   4.10449101674973        8.70694687304511     
   4.10553754684069        8.71406098354401     
   4.10658407693165        8.72117622425742     
   4.10763060702261        8.72829259482316     
   4.10867713711357        8.73541009398236     
   4.10972366720453        8.74252872000001     
   4.11077019729549        8.74964847142784     
   4.11181672738645        8.75676934775899     
   4.11286325747742        8.76389134782279     
   4.11390978756838        8.77101447000455     
   4.11495631765934        8.77813871326963     
   4.11600284775030        8.78526407677009     
   4.11704937784126        8.79239055899999     
   4.11809590793222        8.79951815791195     
   4.11914243802318        8.80664687290725     
   4.12018896811414        8.81377670323672     
   4.12123549820510        8.82090764759023     
   4.12228202829607        8.82803970439410     
   4.12332855838703        8.83517287258988     
   4.12437508847799        8.84230715099999     
   4.12542161856895        8.84944253804875     
   4.12646814865991        8.85657903251215     
   4.12751467875087        8.86371663378909     
   4.12856120884183        8.87085534103236     
   4.12960773893279        8.87799515208371     
   4.13065426902376        8.88513606571204     
   4.13170079911472        8.89227808099998     
   4.13274732920568        8.89942119679328     
   4.13379385929664        8.90656541197586     
   4.13484038938760        8.91371072553655     
   4.13588691947856        8.92085713631905     
   4.13693344956952        8.92800464274505     
   4.13797997966048        8.93515324362168     
   4.13902650975144        8.94230293799996     
   4.14007303984241        8.94945372479992     
   4.14111956993337        8.95660560227716     
   4.14216610002433        8.96375856967773     
   4.14321263011529        8.97091262623018     
   4.14425916020625        8.97806776949055     
   4.14530569029721        8.98522399942984     
   4.14635222038817        8.99238131500002     
   4.14739875047913        8.99953971330455     
   4.14844528057009        9.00669919528163     
   4.14949181066106        9.01385975908337     
   4.15053834075202        9.02102140185776     
   4.15158487084298        9.02818412461473     
   4.15263140093394        9.03534792557178     
   4.15367793102490        9.04251280300000     
   4.15472446111586        9.04967875667165     
   4.15577099120682        9.05684578437412     
   4.15681752129778        9.06401388494425     
   4.15786405138875        9.07118305787891     
   4.15891058147971        9.07835330148578     
   4.15995711157067        9.08552461443412     
   4.16100364166163        9.09269699600000     
   4.16205017175259        9.09987044557126     
   4.16309670184355        9.10704496113710     
   4.16414323193451        9.11422054109503     
   4.16518976202547        9.12139718467321     
   4.16623629211643        9.12857489141581     
   4.16728282220740        9.13575365936681     
   4.16832935229836        9.14293348699998     
   4.16937588238932        9.15011437394787     
   4.17042241248028        9.15729631865845     
   4.17146894257124        9.16447931964240     
   4.17251547266220        9.17166337606764     
   4.17356200275316        9.17884848760142     
   4.17460853284412        9.18603465179378     
   4.17565506293509        9.19322186699997     
   4.17670159302605        9.20041013343024     
   4.17774812311701        9.20759944946213     
   4.17879465320797        9.21478981364327     
   4.17984118329893        9.22198122510052     
   4.18088771338989        9.22917368292455     
   4.18193424348085        9.23636718496181     
   4.18298077357181        9.24356172999996     
   4.18402730366277        9.25075731815484     
   4.18507383375374        9.25795394719246     
   4.18612036384470        9.26515161592468     
   4.18716689393566        9.27235032386175     
   4.18821342402662        9.27955006928245     
   4.18925995411758        9.28675085096686     
   4.19030648420854        9.29395266800002     
   4.19135301429950        9.30115551928791     
   4.19239954439046        9.30835940310042     
   4.19344607448143        9.31556431864884     
   4.19449260457239        9.32277026518934     
   4.19553913466335        9.32997724042370     
   4.19658566475431        9.33718524364366     
   4.19763219484527        9.34439427400000     
   4.19867872493623        9.35160432972747     
   4.19972525502719        9.35881541030838     
   4.20077178511815        9.36602751470228     
   4.20181831520912        9.37324064119979     
   4.20286484530008        9.38045478821333     
   4.20391137539104        9.38766995514358     
   4.20495790548200        9.39488614099999     
   4.20600443557296        9.40210334405897     
   4.20705096566392        9.40932156388619     
   4.20809749575488        9.41654079919746     
   4.20914402584584        9.42376104847394     
   4.21019055593680        9.43098231145484     
   4.21123708602777        9.43820458606691     
   4.21228361611873        9.44542787099998     
   4.21333014620969        9.45265216642207     
   4.21437667630065        9.45987746995261     
   4.21542320639161        9.46710378079518     
   4.21646973648257        9.47433109877414     
   4.21751626657353        9.48155942147012     
   4.21856279666449        9.48878874815276     
   4.21960932675545        9.49601907799996     
   4.22065585684642        9.50325040923384     
   4.22170238693738        9.51048274136268     
   4.22274891702834        9.51771607327782     
   4.22379544711930        9.52495040332396     
   4.22484197721026        9.53218573037883     
   4.22588850730122        9.53942205403568     
   4.22693503739218        9.54665937300002     
   4.22798156748314        9.55389768507328     
   4.22902809757411        9.56113699039754     
   4.23007462766507        9.56837728767675     
   4.23112115775603        9.57561857482229     
   4.23216768784699        9.58286085142855     
   4.23321421793795        9.59010411663912     
   4.23426074802891        9.59734836900001     
   4.23530727811987        9.60459360696248     
   4.23635380821083        9.61183983001854     
   4.23740033830179        9.61908703703249     
   4.23844686839276        9.62633522636455     
   4.23949339848372        9.63358439688917     
   4.24053992857468        9.64083454819888     
   4.24158645866564        9.64808567899999     
   4.24263298875660        9.65533778709366     
   4.24367951884756        9.66259087262202     
   4.24472604893852        9.66984493428904     
   4.24577257902948        9.67709997000598     
   4.24681910912045        9.68435597936715     
   4.24786563921141        9.69161296151714     
   4.24891216930237        9.69887091499998     
   4.24995869939333        9.70612983826593     
   4.25100522948429        9.71338973082313     
   4.25205175957525        9.72065059149147     
   4.25309828966621        9.72791241866611     
   4.25414481975717        9.73517521139928     
   4.25519134984813        9.74243896845879     
   4.25623787993910        9.74970368899998     
   4.25728441003006        9.75696937247230     
   4.25833094012102        9.76423601670916     
   4.25937747021198        9.77150362052190     
   4.26042400030294        9.77877218343534     
   4.26147053039390        9.78604170420260     
   4.26251706048486        9.79331218179796     
   4.26356359057582        9.80058361499996     
   4.26461012066679        9.80785600224058     
   4.26565665075775        9.81512934236799     
   4.26670318084871        9.82240363457876     
   4.26774971093967        9.82967887818468     
   4.26879624103063        9.83695507220549     
   4.26984277112159        9.84423221463187     
   4.27088930121255        9.85151030400001     
   4.27193583130351        9.85878933989890     
   4.27298236139448        9.86606932103754     
   4.27402889148544        9.87335024668140     
   4.27507542157640        9.88063211606397     
   4.27612195166736        9.88791492707094     
   4.27716848175832        9.89519867820045     
   4.27821501184928        9.90248336900000     
   4.27926154194024        9.90976899932366     
   4.28030807203120        9.91705556684137     
   4.28135460212216        9.92434307071669     
   4.28240113221313        9.93163151081290     
   4.28344766230409        9.93892088520961     
   4.28449419239505        9.94621119323980     
   4.28554072248601        9.95350243400000     
   4.28658725257697        9.96079460573870     
   4.28763378266793        9.96808770799031     
   4.28868031275889        9.97538173956593     
   4.28972684284985        9.98267669887252     
   4.29077337294081        9.98997258546866     
   4.29181990303178        9.99726940045738     
   4.29286643312274        10.0045671400000     
   4.29391296321370        10.0118657975815     
   4.29495949330466        10.0191653836236     
   4.29600602339562        10.0264658958001     
   4.29705255348658        10.0337673241923     
   4.29809908357754        10.0410696709861     
   4.29914561366850        10.0483729362099     
   4.30019214375946        10.0556771200000     
   4.30123867385043        10.0629822229501     
   4.30228520394139        10.0702882386524     
   4.30333173403235        10.0775951700711     
   4.30437826412331        10.0849030207502     
   4.30542479421427        10.0922117786730     
   4.30647132430523        10.0995214475024     
   4.30751785439619        10.1068320300000     
   4.30856438448715        10.1141435196405     
   4.30961091457812        10.1214559186851     
   4.31065744466908        10.1287692226672     
   4.31170397476004        10.1360834290030     
   4.31275050485100        10.1433985512706     
   4.31379703494196        10.1507145776483     
   4.31484356503292        10.1580315000000     
   4.31589009512388        10.1653493271648     
   4.31693662521484        10.1726680526728     
   4.31798315530581        10.1799876773006     
   4.31902968539677        10.1873082061316     
   4.32007621548773        10.1946296341335     
   4.32112274557869        10.2019519553846     
   4.32216927566965        10.2092751700000     
   4.32321580576061        10.2165992834746     
   4.32426233585157        10.2239242926726     
   4.32530886594253        10.2312501901506     
   4.32635539603349        10.2385769750677     
   4.32740192612446        10.2459046608813     
   4.32844845621542        10.2532332345472     
   4.32949498630638        10.2605626900000     
   4.33054151639734        10.2678930408940     
   4.33158804648830        10.2752242774755     
   4.33263457657926        10.2825563937023     
   4.33368110667022        10.2898893933423     
   4.33472763676118        10.2972232826539     
   4.33577416685215        10.3045580529539     
   4.33682069694311        10.3118937000000     
   4.33786722703407        10.3192302310729     
   4.33891375712503        10.3265676411089     
   4.33996028721599        10.3339059274599     
   4.34100681730695        10.3412450917057     
   4.34205334739791        10.3485851343329     
   4.34309987748887        10.3559260514308     
   4.34414640757983        10.3632678400000     
   4.34519293767080        10.3706105009472     
   4.34623946776176        10.3779540357353     
   4.34728599785272        10.3852984400032     
   4.34833252794368        10.3926437109239     
   4.34937905803464        10.3999898565594     
   4.35042558812560        10.4073368668124     
   4.35147211821656        10.4146847400000     
   4.35251864830752        10.4220334889539     
   4.35356517839849        10.4293830965621     
   4.35461170848945        10.4367335628518     
   4.35565823858041        10.4440848989614     
   4.35670476867137        10.4514370982031     
   4.35775129876233        10.4587901559706     
   4.35879782885329        10.4661440700000     
   4.35984435894425        10.4734988403739     
   4.36089088903521        10.4808544742209     
   4.36193741912617        10.4882109663405     
   4.36298394921714        10.4955683086974     
   4.36403047930810        10.5029265092609     
   4.36507700939906        10.5102855635412     
   4.36612353949002        10.5176454700000     
   4.36717006958098        10.5250062353576     
   4.36821659967194        10.5323678502062     
   4.36926312976290        10.5397303094912     
   4.37030965985386        10.5470936163525     
   4.37135618994482        10.5544577760905     
   4.37240272003579        10.5618227850146     
   4.37344925012675        10.5691886400000     
   4.37449578021771        10.5765553425749     
   4.37554231030867        10.5839228883784     
   4.37658884039963        10.5912912743899     
   4.37763537049059        10.5986605026017     
   4.37868190058155        10.6060305792668     
   4.37972843067251        10.6134014975018     
   4.38077496076348        10.6207732500000     
   4.38182149085444        10.6281458386212     
   4.38286802094540        10.6355192708078     
   4.38391455103636        10.6428935399294     
   4.38496108112732        10.6502686390316     
   4.38600761121828        10.6576445827994     
   4.38705414130924        10.6650213587761     
   4.38810067140020        10.6723989600000     
   4.38914720149117        10.6797773998951     
   4.39019373158213        10.6871566743417     
   4.39124026167309        10.6945367763578     
   4.39228679176405        10.7019177045676     
   4.39333332185501        10.7092994652493     
   4.39437985194597        10.7166820547778     
   4.39542638203693        10.7240654700000     
   4.39647291212789        10.7314497126582     
   4.39751944221885        10.7388347766090     
   4.39856597230982        10.7462206637224     
   4.39961250240078        10.7536073783745     
   4.40065903249174        10.7609949142290     
   4.40170556258270        10.7683832719277     
   4.40275209267366        10.7757724500000     
   4.40379862276462        10.7831624428970     
   4.40484515285558        10.7905532584182     
   4.40589168294654        10.7979448910402     
   4.40693821303751        10.8053373330984     
   4.40798474312847        10.8127305980722     
   4.40903127321943        10.8201246796460     
   4.41007780331039        10.8275195700000     
   4.41112433340135        10.8349152719595     
   4.41217086349231        10.8423117853628     
   4.41321739358327        10.8497091097634     
   4.41426392367423        10.8571072454439     
   4.41531045376519        10.8645061928156     
   4.41635698385616        10.8719059495902     
   4.41740351394712        10.8793065100000     
   4.41845004403808        10.8867078696864     
   4.41949657412904        10.8941100403237     
   4.42054310422000        10.9015130198937     
   4.42158963431096        10.9089167982927     
   4.42263616440192        10.9163213776236     
   4.42368269449288        10.9237267584576     
   4.42472922458384        10.9311329400000     
   4.42577575467481        10.9385399222856     
   4.42682228476577        10.9459477075223     
   4.42786881485673        10.9533562895355     
   4.42891534494769        10.9607656607118     
   4.42996187503865        10.9681758259952     
   4.43100840512961        10.9755867939842     
   4.43205493522057        10.9829985600000     
   4.43310146531153        10.9904111085951     
   4.43414799540250        10.9978244528364     
   4.43519452549346        11.0052385898640     
   4.43624105558442        11.0126535104655     
   4.43728758567538        11.0200692284627     
   4.43833411576634        11.0274857376120     
   4.43938064585730        11.0349030300000     
   4.44042717594826        11.0423211084784     
   4.44147370603922        11.0497399729500     
   4.44252023613018        11.0571596227817     
   4.44356676622115        11.0645800584023     
   4.44461329631211        11.0720012809553     
   4.44565982640307        11.0794232848479     
   4.44670635649403        11.0868460700000     
   4.44775288658499        11.0942696428083     
   4.44879941667595        11.1016939920829     
   4.44984594676691        11.1091191178292     
   4.45089247685787        11.1165450254507     
   4.45193900694884        11.1239717072423     
   4.45298553703980        11.1313991689527     
   4.45403206713076        11.1388274100000     
   4.45507859722172        11.1462564188540     
   4.45612512731268        11.1536862075284     
   4.45717165740364        11.1611167750861     
   4.45821818749460        11.1685481107277     
   4.45926471758556        11.1759802153392     
   4.46031124767652        11.1834130956676     
   4.46135777776749        11.1908467500000     
   4.46240430785845        11.1982811677348     
   4.46345083794941        11.2057163555571     
   4.46449736804037        11.2131523124035     
   4.46554389813133        11.2205890334397     
   4.46659042822229        11.2280265253187     
   4.46763695831325        11.2354647862584     
   4.46868348840421        11.2429038100000     
   4.46973001849518        11.2503435929307     
   4.47077654858614        11.2577841409692     
   4.47182307867710        11.2652254532099     
   4.47286960876806        11.2726675245448     
   4.47391613885902        11.2801103561169     
   4.47496266894998        11.2875539478728     
   4.47600919904094        11.2949983000000     
   4.47705572913190        11.3024434128764     
   4.47810225922287        11.3098892818192     
   4.47914878931383        11.3173359050614     
   4.48019531940479        11.3247832836380     
   4.48124184949575        11.3322314174861     
   4.48228837958671        11.3396803058418     
   4.48333490967767        11.3471299500000     
   4.48438143976863        11.3545803506957     
   4.48542796985959        11.3620314958354     
   4.48647449995055        11.3694833894941     
   4.48752103004152        11.3769360402271     
   4.48856756013248        11.3843894353593     
   4.48961409022344        11.3918435766152     
   4.49066062031440        11.3992984700000     
   4.49170715040536        11.4067541143567     
   4.49275368049632        11.4142104993342     
   4.49380021058728        11.4216676247587     
   4.49484674067824        11.4291254963377     
   4.49589327076920        11.4365841122350     
   4.49693980086017        11.4440434748942     
   4.49798633095113        11.4515035800000     
   4.49903286104209        11.4589644173320     
   4.50007939113305        11.4664259991654     
   4.50112592122401        11.4738883234251     
   4.50217245131497        11.4813513801748     
   4.50321898140593        11.4888151760767     
   4.50426551149689        11.4962797144113     
   4.50531204158785        11.5037449900000     
   4.50635857167882        11.5112109936839     
   4.50740510176978        11.5186777303991     
   4.50845163186074        11.5261452034916     
   4.50949816195170        11.5336134108593     
   4.51054469204266        11.5410823478928     
   4.51159122213362        11.5485520140335     
   4.51263775222458        11.5560224100000     
   4.51368428231554        11.5634935355624     
   4.51473081240651        11.5709653904589     
   4.51577734249747        11.5784379754862     
   4.51682387258843        11.5859112900238     
   4.51787040267939        11.5933853291333     
   4.51891693277035        11.6008600921919     
   4.51996346286131        11.6083355800000     
   4.52100999295227        11.6158117922979     
   4.52205652304323        11.6232887288259     
   4.52310305313420        11.6307663903842     
   4.52414958322516        11.6382447763501     
   4.52519611331612        11.6457238817878     
   4.52624264340708        11.6532037060662     
   4.52728917349804        11.6606842500000     
   4.52833570358900        11.6681655133381     
   4.52938223367996        11.6756474956995     
   4.53042876377092        11.6831301982172     
   4.53147529386188        11.6906136200068     
   4.53252182395285        11.6980977547981     
   4.53356835404381        11.7055826082079     
   4.53461488413477        11.7130681800000     
   4.53566141422573        11.7205544591823     
   4.53670794431669        11.7280414511848     
   4.53775447440765        11.7355291585679     
   4.53880100449861        11.7430175798912     
   4.53984753458957        11.7505067164390     
   4.54089406468054        11.7579965638815     
   4.54194059477150        11.7654871200000     
   4.54298712486246        11.7729783863413     
   4.54403365495342        11.7804703555182     
   4.54508018504438        11.7879630329311     
   4.54612671513534        11.7954564264190     
   4.54717324522630        11.8029505245554     
   4.54821977531726        11.8104453241632     
   4.54926630540822        11.8179408300000     
   4.55031283549919        11.8254370466536     
   4.55135936559015        11.8329339635461     
   4.55240589568111        11.8404315795627     
   4.55345242577207        11.8479299010310     
   4.55449895586303        11.8554289274663     
   4.55554548595399        11.8629286546309     
   4.55659201604495        11.8704290800000     
   4.55763854613591        11.8779302045265     
   4.55868507622688        11.8854320277691     
   4.55973160631784        11.8929345506468     
   4.56077813640880        11.9004377724144     
   4.56182466649976        11.9079416870705     
   4.56287119659072        11.9154462989331     
   4.56391772668168        11.9229516100000     
   4.56496425677264        11.9304576142807     
   4.56601078686360        11.9379643117753     
   4.56705731695456        11.9454717041298     
   4.56810384704553        11.9529797901759     
   4.56915037713649        11.9604885639992     
   4.57019690722745        11.9679980299668     
   4.57124343731841        11.9755081900000     
   4.57228996740937        11.9830190380846     
   4.57333649750033        11.9905305746704     
   4.57438302759129        11.9980428001671     
   4.57542955768225        12.0055557143788     
   4.57647608777321        12.0130693182085     
   4.57752261786418        12.0205836077256     
   4.57856914795514        12.0280985800000     
   4.57961567804610        12.0356142360767     
   4.58066220813706        12.0431305759901     
   4.58170873822802        12.0506475993150     
   4.58275526831898        12.0581653063603     
   4.58380179840994        12.0656836983167     
   4.58484832850090        12.0732027695082     
   4.58589485859187        12.0807225200000     
   4.58694138868283        12.0882429562843     
   4.58798791877379        12.0957640658786     
   4.58903444886475        12.1032858523614     
   4.59008097895571        12.1108083245585     
   4.59112750904667        12.1183314693628     
   4.59217403913763        12.1258552900894     
   4.59322056922859        12.1333797900000     
   4.59426709931956        12.1409049626024     
   4.59531362941052        12.1484308082879     
   4.59636015950148        12.1559573277791     
   4.59740668959244        12.1634845206457     
   4.59845321968340        12.1710123867720     
   4.59949974977436        12.1785409270874     
   4.60054627986532        12.1860701400000     
   4.60159280995628        12.1936000209160     
   4.60263934004724        12.2011305688820     
   4.60368587013821        12.2086617877676     
   4.60473240022917        12.2161936808562     
   4.60577893032013        12.2237262434586     
   4.60682546041109        12.2312594699738     
   4.60787199050205        12.2387933600000     
   4.60891852059301        12.2463279188134     
   4.60996505068397        12.2538631476109     
   4.61101158077493        12.2613990416340     
   4.61205811086590        12.2689355982814     
   4.61310464095686        12.2764728254631     
   4.61415117104782        12.2840107135118     
   4.61519770113878        12.2915492600000     
   4.61624423122974        12.2990884772925     
   4.61729076132070        12.3066283554993     
   4.61833729141166        12.3141688893629     
   4.61938382150262        12.3217100820656     
   4.62043035159358        12.3292519373578     
   4.62147688168455        12.3367944584218     
   4.62252341177551        12.3443376400000     
   4.62356994186647        12.3518814722024     
   4.62461647195743        12.3594259673940     
   4.62566300204839        12.3669711231471     
   4.62670953213935        12.3745169297946     
   4.62775606223031        12.3820633952462     
   4.62880259232127        12.3896105169008     
   4.62984912241224        12.3971582900000     
   4.63089565250320        12.4047067157404     
   4.63194218259416        12.4122557993985     
   4.63298871268512        12.4198055405723     
   4.63403524277608        12.4273559336609     
   4.63508177286704        12.4349069739751     
   4.63612830295800        12.4424586647983     
   4.63717483304896        12.4500110099999     
   4.63822136313992        12.4575640086268     
   4.63926789323089        12.4651176560851     
   4.64031442332185        12.4726719507828     
   4.64136095341281        12.4802268936496     
   4.64240748350377        12.4877824845688     
   4.64345401359473        12.4953387231128     
   4.64450054368569        12.5028956100000     
   4.64554707377665        12.5104531456189     
   4.64659360386761        12.5180113235140     
   4.64764013395857        12.5255701468466     
   4.64868666404954        12.5331296190106     
   4.64973319414050        12.5406897273022     
   4.65077972423146        12.5482504787300     
   4.65182625432242        12.5558118800000     
   4.65287278441338        12.5633739241800     
   4.65391931450434        12.5709366039230     
   4.65496584459530        12.5784999269515     
   4.65601237468626        12.5860638994650     
   4.65705890477723        12.5936285026302     
   4.65810543486819        12.6011937447758     
   4.65915196495915        12.6087596300000     
   4.66019849505011        12.6163261452119     
   4.66124502514107        12.6238933013654     
   4.66229155523203        12.6314611009770     
   4.66333808532299        12.6390295368034     
   4.66438461541395        12.6465986056105     
   4.66543114550491        12.6541683058180     
   4.66647767559588        12.6617386400000     
   4.66752420568684        12.6693096129697     
   4.66857073577780        12.6768812198705     
   4.66961726586876        12.6844534582622     
   4.67066379595972        12.6920263296208     
   4.67171032605068        12.6995998347995     
   4.67275685614164        12.7071739684107     
   4.67380338623260        12.7147487300000     
   4.67484991632357        12.7223241256791     
   4.67589644641453        12.7299001487212     
   4.67694297650549        12.7374768014763     
   4.67798950659645        12.7450540878569     
   4.67903603668741        12.7526319960026     
   4.68008256677837        12.7602105285338     
   4.68112909686933        12.7677896899999     
   4.68217562696029        12.7753694785924     
   4.68322215705126        12.7829498958325     
   4.68426868714222        12.7905309380562     
   4.68531521723318        12.7981126019543     
   4.68636174732414        12.8056948941223     
   4.68740827741510        12.8132778115004     
   4.68845480750606        12.8208613500000     
   4.68950133759702        12.8284455108965     
   4.69054786768798        12.8360302958736     
   4.69159439777894        12.8436156998428     
   4.69264092786991        12.8512017205399     
   4.69368745796087        12.8587883706201     
   4.69473398805183        12.8663756421546     
   4.69578051814279        12.8739635300000     
   4.69682704823375        12.8815520419819     
   4.69787357832471        12.8891411711211     
   4.69892010841567        12.8967309199235     
   4.69996663850663        12.9043212921376     
   4.70101316859760        12.9119122744478     
   4.70205969868856        12.9195038761465     
   4.70310622877952        12.9270961000000     
   4.70415275887048        12.9346889330061     
   4.70519928896144        12.9422823895551     
   4.70624581905240        12.9498764625738     
   4.70729234914336        12.9574711398887     
   4.70833887923432        12.9650664424275     
   4.70938540932528        12.9726623583381     
   4.71043193941625        12.9802588800000     
   4.71147846950721        12.9878560214869     
   4.71252499959817        12.9954537750831     
   4.71357152968913        13.0030521436035     
   4.71461805978009        13.0106511304220     
   4.71566458987105        13.0182507164694     
   4.71671111996201        13.0258509139176     
   4.71775765005297        13.0334517300000     
   4.71880418014393        13.0410531508564     
   4.71985071023490        13.0486551835596     
   4.72089724032586        13.0562578270052     
   4.72194377041682        13.0638610764697     
   4.72299030050778        13.0714649403522     
   4.72403683059874        13.0790694089984     
   4.72508336068970        13.0866744800000     
   4.72612989078066        13.0942801658483     
   4.72717642087162        13.1018864554877     
   4.72822295096259        13.1094933468728     
   4.72926948105355        13.1171008468911     
   4.73031601114451        13.1247089553200     
   4.73136254123547        13.1323176662312     
   4.73240907132643        13.1399269800000     
   4.73345560141739        13.1475369029653     
   4.73450213150835        13.1551474230039     
   4.73554866159931        13.1627585427491     
   4.73659519169027        13.1703702717732     
   4.73764172178124        13.1779826026876     
   4.73868825187220        13.1855955357077     
   4.73973478196316        13.1932090700000     
   4.74078131205412        13.2008232001369     
   4.74182784214508        13.2084379308429     
   4.74287437223604        13.2160532651183     
   4.74392090232700        13.2236692010616     
   4.74496743241796        13.2312857340128     
   4.74601396250893        13.2389028634307     
   4.74706049259989        13.2465205900000     
   4.74810702269085        13.2541389134593     
   4.74915355278181        13.2617578339298     
   4.75020008287277        13.2693773511588     
   4.75124661296373        13.2769974653513     
   4.75229314305469        13.2846181776444     
   4.75333967314565        13.2922394826974     
   4.75438620323661        13.2998613800000     
   4.75543273332758        13.3074838756981     
   4.75647926341854        13.3151069629424     
   4.75752579350950        13.3227306444108     
   4.75857232360046        13.3303549237572     
   4.75961885369142        13.3379797877954     
   4.76066538378238        13.3456052453541     
   4.76171191387334        13.3532312999999     
   4.76275844396430        13.3608579392249     
   4.76380497405527        13.3684851697829     
   4.76485150414623        13.3761129910228     
   4.76589803423719        13.3837413978324     
   4.76694456432815        13.3913703961434     
   4.76799109441911        13.3989999877947     
   4.76903762451007        13.4066301700000     
   4.77008415460103        13.4142609384588     
   4.77113068469199        13.4218922934302     
   4.77217721478296        13.4295242353093     
   4.77322374487392        13.4371567638703     
   4.77427027496488        13.4447898792405     
   4.77531680505584        13.4524235810966     
   4.77636333514680        13.4600578700000     
   4.77740986523776        13.4676927463058     
   4.77845639532872        13.4753282043468     
   4.77950292541968        13.4829642451150     
   4.78054945551064        13.4906008737101     
   4.78159598560161        13.4982380898430     
   4.78264251569257        13.5058758896607     
   4.78368904578353        13.5135142700000     
   4.78473557587449        13.5211532314903     
   4.78578210596545        13.5287927793240     
   4.78682863605641        13.5364329135113     
   4.78787516614737        13.5440736281408     
   4.78892169623833        13.5517149171519     
   4.78996822632929        13.5593567902854     
   4.79101475642026        13.5669992500000     
   4.79206128651122        13.5746422843845     
   4.79310781660218        13.5822858984774     
   4.79415434669314        13.5899300962119     
   4.79520087678410        13.5975748750909     
   4.79624740687506        13.6052202294960     
   4.79729393696602        13.6128661638467     
   4.79834046705698        13.6205126800000     
   4.79938699714795        13.6281597719740     
   4.80043352723891        13.6358074401397     
   4.80148005732987        13.6434556851143     
   4.80252658742083        13.6511045065383     
   4.80357311751179        13.6587539044685     
   4.80461964760275        13.6664038790184     
   4.80566617769371        13.6740544300000     
   4.80671270778467        13.6817055573181     
   4.80775923787563        13.6893572623993     
   4.80880576796660        13.6970095412995     
   4.80985229805756        13.7046623908882     
   4.81089882814852        13.7123158180494     
   4.81194535823948        13.7199698183013     
   4.81299188833044        13.7276243900000     
   4.81403841842140        13.7352795395486     
   4.81508494851236        13.7429352614323     
   4.81613147860332        13.7505915545284     
   4.81717800869429        13.7582484192389     
   4.81822453878525        13.7659058485156     
   4.81927106887621        13.7735638502764     
   4.82031759896717        13.7812224300000     
   4.82136412905813        13.7888815809360     
   4.82241065914909        13.7965412980285     
   4.82345718924005        13.8042015825777     
   4.82450371933101        13.8118624395935     
   4.82555024942197        13.8195238706257     
   4.82659677951294        13.8271858637495     
   4.82764330960390        13.8348484200000     
   4.82868983969486        13.8425115563338     
   4.82973636978582        13.8501752571312     
   4.83078289987678        13.8578395172081     
   4.83182942996774        13.8655043454851     
   4.83287596005870        13.8731697474193     
   4.83392249014966        13.8808357128641     
   4.83496902024063        13.8885022400000     
   4.83601555033159        13.8961693409663     
   4.83706208042255        13.9038370059232     
   4.83810861051351        13.9115052295455     
   4.83915514060447        13.9191740150742     
   4.84020167069543        13.9268433666398     
   4.84124820078639        13.9345132857269     
   4.84229473087735        13.9421837699999     
   4.84334126096832        13.9498548149952     
   4.84438779105928        13.9575264209745     
   4.84543432115024        13.9651985883764     
   4.84648085124120        13.9728713169451     
   4.84752738133216        13.9805446067146     
   4.84857391142312        13.9882184577935     
   4.84962044151408        13.9958928700000     
   4.85066697160504        14.0035678432366     
   4.85171350169600        14.0112433789295     
   4.85276003178697        14.0189194731368     
   4.85380656187793        14.0265961227262     
   4.85485309196889        14.0342733345731     
   4.85589962205985        14.0419511042345     
   4.85694615215081        14.0496294300000     
   4.85799268224177        14.0573083182322     
   4.85903921233273        14.0649877639798     
   4.86008574242369        14.0726677645749     
   4.86113227251465        14.0803483216349     
   4.86217880260562        14.0880294361704     
   4.86322533269658        14.0957111019740     
   4.86427186278754        14.1033933200000     
   4.86531839287850        14.1110761008572     
   4.86636492296946        14.1187594401960     
   4.86741145306042        14.1264433325612     
   4.86845798315138        14.1341277754447     
   4.86950451324234        14.1418127685249     
   4.87055104333330        14.1494983156964     
   4.87159757342427        14.1571844200000     
   4.87264410351523        14.1648710805917     
   4.87369063360619        14.1725582945415     
   4.87473716369715        14.1802460555930     
   4.87578369378811        14.1879343621064     
   4.87683022387907        14.1956232254930     
   4.87787675397003        14.2033126427955     
   4.87892328406099        14.2110026100000     
   4.87996981415196        14.2186931291194     
   4.88101634424292        14.2263841943667     
   4.88206287433388        14.2340758065404     
   4.88310940442484        14.2417679708525     
   4.88415593451580        14.2494606869817     
   4.88520246460676        14.2571539511005     
   4.88624899469772        14.2648477599999     
   4.88729552478868        14.2725421142756     
   4.88834205487965        14.2802370195609     
   4.88938858497061        14.2879324746567     
   4.89043511506157        14.2956284746030     
   4.89148164515253        14.3033250200547     
   4.89252817524349        14.3110221129153     
   4.89357470533445        14.3187197500000     
   4.89462123542541        14.3264179259740     
   4.89566776551637        14.3341166529716     
   4.89671429560733        14.3418159280115     
   4.89776082569830        14.3495157417705     
   4.89880735578926        14.3572161025399     
   4.89985388588022        14.3649170057304     
   4.90090041597118        14.3726184500000     
   4.90194694606214        14.3803204422580     
   4.90299347615310        14.3880229708228     
   4.90404000624406        14.3957260369263     
   4.90508653633502        14.4034296512286     
   4.90613306642599        14.4111338135277     
   4.90717959651695        14.4188385140342     
   4.90822612660791        14.4265437500000     
   4.90927265669887        14.4342495284895     
   4.91031918678983        14.4419558416074     
   4.91136571688079        14.4496626946623     
   4.91241224697175        14.4573700954511     
   4.91345877706271        14.4650780306177     
   4.91450530715367        14.4727865055812     
   4.91555183724464        14.4804955200000     
   4.91659836733560        14.4882050615916     
   4.91764489742656        14.4959151489747     
   4.91869142751752        14.5036257777524     
   4.91973795760848        14.5113369339750     
   4.92078448769944        14.5190486326018     
   4.92183101779040        14.5267608669883     
   4.92287754788136        14.5344736300000     
   4.92392407797233        14.5421869288518     
   4.92497060806329        14.5499007697722     
   4.92601713815425        14.5576151480424     
   4.92706366824521        14.5653300550954     
   4.92811019833617        14.5730454920280     
   4.92915672842713        14.5807614624445     
   4.93020325851809        14.5884779700000     
   4.93124978860905        14.5961950145405     
   4.93229631870001        14.6039125843751     
   4.93334284879098        14.6116306827467     
   4.93438937888194        14.6193493188863     
   4.93543590897290        14.6270684857395     
   4.93648243906386        14.6347881824216     
   4.93752896915482        14.6425084100000     
   4.93857549924578        14.6502291678710     
   4.93962202933674        14.6579504579364     
   4.94066855942770        14.6656722750993     
   4.94171508951866        14.6733946171474     
   4.94276161960963        14.6811174976827     
   4.94380814970059        14.6888409044090     
   4.94485467979155        14.6965648300000     
   4.94590120988251        14.7042892874137     
   4.94694773997347        14.7120142785435     
   4.94799427006443        14.7197397944945     
   4.94904080015539        14.7274658295174     
   4.95008733024635        14.7351923957785     
   4.95113386033732        14.7429194909422     
   4.95218039042828        14.7506471100000     
   4.95322692051924        14.7583752545668     
   4.95427345061020        14.7661039262672     
   4.95531998070116        14.7738331200684     
   4.95636651079212        14.7815628336544     
   4.95741304088308        14.7892930792934     
   4.95845957097404        14.7970238507766     
   4.95950610106501        14.8047551400000     
   4.96055263115597        14.8124869493393     
   4.96159916124693        14.8202192842487     
   4.96264569133789        14.8279521434616     
   4.96369222142885        14.8356855220282     
   4.96473875151981        14.8434194200076     
   4.96578528161077        14.8511538420945     
   4.96683181170173        14.8588887900000     
   4.96787834179269        14.8666242585549     
   4.96892487188366        14.8743602406982     
   4.96997140197462        14.8820967428039     
   4.97101793206558        14.8898337720889     
   4.97206446215654        14.8975713161165     
   4.97311099224750        14.9053093769203     
   4.97415752233846        14.9130479600000     
   4.97520405242942        14.9207870639619     
   4.97625058252038        14.9285266829085     
   4.97729711261135        14.9362668190219     
   4.97834364270231        14.9440074765086     
   4.97939017279327        14.9517486493075     
   4.98043670288423        14.9594903370432     
   4.98148323297519        14.9672325400000     
   4.98252976306615        14.9749752573546     
   4.98357629315711        14.9827184961917     
   4.98462282324807        14.9904622517190     
   4.98566935333903        14.9982065156021     
   4.98671588343000        15.0059512946186     
   4.98776241352096        15.0136965899497     
   4.98880894361192        15.0214424000000     
   4.98985547370288        15.0291887250023     
   4.99090200379384        15.0369355679657     
   4.99194853388480        15.0446829204374     
   4.99299506397576        15.0524307765896     
   4.99404159406672        15.0601791541050     
   4.99508812415768        15.0679280492446     
   4.99613465424865        15.0756774500000     
   4.99718118433961        15.0834273536764     
   4.99822771443057        15.0911777778272     
   4.99927424452153        15.0989287182174     
   5.00032077461249        15.1066801605577     
   5.00136730470345        15.1144321130197     
   5.00241383479441        15.1221845764955     
   5.00346036488537        15.1299375500000     
   5.00450689497634        15.1376910344477     
   5.00555342506730        15.1454450241712     
   5.00659995515826        15.1531995199858     
   5.00764648524922        15.1609545271168     
   5.00869301534018        15.1687100457097     
   5.00973954543114        15.1764660699110     
   5.01078607552210        15.1842226000000     
   5.01183260561306        15.1919796423465     
   5.01287913570402        15.1997371848598     
   5.01392566579499        15.2074952300735     
   5.01497219588595        15.2152537876376     
   5.01601872597691        15.2230128505470     
   5.01706525606787        15.2307724172860     
   5.01811178615883        15.2385324900000     
   5.01915831624979        15.2462930687216     
   5.02020484634075        15.2540541455966     
   5.02125137643171        15.2618157277957     
   5.02229790652268        15.2695778218030     
   5.02334443661364        15.2773404079892     
   5.02439096670460        15.2851034980635     
   5.02543749679556        15.2928671000000     
   5.02648402688652        15.3006312002360     
   5.02753055697748        15.3083958001148     
   5.02857708706844        15.3161608997142     
   5.02962361715940        15.3239264992623     
   5.03067014725036        15.3316926061378     
   5.03171667734133        15.3394592103678     
   5.03276320743229        15.3472263100000     
   5.03380973752325        15.3549939175494     
   5.03485626761421        15.3627620203111     
   5.03590279770517        15.3705306208227     
   5.03694932779613        15.3782997286015     
   5.03799585788709        15.3860693321564     
   5.03904238797805        15.3938394269120     
   5.04008891806902        15.4016100200000     
   5.04113544815998        15.4093811210125     
   5.04218197825094        15.4171527134777     
   5.04322850834190        15.4249247966774     
   5.04427503843286        15.4326973824139     
   5.04532156852382        15.4404704704164     
   5.04636809861478        15.4482440500499     
   5.04741462870574        15.4560181199999     
   5.04846115879671        15.4637926917890     
   5.04950768888767        15.4715677601603     
   5.05055421897863        15.4793433219069     
   5.05160074906959        15.4871193789646     
   5.05264727916055        15.4948959323728     
   5.05369380925151        15.5026729754805     
   5.05474033934247        15.5104505100000     
   5.05578686943343        15.5182285469861     
   5.05683339952439        15.5260070750067     
   5.05787992961536        15.5337860935120     
   5.05892645970632        15.5415656082487     
   5.05997298979728        15.5493456118493     
   5.06101951988824        15.5571261082633     
   5.06206604997920        15.5649071000000     
   5.06311258007016        15.5726885810434     
   5.06415911016112        15.5804705499999     
   5.06520564025208        15.5882530124066     
   5.06625217034304        15.5960359702705     
   5.06729870043401        15.6038194110634     
   5.06834523052497        15.6116033424238     
   5.06939176061593        15.6193877700000     
   5.07043829070689        15.6271726862888     
   5.07148482079785        15.6349580930673     
   5.07253135088881        15.6427439875168     
   5.07357788097977        15.6505303657819     
   5.07462441107073        15.6583172334656     
   5.07567094116169        15.6661045925676     
   5.07671747125266        15.6738924400000     
   5.07776400134362        15.6816807712101     
   5.07881053143458        15.6894695904025     
   5.07985706152554        15.6972589017377     
   5.08090359161650        15.7050487023814     
   5.08195012170746        15.7128389807487     
   5.08299665179842        15.7206297450192     
   5.08404318188938        15.7284210000000     
   5.08508971198035        15.7362127379229     
   5.08613624207131        15.7440049663281     
   5.08718277216227        15.7517976811110     
   5.08822930225323        15.7595908735454     
   5.08927583234419        15.7673845506546     
   5.09032236243515        15.7751787129521     
   5.09136889252611        15.7829733599999     
   5.09241542261707        15.7907684927587     
   5.09346195270804        15.7985641034284     
   5.09450848279900        15.8063601987361     
   5.09555501288996        15.8141567854921     
   5.09660154298092        15.8219538453894     
   5.09764807307188        15.8297513838777     
   5.09869460316284        15.8375494100000     
   5.09974113325380        15.8453479209420     
   5.10078766334476        15.8531469121156     
   5.10183419343572        15.8609463825021     
   5.10288072352669        15.8687463326253     
   5.10392725361765        15.8765467609827     
   5.10497378370861        15.8843476737614     
   5.10602031379957        15.8921490700000     
   5.10706684389053        15.8999509389697     
   5.10811337398149        15.9077532860913     
   5.10915990407245        15.9155561138672     
   5.11020643416341        15.9233594208963     
   5.11125296425438        15.9311632085664     
   5.11229949434534        15.9389674720618     
   5.11334602443630        15.9467722100000     
   5.11439255452726        15.9545774280810     
   5.11543908461822        15.9623831268978     
   5.11648561470918        15.9701893032276     
   5.11753214480014        15.9779959532519     
   5.11857867489110        15.9858030766740     
   5.11962520498206        15.9936106785921     
   5.12067173507303        16.0014187600000     
   5.12171826516399        16.0092273152296     
   5.12276479525495        16.0170363446380     
   5.12381132534591        16.0248458487816     
   5.12485785543687        16.0326558273409     
   5.12590438552783        16.0404662804640     
   5.12695091561879        16.0482772078317     
   5.12799744570975        16.0560886100000     
   5.12904397580072        16.0639004873259     
   5.13009050589168        16.0717128341437     
   5.13113703598264        16.0795256514403     
   5.13218356607360        16.0873389443196     
   5.13323009616456        16.0951527125119     
   5.13427662625552        16.1029669520753     
   5.13532315634648        16.1107816600000     
   5.13636968643744        16.1185968370087     
   5.13741621652840        16.1264124869925     
   5.13846274661937        16.1342286135592     
   5.13950927671033        16.1420452142007     
   5.14055580680129        16.1498622773597     
   5.14160233689225        16.1576798107700     
   5.14264886698321        16.1654978200000     
   5.14369539707417        16.1733162977287     
   5.14474192716513        16.1811352443921     
   5.14578845725609        16.1889546608518     
   5.14683498734705        16.1967745465881     
   5.14788151743802        16.2045949013322     
   5.14892804752898        16.2124157267629     
   5.14997457761994        16.2202370200000     
   5.15102110771090        16.2280587756675     
   5.15206763780186        16.2358810052960     
   5.15311416789282        16.2437037075868     
   5.15416069798378        16.2515268718951     
   5.15520722807474        16.2593504979449     
   5.15625375816571        16.2671745975717     
   5.15730028825667        16.2749991700000     
   5.15834681834763        16.2828241987234     
   5.15939334843859        16.2906496938179     
   5.16043987852955        16.2984756610877     
   5.16148640862051        16.3063020970018     
   5.16253293871147        16.3141289972562     
   5.16357946880243        16.3219563614043     
   5.16462599889340        16.3297841900000     
   5.16567252898436        16.3376124827898     
   5.16671905907532        16.3454412402383     
   5.16776558916628        16.3532704611410     
   5.16881211925724        16.3611001464507     
   5.16985864934820        16.3689303029692     
   5.17090517943916        16.3767609224860     
   5.17195170953012        16.3845920000000     
   5.17299823962108        16.3924235424799     
   5.17404476971205        16.4002555507743     
   5.17509129980301        16.4080880205520     
   5.17613782989397        16.4159209488353     
   5.17718435998493        16.4237543410056     
   5.17823089007589        16.4315881991398     
   5.17927742016685        16.4394225200000     
   5.18032395025781        16.4472572988941     
   5.18137048034877        16.4550925417182     
   5.18241701043974        16.4629282479706     
   5.18346354053070        16.4707644122519     
   5.18451007062166        16.4786010346165     
   5.18555660071262        16.4864381202288     
   5.18660313080358        16.4942756700000     
   5.18764966089454        16.5021136782966     
   5.18869619098550        16.5099521454327     
   5.18974272107646        16.5177910720731     
   5.19078925116742        16.5256304578121     
   5.19183578125839        16.5334703023481     
   5.19288231134935        16.5413106073874     
   5.19392884144031        16.5491513700000     
   5.19497537153127        16.5569925847739     
   5.19602190162223        16.5648342637141     
   5.19706843171319        16.5726764042211     
   5.19811496180415        16.5805189966734     
   5.19916149189511        16.5883620478749     
   5.20020802198608        16.5962055601814     
   5.20125455207704        16.6040495300000     
   5.20230108216800        16.6118939527682     
   5.20334761225896        16.6197388343730     
   5.20439414234992        16.6275841742968     
   5.20544067244088        16.6354299671495     
   5.20648720253184        16.6432762129850     
   5.20753373262280        16.6511229169612     
   5.20858026271376        16.6589700800000     
   5.20962679280473        16.6668176964744     
   5.21067332289569        16.6746657666094     
   5.21171985298665        16.6825142913138     
   5.21276638307761        16.6903632699902     
   5.21381291316857        16.6982127013585     
   5.21485944325953        16.7060625917679     
   5.21590597335049        16.7139129400000     
   5.21695250344145        16.7217637352295     
   5.21799903353241        16.7296149845329     
   5.21904556362338        16.7374666858352     
   5.22009209371434        16.7453188351027     
   5.22113862380530        16.7531714450043     
   5.22218515389626        16.7610245093208     
   5.22323168398722        16.7688780200000     
   5.22427821407818        16.7767319795417     
   5.22532474416914        16.7845863921508     
   5.22637127426010        16.7924412600054     
   5.22741780435107        16.8002965816778     
   5.22846433444203        16.8081523523264     
   5.22951086453299        16.8160085717198     
   5.23055739462395        16.8238652400000     
   5.23160392471491        16.8317223565483     
   5.23265045480587        16.8395799271109     
   5.23369698489683        16.8474379505613     
   5.23474351498779        16.8552964219117     
   5.23579004507875        16.8631553421156     
   5.23683657516972        16.8710147118168     
   5.23788310526068        16.8788745300000     
   5.23892963535164        16.8867347963017     
   5.23997616544260        16.8945955178965     
   5.24102269553356        16.9024566895978     
   5.24206922562452        16.9103183033699     
   5.24311575571548        16.9181803673437     
   5.24416228580644        16.9260428763345     
   5.24520881589741        16.9339058300000     
   5.24625534598837        16.9417692394351     
   5.24730187607933        16.9496331001393     
   5.24834840617029        16.9574974069206     
   5.24939493626125        16.9653621570524     
   5.25044146635221        16.9732273489263     
   5.25148799644317        16.9810929924370     
   5.25253452653413        16.9889590900000     
   5.25358105662510        16.9968256302876     
   5.25462758671606        17.0046926125855     
   5.25567411680702        17.0125600419833     
   5.25672064689798        17.0204279209490     
   5.25776717698894        17.0282962428068     
   5.25881370707990        17.0361650118029     
   5.25986023717086        17.0440342300000     
   5.26090676726182        17.0519038912862     
   5.26195329735278        17.0597739965180     
   5.26299982744375        17.0676445450114     
   5.26404635753471        17.0755155374325     
   5.26509288762567        17.0833869809673     
   5.26613941771663        17.0912588660352     
   5.26718594780759        17.0991311900000     
   5.26823247789855        17.1070039649354     
   5.26927900798951        17.1148771849440     
   5.27032553808047        17.1227508484161     
   5.27137206817144        17.1306249560188     
   5.27241859826240        17.1384995002767     
   5.27346512835336        17.1463744906841     
   5.27451165844432        17.1542499300000     
   5.27555818853528        17.1621258061537     
   5.27660471862624        17.1700021246277     
   5.27765124871720        17.1778788881780     
   5.27869777880816        17.1857560952367     
   5.27974430889912        17.1936337468309     
   5.28079083899009        17.2015118398666     
   5.28183736908105        17.2093903700000     
   5.28288389917201        17.2172693374868     
   5.28393042926297        17.2251487553067     
   5.28497695935393        17.2330286165914     
   5.28602348944489        17.2409089087243     
   5.28707001953585        17.2487896442731     
   5.28811654962681        17.2566708260382     
   5.28916307971777        17.2645524500000     
   5.29020960980874        17.2724345122667     
   5.29125613989970        17.2803170134233     
   5.29230266999066        17.2881999528341     
   5.29334920008162        17.2960833310737     
   5.29439573017258        17.3039671540562     
   5.29544226026354        17.3118514180098     
   5.29648879035450        17.3197361199999     
   5.29753532044546        17.3276212618099     
   5.29858185053643        17.3355068362487     
   5.29962838062739        17.3433928480990     
   5.30067491071835        17.3512793056797     
   5.30172144080931        17.3591662017838     
   5.30276797090027        17.3670535370965     
   5.30381450099123        17.3749413100000     
   5.30486103108219        17.3828295146554     
   5.30590756117315        17.3907181626501     
   5.30695409126411        17.3986072526744     
   5.30800062135508        17.4064967741037     
   5.30904715144604        17.4143867269302     
   5.31009368153700        17.4222771218111     
   5.31114021162796        17.4301679600000     
   5.31218674171892        17.4380592298735     
   5.31323327180988        17.4459509377621     
   5.31427980190084        17.4538430839066     
   5.31532633199180        17.4617356624721     
   5.31637286208277        17.4696286735304     
   5.31741939217373        17.4775221226074     
   5.31846592226469        17.4854160100000     
   5.31951245235565        17.4933103297230     
   5.32055898244661        17.5012050878949     
   5.32160551253757        17.5091002838083     
   5.32265204262853        17.5169959122565     
   5.32369857271949        17.5248919747426     
   5.32474510281045        17.5327884697597     
   5.32579163290142        17.5406854000000     
   5.32683816299238        17.5485827710209     
   5.32788469308334        17.5564805702982     
   5.32893122317430        17.5643788018213     
   5.32997775326526        17.5722774741155     
   5.33102428335622        17.5801765728877     
   5.33207081344718        17.5880761071015     
   5.33311734353814        17.5959760800000     
   5.33416387362911        17.6038764786268     
   5.33521040372007        17.6117773154644     
   5.33625693381103        17.6196785887300     
   5.33730346390199        17.6275802883237     
   5.33834999399295        17.6354824210691     
   5.33939652408391        17.6433849897134     
   5.34044305417487        17.6512879900000     
   5.34148958426583        17.6591914169867     
   5.34253611435680        17.6670952827640     
   5.34358264444776        17.6749995843470     
   5.34462917453872        17.6829043124062     
   5.34567570462968        17.6908094750574     
   5.34672223472064        17.6987150684731     
   5.34776876481160        17.7066210900000     
   5.34881529490256        17.7145275457469     
   5.34986182499352        17.7224344367505     
   5.35090835508448        17.7303417584316     
   5.35195488517545        17.7382495080280     
   5.35300141526641        17.7461576923290     
   5.35404794535737        17.7540663068933     
   5.35509447544833        17.7619753500000     
   5.35614100553929        17.7698848279857     
   5.35718753563025        17.7777947361609     
   5.35823406572121        17.7857050711418     
   5.35928059581217        17.7936158351091     
   5.36032712590313        17.8015270338129     
   5.36137365599410        17.8094386625830     
   5.36242018608506        17.8173507200000     
   5.36346671617602        17.8252632123305     
   5.36451324626698        17.8331761345449     
   5.36555977635794        17.8410894842217     
   5.36660630644890        17.8490032627871     
   5.36765283653986        17.8569174703149     
   5.36869936663082        17.8648321050607     
   5.36974589672179        17.8727471700000     
   5.37079242681275        17.8806626705178     
   5.37183895690371        17.8885785947021     
   5.37288548699467        17.8964949449039     
   5.37393201708563        17.9044117309406     
   5.37497854717659        17.9123289470138     
   5.37602507726755        17.9202465860036     
   5.37707160735851        17.9281646500000     
   5.37811813744947        17.9360831491055     
   5.37916466754044        17.9440020798056     
   5.38021119763140        17.9519214344955     
   5.38125772772236        17.9598412123690     
   5.38230425781332        17.9677614256727     
   5.38335078790428        17.9756820667811     
   5.38439731799524        17.9836031300000     
   5.38544384808620        17.9915246227399     
   5.38649037817716        17.9994465441792     
   5.38753690826813        18.0073688944950     
   5.38858343835909        18.0152916733882     
   5.38962996845005        18.0232148750675     
   5.39067649854101        18.0311385024997     
   5.39172302863197        18.0390625600000     
   5.39276955872293        18.0469870466136     
   5.39381608881389        18.0549119563501     
   5.39486261890485        18.0628372915095     
   5.39590914899581        18.0707630561951     
   5.39695567908678        18.0786892436623     
   5.39800220917774        18.0866158568188     
   5.39904873926870        18.0945429000000     
   5.40009526935966        18.1024703720385     
   5.40114179945062        18.1103982687380     
   5.40218832954158        18.1183265874756     
   5.40323485963254        18.1262553299961     
   5.40428138972350        18.1341845022724     
   5.40532791981447        18.1421140991092     
   5.40637444990543        18.1500441200000     
   5.40742097999639        18.1579745717923     
   5.40846751008735        18.1659054407043     
   5.40951404017831        18.1738367338242     
   5.41056057026927        18.1817684634434     
   5.41160710036023        18.1897006111808     
   5.41265363045119        18.1976331773243     
   5.41370016054216        18.2055661700000     
   5.41474669063312        18.2134995920190     
   5.41579322072408        18.2214334385662     
   5.41683975081504        18.2293677077203     
   5.41788628090600        18.2373024005977     
   5.41893281099696        18.2452375169513     
   5.41997934108792        18.2531730567301     
   5.42102587117888        18.2611090199999     
   5.42207240126984        18.2690454067408     
   5.42311893136081        18.2769822169201     
   5.42416546145177        18.2849194506342     
   5.42521199154273        18.2928571078079     
   5.42625852163369        18.3007951880656     
   5.42730505172465        18.3087336931014     
   5.42835158181561        18.3166726200000     
   5.42939811190657        18.3246119633401     
   5.43044464199753        18.3325517351605     
   5.43149117208849        18.3404919327710     
   5.43253770217946        18.3484325466218     
   5.43358423227042        18.3563735838846     
   5.43463076236138        18.3643150452569     
   5.43567729245234        18.3722569300000     
   5.43672382254330        18.3801992389354     
   5.43777035263426        18.3881419664298     
   5.43881688272522        18.3960851132337     
   5.43986341281618        18.4040286846254     
   5.44090994290714        18.4119726810544     
   5.44195647299811        18.4199170953048     
   5.44300300308907        18.4278619300000     
   5.44404953318003        18.4358071965835     
   5.44509606327099        18.4437528765585     
   5.44614259336195        18.4516989742505     
   5.44718912345291        18.4596455036854     
   5.44823565354387        18.4675924505966     
   5.44928218363483        18.4755398183327     
   5.45032871372580        18.4834876100000     
   5.45137524381676        18.4914358187430     
   5.45242177390772        18.4993844494068     
   5.45346830399868        18.5073335051095     
   5.45451483408964        18.5152829838917     
   5.45556136418060        18.5232328813164     
   5.45660789427156        18.5311831959382     
   5.45765442436252        18.5391339300000     
   5.45870095445349        18.5470850878397     
   5.45974748454445        18.5550366705891     
   5.46079401463541        18.5629886739663     
   5.46184054472637        18.5709410950183     
   5.46288707481733        18.5788939402055     
   5.46393360490829        18.5868472066947     
   5.46498013499925        18.5948008900000     
   5.46602666509021        18.6027549911349     
   5.46707319518117        18.6107095161160     
   5.46811972527214        18.6186644625524     
   5.46916625536310        18.6266198264109     
   5.47021278545406        18.6345756147700     
   5.47125931554502        18.6425318232115     
   5.47230584563598        18.6504884500000     
   5.47335237572694        18.6584455015318     
   5.47439890581790        18.6664029726413     
   5.47544543590886        18.6743608612420     
   5.47649196599983        18.6823191684937     
   5.47753849609079        18.6902778930683     
   5.47858502618175        18.6982370397656     
   5.47963155627271        18.7061966100000     
   5.48067808636367        18.7141565981040     
   5.48172461645463        18.7221170030997     
   5.48277114654559        18.7300778292642     
   5.48381767663655        18.7380390795864     
   5.48486420672751        18.7460007482696     
   5.48591073681848        18.7539628350159     
   5.48695726690944        18.7619253400000     
   5.48800379700040        18.7698882623975     
   5.48905032709136        18.7778516096501     
   5.49009685718232        18.7858153759783     
   5.49114338727328        18.7937795538238     
   5.49218991736424        18.8017441557748     
   5.49323644745520        18.8097091794851     
   5.49428297754617        18.8176746200000     
   5.49532950763713        18.8256404790649     
   5.49637603772809        18.8336067569933     
   5.49742256781905        18.8415734523661     
   5.49846909791001        18.8495405662565     
   5.49951562800097        18.8575081053531     
   5.50056215809193        18.8654760618132     
   5.50160868818289        18.8734444299999     
   5.50265521827385        18.8814132164874     
   5.50370174836482        18.8893824283723     
   5.50474827845578        18.8973520587376     
   5.50579480854674        18.9053221007595     
   5.50684133863770        18.9132925683599     
   5.50788786872866        18.9212634524745     
   5.50893439881962        18.9292347500000     
   5.50998092891058        18.9372064738865     
   5.51102745900154        18.9451786112650     
   5.51207398909250        18.9531511649890     
   5.51312051918347        18.9611241443173     
   5.51416704927443        18.9690975362848     
   5.51521357936539        18.9770713431614     
   5.51626010945635        18.9850455700000     
   5.51730663954731        18.9930202150233     
   5.51835316963827        19.0009952778854     
   5.51939969972923        19.0089707601054     
   5.52044622982019        19.0169466605322     
   5.52149275991116        19.0249229720933     
   5.52253929000212        19.0328997043645     
   5.52358582009308        19.0408768600000     
   5.52463235018404        19.0488544269635     
   5.52567888027500        19.0568324107686     
   5.52672541036596        19.0648108140748     
   5.52777194045692        19.0727896353889     
   5.52881847054788        19.0807688761067     
   5.52986500063884        19.0887485314709     
   5.53091153072981        19.0967286000000     
   5.53195806082077        19.1047090873382     
   5.53300459091173        19.1126899948788     
   5.53405112100269        19.1206713172036     
   5.53509765109365        19.1286530522211     
   5.53614418118461        19.1366352121635     
   5.53719071127557        19.1446177907530     
   5.53823724136653        19.1526007800000     
   5.53928377145750        19.1605841823375     
   5.54033030154846        19.1685680023559     
   5.54137683163942        19.1765522411884     
   5.54242336173038        19.1845368982305     
   5.54346989182134        19.1925219747118     
   5.54451642191230        19.2005074657016     
   5.54556295200326        19.2084933700000     
   5.54660948209422        19.2164796933756     
   5.54765601218519        19.2244664352446     
   5.54870254227615        19.2324535956454     
   5.54974907236711        19.2404411744276     
   5.55079560245807        19.2484291671536     
   5.55184213254903        19.2564175705722     
   5.55288866263999        19.2644063900000     
   5.55393519273095        19.2723956351993     
   5.55498172282191        19.2803852947351     
   5.55602825291287        19.2883753684746     
   5.55707478300384        19.2963658618677     
   5.55812131309480        19.3043567665096     
   5.55916784318576        19.3123480913528     
   5.56021437327672        19.3203398400000     
   5.56126090336768        19.3283320006502     
   5.56230743345864        19.3363245729728     
   5.56335396354960        19.3443175611465     
   5.56440049364056        19.3523109683665     
   5.56544702373153        19.3603047936913     
   5.56649355382249        19.3682990382186     
   5.56754008391345        19.3762937000000     
   5.56858661400441        19.3842887740410     
   5.56963314409537        19.3922842648061     
   5.57067967418633        19.4002801758773     
   5.57172620427729        19.4082765048854     
   5.57277273436825        19.4162732446363     
   5.57381926445921        19.4242704064490     
   5.57486579455018        19.4322679900000     
   5.57591232464114        19.4402659778552     
   5.57695885473210        19.4482643875585     
   5.57800538482306        19.4562632190949     
   5.57905191491402        19.4642624614088     
   5.58009844500498        19.4722621229939     
   5.58114497509594        19.4802622001200     
   5.58219150518690        19.4882626900000     
   5.58323803527786        19.4962635987543     
   5.58428456536883        19.5042649277417     
   5.58533109545979        19.5122666714883     
   5.58637762555075        19.5202688279351     
   5.58742415564171        19.5282714093066     
   5.58847068573267        19.5362744093246     
   5.58951721582363        19.5442778200000     
   5.59056374591459        19.5522816437647     
   5.59161027600555        19.5602858852176     
   5.59265680609652        19.5682905454685     
   5.59370333618748        19.5762956239313     
   5.59474986627844        19.5843011219316     
   5.59579639636940        19.5923070341068     
   5.59684292646036        19.6003133600000     
   5.59788945655132        19.6083201058326     
   5.59893598664228        19.6163272639267     
   5.59998251673324        19.6243348392569     
   5.60102904682420        19.6323428399029     
   5.60207557691517        19.6403512542514     
   5.60312210700613        19.6483600796906     
   5.60416863709709        19.6563693200000     
   5.60521516718805        19.6643789791570     
   5.60626169727901        19.6723890565860     
   5.60730822736997        19.6803995528701     
   5.60835475746093        19.6884104674738     
   5.60940128755189        19.6964217946514     
   5.61044781764286        19.7044335374102     
   5.61149434773382        19.7124457000000     
   5.61254087782478        19.7204582814391     
   5.61358740791574        19.7284712761804     
   5.61463393800670        19.7364846853062     
   5.61568046809766        19.7444985138775     
   5.61672699818862        19.7525127618950     
   5.61777352827958        19.7605274242954     
   5.61882005837055        19.7685425000000     
   5.61986658846151        19.7765579945578     
   5.62091311855247        19.7845739089213     
   5.62195964864343        19.7925902389212     
   5.62300617873439        19.8006069814868     
   5.62405270882535        19.8086241420413     
   5.62509923891631        19.8166417225742     
   5.62614576900727        19.8246597199999     
   5.62719229909823        19.8326781297247     
   5.62823882918920        19.8406969563049     
   5.62928535928016        19.8487162029412     
   5.63033188937112        19.8567358675548     
   5.63137841946208        19.8647559442804     
   5.63242494955304        19.8727764381828     
   5.63347147964400        19.8807973500000     
   5.63451800973496        19.8888186730438     
   5.63556453982592        19.8968404189707     
   5.63661106991688        19.9048625865487     
   5.63765760000785        19.9128851651123     
   5.63870413009881        19.9209081547564     
   5.63975066018977        19.9289315657378     
   5.64079719028073        19.9369554000000     
   5.64184372037169        19.9449796463433     
   5.64289025046265        19.9530043044260     
   5.64393678055361        19.9610293782674     
   5.64498331064457        19.9690548711733     
   5.64602984073553        19.9770807825482     
   5.64707637082650        19.9851071118878     
   5.64812290091746        19.9931338600000     
   5.64916943100842        20.0011610272126     
   5.65021596109938        20.0091886073189     
   5.65126249119034        20.0172166028114     
   5.65230902128130        20.0252450176111     
   5.65335555137226        20.0332738435812     
   5.65440208146322        20.0413030900478     
   5.65544861155419        20.0493327600000     
   5.65649514164515        20.0573628413446     
   5.65754167173611        20.0653933390333     
   5.65858820182707        20.0734242572972     
   5.65963473191803        20.0814555934095     
   5.66068126200899        20.0894873406488     
   5.66172779209995        20.0975195086528     
   5.66277432219091        20.1055521000000     
   5.66382085228188        20.1135851026926     
   5.66486738237284        20.1216185221464     
   5.66591391246380        20.1296523612787     
   5.66696044255476        20.1376866183931     
   5.66800697264572        20.1457212938373     
   5.66905350273668        20.1537563878081     
   5.67010003282764        20.1617918999999     
   5.67114656291860        20.1698278303178     
   5.67219309300956        20.1778641805590     
   5.67323962310053        20.1859009457542     
   5.67428615319149        20.1939381235787     
   5.67533268328245        20.2019757268770     
   5.67637921337341        20.2100137469643     
   5.67742574346437        20.2180521800000     
   5.67847227355533        20.2260910382531     
   5.67951880364629        20.2341303179264     
   5.68056533373725        20.2421700115119     
   5.68161186382822        20.2502101180748     
   5.68265839391918        20.2582506484219     
   5.68370492401014        20.2662916014978     
   5.68475145410110        20.2743329700000     
   5.68579798419206        20.2823747502502     
   5.68684451428302        20.2904169528272     
   5.68789104437398        20.2984595785560     
   5.68893757446494        20.3065026213146     
   5.68998410455590        20.3145460823045     
   5.69103063464687        20.3225899622350     
   5.69207716473783        20.3306342600000     
   5.69312369482879        20.3386789752419     
   5.69417022491975        20.3467241153717     
   5.69521675501071        20.3547696745468     
   5.69626328510167        20.3628156452473     
   5.69730981519263        20.3708620400875     
   5.69835634528359        20.3789088565703     
   5.69940287537456        20.3869560900000     
   5.70044940546552        20.3950037422781     
   5.70149593555648        20.4030518115347     
   5.70254246564744        20.4111003023683     
   5.70358899573840        20.4191492173516     
   5.70463552582936        20.4271985442430     
   5.70568205592032        20.4352482888792     
   5.70672858601128        20.4432984599999     
   5.70777511610224        20.4513490556046     
   5.70882164619321        20.4594000641650     
   5.70986817628417        20.4674514890575     
   5.71091470637513        20.4755033394528     
   5.71196123646609        20.4835556086624     
   5.71300776655705        20.4916082942848     
   5.71405429664801        20.4996614000000     
   5.71510082673897        20.5077149304478     
   5.71614735682993        20.5157688787899     
   5.71719388692089        20.5238232481501     
   5.71824041701186        20.5318780418684     
   5.71928694710282        20.5399332457078     
   5.72033347719378        20.5479888735737     
   5.72138000728474        20.5560449300000     
   5.72242653737570        20.5641013966171     
   5.72347306746666        20.5721582830948     
   5.72451959755762        20.5802155969506     
   5.72556612764858        20.5882733333517     
   5.72661265773955        20.5963314801868     
   5.72765918783051        20.6043900501373     
   5.72870571792147        20.6124490500000     
   5.72975224801243        20.6205084668610     
   5.73079877810339        20.6285683001136     
   5.73184530819435        20.6366285550521     
   5.73289183828531        20.6446892340216     
   5.73393836837627        20.6527503302990     
   5.73498489846724        20.6608118484585     
   5.73603142855820        20.6688737900000     
   5.73707795864916        20.6769361484749     
   5.73812448874012        20.6849989302515     
   5.73917101883108        20.6930621340774     
   5.74021754892204        20.7011257551857     
   5.74126407901300        20.7091897993493     
   5.74231060910396        20.7172542687468     
   5.74335713919492        20.7253191600000     
   5.74440366928589        20.7333844684280     
   5.74545019937685        20.7414502002739     
   5.74649672946781        20.7495163540726     
   5.74754325955877        20.7575829251816     
   5.74858978964973        20.7656499193654     
   5.74963631974069        20.7737173387145     
   5.75068284983165        20.7817851799999     
   5.75172937992261        20.7898534386249     
   5.75277591001358        20.7979221196252     
   5.75382244010454        20.8059912248770     
   5.75486897019550        20.8140607533424     
   5.75591550028646        20.8221307063150     
   5.75696203037742        20.8302010790220     
   5.75800856046838        20.8382718700000     
   5.75905509055934        20.8463430848801     
   5.76010162065030        20.8544147251136     
   5.76114815074126        20.8624867851260     
   5.76219468083223        20.8705592629490     
   5.76324121092319        20.8786321714453     
   5.76428774101415        20.8867055014950     
   5.76533427110511        20.8947792500000     
   5.76638080119607        20.9028534296636     
   5.76742733128703        20.9109280297564     
   5.76847386137799        20.9190030472645     
   5.76952039146895        20.9270784898312     
   5.77056692155992        20.9351543628655     
   5.77161345165088        20.9432306577050     
   5.77265998174184        20.9513073700000     
   5.77370651183280        20.9593845067688     
   5.77475304192376        20.9674620663676     
   5.77579957201472        20.9755400514004     
   5.77684610210568        20.9836184659029     
   5.77789263219664        20.9916973053643     
   5.77893916228760        20.9997765626628     
   5.77998569237857        21.0078562400000     
   5.78103222246953        21.0159363478464     
   5.78207875256049        21.0240168791190     
   5.78312528265145        21.0320978360227     
   5.78417181274241        21.0401792224979     
   5.78521834283337        21.0482610255295     
   5.78626487292433        21.0563432529221     
   5.78731140301529        21.0644259100000     
   5.78835793310625        21.0725089889575     
   5.78940446319722        21.0805924960270     
   5.79045099328818        21.0886764307616     
   5.79149752337914        21.0967607877941     
   5.79254405347010        21.1048455684718     
   5.79359058356106        21.1129307721188     
   5.79463711365202        21.1210164000000     
   5.79568364374298        21.1291024568096     
   5.79673017383394        21.1371889436556     
   5.79777670392491        21.1452758562093     
   5.79882323401587        21.1533631915458     
   5.79986976410683        21.1614509561403     
   5.80091629419779        21.1695391470678     
   5.80196282428875        21.1776277600000     
   5.80300935437971        21.1857167960448     
   5.80405588447067        21.1938062598942     
   5.80510241456163        21.2018961528197     
   5.80614894465259        21.2099864741399     
   5.80719547474356        21.2180772251766     
   5.80824200483452        21.2261684006794     
   5.80928853492548        21.2342600000000     
   5.81033506501644        21.2423520292477     
   5.81138159510740        21.2504444823284     
   5.81242812519836        21.2585373598437     
   5.81347465528932        21.2666306670802     
   5.81452118538028        21.2747244028954     
   5.81556771547125        21.2828185671620     
   5.81661424556221        21.2909131600000     
   5.81766077565317        21.2990081812097     
   5.81870730574413        21.3071036321569     
   5.81975383583509        21.3151995090991     
   5.82080036592605        21.3232958087497     
   5.82184689601701        21.3313925372370     
   5.82289342610797        21.3394896937273     
   5.82393995619894        21.3475872800000     
   5.82498648628990        21.3556853017337     
   5.82603301638086        21.3637837482314     
   5.82707954647182        21.3718826183620     
   5.82812607656278        21.3799819184399     
   5.82917260665374        21.3880816475152     
   5.83021913674470        21.3961818036016     
   5.83126566683566        21.4042823899999     
   5.83231219692662        21.4123834120431     
   5.83335872701759        21.4204848572476     
   5.83440525710855        21.4285867295608     
   5.83545178719951        21.4366890375467     
   5.83649831729047        21.4447917671893     
   5.83754484738143        21.4528949262175     
   5.83859137747239        21.4609985200000     
   5.83963790756335        21.4691025405213     
   5.84068443765431        21.4772069957082     
   5.84173096774528        21.4853118804654     
   5.84277749783624        21.4934171868513     
   5.84382402792720        21.5015229278326     
   5.84487055801816        21.5096290998144     
   5.84591708810912        21.5177357000000     
   5.84696361820008        21.5258427351179     
   5.84801014829104        21.5339502004525     
   5.84905667838200        21.5420580925683     
   5.85010320847296        21.5501664136771     
   5.85114973856393        21.5582751695453     
   5.85219626865489        21.5663843554015     
   5.85324279874585        21.5744939700000     
   5.85428932883681        21.5826040197114     
   5.85533585892777        21.5907144980463     
   5.85638238901873        21.5988254066168     
   5.85742891910969        21.6069367499088     
   5.85847544920065        21.6150485207505     
   5.85952197929161        21.6231607235098     
   5.86056850938258        21.6312733600000     
   5.86161503947354        21.6393864238480     
   5.86266156956450        21.6474999197698     
   5.86370809965546        21.6556138510879     
   5.86475462974642        21.6637282156704     
   5.86580115983738        21.6718430080297     
   5.86684768992834        21.6799582316567     
   5.86789422001930        21.6880738900000     
   5.86894075011027        21.6961899816744     
   5.86998728020123        21.7043065079785     
   5.87103381029219        21.7124234657305     
   5.87208034038315        21.7205408512318     
   5.87312687047411        21.7286586689469     
   5.87417340056507        21.7367769258603     
   5.87521993065603        21.7448956199999     
   5.87626646074699        21.7530147410175     
   5.87731299083795        21.7611342942037     
   5.87835952092892        21.7692542822999     
   5.87940605101988        21.7773747037081     
   5.88045258111084        21.7854955586771     
   5.88149911120180        21.7936168477318     
   5.88254564129276        21.8017385700000     
   5.88359217138372        21.8098607250349     
   5.88463870147468        21.8179833202854     
   5.88568523156564        21.8261063498331     
   5.88673176165661        21.8342298062196     
   5.88777829174757        21.8423537024043     
   5.88882482183853        21.8504780343405     
   5.88987135192949        21.8586028000000     
   5.89091788202045        21.8667280065548     
   5.89196441211141        21.8748536421956     
   5.89301094220237        21.8829797084247     
   5.89405747229333        21.8911062156831     
   5.89510400238429        21.8992331625611     
   5.89615053247526        21.9073605449290     
   5.89719706256622        21.9154883600000     
   5.89824359265718        21.9236166083578     
   5.89929012274814        21.9317452944045     
   5.90033665283910        21.9398744203792     
   5.90138318293006        21.9480039848526     
   5.90242971302102        21.9561339836686     
   5.90347624311198        21.9642644136415     
   5.90452277320295        21.9723952800000     
   5.90556930329391        21.9805265925216     
   5.90661583338487        21.9886583399163     
   5.90766236347583        21.9967905216455     
   5.90870889356679        22.0049231434779     
   5.90975542365775        22.0130561986218     
   5.91080195374871        22.0211896885218     
   5.91184848383967        22.0293236199999     
   5.91289501393064        22.0374579969626     
   5.91394154402160        22.0455928083565     
   5.91498807411256        22.0537280545962     
   5.91603460420352        22.0618637408239     
   5.91708113429448        22.0699998589099     
   5.91812766438544        22.0781364169283     
   5.91917419447640        22.0862734200000     
   5.92022072456736        22.0944108609126     
   5.92126725465832        22.1025487405682     
   5.92231378474929        22.1106870585046     
   5.92336031484025        22.1188258152402     
   5.92440684493121        22.1269650176096     
   5.92545337502217        22.1351046576951     
   5.92649990511313        22.1432447300000     
   5.92754643520409        22.1513852412141     
   5.92859296529505        22.1595261969788     
   5.92963949538601        22.1676675943944     
   5.93068602547697        22.1758094297094     
   5.93173255556794        22.1839517096609     
   5.93277908565890        22.1920944310218     
   5.93382561574986        22.2002375900000     
   5.93487214584082        22.2083811880757     
   5.93591867593178        22.2165252242045     
   5.93696520602274        22.2246697008356     
   5.93801173611370        22.2328146222411     
   5.93905826620466        22.2409599887028     
   5.94010479629563        22.2491057947333     
   5.94115132638659        22.2572520400000     
   5.94219785647755        22.2653987305507     
   5.94324438656851        22.2735458598323     
   5.94429091665947        22.2816934297346     
   5.94533744675043        22.2898414445334     
   5.94638397684139        22.2979898961035     
   5.94743050693235        22.3061387933655     
   5.94847703702331        22.3142881400000     
   5.94952356711428        22.3224379243171     
   5.95057009720524        22.3305881447697     
   5.95161662729620        22.3387388088940     
   5.95266315738716        22.3468899234766     
   5.95370968747812        22.3550414830298     
   5.95475621756908        22.3631934821256     
   5.95580274766004        22.3713459199999     
   5.95684927775100        22.3794988015311     
   5.95789580784197        22.3876521333281     
   5.95894233793293        22.3958059103590     
   5.95998886802389        22.4039601243592     
   5.96103539811485        22.4121147806779     
   5.96208192820581        22.4202698868182     
   5.96312845829677        22.4284254400000     
   5.96417498838773        22.4365814296150     
   5.96522151847869        22.4447378665671     
   5.96626804856965        22.4528947527255     
   5.96731457866062        22.4610520812959     
   5.96836110875158        22.4692098522912     
   5.96940763884254        22.4773680724498     
   5.97045416893350        22.4855267400000     
   5.97150069902446        22.4936858441003     
   5.97254722911542        22.5018453945047     
   5.97359375920638        22.5100053963654     
   5.97464028929734        22.5181658465460     
   5.97568681938831        22.5263267409768     
   5.97673334947927        22.5344880778067     
   5.97777987957023        22.5426498600000     
   5.97882640966119        22.5508120923992     
   5.97987293975215        22.5589747686583     
   5.98091946984311        22.5671378904756     
   5.98196599993407        22.5753014623064     
   5.98301253002503        22.5834654773774     
   5.98405906011600        22.5916299383684     
   5.98510559020696        22.5997948500000     
   5.98615212029792        22.6079602113214     
   5.98719865038888        22.6161260150265     
   5.98824518047984        22.6242922670814     
   5.98929171057080        22.6324589749407     
   5.99033824066176        22.6406261261317     
   5.99138477075272        22.6487937226065     
   5.99243130084368        22.6569617699999     
   5.99347783093465        22.6651302669879     
   5.99452436102561        22.6732992066383     
   5.99557089111657        22.6814685940010     
   5.99661742120753        22.6896384372597     
   5.99766395129849        22.6978087296498     
   5.99871048138945        22.7059794700848     
   5.99975701148041        22.7141506600000     
   6.00080354157137        22.7223222990729     
   6.00185007166233        22.7304943855843     
   6.00289660175330        22.7386669244197     
   6.00394313184426        22.7468399179799     
   6.00498966193522        22.7550133539564     
   6.00603619202618        22.7631872386463     
   6.00708272211714        22.7713615800000     
   6.00812925220810        22.7795363755434     
   6.00917578229906        22.7877116211676     
   6.01022231239002        22.7958873144214     
   6.01126884248098        22.8040634569462     
   6.01231537257195        22.8122400546623     
   6.01336190266291        22.8204171027043     
   6.01440843275387        22.8285946000000     
   6.01545496284483        22.8367725530568     
   6.01650149293579        22.8449509536400     
   6.01754802302675        22.8531298081739     
   6.01859455311771        22.8613091235917     
   6.01964108320867        22.8694888804837     
   6.02068761329964        22.8776690891645     
   6.02173414339060        22.8858497600000     
   6.02278067348156        22.8940308845085     
   6.02382720357252        22.9022124574116     
   6.02487373366348        22.9103944811726     
   6.02592026375444        22.9185769599289     
   6.02696679384540        22.9267598914243     
   6.02801332393636        22.9349432817164     
   6.02905985402733        22.9431271300000     
   6.03010638411829        22.9513114254592     
   6.03115291420925        22.9594961737829     
   6.03219944430021        22.9676813767595     
   6.03324597439117        22.9758670335512     
   6.03429250448213        22.9840531503079     
   6.03533903457309        22.9922397236535     
   6.03638556466405        23.0004267499999     
   6.03743209475501        23.0086142308074     
   6.03847862484598        23.0168021645616     
   6.03952515493694        23.0249905550173     
   6.04057168502790        23.0331794054210     
   6.04161821511886        23.0413687089824     
   6.04266474520982        23.0495584696626     
   6.04371127530078        23.0577486900000     
   6.04475780539174        23.0659393641315     
   6.04580433548270        23.0741304892355     
   6.04685086557367        23.0823220747784     
   6.04789739566463        23.0905141259081     
   6.04894392575559        23.0987066232451     
   6.04999045584655        23.1068995787577     
   6.05103698593751        23.1150930000000     
   6.05208351602847        23.1232868732245     
   6.05313004611943        23.1314812035043     
   6.05417657621039        23.1396759952584     
   6.05522310630135        23.1478712456521     
   6.05626963639232        23.1560669480161     
   6.05731616648328        23.1642631118718     
   6.05836269657424        23.1724597400000     
   6.05940922666520        23.1806568205329     
   6.06045575675616        23.1888543571115     
   6.06150228684712        23.1970523575492     
   6.06254881693808        23.2052508225308     
   6.06359534702904        23.2134497398341     
   6.06464187712001        23.2216491171012     
   6.06568840721097        23.2298489600000     
   6.06673493730193        23.2380492611106     
   6.06778146739289        23.2462500214196     
   6.06882799748385        23.2544512402971     
   6.06987452757481        23.2626529183982     
   6.07092105766577        23.2708550633263     
   6.07196758775673        23.2790576637128     
   6.07301411784769        23.2872607200000     
   6.07406064793866        23.2954642497874     
   6.07510717802962        23.3036682337100     
   6.07615370812058        23.3118726767953     
   6.07720023821154        23.3200775923883     
   6.07824676830250        23.3282829589431     
   6.07929329839346        23.3364887898044     
   6.08033982848442        23.3446950899999     
   6.08138635857538        23.3529018401647     
   6.08243288866634        23.3611090578982     
   6.08347941875731        23.3693167436424     
   6.08452594884827        23.3775248860291     
   6.08557247893923        23.3857334926640     
   6.08661900903019        23.3939425641912     
   6.08766553912115        23.4021521000000     
   6.08871206921211        23.4103621010884     
   6.08975859930307        23.4185725598749     
   6.09080512939403        23.4267834824708     
   6.09185165948500        23.4349948761696     
   6.09289818957596        23.4432067269717     
   6.09394471966692        23.4514190438061     
   6.09499124975788        23.4596318300000     
   6.09603777984884        23.4678450727150     
   6.09708430993980        23.4760587831360     
   6.09813084003076        23.4842729630604     
   6.09917737012172        23.4924876058042     
   6.10022390021268        23.5007027127503     
   6.10127043030365        23.5089182843870     
   6.10231696039461        23.5171343200000     
   6.10336349048557        23.5253508195012     
   6.10441002057653        23.5335677867059     
   6.10545655066749        23.5417852256885     
   6.10650308075845        23.5500031335933     
   6.10754961084941        23.5582214973925     
   6.10859614094037        23.5664403317419     
   6.10964267103134        23.5746596400000     
   6.11068920112230        23.5828794034015     
   6.11173573121326        23.5910996395798     
   6.11278226130422        23.5993203486936     
   6.11382879139518        23.6075415195828     
   6.11487532148614        23.6157631606930     
   6.11592185157710        23.6239852686066     
   6.11696838166806        23.6322078399999     
   6.11801491175903        23.6404308806711     
   6.11906144184999        23.6486543972805     
   6.12010797194095        23.6568783843628     
   6.12115450203191        23.6651028339719     
   6.12220103212287        23.6733277527425     
   6.12324756221383        23.6815531420835     
   6.12429409230479        23.6897790000000     
   6.12534062239575        23.6980053264593     
   6.12638715248671        23.7062321288402     
   6.12743368257768        23.7144594012865     
   6.12848021266864        23.7226871362812     
   6.12952674275960        23.7309153463355     
   6.13057327285056        23.7391440293935     
   6.13161980294152        23.7473731800000     
   6.13266633303248        23.7556027995919     
   6.13371286312344        23.7638328935475     
   6.13475939321440        23.7720634611072     
   6.13580592330537        23.7802944969453     
   6.13685245339633        23.7885259995513     
   6.13789898348729        23.7967579809963     
   6.13894551357825        23.8049904400000     
   6.13999204366921        23.8132233594731     
   6.14103857376017        23.8214567569688     
   6.14208510385113        23.8296906323376     
   6.14313163394209        23.8379249746212     
   6.14417816403305        23.8461597926829     
   6.14522469412402        23.8543950811019     
   6.14627122421498        23.8626308400000     
   6.14731775430594        23.8708670809135     
   6.14836428439690        23.8791037932292     
   6.14941081448786        23.8873409739806     
   6.15045734457882        23.8955786308021     
   6.15150387466978        23.9038167694798     
   6.15255040476074        23.9120553797342     
   6.15359693485170        23.9202944600000     
   6.15464346494267        23.9285340226415     
   6.15568999503363        23.9367740550486     
   6.15673652512459        23.9450145595442     
   6.15778305521555        23.9532555458181     
   6.15882958530651        23.9614970051769     
   6.15987611539747        23.9697389435776     
   6.16092264548843        23.9779813599999     
   6.16196917557939        23.9862242424269     
   6.16301570567036        23.9944676093012     
   6.16406223576132        24.0027114566286     
   6.16510876585228        24.0109557701365     
   6.16615529594324        24.0192005630463     
   6.16720182603420        24.0274458369961     
   6.16824835612516        24.0356915900000     
   6.16929488621612        24.0439378231424     
   6.17034141630708        24.0521845324347     
   6.17138794639804        24.0604317139669     
   6.17243447648901        24.0686793704413     
   6.17348100657997        24.0769275137454     
   6.17452753667093        24.0851761345264     
   6.17557406676189        24.0934252300000     
   6.17662059685285        24.1016748128217     
   6.17766712694381        24.1099248716888     
   6.17871365703477        24.1181754051878     
   6.17976018712573        24.1264264197054     
   6.18080671721670        24.1346779124130     
   6.18185324730766        24.1429298895854     
   6.18289977739862        24.1511823500000     
   6.18394630748958        24.1594352824642     
   6.18499283758054        24.1676886980647     
   6.18603936767150        24.1759425983502     
   6.18708589776246        24.1841969767922     
   6.18813242785342        24.1924518349690     
   6.18917895794439        24.2007071723719     
   6.19022548803535        24.2089629900000     
   6.19127201812631        24.2172192924479     
   6.19231854821727        24.2254760825357     
   6.19336507830823        24.2337333512024     
   6.19441160839919        24.2419910930122     
   6.19545813849015        24.2502493263402     
   6.19650466858111        24.2585080440692     
   6.19755119867207        24.2667672400000     
   6.19859772876304        24.2750269222542     
   6.19964425885400        24.2832870846035     
   6.20069078894496        24.2915477273837     
   6.20173731903592        24.2998088560418     
   6.20278384912688        24.3080704695205     
   6.20383037921784        24.3163325671645     
   6.20487690930880        24.3245951500000     
   6.20592343939976        24.3328582183726     
   6.20696996949072        24.3411217652297     
   6.20801649958169        24.3493857954264     
   6.20906302967265        24.3576503172591     
   6.21010955976361        24.3659153239312     
   6.21115608985457        24.3741808143821     
   6.21220261994553        24.3824467900000     
   6.21324915003649        24.3907132504277     
   6.21429568012745        24.3989801943990     
   6.21534221021841        24.4072476255576     
   6.21638874030937        24.4155155472810     
   6.21743527040034        24.4237839541061     
   6.21848180049130        24.4320528439084     
   6.21952833058226        24.4403222200000     
   6.22057486067322        24.4485920870964     
   6.22162139076418        24.4568624388609     
   6.22266792085514        24.4651332770065     
   6.22371445094610        24.4734046059800     
   6.22476098103706        24.4816764190101     
   6.22580751112803        24.4899487187763     
   6.22685404121899        24.4982215100000     
   6.22790057130995        24.5064947917310     
   6.22894710140091        24.5147685566541     
   6.22999363149187        24.5230428107609     
   6.23104016158283        24.5313175614857     
   6.23208669167379        24.5395927962535     
   6.23313322176475        24.5478685174783     
   6.23417975185572        24.5561447300000     
   6.23522628194668        24.5644214320097     
   6.23627281203764        24.5726986241126     
   6.23731934212860        24.5809763052072     
   6.23836587221956        24.5892544762030     
   6.23941240231052        24.5975331442454     
   6.24045893240148        24.6058122996859     
   6.24150546249244        24.6140919400000     
   6.24255199258340        24.6223720773160     
   6.24359852267437        24.6306527049053     
   6.24464505276533        24.6389338234689     
   6.24569158285629        24.6472154380891     
   6.24673811294725        24.6554975428195     
   6.24778464303821        24.6637801359142     
   6.24883117312917        24.6720632200000     
   6.24987770322013        24.6803467992816     
   6.25092423331109        24.6886308748413     
   6.25197076340206        24.6969154425760     
   6.25301729349302        24.7052004993955     
   6.25406382358398        24.7134860511112     
   6.25511035367494        24.7217720980582     
   6.25615688376590        24.7300586400000     
   6.25720341385686        24.7383456777289     
   6.25824994394782        24.7466332042789     
   6.25929647403878        24.7549212241245     
   6.26034300412974        24.7632097458505     
   6.26138953422071        24.7714987639621     
   6.26243606431167        24.7797882712643     
   6.26348259440263        24.7880782700000     
   6.26452912449359        24.7963687704317     
   6.26557565458455        24.8046597671636     
   6.26662218467551        24.8129512577720     
   6.26766871476647        24.8212432436072     
   6.26871524485743        24.8295357231934     
   6.26976177494840        24.8378287017772     
   6.27080830503936        24.8461221800000     
   6.27185483513032        24.8544161517120     
   6.27290136522128        24.8627106233826     
   6.27394789531224        24.8710055933855     
   6.27499442540320        24.8793010572403     
   6.27604095549416        24.8875970220693     
   6.27708748558512        24.8958934837140     
   6.27813401567608        24.9041904400000     
   6.27918054576705        24.9124878970795     
   6.28022707585801        24.9207858540963     
   6.28127360594897        24.9290843117212     
   6.28232013603993        24.9373832692974     
   6.28336666613089        24.9456827196725     
   6.28441319622185        24.9539826722725     
   6.28545972631281        24.9622831299999     
   6.28650625640377        24.9705840809432     
   6.28755278649473        24.9788855287403     
   6.28859931658570        24.9871874812267     
   6.28964584667666        24.9954899390711     
   6.29069237676762        25.0037928899835     
   6.29173890685858        25.0120963419133     
   6.29278543694954        25.0204003000000     
   6.29383196704050        25.0287047565015     
   6.29487849713146        25.0370097176778     
   6.29592502722242        25.0453151829855     
   6.29697155731339        25.0536211471317     
   6.29801808740435        25.0619276118194     
   6.29906461749531        25.0702345747649     
   6.30011114758627        25.0785420400000     
   6.30115767767723        25.0868500175496     
   6.30220420776819        25.0951584977437     
   6.30325073785915        25.1034674754569     
   6.30429726795011        25.1117769538240     
   6.30534379804108        25.1200869372038     
   6.30639032813204        25.1283974262033     
   6.30743685822300        25.1367084200000     
   6.30848338831396        25.1450199187042     
   6.30952991840492        25.1533319239511     
   6.31057644849588        25.1616444311551     
   6.31162297858684        25.1699574376849     
   6.31266950867780        25.1782709547517     
   6.31371603876876        25.1865849812525     
   6.31476256885973        25.1948995100000     
   6.31580909895069        25.2032145374775     
   6.31685562904165        25.2115300724866     
   6.31790215913261        25.2198461207447     
   6.31894868922357        25.2281626785135     
   6.31999521931453        25.2364797344241     
   6.32104174940549        25.2447972966294     
   6.32208827949645        25.2531153700000     
   6.32313480958742        25.2614339468549     
   6.32418133967838        25.2697530337704     
   6.32522786976934        25.2780726293091     
   6.32627439986030        25.2863927288792     
   6.32732092995126        25.2947133395917     
   6.32836746004222        25.3030344574472     
   6.32941399013318        25.3113560800000     
   6.33046052022414        25.3196782132428     
   6.33150705031510        25.3280008585716     
   6.33255358040607        25.3363240104501     
   6.33360011049703        25.3446476668714     
   6.33464664058799        25.3529718403709     
   6.33569317067895        25.3612965232780     
   6.33673970076991        25.3696217100000     
   6.33778623086087        25.3779474080740     
   6.33883276095183        25.3862736152499     
   6.33987929104279        25.3946003356441     
   6.34092582113376        25.4029275720910     
   6.34197235122472        25.4112553119203     
   6.34301888131568        25.4195835625563     
   6.34406541140664        25.4279123300000     
   6.34511194149760        25.4362416069188     
   6.34615847158856        25.4445713924819     
   6.34720500167952        25.4529016910868     
   6.34825153177048        25.4612325056679     
   6.34929806186144        25.4695638307554     
   6.35034459195241        25.4778956646968     
   6.35139112204337        25.4862280100000     
   6.35243765213433        25.4945608709134     
   6.35348418222529        25.5028942485140     
   6.35453071231625        25.5112281386999     
   6.35557724240721        25.5195625383786     
   6.35662377249817        25.5278974533357     
   6.35767030258913        25.5362328840209     
   6.35871683268009        25.5445688300000     
   6.35976336277106        25.5529052919446     
   6.36080989286202        25.5612422645697     
   6.36185642295298        25.5695797477099     
   6.36290295304394        25.5779177473672     
   6.36394948313490        25.5862562695894     
   6.36499601322586        25.5945953046000     
   6.36604254331682        25.6029348499999     
   6.36708907340778        25.6112749177324     
   6.36813560349875        25.6196155022925     
   6.36918213358971        25.6279566010261     
   6.37022866368067        25.6362982154243     
   6.37127519377163        25.6446403441150     
   6.37232172386259        25.6529829917560     
   6.37336825395355        25.6613261600000     
   6.37441478404451        25.6696698433071     
   6.37546131413547        25.6780140388295     
   6.37650784422643        25.6863587560042     
   6.37755437431740        25.6947039999943     
   6.37860090440836        25.7030497513807     
   6.37964743449932        25.7113960222873     
   6.38069396459028        25.7197428200000     
   6.38174049468124        25.7280901306072     
   6.38278702477220        25.7364379614659     
   6.38383355486316        25.7447863107018     
   6.38488008495412        25.7531351741977     
   6.38592661504509        25.7614845653207     
   6.38697314513605        25.7698344749256     
   6.38801967522701        25.7781849000000     
   6.38906620531797        25.7865358534158     
   6.39011273540893        25.7948873226990     
   6.39115926549989        25.8032393096360     
   6.39220579559085        25.8115918243259     
   6.39325232568181        25.8199448599715     
   6.39429885577278        25.8282984137121     
   6.39534538586374        25.8366524900000     
   6.39639191595470        25.8450070938971     
   6.39743844604566        25.8533622116478     
   6.39848497613662        25.8617178508325     
   6.39953150622758        25.8700740233989     
   6.40057803631854        25.8784307098677     
   6.40162456640950        25.8867879158384     
   6.40267109650046        25.8951456500000     
   6.40371762659143        25.9035039090570     
   6.40476415668239        25.9118626945337     
   6.40581068677335        25.9202220032284     
   6.40685721686431        25.9285818315044     
   6.40790374695527        25.9369421848329     
   6.40895027704623        25.9453030655620     
   6.40999680713719        25.9536644699999     
   6.41104333722815        25.9620263932129     
   6.41208986731912        25.9703888454325     
   6.41313639741008        25.9787518288408     
   6.41418292750104        25.9871153362797     
   6.41522945759200        25.9954793622722     
   6.41627598768296        26.0038439152886     
   6.41732251777392        26.0122090000000     
   6.41836904786488        26.0205746095577     
   6.41941557795584        26.0289407431046     
   6.42046210804680        26.0373074049579     
   6.42150863813777        26.0456745981033     
   6.42255516822873        26.0540423171577     
   6.42360169831969        26.0624105600438     
   6.42464822841065        26.0707793300000     
   6.42569475850161        26.0791486317181     
   6.42674128859257        26.0875184593022     
   6.42778781868353        26.0958888132538     
   6.42883434877449        26.1042596989724     
   6.42988087886545        26.1126311164047     
   6.43092740895642        26.1210030603817     
   6.43197393904738        26.1293755300000     
   6.43302046913834        26.1377485308974     
   6.43406699922930        26.1461220626961     
   6.43511352932026        26.1544961249068     
   6.43616005941122        26.1628707177969     
   6.43720658950218        26.1712458409642     
   6.43825311959314        26.1796214958755     
   6.43929964968411        26.1879976800000     
   6.44034617977507        26.1963743881328     
   6.44139270986603        26.2047516292054     
   6.44243923995699        26.2131294091100     
   6.44348577004795        26.2215077240118     
   6.44453230013891        26.2298865626630     
   6.44557883022987        26.2382659327901     
   6.44662536032083        26.2466458399999     
   6.44767189041179        26.2550262770669     
   6.44871842050276        26.2634072434733     
   6.44976495059372        26.2717887427160     
   6.45081148068468        26.2801707784348     
   6.45185801077564        26.2885533505742     
   6.45290454086660        26.2969364557341     
   6.45395107095756        26.3053200899999     
   6.45499760104852        26.3137042536206     
   6.45604413113948        26.3220889582777     
   6.45709066123045        26.3304742007240     
   6.45813719132141        26.3388599717298     
   6.45918372141237        26.3472462783190     
   6.46023025150333        26.3556331215057     
   6.46127678159429        26.3640205000000     
   6.46232331168525        26.3724084142692     
   6.46336984177621        26.3807968643049     
   6.46441637186717        26.3891858499829     
   6.46546290195813        26.3975753713895     
   6.46650943204910        26.4059654287927     
   6.46755596214006        26.4143560209506     
   6.46860249223102        26.4227471500000     
   6.46964902232198        26.4311388208860     
   6.47069555241294        26.4395310289802     
   6.47174208250390        26.4479237711697     
   6.47278861259486        26.4563170494561     
   6.47383514268582        26.4647108691831     
   6.47488167277679        26.4731052276107     
   6.47592820286775        26.4815001200000     
   6.47697473295871        26.4898955469551     
   6.47802126304967        26.4982915196587     
   6.47906779314063        26.5066880361308     
   6.48011432323159        26.5150850861371     
   6.48116085332255        26.5234826696006     
   6.48220738341351        26.5318807970877     
   6.48325391350448        26.5402794700000     
   6.48430044359544        26.5486786767831     
   6.48534697368640        26.5570784226968     
   6.48639350377736        26.5654787109499     
   6.48744003386832        26.5738795396060     
   6.48848656395928        26.5822809076324     
   6.48953309405024        26.5906828216509     
   6.49057962414120        26.5990852799999     
   6.49162615423216        26.6074882716558     
   6.49267268432313        26.6158918076183     
   6.49371921441409        26.6242958896224     
   6.49476574450505        26.6327005109894     
   6.49581227459601        26.6411056724710     
   6.49685880468697        26.6495113775044     
   6.49790533477793        26.6579176300000     
   6.49895186486889        26.6663244298701     
   6.49999839495985        26.6747317640362     
   6.50104492505081        26.6831396395866     
   6.50209145514178        26.6915480689611     
   6.50313798523274        26.6999570386307     
   6.50418451532370        26.7083665503490     
   6.50523104541466        26.7167766100000     
   6.50627757550562        26.7251872161549     
   6.50732410559658        26.7335983620065     
   6.50837063568754        26.7420100522929     
   6.50941716577850        26.7504222954453     
   6.51046369586947        26.7588350859956     
   6.51151022596043        26.7672484167869     
   6.51255675605139        26.7756622900000     
   6.51360328614235        26.7840767158679     
   6.51464981623331        26.7924916894478     
   6.51569634632427        26.8009072070730     
   6.51674287641523        26.8093232710715     
   6.51778940650619        26.8177398868129     
   6.51883593659715        26.8261570511200     
   6.51988246668812        26.8345747600000     
   6.52092899677908        26.8429930144950     
   6.52197552687004        26.8514118188128     
   6.52302205696100        26.8598311755843     
   6.52406858705196        26.8682510830614     
   6.52511511714292        26.8766715353002     
   6.52616164723388        26.8850925373744     
   6.52720817732484        26.8935140900000     
   6.52825470741581        26.9019361864576     
   6.52930123750677        26.9103588387461     
   6.53034776759773        26.9187820446965     
   6.53139429768869        26.9272057943808     
   6.53244082777965        26.9356300935171     
   6.53348735787061        26.9440549496806     
   6.53453388796157        26.9524803599999     
   6.53558041805253        26.9609063139012     
   6.53662694814349        26.9693328222773     
   6.53767347823446        26.9777598870165     
   6.53872000832542        26.9861875013088     
   6.53976653841638        26.9946156650745     
   6.54081306850734        27.0030443854667     
   6.54185959859830        27.0114736600000     
   6.54290612868926        27.0199034773977     
   6.54395265878022        27.0283338542617     
   6.54499918887118        27.0367647914836     
   6.54604571896215        27.0451962771654     
   6.54709224905311        27.0536283117034     
   6.54813877914407        27.0620609052869     
   6.54918530923503        27.0704940600000     
   6.55023183932599        27.0789277647954     
   6.55127836941695        27.0873620175544     
   6.55232489950791        27.0957968271911     
   6.55337142959887        27.1042321993934     
   6.55441795968983        27.1126681209899     
   6.55546448978080        27.1211045989450     
   6.55651101987176        27.1295416400000     
   6.55755754996272        27.1379792371331     
   6.55860408005368        27.1464173836698     
   6.55965061014464        27.1548560855015     
   6.56069714023560        27.1632953502688     
   6.56174367032656        27.1717351702300     
   6.56279020041752        27.1801755492884     
   6.56383673050849        27.1886164900000     
   6.56488326059945        27.1970579862874     
   6.56592979069041        27.2055000371458     
   6.56697632078137        27.2139426470566     
   6.56802285087233        27.2223858188580     
   6.56906938096329        27.2308295461357     
   6.57011591105425        27.2392738316385     
   6.57116244114521        27.2477186799999     
   6.57220897123617        27.2561640903031     
   6.57325550132714        27.2646100552213     
   6.57430203141810        27.2730565807664     
   6.57534856150906        27.2815036743564     
   6.57639509160002        27.2899513233195     
   6.57744162169098        27.2983995305017     
   6.57848815178194        27.3068483000000     
   6.57953468187290        27.3152976295527     
   6.58058121196386        27.3237475268587     
   6.58162774205482        27.3321979858819     
   6.58267427214579        27.3406489993003     
   6.58372080223675        27.3491005814274     
   6.58476733232771        27.3575527220086     
   6.58581386241867        27.3660054200000     
   6.58686039250963        27.3744586932806     
   6.58790692260059        27.3829125247386     
   6.58895345269155        27.3913669130537     
   6.58999998278251        27.3998218703202     
   6.59104651287348        27.4082773950292     
   6.59209304296444        27.4167334818255     
   6.59313957305540        27.4251901300000     
   6.59418610314636        27.4336473449603     
   6.59523263323732        27.4421051277256     
   6.59627916332828        27.4505634739872     
   6.59732569341924        27.4590223807872     
   6.59837222351020        27.4674818541741     
   6.59941875360117        27.4759418933294     
   6.60046528369213        27.4844025000000     
   6.60151181378309        27.4928636798267     
   6.60255834387405        27.5013254225447     
   6.60360487396501        27.5097877258401     
   6.60465140405597        27.5182505969577     
   6.60569793414693        27.5267140415577     
   6.60674446423789        27.5351780502924     
   6.60779099432885        27.5436426200000     
   6.60883752441982        27.5521077620902     
   6.60988405451078        27.5605734789185     
   6.61093058460174        27.5690397608018     
   6.61197711469270        27.5775066026479     
   6.61302364478366        27.5859740223901     
   6.61407017487462        27.5944420144714     
   6.61511670496558        27.6029105699999     
   6.61616323505654        27.6113796917896     
   6.61720976514751        27.6198493839547     
   6.61825629523847        27.6283196488240     
   6.61930282532943        27.6367904848441     
   6.62034935542039        27.6452618864180     
   6.62139588551135        27.6537338569292     
   6.62244241560231        27.6622064000000     
   6.62348894569327        27.6706795143203     
   6.62453547578423        27.6791531999838     
   6.62558200587519        27.6876274571460     
   6.62662853596616        27.6961022857162     
   6.62767506605712        27.7045776857090     
   6.62872159614808        27.7130536571523     
   6.62976812623904        27.7215302000000     
   6.63081465633000        27.7300073142288     
   6.63186118642096        27.7384850001872     
   6.63290771651192        27.7469632569191     
   6.63395424660288        27.7554420851764     
   6.63500077669385        27.7639214906568     
   6.63604730678481        27.7724014703449     
   6.63709383687577        27.7808820200000     
   6.63814036696673        27.7893631405977     
   6.63918689705769        27.7978448377106     
   6.64023342714865        27.8063271101878     
   6.64127995723961        27.8148099530223     
   6.64232648733057        27.8232933664907     
   6.64337301742153        27.8317773544072     
   6.64441954751250        27.8402619200000     
   6.64546607760346        27.8487470626744     
   6.64651260769442        27.8572327767288     
   6.64755913778538        27.8657190635504     
   6.64860566787634        27.8742059279513     
   6.64965219796730        27.8826933685258     
   6.65069872805826        27.8911813867560     
   6.65174525814922        27.8996699799999     
   6.65279178824018        27.9081591427522     
   6.65383831833115        27.9166488869240     
   6.65488484842211        27.9251392102043     
   6.65593137851307        27.9336301027474     
   6.65697790860403        27.9421215702507     
   6.65802443869499        27.9506136202968     
   6.65907096878595        27.9591062499999     
   6.66011749887691        27.9675994487729     
   6.66116402896787        27.9760932276702     
   6.66221055905884        27.9845875881373     
   6.66325708914980        27.9930825237126     
   6.66430361924076        28.0015780360924     
   6.66535014933172        28.0100741241909     
   6.66639667942268        28.0185707900000     
   6.66744320951364        28.0270680387171     
   6.66848973960460        28.0355658639662     
   6.66953626969556        28.0440642674168     
   6.67058279978652        28.0525632535380     
   6.67162932987749        28.0610628154985     
   6.67267585996845        28.0695629562151     
   6.67372239005941        28.0780636800000     
   6.67476892015037        28.0865649856516     
   6.67581545024133        28.0950668693456     
   6.67686198033229        28.1035693274412     
   6.67790851042325        28.1120723624841     
   6.67895504051421        28.1205759863968     
   6.68000157060518        28.1290801898330     
   6.68104810069614        28.1375849700000     
   6.68209463078710        28.1460903395567     
   6.68314116087806        28.1545962871979     
   6.68418769096902        28.1631028115157     
   6.68523422105998        28.1716099188924     
   6.68628075115094        28.1801176064755     
   6.68732728124190        28.1886258806473     
   6.68837381133287        28.1971347400000     
   6.68942034142383        28.2056441732282     
   6.69046687151479        28.2141541929909     
   6.69151340160575        28.2226647964954     
   6.69255993169671        28.2311759743956     
   6.69360646178767        28.2396877386131     
   6.69465299187863        28.2482000916961     
   6.69569952196959        28.2567130299999     
   6.69674605206055        28.2652265496978     
   6.69779258215152        28.2737406496213     
   6.69883911224248        28.2822553339916     
   6.69988564233344        28.2907706057974     
   6.70093217242440        28.2992864585711     
   6.70197870251536        28.3078028951402     
   6.70302523260632        28.3163199200000     
   6.70407176269728        28.3248375321407     
   6.70511829278824        28.3333557254825     
   6.70616482287921        28.3418745025902     
   6.70721135297017        28.3503938673604     
   6.70825788306113        28.3589138120174     
   6.70930441315209        28.3674343443538     
   6.71035094324305        28.3759554700000     
   6.71139747333401        28.3844771821218     
   6.71244400342497        28.3929994759161     
   6.71349053351593        28.4015223520104     
   6.71453706360689        28.4100458159455     
   6.71558359369786        28.4185698738647     
   6.71663012378882        28.4270945160416     
   6.71767665387978        28.4356197400000     
   6.71872318397074        28.4441455576606     
   6.71976971406170        28.4526719639569     
   6.72081624415266        28.4611989550302     
   6.72186277424362        28.4697265333188     
   6.72290930433458        28.4782547041391     
   6.72395583442554        28.4867834644326     
   6.72500236451651        28.4953128100000     
   6.72604889460747        28.5038427417512     
   6.72709542469843        28.5123732657023     
   6.72814195478939        28.5209043794965     
   6.72918848488035        28.5294360790763     
   6.73023501497131        28.5379683714343     
   6.73128154506227        28.5465012525474     
   6.73232807515323        28.5550347200000     
   6.73337460524420        28.5635687797741     
   6.73442113533516        28.5721034332641     
   6.73546766542612        28.5806386749414     
   6.73651419551708        28.5891745027933     
   6.73756072560804        28.5977109293305     
   6.73860725569900        28.6062479469949     
   6.73965378578996        28.6147855499999     
   6.74070031588092        28.6233237457646     
   6.74174684597188        28.6318625336854     
   6.74279337606285        28.6404019133334     
   6.74383990615381        28.6489418848856     
   6.74488643624477        28.6574824468337     
   6.74593296633573        28.6660236057370     
   6.74697949642669        28.6745653600000     
   6.74802602651765        28.6831076985252     
   6.74907255660861        28.6916506327478     
   6.75011908669957        28.7001941632227     
   6.75116561679054        28.7087382842003     
   6.75221214688150        28.7172830030482     
   6.75325867697246        28.7258283158189     
   6.75430520706342        28.7343742200000     
   6.75535173715438        28.7429207216054     
   6.75639826724534        28.7514678220546     
   6.75744479733630        28.7600155157403     
   6.75849132742726        28.7685638007105     
   6.75953785751823        28.7771126897741     
   6.76058438760919        28.7856621740281     
   6.76163091770015        28.7942122500000     
   6.76267744779111        28.8027629301636     
   6.76372397788207        28.8113142077680     
   6.76477050797303        28.8198660834666     
   6.76581703806399        28.8284185623707     
   6.76686356815495        28.8369716385558     
   6.76791009824591        28.8455253101529     
   6.76895662833688        28.8540795800000     
   6.77000315842784        28.8626344524294     
   6.77104968851880        28.8711899267410     
   6.77209621860976        28.8797460037494     
   6.77314274870072        28.8883026827287     
   6.77418927879168        28.8968599568362     
   6.77523580888264        28.9054178342325     
   6.77628233897360        28.9139763199999     
   6.77732886906456        28.9225354072067     
   6.77837539915553        28.9310950944240     
   6.77942192924649        28.9396553875756     
   6.78046845933745        28.9482162883867     
   6.78151498942841        28.9567777832299     
   6.78256151951937        28.9653398849983     
   6.78360804961033        28.9739026000000     
   6.78465457970129        28.9824659146809     
   6.78570110979225        28.9910298363633     
   6.78674763988321        28.9995943631558     
   6.78779416997418        29.0081594909462     
   6.78884070006514        29.0167252329954     
   6.78988723015610        29.0252915806103     
   6.79093376024706        29.0338585300000     
   6.79198029033802        29.0424260935604     
   6.79302682042898        29.0509942662273     
   6.79407335051994        29.0595630439853     
   6.79511988061090        29.0681324293843     
   6.79616641070187        29.0767024281363     
   6.79721294079283        29.0852730353658     
   6.79825947088379        29.0938442500000     
   6.79930600097475        29.1024160784968     
   6.80035253106571        29.1109885130565     
   6.80139906115667        29.1195615589159     
   6.80244559124763        29.1281352239430     
   6.80349212133859        29.1367094953613     
   6.80453865142956        29.1452843760188     
   6.80558518152052        29.1538598700000     
   6.80663171161148        29.1624359750115     
   6.80767824170244        29.1710126990692     
   6.80872477179340        29.1795900352708     
   6.80977130188436        29.1881679769758     
   6.81081783197532        29.1967465438384     
   6.81186436206628        29.2053257241978     
   6.81291089215724        29.2139055100000     
   6.81395742224821        29.2224859147671     
   6.81500395233917        29.2310669377617     
   6.81605048243013        29.2396485772438     
   6.81709701252109        29.2482308342927     
   6.81814354261205        29.2568137100551     
   6.81919007270301        29.2653971982739     
   6.82023660279397        29.2739812999999     
   6.82128313288493        29.2825660259301     
   6.82232966297590        29.2911513706394     
   6.82337619306686        29.2997373316473     
   6.82442272315782        29.3083239103385     
   6.82546925324878        29.3169111052523     
   6.82651578333974        29.3254989215346     
   6.82756231343070        29.3340873600000     
   6.82860884352166        29.3426764146022     
   6.82965537361262        29.3512660903562     
   6.83070190370358        29.3598563896545     
   6.83174843379455        29.3684473110884     
   6.83279496388551        29.3770388545936     
   6.83384149397647        29.3856310218554     
   6.83488802406743        29.3942238100000     
   6.83593455415839        29.4028172137036     
   6.83698108424935        29.4114112440211     
   6.83802761434031        29.4200059009816     
   6.83907414443127        29.4286011791284     
   6.84012067452224        29.4371970855072     
   6.84116720461320        29.4457936172659     
   6.84221373470416        29.4543907700000     
   6.84326026479512        29.4629885449076     
   6.84430679488608        29.4715869461334     
   6.84535332497704        29.4801859764339     
   6.84639985506800        29.4887856339584     
   6.84744638515896        29.4973859121848     
   6.84849291524992        29.5059868190157     
   6.84953944534089        29.5145883600000     
   6.85058597543185        29.5231905285519     
   6.85163250552281        29.5317933179556     
   6.85267903561377        29.5403967340782     
   6.85372556570473        29.5490007845692     
   6.85477209579569        29.5576054615726     
   6.85581862588665        29.5662107694748     
   6.85686515597761        29.5748167100000     
   6.85791168606857        29.5834232765625     
   6.85895821615954        29.5920304760184     
   6.86000474625050        29.6006383058102     
   6.86105127634146        29.6092467622000     
   6.86209780643242        29.6178558581070     
   6.86314433652338        29.6264655859374     
   6.86419086661434        29.6350759399999     
   6.86523739670530        29.6436869278649     
   6.86628392679626        29.6522985473045     
   6.86733045688723        29.6609108023626     
   6.86837698697819        29.6695236959300     
   6.86942351706915        29.6781372156102     
   6.87047004716011        29.6867513675900     
   6.87151657725107        29.6953661600000     
   6.87256310734203        29.7039815904498     
   6.87360963743299        29.7125976535296     
   6.87465616752395        29.7212143503880     
   6.87570269761491        29.7298316860679     
   6.87674922770588        29.7384496609885     
   6.87779575779684        29.7470682682998     
   6.87884228788780        29.7556875100000     
   6.87988881797876        29.7643073971634     
   6.88093534806972        29.7729279172840     
   6.88198187816068        29.7815490728048     
   6.88302840825164        29.7901708733524     
   6.88407493834260        29.7987933103800     
   6.88512146843357        29.8074163892757     
   6.88616799852453        29.8160401100000     
   6.88721452861549        29.8246644611387     
   6.88826105870645        29.8332894519773     
   6.88930758879741        29.8419150891444     
   6.89035411888837        29.8505413683571     
   6.89140064897933        29.8591682780595     
   6.89244717907029        29.8677958277554     
   6.89349370916126        29.8764240200000     
   6.89454023925222        29.8850528420832     
   6.89558676934318        29.8936823065090     
   6.89663329943414        29.9023124113573     
   6.89767982952510        29.9109431466300     
   6.89872635961606        29.9195745195802     
   6.89977288970702        29.9282065310026     
   6.90081941979798        29.9368391799999     
   6.90186594988894        29.9454724673212     
   6.90291247997991        29.9541063884691     
   6.90395901007087        29.9627409410461     
   6.90500554016183        29.9713761265739     
   6.90605207025279        29.9800119491939     
   6.90709860034375        29.9886484120630     
   6.90814513043471        29.9972855100000     
   6.90919166052567        30.0059232332509     
   6.91023819061663        30.0145615927492     
   6.91128472070760        30.0232005900119     
   6.91233125079856        30.0318402185010     
   6.91337778088952        30.0404804792215     
   6.91442431098048        30.0491213741446     
   6.91547084107144        30.0577629000000     
   6.91651737116240        30.0664050514858     
   6.91756390125336        30.0750478407191     
   6.91861043134432        30.0836912647556     
   6.91965696143528        30.0923353142424     
   6.92070349152625        30.1009799973067     
   6.92175002161721        30.1096253100955     
   6.92279655170817        30.1182712500000     
   6.92384308179913        30.1269178231573     
   6.92488961189009        30.1355650302147     
   6.92593614198105        30.1442128676613     
   6.92698267207201        30.1528613318944     
   6.92802920216297        30.1615104235550     
   6.92907573225393        30.1701601432498     
   6.93012226234490        30.1788104900000     
   6.93116879243586        30.1874614633897     
   6.93221532252682        30.1961130709364     
   6.93326185261778        30.2047653065219     
   6.93430838270874        30.2134181628441     
   6.93535491279970        30.2220716536465     
   6.93640144289066        30.2307257711127     
   6.93744797298162        30.2393805100000     
   6.93849450307259        30.2480358783328     
   6.93954103316355        30.2566918677083     
   6.94058756325451        30.2653484845352     
   6.94163409334547        30.2740057357227     
   6.94268062343643        30.2826636011859     
   6.94372715352739        30.2913220941734     
   6.94477368361835        30.2999812199999     
   6.94582021370931        30.3086409598108     
   6.94686674380027        30.3173013250503     
   6.94791327389124        30.3259623184524     
   6.94895980398220        30.3346239327233     
   6.95000633407316        30.3432861680448     
   6.95105286416412        30.3519490309260     
   6.95209939425508        30.3606125200000     
   6.95314592434604        30.3692766246997     
   6.95419245443700        30.3779413503140     
   6.95523898452796        30.3866066996586     
   6.95628551461893        30.3952726710824     
   6.95733204470989        30.4039392646440     
   6.95837857480085        30.4126064817413     
   6.95942510489181        30.4212743200000     
   6.96047163498277        30.4299427744141     
   6.96151816507373        30.4386118508931     
   6.96256469516469        30.4472815489977     
   6.96361122525565        30.4559518632870     
   6.96465775534662        30.4646227937176     
   6.96570428543758        30.4732943459173     
   6.96675081552854        30.4819665200000     
   6.96779734561950        30.4906393098474     
   6.96884387571046        30.4993127233200     
   6.96989040580142        30.5079867549061     
   6.97093693589238        30.5166613969454     
   6.97198346598334        30.5253366631469     
   6.97302999607430        30.5340125462016     
   6.97407652616527        30.5426890400000     
   6.97512305625623        30.5513661520564     
   6.97616958634719        30.5600438819552     
   6.97721611643815        30.5687222287176     
   6.97826264652911        30.5774011929506     
   6.97930917662007        30.5860807752973     
   6.98035570671103        30.5947609721447     
   6.98140223680199        30.6034417799999     
   6.98244876689296        30.6121231995212     
   6.98349529698392        30.6208052366927     
   6.98454182707488        30.6294878893251     
   6.98558835716584        30.6381711532353     
   6.98663488725680        30.6468550348706     
   6.98768141734776        30.6555395326848     
   6.98872794743872        30.6642246400000     
   6.98977447752968        30.6729103529122     
   6.99082100762064        30.6815966819983     
   6.99186753771161        30.6902836281599     
   6.99291406780257        30.6989711852204     
   6.99396059789353        30.7076593541849     
   6.99500712798449        30.7163481366630     
   6.99605365807545        30.7250375300000     
   6.99710018816641        30.7337275292504     
   6.99814671825737        30.7424181406816     
   6.99919324834833        30.7511093628454     
   7.00023977843929        30.7598011910924     
   7.00128630853026        30.7684936312466     
   7.00233283862122        30.7771866851483     
   7.00337936871218        30.7858803500000     
   7.00442589880314        30.7945746214690     
   7.00547242889410        30.8032695001295     
   7.00651895898506        30.8119649855156     
   7.00756548907602        30.8206610780790     
   7.00861201916698        30.8293577832695     
   7.00965854925795        30.8380550994400     
   7.01070507934891        30.8467530200000     
   7.01175160943987        30.8554515408615     
   7.01279813953083        30.8641506739339     
   7.01384466962179        30.8728504164635     
   7.01489119971275        30.8815507589182     
   7.01593772980371        30.8902517080740     
   7.01698425989467        30.8989532663163     
   7.01803078998563        30.9076554300000     
   7.01907732007660        30.9163581945260     
   7.02012385016756        30.9250615662659     
   7.02117038025852        30.9337655433735     
   7.02221691034948        30.9424701215038     
   7.02326344044044        30.9511753079037     
   7.02430997053140        30.9598810977421     
   7.02535650062236        30.9685874899999     
   7.02640303071332        30.9772944915278     
   7.02744956080429        30.9860020901381     
   7.02849609089525        30.9947102884800     
   7.02954262098621        31.0034190961012     
   7.03058915107717        31.0121285053009     
   7.03163568116813        31.0208385178976     
   7.03268221125909        31.0295491400000     
   7.03372874135005        31.0382603748869     
   7.03477527144101        31.0469722208190     
   7.03582180153197        31.0556846818473     
   7.03686833162294        31.0643977609604     
   7.03791486171390        31.0731114496842     
   7.03896139180486        31.0818257599643     
   7.04000792189582        31.0905407000000     
   7.04105445198678        31.0992562617514     
   7.04210098207774        31.1079724437143     
   7.04314751216870        31.1166892524012     
   7.04419404225966        31.1254066953340     
   7.04524057235063        31.1341247715897     
   7.04628710244159        31.1428434780925     
   7.04733363253255        31.1515628200000     
   7.04838016262351        31.1602828073707     
   7.04942669271447        31.1690034266826     
   7.05047322280543        31.1777246835391     
   7.05151975289639        31.1864465913401     
   7.05256628298735        31.1951691401904     
   7.05361281307832        31.2038923379846     
   7.05465934316928        31.2126161900000     
   7.05570587326024        31.2213406886991     
   7.05675240335120        31.2300658381183     
   7.05779893344216        31.2387916438570     
   7.05884546353312        31.2475181082547     
   7.05989199362408        31.2562452299450     
   7.06093852371504        31.2649730129461     
   7.06198505380600        31.2737014599999     
   7.06303158389697        31.2824305698436     
   7.06407811398793        31.2911603457294     
   7.06512464407889        31.2998907936888     
   7.06617117416985        31.3086219155894     
   7.06721770426081        31.3173537038070     
   7.06826423435177        31.3260861675104     
   7.06931076444273        31.3348193099999     
   7.07035729453369        31.3435531231280     
   7.07140382462465        31.3522876240903     
   7.07245035471562        31.3610228113947     
   7.07349688480658        31.3697586749604     
   7.07454341489754        31.3784952273030     
   7.07558994498850        31.3872324691455     
   7.07663647507946        31.3959704000000     
   7.07768300517042        31.4047090252963     
   7.07872953526138        31.4134483452530     
   7.07977606535234        31.4221883577971     
   7.08082259544331        31.4309290644460     
   7.08186912553427        31.4396704749584     
   7.08291565562523        31.4484125908109     
   7.08396218571619        31.4571554100000     
   7.08500871580715        31.4658989327847     
   7.08605524589811        31.4746431640215     
   7.08710177598907        31.4833881047955     
   7.08814830608003        31.4921337545923     
   7.08919483617099        31.5008801177568     
   7.09024136626196        31.5096271988383     
   7.09128789635292        31.5183750000000     
   7.09233442644388        31.5271235205491     
   7.09338095653484        31.5358727597954     
   7.09442748662580        31.5446227198960     
   7.09547401671676        31.5533734054050     
   7.09652054680772        31.5621248206928     
   7.09756707689868        31.5708769651302     
   7.09861360698965        31.5796298400000     
   7.09966013708061        31.5883834502792     
   7.10070666717157        31.5971377945479     
   7.10175319726253        31.6058928754363     
   7.10279972735349        31.6146486970088     
   7.10384625744445        31.6234052575089     
   7.10489278753541        31.6321625609123     
   7.10593931762637        31.6409206099999     
   7.10698584771733        31.6496794034394     
   7.10803237780830        31.6584389449677     
   7.10907890789926        31.6671992392976     
   7.11012543799022        31.6759602893349     
   7.11117196808118        31.6847220946247     
   7.11221849817214        31.6934846544554     
   7.11326502826310        31.7022479700000     
   7.11431155835406        31.7110120454750     
   7.11535808844502        31.7197768872424     
   7.11640461853599        31.7285424911919     
   7.11745114862695        31.7373088545834     
   7.11849767871791        31.7460759939242     
   7.11954420880887        31.7548439079204     
   7.12059073889983        31.7636125900000     
   7.12163726899079        31.7723820414551     
   7.12268379908175        31.7811522732478     
   7.12373032917271        31.7899232838203     
   7.12477685926367        31.7986950688224     
   7.12582338935464        31.8074676406744     
   7.12686991944560        31.8162409947794     
   7.12791644953656        31.8250151300000     
   7.12896297962752        31.8337900575415     
   7.13000950971848        31.8425657752388     
   7.13105603980944        31.8513422860618     
   7.13210256990040        31.8601195936765     
   7.13314909999136        31.8688976904597     
   7.13419563008233        31.8776765837786     
   7.13524216017329        31.8864562800000     
   7.13628869026425        31.8952367763967     
   7.13733522035521        31.9040180776543     
   7.13838175044617        31.9128001862750     
   7.13942828053713        31.9215831007027     
   7.14047481062809        31.9303668192046     
   7.14152134071905        31.9391513512748     
   7.14256787081001        31.9479367000000     
   7.14361440090098        31.9567228580565     
   7.14466093099194        31.9655098353248     
   7.14570746108290        31.9742976357431     
   7.14675399117386        31.9830862570634     
   7.14780052126482        31.9918757006063     
   7.14884705135578        32.0006659629263     
   7.14989358144674        32.0094570499999     
   7.15094011153770        32.0182489765324     
   7.15198664162866        32.0270417319358     
   7.15303317171963        32.0358353124203     
   7.15407970181059        32.0446297262099     
   7.15512623190155        32.0534249830891     
   7.15617276199251        32.0622210777174     
   7.15721929208347        32.0710180100000     
   7.15826582217443        32.0798157911255     
   7.15931235226539        32.0886144149928     
   7.16035888235635        32.0974138808644     
   7.16140541244732        32.1062141949760     
   7.16245194253828        32.1150153613175     
   7.16349847262924        32.1238173792188     
   7.16454500272020        32.1326202500000     
   7.16559153281116        32.1414239785700     
   7.16663806290212        32.1502285639860     
   7.16768459299308        32.1590340075808     
   7.16873112308404        32.1678403144401     
   7.16977765317501        32.1766474898892     
   7.17082418326597        32.1854555284170     
   7.17187071335693        32.1942644300000     
   7.17291724344789        32.2030742052573     
   7.17396377353885        32.2118848536268     
   7.17501030362981        32.2206963738020     
   7.17605683372077        32.2295087665914     
   7.17710336381173        32.2383220328214     
   7.17814989390269        32.2471361676542     
   7.17919642399366        32.2559511600000     
   7.18024295408462        32.2647669977561     
   7.18128948417558        32.2735836831643     
   7.18233601426654        32.2824012130487     
   7.18338254435750        32.2912195776748     
   7.18442907444846        32.3000387691575     
   7.18547560453942        32.3088587854594     
   7.18652213463038        32.3176796200000     
   7.18756866472135        32.3265012595862     
   7.18861519481231        32.3353237010413     
   7.18966172490327        32.3441469419506     
   7.19070825499423        32.3529709778959     
   7.19175478508519        32.3617958023276     
   7.19280131517615        32.3706214018998     
   7.19384784526711        32.3794477699999     
   7.19489437535807        32.3882749097230     
   7.19594090544903        32.3971028130660     
   7.19698743554000        32.4059314719291     
   7.19803396563096        32.4147608794487     
   7.19908049572192        32.4235910272968     
   7.20012702581288        32.4324219124740     
   7.20117355590384        32.4412535300000     
   7.20222008599480        32.4500858711488     
   7.20326661608576        32.4589189347784     
   7.20431314617672        32.4677527116253     
   7.20535967626769        32.4765871900997     
   7.20640620635865        32.4854223695194     
   7.20745273644961        32.4942582407147     
   7.20849926654057        32.5030948000000     
   7.20954579663153        32.5119320505786     
   7.21059232672249        32.5207699727652     
   7.21163885681345        32.5296085615964     
   7.21268538690441        32.5384478195167     
   7.21373191699537        32.5472877314435     
   7.21477844708634        32.5561282921241     
   7.21582497717730        32.5649695000000     
   7.21687150726826        32.5738113508201     
   7.21791803735922        32.5826538388632     
   7.21896456745018        32.5914969517658     
   7.22001109754114        32.6003406799406     
   7.22105762763210        32.6091850282259     
   7.22210415772306        32.6180299839501     
   7.22315068781402        32.6268755400000     
   7.22419721790499        32.6357217009837     
   7.22524374799595        32.6445684456798     
   7.22629027808691        32.6534157729568     
   7.22733680817787        32.6622636884466     
   7.22838333826883        32.6711121699959     
   7.22942986835979        32.6799612175812     
   7.23047639845075        32.6888108300000     
   7.23152292854171        32.6976609921637     
   7.23256945863268        32.7065117005580     
   7.23361598872364        32.7153629543011     
   7.23466251881460        32.7242147478158     
   7.23570904890556        32.7330670674830     
   7.23675557899652        32.7419199095273     
   7.23780210908748        32.7507732700000     
   7.23884863917844        32.7596271399660     
   7.23989516926940        32.7684815168494     
   7.24094169936036        32.7773363954471     
   7.24198822945133        32.7861917672159     
   7.24303475954229        32.7950476242740     
   7.24408128963325        32.8039039633773     
   7.24512781972421        32.8127607800000     
   7.24617434981517        32.8216180657843     
   7.24722087990613        32.8304758141450     
   7.24826740999709        32.8393340161869     
   7.24931394008805        32.8481926659097     
   7.25036047017902        32.8570517666947     
   7.25140700026998        32.8659113087981     
   7.25245353036094        32.8747712800000     
   7.25350006045190        32.8836316743185     
   7.25454659054286        32.8924924893241     
   7.25559312063382        32.9013537184749     
   7.25663965072478        32.9102153542084     
   7.25768618081574        32.9190773944236     
   7.25873271090671        32.9279398322748     
   7.25977924099767        32.9368026600000     
   7.26082577108863        32.9456658708188     
   7.26187230117959        32.9545294544973     
   7.26291883127055        32.9633934117887     
   7.26396536136151        32.9722577415372     
   7.26501189145247        32.9811224219191     
   7.26605842154343        32.9899874582773     
   7.26710495163439        32.9988528499999     
   7.26815148172536        33.0077185762443     
   7.26919801181632        33.0165846358790     
   7.27024454190728        33.0254510229748     
   7.27129107199824        33.0343177298086     
   7.27233760208920        33.0431847601513     
   7.27338413218016        33.0520521043012     
   7.27443066227112        33.0609197499999     
   7.27547719236208        33.0697876913355     
   7.27652372245305        33.0786559253904     
   7.27757025254401        33.0875244469496     
   7.27861678263497        33.0963932474062     
   7.27966331272593        33.1052623174578     
   7.28070984281689        33.1141316602830     
   7.28175637290785        33.1230012700000     
   7.28280290299881        33.1318711273126     
   7.28384943308977        33.1407412349233     
   7.28489596318073        33.1496115904087     
   7.28594249327170        33.1584821835977     
   7.28698902336266        33.1673530067107     
   7.28803555345362        33.1762240576907     
   7.28908208354458        33.1850953300000     
   7.29012861363554        33.1939668104954     
   7.29117514372650        33.2028384954284     
   7.29222167381746        33.2117103839500     
   7.29326820390842        33.2205824704099     
   7.29431473399938        33.2294547401136     
   7.29536126409035        33.2383271942300     
   7.29640779418131        33.2471998300000     
   7.29745432427227        33.2560726327506     
   7.29850085436323        33.2649456002551     
   7.29954738445419        33.2738187279107     
   7.30059391454515        33.2826920068216     
   7.30164044463611        33.2915654291136     
   7.30268697472707        33.3004389918641     
   7.30373350481804        33.3093126900000     
   7.30478003490900        33.3181865148481     
   7.30582656499996        33.3270604650986     
   7.30687309509092        33.3359345319350     
   7.30791962518188        33.3448087034149     
   7.30896615527284        33.3536829770456     
   7.31001268536380        33.3625573520497     
   7.31105921545476        33.3714318199999     
   7.31210574554572        33.3803063674641     
   7.31315227563669        33.3891809999824     
   7.31419880572765        33.3980557056197     
   7.31524533581861        33.4069304690927     
   7.31629186590957        33.4158053021826     
   7.31733839600053        33.4246801900469     
   7.31838492609149        33.4335551199999     
   7.31943145618245        33.4424300971471     
   7.32047798627341        33.4513051150177     
   7.32152451636438        33.4601801606094     
   7.32257104645534        33.4690552246306     
   7.32361757654630        33.4779303103090     
   7.32466410663726        33.4868054118531     
   7.32571063672822        33.4956805200000     
