    0.650000000000000E-03     0.00000000000000    
    0.130000000000000E-02     3720664.41966596    
    0.195000000000000E-02     1849453.77520043    
    0.260000000000000E-02     1225788.76047107    
    0.325000000000000E-02     914009.429281568    
    0.390000000000000E-02     726983.801130379    
    0.455000000000000E-02     602334.556351120    
    0.520000000000000E-02     513328.563991321    
    0.585000000000000E-02     446599.263783447    
    0.650000000000000E-02     394720.793469729    
    0.715000000000000E-02     353237.639733134    
    0.780000000000000E-02     319314.479530541    
    0.845000000000000E-02     291061.100760166    
    0.910000000000000E-02     267168.898006312    
    0.975000000000000E-02     246703.155822778    
    0.104000000000000E-01     228978.418703536    
    0.110500000000000E-01     213480.597314991    
    0.117000000000000E-01     199816.566646811    
    0.123500000000000E-01     187680.564779645    
    0.130000000000000E-01     176831.202568775    
    0.136500000000000E-01     167075.370423111    
    0.143000000000000E-01     158256.743147735    
    0.149500000000000E-01     150247.419829786    
    0.156000000000000E-01     142941.744624030    
    0.162500000000000E-01     136251.672342396    
    0.169000000000000E-01     130103.246302334    
    0.175500000000000E-01     124433.888979712    
    0.182000000000000E-01     119190.294739140    
    0.188500000000000E-01     114326.774122351    
    0.195000000000000E-01     109803.940697876    
    0.201500000000000E-01     105587.660541027    
    0.208000000000000E-01     101648.205040581    
    0.214500000000000E-01     97959.5625544266    
    0.221000000000000E-01     94498.8752189564    
    0.227500000000000E-01     91245.9751452361    
    0.234000000000000E-01     88183.0001246032    
    0.240500000000000E-01     85294.0733835204    
    0.247000000000000E-01     82565.0352702549    
    0.253500000000000E-01     79983.2173069932    
    0.260000000000000E-01     77537.2510033350    
    0.266500000000000E-01     75216.9053479216    
    0.273000000000000E-01     73012.9480819319    
    0.279500000000000E-01     70917.0267907966    
    0.286000000000000E-01     68921.5665879076    
    0.292500000000000E-01     67019.6817506858    
    0.299000000000000E-01     65205.0991386362    
    0.305500000000000E-01     63472.0916004795    
    0.312000000000000E-01     61815.4198826217    
    0.318500000000000E-01     60230.2817991819    
    0.325000000000000E-01     58712.2676262118    
    0.331500000000000E-01     57257.3208487167    
    0.338000000000000E-01     55861.7035257799    
    0.344500000000000E-01     54521.9656521192    
    0.351000000000000E-01     53234.9179882455    
    0.357500000000000E-01     51997.6079095857    
    0.364000000000000E-01     50807.2978903393    
    0.370500000000000E-01     49661.4462927233    
    0.377000000000000E-01     48557.6901784883    
    0.383500000000000E-01     47493.8298986346    
    0.390000000000000E-01     46467.8152503573    
    0.396500000000000E-01     45477.7330183726    
    0.403000000000000E-01     44521.7957417637    
    0.409500000000000E-01     43598.3315679772    
    0.416000000000000E-01     42705.7750731764    
    0.422500000000000E-01     41842.6589432545    
    0.429000000000000E-01     41007.6064228196    
    0.435500000000000E-01     40199.3244506996    
    0.442000000000000E-01     39416.5974102406    
    0.448500000000000E-01     38658.2814311081    
    0.455000000000000E-01     37923.2991866432    
    0.461500000000000E-01     37210.6351372154    
    0.468000000000000E-01     36519.3311756010    
    0.474500000000000E-01     35848.4826352988    
    0.481000000000000E-01     35197.2346269822    
    0.487500000000000E-01     34564.7786720446    
    0.494000000000000E-01     33950.3496055109    
    0.500500000000000E-01     33353.2227235026    
    0.507000000000000E-01     32772.7111530240    
    0.513500000000000E-01     32208.1634241179    
    0.520000000000000E-01     31658.9612264572    
    0.526500000000000E-01     31124.5173342344    
    0.533000000000000E-01     30604.2736848038    
    0.539500000000000E-01     30097.6995979512    
    0.546000000000000E-01     29604.2901239287    
    0.552500000000000E-01     29123.5645095255    
    0.559000000000000E-01     28655.0647724527    
    0.565500000000000E-01     28198.3543752242    
    0.572000000000000E-01     27753.0169905297    
    0.578500000000000E-01     27318.6553508203    
    0.585000000000000E-01     26894.8901754825    
    0.591500000000000E-01     26481.3591695660    
    0.598000000000000E-01     26077.7160885607    
    0.604500000000000E-01     25683.6298641968    
    0.611000000000000E-01     25298.7837866734    
    0.617500000000000E-01     24922.8747391153    
    0.624000000000000E-01     24555.6124804068    
    0.630500000000000E-01     24196.7189728759    
    0.637000000000000E-01     23845.9277515913    
    0.643500000000000E-01     23502.9833322999    
    0.650000000000000E-01     23167.6406552722    
    0.656500000000000E-01     22839.6645625404    
    0.663000000000000E-01     22518.8293062171    
    0.669500000000000E-01     22204.9180857582    
    0.676000000000000E-01     21897.7226122045    
    0.682500000000000E-01     21597.0426975862    
    0.689000000000000E-01     21302.6858678096    
    0.695500000000000E-01     21014.4669974788    
    0.702000000000000E-01     20732.2079652139    
    0.708500000000000E-01     20455.7373281384    
    0.715000000000000E-01     20184.8900143047    
    0.721500000000000E-01     19919.5070319143    
    0.728000000000000E-01     19659.4351942757    
    0.734500000000000E-01     19404.5268595134    
    0.741000000000000E-01     19154.6396841160    
    0.747500000000000E-01     18909.6363894725    
    0.754000000000000E-01     18669.3845406060    
    0.760500000000000E-01     18433.7563363689    
    0.767000000000000E-01     18202.6284104120    
    0.773500000000000E-01     17975.8816422916    
    0.780000000000000E-01     17753.4009781134    
    0.786500000000000E-01     17535.0752601607    
    0.793000000000000E-01     17320.7970649845    
    0.799500000000000E-01     17110.4625494708    
    0.806000000000000E-01     16903.9713044304    
    0.812500000000000E-01     16701.2262152866    
    0.819000000000000E-01     16502.1333294630    
    0.825500000000000E-01     16306.6017300991    
    0.832000000000000E-01     16114.5434157444    
    0.838500000000000E-01     15925.8731857044    
    0.845000000000000E-01     15740.5085307309    
    0.851500000000000E-01     15558.3695287693    
    0.858000000000000E-01     15379.3787454921    
    0.864500000000000E-01     15203.4611393649    
    0.871000000000000E-01     15030.5439710058    
    0.877500000000000E-01     14860.5567166139    
    0.884000000000000E-01     14693.4309852560    
    0.890500000000000E-01     14529.1004398126    
    0.897000000000000E-01     14367.5007213959    
    0.903500000000000E-01     14208.5693770632    
    0.910000000000000E-01     14052.2457906613    
    0.916500000000000E-01     13898.4711166421    
    0.923000000000000E-01     13747.1882167055    
    0.929500000000000E-01     13598.3415991267    
    0.936000000000000E-01     13451.8773606388    
    0.942500000000000E-01     13307.7431307446    
    0.949000000000000E-01     13165.8880183419    
    0.955500000000000E-01     13026.2625605491    
    0.962000000000000E-01     12888.8186736288    
    0.968500000000000E-01     12753.5096059077    
    0.975000000000000E-01     12620.2898925998    
    0.981500000000000E-01     12489.1153124451    
    0.988000000000000E-01     12359.9428460773    
    0.994500000000000E-01     12232.7306360423    
    0.100100000000000         12107.4379483917    
    0.100750000000000         11984.0251357789    
    0.101400000000000         11862.4536019911    
    0.102050000000000         11742.6857678508    
    0.102700000000000         11624.6850384278    
    0.103350000000000         11508.4157715016    
    0.104000000000000         11393.8432472202    
    0.104650000000000         11280.9336389031    
    0.105300000000000         11169.6539849371    
    0.105950000000000         11059.9721617195    
    0.106600000000000         10951.8568576024    
    0.107250000000000         10845.2775477956    
    0.107900000000000         10740.2044701875    
    0.108550000000000         10636.6086020451    
    0.109200000000000         10534.4616375563    
    0.109850000000000         10433.7359661784    
    0.110500000000000         10334.4046517614    
    0.111150000000000         10236.4414124119    
    0.111800000000000         10139.8206010684    
    0.112450000000000         10044.5171867588    
    0.113100000000000         9950.50673651225    
    0.113750000000000         9857.76539789916    
    0.114400000000000         9766.26988217398    
    0.115050000000000         9675.99744799684    
    0.115700000000000         9586.92588571107    
    0.116350000000000         9499.03350215463    
    0.117000000000000         9412.29910598455    
    0.117650000000000         9326.70199349438    
    0.118300000000000         9242.22193490547    
    0.118950000000000         9158.83916111384    
    0.119600000000000         9076.53435087516    
    0.120250000000000         8995.28861841107    
    0.120900000000000         8915.08350142092    
    0.121550000000000         8835.90094948354    
    0.122200000000000         8757.72331283443    
    0.122850000000000         8680.53333150430    
    0.123500000000000         8604.31412480569    
    0.124150000000000         8529.04918115445    
    0.124800000000000         8454.72234821414    
    0.125450000000000         8381.31782335135    
    0.126100000000000         8308.82014439055    
    0.126750000000000         8237.21418065774    
    0.127400000000000         8166.48512430252    
    0.128050000000000         8096.61848188835    
    0.128700000000000         8027.60006624181    
    0.129350000000000         7959.41598855126    
    0.130000000000000         7892.05265070640    
    0.130650000000000         7825.49673787009    
    0.131300000000000         7759.73521127436    
    0.131950000000000         7694.75530123273    
    0.132600000000000         7630.54450036155    
    0.133250000000000         7567.09055700284    
    0.133900000000000         7504.38146884196    
    0.134550000000000         7442.40547671343    
    0.135200000000000         7381.15105858831    
    0.135850000000000         7320.60692373723    
    0.136500000000000         7260.76200706306    
    0.137150000000000         7201.60546359747    
    0.137800000000000         7143.12666315604    
    0.138450000000000         7085.31518514651    
    0.139100000000000         7028.16081352525    
    0.139750000000000         6971.65353189699    
    0.140400000000000         6915.78351875309    
    0.141050000000000         6860.54114284389    
    0.141700000000000         6805.91695868083    
    0.142350000000000         6751.90170216399    
    0.143000000000000         6698.48628633117    
    0.143650000000000         6645.66179722455    
    0.144300000000000         6593.41948987113    
    0.144950000000000         6541.75078437352    
    0.145600000000000         6490.64726210729    
    0.146250000000000         6440.10066202187    
    0.146900000000000         6390.10287704145    
    0.147550000000000         6340.64595056301    
    0.148200000000000         6291.72207304821    
    0.148850000000000         6243.32357870655    
    0.149500000000000         6195.44294226661    
    0.150150000000000         6148.07277583304    
    0.150800000000000         6101.20582582641    
    0.151450000000000         6054.83497000353    
    0.152100000000000         6008.95321455577    
    0.152750000000000         5963.55369128301    
    0.153400000000000         5918.62965484100    
    0.154050000000000         5874.17448005988    
    0.154700000000000         5830.18165933171    
    0.155350000000000         5786.64480006514    
    0.156000000000000         5743.55762220494    
    0.156650000000000         5700.91395581477    
    0.157300000000000         5658.70773872118    
    0.157950000000000         5616.93301421706    
    0.158600000000000         5575.58392882287    
    0.159250000000000         5534.65473010388    
    0.159900000000000         5494.13976454200    
    0.160550000000000         5454.03347546031    
    0.161200000000000         5414.33040099914    
    0.161850000000000         5375.02517214195    
    0.162500000000000         5336.11251078975    
    0.163150000000000         5297.58722788263    
    0.163800000000000         5259.44422156708    
    0.164450000000000         5221.67847540781    
    0.165100000000000         5184.28505664286    
    0.165750000000000         5147.25911448074    
    0.166400000000000         5110.59587843844    
    0.167050000000000         5074.29065671927    
    0.167700000000000         5038.33883462928    
    0.168350000000000         5002.73587303131    
    0.169000000000000         4967.47730683568    
    0.169650000000000         4932.55874352631    
    0.170300000000000         4897.97586172162    
    0.170950000000000         4863.72440976896    
    0.171600000000000         4829.80020437193    
    0.172250000000000         4796.19912924946    
    0.172900000000000         4762.91713382605    
    0.173550000000000         4729.95023195215    
    0.174200000000000         4697.29450065394    
    0.174850000000000         4664.94607891175    
    0.175500000000000         4632.90116646640    
    0.176150000000000         4601.15602265258    
    0.176800000000000         4569.70696525876    
    0.177450000000000         4538.55036941280    
    0.178100000000000         4507.68266649258    
    0.178750000000000         4477.10034306116    
    0.179400000000000         4446.79993982563    
    0.180050000000000         4416.77805061922    
    0.180700000000000         4387.03132140592    
    0.181350000000000         4357.55644930716    
    0.182000000000000         4328.35018164994    
    0.182650000000000         4299.40931503583    
    0.183300000000000         4270.73069443035    
    0.183950000000000         4242.31121227227    
    0.184600000000000         4214.14780760218    
    0.185250000000000         4186.23746521000    
    0.185900000000000         4158.57721480092    
    0.186550000000000         4131.16413017919    
    0.187200000000000         4103.99532844954    
    0.187850000000000         4077.06796923558    
    0.188500000000000         4050.37925391490    
    0.189150000000000         4023.92642487037    
    0.189800000000000         3997.70676475737    
    0.190450000000000         3971.71759578639    
    0.191100000000000         3945.95627902075    
    0.191750000000000         3920.42021368908    
    0.192400000000000         3895.10683651207    
    0.193050000000000         3870.01362104337    
    0.193700000000000         3845.13807702405    
    0.194350000000000         3820.47774975046    
    0.195000000000000         3796.03021945521    
    0.195650000000000         3771.79310070070    
    0.196300000000000         3747.76404178525    
    0.196950000000000         3723.94072416129    
    0.197600000000000         3700.32086186538    
    0.198250000000000         3676.90220095984    
    0.198900000000000         3653.68251898566    
    0.199550000000000         3630.65962442645    
    0.200200000000000         3607.83135618317    
    0.200850000000000         3585.19558305939    
    0.201500000000000         3562.75020325688    
    0.202150000000000         3540.49314388113    
    0.202800000000000         3518.42236045685    
    0.203450000000000         3496.53583645295    
    0.204100000000000         3474.83158281693    
    0.204750000000000         3453.30763751846    
    0.205400000000000         3431.96206510188    
    0.206050000000000         3410.79295624747    
    0.206700000000000         3389.79842734127    
    0.207350000000000         3368.97662005329    
    0.208000000000000         3348.32570092384    
    0.208650000000000         3327.84386095791    
    0.209300000000000         3307.52931522737    
    0.209950000000000         3287.38030248075    
    0.210600000000000         3267.39508476054    
    0.211250000000000         3247.57194702781    
    0.211900000000000         3227.90919679397    
    0.212550000000000         3208.40516375947    
    0.213200000000000         3189.05819945942    
    0.213850000000000         3169.86667691585    
    0.214500000000000         3150.82899029651    
    0.215150000000000         3131.94355458011    
    0.215800000000000         3113.20880522777    
    0.216450000000000         3094.62319786066    
    0.217100000000000         3076.18520794360    
    0.217750000000000         3057.89333047452    
    0.218400000000000         3039.74607967967    
    0.219050000000000         3021.74198871450    
    0.219700000000000         3003.87960936996    
    0.220350000000000         2986.15751178423    
    0.221000000000000         2968.57428415973    
    0.221650000000000         2951.12853248529    
    0.222300000000000         2933.81888026329    
    0.222950000000000         2916.64396824189    
    0.223600000000000         2899.60245415198    
    0.224250000000000         2882.69301244895    
    0.224900000000000         2865.91433405902    
    0.225550000000000         2849.26512613020    
    0.226200000000000         2832.74411178768    
    0.226850000000000         2816.35002989353    
    0.227500000000000         2800.08163481076    
    0.228150000000000         2783.93769617147    
    0.228800000000000         2767.91699864917    
    0.229450000000000         2752.01834173507    
    0.230100000000000         2736.24053951836    
    0.230750000000000         2720.58242047027    
    0.231400000000000         2705.04282723193    
    0.232050000000000         2689.62061640600    
    0.232700000000000         2674.31465835179    
    0.233350000000000         2659.12383698408    
    0.234000000000000         2644.04704957528    
    0.234650000000000         2629.08320656115    
    0.235300000000000         2614.23123134970    
    0.235950000000000         2599.49006013354    
    0.236600000000000         2584.85864170529    
    0.237250000000000         2570.33593727624    
    0.237900000000000         2555.92092029804    
    0.238550000000000         2541.61257628747    
    0.239200000000000         2527.40990265414    
    0.239850000000000         2513.31190853108    
    0.240500000000000         2499.31761460824    
    0.241150000000000         2485.42605296876    
    0.241800000000000         2471.63626692796    
    0.242450000000000         2457.94731087507    
    0.243100000000000         2444.35825011754    
    0.243750000000000         2430.86816072799    
    0.244400000000000         2417.47612939366    
    0.245050000000000         2404.18125326839    
    0.245700000000000         2390.98263982700    
    0.246350000000000         2377.87940672209    
    0.247000000000000         2364.87068164318    
    0.247650000000000         2351.95560217814    
    0.248300000000000         2339.13331567696    
    0.248950000000000         2326.40297911761    
    0.249600000000000         2313.76375897420    
    0.250250000000000         2301.21483108720    
    0.250900000000000         2288.75538053580    
    0.251550000000000         2276.38460151229    
    0.252200000000000         2264.10169719848    
    0.252850000000000         2251.90587964413    
    0.253500000000000         2239.79636964728    
    0.254150000000000         2227.77239663647    
    0.254800000000000         2215.83319855496    
    0.255450000000000         2203.97802174661    
    0.256100000000000         2192.20612084371    
    0.256750000000000         2180.51675865650    
    0.257400000000000         2168.90920606448    
    0.258050000000000         2157.38274190942    
    0.258700000000000         2145.93665289000    
    0.259350000000000         2134.57023345818    
    0.260000000000000         2123.28278571711    
    0.260650000000000         2112.07361932066    
    0.261300000000000         2100.94205137456    
    0.261950000000000         2089.88740633895    
    0.262600000000000         2078.90901593258    
    0.263250000000000         2068.00621903839    
    0.263900000000000         2057.17836161053    
    0.264550000000000         2046.42479658292    
    0.265200000000000         2035.74488377908    
    0.265850000000000         2025.13798982341    
    0.266500000000000         2014.60348805378    
    0.267150000000000         2004.14075843553    
    0.267800000000000         1993.74918747663    
    0.268450000000000         1983.42816814429    
    0.269100000000000         1973.17709978268    
    0.269750000000000         1962.99538803200    
    0.270400000000000         1952.88244474869    
    0.271050000000000         1942.83768792686    
    0.271700000000000         1932.86054162094    
    0.272350000000000         1922.95043586938    
    0.273000000000000         1913.10680661960    
    0.273650000000000         1903.32909565395    
    0.274300000000000         1893.61675051687    
    0.274950000000000         1883.96922444303    
    0.275600000000000         1874.38597628657    
    0.276250000000000         1864.86647045140    
    0.276900000000000         1855.41017682250    
    0.277550000000000         1846.01657069821    
    0.278200000000000         1836.68513272354    
    0.278850000000000         1827.41534882443    
    0.279500000000000         1818.20671014298    
    0.280150000000000         1809.05871297359    
    0.280800000000000         1799.97085870007    
    0.281450000000000         1790.94265373364    
    0.282100000000000         1781.97360945176    
    0.282750000000000         1773.06324213796    
    0.283400000000000         1764.21107292242    
    0.284050000000000         1755.41662772347    
    0.284700000000000         1746.67943718990    
    0.285350000000000         1737.99903664406    
    0.286000000000000         1729.37496602584    
    0.286650000000000         1720.80676983737    
    0.287300000000000         1712.29399708859    
    0.287950000000000         1703.83620124344    
    0.288600000000000         1695.43294016701    
    0.289250000000000         1687.08377607321    
    0.289900000000000         1678.78827547340    
    0.290550000000000         1670.54600912554    
    0.291200000000000         1662.35655198416    
    0.291850000000000         1654.21948315101    
    0.292500000000000         1646.13438582638    
    0.293150000000000         1638.10084726109    
    0.293800000000000         1630.11845870917    
    0.294450000000000         1622.18681538118    
    0.295100000000000         1614.30551639813    
    0.295750000000000         1606.47416474613    
    0.296400000000000         1598.69236723157    
    0.297050000000000         1590.95973443695    
    0.297700000000000         1583.27588067731    
    0.298350000000000         1575.64042395727    
    0.299000000000000         1568.05298592863    
    0.299650000000000         1560.51319184853    
    0.300300000000000         1553.02067053824    
    0.300950000000000         1545.57505434242    
    0.301600000000000         1538.17597908902    
    0.302250000000000         1530.82308404962    
    0.302900000000000         1523.51601190041    
    0.303550000000000         1516.25440868361    
    0.304200000000000         1509.03792376942    
    0.304850000000000         1501.86620981851    
    0.305500000000000         1494.73892274498    
    0.306150000000000         1487.65572167984    
    0.306800000000000         1480.61626893493    
    0.307450000000000         1473.62022996733    
    0.308100000000000         1466.66727334430    
    0.308750000000000         1459.75707070857    
    0.309400000000000         1452.88929674422    
    0.310050000000000         1446.06362914286    
    0.310700000000000         1439.27974857037    
    0.311350000000000         1432.53733863404    
    0.312000000000000         1425.83608585009    
    0.312650000000000         1419.17567961169    
    0.313300000000000         1412.55581215735    
    0.313950000000000         1405.97617853969    
    0.314600000000000         1399.43647659470    
    0.315250000000000         1392.93640691132    
    0.315900000000000         1386.47567280143    
    0.316550000000000         1380.05398027026    
    0.317200000000000         1373.67103798712    
    0.317850000000000         1367.32655725654    
    0.318500000000000         1361.02025198981    
    0.319150000000000         1354.75183867680    
    0.319800000000000         1348.52103635821    
    0.320450000000000         1342.32756659814    
    0.321100000000000         1336.17115345700    
    0.321750000000000         1330.05152346483    
    0.322400000000000         1323.96840559482    
    0.323050000000000         1317.92153123731    
    0.323700000000000         1311.91063417403    
    0.324350000000000         1305.93545055268    
    0.325000000000000         1299.99571886184    
    0.325650000000000         1294.09117990618    
    0.326300000000000         1288.22157678200    
    0.326950000000000         1282.38665485303    
    0.327600000000000         1276.58616172660    
    0.328250000000000         1270.81984723001    
    0.328900000000000         1265.08746338731    
    0.329550000000000         1259.38876439624    
    0.330200000000000         1253.72350660557    
    0.330850000000000         1248.09144849263    
    0.331500000000000         1242.49235064117    
    0.332150000000000         1236.92597571944    
    0.332800000000000         1231.39208845863    
    0.333450000000000         1225.89045563144    
    0.334100000000000         1220.42084603105    
    0.334750000000000         1214.98303045021    
    0.335400000000000         1209.57678166073    
    0.336050000000000         1204.20187439306    
    0.336700000000000         1198.85808531626    
    0.337350000000000         1193.54519301812    
    0.338000000000000         1188.26297798553    
    0.338650000000000         1183.01122258514    
    0.339300000000000         1177.78971104421    
    0.339950000000000         1172.59822943164    
    0.340600000000000         1167.43656563937    
    0.341250000000000         1162.30450936382    
    0.341900000000000         1157.20185208770    
    0.342550000000000         1152.12838706198    
    0.343200000000000         1147.08390928803    
    0.343850000000000         1142.06821550005    
    0.344500000000000         1137.08110414766    
    0.345150000000000         1132.12237537870    
    0.345800000000000         1127.19183102223    
    0.346450000000000         1122.28927457178    
    0.347100000000000         1117.41451116870    
    0.347750000000000         1112.56734758578    
    0.348400000000000         1107.74759221106    
    0.349050000000000         1102.95505503177    
    0.349700000000000         1098.18954761853    
    0.350350000000000         1093.45088310968    
    0.351000000000000         1088.73887619580    
    0.351650000000000         1084.05334310446    
    0.352300000000000         1079.39410158504    
    0.352950000000000         1074.76097089387    
    0.353600000000000         1070.15377177938    
    0.354250000000000         1065.57232646758    
    0.354900000000000         1061.01645864754    
    0.355550000000000         1056.48599345723    
    0.356200000000000         1051.98075746932    
    0.356850000000000         1047.50057867727    
    0.357500000000000         1043.04528648160    
    0.358150000000000         1038.61471167615    
    0.358800000000000         1034.20868643474    
    0.359450000000000         1029.82704429772    
    0.360100000000000         1025.46962015891    
    0.360750000000000         1021.13625025250    
    0.361400000000000         1016.82677214023    
    0.362050000000000         1012.54102469861    
    0.362700000000000         1008.27884810637    
    0.363350000000000         1004.04008383202    
    0.364000000000000         999.824574621498    
    0.364650000000000         995.632164486043    
    0.365300000000000         991.462698690142    
    0.365950000000000         987.316023739634    
    0.366600000000000         983.191987369941    
    0.367250000000000         979.090438534430    
    0.367900000000000         975.011227392904    
    0.368550000000000         970.954205300222    
    0.369200000000000         966.919224795040    
    0.369850000000000         962.906139588679    
    0.370500000000000         958.914804554118    
    0.371150000000000         954.945075715099    
    0.371800000000000         950.996810235362    
    0.372450000000000         947.069866407990    
    0.373100000000000         943.164103644873    
    0.373750000000000         939.279382466286    
    0.374400000000000         935.415564490586    
    0.375050000000000         931.572512424005    
    0.375700000000000         927.750090050579    
    0.376350000000000         923.948162222156    
    0.377000000000000         920.166594848541    
    0.377650000000000         916.405254887725    
    0.378300000000000         912.664010336230    
    0.378950000000000         908.942730219558    
    0.379600000000000         905.241284582737    
    0.380250000000000         901.559544480974    
    0.380900000000000         897.897381970402    
    0.381550000000000         894.254670098935    
    0.382200000000000         890.631282897207    
    0.382850000000000         887.027095369622    
    0.383500000000000         883.441983485487    
    0.384150000000000         879.875824170248    
    0.384800000000000         876.328495296814    
    0.385450000000000         872.799875676971    
    0.386100000000000         869.289845052895    
    0.386750000000000         865.798284088743    
    0.387400000000000         862.325074362342    
    0.388050000000000         858.870098356959    
    0.388700000000000         855.433239453165    
    0.389350000000000         852.014381920772    
    0.390000000000000         848.613410910866    
    0.390650000000000         845.230212447917    
    0.391300000000000         841.864673421975    
    0.391950000000000         838.516681580941    
    0.392600000000000         835.186125522926    
    0.393250000000000         831.872894688682    
    0.393900000000000         828.576879354117    
    0.394550000000000         825.297970622887    
    0.395200000000000         822.036060419056    
    0.395850000000000         818.791041479848    
    0.396500000000000         815.562807348454    
    0.397150000000000         812.351252366928    
    0.397800000000000         809.156271669153    
    0.398450000000000         805.977761173869    
    0.399100000000000         802.815617577787    
    0.399750000000000         799.669738348763    
    0.400400000000000         796.540021719043    
    0.401050000000000         793.426366678583    
    0.401700000000000         790.328672968429    
    0.402350000000000         787.246841074170    
    0.403000000000000         784.180772219450    
    0.403650000000000         781.130368359557    
    0.404300000000000         778.095532175065    
    0.404950000000000         775.076167065548    
    0.405600000000000         772.072177143352    
    0.406250000000000         769.083467227436    
    0.406900000000000         766.109942837268    
    0.407550000000000         763.151510186785    
    0.408200000000000         760.208076178416    
    0.408850000000000         757.279548397159    
    0.409500000000000         754.365835104724    
    0.410150000000000         751.466845233727    
    0.410800000000000         748.582488381949    
    0.411450000000000         745.712674806646    
    0.412100000000000         742.857315418917    
    0.412750000000000         740.016321778132    
    0.413400000000000         737.189606086410    
    0.414050000000000         734.377081183152    
    0.414700000000000         731.578660539631    
    0.415350000000000         728.794258253632    
    0.416000000000000         726.023789044148    
    0.416650000000000         723.267168246121    
    0.417300000000000         720.524311805249    
    0.417950000000000         717.795136272824    
    0.418600000000000         715.079558800638    
    0.419250000000000         712.377497135929    
    0.419900000000000         709.688869616376    
    0.420550000000000         707.013595165152    
    0.421200000000000         704.351593286014    
    0.421850000000000         701.702784058444    
    0.422500000000000         699.067088132843    
    0.423150000000000         696.444426725761    
    0.423800000000000         693.834721615185    
    0.424450000000000         691.237895135858    
    0.425100000000000         688.653870174661    
    0.425750000000000         686.082570166021    
    0.426400000000000         683.523919087378    
    0.427050000000000         680.977841454683    
    0.427700000000000         678.444262317953    
    0.428350000000000         675.923107256853    
    0.429000000000000         673.414302376334    
    0.429650000000000         670.917774302304    
    0.430300000000000         668.433450177340    
    0.430950000000000         665.961257656451    
    0.431600000000000         663.501124902866    
    0.432250000000000         661.052980583873    
    0.432900000000000         658.616753866696    
    0.433550000000000         656.192374414405    
    0.434200000000000         653.779772381872    
    0.434850000000000         651.378878411759    
    0.435500000000000         648.989623630550    
    0.436150000000000         646.611939644612    
    0.436800000000000         644.245758536305    
    0.437450000000000         641.891012860112    
    0.438100000000000         639.547635638824    
    0.438750000000000         637.215560359744    
    0.439400000000000         634.894720970937    
    0.440050000000000         632.585051877512    
    0.440700000000000         630.286487937936    
    0.441350000000000         627.998964460387    
    0.442000000000000         625.722417199136    
    0.442650000000000         623.456782350967    
    0.443300000000000         621.201996551626    
    0.443950000000000         618.957996872308    
    0.444600000000000         616.724720816168    
    0.445250000000000         614.502106314877    
    0.445900000000000         612.290091725194    
    0.446550000000000         610.088615825586    
    0.447200000000000         607.897617812864    
    0.447850000000000         605.717037298860    
    0.448500000000000         603.546814307133    
    0.449150000000000         601.386889269697    
    0.449800000000000         599.237203023791    
    0.450450000000000         597.097696808672    
    0.451100000000000         594.968312262435    
    0.451750000000000         592.848991418866    
    0.452400000000000         590.739676704325    
    0.453050000000000         588.640310934650    
    0.453700000000000         586.550837312097    
    0.454350000000000         584.471199422307    
    0.455000000000000         582.401341231289    
    0.455650000000000         580.341207082451    
    0.456300000000000         578.290741693634    
    0.456950000000000         576.249890154195    
    0.457600000000000         574.218597922099    
    0.458250000000000         572.196810821048    
    0.458900000000000         570.184475037627    
    0.459550000000000         568.181537118487    
    0.460200000000000         566.187943967541    
    0.460850000000000         564.203642843192    
    0.461500000000000         562.228581355587    
    0.462150000000000         560.262707463889    
    0.462800000000000         558.305969473580    
    0.463450000000000         556.358316033782    
    0.464100000000000         554.419696134608    
    0.464750000000000         552.490059104532    
    0.465400000000000         550.569354607785    
    0.466050000000000         548.657532641770    
    0.466700000000000         546.754543534504    
    0.467350000000000         544.860337942081    
    0.468000000000000         542.974866846159    
    0.468650000000000         541.098081551466    
    0.469300000000000         539.229933683328    
    0.469950000000000         537.370375185224    
    0.470600000000000         535.519358316356    
    0.471250000000000         533.676835649243    
    0.471900000000000         531.842760067337    
    0.472550000000000         530.017084762658    
    0.473200000000000         528.199763233453    
    0.473850000000000         526.390749281869    
    0.474500000000000         524.589997011651    
    0.475150000000000         522.797460825861    
    0.475800000000000         521.013095424616    
    0.476450000000000         519.236855802839    
    0.477100000000000         517.468697248041    
    0.477750000000000         515.708575338113    
    0.478400000000000         513.956445939142    
    0.479050000000000         512.212265203243    
    0.479700000000000         510.475989566409    
    0.480350000000000         508.747575746388    
    0.481000000000000         507.026980740563    
    0.481650000000000         505.314161823865    
    0.482300000000000         503.609076546696    
    0.482950000000000         501.911682732871    
    0.483600000000000         500.221938477578    
    0.484250000000000         498.539802145356    
    0.484900000000000         496.865232368091    
    0.485550000000000         495.198188043026    
    0.486200000000000         493.538628330791    
    0.486850000000000         491.886512653448    
    0.487500000000000         490.241800692554    
    0.488150000000000         488.604452387240    
    0.488800000000000         486.974427932305    
    0.489450000000000         485.351687776326    
    0.490100000000000         483.736192619789    
    0.490750000000000         482.127903413229    
    0.491400000000000         480.526781355388    
    0.492050000000000         478.932787891392    
    0.492700000000000         477.345884710937    
    0.493350000000000         475.766033746496    
    0.494000000000000         474.193197171540    
    0.494650000000000         472.627337398770    
    0.495300000000000         471.068417078366    
    0.495950000000000         469.516399096255    
    0.496600000000000         467.971246572386    
    0.497250000000000         466.432922859026    
    0.497900000000000         464.901391539064    
    0.498550000000000         463.376616424336    
    0.499200000000000         461.858561553957    
    0.499850000000000         460.347191192672    
    0.500500000000000         458.842469829220    
    0.501150000000000         457.344362174708    
    0.501800000000000         455.852833161003    
    0.502450000000000         454.367847939134    
    0.503100000000000         452.889371877708    
    0.503750000000000         451.417370561343    
    0.504400000000000         449.951809789105    
    0.505050000000000         448.492655572968    
    0.505700000000000         447.039874136280    
    0.506350000000000         445.593431912243    
    0.507000000000000         444.153295542410    
    0.507650000000000         442.719431875183    
    0.508300000000000         441.291807964339    
    0.508950000000000         439.870391067555    
    0.509600000000000         438.455148644950    
    0.510250000000000         437.046048357640    
    0.510900000000000         435.643058066303    
    0.511550000000000         434.246145829759    
    0.512200000000000         432.855279903553    
    0.512850000000000         431.470428738559    
    0.513500000000000         430.091560979594    
    0.514150000000000         428.718645464035    
    0.514800000000000         427.351651220458    
    0.515450000000000         425.990547467280    
    0.516100000000000         424.635303611419    
    0.516750000000000         423.285889246956    
    0.517400000000000         421.942274153815    
    0.518050000000000         420.604428296454    
    0.518700000000000         419.272321822559    
    0.519350000000000         417.945925061756    
    0.520000000000000         416.625208524332    
    0.520650000000000         415.310142899962    
    0.521300000000000         414.000699056451    
    0.521950000000000         412.696848038485    
    0.522600000000000         411.398561066388    
    0.523250000000000         410.105809534898    
    0.523900000000000         408.818565011939    
    0.524550000000000         407.536799237420    
    0.525200000000000         406.260484122026    
    0.525850000000000         404.989591746031    
    0.526500000000000         403.724094358117    
    0.527150000000000         402.463964374201    
    0.527800000000000         401.209174376269    
    0.528450000000000         399.959697111228    
    0.529100000000000         398.715505489756    
    0.529750000000000         397.476572585171    
    0.530400000000000         396.242871632300    
    0.531050000000000         395.014376026366    
    0.531700000000000         393.791059321874    
    0.532350000000000         392.572895231516    
    0.533000000000000         391.359857625076    
    0.533650000000000         390.151920528348    
    0.534300000000000         388.949058122061    
    0.534950000000000         387.751244740815    
    0.535600000000000         386.558454872023    
    0.536250000000000         385.370663154857    
    0.536900000000000         384.187844379215    
    0.537550000000000         383.009973484681    
    0.538200000000000         381.837025559502    
    0.538850000000000         380.668975839573    
    0.539500000000000         379.505799707426    
    0.540150000000000         378.347472691230    
    0.540800000000000         377.193970463795    
    0.541450000000000         376.045268841589    
    0.542100000000000         374.901343783761    
    0.542750000000000         373.762171391164    
    0.543400000000000         372.627727905401    
    0.544050000000000         371.497989707861    
    0.544700000000000         370.372933318779    
    0.545350000000000         369.252535396286    
    0.546000000000000         368.136772735485    
    0.546650000000000         367.025622267515    
    0.547300000000000         365.919061058640    
    0.547950000000000         364.817066309333    
    0.548600000000000         363.719615353369    
    0.549250000000000         362.626685656929    
    0.549900000000000         361.538254817711    
    0.550550000000000         360.454300564040    
    0.551200000000000         359.374800753993    
    0.551850000000000         358.299733374528    
    0.552500000000000         357.229076540621    
    0.553150000000000         356.162808494404    
    0.553800000000000         355.100907604316    
    0.554450000000000         354.043352364261    
    0.555100000000000         352.990121392763    
    0.555750000000000         351.941193432139    
    0.556400000000000         350.896547347673    
    0.557050000000000         349.856162126794    
    0.557700000000000         348.820016878263    
    0.558350000000000         347.788090831370    
    0.559000000000000         346.760363335125    
    0.559650000000000         345.736813857473    
    0.560300000000000         344.717421984495    
    0.560950000000000         343.702167419632    
    0.561600000000000         342.691029982905    
    0.562250000000000         341.683989610145    
    0.562900000000000         340.681026352224    
    0.563550000000000         339.682120374300    
    0.564200000000000         338.687251955060    
    0.564850000000000         337.696401485972    
    0.565500000000000         336.709549470543    
    0.566150000000000         335.726676523579    
    0.566800000000000         334.747763370457    
    0.567450000000000         333.772790846397    
    0.568100000000000         332.801739895740    
    0.568750000000000         331.834591571235    
    0.569400000000000         330.871327033325    
    0.570050000000000         329.911927549447    
    0.570700000000000         328.956374493326    
    0.571350000000000         328.004649344288    
    0.572000000000000         327.056733686564    
    0.572650000000000         326.112609208611    
    0.573300000000000         325.172257702426    
    0.573950000000000         324.235661062881    
    0.574600000000000         323.302801287046    
    0.575250000000000         322.373660473528    
    0.575900000000000         321.448220821812    
    0.576550000000000         320.526464631606    
    0.577200000000000         319.608374302190    
    0.577850000000000         318.693932331774    
    0.578500000000000         317.783121316855    
    0.579150000000000         316.875923951581    
    0.579800000000000         315.972323027125    
    0.580450000000000         315.072301431053    
    0.581100000000000         314.175842146707    
    0.581750000000000         313.282928252584    
    0.582400000000000         312.393542921727    
    0.583050000000000         311.507669421114    
    0.583700000000000         310.625291111056    
    0.584350000000000         309.746391444599    
    0.585000000000000         308.870953966925    
    0.585650000000000         307.998962314766    
    0.586300000000000         307.130400215813    
    0.586950000000000         306.265251488140    
    0.587600000000000         305.403500039620    
    0.588250000000000         304.545129867356    
    0.588900000000000         303.690125057109    
    0.589550000000000         302.838469782733    
    0.590200000000000         301.990148305616    
    0.590850000000000         301.145144974118    
    0.591500000000000         300.303444223023    
    0.592150000000000         299.465030572988    
    0.592800000000000         298.629888629994    
    0.593450000000000         297.798003084812    
    0.594100000000000         296.969358712460    
    0.594750000000000         296.143940371670    
    0.595400000000000         295.321733004360    
    0.596050000000000         294.502721635108    
    0.596700000000000         293.686891370628    
    0.597350000000000         292.874227399253    
    0.598000000000000         292.064714990420    
    0.598650000000000         291.258339494159    
    0.599300000000000         290.455086340586    
    0.599950000000000         289.654941039397    
    0.600600000000000         288.857889179372    
    0.601250000000000         288.063916427872    
    0.601900000000000         287.273008530354    
    0.602550000000000         286.485151309874    
    0.603200000000000         285.700330666604    
    0.603850000000000         284.918532577353    
    0.604500000000000         284.139743095078    
    0.605150000000000         283.363948348419    
    0.605800000000000         282.591134541220    
    0.606450000000000         281.821287952060    
    0.607100000000000         281.054394933791    
    0.607750000000000         280.290441913072    
    0.608400000000000         279.529415389910    
    0.609050000000000         278.771301937205    
    0.609700000000000         278.016088200297    
    0.610350000000000         277.263760896516    
    0.611000000000000         276.514306814736    
    0.611650000000000         275.767712814931    
    0.612300000000000         275.023965827735    
    0.612950000000000         274.283052854003    
    0.613600000000000         273.544960964381    
    0.614250000000000         272.809677298872    
    0.614900000000000         272.077189066407    
    0.615550000000000         271.347483544424    
    0.616200000000000         270.620548078440    
    0.616850000000000         269.896370081637    
    0.617500000000000         269.174937034444    
    0.618150000000000         268.456236484123    
    0.618800000000000         267.740256044359    
    0.619450000000000         267.026983394851    
    0.620100000000000         266.316406280910    
    0.620750000000000         265.608512513057    
    0.621400000000000         264.903289966618    
    0.622050000000000         264.200726581337    
    0.622700000000000         263.500810360973    
    0.623350000000000         262.803529372915    
    0.624000000000000         262.108871747792    
    0.624650000000000         261.416825679087    
    0.625300000000000         260.727379422754    
    0.625950000000000         260.040521296839    
    0.626600000000000         259.356239681102    
    0.627250000000000         258.674523016638    
    0.627900000000000         257.995359805512    
    0.628550000000000         257.318738610382    
    0.629200000000000         256.644648054135    
    0.629850000000000         255.973076819523    
    0.630500000000000         255.304013648798    
    0.631150000000000         254.637447343353    
    0.631800000000000         253.973366763366    
    0.632450000000000         253.311760827442    
    0.633100000000000         252.652618512265    
    0.633750000000000         251.995928852241    
    0.634400000000000         251.341680939159    
    0.635050000000000         250.689863921838    
    0.635700000000000         250.040467005787    
    0.636350000000000         249.393479452865    
    0.637000000000000         248.748890580941    
    0.637650000000000         248.106689763559    
    0.638300000000000         247.466866429602    
    0.638950000000000         246.829410062965    
    0.639600000000000         246.194310202221    
    0.640250000000000         245.561556440296    
    0.640900000000000         244.931138424144    
    0.641550000000000         244.303045854423    
    0.642200000000000         243.677268485178    
    0.642850000000000         243.053796123517    
    0.643500000000000         242.432618629301    
    0.644150000000000         241.813725914826    
    0.644800000000000         241.197107944510    
    0.645450000000000         240.582754734589    
    0.646100000000000         239.970656352801    
    0.646750000000000         239.360802918088    
    0.647400000000000         238.753184600288    
    0.648050000000000         238.147791619833    
    0.648700000000000         237.544614247453    
    0.649350000000000         236.943642803874    
    0.650000000000000         236.344867659525    
    0.650650000000000         235.748279234245    
    0.651300000000000         235.153867996988    
    0.651950000000000         234.561624465539    
    0.652600000000000         233.971539206218    
    0.653250000000000         233.383602833602    
    0.653900000000000         232.797806010237    
    0.654550000000000         232.214139446357    
    0.655200000000000         231.632593899602    
    0.655850000000000         231.053160174741    
    0.656500000000000         230.475829123399    
    0.657150000000000         229.900591643775    
    0.657800000000000         229.327438680374    
    0.658450000000000         228.756361223736    
    0.659100000000000         228.187350310165    
    0.659750000000000         227.620397021463    
    0.660400000000000         227.055492484662    
    0.661050000000000         226.492627871761    
    0.661700000000000         225.931794399468    
    0.662350000000000         225.372983328933    
    0.663000000000000         224.816185965491    
    0.663650000000000         224.261393658409    
    0.664300000000000         223.708597800625    
    0.664950000000000         223.157789828498    
    0.665600000000000         222.608961221556    
    0.666250000000000         222.062103502241    
    0.666900000000000         221.517208235667    
    0.667550000000000         220.974267029368    
    0.668200000000000         220.433271533055    
    0.668850000000000         219.894213438369    
    0.669500000000000         219.357084478644    
    0.670150000000000         218.821876428660    
    0.670800000000000         218.288581104410    
    0.671450000000000         217.757190362855    
    0.672100000000000         217.227696101698    
    0.672750000000000         216.700090259138    
    0.673400000000000         216.174364813648    
    0.674050000000000         215.650511783734    
    0.674700000000000         215.128523227713    
    0.675350000000000         214.608391243477    
    0.676000000000000         214.090107968273    
    0.676650000000000         213.573665578474    
    0.677300000000000         213.059056289353    
    0.677950000000000         212.546272354865    
    0.678600000000000         212.035306067422    
    0.679250000000000         211.526149757677    
    0.679900000000000         211.018795794300    
    0.680550000000000         210.513236583766    
    0.681200000000000         210.009464570140    
    0.681850000000000         209.507472234857    
    0.682500000000000         209.007252096517    
    0.683150000000000         208.508796710665    
    0.683800000000000         208.012098669590    
    0.684450000000000         207.517150602109    
    0.685100000000000         207.023945173364    
    0.685750000000000         206.532475084614    
    0.686400000000000         206.042733073031    
    0.687050000000000         205.554711911497    
    0.687700000000000         205.068404408401    
    0.688350000000000         204.583803407437    
    0.689000000000000         204.100901787408    
    0.689650000000000         203.619692462025    
    0.690300000000000         203.140168379712    
    0.690950000000000         202.662322523407    
    0.691600000000000         202.186147910372    
    0.692250000000000         201.711637591995    
    0.692900000000000         201.238784653602    
    0.693550000000000         200.767582214265    
    0.694200000000000         200.298023426609    
    0.694850000000000         199.830101476631    
    0.695500000000000         199.363809583506    
    0.696150000000000         198.899140999402    
    0.696800000000000         198.436089009301    
    0.697450000000000         197.974646930806    
    0.698100000000000         197.514808113967    
    0.698750000000000         197.056565941096    
    0.699400000000000         196.599913826584    
    0.700050000000000         196.144845216729    
    0.700700000000000         195.691353589551    
    0.701350000000000         195.239432454620    
    0.702000000000000         194.789075352877    
    0.702650000000000         194.340275856461    
    0.703300000000000         193.893027568538    
    0.703950000000000         193.447324123123    
    0.704600000000000         193.003159184913    
    0.705250000000000         192.560526449115    
    0.705900000000000         192.119419641279    
    0.706550000000000         191.679832517125    
    0.707200000000000         191.241758862383    
    0.707850000000000         190.805192492619    
    0.708500000000000         190.370127253077    
    0.709150000000000         189.936557018512    
    0.709800000000000         189.504475693025    
    0.710450000000000         189.073877209907    
    0.711100000000000         188.644755531470    
    0.711750000000000         188.217104648895    
    0.712400000000000         187.790918582068    
    0.713050000000000         187.366191379425    
    0.713700000000000         186.942917117791    
    0.714350000000000         186.521089902230    
    0.715000000000000         186.100703865884    
    0.715650000000000         185.681753169824    
    0.716300000000000         185.264232002893    
    0.716950000000000         184.848134581557    
    0.717600000000000         184.433455149751    
    0.718250000000000         184.020187978730    
    0.718900000000000         183.608327366921    
    0.719550000000000         183.197867639773    
    0.720200000000000         182.788803149608    
    0.720850000000000         182.381128275479    
    0.721500000000000         181.974837423019    
    0.722150000000000         181.569925024302    
    0.722800000000000         181.166385537691    
    0.723450000000000         180.764213447705    
    0.724100000000000         180.363403264869    
    0.724750000000000         179.963949525575    
    0.725400000000000         179.565846791944    
    0.726050000000000         179.169089651684    
    0.726700000000000         178.773672717949    
    0.727350000000000         178.379590629210    
    0.728000000000000         177.986838049105    
    0.728650000000000         177.595409666316    
    0.729300000000000         177.205300194425    
    0.729950000000000         176.816504371781    
    0.730600000000000         176.429016961368    
    0.731250000000000         176.042832750675    
    0.731900000000000         175.657946551555    
    0.732550000000000         175.274353200103    
    0.733200000000000         174.892047556522    
    0.733850000000000         174.511024504990    
    0.734500000000000         174.131278953538    
    0.735150000000000         173.752805833916    
    0.735800000000000         173.375600101469    
    0.736450000000000         172.999656735009    
    0.737100000000000         172.624970736689    
    0.737750000000000         172.251537131880    
    0.738400000000000         171.879350969045    
    0.739050000000000         171.508407319615    
    0.739700000000000         171.138701277869    
    0.740350000000000         170.770227960808    
    0.741000000000000         170.402982508036    
    0.741650000000000         170.036960081642    
    0.742300000000000         169.672155866075    
    0.742950000000000         169.308565068028    
    0.743600000000000         168.946182916319    
    0.744250000000000         168.585004661773    
    0.744900000000000         168.225025577107    
    0.745550000000000         167.866240956810    
    0.746200000000000         167.508646117032    
    0.746850000000000         167.152236395464    
    0.747500000000000         166.797007151228    
    0.748150000000000         166.442953764763    
    0.748800000000000         166.090071637710    
    0.749450000000000         165.738356192800    
    0.750100000000000         165.387802873746    
    0.750750000000000         165.038407145129    
    0.751400000000000         164.690164492287    
    0.752050000000000         164.343070421210    
    0.752700000000000         163.997120458426    
    0.753350000000000         163.652310150896    
    0.754000000000000         163.308635065906    
    0.754650000000000         162.966090790960    
    0.755300000000000         162.624672933671    
    0.755950000000000         162.284377121661    
    0.756600000000000         161.945199002451    
    0.757250000000000         161.607134243358    
    0.757900000000000         161.270178531394    
    0.758550000000000         160.934327573157    
    0.759200000000000         160.599577094736    
    0.759850000000000         160.265922841600    
    0.760500000000000         159.933360578507    
    0.761150000000000         159.601886089394    
    0.761800000000000         159.271495177282    
    0.762450000000000         158.942183664176    
    0.763100000000000         158.613947390964    
    0.763750000000000         158.286782217320    
    0.764400000000000         157.960684021609    
    0.765050000000000         157.635648700781    
    0.765700000000000         157.311672170286    
    0.766350000000000         156.988750363970    
    0.767000000000000         156.666879233979    
    0.767650000000000         156.346054750671    
    0.768300000000000         156.026272902513    
    0.768950000000000         155.707529695996    
    0.769600000000000         155.389821155533    
    0.770250000000000         155.073143323373    
    0.770900000000000         154.757492259503    
    0.771550000000000         154.442864041563    
    0.772200000000000         154.129254764749    
    0.772850000000000         153.816660541726    
    0.773500000000000         153.505077502535    
    0.774150000000000         153.194501794506    
    0.774800000000000         152.884929582168    
    0.775450000000000         152.576357047161    
    0.776100000000000         152.268780388146    
    0.776750000000000         151.962195820721    
    0.777400000000000         151.656599577329    
    0.778050000000000         151.351987907179    
    0.778700000000000         151.048357076150    
    0.779350000000000         150.745703366717    
    0.780000000000000         150.444023077855    
    0.780650000000000         150.143312524963    
    0.781300000000000         149.843568039776    
    0.781950000000000         149.544785970280    
    0.782600000000000         149.246962680633    
    0.783250000000000         148.950094551082    
    0.783900000000000         148.654177977875    
    0.784550000000000         148.359209373188    
    0.785200000000000         148.065185165039    
    0.785850000000000         147.772101797205    
    0.786500000000000         147.479955729150    
    0.787150000000000         147.188743435935    
    0.787800000000000         146.898461408148    
    0.788450000000000         146.609106151817    
    0.789100000000000         146.320674188340    
    0.789750000000000         146.033162054400    
    0.790400000000000         145.746566301891    
    0.791050000000000         145.460883497839    
    0.791700000000000         145.176110224329    
    0.792350000000000         144.892243078425    
    0.793000000000000         144.609278672096    
    0.793650000000000         144.327213632140    
    0.794300000000000         144.046044600111    
    0.794950000000000         143.765768232241    
    0.795600000000000         143.486381199372    
    0.796250000000000         143.207880186874    
    0.796900000000000         142.930261894580    
    0.797550000000000         142.653523036709    
    0.798200000000000         142.377660341792    
    0.798850000000000         142.102670552606    
    0.799500000000000         141.828550426097    
    0.800150000000000         141.555296733311    
    0.800800000000000         141.282906259324    
    0.801450000000000         141.011375803170    
    0.802100000000000         140.740702177772    
    0.802750000000000         140.470882209872    
    0.803400000000000         140.201912739965    
    0.804050000000000         139.933790622226    
    0.804700000000000         139.666512724441    
    0.805350000000000         139.400075927945    
    0.806000000000000         139.134477127549    
    0.806650000000000         138.869713231474    
    0.807300000000000         138.605781161288    
    0.807950000000000         138.342677851832    
    0.808600000000000         138.080400251162    
    0.809250000000000         137.818945320477    
    0.809900000000000         137.558310034058    
    0.810550000000000         137.298491379201    
    0.811200000000000         137.039486356154    
    0.811850000000000         136.781291978049    
    0.812500000000000         136.523905270842    
    0.813150000000000         136.267323273250    
    0.813800000000000         136.011543036683    
    0.814450000000000         135.756561625188    
    0.815100000000000         135.502376115379    
    0.815750000000000         135.248983596381    
    0.816400000000000         134.996381169767    
    0.817050000000000         134.744565949494    
    0.817700000000000         134.493535061843    
    0.818350000000000         134.243285645362    
    0.819000000000000         133.993814850799    
    0.819650000000000         133.745119841048    
    0.820300000000000         133.497197791086    
    0.820950000000000         133.250045887914    
    0.821600000000000         133.003661330498    
    0.822250000000000         132.758041329714    
    0.822900000000000         132.513183108281    
    0.823550000000000         132.269083900712    
    0.824200000000000         132.025740953252    
    0.824850000000000         131.783151523821    
    0.825500000000000         131.541312881955    
    0.826150000000000         131.300222308754    
    0.826800000000000         131.059877096820    
    0.827450000000000         130.820274550207    
    0.828100000000000         130.581411984359    
    0.828750000000000         130.343286726058    
    0.829400000000000         130.105896113367    
    0.830050000000000         129.869237495578    
    0.830700000000000         129.633308233153    
    0.831350000000000         129.398105697675    
    0.832000000000000         129.163627271787    
    0.832650000000000         128.929870349147    
    0.833300000000000         128.696832334366    
    0.833950000000000         128.464510642961    
    0.834600000000000         128.232902701299    
    0.835250000000000         128.002005946544    
    0.835900000000000         127.771817826610    
    0.836550000000000         127.542335800100    
    0.837200000000000         127.313557336263    
    0.837850000000000         127.085479914938    
    0.838500000000000         126.858101026503    
    0.839150000000000         126.631418171825    
    0.839800000000000         126.405428862212    
    0.840450000000000         126.180130619357    
    0.841100000000000         125.955520975291    
    0.841750000000000         125.731597472335    
    0.842400000000000         125.508357663049    
    0.843050000000000         125.285799110182    
    0.843700000000000         125.063919386621    
    0.844350000000000         124.842716075350    
    0.845000000000000         124.622186769393    
    0.845650000000000         124.402329071771    
    0.846300000000000         124.183140595450    
    0.846950000000000         123.964618963300    
    0.847600000000000         123.746761808040    
    0.848250000000000         123.529566772197    
    0.848900000000000         123.313031508054    
    0.849550000000000         123.097153677607    
    0.850200000000000         122.881930952519    
    0.850850000000000         122.667361014071    
    0.851500000000000         122.453441553118    
    0.852150000000000         122.240170270042    
    0.852800000000000         122.027544874709    
    0.853450000000000         121.815563086423    
    0.854100000000000         121.604222633879    
    0.854750000000000         121.393521255121    
    0.855400000000000         121.183456697496    
    0.856050000000000         120.974026717613    
    0.856700000000000         120.765229081292    
    0.857350000000000         120.557061563530    
    0.858000000000000         120.349521948448    
    0.858650000000000         120.142608029256    
    0.859300000000000         119.936317608203    
    0.859950000000000         119.730648496540    
    0.860600000000000         119.525598514474    
    0.861250000000000         119.321165491127    
    0.861900000000000         119.117347264493    
    0.862550000000000         118.914141681397    
    0.863200000000000         118.711546597454    
    0.863850000000000         118.509559877027    
    0.864500000000000         118.308179393184    
    0.865150000000000         118.107403027660    
    0.865800000000000         117.907228670814    
    0.866450000000000         117.707654221591    
    0.867100000000000         117.508677587478    
    0.867750000000000         117.310296684468    
    0.868400000000000         117.112509437017    
    0.869050000000000         116.915313778006    
    0.869700000000000         116.718707648701    
    0.870350000000000         116.522688998713    
    0.871000000000000         116.327255785962    
    0.871650000000000         116.132405976632    
    0.872300000000000         115.938137545140    
    0.872950000000000         115.744448474093    
    0.873600000000000         115.551336754250    
    0.874250000000000         115.358800384485    
    0.874900000000000         115.166837371748    
    0.875550000000000         114.975445731030    
    0.876200000000000         114.784623485323    
    0.876850000000000         114.594368665584    
    0.877500000000000         114.404679310696    
    0.878150000000000         114.215553467434    
    0.878800000000000         114.026989190428    
    0.879450000000000         113.838984542124    
    0.880100000000000         113.651537592752    
    0.880750000000000         113.464646420284    
    0.881400000000000         113.278309110403    
    0.882050000000000         113.092523756468    
    0.882700000000000         112.907288459473    
    0.883350000000000         112.722601328018    
    0.884000000000000         112.538460478268    
    0.884650000000000         112.354864033924    
    0.885300000000000         112.171810126183    
    0.885950000000000         111.989296893708    
    0.886600000000000         111.807322482588    
    0.887250000000000         111.625885046311    
    0.887900000000000         111.444982745723    
    0.888550000000000         111.264613748999    
    0.889200000000000         111.084776231606    
    0.889850000000000         110.905468376273    
    0.890500000000000         110.726688372954    
    0.891150000000000         110.548434418798    
    0.891800000000000         110.370704718113    
    0.892450000000000         110.193497482337    
    0.893100000000000         110.016810930000    
    0.893750000000000         109.840643286698    
    0.894400000000000         109.664992785056    
    0.895050000000000         109.489857664696    
    0.895700000000000         109.315236172208    
    0.896350000000000         109.141126561116    
    0.897000000000000         108.967527091846    
    0.897650000000000         108.794436031697    
    0.898300000000000         108.621851654807    
    0.898950000000000         108.449772242123    
    0.899600000000000         108.278196081370    
    0.900250000000000         108.107121467019    
    0.900900000000000         107.936546700261    
    0.901550000000000         107.766470088968    
    0.902200000000000         107.596889947672    
    0.902850000000000         107.427804597528    
    0.903500000000000         107.259212366286    
    0.904150000000000         107.091111588263    
    0.904800000000000         106.923500604311    
    0.905450000000000         106.756377761787    
    0.906100000000000         106.589741414528    
    0.906750000000000         106.423589922814    
    0.907400000000000         106.257921653348    
    0.908050000000000         106.092734979218    
    0.908700000000000         105.928028279875    
    0.909350000000000         105.763799941103    
    0.910000000000000         105.600048354985    
    0.910650000000000         105.436771919884    
    0.911300000000000         105.273969040405    
    0.911950000000000         105.111638127376    
    0.912600000000000         104.949777597812    
    0.913250000000000         104.788385874894    
    0.913900000000000         104.627461387934    
    0.914550000000000         104.467002572355    
    0.915200000000000         104.307007869661    
    0.915850000000000         104.147475727405    
    0.916500000000000         103.988404599169    
    0.917150000000000         103.829792944533    
    0.917800000000000         103.671639229048    
    0.918450000000000         103.513941924214    
    0.919100000000000         103.356699507445    
    0.919750000000000         103.199910462051    
    0.920400000000000         103.043573277205    
    0.921050000000000         102.887686447924    
    0.921700000000000         102.732248475034    
    0.922350000000000         102.577257865153    
    0.923000000000000         102.422713130660    
    0.923650000000000         102.268612789669    
    0.924300000000000         102.114955366007    
    0.924950000000000         101.961739389186    
    0.925600000000000         101.808963394378    
    0.926250000000000         101.656625922392    
    0.926900000000000         101.504725519646    
    0.927550000000000         101.353260738142    
    0.928200000000000         101.202230135446    
    0.928850000000000         101.051632274659    
    0.929500000000000         100.901465724391    
    0.930150000000000         100.751729058742    
    0.930800000000000         100.602420857275    
    0.931450000000000         100.453539704991    
    0.932100000000000         100.305084192305    
    0.932750000000000         100.157052915025    
    0.933400000000000         100.009444474325    
    0.934050000000000         99.8622574767216    
    0.934700000000000         99.7154905340533    
    0.935350000000000         99.5691422634541    
    0.936000000000000         99.4232112873317    
    0.936650000000000         99.2776962333435    
    0.937300000000000         99.1325957343744    
    0.937950000000000         98.9879084285131    
    0.938600000000000         98.8436329590297    
    0.939250000000000         98.6997679743529    
    0.939900000000000         98.5563121280472    
    0.940550000000000         98.4132640787907    
    0.941200000000000         98.2706224903524    
    0.941850000000000         98.1283860315703    
    0.942500000000000         97.9865533763290    
    0.943150000000000         97.8451232035375    
    0.943800000000000         97.7040941971076    
    0.944450000000000         97.5634650459320    
    0.945100000000000         97.4232344438622    
    0.945750000000000         97.2834010896876    
    0.946400000000000         97.1439636871131    
    0.947050000000000         97.0049209447385    
    0.947700000000000         96.8662715760367    
    0.948350000000000         96.7280142993328    
    0.949000000000000         96.5901478377827    
    0.949650000000000         96.4526709193525    
    0.950300000000000         96.3155822767974    
    0.950950000000000         96.1788806476408    
    0.951600000000000         96.0425647741540    
    0.952250000000000         95.9066334033352    
    0.952900000000000         95.7710852868894    
    0.953550000000000         95.6359191812077    
    0.954200000000000         95.5011338473474    
    0.954850000000000         95.3667280510114    
    0.955500000000000         95.2327005625286    
    0.956150000000000         95.0990501568334    
    0.956800000000000         94.9657756134464    
    0.957450000000000         94.8328757164542    
    0.958100000000000         94.7003492544898    
    0.958750000000000         94.5681950207132    
    0.959400000000000         94.4364118127917    
    0.960050000000000         94.3049984328806    
    0.960700000000000         94.1739536876039    
    0.961350000000000         94.0432763880351    
    0.962000000000000         93.9129653496781    
    0.962650000000000         93.7830193924482    
    0.963300000000000         93.6534373406530    
    0.963950000000000         93.5242180229738    
    0.964600000000000         93.3953602724470    
    0.965250000000000         93.2668629264448    
    0.965900000000000         93.1387248266573    
    0.966550000000000         93.0109448190739    
    0.967200000000000         92.8835217539647    
    0.967850000000000         92.7564544858623    
    0.968500000000000         92.6297418735438    
    0.969150000000000         92.5033827800124    
    0.969800000000000         92.3773760724795    
    0.970450000000000         92.2517206223469    
    0.971100000000000         92.1264153051887    
    0.971750000000000         92.0014590007337    
    0.972400000000000         91.8768505928478    
    0.973050000000000         91.7525889695161    
    0.973700000000000         91.6286730228258    
    0.974350000000000         91.5051016489484    
    0.975000000000000         91.3818737481226    
    0.975650000000000         91.2589882246371    
    0.976300000000000         91.1364439868132    
    0.976950000000000         91.0142399469878    
    0.977600000000000         90.8923750214964    
    0.978250000000000         90.7708481306564    
    0.978900000000000         90.6496581987499    
    0.979550000000000         90.5288041540070    
    0.980200000000000         90.4082849285896    
    0.980850000000000         90.2880994585740    
    0.981500000000000         90.1682466839350    
    0.982150000000000         90.0487255485293    
    0.982800000000000         89.9295350000791    
    0.983450000000000         89.8106739901556    
    0.984100000000000         89.6921414741633    
    0.984750000000000         89.5739364113234    
    0.985400000000000         89.4560577646581    
    0.986050000000000         89.3385045009742    
    0.986700000000000         89.2212755908478    
    0.987350000000000         89.1043700086078    
    0.988000000000000         88.9877867323209    
    0.988650000000000         88.8715247437750    
    0.989300000000000         88.7555830284647    
    0.989950000000000         88.6399605755748    
    0.990600000000000         88.5246563779654    
    0.991250000000000         88.4096694321564    
    0.991900000000000         88.2949987383123    
    0.992550000000000         88.1806433002265    
    0.993200000000000         88.0666021253070    
    0.993850000000000         87.9528742245604    
    0.994500000000000         87.8394586125776    
    0.995150000000000         87.7263543075184    
    0.995800000000000         87.6135603310968    
    0.996450000000000         87.5010757085663    
    0.997100000000000         87.3888994687049    
    0.997750000000000         87.2770306438009    
    0.998400000000000         87.1654682696378    
    0.999050000000000         87.0542113854800    
    0.999700000000000         86.9432590340583    
     1.00035000000000         86.8326102615559    
     1.00100000000000         86.7222641175933    
     1.00165000000000         86.6122196552147    
     1.00230000000000         86.5024759308738    
     1.00295000000000         86.3930320044191    
     1.00360000000000         86.2838869390805    
     1.00425000000000         86.1750398014552    
     1.00490000000000         86.0664896614932    
     1.00555000000000         85.9582355924845    
     1.00620000000000         85.8502766710442    
     1.00685000000000         85.7426119770996    
     1.00750000000000         85.6352405938761    
     1.00815000000000         85.5281616078838    
     1.00880000000000         85.4213741089040    
     1.00945000000000         85.3148771899753    
     1.01010000000000         85.2086699473811    
     1.01075000000000         85.1027514806352    
     1.01140000000000         84.9971208924693    
     1.01205000000000         84.8917772888196    
     1.01270000000000         84.7867197788133    
     1.01335000000000         84.6819474747559    
     1.01400000000000         84.5774594921181    
     1.01465000000000         84.4732549495226    
     1.01530000000000         84.3693329687317    
     1.01595000000000         84.2656926746336    
     1.01660000000000         84.1623331952306    
     1.01725000000000         84.0592536616257    
     1.01790000000000         83.9564532080100    
     1.01855000000000         83.8539309716505    
     1.01920000000000         83.7516860928770    
     1.01985000000000         83.6497177150699    
     1.02050000000000         83.5480249846478    
     1.02115000000000         83.4466070510551    
     1.02180000000000         83.3454630667494    
     1.02245000000000         83.2445921871898    
     1.02310000000000         83.1439935708240    
     1.02375000000000         83.0436663790766    
     1.02440000000000         82.9436097763372    
     1.02505000000000         82.8438229299475    
     1.02570000000000         82.7443050101904    
     1.02635000000000         82.6450551902774    
     1.02700000000000         82.5460726463367    
     1.02765000000000         82.4473565574018    
     1.02830000000000         82.3489061053992    
     1.02895000000000         82.2507204751375    
     1.02960000000000         82.1527988542946    
     1.03025000000000         82.0551404334072    
     1.03090000000000         81.9577444058586    
     1.03155000000000         81.8606099678673    
     1.03220000000000         81.7637363184759    
     1.03285000000000         81.6671226595393    
     1.03350000000000         81.5707681957134    
     1.03415000000000         81.4746721344441    
     1.03480000000000         81.3788336859559    
     1.03545000000000         81.2832520632405    
     1.03610000000000         81.1879264820461    
     1.03675000000000         81.0928561608660    
     1.03740000000000         80.9980403209278    
     1.03805000000000         80.9034781861821    
     1.03870000000000         80.8091689832919    
     1.03935000000000         80.7151119416214    
     1.04000000000000         80.6213062932256    
     1.04065000000000         80.5277512728391    
     1.04130000000000         80.4344461178657    
     1.04195000000000         80.3413900683673    
     1.04260000000000         80.2485823670537    
     1.04325000000000         80.1560222592719    
     1.04390000000000         80.0637089929954    
     1.04455000000000         79.9716418188138    
     1.04520000000000         79.8798199899224    
     1.04585000000000         79.7882427621119    
     1.04650000000000         79.6969093937576    
     1.04715000000000         79.6058191458099    
     1.04780000000000         79.5149712817831    
     1.04845000000000         79.4243650677461    
     1.04910000000000         79.3339997723114    
     1.04975000000000         79.2438746666259    
     1.05040000000000         79.1539890243598    
     1.05105000000000         79.0643421216975    
     1.05170000000000         78.9749332373270    
     1.05235000000000         78.8857616524303    
     1.05300000000000         78.7968266506735    
     1.05365000000000         78.7081275181966    
     1.05430000000000         78.6196635436041    
     1.05495000000000         78.5314340179553    
     1.05560000000000         78.4434382347542    
     1.05625000000000         78.3556754899400    
     1.05690000000000         78.2681450818776    
     1.05755000000000         78.1808463113479    
     1.05820000000000         78.0937784815384    
     1.05885000000000         78.0069408980334    
     1.05950000000000         77.9203328688049    
     1.06015000000000         77.8339537042031    
     1.06080000000000         77.7478027169468    
     1.06145000000000         77.6618792221143    
     1.06210000000000         77.5761825371341    
     1.06275000000000         77.4907119817756    
     1.06340000000000         77.4054668781400    
     1.06405000000000         77.3204465506509    
     1.06470000000000         77.2356503260455    
     1.06535000000000         77.1510775333653    
     1.06600000000000         77.0667275039472    
     1.06665000000000         76.9825995714143    
     1.06730000000000         76.8986930716672    
     1.06795000000000         76.8150073428750    
     1.06860000000000         76.7315417254662    
     1.06925000000000         76.6482955621201    
     1.06990000000000         76.5652681977582    
     1.07055000000000         76.4824589795349    
     1.07120000000000         76.3998672568291    
     1.07185000000000         76.3174923812357    
     1.07250000000000         76.2353337065566    
     1.07315000000000         76.1533905887922    
     1.07380000000000         76.0716623861329    
     1.07445000000000         75.9901484589507    
     1.07510000000000         75.9088481697904    
     1.07575000000000         75.8277608833614    
     1.07640000000000         75.7468859665292    
     1.07705000000000         75.6662227883068    
     1.07770000000000         75.5857707198469    
     1.07835000000000         75.5055291344331    
     1.07900000000000         75.4254974074718    
     1.07965000000000         75.3456749164840    
     1.08030000000000         75.2660610410971    
     1.08095000000000         75.1866551630366    
     1.08160000000000         75.1074566661184    
     1.08225000000000         75.0284649362401    
     1.08290000000000         74.9496793613734    
     1.08355000000000         74.8710993315558    
     1.08420000000000         74.7927242388830    
     1.08485000000000         74.7145534775006    
     1.08550000000000         74.6365864435964    
     1.08615000000000         74.5588225353921    
     1.08680000000000         74.4812611531363    
     1.08745000000000         74.4039016990958    
     1.08810000000000         74.3267435775484    
     1.08875000000000         74.2497861947750    
     1.08940000000000         74.1730289590516    
     1.09005000000000         74.0964712806423    
     1.09070000000000         74.0201125717909    
     1.09135000000000         73.9439522467140    
     1.09200000000000         73.8679897215928    
     1.09265000000000         73.7922244145660    
     1.09330000000000         73.7166557457221    
     1.09395000000000         73.6412831370921    
     1.09460000000000         73.5661060126417    
     1.09525000000000         73.4911237982644    
     1.09590000000000         73.4163359217737    
     1.09655000000000         73.3417418128959    
     1.09720000000000         73.2673409032628    
     1.09785000000000         73.1931326264046    
     1.09850000000000         73.1191164177423    
     1.09915000000000         73.0452917145807    
     1.09980000000000         72.9716579561011    
     1.10045000000000         72.8982145833545    
     1.10110000000000         72.8249610392540    
     1.10175000000000         72.7518967685679    
     1.10240000000000         72.6790212179126    
     1.10305000000000         72.6063338357459    
     1.10370000000000         72.5338340723594    
     1.10435000000000         72.4615213798721    
     1.10500000000000         72.3893952122230    
     1.10565000000000         72.3174550251646    
     1.10630000000000         72.2457002762557    
     1.10695000000000         72.1741304248548    
     1.10760000000000         72.1027449321129    
     1.10825000000000         72.0315432609674    
     1.10890000000000         71.9605248761345    
     1.10955000000000         71.8896892441031    
     1.11020000000000         71.8190358331278    
     1.11085000000000         71.7485641132222    
     1.11150000000000         71.6782735561526    
     1.11215000000000         71.6081636354309    
     1.11280000000000         71.5382338263083    
     1.11345000000000         71.4684836057689    
     1.11410000000000         71.3989124525226    
     1.11475000000000         71.3295198469992    
     1.11540000000000         71.2603052713415    
     1.11605000000000         71.1912682093993    
     1.11670000000000         71.1224081467224    
     1.11735000000000         71.0537245705547    
     1.11800000000000         70.9852169698275    
     1.11865000000000         70.9168848351535    
     1.11930000000000         70.8487276588201    
     1.11995000000000         70.7807449347834    
     1.12060000000000         70.7129361586619    
     1.12125000000000         70.6453008277302    
     1.12190000000000         70.5778384409126    
     1.12255000000000         70.5105484987774    
     1.12320000000000         70.4434305035305    
     1.12385000000000         70.3764839590091    
     1.12450000000000         70.3097083706758    
     1.12515000000000         70.2431032456125    
     1.12580000000000         70.1766680925143    
     1.12645000000000         70.1104024216837    
     1.12710000000000         70.0443057450242    
     1.12775000000000         69.9783775760346    
     1.12840000000000         69.9126174298031    
     1.12905000000000         69.8470248230011    
     1.12970000000000         69.7815992738777    
     1.13035000000000         69.7163403022535    
     1.13100000000000         69.6512474295149    
     1.13165000000000         69.5863201786081    
     1.13230000000000         69.5215580740337    
     1.13295000000000         69.4569606418406    
     1.13360000000000         69.3925274096202    
     1.13425000000000         69.3282579065009    
     1.13490000000000         69.2641516631423    
     1.13555000000000         69.2002082117297    
     1.13620000000000         69.1364270859679    
     1.13685000000000         69.0728078210764    
     1.13750000000000         69.0093499537830    
     1.13815000000000         68.9460530223187    
     1.13880000000000         68.8829165664121    
     1.13945000000000         68.8199401272837    
     1.14010000000000         68.7571232476405    
     1.14075000000000         68.6944654716704    
     1.14140000000000         68.6319663450369    
     1.14205000000000         68.5696254148735    
     1.14270000000000         68.5074422297786    
     1.14335000000000         68.4454163398096    
     1.14400000000000         68.3835472964778    
     1.14465000000000         68.3218346527433    
     1.14530000000000         68.2602779630091    
     1.14595000000000         68.1988767831163    
     1.14660000000000         68.1376306703387    
     1.14725000000000         68.0765391833771    
     1.14790000000000         68.0156018823549    
     1.14855000000000         67.9548183288121    
     1.14920000000000         67.8941880857004    
     1.14985000000000         67.8337107173782    
     1.15050000000000         67.7733857896053    
     1.15115000000000         67.7132128695375    
     1.15180000000000         67.6531915257220    
     1.15245000000000         67.5933213280919    
     1.15310000000000         67.5336018479615    
     1.15375000000000         67.4740326580207    
     1.15440000000000         67.4146133323306    
     1.15505000000000         67.3553434463181    
     1.15570000000000         67.2962225767710    
     1.15635000000000         67.2372503018332    
     1.15700000000000         67.1784262009995    
     1.15765000000000         67.1197498551107    
     1.15830000000000         67.0612208463491    
     1.15895000000000         67.0028387582331    
     1.15960000000000         66.9446031756126    
     1.16025000000000         66.8865136846640    
     1.16090000000000         66.8285698728857    
     1.16155000000000         66.7707713290929    
     1.16220000000000         66.7131176434133    
     1.16285000000000         66.6556084072817    
     1.16350000000000         66.5982432134357    
     1.16415000000000         66.5410216559111    
     1.16480000000000         66.4839433300367    
     1.16545000000000         66.4270078324300    
     1.16610000000000         66.3702147609926    
     1.16675000000000         66.3135637149052    
     1.16740000000000         66.2570542946230    
     1.16805000000000         66.2006861018717    
     1.16870000000000         66.1444587396421    
     1.16935000000000         66.0883718121860    
     1.17000000000000         66.0324249250116    
     1.17065000000000         65.9766176848789    
     1.17130000000000         65.9209496997951    
     1.17195000000000         65.8654205790103    
     1.17260000000000         65.8100299330129    
     1.17325000000000         65.7547773735252    
     1.17390000000000         65.6996625134988    
     1.17455000000000         65.6446849671106    
     1.17520000000000         65.5898443497578    
     1.17585000000000         65.5351402780540    
     1.17650000000000         65.4805723698245    
     1.17715000000000         65.4261402441022    
     1.17780000000000         65.3718435211233    
     1.17845000000000         65.3176818223225    
     1.17910000000000         65.2636547703294    
     1.17975000000000         65.2097619889636    
     1.18040000000000         65.1560031032311    
     1.18105000000000         65.1023777393192    
     1.18170000000000         65.0488855245931    
     1.18235000000000         64.9955260875911    
     1.18300000000000         64.9422990580208    
     1.18365000000000         64.8892040667547    
     1.18430000000000         64.8362407458261    
     1.18495000000000         64.7834087284250    
     1.18560000000000         64.7307076488937    
     1.18625000000000         64.6781371427233    
     1.18690000000000         64.6256968465491    
     1.18755000000000         64.5733863981464    
     1.18820000000000         64.5212054364271    
     1.18885000000000         64.4691536014349    
     1.18950000000000         64.4172305343418    
     1.19015000000000         64.3654358774440    
     1.19080000000000         64.3137692741577    
     1.19145000000000         64.2622303690152    
     1.19210000000000         64.2108188076611    
     1.19275000000000         64.1595342368482    
     1.19340000000000         64.1083763044335    
     1.19405000000000         64.0573446593745    
     1.19470000000000         64.0064389517253    
     1.19535000000000         63.9556588326323    
     1.19600000000000         63.9050039543310    
     1.19665000000000         63.8544739701415    
     1.19730000000000         63.8040685344650    
     1.19795000000000         63.7537873027802    
     1.19860000000000         63.7036299316389    
     1.19925000000000         63.6535960786627    
     1.19990000000000         63.6036854025389    
     1.20055000000000         63.5538975630172    
     1.20120000000000         63.5042322209055    
     1.20185000000000         63.4546890380661    
     1.20250000000000         63.4052676774126    
     1.20315000000000         63.3559678029056    
     1.20380000000000         63.3067890795492    
     1.20445000000000         63.2577311733874    
     1.20510000000000         63.2087937515005    
     1.20575000000000         63.1599764820011    
     1.20640000000000         63.1112790340311    
     1.20705000000000         63.0627010777574    
     1.20770000000000         63.0142422843686    
     1.20835000000000         62.9659023260718    
     1.20900000000000         62.9176808760883    
     1.20965000000000         62.8695776086505    
     1.21030000000000         62.8215921989983    
     1.21095000000000         62.7737243233757    
     1.21160000000000         62.7259736590267    
     1.21225000000000         62.6783398841928    
     1.21290000000000         62.6308226781084    
     1.21355000000000         62.5834217209981    
     1.21420000000000         62.5361366940732    
     1.21485000000000         62.4889672795278    
     1.21550000000000         62.4419131605358    
     1.21615000000000         62.3949740212471    
     1.21680000000000         62.3481495467846    
     1.21745000000000         62.3014394232407    
     1.21810000000000         62.2548433376736    
     1.21875000000000         62.2083609781045    
     1.21940000000000         62.1619920335137    
     1.22005000000000         62.1157361938375    
     1.22070000000000         62.0695931499649    
     1.22135000000000         62.0235625937345    
     1.22200000000000         61.9776442179307    
     1.22265000000000         61.9318377162807    
     1.22330000000000         61.8861427834514    
     1.22395000000000         61.8405591150457    
     1.22460000000000         61.7950864075997    
     1.22525000000000         61.7497243585792    
     1.22590000000000         61.7044726663766    
     1.22655000000000         61.6593310303076    
     1.22720000000000         61.6142991506081    
     1.22785000000000         61.5693767284309    
     1.22850000000000         61.5245634658426    
     1.22915000000000         61.4798590658206    
     1.22980000000000         61.4352632322495    
     1.23045000000000         61.3907756699185    
     1.23110000000000         61.3463960845180    
     1.23175000000000         61.3021241826364    
     1.23240000000000         61.2579596717574    
     1.23305000000000         61.2139022602564    
     1.23370000000000         61.1699516573978    
     1.23435000000000         61.1261075733317    
     1.23500000000000         61.0823697190912    
     1.23565000000000         61.0387378065888    
     1.23630000000000         60.9952115486140    
     1.23695000000000         60.9517906588299    
     1.23760000000000         60.9084748517703    
     1.23825000000000         60.8652638428367    
     1.23890000000000         60.8221573482952    
     1.23955000000000         60.7791550852739    
     1.24020000000000         60.7362567717595    
     1.24085000000000         60.6934621265946    
     1.24150000000000         60.6507708694749    
     1.24215000000000         60.6081827209459    
     1.24280000000000         60.5656974024003    
     1.24345000000000         60.5233146360750    
     1.24410000000000         60.4810341450481    
     1.24475000000000         60.4388556532363    
     1.24540000000000         60.3967788853919    
     1.24605000000000         60.3548035670996    
     1.24670000000000         60.3129294247744    
     1.24735000000000         60.2711561856581    
     1.24800000000000         60.2294835778167    
     1.24865000000000         60.1879113301378    
     1.24930000000000         60.1464391723275    
     1.24995000000000         60.1050668349077    
     1.25060000000000         60.0637940492134    
     1.25125000000000         60.0226205473899    
     1.25190000000000         59.9815460623901    
     1.25255000000000         59.9405703279715    
     1.25320000000000         59.8996930786937    
     1.25385000000000         59.8589140499158    
     1.25450000000000         59.8182329777933    
     1.25515000000000         59.7776495992757    
     1.25580000000000         59.7371636521038    
     1.25645000000000         59.6967748748068    
     1.25710000000000         59.6564830066998    
     1.25775000000000         59.6162877878812    
     1.25840000000000         59.5761889592297    
     1.25905000000000         59.5361862624021    
     1.25970000000000         59.4962794398305    
     1.26035000000000         59.4564682347196    
     1.26100000000000         59.4167523910441    
     1.26165000000000         59.3771316535462    
     1.26230000000000         59.3376057677329    
     1.26295000000000         59.2981744798734    
     1.26360000000000         59.2588375369968    
     1.26425000000000         59.2195946868892    
     1.26490000000000         59.1804456780912    
     1.26555000000000         59.1413902598957    
     1.26620000000000         59.1024281823447    
     1.26685000000000         59.0635591962276    
     1.26750000000000         59.0247830530781    
     1.26815000000000         58.9860995051717    
     1.26880000000000         58.9475083055237    
     1.26945000000000         58.9090092078860    
     1.27010000000000         58.8706019667454    
     1.27075000000000         58.8322863373205    
     1.27140000000000         58.7940620755595    
     1.27205000000000         58.7559289381378    
     1.27270000000000         58.7178866824555    
     1.27335000000000         58.6799350666349    
     1.27400000000000         58.6420738495183    
     1.27465000000000         58.6043027906652    
     1.27530000000000         58.5666216503504    
     1.27595000000000         58.5290301895613    
     1.27660000000000         58.4915281699953    
     1.27725000000000         58.4541153540580    
     1.27790000000000         58.4167915048604    
     1.27855000000000         58.3795563862167    
     1.27920000000000         58.3424097626418    
     1.27985000000000         58.3053513993493    
     1.28050000000000         58.2683810622487    
     1.28115000000000         58.2314985179436    
     1.28180000000000         58.1947035337288    
     1.28245000000000         58.1579958775886    
     1.28310000000000         58.1213753181941    
     1.28375000000000         58.0848416249010    
     1.28440000000000         58.0483945677474    
     1.28505000000000         58.0120339174516    
     1.28570000000000         57.9757594454094    
     1.28635000000000         57.9395709236924    
     1.28700000000000         57.9034681250457    
     1.28765000000000         57.8674508228851    
     1.28830000000000         57.8315187912956    
     1.28895000000000         57.7956718050286    
     1.28960000000000         57.7599096395001    
     1.29025000000000         57.7242320707882    
     1.29090000000000         57.6886388756312    
     1.29155000000000         57.6531298314253    
     1.29220000000000         57.6177047162220    
     1.29285000000000         57.5823633087267    
     1.29350000000000         57.5471053882961    
     1.29415000000000         57.5119307349358    
     1.29480000000000         57.4768391292989    
     1.29545000000000         57.4418303526830    
     1.29610000000000         57.4069041870286    
     1.29675000000000         57.3720604149171    
     1.29740000000000         57.3372988195681    
     1.29805000000000         57.3026191848379    
     1.29870000000000         57.2680212952170    
     1.29935000000000         57.2335049358283    
     1.30000000000000         57.1990698924246    
     1.30065000000000         57.1647159513872    
     1.30130000000000         57.1304428997230    
     1.30195000000000         57.0962505250632    
     1.30260000000000         57.0621386156607    
     1.30325000000000         57.0281069603886    
     1.30390000000000         56.9941553487374    
     1.30455000000000         56.9602835708137    
     1.30520000000000         56.9264914173379    
     1.30585000000000         56.8927786796420    
     1.30650000000000         56.8591451496680    
     1.30715000000000         56.8255906199655    
     1.30780000000000         56.7921148836900    
     1.30845000000000         56.7587177346006    
     1.30910000000000         56.7253989670585    
     1.30975000000000         56.6921583760245    
     1.31040000000000         56.6589957570574    
     1.31105000000000         56.6259109063121    
     1.31170000000000         56.5929036205371    
     1.31235000000000         56.5599736970734    
     1.31300000000000         56.5271209338517    
     1.31365000000000         56.4943451293911    
     1.31430000000000         56.4616460827971    
     1.31495000000000         56.4290235937592    
     1.31560000000000         56.3964774625496    
     1.31625000000000         56.3640074900211    
     1.31690000000000         56.3316134776050    
     1.31755000000000         56.2992952273094    
     1.31820000000000         56.2670525417174    
     1.31885000000000         56.2348852239850    
     1.31950000000000         56.2027930778396    
     1.32015000000000         56.1707759075775    
     1.32080000000000         56.1388335180630    
     1.32145000000000         56.1069657147255    
     1.32210000000000         56.0751723035585    
     1.32275000000000         56.0434530911173    
     1.32340000000000         56.0118078845175    
     1.32405000000000         55.9802364914328    
     1.32470000000000         55.9487387200935    
     1.32535000000000         55.9173143792846    
     1.32600000000000         55.8859632783441    
     1.32665000000000         55.8546852271609    
     1.32730000000000         55.8234800361733    
     1.32795000000000         55.7923475163674    
     1.32860000000000         55.7612874792746    
     1.32925000000000         55.7302997369708    
     1.32990000000000         55.6993841020739    
     1.33055000000000         55.6685403877424    
     1.33120000000000         55.6377684076734    
     1.33185000000000         55.6070679761012    
     1.33250000000000         55.5764389077953    
     1.33315000000000         55.5458810180590    
     1.33380000000000         55.5153941227271    
     1.33445000000000         55.4849780381647    
     1.33510000000000         55.4546325812653    
     1.33575000000000         55.4243575694493    
     1.33640000000000         55.3941528206617    
     1.33705000000000         55.3640181533714    
     1.33770000000000         55.3339533865685    
     1.33835000000000         55.3039583397633    
     1.33900000000000         55.2740328329844    
     1.33965000000000         55.2441766867770    
     1.34030000000000         55.2143897222014    
     1.34095000000000         55.1846717608310    
     1.34160000000000         55.1550226247511    
     1.34225000000000         55.1254421365570    
     1.34290000000000         55.0959301193525    
     1.34355000000000         55.0664863967479    
     1.34420000000000         55.0371107928590    
     1.34485000000000         55.0078031323049    
     1.34550000000000         54.9785632402069    
     1.34615000000000         54.9493909421863    
     1.34680000000000         54.9202860643634    
     1.34745000000000         54.8912484333556    
     1.34810000000000         54.8622778762757    
     1.34875000000000         54.8333742207305    
     1.34940000000000         54.8045372948193    
     1.35005000000000         54.7757669271323    
     1.35070000000000         54.7470629467487    
     1.35135000000000         54.7184251832354    
     1.35200000000000         54.6898534666458    
     1.35265000000000         54.6613476275174    
     1.35330000000000         54.6329074968712    
     1.35395000000000         54.6045329062094    
     1.35460000000000         54.5762236875142    
     1.35525000000000         54.5479796732465    
     1.35590000000000         54.5198006963438    
     1.35655000000000         54.4916865902193    
     1.35720000000000         54.4636371887599    
     1.35785000000000         54.4356523263249    
     1.35850000000000         54.4077318377448    
     1.35915000000000         54.3798755583191    
     1.35980000000000         54.3520833238154    
     1.36045000000000         54.3243549704678    
     1.36110000000000         54.2966903349752    
     1.36175000000000         54.2690892545002    
     1.36240000000000         54.2415515666671    
     1.36305000000000         54.2140771095610    
     1.36370000000000         54.1866657217261    
     1.36435000000000         54.1593172421640    
     1.36500000000000         54.1320315103328    
     1.36565000000000         54.1048083661451    
     1.36630000000000         54.0776476499669    
     1.36695000000000         54.0505492026162    
     1.36760000000000         54.0235128653613    
     1.36825000000000         53.9965384799197    
     1.36890000000000         53.9696258884562    
     1.36955000000000         53.9427749335822    
     1.37020000000000         53.9159854583536    
     1.37085000000000         53.8892573062699    
     1.37150000000000         53.8625903212725    
     1.37215000000000         53.8359843477434    
     1.37280000000000         53.8094392305038    
     1.37345000000000         53.7829548148129    
     1.37410000000000         53.7565309463662    
     1.37475000000000         53.7301674712944    
     1.37540000000000         53.7038642361617    
     1.37605000000000         53.6776210879651    
     1.37670000000000         53.6514378741322    
     1.37735000000000         53.6253144425203    
     1.37800000000000         53.5992506414153    
     1.37865000000000         53.5732463195298    
     1.37930000000000         53.5473013260019    
     1.37995000000000         53.5214155103944    
     1.38060000000000         53.4955887226927    
     1.38125000000000         53.4698208133040    
     1.38190000000000         53.4441116330557    
     1.38255000000000         53.4184610331943    
     1.38320000000000         53.3928688653841    
     1.38385000000000         53.3673349817054    
     1.38450000000000         53.3418592346540    
     1.38515000000000         53.3164414771393    
     1.38580000000000         53.2910815624831    
     1.38645000000000         53.2657793444185    
     1.38710000000000         53.2405346770886    
     1.38775000000000         53.2153474150450    
     1.38840000000000         53.1902174132467    
     1.38905000000000         53.1651445270589    
     1.38970000000000         53.1401286122514    
     1.39035000000000         53.1151695249979    
     1.39100000000000         53.0902671218741    
     1.39165000000000         53.0654212598569    
     1.39230000000000         53.0406317963231    
     1.39295000000000         53.0158985890479    
     1.39360000000000         52.9912214962038    
     1.39425000000000         52.9666003763597    
     1.39490000000000         52.9420350884790    
     1.39555000000000         52.9175254919189    
     1.39620000000000         52.8930714464291    
     1.39685000000000         52.8686728121504    
     1.39750000000000         52.8443294496135    
     1.39815000000000         52.8200412197379    
     1.39880000000000         52.7958079838310    
     1.39945000000000         52.7716296035860    
     1.40010000000000         52.7475059410818    
     1.40075000000000         52.7234368587809    
     1.40140000000000         52.6994222195288    
     1.40205000000000         52.6754618865525    
     1.40270000000000         52.6515557234595    
     1.40335000000000         52.6277035942365    
     1.40400000000000         52.6039053632482    
     1.40465000000000         52.5801608952365    
     1.40530000000000         52.5564700553186    
     1.40595000000000         52.5328327089868    
     1.40660000000000         52.5092487221063    
     1.40725000000000         52.4857179609149    
     1.40790000000000         52.4622402920215    
     1.40855000000000         52.4388155824049    
     1.40920000000000         52.4154436994127    
     1.40985000000000         52.3921245107604    
     1.41050000000000         52.3688578845299    
     1.41115000000000         52.3456436891687    
     1.41180000000000         52.3224817934883    
     1.41245000000000         52.2993720666638    
     1.41310000000000         52.2763143782322    
     1.41375000000000         52.2533085980914    
     1.41440000000000         52.2303545964993    
     1.41505000000000         52.2074522440724    
     1.41570000000000         52.1846014117850    
     1.41635000000000         52.1618019709680    
     1.41700000000000         52.1390537933074    
     1.41765000000000         52.1163567508441    
     1.41830000000000         52.0937107159719    
     1.41895000000000         52.0711155614368    
     1.41960000000000         52.0485711603363    
     1.42025000000000         52.0260773861175    
     1.42090000000000         52.0036341125767    
     1.42155000000000         51.9812412138581    
     1.42220000000000         51.9588985644527    
     1.42285000000000         51.9366060391973    
     1.42350000000000         51.9143635132734    
     1.42415000000000         51.8921708622063    
     1.42480000000000         51.8700279618637    
     1.42545000000000         51.8479346884549    
     1.42610000000000         51.8258909185301    
     1.42675000000000         51.8038965289785    
     1.42740000000000         51.7819513970280    
     1.42805000000000         51.7600554002439    
     1.42870000000000         51.7382084165280    
     1.42935000000000         51.7164103241172    
     1.43000000000000         51.6946610015830    
     1.43065000000000         51.6729603278302    
     1.43130000000000         51.6513081820958    
     1.43195000000000         51.6297044439481    
     1.43260000000000         51.6081489932859    
     1.43325000000000         51.5866417103371    
     1.43390000000000         51.5651824756579    
     1.43455000000000         51.5437711701319    
     1.43520000000000         51.5224076749689    
     1.43585000000000         51.5010918717042    
     1.43650000000000         51.4798236421970    
     1.43715000000000         51.4586028686303    
     1.43780000000000         51.4374294335093    
     1.43845000000000         51.4163032196604    
     1.43910000000000         51.3952241102307    
     1.43975000000000         51.3741919886865    
     1.44040000000000         51.3532067388126    
     1.44105000000000         51.3322682447115    
     1.44170000000000         51.3113763908020    
     1.44235000000000         51.2905310618185    
     1.44300000000000         51.2697321428103    
     1.44365000000000         51.2489795191400    
     1.44430000000000         51.2282730764832    
     1.44495000000000         51.2076127008272    
     1.44560000000000         51.1869982784701    
     1.44625000000000         51.1664296960199    
     1.44690000000000         51.1459068403937    
     1.44755000000000         51.1254295988165    
     1.44820000000000         51.1049978588204    
     1.44885000000000         51.0846115082438    
     1.44950000000000         51.0642704352302    
     1.45015000000000         51.0439745282276    
     1.45080000000000         51.0237236759873    
     1.45145000000000         51.0035177675632    
     1.45210000000000         50.9833566923106    
     1.45275000000000         50.9632403398858    
     1.45340000000000         50.9431686002446    
     1.45405000000000         50.9231413636418    
     1.45470000000000         50.9031585206302    
     1.45535000000000         50.8832199620598    
     1.45600000000000         50.8633255790765    
     1.45665000000000         50.8434752631216    
     1.45730000000000         50.8236689059312    
     1.45795000000000         50.8039063995343    
     1.45860000000000         50.7841876362530    
     1.45925000000000         50.7645125087011    
     1.45990000000000         50.7448809097833    
     1.46055000000000         50.7252927326942    
     1.46120000000000         50.7057478709176    
     1.46185000000000         50.6862462182259    
     1.46250000000000         50.6667876686784    
     1.46315000000000         50.6473721166214    
     1.46380000000000         50.6279994566868    
     1.46445000000000         50.6086695837913    
     1.46510000000000         50.5893823931356    
     1.46575000000000         50.5701377802037    
     1.46640000000000         50.5509356407617    
     1.46705000000000         50.5317758708574    
     1.46770000000000         50.5126583668191    
     1.46835000000000         50.4935830252550    
     1.46900000000000         50.4745497430520    
     1.46965000000000         50.4555584173754    
     1.47030000000000         50.4366089456677    
     1.47095000000000         50.4177012256478    
     1.47160000000000         50.3988351553104    
     1.47225000000000         50.3800106329250    
     1.47290000000000         50.3612275570349    
     1.47355000000000         50.3424858264569    
     1.47420000000000         50.3237853402799    
     1.47485000000000         50.3051259978646    
     1.47550000000000         50.2865076988422    
     1.47615000000000         50.2679303431142    
     1.47680000000000         50.2493938308509    
     1.47745000000000         50.2308980624912    
     1.47810000000000         50.2124429387416    
     1.47875000000000         50.1940283605750    
     1.47940000000000         50.1756542292306    
     1.48005000000000         50.1573204462128    
     1.48070000000000         50.1390269132901    
     1.48135000000000         50.1207735324950    
     1.48200000000000         50.1025602061226    
     1.48265000000000         50.0843868367300    
     1.48330000000000         50.0662533271357    
     1.48395000000000         50.0481595804186    
     1.48460000000000         50.0301054999175    
     1.48525000000000         50.0120909892301    
     1.48590000000000         49.9941159522121    
     1.48655000000000         49.9761802929770    
     1.48720000000000         49.9582839158946    
     1.48785000000000         49.9404267255907    
     1.48850000000000         49.9226086269466    
     1.48915000000000         49.9048295250976    
     1.48980000000000         49.8870893254327    
     1.49045000000000         49.8693879335941    
     1.49110000000000         49.8517252554758    
     1.49175000000000         49.8341011972234    
     1.49240000000000         49.8165156652333    
     1.49305000000000         49.7989685661515    
     1.49370000000000         49.7814598068734    
     1.49435000000000         49.7639892945430    
     1.49500000000000         49.7465569365517    
     1.49565000000000         49.7291626405382    
     1.49630000000000         49.7118063143874    
     1.49695000000000         49.6944878662296    
     1.49760000000000         49.6772072044401    
     1.49825000000000         49.6599642376382    
     1.49890000000000         49.6427588746868    
     1.49955000000000         49.6255910246912    
     1.50020000000000         49.6084605969989    
     1.50085000000000         49.5913675011985    
     1.50150000000000         49.5743116471191    
     1.50215000000000         49.5572929448300    
     1.50280000000000         49.5403113046391    
     1.50345000000000         49.5233666370932    
     1.50410000000000         49.5064588529767    
     1.50475000000000         49.4895878633108    
     1.50540000000000         49.4727535793534    
     1.50605000000000         49.4559559125979    
     1.50670000000000         49.4391947747727    
     1.50735000000000         49.4224700778403    
     1.50800000000000         49.4057817339971    
     1.50865000000000         49.3891296556722    
     1.50930000000000         49.3725137555270    
     1.50995000000000         49.3559339464544    
     1.51060000000000         49.3393901415782    
     1.51125000000000         49.3228822542524    
     1.51190000000000         49.3064101980606    
     1.51255000000000         49.2899738868152    
     1.51320000000000         49.2735732345566    
     1.51385000000000         49.2572081555532    
     1.51450000000000         49.2408785642997    
     1.51515000000000         49.2245843755174    
     1.51580000000000         49.2083255041529    
     1.51645000000000         49.1921018653779    
     1.51710000000000         49.1759133745882    
     1.51775000000000         49.1597599474032    
     1.51840000000000         49.1436414996651    
     1.51905000000000         49.1275579474386    
     1.51970000000000         49.1115092070099    
     1.52035000000000         49.0954951948862    
     1.52100000000000         49.0795158277951    
     1.52165000000000         49.0635710226837    
     1.52230000000000         49.0476606967184    
     1.52295000000000         49.0317847672840    
     1.52360000000000         49.0159431519830    
     1.52425000000000         49.0001357686350    
     1.52490000000000         48.9843625352764    
     1.52555000000000         48.9686233701592    
     1.52620000000000         48.9529181917508    
     1.52685000000000         48.9372469187334    
     1.52750000000000         48.9216094700029    
     1.52815000000000         48.9060057646689    
     1.52880000000000         48.8904357220538    
     1.52945000000000         48.8748992616919    
     1.53010000000000         48.8593963033294    
     1.53075000000000         48.8439267669231    
     1.53140000000000         48.8284905726405    
     1.53205000000000         48.8130876408586    
     1.53270000000000         48.7977178921636    
     1.53335000000000         48.7823812473501    
     1.53400000000000         48.7670776274209    
     1.53465000000000         48.7518069535859    
     1.53530000000000         48.7365691472617    
     1.53595000000000         48.7213641300712    
     1.53660000000000         48.7061918238427    
     1.53725000000000         48.6910521506094    
     1.53790000000000         48.6759450326089    
     1.53855000000000         48.6608703922826    
     1.53920000000000         48.6458281522751    
     1.53985000000000         48.6308182354334    
     1.54050000000000         48.6158405648067    
     1.54115000000000         48.6008950636455    
     1.54180000000000         48.5859816554012    
     1.54245000000000         48.5711002637255    
     1.54310000000000         48.5562508124695    
     1.54375000000000         48.5414332256839    
     1.54440000000000         48.5266474276176    
     1.54505000000000         48.5118933427175    
     1.54570000000000         48.4971708956279    
     1.54635000000000         48.4824800111900    
     1.54700000000000         48.4678206144414    
     1.54765000000000         48.4531926306150    
     1.54830000000000         48.4385959851393    
     1.54895000000000         48.4240306036370    
     1.54960000000000         48.4094964119252    
     1.55025000000000         48.3949933360141    
     1.55090000000000         48.3805213021071    
     1.55155000000000         48.3660802365997    
     1.55220000000000         48.3516700660795    
     1.55285000000000         48.3372907173252    
     1.55350000000000         48.3229421173062    
     1.55415000000000         48.3086241931820    
     1.55480000000000         48.2943368723020    
     1.55545000000000         48.2800800822044    
     1.55610000000000         48.2658537506160    
     1.55675000000000         48.2516578054518    
     1.55740000000000         48.2374921748140    
     1.55805000000000         48.2233567869919    
     1.55870000000000         48.2092515704612    
     1.55935000000000         48.1951764538832    
     1.56000000000000         48.1811313661049    
     1.56065000000000         48.1671162361580    
     1.56130000000000         48.1531309932582    
     1.56195000000000         48.1391755668054    
     1.56260000000000         48.1252498863823    
     1.56325000000000         48.1113538817547    
     1.56390000000000         48.0974874828703    
     1.56455000000000         48.0836506198585    
     1.56520000000000         48.0698432230300    
     1.56585000000000         48.0560652228761    
     1.56650000000000         48.0423165500680    
     1.56715000000000         48.0285971354568    
     1.56780000000000         48.0149069100725    
     1.56845000000000         48.0012458051238    
     1.56910000000000         47.9876137519975    
     1.56975000000000         47.9740106822577    
     1.57040000000000         47.9604365276460    
     1.57105000000000         47.9468912200803    
     1.57170000000000         47.9333746916545    
     1.57235000000000         47.9198868746383    
     1.57300000000000         47.9064277014763    
     1.57365000000000         47.8929971047878    
     1.57430000000000         47.8795950173660    
     1.57495000000000         47.8662213721778    
     1.57560000000000         47.8528761023632    
     1.57625000000000         47.8395591412347    
     1.57690000000000         47.8262704222771    
     1.57755000000000         47.8130098791467    
     1.57820000000000         47.7997774456709    
     1.57885000000000         47.7865730558478    
     1.57950000000000         47.7733966438457    
     1.58015000000000         47.7602481440025    
     1.58080000000000         47.7471274908255    
     1.58145000000000         47.7340346189906    
     1.58210000000000         47.7209694633419    
     1.58275000000000         47.7079319588914    
     1.58340000000000         47.6949220408182    
     1.58405000000000         47.6819396444686    
     1.58470000000000         47.6689847053551    
     1.58535000000000         47.6560571591558    
     1.58600000000000         47.6431569417146    
     1.58665000000000         47.6302839890403    
     1.58730000000000         47.6174382373061    
     1.58795000000000         47.6046196228492    
     1.58860000000000         47.5918280821705    
     1.58925000000000         47.5790635519339    
     1.58990000000000         47.5663259689660    
     1.59055000000000         47.5536152702557    
     1.59120000000000         47.5409313929533    
     1.59185000000000         47.5282742743708    
     1.59250000000000         47.5156438519807    
     1.59315000000000         47.5030400634161    
     1.59380000000000         47.4904628464698    
     1.59445000000000         47.4779121390944    
     1.59510000000000         47.4653878794011    
     1.59575000000000         47.4528900056600    
     1.59640000000000         47.4404184562992    
     1.59705000000000         47.4279731699047    
     1.59770000000000         47.4155540852194    
     1.59835000000000         47.4031611411432    
     1.59900000000000         47.3907942767324    
     1.59965000000000         47.3784534311992    
     1.60030000000000         47.3661385439113    
     1.60095000000000         47.3538495543913    
     1.60160000000000         47.3415864023166    
     1.60225000000000         47.3293490275188    
     1.60290000000000         47.3171373699832    
     1.60355000000000         47.3049513698484    
     1.60420000000000         47.2927909674058    
     1.60485000000000         47.2806561030996    
     1.60550000000000         47.2685467175257    
     1.60615000000000         47.2564627514318    
     1.60680000000000         47.2444041457167    
     1.60745000000000         47.2323708414301    
     1.60810000000000         47.2203627797719    
     1.60875000000000         47.2083799020921    
     1.60940000000000         47.1964221498899    
     1.61005000000000         47.1844894648140    
     1.61070000000000         47.1725817886616    
     1.61135000000000         47.1606990633781    
     1.61200000000000         47.1488412310567    
     1.61265000000000         47.1370082339383    
     1.61330000000000         47.1252000144106    
     1.61395000000000         47.1134165150080    
     1.61460000000000         47.1016576784111    
     1.61525000000000         47.0899234474462    
     1.61590000000000         47.0782137650853    
     1.61655000000000         47.0665285744451    
     1.61720000000000         47.0548678187869    
     1.61785000000000         47.0432314415163    
     1.61850000000000         47.0316193861827    
     1.61915000000000         47.0200315964789    
     1.61980000000000         47.0084680162404    
     1.62045000000000         46.9969285894457    
     1.62110000000000         46.9854132602153    
     1.62175000000000         46.9739219728114    
     1.62240000000000         46.9624546716377    
     1.62305000000000         46.9510113012391    
     1.62370000000000         46.9395918063007    
     1.62435000000000         46.9281961316483    
     1.62500000000000         46.9168242222472    
     1.62565000000000         46.9054760232022    
     1.62630000000000         46.8941514797574    
     1.62695000000000         46.8828505372953    
     1.62760000000000         46.8715731413369    
     1.62825000000000         46.8603192375410    
     1.62890000000000         46.8490887717039    
     1.62955000000000         46.8378816897592    
     1.63020000000000         46.8266979377772    
     1.63085000000000         46.8155374619645    
     1.63150000000000         46.8044002086639    
     1.63215000000000         46.7932861243537    
     1.63280000000000         46.7821951556475    
     1.63345000000000         46.7711272492939    
     1.63410000000000         46.7600823521758    
     1.63475000000000         46.7490604113105    
     1.63540000000000         46.7380613738488    
     1.63605000000000         46.7270851870751    
     1.63670000000000         46.7161317984070    
     1.63735000000000         46.7052011553943    
     1.63800000000000         46.6942932057195    
     1.63865000000000         46.6834078971969    
     1.63930000000000         46.6725451777725    
     1.63995000000000         46.6617049955233    
     1.64060000000000         46.6508872986573    
     1.64125000000000         46.6400920355130    
     1.64190000000000         46.6293191545590    
     1.64255000000000         46.6185686043937    
     1.64320000000000         46.6078403337448    
     1.64385000000000         46.5971342914693    
     1.64450000000000         46.5864504265527    
     1.64515000000000         46.5757886881089    
     1.64580000000000         46.5651490253798    
     1.64645000000000         46.5545313877351    
     1.64710000000000         46.5439357246716    
     1.64775000000000         46.5333619858131    
     1.64840000000000         46.5228101209100    
     1.64905000000000         46.5122800798391    
     1.64970000000000         46.5017718126028    
     1.65035000000000         46.4912852693294    
     1.65100000000000         46.4808204002723    
     1.65165000000000         46.4703771558095    
     1.65230000000000         46.4599554864440    
     1.65295000000000         46.4495553428026    
     1.65360000000000         46.4391766756362    
     1.65425000000000         46.4288194358190    
     1.65490000000000         46.4184835743485    
     1.65555000000000         46.4081690423451    
     1.65620000000000         46.3978757910516    
     1.65685000000000         46.3876037718328    
     1.65750000000000         46.3773529361757    
     1.65815000000000         46.3671232356885    
     1.65880000000000         46.3569146221007    
     1.65945000000000         46.3467270472626    
     1.66010000000000         46.3365604631448    
     1.66075000000000         46.3264148218385    
     1.66140000000000         46.3162900755544    
     1.66205000000000         46.3061861766228    
     1.66270000000000         46.2961030774932    
     1.66335000000000         46.2860407307341    
     1.66400000000000         46.2759990890322    
     1.66465000000000         46.2659781051927    
     1.66530000000000         46.2559777321387    
     1.66595000000000         46.2459979229107    
     1.66660000000000         46.2360386306665    
     1.66725000000000         46.2260998086810    
     1.66790000000000         46.2161814103455    
     1.66855000000000         46.2062833891678    
     1.66920000000000         46.1964056987714    
     1.66985000000000         46.1865482928956    
     1.67050000000000         46.1767111253953    
     1.67115000000000         46.1668941502400    
     1.67180000000000         46.1570973215142    
     1.67245000000000         46.1473205934167    
     1.67310000000000         46.1375639202605    
     1.67375000000000         46.1278272564722    
     1.67440000000000         46.1181105565922    
     1.67505000000000         46.1084137752737    
     1.67570000000000         46.0987368672829    
     1.67635000000000         46.0890797874988    
     1.67700000000000         46.0794424909122    
     1.67765000000000         46.0698249326263    
     1.67830000000000         46.0602270678556    
     1.67895000000000         46.0506488519260    
     1.67960000000000         46.0410902402747    
     1.68025000000000         46.0315511884493    
     1.68090000000000         46.0220316521081    
     1.68155000000000         46.0125315870192    
     1.68220000000000         46.0030509490610    
     1.68285000000000         45.9935896942210    
     1.68350000000000         45.9841477785962    
     1.68415000000000         45.9747251583926    
     1.68480000000000         45.9653217899246    
     1.68545000000000         45.9559376296151    
     1.68610000000000         45.9465726339951    
     1.68675000000000         45.9372267597033    
     1.68740000000000         45.9278999634861    
     1.68805000000000         45.9185922021967    
     1.68870000000000         45.9093034327954    
     1.68935000000000         45.9000336123493    
     1.69000000000000         45.8907826980316    
     1.69065000000000         45.8815506471216    
     1.69130000000000         45.8723374170042    
     1.69195000000000         45.8631429651701    
     1.69260000000000         45.8539672492149    
     1.69325000000000         45.8448102268392    
     1.69390000000000         45.8356718558482    
     1.69455000000000         45.8265520941514    
     1.69520000000000         45.8174508997625    
     1.69585000000000         45.8083682307989    
     1.69650000000000         45.7993040454812    
     1.69715000000000         45.7902583021337    
     1.69780000000000         45.7812309591833    
     1.69845000000000         45.7722219751598    
     1.69910000000000         45.7632313086950    
     1.69975000000000         45.7542589185232    
     1.70040000000000         45.7453047634804    
     1.70105000000000         45.7363688025041    
     1.70170000000000         45.7274509946331    
     1.70235000000000         45.7185512990073    
     1.70300000000000         45.7096696748671    
     1.70365000000000         45.7008060815538    
     1.70430000000000         45.6919604785084    
     1.70495000000000         45.6831328252723    
     1.70560000000000         45.6743230814861    
     1.70625000000000         45.6655312068902    
     1.70690000000000         45.6567571613239    
     1.70755000000000         45.6480009047255    
     1.70820000000000         45.6392623971317    
     1.70885000000000         45.6305415986777    
     1.70950000000000         45.6218384695967    
     1.71015000000000         45.6131529702198    
     1.71080000000000         45.6044850609755    
     1.71145000000000         45.5958347023896    
     1.71210000000000         45.5872018550851    
     1.71275000000000         45.5785864797816    
     1.71340000000000         45.5699885372952    
     1.71405000000000         45.5614079885383    
     1.71470000000000         45.5528447945193    
     1.71535000000000         45.5442989163423    
     1.71600000000000         45.5357703152068    
     1.71665000000000         45.5272589524077    
     1.71730000000000         45.5187647893347    
     1.71795000000000         45.5102877874723    
     1.71860000000000         45.5018279083994    
     1.71925000000000         45.4933851137892    
     1.71990000000000         45.4849593654087    
     1.72055000000000         45.4765506251187    
     1.72120000000000         45.4681588548736    
     1.72185000000000         45.4597840167206    
     1.72250000000000         45.4514260728004    
     1.72315000000000         45.4430849853458    
     1.72380000000000         45.4347607166826    
     1.72445000000000         45.4264532292285    
     1.72510000000000         45.4181624854932    
     1.72575000000000         45.4098884480783    
     1.72640000000000         45.4016310796766    
     1.72705000000000         45.3933903430724    
     1.72770000000000         45.3851662011409    
     1.72835000000000         45.3769586168479    
     1.72900000000000         45.3687675532499    
     1.72965000000000         45.3605929734937    
     1.73030000000000         45.3524348408158    
     1.73095000000000         45.3442931185430    
     1.73160000000000         45.3361677700911    
     1.73225000000000         45.3280587589656    
     1.73290000000000         45.3199660487610    
     1.73355000000000         45.3118896031605    
     1.73420000000000         45.3038293859360    
     1.73485000000000         45.2957853609477    
     1.73550000000000         45.2877574921441    
     1.73615000000000         45.2797457435614    
     1.73680000000000         45.2717500793235    
     1.73745000000000         45.2637704636419    
     1.73810000000000         45.2558068608150    
     1.73875000000000         45.2478592352285    
     1.73940000000000         45.2399275513545    
     1.74005000000000         45.2320117737520    
     1.74070000000000         45.2241118670659    
     1.74135000000000         45.2162277960273    
     1.74200000000000         45.2083595254532    
     1.74265000000000         45.2005070202461    
     1.74330000000000         45.1926702453939    
     1.74395000000000         45.1848491659696    
     1.74460000000000         45.1770437471311    
     1.74525000000000         45.1692539541212    
     1.74590000000000         45.1614797522669    
     1.74655000000000         45.1537211069795    
     1.74720000000000         45.1459779837545    
     1.74785000000000         45.1382503481710    
     1.74850000000000         45.1305381658918    
     1.74915000000000         45.1228414026629    
     1.74980000000000         45.1151600243136    
     1.75045000000000         45.1074939967561    
     1.75110000000000         45.0998432859852    
     1.75175000000000         45.0922078580783    
     1.75240000000000         45.0845876791949    
     1.75305000000000         45.0769827155767    
     1.75370000000000         45.0693929335473    
     1.75435000000000         45.0618182995116    
     1.75500000000000         45.0542587799562    
     1.75565000000000         45.0467143414487    
     1.75630000000000         45.0391849506378    
     1.75695000000000         45.0316705742528    
     1.75760000000000         45.0241711791038    
     1.75825000000000         45.0166867320810    
     1.75890000000000         45.0092172001547    
     1.75955000000000         45.0017625503753    
     1.76020000000000         44.9943227498728    
     1.76085000000000         44.9868977658567    
     1.76150000000000         44.9794875656157    
     1.76215000000000         44.9720921165177    
     1.76280000000000         44.9647113860093    
     1.76345000000000         44.9573453416161    
     1.76410000000000         44.9499939509416    
     1.76475000000000         44.9426571816681    
     1.76540000000000         44.9353350015556    
     1.76605000000000         44.9280273784420    
     1.76670000000000         44.9207342802430    
     1.76735000000000         44.9134556749514    
     1.76800000000000         44.9061915306374    
     1.76865000000000         44.8989418154484    
     1.76930000000000         44.8917064976083    
     1.76995000000000         44.8844855454178    
     1.77060000000000         44.8772789272540    
     1.77125000000000         44.8700866115701    
     1.77190000000000         44.8629085668955    
     1.77255000000000         44.8557447618352    
     1.77320000000000         44.8485951650701    
     1.77385000000000         44.8414597453562    
     1.77450000000000         44.8343384715250    
     1.77515000000000         44.8272313124828    
     1.77580000000000         44.8201382372109    
     1.77645000000000         44.8130592147651    
     1.77710000000000         44.8059942142757    
     1.77775000000000         44.7989432049474    
     1.77840000000000         44.7919061560586    
     1.77905000000000         44.7848830369618    
     1.77970000000000         44.7778738170832    
     1.78035000000000         44.7708784659223    
     1.78100000000000         44.7638969530519    
     1.78165000000000         44.7569292481181    
     1.78230000000000         44.7499753208397    
     1.78295000000000         44.7430351410082    
     1.78360000000000         44.7361086784876    
     1.78425000000000         44.7291959032144    
     1.78490000000000         44.7222967851972    
     1.78555000000000         44.7154112945163    
     1.78620000000000         44.7085394013240    
     1.78685000000000         44.7016810758441    
     1.78750000000000         44.6948362883719    
     1.78815000000000         44.6880050092738    
     1.78880000000000         44.6811872089871    
     1.78945000000000         44.6743828580201    
     1.79010000000000         44.6675919269518    
     1.79075000000000         44.6608143864315    
     1.79140000000000         44.6540502071788    
     1.79205000000000         44.6472993599836    
     1.79270000000000         44.6405618157054    
     1.79335000000000         44.6338375452737    
     1.79400000000000         44.6271265196874    
     1.79465000000000         44.6204287100148    
     1.79530000000000         44.6137440873935    
     1.79595000000000         44.6070726230299    
     1.79660000000000         44.6004142881995    
     1.79725000000000         44.5937690542462    
     1.79790000000000         44.5871368925825    
     1.79855000000000         44.5805177746892    
     1.79920000000000         44.5739116721152    
     1.79985000000000         44.5673185564773    
     1.80050000000000         44.5607383994602    
     1.80115000000000         44.5541711728160    
     1.80180000000000         44.5476168483645    
     1.80245000000000         44.5410753979923    
     1.80310000000000         44.5345467936535    
     1.80375000000000         44.5280310073688    
     1.80440000000000         44.5215280112259    
     1.80505000000000         44.5150377773787    
     1.80570000000000         44.5085602780478    
     1.80635000000000         44.5020954855198    
     1.80700000000000         44.4956433721474    
     1.80765000000000         44.4892039103492    
     1.80830000000000         44.4827770726093    
     1.80895000000000         44.4763628314777    
     1.80960000000000         44.4699611595693    
     1.81025000000000         44.4635720295645    
     1.81090000000000         44.4571954142085    
     1.81155000000000         44.4508312863116    
     1.81220000000000         44.4444796187486    
     1.81285000000000         44.4381403844587    
     1.81350000000000         44.4318135564458    
     1.81415000000000         44.4254991077776    
     1.81480000000000         44.4191970115860    
     1.81545000000000         44.4129072410668    
     1.81610000000000         44.4066297694794    
     1.81675000000000         44.4003645701466    
     1.81740000000000         44.3941116164548    
     1.81805000000000         44.3878708818533    
     1.81870000000000         44.3816423398548    
     1.81935000000000         44.3754259640345    
     1.82000000000000         44.3692217280306    
     1.82065000000000         44.3630296055436    
     1.82130000000000         44.3568495703365    
     1.82195000000000         44.3506815962345    
     1.82260000000000         44.3445256571248    
     1.82325000000000         44.3383817269567    
     1.82390000000000         44.3322497797410    
     1.82455000000000         44.3261297895503    
     1.82520000000000         44.3200217305183    
     1.82585000000000         44.3139255768404    
     1.82650000000000         44.3078413027727    
     1.82715000000000         44.3017688826324    
     1.82780000000000         44.2957082907978    
     1.82845000000000         44.2896595017072    
     1.82910000000000         44.2836224898600    
     1.82975000000000         44.2775972298156    
     1.83040000000000         44.2715836961936    
     1.83105000000000         44.2655818636737    
     1.83170000000000         44.2595917069953    
     1.83235000000000         44.2536132009578    
     1.83300000000000         44.2476463204199    
     1.83365000000000         44.2416910402998    
     1.83430000000000         44.2357473355749    
     1.83495000000000         44.2298151812818    
     1.83560000000000         44.2238945525160    
     1.83625000000000         44.2179854244316    
     1.83690000000000         44.2120877722417    
     1.83755000000000         44.2062015712177    
     1.83820000000000         44.2003267966893    
     1.83885000000000         44.1944634240446    
     1.83950000000000         44.1886114287294    
     1.84015000000000         44.1827707862478    
     1.84080000000000         44.1769414721613    
     1.84145000000000         44.1711234620892    
     1.84210000000000         44.1653167317084    
     1.84275000000000         44.1595212567527    
     1.84340000000000         44.1537370130133    
     1.84405000000000         44.1479639763385    
     1.84470000000000         44.1422021226334    
     1.84535000000000         44.1364514278596    
     1.84600000000000         44.1307118680357    
     1.84665000000000         44.1249834192363    
     1.84730000000000         44.1192660575927    
     1.84795000000000         44.1135597592920    
     1.84860000000000         44.1078645005775    
     1.84925000000000         44.1021802577484    
     1.84990000000000         44.0965070071594    
     1.85055000000000         44.0908447252209    
     1.85120000000000         44.0851933883988    
     1.85185000000000         44.0795529732142    
     1.85250000000000         44.0739234562435    
     1.85315000000000         44.0683048141178    
     1.85380000000000         44.0626970235234    
     1.85445000000000         44.0571000612012    
     1.85510000000000         44.0515139039466    
     1.85575000000000         44.0459385286096    
     1.85640000000000         44.0403739120945    
     1.85705000000000         44.0348200313597    
     1.85770000000000         44.0292768634176    
     1.85835000000000         44.0237443853347    
     1.85900000000000         44.0182225742310    
     1.85965000000000         44.0127114072804    
     1.86030000000000         44.0072108617101    
     1.86095000000000         44.0017209148007    
     1.86160000000000         43.9962415438859    
     1.86225000000000         43.9907727263529    
     1.86290000000000         43.9853144396413    
     1.86355000000000         43.9798666612438    
     1.86420000000000         43.9744293687059    
     1.86485000000000         43.9690025396254    
     1.86550000000000         43.9635861516526    
     1.86615000000000         43.9581801824902    
     1.86680000000000         43.9527846098928    
     1.86745000000000         43.9473994116672    
     1.86810000000000         43.9420245656720    
     1.86875000000000         43.9366600498177    
     1.86940000000000         43.9313058420662    
     1.87005000000000         43.9259619204310    
     1.87070000000000         43.9206282629770    
     1.87135000000000         43.9153048478203    
     1.87200000000000         43.9099916531280    
     1.87265000000000         43.9046886571183    
     1.87330000000000         43.8993958380602    
     1.87395000000000         43.8941131742734    
     1.87460000000000         43.8888406441282    
     1.87525000000000         43.8835782260452    
     1.87590000000000         43.8783258984957    
     1.87655000000000         43.8730836400008    
     1.87720000000000         43.8678514291319    
     1.87785000000000         43.8626292445103    
     1.87850000000000         43.8574170648071    
     1.87915000000000         43.8522148687431    
     1.87980000000000         43.8470226350886    
     1.88045000000000         43.8418403426635    
     1.88110000000000         43.8366679703369    
     1.88175000000000         43.8315054970272    
     1.88240000000000         43.8263529017016    
     1.88305000000000         43.8212101633766    
     1.88370000000000         43.8160772611174    
     1.88435000000000         43.8109541740378    
     1.88500000000000         43.8058408813002    
     1.88565000000000         43.8007373621155    
     1.88630000000000         43.7956435957430    
     1.88695000000000         43.7905595614901    
     1.88760000000000         43.7854852387123    
     1.88825000000000         43.7804206068131    
     1.88890000000000         43.7753656452438    
     1.88955000000000         43.7703203335035    
     1.89020000000000         43.7652846511389    
     1.89085000000000         43.7602585777441    
     1.89150000000000         43.7552420929607    
     1.89215000000000         43.7502351764773    
     1.89280000000000         43.7452378080300    
     1.89345000000000         43.7402499674015    
     1.89410000000000         43.7352716344217    
     1.89475000000000         43.7303027889672    
     1.89540000000000         43.7253434109611    
     1.89605000000000         43.7203934803732    
     1.89670000000000         43.7154529772198    
     1.89735000000000         43.7105218815632    
     1.89800000000000         43.7056001735122    
     1.89865000000000         43.7006878332215    
     1.89930000000000         43.6957848408918    
     1.89995000000000         43.6908911767697    
     1.90060000000000         43.6860068211473    
     1.90125000000000         43.6811317543627    
     1.90190000000000         43.6762659567991    
     1.90255000000000         43.6714094088853    
     1.90320000000000         43.6665620910953    
     1.90385000000000         43.6617239839484    
     1.90450000000000         43.6568950680087    
     1.90515000000000         43.6520753238854    
     1.90580000000000         43.6472647322325    
     1.90645000000000         43.6424632737485    
     1.90710000000000         43.6376709291769    
     1.90775000000000         43.6328876793053    
     1.90840000000000         43.6281135049658    
     1.90905000000000         43.6233483870348    
     1.90970000000000         43.6185923064329    
     1.91035000000000         43.6138452441245    
     1.91100000000000         43.6091071811182    
     1.91165000000000         43.6043780984662    
     1.91230000000000         43.5996579772646    
     1.91295000000000         43.5949467986529    
     1.91360000000000         43.5902445438142    
     1.91425000000000         43.5855511939750    
     1.91490000000000         43.5808667304051    
     1.91555000000000         43.5761911344173    
     1.91620000000000         43.5715243873676    
     1.91685000000000         43.5668664706548    
     1.91750000000000         43.5622173657208    
     1.91815000000000         43.5575770540500    
     1.91880000000000         43.5529455171696    
     1.91945000000000         43.5483227366490    
     1.92010000000000         43.5437086941004    
     1.92075000000000         43.5391033711782    
     1.92140000000000         43.5345067495788    
     1.92205000000000         43.5299188110409    
     1.92270000000000         43.5253395373452    
     1.92335000000000         43.5207689103142    
     1.92400000000000         43.5162069118121    
     1.92465000000000         43.5116535237451    
     1.92530000000000         43.5071087280606    
     1.92595000000000         43.5025725067476    
     1.92660000000000         43.4980448418367    
     1.92725000000000         43.4935257153994    
     1.92790000000000         43.4890151095487    
     1.92855000000000         43.4845130064383    
     1.92920000000000         43.4800193882632    
     1.92985000000000         43.4755342372590    
     1.93050000000000         43.4710575357023    
     1.93115000000000         43.4665892659101    
     1.93180000000000         43.4621294102402    
     1.93245000000000         43.4576779510905    
     1.93310000000000         43.4532348708997    
     1.93375000000000         43.4488001521465    
     1.93440000000000         43.4443737773496    
     1.93505000000000         43.4399557290681    
     1.93570000000000         43.4355459899008    
     1.93635000000000         43.4311445424864    
     1.93700000000000         43.4267513695035    
     1.93765000000000         43.4223664536702    
     1.93830000000000         43.4179897777441    
     1.93895000000000         43.4136213245225    
     1.93960000000000         43.4092610768417    
     1.94025000000000         43.4049090175777    
     1.94090000000000         43.4005651296454    
     1.94155000000000         43.3962293959987    
     1.94220000000000         43.3919017996306    
     1.94285000000000         43.3875823235730    
     1.94350000000000         43.3832709508966    
     1.94415000000000         43.3789676647106    
     1.94480000000000         43.3746724481629    
     1.94545000000000         43.3703852844400    
     1.94610000000000         43.3661061567667    
     1.94675000000000         43.3618350484059    
     1.94740000000000         43.3575719426591    
     1.94805000000000         43.3533168228656    
     1.94870000000000         43.3490696724028    
     1.94935000000000         43.3448304746862    
     1.95000000000000         43.3405992131688    
     1.95065000000000         43.3363758713416    
     1.95130000000000         43.3321604327332    
     1.95195000000000         43.3279528809096    
     1.95260000000000         43.3237531994745    
     1.95325000000000         43.3195613720686    
     1.95390000000000         43.3153773823704    
     1.95455000000000         43.3112012140950    
     1.95520000000000         43.3070328509950    
     1.95585000000000         43.3028722768599    
     1.95650000000000         43.2987194755160    
     1.95715000000000         43.2945744308264    
     1.95780000000000         43.2904371266912    
     1.95845000000000         43.2863075470468    
     1.95910000000000         43.2821856758663    
     1.95975000000000         43.2780714971593    
     1.96040000000000         43.2739649949716    
     1.96105000000000         43.2698661533855    
     1.96170000000000         43.2657749565191    
     1.96235000000000         43.2616913885272    
     1.96300000000000         43.2576154335999    
     1.96365000000000         43.2535470759638    
     1.96430000000000         43.2494862998810    
     1.96495000000000         43.2454330896495    
     1.96560000000000         43.2413874296028    
     1.96625000000000         43.2373493041101    
     1.96690000000000         43.2333186975760    
     1.96755000000000         43.2292955944406    
     1.96820000000000         43.2252799791791    
     1.96885000000000         43.2212718363022    
     1.96950000000000         43.2172711503554    
     1.97015000000000         43.2132779059195    
     1.97080000000000         43.2092920876101    
     1.97145000000000         43.2053136800778    
     1.97210000000000         43.2013426680079    
     1.97275000000000         43.1973790361204    
     1.97340000000000         43.1934227691700    
     1.97405000000000         43.1894738519458    
     1.97470000000000         43.1855322692714    
     1.97535000000000         43.1815980060049    
     1.97600000000000         43.1776710470383    
     1.97665000000000         43.1737513772983    
     1.97730000000000         43.1698389817453    
     1.97795000000000         43.1659338453739    
     1.97860000000000         43.1620359532126    
     1.97925000000000         43.1581452903237    
     1.97990000000000         43.1542618418035    
     1.98055000000000         43.1503855927818    
     1.98120000000000         43.1465165284219    
     1.98185000000000         43.1426546339209    
     1.98250000000000         43.1387998945092    
     1.98315000000000         43.1349522954506    
     1.98380000000000         43.1311118220421    
     1.98445000000000         43.1272784596140    
     1.98510000000000         43.1234521935297    
     1.98575000000000         43.1196330091855    
     1.98640000000000         43.1158208920109    
     1.98705000000000         43.1120158274681    
     1.98770000000000         43.1082178010522    
     1.98835000000000         43.1044267982909    
     1.98900000000000         43.1006428047446    
     1.98965000000000         43.0968658060063    
     1.99030000000000         43.0930957877014    
     1.99095000000000         43.0893327354877    
     1.99160000000000         43.0855766350553    
     1.99225000000000         43.0818274721268    
     1.99290000000000         43.0780852324565    
     1.99355000000000         43.0743499018311    
     1.99420000000000         43.0706214660693    
     1.99485000000000         43.0668999110216    
     1.99550000000000         43.0631852225704    
     1.99615000000000         43.0594773866299    
     1.99680000000000         43.0557763891459    
     1.99745000000000         43.0520822160960    
     1.99810000000000         43.0483948534891    
     1.99875000000000         43.0447142873657    
     1.99940000000000         43.0410405037977    
     2.00005000000000         43.0373734888882    
     2.00070000000000         43.0337132287717    
     2.00135000000000         43.0300597096137    
     2.00200000000000         43.0264129176109    
     2.00265000000000         43.0227728389909    
     2.00330000000000         43.0191394600122    
     2.00395000000000         43.0155127669643    
     2.00460000000000         43.0118927461674    
     2.00525000000000         43.0082793839723    
     2.00590000000000         43.0046726667607    
     2.00655000000000         43.0010725809447    
     2.00720000000000         42.9974791129667    
     2.00785000000000         42.9938922492997    
     2.00850000000000         42.9903119764471    
     2.00915000000000         42.9867382809425    
     2.00980000000000         42.9831711493495    
     2.01045000000000         42.9796105682620    
     2.01110000000000         42.9760565243040    
     2.01175000000000         42.9725090041293    
     2.01240000000000         42.9689679944217    
     2.01305000000000         42.9654334818946    
     2.01370000000000         42.9619054532916    
     2.01435000000000         42.9583838953855    
     2.01500000000000         42.9548687949789    
     2.01565000000000         42.9513601389040    
     2.01630000000000         42.9478579140225    
     2.01695000000000         42.9443621072251    
     2.01760000000000         42.9408727054324    
     2.01825000000000         42.9373896955938    
     2.01890000000000         42.9339130646880    
     2.01955000000000         42.9304427997229    
     2.02020000000000         42.9269788877353    
     2.02085000000000         42.9235213157911    
     2.02150000000000         42.9200700709849    
     2.02215000000000         42.9166251404404    
     2.02280000000000         42.9131865113097    
     2.02345000000000         42.9097541707740    
     2.02410000000000         42.9063281060428    
     2.02475000000000         42.9029083043542    
     2.02540000000000         42.8994947529748    
     2.02605000000000         42.8960874391997    
     2.02670000000000         42.8926863503523    
     2.02735000000000         42.8892914737842    
     2.02800000000000         42.8859027968751    
     2.02865000000000         42.8825203070332    
     2.02930000000000         42.8791439916944    
     2.02995000000000         42.8757738383228    
     2.03060000000000         42.8724098344104    
     2.03125000000000         42.8690519674769    
     2.03190000000000         42.8657002250700    
     2.03255000000000         42.8623545947651    
     2.03320000000000         42.8590150641652    
     2.03385000000000         42.8556816209009    
     2.03450000000000         42.8523542526303    
     2.03515000000000         42.8490329470391    
     2.03580000000000         42.8457176918403    
     2.03645000000000         42.8424084747741    
     2.03710000000000         42.8391052836083    
     2.03775000000000         42.8358081061375    
     2.03840000000000         42.8325169301837    
     2.03905000000000         42.8292317435960    
     2.03970000000000         42.8259525342503    
     2.04035000000000         42.8226792900495    
     2.04100000000000         42.8194119989235    
     2.04165000000000         42.8161506488288    
     2.04230000000000         42.8128952277489    
     2.04295000000000         42.8096457236938    
     2.04360000000000         42.8064021247001    
     2.04425000000000         42.8031644188310    
     2.04490000000000         42.7999325941763    
     2.04555000000000         42.7967066388520    
     2.04620000000000         42.7934865410006    
     2.04685000000000         42.7902722887910    
     2.04750000000000         42.7870638704180    
     2.04815000000000         42.7838612741029    
     2.04880000000000         42.7806644880929    
     2.04945000000000         42.7774735006614    
     2.05010000000000         42.7742883001077    
     2.05075000000000         42.7711088747570    
     2.05140000000000         42.7679352129603    
     2.05205000000000         42.7647673030947    
     2.05270000000000         42.7616051335626    
     2.05335000000000         42.7584486927924    
     2.05400000000000         42.7552979692380    
     2.05465000000000         42.7521529513788    
     2.05530000000000         42.7490136277197    
     2.05595000000000         42.7458799867911    
     2.05660000000000         42.7427520171487    
     2.05725000000000         42.7396297073735    
     2.05790000000000         42.7365130460719    
     2.05855000000000         42.7334020218752    
     2.05920000000000         42.7302966234400    
     2.05985000000000         42.7271968394480    
     2.06050000000000         42.7241026586058    
     2.06115000000000         42.7210140696450    
     2.06180000000000         42.7179310613221    
     2.06245000000000         42.7148536224183    
     2.06310000000000         42.7117817417397    
     2.06375000000000         42.7087154081171    
     2.06440000000000         42.7056546104058    
     2.06505000000000         42.7025993374859    
     2.06570000000000         42.6995495782619    
     2.06635000000000         42.6965053216628    
     2.06700000000000         42.6934665566419    
     2.06765000000000         42.6904332721770    
     2.06830000000000         42.6874054572702    
     2.06895000000000         42.6843831009477    
     2.06960000000000         42.6813661922601    
     2.07025000000000         42.6783547202818    
     2.07090000000000         42.6753486741116    
     2.07155000000000         42.6723480428721    
     2.07220000000000         42.6693528157098    
     2.07285000000000         42.6663629817954    
     2.07350000000000         42.6633785303230    
     2.07415000000000         42.6603994505108    
     2.07480000000000         42.6574257316007    
     2.07545000000000         42.6544573628581    
     2.07610000000000         42.6514943335721    
     2.07675000000000         42.6485366330553    
     2.07740000000000         42.6455842506440    
     2.07805000000000         42.6426371756976    
     2.07870000000000         42.6396953975991    
     2.07935000000000         42.6367589057549    
     2.08000000000000         42.6338276895945    
     2.08065000000000         42.6309017385707    
     2.08130000000000         42.6279810421593    
     2.08195000000000         42.6250655898596    
     2.08260000000000         42.6221553711935    
     2.08325000000000         42.6192503757061    
     2.08390000000000         42.6163505929655    
     2.08455000000000         42.6134560125627    
     2.08520000000000         42.6105666241113    
     2.08585000000000         42.6076824172480    
     2.08650000000000         42.6048033816319    
     2.08715000000000         42.6019295069450    
     2.08780000000000         42.5990607828918    
     2.08845000000000         42.5961971991996    
     2.08910000000000         42.5933387456177    
     2.08975000000000         42.5904854119184    
     2.09040000000000         42.5876371878962    
     2.09105000000000         42.5847940633678    
     2.09170000000000         42.5819560281723    
     2.09235000000000         42.5791230721712    
     2.09300000000000         42.5762951852479    
     2.09365000000000         42.5734723573083    
     2.09430000000000         42.5706545782799    
     2.09495000000000         42.5678418381128    
     2.09560000000000         42.5650341267785    
     2.09625000000000         42.5622314342710    
     2.09690000000000         42.5594337506057    
     2.09755000000000         42.5566410658200    
     2.09820000000000         42.5538533699733    
     2.09885000000000         42.5510706531463    
     2.09950000000000         42.5482929054417    
     2.10015000000000         42.5455201169836    
     2.10080000000000         42.5427522779179    
     2.10145000000000         42.5399893784118    
     2.10210000000000         42.5372314086540    
     2.10275000000000         42.5344783588548    
     2.10340000000000         42.5317302192456    
     2.10405000000000         42.5289869800793    
     2.10470000000000         42.5262486316300    
     2.10535000000000         42.5235151641930    
     2.10600000000000         42.5207865680848    
     2.10665000000000         42.5180628336430    
     2.10730000000000         42.5153439512262    
     2.10795000000000         42.5126299112141    
     2.10860000000000         42.5099207040073    
     2.10925000000000         42.5072163200274    
     2.10990000000000         42.5045167497167    
     2.11055000000000         42.5018219835386    
     2.11120000000000         42.4991320119769    
     2.11185000000000         42.4964468255363    
     2.11250000000000         42.4937664147424    
     2.11315000000000         42.4910907701409    
     2.11380000000000         42.4884198822985    
     2.11445000000000         42.4857537418023    
     2.11510000000000         42.4830923392599    
     2.11575000000000         42.4804356652991    
     2.11640000000000         42.4777837105684    
     2.11705000000000         42.4751364657364    
     2.11770000000000         42.4724939214921    
     2.11835000000000         42.4698560685447    
     2.11900000000000         42.4672228976236    
     2.11965000000000         42.4645943994783    
     2.12030000000000         42.4619705648784    
     2.12095000000000         42.4593513846136    
     2.12160000000000         42.4567368494934    
     2.12225000000000         42.4541269503477    
     2.12290000000000         42.4515216780257    
     2.12355000000000         42.4489210233969    
     2.12420000000000         42.4463249773504    
     2.12485000000000         42.4437335307952    
     2.12550000000000         42.4411466746598    
     2.12615000000000         42.4385643998927    
     2.12680000000000         42.4359866974618    
     2.12745000000000         42.4334135583544    
     2.12810000000000         42.4308449735778    
     2.12875000000000         42.4282809341584    
     2.12940000000000         42.4257214311421    
     2.13005000000000         42.4231664555944    
     2.13070000000000         42.4206159985999    
     2.13135000000000         42.4180700512626    
     2.13200000000000         42.4155286047058    
     2.13265000000000         42.4129916500720    
     2.13330000000000         42.4104591785228    
     2.13395000000000         42.4079311812389    
     2.13460000000000         42.4054076494203    
     2.13525000000000         42.4028885742857    
     2.13590000000000         42.4003739470731    
     2.13655000000000         42.3978637590392    
     2.13720000000000         42.3953580014597    
     2.13785000000000         42.3928566656292    
     2.13850000000000         42.3903597428610    
     2.13915000000000         42.3878672244873    
     2.13980000000000         42.3853791018589    
     2.14045000000000         42.3828953663453    
     2.14110000000000         42.3804160093347    
     2.14175000000000         42.3779410222339    
     2.14240000000000         42.3754703964681    
     2.14305000000000         42.3730041234811    
     2.14370000000000         42.3705421947353    
     2.14435000000000         42.3680846017112    
     2.14500000000000         42.3656313359080    
     2.14565000000000         42.3631823888430    
     2.14630000000000         42.3607377520519    
     2.14695000000000         42.3582974170886    
     2.14760000000000         42.3558613755252    
     2.14825000000000         42.3534296189520    
     2.14890000000000         42.3510021389774    
     2.14955000000000         42.3485789272279    
     2.15020000000000         42.3461599753479    
     2.15085000000000         42.3437452750001    
     2.15150000000000         42.3413348178647    
     2.15215000000000         42.3389285956402    
     2.15280000000000         42.3365266000428    
     2.15345000000000         42.3341288228065    
     2.15410000000000         42.3317352556832    
     2.15475000000000         42.3293458904424    
     2.15540000000000         42.3269607188713    
     2.15605000000000         42.3245797327750    
     2.15670000000000         42.3222029239758    
     2.15735000000000         42.3198302843140    
     2.15800000000000         42.3174618056472    
     2.15865000000000         42.3150974798505    
     2.15930000000000         42.3127372988165    
     2.15995000000000         42.3103812544552    
     2.16060000000000         42.3080293386940    
     2.16125000000000         42.3056815434776    
     2.16190000000000         42.3033378607680    
     2.16255000000000         42.3009982825444    
     2.16320000000000         42.2986628008033    
     2.16385000000000         42.2963314075584    
     2.16450000000000         42.2940040948403    
     2.16515000000000         42.2916808546970    
     2.16580000000000         42.2893616791933    
     2.16645000000000         42.2870465604111    
     2.16710000000000         42.2847354904493    
     2.16775000000000         42.2824284614238    
     2.16840000000000         42.2801254654672    
     2.16905000000000         42.2778264947291    
     2.16970000000000         42.2755315413759    
     2.17035000000000         42.2732405975907    
     2.17100000000000         42.2709536555734    
     2.17165000000000         42.2686707075406    
     2.17230000000000         42.2663917457255    
     2.17295000000000         42.2641167623780    
     2.17360000000000         42.2618457497645    
     2.17425000000000         42.2595787001680    
     2.17490000000000         42.2573156058881    
     2.17555000000000         42.2550564592405    
     2.17620000000000         42.2528012525578    
     2.17685000000000         42.2505499781886    
     2.17750000000000         42.2483026284982    
     2.17815000000000         42.2460591958679    
     2.17880000000000         42.2438196726955    
     2.17945000000000         42.2415840513949    
     2.18010000000000         42.2393523243963    
     2.18075000000000         42.2371244841459    
     2.18140000000000         42.2349005231062    
     2.18205000000000         42.2326804337558    
     2.18270000000000         42.2304642085892    
     2.18335000000000         42.2282518401170    
     2.18400000000000         42.2260433208657    
     2.18465000000000         42.2238386433779    
     2.18530000000000         42.2216378002120    
     2.18595000000000         42.2194407839423    
     2.18660000000000         42.2172475871588    
     2.18725000000000         42.2150582024675    
     2.18790000000000         42.2128726224900    
     2.18855000000000         42.2106908398637    
     2.18920000000000         42.2085128472416    
     2.18985000000000         42.2063386372925    
     2.19050000000000         42.2041682027006    
     2.19115000000000         42.2020015361658    
     2.19180000000000         42.1998386304036    
     2.19245000000000         42.1976794781450    
     2.19310000000000         42.1955240721362    
     2.19375000000000         42.1933724051391    
     2.19440000000000         42.1912244699310    
     2.19505000000000         42.1890802593044    
     2.19570000000000         42.1869397660672    
     2.19635000000000         42.1848029830427    
     2.19700000000000         42.1826699030692    
     2.19765000000000         42.1805405190005    
     2.19830000000000         42.1784148237054    
     2.19895000000000         42.1762928100679    
     2.19960000000000         42.1741744709872    
     2.20025000000000         42.1720597993773    
     2.20090000000000         42.1699487881677    
     2.20155000000000         42.1678414303024    
     2.20220000000000         42.1657377187408    
     2.20285000000000         42.1636376464569    
     2.20350000000000         42.1615412064399    
     2.20415000000000         42.1594483916938    
     2.20480000000000         42.1573591952372    
     2.20545000000000         42.1552736101038    
     2.20610000000000         42.1531916293419    
     2.20675000000000         42.1511132460146    
     2.20740000000000         42.1490384531997    
     2.20805000000000         42.1469672439896    
     2.20870000000000         42.1448996114915    
     2.20935000000000         42.1428355488270    
     2.21000000000000         42.1407750491324    
     2.21065000000000         42.1387181055585    
     2.21130000000000         42.1366647112705    
     2.21195000000000         42.1346148594482    
     2.21260000000000         42.1325685432859    
     2.21325000000000         42.1305257559920    
     2.21390000000000         42.1284864907895    
     2.21455000000000         42.1264507409158    
     2.21520000000000         42.1244184996224    
     2.21585000000000         42.1223897601751    
     2.21650000000000         42.1203645158541    
     2.21715000000000         42.1183427599537    
     2.21780000000000         42.1163244857823    
     2.21845000000000         42.1143096866625    
     2.21910000000000         42.1122983559310    
     2.21975000000000         42.1102904869386    
     2.22040000000000         42.1082860730501    
     2.22105000000000         42.1062851076444    
     2.22170000000000         42.1042875841143    
     2.22235000000000         42.1022934958664    
     2.22300000000000         42.1003028363215    
     2.22365000000000         42.0983155989141    
     2.22430000000000         42.0963317770926    
     2.22495000000000         42.0943513643192    
     2.22560000000000         42.0923743540698    
     2.22625000000000         42.0904007398343    
     2.22690000000000         42.0884305151161    
     2.22755000000000         42.0864636734323    
     2.22820000000000         42.0845002083137    
     2.22885000000000         42.0825401133049    
     2.22950000000000         42.0805833819638    
     2.23015000000000         42.0786300078621    
     2.23080000000000         42.0766799845848    
     2.23145000000000         42.0747333057307    
     2.23210000000000         42.0727899649118    
     2.23275000000000         42.0708499557538    
     2.23340000000000         42.0689132718955    
     2.23405000000000         42.0669799069893    
     2.23470000000000         42.0650498547010    
     2.23535000000000         42.0631231087095    
     2.23600000000000         42.0611996627071    
     2.23665000000000         42.0592795103995    
     2.23730000000000         42.0573626455055    
     2.23795000000000         42.0554490617569    
     2.23860000000000         42.0535387528990    
     2.23925000000000         42.0516317126901    
     2.23990000000000         42.0497279349016    
     2.24055000000000         42.0478274133180    
     2.24120000000000         42.0459301417368    
     2.24185000000000         42.0440361139685    
     2.24250000000000         42.0421453238368    
     2.24315000000000         42.0402577651781    
     2.24380000000000         42.0383734318419    
     2.24445000000000         42.0364923176904    
     2.24510000000000         42.0346144165990    
     2.24575000000000         42.0327397224556    
     2.24640000000000         42.0308682291611    
     2.24705000000000         42.0289999306291    
     2.24770000000000         42.0271348207861    
     2.24835000000000         42.0252728935712    
     2.24900000000000         42.0234141429361    
     2.24965000000000         42.0215585628454    
     2.25030000000000         42.0197061472762    
     2.25095000000000         42.0178568902182    
     2.25160000000000         42.0160107856738    
     2.25225000000000         42.0141678276577    
     2.25290000000000         42.0123280101975    
     2.25355000000000         42.0104913273329    
     2.25420000000000         42.0086577731164    
     2.25485000000000         42.0068273416127    
     2.25550000000000         42.0050000268991    
     2.25615000000000         42.0031758230650    
     2.25680000000000         42.0013547242126    
     2.25745000000000         41.9995367244559    
     2.25810000000000         41.9977218179216    
     2.25875000000000         41.9959099987486    
     2.25940000000000         41.9941012610878    
     2.26005000000000         41.9922955991026    
     2.26070000000000         41.9904930069684    
     2.26135000000000         41.9886934788730    
     2.26200000000000         41.9868970090159    
     2.26265000000000         41.9851035916093    
     2.26330000000000         41.9833132208769    
     2.26395000000000         41.9815258910547    
     2.26460000000000         41.9797415963909    
     2.26525000000000         41.9779603311453    
     2.26590000000000         41.9761820895900    
     2.26655000000000         41.9744068660090    
     2.26720000000000         41.9726346546979    
     2.26785000000000         41.9708654499646    
     2.26850000000000         41.9690992461287    
     2.26915000000000         41.9673360375215    
     2.26980000000000         41.9655758184862    
     2.27045000000000         41.9638185833779    
     2.27110000000000         41.9620643265633    
     2.27175000000000         41.9603130424209    
     2.27240000000000         41.9585647253408    
     2.27305000000000         41.9568193697249    
     2.27370000000000         41.9550769699867    
     2.27435000000000         41.9533375205514    
     2.27500000000000         41.9516010158555    
     2.27565000000000         41.9498674503474    
     2.27630000000000         41.9481368184869    
     2.27695000000000         41.9464091147453    
     2.27760000000000         41.9446843336055    
     2.27825000000000         41.9429624695616    
     2.27890000000000         41.9412435171196    
     2.27955000000000         41.9395274707964    
     2.28020000000000         41.9378143251206    
     2.28085000000000         41.9361040746321    
     2.28150000000000         41.9343967138821    
     2.28215000000000         41.9326922374331    
     2.28280000000000         41.9309906398588    
     2.28345000000000         41.9292919157445    
     2.28410000000000         41.9275960596863    
     2.28475000000000         41.9259030662918    
     2.28540000000000         41.9242129301796    
     2.28605000000000         41.9225256459797    
     2.28670000000000         41.9208412083329    
     2.28735000000000         41.9191596118913    
     2.28800000000000         41.9174808513182    
     2.28865000000000         41.9158049212876    
     2.28930000000000         41.9141318164850    
     2.28995000000000         41.9124615316064    
     2.29060000000000         41.9107940613592    
     2.29125000000000         41.9091294004616    
     2.29190000000000         41.9074675436426    
     2.29255000000000         41.9058084856424    
     2.29320000000000         41.9041522212118    
     2.29385000000000         41.9024987451126    
     2.29450000000000         41.9008480521174    
     2.29515000000000         41.8992001370096    
     2.29580000000000         41.8975549945835    
     2.29645000000000         41.8959126196441    
     2.29710000000000         41.8942730070069    
     2.29775000000000         41.8926361514985    
     2.29840000000000         41.8910020479559    
     2.29905000000000         41.8893706912270    
     2.29970000000000         41.8877420761701    
     2.30035000000000         41.8861161976542    
     2.30100000000000         41.8844930505591    
     2.30165000000000         41.8828726297748    
     2.30230000000000         41.8812549302022    
     2.30295000000000         41.8796399467525    
     2.30360000000000         41.8780276743474    
     2.30425000000000         41.8764181079193    
     2.30490000000000         41.8748112424107    
     2.30555000000000         41.8732070727748    
     2.30620000000000         41.8716055939752    
     2.30685000000000         41.8700068009856    
     2.30750000000000         41.8684106887905    
     2.30815000000000         41.8668172523843    
     2.30880000000000         41.8652264867720    
     2.30945000000000         41.8636383869689    
     2.31010000000000         41.8620529480002    
     2.31075000000000         41.8604701649019    
     2.31140000000000         41.8588900327196    
     2.31205000000000         41.8573125465098    
     2.31270000000000         41.8557377013385    
     2.31335000000000         41.8541654922822    
     2.31400000000000         41.8525959144275    
     2.31465000000000         41.8510289628712    
     2.31530000000000         41.8494646327199    
     2.31595000000000         41.8479029190905    
     2.31660000000000         41.8463438171098    
     2.31725000000000         41.8447873219148    
     2.31790000000000         41.8432334286523    
     2.31855000000000         41.8416821324791    
     2.31920000000000         41.8401334285620    
     2.31985000000000         41.8385873120778    
     2.32050000000000         41.8370437782131    
     2.32115000000000         41.8355028221643    
     2.32180000000000         41.8339644391379    
     2.32245000000000         41.8324286243500    
     2.32310000000000         41.8308953730267    
     2.32375000000000         41.8293646804037    
     2.32440000000000         41.8278365417267    
     2.32505000000000         41.8263109522510    
     2.32570000000000         41.8247879072416    
     2.32635000000000         41.8232674019733    
     2.32700000000000         41.8217494317307    
     2.32765000000000         41.8202339918077    
     2.32830000000000         41.8187210775082    
     2.32895000000000         41.8172106841455    
     2.32960000000000         41.8157028070426    
     2.33025000000000         41.8141974415322    
     2.33090000000000         41.8126945829562    
     2.33155000000000         41.8111942266664    
     2.33220000000000         41.8096963680239    
     2.33285000000000         41.8082010023993    
     2.33350000000000         41.8067081251729    
     2.33415000000000         41.8052177317341    
     2.33480000000000         41.8037298174821    
     2.33545000000000         41.8022443778251    
     2.33610000000000         41.8007614081810    
     2.33675000000000         41.7992809039771    
     2.33740000000000         41.7978028606497    
     2.33805000000000         41.7963272736448    
     2.33870000000000         41.7948541384175    
     2.33935000000000         41.7933834504322    
     2.34000000000000         41.7919152051627    
     2.34065000000000         41.7904493980918    
     2.34130000000000         41.7889860247117    
     2.34195000000000         41.7875250805238    
     2.34260000000000         41.7860665610386    
     2.34325000000000         41.7846104617758    
     2.34390000000000         41.7831567782642    
     2.34455000000000         41.7817055060419    
     2.34520000000000         41.7802566406559    
     2.34585000000000         41.7788101776623    
     2.34650000000000         41.7773661126263    
     2.34715000000000         41.7759244411222    
     2.34780000000000         41.7744851587332    
     2.34845000000000         41.7730482610515    
     2.34910000000000         41.7716137436785    
     2.34975000000000         41.7701816022242    
     2.35040000000000         41.7687518323079    
     2.35105000000000         41.7673244295576    
     2.35170000000000         41.7658993896103    
     2.35235000000000         41.7644767081117    
     2.35300000000000         41.7630563807166    
     2.35365000000000         41.7616384030885    
     2.35430000000000         41.7602227708997    
     2.35495000000000         41.7588094798315    
     2.35560000000000         41.7573985255738    
     2.35625000000000         41.7559899038252    
     2.35690000000000         41.7545836102932    
     2.35755000000000         41.7531796406940    
     2.35820000000000         41.7517779907525    
     2.35885000000000         41.7503786562021    
     2.35950000000000         41.7489816327853    
     2.36015000000000         41.7475869162527    
     2.36080000000000         41.7461945023639    
     2.36145000000000         41.7448043868871    
     2.36210000000000         41.7434165655989    
     2.36275000000000         41.7420310342845    
     2.36340000000000         41.7406477887379    
     2.36405000000000         41.7392668247614    
     2.36470000000000         41.7378881381658    
     2.36535000000000         41.7365117247705    
     2.36600000000000         41.7351375804033    
     2.36665000000000         41.7337657009006    
     2.36730000000000         41.7323960821071    
     2.36795000000000         41.7310287198759    
     2.36860000000000         41.7296636100686    
     2.36925000000000         41.7283007485551    
     2.36990000000000         41.7269401312138    
     2.37055000000000         41.7255817539313    
     2.37120000000000         41.7242256126025    
     2.37185000000000         41.7228717031309    
     2.37250000000000         41.7215200214279    
     2.37315000000000         41.7201705634134    
     2.37380000000000         41.7188233250155    
     2.37445000000000         41.7174783021706    
     2.37510000000000         41.7161354908233    
     2.37575000000000         41.7147948869262    
     2.37640000000000         41.7134564864405    
     2.37705000000000         41.7121202853351    
     2.37770000000000         41.7107862795873    
     2.37835000000000         41.7094544651825    
     2.37900000000000         41.7081248381143    
     2.37965000000000         41.7067973943841    
     2.38030000000000         41.7054721300017    
     2.38095000000000         41.7041490409849    
     2.38160000000000         41.7028281233592    
     2.38225000000000         41.7015093731587    
     2.38290000000000         41.7001927864249    
     2.38355000000000         41.6988783592078    
     2.38420000000000         41.6975660875650    
     2.38485000000000         41.6962559675622    
     2.38550000000000         41.6949479952731    
     2.38615000000000         41.6936421667792    
     2.38680000000000         41.6923384781700    
     2.38745000000000         41.6910369255427    
     2.38810000000000         41.6897375050026    
     2.38875000000000         41.6884402126628    
     2.38940000000000         41.6871450446440    
     2.39005000000000         41.6858519970749    
     2.39070000000000         41.6845610660921    
     2.39135000000000         41.6832722478397    
     2.39200000000000         41.6819855384699    
     2.39265000000000         41.6807009341423    
     2.39330000000000         41.6794184310244    
     2.39395000000000         41.6781380252915    
     2.39460000000000         41.6768597131264    
     2.39525000000000         41.6755834907197    
     2.39590000000000         41.6743093542696    
     2.39655000000000         41.6730372999820    
     2.39720000000000         41.6717673240704    
     2.39785000000000         41.6704994227559    
     2.39850000000000         41.6692335922671    
     2.39915000000000         41.6679698288405    
     2.39980000000000         41.6667081287197    
     2.40045000000000         41.6654484881562    
     2.40110000000000         41.6641909034089    
     2.40175000000000         41.6629353707442    
     2.40240000000000         41.6616818864359    
     2.40305000000000         41.6604304467656    
     2.40370000000000         41.6591810480220    
     2.40435000000000         41.6579336865014    
     2.40500000000000         41.6566883585076    
     2.40565000000000         41.6554450603516    
     2.40630000000000         41.6542037883521    
     2.40695000000000         41.6529645388348    
     2.40760000000000         41.6517273081332    
     2.40825000000000         41.6504920925877    
     2.40890000000000         41.6492588885464    
     2.40955000000000         41.6480276923645    
     2.41020000000000         41.6467985004045    
     2.41085000000000         41.6455713090364    
     2.41150000000000         41.6443461146373    
     2.41215000000000         41.6431229135914    
     2.41280000000000         41.6419017022905    
     2.41345000000000         41.6406824771333    
     2.41410000000000         41.6394652345259    
     2.41475000000000         41.6382499708815    
     2.41540000000000         41.6370366826204    
     2.41605000000000         41.6358253661703    
     2.41670000000000         41.6346160179657    
     2.41735000000000         41.6334086344487    
     2.41800000000000         41.6322032120679    
     2.41865000000000         41.6309997472796    
     2.41930000000000         41.6297982365467    
     2.41995000000000         41.6285986763395    
     2.42060000000000         41.6274010631351    
     2.42125000000000         41.6262053934178    
     2.42190000000000         41.6250116636789    
     2.42255000000000         41.6238198704167    
     2.42320000000000         41.6226300101363    
     2.42385000000000         41.6214420793501    
     2.42450000000000         41.6202560745772    
     2.42515000000000         41.6190719923438    
     2.42580000000000         41.6178898291829    
     2.42645000000000         41.6167095816344    
     2.42710000000000         41.6155312462453    
     2.42775000000000         41.6143548195693    
     2.42840000000000         41.6131802981669    
     2.42905000000000         41.6120076786058    
     2.42970000000000         41.6108369574601    
     2.43035000000000         41.6096681313110    
     2.43100000000000         41.6085011967465    
     2.43165000000000         41.6073361503612    
     2.43230000000000         41.6061729887567    
     2.43295000000000         41.6050117085413    
     2.43360000000000         41.6038523063299    
     2.43425000000000         41.6026947787443    
     2.43490000000000         41.6015391224130    
     2.43555000000000         41.6003853339711    
     2.43620000000000         41.5992334100606    
     2.43685000000000         41.5980833473299    
     2.43750000000000         41.5969351424343    
     2.43815000000000         41.5957887920357    
     2.43880000000000         41.5946442928024    
     2.43945000000000         41.5935016414096    
     2.44010000000000         41.5923608345390    
     2.44075000000000         41.5912218688790    
     2.44140000000000         41.5900847411243    
     2.44205000000000         41.5889494479763    
     2.44270000000000         41.5878159861432    
     2.44335000000000         41.5866843523394    
     2.44400000000000         41.5855545432858    
     2.44465000000000         41.5844265557101    
     2.44530000000000         41.5833003863463    
     2.44595000000000         41.5821760319348    
     2.44660000000000         41.5810534892227    
     2.44725000000000         41.5799327549633    
     2.44790000000000         41.5788138259164    
     2.44855000000000         41.5776966988484    
     2.44920000000000         41.5765813705319    
     2.44985000000000         41.5754678377460    
     2.45050000000000         41.5743560972761    
     2.45115000000000         41.5732461459140    
     2.45180000000000         41.5721379804578    
     2.45245000000000         41.5710315977122    
     2.45310000000000         41.5699269944878    
     2.45375000000000         41.5688241676018    
     2.45440000000000         41.5677231138776    
     2.45505000000000         41.5666238301450    
     2.45570000000000         41.5655263132399    
     2.45635000000000         41.5644305600046    
     2.45700000000000         41.5633365672875    
     2.45765000000000         41.5622443319433    
     2.45830000000000         41.5611538508330    
     2.45895000000000         41.5600651208237    
     2.45960000000000         41.5589781387886    
     2.46025000000000         41.5578929016073    
     2.46090000000000         41.5568094061654    
     2.46155000000000         41.5557276493547    
     2.46220000000000         41.5546476280732    
     2.46285000000000         41.5535693392248    
     2.46350000000000         41.5524927797198    
     2.46415000000000         41.5514179464745    
     2.46480000000000         41.5503448364110    
     2.46545000000000         41.5492734464580    
     2.46610000000000         41.5482037735498    
     2.46675000000000         41.5471358146269    
     2.46740000000000         41.5460695666359    
     2.46805000000000         41.5450050265294    
     2.46870000000000         41.5439421912659    
     2.46935000000000         41.5428810578099    
     2.47000000000000         41.5418216231321    
     2.47065000000000         41.5407638842088    
     2.47130000000000         41.5397078380226    
     2.47195000000000         41.5386534815618    
     2.47260000000000         41.5376008118208    
     2.47325000000000         41.5365498257998    
     2.47390000000000         41.5355005205050    
     2.47455000000000         41.5344528929483    
     2.47520000000000         41.5334069401477    
     2.47585000000000         41.5323626591270    
     2.47650000000000         41.5313200469157    
     2.47715000000000         41.5302791005493    
     2.47780000000000         41.5292398170691    
     2.47845000000000         41.5282021935223    
     2.47910000000000         41.5271662269616    
     2.47975000000000         41.5261319144459    
     2.48040000000000         41.5250992530395    
     2.48105000000000         41.5240682398127    
     2.48170000000000         41.5230388718415    
     2.48235000000000         41.5220111462076    
     2.48300000000000         41.5209850599984    
     2.48365000000000         41.5199606103071    
     2.48430000000000         41.5189377942327    
     2.48495000000000         41.5179166088796    
     2.48560000000000         41.5168970513580    
     2.48625000000000         41.5158791187839    
     2.48690000000000         41.5148628082789    
     2.48755000000000         41.5138481169701    
     2.48820000000000         41.5128350419904    
     2.48885000000000         41.5118235804781    
     2.48950000000000         41.5108137295775    
     2.49015000000000         41.5098054864380    
     2.49080000000000         41.5087988482150    
     2.49145000000000         41.5077938120691    
     2.49210000000000         41.5067903751669    
     2.49275000000000         41.5057885346802    
     2.49340000000000         41.5047882877864    
     2.49405000000000         41.5037896316684    
     2.49470000000000         41.5027925635148    
     2.49535000000000         41.5017970805195    
     2.49600000000000         41.5008031798820    
     2.49665000000000         41.4998108588072    
     2.49730000000000         41.4988201145054    
     2.49795000000000         41.4978309441926    
     2.49860000000000         41.4968433450900    
     2.49925000000000         41.4958573144244    
     2.49990000000000         41.4948728494278    
     2.50055000000000         41.4938899473378    
     2.50120000000000         41.4929086053973    
     2.50185000000000         41.4919288208547    
     2.50250000000000         41.4909505909636    
     2.50315000000000         41.4899739129831    
     2.50380000000000         41.4889987841775    
     2.50445000000000         41.4880252018166    
     2.50510000000000         41.4870531631755    
     2.50575000000000         41.4860826655345    
     2.50640000000000         41.4851137061792    
     2.50705000000000         41.4841462824007    
     2.50770000000000         41.4831803914952    
     2.50835000000000         41.4822160307642    
     2.50900000000000         41.4812531975145    
     2.50965000000000         41.4802918890580    
     2.51030000000000         41.4793321027121    
     2.51095000000000         41.4783738357992    
     2.51160000000000         41.4774170856470    
     2.51225000000000         41.4764618495883    
     2.51290000000000         41.4755081249614    
     2.51355000000000         41.4745559091093    
     2.51420000000000         41.4736051993806    
     2.51485000000000         41.4726559931288    
     2.51550000000000         41.4717082877128    
     2.51615000000000         41.4707620804962    
     2.51680000000000         41.4698173688482    
     2.51745000000000         41.4688741501429    
     2.51810000000000         41.4679324217594    
     2.51875000000000         41.4669921810820    
     2.51940000000000         41.4660534255002    
     2.52005000000000         41.4651161524085    
     2.52070000000000         41.4641803592062    
     2.52135000000000         41.4632460432980    
     2.52200000000000         41.4623132020936    
     2.52265000000000         41.4613818330074    
     2.52330000000000         41.4604519334592    
     2.52395000000000         41.4595235008737    
     2.52460000000000         41.4585965326804    
     2.52525000000000         41.4576710263141    
     2.52590000000000         41.4567469792143    
     2.52655000000000         41.4558243888256    
     2.52720000000000         41.4549032525975    
     2.52785000000000         41.4539835679846    
     2.52850000000000         41.4530653324461    
     2.52915000000000         41.4521485434466    
     2.52980000000000         41.4512331984551    
     2.53045000000000         41.4503192949458    
     2.53110000000000         41.4494068303978    
     2.53175000000000         41.4484958022950    
     2.53240000000000         41.4475862081262    
     2.53305000000000         41.4466780453849    
     2.53370000000000         41.4457713115698    
     2.53435000000000         41.4448660041840    
     2.53500000000000         41.4439621207359    
     2.53565000000000         41.4430596587384    
     2.53630000000000         41.4421586157092    
     2.53695000000000         41.4412589891710    
     2.53760000000000         41.4403607766511    
     2.53825000000000         41.4394639756817    
     2.53890000000000         41.4385685837997    
     2.53955000000000         41.4376745985468    
     2.54020000000000         41.4367820174694    
     2.54085000000000         41.4358908381188    
     2.54150000000000         41.4350010580507    
     2.54215000000000         41.4341126748259    
     2.54280000000000         41.4332256860096    
     2.54345000000000         41.4323400891718    
     2.54410000000000         41.4314558818873    
     2.54475000000000         41.4305730617355    
     2.54540000000000         41.4296916263004    
     2.54605000000000         41.4288115731707    
     2.54670000000000         41.4279328999398    
     2.54735000000000         41.4270556042057    
     2.54800000000000         41.4261796835711    
     2.54865000000000         41.4253051356431    
     2.54930000000000         41.4244319580338    
     2.54995000000000         41.4235601483594    
     2.55060000000000         41.4226897042411    
     2.55125000000000         41.4218206233045    
     2.55190000000000         41.4209529031798    
     2.55255000000000         41.4200865415018    
     2.55320000000000         41.4192215359098    
     2.55385000000000         41.4183578840476    
     2.55450000000000         41.4174955835637    
     2.55515000000000         41.4166346321110    
     2.55580000000000         41.4157750273469    
     2.55645000000000         41.4149167669333    
     2.55710000000000         41.4140598485367    
     2.55775000000000         41.4132042698280    
     2.55840000000000         41.4123500284825    
     2.55905000000000         41.4114971221802    
     2.55970000000000         41.4106455486054    
     2.56035000000000         41.4097953054467    
     2.56100000000000         41.4089463903975    
     2.56165000000000         41.4080988011553    
     2.56230000000000         41.4072525354222    
     2.56295000000000         41.4064075909046    
     2.56360000000000         41.4055639653135    
     2.56425000000000         41.4047216563640    
     2.56490000000000         41.4038806617759    
     2.56555000000000         41.4030409792730    
     2.56620000000000         41.4022026065838    
     2.56685000000000         41.4013655414411    
     2.56750000000000         41.4005297815818    
     2.56815000000000         41.3996953247474    
     2.56880000000000         41.3988621686837    
     2.56945000000000         41.3980303111406    
     2.57010000000000         41.3971997498726    
     2.57075000000000         41.3963704826384    
     2.57140000000000         41.3955425072008    
     2.57205000000000         41.3947158213272    
     2.57270000000000         41.3938904227890    
     2.57335000000000         41.3930663093621    
     2.57400000000000         41.3922434788264    
     2.57465000000000         41.3914219289663    
     2.57530000000000         41.3906016575702    
     2.57595000000000         41.3897826624310    
     2.57660000000000         41.3889649413455    
     2.57725000000000         41.3881484921151    
     2.57790000000000         41.3873333125449    
     2.57855000000000         41.3865194004448    
     2.57920000000000         41.3857067536283    
     2.57985000000000         41.3848953699134    
     2.58050000000000         41.3840852471223    
     2.58115000000000         41.3832763830813    
     2.58180000000000         41.3824687756206    
     2.58245000000000         41.3816624225750    
     2.58310000000000         41.3808573217830    
     2.58375000000000         41.3800534710875    
     2.58440000000000         41.3792508683354    
     2.58505000000000         41.3784495113778    
     2.58570000000000         41.3776493980698    
     2.58635000000000         41.3768505262706    
     2.58700000000000         41.3760528938435    
     2.58765000000000         41.3752564986559    
     2.58830000000000         41.3744613385793    
     2.58895000000000         41.3736674114892    
     2.58960000000000         41.3728747152650    
     2.59025000000000         41.3720832477904    
     2.59090000000000         41.3712930069530    
     2.59155000000000         41.3705039906444    
     2.59220000000000         41.3697161967603    
     2.59285000000000         41.3689296232004    
     2.59350000000000         41.3681442678682    
     2.59415000000000         41.3673601286715    
     2.59480000000000         41.3665772035219    
     2.59545000000000         41.3657954903349    
     2.59610000000000         41.3650149870301    
     2.59675000000000         41.3642356915311    
     2.59740000000000         41.3634576017652    
     2.59805000000000         41.3626807156639    
     2.59870000000000         41.3619050311626    
     2.59935000000000         41.3611305462004    
     2.60000000000000         41.3603572587206    
     2.60065000000000         41.3595851666701    
     2.60130000000000         41.3588142680001    
     2.60195000000000         41.3580445606653    
     2.60260000000000         41.3572760426245    
     2.60325000000000         41.3565087118404    
     2.60390000000000         41.3557425662793    
     2.60455000000000         41.3549776039117    
     2.60520000000000         41.3542138227117    
     2.60585000000000         41.3534512206574    
     2.60650000000000         41.3526897957306    
     2.60715000000000         41.3519295459170    
     2.60780000000000         41.3511704692062    
     2.60845000000000         41.3504125635915    
     2.60910000000000         41.3496558270699    
     2.60975000000000         41.3489002576425    
     2.61040000000000         41.3481458533138    
     2.61105000000000         41.3473926120925    
     2.61170000000000         41.3466405319907    
     2.61235000000000         41.3458896110245    
     2.61300000000000         41.3451398472136    
     2.61365000000000         41.3443912385816    
     2.61430000000000         41.3436437831557    
     2.61495000000000         41.3428974789669    
     2.61560000000000         41.3421523240499    
     2.61625000000000         41.3414083164431    
     2.61690000000000         41.3406654541888    
     2.61755000000000         41.3399237353327    
     2.61820000000000         41.3391831579243    
     2.61885000000000         41.3384437200169    
     2.61950000000000         41.3377054196674    
     2.62015000000000         41.3369682549364    
     2.62080000000000         41.3362322238880    
     2.62145000000000         41.3354973245901    
     2.62210000000000         41.3347635551144    
     2.62275000000000         41.3340309135359    
     2.62340000000000         41.3332993979335    
     2.62405000000000         41.3325690063896    
     2.62470000000000         41.3318397369903    
     2.62535000000000         41.3311115878251    
     2.62600000000000         41.3303845569874    
     2.62665000000000         41.3296586425740    
     2.62730000000000         41.3289338426854    
     2.62795000000000         41.3282101554256    
     2.62860000000000         41.3274875789021    
     2.62925000000000         41.3267661112262    
     2.62990000000000         41.3260457505126    
     2.63055000000000         41.3253264948795    
     2.63120000000000         41.3246083424487    
     2.63185000000000         41.3238912913457    
     2.63250000000000         41.3231753396992    
     2.63315000000000         41.3224604856417    
     2.63380000000000         41.3217467273091    
     2.63445000000000         41.3210340628408    
     2.63510000000000         41.3203224903797    
     2.63575000000000         41.3196120080723    
     2.63640000000000         41.3189026140684    
     2.63705000000000         41.3181943065215    
     2.63770000000000         41.3174870835883    
     2.63835000000000         41.3167809434293    
     2.63900000000000         41.3160758842081    
     2.63965000000000         41.3153719040920    
     2.64030000000000         41.3146690012516    
     2.64095000000000         41.3139671738611    
     2.64160000000000         41.3132664200979    
     2.64225000000000         41.3125667381430    
     2.64290000000000         41.3118681261808    
     2.64355000000000         41.3111705823991    
     2.64420000000000         41.3104741049890    
     2.64485000000000         41.3097786921450    
     2.64550000000000         41.3090843420652    
     2.64615000000000         41.3083910529509    
     2.64680000000000         41.3076988230066    
     2.64745000000000         41.3070076504406    
     2.64810000000000         41.3063175334643    
     2.64875000000000         41.3056284702924    
     2.64940000000000         41.3049404591430    
     2.65005000000000         41.3042534982376    
     2.65070000000000         41.3035675858010    
     2.65135000000000         41.3028827200613    
     2.65200000000000         41.3021988992499    
     2.65265000000000         41.3015161216016    
     2.65330000000000         41.3008343853544    
     2.65395000000000         41.3001536887497    
     2.65460000000000         41.2994740300321    
     2.65525000000000         41.2987954074494    
     2.65590000000000         41.2981178192530    
     2.65655000000000         41.2974412636973    
     2.65720000000000         41.2967657390399    
     2.65785000000000         41.2960912435419    
     2.65850000000000         41.2954177754676    
     2.65915000000000         41.2947453330843    
     2.65980000000000         41.2940739146628    
     2.66045000000000         41.2934035184770    
     2.66110000000000         41.2927341428041    
     2.66175000000000         41.2920657859245    
     2.66240000000000         41.2913984461218    
     2.66305000000000         41.2907321216828    
     2.66370000000000         41.2900668108974    
     2.66435000000000         41.2894025120589    
     2.66500000000000         41.2887392234636    
     2.66565000000000         41.2880769434110    
     2.66630000000000         41.2874156702039    
     2.66695000000000         41.2867554021482    
     2.66760000000000         41.2860961375529    
     2.66825000000000         41.2854378747302    
     2.66890000000000         41.2847806119954    
     2.66955000000000         41.2841243476669    
     2.67020000000000         41.2834690800665    
     2.67085000000000         41.2828148075188    
     2.67150000000000         41.2821615283517    
     2.67215000000000         41.2815092408961    
     2.67280000000000         41.2808579434862    
     2.67345000000000         41.2802076344590    
     2.67410000000000         41.2795583121549    
     2.67475000000000         41.2789099749172    
     2.67540000000000         41.2782626210923    
     2.67605000000000         41.2776162490298    
     2.67670000000000         41.2769708570822    
     2.67735000000000         41.2763264436052    
     2.67800000000000         41.2756830069574    
     2.67865000000000         41.2750405455007    
     2.67930000000000         41.2743990575998    
     2.67995000000000         41.2737585416225    
     2.68060000000000         41.2731189959397    
     2.68125000000000         41.2724804189253    
     2.68190000000000         41.2718428089561    
     2.68255000000000         41.2712061644122    
     2.68320000000000         41.2705704836764    
     2.68385000000000         41.2699357651347    
     2.68450000000000         41.2693020071760    
     2.68515000000000         41.2686692081921    
     2.68580000000000         41.2680373665780    
     2.68645000000000         41.2674064807315    
     2.68710000000000         41.2667765490536    
     2.68775000000000         41.2661475699479    
     2.68840000000000         41.2655195418213    
     2.68905000000000         41.2648924630834    
     2.68970000000000         41.2642663321470    
     2.69035000000000         41.2636411474275    
     2.69100000000000         41.2630169073437    
     2.69165000000000         41.2623936103168    
     2.69230000000000         41.2617712547713    
     2.69295000000000         41.2611498391346    
     2.69360000000000         41.2605293618367    
     2.69425000000000         41.2599098213109    
     2.69490000000000         41.2592912159931    
     2.69555000000000         41.2586735443223    
     2.69620000000000         41.2580568047402    
     2.69685000000000         41.2574409956916    
     2.69750000000000         41.2568261156239    
     2.69815000000000         41.2562121629876    
     2.69880000000000         41.2555991362359    
     2.69945000000000         41.2549870338251    
     2.70010000000000         41.2543758542141    
     2.70075000000000         41.2537655958648    
     2.70140000000000         41.2531562572417    
     2.70205000000000         41.2525478368125    
     2.70270000000000         41.2519403330475    
     2.70335000000000         41.2513337444199    
     2.70400000000000         41.2507280694056    
     2.70465000000000         41.2501233064834    
     2.70530000000000         41.2495194541350    
     2.70595000000000         41.2489165108447    
     2.70660000000000         41.2483144750997    
     2.70725000000000         41.2477133453901    
     2.70790000000000         41.2471131202085    
     2.70855000000000         41.2465137980506    
     2.70920000000000         41.2459153774146    
     2.70985000000000         41.2453178568017    
     2.71050000000000         41.2447212347157    
     2.71115000000000         41.2441255096631    
     2.71180000000000         41.2435306801534    
     2.71245000000000         41.2429367446986    
     2.71310000000000         41.2423437018136    
     2.71375000000000         41.2417515500160    
     2.71440000000000         41.2411602878260    
     2.71505000000000         41.2405699137666    
     2.71570000000000         41.2399804263636    
     2.71635000000000         41.2393918241455    
     2.71700000000000         41.2388041056433    
     2.71765000000000         41.2382172693910    
     2.71830000000000         41.2376313139251    
     2.71895000000000         41.2370462377847    
     2.71960000000000         41.2364620395119    
     2.72025000000000         41.2358787176513    
     2.72090000000000         41.2352962707500    
     2.72155000000000         41.2347146973581    
     2.72220000000000         41.2341339960282    
     2.72285000000000         41.2335541653154    
     2.72350000000000         41.2329752037777    
     2.72415000000000         41.2323971099757    
     2.72480000000000         41.2318198824726    
     2.72545000000000         41.2312435198341    
     2.72610000000000         41.2306680206288    
     2.72675000000000         41.2300933834278    
     2.72740000000000         41.2295196068047    
     2.72805000000000         41.2289466893358    
     2.72870000000000         41.2283746296002    
     2.72935000000000         41.2278034261792    
     2.73000000000000         41.2272330776572    
     2.73065000000000         41.2266635826207    
     2.73130000000000         41.2260949396591    
     2.73195000000000         41.2255271473643    
     2.73260000000000         41.2249602043308    
     2.73325000000000         41.2243941091556    
     2.73390000000000         41.2238288604384    
     2.73455000000000         41.2232644567813    
     2.73520000000000         41.2227008967890    
     2.73585000000000         41.2221381790688    
     2.73650000000000         41.2215763022306    
     2.73715000000000         41.2210152648867    
     2.73780000000000         41.2204550656521    
     2.73845000000000         41.2198957031442    
     2.73910000000000         41.2193371759829    
     2.73975000000000         41.2187794827908    
     2.74040000000000         41.2182226221929    
     2.74105000000000         41.2176665928166    
     2.74170000000000         41.2171113932920    
     2.74235000000000         41.2165570222517    
     2.74300000000000         41.2160034783306    
     2.74365000000000         41.2154507601662    
     2.74430000000000         41.2148988663986    
     2.74495000000000         41.2143477956703    
     2.74560000000000         41.2137975466262    
     2.74625000000000         41.2132481179136    
     2.74690000000000         41.2126995081826    
     2.74755000000000         41.2121517160855    
     2.74820000000000         41.2116047402770    
     2.74885000000000         41.2110585794145    
     2.74950000000000         41.2105132321577    
     2.75015000000000         41.2099686971686    
     2.75080000000000         41.2094249731120    
     2.75145000000000         41.2088820586548    
     2.75210000000000         41.2083399524664    
     2.75275000000000         41.2077986532188    
     2.75340000000000         41.2072581595862    
     2.75405000000000         41.2067184702453    
     2.75470000000000         41.2061795838752    
     2.75535000000000         41.2056414991575    
     2.75600000000000         41.2051042147760    
     2.75665000000000         41.2045677294171    
     2.75730000000000         41.2040320417694    
     2.75795000000000         41.2034971505240    
     2.75860000000000         41.2029630543744    
     2.75925000000000         41.2024297520163    
     2.75990000000000         41.2018972421481    
     2.76055000000000         41.2013655234702    
     2.76120000000000         41.2008345946855    
     2.76185000000000         41.2003044544995    
     2.76250000000000         41.1997751016195    
     2.76315000000000         41.1992465347557    
     2.76380000000000         41.1987187526204    
     2.76445000000000         41.1981917539282    
     2.76510000000000         41.1976655373961    
     2.76575000000000         41.1971401017434    
     2.76640000000000         41.1966154456917    
     2.76705000000000         41.1960915679650    
     2.76770000000000         41.1955684672895    
     2.76835000000000         41.1950461423939    
     2.76900000000000         41.1945245920089    
     2.76965000000000         41.1940038148679    
     2.77030000000000         41.1934838097062    
     2.77095000000000         41.1929645752615    
     2.77160000000000         41.1924461102741    
     2.77225000000000         41.1919284134861    
     2.77290000000000         41.1914114836422    
     2.77355000000000         41.1908953194893    
     2.77420000000000         41.1903799197765    
     2.77485000000000         41.1898652832552    
     2.77550000000000         41.1893514086791    
     2.77615000000000         41.1888382948041    
     2.77680000000000         41.1883259403884    
     2.77745000000000         41.1878143441924    
     2.77810000000000         41.1873035049788    
     2.77875000000000         41.1867934215124    
     2.77940000000000         41.1862840925604    
     2.78005000000000         41.1857755168921    
     2.78070000000000         41.1852676932791    
     2.78135000000000         41.1847606204953    
     2.78200000000000         41.1842542973165    
     2.78265000000000         41.1837487225211    
     2.78330000000000         41.1832438948894    
     2.78395000000000         41.1827398132041    
     2.78460000000000         41.1822364762500    
     2.78525000000000         41.1817338828141    
     2.78590000000000         41.1812320316856    
     2.78655000000000         41.1807309216560    
     2.78720000000000         41.1802305515187    
     2.78785000000000         41.1797309200695    
     2.78850000000000         41.1792320261064    
     2.78915000000000         41.1787338684293    
     2.78980000000000         41.1782364458406    
     2.79045000000000         41.1777397571446    
     2.79110000000000         41.1772438011479    
     2.79175000000000         41.1767485766592    
     2.79240000000000         41.1762540824894    
     2.79305000000000         41.1757603174513    
     2.79370000000000         41.1752672803602    
     2.79435000000000         41.1747749700333    
     2.79500000000000         41.1742833852899    
     2.79565000000000         41.1737925249517    
     2.79630000000000         41.1733023878421    
     2.79695000000000         41.1728129727870    
     2.79760000000000         41.1723242786143    
     2.79825000000000         41.1718363041537    
     2.79890000000000         41.1713490482375    
     2.79955000000000         41.1708625096998    
     2.80020000000000         41.1703766873769    
     2.80085000000000         41.1698915801070    
     2.80150000000000         41.1694071867307    
     2.80215000000000         41.1689235060904    
     2.80280000000000         41.1684405370307    
     2.80345000000000         41.1679582783984    
     2.80410000000000         41.1674767290421    
     2.80475000000000         41.1669958878126    
     2.80540000000000         41.1665157535629    
     2.80605000000000         41.1660363251477    
     2.80670000000000         41.1655576014242    
     2.80735000000000         41.1650795812513    
     2.80800000000000         41.1646022634902    
     2.80865000000000         41.1641256470038    
     2.80930000000000         41.1636497306574    
     2.80995000000000         41.1631745133182    
     2.81060000000000         41.1626999938553    
     2.81125000000000         41.1622261711401    
     2.81190000000000         41.1617530440457    
     2.81255000000000         41.1612806114474    
     2.81320000000000         41.1608088722226    
     2.81385000000000         41.1603378252505    
     2.81450000000000         41.1598674694125    
     2.81515000000000         41.1593978035918    
     2.81580000000000         41.1589288266738    
     2.81645000000000         41.1584605375457    
     2.81710000000000         41.1579929350969    
     2.81775000000000         41.1575260182186    
     2.81840000000000         41.1570597858041    
     2.81905000000000         41.1565942367486    
     2.81970000000000         41.1561293699493    
     2.82035000000000         41.1556651843054    
     2.82100000000000         41.1552016787181    
     2.82165000000000         41.1547388520905    
     2.82230000000000         41.1542767033275    
     2.82295000000000         41.1538152313363    
     2.82360000000000         41.1533544350259    
     2.82425000000000         41.1528943133070    
     2.82490000000000         41.1524348650927    
     2.82555000000000         41.1519760892977    
     2.82620000000000         41.1515179848388    
     2.82685000000000         41.1510605506346    
     2.82750000000000         41.1506037856057    
     2.82815000000000         41.1501476886747    
     2.82880000000000         41.1496922587659    
     2.82945000000000         41.1492374948058    
     2.83010000000000         41.1487833957227    
     2.83075000000000         41.1483299604467    
     2.83140000000000         41.1478771879098    
     2.83205000000000         41.1474250770462    
     2.83270000000000         41.1469736267916    
     2.83335000000000         41.1465228360840    
     2.83400000000000         41.1460727038628    
     2.83465000000000         41.1456232290698    
     2.83530000000000         41.1451744106484    
     2.83595000000000         41.1447262475438    
     2.83660000000000         41.1442787387033    
     2.83725000000000         41.1438318830760    
     2.83790000000000         41.1433856796127    
     2.83855000000000         41.1429401272664    
     2.83920000000000         41.1424952249916    
     2.83985000000000         41.1420509717449    
     2.84050000000000         41.1416073664847    
     2.84115000000000         41.1411644081712    
     2.84180000000000         41.1407220957665    
     2.84245000000000         41.1402804282345    
     2.84310000000000         41.1398394045410    
     2.84375000000000         41.1393990236535    
     2.84440000000000         41.1389592845416    
     2.84505000000000         41.1385201861763    
     2.84570000000000         41.1380817275309    
     2.84635000000000         41.1376439075802    
     2.84700000000000         41.1372067253010    
     2.84765000000000         41.1367701796718    
     2.84830000000000         41.1363342696729    
     2.84895000000000         41.1358989942865    
     2.84960000000000         41.1354643524965    
     2.85025000000000         41.1350303432888    
     2.85090000000000         41.1345969656508    
     2.85155000000000         41.1341642185720    
     2.85220000000000         41.1337321010434    
     2.85285000000000         41.1333006120580    
     2.85350000000000         41.1328697506105    
     2.85415000000000         41.1324395156974    
     2.85480000000000         41.1320099063169    
     2.85545000000000         41.1315809214691    
     2.85610000000000         41.1311525601558    
     2.85675000000000         41.1307248213805    
     2.85740000000000         41.1302977041487    
     2.85805000000000         41.1298712074673    
     2.85870000000000         41.1294453303453    
     2.85935000000000         41.1290200717932    
     2.86000000000000         41.1285954308235    
     2.86065000000000         41.1281714064500    
     2.86130000000000         41.1277479976889    
     2.86195000000000         41.1273252035575    
     2.86260000000000         41.1269030230752    
     2.86325000000000         41.1264814552630    
     2.86390000000000         41.1260604991438    
     2.86455000000000         41.1256401537419    
     2.86520000000000         41.1252204180837    
     2.86585000000000         41.1248012911970    
     2.86650000000000         41.1243827721116    
     2.86715000000000         41.1239648598587    
     2.86780000000000         41.1235475534714    
     2.86845000000000         41.1231308519845    
     2.86910000000000         41.1227147544345    
     2.86975000000000         41.1222992598596    
     2.87040000000000         41.1218843672996    
     2.87105000000000         41.1214700757960    
     2.87170000000000         41.1210563843922    
     2.87235000000000         41.1206432921330    
     2.87300000000000         41.1202307980651    
     2.87365000000000         41.1198189012368    
     2.87430000000000         41.1194076006980    
     2.87495000000000         41.1189968955003    
     2.87560000000000         41.1185867846972    
     2.87625000000000         41.1181772673435    
     2.87690000000000         41.1177683424959    
     2.87755000000000         41.1173600092127    
     2.87820000000000         41.1169522665539    
     2.87885000000000         41.1165451135810    
     2.87950000000000         41.1161385493573    
     2.88015000000000         41.1157325729477    
     2.88080000000000         41.1153271834188    
     2.88145000000000         41.1149223798387    
     2.88210000000000         41.1145181612773    
     2.88275000000000         41.1141145268059    
     2.88340000000000         41.1137114754978    
     2.88405000000000         41.1133090064276    
     2.88470000000000         41.1129071186716    
     2.88535000000000         41.1125058113079    
     2.88600000000000         41.1121050834159    
     2.88665000000000         41.1117049340769    
     2.88730000000000         41.1113053623736    
     2.88795000000000         41.1109063673906    
     2.88860000000000         41.1105079482137    
     2.88925000000000         41.1101101039307    
     2.88990000000000         41.1097128336307    
     2.89055000000000         41.1093161364045    
     2.89120000000000         41.1089200113446    
     2.89185000000000         41.1085244575450    
     2.89250000000000         41.1081294741012    
     2.89315000000000         41.1077350601104    
     2.89380000000000         41.1073412146714    
     2.89445000000000         41.1069479368844    
     2.89510000000000         41.1065552258514    
     2.89575000000000         41.1061630806759    
     2.89640000000000         41.1057715004629    
     2.89705000000000         41.1053804843189    
     2.89770000000000         41.1049900313523    
     2.89835000000000         41.1046001406726    
     2.89900000000000         41.1042108113913    
     2.89965000000000         41.1038220426210    
     2.90030000000000         41.1034338334763    
     2.90095000000000         41.1030461830731    
     2.90160000000000         41.1026590905287    
     2.90225000000000         41.1022725549624    
     2.90290000000000         41.1018865754946    
     2.90355000000000         41.1015011512473    
     2.90420000000000         41.1011162813444    
     2.90485000000000         41.1007319649108    
     2.90550000000000         41.1003482010734    
     2.90615000000000         41.0999649889603    
     2.90680000000000         41.0995823277012    
     2.90745000000000         41.0992002164274    
     2.90810000000000         41.0988186542717    
     2.90875000000000         41.0984376403684    
     2.90940000000000         41.0980571738532    
     2.91005000000000         41.0976772538634    
     2.91070000000000         41.0972978795378    
     2.91135000000000         41.0969190500167    
     2.91200000000000         41.0965407644420    
     2.91265000000000         41.0961630219569    
     2.91330000000000         41.0957858217062    
     2.91395000000000         41.0954091628362    
     2.91460000000000         41.0950330444945    
     2.91525000000000         41.0946574658306    
     2.91590000000000         41.0942824259951    
     2.91655000000000         41.0939079241401    
     2.91720000000000         41.0935339594194    
     2.91785000000000         41.0931605309882    
     2.91850000000000         41.0927876380030    
     2.91915000000000         41.0924152796219    
     2.91980000000000         41.0920434550045    
     2.92045000000000         41.0916721633117    
     2.92110000000000         41.0913014037061    
     2.92175000000000         41.0909311753516    
     2.92240000000000         41.0905614774135    
     2.92305000000000         41.0901923090587    
     2.92370000000000         41.0898236694554    
     2.92435000000000         41.0894555577734    
     2.92500000000000         41.0890879731838    
     2.92565000000000         41.0887209148592    
     2.92630000000000         41.0883543819737    
     2.92695000000000         41.0879883737026    
     2.92760000000000         41.0876228892230    
     2.92825000000000         41.0872579277131    
     2.92890000000000         41.0868934883527    
     2.92955000000000         41.0865295703228    
     2.93020000000000         41.0861661728063    
     2.93085000000000         41.0858032949870    
     2.93150000000000         41.0854409360503    
     2.93215000000000         41.0850790951831    
     2.93280000000000         41.0847177715737    
     2.93345000000000         41.0843569644116    
     2.93410000000000         41.0839966728880    
     2.93475000000000         41.0836368961953    
     2.93540000000000         41.0832776335273    
     2.93605000000000         41.0829188840792    
     2.93670000000000         41.0825606470478    
     2.93735000000000         41.0822029216310    
     2.93800000000000         41.0818457070283    
     2.93865000000000         41.0814890024405    
     2.93930000000000         41.0811328070697    
     2.93995000000000         41.0807771201194    
     2.94060000000000         41.0804219407947    
     2.94125000000000         41.0800672683019    
     2.94190000000000         41.0797131018486    
     2.94255000000000         41.0793594406439    
     2.94320000000000         41.0790062838981    
     2.94385000000000         41.0786536308232    
     2.94450000000000         41.0783014806322    
     2.94515000000000         41.0779498325396    
     2.94580000000000         41.0775986857613    
     2.94645000000000         41.0772480395145    
     2.94710000000000         41.0768978930178    
     2.94775000000000         41.0765482454910    
     2.94840000000000         41.0761990961555    
     2.94905000000000         41.0758504442338    
     2.94970000000000         41.0755022889499    
     2.95035000000000         41.0751546295290    
     2.95100000000000         41.0748074651978    
     2.95165000000000         41.0744607951842    
     2.95230000000000         41.0741146187175    
     2.95295000000000         41.0737689350283    
     2.95360000000000         41.0734237433485    
     2.95425000000000         41.0730790429113    
     2.95490000000000         41.0727348329515    
     2.95555000000000         41.0723911127047    
     2.95620000000000         41.0720478814084    
     2.95685000000000         41.0717051383008    
     2.95750000000000         41.0713628826220    
     2.95815000000000         41.0710211136130    
     2.95880000000000         41.0706798305163    
     2.95945000000000         41.0703390325756    
     2.96010000000000         41.0699987190360    
     2.96075000000000         41.0696588891438    
     2.96140000000000         41.0693195421467    
     2.96205000000000         41.0689806772936    
     2.96270000000000         41.0686422938346    
     2.96335000000000         41.0683043910214    
     2.96400000000000         41.0679669681068    
     2.96465000000000         41.0676300243447    
     2.96530000000000         41.0672935589906    
     2.96595000000000         41.0669575713011    
     2.96660000000000         41.0666220605341    
     2.96725000000000         41.0662870259489    
     2.96790000000000         41.0659524668058    
     2.96855000000000         41.0656183823666    
     2.96920000000000         41.0652847718943    
     2.96985000000000         41.0649516346532    
     2.97050000000000         41.0646189699088    
     2.97115000000000         41.0642867769279    
     2.97180000000000         41.0639550549784    
     2.97245000000000         41.0636238033298    
     2.97310000000000         41.0632930212525    
     2.97375000000000         41.0629627080183    
     2.97440000000000         41.0626328629003    
     2.97505000000000         41.0623034851728    
     2.97570000000000         41.0619745741112    
     2.97635000000000         41.0616461289925    
     2.97700000000000         41.0613181490945    
     2.97765000000000         41.0609906336965    
     2.97830000000000         41.0606635820790    
     2.97895000000000         41.0603369935237    
     2.97960000000000         41.0600108673136    
     2.98025000000000         41.0596852027328    
     2.98090000000000         41.0593599990666    
     2.98155000000000         41.0590352556018    
     2.98220000000000         41.0587109716260    
     2.98285000000000         41.0583871464285    
     2.98350000000000         41.0580637792993    
     2.98415000000000         41.0577408695301    
     2.98480000000000         41.0574184164135    
     2.98545000000000         41.0570964192433    
     2.98610000000000         41.0567748773147    
     2.98675000000000         41.0564537899240    
     2.98740000000000         41.0561331563687    
     2.98805000000000         41.0558129759474    
     2.98870000000000         41.0554932479601    
     2.98935000000000         41.0551739717079    
     2.99000000000000         41.0548551464930    
     2.99065000000000         41.0545367716189    
     2.99130000000000         41.0542188463903    
     2.99195000000000         41.0539013701131    
     2.99260000000000         41.0535843420942    
     2.99325000000000         41.0532677616418    
     2.99390000000000         41.0529516280655    
     2.99455000000000         41.0526359406756    
     2.99520000000000         41.0523206987840    
     2.99585000000000         41.0520059017036    
     2.99650000000000         41.0516915487484    
     2.99715000000000         41.0513776392338    
     2.99780000000000         41.0510641724760    
     2.99845000000000         41.0507511477928    
     2.99910000000000         41.0504385645028    
     2.99975000000000         41.0501264219260    
     3.00040000000000         41.0498147193833    
     3.00105000000000         41.0495034561971    
     3.00170000000000         41.0491926316906    
     3.00235000000000         41.0488822451884    
     3.00300000000000         41.0485722960162    
     3.00365000000000         41.0482627835007    
     3.00430000000000         41.0479537069699    
     3.00495000000000         41.0476450657530    
     3.00560000000000         41.0473368591800    
     3.00625000000000         41.0470290865825    
     3.00690000000000         41.0467217472929    
     3.00755000000000         41.0464148406448    
     3.00820000000000         41.0461083659730    
     3.00885000000000         41.0458023226135    
     3.00950000000000         41.0454967099032    
     3.01015000000000         41.0451915271803    
     3.01080000000000         41.0448867737841    
     3.01145000000000         41.0445824490549    
     3.01210000000000         41.0442785523343    
     3.01275000000000         41.0439750829649    
     3.01340000000000         41.0436720402905    
     3.01405000000000         41.0433694236558    
     3.01470000000000         41.0430672324070    
     3.01535000000000         41.0427654658909    
     3.01600000000000         41.0424641234559    
     3.01665000000000         41.0421632044512    
     3.01730000000000         41.0418627082272    
     3.01795000000000         41.0415626341353    
     3.01860000000000         41.0412629815282    
     3.01925000000000         41.0409637497595    
     3.01990000000000         41.0406649381841    
     3.02055000000000         41.0403665461577    
     3.02120000000000         41.0400685730373    
     3.02185000000000         41.0397710181810    
     3.02250000000000         41.0394738809479    
     3.02315000000000         41.0391771606981    
     3.02380000000000         41.0388808567931    
     3.02445000000000         41.0385849685951    
     3.02510000000000         41.0382894954677    
     3.02575000000000         41.0379944367752    
     3.02640000000000         41.0376997918834    
     3.02705000000000         41.0374055601589    
     3.02770000000000         41.0371117409694    
     3.02835000000000         41.0368183336837    
     3.02900000000000         41.0365253376718    
     3.02965000000000         41.0362327523045    
     3.03030000000000         41.0359405769538    
     3.03095000000000         41.0356488109929    
     3.03160000000000         41.0353574537957    
     3.03225000000000         41.0350665047375    
     3.03290000000000         41.0347759631945    
     3.03355000000000         41.0344858285439    
     3.03420000000000         41.0341961001642    
     3.03485000000000         41.0339067774346    
     3.03550000000000         41.0336178597355    
     3.03615000000000         41.0333293464486    
     3.03680000000000         41.0330412369561    
     3.03745000000000         41.0327535306417    
     3.03810000000000         41.0324662268900    
     3.03875000000000         41.0321793250866    
     3.03940000000000         41.0318928246181    
     3.04005000000000         41.0316067248722    
     3.04070000000000         41.0313210252376    
     3.04135000000000         41.0310357251041    
     3.04200000000000         41.0307508238624    
     3.04265000000000         41.0304663209044    
     3.04330000000000         41.0301822156227    
     3.04395000000000         41.0298985074114    
     3.04460000000000         41.0296151956652    
     3.04525000000000         41.0293322797800    
     3.04590000000000         41.0290497591526    
     3.04655000000000         41.0287676331811    
     3.04720000000000         41.0284859012643    
     3.04785000000000         41.0282045628021    
     3.04850000000000         41.0279236171954    
     3.04915000000000         41.0276430638462    
     3.04980000000000         41.0273629021575    
     3.05045000000000         41.0270831315331    
     3.05110000000000         41.0268037513780    
     3.05175000000000         41.0265247610982    
     3.05240000000000         41.0262461601005    
     3.05305000000000         41.0259679477930    
     3.05370000000000         41.0256901235845    
     3.05435000000000         41.0254126868849    
     3.05500000000000         41.0251356371053    
     3.05565000000000         41.0248589736573    
     3.05630000000000         41.0245826959540    
     3.05695000000000         41.0243068034091    
     3.05760000000000         41.0240312954376    
     3.05825000000000         41.0237561714553    
     3.05890000000000         41.0234814308788    
     3.05955000000000         41.0232070731261    
     3.06020000000000         41.0229330976159    
     3.06085000000000         41.0226595037679    
     3.06150000000000         41.0223862910027    
     3.06215000000000         41.0221134587422    
     3.06280000000000         41.0218410064088    
     3.06345000000000         41.0215689334262    
     3.06410000000000         41.0212972392189    
     3.06475000000000         41.0210259232126    
     3.06540000000000         41.0207549848336    
     3.06605000000000         41.0204844235093    
     3.06670000000000         41.0202142386683    
     3.06735000000000         41.0199444297399    
     3.06800000000000         41.0196749961543    
     3.06865000000000         41.0194059373428    
     3.06930000000000         41.0191372527376    
     3.06995000000000         41.0188689417720    
     3.07060000000000         41.0186010038799    
     3.07125000000000         41.0183334384964    
     3.07190000000000         41.0180662450576    
     3.07255000000000         41.0177994230004    
     3.07320000000000         41.0175329717626    
     3.07385000000000         41.0172668907830    
     3.07450000000000         41.0170011795014    
     3.07515000000000         41.0167358373584    
     3.07580000000000         41.0164708637958    
     3.07645000000000         41.0162062582559    
     3.07710000000000         41.0159420201824    
     3.07775000000000         41.0156781490195    
     3.07840000000000         41.0154146442126    
     3.07905000000000         41.0151515052080    
     3.07970000000000         41.0148887314528    
     3.08035000000000         41.0146263223951    
     3.08100000000000         41.0143642774839    
     3.08165000000000         41.0141025961692    
     3.08230000000000         41.0138412779018    
     3.08295000000000         41.0135803221334    
     3.08360000000000         41.0133197283168    
     3.08425000000000         41.0130594959054    
     3.08490000000000         41.0127996243538    
     3.08555000000000         41.0125401131174    
     3.08620000000000         41.0122809616524    
     3.08685000000000         41.0120221694162    
     3.08750000000000         41.0117637358667    
     3.08815000000000         41.0115056604630    
     3.08880000000000         41.0112479426649    
     3.08945000000000         41.0109905819334    
     3.09010000000000         41.0107335777300    
     3.09075000000000         41.0104769295175    
     3.09140000000000         41.0102206367591    
     3.09205000000000         41.0099646989195    
     3.09270000000000         41.0097091154637    
     3.09335000000000         41.0094538858579    
     3.09400000000000         41.0091990095693    
     3.09465000000000         41.0089444860656    
     3.09530000000000         41.0086903148157    
     3.09595000000000         41.0084364952893    
     3.09660000000000         41.0081830269570    
     3.09725000000000         41.0079299092902    
     3.09790000000000         41.0076771417611    
     3.09855000000000         41.0074247238431    
     3.09920000000000         41.0071726550101    
     3.09985000000000         41.0069209347370    
     3.10050000000000         41.0066695624998    
     3.10115000000000         41.0064185377751    
     3.10180000000000         41.0061678600403    
     3.10245000000000         41.0059175287740    
     3.10310000000000         41.0056675434553    
     3.10375000000000         41.0054179035644    
     3.10440000000000         41.0051686085823    
     3.10505000000000         41.0049196579909    
     3.10570000000000         41.0046710512728    
     3.10635000000000         41.0044227879116    
     3.10700000000000         41.0041748673917    
     3.10765000000000         41.0039272891983    
     3.10830000000000         41.0036800528177    
     3.10895000000000         41.0034331577367    
     3.10960000000000         41.0031866034433    
     3.11025000000000         41.0029403894259    
     3.11090000000000         41.0026945151742    
     3.11155000000000         41.0024489801784    
     3.11220000000000         41.0022037839299    
     3.11285000000000         41.0019589259205    
     3.11350000000000         41.0017144056432    
     3.11415000000000         41.0014702225917    
     3.11480000000000         41.0012263762605    
     3.11545000000000         41.0009828661450    
     3.11610000000000         41.0007396917413    
     3.11675000000000         41.0004968525466    
     3.11740000000000         41.0002543480587    
     3.11805000000000         41.0000121777763    
     3.11870000000000         40.9997703411989    
     3.11935000000000         40.9995288378268    
     3.12000000000000         40.9992876671613    
     3.12065000000000         40.9990468287042    
     3.12130000000000         40.9988063219585    
     3.12195000000000         40.9985661464278    
     3.12260000000000         40.9983263016164    
     3.12325000000000         40.9980867870297    
     3.12390000000000         40.9978476021737    
     3.12455000000000         40.9976087465554    
     3.12520000000000         40.9973702196824    
     3.12585000000000         40.9971320210632    
     3.12650000000000         40.9968941502072    
     3.12715000000000         40.9966566066245    
     3.12780000000000         40.9964193898260    
     3.12845000000000         40.9961824993234    
     3.12910000000000         40.9959459346294    
     3.12975000000000         40.9957096952571    
     3.13040000000000         40.9954737807209    
     3.13105000000000         40.9952381905355    
     3.13170000000000         40.9950029242168    
     3.13235000000000         40.9947679812813    
     3.13300000000000         40.9945333612463    
     3.13365000000000         40.9942990636299    
     3.13430000000000         40.9940650879510    
     3.13495000000000         40.9938314337294    
     3.13560000000000         40.9935981004855    
     3.13625000000000         40.9933650877405    
     3.13690000000000         40.9931323950166    
     3.13755000000000         40.9929000218366    
     3.13820000000000         40.9926679677241    
     3.13885000000000         40.9924362322035    
     3.13950000000000         40.9922048148000    
     3.14015000000000         40.9919737150396    
     3.14080000000000         40.9917429324489    
     3.14145000000000         40.9915124665556    
     3.14210000000000         40.9912823168879    
     3.14275000000000         40.9910524829749    
     3.14340000000000         40.9908229643464    
     3.14405000000000         40.9905937605330    
     3.14470000000000         40.9903648710661    
     3.14535000000000         40.9901362954778    
     3.14600000000000         40.9899080333011    
     3.14665000000000         40.9896800840695    
     3.14730000000000         40.9894524473176    
     3.14795000000000         40.9892251225805    
     3.14860000000000         40.9889981093941    
     3.14925000000000         40.9887714072953    
     3.14990000000000         40.9885450158215    
     3.15055000000000         40.9883189345108    
     3.15120000000000         40.9880931629023    
     3.15185000000000         40.9878677005357    
     3.15250000000000         40.9876425469515    
     3.15315000000000         40.9874177016910    
     3.15380000000000         40.9871931642961    
     3.15445000000000         40.9869689343095    
     3.15510000000000         40.9867450112748    
     3.15575000000000         40.9865213947361    
     3.15640000000000         40.9862980842385    
     3.15705000000000         40.9860750793276    
     3.15770000000000         40.9858523795499    
     3.15835000000000         40.9856299844527    
     3.15900000000000         40.9854078935837    
     3.15965000000000         40.9851861064918    
     3.16030000000000         40.9849646227263    
     3.16095000000000         40.9847434418373    
     3.16160000000000         40.9845225633758    
     3.16225000000000         40.9843019868933    
     3.16290000000000         40.9840817119421    
     3.16355000000000         40.9838617380754    
     3.16420000000000         40.9836420648469    
     3.16485000000000         40.9834226918112    
     3.16550000000000         40.9832036185235    
     3.16615000000000         40.9829848445397    
     3.16680000000000         40.9827663694167    
     3.16745000000000         40.9825481927117    
     3.16810000000000         40.9823303139829    
     3.16875000000000         40.9821127327891    
     3.16940000000000         40.9818954486901    
     3.17005000000000         40.9816784612459    
     3.17070000000000         40.9814617700177    
     3.17135000000000         40.9812453745671    
     3.17200000000000         40.9810292744566    
     3.17265000000000         40.9808134692493    
     3.17330000000000         40.9805979585092    
     3.17395000000000         40.9803827418006    
     3.17460000000000         40.9801678186889    
     3.17525000000000         40.9799531887401    
     3.17590000000000         40.9797388515209    
     3.17655000000000         40.9795248065985    
     3.17720000000000         40.9793110535412    
     3.17785000000000         40.9790975919177    
     3.17850000000000         40.9788844212975    
     3.17915000000000         40.9786715412508    
     3.17980000000000         40.9784589513484    
     3.18045000000000         40.9782466511619    
     3.18110000000000         40.9780346402636    
     3.18175000000000         40.9778229182265    
     3.18240000000000         40.9776114846242    
     3.18305000000000         40.9774003390311    
     3.18370000000000         40.9771894810222    
     3.18435000000000         40.9769789101733    
     3.18500000000000         40.9767686260606    
     3.18565000000000         40.9765586282615    
     3.18630000000000         40.9763489163536    
     3.18695000000000         40.9761394899154    
     3.18760000000000         40.9759303485260    
     3.18825000000000         40.9757214917654    
     3.18890000000000         40.9755129192139    
     3.18955000000000         40.9753046304529    
     3.19020000000000         40.9750966250641    
     3.19085000000000         40.9748889026302    
     3.19150000000000         40.9746814627343    
     3.19215000000000         40.9744743049604    
     3.19280000000000         40.9742674288929    
     3.19345000000000         40.9740608341172    
     3.19410000000000         40.9738545202192    
     3.19475000000000         40.9736484867854    
     3.19540000000000         40.9734427334031    
     3.19605000000000         40.9732372596602    
     3.19670000000000         40.9730320651453    
     3.19735000000000         40.9728271494476    
     3.19800000000000         40.9726225121571    
     3.19865000000000         40.9724181528642    
     3.19930000000000         40.9722140711604    
     3.19995000000000         40.9720102666373    
     3.20060000000000         40.9718067388877    
     3.20125000000000         40.9716034875046    
     3.20190000000000         40.9714005120820    
     3.20255000000000         40.9711978122144    
     3.20320000000000         40.9709953874969    
     3.20385000000000         40.9707932375254    
     3.20450000000000         40.9705913618964    
     3.20515000000000         40.9703897602069    
     3.20580000000000         40.9701884320548    
     3.20645000000000         40.9699873770385    
     3.20710000000000         40.9697865947570    
     3.20775000000000         40.9695860848101    
     3.20840000000000         40.9693858467982    
     3.20905000000000         40.9691858803222    
     3.20970000000000         40.9689861849838    
     3.21035000000000         40.9687867603853    
     3.21100000000000         40.9685876061296    
     3.21165000000000         40.9683887218203    
     3.21230000000000         40.9681901070616    
     3.21295000000000         40.9679917614583    
     3.21360000000000         40.9677936846159    
     3.21425000000000         40.9675958761405    
     3.21490000000000         40.9673983356390    
     3.21555000000000         40.9672010627186    
     3.21620000000000         40.9670040569873    
     3.21685000000000         40.9668073180539    
     3.21750000000000         40.9666108455275    
     3.21815000000000         40.9664146390181    
     3.21880000000000         40.9662186981363    
     3.21945000000000         40.9660230224930    
     3.22010000000000         40.9658276117002    
     3.22075000000000         40.9656324653702    
     3.22140000000000         40.9654375831160    
     3.22205000000000         40.9652429645514    
     3.22270000000000         40.9650486092904    
     3.22335000000000         40.9648545169481    
     3.22400000000000         40.9646606871399    
     3.22465000000000         40.9644671194819    
     3.22530000000000         40.9642738135909    
     3.22595000000000         40.9640807690842    
     3.22660000000000         40.9638879855797    
     3.22725000000000         40.9636954626961    
     3.22790000000000         40.9635032000525    
     3.22855000000000         40.9633111972687    
     3.22920000000000         40.9631194539650    
     3.22985000000000         40.9629279697627    
     3.23050000000000         40.9627367442831    
     3.23115000000000         40.9625457771486    
     3.23180000000000         40.9623550679819    
     3.23245000000000         40.9621646164066    
     3.23310000000000         40.9619744220466    
     3.23375000000000         40.9617844845266    
     3.23440000000000         40.9615948034718    
     3.23505000000000         40.9614053785081    
     3.23570000000000         40.9612162092618    
     3.23635000000000         40.9610272953600    
     3.23700000000000         40.9608386364304    
     3.23765000000000         40.9606502321011    
     3.23830000000000         40.9604620820010    
     3.23895000000000         40.9602741857595    
     3.23960000000000         40.9600865430066    
     3.24025000000000         40.9598991533728    
     3.24090000000000         40.9597120164895    
     3.24155000000000         40.9595251319882    
     3.24220000000000         40.9593384995015    
     3.24285000000000         40.9591521186622    
     3.24350000000000         40.9589659891038    
     3.24415000000000         40.9587801104606    
     3.24480000000000         40.9585944823672    
     3.24545000000000         40.9584091044588    
     3.24610000000000         40.9582239763714    
     3.24675000000000         40.9580390977414    
     3.24740000000000         40.9578544682058    
     3.24805000000000         40.9576700874022    
     3.24870000000000         40.9574859549689    
     3.24935000000000         40.9573020705445    
     3.25000000000000         40.9571184337684    
     3.25065000000000         40.9569350442806    
     3.25130000000000         40.9567519017214    
     3.25195000000000         40.9565690057321    
     3.25260000000000         40.9563863559541    
     3.25325000000000         40.9562039520297    
     3.25390000000000         40.9560217936017    
     3.25455000000000         40.9558398803133    
     3.25520000000000         40.9556582118086    
     3.25585000000000         40.9554767877319    
     3.25650000000000         40.9552956077284    
     3.25715000000000         40.9551146714436    
     3.25780000000000         40.9549339785237    
     3.25845000000000         40.9547535286154    
     3.25910000000000         40.9545733213659    
     3.25975000000000         40.9543933564233    
     3.26040000000000         40.9542136334358    
     3.26105000000000         40.9540341520525    
     3.26170000000000         40.9538549119228    
     3.26235000000000         40.9536759126969    
     3.26300000000000         40.9534971540253    
     3.26365000000000         40.9533186355594    
     3.26430000000000         40.9531403569508    
     3.26495000000000         40.9529623178519    
     3.26560000000000         40.9527845179154    
     3.26625000000000         40.9526069567948    
     3.26690000000000         40.9524296341442    
     3.26755000000000         40.9522525496178    
     3.26820000000000         40.9520757028709    
     3.26885000000000         40.9518990935590    
     3.26950000000000         40.9517227213383    
     3.27015000000000         40.9515465858654    
     3.27080000000000         40.9513706867976    
     3.27145000000000         40.9511950237927    
     3.27210000000000         40.9510195965089    
     3.27275000000000         40.9508444046053    
     3.27340000000000         40.9506694477411    
     3.27405000000000         40.9504947255762    
     3.27470000000000         40.9503202377713    
     3.27535000000000         40.9501459839873    
     3.27600000000000         40.9499719638857    
     3.27665000000000         40.9497981771287    
     3.27730000000000         40.9496246233789    
     3.27795000000000         40.9494513022994    
     3.27860000000000         40.9492782135539    
     3.27925000000000         40.9491053568067    
     3.27990000000000         40.9489327317225    
     3.28055000000000         40.9487603379666    
     3.28120000000000         40.9485881752048    
     3.28185000000000         40.9484162431035    
     3.28250000000000         40.9482445413296    
     3.28315000000000         40.9480730695504    
     3.28380000000000         40.9479018274338    
     3.28445000000000         40.9477308146483    
     3.28510000000000         40.9475600308630    
     3.28575000000000         40.9473894757472    
     3.28640000000000         40.9472191489710    
     3.28705000000000         40.9470490502050    
     3.28770000000000         40.9468791791201    
     3.28835000000000         40.9467095353881    
     3.28900000000000         40.9465401186809    
     3.28965000000000         40.9463709286712    
     3.29030000000000         40.9462019650321    
     3.29095000000000         40.9460332274372    
     3.29160000000000         40.9458647155609    
     3.29225000000000         40.9456964290776    
     3.29290000000000         40.9455283676626    
     3.29355000000000         40.9453605309916    
     3.29420000000000         40.9451929187407    
     3.29485000000000         40.9450255305869    
     3.29550000000000         40.9448583662071    
     3.29615000000000         40.9446914252793    
     3.29680000000000         40.9445247074816    
     3.29745000000000         40.9443582124928    
     3.29810000000000         40.9441919399922    
     3.29875000000000         40.9440258896595    
     3.29940000000000         40.9438600611750    
     3.30005000000000         40.9436944542194    
     3.30070000000000         40.9435290684741    
     3.30135000000000         40.9433639036208    
     3.30200000000000         40.9431989593418    
     3.30265000000000         40.9430342353199    
     3.30330000000000         40.9428697312383    
     3.30395000000000         40.9427054467809    
     3.30460000000000         40.9425413816318    
     3.30525000000000         40.9423775354759    
     3.30590000000000         40.9422139079984    
     3.30655000000000         40.9420504988851    
     3.30720000000000         40.9418873078222    
     3.30785000000000         40.9417243344965    
     3.30850000000000         40.9415615785952    
     3.30915000000000         40.9413990398060    
     3.30980000000000         40.9412367178172    
     3.31045000000000         40.9410746123175    
     3.31110000000000         40.9409127229960    
     3.31175000000000         40.9407510495424    
     3.31240000000000         40.9405895916470    
     3.31305000000000         40.9404283490004    
     3.31370000000000         40.9402673212936    
     3.31435000000000         40.9401065082184    
     3.31500000000000         40.9399459094669    
     3.31565000000000         40.9397855247315    
     3.31630000000000         40.9396253537055    
     3.31695000000000         40.9394653960824    
     3.31760000000000         40.9393056515562    
     3.31825000000000         40.9391461198214    
     3.31890000000000         40.9389868005730    
     3.31955000000000         40.9388276935065    
     3.32020000000000         40.9386687983179    
     3.32085000000000         40.9385101147035    
     3.32150000000000         40.9383516423603    
     3.32215000000000         40.9381933809856    
     3.32280000000000         40.9380353302774    
     3.32345000000000         40.9378774899338    
     3.32410000000000         40.9377198596537    
     3.32475000000000         40.9375624391364    
     3.32540000000000         40.9374052280817    
     3.32605000000000         40.9372482261896    
     3.32670000000000         40.9370914331609    
     3.32735000000000         40.9369348486967    
     3.32800000000000         40.9367784724987    
     3.32865000000000         40.9366223042689    
     3.32930000000000         40.9364663437098    
     3.32995000000000         40.9363105905245    
     3.33060000000000         40.9361550444164    
     3.33125000000000         40.9359997050894    
     3.33190000000000         40.9358445722481    
     3.33255000000000         40.9356896455971    
     3.33320000000000         40.9355349248419    
     3.33385000000000         40.9353804096882    
     3.33450000000000         40.9352260998422    
     3.33515000000000         40.9350719950106    
     3.33580000000000         40.9349180949007    
     3.33645000000000         40.9347643992200    
     3.33710000000000         40.9346109076765    
     3.33775000000000         40.9344576199788    
     3.33840000000000         40.9343045358359    
     3.33905000000000         40.9341516549572    
     3.33970000000000         40.9339989770525    
     3.34035000000000         40.9338465018323    
     3.34100000000000         40.9336942290073    
     3.34165000000000         40.9335421582887    
     3.34230000000000         40.9333902893882    
     3.34295000000000         40.9332386220180    
     3.34360000000000         40.9330871558907    
     3.34425000000000         40.9329358907192    
     3.34490000000000         40.9327848262171    
     3.34555000000000         40.9326339620982    
     3.34620000000000         40.9324832980770    
     3.34685000000000         40.9323328338683    
     3.34750000000000         40.9321825691872    
     3.34815000000000         40.9320325037496    
     3.34880000000000         40.9318826372716    
     3.34945000000000         40.9317329694697    
     3.35010000000000         40.9315835000610    
     3.35075000000000         40.9314342287629    
     3.35140000000000         40.9312851552933    
     3.35205000000000         40.9311362793707    
     3.35270000000000         40.9309876007137    
     3.35335000000000         40.9308391190416    
     3.35400000000000         40.9306908340740    
     3.35465000000000         40.9305427455310    
     3.35530000000000         40.9303948531332    
     3.35595000000000         40.9302471566015    
     3.35660000000000         40.9300996556573    
     3.35725000000000         40.9299523500224    
     3.35790000000000         40.9298052394191    
     3.35855000000000         40.9296583235701    
     3.35920000000000         40.9295116021984    
     3.35985000000000         40.9293650750277    
     3.36050000000000         40.9292187417818    
     3.36115000000000         40.9290726021853    
     3.36180000000000         40.9289266559629    
     3.36245000000000         40.9287809028398    
     3.36310000000000         40.9286353425419    
     3.36375000000000         40.9284899747951    
     3.36440000000000         40.9283447993260    
     3.36505000000000         40.9281998158616    
     3.36570000000000         40.9280550241292    
     3.36635000000000         40.9279104238567    
     3.36700000000000         40.9277660147722    
     3.36765000000000         40.9276217966045    
     3.36830000000000         40.9274777690825    
     3.36895000000000         40.9273339319358    
     3.36960000000000         40.9271902848942    
     3.37025000000000         40.9270468276881    
     3.37090000000000         40.9269035600483    
     3.37155000000000         40.9267604817058    
     3.37220000000000         40.9266175923922    
     3.37285000000000         40.9264748918395    
     3.37350000000000         40.9263323797802    
     3.37415000000000         40.9261900559470    
     3.37480000000000         40.9260479200732    
     3.37545000000000         40.9259059718923    
     3.37610000000000         40.9257642111385    
     3.37675000000000         40.9256226375462    
     3.37740000000000         40.9254812508502    
     3.37805000000000         40.9253400507860    
     3.37870000000000         40.9251990370890    
     3.37935000000000         40.9250582094955    
     3.38000000000000         40.9249175677420    
     3.38065000000000         40.9247771115652    
     3.38130000000000         40.9246368407027    
     3.38195000000000         40.9244967548921    
     3.38260000000000         40.9243568538714    
     3.38325000000000         40.9242171373794    
     3.38390000000000         40.9240776051548    
     3.38455000000000         40.9239382569370    
     3.38520000000000         40.9237990924658    
     3.38585000000000         40.9236601114812    
     3.38650000000000         40.9235213137240    
     3.38715000000000         40.9233826989349    
     3.38780000000000         40.9232442668553    
     3.38845000000000         40.9231060172269    
     3.38910000000000         40.9229679497920    
     3.38975000000000         40.9228300642930    
     3.39040000000000         40.9226923604729    
     3.39105000000000         40.9225548380749    
     3.39170000000000         40.9224174968428    
     3.39235000000000         40.9222803365208    
     3.39300000000000         40.9221433568532    
     3.39365000000000         40.9220065575851    
     3.39430000000000         40.9218699384618    
     3.39495000000000         40.9217334992288    
     3.39560000000000         40.9215972396323    
     3.39625000000000         40.9214611594188    
     3.39690000000000         40.9213252583351    
     3.39755000000000         40.9211895361284    
     3.39820000000000         40.9210539925465    
     3.39885000000000         40.9209186273372    
     3.39950000000000         40.9207834402491    
     3.40015000000000         40.9206484310309    
     3.40080000000000         40.9205135994318    
     3.40145000000000         40.9203789452014    
     3.40210000000000         40.9202444680896    
     3.40275000000000         40.9201101678468    
     3.40340000000000         40.9199760442237    
     3.40405000000000         40.9198420969714    
     3.40470000000000         40.9197083258413    
     3.40535000000000         40.9195747305854    
     3.40600000000000         40.9194413109559    
     3.40665000000000         40.9193080667054    
     3.40730000000000         40.9191749975869    
     3.40795000000000         40.9190421033538    
     3.40860000000000         40.9189093837599    
     3.40925000000000         40.9187768385593    
     3.40990000000000         40.9186444675065    
     3.41055000000000         40.9185122703564    
     3.41120000000000         40.9183802468644    
     3.41185000000000         40.9182483967860    
     3.41250000000000         40.9181167198772    
     3.41315000000000         40.9179852158945    
     3.41380000000000         40.9178538845946    
     3.41445000000000         40.9177227257347    
     3.41510000000000         40.9175917390722    
     3.41575000000000         40.9174609243650    
     3.41640000000000         40.9173302813715    
     3.41705000000000         40.9171998098502    
     3.41770000000000         40.9170695095601    
     3.41835000000000         40.9169393802606    
     3.41900000000000         40.9168094217113    
     3.41965000000000         40.9166796336725    
     3.42030000000000         40.9165500159045    
     3.42095000000000         40.9164205681682    
     3.42160000000000         40.9162912902248    
     3.42225000000000         40.9161621818358    
     3.42290000000000         40.9160332427632    
     3.42355000000000         40.9159044727692    
     3.42420000000000         40.9157758716166    
     3.42485000000000         40.9156474390682    
     3.42550000000000         40.9155191748876    
     3.42615000000000         40.9153910788383    
     3.42680000000000         40.9152631506846    
     3.42745000000000         40.9151353901909    
     3.42810000000000         40.9150077971220    
     3.42875000000000         40.9148803712430    
     3.42940000000000         40.9147531123196    
     3.43005000000000         40.9146260201176    
     3.43070000000000         40.9144990944032    
     3.43135000000000         40.9143723349430    
     3.43200000000000         40.9142457415041    
     3.43265000000000         40.9141193138537    
     3.43330000000000         40.9139930517595    
     3.43395000000000         40.9138669549896    
     3.43460000000000         40.9137410233123    
     3.43525000000000         40.9136152564963    
     3.43590000000000         40.9134896543107    
     3.43655000000000         40.9133642165250    
     3.43720000000000         40.9132389429090    
     3.43785000000000         40.9131138332327    
     3.43850000000000         40.9129888872667    
     3.43915000000000         40.9128641047819    
     3.43980000000000         40.9127394855493    
     3.44045000000000         40.9126150293406    
     3.44110000000000         40.9124907359276    
     3.44175000000000         40.9123666050826    
     3.44240000000000         40.9122426365781    
     3.44305000000000         40.9121188301870    
     3.44370000000000         40.9119951856827    
     3.44435000000000         40.9118717028387    
     3.44500000000000         40.9117483814289    
     3.44565000000000         40.9116252212278    
     3.44630000000000         40.9115022220099    
     3.44695000000000         40.9113793835502    
     3.44760000000000         40.9112567056240    
     3.44825000000000         40.9111341880071    
     3.44890000000000         40.9110118304754    
     3.44955000000000         40.9108896328052    
     3.45020000000000         40.9107675947733    
     3.45085000000000         40.9106457161567    
     3.45150000000000         40.9105239967328    
     3.45215000000000         40.9104024362792    
     3.45280000000000         40.9102810345740    
     3.45345000000000         40.9101597913956    
     3.45410000000000         40.9100387065227    
     3.45475000000000         40.9099177797344    
     3.45540000000000         40.9097970108100    
     3.45605000000000         40.9096763995293    
     3.45670000000000         40.9095559456722    
     3.45735000000000         40.9094356490193    
     3.45800000000000         40.9093155093512    
     3.45865000000000         40.9091955264490    
     3.45930000000000         40.9090757000940    
     3.45995000000000         40.9089560300680    
     3.46060000000000         40.9088365161530    
     3.46125000000000         40.9087171581315    
     3.46190000000000         40.9085979557860    
     3.46255000000000         40.9084789088997    
     3.46320000000000         40.9083600172559    
     3.46385000000000         40.9082412806384    
     3.46450000000000         40.9081226988310    
     3.46515000000000         40.9080042716182    
     3.46580000000000         40.9078859987847    
     3.46645000000000         40.9077678801154    
     3.46710000000000         40.9076499153957    
     3.46775000000000         40.9075321044112    
     3.46840000000000         40.9074144469479    
     3.46905000000000         40.9072969427920    
     3.46970000000000         40.9071795917303    
     3.47035000000000         40.9070623935497    
     3.47100000000000         40.9069453480373    
     3.47165000000000         40.9068284549809    
     3.47230000000000         40.9067117141682    
     3.47295000000000         40.9065951253876    
     3.47360000000000         40.9064786884276    
     3.47425000000000         40.9063624030771    
     3.47490000000000         40.9062462691251    
     3.47555000000000         40.9061302863613    
     3.47620000000000         40.9060144545755    
     3.47685000000000         40.9058987735578    
     3.47750000000000         40.9057832430986    
     3.47815000000000         40.9056678629888    
     3.47880000000000         40.9055526330193    
     3.47945000000000         40.9054375529817    
     3.48010000000000         40.9053226226676    
     3.48075000000000         40.9052078418691    
     3.48140000000000         40.9050932103785    
     3.48205000000000         40.9049787279884    
     3.48270000000000         40.9048643944919    
     3.48335000000000         40.9047502096822    
     3.48400000000000         40.9046361733530    
     3.48465000000000         40.9045222852980    
     3.48530000000000         40.9044085453116    
     3.48595000000000         40.9042949531882    
     3.48660000000000         40.9041815087227    
     3.48725000000000         40.9040682117103    
     3.48790000000000         40.9039550619464    
     3.48855000000000         40.9038420592267    
     3.48920000000000         40.9037292033473    
     3.48985000000000         40.9036164941046    
     3.49050000000000         40.9035039312953    
     3.49115000000000         40.9033915147163    
     3.49180000000000         40.9032792441650    
     3.49245000000000         40.9031671194390    
     3.49310000000000         40.9030551403361    
     3.49375000000000         40.9029433066545    
     3.49440000000000         40.9028316181928    
     3.49505000000000         40.9027200747498    
     3.49570000000000         40.9026086761246    
     3.49635000000000         40.9024974221166    
     3.49700000000000         40.9023863125255    
     3.49765000000000         40.9022753471514    
     3.49830000000000         40.9021645257945    
     3.49895000000000         40.9020538482554    
     3.49960000000000         40.9019433143352    
     3.50025000000000         40.9018329238350    
     3.50090000000000         40.9017226765563    
     3.50155000000000         40.9016125723010    
     3.50220000000000         40.9015026108711    
     3.50285000000000         40.9013927920690    
     3.50350000000000         40.9012831156975    
     3.50415000000000         40.9011735815596    
     3.50480000000000         40.9010641894585    
     3.50545000000000         40.9009549391979    
     3.50610000000000         40.9008458305816    
     3.50675000000000         40.9007368634138    
     3.50740000000000         40.9006280374990    
     3.50805000000000         40.9005193526420    
     3.50870000000000         40.9004108086477    
     3.50935000000000         40.9003024053216    
     3.51000000000000         40.9001941424693    
     3.51065000000000         40.9000860198967    
     3.51130000000000         40.8999780374101    
     3.51195000000000         40.8998701948159    
     3.51260000000000         40.8997624919211    
     3.51325000000000         40.8996549285325    
     3.51390000000000         40.8995475044577    
     3.51455000000000         40.8994402195044    
     3.51520000000000         40.8993330734804    
     3.51585000000000         40.8992260661940    
     3.51650000000000         40.8991191974537    
     3.51715000000000         40.8990124670684    
     3.51780000000000         40.8989058748472    
     3.51845000000000         40.8987994205995    
     3.51910000000000         40.8986931041348    
     3.51975000000000         40.8985869252633    
     3.52040000000000         40.8984808837951    
     3.52105000000000         40.8983749795407    
     3.52170000000000         40.8982692123110    
     3.52235000000000         40.8981635819171    
     3.52300000000000         40.8980580881703    
     3.52365000000000         40.8979527308823    
     3.52430000000000         40.8978475098651    
     3.52495000000000         40.8977424249307    
     3.52560000000000         40.8976374758919    
     3.52625000000000         40.8975326625612    
     3.52690000000000         40.8974279847518    
     3.52755000000000         40.8973234422771    
     3.52820000000000         40.8972190349506    
     3.52885000000000         40.8971147625862    
     3.52950000000000         40.8970106249981    
     3.53015000000000         40.8969066220007    
     3.53080000000000         40.8968027534088    
     3.53145000000000         40.8966990190374    
     3.53210000000000         40.8965954187018    
     3.53275000000000         40.8964919522174    
     3.53340000000000         40.8963886194002    
     3.53405000000000         40.8962854200662    
     3.53470000000000         40.8961823540318    
     3.53535000000000         40.8960794211136    
     3.53600000000000         40.8959766211286    
     3.53665000000000         40.8958739538940    
     3.53730000000000         40.8957714192273    
     3.53795000000000         40.8956690169461    
     3.53860000000000         40.8955667468685    
     3.53925000000000         40.8954646088128    
     3.53990000000000         40.8953626025975    
     3.54055000000000         40.8952607280414    
     3.54120000000000         40.8951589849637    
     3.54185000000000         40.8950573731836    
     3.54250000000000         40.8949558925209    
     3.54315000000000         40.8948545427954    
     3.54380000000000         40.8947533238273    
     3.54445000000000         40.8946522354370    
     3.54510000000000         40.8945512774452    
     3.54575000000000         40.8944504496729    
     3.54640000000000         40.8943497519413    
     3.54705000000000         40.8942491840719    
     3.54770000000000         40.8941487458865    
     3.54835000000000         40.8940484372071    
     3.54900000000000         40.8939482578560    
     3.54965000000000         40.8938482076557    
     3.55030000000000         40.8937482864291    
     3.55095000000000         40.8936484939993    
     3.55160000000000         40.8935488301895    
     3.55225000000000         40.8934492948235    
     3.55290000000000         40.8933498877250    
     3.55355000000000         40.8932506087182    
     3.55420000000000         40.8931514576275    
     3.55485000000000         40.8930524342775    
     3.55550000000000         40.8929535384932    
     3.55615000000000         40.8928547700997    
     3.55680000000000         40.8927561289225    
     3.55745000000000         40.8926576147872    
     3.55810000000000         40.8925592275198    
     3.55875000000000         40.8924609669465    
     3.55940000000000         40.8923628328938    
     3.56005000000000         40.8922648251883    
     3.56070000000000         40.8921669436571    
     3.56135000000000         40.8920691881274    
     3.56200000000000         40.8919715584267    
     3.56265000000000         40.8918740543827    
     3.56330000000000         40.8917766758234    
     3.56395000000000         40.8916794225771    
     3.56460000000000         40.8915822944723    
     3.56525000000000         40.8914852913377    
     3.56590000000000         40.8913884130024    
     3.56655000000000         40.8912916592957    
     3.56720000000000         40.8911950300470    
     3.56785000000000         40.8910985250861    
     3.56850000000000         40.8910021442431    
     3.56915000000000         40.8909058873482    
     3.56980000000000         40.8908097542319    
     3.57045000000000         40.8907137447251    
     3.57110000000000         40.8906178586588    
     3.57175000000000         40.8905220958642    
     3.57240000000000         40.8904264561728    
     3.57305000000000         40.8903309394166    
     3.57370000000000         40.8902355454273    
     3.57435000000000         40.8901402740375    
     3.57500000000000         40.8900451250794    
     3.57565000000000         40.8899500983861    
     3.57630000000000         40.8898551937903    
     3.57695000000000         40.8897604111255    
     3.57760000000000         40.8896657502251    
     3.57825000000000         40.8895712109228    
     3.57890000000000         40.8894767930527    
     3.57955000000000         40.8893824964491    
     3.58020000000000         40.8892883209463    
     3.58085000000000         40.8891942663791    
     3.58150000000000         40.8891003325826    
     3.58215000000000         40.8890065193919    
     3.58280000000000         40.8889128266424    
     3.58345000000000         40.8888192541700    
     3.58410000000000         40.8887258018105    
     3.58475000000000         40.8886324694001    
     3.58540000000000         40.8885392567752    
     3.58605000000000         40.8884461637726    
     3.58670000000000         40.8883531902292    
     3.58735000000000         40.8882603359820    
     3.58800000000000         40.8881676008685    
     3.58865000000000         40.8880749847263    
     3.58930000000000         40.8879824873933    
     3.58995000000000         40.8878901087076    
     3.59060000000000         40.8877978485075    
     3.59125000000000         40.8877057066316    
     3.59190000000000         40.8876136829188    
     3.59255000000000         40.8875217772081    
     3.59320000000000         40.8874299893388    
     3.59385000000000         40.8873383191504    
     3.59450000000000         40.8872467664828    
     3.59515000000000         40.8871553311758    
     3.59580000000000         40.8870640130698    
     3.59645000000000         40.8869728120052    
     3.59710000000000         40.8868817278227    
     3.59775000000000         40.8867907603634    
     3.59840000000000         40.8866999094682    
     3.59905000000000         40.8866091749787    
     3.59970000000000         40.8865185567366    
     3.60035000000000         40.8864280545836    
     3.60100000000000         40.8863376683619    
     3.60165000000000         40.8862473979138    
     3.60230000000000         40.8861572430819    
     3.60295000000000         40.8860672037091    
     3.60360000000000         40.8859772796382    
     3.60425000000000         40.8858874707127    
     3.60490000000000         40.8857977767759    
     3.60555000000000         40.8857081976717    
     3.60620000000000         40.8856187332439    
     3.60685000000000         40.8855293833368    
     3.60750000000000         40.8854401477948    
     3.60815000000000         40.8853510264624    
     3.60880000000000         40.8852620191846    
     3.60945000000000         40.8851731258065    
     3.61010000000000         40.8850843461734    
     3.61075000000000         40.8849956801307    
     3.61140000000000         40.8849071275244    
     3.61205000000000         40.8848186882004    
     3.61270000000000         40.8847303620048    
     3.61335000000000         40.8846421487843    
     3.61400000000000         40.8845540483854    
     3.61465000000000         40.8844660606551    
     3.61530000000000         40.8843781854404    
     3.61595000000000         40.8842904225888    
     3.61660000000000         40.8842027719477    
     3.61725000000000         40.8841152333651    
     3.61790000000000         40.8840278066888    
     3.61855000000000         40.8839404917672    
     3.61920000000000         40.8838532884487    
     3.61985000000000         40.8837661965819    
     3.62050000000000         40.8836792160159    
     3.62115000000000         40.8835923465997    
     3.62180000000000         40.8835055881826    
     3.62245000000000         40.8834189406143    
     3.62310000000000         40.8833324037445    
     3.62375000000000         40.8832459774232    
     3.62440000000000         40.8831596615007    
     3.62505000000000         40.8830734558273    
     3.62570000000000         40.8829873602538    
     3.62635000000000         40.8829013746310    
     3.62700000000000         40.8828154988101    
     3.62765000000000         40.8827297326423    
     3.62830000000000         40.8826440759792    
     3.62895000000000         40.8825585286726    
     3.62960000000000         40.8824730905743    
     3.63025000000000         40.8823877615366    
     3.63090000000000         40.8823025414119    
     3.63155000000000         40.8822174300527    
     3.63220000000000         40.8821324273120    
     3.63285000000000         40.8820475330428    
     3.63350000000000         40.8819627470983    
     3.63415000000000         40.8818780693319    
     3.63480000000000         40.8817934995975    
     3.63545000000000         40.8817090377488    
     3.63610000000000         40.8816246836400    
     3.63675000000000         40.8815404371254    
     3.63740000000000         40.8814562980596    
     3.63805000000000         40.8813722662972    
     3.63870000000000         40.8812883416933    
     3.63935000000000         40.8812045241031    
     3.64000000000000         40.8811208133818    
     3.64065000000000         40.8810372093852    
     3.64130000000000         40.8809537119689    
     3.64195000000000         40.8808703209891    
     3.64260000000000         40.8807870363019    
     3.64325000000000         40.8807038577638    
     3.64390000000000         40.8806207852314    
     3.64455000000000         40.8805378185616    
     3.64520000000000         40.8804549576114    
     3.64585000000000         40.8803722022381    
     3.64650000000000         40.8802895522991    
     3.64715000000000         40.8802070076522    
     3.64780000000000         40.8801245681552    
     3.64845000000000         40.8800422336662    
     3.64910000000000         40.8799600040436    
     3.64975000000000         40.8798778791458    
     3.65040000000000         40.8797958588316    
     3.65105000000000         40.8797139429598    
     3.65170000000000         40.8796321313896    
     3.65235000000000         40.8795504239803    
     3.65300000000000         40.8794688205915    
     3.65365000000000         40.8793873210828    
     3.65430000000000         40.8793059253143    
     3.65495000000000         40.8792246331461    
     3.65560000000000         40.8791434444384    
     3.65625000000000         40.8790623590519    
     3.65690000000000         40.8789813768474    
     3.65755000000000         40.8789004976857    
     3.65820000000000         40.8788197214280    
     3.65885000000000         40.8787390479357    
     3.65950000000000         40.8786584770703    
     3.66015000000000         40.8785780086936    
     3.66080000000000         40.8784976426676    
     3.66145000000000         40.8784173788544    
     3.66210000000000         40.8783372171164    
     3.66275000000000         40.8782571573161    
     3.66340000000000         40.8781771993163    
     3.66405000000000         40.8780973429800    
     3.66470000000000         40.8780175881702    
     3.66535000000000         40.8779379347504    
     3.66600000000000         40.8778583825841    
     3.66665000000000         40.8777789315351    
     3.66730000000000         40.8776995814673    
     3.66795000000000         40.8776203322448    
     3.66860000000000         40.8775411837320    
     3.66925000000000         40.8774621357935    
     3.66990000000000         40.8773831882939    
     3.67055000000000         40.8773043410982    
     3.67120000000000         40.8772255940716    
     3.67185000000000         40.8771469470792    
     3.67250000000000         40.8770683999867    
     3.67315000000000         40.8769899526598    
     3.67380000000000         40.8769116049643    
     3.67445000000000         40.8768333567664    
     3.67510000000000         40.8767552079324    
     3.67575000000000         40.8766771583286    
     3.67640000000000         40.8765992078219    
     3.67705000000000         40.8765213562791    
     3.67770000000000         40.8764436035672    
     3.67835000000000         40.8763659495536    
     3.67900000000000         40.8762883941056    
     3.67965000000000         40.8762109370908    
     3.68030000000000         40.8761335783772    
     3.68095000000000         40.8760563178327    
     3.68160000000000         40.8759791553256    
     3.68225000000000         40.8759020907242    
     3.68290000000000         40.8758251238972    
     3.68355000000000         40.8757482547132    
     3.68420000000000         40.8756714830414    
     3.68485000000000         40.8755948087508    
     3.68550000000000         40.8755182317108    
     3.68615000000000         40.8754417517910    
     3.68680000000000         40.8753653688610    
     3.68745000000000         40.8752890827908    
     3.68810000000000         40.8752128934505    
     3.68875000000000         40.8751368007103    
     3.68940000000000         40.8750608044407    
     3.69005000000000         40.8749849045125    
     3.69070000000000         40.8749091007964    
     3.69135000000000         40.8748333931635    
     3.69200000000000         40.8747577814850    
     3.69265000000000         40.8746822656323    
     3.69330000000000         40.8746068454771    
     3.69395000000000         40.8745315208909    
     3.69460000000000         40.8744562917460    
     3.69525000000000         40.8743811579143    
     3.69590000000000         40.8743061192682    
     3.69655000000000         40.8742311756803    
     3.69720000000000         40.8741563270231    
     3.69785000000000         40.8740815731697    
     3.69850000000000         40.8740069139930    
     3.69915000000000         40.8739323493664    
     3.69980000000000         40.8738578791632    
     3.70045000000000         40.8737835032570    
     3.70110000000000         40.8737092215217    
     3.70175000000000         40.8736350338312    
     3.70240000000000         40.8735609400597    
     3.70305000000000         40.8734869400815    
     3.70370000000000         40.8734130337711    
     3.70435000000000         40.8733392210032    
     3.70500000000000         40.8732655016527    
     3.70565000000000         40.8731918755947    
     3.70630000000000         40.8731183427044    
     3.70695000000000         40.8730449028572    
     3.70760000000000         40.8729715559287    
     3.70825000000000         40.8728983017946    
     3.70890000000000         40.8728251403310    
     3.70955000000000         40.8727520714139    
     3.71020000000000         40.8726790949197    
     3.71085000000000         40.8726062107249    
     3.71150000000000         40.8725334187061    
     3.71215000000000         40.8724607187401    
     3.71280000000000         40.8723881107040    
     3.71345000000000         40.8723155944750    
     3.71410000000000         40.8722431699304    
     3.71475000000000         40.8721708369478    
     3.71540000000000         40.8720985954049    
     3.71605000000000         40.8720264451795    
     3.71670000000000         40.8719543861499    
     3.71735000000000         40.8718824181941    
     3.71800000000000         40.8718105411907    
     3.71865000000000         40.8717387550183    
     3.71930000000000         40.8716670595555    
     3.71995000000000         40.8715954546814    
     3.72060000000000         40.8715239402750    
     3.72125000000000         40.8714525162157    
     3.72190000000000         40.8713811823829    
     3.72255000000000         40.8713099386563    
     3.72320000000000         40.8712387849156    
     3.72385000000000         40.8711677210408    
     3.72450000000000         40.8710967469122    
     3.72515000000000         40.8710258624099    
     3.72580000000000         40.8709550674145    
     3.72645000000000         40.8708843618068    
     3.72710000000000         40.8708137454674    
     3.72775000000000         40.8707432182775    
     3.72840000000000         40.8706727801181    
     3.72905000000000         40.8706024308707    
     3.72970000000000         40.8705321704167    
     3.73035000000000         40.8704619986379    
     3.73100000000000         40.8703919154161    
     3.73165000000000         40.8703219206333    
     3.73230000000000         40.8702520141717    
     3.73295000000000         40.8701821959137    
     3.73360000000000         40.8701124657419    
     3.73425000000000         40.8700428235388    
     3.73490000000000         40.8699732691874    
     3.73555000000000         40.8699038025707    
     3.73620000000000         40.8698344235719    
     3.73685000000000         40.8697651320744    
     3.73750000000000         40.8696959279617    
     3.73815000000000         40.8696268111175    
     3.73880000000000         40.8695577814257    
     3.73945000000000         40.8694888387703    
     3.74010000000000         40.8694199830355    
     3.74075000000000         40.8693512141056    
     3.74140000000000         40.8692825318652    
     3.74205000000000         40.8692139361991    
     3.74270000000000         40.8691454269919    
     3.74335000000000         40.8690770041288    
     3.74400000000000         40.8690086674950    
     3.74465000000000         40.8689404169758    
     3.74530000000000         40.8688722524566    
     3.74595000000000         40.8688041738233    
     3.74660000000000         40.8687361809616    
     3.74725000000000         40.8686682737575    
     3.74790000000000         40.8686004520972    
     3.74855000000000         40.8685327158670    
     3.74920000000000         40.8684650649534    
     3.74985000000000         40.8683974992431    
     3.75050000000000         40.8683300186228    
     3.75115000000000         40.8682626229795    
     3.75180000000000         40.8681953122005    
     3.75245000000000         40.8681280861729    
     3.75310000000000         40.8680609447842    
     3.75375000000000         40.8679938879220    
     3.75440000000000         40.8679269154742    
     3.75505000000000         40.8678600273286    
     3.75570000000000         40.8677932233733    
     3.75635000000000         40.8677265034966    
     3.75700000000000         40.8676598675870    
     3.75765000000000         40.8675933155329    
     3.75830000000000         40.8675268472231    
     3.75895000000000         40.8674604625465    
     3.75960000000000         40.8673941613921    
     3.76025000000000         40.8673279436492    
     3.76090000000000         40.8672618092071    
     3.76155000000000         40.8671957579553    
     3.76220000000000         40.8671297897835    
     3.76285000000000         40.8670639045816    
     3.76350000000000         40.8669981022395    
     3.76415000000000         40.8669323826473    
     3.76480000000000         40.8668667456954    
     3.76545000000000         40.8668011912742    
     3.76610000000000         40.8667357192744    
     3.76675000000000         40.8666703295867    
     3.76740000000000         40.8666050221020    
     3.76805000000000         40.8665397967114    
     3.76870000000000         40.8664746533062    
     3.76935000000000         40.8664095917776    
     3.77000000000000         40.8663446120174    
     3.77065000000000         40.8662797139171    
     3.77130000000000         40.8662148973687    
     3.77195000000000         40.8661501622640    
     3.77260000000000         40.8660855084954    
     3.77325000000000         40.8660209359550    
     3.77390000000000         40.8659564445353    
     3.77455000000000         40.8658920341290    
     3.77520000000000         40.8658277046289    
     3.77585000000000         40.8657634559278    
     3.77650000000000         40.8656992879188    
     3.77715000000000         40.8656352004951    
     3.77780000000000         40.8655711935501    
     3.77845000000000         40.8655072669774    
     3.77910000000000         40.8654434206706    
     3.77975000000000         40.8653796545235    
     3.78040000000000         40.8653159684301    
     3.78105000000000         40.8652523622846    
     3.78170000000000         40.8651888359811    
     3.78235000000000         40.8651253894142    
     3.78300000000000         40.8650620224785    
     3.78365000000000         40.8649987350685    
     3.78430000000000         40.8649355270793    
     3.78495000000000         40.8648723984058    
     3.78560000000000         40.8648093489431    
     3.78625000000000         40.8647463785868    
     3.78690000000000         40.8646834872321    
     3.78755000000000         40.8646206747747    
     3.78820000000000         40.8645579411104    
     3.78885000000000         40.8644952861350    
     3.78950000000000         40.8644327097447    
     3.79015000000000         40.8643702118356    
     3.79080000000000         40.8643077923042    
     3.79145000000000         40.8642454510468    
     3.79210000000000         40.8641831879601    
     3.79275000000000         40.8641210029410    
     3.79340000000000         40.8640588958863    
     3.79405000000000         40.8639968666932    
     3.79470000000000         40.8639349152589    
     3.79535000000000         40.8638730414806    
     3.79600000000000         40.8638112452561    
     3.79665000000000         40.8637495264828    
     3.79730000000000         40.8636878850587    
     3.79795000000000         40.8636263208816    
     3.79860000000000         40.8635648338498    
     3.79925000000000         40.8635034238613    
     3.79990000000000         40.8634420908146    
     3.80055000000000         40.8633808346083    
     3.80120000000000         40.8633196551409    
     3.80185000000000         40.8632585523113    
     3.80250000000000         40.8631975260185    
     3.80315000000000         40.8631365761615    
     3.80380000000000         40.8630757026396    
     3.80445000000000         40.8630149053522    
     3.80510000000000         40.8629541841987    
     3.80575000000000         40.8628935390789    
     3.80640000000000         40.8628329698926    
     3.80705000000000         40.8627724765397    
     3.80770000000000         40.8627120589203    
     3.80835000000000         40.8626517169346    
     3.80900000000000         40.8625914504831    
     3.80965000000000         40.8625312594661    
     3.81030000000000         40.8624711437844    
     3.81095000000000         40.8624111033387    
     3.81160000000000         40.8623511380300    
     3.81225000000000         40.8622912477593    
     3.81290000000000         40.8622314324279    
     3.81355000000000         40.8621716919372    
     3.81420000000000         40.8621120261885    
     3.81485000000000         40.8620524350835    
     3.81550000000000         40.8619929185240    
     3.81615000000000         40.8619334764119    
     3.81680000000000         40.8618741086492    
     3.81745000000000         40.8618148151381    
     3.81810000000000         40.8617555957809    
     3.81875000000000         40.8616964504801    
     3.81940000000000         40.8616373791382    
     3.82005000000000         40.8615783816580    
     3.82070000000000         40.8615194579424    
     3.82135000000000         40.8614606078943    
     3.82200000000000         40.8614018314169    
     3.82265000000000         40.8613431284135    
     3.82330000000000         40.8612844987874    
     3.82395000000000         40.8612259424423    
     3.82460000000000         40.8611674592817    
     3.82525000000000         40.8611090492095    
     3.82590000000000         40.8610507121297    
     3.82655000000000         40.8609924479463    
     3.82720000000000         40.8609342565636    
     3.82785000000000         40.8608761378859    
     3.82850000000000         40.8608180918177    
     3.82915000000000         40.8607601182637    
     3.82980000000000         40.8607022171285    
     3.83045000000000         40.8606443883171    
     3.83110000000000         40.8605866317345    
     3.83175000000000         40.8605289472858    
     3.83240000000000         40.8604713348764    
     3.83305000000000         40.8604137944116    
     3.83370000000000         40.8603563257971    
     3.83435000000000         40.8602989289384    
     3.83500000000000         40.8602416037415    
     3.83565000000000         40.8601843501123    
     3.83630000000000         40.8601271679569    
     3.83695000000000         40.8600700571814    
     3.83760000000000         40.8600130176923    
     3.83825000000000         40.8599560493959    
     3.83890000000000         40.8598991521990    
     3.83955000000000         40.8598423260082    
     3.84020000000000         40.8597855707305    
     3.84085000000000         40.8597288862728    
     3.84150000000000         40.8596722725422    
     3.84215000000000         40.8596157294461    
     3.84280000000000         40.8595592568917    
     3.84345000000000         40.8595028547867    
     3.84410000000000         40.8594465230387    
     3.84475000000000         40.8593902615555    
     3.84540000000000         40.8593340702449    
     3.84605000000000         40.8592779490150    
     3.84670000000000         40.8592218977740    
     3.84735000000000         40.8591659164302    
     3.84800000000000         40.8591100048920    
     3.84865000000000         40.8590541630679    
     3.84930000000000         40.8589983908666    
     3.84995000000000         40.8589426881970    
     3.85060000000000         40.8588870549679    
     3.85125000000000         40.8588314910885    
     3.85190000000000         40.8587759964678    
     3.85255000000000         40.8587205710153    
     3.85320000000000         40.8586652146404    
     3.85385000000000         40.8586099272526    
     3.85450000000000         40.8585547087617    
     3.85515000000000         40.8584995590774    
     3.85580000000000         40.8584444781097    
     3.85645000000000         40.8583894657687    
     3.85710000000000         40.8583345219646    
     3.85775000000000         40.8582796466077    
     3.85840000000000         40.8582248396084    
     3.85905000000000         40.8581701008774    
     3.85970000000000         40.8581154303253    
     3.86035000000000         40.8580608278629    
     3.86100000000000         40.8580062934013    
     3.86165000000000         40.8579518268514    
     3.86230000000000         40.8578974281244    
     3.86295000000000         40.8578430971318    
     3.86360000000000         40.8577888337849    
     3.86425000000000         40.8577346379953    
     3.86490000000000         40.8576805096747    
     3.86555000000000         40.8576264487348    
     3.86620000000000         40.8575724550878    
     3.86685000000000         40.8575185286455    
     3.86750000000000         40.8574646693202    
     3.86815000000000         40.8574108770242    
     3.86880000000000         40.8573571516700    
     3.86945000000000         40.8573034931700    
     3.87010000000000         40.8572499014369    
     3.87075000000000         40.8571963763835    
     3.87140000000000         40.8571429179228    
     3.87205000000000         40.8570895259678    
     3.87270000000000         40.8570362004316    
     3.87335000000000         40.8569829412276    
     3.87400000000000         40.8569297482690    
     3.87465000000000         40.8568766214695    
     3.87530000000000         40.8568235607426    
     3.87595000000000         40.8567705660022    
     3.87660000000000         40.8567176371621    
     3.87725000000000         40.8566647741363    
     3.87790000000000         40.8566119768389    
     3.87855000000000         40.8565592451842    
     3.87920000000000         40.8565065790865    
     3.87985000000000         40.8564539784603    
     3.88050000000000         40.8564014432202    
     3.88115000000000         40.8563489732809    
     3.88180000000000         40.8562965685573    
     3.88245000000000         40.8562442289642    
     3.88310000000000         40.8561919544169    
     3.88375000000000         40.8561397448303    
     3.88440000000000         40.8560876001200    
     3.88505000000000         40.8560355202012    
     3.88570000000000         40.8559835049895    
     3.88635000000000         40.8559315544006    
     3.88700000000000         40.8558796683503    
     3.88765000000000         40.8558278467544    
     3.88830000000000         40.8557760895290    
     3.88895000000000         40.8557243965902    
     3.88960000000000         40.8556727678541    
     3.89025000000000         40.8556212032373    
     3.89090000000000         40.8555697026561    
     3.89155000000000         40.8555182660272    
     3.89220000000000         40.8554668932673    
     3.89285000000000         40.8554155842931    
     3.89350000000000         40.8553643390216    
     3.89415000000000         40.8553131573699    
     3.89480000000000         40.8552620392551    
     3.89545000000000         40.8552109845946    
     3.89610000000000         40.8551599933056    
     3.89675000000000         40.8551090653058    
     3.89740000000000         40.8550582005128    
     3.89805000000000         40.8550073988442    
     3.89870000000000         40.8549566602180    
     3.89935000000000         40.8549059845521    
     3.90000000000000         40.8548553717646    
     3.90065000000000         40.8548048217737    
     3.90130000000000         40.8547543344976    
     3.90195000000000         40.8547039098550    
     3.90260000000000         40.8546535477641    
     3.90325000000000         40.8546032481438    
     3.90390000000000         40.8545530109128    
     3.90455000000000         40.8545028359899    
     3.90520000000000         40.8544527232941    
     3.90585000000000         40.8544026727445    
     3.90650000000000         40.8543526842604    
     3.90715000000000         40.8543027577610    
     3.90780000000000         40.8542528931659    
     3.90845000000000         40.8542030903944    
     3.90910000000000         40.8541533493663    
     3.90975000000000         40.8541036700014    
     3.91040000000000         40.8540540522196    
     3.91105000000000         40.8540044959407    
     3.91170000000000         40.8539550010850    
     3.91235000000000         40.8539055675726    
     3.91300000000000         40.8538561953238    
     3.91365000000000         40.8538068842592    
     3.91430000000000         40.8537576342991    
     3.91495000000000         40.8537084453644    
     3.91560000000000         40.8536593173757    
     3.91625000000000         40.8536102502538    
     3.91690000000000         40.8535612439199    
     3.91755000000000         40.8535122982949    
     3.91820000000000         40.8534634133001    
     3.91885000000000         40.8534145888568    
     3.91950000000000         40.8533658248863    
     3.92015000000000         40.8533171213103    
     3.92080000000000         40.8532684780503    
     3.92145000000000         40.8532198950281    
     3.92210000000000         40.8531713721655    
     3.92275000000000         40.8531229093845    
     3.92340000000000         40.8530745066072    
     3.92405000000000         40.8530261637557    
     3.92470000000000         40.8529778807523    
     3.92535000000000         40.8529296575193    
     3.92600000000000         40.8528814939794    
     3.92665000000000         40.8528333900550    
     3.92730000000000         40.8527853456689    
     3.92795000000000         40.8527373607439    
     3.92860000000000         40.8526894352029    
     3.92925000000000         40.8526415689690    
     3.92990000000000         40.8525937619652    
     3.93055000000000         40.8525460141149    
     3.93120000000000         40.8524983253413    
     3.93185000000000         40.8524506955679    
     3.93250000000000         40.8524031247183    
     3.93315000000000         40.8523556127161    
     3.93380000000000         40.8523081594850    
     3.93445000000000         40.8522607649491    
     3.93510000000000         40.8522134290322    
     3.93575000000000         40.8521661516583    
     3.93640000000000         40.8521189327518    
     3.93705000000000         40.8520717722369    
     3.93770000000000         40.8520246700379    
     3.93835000000000         40.8519776260795    
     3.93900000000000         40.8519306402861    
     3.93965000000000         40.8518837125824    
     3.94030000000000         40.8518368428934    
     3.94095000000000         40.8517900311439    
     3.94160000000000         40.8517432772589    
     3.94225000000000         40.8516965811635    
     3.94290000000000         40.8516499427830    
     3.94355000000000         40.8516033620427    
     3.94420000000000         40.8515568388680    
     3.94485000000000         40.8515103731844    
     3.94550000000000         40.8514639649176    
     3.94615000000000         40.8514176139934    
     3.94680000000000         40.8513713203374    
     3.94745000000000         40.8513250838758    
     3.94810000000000         40.8512789045344    
     3.94875000000000         40.8512327822396    
     3.94940000000000         40.8511867169174    
     3.95005000000000         40.8511407084943    
     3.95070000000000         40.8510947568967    
     3.95135000000000         40.8510488620512    
     3.95200000000000         40.8510030238843    
     3.95265000000000         40.8509572423229    
     3.95330000000000         40.8509115172938    
     3.95395000000000         40.8508658487239    
     3.95460000000000         40.8508202365403    
     3.95525000000000         40.8507746806702    
     3.95590000000000         40.8507291810408    
     3.95655000000000         40.8506837375794    
     3.95720000000000         40.8506383502135    
     3.95785000000000         40.8505930188706    
     3.95850000000000         40.8505477434785    
     3.95915000000000         40.8505025239647    
     3.95980000000000         40.8504573602573    
     3.96045000000000         40.8504122522841    
     3.96110000000000         40.8503671999732    
     3.96175000000000         40.8503222032527    
     3.96240000000000         40.8502772620508    
     3.96305000000000         40.8502323762960    
     3.96370000000000         40.8501875459166    
     3.96435000000000         40.8501427708412    
     3.96500000000000         40.8500980509984    
     3.96565000000000         40.8500533863170    
     3.96630000000000         40.8500087767257    
     3.96695000000000         40.8499642221536    
     3.96760000000000         40.8499197225295    
     3.96825000000000         40.8498752777828    
     3.96890000000000         40.8498308878425    
     3.96955000000000         40.8497865526380    
     3.97020000000000         40.8497422720987    
     3.97085000000000         40.8496980461541    
     3.97150000000000         40.8496538747338    
     3.97215000000000         40.8496097577676    
     3.97280000000000         40.8495656951851    
     3.97345000000000         40.8495216869164    
     3.97410000000000         40.8494777328914    
     3.97475000000000         40.8494338330402    
     3.97540000000000         40.8493899872930    
     3.97605000000000         40.8493461955800    
     3.97670000000000         40.8493024578317    
     3.97735000000000         40.8492587739785    
     3.97800000000000         40.8492151439509    
     3.97865000000000         40.8491715676796    
     3.97930000000000         40.8491280450954    
     3.97995000000000         40.8490845761292    
     3.98060000000000         40.8490411607118    
     3.98125000000000         40.8489977987743    
     3.98190000000000         40.8489544902478    
     3.98255000000000         40.8489112350636    
     3.98320000000000         40.8488680331530    
     3.98385000000000         40.8488248844473    
     3.98450000000000         40.8487817888782    
     3.98515000000000         40.8487387463771    
     3.98580000000000         40.8486957568759    
     3.98645000000000         40.8486528203062    
     3.98710000000000         40.8486099366000    
     3.98775000000000         40.8485671056892    
     3.98840000000000         40.8485243275060    
     3.98905000000000         40.8484816019823    
     3.98970000000000         40.8484389290506    
     3.99035000000000         40.8483963086432    
     3.99100000000000         40.8483537406924    
     3.99165000000000         40.8483112251309    
     3.99230000000000         40.8482687618912    
     3.99295000000000         40.8482263509061    
     3.99360000000000         40.8481839921083    
     3.99425000000000         40.8481416854308    
     3.99490000000000         40.8480994308065    
     3.99555000000000         40.8480572281686    
     3.99620000000000         40.8480150774501    
     3.99685000000000         40.8479729785844    
     3.99750000000000         40.8479309315048    
     3.99815000000000         40.8478889361447    
     3.99880000000000         40.8478469924378    
     3.99945000000000         40.8478051003175    
     4.00010000000000         40.8477632597177    
     4.00075000000000         40.8477214705721    
     4.00140000000000         40.8476797328146    
     4.00205000000000         40.8476380463792    
     4.00270000000000         40.8475964112000    
     4.00335000000000         40.8475548272112    
     4.00400000000000         40.8475132943469    
     4.00465000000000         40.8474718125416    
     4.00530000000000         40.8474303817297    
     4.00595000000000         40.8473890018457    
     4.00660000000000         40.8473476728243    
     4.00725000000000         40.8473063946000    
     4.00790000000000         40.8472651671078    
     4.00855000000000         40.8472239902824    
     4.00920000000000         40.8471828640589    
     4.00985000000000         40.8471417883724    
     4.01050000000000         40.8471007631578    
     4.01115000000000         40.8470597883506    
     4.01180000000000         40.8470188638860    
     4.01245000000000         40.8469779896994    
     4.01310000000000         40.8469371657263    
     4.01375000000000         40.8468963919023    
     4.01440000000000         40.8468556681631    
     4.01505000000000         40.8468149944444    
     4.01570000000000         40.8467743706821    
     4.01635000000000         40.8467337968121    
     4.01700000000000         40.8466932727705    
     4.01765000000000         40.8466527984933    
     4.01830000000000         40.8466123739167    
     4.01895000000000         40.8465719989770    
     4.01960000000000         40.8465316736106    
     4.02025000000000         40.8464913977540    
     4.02090000000000         40.8464511713436    
     4.02155000000000         40.8464109943162    
     4.02220000000000         40.8463708666083    
     4.02285000000000         40.8463307881569    
     4.02350000000000         40.8462907588988    
     4.02415000000000         40.8462507787709    
     4.02480000000000         40.8462108477104    
     4.02545000000000         40.8461709656543    
     4.02610000000000         40.8461311325400    
     4.02675000000000         40.8460913483046    
     4.02740000000000         40.8460516128857    
     4.02805000000000         40.8460119262206    
     4.02870000000000         40.8459722882470    
     4.02935000000000         40.8459326989025    
     4.03000000000000         40.8458931581248    
     4.03065000000000         40.8458536658518    
     4.03130000000000         40.8458142220214    
     4.03195000000000         40.8457748265715    
     4.03260000000000         40.8457354794402    
     4.03325000000000         40.8456961805657    
     4.03390000000000         40.8456569298862    
     4.03455000000000         40.8456177273401    
     4.03520000000000         40.8455785728657    
     4.03585000000000         40.8455394664016    
     4.03650000000000         40.8455004078863    
     4.03715000000000         40.8454613972585    
     4.03780000000000         40.8454224344568    
     4.03845000000000         40.8453835194203    
     4.03910000000000         40.8453446520876    
     4.03975000000000         40.8453058323980    
     4.04040000000000         40.8452670602903    
     4.04105000000000         40.8452283357038    
     4.04170000000000         40.8451896585776    
     4.04235000000000         40.8451510288512    
     4.04300000000000         40.8451124464640    
     4.04365000000000         40.8450739113553    
     4.04430000000000         40.8450354234648    
     4.04495000000000         40.8449969827321    
     4.04560000000000         40.8449585890970    
     4.04625000000000         40.8449202424992    
     4.04690000000000         40.8448819428786    
     4.04755000000000         40.8448436901753    
     4.04820000000000         40.8448054843293    
     4.04885000000000         40.8447673252806    
     4.04950000000000         40.8447292129696    
     4.05015000000000         40.8446911473365    
     4.05080000000000         40.8446531283217    
     4.05145000000000         40.8446151558657    
     4.05210000000000         40.8445772299089    
     4.05275000000000         40.8445393503921    
     4.05340000000000         40.8445015172558    
     4.05405000000000         40.8444637304410    
     4.05470000000000         40.8444259898884    
     4.05535000000000         40.8443882955390    
     4.05600000000000         40.8443506473338    
     4.05665000000000         40.8443130452139    
     4.05730000000000         40.8442754891205    
     4.05795000000000         40.8442379789949    
     4.05860000000000         40.8442005147783    
     4.05925000000000         40.8441630964122    
     4.05990000000000         40.8441257238381    
     4.06055000000000         40.8440883969976    
     4.06120000000000         40.8440511158323    
     4.06185000000000         40.8440138802840    
     4.06250000000000         40.8439766902944    
     4.06315000000000         40.8439395458054    
     4.06380000000000         40.8439024467591    
     4.06445000000000         40.8438653930974    
     4.06510000000000         40.8438283847625    
     4.06575000000000         40.8437914216966    
     4.06640000000000         40.8437545038420    
     4.06705000000000         40.8437176311409    
     4.06770000000000         40.8436808035360    
     4.06835000000000         40.8436440209696    
     4.06900000000000         40.8436072833844    
     4.06965000000000         40.8435705907230    
     4.07030000000000         40.8435339429281    
     4.07095000000000         40.8434973399427    
     4.07160000000000         40.8434607817096    
     4.07225000000000         40.8434242681717    
     4.07290000000000         40.8433877992722    
     4.07355000000000         40.8433513749541    
     4.07420000000000         40.8433149951607    
     4.07485000000000         40.8432786598352    
     4.07550000000000         40.8432423689210    
     4.07615000000000         40.8432061223615    
     4.07680000000000         40.8431699201003    
     4.07745000000000         40.8431337620810    
     4.07810000000000         40.8430976482471    
     4.07875000000000         40.8430615785425    
     4.07940000000000         40.8430255529109    
     4.08005000000000         40.8429895712962    
     4.08070000000000         40.8429536336425    
     4.08135000000000         40.8429177398937    
     4.08200000000000         40.8428818899940    
     4.08265000000000         40.8428460838876    
     4.08330000000000         40.8428103215187    
     4.08395000000000         40.8427746028316    
     4.08460000000000         40.8427389277708    
     4.08525000000000         40.8427032962808    
     4.08590000000000         40.8426677083062    
     4.08655000000000         40.8426321637915    
     4.08720000000000         40.8425966626815    
     4.08785000000000         40.8425612049210    
     4.08850000000000         40.8425257904549    
     4.08915000000000         40.8424904192281    
     4.08980000000000         40.8424550911855    
     4.09045000000000         40.8424198062723    
     4.09110000000000         40.8423845644337    
     4.09175000000000         40.8423493656149    
     4.09240000000000         40.8423142097611    
     4.09305000000000         40.8422790968178    
     4.09370000000000         40.8422440267305    
     4.09435000000000         40.8422089994445    
     4.09500000000000         40.8421740149057    
     4.09565000000000         40.8421390730595    
     4.09630000000000         40.8421041738518    
     4.09695000000000         40.8420693172283    
     4.09760000000000         40.8420345031351    
     4.09825000000000         40.8419997315180    
     4.09890000000000         40.8419650023230    
     4.09955000000000         40.8419303154964    
     4.10020000000000         40.8418956709841    
     4.10085000000000         40.8418610687327    
     4.10150000000000         40.8418265086882    
     4.10215000000000         40.8417919907972    
     4.10280000000000         40.8417575150061    
     4.10345000000000         40.8417230812614    
     4.10410000000000         40.8416886895098    
     4.10475000000000         40.8416543396980    
     4.10540000000000         40.8416200317726    
     4.10605000000000         40.8415857656806    
     4.10670000000000         40.8415515413688    
     4.10735000000000         40.8415173587842    
     4.10800000000000         40.8414832178738    
     4.10865000000000         40.8414491185848    
     4.10930000000000         40.8414150608643    
     4.10995000000000         40.8413810446596    
     4.11060000000000         40.8413470699179    
     4.11125000000000         40.8413131365868    
     4.11190000000000         40.8412792446137    
     4.11255000000000         40.8412453939460    
     4.11320000000000         40.8412115845315    
     4.11385000000000         40.8411778163177    
     4.11450000000000         40.8411440892525    
     4.11515000000000         40.8411104032836    
     4.11580000000000         40.8410767583589    
     4.11645000000000         40.8410431544265    
     4.11710000000000         40.8410095914342    
     4.11775000000000         40.8409760693302    
     4.11840000000000         40.8409425880627    
     4.11905000000000         40.8409091475799    
     4.11970000000000         40.8408757478301    
     4.12035000000000         40.8408423887616    
     4.12100000000000         40.8408090703230    
     4.12165000000000         40.8407757924627    
     4.12230000000000         40.8407425551293    
     4.12295000000000         40.8407093582714    
     4.12360000000000         40.8406762018378    
     4.12425000000000         40.8406430857773    
     4.12490000000000         40.8406100100386    
     4.12555000000000         40.8405769745708    
     4.12620000000000         40.8405439793228    
     4.12685000000000         40.8405110242436    
     4.12750000000000         40.8404781092825    
     4.12815000000000         40.8404452343885    
     4.12880000000000         40.8404123995109    
     4.12945000000000         40.8403796045992    
     4.13010000000000         40.8403468496026    
     4.13075000000000         40.8403141344707    
     4.13140000000000         40.8402814591529    
     4.13205000000000         40.8402488235989    
     4.13270000000000         40.8402162277583    
     4.13335000000000         40.8401836715810    
     4.13400000000000         40.8401511550165    
     4.13465000000000         40.8401186780149    
     4.13530000000000         40.8400862405261    
     4.13595000000000         40.8400538425001    
     4.13660000000000         40.8400214838869    
     4.13725000000000         40.8399891646367    
     4.13790000000000         40.8399568846997    
     4.13855000000000         40.8399246440261    
     4.13920000000000         40.8398924425663    
     4.13985000000000         40.8398602802706    
     4.14050000000000         40.8398281570897    
     4.14115000000000         40.8397960729739    
     4.14180000000000         40.8397640278739    
     4.14245000000000         40.8397320217403    
     4.14310000000000         40.8397000545239    
     4.14375000000000         40.8396681261755    
     4.14440000000000         40.8396362366459    
     4.14505000000000         40.8396043858861    
     4.14570000000000         40.8395725738470    
     4.14635000000000         40.8395408004797    
     4.14700000000000         40.8395090657354    
     4.14765000000000         40.8394773695651    
     4.14830000000000         40.8394457119203    
     4.14895000000000         40.8394140927521    
     4.14960000000000         40.8393825120121    
     4.15025000000000         40.8393509696515    
     4.15090000000000         40.8393194656220    
     4.15155000000000         40.8392879998751    
     4.15220000000000         40.8392565723624    
     4.15285000000000         40.8392251830357    
     4.15350000000000         40.8391938318467    
     4.15415000000000         40.8391625187473    
     4.15480000000000         40.8391312436893    
     4.15545000000000         40.8391000066248    
     4.15610000000000         40.8390688075057    
     4.15675000000000         40.8390376462841    
     4.15740000000000         40.8390065229123    
     4.15805000000000         40.8389754373423    
     4.15870000000000         40.8389443895265    
     4.15935000000000         40.8389133794173    
     4.16000000000000         40.8388824069670    
     4.16065000000000         40.8388514721281    
     4.16130000000000         40.8388205748532    
     4.16195000000000         40.8387897150948    
     4.16260000000000         40.8387588928056    
     4.16325000000000         40.8387281079383    
     4.16390000000000         40.8386973604458    
     4.16455000000000         40.8386666502808    
     4.16520000000000         40.8386359773963    
     4.16585000000000         40.8386053417452    
     4.16650000000000         40.8385747432806    
     4.16715000000000         40.8385441819556    
     4.16780000000000         40.8385136577233    
     4.16845000000000         40.8384831705370    
     4.16910000000000         40.8384527203500    
     4.16975000000000         40.8384223071156    
     4.17040000000000         40.8383919307871    
     4.17105000000000         40.8383615913182    
     4.17170000000000         40.8383312886622    
     4.17235000000000         40.8383010227729    
     4.17300000000000         40.8382707936038    
     4.17365000000000         40.8382406011087    
     4.17430000000000         40.8382104452414    
     4.17495000000000         40.8381803259557    
     4.17560000000000         40.8381502432055    
     4.17625000000000         40.8381201969447    
     4.17690000000000         40.8380901871275    
     4.17755000000000         40.8380602137078    
     4.17820000000000         40.8380302766398    
     4.17885000000000         40.8380003758778    
     4.17950000000000         40.8379705113760    
     4.18015000000000         40.8379406830887    
     4.18080000000000         40.8379108909703    
     4.18145000000000         40.8378811349753    
     4.18210000000000         40.8378514150581    
     4.18275000000000         40.8378217311734    
     4.18340000000000         40.8377920832758    
     4.18405000000000         40.8377624713199    
     4.18470000000000         40.8377328952605    
     4.18535000000000         40.8377033550525    
     4.18600000000000         40.8376738506507    
     4.18665000000000         40.8376443820099    
     4.18730000000000         40.8376149490853    
     4.18795000000000         40.8375855518319    
     4.18860000000000         40.8375561902047    
     4.18925000000000         40.8375268641590    
     4.18990000000000         40.8374975736499    
     4.19055000000000         40.8374683186328    
     4.19120000000000         40.8374390990630    
     4.19185000000000         40.8374099148959    
     4.19250000000000         40.8373807660870    
     4.19315000000000         40.8373516525918    
     4.19380000000000         40.8373225743658    
     4.19445000000000         40.8372935313648    
     4.19510000000000         40.8372645235443    
     4.19575000000000         40.8372355508603    
     4.19640000000000         40.8372066132684    
     4.19705000000000         40.8371777107246    
     4.19770000000000         40.8371488431848    
     4.19835000000000         40.8371200106050    
     4.19900000000000         40.8370912129412    
     4.19965000000000         40.8370624501496    
     4.20030000000000         40.8370337221863    
     4.20095000000000         40.8370050290075    
     4.20160000000000         40.8369763705696    
     4.20225000000000         40.8369477468288    
     4.20290000000000         40.8369191577415    
     4.20355000000000         40.8368906032643    
     4.20420000000000         40.8368620833536    
     4.20485000000000         40.8368335979660    
     4.20550000000000         40.8368051470581    
     4.20615000000000         40.8367767305867    
     4.20680000000000         40.8367483485084    
     4.20745000000000         40.8367200007800    
     4.20810000000000         40.8366916873584    
     4.20875000000000         40.8366634082006    
     4.20940000000000         40.8366351632634    
     4.21005000000000         40.8366069525040    
     4.21070000000000         40.8365787758793    
     4.21135000000000         40.8365506333466    
     4.21200000000000         40.8365225248631    
     4.21265000000000         40.8364944503859    
     4.21330000000000         40.8364664098724    
     4.21395000000000         40.8364384032800    
     4.21460000000000         40.8364104305661    
     4.21525000000000         40.8363824916881    
     4.21590000000000         40.8363545866037    
     4.21655000000000         40.8363267152703    
     4.21720000000000         40.8362988776457    
     4.21785000000000         40.8362710736875    
     4.21850000000000         40.8362433033535    
     4.21915000000000         40.8362155666016    
     4.21980000000000         40.8361878633895    
     4.22045000000000         40.8361601936752    
     4.22110000000000         40.8361325574167    
     4.22175000000000         40.8361049545720    
     4.22240000000000         40.8360773850993    
     4.22305000000000         40.8360498489566    
     4.22370000000000         40.8360223461022    
     4.22435000000000         40.8359948764943    
     4.22500000000000         40.8359674400912    
     4.22565000000000         40.8359400368514    
     4.22630000000000         40.8359126667331    
     4.22695000000000         40.8358853296950    
     4.22760000000000         40.8358580256955    
     4.22825000000000         40.8358307546932    
     4.22890000000000         40.8358035166467    
     4.22955000000000         40.8357763115148    
     4.23020000000000         40.8357491392563    
     4.23085000000000         40.8357219998298    
     4.23150000000000         40.8356948931942    
     4.23215000000000         40.8356678193086    
     4.23280000000000         40.8356407781318    
     4.23345000000000         40.8356137696228    
     4.23410000000000         40.8355867937408    
     4.23475000000000         40.8355598504449    
     4.23540000000000         40.8355329396942    
     4.23605000000000         40.8355060614479    
     4.23670000000000         40.8354792156655    
     4.23735000000000         40.8354524023061    
     4.23800000000000         40.8354256213293    
     4.23865000000000         40.8353988726944    
     4.23930000000000         40.8353721563609    
     4.23995000000000         40.8353454722885    
     4.24060000000000         40.8353188204367    
     4.24125000000000         40.8352922007652    
     4.24190000000000         40.8352656132337    
     4.24255000000000         40.8352390578019    
     4.24320000000000         40.8352125344298    
     4.24385000000000         40.8351860430771    
     4.24450000000000         40.8351595837038    
     4.24515000000000         40.8351331562699    
     4.24580000000000         40.8351067607354    
     4.24645000000000         40.8350803970603    
     4.24710000000000         40.8350540652049    
     4.24775000000000         40.8350277651293    
     4.24840000000000         40.8350014967938    
     4.24905000000000         40.8349752601586    
     4.24970000000000         40.8349490551841    
     4.25035000000000         40.8349228818306    
     4.25100000000000         40.8348967400588    
     4.25165000000000         40.8348706298290    
     4.25230000000000         40.8348445511017    
     4.25295000000000         40.8348185038377    
     4.25360000000000         40.8347924879976    
     4.25425000000000         40.8347665035420    
     4.25490000000000         40.8347405504317    
     4.25555000000000         40.8347146286276    
     4.25620000000000         40.8346887380905    
     4.25685000000000         40.8346628787813    
     4.25750000000000         40.8346370506610    
     4.25815000000000         40.8346112536906    
     4.25880000000000         40.8345854878312    
     4.25945000000000         40.8345597530439    
     4.26010000000000         40.8345340492899    
     4.26075000000000         40.8345083765303    
     4.26140000000000         40.8344827347265    
     4.26205000000000         40.8344571238397    
     4.26270000000000         40.8344315438314    
     4.26335000000000         40.8344059946630    
     4.26400000000000         40.8343804762960    
     4.26465000000000         40.8343549886918    
     4.26530000000000         40.8343295318121    
     4.26595000000000         40.8343041056185    
     4.26660000000000         40.8342787100726    
     4.26725000000000         40.8342533451362    
     4.26790000000000         40.8342280107711    
     4.26855000000000         40.8342027069391    
     4.26920000000000         40.8341774336020    
     4.26985000000000         40.8341521907218    
     4.27050000000000         40.8341269782605    
     4.27115000000000         40.8341017961801    
     4.27180000000000         40.8340766444427    
     4.27245000000000         40.8340515230103    
     4.27310000000000         40.8340264318453    
     4.27375000000000         40.8340013709097    
     4.27440000000000         40.8339763401659    
     4.27505000000000         40.8339513395762    
     4.27570000000000         40.8339263691030    
     4.27635000000000         40.8339014287087    
     4.27700000000000         40.8338765183557    
     4.27765000000000         40.8338516380066    
     4.27830000000000         40.8338267876240    
     4.27895000000000         40.8338019671705    
     4.27960000000000         40.8337771766087    
     4.28025000000000         40.8337524159014    
     4.28090000000000         40.8337276850112    
     4.28155000000000         40.8337029839012    
     4.28220000000000         40.8336783125340    
     4.28285000000000         40.8336536708727    
     4.28350000000000         40.8336290588801    
     4.28415000000000         40.8336044765193    
     4.28480000000000         40.8335799237533    
     4.28545000000000         40.8335554005453    
     4.28610000000000         40.8335309068584    
     4.28675000000000         40.8335064426557    
     4.28740000000000         40.8334820079007    
     4.28805000000000         40.8334576025564    
     4.28870000000000         40.8334332265864    
     4.28935000000000         40.8334088799539    
     4.29000000000000         40.8333845626225    
     4.29065000000000         40.8333602745555    
     4.29130000000000         40.8333360157167    
     4.29195000000000         40.8333117860694    
     4.29260000000000         40.8332875855774    
     4.29325000000000         40.8332634142044    
     4.29390000000000         40.8332392719140    
     4.29455000000000         40.8332151586701    
     4.29520000000000         40.8331910744364    
     4.29585000000000         40.8331670191769    
     4.29650000000000         40.8331429928554    
     4.29715000000000         40.8331189954359    
     4.29780000000000         40.8330950268825    
     4.29845000000000         40.8330710871591    
     4.29910000000000         40.8330471762299    
     4.29975000000000         40.8330232940591    
     4.30040000000000         40.8329994406108    
     4.30105000000000         40.8329756158492    
     4.30170000000000         40.8329518197387    
     4.30235000000000         40.8329280522436    
     4.30300000000000         40.8329043133283    
     4.30365000000000         40.8328806029573    
     4.30430000000000         40.8328569210949    
     4.30495000000000         40.8328332677057    
     4.30560000000000         40.8328096427543    
     4.30625000000000         40.8327860462053    
     4.30690000000000         40.8327624780234    
     4.30755000000000         40.8327389381732    
     4.30820000000000         40.8327154266196    
     4.30885000000000         40.8326919433272    
     4.30950000000000         40.8326684882611    
     4.31015000000000         40.8326450613860    
     4.31080000000000         40.8326216626669    
     4.31145000000000         40.8325982920688    
     4.31210000000000         40.8325749495566    
     4.31275000000000         40.8325516350956    
     4.31340000000000         40.8325283486507    
     4.31405000000000         40.8325050901873    
     4.31470000000000         40.8324818596704    
     4.31535000000000         40.8324586570653    
     4.31600000000000         40.8324354823373    
     4.31665000000000         40.8324123354519    
     4.31730000000000         40.8323892163743    
     4.31795000000000         40.8323661250699    
     4.31860000000000         40.8323430615044    
     4.31925000000000         40.8323200256432    
     4.31990000000000         40.8322970174519    
     4.32055000000000         40.8322740368960    
     4.32120000000000         40.8322510839413    
     4.32185000000000         40.8322281585535    
     4.32250000000000         40.8322052606983    
     4.32315000000000         40.8321823903415    
     4.32380000000000         40.8321595474489    
     4.32445000000000         40.8321367319865    
     4.32510000000000         40.8321139439201    
     4.32575000000000         40.8320911832157    
     4.32640000000000         40.8320684498394    
     4.32705000000000         40.8320457437572    
     4.32770000000000         40.8320230649351    
     4.32835000000000         40.8320004133395    
     4.32900000000000         40.8319777889363    
     4.32965000000000         40.8319551916920    
     4.33030000000000         40.8319326215727    
     4.33095000000000         40.8319100785448    
     4.33160000000000         40.8318875625747    
     4.33225000000000         40.8318650736287    
     4.33290000000000         40.8318426116734    
     4.33355000000000         40.8318201766752    
     4.33420000000000         40.8317977686006    
     4.33485000000000         40.8317753874163    
     4.33550000000000         40.8317530330888    
     4.33615000000000         40.8317307055849    
     4.33680000000000         40.8317084048713    
     4.33745000000000         40.8316861309147    
     4.33810000000000         40.8316638836819    
     4.33875000000000         40.8316416631398    
     4.33940000000000         40.8316194692553    
     4.34005000000000         40.8315973019953    
     4.34070000000000         40.8315751613267    
     4.34135000000000         40.8315530472166    
     4.34200000000000         40.8315309596320    
     4.34265000000000         40.8315088985401    
     4.34330000000000         40.8314868639080    
     4.34395000000000         40.8314648557029    
     4.34460000000000         40.8314428738919    
     4.34525000000000         40.8314209184425    
     4.34590000000000         40.8313989893218    
     4.34655000000000         40.8313770864973    
     4.34720000000000         40.8313552099364    
     4.34785000000000         40.8313333596065    
     4.34850000000000         40.8313115354750    
     4.34915000000000         40.8312897375096    
     4.34980000000000         40.8312679656777    
     4.35045000000000         40.8312462199471    
     4.35110000000000         40.8312245002852    
     4.35175000000000         40.8312028066599    
     4.35240000000000         40.8311811390389    
     4.35305000000000         40.8311594973900    
     4.35370000000000         40.8311378816809    
     4.35435000000000         40.8311162918796    
     4.35500000000000         40.8310947279539    
     4.35565000000000         40.8310731898718    
     4.35630000000000         40.8310516776012    
     4.35695000000000         40.8310301911103    
     4.35760000000000         40.8310087303670    
     4.35825000000000         40.8309872953395    
     4.35890000000000         40.8309658859960    
     4.35955000000000         40.8309445023046    
     4.36020000000000         40.8309231442335    
     4.36085000000000         40.8309018117511    
     4.36150000000000         40.8308805048257    
     4.36215000000000         40.8308592234255    
     4.36280000000000         40.8308379675191    
     4.36345000000000         40.8308167370749    
     4.36410000000000         40.8307955320612    
     4.36475000000000         40.8307743524468    
     4.36540000000000         40.8307531982000    
     4.36605000000000         40.8307320692896    
     4.36670000000000         40.8307109656841    
     4.36735000000000         40.8306898873523    
     4.36800000000000         40.8306688342629    
     4.36865000000000         40.8306478063846    
     4.36930000000000         40.8306268036863    
     4.36995000000000         40.8306058261367    
     4.37060000000000         40.8305848737049    
     4.37125000000000         40.8305639463596    
     4.37190000000000         40.8305430440699    
     4.37255000000000         40.8305221668048    
     4.37320000000000         40.8305013145334    
     4.37385000000000         40.8304804872246    
     4.37450000000000         40.8304596848477    
     4.37515000000000         40.8304389073718    
     4.37580000000000         40.8304181547661    
     4.37645000000000         40.8303974269998    
     4.37710000000000         40.8303767240423    
     4.37775000000000         40.8303560458629    
     4.37840000000000         40.8303353924309    
     4.37905000000000         40.8303147637158    
     4.37970000000000         40.8302941596870    
     4.38035000000000         40.8302735803139    
     4.38100000000000         40.8302530255661    
     4.38165000000000         40.8302324954132    
     4.38230000000000         40.8302119898248    
     4.38295000000000         40.8301915087704    
     4.38360000000000         40.8301710522199    
     4.38425000000000         40.8301506201428    
     4.38490000000000         40.8301302125090    
     4.38555000000000         40.8301098292883    
     4.38620000000000         40.8300894704504    
     4.38685000000000         40.8300691359654    
     4.38750000000000         40.8300488258030    
     4.38815000000000         40.8300285399333    
     4.38880000000000         40.8300082783262    
     4.38945000000000         40.8299880409518    
     4.39010000000000         40.8299678277801    
     4.39075000000000         40.8299476387812    
     4.39140000000000         40.8299274739254    
     4.39205000000000         40.8299073331827    
     4.39270000000000         40.8298872165234    
     4.39335000000000         40.8298671239178    
     4.39400000000000         40.8298470553362    
     4.39465000000000         40.8298270107489    
     4.39530000000000         40.8298069901262    
     4.39595000000000         40.8297869934386    
     4.39660000000000         40.8297670206566    
     4.39725000000000         40.8297470717507    
     4.39790000000000         40.8297271466913    
     4.39855000000000         40.8297072454490    
     4.39920000000000         40.8296873679945    
     4.39985000000000         40.8296675142984    
     4.40050000000000         40.8296476843313    
     4.40115000000000         40.8296278780641    
     4.40180000000000         40.8296080954674    
     4.40245000000000         40.8295883365120    
     4.40310000000000         40.8295686011688    
     4.40375000000000         40.8295488894086    
     4.40440000000000         40.8295292012024    
     4.40505000000000         40.8295095365211    
     4.40570000000000         40.8294898953357    
     4.40635000000000         40.8294702776172    
     4.40700000000000         40.8294506833366    
     4.40765000000000         40.8294311124651    
     4.40830000000000         40.8294115649737    
     4.40895000000000         40.8293920408337    
     4.40960000000000         40.8293725400163    
     4.41025000000000         40.8293530624926    
     4.41090000000000         40.8293336082340    
     4.41155000000000         40.8293141772119    
     4.41220000000000         40.8292947693974    
     4.41285000000000         40.8292753847622    
     4.41350000000000         40.8292560232774    
     4.41415000000000         40.8292366849147    
     4.41480000000000         40.8292173696456    
     4.41545000000000         40.8291980774415    
     4.41610000000000         40.8291788082740    
     4.41675000000000         40.8291595621148    
     4.41740000000000         40.8291403389356    
     4.41805000000000         40.8291211387078    
     4.41870000000000         40.8291019614034    
     4.41935000000000         40.8290828069941    
     4.42000000000000         40.8290636754516    
     4.42065000000000         40.8290445667478    
     4.42130000000000         40.8290254808545    
     4.42195000000000         40.8290064177437    
     4.42260000000000         40.8289873773873    
     4.42325000000000         40.8289683597572    
     4.42390000000000         40.8289493648255    
     4.42455000000000         40.8289303925643    
     4.42520000000000         40.8289114429455    
     4.42585000000000         40.8288925159413    
     4.42650000000000         40.8288736115239    
     4.42715000000000         40.8288547296655    
     4.42780000000000         40.8288358703382    
     4.42845000000000         40.8288170335144    
     4.42910000000000         40.8287982191664    
     4.42975000000000         40.8287794272664    
     4.43040000000000         40.8287606577868    
     4.43105000000000         40.8287419107001    
     4.43170000000000         40.8287231859786    
     4.43235000000000         40.8287044835949    
     4.43300000000000         40.8286858035215    
     4.43365000000000         40.8286671457309    
     4.43430000000000         40.8286485101956    
     4.43495000000000         40.8286298968884    
     4.43560000000000         40.8286113057818    
     4.43625000000000         40.8285927368486    
     4.43690000000000         40.8285741900614    
     4.43755000000000         40.8285556653929    
     4.43820000000000         40.8285371628162    
     4.43885000000000         40.8285186823038    
     4.43950000000000         40.8285002238287    
     4.44015000000000         40.8284817873638    
     4.44080000000000         40.8284633728820    
     4.44145000000000         40.8284449803562    
     4.44210000000000         40.8284266097596    
     4.44275000000000         40.8284082610650    
     4.44340000000000         40.8283899342456    
     4.44405000000000         40.8283716292745    
     4.44470000000000         40.8283533461248    
     4.44535000000000         40.8283350847697    
     4.44600000000000         40.8283168451823    
     4.44665000000000         40.8282986273360    
     4.44730000000000         40.8282804312040    
     4.44795000000000         40.8282622567596    
     4.44860000000000         40.8282441039761    
     4.44925000000000         40.8282259728270    
     4.44990000000000         40.8282078632856    
     4.45055000000000         40.8281897753254    
     4.45120000000000         40.8281717089199    
     4.45185000000000         40.8281536640426    
     4.45250000000000         40.8281356406670    
     4.45315000000000         40.8281176387666    
     4.45380000000000         40.8280996583152    
     4.45445000000000         40.8280816992864    
     4.45510000000000         40.8280637616538    
     4.45575000000000         40.8280458453912    
     4.45640000000000         40.8280279504724    
     4.45705000000000         40.8280100768710    
     4.45770000000000         40.8279922245609    
     4.45835000000000         40.8279743935160    
     4.45900000000000         40.8279565837102    
     4.45965000000000         40.8279387951173    
     4.46030000000000         40.8279210277114    
     4.46095000000000         40.8279032814663    
     4.46160000000000         40.8278855563562    
     4.46225000000000         40.8278678523551    
     4.46290000000000         40.8278501694370    
     4.46355000000000         40.8278325075761    
     4.46420000000000         40.8278148667465    
     4.46485000000000         40.8277972469224    
     4.46550000000000         40.8277796480780    
     4.46615000000000         40.8277620701877    
     4.46680000000000         40.8277445132255    
     4.46745000000000         40.8277269771660    
     4.46810000000000         40.8277094619833    
     4.46875000000000         40.8276919676520    
     4.46940000000000         40.8276744941464    
     4.47005000000000         40.8276570414409    
     4.47070000000000         40.8276396095101    
     4.47135000000000         40.8276221983284    
     4.47200000000000         40.8276048078704    
     4.47265000000000         40.8275874381107    
     4.47330000000000         40.8275700890238    
     4.47395000000000         40.8275527605845    
     4.47460000000000         40.8275354527674    
     4.47525000000000         40.8275181655471    
     4.47590000000000         40.8275008988986    
     4.47655000000000         40.8274836527964    
     4.47720000000000         40.8274664272154    
     4.47785000000000         40.8274492221305    
     4.47850000000000         40.8274320375165    
     4.47915000000000         40.8274148733483    
     4.47980000000000         40.8273977296009    
     4.48045000000000         40.8273806062491    
     4.48110000000000         40.8273635032681    
     4.48175000000000         40.8273464206328    
     4.48240000000000         40.8273293583183    
     4.48305000000000         40.8273123162997    
     4.48370000000000         40.8272952945521    
     4.48435000000000         40.8272782930506    
     4.48500000000000         40.8272613117705    
     4.48565000000000         40.8272443506870    
     4.48630000000000         40.8272274097753    
     4.48695000000000         40.8272104890107    
     4.48760000000000         40.8271935883685    
     4.48825000000000         40.8271767078240    
     4.48890000000000         40.8271598473527    
     4.48955000000000         40.8271430069299    
     4.49020000000000         40.8271261865311    
     4.49085000000000         40.8271093861317    
     4.49150000000000         40.8270926057073    
     4.49215000000000         40.8270758452334    
     4.49280000000000         40.8270591046855    
     4.49345000000000         40.8270423840393    
     4.49410000000000         40.8270256832703    
     4.49475000000000         40.8270090023543    
     4.49540000000000         40.8269923412668    
     4.49605000000000         40.8269756999837    
     4.49670000000000         40.8269590784807    
     4.49735000000000         40.8269424767335    
     4.49800000000000         40.8269258947180    
     4.49865000000000         40.8269093324100    
     4.49930000000000         40.8268927897854    
     4.49995000000000         40.8268762668201    
     4.50060000000000         40.8268597634901    
     4.50125000000000         40.8268432797712    
     4.50190000000000         40.8268268156395    
     4.50255000000000         40.8268103710710    
     4.50320000000000         40.8267939460419    
     4.50385000000000         40.8267775405280    
     4.50450000000000         40.8267611545057    
     4.50515000000000         40.8267447879510    
     4.50580000000000         40.8267284408401    
     4.50645000000000         40.8267121131492    
     4.50710000000000         40.8266958048546    
     4.50775000000000         40.8266795159325    
     4.50840000000000         40.8266632463592    
     4.50905000000000         40.8266469961111    
     4.50970000000000         40.8266307651645    
     4.51035000000000         40.8266145534958    
     4.51100000000000         40.8265983610815    
     4.51165000000000         40.8265821878979    
     4.51230000000000         40.8265660339216    
     4.51295000000000         40.8265498991291    
     4.51360000000000         40.8265337834969    
     4.51425000000000         40.8265176870015    
     4.51490000000000         40.8265016096197    
     4.51555000000000         40.8264855513280    
     4.51620000000000         40.8264695121030    
     4.51685000000000         40.8264534919215    
     4.51750000000000         40.8264374907602    
     4.51815000000000         40.8264215085958    
     4.51880000000000         40.8264055454052    
     4.51945000000000         40.8263896011650    
     4.52010000000000         40.8263736758522    
     4.52075000000000         40.8263577694436    
     4.52140000000000         40.8263418819162    
     4.52205000000000         40.8263260132467    
     4.52270000000000         40.8263101634123    
     4.52335000000000         40.8262943323899    
     4.52400000000000         40.8262785201564    
     4.52465000000000         40.8262627266890    
     4.52530000000000         40.8262469519647    
     4.52595000000000         40.8262311959606    
     4.52660000000000         40.8262154586539    
     4.52725000000000         40.8261997400216    
     4.52790000000000         40.8261840400410    
     4.52855000000000         40.8261683586894    
     4.52920000000000         40.8261526959439    
     4.52985000000000         40.8261370517818    
     4.53050000000000         40.8261214261804    
     4.53115000000000         40.8261058191171    
     4.53180000000000         40.8260902305693    
     4.53245000000000         40.8260746605142    
     4.53310000000000         40.8260591089294    
     4.53375000000000         40.8260435757922    
     4.53440000000000         40.8260280610802    
     4.53505000000000         40.8260125647709    
     4.53570000000000         40.8259970868418    
     4.53635000000000         40.8259816272704    
     4.53700000000000         40.8259661860343    
     4.53765000000000         40.8259507631112    
     4.53830000000000         40.8259353584788    
     4.53895000000000         40.8259199721146    
     4.53960000000000         40.8259046039964    
     4.54025000000000         40.8258892541020    
     4.54090000000000         40.8258739224090    
     4.54155000000000         40.8258586088953    
     4.54220000000000         40.8258433135386    
     4.54285000000000         40.8258280363170    
     4.54350000000000         40.8258127772081    
     4.54415000000000         40.8257975361899    
     4.54480000000000         40.8257823132404    
     4.54545000000000         40.8257671083374    
     4.54610000000000         40.8257519214591    
     4.54675000000000         40.8257367525833    
     4.54740000000000         40.8257216016882    
     4.54805000000000         40.8257064687517    
     4.54870000000000         40.8256913537521    
     4.54935000000000         40.8256762566674    
     4.55000000000000         40.8256611774757    
     4.55065000000000         40.8256461161554    
     4.55130000000000         40.8256310726844    
     4.55195000000000         40.8256160470412    
     4.55260000000000         40.8256010392039    
     4.55325000000000         40.8255860491509    
     4.55390000000000         40.8255710768605    
     4.55455000000000         40.8255561223109    
     4.55520000000000         40.8255411854807    
     4.55585000000000         40.8255262663481    
     4.55650000000000         40.8255113648917    
     4.55715000000000         40.8254964810898    
     4.55780000000000         40.8254816149210    
     4.55845000000000         40.8254667663637    
     4.55910000000000         40.8254519353965    
     4.55975000000000         40.8254371219980    
     4.56040000000000         40.8254223261467    
     4.56105000000000         40.8254075478213    
     4.56170000000000         40.8253927870004    
     4.56235000000000         40.8253780436627    
     4.56300000000000         40.8253633177868    
     4.56365000000000         40.8253486093516    
     4.56430000000000         40.8253339183357    
     4.56495000000000         40.8253192447180    
     4.56560000000000         40.8253045884772    
     4.56625000000000         40.8252899495922    
     4.56690000000000         40.8252753280419    
     4.56755000000000         40.8252607238051    
     4.56820000000000         40.8252461368607    
     4.56885000000000         40.8252315671877    
     4.56950000000000         40.8252170147650    
     4.57015000000000         40.8252024795717    
     4.57080000000000         40.8251879615868    
     4.57145000000000         40.8251734607892    
     4.57210000000000         40.8251589771582    
     4.57275000000000         40.8251445106727    
     4.57340000000000         40.8251300613120    
     4.57405000000000         40.8251156290551    
     4.57470000000000         40.8251012138812    
     4.57535000000000         40.8250868157696    
     4.57600000000000         40.8250724346994    
     4.57665000000000         40.8250580706500    
     4.57730000000000         40.8250437236007    
     4.57795000000000         40.8250293935306    
     4.57860000000000         40.8250150804192    
     4.57925000000000         40.8250007842458    
     4.57990000000000         40.8249865049899    
     4.58055000000000         40.8249722426308    
     4.58120000000000         40.8249579971479    
     4.58185000000000         40.8249437685208    
     4.58250000000000         40.8249295567289    
     4.58315000000000         40.8249153617518    
     4.58380000000000         40.8249011835689    
     4.58445000000000         40.8248870221600    
     4.58510000000000         40.8248728775044    
     4.58575000000000         40.8248587495820    
     4.58640000000000         40.8248446383723    
     4.58705000000000         40.8248305438550    
     4.58770000000000         40.8248164660098    
     4.58835000000000         40.8248024048164    
     4.58900000000000         40.8247883602546    
     4.58965000000000         40.8247743323041    
     4.59030000000000         40.8247603209448    
     4.59095000000000         40.8247463261564    
     4.59160000000000         40.8247323479189    
     4.59225000000000         40.8247183862121    
     4.59290000000000         40.8247044410159    
     4.59355000000000         40.8246905123103    
     4.59420000000000         40.8246766000751    
     4.59485000000000         40.8246627042904    
     4.59550000000000         40.8246488249362    
     4.59615000000000         40.8246349619925    
     4.59680000000000         40.8246211154393    
     4.59745000000000         40.8246072852568    
     4.59810000000000         40.8245934714250    
     4.59875000000000         40.8245796739241    
     4.59940000000000         40.8245658927343    
     4.60005000000000         40.8245521278356    
     4.60070000000000         40.8245383792083    
     4.60135000000000         40.8245246468327    
     4.60200000000000         40.8245109306890    
     4.60265000000000         40.8244972307575    
     4.60330000000000         40.8244835470185    
     4.60395000000000         40.8244698794522    
     4.60460000000000         40.8244562280391    
     4.60525000000000         40.8244425927596    
     4.60590000000000         40.8244289735940    
     4.60655000000000         40.8244153705228    
     4.60720000000000         40.8244017835265    
     4.60785000000000         40.8243882125854    
     4.60850000000000         40.8243746576802    
     4.60915000000000         40.8243611187913    
     4.60980000000000         40.8243475958993    
     4.61045000000000         40.8243340889847    
     4.61110000000000         40.8243205980282    
     4.61175000000000         40.8243071230104    
     4.61240000000000         40.8242936639120    
     4.61305000000000         40.8242802207135    
     4.61370000000000         40.8242667933958    
     4.61435000000000         40.8242533819395    
     4.61500000000000         40.8242399863254    
     4.61565000000000         40.8242266065343    
     4.61630000000000         40.8242132425469    
     4.61695000000000         40.8241998943440    
     4.61760000000000         40.8241865619066    
     4.61825000000000         40.8241732452155    
     4.61890000000000         40.8241599442515    
     4.61955000000000         40.8241466589956    
     4.62020000000000         40.8241333894287    
     4.62085000000000         40.8241201355318    
     4.62150000000000         40.8241068972859    
     4.62215000000000         40.8240936746720    
     4.62280000000000         40.8240804676711    
     4.62345000000000         40.8240672762643    
     4.62410000000000         40.8240541004327    
     4.62475000000000         40.8240409401573    
     4.62540000000000         40.8240277954194    
     4.62605000000000         40.8240146662000    
     4.62670000000000         40.8240015524803    
     4.62735000000000         40.8239884542416    
     4.62800000000000         40.8239753714650    
     4.62865000000000         40.8239623041319    
     4.62930000000000         40.8239492522234    
     4.62995000000000         40.8239362157209    
     4.63060000000000         40.8239231946057    
     4.63125000000000         40.8239101888592    
     4.63190000000000         40.8238971984627    
     4.63255000000000         40.8238842233976    
     4.63320000000000         40.8238712636453    
     4.63385000000000         40.8238583191872    
     4.63450000000000         40.8238453900049    
     4.63515000000000         40.8238324760798    
     4.63580000000000         40.8238195773933    
     4.63645000000000         40.8238066939271    
     4.63710000000000         40.8237938256627    
     4.63775000000000         40.8237809725817    
     4.63840000000000         40.8237681346656    
     4.63905000000000         40.8237553118961    
     4.63970000000000         40.8237425042548    
     4.64035000000000         40.8237297117235    
     4.64100000000000         40.8237169342837    
     4.64165000000000         40.8237041719172    
     4.64230000000000         40.8236914246058    
     4.64295000000000         40.8236786923312    
     4.64360000000000         40.8236659750752    
     4.64425000000000         40.8236532728196    
     4.64490000000000         40.8236405855462    
     4.64555000000000         40.8236279132368    
     4.64620000000000         40.8236152558735    
     4.64685000000000         40.8236026134380    
     4.64750000000000         40.8235899859122    
     4.64815000000000         40.8235773732782    
     4.64880000000000         40.8235647755178    
     4.64945000000000         40.8235521926132    
     4.65010000000000         40.8235396245462    
     4.65075000000000         40.8235270712989    
     4.65140000000000         40.8235145328534    
     4.65205000000000         40.8235020091917    
     4.65270000000000         40.8234895002960    
     4.65335000000000         40.8234770061484    
     4.65400000000000         40.8234645267309    
     4.65465000000000         40.8234520620259    
     4.65530000000000         40.8234396120155    
     4.65595000000000         40.8234271766818    
     4.65660000000000         40.8234147560072    
     4.65725000000000         40.8234023499738    
     4.65790000000000         40.8233899585641    
     4.65855000000000         40.8233775817602    
     4.65920000000000         40.8233652195444    
     4.65985000000000         40.8233528718993    
     4.66050000000000         40.8233405388070    
     4.66115000000000         40.8233282202501    
     4.66180000000000         40.8233159162108    
     4.66245000000000         40.8233036266717    
     4.66310000000000         40.8232913516152    
     4.66375000000000         40.8232790910238    
     4.66440000000000         40.8232668448800    
     4.66505000000000         40.8232546131663    
     4.66570000000000         40.8232423958652    
     4.66635000000000         40.8232301929594    
     4.66700000000000         40.8232180044313    
     4.66765000000000         40.8232058302637    
     4.66830000000000         40.8231936704391    
     4.66895000000000         40.8231815249403    
     4.66960000000000         40.8231693937498    
     4.67025000000000         40.8231572768504    
     4.67090000000000         40.8231451742248    
     4.67155000000000         40.8231330858557    
     4.67220000000000         40.8231210117259    
     4.67285000000000         40.8231089518182    
     4.67350000000000         40.8230969061155    
     4.67415000000000         40.8230848746004    
     4.67480000000000         40.8230728572559    
     4.67545000000000         40.8230608540648    
     4.67610000000000         40.8230488650100    
     4.67675000000000         40.8230368900745    
     4.67740000000000         40.8230249292412    
     4.67805000000000         40.8230129824929    
     4.67870000000000         40.8230010498128    
     4.67935000000000         40.8229891311838    
     4.68000000000000         40.8229772265890    
     4.68065000000000         40.8229653360112    
     4.68130000000000         40.8229534594337    
     4.68195000000000         40.8229415968396    
     4.68260000000000         40.8229297482118    
     4.68325000000000         40.8229179135336    
     4.68390000000000         40.8229060927880    
     4.68455000000000         40.8228942859583    
     4.68520000000000         40.8228824930277    
     4.68585000000000         40.8228707139793    
     4.68650000000000         40.8228589487964    
     4.68715000000000         40.8228471974622    
     4.68780000000000         40.8228354599600    
     4.68845000000000         40.8228237362732    
     4.68910000000000         40.8228120263849    
     4.68975000000000         40.8228003302786    
     4.69040000000000         40.8227886479376    
     4.69105000000000         40.8227769793453    
     4.69170000000000         40.8227653244851    
     4.69235000000000         40.8227536833404    
     4.69300000000000         40.8227420558946    
     4.69365000000000         40.8227304421312    
     4.69430000000000         40.8227188420337    
     4.69495000000000         40.8227072555855    
     4.69560000000000         40.8226956827703    
     4.69625000000000         40.8226841235715    
     4.69690000000000         40.8226725779728    
     4.69755000000000         40.8226610459576    
     4.69820000000000         40.8226495275096    
     4.69885000000000         40.8226380226124    
     4.69950000000000         40.8226265312498    
     4.70015000000000         40.8226150534052    
     4.70080000000000         40.8226035890625    
     4.70145000000000         40.8225921382052    
     4.70210000000000         40.8225807008173    
     4.70275000000000         40.8225692768823    
     4.70340000000000         40.8225578663841    
     4.70405000000000         40.8225464693064    
     4.70470000000000         40.8225350856332    
     4.70535000000000         40.8225237153481    
     4.70600000000000         40.8225123584350    
     4.70665000000000         40.8225010148778    
     4.70730000000000         40.8224896846605    
     4.70795000000000         40.8224783677668    
     4.70860000000000         40.8224670641808    
     4.70925000000000         40.8224557738863    
     4.70990000000000         40.8224444968674    
     4.71055000000000         40.8224332331081    
     4.71120000000000         40.8224219825922    
     4.71185000000000         40.8224107453040    
     4.71250000000000         40.8223995212274    
     4.71315000000000         40.8223883103464    
     4.71380000000000         40.8223771126453    
     4.71445000000000         40.8223659281080    
     4.71510000000000         40.8223547567188    
     4.71575000000000         40.8223435984617    
     4.71640000000000         40.8223324533210    
     4.71705000000000         40.8223213212807    
     4.71770000000000         40.8223102023252    
     4.71835000000000         40.8222990964387    
     4.71900000000000         40.8222880036053    
     4.71965000000000         40.8222769238095    
     4.72030000000000         40.8222658570353    
     4.72095000000000         40.8222548032673    
     4.72160000000000         40.8222437624896    
     4.72225000000000         40.8222327346866    
     4.72290000000000         40.8222217198428    
     4.72355000000000         40.8222107179424    
     4.72420000000000         40.8221997289699    
     4.72485000000000         40.8221887529097    
     4.72550000000000         40.8221777897462    
     4.72615000000000         40.8221668394639    
     4.72680000000000         40.8221559020474    
     4.72745000000000         40.8221449774810    
     4.72810000000000         40.8221340657493    
     4.72875000000000         40.8221231668368    
     4.72940000000000         40.8221122807282    
     4.73005000000000         40.8221014074079    
     4.73070000000000         40.8220905468606    
     4.73135000000000         40.8220796990709    
     4.73200000000000         40.8220688640234    
     4.73265000000000         40.8220580417028    
     4.73330000000000         40.8220472320938    
     4.73395000000000         40.8220364351809    
     4.73460000000000         40.8220256509491    
     4.73525000000000         40.8220148793829    
     4.73590000000000         40.8220041204671    
     4.73655000000000         40.8219933741866    
     4.73720000000000         40.8219826405260    
     4.73785000000000         40.8219719194703    
     4.73850000000000         40.8219612110041    
     4.73915000000000         40.8219505151124    
     4.73980000000000         40.8219398317801    
     4.74045000000000         40.8219291609919    
     4.74110000000000         40.8219185027329    
     4.74175000000000         40.8219078569878    
     4.74240000000000         40.8218972237418    
     4.74305000000000         40.8218866029797    
     4.74370000000000         40.8218759946864    
     4.74435000000000         40.8218653988471    
     4.74500000000000         40.8218548154466    
     4.74565000000000         40.8218442444701    
     4.74630000000000         40.8218336859026    
     4.74695000000000         40.8218231397291    
     4.74760000000000         40.8218126059347    
     4.74825000000000         40.8218020845046    
     4.74890000000000         40.8217915754239    
     4.74955000000000         40.8217810786777    
     4.75020000000000         40.8217705942512    
     4.75085000000000         40.8217601221295    
     4.75150000000000         40.8217496622978    
     4.75215000000000         40.8217392147415    
     4.75280000000000         40.8217287794456    
     4.75345000000000         40.8217183563955    
     4.75410000000000         40.8217079455764    
     4.75475000000000         40.8216975469736    
     4.75540000000000         40.8216871605725    
     4.75605000000000         40.8216767863583    
     4.75670000000000         40.8216664243164    
     4.75735000000000         40.8216560744322    
     4.75800000000000         40.8216457366910    
     4.75865000000000         40.8216354110782    
     4.75930000000000         40.8216250975793    
     4.75995000000000         40.8216147961797    
     4.76060000000000         40.8216045068649    
     4.76125000000000         40.8215942296202    
     4.76190000000000         40.8215839644313    
     4.76255000000000         40.8215737112836    
     4.76320000000000         40.8215634701626    
     4.76385000000000         40.8215532410539    
     4.76450000000000         40.8215430239431    
     4.76515000000000         40.8215328188156    
     4.76580000000000         40.8215226256573    
     4.76645000000000         40.8215124444535    
     4.76710000000000         40.8215022751900    
     4.76775000000000         40.8214921178525    
     4.76840000000000         40.8214819724265    
     4.76905000000000         40.8214718388978    
     4.76970000000000         40.8214617172521    
     4.77035000000000         40.8214516074751    
     4.77100000000000         40.8214415095526    
     4.77165000000000         40.8214314234702    
     4.77230000000000         40.8214213492139    
     4.77295000000000         40.8214112867693    
     4.77360000000000         40.8214012361223    
     4.77425000000000         40.8213911972587    
     4.77490000000000         40.8213811701643    
     4.77555000000000         40.8213711548251    
     4.77620000000000         40.8213611512269    
     4.77685000000000         40.8213511593556    
     4.77750000000000         40.8213411791971    
     4.77815000000000         40.8213312107373    
     4.77880000000000         40.8213212539623    
     4.77945000000000         40.8213113088579    
     4.78010000000000         40.8213013754101    
     4.78075000000000         40.8212914536051    
     4.78140000000000         40.8212815434287    
     4.78205000000000         40.8212716448670    
     4.78270000000000         40.8212617579061    
     4.78335000000000         40.8212518825320    
     4.78400000000000         40.8212420187309    
     4.78465000000000         40.8212321664888    
     4.78530000000000         40.8212223257919    
     4.78595000000000         40.8212124966263    
     4.78660000000000         40.8212026789781    
     4.78725000000000         40.8211928728336    
     4.78790000000000         40.8211830781789    
     4.78855000000000         40.8211732950003    
     4.78920000000000         40.8211635232839    
     4.78985000000000         40.8211537630161    
     4.79050000000000         40.8211440141830    
     4.79115000000000         40.8211342767710    
     4.79180000000000         40.8211245507663    
     4.79245000000000         40.8211148361553    
     4.79310000000000         40.8211051329243    
     4.79375000000000         40.8210954410596    
     4.79440000000000         40.8210857605476    
     4.79505000000000         40.8210760913747    
     4.79570000000000         40.8210664335273    
     4.79635000000000         40.8210567869917    
     4.79700000000000         40.8210471517545    
     4.79765000000000         40.8210375278020    
     4.79830000000000         40.8210279151208    
     4.79895000000000         40.8210183136973    
     4.79960000000000         40.8210087235180    
     4.80025000000000         40.8209991445694    
     4.80090000000000         40.8209895768381    
     4.80155000000000         40.8209800203106    
     4.80220000000000         40.8209704749735    
     4.80285000000000         40.8209609408133    
     4.80350000000000         40.8209514178166    
     4.80415000000000         40.8209419059701    
     4.80480000000000         40.8209324052604    
     4.80545000000000         40.8209229156741    
     4.80610000000000         40.8209134371980    
     4.80675000000000         40.8209039698186    
     4.80740000000000         40.8208945135227    
     4.80805000000000         40.8208850682970    
     4.80870000000000         40.8208756341282    
     4.80935000000000         40.8208662110031    
     4.81000000000000         40.8208567989084    
     4.81065000000000         40.8208473978309    
     4.81130000000000         40.8208380077575    
     4.81195000000000         40.8208286286748    
     4.81260000000000         40.8208192605698    
     4.81325000000000         40.8208099034293    
     4.81390000000000         40.8208005572401    
     4.81455000000000         40.8207912219892    
     4.81520000000000         40.8207818976633    
     4.81585000000000         40.8207725842495    
     4.81650000000000         40.8207632817347    
     4.81715000000000         40.8207539901058    
     4.81780000000000         40.8207447093496    
     4.81845000000000         40.8207354394534    
     4.81910000000000         40.8207261804039    
     4.81975000000000         40.8207169321883    
     4.82040000000000         40.8207076947935    
     4.82105000000000         40.8206984682066    
     4.82170000000000         40.8206892524146    
     4.82235000000000         40.8206800474047    
     4.82300000000000         40.8206708531638    
     4.82365000000000         40.8206616696791    
     4.82430000000000         40.8206524969378    
     4.82495000000000         40.8206433349269    
     4.82560000000000         40.8206341836336    
     4.82625000000000         40.8206250430450    
     4.82690000000000         40.8206159131484    
     4.82755000000000         40.8206067939310    
     4.82820000000000         40.8205976853799    
     4.82885000000000         40.8205885874823    
     4.82950000000000         40.8205795002256    
     4.83015000000000         40.8205704235970    
     4.83080000000000         40.8205613575838    
     4.83145000000000         40.8205523021732    
     4.83210000000000         40.8205432573526    
     4.83275000000000         40.8205342231093    
     4.83340000000000         40.8205251994306    
     4.83405000000000         40.8205161863039    
     4.83470000000000         40.8205071837165    
     4.83535000000000         40.8204981916559    
     4.83600000000000         40.8204892101094    
     4.83665000000000         40.8204802390645    
     4.83730000000000         40.8204712785085    
     4.83795000000000         40.8204623284290    
     4.83860000000000         40.8204533888134    
     4.83925000000000         40.8204444596492    
     4.83990000000000         40.8204355409239    
     4.84055000000000         40.8204266326249    
     4.84120000000000         40.8204177347399    
     4.84185000000000         40.8204088472563    
     4.84250000000000         40.8203999701617    
     4.84315000000000         40.8203911034437    
     4.84380000000000         40.8203822470899    
     4.84445000000000         40.8203734010878    
     4.84510000000000         40.8203645654251    
     4.84575000000000         40.8203557400895    
     4.84640000000000         40.8203469250684    
     4.84705000000000         40.8203381203498    
     4.84770000000000         40.8203293259211    
     4.84835000000000         40.8203205417702    
     4.84900000000000         40.8203117678846    
     4.84965000000000         40.8203030042522    
     4.85030000000000         40.8202942508606    
     4.85095000000000         40.8202855076977    
     4.85160000000000         40.8202767747512    
     4.85225000000000         40.8202680520088    
     4.85290000000000         40.8202593394585    
     4.85355000000000         40.8202506370879    
     4.85420000000000         40.8202419448850    
     4.85485000000000         40.8202332628375    
     4.85550000000000         40.8202245909334    
     4.85615000000000         40.8202159291604    
     4.85680000000000         40.8202072775066    
     4.85745000000000         40.8201986359597    
     4.85810000000000         40.8201900045078    
     4.85875000000000         40.8201813831387    
     4.85940000000000         40.8201727718404    
     4.86005000000000         40.8201641706009    
     4.86070000000000         40.8201555794081    
     4.86135000000000         40.8201469982501    
     4.86200000000000         40.8201384271148    
     4.86265000000000         40.8201298659902    
     4.86330000000000         40.8201213148645    
     4.86395000000000         40.8201127737256    
     4.86460000000000         40.8201042425617    
     4.86525000000000         40.8200957213607    
     4.86590000000000         40.8200872101109    
     4.86655000000000         40.8200787088003    
     4.86720000000000         40.8200702174170    
     4.86785000000000         40.8200617359492    
     4.86850000000000         40.8200532643850    
     4.86915000000000         40.8200448027127    
     4.86980000000000         40.8200363509203    
     4.87045000000000         40.8200279089961    
     4.87110000000000         40.8200194769283    
     4.87175000000000         40.8200110547052    
     4.87240000000000         40.8200026423149    
     4.87305000000000         40.8199942397458    
     4.87370000000000         40.8199858469860    
     4.87435000000000         40.8199774640240    
     4.87500000000000         40.8199690908479    
     4.87565000000000         40.8199607274462    
     4.87630000000000         40.8199523738070    
     4.87695000000000         40.8199440299189    
     4.87760000000000         40.8199356957700    
     4.87825000000000         40.8199273713489    
     4.87890000000000         40.8199190566439    
     4.87955000000000         40.8199107516434    
     4.88020000000000         40.8199024563357    
     4.88085000000000         40.8198941707094    
     4.88150000000000         40.8198858947529    
     4.88215000000000         40.8198776284546    
     4.88280000000000         40.8198693718030    
     4.88345000000000         40.8198611247867    
     4.88410000000000         40.8198528873940    
     4.88475000000000         40.8198446596135    
     4.88540000000000         40.8198364414338    
     4.88605000000000         40.8198282328433    
     4.88670000000000         40.8198200338307    
     4.88735000000000         40.8198118443845    
     4.88800000000000         40.8198036644933    
     4.88865000000000         40.8197954941456    
     4.88930000000000         40.8197873333302    
     4.88995000000000         40.8197791820356    
     4.89060000000000         40.8197710402505    
     4.89125000000000         40.8197629079635    
     4.89190000000000         40.8197547851633    
     4.89255000000000         40.8197466718385    
     4.89320000000000         40.8197385679780    
     4.89385000000000         40.8197304735703    
     4.89450000000000         40.8197223886042    
     4.89515000000000         40.8197143130685    
     4.89580000000000         40.8197062469519    
     4.89645000000000         40.8196981902432    
     4.89710000000000         40.8196901429310    
     4.89775000000000         40.8196821050044    
     4.89840000000000         40.8196740764519    
     4.89905000000000         40.8196660572626    
     4.89970000000000         40.8196580474251    
     4.90035000000000         40.8196500469284    
     4.90100000000000         40.8196420557613    
     4.90165000000000         40.8196340739127    
     4.90230000000000         40.8196261013715    
     4.90295000000000         40.8196181381265    
     4.90360000000000         40.8196101841667    
     4.90425000000000         40.8196022394811    
     4.90490000000000         40.8195943040585    
     4.90555000000000         40.8195863778880    
     4.90620000000000         40.8195784609585    
     4.90685000000000         40.8195705532589    
     4.90750000000000         40.8195626547783    
     4.90815000000000         40.8195547655057    
     4.90880000000000         40.8195468854302    
     4.90945000000000         40.8195390145407    
     4.91010000000000         40.8195311528263    
     4.91075000000000         40.8195233002760    
     4.91140000000000         40.8195154568791    
     4.91205000000000         40.8195076226244    
     4.91270000000000         40.8194997975013    
     4.91335000000000         40.8194919814987    
     4.91400000000000         40.8194841746057    
     4.91465000000000         40.8194763768117    
     4.91530000000000         40.8194685881056    
     4.91595000000000         40.8194608084768    
     4.91660000000000         40.8194530379143    
     4.91725000000000         40.8194452764073    
     4.91790000000000         40.8194375239452    
     4.91855000000000         40.8194297805170    
     4.91920000000000         40.8194220461121    
     4.91985000000000         40.8194143207197    
     4.92050000000000         40.8194066043290    
     4.92115000000000         40.8193988969293    
     4.92180000000000         40.8193911985100    
     4.92245000000000         40.8193835090604    
     4.92310000000000         40.8193758285696    
     4.92375000000000         40.8193681570272    
     4.92440000000000         40.8193604944224    
     4.92505000000000         40.8193528407445    
     4.92570000000000         40.8193451959830    
     4.92635000000000         40.8193375601273    
     4.92700000000000         40.8193299331666    
     4.92765000000000         40.8193223150905    
     4.92830000000000         40.8193147058884    
     4.92895000000000         40.8193071055496    
     4.92960000000000         40.8192995140637    
     4.93025000000000         40.8192919314201    
     4.93090000000000         40.8192843576083    
     4.93155000000000         40.8192767926178    
     4.93220000000000         40.8192692364380    
     4.93285000000000         40.8192616890585    
     4.93350000000000         40.8192541504687    
     4.93415000000000         40.8192466206583    
     4.93480000000000         40.8192390996168    
     4.93545000000000         40.8192315873338    
     4.93610000000000         40.8192240837988    
     4.93675000000000         40.8192165890014    
     4.93740000000000         40.8192091029312    
     4.93805000000000         40.8192016255779    
     4.93870000000000         40.8191941569310    
     4.93935000000000         40.8191866969802    
     4.94000000000000         40.8191792457152    
     4.94065000000000         40.8191718031256    
     4.94130000000000         40.8191643692011    
     4.94195000000000         40.8191569439314    
     4.94260000000000         40.8191495273062    
     4.94325000000000         40.8191421193152    
     4.94390000000000         40.8191347199481    
     4.94455000000000         40.8191273291947    
     4.94520000000000         40.8191199470447    
     4.94585000000000         40.8191125734880    
     4.94650000000000         40.8191052085142    
     4.94715000000000         40.8190978521132    
     4.94780000000000         40.8190905042747    
     4.94845000000000         40.8190831649887    
     4.94910000000000         40.8190758342448    
     4.94975000000000         40.8190685120330    
     4.95040000000000         40.8190611983432    
     4.95105000000000         40.8190538931651    
     4.95170000000000         40.8190465964886    
     4.95235000000000         40.8190393083037    
     4.95300000000000         40.8190320286003    
     4.95365000000000         40.8190247573682    
     4.95430000000000         40.8190174945975    
     4.95495000000000         40.8190102402779    
     4.95560000000000         40.8190029943996    
     4.95625000000000         40.8189957569524    
     4.95690000000000         40.8189885279263    
     4.95755000000000         40.8189813073113    
     4.95820000000000         40.8189740950975    
     4.95885000000000         40.8189668912748    
     4.95950000000000         40.8189596958332    
     4.96015000000000         40.8189525087629    
     4.96080000000000         40.8189453300538    
     4.96145000000000         40.8189381596960    
     4.96210000000000         40.8189309976796    
     4.96275000000000         40.8189238439946    
     4.96340000000000         40.8189166986313    
     4.96405000000000         40.8189095615796    
     4.96470000000000         40.8189024328297    
     4.96535000000000         40.8188953123718    
     4.96600000000000         40.8188882001959    
     4.96665000000000         40.8188810962923    
     4.96730000000000         40.8188740006511    
     4.96795000000000         40.8188669132625    
     4.96860000000000         40.8188598341168    
     4.96925000000000         40.8188527632040    
     4.96990000000000         40.8188457005144    
     4.97055000000000         40.8188386460383    
     4.97120000000000         40.8188315997659    
     4.97185000000000         40.8188245616875    
     4.97250000000000         40.8188175317932    
     4.97315000000000         40.8188105100735    
     4.97380000000000         40.8188034965186    
     4.97445000000000         40.8187964911187    
     4.97510000000000         40.8187894938643    
     4.97575000000000         40.8187825047456    
     4.97640000000000         40.8187755237529    
     4.97705000000000         40.8187685508767    
     4.97770000000000         40.8187615861073    
     4.97835000000000         40.8187546294350    
     4.97900000000000         40.8187476808503    
     4.97965000000000         40.8187407403435    
     4.98030000000000         40.8187338079051    
     4.98095000000000         40.8187268835254    
     4.98160000000000         40.8187199671949    
     4.98225000000000         40.8187130589041    
     4.98290000000000         40.8187061586434    
     4.98355000000000         40.8186992664032    
     4.98420000000000         40.8186923821741    
     4.98485000000000         40.8186855059465    
     4.98550000000000         40.8186786377110    
     4.98615000000000         40.8186717774580    
     4.98680000000000         40.8186649251781    
     4.98745000000000         40.8186580808618    
     4.98810000000000         40.8186512444997    
     4.98875000000000         40.8186444160823    
     4.98940000000000         40.8186375956002    
     4.99005000000000         40.8186307830439    
     4.99070000000000         40.8186239784042    
     4.99135000000000         40.8186171816715    
     4.99200000000000         40.8186103928365    
     4.99265000000000         40.8186036118898    
     4.99330000000000         40.8185968388221    
     4.99395000000000         40.8185900736240    
     4.99460000000000         40.8185833162862    
     4.99525000000000         40.8185765667994    
     4.99590000000000         40.8185698251541    
     4.99655000000000         40.8185630913412    
     4.99720000000000         40.8185563653514    
     4.99785000000000         40.8185496471753    
     4.99850000000000         40.8185429368037    
     4.99915000000000         40.8185362342274    
     4.99980000000000         40.8185295394370    
     5.00045000000000         40.8185228524234    
     5.00110000000000         40.8185161731774    
     5.00175000000000         40.8185095016896    
     5.00240000000000         40.8185028379510    
     5.00305000000000         40.8184961819523    
     5.00370000000000         40.8184895336843    
     5.00435000000000         40.8184828931380    
     5.00500000000000         40.8184762603040    
     5.00565000000000         40.8184696351733    
     5.00630000000000         40.8184630177368    
     5.00695000000000         40.8184564079853    
     5.00760000000000         40.8184498059098    
     5.00825000000000         40.8184432115010    
     5.00890000000000         40.8184366247499    
     5.00955000000000         40.8184300456475    
     5.01020000000000         40.8184234741847    
     5.01085000000000         40.8184169103523    
     5.01150000000000         40.8184103541415    
     5.01215000000000         40.8184038055431    
     5.01280000000000         40.8183972645481    
     5.01345000000000         40.8183907311475    
     5.01410000000000         40.8183842053323    
     5.01475000000000         40.8183776870935    
     5.01540000000000         40.8183711764222    
     5.01605000000000         40.8183646733093    
     5.01670000000000         40.8183581777459    
     5.01735000000000         40.8183516897230    
     5.01800000000000         40.8183452092318    
     5.01865000000000         40.8183387362633    
     5.01930000000000         40.8183322708086    
     5.01995000000000         40.8183258128587    
     5.02060000000000         40.8183193624049    
     5.02125000000000         40.8183129194381    
     5.02190000000000         40.8183064839496    
     5.02255000000000         40.8183000559304    
     5.02320000000000         40.8182936353718    
     5.02385000000000         40.8182872222648    
     5.02450000000000         40.8182808166008    
     5.02515000000000         40.8182744183707    
     5.02580000000000         40.8182680275659    
     5.02645000000000         40.8182616441775    
     5.02710000000000         40.8182552681968    
     5.02775000000000         40.8182488996150    
     5.02840000000000         40.8182425384233    
     5.02905000000000         40.8182361846129    
     5.02970000000000         40.8182298381752    
     5.03035000000000         40.8182234991014    
     5.03100000000000         40.8182171673827    
     5.03165000000000         40.8182108430105    
     5.03230000000000         40.8182045259760    
     5.03295000000000         40.8181982162706    
     5.03360000000000         40.8181919138857    
     5.03425000000000         40.8181856188124    
     5.03490000000000         40.8181793310422    
     5.03555000000000         40.8181730505664    
     5.03620000000000         40.8181667773765    
     5.03685000000000         40.8181605114636    
     5.03750000000000         40.8181542528193    
     5.03815000000000         40.8181480014350    
     5.03880000000000         40.8181417573020    
     5.03945000000000         40.8181355204117    
     5.04010000000000         40.8181292907557    
     5.04075000000000         40.8181230683252    
     5.04140000000000         40.8181168531119    
     5.04205000000000         40.8181106451070    
     5.04270000000000         40.8181044443022    
     5.04335000000000         40.8180982506888    
     5.04400000000000         40.8180920642584    
     5.04465000000000         40.8180858850025    
     5.04530000000000         40.8180797129125    
     5.04595000000000         40.8180735479801    
     5.04660000000000         40.8180673901966    
     5.04725000000000         40.8180612395537    
     5.04790000000000         40.8180550960429    
     5.04855000000000         40.8180489596559    
     5.04920000000000         40.8180428303840    
     5.04985000000000         40.8180367082190    
     5.05050000000000         40.8180305931524    
     5.05115000000000         40.8180244851758    
     5.05180000000000         40.8180183842808    
     5.05245000000000         40.8180122904591    
     5.05310000000000         40.8180062037023    
     5.05375000000000         40.8180001240020    
     5.05440000000000         40.8179940513499    
     5.05505000000000         40.8179879857377    
     5.05570000000000         40.8179819271570    
     5.05635000000000         40.8179758755994    
     5.05700000000000         40.8179698310568    
     5.05765000000000         40.8179637935208    
     5.05830000000000         40.8179577629831    
     5.05895000000000         40.8179517394354    
     5.05960000000000         40.8179457228695    
     5.06025000000000         40.8179397132771    
     5.06090000000000         40.8179337106499    
     5.06155000000000         40.8179277149798    
     5.06220000000000         40.8179217262585    
     5.06285000000000         40.8179157444778    
     5.06350000000000         40.8179097696295    
     5.06415000000000         40.8179038017054    
     5.06480000000000         40.8178978406972    
     5.06545000000000         40.8178918865969    
     5.06610000000000         40.8178859393963    
     5.06675000000000         40.8178799990871    
     5.06740000000000         40.8178740656613    
     5.06805000000000         40.8178681391107    
     5.06870000000000         40.8178622194272    
     5.06935000000000         40.8178563066027    
     5.07000000000000         40.8178504006290    
     5.07065000000000         40.8178445014981    
     5.07130000000000         40.8178386092019    
     5.07195000000000         40.8178327237323    
     5.07260000000000         40.8178268450812    
     5.07325000000000         40.8178209732406    
     5.07390000000000         40.8178151082024    
     5.07455000000000         40.8178092499586    
     5.07520000000000         40.8178033985011    
     5.07585000000000         40.8177975538221    
     5.07650000000000         40.8177917159133    
     5.07715000000000         40.8177858847669    
     5.07780000000000         40.8177800603748    
     5.07845000000000         40.8177742427290    
     5.07910000000000         40.8177684318217    
     5.07975000000000         40.8177626276448    
     5.08040000000000         40.8177568301903    
     5.08105000000000         40.8177510394504    
     5.08170000000000         40.8177452554171    
     5.08235000000000         40.8177394780825    
     5.08300000000000         40.8177337074387    
     5.08365000000000         40.8177279434777    
     5.08430000000000         40.8177221861917    
     5.08495000000000         40.8177164355727    
     5.08560000000000         40.8177106916130    
     5.08625000000000         40.8177049543046    
     5.08690000000000         40.8176992236398    
     5.08755000000000         40.8176934996105    
     5.08820000000000         40.8176877822091    
     5.08885000000000         40.8176820714277    
     5.08950000000000         40.8176763672584    
     5.09015000000000         40.8176706696935    
     5.09080000000000         40.8176649787251    
     5.09145000000000         40.8176592943455    
     5.09210000000000         40.8176536165470    
     5.09275000000000         40.8176479453216    
     5.09340000000000         40.8176422806617    
     5.09405000000000         40.8176366225594    
     5.09470000000000         40.8176309710072    
     5.09535000000000         40.8176253259972    
     5.09600000000000         40.8176196875217    
     5.09665000000000         40.8176140555730    
     5.09730000000000         40.8176084301434    
     5.09795000000000         40.8176028112252    
     5.09860000000000         40.8175971988106    
     5.09925000000000         40.8175915928922    
     5.09990000000000         40.8175859934621    
     5.10055000000000         40.8175804005127    
     5.10120000000000         40.8175748140363    
     5.10185000000000         40.8175692340254    
     5.10250000000000         40.8175636604723    
     5.10315000000000         40.8175580933693    
     5.10380000000000         40.8175525327089    
     5.10445000000000         40.8175469784834    
     5.10510000000000         40.8175414306854    
     5.10575000000000         40.8175358893070    
     5.10640000000000         40.8175303543409    
     5.10705000000000         40.8175248257795    
     5.10770000000000         40.8175193036151    
     5.10835000000000         40.8175137878402    
     5.10900000000000         40.8175082784473    
     5.10965000000000         40.8175027754289    
     5.11030000000000         40.8174972787775    
     5.11095000000000         40.8174917884854    
     5.11160000000000         40.8174863045453    
     5.11225000000000         40.8174808269497    
     5.11290000000000         40.8174753556910    
     5.11355000000000         40.8174698907618    
     5.11420000000000         40.8174644321546    
     5.11485000000000         40.8174589798619    
     5.11550000000000         40.8174535338764    
     5.11615000000000         40.8174480941905    
     5.11680000000000         40.8174426607969    
     5.11745000000000         40.8174372336881    
     5.11810000000000         40.8174318128567    
     5.11875000000000         40.8174263982953    
     5.11940000000000         40.8174209899965    
     5.12005000000000         40.8174155879530    
     5.12070000000000         40.8174101921573    
     5.12135000000000         40.8174048026021    
     5.12200000000000         40.8173994192800    
     5.12265000000000         40.8173940421837    
     5.12330000000000         40.8173886713059    
     5.12395000000000         40.8173833066391    
     5.12460000000000         40.8173779481762    
     5.12525000000000         40.8173725959097    
     5.12590000000000         40.8173672498323    
     5.12655000000000         40.8173619099369    
     5.12720000000000         40.8173565762160    
     5.12785000000000         40.8173512486624    
     5.12850000000000         40.8173459272689    
     5.12915000000000         40.8173406120282    
     5.12980000000000         40.8173353029329    
     5.13045000000000         40.8173299999760    
     5.13110000000000         40.8173247031501    
     5.13175000000000         40.8173194124480    
     5.13240000000000         40.8173141278625    
     5.13305000000000         40.8173088493864    
     5.13370000000000         40.8173035770125    
     5.13435000000000         40.8172983107336    
     5.13500000000000         40.8172930505425    
     5.13565000000000         40.8172877964321    
     5.13630000000000         40.8172825483952    
     5.13695000000000         40.8172773064245    
     5.13760000000000         40.8172720705131    
     5.13825000000000         40.8172668406537    
     5.13890000000000         40.8172616168392    
     5.13955000000000         40.8172563990625    
     5.14020000000000         40.8172511873165    
     5.14085000000000         40.8172459815941    
     5.14150000000000         40.8172407818881    
     5.14215000000000         40.8172355881915    
     5.14280000000000         40.8172304004972    
     5.14345000000000         40.8172252187982    
     5.14410000000000         40.8172200430874    
     5.14475000000000         40.8172148733576    
     5.14540000000000         40.8172097096020    
     5.14605000000000         40.8172045518134    
     5.14670000000000         40.8171993999848    
     5.14735000000000         40.8171942541092    
     5.14800000000000         40.8171891141796    
     5.14865000000000         40.8171839801890    
     5.14930000000000         40.8171788521304    
     5.14995000000000         40.8171737299968    
     5.15060000000000         40.8171686137812    
     5.15125000000000         40.8171635034766    
     5.15190000000000         40.8171583990762    
     5.15255000000000         40.8171533005729    
     5.15320000000000         40.8171482079599    
     5.15385000000000         40.8171431212301    
     5.15450000000000         40.8171380403766    
     5.15515000000000         40.8171329653926    
     5.15580000000000         40.8171278962711    
     5.15645000000000         40.8171228330052    
     5.15710000000000         40.8171177755880    
     5.15775000000000         40.8171127240127    
     5.15840000000000         40.8171076782723    
     5.15905000000000         40.8171026383600    
     5.15970000000000         40.8170976042690    
     5.16035000000000         40.8170925759923    
     5.16100000000000         40.8170875535232    
     5.16165000000000         40.8170825368548    
     5.16230000000000         40.8170775259802    
     5.16295000000000         40.8170725208927    
     5.16360000000000         40.8170675215855    
     5.16425000000000         40.8170625280517    
     5.16490000000000         40.8170575402846    
     5.16555000000000         40.8170525582773    
     5.16620000000000         40.8170475820231    
     5.16685000000000         40.8170426115152    
     5.16750000000000         40.8170376467469    
     5.16815000000000         40.8170326877114    
     5.16880000000000         40.8170277344020    
     5.16945000000000         40.8170227868119    
     5.17010000000000         40.8170178449343    
     5.17075000000000         40.8170129087627    
     5.17140000000000         40.8170079782902    
     5.17205000000000         40.8170030535102    
     5.17270000000000         40.8169981344159    
     5.17335000000000         40.8169932210007    
     5.17400000000000         40.8169883132579    
     5.17465000000000         40.8169834111808    
     5.17530000000000         40.8169785147628    
     5.17595000000000         40.8169736239971    
     5.17660000000000         40.8169687388772    
     5.17725000000000         40.8169638593965    
     5.17790000000000         40.8169589855482    
     5.17855000000000         40.8169541173258    
     5.17920000000000         40.8169492547226    
     5.17985000000000         40.8169443977320    
     5.18050000000000         40.8169395463475    
     5.18115000000000         40.8169347005624    
     5.18180000000000         40.8169298603702    
     5.18245000000000         40.8169250257642    
     5.18310000000000         40.8169201967380    
     5.18375000000000         40.8169153732849    
     5.18440000000000         40.8169105553984    
     5.18505000000000         40.8169057430720    
     5.18570000000000         40.8169009362991    
     5.18635000000000         40.8168961350732    
     5.18700000000000         40.8168913393877    
     5.18765000000000         40.8168865492362    
     5.18830000000000         40.8168817646121    
     5.18895000000000         40.8168769855090    
     5.18960000000000         40.8168722119204    
     5.19025000000000         40.8168674438397    
     5.19090000000000         40.8168626812606    
     5.19155000000000         40.8168579241765    
     5.19220000000000         40.8168531725809    
     5.19285000000000         40.8168484264675    
     5.19350000000000         40.8168436858298    
     5.19415000000000         40.8168389506614    
     5.19480000000000         40.8168342209557    
     5.19545000000000         40.8168294967065    
     5.19610000000000         40.8168247779073    
     5.19675000000000         40.8168200645516    
     5.19740000000000         40.8168153566332    
     5.19805000000000         40.8168106541455    
     5.19870000000000         40.8168059570823    
     5.19935000000000         40.8168012654371    
     5.20000000000000         40.8167965792036    
     5.20065000000000         40.8167918983755    
     5.20130000000000         40.8167872229463    
     5.20195000000000         40.8167825529097    
     5.20260000000000         40.8167778882595    
     5.20325000000000         40.8167732289892    
     5.20390000000000         40.8167685750926    
     5.20455000000000         40.8167639265633    
     5.20520000000000         40.8167592833950    
     5.20585000000000         40.8167546455815    
     5.20650000000000         40.8167500131164    
     5.20715000000000         40.8167453859935    
     5.20780000000000         40.8167407642065    
     5.20845000000000         40.8167361477491    
     5.20910000000000         40.8167315366151    
     5.20975000000000         40.8167269307981    
     5.21040000000000         40.8167223302921    
     5.21105000000000         40.8167177350907    
     5.21170000000000         40.8167131451876    
     5.21235000000000         40.8167085605768    
     5.21300000000000         40.8167039812519    
     5.21365000000000         40.8166994072068    
     5.21430000000000         40.8166948384353    
     5.21495000000000         40.8166902749311    
     5.21560000000000         40.8166857166881    
     5.21625000000000         40.8166811637001    
     5.21690000000000         40.8166766159609    
     5.21755000000000         40.8166720734645    
     5.21820000000000         40.8166675362045    
     5.21885000000000         40.8166630041749    
     5.21950000000000         40.8166584773696    
     5.22015000000000         40.8166539557823    
     5.22080000000000         40.8166494394070    
     5.22145000000000         40.8166449282376    
     5.22210000000000         40.8166404222679    
     5.22275000000000         40.8166359214919    
     5.22340000000000         40.8166314259034    
     5.22405000000000         40.8166269354964    
     5.22470000000000         40.8166224502647    
     5.22535000000000         40.8166179702024    
     5.22600000000000         40.8166134953032    
     5.22665000000000         40.8166090255613    
     5.22730000000000         40.8166045609705    
     5.22795000000000         40.8166001015248    
     5.22860000000000         40.8165956472181    
     5.22925000000000         40.8165911980444    
     5.22990000000000         40.8165867539977    
     5.23055000000000         40.8165823150720    
     5.23120000000000         40.8165778812613    
     5.23185000000000         40.8165734525595    
     5.23250000000000         40.8165690289607    
     5.23315000000000         40.8165646104589    
     5.23380000000000         40.8165601970481    
     5.23445000000000         40.8165557887223    
     5.23510000000000         40.8165513854756    
     5.23575000000000         40.8165469873020    
     5.23640000000000         40.8165425941955    
     5.23705000000000         40.8165382061503    
     5.23770000000000         40.8165338231603    
     5.23835000000000         40.8165294452197    
     5.23900000000000         40.8165250723225    
     5.23965000000000         40.8165207044629    
     5.24030000000000         40.8165163416348    
     5.24095000000000         40.8165119838324    
     5.24160000000000         40.8165076310498    
     5.24225000000000         40.8165032832812    
     5.24290000000000         40.8164989405206    
     5.24355000000000         40.8164946027621    
     5.24420000000000         40.8164902700000    
     5.24485000000000         40.8164859422282    
     5.24550000000000         40.8164816194411    
     5.24615000000000         40.8164773016328    
     5.24680000000000         40.8164729887973    
     5.24745000000000         40.8164686809289    
     5.24810000000000         40.8164643780217    
     5.24875000000000         40.8164600800700    
     5.24940000000000         40.8164557870680    
     5.25005000000000         40.8164514990097    
     5.25070000000000         40.8164472158895    
     5.25135000000000         40.8164429377015    
     5.25200000000000         40.8164386644399    
     5.25265000000000         40.8164343960991    
     5.25330000000000         40.8164301326731    
     5.25395000000000         40.8164258741563    
     5.25460000000000         40.8164216205430    
     5.25525000000000         40.8164173718272    
     5.25590000000000         40.8164131280034    
     5.25655000000000         40.8164088890657    
     5.25720000000000         40.8164046550085    
     5.25785000000000         40.8164004258260    
     5.25850000000000         40.8163962015126    
     5.25915000000000         40.8163919820624    
     5.25980000000000         40.8163877674699    
     5.26045000000000         40.8163835577293    
     5.26110000000000         40.8163793528349    
     5.26175000000000         40.8163751527811    
     5.26240000000000         40.8163709575621    
     5.26305000000000         40.8163667671724    
     5.26370000000000         40.8163625816063    
     5.26435000000000         40.8163584008580    
     5.26500000000000         40.8163542249220    
     5.26565000000000         40.8163500537926    
     5.26630000000000         40.8163458874643    
     5.26695000000000         40.8163417259313    
     5.26760000000000         40.8163375691880    
     5.26825000000000         40.8163334172289    
     5.26890000000000         40.8163292700483    
     5.26955000000000         40.8163251276407    
     5.27020000000000         40.8163209900004    
     5.27085000000000         40.8163168571219    
     5.27150000000000         40.8163127289995    
     5.27215000000000         40.8163086056278    
     5.27280000000000         40.8163044870011    
     5.27345000000000         40.8163003731139    
     5.27410000000000         40.8162962639607    
     5.27475000000000         40.8162921595359    
     5.27540000000000         40.8162880598339    
     5.27605000000000         40.8162839648492    
     5.27670000000000         40.8162798745764    
     5.27735000000000         40.8162757890099    
     5.27800000000000         40.8162717081441    
     5.27865000000000         40.8162676319736    
     5.27930000000000         40.8162635604929    
     5.27995000000000         40.8162594936964    
     5.28060000000000         40.8162554315788    
     5.28125000000000         40.8162513741345    
     5.28190000000000         40.8162473213580    
     5.28255000000000         40.8162432732439    
     5.28320000000000         40.8162392297867    
     5.28385000000000         40.8162351909811    
     5.28450000000000         40.8162311568214    
     5.28515000000000         40.8162271273023    
     5.28580000000000         40.8162231024184    
     5.28645000000000         40.8162190821643    
     5.28710000000000         40.8162150665344    
     5.28775000000000         40.8162110555234    
     5.28840000000000         40.8162070491260    
     5.28905000000000         40.8162030473366    
     5.28970000000000         40.8161990501499    
     5.29035000000000         40.8161950575605    
     5.29100000000000         40.8161910695631    
     5.29165000000000         40.8161870861523    
     5.29230000000000         40.8161831073226    
     5.29295000000000         40.8161791330687    
     5.29360000000000         40.8161751633853    
     5.29425000000000         40.8161711982671    
     5.29490000000000         40.8161672377086    
     5.29555000000000         40.8161632817046    
     5.29620000000000         40.8161593302497    
     5.29685000000000         40.8161553833386    
     5.29750000000000         40.8161514409660    
     5.29815000000000         40.8161475031266    
     5.29880000000000         40.8161435698150    
     5.29945000000000         40.8161396410260    
     5.30010000000000         40.8161357167543    
     5.30075000000000         40.8161317969945    
     5.30140000000000         40.8161278817415    
     5.30205000000000         40.8161239709899    
     5.30270000000000         40.8161200647345    
     5.30335000000000         40.8161161629700    
     5.30400000000000         40.8161122656912    
     5.30465000000000         40.8161083728928    
     5.30530000000000         40.8161044845696    
     5.30595000000000         40.8161006007163    
     5.30660000000000         40.8160967213278    
     5.30725000000000         40.8160928463987    
     5.30790000000000         40.8160889759239    
     5.30855000000000         40.8160851098982    
     5.30920000000000         40.8160812483163    
     5.30985000000000         40.8160773911731    
     5.31050000000000         40.8160735384634    
     5.31115000000000         40.8160696901820    
     5.31180000000000         40.8160658463237    
     5.31245000000000         40.8160620068833    
     5.31310000000000         40.8160581718557    
     5.31375000000000         40.8160543412358    
     5.31440000000000         40.8160505150183    
     5.31505000000000         40.8160466931981    
     5.31570000000000         40.8160428757700    
     5.31635000000000         40.8160390627291    
     5.31700000000000         40.8160352540700    
     5.31765000000000         40.8160314497877    
     5.31830000000000         40.8160276498771    
     5.31895000000000         40.8160238543331    
     5.31960000000000         40.8160200631505    
     5.32025000000000         40.8160162763242    
     5.32090000000000         40.8160124938493    
     5.32155000000000         40.8160087157205    
     5.32220000000000         40.8160049419328    
     5.32285000000000         40.8160011724811    
     5.32350000000000         40.8159974073604    
     5.32415000000000         40.8159936465656    
     5.32480000000000         40.8159898900917    
     5.32545000000000         40.8159861379335    
     5.32610000000000         40.8159823900860    
     5.32675000000000         40.8159786465443    
     5.32740000000000         40.8159749073033    
     5.32805000000000         40.8159711723579    
     5.32870000000000         40.8159674417031    
     5.32935000000000         40.8159637153339    
     5.33000000000000         40.8159599932454    
     5.33065000000000         40.8159562754325    
     5.33130000000000         40.8159525618901    
     5.33195000000000         40.8159488526134    
     5.33260000000000         40.8159451475974    
     5.33325000000000         40.8159414468370    
     5.33390000000000         40.8159377503273    
     5.33455000000000         40.8159340580632    
     5.33520000000000         40.8159303700400    
     5.33585000000000         40.8159266862526    
     5.33650000000000         40.8159230066960    
     5.33715000000000         40.8159193313654    
     5.33780000000000         40.8159156602557    
     5.33845000000000         40.8159119933621    
     5.33910000000000         40.8159083306796    
     5.33975000000000         40.8159046722033    
     5.34040000000000         40.8159010179283    
     5.34105000000000         40.8158973678497    
     5.34170000000000         40.8158937219626    
     5.34235000000000         40.8158900802621    
     5.34300000000000         40.8158864427433    
     5.34365000000000         40.8158828094013    
     5.34430000000000         40.8158791802312    
     5.34495000000000         40.8158755552282    
     5.34560000000000         40.8158719343874    
     5.34625000000000         40.8158683177039    
     5.34690000000000         40.8158647051730    
     5.34755000000000         40.8158610967896    
     5.34820000000000         40.8158574925491    
     5.34885000000000         40.8158538924465    
     5.34950000000000         40.8158502964770    
     5.35015000000000         40.8158467046359    
     5.35080000000000         40.8158431169182    
     5.35145000000000         40.8158395333192    
     5.35210000000000         40.8158359538340    
     5.35275000000000         40.8158323784579    
     5.35340000000000         40.8158288071861    
     5.35405000000000         40.8158252400137    
     5.35470000000000         40.8158216769360    
     5.35535000000000         40.8158181179482    
     5.35600000000000         40.8158145630456    
     5.35665000000000         40.8158110122233    
     5.35730000000000         40.8158074654765    
     5.35795000000000         40.8158039228007    
     5.35860000000000         40.8158003841909    
     5.35925000000000         40.8157968496424    
     5.35990000000000         40.8157933191506    
     5.36055000000000         40.8157897927106    
     5.36120000000000         40.8157862703178    
     5.36185000000000         40.8157827519674    
     5.36250000000000         40.8157792376547    
     5.36315000000000         40.8157757273749    
     5.36380000000000         40.8157722211235    
     5.36445000000000         40.8157687188956    
     5.36510000000000         40.8157652206866    
     5.36575000000000         40.8157617264918    
     5.36640000000000         40.8157582363065    
     5.36705000000000         40.8157547501261    
     5.36770000000000         40.8157512679458    
     5.36835000000000         40.8157477897610    
     5.36900000000000         40.8157443155670    
     5.36965000000000         40.8157408453593    
     5.37030000000000         40.8157373791330    
     5.37095000000000         40.8157339168836    
     5.37160000000000         40.8157304586065    
     5.37225000000000         40.8157270042969    
     5.37290000000000         40.8157235539504    
     5.37355000000000         40.8157201075622    
     5.37420000000000         40.8157166651277    
     5.37485000000000         40.8157132266424    
     5.37550000000000         40.8157097921016    
     5.37615000000000         40.8157063615007    
     5.37680000000000         40.8157029348351    
     5.37745000000000         40.8156995121003    
     5.37810000000000         40.8156960932916    
     5.37875000000000         40.8156926784045    
     5.37940000000000         40.8156892674344    
     5.38005000000000         40.8156858603767    
     5.38070000000000         40.8156824572269    
     5.38135000000000         40.8156790579804    
     5.38200000000000         40.8156756626327    
     5.38265000000000         40.8156722711792    
     5.38330000000000         40.8156688836153    
     5.38395000000000         40.8156654999366    
     5.38460000000000         40.8156621201385    
     5.38525000000000         40.8156587442164    
     5.38590000000000         40.8156553721660    
     5.38655000000000         40.8156520039825    
     5.38720000000000         40.8156486396617    
     5.38785000000000         40.8156452791988    
     5.38850000000000         40.8156419225895    
     5.38915000000000         40.8156385698293    
     5.38980000000000         40.8156352209136    
     5.39045000000000         40.8156318758380    
     5.39110000000000         40.8156285345980    
     5.39175000000000         40.8156251971891    
     5.39240000000000         40.8156218636069    
     5.39305000000000         40.8156185338469    
     5.39370000000000         40.8156152079046    
     5.39435000000000         40.8156118857757    
     5.39500000000000         40.8156085674555    
     5.39565000000000         40.8156052529399    
     5.39630000000000         40.8156019422242    
     5.39695000000000         40.8155986353040    
     5.39760000000000         40.8155953321750    
     5.39825000000000         40.8155920328327    
     5.39890000000000         40.8155887372727    
     5.39955000000000         40.8155854454906    
     5.40020000000000         40.8155821574819    
     5.40085000000000         40.8155788732424    
     5.40150000000000         40.8155755927676    
     5.40215000000000         40.8155723160530    
     5.40280000000000         40.8155690430945    
     5.40345000000000         40.8155657738874    
     5.40410000000000         40.8155625084276    
     5.40475000000000         40.8155592467106    
     5.40540000000000         40.8155559887320    
     5.40605000000000         40.8155527344876    
     5.40670000000000         40.8155494839729    
     5.40735000000000         40.8155462371836    
     5.40800000000000         40.8155429941153    
     5.40865000000000         40.8155397547638    
     5.40930000000000         40.8155365191247    
     5.40995000000000         40.8155332871937    
     5.41060000000000         40.8155300589665    
     5.41125000000000         40.8155268344387    
     5.41190000000000         40.8155236136060    
     5.41255000000000         40.8155203964642    
     5.41320000000000         40.8155171830089    
     5.41385000000000         40.8155139732358    
     5.41450000000000         40.8155107671407    
     5.41515000000000         40.8155075647193    
     5.41580000000000         40.8155043659673    
     5.41645000000000         40.8155011708803    
     5.41710000000000         40.8154979794543    
     5.41775000000000         40.8154947916848    
     5.41840000000000         40.8154916075676    
     5.41905000000000         40.8154884270985    
     5.41970000000000         40.8154852502733    
     5.42035000000000         40.8154820770876    
     5.42100000000000         40.8154789075373    
     5.42165000000000         40.8154757416181    
     5.42230000000000         40.8154725793258    
     5.42295000000000         40.8154694206561    
     5.42360000000000         40.8154662656049    
     5.42425000000000         40.8154631141679    
     5.42490000000000         40.8154599663410    
     5.42555000000000         40.8154568221198    
     5.42620000000000         40.8154536815003    
     5.42685000000000         40.8154505444783    
     5.42750000000000         40.8154474110494    
     5.42815000000000         40.8154442812097    
     5.42880000000000         40.8154411549548    
     5.42945000000000         40.8154380322806    
     5.43010000000000         40.8154349131830    
     5.43075000000000         40.8154317976577    
     5.43140000000000         40.8154286857007    
     5.43205000000000         40.8154255773078    
     5.43270000000000         40.8154224724748    
     5.43335000000000         40.8154193711975    
     5.43400000000000         40.8154162734719    
     5.43465000000000         40.8154131792938    
     5.43530000000000         40.8154100886591    
     5.43595000000000         40.8154070015636    
     5.43660000000000         40.8154039180033    
     5.43725000000000         40.8154008379740    
     5.43790000000000         40.8153977614716    
     5.43855000000000         40.8153946884920    
     5.43920000000000         40.8153916190311    
     5.43985000000000         40.8153885530849    
     5.44050000000000         40.8153854906492    
     5.44115000000000         40.8153824317199    
     5.44180000000000         40.8153793762930    
     5.44245000000000         40.8153763243643    
     5.44310000000000         40.8153732759299    
     5.44375000000000         40.8153702309857    
     5.44440000000000         40.8153671895275    
     5.44505000000000         40.8153641515514    
     5.44570000000000         40.8153611170533    
     5.44635000000000         40.8153580860291    
     5.44700000000000         40.8153550584748    
     5.44765000000000         40.8153520343864    
     5.44830000000000         40.8153490137598    
     5.44895000000000         40.8153459965910    
     5.44960000000000         40.8153429828760    
     5.45025000000000         40.8153399726108    
     5.45090000000000         40.8153369657913    
     5.45155000000000         40.8153339624136    
     5.45220000000000         40.8153309624736    
     5.45285000000000         40.8153279659673    
     5.45350000000000         40.8153249728909    
     5.45415000000000         40.8153219832401    
     5.45480000000000         40.8153189970112    
     5.45545000000000         40.8153160142001    
     5.45610000000000         40.8153130348028    
     5.45675000000000         40.8153100588153    
     5.45740000000000         40.8153070862338    
     5.45805000000000         40.8153041170542    
     5.45870000000000         40.8153011512725    
     5.45935000000000         40.8152981888849    
     5.46000000000000         40.8152952298874    
     5.46065000000000         40.8152922742760    
     5.46130000000000         40.8152893220468    
     5.46195000000000         40.8152863731959    
     5.46260000000000         40.8152834277193    
     5.46325000000000         40.8152804856132    
     5.46390000000000         40.8152775468735    
     5.46455000000000         40.8152746114965    
     5.46520000000000         40.8152716794781    
     5.46585000000000         40.8152687508145    
     5.46650000000000         40.8152658255017    
     5.46715000000000         40.8152629035360    
     5.46780000000000         40.8152599849133    
     5.46845000000000         40.8152570696299    
     5.46910000000000         40.8152541576817    
     5.46975000000000         40.8152512490650    
     5.47040000000000         40.8152483437759    
     5.47105000000000         40.8152454418105    
     5.47170000000000         40.8152425431650    
     5.47235000000000         40.8152396478354    
     5.47300000000000         40.8152367558180    
     5.47365000000000         40.8152338671088    
     5.47430000000000         40.8152309817041    
     5.47495000000000         40.8152280996000    
     5.47560000000000         40.8152252207927    
     5.47625000000000         40.8152223452783    
     5.47690000000000         40.8152194730530    
     5.47755000000000         40.8152166041129    
     5.47820000000000         40.8152137384544    
     5.47885000000000         40.8152108760735    
     5.47950000000000         40.8152080169665    
     5.48015000000000         40.8152051611295    
     5.48080000000000         40.8152023085587    
     5.48145000000000         40.8151994592504    
     5.48210000000000         40.8151966132008    
     5.48275000000000         40.8151937704060    
     5.48340000000000         40.8151909308623    
     5.48405000000000         40.8151880945660    
     5.48470000000000         40.8151852615132    
     5.48535000000000         40.8151824317001    
     5.48600000000000         40.8151796051231    
     5.48665000000000         40.8151767817784    
     5.48730000000000         40.8151739616621    
     5.48795000000000         40.8151711447706    
     5.48860000000000         40.8151683311001    
     5.48925000000000         40.8151655206469    
     5.48990000000000         40.8151627134072    
     5.49055000000000         40.8151599093773    
     5.49120000000000         40.8151571085534    
     5.49185000000000         40.8151543109319    
     5.49250000000000         40.8151515165090    
     5.49315000000000         40.8151487252811    
     5.49380000000000         40.8151459372443    
     5.49445000000000         40.8151431523951    
     5.49510000000000         40.8151403707296    
     5.49575000000000         40.8151375922442    
     5.49640000000000         40.8151348169352    
     5.49705000000000         40.8151320447990    
     5.49770000000000         40.8151292758318    
     5.49835000000000         40.8151265100299    
     5.49900000000000         40.8151237473897    
     5.49965000000000         40.8151209879076    
     5.50030000000000         40.8151182315798    
     5.50095000000000         40.8151154784026    
     5.50160000000000         40.8151127283725    
     5.50225000000000         40.8151099814857    
     5.50290000000000         40.8151072377387    
     5.50355000000000         40.8151044971277    
     5.50420000000000         40.8151017596492    
     5.50485000000000         40.8150990252995    
     5.50550000000000         40.8150962940749    
     5.50615000000000         40.8150935659719    
     5.50680000000000         40.8150908409867    
     5.50745000000000         40.8150881191159    
     5.50810000000000         40.8150854003558    
     5.50875000000000         40.8150826847028    
     5.50940000000000         40.8150799721532    
     5.51005000000000         40.8150772627034    
     5.51070000000000         40.8150745563500    
     5.51135000000000         40.8150718530892    
     5.51200000000000         40.8150691529175    
     5.51265000000000         40.8150664558313    
     5.51330000000000         40.8150637618270    
     5.51395000000000         40.8150610709011    
     5.51460000000000         40.8150583830499    
     5.51525000000000         40.8150556982699    
     5.51590000000000         40.8150530165576    
     5.51655000000000         40.8150503379094    
     5.51720000000000         40.8150476623216    
     5.51785000000000         40.8150449897909    
     5.51850000000000         40.8150423203136    
     5.51915000000000         40.8150396538861    
     5.51980000000000         40.8150369905051    
     5.52045000000000         40.8150343301668    
     5.52110000000000         40.8150316728678    
     5.52175000000000         40.8150290186046    
     5.52240000000000         40.8150263673735    
     5.52305000000000         40.8150237191713    
     5.52370000000000         40.8150210739942    
     5.52435000000000         40.8150184318388    
     5.52500000000000         40.8150157927016    
     5.52565000000000         40.8150131565791    
     5.52630000000000         40.8150105234678    
     5.52695000000000         40.8150078933642    
     5.52760000000000         40.8150052662648    
     5.52825000000000         40.8150026421661    
     5.52890000000000         40.8150000210646    
     5.52955000000000         40.8149974029570    
     5.53020000000000         40.8149947878396    
     5.53085000000000         40.8149921757091    
     5.53150000000000         40.8149895665619    
     5.53215000000000         40.8149869603946    
     5.53280000000000         40.8149843572038    
     5.53345000000000         40.8149817569860    
     5.53410000000000         40.8149791597378    
     5.53475000000000         40.8149765654556    
     5.53540000000000         40.8149739741361    
     5.53605000000000         40.8149713857759    
     5.53670000000000         40.8149688003714    
     5.53735000000000         40.8149662179194    
     5.53800000000000         40.8149636384163    
     5.53865000000000         40.8149610618587    
     5.53930000000000         40.8149584882432    
     5.53995000000000         40.8149559175665    
     5.54060000000000         40.8149533498250    
     5.54125000000000         40.8149507850154    
     5.54190000000000         40.8149482231344    
     5.54255000000000         40.8149456641784    
     5.54320000000000         40.8149431081442    
     5.54385000000000         40.8149405550283    
     5.54450000000000         40.8149380048273    
     5.54515000000000         40.8149354575379    
     5.54580000000000         40.8149329131567    
     5.54645000000000         40.8149303716803    
     5.54710000000000         40.8149278331054    
     5.54775000000000         40.8149252974285    
     5.54840000000000         40.8149227646464    
     5.54905000000000         40.8149202347557    
     5.54970000000000         40.8149177077529    
     5.55035000000000         40.8149151836349    
     5.55100000000000         40.8149126623982    
     5.55165000000000         40.8149101440395    
     5.55230000000000         40.8149076285554    
     5.55295000000000         40.8149051159427    
     5.55360000000000         40.8149026061980    
     5.55425000000000         40.8149000993180    
     5.55490000000000         40.8148975952993    
     5.55555000000000         40.8148950941387    
     5.55620000000000         40.8148925958328    
     5.55685000000000         40.8148901003783    
     5.55750000000000         40.8148876077719    
     5.55815000000000         40.8148851180104    
     5.55880000000000         40.8148826310904    
     5.55945000000000         40.8148801470086    
     5.56010000000000         40.8148776657618    
     5.56075000000000         40.8148751873466    
     5.56140000000000         40.8148727117598    
     5.56205000000000         40.8148702389981    
     5.56270000000000         40.8148677690582    
     5.56335000000000         40.8148653019369    
     5.56400000000000         40.8148628376309    
     5.56465000000000         40.8148603761370    
     5.56530000000000         40.8148579174518    
     5.56595000000000         40.8148554615721    
     5.56660000000000         40.8148530084947    
     5.56725000000000         40.8148505582164    
     5.56790000000000         40.8148481107338    
     5.56855000000000         40.8148456660438    
     5.56920000000000         40.8148432241431    
     5.56985000000000         40.8148407850285    
     5.57050000000000         40.8148383486967    
     5.57115000000000         40.8148359151446    
     5.57180000000000         40.8148334843689    
     5.57245000000000         40.8148310563664    
     5.57310000000000         40.8148286311338    
     5.57375000000000         40.8148262086681    
     5.57440000000000         40.8148237889660    
     5.57505000000000         40.8148213720242    
     5.57570000000000         40.8148189578396    
     5.57635000000000         40.8148165464090    
     5.57700000000000         40.8148141377292    
     5.57765000000000         40.8148117317970    
     5.57830000000000         40.8148093286092    
     5.57895000000000         40.8148069281627    
     5.57960000000000         40.8148045304543    
     5.58025000000000         40.8148021354808    
     5.58090000000000         40.8147997432391    
     5.58155000000000         40.8147973537259    
     5.58220000000000         40.8147949669381    
     5.58285000000000         40.8147925828727    
     5.58350000000000         40.8147902015263    
     5.58415000000000         40.8147878228959    
     5.58480000000000         40.8147854469784    
     5.58545000000000         40.8147830737705    
     5.58610000000000         40.8147807032692    
     5.58675000000000         40.8147783354713    
     5.58740000000000         40.8147759703737    
     5.58805000000000         40.8147736079733    
     5.58870000000000         40.8147712482669    
     5.58935000000000         40.8147688912514    
     5.59000000000000         40.8147665369237    
     5.59065000000000         40.8147641852808    
     5.59130000000000         40.8147618363194    
     5.59195000000000         40.8147594900365    
     5.59260000000000         40.8147571464290    
     5.59325000000000         40.8147548054938    
     5.59390000000000         40.8147524672278    
     5.59455000000000         40.8147501316279    
     5.59520000000000         40.8147477986910    
     5.59585000000000         40.8147454684141    
     5.59650000000000         40.8147431407941    
     5.59715000000000         40.8147408158278    
     5.59780000000000         40.8147384935123    
     5.59845000000000         40.8147361738444    
     5.59910000000000         40.8147338568211    
     5.59975000000000         40.8147315424394    
     5.60040000000000         40.8147292306961    
     5.60105000000000         40.8147269215882    
     5.60170000000000         40.8147246151128    
     5.60235000000000         40.8147223112666    
     5.60300000000000         40.8147200100468    
     5.60365000000000         40.8147177114501    
     5.60430000000000         40.8147154154738    
     5.60495000000000         40.8147131221145    
     5.60560000000000         40.8147108313695    
     5.60625000000000         40.8147085432356    
     5.60690000000000         40.8147062577098    
     5.60755000000000         40.8147039747891    
     5.60820000000000         40.8147016944704    
     5.60885000000000         40.8146994167509    
     5.60950000000000         40.8146971416274    
     5.61015000000000         40.8146948690970    
     5.61080000000000         40.8146925991566    
     5.61145000000000         40.8146903318034    
     5.61210000000000         40.8146880670342    
     5.61275000000000         40.8146858048460    
     5.61340000000000         40.8146835452360    
     5.61405000000000         40.8146812882012    
     5.61470000000000         40.8146790337384    
     5.61535000000000         40.8146767818448    
     5.61600000000000         40.8146745325175    
     5.61665000000000         40.8146722857533    
     5.61730000000000         40.8146700415495    
     5.61795000000000         40.8146677999029    
     5.61860000000000         40.8146655608107    
     5.61925000000000         40.8146633242699    
     5.61990000000000         40.8146610902776    
     5.62055000000000         40.8146588588307    
     5.62120000000000         40.8146566299264    
     5.62185000000000         40.8146544035617    
     5.62250000000000         40.8146521797338    
     5.62315000000000         40.8146499584395    
     5.62380000000000         40.8146477396761    
     5.62445000000000         40.8146455234406    
     5.62510000000000         40.8146433097301    
     5.62575000000000         40.8146410985416    
     5.62640000000000         40.8146388898722    
     5.62705000000000         40.8146366837191    
     5.62770000000000         40.8146344800793    
     5.62835000000000         40.8146322789499    
     5.62900000000000         40.8146300803280    
     5.62965000000000         40.8146278842108    
     5.63030000000000         40.8146256905952    
     5.63095000000000         40.8146234994785    
     5.63160000000000         40.8146213108578    
     5.63225000000000         40.8146191247301    
     5.63290000000000         40.8146169410925    
     5.63355000000000         40.8146147599423    
     5.63420000000000         40.8146125812765    
     5.63485000000000         40.8146104050922    
     5.63550000000000         40.8146082313866    
     5.63615000000000         40.8146060601568    
     5.63680000000000         40.8146038914000    
     5.63745000000000         40.8146017251133    
     5.63810000000000         40.8145995612939    
     5.63875000000000         40.8145973999388    
     5.63940000000000         40.8145952410453    
     5.64005000000000         40.8145930846105    
     5.64070000000000         40.8145909306315    
     5.64135000000000         40.8145887791056    
     5.64200000000000         40.8145866300299    
     5.64265000000000         40.8145844834015    
     5.64330000000000         40.8145823392177    
     5.64395000000000         40.8145801974756    
     5.64460000000000         40.8145780581723    
     5.64525000000000         40.8145759213052    
     5.64590000000000         40.8145737868713    
     5.64655000000000         40.8145716548678    
     5.64720000000000         40.8145695252920    
     5.64785000000000         40.8145673981410    
     5.64850000000000         40.8145652734120    
     5.64915000000000         40.8145631511023    
     5.64980000000000         40.8145610312090    
     5.65045000000000         40.8145589137294    
     5.65110000000000         40.8145567986607    
     5.65175000000000         40.8145546860000    
     5.65240000000000         40.8145525757446    
     5.65305000000000         40.8145504678917    
     5.65370000000000         40.8145483624386    
     5.65435000000000         40.8145462593824    
     5.65500000000000         40.8145441587205    
     5.65565000000000         40.8145420604500    
     5.65630000000000         40.8145399645681    
     5.65695000000000         40.8145378710722    
     5.65760000000000         40.8145357799595    
     5.65825000000000         40.8145336912271    
     5.65890000000000         40.8145316048725    
     5.65955000000000         40.8145295208927    
     5.66020000000000         40.8145274392852    
     5.66085000000000         40.8145253600470    
     5.66150000000000         40.8145232831756    
     5.66215000000000         40.8145212086681    
     5.66280000000000         40.8145191365219    
     5.66345000000000         40.8145170667342    
     5.66410000000000         40.8145149993022    
     5.66475000000000         40.8145129342234    
     5.66540000000000         40.8145108714949    
     5.66605000000000         40.8145088111140    
     5.66670000000000         40.8145067530781    
     5.66735000000000         40.8145046973844    
     5.66800000000000         40.8145026440302    
     5.66865000000000         40.8145005930128    
     5.66930000000000         40.8144985443296    
     5.66995000000000         40.8144964979777    
     5.67060000000000         40.8144944539546    
     5.67125000000000         40.8144924122576    
     5.67190000000000         40.8144903728839    
     5.67255000000000         40.8144883358309    
     5.67320000000000         40.8144863010959    
     5.67385000000000         40.8144842686763    
     5.67450000000000         40.8144822385693    
     5.67515000000000         40.8144802107723    
     5.67580000000000         40.8144781852826    
     5.67645000000000         40.8144761620975    
     5.67710000000000         40.8144741412145    
     5.67775000000000         40.8144721226308    
     5.67840000000000         40.8144701063437    
     5.67905000000000         40.8144680923508    
     5.67970000000000         40.8144660806492    
     5.68035000000000         40.8144640712363    
     5.68100000000000         40.8144620641096    
     5.68165000000000         40.8144600592663    
     5.68230000000000         40.8144580567039    
     5.68295000000000         40.8144560564197    
     5.68360000000000         40.8144540584110    
     5.68425000000000         40.8144520626753    
     5.68490000000000         40.8144500692099    
     5.68555000000000         40.8144480780122    
     5.68620000000000         40.8144460890796    
     5.68685000000000         40.8144441024095    
     5.68750000000000         40.8144421179993    
     5.68815000000000         40.8144401358463    
     5.68880000000000         40.8144381559479    
     5.68945000000000         40.8144361783016    
     5.69010000000000         40.8144342029048    
     5.69075000000000         40.8144322297548    
     5.69140000000000         40.8144302588491    
     5.69205000000000         40.8144282901851    
     5.69270000000000         40.8144263237602    
     5.69335000000000         40.8144243595718    
     5.69400000000000         40.8144223976173    
     5.69465000000000         40.8144204378942    
     5.69530000000000         40.8144184803998    
     5.69595000000000         40.8144165251317    
     5.69660000000000         40.8144145720872    
     5.69725000000000         40.8144126212638    
     5.69790000000000         40.8144106726589    
     5.69855000000000         40.8144087262700    
     5.69920000000000         40.8144067820945    
     5.69985000000000         40.8144048401298    
     5.70050000000000         40.8144029003734    
     5.70115000000000         40.8144009628228    
     5.70180000000000         40.8143990274754    
     5.70245000000000         40.8143970943287    
     5.70310000000000         40.8143951633801    
     5.70375000000000         40.8143932346271    
     5.70440000000000         40.8143913080672    
     5.70505000000000         40.8143893836978    
     5.70570000000000         40.8143874615164    
     5.70635000000000         40.8143855415205    
     5.70700000000000         40.8143836237076    
     5.70765000000000         40.8143817080751    
     5.70830000000000         40.8143797946206    
     5.70895000000000         40.8143778833415    
     5.70960000000000         40.8143759742354    
     5.71025000000000         40.8143740672996    
     5.71090000000000         40.8143721625318    
     5.71155000000000         40.8143702599294    
     5.71220000000000         40.8143683594899    
     5.71285000000000         40.8143664612108    
     5.71350000000000         40.8143645650896    
     5.71415000000000         40.8143626711239    
     5.71480000000000         40.8143607793112    
     5.71545000000000         40.8143588896490    
     5.71610000000000         40.8143570021347    
     5.71675000000000         40.8143551167660    
     5.71740000000000         40.8143532335403    
     5.71805000000000         40.8143513524553    
     5.71870000000000         40.8143494735083    
     5.71935000000000         40.8143475966970    
     5.72000000000000         40.8143457220189    
     5.72065000000000         40.8143438494715    
     5.72130000000000         40.8143419790524    
     5.72195000000000         40.8143401107591    
     5.72260000000000         40.8143382445892    
     5.72325000000000         40.8143363805402    
     5.72390000000000         40.8143345186097    
     5.72455000000000         40.8143326587953    
     5.72520000000000         40.8143308010945    
     5.72585000000000         40.8143289455048    
     5.72650000000000         40.8143270920239    
     5.72715000000000         40.8143252406492    
     5.72780000000000         40.8143233913785    
     5.72845000000000         40.8143215442092    
     5.72910000000000         40.8143196991390    
     5.72975000000000         40.8143178561653    
     5.73040000000000         40.8143160152859    
     5.73105000000000         40.8143141764983    
     5.73170000000000         40.8143123398000    
     5.73235000000000         40.8143105051887    
     5.73300000000000         40.8143086726620    
     5.73365000000000         40.8143068422174    
     5.73430000000000         40.8143050138526    
     5.73495000000000         40.8143031875652    
     5.73560000000000         40.8143013633528    
     5.73625000000000         40.8142995412129    
     5.73690000000000         40.8142977211433    
     5.73755000000000         40.8142959031415    
     5.73820000000000         40.8142940872051    
     5.73885000000000         40.8142922733318    
     5.73950000000000         40.8142904615191    
     5.74015000000000         40.8142886517647    
     5.74080000000000         40.8142868440663    
     5.74145000000000         40.8142850384215    
     5.74210000000000         40.8142832348279    
     5.74275000000000         40.8142814332831    
     5.74340000000000         40.8142796337847    
     5.74405000000000         40.8142778363305    
     5.74470000000000         40.8142760409181    
     5.74535000000000         40.8142742475451    
     5.74600000000000         40.8142724562092    
     5.74665000000000         40.8142706669080    
     5.74730000000000         40.8142688796392    
     5.74795000000000         40.8142670944004    
     5.74860000000000         40.8142653111893    
     5.74925000000000         40.8142635300036    
     5.74990000000000         40.8142617508409    
     5.75055000000000         40.8142599736990    
     5.75120000000000         40.8142581985754    
     5.75185000000000         40.8142564254679    
     5.75250000000000         40.8142546543741    
     5.75315000000000         40.8142528852917    
     5.75380000000000         40.8142511182185    
     5.75445000000000         40.8142493531520    
     5.75510000000000         40.8142475900900    
     5.75575000000000         40.8142458290302    
     5.75640000000000         40.8142440699702    
     5.75705000000000         40.8142423129078    
     5.75770000000000         40.8142405578407    
     5.75835000000000         40.8142388047666    
     5.75900000000000         40.8142370536831    
     5.75965000000000         40.8142353045880    
     5.76030000000000         40.8142335574790    
     5.76095000000000         40.8142318123538    
     5.76160000000000         40.8142300692101    
     5.76225000000000         40.8142283280457    
     5.76290000000000         40.8142265888583    
     5.76355000000000         40.8142248516455    
     5.76420000000000         40.8142231164052    
     5.76485000000000         40.8142213831350    
     5.76550000000000         40.8142196518326    
     5.76615000000000         40.8142179224959    
     5.76680000000000         40.8142161951226    
     5.76745000000000         40.8142144697103    
     5.76810000000000         40.8142127462569    
     5.76875000000000         40.8142110247601    
     5.76940000000000         40.8142093052176    
     5.77005000000000         40.8142075876272    
     5.77070000000000         40.8142058719866    
     5.77135000000000         40.8142041582936    
     5.77200000000000         40.8142024465460    
     5.77265000000000         40.8142007367415    
     5.77330000000000         40.8141990288779    
     5.77395000000000         40.8141973229529    
     5.77460000000000         40.8141956189643    
     5.77525000000000         40.8141939169099    
     5.77590000000000         40.8141922167875    
     5.77655000000000         40.8141905185948    
     5.77720000000000         40.8141888223297    
     5.77785000000000         40.8141871279898    
     5.77850000000000         40.8141854355730    
     5.77915000000000         40.8141837450771    
     5.77980000000000         40.8141820564999    
     5.78045000000000         40.8141803698391    
     5.78110000000000         40.8141786850926    
     5.78175000000000         40.8141770022581    
     5.78240000000000         40.8141753213335    
     5.78305000000000         40.8141736423165    
     5.78370000000000         40.8141719652050    
     5.78435000000000         40.8141702899968    
     5.78500000000000         40.8141686166896    
     5.78565000000000         40.8141669452814    
     5.78630000000000         40.8141652757698    
     5.78695000000000         40.8141636081528    
     5.78760000000000         40.8141619424281    
     5.78825000000000         40.8141602785936    
     5.78890000000000         40.8141586166471    
     5.78955000000000         40.8141569565864    
     5.79020000000000         40.8141552984094    
     5.79085000000000         40.8141536421139    
     5.79150000000000         40.8141519876977    
     5.79215000000000         40.8141503351587    
     5.79280000000000         40.8141486844946    
     5.79345000000000         40.8141470357035    
     5.79410000000000         40.8141453887830    
     5.79475000000000         40.8141437437311    
     5.79540000000000         40.8141421005456    
     5.79605000000000         40.8141404592243    
     5.79670000000000         40.8141388197652    
     5.79735000000000         40.8141371821660    
     5.79800000000000         40.8141355464247    
     5.79865000000000         40.8141339125390    
     5.79930000000000         40.8141322805069    
     5.79995000000000         40.8141306503263    
     5.80060000000000         40.8141290219949    
     5.80125000000000         40.8141273955107    
     5.80190000000000         40.8141257708716    
     5.80255000000000         40.8141241480754    
     5.80320000000000         40.8141225271201    
     5.80385000000000         40.8141209080034    
     5.80450000000000         40.8141192907233    
     5.80515000000000         40.8141176752777    
     5.80580000000000         40.8141160616644    
     5.80645000000000         40.8141144498814    
     5.80710000000000         40.8141128399266    
     5.80775000000000         40.8141112317978    
     5.80840000000000         40.8141096254929    
     5.80905000000000         40.8141080210099    
     5.80970000000000         40.8141064183467    
     5.81035000000000         40.8141048175012    
     5.81100000000000         40.8141032184712    
     5.81165000000000         40.8141016212548    
     5.81230000000000         40.8141000258497    
     5.81295000000000         40.8140984322540    
     5.81360000000000         40.8140968404655    
     5.81425000000000         40.8140952504822    
     5.81490000000000         40.8140936623020    
     5.81555000000000         40.8140920759229    
     5.81620000000000         40.8140904913426    
     5.81685000000000         40.8140889085593    
     5.81750000000000         40.8140873275708    
     5.81815000000000         40.8140857483751    
     5.81880000000000         40.8140841709701    
     5.81945000000000         40.8140825953537    
     5.82010000000000         40.8140810215239    
     5.82075000000000         40.8140794494787    
     5.82140000000000         40.8140778792159    
     5.82205000000000         40.8140763107336    
     5.82270000000000         40.8140747440297    
     5.82335000000000         40.8140731791021    
     5.82400000000000         40.8140716159489    
     5.82465000000000         40.8140700545679    
     5.82530000000000         40.8140684949571    
     5.82595000000000         40.8140669371146    
     5.82660000000000         40.8140653810382    
     5.82725000000000         40.8140638267260    
     5.82790000000000         40.8140622741759    
     5.82855000000000         40.8140607233859    
     5.82920000000000         40.8140591743539    
     5.82985000000000         40.8140576270780    
     5.83050000000000         40.8140560815562    
     5.83115000000000         40.8140545377863    
     5.83180000000000         40.8140529957665    
     5.83245000000000         40.8140514554947    
     5.83310000000000         40.8140499169688    
     5.83375000000000         40.8140483801869    
     5.83440000000000         40.8140468451471    
     5.83505000000000         40.8140453118472    
     5.83570000000000         40.8140437802852    
     5.83635000000000         40.8140422504593    
     5.83700000000000         40.8140407223674    
     5.83765000000000         40.8140391960074    
     5.83830000000000         40.8140376713775    
     5.83895000000000         40.8140361484756    
     5.83960000000000         40.8140346272998    
     5.84025000000000         40.8140331078480    
     5.84090000000000         40.8140315901182    
     5.84155000000000         40.8140300741086    
     5.84220000000000         40.8140285598171    
     5.84285000000000         40.8140270472418    
     5.84350000000000         40.8140255363806    
     5.84415000000000         40.8140240272317    
     5.84480000000000         40.8140225197930    
     5.84545000000000         40.8140210140626    
     5.84610000000000         40.8140195100386    
     5.84675000000000         40.8140180077189    
     5.84740000000000         40.8140165071016    
     5.84805000000000         40.8140150081847    
     5.84870000000000         40.8140135109664    
     5.84935000000000         40.8140120154446    
     5.85000000000000         40.8140105216174    
     5.85065000000000         40.8140090294829    
     5.85130000000000         40.8140075390391    
     5.85195000000000         40.8140060502841    
     5.85260000000000         40.8140045632159    
     5.85325000000000         40.8140030778326    
     5.85390000000000         40.8140015941323    
     5.85455000000000         40.8140001121130    
     5.85520000000000         40.8139986317728    
     5.85585000000000         40.8139971531098    
     5.85650000000000         40.8139956761220    
     5.85715000000000         40.8139942008076    
     5.85780000000000         40.8139927271646    
     5.85845000000000         40.8139912551911    
     5.85910000000000         40.8139897848852    
     5.85975000000000         40.8139883162449    
     5.86040000000000         40.8139868492684    
     5.86105000000000         40.8139853839537    
     5.86170000000000         40.8139839202989    
     5.86235000000000         40.8139824583022    
     5.86300000000000         40.8139809979616    
     5.86365000000000         40.8139795392752    
     5.86430000000000         40.8139780822412    
     5.86495000000000         40.8139766268576    
     5.86560000000000         40.8139751731225    
     5.86625000000000         40.8139737210341    
     5.86690000000000         40.8139722705904    
     5.86755000000000         40.8139708217896    
     5.86820000000000         40.8139693746298    
     5.86885000000000         40.8139679291091    
     5.86950000000000         40.8139664852256    
     5.87015000000000         40.8139650429775    
     5.87080000000000         40.8139636023628    
     5.87145000000000         40.8139621633797    
     5.87210000000000         40.8139607260264    
     5.87275000000000         40.8139592903009    
     5.87340000000000         40.8139578562013    
     5.87405000000000         40.8139564237259    
     5.87470000000000         40.8139549928728    
     5.87535000000000         40.8139535636400    
     5.87600000000000         40.8139521360258    
     5.87665000000000         40.8139507100282    
     5.87730000000000         40.8139492856455    
     5.87795000000000         40.8139478628758    
     5.87860000000000         40.8139464417172    
     5.87925000000000         40.8139450221678    
     5.87990000000000         40.8139436042259    
     5.88055000000000         40.8139421878896    
     5.88120000000000         40.8139407731570    
     5.88185000000000         40.8139393600263    
     5.88250000000000         40.8139379484956    
     5.88315000000000         40.8139365385633    
     5.88380000000000         40.8139351302273    
     5.88445000000000         40.8139337234858    
     5.88510000000000         40.8139323183372    
     5.88575000000000         40.8139309147794    
     5.88640000000000         40.8139295128107    
     5.88705000000000         40.8139281124293    
     5.88770000000000         40.8139267136333    
     5.88835000000000         40.8139253164209    
     5.88900000000000         40.8139239207904    
     5.88965000000000         40.8139225267399    
     5.89030000000000         40.8139211342675    
     5.89095000000000         40.8139197433715    
     5.89160000000000         40.8139183540501    
     5.89225000000000         40.8139169663015    
     5.89290000000000         40.8139155801238    
     5.89355000000000         40.8139141955153    
     5.89420000000000         40.8139128124741    
     5.89485000000000         40.8139114309985    
     5.89550000000000         40.8139100510867    
     5.89615000000000         40.8139086727368    
     5.89680000000000         40.8139072959472    
     5.89745000000000         40.8139059207159    
     5.89810000000000         40.8139045470412    
     5.89875000000000         40.8139031749214    
     5.89940000000000         40.8139018043546    
     5.90005000000000         40.8139004353390    
     5.90070000000000         40.8138990678730    
     5.90135000000000         40.8138977019546    
     5.90200000000000         40.8138963375822    
     5.90265000000000         40.8138949747540    
     5.90330000000000         40.8138936134681    
     5.90395000000000         40.8138922537229    
     5.90460000000000         40.8138908955165    
     5.90525000000000         40.8138895388472    
     5.90590000000000         40.8138881837133    
     5.90655000000000         40.8138868301129    
     5.90720000000000         40.8138854780443    
     5.90785000000000         40.8138841275058    
     5.90850000000000         40.8138827784956    
     5.90915000000000         40.8138814310120    
     5.90980000000000         40.8138800850531    
     5.91045000000000         40.8138787406173    
     5.91110000000000         40.8138773977029    
     5.91175000000000         40.8138760563080    
     5.91240000000000         40.8138747164309    
     5.91305000000000         40.8138733780699    
     5.91370000000000         40.8138720412233    
     5.91435000000000         40.8138707058893    
     5.91500000000000         40.8138693720661    
     5.91565000000000         40.8138680397521    
     5.91630000000000         40.8138667089456    
     5.91695000000000         40.8138653796447    
     5.91760000000000         40.8138640518478    
     5.91825000000000         40.8138627255531    
     5.91890000000000         40.8138614007590    
     5.91955000000000         40.8138600774637    
     5.92020000000000         40.8138587556654    
     5.92085000000000         40.8138574353626    
     5.92150000000000         40.8138561165534    
     5.92215000000000         40.8138547992361    
     5.92280000000000         40.8138534834091    
     5.92345000000000         40.8138521690706    
     5.92410000000000         40.8138508562190    
     5.92475000000000         40.8138495448524    
     5.92540000000000         40.8138482349693    
     5.92605000000000         40.8138469265679    
     5.92670000000000         40.8138456196466    
     5.92735000000000         40.8138443142035    
     5.92800000000000         40.8138430102372    
     5.92865000000000         40.8138417077457    
     5.92930000000000         40.8138404067275    
     5.92995000000000         40.8138391071809    
     5.93060000000000         40.8138378091042    
     5.93125000000000         40.8138365124956    
     5.93190000000000         40.8138352173536    
     5.93255000000000         40.8138339236765    
     5.93320000000000         40.8138326314624    
     5.93385000000000         40.8138313407099    
     5.93450000000000         40.8138300514172    
     5.93515000000000         40.8138287635826    
     5.93580000000000         40.8138274772045    
     5.93645000000000         40.8138261922812    
     5.93710000000000         40.8138249088111    
     5.93775000000000         40.8138236267924    
     5.93840000000000         40.8138223462235    
     5.93905000000000         40.8138210671028    
     5.93970000000000         40.8138197894285    
     5.94035000000000         40.8138185131991    
     5.94100000000000         40.8138172384129    
     5.94165000000000         40.8138159650682    
     5.94230000000000         40.8138146931634    
     5.94295000000000         40.8138134226968    
     5.94360000000000         40.8138121536668    
     5.94425000000000         40.8138108860717    
     5.94490000000000         40.8138096199100    
     5.94555000000000         40.8138083551798    
     5.94620000000000         40.8138070918798    
     5.94685000000000         40.8138058300080    
     5.94750000000000         40.8138045695630    
     5.94815000000000         40.8138033105432    
     5.94880000000000         40.8138020529468    
     5.94945000000000         40.8138007967722    
     5.95010000000000         40.8137995420179    
     5.95075000000000         40.8137982886822    
     5.95140000000000         40.8137970367634    
     5.95205000000000         40.8137957862600    
     5.95270000000000         40.8137945371704    
     5.95335000000000         40.8137932894928    
     5.95400000000000         40.8137920432257    
     5.95465000000000         40.8137907983675    
     5.95530000000000         40.8137895549166    
     5.95595000000000         40.8137883128713    
     5.95660000000000         40.8137870722301    
     5.95725000000000         40.8137858329913    
     5.95790000000000         40.8137845951534    
     5.95855000000000         40.8137833587147    
     5.95920000000000         40.8137821236736    
     5.95985000000000         40.8137808900286    
     5.96050000000000         40.8137796577779    
     5.96115000000000         40.8137784269202    
     5.96180000000000         40.8137771974536    
     5.96245000000000         40.8137759693767    
     5.96310000000000         40.8137747426879    
     5.96375000000000         40.8137735173856    
     5.96440000000000         40.8137722934681    
     5.96505000000000         40.8137710709340    
     5.96570000000000         40.8137698497815    
     5.96635000000000         40.8137686300092    
     5.96700000000000         40.8137674116155    
     5.96765000000000         40.8137661945988    
     5.96830000000000         40.8137649789574    
     5.96895000000000         40.8137637646899    
     5.96960000000000         40.8137625517946    
     5.97025000000000         40.8137613402701    
     5.97090000000000         40.8137601301146    
     5.97155000000000         40.8137589213267    
     5.97220000000000         40.8137577139049    
     5.97285000000000         40.8137565078474    
     5.97350000000000         40.8137553031528    
     5.97415000000000         40.8137540998195    
     5.97480000000000         40.8137528978460    
     5.97545000000000         40.8137516972306    
     5.97610000000000         40.8137504979719    
     5.97675000000000         40.8137493000683    
     5.97740000000000         40.8137481035182    
     5.97805000000000         40.8137469083202    
     5.97870000000000         40.8137457144725    
     5.97935000000000         40.8137445219738    
     5.98000000000000         40.8137433308224    
     5.98065000000000         40.8137421410169    
     5.98130000000000         40.8137409525556    
     5.98195000000000         40.8137397654371    
     5.98260000000000         40.8137385796597    
     5.98325000000000         40.8137373952221    
     5.98390000000000         40.8137362121225    
     5.98455000000000         40.8137350303596    
     5.98520000000000         40.8137338499318    
     5.98585000000000         40.8137326708375    
     5.98650000000000         40.8137314930753    
     5.98715000000000         40.8137303166435    
     5.98780000000000         40.8137291415407    
     5.98845000000000         40.8137279677654    
     5.98910000000000         40.8137267953161    
     5.98975000000000         40.8137256241911    
     5.99040000000000         40.8137244543891    
     5.99105000000000         40.8137232859085    
     5.99170000000000         40.8137221187477    
     5.99235000000000         40.8137209529054    
     5.99300000000000         40.8137197883799    
     5.99365000000000         40.8137186251698    
     5.99430000000000         40.8137174632735    
     5.99495000000000         40.8137163026897    
     5.99560000000000         40.8137151434166    
     5.99625000000000         40.8137139854530    
     5.99690000000000         40.8137128287972    
     5.99755000000000         40.8137116734477    
     5.99820000000000         40.8137105194032    
     5.99885000000000         40.8137093666620    
     5.99950000000000         40.8137082152228    
     6.00015000000000         40.8137070650839    
     6.00080000000000         40.8137059162439    
     6.00145000000000         40.8137047687014    
     6.00210000000000         40.8137036224549    
     6.00275000000000         40.8137024775028    
     6.00340000000000         40.8137013338437    
     6.00405000000000         40.8137001914761    
     6.00470000000000         40.8136990503986    
     6.00535000000000         40.8136979106096    
     6.00600000000000         40.8136967721077    
     6.00665000000000         40.8136956348914    
     6.00730000000000         40.8136944989593    
     6.00795000000000         40.8136933643098    
     6.00860000000000         40.8136922309416    
     6.00925000000000         40.8136910988531    
     6.00990000000000         40.8136899680429    
     6.01055000000000         40.8136888385095    
     6.01120000000000         40.8136877102515    
     6.01185000000000         40.8136865832674    
     6.01250000000000         40.8136854575557    
     6.01315000000000         40.8136843331151    
     6.01380000000000         40.8136832099440    
     6.01445000000000         40.8136820880410    
     6.01510000000000         40.8136809674046    
     6.01575000000000         40.8136798480335    
     6.01640000000000         40.8136787299261    
     6.01705000000000         40.8136776130810    
     6.01770000000000         40.8136764974968    
     6.01835000000000         40.8136753831720    
     6.01900000000000         40.8136742701052    
     6.01965000000000         40.8136731582949    
     6.02030000000000         40.8136720477398    
     6.02095000000000         40.8136709384383    
     6.02160000000000         40.8136698303891    
     6.02225000000000         40.8136687235907    
     6.02290000000000         40.8136676180417    
     6.02355000000000         40.8136665137406    
     6.02420000000000         40.8136654106861    
     6.02485000000000         40.8136643088767    
     6.02550000000000         40.8136632083110    
     6.02615000000000         40.8136621089876    
     6.02680000000000         40.8136610109050    
     6.02745000000000         40.8136599140618    
     6.02810000000000         40.8136588184567    
     6.02875000000000         40.8136577240881    
     6.02940000000000         40.8136566309547    
     6.03005000000000         40.8136555390552    
     6.03070000000000         40.8136544483879    
     6.03135000000000         40.8136533589517    
     6.03200000000000         40.8136522707450    
     6.03265000000000         40.8136511837664    
     6.03330000000000         40.8136500980146    
     6.03395000000000         40.8136490134882    
     6.03460000000000         40.8136479301857    
     6.03525000000000         40.8136468481057    
     6.03590000000000         40.8136457672469    
     6.03655000000000         40.8136446876078    
     6.03720000000000         40.8136436091872    
     6.03785000000000         40.8136425319834    
     6.03850000000000         40.8136414559953    
     6.03915000000000         40.8136403812214    
     6.03980000000000         40.8136393076602    
     6.04045000000000         40.8136382353105    
     6.04110000000000         40.8136371641709    
     6.04175000000000         40.8136360942399    
     6.04240000000000         40.8136350255161    
     6.04305000000000         40.8136339579983    
     6.04370000000000         40.8136328916850    
     6.04435000000000         40.8136318265748    
     6.04500000000000         40.8136307626664    
     6.04565000000000         40.8136296999584    
     6.04630000000000         40.8136286384495    
     6.04695000000000         40.8136275781382    
     6.04760000000000         40.8136265190232    
     6.04825000000000         40.8136254611031    
     6.04890000000000         40.8136244043766    
     6.04955000000000         40.8136233488423    
     6.05020000000000         40.8136222944988    
     6.05085000000000         40.8136212413448    
     6.05150000000000         40.8136201893789    
     6.05215000000000         40.8136191385998    
     6.05280000000000         40.8136180890061    
     6.05345000000000         40.8136170405965    
     6.05410000000000         40.8136159933696    
     6.05475000000000         40.8136149473240    
     6.05540000000000         40.8136139024584    
     6.05605000000000         40.8136128587715    
     6.05670000000000         40.8136118162619    
     6.05735000000000         40.8136107749283    
     6.05800000000000         40.8136097347693    
     6.05865000000000         40.8136086957836    
     6.05930000000000         40.8136076579698    
     6.05995000000000         40.8136066213267    
     6.06060000000000         40.8136055858528    
     6.06125000000000         40.8136045515469    
     6.06190000000000         40.8136035184076    
     6.06255000000000         40.8136024864335    
     6.06320000000000         40.8136014556234    
     6.06385000000000         40.8136004259759    
     6.06450000000000         40.8135993974897    
     6.06515000000000         40.8135983701635    
     6.06580000000000         40.8135973439959    
     6.06645000000000         40.8135963189856    
     6.06710000000000         40.8135952951313    
     6.06775000000000         40.8135942724318    
     6.06840000000000         40.8135932508855    
     6.06905000000000         40.8135922304913    
     6.06970000000000         40.8135912112479    
     6.07035000000000         40.8135901931538    
     6.07100000000000         40.8135891762079    
     6.07165000000000         40.8135881604087    
     6.07230000000000         40.8135871457551    
     6.07295000000000         40.8135861322456    
     6.07360000000000         40.8135851198790    
     6.07425000000000         40.8135841086540    
     6.07490000000000         40.8135830985692    
     6.07555000000000         40.8135820896234    
     6.07620000000000         40.8135810818153    
     6.07685000000000         40.8135800751435    
     6.07750000000000         40.8135790696069    
     6.07815000000000         40.8135780652040    
     6.07880000000000         40.8135770619335    
     6.07945000000000         40.8135760597943    
     6.08010000000000         40.8135750587850    
     6.08075000000000         40.8135740589043    
     6.08140000000000         40.8135730601509    
     6.08205000000000         40.8135720625235    
     6.08270000000000         40.8135710660209    
     6.08335000000000         40.8135700706418    
     6.08400000000000         40.8135690763849    
     6.08465000000000         40.8135680832489    
     6.08530000000000         40.8135670912325    
     6.08595000000000         40.8135661003345    
     6.08660000000000         40.8135651105535    
     6.08725000000000         40.8135641218883    
     6.08790000000000         40.8135631343377    
     6.08855000000000         40.8135621479004    
     6.08920000000000         40.8135611625750    
     6.08985000000000         40.8135601783604    
     6.09050000000000         40.8135591952552    
     6.09115000000000         40.8135582132582    
     6.09180000000000         40.8135572323681    
     6.09245000000000         40.8135562525837    
     6.09310000000000         40.8135552739037    
     6.09375000000000         40.8135542963269    
     6.09440000000000         40.8135533198519    
     6.09505000000000         40.8135523444776    
     6.09570000000000         40.8135513702026    
     6.09635000000000         40.8135503970257    
     6.09700000000000         40.8135494249458    
     6.09765000000000         40.8135484539614    
     6.09830000000000         40.8135474840714    
     6.09895000000000         40.8135465152746    
     6.09960000000000         40.8135455475696    
     6.10025000000000         40.8135445809552    
     6.10090000000000         40.8135436154302    
     6.10155000000000         40.8135426509934    
     6.10220000000000         40.8135416876434    
     6.10285000000000         40.8135407253792    
     6.10350000000000         40.8135397641993    
     6.10415000000000         40.8135388041027    
     6.10480000000000         40.8135378450880    
     6.10545000000000         40.8135368871540    
     6.10610000000000         40.8135359302995    
     6.10675000000000         40.8135349745233    
     6.10740000000000         40.8135340198240    
     6.10805000000000         40.8135330662006    
     6.10870000000000         40.8135321136518    
     6.10935000000000         40.8135311621763    
     6.11000000000000         40.8135302117730    
     6.11065000000000         40.8135292624405    
     6.11130000000000         40.8135283141778    
     6.11195000000000         40.8135273669835    
     6.11260000000000         40.8135264208564    
     6.11325000000000         40.8135254757954    
     6.11390000000000         40.8135245317992    
     6.11455000000000         40.8135235888665    
     6.11520000000000         40.8135226469963    
     6.11585000000000         40.8135217061873    
     6.11650000000000         40.8135207664382    
     6.11715000000000         40.8135198277479    
     6.11780000000000         40.8135188901151    
     6.11845000000000         40.8135179535387    
     6.11910000000000         40.8135170180174    
     6.11975000000000         40.8135160835501    
     6.12040000000000         40.8135151501355    
     6.12105000000000         40.8135142177724    
     6.12170000000000         40.8135132864597    
     6.12235000000000         40.8135123561961    
     6.12300000000000         40.8135114269805    
     6.12365000000000         40.8135104988116    
     6.12430000000000         40.8135095716883    
     6.12495000000000         40.8135086456094    
     6.12560000000000         40.8135077205737    
     6.12625000000000         40.8135067965799    
     6.12690000000000         40.8135058736270    
     6.12755000000000         40.8135049517136    
     6.12820000000000         40.8135040308387    
     6.12885000000000         40.8135031110011    
     6.12950000000000         40.8135021921995    
     6.13015000000000         40.8135012744328    
     6.13080000000000         40.8135003576998    
     6.13145000000000         40.8134994419994    
     6.13210000000000         40.8134985273303    
     6.13275000000000         40.8134976136914    
     6.13340000000000         40.8134967010814    
     6.13405000000000         40.8134957894994    
     6.13470000000000         40.8134948789440    
     6.13535000000000         40.8134939694141    
     6.13600000000000         40.8134930609085    
     6.13665000000000         40.8134921534260    
     6.13730000000000         40.8134912469656    
     6.13795000000000         40.8134903415260    
     6.13860000000000         40.8134894371060    
     6.13925000000000         40.8134885337046    
     6.13990000000000         40.8134876313205    
     6.14055000000000         40.8134867299526    
     6.14120000000000         40.8134858295997    
     6.14185000000000         40.8134849302607    
     6.14250000000000         40.8134840319344    
     6.14315000000000         40.8134831346197    
     6.14380000000000         40.8134822383154    
     6.14445000000000         40.8134813430203    
     6.14510000000000         40.8134804487334    
     6.14575000000000         40.8134795554534    
     6.14640000000000         40.8134786631792    
     6.14705000000000         40.8134777719097    
     6.14770000000000         40.8134768816437    
     6.14835000000000         40.8134759923801    
     6.14900000000000         40.8134751041178    
     6.14965000000000         40.8134742168556    
     6.15030000000000         40.8134733305923    
     6.15095000000000         40.8134724453268    
     6.15160000000000         40.8134715610581    
     6.15225000000000         40.8134706777848    
     6.15290000000000         40.8134697955060    
     6.15355000000000         40.8134689142205    
     6.15420000000000         40.8134680339272    
     6.15485000000000         40.8134671546249    
     6.15550000000000         40.8134662763124    
     6.15615000000000         40.8134653989888    
     6.15680000000000         40.8134645226528    
     6.15745000000000         40.8134636473033    
     6.15810000000000         40.8134627729392    
     6.15875000000000         40.8134618995594    
     6.15940000000000         40.8134610271627    
     6.16005000000000         40.8134601557481    
     6.16070000000000         40.8134592853144    
     6.16135000000000         40.8134584158604    
     6.16200000000000         40.8134575473852    
     6.16265000000000         40.8134566798876    
     6.16330000000000         40.8134558133664    
     6.16395000000000         40.8134549478205    
     6.16460000000000         40.8134540832489    
     6.16525000000000         40.8134532196504    
     6.16590000000000         40.8134523570240    
     6.16655000000000         40.8134514953684    
     6.16720000000000         40.8134506346827    
     6.16785000000000         40.8134497749656    
     6.16850000000000         40.8134489162162    
     6.16915000000000         40.8134480584332    
     6.16980000000000         40.8134472016157    
     6.17045000000000         40.8134463457625    
     6.17110000000000         40.8134454908724    
     6.17175000000000         40.8134446369445    
     6.17240000000000         40.8134437839776    
     6.17305000000000         40.8134429319705    
     6.17370000000000         40.8134420809224    
     6.17435000000000         40.8134412308319    
     6.17500000000000         40.8134403816981    
     6.17565000000000         40.8134395335199    
     6.17630000000000         40.8134386862961    
     6.17695000000000         40.8134378400257    
     6.17760000000000         40.8134369947076    
     6.17825000000000         40.8134361503407    
     6.17890000000000         40.8134353069239    
     6.17955000000000         40.8134344644562    
     6.18020000000000         40.8134336229365    
     6.18085000000000         40.8134327823636    
     6.18150000000000         40.8134319427366    
     6.18215000000000         40.8134311040543    
     6.18280000000000         40.8134302663156    
     6.18345000000000         40.8134294295196    
     6.18410000000000         40.8134285936650    
     6.18475000000000         40.8134277587509    
     6.18540000000000         40.8134269247762    
     6.18605000000000         40.8134260917398    
     6.18670000000000         40.8134252596406    
     6.18735000000000         40.8134244284776    
     6.18800000000000         40.8134235982497    
     6.18865000000000         40.8134227689558    
     6.18930000000000         40.8134219405949    
     6.18995000000000         40.8134211131660    
     6.19060000000000         40.8134202866679    
     6.19125000000000         40.8134194610995    
     6.19190000000000         40.8134186364600    
     6.19255000000000         40.8134178127481    
     6.19320000000000         40.8134169899628    
     6.19385000000000         40.8134161681031    
     6.19450000000000         40.8134153471680    
     6.19515000000000         40.8134145271563    
     6.19580000000000         40.8134137080670    
     6.19645000000000         40.8134128898991    
     6.19710000000000         40.8134120726515    
     6.19775000000000         40.8134112563232    
     6.19840000000000         40.8134104409131    
     6.19905000000000         40.8134096264202    
     6.19970000000000         40.8134088128434    
     6.20035000000000         40.8134080001818    
     6.20100000000000         40.8134071884342    
     6.20165000000000         40.8134063775996    
     6.20230000000000         40.8134055676770    
     6.20295000000000         40.8134047586653    
     6.20360000000000         40.8134039505636    
     6.20425000000000         40.8134031433707    
     6.20490000000000         40.8134023370857    
     6.20555000000000         40.8134015317074    
     6.20620000000000         40.8134007272350    
     6.20685000000000         40.8133999236673    
     6.20750000000000         40.8133991210033    
     6.20815000000000         40.8133983192420    
     6.20880000000000         40.8133975183823    
     6.20945000000000         40.8133967184233    
     6.21010000000000         40.8133959193639    
     6.21075000000000         40.8133951212031    
     6.21140000000000         40.8133943239399    
     6.21205000000000         40.8133935275732    
     6.21270000000000         40.8133927321020    
     6.21335000000000         40.8133919375253    
     6.21400000000000         40.8133911438422    
     6.21465000000000         40.8133903510515    
     6.21530000000000         40.8133895591522    
     6.21595000000000         40.8133887681435    
     6.21660000000000         40.8133879780241    
     6.21725000000000         40.8133871887932    
     6.21790000000000         40.8133864004497    
     6.21855000000000         40.8133856129926    
     6.21920000000000         40.8133848264209    
     6.21985000000000         40.8133840407336    
     6.22050000000000         40.8133832559296    
     6.22115000000000         40.8133824720081    
     6.22180000000000         40.8133816889679    
     6.22245000000000         40.8133809068081    
     6.22310000000000         40.8133801255277    
     6.22375000000000         40.8133793451256    
     6.22440000000000         40.8133785656010    
     6.22505000000000         40.8133777869527    
     6.22570000000000         40.8133770091798    
     6.22635000000000         40.8133762322812    
     6.22700000000000         40.8133754562561    
     6.22765000000000         40.8133746811034    
     6.22830000000000         40.8133739068221    
     6.22895000000000         40.8133731334112    
     6.22960000000000         40.8133723608697    
     6.23025000000000         40.8133715891967    
     6.23090000000000         40.8133708183911    
     6.23155000000000         40.8133700484520    
     6.23220000000000         40.8133692793784    
     6.23285000000000         40.8133685111692    
     6.23350000000000         40.8133677438236    
     6.23415000000000         40.8133669773406    
     6.23480000000000         40.8133662117191    
     6.23545000000000         40.8133654469581    
     6.23610000000000         40.8133646830568    
     6.23675000000000         40.8133639200141    
     6.23740000000000         40.8133631578290    
     6.23805000000000         40.8133623965006    
     6.23870000000000         40.8133616360279    
     6.23935000000000         40.8133608764099    
     6.24000000000000         40.8133601176457    
     6.24065000000000         40.8133593597343    
     6.24130000000000         40.8133586026747    
     6.24195000000000         40.8133578464659    
     6.24260000000000         40.8133570911070    
     6.24325000000000         40.8133563365970    
     6.24390000000000         40.8133555829350    
     6.24455000000000         40.8133548301200    
     6.24520000000000         40.8133540781509    
     6.24585000000000         40.8133533270270    
     6.24650000000000         40.8133525767471    
     6.24715000000000         40.8133518273104    
     6.24780000000000         40.8133510787159    
     6.24845000000000         40.8133503309626    
     6.24910000000000         40.8133495840496    
     6.24975000000000         40.8133488379759    
     6.25040000000000         40.8133480927405    
     6.25105000000000         40.8133473483426    
     6.25170000000000         40.8133466047812    
     6.25235000000000         40.8133458620552    
     6.25300000000000         40.8133451201638    
     6.25365000000000         40.8133443791060    
     6.25430000000000         40.8133436388809    
     6.25495000000000         40.8133428994876    
     6.25560000000000         40.8133421609249    
     6.25625000000000         40.8133414231922    
     6.25690000000000         40.8133406862883    
     6.25755000000000         40.8133399502123    
     6.25820000000000         40.8133392149634    
     6.25885000000000         40.8133384805405    
     6.25950000000000         40.8133377469428    
     6.26015000000000         40.8133370141693    
     6.26080000000000         40.8133362822190    
     6.26145000000000         40.8133355510910    
     6.26210000000000         40.8133348207844    
     6.26275000000000         40.8133340912983    
     6.26340000000000         40.8133333626317    
     6.26405000000000         40.8133326347837    
     6.26470000000000         40.8133319077534    
     6.26535000000000         40.8133311815398    
     6.26600000000000         40.8133304561420    
     6.26665000000000         40.8133297315591    
     6.26730000000000         40.8133290077901    
     6.26795000000000         40.8133282848342    
     6.26860000000000         40.8133275626903    
     6.26925000000000         40.8133268413577    
     6.26990000000000         40.8133261208353    
     6.27055000000000         40.8133254011223    
     6.27120000000000         40.8133246822177    
     6.27185000000000         40.8133239641206    
     6.27250000000000         40.8133232468300    
     6.27315000000000         40.8133225303452    
     6.27380000000000         40.8133218146651    
     6.27445000000000         40.8133210997889    
     6.27510000000000         40.8133203857156    
     6.27575000000000         40.8133196724443    
     6.27640000000000         40.8133189599741    
     6.27705000000000         40.8133182483042    
     6.27770000000000         40.8133175374335    
     6.27835000000000         40.8133168273612    
     6.27900000000000         40.8133161180864    
     6.27965000000000         40.8133154096082    
     6.28030000000000         40.8133147019256    
     6.28095000000000         40.8133139950378    
     6.28160000000000         40.8133132889438    
     6.28225000000000         40.8133125836428    
     6.28290000000000         40.8133118791339    
     6.28355000000000         40.8133111754162    
     6.28420000000000         40.8133104724887    
     6.28485000000000         40.8133097703505    
     6.28550000000000         40.8133090690009    
     6.28615000000000         40.8133083684388    
     6.28680000000000         40.8133076686634    
     6.28745000000000         40.8133069696738    
     6.28810000000000         40.8133062714691    
     6.28875000000000         40.8133055740484    
     6.28940000000000         40.8133048774108    
     6.29005000000000         40.8133041815554    
     6.29070000000000         40.8133034864814    
     6.29135000000000         40.8133027921878    
     6.29200000000000         40.8133020986739    
     6.29265000000000         40.8133014059385    
     6.29330000000000         40.8133007139810    
     6.29395000000000         40.8133000228004    
     6.29460000000000         40.8132993323958    
     6.29525000000000         40.8132986427664    
     6.29590000000000         40.8132979539113    
     6.29655000000000         40.8132972658295    
     6.29720000000000         40.8132965785203    
     6.29785000000000         40.8132958919827    
     6.29850000000000         40.8132952062159    
     6.29915000000000         40.8132945212190    
     6.29980000000000         40.8132938369911    
     6.30045000000000         40.8132931535313    
     6.30110000000000         40.8132924708388    
     6.30175000000000         40.8132917889127    
     6.30240000000000         40.8132911077521    
     6.30305000000000         40.8132904273562    
     6.30370000000000         40.8132897477241    
     6.30435000000000         40.8132890688549    
     6.30500000000000         40.8132883907478    
     6.30565000000000         40.8132877134019    
     6.30630000000000         40.8132870368163    
     6.30695000000000         40.8132863609902    
     6.30760000000000         40.8132856859227    
     6.30825000000000         40.8132850116130    
     6.30890000000000         40.8132843380601    
     6.30955000000000         40.8132836652633    
     6.31020000000000         40.8132829932217    
     6.31085000000000         40.8132823219343    
     6.31150000000000         40.8132816514005    
     6.31215000000000         40.8132809816192    
     6.31280000000000         40.8132803125897    
     6.31345000000000         40.8132796443111    
     6.31410000000000         40.8132789767825    
     6.31475000000000         40.8132783100031    
     6.31540000000000         40.8132776439721    
     6.31605000000000         40.8132769786886    
     6.31670000000000         40.8132763141518    
     6.31735000000000         40.8132756503607    
     6.31800000000000         40.8132749873146    
     6.31865000000000         40.8132743250126    
     6.31930000000000         40.8132736634539    
     6.31995000000000         40.8132730026376    
     6.32060000000000         40.8132723425629    
     6.32125000000000         40.8132716832289    
     6.32190000000000         40.8132710246348    
     6.32255000000000         40.8132703667798    
     6.32320000000000         40.8132697096630    
     6.32385000000000         40.8132690532836    
     6.32450000000000         40.8132683976408    
     6.32515000000000         40.8132677427337    
     6.32580000000000         40.8132670885614    
     6.32645000000000         40.8132664351232    
     6.32710000000000         40.8132657824182    
     6.32775000000000         40.8132651304456    
     6.32840000000000         40.8132644792046    
     6.32905000000000         40.8132638286943    
     6.32970000000000         40.8132631789138    
     6.33035000000000         40.8132625298625    
     6.33100000000000         40.8132618815394    
     6.33165000000000         40.8132612339437    
     6.33230000000000         40.8132605870746    
     6.33295000000000         40.8132599409312    
     6.33360000000000         40.8132592955128    
     6.33425000000000         40.8132586508185    
     6.33490000000000         40.8132580068476    
     6.33555000000000         40.8132573635991    
     6.33620000000000         40.8132567210722    
     6.33685000000000         40.8132560792662    
     6.33750000000000         40.8132554381803    
     6.33815000000000         40.8132547978135    
     6.33880000000000         40.8132541581652    
     6.33945000000000         40.8132535192344    
     6.34010000000000         40.8132528810204    
     6.34075000000000         40.8132522435223    
     6.34140000000000         40.8132516067394    
     6.34205000000000         40.8132509706708    
     6.34270000000000         40.8132503353157    
     6.34335000000000         40.8132497006733    
     6.34400000000000         40.8132490667429    
     6.34465000000000         40.8132484335235    
     6.34530000000000         40.8132478010144    
     6.34595000000000         40.8132471692149    
     6.34660000000000         40.8132465381240    
     6.34725000000000         40.8132459077409    
     6.34790000000000         40.8132452780650    
     6.34855000000000         40.8132446490953    
     6.34920000000000         40.8132440208311    
     6.34985000000000         40.8132433932716    
     6.35050000000000         40.8132427664159    
     6.35115000000000         40.8132421402634    
     6.35180000000000         40.8132415148131    
     6.35245000000000         40.8132408900643    
     6.35310000000000         40.8132402660161    
     6.35375000000000         40.8132396426679    
     6.35440000000000         40.8132390200188    
     6.35505000000000         40.8132383980680    
     6.35570000000000         40.8132377768147    
     6.35635000000000         40.8132371562581    
     6.35700000000000         40.8132365363975    
     6.35765000000000         40.8132359172320    
     6.35830000000000         40.8132352987609    
     6.35895000000000         40.8132346809834    
     6.35960000000000         40.8132340638986    
     6.36025000000000         40.8132334475059    
     6.36090000000000         40.8132328318043    
     6.36155000000000         40.8132322167932    
     6.36220000000000         40.8132316024718    
     6.36285000000000         40.8132309888392    
     6.36350000000000         40.8132303758948    
     6.36415000000000         40.8132297636376    
     6.36480000000000         40.8132291520670    
     6.36545000000000         40.8132285411821    
     6.36610000000000         40.8132279309822    
     6.36675000000000         40.8132273214665    
     6.36740000000000         40.8132267126342    
     6.36805000000000         40.8132261044846    
     6.36870000000000         40.8132254970169    
     6.36935000000000         40.8132248902303    
     6.37000000000000         40.8132242841240    
     6.37065000000000         40.8132236786972    
     6.37130000000000         40.8132230739493    
     6.37195000000000         40.8132224698794    
     6.37260000000000         40.8132218664867    
     6.37325000000000         40.8132212637706    
     6.37390000000000         40.8132206617301    
     6.37455000000000         40.8132200603646    
     6.37520000000000         40.8132194596733    
     6.37585000000000         40.8132188596555    
     6.37650000000000         40.8132182603103    
     6.37715000000000         40.8132176616370    
     6.37780000000000         40.8132170636348    
     6.37845000000000         40.8132164663031    
     6.37910000000000         40.8132158696409    
     6.37975000000000         40.8132152736477    
     6.38040000000000         40.8132146783225    
     6.38105000000000         40.8132140836647    
     6.38170000000000         40.8132134896735    
     6.38235000000000         40.8132128963481    
     6.38300000000000         40.8132123036878    
     6.38365000000000         40.8132117116918    
     6.38430000000000         40.8132111203594    
     6.38495000000000         40.8132105296899    
     6.38560000000000         40.8132099396824    
     6.38625000000000         40.8132093503363    
     6.38690000000000         40.8132087616507    
     6.38755000000000         40.8132081736249    
     6.38820000000000         40.8132075862583    
     6.38885000000000         40.8132069995500    
     6.38950000000000         40.8132064134992    
     6.39015000000000         40.8132058281053    
     6.39080000000000         40.8132052433676    
     6.39145000000000         40.8132046592851    
     6.39210000000000         40.8132040758573    
     6.39275000000000         40.8132034930834    
     6.39340000000000         40.8132029109626    
     6.39405000000000         40.8132023294942    
     6.39470000000000         40.8132017486775    
     6.39535000000000         40.8132011685117    
     6.39600000000000         40.8132005889960    
     6.39665000000000         40.8132000101299    
     6.39730000000000         40.8131994319124    
     6.39795000000000         40.8131988543429    
     6.39860000000000         40.8131982774206    
     6.39925000000000         40.8131977011449    
     6.39990000000000         40.8131971255149    
     6.40055000000000         40.8131965505300    
     6.40120000000000         40.8131959761894    
     6.40185000000000         40.8131954024924    
     6.40250000000000         40.8131948294382    
     6.40315000000000         40.8131942570262    
     6.40380000000000         40.8131936852555    
     6.40445000000000         40.8131931141256    
     6.40510000000000         40.8131925436356    
     6.40575000000000         40.8131919737848    
     6.40640000000000         40.8131914045725    
     6.40705000000000         40.8131908359981    
     6.40770000000000         40.8131902680606    
     6.40835000000000         40.8131897007595    
     6.40900000000000         40.8131891340941    
     6.40965000000000         40.8131885680635    
     6.41030000000000         40.8131880026671    
     6.41095000000000         40.8131874379042    
     6.41160000000000         40.8131868737740    
     6.41225000000000         40.8131863102758    
     6.41290000000000         40.8131857474090    
     6.41355000000000         40.8131851851727    
     6.41420000000000         40.8131846235664    
     6.41485000000000         40.8131840625892    
     6.41550000000000         40.8131835022404    
     6.41615000000000         40.8131829425194    
     6.41680000000000         40.8131823834255    
     6.41745000000000         40.8131818249579    
     6.41810000000000         40.8131812671159    
     6.41875000000000         40.8131807098988    
     6.41940000000000         40.8131801533059    
     6.42005000000000         40.8131795973365    
     6.42070000000000         40.8131790419899    
     6.42135000000000         40.8131784872654    
     6.42200000000000         40.8131779331622    
     6.42265000000000         40.8131773796798    
     6.42330000000000         40.8131768268173    
     6.42395000000000         40.8131762745741    
     6.42460000000000         40.8131757229495    
     6.42525000000000         40.8131751719427    
     6.42590000000000         40.8131746215531    
     6.42655000000000         40.8131740717800    
     6.42720000000000         40.8131735226227    
     6.42785000000000         40.8131729740805    
     6.42850000000000         40.8131724261526    
     6.42915000000000         40.8131718788385    
     6.42980000000000         40.8131713321373    
     6.43045000000000         40.8131707860485    
     6.43110000000000         40.8131702405712    
     6.43175000000000         40.8131696957049    
     6.43240000000000         40.8131691514488    
     6.43305000000000         40.8131686078022    
     6.43370000000000         40.8131680647645    
     6.43435000000000         40.8131675223349    
     6.43500000000000         40.8131669805129    
     6.43565000000000         40.8131664392976    
     6.43630000000000         40.8131658986883    
     6.43695000000000         40.8131653586846    
     6.43760000000000         40.8131648192855    
     6.43825000000000         40.8131642804904    
     6.43890000000000         40.8131637422988    
     6.43955000000000         40.8131632047098    
     6.44020000000000         40.8131626677228    
     6.44085000000000         40.8131621313371    
     6.44150000000000         40.8131615955520    
     6.44215000000000         40.8131610603670    
     6.44280000000000         40.8131605257811    
     6.44345000000000         40.8131599917939    
     6.44410000000000         40.8131594584046    
     6.44475000000000         40.8131589256125    
     6.44540000000000         40.8131583934170    
     6.44605000000000         40.8131578618174    
     6.44670000000000         40.8131573308130    
     6.44735000000000         40.8131568004032    
     6.44800000000000         40.8131562705872    
     6.44865000000000         40.8131557413645    
     6.44930000000000         40.8131552127342    
     6.44995000000000         40.8131546846959    
     6.45060000000000         40.8131541572487    
     6.45125000000000         40.8131536303920    
     6.45190000000000         40.8131531041252    
     6.45255000000000         40.8131525784476    
     6.45320000000000         40.8131520533585    
     6.45385000000000         40.8131515288573    
     6.45450000000000         40.8131510049432    
     6.45515000000000         40.8131504816157    
     6.45580000000000         40.8131499588741    
     6.45645000000000         40.8131494367176    
     6.45710000000000         40.8131489151457    
     6.45775000000000         40.8131483941577    
     6.45840000000000         40.8131478737528    
     6.45905000000000         40.8131473539306    
     6.45970000000000         40.8131468346902    
     6.46035000000000         40.8131463160311    
     6.46100000000000         40.8131457979526    
     6.46165000000000         40.8131452804540    
     6.46230000000000         40.8131447635346    
     6.46295000000000         40.8131442471939    
     6.46360000000000         40.8131437314311    
     6.46425000000000         40.8131432162457    
     6.46490000000000         40.8131427016369    
     6.46555000000000         40.8131421876041    
     6.46620000000000         40.8131416741467    
     6.46685000000000         40.8131411612640    
     6.46750000000000         40.8131406489553    
     6.46815000000000         40.8131401372200    
     6.46880000000000         40.8131396260575    
     6.46945000000000         40.8131391154671    
     6.47010000000000         40.8131386054482    
     6.47075000000000         40.8131380960001    
     6.47140000000000         40.8131375871221    
     6.47205000000000         40.8131370788137    
     6.47270000000000         40.8131365710741    
     6.47335000000000         40.8131360639028    
     6.47400000000000         40.8131355572991    
     6.47465000000000         40.8131350512623    
     6.47530000000000         40.8131345457919    
     6.47595000000000         40.8131340408871    
     6.47660000000000         40.8131335365474    
     6.47725000000000         40.8131330327721    
     6.47790000000000         40.8131325295605    
     6.47855000000000         40.8131320269120    
     6.47920000000000         40.8131315248260    
     6.47985000000000         40.8131310233019    
     6.48050000000000         40.8131305223390    
     6.48115000000000         40.8131300219367    
     6.48180000000000         40.8131295220943    
     6.48245000000000         40.8131290228112    
     6.48310000000000         40.8131285240868    
     6.48375000000000         40.8131280259205    
     6.48440000000000         40.8131275283115    
     6.48505000000000         40.8131270312594    
     6.48570000000000         40.8131265347634    
     6.48635000000000         40.8131260388229    
     6.48700000000000         40.8131255434374    
     6.48765000000000         40.8131250486061    
     6.48830000000000         40.8131245543285    
     6.48895000000000         40.8131240606039    
     6.48960000000000         40.8131235674317    
     6.49025000000000         40.8131230748113    
     6.49090000000000         40.8131225827420    
     6.49155000000000         40.8131220912232    
     6.49220000000000         40.8131216002544    
     6.49285000000000         40.8131211098348    
     6.49350000000000         40.8131206199639    
     6.49415000000000         40.8131201306411    
     6.49480000000000         40.8131196418656    
     6.49545000000000         40.8131191536370    
     6.49610000000000         40.8131186659546    
     6.49675000000000         40.8131181788177    
     6.49740000000000         40.8131176922258    
     6.49805000000000         40.8131172061782    
     6.49870000000000         40.8131167206744    
     6.49935000000000         40.8131162357136    
     6.50000000000000         40.8131157512954    
