 1.58753100e-03   4.79238882e+05
 3.17506210e-03   2.30353128e+05
 4.76259310e-03   1.50668300e+05
 6.35012410e-03   1.11568827e+05
 7.93765520e-03   8.80781916e+04
 9.52518620e-03   7.24299700e+04
 1.11127170e-02   6.12758748e+04
 1.27002480e-02   5.29421358e+04
 1.42877790e-02   4.64741774e+04
 1.58753100e-02   4.13161930e+04
 1.74628410e-02   3.71080178e+04
 1.90503720e-02   3.36131849e+04
 2.06379030e-02   3.06464854e+04
 2.22254340e-02   2.80260017e+04
 2.38129650e-02   2.57140444e+04
 2.54004960e-02   2.36852302e+04
 2.69880280e-02   2.19141744e+04
 2.85755590e-02   2.03754958e+04
 3.01630900e-02   1.90438095e+04
 3.17506210e-02   1.78937320e+04
 3.33381520e-02   1.68998799e+04
 3.49256830e-02   1.60368694e+04
 3.65132140e-02   1.52793172e+04
 3.81007450e-02   1.46018397e+04
 3.96882760e-02   1.39790532e+04
 4.12758070e-02   1.33877468e+04
 4.28633380e-02   1.28205792e+04
 4.44508690e-02   1.22772496e+04
 4.60384000e-02   1.17574890e+04
 4.76259310e-02   1.12610281e+04
 4.92134620e-02   1.07875981e+04
 5.08009930e-02   1.03369297e+04
 5.23885240e-02   9.90875400e+03
 5.39760550e-02   9.50280182e+03
 5.55635860e-02   9.11880410e+03
 5.71511170e-02   8.75649177e+03
 5.87386480e-02   8.41559576e+03
 6.03261790e-02   8.09584554e+03
 6.19137100e-02   7.79668253e+03
 6.35012410e-02   7.51691524e+03
 6.50887720e-02   7.25526804e+03
 6.66763030e-02   7.01046531e+03
 6.82638340e-02   6.78123141e+03
 6.98513650e-02   6.56629070e+03
 7.14388960e-02   6.36436757e+03
 7.30264270e-02   6.17418637e+03
 7.46139580e-02   5.99447147e+03
 7.62014890e-02   5.82394726e+03
 7.77890200e-02   5.66133808e+03
 7.93765520e-02   5.50536822e+03
 8.09640830e-02   5.35480673e+03
 8.25516140e-02   5.20906939e+03
 8.41391450e-02   5.06806064e+03
 8.57266760e-02   4.93169698e+03
 8.73142070e-02   4.79989489e+03
 8.89017380e-02   4.67257087e+03
 9.04892690e-02   4.54964141e+03
 9.20768000e-02   4.43102299e+03
 9.36643310e-02   4.31663211e+03
 9.52518620e-02   4.20638526e+03
 9.68393930e-02   4.10019892e+03
 9.84269240e-02   3.99798959e+03
 1.00014450e-01   3.89967405e+03
 1.01601990e-01   3.80515352e+03
 1.03189520e-01   3.71427669e+03
 1.04777050e-01   3.62687682e+03
 1.06364580e-01   3.54278777e+03
 1.07952110e-01   3.46184343e+03
 1.09539640e-01   3.38387764e+03
 1.11127170e-01   3.30872428e+03
 1.12714700e-01   3.23621721e+03
 1.14302230e-01   3.16619029e+03
 1.15889770e-01   3.09847699e+03
 1.17477300e-01   3.03291200e+03
 1.19064830e-01   2.96932878e+03
 1.20652360e-01   2.90756261e+03
 1.22239890e-01   2.84750147e+03
 1.23827420e-01   2.78909975e+03
 1.25414950e-01   2.73231610e+03
 1.27002480e-01   2.67710917e+03
 1.28590010e-01   2.62343763e+03
 1.30177540e-01   2.57126013e+03
 1.31765080e-01   2.52053500e+03
 1.33352610e-01   2.47122153e+03
 1.34940140e-01   2.42327807e+03
 1.36527670e-01   2.37666325e+03
 1.38115200e-01   2.33133574e+03
 1.39702730e-01   2.28725418e+03
 1.41290260e-01   2.24437724e+03
 1.42877790e-01   2.20266356e+03
 1.44465320e-01   2.16207180e+03
 1.46052850e-01   2.12256061e+03
 1.47640390e-01   2.08408841e+03
 1.49227920e-01   2.04661433e+03
 1.50815450e-01   2.01009679e+03
 1.52402980e-01   1.97449444e+03
 1.53990510e-01   1.93976592e+03
 1.55578040e-01   1.90586991e+03
 1.57165570e-01   1.87276504e+03
 1.58753100e-01   1.84040997e+03
 1.60340630e-01   1.80876340e+03
 1.61928170e-01   1.77779208e+03
 1.63515700e-01   1.74748093e+03
 1.65103230e-01   1.71781660e+03
 1.66690760e-01   1.68878593e+03
 1.68278290e-01   1.66037573e+03
 1.69865820e-01   1.63257284e+03
 1.71453350e-01   1.60536409e+03
 1.73040880e-01   1.57873631e+03
 1.74628410e-01   1.55267634e+03
 1.76215940e-01   1.52717100e+03
 1.77803480e-01   1.50220696e+03
 1.79391010e-01   1.47777138e+03
 1.80978540e-01   1.45385093e+03
 1.82566070e-01   1.43043243e+03
 1.84153600e-01   1.40750273e+03
 1.85741130e-01   1.38504864e+03
 1.87328660e-01   1.36305699e+03
 1.88916190e-01   1.34151463e+03
 1.90503720e-01   1.32040838e+03
 1.92091250e-01   1.29972508e+03
 1.93678790e-01   1.27945141e+03
 1.95266320e-01   1.25957449e+03
 1.96853850e-01   1.24008099e+03
 1.98441380e-01   1.22095776e+03
 2.00028910e-01   1.20219163e+03
 2.01616440e-01   1.18377066e+03
 2.03203970e-01   1.16568762e+03
 2.04791500e-01   1.14793636e+03
 2.06379030e-01   1.13051077e+03
 2.07966560e-01   1.11340471e+03
 2.09554100e-01   1.09661194e+03
 2.11141630e-01   1.08012655e+03
 2.12729160e-01   1.06394229e+03
 2.14316690e-01   1.04805303e+03
 2.15904220e-01   1.03245264e+03
 2.17491750e-01   1.01713500e+03
 2.19079280e-01   1.00209396e+03
 2.20666810e-01   9.87323406e+02
 2.22254340e-01   9.72817194e+02
 2.23841880e-01   9.58569107e+02
 2.25429410e-01   9.44573195e+02
 2.27016940e-01   9.30823234e+02
 2.28604470e-01   9.17313094e+02
 2.30192000e-01   9.04036642e+02
 2.31779530e-01   8.90987748e+02
 2.33367060e-01   8.78160279e+02
 2.34954590e-01   8.65548105e+02
 2.36542120e-01   8.53145094e+02
 2.38129650e-01   8.40945114e+02
 2.39717190e-01   8.28941959e+02
 2.41304720e-01   8.17130000e+02
 2.42892250e-01   8.05505800e+02
 2.44479780e-01   7.94067018e+02
 2.46067310e-01   7.82811316e+02
 2.47654840e-01   7.71736357e+02
 2.49242370e-01   7.60839804e+02
 2.50829900e-01   7.50119320e+02
 2.52417430e-01   7.39572566e+02
 2.54004960e-01   7.29197205e+02
 2.55592500e-01   7.18990837e+02
 2.57180030e-01   7.08951253e+02
 2.58767560e-01   6.99076049e+02
 2.60355090e-01   6.89362890e+02
 2.61942620e-01   6.79809437e+02
 2.63530150e-01   6.70413354e+02
 2.65117680e-01   6.61172302e+02
 2.66705210e-01   6.52083944e+02
 2.68292740e-01   6.43145944e+02
 2.69880280e-01   6.34355908e+02
 2.71467810e-01   6.25711610e+02
 2.73055340e-01   6.17210657e+02
 2.74642870e-01   6.08850711e+02
 2.76230400e-01   6.00629435e+02
 2.77817930e-01   5.92544492e+02
 2.79405460e-01   5.84593544e+02
 2.80992990e-01   5.76774254e+02
 2.82580520e-01   5.69084284e+02
 2.84168050e-01   5.61521297e+02
 2.85755590e-01   5.54082910e+02
 2.87343120e-01   5.46766878e+02
 2.88930650e-01   5.39570817e+02
 2.90518180e-01   5.32492389e+02
 2.92105710e-01   5.25529258e+02
 2.93693240e-01   5.18679085e+02
 2.95280770e-01   5.11939533e+02
 2.96868300e-01   5.05308265e+02
 2.98455830e-01   4.98782944e+02
 3.00043360e-01   4.92361232e+02
 3.01630900e-01   4.86040752e+02
 3.03218430e-01   4.79819247e+02
 3.04805960e-01   4.73694338e+02
 3.06393490e-01   4.67663690e+02
 3.07981020e-01   4.61724963e+02
 3.09568550e-01   4.55875821e+02
 3.11156080e-01   4.50113926e+02
 3.12743610e-01   4.44436941e+02
 3.14331140e-01   4.38842529e+02
 3.15918680e-01   4.33328318e+02
 3.17506210e-01   4.27892039e+02
 3.19093740e-01   4.22531321e+02
 3.20681270e-01   4.17243847e+02
 3.22268800e-01   4.12028009e+02
 3.23856330e-01   4.06883048e+02
 3.25443860e-01   4.01808256e+02
 3.27031390e-01   3.96802926e+02
 3.28618920e-01   3.91866349e+02
 3.30206450e-01   3.86997818e+02
 3.31793990e-01   3.82196596e+02
 3.33381520e-01   3.77462034e+02
 3.34969050e-01   3.72793394e+02
 3.36556580e-01   3.68189969e+02
 3.38144110e-01   3.63651051e+02
 3.39731640e-01   3.59175932e+02
 3.41319170e-01   3.54763904e+02
 3.42906700e-01   3.50414260e+02
 3.44494230e-01   3.46126291e+02
 3.46081760e-01   3.41899290e+02
 3.47669300e-01   3.37732523e+02
 3.49256830e-01   3.33625334e+02
 3.50844360e-01   3.29576990e+02
 3.52431890e-01   3.25586782e+02
 3.54019420e-01   3.21654003e+02
 3.55606950e-01   3.17777945e+02
 3.57194480e-01   3.13957900e+02
 3.58782010e-01   3.10193160e+02
 3.60369540e-01   3.06483018e+02
 3.61957070e-01   3.02826766e+02
 3.63544610e-01   2.99223672e+02
 3.65132140e-01   2.95673076e+02
 3.66719670e-01   2.92174246e+02
 3.68307200e-01   2.88726474e+02
 3.69894730e-01   2.85329054e+02
 3.71482260e-01   2.81981275e+02
 3.73069790e-01   2.78682432e+02
 3.74657320e-01   2.75431816e+02
 3.76244850e-01   2.72228720e+02
 3.77832390e-01   2.69072415e+02
 3.79419920e-01   2.65962234e+02
 3.81007450e-01   2.62897449e+02
 3.82594980e-01   2.59877352e+02
 3.84182510e-01   2.56901235e+02
 3.85770040e-01   2.53968391e+02
 3.87357570e-01   2.51078112e+02
 3.88945100e-01   2.48229689e+02
 3.90532630e-01   2.45422416e+02
 3.92120160e-01   2.42655584e+02
 3.93707700e-01   2.39928468e+02
 3.95295230e-01   2.37240395e+02
 3.96882760e-01   2.34590640e+02
 3.98470290e-01   2.31978496e+02
 4.00057820e-01   2.29403253e+02
 4.01645350e-01   2.26864205e+02
 4.03232880e-01   2.24360643e+02
 4.04820410e-01   2.21891860e+02
 4.06407940e-01   2.19457148e+02
 4.07995470e-01   2.17055800e+02
 4.09583010e-01   2.14687091e+02
 4.11170540e-01   2.12350346e+02
 4.12758070e-01   2.10044840e+02
 4.14345600e-01   2.07769866e+02
 4.15933130e-01   2.05524716e+02
 4.17520660e-01   2.03308683e+02
 4.19108190e-01   2.01121058e+02
 4.20695720e-01   1.98961139e+02
 4.22283250e-01   1.96828404e+02
 4.23870790e-01   1.94722526e+02
 4.25458320e-01   1.92643233e+02
 4.27045850e-01   1.90590209e+02
 4.28633380e-01   1.88563155e+02
 4.30220910e-01   1.86561770e+02
 4.31808440e-01   1.84585754e+02
 4.33395970e-01   1.82634806e+02
 4.34983500e-01   1.80708625e+02
 4.36571030e-01   1.78806912e+02
 4.38158560e-01   1.76929366e+02
 4.39746100e-01   1.75075675e+02
 4.41333630e-01   1.73245561e+02
 4.42921160e-01   1.71438712e+02
 4.44508690e-01   1.69654829e+02
 4.46096220e-01   1.67893610e+02
 4.47683750e-01   1.66154755e+02
 4.49271280e-01   1.64437964e+02
 4.50858810e-01   1.62742936e+02
 4.52446340e-01   1.61069370e+02
 4.54033870e-01   1.59416967e+02
 4.55621410e-01   1.57785415e+02
 4.57208940e-01   1.56174435e+02
 4.58796470e-01   1.54583716e+02
 4.60384000e-01   1.53012958e+02
 4.61971530e-01   1.51461859e+02
 4.63559060e-01   1.49930120e+02
 4.65146590e-01   1.48417440e+02
 4.66734120e-01   1.46923518e+02
 4.68321650e-01   1.45448054e+02
 4.69909180e-01   1.43990748e+02
 4.71496720e-01   1.42551291e+02
 4.73084250e-01   1.41129399e+02
 4.74671780e-01   1.39724763e+02
 4.76259310e-01   1.38337084e+02
 4.77846840e-01   1.36966059e+02
 4.79434370e-01   1.35611390e+02
 4.81021900e-01   1.34272775e+02
 4.82609430e-01   1.32949914e+02
 4.84196960e-01   1.31642506e+02
 4.85784500e-01   1.30350244e+02
 4.87372030e-01   1.29072842e+02
 4.88959560e-01   1.27809993e+02
 4.90547090e-01   1.26561395e+02
 4.92134620e-01   1.25326748e+02
 4.93722150e-01   1.24105752e+02
 4.95309680e-01   1.22898107e+02
 4.96897210e-01   1.21703511e+02
 4.98484740e-01   1.20521665e+02
 5.00072270e-01   1.19352268e+02
 5.01659810e-01   1.18195052e+02
 5.03247340e-01   1.17049909e+02
 5.04834870e-01   1.15916739e+02
 5.06422400e-01   1.14795452e+02
 5.08009930e-01   1.13685954e+02
 5.09597460e-01   1.12588154e+02
 5.11184990e-01   1.11501960e+02
 5.12772520e-01   1.10427279e+02
 5.14360050e-01   1.09364020e+02
 5.15947580e-01   1.08312090e+02
 5.17535120e-01   1.07271390e+02
 5.19122650e-01   1.06241843e+02
 5.20710180e-01   1.05223349e+02
 5.22297710e-01   1.04215816e+02
 5.23885240e-01   1.03219152e+02
 5.25472770e-01   1.02233265e+02
 5.27060300e-01   1.01258063e+02
 5.28647830e-01   1.00293454e+02
 5.30235360e-01   9.93393454e+01
 5.31822900e-01   9.83956399e+01
 5.33410430e-01   9.74622570e+01
 5.34997960e-01   9.65390988e+01
 5.36585490e-01   9.56260731e+01
 5.38173020e-01   9.47230879e+01
 5.39760550e-01   9.38300511e+01
 5.41348080e-01   9.29468707e+01
 5.42935610e-01   9.20734546e+01
 5.44523140e-01   9.12097106e+01
 5.46110670e-01   9.03555469e+01
 5.47698210e-01   8.95108659e+01
 5.49285740e-01   8.86755863e+01
 5.50873270e-01   8.78496107e+01
 5.52460800e-01   8.70328470e+01
 5.54048330e-01   8.62252031e+01
 5.55635860e-01   8.54265869e+01
 5.57223390e-01   8.46369065e+01
 5.58810920e-01   8.38560697e+01
 5.60398450e-01   8.30839845e+01
 5.61985980e-01   8.23205587e+01
 5.63573520e-01   8.15656957e+01
 5.65161050e-01   8.08193129e+01
 5.66748580e-01   8.00813133e+01
 5.68336110e-01   7.93516050e+01
 5.69923640e-01   7.86300959e+01
 5.71511170e-01   7.79166938e+01
 5.73098700e-01   7.72113069e+01
 5.74686230e-01   7.65138429e+01
 5.76273760e-01   7.58242098e+01
 5.77861290e-01   7.51423156e+01
 5.79448830e-01   7.44680639e+01
 5.81036360e-01   7.38013712e+01
 5.82623890e-01   7.31421412e+01
 5.84211420e-01   7.24902818e+01
 5.85798950e-01   7.18457009e+01
 5.87386480e-01   7.12083065e+01
 5.88974010e-01   7.05780064e+01
 5.90561540e-01   6.99547087e+01
 5.92149070e-01   6.93383213e+01
 5.93736610e-01   6.87287482e+01
 5.95324140e-01   6.81259051e+01
 5.96911670e-01   6.75296961e+01
 5.98499200e-01   6.69400291e+01
 6.00086730e-01   6.63568120e+01
 6.01674260e-01   6.57799528e+01
 6.03261790e-01   6.52093594e+01
 6.04849320e-01   6.46449398e+01
 6.06436850e-01   6.40866018e+01
 6.08024380e-01   6.35342534e+01
 6.09611920e-01   6.29877992e+01
 6.11199450e-01   6.24471539e+01
 6.12786980e-01   6.19122220e+01
 6.14374510e-01   6.13829115e+01
 6.15962040e-01   6.08591302e+01
 6.17549570e-01   6.03407862e+01
 6.19137100e-01   5.98277873e+01
 6.20724630e-01   5.93200415e+01
 6.22312160e-01   5.88174568e+01
 6.23899690e-01   5.83199410e+01
 6.25487230e-01   5.78273990e+01
 6.27074760e-01   5.73397449e+01
 6.28662290e-01   5.68568836e+01
 6.30249820e-01   5.63787230e+01
 6.31837350e-01   5.59051711e+01
 6.33424880e-01   5.54361357e+01
 6.35012410e-01   5.49715248e+01
 6.36599940e-01   5.45112463e+01
 6.38187470e-01   5.40552082e+01
 6.39775010e-01   5.36033156e+01
 6.41362540e-01   5.31554821e+01
 6.42950070e-01   5.27116128e+01
 6.44537600e-01   5.22716155e+01
 6.46125130e-01   5.18353984e+01
 6.47712660e-01   5.14028692e+01
 6.49300190e-01   5.09739359e+01
 6.50887720e-01   5.05485064e+01
 6.52475250e-01   5.01264888e+01
 6.54062780e-01   4.97077908e+01
 6.55650320e-01   4.92923179e+01
 6.57237850e-01   4.88799832e+01
 6.58825380e-01   4.84706921e+01
 6.60412910e-01   4.80643526e+01
 6.62000440e-01   4.76608985e+01
 6.63587970e-01   4.72603115e+01
 6.65175500e-01   4.68625787e+01
 6.66763030e-01   4.64676873e+01
 6.68350560e-01   4.60756244e+01
 6.69938090e-01   4.56863772e+01
 6.71525630e-01   4.52999303e+01
 6.73113160e-01   4.49162757e+01
 6.74700690e-01   4.45353982e+01
 6.76288220e-01   4.41572848e+01
 6.77875750e-01   4.37819227e+01
 6.79463280e-01   4.34092991e+01
 6.81050810e-01   4.30394009e+01
 6.82638340e-01   4.26722155e+01
 6.84225870e-01   4.23077298e+01
 6.85813410e-01   4.19459288e+01
 6.87400940e-01   4.15868042e+01
 6.88988470e-01   4.12303407e+01
 6.90576000e-01   4.08765256e+01
 6.92163530e-01   4.05253459e+01
 6.93751060e-01   4.01767888e+01
 6.95338590e-01   3.98308414e+01
 6.96926120e-01   3.94874909e+01
 6.98513650e-01   3.91467243e+01
 7.00101180e-01   3.88085288e+01
 7.01688720e-01   3.84728895e+01
 7.03276250e-01   3.81397976e+01
 7.04863780e-01   3.78092382e+01
 7.06451310e-01   3.74811984e+01
 7.08038840e-01   3.71556654e+01
 7.09626370e-01   3.68326262e+01
 7.11213900e-01   3.65120681e+01
 7.12801430e-01   3.61939781e+01
 7.14388960e-01   3.58783433e+01
 7.15976490e-01   3.55651510e+01
 7.17564030e-01   3.52543862e+01
 7.19151560e-01   3.49460400e+01
 7.20739090e-01   3.46400977e+01
 7.22326620e-01   3.43365462e+01
 7.23914150e-01   3.40353728e+01
 7.25501680e-01   3.37365645e+01
 7.27089210e-01   3.34401086e+01
 7.28676740e-01   3.31459920e+01
 7.30264270e-01   3.28542021e+01
 7.31851800e-01   3.25647258e+01
 7.33439340e-01   3.22775485e+01
 7.35026870e-01   3.19926610e+01
 7.36614400e-01   3.17100486e+01
 7.38201930e-01   3.14296984e+01
 7.39789460e-01   3.11515976e+01
 7.41376990e-01   3.08757332e+01
 7.42964520e-01   3.06020923e+01
 7.44552050e-01   3.03306623e+01
 7.46139580e-01   3.00614300e+01
 7.47727120e-01   2.97943811e+01
 7.49314650e-01   2.95295060e+01
 7.50902180e-01   2.92667901e+01
 7.52489710e-01   2.90062206e+01
 7.54077240e-01   2.87477846e+01
 7.55664770e-01   2.84914693e+01
 7.57252300e-01   2.82372617e+01
 7.58839830e-01   2.79851490e+01
 7.60427360e-01   2.77351183e+01
 7.62014890e-01   2.74871568e+01
 7.63602430e-01   2.72412500e+01
 7.65189960e-01   2.69973881e+01
 7.66777490e-01   2.67555568e+01
 7.68365020e-01   2.65157432e+01
 7.69952550e-01   2.62779344e+01
 7.71540080e-01   2.60421175e+01
 7.73127610e-01   2.58082796e+01
 7.74715140e-01   2.55764080e+01
 7.76302670e-01   2.53464896e+01
 7.77890200e-01   2.51185117e+01
 7.79477740e-01   2.48924600e+01
 7.81065270e-01   2.46683244e+01
 7.82652800e-01   2.44460906e+01
 7.84240330e-01   2.42257458e+01
 7.85827860e-01   2.40072771e+01
 7.87415390e-01   2.37906716e+01
 7.89002920e-01   2.35759165e+01
 7.90590450e-01   2.33629988e+01
 7.92177980e-01   2.31519058e+01
 7.93765520e-01   2.29426232e+01
 7.95353050e-01   2.27351407e+01
 7.96940580e-01   2.25294443e+01
 7.98528110e-01   2.23255210e+01
 8.00115640e-01   2.21233580e+01
 8.01703170e-01   2.19229424e+01
 8.03290700e-01   2.17242612e+01
 8.04878230e-01   2.15273018e+01
 8.06465760e-01   2.13320511e+01
 8.08053290e-01   2.11384963e+01
 8.09640830e-01   2.09466233e+01
 8.11228360e-01   2.07564217e+01
 8.12815890e-01   2.05678775e+01
 8.14403420e-01   2.03809776e+01
 8.15990950e-01   2.01957093e+01
 8.17578480e-01   2.00120597e+01
 8.19166010e-01   1.98300159e+01
 8.20753540e-01   1.96495650e+01
 8.22341070e-01   1.94706942e+01
 8.23928600e-01   1.92933906e+01
 8.25516140e-01   1.91176403e+01
 8.27103670e-01   1.89434325e+01
 8.28691200e-01   1.87707533e+01
 8.30278730e-01   1.85995898e+01
 8.31866260e-01   1.84299292e+01
 8.33453790e-01   1.82617586e+01
 8.35041320e-01   1.80950650e+01
 8.36628850e-01   1.79298357e+01
 8.38216380e-01   1.77660578e+01
 8.39803910e-01   1.76037184e+01
 8.41391450e-01   1.74428035e+01
 8.42978980e-01   1.72833025e+01
 8.44566510e-01   1.71252014e+01
 8.46154040e-01   1.69684872e+01
 8.47741570e-01   1.68131472e+01
 8.49329100e-01   1.66591685e+01
 8.50916630e-01   1.65065382e+01
 8.52504160e-01   1.63552434e+01
 8.54091690e-01   1.62052713e+01
 8.55679230e-01   1.60566080e+01
 8.57266760e-01   1.59092427e+01
 8.58854290e-01   1.57631613e+01
 8.60441820e-01   1.56183512e+01
 8.62029350e-01   1.54747993e+01
 8.63616880e-01   1.53324929e+01
 8.65204410e-01   1.51914191e+01
 8.66791940e-01   1.50515649e+01
 8.68379470e-01   1.49129176e+01
 8.69967000e-01   1.47754643e+01
 8.71554540e-01   1.46391911e+01
 8.73142070e-01   1.45040871e+01
 8.74729600e-01   1.43701384e+01
 8.76317130e-01   1.42373322e+01
 8.77904660e-01   1.41056556e+01
 8.79492190e-01   1.39750957e+01
 8.81079720e-01   1.38456397e+01
 8.82667250e-01   1.37172747e+01
 8.84254780e-01   1.35899878e+01
 8.85842310e-01   1.34637662e+01
 8.87429850e-01   1.33385961e+01
 8.89017380e-01   1.32144664e+01
 8.90604910e-01   1.30913633e+01
 8.92192440e-01   1.29692740e+01
 8.93779970e-01   1.28481856e+01
 8.95367500e-01   1.27280852e+01
 8.96955030e-01   1.26089600e+01
 8.98542560e-01   1.24907971e+01
 9.00130090e-01   1.23735836e+01
 9.01717630e-01   1.22573059e+01
 9.03305160e-01   1.21419526e+01
 9.04892690e-01   1.20275101e+01
 9.06480220e-01   1.19139656e+01
 9.08067750e-01   1.18013061e+01
 9.09655280e-01   1.16895188e+01
 9.11242810e-01   1.15785909e+01
 9.12830340e-01   1.14685094e+01
 9.14417870e-01   1.13592615e+01
 9.16005400e-01   1.12508343e+01
 9.17592940e-01   1.11432143e+01
 9.19180470e-01   1.10363900e+01
 9.20768000e-01   1.09303477e+01
 9.22355530e-01   1.08250747e+01
 9.23943060e-01   1.07205580e+01
 9.25530590e-01   1.06167849e+01
 9.27118120e-01   1.05137423e+01
 9.28705650e-01   1.04114175e+01
 9.30293180e-01   1.03097976e+01
 9.31880710e-01   1.02088697e+01
 9.33468250e-01   1.01086203e+01
 9.35055780e-01   1.00090378e+01
 9.36643310e-01   9.91010871e+00
 9.38230840e-01   9.81182015e+00
 9.39818370e-01   9.71415924e+00
 9.41405900e-01   9.61711312e+00
 9.42993430e-01   9.52066892e+00
 9.44580960e-01   9.42481377e+00
 9.46168490e-01   9.32953479e+00
 9.47756030e-01   9.23481852e+00
 9.49343560e-01   9.14065329e+00
 9.50931090e-01   9.04702562e+00
 9.52518620e-01   8.95392264e+00
 9.54106150e-01   8.86133149e+00
 9.55693680e-01   8.76923929e+00
 9.57281210e-01   8.67763318e+00
 9.58868740e-01   8.58650028e+00
 9.60456270e-01   8.49582771e+00
 9.62043800e-01   8.40560263e+00
 9.63631340e-01   8.31581157e+00
 9.65218870e-01   8.22644282e+00
 9.66806400e-01   8.13748292e+00
 9.68393930e-01   8.04891902e+00
 9.69981460e-01   7.96073823e+00
 9.71568990e-01   7.87292769e+00
 9.73156520e-01   7.78547454e+00
 9.74744050e-01   7.69836588e+00
 9.76331580e-01   7.61158887e+00
 9.77919110e-01   7.52513062e+00
 9.79506650e-01   7.43897773e+00
 9.81094180e-01   7.35311841e+00
 9.82681710e-01   7.26753924e+00
 9.84269240e-01   7.18222735e+00
 9.85856770e-01   7.09716989e+00
 9.87444300e-01   7.01235396e+00
 9.89031830e-01   6.92776671e+00
 9.90619360e-01   6.84339526e+00
 9.92206890e-01   6.75922675e+00
 9.93794420e-01   6.67524829e+00
 9.95381960e-01   6.59144650e+00
 9.96969490e-01   6.50780956e+00
 9.98557020e-01   6.42432408e+00
 1.00014450e+00   6.44435253e+00
 1.00173210e+00   6.37308115e+00
 1.00331960e+00   6.30226839e+00
 1.00490710e+00   6.23191124e+00
 1.00649470e+00   6.16200679e+00
 1.00808220e+00   6.09256535e+00
 1.00966970e+00   6.02358398e+00
 1.01125730e+00   5.95505988e+00
 1.01284480e+00   5.88700315e+00
 1.01443230e+00   5.81941097e+00
 1.01601990e+00   5.75228061e+00
 1.01760740e+00   5.68562200e+00
 1.01919490e+00   5.61943240e+00
 1.02078250e+00   5.55370918e+00
 1.02237000e+00   5.48846209e+00
 1.02395750e+00   5.42368847e+00
 1.02554500e+00   5.35938982e+00
 1.02713260e+00   5.29556361e+00
 1.02872010e+00   5.23221938e+00
 1.03030760e+00   5.16935458e+00
 1.03189520e+00   5.10696678e+00
 1.03348270e+00   5.04506533e+00
 1.03507020e+00   4.98364778e+00
 1.03665780e+00   4.92271179e+00
 1.03824530e+00   4.86226652e+00
 1.03983280e+00   4.80230962e+00
 1.04142040e+00   4.74283884e+00
 1.04300790e+00   4.68386315e+00
 1.04459540e+00   4.62538030e+00
 1.04618290e+00   4.56739176e+00
 1.04777050e+00   4.50989542e+00
 1.04935800e+00   4.45290001e+00
 1.05094550e+00   4.39640339e+00
 1.05253310e+00   4.34040353e+00
 1.05412060e+00   4.28490897e+00
 1.05570810e+00   4.22991766e+00
 1.05729570e+00   4.17542767e+00
 1.05888320e+00   4.12144736e+00
 1.06047070e+00   4.06797476e+00
 1.06205830e+00   4.01500805e+00
 1.06364580e+00   3.96255539e+00
 1.06523330e+00   3.91061490e+00
 1.06682090e+00   3.85918487e+00
 1.06840840e+00   3.80827325e+00
 1.06999590e+00   3.75787828e+00
 1.07158340e+00   3.70800145e+00
 1.07317100e+00   3.65864115e+00
 1.07475850e+00   3.60980509e+00
 1.07634600e+00   3.56149164e+00
 1.07793360e+00   3.51369929e+00
 1.07952110e+00   3.46643554e+00
 1.08110860e+00   3.41969887e+00
 1.08269620e+00   3.37348786e+00
 1.08428370e+00   3.32780982e+00
 1.08587120e+00   3.28266333e+00
 1.08745880e+00   3.23804706e+00
 1.08904630e+00   3.19396814e+00
 1.09063380e+00   3.15042522e+00
 1.09222130e+00   3.10741980e+00
 1.09380890e+00   3.06495069e+00
 1.09539640e+00   3.02302475e+00
 1.09698390e+00   2.98164077e+00
 1.09857150e+00   2.94079768e+00
 1.10015900e+00   2.90050211e+00
 1.10174650e+00   2.86075297e+00
 1.10333410e+00   2.82154930e+00
 1.10492160e+00   2.78289751e+00
 1.10650910e+00   2.74479661e+00
 1.10809670e+00   2.70724575e+00
 1.10968420e+00   2.67025114e+00
 1.11127170e+00   2.63381188e+00
 1.11285930e+00   2.59792723e+00
 1.11444680e+00   2.56260319e+00
 1.11603430e+00   2.52783898e+00
 1.11762180e+00   2.49363608e+00
 1.11920940e+00   2.45999389e+00
 1.12079690e+00   2.42691812e+00
 1.12238440e+00   2.39440812e+00
 1.12397200e+00   2.36246341e+00
 1.12555950e+00   2.33108948e+00
 1.12714700e+00   2.30028579e+00
 1.12873460e+00   2.27005196e+00
 1.13032210e+00   2.24039327e+00
 1.13190960e+00   2.21130930e+00
 1.13349720e+00   2.18279974e+00
 1.13508470e+00   2.15486969e+00
 1.13667220e+00   2.12751883e+00
 1.13825970e+00   2.10074862e+00
 1.13984730e+00   2.07455895e+00
 1.14143480e+00   2.04895458e+00
 1.14302230e+00   2.02393536e+00
 1.14460990e+00   1.99950123e+00
 1.14619740e+00   1.97565677e+00
 1.14778490e+00   1.95240192e+00
 1.14937250e+00   1.92973674e+00
 1.15096000e+00   1.90766559e+00
 1.15254750e+00   1.88618850e+00
 1.15413510e+00   1.86530568e+00
 1.15572260e+00   1.84502123e+00
 1.15731010e+00   1.82533532e+00
 1.15889770e+00   1.80624825e+00
 1.16048520e+00   1.78776390e+00
 1.16207270e+00   1.76988256e+00
 1.16366020e+00   1.75260571e+00
 1.16524780e+00   1.73593380e+00
 1.16683530e+00   1.71987043e+00
 1.16842280e+00   1.70441602e+00
 1.17001040e+00   1.68957113e+00
 1.17159790e+00   1.67533913e+00
 1.17318540e+00   1.66172055e+00
 1.17477300e+00   1.64871608e+00
 1.17636050e+00   1.63632885e+00
 1.17794800e+00   1.62455951e+00
 1.17953560e+00   1.61340886e+00
 1.18112310e+00   1.60287980e+00
 1.18271060e+00   1.59297309e+00
 1.18429810e+00   1.58369022e+00
 1.18588570e+00   1.57503217e+00
 1.18747320e+00   1.56700150e+00
 1.18906070e+00   1.55959913e+00
 1.19064830e+00   1.55282616e+00
 1.19223580e+00   1.54668493e+00
 1.19382330e+00   1.54117647e+00
 1.19541090e+00   1.53630198e+00
 1.19699840e+00   1.53206358e+00
 1.19858590e+00   1.52846242e+00
 1.20017350e+00   1.52549707e+00
 1.20176100e+00   1.52278341e+00
 1.20334850e+00   1.52006784e+00
 1.20493610e+00   1.51735026e+00
 1.20652360e+00   1.51463108e+00
 1.20811110e+00   1.51191020e+00
 1.20969860e+00   1.50918767e+00
 1.21128620e+00   1.50646340e+00
 1.21287370e+00   1.50373778e+00
 1.21446120e+00   1.50101072e+00
 1.21604880e+00   1.49828209e+00
 1.21763630e+00   1.49555231e+00
 1.21922380e+00   1.49282127e+00
 1.22081140e+00   1.49008885e+00
 1.22239890e+00   1.48735547e+00
 1.22398640e+00   1.48462099e+00
 1.22557400e+00   1.48188533e+00
 1.22716150e+00   1.47914887e+00
 1.22874900e+00   1.47641150e+00
 1.23033650e+00   1.47367328e+00
 1.23192410e+00   1.47093410e+00
 1.23351160e+00   1.46819435e+00
 1.23509910e+00   1.46545392e+00
 1.23668670e+00   1.46271269e+00
 1.23827420e+00   1.45997107e+00
 1.23986170e+00   1.45722893e+00
 1.24144930e+00   1.45448615e+00
 1.24303680e+00   1.45174314e+00
 1.24462430e+00   1.44899977e+00
 1.24621190e+00   1.44625592e+00
 1.24779940e+00   1.44351200e+00
 1.24938690e+00   1.44076787e+00
 1.25097450e+00   1.43802342e+00
 1.25256200e+00   1.43527904e+00
 1.25414950e+00   1.43253461e+00
 1.25573700e+00   1.42979018e+00
 1.25732460e+00   1.42704562e+00
 1.25891210e+00   1.42430133e+00
 1.26049960e+00   1.42155718e+00
 1.26208720e+00   1.41881306e+00
 1.26367470e+00   1.41606934e+00
 1.26526220e+00   1.41332591e+00
 1.26684980e+00   1.41058264e+00
 1.26843730e+00   1.40783991e+00
 1.27002480e+00   1.40509761e+00
 1.27161240e+00   1.40235560e+00
 1.27319990e+00   1.39961427e+00
 1.27478740e+00   1.39687349e+00
 1.27637490e+00   1.39413332e+00
 1.27796250e+00   1.39139361e+00
 1.27955000e+00   1.38865475e+00
 1.28113750e+00   1.38591662e+00
 1.28272510e+00   1.38317909e+00
 1.28431260e+00   1.38044253e+00
 1.28590010e+00   1.37770682e+00
 1.28748770e+00   1.37497183e+00
 1.28907520e+00   1.37223795e+00
 1.29066270e+00   1.36950503e+00
 1.29225030e+00   1.36677294e+00
 1.29383780e+00   1.36404208e+00
 1.29542530e+00   1.36131230e+00
 1.29701290e+00   1.35858347e+00
 1.29860040e+00   1.35585597e+00
 1.30018790e+00   1.35312967e+00
 1.30177540e+00   1.35040461e+00
 1.30336300e+00   1.34768065e+00
 1.30495050e+00   1.34495817e+00
 1.30653800e+00   1.34223703e+00
 1.30812560e+00   1.33951710e+00
 1.30971310e+00   1.33679876e+00
 1.31130060e+00   1.33408186e+00
 1.31288820e+00   1.33136628e+00
 1.31447570e+00   1.32865238e+00
 1.31606320e+00   1.32594004e+00
 1.31765080e+00   1.32322911e+00
 1.31923830e+00   1.32051997e+00
 1.32082580e+00   1.31781248e+00
 1.32241330e+00   1.31510667e+00
 1.32400090e+00   1.31240240e+00
 1.32558840e+00   1.30970005e+00
 1.32717590e+00   1.30699948e+00
 1.32876350e+00   1.30430055e+00
 1.33035100e+00   1.30160362e+00
 1.33193850e+00   1.29890856e+00
 1.33352610e+00   1.29621524e+00
 1.33511360e+00   1.29352401e+00
 1.33670110e+00   1.29083474e+00
 1.33828870e+00   1.28814728e+00
 1.33987620e+00   1.28546201e+00
 1.34146370e+00   1.28277879e+00
 1.34305130e+00   1.28009747e+00
 1.34463880e+00   1.27741842e+00
 1.34622630e+00   1.27474149e+00
 1.34781380e+00   1.27206672e+00
 1.34940140e+00   1.26939396e+00
 1.35098890e+00   1.26672358e+00
 1.35257640e+00   1.26405544e+00
 1.35416400e+00   1.26138939e+00
 1.35575150e+00   1.25872579e+00
 1.35733900e+00   1.25606450e+00
 1.35892660e+00   1.25340538e+00
 1.36051410e+00   1.25074879e+00
 1.36210160e+00   1.24809459e+00
 1.36368920e+00   1.24544263e+00
 1.36527670e+00   1.24279328e+00
 1.36686420e+00   1.24014638e+00
 1.36845170e+00   1.23750196e+00
 1.37003930e+00   1.23485989e+00
 1.37162680e+00   1.23222050e+00
 1.37321430e+00   1.22958367e+00
 1.37480190e+00   1.22694925e+00
 1.37638940e+00   1.22431759e+00
 1.37797690e+00   1.22168855e+00
 1.37956450e+00   1.21906198e+00
 1.38115200e+00   1.21643824e+00
 1.38273950e+00   1.21381718e+00
 1.38432710e+00   1.21119865e+00
 1.38591460e+00   1.20858302e+00
 1.38750210e+00   1.20597013e+00
 1.38908970e+00   1.20335985e+00
 1.39067720e+00   1.20075251e+00
 1.39226470e+00   1.19814797e+00
 1.39385220e+00   1.19554626e+00
 1.39543980e+00   1.19294723e+00
 1.39702730e+00   1.19035123e+00
 1.39861480e+00   1.18775811e+00
 1.40020240e+00   1.18516772e+00
 1.40178990e+00   1.18258042e+00
 1.40337740e+00   1.17999605e+00
 1.40496500e+00   1.17741447e+00
 1.40655250e+00   1.17483603e+00
 1.40814000e+00   1.17226058e+00
 1.40972760e+00   1.16968797e+00
 1.41131510e+00   1.16711855e+00
 1.41290260e+00   1.16455217e+00
 1.41449010e+00   1.16198885e+00
 1.41607770e+00   1.15942844e+00
 1.41766520e+00   1.15687128e+00
 1.41925270e+00   1.15431723e+00
 1.42084030e+00   1.15176614e+00
 1.42242780e+00   1.14921834e+00
 1.42401530e+00   1.14667370e+00
 1.42560290e+00   1.14413207e+00
 1.42719040e+00   1.14159379e+00
 1.42877790e+00   1.13905870e+00
 1.43036550e+00   1.13652666e+00
 1.43195300e+00   1.13399801e+00
 1.43354050e+00   1.13147260e+00
 1.43512810e+00   1.12895029e+00
 1.43671560e+00   1.12643141e+00
 1.43830310e+00   1.12391581e+00
 1.43989060e+00   1.12140351e+00
 1.44147820e+00   1.11889436e+00
 1.44306570e+00   1.11638869e+00
 1.44465320e+00   1.11388635e+00
 1.44624080e+00   1.11138721e+00
 1.44782830e+00   1.10889159e+00
 1.44941580e+00   1.10639934e+00
 1.45100340e+00   1.10391032e+00
 1.45259090e+00   1.10142486e+00
 1.45417840e+00   1.09894280e+00
 1.45576600e+00   1.09646401e+00
 1.45735350e+00   1.09398881e+00
 1.45894100e+00   1.09151706e+00
 1.46052850e+00   1.08904876e+00
 1.46211610e+00   1.08658378e+00
 1.46370360e+00   1.08412242e+00
 1.46529110e+00   1.08166456e+00
 1.46687870e+00   1.07921004e+00
 1.46846620e+00   1.07675919e+00
 1.47005370e+00   1.07431185e+00
 1.47164130e+00   1.07186790e+00
 1.47322880e+00   1.06942763e+00
 1.47481630e+00   1.06699092e+00
 1.47640390e+00   1.06455761e+00
 1.47799140e+00   1.06212803e+00
 1.47957890e+00   1.05970202e+00
 1.48116650e+00   1.05727945e+00
 1.48275400e+00   1.05486063e+00
 1.48434150e+00   1.05244542e+00
 1.48592900e+00   1.05003382e+00
 1.48751660e+00   1.04762569e+00
 1.48910410e+00   1.04522135e+00
 1.49069160e+00   1.04282064e+00
 1.49227920e+00   1.04042343e+00
 1.49386670e+00   1.03803003e+00
 1.49545420e+00   1.03564030e+00
 1.49704180e+00   1.03325408e+00
 1.49862930e+00   1.03087170e+00
 1.50021680e+00   1.02849300e+00
 1.50180440e+00   1.02611785e+00
 1.50339190e+00   1.02374655e+00
 1.50497940e+00   1.02137896e+00
 1.50656690e+00   1.01901508e+00
 1.50815450e+00   1.01665478e+00
 1.50974200e+00   1.01429836e+00
 1.51132950e+00   1.01194568e+00
 1.51291710e+00   1.00959658e+00
 1.51450460e+00   1.00725139e+00
 1.51609210e+00   1.00490995e+00
 1.51767970e+00   1.00257213e+00
 1.51926720e+00   1.00023822e+00
 1.52085470e+00   9.97908084e-01
 1.52244230e+00   9.95581581e-01
 1.52402980e+00   9.93259009e-01
 1.52561730e+00   9.90940228e-01
 1.52720490e+00   9.88625096e-01
 1.52879240e+00   9.86313912e-01
 1.53037990e+00   9.84006534e-01
 1.53196740e+00   9.81702968e-01
 1.53355500e+00   9.79403073e-01
 1.53514250e+00   9.77107144e-01
 1.53673000e+00   9.74815041e-01
 1.53831760e+00   9.72526624e-01
 1.53990510e+00   9.70242187e-01
 1.54149260e+00   9.67961589e-01
 1.54308020e+00   9.65684691e-01
 1.54466770e+00   9.63411785e-01
 1.54625520e+00   9.61142732e-01
 1.54784280e+00   9.58877391e-01
 1.54943030e+00   9.56616054e-01
 1.55101780e+00   9.54358580e-01
 1.55260530e+00   9.52104974e-01
 1.55419290e+00   9.49855097e-01
 1.55578040e+00   9.47609236e-01
 1.55736790e+00   9.45367254e-01
 1.55895550e+00   9.43129012e-01
 1.56054300e+00   9.40894795e-01
 1.56213050e+00   9.38664466e-01
 1.56371810e+00   9.36437888e-01
 1.56530560e+00   9.34215343e-01
 1.56689310e+00   9.31996694e-01
 1.56848070e+00   9.29781806e-01
 1.57006820e+00   9.27570958e-01
 1.57165570e+00   9.25364015e-01
 1.57324330e+00   9.23160840e-01
 1.57483080e+00   9.20961713e-01
 1.57641830e+00   9.18766497e-01
 1.57800580e+00   9.16575195e-01
 1.57959340e+00   9.14387670e-01
 1.58118090e+00   9.12204202e-01
 1.58276840e+00   9.10024653e-01
 1.58435600e+00   9.07848888e-01
 1.58594350e+00   9.05677184e-01
 1.58753100e+00   9.03509405e-01
 1.58911860e+00   9.01345416e-01
 1.59070610e+00   8.99185492e-01
 1.59229360e+00   8.97029498e-01
 1.59388120e+00   8.94877298e-01
 1.59546870e+00   8.92729167e-01
 1.59705620e+00   8.90584969e-01
 1.59864370e+00   8.88444705e-01
 1.60023130e+00   8.86308243e-01
 1.60181880e+00   8.84175852e-01
 1.60340630e+00   8.82047398e-01
 1.60499390e+00   8.79922749e-01
 1.60658140e+00   8.77802173e-01
 1.60816890e+00   8.75685536e-01
 1.60975650e+00   8.73572707e-01
 1.61134400e+00   8.71463952e-01
 1.61293150e+00   8.69359138e-01
 1.61451910e+00   8.67258134e-01
 1.61610660e+00   8.65161204e-01
 1.61769410e+00   8.63068216e-01
 1.61928170e+00   8.60979040e-01
 1.62086920e+00   8.58893937e-01
 1.62245670e+00   8.56812777e-01
 1.62404420e+00   8.54735560e-01
 1.62563180e+00   8.52662155e-01
 1.62721930e+00   8.50592822e-01
 1.62880680e+00   8.48527432e-01
 1.63039440e+00   8.46465854e-01
 1.63198190e+00   8.44408347e-01
 1.63356940e+00   8.42354781e-01
 1.63515700e+00   8.40305027e-01
 1.63674450e+00   8.38259342e-01
 1.63833200e+00   8.36217597e-01
 1.63991960e+00   8.34179662e-01
 1.64150710e+00   8.32145793e-01
 1.64309460e+00   8.30115862e-01
 1.64468210e+00   8.28089867e-01
 1.64626970e+00   8.26067681e-01
 1.64785720e+00   8.24049556e-01
 1.64944470e+00   8.22035365e-01
 1.65103230e+00   8.20024980e-01
 1.65261980e+00   8.18018654e-01
 1.65420730e+00   8.16016257e-01
 1.65579490e+00   8.14017663e-01
 1.65738240e+00   8.12023123e-01
 1.65896990e+00   8.10032509e-01
 1.66055750e+00   8.08045695e-01
 1.66214500e+00   8.06062930e-01
 1.66373250e+00   8.04084087e-01
 1.66532010e+00   8.02109039e-01
 1.66690760e+00   8.00138035e-01
 1.66849510e+00   7.98170948e-01
 1.67008260e+00   7.96207776e-01
 1.67167020e+00   7.94248394e-01
 1.67325770e+00   7.92293048e-01
 1.67484520e+00   7.90341612e-01
 1.67643280e+00   7.88393960e-01
 1.67802030e+00   7.86450338e-01
 1.67960780e+00   7.84510620e-01
 1.68119540e+00   7.82574681e-01
 1.68278290e+00   7.80642765e-01
 1.68437040e+00   7.78714746e-01
 1.68595800e+00   7.76790501e-01
 1.68754550e+00   7.74870271e-01
 1.68913300e+00   7.72953932e-01
 1.69072050e+00   7.71041481e-01
 1.69230810e+00   7.69132796e-01
 1.69389560e+00   7.67228115e-01
 1.69548310e+00   7.65327316e-01
 1.69707070e+00   7.63430276e-01
 1.69865820e+00   7.61537232e-01
 1.70024570e+00   7.59648061e-01
 1.70183330e+00   7.57762643e-01
 1.70342080e+00   7.55881212e-01
 1.70500830e+00   7.54003646e-01
 1.70659590e+00   7.52129825e-01
 1.70818340e+00   7.50259983e-01
 1.70977090e+00   7.48393997e-01
 1.71135850e+00   7.46531749e-01
 1.71294600e+00   7.44673469e-01
 1.71453350e+00   7.42819038e-01
 1.71612100e+00   7.40968452e-01
 1.71770860e+00   7.39121592e-01
 1.71929610e+00   7.37278688e-01
 1.72088360e+00   7.35439620e-01
 1.72247120e+00   7.33604270e-01
 1.72405870e+00   7.31772865e-01
 1.72564620e+00   7.29945287e-01
 1.72723380e+00   7.28121418e-01
 1.72882130e+00   7.26301483e-01
 1.73040880e+00   7.24485366e-01
 1.73199640e+00   7.22672947e-01
 1.73358390e+00   7.20864454e-01
 1.73517140e+00   7.19059766e-01
 1.73675890e+00   7.17258882e-01
 1.73834650e+00   7.15461684e-01
 1.73993400e+00   7.13668396e-01
 1.74152150e+00   7.11878901e-01
 1.74310910e+00   7.10093082e-01
 1.74469660e+00   7.08311161e-01
 1.74628410e+00   7.06533022e-01
 1.74787170e+00   7.04758549e-01
 1.74945920e+00   7.02987963e-01
 1.75104670e+00   7.01221147e-01
 1.75263430e+00   6.99457987e-01
 1.75422180e+00   6.97698701e-01
 1.75580930e+00   6.95943175e-01
 1.75739690e+00   6.94191293e-01
 1.75898440e+00   6.92443274e-01
 1.76057190e+00   6.90699002e-01
 1.76215940e+00   6.88958474e-01
 1.76374700e+00   6.87221576e-01
 1.76533450e+00   6.85488524e-01
 1.76692200e+00   6.83759203e-01
 1.76850960e+00   6.82033501e-01
 1.77009710e+00   6.80311632e-01
 1.77168460e+00   6.78593482e-01
 1.77327220e+00   6.76878939e-01
 1.77485970e+00   6.75168216e-01
 1.77644720e+00   6.73461200e-01
 1.77803480e+00   6.71757780e-01
 1.77962230e+00   6.70058165e-01
 1.78120980e+00   6.68362245e-01
 1.78279730e+00   6.66670015e-01
 1.78438490e+00   6.64981364e-01
 1.78597240e+00   6.63296502e-01
 1.78755990e+00   6.61615316e-01
 1.78914750e+00   6.59937698e-01
 1.79073500e+00   6.58263854e-01
 1.79232250e+00   6.56593674e-01
 1.79391010e+00   6.54927049e-01
 1.79549760e+00   6.53264184e-01
 1.79708510e+00   6.51604969e-01
 1.79867270e+00   6.49949296e-01
 1.80026020e+00   6.48297370e-01
 1.80184770e+00   6.46649080e-01
 1.80343530e+00   6.45004320e-01
 1.80502280e+00   6.43363291e-01
 1.80661030e+00   6.41725886e-01
 1.80819780e+00   6.40092099e-01
 1.80978540e+00   6.38461824e-01
 1.81137290e+00   6.36835262e-01
 1.81296040e+00   6.35212304e-01
 1.81454800e+00   6.33592844e-01
 1.81613550e+00   6.31977082e-01
 1.81772300e+00   6.30364910e-01
 1.81931060e+00   6.28756224e-01
 1.82089810e+00   6.27151220e-01
 1.82248560e+00   6.25549792e-01
 1.82407320e+00   6.23951835e-01
 1.82566070e+00   6.22357546e-01
 1.82724820e+00   6.20766819e-01
 1.82883570e+00   6.19179649e-01
 1.83042330e+00   6.17595932e-01
 1.83201080e+00   6.16015862e-01
 1.83359830e+00   6.14439335e-01
 1.83518590e+00   6.12866246e-01
 1.83677340e+00   6.11296789e-01
 1.83836090e+00   6.09730860e-01
 1.83994850e+00   6.08168355e-01
 1.84153600e+00   6.06609467e-01
 1.84312350e+00   6.05054092e-01
 1.84471110e+00   6.03502126e-01
 1.84629860e+00   6.01953762e-01
 1.84788610e+00   6.00408895e-01
 1.84947370e+00   5.98867424e-01
 1.85106120e+00   5.97329539e-01
 1.85264870e+00   5.95795135e-01
 1.85423620e+00   5.94264210e-01
 1.85582380e+00   5.92736661e-01
 1.85741130e+00   5.91212675e-01
 1.85899880e+00   5.89692152e-01
 1.86058640e+00   5.88174991e-01
 1.86217390e+00   5.86661377e-01
 1.86376140e+00   5.85151210e-01
 1.86534900e+00   5.83644391e-01
 1.86693650e+00   5.82141102e-01
 1.86852400e+00   5.80641246e-01
 1.87011160e+00   5.79144721e-01
 1.87169910e+00   5.77651711e-01
 1.87328660e+00   5.76162118e-01
 1.87487410e+00   5.74675935e-01
 1.87646170e+00   5.73193064e-01
 1.87804920e+00   5.71713686e-01
 1.87963670e+00   5.70237704e-01
 1.88122430e+00   5.68765018e-01
 1.88281180e+00   5.67295809e-01
 1.88439930e+00   5.65829980e-01
 1.88598690e+00   5.64367432e-01
 1.88757440e+00   5.62908345e-01
 1.88916190e+00   5.61452621e-01
 1.89074950e+00   5.60000163e-01
 1.89233700e+00   5.58551149e-01
 1.89392450e+00   5.57105482e-01
 1.89551210e+00   5.55663067e-01
 1.89709960e+00   5.54224079e-01
 1.89868710e+00   5.52788421e-01
 1.90027460e+00   5.51356090e-01
 1.90186220e+00   5.49926989e-01
 1.90344970e+00   5.48501293e-01
 1.90503720e+00   5.47078906e-01
 1.90662480e+00   5.45659734e-01
 1.90821230e+00   5.44243951e-01
 1.90979980e+00   5.42831461e-01
 1.91138740e+00   5.41422170e-01
 1.91297490e+00   5.40016250e-01
 1.91456240e+00   5.38613608e-01
 1.91615000e+00   5.37214149e-01
 1.91773750e+00   5.35818044e-01
 1.91932500e+00   5.34425200e-01
 1.92091250e+00   5.33035611e-01
 1.92250010e+00   5.31649185e-01
 1.92408760e+00   5.30266091e-01
 1.92567510e+00   5.28886236e-01
 1.92726270e+00   5.27509527e-01
 1.92885020e+00   5.26136133e-01
 1.93043770e+00   5.24765961e-01
 1.93202530e+00   5.23398921e-01
 1.93361280e+00   5.22035178e-01
 1.93520030e+00   5.20674640e-01
 1.93678790e+00   5.19317218e-01
 1.93837540e+00   5.17963077e-01
 1.93996290e+00   5.16612124e-01
 1.94155040e+00   5.15264356e-01
 1.94313800e+00   5.13919681e-01
 1.94472550e+00   5.12578264e-01
 1.94631300e+00   5.11240015e-01
 1.94790060e+00   5.09904843e-01
 1.94948810e+00   5.08572911e-01
 1.95107560e+00   5.07244130e-01
 1.95266320e+00   5.05918411e-01
 1.95425070e+00   5.04595915e-01
 1.95583820e+00   5.03276553e-01
 1.95742580e+00   5.01960237e-01
 1.95901330e+00   5.00647127e-01
 1.96060080e+00   4.99337134e-01
 1.96218840e+00   4.98030170e-01
 1.96377590e+00   4.96726396e-01
 1.96536340e+00   4.95425722e-01
 1.96695090e+00   4.94128143e-01
 1.96853850e+00   4.92833572e-01
 1.97012600e+00   4.91542167e-01
 1.97171350e+00   4.90253840e-01
 1.97330110e+00   4.88968505e-01
 1.97488860e+00   4.87686319e-01
 1.97647610e+00   4.86407194e-01
 1.97806370e+00   4.85131045e-01
 1.97965120e+00   4.83858027e-01
 1.98123870e+00   4.82588054e-01
 1.98282630e+00   4.81321041e-01
 1.98441380e+00   4.80057141e-01
 1.98600130e+00   4.78796270e-01
 1.98758880e+00   4.77538421e-01
 1.98917640e+00   4.76283510e-01
 1.99076390e+00   4.75031689e-01
 1.99235140e+00   4.73782875e-01
 1.99393900e+00   4.72536983e-01
 1.99552650e+00   4.71294163e-01
 1.99711400e+00   4.70054333e-01
 1.99870160e+00   4.68817408e-01
 2.00028910e+00   4.67583540e-01
 2.00187660e+00   4.66352643e-01
 2.00346420e+00   4.65124637e-01
 2.00505170e+00   4.63899668e-01
 2.00663920e+00   4.62677656e-01
 2.00822680e+00   4.61458516e-01
 2.00981430e+00   4.60242398e-01
 2.01140180e+00   4.59029219e-01
 2.01298930e+00   4.57818972e-01
 2.01457690e+00   4.56611578e-01
 2.01616440e+00   4.55407182e-01
 2.01775190e+00   4.54205702e-01
 2.01933950e+00   4.53007057e-01
 2.02092700e+00   4.51811394e-01
 2.02251450e+00   4.50618630e-01
 2.02410210e+00   4.49428685e-01
 2.02568960e+00   4.48241705e-01
 2.02727710e+00   4.47057607e-01
 2.02886470e+00   4.45876312e-01
 2.03045220e+00   4.44697963e-01
 2.03203970e+00   4.43522481e-01
 2.03362720e+00   4.42349860e-01
 2.03521480e+00   4.41180020e-01
 2.03680230e+00   4.40013103e-01
 2.03838980e+00   4.38849030e-01
 2.03997740e+00   4.37687723e-01
 2.04156490e+00   4.36529322e-01
 2.04315240e+00   4.35373748e-01
 2.04474000e+00   4.34220923e-01
 2.04632750e+00   4.33070988e-01
 2.04791500e+00   4.31923863e-01
 2.04950260e+00   4.30779471e-01
 2.05109010e+00   4.29637951e-01
 2.05267760e+00   4.28499225e-01
 2.05426520e+00   4.27363216e-01
 2.05585270e+00   4.26230061e-01
 2.05744020e+00   4.25099684e-01
 2.05902770e+00   4.23972079e-01
 2.06061530e+00   4.22847170e-01
 2.06220280e+00   4.21725092e-01
 2.06379030e+00   4.20605769e-01
 2.06537790e+00   4.19489126e-01
 2.06696540e+00   4.18375298e-01
 2.06855290e+00   4.17264209e-01
 2.07014050e+00   4.16155783e-01
 2.07172800e+00   4.15050154e-01
 2.07331550e+00   4.13947248e-01
 2.07490310e+00   4.12846990e-01
 2.07649060e+00   4.11749512e-01
 2.07807810e+00   4.10654740e-01
 2.07966560e+00   4.09562668e-01
 2.08125320e+00   4.08473222e-01
 2.08284070e+00   4.07386535e-01
 2.08442820e+00   4.06302531e-01
 2.08601580e+00   4.05221137e-01
 2.08760330e+00   4.04142485e-01
 2.08919080e+00   4.03066500e-01
 2.09077840e+00   4.01993109e-01
 2.09236590e+00   4.00922443e-01
 2.09395340e+00   3.99854427e-01
 2.09554100e+00   3.98788990e-01
 2.09712850e+00   3.97726261e-01
 2.09871600e+00   3.96666166e-01
 2.10030360e+00   3.95608634e-01
 2.10189110e+00   3.94553792e-01
 2.10347860e+00   3.93501569e-01
 2.10506610e+00   3.92451959e-01
 2.10665370e+00   3.91404890e-01
 2.10824120e+00   3.90360490e-01
 2.10982870e+00   3.89318687e-01
 2.11141630e+00   3.88279409e-01
 2.11300380e+00   3.87242783e-01
 2.11459130e+00   3.86208737e-01
 2.11617890e+00   3.85177202e-01
 2.11776640e+00   3.84148301e-01
 2.11935390e+00   3.83121965e-01
 2.12094150e+00   3.82098123e-01
 2.12252900e+00   3.81076900e-01
 2.12411650e+00   3.80058225e-01
 2.12570400e+00   3.79042092e-01
 2.12729160e+00   3.78028434e-01
 2.12887910e+00   3.77017371e-01
 2.13046660e+00   3.76008836e-01
 2.13205420e+00   3.75002759e-01
 2.13364170e+00   3.73999261e-01
 2.13522920e+00   3.72998274e-01
 2.13681680e+00   3.71999730e-01
 2.13840430e+00   3.71003749e-01
 2.13999180e+00   3.70010263e-01
 2.14157940e+00   3.69019204e-01
 2.14316690e+00   3.68030692e-01
 2.14475440e+00   3.67044659e-01
 2.14634200e+00   3.66061038e-01
 2.14792950e+00   3.65079947e-01
 2.14951700e+00   3.64101319e-01
 2.15110450e+00   3.63125149e-01
 2.15269210e+00   3.62151371e-01
 2.15427960e+00   3.61180101e-01
 2.15586710e+00   3.60211273e-01
 2.15745470e+00   3.59244821e-01
 2.15904220e+00   3.58280862e-01
 2.16062970e+00   3.57319329e-01
 2.16221730e+00   3.56360157e-01
 2.16380480e+00   3.55403461e-01
 2.16539230e+00   3.54449176e-01
 2.16697990e+00   3.53497237e-01
 2.16856740e+00   3.52547757e-01
 2.17015490e+00   3.51600673e-01
 2.17174240e+00   3.50655979e-01
 2.17333000e+00   3.49713609e-01
 2.17491750e+00   3.48773679e-01
 2.17650500e+00   3.47836123e-01
 2.17809260e+00   3.46900877e-01
 2.17968010e+00   3.45968054e-01
 2.18126760e+00   3.45037590e-01
 2.18285520e+00   3.44109422e-01
 2.18444270e+00   3.43183660e-01
 2.18603020e+00   3.42260241e-01
 2.18761780e+00   3.41339103e-01
 2.18920530e+00   3.40420356e-01
 2.19079280e+00   3.39503937e-01
 2.19238040e+00   3.38589783e-01
 2.19396790e+00   3.37678004e-01
 2.19555540e+00   3.36768538e-01
 2.19714290e+00   3.35861380e-01
 2.19873050e+00   3.34956467e-01
 2.20031800e+00   3.34053909e-01
 2.20190550e+00   3.33153643e-01
 2.20349310e+00   3.32255608e-01
 2.20508060e+00   3.31359911e-01
 2.20666810e+00   3.30466491e-01
 2.20825570e+00   3.29575288e-01
 2.20984320e+00   3.28686408e-01
 2.21143070e+00   3.27799789e-01
 2.21301830e+00   3.26915372e-01
 2.21460580e+00   3.26033263e-01
 2.21619330e+00   3.25153401e-01
 2.21778080e+00   3.24275780e-01
 2.21936840e+00   3.23400341e-01
 2.22095590e+00   3.22527190e-01
 2.22254340e+00   3.21656265e-01
 2.22413100e+00   3.20787508e-01
 2.22571850e+00   3.19921022e-01
 2.22730600e+00   3.19056749e-01
 2.22889360e+00   3.18194628e-01
 2.23048110e+00   3.17334764e-01
 2.23206860e+00   3.16477097e-01
 2.23365620e+00   3.15621568e-01
 2.23524370e+00   3.14768280e-01
 2.23683120e+00   3.13917175e-01
 2.23841880e+00   3.13068194e-01
 2.24000630e+00   3.12221439e-01
 2.24159380e+00   3.11376852e-01
 2.24318130e+00   3.10534427e-01
 2.24476890e+00   3.09694107e-01
 2.24635640e+00   3.08855994e-01
 2.24794390e+00   3.08020028e-01
 2.24953150e+00   3.07186153e-01
 2.25111900e+00   3.06354469e-01
 2.25270650e+00   3.05524919e-01
 2.25429410e+00   3.04697445e-01
 2.25588160e+00   3.03872147e-01
 2.25746910e+00   3.03048969e-01
 2.25905670e+00   3.02227853e-01
 2.26064420e+00   3.01408898e-01
 2.26223170e+00   3.00592047e-01
 2.26381920e+00   2.99777297e-01
 2.26540680e+00   2.98964590e-01
 2.26699430e+00   2.98154024e-01
 2.26858180e+00   2.97345545e-01
 2.27016940e+00   2.96539095e-01
 2.27175690e+00   2.95734771e-01
 2.27334440e+00   2.94932519e-01
 2.27493200e+00   2.94132283e-01
 2.27651950e+00   2.93334159e-01
 2.27810700e+00   2.92538092e-01
 2.27969460e+00   2.91744027e-01
 2.28128210e+00   2.90952060e-01
 2.28286960e+00   2.90162135e-01
 2.28445720e+00   2.89374199e-01
 2.28604470e+00   2.88588346e-01
 2.28763220e+00   2.87804522e-01
 2.28921970e+00   2.87022721e-01
 2.29080730e+00   2.86242891e-01
 2.29239480e+00   2.85465125e-01
 2.29398230e+00   2.84689369e-01
 2.29556990e+00   2.83915569e-01
 2.29715740e+00   2.83143819e-01
 2.29874490e+00   2.82374065e-01
 2.30033250e+00   2.81606254e-01
 2.30192000e+00   2.80840478e-01
 2.30350750e+00   2.80076685e-01
 2.30509510e+00   2.79314821e-01
 2.30668260e+00   2.78554978e-01
 2.30827010e+00   2.77797104e-01
 2.30985760e+00   2.77041193e-01
 2.31144520e+00   2.76287195e-01
 2.31303270e+00   2.75535198e-01
 2.31462020e+00   2.74785152e-01
 2.31620780e+00   2.74037004e-01
 2.31779530e+00   2.73290845e-01
 2.31938280e+00   2.72546622e-01
 2.32097040e+00   2.71804284e-01
 2.32255790e+00   2.71063921e-01
 2.32414540e+00   2.70325480e-01
 2.32573300e+00   2.69588912e-01
 2.32732050e+00   2.68854304e-01
 2.32890800e+00   2.68121605e-01
 2.33049560e+00   2.67390766e-01
 2.33208310e+00   2.66661873e-01
 2.33367060e+00   2.65934876e-01
 2.33525810e+00   2.65209771e-01
 2.33684570e+00   2.64486507e-01
 2.33843320e+00   2.63765172e-01
 2.34002070e+00   2.63045715e-01
 2.34160830e+00   2.62328086e-01
 2.34319580e+00   2.61612373e-01
 2.34478330e+00   2.60898524e-01
 2.34637090e+00   2.60186491e-01
 2.34795840e+00   2.59476359e-01
 2.34954590e+00   2.58768079e-01
 2.35113350e+00   2.58061603e-01
 2.35272100e+00   2.57357013e-01
 2.35430850e+00   2.56654263e-01
 2.35589600e+00   2.55953346e-01
 2.35748360e+00   2.55254216e-01
 2.35907110e+00   2.54556956e-01
 2.36065860e+00   2.53861516e-01
 2.36224620e+00   2.53167851e-01
 2.36383370e+00   2.52476041e-01
 2.36542120e+00   2.51786040e-01
 2.36700880e+00   2.51097800e-01
 2.36859630e+00   2.50411403e-01
 2.37018380e+00   2.49726802e-01
 2.37177140e+00   2.49043948e-01
 2.37335890e+00   2.48362925e-01
 2.37494640e+00   2.47683684e-01
 2.37653400e+00   2.47006180e-01
 2.37812150e+00   2.46330492e-01
 2.37970900e+00   2.45656574e-01
 2.38129650e+00   2.44984422e-01
 2.38288410e+00   2.44313989e-01
 2.38447160e+00   2.43645355e-01
 2.38605910e+00   2.42978475e-01
 2.38764670e+00   2.42313302e-01
 2.38923420e+00   2.41649915e-01
 2.39082170e+00   2.40988269e-01
 2.39240930e+00   2.40328318e-01
 2.39399680e+00   2.39670140e-01
 2.39558430e+00   2.39013691e-01
 2.39717190e+00   2.38358924e-01
 2.39875940e+00   2.37705918e-01
 2.40034690e+00   2.37054627e-01
 2.40193440e+00   2.36405048e-01
 2.40352200e+00   2.35757136e-01
 2.40510950e+00   2.35110968e-01
 2.40669700e+00   2.34466498e-01
 2.40828460e+00   2.33823683e-01
 2.40987210e+00   2.33182600e-01
 2.41145960e+00   2.32543204e-01
 2.41304720e+00   2.31905450e-01
 2.41463470e+00   2.31269415e-01
 2.41622220e+00   2.30635054e-01
 2.41780980e+00   2.30002325e-01
 2.41939730e+00   2.29371301e-01
 2.42098480e+00   2.28741941e-01
 2.42257240e+00   2.28114199e-01
 2.42415990e+00   2.27488151e-01
 2.42574740e+00   2.26863754e-01
 2.42733490e+00   2.26241003e-01
 2.42892250e+00   2.25619855e-01
 2.43051000e+00   2.25000385e-01
 2.43209750e+00   2.24382550e-01
 2.43368510e+00   2.23766306e-01
 2.43527260e+00   2.23151727e-01
 2.43686010e+00   2.22538771e-01
 2.43844770e+00   2.21927396e-01
 2.44003520e+00   2.21317673e-01
 2.44162270e+00   2.20709561e-01
 2.44321030e+00   2.20103018e-01
 2.44479780e+00   2.19498116e-01
 2.44638530e+00   2.18894813e-01
 2.44797280e+00   2.18293105e-01
 2.44956040e+00   2.17692951e-01
 2.45114790e+00   2.17094421e-01
 2.45273540e+00   2.16497475e-01
 2.45432300e+00   2.15902071e-01
 2.45591050e+00   2.15308280e-01
 2.45749800e+00   2.14716061e-01
 2.45908560e+00   2.14125373e-01
 2.46067310e+00   2.13536287e-01
 2.46226060e+00   2.12948760e-01
 2.46384820e+00   2.12362753e-01
 2.46543570e+00   2.11778336e-01
 2.46702320e+00   2.11195468e-01
 2.46861080e+00   2.10614108e-01
 2.47019830e+00   2.10034326e-01
 2.47178580e+00   2.09456081e-01
 2.47337330e+00   2.08879370e-01
 2.47496090e+00   2.08304153e-01
 2.47654840e+00   2.07730498e-01
 2.47813590e+00   2.07158365e-01
 2.47972350e+00   2.06587716e-01
 2.48131100e+00   2.06018617e-01
 2.48289850e+00   2.05451029e-01
 2.48448610e+00   2.04884913e-01
 2.48607360e+00   2.04320337e-01
 2.48766110e+00   2.03757260e-01
 2.48924870e+00   2.03195644e-01
 2.49083620e+00   2.02635557e-01
 2.49242370e+00   2.02076958e-01
 2.49401120e+00   2.01519845e-01
 2.49559880e+00   2.00964178e-01
 2.49718630e+00   2.00410024e-01
 2.49877380e+00   1.99857344e-01
 2.50036140e+00   1.99306100e-01
 2.50194890e+00   1.98756358e-01
 2.50353640e+00   1.98208079e-01
 2.50512400e+00   1.97661226e-01
 2.50671150e+00   1.97115863e-01
 2.50829900e+00   1.96571952e-01
 2.50988660e+00   1.96029456e-01
 2.51147410e+00   1.95488440e-01
 2.51306160e+00   1.94948865e-01
 2.51464920e+00   1.94410695e-01
 2.51623670e+00   1.93873993e-01
 2.51782420e+00   1.93338721e-01
 2.51941170e+00   1.92804877e-01
 2.52099930e+00   1.92272424e-01
 2.52258680e+00   1.91741424e-01
 2.52417430e+00   1.91211841e-01
 2.52576190e+00   1.90683638e-01
 2.52734940e+00   1.90156878e-01
 2.52893690e+00   1.89631524e-01
 2.53052450e+00   1.89107540e-01
 2.53211200e+00   1.88584988e-01
 2.53369950e+00   1.88063831e-01
 2.53528710e+00   1.87544034e-01
 2.53687460e+00   1.87025659e-01
 2.53846210e+00   1.86508669e-01
 2.54004960e+00   1.85993060e-01
 2.54163720e+00   1.85478798e-01
 2.54322470e+00   1.84965942e-01
 2.54481220e+00   1.84454459e-01
 2.54639980e+00   1.83944311e-01
 2.54798730e+00   1.83435559e-01
 2.54957480e+00   1.82928169e-01
 2.55116240e+00   1.82422105e-01
 2.55274990e+00   1.81917427e-01
 2.55433740e+00   1.81414100e-01
 2.55592500e+00   1.80912088e-01
 2.55751250e+00   1.80411453e-01
 2.55910000e+00   1.79912158e-01
 2.56068760e+00   1.79414170e-01
 2.56227510e+00   1.78917547e-01
 2.56386260e+00   1.78422254e-01
 2.56545010e+00   1.77928289e-01
 2.56703770e+00   1.77435617e-01
 2.56862520e+00   1.76944297e-01
 2.57021270e+00   1.76454294e-01
 2.57180030e+00   1.75965574e-01
 2.57338780e+00   1.75478196e-01
 2.57497530e+00   1.74992125e-01
 2.57656290e+00   1.74507328e-01
 2.57815040e+00   1.74023862e-01
 2.57973790e+00   1.73541693e-01
 2.58132550e+00   1.73060789e-01
 2.58291300e+00   1.72581206e-01
 2.58450050e+00   1.72102911e-01
 2.58608800e+00   1.71625900e-01
 2.58767560e+00   1.71150141e-01
 2.58926310e+00   1.70675689e-01
 2.59085060e+00   1.70202513e-01
 2.59243820e+00   1.69730578e-01
 2.59402570e+00   1.69259941e-01
 2.59561320e+00   1.68790570e-01
 2.59720080e+00   1.68322431e-01
 2.59878830e+00   1.67855580e-01
 2.60037580e+00   1.67389984e-01
 2.60196340e+00   1.66925612e-01
 2.60355090e+00   1.66462518e-01
 2.60513840e+00   1.66000671e-01
 2.60672600e+00   1.65540037e-01
 2.60831350e+00   1.65080671e-01
 2.60990100e+00   1.64622543e-01
 2.61148850e+00   1.64165648e-01
 2.61307610e+00   1.63709954e-01
 2.61466360e+00   1.63255516e-01
 2.61625110e+00   1.62802302e-01
 2.61783870e+00   1.62350281e-01
 2.61942620e+00   1.61899506e-01
 2.62101370e+00   1.61449946e-01
 2.62260130e+00   1.61001569e-01
 2.62418880e+00   1.60554429e-01
 2.62577630e+00   1.60108494e-01
 2.62736390e+00   1.59663734e-01
 2.62895140e+00   1.59220201e-01
 2.63053890e+00   1.58777865e-01
 2.63212640e+00   1.58336722e-01
 2.63371400e+00   1.57896741e-01
 2.63530150e+00   1.57457975e-01
 2.63688900e+00   1.57020393e-01
 2.63847660e+00   1.56583964e-01
 2.64006410e+00   1.56148742e-01
 2.64165160e+00   1.55714694e-01
 2.64323920e+00   1.55281791e-01
 2.64482670e+00   1.54850085e-01
 2.64641420e+00   1.54419544e-01
 2.64800180e+00   1.53990140e-01
 2.64958930e+00   1.53561923e-01
 2.65117680e+00   1.53134863e-01
 2.65276440e+00   1.52708930e-01
 2.65435190e+00   1.52284176e-01
 2.65593940e+00   1.51860569e-01
 2.65752690e+00   1.51438108e-01
 2.65911450e+00   1.51016763e-01
 2.66070200e+00   1.50596584e-01
 2.66228950e+00   1.50177542e-01
 2.66387710e+00   1.49759607e-01
 2.66546460e+00   1.49342829e-01
 2.66705210e+00   1.48927178e-01
 2.66863970e+00   1.48512627e-01
 2.67022720e+00   1.48099224e-01
 2.67181470e+00   1.47686940e-01
 2.67340230e+00   1.47275746e-01
 2.67498980e+00   1.46865692e-01
 2.67657730e+00   1.46456748e-01
 2.67816480e+00   1.46048912e-01
 2.67975240e+00   1.45642155e-01
 2.68133990e+00   1.45236526e-01
 2.68292740e+00   1.44831996e-01
 2.68451500e+00   1.44428537e-01
 2.68610250e+00   1.44026196e-01
 2.68769000e+00   1.43624947e-01
 2.68927760e+00   1.43224760e-01
 2.69086510e+00   1.42825684e-01
 2.69245260e+00   1.42427690e-01
 2.69404020e+00   1.42030750e-01
 2.69562770e+00   1.41634912e-01
 2.69721520e+00   1.41240148e-01
 2.69880280e+00   1.40846431e-01
 2.70039030e+00   1.40453807e-01
 2.70197780e+00   1.40062248e-01
 2.70356530e+00   1.39671752e-01
 2.70515290e+00   1.39282292e-01
 2.70674040e+00   1.38893914e-01
 2.70832790e+00   1.38506590e-01
 2.70991550e+00   1.38120294e-01
 2.71150300e+00   1.37735072e-01
 2.71309050e+00   1.37350896e-01
 2.71467810e+00   1.36967740e-01
 2.71626560e+00   1.36585649e-01
 2.71785310e+00   1.36204597e-01
 2.71944070e+00   1.35824556e-01
 2.72102820e+00   1.35445573e-01
 2.72261570e+00   1.35067619e-01
 2.72420320e+00   1.34690694e-01
 2.72579080e+00   1.34314769e-01
 2.72737830e+00   1.33939891e-01
 2.72896580e+00   1.33566033e-01
 2.73055340e+00   1.33193168e-01
 2.73214090e+00   1.32821341e-01
 2.73372840e+00   1.32450526e-01
 2.73531600e+00   1.32080696e-01
 2.73690350e+00   1.31711897e-01
 2.73849100e+00   1.31344102e-01
 2.74007860e+00   1.30977284e-01
 2.74166610e+00   1.30611489e-01
 2.74325360e+00   1.30246690e-01
 2.74484120e+00   1.29882861e-01
 2.74642870e+00   1.29520047e-01
 2.74801620e+00   1.29158220e-01
 2.74960370e+00   1.28797380e-01
 2.75119130e+00   1.28437500e-01
 2.75277880e+00   1.28078623e-01
 2.75436630e+00   1.27720725e-01
 2.75595390e+00   1.27363780e-01
 2.75754140e+00   1.27007830e-01
 2.75912890e+00   1.26652851e-01
 2.76071650e+00   1.26298817e-01
 2.76230400e+00   1.25945771e-01
 2.76389150e+00   1.25593689e-01
 2.76547910e+00   1.25242544e-01
 2.76706660e+00   1.24892380e-01
 2.76865410e+00   1.24543171e-01
 2.77024160e+00   1.24194915e-01
 2.77182920e+00   1.23847587e-01
 2.77341670e+00   1.23501229e-01
 2.77500420e+00   1.23155817e-01
 2.77659180e+00   1.22811326e-01
 2.77817930e+00   1.22467798e-01
 2.77976680e+00   1.22125207e-01
 2.78135440e+00   1.21783531e-01
 2.78294190e+00   1.21442809e-01
 2.78452940e+00   1.21103018e-01
 2.78611700e+00   1.20764134e-01
 2.78770450e+00   1.20426198e-01
 2.78929200e+00   1.20089185e-01
 2.79087960e+00   1.19753071e-01
 2.79246710e+00   1.19417898e-01
 2.79405460e+00   1.19083641e-01
 2.79564210e+00   1.18750297e-01
 2.79722970e+00   1.18417844e-01
 2.79881720e+00   1.18086322e-01
 2.80040470e+00   1.17755705e-01
 2.80199230e+00   1.17425973e-01
 2.80357980e+00   1.17097163e-01
 2.80516730e+00   1.16769252e-01
 2.80675490e+00   1.16442219e-01
 2.80834240e+00   1.16116100e-01
 2.80992990e+00   1.15790874e-01
 2.81151750e+00   1.15466518e-01
 2.81310500e+00   1.15143070e-01
 2.81469250e+00   1.14820508e-01
 2.81628000e+00   1.14498829e-01
 2.81786760e+00   1.14178010e-01
 2.81945510e+00   1.13858090e-01
 2.82104260e+00   1.13539047e-01
 2.82263020e+00   1.13220857e-01
 2.82421770e+00   1.12903559e-01
 2.82580520e+00   1.12587130e-01
 2.82739280e+00   1.12271548e-01
 2.82898030e+00   1.11956851e-01
 2.83056780e+00   1.11643017e-01
 2.83215540e+00   1.11330023e-01
 2.83374290e+00   1.11017906e-01
 2.83533040e+00   1.10706646e-01
 2.83691800e+00   1.10396219e-01
 2.83850550e+00   1.10086663e-01
 2.84009300e+00   1.09777956e-01
 2.84168050e+00   1.09470095e-01
 2.84326810e+00   1.09163060e-01
 2.84485560e+00   1.08856886e-01
 2.84644310e+00   1.08551553e-01
 2.84803070e+00   1.08247038e-01
 2.84961820e+00   1.07943377e-01
 2.85120570e+00   1.07640550e-01
 2.85279330e+00   1.07338536e-01
 2.85438080e+00   1.07037369e-01
 2.85596830e+00   1.06737029e-01
 2.85755590e+00   1.06437495e-01
 2.85914340e+00   1.06138802e-01
 2.86073090e+00   1.05840930e-01
 2.86231840e+00   1.05543875e-01
 2.86390600e+00   1.05247618e-01
 2.86549350e+00   1.04952193e-01
 2.86708100e+00   1.04657580e-01
 2.86866860e+00   1.04363758e-01
 2.87025610e+00   1.04070762e-01
 2.87184360e+00   1.03778571e-01
 2.87343120e+00   1.03487164e-01
 2.87501870e+00   1.03196577e-01
 2.87660620e+00   1.02906789e-01
 2.87819380e+00   1.02617780e-01
 2.87978130e+00   1.02329583e-01
 2.88136880e+00   1.02042179e-01
 2.88295640e+00   1.01755547e-01
 2.88454390e+00   1.01469721e-01
 2.88613140e+00   1.01184682e-01
 2.88771890e+00   1.00900426e-01
 2.88930650e+00   1.00616935e-01
 2.89089400e+00   1.00334242e-01
 2.89248150e+00   1.00052327e-01
 2.89406910e+00   9.97711696e-02
 2.89565660e+00   9.94908040e-02
 2.89724410e+00   9.92112101e-02
 2.89883170e+00   9.89323683e-02
 2.90041920e+00   9.86543118e-02
 2.90200670e+00   9.83770209e-02
 2.90359430e+00   9.81004761e-02
 2.90518180e+00   9.78247103e-02
 2.90676930e+00   9.75497040e-02
 2.90835680e+00   9.72754552e-02
 2.90994440e+00   9.70019447e-02
 2.91153190e+00   9.67292049e-02
 2.91311940e+00   9.64572166e-02
 2.91470700e+00   9.61859607e-02
 2.91629450e+00   9.59154694e-02
 2.91788200e+00   9.56457236e-02
 2.91946960e+00   9.53767043e-02
 2.92105710e+00   9.51084436e-02
 2.92264460e+00   9.48409224e-02
 2.92423220e+00   9.45741220e-02
 2.92581970e+00   9.43080740e-02
 2.92740720e+00   9.40427598e-02
 2.92899480e+00   9.37781606e-02
 2.93058230e+00   9.35143078e-02
 2.93216980e+00   9.32511829e-02
 2.93375730e+00   9.29887838e-02
 2.93534490e+00   9.27270922e-02
 2.93693240e+00   9.24661391e-02
 2.93851990e+00   9.22059062e-02
 2.94010750e+00   9.19463750e-02
 2.94169500e+00   9.16875765e-02
 2.94328250e+00   9.14294923e-02
 2.94487010e+00   9.11721044e-02
 2.94645760e+00   9.09154432e-02
 2.94804510e+00   9.06594907e-02
 2.94963270e+00   9.04042289e-02
 2.95122020e+00   9.01496880e-02
 2.95280770e+00   8.98958501e-02
 2.95439520e+00   8.96427133e-02
 2.95598280e+00   8.93902599e-02
 2.95757030e+00   8.91385197e-02
 2.95915780e+00   8.88874750e-02
 2.96074540e+00   8.86371082e-02
 2.96233290e+00   8.83874490e-02
 2.96392040e+00   8.81384798e-02
 2.96550800e+00   8.78901830e-02
 2.96709550e+00   8.76425881e-02
 2.96868300e+00   8.73956776e-02
 2.97027060e+00   8.71494342e-02
 2.97185810e+00   8.69038871e-02
 2.97344560e+00   8.66590189e-02
 2.97503320e+00   8.64148125e-02
 2.97662070e+00   8.61712968e-02
 2.97820820e+00   8.59284546e-02
 2.97979570e+00   8.56862841e-02
 2.98138330e+00   8.54447683e-02
 2.98297080e+00   8.52039358e-02
 2.98455830e+00   8.49637697e-02
 2.98614590e+00   8.47242530e-02
 2.98773340e+00   8.44854141e-02
 2.98932090e+00   8.42472362e-02
 2.99090850e+00   8.40097026e-02
 2.99249600e+00   8.37728413e-02
 2.99408350e+00   8.35366358e-02
 2.99567110e+00   8.33010693e-02
 2.99725860e+00   8.30661698e-02
 2.99884610e+00   8.28319208e-02
 3.00043360e+00   8.25983204e-02
 3.00202120e+00   8.23653522e-02
 3.00360870e+00   8.21330440e-02
 3.00519620e+00   8.19013792e-02
 3.00678380e+00   8.16703415e-02
 3.00837130e+00   8.14399585e-02
 3.00995880e+00   8.12102137e-02
 3.01154640e+00   8.09810911e-02
 3.01313390e+00   8.07526177e-02
 3.01472140e+00   8.05247775e-02
 3.01630900e+00   8.02975545e-02
 3.01789650e+00   8.00709756e-02
 3.01948400e+00   7.98450247e-02
 3.02107160e+00   7.96196860e-02
 3.02265910e+00   7.93949862e-02
 3.02424660e+00   7.91709094e-02
 3.02583410e+00   7.89474539e-02
 3.02742170e+00   7.87246041e-02
 3.02900920e+00   7.85023863e-02
 3.03059670e+00   7.82807848e-02
 3.03218430e+00   7.80597841e-02
 3.03377180e+00   7.78394104e-02
 3.03535930e+00   7.76196480e-02
 3.03694690e+00   7.74004815e-02
 3.03853440e+00   7.71819370e-02
 3.04012190e+00   7.69639988e-02
 3.04170950e+00   7.67466518e-02
 3.04329700e+00   7.65299217e-02
 3.04488450e+00   7.63137931e-02
 3.04647200e+00   7.60982645e-02
 3.04805960e+00   7.58833206e-02
 3.04964710e+00   7.56689870e-02
 3.05123460e+00   7.54552485e-02
 3.05282220e+00   7.52420900e-02
 3.05440970e+00   7.50295369e-02
 3.05599720e+00   7.48175740e-02
 3.05758480e+00   7.46061866e-02
 3.05917230e+00   7.43953996e-02
 3.06075980e+00   7.41851981e-02
 3.06234740e+00   7.39755673e-02
 3.06393490e+00   7.37665322e-02
 3.06552240e+00   7.35580778e-02
 3.06711000e+00   7.33501896e-02
 3.06869750e+00   7.31428921e-02
 3.07028500e+00   7.29361708e-02
 3.07187250e+00   7.27300240e-02
 3.07346010e+00   7.25244372e-02
 3.07504760e+00   7.23194349e-02
 3.07663510e+00   7.21150024e-02
 3.07822270e+00   7.19111255e-02
 3.07981020e+00   7.17078282e-02
 3.08139770e+00   7.15050963e-02
 3.08298530e+00   7.13029154e-02
 3.08457280e+00   7.11013094e-02
 3.08616030e+00   7.09002642e-02
 3.08774790e+00   7.06997656e-02
 3.08933540e+00   7.04998373e-02
 3.09092290e+00   7.03004652e-02
 3.09251040e+00   7.01016477e-02
 3.09409800e+00   6.99033709e-02
 3.09568550e+00   6.97056584e-02
 3.09727300e+00   6.95084960e-02
 3.09886060e+00   6.93118699e-02
 3.10044810e+00   6.91158034e-02
 3.10203560e+00   6.89202826e-02
 3.10362320e+00   6.87252939e-02
 3.10521070e+00   6.85308601e-02
 3.10679820e+00   6.83369677e-02
 3.10838580e+00   6.81436030e-02
 3.10997330e+00   6.79507888e-02
 3.11156080e+00   6.77585115e-02
 3.11314840e+00   6.75667576e-02
 3.11473590e+00   6.73755498e-02
 3.11632340e+00   6.71848746e-02
 3.11791090e+00   6.69947305e-02
 3.11949850e+00   6.68051041e-02
 3.12108600e+00   6.66160179e-02
 3.12267350e+00   6.64274585e-02
 3.12426110e+00   6.62394126e-02
 3.12584860e+00   6.60519026e-02
 3.12743610e+00   6.58649150e-02
 3.12902370e+00   6.56784369e-02
 3.13061120e+00   6.54924902e-02
 3.13219870e+00   6.53070617e-02
 3.13378630e+00   6.51221385e-02
 3.13537380e+00   6.49377425e-02
 3.13696130e+00   6.47538605e-02
 3.13854880e+00   6.45704912e-02
 3.14013640e+00   6.43876216e-02
 3.14172390e+00   6.42052735e-02
 3.14331140e+00   6.40234339e-02
 3.14489900e+00   6.38420899e-02
 3.14648650e+00   6.36612632e-02
 3.14807400e+00   6.34809409e-02
 3.14966160e+00   6.33011102e-02
 3.15124910e+00   6.31217925e-02
 3.15283660e+00   6.29429750e-02
 3.15442420e+00   6.27646453e-02
 3.15601170e+00   6.25868243e-02
 3.15759920e+00   6.24094995e-02
 3.15918680e+00   6.22326585e-02
 3.16077430e+00   6.20563221e-02
 3.16236180e+00   6.18804778e-02
 3.16394930e+00   6.17051244e-02
 3.16553690e+00   6.15302495e-02
 3.16712440e+00   6.13558737e-02
 3.16871190e+00   6.11819847e-02
 3.17029950e+00   6.10085703e-02
 3.17188700e+00   6.08356511e-02
 3.17347450e+00   6.06632146e-02
 3.17506210e+00   6.04912489e-02
 3.17664960e+00   6.03197743e-02
 3.17823710e+00   6.01487786e-02
 3.17982470e+00   5.99782497e-02
 3.18141220e+00   5.98082079e-02
 3.18299970e+00   5.96386412e-02
 3.18458720e+00   5.94695481e-02
 3.18617480e+00   5.93009169e-02
 3.18776230e+00   5.91327674e-02
 3.18934980e+00   5.89650878e-02
 3.19093740e+00   5.87978662e-02
 3.19252490e+00   5.86311224e-02
 3.19411240e+00   5.84648447e-02
 3.19570000e+00   5.82990213e-02
 3.19728750e+00   5.81336718e-02
 3.19887500e+00   5.79687846e-02
 3.20046260e+00   5.78043479e-02
 3.20205010e+00   5.76403813e-02
 3.20363760e+00   5.74768732e-02
 3.20522510e+00   5.73138222e-02
 3.20681270e+00   5.71512169e-02
 3.20840020e+00   5.69890766e-02
 3.20998770e+00   5.68273897e-02
 3.21157530e+00   5.66661449e-02
 3.21316280e+00   5.65053613e-02
 3.21475030e+00   5.63450273e-02
 3.21633790e+00   5.61851319e-02
 3.21792540e+00   5.60256938e-02
 3.21951290e+00   5.58667018e-02
 3.22110050e+00   5.57081446e-02
 3.22268800e+00   5.55500411e-02
 3.22427550e+00   5.53923800e-02
 3.22586310e+00   5.52351502e-02
 3.22745060e+00   5.50783704e-02
 3.22903810e+00   5.49220293e-02
 3.23062560e+00   5.47661259e-02
 3.23221320e+00   5.46106490e-02
 3.23380070e+00   5.44556172e-02
 3.23538820e+00   5.43010194e-02
 3.23697580e+00   5.41468447e-02
 3.23856330e+00   5.39931114e-02
 3.24015080e+00   5.38398086e-02
 3.24173840e+00   5.36869254e-02
 3.24332590e+00   5.35344800e-02
 3.24491340e+00   5.33824615e-02
 3.24650100e+00   5.32308593e-02
 3.24808850e+00   5.30796912e-02
 3.24967600e+00   5.29289465e-02
 3.25126350e+00   5.27786242e-02
 3.25285110e+00   5.26287135e-02
 3.25443860e+00   5.24792322e-02
 3.25602610e+00   5.23301698e-02
 3.25761370e+00   5.21815157e-02
 3.25920120e+00   5.20332875e-02
 3.26078870e+00   5.18854747e-02
 3.26237630e+00   5.17380669e-02
 3.26396380e+00   5.15910814e-02
 3.26555130e+00   5.14445080e-02
 3.26713890e+00   5.12983362e-02
 3.26872640e+00   5.11525833e-02
 3.27031390e+00   5.10072391e-02
 3.27190150e+00   5.08622932e-02
 3.27348900e+00   5.07177628e-02
 3.27507650e+00   5.05736376e-02
 3.27666400e+00   5.04299166e-02
 3.27825160e+00   5.02865896e-02
 3.27983910e+00   5.01436736e-02
 3.28142660e+00   5.00011583e-02
 3.28301420e+00   4.98590339e-02
 3.28460170e+00   4.97173170e-02
 3.28618920e+00   4.95759977e-02
 3.28777680e+00   4.94350659e-02
 3.28936430e+00   4.92945384e-02
 3.29095180e+00   4.91544051e-02
 3.29253940e+00   4.90146562e-02
 3.29412690e+00   4.88753082e-02
 3.29571440e+00   4.87363512e-02
 3.29730190e+00   4.85977842e-02
 3.29888950e+00   4.84595973e-02
 3.30047700e+00   4.83218070e-02
 3.30206450e+00   4.81844034e-02
 3.30365210e+00   4.80473769e-02
 3.30523960e+00   4.79107436e-02
 3.30682710e+00   4.77744939e-02
 3.30841470e+00   4.76386182e-02
 3.31000220e+00   4.75031324e-02
 3.31158970e+00   4.73680271e-02
 3.31317730e+00   4.72332927e-02
 3.31476480e+00   4.70989450e-02
 3.31635230e+00   4.69649747e-02
 3.31793990e+00   4.68313722e-02
 3.31952740e+00   4.66981533e-02
 3.32111490e+00   4.65653085e-02
 3.32270240e+00   4.64328369e-02
 3.32429000e+00   4.63007292e-02
 3.32587750e+00   4.61690008e-02
 3.32746500e+00   4.60376425e-02
 3.32905260e+00   4.59066450e-02
 3.33064010e+00   4.57760238e-02
 3.33222760e+00   4.56457696e-02
 3.33381520e+00   4.55158733e-02
 3.33540270e+00   4.53863501e-02
 3.33699020e+00   4.52571910e-02
 3.33857780e+00   4.51283867e-02
 3.34016530e+00   4.49999526e-02
 3.34175280e+00   4.48718794e-02
 3.34334030e+00   4.47441663e-02
 3.34492790e+00   4.46168041e-02
 3.34651540e+00   4.44898080e-02
 3.34810290e+00   4.43631690e-02
 3.34969050e+00   4.42368780e-02
 3.35127800e+00   4.41109501e-02
 3.35286550e+00   4.39853763e-02
 3.35445310e+00   4.38601477e-02
 3.35604060e+00   4.37352791e-02
 3.35762810e+00   4.36107617e-02
 3.35921570e+00   4.34865867e-02
 3.36080320e+00   4.33627688e-02
 3.36239070e+00   4.32392991e-02
 3.36397830e+00   4.31161690e-02
 3.36556580e+00   4.29933930e-02
 3.36715330e+00   4.28709624e-02
 3.36874080e+00   4.27488763e-02
 3.37032840e+00   4.26271260e-02
 3.37191590e+00   4.25057259e-02
 3.37350340e+00   4.23846674e-02
 3.37509100e+00   4.22639420e-02
 3.37667850e+00   4.21435639e-02
 3.37826600e+00   4.20235246e-02
 3.37985360e+00   4.19038156e-02
 3.38144110e+00   4.17844511e-02
 3.38302860e+00   4.16654225e-02
 3.38461620e+00   4.15467215e-02
 3.38620370e+00   4.14283622e-02
 3.38779120e+00   4.13103360e-02
 3.38937870e+00   4.11926422e-02
 3.39096630e+00   4.10752723e-02
 3.39255380e+00   4.09582403e-02
 3.39414130e+00   4.08415378e-02
 3.39572890e+00   4.07251566e-02
 3.39731640e+00   4.06091105e-02
 3.39890390e+00   4.04933912e-02
 3.40049150e+00   4.03779905e-02
 3.40207900e+00   4.02629221e-02
 3.40366650e+00   4.01481779e-02
 3.40525410e+00   4.00337496e-02
 3.40684160e+00   3.99196509e-02
 3.40842910e+00   3.98058736e-02
 3.41001670e+00   3.96924097e-02
 3.41160420e+00   3.95792727e-02
 3.41319170e+00   3.94664544e-02
 3.41477920e+00   3.93539540e-02
 3.41636680e+00   3.92417635e-02
 3.41795430e+00   3.91298963e-02
 3.41954180e+00   3.90183443e-02
 3.42112940e+00   3.89070997e-02
 3.42271690e+00   3.87961756e-02
 3.42430440e+00   3.86855642e-02
 3.42589200e+00   3.85752576e-02
 3.42747950e+00   3.84652689e-02
 3.42906700e+00   3.83555902e-02
 3.43065460e+00   3.82462139e-02
 3.43224210e+00   3.81371528e-02
 3.43382960e+00   3.80283992e-02
 3.43541710e+00   3.79199522e-02
 3.43700470e+00   3.78118042e-02
 3.43859220e+00   3.77039680e-02
 3.44017970e+00   3.75964359e-02
 3.44176730e+00   3.74892003e-02
 3.44335480e+00   3.73822738e-02
 3.44494230e+00   3.72756490e-02
 3.44652990e+00   3.71693181e-02
 3.44811740e+00   3.70632940e-02
 3.44970490e+00   3.69575688e-02
 3.45129250e+00   3.68515277e-02
 3.45288000e+00   3.67439978e-02
 3.45446750e+00   3.66349556e-02
 3.45605510e+00   3.65244095e-02
 3.45764260e+00   3.64123884e-02
 3.45923010e+00   3.62989007e-02
 3.46081760e+00   3.61839620e-02
 3.46240520e+00   3.60675803e-02
 3.46399270e+00   3.59497858e-02
 3.46558020e+00   3.58305869e-02
 3.46716780e+00   3.57099916e-02
 3.46875530e+00   3.55880310e-02
 3.47034280e+00   3.54647134e-02
 3.47193040e+00   3.53400468e-02
 3.47351790e+00   3.52140628e-02
 3.47510540e+00   3.50867699e-02
 3.47669300e+00   3.49581759e-02
 3.47828050e+00   3.48283133e-02
 3.47986800e+00   3.46971902e-02
 3.48145550e+00   3.45648231e-02
 3.48304310e+00   3.44312197e-02
 3.48463060e+00   3.42964133e-02
 3.48621810e+00   3.41604121e-02
 3.48780570e+00   3.40232239e-02
 3.48939320e+00   3.38848825e-02
 3.49098070e+00   3.37453960e-02
 3.49256830e+00   3.36047721e-02
 3.49415580e+00   3.34630451e-02
 3.49574330e+00   3.33202232e-02
 3.49733090e+00   3.31763138e-02
 3.49891840e+00   3.30313519e-02
 3.50050590e+00   3.28853454e-02
 3.50209350e+00   3.27383018e-02
 3.50368100e+00   3.25902565e-02
 3.50526850e+00   3.24412173e-02
 3.50685600e+00   3.22912011e-02
 3.50844360e+00   3.21402152e-02
 3.51003110e+00   3.19882958e-02
 3.51161860e+00   3.18354503e-02
 3.51320620e+00   3.16816860e-02
 3.51479370e+00   3.15270395e-02
 3.51638120e+00   3.13715179e-02
 3.51796880e+00   3.12151286e-02
 3.51955630e+00   3.10579083e-02
 3.52114380e+00   3.08998643e-02
 3.52273140e+00   3.07410035e-02
 3.52431890e+00   3.05813632e-02
 3.52590640e+00   3.04209503e-02
 3.52749390e+00   3.02597821e-02
 3.52908150e+00   3.00978652e-02
 3.53066900e+00   2.99352373e-02
 3.53225650e+00   2.97719052e-02
 3.53384410e+00   2.96078756e-02
 3.53543160e+00   2.94431862e-02
 3.53701910e+00   2.92778438e-02
 3.53860670e+00   2.91118548e-02
 3.54019420e+00   2.89452573e-02
 3.54178170e+00   2.87780577e-02
 3.54336930e+00   2.86102625e-02
 3.54495680e+00   2.84419097e-02
 3.54654430e+00   2.82730057e-02
 3.54813190e+00   2.81035567e-02
 3.54971940e+00   2.79336009e-02
 3.55130690e+00   2.77631446e-02
 3.55289440e+00   2.75922045e-02
 3.55448200e+00   2.74207867e-02
 3.55606950e+00   2.72489294e-02
 3.55765700e+00   2.70766386e-02
 3.55924460e+00   2.69039201e-02
 3.56083210e+00   2.67308123e-02
 3.56241960e+00   2.65573209e-02
 3.56400720e+00   2.63834516e-02
 3.56559470e+00   2.62092427e-02
 3.56718220e+00   2.60346998e-02
 3.56876980e+00   2.58598283e-02
 3.57035730e+00   2.56846665e-02
 3.57194480e+00   2.55092200e-02
 3.57353230e+00   2.53335048e-02
 3.57511990e+00   2.51575262e-02
 3.57670740e+00   2.49813225e-02
 3.57829490e+00   2.48048987e-02
 3.57988250e+00   2.46282598e-02
 3.58147000e+00   2.44514441e-02
 3.58305750e+00   2.42744563e-02
 3.58464510e+00   2.40973013e-02
 3.58623260e+00   2.39200170e-02
 3.58782010e+00   2.37426082e-02
 3.58940770e+00   2.35650794e-02
 3.59099520e+00   2.33874685e-02
 3.59258270e+00   2.32097799e-02
 3.59417030e+00   2.30320180e-02
 3.59575780e+00   2.28542206e-02
 3.59734530e+00   2.26763917e-02
 3.59893280e+00   2.24985468e-02
 3.60052040e+00   2.23206897e-02
 3.60210790e+00   2.21428581e-02
 3.60369540e+00   2.19650557e-02
 3.60528300e+00   2.17872864e-02
 3.60687050e+00   2.16095875e-02
 3.60845800e+00   2.14319626e-02
 3.61004560e+00   2.12544151e-02
 3.61163310e+00   2.10769823e-02
 3.61322060e+00   2.08996673e-02
 3.61480820e+00   2.07224737e-02
 3.61639570e+00   2.05454380e-02
 3.61798320e+00   2.03685634e-02
 3.61957070e+00   2.01918642e-02
 3.62115830e+00   2.00153434e-02
 3.62274580e+00   1.98390373e-02
 3.62433330e+00   1.96629486e-02
 3.62592090e+00   1.94870802e-02
 3.62750840e+00   1.93114681e-02
 3.62909590e+00   1.91361147e-02
 3.63068350e+00   1.89610227e-02
 3.63227100e+00   1.87862276e-02
 3.63385850e+00   1.86117317e-02
 3.63544610e+00   1.84375374e-02
 3.63703360e+00   1.82636798e-02
 3.63862110e+00   1.80901611e-02
 3.64020870e+00   1.79169832e-02
 3.64179620e+00   1.77441810e-02
 3.64338370e+00   1.75717562e-02
 3.64497120e+00   1.73997216e-02
 3.64655880e+00   1.72280789e-02
 3.64814630e+00   1.70568623e-02
 3.64973380e+00   1.68860732e-02
 3.65132140e+00   1.67157133e-02
 3.65290890e+00   1.65458161e-02
 3.65449640e+00   1.63763830e-02
 3.65608400e+00   1.62074152e-02
 3.65767150e+00   1.60389459e-02
 3.65925900e+00   1.58709761e-02
 3.66084660e+00   1.57035069e-02
 3.66243410e+00   1.55365709e-02
 3.66402160e+00   1.53701689e-02
 3.66560910e+00   1.52043123e-02
 3.66719670e+00   1.50390017e-02
 3.66878420e+00   1.48742690e-02
 3.67037170e+00   1.47101148e-02
 3.67195930e+00   1.45465395e-02
 3.67354680e+00   1.43835745e-02
 3.67513430e+00   1.42212201e-02
 3.67672190e+00   1.40594765e-02
 3.67830940e+00   1.38983745e-02
 3.67989690e+00   1.37379141e-02
 3.68148450e+00   1.35780954e-02
 3.68307200e+00   1.34189485e-02
 3.68465950e+00   1.32604732e-02
 3.68624710e+00   1.31026693e-02
 3.68783460e+00   1.29455665e-02
 3.68942210e+00   1.27891641e-02
 3.69100960e+00   1.26334718e-02
 3.69259720e+00   1.24784888e-02
 3.69418470e+00   1.23242441e-02
 3.69577220e+00   1.21707368e-02
 3.69735980e+00   1.20179663e-02
 3.69894730e+00   1.18659605e-02
 3.70053480e+00   1.17147185e-02
 3.70212240e+00   1.15642395e-02
 3.70370990e+00   1.14145508e-02
 3.70529740e+00   1.12656512e-02
 3.70688500e+00   1.11175396e-02
 3.70847250e+00   1.09702427e-02
 3.71006000e+00   1.08237591e-02
 3.71164750e+00   1.06780966e-02
 3.71323510e+00   1.05332538e-02
 3.71482260e+00   1.03892565e-02
 3.71641010e+00   1.02461031e-02
 3.71799770e+00   1.01037918e-02
 3.71958520e+00   9.96234784e-03
 3.72117270e+00   9.82176927e-03
 3.72276030e+00   9.68205427e-03
 3.72434780e+00   9.54322726e-03
 3.72593530e+00   9.40528610e-03
 3.72752290e+00   9.26822875e-03
 3.72911040e+00   9.13207895e-03
 3.73069790e+00   8.99683433e-03
 3.73228550e+00   8.86249268e-03
 3.73387300e+00   8.72907698e-03
 3.73546050e+00   8.59658469e-03
 3.73704800e+00   8.46502163e-03
 3.73863560e+00   8.33438532e-03
 3.74022310e+00   8.20469777e-03
 3.74181060e+00   8.07595618e-03
 3.74339820e+00   7.94815786e-03
 3.74498570e+00   7.82132410e-03
 3.74657320e+00   7.69545192e-03
 3.74816080e+00   7.57053841e-03
 3.74974830e+00   7.44660416e-03
 3.75133580e+00   7.32364596e-03
 3.75292340e+00   7.20166076e-03
 3.75451090e+00   7.08066837e-03
 3.75609840e+00   6.96066541e-03
 3.75768590e+00   6.84165612e-03
 3.75927350e+00   6.72363717e-03
 3.76086100e+00   6.60662739e-03
 3.76244850e+00   6.49062319e-03
 3.76403610e+00   6.37562106e-03
 3.76562360e+00   6.26163910e-03
 3.76721110e+00   6.14867351e-03
 3.76879870e+00   6.03672065e-03
 3.77038620e+00   5.92579785e-03
 3.77197370e+00   5.81590115e-03
 3.77356130e+00   5.70702673e-03
 3.77514880e+00   5.59919118e-03
 3.77673630e+00   5.49239038e-03
 3.77832390e+00   5.38662034e-03
 3.77991140e+00   5.28189691e-03
 3.78149890e+00   5.17821580e-03
 3.78308640e+00   5.07557930e-03
 3.78467400e+00   4.97398321e-03
 3.78626150e+00   4.87344238e-03
 3.78784900e+00   4.77395233e-03
 3.78943660e+00   4.67550871e-03
 3.79102410e+00   4.57812562e-03
 3.79261160e+00   4.48179841e-03
 3.79419920e+00   4.38652261e-03
 3.79578670e+00   4.29231156e-03
 3.79737420e+00   4.19916049e-03
 3.79896180e+00   4.10706477e-03
 3.80054930e+00   4.01603700e-03
 3.80213680e+00   3.92607228e-03
 3.80372430e+00   3.83717139e-03
 3.80531190e+00   3.74932953e-03
 3.80689940e+00   3.66255834e-03
 3.80848690e+00   3.57685271e-03
 3.81007450e+00   3.49220770e-03
 3.81166200e+00   3.40863422e-03
 3.81324950e+00   3.32612705e-03
 3.81483710e+00   3.24468112e-03
 3.81642460e+00   3.16430661e-03
 3.81801210e+00   3.08499818e-03
 3.81959970e+00   3.00675064e-03
 3.82118720e+00   2.92957345e-03
 3.82277470e+00   2.85346116e-03
 3.82436230e+00   2.77840846e-03
 3.82594980e+00   2.70442410e-03
 3.82753730e+00   2.63150251e-03
 3.82912480e+00   2.55964278e-03
 3.83071240e+00   2.48883947e-03
 3.83229990e+00   2.41910038e-03
 3.83388740e+00   2.35041980e-03
 3.83547500e+00   2.28279220e-03
 3.83706250e+00   2.21622467e-03
 3.83865000e+00   2.15071141e-03
 3.84023760e+00   2.08624679e-03
 3.84182510e+00   2.02283722e-03
 3.84341260e+00   1.96047681e-03
 3.84500020e+00   1.89915982e-03
 3.84658770e+00   1.83889200e-03
 3.84817520e+00   1.77966736e-03
 3.84976270e+00   1.72148372e-03
 3.85135030e+00   1.66433524e-03
 3.85293780e+00   1.60822676e-03
 3.85452530e+00   1.55315219e-03
 3.85611290e+00   1.49910563e-03
 3.85770040e+00   1.44609123e-03
 3.85928790e+00   1.39410285e-03
 3.86087550e+00   1.34313450e-03
 3.86246300e+00   1.29318971e-03
 3.86405050e+00   1.24426223e-03
 3.86563810e+00   1.19634604e-03
 3.86722560e+00   1.14944400e-03
 3.86881310e+00   1.10354983e-03
 3.87040070e+00   1.05865742e-03
 3.87198820e+00   1.01476902e-03
 3.87357570e+00   9.71878284e-04
 3.87516320e+00   9.29981656e-04
 3.87675080e+00   8.89072946e-04
 3.87833830e+00   8.49153586e-04
 3.87992580e+00   8.10217167e-04
 3.88151340e+00   7.72257453e-04
 3.88310090e+00   7.35275273e-04
 3.88468840e+00   6.99264176e-04
 3.88627600e+00   6.64217883e-04
 3.88786350e+00   6.30136631e-04
 3.88945100e+00   5.97013933e-04
 3.89103860e+00   5.64843469e-04
 3.89262610e+00   5.33624901e-04
 3.89421360e+00   5.03351707e-04
 3.89580110e+00   4.74019355e-04
 3.89738870e+00   4.45621485e-04
 3.89897620e+00   4.18157003e-04
 3.90056370e+00   3.91619355e-04
 3.90215130e+00   3.66002156e-04
 3.90373880e+00   3.41303763e-04
 3.90532630e+00   3.17517604e-04
 3.90691390e+00   2.94637271e-04
 3.90850140e+00   2.72660588e-04
 3.91008890e+00   2.51580967e-04
 3.91167650e+00   2.31391984e-04
 3.91326400e+00   2.12090943e-04
 3.91485150e+00   1.93671246e-04
 3.91643910e+00   1.76126459e-04
 3.91802660e+00   1.59453378e-04
 3.91961410e+00   1.43645400e-04
 3.92120160e+00   1.28697001e-04
 3.92278920e+00   1.14601740e-04
 3.92437670e+00   1.01355759e-04
 3.92596420e+00   8.89524572e-05
 3.92755180e+00   7.73853950e-05
 3.92913930e+00   6.66502406e-05
 3.93072680e+00   5.67404007e-05
 3.93231440e+00   4.76494408e-05
 3.93390190e+00   3.93725701e-05
 3.93548940e+00   3.19032072e-05
 3.93707700e+00   2.52349279e-05
 3.93866450e+00   1.93624969e-05
 3.94025200e+00   1.42793498e-05
 3.94183950e+00   9.97932332e-06
 3.94342710e+00   6.45601401e-06
 3.94501460e+00   3.70361761e-06
 3.94660210e+00   1.71559902e-06
 3.94818970e+00   4.85575629e-07
 3.94977720e+00   7.33398771e-09
 3.95136470e+00   0.00000000e+00
 3.95295230e+00   0.00000000e+00
 3.95453980e+00   0.00000000e+00
 3.95612730e+00   0.00000000e+00
 3.95771490e+00   0.00000000e+00
 3.95930240e+00   0.00000000e+00
 3.96088990e+00   0.00000000e+00
 3.96247750e+00   0.00000000e+00
 3.96406500e+00   0.00000000e+00
 3.96565250e+00   0.00000000e+00
 3.96724000e+00   0.00000000e+00
 3.96882760e+00   0.00000000e+00
 3.97041510e+00   0.00000000e+00
 3.97200260e+00   0.00000000e+00
 3.97359020e+00   0.00000000e+00
 3.97517770e+00   0.00000000e+00
 3.97676520e+00   0.00000000e+00
 3.97835280e+00   0.00000000e+00
 3.97994030e+00   0.00000000e+00
 3.98152780e+00   0.00000000e+00
 3.98311540e+00   0.00000000e+00
 3.98470290e+00   0.00000000e+00
 3.98629040e+00   0.00000000e+00
 3.98787790e+00   0.00000000e+00
 3.98946550e+00   0.00000000e+00
 3.99105300e+00   0.00000000e+00
 3.99264050e+00   0.00000000e+00
 3.99422810e+00   0.00000000e+00
 3.99581560e+00   0.00000000e+00
 3.99740310e+00   0.00000000e+00
 3.99899070e+00   0.00000000e+00
 4.00057820e+00   0.00000000e+00
 4.00216570e+00   0.00000000e+00
 4.00375330e+00   0.00000000e+00
 4.00534080e+00   0.00000000e+00
 4.00692830e+00   0.00000000e+00
 4.00851590e+00   0.00000000e+00
 4.01010340e+00   0.00000000e+00
 4.01169090e+00   0.00000000e+00
 4.01327840e+00   0.00000000e+00
 4.01486600e+00   0.00000000e+00
 4.01645350e+00   0.00000000e+00
 4.01804100e+00   0.00000000e+00
 4.01962860e+00   0.00000000e+00
 4.02121610e+00   0.00000000e+00
 4.02280360e+00   0.00000000e+00
 4.02439120e+00   0.00000000e+00
 4.02597870e+00   0.00000000e+00
 4.02756620e+00   0.00000000e+00
 4.02915380e+00   0.00000000e+00
 4.03074130e+00   0.00000000e+00
 4.03232880e+00   0.00000000e+00
 4.03391630e+00   0.00000000e+00
 4.03550390e+00   0.00000000e+00
 4.03709140e+00   0.00000000e+00
 4.03867890e+00   0.00000000e+00
 4.04026650e+00   0.00000000e+00
 4.04185400e+00   0.00000000e+00
 4.04344150e+00   0.00000000e+00
 4.04502910e+00   0.00000000e+00
 4.04661660e+00   0.00000000e+00
 4.04820410e+00   0.00000000e+00
 4.04979170e+00   0.00000000e+00
 4.05137920e+00   0.00000000e+00
 4.05296670e+00   0.00000000e+00
 4.05455430e+00   0.00000000e+00
 4.05614180e+00   0.00000000e+00
 4.05772930e+00   0.00000000e+00
 4.05931680e+00   0.00000000e+00
 4.06090440e+00   0.00000000e+00
 4.06249190e+00   0.00000000e+00
 4.06407940e+00   0.00000000e+00
 4.06566700e+00   0.00000000e+00
 4.06725450e+00   0.00000000e+00
 4.06884200e+00   0.00000000e+00
 4.07042960e+00   0.00000000e+00
 4.07201710e+00   0.00000000e+00
 4.07360460e+00   0.00000000e+00
 4.07519220e+00   0.00000000e+00
 4.07677970e+00   0.00000000e+00
 4.07836720e+00   0.00000000e+00
 4.07995470e+00   0.00000000e+00
 4.08154230e+00   0.00000000e+00
 4.08312980e+00   0.00000000e+00
 4.08471730e+00   0.00000000e+00
 4.08630490e+00   0.00000000e+00
 4.08789240e+00   0.00000000e+00
 4.08947990e+00   0.00000000e+00
 4.09106750e+00   0.00000000e+00
 4.09265500e+00   0.00000000e+00
 4.09424250e+00   0.00000000e+00
 4.09583010e+00   0.00000000e+00
 4.09741760e+00   0.00000000e+00
 4.09900510e+00   0.00000000e+00
 4.10059270e+00   0.00000000e+00
 4.10218020e+00   0.00000000e+00
 4.10376770e+00   0.00000000e+00
 4.10535520e+00   0.00000000e+00
 4.10694280e+00   0.00000000e+00
 4.10853030e+00   0.00000000e+00
 4.11011780e+00   0.00000000e+00
 4.11170540e+00   0.00000000e+00
 4.11329290e+00   0.00000000e+00
 4.11488040e+00   0.00000000e+00
 4.11646800e+00   0.00000000e+00
 4.11805550e+00   0.00000000e+00
 4.11964300e+00   0.00000000e+00
 4.12123060e+00   0.00000000e+00
 4.12281810e+00   0.00000000e+00
 4.12440560e+00   0.00000000e+00
 4.12599310e+00   0.00000000e+00
 4.12758070e+00   0.00000000e+00
 4.12916820e+00   0.00000000e+00
 4.13075570e+00   0.00000000e+00
 4.13234330e+00   0.00000000e+00
 4.13393080e+00   0.00000000e+00
 4.13551830e+00   0.00000000e+00
 4.13710590e+00   0.00000000e+00
 4.13869340e+00   0.00000000e+00
 4.14028090e+00   0.00000000e+00
 4.14186850e+00   0.00000000e+00
 4.14345600e+00   0.00000000e+00
 4.14504350e+00   0.00000000e+00
 4.14663110e+00   0.00000000e+00
 4.14821860e+00   0.00000000e+00
 4.14980610e+00   0.00000000e+00
 4.15139360e+00   0.00000000e+00
 4.15298120e+00   0.00000000e+00
 4.15456870e+00   0.00000000e+00
 4.15615620e+00   0.00000000e+00
 4.15774380e+00   0.00000000e+00
 4.15933130e+00   0.00000000e+00
 4.16091880e+00   0.00000000e+00
 4.16250640e+00   0.00000000e+00
 4.16409390e+00   0.00000000e+00
 4.16568140e+00   0.00000000e+00
 4.16726900e+00   0.00000000e+00
 4.16885650e+00   0.00000000e+00
 4.17044400e+00   0.00000000e+00
 4.17203150e+00   0.00000000e+00
 4.17361910e+00   0.00000000e+00
 4.17520660e+00   0.00000000e+00
 4.17679410e+00   0.00000000e+00
 4.17838170e+00   0.00000000e+00
 4.17996920e+00   0.00000000e+00
 4.18155670e+00   0.00000000e+00
 4.18314430e+00   0.00000000e+00
 4.18473180e+00   0.00000000e+00
 4.18631930e+00   0.00000000e+00
 4.18790690e+00   0.00000000e+00
 4.18949440e+00   0.00000000e+00
 4.19108190e+00   0.00000000e+00
 4.19266950e+00   0.00000000e+00
 4.19425700e+00   0.00000000e+00
 4.19584450e+00   0.00000000e+00
 4.19743200e+00   0.00000000e+00
 4.19901960e+00   0.00000000e+00
 4.20060710e+00   0.00000000e+00
 4.20219460e+00   0.00000000e+00
 4.20378220e+00   0.00000000e+00
 4.20536970e+00   0.00000000e+00
 4.20695720e+00   0.00000000e+00
 4.20854480e+00   0.00000000e+00
 4.21013230e+00   0.00000000e+00
 4.21171980e+00   0.00000000e+00
 4.21330740e+00   0.00000000e+00
 4.21489490e+00   0.00000000e+00
 4.21648240e+00   0.00000000e+00
 4.21806990e+00   0.00000000e+00
 4.21965750e+00   0.00000000e+00
 4.22124500e+00   0.00000000e+00
 4.22283250e+00   0.00000000e+00
 4.22442010e+00   0.00000000e+00
 4.22600760e+00   0.00000000e+00
 4.22759510e+00   0.00000000e+00
 4.22918270e+00   0.00000000e+00
 4.23077020e+00   0.00000000e+00
 4.23235770e+00   0.00000000e+00
 4.23394530e+00   0.00000000e+00
 4.23553280e+00   0.00000000e+00
 4.23712030e+00   0.00000000e+00
 4.23870790e+00   0.00000000e+00
 4.24029540e+00   0.00000000e+00
 4.24188290e+00   0.00000000e+00
 4.24347040e+00   0.00000000e+00
 4.24505800e+00   0.00000000e+00
 4.24664550e+00   0.00000000e+00
 4.24823300e+00   0.00000000e+00
 4.24982060e+00   0.00000000e+00
 4.25140810e+00   0.00000000e+00
 4.25299560e+00   0.00000000e+00
 4.25458320e+00   0.00000000e+00
 4.25617070e+00   0.00000000e+00
 4.25775820e+00   0.00000000e+00
 4.25934580e+00   0.00000000e+00
 4.26093330e+00   0.00000000e+00
 4.26252080e+00   0.00000000e+00
 4.26410830e+00   0.00000000e+00
 4.26569590e+00   0.00000000e+00
 4.26728340e+00   0.00000000e+00
 4.26887090e+00   0.00000000e+00
 4.27045850e+00   0.00000000e+00
 4.27204600e+00   0.00000000e+00
 4.27363350e+00   0.00000000e+00
 4.27522110e+00   0.00000000e+00
 4.27680860e+00   0.00000000e+00
 4.27839610e+00   0.00000000e+00
 4.27998370e+00   0.00000000e+00
 4.28157120e+00   0.00000000e+00
 4.28315870e+00   0.00000000e+00
 4.28474630e+00   0.00000000e+00
 4.28633380e+00   0.00000000e+00
 4.28792130e+00   0.00000000e+00
 4.28950880e+00   0.00000000e+00
 4.29109640e+00   0.00000000e+00
 4.29268390e+00   0.00000000e+00
 4.29427140e+00   0.00000000e+00
 4.29585900e+00   0.00000000e+00
 4.29744650e+00   0.00000000e+00
 4.29903400e+00   0.00000000e+00
 4.30062160e+00   0.00000000e+00
 4.30220910e+00   0.00000000e+00
 4.30379660e+00   0.00000000e+00
 4.30538420e+00   0.00000000e+00
 4.30697170e+00   0.00000000e+00
 4.30855920e+00   0.00000000e+00
 4.31014670e+00   0.00000000e+00
 4.31173430e+00   0.00000000e+00
 4.31332180e+00   0.00000000e+00
 4.31490930e+00   0.00000000e+00
 4.31649690e+00   0.00000000e+00
 4.31808440e+00   0.00000000e+00
 4.31967190e+00   0.00000000e+00
 4.32125950e+00   0.00000000e+00
 4.32284700e+00   0.00000000e+00
 4.32443450e+00   0.00000000e+00
 4.32602210e+00   0.00000000e+00
 4.32760960e+00   0.00000000e+00
 4.32919710e+00   0.00000000e+00
 4.33078470e+00   0.00000000e+00
 4.33237220e+00   0.00000000e+00
 4.33395970e+00   0.00000000e+00
 4.33554720e+00   0.00000000e+00
 4.33713480e+00   0.00000000e+00
 4.33872230e+00   0.00000000e+00
 4.34030980e+00   0.00000000e+00
 4.34189740e+00   0.00000000e+00
 4.34348490e+00   0.00000000e+00
 4.34507240e+00   0.00000000e+00
 4.34666000e+00   0.00000000e+00
 4.34824750e+00   0.00000000e+00
 4.34983500e+00   0.00000000e+00
 4.35142260e+00   0.00000000e+00
 4.35301010e+00   0.00000000e+00
 4.35459760e+00   0.00000000e+00
 4.35618510e+00   0.00000000e+00
 4.35777270e+00   0.00000000e+00
 4.35936020e+00   0.00000000e+00
 4.36094770e+00   0.00000000e+00
 4.36253530e+00   0.00000000e+00
 4.36412280e+00   0.00000000e+00
 4.36571030e+00   0.00000000e+00
 4.36729790e+00   0.00000000e+00
 4.36888540e+00   0.00000000e+00
 4.37047290e+00   0.00000000e+00
 4.37206050e+00   0.00000000e+00
 4.37364800e+00   0.00000000e+00
 4.37523550e+00   0.00000000e+00
 4.37682310e+00   0.00000000e+00
 4.37841060e+00   0.00000000e+00
 4.37999810e+00   0.00000000e+00
 4.38158560e+00   0.00000000e+00
 4.38317320e+00   0.00000000e+00
 4.38476070e+00   0.00000000e+00
 4.38634820e+00   0.00000000e+00
 4.38793580e+00   0.00000000e+00
 4.38952330e+00   0.00000000e+00
 4.39111080e+00   0.00000000e+00
 4.39269840e+00   0.00000000e+00
 4.39428590e+00   0.00000000e+00
 4.39587340e+00   0.00000000e+00
 4.39746100e+00   0.00000000e+00
 4.39904850e+00   0.00000000e+00
 4.40063600e+00   0.00000000e+00
 4.40222350e+00   0.00000000e+00
 4.40381110e+00   0.00000000e+00
 4.40539860e+00   0.00000000e+00
 4.40698610e+00   0.00000000e+00
 4.40857370e+00   0.00000000e+00
 4.41016120e+00   0.00000000e+00
 4.41174870e+00   0.00000000e+00
 4.41333630e+00   0.00000000e+00
 4.41492380e+00   0.00000000e+00
 4.41651130e+00   0.00000000e+00
 4.41809890e+00   0.00000000e+00
 4.41968640e+00   0.00000000e+00
 4.42127390e+00   0.00000000e+00
 4.42286150e+00   0.00000000e+00
 4.42444900e+00   0.00000000e+00
 4.42603650e+00   0.00000000e+00
 4.42762400e+00   0.00000000e+00
 4.42921160e+00   0.00000000e+00
 4.43079910e+00   0.00000000e+00
 4.43238660e+00   0.00000000e+00
 4.43397420e+00   0.00000000e+00
 4.43556170e+00   0.00000000e+00
 4.43714920e+00   0.00000000e+00
 4.43873680e+00   0.00000000e+00
 4.44032430e+00   0.00000000e+00
 4.44191180e+00   0.00000000e+00
 4.44349940e+00   0.00000000e+00
 4.44508690e+00   0.00000000e+00
 4.44667440e+00   0.00000000e+00
 4.44826190e+00   0.00000000e+00
 4.44984950e+00   0.00000000e+00
 4.45143700e+00   0.00000000e+00
 4.45302450e+00   0.00000000e+00
 4.45461210e+00   0.00000000e+00
 4.45619960e+00   0.00000000e+00
 4.45778710e+00   0.00000000e+00
 4.45937470e+00   0.00000000e+00
 4.46096220e+00   0.00000000e+00
 4.46254970e+00   0.00000000e+00
 4.46413730e+00   0.00000000e+00
 4.46572480e+00   0.00000000e+00
 4.46731230e+00   0.00000000e+00
 4.46889980e+00   0.00000000e+00
 4.47048740e+00   0.00000000e+00
 4.47207490e+00   0.00000000e+00
 4.47366240e+00   0.00000000e+00
 4.47525000e+00   0.00000000e+00
 4.47683750e+00   0.00000000e+00
 4.47842500e+00   0.00000000e+00
 4.48001260e+00   0.00000000e+00
 4.48160010e+00   0.00000000e+00
 4.48318760e+00   0.00000000e+00
 4.48477520e+00   0.00000000e+00
 4.48636270e+00   0.00000000e+00
 4.48795020e+00   0.00000000e+00
 4.48953780e+00   0.00000000e+00
 4.49112530e+00   0.00000000e+00
 4.49271280e+00   0.00000000e+00
 4.49430030e+00   0.00000000e+00
 4.49588790e+00   0.00000000e+00
 4.49747540e+00   0.00000000e+00
 4.49906290e+00   0.00000000e+00
 4.50065050e+00   0.00000000e+00
 4.50223800e+00   0.00000000e+00
 4.50382550e+00   0.00000000e+00
 4.50541310e+00   0.00000000e+00
 4.50700060e+00   0.00000000e+00
 4.50858810e+00   0.00000000e+00
 4.51017570e+00   0.00000000e+00
 4.51176320e+00   0.00000000e+00
 4.51335070e+00   0.00000000e+00
 4.51493820e+00   0.00000000e+00
 4.51652580e+00   0.00000000e+00
 4.51811330e+00   0.00000000e+00
 4.51970080e+00   0.00000000e+00
 4.52128840e+00   0.00000000e+00
 4.52287590e+00   0.00000000e+00
 4.52446340e+00   0.00000000e+00
 4.52605100e+00   0.00000000e+00
 4.52763850e+00   0.00000000e+00
 4.52922600e+00   0.00000000e+00
 4.53081360e+00   0.00000000e+00
 4.53240110e+00   0.00000000e+00
 4.53398860e+00   0.00000000e+00
 4.53557620e+00   0.00000000e+00
 4.53716370e+00   0.00000000e+00
 4.53875120e+00   0.00000000e+00
 4.54033870e+00   0.00000000e+00
 4.54192630e+00   0.00000000e+00
 4.54351380e+00   0.00000000e+00
 4.54510130e+00   0.00000000e+00
 4.54668890e+00   0.00000000e+00
 4.54827640e+00   0.00000000e+00
 4.54986390e+00   0.00000000e+00
 4.55145150e+00   0.00000000e+00
 4.55303900e+00   0.00000000e+00
 4.55462650e+00   0.00000000e+00
 4.55621410e+00   0.00000000e+00
 4.55780160e+00   0.00000000e+00
 4.55938910e+00   0.00000000e+00
 4.56097660e+00   0.00000000e+00
 4.56256420e+00   0.00000000e+00
 4.56415170e+00   0.00000000e+00
 4.56573920e+00   0.00000000e+00
 4.56732680e+00   0.00000000e+00
 4.56891430e+00   0.00000000e+00
 4.57050180e+00   0.00000000e+00
 4.57208940e+00   0.00000000e+00
 4.57367690e+00   0.00000000e+00
 4.57526440e+00   0.00000000e+00
 4.57685200e+00   0.00000000e+00
 4.57843950e+00   0.00000000e+00
 4.58002700e+00   0.00000000e+00
 4.58161460e+00   0.00000000e+00
 4.58320210e+00   0.00000000e+00
 4.58478960e+00   0.00000000e+00
 4.58637710e+00   0.00000000e+00
 4.58796470e+00   0.00000000e+00
 4.58955220e+00   0.00000000e+00
 4.59113970e+00   0.00000000e+00
 4.59272730e+00   0.00000000e+00
 4.59431480e+00   0.00000000e+00
 4.59590230e+00   0.00000000e+00
 4.59748990e+00   0.00000000e+00
 4.59907740e+00   0.00000000e+00
 4.60066490e+00   0.00000000e+00
 4.60225250e+00   0.00000000e+00
 4.60384000e+00   0.00000000e+00
 4.60542750e+00   0.00000000e+00
 4.60701500e+00   0.00000000e+00
 4.60860260e+00   0.00000000e+00
 4.61019010e+00   0.00000000e+00
 4.61177760e+00   0.00000000e+00
 4.61336520e+00   0.00000000e+00
 4.61495270e+00   0.00000000e+00
 4.61654020e+00   0.00000000e+00
 4.61812780e+00   0.00000000e+00
 4.61971530e+00   0.00000000e+00
 4.62130280e+00   0.00000000e+00
 4.62289040e+00   0.00000000e+00
 4.62447790e+00   0.00000000e+00
 4.62606540e+00   0.00000000e+00
 4.62765300e+00   0.00000000e+00
 4.62924050e+00   0.00000000e+00
 4.63082800e+00   0.00000000e+00
 4.63241550e+00   0.00000000e+00
 4.63400310e+00   0.00000000e+00
 4.63559060e+00   0.00000000e+00
 4.63717810e+00   0.00000000e+00
 4.63876570e+00   0.00000000e+00
 4.64035320e+00   0.00000000e+00
 4.64194070e+00   0.00000000e+00
 4.64352830e+00   0.00000000e+00
 4.64511580e+00   0.00000000e+00
 4.64670330e+00   0.00000000e+00
 4.64829090e+00   0.00000000e+00
 4.64987840e+00   0.00000000e+00
 4.65146590e+00   0.00000000e+00
 4.65305340e+00   0.00000000e+00
 4.65464100e+00   0.00000000e+00
 4.65622850e+00   0.00000000e+00
 4.65781600e+00   0.00000000e+00
 4.65940360e+00   0.00000000e+00
 4.66099110e+00   0.00000000e+00
 4.66257860e+00   0.00000000e+00
 4.66416620e+00   0.00000000e+00
 4.66575370e+00   0.00000000e+00
 4.66734120e+00   0.00000000e+00
 4.66892880e+00   0.00000000e+00
 4.67051630e+00   0.00000000e+00
 4.67210380e+00   0.00000000e+00
 4.67369140e+00   0.00000000e+00
 4.67527890e+00   0.00000000e+00
 4.67686640e+00   0.00000000e+00
 4.67845390e+00   0.00000000e+00
 4.68004150e+00   0.00000000e+00
 4.68162900e+00   0.00000000e+00
 4.68321650e+00   0.00000000e+00
 4.68480410e+00   0.00000000e+00
 4.68639160e+00   0.00000000e+00
 4.68797910e+00   0.00000000e+00
 4.68956670e+00   0.00000000e+00
 4.69115420e+00   0.00000000e+00
 4.69274170e+00   0.00000000e+00
 4.69432930e+00   0.00000000e+00
 4.69591680e+00   0.00000000e+00
 4.69750430e+00   0.00000000e+00
 4.69909180e+00   0.00000000e+00
 4.70067940e+00   0.00000000e+00
 4.70226690e+00   0.00000000e+00
 4.70385440e+00   0.00000000e+00
 4.70544200e+00   0.00000000e+00
 4.70702950e+00   0.00000000e+00
 4.70861700e+00   0.00000000e+00
 4.71020460e+00   0.00000000e+00
 4.71179210e+00   0.00000000e+00
 4.71337960e+00   0.00000000e+00
 4.71496720e+00   0.00000000e+00
 4.71655470e+00   0.00000000e+00
 4.71814220e+00   0.00000000e+00
 4.71972980e+00   0.00000000e+00
 4.72131730e+00   0.00000000e+00
 4.72290480e+00   0.00000000e+00
 4.72449230e+00   0.00000000e+00
 4.72607990e+00   0.00000000e+00
 4.72766740e+00   0.00000000e+00
 4.72925490e+00   0.00000000e+00
 4.73084250e+00   0.00000000e+00
 4.73243000e+00   0.00000000e+00
 4.73401750e+00   0.00000000e+00
 4.73560510e+00   0.00000000e+00
 4.73719260e+00   0.00000000e+00
 4.73878010e+00   0.00000000e+00
 4.74036770e+00   0.00000000e+00
 4.74195520e+00   0.00000000e+00
 4.74354270e+00   0.00000000e+00
 4.74513020e+00   0.00000000e+00
 4.74671780e+00   0.00000000e+00
 4.74830530e+00   0.00000000e+00
 4.74989280e+00   0.00000000e+00
 4.75148040e+00   0.00000000e+00
 4.75306790e+00   0.00000000e+00
 4.75465540e+00   0.00000000e+00
 4.75624300e+00   0.00000000e+00
 4.75783050e+00   0.00000000e+00
 4.75941800e+00   0.00000000e+00
 4.76100560e+00   0.00000000e+00
 4.76259310e+00   0.00000000e+00
 4.76418060e+00   0.00000000e+00
 4.76576820e+00   0.00000000e+00
 4.76735570e+00   0.00000000e+00
 4.76894320e+00   0.00000000e+00
 4.77053070e+00   0.00000000e+00
 4.77211830e+00   0.00000000e+00
 4.77370580e+00   0.00000000e+00
 4.77529330e+00   0.00000000e+00
 4.77688090e+00   0.00000000e+00
 4.77846840e+00   0.00000000e+00
 4.78005590e+00   0.00000000e+00
 4.78164350e+00   0.00000000e+00
 4.78323100e+00   0.00000000e+00
 4.78481850e+00   0.00000000e+00
 4.78640610e+00   0.00000000e+00
 4.78799360e+00   0.00000000e+00
 4.78958110e+00   0.00000000e+00
 4.79116860e+00   0.00000000e+00
 4.79275620e+00   0.00000000e+00
 4.79434370e+00   0.00000000e+00
 4.79593120e+00   0.00000000e+00
 4.79751880e+00   0.00000000e+00
 4.79910630e+00   0.00000000e+00
 4.80069380e+00   0.00000000e+00
 4.80228140e+00   0.00000000e+00
 4.80386890e+00   0.00000000e+00
 4.80545640e+00   0.00000000e+00
 4.80704400e+00   0.00000000e+00
 4.80863150e+00   0.00000000e+00
 4.81021900e+00   0.00000000e+00
 4.81180660e+00   0.00000000e+00
 4.81339410e+00   0.00000000e+00
 4.81498160e+00   0.00000000e+00
 4.81656910e+00   0.00000000e+00
 4.81815670e+00   0.00000000e+00
 4.81974420e+00   0.00000000e+00
 4.82133170e+00   0.00000000e+00
 4.82291930e+00   0.00000000e+00
 4.82450680e+00   0.00000000e+00
 4.82609430e+00   0.00000000e+00
 4.82768190e+00   0.00000000e+00
 4.82926940e+00   0.00000000e+00
 4.83085690e+00   0.00000000e+00
 4.83244450e+00   0.00000000e+00
 4.83403200e+00   0.00000000e+00
 4.83561950e+00   0.00000000e+00
 4.83720700e+00   0.00000000e+00
 4.83879460e+00   0.00000000e+00
 4.84038210e+00   0.00000000e+00
 4.84196960e+00   0.00000000e+00
 4.84355720e+00   0.00000000e+00
 4.84514470e+00   0.00000000e+00
 4.84673220e+00   0.00000000e+00
 4.84831980e+00   0.00000000e+00
 4.84990730e+00   0.00000000e+00
 4.85149480e+00   0.00000000e+00
 4.85308240e+00   0.00000000e+00
 4.85466990e+00   0.00000000e+00
 4.85625740e+00   0.00000000e+00
 4.85784500e+00   0.00000000e+00
 4.85943250e+00   0.00000000e+00
 4.86102000e+00   0.00000000e+00
 4.86260750e+00   0.00000000e+00
 4.86419510e+00   0.00000000e+00
 4.86578260e+00   0.00000000e+00
 4.86737010e+00   0.00000000e+00
 4.86895770e+00   0.00000000e+00
 4.87054520e+00   0.00000000e+00
 4.87213270e+00   0.00000000e+00
 4.87372030e+00   0.00000000e+00
 4.87530780e+00   0.00000000e+00
 4.87689530e+00   0.00000000e+00
 4.87848290e+00   0.00000000e+00
 4.88007040e+00   0.00000000e+00
 4.88165790e+00   0.00000000e+00
 4.88324540e+00   0.00000000e+00
 4.88483300e+00   0.00000000e+00
 4.88642050e+00   0.00000000e+00
 4.88800800e+00   0.00000000e+00
 4.88959560e+00   0.00000000e+00
 4.89118310e+00   0.00000000e+00
 4.89277060e+00   0.00000000e+00
 4.89435820e+00   0.00000000e+00
 4.89594570e+00   0.00000000e+00
 4.89753320e+00   0.00000000e+00
 4.89912080e+00   0.00000000e+00
 4.90070830e+00   0.00000000e+00
 4.90229580e+00   0.00000000e+00
 4.90388340e+00   0.00000000e+00
 4.90547090e+00   0.00000000e+00
 4.90705840e+00   0.00000000e+00
 4.90864590e+00   0.00000000e+00
 4.91023350e+00   0.00000000e+00
 4.91182100e+00   0.00000000e+00
 4.91340850e+00   0.00000000e+00
 4.91499610e+00   0.00000000e+00
 4.91658360e+00   0.00000000e+00
 4.91817110e+00   0.00000000e+00
 4.91975870e+00   0.00000000e+00
 4.92134620e+00   0.00000000e+00
 4.92293370e+00   0.00000000e+00
 4.92452130e+00   0.00000000e+00
 4.92610880e+00   0.00000000e+00
 4.92769630e+00   0.00000000e+00
 4.92928380e+00   0.00000000e+00
 4.93087140e+00   0.00000000e+00
 4.93245890e+00   0.00000000e+00
 4.93404640e+00   0.00000000e+00
 4.93563400e+00   0.00000000e+00
 4.93722150e+00   0.00000000e+00
 4.93880900e+00   0.00000000e+00
 4.94039660e+00   0.00000000e+00
 4.94198410e+00   0.00000000e+00
 4.94357160e+00   0.00000000e+00
 4.94515920e+00   0.00000000e+00
 4.94674670e+00   0.00000000e+00
 4.94833420e+00   0.00000000e+00
 4.94992180e+00   0.00000000e+00
 4.95150930e+00   0.00000000e+00
 4.95309680e+00   0.00000000e+00
 4.95468430e+00   0.00000000e+00
 4.95627190e+00   0.00000000e+00
 4.95785940e+00   0.00000000e+00
 4.95944690e+00   0.00000000e+00
 4.96103450e+00   0.00000000e+00
 4.96262200e+00   0.00000000e+00
 4.96420950e+00   0.00000000e+00
 4.96579710e+00   0.00000000e+00
 4.96738460e+00   0.00000000e+00
 4.96897210e+00   0.00000000e+00
 4.97055970e+00   0.00000000e+00
 4.97214720e+00   0.00000000e+00
 4.97373470e+00   0.00000000e+00
 4.97532220e+00   0.00000000e+00
 4.97690980e+00   0.00000000e+00
 4.97849730e+00   0.00000000e+00
 4.98008480e+00   0.00000000e+00
 4.98167240e+00   0.00000000e+00
 4.98325990e+00   0.00000000e+00
 4.98484740e+00   0.00000000e+00
 4.98643500e+00   0.00000000e+00
 4.98802250e+00   0.00000000e+00
 4.98961000e+00   0.00000000e+00
 4.99119760e+00   0.00000000e+00
 4.99278510e+00   0.00000000e+00
 4.99437260e+00   0.00000000e+00
 4.99596020e+00   0.00000000e+00
 4.99754770e+00   0.00000000e+00
 4.99913520e+00   0.00000000e+00
 5.00072270e+00   0.00000000e+00
 5.00231030e+00   0.00000000e+00
 5.00389780e+00   0.00000000e+00
 5.00548530e+00   0.00000000e+00
 5.00707290e+00   0.00000000e+00
 5.00866040e+00   0.00000000e+00
 5.01024790e+00   0.00000000e+00
 5.01183550e+00   0.00000000e+00
 5.01342300e+00   0.00000000e+00
 5.01501050e+00   0.00000000e+00
 5.01659810e+00   0.00000000e+00
 5.01818560e+00   0.00000000e+00
 5.01977310e+00   0.00000000e+00
 5.02136060e+00   0.00000000e+00
 5.02294820e+00   0.00000000e+00
 5.02453570e+00   0.00000000e+00
 5.02612320e+00   0.00000000e+00
 5.02771080e+00   0.00000000e+00
 5.02929830e+00   0.00000000e+00
 5.03088580e+00   0.00000000e+00
 5.03247340e+00   0.00000000e+00
 5.03406090e+00   0.00000000e+00
 5.03564840e+00   0.00000000e+00
 5.03723600e+00   0.00000000e+00
 5.03882350e+00   0.00000000e+00
 5.04041100e+00   0.00000000e+00
 5.04199860e+00   0.00000000e+00
 5.04358610e+00   0.00000000e+00
 5.04517360e+00   0.00000000e+00
 5.04676110e+00   0.00000000e+00
 5.04834870e+00   0.00000000e+00
 5.04993620e+00   0.00000000e+00
 5.05152370e+00   0.00000000e+00
 5.05311130e+00   0.00000000e+00
 5.05469880e+00   0.00000000e+00
 5.05628630e+00   0.00000000e+00
 5.05787390e+00   0.00000000e+00
 5.05946140e+00   0.00000000e+00
 5.06104890e+00   0.00000000e+00
 5.06263650e+00   0.00000000e+00
 5.06422400e+00   0.00000000e+00
 5.06581150e+00   0.00000000e+00
 5.06739900e+00   0.00000000e+00
 5.06898660e+00   0.00000000e+00
 5.07057410e+00   0.00000000e+00
 5.07216160e+00   0.00000000e+00
 5.07374920e+00   0.00000000e+00
 5.07533670e+00   0.00000000e+00
 5.07692420e+00   0.00000000e+00
 5.07851180e+00   0.00000000e+00
 5.08009930e+00   0.00000000e+00
 5.08168680e+00   0.00000000e+00
 5.08327440e+00   0.00000000e+00
 5.08486190e+00   0.00000000e+00
 5.08644940e+00   0.00000000e+00
 5.08803700e+00   0.00000000e+00
 5.08962450e+00   0.00000000e+00
 5.09121200e+00   0.00000000e+00
 5.09279950e+00   0.00000000e+00
 5.09438710e+00   0.00000000e+00
 5.09597460e+00   0.00000000e+00
 5.09756210e+00   0.00000000e+00
 5.09914970e+00   0.00000000e+00
 5.10073720e+00   0.00000000e+00
 5.10232470e+00   0.00000000e+00
 5.10391230e+00   0.00000000e+00
 5.10549980e+00   0.00000000e+00
 5.10708730e+00   0.00000000e+00
 5.10867490e+00   0.00000000e+00
 5.11026240e+00   0.00000000e+00
 5.11184990e+00   0.00000000e+00
 5.11343740e+00   0.00000000e+00
 5.11502500e+00   0.00000000e+00
 5.11661250e+00   0.00000000e+00
 5.11820000e+00   0.00000000e+00
 5.11978760e+00   0.00000000e+00
 5.12137510e+00   0.00000000e+00
 5.12296260e+00   0.00000000e+00
 5.12455020e+00   0.00000000e+00
 5.12613770e+00   0.00000000e+00
 5.12772520e+00   0.00000000e+00
 5.12931280e+00   0.00000000e+00
 5.13090030e+00   0.00000000e+00
 5.13248780e+00   0.00000000e+00
 5.13407540e+00   0.00000000e+00
 5.13566290e+00   0.00000000e+00
 5.13725040e+00   0.00000000e+00
 5.13883790e+00   0.00000000e+00
 5.14042550e+00   0.00000000e+00
 5.14201300e+00   0.00000000e+00
 5.14360050e+00   0.00000000e+00
 5.14518810e+00   0.00000000e+00
 5.14677560e+00   0.00000000e+00
 5.14836310e+00   0.00000000e+00
 5.14995070e+00   0.00000000e+00
 5.15153820e+00   0.00000000e+00
 5.15312570e+00   0.00000000e+00
 5.15471330e+00   0.00000000e+00
 5.15630080e+00   0.00000000e+00
 5.15788830e+00   0.00000000e+00
 5.15947580e+00   0.00000000e+00
 5.16106340e+00   0.00000000e+00
 5.16265090e+00   0.00000000e+00
 5.16423840e+00   0.00000000e+00
 5.16582600e+00   0.00000000e+00
 5.16741350e+00   0.00000000e+00
 5.16900100e+00   0.00000000e+00
 5.17058860e+00   0.00000000e+00
 5.17217610e+00   0.00000000e+00
 5.17376360e+00   0.00000000e+00
 5.17535120e+00   0.00000000e+00
 5.17693870e+00   0.00000000e+00
 5.17852620e+00   0.00000000e+00
 5.18011380e+00   0.00000000e+00
 5.18170130e+00   0.00000000e+00
 5.18328880e+00   0.00000000e+00
 5.18487630e+00   0.00000000e+00
 5.18646390e+00   0.00000000e+00
 5.18805140e+00   0.00000000e+00
 5.18963890e+00   0.00000000e+00
 5.19122650e+00   0.00000000e+00
 5.19281400e+00   0.00000000e+00
 5.19440150e+00   0.00000000e+00
 5.19598910e+00   0.00000000e+00
 5.19757660e+00   0.00000000e+00
 5.19916410e+00   0.00000000e+00
 5.20075170e+00   0.00000000e+00
 5.20233920e+00   0.00000000e+00
 5.20392670e+00   0.00000000e+00
 5.20551420e+00   0.00000000e+00
 5.20710180e+00   0.00000000e+00
 5.20868930e+00   0.00000000e+00
 5.21027680e+00   0.00000000e+00
 5.21186440e+00   0.00000000e+00
 5.21345190e+00   0.00000000e+00
 5.21503940e+00   0.00000000e+00
 5.21662700e+00   0.00000000e+00
 5.21821450e+00   0.00000000e+00
 5.21980200e+00   0.00000000e+00
 5.22138960e+00   0.00000000e+00
 5.22297710e+00   0.00000000e+00
 5.22456460e+00   0.00000000e+00
 5.22615220e+00   0.00000000e+00
 5.22773970e+00   0.00000000e+00
 5.22932720e+00   0.00000000e+00
 5.23091470e+00   0.00000000e+00
 5.23250230e+00   0.00000000e+00
 5.23408980e+00   0.00000000e+00
 5.23567730e+00   0.00000000e+00
 5.23726490e+00   0.00000000e+00
 5.23885240e+00   0.00000000e+00
 5.24043990e+00   0.00000000e+00
 5.24202750e+00   0.00000000e+00
 5.24361500e+00   0.00000000e+00
 5.24520250e+00   0.00000000e+00
 5.24679010e+00   0.00000000e+00
 5.24837760e+00   0.00000000e+00
 5.24996510e+00   0.00000000e+00
 5.25155260e+00   0.00000000e+00
 5.25314020e+00   0.00000000e+00
 5.25472770e+00   0.00000000e+00
 5.25631520e+00   0.00000000e+00
 5.25790280e+00   0.00000000e+00
 5.25949030e+00   0.00000000e+00
 5.26107780e+00   0.00000000e+00
 5.26266540e+00   0.00000000e+00
 5.26425290e+00   0.00000000e+00
 5.26584040e+00   0.00000000e+00
 5.26742800e+00   0.00000000e+00
 5.26901550e+00   0.00000000e+00
 5.27060300e+00   0.00000000e+00
 5.27219060e+00   0.00000000e+00
 5.27377810e+00   0.00000000e+00
 5.27536560e+00   0.00000000e+00
 5.27695310e+00   0.00000000e+00
 5.27854070e+00   0.00000000e+00
 5.28012820e+00   0.00000000e+00
 5.28171570e+00   0.00000000e+00
 5.28330330e+00   0.00000000e+00
 5.28489080e+00   0.00000000e+00
 5.28647830e+00   0.00000000e+00
 5.28806590e+00   0.00000000e+00
 5.28965340e+00   0.00000000e+00
 5.29124090e+00   0.00000000e+00
 5.29282850e+00   0.00000000e+00
 5.29441600e+00   0.00000000e+00
 5.29600350e+00   0.00000000e+00
 5.29759100e+00   0.00000000e+00
 5.29917860e+00   0.00000000e+00
 5.30076610e+00   0.00000000e+00
 5.30235360e+00   0.00000000e+00
 5.30394120e+00   0.00000000e+00
 5.30552870e+00   0.00000000e+00
 5.30711620e+00   0.00000000e+00
 5.30870380e+00   0.00000000e+00
 5.31029130e+00   0.00000000e+00
 5.31187880e+00   0.00000000e+00
 5.31346640e+00   0.00000000e+00
 5.31505390e+00   0.00000000e+00
 5.31664140e+00   0.00000000e+00
 5.31822900e+00   0.00000000e+00
 5.31981650e+00   0.00000000e+00
 5.32140400e+00   0.00000000e+00
 5.32299150e+00   0.00000000e+00
 5.32457910e+00   0.00000000e+00
 5.32616660e+00   0.00000000e+00
 5.32775410e+00   0.00000000e+00
 5.32934170e+00   0.00000000e+00
 5.33092920e+00   0.00000000e+00
 5.33251670e+00   0.00000000e+00
 5.33410430e+00   0.00000000e+00
 5.33569180e+00   0.00000000e+00
 5.33727930e+00   0.00000000e+00
 5.33886690e+00   0.00000000e+00
 5.34045440e+00   0.00000000e+00
 5.34204190e+00   0.00000000e+00
 5.34362940e+00   0.00000000e+00
 5.34521700e+00   0.00000000e+00
 5.34680450e+00   0.00000000e+00
 5.34839200e+00   0.00000000e+00
 5.34997960e+00   0.00000000e+00
 5.35156710e+00   0.00000000e+00
 5.35315460e+00   0.00000000e+00
 5.35474220e+00   0.00000000e+00
 5.35632970e+00   0.00000000e+00
 5.35791720e+00   0.00000000e+00
 5.35950480e+00   0.00000000e+00
 5.36109230e+00   0.00000000e+00
 5.36267980e+00   0.00000000e+00
 5.36426740e+00   0.00000000e+00
 5.36585490e+00   0.00000000e+00
 5.36744240e+00   0.00000000e+00
 5.36902990e+00   0.00000000e+00
 5.37061750e+00   0.00000000e+00
 5.37220500e+00   0.00000000e+00
 5.37379250e+00   0.00000000e+00
 5.37538010e+00   0.00000000e+00
 5.37696760e+00   0.00000000e+00
 5.37855510e+00   0.00000000e+00
 5.38014270e+00   0.00000000e+00
 5.38173020e+00   0.00000000e+00
 5.38331770e+00   0.00000000e+00
 5.38490530e+00   0.00000000e+00
 5.38649280e+00   0.00000000e+00
 5.38808030e+00   0.00000000e+00
 5.38966780e+00   0.00000000e+00
 5.39125540e+00   0.00000000e+00
 5.39284290e+00   0.00000000e+00
 5.39443040e+00   0.00000000e+00
 5.39601800e+00   0.00000000e+00
 5.39760550e+00   0.00000000e+00
 5.39919300e+00   0.00000000e+00
 5.40078060e+00   0.00000000e+00
 5.40236810e+00   0.00000000e+00
 5.40395560e+00   0.00000000e+00
 5.40554320e+00   0.00000000e+00
 5.40713070e+00   0.00000000e+00
 5.40871820e+00   0.00000000e+00
 5.41030580e+00   0.00000000e+00
 5.41189330e+00   0.00000000e+00
 5.41348080e+00   0.00000000e+00
 5.41506830e+00   0.00000000e+00
 5.41665590e+00   0.00000000e+00
 5.41824340e+00   0.00000000e+00
 5.41983090e+00   0.00000000e+00
 5.42141850e+00   0.00000000e+00
 5.42300600e+00   0.00000000e+00
 5.42459350e+00   0.00000000e+00
 5.42618110e+00   0.00000000e+00
 5.42776860e+00   0.00000000e+00
 5.42935610e+00   0.00000000e+00
 5.43094370e+00   0.00000000e+00
 5.43253120e+00   0.00000000e+00
 5.43411870e+00   0.00000000e+00
 5.43570620e+00   0.00000000e+00
 5.43729380e+00   0.00000000e+00
 5.43888130e+00   0.00000000e+00
 5.44046880e+00   0.00000000e+00
 5.44205640e+00   0.00000000e+00
 5.44364390e+00   0.00000000e+00
 5.44523140e+00   0.00000000e+00
 5.44681900e+00   0.00000000e+00
 5.44840650e+00   0.00000000e+00
 5.44999400e+00   0.00000000e+00
 5.45158160e+00   0.00000000e+00
 5.45316910e+00   0.00000000e+00
 5.45475660e+00   0.00000000e+00
 5.45634420e+00   0.00000000e+00
 5.45793170e+00   0.00000000e+00
 5.45951920e+00   0.00000000e+00
 5.46110670e+00   0.00000000e+00
 5.46269430e+00   0.00000000e+00
 5.46428180e+00   0.00000000e+00
 5.46586930e+00   0.00000000e+00
 5.46745690e+00   0.00000000e+00
 5.46904440e+00   0.00000000e+00
 5.47063190e+00   0.00000000e+00
 5.47221950e+00   0.00000000e+00
 5.47380700e+00   0.00000000e+00
 5.47539450e+00   0.00000000e+00
 5.47698210e+00   0.00000000e+00
 5.47856960e+00   0.00000000e+00
 5.48015710e+00   0.00000000e+00
 5.48174460e+00   0.00000000e+00
 5.48333220e+00   0.00000000e+00
 5.48491970e+00   0.00000000e+00
 5.48650720e+00   0.00000000e+00
 5.48809480e+00   0.00000000e+00
 5.48968230e+00   0.00000000e+00
 5.49126980e+00   0.00000000e+00
 5.49285740e+00   0.00000000e+00
 5.49444490e+00   0.00000000e+00
 5.49603240e+00   0.00000000e+00
 5.49762000e+00   0.00000000e+00
 5.49920750e+00   0.00000000e+00
 5.50079500e+00   0.00000000e+00
 5.50238260e+00   0.00000000e+00
 5.50397010e+00   0.00000000e+00
 5.50555760e+00   0.00000000e+00
 5.50714510e+00   0.00000000e+00
 5.50873270e+00   0.00000000e+00
 5.51032020e+00   0.00000000e+00
 5.51190770e+00   0.00000000e+00
 5.51349530e+00   0.00000000e+00
 5.51508280e+00   0.00000000e+00
 5.51667030e+00   0.00000000e+00
 5.51825790e+00   0.00000000e+00
 5.51984540e+00   0.00000000e+00
 5.52143290e+00   0.00000000e+00
 5.52302050e+00   0.00000000e+00
 5.52460800e+00   0.00000000e+00
 5.52619550e+00   0.00000000e+00
 5.52778300e+00   0.00000000e+00
 5.52937060e+00   0.00000000e+00
 5.53095810e+00   0.00000000e+00
 5.53254560e+00   0.00000000e+00
 5.53413320e+00   0.00000000e+00
 5.53572070e+00   0.00000000e+00
 5.53730820e+00   0.00000000e+00
 5.53889580e+00   0.00000000e+00
 5.54048330e+00   0.00000000e+00
 5.54207080e+00   0.00000000e+00
 5.54365840e+00   0.00000000e+00
 5.54524590e+00   0.00000000e+00
 5.54683340e+00   0.00000000e+00
 5.54842100e+00   0.00000000e+00
 5.55000850e+00   0.00000000e+00
 5.55159600e+00   0.00000000e+00
 5.55318350e+00   0.00000000e+00
 5.55477110e+00   0.00000000e+00
 5.55635860e+00   0.00000000e+00
 5.55794610e+00   0.00000000e+00
 5.55953370e+00   0.00000000e+00
 5.56112120e+00   0.00000000e+00
 5.56270870e+00   0.00000000e+00
 5.56429630e+00   0.00000000e+00
 5.56588380e+00   0.00000000e+00
 5.56747130e+00   0.00000000e+00
 5.56905890e+00   0.00000000e+00
 5.57064640e+00   0.00000000e+00
 5.57223390e+00   0.00000000e+00
 5.57382140e+00   0.00000000e+00
 5.57540900e+00   0.00000000e+00
 5.57699650e+00   0.00000000e+00
 5.57858400e+00   0.00000000e+00
 5.58017160e+00   0.00000000e+00
 5.58175910e+00   0.00000000e+00
 5.58334660e+00   0.00000000e+00
 5.58493420e+00   0.00000000e+00
 5.58652170e+00   0.00000000e+00
 5.58810920e+00   0.00000000e+00
 5.58969680e+00   0.00000000e+00
 5.59128430e+00   0.00000000e+00
 5.59287180e+00   0.00000000e+00
 5.59445940e+00   0.00000000e+00
 5.59604690e+00   0.00000000e+00
 5.59763440e+00   0.00000000e+00
 5.59922190e+00   0.00000000e+00
 5.60080950e+00   0.00000000e+00
 5.60239700e+00   0.00000000e+00
 5.60398450e+00   0.00000000e+00
 5.60557210e+00   0.00000000e+00
 5.60715960e+00   0.00000000e+00
 5.60874710e+00   0.00000000e+00
 5.61033470e+00   0.00000000e+00
 5.61192220e+00   0.00000000e+00
 5.61350970e+00   0.00000000e+00
 5.61509730e+00   0.00000000e+00
 5.61668480e+00   0.00000000e+00
 5.61827230e+00   0.00000000e+00
 5.61985980e+00   0.00000000e+00
 5.62144740e+00   0.00000000e+00
 5.62303490e+00   0.00000000e+00
 5.62462240e+00   0.00000000e+00
 5.62621000e+00   0.00000000e+00
 5.62779750e+00   0.00000000e+00
 5.62938500e+00   0.00000000e+00
 5.63097260e+00   0.00000000e+00
 5.63256010e+00   0.00000000e+00
 5.63414760e+00   0.00000000e+00
 5.63573520e+00   0.00000000e+00
 5.63732270e+00   0.00000000e+00
 5.63891020e+00   0.00000000e+00
 5.64049780e+00   0.00000000e+00
 5.64208530e+00   0.00000000e+00
 5.64367280e+00   0.00000000e+00
 5.64526030e+00   0.00000000e+00
 5.64684790e+00   0.00000000e+00
 5.64843540e+00   0.00000000e+00
 5.65002290e+00   0.00000000e+00
 5.65161050e+00   0.00000000e+00
 5.65319800e+00   0.00000000e+00
 5.65478550e+00   0.00000000e+00
 5.65637310e+00   0.00000000e+00
 5.65796060e+00   0.00000000e+00
 5.65954810e+00   0.00000000e+00
 5.66113570e+00   0.00000000e+00
 5.66272320e+00   0.00000000e+00
 5.66431070e+00   0.00000000e+00
 5.66589820e+00   0.00000000e+00
 5.66748580e+00   0.00000000e+00
 5.66907330e+00   0.00000000e+00
 5.67066080e+00   0.00000000e+00
 5.67224840e+00   0.00000000e+00
 5.67383590e+00   0.00000000e+00
 5.67542340e+00   0.00000000e+00
 5.67701100e+00   0.00000000e+00
 5.67859850e+00   0.00000000e+00
 5.68018600e+00   0.00000000e+00
 5.68177360e+00   0.00000000e+00
 5.68336110e+00   0.00000000e+00
 5.68494860e+00   0.00000000e+00
 5.68653620e+00   0.00000000e+00
 5.68812370e+00   0.00000000e+00
 5.68971120e+00   0.00000000e+00
 5.69129870e+00   0.00000000e+00
 5.69288630e+00   0.00000000e+00
 5.69447380e+00   0.00000000e+00
 5.69606130e+00   0.00000000e+00
 5.69764890e+00   0.00000000e+00
 5.69923640e+00   0.00000000e+00
 5.70082390e+00   0.00000000e+00
 5.70241150e+00   0.00000000e+00
 5.70399900e+00   0.00000000e+00
 5.70558650e+00   0.00000000e+00
 5.70717410e+00   0.00000000e+00
 5.70876160e+00   0.00000000e+00
 5.71034910e+00   0.00000000e+00
 5.71193660e+00   0.00000000e+00
 5.71352420e+00   0.00000000e+00
 5.71511170e+00   0.00000000e+00
 5.71669920e+00   0.00000000e+00
 5.71828680e+00   0.00000000e+00
 5.71987430e+00   0.00000000e+00
 5.72146180e+00   0.00000000e+00
 5.72304940e+00   0.00000000e+00
 5.72463690e+00   0.00000000e+00
 5.72622440e+00   0.00000000e+00
 5.72781200e+00   0.00000000e+00
 5.72939950e+00   0.00000000e+00
 5.73098700e+00   0.00000000e+00
 5.73257450e+00   0.00000000e+00
 5.73416210e+00   0.00000000e+00
 5.73574960e+00   0.00000000e+00
 5.73733710e+00   0.00000000e+00
 5.73892470e+00   0.00000000e+00
 5.74051220e+00   0.00000000e+00
 5.74209970e+00   0.00000000e+00
 5.74368730e+00   0.00000000e+00
 5.74527480e+00   0.00000000e+00
 5.74686230e+00   0.00000000e+00
 5.74844990e+00   0.00000000e+00
 5.75003740e+00   0.00000000e+00
 5.75162490e+00   0.00000000e+00
 5.75321250e+00   0.00000000e+00
 5.75480000e+00   0.00000000e+00
 5.75638750e+00   0.00000000e+00
 5.75797500e+00   0.00000000e+00
 5.75956260e+00   0.00000000e+00
 5.76115010e+00   0.00000000e+00
 5.76273760e+00   0.00000000e+00
 5.76432520e+00   0.00000000e+00
 5.76591270e+00   0.00000000e+00
 5.76750020e+00   0.00000000e+00
 5.76908780e+00   0.00000000e+00
 5.77067530e+00   0.00000000e+00
 5.77226280e+00   0.00000000e+00
 5.77385040e+00   0.00000000e+00
 5.77543790e+00   0.00000000e+00
 5.77702540e+00   0.00000000e+00
 5.77861290e+00   0.00000000e+00
 5.78020050e+00   0.00000000e+00
 5.78178800e+00   0.00000000e+00
 5.78337550e+00   0.00000000e+00
 5.78496310e+00   0.00000000e+00
 5.78655060e+00   0.00000000e+00
 5.78813810e+00   0.00000000e+00
 5.78972570e+00   0.00000000e+00
 5.79131320e+00   0.00000000e+00
 5.79290070e+00   0.00000000e+00
 5.79448830e+00   0.00000000e+00
 5.79607580e+00   0.00000000e+00
 5.79766330e+00   0.00000000e+00
 5.79925090e+00   0.00000000e+00
 5.80083840e+00   0.00000000e+00
 5.80242590e+00   0.00000000e+00
 5.80401340e+00   0.00000000e+00
 5.80560100e+00   0.00000000e+00
 5.80718850e+00   0.00000000e+00
 5.80877600e+00   0.00000000e+00
 5.81036360e+00   0.00000000e+00
 5.81195110e+00   0.00000000e+00
 5.81353860e+00   0.00000000e+00
 5.81512620e+00   0.00000000e+00
 5.81671370e+00   0.00000000e+00
 5.81830120e+00   0.00000000e+00
 5.81988880e+00   0.00000000e+00
 5.82147630e+00   0.00000000e+00
 5.82306380e+00   0.00000000e+00
 5.82465130e+00   0.00000000e+00
 5.82623890e+00   0.00000000e+00
 5.82782640e+00   0.00000000e+00
 5.82941390e+00   0.00000000e+00
 5.83100150e+00   0.00000000e+00
 5.83258900e+00   0.00000000e+00
 5.83417650e+00   0.00000000e+00
 5.83576410e+00   0.00000000e+00
 5.83735160e+00   0.00000000e+00
 5.83893910e+00   0.00000000e+00
 5.84052670e+00   0.00000000e+00
 5.84211420e+00   0.00000000e+00
 5.84370170e+00   0.00000000e+00
 5.84528930e+00   0.00000000e+00
 5.84687680e+00   0.00000000e+00
 5.84846430e+00   0.00000000e+00
 5.85005180e+00   0.00000000e+00
 5.85163940e+00   0.00000000e+00
 5.85322690e+00   0.00000000e+00
 5.85481440e+00   0.00000000e+00
 5.85640200e+00   0.00000000e+00
 5.85798950e+00   0.00000000e+00
 5.85957700e+00   0.00000000e+00
 5.86116460e+00   0.00000000e+00
 5.86275210e+00   0.00000000e+00
 5.86433960e+00   0.00000000e+00
 5.86592720e+00   0.00000000e+00
 5.86751470e+00   0.00000000e+00
 5.86910220e+00   0.00000000e+00
 5.87068970e+00   0.00000000e+00
 5.87227730e+00   0.00000000e+00
 5.87386480e+00   0.00000000e+00
 5.87545230e+00   0.00000000e+00
 5.87703990e+00   0.00000000e+00
 5.87862740e+00   0.00000000e+00
 5.88021490e+00   0.00000000e+00
 5.88180250e+00   0.00000000e+00
 5.88339000e+00   0.00000000e+00
 5.88497750e+00   0.00000000e+00
 5.88656510e+00   0.00000000e+00
 5.88815260e+00   0.00000000e+00
 5.88974010e+00   0.00000000e+00
 5.89132770e+00   0.00000000e+00
 5.89291520e+00   0.00000000e+00
 5.89450270e+00   0.00000000e+00
 5.89609020e+00   0.00000000e+00
 5.89767780e+00   0.00000000e+00
 5.89926530e+00   0.00000000e+00
 5.90085280e+00   0.00000000e+00
 5.90244040e+00   0.00000000e+00
 5.90402790e+00   0.00000000e+00
 5.90561540e+00   0.00000000e+00
 5.90720300e+00   0.00000000e+00
 5.90879050e+00   0.00000000e+00
 5.91037800e+00   0.00000000e+00
 5.91196560e+00   0.00000000e+00
 5.91355310e+00   0.00000000e+00
 5.91514060e+00   0.00000000e+00
 5.91672810e+00   0.00000000e+00
 5.91831570e+00   0.00000000e+00
 5.91990320e+00   0.00000000e+00
 5.92149070e+00   0.00000000e+00
 5.92307830e+00   0.00000000e+00
 5.92466580e+00   0.00000000e+00
 5.92625330e+00   0.00000000e+00
 5.92784090e+00   0.00000000e+00
 5.92942840e+00   0.00000000e+00
 5.93101590e+00   0.00000000e+00
 5.93260350e+00   0.00000000e+00
 5.93419100e+00   0.00000000e+00
 5.93577850e+00   0.00000000e+00
 5.93736610e+00   0.00000000e+00
 5.93895360e+00   0.00000000e+00
 5.94054110e+00   0.00000000e+00
 5.94212860e+00   0.00000000e+00
 5.94371620e+00   0.00000000e+00
 5.94530370e+00   0.00000000e+00
 5.94689120e+00   0.00000000e+00
 5.94847880e+00   0.00000000e+00
 5.95006630e+00   0.00000000e+00
 5.95165380e+00   0.00000000e+00
 5.95324140e+00   0.00000000e+00
 5.95482890e+00   0.00000000e+00
 5.95641640e+00   0.00000000e+00
 5.95800400e+00   0.00000000e+00
 5.95959150e+00   0.00000000e+00
 5.96117900e+00   0.00000000e+00
 5.96276650e+00   0.00000000e+00
 5.96435410e+00   0.00000000e+00
 5.96594160e+00   0.00000000e+00
 5.96752910e+00   0.00000000e+00
 5.96911670e+00   0.00000000e+00
 5.97070420e+00   0.00000000e+00
 5.97229170e+00   0.00000000e+00
 5.97387930e+00   0.00000000e+00
 5.97546680e+00   0.00000000e+00
 5.97705430e+00   0.00000000e+00
 5.97864190e+00   0.00000000e+00
 5.98022940e+00   0.00000000e+00
 5.98181690e+00   0.00000000e+00
 5.98340450e+00   0.00000000e+00
 5.98499200e+00   0.00000000e+00
 5.98657950e+00   0.00000000e+00
 5.98816700e+00   0.00000000e+00
 5.98975460e+00   0.00000000e+00
 5.99134210e+00   0.00000000e+00
 5.99292960e+00   0.00000000e+00
 5.99451720e+00   0.00000000e+00
 5.99610470e+00   0.00000000e+00
 5.99769220e+00   0.00000000e+00
 5.99927980e+00   0.00000000e+00
 6.00086730e+00   0.00000000e+00
 6.00245480e+00   0.00000000e+00
 6.00404240e+00   0.00000000e+00
 6.00562990e+00   0.00000000e+00
 6.00721740e+00   0.00000000e+00
 6.00880490e+00   0.00000000e+00
 6.01039250e+00   0.00000000e+00
 6.01198000e+00   0.00000000e+00
 6.01356750e+00   0.00000000e+00
 6.01515510e+00   0.00000000e+00
 6.01674260e+00   0.00000000e+00
 6.01833010e+00   0.00000000e+00
 6.01991770e+00   0.00000000e+00
 6.02150520e+00   0.00000000e+00
 6.02309270e+00   0.00000000e+00
 6.02468030e+00   0.00000000e+00
 6.02626780e+00   0.00000000e+00
 6.02785530e+00   0.00000000e+00
 6.02944290e+00   0.00000000e+00
 6.03103040e+00   0.00000000e+00
 6.03261790e+00   0.00000000e+00
 6.03420540e+00   0.00000000e+00
 6.03579300e+00   0.00000000e+00
 6.03738050e+00   0.00000000e+00
 6.03896800e+00   0.00000000e+00
 6.04055560e+00   0.00000000e+00
 6.04214310e+00   0.00000000e+00
 6.04373060e+00   0.00000000e+00
 6.04531820e+00   0.00000000e+00
 6.04690570e+00   0.00000000e+00
 6.04849320e+00   0.00000000e+00
 6.05008080e+00   0.00000000e+00
 6.05166830e+00   0.00000000e+00
 6.05325580e+00   0.00000000e+00
 6.05484330e+00   0.00000000e+00
 6.05643090e+00   0.00000000e+00
 6.05801840e+00   0.00000000e+00
 6.05960590e+00   0.00000000e+00
 6.06119350e+00   0.00000000e+00
 6.06278100e+00   0.00000000e+00
 6.06436850e+00   0.00000000e+00
 6.06595610e+00   0.00000000e+00
 6.06754360e+00   0.00000000e+00
 6.06913110e+00   0.00000000e+00
 6.07071870e+00   0.00000000e+00
 6.07230620e+00   0.00000000e+00
 6.07389370e+00   0.00000000e+00
 6.07548130e+00   0.00000000e+00
 6.07706880e+00   0.00000000e+00
 6.07865630e+00   0.00000000e+00
 6.08024380e+00   0.00000000e+00
 6.08183140e+00   0.00000000e+00
 6.08341890e+00   0.00000000e+00
 6.08500640e+00   0.00000000e+00
 6.08659400e+00   0.00000000e+00
 6.08818150e+00   0.00000000e+00
 6.08976900e+00   0.00000000e+00
 6.09135660e+00   0.00000000e+00
 6.09294410e+00   0.00000000e+00
 6.09453160e+00   0.00000000e+00
 6.09611920e+00   0.00000000e+00
 6.09770670e+00   0.00000000e+00
 6.09929420e+00   0.00000000e+00
 6.10088170e+00   0.00000000e+00
 6.10246930e+00   0.00000000e+00
 6.10405680e+00   0.00000000e+00
 6.10564430e+00   0.00000000e+00
 6.10723190e+00   0.00000000e+00
 6.10881940e+00   0.00000000e+00
 6.11040690e+00   0.00000000e+00
 6.11199450e+00   0.00000000e+00
 6.11358200e+00   0.00000000e+00
 6.11516950e+00   0.00000000e+00
 6.11675710e+00   0.00000000e+00
 6.11834460e+00   0.00000000e+00
 6.11993210e+00   0.00000000e+00
 6.12151970e+00   0.00000000e+00
 6.12310720e+00   0.00000000e+00
 6.12469470e+00   0.00000000e+00
 6.12628220e+00   0.00000000e+00
 6.12786980e+00   0.00000000e+00
 6.12945730e+00   0.00000000e+00
 6.13104480e+00   0.00000000e+00
 6.13263240e+00   0.00000000e+00
 6.13421990e+00   0.00000000e+00
 6.13580740e+00   0.00000000e+00
 6.13739500e+00   0.00000000e+00
 6.13898250e+00   0.00000000e+00
 6.14057000e+00   0.00000000e+00
 6.14215760e+00   0.00000000e+00
 6.14374510e+00   0.00000000e+00
 6.14533260e+00   0.00000000e+00
 6.14692010e+00   0.00000000e+00
 6.14850770e+00   0.00000000e+00
 6.15009520e+00   0.00000000e+00
 6.15168270e+00   0.00000000e+00
 6.15327030e+00   0.00000000e+00
 6.15485780e+00   0.00000000e+00
 6.15644530e+00   0.00000000e+00
 6.15803290e+00   0.00000000e+00
 6.15962040e+00   0.00000000e+00
 6.16120790e+00   0.00000000e+00
 6.16279550e+00   0.00000000e+00
 6.16438300e+00   0.00000000e+00
 6.16597050e+00   0.00000000e+00
 6.16755810e+00   0.00000000e+00
 6.16914560e+00   0.00000000e+00
 6.17073310e+00   0.00000000e+00
 6.17232060e+00   0.00000000e+00
 6.17390820e+00   0.00000000e+00
 6.17549570e+00   0.00000000e+00
 6.17708320e+00   0.00000000e+00
 6.17867080e+00   0.00000000e+00
 6.18025830e+00   0.00000000e+00
 6.18184580e+00   0.00000000e+00
 6.18343340e+00   0.00000000e+00
 6.18502090e+00   0.00000000e+00
 6.18660840e+00   0.00000000e+00
 6.18819600e+00   0.00000000e+00
 6.18978350e+00   0.00000000e+00
 6.19137100e+00   0.00000000e+00
 6.19295850e+00   0.00000000e+00
 6.19454610e+00   0.00000000e+00
 6.19613360e+00   0.00000000e+00
 6.19772110e+00   0.00000000e+00
 6.19930870e+00   0.00000000e+00
 6.20089620e+00   0.00000000e+00
 6.20248370e+00   0.00000000e+00
 6.20407130e+00   0.00000000e+00
 6.20565880e+00   0.00000000e+00
 6.20724630e+00   0.00000000e+00
 6.20883390e+00   0.00000000e+00
 6.21042140e+00   0.00000000e+00
 6.21200890e+00   0.00000000e+00
 6.21359650e+00   0.00000000e+00
 6.21518400e+00   0.00000000e+00
 6.21677150e+00   0.00000000e+00
 6.21835900e+00   0.00000000e+00
 6.21994660e+00   0.00000000e+00
 6.22153410e+00   0.00000000e+00
 6.22312160e+00   0.00000000e+00
 6.22470920e+00   0.00000000e+00
 6.22629670e+00   0.00000000e+00
 6.22788420e+00   0.00000000e+00
 6.22947180e+00   0.00000000e+00
 6.23105930e+00   0.00000000e+00
 6.23264680e+00   0.00000000e+00
 6.23423440e+00   0.00000000e+00
 6.23582190e+00   0.00000000e+00
 6.23740940e+00   0.00000000e+00
 6.23899690e+00   0.00000000e+00
 6.24058450e+00   0.00000000e+00
 6.24217200e+00   0.00000000e+00
 6.24375950e+00   0.00000000e+00
 6.24534710e+00   0.00000000e+00
 6.24693460e+00   0.00000000e+00
 6.24852210e+00   0.00000000e+00
 6.25010970e+00   0.00000000e+00
 6.25169720e+00   0.00000000e+00
 6.25328470e+00   0.00000000e+00
 6.25487230e+00   0.00000000e+00
 6.25645980e+00   0.00000000e+00
 6.25804730e+00   0.00000000e+00
 6.25963490e+00   0.00000000e+00
 6.26122240e+00   0.00000000e+00
 6.26280990e+00   0.00000000e+00
 6.26439740e+00   0.00000000e+00
 6.26598500e+00   0.00000000e+00
 6.26757250e+00   0.00000000e+00
 6.26916000e+00   0.00000000e+00
 6.27074760e+00   0.00000000e+00
 6.27233510e+00   0.00000000e+00
 6.27392260e+00   0.00000000e+00
 6.27551020e+00   0.00000000e+00
 6.27709770e+00   0.00000000e+00
 6.27868520e+00   0.00000000e+00
 6.28027280e+00   0.00000000e+00
 6.28186030e+00   0.00000000e+00
 6.28344780e+00   0.00000000e+00
 6.28503530e+00   0.00000000e+00
 6.28662290e+00   0.00000000e+00
 6.28821040e+00   0.00000000e+00
 6.28979790e+00   0.00000000e+00
 6.29138550e+00   0.00000000e+00
 6.29297300e+00   0.00000000e+00
 6.29456050e+00   0.00000000e+00
 6.29614810e+00   0.00000000e+00
 6.29773560e+00   0.00000000e+00
 6.29932310e+00   0.00000000e+00
 6.30091070e+00   0.00000000e+00
 6.30249820e+00   0.00000000e+00
 6.30408570e+00   0.00000000e+00
 6.30567330e+00   0.00000000e+00
 6.30726080e+00   0.00000000e+00
 6.30884830e+00   0.00000000e+00
 6.31043580e+00   0.00000000e+00
 6.31202340e+00   0.00000000e+00
 6.31361090e+00   0.00000000e+00
 6.31519840e+00   0.00000000e+00
 6.31678600e+00   0.00000000e+00
 6.31837350e+00   0.00000000e+00
 6.31996100e+00   0.00000000e+00
 6.32154860e+00   0.00000000e+00
 6.32313610e+00   0.00000000e+00
 6.32472360e+00   0.00000000e+00
 6.32631120e+00   0.00000000e+00
 6.32789870e+00   0.00000000e+00
 6.32948620e+00   0.00000000e+00
 6.33107370e+00   0.00000000e+00
 6.33266130e+00   0.00000000e+00
 6.33424880e+00   0.00000000e+00
 6.33583630e+00   0.00000000e+00
 6.33742390e+00   0.00000000e+00
 6.33901140e+00   0.00000000e+00
 6.34059890e+00   0.00000000e+00
 6.34218650e+00   0.00000000e+00
 6.34377400e+00   0.00000000e+00
 6.34536150e+00   0.00000000e+00
 6.34694910e+00   0.00000000e+00
 6.34853660e+00   0.00000000e+00
 6.35012410e+00   0.00000000e+00
