  2.400000000000000E-003  0.000000000000000E+000
  4.800000000000000E-003  0.000000000000000E+000
  7.200000000000000E-003  0.000000000000000E+000
  9.599999999999999E-003  0.000000000000000E+000
  1.200000000000000E-002  0.000000000000000E+000
  1.440000000000000E-002  0.000000000000000E+000
  1.680000000000000E-002  0.000000000000000E+000
  1.920000000000000E-002  0.000000000000000E+000
  2.160000000000000E-002  0.000000000000000E+000
  2.400000000000000E-002  0.000000000000000E+000
  2.640000000000000E-002  0.000000000000000E+000
  2.880000000000000E-002  0.000000000000000E+000
  3.120000000000000E-002  0.000000000000000E+000
  3.360000000000000E-002  0.000000000000000E+000
  3.600000000000000E-002  0.000000000000000E+000
  3.840000000000000E-002  0.000000000000000E+000
  4.080000000000000E-002  0.000000000000000E+000
  4.320000000000000E-002  0.000000000000000E+000
  4.559999999999999E-002  0.000000000000000E+000
  4.799999999999999E-002  0.000000000000000E+000
  5.039999999999999E-002  0.000000000000000E+000
  5.279999999999999E-002  0.000000000000000E+000
  5.519999999999999E-002  0.000000000000000E+000
  5.760000000000000E-002  0.000000000000000E+000
  6.000000000000000E-002  0.000000000000000E+000
  6.240000000000000E-002  0.000000000000000E+000
  6.480000000000000E-002  0.000000000000000E+000
  6.720000000000000E-002  0.000000000000000E+000
  6.960000000000000E-002  0.000000000000000E+000
  7.199999999999999E-002  0.000000000000000E+000
  7.439999999999999E-002  0.000000000000000E+000
  7.679999999999999E-002  0.000000000000000E+000
  7.919999999999999E-002  0.000000000000000E+000
  8.159999999999999E-002  0.000000000000000E+000
  8.399999999999999E-002  0.000000000000000E+000
  8.639999999999999E-002  0.000000000000000E+000
  8.879999999999999E-002  0.000000000000000E+000
  9.119999999999999E-002  0.000000000000000E+000
  9.359999999999999E-002  0.000000000000000E+000
  9.599999999999999E-002  0.000000000000000E+000
  9.839999999999999E-002  0.000000000000000E+000
  0.100800000000000       0.000000000000000E+000
  0.103200000000000       0.000000000000000E+000
  0.105600000000000       0.000000000000000E+000
  0.108000000000000       0.000000000000000E+000
  0.110400000000000       0.000000000000000E+000
  0.112800000000000       0.000000000000000E+000
  0.115200000000000       0.000000000000000E+000
  0.117600000000000       0.000000000000000E+000
  0.120000000000000       0.000000000000000E+000
  0.122400000000000       0.000000000000000E+000
  0.124800000000000       0.000000000000000E+000
  0.127200000000000       0.000000000000000E+000
  0.129600000000000       0.000000000000000E+000
  0.132000000000000       0.000000000000000E+000
  0.134400000000000       0.000000000000000E+000
  0.136800000000000       0.000000000000000E+000
  0.139200000000000       0.000000000000000E+000
  0.141600000000000       0.000000000000000E+000
  0.144000000000000       0.000000000000000E+000
  0.146400000000000       0.000000000000000E+000
  0.148800000000000       0.000000000000000E+000
  0.151200000000000       0.000000000000000E+000
  0.153600000000000       0.000000000000000E+000
  0.156000000000000       0.000000000000000E+000
  0.158400000000000       0.000000000000000E+000
  0.160800000000000       0.000000000000000E+000
  0.163200000000000       0.000000000000000E+000
  0.165600000000000       0.000000000000000E+000
  0.168000000000000       0.000000000000000E+000
  0.170400000000000       0.000000000000000E+000
  0.172800000000000       0.000000000000000E+000
  0.175200000000000       0.000000000000000E+000
  0.177600000000000       0.000000000000000E+000
  0.180000000000000       0.000000000000000E+000
  0.182400000000000       0.000000000000000E+000
  0.184800000000000       0.000000000000000E+000
  0.187200000000000       0.000000000000000E+000
  0.189600000000000       0.000000000000000E+000
  0.192000000000000       0.000000000000000E+000
  0.194400000000000       0.000000000000000E+000
  0.196800000000000       0.000000000000000E+000
  0.199200000000000       0.000000000000000E+000
  0.201600000000000       0.000000000000000E+000
  0.204000000000000       0.000000000000000E+000
  0.206400000000000       0.000000000000000E+000
  0.208800000000000       0.000000000000000E+000
  0.211200000000000       0.000000000000000E+000
  0.213600000000000       0.000000000000000E+000
  0.216000000000000       0.000000000000000E+000
  0.218400000000000       0.000000000000000E+000
  0.220800000000000       0.000000000000000E+000
  0.223200000000000       0.000000000000000E+000
  0.225600000000000       0.000000000000000E+000
  0.228000000000000       0.000000000000000E+000
  0.230400000000000       0.000000000000000E+000
  0.232800000000000       0.000000000000000E+000
  0.235200000000000       0.000000000000000E+000
  0.237600000000000       0.000000000000000E+000
  0.240000000000000       0.000000000000000E+000
  0.242400000000000       0.000000000000000E+000
  0.244800000000000       0.000000000000000E+000
  0.247200000000000       0.000000000000000E+000
  0.249600000000000       0.000000000000000E+000
  0.252000000000000       0.000000000000000E+000
  0.254400000000000       0.000000000000000E+000
  0.256800000000000       0.000000000000000E+000
  0.259200000000000       0.000000000000000E+000
  0.261600000000000       0.000000000000000E+000
  0.264000000000000       0.000000000000000E+000
  0.266400000000000       0.000000000000000E+000
  0.268800000000000       0.000000000000000E+000
  0.271200000000000       0.000000000000000E+000
  0.273600000000000       0.000000000000000E+000
  0.276000000000000       0.000000000000000E+000
  0.278400000000000       0.000000000000000E+000
  0.280800000000000       0.000000000000000E+000
  0.283200000000000       0.000000000000000E+000
  0.285600000000000       0.000000000000000E+000
  0.288000000000000       0.000000000000000E+000
  0.290400000000000       0.000000000000000E+000
  0.292800000000000       0.000000000000000E+000
  0.295200000000000       0.000000000000000E+000
  0.297600000000000       0.000000000000000E+000
  0.300000000000000       0.000000000000000E+000
  0.302400000000000       0.000000000000000E+000
  0.304800000000000       0.000000000000000E+000
  0.307200000000000       0.000000000000000E+000
  0.309600000000000       0.000000000000000E+000
  0.312000000000000       0.000000000000000E+000
  0.314400000000000       0.000000000000000E+000
  0.316800000000000       0.000000000000000E+000
  0.319200000000000       0.000000000000000E+000
  0.321600000000000       0.000000000000000E+000
  0.324000000000000       0.000000000000000E+000
  0.326400000000000       0.000000000000000E+000
  0.328800000000000       0.000000000000000E+000
  0.331200000000000       0.000000000000000E+000
  0.333600000000000       0.000000000000000E+000
  0.336000000000000       0.000000000000000E+000
  0.338400000000000       0.000000000000000E+000
  0.340800000000000       0.000000000000000E+000
  0.343200000000000       0.000000000000000E+000
  0.345600000000000       0.000000000000000E+000
  0.348000000000000       0.000000000000000E+000
  0.350400000000000       0.000000000000000E+000
  0.352800000000000       0.000000000000000E+000
  0.355200000000000       0.000000000000000E+000
  0.357600000000000       0.000000000000000E+000
  0.360000000000000       0.000000000000000E+000
  0.362400000000000       0.000000000000000E+000
  0.364800000000000       0.000000000000000E+000
  0.367200000000000       0.000000000000000E+000
  0.369600000000000       0.000000000000000E+000
  0.372000000000000       0.000000000000000E+000
  0.374400000000000       0.000000000000000E+000
  0.376800000000000       0.000000000000000E+000
  0.379200000000000       0.000000000000000E+000
  0.381600000000000       0.000000000000000E+000
  0.384000000000000       0.000000000000000E+000
  0.386400000000000       0.000000000000000E+000
  0.388800000000000       0.000000000000000E+000
  0.391200000000000       0.000000000000000E+000
  0.393600000000000       0.000000000000000E+000
  0.396000000000000       0.000000000000000E+000
  0.398400000000000       0.000000000000000E+000
  0.400800000000000       0.000000000000000E+000
  0.403200000000000       0.000000000000000E+000
  0.405600000000000       0.000000000000000E+000
  0.408000000000000       0.000000000000000E+000
  0.410400000000000       0.000000000000000E+000
  0.412800000000000       0.000000000000000E+000
  0.415200000000000       0.000000000000000E+000
  0.417600000000000       0.000000000000000E+000
  0.420000000000000       0.000000000000000E+000
  0.422400000000000       0.000000000000000E+000
  0.424800000000000       0.000000000000000E+000
  0.427200000000000       0.000000000000000E+000
  0.429600000000000       0.000000000000000E+000
  0.432000000000000       0.000000000000000E+000
  0.434400000000000       0.000000000000000E+000
  0.436800000000000       0.000000000000000E+000
  0.439200000000000       0.000000000000000E+000
  0.441600000000000       0.000000000000000E+000
  0.444000000000000       0.000000000000000E+000
  0.446400000000000       0.000000000000000E+000
  0.448800000000000       0.000000000000000E+000
  0.451200000000000       0.000000000000000E+000
  0.453600000000000       0.000000000000000E+000
  0.456000000000000       0.000000000000000E+000
  0.458400000000000       0.000000000000000E+000
  0.460800000000000       0.000000000000000E+000
  0.463200000000000       0.000000000000000E+000
  0.465600000000000       0.000000000000000E+000
  0.468000000000000       0.000000000000000E+000
  0.470400000000000       0.000000000000000E+000
  0.472800000000000       0.000000000000000E+000
  0.475200000000000       0.000000000000000E+000
  0.477600000000000       0.000000000000000E+000
  0.480000000000000       0.000000000000000E+000
  0.482400000000000       0.000000000000000E+000
  0.484800000000000       0.000000000000000E+000
  0.487200000000000       0.000000000000000E+000
  0.489600000000000       0.000000000000000E+000
  0.492000000000000       0.000000000000000E+000
  0.494400000000000       0.000000000000000E+000
  0.496800000000000       0.000000000000000E+000
  0.499200000000000       0.000000000000000E+000
  0.501600000000000       0.000000000000000E+000
  0.504000000000000       0.000000000000000E+000
  0.506400000000000       0.000000000000000E+000
  0.508800000000000       0.000000000000000E+000
  0.511200000000000       0.000000000000000E+000
  0.513600000000000       0.000000000000000E+000
  0.516000000000000       0.000000000000000E+000
  0.518400000000000       0.000000000000000E+000
  0.520800000000000       0.000000000000000E+000
  0.523200000000000       0.000000000000000E+000
  0.525600000000000       0.000000000000000E+000
  0.528000000000000       0.000000000000000E+000
  0.530400000000000       0.000000000000000E+000
  0.532800000000000       0.000000000000000E+000
  0.535200000000000       0.000000000000000E+000
  0.537600000000000       0.000000000000000E+000
  0.540000000000000       0.000000000000000E+000
  0.542400000000000       0.000000000000000E+000
  0.544800000000000       0.000000000000000E+000
  0.547200000000000       0.000000000000000E+000
  0.549600000000000       0.000000000000000E+000
  0.552000000000000       0.000000000000000E+000
  0.554400000000000       0.000000000000000E+000
  0.556800000000000       0.000000000000000E+000
  0.559200000000000       0.000000000000000E+000
  0.561600000000000       0.000000000000000E+000
  0.564000000000000       0.000000000000000E+000
  0.566400000000000       0.000000000000000E+000
  0.568800000000000       0.000000000000000E+000
  0.571200000000000       0.000000000000000E+000
  0.573600000000000       0.000000000000000E+000
  0.576000000000000       0.000000000000000E+000
  0.578400000000000       0.000000000000000E+000
  0.580800000000000       0.000000000000000E+000
  0.583200000000000       0.000000000000000E+000
  0.585600000000000       0.000000000000000E+000
  0.588000000000000       0.000000000000000E+000
  0.590400000000000       0.000000000000000E+000
  0.592800000000000       0.000000000000000E+000
  0.595200000000000       0.000000000000000E+000
  0.597600000000000       0.000000000000000E+000
  0.600000000000000       0.000000000000000E+000
  0.602400000000000       0.000000000000000E+000
  0.604800000000000       0.000000000000000E+000
  0.607200000000000       0.000000000000000E+000
  0.609600000000000       0.000000000000000E+000
  0.612000000000000       0.000000000000000E+000
  0.614400000000000       0.000000000000000E+000
  0.616800000000000       0.000000000000000E+000
  0.619200000000000       0.000000000000000E+000
  0.621600000000000       0.000000000000000E+000
  0.624000000000000       0.000000000000000E+000
  0.626400000000000       0.000000000000000E+000
  0.628800000000000       0.000000000000000E+000
  0.631200000000000       0.000000000000000E+000
  0.633600000000000       0.000000000000000E+000
  0.636000000000000       0.000000000000000E+000
  0.638400000000000       0.000000000000000E+000
  0.640800000000000       0.000000000000000E+000
  0.643200000000000       0.000000000000000E+000
  0.645600000000000       0.000000000000000E+000
  0.648000000000000       0.000000000000000E+000
  0.650400000000000       0.000000000000000E+000
  0.652800000000000       0.000000000000000E+000
  0.655200000000000       0.000000000000000E+000
  0.657600000000000       0.000000000000000E+000
  0.660000000000000       0.000000000000000E+000
  0.662400000000000       0.000000000000000E+000
  0.664800000000000       0.000000000000000E+000
  0.667200000000000       0.000000000000000E+000
  0.669600000000000       0.000000000000000E+000
  0.672000000000000       0.000000000000000E+000
  0.674400000000000       0.000000000000000E+000
  0.676800000000000       0.000000000000000E+000
  0.679200000000000       0.000000000000000E+000
  0.681600000000000       0.000000000000000E+000
  0.684000000000000       0.000000000000000E+000
  0.686400000000000       0.000000000000000E+000
  0.688800000000000       0.000000000000000E+000
  0.691200000000000       0.000000000000000E+000
  0.693600000000000       0.000000000000000E+000
  0.696000000000000       0.000000000000000E+000
  0.698400000000000       0.000000000000000E+000
  0.700800000000000       0.000000000000000E+000
  0.703200000000000       0.000000000000000E+000
  0.705600000000000       0.000000000000000E+000
  0.708000000000000       0.000000000000000E+000
  0.710400000000000       0.000000000000000E+000
  0.712800000000000       0.000000000000000E+000
  0.715200000000000       0.000000000000000E+000
  0.717600000000000       0.000000000000000E+000
  0.720000000000000       0.000000000000000E+000
  0.722400000000000       0.000000000000000E+000
  0.724800000000000       0.000000000000000E+000
  0.727200000000000       0.000000000000000E+000
  0.729600000000000       0.000000000000000E+000
  0.732000000000000       0.000000000000000E+000
  0.734400000000000       0.000000000000000E+000
  0.736800000000000       0.000000000000000E+000
  0.739200000000000       0.000000000000000E+000
  0.741600000000000       0.000000000000000E+000
  0.744000000000000       0.000000000000000E+000
  0.746400000000000       0.000000000000000E+000
  0.748800000000000       0.000000000000000E+000
  0.751200000000000       0.000000000000000E+000
  0.753600000000000       0.000000000000000E+000
  0.756000000000000       0.000000000000000E+000
  0.758400000000000       0.000000000000000E+000
  0.760800000000000       0.000000000000000E+000
  0.763200000000000       0.000000000000000E+000
  0.765600000000000       0.000000000000000E+000
  0.768000000000000       0.000000000000000E+000
  0.770400000000000       0.000000000000000E+000
  0.772800000000000       0.000000000000000E+000
  0.775200000000000       0.000000000000000E+000
  0.777600000000000       0.000000000000000E+000
  0.780000000000000       0.000000000000000E+000
  0.782400000000000       0.000000000000000E+000
  0.784800000000000       0.000000000000000E+000
  0.787200000000000       0.000000000000000E+000
  0.789600000000000       0.000000000000000E+000
  0.792000000000000       0.000000000000000E+000
  0.794400000000000       0.000000000000000E+000
  0.796800000000000       0.000000000000000E+000
  0.799200000000000       0.000000000000000E+000
  0.801600000000000       0.000000000000000E+000
  0.804000000000000       0.000000000000000E+000
  0.806400000000000       0.000000000000000E+000
  0.808800000000000       0.000000000000000E+000
  0.811200000000000       0.000000000000000E+000
  0.813600000000000       0.000000000000000E+000
  0.816000000000000       0.000000000000000E+000
  0.818400000000000       0.000000000000000E+000
  0.820800000000000       0.000000000000000E+000
  0.823200000000000       0.000000000000000E+000
  0.825600000000000       0.000000000000000E+000
  0.828000000000000       0.000000000000000E+000
  0.830400000000000       0.000000000000000E+000
  0.832800000000000       0.000000000000000E+000
  0.835200000000000       0.000000000000000E+000
  0.837600000000000       0.000000000000000E+000
  0.840000000000000       0.000000000000000E+000
  0.842400000000000       0.000000000000000E+000
  0.844800000000000       0.000000000000000E+000
  0.847200000000000       0.000000000000000E+000
  0.849600000000000       0.000000000000000E+000
  0.852000000000000       0.000000000000000E+000
  0.854400000000000       0.000000000000000E+000
  0.856800000000000       0.000000000000000E+000
  0.859200000000000       0.000000000000000E+000
  0.861600000000000       0.000000000000000E+000
  0.864000000000000       0.000000000000000E+000
  0.866400000000000       0.000000000000000E+000
  0.868800000000000       0.000000000000000E+000
  0.871200000000000       0.000000000000000E+000
  0.873600000000000       0.000000000000000E+000
  0.876000000000000       0.000000000000000E+000
  0.878400000000000       0.000000000000000E+000
  0.880800000000000       0.000000000000000E+000
  0.883200000000000       0.000000000000000E+000
  0.885600000000000       0.000000000000000E+000
  0.888000000000000       0.000000000000000E+000
  0.890400000000000       0.000000000000000E+000
  0.892800000000000       0.000000000000000E+000
  0.895200000000000       0.000000000000000E+000
  0.897600000000000       0.000000000000000E+000
  0.900000000000000       0.000000000000000E+000
  0.902400000000000       0.000000000000000E+000
  0.904800000000000       0.000000000000000E+000
  0.907200000000000       0.000000000000000E+000
  0.909600000000000       0.000000000000000E+000
  0.912000000000000       0.000000000000000E+000
  0.914400000000000       0.000000000000000E+000
  0.916800000000000       0.000000000000000E+000
  0.919200000000000       0.000000000000000E+000
  0.921600000000000       0.000000000000000E+000
  0.924000000000000       0.000000000000000E+000
  0.926400000000000       0.000000000000000E+000
  0.928800000000000       0.000000000000000E+000
  0.931200000000000       0.000000000000000E+000
  0.933600000000000       0.000000000000000E+000
  0.936000000000000       0.000000000000000E+000
  0.938400000000000       0.000000000000000E+000
  0.940800000000000       0.000000000000000E+000
  0.943200000000000       0.000000000000000E+000
  0.945600000000000       0.000000000000000E+000
  0.948000000000000       0.000000000000000E+000
  0.950400000000000       0.000000000000000E+000
  0.952800000000000       0.000000000000000E+000
  0.955200000000000       0.000000000000000E+000
  0.957600000000000       0.000000000000000E+000
  0.960000000000000       0.000000000000000E+000
  0.962400000000000       0.000000000000000E+000
  0.964800000000000       0.000000000000000E+000
  0.967200000000000       0.000000000000000E+000
  0.969600000000000       0.000000000000000E+000
  0.972000000000000       0.000000000000000E+000
  0.974400000000000       0.000000000000000E+000
  0.976800000000000       0.000000000000000E+000
  0.979200000000000       0.000000000000000E+000
  0.981600000000000       0.000000000000000E+000
  0.984000000000000       0.000000000000000E+000
  0.986400000000000       0.000000000000000E+000
  0.988800000000000       0.000000000000000E+000
  0.991200000000000       0.000000000000000E+000
  0.993600000000000       0.000000000000000E+000
  0.996000000000000       0.000000000000000E+000
  0.998400000000000       0.000000000000000E+000
   1.00080000000000       0.000000000000000E+000
   1.00320000000000       0.000000000000000E+000
   1.00560000000000       0.000000000000000E+000
   1.00800000000000       0.000000000000000E+000
   1.01040000000000       0.000000000000000E+000
   1.01280000000000       0.000000000000000E+000
   1.01520000000000       0.000000000000000E+000
   1.01760000000000       0.000000000000000E+000
   1.02000000000000       0.000000000000000E+000
   1.02240000000000       0.000000000000000E+000
   1.02480000000000       0.000000000000000E+000
   1.02720000000000       0.000000000000000E+000
   1.02960000000000       0.000000000000000E+000
   1.03200000000000       0.000000000000000E+000
   1.03440000000000       0.000000000000000E+000
   1.03680000000000       0.000000000000000E+000
   1.03920000000000       0.000000000000000E+000
   1.04160000000000       0.000000000000000E+000
   1.04400000000000       0.000000000000000E+000
   1.04640000000000       0.000000000000000E+000
   1.04880000000000       0.000000000000000E+000
   1.05120000000000       0.000000000000000E+000
   1.05360000000000       0.000000000000000E+000
   1.05600000000000       0.000000000000000E+000
   1.05840000000000       0.000000000000000E+000
   1.06080000000000       0.000000000000000E+000
   1.06320000000000       0.000000000000000E+000
   1.06560000000000       0.000000000000000E+000
   1.06800000000000       0.000000000000000E+000
   1.07040000000000       0.000000000000000E+000
   1.07280000000000       0.000000000000000E+000
   1.07520000000000       0.000000000000000E+000
   1.07760000000000       0.000000000000000E+000
   1.08000000000000       0.000000000000000E+000
   1.08240000000000       0.000000000000000E+000
   1.08480000000000       0.000000000000000E+000
   1.08720000000000       0.000000000000000E+000
   1.08960000000000       0.000000000000000E+000
   1.09200000000000       0.000000000000000E+000
   1.09440000000000       0.000000000000000E+000
   1.09680000000000       0.000000000000000E+000
   1.09920000000000       0.000000000000000E+000
   1.10160000000000       0.000000000000000E+000
   1.10400000000000       0.000000000000000E+000
   1.10640000000000       0.000000000000000E+000
   1.10880000000000       0.000000000000000E+000
   1.11120000000000       0.000000000000000E+000
   1.11360000000000       0.000000000000000E+000
   1.11600000000000       0.000000000000000E+000
   1.11840000000000       0.000000000000000E+000
   1.12080000000000       0.000000000000000E+000
   1.12320000000000       0.000000000000000E+000
   1.12560000000000       0.000000000000000E+000
   1.12800000000000       0.000000000000000E+000
   1.13040000000000       0.000000000000000E+000
   1.13280000000000       0.000000000000000E+000
   1.13520000000000       0.000000000000000E+000
   1.13760000000000       0.000000000000000E+000
   1.14000000000000       0.000000000000000E+000
   1.14240000000000       0.000000000000000E+000
   1.14480000000000       0.000000000000000E+000
   1.14720000000000       0.000000000000000E+000
   1.14960000000000       0.000000000000000E+000
   1.15200000000000       0.000000000000000E+000
   1.15440000000000       0.000000000000000E+000
   1.15680000000000       0.000000000000000E+000
   1.15920000000000       0.000000000000000E+000
   1.16160000000000       0.000000000000000E+000
   1.16400000000000       0.000000000000000E+000
   1.16640000000000       0.000000000000000E+000
   1.16880000000000       0.000000000000000E+000
   1.17120000000000       0.000000000000000E+000
   1.17360000000000       0.000000000000000E+000
   1.17600000000000       0.000000000000000E+000
   1.17840000000000       0.000000000000000E+000
   1.18080000000000       0.000000000000000E+000
   1.18320000000000       0.000000000000000E+000
   1.18560000000000       0.000000000000000E+000
   1.18800000000000       0.000000000000000E+000
   1.19040000000000       0.000000000000000E+000
   1.19280000000000       0.000000000000000E+000
   1.19520000000000       0.000000000000000E+000
   1.19760000000000       0.000000000000000E+000
   1.20000000000000       0.000000000000000E+000
   1.20240000000000       0.000000000000000E+000
   1.20480000000000       0.000000000000000E+000
   1.20720000000000       0.000000000000000E+000
   1.20960000000000       0.000000000000000E+000
   1.21200000000000       0.000000000000000E+000
   1.21440000000000       0.000000000000000E+000
   1.21680000000000       0.000000000000000E+000
   1.21920000000000       0.000000000000000E+000
   1.22160000000000       0.000000000000000E+000
   1.22400000000000       0.000000000000000E+000
   1.22640000000000       0.000000000000000E+000
   1.22880000000000       0.000000000000000E+000
   1.23120000000000       0.000000000000000E+000
   1.23360000000000       0.000000000000000E+000
   1.23600000000000       0.000000000000000E+000
   1.23840000000000       0.000000000000000E+000
   1.24080000000000       0.000000000000000E+000
   1.24320000000000       0.000000000000000E+000
   1.24560000000000       0.000000000000000E+000
   1.24800000000000       0.000000000000000E+000
   1.25040000000000       0.000000000000000E+000
   1.25280000000000       0.000000000000000E+000
   1.25520000000000       0.000000000000000E+000
   1.25760000000000       0.000000000000000E+000
   1.26000000000000       0.000000000000000E+000
   1.26240000000000       0.000000000000000E+000
   1.26480000000000       0.000000000000000E+000
   1.26720000000000       0.000000000000000E+000
   1.26960000000000       0.000000000000000E+000
   1.27200000000000       0.000000000000000E+000
   1.27440000000000       0.000000000000000E+000
   1.27680000000000       0.000000000000000E+000
   1.27920000000000       0.000000000000000E+000
   1.28160000000000       0.000000000000000E+000
   1.28400000000000       0.000000000000000E+000
   1.28640000000000       0.000000000000000E+000
   1.28880000000000       0.000000000000000E+000
   1.29120000000000       0.000000000000000E+000
   1.29360000000000       0.000000000000000E+000
   1.29600000000000       0.000000000000000E+000
   1.29840000000000       0.000000000000000E+000
   1.30080000000000       0.000000000000000E+000
   1.30320000000000       0.000000000000000E+000
   1.30560000000000       0.000000000000000E+000
   1.30800000000000       0.000000000000000E+000
   1.31040000000000       0.000000000000000E+000
   1.31280000000000       0.000000000000000E+000
   1.31520000000000       0.000000000000000E+000
   1.31760000000000       0.000000000000000E+000
   1.32000000000000       0.000000000000000E+000
   1.32240000000000       0.000000000000000E+000
   1.32480000000000       0.000000000000000E+000
   1.32720000000000       0.000000000000000E+000
   1.32960000000000       0.000000000000000E+000
   1.33200000000000       0.000000000000000E+000
   1.33440000000000       0.000000000000000E+000
   1.33680000000000       0.000000000000000E+000
   1.33920000000000       0.000000000000000E+000
   1.34160000000000       0.000000000000000E+000
   1.34400000000000       0.000000000000000E+000
   1.34640000000000       0.000000000000000E+000
   1.34880000000000       0.000000000000000E+000
   1.35120000000000       0.000000000000000E+000
   1.35360000000000       0.000000000000000E+000
   1.35600000000000       0.000000000000000E+000
   1.35840000000000       0.000000000000000E+000
   1.36080000000000       0.000000000000000E+000
   1.36320000000000       0.000000000000000E+000
   1.36560000000000       0.000000000000000E+000
   1.36800000000000       0.000000000000000E+000
   1.37040000000000       0.000000000000000E+000
   1.37280000000000       0.000000000000000E+000
   1.37520000000000       0.000000000000000E+000
   1.37760000000000       0.000000000000000E+000
   1.38000000000000       0.000000000000000E+000
   1.38240000000000       0.000000000000000E+000
   1.38480000000000       0.000000000000000E+000
   1.38720000000000       0.000000000000000E+000
   1.38960000000000       0.000000000000000E+000
   1.39200000000000       0.000000000000000E+000
   1.39440000000000       0.000000000000000E+000
   1.39680000000000       0.000000000000000E+000
   1.39920000000000       0.000000000000000E+000
   1.40160000000000       0.000000000000000E+000
   1.40400000000000       0.000000000000000E+000
   1.40640000000000       0.000000000000000E+000
   1.40880000000000       0.000000000000000E+000
   1.41120000000000       0.000000000000000E+000
   1.41360000000000       0.000000000000000E+000
   1.41600000000000       0.000000000000000E+000
   1.41840000000000       0.000000000000000E+000
   1.42080000000000       0.000000000000000E+000
   1.42320000000000       0.000000000000000E+000
   1.42560000000000       0.000000000000000E+000
   1.42800000000000       0.000000000000000E+000
   1.43040000000000       0.000000000000000E+000
   1.43280000000000       0.000000000000000E+000
   1.43520000000000       0.000000000000000E+000
   1.43760000000000       0.000000000000000E+000
   1.44000000000000       0.000000000000000E+000
   1.44240000000000       0.000000000000000E+000
   1.44480000000000       0.000000000000000E+000
   1.44720000000000       0.000000000000000E+000
   1.44960000000000       0.000000000000000E+000
   1.45200000000000       0.000000000000000E+000
   1.45440000000000       0.000000000000000E+000
   1.45680000000000       0.000000000000000E+000
   1.45920000000000       0.000000000000000E+000
   1.46160000000000       0.000000000000000E+000
   1.46400000000000       0.000000000000000E+000
   1.46640000000000       0.000000000000000E+000
   1.46880000000000       0.000000000000000E+000
   1.47120000000000       0.000000000000000E+000
   1.47360000000000       0.000000000000000E+000
   1.47600000000000       0.000000000000000E+000
   1.47840000000000       0.000000000000000E+000
   1.48080000000000       0.000000000000000E+000
   1.48320000000000       0.000000000000000E+000
   1.48560000000000       0.000000000000000E+000
   1.48800000000000       0.000000000000000E+000
   1.49040000000000       0.000000000000000E+000
   1.49280000000000       0.000000000000000E+000
   1.49520000000000       0.000000000000000E+000
   1.49760000000000       0.000000000000000E+000
   1.50000000000000       0.000000000000000E+000
   1.50240000000000       0.000000000000000E+000
   1.50480000000000       0.000000000000000E+000
   1.50720000000000       0.000000000000000E+000
   1.50960000000000       0.000000000000000E+000
   1.51200000000000       0.000000000000000E+000
   1.51440000000000       0.000000000000000E+000
   1.51680000000000       0.000000000000000E+000
   1.51920000000000       0.000000000000000E+000
   1.52160000000000       0.000000000000000E+000
   1.52400000000000       0.000000000000000E+000
   1.52640000000000       0.000000000000000E+000
   1.52880000000000       0.000000000000000E+000
   1.53120000000000       0.000000000000000E+000
   1.53360000000000       0.000000000000000E+000
   1.53600000000000       0.000000000000000E+000
   1.53840000000000       0.000000000000000E+000
   1.54080000000000       0.000000000000000E+000
   1.54320000000000       0.000000000000000E+000
   1.54560000000000       0.000000000000000E+000
   1.54800000000000       0.000000000000000E+000
   1.55040000000000       0.000000000000000E+000
   1.55280000000000       0.000000000000000E+000
   1.55520000000000       0.000000000000000E+000
   1.55760000000000       0.000000000000000E+000
   1.56000000000000       0.000000000000000E+000
   1.56240000000000       0.000000000000000E+000
   1.56480000000000       0.000000000000000E+000
   1.56720000000000       0.000000000000000E+000
   1.56960000000000       0.000000000000000E+000
   1.57200000000000       0.000000000000000E+000
   1.57440000000000       0.000000000000000E+000
   1.57680000000000       0.000000000000000E+000
   1.57920000000000       0.000000000000000E+000
   1.58160000000000       0.000000000000000E+000
   1.58400000000000       0.000000000000000E+000
   1.58640000000000       0.000000000000000E+000
   1.58880000000000       0.000000000000000E+000
   1.59120000000000       0.000000000000000E+000
   1.59360000000000       0.000000000000000E+000
   1.59600000000000       0.000000000000000E+000
   1.59840000000000       0.000000000000000E+000
   1.60080000000000       0.000000000000000E+000
   1.60320000000000       0.000000000000000E+000
   1.60560000000000       0.000000000000000E+000
   1.60800000000000       0.000000000000000E+000
   1.61040000000000       0.000000000000000E+000
   1.61280000000000       0.000000000000000E+000
   1.61520000000000       0.000000000000000E+000
   1.61760000000000       0.000000000000000E+000
   1.62000000000000       0.000000000000000E+000
   1.62240000000000       0.000000000000000E+000
   1.62480000000000       0.000000000000000E+000
   1.62720000000000       0.000000000000000E+000
   1.62960000000000       0.000000000000000E+000
   1.63200000000000       0.000000000000000E+000
   1.63440000000000       0.000000000000000E+000
   1.63680000000000       0.000000000000000E+000
   1.63920000000000       0.000000000000000E+000
   1.64160000000000       0.000000000000000E+000
   1.64400000000000       0.000000000000000E+000
   1.64640000000000       0.000000000000000E+000
   1.64880000000000       0.000000000000000E+000
   1.65120000000000       0.000000000000000E+000
   1.65360000000000       0.000000000000000E+000
   1.65600000000000       0.000000000000000E+000
   1.65840000000000       0.000000000000000E+000
   1.66080000000000       0.000000000000000E+000
   1.66320000000000       0.000000000000000E+000
   1.66560000000000       0.000000000000000E+000
   1.66800000000000       0.000000000000000E+000
   1.67040000000000       0.000000000000000E+000
   1.67280000000000       0.000000000000000E+000
   1.67520000000000       0.000000000000000E+000
   1.67760000000000       0.000000000000000E+000
   1.68000000000000       0.000000000000000E+000
   1.68240000000000       0.000000000000000E+000
   1.68480000000000       0.000000000000000E+000
   1.68720000000000       0.000000000000000E+000
   1.68960000000000       0.000000000000000E+000
   1.69200000000000       0.000000000000000E+000
   1.69440000000000       0.000000000000000E+000
   1.69680000000000       0.000000000000000E+000
   1.69920000000000       0.000000000000000E+000
   1.70160000000000       0.000000000000000E+000
   1.70400000000000       0.000000000000000E+000
   1.70640000000000       0.000000000000000E+000
   1.70880000000000       0.000000000000000E+000
   1.71120000000000       0.000000000000000E+000
   1.71360000000000       0.000000000000000E+000
   1.71600000000000       0.000000000000000E+000
   1.71840000000000       0.000000000000000E+000
   1.72080000000000       0.000000000000000E+000
   1.72320000000000       0.000000000000000E+000
   1.72560000000000       0.000000000000000E+000
   1.72800000000000       0.000000000000000E+000
   1.73040000000000       0.000000000000000E+000
   1.73280000000000       0.000000000000000E+000
   1.73520000000000       0.000000000000000E+000
   1.73760000000000       0.000000000000000E+000
   1.74000000000000       0.000000000000000E+000
   1.74240000000000       0.000000000000000E+000
   1.74480000000000       0.000000000000000E+000
   1.74720000000000       0.000000000000000E+000
   1.74960000000000       0.000000000000000E+000
   1.75200000000000       0.000000000000000E+000
   1.75440000000000       0.000000000000000E+000
   1.75680000000000       0.000000000000000E+000
   1.75920000000000       0.000000000000000E+000
   1.76160000000000       0.000000000000000E+000
   1.76400000000000       0.000000000000000E+000
   1.76640000000000       0.000000000000000E+000
   1.76880000000000       0.000000000000000E+000
   1.77120000000000       0.000000000000000E+000
   1.77360000000000       0.000000000000000E+000
   1.77600000000000       0.000000000000000E+000
   1.77840000000000       0.000000000000000E+000
   1.78080000000000       0.000000000000000E+000
   1.78320000000000       0.000000000000000E+000
   1.78560000000000       0.000000000000000E+000
   1.78800000000000       0.000000000000000E+000
   1.79040000000000       0.000000000000000E+000
   1.79280000000000       0.000000000000000E+000
   1.79520000000000       0.000000000000000E+000
   1.79760000000000       0.000000000000000E+000
   1.80000000000000       0.000000000000000E+000
   1.80240000000000       0.000000000000000E+000
   1.80480000000000       0.000000000000000E+000
   1.80720000000000       0.000000000000000E+000
   1.80960000000000       0.000000000000000E+000
   1.81200000000000       0.000000000000000E+000
   1.81440000000000       0.000000000000000E+000
   1.81680000000000       0.000000000000000E+000
   1.81920000000000       0.000000000000000E+000
   1.82160000000000       0.000000000000000E+000
   1.82400000000000       0.000000000000000E+000
   1.82640000000000       0.000000000000000E+000
   1.82880000000000       0.000000000000000E+000
   1.83120000000000       0.000000000000000E+000
   1.83360000000000       0.000000000000000E+000
   1.83600000000000       0.000000000000000E+000
   1.83840000000000       0.000000000000000E+000
   1.84080000000000       0.000000000000000E+000
   1.84320000000000       0.000000000000000E+000
   1.84560000000000       0.000000000000000E+000
   1.84800000000000       0.000000000000000E+000
   1.85040000000000       0.000000000000000E+000
   1.85280000000000       0.000000000000000E+000
   1.85520000000000       0.000000000000000E+000
   1.85760000000000       0.000000000000000E+000
   1.86000000000000       0.000000000000000E+000
   1.86240000000000       0.000000000000000E+000
   1.86480000000000       0.000000000000000E+000
   1.86720000000000       0.000000000000000E+000
   1.86960000000000       0.000000000000000E+000
   1.87200000000000       0.000000000000000E+000
   1.87440000000000       0.000000000000000E+000
   1.87680000000000       0.000000000000000E+000
   1.87920000000000       0.000000000000000E+000
   1.88160000000000       0.000000000000000E+000
   1.88400000000000       0.000000000000000E+000
   1.88640000000000       0.000000000000000E+000
   1.88880000000000       0.000000000000000E+000
   1.89120000000000       0.000000000000000E+000
   1.89360000000000       0.000000000000000E+000
   1.89600000000000       0.000000000000000E+000
   1.89840000000000       0.000000000000000E+000
   1.90080000000000       0.000000000000000E+000
   1.90320000000000       0.000000000000000E+000
   1.90560000000000       0.000000000000000E+000
   1.90800000000000       0.000000000000000E+000
   1.91040000000000       0.000000000000000E+000
   1.91280000000000       0.000000000000000E+000
   1.91520000000000       0.000000000000000E+000
   1.91760000000000       0.000000000000000E+000
   1.92000000000000       0.000000000000000E+000
   1.92240000000000       0.000000000000000E+000
   1.92480000000000       0.000000000000000E+000
   1.92720000000000       0.000000000000000E+000
   1.92960000000000       0.000000000000000E+000
   1.93200000000000       0.000000000000000E+000
   1.93440000000000       0.000000000000000E+000
   1.93680000000000       0.000000000000000E+000
   1.93920000000000       0.000000000000000E+000
   1.94160000000000       0.000000000000000E+000
   1.94400000000000       0.000000000000000E+000
   1.94640000000000       0.000000000000000E+000
   1.94880000000000       0.000000000000000E+000
   1.95120000000000       0.000000000000000E+000
   1.95360000000000       0.000000000000000E+000
   1.95600000000000       0.000000000000000E+000
   1.95840000000000       0.000000000000000E+000
   1.96080000000000       0.000000000000000E+000
   1.96320000000000       0.000000000000000E+000
   1.96560000000000       0.000000000000000E+000
   1.96800000000000       0.000000000000000E+000
   1.97040000000000       0.000000000000000E+000
   1.97280000000000       0.000000000000000E+000
   1.97520000000000       0.000000000000000E+000
   1.97760000000000       0.000000000000000E+000
   1.98000000000000       0.000000000000000E+000
   1.98240000000000       0.000000000000000E+000
   1.98480000000000       0.000000000000000E+000
   1.98720000000000       0.000000000000000E+000
   1.98960000000000       0.000000000000000E+000
   1.99200000000000       0.000000000000000E+000
   1.99440000000000       0.000000000000000E+000
   1.99680000000000       0.000000000000000E+000
   1.99920000000000       0.000000000000000E+000
   2.00160000000000       0.000000000000000E+000
   2.00400000000000       0.000000000000000E+000
   2.00640000000000       0.000000000000000E+000
   2.00880000000000       0.000000000000000E+000
   2.01120000000000       0.000000000000000E+000
   2.01360000000000       0.000000000000000E+000
   2.01600000000000       0.000000000000000E+000
   2.01840000000000       0.000000000000000E+000
   2.02080000000000       0.000000000000000E+000
   2.02320000000000       0.000000000000000E+000
   2.02560000000000       0.000000000000000E+000
   2.02800000000000       0.000000000000000E+000
   2.03040000000000       0.000000000000000E+000
   2.03280000000000       0.000000000000000E+000
   2.03520000000000       0.000000000000000E+000
   2.03760000000000       0.000000000000000E+000
   2.04000000000000       0.000000000000000E+000
   2.04240000000000       0.000000000000000E+000
   2.04480000000000       0.000000000000000E+000
   2.04720000000000       0.000000000000000E+000
   2.04960000000000       0.000000000000000E+000
   2.05200000000000       0.000000000000000E+000
   2.05440000000000       0.000000000000000E+000
   2.05680000000000       0.000000000000000E+000
   2.05920000000000       0.000000000000000E+000
   2.06160000000000       0.000000000000000E+000
   2.06400000000000       0.000000000000000E+000
   2.06640000000000       0.000000000000000E+000
   2.06880000000000       0.000000000000000E+000
   2.07120000000000       0.000000000000000E+000
   2.07360000000000       0.000000000000000E+000
   2.07600000000000       0.000000000000000E+000
   2.07840000000000       0.000000000000000E+000
   2.08080000000000       0.000000000000000E+000
   2.08320000000000       0.000000000000000E+000
   2.08560000000000       0.000000000000000E+000
   2.08800000000000       0.000000000000000E+000
   2.09040000000000       0.000000000000000E+000
   2.09280000000000       0.000000000000000E+000
   2.09520000000000       0.000000000000000E+000
   2.09760000000000       0.000000000000000E+000
   2.10000000000000       0.000000000000000E+000
   2.10240000000000       0.000000000000000E+000
   2.10480000000000       0.000000000000000E+000
   2.10720000000000       0.000000000000000E+000
   2.10960000000000       0.000000000000000E+000
   2.11200000000000       0.000000000000000E+000
   2.11440000000000       0.000000000000000E+000
   2.11680000000000       0.000000000000000E+000
   2.11920000000000       0.000000000000000E+000
   2.12160000000000       0.000000000000000E+000
   2.12400000000000       0.000000000000000E+000
   2.12640000000000       0.000000000000000E+000
   2.12880000000000       0.000000000000000E+000
   2.13120000000000       0.000000000000000E+000
   2.13360000000000       0.000000000000000E+000
   2.13600000000000       0.000000000000000E+000
   2.13840000000000       0.000000000000000E+000
   2.14080000000000       0.000000000000000E+000
   2.14320000000000       0.000000000000000E+000
   2.14560000000000       0.000000000000000E+000
   2.14800000000000       0.000000000000000E+000
   2.15040000000000       0.000000000000000E+000
   2.15280000000000       0.000000000000000E+000
   2.15520000000000       0.000000000000000E+000
   2.15760000000000       0.000000000000000E+000
   2.16000000000000       0.000000000000000E+000
   2.16240000000000       0.000000000000000E+000
   2.16480000000000       0.000000000000000E+000
   2.16720000000000       0.000000000000000E+000
   2.16960000000000       0.000000000000000E+000
   2.17200000000000       0.000000000000000E+000
   2.17440000000000       0.000000000000000E+000
   2.17680000000000       0.000000000000000E+000
   2.17920000000000       0.000000000000000E+000
   2.18160000000000       0.000000000000000E+000
   2.18400000000000       0.000000000000000E+000
   2.18640000000000       0.000000000000000E+000
   2.18880000000000       0.000000000000000E+000
   2.19120000000000       0.000000000000000E+000
   2.19360000000000       0.000000000000000E+000
   2.19600000000000       0.000000000000000E+000
   2.19840000000000       0.000000000000000E+000
   2.20080000000000       0.000000000000000E+000
   2.20320000000000       0.000000000000000E+000
   2.20560000000000       0.000000000000000E+000
   2.20800000000000       0.000000000000000E+000
   2.21040000000000       0.000000000000000E+000
   2.21280000000000       0.000000000000000E+000
   2.21520000000000       0.000000000000000E+000
   2.21760000000000       0.000000000000000E+000
   2.22000000000000       0.000000000000000E+000
   2.22240000000000       0.000000000000000E+000
   2.22480000000000       0.000000000000000E+000
   2.22720000000000       0.000000000000000E+000
   2.22960000000000       0.000000000000000E+000
   2.23200000000000       0.000000000000000E+000
   2.23440000000000       0.000000000000000E+000
   2.23680000000000       0.000000000000000E+000
   2.23920000000000       0.000000000000000E+000
   2.24160000000000       0.000000000000000E+000
   2.24400000000000       0.000000000000000E+000
   2.24640000000000       0.000000000000000E+000
   2.24880000000000       0.000000000000000E+000
   2.25120000000000       0.000000000000000E+000
   2.25360000000000       0.000000000000000E+000
   2.25600000000000       0.000000000000000E+000
   2.25840000000000       0.000000000000000E+000
   2.26080000000000       0.000000000000000E+000
   2.26320000000000       0.000000000000000E+000
   2.26560000000000       0.000000000000000E+000
   2.26800000000000       0.000000000000000E+000
   2.27040000000000       0.000000000000000E+000
   2.27280000000000       0.000000000000000E+000
   2.27520000000000       0.000000000000000E+000
   2.27760000000000       0.000000000000000E+000
   2.28000000000000       0.000000000000000E+000
   2.28240000000000       0.000000000000000E+000
   2.28480000000000       0.000000000000000E+000
   2.28720000000000       0.000000000000000E+000
   2.28960000000000       0.000000000000000E+000
   2.29200000000000       0.000000000000000E+000
   2.29440000000000       0.000000000000000E+000
   2.29680000000000       0.000000000000000E+000
   2.29920000000000       0.000000000000000E+000
   2.30160000000000       0.000000000000000E+000
   2.30400000000000       0.000000000000000E+000
   2.30640000000000       0.000000000000000E+000
   2.30880000000000       0.000000000000000E+000
   2.31120000000000       0.000000000000000E+000
   2.31360000000000       0.000000000000000E+000
   2.31600000000000       0.000000000000000E+000
   2.31840000000000       0.000000000000000E+000
   2.32080000000000       0.000000000000000E+000
   2.32320000000000       0.000000000000000E+000
   2.32560000000000       0.000000000000000E+000
   2.32800000000000       0.000000000000000E+000
   2.33040000000000       0.000000000000000E+000
   2.33280000000000       0.000000000000000E+000
   2.33520000000000       0.000000000000000E+000
   2.33760000000000       0.000000000000000E+000
   2.34000000000000       0.000000000000000E+000
   2.34240000000000       0.000000000000000E+000
   2.34480000000000       0.000000000000000E+000
   2.34720000000000       0.000000000000000E+000
   2.34960000000000       0.000000000000000E+000
   2.35200000000000       0.000000000000000E+000
   2.35440000000000       0.000000000000000E+000
   2.35680000000000       0.000000000000000E+000
   2.35920000000000       0.000000000000000E+000
   2.36160000000000       0.000000000000000E+000
   2.36400000000000       0.000000000000000E+000
   2.36640000000000       0.000000000000000E+000
   2.36880000000000       0.000000000000000E+000
   2.37120000000000       0.000000000000000E+000
   2.37360000000000       0.000000000000000E+000
   2.37600000000000       0.000000000000000E+000
   2.37840000000000       0.000000000000000E+000
   2.38080000000000       0.000000000000000E+000
   2.38320000000000       0.000000000000000E+000
   2.38560000000000       0.000000000000000E+000
   2.38800000000000       0.000000000000000E+000
   2.39040000000000       0.000000000000000E+000
   2.39280000000000       0.000000000000000E+000
   2.39520000000000       0.000000000000000E+000
   2.39760000000000       0.000000000000000E+000
   2.40000000000000       0.000000000000000E+000
   2.40240000000000       0.000000000000000E+000
   2.40480000000000       0.000000000000000E+000
   2.40720000000000       0.000000000000000E+000
   2.40960000000000       0.000000000000000E+000
   2.41200000000000       0.000000000000000E+000
   2.41440000000000       0.000000000000000E+000
   2.41680000000000       0.000000000000000E+000
   2.41920000000000       0.000000000000000E+000
   2.42160000000000       0.000000000000000E+000
   2.42400000000000       0.000000000000000E+000
   2.42640000000000       0.000000000000000E+000
   2.42880000000000       0.000000000000000E+000
   2.43120000000000       0.000000000000000E+000
   2.43360000000000       0.000000000000000E+000
   2.43600000000000       0.000000000000000E+000
   2.43840000000000       0.000000000000000E+000
   2.44080000000000       0.000000000000000E+000
   2.44320000000000       0.000000000000000E+000
   2.44560000000000       0.000000000000000E+000
   2.44800000000000       0.000000000000000E+000
   2.45040000000000       0.000000000000000E+000
   2.45280000000000       0.000000000000000E+000
   2.45520000000000       0.000000000000000E+000
   2.45760000000000       0.000000000000000E+000
   2.46000000000000       0.000000000000000E+000
   2.46240000000000       0.000000000000000E+000
   2.46480000000000       0.000000000000000E+000
   2.46720000000000       0.000000000000000E+000
   2.46960000000000       0.000000000000000E+000
   2.47200000000000       0.000000000000000E+000
   2.47440000000000       0.000000000000000E+000
   2.47680000000000       0.000000000000000E+000
   2.47920000000000       0.000000000000000E+000
   2.48160000000000       0.000000000000000E+000
   2.48400000000000       0.000000000000000E+000
   2.48640000000000       0.000000000000000E+000
   2.48880000000000       0.000000000000000E+000
   2.49120000000000       0.000000000000000E+000
   2.49360000000000       0.000000000000000E+000
   2.49600000000000       0.000000000000000E+000
   2.49840000000000       0.000000000000000E+000
   2.50080000000000       0.000000000000000E+000
   2.50320000000000       0.000000000000000E+000
   2.50560000000000       0.000000000000000E+000
   2.50800000000000       0.000000000000000E+000
   2.51040000000000       0.000000000000000E+000
   2.51280000000000       0.000000000000000E+000
   2.51520000000000       0.000000000000000E+000
   2.51760000000000       0.000000000000000E+000
   2.52000000000000       0.000000000000000E+000
   2.52240000000000       0.000000000000000E+000
   2.52480000000000       0.000000000000000E+000
   2.52720000000000       0.000000000000000E+000
   2.52960000000000       0.000000000000000E+000
   2.53200000000000       0.000000000000000E+000
   2.53440000000000       0.000000000000000E+000
   2.53680000000000       0.000000000000000E+000
   2.53920000000000       0.000000000000000E+000
   2.54160000000000       0.000000000000000E+000
   2.54400000000000       0.000000000000000E+000
   2.54640000000000       0.000000000000000E+000
   2.54880000000000       0.000000000000000E+000
   2.55120000000000       0.000000000000000E+000
   2.55360000000000       0.000000000000000E+000
   2.55600000000000       0.000000000000000E+000
   2.55840000000000       0.000000000000000E+000
   2.56080000000000       0.000000000000000E+000
   2.56320000000000       0.000000000000000E+000
   2.56560000000000       0.000000000000000E+000
   2.56800000000000       0.000000000000000E+000
   2.57040000000000       0.000000000000000E+000
   2.57280000000000       0.000000000000000E+000
   2.57520000000000       0.000000000000000E+000
   2.57760000000000       0.000000000000000E+000
   2.58000000000000       0.000000000000000E+000
   2.58240000000000       0.000000000000000E+000
   2.58480000000000       0.000000000000000E+000
   2.58720000000000       0.000000000000000E+000
   2.58960000000000       0.000000000000000E+000
   2.59200000000000       0.000000000000000E+000
   2.59440000000000       0.000000000000000E+000
   2.59680000000000       0.000000000000000E+000
   2.59920000000000       0.000000000000000E+000
   2.60160000000000       0.000000000000000E+000
   2.60400000000000       0.000000000000000E+000
   2.60640000000000       0.000000000000000E+000
   2.60880000000000       0.000000000000000E+000
   2.61120000000000       0.000000000000000E+000
   2.61360000000000       0.000000000000000E+000
   2.61600000000000       0.000000000000000E+000
   2.61840000000000       0.000000000000000E+000
   2.62080000000000       0.000000000000000E+000
   2.62320000000000       0.000000000000000E+000
   2.62560000000000       0.000000000000000E+000
   2.62800000000000       0.000000000000000E+000
   2.63040000000000       0.000000000000000E+000
   2.63280000000000       0.000000000000000E+000
   2.63520000000000       0.000000000000000E+000
   2.63760000000000       0.000000000000000E+000
   2.64000000000000       0.000000000000000E+000
   2.64240000000000       0.000000000000000E+000
   2.64480000000000       0.000000000000000E+000
   2.64720000000000       0.000000000000000E+000
   2.64960000000000       0.000000000000000E+000
   2.65200000000000       0.000000000000000E+000
   2.65440000000000       0.000000000000000E+000
   2.65680000000000       0.000000000000000E+000
   2.65920000000000       0.000000000000000E+000
   2.66160000000000       0.000000000000000E+000
   2.66400000000000       0.000000000000000E+000
   2.66640000000000       0.000000000000000E+000
   2.66880000000000       0.000000000000000E+000
   2.67120000000000       0.000000000000000E+000
   2.67360000000000       0.000000000000000E+000
   2.67600000000000       0.000000000000000E+000
   2.67840000000000       0.000000000000000E+000
   2.68080000000000       0.000000000000000E+000
   2.68320000000000       0.000000000000000E+000
   2.68560000000000       0.000000000000000E+000
   2.68800000000000       0.000000000000000E+000
   2.69040000000000       0.000000000000000E+000
   2.69280000000000       0.000000000000000E+000
   2.69520000000000       0.000000000000000E+000
   2.69760000000000       0.000000000000000E+000
   2.70000000000000       0.000000000000000E+000
   2.70240000000000       0.000000000000000E+000
   2.70480000000000       0.000000000000000E+000
   2.70720000000000       0.000000000000000E+000
   2.70960000000000       0.000000000000000E+000
   2.71200000000000       0.000000000000000E+000
   2.71440000000000       0.000000000000000E+000
   2.71680000000000       0.000000000000000E+000
   2.71920000000000       0.000000000000000E+000
   2.72160000000000       0.000000000000000E+000
   2.72400000000000       0.000000000000000E+000
   2.72640000000000       0.000000000000000E+000
   2.72880000000000       0.000000000000000E+000
   2.73120000000000       0.000000000000000E+000
   2.73360000000000       0.000000000000000E+000
   2.73600000000000       0.000000000000000E+000
   2.73840000000000       0.000000000000000E+000
   2.74080000000000       0.000000000000000E+000
   2.74320000000000       0.000000000000000E+000
   2.74560000000000       0.000000000000000E+000
   2.74800000000000       0.000000000000000E+000
   2.75040000000000       0.000000000000000E+000
   2.75280000000000       0.000000000000000E+000
   2.75520000000000       0.000000000000000E+000
   2.75760000000000       0.000000000000000E+000
   2.76000000000000       0.000000000000000E+000
   2.76240000000000       0.000000000000000E+000
   2.76480000000000       0.000000000000000E+000
   2.76720000000000       0.000000000000000E+000
   2.76960000000000       0.000000000000000E+000
   2.77200000000000       0.000000000000000E+000
   2.77440000000000       0.000000000000000E+000
   2.77680000000000       0.000000000000000E+000
   2.77920000000000       0.000000000000000E+000
   2.78160000000000       0.000000000000000E+000
   2.78400000000000       0.000000000000000E+000
   2.78640000000000       0.000000000000000E+000
   2.78880000000000       0.000000000000000E+000
   2.79120000000000       0.000000000000000E+000
   2.79360000000000       0.000000000000000E+000
   2.79600000000000       0.000000000000000E+000
   2.79840000000000       0.000000000000000E+000
   2.80080000000000       0.000000000000000E+000
   2.80320000000000       0.000000000000000E+000
   2.80560000000000       0.000000000000000E+000
   2.80800000000000       0.000000000000000E+000
   2.81040000000000       0.000000000000000E+000
   2.81280000000000       0.000000000000000E+000
   2.81520000000000       0.000000000000000E+000
   2.81760000000000       0.000000000000000E+000
   2.82000000000000       0.000000000000000E+000
   2.82240000000000       0.000000000000000E+000
   2.82480000000000       0.000000000000000E+000
   2.82720000000000       0.000000000000000E+000
   2.82960000000000       0.000000000000000E+000
   2.83200000000000       0.000000000000000E+000
   2.83440000000000       0.000000000000000E+000
   2.83680000000000       0.000000000000000E+000
   2.83920000000000       0.000000000000000E+000
   2.84160000000000       0.000000000000000E+000
   2.84400000000000       0.000000000000000E+000
   2.84640000000000       0.000000000000000E+000
   2.84880000000000       0.000000000000000E+000
   2.85120000000000       0.000000000000000E+000
   2.85360000000000       0.000000000000000E+000
   2.85600000000000       0.000000000000000E+000
   2.85840000000000       0.000000000000000E+000
   2.86080000000000       0.000000000000000E+000
   2.86320000000000       0.000000000000000E+000
   2.86560000000000       0.000000000000000E+000
   2.86800000000000       0.000000000000000E+000
   2.87040000000000       0.000000000000000E+000
   2.87280000000000       0.000000000000000E+000
   2.87520000000000       0.000000000000000E+000
   2.87760000000000       0.000000000000000E+000
   2.88000000000000       0.000000000000000E+000
   2.88240000000000       0.000000000000000E+000
   2.88480000000000       0.000000000000000E+000
   2.88720000000000       0.000000000000000E+000
   2.88960000000000       0.000000000000000E+000
   2.89200000000000       0.000000000000000E+000
   2.89440000000000       0.000000000000000E+000
   2.89680000000000       0.000000000000000E+000
   2.89920000000000       0.000000000000000E+000
   2.90160000000000       0.000000000000000E+000
   2.90400000000000       0.000000000000000E+000
   2.90640000000000       0.000000000000000E+000
   2.90880000000000       0.000000000000000E+000
   2.91120000000000       0.000000000000000E+000
   2.91360000000000       0.000000000000000E+000
   2.91600000000000       0.000000000000000E+000
   2.91840000000000       0.000000000000000E+000
   2.92080000000000       0.000000000000000E+000
   2.92320000000000       0.000000000000000E+000
   2.92560000000000       0.000000000000000E+000
   2.92800000000000       0.000000000000000E+000
   2.93040000000000       0.000000000000000E+000
   2.93280000000000       0.000000000000000E+000
   2.93520000000000       0.000000000000000E+000
   2.93760000000000       0.000000000000000E+000
   2.94000000000000       0.000000000000000E+000
   2.94240000000000       0.000000000000000E+000
   2.94480000000000       0.000000000000000E+000
   2.94720000000000       0.000000000000000E+000
   2.94960000000000       0.000000000000000E+000
   2.95200000000000       0.000000000000000E+000
   2.95440000000000       0.000000000000000E+000
   2.95680000000000       0.000000000000000E+000
   2.95920000000000       0.000000000000000E+000
   2.96160000000000       0.000000000000000E+000
   2.96400000000000       0.000000000000000E+000
   2.96640000000000       0.000000000000000E+000
   2.96880000000000       0.000000000000000E+000
   2.97120000000000       0.000000000000000E+000
   2.97360000000000       0.000000000000000E+000
   2.97600000000000       0.000000000000000E+000
   2.97840000000000       0.000000000000000E+000
   2.98080000000000       0.000000000000000E+000
   2.98320000000000       0.000000000000000E+000
   2.98560000000000       0.000000000000000E+000
   2.98800000000000       0.000000000000000E+000
   2.99040000000000       0.000000000000000E+000
   2.99280000000000       0.000000000000000E+000
   2.99520000000000       0.000000000000000E+000
   2.99760000000000       0.000000000000000E+000
   3.00000000000000       0.000000000000000E+000
   3.00240000000000       0.000000000000000E+000
   3.00480000000000       0.000000000000000E+000
   3.00720000000000       0.000000000000000E+000
   3.00960000000000       0.000000000000000E+000
   3.01200000000000       0.000000000000000E+000
   3.01440000000000       0.000000000000000E+000
   3.01680000000000       0.000000000000000E+000
   3.01920000000000       0.000000000000000E+000
   3.02160000000000       0.000000000000000E+000
   3.02400000000000       0.000000000000000E+000
   3.02640000000000       0.000000000000000E+000
   3.02880000000000       0.000000000000000E+000
   3.03120000000000       0.000000000000000E+000
   3.03360000000000       0.000000000000000E+000
   3.03600000000000       0.000000000000000E+000
   3.03840000000000       0.000000000000000E+000
   3.04080000000000       0.000000000000000E+000
   3.04320000000000       0.000000000000000E+000
   3.04560000000000       0.000000000000000E+000
   3.04800000000000       0.000000000000000E+000
   3.05040000000000       0.000000000000000E+000
   3.05280000000000       0.000000000000000E+000
   3.05520000000000       0.000000000000000E+000
   3.05760000000000       0.000000000000000E+000
   3.06000000000000       0.000000000000000E+000
   3.06240000000000       0.000000000000000E+000
   3.06480000000000       0.000000000000000E+000
   3.06720000000000       0.000000000000000E+000
   3.06960000000000       0.000000000000000E+000
   3.07200000000000       0.000000000000000E+000
   3.07440000000000       0.000000000000000E+000
   3.07680000000000       0.000000000000000E+000
   3.07920000000000       0.000000000000000E+000
   3.08160000000000       0.000000000000000E+000
   3.08400000000000       0.000000000000000E+000
   3.08640000000000       0.000000000000000E+000
   3.08880000000000       0.000000000000000E+000
   3.09120000000000       0.000000000000000E+000
   3.09360000000000       0.000000000000000E+000
   3.09600000000000       0.000000000000000E+000
   3.09840000000000       0.000000000000000E+000
   3.10080000000000       0.000000000000000E+000
   3.10320000000000       0.000000000000000E+000
   3.10560000000000       0.000000000000000E+000
   3.10800000000000       0.000000000000000E+000
   3.11040000000000       0.000000000000000E+000
   3.11280000000000       0.000000000000000E+000
   3.11520000000000       0.000000000000000E+000
   3.11760000000000       0.000000000000000E+000
   3.12000000000000       0.000000000000000E+000
   3.12240000000000       0.000000000000000E+000
   3.12480000000000       0.000000000000000E+000
   3.12720000000000       0.000000000000000E+000
   3.12960000000000       0.000000000000000E+000
   3.13200000000000       0.000000000000000E+000
   3.13440000000000       0.000000000000000E+000
   3.13680000000000       0.000000000000000E+000
   3.13920000000000       0.000000000000000E+000
   3.14160000000000       0.000000000000000E+000
   3.14400000000000       0.000000000000000E+000
   3.14640000000000       0.000000000000000E+000
   3.14880000000000       0.000000000000000E+000
   3.15120000000000       0.000000000000000E+000
   3.15360000000000       0.000000000000000E+000
   3.15600000000000       0.000000000000000E+000
   3.15840000000000       0.000000000000000E+000
   3.16080000000000       0.000000000000000E+000
   3.16320000000000       0.000000000000000E+000
   3.16560000000000       0.000000000000000E+000
   3.16800000000000       0.000000000000000E+000
   3.17040000000000       0.000000000000000E+000
   3.17280000000000       0.000000000000000E+000
   3.17520000000000       0.000000000000000E+000
   3.17760000000000       0.000000000000000E+000
   3.18000000000000       0.000000000000000E+000
   3.18240000000000       0.000000000000000E+000
   3.18480000000000       0.000000000000000E+000
   3.18720000000000       0.000000000000000E+000
   3.18960000000000       0.000000000000000E+000
   3.19200000000000       0.000000000000000E+000
   3.19440000000000       0.000000000000000E+000
   3.19680000000000       0.000000000000000E+000
   3.19920000000000       0.000000000000000E+000
   3.20160000000000       0.000000000000000E+000
   3.20400000000000       0.000000000000000E+000
   3.20640000000000       0.000000000000000E+000
   3.20880000000000       0.000000000000000E+000
   3.21120000000000       0.000000000000000E+000
   3.21360000000000       0.000000000000000E+000
   3.21600000000000       0.000000000000000E+000
   3.21840000000000       0.000000000000000E+000
   3.22080000000000       0.000000000000000E+000
   3.22320000000000       0.000000000000000E+000
   3.22560000000000       0.000000000000000E+000
   3.22800000000000       0.000000000000000E+000
   3.23040000000000       0.000000000000000E+000
   3.23280000000000       0.000000000000000E+000
   3.23520000000000       0.000000000000000E+000
   3.23760000000000       0.000000000000000E+000
   3.24000000000000       0.000000000000000E+000
   3.24240000000000       0.000000000000000E+000
   3.24480000000000       0.000000000000000E+000
   3.24720000000000       0.000000000000000E+000
   3.24960000000000       0.000000000000000E+000
   3.25200000000000       0.000000000000000E+000
   3.25440000000000       0.000000000000000E+000
   3.25680000000000       0.000000000000000E+000
   3.25920000000000       0.000000000000000E+000
   3.26160000000000       0.000000000000000E+000
   3.26400000000000       0.000000000000000E+000
   3.26640000000000       0.000000000000000E+000
   3.26880000000000       0.000000000000000E+000
   3.27120000000000       0.000000000000000E+000
   3.27360000000000       0.000000000000000E+000
   3.27600000000000       0.000000000000000E+000
   3.27840000000000       0.000000000000000E+000
   3.28080000000000       0.000000000000000E+000
   3.28320000000000       0.000000000000000E+000
   3.28560000000000       0.000000000000000E+000
   3.28800000000000       0.000000000000000E+000
   3.29040000000000       0.000000000000000E+000
   3.29280000000000       0.000000000000000E+000
   3.29520000000000       0.000000000000000E+000
   3.29760000000000       0.000000000000000E+000
   3.30000000000000       0.000000000000000E+000
   3.30240000000000       0.000000000000000E+000
   3.30480000000000       0.000000000000000E+000
   3.30720000000000       0.000000000000000E+000
   3.30960000000000       0.000000000000000E+000
   3.31200000000000       0.000000000000000E+000
   3.31440000000000       0.000000000000000E+000
   3.31680000000000       0.000000000000000E+000
   3.31920000000000       0.000000000000000E+000
   3.32160000000000       0.000000000000000E+000
   3.32400000000000       0.000000000000000E+000
   3.32640000000000       0.000000000000000E+000
   3.32880000000000       0.000000000000000E+000
   3.33120000000000       0.000000000000000E+000
   3.33360000000000       0.000000000000000E+000
   3.33600000000000       0.000000000000000E+000
   3.33840000000000       0.000000000000000E+000
   3.34080000000000       0.000000000000000E+000
   3.34320000000000       0.000000000000000E+000
   3.34560000000000       0.000000000000000E+000
   3.34800000000000       0.000000000000000E+000
   3.35040000000000       0.000000000000000E+000
   3.35280000000000       0.000000000000000E+000
   3.35520000000000       0.000000000000000E+000
   3.35760000000000       0.000000000000000E+000
   3.36000000000000       0.000000000000000E+000
   3.36240000000000       0.000000000000000E+000
   3.36480000000000       0.000000000000000E+000
   3.36720000000000       0.000000000000000E+000
   3.36960000000000       0.000000000000000E+000
   3.37200000000000       0.000000000000000E+000
   3.37440000000000       0.000000000000000E+000
   3.37680000000000       0.000000000000000E+000
   3.37920000000000       0.000000000000000E+000
   3.38160000000000       0.000000000000000E+000
   3.38400000000000       0.000000000000000E+000
   3.38640000000000       0.000000000000000E+000
   3.38880000000000       0.000000000000000E+000
   3.39120000000000       0.000000000000000E+000
   3.39360000000000       0.000000000000000E+000
   3.39600000000000       0.000000000000000E+000
   3.39840000000000       0.000000000000000E+000
   3.40080000000000       0.000000000000000E+000
   3.40320000000000       0.000000000000000E+000
   3.40560000000000       0.000000000000000E+000
   3.40800000000000       0.000000000000000E+000
   3.41040000000000       0.000000000000000E+000
   3.41280000000000       0.000000000000000E+000
   3.41520000000000       0.000000000000000E+000
   3.41760000000000       0.000000000000000E+000
   3.42000000000000       0.000000000000000E+000
   3.42240000000000       0.000000000000000E+000
   3.42480000000000       0.000000000000000E+000
   3.42720000000000       0.000000000000000E+000
   3.42960000000000       0.000000000000000E+000
   3.43200000000000       0.000000000000000E+000
   3.43440000000000       0.000000000000000E+000
   3.43680000000000       0.000000000000000E+000
   3.43920000000000       0.000000000000000E+000
   3.44160000000000       0.000000000000000E+000
   3.44400000000000       0.000000000000000E+000
   3.44640000000000       0.000000000000000E+000
   3.44880000000000       0.000000000000000E+000
   3.45120000000000       0.000000000000000E+000
   3.45360000000000       0.000000000000000E+000
   3.45600000000000       0.000000000000000E+000
   3.45840000000000       0.000000000000000E+000
   3.46080000000000       0.000000000000000E+000
   3.46320000000000       0.000000000000000E+000
   3.46560000000000       0.000000000000000E+000
   3.46800000000000       0.000000000000000E+000
   3.47040000000000       0.000000000000000E+000
   3.47280000000000       0.000000000000000E+000
   3.47520000000000       0.000000000000000E+000
   3.47760000000000       0.000000000000000E+000
   3.48000000000000       0.000000000000000E+000
   3.48240000000000       0.000000000000000E+000
   3.48480000000000       0.000000000000000E+000
   3.48720000000000       0.000000000000000E+000
   3.48960000000000       0.000000000000000E+000
   3.49200000000000       0.000000000000000E+000
   3.49440000000000       0.000000000000000E+000
   3.49680000000000       0.000000000000000E+000
   3.49920000000000       0.000000000000000E+000
   3.50160000000000       0.000000000000000E+000
   3.50400000000000       0.000000000000000E+000
   3.50640000000000       0.000000000000000E+000
   3.50880000000000       0.000000000000000E+000
   3.51120000000000       0.000000000000000E+000
   3.51360000000000       0.000000000000000E+000
   3.51600000000000       0.000000000000000E+000
   3.51840000000000       0.000000000000000E+000
   3.52080000000000       0.000000000000000E+000
   3.52320000000000       0.000000000000000E+000
   3.52560000000000       0.000000000000000E+000
   3.52800000000000       0.000000000000000E+000
   3.53040000000000       0.000000000000000E+000
   3.53280000000000       0.000000000000000E+000
   3.53520000000000       0.000000000000000E+000
   3.53760000000000       0.000000000000000E+000
   3.54000000000000       0.000000000000000E+000
   3.54240000000000       0.000000000000000E+000
   3.54480000000000       0.000000000000000E+000
   3.54720000000000       0.000000000000000E+000
   3.54960000000000       0.000000000000000E+000
   3.55200000000000       0.000000000000000E+000
   3.55440000000000       0.000000000000000E+000
   3.55680000000000       0.000000000000000E+000
   3.55920000000000       0.000000000000000E+000
   3.56160000000000       0.000000000000000E+000
   3.56400000000000       0.000000000000000E+000
   3.56640000000000       0.000000000000000E+000
   3.56880000000000       0.000000000000000E+000
   3.57120000000000       0.000000000000000E+000
   3.57360000000000       0.000000000000000E+000
   3.57600000000000       0.000000000000000E+000
   3.57840000000000       0.000000000000000E+000
   3.58080000000000       0.000000000000000E+000
   3.58320000000000       0.000000000000000E+000
   3.58560000000000       0.000000000000000E+000
   3.58800000000000       0.000000000000000E+000
   3.59040000000000       0.000000000000000E+000
   3.59280000000000       0.000000000000000E+000
   3.59520000000000       0.000000000000000E+000
   3.59760000000000       0.000000000000000E+000
   3.60000000000000       0.000000000000000E+000
   3.60240000000000       0.000000000000000E+000
   3.60480000000000       0.000000000000000E+000
   3.60720000000000       0.000000000000000E+000
   3.60960000000000       0.000000000000000E+000
   3.61200000000000       0.000000000000000E+000
   3.61440000000000       0.000000000000000E+000
   3.61680000000000       0.000000000000000E+000
   3.61920000000000       0.000000000000000E+000
   3.62160000000000       0.000000000000000E+000
   3.62400000000000       0.000000000000000E+000
   3.62640000000000       0.000000000000000E+000
   3.62880000000000       0.000000000000000E+000
   3.63120000000000       0.000000000000000E+000
   3.63360000000000       0.000000000000000E+000
   3.63600000000000       0.000000000000000E+000
   3.63840000000000       0.000000000000000E+000
   3.64080000000000       0.000000000000000E+000
   3.64320000000000       0.000000000000000E+000
   3.64560000000000       0.000000000000000E+000
   3.64800000000000       0.000000000000000E+000
   3.65040000000000       0.000000000000000E+000
   3.65280000000000       0.000000000000000E+000
   3.65520000000000       0.000000000000000E+000
   3.65760000000000       0.000000000000000E+000
   3.66000000000000       0.000000000000000E+000
   3.66240000000000       0.000000000000000E+000
   3.66480000000000       0.000000000000000E+000
   3.66720000000000       0.000000000000000E+000
   3.66960000000000       0.000000000000000E+000
   3.67200000000000       0.000000000000000E+000
   3.67440000000000       0.000000000000000E+000
   3.67680000000000       0.000000000000000E+000
   3.67920000000000       0.000000000000000E+000
   3.68160000000000       0.000000000000000E+000
   3.68400000000000       0.000000000000000E+000
   3.68640000000000       0.000000000000000E+000
   3.68880000000000       0.000000000000000E+000
   3.69120000000000       0.000000000000000E+000
   3.69360000000000       0.000000000000000E+000
   3.69600000000000       0.000000000000000E+000
   3.69840000000000       0.000000000000000E+000
   3.70080000000000       0.000000000000000E+000
   3.70320000000000       0.000000000000000E+000
   3.70560000000000       0.000000000000000E+000
   3.70800000000000       0.000000000000000E+000
   3.71040000000000       0.000000000000000E+000
   3.71280000000000       0.000000000000000E+000
   3.71520000000000       0.000000000000000E+000
   3.71760000000000       0.000000000000000E+000
   3.72000000000000       0.000000000000000E+000
   3.72240000000000       0.000000000000000E+000
   3.72480000000000       0.000000000000000E+000
   3.72720000000000       0.000000000000000E+000
   3.72960000000000       0.000000000000000E+000
   3.73200000000000       0.000000000000000E+000
   3.73440000000000       0.000000000000000E+000
   3.73680000000000       0.000000000000000E+000
   3.73920000000000       0.000000000000000E+000
   3.74160000000000       0.000000000000000E+000
   3.74400000000000       0.000000000000000E+000
   3.74640000000000       0.000000000000000E+000
   3.74880000000000       0.000000000000000E+000
   3.75120000000000       0.000000000000000E+000
   3.75360000000000       0.000000000000000E+000
   3.75600000000000       0.000000000000000E+000
   3.75840000000000       0.000000000000000E+000
   3.76080000000000       0.000000000000000E+000
   3.76320000000000       0.000000000000000E+000
   3.76560000000000       0.000000000000000E+000
   3.76800000000000       0.000000000000000E+000
   3.77040000000000       0.000000000000000E+000
   3.77280000000000       0.000000000000000E+000
   3.77520000000000       0.000000000000000E+000
   3.77760000000000       0.000000000000000E+000
   3.78000000000000       0.000000000000000E+000
   3.78240000000000       0.000000000000000E+000
   3.78480000000000       0.000000000000000E+000
   3.78720000000000       0.000000000000000E+000
   3.78960000000000       0.000000000000000E+000
   3.79200000000000       0.000000000000000E+000
   3.79440000000000       0.000000000000000E+000
   3.79680000000000       0.000000000000000E+000
   3.79920000000000       0.000000000000000E+000
   3.80160000000000       0.000000000000000E+000
   3.80400000000000       0.000000000000000E+000
   3.80640000000000       0.000000000000000E+000
   3.80880000000000       0.000000000000000E+000
   3.81120000000000       0.000000000000000E+000
   3.81360000000000       0.000000000000000E+000
   3.81600000000000       0.000000000000000E+000
   3.81840000000000       0.000000000000000E+000
   3.82080000000000       0.000000000000000E+000
   3.82320000000000       0.000000000000000E+000
   3.82560000000000       0.000000000000000E+000
   3.82800000000000       0.000000000000000E+000
   3.83040000000000       0.000000000000000E+000
   3.83280000000000       0.000000000000000E+000
   3.83520000000000       0.000000000000000E+000
   3.83760000000000       0.000000000000000E+000
   3.84000000000000       0.000000000000000E+000
   3.84240000000000       0.000000000000000E+000
   3.84480000000000       0.000000000000000E+000
   3.84720000000000       0.000000000000000E+000
   3.84960000000000       0.000000000000000E+000
   3.85200000000000       0.000000000000000E+000
   3.85440000000000       0.000000000000000E+000
   3.85680000000000       0.000000000000000E+000
   3.85920000000000       0.000000000000000E+000
   3.86160000000000       0.000000000000000E+000
   3.86400000000000       0.000000000000000E+000
   3.86640000000000       0.000000000000000E+000
   3.86880000000000       0.000000000000000E+000
   3.87120000000000       0.000000000000000E+000
   3.87360000000000       0.000000000000000E+000
   3.87600000000000       0.000000000000000E+000
   3.87840000000000       0.000000000000000E+000
   3.88080000000000       0.000000000000000E+000
   3.88320000000000       0.000000000000000E+000
   3.88560000000000       0.000000000000000E+000
   3.88800000000000       0.000000000000000E+000
   3.89040000000000       0.000000000000000E+000
   3.89280000000000       0.000000000000000E+000
   3.89520000000000       0.000000000000000E+000
   3.89760000000000       0.000000000000000E+000
   3.90000000000000       0.000000000000000E+000
   3.90240000000000       0.000000000000000E+000
   3.90480000000000       0.000000000000000E+000
   3.90720000000000       0.000000000000000E+000
   3.90960000000000       0.000000000000000E+000
   3.91200000000000       0.000000000000000E+000
   3.91440000000000       0.000000000000000E+000
   3.91680000000000       0.000000000000000E+000
   3.91920000000000       0.000000000000000E+000
   3.92160000000000       0.000000000000000E+000
   3.92400000000000       0.000000000000000E+000
   3.92640000000000       0.000000000000000E+000
   3.92880000000000       0.000000000000000E+000
   3.93120000000000       0.000000000000000E+000
   3.93360000000000       0.000000000000000E+000
   3.93600000000000       0.000000000000000E+000
   3.93840000000000       0.000000000000000E+000
   3.94080000000000       0.000000000000000E+000
   3.94320000000000       0.000000000000000E+000
   3.94560000000000       0.000000000000000E+000
   3.94800000000000       0.000000000000000E+000
   3.95040000000000       0.000000000000000E+000
   3.95280000000000       0.000000000000000E+000
   3.95520000000000       0.000000000000000E+000
   3.95760000000000       0.000000000000000E+000
   3.96000000000000       0.000000000000000E+000
   3.96240000000000       0.000000000000000E+000
   3.96480000000000       0.000000000000000E+000
   3.96720000000000       0.000000000000000E+000
   3.96960000000000       0.000000000000000E+000
   3.97200000000000       0.000000000000000E+000
   3.97440000000000       0.000000000000000E+000
   3.97680000000000       0.000000000000000E+000
   3.97920000000000       0.000000000000000E+000
   3.98160000000000       0.000000000000000E+000
   3.98400000000000       0.000000000000000E+000
   3.98640000000000       0.000000000000000E+000
   3.98880000000000       0.000000000000000E+000
   3.99120000000000       0.000000000000000E+000
   3.99360000000000       0.000000000000000E+000
   3.99600000000000       0.000000000000000E+000
   3.99840000000000       0.000000000000000E+000
   4.00080000000000       0.000000000000000E+000
   4.00320000000000       0.000000000000000E+000
   4.00560000000000       0.000000000000000E+000
   4.00800000000000       0.000000000000000E+000
   4.01040000000000       0.000000000000000E+000
   4.01280000000000       0.000000000000000E+000
   4.01520000000000       0.000000000000000E+000
   4.01760000000000       0.000000000000000E+000
   4.02000000000000       0.000000000000000E+000
   4.02240000000000       0.000000000000000E+000
   4.02480000000000       0.000000000000000E+000
   4.02720000000000       0.000000000000000E+000
   4.02960000000000       0.000000000000000E+000
   4.03200000000000       0.000000000000000E+000
   4.03440000000000       0.000000000000000E+000
   4.03680000000000       0.000000000000000E+000
   4.03920000000000       0.000000000000000E+000
   4.04160000000000       0.000000000000000E+000
   4.04400000000000       0.000000000000000E+000
   4.04640000000000       0.000000000000000E+000
   4.04880000000000       0.000000000000000E+000
   4.05120000000000       0.000000000000000E+000
   4.05360000000000       0.000000000000000E+000
   4.05600000000000       0.000000000000000E+000
   4.05840000000000       0.000000000000000E+000
   4.06080000000000       0.000000000000000E+000
   4.06320000000000       0.000000000000000E+000
   4.06560000000000       0.000000000000000E+000
   4.06800000000000       0.000000000000000E+000
   4.07040000000000       0.000000000000000E+000
   4.07280000000000       0.000000000000000E+000
   4.07520000000000       0.000000000000000E+000
   4.07760000000000       0.000000000000000E+000
   4.08000000000000       0.000000000000000E+000
   4.08240000000000       0.000000000000000E+000
   4.08480000000000       0.000000000000000E+000
   4.08720000000000       0.000000000000000E+000
   4.08960000000000       0.000000000000000E+000
   4.09200000000000       0.000000000000000E+000
   4.09440000000000       0.000000000000000E+000
   4.09680000000000       0.000000000000000E+000
   4.09920000000000       0.000000000000000E+000
   4.10160000000000       0.000000000000000E+000
   4.10400000000000       0.000000000000000E+000
   4.10640000000000       0.000000000000000E+000
   4.10880000000000       0.000000000000000E+000
   4.11120000000000       0.000000000000000E+000
   4.11360000000000       0.000000000000000E+000
   4.11600000000000       0.000000000000000E+000
   4.11840000000000       0.000000000000000E+000
   4.12080000000000       0.000000000000000E+000
   4.12320000000000       0.000000000000000E+000
   4.12560000000000       0.000000000000000E+000
   4.12800000000000       0.000000000000000E+000
   4.13040000000000       0.000000000000000E+000
   4.13280000000000       0.000000000000000E+000
   4.13520000000000       0.000000000000000E+000
   4.13760000000000       0.000000000000000E+000
   4.14000000000000       0.000000000000000E+000
   4.14240000000000       0.000000000000000E+000
   4.14480000000000       0.000000000000000E+000
   4.14720000000000       0.000000000000000E+000
   4.14960000000000       0.000000000000000E+000
   4.15200000000000       0.000000000000000E+000
   4.15440000000000       0.000000000000000E+000
   4.15680000000000       0.000000000000000E+000
   4.15920000000000       0.000000000000000E+000
   4.16160000000000       0.000000000000000E+000
   4.16400000000000       0.000000000000000E+000
   4.16640000000000       0.000000000000000E+000
   4.16880000000000       0.000000000000000E+000
   4.17120000000000       0.000000000000000E+000
   4.17360000000000       0.000000000000000E+000
   4.17600000000000       0.000000000000000E+000
   4.17840000000000       0.000000000000000E+000
   4.18080000000000       0.000000000000000E+000
   4.18320000000000       0.000000000000000E+000
   4.18560000000000       0.000000000000000E+000
   4.18800000000000       0.000000000000000E+000
   4.19040000000000       0.000000000000000E+000
   4.19280000000000       0.000000000000000E+000
   4.19520000000000       0.000000000000000E+000
   4.19760000000000       0.000000000000000E+000
   4.20000000000000       0.000000000000000E+000
   4.20240000000000       0.000000000000000E+000
   4.20480000000000       0.000000000000000E+000
   4.20720000000000       0.000000000000000E+000
   4.20960000000000       0.000000000000000E+000
   4.21200000000000       0.000000000000000E+000
   4.21440000000000       0.000000000000000E+000
   4.21680000000000       0.000000000000000E+000
   4.21920000000000       0.000000000000000E+000
   4.22160000000000       0.000000000000000E+000
   4.22400000000000       0.000000000000000E+000
   4.22640000000000       0.000000000000000E+000
   4.22880000000000       0.000000000000000E+000
   4.23120000000000       0.000000000000000E+000
   4.23360000000000       0.000000000000000E+000
   4.23600000000000       0.000000000000000E+000
   4.23840000000000       0.000000000000000E+000
   4.24080000000000       0.000000000000000E+000
   4.24320000000000       0.000000000000000E+000
   4.24560000000000       0.000000000000000E+000
   4.24800000000000       0.000000000000000E+000
   4.25040000000000       0.000000000000000E+000
   4.25280000000000       0.000000000000000E+000
   4.25520000000000       0.000000000000000E+000
   4.25760000000000       0.000000000000000E+000
   4.26000000000000       0.000000000000000E+000
   4.26240000000000       0.000000000000000E+000
   4.26480000000000       0.000000000000000E+000
   4.26720000000000       0.000000000000000E+000
   4.26960000000000       0.000000000000000E+000
   4.27200000000000       0.000000000000000E+000
   4.27440000000000       0.000000000000000E+000
   4.27680000000000       0.000000000000000E+000
   4.27920000000000       0.000000000000000E+000
   4.28160000000000       0.000000000000000E+000
   4.28400000000000       0.000000000000000E+000
   4.28640000000000       0.000000000000000E+000
   4.28880000000000       0.000000000000000E+000
   4.29120000000000       0.000000000000000E+000
   4.29360000000000       0.000000000000000E+000
   4.29600000000000       0.000000000000000E+000
   4.29840000000000       0.000000000000000E+000
   4.30080000000000       0.000000000000000E+000
   4.30320000000000       0.000000000000000E+000
   4.30560000000000       0.000000000000000E+000
   4.30800000000000       0.000000000000000E+000
   4.31040000000000       0.000000000000000E+000
   4.31280000000000       0.000000000000000E+000
   4.31520000000000       0.000000000000000E+000
   4.31760000000000       0.000000000000000E+000
   4.32000000000000       0.000000000000000E+000
   4.32240000000000       0.000000000000000E+000
   4.32480000000000       0.000000000000000E+000
   4.32720000000000       0.000000000000000E+000
   4.32960000000000       0.000000000000000E+000
   4.33200000000000       0.000000000000000E+000
   4.33440000000000       0.000000000000000E+000
   4.33680000000000       0.000000000000000E+000
   4.33920000000000       0.000000000000000E+000
   4.34160000000000       0.000000000000000E+000
   4.34400000000000       0.000000000000000E+000
   4.34640000000000       0.000000000000000E+000
   4.34880000000000       0.000000000000000E+000
   4.35120000000000       0.000000000000000E+000
   4.35360000000000       0.000000000000000E+000
   4.35600000000000       0.000000000000000E+000
   4.35840000000000       0.000000000000000E+000
   4.36080000000000       0.000000000000000E+000
   4.36320000000000       0.000000000000000E+000
   4.36560000000000       0.000000000000000E+000
   4.36800000000000       0.000000000000000E+000
   4.37040000000000       0.000000000000000E+000
   4.37280000000000       0.000000000000000E+000
   4.37520000000000       0.000000000000000E+000
   4.37760000000000       0.000000000000000E+000
   4.38000000000000       0.000000000000000E+000
   4.38240000000000       0.000000000000000E+000
   4.38480000000000       0.000000000000000E+000
   4.38720000000000       0.000000000000000E+000
   4.38960000000000       0.000000000000000E+000
   4.39200000000000       0.000000000000000E+000
   4.39440000000000       0.000000000000000E+000
   4.39680000000000       0.000000000000000E+000
   4.39920000000000       0.000000000000000E+000
   4.40160000000000       0.000000000000000E+000
   4.40400000000000       0.000000000000000E+000
   4.40640000000000       0.000000000000000E+000
   4.40880000000000       0.000000000000000E+000
   4.41120000000000       0.000000000000000E+000
   4.41360000000000       0.000000000000000E+000
   4.41600000000000       0.000000000000000E+000
   4.41840000000000       0.000000000000000E+000
   4.42080000000000       0.000000000000000E+000
   4.42320000000000       0.000000000000000E+000
   4.42560000000000       0.000000000000000E+000
   4.42800000000000       0.000000000000000E+000
   4.43040000000000       0.000000000000000E+000
   4.43280000000000       0.000000000000000E+000
   4.43520000000000       0.000000000000000E+000
   4.43760000000000       0.000000000000000E+000
   4.44000000000000       0.000000000000000E+000
   4.44240000000000       0.000000000000000E+000
   4.44480000000000       0.000000000000000E+000
   4.44720000000000       0.000000000000000E+000
   4.44960000000000       0.000000000000000E+000
   4.45200000000000       0.000000000000000E+000
   4.45440000000000       0.000000000000000E+000
   4.45680000000000       0.000000000000000E+000
   4.45920000000000       0.000000000000000E+000
   4.46160000000000       0.000000000000000E+000
   4.46400000000000       0.000000000000000E+000
   4.46640000000000       0.000000000000000E+000
   4.46880000000000       0.000000000000000E+000
   4.47120000000000       0.000000000000000E+000
   4.47360000000000       0.000000000000000E+000
   4.47600000000000       0.000000000000000E+000
   4.47840000000000       0.000000000000000E+000
   4.48080000000000       0.000000000000000E+000
   4.48320000000000       0.000000000000000E+000
   4.48560000000000       0.000000000000000E+000
   4.48800000000000       0.000000000000000E+000
   4.49040000000000       0.000000000000000E+000
   4.49280000000000       0.000000000000000E+000
   4.49520000000000       0.000000000000000E+000
   4.49760000000000       0.000000000000000E+000
   4.50000000000000       0.000000000000000E+000
   4.50240000000000       0.000000000000000E+000
   4.50480000000000       0.000000000000000E+000
   4.50720000000000       0.000000000000000E+000
   4.50960000000000       0.000000000000000E+000
   4.51200000000000       0.000000000000000E+000
   4.51440000000000       0.000000000000000E+000
   4.51680000000000       0.000000000000000E+000
   4.51920000000000       0.000000000000000E+000
   4.52160000000000       0.000000000000000E+000
   4.52400000000000       0.000000000000000E+000
   4.52640000000000       0.000000000000000E+000
   4.52880000000000       0.000000000000000E+000
   4.53120000000000       0.000000000000000E+000
   4.53360000000000       0.000000000000000E+000
   4.53600000000000       0.000000000000000E+000
   4.53840000000000       0.000000000000000E+000
   4.54080000000000       0.000000000000000E+000
   4.54320000000000       0.000000000000000E+000
   4.54560000000000       0.000000000000000E+000
   4.54800000000000       0.000000000000000E+000
   4.55040000000000       0.000000000000000E+000
   4.55280000000000       0.000000000000000E+000
   4.55520000000000       0.000000000000000E+000
   4.55760000000000       0.000000000000000E+000
   4.56000000000000       0.000000000000000E+000
   4.56240000000000       0.000000000000000E+000
   4.56480000000000       0.000000000000000E+000
   4.56720000000000       0.000000000000000E+000
   4.56960000000000       0.000000000000000E+000
   4.57200000000000       0.000000000000000E+000
   4.57440000000000       0.000000000000000E+000
   4.57680000000000       0.000000000000000E+000
   4.57920000000000       0.000000000000000E+000
   4.58160000000000       0.000000000000000E+000
   4.58400000000000       0.000000000000000E+000
   4.58640000000000       0.000000000000000E+000
   4.58880000000000       0.000000000000000E+000
   4.59120000000000       0.000000000000000E+000
   4.59360000000000       0.000000000000000E+000
   4.59600000000000       0.000000000000000E+000
   4.59840000000000       0.000000000000000E+000
   4.60080000000000       0.000000000000000E+000
   4.60320000000000       0.000000000000000E+000
   4.60560000000000       0.000000000000000E+000
   4.60800000000000       0.000000000000000E+000
   4.61040000000000       0.000000000000000E+000
   4.61280000000000       0.000000000000000E+000
   4.61520000000000       0.000000000000000E+000
   4.61760000000000       0.000000000000000E+000
   4.62000000000000       0.000000000000000E+000
   4.62240000000000       0.000000000000000E+000
   4.62480000000000       0.000000000000000E+000
   4.62720000000000       0.000000000000000E+000
   4.62960000000000       0.000000000000000E+000
   4.63200000000000       0.000000000000000E+000
   4.63440000000000       0.000000000000000E+000
   4.63680000000000       0.000000000000000E+000
   4.63920000000000       0.000000000000000E+000
   4.64160000000000       0.000000000000000E+000
   4.64400000000000       0.000000000000000E+000
   4.64640000000000       0.000000000000000E+000
   4.64880000000000       0.000000000000000E+000
   4.65120000000000       0.000000000000000E+000
   4.65360000000000       0.000000000000000E+000
   4.65600000000000       0.000000000000000E+000
   4.65840000000000       0.000000000000000E+000
   4.66080000000000       0.000000000000000E+000
   4.66320000000000       0.000000000000000E+000
   4.66560000000000       0.000000000000000E+000
   4.66800000000000       0.000000000000000E+000
   4.67040000000000       0.000000000000000E+000
   4.67280000000000       0.000000000000000E+000
   4.67520000000000       0.000000000000000E+000
   4.67760000000000       0.000000000000000E+000
   4.68000000000000       0.000000000000000E+000
   4.68240000000000       0.000000000000000E+000
   4.68480000000000       0.000000000000000E+000
   4.68720000000000       0.000000000000000E+000
   4.68960000000000       0.000000000000000E+000
   4.69200000000000       0.000000000000000E+000
   4.69440000000000       0.000000000000000E+000
   4.69680000000000       0.000000000000000E+000
   4.69920000000000       0.000000000000000E+000
   4.70160000000000       0.000000000000000E+000
   4.70400000000000       0.000000000000000E+000
   4.70640000000000       0.000000000000000E+000
   4.70880000000000       0.000000000000000E+000
   4.71120000000000       0.000000000000000E+000
   4.71360000000000       0.000000000000000E+000
   4.71600000000000       0.000000000000000E+000
   4.71840000000000       0.000000000000000E+000
   4.72080000000000       0.000000000000000E+000
   4.72320000000000       0.000000000000000E+000
   4.72560000000000       0.000000000000000E+000
   4.72800000000000       0.000000000000000E+000
   4.73040000000000       0.000000000000000E+000
   4.73280000000000       0.000000000000000E+000
   4.73520000000000       0.000000000000000E+000
   4.73760000000000       0.000000000000000E+000
   4.74000000000000       0.000000000000000E+000
   4.74240000000000       0.000000000000000E+000
   4.74480000000000       0.000000000000000E+000
   4.74720000000000       0.000000000000000E+000
   4.74960000000000       0.000000000000000E+000
   4.75200000000000       0.000000000000000E+000
   4.75440000000000       0.000000000000000E+000
   4.75680000000000       0.000000000000000E+000
   4.75920000000000       0.000000000000000E+000
   4.76160000000000       0.000000000000000E+000
   4.76400000000000       0.000000000000000E+000
   4.76640000000000       0.000000000000000E+000
   4.76880000000000       0.000000000000000E+000
   4.77120000000000       0.000000000000000E+000
   4.77360000000000       0.000000000000000E+000
   4.77600000000000       0.000000000000000E+000
   4.77840000000000       0.000000000000000E+000
   4.78080000000000       0.000000000000000E+000
   4.78320000000000       0.000000000000000E+000
   4.78560000000000       0.000000000000000E+000
   4.78800000000000       0.000000000000000E+000
   4.79040000000000       0.000000000000000E+000
   4.79280000000000       0.000000000000000E+000
   4.79520000000000       0.000000000000000E+000
   4.79760000000000       0.000000000000000E+000
   4.80000000000000       0.000000000000000E+000
   4.80240000000000       0.000000000000000E+000
   4.80480000000000       0.000000000000000E+000
   4.80720000000000       0.000000000000000E+000
   4.80960000000000       0.000000000000000E+000
   4.81200000000000       0.000000000000000E+000
   4.81440000000000       0.000000000000000E+000
   4.81680000000000       0.000000000000000E+000
   4.81920000000000       0.000000000000000E+000
   4.82160000000000       0.000000000000000E+000
   4.82400000000000       0.000000000000000E+000
   4.82640000000000       0.000000000000000E+000
   4.82880000000000       0.000000000000000E+000
   4.83120000000000       0.000000000000000E+000
   4.83360000000000       0.000000000000000E+000
   4.83600000000000       0.000000000000000E+000
   4.83840000000000       0.000000000000000E+000
   4.84080000000000       0.000000000000000E+000
   4.84320000000000       0.000000000000000E+000
   4.84560000000000       0.000000000000000E+000
   4.84800000000000       0.000000000000000E+000
   4.85040000000000       0.000000000000000E+000
   4.85280000000000       0.000000000000000E+000
   4.85520000000000       0.000000000000000E+000
   4.85760000000000       0.000000000000000E+000
   4.86000000000000       0.000000000000000E+000
   4.86240000000000       0.000000000000000E+000
   4.86480000000000       0.000000000000000E+000
   4.86720000000000       0.000000000000000E+000
   4.86960000000000       0.000000000000000E+000
   4.87200000000000       0.000000000000000E+000
   4.87440000000000       0.000000000000000E+000
   4.87680000000000       0.000000000000000E+000
   4.87920000000000       0.000000000000000E+000
   4.88160000000000       0.000000000000000E+000
   4.88400000000000       0.000000000000000E+000
   4.88640000000000       0.000000000000000E+000
   4.88880000000000       0.000000000000000E+000
   4.89120000000000       0.000000000000000E+000
   4.89360000000000       0.000000000000000E+000
   4.89600000000000       0.000000000000000E+000
   4.89840000000000       0.000000000000000E+000
   4.90080000000000       0.000000000000000E+000
   4.90320000000000       0.000000000000000E+000
   4.90560000000000       0.000000000000000E+000
   4.90800000000000       0.000000000000000E+000
   4.91040000000000       0.000000000000000E+000
   4.91280000000000       0.000000000000000E+000
   4.91520000000000       0.000000000000000E+000
   4.91760000000000       0.000000000000000E+000
   4.92000000000000       0.000000000000000E+000
   4.92240000000000       0.000000000000000E+000
   4.92480000000000       0.000000000000000E+000
   4.92720000000000       0.000000000000000E+000
   4.92960000000000       0.000000000000000E+000
   4.93200000000000       0.000000000000000E+000
   4.93440000000000       0.000000000000000E+000
   4.93680000000000       0.000000000000000E+000
   4.93920000000000       0.000000000000000E+000
   4.94160000000000       0.000000000000000E+000
   4.94400000000000       0.000000000000000E+000
   4.94640000000000       0.000000000000000E+000
   4.94880000000000       0.000000000000000E+000
   4.95120000000000       0.000000000000000E+000
   4.95360000000000       0.000000000000000E+000
   4.95600000000000       0.000000000000000E+000
   4.95840000000000       0.000000000000000E+000
   4.96080000000000       0.000000000000000E+000
   4.96320000000000       0.000000000000000E+000
   4.96560000000000       0.000000000000000E+000
   4.96800000000000       0.000000000000000E+000
   4.97040000000000       0.000000000000000E+000
   4.97280000000000       0.000000000000000E+000
   4.97520000000000       0.000000000000000E+000
   4.97760000000000       0.000000000000000E+000
   4.98000000000000       0.000000000000000E+000
   4.98240000000000       0.000000000000000E+000
   4.98480000000000       0.000000000000000E+000
   4.98720000000000       0.000000000000000E+000
   4.98960000000000       0.000000000000000E+000
   4.99200000000000       0.000000000000000E+000
   4.99440000000000       0.000000000000000E+000
   4.99680000000000       0.000000000000000E+000
   4.99920000000000       0.000000000000000E+000
   5.00160000000000       0.000000000000000E+000
   5.00400000000000       0.000000000000000E+000
   5.00640000000000       0.000000000000000E+000
   5.00880000000000       0.000000000000000E+000
   5.01120000000000       0.000000000000000E+000
   5.01360000000000       0.000000000000000E+000
   5.01600000000000       0.000000000000000E+000
   5.01840000000000       0.000000000000000E+000
   5.02080000000000       0.000000000000000E+000
   5.02320000000000       0.000000000000000E+000
   5.02560000000000       0.000000000000000E+000
   5.02800000000000       0.000000000000000E+000
   5.03040000000000       0.000000000000000E+000
   5.03280000000000       0.000000000000000E+000
   5.03520000000000       0.000000000000000E+000
   5.03760000000000       0.000000000000000E+000
   5.04000000000000       0.000000000000000E+000
   5.04240000000000       0.000000000000000E+000
   5.04480000000000       0.000000000000000E+000
   5.04720000000000       0.000000000000000E+000
   5.04960000000000       0.000000000000000E+000
   5.05200000000000       0.000000000000000E+000
   5.05440000000000       0.000000000000000E+000
   5.05680000000000       0.000000000000000E+000
   5.05920000000000       0.000000000000000E+000
   5.06160000000000       0.000000000000000E+000
   5.06400000000000       0.000000000000000E+000
   5.06640000000000       0.000000000000000E+000
   5.06880000000000       0.000000000000000E+000
   5.07120000000000       0.000000000000000E+000
   5.07360000000000       0.000000000000000E+000
   5.07600000000000       0.000000000000000E+000
   5.07840000000000       0.000000000000000E+000
   5.08080000000000       0.000000000000000E+000
   5.08320000000000       0.000000000000000E+000
   5.08560000000000       0.000000000000000E+000
   5.08800000000000       0.000000000000000E+000
   5.09040000000000       0.000000000000000E+000
   5.09280000000000       0.000000000000000E+000
   5.09520000000000       0.000000000000000E+000
   5.09760000000000       0.000000000000000E+000
   5.10000000000000       0.000000000000000E+000
   5.10240000000000       0.000000000000000E+000
   5.10480000000000       0.000000000000000E+000
   5.10720000000000       0.000000000000000E+000
   5.10960000000000       0.000000000000000E+000
   5.11200000000000       0.000000000000000E+000
   5.11440000000000       0.000000000000000E+000
   5.11680000000000       0.000000000000000E+000
   5.11920000000000       0.000000000000000E+000
   5.12160000000000       0.000000000000000E+000
   5.12400000000000       0.000000000000000E+000
   5.12640000000000       0.000000000000000E+000
   5.12880000000000       0.000000000000000E+000
   5.13120000000000       0.000000000000000E+000
   5.13360000000000       0.000000000000000E+000
   5.13600000000000       0.000000000000000E+000
   5.13840000000000       0.000000000000000E+000
   5.14080000000000       0.000000000000000E+000
   5.14320000000000       0.000000000000000E+000
   5.14560000000000       0.000000000000000E+000
   5.14800000000000       0.000000000000000E+000
   5.15040000000000       0.000000000000000E+000
   5.15280000000000       0.000000000000000E+000
   5.15520000000000       0.000000000000000E+000
   5.15760000000000       0.000000000000000E+000
   5.16000000000000       0.000000000000000E+000
   5.16240000000000       0.000000000000000E+000
   5.16480000000000       0.000000000000000E+000
   5.16720000000000       0.000000000000000E+000
   5.16960000000000       0.000000000000000E+000
   5.17200000000000       0.000000000000000E+000
   5.17440000000000       0.000000000000000E+000
   5.17680000000000       0.000000000000000E+000
   5.17920000000000       0.000000000000000E+000
   5.18160000000000       0.000000000000000E+000
   5.18400000000000       0.000000000000000E+000
   5.18640000000000       0.000000000000000E+000
   5.18880000000000       0.000000000000000E+000
   5.19120000000000       0.000000000000000E+000
   5.19360000000000       0.000000000000000E+000
   5.19600000000000       0.000000000000000E+000
   5.19840000000000       0.000000000000000E+000
   5.20080000000000       0.000000000000000E+000
   5.20320000000000       0.000000000000000E+000
   5.20560000000000       0.000000000000000E+000
   5.20800000000000       0.000000000000000E+000
   5.21040000000000       0.000000000000000E+000
   5.21280000000000       0.000000000000000E+000
   5.21520000000000       0.000000000000000E+000
   5.21760000000000       0.000000000000000E+000
   5.22000000000000       0.000000000000000E+000
   5.22240000000000       0.000000000000000E+000
   5.22480000000000       0.000000000000000E+000
   5.22720000000000       0.000000000000000E+000
   5.22960000000000       0.000000000000000E+000
   5.23200000000000       0.000000000000000E+000
   5.23440000000000       0.000000000000000E+000
   5.23680000000000       0.000000000000000E+000
   5.23920000000000       0.000000000000000E+000
   5.24160000000000       0.000000000000000E+000
   5.24400000000000       0.000000000000000E+000
   5.24640000000000       0.000000000000000E+000
   5.24880000000000       0.000000000000000E+000
   5.25120000000000       0.000000000000000E+000
   5.25360000000000       0.000000000000000E+000
   5.25600000000000       0.000000000000000E+000
   5.25840000000000       0.000000000000000E+000
   5.26080000000000       0.000000000000000E+000
   5.26320000000000       0.000000000000000E+000
   5.26560000000000       0.000000000000000E+000
   5.26800000000000       0.000000000000000E+000
   5.27040000000000       0.000000000000000E+000
   5.27280000000000       0.000000000000000E+000
   5.27520000000000       0.000000000000000E+000
   5.27760000000000       0.000000000000000E+000
   5.28000000000000       0.000000000000000E+000
   5.28240000000000       0.000000000000000E+000
   5.28480000000000       0.000000000000000E+000
   5.28720000000000       0.000000000000000E+000
   5.28960000000000       0.000000000000000E+000
   5.29200000000000       0.000000000000000E+000
   5.29440000000000       0.000000000000000E+000
   5.29680000000000       0.000000000000000E+000
   5.29920000000000       0.000000000000000E+000
   5.30160000000000       0.000000000000000E+000
   5.30400000000000       0.000000000000000E+000
   5.30640000000000       0.000000000000000E+000
   5.30880000000000       0.000000000000000E+000
   5.31120000000000       0.000000000000000E+000
   5.31360000000000       0.000000000000000E+000
   5.31600000000000       0.000000000000000E+000
   5.31840000000000       0.000000000000000E+000
   5.32080000000000       0.000000000000000E+000
   5.32320000000000       0.000000000000000E+000
   5.32560000000000       0.000000000000000E+000
   5.32800000000000       0.000000000000000E+000
   5.33040000000000       0.000000000000000E+000
   5.33280000000000       0.000000000000000E+000
   5.33520000000000       0.000000000000000E+000
   5.33760000000000       0.000000000000000E+000
   5.34000000000000       0.000000000000000E+000
   5.34240000000000       0.000000000000000E+000
   5.34480000000000       0.000000000000000E+000
   5.34720000000000       0.000000000000000E+000
   5.34960000000000       0.000000000000000E+000
   5.35200000000000       0.000000000000000E+000
   5.35440000000000       0.000000000000000E+000
   5.35680000000000       0.000000000000000E+000
   5.35920000000000       0.000000000000000E+000
   5.36160000000000       0.000000000000000E+000
   5.36400000000000       0.000000000000000E+000
   5.36640000000000       0.000000000000000E+000
   5.36880000000000       0.000000000000000E+000
   5.37120000000000       0.000000000000000E+000
   5.37360000000000       0.000000000000000E+000
   5.37600000000000       0.000000000000000E+000
   5.37840000000000       0.000000000000000E+000
   5.38080000000000       0.000000000000000E+000
   5.38320000000000       0.000000000000000E+000
   5.38560000000000       0.000000000000000E+000
   5.38800000000000       0.000000000000000E+000
   5.39040000000000       0.000000000000000E+000
   5.39280000000000       0.000000000000000E+000
   5.39520000000000       0.000000000000000E+000
   5.39760000000000       0.000000000000000E+000
   5.40000000000000       0.000000000000000E+000
   5.40240000000000       0.000000000000000E+000
   5.40480000000000       0.000000000000000E+000
   5.40720000000000       0.000000000000000E+000
   5.40960000000000       0.000000000000000E+000
   5.41200000000000       0.000000000000000E+000
   5.41440000000000       0.000000000000000E+000
   5.41680000000000       0.000000000000000E+000
   5.41920000000000       0.000000000000000E+000
   5.42160000000000       0.000000000000000E+000
   5.42400000000000       0.000000000000000E+000
   5.42640000000000       0.000000000000000E+000
   5.42880000000000       0.000000000000000E+000
   5.43120000000000       0.000000000000000E+000
   5.43360000000000       0.000000000000000E+000
   5.43600000000000       0.000000000000000E+000
   5.43840000000000       0.000000000000000E+000
   5.44080000000000       0.000000000000000E+000
   5.44320000000000       0.000000000000000E+000
   5.44560000000000       0.000000000000000E+000
   5.44800000000000       0.000000000000000E+000
   5.45040000000000       0.000000000000000E+000
   5.45280000000000       0.000000000000000E+000
   5.45520000000000       0.000000000000000E+000
   5.45760000000000       0.000000000000000E+000
   5.46000000000000       0.000000000000000E+000
   5.46240000000000       0.000000000000000E+000
   5.46480000000000       0.000000000000000E+000
   5.46720000000000       0.000000000000000E+000
   5.46960000000000       0.000000000000000E+000
   5.47200000000000       0.000000000000000E+000
   5.47440000000000       0.000000000000000E+000
   5.47680000000000       0.000000000000000E+000
   5.47920000000000       0.000000000000000E+000
   5.48160000000000       0.000000000000000E+000
   5.48400000000000       0.000000000000000E+000
   5.48640000000000       0.000000000000000E+000
   5.48880000000000       0.000000000000000E+000
   5.49120000000000       0.000000000000000E+000
   5.49360000000000       0.000000000000000E+000
   5.49600000000000       0.000000000000000E+000
   5.49840000000000       0.000000000000000E+000
   5.50080000000000       0.000000000000000E+000
   5.50320000000000       0.000000000000000E+000
   5.50560000000000       0.000000000000000E+000
   5.50800000000000       0.000000000000000E+000
   5.51040000000000       0.000000000000000E+000
   5.51280000000000       0.000000000000000E+000
   5.51520000000000       0.000000000000000E+000
   5.51760000000000       0.000000000000000E+000
   5.52000000000000       0.000000000000000E+000
   5.52240000000000       0.000000000000000E+000
   5.52480000000000       0.000000000000000E+000
   5.52720000000000       0.000000000000000E+000
   5.52960000000000       0.000000000000000E+000
   5.53200000000000       0.000000000000000E+000
   5.53440000000000       0.000000000000000E+000
   5.53680000000000       0.000000000000000E+000
   5.53920000000000       0.000000000000000E+000
   5.54160000000000       0.000000000000000E+000
   5.54400000000000       0.000000000000000E+000
   5.54640000000000       0.000000000000000E+000
   5.54880000000000       0.000000000000000E+000
   5.55120000000000       0.000000000000000E+000
   5.55360000000000       0.000000000000000E+000
   5.55600000000000       0.000000000000000E+000
   5.55840000000000       0.000000000000000E+000
   5.56080000000000       0.000000000000000E+000
   5.56320000000000       0.000000000000000E+000
   5.56560000000000       0.000000000000000E+000
   5.56800000000000       0.000000000000000E+000
   5.57040000000000       0.000000000000000E+000
   5.57280000000000       0.000000000000000E+000
   5.57520000000000       0.000000000000000E+000
   5.57760000000000       0.000000000000000E+000
   5.58000000000000       0.000000000000000E+000
   5.58240000000000       0.000000000000000E+000
   5.58480000000000       0.000000000000000E+000
   5.58720000000000       0.000000000000000E+000
   5.58960000000000       0.000000000000000E+000
   5.59200000000000       0.000000000000000E+000
   5.59440000000000       0.000000000000000E+000
   5.59680000000000       0.000000000000000E+000
   5.59920000000000       0.000000000000000E+000
   5.60160000000000       0.000000000000000E+000
   5.60400000000000       0.000000000000000E+000
   5.60640000000000       0.000000000000000E+000
   5.60880000000000       0.000000000000000E+000
   5.61120000000000       0.000000000000000E+000
   5.61360000000000       0.000000000000000E+000
   5.61600000000000       0.000000000000000E+000
   5.61840000000000       0.000000000000000E+000
   5.62080000000000       0.000000000000000E+000
   5.62320000000000       0.000000000000000E+000
   5.62560000000000       0.000000000000000E+000
   5.62800000000000       0.000000000000000E+000
   5.63040000000000       0.000000000000000E+000
   5.63280000000000       0.000000000000000E+000
   5.63520000000000       0.000000000000000E+000
   5.63760000000000       0.000000000000000E+000
   5.64000000000000       0.000000000000000E+000
   5.64240000000000       0.000000000000000E+000
   5.64480000000000       0.000000000000000E+000
   5.64720000000000       0.000000000000000E+000
   5.64960000000000       0.000000000000000E+000
   5.65200000000000       0.000000000000000E+000
   5.65440000000000       0.000000000000000E+000
   5.65680000000000       0.000000000000000E+000
   5.65920000000000       0.000000000000000E+000
   5.66160000000000       0.000000000000000E+000
   5.66400000000000       0.000000000000000E+000
   5.66640000000000       0.000000000000000E+000
   5.66880000000000       0.000000000000000E+000
   5.67120000000000       0.000000000000000E+000
   5.67360000000000       0.000000000000000E+000
   5.67600000000000       0.000000000000000E+000
   5.67840000000000       0.000000000000000E+000
   5.68080000000000       0.000000000000000E+000
   5.68320000000000       0.000000000000000E+000
   5.68560000000000       0.000000000000000E+000
   5.68800000000000       0.000000000000000E+000
   5.69040000000000       0.000000000000000E+000
   5.69280000000000       0.000000000000000E+000
   5.69520000000000       0.000000000000000E+000
   5.69760000000000       0.000000000000000E+000
   5.70000000000000       0.000000000000000E+000
   5.70240000000000       0.000000000000000E+000
   5.70480000000000       0.000000000000000E+000
   5.70720000000000       0.000000000000000E+000
   5.70960000000000       0.000000000000000E+000
   5.71200000000000       0.000000000000000E+000
   5.71440000000000       0.000000000000000E+000
   5.71680000000000       0.000000000000000E+000
   5.71920000000000       0.000000000000000E+000
   5.72160000000000       0.000000000000000E+000
   5.72400000000000       0.000000000000000E+000
   5.72640000000000       0.000000000000000E+000
   5.72880000000000       0.000000000000000E+000
   5.73120000000000       0.000000000000000E+000
   5.73360000000000       0.000000000000000E+000
   5.73600000000000       0.000000000000000E+000
   5.73840000000000       0.000000000000000E+000
   5.74080000000000       0.000000000000000E+000
   5.74320000000000       0.000000000000000E+000
   5.74560000000000       0.000000000000000E+000
   5.74800000000000       0.000000000000000E+000
   5.75040000000000       0.000000000000000E+000
   5.75280000000000       0.000000000000000E+000
   5.75520000000000       0.000000000000000E+000
   5.75760000000000       0.000000000000000E+000
   5.76000000000000       0.000000000000000E+000
   5.76240000000000       0.000000000000000E+000
   5.76480000000000       0.000000000000000E+000
   5.76720000000000       0.000000000000000E+000
   5.76960000000000       0.000000000000000E+000
   5.77200000000000       0.000000000000000E+000
   5.77440000000000       0.000000000000000E+000
   5.77680000000000       0.000000000000000E+000
   5.77920000000000       0.000000000000000E+000
   5.78160000000000       0.000000000000000E+000
   5.78400000000000       0.000000000000000E+000
   5.78640000000000       0.000000000000000E+000
   5.78880000000000       0.000000000000000E+000
   5.79120000000000       0.000000000000000E+000
   5.79360000000000       0.000000000000000E+000
   5.79600000000000       0.000000000000000E+000
   5.79840000000000       0.000000000000000E+000
   5.80080000000000       0.000000000000000E+000
   5.80320000000000       0.000000000000000E+000
   5.80560000000000       0.000000000000000E+000
   5.80800000000000       0.000000000000000E+000
   5.81040000000000       0.000000000000000E+000
   5.81280000000000       0.000000000000000E+000
   5.81520000000000       0.000000000000000E+000
   5.81760000000000       0.000000000000000E+000
   5.82000000000000       0.000000000000000E+000
   5.82240000000000       0.000000000000000E+000
   5.82480000000000       0.000000000000000E+000
   5.82720000000000       0.000000000000000E+000
   5.82960000000000       0.000000000000000E+000
   5.83200000000000       0.000000000000000E+000
   5.83440000000000       0.000000000000000E+000
   5.83680000000000       0.000000000000000E+000
   5.83920000000000       0.000000000000000E+000
   5.84160000000000       0.000000000000000E+000
   5.84400000000000       0.000000000000000E+000
   5.84640000000000       0.000000000000000E+000
   5.84880000000000       0.000000000000000E+000
   5.85120000000000       0.000000000000000E+000
   5.85360000000000       0.000000000000000E+000
   5.85600000000000       0.000000000000000E+000
   5.85840000000000       0.000000000000000E+000
   5.86080000000000       0.000000000000000E+000
   5.86320000000000       0.000000000000000E+000
   5.86560000000000       0.000000000000000E+000
   5.86800000000000       0.000000000000000E+000
   5.87040000000000       0.000000000000000E+000
   5.87280000000000       0.000000000000000E+000
   5.87520000000000       0.000000000000000E+000
   5.87760000000000       0.000000000000000E+000
   5.88000000000000       0.000000000000000E+000
   5.88240000000000       0.000000000000000E+000
   5.88480000000000       0.000000000000000E+000
   5.88720000000000       0.000000000000000E+000
   5.88960000000000       0.000000000000000E+000
   5.89200000000000       0.000000000000000E+000
   5.89440000000000       0.000000000000000E+000
   5.89680000000000       0.000000000000000E+000
   5.89920000000000       0.000000000000000E+000
   5.90160000000000       0.000000000000000E+000
   5.90400000000000       0.000000000000000E+000
   5.90640000000000       0.000000000000000E+000
   5.90880000000000       0.000000000000000E+000
   5.91120000000000       0.000000000000000E+000
   5.91360000000000       0.000000000000000E+000
   5.91600000000000       0.000000000000000E+000
   5.91840000000000       0.000000000000000E+000
   5.92080000000000       0.000000000000000E+000
   5.92320000000000       0.000000000000000E+000
   5.92560000000000       0.000000000000000E+000
   5.92800000000000       0.000000000000000E+000
   5.93040000000000       0.000000000000000E+000
   5.93280000000000       0.000000000000000E+000
   5.93520000000000       0.000000000000000E+000
   5.93760000000000       0.000000000000000E+000
   5.94000000000000       0.000000000000000E+000
   5.94240000000000       0.000000000000000E+000
   5.94480000000000       0.000000000000000E+000
   5.94720000000000       0.000000000000000E+000
   5.94960000000000       0.000000000000000E+000
   5.95200000000000       0.000000000000000E+000
   5.95440000000000       0.000000000000000E+000
   5.95680000000000       0.000000000000000E+000
   5.95920000000000       0.000000000000000E+000
   5.96160000000000       0.000000000000000E+000
   5.96400000000000       0.000000000000000E+000
   5.96640000000000       0.000000000000000E+000
   5.96880000000000       0.000000000000000E+000
   5.97120000000000       0.000000000000000E+000
   5.97360000000000       0.000000000000000E+000
   5.97600000000000       0.000000000000000E+000
   5.97840000000000       0.000000000000000E+000
   5.98080000000000       0.000000000000000E+000
   5.98320000000000       0.000000000000000E+000
   5.98560000000000       0.000000000000000E+000
   5.98800000000000       0.000000000000000E+000
   5.99040000000000       0.000000000000000E+000
   5.99280000000000       0.000000000000000E+000
   5.99520000000000       0.000000000000000E+000
   5.99760000000000       0.000000000000000E+000
   6.00000000000000       0.000000000000000E+000
