  1 1 1 
  32.00212879     0.000000    0.000000
    0.000000   32.00212879   0.000000
    0.000000    0.000000   32.00212879
        2048
   0.000000E+00   0.000000E+00   0.000000E+00  1
   6.250000E-02   6.250000E-02   0.000000E+00  1
   6.250000E-02   0.000000E+00   6.250000E-02  1
   0.000000E+00   6.250000E-02   6.250000E-02  1
   0.000000E+00   0.000000E+00   1.250000E-01  1
   6.250000E-02   6.250000E-02   1.250000E-01  1
   6.250000E-02   0.000000E+00   1.875000E-01  1
   0.000000E+00   6.250000E-02   1.875000E-01  1
   0.000000E+00   0.000000E+00   2.500000E-01  1
   6.250000E-02   6.250000E-02   2.500000E-01  1
   6.250000E-02   0.000000E+00   3.125000E-01  1
   0.000000E+00   6.250000E-02   3.125000E-01  1
   0.000000E+00   0.000000E+00   3.750000E-01  1
   6.250000E-02   6.250000E-02   3.750000E-01  1
   6.250000E-02   0.000000E+00   4.375000E-01  1
   0.000000E+00   6.250000E-02   4.375000E-01  1
   0.000000E+00   0.000000E+00   5.000000E-01  1
   6.250000E-02   6.250000E-02   5.000000E-01  1
   6.250000E-02   0.000000E+00   5.625000E-01  1
   0.000000E+00   6.250000E-02   5.625000E-01  1
   0.000000E+00   0.000000E+00   6.250000E-01  1
   6.250000E-02   6.250000E-02   6.250000E-01  1
   6.250000E-02   0.000000E+00   6.875000E-01  1
   0.000000E+00   6.250000E-02   6.875000E-01  1
   0.000000E+00   0.000000E+00   7.500000E-01  1
   6.250000E-02   6.250000E-02   7.500000E-01  1
   6.250000E-02   0.000000E+00   8.125000E-01  1
   0.000000E+00   6.250000E-02   8.125000E-01  1
   0.000000E+00   0.000000E+00   8.750000E-01  1
   6.250000E-02   6.250000E-02   8.750000E-01  1
   6.250000E-02   0.000000E+00   9.375000E-01  1
   0.000000E+00   6.250000E-02   9.375000E-01  1
   0.000000E+00   1.250000E-01   0.000000E+00  1
   6.250000E-02   1.875000E-01   0.000000E+00  1
   6.250000E-02   1.250000E-01   6.250000E-02  1
   0.000000E+00   1.875000E-01   6.250000E-02  1
   0.000000E+00   1.250000E-01   1.250000E-01  1
   6.250000E-02   1.875000E-01   1.250000E-01  1
   6.250000E-02   1.250000E-01   1.875000E-01  1
   0.000000E+00   1.875000E-01   1.875000E-01  1
   0.000000E+00   1.250000E-01   2.500000E-01  1
   6.250000E-02   1.875000E-01   2.500000E-01  1
   6.250000E-02   1.250000E-01   3.125000E-01  1
   0.000000E+00   1.875000E-01   3.125000E-01  1
   0.000000E+00   1.250000E-01   3.750000E-01  1
   6.250000E-02   1.875000E-01   3.750000E-01  1
   6.250000E-02   1.250000E-01   4.375000E-01  1
   0.000000E+00   1.875000E-01   4.375000E-01  1
   0.000000E+00   1.250000E-01   5.000000E-01  1
   6.250000E-02   1.875000E-01   5.000000E-01  1
   6.250000E-02   1.250000E-01   5.625000E-01  1
   0.000000E+00   1.875000E-01   5.625000E-01  1
   0.000000E+00   1.250000E-01   6.250000E-01  1
   6.250000E-02   1.875000E-01   6.250000E-01  1
   6.250000E-02   1.250000E-01   6.875000E-01  1
   0.000000E+00   1.875000E-01   6.875000E-01  1
   0.000000E+00   1.250000E-01   7.500000E-01  1
   6.250000E-02   1.875000E-01   7.500000E-01  1
   6.250000E-02   1.250000E-01   8.125000E-01  1
   0.000000E+00   1.875000E-01   8.125000E-01  1
   0.000000E+00   1.250000E-01   8.750000E-01  1
   6.250000E-02   1.875000E-01   8.750000E-01  1
   6.250000E-02   1.250000E-01   9.375000E-01  1
   0.000000E+00   1.875000E-01   9.375000E-01  1
   0.000000E+00   2.500000E-01   0.000000E+00  1
   6.250000E-02   3.125000E-01   0.000000E+00  1
   6.250000E-02   2.500000E-01   6.250000E-02  1
   0.000000E+00   3.125000E-01   6.250000E-02  1
   0.000000E+00   2.500000E-01   1.250000E-01  1
   6.250000E-02   3.125000E-01   1.250000E-01  1
   6.250000E-02   2.500000E-01   1.875000E-01  1
   0.000000E+00   3.125000E-01   1.875000E-01  1
   0.000000E+00   2.500000E-01   2.500000E-01  1
   6.250000E-02   3.125000E-01   2.500000E-01  1
   6.250000E-02   2.500000E-01   3.125000E-01  1
   0.000000E+00   3.125000E-01   3.125000E-01  1
   0.000000E+00   2.500000E-01   3.750000E-01  1
   6.250000E-02   3.125000E-01   3.750000E-01  1
   6.250000E-02   2.500000E-01   4.375000E-01  1
   0.000000E+00   3.125000E-01   4.375000E-01  1
   0.000000E+00   2.500000E-01   5.000000E-01  1
   6.250000E-02   3.125000E-01   5.000000E-01  1
   6.250000E-02   2.500000E-01   5.625000E-01  1
   0.000000E+00   3.125000E-01   5.625000E-01  1
   0.000000E+00   2.500000E-01   6.250000E-01  1
   6.250000E-02   3.125000E-01   6.250000E-01  1
   6.250000E-02   2.500000E-01   6.875000E-01  1
   0.000000E+00   3.125000E-01   6.875000E-01  1
   0.000000E+00   2.500000E-01   7.500000E-01  1
   6.250000E-02   3.125000E-01   7.500000E-01  1
   6.250000E-02   2.500000E-01   8.125000E-01  1
   0.000000E+00   3.125000E-01   8.125000E-01  1
   0.000000E+00   2.500000E-01   8.750000E-01  1
   6.250000E-02   3.125000E-01   8.750000E-01  1
   6.250000E-02   2.500000E-01   9.375000E-01  1
   0.000000E+00   3.125000E-01   9.375000E-01  1
   0.000000E+00   3.750000E-01   0.000000E+00  1
   6.250000E-02   4.375000E-01   0.000000E+00  1
   6.250000E-02   3.750000E-01   6.250000E-02  1
   0.000000E+00   4.375000E-01   6.250000E-02  1
   0.000000E+00   3.750000E-01   1.250000E-01  1
   6.250000E-02   4.375000E-01   1.250000E-01  1
   6.250000E-02   3.750000E-01   1.875000E-01  1
   0.000000E+00   4.375000E-01   1.875000E-01  1
   0.000000E+00   3.750000E-01   2.500000E-01  1
   6.250000E-02   4.375000E-01   2.500000E-01  1
   6.250000E-02   3.750000E-01   3.125000E-01  1
   0.000000E+00   4.375000E-01   3.125000E-01  1
   0.000000E+00   3.750000E-01   3.750000E-01  1
   6.250000E-02   4.375000E-01   3.750000E-01  1
   6.250000E-02   3.750000E-01   4.375000E-01  1
   0.000000E+00   4.375000E-01   4.375000E-01  1
   0.000000E+00   3.750000E-01   5.000000E-01  1
   6.250000E-02   4.375000E-01   5.000000E-01  1
   6.250000E-02   3.750000E-01   5.625000E-01  1
   0.000000E+00   4.375000E-01   5.625000E-01  1
   0.000000E+00   3.750000E-01   6.250000E-01  1
   6.250000E-02   4.375000E-01   6.250000E-01  1
   6.250000E-02   3.750000E-01   6.875000E-01  1
   0.000000E+00   4.375000E-01   6.875000E-01  1
   0.000000E+00   3.750000E-01   7.500000E-01  1
   6.250000E-02   4.375000E-01   7.500000E-01  1
   6.250000E-02   3.750000E-01   8.125000E-01  1
   0.000000E+00   4.375000E-01   8.125000E-01  1
   0.000000E+00   3.750000E-01   8.750000E-01  1
   6.250000E-02   4.375000E-01   8.750000E-01  1
   6.250000E-02   3.750000E-01   9.375000E-01  1
   0.000000E+00   4.375000E-01   9.375000E-01  1
   0.000000E+00   5.000000E-01   0.000000E+00  1
   6.250000E-02   5.625000E-01   0.000000E+00  1
   6.250000E-02   5.000000E-01   6.250000E-02  1
   0.000000E+00   5.625000E-01   6.250000E-02  1
   0.000000E+00   5.000000E-01   1.250000E-01  1
   6.250000E-02   5.625000E-01   1.250000E-01  1
   6.250000E-02   5.000000E-01   1.875000E-01  1
   0.000000E+00   5.625000E-01   1.875000E-01  1
   0.000000E+00   5.000000E-01   2.500000E-01  1
   6.250000E-02   5.625000E-01   2.500000E-01  1
   6.250000E-02   5.000000E-01   3.125000E-01  1
   0.000000E+00   5.625000E-01   3.125000E-01  1
   0.000000E+00   5.000000E-01   3.750000E-01  1
   6.250000E-02   5.625000E-01   3.750000E-01  1
   6.250000E-02   5.000000E-01   4.375000E-01  1
   0.000000E+00   5.625000E-01   4.375000E-01  1
   0.000000E+00   5.000000E-01   5.000000E-01  1
   6.250000E-02   5.625000E-01   5.000000E-01  1
   6.250000E-02   5.000000E-01   5.625000E-01  1
   0.000000E+00   5.625000E-01   5.625000E-01  1
   0.000000E+00   5.000000E-01   6.250000E-01  1
   6.250000E-02   5.625000E-01   6.250000E-01  1
   6.250000E-02   5.000000E-01   6.875000E-01  1
   0.000000E+00   5.625000E-01   6.875000E-01  1
   0.000000E+00   5.000000E-01   7.500000E-01  1
   6.250000E-02   5.625000E-01   7.500000E-01  1
   6.250000E-02   5.000000E-01   8.125000E-01  1
   0.000000E+00   5.625000E-01   8.125000E-01  1
   0.000000E+00   5.000000E-01   8.750000E-01  1
   6.250000E-02   5.625000E-01   8.750000E-01  1
   6.250000E-02   5.000000E-01   9.375000E-01  1
   0.000000E+00   5.625000E-01   9.375000E-01  1
   0.000000E+00   6.250000E-01   0.000000E+00  1
   6.250000E-02   6.875000E-01   0.000000E+00  1
   6.250000E-02   6.250000E-01   6.250000E-02  1
   0.000000E+00   6.875000E-01   6.250000E-02  1
   0.000000E+00   6.250000E-01   1.250000E-01  1
   6.250000E-02   6.875000E-01   1.250000E-01  1
   6.250000E-02   6.250000E-01   1.875000E-01  1
   0.000000E+00   6.875000E-01   1.875000E-01  1
   0.000000E+00   6.250000E-01   2.500000E-01  1
   6.250000E-02   6.875000E-01   2.500000E-01  1
   6.250000E-02   6.250000E-01   3.125000E-01  1
   0.000000E+00   6.875000E-01   3.125000E-01  1
   0.000000E+00   6.250000E-01   3.750000E-01  1
   6.250000E-02   6.875000E-01   3.750000E-01  1
   6.250000E-02   6.250000E-01   4.375000E-01  1
   0.000000E+00   6.875000E-01   4.375000E-01  1
   0.000000E+00   6.250000E-01   5.000000E-01  1
   6.250000E-02   6.875000E-01   5.000000E-01  1
   6.250000E-02   6.250000E-01   5.625000E-01  1
   0.000000E+00   6.875000E-01   5.625000E-01  1
   0.000000E+00   6.250000E-01   6.250000E-01  1
   6.250000E-02   6.875000E-01   6.250000E-01  1
   6.250000E-02   6.250000E-01   6.875000E-01  1
   0.000000E+00   6.875000E-01   6.875000E-01  1
   0.000000E+00   6.250000E-01   7.500000E-01  1
   6.250000E-02   6.875000E-01   7.500000E-01  1
   6.250000E-02   6.250000E-01   8.125000E-01  1
   0.000000E+00   6.875000E-01   8.125000E-01  1
   0.000000E+00   6.250000E-01   8.750000E-01  1
   6.250000E-02   6.875000E-01   8.750000E-01  1
   6.250000E-02   6.250000E-01   9.375000E-01  1
   0.000000E+00   6.875000E-01   9.375000E-01  1
   0.000000E+00   7.500000E-01   0.000000E+00  1
   6.250000E-02   8.125000E-01   0.000000E+00  1
   6.250000E-02   7.500000E-01   6.250000E-02  1
   0.000000E+00   8.125000E-01   6.250000E-02  1
   0.000000E+00   7.500000E-01   1.250000E-01  1
   6.250000E-02   8.125000E-01   1.250000E-01  1
   6.250000E-02   7.500000E-01   1.875000E-01  1
   0.000000E+00   8.125000E-01   1.875000E-01  1
   0.000000E+00   7.500000E-01   2.500000E-01  1
   6.250000E-02   8.125000E-01   2.500000E-01  1
   6.250000E-02   7.500000E-01   3.125000E-01  1
   0.000000E+00   8.125000E-01   3.125000E-01  1
   0.000000E+00   7.500000E-01   3.750000E-01  1
   6.250000E-02   8.125000E-01   3.750000E-01  1
   6.250000E-02   7.500000E-01   4.375000E-01  1
   0.000000E+00   8.125000E-01   4.375000E-01  1
   0.000000E+00   7.500000E-01   5.000000E-01  1
   6.250000E-02   8.125000E-01   5.000000E-01  1
   6.250000E-02   7.500000E-01   5.625000E-01  1
   0.000000E+00   8.125000E-01   5.625000E-01  1
   0.000000E+00   7.500000E-01   6.250000E-01  1
   6.250000E-02   8.125000E-01   6.250000E-01  1
   6.250000E-02   7.500000E-01   6.875000E-01  1
   0.000000E+00   8.125000E-01   6.875000E-01  1
   0.000000E+00   7.500000E-01   7.500000E-01  1
   6.250000E-02   8.125000E-01   7.500000E-01  1
   6.250000E-02   7.500000E-01   8.125000E-01  1
   0.000000E+00   8.125000E-01   8.125000E-01  1
   0.000000E+00   7.500000E-01   8.750000E-01  1
   6.250000E-02   8.125000E-01   8.750000E-01  1
   6.250000E-02   7.500000E-01   9.375000E-01  1
   0.000000E+00   8.125000E-01   9.375000E-01  1
   0.000000E+00   8.750000E-01   0.000000E+00  1
   6.250000E-02   9.375000E-01   0.000000E+00  1
   6.250000E-02   8.750000E-01   6.250000E-02  1
   0.000000E+00   9.375000E-01   6.250000E-02  1
   0.000000E+00   8.750000E-01   1.250000E-01  1
   6.250000E-02   9.375000E-01   1.250000E-01  1
   6.250000E-02   8.750000E-01   1.875000E-01  1
   0.000000E+00   9.375000E-01   1.875000E-01  1
   0.000000E+00   8.750000E-01   2.500000E-01  1
   6.250000E-02   9.375000E-01   2.500000E-01  1
   6.250000E-02   8.750000E-01   3.125000E-01  1
   0.000000E+00   9.375000E-01   3.125000E-01  1
   0.000000E+00   8.750000E-01   3.750000E-01  1
   6.250000E-02   9.375000E-01   3.750000E-01  1
   6.250000E-02   8.750000E-01   4.375000E-01  1
   0.000000E+00   9.375000E-01   4.375000E-01  1
   0.000000E+00   8.750000E-01   5.000000E-01  1
   6.250000E-02   9.375000E-01   5.000000E-01  1
   6.250000E-02   8.750000E-01   5.625000E-01  1
   0.000000E+00   9.375000E-01   5.625000E-01  1
   0.000000E+00   8.750000E-01   6.250000E-01  1
   6.250000E-02   9.375000E-01   6.250000E-01  1
   6.250000E-02   8.750000E-01   6.875000E-01  1
   0.000000E+00   9.375000E-01   6.875000E-01  1
   0.000000E+00   8.750000E-01   7.500000E-01  1
   6.250000E-02   9.375000E-01   7.500000E-01  1
   6.250000E-02   8.750000E-01   8.125000E-01  1
   0.000000E+00   9.375000E-01   8.125000E-01  1
   0.000000E+00   8.750000E-01   8.750000E-01  1
   6.250000E-02   9.375000E-01   8.750000E-01  1
   6.250000E-02   8.750000E-01   9.375000E-01  1
   0.000000E+00   9.375000E-01   9.375000E-01  1
   1.250000E-01   0.000000E+00   0.000000E+00  1
   1.875000E-01   6.250000E-02   0.000000E+00  1
   1.875000E-01   0.000000E+00   6.250000E-02  1
   1.250000E-01   6.250000E-02   6.250000E-02  1
   1.250000E-01   0.000000E+00   1.250000E-01  1
   1.875000E-01   6.250000E-02   1.250000E-01  1
   1.875000E-01   0.000000E+00   1.875000E-01  1
   1.250000E-01   6.250000E-02   1.875000E-01  1
   1.250000E-01   0.000000E+00   2.500000E-01  1
   1.875000E-01   6.250000E-02   2.500000E-01  1
   1.875000E-01   0.000000E+00   3.125000E-01  1
   1.250000E-01   6.250000E-02   3.125000E-01  1
   1.250000E-01   0.000000E+00   3.750000E-01  1
   1.875000E-01   6.250000E-02   3.750000E-01  1
   1.875000E-01   0.000000E+00   4.375000E-01  1
   1.250000E-01   6.250000E-02   4.375000E-01  1
   1.250000E-01   0.000000E+00   5.000000E-01  1
   1.875000E-01   6.250000E-02   5.000000E-01  1
   1.875000E-01   0.000000E+00   5.625000E-01  1
   1.250000E-01   6.250000E-02   5.625000E-01  1
   1.250000E-01   0.000000E+00   6.250000E-01  1
   1.875000E-01   6.250000E-02   6.250000E-01  1
   1.875000E-01   0.000000E+00   6.875000E-01  1
   1.250000E-01   6.250000E-02   6.875000E-01  1
   1.250000E-01   0.000000E+00   7.500000E-01  1
   1.875000E-01   6.250000E-02   7.500000E-01  1
   1.875000E-01   0.000000E+00   8.125000E-01  1
   1.250000E-01   6.250000E-02   8.125000E-01  1
   1.250000E-01   0.000000E+00   8.750000E-01  1
   1.875000E-01   6.250000E-02   8.750000E-01  1
   1.875000E-01   0.000000E+00   9.375000E-01  1
   1.250000E-01   6.250000E-02   9.375000E-01  1
   1.250000E-01   1.250000E-01   0.000000E+00  1
   1.875000E-01   1.875000E-01   0.000000E+00  1
   1.875000E-01   1.250000E-01   6.250000E-02  1
   1.250000E-01   1.875000E-01   6.250000E-02  1
   1.250000E-01   1.250000E-01   1.250000E-01  1
   1.875000E-01   1.875000E-01   1.250000E-01  1
   1.875000E-01   1.250000E-01   1.875000E-01  1
   1.250000E-01   1.875000E-01   1.875000E-01  1
   1.250000E-01   1.250000E-01   2.500000E-01  1
   1.875000E-01   1.875000E-01   2.500000E-01  1
   1.875000E-01   1.250000E-01   3.125000E-01  1
   1.250000E-01   1.875000E-01   3.125000E-01  1
   1.250000E-01   1.250000E-01   3.750000E-01  1
   1.875000E-01   1.875000E-01   3.750000E-01  1
   1.875000E-01   1.250000E-01   4.375000E-01  1
   1.250000E-01   1.875000E-01   4.375000E-01  1
   1.250000E-01   1.250000E-01   5.000000E-01  1
   1.875000E-01   1.875000E-01   5.000000E-01  1
   1.875000E-01   1.250000E-01   5.625000E-01  1
   1.250000E-01   1.875000E-01   5.625000E-01  1
   1.250000E-01   1.250000E-01   6.250000E-01  1
   1.875000E-01   1.875000E-01   6.250000E-01  1
   1.875000E-01   1.250000E-01   6.875000E-01  1
   1.250000E-01   1.875000E-01   6.875000E-01  1
   1.250000E-01   1.250000E-01   7.500000E-01  1
   1.875000E-01   1.875000E-01   7.500000E-01  1
   1.875000E-01   1.250000E-01   8.125000E-01  1
   1.250000E-01   1.875000E-01   8.125000E-01  1
   1.250000E-01   1.250000E-01   8.750000E-01  1
   1.875000E-01   1.875000E-01   8.750000E-01  1
   1.875000E-01   1.250000E-01   9.375000E-01  1
   1.250000E-01   1.875000E-01   9.375000E-01  1
   1.250000E-01   2.500000E-01   0.000000E+00  1
   1.875000E-01   3.125000E-01   0.000000E+00  1
   1.875000E-01   2.500000E-01   6.250000E-02  1
   1.250000E-01   3.125000E-01   6.250000E-02  1
   1.250000E-01   2.500000E-01   1.250000E-01  1
   1.875000E-01   3.125000E-01   1.250000E-01  1
   1.875000E-01   2.500000E-01   1.875000E-01  1
   1.250000E-01   3.125000E-01   1.875000E-01  1
   1.250000E-01   2.500000E-01   2.500000E-01  1
   1.875000E-01   3.125000E-01   2.500000E-01  1
   1.875000E-01   2.500000E-01   3.125000E-01  1
   1.250000E-01   3.125000E-01   3.125000E-01  1
   1.250000E-01   2.500000E-01   3.750000E-01  1
   1.875000E-01   3.125000E-01   3.750000E-01  1
   1.875000E-01   2.500000E-01   4.375000E-01  1
   1.250000E-01   3.125000E-01   4.375000E-01  1
   1.250000E-01   2.500000E-01   5.000000E-01  1
   1.875000E-01   3.125000E-01   5.000000E-01  1
   1.875000E-01   2.500000E-01   5.625000E-01  1
   1.250000E-01   3.125000E-01   5.625000E-01  1
   1.250000E-01   2.500000E-01   6.250000E-01  1
   1.875000E-01   3.125000E-01   6.250000E-01  1
   1.875000E-01   2.500000E-01   6.875000E-01  1
   1.250000E-01   3.125000E-01   6.875000E-01  1
   1.250000E-01   2.500000E-01   7.500000E-01  1
   1.875000E-01   3.125000E-01   7.500000E-01  1
   1.875000E-01   2.500000E-01   8.125000E-01  1
   1.250000E-01   3.125000E-01   8.125000E-01  1
   1.250000E-01   2.500000E-01   8.750000E-01  1
   1.875000E-01   3.125000E-01   8.750000E-01  1
   1.875000E-01   2.500000E-01   9.375000E-01  1
   1.250000E-01   3.125000E-01   9.375000E-01  1
   1.250000E-01   3.750000E-01   0.000000E+00  1
   1.875000E-01   4.375000E-01   0.000000E+00  1
   1.875000E-01   3.750000E-01   6.250000E-02  1
   1.250000E-01   4.375000E-01   6.250000E-02  1
   1.250000E-01   3.750000E-01   1.250000E-01  1
   1.875000E-01   4.375000E-01   1.250000E-01  1
   1.875000E-01   3.750000E-01   1.875000E-01  1
   1.250000E-01   4.375000E-01   1.875000E-01  1
   1.250000E-01   3.750000E-01   2.500000E-01  1
   1.875000E-01   4.375000E-01   2.500000E-01  1
   1.875000E-01   3.750000E-01   3.125000E-01  1
   1.250000E-01   4.375000E-01   3.125000E-01  1
   1.250000E-01   3.750000E-01   3.750000E-01  1
   1.875000E-01   4.375000E-01   3.750000E-01  1
   1.875000E-01   3.750000E-01   4.375000E-01  1
   1.250000E-01   4.375000E-01   4.375000E-01  1
   1.250000E-01   3.750000E-01   5.000000E-01  1
   1.875000E-01   4.375000E-01   5.000000E-01  1
   1.875000E-01   3.750000E-01   5.625000E-01  1
   1.250000E-01   4.375000E-01   5.625000E-01  1
   1.250000E-01   3.750000E-01   6.250000E-01  1
   1.875000E-01   4.375000E-01   6.250000E-01  1
   1.875000E-01   3.750000E-01   6.875000E-01  1
   1.250000E-01   4.375000E-01   6.875000E-01  1
   1.250000E-01   3.750000E-01   7.500000E-01  1
   1.875000E-01   4.375000E-01   7.500000E-01  1
   1.875000E-01   3.750000E-01   8.125000E-01  1
   1.250000E-01   4.375000E-01   8.125000E-01  1
   1.250000E-01   3.750000E-01   8.750000E-01  1
   1.875000E-01   4.375000E-01   8.750000E-01  1
   1.875000E-01   3.750000E-01   9.375000E-01  1
   1.250000E-01   4.375000E-01   9.375000E-01  1
   1.250000E-01   5.000000E-01   0.000000E+00  1
   1.875000E-01   5.625000E-01   0.000000E+00  1
   1.875000E-01   5.000000E-01   6.250000E-02  1
   1.250000E-01   5.625000E-01   6.250000E-02  1
   1.250000E-01   5.000000E-01   1.250000E-01  1
   1.875000E-01   5.625000E-01   1.250000E-01  1
   1.875000E-01   5.000000E-01   1.875000E-01  1
   1.250000E-01   5.625000E-01   1.875000E-01  1
   1.250000E-01   5.000000E-01   2.500000E-01  1
   1.875000E-01   5.625000E-01   2.500000E-01  1
   1.875000E-01   5.000000E-01   3.125000E-01  1
   1.250000E-01   5.625000E-01   3.125000E-01  1
   1.250000E-01   5.000000E-01   3.750000E-01  1
   1.875000E-01   5.625000E-01   3.750000E-01  1
   1.875000E-01   5.000000E-01   4.375000E-01  1
   1.250000E-01   5.625000E-01   4.375000E-01  1
   1.250000E-01   5.000000E-01   5.000000E-01  1
   1.875000E-01   5.625000E-01   5.000000E-01  1
   1.875000E-01   5.000000E-01   5.625000E-01  1
   1.250000E-01   5.625000E-01   5.625000E-01  1
   1.250000E-01   5.000000E-01   6.250000E-01  1
   1.875000E-01   5.625000E-01   6.250000E-01  1
   1.875000E-01   5.000000E-01   6.875000E-01  1
   1.250000E-01   5.625000E-01   6.875000E-01  1
   1.250000E-01   5.000000E-01   7.500000E-01  1
   1.875000E-01   5.625000E-01   7.500000E-01  1
   1.875000E-01   5.000000E-01   8.125000E-01  1
   1.250000E-01   5.625000E-01   8.125000E-01  1
   1.250000E-01   5.000000E-01   8.750000E-01  1
   1.875000E-01   5.625000E-01   8.750000E-01  1
   1.875000E-01   5.000000E-01   9.375000E-01  1
   1.250000E-01   5.625000E-01   9.375000E-01  1
   1.250000E-01   6.250000E-01   0.000000E+00  1
   1.875000E-01   6.875000E-01   0.000000E+00  1
   1.875000E-01   6.250000E-01   6.250000E-02  1
   1.250000E-01   6.875000E-01   6.250000E-02  1
   1.250000E-01   6.250000E-01   1.250000E-01  1
   1.875000E-01   6.875000E-01   1.250000E-01  1
   1.875000E-01   6.250000E-01   1.875000E-01  1
   1.250000E-01   6.875000E-01   1.875000E-01  1
   1.250000E-01   6.250000E-01   2.500000E-01  1
   1.875000E-01   6.875000E-01   2.500000E-01  1
   1.875000E-01   6.250000E-01   3.125000E-01  1
   1.250000E-01   6.875000E-01   3.125000E-01  1
   1.250000E-01   6.250000E-01   3.750000E-01  1
   1.875000E-01   6.875000E-01   3.750000E-01  1
   1.875000E-01   6.250000E-01   4.375000E-01  1
   1.250000E-01   6.875000E-01   4.375000E-01  1
   1.250000E-01   6.250000E-01   5.000000E-01  1
   1.875000E-01   6.875000E-01   5.000000E-01  1
   1.875000E-01   6.250000E-01   5.625000E-01  1
   1.250000E-01   6.875000E-01   5.625000E-01  1
   1.250000E-01   6.250000E-01   6.250000E-01  1
   1.875000E-01   6.875000E-01   6.250000E-01  1
   1.875000E-01   6.250000E-01   6.875000E-01  1
   1.250000E-01   6.875000E-01   6.875000E-01  1
   1.250000E-01   6.250000E-01   7.500000E-01  1
   1.875000E-01   6.875000E-01   7.500000E-01  1
   1.875000E-01   6.250000E-01   8.125000E-01  1
   1.250000E-01   6.875000E-01   8.125000E-01  1
   1.250000E-01   6.250000E-01   8.750000E-01  1
   1.875000E-01   6.875000E-01   8.750000E-01  1
   1.875000E-01   6.250000E-01   9.375000E-01  1
   1.250000E-01   6.875000E-01   9.375000E-01  1
   1.250000E-01   7.500000E-01   0.000000E+00  1
   1.875000E-01   8.125000E-01   0.000000E+00  1
   1.875000E-01   7.500000E-01   6.250000E-02  1
   1.250000E-01   8.125000E-01   6.250000E-02  1
   1.250000E-01   7.500000E-01   1.250000E-01  1
   1.875000E-01   8.125000E-01   1.250000E-01  1
   1.875000E-01   7.500000E-01   1.875000E-01  1
   1.250000E-01   8.125000E-01   1.875000E-01  1
   1.250000E-01   7.500000E-01   2.500000E-01  1
   1.875000E-01   8.125000E-01   2.500000E-01  1
   1.875000E-01   7.500000E-01   3.125000E-01  1
   1.250000E-01   8.125000E-01   3.125000E-01  1
   1.250000E-01   7.500000E-01   3.750000E-01  1
   1.875000E-01   8.125000E-01   3.750000E-01  1
   1.875000E-01   7.500000E-01   4.375000E-01  1
   1.250000E-01   8.125000E-01   4.375000E-01  1
   1.250000E-01   7.500000E-01   5.000000E-01  1
   1.875000E-01   8.125000E-01   5.000000E-01  1
   1.875000E-01   7.500000E-01   5.625000E-01  1
   1.250000E-01   8.125000E-01   5.625000E-01  1
   1.250000E-01   7.500000E-01   6.250000E-01  1
   1.875000E-01   8.125000E-01   6.250000E-01  1
   1.875000E-01   7.500000E-01   6.875000E-01  1
   1.250000E-01   8.125000E-01   6.875000E-01  1
   1.250000E-01   7.500000E-01   7.500000E-01  1
   1.875000E-01   8.125000E-01   7.500000E-01  1
   1.875000E-01   7.500000E-01   8.125000E-01  1
   1.250000E-01   8.125000E-01   8.125000E-01  1
   1.250000E-01   7.500000E-01   8.750000E-01  1
   1.875000E-01   8.125000E-01   8.750000E-01  1
   1.875000E-01   7.500000E-01   9.375000E-01  1
   1.250000E-01   8.125000E-01   9.375000E-01  1
   1.250000E-01   8.750000E-01   0.000000E+00  1
   1.875000E-01   9.375000E-01   0.000000E+00  1
   1.875000E-01   8.750000E-01   6.250000E-02  1
   1.250000E-01   9.375000E-01   6.250000E-02  1
   1.250000E-01   8.750000E-01   1.250000E-01  1
   1.875000E-01   9.375000E-01   1.250000E-01  1
   1.875000E-01   8.750000E-01   1.875000E-01  1
   1.250000E-01   9.375000E-01   1.875000E-01  1
   1.250000E-01   8.750000E-01   2.500000E-01  1
   1.875000E-01   9.375000E-01   2.500000E-01  1
   1.875000E-01   8.750000E-01   3.125000E-01  1
   1.250000E-01   9.375000E-01   3.125000E-01  1
   1.250000E-01   8.750000E-01   3.750000E-01  1
   1.875000E-01   9.375000E-01   3.750000E-01  1
   1.875000E-01   8.750000E-01   4.375000E-01  1
   1.250000E-01   9.375000E-01   4.375000E-01  1
   1.250000E-01   8.750000E-01   5.000000E-01  1
   1.875000E-01   9.375000E-01   5.000000E-01  1
   1.875000E-01   8.750000E-01   5.625000E-01  1
   1.250000E-01   9.375000E-01   5.625000E-01  1
   1.250000E-01   8.750000E-01   6.250000E-01  1
   1.875000E-01   9.375000E-01   6.250000E-01  1
   1.875000E-01   8.750000E-01   6.875000E-01  1
   1.250000E-01   9.375000E-01   6.875000E-01  1
   1.250000E-01   8.750000E-01   7.500000E-01  1
   1.875000E-01   9.375000E-01   7.500000E-01  1
   1.875000E-01   8.750000E-01   8.125000E-01  1
   1.250000E-01   9.375000E-01   8.125000E-01  1
   1.250000E-01   8.750000E-01   8.750000E-01  1
   1.875000E-01   9.375000E-01   8.750000E-01  1
   1.875000E-01   8.750000E-01   9.375000E-01  1
   1.250000E-01   9.375000E-01   9.375000E-01  1
   2.500000E-01   0.000000E+00   0.000000E+00  1
   3.125000E-01   6.250000E-02   0.000000E+00  1
   3.125000E-01   0.000000E+00   6.250000E-02  1
   2.500000E-01   6.250000E-02   6.250000E-02  1
   2.500000E-01   0.000000E+00   1.250000E-01  1
   3.125000E-01   6.250000E-02   1.250000E-01  1
   3.125000E-01   0.000000E+00   1.875000E-01  1
   2.500000E-01   6.250000E-02   1.875000E-01  1
   2.500000E-01   0.000000E+00   2.500000E-01  1
   3.125000E-01   6.250000E-02   2.500000E-01  1
   3.125000E-01   0.000000E+00   3.125000E-01  1
   2.500000E-01   6.250000E-02   3.125000E-01  1
   2.500000E-01   0.000000E+00   3.750000E-01  1
   3.125000E-01   6.250000E-02   3.750000E-01  1
   3.125000E-01   0.000000E+00   4.375000E-01  1
   2.500000E-01   6.250000E-02   4.375000E-01  1
   2.500000E-01   0.000000E+00   5.000000E-01  1
   3.125000E-01   6.250000E-02   5.000000E-01  1
   3.125000E-01   0.000000E+00   5.625000E-01  1
   2.500000E-01   6.250000E-02   5.625000E-01  1
   2.500000E-01   0.000000E+00   6.250000E-01  1
   3.125000E-01   6.250000E-02   6.250000E-01  1
   3.125000E-01   0.000000E+00   6.875000E-01  1
   2.500000E-01   6.250000E-02   6.875000E-01  1
   2.500000E-01   0.000000E+00   7.500000E-01  1
   3.125000E-01   6.250000E-02   7.500000E-01  1
   3.125000E-01   0.000000E+00   8.125000E-01  1
   2.500000E-01   6.250000E-02   8.125000E-01  1
   2.500000E-01   0.000000E+00   8.750000E-01  1
   3.125000E-01   6.250000E-02   8.750000E-01  1
   3.125000E-01   0.000000E+00   9.375000E-01  1
   2.500000E-01   6.250000E-02   9.375000E-01  1
   2.500000E-01   1.250000E-01   0.000000E+00  1
   3.125000E-01   1.875000E-01   0.000000E+00  1
   3.125000E-01   1.250000E-01   6.250000E-02  1
   2.500000E-01   1.875000E-01   6.250000E-02  1
   2.500000E-01   1.250000E-01   1.250000E-01  1
   3.125000E-01   1.875000E-01   1.250000E-01  1
   3.125000E-01   1.250000E-01   1.875000E-01  1
   2.500000E-01   1.875000E-01   1.875000E-01  1
   2.500000E-01   1.250000E-01   2.500000E-01  1
   3.125000E-01   1.875000E-01   2.500000E-01  1
   3.125000E-01   1.250000E-01   3.125000E-01  1
   2.500000E-01   1.875000E-01   3.125000E-01  1
   2.500000E-01   1.250000E-01   3.750000E-01  1
   3.125000E-01   1.875000E-01   3.750000E-01  1
   3.125000E-01   1.250000E-01   4.375000E-01  1
   2.500000E-01   1.875000E-01   4.375000E-01  1
   2.500000E-01   1.250000E-01   5.000000E-01  1
   3.125000E-01   1.875000E-01   5.000000E-01  1
   3.125000E-01   1.250000E-01   5.625000E-01  1
   2.500000E-01   1.875000E-01   5.625000E-01  1
   2.500000E-01   1.250000E-01   6.250000E-01  1
   3.125000E-01   1.875000E-01   6.250000E-01  1
   3.125000E-01   1.250000E-01   6.875000E-01  1
   2.500000E-01   1.875000E-01   6.875000E-01  1
   2.500000E-01   1.250000E-01   7.500000E-01  1
   3.125000E-01   1.875000E-01   7.500000E-01  1
   3.125000E-01   1.250000E-01   8.125000E-01  1
   2.500000E-01   1.875000E-01   8.125000E-01  1
   2.500000E-01   1.250000E-01   8.750000E-01  1
   3.125000E-01   1.875000E-01   8.750000E-01  1
   3.125000E-01   1.250000E-01   9.375000E-01  1
   2.500000E-01   1.875000E-01   9.375000E-01  1
   2.500000E-01   2.500000E-01   0.000000E+00  1
   3.125000E-01   3.125000E-01   0.000000E+00  1
   3.125000E-01   2.500000E-01   6.250000E-02  1
   2.500000E-01   3.125000E-01   6.250000E-02  1
   2.500000E-01   2.500000E-01   1.250000E-01  1
   3.125000E-01   3.125000E-01   1.250000E-01  1
   3.125000E-01   2.500000E-01   1.875000E-01  1
   2.500000E-01   3.125000E-01   1.875000E-01  1
   2.500000E-01   2.500000E-01   2.500000E-01  1
   3.125000E-01   3.125000E-01   2.500000E-01  1
   3.125000E-01   2.500000E-01   3.125000E-01  1
   2.500000E-01   3.125000E-01   3.125000E-01  1
   2.500000E-01   2.500000E-01   3.750000E-01  1
   3.125000E-01   3.125000E-01   3.750000E-01  1
   3.125000E-01   2.500000E-01   4.375000E-01  1
   2.500000E-01   3.125000E-01   4.375000E-01  1
   2.500000E-01   2.500000E-01   5.000000E-01  1
   3.125000E-01   3.125000E-01   5.000000E-01  1
   3.125000E-01   2.500000E-01   5.625000E-01  1
   2.500000E-01   3.125000E-01   5.625000E-01  1
   2.500000E-01   2.500000E-01   6.250000E-01  1
   3.125000E-01   3.125000E-01   6.250000E-01  1
   3.125000E-01   2.500000E-01   6.875000E-01  1
   2.500000E-01   3.125000E-01   6.875000E-01  1
   2.500000E-01   2.500000E-01   7.500000E-01  1
   3.125000E-01   3.125000E-01   7.500000E-01  1
   3.125000E-01   2.500000E-01   8.125000E-01  1
   2.500000E-01   3.125000E-01   8.125000E-01  1
   2.500000E-01   2.500000E-01   8.750000E-01  1
   3.125000E-01   3.125000E-01   8.750000E-01  1
   3.125000E-01   2.500000E-01   9.375000E-01  1
   2.500000E-01   3.125000E-01   9.375000E-01  1
   2.500000E-01   3.750000E-01   0.000000E+00  1
   3.125000E-01   4.375000E-01   0.000000E+00  1
   3.125000E-01   3.750000E-01   6.250000E-02  1
   2.500000E-01   4.375000E-01   6.250000E-02  1
   2.500000E-01   3.750000E-01   1.250000E-01  1
   3.125000E-01   4.375000E-01   1.250000E-01  1
   3.125000E-01   3.750000E-01   1.875000E-01  1
   2.500000E-01   4.375000E-01   1.875000E-01  1
   2.500000E-01   3.750000E-01   2.500000E-01  1
   3.125000E-01   4.375000E-01   2.500000E-01  1
   3.125000E-01   3.750000E-01   3.125000E-01  1
   2.500000E-01   4.375000E-01   3.125000E-01  1
   2.500000E-01   3.750000E-01   3.750000E-01  1
   3.125000E-01   4.375000E-01   3.750000E-01  1
   3.125000E-01   3.750000E-01   4.375000E-01  1
   2.500000E-01   4.375000E-01   4.375000E-01  1
   2.500000E-01   3.750000E-01   5.000000E-01  1
   3.125000E-01   4.375000E-01   5.000000E-01  1
   3.125000E-01   3.750000E-01   5.625000E-01  1
   2.500000E-01   4.375000E-01   5.625000E-01  1
   2.500000E-01   3.750000E-01   6.250000E-01  1
   3.125000E-01   4.375000E-01   6.250000E-01  1
   3.125000E-01   3.750000E-01   6.875000E-01  1
   2.500000E-01   4.375000E-01   6.875000E-01  1
   2.500000E-01   3.750000E-01   7.500000E-01  1
   3.125000E-01   4.375000E-01   7.500000E-01  1
   3.125000E-01   3.750000E-01   8.125000E-01  1
   2.500000E-01   4.375000E-01   8.125000E-01  1
   2.500000E-01   3.750000E-01   8.750000E-01  1
   3.125000E-01   4.375000E-01   8.750000E-01  1
   3.125000E-01   3.750000E-01   9.375000E-01  1
   2.500000E-01   4.375000E-01   9.375000E-01  1
   2.500000E-01   5.000000E-01   0.000000E+00  1
   3.125000E-01   5.625000E-01   0.000000E+00  1
   3.125000E-01   5.000000E-01   6.250000E-02  1
   2.500000E-01   5.625000E-01   6.250000E-02  1
   2.500000E-01   5.000000E-01   1.250000E-01  1
   3.125000E-01   5.625000E-01   1.250000E-01  1
   3.125000E-01   5.000000E-01   1.875000E-01  1
   2.500000E-01   5.625000E-01   1.875000E-01  1
   2.500000E-01   5.000000E-01   2.500000E-01  1
   3.125000E-01   5.625000E-01   2.500000E-01  1
   3.125000E-01   5.000000E-01   3.125000E-01  1
   2.500000E-01   5.625000E-01   3.125000E-01  1
   2.500000E-01   5.000000E-01   3.750000E-01  1
   3.125000E-01   5.625000E-01   3.750000E-01  1
   3.125000E-01   5.000000E-01   4.375000E-01  1
   2.500000E-01   5.625000E-01   4.375000E-01  1
   2.500000E-01   5.000000E-01   5.000000E-01  1
   3.125000E-01   5.625000E-01   5.000000E-01  1
   3.125000E-01   5.000000E-01   5.625000E-01  1
   2.500000E-01   5.625000E-01   5.625000E-01  1
   2.500000E-01   5.000000E-01   6.250000E-01  1
   3.125000E-01   5.625000E-01   6.250000E-01  1
   3.125000E-01   5.000000E-01   6.875000E-01  1
   2.500000E-01   5.625000E-01   6.875000E-01  1
   2.500000E-01   5.000000E-01   7.500000E-01  1
   3.125000E-01   5.625000E-01   7.500000E-01  1
   3.125000E-01   5.000000E-01   8.125000E-01  1
   2.500000E-01   5.625000E-01   8.125000E-01  1
   2.500000E-01   5.000000E-01   8.750000E-01  1
   3.125000E-01   5.625000E-01   8.750000E-01  1
   3.125000E-01   5.000000E-01   9.375000E-01  1
   2.500000E-01   5.625000E-01   9.375000E-01  1
   2.500000E-01   6.250000E-01   0.000000E+00  1
   3.125000E-01   6.875000E-01   0.000000E+00  1
   3.125000E-01   6.250000E-01   6.250000E-02  1
   2.500000E-01   6.875000E-01   6.250000E-02  1
   2.500000E-01   6.250000E-01   1.250000E-01  1
   3.125000E-01   6.875000E-01   1.250000E-01  1
   3.125000E-01   6.250000E-01   1.875000E-01  1
   2.500000E-01   6.875000E-01   1.875000E-01  1
   2.500000E-01   6.250000E-01   2.500000E-01  1
   3.125000E-01   6.875000E-01   2.500000E-01  1
   3.125000E-01   6.250000E-01   3.125000E-01  1
   2.500000E-01   6.875000E-01   3.125000E-01  1
   2.500000E-01   6.250000E-01   3.750000E-01  1
   3.125000E-01   6.875000E-01   3.750000E-01  1
   3.125000E-01   6.250000E-01   4.375000E-01  1
   2.500000E-01   6.875000E-01   4.375000E-01  1
   2.500000E-01   6.250000E-01   5.000000E-01  1
   3.125000E-01   6.875000E-01   5.000000E-01  1
   3.125000E-01   6.250000E-01   5.625000E-01  1
   2.500000E-01   6.875000E-01   5.625000E-01  1
   2.500000E-01   6.250000E-01   6.250000E-01  1
   3.125000E-01   6.875000E-01   6.250000E-01  1
   3.125000E-01   6.250000E-01   6.875000E-01  1
   2.500000E-01   6.875000E-01   6.875000E-01  1
   2.500000E-01   6.250000E-01   7.500000E-01  1
   3.125000E-01   6.875000E-01   7.500000E-01  1
   3.125000E-01   6.250000E-01   8.125000E-01  1
   2.500000E-01   6.875000E-01   8.125000E-01  1
   2.500000E-01   6.250000E-01   8.750000E-01  1
   3.125000E-01   6.875000E-01   8.750000E-01  1
   3.125000E-01   6.250000E-01   9.375000E-01  1
   2.500000E-01   6.875000E-01   9.375000E-01  1
   2.500000E-01   7.500000E-01   0.000000E+00  1
   3.125000E-01   8.125000E-01   0.000000E+00  1
   3.125000E-01   7.500000E-01   6.250000E-02  1
   2.500000E-01   8.125000E-01   6.250000E-02  1
   2.500000E-01   7.500000E-01   1.250000E-01  1
   3.125000E-01   8.125000E-01   1.250000E-01  1
   3.125000E-01   7.500000E-01   1.875000E-01  1
   2.500000E-01   8.125000E-01   1.875000E-01  1
   2.500000E-01   7.500000E-01   2.500000E-01  1
   3.125000E-01   8.125000E-01   2.500000E-01  1
   3.125000E-01   7.500000E-01   3.125000E-01  1
   2.500000E-01   8.125000E-01   3.125000E-01  1
   2.500000E-01   7.500000E-01   3.750000E-01  1
   3.125000E-01   8.125000E-01   3.750000E-01  1
   3.125000E-01   7.500000E-01   4.375000E-01  1
   2.500000E-01   8.125000E-01   4.375000E-01  1
   2.500000E-01   7.500000E-01   5.000000E-01  1
   3.125000E-01   8.125000E-01   5.000000E-01  1
   3.125000E-01   7.500000E-01   5.625000E-01  1
   2.500000E-01   8.125000E-01   5.625000E-01  1
   2.500000E-01   7.500000E-01   6.250000E-01  1
   3.125000E-01   8.125000E-01   6.250000E-01  1
   3.125000E-01   7.500000E-01   6.875000E-01  1
   2.500000E-01   8.125000E-01   6.875000E-01  1
   2.500000E-01   7.500000E-01   7.500000E-01  1
   3.125000E-01   8.125000E-01   7.500000E-01  1
   3.125000E-01   7.500000E-01   8.125000E-01  1
   2.500000E-01   8.125000E-01   8.125000E-01  1
   2.500000E-01   7.500000E-01   8.750000E-01  1
   3.125000E-01   8.125000E-01   8.750000E-01  1
   3.125000E-01   7.500000E-01   9.375000E-01  1
   2.500000E-01   8.125000E-01   9.375000E-01  1
   2.500000E-01   8.750000E-01   0.000000E+00  1
   3.125000E-01   9.375000E-01   0.000000E+00  1
   3.125000E-01   8.750000E-01   6.250000E-02  1
   2.500000E-01   9.375000E-01   6.250000E-02  1
   2.500000E-01   8.750000E-01   1.250000E-01  1
   3.125000E-01   9.375000E-01   1.250000E-01  1
   3.125000E-01   8.750000E-01   1.875000E-01  1
   2.500000E-01   9.375000E-01   1.875000E-01  1
   2.500000E-01   8.750000E-01   2.500000E-01  1
   3.125000E-01   9.375000E-01   2.500000E-01  1
   3.125000E-01   8.750000E-01   3.125000E-01  1
   2.500000E-01   9.375000E-01   3.125000E-01  1
   2.500000E-01   8.750000E-01   3.750000E-01  1
   3.125000E-01   9.375000E-01   3.750000E-01  1
   3.125000E-01   8.750000E-01   4.375000E-01  1
   2.500000E-01   9.375000E-01   4.375000E-01  1
   2.500000E-01   8.750000E-01   5.000000E-01  1
   3.125000E-01   9.375000E-01   5.000000E-01  1
   3.125000E-01   8.750000E-01   5.625000E-01  1
   2.500000E-01   9.375000E-01   5.625000E-01  1
   2.500000E-01   8.750000E-01   6.250000E-01  1
   3.125000E-01   9.375000E-01   6.250000E-01  1
   3.125000E-01   8.750000E-01   6.875000E-01  1
   2.500000E-01   9.375000E-01   6.875000E-01  1
   2.500000E-01   8.750000E-01   7.500000E-01  1
   3.125000E-01   9.375000E-01   7.500000E-01  1
   3.125000E-01   8.750000E-01   8.125000E-01  1
   2.500000E-01   9.375000E-01   8.125000E-01  1
   2.500000E-01   8.750000E-01   8.750000E-01  1
   3.125000E-01   9.375000E-01   8.750000E-01  1
   3.125000E-01   8.750000E-01   9.375000E-01  1
   2.500000E-01   9.375000E-01   9.375000E-01  1
   3.750000E-01   0.000000E+00   0.000000E+00  1
   4.375000E-01   6.250000E-02   0.000000E+00  1
   4.375000E-01   0.000000E+00   6.250000E-02  1
   3.750000E-01   6.250000E-02   6.250000E-02  1
   3.750000E-01   0.000000E+00   1.250000E-01  1
   4.375000E-01   6.250000E-02   1.250000E-01  1
   4.375000E-01   0.000000E+00   1.875000E-01  1
   3.750000E-01   6.250000E-02   1.875000E-01  1
   3.750000E-01   0.000000E+00   2.500000E-01  1
   4.375000E-01   6.250000E-02   2.500000E-01  1
   4.375000E-01   0.000000E+00   3.125000E-01  1
   3.750000E-01   6.250000E-02   3.125000E-01  1
   3.750000E-01   0.000000E+00   3.750000E-01  1
   4.375000E-01   6.250000E-02   3.750000E-01  1
   4.375000E-01   0.000000E+00   4.375000E-01  1
   3.750000E-01   6.250000E-02   4.375000E-01  1
   3.750000E-01   0.000000E+00   5.000000E-01  1
   4.375000E-01   6.250000E-02   5.000000E-01  1
   4.375000E-01   0.000000E+00   5.625000E-01  1
   3.750000E-01   6.250000E-02   5.625000E-01  1
   3.750000E-01   0.000000E+00   6.250000E-01  1
   4.375000E-01   6.250000E-02   6.250000E-01  1
   4.375000E-01   0.000000E+00   6.875000E-01  1
   3.750000E-01   6.250000E-02   6.875000E-01  1
   3.750000E-01   0.000000E+00   7.500000E-01  1
   4.375000E-01   6.250000E-02   7.500000E-01  1
   4.375000E-01   0.000000E+00   8.125000E-01  1
   3.750000E-01   6.250000E-02   8.125000E-01  1
   3.750000E-01   0.000000E+00   8.750000E-01  1
   4.375000E-01   6.250000E-02   8.750000E-01  1
   4.375000E-01   0.000000E+00   9.375000E-01  1
   3.750000E-01   6.250000E-02   9.375000E-01  1
   3.750000E-01   1.250000E-01   0.000000E+00  1
   4.375000E-01   1.875000E-01   0.000000E+00  1
   4.375000E-01   1.250000E-01   6.250000E-02  1
   3.750000E-01   1.875000E-01   6.250000E-02  1
   3.750000E-01   1.250000E-01   1.250000E-01  1
   4.375000E-01   1.875000E-01   1.250000E-01  1
   4.375000E-01   1.250000E-01   1.875000E-01  1
   3.750000E-01   1.875000E-01   1.875000E-01  1
   3.750000E-01   1.250000E-01   2.500000E-01  1
   4.375000E-01   1.875000E-01   2.500000E-01  1
   4.375000E-01   1.250000E-01   3.125000E-01  1
   3.750000E-01   1.875000E-01   3.125000E-01  1
   3.750000E-01   1.250000E-01   3.750000E-01  1
   4.375000E-01   1.875000E-01   3.750000E-01  1
   4.375000E-01   1.250000E-01   4.375000E-01  1
   3.750000E-01   1.875000E-01   4.375000E-01  1
   3.750000E-01   1.250000E-01   5.000000E-01  1
   4.375000E-01   1.875000E-01   5.000000E-01  1
   4.375000E-01   1.250000E-01   5.625000E-01  1
   3.750000E-01   1.875000E-01   5.625000E-01  1
   3.750000E-01   1.250000E-01   6.250000E-01  1
   4.375000E-01   1.875000E-01   6.250000E-01  1
   4.375000E-01   1.250000E-01   6.875000E-01  1
   3.750000E-01   1.875000E-01   6.875000E-01  1
   3.750000E-01   1.250000E-01   7.500000E-01  1
   4.375000E-01   1.875000E-01   7.500000E-01  1
   4.375000E-01   1.250000E-01   8.125000E-01  1
   3.750000E-01   1.875000E-01   8.125000E-01  1
   3.750000E-01   1.250000E-01   8.750000E-01  1
   4.375000E-01   1.875000E-01   8.750000E-01  1
   4.375000E-01   1.250000E-01   9.375000E-01  1
   3.750000E-01   1.875000E-01   9.375000E-01  1
   3.750000E-01   2.500000E-01   0.000000E+00  1
   4.375000E-01   3.125000E-01   0.000000E+00  1
   4.375000E-01   2.500000E-01   6.250000E-02  1
   3.750000E-01   3.125000E-01   6.250000E-02  1
   3.750000E-01   2.500000E-01   1.250000E-01  1
   4.375000E-01   3.125000E-01   1.250000E-01  1
   4.375000E-01   2.500000E-01   1.875000E-01  1
   3.750000E-01   3.125000E-01   1.875000E-01  1
   3.750000E-01   2.500000E-01   2.500000E-01  1
   4.375000E-01   3.125000E-01   2.500000E-01  1
   4.375000E-01   2.500000E-01   3.125000E-01  1
   3.750000E-01   3.125000E-01   3.125000E-01  1
   3.750000E-01   2.500000E-01   3.750000E-01  1
   4.375000E-01   3.125000E-01   3.750000E-01  1
   4.375000E-01   2.500000E-01   4.375000E-01  1
   3.750000E-01   3.125000E-01   4.375000E-01  1
   3.750000E-01   2.500000E-01   5.000000E-01  1
   4.375000E-01   3.125000E-01   5.000000E-01  1
   4.375000E-01   2.500000E-01   5.625000E-01  1
   3.750000E-01   3.125000E-01   5.625000E-01  1
   3.750000E-01   2.500000E-01   6.250000E-01  1
   4.375000E-01   3.125000E-01   6.250000E-01  1
   4.375000E-01   2.500000E-01   6.875000E-01  1
   3.750000E-01   3.125000E-01   6.875000E-01  1
   3.750000E-01   2.500000E-01   7.500000E-01  1
   4.375000E-01   3.125000E-01   7.500000E-01  1
   4.375000E-01   2.500000E-01   8.125000E-01  1
   3.750000E-01   3.125000E-01   8.125000E-01  1
   3.750000E-01   2.500000E-01   8.750000E-01  1
   4.375000E-01   3.125000E-01   8.750000E-01  1
   4.375000E-01   2.500000E-01   9.375000E-01  1
   3.750000E-01   3.125000E-01   9.375000E-01  1
   3.750000E-01   3.750000E-01   0.000000E+00  1
   4.375000E-01   4.375000E-01   0.000000E+00  1
   4.375000E-01   3.750000E-01   6.250000E-02  1
   3.750000E-01   4.375000E-01   6.250000E-02  1
   3.750000E-01   3.750000E-01   1.250000E-01  1
   4.375000E-01   4.375000E-01   1.250000E-01  1
   4.375000E-01   3.750000E-01   1.875000E-01  1
   3.750000E-01   4.375000E-01   1.875000E-01  1
   3.750000E-01   3.750000E-01   2.500000E-01  1
   4.375000E-01   4.375000E-01   2.500000E-01  1
   4.375000E-01   3.750000E-01   3.125000E-01  1
   3.750000E-01   4.375000E-01   3.125000E-01  1
   3.750000E-01   3.750000E-01   3.750000E-01  1
   4.375000E-01   4.375000E-01   3.750000E-01  1
   4.375000E-01   3.750000E-01   4.375000E-01  1
   3.750000E-01   4.375000E-01   4.375000E-01  1
   3.750000E-01   3.750000E-01   5.000000E-01  1
   4.375000E-01   4.375000E-01   5.000000E-01  1
   4.375000E-01   3.750000E-01   5.625000E-01  1
   3.750000E-01   4.375000E-01   5.625000E-01  1
   3.750000E-01   3.750000E-01   6.250000E-01  1
   4.375000E-01   4.375000E-01   6.250000E-01  1
   4.375000E-01   3.750000E-01   6.875000E-01  1
   3.750000E-01   4.375000E-01   6.875000E-01  1
   3.750000E-01   3.750000E-01   7.500000E-01  1
   4.375000E-01   4.375000E-01   7.500000E-01  1
   4.375000E-01   3.750000E-01   8.125000E-01  1
   3.750000E-01   4.375000E-01   8.125000E-01  1
   3.750000E-01   3.750000E-01   8.750000E-01  1
   4.375000E-01   4.375000E-01   8.750000E-01  1
   4.375000E-01   3.750000E-01   9.375000E-01  1
   3.750000E-01   4.375000E-01   9.375000E-01  1
   3.750000E-01   5.000000E-01   0.000000E+00  1
   4.375000E-01   5.625000E-01   0.000000E+00  1
   4.375000E-01   5.000000E-01   6.250000E-02  1
   3.750000E-01   5.625000E-01   6.250000E-02  1
   3.750000E-01   5.000000E-01   1.250000E-01  1
   4.375000E-01   5.625000E-01   1.250000E-01  1
   4.375000E-01   5.000000E-01   1.875000E-01  1
   3.750000E-01   5.625000E-01   1.875000E-01  1
   3.750000E-01   5.000000E-01   2.500000E-01  1
   4.375000E-01   5.625000E-01   2.500000E-01  1
   4.375000E-01   5.000000E-01   3.125000E-01  1
   3.750000E-01   5.625000E-01   3.125000E-01  1
   3.750000E-01   5.000000E-01   3.750000E-01  1
   4.375000E-01   5.625000E-01   3.750000E-01  1
   4.375000E-01   5.000000E-01   4.375000E-01  1
   3.750000E-01   5.625000E-01   4.375000E-01  1
   3.750000E-01   5.000000E-01   5.000000E-01  1
   4.375000E-01   5.625000E-01   5.000000E-01  1
   4.375000E-01   5.000000E-01   5.625000E-01  1
   3.750000E-01   5.625000E-01   5.625000E-01  1
   3.750000E-01   5.000000E-01   6.250000E-01  1
   4.375000E-01   5.625000E-01   6.250000E-01  1
   4.375000E-01   5.000000E-01   6.875000E-01  1
   3.750000E-01   5.625000E-01   6.875000E-01  1
   3.750000E-01   5.000000E-01   7.500000E-01  1
   4.375000E-01   5.625000E-01   7.500000E-01  1
   4.375000E-01   5.000000E-01   8.125000E-01  1
   3.750000E-01   5.625000E-01   8.125000E-01  1
   3.750000E-01   5.000000E-01   8.750000E-01  1
   4.375000E-01   5.625000E-01   8.750000E-01  1
   4.375000E-01   5.000000E-01   9.375000E-01  1
   3.750000E-01   5.625000E-01   9.375000E-01  1
   3.750000E-01   6.250000E-01   0.000000E+00  1
   4.375000E-01   6.875000E-01   0.000000E+00  1
   4.375000E-01   6.250000E-01   6.250000E-02  1
   3.750000E-01   6.875000E-01   6.250000E-02  1
   3.750000E-01   6.250000E-01   1.250000E-01  1
   4.375000E-01   6.875000E-01   1.250000E-01  1
   4.375000E-01   6.250000E-01   1.875000E-01  1
   3.750000E-01   6.875000E-01   1.875000E-01  1
   3.750000E-01   6.250000E-01   2.500000E-01  1
   4.375000E-01   6.875000E-01   2.500000E-01  1
   4.375000E-01   6.250000E-01   3.125000E-01  1
   3.750000E-01   6.875000E-01   3.125000E-01  1
   3.750000E-01   6.250000E-01   3.750000E-01  1
   4.375000E-01   6.875000E-01   3.750000E-01  1
   4.375000E-01   6.250000E-01   4.375000E-01  1
   3.750000E-01   6.875000E-01   4.375000E-01  1
   3.750000E-01   6.250000E-01   5.000000E-01  1
   4.375000E-01   6.875000E-01   5.000000E-01  1
   4.375000E-01   6.250000E-01   5.625000E-01  1
   3.750000E-01   6.875000E-01   5.625000E-01  1
   3.750000E-01   6.250000E-01   6.250000E-01  1
   4.375000E-01   6.875000E-01   6.250000E-01  1
   4.375000E-01   6.250000E-01   6.875000E-01  1
   3.750000E-01   6.875000E-01   6.875000E-01  1
   3.750000E-01   6.250000E-01   7.500000E-01  1
   4.375000E-01   6.875000E-01   7.500000E-01  1
   4.375000E-01   6.250000E-01   8.125000E-01  1
   3.750000E-01   6.875000E-01   8.125000E-01  1
   3.750000E-01   6.250000E-01   8.750000E-01  1
   4.375000E-01   6.875000E-01   8.750000E-01  1
   4.375000E-01   6.250000E-01   9.375000E-01  1
   3.750000E-01   6.875000E-01   9.375000E-01  1
   3.750000E-01   7.500000E-01   0.000000E+00  1
   4.375000E-01   8.125000E-01   0.000000E+00  1
   4.375000E-01   7.500000E-01   6.250000E-02  1
   3.750000E-01   8.125000E-01   6.250000E-02  1
   3.750000E-01   7.500000E-01   1.250000E-01  1
   4.375000E-01   8.125000E-01   1.250000E-01  1
   4.375000E-01   7.500000E-01   1.875000E-01  1
   3.750000E-01   8.125000E-01   1.875000E-01  1
   3.750000E-01   7.500000E-01   2.500000E-01  1
   4.375000E-01   8.125000E-01   2.500000E-01  1
   4.375000E-01   7.500000E-01   3.125000E-01  1
   3.750000E-01   8.125000E-01   3.125000E-01  1
   3.750000E-01   7.500000E-01   3.750000E-01  1
   4.375000E-01   8.125000E-01   3.750000E-01  1
   4.375000E-01   7.500000E-01   4.375000E-01  1
   3.750000E-01   8.125000E-01   4.375000E-01  1
   3.750000E-01   7.500000E-01   5.000000E-01  1
   4.375000E-01   8.125000E-01   5.000000E-01  1
   4.375000E-01   7.500000E-01   5.625000E-01  1
   3.750000E-01   8.125000E-01   5.625000E-01  1
   3.750000E-01   7.500000E-01   6.250000E-01  1
   4.375000E-01   8.125000E-01   6.250000E-01  1
   4.375000E-01   7.500000E-01   6.875000E-01  1
   3.750000E-01   8.125000E-01   6.875000E-01  1
   3.750000E-01   7.500000E-01   7.500000E-01  1
   4.375000E-01   8.125000E-01   7.500000E-01  1
   4.375000E-01   7.500000E-01   8.125000E-01  1
   3.750000E-01   8.125000E-01   8.125000E-01  1
   3.750000E-01   7.500000E-01   8.750000E-01  1
   4.375000E-01   8.125000E-01   8.750000E-01  1
   4.375000E-01   7.500000E-01   9.375000E-01  1
   3.750000E-01   8.125000E-01   9.375000E-01  1
   3.750000E-01   8.750000E-01   0.000000E+00  1
   4.375000E-01   9.375000E-01   0.000000E+00  1
   4.375000E-01   8.750000E-01   6.250000E-02  1
   3.750000E-01   9.375000E-01   6.250000E-02  1
   3.750000E-01   8.750000E-01   1.250000E-01  1
   4.375000E-01   9.375000E-01   1.250000E-01  1
   4.375000E-01   8.750000E-01   1.875000E-01  1
   3.750000E-01   9.375000E-01   1.875000E-01  1
   3.750000E-01   8.750000E-01   2.500000E-01  1
   4.375000E-01   9.375000E-01   2.500000E-01  1
   4.375000E-01   8.750000E-01   3.125000E-01  1
   3.750000E-01   9.375000E-01   3.125000E-01  1
   3.750000E-01   8.750000E-01   3.750000E-01  1
   4.375000E-01   9.375000E-01   3.750000E-01  1
   4.375000E-01   8.750000E-01   4.375000E-01  1
   3.750000E-01   9.375000E-01   4.375000E-01  1
   3.750000E-01   8.750000E-01   5.000000E-01  1
   4.375000E-01   9.375000E-01   5.000000E-01  1
   4.375000E-01   8.750000E-01   5.625000E-01  1
   3.750000E-01   9.375000E-01   5.625000E-01  1
   3.750000E-01   8.750000E-01   6.250000E-01  1
   4.375000E-01   9.375000E-01   6.250000E-01  1
   4.375000E-01   8.750000E-01   6.875000E-01  1
   3.750000E-01   9.375000E-01   6.875000E-01  1
   3.750000E-01   8.750000E-01   7.500000E-01  1
   4.375000E-01   9.375000E-01   7.500000E-01  1
   4.375000E-01   8.750000E-01   8.125000E-01  1
   3.750000E-01   9.375000E-01   8.125000E-01  1
   3.750000E-01   8.750000E-01   8.750000E-01  1
   4.375000E-01   9.375000E-01   8.750000E-01  1
   4.375000E-01   8.750000E-01   9.375000E-01  1
   3.750000E-01   9.375000E-01   9.375000E-01  1
   5.000000E-01   0.000000E+00   0.000000E+00  1
   5.625000E-01   6.250000E-02   0.000000E+00  1
   5.625000E-01   0.000000E+00   6.250000E-02  1
   5.000000E-01   6.250000E-02   6.250000E-02  1
   5.000000E-01   0.000000E+00   1.250000E-01  1
   5.625000E-01   6.250000E-02   1.250000E-01  1
   5.625000E-01   0.000000E+00   1.875000E-01  1
   5.000000E-01   6.250000E-02   1.875000E-01  1
   5.000000E-01   0.000000E+00   2.500000E-01  1
   5.625000E-01   6.250000E-02   2.500000E-01  1
   5.625000E-01   0.000000E+00   3.125000E-01  1
   5.000000E-01   6.250000E-02   3.125000E-01  1
   5.000000E-01   0.000000E+00   3.750000E-01  1
   5.625000E-01   6.250000E-02   3.750000E-01  1
   5.625000E-01   0.000000E+00   4.375000E-01  1
   5.000000E-01   6.250000E-02   4.375000E-01  1
   5.000000E-01   0.000000E+00   5.000000E-01  1
   5.625000E-01   6.250000E-02   5.000000E-01  1
   5.625000E-01   0.000000E+00   5.625000E-01  1
   5.000000E-01   6.250000E-02   5.625000E-01  1
   5.000000E-01   0.000000E+00   6.250000E-01  1
   5.625000E-01   6.250000E-02   6.250000E-01  1
   5.625000E-01   0.000000E+00   6.875000E-01  1
   5.000000E-01   6.250000E-02   6.875000E-01  1
   5.000000E-01   0.000000E+00   7.500000E-01  1
   5.625000E-01   6.250000E-02   7.500000E-01  1
   5.625000E-01   0.000000E+00   8.125000E-01  1
   5.000000E-01   6.250000E-02   8.125000E-01  1
   5.000000E-01   0.000000E+00   8.750000E-01  1
   5.625000E-01   6.250000E-02   8.750000E-01  1
   5.625000E-01   0.000000E+00   9.375000E-01  1
   5.000000E-01   6.250000E-02   9.375000E-01  1
   5.000000E-01   1.250000E-01   0.000000E+00  1
   5.625000E-01   1.875000E-01   0.000000E+00  1
   5.625000E-01   1.250000E-01   6.250000E-02  1
   5.000000E-01   1.875000E-01   6.250000E-02  1
   5.000000E-01   1.250000E-01   1.250000E-01  1
   5.625000E-01   1.875000E-01   1.250000E-01  1
   5.625000E-01   1.250000E-01   1.875000E-01  1
   5.000000E-01   1.875000E-01   1.875000E-01  1
   5.000000E-01   1.250000E-01   2.500000E-01  1
   5.625000E-01   1.875000E-01   2.500000E-01  1
   5.625000E-01   1.250000E-01   3.125000E-01  1
   5.000000E-01   1.875000E-01   3.125000E-01  1
   5.000000E-01   1.250000E-01   3.750000E-01  1
   5.625000E-01   1.875000E-01   3.750000E-01  1
   5.625000E-01   1.250000E-01   4.375000E-01  1
   5.000000E-01   1.875000E-01   4.375000E-01  1
   5.000000E-01   1.250000E-01   5.000000E-01  1
   5.625000E-01   1.875000E-01   5.000000E-01  1
   5.625000E-01   1.250000E-01   5.625000E-01  1
   5.000000E-01   1.875000E-01   5.625000E-01  1
   5.000000E-01   1.250000E-01   6.250000E-01  1
   5.625000E-01   1.875000E-01   6.250000E-01  1
   5.625000E-01   1.250000E-01   6.875000E-01  1
   5.000000E-01   1.875000E-01   6.875000E-01  1
   5.000000E-01   1.250000E-01   7.500000E-01  1
   5.625000E-01   1.875000E-01   7.500000E-01  1
   5.625000E-01   1.250000E-01   8.125000E-01  1
   5.000000E-01   1.875000E-01   8.125000E-01  1
   5.000000E-01   1.250000E-01   8.750000E-01  1
   5.625000E-01   1.875000E-01   8.750000E-01  1
   5.625000E-01   1.250000E-01   9.375000E-01  1
   5.000000E-01   1.875000E-01   9.375000E-01  1
   5.000000E-01   2.500000E-01   0.000000E+00  1
   5.625000E-01   3.125000E-01   0.000000E+00  1
   5.625000E-01   2.500000E-01   6.250000E-02  1
   5.000000E-01   3.125000E-01   6.250000E-02  1
   5.000000E-01   2.500000E-01   1.250000E-01  1
   5.625000E-01   3.125000E-01   1.250000E-01  1
   5.625000E-01   2.500000E-01   1.875000E-01  1
   5.000000E-01   3.125000E-01   1.875000E-01  1
   5.000000E-01   2.500000E-01   2.500000E-01  1
   5.625000E-01   3.125000E-01   2.500000E-01  1
   5.625000E-01   2.500000E-01   3.125000E-01  1
   5.000000E-01   3.125000E-01   3.125000E-01  1
   5.000000E-01   2.500000E-01   3.750000E-01  1
   5.625000E-01   3.125000E-01   3.750000E-01  1
   5.625000E-01   2.500000E-01   4.375000E-01  1
   5.000000E-01   3.125000E-01   4.375000E-01  1
   5.000000E-01   2.500000E-01   5.000000E-01  1
   5.625000E-01   3.125000E-01   5.000000E-01  1
   5.625000E-01   2.500000E-01   5.625000E-01  1
   5.000000E-01   3.125000E-01   5.625000E-01  1
   5.000000E-01   2.500000E-01   6.250000E-01  1
   5.625000E-01   3.125000E-01   6.250000E-01  1
   5.625000E-01   2.500000E-01   6.875000E-01  1
   5.000000E-01   3.125000E-01   6.875000E-01  1
   5.000000E-01   2.500000E-01   7.500000E-01  1
   5.625000E-01   3.125000E-01   7.500000E-01  1
   5.625000E-01   2.500000E-01   8.125000E-01  1
   5.000000E-01   3.125000E-01   8.125000E-01  1
   5.000000E-01   2.500000E-01   8.750000E-01  1
   5.625000E-01   3.125000E-01   8.750000E-01  1
   5.625000E-01   2.500000E-01   9.375000E-01  1
   5.000000E-01   3.125000E-01   9.375000E-01  1
   5.000000E-01   3.750000E-01   0.000000E+00  1
   5.625000E-01   4.375000E-01   0.000000E+00  1
   5.625000E-01   3.750000E-01   6.250000E-02  1
   5.000000E-01   4.375000E-01   6.250000E-02  1
   5.000000E-01   3.750000E-01   1.250000E-01  1
   5.625000E-01   4.375000E-01   1.250000E-01  1
   5.625000E-01   3.750000E-01   1.875000E-01  1
   5.000000E-01   4.375000E-01   1.875000E-01  1
   5.000000E-01   3.750000E-01   2.500000E-01  1
   5.625000E-01   4.375000E-01   2.500000E-01  1
   5.625000E-01   3.750000E-01   3.125000E-01  1
   5.000000E-01   4.375000E-01   3.125000E-01  1
   5.000000E-01   3.750000E-01   3.750000E-01  1
   5.625000E-01   4.375000E-01   3.750000E-01  1
   5.625000E-01   3.750000E-01   4.375000E-01  1
   5.000000E-01   4.375000E-01   4.375000E-01  1
   5.000000E-01   3.750000E-01   5.000000E-01  1
   5.625000E-01   4.375000E-01   5.000000E-01  1
   5.625000E-01   3.750000E-01   5.625000E-01  1
   5.000000E-01   4.375000E-01   5.625000E-01  1
   5.000000E-01   3.750000E-01   6.250000E-01  1
   5.625000E-01   4.375000E-01   6.250000E-01  1
   5.625000E-01   3.750000E-01   6.875000E-01  1
   5.000000E-01   4.375000E-01   6.875000E-01  1
   5.000000E-01   3.750000E-01   7.500000E-01  1
   5.625000E-01   4.375000E-01   7.500000E-01  1
   5.625000E-01   3.750000E-01   8.125000E-01  1
   5.000000E-01   4.375000E-01   8.125000E-01  1
   5.000000E-01   3.750000E-01   8.750000E-01  1
   5.625000E-01   4.375000E-01   8.750000E-01  1
   5.625000E-01   3.750000E-01   9.375000E-01  1
   5.000000E-01   4.375000E-01   9.375000E-01  1
   5.000000E-01   5.000000E-01   0.000000E+00  1
   5.625000E-01   5.625000E-01   0.000000E+00  1
   5.625000E-01   5.000000E-01   6.250000E-02  1
   5.000000E-01   5.625000E-01   6.250000E-02  1
   5.000000E-01   5.000000E-01   1.250000E-01  1
   5.625000E-01   5.625000E-01   1.250000E-01  1
   5.625000E-01   5.000000E-01   1.875000E-01  1
   5.000000E-01   5.625000E-01   1.875000E-01  1
   5.000000E-01   5.000000E-01   2.500000E-01  1
   5.625000E-01   5.625000E-01   2.500000E-01  1
   5.625000E-01   5.000000E-01   3.125000E-01  1
   5.000000E-01   5.625000E-01   3.125000E-01  1
   5.000000E-01   5.000000E-01   3.750000E-01  1
   5.625000E-01   5.625000E-01   3.750000E-01  1
   5.625000E-01   5.000000E-01   4.375000E-01  1
   5.000000E-01   5.625000E-01   4.375000E-01  1
   5.000000E-01   5.000000E-01   5.000000E-01  1
   5.625000E-01   5.625000E-01   5.000000E-01  1
   5.625000E-01   5.000000E-01   5.625000E-01  1
   5.000000E-01   5.625000E-01   5.625000E-01  1
   5.000000E-01   5.000000E-01   6.250000E-01  1
   5.625000E-01   5.625000E-01   6.250000E-01  1
   5.625000E-01   5.000000E-01   6.875000E-01  1
   5.000000E-01   5.625000E-01   6.875000E-01  1
   5.000000E-01   5.000000E-01   7.500000E-01  1
   5.625000E-01   5.625000E-01   7.500000E-01  1
   5.625000E-01   5.000000E-01   8.125000E-01  1
   5.000000E-01   5.625000E-01   8.125000E-01  1
   5.000000E-01   5.000000E-01   8.750000E-01  1
   5.625000E-01   5.625000E-01   8.750000E-01  1
   5.625000E-01   5.000000E-01   9.375000E-01  1
   5.000000E-01   5.625000E-01   9.375000E-01  1
   5.000000E-01   6.250000E-01   0.000000E+00  1
   5.625000E-01   6.875000E-01   0.000000E+00  1
   5.625000E-01   6.250000E-01   6.250000E-02  1
   5.000000E-01   6.875000E-01   6.250000E-02  1
   5.000000E-01   6.250000E-01   1.250000E-01  1
   5.625000E-01   6.875000E-01   1.250000E-01  1
   5.625000E-01   6.250000E-01   1.875000E-01  1
   5.000000E-01   6.875000E-01   1.875000E-01  1
   5.000000E-01   6.250000E-01   2.500000E-01  1
   5.625000E-01   6.875000E-01   2.500000E-01  1
   5.625000E-01   6.250000E-01   3.125000E-01  1
   5.000000E-01   6.875000E-01   3.125000E-01  1
   5.000000E-01   6.250000E-01   3.750000E-01  1
   5.625000E-01   6.875000E-01   3.750000E-01  1
   5.625000E-01   6.250000E-01   4.375000E-01  1
   5.000000E-01   6.875000E-01   4.375000E-01  1
   5.000000E-01   6.250000E-01   5.000000E-01  1
   5.625000E-01   6.875000E-01   5.000000E-01  1
   5.625000E-01   6.250000E-01   5.625000E-01  1
   5.000000E-01   6.875000E-01   5.625000E-01  1
   5.000000E-01   6.250000E-01   6.250000E-01  1
   5.625000E-01   6.875000E-01   6.250000E-01  1
   5.625000E-01   6.250000E-01   6.875000E-01  1
   5.000000E-01   6.875000E-01   6.875000E-01  1
   5.000000E-01   6.250000E-01   7.500000E-01  1
   5.625000E-01   6.875000E-01   7.500000E-01  1
   5.625000E-01   6.250000E-01   8.125000E-01  1
   5.000000E-01   6.875000E-01   8.125000E-01  1
   5.000000E-01   6.250000E-01   8.750000E-01  1
   5.625000E-01   6.875000E-01   8.750000E-01  1
   5.625000E-01   6.250000E-01   9.375000E-01  1
   5.000000E-01   6.875000E-01   9.375000E-01  1
   5.000000E-01   7.500000E-01   0.000000E+00  1
   5.625000E-01   8.125000E-01   0.000000E+00  1
   5.625000E-01   7.500000E-01   6.250000E-02  1
   5.000000E-01   8.125000E-01   6.250000E-02  1
   5.000000E-01   7.500000E-01   1.250000E-01  1
   5.625000E-01   8.125000E-01   1.250000E-01  1
   5.625000E-01   7.500000E-01   1.875000E-01  1
   5.000000E-01   8.125000E-01   1.875000E-01  1
   5.000000E-01   7.500000E-01   2.500000E-01  1
   5.625000E-01   8.125000E-01   2.500000E-01  1
   5.625000E-01   7.500000E-01   3.125000E-01  1
   5.000000E-01   8.125000E-01   3.125000E-01  1
   5.000000E-01   7.500000E-01   3.750000E-01  1
   5.625000E-01   8.125000E-01   3.750000E-01  1
   5.625000E-01   7.500000E-01   4.375000E-01  1
   5.000000E-01   8.125000E-01   4.375000E-01  1
   5.000000E-01   7.500000E-01   5.000000E-01  1
   5.625000E-01   8.125000E-01   5.000000E-01  1
   5.625000E-01   7.500000E-01   5.625000E-01  1
   5.000000E-01   8.125000E-01   5.625000E-01  1
   5.000000E-01   7.500000E-01   6.250000E-01  1
   5.625000E-01   8.125000E-01   6.250000E-01  1
   5.625000E-01   7.500000E-01   6.875000E-01  1
   5.000000E-01   8.125000E-01   6.875000E-01  1
   5.000000E-01   7.500000E-01   7.500000E-01  1
   5.625000E-01   8.125000E-01   7.500000E-01  1
   5.625000E-01   7.500000E-01   8.125000E-01  1
   5.000000E-01   8.125000E-01   8.125000E-01  1
   5.000000E-01   7.500000E-01   8.750000E-01  1
   5.625000E-01   8.125000E-01   8.750000E-01  1
   5.625000E-01   7.500000E-01   9.375000E-01  1
   5.000000E-01   8.125000E-01   9.375000E-01  1
   5.000000E-01   8.750000E-01   0.000000E+00  1
   5.625000E-01   9.375000E-01   0.000000E+00  1
   5.625000E-01   8.750000E-01   6.250000E-02  1
   5.000000E-01   9.375000E-01   6.250000E-02  1
   5.000000E-01   8.750000E-01   1.250000E-01  1
   5.625000E-01   9.375000E-01   1.250000E-01  1
   5.625000E-01   8.750000E-01   1.875000E-01  1
   5.000000E-01   9.375000E-01   1.875000E-01  1
   5.000000E-01   8.750000E-01   2.500000E-01  1
   5.625000E-01   9.375000E-01   2.500000E-01  1
   5.625000E-01   8.750000E-01   3.125000E-01  1
   5.000000E-01   9.375000E-01   3.125000E-01  1
   5.000000E-01   8.750000E-01   3.750000E-01  1
   5.625000E-01   9.375000E-01   3.750000E-01  1
   5.625000E-01   8.750000E-01   4.375000E-01  1
   5.000000E-01   9.375000E-01   4.375000E-01  1
   5.000000E-01   8.750000E-01   5.000000E-01  1
   5.625000E-01   9.375000E-01   5.000000E-01  1
   5.625000E-01   8.750000E-01   5.625000E-01  1
   5.000000E-01   9.375000E-01   5.625000E-01  1
   5.000000E-01   8.750000E-01   6.250000E-01  1
   5.625000E-01   9.375000E-01   6.250000E-01  1
   5.625000E-01   8.750000E-01   6.875000E-01  1
   5.000000E-01   9.375000E-01   6.875000E-01  1
   5.000000E-01   8.750000E-01   7.500000E-01  1
   5.625000E-01   9.375000E-01   7.500000E-01  1
   5.625000E-01   8.750000E-01   8.125000E-01  1
   5.000000E-01   9.375000E-01   8.125000E-01  1
   5.000000E-01   8.750000E-01   8.750000E-01  1
   5.625000E-01   9.375000E-01   8.750000E-01  1
   5.625000E-01   8.750000E-01   9.375000E-01  1
   5.000000E-01   9.375000E-01   9.375000E-01  1
   6.250000E-01   0.000000E+00   0.000000E+00  1
   6.875000E-01   6.250000E-02   0.000000E+00  1
   6.875000E-01   0.000000E+00   6.250000E-02  1
   6.250000E-01   6.250000E-02   6.250000E-02  1
   6.250000E-01   0.000000E+00   1.250000E-01  1
   6.875000E-01   6.250000E-02   1.250000E-01  1
   6.875000E-01   0.000000E+00   1.875000E-01  1
   6.250000E-01   6.250000E-02   1.875000E-01  1
   6.250000E-01   0.000000E+00   2.500000E-01  1
   6.875000E-01   6.250000E-02   2.500000E-01  1
   6.875000E-01   0.000000E+00   3.125000E-01  1
   6.250000E-01   6.250000E-02   3.125000E-01  1
   6.250000E-01   0.000000E+00   3.750000E-01  1
   6.875000E-01   6.250000E-02   3.750000E-01  1
   6.875000E-01   0.000000E+00   4.375000E-01  1
   6.250000E-01   6.250000E-02   4.375000E-01  1
   6.250000E-01   0.000000E+00   5.000000E-01  1
   6.875000E-01   6.250000E-02   5.000000E-01  1
   6.875000E-01   0.000000E+00   5.625000E-01  1
   6.250000E-01   6.250000E-02   5.625000E-01  1
   6.250000E-01   0.000000E+00   6.250000E-01  1
   6.875000E-01   6.250000E-02   6.250000E-01  1
   6.875000E-01   0.000000E+00   6.875000E-01  1
   6.250000E-01   6.250000E-02   6.875000E-01  1
   6.250000E-01   0.000000E+00   7.500000E-01  1
   6.875000E-01   6.250000E-02   7.500000E-01  1
   6.875000E-01   0.000000E+00   8.125000E-01  1
   6.250000E-01   6.250000E-02   8.125000E-01  1
   6.250000E-01   0.000000E+00   8.750000E-01  1
   6.875000E-01   6.250000E-02   8.750000E-01  1
   6.875000E-01   0.000000E+00   9.375000E-01  1
   6.250000E-01   6.250000E-02   9.375000E-01  1
   6.250000E-01   1.250000E-01   0.000000E+00  1
   6.875000E-01   1.875000E-01   0.000000E+00  1
   6.875000E-01   1.250000E-01   6.250000E-02  1
   6.250000E-01   1.875000E-01   6.250000E-02  1
   6.250000E-01   1.250000E-01   1.250000E-01  1
   6.875000E-01   1.875000E-01   1.250000E-01  1
   6.875000E-01   1.250000E-01   1.875000E-01  1
   6.250000E-01   1.875000E-01   1.875000E-01  1
   6.250000E-01   1.250000E-01   2.500000E-01  1
   6.875000E-01   1.875000E-01   2.500000E-01  1
   6.875000E-01   1.250000E-01   3.125000E-01  1
   6.250000E-01   1.875000E-01   3.125000E-01  1
   6.250000E-01   1.250000E-01   3.750000E-01  1
   6.875000E-01   1.875000E-01   3.750000E-01  1
   6.875000E-01   1.250000E-01   4.375000E-01  1
   6.250000E-01   1.875000E-01   4.375000E-01  1
   6.250000E-01   1.250000E-01   5.000000E-01  1
   6.875000E-01   1.875000E-01   5.000000E-01  1
   6.875000E-01   1.250000E-01   5.625000E-01  1
   6.250000E-01   1.875000E-01   5.625000E-01  1
   6.250000E-01   1.250000E-01   6.250000E-01  1
   6.875000E-01   1.875000E-01   6.250000E-01  1
   6.875000E-01   1.250000E-01   6.875000E-01  1
   6.250000E-01   1.875000E-01   6.875000E-01  1
   6.250000E-01   1.250000E-01   7.500000E-01  1
   6.875000E-01   1.875000E-01   7.500000E-01  1
   6.875000E-01   1.250000E-01   8.125000E-01  1
   6.250000E-01   1.875000E-01   8.125000E-01  1
   6.250000E-01   1.250000E-01   8.750000E-01  1
   6.875000E-01   1.875000E-01   8.750000E-01  1
   6.875000E-01   1.250000E-01   9.375000E-01  1
   6.250000E-01   1.875000E-01   9.375000E-01  1
   6.250000E-01   2.500000E-01   0.000000E+00  1
   6.875000E-01   3.125000E-01   0.000000E+00  1
   6.875000E-01   2.500000E-01   6.250000E-02  1
   6.250000E-01   3.125000E-01   6.250000E-02  1
   6.250000E-01   2.500000E-01   1.250000E-01  1
   6.875000E-01   3.125000E-01   1.250000E-01  1
   6.875000E-01   2.500000E-01   1.875000E-01  1
   6.250000E-01   3.125000E-01   1.875000E-01  1
   6.250000E-01   2.500000E-01   2.500000E-01  1
   6.875000E-01   3.125000E-01   2.500000E-01  1
   6.875000E-01   2.500000E-01   3.125000E-01  1
   6.250000E-01   3.125000E-01   3.125000E-01  1
   6.250000E-01   2.500000E-01   3.750000E-01  1
   6.875000E-01   3.125000E-01   3.750000E-01  1
   6.875000E-01   2.500000E-01   4.375000E-01  1
   6.250000E-01   3.125000E-01   4.375000E-01  1
   6.250000E-01   2.500000E-01   5.000000E-01  1
   6.875000E-01   3.125000E-01   5.000000E-01  1
   6.875000E-01   2.500000E-01   5.625000E-01  1
   6.250000E-01   3.125000E-01   5.625000E-01  1
   6.250000E-01   2.500000E-01   6.250000E-01  1
   6.875000E-01   3.125000E-01   6.250000E-01  1
   6.875000E-01   2.500000E-01   6.875000E-01  1
   6.250000E-01   3.125000E-01   6.875000E-01  1
   6.250000E-01   2.500000E-01   7.500000E-01  1
   6.875000E-01   3.125000E-01   7.500000E-01  1
   6.875000E-01   2.500000E-01   8.125000E-01  1
   6.250000E-01   3.125000E-01   8.125000E-01  1
   6.250000E-01   2.500000E-01   8.750000E-01  1
   6.875000E-01   3.125000E-01   8.750000E-01  1
   6.875000E-01   2.500000E-01   9.375000E-01  1
   6.250000E-01   3.125000E-01   9.375000E-01  1
   6.250000E-01   3.750000E-01   0.000000E+00  1
   6.875000E-01   4.375000E-01   0.000000E+00  1
   6.875000E-01   3.750000E-01   6.250000E-02  1
   6.250000E-01   4.375000E-01   6.250000E-02  1
   6.250000E-01   3.750000E-01   1.250000E-01  1
   6.875000E-01   4.375000E-01   1.250000E-01  1
   6.875000E-01   3.750000E-01   1.875000E-01  1
   6.250000E-01   4.375000E-01   1.875000E-01  1
   6.250000E-01   3.750000E-01   2.500000E-01  1
   6.875000E-01   4.375000E-01   2.500000E-01  1
   6.875000E-01   3.750000E-01   3.125000E-01  1
   6.250000E-01   4.375000E-01   3.125000E-01  1
   6.250000E-01   3.750000E-01   3.750000E-01  1
   6.875000E-01   4.375000E-01   3.750000E-01  1
   6.875000E-01   3.750000E-01   4.375000E-01  1
   6.250000E-01   4.375000E-01   4.375000E-01  1
   6.250000E-01   3.750000E-01   5.000000E-01  1
   6.875000E-01   4.375000E-01   5.000000E-01  1
   6.875000E-01   3.750000E-01   5.625000E-01  1
   6.250000E-01   4.375000E-01   5.625000E-01  1
   6.250000E-01   3.750000E-01   6.250000E-01  1
   6.875000E-01   4.375000E-01   6.250000E-01  1
   6.875000E-01   3.750000E-01   6.875000E-01  1
   6.250000E-01   4.375000E-01   6.875000E-01  1
   6.250000E-01   3.750000E-01   7.500000E-01  1
   6.875000E-01   4.375000E-01   7.500000E-01  1
   6.875000E-01   3.750000E-01   8.125000E-01  1
   6.250000E-01   4.375000E-01   8.125000E-01  1
   6.250000E-01   3.750000E-01   8.750000E-01  1
   6.875000E-01   4.375000E-01   8.750000E-01  1
   6.875000E-01   3.750000E-01   9.375000E-01  1
   6.250000E-01   4.375000E-01   9.375000E-01  1
   6.250000E-01   5.000000E-01   0.000000E+00  1
   6.875000E-01   5.625000E-01   0.000000E+00  1
   6.875000E-01   5.000000E-01   6.250000E-02  1
   6.250000E-01   5.625000E-01   6.250000E-02  1
   6.250000E-01   5.000000E-01   1.250000E-01  1
   6.875000E-01   5.625000E-01   1.250000E-01  1
   6.875000E-01   5.000000E-01   1.875000E-01  1
   6.250000E-01   5.625000E-01   1.875000E-01  1
   6.250000E-01   5.000000E-01   2.500000E-01  1
   6.875000E-01   5.625000E-01   2.500000E-01  1
   6.875000E-01   5.000000E-01   3.125000E-01  1
   6.250000E-01   5.625000E-01   3.125000E-01  1
   6.250000E-01   5.000000E-01   3.750000E-01  1
   6.875000E-01   5.625000E-01   3.750000E-01  1
   6.875000E-01   5.000000E-01   4.375000E-01  1
   6.250000E-01   5.625000E-01   4.375000E-01  1
   6.250000E-01   5.000000E-01   5.000000E-01  1
   6.875000E-01   5.625000E-01   5.000000E-01  1
   6.875000E-01   5.000000E-01   5.625000E-01  1
   6.250000E-01   5.625000E-01   5.625000E-01  1
   6.250000E-01   5.000000E-01   6.250000E-01  1
   6.875000E-01   5.625000E-01   6.250000E-01  1
   6.875000E-01   5.000000E-01   6.875000E-01  1
   6.250000E-01   5.625000E-01   6.875000E-01  1
   6.250000E-01   5.000000E-01   7.500000E-01  1
   6.875000E-01   5.625000E-01   7.500000E-01  1
   6.875000E-01   5.000000E-01   8.125000E-01  1
   6.250000E-01   5.625000E-01   8.125000E-01  1
   6.250000E-01   5.000000E-01   8.750000E-01  1
   6.875000E-01   5.625000E-01   8.750000E-01  1
   6.875000E-01   5.000000E-01   9.375000E-01  1
   6.250000E-01   5.625000E-01   9.375000E-01  1
   6.250000E-01   6.250000E-01   0.000000E+00  1
   6.875000E-01   6.875000E-01   0.000000E+00  1
   6.875000E-01   6.250000E-01   6.250000E-02  1
   6.250000E-01   6.875000E-01   6.250000E-02  1
   6.250000E-01   6.250000E-01   1.250000E-01  1
   6.875000E-01   6.875000E-01   1.250000E-01  1
   6.875000E-01   6.250000E-01   1.875000E-01  1
   6.250000E-01   6.875000E-01   1.875000E-01  1
   6.250000E-01   6.250000E-01   2.500000E-01  1
   6.875000E-01   6.875000E-01   2.500000E-01  1
   6.875000E-01   6.250000E-01   3.125000E-01  1
   6.250000E-01   6.875000E-01   3.125000E-01  1
   6.250000E-01   6.250000E-01   3.750000E-01  1
   6.875000E-01   6.875000E-01   3.750000E-01  1
   6.875000E-01   6.250000E-01   4.375000E-01  1
   6.250000E-01   6.875000E-01   4.375000E-01  1
   6.250000E-01   6.250000E-01   5.000000E-01  1
   6.875000E-01   6.875000E-01   5.000000E-01  1
   6.875000E-01   6.250000E-01   5.625000E-01  1
   6.250000E-01   6.875000E-01   5.625000E-01  1
   6.250000E-01   6.250000E-01   6.250000E-01  1
   6.875000E-01   6.875000E-01   6.250000E-01  1
   6.875000E-01   6.250000E-01   6.875000E-01  1
   6.250000E-01   6.875000E-01   6.875000E-01  1
   6.250000E-01   6.250000E-01   7.500000E-01  1
   6.875000E-01   6.875000E-01   7.500000E-01  1
   6.875000E-01   6.250000E-01   8.125000E-01  1
   6.250000E-01   6.875000E-01   8.125000E-01  1
   6.250000E-01   6.250000E-01   8.750000E-01  1
   6.875000E-01   6.875000E-01   8.750000E-01  1
   6.875000E-01   6.250000E-01   9.375000E-01  1
   6.250000E-01   6.875000E-01   9.375000E-01  1
   6.250000E-01   7.500000E-01   0.000000E+00  1
   6.875000E-01   8.125000E-01   0.000000E+00  1
   6.875000E-01   7.500000E-01   6.250000E-02  1
   6.250000E-01   8.125000E-01   6.250000E-02  1
   6.250000E-01   7.500000E-01   1.250000E-01  1
   6.875000E-01   8.125000E-01   1.250000E-01  1
   6.875000E-01   7.500000E-01   1.875000E-01  1
   6.250000E-01   8.125000E-01   1.875000E-01  1
   6.250000E-01   7.500000E-01   2.500000E-01  1
   6.875000E-01   8.125000E-01   2.500000E-01  1
   6.875000E-01   7.500000E-01   3.125000E-01  1
   6.250000E-01   8.125000E-01   3.125000E-01  1
   6.250000E-01   7.500000E-01   3.750000E-01  1
   6.875000E-01   8.125000E-01   3.750000E-01  1
   6.875000E-01   7.500000E-01   4.375000E-01  1
   6.250000E-01   8.125000E-01   4.375000E-01  1
   6.250000E-01   7.500000E-01   5.000000E-01  1
   6.875000E-01   8.125000E-01   5.000000E-01  1
   6.875000E-01   7.500000E-01   5.625000E-01  1
   6.250000E-01   8.125000E-01   5.625000E-01  1
   6.250000E-01   7.500000E-01   6.250000E-01  1
   6.875000E-01   8.125000E-01   6.250000E-01  1
   6.875000E-01   7.500000E-01   6.875000E-01  1
   6.250000E-01   8.125000E-01   6.875000E-01  1
   6.250000E-01   7.500000E-01   7.500000E-01  1
   6.875000E-01   8.125000E-01   7.500000E-01  1
   6.875000E-01   7.500000E-01   8.125000E-01  1
   6.250000E-01   8.125000E-01   8.125000E-01  1
   6.250000E-01   7.500000E-01   8.750000E-01  1
   6.875000E-01   8.125000E-01   8.750000E-01  1
   6.875000E-01   7.500000E-01   9.375000E-01  1
   6.250000E-01   8.125000E-01   9.375000E-01  1
   6.250000E-01   8.750000E-01   0.000000E+00  1
   6.875000E-01   9.375000E-01   0.000000E+00  1
   6.875000E-01   8.750000E-01   6.250000E-02  1
   6.250000E-01   9.375000E-01   6.250000E-02  1
   6.250000E-01   8.750000E-01   1.250000E-01  1
   6.875000E-01   9.375000E-01   1.250000E-01  1
   6.875000E-01   8.750000E-01   1.875000E-01  1
   6.250000E-01   9.375000E-01   1.875000E-01  1
   6.250000E-01   8.750000E-01   2.500000E-01  1
   6.875000E-01   9.375000E-01   2.500000E-01  1
   6.875000E-01   8.750000E-01   3.125000E-01  1
   6.250000E-01   9.375000E-01   3.125000E-01  1
   6.250000E-01   8.750000E-01   3.750000E-01  1
   6.875000E-01   9.375000E-01   3.750000E-01  1
   6.875000E-01   8.750000E-01   4.375000E-01  1
   6.250000E-01   9.375000E-01   4.375000E-01  1
   6.250000E-01   8.750000E-01   5.000000E-01  1
   6.875000E-01   9.375000E-01   5.000000E-01  1
   6.875000E-01   8.750000E-01   5.625000E-01  1
   6.250000E-01   9.375000E-01   5.625000E-01  1
   6.250000E-01   8.750000E-01   6.250000E-01  1
   6.875000E-01   9.375000E-01   6.250000E-01  1
   6.875000E-01   8.750000E-01   6.875000E-01  1
   6.250000E-01   9.375000E-01   6.875000E-01  1
   6.250000E-01   8.750000E-01   7.500000E-01  1
   6.875000E-01   9.375000E-01   7.500000E-01  1
   6.875000E-01   8.750000E-01   8.125000E-01  1
   6.250000E-01   9.375000E-01   8.125000E-01  1
   6.250000E-01   8.750000E-01   8.750000E-01  1
   6.875000E-01   9.375000E-01   8.750000E-01  1
   6.875000E-01   8.750000E-01   9.375000E-01  1
   6.250000E-01   9.375000E-01   9.375000E-01  1
   7.500000E-01   0.000000E+00   0.000000E+00  1
   8.125000E-01   6.250000E-02   0.000000E+00  1
   8.125000E-01   0.000000E+00   6.250000E-02  1
   7.500000E-01   6.250000E-02   6.250000E-02  1
   7.500000E-01   0.000000E+00   1.250000E-01  1
   8.125000E-01   6.250000E-02   1.250000E-01  1
   8.125000E-01   0.000000E+00   1.875000E-01  1
   7.500000E-01   6.250000E-02   1.875000E-01  1
   7.500000E-01   0.000000E+00   2.500000E-01  1
   8.125000E-01   6.250000E-02   2.500000E-01  1
   8.125000E-01   0.000000E+00   3.125000E-01  1
   7.500000E-01   6.250000E-02   3.125000E-01  1
   7.500000E-01   0.000000E+00   3.750000E-01  1
   8.125000E-01   6.250000E-02   3.750000E-01  1
   8.125000E-01   0.000000E+00   4.375000E-01  1
   7.500000E-01   6.250000E-02   4.375000E-01  1
   7.500000E-01   0.000000E+00   5.000000E-01  1
   8.125000E-01   6.250000E-02   5.000000E-01  1
   8.125000E-01   0.000000E+00   5.625000E-01  1
   7.500000E-01   6.250000E-02   5.625000E-01  1
   7.500000E-01   0.000000E+00   6.250000E-01  1
   8.125000E-01   6.250000E-02   6.250000E-01  1
   8.125000E-01   0.000000E+00   6.875000E-01  1
   7.500000E-01   6.250000E-02   6.875000E-01  1
   7.500000E-01   0.000000E+00   7.500000E-01  1
   8.125000E-01   6.250000E-02   7.500000E-01  1
   8.125000E-01   0.000000E+00   8.125000E-01  1
   7.500000E-01   6.250000E-02   8.125000E-01  1
   7.500000E-01   0.000000E+00   8.750000E-01  1
   8.125000E-01   6.250000E-02   8.750000E-01  1
   8.125000E-01   0.000000E+00   9.375000E-01  1
   7.500000E-01   6.250000E-02   9.375000E-01  1
   7.500000E-01   1.250000E-01   0.000000E+00  1
   8.125000E-01   1.875000E-01   0.000000E+00  1
   8.125000E-01   1.250000E-01   6.250000E-02  1
   7.500000E-01   1.875000E-01   6.250000E-02  1
   7.500000E-01   1.250000E-01   1.250000E-01  1
   8.125000E-01   1.875000E-01   1.250000E-01  1
   8.125000E-01   1.250000E-01   1.875000E-01  1
   7.500000E-01   1.875000E-01   1.875000E-01  1
   7.500000E-01   1.250000E-01   2.500000E-01  1
   8.125000E-01   1.875000E-01   2.500000E-01  1
   8.125000E-01   1.250000E-01   3.125000E-01  1
   7.500000E-01   1.875000E-01   3.125000E-01  1
   7.500000E-01   1.250000E-01   3.750000E-01  1
   8.125000E-01   1.875000E-01   3.750000E-01  1
   8.125000E-01   1.250000E-01   4.375000E-01  1
   7.500000E-01   1.875000E-01   4.375000E-01  1
   7.500000E-01   1.250000E-01   5.000000E-01  1
   8.125000E-01   1.875000E-01   5.000000E-01  1
   8.125000E-01   1.250000E-01   5.625000E-01  1
   7.500000E-01   1.875000E-01   5.625000E-01  1
   7.500000E-01   1.250000E-01   6.250000E-01  1
   8.125000E-01   1.875000E-01   6.250000E-01  1
   8.125000E-01   1.250000E-01   6.875000E-01  1
   7.500000E-01   1.875000E-01   6.875000E-01  1
   7.500000E-01   1.250000E-01   7.500000E-01  1
   8.125000E-01   1.875000E-01   7.500000E-01  1
   8.125000E-01   1.250000E-01   8.125000E-01  1
   7.500000E-01   1.875000E-01   8.125000E-01  1
   7.500000E-01   1.250000E-01   8.750000E-01  1
   8.125000E-01   1.875000E-01   8.750000E-01  1
   8.125000E-01   1.250000E-01   9.375000E-01  1
   7.500000E-01   1.875000E-01   9.375000E-01  1
   7.500000E-01   2.500000E-01   0.000000E+00  1
   8.125000E-01   3.125000E-01   0.000000E+00  1
   8.125000E-01   2.500000E-01   6.250000E-02  1
   7.500000E-01   3.125000E-01   6.250000E-02  1
   7.500000E-01   2.500000E-01   1.250000E-01  1
   8.125000E-01   3.125000E-01   1.250000E-01  1
   8.125000E-01   2.500000E-01   1.875000E-01  1
   7.500000E-01   3.125000E-01   1.875000E-01  1
   7.500000E-01   2.500000E-01   2.500000E-01  1
   8.125000E-01   3.125000E-01   2.500000E-01  1
   8.125000E-01   2.500000E-01   3.125000E-01  1
   7.500000E-01   3.125000E-01   3.125000E-01  1
   7.500000E-01   2.500000E-01   3.750000E-01  1
   8.125000E-01   3.125000E-01   3.750000E-01  1
   8.125000E-01   2.500000E-01   4.375000E-01  1
   7.500000E-01   3.125000E-01   4.375000E-01  1
   7.500000E-01   2.500000E-01   5.000000E-01  1
   8.125000E-01   3.125000E-01   5.000000E-01  1
   8.125000E-01   2.500000E-01   5.625000E-01  1
   7.500000E-01   3.125000E-01   5.625000E-01  1
   7.500000E-01   2.500000E-01   6.250000E-01  1
   8.125000E-01   3.125000E-01   6.250000E-01  1
   8.125000E-01   2.500000E-01   6.875000E-01  1
   7.500000E-01   3.125000E-01   6.875000E-01  1
   7.500000E-01   2.500000E-01   7.500000E-01  1
   8.125000E-01   3.125000E-01   7.500000E-01  1
   8.125000E-01   2.500000E-01   8.125000E-01  1
   7.500000E-01   3.125000E-01   8.125000E-01  1
   7.500000E-01   2.500000E-01   8.750000E-01  1
   8.125000E-01   3.125000E-01   8.750000E-01  1
   8.125000E-01   2.500000E-01   9.375000E-01  1
   7.500000E-01   3.125000E-01   9.375000E-01  1
   7.500000E-01   3.750000E-01   0.000000E+00  1
   8.125000E-01   4.375000E-01   0.000000E+00  1
   8.125000E-01   3.750000E-01   6.250000E-02  1
   7.500000E-01   4.375000E-01   6.250000E-02  1
   7.500000E-01   3.750000E-01   1.250000E-01  1
   8.125000E-01   4.375000E-01   1.250000E-01  1
   8.125000E-01   3.750000E-01   1.875000E-01  1
   7.500000E-01   4.375000E-01   1.875000E-01  1
   7.500000E-01   3.750000E-01   2.500000E-01  1
   8.125000E-01   4.375000E-01   2.500000E-01  1
   8.125000E-01   3.750000E-01   3.125000E-01  1
   7.500000E-01   4.375000E-01   3.125000E-01  1
   7.500000E-01   3.750000E-01   3.750000E-01  1
   8.125000E-01   4.375000E-01   3.750000E-01  1
   8.125000E-01   3.750000E-01   4.375000E-01  1
   7.500000E-01   4.375000E-01   4.375000E-01  1
   7.500000E-01   3.750000E-01   5.000000E-01  1
   8.125000E-01   4.375000E-01   5.000000E-01  1
   8.125000E-01   3.750000E-01   5.625000E-01  1
   7.500000E-01   4.375000E-01   5.625000E-01  1
   7.500000E-01   3.750000E-01   6.250000E-01  1
   8.125000E-01   4.375000E-01   6.250000E-01  1
   8.125000E-01   3.750000E-01   6.875000E-01  1
   7.500000E-01   4.375000E-01   6.875000E-01  1
   7.500000E-01   3.750000E-01   7.500000E-01  1
   8.125000E-01   4.375000E-01   7.500000E-01  1
   8.125000E-01   3.750000E-01   8.125000E-01  1
   7.500000E-01   4.375000E-01   8.125000E-01  1
   7.500000E-01   3.750000E-01   8.750000E-01  1
   8.125000E-01   4.375000E-01   8.750000E-01  1
   8.125000E-01   3.750000E-01   9.375000E-01  1
   7.500000E-01   4.375000E-01   9.375000E-01  1
   7.500000E-01   5.000000E-01   0.000000E+00  1
   8.125000E-01   5.625000E-01   0.000000E+00  1
   8.125000E-01   5.000000E-01   6.250000E-02  1
   7.500000E-01   5.625000E-01   6.250000E-02  1
   7.500000E-01   5.000000E-01   1.250000E-01  1
   8.125000E-01   5.625000E-01   1.250000E-01  1
   8.125000E-01   5.000000E-01   1.875000E-01  1
   7.500000E-01   5.625000E-01   1.875000E-01  1
   7.500000E-01   5.000000E-01   2.500000E-01  1
   8.125000E-01   5.625000E-01   2.500000E-01  1
   8.125000E-01   5.000000E-01   3.125000E-01  1
   7.500000E-01   5.625000E-01   3.125000E-01  1
   7.500000E-01   5.000000E-01   3.750000E-01  1
   8.125000E-01   5.625000E-01   3.750000E-01  1
   8.125000E-01   5.000000E-01   4.375000E-01  1
   7.500000E-01   5.625000E-01   4.375000E-01  1
   7.500000E-01   5.000000E-01   5.000000E-01  1
   8.125000E-01   5.625000E-01   5.000000E-01  1
   8.125000E-01   5.000000E-01   5.625000E-01  1
   7.500000E-01   5.625000E-01   5.625000E-01  1
   7.500000E-01   5.000000E-01   6.250000E-01  1
   8.125000E-01   5.625000E-01   6.250000E-01  1
   8.125000E-01   5.000000E-01   6.875000E-01  1
   7.500000E-01   5.625000E-01   6.875000E-01  1
   7.500000E-01   5.000000E-01   7.500000E-01  1
   8.125000E-01   5.625000E-01   7.500000E-01  1
   8.125000E-01   5.000000E-01   8.125000E-01  1
   7.500000E-01   5.625000E-01   8.125000E-01  1
   7.500000E-01   5.000000E-01   8.750000E-01  1
   8.125000E-01   5.625000E-01   8.750000E-01  1
   8.125000E-01   5.000000E-01   9.375000E-01  1
   7.500000E-01   5.625000E-01   9.375000E-01  1
   7.500000E-01   6.250000E-01   0.000000E+00  1
   8.125000E-01   6.875000E-01   0.000000E+00  1
   8.125000E-01   6.250000E-01   6.250000E-02  1
   7.500000E-01   6.875000E-01   6.250000E-02  1
   7.500000E-01   6.250000E-01   1.250000E-01  1
   8.125000E-01   6.875000E-01   1.250000E-01  1
   8.125000E-01   6.250000E-01   1.875000E-01  1
   7.500000E-01   6.875000E-01   1.875000E-01  1
   7.500000E-01   6.250000E-01   2.500000E-01  1
   8.125000E-01   6.875000E-01   2.500000E-01  1
   8.125000E-01   6.250000E-01   3.125000E-01  1
   7.500000E-01   6.875000E-01   3.125000E-01  1
   7.500000E-01   6.250000E-01   3.750000E-01  1
   8.125000E-01   6.875000E-01   3.750000E-01  1
   8.125000E-01   6.250000E-01   4.375000E-01  1
   7.500000E-01   6.875000E-01   4.375000E-01  1
   7.500000E-01   6.250000E-01   5.000000E-01  1
   8.125000E-01   6.875000E-01   5.000000E-01  1
   8.125000E-01   6.250000E-01   5.625000E-01  1
   7.500000E-01   6.875000E-01   5.625000E-01  1
   7.500000E-01   6.250000E-01   6.250000E-01  1
   8.125000E-01   6.875000E-01   6.250000E-01  1
   8.125000E-01   6.250000E-01   6.875000E-01  1
   7.500000E-01   6.875000E-01   6.875000E-01  1
   7.500000E-01   6.250000E-01   7.500000E-01  1
   8.125000E-01   6.875000E-01   7.500000E-01  1
   8.125000E-01   6.250000E-01   8.125000E-01  1
   7.500000E-01   6.875000E-01   8.125000E-01  1
   7.500000E-01   6.250000E-01   8.750000E-01  1
   8.125000E-01   6.875000E-01   8.750000E-01  1
   8.125000E-01   6.250000E-01   9.375000E-01  1
   7.500000E-01   6.875000E-01   9.375000E-01  1
   7.500000E-01   7.500000E-01   0.000000E+00  1
   8.125000E-01   8.125000E-01   0.000000E+00  1
   8.125000E-01   7.500000E-01   6.250000E-02  1
   7.500000E-01   8.125000E-01   6.250000E-02  1
   7.500000E-01   7.500000E-01   1.250000E-01  1
   8.125000E-01   8.125000E-01   1.250000E-01  1
   8.125000E-01   7.500000E-01   1.875000E-01  1
   7.500000E-01   8.125000E-01   1.875000E-01  1
   7.500000E-01   7.500000E-01   2.500000E-01  1
   8.125000E-01   8.125000E-01   2.500000E-01  1
   8.125000E-01   7.500000E-01   3.125000E-01  1
   7.500000E-01   8.125000E-01   3.125000E-01  1
   7.500000E-01   7.500000E-01   3.750000E-01  1
   8.125000E-01   8.125000E-01   3.750000E-01  1
   8.125000E-01   7.500000E-01   4.375000E-01  1
   7.500000E-01   8.125000E-01   4.375000E-01  1
   7.500000E-01   7.500000E-01   5.000000E-01  1
   8.125000E-01   8.125000E-01   5.000000E-01  1
   8.125000E-01   7.500000E-01   5.625000E-01  1
   7.500000E-01   8.125000E-01   5.625000E-01  1
   7.500000E-01   7.500000E-01   6.250000E-01  1
   8.125000E-01   8.125000E-01   6.250000E-01  1
   8.125000E-01   7.500000E-01   6.875000E-01  1
   7.500000E-01   8.125000E-01   6.875000E-01  1
   7.500000E-01   7.500000E-01   7.500000E-01  1
   8.125000E-01   8.125000E-01   7.500000E-01  1
   8.125000E-01   7.500000E-01   8.125000E-01  1
   7.500000E-01   8.125000E-01   8.125000E-01  1
   7.500000E-01   7.500000E-01   8.750000E-01  1
   8.125000E-01   8.125000E-01   8.750000E-01  1
   8.125000E-01   7.500000E-01   9.375000E-01  1
   7.500000E-01   8.125000E-01   9.375000E-01  1
   7.500000E-01   8.750000E-01   0.000000E+00  1
   8.125000E-01   9.375000E-01   0.000000E+00  1
   8.125000E-01   8.750000E-01   6.250000E-02  1
   7.500000E-01   9.375000E-01   6.250000E-02  1
   7.500000E-01   8.750000E-01   1.250000E-01  1
   8.125000E-01   9.375000E-01   1.250000E-01  1
   8.125000E-01   8.750000E-01   1.875000E-01  1
   7.500000E-01   9.375000E-01   1.875000E-01  1
   7.500000E-01   8.750000E-01   2.500000E-01  1
   8.125000E-01   9.375000E-01   2.500000E-01  1
   8.125000E-01   8.750000E-01   3.125000E-01  1
   7.500000E-01   9.375000E-01   3.125000E-01  1
   7.500000E-01   8.750000E-01   3.750000E-01  1
   8.125000E-01   9.375000E-01   3.750000E-01  1
   8.125000E-01   8.750000E-01   4.375000E-01  1
   7.500000E-01   9.375000E-01   4.375000E-01  1
   7.500000E-01   8.750000E-01   5.000000E-01  1
   8.125000E-01   9.375000E-01   5.000000E-01  1
   8.125000E-01   8.750000E-01   5.625000E-01  1
   7.500000E-01   9.375000E-01   5.625000E-01  1
   7.500000E-01   8.750000E-01   6.250000E-01  1
   8.125000E-01   9.375000E-01   6.250000E-01  1
   8.125000E-01   8.750000E-01   6.875000E-01  1
   7.500000E-01   9.375000E-01   6.875000E-01  1
   7.500000E-01   8.750000E-01   7.500000E-01  1
   8.125000E-01   9.375000E-01   7.500000E-01  1
   8.125000E-01   8.750000E-01   8.125000E-01  1
   7.500000E-01   9.375000E-01   8.125000E-01  1
   7.500000E-01   8.750000E-01   8.750000E-01  1
   8.125000E-01   9.375000E-01   8.750000E-01  1
   8.125000E-01   8.750000E-01   9.375000E-01  1
   7.500000E-01   9.375000E-01   9.375000E-01  1
   8.750000E-01   0.000000E+00   0.000000E+00  1
   9.375000E-01   6.250000E-02   0.000000E+00  1
   9.375000E-01   0.000000E+00   6.250000E-02  1
   8.750000E-01   6.250000E-02   6.250000E-02  1
   8.750000E-01   0.000000E+00   1.250000E-01  1
   9.375000E-01   6.250000E-02   1.250000E-01  1
   9.375000E-01   0.000000E+00   1.875000E-01  1
   8.750000E-01   6.250000E-02   1.875000E-01  1
   8.750000E-01   0.000000E+00   2.500000E-01  1
   9.375000E-01   6.250000E-02   2.500000E-01  1
   9.375000E-01   0.000000E+00   3.125000E-01  1
   8.750000E-01   6.250000E-02   3.125000E-01  1
   8.750000E-01   0.000000E+00   3.750000E-01  1
   9.375000E-01   6.250000E-02   3.750000E-01  1
   9.375000E-01   0.000000E+00   4.375000E-01  1
   8.750000E-01   6.250000E-02   4.375000E-01  1
   8.750000E-01   0.000000E+00   5.000000E-01  1
   9.375000E-01   6.250000E-02   5.000000E-01  1
   9.375000E-01   0.000000E+00   5.625000E-01  1
   8.750000E-01   6.250000E-02   5.625000E-01  1
   8.750000E-01   0.000000E+00   6.250000E-01  1
   9.375000E-01   6.250000E-02   6.250000E-01  1
   9.375000E-01   0.000000E+00   6.875000E-01  1
   8.750000E-01   6.250000E-02   6.875000E-01  1
   8.750000E-01   0.000000E+00   7.500000E-01  1
   9.375000E-01   6.250000E-02   7.500000E-01  1
   9.375000E-01   0.000000E+00   8.125000E-01  1
   8.750000E-01   6.250000E-02   8.125000E-01  1
   8.750000E-01   0.000000E+00   8.750000E-01  1
   9.375000E-01   6.250000E-02   8.750000E-01  1
   9.375000E-01   0.000000E+00   9.375000E-01  1
   8.750000E-01   6.250000E-02   9.375000E-01  1
   8.750000E-01   1.250000E-01   0.000000E+00  1
   9.375000E-01   1.875000E-01   0.000000E+00  1
   9.375000E-01   1.250000E-01   6.250000E-02  1
   8.750000E-01   1.875000E-01   6.250000E-02  1
   8.750000E-01   1.250000E-01   1.250000E-01  1
   9.375000E-01   1.875000E-01   1.250000E-01  1
   9.375000E-01   1.250000E-01   1.875000E-01  1
   8.750000E-01   1.875000E-01   1.875000E-01  1
   8.750000E-01   1.250000E-01   2.500000E-01  1
   9.375000E-01   1.875000E-01   2.500000E-01  1
   9.375000E-01   1.250000E-01   3.125000E-01  1
   8.750000E-01   1.875000E-01   3.125000E-01  1
   8.750000E-01   1.250000E-01   3.750000E-01  1
   9.375000E-01   1.875000E-01   3.750000E-01  1
   9.375000E-01   1.250000E-01   4.375000E-01  1
   8.750000E-01   1.875000E-01   4.375000E-01  1
   8.750000E-01   1.250000E-01   5.000000E-01  1
   9.375000E-01   1.875000E-01   5.000000E-01  1
   9.375000E-01   1.250000E-01   5.625000E-01  1
   8.750000E-01   1.875000E-01   5.625000E-01  1
   8.750000E-01   1.250000E-01   6.250000E-01  1
   9.375000E-01   1.875000E-01   6.250000E-01  1
   9.375000E-01   1.250000E-01   6.875000E-01  1
   8.750000E-01   1.875000E-01   6.875000E-01  1
   8.750000E-01   1.250000E-01   7.500000E-01  1
   9.375000E-01   1.875000E-01   7.500000E-01  1
   9.375000E-01   1.250000E-01   8.125000E-01  1
   8.750000E-01   1.875000E-01   8.125000E-01  1
   8.750000E-01   1.250000E-01   8.750000E-01  1
   9.375000E-01   1.875000E-01   8.750000E-01  1
   9.375000E-01   1.250000E-01   9.375000E-01  1
   8.750000E-01   1.875000E-01   9.375000E-01  1
   8.750000E-01   2.500000E-01   0.000000E+00  1
   9.375000E-01   3.125000E-01   0.000000E+00  1
   9.375000E-01   2.500000E-01   6.250000E-02  1
   8.750000E-01   3.125000E-01   6.250000E-02  1
   8.750000E-01   2.500000E-01   1.250000E-01  1
   9.375000E-01   3.125000E-01   1.250000E-01  1
   9.375000E-01   2.500000E-01   1.875000E-01  1
   8.750000E-01   3.125000E-01   1.875000E-01  1
   8.750000E-01   2.500000E-01   2.500000E-01  1
   9.375000E-01   3.125000E-01   2.500000E-01  1
   9.375000E-01   2.500000E-01   3.125000E-01  1
   8.750000E-01   3.125000E-01   3.125000E-01  1
   8.750000E-01   2.500000E-01   3.750000E-01  1
   9.375000E-01   3.125000E-01   3.750000E-01  1
   9.375000E-01   2.500000E-01   4.375000E-01  1
   8.750000E-01   3.125000E-01   4.375000E-01  1
   8.750000E-01   2.500000E-01   5.000000E-01  1
   9.375000E-01   3.125000E-01   5.000000E-01  1
   9.375000E-01   2.500000E-01   5.625000E-01  1
   8.750000E-01   3.125000E-01   5.625000E-01  1
   8.750000E-01   2.500000E-01   6.250000E-01  1
   9.375000E-01   3.125000E-01   6.250000E-01  1
   9.375000E-01   2.500000E-01   6.875000E-01  1
   8.750000E-01   3.125000E-01   6.875000E-01  1
   8.750000E-01   2.500000E-01   7.500000E-01  1
   9.375000E-01   3.125000E-01   7.500000E-01  1
   9.375000E-01   2.500000E-01   8.125000E-01  1
   8.750000E-01   3.125000E-01   8.125000E-01  1
   8.750000E-01   2.500000E-01   8.750000E-01  1
   9.375000E-01   3.125000E-01   8.750000E-01  1
   9.375000E-01   2.500000E-01   9.375000E-01  1
   8.750000E-01   3.125000E-01   9.375000E-01  1
   8.750000E-01   3.750000E-01   0.000000E+00  1
   9.375000E-01   4.375000E-01   0.000000E+00  1
   9.375000E-01   3.750000E-01   6.250000E-02  1
   8.750000E-01   4.375000E-01   6.250000E-02  1
   8.750000E-01   3.750000E-01   1.250000E-01  1
   9.375000E-01   4.375000E-01   1.250000E-01  1
   9.375000E-01   3.750000E-01   1.875000E-01  1
   8.750000E-01   4.375000E-01   1.875000E-01  1
   8.750000E-01   3.750000E-01   2.500000E-01  1
   9.375000E-01   4.375000E-01   2.500000E-01  1
   9.375000E-01   3.750000E-01   3.125000E-01  1
   8.750000E-01   4.375000E-01   3.125000E-01  1
   8.750000E-01   3.750000E-01   3.750000E-01  1
   9.375000E-01   4.375000E-01   3.750000E-01  1
   9.375000E-01   3.750000E-01   4.375000E-01  1
   8.750000E-01   4.375000E-01   4.375000E-01  1
   8.750000E-01   3.750000E-01   5.000000E-01  1
   9.375000E-01   4.375000E-01   5.000000E-01  1
   9.375000E-01   3.750000E-01   5.625000E-01  1
   8.750000E-01   4.375000E-01   5.625000E-01  1
   8.750000E-01   3.750000E-01   6.250000E-01  1
   9.375000E-01   4.375000E-01   6.250000E-01  1
   9.375000E-01   3.750000E-01   6.875000E-01  1
   8.750000E-01   4.375000E-01   6.875000E-01  1
   8.750000E-01   3.750000E-01   7.500000E-01  1
   9.375000E-01   4.375000E-01   7.500000E-01  1
   9.375000E-01   3.750000E-01   8.125000E-01  1
   8.750000E-01   4.375000E-01   8.125000E-01  1
   8.750000E-01   3.750000E-01   8.750000E-01  1
   9.375000E-01   4.375000E-01   8.750000E-01  1
   9.375000E-01   3.750000E-01   9.375000E-01  1
   8.750000E-01   4.375000E-01   9.375000E-01  1
   8.750000E-01   5.000000E-01   0.000000E+00  1
   9.375000E-01   5.625000E-01   0.000000E+00  1
   9.375000E-01   5.000000E-01   6.250000E-02  1
   8.750000E-01   5.625000E-01   6.250000E-02  1
   8.750000E-01   5.000000E-01   1.250000E-01  1
   9.375000E-01   5.625000E-01   1.250000E-01  1
   9.375000E-01   5.000000E-01   1.875000E-01  1
   8.750000E-01   5.625000E-01   1.875000E-01  1
   8.750000E-01   5.000000E-01   2.500000E-01  1
   9.375000E-01   5.625000E-01   2.500000E-01  1
   9.375000E-01   5.000000E-01   3.125000E-01  1
   8.750000E-01   5.625000E-01   3.125000E-01  1
   8.750000E-01   5.000000E-01   3.750000E-01  1
   9.375000E-01   5.625000E-01   3.750000E-01  1
   9.375000E-01   5.000000E-01   4.375000E-01  1
   8.750000E-01   5.625000E-01   4.375000E-01  1
   8.750000E-01   5.000000E-01   5.000000E-01  1
   9.375000E-01   5.625000E-01   5.000000E-01  1
   9.375000E-01   5.000000E-01   5.625000E-01  1
   8.750000E-01   5.625000E-01   5.625000E-01  1
   8.750000E-01   5.000000E-01   6.250000E-01  1
   9.375000E-01   5.625000E-01   6.250000E-01  1
   9.375000E-01   5.000000E-01   6.875000E-01  1
   8.750000E-01   5.625000E-01   6.875000E-01  1
   8.750000E-01   5.000000E-01   7.500000E-01  1
   9.375000E-01   5.625000E-01   7.500000E-01  1
   9.375000E-01   5.000000E-01   8.125000E-01  1
   8.750000E-01   5.625000E-01   8.125000E-01  1
   8.750000E-01   5.000000E-01   8.750000E-01  1
   9.375000E-01   5.625000E-01   8.750000E-01  1
   9.375000E-01   5.000000E-01   9.375000E-01  1
   8.750000E-01   5.625000E-01   9.375000E-01  1
   8.750000E-01   6.250000E-01   0.000000E+00  1
   9.375000E-01   6.875000E-01   0.000000E+00  1
   9.375000E-01   6.250000E-01   6.250000E-02  1
   8.750000E-01   6.875000E-01   6.250000E-02  1
   8.750000E-01   6.250000E-01   1.250000E-01  1
   9.375000E-01   6.875000E-01   1.250000E-01  1
   9.375000E-01   6.250000E-01   1.875000E-01  1
   8.750000E-01   6.875000E-01   1.875000E-01  1
   8.750000E-01   6.250000E-01   2.500000E-01  1
   9.375000E-01   6.875000E-01   2.500000E-01  1
   9.375000E-01   6.250000E-01   3.125000E-01  1
   8.750000E-01   6.875000E-01   3.125000E-01  1
   8.750000E-01   6.250000E-01   3.750000E-01  1
   9.375000E-01   6.875000E-01   3.750000E-01  1
   9.375000E-01   6.250000E-01   4.375000E-01  1
   8.750000E-01   6.875000E-01   4.375000E-01  1
   8.750000E-01   6.250000E-01   5.000000E-01  1
   9.375000E-01   6.875000E-01   5.000000E-01  1
   9.375000E-01   6.250000E-01   5.625000E-01  1
   8.750000E-01   6.875000E-01   5.625000E-01  1
   8.750000E-01   6.250000E-01   6.250000E-01  1
   9.375000E-01   6.875000E-01   6.250000E-01  1
   9.375000E-01   6.250000E-01   6.875000E-01  1
   8.750000E-01   6.875000E-01   6.875000E-01  1
   8.750000E-01   6.250000E-01   7.500000E-01  1
   9.375000E-01   6.875000E-01   7.500000E-01  1
   9.375000E-01   6.250000E-01   8.125000E-01  1
   8.750000E-01   6.875000E-01   8.125000E-01  1
   8.750000E-01   6.250000E-01   8.750000E-01  1
   9.375000E-01   6.875000E-01   8.750000E-01  1
   9.375000E-01   6.250000E-01   9.375000E-01  1
   8.750000E-01   6.875000E-01   9.375000E-01  1
   8.750000E-01   7.500000E-01   0.000000E+00  1
   9.375000E-01   8.125000E-01   0.000000E+00  1
   9.375000E-01   7.500000E-01   6.250000E-02  1
   8.750000E-01   8.125000E-01   6.250000E-02  1
   8.750000E-01   7.500000E-01   1.250000E-01  1
   9.375000E-01   8.125000E-01   1.250000E-01  1
   9.375000E-01   7.500000E-01   1.875000E-01  1
   8.750000E-01   8.125000E-01   1.875000E-01  1
   8.750000E-01   7.500000E-01   2.500000E-01  1
   9.375000E-01   8.125000E-01   2.500000E-01  1
   9.375000E-01   7.500000E-01   3.125000E-01  1
   8.750000E-01   8.125000E-01   3.125000E-01  1
   8.750000E-01   7.500000E-01   3.750000E-01  1
   9.375000E-01   8.125000E-01   3.750000E-01  1
   9.375000E-01   7.500000E-01   4.375000E-01  1
   8.750000E-01   8.125000E-01   4.375000E-01  1
   8.750000E-01   7.500000E-01   5.000000E-01  1
   9.375000E-01   8.125000E-01   5.000000E-01  1
   9.375000E-01   7.500000E-01   5.625000E-01  1
   8.750000E-01   8.125000E-01   5.625000E-01  1
   8.750000E-01   7.500000E-01   6.250000E-01  1
   9.375000E-01   8.125000E-01   6.250000E-01  1
   9.375000E-01   7.500000E-01   6.875000E-01  1
   8.750000E-01   8.125000E-01   6.875000E-01  1
   8.750000E-01   7.500000E-01   7.500000E-01  1
   9.375000E-01   8.125000E-01   7.500000E-01  1
   9.375000E-01   7.500000E-01   8.125000E-01  1
   8.750000E-01   8.125000E-01   8.125000E-01  1
   8.750000E-01   7.500000E-01   8.750000E-01  1
   9.375000E-01   8.125000E-01   8.750000E-01  1
   9.375000E-01   7.500000E-01   9.375000E-01  1
   8.750000E-01   8.125000E-01   9.375000E-01  1
   8.750000E-01   8.750000E-01   0.000000E+00  1
   9.375000E-01   9.375000E-01   0.000000E+00  1
   9.375000E-01   8.750000E-01   6.250000E-02  1
   8.750000E-01   9.375000E-01   6.250000E-02  1
   8.750000E-01   8.750000E-01   1.250000E-01  1
   9.375000E-01   9.375000E-01   1.250000E-01  1
   9.375000E-01   8.750000E-01   1.875000E-01  1
   8.750000E-01   9.375000E-01   1.875000E-01  1
   8.750000E-01   8.750000E-01   2.500000E-01  1
   9.375000E-01   9.375000E-01   2.500000E-01  1
   9.375000E-01   8.750000E-01   3.125000E-01  1
   8.750000E-01   9.375000E-01   3.125000E-01  1
   8.750000E-01   8.750000E-01   3.750000E-01  1
   9.375000E-01   9.375000E-01   3.750000E-01  1
   9.375000E-01   8.750000E-01   4.375000E-01  1
   8.750000E-01   9.375000E-01   4.375000E-01  1
   8.750000E-01   8.750000E-01   5.000000E-01  1
   9.375000E-01   9.375000E-01   5.000000E-01  1
   9.375000E-01   8.750000E-01   5.625000E-01  1
   8.750000E-01   9.375000E-01   5.625000E-01  1
   8.750000E-01   8.750000E-01   6.250000E-01  1
   9.375000E-01   9.375000E-01   6.250000E-01  1
   9.375000E-01   8.750000E-01   6.875000E-01  1
   8.750000E-01   9.375000E-01   6.875000E-01  1
   8.750000E-01   8.750000E-01   7.500000E-01  1
   9.375000E-01   9.375000E-01   7.500000E-01  1
   9.375000E-01   8.750000E-01   8.125000E-01  1
   8.750000E-01   9.375000E-01   8.125000E-01  1
   8.750000E-01   8.750000E-01   8.750000E-01  1
   9.375000E-01   9.375000E-01   8.750000E-01  1
   9.375000E-01   8.750000E-01   9.375000E-01  1
   8.750000E-01   9.375000E-01   9.375000E-01  1
