  9.606977142857143E-004  7.429041010000000E-002
  1.921395428571429E-003  7.429041010000000E-002
  2.882093142857143E-003  7.429041010000000E-002
  3.842790857142857E-003  7.429041010000000E-002
  4.803488571428571E-003  7.429041010000000E-002
  5.764186285714286E-003  7.429041010000000E-002
  6.724884000000000E-003  7.429041010000000E-002
  7.685581714285714E-003  7.429041010000000E-002
  8.646279428571428E-003  7.429041010000000E-002
  9.606977142857142E-003  7.429041010000000E-002
  1.056767485714286E-002  7.429041010000000E-002
  1.152837257142857E-002  7.429041010000000E-002
  1.248907028571429E-002  7.429041010000000E-002
  1.344976800000000E-002  7.429041010000000E-002
  1.441046571428571E-002  7.429041010000000E-002
  1.537116342857143E-002  7.429041010000000E-002
  1.633186114285714E-002  7.429041010000000E-002
  1.729255885714286E-002  7.429041010000000E-002
  1.825325657142857E-002  7.429041010000000E-002
  1.921395428571428E-002  7.429041010000000E-002
  2.017465200000000E-002  7.429041010000000E-002
  2.113534971428572E-002  7.429041010000000E-002
  2.209604742857143E-002  7.429041010000000E-002
  2.305674514285714E-002  7.429041010000000E-002
  2.401744285714286E-002  7.429041010000000E-002
  2.497814057142857E-002  7.429041010000000E-002
  2.593883828571428E-002  7.429041010000000E-002
  2.689953600000000E-002  7.429041010000000E-002
  2.786023371428572E-002  7.429041010000000E-002
  2.882093142857143E-002  7.429041010000000E-002
  2.978162914285714E-002  7.429041010000000E-002
  3.074232685714286E-002  7.429041010000000E-002
  3.170302457142857E-002  7.429041010000000E-002
  3.266372228571428E-002  7.429041010000000E-002
  3.362442000000000E-002  7.429041010000000E-002
  3.458511771428571E-002  7.429041010000000E-002
  3.554581542857143E-002  7.429041010000000E-002
  3.650651314285714E-002  7.429041010000000E-002
  3.746721085714286E-002  7.429041010000000E-002
  3.842790857142857E-002  7.429041010000000E-002
  3.938860628571429E-002  7.429041010000000E-002
  4.034930400000000E-002  7.429041010000000E-002
  4.131000171428571E-002  7.429041010000000E-002
  4.227069942857143E-002  7.429041010000000E-002
  4.323139714285714E-002  7.429041010000000E-002
  4.419209485714286E-002  7.429041010000000E-002
  4.515279257142857E-002  7.429041010000000E-002
  4.611349028571429E-002  7.429041010000000E-002
  4.707418800000000E-002  7.429041010000000E-002
  4.803488571428571E-002  7.429041010000000E-002
  4.899558342857143E-002  7.429041010000000E-002
  4.995628114285714E-002  7.429041010000000E-002
  5.091697885714286E-002  7.429041010000000E-002
  5.187767657142857E-002  7.429041010000000E-002
  5.283837428571429E-002  7.429041010000000E-002
  5.379907200000000E-002  7.429041010000000E-002
  5.475976971428571E-002  7.429041010000000E-002
  5.572046742857143E-002  7.429041010000000E-002
  5.668116514285714E-002  7.429041010000000E-002
  5.764186285714286E-002  7.429041010000000E-002
  5.860256057142857E-002  7.429041010000000E-002
  5.956325828571429E-002  7.429041010000000E-002
  6.052395600000000E-002  7.429041010000000E-002
  6.148465371428571E-002  7.429041010000000E-002
  6.244535142857143E-002  7.429041010000000E-002
  6.340604914285715E-002  7.429041010000000E-002
  6.436674685714286E-002  7.429041010000000E-002
  6.532744457142857E-002  7.429041010000000E-002
  6.628814228571428E-002  7.429041010000000E-002
  6.724884000000000E-002  7.429041010000000E-002
  6.820953771428571E-002  7.429041010000000E-002
  6.917023542857142E-002  7.429041010000000E-002
  7.013093314285715E-002  7.429041010000000E-002
  7.109163085714286E-002  7.429041010000000E-002
  7.205232857142857E-002  7.429041010000000E-002
  7.301302628571428E-002  7.429041010000000E-002
  7.397372400000000E-002  7.429041010000000E-002
  7.493442171428571E-002  7.429041010000000E-002
  7.589511942857143E-002  7.429041010000000E-002
  7.685581714285714E-002  7.429041010000000E-002
  7.781651485714286E-002  7.429041010000000E-002
  7.877721257142857E-002  7.429041010000000E-002
  7.973791028571428E-002  7.429041010000000E-002
  8.069860800000001E-002  7.429041010000000E-002
  8.165930571428572E-002  7.429041010000000E-002
  8.262000342857143E-002  7.429041010000000E-002
  8.358070114285714E-002  7.429041010000000E-002
  8.454139885714286E-002  7.429041010000000E-002
  8.550209657142857E-002  7.429041010000000E-002
  8.646279428571428E-002  7.429041010000000E-002
  8.742349200000001E-002  7.429041010000000E-002
  8.838418971428572E-002  7.429041010000000E-002
  8.934488742857143E-002  7.429041010000000E-002
  9.030558514285714E-002  7.429041010000000E-002
  9.126628285714286E-002  7.429041010000000E-002
  9.222698057142857E-002  7.429041010000000E-002
  9.318767828571428E-002  7.429041010000000E-002
  9.414837600000001E-002  7.429041010000000E-002
  9.510907371428572E-002  7.429041010000000E-002
  9.606977142857143E-002  7.429041010000000E-002
  9.703046914285714E-002  7.429041010000000E-002
  9.799116685714286E-002  7.429041010000000E-002
  9.895186457142857E-002  7.429041010000000E-002
  9.991256228571428E-002  7.429041010000000E-002
  0.100873260000000       7.429041010000000E-002
  0.101833957714286       7.429041010000000E-002
  0.102794655428571       7.429041010000000E-002
  0.103755353142857       7.429041010000000E-002
  0.104716050857143       7.429041010000000E-002
  0.105676748571429       7.429041010000000E-002
  0.106637446285714       7.429041010000000E-002
  0.107598144000000       7.429041010000000E-002
  0.108558841714286       7.429041010000000E-002
  0.109519539428571       7.429041010000000E-002
  0.110480237142857       7.429041010000000E-002
  0.111440934857143       7.429041010000000E-002
  0.112401632571429       7.429041010000000E-002
  0.113362330285714       7.429041010000000E-002
  0.114323028000000       7.429041010000000E-002
  0.115283725714286       7.429041010000000E-002
  0.116244423428571       7.429041010000000E-002
  0.117205121142857       7.429041010000000E-002
  0.118165818857143       7.429041010000000E-002
  0.119126516571429       7.429041010000000E-002
  0.120087214285714       7.429041010000000E-002
  0.121047912000000       7.429041010000000E-002
  0.122008609714286       7.429041010000000E-002
  0.122969307428571       7.429041010000000E-002
  0.123930005142857       7.429041010000000E-002
  0.124890702857143       7.429041010000000E-002
  0.125851400571429       7.429041010000000E-002
  0.126812098285714       7.429041010000000E-002
  0.127772796000000       7.429041010000000E-002
  0.128733493714286       7.429041010000000E-002
  0.129694191428571       7.429041010000000E-002
  0.130654889142857       7.429041010000000E-002
  0.131615586857143       7.429041010000000E-002
  0.132576284571429       7.429041010000000E-002
  0.133536982285714       7.429041010000000E-002
  0.134497680000000       7.429041010000000E-002
  0.135458377714286       7.429041010000000E-002
  0.136419075428571       7.429041010000000E-002
  0.137379773142857       7.429041010000000E-002
  0.138340470857143       7.429041010000000E-002
  0.139301168571429       7.429041010000000E-002
  0.140261866285714       7.429041010000000E-002
  0.141222564000000       7.429041010000000E-002
  0.142183261714286       7.429041010000000E-002
  0.143143959428571       7.429041010000000E-002
  0.144104657142857       7.429041010000000E-002
  0.145065354857143       7.429041010000000E-002
  0.146026052571429       7.429041010000000E-002
  0.146986750285714       7.429041010000000E-002
  0.147947448000000       7.429041010000000E-002
  0.148908145714286       7.429041010000000E-002
  0.149868843428571       7.429041010000000E-002
  0.150829541142857       7.429041010000000E-002
  0.151790238857143       7.429041010000000E-002
  0.152750936571429       7.429041010000000E-002
  0.153711634285714       7.429041010000000E-002
  0.154672332000000       7.429041010000000E-002
  0.155633029714286       7.429041010000000E-002
  0.156593727428571       7.429041010000000E-002
  0.157554425142857       7.429041010000000E-002
  0.158515122857143       7.429041010000000E-002
  0.159475820571429       7.429041010000000E-002
  0.160436518285714       7.429041010000000E-002
  0.161397216000000       7.429041010000000E-002
  0.162357913714286       7.429041010000000E-002
  0.163318611428571       7.429041010000000E-002
  0.164279309142857       7.429041010000000E-002
  0.165240006857143       7.429041010000000E-002
  0.166200704571429       7.429041010000000E-002
  0.167161402285714       7.429041010000000E-002
  0.168122100000000       7.429041010000000E-002
  0.169082797714286       7.429041010000000E-002
  0.170043495428571       7.429041010000000E-002
  0.171004193142857       7.429041010000000E-002
  0.171964890857143       7.429041010000000E-002
  0.172925588571429       7.429041010000000E-002
  0.173886286285714       7.429041010000000E-002
  0.174846984000000       7.429041010000000E-002
  0.175807681714286       7.429041010000000E-002
  0.176768379428571       7.429041010000000E-002
  0.177729077142857       7.429041010000000E-002
  0.178689774857143       7.429041010000000E-002
  0.179650472571429       7.429041010000000E-002
  0.180611170285714       7.429041010000000E-002
  0.181571868000000       7.429041010000000E-002
  0.182532565714286       7.429041010000000E-002
  0.183493263428571       7.429041010000000E-002
  0.184453961142857       7.429041010000000E-002
  0.185414658857143       7.429041010000000E-002
  0.186375356571429       7.429041010000000E-002
  0.187336054285714       7.429041010000000E-002
  0.188296752000000       7.429041010000000E-002
  0.189257449714286       7.429041010000000E-002
  0.190218147428571       7.429041010000000E-002
  0.191178845142857       7.429041010000000E-002
  0.192139542857143       7.429041010000000E-002
  0.193100240571429       7.429041010000000E-002
  0.194060938285714       7.429041010000000E-002
  0.195021636000000       7.429041010000000E-002
  0.195982333714286       7.429041010000000E-002
  0.196943031428571       7.429041010000000E-002
  0.197903729142857       7.429041010000000E-002
  0.198864426857143       7.429041010000000E-002
  0.199825124571429       7.429041010000000E-002
  0.200785822285714       7.429041010000000E-002
  0.201746520000000       7.429041010000000E-002
  0.202707217714286       7.429041010000000E-002
  0.203667915428571       7.429041010000000E-002
  0.204628613142857       7.429041010000000E-002
  0.205589310857143       7.429041010000000E-002
  0.206550008571429       7.429041010000000E-002
  0.207510706285714       7.429041010000000E-002
  0.208471404000000       7.429041010000000E-002
  0.209432101714286       7.429041010000000E-002
  0.210392799428571       7.429041010000000E-002
  0.211353497142857       7.429041010000000E-002
  0.212314194857143       7.429041010000000E-002
  0.213274892571429       7.429041010000000E-002
  0.214235590285714       7.429041010000000E-002
  0.215196288000000       7.429041010000000E-002
  0.216156985714286       7.429041010000000E-002
  0.217117683428571       7.429041010000000E-002
  0.218078381142857       7.429041010000000E-002
  0.219039078857143       7.429041010000000E-002
  0.219999776571429       7.429041010000000E-002
  0.220960474285714       7.429041010000000E-002
  0.221921172000000       7.429041010000000E-002
  0.222881869714286       7.429041010000000E-002
  0.223842567428571       7.429041010000000E-002
  0.224803265142857       7.429041010000000E-002
  0.225763962857143       7.429041010000000E-002
  0.226724660571429       7.429041010000000E-002
  0.227685358285714       7.429041010000000E-002
  0.228646056000000       7.429041010000000E-002
  0.229606753714286       7.429041010000000E-002
  0.230567451428571       7.429041010000000E-002
  0.231528149142857       7.429041010000000E-002
  0.232488846857143       7.429041010000000E-002
  0.233449544571429       7.429041010000000E-002
  0.234410242285714       7.429041010000000E-002
  0.235370940000000       7.429041010000000E-002
  0.236331637714286       7.429041010000000E-002
  0.237292335428571       7.429041010000000E-002
  0.238253033142857       7.429041010000000E-002
  0.239213730857143       7.429041010000000E-002
  0.240174428571429       7.429041010000000E-002
  0.241135126285714       7.429041010000000E-002
  0.242095824000000       7.429041010000000E-002
  0.243056521714286       7.429041010000000E-002
  0.244017219428571       7.429041010000000E-002
  0.244977917142857       7.429041010000000E-002
  0.245938614857143       7.429041010000000E-002
  0.246899312571429       7.429041010000000E-002
  0.247860010285714       7.429041010000000E-002
  0.248820708000000       7.429041010000000E-002
  0.249781405714286       7.429041010000000E-002
  0.250742103428571       7.429041010000000E-002
  0.251702801142857       7.429041010000000E-002
  0.252663498857143       7.429041010000000E-002
  0.253624196571429       7.429041010000000E-002
  0.254584894285714       7.429041010000000E-002
  0.255545592000000       7.429041010000000E-002
  0.256506289714286       7.429041010000000E-002
  0.257466987428571       7.429041010000000E-002
  0.258427685142857       7.429041010000000E-002
  0.259388382857143       7.429041010000000E-002
  0.260349080571429       7.429041010000000E-002
  0.261309778285714       7.429041010000000E-002
  0.262270476000000       7.429041010000000E-002
  0.263231173714286       7.429041010000000E-002
  0.264191871428571       7.429041010000000E-002
  0.265152569142857       7.429041010000000E-002
  0.266113266857143       7.429041010000000E-002
  0.267073964571429       7.429041010000000E-002
  0.268034662285714       7.429041010000000E-002
  0.268995360000000       7.429041010000000E-002
  0.269956057714286       7.429041010000000E-002
  0.270916755428571       7.429041010000000E-002
  0.271877453142857       7.429041010000000E-002
  0.272838150857143       7.429041010000000E-002
  0.273798848571429       7.429041010000000E-002
  0.274759546285714       7.429041010000000E-002
  0.275720244000000       7.429041010000000E-002
  0.276680941714286       7.429041010000000E-002
  0.277641639428571       7.429041010000000E-002
  0.278602337142857       7.429041010000000E-002
  0.279563034857143       7.429041010000000E-002
  0.280523732571429       7.429041010000000E-002
  0.281484430285714       7.429041010000000E-002
  0.282445128000000       7.429041010000000E-002
  0.283405825714286       7.429041010000000E-002
  0.284366523428571       7.429041010000000E-002
  0.285327221142857       7.429041010000000E-002
  0.286287918857143       7.429041010000000E-002
  0.287248616571429       7.429041010000000E-002
  0.288209314285714       7.429041010000000E-002
  0.289170012000000       7.429041010000000E-002
  0.290130709714286       7.429041010000000E-002
  0.291091407428571       7.429041010000000E-002
  0.292052105142857       7.429041010000000E-002
  0.293012802857143       7.429041010000000E-002
  0.293973500571429       7.429041010000000E-002
  0.294934198285714       7.429041010000000E-002
  0.295894896000000       7.429041010000000E-002
  0.296855593714286       7.429041010000000E-002
  0.297816291428571       7.429041010000000E-002
  0.298776989142857       7.429041010000000E-002
  0.299737686857143       7.429041010000000E-002
  0.300698384571429       7.429041010000000E-002
  0.301659082285714       7.429041010000000E-002
  0.302619780000000       7.429041010000000E-002
  0.303580477714286       7.429041010000000E-002
  0.304541175428571       7.429041010000000E-002
  0.305501873142857       7.429041010000000E-002
  0.306462570857143       7.429041010000000E-002
  0.307423268571429       7.429041010000000E-002
  0.308383966285714       7.429041010000000E-002
  0.309344664000000       7.429041010000000E-002
  0.310305361714286       7.429041010000000E-002
  0.311266059428571       7.429041010000000E-002
  0.312226757142857       7.429041010000000E-002
  0.313187454857143       7.429041010000000E-002
  0.314148152571429       7.429041010000000E-002
  0.315108850285714       7.429041010000000E-002
  0.316069548000000       7.429041010000000E-002
  0.317030245714286       7.429041010000000E-002
  0.317990943428571       7.429041010000000E-002
  0.318951641142857       7.429041010000000E-002
  0.319912338857143       7.429041010000000E-002
  0.320873036571429       7.429041010000000E-002
  0.321833734285714       7.429041010000000E-002
  0.322794432000000       7.429041010000000E-002
  0.323755129714286       7.429041010000000E-002
  0.324715827428571       7.429041010000000E-002
  0.325676525142857       7.429041010000000E-002
  0.326637222857143       7.429041010000000E-002
  0.327597920571429       7.429041010000000E-002
  0.328558618285714       7.429041010000000E-002
  0.329519316000000       7.429041010000000E-002
  0.330480013714286       7.429041010000000E-002
  0.331440711428571       7.429041010000000E-002
  0.332401409142857       7.429041010000000E-002
  0.333362106857143       7.429041010000000E-002
  0.334322804571429       7.429041010000000E-002
  0.335283502285714       7.429041010000000E-002
  0.336244200000000       7.429041010000000E-002
  0.337204897714286       7.429041010000000E-002
  0.338165595428571       7.429041010000000E-002
  0.339126293142857       7.429041010000000E-002
  0.340086990857143       7.429041010000000E-002
  0.341047688571429       7.429041010000000E-002
  0.342008386285714       7.429041010000000E-002
  0.342969084000000       7.429041010000000E-002
  0.343929781714286       7.429041010000000E-002
  0.344890479428571       7.429041010000000E-002
  0.345851177142857       7.429041010000000E-002
  0.346811874857143       7.429041010000000E-002
  0.347772572571429       7.429041010000000E-002
  0.348733270285714       7.429041010000000E-002
  0.349693968000000       7.429041010000000E-002
  0.350654665714286       7.429041010000000E-002
  0.351615363428571       7.429041010000000E-002
  0.352576061142857       7.429041010000000E-002
  0.353536758857143       7.429041010000000E-002
  0.354497456571429       7.429041010000000E-002
  0.355458154285714       7.429041010000000E-002
  0.356418852000000       7.429041010000000E-002
  0.357379549714286       7.429041010000000E-002
  0.358340247428571       7.429041010000000E-002
  0.359300945142857       7.429041010000000E-002
  0.360261642857143       7.429041010000000E-002
  0.361222340571429       7.429041010000000E-002
  0.362183038285714       7.429041010000000E-002
  0.363143736000000       7.429041010000000E-002
  0.364104433714286       7.429041010000000E-002
  0.365065131428571       7.429041010000000E-002
  0.366025829142857       7.429041010000000E-002
  0.366986526857143       7.429041010000000E-002
  0.367947224571429       7.429041010000000E-002
  0.368907922285714       7.429041010000000E-002
  0.369868620000000       7.429041010000000E-002
  0.370829317714286       7.429041010000000E-002
  0.371790015428571       7.429041010000000E-002
  0.372750713142857       7.429041010000000E-002
  0.373711410857143       7.429041010000000E-002
  0.374672108571429       7.429041010000000E-002
  0.375632806285714       7.429041010000000E-002
  0.376593504000000       7.429041010000000E-002
  0.377554201714286       7.429041010000000E-002
  0.378514899428571       7.429041010000000E-002
  0.379475597142857       7.429041010000000E-002
  0.380436294857143       7.429041010000000E-002
  0.381396992571429       7.429041010000000E-002
  0.382357690285714       7.429041010000000E-002
  0.383318388000000       7.429041010000000E-002
  0.384279085714286       7.429041010000000E-002
  0.385239783428571       7.429041010000000E-002
  0.386200481142857       7.429041010000000E-002
  0.387161178857143       7.429041010000000E-002
  0.388121876571429       7.429041010000000E-002
  0.389082574285714       7.429041010000000E-002
  0.390043272000000       7.429041010000000E-002
  0.391003969714286       7.429041010000000E-002
  0.391964667428571       7.429041010000000E-002
  0.392925365142857       7.429041010000000E-002
  0.393886062857143       7.429041010000000E-002
  0.394846760571429       7.429041010000000E-002
  0.395807458285714       7.429041010000000E-002
  0.396768156000000       7.429041010000000E-002
  0.397728853714286       7.429041010000000E-002
  0.398689551428571       7.429041010000000E-002
  0.399650249142857       7.429041010000000E-002
  0.400610946857143       7.429041010000000E-002
  0.401571644571429       7.429041010000000E-002
  0.402532342285714       7.429041010000000E-002
  0.403493040000000       7.429041010000000E-002
  0.404453737714286       7.429041010000000E-002
  0.405414435428571       7.429041010000000E-002
  0.406375133142857       7.429041010000000E-002
  0.407335830857143       7.429041010000000E-002
  0.408296528571429       7.429041010000000E-002
  0.409257226285714       7.429041010000000E-002
  0.410217924000000       7.429041010000000E-002
  0.411178621714286       7.429041010000000E-002
  0.412139319428571       7.429041010000000E-002
  0.413100017142857       7.429041010000000E-002
  0.414060714857143       7.429041010000000E-002
  0.415021412571429       7.429041010000000E-002
  0.415982110285714       7.429041010000000E-002
  0.416942808000000       7.429041010000000E-002
  0.417903505714286       7.429041010000000E-002
  0.418864203428571       7.429041010000000E-002
  0.419824901142857       7.429041010000000E-002
  0.420785598857143       7.429041010000000E-002
  0.421746296571429       7.429041010000000E-002
  0.422706994285714       7.429041010000000E-002
  0.423667692000000       7.429041010000000E-002
  0.424628389714286       7.429041010000000E-002
  0.425589087428571       7.429041010000000E-002
  0.426549785142857       7.429041010000000E-002
  0.427510482857143       7.429041010000000E-002
  0.428471180571429       7.429041010000000E-002
  0.429431878285714       7.429041010000000E-002
  0.430392576000000       7.429041010000000E-002
  0.431353273714286       7.429041010000000E-002
  0.432313971428571       7.429041010000000E-002
  0.433274669142857       7.429041010000000E-002
  0.434235366857143       7.429041010000000E-002
  0.435196064571429       7.429041010000000E-002
  0.436156762285714       7.429041010000000E-002
  0.437117460000000       7.429041010000000E-002
  0.438078157714286       7.429041010000000E-002
  0.439038855428571       7.429041010000000E-002
  0.439999553142857       7.429041010000000E-002
  0.440960250857143       7.429041010000000E-002
  0.441920948571429       7.429041010000000E-002
  0.442881646285714       7.429041010000000E-002
  0.443842344000000       7.429041010000000E-002
  0.444803041714286       7.429041010000000E-002
  0.445763739428571       7.429041010000000E-002
  0.446724437142857       7.429041010000000E-002
  0.447685134857143       7.429041010000000E-002
  0.448645832571429       7.429041010000000E-002
  0.449606530285714       7.429041010000000E-002
  0.450567228000000       7.429041010000000E-002
  0.451527925714286       7.429041010000000E-002
  0.452488623428571       7.429041010000000E-002
  0.453449321142857       7.429041010000000E-002
  0.454410018857143       7.429041010000000E-002
  0.455370716571429       7.429041010000000E-002
  0.456331414285714       7.429041010000000E-002
  0.457292112000000       7.429041010000000E-002
  0.458252809714286       7.429041010000000E-002
  0.459213507428571       7.429041010000000E-002
  0.460174205142857       7.429041010000000E-002
  0.461134902857143       7.429041010000000E-002
  0.462095600571429       7.429041010000000E-002
  0.463056298285714       7.429041010000000E-002
  0.464016996000000       7.429041010000000E-002
  0.464977693714286       7.429041010000000E-002
  0.465938391428571       7.429041010000000E-002
  0.466899089142857       7.429041010000000E-002
  0.467859786857143       7.429041010000000E-002
  0.468820484571429       7.429041010000000E-002
  0.469781182285714       7.429041010000000E-002
  0.470741880000000       7.429041010000000E-002
  0.471702577714286       7.429041010000000E-002
  0.472663275428571       7.429041010000000E-002
  0.473623973142857       7.429041010000000E-002
  0.474584670857143       7.429041010000000E-002
  0.475545368571429       7.429041010000000E-002
  0.476506066285714       7.429041010000000E-002
  0.477466764000000       7.429041010000000E-002
  0.478427461714286       7.429041010000000E-002
  0.479388159428571       7.429041010000000E-002
  0.480348857142857       7.429041010000000E-002
  0.481309554857143       7.429041010000000E-002
  0.482270252571429       7.429041010000000E-002
  0.483230950285714       7.429041010000000E-002
  0.484191648000000       7.429041010000000E-002
  0.485152345714286       7.429041010000000E-002
  0.486113043428571       7.429041010000000E-002
  0.487073741142857       7.429041010000000E-002
  0.488034438857143       7.429041010000000E-002
  0.488995136571429       7.429041010000000E-002
  0.489955834285714       7.429041010000000E-002
  0.490916532000000       7.429041010000000E-002
  0.491877229714286       7.429041010000000E-002
  0.492837927428571       7.429041010000000E-002
  0.493798625142857       7.429041010000000E-002
  0.494759322857143       7.429041010000000E-002
  0.495720020571429       7.429041010000000E-002
  0.496680718285714       7.429041010000000E-002
  0.497641416000000       7.429041010000000E-002
  0.498602113714286       7.429041010000000E-002
  0.499562811428571       7.429041010000000E-002
  0.500523509142857       7.429041010000000E-002
  0.501484206857143       7.429041010000000E-002
  0.502444904571429       7.429041010000000E-002
  0.503405602285714       7.429041010000000E-002
  0.504366300000000       7.429041010000000E-002
  0.505326997714286       7.429041010000000E-002
  0.506287695428571       7.429041010000000E-002
  0.507248393142857       7.429041010000000E-002
  0.508209090857143       7.429041010000000E-002
  0.509169788571429       7.429041010000000E-002
  0.510130486285714       7.429041010000000E-002
  0.511091184000000       7.429041010000000E-002
  0.512051881714286       7.429041010000000E-002
  0.513012579428571       7.429041010000000E-002
  0.513973277142857       7.429041010000000E-002
  0.514933974857143       7.429041010000000E-002
  0.515894672571429       7.429041010000000E-002
  0.516855370285714       7.429041010000000E-002
  0.517816068000000       7.429041010000000E-002
  0.518776765714286       7.429041010000000E-002
  0.519737463428571       7.429041010000000E-002
  0.520698161142857       7.429041010000000E-002
  0.521658858857143       7.429041010000000E-002
  0.522619556571429       7.429041010000000E-002
  0.523580254285714       7.429041010000000E-002
  0.524540952000000       7.429041010000000E-002
  0.525501649714286       7.429041010000000E-002
  0.526462347428571       7.429041010000000E-002
  0.527423045142857       7.429041010000000E-002
  0.528383742857143       7.429041010000000E-002
  0.529344440571429       7.429041010000000E-002
  0.530305138285714       7.429041010000000E-002
  0.531265836000000       7.429041010000000E-002
  0.532226533714286       7.429041010000000E-002
  0.533187231428571       7.429041010000000E-002
  0.534147929142857       7.429041010000000E-002
  0.535108626857143       7.429041010000000E-002
  0.536069324571429       7.429041010000000E-002
  0.537030022285714       7.429041010000000E-002
  0.537990720000000       7.429041010000000E-002
  0.538951417714286       7.429041010000000E-002
  0.539912115428571       7.429041010000000E-002
  0.540872813142857       7.429041010000000E-002
  0.541833510857143       7.429041010000000E-002
  0.542794208571429       7.429041010000000E-002
  0.543754906285714       7.429041010000000E-002
  0.544715604000000       7.429041010000000E-002
  0.545676301714286       7.429041010000000E-002
  0.546636999428571       7.429041010000000E-002
  0.547597697142857       7.429041010000000E-002
  0.548558394857143       7.429041010000000E-002
  0.549519092571429       7.429041010000000E-002
  0.550479790285714       7.429041010000000E-002
  0.551440488000000       7.429041010000000E-002
  0.552401185714286       7.429041010000000E-002
  0.553361883428571       7.429041010000000E-002
  0.554322581142857       7.429041010000000E-002
  0.555283278857143       7.429041010000000E-002
  0.556243976571429       7.429041010000000E-002
  0.557204674285714       7.429041010000000E-002
  0.558165372000000       7.429041010000000E-002
  0.559126069714286       7.429041010000000E-002
  0.560086767428571       7.429041010000000E-002
  0.561047465142857       7.429041010000000E-002
  0.562008162857143       7.429041010000000E-002
  0.562968860571429       7.429041010000000E-002
  0.563929558285714       7.429041010000000E-002
  0.564890256000000       7.429041010000000E-002
  0.565850953714286       7.429041010000000E-002
  0.566811651428571       7.429041010000000E-002
  0.567772349142857       7.429041010000000E-002
  0.568733046857143       7.429041010000000E-002
  0.569693744571429       7.429041010000000E-002
  0.570654442285714       7.429041010000000E-002
  0.571615140000000       7.429041010000000E-002
  0.572575837714286       7.429041010000000E-002
  0.573536535428571       7.429041010000000E-002
  0.574497233142857       7.429041010000000E-002
  0.575457930857143       7.429041010000000E-002
  0.576418628571429       7.429041010000000E-002
  0.577379326285714       7.429041010000000E-002
  0.578340024000000       7.429041010000000E-002
  0.579300721714286       7.429041010000000E-002
  0.580261419428571       7.429041010000000E-002
  0.581222117142857       7.429041010000000E-002
  0.582182814857143       7.429041010000000E-002
  0.583143512571429       7.429041010000000E-002
  0.584104210285714       7.429041010000000E-002
  0.585064908000000       7.429041010000000E-002
  0.586025605714286       7.429041010000000E-002
  0.586986303428571       7.429041010000000E-002
  0.587947001142857       7.429041010000000E-002
  0.588907698857143       7.429041010000000E-002
  0.589868396571429       7.429041010000000E-002
  0.590829094285714       7.429041010000000E-002
  0.591789792000000       7.429041010000000E-002
  0.592750489714286       7.429041010000000E-002
  0.593711187428571       7.429041010000000E-002
  0.594671885142857       7.429041010000000E-002
  0.595632582857143       7.429041010000000E-002
  0.596593280571429       7.429041010000000E-002
  0.597553978285714       7.429041010000000E-002
  0.598514676000000       7.429041010000000E-002
  0.599475373714286       7.429041010000000E-002
  0.600436071428571       7.429041010000000E-002
  0.601396769142857       7.429041010000000E-002
  0.602357466857143       7.429041010000000E-002
  0.603318164571429       7.429041010000000E-002
  0.604278862285714       7.429041010000000E-002
  0.605239560000000       7.429041010000000E-002
  0.606200257714286       7.429041010000000E-002
  0.607160955428571       7.429041010000000E-002
  0.608121653142857       7.429041010000000E-002
  0.609082350857143       7.429041010000000E-002
  0.610043048571429       7.429041010000000E-002
  0.611003746285714       7.429041010000000E-002
  0.611964444000000       7.429041010000000E-002
  0.612925141714286       7.429041010000000E-002
  0.613885839428571       7.429041010000000E-002
  0.614846537142857       7.429041010000000E-002
  0.615807234857143       7.429041010000000E-002
  0.616767932571429       7.429041010000000E-002
  0.617728630285714       7.429041010000000E-002
  0.618689328000000       7.429041010000000E-002
  0.619650025714286       7.429041010000000E-002
  0.620610723428571       7.429041010000000E-002
  0.621571421142857       7.429041010000000E-002
  0.622532118857143       7.429041010000000E-002
  0.623492816571429       7.429041010000000E-002
  0.624453514285714       7.429041010000000E-002
  0.625414212000000       7.429041010000000E-002
  0.626374909714286       7.429041010000000E-002
  0.627335607428571       7.429041010000000E-002
  0.628296305142857       7.429041010000000E-002
  0.629257002857143       7.429041010000000E-002
  0.630217700571429       7.429041010000000E-002
  0.631178398285714       7.429041010000000E-002
  0.632139096000000       7.429041010000000E-002
  0.633099793714286       7.429041010000000E-002
  0.634060491428571       7.429041010000000E-002
  0.635021189142857       7.429041010000000E-002
  0.635981886857143       7.429041010000000E-002
  0.636942584571429       7.429041010000000E-002
  0.637903282285714       7.429041010000000E-002
  0.638863980000000       7.429041010000000E-002
  0.639824677714286       7.429041010000000E-002
  0.640785375428571       7.429041010000000E-002
  0.641746073142857       7.429041010000000E-002
  0.642706770857143       7.429041010000000E-002
  0.643667468571429       7.429041010000000E-002
  0.644628166285714       7.429041010000000E-002
  0.645588864000000       7.429041010000000E-002
  0.646549561714286       7.429041010000000E-002
  0.647510259428571       7.429041010000000E-002
  0.648470957142857       7.429041010000000E-002
  0.649431654857143       7.429041010000000E-002
  0.650392352571429       7.429041010000000E-002
  0.651353050285714       7.429041010000000E-002
  0.652313748000000       7.429041010000000E-002
  0.653274445714286       7.429041010000000E-002
  0.654235143428571       7.429041010000000E-002
  0.655195841142857       7.429041010000000E-002
  0.656156538857143       7.429041010000000E-002
  0.657117236571429       7.429041010000000E-002
  0.658077934285714       7.429041010000000E-002
  0.659038632000000       7.429041010000000E-002
  0.659999329714286       7.429041010000000E-002
  0.660960027428571       7.429041010000000E-002
  0.661920725142857       7.429041010000000E-002
  0.662881422857143       7.429041010000000E-002
  0.663842120571429       7.429041010000000E-002
  0.664802818285714       7.429041010000000E-002
  0.665763516000000       7.429041010000000E-002
  0.666724213714286       7.429041010000000E-002
  0.667684911428571       7.429041010000000E-002
  0.668645609142857       7.429041010000000E-002
  0.669606306857143       7.429041010000000E-002
  0.670567004571429       7.429041010000000E-002
  0.671527702285714       7.429041010000000E-002
  0.672488400000000       7.429041010000000E-002
  0.673449097714286       7.429041010000000E-002
  0.674409795428571       7.429041010000000E-002
  0.675370493142857       7.429041010000000E-002
  0.676331190857143       7.429041010000000E-002
  0.677291888571429       7.429041010000000E-002
  0.678252586285714       7.429041010000000E-002
  0.679213284000000       7.429041010000000E-002
  0.680173981714286       7.429041010000000E-002
  0.681134679428571       7.429041010000000E-002
  0.682095377142857       7.429041010000000E-002
  0.683056074857143       7.429041010000000E-002
  0.684016772571429       7.429041010000000E-002
  0.684977470285714       7.429041010000000E-002
  0.685938168000000       7.429041010000000E-002
  0.686898865714286       7.429041010000000E-002
  0.687859563428571       7.429041010000000E-002
  0.688820261142857       7.429041010000000E-002
  0.689780958857143       7.429041010000000E-002
  0.690741656571429       7.429041010000000E-002
  0.691702354285714       7.429041010000000E-002
  0.692663052000000       7.429041010000000E-002
  0.693623749714286       7.429041010000000E-002
  0.694584447428571       7.429041010000000E-002
  0.695545145142857       7.429041010000000E-002
  0.696505842857143       7.429041010000000E-002
  0.697466540571429       7.429041010000000E-002
  0.698427238285714       7.429041010000000E-002
  0.699387936000000       7.429041010000000E-002
  0.700348633714286       7.429041010000000E-002
  0.701309331428571       7.429041010000000E-002
  0.702270029142857       7.429041010000000E-002
  0.703230726857143       7.429041010000000E-002
  0.704191424571429       7.429041010000000E-002
  0.705152122285714       7.429041010000000E-002
  0.706112820000000       7.429041010000000E-002
  0.707073517714286       7.429041010000000E-002
  0.708034215428571       7.429041010000000E-002
  0.708994913142857       7.429041010000000E-002
  0.709955610857143       7.429041010000000E-002
  0.710916308571429       7.429041010000000E-002
  0.711877006285714       7.429041010000000E-002
  0.712837704000000       7.429041010000000E-002
  0.713798401714286       7.429041010000000E-002
  0.714759099428571       7.429041010000000E-002
  0.715719797142857       7.429041010000000E-002
  0.716680494857143       7.429041010000000E-002
  0.717641192571429       7.429041010000000E-002
  0.718601890285714       7.429041010000000E-002
  0.719562588000000       7.429041010000000E-002
  0.720523285714286       7.429041010000000E-002
  0.721483983428571       7.429041010000000E-002
  0.722444681142857       7.429041010000000E-002
  0.723405378857143       7.429041010000000E-002
  0.724366076571429       7.429041010000000E-002
  0.725326774285714       7.429041010000000E-002
  0.726287472000000       7.429041010000000E-002
  0.727248169714286       7.429041010000000E-002
  0.728208867428571       7.429041010000000E-002
  0.729169565142857       7.429041010000000E-002
  0.730130262857143       7.429041010000000E-002
  0.731090960571429       7.429041010000000E-002
  0.732051658285714       7.429041010000000E-002
  0.733012356000000       7.429041010000000E-002
  0.733973053714286       7.429041010000000E-002
  0.734933751428571       7.429041010000000E-002
  0.735894449142857       7.429041010000000E-002
  0.736855146857143       7.429041010000000E-002
  0.737815844571429       7.429041010000000E-002
  0.738776542285714       7.429041010000000E-002
  0.739737240000000       7.429041010000000E-002
  0.740697937714286       7.429041010000000E-002
  0.741658635428571       7.429041010000000E-002
  0.742619333142857       7.429041010000000E-002
  0.743580030857143       7.429041010000000E-002
  0.744540728571429       7.429041010000000E-002
  0.745501426285714       7.429041010000000E-002
  0.746462124000000       7.429041010000000E-002
  0.747422821714286       7.429041010000000E-002
  0.748383519428571       7.429041010000000E-002
  0.749344217142857       7.429041010000000E-002
  0.750304914857143       7.429041010000000E-002
  0.751265612571429       7.429041010000000E-002
  0.752226310285714       7.429041010000000E-002
  0.753187008000000       7.429041010000000E-002
  0.754147705714286       7.429041010000000E-002
  0.755108403428571       7.429041010000000E-002
  0.756069101142857       7.429041010000000E-002
  0.757029798857143       7.429041010000000E-002
  0.757990496571429       7.429041010000000E-002
  0.758951194285714       7.429041010000000E-002
  0.759911892000000       7.429041010000000E-002
  0.760872589714286       7.429041010000000E-002
  0.761833287428571       7.429041010000000E-002
  0.762793985142857       7.429041010000000E-002
  0.763754682857143       7.429041010000000E-002
  0.764715380571429       7.429041010000000E-002
  0.765676078285714       7.429041010000000E-002
  0.766636776000000       7.429041010000000E-002
  0.767597473714286       7.429041010000000E-002
  0.768558171428571       7.429041010000000E-002
  0.769518869142857       7.429041010000000E-002
  0.770479566857143       7.429041010000000E-002
  0.771440264571429       7.429041010000000E-002
  0.772400962285714       7.429041010000000E-002
  0.773361660000000       7.429041010000000E-002
  0.774322357714286       7.429041010000000E-002
  0.775283055428571       7.429041010000000E-002
  0.776243753142857       7.429041010000000E-002
  0.777204450857143       7.429041010000000E-002
  0.778165148571429       7.429041010000000E-002
  0.779125846285714       7.429041010000000E-002
  0.780086544000000       7.429041010000000E-002
  0.781047241714286       7.429041010000000E-002
  0.782007939428571       7.429041010000000E-002
  0.782968637142857       7.429041010000000E-002
  0.783929334857143       7.429041010000000E-002
  0.784890032571429       7.429041010000000E-002
  0.785850730285714       7.429041010000000E-002
  0.786811428000000       7.429041010000000E-002
  0.787772125714286       7.429041010000000E-002
  0.788732823428571       7.429041010000000E-002
  0.789693521142857       7.429041010000000E-002
  0.790654218857143       7.429041010000000E-002
  0.791614916571429       7.429041010000000E-002
  0.792575614285714       7.429041010000000E-002
  0.793536312000000       7.429041010000000E-002
  0.794497009714286       7.429041010000000E-002
  0.795457707428571       7.429041010000000E-002
  0.796418405142857       7.429041010000000E-002
  0.797379102857143       7.429041010000000E-002
  0.798339800571429       7.429041010000000E-002
  0.799300498285714       7.429041010000000E-002
  0.800261196000000       7.429041010000000E-002
  0.801221893714286       7.429041010000000E-002
  0.802182591428571       7.429041010000000E-002
  0.803143289142857       7.429041010000000E-002
  0.804103986857143       7.429041010000000E-002
  0.805064684571429       7.429041010000000E-002
  0.806025382285714       7.429041010000000E-002
  0.806986080000000       7.429041010000000E-002
  0.807946777714286       7.429041010000000E-002
  0.808907475428571       7.429041010000000E-002
  0.809868173142857       7.429041010000000E-002
  0.810828870857143       7.429041010000000E-002
  0.811789568571429       7.429041010000000E-002
  0.812750266285714       7.429041010000000E-002
  0.813710964000000       7.429041010000000E-002
  0.814671661714286       7.429041010000000E-002
  0.815632359428571       7.429041010000000E-002
  0.816593057142857       7.429041010000000E-002
  0.817553754857143       7.429041010000000E-002
  0.818514452571429       7.429041010000000E-002
  0.819475150285714       7.429041010000000E-002
  0.820435848000000       7.429041010000000E-002
  0.821396545714286       7.429041010000000E-002
  0.822357243428571       7.429041010000000E-002
  0.823317941142857       7.429041010000000E-002
  0.824278638857143       7.429041010000000E-002
  0.825239336571429       7.429041010000000E-002
  0.826200034285714       7.429041010000000E-002
  0.827160732000000       7.429041010000000E-002
  0.828121429714286       7.429041010000000E-002
  0.829082127428571       7.429041010000000E-002
  0.830042825142857       7.429041010000000E-002
  0.831003522857143       7.429041010000000E-002
  0.831964220571429       7.429041010000000E-002
  0.832924918285714       7.429041010000000E-002
  0.833885616000000       7.429041010000000E-002
  0.834846313714286       7.429041010000000E-002
  0.835807011428571       7.429041010000000E-002
  0.836767709142857       7.429041010000000E-002
  0.837728406857143       7.429041010000000E-002
  0.838689104571429       7.429041010000000E-002
  0.839649802285714       7.429041010000000E-002
  0.840610500000000       7.429041010000000E-002
  0.841571197714286       7.429041010000000E-002
  0.842531895428571       7.429041010000000E-002
  0.843492593142857       7.429041010000000E-002
  0.844453290857143       7.429041010000000E-002
  0.845413988571429       7.429041010000000E-002
  0.846374686285714       7.429041010000000E-002
  0.847335384000000       7.429041010000000E-002
  0.848296081714286       7.429041010000000E-002
  0.849256779428571       7.429041010000000E-002
  0.850217477142857       7.429041010000000E-002
  0.851178174857143       7.429041010000000E-002
  0.852138872571429       7.429041010000000E-002
  0.853099570285714       7.429041010000000E-002
  0.854060268000000       7.429041010000000E-002
  0.855020965714286       7.429041010000000E-002
  0.855981663428571       7.429041010000000E-002
  0.856942361142857       7.429041010000000E-002
  0.857903058857143       7.429041010000000E-002
  0.858863756571429       7.429041010000000E-002
  0.859824454285714       7.429041010000000E-002
  0.860785152000000       7.429041010000000E-002
  0.861745849714286       7.429041010000000E-002
  0.862706547428571       7.429041010000000E-002
  0.863667245142857       7.429041010000000E-002
  0.864627942857143       7.429041010000000E-002
  0.865588640571429       7.429041010000000E-002
  0.866549338285714       7.429041010000000E-002
  0.867510036000000       7.429041010000000E-002
  0.868470733714286       7.429041010000000E-002
  0.869431431428571       7.429041010000000E-002
  0.870392129142857       7.429041010000000E-002
  0.871352826857143       7.429041010000000E-002
  0.872313524571429       7.429041010000000E-002
  0.873274222285714       7.429041010000000E-002
  0.874234920000000       7.429041010000000E-002
  0.875195617714286       7.429041010000000E-002
  0.876156315428571       7.429041010000000E-002
  0.877117013142857       7.429041010000000E-002
  0.878077710857143       7.429041010000000E-002
  0.879038408571429       7.429041010000000E-002
  0.879999106285714       7.429041010000000E-002
  0.880959804000000       7.429041010000000E-002
  0.881920501714286       7.429041010000000E-002
  0.882881199428571       7.429041010000000E-002
  0.883841897142857       7.429041010000000E-002
  0.884802594857143       7.429041010000000E-002
  0.885763292571429       7.429041010000000E-002
  0.886723990285714       7.429041010000000E-002
  0.887684688000000       7.429041010000000E-002
  0.888645385714286       7.429041010000000E-002
  0.889606083428571       7.429041010000000E-002
  0.890566781142857       7.429041010000000E-002
  0.891527478857143       7.429041010000000E-002
  0.892488176571429       7.429041010000000E-002
  0.893448874285714       7.429041010000000E-002
  0.894409572000000       7.429041010000000E-002
  0.895370269714286       7.429041010000000E-002
  0.896330967428571       7.429041010000000E-002
  0.897291665142857       7.429041010000000E-002
  0.898252362857143       7.429041010000000E-002
  0.899213060571429       7.429041010000000E-002
  0.900173758285714       7.429041010000000E-002
  0.901134456000000       7.429041010000000E-002
  0.902095153714286       7.429041010000000E-002
  0.903055851428571       7.429041010000000E-002
  0.904016549142857       7.429041010000000E-002
  0.904977246857143       7.429041010000000E-002
  0.905937944571429       7.429041010000000E-002
  0.906898642285714       7.429041010000000E-002
  0.907859340000000       7.429041010000000E-002
  0.908820037714286       7.429041010000000E-002
  0.909780735428571       7.429041010000000E-002
  0.910741433142857       7.429041010000000E-002
  0.911702130857143       7.429041010000000E-002
  0.912662828571429       7.429041010000000E-002
  0.913623526285714       7.429041010000000E-002
  0.914584224000000       7.429041010000000E-002
  0.915544921714286       7.429041010000000E-002
  0.916505619428571       7.429041010000000E-002
  0.917466317142857       7.429041010000000E-002
  0.918427014857143       7.429041010000000E-002
  0.919387712571429       7.429041010000000E-002
  0.920348410285714       7.429041010000000E-002
  0.921309108000000       7.429041010000000E-002
  0.922269805714286       7.429041010000000E-002
  0.923230503428571       7.429041010000000E-002
  0.924191201142857       7.429041010000000E-002
  0.925151898857143       7.429041010000000E-002
  0.926112596571429       7.429041010000000E-002
  0.927073294285714       7.429041010000000E-002
  0.928033992000000       7.429041010000000E-002
  0.928994689714286       7.429041010000000E-002
  0.929955387428571       7.429041010000000E-002
  0.930916085142857       7.429041010000000E-002
  0.931876782857143       7.429041010000000E-002
  0.932837480571429       7.429041010000000E-002
  0.933798178285714       7.429041010000000E-002
  0.934758876000000       7.429041010000000E-002
  0.935719573714286       7.429041010000000E-002
  0.936680271428571       7.429041010000000E-002
  0.937640969142857       7.429041010000000E-002
  0.938601666857143       7.429041010000000E-002
  0.939562364571429       7.429041010000000E-002
  0.940523062285714       7.429041010000000E-002
  0.941483760000000       7.429041010000000E-002
  0.942444457714286       7.429041010000000E-002
  0.943405155428571       7.429041010000000E-002
  0.944365853142857       7.429041010000000E-002
  0.945326550857143       7.429041010000000E-002
  0.946287248571429       7.429041010000000E-002
  0.947247946285714       7.429041010000000E-002
  0.948208644000000       7.429041010000000E-002
  0.949169341714286       7.429041010000000E-002
  0.950130039428571       7.429041010000000E-002
  0.951090737142857       7.429041010000000E-002
  0.952051434857143       7.429041010000000E-002
  0.953012132571429       7.429041010000000E-002
  0.953972830285714       7.429041010000000E-002
  0.954933528000000       7.429041010000000E-002
  0.955894225714286       7.429041010000000E-002
  0.956854923428571       7.429041010000000E-002
  0.957815621142857       7.429041010000000E-002
  0.958776318857143       7.429041010000000E-002
  0.959737016571429       7.429041010000000E-002
  0.960697714285714       7.429041010000000E-002
  0.961658412000000       7.429041010000000E-002
  0.962619109714286       7.429041010000000E-002
  0.963579807428571       7.429041010000000E-002
  0.964540505142857       7.429041010000000E-002
  0.965501202857143       7.429041010000000E-002
  0.966461900571429       7.429041010000000E-002
  0.967422598285714       7.429041010000000E-002
  0.968383296000000       7.429041010000000E-002
  0.969343993714286       7.429041010000000E-002
  0.970304691428571       7.429041010000000E-002
  0.971265389142857       7.429041010000000E-002
  0.972226086857143       7.429041010000000E-002
  0.973186784571429       7.429041010000000E-002
  0.974147482285714       7.429041010000000E-002
  0.975108180000000       7.429041010000000E-002
  0.976068877714286       7.429041010000000E-002
  0.977029575428571       7.429041010000000E-002
  0.977990273142857       7.429041010000000E-002
  0.978950970857143       7.429041010000000E-002
  0.979911668571429       7.429041010000000E-002
  0.980872366285714       7.429041010000000E-002
  0.981833064000000       7.429041010000000E-002
  0.982793761714286       7.429041010000000E-002
  0.983754459428571       7.429041010000000E-002
  0.984715157142857       7.429041010000000E-002
  0.985675854857143       7.429041010000000E-002
  0.986636552571429       7.429041010000000E-002
  0.987597250285714       7.429041010000000E-002
  0.988557948000000       7.429041010000000E-002
  0.989518645714286       7.429041010000000E-002
  0.990479343428571       7.429041010000000E-002
  0.991440041142857       7.429041010000000E-002
  0.992400738857143       7.429041010000000E-002
  0.993361436571429       7.429041010000000E-002
  0.994322134285714       7.429041010000000E-002
  0.995282832000000       7.429041010000000E-002
  0.996243529714286       7.429041010000000E-002
  0.997204227428571       7.429041010000000E-002
  0.998164925142857       7.429041010000000E-002
  0.999125622857143       7.429041010000000E-002
   1.00008632057143       7.429041010000000E-002
   1.00104701828571       7.429041010000000E-002
   1.00200771600000       7.429041010000000E-002
   1.00296841371429       7.429041010000000E-002
   1.00392911142857       7.429041010000000E-002
   1.00488980914286       7.429041010000000E-002
   1.00585050685714       7.429041010000000E-002
   1.00681120457143       7.429041010000000E-002
   1.00777190228571       7.429041010000000E-002
   1.00873260000000       7.429041010000000E-002
   1.00969329771429       7.429041010000000E-002
   1.01065399542857       7.429041010000000E-002
   1.01161469314286       7.429041010000000E-002
   1.01257539085714       7.429041010000000E-002
   1.01353608857143       7.429041010000000E-002
   1.01449678628571       7.429041010000000E-002
   1.01545748400000       7.429041010000000E-002
   1.01641818171429       7.429041010000000E-002
   1.01737887942857       7.429041010000000E-002
   1.01833957714286       7.429041010000000E-002
   1.01930027485714       7.429041010000000E-002
   1.02026097257143       7.429041010000000E-002
   1.02122167028571       7.429041010000000E-002
   1.02218236800000       7.429041010000000E-002
   1.02314306571429       7.429041010000000E-002
   1.02410376342857       7.429041010000000E-002
   1.02506446114286       7.429041010000000E-002
   1.02602515885714       7.429041010000000E-002
   1.02698585657143       7.429041010000000E-002
   1.02794655428571       7.429041010000000E-002
   1.02890725200000       7.429041010000000E-002
   1.02986794971429       7.429041010000000E-002
   1.03082864742857       7.429041010000000E-002
   1.03178934514286       7.429041010000000E-002
   1.03275004285714       7.429041010000000E-002
   1.03371074057143       7.429041010000000E-002
   1.03467143828571       7.429041010000000E-002
   1.03563213600000       7.429041010000000E-002
   1.03659283371429       7.429041010000000E-002
   1.03755353142857       7.429041010000000E-002
   1.03851422914286       7.429041010000000E-002
   1.03947492685714       7.429041010000000E-002
   1.04043562457143       7.429041010000000E-002
   1.04139632228571       7.429041010000000E-002
   1.04235702000000       7.429041010000000E-002
   1.04331771771429       7.429041010000000E-002
   1.04427841542857       7.429041010000000E-002
   1.04523911314286       7.429041010000000E-002
   1.04619981085714       7.429041010000000E-002
   1.04716050857143       7.429041010000000E-002
   1.04812120628571       7.429041010000000E-002
   1.04908190400000       7.429041010000000E-002
   1.05004260171429       7.429041010000000E-002
   1.05100329942857       7.429041010000000E-002
   1.05196399714286       7.429041010000000E-002
   1.05292469485714       7.429041010000000E-002
   1.05388539257143       7.429041010000000E-002
   1.05484609028571       7.429041010000000E-002
   1.05580678800000       7.429041010000000E-002
   1.05676748571429       7.429041010000000E-002
   1.05772818342857       7.429041010000000E-002
   1.05868888114286       7.429041010000000E-002
   1.05964957885714       7.429041010000000E-002
   1.06061027657143       7.429041010000000E-002
   1.06157097428571       7.429041010000000E-002
   1.06253167200000       7.429041010000000E-002
   1.06349236971429       7.429041010000000E-002
   1.06445306742857       7.429041010000000E-002
   1.06541376514286       7.429041010000000E-002
   1.06637446285714       7.429041010000000E-002
   1.06733516057143       7.429041010000000E-002
   1.06829585828571       7.429041010000000E-002
   1.06925655600000       7.429041010000000E-002
   1.07021725371429       7.429041010000000E-002
   1.07117795142857       7.429041010000000E-002
   1.07213864914286       7.429041010000000E-002
   1.07309934685714       7.429041010000000E-002
   1.07406004457143       7.429041010000000E-002
   1.07502074228571       7.429041010000000E-002
   1.07598144000000       7.429041010000000E-002
   1.07694213771429       7.429041010000000E-002
   1.07790283542857       7.429041010000000E-002
   1.07886353314286       7.429041010000000E-002
   1.07982423085714       7.429041010000000E-002
   1.08078492857143       7.429041010000000E-002
   1.08174562628571       7.429041010000000E-002
   1.08270632400000       7.429041010000000E-002
   1.08366702171429       7.429041010000000E-002
   1.08462771942857       7.429041010000000E-002
   1.08558841714286       7.429041010000000E-002
   1.08654911485714       7.429041010000000E-002
   1.08750981257143       7.429041010000000E-002
   1.08847051028571       7.429041010000000E-002
   1.08943120800000       7.429041010000000E-002
   1.09039190571429       7.429041010000000E-002
   1.09135260342857       7.429041010000000E-002
   1.09231330114286       7.429041010000000E-002
   1.09327399885714       7.429041010000000E-002
   1.09423469657143       7.429041010000000E-002
   1.09519539428571       7.429041010000000E-002
   1.09615609200000       7.429041010000000E-002
   1.09711678971429       7.429041010000000E-002
   1.09807748742857       7.429041010000000E-002
   1.09903818514286       7.429041010000000E-002
   1.09999888285714       7.429041010000000E-002
   1.10095958057143       7.429041010000000E-002
   1.10192027828571       7.429041010000000E-002
   1.10288097600000       7.429041010000000E-002
   1.10384167371429       7.429041010000000E-002
   1.10480237142857       7.429041010000000E-002
   1.10576306914286       7.429041010000000E-002
   1.10672376685714       7.429041010000000E-002
   1.10768446457143       7.429041010000000E-002
   1.10864516228571       7.429041010000000E-002
   1.10960586000000       7.429041010000000E-002
   1.11056655771429       7.429041010000000E-002
   1.11152725542857       7.429041010000000E-002
   1.11248795314286       7.429041010000000E-002
   1.11344865085714       7.429041010000000E-002
   1.11440934857143       7.429041010000000E-002
   1.11537004628571       7.429041010000000E-002
   1.11633074400000       7.429041010000000E-002
   1.11729144171429       7.429041010000000E-002
   1.11825213942857       7.429041010000000E-002
   1.11921283714286       7.429041010000000E-002
   1.12017353485714       7.429041010000000E-002
   1.12113423257143       7.429041010000000E-002
   1.12209493028571       7.429041010000000E-002
   1.12305562800000       7.429041010000000E-002
   1.12401632571429       7.429041010000000E-002
   1.12497702342857       7.429041010000000E-002
   1.12593772114286       7.429041010000000E-002
   1.12689841885714       7.429041010000000E-002
   1.12785911657143       7.429041010000000E-002
   1.12881981428571       7.429041010000000E-002
   1.12978051200000       7.429041010000000E-002
   1.13074120971429       7.429041010000000E-002
   1.13170190742857       7.429041010000000E-002
   1.13266260514286       7.429041010000000E-002
   1.13362330285714       7.429041010000000E-002
   1.13458400057143       7.429041010000000E-002
   1.13554469828571       7.429041010000000E-002
   1.13650539600000       7.429041010000000E-002
   1.13746609371429       7.429041010000000E-002
   1.13842679142857       7.429041010000000E-002
   1.13938748914286       7.429041010000000E-002
   1.14034818685714       7.429041010000000E-002
   1.14130888457143       7.429041010000000E-002
   1.14226958228571       7.429041010000000E-002
   1.14323028000000       7.429041010000000E-002
   1.14419097771429       7.429041010000000E-002
   1.14515167542857       7.429041010000000E-002
   1.14611237314286       7.429041010000000E-002
   1.14707307085714       7.429041010000000E-002
   1.14803376857143       7.429041010000000E-002
   1.14899446628571       7.429041010000000E-002
   1.14995516400000       7.429041010000000E-002
   1.15091586171429       7.429041010000000E-002
   1.15187655942857       7.429041010000000E-002
   1.15283725714286       7.429041010000000E-002
   1.15379795485714       7.429041010000000E-002
   1.15475865257143       7.429041010000000E-002
   1.15571935028571       7.429041010000000E-002
   1.15668004800000       7.429041010000000E-002
   1.15764074571429       7.429041010000000E-002
   1.15860144342857       7.429041010000000E-002
   1.15956214114286       7.429041010000000E-002
   1.16052283885714       7.429041010000000E-002
   1.16148353657143       7.429041010000000E-002
   1.16244423428571       7.429041010000000E-002
   1.16340493200000       7.429041010000000E-002
   1.16436562971429       7.429041010000000E-002
   1.16532632742857       7.429041010000000E-002
   1.16628702514286       7.429041010000000E-002
   1.16724772285714       7.429041010000000E-002
   1.16820842057143       7.429041010000000E-002
   1.16916911828571       7.429041010000000E-002
   1.17012981600000       7.429041010000000E-002
   1.17109051371429       7.429041010000000E-002
   1.17205121142857       7.429041010000000E-002
   1.17301190914286       7.429041010000000E-002
   1.17397260685714       7.429041010000000E-002
   1.17493330457143       7.429041010000000E-002
   1.17589400228571       7.429041010000000E-002
   1.17685470000000       7.429041010000000E-002
   1.17781539771429       7.429041010000000E-002
   1.17877609542857       7.429041010000000E-002
   1.17973679314286       7.429041010000000E-002
   1.18069749085714       7.429041010000000E-002
   1.18165818857143       7.429041010000000E-002
   1.18261888628571       7.429041010000000E-002
   1.18357958400000       7.429041010000000E-002
   1.18454028171429       7.429041010000000E-002
   1.18550097942857       7.429041010000000E-002
   1.18646167714286       7.429041010000000E-002
   1.18742237485714       7.429041010000000E-002
   1.18838307257143       7.429041010000000E-002
   1.18934377028571       7.429041010000000E-002
   1.19030446800000       7.429041010000000E-002
   1.19126516571429       7.429041010000000E-002
   1.19222586342857       7.429041010000000E-002
   1.19318656114286       7.429041010000000E-002
   1.19414725885714       7.429041010000000E-002
   1.19510795657143       7.429041010000000E-002
   1.19606865428571       7.429041010000000E-002
   1.19702935200000       7.429041010000000E-002
   1.19799004971429       7.429041010000000E-002
   1.19895074742857       7.429041010000000E-002
   1.19991144514286       7.429041010000000E-002
   1.20087214285714       7.429041010000000E-002
   1.20183284057143       7.429041010000000E-002
   1.20279353828571       7.429041010000000E-002
   1.20375423600000       7.429041010000000E-002
   1.20471493371429       7.429041010000000E-002
   1.20567563142857       7.429041010000000E-002
   1.20663632914286       7.429041010000000E-002
   1.20759702685714       7.429041010000000E-002
   1.20855772457143       7.429041010000000E-002
   1.20951842228571       7.429041010000000E-002
   1.21047912000000       7.429041010000000E-002
   1.21143981771429       7.429041010000000E-002
   1.21240051542857       7.429041010000000E-002
   1.21336121314286       7.429041010000000E-002
   1.21432191085714       7.429041010000000E-002
   1.21528260857143       7.429041010000000E-002
   1.21624330628571       7.429041010000000E-002
   1.21720400400000       7.429041010000000E-002
   1.21816470171429       7.429041010000000E-002
   1.21912539942857       7.429041010000000E-002
   1.22008609714286       7.429041010000000E-002
   1.22104679485714       7.429041010000000E-002
   1.22200749257143       7.429041010000000E-002
   1.22296819028571       7.429041010000000E-002
   1.22392888800000       7.429041010000000E-002
   1.22488958571429       7.429041010000000E-002
   1.22585028342857       7.429041010000000E-002
   1.22681098114286       7.429041010000000E-002
   1.22777167885714       7.429041010000000E-002
   1.22873237657143       7.429041010000000E-002
   1.22969307428571       7.429041010000000E-002
   1.23065377200000       7.429041010000000E-002
   1.23161446971429       7.429041010000000E-002
   1.23257516742857       7.429041010000000E-002
   1.23353586514286       7.429041010000000E-002
   1.23449656285714       7.429041010000000E-002
   1.23545726057143       7.429041010000000E-002
   1.23641795828571       7.429041010000000E-002
   1.23737865600000       7.429041010000000E-002
   1.23833935371429       7.429041010000000E-002
   1.23930005142857       7.429041010000000E-002
   1.24026074914286       7.429041010000000E-002
   1.24122144685714       7.429041010000000E-002
   1.24218214457143       7.429041010000000E-002
   1.24314284228571       7.429041010000000E-002
   1.24410354000000       7.429041010000000E-002
   1.24506423771429       7.429041010000000E-002
   1.24602493542857       7.429041010000000E-002
   1.24698563314286       7.429041010000000E-002
   1.24794633085714       7.429041010000000E-002
   1.24890702857143       7.429041010000000E-002
   1.24986772628571       7.429041010000000E-002
   1.25082842400000       7.429041010000000E-002
   1.25178912171429       7.429041010000000E-002
   1.25274981942857       7.429041010000000E-002
   1.25371051714286       7.429041010000000E-002
   1.25467121485714       7.429041010000000E-002
   1.25563191257143       7.429041010000000E-002
   1.25659261028571       7.429041010000000E-002
   1.25755330800000       7.429041010000000E-002
   1.25851400571429       7.429041010000000E-002
   1.25947470342857       7.429041010000000E-002
   1.26043540114286       7.429041010000000E-002
   1.26139609885714       7.429041010000000E-002
   1.26235679657143       7.429041010000000E-002
   1.26331749428571       7.429041010000000E-002
   1.26427819200000       7.429041010000000E-002
   1.26523888971429       7.429041010000000E-002
   1.26619958742857       7.429041010000000E-002
   1.26716028514286       7.429041010000000E-002
   1.26812098285714       7.429041010000000E-002
   1.26908168057143       7.429041010000000E-002
   1.27004237828571       7.429041010000000E-002
   1.27100307600000       7.429041010000000E-002
   1.27196377371429       7.429041010000000E-002
   1.27292447142857       7.429041010000000E-002
   1.27388516914286       7.429041010000000E-002
   1.27484586685714       7.429041010000000E-002
   1.27580656457143       7.429041010000000E-002
   1.27676726228571       7.429041010000000E-002
   1.27772796000000       7.429041010000000E-002
   1.27868865771429       7.429041010000000E-002
   1.27964935542857       7.429041010000000E-002
   1.28061005314286       7.429041010000000E-002
   1.28157075085714       7.429041010000000E-002
   1.28253144857143       7.429041010000000E-002
   1.28349214628571       7.429041010000000E-002
   1.28445284400000       7.429041010000000E-002
   1.28541354171429       7.429041010000000E-002
   1.28637423942857       7.429041010000000E-002
   1.28733493714286       7.429041010000000E-002
   1.28829563485714       7.429041010000000E-002
   1.28925633257143       7.429041010000000E-002
   1.29021703028571       7.429041010000000E-002
   1.29117772800000       7.429041010000000E-002
   1.29213842571429       7.429041010000000E-002
   1.29309912342857       7.429041010000000E-002
   1.29405982114286       7.429041010000000E-002
   1.29502051885714       7.429041010000000E-002
   1.29598121657143       7.429041010000000E-002
   1.29694191428571       7.429041010000000E-002
   1.29790261200000       7.429041010000000E-002
   1.29886330971429       7.429041010000000E-002
   1.29982400742857       7.429041010000000E-002
   1.30078470514286       7.429041010000000E-002
   1.30174540285714       7.429041010000000E-002
   1.30270610057143       7.429041010000000E-002
   1.30366679828571       7.429041010000000E-002
   1.30462749600000       7.429041010000000E-002
   1.30558819371429       7.429041010000000E-002
   1.30654889142857       7.429041010000000E-002
   1.30750958914286       7.429041010000000E-002
   1.30847028685714       7.429041010000000E-002
   1.30943098457143       7.429041010000000E-002
   1.31039168228571       7.429041010000000E-002
   1.31135238000000       7.429041010000000E-002
   1.31231307771429       7.429041010000000E-002
   1.31327377542857       7.429041010000000E-002
   1.31423447314286       7.429041010000000E-002
   1.31519517085714       7.429041010000000E-002
   1.31615586857143       7.429041010000000E-002
   1.31711656628571       7.429041010000000E-002
   1.31807726400000       7.429041010000000E-002
   1.31903796171429       7.429041010000000E-002
   1.31999865942857       7.429041010000000E-002
   1.32095935714286       7.429041010000000E-002
   1.32192005485714       7.429041010000000E-002
   1.32288075257143       7.429041010000000E-002
   1.32384145028571       7.429041010000000E-002
   1.32480214800000       7.429041010000000E-002
   1.32576284571429       7.429041010000000E-002
   1.32672354342857       7.429041010000000E-002
   1.32768424114286       7.429041010000000E-002
   1.32864493885714       7.429041010000000E-002
   1.32960563657143       7.429041010000000E-002
   1.33056633428571       7.429041010000000E-002
   1.33152703200000       7.429041010000000E-002
   1.33248772971429       7.429041010000000E-002
   1.33344842742857       7.429041010000000E-002
   1.33440912514286       7.429041010000000E-002
   1.33536982285714       7.429041010000000E-002
   1.33633052057143       7.429041010000000E-002
   1.33729121828571       7.429041010000000E-002
   1.33825191600000       7.429041010000000E-002
   1.33921261371429       7.429041010000000E-002
   1.34017331142857       7.429041010000000E-002
   1.34113400914286       7.429041010000000E-002
   1.34209470685714       7.429041010000000E-002
   1.34305540457143       7.429041010000000E-002
   1.34401610228571       7.429041010000000E-002
   1.34497680000000       7.429041010000000E-002
   1.34593749771429       7.429041010000000E-002
   1.34689819542857       7.429041010000000E-002
   1.34785889314286       7.429041010000000E-002
   1.34881959085714       7.429041010000000E-002
   1.34978028857143       7.429041010000000E-002
   1.35074098628571       7.429041010000000E-002
   1.35170168400000       7.429041010000000E-002
   1.35266238171429       7.429041010000000E-002
   1.35362307942857       7.429041010000000E-002
   1.35458377714286       7.429041010000000E-002
   1.35554447485714       7.429041010000000E-002
   1.35650517257143       7.429041010000000E-002
   1.35746587028571       7.429041010000000E-002
   1.35842656800000       7.429041010000000E-002
   1.35938726571429       7.429041010000000E-002
   1.36034796342857       7.429041010000000E-002
   1.36130866114286       7.429041010000000E-002
   1.36226935885714       7.429041010000000E-002
   1.36323005657143       7.429041010000000E-002
   1.36419075428571       7.429041010000000E-002
   1.36515145200000       7.429041010000000E-002
   1.36611214971429       7.429041010000000E-002
   1.36707284742857       7.429041010000000E-002
   1.36803354514286       7.429041010000000E-002
   1.36899424285714       7.429041010000000E-002
   1.36995494057143       7.429041010000000E-002
   1.37091563828571       7.429041010000000E-002
   1.37187633600000       7.429041010000000E-002
   1.37283703371429       7.429041010000000E-002
   1.37379773142857       7.429041010000000E-002
   1.37475842914286       7.429041010000000E-002
   1.37571912685714       7.429041010000000E-002
   1.37667982457143       7.429041010000000E-002
   1.37764052228571       7.429041010000000E-002
   1.37860122000000       7.429041010000000E-002
   1.37956191771429       7.429041010000000E-002
   1.38052261542857       7.429041010000000E-002
   1.38148331314286       7.429041010000000E-002
   1.38244401085714       7.429041010000000E-002
   1.38340470857143       7.429041010000000E-002
   1.38436540628571       7.429041010000000E-002
   1.38532610400000       7.429041010000000E-002
   1.38628680171429       7.429041010000000E-002
   1.38724749942857       7.429041010000000E-002
   1.38820819714286       7.429041010000000E-002
   1.38916889485714       7.429041010000000E-002
   1.39012959257143       7.429041010000000E-002
   1.39109029028571       7.429041010000000E-002
   1.39205098800000       7.429041010000000E-002
   1.39301168571429       7.429041010000000E-002
   1.39397238342857       7.429041010000000E-002
   1.39493308114286       7.429041010000000E-002
   1.39589377885714       7.429041010000000E-002
   1.39685447657143       7.429041010000000E-002
   1.39781517428571       7.429041010000000E-002
   1.39877587200000       7.429041010000000E-002
   1.39973656971429       7.429041010000000E-002
   1.40069726742857       7.429041010000000E-002
   1.40165796514286       7.429041010000000E-002
   1.40261866285714       7.429041010000000E-002
   1.40357936057143       7.429041010000000E-002
   1.40454005828571       7.429041010000000E-002
   1.40550075600000       7.429041010000000E-002
   1.40646145371429       7.429041010000000E-002
   1.40742215142857       7.429041010000000E-002
   1.40838284914286       7.429041010000000E-002
   1.40934354685714       7.429041010000000E-002
   1.41030424457143       7.429041010000000E-002
   1.41126494228571       7.429041010000000E-002
   1.41222564000000       7.429041010000000E-002
   1.41318633771429       7.429041010000000E-002
   1.41414703542857       7.429041010000000E-002
   1.41510773314286       7.429041010000000E-002
   1.41606843085714       7.429041010000000E-002
   1.41702912857143       7.429041010000000E-002
   1.41798982628571       7.429041010000000E-002
   1.41895052400000       7.429041010000000E-002
   1.41991122171429       7.429041010000000E-002
   1.42087191942857       7.429041010000000E-002
   1.42183261714286       7.429041010000000E-002
   1.42279331485714       7.429041010000000E-002
   1.42375401257143       7.429041010000000E-002
   1.42471471028571       7.429041010000000E-002
   1.42567540800000       7.429041010000000E-002
   1.42663610571429       7.429041010000000E-002
   1.42759680342857       7.429041010000000E-002
   1.42855750114286       7.429041010000000E-002
   1.42951819885714       7.429041010000000E-002
   1.43047889657143       7.429041010000000E-002
   1.43143959428571       7.429041010000000E-002
   1.43240029200000       7.429041010000000E-002
   1.43336098971429       7.429041010000000E-002
   1.43432168742857       7.429041010000000E-002
   1.43528238514286       7.429041010000000E-002
   1.43624308285714       7.429041010000000E-002
   1.43720378057143       7.429041010000000E-002
   1.43816447828571       7.429041010000000E-002
   1.43912517600000       7.429041010000000E-002
   1.44008587371429       7.429041010000000E-002
   1.44104657142857       7.429041010000000E-002
   1.44200726914286       7.429041010000000E-002
   1.44296796685714       7.429041010000000E-002
   1.44392866457143       7.429041010000000E-002
   1.44488936228571       7.429041010000000E-002
   1.44585006000000       7.429041010000000E-002
   1.44681075771429       7.429041010000000E-002
   1.44777145542857       7.429041010000000E-002
   1.44873215314286       7.429041010000000E-002
   1.44969285085714       7.429041010000000E-002
   1.45065354857143       7.429041010000000E-002
   1.45161424628571       7.429041010000000E-002
   1.45257494400000       7.429041010000000E-002
   1.45353564171429       7.429041010000000E-002
   1.45449633942857       7.429041010000000E-002
   1.45545703714286       7.429041010000000E-002
   1.45641773485714       7.429041010000000E-002
   1.45737843257143       7.429041010000000E-002
   1.45833913028571       7.429041010000000E-002
   1.45929982800000       7.429041010000000E-002
   1.46026052571429       7.429041010000000E-002
   1.46122122342857       7.429041010000000E-002
   1.46218192114286       7.429041010000000E-002
   1.46314261885714       7.429041010000000E-002
   1.46410331657143       7.429041010000000E-002
   1.46506401428571       7.429041010000000E-002
   1.46602471200000       7.429041010000000E-002
   1.46698540971429       7.429041010000000E-002
   1.46794610742857       7.429041010000000E-002
   1.46890680514286       7.429041010000000E-002
   1.46986750285714       7.429041010000000E-002
   1.47082820057143       7.429041010000000E-002
   1.47178889828571       7.429041010000000E-002
   1.47274959600000       7.429041010000000E-002
   1.47371029371429       7.429041010000000E-002
   1.47467099142857       7.429041010000000E-002
   1.47563168914286       7.429041010000000E-002
   1.47659238685714       7.429041010000000E-002
   1.47755308457143       7.429041010000000E-002
   1.47851378228571       7.429041010000000E-002
   1.47947448000000       7.429041010000000E-002
   1.48043517771429       7.429041010000000E-002
   1.48139587542857       7.429041010000000E-002
   1.48235657314286       7.429041010000000E-002
   1.48331727085714       7.429041010000000E-002
   1.48427796857143       7.429041010000000E-002
   1.48523866628571       7.429041010000000E-002
   1.48619936400000       7.429041010000000E-002
   1.48716006171429       7.429041010000000E-002
   1.48812075942857       7.429041010000000E-002
   1.48908145714286       7.429041010000000E-002
   1.49004215485714       7.429041010000000E-002
   1.49100285257143       7.429041010000000E-002
   1.49196355028571       7.429041010000000E-002
   1.49292424800000       7.429041010000000E-002
   1.49388494571429       7.429041010000000E-002
   1.49484564342857       7.429041010000000E-002
   1.49580634114286       7.429041010000000E-002
   1.49676703885714       7.429041010000000E-002
   1.49772773657143       7.429041010000000E-002
   1.49868843428571       7.429041010000000E-002
   1.49964913200000       7.429041010000000E-002
   1.50060982971429       7.429041010000000E-002
   1.50157052742857       7.428633078067365E-002
   1.50253122514286       7.427886972433848E-002
   1.50349192285714       7.427140332192594E-002
   1.50445262057143       7.426393156895929E-002
   1.50541331828571       7.425645446497955E-002
   1.50637401600000       7.424897200000628E-002
   1.50733471371429       7.424148416812595E-002
   1.50829541142857       7.423399097841236E-002
   1.50925610914286       7.422649241291342E-002
   1.51021680685714       7.421898847944663E-002
   1.51117750457143       7.421147917524887E-002
   1.51213820228571       7.420396447904198E-002
   1.51309890000000       7.419644440408189E-002
   1.51405959771429       7.418891893945621E-002
   1.51502029542857       7.418138807962191E-002
   1.51598099314286       7.417385183304170E-002
   1.51694169085714       7.416631018323812E-002
   1.51790238857143       7.415876313193240E-002
   1.51886308628571       7.415121067055452E-002
   1.51982378400000       7.414365279999763E-002
   1.52078448171429       7.413608951162962E-002
   1.52174517942857       7.412852080525099E-002
   1.52270587714286       7.412094668187290E-002
   1.52366657485714       7.411336713526043E-002
   1.52462727257143       7.410578215560942E-002
   1.52558797028571       7.409819174215050E-002
   1.52654866800000       7.409059588872359E-002
   1.52750936571429       7.408299459594211E-002
   1.52847006342857       7.407538786488899E-002
   1.52943076114286       7.406777568049638E-002
   1.53039145885714       7.406015804386074E-002
   1.53135215657143       7.405253494689608E-002
   1.53231285428571       7.404490639919384E-002
   1.53327355200000       7.403727238361968E-002
   1.53423424971429       7.402963289882415E-002
   1.53519494742857       7.402198794689291E-002
   1.53615564514286       7.401433752006584E-002
   1.53711634285714       7.400668161641052E-002
   1.53807704057143       7.399902023248338E-002
   1.53903773828571       7.399135335897904E-002
   1.53999843600000       7.398368098963685E-002
   1.54095913371429       7.397600313022537E-002
   1.54191983142857       7.396831978248385E-002
   1.54288052914286       7.396063092226479E-002
   1.54384122685714       7.395293656063320E-002
   1.54480192457143       7.394523668817622E-002
   1.54576262228571       7.393753130560481E-002
   1.54672332000000       7.392982040497861E-002
   1.54768401771429       7.392210398574145E-002
   1.54864471542857       7.391438204164333E-002
   1.54960541314286       7.390665456997141E-002
   1.55056611085714       7.389892156718336E-002
   1.55152680857143       7.389118302680517E-002
   1.55248750628571       7.388343895177275E-002
   1.55344820400000       7.387568933774481E-002
   1.55440890171429       7.386793416901295E-002
   1.55536959942857       7.386017344767053E-002
   1.55633029714286       7.385240717382008E-002
   1.55729099485714       7.384463533755160E-002
   1.55825169257143       7.383685795036909E-002
   1.55921239028571       7.382907498800370E-002
   1.56017308800000       7.382128645889395E-002
   1.56113378571429       7.381349236180484E-002
   1.56209448342857       7.380569267832507E-002
   1.56305518114286       7.379788741209807E-002
   1.56401587885714       7.379007656581503E-002
   1.56497657657143       7.378226013227870E-002
   1.56593727428571       7.377443811035374E-002
   1.56689797200000       7.376661048315140E-002
   1.56785866971429       7.375877725223010E-002
   1.56881936742857       7.375093842709907E-002
   1.56978006514286       7.374309399119307E-002
   1.57074076285714       7.373524394330465E-002
   1.57170146057143       7.372738827737807E-002
   1.57266215828571       7.371952698982000E-002
   1.57362285600000       7.371166008263777E-002
   1.57458355371429       7.370378755199966E-002
   1.57554425142857       7.369590938814179E-002
   1.57650494914286       7.368802558675841E-002
   1.57746564685714       7.368013614624112E-002
   1.57842634457143       7.367224105991797E-002
   1.57938704228571       7.366434033663601E-002
   1.58034774000000       7.365643395861526E-002
   1.58130843771429       7.364852192693408E-002
   1.58226913542857       7.364060423224499E-002
   1.58322983314286       7.363268088293326E-002
   1.58419053085714       7.362475186809934E-002
   1.58515122857143       7.361681718147246E-002
   1.58611192628571       7.360887681863926E-002
   1.58707262400000       7.360093077966881E-002
   1.58803332171429       7.359297906581035E-002
   1.58899401942857       7.358502166195099E-002
   1.58995471714286       7.357705856919060E-002
   1.59091541485714       7.356908977945045E-002
   1.59187611257143       7.356111530234669E-002
   1.59283681028571       7.355313512044485E-002
   1.59379750800000       7.354514923412166E-002
   1.59475820571429       7.353715763449556E-002
   1.59571890342857       7.352916032885624E-002
   1.59667960114286       7.352115730857876E-002
   1.59764029885714       7.351314856399617E-002
   1.59860099657143       7.350513409855304E-002
   1.59956169428571       7.349711390915831E-002
   1.60052239200000       7.348908798563882E-002
   1.60148308971429       7.348105632429633E-002
   1.60244378742857       7.347301893233230E-002
   1.60340448514286       7.346497579199784E-002
   1.60436518285714       7.345692690495152E-002
   1.60532588057143       7.344887226158717E-002
   1.60628657828571       7.344081187108177E-002
   1.60724727600000       7.343274572121218E-002
   1.60820797371429       7.342467380464997E-002
   1.60916867142857       7.341659612712510E-002
   1.61012936914286       7.340851267479429E-002
   1.61109006685714       7.340042344775816E-002
   1.61205076457143       7.339232845182544E-002
   1.61301146228571       7.338422766428954E-002
   1.61397216000000       7.337612109676178E-002
   1.61493285771429       7.336800873852790E-002
   1.61589355542857       7.335989058161654E-002
   1.61685425314286       7.335176663600525E-002
   1.61781495085714       7.334363688616204E-002
   1.61877564857143       7.333550132856252E-002
   1.61973634628571       7.332735996559953E-002
   1.62069704400000       7.331921279187384E-002
   1.62165774171429       7.331105979807277E-002
   1.62261843942857       7.330290097991181E-002
   1.62357913714286       7.329473633899114E-002
   1.62453983485714       7.328656587328132E-002
   1.62550053257143       7.327838957378538E-002
   1.62646123028571       7.327020743342748E-002
   1.62742192800000       7.326201945277085E-002
   1.62838262571429       7.325382563211744E-002
   1.62934332342857       7.324562596453474E-002
   1.63030402114286       7.323742043921183E-002
   1.63126471885714       7.322920906470998E-002
   1.63222541657143       7.322099183109984E-002
   1.63318611428571       7.321276873071592E-002
   1.63414681200000       7.320453976157126E-002
   1.63510750971429       7.319630491690381E-002
   1.63606820742857       7.318806419880208E-002
   1.63702890514286       7.317981760551120E-002
   1.63798960285714       7.317156512824040E-002
   1.63895030057143       7.316330675954848E-002
   1.63991099828571       7.315504249974206E-002
   1.64087169600000       7.314677234941756E-002
   1.64183239371429       7.313849630171297E-002
   1.64279309142857       7.313021434705164E-002
   1.64375378914286       7.312192648541288E-002
   1.64471448685714       7.311363270960466E-002
   1.64567518457143       7.310533302185238E-002
   1.64663588228571       7.309702742240130E-002
   1.64759658000000       7.308871589154371E-002
   1.64855727771429       7.308039843141539E-002
   1.64951797542857       7.307207505407766E-002
   1.65047867314286       7.306374573274796E-002
   1.65143937085714       7.305541046990513E-002
   1.65240006857143       7.304706926530970E-002
   1.65336076628571       7.303872211913459E-002
   1.65432146400000       7.303036902702195E-002
   1.65528216171429       7.302200996917188E-002
   1.65624285942857       7.301364495549582E-002
   1.65720355714286       7.300527398513415E-002
   1.65816425485714       7.299689704450940E-002
   1.65912495257143       7.298851413886320E-002
   1.66008565028571       7.298012526208726E-002
   1.66104634800000       7.297173039949752E-002
   1.66200704571429       7.296332955319547E-002
   1.66296774342857       7.295492272277877E-002
   1.66392844114286       7.294650990929598E-002
   1.66488913885714       7.293809109602799E-002
   1.66584983657143       7.292966628132889E-002
   1.66681053428571       7.292123546529841E-002
   1.66777123200000       7.291279865079121E-002
   1.66873192971429       7.290435582432475E-002
   1.66969262742857       7.289590698371519E-002
   1.67065332514286       7.288745212931792E-002
   1.67161402285714       7.287899124591875E-002
   1.67257472057143       7.287052433726836E-002
   1.67353541828571       7.286205140141221E-002
   1.67449611600000       7.285357243030707E-002
   1.67545681371429       7.284508742470645E-002
   1.67641751142857       7.283659637725388E-002
   1.67737820914286       7.282809927737804E-002
   1.67833890685714       7.281959613477382E-002
   1.67929960457143       7.281108693615609E-002
   1.68026030228571       7.280257168288036E-002
   1.68122100000000       7.279405037063119E-002
   1.68218169771429       7.278552298845938E-002
   1.68314239542857       7.277698953493779E-002
   1.68410309314286       7.276845000582345E-002
   1.68506379085714       7.275990440738955E-002
   1.68602448857143       7.275135272182581E-002
   1.68698518628571       7.274279495091608E-002
   1.68794588400000       7.273423109608324E-002
   1.68890658171429       7.272566113799026E-002
   1.68986727942857       7.271708509387936E-002
   1.69082797714286       7.270850294687013E-002
   1.69178867485714       7.269991468644167E-002
   1.69274937257143       7.269132031584671E-002
   1.69371007028571       7.268271983492840E-002
   1.69467076800000       7.267411324075576E-002
   1.69563146571429       7.266550052519487E-002
   1.69659216342857       7.265688167879270E-002
   1.69755286114286       7.264825669764838E-002
   1.69851355885714       7.263962559812071E-002
   1.69947425657143       7.263098834364222E-002
   1.70043495428571       7.262234496164147E-002
   1.70139565200000       7.261369543126099E-002
   1.70235634971429       7.260503974553091E-002
   1.70331704742857       7.259637790860972E-002
   1.70427774514286       7.258770991315709E-002
   1.70523844285714       7.257903575625994E-002
   1.70619914057143       7.257035543476696E-002
   1.70715983828571       7.256166894253978E-002
   1.70812053600000       7.255297627962930E-002
   1.70908123371429       7.254427743613026E-002
   1.71004193142857       7.253557240570672E-002
   1.71100262914286       7.252686119764683E-002
   1.71196332685714       7.251814379483983E-002
   1.71292402457143       7.250942019601261E-002
   1.71388472228571       7.250069040285381E-002
   1.71484542000000       7.249195440920750E-002
   1.71580611771429       7.248321220583032E-002
   1.71676681542857       7.247446378936379E-002
   1.71772751314286       7.246570916146089E-002
   1.71868821085714       7.245694831928440E-002
   1.71964890857143       7.244818125338166E-002
   1.72060960628571       7.243940795794261E-002
   1.72157030400000       7.243062843304712E-002
   1.72253100171429       7.242184267013417E-002
   1.72349169942857       7.241305066931961E-002
   1.72445239714286       7.240425243282826E-002
   1.72541309485714       7.239544794290480E-002
   1.72637379257143       7.238663720586049E-002
   1.72733449028571       7.237782021314887E-002
   1.72829518800000       7.236899695354311E-002
   1.72925588571429       7.236016743848243E-002
   1.73021658342857       7.235133165975478E-002
   1.73117728114286       7.234248960056015E-002
   1.73213797885714       7.233364127031043E-002
   1.73309867657143       7.232478665911535E-002
   1.73405937428571       7.231592576819107E-002
   1.73502007200000       7.230705858910465E-002
   1.73598076971429       7.229818511354245E-002
   1.73694146742857       7.228930534090425E-002
   1.73790216514286       7.228041927220211E-002
   1.73886286285714       7.227152690241195E-002
   1.73982356057143       7.226262821945159E-002
   1.74078425828571       7.225372322994857E-002
   1.74174495600000       7.224481192396941E-002
   1.74270565371429       7.223589429126602E-002
   1.74366635142857       7.222697034158146E-002
   1.74462704914286       7.221804005191858E-002
   1.74558774685714       7.220910344159009E-002
   1.74654844457143       7.220016049149586E-002
   1.74750914228571       7.219121119336268E-002
   1.74846984000000       7.218225555578428E-002
   1.74943053771429       7.217329357474875E-002
   1.75039123542857       7.216432523209633E-002
   1.75135193314286       7.215535052872017E-002
   1.75231263085714       7.214636947277044E-002
   1.75327332857143       7.213738205273101E-002
   1.75423402628571       7.212838825893964E-002
   1.75519472400000       7.211938808978079E-002
   1.75615542171429       7.211038154078597E-002
   1.75711611942857       7.210136861774948E-002
   1.75807681714286       7.209234929499662E-002
   1.75903751485714       7.208332359198308E-002
   1.75999821257143       7.207429149220229E-002
   1.76095891028571       7.206525299292588E-002
   1.76191960800000       7.205620809789344E-002
   1.76288030571429       7.204715679307697E-002
   1.76384100342857       7.203809907128082E-002
   1.76480170114286       7.202903493589490E-002
   1.76576239885714       7.201996438183683E-002
   1.76672309657143       7.201088740393619E-002
   1.76768379428571       7.200180400088185E-002
   1.76864449200000       7.199271416554946E-002
   1.76960518971429       7.198361789771576E-002
   1.77056588742857       7.197451517979125E-002
   1.77152658514286       7.196540603102713E-002
   1.77248728285714       7.195629042851713E-002
   1.77344798057143       7.194716836515956E-002
   1.77440867828571       7.193803985508447E-002
   1.77536937600000       7.192890487816496E-002
   1.77633007371429       7.191976343502279E-002
   1.77729077142857       7.191061552975775E-002
   1.77825146914286       7.190146114908201E-002
   1.77921216685714       7.189230028996432E-002
   1.78017286457143       7.188313294044851E-002
   1.78113356228571       7.187395911774563E-002
   1.78209426000000       7.186477880283149E-002
   1.78305495771429       7.185559198836500E-002
   1.78401565542857       7.184639867401865E-002
   1.78497635314286       7.183719886119284E-002
   1.78593705085714       7.182799254179453E-002
   1.78689774857143       7.181877971566235E-002
   1.78785844628571       7.180956037257533E-002
   1.78881914400000       7.180033450124031E-002
   1.78977984171429       7.179110210974847E-002
   1.79074053942857       7.178186319905638E-002
   1.79170123714286       7.177261775069982E-002
   1.79266193485714       7.176336576136265E-002
   1.79362263257143       7.175410723888948E-002
   1.79458333028571       7.174484216521070E-002
   1.79554402800000       7.173557055051759E-002
   1.79650472571429       7.172629237911685E-002
   1.79746542342857       7.171700764932787E-002
   1.79842612114286       7.170771635358354E-002
   1.79938681885714       7.169841849692951E-002
   1.80034751657143       7.168911407400526E-002
   1.80130821428571       7.167980307382971E-002
   1.80226891200000       7.167048549602188E-002
   1.80322960971429       7.166116133318111E-002
   1.80419030742857       7.165183058585517E-002
   1.80515100514286       7.164249324473483E-002
   1.80611170285714       7.163314930216248E-002
   1.80707240057143       7.162379876730961E-002
   1.80803309828571       7.161444163296350E-002
   1.80899379600000       7.160507789116520E-002
   1.80995449371429       7.159570753282792E-002
   1.81091519142857       7.158633055758121E-002
   1.81187588914286       7.157694695804125E-002
   1.81283658685714       7.156755673804534E-002
   1.81379728457143       7.155815989079320E-002
   1.81475798228571       7.154875640279107E-002
   1.81571868000000       7.153934628637809E-002
   1.81667937771429       7.152992951703359E-002
   1.81764007542857       7.152050611420339E-002
   1.81860077314286       7.151107605037964E-002
   1.81956147085714       7.150163933471577E-002
   1.82052216857143       7.149219596001319E-002
   1.82148286628571       7.148274592679754E-002
   1.82244356400000       7.147328922084716E-002
   1.82340426171429       7.146382584172205E-002
   1.82436495942857       7.145435579234687E-002
   1.82532565714286       7.144487906107755E-002
   1.82628635485714       7.143539564397443E-002
   1.82724705257143       7.142590554050117E-002
   1.82820775028571       7.141640874090058E-002
   1.82916844800000       7.140690523879652E-002
   1.83012914571429       7.139739504350757E-002
   1.83108984342857       7.138787813772213E-002
   1.83205054114286       7.137835452133480E-002
   1.83301123885714       7.136882418758862E-002
   1.83397193657143       7.135928713311385E-002
   1.83493263428571       7.134974336203843E-002
   1.83589333200000       7.134019286125266E-002
   1.83685402971429       7.133063562739080E-002
   1.83781472742857       7.132107166200620E-002
   1.83877542514286       7.131150094930469E-002
   1.83973612285714       7.130192349272509E-002
   1.84069682057143       7.129233929095219E-002
   1.84165751828571       7.128274833568418E-002
   1.84261821600000       7.127315061889529E-002
   1.84357891371429       7.126354613996130E-002
   1.84453961142857       7.125393490139911E-002
   1.84550030914286       7.124431688839661E-002
   1.84646100685714       7.123469209531612E-002
   1.84742170457143       7.122506052480275E-002
   1.84838240228571       7.121542217297594E-002
   1.84934310000000       7.120577702908837E-002
   1.85030379771429       7.119612509211098E-002
   1.85126449542857       7.118646636699640E-002
   1.85222519314286       7.117680083511629E-002
   1.85318589085714       7.116712849087488E-002
   1.85414658857143       7.115744934321784E-002
   1.85510728628571       7.114776338411737E-002
   1.85606798400000       7.113807060617031E-002
   1.85702868171429       7.112837099882223E-002
   1.85798937942857       7.111866456988089E-002
   1.85895007714286       7.110895131064486E-002
   1.85991077485714       7.109923121256133E-002
   1.86087147257143       7.108950427385097E-002
   1.86183217028571       7.107977048842229E-002
   1.86279286800000       7.107002985538616E-002
   1.86375356571429       7.106028236694222E-002
   1.86471426342857       7.105052802389746E-002
   1.86567496114286       7.104076681769710E-002
   1.86663565885714       7.103099873900579E-002
   1.86759635657143       7.102122379946289E-002
   1.86855705428571       7.101144197366235E-002
   1.86951775200000       7.100165327248421E-002
   1.87047844971429       7.099185769027273E-002
   1.87143914742857       7.098205521994443E-002
   1.87239984514286       7.097224585204338E-002
   1.87336054285714       7.096242958463171E-002
   1.87432124057143       7.095260642459554E-002
   1.87528193828571       7.094277634930855E-002
   1.87624263600000       7.093293936887565E-002
   1.87720333371429       7.092309546505179E-002
   1.87816403142857       7.091324464792484E-002
   1.87912472914286       7.090338690982496E-002
   1.88008542685714       7.089352224269305E-002
   1.88104612457143       7.088365063808928E-002
   1.88200682228571       7.087377209362218E-002
   1.88296752000000       7.086388661096740E-002
   1.88392821771429       7.085399418604667E-002
   1.88488891542857       7.084409480922498E-002
   1.88584961314286       7.083418847598019E-002
   1.88681031085714       7.082427518593506E-002
   1.88777100857143       7.081435492929598E-002
   1.88873170628571       7.080442769968776E-002
   1.88969240400000       7.079449350643424E-002
   1.89065310171429       7.078455233220426E-002
   1.89161379942857       7.077460417701975E-002
   1.89257449714286       7.076464903352493E-002
   1.89353519485714       7.075468690076721E-002
   1.89449589257143       7.074471777251100E-002
   1.89545659028571       7.073474164725307E-002
   1.89641728800000       7.072475851586821E-002
   1.89737798571429       7.071476837055329E-002
   1.89833868342857       7.070477121799001E-002
   1.89929938114286       7.069476704955834E-002
   1.90026007885714       7.068475586522369E-002
   1.90122077657143       7.067473764792087E-002
   1.90218147428571       7.066471239919610E-002
   1.90314217200000       7.065468010950977E-002
   1.90410286971429       7.064464078767380E-002
   1.90506356742857       7.063459442299658E-002
   1.90602426514286       7.062454100080956E-002
   1.90698496285714       7.061448052642225E-002
   1.90794566057143       7.060441300090609E-002
   1.90890635828571       7.059433841427973E-002
   1.90986705600000       7.058425675896118E-002
   1.91082775371429       7.057416802829210E-002
   1.91178845142857       7.056407222385545E-002
   1.91274914914286       7.055396934477644E-002
   1.91370984685714       7.054385937416463E-002
   1.91467054457143       7.053374231191466E-002
   1.91563124228571       7.052361815959877E-002
   1.91659194000000       7.051348690869497E-002
   1.91755263771429       7.050334855963453E-002
   1.91851333542857       7.049320310086940E-002
   1.91947403314286       7.048305052368517E-002
   1.92043473085714       7.047289083012404E-002
   1.92139542857143       7.046272402084466E-002
   1.92235612628571       7.045255009215233E-002
   1.92331682400000       7.044236902683333E-002
   1.92427752171429       7.043218081967738E-002
   1.92523821942857       7.042198547950640E-002
   1.92619891714286       7.041178299820772E-002
   1.92715961485714       7.040157336646524E-002
   1.92812031257143       7.039135658638004E-002
   1.92908101028571       7.038113264217216E-002
   1.93004170800000       7.037090153546775E-002
   1.93100240571429       7.036066326730897E-002
   1.93196310342857       7.035041782793809E-002
   1.93292380114286       7.034016520821099E-002
   1.93388449885714       7.032990540650913E-002
   1.93484519657143       7.031963842757744E-002
   1.93580589428571       7.030936425433841E-002
   1.93676659200000       7.029908288870240E-002
   1.93772728971429       7.028879432174445E-002
   1.93868798742857       7.027849855437195E-002
   1.93964868514286       7.026819557808540E-002
   1.94060938285714       7.025788539409060E-002
   1.94157008057143       7.024756798804581E-002
   1.94253077828571       7.023724335899893E-002
   1.94349147600000       7.022691151186600E-002
   1.94445217371429       7.021657242829035E-002
   1.94541287142857       7.020622610602054E-002
   1.94637356914286       7.019587255523733E-002
   1.94733426685714       7.018551174902561E-002
   1.94829496457143       7.017514369205667E-002
   1.94925566228571       7.016476839273260E-002
   1.95021636000000       7.015438582465844E-002
   1.95117705771429       7.014399599570122E-002
   1.95213775542857       7.013359889980551E-002
   1.95309845314286       7.012319453640559E-002
   1.95405915085714       7.011278289410268E-002
   1.95501984857143       7.010236396409199E-002
   1.95598054628571       7.009193774951122E-002
   1.95694124400000       7.008150424744992E-002
   1.95790194171429       7.007106344751332E-002
   1.95886263942857       7.006061534646583E-002
   1.95982333714286       7.005015995062491E-002
   1.96078403485714       7.003969723389590E-002
   1.96174473257143       7.002922720640042E-002
   1.96270543028571       7.001874986154481E-002
   1.96366612800000       7.000826518774195E-002
   1.96462682571429       6.999777319563491E-002
   1.96558752342857       6.998727386686925E-002
   1.96654822114286       6.997676719580728E-002
   1.96750891885714       6.996625318769879E-002
   1.96846961657143       6.995573182880635E-002
   1.96943031428571       6.994520312006774E-002
   1.97039101200000       6.993466706297097E-002
   1.97135170971429       6.992412363385553E-002
   1.97231240742857       6.991357284397932E-002
   1.97327310514286       6.990301468403215E-002
   1.97423380285714       6.989244914576503E-002
   1.97519450057143       6.988187622837065E-002
   1.97615519828571       6.987129593397162E-002
   1.97711589600000       6.986070825110481E-002
   1.97807659371429       6.985011316257772E-002
   1.97903729142857       6.983951068289583E-002
   1.97999798914286       6.982890080153123E-002
   1.98095868685714       6.981828350489867E-002
   1.98191938457143       6.980765880913359E-002
   1.98288008228571       6.979702668182626E-002
   1.98384078000000       6.978638714380228E-002
   1.98480147771429       6.977574017572299E-002
   1.98576217542857       6.976508576905498E-002
   1.98672287314286       6.975442393391204E-002
   1.98768357085714       6.974375465594006E-002
   1.98864426857143       6.973307792987138E-002
   1.98960496628571       6.972239376024236E-002
   1.99056566400000       6.971170213471220E-002
   1.99152636171429       6.970100304538207E-002
   1.99248705942857       6.969029648933632E-002
   1.99344775714286       6.967958246419913E-002
   1.99440845485714       6.966886097312963E-002
   1.99536915257143       6.965813199140050E-002
   1.99632985028571       6.964739553058773E-002
   1.99729054800000       6.963665159127291E-002
   1.99825124571429       6.962590014582699E-002
   1.99921194342857       6.961514121189964E-002
   2.00017264114286       6.960437476975037E-002
   2.00113333885714       6.959360081826034E-002
   2.00209403657143       6.958281935755378E-002
   2.00305473428571       6.957203038344401E-002
   2.00401543200000       6.956123388926759E-002
   2.00497612971429       6.955042986292551E-002
   2.00593682742857       6.953961830424431E-002
   2.00689752514286       6.952879920662342E-002
   2.00785822285714       6.951797257864002E-002
   2.00881892057143       6.950713840266791E-002
   2.00977961828571       6.949629667079474E-002
   2.01074031600000       6.948544738217535E-002
   2.01170101371429       6.947459053993242E-002
   2.01266171142857       6.946372612776559E-002
   2.01362240914286       6.945285414836526E-002
   2.01458310685714       6.944197459716601E-002
   2.01554380457143       6.943108746159603E-002
   2.01650450228571       6.942019274665381E-002
   2.01746520000000       6.940929044613658E-002
   2.01842589771429       6.939838054588197E-002
   2.01938659542857       6.938746304693257E-002
   2.02034729314286       6.937653794057153E-002
   2.02130799085714       6.936560523743686E-002
   2.02226868857143       6.935466491159384E-002
   2.02322938628571       6.934371696917550E-002
   2.02419008400000       6.933276140551825E-002
   2.02515078171429       6.932179821915689E-002
   2.02611147942857       6.931082740011785E-002
   2.02707217714286       6.929984893782076E-002
   2.02803287485714       6.928886283726508E-002
   2.02899357257143       6.927786909068484E-002
   2.02995427028571       6.926686768684120E-002
   2.03091496800000       6.925585863365584E-002
   2.03187566571429       6.924484191321907E-002
   2.03283636342857       6.923381752741653E-002
   2.03379706114286       6.922278546630790E-002
   2.03475775885714       6.921174574102457E-002
   2.03571845657143       6.920069832848957E-002
   2.03667915428571       6.918964323100195E-002
   2.03763985200000       6.917858044040988E-002
   2.03860054971429       6.916750995373580E-002
   2.03956124742857       6.915643177085785E-002
   2.04052194514286       6.914534587680003E-002
   2.04148264285714       6.913425227606571E-002
   2.04244334057143       6.912315096496523E-002
   2.04340403828571       6.911204192739642E-002
   2.04436473600000       6.910092516484112E-002
   2.04532543371429       6.908980067739287E-002
   2.04628613142857       6.907866845888389E-002
   2.04724682914286       6.906752849162007E-002
   2.04820752685714       6.905638077819386E-002
   2.04916822457143       6.904522532729043E-002
   2.05012892228571       6.903406211912393E-002
   2.05108962000000       6.902289114500491E-002
   2.05205031771429       6.901171241162217E-002
   2.05301101542857       6.900052590739539E-002
   2.05397171314286       6.898933162640483E-002
   2.05493241085714       6.897812957027045E-002
   2.05589310857143       6.896691973815976E-002
   2.05685380628571       6.895570210363072E-002
   2.05781450400000       6.894447668471722E-002
   2.05877520171429       6.893324346862477E-002
   2.05973589942857       6.892200244356729E-002
   2.06069659714286       6.891075360811701E-002
   2.06165729485714       6.889949696504438E-002
   2.06261799257143       6.888823250436400E-002
   2.06357869028571       6.887696021454502E-002
   2.06453938800000       6.886568010015875E-002
   2.06550008571429       6.885439215530240E-002
   2.06646078342857       6.884309636660652E-002
   2.06742148114286       6.883179274333036E-002
   2.06838217885714       6.882048126746404E-002
   2.06934287657143       6.880916194023722E-002
   2.07030357428571       6.879783475311926E-002
   2.07126427200000       6.878649970746784E-002
   2.07222496971429       6.877515678828219E-002
   2.07318566742857       6.876380599586653E-002
   2.07414636514286       6.875244733388101E-002
   2.07510706285714       6.874108078512912E-002
   2.07606776057143       6.872970634368260E-002
   2.07702845828571       6.871832401647551E-002
   2.07798915600000       6.870693379298827E-002
   2.07894985371429       6.869553566590228E-002
   2.07991055142857       6.868412962737178E-002
   2.08087124914286       6.867271567826634E-002
   2.08183194685714       6.866129381009457E-002
   2.08279264457143       6.864986402283062E-002
   2.08375334228571       6.863842631043161E-002
   2.08471404000000       6.862698066516489E-002
   2.08567473771429       6.861552707667885E-002
   2.08663543542857       6.860406554781130E-002
   2.08759613314286       6.859259607877499E-002
   2.08855683085714       6.858111865094949E-002
   2.08951752857143       6.856963326296804E-002
   2.09047822628571       6.855813992137705E-002
   2.09143892400000       6.854663860809125E-002
   2.09239962171429       6.853512931553093E-002
   2.09336031942857       6.852361205362868E-002
   2.09432101714286       6.851208680711282E-002
   2.09528171485714       6.850055357140619E-002
   2.09624241257143       6.848901235282268E-002
   2.09720311028571       6.847746312922036E-002
   2.09816380800000       6.846590590025101E-002
   2.09912450571429       6.845434067307699E-002
   2.10008520342857       6.844276742669753E-002
   2.10104590114286       6.843118616247622E-002
   2.10200659885714       6.841959688299028E-002
   2.10296729657143       6.840799956445343E-002
   2.10392799428571       6.839639422646808E-002
   2.10488869200000       6.838478084185355E-002
   2.10584938971429       6.837315941954659E-002
   2.10681008742857       6.836152994610797E-002
   2.10777078514286       6.834989241640557E-002
   2.10873148285714       6.833824683270723E-002
   2.10969218057143       6.832659319221307E-002
   2.11065287828571       6.831493147774242E-002
   2.11161357600000       6.830326168913795E-002
   2.11257427371429       6.829158383363416E-002
   2.11353497142857       6.827989788652641E-002
   2.11449566914286       6.826820385071662E-002
   2.11545636685714       6.825650171731801E-002
   2.11641706457143       6.824479149675902E-002
   2.11737776228571       6.823307316334491E-002
   2.11833846000000       6.822134672145301E-002
   2.11929915771429       6.820961217846637E-002
   2.12025985542857       6.819786951112480E-002
   2.12122055314286       6.818611871620518E-002
   2.12218125085714       6.817435979751151E-002
   2.12314194857143       6.816259274312085E-002
   2.12410264628571       6.815081754922052E-002
   2.12506334400000       6.813903421506304E-002
   2.12602404171429       6.812724273136926E-002
   2.12698473942857       6.811544309108583E-002
   2.12794543714286       6.810363529483957E-002
   2.12890613485714       6.809181933487198E-002
   2.12986683257143       6.807999520226098E-002
   2.13082753028571       6.806816289700560E-002
   2.13178822800000       6.805632241371445E-002
   2.13274892571429       6.804447374293930E-002
   2.13370962342857       6.803261688109220E-002
   2.13467032114286       6.802075183077470E-002
   2.13563101885714       6.800887858599677E-002
   2.13659171657143       6.799699712963389E-002
   2.13755241428571       6.798510745921428E-002
   2.13851311200000       6.797320958173517E-002
   2.13947380971429       6.796130347949257E-002
   2.14043450742857       6.794938915391534E-002
   2.14139520514286       6.793746659673432E-002
   2.14235590285714       6.792553580715051E-002
   2.14331660057143       6.791359678196145E-002
   2.14427729828571       6.790164950116220E-002
   2.14523799600000       6.788969397371515E-002
   2.14619869371429       6.787773019641921E-002
   2.14715939142857       6.786575814906297E-002
   2.14812008914286       6.785377783707360E-002
   2.14908078685714       6.784178925773381E-002
   2.15004148457143       6.782979240235507E-002
   2.15100218228571       6.781778726361425E-002
   2.15196288000000       6.780577384216423E-002
   2.15292357771429       6.779375213047471E-002
   2.15388427542857       6.778172211906830E-002
   2.15484497314286       6.776968380985413E-002
   2.15580567085714       6.775763718775925E-002
   2.15676636857143       6.774558225311737E-002
   2.15772706628571       6.773351900816288E-002
   2.15868776400000       6.772144744212227E-002
   2.15964846171429       6.770936754854899E-002
   2.16060915942857       6.769727931809012E-002
   2.16156985714286       6.768518274619917E-002
   2.16253055485714       6.767307784086722E-002
   2.16349125257143       6.766096458442787E-002
   2.16445195028571       6.764884296813371E-002
   2.16541264800000       6.763671300213631E-002
   2.16637334571429       6.762457467174231E-002
   2.16733404342857       6.761242797332151E-002
   2.16829474114286       6.760027290357978E-002
   2.16925543885714       6.758810945200365E-002
   2.17021613657143       6.757593761631747E-002
   2.17117683428571       6.756375739322211E-002
   2.17213753200000       6.755156877720368E-002
   2.17309822971429       6.753937176608714E-002
   2.17405892742857       6.752716634359597E-002
   2.17501962514286       6.751495251161821E-002
   2.17598032285714       6.750273026997552E-002
   2.17694102057143       6.749049961270624E-002
   2.17790171828571       6.747826051930431E-002
   2.17886241600000       6.746601300782286E-002
   2.17982311371429       6.745375705454772E-002
   2.18078381142857       6.744149265555986E-002
   2.18174450914286       6.742921982270914E-002
   2.18270520685714       6.741693853691094E-002
   2.18366590457143       6.740464879233982E-002
   2.18462660228571       6.739235059464620E-002
   2.18558730000000       6.738004392476070E-002
   2.18654799771429       6.736772877767566E-002
   2.18750869542857       6.735540516258626E-002
   2.18846939314286       6.734307306106804E-002
   2.18943009085714       6.733073248376212E-002
   2.19039078857143       6.731838340751935E-002
   2.19135148628571       6.730602583503159E-002
   2.19231218400000       6.729365975808507E-002
   2.19327288171429       6.728128517249299E-002
   2.19423357942857       6.726890208399787E-002
   2.19519427714286       6.725651047748386E-002
   2.19615497485714       6.724411034112152E-002
   2.19711567257143       6.723170167728282E-002
   2.19807637028571       6.721928448495852E-002
   2.19903706800000       6.720685875579895E-002
   2.19999776571429       6.719442448136614E-002
   2.20095846342857       6.718198166372534E-002
   2.20191916114286       6.716953028533758E-002
   2.20287985885714       6.715707035257951E-002
   2.20384055657143       6.714460185597688E-002
   2.20480125428571       6.713212478811609E-002
   2.20576195200000       6.711963914614728E-002
   2.20672264971429       6.710714492581932E-002
   2.20768334742857       6.709464212207478E-002
   2.20864404514286       6.708213072210999E-002
   2.20960474285714       6.706961073592381E-002
   2.21056544057143       6.705708215296295E-002
   2.21152613828571       6.704454495663315E-002
   2.21248683600000       6.703199915696401E-002
   2.21344753371429       6.701944473874485E-002
   2.21440823142857       6.700688169798266E-002
   2.21536892914286       6.699431003816719E-002
   2.21632962685714       6.698172974893919E-002
   2.21729032457143       6.696914081268981E-002
   2.21825102228571       6.695654323990616E-002
   2.21921172000000       6.694393702837154E-002
   2.22017241771429       6.693132215294145E-002
   2.22113311542857       6.691869863244401E-002
   2.22209381314286       6.690606644617958E-002
   2.22305451085714       6.689342558772830E-002
   2.22401520857143       6.688077606792844E-002
   2.22497590628571       6.686811785947833E-002
   2.22593660400000       6.685545097853732E-002
   2.22689730171429       6.684277540706822E-002
   2.22785799942857       6.683009114332482E-002
   2.22881869714286       6.681739818320216E-002
   2.22977939485714       6.680469651623032E-002
   2.23074009257143       6.679198614032443E-002
   2.23170079028571       6.677926705270280E-002
   2.23266148800000       6.676653925701448E-002
   2.23362218571429       6.675380272776719E-002
   2.23458288342857       6.674105746802145E-002
   2.23554358114286       6.672830347763467E-002
   2.23650427885714       6.671554074910285E-002
   2.23746497657143       6.670276927342210E-002
   2.23842567428571       6.668998905029082E-002
   2.23938637200000       6.667720007482923E-002
   2.24034706971429       6.666440233711546E-002
   2.24130776742857       6.665159583461758E-002
   2.24226846514286       6.663878056523695E-002
   2.24322916285714       6.662595651903164E-002
   2.24418986057143       6.661312369092452E-002
   2.24515055828571       6.660028208037252E-002
   2.24611125600000       6.658743167921352E-002
   2.24707195371429       6.657457248856841E-002
   2.24803265142857       6.656170449128450E-002
   2.24899334914286       6.654882768746057E-002
   2.24995404685714       6.653594206969610E-002
   2.25091474457143       6.652304763701093E-002
   2.25187544228571       6.651014438331637E-002
   2.25283614000000       6.649723230663271E-002
   2.25379683771429       6.648431139934358E-002
   2.25475753542857       6.647138164897048E-002
   2.25571823314286       6.645844305855021E-002
   2.25667893085714       6.644549562675535E-002
   2.25763962857143       6.643253934393048E-002
   2.25860032628571       6.641957419414625E-002
   2.25956102400000       6.640660018698212E-002
   2.26052172171429       6.639361731508356E-002
   2.26148241942857       6.638062557040073E-002
   2.26244311714286       6.636762494420864E-002
   2.26340381485714       6.635461543499550E-002
   2.26436451257143       6.634159703968383E-002
   2.26532521028571       6.632856974629329E-002
   2.26628590800000       6.631553355759574E-002
   2.26724660571429       6.630248847145266E-002
   2.26820730342857       6.628943446687002E-002
   2.26916800114286       6.627637155481607E-002
   2.27012869885714       6.626329972499333E-002
   2.27108939657143       6.625021897027478E-002
   2.27205009428571       6.623712928079839E-002
   2.27301079200000       6.622403066777782E-002
   2.27397148971429       6.621092310859875E-002
   2.27493218742857       6.619780660342382E-002
   2.27589288514286       6.618468115311039E-002
   2.27685358285714       6.617154674779377E-002
   2.27781428057143       6.615840337823746E-002
   2.27877497828571       6.614525104375643E-002
   2.27973567600000       6.613208974848486E-002
   2.28069637371429       6.611891947400321E-002
   2.28165707142857       6.610574021491543E-002
   2.28261776914286       6.609255197162635E-002
   2.28357846685714       6.607935473453626E-002
   2.28453916457143       6.606614851448786E-002
   2.28549986228571       6.605293328945554E-002
   2.28646056000000       6.603970905249351E-002
   2.28742125771429       6.602647580709844E-002
   2.28838195542857       6.601323354812143E-002
   2.28934265314286       6.599998226606485E-002
   2.29030335085714       6.598672195696274E-002
   2.29126404857143       6.597345261984698E-002
   2.29222474628571       6.596017424520768E-002
   2.29318544400000       6.594688682645063E-002
   2.29414614171429       6.593359036411907E-002
   2.29510683942857       6.592028485026719E-002
   2.29606753714286       6.590697027479298E-002
   2.29702823485714       6.589364664907518E-002
   2.29798893257143       6.588031395045810E-002
   2.29894963028571       6.586697218046625E-002
   2.29991032800000       6.585362133168070E-002
   2.30087102571429       6.584026140045059E-002
   2.30183172342857       6.582689238704610E-002
   2.30279242114286       6.581351427703838E-002
   2.30375311885714       6.580012707233963E-002
   2.30471381657143       6.578673076264135E-002
   2.30567451428571       6.577332534159136E-002
   2.30663521200000       6.575991081845947E-002
   2.30759590971429       6.574648717681743E-002
   2.30855660742857       6.573305440746779E-002
   2.30951730514286       6.571961250922087E-002
   2.31047800285714       6.570616148507165E-002
   2.31143870057143       6.569270132195248E-002
   2.31239939828571       6.567923201296756E-002
   2.31336009600000       6.566575355568040E-002
   2.31432079371429       6.565226594442371E-002
   2.31528149142857       6.563876917777826E-002
   2.31624218914286       6.562526324888628E-002
   2.31720288685714       6.561174815705734E-002
   2.31816358457143       6.559822388534872E-002
   2.31912428228571       6.558469044494580E-002
   2.32008498000000       6.557114780893716E-002
   2.32104567771429       6.555759599193285E-002
   2.32200637542857       6.554403498592315E-002
   2.32296707314286       6.553046477629308E-002
   2.32392777085714       6.551688536324413E-002
   2.32488846857143       6.550329674200625E-002
   2.32584916628571       6.548969890750014E-002
   2.32680986400000       6.547609185906336E-002
   2.32777056171429       6.546247558679441E-002
   2.32873125942857       6.544885008478216E-002
   2.32969195714286       6.543521535299542E-002
   2.33065265485714       6.542157137398526E-002
   2.33161335257143       6.540791815689076E-002
   2.33257405028571       6.539425569537700E-002
   2.33353474800000       6.538058398112108E-002
   2.33449544571429       6.536690300531871E-002
   2.33545614342857       6.535321276648638E-002
   2.33641684114286       6.533951326019558E-002
   2.33737753885714       6.532580448115360E-002
   2.33833823657143       6.531208642979563E-002
   2.33929893428571       6.529835909234605E-002
   2.34025963200000       6.528462245896938E-002
   2.34122032971429       6.527087654575940E-002
   2.34218102742857       6.525712132544295E-002
   2.34314172514286       6.524335680872968E-002
   2.34410242285714       6.522958297981798E-002
   2.34506312057143       6.521579983572665E-002
   2.34602381828571       6.520200737829904E-002
   2.34698451600000       6.518820560365006E-002
   2.34794521371429       6.517439449533398E-002
   2.34890591142857       6.516057405008281E-002
   2.34986660914286       6.514674427326946E-002
   2.35082730685714       6.513290515341034E-002
   2.35178800457143       6.511905668525869E-002
   2.35274870228571       6.510519886889210E-002
   2.35370940000000       6.509133169563518E-002
   2.35467009771429       6.507745515743020E-002
   2.35563079542857       6.506356925482230E-002
   2.35659149314286       6.504967398116897E-002
   2.35755219085714       6.503576932684217E-002
   2.35851288857143       6.502185529153864E-002
   2.35947358628571       6.500793186914054E-002
   2.36043428400000       6.499399905764808E-002
   2.36139498171429       6.498005684902546E-002
   2.36235567942857       6.496610523388607E-002
   2.36331637714286       6.495214422046322E-002
   2.36427707485714       6.493817379803916E-002
   2.36523777257143       6.492419395954682E-002
   2.36619847028571       6.491020469720622E-002
   2.36715916800000       6.489620600193610E-002
   2.36811986571429       6.488219788191331E-002
   2.36908056342857       6.486818033398598E-002
   2.37004126114286       6.485415333905961E-002
   2.37100195885714       6.484011690077587E-002
   2.37196265657143       6.482607101433921E-002
   2.37292335428571       6.481201566713901E-002
   2.37388405200000       6.479795086440464E-002
   2.37484474971429       6.478387659924954E-002
   2.37580544742857       6.476979285928575E-002
   2.37676614514286       6.475569965321648E-002
   2.37772684285714       6.474159696300474E-002
   2.37868754057143       6.472748479013880E-002
   2.37964823828571       6.471336312615364E-002
   2.38060893600000       6.469923197125450E-002
   2.38156963371429       6.468509131799155E-002
   2.38253033142857       6.467094116587949E-002
   2.38349102914286       6.465678150500397E-002
   2.38445172685714       6.464261232353886E-002
   2.38541242457143       6.462843363084297E-002
   2.38637312228571       6.461424542408431E-002
   2.38733382000000       6.460004768016966E-002
   2.38829451771429       6.458584040328777E-002
   2.38925521542857       6.457162359228545E-002
   2.39021591314286       6.455739723876149E-002
   2.39117661085714       6.454316134328435E-002
   2.39213730857143       6.452891589921050E-002
   2.39309800628571       6.451466089641594E-002
   2.39405870400000       6.450039633686930E-002
   2.39501940171429       6.448612220525625E-002
   2.39598009942857       6.447183850674765E-002
   2.39694079714286       6.445754524169874E-002
   2.39790149485714       6.444324238802321E-002
   2.39886219257143       6.442892995108798E-002
   2.39982289028571       6.441460792864001E-002
   2.40078358800000       6.440027631217325E-002
   2.40174428571429       6.438593509392826E-002
   2.40270498342857       6.437158427477679E-002
   2.40366568114286       6.435722384622435E-002
   2.40462637885714       6.434285380846731E-002
   2.40558707657143       6.432847415413737E-002
   2.40654777428571       6.431408488270535E-002
   2.40750847200000       6.429968598411123E-002
   2.40846916971429       6.428527744797027E-002
   2.40942986742857       6.427085927764220E-002
   2.41039056514286       6.425643147033641E-002
   2.41135126285714       6.424199401719760E-002
   2.41231196057143       6.422754691113805E-002
   2.41327265828571       6.421309015298442E-002
   2.41423335600000       6.419862374415235E-002
   2.41519405371429       6.418414765768996E-002
   2.41615475142857       6.416966190777486E-002
   2.41711544914286       6.415516649411229E-002
   2.41807614685714       6.414066139875862E-002
   2.41903684457143       6.412614661592028E-002
   2.41999754228571       6.411162214814060E-002
   2.42095824000000       6.409708799181023E-002
   2.42191893771429       6.408254413775361E-002
   2.42287963542857       6.406799057981336E-002
   2.42384033314286       6.405342731959721E-002
   2.42480103085714       6.403885435596685E-002
   2.42576172857143       6.402427167196087E-002
   2.42672242628571       6.400967926886796E-002
   2.42768312400000       6.399507713726457E-002
   2.42864382171429       6.398046528541348E-002
   2.42960451942857       6.396584370390217E-002
   2.43056521714286       6.395121237704733E-002
   2.43152591485714       6.393657131090705E-002
   2.43248661257143       6.392192050231316E-002
   2.43344731028571       6.390725993722904E-002
   2.43440800800000       6.389258962030660E-002
   2.43536870571429       6.387790954694893E-002
   2.43632940342857       6.386321970234908E-002
   2.43729010114286       6.384852009644769E-002
   2.43825079885714       6.383381071172649E-002
   2.43921149657143       6.381909154744572E-002
   2.44017219428571       6.380436260520719E-002
   2.44113289200000       6.378962387820067E-002
   2.44209358971429       6.377487535889306E-002
   2.44305428742857       6.376011703725447E-002
   2.44401498514286       6.374534891466699E-002
   2.44497568285714       6.373057099617169E-002
   2.44593638057143       6.371578326696443E-002
   2.44689707828571       6.370098571654710E-002
   2.44785777600000       6.368617835401810E-002
   2.44881847371429       6.367136116937704E-002
   2.44977917142857       6.365653415485625E-002
   2.45073986914286       6.364169731130224E-002
   2.45170056685714       6.362685063049996E-002
   2.45266126457143       6.361199411181437E-002
   2.45362196228571       6.359712775040306E-002
   2.45458266000000       6.358225153621376E-002
   2.45554335771429       6.356736546719875E-002
   2.45650405542857       6.355246954012772E-002
   2.45746475314286       6.353756374808653E-002
   2.45842545085714       6.352264809375499E-002
   2.45938614857143       6.350772257382706E-002
   2.46034684628571       6.349278717230639E-002
   2.46130754400000       6.347784189080406E-002
   2.46226824171429       6.346288671974405E-002
   2.46322893942857       6.344792166902483E-002
   2.46418963714286       6.343294672412451E-002
   2.46515033485714       6.341796188169707E-002
   2.46611103257143       6.340296713685659E-002
   2.46707173028571       6.338796248582208E-002
   2.46803242800000       6.337294792687030E-002
   2.46899312571429       6.335792344869000E-002
   2.46995382342857       6.334288905009963E-002
   2.47091452114286       6.332784473600334E-002
   2.47187521885714       6.331279048891048E-002
   2.47283591657143       6.329772631099907E-002
   2.47379661428571       6.328265220294425E-002
   2.47475731200000       6.326756814706394E-002
   2.47571800971429       6.325247415009112E-002
   2.47667870742857       6.323737021064869E-002
   2.47763940514286       6.322225630774270E-002
   2.47860010285714       6.320713245155217E-002
   2.47956080057143       6.319199863698102E-002
   2.48052149828571       6.317685484762232E-002
   2.48148219600000       6.316170109759985E-002
   2.48244289371429       6.314653737648064E-002
   2.48340359142857       6.313136366475412E-002
   2.48436428914286       6.311617998085495E-002
   2.48532498685714       6.310098630593748E-002
   2.48628568457143       6.308578264148711E-002
   2.48724638228571       6.307056897773490E-002
   2.48820708000000       6.305534532487618E-002
   2.48916777771429       6.304011166343575E-002
   2.49012847542857       6.302486798844986E-002
   2.49108917314286       6.300961430987245E-002
   2.49204987085714       6.299435061677015E-002
   2.49301056857143       6.297907689710776E-002
   2.49397126628571       6.296379315519407E-002
   2.49493196400000       6.294849938601936E-002
   2.49589266171429       6.293319557574596E-002
   2.49685335942857       6.291788174267671E-002
   2.49781405714286       6.290255785971183E-002
   2.49877475485714       6.288722393543286E-002
   2.49973545257143       6.287187996306952E-002
   2.50069615028571       6.285652594302152E-002
   2.50165684800000       6.284116186097280E-002
   2.50261754571429       6.282578771779498E-002
   2.50357824342857       6.281040350943838E-002
   2.50453894114286       6.279500922753879E-002
   2.50549963885714       6.277960487858920E-002
   2.50646033657143       6.276419045414106E-002
   2.50742103428571       6.274876595382353E-002
   2.50838173200000       6.273333136066107E-002
   2.50934242971429       6.271788667578092E-002
   2.51030312742857       6.270243189991796E-002
   2.51126382514286       6.268696702501658E-002
   2.51222452285714       6.267149204896540E-002
   2.51318522057143       6.265600697506232E-002
   2.51414591828571       6.264051179080793E-002
   2.51510661600000       6.262500648776101E-002
   2.51606731371429       6.260949106778296E-002
   2.51702801142857       6.259396553181984E-002
   2.51798870914286       6.257842987549812E-002
   2.51894940685714       6.256288408333820E-002
   2.51991010457143       6.254732815766600E-002
   2.52087080228571       6.253176209817993E-002
   2.52183150000000       6.251618589627408E-002
   2.52279219771429       6.250059955263126E-002
   2.52375289542857       6.248500305950388E-002
   2.52471359314286       6.246939641558667E-002
   2.52567429085714       6.245377961701443E-002
   2.52663498857143       6.243815265244283E-002
   2.52759568628571       6.242251552374797E-002
   2.52855638400000       6.240686823463658E-002
   2.52951708171429       6.239121077503013E-002
   2.53047777942857       6.237554313698646E-002
   2.53143847714286       6.235986531424365E-002
   2.53239917485714       6.234417731584491E-002
   2.53335987257143       6.232847913386987E-002
   2.53432057028571       6.231277074924905E-002
   2.53528126800000       6.229705217906494E-002
   2.53624196571429       6.228132341203426E-002
   2.53720266342857       6.226558444277280E-002
   2.53816336114286       6.224983526738888E-002
   2.53912405885714       6.223407588168799E-002
   2.54008475657143       6.221830628326808E-002
   2.54104545428571       6.220252646484058E-002
   2.54200615200000       6.218673642916192E-002
   2.54296684971429       6.217093617298903E-002
   2.54392754742857       6.215512568052167E-002
   2.54488824514286       6.213930496178211E-002
   2.54584894285714       6.212347400764293E-002
   2.54680964057143       6.210763281983515E-002
   2.54777033828571       6.209178138180207E-002
   2.54873103600000       6.207591969741089E-002
   2.54969173371429       6.206004776487668E-002
   2.55065243142857       6.204416557974490E-002
   2.55161312914286       6.202827313907684E-002
   2.55257382685714       6.201237043691402E-002
   2.55353452457143       6.199645747310202E-002
   2.55449522228571       6.198053423764506E-002
   2.55545592000000       6.196460072456478E-002
   2.55641661771429       6.194865694282111E-002
   2.55737731542857       6.193270288400334E-002
   2.55833801314286       6.191673853953689E-002
   2.55929871085714       6.190076390855357E-002
   2.56025940857143       6.188477899233897E-002
   2.56122010628571       6.186878378546865E-002
   2.56218080400000       6.185277827856700E-002
   2.56314150171429       6.183676246768554E-002
   2.56410219942857       6.182073635477930E-002
   2.56506289714286       6.180469993652071E-002
   2.56602359485714       6.178865320618179E-002
   2.56698429257143       6.177259616393695E-002
   2.56794499028571       6.175652880118982E-002
   2.56890568800000       6.174045111834980E-002
   2.56986638571429       6.172436311725105E-002
   2.57082708342857       6.170826478021225E-002
   2.57178778114286       6.169215611322647E-002
   2.57274847885714       6.167603711278111E-002
   2.57370917657143       6.165990777505274E-002
   2.57466987428571       6.164376809790539E-002
   2.57563057200000       6.162761807012084E-002
   2.57659126971429       6.161145769072777E-002
   2.57755196742857       6.159528696622112E-002
   2.57851266514286       6.157910588546927E-002
   2.57947336285714       6.156291444262424E-002
   2.58043406057143       6.154671264679336E-002
   2.58139475828571       6.153050048076606E-002
   2.58235545600000       6.151427794342397E-002
   2.58331615371429       6.149804503668175E-002
   2.58427685142857       6.148180175305612E-002
   2.58523754914286       6.146554808947364E-002
   2.58619824685714       6.144928404765318E-002
   2.58715894457143       6.143300962422225E-002
   2.58811964228571       6.141672480838287E-002
   2.58908034000000       6.140042959874289E-002
   2.59004103771429       6.138412400039386E-002
   2.59100173542857       6.136780799558364E-002
   2.59196243314286       6.135148158664251E-002
   2.59292313085714       6.133514478280032E-002
   2.59388382857143       6.131879756606975E-002
   2.59484452628571       6.130243994494048E-002
   2.59580522400000       6.128607190709159E-002
   2.59676592171429       6.126969344632351E-002
   2.59772661942857       6.125330456459026E-002
   2.59868731714286       6.123690526193892E-002
   2.59964801485714       6.122049553585877E-002
   2.60060871257143       6.120407537590791E-002
   2.60156941028571       6.118764477881136E-002
   2.60253010800000       6.117120375234225E-002
   2.60349080571429       6.115475228663338E-002
   2.60445150342857       6.113829037411932E-002
   2.60541220114286       6.112181801460850E-002
   2.60637289885714       6.110533520978661E-002
   2.60733359657143       6.108884194943133E-002
   2.60829429428571       6.107233824317971E-002
   2.60925499200000       6.105582407340976E-002
   2.61021568971429       6.103929943753142E-002
   2.61117638742857       6.102276434807550E-002
   2.61213708514286       6.100621878648437E-002
   2.61309778285714       6.098966274666522E-002
   2.61405848057143       6.097309624504581E-002
   2.61501917828571       6.095651926919927E-002
   2.61597987600000       6.093993180370559E-002
   2.61694057371429       6.092333385753877E-002
   2.61790127142857       6.090672543162910E-002
   2.61886196914286       6.089010651923963E-002
   2.61982266685714       6.087347710978874E-002
   2.62078336457143       6.085683720872442E-002
   2.62174406228571       6.084018681604882E-002
   2.62270476000000       6.082352592083068E-002
   2.62366545771429       6.080685451910992E-002
   2.62462615542857       6.079017261162977E-002
   2.62558685314286       6.077348019847028E-002
   2.62654755085714       6.075677727904646E-002
   2.62750824857143       6.074006384462385E-002
   2.62846894628571       6.072333988672460E-002
   2.62942964400000       6.070660541596755E-002
   2.63039034171429       6.068986041377632E-002
   2.63135103942857       6.067310489604125E-002
   2.63231173714286       6.065633884702602E-002
   2.63327243485714       6.063956226014868E-002
   2.63423313257143       6.062277514481531E-002
   2.63519383028571       6.060597749456798E-002
   2.63615452800000       6.058916930328295E-002
   2.63711522571429       6.057235057378877E-002
   2.63807592342857       6.055552130191496E-002
   2.63903662114286       6.053868147313356E-002
   2.63999731885714       6.052183110614651E-002
   2.64095801657143       6.050497017348481E-002
   2.64191871428571       6.048809869113739E-002
   2.64287941200000       6.047121665538351E-002
   2.64384010971429       6.045432405761178E-002
   2.64480080742857       6.043742088640464E-002
   2.64576150514286       6.042050715191997E-002
   2.64672220285714       6.040358285589337E-002
   2.64768290057143       6.038664798335475E-002
   2.64864359828571       6.036970253887063E-002
   2.64960429600000       6.035274651882751E-002
   2.65056499371429       6.033577991730864E-002
   2.65152569142857       6.031880274289074E-002
   2.65248638914286       6.030181496784523E-002
   2.65344708685714       6.028481661972550E-002
   2.65440778457143       6.026780767675589E-002
   2.65536848228571       6.025078813873615E-002
   2.65632918000000       6.023375801460402E-002
   2.65728987771429       6.021671728730159E-002
   2.65825057542857       6.019966596085646E-002
   2.65921127314286       6.018260404001084E-002
   2.66017197085714       6.016553151007947E-002
   2.66113266857143       6.014844837091982E-002
   2.66209336628571       6.013135461736144E-002
   2.66305406400000       6.011425026567539E-002
   2.66401476171429       6.009713528874343E-002
   2.66497545942857       6.008000969536367E-002
   2.66593615714286       6.006287348757861E-002
   2.66689685485714       6.004572665711989E-002
   2.66785755257143       6.002856920151563E-002
   2.66881825028571       6.001140112352721E-002
   2.66977894800000       5.999422241496644E-002
   2.67073964571429       5.997703307957549E-002
   2.67170034342857       5.995983311084493E-002
   2.67266104114286       5.994262249633368E-002
   2.67362173885714       5.992540125724478E-002
   2.67458243657143       5.990816936684719E-002
   2.67554313428571       5.989092684520438E-002
   2.67650383200000       5.987367367421234E-002
   2.67746452971429       5.985640985316359E-002
   2.67842522742857       5.983913538299945E-002
   2.67938592514286       5.982185026254468E-002
   2.68034662285714       5.980455449500043E-002
   2.68130732057143       5.978724806748285E-002
   2.68226801828571       5.976993097553073E-002
   2.68322871600000       5.975260322674989E-002
   2.68418941371429       5.973526482083232E-002
   2.68515011142857       5.971791575379273E-002
   2.68611080914286       5.970055601114040E-002
   2.68707150685714       5.968318560273285E-002
   2.68803220457143       5.966580451882852E-002
   2.68899290228571       5.964841276835735E-002
   2.68995360000000       5.963101034574728E-002
   2.69091429771429       5.961359723915323E-002
   2.69187499542857       5.959617345756786E-002
   2.69283569314286       5.957873898927122E-002
   2.69379639085714       5.956129383748685E-002
   2.69475708857143       5.954383800597437E-002
   2.69571778628571       5.952637148266848E-002
   2.69667848400000       5.950889427663456E-002
   2.69763918171429       5.949140637634428E-002
   2.69859987942857       5.947390777566131E-002
   2.69956057714286       5.945639848339430E-002
   2.70052127485714       5.943887850100758E-002
   2.70148197257143       5.942134780880805E-002
   2.70244267028571       5.940380642516050E-002
   2.70340336800000       5.938625432841192E-002
   2.70436406571429       5.936869153132190E-002
   2.70532476342857       5.935111803153459E-002
   2.70628546114286       5.933353381393335E-002
   2.70724615885714       5.931593889053930E-002
   2.70820685657143       5.929833325585848E-002
   2.70916755428571       5.928071690324421E-002
   2.71012825200000       5.926308983359266E-002
   2.71108894971429       5.924545204675906E-002
   2.71204964742857       5.922780354339572E-002
   2.71301034514286       5.921014431374844E-002
   2.71397104285714       5.919247436758240E-002
   2.71493174057143       5.917479369086893E-002
   2.71589243828571       5.915710228395398E-002
   2.71685313600000       5.913940015377733E-002
   2.71781383371429       5.912168729366531E-002
   2.71877453142857       5.910396369830127E-002
   2.71973522914286       5.908622936991010E-002
   2.72069592685714       5.906848430537012E-002
   2.72165662457143       5.905072849851783E-002
   2.72261732228571       5.903296195814959E-002
   2.72357802000000       5.901518467496171E-002
   2.72453871771429       5.899739664928194E-002
   2.72549941542857       5.897959788056219E-002
   2.72646011314286       5.896178837195117E-002
   2.72742081085714       5.894396810631587E-002
   2.72838150857143       5.892613709126078E-002
   2.72934220628571       5.890829533134066E-002
   2.73030290400000       5.889044281984738E-002
   2.73126360171429       5.887257955439266E-002
   2.73222429942857       5.885470553071766E-002
   2.73318499714286       5.883682075605860E-002
   2.73414569485714       5.881892522123434E-002
   2.73510639257143       5.880101892731195E-002
   2.73606709028571       5.878310186408620E-002
   2.73702778800000       5.876517405130112E-002
   2.73798848571429       5.874723546473670E-002
   2.73894918342857       5.872928611381925E-002
   2.73990988114286       5.871132599966209E-002
   2.74087057885714       5.869335511744374E-002
   2.74183127657143       5.867537346280340E-002
   2.74279197428571       5.865738103464750E-002
   2.74375267200000       5.863937783699309E-002
   2.74471336971429       5.862136386387569E-002
   2.74567406742857       5.860333912246179E-002
   2.74663476514286       5.858530359511166E-002
   2.74759546285714       5.856725729151403E-002
   2.74855616057143       5.854920021278484E-002
   2.74951685828571       5.853113234865589E-002
   2.75047755600000       5.851305370870642E-002
   2.75143825371429       5.849496427912954E-002
   2.75239895142857       5.847686406529247E-002
   2.75335964914286       5.845875307427938E-002
   2.75432034685714       5.844063129372476E-002
   2.75528104457143       5.842249871851472E-002
   2.75624174228571       5.840435535252547E-002
   2.75720244000000       5.838620120126244E-002
   2.75816313771429       5.836803625647494E-002
   2.75912383542857       5.834986052777875E-002
   2.76008453314286       5.833167399703043E-002
   2.76104523085714       5.831347667295394E-002
   2.76200592857143       5.829526854791666E-002
   2.76296662628571       5.827704962814309E-002
   2.76392732400000       5.825881990899489E-002
   2.76488802171429       5.824057939409024E-002
   2.76584871942857       5.822232807781674E-002
   2.76680941714286       5.820406595611596E-002
   2.76777011485714       5.818579303931008E-002
   2.76873081257143       5.816750931145256E-002
   2.76969151028571       5.814921478249090E-002
   2.77065220800000       5.813090944272702E-002
   2.77161290571429       5.811259330177232E-002
   2.77257360342857       5.809426635140522E-002
   2.77353430114286       5.807592859049007E-002
   2.77449499885714       5.805758001960142E-002
   2.77545569657143       5.803922063863333E-002
   2.77641639428571       5.802085044715944E-002
   2.77737709200000       5.800246944689168E-002
   2.77833778971429       5.798407763200315E-002
   2.77929848742857       5.796567500153384E-002
   2.78025918514286       5.794726155763841E-002
   2.78121988285714       5.792883728786579E-002
   2.78218058057143       5.791040221790290E-002
   2.78314127828571       5.789195631976050E-002
   2.78410197600000       5.787349960245910E-002
   2.78506267371429       5.785503206702797E-002
   2.78602337142857       5.783655371300023E-002
   2.78698406914286       5.781806453964296E-002
   2.78794476685714       5.779956455073492E-002
   2.78890546457143       5.778105373122382E-002
   2.78986616228571       5.776253208623565E-002
   2.79082686000000       5.774399962963112E-002
   2.79178755771429       5.772545634295229E-002
   2.79274825542857       5.770690222994033E-002
   2.79370895314286       5.768833728979853E-002
   2.79466965085714       5.766976152269235E-002
   2.79563034857143       5.765117492772337E-002
   2.79659104628571       5.763257751540891E-002
   2.79755174400000       5.761396926931051E-002
   2.79851244171429       5.759535019423324E-002
   2.79947313942857       5.757672028662041E-002
   2.80043383714286       5.755807954714923E-002
   2.80139453485714       5.753942798142219E-002
   2.80235523257143       5.752076559008603E-002
   2.80331593028571       5.750209236650609E-002
   2.80427662800000       5.748340829964438E-002
   2.80523732571429       5.746471340799505E-002
   2.80619802342857       5.744600768885565E-002
   2.80715872114286       5.742729113413038E-002
   2.80811941885714       5.740856374383470E-002
   2.80908011657143       5.738982551811757E-002
   2.81004081428571       5.737107645689112E-002
   2.81100151200000       5.735231656019309E-002
   2.81196220971429       5.733354582800750E-002
   2.81292290742857       5.731476426034742E-002
   2.81388360514286       5.729597185718386E-002
   2.81484430285714       5.727716861859957E-002
   2.81580500057143       5.725835454437200E-002
   2.81676569828571       5.723952963501101E-002
   2.81772639600000       5.722069388972663E-002
   2.81868709371429       5.720184729992410E-002
   2.81964779142857       5.718298987538354E-002
   2.82060848914286       5.716412160582852E-002
   2.82156918685714       5.714524250770438E-002
   2.82252988457143       5.712635257175324E-002
   2.82349058228571       5.710745178896341E-002
   2.82445128000000       5.708854016702401E-002
   2.82541197771429       5.706961771156976E-002
   2.82637267542857       5.705068441668295E-002
   2.82733337314286       5.703174027952503E-002
   2.82829407085714       5.701278530645443E-002
   2.82925476857143       5.699381948912488E-002
   2.83021546628571       5.697484283694031E-002
   2.83117616400000       5.695585534089111E-002
   2.83213686171429       5.693685700001486E-002
   2.83309755942857       5.691784782235450E-002
   2.83405825714286       5.689882781060745E-002
   2.83501895485714       5.687979695788658E-002
   2.83597965257143       5.686075525910974E-002
   2.83694035028571       5.684170272172585E-002
   2.83790104800000       5.682263934609276E-002
   2.83886174571429       5.680356512710034E-002
   2.83982244342857       5.678448007495916E-002
   2.84078314114286       5.676538418499826E-002
   2.84174383885714       5.674627744191008E-002
   2.84270453657143       5.672715986378866E-002
   2.84366523428571       5.670803145118040E-002
   2.84462593200000       5.668889219456300E-002
   2.84558662971429       5.666974210023568E-002
   2.84654732742857       5.665058117215278E-002
   2.84750802514286       5.663140940342108E-002
   2.84846872285714       5.661222678894356E-002
   2.84942942057143       5.659303333432310E-002
   2.85039011828571       5.657382904499281E-002
   2.85135081600000       5.655461392051948E-002
   2.85231151371429       5.653538795925053E-002
   2.85327221142857       5.651615115376973E-002
   2.85423290914286       5.649690351330516E-002
   2.85519360685714       5.647764503716658E-002
   2.85615430457143       5.645837572674590E-002
   2.85711500228571       5.643909557165601E-002
   2.85807570000000       5.641980458540023E-002
   2.85903639771429       5.640050276989426E-002
   2.85999709542857       5.638119011058548E-002
   2.86095779314286       5.636186661527415E-002
   2.86191849085714       5.634253229226120E-002
   2.86287918857143       5.632318713206191E-002
   2.86383988628571       5.630383113688448E-002
   2.86480058400000       5.628446430596387E-002
   2.86576128171429       5.626508663966694E-002
   2.86672197942857       5.624569814637284E-002
   2.86768267714286       5.622629882680357E-002
   2.86864337485714       5.620688867297805E-002
   2.86960407257143       5.618746768218523E-002
   2.87056477028571       5.616803586202700E-002
   2.87152546800000       5.614859321527885E-002
   2.87248616571429       5.612913974232445E-002
   2.87344686342857       5.610967543868960E-002
   2.87440756114286       5.609020029989388E-002
   2.87536825885714       5.607071433816824E-002
   2.87632895657143       5.605121755597704E-002
   2.87728965428571       5.603170993762219E-002
   2.87825035200000       5.601219150172843E-002
   2.87921104971429       5.599266223838434E-002
   2.88017174742857       5.597312215611211E-002
   2.88113244514286       5.595357124912042E-002
   2.88209314285714       5.593400951324212E-002
   2.88305384057143       5.591443695597892E-002
   2.88401453828571       5.589485358093377E-002
   2.88497523600000       5.587525938709732E-002
   2.88593593371429       5.585565437466292E-002
   2.88689663142857       5.583603854387569E-002
   2.88785732914286       5.581641189393641E-002
   2.88881802685714       5.579677442641005E-002
   2.88977872457143       5.577712614923570E-002
   2.89073942228571       5.575746704336134E-002
   2.89170012000000       5.573779713570170E-002
   2.89266081771429       5.571811641162375E-002
   2.89362151542857       5.569842487567842E-002
   2.89458221314286       5.567872252274155E-002
   2.89554291085714       5.565900936059397E-002
   2.89650360857143       5.563928539543609E-002
   2.89746430628571       5.561955061740401E-002
   2.89842500400000       5.559980503280357E-002
   2.89938570171429       5.558004864533823E-002
   2.90034639942857       5.556028144784743E-002
   2.90130709714286       5.554050344914697E-002
   2.90226779485714       5.552071463938449E-002
   2.90322849257143       5.550091503636345E-002
   2.90418919028571       5.548110463310167E-002
   2.90514988800000       5.546128342771166E-002
   2.90611058571429       5.544145141997955E-002
   2.90707128342857       5.542160861519849E-002
   2.90803198114286       5.540175501977247E-002
   2.90899267885714       5.538189062520201E-002
   2.90995337657143       5.536201543483608E-002
   2.91091407428571       5.534212945751116E-002
   2.91187477200000       5.532223267816325E-002
   2.91283546971429       5.530232511610886E-002
   2.91379616742857       5.528240676914625E-002
   2.91475686514286       5.526247762844579E-002
   2.91571756285714       5.524253770254122E-002
   2.91667826057143       5.522258699065506E-002
   2.91763895828571       5.520262550285569E-002
   2.91859965600000       5.518265322633833E-002
   2.91956035371429       5.516267016395522E-002
   2.92052105142857       5.514267632785588E-002
   2.92148174914286       5.512267171463002E-002
   2.92244244685714       5.510265632548038E-002
   2.92340314457143       5.508263015948083E-002
   2.92436384228571       5.506259321808526E-002
   2.92532454000000       5.504254550922622E-002
   2.92628523771429       5.502248702348044E-002
   2.92724593542857       5.500241776965897E-002
   2.92820663314286       5.498233774669192E-002
   2.92916733085714       5.496224696545324E-002
   2.93012802857143       5.494214540983799E-002
   2.93108872628571       5.492203309377233E-002
   2.93204942400000       5.490191001977158E-002
   2.93301012171429       5.488177618213893E-002
   2.93397081942857       5.486163159423736E-002
   2.93493151714286       5.484147624470166E-002
   2.93589221485714       5.482131013711171E-002
   2.93685291257143       5.480113327912448E-002
   2.93781361028571       5.478094567009088E-002
   2.93877430800000       5.476074731024027E-002
   2.93973500571429       5.474053819859315E-002
   2.94069570342857       5.472031834296265E-002
   2.94165640114286       5.470008774532936E-002
   2.94261709885714       5.467984640523324E-002
   2.94357779657143       5.465959432183484E-002
   2.94453849428571       5.463933149917181E-002
   2.94549919200000       5.461905794462996E-002
   2.94645988971429       5.459877365259998E-002
   2.94742058742857       5.457847862001235E-002
   2.94838128514286       5.455817286283474E-002
   2.94934198285714       5.453785637086042E-002
   2.95030268057143       5.451752915328761E-002
   2.95126337828571       5.449719121048936E-002
   2.95222407600000       5.447684254112822E-002
   2.95318477371429       5.445648315225635E-002
   2.95414547142857       5.443611304864995E-002
   2.95510616914286       5.441573222035436E-002
   2.95606686685714       5.439534067502553E-002
   2.95702756457143       5.437493841830972E-002
   2.95798826228571       5.435452544851072E-002
   2.95894896000000       5.433410177776197E-002
   2.95990965771429       5.431366738785652E-002
   2.96087035542857       5.429322229077412E-002
   2.96183105314286       5.427276650284001E-002
   2.96279175085714       5.425230000651713E-002
   2.96375244857143       5.423182280717735E-002
   2.96471314628571       5.421133491672876E-002
   2.96567384400000       5.419083632643428E-002
   2.96663454171429       5.417032704621002E-002
   2.96759523942857       5.414980708112054E-002
   2.96855593714286       5.412927642040102E-002
   2.96951663485714       5.410873507521106E-002
   2.97047733257143       5.408818305253749E-002
   2.97143803028571       5.406762033787495E-002
   2.97239872800000       5.404704695025050E-002
   2.97335942571429       5.402646288749907E-002
   2.97432012342857       5.400586814916077E-002
   2.97528082114286       5.398526274469790E-002
   2.97624151885714       5.396464666638149E-002
   2.97720221657143       5.394401991746004E-002
   2.97816291428571       5.392338250981422E-002
   2.97912361200000       5.390273443943162E-002
   2.98008430971429       5.388207570408061E-002
   2.98104500742857       5.386140631599545E-002
   2.98200570514286       5.384072627635519E-002
   2.98296640285714       5.382003557902714E-002
   2.98392710057143       5.379933423304536E-002
   2.98488779828571       5.377862223743020E-002
   2.98584849600000       5.375789960083468E-002
   2.98680919371429       5.373716632345622E-002
   2.98776989142857       5.371642240401876E-002
   2.98873058914286       5.369566785007843E-002
   2.98969128685714       5.367490266457901E-002
   2.99065198457143       5.365412684464124E-002
   2.99161268228571       5.363334039820339E-002
   2.99257338000000       5.361254332217336E-002
   2.99353407771429       5.359173562182049E-002
   2.99449477542857       5.357091731137931E-002
   2.99545547314286       5.355008836757316E-002
   2.99641617085714       5.352924881921968E-002
   2.99737686857143       5.350839866350082E-002
   2.99833756628571       5.348753789181967E-002
   2.99929826400000       5.346666651073955E-002
   3.00025896171429       5.344578453131504E-002
   3.00121965942857       5.342489194526030E-002
   3.00218035714286       5.340398876132654E-002
   3.00314105485714       5.338307499058642E-002
   3.00410175257143       5.336215062352370E-002
   3.00506245028571       5.334121566233294E-002
   3.00602314800000       5.332027012146994E-002
   3.00698384571429       5.329931399831155E-002
   3.00794454342857       5.327834729302194E-002
   3.00890524114286       5.325737000576389E-002
   3.00986593885714       5.323638215396898E-002
   3.01082663657143       5.321538372958678E-002
   3.01178733428571       5.319437473095665E-002
   3.01274803200000       5.317335516285895E-002
   3.01370872971429       5.315232504405744E-002
   3.01466942742857       5.313128436823183E-002
   3.01563012514286       5.311023312797161E-002
   3.01659082285714       5.308917133631309E-002
   3.01755152057143       5.306809899622655E-002
   3.01851221828571       5.304701611021186E-002
   3.01947291600000       5.302592268372955E-002
   3.02043361371429       5.300481870919729E-002
   3.02139431142857       5.298370421385994E-002
   3.02235500914286       5.296257916833400E-002
   3.02331570685714       5.294144360720248E-002
   3.02427640457143       5.292029751052878E-002
   3.02523710228571       5.289914088918313E-002
   3.02619780000000       5.287797375833276E-002
   3.02715849771429       5.285679610605917E-002
   3.02811919542857       5.283560793681435E-002
   3.02907989314286       5.281440926525281E-002
   3.03004059085714       5.279320008392042E-002
   3.03100128857143       5.277198039095150E-002
   3.03196198628571       5.275075021096048E-002
   3.03292268400000       5.272950953293475E-002
   3.03388338171429       5.270825835625466E-002
   3.03484407942857       5.268699669887270E-002
   3.03580477714286       5.266572455352192E-002
   3.03676547485714       5.264444192493727E-002
   3.03772617257143       5.262314881619969E-002
   3.03868687028571       5.260184522990794E-002
   3.03964756800000       5.258053117779751E-002
   3.04060826571429       5.255920665845350E-002
   3.04156896342857       5.253787167007067E-002
   3.04252966114286       5.251652622875445E-002
   3.04349035885714       5.249517033191140E-002
   3.04445105657143       5.247380397995689E-002
   3.04541175428571       5.245242717196520E-002
   3.04637245200000       5.243103992596146E-002
   3.04733314971429       5.240964223314842E-002
   3.04829384742857       5.238823410584936E-002
   3.04925454514286       5.236681555185572E-002
   3.05021524285714       5.234538656085761E-002
   3.05117594057143       5.232394713791028E-002
   3.05213663828571       5.230249730014771E-002
   3.05309733600000       5.228103704703849E-002
   3.05405803371429       5.225956637270254E-002
   3.05501873142857       5.223808528753228E-002
   3.05597942914286       5.221659379839998E-002
   3.05694012685714       5.219509190489372E-002
   3.05790082457143       5.217357960579695E-002
   3.05886152228571       5.215205691751353E-002
   3.05982222000000       5.213052384288332E-002
   3.06078291771429       5.210898037882224E-002
   3.06174361542857       5.208742653467174E-002
   3.06270431314286       5.206586230460805E-002
   3.06366501085714       5.204428769760898E-002
   3.06462570857143       5.202270272878544E-002
   3.06558640628571       5.200110738860593E-002
   3.06654710400000       5.197950168938726E-002
   3.06750780171429       5.195788563607553E-002
   3.06846849942857       5.193625922004243E-002
   3.06942919714286       5.191462245871670E-002
   3.07038989485714       5.189297535291994E-002
   3.07135059257143       5.187131789948844E-002
   3.07231129028571       5.184965011499668E-002
   3.07327198800000       5.182797199751324E-002
   3.07423268571429       5.180628354397702E-002
   3.07519338342857       5.178458477398348E-002
   3.07615408114286       5.176287568550346E-002
   3.07711477885714       5.174115627365943E-002
   3.07807547657143       5.171942656052040E-002
   3.07903617428571       5.169768653515575E-002
   3.07999687200000       5.167593620758306E-002
   3.08095756971429       5.165417557634613E-002
   3.08191826742857       5.163240465831997E-002
   3.08287896514286       5.161062345498985E-002
   3.08383966285714       5.158883196411848E-002
   3.08480036057143       5.156703019395396E-002
   3.08576105828571       5.154521814435979E-002
   3.08672175600000       5.152339582707007E-002
   3.08768245371429       5.150156324574272E-002
   3.08864315142857       5.147972039975830E-002
   3.08960384914286       5.145786730126965E-002
   3.09056454685714       5.143600394260889E-002
   3.09152524457143       5.141413034189286E-002
   3.09248594228571       5.139224649715374E-002
   3.09344664000000       5.137035240746878E-002
   3.09440733771429       5.134844808984988E-002
   3.09536803542857       5.132653354463389E-002
   3.09632873314286       5.130460878004760E-002
   3.09728943085714       5.128267379059344E-002
   3.09825012857143       5.126072858087878E-002
   3.09921082628571       5.123877316897137E-002
   3.10017152400000       5.121680755031719E-002
   3.10113222171429       5.119483172813916E-002
   3.10209291942857       5.117284572119889E-002
   3.10305361714286       5.115084951149797E-002
   3.10401431485714       5.112884311865838E-002
   3.10497501257143       5.110682654973953E-002
   3.10593571028571       5.108479980380442E-002
   3.10689640800000       5.106276288958034E-002
   3.10785710571429       5.104071580567892E-002
   3.10881780342857       5.101865856670856E-002
   3.10977850114286       5.099659117315010E-002
   3.11073919885714       5.097451362082300E-002
   3.11169989657143       5.095242592650279E-002
   3.11266059428571       5.093032809728887E-002
   3.11362129200000       5.090822012481053E-002
   3.11458198971429       5.088610202182646E-002
   3.11554268742857       5.086397380237534E-002
   3.11650338514286       5.084183545659070E-002
   3.11746408285714       5.081968700163751E-002
   3.11842478057143       5.079752843914837E-002
   3.11938547828571       5.077535976529249E-002
   3.12034617600000       5.075318099729161E-002
   3.12130687371429       5.073099213022688E-002
   3.12226757142857       5.070879317624690E-002
   3.12322826914286       5.068658414670078E-002
   3.12418896685714       5.066436503383373E-002
   3.12514966457143       5.064213585004674E-002
   3.12611036228571       5.061989659967212E-002
   3.12707106000000       5.059764728419314E-002
   3.12803175771429       5.057538792022122E-002
   3.12899245542857       5.055311849669613E-002
   3.12995315314286       5.053083904055745E-002
   3.13091385085714       5.050854953726662E-002
   3.13187454857143       5.048624999318298E-002
   3.13283524628571       5.046394043278537E-002
   3.13379594400000       5.044162084516999E-002
   3.13475664171429       5.041929123448613E-002
   3.13571733942857       5.039695162091588E-002
   3.13667803714286       5.037460199768849E-002
   3.13763873485714       5.035224237126459E-002
   3.13859943257143       5.032987275470358E-002
   3.13956013028571       5.030749313914921E-002
   3.14052082800000       5.028510355124019E-002
   3.14148152571429       5.026270398183336E-002
   3.14244222342857       5.024029443561260E-002
   3.14340292114286       5.021787493141518E-002
   3.14436361885714       5.019544546523127E-002
   3.14532431657143       5.017300603603662E-002
   3.14628501428571       5.015055666052909E-002
   3.14724571200000       5.012809734628657E-002
   3.14820640971429       5.010562809467163E-002
   3.14916710742857       5.008314891293271E-002
   3.15012780514286       5.006065980018469E-002
   3.15108850285714       5.003816076654178E-002
   3.15204920057143       5.001565182795278E-002
   3.15300989828571       4.999313297421908E-002
   3.15397059600000       4.997060422166891E-002
   3.15493129371429       4.994806557228072E-002
   3.15589199142857       4.992551702915419E-002
   3.15685268914286       4.990295861018772E-002
   3.15781338685714       4.988039031575507E-002
   3.15877408457143       4.985781214108664E-002
   3.15973478228571       4.983522410316820E-002
   3.16069548000000       4.981262620797194E-002
   3.16165617771429       4.979001845246132E-002
   3.16261687542857       4.976740086049768E-002
   3.16357757314286       4.974477342111783E-002
   3.16453827085714       4.972213615240990E-002
   3.16549896857143       4.969948905372205E-002
   3.16645966628571       4.967683213187950E-002
   3.16742036400000       4.965416539489326E-002
   3.16838106171429       4.963148885166801E-002
   3.16934175942857       4.960880250384388E-002
   3.17030245714286       4.958610635528870E-002
   3.17126315485714       4.956340041332894E-002
   3.17222385257143       4.954068469052762E-002
   3.17318455028571       4.951795919648383E-002
   3.17414524800000       4.949522392412296E-002
   3.17510594571429       4.947247889108086E-002
   3.17606664342857       4.944972409537444E-002
   3.17702734114286       4.942695955393701E-002
   3.17798803885714       4.940418526853765E-002
   3.17894873657143       4.938140123443580E-002
   3.17990943428571       4.935860747495869E-002
   3.18087013200000       4.933580399210016E-002
   3.18183082971429       4.931299078174307E-002
   3.18279152742857       4.929016786083636E-002
   3.18375222514286       4.926733523707233E-002
   3.18471292285714       4.924449291463527E-002
   3.18567362057143       4.922164090632526E-002
   3.18663431828571       4.919877920351154E-002
   3.18759501600000       4.917590782423406E-002
   3.18855571371429       4.915302676661609E-002
   3.18951641142857       4.913013604636657E-002
   3.19047710914286       4.910723567360155E-002
   3.19143780685714       4.908432564802618E-002
   3.19239850457143       4.906140597499251E-002
   3.19335920228571       4.903847666320323E-002
   3.19431990000000       4.901553771977540E-002
   3.19528059771429       4.899258915378508E-002
   3.19624129542857       4.896963096926884E-002
   3.19720199314286       4.894666316867432E-002
   3.19816269085714       4.892368576926224E-002
   3.19912338857143       4.890069877695125E-002
   3.20008408628571       4.887770219084768E-002
   3.20104478400000       4.885469602917086E-002
   3.20200548171429       4.883168028163883E-002
   3.20296617942857       4.880865496945545E-002
   3.20392687714286       4.878562009939066E-002
   3.20488757485714       4.876257567338449E-002
   3.20584827257143       4.873952170251952E-002
   3.20680897028571       4.871645818854083E-002
   3.20776966800000       4.869338513679262E-002
   3.20873036571429       4.867030256300753E-002
   3.20969106342857       4.864721047388213E-002
   3.21065176114286       4.862410887663265E-002
   3.21161245885714       4.860099777054201E-002
   3.21257315657143       4.857787717272075E-002
   3.21353385428571       4.855474708329602E-002
   3.21449455200000       4.853160750714246E-002
   3.21545524971429       4.850845846136258E-002
   3.21641594742857       4.848529994961954E-002
   3.21737664514286       4.846213197540630E-002
   3.21833734285714       4.843895454659519E-002
   3.21929804057143       4.841576767487838E-002
   3.22025873828571       4.839257137305275E-002
   3.22121943600000       4.836936563726527E-002
   3.22218013371429       4.834615047107753E-002
   3.22314083142857       4.832292589935076E-002
   3.22410152914286       4.829969192074028E-002
   3.22506222685714       4.827644853287388E-002
   3.22602292457143       4.825319575990105E-002
   3.22698362228571       4.822993360749964E-002
   3.22794432000000       4.820666206926819E-002
   3.22890501771429       4.818338116586272E-002
   3.22986571542857       4.816009090348013E-002
   3.23082641314286       4.813679127908736E-002
   3.23178711085714       4.811348231514985E-002
   3.23274780857143       4.809016401919694E-002
   3.23370850628571       4.806683638411120E-002
   3.23466920400000       4.804349942834363E-002
   3.23562990171429       4.802015315873542E-002
   3.23659059942857       4.799679757320718E-002
   3.23755129714286       4.797343269677287E-002
   3.23851199485714       4.795005853154195E-002
   3.23947269257143       4.792667508412176E-002
   3.24043339028571       4.790328235410350E-002
   3.24139408800000       4.787988035712423E-002
   3.24235478571429       4.785646910762830E-002
   3.24331548342857       4.783304860454596E-002
   3.24427618114286       4.780961885772774E-002
   3.24523687885714       4.778617987459974E-002
   3.24619757657143       4.776273166265183E-002
   3.24715827428571       4.773927422984721E-002
   3.24811897200000       4.771580759384839E-002
   3.24907966971429       4.769233174237227E-002
   3.25004036742857       4.766884670928134E-002
   3.25100106514286       4.764535248371685E-002
   3.25196176285714       4.762184907599579E-002
   3.25292246057143       4.759833650648674E-002
   3.25388315828571       4.757481477304901E-002
   3.25484385600000       4.755128388421010E-002
   3.25580455371429       4.752774385132261E-002
   3.25676525142857       4.750419467565842E-002
   3.25772594914286       4.748063637391283E-002
   3.25868664685714       4.745706895313799E-002
   3.25964734457143       4.743349243036834E-002
   3.26060804228571       4.740990679557101E-002
   3.26156874000000       4.738631206375136E-002
   3.26252943771429       4.736270824335540E-002
   3.26349013542857       4.733909534926939E-002
   3.26445083314286       4.731547338768643E-002
   3.26541153085714       4.729184235731458E-002
   3.26637222857143       4.726820228033362E-002
   3.26733292628571       4.724455316329584E-002
   3.26829362400000       4.722089499839480E-002
   3.26925432171429       4.719722781976692E-002
   3.27021501942857       4.717355162161652E-002
   3.27117571714286       4.714986640493064E-002
   3.27213641485714       4.712617219509455E-002
   3.27309711257143       4.710246899251562E-002
   3.27405781028571       4.707875680161537E-002
   3.27501850800000       4.705503564048917E-002
   3.27597920571429       4.703130550943091E-002
   3.27693990342857       4.700756642567726E-002
   3.27790060114286       4.698381839786115E-002
   3.27886129885714       4.696006142143634E-002
   3.27982199657143       4.693629551922386E-002
   3.28078269428571       4.691252069858944E-002
   3.28174339200000       4.688873695435303E-002
   3.28270408971429       4.686494432076835E-002
   3.28366478742857       4.684114278690707E-002
   3.28462548514286       4.681733235870710E-002
   3.28558618285714       4.679351306168146E-002
   3.28654688057143       4.676968489925099E-002
   3.28750757828571       4.674584787378603E-002
   3.28846827600000       4.672200200204621E-002
   3.28942897371429       4.669814728946862E-002
   3.29038967142857       4.667428374146220E-002
   3.29135036914286       4.665041137395723E-002
   3.29231106685714       4.662653019222055E-002
   3.29327176457143       4.660264020611492E-002
   3.29423246228571       4.657874143103528E-002
   3.29519316000000       4.655483386568631E-002
   3.29615385771429       4.653091751667472E-002
   3.29711455542857       4.650699240933445E-002
   3.29807525314286       4.648305854621704E-002
   3.29903595085714       4.645911593078312E-002
   3.29999664857143       4.643516457781022E-002
   3.30095734628571       4.641120450067012E-002
   3.30191804400000       4.638723569908285E-002
   3.30287874171429       4.636325818313852E-002
   3.30383943942857       4.633927197322380E-002
   3.30480013714286       4.631527706550361E-002
   3.30576083485714       4.629127347188838E-002
   3.30672153257143       4.626726121619148E-002
   3.30768223028571       4.624324028723664E-002
   3.30864292800000       4.621921071065953E-002
   3.30960362571429       4.619517248556994E-002
   3.31056432342857       4.617112563450254E-002
   3.31152502114286       4.614707015743807E-002
   3.31248571885714       4.612300605669929E-002
   3.31344641657143       4.609893335441952E-002
   3.31440711428571       4.607485205556196E-002
   3.31536781200000       4.605076216751042E-002
   3.31632850971429       4.602666371196033E-002
   3.31728920742857       4.600255668587241E-002
   3.31824990514286       4.597844109884947E-002
   3.31921060285714       4.595431696643330E-002
   3.32017130057143       4.593018430661203E-002
   3.32113199828571       4.590604310899764E-002
   3.32209269600000       4.588189339426561E-002
   3.32305339371429       4.585773517383968E-002
   3.32401409142857       4.583356846276306E-002
   3.32497478914286       4.580939326121072E-002
   3.32593548685714       4.578520957202770E-002
   3.32689618457143       4.576101742413193E-002
   3.32785688228571       4.573681682153578E-002
   3.32881758000000       4.571260776189556E-002
   3.32977827771429       4.568839027805963E-002
   3.33073897542857       4.566416435812982E-002
   3.33169967314286       4.563993001888711E-002
   3.33266037085714       4.561568727639370E-002
   3.33362106857143       4.559143614131542E-002
   3.33458176628571       4.556717660907471E-002
   3.33554246400000       4.554290870748488E-002
   3.33650316171429       4.551863244378100E-002
   3.33746385942857       4.549434781801995E-002
   3.33842455714286       4.547005484479875E-002
   3.33938525485714       4.544575353706841E-002
   3.34034595257143       4.542144391293204E-002
   3.34130665028571       4.539712596424477E-002
   3.34226734800000       4.537279971740527E-002
   3.34322804571429       4.534846516939727E-002
   3.34418874342857       4.532412234583173E-002
   3.34514944114286       4.529977124692429E-002
   3.34611013885714       4.527541188594623E-002
   3.34707083657143       4.525104427227107E-002
   3.34803153428571       4.522666842058540E-002
   3.34899223200000       4.520228433557924E-002
   3.34995292971429       4.517789202785540E-002
   3.35091362742857       4.515349151571767E-002
   3.35187432514286       4.512908279812482E-002
   3.35283502285714       4.510466589455629E-002
   3.35379572057143       4.508024081851263E-002
   3.35475641828571       4.505580756850166E-002
   3.35571711600000       4.503136617137877E-002
   3.35667781371429       4.500691661599001E-002
   3.35763851142857       4.498245893207621E-002
   3.35859920914286       4.495799312591382E-002
   3.35955990685714       4.493351920835147E-002
   3.36052060457143       4.490903718316586E-002
   3.36148130228571       4.488454706746552E-002
   3.36244200000000       4.486004888072448E-002
   3.36340269771429       4.483554261465694E-002
   3.36436339542857       4.481102828987404E-002
   3.36532409314286       4.478650592028125E-002
   3.36628479085714       4.476197551310847E-002
   3.36724548857143       4.473743707490410E-002
   3.36820618628571       4.471289063269518E-002
   3.36916688400000       4.468833617623251E-002
   3.37012758171429       4.466377373247147E-002
   3.37108827942857       4.463920331243991E-002
   3.37204897714286       4.461462491598076E-002
   3.37300967485714       4.459003855686113E-002
   3.37397037257143       4.456544425167405E-002
   3.37493107028571       4.454084201360695E-002
   3.37589176800000       4.451623184905792E-002
   3.37685246571429       4.449161376680334E-002
   3.37781316342857       4.446698778332613E-002
   3.37877386114286       4.444235391455189E-002
   3.37973455885714       4.441771215910047E-002
   3.38069525657143       4.439306253166392E-002
   3.38165595428571       4.436840504730558E-002
   3.38261665200000       4.434373972602320E-002
   3.38357734971429       4.431906656201640E-002
   3.38453804742857       4.429438556929299E-002
   3.38549874514286       4.426969677532629E-002
   3.38645944285714       4.424500017847760E-002
   3.38742014057143       4.422029578463527E-002
   3.38838083828571       4.419558362036259E-002
   3.38934153600000       4.417086369712618E-002
   3.39030223371429       4.414613600549778E-002
   3.39126293142857       4.412140058006046E-002
   3.39222362914286       4.409665742067132E-002
   3.39318432685714       4.407190653932164E-002
   3.39414502457143       4.404714795583888E-002
   3.39510572228571       4.402238167111436E-002
   3.39606642000000       4.399760769771032E-002
   3.39702711771429       4.397282606220718E-002
   3.39798781542857       4.394803676490300E-002
   3.39894851314286       4.392323980791221E-002
   3.39990921085714       4.389843522474586E-002
   3.40086990857143       4.387362301695784E-002
   3.40183060628571       4.384880318579946E-002
   3.40279130400000       4.382397576577287E-002
   3.40375200171429       4.379914074657236E-002
   3.40471269942857       4.377429814847477E-002
   3.40567339714286       4.374944799320164E-002
   3.40663409485714       4.372459027909706E-002
   3.40759479257143       4.369972502440186E-002
   3.40855549028571       4.367485223925188E-002
   3.40951618800000       4.364997193185634E-002
   3.41047688571429       4.362508412385777E-002
   3.41143758342857       4.360018882192452E-002
   3.41239828114286       4.357528604253887E-002
   3.41335897885714       4.355037579195075E-002
   3.41431967657143       4.352545807788111E-002
   3.41528037428571       4.350053292497542E-002
   3.41624107200000       4.347560034202921E-002
   3.41720176971429       4.345066033528969E-002
   3.41816246742857       4.342571291859026E-002
   3.41912316514286       4.340075810924710E-002
   3.42008386285714       4.337579591732699E-002
   3.42104456057143       4.335082635274071E-002
   3.42200525828571       4.332584943442207E-002
   3.42296595600000       4.330086517145119E-002
   3.42392665371429       4.327587356671042E-002
   3.42488735142857       4.325087464510837E-002
   3.42584804914286       4.322586841253045E-002
   3.42680874685714       4.320085488579364E-002
   3.42776944457143       4.317583407081088E-002
   3.42873014228571       4.315080599230343E-002
   3.42969084000000       4.312577065386906E-002
   3.43065153771429       4.310072806219160E-002
   3.43161223542857       4.307567824548825E-002
   3.43257293314286       4.305062120568456E-002
   3.43353363085714       4.302555694970608E-002
   3.43449432857143       4.300048550679532E-002
   3.43545502628571       4.297540688268342E-002
   3.43641572400000       4.295032109249716E-002
   3.43737642171429       4.292522813510666E-002
   3.43833711942857       4.290012803567192E-002
   3.43929781714286       4.287502081161793E-002
   3.44025851485714       4.284990645877156E-002
   3.44121921257143       4.282478500991382E-002
   3.44217991028571       4.279965646243649E-002
   3.44314060800000       4.277452083292904E-002
   3.44410130571429       4.274937814700520E-002
   3.44506200342857       4.272422840037277E-002
   3.44602270114286       4.269907160614999E-002
   3.44698339885714       4.267390779392851E-002
   3.44794409657143       4.264873696709878E-002
   3.44890479428571       4.262355913487106E-002
   3.44986549200000       4.259837431322625E-002
   3.45082618971429       4.257318251813370E-002
   3.45178688742857       4.254798375735434E-002
   3.45274758514286       4.252277804290259E-002
   3.45370828285714       4.249756540345818E-002
   3.45466898057143       4.247234583235324E-002
   3.45562967828571       4.244711935405805E-002
   3.45659037600000       4.242188598653502E-002
   3.45755107371429       4.239664572790040E-002
   3.45851177142857       4.237139860288183E-002
   3.45947246914286       4.234614461697773E-002
   3.46043316685714       4.232088378751044E-002
   3.46139386457143       4.229561612969387E-002
   3.46235456228571       4.227034165948405E-002
   3.46331526000000       4.224506038410499E-002
   3.46427595771429       4.221977231794199E-002
   3.46523665542857       4.219447747878959E-002
   3.46619735314286       4.216917587299688E-002
   3.46715805085714       4.214386752170977E-002
   3.46811874857143       4.211855243455953E-002
   3.46907944628571       4.209323061869078E-002
   3.47004014400000       4.206790209979684E-002
   3.47100084171429       4.204256688906668E-002
   3.47196153942857       4.201722499475533E-002
   3.47292223714286       4.199187643351744E-002
   3.47388293485714       4.196652122090910E-002
   3.47484363257143       4.194115936327660E-002
   3.47580433028571       4.191579088450555E-002
   3.47676502800000       4.189041579608436E-002
   3.47772572571429       4.186503409966053E-002
   3.47868642342857       4.183964582629725E-002
   3.47964712114286       4.181425098104748E-002
   3.48060781885714       4.178884957159845E-002
   3.48156851657143       4.176344162799881E-002
   3.48252921428571       4.173802715044563E-002
   3.48348991200000       4.171260615430267E-002
   3.48445060971429       4.168717866875100E-002
   3.48541130742857       4.166174468260581E-002
   3.48637200514286       4.163630423026200E-002
   3.48733270285714       4.161085732044786E-002
   3.48829340057143       4.158540395805544E-002
   3.48925409828571       4.155994416480718E-002
   3.49021479600000       4.153447796056327E-002
   3.49117549371429       4.150900535412203E-002
   3.49213619142857       4.148352635618676E-002
   3.49309688914286       4.145804098521231E-002
   3.49405758685714       4.143254925113804E-002
   3.49501828457143       4.140705116841886E-002
   3.49597898228571       4.138154676525544E-002
   3.49693968000000       4.135603603103340E-002
   3.49790037771429       4.133051900074978E-002
   3.49886107542857       4.130499568126383E-002
   3.49982177314286       4.127946608670890E-002
   3.50078247085714       4.125393023496546E-002
   3.50174316857143       4.122838813261909E-002
   3.50270386628571       4.120283979944196E-002
   3.50366456400000       4.117728525144429E-002
   3.50462526171429       4.115172449563752E-002
   3.50558595942857       4.112615755501377E-002
   3.50654665714286       4.110058444505438E-002
   3.50750735485714       4.107500516889499E-002
   3.50846805257143       4.104941975917898E-002
   3.50942875028571       4.102382821253384E-002
   3.51038944800000       4.099823055438989E-002
   3.51135014571429       4.097262679283244E-002
   3.51231084342857       4.094701694021405E-002
   3.51327154114286       4.092140102201208E-002
   3.51423223885714       4.089577904759576E-002
   3.51519293657143       4.087015103652832E-002
   3.51615363428571       4.084451699944215E-002
   3.51711433200000       4.081887694403272E-002
   3.51807502971429       4.079323089100780E-002
   3.51903572742857       4.076757885101565E-002
   3.51999642514286       4.074192085537538E-002
   3.52095712285714       4.071625690057732E-002
   3.52191782057143       4.069058700248480E-002
   3.52287851828571       4.066491119639939E-002
   3.52383921600000       4.063922947239831E-002
   3.52479991371429       4.061354185703215E-002
   3.52576061142857       4.058784836602825E-002
   3.52672130914286       4.056214900948920E-002
   3.52768200685714       4.053644380295321E-002
   3.52864270457143       4.051073276785549E-002
   3.52960340228571       4.048501591899428E-002
   3.53056410000000       4.045929325863217E-002
   3.53152479771429       4.043356481287615E-002
   3.53248549542857       4.040783059557138E-002
   3.53344619314286       4.038209062256222E-002
   3.53440689085714       4.035634490942777E-002
   3.53536758857143       4.033059347132621E-002
   3.53632828628571       4.030483632548444E-002
   3.53728898400000       4.027907347849660E-002
   3.53824968171429       4.025330495092432E-002
   3.53921037942857       4.022753075657119E-002
   3.54017107714286       4.020175090910692E-002
   3.54113177485714       4.017596543153279E-002
   3.54209247257143       4.015017433811917E-002
   3.54305317028571       4.012437764350399E-002
   3.54401386800000       4.009857535453647E-002
   3.54497456571429       4.007276748790838E-002
   3.54593526342857       4.004695407692450E-002
   3.54689596114286       4.002113512092519E-002
   3.54785665885714       3.999531063216667E-002
   3.54881735657143       3.996948063433922E-002
   3.54977805428571       3.994364514685474E-002
   3.55073875200000       3.991780417747139E-002
   3.55169944971429       3.989195774189381E-002
   3.55266014742857       3.986610586365912E-002
   3.55362084514286       3.984024855286364E-002
   3.55458154285714       3.981438582037875E-002
   3.55554224057143       3.978851769057205E-002
   3.55650293828571       3.976264417787927E-002
   3.55746363600000       3.973676529838848E-002
   3.55842433371429       3.971088105836885E-002
   3.55938503142857       3.968499148139352E-002
   3.56034572914286       3.965909658272693E-002
   3.56130642685714       3.963319638723548E-002
   3.56226712457143       3.960729090009459E-002
   3.56322782228571       3.958138013310895E-002
   3.56418852000000       3.955546410800768E-002
   3.56514921771429       3.952954284371419E-002
   3.56610991542857       3.950361635732065E-002
   3.56707061314286       3.947768465041603E-002
   3.56803131085714       3.945174775784362E-002
   3.56899200857143       3.942580569315101E-002
   3.56995270628571       3.939985845284565E-002
   3.57091340400000       3.937390608061842E-002
   3.57187410171429       3.934794856770626E-002
   3.57283479942857       3.932198594684399E-002
   3.57379549714286       3.929601823120760E-002
   3.57475619485714       3.927004542846763E-002
   3.57571689257143       3.924406756966230E-002
   3.57667759028571       3.921808466572282E-002
   3.57763828800000       3.919209671980275E-002
   3.57859898571429       3.916610376088878E-002
   3.57955968342857       3.914010580768162E-002
   3.58052038114286       3.911410285937077E-002
   3.58148107885714       3.908809495876822E-002
   3.58244177657143       3.906208210526195E-002
   3.58340247428571       3.903606430934455E-002
   3.58436317200000       3.901004160568836E-002
   3.58532386971429       3.898401399967482E-002
   3.58628456742857       3.895798150279170E-002
   3.58724526514286       3.893194414390867E-002
   3.58820596285714       3.890590193798639E-002
   3.58916666057143       3.887985489284001E-002
   3.59012735828571       3.885380302751628E-002
   3.59108805600000       3.882774636545161E-002
   3.59204875371429       3.880168492038561E-002
   3.59300945142857       3.877561869925201E-002
   3.59397014914286       3.874954773539204E-002
   3.59493084685714       3.872347203701043E-002
   3.59589154457143       3.869739161803178E-002
   3.59685224228571       3.867130649354307E-002
   3.59781294000000       3.864521668516123E-002
   3.59877363771429       3.861912221245865E-002
   3.59973433542857       3.859302309016977E-002
   3.60069503314286       3.856691933295881E-002
   3.60165573085714       3.854081095980705E-002
   3.60261642857143       3.851469799143144E-002
   3.60357712628571       3.848858043541252E-002
   3.60453782400000       3.846245831658083E-002
   3.60549852171429       3.843633164008912E-002
   3.60645921942857       3.841020044058725E-002
   3.60741991714286       3.838406471569081E-002
   3.60838061485714       3.835792450102449E-002
   3.60934131257143       3.833177980942484E-002
   3.61030201028571       3.830563064270179E-002
   3.61126270800000       3.827947703115938E-002
   3.61222340571429       3.825331899518924E-002
   3.61318410342857       3.822715654548456E-002
   3.61414480114286       3.820098970413467E-002
   3.61510549885714       3.817481847841566E-002
   3.61606619657143       3.814864289335181E-002
   3.61702689428571       3.812246296326668E-002
   3.61798759200000       3.809627871322350E-002
   3.61894828971429       3.807009014958466E-002
   3.61990898742857       3.804389729635011E-002
   3.62086968514286       3.801770015988306E-002
   3.62183038285714       3.799149877447680E-002
   3.62279108057143       3.796529315197326E-002
   3.62375177828571       3.793908329519832E-002
   3.62471247600000       3.791286924255812E-002
   3.62567317371429       3.788665100635411E-002
   3.62663387142857       3.786042858968049E-002
   3.62759456914286       3.783420202655224E-002
   3.62855526685714       3.780797133049928E-002
   3.62951596457143       3.778173651726543E-002
   3.63047666228571       3.775549760257776E-002
   3.63143736000000       3.772925460130142E-002
   3.63239805771429       3.770300753392089E-002
   3.63335875542857       3.767675642933394E-002
   3.63431945314286       3.765050129008280E-002
   3.63528015085714       3.762424213789319E-002
   3.63624084857143       3.759797900025930E-002
   3.63720154628571       3.757171187645669E-002
   3.63816224400000       3.754544079590169E-002
   3.63912294171429       3.751916577835793E-002
   3.64008363942857       3.749288683108916E-002
   3.64104433714286       3.746660398756376E-002
   3.64200503485714       3.744031725512285E-002
   3.64296573257143       3.741402664740487E-002
   3.64392643028571       3.738773218643748E-002
   3.64488712800000       3.736143389856011E-002
   3.64584782571429       3.733513179452533E-002
   3.64680852342857       3.730882589019654E-002
   3.64776922114286       3.728251620652808E-002
   3.64872991885714       3.725620276177853E-002
   3.64969061657143       3.722988557551919E-002
   3.65065131428571       3.720356465713384E-002
   3.65161201200000       3.717724003946511E-002
   3.65257270971429       3.715091172803640E-002
   3.65353340742857       3.712457973721785E-002
   3.65449410514286       3.709824410035691E-002
   3.65545480285714       3.707190482687689E-002
   3.65641550057143       3.704556193390989E-002
   3.65737619828571       3.701921545159002E-002
   3.65833689600000       3.699286538252868E-002
   3.65929759371429       3.696651174795210E-002
   3.66025829142857       3.694015457496622E-002
   3.66121898914286       3.691379386627897E-002
   3.66217968685714       3.688742965544214E-002
   3.66314038457143       3.686106195626000E-002
   3.66410108228571       3.683469079300635E-002
   3.66506178000000       3.680831616214294E-002
   3.66602247771429       3.678193810501739E-002
   3.66698317542857       3.675555663131884E-002
   3.66794387314286       3.672917176033377E-002
   3.66890457085714       3.670278351261266E-002
   3.66986526857143       3.667639189885329E-002
   3.67082596628571       3.664999694783384E-002
   3.67178666400000       3.662359867628175E-002
   3.67274736171429       3.659719709002547E-002
   3.67370805942857       3.657079222276920E-002
   3.67466875714286       3.654438408596471E-002
   3.67562945485714       3.651797269685645E-002
   3.67659015257143       3.649155808848127E-002
   3.67755085028571       3.646514025784194E-002
   3.67851154800000       3.643871923526964E-002
   3.67947224571429       3.641229504024684E-002
   3.68043294342857       3.638586768584784E-002
   3.68139364114286       3.635943719263044E-002
   3.68235433885714       3.633300358708089E-002
   3.68331503657143       3.630656688322937E-002
   3.68427573428571       3.628012709340482E-002
   3.68523643200000       3.625368424028563E-002
   3.68619712971429       3.622723834102905E-002
   3.68715782742857       3.620078942723891E-002
   3.68811852514286       3.617433750441201E-002
   3.68907922285714       3.614788258720278E-002
   3.69003992057143       3.612142470942230E-002
   3.69100061828571       3.609496387790814E-002
   3.69196131600000       3.606850012157185E-002
   3.69292201371429       3.604203345488444E-002
   3.69388271142857       3.601556389311429E-002
   3.69484340914286       3.598909145781430E-002
   3.69580410685714       3.596261616509189E-002
   3.69676480457143       3.593613804158826E-002
   3.69772550228571       3.590965710570883E-002
   3.69868620000000       3.588317336661567E-002
   3.69964689771429       3.585668685722346E-002
   3.70060759542857       3.583019758249564E-002
   3.70156829314286       3.580370557567265E-002
   3.70252899085714       3.577721084535821E-002
   3.70348968857143       3.575071341007748E-002
   3.70445038628571       3.572421329845040E-002
   3.70541108400000       3.569771051739388E-002
   3.70637178171429       3.567120509570161E-002
   3.70733247942857       3.564469705623251E-002
   3.70829317714286       3.561818640378128E-002
   3.70925387485714       3.559167317225507E-002
   3.71021457257143       3.556515737290394E-002
   3.71117527028571       3.553863902325009E-002
   3.71213596800000       3.551211815578648E-002
   3.71309666571429       3.548559477647907E-002
   3.71405736342857       3.545906890863348E-002
   3.71501806114286       3.543254056859498E-002
   3.71597875885714       3.540600977699294E-002
   3.71693945657143       3.537947655887947E-002
   3.71790015428571       3.535294093352782E-002
   3.71886085200000       3.532640291308405E-002
   3.71982154971429       3.529986252162410E-002
   3.72078224742857       3.527331978481020E-002
   3.72174294514286       3.524677471000665E-002
   3.72270364285714       3.522022732212560E-002
   3.72366434057143       3.519367763567118E-002
   3.72462503828571       3.516712568306114E-002
   3.72558573600000       3.514057148196788E-002
   3.72654643371429       3.511401503506326E-002
   3.72750713142857       3.508745638238167E-002
   3.72846782914286       3.506089553042815E-002
   3.72942852685714       3.503433250296580E-002
   3.73038922457143       3.500776732883822E-002
   3.73134992228571       3.498120000968032E-002
   3.73231062000000       3.495463057456447E-002
   3.73327131771429       3.492805905486230E-002
   3.73423201542857       3.490148544921435E-002
   3.73519271314286       3.487490979247258E-002
   3.73615341085714       3.484833209862286E-002
   3.73711410857143       3.482175238179055E-002
   3.73807480628571       3.479517067389324E-002
   3.73903550400000       3.476858699339475E-002
   3.73999620171429       3.474200135387329E-002
   3.74095689942857       3.471541377547375E-002
   3.74191759714286       3.468882428558932E-002
   3.74287829485714       3.466223289547972E-002
   3.74383899257143       3.463563962615832E-002
   3.74479969028571       3.460904450865702E-002
   3.74576038800000       3.458244754403741E-002
   3.74672108571429       3.455584877448778E-002
   3.74768178342857       3.452924820413077E-002
   3.74864248114286       3.450264585794027E-002
   3.74960317885714       3.447604175001699E-002
   3.75056387657143       3.444943591112878E-002
   3.75152457428571       3.442282836130005E-002
   3.75248527200000       3.439621911297792E-002
   3.75344596971429       3.436960818858712E-002
   3.75440666742857       3.434299560609033E-002
   3.75536736514286       3.431638138725635E-002
   3.75632806285714       3.428976556136137E-002
   3.75728876057143       3.426314814081968E-002
   3.75824945828571       3.423652914264199E-002
   3.75921015600000       3.420990859069504E-002
   3.76017085371429       3.418328650796593E-002
   3.76113155142857       3.415666291966414E-002
   3.76209224914286       3.413003783169102E-002
   3.76305294685714       3.410341127241768E-002
   3.76401364457143       3.407678326449365E-002
   3.76497434228571       3.405015381661274E-002
   3.76593504000000       3.402352296338763E-002
   3.76689573771429       3.399689072585130E-002
   3.76785643542857       3.397025710988515E-002
   3.76881713314286       3.394362214758090E-002
   3.76977783085714       3.391698585404788E-002
   3.77073852857143       3.389034826142068E-002
   3.77169922628571       3.386370937518443E-002
   3.77265992400000       3.383706921812851E-002
   3.77362062171429       3.381042782411637E-002
   3.77458131942857       3.378378520190534E-002
   3.77554201714286       3.375714137020916E-002
   3.77650271485714       3.373049635369521E-002
   3.77746341257143       3.370385017645291E-002
   3.77842411028571       3.367720285701589E-002
   3.77938480800000       3.365055441401275E-002
   3.78034550571429       3.362390486835208E-002
   3.78130620342857       3.359725423840077E-002
   3.78226690114286       3.357060255444293E-002
   3.78322759885714       3.354394982220912E-002
   3.78418829657143       3.351729608474865E-002
   3.78514899428571       3.349064133851524E-002
   3.78610969200000       3.346398562163057E-002
   3.78707038971429       3.343732894839448E-002
   3.78803108742857       3.341067133242927E-002
   3.78899178514286       3.338401280862834E-002
   3.78995248285714       3.335735339227994E-002
   3.79091318057143       3.333069310109377E-002
   3.79187387828571       3.330403195991533E-002
   3.79283457600000       3.327736998061280E-002
   3.79379527371429       3.325070720283601E-002
   3.79475597142857       3.322404363075907E-002
   3.79571666914286       3.319737928938735E-002
   3.79667736685714       3.317071420174749E-002
   3.79763806457143       3.314404839220367E-002
   3.79859876228571       3.311738187606551E-002
   3.79955946000000       3.309071467594218E-002
   3.80052015771429       3.306404680869746E-002
   3.80148085542857       3.303737829764279E-002
   3.80244155314286       3.301070917506176E-002
   3.80340225085714       3.298403945478637E-002
   3.80436294857143       3.295736914973463E-002
   3.80532364628571       3.293069829181584E-002
   3.80628434400000       3.290402689450714E-002
   3.80724504171429       3.287735498220684E-002
   3.80820573942857       3.285068257886380E-002
   3.80916643714286       3.282400969834148E-002
   3.81012713485714       3.279733637156475E-002
   3.81108783257143       3.277066261877346E-002
   3.81204853028571       3.274398845124139E-002
   3.81300922800000       3.271731389661176E-002
   3.81396992571429       3.269063897910763E-002
   3.81493062342857       3.266396371456261E-002
   3.81589132114286       3.263728812866027E-002
   3.81685201885714       3.261061224268022E-002
   3.81781271657143       3.258393607157554E-002
   3.81877341428571       3.255725964001632E-002
   3.81973411200000       3.253058298115514E-002
   3.82069480971429       3.250390609030480E-002
   3.82165550742857       3.247722901442995E-002
   3.82261620514286       3.245055176946754E-002
   3.82357690285714       3.242387436315628E-002
   3.82453760057143       3.239719682352916E-002
   3.82549829828571       3.237051918021612E-002
   3.82645899600000       3.234384144955717E-002
   3.82741969371429       3.231716365364702E-002
   3.82838039142857       3.229048581990016E-002
   3.82934108914286       3.226380795418007E-002
   3.83030178685714       3.223713008287303E-002
   3.83126248457143       3.221045223745516E-002
   3.83222318228571       3.218377443267251E-002
   3.83318388000000       3.215709669090326E-002
   3.83414457771429       3.213041903761857E-002
   3.83510527542857       3.210374148671603E-002
   3.83606597314286       3.207706406768124E-002
   3.83702667085714       3.205038679732567E-002
   3.83798736857143       3.202370968977110E-002
   3.83894806628571       3.199703278419233E-002
   3.83990876400000       3.197035609892775E-002
   3.84086946171429       3.194367963859376E-002
   3.84183015942857       3.191700344396657E-002
   3.84279085714286       3.189032751940271E-002
   3.84375155485714       3.186365190749196E-002
   3.84471225257143       3.183697661414191E-002
   3.84567295028571       3.181030166947139E-002
   3.84663364800000       3.178362709183046E-002
   3.84759434571429       3.175695290286971E-002
   3.84855504342857       3.173027911818487E-002
   3.84951574114286       3.170360576801748E-002
   3.85047643885714       3.167693288077621E-002
   3.85143713657143       3.165026046256886E-002
   3.85239783428571       3.162358854338856E-002
   3.85335853200000       3.159691715097741E-002
   3.85431922971429       3.157024629164946E-002
   3.85527992742857       3.154357599847615E-002
   3.85624062514286       3.151690629540028E-002
   3.85720132285714       3.149023719721221E-002
   3.85816202057143       3.146356872649115E-002
   3.85912271828571       3.143690090504794E-002
   3.86008341600000       3.141023376474191E-002
   3.86104411371429       3.138356732289565E-002
   3.86200481142857       3.135690159027554E-002
   3.86296550914286       3.133023659600918E-002
   3.86392620685714       3.130357237094206E-002
   3.86488690457143       3.127690893396604E-002
   3.86584760228571       3.125024629306911E-002
   3.86680830000000       3.122358448149888E-002
   3.86776899771429       3.119692352192347E-002
   3.86872969542857       3.117026343852223E-002
   3.86969039314286       3.114360424670782E-002
   3.87065109085714       3.111694596836037E-002
   3.87161178857143       3.109028862541356E-002
   3.87257248628571       3.106363224942007E-002
   3.87353318400000       3.103697685811929E-002
   3.87449388171429       3.101032246550171E-002
   3.87545457942857       3.098366910517641E-002
   3.87641527714286       3.095701679673087E-002
   3.87737597485714       3.093036555560335E-002
   3.87833667257143       3.090371540629796E-002
   3.87929737028571       3.087706638150794E-002
   3.88025806800000       3.085041848574090E-002
   3.88121876571429       3.082377175876090E-002
   3.88217946342857       3.079712621394921E-002
   3.88314016114286       3.077048186392521E-002
   3.88410085885714       3.074383875109545E-002
   3.88506155657143       3.071719688890866E-002
   3.88602225428571       3.069055629149366E-002
   3.88698295200000       3.066391699628423E-002
   3.88794364971429       3.063727901539622E-002
   3.88890434742857       3.061064237480405E-002
   3.88986504514286       3.058400709669253E-002
   3.89082574285714       3.055737319586218E-002
   3.89178644057143       3.053074070409657E-002
   3.89274713828571       3.050410964632538E-002
   3.89370783600000       3.047748003753179E-002
   3.89466853371429       3.045085189966134E-002
   3.89562923142857       3.042422525460466E-002
   3.89658992914286       3.039760013372829E-002
   3.89755062685714       3.037097655528028E-002
   3.89851132457143       3.034435453299220E-002
   3.89947202228571       3.031773409974243E-002
   3.90043272000000       3.029111527740605E-002
   3.90139341771429       3.026449808858660E-002
   3.90235411542857       3.023788254827385E-002
   3.90331481314286       3.021126869017565E-002
   3.90427551085714       3.018465651764561E-002
   3.90523620857143       3.015804607959877E-002
   3.90619690628571       3.013143738221466E-002
   3.90715760400000       3.010483044482068E-002
   3.90811830171429       3.007822529818163E-002
   3.90907899942857       3.005162196288988E-002
   3.91003969714286       3.002502046428216E-002
   3.91100039485714       2.999842082148022E-002
   3.91196109257143       2.997182305333984E-002
   3.91292179028571       2.994522719071022E-002
   3.91388248800000       2.991863324783020E-002
   3.91484318571429       2.989204125754699E-002
   3.91580388342857       2.986545123497206E-002
   3.91676458114286       2.983886320074646E-002
   3.91772527885714       2.981227718976185E-002
   3.91868597657143       2.978569320996830E-002
   3.91964667428571       2.975911129267591E-002
   3.92060737200000       2.973253146041758E-002
   3.92156806971429       2.970595372674645E-002
   3.92252876742857       2.967937812615943E-002
   3.92348946514286       2.965280467544066E-002
   3.92445016285714       2.962623339519616E-002
   3.92541086057143       2.959966432364805E-002
   3.92637155828571       2.957309745702573E-002
   3.92733225600000       2.954653283657299E-002
   3.92829295371429       2.951997048748064E-002
   3.92925365142857       2.949341042432507E-002
   3.93021434914286       2.946685266891889E-002
   3.93117504685714       2.944029724500536E-002
   3.93213574457143       2.941374417623774E-002
   3.93309644228571       2.938719348418299E-002
   3.93405714000000       2.936064519799842E-002
   3.93501783771429       2.933409934136766E-002
   3.93597853542857       2.930755592343308E-002
   3.93693923314286       2.928101497803791E-002
   3.93789993085714       2.925447652708360E-002
   3.93886062857143       2.922794059458766E-002
   3.93982132628571       2.920140719469768E-002
   3.94078202400000       2.917487635773970E-002
   3.94174272171429       2.914834811021226E-002
   3.94270341942857       2.912182246824583E-002
   3.94366411714286       2.909529945020235E-002
   3.94462481485714       2.906877908706201E-002
   3.94558551257143       2.904226140182004E-002
   3.94654621028571       2.901574641423215E-002
   3.94750690800000       2.898923415410034E-002
   3.94846760571429       2.896272463549959E-002
   3.94942830342857       2.893621788292337E-002
   3.95038900114286       2.890971391914326E-002
   3.95134969885714       2.888321277778124E-002
   3.95231039657143       2.885671446338248E-002
   3.95327109428571       2.883021901530617E-002
   3.95423179200000       2.880372644466917E-002
   3.95519248971429       2.877723678225745E-002
   3.95615318742857       2.875075005005236E-002
   3.95711388514286       2.872426626257934E-002
   3.95807458285714       2.869778545272470E-002
   3.95903528057143       2.867130764125174E-002
   3.95999597828571       2.864483285261603E-002
   3.96095667600000       2.861836110898820E-002
   3.96191737371429       2.859189242540402E-002
   3.96287807142857       2.856542683391214E-002
   3.96383876914286       2.853896435916908E-002
   3.96479946685714       2.851250501511276E-002
   3.96576016457143       2.848604883053135E-002
   3.96672086228571       2.845959583328505E-002
   3.96768156000000       2.843314604017728E-002
   3.96864225771429       2.840669946865346E-002
   3.96960295542857       2.838025614844311E-002
   3.97056365314286       2.835381610498202E-002
   3.97152435085714       2.832737935590660E-002
   3.97248504857143       2.830094593221395E-002
   3.97344574628571       2.827451584827752E-002
   3.97440644400000       2.824808913757032E-002
   3.97536714171429       2.822166580341694E-002
   3.97632783942857       2.819524589614352E-002
   3.97728853714286       2.816882941787166E-002
   3.97824923485714       2.814241640002954E-002
   3.97920993257143       2.811600686108101E-002
   3.98017063028571       2.808960082229160E-002
   3.98113132800000       2.806319832369732E-002
   3.98209202571429       2.803679937601456E-002
   3.98305272342857       2.801040399604303E-002
   3.98401342114286       2.798401222080271E-002
   3.98497411885714       2.795762405611510E-002
   3.98593481657143       2.793123954424922E-002
   3.98689551428571       2.790485869919111E-002
   3.98785621200000       2.787848154371356E-002
   3.98881690971429       2.785210810162536E-002
   3.98977760742857       2.782573839599909E-002
   3.99073830514286       2.779937245023813E-002
   3.99169900285714       2.777301028762234E-002
   3.99265970057143       2.774665193147026E-002
   3.99362039828571       2.772029740509821E-002
   3.99458109600000       2.769394673179433E-002
   3.99554179371429       2.766759993492931E-002
   3.99650249142857       2.764125703769510E-002
   3.99746318914286       2.761491806350136E-002
   3.99842388685714       2.758858303633141E-002
   3.99938458457143       2.756225196884106E-002
   4.00034528228571       2.753592490274570E-002
   4.00130598000000       2.750960184654330E-002
   4.00226667771429       2.748328283373680E-002
   4.00322737542857       2.745696788359146E-002
   4.00418807314286       2.743065701264409E-002
   4.00514877085714       2.740435025307267E-002
   4.00610946857143       2.737804762562254E-002
   4.00707016628571       2.735174915495304E-002
   4.00803086400000       2.732545486258226E-002
   4.00899156171429       2.729916476415181E-002
   4.00995225942857       2.727287889211532E-002
   4.01091295714286       2.724659726951593E-002
   4.01187365485714       2.722031991960099E-002
   4.01283435257143       2.719404686538424E-002
   4.01379505028571       2.716777813177361E-002
   4.01475574800000       2.714151373458426E-002
   4.01571644571429       2.711525369794884E-002
   4.01667714342857       2.708899805324675E-002
   4.01763784114286       2.706274681628911E-002
   4.01859853885714       2.703650001068157E-002
   4.01955923657143       2.701025767222676E-002
   4.02051993428571       2.698401980633341E-002
   4.02148063200000       2.695778644693196E-002
   4.02244132971429       2.693155761725317E-002
   4.02340202742857       2.690533333125383E-002
   4.02436272514286       2.687911361954815E-002
   4.02532342285714       2.685289850704847E-002
   4.02628412057143       2.682668801843400E-002
   4.02724481828571       2.680048216830219E-002
   4.02820551600000       2.677428098709838E-002
   4.02916621371429       2.674808450345683E-002
   4.03012691142857       2.672189272270696E-002
   4.03108760914286       2.669570567688579E-002
   4.03204830685714       2.666952340146188E-002
   4.03300900457143       2.664334590193276E-002
   4.03396970228571       2.661717321206632E-002
   4.03493040000000       2.659100534473209E-002
   4.03589109771429       2.656484234060842E-002
   4.03685179542857       2.653868421198128E-002
   4.03781249314286       2.651253097256471E-002
   4.03877319085714       2.648638266318724E-002
   4.03973388857143       2.646023930330684E-002
   4.04069458628571       2.643410090754408E-002
   4.04165528400000       2.640796750968944E-002
   4.04261598171429       2.638183912780840E-002
   4.04357667942857       2.635571577966290E-002
   4.04453737714286       2.632959749758421E-002
   4.04549807485714       2.630348430390666E-002
   4.04645877257143       2.627737622285911E-002
   4.04741947028571       2.625127326808584E-002
   4.04838016800000       2.622517547172051E-002
   4.04934086571429       2.619908284879615E-002
   4.05030156342857       2.617299543499765E-002
   4.05126226114286       2.614691324951871E-002
   4.05222295885714       2.612083631000497E-002
   4.05318365657143       2.609476464233286E-002
   4.05414435428571       2.606869826922681E-002
   4.05510505200000       2.604263722346310E-002
   4.05606574971429       2.601658150514279E-002
   4.05702644742857       2.599053116543970E-002
   4.05798714514286       2.596448620829509E-002
   4.05894784285714       2.593844666498146E-002
   4.05990854057143       2.591241256162947E-002
   4.06086923828571       2.588638391194050E-002
   4.06182993600000       2.586036074393260E-002
   4.06279063371429       2.583434308488814E-002
   4.06375133142857       2.580833095774871E-002
   4.06471202914286       2.578232438282559E-002
   4.06567272685714       2.575632337489168E-002
   4.06663342457143       2.573032796434643E-002
   4.06759412228571       2.570433818659578E-002
   4.06855482000000       2.567835404720162E-002
   4.06951551771429       2.565237557988586E-002
   4.07047621542857       2.562640279855803E-002
   4.07143691314286       2.560043573373957E-002
   4.07239761085714       2.557447441201619E-002
   4.07335830857143       2.554851884758969E-002
   4.07431900628571       2.552256906682640E-002
   4.07527970400000       2.549662509971269E-002
   4.07624040171429       2.547068696210270E-002
   4.07720109942857       2.544475467651456E-002
   4.07816179714286       2.541882827082770E-002
   4.07912249485714       2.539290776141870E-002
   4.08008319257143       2.536699318016693E-002
   4.08104389028571       2.534108454091859E-002
   4.08200458800000       2.531518187585449E-002
   4.08296528571429       2.528928520976605E-002
   4.08392598342857       2.526339455606268E-002
   4.08488668114286       2.523750994563593E-002
   4.08584737885714       2.521163139664054E-002
   4.08680807657143       2.518575893513065E-002
   4.08776877428571       2.515989258409526E-002
   4.08872947200000       2.513403236478197E-002
   4.08969016971429       2.510817830482491E-002
   4.09065086742857       2.508233042118844E-002
   4.09161156514286       2.505648874519822E-002
   4.09257226285714       2.503065329098519E-002
   4.09353296057143       2.500482409142224E-002
   4.09449365828571       2.497900116154015E-002
   4.09545435600000       2.495318452247665E-002
   4.09641505371429       2.492737420684791E-002
   4.09737575142857       2.490157023359596E-002
   4.09833644914286       2.487577262015413E-002
   4.09929714685714       2.484998139815778E-002
   4.10025784457143       2.482419658968632E-002
   4.10121854228571       2.479841821615902E-002
   4.10217924000000       2.477264630362276E-002
   4.10313993771429       2.474688086113739E-002
   4.10410063542857       2.472112193120745E-002
   4.10506133314286       2.469536953522213E-002
   4.10602203085714       2.466962367936707E-002
   4.10698272857143       2.464388439343110E-002
   4.10794342628571       2.461815171141108E-002
   4.10890412400000       2.459242565054925E-002
   4.10986482171429       2.456670623079854E-002
   4.11082551942857       2.454099347659157E-002
   4.11178621714286       2.451528741087942E-002
   4.11274691485714       2.448958805708797E-002
   4.11370761257143       2.446389543847508E-002
   4.11466831028571       2.443820957841811E-002
   4.11562900800000       2.441253050011032E-002
   4.11658970571429       2.438685822695684E-002
   4.11755040342857       2.436119278293668E-002
   4.11851110114286       2.433553418080213E-002
   4.11947179885714       2.430988246173257E-002
   4.12043249657143       2.428423763650071E-002
   4.12139319428571       2.425859972804499E-002
   4.12235389200000       2.423296876784928E-002
   4.12331458971429       2.420734476863965E-002
   4.12427528742857       2.418172776123372E-002
   4.12523598514286       2.415611777006798E-002
   4.12619668285714       2.413051480297993E-002
   4.12715738057143       2.410491890591420E-002
   4.12811807828571       2.407933007518713E-002
   4.12907877600000       2.405374836263071E-002
   4.13003947371429       2.402817377379058E-002
   4.13100017142857       2.400260633088743E-002
   4.13196086914286       2.397704605672352E-002
   4.13292156685714       2.395149298248657E-002
   4.13388226457143       2.392594712883389E-002
   4.13484296228571       2.390040851251078E-002
   4.13580366000000       2.387487716343176E-002
   4.13676435771429       2.384935310844058E-002
   4.13772505542857       2.382383635846420E-002
   4.13868575314286       2.379832693535482E-002
   4.13964645085714       2.377282487712905E-002
   4.14060714857143       2.374733018867735E-002
   4.14156784628571       2.372184291247236E-002
   4.14252854400000       2.369636305470867E-002
   4.14348924171429       2.367089064425995E-002
   4.14444993942857       2.364542570702139E-002
   4.14541063714286       2.361996826693102E-002
   4.14637133485714       2.359451834011426E-002
   4.14733203257143       2.356907595168272E-002
   4.14829273028571       2.354364112616852E-002
   4.14925342800000       2.351821388396105E-002
   4.15021412571429       2.349279425130386E-002
   4.15117482342857       2.346738223861176E-002
   4.15213552114286       2.344197789505418E-002
   4.15309621885714       2.341658121554925E-002
   4.15405691657143       2.339119224251763E-002
   4.15501761428571       2.336581098251709E-002
   4.15597831200000       2.334043747095434E-002
   4.15693900971429       2.331507173227653E-002
   4.15789970742857       2.328971377666314E-002
   4.15886040514286       2.326436363034475E-002
   4.15982110285714       2.323902132214234E-002
   4.16078180057143       2.321368687499963E-002
   4.16174249828571       2.318836030948454E-002
   4.16270319600000       2.316304164303258E-002
   4.16366389371429       2.313773090753903E-002
   4.16462459142857       2.311242811690254E-002
   4.16558528914286       2.308713329511510E-002
   4.16654598685714       2.306184646393113E-002
   4.16750668457143       2.303656765768396E-002
   4.16846738228571       2.301129688372476E-002
   4.16942808000000       2.298603417482972E-002
   4.17038877771429       2.296077955167738E-002
   4.17134947542857       2.293553302979759E-002
   4.17231017314286       2.291029464098429E-002
   4.17327087085714       2.288506440842018E-002
   4.17423156857143       2.285984235049122E-002
   4.17519226628571       2.283462847825461E-002
   4.17615296400000       2.280942284112308E-002
   4.17711366171429       2.278422543406721E-002
   4.17807435942857       2.275903629921912E-002
   4.17903505714286       2.273385544319362E-002
   4.17999575485714       2.270868290272075E-002
   4.18095645257143       2.268351869317128E-002
   4.18191715028571       2.265836283395370E-002
   4.18287784800000       2.263321535740402E-002
   4.18383854571429       2.260807627929792E-002
   4.18479924342857       2.258294562117866E-002
   4.18575994114286       2.255782341245031E-002
   4.18672063885714       2.253270966714674E-002
   4.18768133657143       2.250760440995532E-002
   4.18864203428571       2.248250766393805E-002
   4.18960273200000       2.245741945246836E-002
   4.19056342971429       2.243233979861925E-002
   4.19152412742857       2.240726872681869E-002
   4.19248482514286       2.238220625373023E-002
   4.19344552285714       2.235715239782871E-002
   4.19440622057143       2.233210719027370E-002
   4.19536691828571       2.230707065411878E-002
   4.19632761600000       2.228204280700967E-002
   4.19728831371429       2.225702366963872E-002
   4.19824901142857       2.223201326164484E-002
   4.19920970914286       2.220701162182168E-002
   4.20017040685714       2.218201875486451E-002
   4.20113110457143       2.215703469413565E-002
   4.20209180228571       2.213205945493087E-002
   4.20305250000000       2.210709305917896E-002
   4.20401319771429       2.208213553100572E-002
   4.20497389542857       2.205718689296562E-002
   4.20593459314286       2.203224717018520E-002
   4.20689529085714       2.200731637959405E-002
   4.20785598857143       2.198239454378876E-002
   4.20881668628571       2.195748169094184E-002
   4.20977738400000       2.193257783549369E-002
   4.21073808171429       2.190768300227121E-002
   4.21169877942857       2.188279721435908E-002
   4.21265947714286       2.185792049552509E-002
   4.21362017485714       2.183305285959749E-002
   4.21458087257143       2.180819433895112E-002
   4.21554157028571       2.178334494904117E-002
   4.21650226800000       2.175850472004277E-002
   4.21746296571429       2.173367366614759E-002
   4.21842366342857       2.170885180561314E-002
   4.21938436114286       2.168403917090542E-002
   4.22034505885714       2.165923577986190E-002
   4.22130575657143       2.163444164943383E-002
   4.22226645428571       2.160965680403564E-002
   4.22322715200000       2.158488126675250E-002
   4.22418784971429       2.156011506095507E-002
   4.22514854742857       2.153535820953886E-002
   4.22610924514286       2.151061073832298E-002
   4.22706994285714       2.148587265227015E-002
   4.22803064057143       2.146114398611187E-002
   4.22899133828571       2.143642476577100E-002
   4.22995203600000       2.141171500102950E-002
   4.23091273371429       2.138701471790519E-002
   4.23187343142857       2.136232394301663E-002
   4.23283412914286       2.133764269000668E-002
   4.23379482685714       2.131297098764882E-002
   4.23475552457143       2.128830886295288E-002
   4.23571622228571       2.126365631419642E-002
   4.23667692000000       2.123901339326476E-002
   4.23763761771429       2.121438009635273E-002
   4.23859831542857       2.118975646226304E-002
   4.23955901314286       2.116514250318074E-002
   4.24051971085714       2.114053824115813E-002
   4.24148040857143       2.111594370903334E-002
   4.24244110628571       2.109135891492412E-002
   4.24340180400000       2.106678388254687E-002
   4.24436250171429       2.104221864273119E-002
   4.24532319942857       2.101766320488834E-002
   4.24628389714286       2.099311760009460E-002
   4.24724459485714       2.096858183453133E-002
   4.24820529257143       2.094405595024667E-002
   4.24916599028571       2.091953996219768E-002
   4.25012668800000       2.089503388513541E-002
   4.25108738571429       2.087053773962552E-002
   4.25204808342857       2.084605155967452E-002
   4.25300878114286       2.082157535667830E-002
   4.25396947885714       2.079710915344650E-002
   4.25493017657143       2.077265296963330E-002
   4.25589087428571       2.074820682222008E-002
   4.25685157200000       2.072377074943453E-002
   4.25781226971429       2.069934476220549E-002
   4.25877296742857       2.067492887741197E-002
   4.25973366514286       2.065052311892378E-002
   4.26069436285714       2.062612751949927E-002
   4.26165506057143       2.060174208582183E-002
   4.26261575828571       2.057736683974772E-002
   4.26357645600000       2.055300180294092E-002
   4.26453715371429       2.052864701031401E-002
   4.26549785142857       2.050430246679288E-002
   4.26645854914286       2.047996819834984E-002
   4.26741924685714       2.045564423830689E-002
   4.26837994457143       2.043133058316677E-002
   4.26934064228571       2.040702726726108E-002
   4.27030134000000       2.038273432470582E-002
   4.27126203771429       2.035845175262486E-002
   4.27222273542857       2.033417958479100E-002
   4.27318343314286       2.030991784522253E-002
   4.27414413085714       2.028566654839267E-002
   4.27510482857143       2.026142571804187E-002
   4.27606552628571       2.023719536947110E-002
   4.27702622400000       2.021297552949959E-002
   4.27798692171429       2.018876622317194E-002
   4.27894761942857       2.016456746146687E-002
   4.27990831714286       2.014037926716775E-002
   4.28086901485714       2.011620166987567E-002
   4.28182971257143       2.009203468184120E-002
   4.28279041028571       2.006787832047809E-002
   4.28375110800000       2.004373261808494E-002
   4.28471180571429       2.001959758899010E-002
   4.28567250342857       1.999547325702720E-002
   4.28663320114286       1.997135963812013E-002
   4.28759389885714       1.994725675307352E-002
   4.28855459657143       1.992316462732917E-002
   4.28951529428571       1.989908327838509E-002
   4.29047599200000       1.987501272444179E-002
   4.29143668971429       1.985095299108034E-002
   4.29239738742857       1.982690409827568E-002
   4.29335808514286       1.980286606267522E-002
   4.29431878285714       1.977883890750854E-002
   4.29527948057143       1.975482264774066E-002
   4.29624017828571       1.973081731595873E-002
   4.29720087600000       1.970682292834481E-002
   4.29816157371429       1.968283949741084E-002
   4.29912227142857       1.965886705538599E-002
   4.30008296914286       1.963490561547126E-002
   4.30104366685714       1.961095519092321E-002
   4.30200436457143       1.958701581500978E-002
   4.30296506228571       1.956308750745575E-002
   4.30392576000000       1.953917027797764E-002
   4.30488645771429       1.951526415242720E-002
   4.30584715542857       1.949136915432731E-002
   4.30680785314286       1.946748530581467E-002
   4.30776855085714       1.944361261271135E-002
   4.30872924857143       1.941975111820342E-002
   4.30968994628571       1.939590081912712E-002
   4.31065064400000       1.937206175404611E-002
   4.31161134171429       1.934823392859853E-002
   4.31257203942857       1.932441736734733E-002
   4.31353273714286       1.930061210365230E-002
   4.31449343485714       1.927681813997336E-002
   4.31545413257143       1.925303550029085E-002
   4.31641483028571       1.922926421426958E-002
   4.31737552800000       1.920550428366371E-002
   4.31833622571429       1.918175575046618E-002
   4.31929692342857       1.915801861870731E-002
   4.32025762114286       1.913429291268192E-002
   4.32121831885714       1.911057865682914E-002
   4.32217901657143       1.908687586596581E-002
   4.32313971428571       1.906318456315835E-002
   4.32410041200000       1.903950476518219E-002
   4.32506110971429       1.901583649336982E-002
   4.32602180742857       1.899217976506386E-002
   4.32698250514286       1.896853460505790E-002
   4.32794320285714       1.894490103391113E-002
   4.32890390057143       1.892127905647261E-002
   4.32986459828571       1.889766871363604E-002
   4.33082529600000       1.887407000931020E-002
   4.33178599371429       1.885048296838083E-002
   4.33274669142857       1.882690761491350E-002
   4.33370738914286       1.880334396377141E-002
   4.33466808685714       1.877979203772937E-002
   4.33562878457143       1.875625185545786E-002
   4.33658948228571       1.873272342912632E-002
   4.33755018000000       1.870920678461004E-002
   4.33851087771429       1.868570194937921E-002
   4.33947157542857       1.866220893167070E-002
   4.34043227314286       1.863872774466373E-002
   4.34139297085714       1.861525842215481E-002
   4.34235366857143       1.859180098465633E-002
   4.34331436628571       1.856835543892947E-002
   4.34427506400000       1.854492180867935E-002
   4.34523576171429       1.852150011840434E-002
   4.34619645942857       1.849809038320881E-002
   4.34715715714286       1.847469262531723E-002
   4.34811785485714       1.845130686416794E-002
   4.34907855257143       1.842793311133067E-002
   4.35003925028571       1.840457139347742E-002
   4.35099994800000       1.838122173295395E-002
   4.35196064571429       1.835788413894728E-002
   4.35292134342857       1.833455863582275E-002
   4.35388204114286       1.831124523858240E-002
   4.35484273885714       1.828794397130864E-002
   4.35580343657143       1.826465484790387E-002
   4.35676413428571       1.824137790281182E-002
   4.35772483200000       1.821811313475161E-002
   4.35868552971429       1.819486057050187E-002
   4.35964622742857       1.817162023102468E-002
   4.36060692514286       1.814839213551257E-002
   4.36156762285714       1.812517630460856E-002
   4.36252832057143       1.810197275291959E-002
   4.36348901828571       1.807878149481121E-002
   4.36444971600000       1.805560255004405E-002
   4.36541041371429       1.803243594966027E-002
   4.36637111142857       1.800928170716832E-002
   4.36733180914286       1.798613983853144E-002
   4.36829250685714       1.796301035850281E-002
   4.36925320457143       1.793989329123644E-002
   4.37021390228571       1.791678865165828E-002
   4.37117460000000       1.789369646447015E-002
   4.37213529771429       1.787061673742555E-002
   4.37309599542857       1.784754950005458E-002
   4.37405669314286       1.782449477438988E-002
   4.37501739085714       1.780145256372092E-002
   4.37597808857143       1.777842289272634E-002
   4.37693878628571       1.775540577846834E-002
   4.37789948400000       1.773240125206088E-002
   4.37886018171429       1.770940931895452E-002
   4.37982087942857       1.768643000456066E-002
   4.38078157714286       1.766346331467604E-002
   4.38174227485714       1.764050927879787E-002
   4.38270297257143       1.761756791944778E-002
   4.38366367028571       1.759463923845602E-002
   4.38462436800000       1.757172327049025E-002
   4.38558506571429       1.754882002811337E-002
   4.38654576342857       1.752592951731154E-002
   4.38750646114286       1.750305177914876E-002
   4.38846715885714       1.748018682152848E-002
   4.38942785657143       1.745733465410800E-002
   4.39038855428571       1.743449530188038E-002
   4.39134925200000       1.741166878867772E-002
   4.39230994971429       1.738885511942296E-002
   4.39327064742857       1.736605432842782E-002
   4.39423134514286       1.734326641461167E-002
   4.39519204285714       1.732049141177189E-002
   4.39615274057143       1.729772933224180E-002
   4.39711343828571       1.727498019110946E-002
   4.39807413600000       1.725224401274432E-002
   4.39903483371429       1.722952080609168E-002
   4.39999553142857       1.720681059616561E-002
   4.40095622914286       1.718411339626924E-002
   4.40191692685714       1.716142922297290E-002
   4.40287762457143       1.713875810015583E-002
   4.40383832228571       1.711610004330347E-002
   4.40479902000000       1.709345506647334E-002
   4.40575971771429       1.707082319507885E-002
   4.40672041542857       1.704820443638297E-002
   4.40768111314286       1.702559881646850E-002
   4.40864181085714       1.700300635464049E-002
   4.40960250857143       1.698042705774237E-002
   4.41056320628571       1.695786094711112E-002
   4.41152390400000       1.693530804433282E-002
   4.41248460171429       1.691276836386330E-002
   4.41344529942857       1.689024192137750E-002
   4.41440599714286       1.686772873246717E-002
   4.41536669485714       1.684522882052086E-002
   4.41632739257143       1.682274221138333E-002
   4.41728809028571       1.680026890424623E-002
   4.41824878800000       1.677780891730235E-002
   4.41920948571429       1.675536227689447E-002
   4.42017018342857       1.673292900069420E-002
   4.42113088114286       1.671050910354500E-002
   4.42209157885714       1.668810260141387E-002
   4.42305227657143       1.666570950909100E-002
   4.42401297428571       1.664332984402138E-002
   4.42497367200000       1.662096363008721E-002
   4.42593436971429       1.659861088097405E-002
   4.42689506742857       1.657627160341709E-002
   4.42785576514286       1.655394583215634E-002
   4.42881646285714       1.653163356319853E-002
   4.42977716057143       1.650933483692520E-002
   4.43073785828571       1.648704965078265E-002
   4.43169855600000       1.646477802981985E-002
   4.43265925371429       1.644251999424323E-002
   4.43361995142857       1.642027554776057E-002
   4.43458064914286       1.639804472024193E-002
   4.43554134685714       1.637582752923997E-002
   4.43650204457143       1.635362398167820E-002
   4.43746274228571       1.633143409517789E-002
   4.43842344000000       1.630925789340511E-002
   4.43938413771429       1.628709539131564E-002
   4.44034483542857       1.626494660587146E-002
   4.44130553314286       1.624281154205058E-002
   4.44226623085714       1.622069022964703E-002
   4.44322692857143       1.619858268367174E-002
   4.44418762628571       1.617648891414797E-002
   4.44514832400000       1.615440893737326E-002
   4.44610902171429       1.613234277191016E-002
   4.44706971942857       1.611029044090582E-002
   4.44803041714286       1.608825195604576E-002
   4.44899111485714       1.606622732643690E-002
   4.44995181257143       1.604421657680011E-002
   4.45091251028571       1.602221972193685E-002
   4.45187320800000       1.600023677740214E-002
   4.45283390571429       1.597826775881995E-002
   4.45379460342857       1.595631268158016E-002
   4.45475530114286       1.593437156169539E-002
   4.45571599885714       1.591244441302952E-002
   4.45667669657143       1.589053125759771E-002
   4.45763739428571       1.586863211186169E-002
   4.45859809200000       1.584674698405613E-002
   4.45955878971429       1.582487589094530E-002
   4.46051948742857       1.580301884875448E-002
   4.46148018514286       1.578117588177231E-002
   4.46244088285714       1.575934700497780E-002
   4.46340158057143       1.573753221457683E-002
   4.46436227828571       1.571573155427375E-002
   4.46532297600000       1.569394501504241E-002
   4.46628367371429       1.567217263156039E-002
   4.46724437142857       1.565041440701918E-002
   4.46820506914286       1.562867036051529E-002
   4.46916576685714       1.560694051802347E-002
   4.47012646457143       1.558522487694421E-002
   4.47108716228571       1.556352346063441E-002
   4.47204786000000       1.554183628855998E-002
   4.47300855771429       1.552016336855046E-002
   4.47396925542857       1.549850472540644E-002
   4.47492995314286       1.547686036561353E-002
   4.47589065085714       1.545523030393079E-002
   4.47685134857143       1.543361456343488E-002
   4.47781204628571       1.541201316451623E-002
   4.47877274400000       1.539042610545742E-002
   4.47973344171429       1.536885340825167E-002
   4.48069413942857       1.534729509435140E-002
   4.48165483714286       1.532575117116773E-002
   4.48261553485714       1.530422165516074E-002
   4.48357623257143       1.528270656477455E-002
   4.48453693028571       1.526120592045033E-002
   4.48549762800000       1.523971972091279E-002
   4.48645832571429       1.521824799202537E-002
   4.48741902342857       1.519679073885858E-002
   4.48837972114286       1.517534799464652E-002
   4.48934041885714       1.515391976292422E-002
   4.49030111657143       1.513250605181429E-002
   4.49126181428571       1.511110688665096E-002
   4.49222251200000       1.508972228080915E-002
   4.49318320971429       1.506835224423008E-002
   4.49414390742857       1.504699679269788E-002
   4.49510460514286       1.502565594511542E-002
   4.49606530285714       1.500432972155199E-002
   4.49702600057143       1.498301812009145E-002
   4.49798669828571       1.496172115822595E-002
   4.49894739600000       1.494043885960220E-002
   4.49990809371429       1.491917124085291E-002
   4.50086879142857       1.489791830932619E-002
   4.50182948914286       1.487668007898710E-002
   4.50279018685714       1.485545656556277E-002
   4.50375088457143       1.483424778607501E-002
   4.50471158228571       1.481305374981886E-002
   4.50567228000000       1.479187447153601E-002
   4.50663297771429       1.477070997168358E-002
   4.50759367542857       1.474956025691253E-002
   4.50855437314286       1.472842534427817E-002
   4.50951507085714       1.470730524908885E-002
   4.51047576857143       1.468619998735245E-002
   4.51143646628571       1.466510956518666E-002
   4.51239716400000       1.464403400681532E-002
   4.51335786171429       1.462297332153272E-002
   4.51431855942857       1.460192752356471E-002
   4.51527925714286       1.458089662163339E-002
   4.51623995485714       1.455988063353079E-002
   4.51720065257143       1.453887957553817E-002
   4.51816135028571       1.451789346022551E-002
   4.51912204800000       1.449692230744526E-002
   4.52008274571429       1.447596611524936E-002
   4.52104344342857       1.445502490250315E-002
   4.52200414114286       1.443409869276355E-002
   4.52296483885714       1.441318749297527E-002
   4.52392553657143       1.439229131755203E-002
   4.52488623428571       1.437141018567184E-002
   4.52584693200000       1.435054409478244E-002
   4.52680762971429       1.432969307054605E-002
   4.52776832742857       1.430885712595773E-002
   4.52872902514286       1.428803626795360E-002
   4.52968972285714       1.426723052309347E-002
   4.53065042057143       1.424643989942472E-002
   4.53161111828571       1.422566439769516E-002
   4.53257181600000       1.420490403683279E-002
   4.53353251371429       1.418415884006756E-002
   4.53449321142857       1.416342881391449E-002
   4.53545390914286       1.414271397468180E-002
   4.53641460685714       1.412201433008162E-002
   4.53737530457143       1.410132989408481E-002
   4.53833600228571       1.408066068215955E-002
   4.53929670000000       1.406000671246133E-002
   4.54025739771429       1.403936798957288E-002
   4.54121809542857       1.401874452142249E-002
   4.54217879314286       1.399813633477774E-002
   4.54313949085714       1.397754343714973E-002
   4.54410018857143       1.395696583281154E-002
   4.54506088628571       1.393640355398143E-002
   4.54602158400000       1.391585658864658E-002
   4.54698228171429       1.389532497117425E-002
   4.54794297942857       1.387480870271091E-002
   4.54890367714286       1.385430779271930E-002
   4.54986437485714       1.383382227039567E-002
   4.55082507257143       1.381335213136550E-002
   4.55178577028571       1.379289739186371E-002
   4.55274646800000       1.377245807070418E-002
   4.55370716571429       1.375203417326483E-002
   4.55466786342857       1.373162571973903E-002
   4.55562856114286       1.371123271041806E-002
   4.55658925885714       1.369085517088298E-002
   4.55754995657143       1.367049310690751E-002
   4.55851065428571       1.365014653493209E-002
   4.55947135200000       1.362981546345622E-002
   4.56043204971429       1.360949989762068E-002
   4.56139274742857       1.358919985997847E-002
   4.56235344514286       1.356891536416000E-002
   4.56331414285714       1.354864641460071E-002
   4.56427484057143       1.352839302523605E-002
   4.56523553828571       1.350815520706271E-002
   4.56619623600000       1.348793297326743E-002
   4.56715693371429       1.346772634416214E-002
   4.56811763142857       1.344753531791486E-002
   4.56907832914286       1.342735991243794E-002
   4.57003902685714       1.340720014327219E-002
   4.57099972457143       1.338705601696345E-002
   4.57196042228571       1.336692755150122E-002
   4.57292112000000       1.334681474372058E-002
   4.57388181771429       1.332671762321970E-002
   4.57484251542857       1.330663619174691E-002
   4.57580321314286       1.328657046369633E-002
   4.57676391085714       1.326652045555281E-002
   4.57772460857143       1.324648616431374E-002
   4.57868530628571       1.322646761586179E-002
   4.57964600400000       1.320646481412851E-002
   4.58060670171429       1.318647776814547E-002
   4.58156739942857       1.316650649388378E-002
   4.58252809714286       1.314655100727110E-002
   4.58348879485714       1.312661131661798E-002
   4.58444949257143       1.310668742817046E-002
   4.58541019028571       1.308677935738971E-002
   4.58637088800000       1.306688711363192E-002
   4.58733158571429       1.304701070925898E-002
   4.58829228342857       1.302715015742410E-002
   4.58925298114286       1.300730546396305E-002
   4.59021367885714       1.298747663871173E-002
   4.59117437657143       1.296766369933486E-002
   4.59213507428571       1.294786665881979E-002
   4.59309577200000       1.292808551642610E-002
   4.59405646971429       1.290832029868525E-002
   4.59501716742857       1.288857099394801E-002
   4.59597786514286       1.286883763345215E-002
   4.59693856285714       1.284912022224890E-002
   4.59789926057143       1.282941876978106E-002
   4.59885995828571       1.280973328945468E-002
   4.59982065600000       1.279006378625501E-002
   4.60078135371429       1.277041027234417E-002
   4.60174205142857       1.275077276226763E-002
   4.60270274914286       1.273115126097407E-002
   4.60366344685714       1.271154577994237E-002
   4.60462414457143       1.269195634209012E-002
   4.60558484228571       1.267238293645492E-002
   4.60654554000000       1.265282558927313E-002
   4.60750623771429       1.263328429899400E-002
   4.60846693542857       1.261375908826135E-002
   4.60942763314286       1.259424996164481E-002
   4.61038833085714       1.257475692858232E-002
   4.61134902857143       1.255528000098572E-002
   4.61230972628571       1.253581919077857E-002
   4.61327042400000       1.251637450777980E-002
   4.61423112171429       1.249694595421877E-002
   4.61519181942857       1.247753354645824E-002
   4.61615251714286       1.245813729183727E-002
   4.61711321485714       1.243875720674250E-002
   4.61807391257143       1.241939328886887E-002
   4.61903461028571       1.240004556325606E-002
   4.61999530800000       1.238071403214939E-002
   4.62095600571429       1.236139869964956E-002
   4.62191670342857       1.234209957907049E-002
   4.62287740114286       1.232281669053590E-002
   4.62383809885714       1.230355003352422E-002
   4.62479879657143       1.228429961133119E-002
   4.62575949428571       1.226506544762646E-002
   4.62672019200000       1.224584754693561E-002
   4.62768088971429       1.222664591748008E-002
   4.62864158742857       1.220746056727103E-002
   4.62960228514286       1.218829151297608E-002
   4.63056298285714       1.216913875313985E-002
   4.63152368057143       1.215000230273320E-002
   4.63248437828571       1.213088217194170E-002
   4.63344507600000       1.211177836590961E-002
   4.63440577371429       1.209269090049934E-002
   4.63536647142857       1.207361978130335E-002
   4.63632716914286       1.205456501376637E-002
   4.63728786685714       1.203552661390020E-002
   4.63824856457143       1.201650458658736E-002
   4.63920926228571       1.199749894259663E-002
   4.64016996000000       1.197850969593877E-002
   4.64113065771429       1.195953683649835E-002
   4.64209135542857       1.194058039955584E-002
   4.64305205314286       1.192164037619406E-002
   4.64401275085714       1.190271678068050E-002
   4.64497344857143       1.188380961399558E-002
   4.64593414628571       1.186491889431983E-002
   4.64689484400000       1.184604463155467E-002
   4.64785554171429       1.182718683148947E-002
   4.64881623942857       1.180834550640648E-002
   4.64977693714286       1.178952065474487E-002
   4.65073763485714       1.177071228792024E-002
   4.65169833257143       1.175192042112448E-002
   4.65265903028571       1.173314506139728E-002
   4.65361972800000       1.171438621734895E-002
   4.65458042571429       1.169564388605442E-002
   4.65554112342857       1.167691809363399E-002
   4.65650182114286       1.165820883314002E-002
   4.65746251885714       1.163951612260840E-002
   4.65842321657143       1.162083996494304E-002
   4.65938391428571       1.160218036519337E-002
   4.66034461200000       1.158353734808342E-002
   4.66130530971429       1.156491090969739E-002
   4.66226600742857       1.154630104957389E-002
   4.66322670514286       1.152770779153550E-002
   4.66418740285714       1.150913113322328E-002
   4.66514810057143       1.149057109228212E-002
   4.66610879828571       1.147202766654366E-002
   4.66706949600000       1.145350087434921E-002
   4.66803019371429       1.143499070539533E-002
   4.66899089142857       1.141649718610070E-002
   4.66995158914286       1.139802032341680E-002
   4.67091228685714       1.137956011163919E-002
   4.67187298457143       1.136111656751050E-002
   4.67283368228571       1.134268970058149E-002
   4.67379438000000       1.132427950992032E-002
   4.67475507771429       1.130588600683505E-002
   4.67571577542857       1.128750920610673E-002
   4.67667647314286       1.126914910634032E-002
   4.67763717085714       1.125080571511736E-002
   4.67859786857143       1.123247904963449E-002
   4.67955856628571       1.121416911008470E-002
   4.68051926400000       1.119587590409761E-002
   4.68147996171429       1.117759943062639E-002
   4.68244065942857       1.115933970635566E-002
   4.68340135714286       1.114109674443941E-002
   4.68436205485714       1.112287054540510E-002
   4.68532275257143       1.110466111529460E-002
   4.68628345028571       1.108646845661442E-002
   4.68724414800000       1.106829258504367E-002
   4.68820484571429       1.105013349906199E-002
   4.68916554342857       1.103199121547514E-002
   4.69012624114286       1.101386574411325E-002
   4.69108693885714       1.099575707329948E-002
   4.69204763657143       1.097766522665110E-002
   4.69300833428571       1.095959020062083E-002
   4.69396903200000       1.094153200897042E-002
   4.69492972971429       1.092349066074075E-002
   4.69589042742857       1.090546614899360E-002
   4.69685112514286       1.088745848777969E-002
   4.69781182285714       1.086946769249423E-002
   4.69877252057143       1.085149376612374E-002
   4.69973321828571       1.083353670187041E-002
   4.70069391600000       1.081559652597817E-002
   4.70165461371429       1.079767322903804E-002
   4.70261531142857       1.077976681504567E-002
   4.70357600914286       1.076187731222921E-002
   4.70453670685714       1.074400470899986E-002
   4.70549740457143       1.072614900929999E-002
   4.70645810228571       1.070831022842397E-002
   4.70741880000000       1.069048837127241E-002
   4.70837949771429       1.067268344824017E-002
   4.70934019542857       1.065489546117688E-002
   4.71030089314286       1.063712440393969E-002
   4.71126159085714       1.061937029638999E-002
   4.71222228857143       1.060163315263849E-002
   4.71318298628571       1.058391295374827E-002
   4.71414368400000       1.056620972491824E-002
   4.71510438171429       1.054852346777040E-002
   4.71606507942857       1.053085418888916E-002
   4.71702577714286       1.051320188886532E-002
   4.71798647485714       1.049556657828878E-002
   4.71894717257143       1.047794826722753E-002
   4.71990787028571       1.046034695100114E-002
   4.72086856800000       1.044276263677120E-002
   4.72182926571429       1.042519533796035E-002
   4.72278996342857       1.040764505355799E-002
   4.72375066114286       1.039011179208557E-002
   4.72471135885714       1.037259555238049E-002
   4.72567205657143       1.035509635129645E-002
   4.72663275428571       1.033761419042058E-002
   4.72759345200000       1.032014906658577E-002
   4.72855414971429       1.030270099408291E-002
   4.72951484742857       1.028526997983225E-002
   4.73047554514286       1.026785601928599E-002
   4.73143624285714       1.025045912228738E-002
   4.73239694057143       1.023307929975178E-002
   4.73335763828571       1.021571655168465E-002
   4.73431833600000       1.019837088597960E-002
   4.73527903371429       1.018104230191914E-002
   4.73623973142857       1.016373080818659E-002
   4.73720042914286       1.014643641270703E-002
   4.73816112685714       1.012915911657525E-002
   4.73912182457143       1.011189891511133E-002
   4.74008252228571       1.009465583445066E-002
   4.74104322000000       1.007742986452594E-002
   4.74200391771429       1.006022101613058E-002
   4.74296461542857       1.004302929290740E-002
   4.74392531314286       1.002585469207999E-002
   4.74488601085714       1.000869723226097E-002
   4.74584670857143       9.991556902115898E-003
   4.74680740628571       9.974433718149715E-003
   4.74776810400000       9.957327681553219E-003
   4.74872880171429       9.940238796539621E-003
   4.74968949942857       9.923167067817193E-003
   4.75065019714286       9.906112499368873E-003
   4.75161089485714       9.889075094790712E-003
   4.75257159257143       9.872054859412612E-003
   4.75353229028571       9.855051797609836E-003
   4.75449298800000       9.838065913735119E-003
   4.75545368571429       9.821097211730577E-003
   4.75641438342857       9.804145695059779E-003
   4.75737508114286       9.787211368428535E-003
   4.75833577885714       9.770294235675036E-003
   4.75929647657143       9.753394301565474E-003
   4.76025717428571       9.736511569917171E-003
   4.76121787200000       9.719646043614199E-003
   4.76217856971429       9.702797728397963E-003
   4.76313926742857       9.685966626660930E-003
   4.76409996514286       9.669152742723935E-003
   4.76506066285714       9.652356079936988E-003
   4.76602136057143       9.635576643152080E-003
   4.76698205828571       9.618814435907357E-003
   4.76794275600000       9.602069460370871E-003
   4.76890345371429       9.585341721657530E-003
   4.76986415142857       9.568631223209783E-003
   4.77082484914286       9.551937968192450E-003
   4.77178554685714       9.535261960557219E-003
   4.77274624457143       9.518603203387824E-003
   4.77370694228571       9.501961699600638E-003
   4.77466764000000       9.485337454008218E-003
   4.77562833771429       9.468730469390231E-003
   4.77658903542857       9.452140748103301E-003
   4.77754973314286       9.435568294916416E-003
   4.77851043085714       9.419013112538611E-003
   4.77947112857143       9.402475203618485E-003
   4.78043182628571       9.385954572685531E-003
   4.78139252400000       9.369451221443259E-003
   4.78235322171429       9.352965152704933E-003
   4.78331391942857       9.336496371248519E-003
   4.78427461714286       9.320044879218059E-003
   4.78523531485714       9.303610678841487E-003
   4.78619601257143       9.287193773964739E-003
   4.78715671028571       9.270794168082019E-003
   4.78811740800000       9.254411862874365E-003
   4.78907810571429       9.238046860637375E-003
   4.79003880342857       9.221699165470313E-003
   4.79099950114286       9.205368780009491E-003
   4.79196019885714       9.189055706140238E-003
   4.79292089657143       9.172759947005685E-003
   4.79388159428571       9.156481504917484E-003
   4.79484229200000       9.140220383053335E-003
   4.79580298971429       9.123976583653666E-003
   4.79676368742857       9.107750109078288E-003
   4.79772438514286       9.091540961545148E-003
   4.79868508285714       9.075349144284520E-003
   4.79964578057143       9.059174659120412E-003
   4.80060647828571       9.043017507865956E-003
   4.80156717600000       9.026877693672320E-003
   4.80252787371429       9.010755218832460E-003
   4.80348857142857       8.994650084959498E-003
   4.80444926914286       8.978562294657610E-003
   4.80540996685714       8.962491849936281E-003
   4.80637066457143       8.946438752523100E-003
   4.80733136228571       8.930403005601341E-003
   4.80829206000000       8.914384609694487E-003
   4.80925275771429       8.898383568049853E-003
   4.81021345542857       8.882399882361095E-003
   4.81117415314286       8.866433554168142E-003
   4.81213485085714       8.850484584748373E-003
   4.81309554857143       8.834552977043462E-003
   4.81405624628571       8.818638732797235E-003
   4.81501694400000       8.802741853343702E-003
   4.81597764171429       8.786862340658182E-003
   4.81693833942857       8.771000195609857E-003
   4.81789903714286       8.755155420756932E-003
   4.81885973485714       8.739328017404969E-003
   4.81982043257143       8.723517986268940E-003
   4.82078113028571       8.707725330767881E-003
   4.82174182800000       8.691950050747830E-003
   4.82270252571429       8.676192148423171E-003
   4.82366322342857       8.660451624761702E-003
   4.82462392114286       8.644728481804913E-003
   4.82558461885714       8.629022720523953E-003
   4.82654531657143       8.613334341335446E-003
   4.82750601428571       8.597663346077956E-003
   4.82846671200000       8.582009736278321E-003
   4.82942740971429       8.566373513366204E-003
   4.83038810742857       8.550754678035954E-003
   4.83134880514286       8.535153231074634E-003
   4.83230950285714       8.519569173160912E-003
   4.83327020057143       8.504002506826629E-003
   4.83423089828571       8.488453232237320E-003
   4.83519159600000       8.472921349794129E-003
   4.83615229371429       8.457406861026693E-003
   4.83711299142857       8.441909767132416E-003
   4.83807368914286       8.426430068382083E-003
   4.83903438685714       8.410967764737466E-003
   4.83999508457143       8.395522858000291E-003
   4.84095578228571       8.380095349577362E-003
   4.84191648000000       8.364685237955957E-003
   4.84287717771429       8.349292525871077E-003
   4.84383787542857       8.333917213054652E-003
   4.84479857314286       8.318559300348732E-003
   4.84575927085714       8.303218787921462E-003
   4.84671996857143       8.287895675265033E-003
   4.84768066628571       8.272589964876597E-003
   4.84864136400000       8.257301656117388E-003
   4.84960206171429       8.242030749134219E-003
   4.85056275942857       8.226777244593494E-003
   4.85152345714286       8.211541142312496E-003
   4.85248415485714       8.196322443653169E-003
   4.85344485257143       8.181121147520089E-003
   4.85440555028571       8.165937254141985E-003
   4.85536624800000       8.150770764327065E-003
   4.85632694571429       8.135621679009494E-003
   4.85728764342857       8.120489996446866E-003
   4.85824834114286       8.105375717228558E-003
   4.85920903885714       8.090278841601878E-003
   4.86016973657143       8.075199369617810E-003
   4.86113043428571       8.060137300629247E-003
   4.86209113200000       8.045092634576341E-003
   4.86305182971429       8.030065372336642E-003
   4.86401252742857       8.015055513195885E-003
   4.86497322514286       8.000063055659172E-003
   4.86593392285714       7.985088000131422E-003
   4.86689462057143       7.970130347320014E-003
   4.86785531828571       7.955190095429552E-003
   4.86881601600000       7.940267245472333E-003
   4.86977671371429       7.925361795900438E-003
   4.87073741142857       7.910473746485316E-003
   4.87169810914286       7.895603096674345E-003
   4.87265880685714       7.880749846118733E-003
   4.87361950457143       7.865913994724716E-003
   4.87458020228571       7.851095540872271E-003
   4.87554090000000       7.836294484085037E-003
   4.87650159771429       7.821510824482129E-003
   4.87746229542857       7.806744559851858E-003
   4.87842299314286       7.791995691167211E-003
   4.87938369085714       7.777264215738575E-003
   4.88034438857143       7.762550134704122E-003
   4.88130508628571       7.747853445593391E-003
   4.88226578400000       7.733174148292510E-003
   4.88322648171429       7.718512241369089E-003
   4.88418717942857       7.703867724818901E-003
   4.88514787714286       7.689240596179009E-003
   4.88610857485714       7.674630854996601E-003
   4.88706927257143       7.660038500829790E-003
   4.88802997028571       7.645463530826675E-003
   4.88899066800000       7.630905946292304E-003
   4.88995136571429       7.616365742944848E-003
   4.89091206342857       7.601842922130188E-003
   4.89187276114286       7.587337482129246E-003
   4.89283345885714       7.572849420594454E-003
   4.89379415657143       7.558378735645041E-003
   4.89475485428571       7.543925427428082E-003
   4.89571555200000       7.529489494046405E-003
   4.89667624971429       7.515070934139097E-003
   4.89763694742857       7.500669746270529E-003
   4.89859764514286       7.486285928160597E-003
   4.89955834285714       7.471919478445906E-003
   4.90051904057143       7.457570395503090E-003
   4.90147973828571       7.443238677834417E-003
   4.90244043600000       7.428924323823918E-003
   4.90340113371429       7.414627331044840E-003
   4.90436183142857       7.400347698877706E-003
   4.90532252914286       7.386085424993328E-003
   4.90628322685714       7.371840507754265E-003
   4.90724392457143       7.357612945108644E-003
   4.90820462228571       7.343402734534700E-003
   4.90916532000000       7.329209874152408E-003
   4.91012601771429       7.315034362566170E-003
   4.91108671542857       7.300876197951158E-003
   4.91204741314286       7.286735377790603E-003
   4.91300811085714       7.272611899988107E-003
   4.91396880857143       7.258505762921987E-003
   4.91492950628571       7.244416963343061E-003
   4.91589020400000       7.230345499794046E-003
   4.91685090171429       7.216291370121004E-003
   4.91781159942857       7.202254570906741E-003
   4.91877229714286       7.188235101210998E-003
   4.91973299485714       7.174232958830217E-003
   4.92069369257143       7.160248140149822E-003
   4.92165439028571       7.146280643008235E-003
   4.92261508800000       7.132330465777916E-003
   4.92357578571429       7.118397605777049E-003
   4.92453648342857       7.104482059750052E-003
   4.92549718114286       7.090583824778882E-003
   4.92645787885714       7.076702899449871E-003
   4.92741857657143       7.062839281427246E-003
   4.92837927428571       7.048992966701133E-003
   4.92933997200000       7.035163952795988E-003
   4.93030066971429       7.021352237533088E-003
   4.93126136742857       7.007557818056497E-003
   4.93222206514286       6.993780690859936E-003
   4.93318276285714       6.980020854170464E-003
   4.93414346057143       6.966278304974781E-003
   4.93510415828571       6.952553039010169E-003
   4.93606485600000       6.938845054151352E-003
   4.93702555371429       6.925154347208703E-003
   4.93798625142857       6.911480915951983E-003
   4.93894694914286       6.897824757198091E-003
   4.93990764685714       6.884185867020760E-003
   4.94086834457143       6.870564242153282E-003
   4.94182904228571       6.856959880417167E-003
   4.94278974000000       6.843372778186068E-003
   4.94375043771429       6.829802931931456E-003
   4.94471113542857       6.816250338848615E-003
   4.94567183314286       6.802714995143771E-003
   4.94663253085714       6.789196897724143E-003
   4.94759322857143       6.775696043632570E-003
   4.94855392628571       6.762212428395485E-003
   4.94951462400000       6.748746049766512E-003
   4.95047532171429       6.735296902841647E-003
   4.95143601942857       6.721864985512540E-003
   4.95239671714286       6.708450293911138E-003
   4.95335741485714       6.695052824129518E-003
   4.95431811257143       6.681672572180701E-003
   4.95527881028571       6.668309534847944E-003
   4.95623950800000       6.654963708594910E-003
   4.95720020571429       6.641635089464914E-003
   4.95816090342857       6.628323673482342E-003
   4.95912160114286       6.615029457130725E-003
   4.96008229885714       6.601752437049342E-003
   4.96104299657143       6.588492608409836E-003
   4.96200369428571       6.575249967511403E-003
   4.96296439200000       6.562024511313308E-003
   4.96392508971429       6.548816235078397E-003
   4.96488578742857       6.535625134820497E-003
   4.96584648514286       6.522451206863189E-003
   4.96680718285714       6.509294446435229E-003
   4.96776788057143       6.496154850065951E-003
   4.96872857828571       6.483032413970941E-003
   4.96968927600000       6.469927133151809E-003
   4.97064997371429       6.456839003317825E-003
   4.97161067142857       6.443768020606351E-003
   4.97257136914286       6.430714181262744E-003
   4.97353206685714       6.417677481137387E-003
   4.97449276457143       6.404657913831800E-003
   4.97545346228571       6.391655477360619E-003
   4.97641416000000       6.378670166340060E-003
   4.97737485771429       6.365701975783443E-003
   4.97833555542857       6.352750901914929E-003
   4.97929625314286       6.339816940100708E-003
   4.98025695085714       6.326900086451467E-003
   4.98121764857143       6.314000335764040E-003
   4.98217834628571       6.301117682371184E-003
   4.98313904400000       6.288252122929256E-003
   4.98409974171429       6.275403653103661E-003
   4.98506043942857       6.262572267365099E-003
   4.98602113714286       6.249757961172528E-003
   4.98698183485714       6.236960729891048E-003
   4.98794253257143       6.224180567906305E-003
   4.98890323028571       6.211417471469378E-003
   4.98986392800000       6.198671435096365E-003
   4.99082462571429       6.185942454974608E-003
   4.99178532342857       6.173230524788844E-003
   4.99274602114286       6.160535639501061E-003
   4.99370671885714       6.147857795780236E-003
   4.99466741657143       6.135196987079276E-003
   4.99562811428571       6.122553208206124E-003
   4.99658881200000       6.109926455824069E-003
   4.99754950971429       6.097316722538295E-003
   4.99851020742857       6.084724003940313E-003
   4.99947090514286       6.072148296373088E-003
   5.00043160285714       6.059589592739383E-003
   5.00139230057143       6.047047887939405E-003
   5.00235299828571       6.034523177768278E-003
   5.00331369600000       6.022015456131936E-003
   5.00427439371429       6.009524717869185E-003
   5.00523509142857       5.997050957552612E-003
   5.00619578914286       5.984594169479824E-003
   5.00715648685714       5.972154348698678E-003
   5.00811718457143       5.959731489090956E-003
   5.00907788228571       5.947325586046388E-003
   5.01003858000000       5.934936633194196E-003
   5.01099927771429       5.922564626109702E-003
   5.01195997542857       5.910209557584672E-003
   5.01292067314286       5.897871422895789E-003
   5.01388137085714       5.885550216153609E-003
   5.01484206857143       5.873245931449361E-003
   5.01580276628571       5.860958563832131E-003
   5.01676346400000       5.848688106478699E-003
   5.01772416171429       5.836434554004504E-003
   5.01868485942857       5.824197901492237E-003
   5.01964555714286       5.811978141278480E-003
   5.02060625485714       5.799775269053602E-003
   5.02156695257143       5.787589278327347E-003
   5.02252765028571       5.775420162947492E-003
   5.02348834800000       5.763267916512388E-003
   5.02444904571429       5.751132534664745E-003
   5.02540974342857       5.739014009846786E-003
   5.02637044114286       5.726912335744363E-003
   5.02733113885714       5.714827507698974E-003
   5.02829183657143       5.702759518169735E-003
   5.02925253428571       5.690708361579912E-003
   5.03021323200000       5.678674032532449E-003
   5.03117392971429       5.666656522938612E-003
   5.03213462742857       5.654655828198002E-003
   5.03309532514286       5.642671940295471E-003
   5.03405602285714       5.630704854924077E-003
   5.03501672057143       5.618754564994491E-003
   5.03597741828571       5.606821063255879E-003
   5.03693811600000       5.594904344560096E-003
   5.03789881371429       5.583004401056343E-003
   5.03885951142857       5.571121227641009E-003
   5.03982020914286       5.559254817236782E-003
   5.04078090685714       5.547405162316789E-003
   5.04174160457143       5.535572257935782E-003
   5.04270230228571       5.523756096913906E-003
   5.04366300000000       5.511956671967373E-003
   5.04462369771429       5.500173977627847E-003
   5.04558439542857       5.488408005931579E-003
   5.04654509314286       5.476658751756437E-003
   5.04750579085714       5.464926206261983E-003
   5.04846648857143       5.453210363898336E-003
   5.04942718628571       5.441511218079505E-003
   5.05038788400000       5.429828761629495E-003
   5.05134858171429       5.418162987661641E-003
   5.05230927942857       5.406513889009594E-003
   5.05326997714286       5.394881459213597E-003
   5.05423067485714       5.383265691573793E-003
   5.05519137257143       5.371666578262681E-003
   5.05615207028571       5.360084112447036E-003
   5.05711276800000       5.348518287097092E-003
   5.05807346571429       5.336969095226162E-003
   5.05903416342857       5.325436529842680E-003
   5.05999486114286       5.313920583939062E-003
   5.06095555885714       5.302421250586523E-003
   5.06191625657143       5.290938522305833E-003
   5.06287695428571       5.279472390779308E-003
   5.06383765200000       5.268022850232964E-003
   5.06479834971429       5.256589893266650E-003
   5.06575904742857       5.245173511150970E-003
   5.06671974514286       5.233773698214070E-003
   5.06768044285714       5.222390446781149E-003
   5.06864114057143       5.211023748471069E-003
   5.06960183828571       5.199673597253084E-003
   5.07056253600000       5.188339984284855E-003
   5.07152323371429       5.177022903662927E-003
   5.07248393142857       5.165722346033540E-003
   5.07344462914286       5.154438304471887E-003
   5.07440532685714       5.143170772878495E-003
   5.07536602457143       5.131919742313871E-003
   5.07632672228571       5.120685204459004E-003
   5.07728742000000       5.109467152730209E-003
   5.07824811771429       5.098265579861888E-003
   5.07920881542857       5.087080477807661E-003
   5.08016951314286       5.075911838011416E-003
   5.08113021085714       5.064759652835435E-003
   5.08209090857143       5.053623915324292E-003
   5.08305160628571       5.042504617868884E-003
   5.08401230400000       5.031401750868118E-003
   5.08497300171429       5.020315307706742E-003
   5.08593369942857       5.009245281696357E-003
   5.08689439714286       4.998191662523912E-003
   5.08785509485714       4.987154443059578E-003
   5.08881579257143       4.976133616652905E-003
   5.08977649028571       4.965129173416316E-003
   5.09073718800000       4.954141105510800E-003
   5.09169788571429       4.943169406028555E-003
   5.09265858342857       4.932214066936835E-003
   5.09361928114286       4.921275078808456E-003
   5.09457997885714       4.910352433933615E-003
   5.09554067657143       4.899446124623465E-003
   5.09650137428571       4.888556142415194E-003
   5.09746207200000       4.877682478646212E-003
   5.09842276971429       4.866825125258371E-003
   5.09938346742857       4.855984074828019E-003
   5.10034416514286       4.845159318526389E-003
   5.10130486285714       4.834350847681636E-003
   5.10226556057143       4.823558654109020E-003
   5.10322625828571       4.812782728787483E-003
   5.10418695600000       4.802023064814459E-003
   5.10514765371429       4.791279652577749E-003
   5.10610835142857       4.780552483581393E-003
   5.10706904914286       4.769841550190360E-003
   5.10802974685714       4.759146843142591E-003
   5.10899044457143       4.748468353547293E-003
   5.10995114228571       4.737806073745990E-003
   5.11091184000000       4.727159994943749E-003
   5.11187253771429       4.716530107879293E-003
   5.11283323542857       4.705916404777236E-003
   5.11379393314286       4.695318877046560E-003
   5.11475463085714       4.684737514536699E-003
   5.11571532857143       4.674172309166010E-003
   5.11667602628571       4.663623253070209E-003
   5.11763672400000       4.653090336788767E-003
   5.11859742171429       4.642573551974542E-003
   5.11955811942857       4.632072888186349E-003
   5.12051881714286       4.621588338457373E-003
   5.12147951485714       4.611119893265968E-003
   5.12244021257143       4.600667543471444E-003
   5.12340091028571       4.590231279996061E-003
   5.12436160800000       4.579811094547546E-003
   5.12532230571429       4.569406978107217E-003
   5.12628300342857       4.559018920282859E-003
   5.12724370114286       4.548646913513978E-003
   5.12820439885714       4.538290948272489E-003
   5.12916509657143       4.527951016120770E-003
   5.13012579428571       4.517627106856272E-003
   5.13108649200000       4.507319210943842E-003
   5.13204718971429       4.497027320809952E-003
   5.13300788742857       4.486751426690138E-003
   5.13396858514286       4.476491518919792E-003
   5.13492928285714       4.466247588133463E-003
   5.13588998057143       4.456019625623512E-003
   5.13685067828571       4.445807622087672E-003
   5.13781137600000       4.435611567845540E-003
   5.13877207371429       4.425431454154700E-003
   5.13973277142857       4.415267270951488E-003
   5.14069346914286       4.405119009762685E-003
   5.14165416685714       4.394986659433677E-003
   5.14261486457143       4.384870212406682E-003
   5.14357556228571       4.374769658830610E-003
   5.14453626000000       4.364684988168799E-003
   5.14549695771429       4.354616192037920E-003
   5.14645765542857       4.344563259887648E-003
   5.14741835314286       4.334526182761975E-003
   5.14837905085714       4.324504951761199E-003
   5.14933974857143       4.314499555985613E-003
   5.15030044628571       4.304509986542920E-003
   5.15126114400000       4.294536233848266E-003
   5.15222184171429       4.284578287811469E-003
   5.15318253942857       4.274636139183594E-003
   5.15414323714286       4.264709777771966E-003
   5.15510393485714       4.254799194295552E-003
   5.15606463257143       4.244904378781189E-003
   5.15702533028571       4.235025320985806E-003
   5.15798602800000       4.225162011325754E-003
   5.15894672571429       4.215314440746876E-003
   5.15990742342857       4.205482599113724E-003
   5.16086812114286       4.195666475404421E-003
   5.16182881885714       4.185866060442924E-003
   5.16278951657143       4.176081345043485E-003
   5.16375021428571       4.166312317540542E-003
   5.16471091200000       4.156558969696468E-003
   5.16567160971429       4.146821290379538E-003
   5.16663230742857       4.137099270313284E-003
   5.16759300514286       4.127392899597987E-003
   5.16855370285714       4.117702167346776E-003
   5.16951440057143       4.108027063115417E-003
   5.17047509828571       4.098367577458163E-003
   5.17143579600000       4.088723700789522E-003
   5.17239649371429       4.079095422519616E-003
   5.17335719142857       4.069482731813857E-003
   5.17431788914286       4.059885619091415E-003
   5.17527858685714       4.050304074601774E-003
   5.17623928457143       4.040738086680680E-003
   5.17719998228571       4.031187647118415E-003
   5.17816068000000       4.021652743069453E-003
   5.17912137771429       4.012133366004199E-003
   5.18008207542857       4.002629505557496E-003
   5.18104277314286       3.993141150343429E-003
   5.18200347085714       3.983668290990605E-003
   5.18296416857143       3.974210916800518E-003
   5.18392486628571       3.964769016330435E-003
   5.18488556400000       3.955342580476810E-003
   5.18584626171429       3.945931598748128E-003
   5.18680695942857       3.936536059152871E-003
   5.18776765714286       3.927155953367157E-003
   5.18872835485714       3.917791269376045E-003
   5.18968905257143       3.908441997335326E-003
   5.19064975028571       3.899108125185471E-003
   5.19161044800000       3.889789644832789E-003
   5.19257114571429       3.880486543078869E-003
   5.19353184342857       3.871198811225524E-003
   5.19449254114286       3.861926438088388E-003
   5.19545323885714       3.852669412055862E-003
   5.19641393657143       3.843427723264027E-003
   5.19737463428571       3.834201360464514E-003
   5.19833533200000       3.824990314242010E-003
   5.19929602971429       3.815794572643443E-003
   5.20025672742857       3.806614124943853E-003
   5.20121742514286       3.797448960204972E-003
   5.20217812285714       3.788299068489721E-003
   5.20313882057143       3.779164438025898E-003
   5.20409951828571       3.770045058646051E-003
   5.20506021600000       3.760940919124706E-003
   5.20602091371429       3.751852007931229E-003
   5.20698161142857       3.742778315180558E-003
   5.20794230914286       3.733719829347849E-003
   5.20890300685714       3.724676538971724E-003
   5.20986370457143       3.715648434685160E-003
   5.21082440228571       3.706635504316981E-003
   5.21178510000000       3.697637736452794E-003
   5.21274579771429       3.688655121097808E-003
   5.21370649542857       3.679687646572651E-003
   5.21466719314286       3.670735300906538E-003
   5.21562789085714       3.661798074938713E-003
   5.21658858857143       3.652875956890538E-003
   5.21754928628571       3.643968934390989E-003
   5.21850998400000       3.635076996933587E-003
   5.21947068171429       3.626200134375440E-003
   5.22043137942857       3.617338334942788E-003
   5.22139207714286       3.608491586461786E-003
   5.22235277485714       3.599659878368246E-003
   5.22331347257143       3.590843199597491E-003
   5.22427417028571       3.582041538474741E-003
   5.22523486800000       3.573254884268334E-003
   5.22619556571429       3.564483224195178E-003
   5.22715626342857       3.555726549182290E-003
   5.22811696114286       3.546984846480896E-003
   5.22907765885714       3.538258104238453E-003
   5.23003835657143       3.529546312205913E-003
   5.23099905428571       3.520849458187905E-003
   5.23195975200000       3.512167530872556E-003
   5.23292044971429       3.503500519697252E-003
   5.23388114742857       3.494848411935677E-003
   5.23484184514286       3.486211196275122E-003
   5.23580254285714       3.477588861828339E-003
   5.23676324057143       3.468981396873420E-003
   5.23772393828571       3.460388789789554E-003
   5.23868463600000       3.451811028754499E-003
   5.23964533371429       3.443248103210486E-003
   5.24060603142857       3.434699999971345E-003
   5.24156672914286       3.426166708107487E-003
   5.24252742685714       3.417648216483557E-003
   5.24348812457143       3.409144512458726E-003
   5.24444882228571       3.400655585195278E-003
   5.24540952000000       3.392181422965798E-003
   5.24637021771429       3.383722012889956E-003
   5.24733091542857       3.375277345110782E-003
   5.24829161314286       3.366847406889761E-003
   5.24925231085714       3.358432185765742E-003
   5.25021300857143       3.350031670853563E-003
   5.25117370628571       3.341645850891361E-003
   5.25213440400000       3.333274712393893E-003
   5.25309510171429       3.324918244652787E-003
   5.25405579942857       3.316576436438116E-003
   5.25501649714286       3.308249274870936E-003
   5.25597719485714       3.299936747926951E-003
   5.25693789257143       3.291638844100487E-003
   5.25789859028571       3.283355551511417E-003
   5.25885928800000       3.275086857720774E-003
   5.25981998571429       3.266832751185047E-003
   5.26078068342857       3.258593220255823E-003
   5.26174138114286       3.250368252415673E-003
   5.26270207885714       3.242157836057920E-003
   5.26366277657143       3.233961958810531E-003
   5.26462347428571       3.225780608703293E-003
   5.26558417200000       3.217613774447070E-003
   5.26654486971429       3.209461443232559E-003
   5.26750556742857       3.201323602549894E-003
   5.26846626514286       3.193200240483804E-003
   5.26942696285714       3.185091345110225E-003
   5.27038766057143       3.176996905092323E-003
   5.27134835828571       3.168916906412645E-003
   5.27230905600000       3.160851339364348E-003
   5.27326975371429       3.152800189564558E-003
   5.27423045142857       3.144763446248144E-003
   5.27519114914286       3.136741096542673E-003
   5.27615184685714       3.128733127395083E-003
   5.27711254457143       3.120739527938981E-003
   5.27807324228571       3.112760285926731E-003
   5.27903394000000       3.104795388085159E-003
   5.27999463771429       3.096844822675740E-003
   5.28095533542857       3.088908577509396E-003
   5.28191603314286       3.080986639496120E-003
   5.28287673085714       3.073078997141336E-003
   5.28383742857143       3.065185637886011E-003
   5.28479812628571       3.057306549317863E-003
   5.28575882400000       3.049441719001804E-003
   5.28671952171429       3.041591134516053E-003
   5.28768021942857       3.033754783374846E-003
   5.28864091714286       3.025932653357421E-003
   5.28960161485714       3.018124731138636E-003
   5.29056231257143       3.010331004960407E-003
   5.29152301028571       3.002551463298199E-003
   5.29248370800000       2.994786092359411E-003
   5.29344440571429       2.987034879538761E-003
   5.29440510342857       2.979297813044628E-003
   5.29536580114286       2.971574879600261E-003
   5.29632649885714       2.963866067741900E-003
   5.29728719657143       2.956171363177579E-003
   5.29824789428571       2.948490755063009E-003
   5.29920859200000       2.940824230811896E-003
   5.30016928971429       2.933171775901089E-003
   5.30112998742857       2.925533378857786E-003
   5.30209068514286       2.917909027605982E-003
   5.30305138285714       2.910298709058653E-003
   5.30401208057143       2.902702410597797E-003
   5.30497277828571       2.895120119158629E-003
   5.30593347600000       2.887551822208065E-003
   5.30689417371429       2.879997506620802E-003
   5.30785487142857       2.872457160863081E-003
   5.30881556914286       2.864930770692080E-003
   5.30977626685714       2.857418324548921E-003
   5.31073696457143       2.849919809450482E-003
   5.31169766228571       2.842435211983118E-003
   5.31265836000000       2.834964519523378E-003
   5.31361905771429       2.827507719790213E-003
   5.31457975542857       2.820064799946584E-003
   5.31554045314286       2.812635746625937E-003
   5.31650115085714       2.805220546846265E-003
   5.31746184857143       2.797819188381890E-003
   5.31842254628571       2.790431658537985E-003
   5.31938324400000       2.783057943237066E-003
   5.32034394171429       2.775698030170329E-003
   5.32130463942857       2.768351906958507E-003
   5.32226533714286       2.761019560406198E-003
   5.32322603485714       2.753700977371584E-003
   5.32418673257143       2.746396144293784E-003
   5.32514743028571       2.739105049556913E-003
   5.32610812800000       2.731827679433110E-003
   5.32706882571429       2.724564020448770E-003
   5.32802952342857       2.717314060546738E-003
   5.32899022114286       2.710077785607007E-003
   5.32995091885714       2.702855183659150E-003
   5.33091161657143       2.695646241952042E-003
   5.33187231428571       2.688450945548178E-003
   5.33283301200000       2.681269283081052E-003
   5.33379370971429       2.674101240480667E-003
   5.33475440742857       2.666946805159247E-003
   5.33571510514286       2.659805964177019E-003
   5.33667580285714       2.652678704223200E-003
   5.33763650057143       2.645565012109486E-003
   5.33859719828571       2.638464874666192E-003
   5.33955789600000       2.631378278525825E-003
   5.34051859371429       2.624305210952904E-003
   5.34147929142857       2.617245658976025E-003
   5.34243998914286       2.610199607916899E-003
   5.34340068685714       2.603167046417462E-003
   5.34436138457143       2.596147960288941E-003
   5.34532208228571       2.589142336197760E-003
   5.34628278000000       2.582150162013479E-003
   5.34724347771429       2.575171423070895E-003
   5.34820417542857       2.568206106090138E-003
   5.34916487314286       2.561254199307461E-003
   5.35012557085714       2.554315688597126E-003
   5.35108626857143       2.547390560127474E-003
   5.35204696628571       2.540478801301526E-003
   5.35300766400000       2.533580397919095E-003
   5.35396836171429       2.526695337126425E-003
   5.35492905942857       2.519823606428825E-003
   5.35588975714286       2.512965191702965E-003
   5.35685045485714       2.506120079853789E-003
   5.35781115257143       2.499288256741802E-003
   5.35877185028571       2.492469709893078E-003
   5.35973254800000       2.485664425806892E-003
   5.36069324571429       2.478872390118895E-003
   5.36165394342857       2.472093589833597E-003
   5.36261464114286       2.465328012557005E-003
   5.36357533885714       2.458575644128335E-003
   5.36453603657143       2.451836470257461E-003
   5.36549673428571       2.445110478835538E-003
   5.36645743200000       2.438397656274085E-003
   5.36741812971429       2.431697987745237E-003
   5.36837882742857       2.425011461024474E-003
   5.36933952514286       2.418338062050385E-003
   5.37030022285714       2.411677777657834E-003
   5.37126092057143       2.405030593751111E-003
   5.37222161828571       2.398396497789346E-003
   5.37318231600000       2.391775475790849E-003
   5.37414301371429       2.385167513657569E-003
   5.37510371142857       2.378572597907010E-003
   5.37606440914286       2.371990715100092E-003
   5.37702510685714       2.365421852391265E-003
   5.37798580457143       2.358865995050691E-003
   5.37894650228571       2.352323130825458E-003
   5.37990720000000       2.345793244660776E-003
   5.38086789771429       2.339276324491513E-003
   5.38182859542857       2.332772354461920E-003
   5.38278929314286       2.326281322754269E-003
   5.38374999085714       2.319803215149083E-003
   5.38471068857143       2.313338018620868E-003
   5.38567138628571       2.306885718909989E-003
   5.38663208400000       2.300446301570389E-003
   5.38759278171429       2.294019754200232E-003
   5.38855347942857       2.287606062385291E-003
   5.38951417714286       2.281205212383165E-003
   5.39047487485714       2.274817190999825E-003
   5.39143557257143       2.268441984171820E-003
   5.39239627028571       2.262079577862241E-003
   5.39335696800000       2.255729958948144E-003
   5.39431766571429       2.249393113396096E-003
   5.39527836342857       2.243069028014022E-003
   5.39623906114286       2.236757688537542E-003
   5.39719975885714       2.230459080217046E-003
   5.39816045657143       2.224173190262482E-003
   5.39912115428571       2.217900005468826E-003
   5.40008185200000       2.211639510748287E-003
   5.40104254971429       2.205391692802355E-003
   5.40200324742857       2.199156538952292E-003
   5.40296394514286       2.192934033389638E-003
   5.40392464285714       2.186724163073264E-003
   5.40488534057143       2.180526914920529E-003
   5.40584603828571       2.174342274253483E-003
   5.40680673600000       2.168170226565318E-003
   5.40776743371429       2.162010759671553E-003
   5.40872813142857       2.155863858726219E-003
   5.40968882914286       2.149729509819176E-003
   5.41064952685714       2.143607699908231E-003
   5.41161022457143       2.137498414060354E-003
   5.41257092228571       2.131401638437717E-003
   5.41353162000000       2.125317359181471E-003
   5.41449231771429       2.119245563059494E-003
   5.41545301542857       2.113186235149943E-003
   5.41641371314286       2.107139362423161E-003
   5.41737441085714       2.101104930032801E-003
   5.41833510857143       2.095082924558100E-003
   5.41929580628571       2.089073332515230E-003
   5.42025650400000       2.083076138835138E-003
   5.42121720171429       2.077091330517140E-003
   5.42217789942857       2.071118893783502E-003
   5.42313859714286       2.065158813087874E-003
   5.42409929485714       2.059211075063743E-003
   5.42505999257143       2.053275666361676E-003
   5.42602069028571       2.047352572931909E-003
   5.42698138800000       2.041441780789301E-003
   5.42794208571429       2.035543275039995E-003
   5.42890278342857       2.029657042600625E-003
   5.42986348114286       2.023783068832224E-003
   5.43082417885714       2.017921339351554E-003
   5.43178487657143       2.012071841088097E-003
   5.43274557428571       2.006234559733602E-003
   5.43370627200000       2.000409480943342E-003
   5.43466696971429       1.994596590223971E-003
   5.43562766742857       1.988795873693779E-003
   5.43658836514286       1.983007318456297E-003
   5.43754906285714       1.977230908844432E-003
   5.43850976057143       1.971466631905149E-003
   5.43947045828571       1.965714472667692E-003
   5.44043115600000       1.959974418056565E-003
   5.44139185371429       1.954246453475300E-003
   5.44235255142857       1.948530563865943E-003
   5.44331324914286       1.942826735766924E-003
   5.44427394685714       1.937134955693410E-003
   5.44523464457143       1.931455209014063E-003
   5.44619534228571       1.925787481228988E-003
   5.44715604000000       1.920131758578033E-003
   5.44811673771429       1.914488026740709E-003
   5.44907743542857       1.908856271115770E-003
   5.45003813314286       1.903236478668619E-003
   5.45099883085714       1.897628635310272E-003
   5.45195952857143       1.892032725411873E-003
   5.45292022628571       1.886448734667413E-003
   5.45388092400000       1.880876651111235E-003
   5.45484162171429       1.875316458789830E-003
   5.45580231942857       1.869768143352557E-003
   5.45676301714286       1.864231691663668E-003
   5.45772371485714       1.858707088997255E-003
   5.45868441257143       1.853194320989405E-003
   5.45964511028571       1.847693373391034E-003
   5.46060580800000       1.842204231696973E-003
   5.46156650571429       1.836726882727446E-003
   5.46252720342857       1.831261311551633E-003
   5.46348790114286       1.825807504295475E-003
   5.46444859885714       1.820365446102314E-003
   5.46540929657143       1.814935123059090E-003
   5.46636999428571       1.809516520296931E-003
   5.46733069200000       1.804109624415216E-003
   5.46829138971429       1.798714421161017E-003
   5.46925208742857       1.793330896288355E-003
   5.47021278514286       1.787959034887079E-003
   5.47117348285714       1.782598822444337E-003
   5.47213418057143       1.777250246315059E-003
   5.47309487828571       1.771913290408347E-003
   5.47405557600000       1.766587940370538E-003
   5.47501627371429       1.761274183968422E-003
   5.47597697142857       1.755972004461342E-003
   5.47693766914286       1.750681389577610E-003
   5.47789836685714       1.745402324084808E-003
   5.47885906457143       1.740134793556639E-003
   5.47981976228571       1.734878783576286E-003
   5.48078046000000       1.729634279701165E-003
   5.48174115771429       1.724401268026379E-003
   5.48270185542857       1.719179734702899E-003
   5.48366255314286       1.713969665234533E-003
   5.48462325085714       1.708771044125645E-003
   5.48558394857143       1.703583857653186E-003
   5.48654464628571       1.698408091765381E-003
   5.48750534400000       1.693243731568453E-003
   5.48846604171429       1.688090764043447E-003
   5.48942673942857       1.682949173866077E-003
   5.49038743714286       1.677818945736169E-003
   5.49134813485714       1.672700066393689E-003
   5.49230883257143       1.667592521576426E-003
   5.49326953028571       1.662496296989221E-003
   5.49423022800000       1.657411377887516E-003
   5.49519092571429       1.652337749317245E-003
   5.49615162342857       1.647275398132749E-003
   5.49711232114286       1.642224309262342E-003
   5.49807301885714       1.637184468030463E-003
   5.49903371657143       1.632155860474680E-003
   5.49999441428571       1.627138472783455E-003
   5.50095511200000       1.622132289157858E-003
   5.50191580971429       1.617137296418397E-003
   5.50287650742857       1.612153479293791E-003
   5.50383720514286       1.607180823971413E-003
   5.50479790285714       1.602219315875243E-003
   5.50575860057143       1.597268940437729E-003
   5.50671929828571       1.592329683929769E-003
   5.50767999600000       1.587401530725798E-003
   5.50864069371429       1.582484467247323E-003
   5.50960139142857       1.577578479271602E-003
   5.51056208914286       1.572683551144832E-003
   5.51152278685714       1.567799669843075E-003
   5.51248348457143       1.562926820647197E-003
   5.51344418228571       1.558064988805459E-003
   5.51440488000000       1.553214159276154E-003
   5.51536557771429       1.548374318769520E-003
   5.51632627542857       1.543545452583403E-003
   5.51728697314286       1.538727545741952E-003
   5.51824767085714       1.533920584198964E-003
   5.51920836857143       1.529124553154740E-003
   5.52016906628571       1.524339438960886E-003
   5.52112976400000       1.519565227216915E-003
   5.52209046171429       1.514801901519830E-003
   5.52305115942857       1.510049449820417E-003
   5.52401185714286       1.505307856391100E-003
   5.52497255485714       1.500577107356691E-003
   5.52593325257143       1.495857186972813E-003
   5.52689395028571       1.491148082478352E-003
   5.52785464800000       1.486449779005204E-003
   5.52881534571429       1.481762260743357E-003
   5.52977604342857       1.477085514930890E-003
   5.53073674114286       1.472419526977145E-003
   5.53169743885714       1.467764281047775E-003
   5.53265813657143       1.463119764016816E-003
   5.53361883428571       1.458485960126472E-003
   5.53457953200000       1.453862856420006E-003
   5.53554022971429       1.449250438178751E-003
   5.53650092742857       1.444648689554994E-003
   5.53746162514286       1.440057597394686E-003
   5.53842232285714       1.435477146578609E-003
   5.53938302057143       1.430907322374403E-003
   5.54034371828571       1.426348111136420E-003
   5.54130441600000       1.421799498409623E-003
   5.54226511371429       1.417261469418440E-003
   5.54322581142857       1.412734009230475E-003
   5.54418650914286       1.408217103550906E-003
   5.54514720685714       1.403710738965440E-003
   5.54610790457143       1.399214898907324E-003
   5.54706860228571       1.394729571368278E-003
   5.54802930000000       1.390254739934566E-003
   5.54898999771429       1.385790390078270E-003
   5.54995069542857       1.381336509156752E-003
   5.55091139314286       1.376893081214840E-003
   5.55187209085714       1.372460091739785E-003
   5.55283278857143       1.368037527379679E-003
   5.55379348628571       1.363625372285759E-003
   5.55475418400000       1.359223612223930E-003
   5.55571488171429       1.354832234238636E-003
   5.55667557942857       1.350451221697757E-003
   5.55763627714286       1.346080560988771E-003
   5.55859697485714       1.341720238079788E-003
   5.55955767257143       1.337370238219785E-003
   5.56051837028571       1.333030546533312E-003
   5.56147906800000       1.328701149021999E-003
   5.56243976571429       1.324382031181032E-003
   5.56340046342857       1.320073178036137E-003
   5.56436116114286       1.315774575376111E-003
   5.56532185885714       1.311486208975793E-003
   5.56628255657143       1.307208063850688E-003
   5.56724325428571       1.302940125533813E-003
   5.56820395200000       1.298682379969307E-003
   5.56916464971429       1.294434812354814E-003
   5.57012534742857       1.290197408788498E-003
   5.57108604514286       1.285970154466800E-003
   5.57204674285714       1.281753034634879E-003
   5.57300744057143       1.277546034459505E-003
   5.57396813828571       1.273349139731503E-003
   5.57492883600000       1.269162336784922E-003
   5.57588953371429       1.264985610492198E-003
   5.57685023142857       1.260818945842994E-003
   5.57781092914286       1.256662329332147E-003
   5.57877162685714       1.252515746223308E-003
   5.57973232457143       1.248379181376782E-003
   5.58069302228571       1.244252621619223E-003
   5.58165372000000       1.240136051166580E-003
   5.58261441771429       1.236029456205684E-003
   5.58357511542857       1.231932821859131E-003
   5.58453581314286       1.227846134316202E-003
   5.58549651085714       1.223769377966804E-003
   5.58645720857143       1.219702539115338E-003
   5.58741790628571       1.215645603768485E-003
   5.58837860400000       1.211598556998418E-003
   5.58933930171429       1.207561383842568E-003
   5.59029999942857       1.203534070367371E-003
   5.59126069714286       1.199516602648501E-003
   5.59222139485714       1.195508964414424E-003
   5.59318209257143       1.191511142784171E-003
   5.59414279028571       1.187523122781697E-003
   5.59510348800000       1.183544890611319E-003
   5.59606418571429       1.179576430501085E-003
   5.59702488342857       1.175617729233533E-003
   5.59798558114286       1.171668771733263E-003
   5.59894627885714       1.167729543199134E-003
   5.59990697657143       1.163800030189814E-003
   5.60086767428571       1.159880217542097E-003
   5.60182837200000       1.155970090701209E-003
   5.60278906971429       1.152069635955279E-003
   5.60374976742857       1.148178837963784E-003
   5.60471046514286       1.144297683506748E-003
   5.60567116285714       1.140426155974694E-003
   5.60663186057143       1.136564243309030E-003
   5.60759255828571       1.132711930003208E-003
   5.60855325600000       1.128869200904119E-003
   5.60951395371429       1.125036042769978E-003
   5.61047465142857       1.121212441549898E-003
   5.61143534914286       1.117398381411860E-003
   5.61239604685714       1.113593848358802E-003
   5.61335674457143       1.109798828249299E-003
   5.61431744228571       1.106013305975339E-003
   5.61527814000000       1.102237268445023E-003
   5.61623883771429       1.098470700548591E-003
   5.61719953542857       1.094713587648505E-003
   5.61816023314286       1.090965915865326E-003
   5.61912093085714       1.087227669311885E-003
   5.62008162857143       1.083498835873482E-003
   5.62104232628571       1.079779399458112E-003
   5.62200302400000       1.076069346030553E-003
   5.62296372171429       1.072368661808190E-003
   5.62392441942857       1.068677331402096E-003
   5.62488511714286       1.064995341323119E-003
   5.62584581485714       1.061322677026825E-003
   5.62680651257143       1.057659322925106E-003
   5.62776721028571       1.054005266650247E-003
   5.62872790800000       1.050360492305264E-003
   5.62968860571429       1.046724986126892E-003
   5.63064930342857       1.043098733144381E-003
   5.63161000114286       1.039481720518115E-003
   5.63257069885714       1.035873931720836E-003
   5.63353139657143       1.032275353866588E-003
   5.63449209428571       1.028685972433290E-003
   5.63545279200000       1.025105772520479E-003
   5.63641348971429       1.021534739988557E-003
   5.63737418742857       1.017972860156946E-003
   5.63833488514286       1.014420119276940E-003
   5.63929558285714       1.010876503120191E-003
   5.64025628057143       1.007341996942480E-003
   5.64121697828571       1.003816586827005E-003
   5.64217767600000       1.000300257942909E-003
   5.64313837371429       9.967929958788859E-004
   5.64409907142857       9.932947866143921E-004
   5.64505976914286       9.898056157220123E-004
   5.64602046685714       9.863254689367875E-004
   5.64698116457143       9.828543318855976E-004
   5.64794186228571       9.793921902134656E-004
   5.64890256000000       9.759390297148095E-004
   5.64986325771429       9.724948360446594E-004
   5.65082395542857       9.690595948236710E-004
   5.65178465314286       9.656332918052140E-004
   5.65274535085714       9.622159128335691E-004
   5.65370604857143       9.588074433412549E-004
   5.65466674628571       9.554078692113288E-004
   5.65562744400000       9.520171761414400E-004
   5.65658814171429       9.486353499342910E-004
   5.65754883942857       9.452623761460394E-004
   5.65850953714286       9.418982405426825E-004
   5.65947023485714       9.385429289108663E-004
   5.66043093257143       9.351964269904020E-004
   5.66139163028571       9.318587204817960E-004
   5.66235232800000       9.285297951028968E-004
   5.66331302571429       9.252096367477748E-004
   5.66427372342857       9.218982309492333E-004
   5.66523442114286       9.185955636841946E-004
   5.66619511885714       9.153016205435759E-004
   5.66715581657143       9.120163873991157E-004
   5.66811651428571       9.087398499523082E-004
   5.66907721200000       9.054719940427683E-004
   5.67003790971429       9.022128054314640E-004
   5.67099860742857       8.989622698090550E-004
   5.67195930514286       8.957203731205072E-004
   5.67292000285714       8.924871010840335E-004
   5.67388070057143       8.892624394092481E-004
   5.67484139828571       8.860463741391997E-004
   5.67580209600000       8.828388907801552E-004
   5.67676279371429       8.796399753239360E-004
   5.67772349142857       8.764496136139212E-004
   5.67868418914286       8.732677914464106E-004
   5.67964488685714       8.700944944714693E-004
   5.68060558457143       8.669297087888089E-004
   5.68156628228571       8.637734201332682E-004
   5.68252698000000       8.606256142041211E-004
   5.68348767771429       8.574862770300367E-004
   5.68444837542857       8.543553944754441E-004
   5.68540907314286       8.512329522444928E-004
   5.68636977085714       8.481189362555292E-004
   5.68733046857143       8.450133324267226E-004
   5.68829116628571       8.419161266192119E-004
   5.68925186400000       8.388273047771119E-004
   5.69021256171429       8.357468525665132E-004
   5.69117325942857       8.326747561003866E-004
   5.69213395714286       8.296110011826324E-004
   5.69309465485714       8.265555737084390E-004
   5.69405535257143       8.235084595738372E-004
   5.69501605028571       8.204696446488712E-004
   5.69597674800000       8.174391149561980E-004
   5.69693744571429       8.144168563993894E-004
   5.69789814342857       8.114028547983591E-004
   5.69885884114286       8.083970961915704E-004
   5.69981953885714       8.053995664957518E-004
   5.70078023657143       8.024102516504869E-004
   5.70174093428571       7.994291375901984E-004
   5.70270163200000       7.964562102558610E-004
   5.70366232971429       7.934914555560382E-004
   5.70462302742857       7.905348595988110E-004
   5.70558372514286       7.875864082678727E-004
   5.70654442285714       7.846460875887019E-004
   5.70750512057143       7.817138835254378E-004
   5.70846581828571       7.787897820165699E-004
   5.70942651600000       7.758737691376647E-004
   5.71038721371429       7.729658308109458E-004
   5.71134791142857       7.700659530646599E-004
   5.71230860914286       7.671741219129854E-004
   5.71326930685714       7.642903234540060E-004
   5.71423000457143       7.614145437072429E-004
   5.71519070228571       7.585467685906744E-004
   5.71615140000000       7.556869841926049E-004
   5.71711209771429       7.528351765197489E-004
   5.71807279542857       7.499913317259541E-004
   5.71903349314286       7.471554358217807E-004
   5.71999419085714       7.443274748586257E-004
   5.72095488857143       7.415074349218750E-004
   5.72191558628571       7.386953020128777E-004
   5.72287628400000       7.358910623672521E-004
   5.72383698171429       7.330947018900546E-004
   5.72479767942857       7.303062067815552E-004
   5.72575837714286       7.275255632211488E-004
   5.72671907485714       7.247527571199909E-004
   5.72767977257143       7.219877746901783E-004
   5.72864047028571       7.192306021778062E-004
   5.72960116800000       7.164812255086612E-004
   5.73056186571429       7.137396308728875E-004
   5.73152256342857       7.110058045294126E-004
   5.73248326114286       7.082797325035043E-004
   5.73344395885714       7.055614009637251E-004
   5.73440465657143       7.028507961293713E-004
   5.73536535428571       7.001479040942591E-004
   5.73632605200000       6.974527111159269E-004
   5.73728674971429       6.947652032629900E-004
   5.73824744742857       6.920853668955135E-004
   5.73920814514286       6.894131879981886E-004
   5.74016884285714       6.867486529437117E-004
   5.74112954057143       6.840917479268135E-004
   5.74209023828571       6.814424590082412E-004
   5.74305093600000       6.788007725564676E-004
   5.74401163371429       6.761666748228826E-004
   5.74497233142857       6.735401519499911E-004
   5.74593302914286       6.709211902570831E-004
   5.74689372685714       6.683097759080281E-004
   5.74785442457143       6.657058952469327E-004
   5.74881512228571       6.631095345092513E-004
   5.74977582000000       6.605206799361791E-004
   5.75073651771429       6.579393178635844E-004
   5.75169721542857       6.553654345194229E-004
   5.75265791314286       6.527990163105704E-004
   5.75361861085714       6.502400494540812E-004
   5.75457930857143       6.476885202380717E-004
   5.75554000628571       6.451444150759748E-004
   5.75650070400000       6.426077202232099E-004
   5.75746140171429       6.400784219741125E-004
   5.75842209942857       6.375565067324944E-004
   5.75938279714286       6.350419608186287E-004
   5.76034349485714       6.325347706422358E-004
   5.76130419257143       6.300349225177720E-004
   5.76226489028571       6.275424028553481E-004
   5.76322558800000       6.250571979770001E-004
   5.76418628571429       6.225792942726805E-004
   5.76514698342857       6.201086781328249E-004
   5.76610768114286       6.176453360353711E-004
   5.76706837885714       6.151892543588197E-004
   5.76802907657143       6.127404194966117E-004
   5.76898977428571       6.102988178811118E-004
   5.76995047200000       6.078644358723415E-004
   5.77091116971429       6.054372600392061E-004
   5.77187186742857       6.030172767648382E-004
   5.77283256514286       6.006044725409054E-004
   5.77379326285714       5.981988337527798E-004
   5.77475396057143       5.958003469705868E-004
   5.77571465828571       5.934089985995010E-004
   5.77667535600000       5.910247751617671E-004
   5.77763605371429       5.886476631815689E-004
   5.77859675142857       5.862776491122095E-004
   5.77955744914286       5.839147194842744E-004
   5.78051814685714       5.815588608320105E-004
   5.78147884457143       5.792100596317880E-004
   5.78243954228571       5.768683024816733E-004
   5.78340024000000       5.745335759966496E-004
   5.78436093771429       5.722058665598494E-004
   5.78532163542857       5.698851608246152E-004
   5.78628233314286       5.675714453418904E-004
   5.78724303085714       5.652647067441244E-004
   5.78820372857143       5.629649316121902E-004
   5.78916442628571       5.606721064790047E-004
   5.79012512400000       5.583862179750971E-004
   5.79108582171429       5.561072526633916E-004
   5.79204651942857       5.538351972231006E-004
   5.79300721714286       5.515700383635293E-004
   5.79396791485714       5.493117625673914E-004
   5.79492861257143       5.470603565767267E-004
   5.79588931028571       5.448158070134138E-004
   5.79685000800000       5.425781005999432E-004
   5.79781070571429       5.403472239709717E-004
   5.79877140342857       5.381231637549391E-004
   5.79973210114286       5.359059066391675E-004
   5.80069279885714       5.336954394227926E-004
   5.80165349657143       5.314917487922144E-004
   5.80261419428571       5.292948213905656E-004
   5.80357489200000       5.271046440067165E-004
   5.80453558971429       5.249212033554579E-004
   5.80549628742857       5.227444861259099E-004
   5.80645698514286       5.205744791765732E-004
   5.80741768285714       5.184111691249364E-004
   5.80837838057143       5.162545428646659E-004
   5.80933907828571       5.141045871882294E-004
   5.81029977600000       5.119612887891750E-004
   5.81126047371429       5.098246345423593E-004
   5.81222117142857       5.076946111777364E-004
   5.81318186914286       5.055712055052496E-004
   5.81414256685714       5.034544044056190E-004
   5.81510326457143       5.013441947658166E-004
   5.81606396228571       4.992405633718366E-004
   5.81702466000000       4.971434969845321E-004
   5.81798535771429       4.950529825792291E-004
   5.81894605542857       4.929690069907877E-004
   5.81990675314286       4.908915570125912E-004
   5.82086745085714       4.888206196852585E-004
   5.82182814857143       4.867561818934810E-004
   5.82278884628571       4.846982303786539E-004
   5.82374954400000       4.826467522575958E-004
   5.82471024171429       4.806017343043342E-004
   5.82567093942857       4.785631634568902E-004
   5.82663163714286       4.765310268037954E-004
   5.82759233485714       4.745053112018246E-004
   5.82855303257143       4.724860035782232E-004
   5.82951373028571       4.704730909556354E-004
   5.83047442800000       4.684665602743464E-004
   5.83143512571429       4.664663985709141E-004
   5.83239582342857       4.644725928680295E-004
   5.83335652114286       4.624851301065074E-004
   5.83431721885714       4.605039972956137E-004
   5.83527791657143       4.585291815399985E-004
   5.83623861428571       4.565606698823709E-004
   5.83719931200000       4.545984493401535E-004
   5.83816000971429       4.526425069352878E-004
   5.83912070742857       4.506928297085334E-004
   5.84008140514286       4.487494048318910E-004
   5.84104210285714       4.468122194007781E-004
   5.84200280057143       4.448812603999446E-004
   5.84296349828571       4.429565150954126E-004
   5.84392419600000       4.410379704007335E-004
   5.84488489371429       4.391256136000806E-004
   5.84584559142857       4.372194317892033E-004
   5.84680628914286       4.353194121455774E-004
   5.84776698685714       4.334255417795500E-004
   5.84872768457143       4.315378078453620E-004
   5.84968838228571       4.296561975150850E-004
   5.85064908000000       4.277806980276147E-004
   5.85160977771429       4.259112965718883E-004
   5.85257047542857       4.240479802700405E-004
   5.85353117314286       4.221907364133146E-004
   5.85449187085714       4.203395522360838E-004
   5.85545256857143       4.184944149187026E-004
   5.85641326628571       4.166553118109068E-004
   5.85737396400000       4.148222300857422E-004
   5.85833466171429       4.129951569806483E-004
   5.85929535942857       4.111740798379403E-004
   5.86025605714286       4.093589859190384E-004
   5.86121675485714       4.075498625445283E-004
   5.86217745257143       4.057466969839074E-004
   5.86313815028571       4.039494765925953E-004
   5.86409884800000       4.021581886777766E-004
   5.86505954571429       4.003728205148801E-004
   5.86602024342857       3.985933596389691E-004
   5.86698094114286       3.968197931213602E-004
   5.86794163885714       3.950521085802530E-004
   5.86890233657143       3.932902933393804E-004
   5.86986303428571       3.915343347109284E-004
   5.87082373200000       3.897842201902702E-004
   5.87178442971429       3.880399371479625E-004
   5.87274512742857       3.863014729219091E-004
   5.87370582514286       3.845688150874053E-004
   5.87466652285714       3.828419510148613E-004
   5.87562722057143       3.811208681055978E-004
   5.87658791828571       3.794055539589337E-004
   5.87754861600000       3.776959959069268E-004
   5.87850931371429       3.759921815344717E-004
   5.87947001142857       3.742940982382818E-004
   5.88043070914286       3.726017336945342E-004
   5.88139140685714       3.709150752123050E-004
   5.88235210457143       3.692341104072320E-004
   5.88331280228571       3.675588269099441E-004
   5.88427350000000       3.658892121080810E-004
   5.88523419771429       3.642252536375603E-004
   5.88619489542857       3.625669391266503E-004
   5.88715559314286       3.609142560462784E-004
   5.88811629085714       3.592671920233485E-004
   5.88907698857143       3.576257346751795E-004
   5.89003768628571       3.559898715916180E-004
   5.89099838400000       3.543595904960981E-004
   5.89195908171429       3.527348788519318E-004
   5.89291977942857       3.511157244955654E-004
   5.89388047714286       3.495021148972805E-004
   5.89484117485714       3.478940378301780E-004
   5.89580187257143       3.462914809764431E-004
   5.89676257028571       3.446944320482095E-004
   5.89772326800000       3.431028786442047E-004
   5.89868396571429       3.415168084875156E-004
   5.89964466342857       3.399362094019906E-004
   5.90060536114286       3.383610690343752E-004
   5.90156605885714       3.367913752045399E-004
   5.90252675657143       3.352271156179377E-004
   5.90348745428571       3.336682780011455E-004
   5.90444815200000       3.321148501497256E-004
   5.90540884971429       3.305668199713108E-004
   5.90636954742857       3.290241750881813E-004
   5.90733024514286       3.274869034258597E-004
   5.90829094285714       3.259549927774672E-004
   5.90925164057143       3.244284309272157E-004
   5.91021233828571       3.229072057965870E-004
   5.91117303600000       3.213913052028978E-004
   5.91213373371429       3.198807170012929E-004
   5.91309443142857       3.183754291309639E-004
   5.91405512914286       3.168754293838085E-004
   5.91501582685714       3.153807057393284E-004
   5.91597652457143       3.138912461560204E-004
   5.91693722228571       3.124070384114507E-004
   5.91789792000000       3.109280705451041E-004
   5.91885861771429       3.094543304463538E-004
   5.91981931542857       3.079858061025100E-004
   5.92078001314286       3.065224855385318E-004
   5.92174071085714       3.050643566027255E-004
   5.92270140857143       3.036114073461996E-004
   5.92366210628571       3.021636258822287E-004
   5.92462280400000       3.007210000648070E-004
   5.92558350171429       2.992835179818201E-004
   5.92654419942857       2.978511677312836E-004
   5.92750489714286       2.964239372560658E-004
   5.92846559485714       2.950018146822808E-004
   5.92942629257143       2.935847880247452E-004
   5.93038699028571       2.921728454879047E-004
   5.93134768800000       2.907659750533806E-004
   5.93230838571429       2.893641648146311E-004
   5.93326908342857       2.879674030118149E-004
   5.93422978114286       2.865756777436090E-004
   5.93519047885714       2.851889770404431E-004
   5.93615117657143       2.838072890777707E-004
   5.93711187428571       2.824306021283147E-004
   5.93807257200000       2.810589043598156E-004
   5.93903326971429       2.796921838792165E-004
   5.93999396742857       2.783304288702518E-004
   5.94095466514286       2.769736277138238E-004
   5.94191536285714       2.756217684135642E-004
   5.94287606057143       2.742748393649750E-004
   5.94383675828571       2.729328287549944E-004
   5.94479745600000       2.715957248172261E-004
   5.94575815371429       2.702635158907003E-004
   5.94671885142857       2.689361902263430E-004
   5.94767954914286       2.676137360805958E-004
   5.94864024685714       2.662961417637764E-004
   5.94960094457143       2.649833956956731E-004
   5.95056164228571       2.636754861244027E-004
   5.95152234000000       2.623724014021405E-004
   5.95248303771429       2.610741299622234E-004
   5.95344373542857       2.597806600796699E-004
   5.95440443314286       2.584919800430947E-004
   5.95536513085714       2.572080784337065E-004
   5.95632582857143       2.559289436141899E-004
   5.95728652628571       2.546545638929880E-004
   5.95824722400000       2.533849277660347E-004
   5.95920792171429       2.521200237116648E-004
   5.96016861942857       2.508598401248619E-004
   5.96112931714286       2.496043654708249E-004
   5.96209001485714       2.483535883189954E-004
   5.96305071257143       2.471074969926566E-004
   5.96401141028571       2.458660800884315E-004
   5.96497210800000       2.446293260962782E-004
   5.96593280571429       2.433972236091017E-004
   5.96689350342857       2.421697610493517E-004
   5.96785420114286       2.409469270029970E-004
   5.96881489885714       2.397287101137870E-004
   5.96977559657143       2.385150989002890E-004
   5.97073629428571       2.373060818656439E-004
   5.97169699200000       2.361016476717993E-004
   5.97265768971429       2.349017850035564E-004
   5.97361838742857       2.337064823653451E-004
   5.97457908514286       2.325157285080958E-004
   5.97553978285714       2.313295119015356E-004
   5.97650048057143       2.301478213807602E-004
   5.97746117828571       2.289706455283805E-004
   5.97842187600000       2.277979730338405E-004
   5.97938257371429       2.266297926804433E-004
   5.98034327142857       2.254660930401925E-004
   5.98130396914286       2.243068628863263E-004
   5.98226466685714       2.231520910207193E-004
   5.98322536457143       2.220017661292449E-004
   5.98418606228571       2.208558769996807E-004
   5.98514676000000       2.197144123008915E-004
   5.98610745771429       2.185773609425813E-004
   5.98706815542857       2.174447116389055E-004
   5.98802885314286       2.163164531972045E-004
   5.98898955085714       2.151925745271239E-004
   5.98995024857143       2.140730643449670E-004
   5.99091094628571       2.129579115873703E-004
   5.99187164400000       2.118471051167829E-004
   5.99283234171429       2.107406337832143E-004
   5.99379303942857       2.096384864366879E-004
   5.99475373714286       2.085406519278965E-004
   5.99571443485714       2.074471192643886E-004
   5.99667513257143       2.063578773642907E-004
   5.99763583028571       2.052729150454237E-004
   5.99859652800000       2.041922213764669E-004
   5.99955722571429       2.031157853218836E-004
   6.00051792342857       2.020435957409318E-004
   6.00147862114286       2.009756417872661E-004
   6.00243931885714       1.999119122673041E-004
   6.00340001657143       1.988523963084832E-004
   6.00436071428571       1.977970829197444E-004
   6.00532141200000       1.967459610753352E-004
   6.00628210971429       1.956990199102124E-004
   6.00724280742857       1.946562484358122E-004
   6.00820350514286       1.936176357275372E-004
   6.00916420285714       1.925831708976919E-004
   6.01012490057143       1.915528429904015E-004
   6.01108559828571       1.905266412203240E-004
   6.01204629600000       1.895045546256977E-004
   6.01300699371429       1.884865722984643E-004
   6.01396769142857       1.874726835358042E-004
   6.01492838914286       1.864628774144952E-004
   6.01588908685714       1.854571430745559E-004
   6.01684978457143       1.844554697004820E-004
   6.01781048228571       1.834578466170999E-004
   6.01877118000000       1.824642630095658E-004
   6.01973187771429       1.814747079268907E-004
   6.02069257542857       1.804891708330583E-004
   6.02165327314286       1.795076408923940E-004
   6.02261397085714       1.785301073960160E-004
   6.02357466857143       1.775565595207910E-004
   6.02453536628571       1.765869867338441E-004
   6.02549606400000       1.756213781383393E-004
   6.02645676171429       1.746597231871200E-004
   6.02741745942857       1.737020112601740E-004
   6.02837815714286       1.727482315839919E-004
   6.02933885485714       1.717983735141872E-004
   6.03029955257143       1.708524265393892E-004
   6.03126025028571       1.699103799673658E-004
   6.03222094800000       1.689722230958361E-004
   6.03318164571429       1.680379455865098E-004
   6.03414234342857       1.671075365950521E-004
   6.03510304114286       1.661809857516922E-004
   6.03606373885714       1.652582823928477E-004
   6.03702443657143       1.643394160276533E-004
   6.03798513428571       1.634243760834012E-004
   6.03894583200000       1.625131521253667E-004
   6.03990652971429       1.616057336476994E-004
   6.04086722742857       1.607021100915051E-004
   6.04182792514286       1.598022710288520E-004
   6.04278862285714       1.589062060193087E-004
   6.04374932057143       1.580139045800158E-004
   6.04471001828571       1.571253563115757E-004
   6.04567071600000       1.562405507991953E-004
   6.04663141371429       1.553594776312778E-004
   6.04759211142857       1.544821263894675E-004
   6.04855280914286       1.536084867464034E-004
   6.04951350685714       1.527385482911576E-004
   6.05047420457143       1.518723006678161E-004
   6.05143490228571       1.510097335534307E-004
   6.05239560000000       1.501508365973427E-004
   6.05335629771429       1.492955995156355E-004
   6.05431699542857       1.484440120235997E-004
   6.05527769314286       1.475960637956298E-004
   6.05623839085714       1.467517445885000E-004
   6.05719908857143       1.459110441425125E-004
   6.05815978628571       1.450739522010671E-004
   6.05912048400000       1.442404585044990E-004
   6.06008118171429       1.434105528714115E-004
   6.06104187942857       1.425842251345702E-004
   6.06200257714286       1.417614650420967E-004
   6.06296327485714       1.409422623762290E-004
   6.06392397257143       1.401266070291674E-004
   6.06488467028571       1.393144888549987E-004
   6.06584536800000       1.385058976931475E-004
   6.06680606571429       1.377008234662639E-004
   6.06776676342857       1.368992560409784E-004
   6.06872746114286       1.361011852533070E-004
   6.06968815885714       1.353066010931690E-004
   6.07064885657143       1.345154934493105E-004
   6.07160955428571       1.337278522951164E-004
   6.07257025200000       1.329436676385437E-004
   6.07353094971429       1.321629292537991E-004
   6.07449164742857       1.313856273237299E-004
   6.07545234514286       1.306117517773887E-004
   6.07641304285714       1.298412925871800E-004
   6.07737374057143       1.290742398561078E-004
   6.07833443828571       1.283105835513908E-004
   6.07929513600000       1.275503137517593E-004
   6.08025583371429       1.267934204956752E-004
   6.08121653142857       1.260398938572163E-004
   6.08217722914286       1.252897240564725E-004
   6.08313792685714       1.245429010520388E-004
   6.08409862457143       1.237994149590363E-004
   6.08505932228571       1.230592560136933E-004
   6.08602002000000       1.223224142564433E-004
   6.08698071771429       1.215888799413622E-004
   6.08794141542857       1.208586431984274E-004
   6.08890211314286       1.201316941915136E-004
   6.08986281085714       1.194080231658463E-004
   6.09082350857143       1.186876202764751E-004
   6.09178420628571       1.179704758178659E-004
   6.09274490400000       1.172565799956836E-004
   6.09370560171429       1.165459231034557E-004
   6.09466629942857       1.158384953379944E-004
   6.09562699714286       1.151342870815572E-004
   6.09658769485714       1.144332885345710E-004
   6.09754839257143       1.137354900504503E-004
   6.09850909028571       1.130408819139049E-004
   6.09946978800000       1.123494545492973E-004
   6.10043048571429       1.116611982400813E-004
   6.10139118342857       1.109761033351961E-004
   6.10235188114286       1.102941602990539E-004
   6.10331257885714       1.096153594472744E-004
   6.10427327657143       1.089396913010055E-004
   6.10523397428571       1.082671461212341E-004
   6.10619467200000       1.075977143695070E-004
   6.10715536971429       1.069313865606996E-004
   6.10811606742857       1.062681532508800E-004
   6.10907676514286       1.056080046907678E-004
   6.11003746285714       1.049509315245698E-004
   6.11099816057143       1.042969241845188E-004
   6.11195885828571       1.036459732364742E-004
   6.11291955600000       1.029980691978624E-004
   6.11388025371429       1.023532025584904E-004
   6.11484095142857       1.017113640524642E-004
   6.11580164914286       1.010725440603625E-004
   6.11676234685714       1.004367331602087E-004
   6.11772304457143       9.980392214021905E-005
   6.11868374228571       9.917410147275881E-005
   6.11964444000000       9.854726182001934E-005
   6.12060513771429       9.792339382071647E-005
   6.12156583542857       9.730248814219120E-005
   6.12252653314286       9.668453545522982E-005
   6.12348723085714       9.606952644045705E-005
   6.12444792857143       9.545745179291552E-005
   6.12540862628571       9.484830222412505E-005
   6.12636932400000       9.424206847055973E-005
   6.12733002171429       9.363874127052139E-005
   6.12829071942857       9.303831137307726E-005
   6.12925141714286       9.244076955013644E-005
   6.13021211485714       9.184610658680118E-005
   6.13117281257143       9.125431327295330E-005
   6.13213351028571       9.066538043207573E-005
   6.13309420800000       9.007929887803464E-005
   6.13405490571429       8.949605944833242E-005
   6.13501560342857       8.891565300044640E-005
   6.13597630114286       8.833807040753791E-005
   6.13693699885714       8.776330254409997E-005
   6.13789769657143       8.719134030296384E-005
   6.13885839428571       8.662217460190480E-005
   6.13981909200000       8.605579635230124E-005
   6.14077978971429       8.549219649836833E-005
   6.14174048742857       8.493136598765486E-005
   6.14270118514286       8.437329579097570E-005
   6.14366188285714       8.381797689682794E-005
   6.14462258057143       8.326540027727782E-005
   6.14558327828571       8.271555695962550E-005
   6.14654397600000       8.216843795877266E-005
   6.14750467371429       8.162403430487975E-005
   6.14846537142857       8.108233705306616E-005
   6.14942606914286       8.054333726931001E-005
   6.15038676685714       8.000702603428295E-005
   6.15134746457143       7.947339443291872E-005
   6.15230816228571       7.894243358049284E-005
   6.15326886000000       7.841413459589637E-005
   6.15422955771429       7.788848861394314E-005
   6.15519025542857       7.736548678213432E-005
   6.15615095314286       7.684512027436111E-005
   6.15711165085714       7.632738025160274E-005
   6.15807234857143       7.581225791391951E-005
   6.15903304628571       7.529974447687831E-005
   6.15999374400000       7.478983115296451E-005
   6.16095444171429       7.428250917133252E-005
   6.16191513942857       7.377776978488692E-005
   6.16287583714286       7.327560426411388E-005
   6.16383653485714       7.277600388327078E-005
   6.16479723257143       7.227895992681770E-005
   6.16575793028571       7.178446370982071E-005
   6.16671862800000       7.129250655196070E-005
   6.16767932571429       7.080307978841591E-005
   6.16864002342857       7.031617476102586E-005
   6.16960072114286       6.983178282743214E-005
   6.17056141885714       6.934989538184343E-005
   6.17152211657143       6.887050381076776E-005
   6.17248281428571       6.839359951295929E-005
   6.17344351200000       6.791917391772797E-005
   6.17440420971429       6.744721845700209E-005
   6.17536490742857       6.697772458100240E-005
   6.17632560514286       6.651068375097566E-005
   6.17728630285714       6.604608743660635E-005
   6.17824700057143       6.558392714806824E-005
   6.17920769828571       6.512419437236728E-005
   6.18016839600000       6.466688064685441E-005
   6.18112909371429       6.421197749232719E-005
   6.18208979142857       6.375947646574466E-005
   6.18305048914286       6.330936913395965E-005
   6.18401118685714       6.286164706538069E-005
   6.18497188457143       6.241630185922962E-005
   6.18593258228571       6.197332512318568E-005
   6.18689328000000       6.153270847137763E-005
   6.18785397771429       6.109444354775048E-005
   6.18881467542857       6.065852199950036E-005
   6.18977537314286       6.022493548971725E-005
   6.19073607085714       5.979367570584728E-005
   6.19169676857143       5.936473432193773E-005
   6.19265746628571       5.893810305479118E-005
   6.19361816400000       5.851377364008317E-005
   6.19457886171429       5.809173780024520E-005
   6.19553955942857       5.767198727794533E-005
   6.19650025714286       5.725451385526670E-005
   6.19746095485714       5.683930931160193E-005
   6.19842165257143       5.642636542519024E-005
   6.19938235028571       5.601567401350902E-005
   6.20034304800000       5.560722690440696E-005
   6.20130374571429       5.520101594006436E-005
   6.20226444342857       5.479703295037483E-005
   6.20322514114286       5.439526982428935E-005
   6.20418583885714       5.399571843327382E-005
   6.20514653657143       5.359837067323131E-005
   6.20610723428571       5.320321845336456E-005
   6.20706793200000       5.281025369661459E-005
   6.20802862971429       5.241946834920614E-005
   6.20898932742857       5.203085435868313E-005
   6.20995002514286       5.164440368554060E-005
   6.21091072285714       5.126010832631592E-005
   6.21187142057143       5.087796027541154E-005
   6.21283211828571       5.049795153158526E-005
   6.21379281600000       5.012007414210072E-005
   6.21475351371429       4.974432012087586E-005
   6.21571421142857       4.937068155033992E-005
   6.21667490914286       4.899915048273022E-005
   6.21763560685714       4.862971900102481E-005
   6.21859630457143       4.826237921092968E-005
   6.21955700228571       4.789712322559578E-005
   6.22051770000000       4.753394316837189E-005
   6.22147839771429       4.717283117865077E-005
   6.22243909542857       4.681377942139392E-005
   6.22339979314286       4.645678006590330E-005
   6.22436049085714       4.610182529775312E-005
   6.22532118857143       4.574890731636837E-005
   6.22628188628571       4.539801833569984E-005
   6.22724258400000       4.504915058289528E-005
   6.22820328171429       4.470229630807680E-005
   6.22916397942857       4.435744777033980E-005
   6.23012467714286       4.401459723799679E-005
   6.23108537485714       4.367373700413259E-005
   6.23204607257143       4.333485936605914E-005
   6.23300677028571       4.299795663799457E-005
   6.23396746800000       4.266302116312160E-005
   6.23492816571429       4.233004528033188E-005
   6.23588886342857       4.199902134784221E-005
   6.23684956114286       4.166994174490071E-005
   6.23781025885714       4.134279886415051E-005
   6.23877095657143       4.101758511512603E-005
   6.23973165428571       4.069429290033110E-005
   6.24069235200000       4.037291467059367E-005
   6.24165304971429       4.005344286686967E-005
   6.24261374742857       3.973586995222392E-005
   6.24357444514286       3.942018840603755E-005
   6.24453514285714       3.910639071920553E-005
   6.24549584057143       3.879446940339050E-005
   6.24645653828571       3.848441697318946E-005
   6.24741723600000       3.817622597449808E-005
   6.24837793371429       3.786988895521677E-005
   6.24933863142857       3.756539847121191E-005
   6.25029932914286       3.726274711947755E-005
   6.25126002685714       3.696192748311702E-005
   6.25222072457143       3.666293218602498E-005
   6.25318142228571       3.636575383853568E-005
   6.25414212000000       3.607038507925922E-005
   6.25510281771429       3.577681857670631E-005
   6.25606351542857       3.548504698991944E-005
   6.25702421314286       3.519506300015063E-005
   6.25798491085714       3.490685931059709E-005
   6.25894560857143       3.462042862371096E-005
   6.25990630628571       3.433576368588861E-005
   6.26086700400000       3.405285722185445E-005
   6.26182770171429       3.377170199882127E-005
   6.26278839942857       3.349229079196830E-005
   6.26374909714286       3.321461636739050E-005
   6.26470979485714       3.293867154724022E-005
   6.26567049257143       3.266444914345563E-005
   6.26663119028571       3.239194197202051E-005
   6.26759188800000       3.212114289066815E-005
   6.26855258571429       3.185204476425740E-005
   6.26951328342857       3.158464045434407E-005
   6.27047398114286       3.131892285432636E-005
   6.27143467885714       3.105488487838538E-005
   6.27239537657143       3.079251943234373E-005
   6.27335607428571       3.053181946382046E-005
   6.27431677200000       3.027277790719616E-005
   6.27527746971429       3.001538772723929E-005
   6.27623816742857       2.975964190288362E-005
   6.27719886514286       2.950553343805233E-005
   6.27815956285714       2.925305533124293E-005
   6.27912026057143       2.900220060052129E-005
   6.28008095828571       2.875296229273525E-005
   6.28104165600000       2.850533345198511E-005
   6.28200235371429       2.825930714302758E-005
   6.28296305142857       2.801487646089882E-005
   6.28392374914286       2.777203448918564E-005
   6.28488444685714       2.753077433771639E-005
   6.28584514457143       2.729108913784584E-005
   6.28680584228571       2.705297202645471E-005
   6.28776654000000       2.681641616094343E-005
   6.28872723771429       2.658141471851595E-005
   6.28968793542857       2.634796087194147E-005
   6.29064863314286       2.611604782303235E-005
   6.29160933085714       2.588566878915298E-005
   6.29257002857143       2.565681699797412E-005
   6.29353072628571       2.542948570014998E-005
   6.29449142400000       2.520366814596829E-005
   6.29545212171429       2.497935761022108E-005
   6.29641281942857       2.475654738073105E-005
   6.29737351714286       2.453523076883919E-005
   6.29833421485714       2.431540108029084E-005
   6.29929491257143       2.409705166435351E-005
   6.30025561028571       2.388017584980208E-005
   6.30121630800000       2.366476701375962E-005
   6.30217700571429       2.345081852621626E-005
   6.30313770342857       2.323832377871818E-005
   6.30409840114286       2.302727618885840E-005
   6.30505909885714       2.281766916285668E-005
   6.30601979657143       2.260949614671840E-005
   6.30698049428571       2.240275059646978E-005
   6.30794119200000       2.219742596329862E-005
   6.30890188971429       2.199351574743041E-005
   6.30986258742857       2.179101342549340E-005
   6.31082328514286       2.158991252393269E-005
   6.31178398285714       2.139020656138845E-005
   6.31274468057143       2.119188907960678E-005
   6.31370537828571       2.099495363668969E-005
   6.31466607600000       2.079939379524544E-005
   6.31562677371429       2.060520314784344E-005
   6.31658747142857       2.041237529649201E-005
   6.31754816914286       2.022090384705993E-005
   6.31850886685714       2.003078244019457E-005
   6.31946956457143       1.984200471264417E-005
   6.32043026228571       1.965456432606050E-005
   6.32139096000000       1.946845494550155E-005
   6.32235165771429       1.928367027783865E-005
   6.32331235542857       1.910020401905534E-005
   6.32427305314286       1.891804989311435E-005
   6.32523375085714       1.873720162776185E-005
   6.32619444857143       1.855765297037949E-005
   6.32715514628571       1.837939768691038E-005
   6.32811584400000       1.820242955340135E-005
   6.32907654171429       1.802674236908498E-005
   6.33003723942857       1.785232994273412E-005
   6.33099793714286       1.767918609214142E-005
   6.33195863485714       1.750730465801169E-005
   6.33291933257143       1.733667949413628E-005
   6.33388003028571       1.716730447009458E-005
   6.33484072800000       1.699917345797398E-005
   6.33580142571429       1.683228036980824E-005
   6.33676212342857       1.666661911531119E-005
   6.33772282114286       1.650218361399809E-005
   6.33868351885714       1.633896781090921E-005
   6.33964421657143       1.617696567078612E-005
   6.34060491428571       1.601617116190062E-005
   6.34156561200000       1.585657826377270E-005
   6.34252630971429       1.569818098996732E-005
   6.34348700742857       1.554097334941328E-005
   6.34444770514286       1.538494937642710E-005
   6.34540840285714       1.523010312821322E-005
   6.34636910057143       1.507642864973191E-005
   6.34732979828571       1.492392002097112E-005
   6.34829049600000       1.477257134449582E-005
   6.34925119371429       1.462237671861823E-005
   6.35021189142857       1.447333026451881E-005
   6.35117258914286       1.432542611857348E-005
   6.35213328685714       1.417865843680566E-005
   6.35309398457143       1.403302138711710E-005
   6.35405468228571       1.388850913375416E-005
   6.35501538000000       1.374511589384014E-005
   6.35597607771429       1.360283586885908E-005
   6.35693677542857       1.346166328635937E-005
   6.35789747314286       1.332159238880119E-005
   6.35885817085714       1.318261742076448E-005
   6.35981886857143       1.304473266708736E-005
   6.36077956628571       1.290793240913924E-005
   6.36174026400000       1.277221094590592E-005
   6.36270096171429       1.263756259539412E-005
   6.36366165942857       1.250398168524434E-005
   6.36462235714286       1.237146256804580E-005
   6.36558305485714       1.223999960064691E-005
   6.36654375257143       1.210958714849872E-005
   6.36750445028571       1.198021962065714E-005
   6.36846514800000       1.185189140430602E-005
   6.36942584571429       1.172459692867822E-005
   6.37038654342857       1.159833062954171E-005
   6.37134724114286       1.147308695342391E-005
   6.37230793885714       1.134886037306523E-005
   6.37326863657143       1.122564535939529E-005
   6.37422933428571       1.110343641182364E-005
   6.37519003200000       1.098222804167436E-005
   6.37615072971429       1.086201476602554E-005
   6.37711142742857       1.074279113901451E-005
   6.37807212514286       1.062455171089894E-005
   6.37903282285714       1.050729103884725E-005
   6.37999352057143       1.039100372637665E-005
   6.38095421828571       1.027568436366069E-005
   6.38191491600000       1.016132756294786E-005
   6.38287561371429       1.004792796251141E-005
   6.38383631142857       9.935480196276813E-006
   6.38479700914286       9.823978930780178E-006
   6.38575770685714       9.713418843113794E-006
   6.38671840457143       9.603794618364751E-006
   6.38767910228571       9.495100963844030E-006
   6.38863980000000       9.387332597950187E-006
   6.38960049771429       9.280484255032440E-006
   6.39056119542857       9.174550686357419E-006
   6.39152189314286       9.069526656133706E-006
   6.39248259085714       8.965406942122276E-006
   6.39344328857143       8.862186341708805E-006
   6.39440398628571       8.759859661812858E-006
   6.39536468400000       8.658421729015471E-006
   6.39632538171429       8.557867382223781E-006
   6.39728607942857       8.458191475769032E-006
   6.39824677714286       8.359388879308447E-006
   6.39920747485714       8.261454477040929E-006
   6.40016817257143       8.164383169436996E-006
   6.40112887028571       8.068169870543070E-006
   6.40208956800000       7.972809509377372E-006
   6.40305026571429       7.878297031342588E-006
   6.40401096342857       7.784627395054277E-006
   6.40497166114286       7.691795575040176E-006
   6.40593235885714       7.599796561797994E-006
   6.40689305657143       7.508625359217974E-006
   6.40785375428571       7.418276986563385E-006
   6.40881445200000       7.328746478721173E-006
   6.40977514971429       7.240028884330039E-006
   6.41073584742857       7.152119268687305E-006
   6.41169654514286       7.065012711780250E-006
   6.41265724285714       6.978704306889424E-006
   6.41361794057143       6.893189164498686E-006
   6.41457863828571       6.808462408151915E-006
   6.41553933600000       6.724519177581971E-006
   6.41650003371429       6.641354628233544E-006
   6.41746073142857       6.558963928855713E-006
   6.41842142914286       6.477342263939923E-006
   6.41938212685714       6.396484833124462E-006
   6.42034282457143       6.316386850975986E-006
   6.42130352228571       6.237043547085731E-006
   6.42226422000000       6.158450166054326E-006
   6.42322491771429       6.080601967424939E-006
   6.42418561542857       6.003494225926608E-006
   6.42514631314286       5.927122230774925E-006
   6.42610701085714       5.851481286140058E-006
   6.42706770857143       5.776566713224116E-006
   6.42802840628571       5.702373844728502E-006
   6.42898910400000       5.628898032175119E-006
   6.42994980171429       5.556134638418734E-006
   6.43091049942857       5.484079044393912E-006
   6.43187119714286       5.412726644612611E-006
   6.43283189485714       5.342072848024392E-006
   6.43379259257143       5.272113079958062E-006
   6.43475329028571       5.202842780475075E-006
   6.43571398800000       5.134257404066284E-006
   6.43667468571429       5.066352420391505E-006
   6.43763538342857       4.999123314013396E-006
   6.43859608114286       4.932565584622700E-006
   6.43955677885714       4.866674747672450E-006
   6.44051747657143       4.801446332777036E-006
   6.44147817428571       4.736875884316138E-006
   6.44243887200000       4.672958963813007E-006
   6.44339956971429       4.609691144507746E-006
   6.44436026742857       4.547068016674246E-006
   6.44532096514286       4.485085185942175E-006
   6.44628166285714       4.423738271543178E-006
   6.44724236057143       4.363022908542840E-006
   6.44820305828571       4.302934747346862E-006
   6.44916375600000       4.243469453558798E-006
   6.45012445371429       4.184622707137385E-006
   6.45108515142857       4.126390201151784E-006
   6.45204584914286       4.068767648850147E-006
   6.45300654685714       4.011750772863150E-006
   6.45396724457143       3.955335315438037E-006
   6.45492794228571       3.899517029641032E-006
   6.45588864000000       3.844291687584755E-006
   6.45684933771429       3.789655073868155E-006
   6.45781003542857       3.735602988341455E-006
   6.45877073314286       3.682131247709947E-006
   6.45973143085714       3.629235680856739E-006
   6.46069212857143       3.576912133300559E-006
   6.46165282628571       3.525156466911510E-006
   6.46261352400000       3.473964556081987E-006
   6.46357422171429       3.423332291368893E-006
   6.46453491942857       3.373255578121090E-006
   6.46549561714286       3.323730337733665E-006
   6.46645631485714       3.274752504844589E-006
   6.46741701257143       3.226318030427354E-006
   6.46837771028571       3.178422880127859E-006
   6.46933840800000       3.131063035018619E-006
   6.47029910571429       3.084234490396066E-006
   6.47125980342857       3.037933256688673E-006
   6.47222050114286       2.992155360984638E-006
   6.47318119885714       2.946896843080273E-006
   6.47414189657143       2.902153758035653E-006
   6.47510259428571       2.857922178844822E-006
   6.47606329200000       2.814198189857397E-006
   6.47702398971429       2.770977893335976E-006
   6.47798468742857       2.728257403903305E-006
   6.47894538514286       2.686032853276712E-006
   6.47990608285714       2.644300387493213E-006
   6.48086678057143       2.603056167082123E-006
   6.48182747828571       2.562296369263583E-006
   6.48278817600000       2.522017184725219E-006
   6.48374887371429       2.482214819043947E-006
   6.48470957142857       2.442885494964225E-006
   6.48567026914286       2.404025447647059E-006
   6.48663096685714       2.365630928505750E-006
   6.48759166457143       2.327698203744483E-006
   6.48855236228571       2.290223555473143E-006
   6.48951306000000       2.253203279998506E-006
   6.49047375771429       2.216633688571280E-006
   6.49143445542857       2.180511107389276E-006
   6.49239515314286       2.144831878160021E-006
   6.49335585085714       2.109592358295086E-006
   6.49431654857143       2.074788918785413E-006
   6.49527724628571       2.040417945898143E-006
   6.49623794400000       2.006475842466386E-006
   6.49719864171429       1.972959024352010E-006
   6.49815933942857       1.939863923093343E-006
   6.49912003714286       1.907186986611124E-006
   6.50008073485714       1.874924675108450E-006
   6.50104143257143       1.843073467329453E-006
   6.50200213028571       1.811629854944147E-006
   6.50296282800000       1.780590343782788E-006
   6.50392352571429       1.749951456655386E-006
   6.50488422342857       1.719709730116290E-006
   6.50584492114286       1.689861716918201E-006
   6.50680561885714       1.660403984401306E-006
   6.50776631657143       1.631333113707490E-006
   6.50872701428571       1.602645703448761E-006
   6.50968771200000       1.574338364690681E-006
   6.51064840971429       1.546407725499955E-006
   6.51160910742857       1.518850427865476E-006
   6.51256980514286       1.491663128826261E-006
   6.51353050285714       1.464842501118880E-006
   6.51449120057143       1.438385232984845E-006
   6.51545189828571       1.412288025478140E-006
   6.51641259600000       1.386547597525996E-006
   6.51737329371429       1.361160681157143E-006
   6.51833399142857       1.336124023455231E-006
   6.51929468914286       1.311434388253342E-006
   6.52025538685714       1.287088551840361E-006
   6.52121608457143       1.263083308253409E-006
   6.52217678228571       1.239415465081779E-006
   6.52313748000000       1.216081844380576E-006
   6.52409817771429       1.193079284974877E-006
   6.52505887542857       1.170404638858387E-006
   6.52601957314286       1.148054774555886E-006
   6.52698027085714       1.126026575205058E-006
   6.52794096857143       1.104316938620902E-006
   6.52890166628571       1.082922777600354E-006
   6.52986236400000       1.061841020469573E-006
   6.53082306171429       1.041068610746751E-006
   6.53178375942857       1.020602506036660E-006
   6.53274445714286       1.000439679631277E-006
   6.53370515485714       9.805771207519355E-007
   6.53466585257143       9.610118315573513E-007
   6.53562655028571       9.417408308258514E-007
   6.53658724800000       9.227611520183637E-007
   6.53754794571429       9.040698434598310E-007
   6.53850864342857       8.856639687448747E-007
   6.53946934114286       8.675406063516522E-007
   6.54043003885714       8.496968498112712E-007
   6.54139073657143       8.321298077405640E-007
   6.54235143428571       8.148366037720036E-007
   6.54331213200000       7.978143765951162E-007
   6.54427282971429       7.810602799063303E-007
   6.54523352742857       7.645714824811060E-007
   6.54619422514286       7.483451680763137E-007
   6.54715492285714       7.323785354529574E-007
   6.54811562057143       7.166687986341841E-007
   6.54907631828571       7.012131864775030E-007
   6.55003701600000       6.860089428920835E-007
   6.55099771371429       6.710533268648382E-007
   6.55195841142857       6.563436124798679E-007
   6.55291910914286       6.418770887700670E-007
   6.55387980685714       6.276510598099404E-007
   6.55484050457143       6.136628447941197E-007
   6.55580120228571       5.999097778830772E-007
   6.55676190000000       5.863892082577008E-007
   6.55772259771429       5.730985001850370E-007
   6.55868329542857       5.600350329976796E-007
   6.55964399314286       5.471962009408094E-007
   6.56060469085714       5.345794134328519E-007
   6.56156538857143       5.221820948805316E-007
   6.56252608628571       5.100016847976398E-007
   6.56348678400000       4.980356375316325E-007
   6.56444748171429       4.862814226126545E-007
   6.56540817942857       4.747365246943333E-007
   6.56636887714286       4.633984433414589E-007
   6.56732957485714       4.522646931150134E-007
   6.56829027257143       4.413328036582823E-007
   6.56925097028571       4.306003197772498E-007
   6.57021166800000       4.200648010365277E-007
   6.57117236571429       4.097238223613982E-007
   6.57213306342857       3.995749734935103E-007
   6.57309376114286       3.896158592473253E-007
   6.57405445885714       3.798440995063133E-007
   6.57501515657143       3.702573292692125E-007
   6.57597585428571       3.608531983935115E-007
   6.57693655200000       3.516293718230291E-007
   6.57789724971429       3.425835296521311E-007
   6.57885794742857       3.337133669523352E-007
   6.57981864514286       3.250165937502129E-007
   6.58077934285714       3.164909350817181E-007
   6.58174004057143       3.081341312671741E-007
   6.58270073828571       2.999439373504170E-007
   6.58366143600000       2.919181235753523E-007
   6.58462213371429       2.840544751606965E-007
   6.58558283142857       2.763507925047703E-007
   6.58654352914286       2.688048908657990E-007
   6.58750422685714       2.614146005763401E-007
   6.58846492457143       2.541777670544453E-007
   6.58942562228571       2.470922506839587E-007
   6.59038632000000       2.401559268853729E-007
   6.59134701771429       2.333666861697629E-007
   6.59230771542857       2.267224340901051E-007
   6.59326841314286       2.202210911020402E-007
   6.59422911085714       2.138605926944611E-007
   6.59518980857143       2.076388896922767E-007
   6.59615050628571       2.015539475691595E-007
   6.59711120400000       1.956037470181101E-007
   6.59807190171429       1.897862838010276E-007
   6.59903259942857       1.840995685350844E-007
   6.59999329714286       1.785416270626747E-007
   6.60095399485714       1.731105001080248E-007
   6.60191469257143       1.678042434981716E-007
   6.60287539028571       1.626209281868938E-007
   6.60383608800000       1.575586398238316E-007
   6.60479678571429       1.526154794340002E-007
   6.60575748342857       1.477895629633364E-007
   6.60671818114286       1.430790212950004E-007
   6.60767887885714       1.384820004922582E-007
   6.60863957657143       1.339966615304630E-007
   6.60960027428571       1.296211804542584E-007
   6.61056097200000       1.253537483187240E-007
   6.61152166971429       1.211925712256987E-007
   6.61248236742857       1.171358703444240E-007
   6.61344306514286       1.131818817272195E-007
   6.61440376285714       1.093288565738170E-007
   6.61536446057143       1.055750611985133E-007
   6.61632515828571       1.019187766643843E-007
   6.61728585600000       9.835829934560708E-008
   6.61824655371429       9.489194043447039E-008
   6.61920725142857       9.151802626632206E-008
   6.62016794914286       8.823489816240227E-008
   6.62112864685714       8.504091249069394E-008
   6.62208934457143       8.193444062139849E-008
   6.62305004228571       7.891386895955643E-008
   6.62401074000000       7.597759893802429E-008
   6.62497143771429       7.312404700603516E-008
   6.62593213542857       7.035164463055511E-008
   6.62689283314286       6.765883830307476E-008
   6.62785353085714       6.504408954504093E-008
   6.62881422857143       6.250587488823754E-008
   6.62977492628571       6.004268591044322E-008
   6.63073562400000       5.765302917916998E-008
   6.63169632171429       5.533542630961198E-008
   6.63265701942857       5.308841394081588E-008
   6.63361771714286       5.091054372857310E-008
   6.63457841485714       4.880038233670649E-008
   6.63553911257143       4.675651147548100E-008
   6.63649981028571       4.477752785794196E-008
   6.63746050800000       4.286204320749206E-008
   6.63842120571429       4.100868429155976E-008
   6.63938190342857       3.921609288163996E-008
   6.64034260114286       3.748292576272937E-008
   6.64130329885714       3.580785475030757E-008
   6.64226399657143       3.418956667376972E-008
   6.64322469428571       3.262676339378405E-008
   6.64418539200000       3.111816177860873E-008
   6.64514608971429       2.966249372964547E-008
   6.64610678742857       2.825850614773706E-008
   6.64706748514286       2.690496096414172E-008
   6.64802818285714       2.560063513019633E-008
   6.64898888057143       2.434432060677174E-008
   6.64994957828571       2.313482436490093E-008
   6.65091027600000       2.197096839429693E-008
   6.65187097371429       2.085158971743479E-008
   6.65283167142857       1.977554035254002E-008
   6.65379236914286       1.874168733688665E-008
   6.65475306685714       1.774891273552528E-008
   6.65571376457143       1.679611361559447E-008
   6.65667446228571       1.588220208449904E-008
   6.65763516000000       1.500610525492602E-008
   6.65859585771429       1.416676524127364E-008
   6.65955655542857       1.336313917823135E-008
   6.66051725314286       1.259419922006030E-008
   6.66147795085714       1.185893253249035E-008
   6.66243864857143       1.115634128555822E-008
   6.66339934628571       1.048544266570739E-008
   6.66436004400000       9.845268884163570E-009
   6.66532074171429       9.234867143421220E-009
   6.66628143942857       8.653299673350248E-009
   6.66724213714286       8.099643719021948E-009
   6.66820283485714       7.572991538114967E-009
   6.66916353257143       7.072450399923329E-009
   6.67012423028571       6.597142584869869E-009
   6.67108492800000       6.146205382805702E-009
   6.67204562571429       5.718791093943879E-009
   6.67300632342857       5.314067028661488E-009
   6.67396702114286       4.931215506713755E-009
   6.67492771885714       4.569433858152345E-009
   6.67588841657143       4.227934421564027E-009
   6.67684911428571       3.905944542971035E-009
   6.67780981200000       3.602706579966672E-009
   6.67877050971429       3.317477902874037E-009
   6.67973120742857       3.049530894442197E-009
   6.68069190514286       2.798152946677716E-009
   6.68165260285714       2.562646457096908E-009
   6.68261330057143       2.342328832119108E-009
   6.68357399828571       2.136532485578986E-009
   6.68453469600000       1.944604836207270E-009
   6.68549539371429       1.765908309991982E-009
   6.68645609142857       1.599820340070469E-009
   6.68741678914286       1.445733364285543E-009
   6.68837748685714       1.303054826600562E-009
   6.68933818457143       1.171207176574321E-009
   6.69029888228571       1.049627871001587E-009
   6.69125958000000       9.377693816093284E-010
   6.69222027771429       8.350991822447795E-010
   6.69318097542857       7.410997523489528E-010
   6.69414167314286       6.552685759181055E-010
   6.69510237085714       5.771181402874817E-010
   6.69606306857143       5.061759366187858E-010
   6.69702376628571       4.419844594125373E-010
   6.69798446400000       3.841012061148477E-010
   6.69894516171429       3.320986770814029E-010
   6.69990585942857       2.855643751624858E-010
   6.70086655714286       2.441008056001320E-010
   6.70182725485714       2.073254765208379E-010
   6.70278795257143       1.748709047898972E-010
   6.70374865028571       1.463846118203633E-010
   6.70470934800000       1.215291204454973E-010
   6.70567004571429       9.998195450006770E-011
   6.70663074342857       8.143563841970411E-011
   6.70759144114286       6.559769718758848E-011
   6.70855213885714       5.219065605550688E-011
   6.70951283657143       4.095204021173241E-011
   6.71047353428571       3.163437457186614E-011
   6.71143423200000       2.400518347871154E-011
   6.71239492971429       1.784699050188105E-011
   6.71335562742857       1.295731826646801E-011
   6.71431632514286       9.148692659151468E-012
   6.71527702285714       6.248643909836380E-012
   6.71623772057143       4.099700888794402E-012
   6.71719841828571       2.559390198415054E-012
   6.71815911600000       1.500236870281016E-012
   6.71911981371429       8.097605773498373E-013
   6.72008051142857       3.904877209528445E-013
   6.72104120914286       1.599107132948354E-013
   6.72200190685714       5.061158880508244E-014
   6.72296260457143       9.914706955568980E-015
   6.72392330228571       7.359189423778890E-016
   6.72488400000000       0.000000000000000E+000
